step,timestamp,phase,ctc_loss,aux_loss,cer,grad_norm,throughput_aud_s_per_s,lr
1,1790841232.0806456,0 (CTC Warmup),2.1915,0.0,0.5867,0.0,6.2,0.0
25,1790841263.45541,0 (CTC Warmup),1.6815,0.0,0.5409,0.0,42.0,6.000000000000001e-08
50,1790841301.436342,0 (CTC Warmup),1.7145,0.0,0.4997,0.0,66.3,1.2000000000000002e-07
75,1790841341.4723973,0 (CTC Warmup),1.7177,0.0,0.3809,0.0,127.3,1.8e-07
100,1790841376.9376535,0 (CTC Warmup),1.6466,0.0,0.4803,1.771,103.4,2.5000000000000004e-07
125,1790841413.0984132,0 (CTC Warmup),1.4663,0.0,0.2582,0.0,58.5,3.1000000000000005e-07
150,1790841448.5185106,0 (CTC Warmup),1.6004,0.0,0.3862,0.0,80.1,3.7e-07
175,1790841484.9033735,0 (CTC Warmup),1.5958,0.0,0.4518,0.0,84.2,4.3e-07
200,1790841523.5545075,0 (CTC Warmup),1.5356,0.0,0.3292,1.901,82.4,5.000000000000001e-07
225,1790841561.5442407,0 (CTC Warmup),1.4988,0.0,0.2597,0.0,53.4,5.6e-07
250,1790841598.2217596,0 (CTC Warmup),1.3387,0.0,0.2335,0.0,57.9,6.200000000000001e-07
275,1790841633.248255,0 (CTC Warmup),1.3839,0.0,0.4363,0.0,81.4,6.800000000000001e-07
300,1790841673.7425013,0 (CTC Warmup),1.3449,0.0,0.2953,1.151,126.4,7.5e-07
325,1790841708.5710495,0 (CTC Warmup),1.3985,0.0,0.4627,0.0,55.1,8.100000000000001e-07
350,1790841745.1171453,0 (CTC Warmup),1.4817,0.0,0.364,0.0,72.3,8.7e-07
375,1790841779.8556223,0 (CTC Warmup),1.3808,0.0,0.3159,0.0,112.0,9.300000000000001e-07
400,1790841816.4531047,0 (CTC Warmup),1.4686,0.0,0.4005,1.2,132.9,1.0000000000000002e-06
425,1790841853.7164493,0 (CTC Warmup),1.3547,0.0,0.4648,0.0,65.1,1.06e-06
450,1790841889.9926577,0 (CTC Warmup),1.4183,0.0,0.303,0.0,72.9,1.12e-06
475,1790841924.0200953,0 (CTC Warmup),1.3501,0.0,0.3308,0.0,137.5,1.1800000000000001e-06
500,1790841957.3506951,0 (CTC Warmup),1.3928,0.0,0.4777,1.318,137.2,1.25e-06
525,1790841995.6571991,0 (CTC Warmup),1.2569,0.0,0.3065,0.0,54.8,1.3100000000000002e-06
550,1790842028.2065692,0 (CTC Warmup),1.2826,0.0,0.2163,0.0,76.6,1.3700000000000002e-06
575,1790842063.7105322,0 (CTC Warmup),1.239,0.0,0.2655,0.0,73.7,1.43e-06
600,1790842098.419372,0 (CTC Warmup),1.237,0.0,0.2503,1.055,143.6,1.5e-06
625,1790842133.917689,0 (CTC Warmup),1.2276,0.0,0.3707,0.0,66.6,1.56e-06
650,1790842170.9367838,0 (CTC Warmup),1.1897,0.0,0.4033,0.0,66.6,1.6200000000000002e-06
675,1790842208.4432812,0 (CTC Warmup),1.1893,0.0,0.3165,0.0,109.0,1.6800000000000002e-06
700,1790842243.0094068,0 (CTC Warmup),1.2524,0.0,0.2845,1.084,39.7,1.75e-06
725,1790842275.198944,0 (CTC Warmup),1.2543,0.0,0.3813,0.0,57.2,1.81e-06
750,1790842312.4074607,0 (CTC Warmup),1.3777,0.0,0.5586,0.0,67.6,1.87e-06
775,1790842346.0002525,0 (CTC Warmup),1.2092,0.0,0.2307,0.0,72.1,1.93e-06
800,1790842380.5195694,0 (CTC Warmup),1.3051,0.0,0.3176,1.222,112.0,2.0000000000000003e-06
825,1790842415.093804,0 (CTC Warmup),1.2398,0.0,0.3104,0.0,119.8,2.06e-06
850,1790842447.6672168,0 (CTC Warmup),1.1999,0.0,0.2379,0.0,75.4,2.12e-06
875,1790842484.8776784,0 (CTC Warmup),1.2338,0.0,0.3672,0.0,81.2,2.1800000000000003e-06
900,1790842519.4843743,0 (CTC Warmup),1.1535,0.0,0.3864,0.877,119.8,2.25e-06
925,1790842552.9405224,0 (CTC Warmup),1.2104,0.0,0.365,0.0,58.4,2.3100000000000003e-06
950,1790842586.5788357,0 (CTC Warmup),1.0863,0.0,0.151,0.0,36.5,2.37e-06
975,1790842621.543491,0 (CTC Warmup),1.0673,0.0,0.3663,0.0,114.8,2.43e-06
1000,1790842653.5797682,0 (CTC Warmup),1.201,0.0,0.263,0.939,142.4,2.5e-06
1025,1790842696.94796,0 (CTC Warmup),1.2926,0.0,0.3355,0.0,102.0,2.56e-06
1050,1790842728.1146595,0 (CTC Warmup),1.2194,0.0,0.4331,0.0,62.4,2.6200000000000003e-06
1075,1790842765.3898604,0 (CTC Warmup),1.1509,0.0,0.3895,0.0,90.9,2.68e-06
1100,1790842795.4966738,0 (CTC Warmup),1.1819,0.0,0.2863,0.991,119.7,2.7500000000000004e-06
1125,1790842829.11939,0 (CTC Warmup),1.147,0.0,0.4435,0.0,79.3,2.8100000000000006e-06
1150,1790842860.758887,0 (CTC Warmup),1.2087,0.0,0.2813,0.0,69.1,2.87e-06
1175,1790842894.7201002,0 (CTC Warmup),1.3074,0.0,0.5094,0.0,96.8,2.93e-06
1200,1790842929.4571786,0 (CTC Warmup),1.1425,0.0,0.3014,1.006,144.4,3e-06
1225,1790842958.9931793,0 (CTC Warmup),1.0817,0.0,0.1572,0.0,67.5,3.0600000000000003e-06
1250,1790842991.963586,0 (CTC Warmup),1.1914,0.0,0.3191,0.0,89.0,3.12e-06
1275,1790843026.4770834,0 (CTC Warmup),1.2104,0.0,0.333,0.0,90.6,3.1800000000000005e-06
1300,1790843063.2644715,0 (CTC Warmup),1.1859,0.0,0.2783,1.219,166.3,3.2500000000000002e-06
1325,1790843094.6250305,0 (CTC Warmup),1.1271,0.0,0.3477,0.0,76.3,3.3100000000000005e-06
1350,1790843128.3659947,0 (CTC Warmup),1.1834,0.0,0.3272,0.0,77.6,3.3700000000000003e-06
1375,1790843160.5672462,0 (CTC Warmup),1.1742,0.0,0.3916,0.0,85.5,3.4300000000000006e-06
1400,1790843192.6411462,0 (CTC Warmup),1.2298,0.0,0.2984,1.175,155.5,3.5e-06
1425,1790843227.1305687,0 (CTC Warmup),1.1225,0.0,0.3215,0.0,67.2,3.5600000000000002e-06
1450,1790843257.4230962,0 (CTC Warmup),1.0606,0.0,0.1454,0.0,54.8,3.62e-06
1475,1790843290.420615,0 (CTC Warmup),1.14,0.0,0.3656,0.0,97.4,3.6800000000000003e-06
1500,1790843323.3107812,0 (CTC Warmup),1.0812,0.0,0.2171,0.94,188.0,3.7500000000000005e-06
1525,1790843359.2810707,0 (CTC Warmup),1.0825,0.0,0.2349,0.0,75.8,3.8100000000000004e-06
1550,1790843389.6745389,0 (CTC Warmup),1.1949,0.0,0.2635,0.0,68.1,3.87e-06
1575,1790843422.2943084,0 (CTC Warmup),1.1763,0.0,0.3352,0.0,96.1,3.9300000000000005e-06
1600,1790843453.4021907,0 (CTC Warmup),1.0418,0.0,0.2646,1.082,164.3,4.000000000000001e-06
1625,1790843486.2021794,0 (CTC Warmup),1.0479,0.0,0.1382,0.0,47.7,4.060000000000001e-06
1650,1790843519.5496907,0 (CTC Warmup),1.1163,0.0,0.2307,0.0,87.6,4.12e-06
1675,1790843552.5161462,0 (CTC Warmup),1.1785,0.0,0.3099,0.0,128.8,4.18e-06
1700,1790843584.1606226,0 (CTC Warmup),1.0664,0.0,0.1429,0.937,91.0,4.25e-06
1725,1790843616.1364164,0 (CTC Warmup),1.0883,0.0,0.3495,0.0,66.9,4.31e-06
1750,1790843649.811292,0 (CTC Warmup),1.1409,0.0,0.3296,0.0,84.1,4.3700000000000005e-06
1775,1790843680.244656,0 (CTC Warmup),1.2046,0.0,0.4201,0.0,91.8,4.430000000000001e-06
1800,1790843712.2176147,0 (CTC Warmup),1.2308,0.0,0.2458,1.5,127.4,4.5e-06
1825,1790843745.764487,0 (CTC Warmup),1.1432,0.0,0.6182,0.0,21.1,4.56e-06
1850,1790843780.4207017,0 (CTC Warmup),1.0891,0.0,0.3103,0.0,13.4,4.620000000000001e-06
1875,1790843808.379082,0 (CTC Warmup),1.0741,0.0,0.2126,0.0,121.9,4.680000000000001e-06
1900,1790843841.0914195,0 (CTC Warmup),1.2063,0.0,0.3064,1.12,204.8,4.75e-06
1925,1790843871.875848,0 (CTC Warmup),1.0667,0.0,0.2672,0.0,70.5,4.8100000000000005e-06
1950,1790843902.03283,0 (CTC Warmup),1.0781,0.0,0.3388,0.0,66.1,4.87e-06
1975,1790843936.992825,0 (CTC Warmup),1.0715,0.0,0.2607,0.0,121.2,4.93e-06
2000,1790843966.8316996,0 (CTC Warmup),1.203,0.0,0.2858,1.317,187.1,5e-06
2025,1790844003.5569832,4A (Hard Routing),1.1671,8.5877,0.4105,0.0,86.3,5.060000000000001e-06
2050,1790844031.8346076,4A (Hard Routing),1.2367,8.3705,0.4633,0.0,72.0,5.12e-06
2075,1790844067.8794649,4A (Hard Routing),1.0922,8.2635,0.2622,0.0,72.7,5.18e-06
2100,1790844095.0226762,4A (Hard Routing),1.1271,8.2296,0.2331,1.017,167.3,5.2500000000000006e-06
2125,1790844126.8857462,4A (Hard Routing),1.0244,8.1541,0.3296,0.0,48.9,5.310000000000001e-06
2150,1790844156.48114,4A (Hard Routing),1.1614,8.0756,0.3677,0.0,72.5,5.370000000000001e-06
2175,1790844186.3144372,4A (Hard Routing),1.1412,8.0804,0.2913,0.0,114.3,5.4300000000000005e-06
2200,1790844219.93553,4A (Hard Routing),1.1044,8.0686,0.2043,1.01,194.8,5.500000000000001e-06
2225,1790844248.5769463,4A (Hard Routing),1.0681,8.079,0.268,0.0,60.6,5.560000000000001e-06
2250,1790844279.2473867,4A (Hard Routing),1.132,8.0385,0.2421,0.0,85.9,5.620000000000001e-06
2275,1790844311.8413453,4A (Hard Routing),1.0544,8.0271,0.2919,0.0,94.3,5.68e-06
2300,1790844344.9893193,4A (Hard Routing),0.9974,8.0254,0.2121,0.989,180.3,5.75e-06
2325,1790844373.069998,4A (Hard Routing),1.0714,8.0295,0.2197,0.0,45.5,5.81e-06
2350,1790844403.7444394,4A (Hard Routing),1.1242,8.0296,0.4051,0.0,91.2,5.8700000000000005e-06
2375,1790844434.376786,4A (Hard Routing),1.0601,8.0089,0.3122,0.0,111.2,5.93e-06
2400,1790844464.3049965,4A (Hard Routing),1.0047,8.0086,0.2324,1.011,145.2,6e-06
2425,1790844497.4150424,4A (Hard Routing),1.0939,8.056,0.2238,0.0,61.5,6.0600000000000004e-06
2450,1790844527.9674108,4A (Hard Routing),1.167,8.0202,0.3615,0.0,91.2,6.120000000000001e-06
2475,1790844558.2243712,4A (Hard Routing),1.1853,8.0196,0.23,0.0,110.9,6.18e-06
2500,1790844588.563524,4A (Hard Routing),1.111,8.0233,0.3657,1.428,132.4,6.25e-06
2525,1790844621.5694954,4A (Hard Routing),1.1635,8.0123,0.3379,0.0,48.8,6.3100000000000006e-06
2550,1790844649.6207225,4A (Hard Routing),0.9821,8.0089,0.1849,0.0,83.3,6.370000000000001e-06
2575,1790844680.2779891,4A (Hard Routing),1.0034,8.0073,0.2834,0.0,123.2,6.43e-06
2600,1790844712.1510704,4A (Hard Routing),1.0104,8.0361,0.3417,1.037,42.9,6.5000000000000004e-06
2625,1790844740.464998,4A (Hard Routing),1.0518,8.0114,0.3437,0.0,80.3,6.560000000000001e-06
2650,1790844773.7875574,4A (Hard Routing),1.0778,8.0287,0.3905,0.0,74.4,6.620000000000001e-06
2675,1790844805.5104225,4A (Hard Routing),1.0545,8.0062,0.3845,0.0,111.7,6.680000000000001e-06
2700,1790844834.9699476,4A (Hard Routing),1.0444,8.0325,0.2264,0.974,158.8,6.750000000000001e-06
2725,1790844864.3240166,4A (Hard Routing),1.0456,8.0141,0.3329,0.0,78.1,6.810000000000001e-06
2750,1790844898.572609,4A (Hard Routing),1.2641,8.0631,0.5352,0.0,64.6,6.870000000000001e-06
2775,1790844926.5668309,4A (Hard Routing),1.049,8.0386,0.3732,0.0,94.3,6.93e-06
2800,1790844957.0597496,4A (Hard Routing),1.0439,8.0184,0.2082,0.917,139.2,7e-06
2825,1790844985.6663446,4A (Hard Routing),1.0587,8.0163,0.3389,0.0,57.4,7.06e-06
2850,1790845016.5846362,4A (Hard Routing),1.0902,8.0124,0.2164,0.0,68.4,7.1200000000000004e-06
2875,1790845047.9096172,4A (Hard Routing),1.169,8.0134,0.4562,0.0,78.4,7.180000000000001e-06
2900,1790845078.7075295,4A (Hard Routing),1.0459,8.0215,0.1979,1.089,167.6,7.25e-06
2925,1790845108.1626642,4A (Hard Routing),1.1278,8.04,0.316,0.0,85.8,7.31e-06
2950,1790845137.7094266,4A (Hard Routing),0.9995,8.0126,0.3417,0.0,95.1,7.370000000000001e-06
2975,1790845169.9862747,4A (Hard Routing),0.9877,8.0191,0.2298,0.0,105.9,7.430000000000001e-06
3000,1790845196.7289095,4A (Hard Routing),1.1074,8.0401,0.3743,0.964,151.2,7.500000000000001e-06
3025,1790845230.3668518,4A (Hard Routing),1.0595,8.0203,0.3803,0.0,78.8,7.5600000000000005e-06
3050,1790845259.349319,4A (Hard Routing),1.0342,8.0112,0.3729,0.0,90.2,7.620000000000001e-06
3075,1790845288.1220965,4A (Hard Routing),1.0735,8.0182,0.2895,0.0,132.9,7.680000000000001e-06
3100,1790845319.3126707,4A (Hard Routing),1.0526,8.0226,0.279,1.274,164.9,7.75e-06
3125,1790845348.8941088,4A (Hard Routing),0.9885,8.011,0.2866,0.0,122.3,7.810000000000001e-06
3150,1790845378.6375153,4A (Hard Routing),0.9796,8.038,0.2754,0.0,33.1,7.870000000000001e-06
3175,1790845405.3791575,4A (Hard Routing),1.1039,8.016,0.2702,0.0,113.7,7.93e-06
3200,1790845438.6852868,4A (Hard Routing),1.047,8.0016,0.2171,1.109,162.3,8.000000000000001e-06
3225,1790845466.2935956,4A (Hard Routing),0.9628,8.0105,0.2544,0.0,58.2,8.06e-06
3250,1790845496.8969054,4A (Hard Routing),1.1077,8.0289,0.4327,0.0,85.1,8.120000000000002e-06
3275,1790845525.4135818,4A (Hard Routing),1.0018,8.015,0.1594,0.0,136.8,8.18e-06
3300,1790845555.432893,4A (Hard Routing),0.9484,8.0144,0.1562,1.108,224.1,8.25e-06
3325,1790845585.7872508,4A (Hard Routing),1.0471,8.0357,0.2094,0.0,60.9,8.31e-06
3350,1790845616.0012894,4A (Hard Routing),1.1043,8.0672,0.496,0.0,161.6,8.370000000000001e-06
3375,1790845645.1796305,4A (Hard Routing),0.9198,8.0043,0.1812,0.0,28.6,8.43e-06
3400,1790845672.6612272,4A (Hard Routing),0.964,8.0132,0.1556,0.881,176.9,8.5e-06
3425,1790845704.6496637,4A (Hard Routing),1.0257,8.0272,0.2691,0.0,82.1,8.560000000000001e-06
3450,1790845731.0797637,4A (Hard Routing),1.0559,8.0249,0.344,0.0,78.2,8.62e-06
3475,1790845760.870343,4A (Hard Routing),1.0551,8.0189,0.337,0.0,115.4,8.68e-06
3500,1790845791.0836449,4A (Hard Routing),1.0157,8.0212,0.2411,1.198,168.9,8.750000000000001e-06
3525,1790845824.77363,4A (Hard Routing),0.9937,8.0144,0.3576,0.0,11.5,8.81e-06
3550,1790845849.9899032,4A (Hard Routing),1.1804,8.0131,0.3636,0.0,97.4,8.870000000000001e-06
3575,1790845880.5222561,4A (Hard Routing),1.0931,8.014,0.2169,0.0,108.3,8.930000000000001e-06
3600,1790845907.7737966,4A (Hard Routing),1.0909,8.0391,0.3635,1.283,172.4,9e-06
3625,1790845935.017694,4A (Hard Routing),1.0691,8.0138,0.2663,0.0,73.5,9.060000000000001e-06
3650,1790845967.3516064,4A (Hard Routing),1.0544,8.0074,0.1657,0.0,114.2,9.12e-06
3675,1790845992.9204273,4A (Hard Routing),0.9582,8.0068,0.2964,0.0,107.9,9.180000000000002e-06
3700,1790846023.3653994,4A (Hard Routing),0.9936,8.0427,0.2353,0.931,123.2,9.250000000000001e-06
3725,1790846052.66106,4A (Hard Routing),1.0837,8.032,0.3051,0.0,77.5,9.31e-06
3750,1790846085.7695398,4A (Hard Routing),1.004,8.0235,0.2163,0.0,105.2,9.370000000000002e-06
3775,1790846111.399412,4A (Hard Routing),1.0105,8.0126,0.1975,0.0,90.3,9.43e-06
3800,1790846140.3495147,4A (Hard Routing),1.0158,8.0343,0.2782,1.087,249.5,9.5e-06
3825,1790846168.5334656,4A (Hard Routing),1.0642,8.0157,0.2691,0.0,87.3,9.56e-06
3850,1790846198.82224,4A (Hard Routing),0.9386,8.0262,0.3546,0.0,67.6,9.620000000000001e-06
3875,1790846226.888711,4A (Hard Routing),1.0118,8.0141,0.3052,0.0,148.4,9.68e-06
3900,1790846257.0931432,4A (Hard Routing),1.0004,8.0134,0.1565,1.168,321.3,9.75e-06
3925,1790846285.6919982,4A (Hard Routing),0.9939,8.0112,0.1508,0.0,16.4,9.810000000000001e-06
3950,1790846312.2847893,4A (Hard Routing),0.9591,8.0212,0.2385,0.0,90.9,9.87e-06
3975,1790846344.5885239,4A (Hard Routing),1.1011,8.0316,0.2397,0.0,120.6,9.930000000000001e-06
4000,1790846370.440581,4A (Hard Routing),1.0504,8.0039,0.2328,1.347,121.8,1e-05
4025,1790846402.6662471,4A (Hard Routing),1.0815,8.0469,0.2702,0.0,62.3,9.999999417494313e-06
4050,1790846432.013375,4A (Hard Routing),1.0914,8.0195,0.1845,0.0,103.0,9.999997669977387e-06
4075,1790846460.5588105,4A (Hard Routing),1.0437,8.0085,0.1142,0.0,138.1,9.999994757449629e-06
4100,1790846490.1605103,4A (Hard Routing),0.9754,8.0091,0.1276,1.153,117.8,9.999989887057254e-06
4125,1790846519.451413,4A (Hard Routing),1.1217,8.0202,0.3553,0.0,72.8,9.999984450342051e-06
4150,1790846547.0783272,4A (Hard Routing),1.0354,8.0173,0.4163,0.0,158.9,9.999977848619096e-06
4175,1790846574.3190413,4A (Hard Routing),0.9755,8.0071,0.2852,0.0,103.5,9.999970081889928e-06
4200,1790846607.6594443,4A (Hard Routing),1.0145,8.017,0.1844,1.556,123.4,9.999959548269919e-06
4225,1790846633.1354077,4A (Hard Routing),0.9318,8.0541,0.1763,0.0,67.3,9.999949257367191e-06
4250,1790846661.059246,4A (Hard Routing),0.9511,8.013,0.1761,0.0,77.5,9.999937801464914e-06
4275,1790846691.8342335,4A (Hard Routing),0.9823,8.0241,0.2558,0.0,134.4,9.999925180565755e-06
4300,1790846719.959237,4A (Hard Routing),1.0747,8.0383,0.2833,1.213,237.4,9.999908983760725e-06
4325,1790846749.7296848,4A (Hard Routing),1.0583,8.0307,0.281,0.0,95.2,9.999893838712102e-06
4350,1790846780.1617427,4A (Hard Routing),1.1274,8.0025,0.2354,0.0,93.8,9.999877528676842e-06
4375,1790846808.4862306,4A (Hard Routing),1.0903,8.0097,0.1741,0.0,127.1,9.999860053658744e-06
4400,1790846836.110961,4A (Hard Routing),0.8939,8.0132,0.1237,1.089,141.1,9.99983819373421e-06
4425,1790846867.6444228,4A (Hard Routing),0.9855,8.0037,0.144,0.0,61.8,9.999818194600959e-06
4450,1790846893.6824803,4A (Hard Routing),1.0127,8.0149,0.2368,0.0,47.7,9.999797030498692e-06
4475,1790846921.6053603,4A (Hard Routing),1.0188,8.0306,0.37,0.0,128.8,9.999774701432345e-06
4500,1790846952.266874,4A (Hard Routing),1.006,8.0266,0.2769,1.07,125.8,9.999747178476736e-06
4525,1790846982.871375,4A (Hard Routing),0.9734,8.0264,0.1742,0.0,60.5,9.999722325339753e-06
4550,1790847008.1696496,4A (Hard Routing),0.9952,8.0018,0.3086,0.0,66.1,9.999696307256097e-06
4575,1790847037.0852492,4A (Hard Routing),0.9342,8.0019,0.2839,0.0,154.8,9.999669124231824e-06
4600,1790847067.2206976,4A (Hard Routing),1.0965,8.0326,0.2639,1.385,166.0,9.999635938356476e-06
4625,1790847101.3226292,4A (Hard Routing),1.0993,8.0443,0.2792,0.0,9.7,9.999606231316298e-06
4650,1790847125.3151352,4A (Hard Routing),0.9258,8.0286,0.2086,0.0,95.4,9.999575359356494e-06
4675,1790847153.5923188,4A (Hard Routing),1.0699,8.0627,0.2464,0.0,133.7,9.99954332248426e-06
4700,1790847180.3545725,4A (Hard Routing),1.016,8.0106,0.1257,0.982,152.6,9.999504473823413e-06
4725,1790847207.4958143,4A (Hard Routing),1.0413,8.0251,0.2545,0.0,67.2,9.99946991300021e-06
4750,1790847238.7914062,4A (Hard Routing),0.947,8.0084,0.3439,0.0,96.0,9.999434187289145e-06
4775,1790847263.6842418,4A (Hard Routing),0.9368,8.0177,0.1432,0.0,104.6,9.999397296698541e-06
4800,1790847292.275206,4A (Hard Routing),1.0156,8.0476,0.3925,1.081,120.3,9.999352785409345e-06
4825,1790847320.271716,4A (Hard Routing),0.9727,8.026,0.2057,0.0,126.2,9.999313370942924e-06
4850,1790847352.400809,4A (Hard Routing),1.0229,8.0062,0.3306,0.0,100.1,9.999272791625111e-06
4875,1790847376.2815902,4A (Hard Routing),0.9741,8.0364,0.2052,0.0,103.0,9.999231047465367e-06
4900,1790847404.2296422,4A (Hard Routing),1.0377,8.017,0.4034,1.333,199.7,9.999180873727881e-06
4925,1790847432.8333194,4A (Hard Routing),0.9006,8.0499,0.1909,0.0,109.2,9.999136605777678e-06
4950,1790847460.1920068,4A (Hard Routing),0.9388,8.0015,0.2761,0.0,106.0,9.999091173017272e-06
4975,1790847490.5618353,4A (Hard Routing),1.0113,8.0053,0.2163,0.0,119.8,9.99904457545725e-06
5000,1790847519.8704643,4A (Hard Routing),0.9786,8.0101,0.1973,1.097,195.2,9.998988739474433e-06
5025,1790847553.1330867,4A (Hard Routing),1.1522,8.0716,0.4868,0.0,118.6,9.99893961821952e-06
5050,1790847581.3332229,4A (Hard Routing),1.0736,8.0175,0.1581,0.0,102.2,9.998889332200301e-06
5075,1790847611.3791943,4A (Hard Routing),1.0729,8.0098,0.2602,0.0,132.4,9.998837881428498e-06
5100,1790847640.0045223,4A (Hard Routing),0.9889,8.013,0.227,1.068,28.2,9.998776383426217e-06
5125,1790847664.8292565,4A (Hard Routing),1.0861,8.0166,0.46,0.0,102.1,9.998722409065295e-06
5150,1790847691.7238076,4A (Hard Routing),1.0834,8.0273,0.5246,0.0,116.5,9.998667269990682e-06
5175,1790847721.629496,4A (Hard Routing),1.0564,8.0032,0.1902,0.0,136.8,9.998610966215225e-06
5200,1790847744.7762072,4A (Hard Routing),0.9499,8.0356,0.3138,0.969,152.5,9.99854380644225e-06
5225,1790847772.9475439,4A (Hard Routing),1.0769,8.1339,0.3779,0.0,94.6,9.99848497919366e-06
5250,1790847799.4625845,4A (Hard Routing),1.0209,8.0162,0.3321,0.0,117.1,9.998424987286699e-06
5275,1790847827.251591,4A (Hard Routing),1.0734,8.0189,0.2219,0.0,139.5,9.998363830735345e-06
5300,1790847856.9413085,4A (Hard Routing),0.9516,8.007,0.264,1.569,200.5,9.99829100946335e-06
5325,1790847881.259928,4A (Hard Routing),0.9318,8.0433,0.2967,0.0,112.1,9.998227329565057e-06
5350,1790847912.5031354,4A (Hard Routing),0.982,8.014,0.291,0.0,122.6,9.998162485068426e-06
5375,1790847936.3034625,4A (Hard Routing),0.9687,8.0226,0.2729,0.0,105.9,9.998096475988565e-06
5400,1790847968.1770594,4A (Hard Routing),0.9647,8.0295,0.2108,1.16,197.4,9.998017993512123e-06
5425,1790847992.0489893,4A (Hard Routing),1.0134,8.0312,0.191,0.0,80.4,9.997949461221724e-06
5450,1790848019.2869494,4A (Hard Routing),0.9604,8.0164,0.2591,0.0,75.3,9.99787976439773e-06
5475,1790848048.500744,4A (Hard Routing),1.025,8.0263,0.2336,0.0,62.2,9.99780890305638e-06
5500,1790848080.0481505,4A (Hard Routing),1.0362,7.9952,0.2737,0.992,23.0,9.99772475969297e-06
5525,1790848102.0160515,4A (Hard Routing),0.98,8.0018,0.3317,0.0,73.0,9.997651375287688e-06
5550,1790848129.9691758,4A (Hard Routing),1.0019,8.0364,0.0843,0.0,96.6,9.997576826418268e-06
5575,1790848155.5880046,4A (Hard Routing),0.9919,8.0111,0.2794,0.0,123.6,9.997501113102076e-06
5600,1790848183.2163043,4A (Hard Routing),0.9879,8.0228,0.2325,0.93,106.0,9.99741130919207e-06
5625,1790848213.0325294,4A (Hard Routing),1.045,8.0244,0.2618,0.0,94.2,9.99733307296876e-06
5650,1790848236.1147523,4A (Hard Routing),0.9489,8.0118,0.1681,0.0,89.1,9.997253672355476e-06
5675,1790848263.4523323,4A (Hard Routing),0.8822,8.0118,0.2439,0.0,131.5,9.997173107370717e-06
5700,1790848291.9937155,4A (Hard Routing),0.8592,8.005,0.1674,1.127,213.7,9.997077643277388e-06
5725,1790848324.9799652,4A (Hard Routing),0.9665,8.0319,0.1789,0.0,102.8,9.996994555552528e-06
5750,1790848347.6834056,4A (Hard Routing),0.9772,8.0076,0.3313,0.0,90.2,9.99691030351657e-06
5775,1790848375.367442,4A (Hard Routing),1.0428,8.009,0.2616,0.0,143.1,9.996824887189142e-06
5800,1790848402.2779953,4A (Hard Routing),0.9872,8.0145,0.3226,1.161,143.6,9.996723763298662e-06
5825,1790848430.2518766,4A (Hard Routing),0.9327,8.0361,0.2904,0.0,97.3,9.996635824408358e-06
5850,1790848459.5242274,4A (Hard Routing),0.9939,8.0193,0.1401,0.0,83.7,9.99654672129054e-06
5875,1790848485.9538648,4A (Hard Routing),0.967,8.0273,0.2561,0.0,147.5,9.996456453965968e-06
5900,1790848511.1603703,4A (Hard Routing),0.8708,8.0355,0.209,0.964,142.2,9.996349670687398e-06
5925,1790848539.1339707,4A (Hard Routing),0.9932,8.0252,0.4453,0.0,66.5,9.996256880987377e-06
5950,1790848570.4236178,4A (Hard Routing),1.0154,8.0078,0.2966,0.0,89.2,9.996162927148136e-06
5975,1790848593.2835753,4A (Hard Routing),1.0796,8.0369,0.3087,0.0,125.7,9.99606780919157e-06
6000,1790848620.404797,4A (Hard Routing),0.9105,8.0107,0.2718,0.919,85.9,9.995955366956866e-06
6025,1790848653.7431426,4A (Hard Routing),0.9965,8.0886,0.3103,0.0,132.5,9.99585772682248e-06
6050,1790848675.9574747,4A (Hard Routing),1.0036,8.0178,0.2081,0.0,97.0,9.995758922641878e-06
6075,1790848704.816522,4A (Hard Routing),1.1453,8.0578,0.4199,0.0,149.4,9.995658954438084e-06
6100,1790848732.5743876,4A (Hard Routing),0.9412,8.0017,0.2319,1.157,207.7,9.995540853702097e-06
6125,1790848757.86967,4A (Hard Routing),0.9226,8.0181,0.3022,0.0,96.7,9.995438363528318e-06
6150,1790848783.5816092,4A (Hard Routing),1.0267,8.0065,0.2567,0.0,113.8,9.995334709406033e-06
6175,1790848815.5662594,4A (Hard Routing),0.8956,8.0259,0.3097,0.0,126.2,9.9952298913594e-06
6200,1790848838.5285578,4A (Hard Routing),1.0558,8.0416,0.2574,1.121,137.9,9.995106132599869e-06
6225,1790848865.905217,4A (Hard Routing),0.9384,8.0025,0.1973,0.0,102.6,9.994998792801286e-06
6250,1790848893.5575666,4A (Hard Routing),0.9362,8.0366,0.3759,0.0,125.3,9.99489028915662e-06
6275,1790848919.318016,4A (Hard Routing),0.9691,8.0016,0.1509,0.0,138.4,9.994780621691156e-06
6300,1790848948.804426,4A (Hard Routing),0.997,8.0325,0.1571,1.107,180.7,9.994651205408705e-06
6325,1790848973.2180748,4A (Hard Routing),0.954,8.0515,0.1203,0.0,35.8,9.99453901641953e-06
6350,1790848999.3094976,4A (Hard Routing),0.9743,8.0273,0.2296,0.0,99.5,9.994425663691399e-06
6375,1790849026.9562013,4A (Hard Routing),0.9577,8.0067,0.2887,0.0,80.9,9.994311147250725e-06
6400,1790849056.829797,4A (Hard Routing),1.0202,8.0276,0.2084,1.434,131.8,9.99417607396887e-06
6425,1790849080.5372255,4A (Hard Routing),1.0038,8.0093,0.2483,0.0,108.5,9.994059036242921e-06
6450,1790849107.7636755,4A (Hard Routing),1.004,8.0014,0.3262,0.0,67.5,9.993940834889856e-06
6475,1790849135.2327356,4A (Hard Routing),0.9605,8.0065,0.226,0.0,108.1,9.993821469937216e-06
6500,1790849167.7028399,4A (Hard Routing),0.9613,8.0131,0.1626,1.129,25.7,9.993680740202349e-06
6525,1790849189.737693,4A (Hard Routing),1.0533,8.0149,0.2352,0.0,112.6,9.99355885421307e-06
6550,1790849216.251355,4A (Hard Routing),0.9448,8.023,0.2068,0.0,142.9,9.993435804713217e-06
6575,1790849241.2175822,4A (Hard Routing),0.9874,8.0426,0.1497,0.0,123.5,9.993311591731462e-06
6600,1790849267.6429088,4A (Hard Routing),1.0382,8.015,0.3025,1.068,95.2,9.993165206112857e-06
6625,1790849297.2361307,4A (Hard Routing),1.0095,8.03,0.3741,0.0,78.8,9.993038472353298e-06
6650,1790849320.1189365,4A (Hard Routing),0.9941,8.0159,0.3734,0.0,126.2,9.992910575204412e-06
6675,1790849347.1975338,4A (Hard Routing),0.8463,8.0212,0.1973,0.0,161.6,9.992781514696006e-06
6700,1790849373.0519426,4A (Hard Routing),0.9464,8.007,0.2836,1.182,215.1,9.992629473785825e-06
6725,1790849407.5269089,4A (Hard Routing),1.0079,8.0517,0.3012,0.0,9.6,9.992497892768642e-06
6750,1790849429.8127954,4A (Hard Routing),0.9962,8.0068,0.1534,0.0,75.4,9.992365148488095e-06
6775,1790849454.5157988,4A (Hard Routing),0.8917,8.0158,0.1432,0.0,181.4,9.992231240975107e-06
6800,1790849480.7802107,4A (Hard Routing),0.9907,8.0107,0.2348,1.313,213.7,9.992073545388379e-06
6825,1790849507.4010448,4A (Hard Routing),0.9979,8.0171,0.2614,0.0,45.4,9.991937117645844e-06
6850,1790849537.16225,4A (Hard Routing),1.052,8.073,0.4566,0.0,94.3,9.991799526770605e-06
6875,1790849560.7286613,4A (Hard Routing),0.9618,8.0204,0.3266,0.0,149.0,9.99166077279472e-06
6900,1790849587.559733,4A (Hard Routing),1.0343,8.0488,0.2602,1.202,182.7,9.991497423169352e-06
6925,1790849613.4620242,4A (Hard Routing),1.0066,7.9948,0.2513,0.0,97.3,9.99135614925334e-06
6950,1790849645.4388754,4A (Hard Routing),0.9123,8.0628,0.2686,0.0,183.3,9.99121371233999e-06
6975,1790849667.54798,4A (Hard Routing),0.978,8.0365,0.2672,0.0,107.7,9.991070112462488e-06
7000,1790849693.7372797,4A (Hard Routing),0.9315,8.0116,0.2746,1.041,155.7,9.990901109459258e-06
7025,1790849724.6221824,4A (Hard Routing),1.0928,8.0612,0.5429,0.0,91.0,9.990754989941244e-06
7050,1790849750.3563402,4A (Hard Routing),0.9914,8.0246,0.308,0.0,113.4,9.990607707565965e-06
7075,1790849776.382755,4A (Hard Routing),1.061,8.0079,0.1954,0.0,146.9,9.990459262367737e-06
7100,1790849799.8484714,4A (Hard Routing),0.988,8.0106,0.29,1.118,132.1,9.990284606670294e-06
7125,1790849826.1912847,4A (Hard Routing),0.8799,8.0123,0.3446,0.0,79.7,9.990133642141359e-06
7150,1790849852.6091292,4A (Hard Routing),1.0834,8.0342,0.2317,0.0,98.3,9.989981514899933e-06
7175,1790849885.8970819,4A (Hard Routing),0.9067,8.0182,0.3531,0.0,259.5,9.989828224981465e-06
7200,1790849908.29624,4A (Hard Routing),1.0831,8.0145,0.2162,1.343,155.1,9.989647917296318e-06
7225,1790849934.5858252,4A (Hard Routing),0.9858,8.0061,0.3127,0.0,75.1,9.989492108367142e-06
7250,1790849959.607871,4A (Hard Routing),1.0662,8.0452,0.3941,0.0,109.1,9.989335136874954e-06
7275,1790849985.1831226,4A (Hard Routing),0.9203,8.0568,0.2659,0.0,116.1,9.989177002856329e-06
7300,1790850013.89928,4A (Hard Routing),0.977,8.0818,0.2369,1.278,134.3,9.988991043912857e-06
7325,1790850039.854698,4A (Hard Routing),1.0056,8.0364,0.4867,0.0,132.1,9.988830391213714e-06
7350,1790850064.6546862,4A (Hard Routing),1.1015,8.0048,0.2726,0.0,137.6,9.988668576105738e-06
7375,1790850089.7380228,4A (Hard Routing),0.9974,8.0116,0.2899,0.0,159.5,9.988505598626637e-06
7400,1790850119.2772846,4A (Hard Routing),0.8753,8.0102,0.3968,1.011,158.2,9.988313989177076e-06
7425,1790850141.0001862,4A (Hard Routing),0.925,8.0211,0.2364,0.0,81.6,9.988148493357833e-06
7450,1790850167.0453236,4A (Hard Routing),1.119,8.003,0.343,0.0,138.4,9.987981835288644e-06
7475,1790850193.4423916,4A (Hard Routing),0.8717,8.0171,0.2145,0.0,102.7,9.987814015008339e-06
7500,1790850218.4362578,4A (Hard Routing),0.9227,7.997,0.2469,1.22,161.4,9.987616755827785e-06
7525,1790850246.5687509,4A (Hard Routing),0.9832,8.0229,0.3089,0.0,88.6,9.987446417557903e-06
7550,1790850272.5854323,4A (Hard Routing),1.0774,8.0655,0.4217,0.0,105.8,9.987274917201659e-06
7575,1790850298.4166226,4A (Hard Routing),1.031,8.0389,0.3367,0.0,132.5,9.987102254799013e-06
7600,1790850322.9476688,4A (Hard Routing),0.9474,8.0288,0.2831,1.051,215.0,9.986899346685413e-06
7625,1790850352.6142404,4A (Hard Routing),1.0836,8.0594,0.4777,0.0,110.8,9.98672416665394e-06
7650,1790850374.3377278,4A (Hard Routing),0.8056,8.0146,0.1211,0.0,111.5,9.986547824704392e-06
7675,1790850400.2422645,4A (Hard Routing),0.9847,8.0061,0.387,0.0,146.7,9.986370320877857e-06
7700,1790850426.3969612,4A (Hard Routing),0.9444,8.0425,0.2425,1.22,342.6,9.98616176465201e-06
7725,1790850450.4715447,4A (Hard Routing),0.9167,8.0278,0.2489,0.0,95.1,9.98598174356758e-06
7750,1790850479.004589,4A (Hard Routing),0.9184,8.0133,0.1843,0.0,81.6,9.985800560738061e-06
7775,1790850505.4257932,4A (Hard Routing),1.0122,8.0346,0.2806,0.0,24.8,9.98561821620567e-06
7800,1790850527.396112,4A (Hard Routing),1.0917,8.0325,0.2653,1.29,102.3,9.985404012711222e-06
7825,1790850552.654505,4A (Hard Routing),0.8796,8.0103,0.2384,0.0,109.9,9.985219151302054e-06
7850,1790850582.8375332,4A (Hard Routing),0.9305,8.0228,0.2726,0.0,77.3,9.985033128325482e-06
7875,1790850605.395242,4A (Hard Routing),0.936,8.028,0.2791,0.0,121.7,9.98484594382485e-06
7900,1790850631.2524924,4A (Hard Routing),0.9307,8.0374,0.3108,0.951,160.8,9.984626093928295e-06
7925,1790850657.0813496,4A (Hard Routing),1.0806,8.0194,0.2476,0.0,62.8,9.984436392942183e-06
7950,1790850680.3543224,4A (Hard Routing),1.0475,8.0264,0.4395,0.0,137.1,9.984245530571053e-06
7975,1790850707.9571338,4A (Hard Routing),0.9694,8.0254,0.2644,0.0,131.3,9.984053506859377e-06
8000,1790850731.2421157,4A (Hard Routing),0.9753,8.0333,0.161,1.122,177.0,9.983828011450045e-06
8025,1790850762.1067712,4A (Hard Routing),0.9982,8.0241,0.5077,0.0,118.8,9.983633471654365e-06
8050,1790850788.075409,4A (Hard Routing),0.9309,8.0165,0.3118,0.0,124.2,9.98343777066075e-06
8075,1790850816.6155117,4A (Hard Routing),0.7991,8.0195,0.2076,0.0,118.5,9.983240908514797e-06
8100,1790850838.6647468,4A (Hard Routing),0.921,8.005,0.2007,1.302,167.0,9.983009768504857e-06
8125,1790850865.8537786,4A (Hard Routing),0.8434,8.0043,0.2151,0.0,108.7,9.982810390686557e-06
8150,1790850890.2990391,4A (Hard Routing),0.9059,8.0496,0.3132,0.0,127.1,9.9826098518621e-06
8175,1790850919.699909,4A (Hard Routing),0.9071,8.0212,0.2854,0.0,166.7,9.982408152078213e-06
8200,1790850941.6087193,4A (Hard Routing),0.9509,8.0103,0.2536,1.076,177.6,9.982171368402667e-06
8225,1790850966.273071,4A (Hard Routing),1.0139,8.0056,0.2339,0.0,88.9,9.981967153368266e-06
8250,1790850994.188437,4A (Hard Routing),1.0082,8.0103,0.2786,0.0,127.6,9.981761777524187e-06
8275,1790851019.6438015,4A (Hard Routing),1.0139,8.0293,0.2666,0.0,126.3,9.981555240918277e-06
8300,1790851046.61386,4A (Hard Routing),1.0103,8.0568,0.2804,1.184,183.8,9.981312814534956e-06
8325,1790851068.5862958,4A (Hard Routing),1.0125,8.0188,0.5637,0.0,69.5,9.98110376311054e-06
8350,1790851095.241037,4A (Hard Routing),0.9005,8.0303,0.2132,0.0,41.1,9.980893551077615e-06
8375,1790851120.601292,4A (Hard Routing),0.9604,8.0358,0.3575,0.0,183.7,9.980682178485161e-06
8400,1790851147.8106081,4A (Hard Routing),0.9102,8.0378,0.1977,1.098,265.9,9.980434110374725e-06
8425,1790851169.2784958,4A (Hard Routing),0.9772,8.0305,0.2713,0.0,91.1,9.980220223405944e-06
8450,1790851195.023871,4A (Hard Routing),0.9118,8.0255,0.2744,0.0,124.8,9.980005176034519e-06
8475,1790851221.5022852,4A (Hard Routing),0.9796,8.0154,0.2639,0.0,168.1,9.97978896831056e-06
8500,1790851251.8425677,4A (Hard Routing),0.8484,8.0154,0.234,1.066,212.5,9.979535259476487e-06
8525,1790851272.1430438,4A (Hard Routing),1.0218,8.0333,0.4321,0.0,69.4,9.979316537828549e-06
8550,1790851297.0955694,4A (Hard Routing),0.9208,8.0178,0.1737,0.0,109.7,9.979096655988532e-06
8575,1790851322.5466464,4A (Hard Routing),0.9415,8.021,0.319,0.0,135.7,9.978875614007665e-06
8600,1790851348.3988118,4A (Hard Routing),0.9514,8.0473,0.1912,0.96,182.7,9.978616265476253e-06
8625,1790851374.5407922,4A (Hard Routing),0.9262,8.0196,0.1685,0.0,85.4,9.978392710033929e-06
8650,1790851400.1257064,4A (Hard Routing),0.8606,8.0916,0.2558,0.0,18.6,9.978167994614778e-06
8675,1790851421.0053387,4A (Hard Routing),0.9481,8.0483,0.2015,0.0,125.0,9.977942119271158e-06
8700,1790851446.6683137,4A (Hard Routing),0.9684,8.0289,0.2569,1.387,201.5,9.977677132091517e-06
8725,1790851476.84878,4A (Hard Routing),1.0396,8.0529,0.4909,0.0,122.2,9.977448743759126e-06
8750,1790851497.8949344,4A (Hard Routing),0.9416,8.0248,0.1926,0.0,132.8,9.977219195669856e-06
8775,1790851523.1038237,4A (Hard Routing),0.8994,8.0326,0.3746,0.0,117.4,9.976988487877188e-06
8800,1790851548.8137124,4A (Hard Routing),1.0087,8.0237,0.3784,1.158,258.6,9.976717863121239e-06
8825,1790851571.9140224,4A (Hard Routing),0.9932,8.0438,0.2832,0.0,92.7,9.976484642822655e-06
8850,1790851598.567818,4A (Hard Routing),1.0093,8.0444,0.2741,0.0,127.5,9.976250262991827e-06
8875,1790851621.1487184,4A (Hard Routing),0.9534,8.0079,0.2949,0.0,165.1,9.976014723683367e-06
8900,1790851648.5303404,4A (Hard Routing),1.0277,8.0148,0.3085,1.234,39.8,9.975738462445834e-06
8925,1790851671.4492848,4A (Hard Routing),1.0445,8.0081,0.248,0.0,82.5,9.975500411124473e-06
8950,1790851700.6470215,4A (Hard Routing),1.0237,8.0068,0.1947,0.0,120.8,9.975261200500194e-06
8975,1790851721.8909526,4A (Hard Routing),1.004,8.0282,0.2287,0.0,156.0,9.975020830628741e-06
9000,1790851747.4763958,4A (Hard Routing),0.871,8.0307,0.2213,1.305,168.0,9.97473893402715e-06
9025,1790851780.4797127,4A (Hard Routing),1.1218,8.037,0.4269,0.0,86.7,9.97449605264597e-06
9050,1790851803.5577145,4A (Hard Routing),1.0597,8.0226,0.2271,0.0,15.4,9.974252012195893e-06
9075,1790851827.0334153,4A (Hard Routing),1.0011,8.0115,0.214,0.0,144.7,9.974006812733782e-06
9100,1790851852.9957848,4A (Hard Routing),0.975,8.0093,0.2113,1.168,167.3,9.973719281908455e-06
9125,1790851873.932057,4A (Hard Routing),1.0428,8.0555,0.2773,0.0,96.0,9.973471571449956e-06
9150,1790851897.9946334,4A (Hard Routing),0.9073,8.0162,0.2768,0.0,122.0,9.973222702161267e-06
9175,1790851927.6082048,4A (Hard Routing),0.8733,8.0191,0.1445,0.0,131.9,9.972972674100374e-06
9200,1790851949.340837,4A (Hard Routing),0.8546,8.0573,0.2668,1.107,147.6,9.972679510214425e-06
9225,1790851974.7779927,4A (Hard Routing),0.886,8.0005,0.3432,0.0,82.2,9.97242697168064e-06
9250,1790851997.4221585,4A (Hard Routing),1.0022,8.0277,0.3229,0.0,136.0,9.972173274560057e-06
9275,1790852023.4320018,4A (Hard Routing),0.8636,8.0051,0.1998,0.0,139.8,9.971918418911792e-06
9300,1790852049.8464751,4A (Hard Routing),0.8555,8.0444,0.1316,1.043,184.2,9.971619623151118e-06
9325,1790852074.1256475,4A (Hard Routing),0.9078,8.0613,0.214,0.0,101.8,9.971362257563609e-06
9350,1790852099.3171935,4A (Hard Routing),0.901,8.0117,0.2276,0.0,119.1,9.971103733637386e-06
9375,1790852123.233653,4A (Hard Routing),0.8098,8.0006,0.2488,0.0,209.3,9.970844051432682e-06
9400,1790852150.5587535,4A (Hard Routing),0.935,8.0103,0.2344,1.203,213.2,9.970539625005966e-06
9425,1790852171.1120174,4A (Hard Routing),0.9208,8.0137,0.2351,0.0,92.6,9.970277433405824e-06
9450,1790852196.3094347,4A (Hard Routing),0.9475,8.0241,0.2346,0.0,129.9,9.970014083719733e-06
9475,1790852220.3084347,4A (Hard Routing),0.9073,8.0054,0.1476,0.0,63.9,9.969749576009053e-06
9500,1790852247.4715495,4A (Hard Routing),0.9189,8.0381,0.3599,1.256,181.8,9.969439520147754e-06
9525,1790852273.6844542,4A (Hard Routing),0.9813,8.0122,0.281,0.0,137.3,9.96917250359559e-06
9550,1790852294.2790442,4A (Hard Routing),1.0295,8.0219,0.3462,0.0,100.4,9.968904329214926e-06
9575,1790852318.57248,4A (Hard Routing),0.9558,8.0304,0.1994,0.0,150.6,9.96863499706825e-06
9600,1790852342.2662137,4A (Hard Routing),0.8984,8.0287,0.2794,0.947,191.0,9.9683193130266e-06
9625,1790852372.6078901,4A (Hard Routing),0.9,7.9959,0.206,0.0,11.6,9.968047472602541e-06
9650,1790852392.1467898,4A (Hard Routing),1.0186,8.05,0.4086,0.0,133.3,9.96777447461212e-06
9675,1790852416.6043243,4A (Hard Routing),0.9864,8.0528,0.353,0.0,158.6,9.967500319118945e-06
9700,1790852439.656795,4A (Hard Routing),0.8617,8.0098,0.2461,1.02,140.7,9.96717900817394e-06
9725,1790852462.7152054,4A (Hard Routing),0.9301,8.0222,0.2232,0.0,81.3,9.966902344977632e-06
9750,1790852490.435213,4A (Hard Routing),0.9359,8.0177,0.3116,0.0,79.3,9.966624524481775e-06
9775,1790852515.992978,4A (Hard Routing),0.9421,8.0179,0.1926,0.0,21.2,9.966345546751109e-06
9800,1790852536.6656923,4A (Hard Routing),1.0309,8.0215,0.2283,1.133,145.7,9.96601861020251e-06
9825,1790852561.1214688,4A (Hard Routing),1.001,8.0674,0.3595,0.0,74.1,9.965737125353102e-06
9850,1790852590.0427384,4A (Hard Routing),1.0075,8.0454,0.3604,0.0,148.5,9.965454483475646e-06
9875,1790852611.1537313,4A (Hard Routing),0.935,8.0353,0.1923,0.0,107.5,9.965170684636001e-06
9900,1790852635.6250715,4A (Hard Routing),0.8992,8.046,0.1314,1.282,175.5,9.964838123806322e-06
9925,1790852659.471224,4A (Hard Routing),0.9823,8.0024,0.1312,0.0,80.5,9.964551818442472e-06
9950,1790852682.73779,4A (Hard Routing),0.8762,8.0413,0.104,0.0,113.8,9.964264356326754e-06
9975,1790852709.082898,4A (Hard Routing),0.8242,8.0332,0.2104,0.0,163.6,9.963975737526146e-06
10000,1790852733.843626,4A (Hard Routing),0.9785,8.0166,0.1309,1.095,250.6,9.963637553760658e-06
10025,1790852762.6350787,4A (Hard Routing),0.806,8.0515,0.0938,0.0,115.4,9.963346429040518e-06
10050,1790852785.6139014,4A (Hard Routing),0.9126,8.0183,0.3445,0.0,156.5,9.963054147849371e-06
10075,1790852814.1026547,4A (Hard Routing),0.897,8.0413,0.2576,0.0,184.4,9.962760710255317e-06
10100,1790852835.452622,4A (Hard Routing),0.9048,8.0258,0.2206,1.067,187.4,9.962416904922032e-06
10125,1790852859.4450588,4A (Hard Routing),0.9679,8.061,0.2545,0.0,104.1,9.962120962023259e-06
10150,1790852883.6890175,4A (Hard Routing),0.8606,8.0099,0.2354,0.0,108.5,9.961823862939011e-06
10175,1790852908.2905314,4A (Hard Routing),0.9628,7.9948,0.2263,0.0,111.9,9.961525607738516e-06
10200,1790852934.4506247,4A (Hard Routing),0.9159,8.0152,0.2429,0.931,143.8,9.961176182228188e-06
10225,1790852959.6650724,4A (Hard Routing),0.9207,8.0729,0.4129,0.0,12.9,9.960875422347917e-06
10250,1790852982.0753253,4A (Hard Routing),0.9808,8.018,0.1853,0.0,125.0,9.960573506572391e-06
10275,1790853006.8967412,4A (Hard Routing),0.8983,8.0183,0.2741,0.0,179.1,9.96027043497195e-06
10300,1790853034.656467,4A (Hard Routing),0.9387,8.0543,0.1683,1.279,94.9,9.959915390698066e-06
10325,1790853055.110163,4A (Hard Routing),0.9289,8.0143,0.1926,0.0,124.3,9.959609815052929e-06
10350,1790853079.804787,4A (Hard Routing),1.0223,8.0156,0.2709,0.0,74.4,9.959303083807421e-06
10375,1790853103.5616522,4A (Hard Routing),0.968,8.0023,0.297,0.0,140.5,9.958995197033015e-06
10400,1790853129.0704427,4A (Hard Routing),0.9743,8.0443,0.1842,1.672,183.7,9.95863453543179e-06
10425,1790853154.5799909,4A (Hard Routing),0.9465,8.0464,0.2156,0.0,87.9,9.958324145257893e-06
10450,1790853175.671297,4A (Hard Routing),0.9013,8.0302,0.2586,0.0,113.7,9.958012599783193e-06
10475,1790853199.872288,4A (Hard Routing),0.973,8.0536,0.2499,0.0,140.3,9.957699899080276e-06
10500,1790853225.419854,4A (Hard Routing),0.9635,8.0237,0.237,1.538,216.6,9.957333621610652e-06
10525,1790853252.900675,4A (Hard Routing),1.0501,8.0614,0.5715,0.0,87.7,9.957018418163578e-06
10550,1790853274.082746,4A (Hard Routing),0.8648,8.0387,0.3215,0.0,105.6,9.956702059719935e-06
10575,1790853297.405126,4A (Hard Routing),0.8719,8.065,0.1955,0.0,133.4,9.956384546353439e-06
10600,1790853321.5689378,4A (Hard Routing),0.9388,8.0605,0.2079,1.186,124.2,9.956012654497073e-06
10625,1790853346.881551,4A (Hard Routing),0.9743,8.0386,0.266,0.0,127.8,9.955692639051878e-06
10650,1790853373.0239604,4A (Hard Routing),0.8818,8.0389,0.1924,0.0,101.7,9.955371468919022e-06
10675,1790853397.844324,4A (Hard Routing),0.8908,8.0215,0.1685,0.0,194.0,9.955049144173342e-06
10700,1790853420.9307108,4A (Hard Routing),0.9341,8.0418,0.2546,1.044,164.8,9.954671639434603e-06
10725,1790853445.1644979,4A (Hard Routing),0.8997,8.022,0.3719,0.0,117.6,9.954346813285804e-06
10750,1790853471.2325594,4A (Hard Routing),0.888,8.0195,0.2168,0.0,105.7,9.954020832762925e-06
10775,1790853496.8618107,4A (Hard Routing),0.8949,8.0215,0.1976,0.0,23.0,9.953693697941921e-06
10800,1790853519.6849954,4A (Hard Routing),0.9054,8.0177,0.2384,1.315,212.7,9.953310581847884e-06
10825,1790853543.067733,4A (Hard Routing),0.9448,8.0233,0.2954,0.0,163.0,9.952980946309459e-06
10850,1790853569.4592123,4A (Hard Routing),0.8874,8.0177,0.2286,0.0,137.1,9.952650156715207e-06
10875,1790853590.301272,4A (Hard Routing),0.8665,8.0256,0.2151,0.0,117.1,9.952318213142201e-06
10900,1790853614.3293977,4A (Hard Routing),0.9197,8.0683,0.3794,1.202,150.8,9.951929487242635e-06
10925,1790853638.770896,4A (Hard Routing),0.9421,8.0869,0.2988,0.0,86.2,9.951595043648019e-06
10950,1790853663.4220493,4A (Hard Routing),1.0366,8.0296,0.268,0.0,46.7,9.951259446320495e-06
10975,1790853688.5125048,4A (Hard Routing),0.9582,8.0031,0.3084,0.0,153.1,9.950922695338254e-06
11000,1790853712.527438,4A (Hard Routing),0.9391,8.0154,0.3006,1.148,251.4,9.950528361205627e-06
11025,1790853741.750413,4A (Hard Routing),0.8688,8.0066,0.1587,0.0,81.1,9.950189110907704e-06
11050,1790853764.5366733,4A (Hard Routing),0.9013,8.025,0.2088,0.0,130.4,9.949848707204459e-06
11075,1790853789.741912,4A (Hard Routing),0.9755,8.0098,0.2308,0.0,180.5,9.949507150175204e-06
11100,1790853809.811376,4A (Hard Routing),0.9498,8.0077,0.2458,1.067,215.4,9.949107209404664e-06
11125,1790853833.0746238,4A (Hard Routing),0.9555,8.0129,0.3839,0.0,100.3,9.948763153775763e-06
11150,1790853859.2820468,4A (Hard Routing),0.9674,8.0325,0.244,0.0,142.0,9.94841794507379e-06
11175,1790853881.4440007,4A (Hard Routing),0.896,8.0608,0.2555,0.0,110.2,9.948071583379176e-06
11200,1790853908.3799717,4A (Hard Routing),0.9295,8.0716,0.3055,1.044,166.8,9.947666037588557e-06
11225,1790853933.4050095,4A (Hard Routing),0.9326,8.0901,0.3485,0.0,112.3,9.947317178020444e-06
11250,1790853955.4446757,4A (Hard Routing),0.9858,8.0146,0.1529,0.0,99.0,9.94696716571617e-06
11275,1790853979.8190165,4A (Hard Routing),0.9458,8.0112,0.3277,0.0,187.7,9.946616000757296e-06
11300,1790854006.484756,4A (Hard Routing),0.9419,8.0198,0.178,1.222,177.7,9.946204851587102e-06
11325,1790854027.4608266,4A (Hard Routing),0.9391,8.0803,0.1958,0.0,105.8,9.945851189490972e-06
11350,1790854052.399717,4A (Hard Routing),0.9449,8.042,0.3022,0.0,106.2,9.945496375000265e-06
11375,1790854077.0057805,4A (Hard Routing),0.8514,8.0141,0.1472,0.0,115.9,9.94514040819765e-06
11400,1790854106.890957,4A (Hard Routing),1.0136,8.0481,0.1588,1.178,193.7,9.944723657311053e-06
11425,1790854126.491625,4A (Hard Routing),0.8353,8.0092,0.1836,0.0,183.1,9.944365194117536e-06
11450,1790854151.119871,4A (Hard Routing),0.9756,8.0158,0.1321,0.0,139.2,9.944005578875678e-06
11475,1790854173.899933,4A (Hard Routing),1.0081,8.0079,0.3156,0.0,168.1,9.943644811669275e-06
11500,1790854197.1802697,4A (Hard Routing),0.9653,8.0232,0.102,1.158,139.7,9.943222460752105e-06
11525,1790854222.639793,4A (Hard Routing),0.9907,7.9949,0.408,0.0,124.0,9.942859197911246e-06
11550,1790854247.3259873,4A (Hard Routing),0.9492,8.0283,0.0904,0.0,145.5,9.942494783372946e-06
11575,1790854269.013885,4A (Hard Routing),1.0393,8.0119,0.4076,0.0,95.3,9.942129217222121e-06
11600,1790854292.2602398,4A (Hard Routing),1.0334,8.0354,0.2663,1.675,110.8,9.941701267982864e-06
11625,1790854320.4850135,4A (Hard Routing),0.9593,8.0199,0.1882,0.0,66.1,9.941333206964123e-06
11650,1790854340.999199,4A (Hard Routing),1.0525,8.0137,0.2722,0.0,103.2,9.940963994603506e-06
11675,1790854364.918619,4A (Hard Routing),0.934,8.0276,0.1535,0.0,124.4,9.940593630987038e-06
11700,1790854390.9916139,4A (Hard Routing),0.7721,8.0162,0.2243,1.094,64.3,9.94016008515682e-06
11725,1790854417.827129,4A (Hard Routing),0.8802,8.0035,0.2111,0.0,110.5,9.939787227449075e-06
11750,1790854436.9902925,4A (Hard Routing),0.9129,8.028,0.2317,0.0,94.7,9.939413218759666e-06
11775,1790854461.338367,4A (Hard Routing),1.0464,8.0126,0.4981,0.0,139.7,9.939038059175743e-06
11800,1790854483.9895844,4A (Hard Routing),1.0044,8.0537,0.3124,1.114,212.7,9.938598918508338e-06
11825,1790854509.4732347,4A (Hard Routing),1.0382,8.0118,0.2724,0.0,116.2,9.938221265619859e-06
11850,1790854535.6170025,4A (Hard Routing),0.8946,8.0249,0.1826,0.0,156.3,9.937842462114593e-06
11875,1790854561.5312827,4A (Hard Routing),1.0387,8.0438,0.2551,0.0,22.3,9.937462508080798e-06
11900,1790854582.745777,4A (Hard Routing),0.8665,8.0133,0.2292,1.407,90.8,9.937017774352606e-06
11925,1790854606.4424539,4A (Hard Routing),0.8961,8.0747,0.3309,0.0,81.8,9.936635327811071e-06
11950,1790854635.0564404,4A (Hard Routing),1.0436,8.0401,0.3866,0.0,106.6,9.93625173102227e-06
11975,1790854655.51479,4A (Hard Routing),0.9291,8.0217,0.3697,0.0,125.9,9.935866984075588e-06
12000,1790854681.1581883,4A (Hard Routing),0.9405,8.0324,0.2149,1.259,150.0,9.935416659085639e-06
12025,1790854711.2234292,4A (Hard Routing),0.8669,8.0359,0.3104,0.0,146.0,9.935029420438105e-06
12050,1790854733.5235584,4A (Hard Routing),0.9021,8.0289,0.1809,0.0,100.5,9.934641031917493e-06
12075,1790854755.6251986,4A (Hard Routing),0.9532,8.0666,0.2225,0.0,159.2,9.934251493614291e-06
12100,1790854779.7759204,4A (Hard Routing),0.8947,8.027,0.198,1.208,245.8,9.933795579184225e-06
12125,1790854802.9490325,4A (Hard Routing),0.9519,8.0188,0.2755,0.0,71.5,9.933403549997146e-06
12150,1790854826.4193504,4A (Hard Routing),0.9784,8.0284,0.1883,0.0,133.5,9.933010371315819e-06
12175,1790854852.5032482,4A (Hard Routing),0.8654,8.0504,0.1921,0.0,120.0,9.932616043231853e-06
12200,1790854872.538836,4A (Hard Routing),1.1003,8.162,0.4143,1.608,230.8,9.932154541205925e-06
12225,1790854895.7157438,4A (Hard Routing),0.9532,8.0297,0.1504,0.0,89.5,9.931757723065128e-06
12250,1790854919.8846638,4A (Hard Routing),1.0791,8.045,0.3766,0.0,63.9,9.931359755813563e-06
12275,1790854949.388332,4A (Hard Routing),0.8943,8.0433,0.2719,0.0,162.0,9.930960639543956e-06
12300,1790854969.5999842,4A (Hard Routing),0.9926,8.0093,0.3022,1.133,140.6,9.930493551789024e-06
12325,1790854992.6724808,4A (Hard Routing),0.8231,8.1047,0.1699,0.0,86.6,9.930091946299708e-06
12350,1790855015.3550684,4A (Hard Routing),0.9557,7.9938,0.3755,0.0,92.7,9.929689192087754e-06
12375,1790855040.041879,4A (Hard Routing),1.0143,8.006,0.2179,0.0,152.8,9.929285289247004e-06
12400,1790855065.666371,4A (Hard Routing),1.0259,8.0486,0.2099,1.07,202.1,9.928812617652522e-06
12425,1790855087.8450997,4A (Hard Routing),0.9279,8.021,0.2679,0.0,37.5,9.928406226439254e-06
12450,1790855111.6070623,4A (Hard Routing),0.9856,8.0146,0.3069,0.0,81.7,9.92799868689612e-06
12475,1790855137.5066311,4A (Hard Routing),0.9475,8.0153,0.1678,0.0,31.1,9.927589999118085e-06
12500,1790855163.654111,4A (Hard Routing),0.9131,8.0279,0.2247,1.239,230.6,9.927111745596093e-06
12525,1790855183.2931278,4A (Hard Routing),0.8764,8.028,0.2652,0.0,114.4,9.926700570302795e-06
12550,1790855207.2724905,4A (Hard Routing),0.8242,8.0347,0.3129,0.0,120.9,9.926288247077057e-06
12575,1790855230.6929111,4A (Hard Routing),0.9845,8.0108,0.2094,0.0,68.0,9.925874776014949e-06
12600,1790855254.8360145,4A (Hard Routing),0.9407,8.0327,0.1848,1.037,122.6,9.925390942500066e-06
12625,1790855280.884341,4A (Hard Routing),1.0104,8.036,0.322,0.0,117.8,9.924974984790016e-06
12650,1790855303.0690794,4A (Hard Routing),0.8499,8.0321,0.3493,0.0,83.6,9.92455787954959e-06
12675,1790855327.4649222,4A (Hard Routing),0.8472,8.0158,0.1802,0.0,179.9,9.924139626875974e-06
12700,1790855350.770248,4A (Hard Routing),0.9318,8.0129,0.196,1.127,115.5,9.923650215325395e-06
12725,1790855377.4475849,4A (Hard Routing),0.9822,8.0268,0.2654,0.0,95.8,9.923229476881216e-06
12750,1790855397.3611033,4A (Hard Routing),0.8988,8.0213,0.1688,0.0,158.0,9.922807591313367e-06
12775,1790855423.4978194,4A (Hard Routing),0.8557,8.0217,0.2359,0.0,181.4,9.92238455872015e-06
12800,1790855444.933626,4A (Hard Routing),0.8775,8.0523,0.2238,1.015,182.6,9.921889571113629e-06
12825,1790855473.2102757,4A (Hard Routing),1.0481,8.1748,0.5902,0.0,215.7,9.92146405363728e-06
12850,1790855492.394465,4A (Hard Routing),0.855,8.0378,0.2327,0.0,95.0,9.921037389448612e-06
12875,1790855515.3478374,4A (Hard Routing),0.7855,8.0221,0.1275,0.0,208.6,9.920609578647037e-06
12900,1790855537.3262177,4A (Hard Routing),0.8847,8.0249,0.3507,1.133,189.7,9.920109016986885e-06
12925,1790855562.7357767,4A (Hard Routing),0.8514,8.1155,0.1265,0.0,117.0,9.919678722199663e-06
12950,1790855587.7860937,4A (Hard Routing),0.9139,8.02,0.1783,0.0,145.8,9.919247281116107e-06
12975,1790855607.9041991,4A (Hard Routing),0.9022,8.0087,0.2164,0.0,117.9,9.918814693836741e-06
13000,1790855633.7881067,4A (Hard Routing),0.936,8.0142,0.2256,1.208,193.9,9.918308560147823e-06
13025,1790855664.1864324,4A (Hard Routing),0.8856,8.0083,0.2511,0.0,206.7,9.917873489790344e-06
13050,1790855682.0611794,4A (Hard Routing),0.8871,8.0256,0.3559,0.0,101.6,9.917437273557153e-06
13075,1790855709.7587845,4A (Hard Routing),0.8614,8.0007,0.1669,0.0,95.2,9.916999911549892e-06
13100,1790855733.0015512,4A (Hard Routing),0.8927,8.0179,0.2483,1.176,394.1,9.916488207879605e-06
13125,1790855756.9814672,4A (Hard Routing),0.9454,8.0106,0.1967,0.0,115.9,9.916048363711806e-06
13150,1790855779.195966,4A (Hard Routing),0.9667,8.0179,0.2665,0.0,93.5,9.915607374093556e-06
13175,1790855807.6015303,4A (Hard Routing),0.9267,8.0091,0.2405,0.0,137.4,9.915165239127605e-06
13200,1790855827.9305909,4A (Hard Routing),0.9015,8.0277,0.2475,1.151,172.8,9.914647967545881e-06
13225,1790855854.2498198,4A (Hard Routing),0.8794,8.0138,0.1994,0.0,18.5,9.914203351347012e-06
13250,1790855875.5739346,4A (Hard Routing),0.9375,8.0418,0.2291,0.0,128.6,9.913757590127582e-06
13275,1790855899.7223046,4A (Hard Routing),0.8482,8.025,0.2528,0.0,79.8,9.913310683991456e-06
13300,1790855924.189728,4A (Hard Routing),0.8189,8.0408,0.2315,1.029,154.9,9.91278784659075e-06
13325,1790855947.9888456,4A (Hard Routing),0.9589,8.0212,0.2215,0.0,140.5,9.912338460159358e-06
13350,1790855969.8188648,4A (Hard Routing),0.9408,8.0175,0.1653,0.0,95.3,9.911887929141933e-06
13375,1790855993.771141,4A (Hard Routing),1.0113,8.0245,0.3133,0.0,127.0,9.911436253643445e-06
13400,1790856021.177127,4A (Hard Routing),0.9894,8.0207,0.2667,1.256,208.4,9.910907852538729e-06
13425,1790856041.3072464,4A (Hard Routing),0.9262,8.0661,0.2857,0.0,117.1,9.910453697692666e-06
13450,1790856066.327809,4A (Hard Routing),0.927,8.0305,0.2188,0.0,112.2,9.909998398699719e-06
13475,1790856092.2047136,4A (Hard Routing),0.8982,8.04,0.2328,0.0,147.3,9.909541955665978e-06
13500,1790856120.7146842,4A (Hard Routing),0.9349,8.0314,0.3631,1.178,236.2,9.909007992994726e-06
13525,1790856139.3052857,4A (Hard Routing),0.8881,8.021,0.2371,0.0,95.2,9.908549071571127e-06
13550,1790856164.6299515,4A (Hard Routing),1.0701,8.0264,0.2768,0.0,89.8,9.908089006444427e-06
13575,1790856186.1320775,4A (Hard Routing),0.9579,8.0361,0.3207,0.0,157.2,9.907627797721823e-06
13600,1790856209.3156586,4A (Hard Routing),0.8839,8.0326,0.2635,1.069,204.9,9.907088275644012e-06
13625,1790856234.9976485,4A (Hard Routing),0.96,8.0393,0.4621,0.0,118.0,9.906624589499297e-06
13650,1790856259.765678,4A (Hard Routing),0.9165,8.0308,0.3307,0.0,19.8,9.906159760099887e-06
13675,1790856279.4528275,4A (Hard Routing),0.9737,8.0328,0.3591,0.0,88.3,9.905693787554094e-06
13700,1790856302.9825366,4A (Hard Routing),0.905,8.0415,0.2093,1.66,442.9,9.905148708252183e-06
13725,1790856332.517785,4A (Hard Routing),0.8802,7.9966,0.1728,0.0,108.9,9.90468025926204e-06
13750,1790856351.4395814,4A (Hard Routing),1.0788,8.0249,0.3293,0.0,155.1,9.904210667470241e-06
13775,1790856376.2269309,4A (Hard Routing),0.8943,8.0772,0.3129,0.0,242.2,9.903739932986198e-06
13800,1790856398.9339695,4A (Hard Routing),0.9381,8.0495,0.3857,1.129,187.0,9.90318929866513e-06
13825,1790856423.7368793,4A (Hard Routing),0.8628,7.9932,0.1936,0.0,120.9,9.902716088724522e-06
13850,1790856449.6664321,4A (Hard Routing),0.8835,8.0271,0.3856,0.0,104.9,9.902241736439913e-06
13875,1790856469.830837,4A (Hard Routing),0.9481,8.0179,0.2354,0.0,141.4,9.901766241921826e-06
13900,1790856494.134835,4A (Hard Routing),0.8317,8.0292,0.2056,1.095,251.2,9.901210054809015e-06
13925,1790856517.890466,4A (Hard Routing),0.9337,8.0202,0.2033,0.0,145.2,9.90073208583216e-06
13950,1790856547.0308247,4A (Hard Routing),0.8764,8.011,0.2564,0.0,136.6,9.900252974973579e-06
13975,1790856566.2500014,4A (Hard Routing),0.8402,8.0506,0.1982,0.0,159.7,9.89977272234491e-06
14000,1790856590.96411,4A (Hard Routing),0.9737,7.9967,0.1978,1.228,323.3,9.899210984690229e-06
14025,1790856621.4891255,4A (Hard Routing),0.9406,8.0306,0.372,0.0,130.0,9.898728258610594e-06
14050,1790856643.8240762,4A (Hard Routing),0.8493,8.0171,0.2708,0.0,136.8,9.898244391116132e-06
14075,1790856667.195782,4A (Hard Routing),0.9311,8.011,0.2433,0.0,117.8,9.897759382319583e-06
14100,1790856691.4133797,4A (Hard Routing),0.8485,8.0146,0.2266,1.107,225.4,9.897192096395362e-06
14125,1790856713.3477879,4A (Hard Routing),0.8513,8.0357,0.151,0.0,91.0,9.896704615165663e-06
14150,1790856736.5167782,4A (Hard Routing),0.9173,8.0501,0.26,0.0,152.4,9.896215992992648e-06
14175,1790856763.5692928,4A (Hard Routing),0.9929,8.0089,0.3146,0.0,175.6,9.895726229990167e-06
14200,1790856783.5528164,4A (Hard Routing),0.9193,8.0261,0.2128,1.034,164.0,9.89515339809118e-06
14225,1790856806.4319623,4A (Hard Routing),0.9047,8.1625,0.2575,0.0,98.7,9.894661163683361e-06
14250,1790856831.5030725,4A (Hard Routing),0.8413,8.0322,0.205,0.0,140.2,9.894167788808357e-06
14275,1790856854.5975618,4A (Hard Routing),0.905,8.1753,0.2588,0.0,175.2,9.893673273581123e-06
14300,1790856879.7349064,4A (Hard Routing),0.8618,8.0543,0.2244,1.0,148.6,9.893094898024573e-06
14325,1790856903.467597,4A (Hard Routing),0.9992,8.039,0.1689,0.0,111.3,9.892597912429812e-06
14350,1790856926.2394154,4A (Hard Routing),0.8787,8.0991,0.2495,0.0,92.7,9.892099786848607e-06
14375,1790856950.1356144,4A (Hard Routing),0.9946,8.0279,0.2422,0.0,164.8,9.891600521397023e-06
14400,1790856977.0200698,4A (Hard Routing),0.8325,8.0009,0.2148,1.155,216.1,9.891016604522543e-06
14425,1790856996.747734,4A (Hard Routing),0.9122,8.0271,0.236,0.0,64.3,9.890514869751233e-06
14450,1790857020.8984947,4A (Hard Routing),0.9877,8.0239,0.3828,0.0,136.9,9.890011995478834e-06
14475,1790857042.3732033,4A (Hard Routing),0.8964,8.0144,0.1402,0.0,187.7,9.889507981822515e-06
14500,1790857066.7308466,4A (Hard Routing),0.9228,8.0029,0.2371,1.085,102.6,9.888918525992153e-06
14525,1790857091.369326,4A (Hard Routing),0.938,8.053,0.2451,0.0,72.2,9.8884120440739e-06
14550,1790857115.9569201,4A (Hard Routing),0.9895,8.0154,0.2353,0.0,138.2,9.887904423144523e-06
14575,1790857137.4849339,4A (Hard Routing),0.8382,8.0111,0.2139,0.0,162.1,9.887395663322293e-06
14600,1790857160.084873,4A (Hard Routing),0.8438,8.0161,0.1065,1.264,210.7,9.886800670920503e-06
14625,1790857188.425551,4A (Hard Routing),0.9212,8.0894,0.2728,0.0,100.2,9.886289443904117e-06
14650,1790857208.4415271,4A (Hard Routing),0.9285,8.0039,0.1888,0.0,109.7,9.885777078371174e-06
14675,1790857231.0870183,4A (Hard Routing),0.8696,8.0229,0.1546,0.0,136.6,9.88526357444106e-06
14700,1790857256.4310558,4A (Hard Routing),0.9408,8.0024,0.1671,1.356,224.2,9.88466304787469e-06
14725,1790857280.2939234,4A (Hard Routing),0.9057,8.1018,0.2583,0.0,204.0,9.884147077828175e-06
14750,1790857304.491346,4A (Hard Routing),0.9349,8.0007,0.2167,0.0,98.5,9.883629969764282e-06
14775,1790857328.5450058,4A (Hard Routing),0.8937,8.009,0.2419,0.0,147.5,9.883111723803493e-06
14800,1790857350.277764,4A (Hard Routing),0.8289,8.0328,0.176,1.165,207.0,9.882505665501778e-06
14825,1790857374.4644082,4A (Hard Routing),0.8064,8.0366,0.1456,0.0,99.5,9.881984954512325e-06
14850,1790857400.2642472,4A (Hard Routing),0.9167,8.0398,0.3274,0.0,140.3,9.881463106009272e-06
14875,1790857421.1754117,4A (Hard Routing),0.7836,8.0459,0.1418,0.0,146.6,9.880940120114208e-06
14900,1790857444.8129487,4A (Hard Routing),0.9572,8.0686,0.2289,1.149,173.0,9.880328532528764e-06
14925,1790857467.4311662,4A (Hard Routing),0.9138,8.0396,0.1072,0.0,83.4,9.87980308270274e-06
14950,1790857498.052319,4A (Hard Routing),0.8642,8.0093,0.1033,0.0,214.0,9.879276495871497e-06
14975,1790857516.9920194,4A (Hard Routing),0.8927,8.0259,0.2313,0.0,113.7,9.878748772157729e-06
15000,1790857540.9631643,4A (Hard Routing),0.9133,8.0248,0.2481,1.034,207.7,9.878131657762535e-06
15025,1790857570.6803548,4A (Hard Routing),0.9593,8.0369,0.3068,0.0,128.1,9.877601471225477e-06
15050,1790857592.889238,4A (Hard Routing),0.9491,8.0151,0.3193,0.0,150.3,9.87707014819618e-06
15075,1790857615.779885,4A (Hard Routing),0.9914,8.0383,0.2886,0.0,147.3,9.876537688798445e-06
15100,1790857635.621197,4A (Hard Routing),1.0156,8.028,0.2164,1.272,163.8,9.875915050089836e-06
15125,1790857661.443807,4A (Hard Routing),1.0221,8.0598,0.4663,0.0,133.1,9.875380128986444e-06
15150,1790857685.227904,4A (Hard Routing),1.0821,8.1286,0.5395,0.0,121.3,9.874844071908389e-06
15175,1790857713.7471735,4A (Hard Routing),0.8947,7.9982,0.208,0.0,194.7,9.874306878980578e-06
15200,1790857733.2270029,4A (Hard Routing),0.9175,8.0226,0.1376,1.117,220.7,9.87367871847724e-06
15225,1790857757.860133,4A (Hard Routing),0.9673,8.0841,0.25,0.0,112.0,9.873139064971364e-06
15250,1790857779.7715292,4A (Hard Routing),0.9993,8.0176,0.2654,0.0,163.7,9.872598276013e-06
15275,1790857802.3710654,4A (Hard Routing),0.8265,8.0373,0.1497,0.0,73.7,9.872056351728149e-06
15300,1790857829.277009,4A (Hard Routing),0.9687,8.0277,0.3263,1.186,158.4,9.871422671971105e-06
15325,1790857853.0979292,4A (Hard Routing),1.0183,8.0071,0.3213,0.0,120.2,9.870878288245738e-06
15350,1790857874.62408,4A (Hard Routing),0.9202,8.0037,0.3415,0.0,139.6,9.870332769594648e-06
15375,1790857897.2007816,4A (Hard Routing),0.9701,8.0164,0.246,0.0,143.4,9.869786116144944e-06
15400,1790857924.2224846,4A (Hard Routing),0.8763,8.0653,0.353,1.148,178.9,9.869146919697536e-06
15425,1790857944.3429494,4A (Hard Routing),0.9425,8.079,0.2128,0.0,108.0,9.868597807954807e-06
15450,1790857969.3048444,4A (Hard Routing),0.8911,8.0537,0.1816,0.0,110.3,9.868047561817712e-06
15475,1790857994.5495393,4A (Hard Routing),0.9238,8.0131,0.2577,0.0,214.5,9.867496181414463e-06
15500,1790858016.3292174,4A (Hard Routing),0.762,8.0318,0.1165,1.111,203.0,9.866851470862356e-06
15525,1790858041.6949608,4A (Hard Routing),0.8552,8.0664,0.2154,0.0,108.7,9.86629763332352e-06
15550,1790858065.1618176,4A (Hard Routing),0.9345,8.0565,0.2452,0.0,118.7,9.865742661926266e-06
15575,1790858087.1333885,4A (Hard Routing),0.9513,8.0333,0.2135,0.0,170.3,9.8651865567999e-06
15600,1790858110.295926,4A (Hard Routing),0.9563,8.0315,0.1879,1.158,202.9,9.864536334751063e-06
15625,1790858136.1079242,4A (Hard Routing),0.9446,8.0342,0.3009,0.0,132.2,9.86397777365649e-06
15650,1790858155.3693063,4A (Hard Routing),0.8433,8.0547,0.2022,0.0,105.2,9.863418079244029e-06
15675,1790858181.623014,4A (Hard Routing),0.9037,8.0322,0.1994,0.0,175.6,9.862857251644094e-06
15700,1790858202.1945598,4A (Hard Routing),0.8927,8.011,0.3039,1.176,194.0,9.86220152072879e-06
15725,1790858226.6019437,4A (Hard Routing),1.0338,8.0524,0.3038,0.0,85.7,9.861638238337959e-06
15750,1790858252.1170895,4A (Hard Routing),0.9245,8.0615,0.3029,0.0,150.0,9.861073823174357e-06
15775,1790858275.251343,4A (Hard Routing),0.9364,8.0181,0.3237,0.0,186.9,9.860508275369498e-06
15800,1790858297.0876942,4A (Hard Routing),0.9723,8.0169,0.2697,1.102,225.8,9.859847038240273e-06
15825,1790858319.482915,4A (Hard Routing),0.9205,8.0469,0.2885,0.0,69.8,9.859279036831762e-06
15850,1790858346.6801333,4A (Hard Routing),0.908,8.0217,0.2675,0.0,162.9,9.858709903200179e-06
15875,1790858365.595197,4A (Hard Routing),0.9114,8.0436,0.2111,0.0,180.6,9.858139637478138e-06
15900,1790858390.2577462,4A (Hard Routing),0.8946,8.0327,0.2768,0.882,117.3,9.857472896809814e-06
15925,1790858412.8319283,4A (Hard Routing),0.9869,8.0249,0.235,0.0,100.4,9.856900178681287e-06
15950,1790858435.4033968,4A (Hard Routing),0.8711,8.0277,0.2302,0.0,101.3,9.85632632888397e-06
15975,1790858460.716001,4A (Hard Routing),0.876,8.1299,0.3124,0.0,151.5,9.85575134755157e-06
16000,1790858484.5711596,4A (Hard Routing),0.9272,8.0393,0.1766,1.139,106.1,9.855079106041233e-06
16025,1790858507.8511348,4A (Hard Routing),0.9193,8.0294,0.3335,0.0,185.5,9.854501673509439e-06
16050,1790858531.5054154,4A (Hard Routing),0.9375,8.0321,0.3462,0.0,144.5,9.853923109867709e-06
16075,1790858559.5454135,4A (Hard Routing),0.9936,7.9952,0.2832,0.0,179.2,9.853343415250854e-06
16100,1790858578.4755332,4A (Hard Routing),0.7931,7.9959,0.1441,1.115,165.9,9.852665675617837e-06
16125,1790858602.446336,4A (Hard Routing),0.9377,8.1002,0.3746,0.0,43.5,9.85208353101859e-06
16150,1790858626.4948354,4A (Hard Routing),0.9041,8.0193,0.2449,0.0,125.2,9.851500255872843e-06
16175,1790858652.9673088,4A (Hard Routing),0.8955,8.0323,0.2028,0.0,181.2,9.8509158503165e-06
16200,1790858672.1004224,4A (Hard Routing),0.8373,8.0804,0.1806,1.474,218.6,9.850232615302382e-06
16225,1790858697.0709348,4A (Hard Routing),0.938,8.0526,0.2422,0.0,109.1,9.849645760990562e-06
16250,1790858717.9121752,4A (Hard Routing),0.8029,7.9992,0.1004,0.0,146.9,9.849057776700247e-06
16275,1790858743.209133,4A (Hard Routing),0.8894,8.0224,0.264,0.0,391.9,9.848468662568438e-06
16300,1790858767.2926867,4A (Hard Routing),0.877,8.0173,0.1444,1.037,205.9,9.847779934937027e-06
16325,1790858790.7765706,4A (Hard Routing),0.8354,8.0824,0.168,0.0,90.2,9.847188373286563e-06
16350,1790858811.871818,4A (Hard Routing),0.8278,8.0383,0.1628,0.0,122.1,9.84659568223018e-06
16375,1790858835.391752,4A (Hard Routing),1.0176,8.0962,0.1859,0.0,145.7,9.846001861905978e-06
16400,1790858862.2169006,4A (Hard Routing),0.9699,8.0159,0.3046,1.426,185.2,9.845307644443296e-06
16425,1790858881.498396,4A (Hard Routing),0.9319,8.0989,0.2196,0.0,82.5,9.84471137784716e-06
16450,1790858904.55972,4A (Hard Routing),0.8478,8.0276,0.1696,0.0,163.1,9.84411398242225e-06
16475,1790858927.0381172,4A (Hard Routing),0.8885,8.0236,0.192,0.0,191.3,9.843515458307763e-06
16500,1790858949.3231394,4A (Hard Routing),0.8937,8.0491,0.1982,1.482,178.6,9.842815753822045e-06
16525,1790858973.7246444,4A (Hard Routing),1.0215,8.0501,0.175,0.0,107.8,9.84221478469224e-06
16550,1790858997.7463574,4A (Hard Routing),0.9294,8.0252,0.3571,0.0,146.2,9.841612687315373e-06
16575,1790859020.100111,4A (Hard Routing),0.8788,8.0336,0.252,0.0,145.1,9.841009461831739e-06
16600,1790859043.698044,4A (Hard Routing),0.9324,8.0375,0.1924,1.235,51.6,9.840304273153411e-06
16625,1790859068.3719416,4A (Hard Routing),0.887,8.1003,0.4389,0.0,116.0,9.839698603920964e-06
16650,1790859088.582772,4A (Hard Routing),0.8677,8.0243,0.1816,0.0,152.7,9.839091807027734e-06
16675,1790859115.0483868,4A (Hard Routing),0.8044,8.0152,0.1976,0.0,164.0,9.838483882615101e-06
16700,1790859136.2106087,4A (Hard Routing),0.9442,8.0683,0.1689,1.305,220.0,9.83777321259678e-06
16725,1790859164.299644,4A (Hard Routing),0.764,8.0478,0.1842,0.0,98.4,9.83716284571173e-06
16750,1790859182.9117687,4A (Hard Routing),0.8695,8.0161,0.1168,0.0,145.3,9.836551351756733e-06
16775,1790859204.7447317,4A (Hard Routing),0.9421,8.0077,0.3136,0.0,214.7,9.83593873087427e-06
16800,1790859227.9279256,4A (Hard Routing),0.895,8.023,0.1744,1.12,187.9,9.835222582390737e-06
16825,1790859251.647677,4A (Hard Routing),0.8924,8.0333,0.2042,0.0,58.8,9.834607520322127e-06
16850,1790859276.4717424,4A (Hard Routing),0.855,8.0418,0.1607,0.0,155.6,9.83399133177897e-06
16875,1790859300.657832,4A (Hard Routing),0.9397,8.0521,0.27,0.0,176.3,9.833374016904831e-06
16900,1790859322.6686728,4A (Hard Routing),0.9021,8.0668,0.1949,0.978,244.2,9.832652392853038e-06
16925,1790859344.418971,4A (Hard Routing),0.9997,8.1102,0.4561,0.0,45.9,9.832032638088902e-06
16950,1790859371.1930907,4A (Hard Routing),0.8489,8.0339,0.2346,0.0,116.7,9.83141175745017e-06
16975,1790859389.4868104,4A (Hard Routing),0.9175,8.0108,0.2992,0.0,186.4,9.830789751081508e-06
17000,1790859412.5647547,4A (Hard Routing),0.8556,8.0178,0.3091,1.151,214.4,9.830062654380549e-06
17025,1790859445.1935167,4A (Hard Routing),0.8775,8.0071,0.2854,0.0,8.3,9.829438209427907e-06
17050,1790859468.0825837,4A (Hard Routing),0.8753,8.0359,0.3703,0.0,151.2,9.828812639205175e-06
17075,1790859486.4939787,4A (Hard Routing),0.9593,8.0216,0.3151,0.0,196.9,9.828185943858113e-06
17100,1790859510.5663252,4A (Hard Routing),1.0063,8.0916,0.3272,1.165,135.3,9.827453377449225e-06
17125,1790859534.1324327,4A (Hard Routing),0.8408,8.0509,0.1452,0.0,127.8,9.826824244834065e-06
17150,1790859557.2908545,4A (Hard Routing),0.9433,8.0503,0.3773,0.0,98.7,9.826193987557877e-06
17175,1790859582.5981493,4A (Hard Routing),0.9455,8.0207,0.2431,0.0,115.4,9.825562605767509e-06
17200,1790859605.5949306,4A (Hard Routing),0.849,8.0219,0.1376,1.385,376.9,9.82482457261405e-06
17225,1790859626.743421,4A (Hard Routing),0.8175,8.011,0.1518,0.0,130.7,9.824190754881327e-06
17250,1790859648.8144736,4A (Hard Routing),0.9689,8.0144,0.1767,0.0,99.3,9.823555813101182e-06
17275,1790859675.9326956,4A (Hard Routing),0.8782,8.033,0.1602,0.0,180.3,9.822919747421562e-06
17300,1790859694.2557518,4A (Hard Routing),0.8094,8.0188,0.2631,1.01,212.4,9.822176250509008e-06
17325,1790859716.6290474,4A (Hard Routing),0.83,8.0118,0.2639,0.0,44.6,9.821537750222625e-06
17350,1790859738.8747077,4A (Hard Routing),1.0589,8.0267,0.3384,0.0,116.2,9.820898126506978e-06
17375,1790859764.5262513,4A (Hard Routing),1.0588,8.0256,0.215,0.0,202.5,9.8202573795111e-06
17400,1790859787.6440282,4A (Hard Routing),0.927,8.0274,0.2017,1.216,265.8,9.819508421847031e-06
17425,1790859810.9796562,4A (Hard Routing),0.8172,8.0161,0.1108,0.0,102.4,9.818865241589834e-06
17450,1790859830.9903896,4A (Hard Routing),0.8681,8.0413,0.2089,0.0,81.7,9.818220938526075e-06
17475,1790859854.352863,4A (Hard Routing),0.9647,8.0719,0.2558,0.0,135.7,9.817575512805876e-06
17500,1790859880.6486416,4A (Hard Routing),0.8291,8.0248,0.1731,0.859,200.3,9.816821097419956e-06
17525,1790859899.101048,4A (Hard Routing),0.9171,8.0198,0.3752,0.0,123.6,9.816173239793727e-06
17550,1790859922.2045372,4A (Hard Routing),0.8128,8.0076,0.1921,0.0,147.2,9.815524259988174e-06
17575,1790859946.2073085,4A (Hard Routing),0.827,8.047,0.2733,0.0,139.3,9.814874158154516e-06
17600,1790859973.2377331,4A (Hard Routing),0.7938,8.0172,0.2218,1.025,208.4,9.814114288098487e-06
17625,1790859991.739475,4A (Hard Routing),0.8899,8.0362,0.1751,0.0,101.3,9.813461755723922e-06
17650,1790860013.6918015,4A (Hard Routing),0.8711,8.0859,0.1341,0.0,149.0,9.812808101801816e-06
17675,1790860038.4561343,4A (Hard Routing),0.8966,8.0272,0.3354,0.0,193.3,9.812153326484474e-06
17700,1790860059.6125815,4A (Hard Routing),0.8524,8.0482,0.363,0.915,114.4,9.811388004832148e-06
17725,1790860085.8598392,4A (Hard Routing),0.8704,8.0848,0.2408,0.0,197.6,9.810730800348856e-06
17750,1790860109.7827137,4A (Hard Routing),0.7714,8.0262,0.1607,0.0,163.0,9.810072474954345e-06
17775,1790860130.4820282,4A (Hard Routing),0.9094,8.0211,0.2554,0.0,189.9,9.809413028802002e-06
17800,1790860153.6427984,4A (Hard Routing),0.9414,7.997,0.1922,1.179,112.0,9.808642258649238e-06
17825,1790860180.3557384,4A (Hard Routing),0.8968,8.0068,0.2703,0.0,99.2,9.807980384715728e-06
17850,1790860199.759695,4A (Hard Routing),0.8383,8.0057,0.198,0.0,124.7,9.80731739051185e-06
17875,1790860223.0433507,4A (Hard Routing),0.8612,8.0034,0.1248,0.0,152.6,9.806653276192084e-06
17900,1790860246.0824635,4A (Hard Routing),0.8634,8.0257,0.1901,1.002,239.6,9.805877060656786e-06
17925,1790860269.7369113,4A (Hard Routing),0.7975,8.1203,0.2719,0.0,92.1,9.805210519950454e-06
17950,1790860294.2145371,4A (Hard Routing),0.8748,8.0266,0.1777,0.0,104.2,9.80454285961914e-06
17975,1790860317.3134737,4A (Hard Routing),0.9131,8.0207,0.2254,0.0,226.1,9.80387407981841e-06
18000,1790860339.005733,4A (Hard Routing),0.9701,8.0295,0.2441,1.411,189.6,9.803092422040506e-06
18025,1790860364.9089615,4A (Hard Routing),0.882,8.0404,0.2539,0.0,143.2,9.802421217257629e-06
18050,1790860393.1289315,4A (Hard Routing),0.9463,8.0219,0.2415,0.0,159.8,9.801748893499683e-06
18075,1790860411.6438875,4A (Hard Routing),0.9131,8.0081,0.2829,0.0,137.0,9.801075450923322e-06
18100,1790860435.28442,4A (Hard Routing),0.8788,8.1045,0.2174,1.215,239.9,9.800288354064756e-06
18125,1790860457.5664716,4A (Hard Routing),0.9635,8.0547,0.4308,0.0,127.0,9.799612487920476e-06
18150,1790860480.8263342,4A (Hard Routing),0.9085,8.011,0.208,0.0,139.9,9.798935503455567e-06
18175,1790860505.7467022,4A (Hard Routing),0.9282,8.0024,0.3297,0.0,166.8,9.79825740082777e-06
18200,1790860529.125728,4A (Hard Routing),0.9744,8.0389,0.3136,1.146,219.1,9.797464868072489e-06
18225,1790860550.429924,4A (Hard Routing),0.9035,8.0423,0.1711,0.0,110.2,9.796784343300802e-06
18250,1790860572.6943517,4A (Hard Routing),0.908,8.007,0.2061,0.0,141.8,9.796102700867453e-06
18275,1790860598.8981533,4A (Hard Routing),0.8112,8.0536,0.2304,0.0,174.7,9.795419940931262e-06
18300,1790860617.6648357,4A (Hard Routing),0.9131,8.0594,0.2048,1.241,228.1,9.7946219754852e-06
18325,1790860639.582395,4A (Hard Routing),0.9681,8.0338,0.1605,0.0,116.2,9.793936794838955e-06
18350,1790860661.4101799,4A (Hard Routing),0.8572,8.025,0.1433,0.0,172.5,9.793250497194528e-06
18375,1790860684.4891691,4A (Hard Routing),0.8881,8.0421,0.1626,0.0,148.5,9.79256308271183e-06
18400,1790860708.9561892,4A (Hard Routing),0.8622,8.0529,0.1363,1.238,165.8,9.791759687802903e-06
18425,1790860732.1033118,4A (Hard Routing),0.8582,8.0057,0.2445,0.0,94.1,9.79106985405377e-06
18450,1790860751.7223916,4A (Hard Routing),0.8337,8.0069,0.1824,0.0,156.6,9.790378903974461e-06
18475,1790860774.2317176,4A (Hard Routing),0.8725,8.0467,0.2173,0.0,170.6,9.789686837725972e-06
18500,1790860801.6269677,4A (Hard Routing),0.8575,8.0056,0.2466,1.152,217.8,9.788878016604048e-06
18525,1790860820.5607178,4A (Hard Routing),0.9428,8.0191,0.3424,0.0,157.2,9.78818353254253e-06
18550,1790860843.320951,4A (Hard Routing),0.9839,8.0451,0.1462,0.0,108.1,9.787487932823356e-06
18575,1790860866.5545225,4A (Hard Routing),0.9387,8.0576,0.3046,0.0,136.3,9.786791217608605e-06
18600,1790860889.206421,4A (Hard Routing),0.9215,8.0118,0.2857,1.162,137.0,9.785976973545512e-06
18625,1790860914.0759017,4A (Hard Routing),0.9302,8.0375,0.2154,0.0,81.1,9.78527784198092e-06
18650,1790860934.2613893,4A (Hard Routing),0.9152,8.009,0.267,0.0,132.2,9.784577595435705e-06
18675,1790860956.6238818,4A (Hard Routing),0.8867,8.0056,0.2148,0.0,146.7,9.783876234073026e-06
18700,1790860979.916761,4A (Hard Routing),0.8832,8.0269,0.1317,1.032,225.0,9.783056570362526e-06
18725,1790861006.7272449,4A (Hard Routing),0.8561,8.0609,0.3649,0.0,81.0,9.78235279412297e-06
18750,1790861025.249636,4A (Hard Routing),0.8323,8.0088,0.1188,0.0,148.0,9.781647903584334e-06
18775,1790861048.8516712,4A (Hard Routing),0.8604,8.0124,0.2777,0.0,159.6,9.780941898910861e-06
18800,1790861071.119423,4A (Hard Routing),0.8529,8.0298,0.1243,1.047,217.2,9.780116818868636e-06
18825,1790861100.19317,4A (Hard Routing),1.0257,8.043,0.4351,0.0,124.5,9.779408400801019e-06
18850,1790861117.7970698,4A (Hard Routing),0.8103,8.024,0.22,0.0,92.2,9.77869886912037e-06
18875,1790861141.185311,4A (Hard Routing),0.8377,8.0378,0.2974,0.0,150.9,9.777988223992014e-06
18900,1790861162.6543608,4A (Hard Routing),0.941,8.045,0.244,1.655,181.4,9.777157730955661e-06
18925,1790861184.9482965,4A (Hard Routing),0.8808,8.0306,0.2937,0.0,119.6,9.776444673925656e-06
18950,1790861211.8764837,4A (Hard Routing),1.0614,8.0421,0.5348,0.0,128.1,9.775730503973176e-06
18975,1790861231.2493608,4A (Hard Routing),0.8458,8.0618,0.2868,0.0,129.5,9.775015221264623e-06
19000,1790861254.509553,4A (Hard Routing),0.8631,8.0449,0.2776,1.004,124.7,9.774179318593635e-06
19025,1790861284.8338244,4A (Hard Routing),0.8206,8.0226,0.0971,0.0,138.1,9.773461625485685e-06
19050,1790861307.5399895,4A (Hard Routing),0.7705,8.0094,0.1118,0.0,153.2,9.772742820150316e-06
19075,1790861324.9759712,4A (Hard Routing),0.9711,8.0363,0.3064,0.0,122.5,9.772022902755012e-06
19100,1790861348.865886,4A (Hard Routing),0.9939,8.0165,0.2112,1.133,171.0,9.771181593830762e-06
19125,1790861372.10829,4A (Hard Routing),0.9523,8.0211,0.1822,0.0,48.3,9.770459267548062e-06
19150,1790861395.924262,4A (Hard Routing),0.921,8.0195,0.3102,0.0,158.0,9.769735829737502e-06
19175,1790861418.8891459,4A (Hard Routing),0.8895,8.0348,0.156,0.0,186.1,9.76901128056764e-06
19200,1790861438.1515727,4A (Hard Routing),0.8756,7.9881,0.2084,1.013,228.3,9.768164568793372e-06
19225,1790861460.4905107,4A (Hard Routing),0.7406,8.0237,0.2646,0.0,111.4,9.76743761225786e-06
19250,1790861484.6443791,4A (Hard Routing),0.8236,8.0072,0.1866,0.0,135.4,9.766709544898538e-06
19275,1790861510.8593848,4A (Hard Routing),0.9087,8.0049,0.1908,0.0,141.7,9.765980366885048e-06
19300,1790861529.3809655,4A (Hard Routing),0.9295,8.0387,0.1419,1.562,202.7,9.76512825568586e-06
19325,1790861551.9882603,4A (Hard Routing),0.8285,8.0403,0.2581,0.0,110.8,9.764396671838206e-06
19350,1790861574.905344,4A (Hard Routing),0.934,8.015,0.2869,0.0,116.0,9.763663977875287e-06
19375,1790861596.638329,4A (Hard Routing),0.9382,7.996,0.2875,0.0,265.1,9.762930173967824e-06
19400,1790861620.710758,4A (Hard Routing),0.84,8.0261,0.1957,1.186,196.1,9.762072666790658e-06
19425,1790861644.4718237,4A (Hard Routing),0.9293,8.0144,0.2577,0.0,110.0,9.761336458590246e-06
19450,1790861665.5555968,4A (Hard Routing),0.972,8.0262,0.1628,0.0,132.2,9.760599140987604e-06
19475,1790861687.1635332,4A (Hard Routing),0.949,8.0483,0.2859,0.0,138.0,9.759860714154533e-06
19500,1790861714.0524852,4A (Hard Routing),0.8947,8.0493,0.1082,1.13,118.1,9.758997814468158e-06
19525,1790861731.522669,4A (Hard Routing),0.8288,8.1353,0.2217,0.0,80.4,9.75825698489308e-06
19550,1790861754.158613,4A (Hard Routing),0.8591,8.0323,0.2294,0.0,129.3,9.7575150466333e-06
19575,1790861776.656699,4A (Hard Routing),0.8307,8.0116,0.2433,0.0,63.9,9.75677199986169e-06
19600,1790861798.593495,4A (Hard Routing),0.8191,8.126,0.211,1.035,257.2,9.755903711156685e-06
19625,1790861822.8375459,4A (Hard Routing),0.8993,8.0168,0.197,0.0,130.2,9.755158263203728e-06
19650,1790861846.462093,4A (Hard Routing),0.9109,8.0294,0.1401,0.0,179.7,9.754411707288079e-06
19675,1790861868.0267847,4A (Hard Routing),0.9297,8.0101,0.2266,0.0,151.0,9.753664043583687e-06
19700,1790861887.9647775,4A (Hard Routing),0.8006,7.9964,0.1791,1.248,219.6,9.752790369372434e-06
19725,1790861915.2101812,4A (Hard Routing),0.9513,8.0517,0.3798,0.0,107.2,9.752040306057068e-06
19750,1790861933.598015,4A (Hard Routing),0.8869,8.0774,0.3018,0.0,107.9,9.751289135505501e-06
19775,1790861955.4317322,4A (Hard Routing),0.8349,8.0061,0.3294,0.0,191.4,9.750536857892756e-06
19800,1790861977.0374138,4A (Hard Routing),1.0708,8.0421,0.2265,1.488,215.9,9.749657801709425e-06
19825,1790861999.8582077,4A (Hard Routing),0.9668,8.0095,0.2678,0.0,187.7,9.748903126065788e-06
19850,1790862025.3357713,4A (Hard Routing),1.0091,8.0709,0.3958,0.0,147.4,9.748147343916921e-06
19875,1790862044.3729432,4A (Hard Routing),0.8567,8.0236,0.199,0.0,176.2,9.747390455438921e-06
19900,1790862066.253751,4A (Hard Routing),0.8665,8.0298,0.1717,0.973,232.9,9.746506020839449e-06
19925,1790862089.8055682,4A (Hard Routing),0.8083,8.0694,0.1858,0.0,128.0,9.745746735920339e-06
19950,1790862116.5176156,4A (Hard Routing),0.8336,8.0159,0.2512,0.0,128.9,9.744986345231441e-06
19975,1790862134.9157538,4A (Hard Routing),0.8644,8.044,0.1903,0.0,202.6,9.744224848949935e-06
20000,1790862157.5478218,4A (Hard Routing),0.8845,8.0337,0.2069,1.268,173.8,9.743335039512015e-06
20025,1790862178.9072614,4A (Hard Routing),0.8996,8.0325,0.2018,0.0,105.3,9.742571148388872e-06
20050,1790862203.3479965,4A (Hard Routing),0.9016,8.0389,0.2453,0.0,151.9,9.741806152235865e-06
20075,1790862227.9945564,4A (Hard Routing),0.8675,8.0264,0.1817,0.0,166.4,9.741040051231236e-06
20100,1790862250.1739538,4A (Hard Routing),0.9514,8.0058,0.2269,1.135,240.8,9.740144870554306e-06
20125,1790862271.0689,4A (Hard Routing),0.907,8.0107,0.271,0.0,139.0,9.739376376317207e-06
20150,1790862292.133232,4A (Hard Routing),0.9526,8.0,0.2779,0.0,65.8,9.738606777794633e-06
20175,1790862320.6032207,4A (Hard Routing),0.9505,8.0256,0.3024,0.0,138.9,9.737836075165897e-06
20200,1790862338.5195308,4A (Hard Routing),0.8507,8.0201,0.2061,1.024,151.8,9.736935526871121e-06
20225,1790862359.0726311,4A (Hard Routing),0.9185,8.0761,0.203,0.0,88.5,9.736162432628762e-06
20250,1790862385.4148557,4A (Hard Routing),0.8369,8.0298,0.1774,0.0,24.6,9.73538823484978e-06
20275,1790862407.1793675,4A (Hard Routing),0.8067,8.0406,0.2406,0.0,271.5,9.734612933714568e-06
20300,1790862431.5728345,4A (Hard Routing),0.8022,8.0369,0.2129,1.059,238.9,9.733707021444823e-06
20325,1790862449.8031578,4A (Hard Routing),1.0278,8.0197,0.3625,0.0,127.4,9.732929330324505e-06
20350,1790862472.0960763,4A (Hard Routing),0.8718,8.0291,0.3088,0.0,162.2,9.732150536420886e-06
20375,1790862494.5880024,4A (Hard Routing),0.8338,8.0143,0.2844,0.0,79.1,9.731370639915427e-06
20400,1790862515.9784465,4A (Hard Routing),0.8766,8.0441,0.2698,1.358,209.0,9.730459367335288e-06
20425,1790862540.032633,4A (Hard Routing),0.8785,8.0485,0.2344,0.0,108.9,9.72967708248291e-06
20450,1790862563.8921287,4A (Hard Routing),0.8098,8.0043,0.1429,0.0,171.5,9.728893695605013e-06
20475,1790862584.4870398,4A (Hard Routing),0.9168,8.0045,0.293,0.0,187.6,9.728109206884125e-06
20500,1790862607.2457952,4A (Hard Routing),1.0036,8.0032,0.4278,1.266,268.7,9.727192577679852e-06
20525,1790862633.149934,4A (Hard Routing),0.88,8.0563,0.3736,0.0,131.8,9.726405702259896e-06
20550,1790862651.7199345,4A (Hard Routing),0.7997,8.0347,0.3011,0.0,121.2,9.725617725576658e-06
20575,1790862675.1447809,4A (Hard Routing),0.8712,8.023,0.1871,0.0,175.8,9.72482864781374e-06
20600,1790862698.3717782,4A (Hard Routing),0.9469,8.0412,0.2277,1.039,223.0,9.72390666569326e-06
20625,1790862719.356879,4A (Hard Routing),0.9257,8.0426,0.1798,0.0,132.0,9.723115202888773e-06
20650,1790862743.889871,4A (Hard Routing),0.9464,8.0468,0.1213,0.0,144.2,9.7223226395877e-06
20675,1790862766.2804072,4A (Hard Routing),0.8678,8.04,0.2901,0.0,196.7,9.72152897597471e-06
20700,1790862788.3164163,4A (Hard Routing),0.954,8.0005,0.161,1.504,185.2,9.720601644667604e-06
20725,1790862810.856198,4A (Hard Routing),0.8323,8.0342,0.0954,0.0,128.0,9.719805597680197e-06
20750,1790862835.229835,4A (Hard Routing),0.8898,8.0332,0.227,0.0,140.0,9.719008450967346e-06
20775,1790862857.8211305,4A (Hard Routing),0.869,8.0256,0.2976,0.0,384.9,9.718210204714794e-06
20800,1790862879.2913992,4A (Hard Routing),0.8344,8.0269,0.2842,1.175,219.2,9.717277527972282e-06
20825,1790862902.8245642,4A (Hard Routing),0.898,8.0096,0.3982,0.0,27.2,9.716476900022102e-06
20850,1790862929.0371833,4A (Hard Routing),0.9475,8.0235,0.3763,0.0,141.1,9.715675173122077e-06
20875,1790862946.1318688,4A (Hard Routing),1.003,8.019,0.197,0.0,162.7,9.714872347459008e-06
20900,1790862966.3028471,4A (Hard Routing),0.8151,7.9928,0.1498,1.016,163.8,9.713934329053933e-06
20925,1790862989.09978,4A (Hard Routing),0.9128,8.0171,0.3525,0.0,98.7,9.713129123379666e-06
20950,1790863012.0451066,4A (Hard Routing),0.8504,8.0556,0.3035,0.0,148.9,9.712322819535592e-06
20975,1790863036.5978103,4A (Hard Routing),0.8278,8.0539,0.2683,0.0,146.1,9.711515417709578e-06
21000,1790863061.484837,4A (Hard Routing),0.8468,8.0901,0.2441,1.124,40.4,9.710572061436389e-06
21025,1790863083.7681997,4A (Hard Routing),0.9643,8.0157,0.3069,0.0,129.9,9.709762281295235e-06
21050,1790863103.616914,4A (Hard Routing),0.8825,8.1546,0.2004,0.0,177.5,9.708951403768752e-06
21075,1790863133.3944013,4A (Hard Routing),0.8256,8.011,0.3265,0.0,386.6,9.70813942904588e-06
21100,1790863150.9425354,4A (Hard Routing),0.8684,8.0437,0.3146,1.043,101.5,9.70719073872062e-06
21125,1790863172.1711526,4A (Hard Routing),0.8988,8.0729,0.3452,0.0,130.9,9.706376387388279e-06
21150,1790863193.6116493,4A (Hard Routing),0.8915,8.0311,0.0909,0.0,165.2,9.705560939459534e-06
21175,1790863215.5509396,4A (Hard Routing),0.8276,8.1018,0.3062,0.0,63.4,9.704744395124384e-06
21200,1790863240.7433279,4A (Hard Routing),0.8677,8.1077,0.1587,1.038,194.5,9.703790374584674e-06
21225,1790863264.1321015,4A (Hard Routing),0.9211,8.052,0.4117,0.0,192.3,9.702971455355343e-06
21250,1790863284.825908,4A (Hard Routing),0.9323,8.0435,0.2408,0.0,156.7,9.702151440322964e-06
21275,1790863304.4747963,4A (Hard Routing),0.8266,8.0638,0.1614,0.0,196.7,9.701330329678601e-06
21300,1790863332.5286438,4A (Hard Routing),0.9957,8.0099,0.1819,1.305,184.7,9.700370982783625e-06
21325,1790863350.4803407,4A (Hard Routing),0.9269,8.035,0.3134,0.0,118.9,9.699547498969978e-06
21350,1790863372.7928362,4A (Hard Routing),0.8898,8.0719,0.1421,0.0,95.7,9.698722920151074e-06
21375,1790863393.897509,4A (Hard Routing),0.8883,8.019,0.2328,0.0,108.3,9.697897246519037e-06
21400,1790863416.5492213,4A (Hard Routing),0.9178,8.0346,0.3136,1.275,129.3,9.69693257714952e-06
21425,1790863440.5857,4A (Hard Routing),0.8852,8.0083,0.2481,0.0,84.0,9.696104532082695e-06
21450,1790863461.7900538,4A (Hard Routing),0.8989,8.008,0.2217,0.0,159.4,9.69527539281283e-06
21475,1790863483.2291727,4A (Hard Routing),0.8373,8.0071,0.3027,0.0,97.3,9.694445159533117e-06
21500,1790863504.257401,4A (Hard Routing),0.8317,7.9905,0.1847,0.863,207.8,9.693475171591319e-06
21525,1790863531.4168048,4A (Hard Routing),0.9375,8.0682,0.4072,0.0,127.0,9.692642568620904e-06
21550,1790863549.34416,4A (Hard Routing),0.9112,8.0727,0.2682,0.0,151.7,9.691808872254093e-06
21575,1790863571.6553576,4A (Hard Routing),0.9666,8.0756,0.3692,0.0,136.9,9.690974082685144e-06
21600,1790863593.5782318,4A (Hard Routing),0.8104,8.0048,0.2862,0.873,282.0,9.689998780094839e-06
21625,1790863622.9132376,4A (Hard Routing),0.9433,8.0411,0.349,0.0,9.4,9.68916162258886e-06
21650,1790863639.4011378,4A (Hard Routing),0.8605,8.0101,0.1731,0.0,137.6,9.688323372497556e-06
21675,1790863659.3194246,4A (Hard Routing),0.8569,8.0928,0.2294,0.0,149.6,9.68748403001624e-06
21700,1790863684.3608098,4A (Hard Routing),0.8836,8.0185,0.2055,1.061,217.9,9.686503416722696e-06
21725,1790863704.188799,4A (Hard Routing),0.8183,8.072,0.2774,0.0,122.3,9.685661708067607e-06
21750,1790863729.5368023,4A (Hard Routing),0.8471,8.0411,0.3578,0.0,120.5,9.684818907642676e-06
21775,1790863752.6098936,4A (Hard Routing),0.8277,8.0264,0.1891,0.0,23.8,9.683975015644284e-06
21800,1790863770.6338458,4A (Hard Routing),0.9374,8.0451,0.1845,1.281,91.7,9.682989095614262e-06
21825,1790863795.0982156,4A (Hard Routing),0.804,8.0108,0.2545,0.0,123.5,9.682142839214916e-06
21850,1790863820.802442,4A (Hard Routing),0.9103,8.032,0.1465,0.0,160.9,9.68129549186564e-06
21875,1790863837.269346,4A (Hard Routing),0.8293,8.0266,0.3102,0.0,182.9,9.680447053763864e-06
21900,1790863858.030388,4A (Hard Routing),0.8203,8.0195,0.226,0.946,189.2,9.679455830985579e-06
21925,1790863879.5565667,4A (Hard Routing),0.9569,8.0621,0.3696,0.0,155.9,9.67860503026524e-06
21950,1790863902.8655975,4A (Hard Routing),0.8578,8.0464,0.2644,0.0,79.6,9.677753139419286e-06
21975,1790863927.2027392,4A (Hard Routing),0.8415,8.0316,0.2307,0.0,177.5,9.67690015864621e-06
22000,1790863946.539663,4A (Hard Routing),0.7787,8.0288,0.1595,0.877,170.2,9.675903637129333e-06
22025,1790863970.6713123,4A (Hard Routing),0.8095,8.0093,0.1408,0.0,148.3,9.67504829552964e-06
22050,1790863993.2997022,4A (Hard Routing),0.8004,8.0364,0.2638,0.0,141.0,9.674191864633059e-06
22075,1790864020.5469463,4A (Hard Routing),0.8011,8.0154,0.2005,0.0,121.5,9.673334344639137e-06
22100,1790864038.939518,4A (Hard Routing),0.8414,8.0208,0.1797,1.258,146.1,9.672332528414778e-06
22125,1790864060.7605815,4A (Hard Routing),0.9721,8.0166,0.3691,0.0,131.7,9.671472649395736e-06
22150,1790864081.1962059,4A (Hard Routing),0.8496,8.0287,0.1363,0.0,151.8,9.670611681912941e-06
22175,1790864104.3650486,4A (Hard Routing),0.8921,8.0423,0.2704,0.0,207.4,9.669749626166998e-06
22200,1790864127.5693035,4A (Hard Routing),0.8063,8.0785,0.2184,1.34,202.1,9.668742519287681e-06
22225,1790864150.8262436,4A (Hard Routing),0.7516,8.0592,0.2047,0.0,130.6,9.667878106327655e-06
22250,1790864171.8374677,4A (Hard Routing),0.9021,8.0246,0.1841,0.0,132.5,9.667012605741411e-06
22275,1790864192.5277467,4A (Hard Routing),0.7459,8.0056,0.2043,0.0,152.4,9.666146017730612e-06
22300,1790864216.5756462,4A (Hard Routing),0.8416,7.9989,0.1806,1.06,182.3,9.665133624270262e-06
22325,1790864235.0486243,4A (Hard Routing),0.8349,8.0396,0.1313,0.0,157.2,9.664264680865955e-06
22350,1790864257.17936,4A (Hard Routing),0.768,8.0252,0.1316,0.0,118.6,9.663394650677368e-06
22375,1790864281.808166,4A (Hard Routing),0.9086,8.0219,0.2385,0.0,146.4,9.662523533907215e-06
22400,1790864307.319357,4A (Hard Routing),0.8101,8.0039,0.2048,1.083,249.8,9.661505857961142e-06
22425,1790864324.1809375,4A (Hard Routing),0.9327,8.01,0.3507,0.0,110.9,9.660632387627584e-06
22450,1790864346.8432896,4A (Hard Routing),0.8457,8.0423,0.2866,0.0,108.7,9.659757831356078e-06
22475,1790864367.2671032,4A (Hard Routing),0.8412,8.0508,0.3274,0.0,150.1,9.658882189350396e-06
22500,1790864389.5823884,4A (Hard Routing),0.8626,8.0351,0.222,1.32,427.9,9.657859235035279e-06
22525,1790864412.1128006,4A (Hard Routing),0.7933,7.9919,0.2156,0.0,132.1,9.656981241305811e-06
22550,1790864435.2717276,4A (Hard Routing),0.7543,8.006,0.2359,0.0,160.0,9.656102162489121e-06
22575,1790864456.0244641,4A (Hard Routing),0.7987,8.001,0.2105,0.0,190.0,9.655221998790036e-06
22600,1790864477.2296047,4A (Hard Routing),0.8996,8.0261,0.2011,1.126,240.5,9.654193770243907e-06
22625,1790864504.0875711,4A (Hard Routing),0.8148,8.0719,0.2226,0.0,11.2,9.653311256670173e-06
22650,1790864520.4838629,4A (Hard Routing),0.8627,8.0037,0.1608,0.0,117.4,9.652427658864327e-06
22675,1790864541.2465441,4A (Hard Routing),0.828,8.0123,0.1887,0.0,241.8,9.651542977032256e-06
22700,1790864562.5930324,4A (Hard Routing),0.8646,8.0202,0.1445,1.407,246.0,9.650509478414483e-06
22725,1790864585.5642295,4A (Hard Routing),0.8859,8.0517,0.4613,0.0,121.3,9.6496224485664e-06
22750,1790864609.2251997,4A (Hard Routing),0.8403,8.0127,0.2062,0.0,113.7,9.648734335345713e-06
22775,1790864626.6660805,4A (Hard Routing),0.9847,8.0023,0.1531,0.0,182.2,9.647845138959349e-06
22800,1790864649.4535155,4A (Hard Routing),0.9085,8.0559,0.1392,1.458,207.5,9.646806374450615e-06
22825,1790864671.0037766,4A (Hard Routing),0.8062,8.0138,0.2236,0.0,53.5,9.645914831916382e-06
22850,1790864694.3182843,4A (Hard Routing),0.8622,8.0245,0.2678,0.0,134.5,9.645022206873425e-06
22875,1790864718.0675097,4A (Hard Routing),0.8514,8.0407,0.2602,0.0,215.6,9.644128499529725e-06
22900,1790864740.361877,4A (Hard Routing),0.9217,8.0328,0.2193,1.091,280.6,9.643084473332018e-06
22925,1790864762.8439639,4A (Hard Routing),0.9062,8.0394,0.343,0.0,134.7,9.642188421718082e-06
22950,1790864781.8269236,4A (Hard Routing),0.8502,8.0246,0.1827,0.0,150.9,9.641291288463681e-06
22975,1790864807.5042038,4A (Hard Routing),0.8806,8.0395,0.3449,0.0,152.7,9.640393073777853e-06
23000,1790864825.4022238,4A (Hard Routing),0.8015,8.0341,0.2242,0.964,202.7,9.639343790114443e-06
23025,1790864854.2278938,4A (Hard Routing),0.86,8.0237,0.0686,0.0,136.9,9.638443233045488e-06
23050,1790864874.932496,4A (Hard Routing),0.9125,8.0217,0.309,0.0,159.0,9.637541595208708e-06
23075,1790864894.4288576,4A (Hard Routing),0.9123,8.0047,0.2408,0.0,83.2,9.636638876814186e-06
23100,1790864918.085457,4A (Hard Routing),0.8196,8.0458,0.1508,1.183,179.7,9.635584339929612e-06
23125,1790864940.7779744,4A (Hard Routing),0.9662,8.0626,0.3003,0.0,79.3,9.634679281048553e-06
23150,1790864961.2379336,4A (Hard Routing),0.9028,8.0188,0.2324,0.0,140.0,9.633773142276678e-06
23175,1790864981.9902246,4A (Hard Routing),0.8232,8.0152,0.2068,0.0,210.2,9.632865923825118e-06
23200,1790865007.305588,4A (Hard Routing),0.9879,8.1195,0.1856,1.176,260.1,9.631806137985167e-06
23225,1790865024.9040332,4A (Hard Routing),0.884,8.0629,0.241,0.0,222.7,9.63089658095313e-06
23250,1790865047.3180182,4A (Hard Routing),0.874,8.0101,0.2767,0.0,165.7,9.62998594491165e-06
23275,1790865068.6107626,4A (Hard Routing),0.9604,8.0358,0.4376,0.0,169.0,9.629074230072913e-06
23300,1790865090.4051561,4A (Hard Routing),0.846,8.0366,0.1202,1.211,177.3,9.628009199564608e-06
23325,1790865113.9496555,4A (Hard Routing),0.8959,8.0587,0.2101,0.0,76.1,9.627095148060906e-06
23350,1790865133.8128269,4A (Hard Routing),0.8332,8.0073,0.2068,0.0,125.8,9.626180018433508e-06
23375,1790865156.8887913,4A (Hard Routing),0.8435,8.0286,0.2965,0.0,223.1,9.625263810895643e-06
23400,1790865176.5213714,4A (Hard Routing),0.9949,8.0597,0.3413,1.304,209.0,9.624193540027219e-06
23425,1790865203.4971848,4A (Hard Routing),0.929,8.029,0.338,0.0,125.5,9.623274997749355e-06
23450,1790865221.3392272,4A (Hard Routing),0.8611,8.0141,0.1873,0.0,173.3,9.6223553782379e-06
23475,1790865243.849597,4A (Hard Routing),0.9491,8.0184,0.2529,0.0,188.6,9.621434681707127e-06
23500,1790865267.6457846,4A (Hard Routing),0.8537,8.0216,0.1023,1.207,205.8,9.62035917480802e-06
23525,1790865286.754493,4A (Hard Routing),0.8823,8.0429,0.2585,0.0,69.9,9.619436145471663e-06
23550,1790865310.034638,4A (Hard Routing),0.8993,8.0205,0.2257,0.0,100.2,9.618512039796173e-06
23575,1790865332.6935337,4A (Hard Routing),0.8421,8.0308,0.211,0.0,191.0,9.617586857996871e-06
23600,1790865353.2814436,4A (Hard Routing),0.8739,8.0578,0.2038,1.099,198.3,9.616506119417698e-06
23625,1790865374.5466444,4A (Hard Routing),0.9807,8.0139,0.3148,0.0,158.4,9.615578606756661e-06
23650,1790865400.4658618,4A (Hard Routing),0.8079,8.0086,0.2419,0.0,176.1,9.61465001865531e-06
23675,1790865418.2420034,4A (Hard Routing),0.7693,8.0288,0.2249,0.0,215.2,9.613720355330007e-06
23700,1790865440.101597,4A (Hard Routing),0.905,8.0578,0.4688,1.131,201.0,9.612634389442545e-06
23725,1790865463.5110915,4A (Hard Routing),0.8938,8.0845,0.1443,0.0,111.6,9.611702397208784e-06
23750,1790865489.9800284,4A (Hard Routing),0.8412,8.0265,0.115,0.0,156.6,9.610769330437873e-06
23775,1790865507.094735,4A (Hard Routing),0.7748,8.0412,0.3448,0.0,158.5,9.609835189347219e-06
23800,1790865529.2108376,4A (Hard Routing),0.8728,7.9944,0.1504,1.218,241.8,9.608744000544392e-06
23825,1790865549.6227267,4A (Hard Routing),0.9271,8.044,0.4295,0.0,131.5,9.60780753250798e-06
23850,1790865571.7108362,4A (Hard Routing),0.9234,8.0136,0.2043,0.0,120.9,9.60686999084193e-06
23875,1790865598.9462144,4A (Hard Routing),0.853,8.0017,0.2351,0.0,214.2,9.605931375764692e-06
23900,1790865618.63993,4A (Hard Routing),0.9042,8.0335,0.2135,1.363,182.2,9.604834968460554e-06
23925,1790865641.5850902,4A (Hard Routing),0.8078,8.0366,0.2755,0.0,163.3,9.603894028409668e-06
23950,1790865662.606934,4A (Hard Routing),0.8477,8.0183,0.2699,0.0,178.7,9.602952015641002e-06
23975,1790865687.5488625,4A (Hard Routing),0.8081,8.0179,0.2465,0.0,198.6,9.602008930374043e-06
24000,1790865705.2316704,4A (Hard Routing),0.9123,8.0604,0.1858,1.184,158.0,9.600907309003756e-06
24025,1790865727.140062,4A (Hard Routing),0.8232,8.0287,0.2209,0.0,132.7,9.599961900744668e-06
24050,1790865750.8361082,4A (Hard Routing),0.9033,8.0311,0.2655,0.0,155.8,9.599015420683992e-06
24075,1790865772.4715705,4A (Hard Routing),0.8084,8.0324,0.1229,0.0,155.5,9.59806786904226e-06
24100,1790865796.488634,4A (Hard Routing),0.877,8.0241,0.2327,1.21,235.6,9.596961038062077e-06
24125,1790865818.7157445,4A (Hard Routing),0.846,8.0311,0.2652,0.0,146.1,9.596011165419129e-06
24150,1790865837.9792192,4A (Hard Routing),0.8343,8.014,0.3077,0.0,166.4,9.595060221895125e-06
24175,1790865861.6826916,4A (Hard Routing),0.9025,8.004,0.1399,0.0,192.7,9.594108207711634e-06
24200,1790865885.586508,4A (Hard Routing),0.893,8.0816,0.1774,1.536,234.7,9.592996171598882e-06
24225,1790865907.1888142,4A (Hard Routing),0.7943,8.0372,0.3858,0.0,122.9,9.592041838414478e-06
24250,1790865927.8721025,4A (Hard Routing),1.0707,8.0412,0.4585,0.0,144.3,9.591086435273877e-06
24275,1790865949.0635197,4A (Hard Routing),0.9767,8.0416,0.2528,0.0,192.5,9.590129962399694e-06
24300,1790865973.3306012,4A (Hard Routing),0.8685,8.1266,0.1309,1.001,226.0,9.589012725652757e-06
24325,1790865990.269595,4A (Hard Routing),0.9014,8.0287,0.22,0.0,101.4,9.588053935787342e-06
24350,1790866011.2475314,4A (Hard Routing),0.8738,8.0054,0.2848,0.0,181.4,9.587094076894925e-06
24375,1790866032.2956886,4A (Hard Routing),0.7455,8.0205,0.1826,0.0,187.1,9.586133149199151e-06
24400,1790866053.3279617,4A (Hard Routing),0.7982,8.0375,0.4508,1.05,187.8,9.585010716337447e-06
24425,1790866077.5951788,4A (Hard Routing),0.7638,8.0315,0.1028,0.0,135.5,9.584047473669498e-06
24450,1790866099.139267,4A (Hard Routing),0.9132,8.0225,0.2772,0.0,141.5,9.58308316290806e-06
24475,1790866119.2527146,4A (Hard Routing),0.8332,8.0393,0.3447,0.0,191.6,9.582117784277819e-06
24500,1790866138.8820202,4A (Hard Routing),0.9379,8.0671,0.159,1.265,134.1,9.580990159841788e-06
24525,1790866166.4439619,4A (Hard Routing),0.8413,8.0429,0.1024,0.0,116.1,9.58002246826779e-06
24550,1790866182.9583347,4A (Hard Routing),0.8962,8.0164,0.2179,0.0,130.3,9.57905370953814e-06
24575,1790866205.9041002,4A (Hard Routing),0.9183,8.0185,0.2438,0.0,183.4,9.57808388387856e-06
24600,1790866227.8631308,4A (Hard Routing),0.7568,8.0039,0.2235,1.017,288.9,9.576951072429644e-06
24625,1790866250.1676989,4A (Hard Routing),0.7822,8.0333,0.1612,0.0,70.4,9.575978935864084e-06
24650,1790866272.748547,4A (Hard Routing),0.9472,8.0199,0.0817,0.0,136.3,9.575005733085021e-06
24675,1790866294.6220422,4A (Hard Routing),0.8813,8.0079,0.1728,0.0,187.6,9.574031464319216e-06
24700,1790866312.1859384,4A (Hard Routing),0.8833,8.0051,0.1686,1.084,263.0,9.57289347043984e-06
24725,1790866335.689366,4A (Hard Routing),0.7809,8.0562,0.1453,0.0,122.7,9.571916892815179e-06
24750,1790866360.4720552,4A (Hard Routing),0.894,8.0069,0.1768,0.0,148.2,9.570939249923482e-06
24775,1790866377.2782593,4A (Hard Routing),0.8297,8.0475,0.2601,0.0,200.0,9.569960541992543e-06
24800,1790866398.4394522,4A (Hard Routing),0.8768,8.0895,0.1915,1.077,253.3,9.56881737028609e-06
24825,1790866419.2182724,4A (Hard Routing),0.8793,8.0487,0.3708,0.0,143.4,9.56783635555276e-06
24850,1790866439.9183092,4A (Hard Routing),0.8535,8.0357,0.3075,0.0,158.8,9.566854276503168e-06
24875,1790866463.0517452,4A (Hard Routing),0.7584,8.028,0.2239,0.0,221.3,9.56587113336614e-06
24900,1790866484.9040067,4A (Hard Routing),0.8489,8.0078,0.2715,1.051,268.8,9.564722788456943e-06
24925,1790866505.9212496,4A (Hard Routing),0.7825,8.0236,0.2267,0.0,149.9,9.563737340583323e-06
24950,1790866526.3678875,4A (Hard Routing),0.8556,8.0366,0.1846,0.0,125.2,9.56275082934852e-06
24975,1790866552.922844,4A (Hard Routing),0.9156,8.0614,0.3465,0.0,164.2,9.561763254982392e-06
25000,1790866569.956825,4A (Hard Routing),0.7963,8.0399,0.1932,1.465,136.1,9.560609741515711e-06
25025,1790866600.2922208,4A (Hard Routing),0.9682,8.0078,0.1077,0.0,132.0,9.55961986448811e-06
25050,1790866614.9346585,4A (Hard Routing),0.8464,8.0282,0.1641,0.0,166.5,9.558628925058709e-06
25075,1790866637.498752,4A (Hard Routing),0.8731,8.0544,0.2642,0.0,199.7,9.557636923458396e-06
25100,1790866661.3354096,4A (Hard Routing),0.9079,8.0176,0.2747,1.076,188.5,9.556478246100395e-06
25125,1790866684.028513,4A (Hard Routing),0.7971,8.0128,0.2284,0.0,136.6,9.55548394392304e-06
25150,1790866704.0912783,4A (Hard Routing),0.9507,8.0127,0.1888,0.0,158.1,9.554488580307566e-06
25175,1790866723.5799294,4A (Hard Routing),0.8945,8.0397,0.2046,0.0,138.4,9.553492155485888e-06
25200,1790866749.1815565,4A (Hard Routing),0.8137,8.0078,0.1738,1.045,233.6,9.552328318923626e-06
25225,1790866765.87397,4A (Hard Routing),0.9263,8.035,0.2665,0.0,87.1,9.551329595618648e-06
25250,1790866788.0478175,4A (Hard Routing),0.8349,8.0475,0.2168,0.0,151.0,9.550329811843519e-06
25275,1790866811.014354,4A (Hard Routing),0.8507,8.0344,0.2419,0.0,185.2,9.549328967831194e-06
25300,1790866837.5658908,4A (Hard Routing),0.7777,8.1099,0.1552,1.042,38.6,9.548159976772593e-06
25325,1790866853.8485148,4A (Hard Routing),0.8875,8.0499,0.2596,0.0,92.9,9.547156836380002e-06
25350,1790866875.5101254,4A (Hard Routing),0.7933,8.0036,0.1396,0.0,170.9,9.546152636489526e-06
25375,1790866896.0582983,4A (Hard Routing),0.8764,8.035,0.1083,0.0,144.5,9.545147377335143e-06
25400,1790866917.844312,4A (Hard Routing),0.836,8.0594,0.2784,1.018,163.1,9.543973236508978e-06
25425,1790866942.0158052,4A (Hard Routing),0.899,8.0527,0.3241,0.0,124.0,9.542965683086658e-06
25450,1790866959.9505615,4A (Hard Routing),0.8507,8.0107,0.2554,0.0,150.2,9.541957071143e-06
25475,1790866981.6455064,4A (Hard Routing),0.8443,8.018,0.2455,0.0,103.2,9.54094740091301e-06
25500,1790867004.9760072,4A (Hard Routing),0.8711,8.0537,0.2657,0.928,287.6,9.539768115068891e-06
25525,1790867030.8506503,4A (Hard Routing),0.8913,8.0167,0.0933,0.0,184.3,9.53875615269257e-06
25550,1790867047.9333346,4A (Hard Routing),0.8916,8.0322,0.3238,0.0,120.2,9.537743132775743e-06
25575,1790867069.2578807,4A (Hard Routing),0.8881,8.0177,0.2147,0.0,177.0,9.53672905555444e-06
25600,1790867090.4231734,4A (Hard Routing),0.8195,8.0367,0.1805,0.91,224.1,9.535544629462788e-06
25625,1790867111.056331,4A (Hard Routing),0.8612,8.004,0.2301,0.0,51.2,9.534528262226035e-06
25650,1790867133.4500096,4A (Hard Routing),0.8031,8.0419,0.2034,0.0,183.6,9.533510838433884e-06
25675,1790867151.09147,4A (Hard Routing),0.9117,8.0071,0.1944,0.0,98.6,9.532492358323392e-06
25700,1790867173.0211403,4A (Hard Routing),0.8228,8.0441,0.2242,1.187,192.3,9.531302796775416e-06
25725,1790867194.3721974,4A (Hard Routing),0.782,8.0212,0.1979,0.0,116.5,9.53028202878962e-06
25750,1790867214.1370509,4A (Hard Routing),0.9521,8.023,0.3198,0.0,158.1,9.529260205237804e-06
25775,1790867238.1483598,4A (Hard Routing),0.8489,8.0863,0.2464,0.0,156.2,9.528237326358057e-06
25800,1790867260.8907511,4A (Hard Routing),0.8413,8.0315,0.14,0.995,221.3,9.527042634165745e-06
25825,1790867280.604106,4A (Hard Routing),0.7876,8.027,0.1675,0.0,119.5,9.526017469560088e-06
25850,1790867302.4044027,4A (Hard Routing),0.8275,8.0224,0.1521,0.0,148.5,9.524991250382065e-06
25875,1790867325.8897474,4A (Hard Routing),0.8319,8.044,0.2311,0.0,212.0,9.523963976870787e-06
25900,1790867343.6127474,4A (Hard Routing),0.853,8.0253,0.2235,1.222,204.6,9.522764158866882e-06
25925,1790867364.6441755,4A (Hard Routing),0.8446,8.0623,0.0608,0.0,138.8,9.521734601788339e-06
25950,1790867386.9759018,4A (Hard Routing),0.877,8.0633,0.2314,0.0,140.8,9.520703991135347e-06
25975,1790867413.2070794,4A (Hard Routing),0.9849,8.0224,0.1468,0.0,190.4,9.51967232714804e-06
26000,1790867429.2012198,4A (Hard Routing),0.931,8.0258,0.2056,1.289,181.4,9.51846738818602e-06
26025,1790867451.9004347,4A (Hard Routing),0.7896,8.0289,0.2219,0.0,122.5,9.517433442799331e-06
26050,1790867473.59008,4A (Hard Routing),0.9017,8.0351,0.1256,0.0,169.0,9.516398444840373e-06
26075,1790867495.2612667,4A (Hard Routing),0.8866,8.0977,0.2672,0.0,96.8,9.515362394550303e-06
26100,1790867518.5480647,4A (Hard Routing),0.8348,8.017,0.2144,1.134,189.0,9.514152339504356e-06
26125,1790867541.12455,4A (Hard Routing),0.8943,8.0104,0.2984,0.0,300.7,9.513114009992013e-06
26150,1790867560.8624916,4A (Hard Routing),0.952,8.0419,0.5089,0.0,203.4,9.512074628913839e-06
26175,1790867580.1484363,4A (Hard Routing),0.8999,8.078,0.2139,0.0,143.6,9.511034196512012e-06
26200,1790867607.3485396,4A (Hard Routing),0.8728,8.0408,0.2145,1.32,250.8,9.509819030277027e-06
26225,1790867624.5733633,4A (Hard Routing),0.8132,8.0348,0.1831,0.0,119.6,9.508776320839257e-06
26250,1790867645.7803895,4A (Hard Routing),0.8203,8.0418,0.1503,0.0,124.3,9.507732560846349e-06
26275,1790867665.6330054,4A (Hard Routing),0.8704,7.9985,0.3031,0.0,145.6,9.506687750541496e-06
26300,1790867686.995226,4A (Hard Routing),0.8875,8.0212,0.2213,1.038,351.0,9.505467478033036e-06
26325,1790867711.0070624,4A (Hard Routing),0.8745,8.025,0.2326,0.0,125.8,9.504420392887784e-06
26350,1790867732.1634905,4A (Hard Routing),0.8088,8.0353,0.1554,0.0,18.9,9.503372258202332e-06
26375,1790867752.9507685,4A (Hard Routing),0.7771,8.0224,0.1467,0.0,24.4,9.5023230742209e-06
26400,1790867771.472406,4A (Hard Routing),0.8542,8.0593,0.2406,0.903,96.9,9.50109770037518e-06
26425,1790867798.9133594,4A (Hard Routing),0.9546,8.0158,0.1051,0.0,141.0,9.500046243758093e-06
26450,1790867815.1591587,4A (Hard Routing),0.8723,8.0294,0.2248,0.0,206.2,9.498993738619988e-06
26475,1790867837.333929,4A (Hard Routing),0.868,8.0189,0.4555,0.0,139.7,9.497940185206109e-06
26500,1790867857.0084713,4A (Hard Routing),0.9144,8.0202,0.3084,1.133,149.2,9.49670971497999e-06
26525,1790867878.1950371,4A (Hard Routing),0.8371,8.1148,0.2657,0.0,111.3,9.49565389114439e-06
26550,1790867902.0496843,4A (Hard Routing),0.8689,8.0559,0.28,0.0,155.7,9.494597019811205e-06
26575,1790867921.1321206,4A (Hard Routing),0.9035,8.0578,0.2781,0.0,87.3,9.493539101226692e-06
26600,1790867943.3261032,4A (Hard Routing),0.881,7.9981,0.2307,1.081,203.5,9.492303539597638e-06
26625,1790867963.1690354,4A (Hard Routing),0.87,8.0433,0.3361,0.0,96.7,9.491243352814523e-06
26650,1790867989.8140273,4A (Hard Routing),0.8236,8.039,0.2921,0.0,155.6,9.490182119561489e-06
26675,1790868006.5460503,4A (Hard Routing),0.8989,8.0118,0.2221,0.0,223.7,9.489119840085806e-06
26700,1790868029.9267368,4A (Hard Routing),0.8356,8.0614,0.1805,1.051,241.1,9.487879192051885e-06
26725,1790868048.4386363,4A (Hard Routing),0.8355,8.0292,0.3361,0.0,128.3,9.486814646609897e-06
26750,1790868071.2873213,4A (Hard Routing),0.8056,8.0755,0.163,0.0,175.3,9.485749055729891e-06
26775,1790868093.3511486,4A (Hard Routing),0.7056,8.0209,0.1737,0.0,144.3,9.48468241966015e-06
26800,1790868115.7949803,4A (Hard Routing),0.8106,8.0168,0.2185,1.154,289.0,9.483436690240001e-06
26825,1790868132.9187586,4A (Hard Routing),0.7808,8.0296,0.1934,0.0,98.8,9.482367790445418e-06
26850,1790868154.366954,4A (Hard Routing),0.8687,8.0165,0.2534,0.0,169.3,9.48129784624894e-06
26875,1790868180.6505263,4A (Hard Routing),0.7512,8.0726,0.2124,0.0,143.5,9.48022685789987e-06
26900,1790868197.514911,4A (Hard Routing),0.7941,8.0323,0.1108,1.144,252.7,9.478976052132694e-06
26925,1790868218.5725272,4A (Hard Routing),0.8849,8.0496,0.3388,0.0,98.5,9.4779028023094e-06
26950,1790868239.6590142,4A (Hard Routing),0.8891,8.0247,0.3295,0.0,164.4,9.476828509124568e-06
26975,1790868261.6204662,4A (Hard Routing),0.7978,8.0185,0.3216,0.0,160.1,9.475753172828509e-06
27000,1790868284.6049492,4A (Hard Routing),0.8704,7.9925,0.2355,1.007,152.1,9.474497295774031e-06
27025,1790868313.0068688,4A (Hard Routing),0.7691,8.0294,0.2,0.0,90.8,9.473419700263517e-06
27050,1790868333.3618765,4A (Hard Routing),0.9552,8.0369,0.366,0.0,162.9,9.472341062436035e-06
27075,1790868351.2046225,4A (Hard Routing),0.7523,8.0468,0.1731,0.0,80.9,9.471261382542912e-06
27100,1790868376.470169,4A (Hard Routing),0.79,8.0767,0.1892,1.172,285.7,9.470000439281379e-06
27125,1790868397.5211067,4A (Hard Routing),0.7877,8.0094,0.1283,0.0,158.3,9.468918502442707e-06
27150,1790868417.9329937,4A (Hard Routing),0.8177,8.0414,0.2754,0.0,158.5,9.467835524335856e-06
27175,1790868437.688495,4A (Hard Routing),0.9101,8.0028,0.2091,0.0,208.8,9.466751505213165e-06
27200,1790868463.3170555,4A (Hard Routing),0.9319,8.0212,0.1351,0.987,255.9,9.465485500845317e-06
27225,1790868480.0066423,4A (Hard Routing),0.8583,8.0433,0.1443,0.0,104.3,9.464399227055112e-06
27250,1790868501.2549648,4A (Hard Routing),0.8371,8.0335,0.12,0.0,174.3,9.463311913049733e-06
27275,1790868522.5084362,4A (Hard Routing),0.8587,8.0047,0.1712,0.0,143.1,9.462223559082523e-06
27300,1790868543.321055,4A (Hard Routing),0.8992,7.9966,0.1923,1.005,225.4,9.460952498729572e-06
27325,1790868566.347128,4A (Hard Routing),0.8618,8.0485,0.2482,0.0,87.1,9.459861892382004e-06
27350,1790868585.1313372,4A (Hard Routing),0.8247,8.012,0.1718,0.0,148.3,9.458770246876471e-06
27375,1790868608.6198506,4A (Hard Routing),0.8951,7.9989,0.2764,0.0,175.6,9.457677562467329e-06
27400,1790868627.6705923,4A (Hard Routing),0.8492,8.0133,0.3314,1.265,251.8,9.456401451270937e-06
27425,1790868654.2168832,4A (Hard Routing),0.9239,8.0371,0.4162,0.0,253.0,9.455306516777705e-06
27450,1790868670.0162013,4A (Hard Routing),0.8497,8.0536,0.2918,0.0,106.3,9.454210544187919e-06
27475,1790868692.2983742,4A (Hard Routing),0.8822,8.0344,0.2655,0.0,195.7,9.453113533756944e-06
27500,1790868712.5508583,4A (Hard Routing),0.8813,8.0076,0.2854,1.188,151.5,9.451832376879208e-06
27525,1790868735.9924943,4A (Hard Routing),0.7816,8.1009,0.2005,0.0,160.0,9.450733118669515e-06
27550,1790868758.2982128,4A (Hard Routing),0.9089,8.0341,0.1764,0.0,121.8,9.44963282342888e-06
27575,1790868780.1276832,4A (Hard Routing),0.8219,7.9983,0.2195,0.0,228.1,9.448531491413673e-06
27600,1790868800.548663,4A (Hard Routing),0.7355,8.0374,0.148,1.168,285.2,9.447245294037101e-06
27625,1790868820.0750678,4A (Hard Routing),0.7034,8.0386,0.1387,0.0,155.1,9.446141716557638e-06
27650,1790868845.7614026,4A (Hard Routing),0.8728,8.0113,0.1704,0.0,138.3,9.445037103117042e-06
27675,1790868862.6289747,4A (Hard Routing),0.8218,8.028,0.3342,0.0,119.7,9.443931453972688e-06
27700,1790868883.5673664,4A (Hard Routing),0.8343,8.0338,0.2103,1.088,227.4,9.442640221300174e-06
27725,1790868905.1757026,4A (Hard Routing),0.8178,8.0329,0.2537,0.0,145.5,9.44153232901511e-06
27750,1790868925.921677,4A (Hard Routing),0.8356,8.0038,0.2797,0.0,159.6,9.440423401842911e-06
27775,1790868948.8395648,4A (Hard Routing),0.818,8.0121,0.2199,0.0,154.4,9.439313440041956e-06
27800,1790868971.3477218,4A (Hard Routing),0.7487,8.0146,0.2231,1.029,273.9,9.438017177296767e-06
27825,1790868990.8837588,4A (Hard Routing),0.8375,8.0735,0.1861,0.0,114.1,9.436904974687721e-06
27850,1790869012.4778273,4A (Hard Routing),0.8273,8.0292,0.1421,0.0,77.2,9.435791738269725e-06
27875,1790869038.734878,4A (Hard Routing),0.8439,8.0108,0.2813,0.0,157.0,9.43467746830216e-06
27900,1790869055.8501656,4A (Hard Routing),0.8116,8.0076,0.1079,1.239,210.3,9.433376180727906e-06
27925,1790869076.9281626,4A (Hard Routing),0.856,8.1401,0.2891,0.0,96.2,9.432259672293937e-06
27950,1790869101.1840966,4A (Hard Routing),0.8293,8.0313,0.1501,0.0,21.3,9.431142131133382e-06
27975,1790869118.371127,4A (Hard Routing),0.8446,8.0299,0.1558,0.0,133.7,9.43002355750663e-06
28000,1790869142.8938363,4A (Hard Routing),0.8507,7.9973,0.1057,1.011,278.2,9.42871725036725e-06
28025,1790869169.7678657,4A (Hard Routing),0.805,8.0396,0.3286,0.0,128.5,9.427596440624832e-06
28050,1790869192.478659,4A (Hard Routing),0.7917,8.0232,0.1925,0.0,177.2,9.426474599242368e-06
28075,1790869214.3853471,4A (Hard Routing),0.7185,8.0293,0.1766,0.0,157.8,9.425351726481254e-06
28100,1790869238.2176569,4A (Hard Routing),0.7373,8.016,0.242,0.853,262.2,9.424040405060994e-06
28125,1790869254.825986,4A (Hard Routing),0.8185,8.077,0.2516,0.0,97.1,9.422915298543998e-06
28150,1790869275.3286517,4A (Hard Routing),0.8895,8.0274,0.3581,0.0,118.5,9.421789161477677e-06
28175,1790869296.1000962,4A (Hard Routing),0.8229,8.032,0.3333,0.0,149.3,9.420661994124421e-06
28200,1790869319.1944673,4A (Hard Routing),1.0088,8.0476,0.2769,1.31,110.9,9.419345663727805e-06
28225,1790869340.6231,4A (Hard Routing),0.9166,8.0204,0.1932,0.0,127.6,9.41821626498749e-06
28250,1790869362.573752,4A (Hard Routing),0.8326,8.0124,0.1519,0.0,186.8,9.417085836792731e-06
28275,1790869382.3031144,4A (Hard Routing),0.819,8.0239,0.1648,0.0,134.9,9.415954379406925e-06
28300,1790869402.847136,4A (Hard Routing),0.7318,8.0209,0.1502,1.038,175.6,9.414633045358746e-06
28325,1790869427.8143842,4A (Hard Routing),0.8708,8.0053,0.1473,0.0,129.9,9.413499358963726e-06
28350,1790869445.7322679,4A (Hard Routing),0.8609,8.0113,0.3997,0.0,84.4,9.412364644213315e-06
28375,1790869467.8731787,4A (Hard Routing),0.7563,7.9986,0.1573,0.0,142.8,9.411228901371904e-06
28400,1790869488.5907826,4A (Hard Routing),0.8451,7.997,0.2049,1.221,197.1,9.409902569017191e-06
28425,1790869511.056279,4A (Hard Routing),0.8177,8.0493,0.4134,0.0,131.8,9.40876459955343e-06
28450,1790869533.3111105,4A (Hard Routing),0.8382,8.0436,0.196,0.0,168.2,9.407625602837487e-06
28475,1790869554.1490972,4A (Hard Routing),0.8462,8.0439,0.1651,0.0,211.0,9.406485579134752e-06
28500,1790869573.1483366,4A (Hard Routing),0.8673,8.032,0.1453,0.993,231.7,9.405154253838754e-06
28525,1790869593.9780288,4A (Hard Routing),0.8901,8.0219,0.2111,0.0,56.8,9.40401200590954e-06
28550,1790869619.2579136,4A (Hard Routing),0.8835,8.0215,0.2395,0.0,108.9,9.40286873183551e-06
28575,1790869636.887989,4A (Hard Routing),0.8696,8.0303,0.2603,0.0,115.6,9.401724431883047e-06
28600,1790869659.545737,4A (Hard Routing),0.9477,8.0787,0.3072,1.215,241.9,9.400388119031212e-06
28625,1790869680.798715,4A (Hard Routing),0.8322,8.0171,0.2572,0.0,96.8,9.39924159725714e-06
28650,1790869706.249708,4A (Hard Routing),0.9619,8.0424,0.3371,0.0,203.8,9.398094050449768e-06
28675,1790869722.5005934,4A (Hard Routing),0.9303,8.0433,0.2764,0.0,156.5,9.396945478876476e-06
28700,1790869743.5883813,4A (Hard Routing),0.7772,8.0263,0.1261,1.013,272.6,9.395604183874423e-06
28725,1790869765.05999,4A (Hard Routing),1.0632,8.0963,0.4236,0.0,163.6,9.394453392893377e-06
28750,1790869787.0084448,4A (Hard Routing),0.8124,8.0077,0.2894,0.0,175.2,9.393301577994693e-06
28775,1790869810.8922489,4A (Hard Routing),0.9471,8.0326,0.1156,0.0,203.0,9.392148739446746e-06
28800,1790869828.794226,4A (Hard Routing),0.8063,8.0034,0.0812,0.911,171.2,9.390802467720256e-06
28825,1790869849.784953,4A (Hard Routing),0.8288,8.0568,0.3568,0.0,136.7,9.389647412187385e-06
28850,1790869871.841229,4A (Hard Routing),0.8403,8.0291,0.1416,0.0,173.9,9.388491333856686e-06
28875,1790869897.313475,4A (Hard Routing),0.8799,8.0285,0.3184,0.0,191.7,9.387334232997522e-06
28900,1790869914.4286704,4A (Hard Routing),0.8847,8.0521,0.1799,1.272,165.6,9.385982989992495e-06
28925,1790869937.4050481,4A (Hard Routing),0.9164,8.0944,0.3167,0.0,144.3,9.384823674580212e-06
28950,1790869955.4421866,4A (Hard Routing),0.8809,8.0233,0.3204,0.0,114.1,9.383663337494035e-06
28975,1790869975.856383,4A (Hard Routing),0.893,8.0366,0.1831,0.0,209.3,9.382501979004331e-06
29000,1790869999.037083,4A (Hard Routing),0.8875,7.9939,0.1419,1.173,172.1,9.38114577018679e-06
29025,1790870025.6617289,4A (Hard Routing),0.9249,8.062,0.2924,0.0,17.5,9.379982199584726e-06
29050,1790870046.0813806,4A (Hard Routing),0.9014,8.0397,0.3146,0.0,29.3,9.378817608436843e-06
29075,1790870063.3808362,4A (Hard Routing),0.8012,8.034,0.3236,0.0,188.7,9.377651997014499e-06
29100,1790870092.2778542,4A (Hard Routing),0.7883,8.0336,0.1936,1.162,305.9,9.376290827870546e-06
29125,1790870109.1967487,4A (Hard Routing),0.9258,8.0152,0.2616,0.0,102.8,9.375123006785551e-06
29150,1790870131.161345,4A (Hard Routing),0.8691,8.0234,0.2637,0.0,140.3,9.373954166286941e-06
29175,1790870152.2991824,4A (Hard Routing),0.8555,8.0336,0.3297,0.0,105.8,9.372784306647061e-06
29200,1790870172.7344117,4A (Hard Routing),0.8205,8.0356,0.3188,0.984,186.2,9.371418182682866e-06
29225,1790870196.4122171,4A (Hard Routing),0.8389,8.0802,0.462,0.0,108.4,9.370246115838982e-06
29250,1790870214.5353165,4A (Hard Routing),0.7643,8.0975,0.346,0.0,95.2,9.369073030717812e-06
29275,1790870236.0181258,4A (Hard Routing),0.8473,8.0355,0.2854,0.0,176.3,9.367898927592684e-06
29300,1790870257.8084588,4A (Hard Routing),0.8495,8.0146,0.1378,1.073,133.4,9.366527854334464e-06
29325,1790870284.652713,4A (Hard Routing),0.7789,8.0293,0.2339,0.0,164.5,9.365351546472909e-06
29350,1790870301.5126963,4A (Hard Routing),0.933,8.0257,0.2327,0.0,108.6,9.364174221474514e-06
29375,1790870322.3146727,4A (Hard Routing),0.8275,8.014,0.1798,0.0,158.4,9.362995879613597e-06
29400,1790870344.247693,4A (Hard Routing),0.803,8.0119,0.2219,1.105,161.5,9.361619862607583e-06
29425,1790870365.9362807,4A (Hard Routing),0.7655,8.027,0.2105,0.0,106.5,9.360439318486732e-06
29450,1790870388.816826,4A (Hard Routing),0.8354,8.03,0.3191,0.0,149.6,9.359257758373601e-06
29475,1790870408.0297887,4A (Hard Routing),0.8156,8.0145,0.3011,0.0,166.6,9.358075182543494e-06
29500,1790870431.2095385,4A (Hard Routing),0.7984,8.0599,0.1324,1.068,251.9,9.35669422735592e-06
29525,1790870451.7268975,4A (Hard Routing),0.8624,8.0123,0.3155,0.0,253.4,9.355509451751282e-06
29550,1790870475.947813,4A (Hard Routing),0.8916,8.0792,0.3209,0.0,143.5,9.354323661303033e-06
29575,1790870492.1178498,4A (Hard Routing),0.8778,8.0003,0.2825,0.0,200.2,9.353136856287465e-06
29600,1790870514.004055,4A (Hard Routing),0.8745,8.0388,0.2266,1.064,206.9,9.35175096850454e-06
29625,1790870533.7227716,4A (Hard Routing),0.838,8.0179,0.2134,0.0,127.8,9.350561966208741e-06
29650,1790870555.131644,4A (Hard Routing),0.8856,8.0187,0.2296,0.0,161.5,9.349371950222109e-06
29675,1790870578.0837636,4A (Hard Routing),0.9389,8.0484,0.3863,0.0,169.2,9.34818092082192e-06
29700,1790870596.8498118,4A (Hard Routing),0.8403,7.9992,0.3202,1.67,244.9,9.346790106049802e-06
29725,1790870618.0298493,4A (Hard Routing),0.8582,8.0167,0.3166,0.0,278.0,9.34559688187257e-06
29750,1790870638.6837518,4A (Hard Routing),0.792,8.0167,0.2389,0.0,167.0,9.344402645161378e-06
29775,1790870664.2700195,4A (Hard Routing),0.8137,8.0117,0.2697,0.0,207.7,9.343207396194487e-06
29800,1790870682.005545,4A (Hard Routing),0.8368,8.0339,0.1454,1.056,273.8,9.341811660059272e-06
29825,1790870703.5021234,4A (Hard Routing),0.8823,8.045,0.1347,0.0,87.4,9.340614218827408e-06
29850,1790870725.5270617,4A (Hard Routing),0.8658,8.0098,0.2101,0.0,135.8,9.339415766222557e-06
29875,1790870746.907201,4A (Hard Routing),0.8145,8.0633,0.2711,0.0,197.1,9.338216302523958e-06
29900,1790870767.6023378,4A (Hard Routing),0.9382,8.0729,0.5944,1.524,230.8,9.336815650671646e-06
29925,1790870787.8238618,4A (Hard Routing),0.7694,8.0306,0.1996,0.0,102.8,9.335613997229012e-06
29950,1790870808.620689,4A (Hard Routing),0.818,8.0446,0.2703,0.0,100.7,9.334411333578454e-06
29975,1790870829.9016285,4A (Hard Routing),0.7487,7.995,0.1315,0.0,151.2,9.333207660000195e-06
30000,1790870854.7204838,4A (Hard Routing),0.8293,8.0068,0.1526,1.363,197.6,9.331802098096668e-06
30025,1790870881.7849078,4A (Hard Routing),0.7464,8.0175,0.2973,0.0,266.5,9.330596237304165e-06
30050,1790870895.9540226,4A (Hard Routing),0.8627,8.0461,0.2688,0.0,179.9,9.329389367472887e-06
30075,1790870917.8642488,4A (Hard Routing),0.8351,8.037,0.1496,0.0,119.9,9.328181488884039e-06
30100,1790870945.0724494,4A (Hard Routing),0.8313,8.0769,0.2177,1.081,261.6,9.326771022615044e-06
30125,1790870962.0609038,4A (Hard Routing),0.8969,8.0579,0.2373,0.0,137.9,9.325560959350593e-06
30150,1790870984.7882712,4A (Hard Routing),0.8614,8.066,0.3213,0.0,185.4,9.324349888220599e-06
30175,1790871004.9708574,4A (Hard Routing),0.8315,8.0359,0.2837,0.0,193.8,9.323137809507243e-06
30200,1790871026.4745252,4A (Hard Routing),0.8464,8.0019,0.2061,1.121,217.1,9.321722444578367e-06
30225,1790871050.2095988,4A (Hard Routing),0.9362,8.0592,0.3767,0.0,90.6,9.320508183736888e-06
30250,1790871069.282388,4A (Hard Routing),0.9461,8.0107,0.1521,0.0,113.2,9.319292916207174e-06
30275,1790871090.986772,4A (Hard Routing),0.8125,8.029,0.2415,0.0,182.2,9.318076642272384e-06
30300,1790871111.4249039,4A (Hard Routing),0.8501,8.0303,0.2252,1.095,133.1,9.316656384409028e-06
30325,1790871136.2725878,4A (Hard Routing),0.9381,8.0619,0.4013,0.0,159.6,9.315437930902423e-06
30350,1790871152.8252494,4A (Hard Routing),0.9553,8.0438,0.3992,0.0,97.0,9.31421847188896e-06
30375,1790871174.552961,4A (Hard Routing),0.8913,8.0186,0.1092,0.0,116.3,9.31299800765278e-06
30400,1790871195.328975,4A (Hard Routing),0.8179,8.0275,0.1903,1.226,153.4,9.31157286260014e-06
30425,1790871216.9348526,4A (Hard Routing),0.8591,8.0886,0.2055,0.0,101.8,9.310350221357266e-06
30450,1790871240.4953156,4A (Hard Routing),0.8486,8.0761,0.2559,0.0,116.0,9.309126575792984e-06
30475,1790871263.290458,4A (Hard Routing),0.874,8.0288,0.3114,0.0,22.8,9.307901926192408e-06
30500,1790871280.5788498,4A (Hard Routing),0.7997,8.0275,0.1595,0.99,198.1,9.306471899715446e-06
30525,1790871302.7925382,4A (Hard Routing),0.9,8.005,0.3828,0.0,165.6,9.305245075682104e-06
30550,1790871327.6799667,4A (Hard Routing),0.9514,8.0332,0.2566,0.0,151.6,9.304017248516867e-06
30575,1790871345.2433546,4A (Hard Routing),0.8604,8.0523,0.3639,0.0,113.8,9.302788418505819e-06
30600,1790871366.6044636,4A (Hard Routing),0.753,8.0447,0.1711,0.969,164.2,9.301353516389247e-06
30625,1790871387.8810883,4A (Hard Routing),0.7779,8.0106,0.1978,0.0,138.3,9.300122514528157e-06
30650,1790871411.4290588,4A (Hard Routing),0.9279,8.01,0.2526,0.0,26.8,9.298890510728742e-06
30675,1790871432.2378204,4A (Hard Routing),0.8652,8.0124,0.1357,0.0,184.1,9.297657505278057e-06
30700,1790871451.454867,4A (Hard Routing),0.7884,8.0734,0.1386,1.041,172.1,9.296217733326307e-06
30725,1790871473.3555186,4A (Hard Routing),0.8472,8.12,0.4676,0.0,118.6,9.294982558617091e-06
30750,1790871493.8218713,4A (Hard Routing),0.863,8.0227,0.2181,0.0,60.0,9.293746383167171e-06
30775,1790871518.1370296,4A (Hard Routing),0.7508,8.0094,0.1589,0.0,174.3,9.292509207264574e-06
30800,1790871535.453043,4A (Hard Routing),0.7394,8.03,0.1201,1.004,155.1,9.29106457130178e-06
30825,1790871556.1998007,4A (Hard Routing),0.8006,8.0763,0.1893,0.0,106.3,9.28982522874094e-06
30850,1790871576.603101,4A (Hard Routing),0.8892,8.0392,0.2187,0.0,100.5,9.28858488664106e-06
30875,1790871598.0872676,4A (Hard Routing),0.7981,8.0064,0.1915,0.0,205.2,9.28734354529115e-06
30900,1790871622.7034755,4A (Hard Routing),0.7956,8.0246,0.1302,1.297,265.4,9.28589405116112e-06
30925,1790871644.0909157,4A (Hard Routing),0.8845,8.0631,0.2819,0.0,94.8,9.284650545762013e-06
30950,1790871661.5122747,4A (Hard Routing),0.8289,8.0269,0.2023,0.0,132.2,9.283406042029583e-06
30975,1790871684.317898,4A (Hard Routing),0.7618,8.0175,0.2054,0.0,255.1,9.2821605402538e-06
31000,1790871707.5024366,4A (Hard Routing),0.7759,8.0641,0.1871,1.101,269.8,9.280706193819992e-06
31025,1790871733.2067976,4A (Hard Routing),0.8017,8.0318,0.2441,0.0,146.4,9.27945853061282e-06
31050,1790871747.5772552,4A (Hard Routing),0.8696,8.0206,0.2437,0.0,152.9,9.278209870282075e-06
31075,1790871769.4446144,4A (Hard Routing),0.8582,8.0131,0.2155,0.0,72.3,9.276960213118697e-06
31100,1790871792.007622,4A (Hard Routing),0.9445,8.0172,0.4717,1.363,246.6,9.275501020264203e-06
31125,1790871813.317996,4A (Hard Routing),0.9417,8.0166,0.4227,0.0,111.0,9.274249204295984e-06
31150,1790871831.5795147,4A (Hard Routing),0.8399,8.1255,0.328,0.0,108.1,9.272996392417977e-06
31175,1790871853.7322624,4A (Hard Routing),0.8128,8.0413,0.1246,0.0,79.6,9.271742584922088e-06
31200,1790871876.2457879,4A (Hard Routing),0.8172,8.0134,0.2171,1.174,190.4,9.270278551549601e-06
31225,1790871900.3225992,4A (Hard Routing),0.805,8.0273,0.2413,0.0,103.6,9.269022587884151e-06
31250,1790871917.27952,4A (Hard Routing),0.8422,8.0341,0.2474,0.0,175.7,9.267765629526727e-06
31275,1790871938.2801335,4A (Hard Routing),0.7884,8.0327,0.3709,0.0,154.4,9.2665076767702e-06
31300,1790871960.219549,4A (Hard Routing),0.7586,8.0828,0.1849,0.948,208.8,9.265038808801994e-06
31325,1790871981.4575284,4A (Hard Routing),0.8109,8.0223,0.2112,0.0,163.4,9.26377870251991e-06
31350,1790872003.8126678,4A (Hard Routing),0.8961,8.0171,0.2655,0.0,141.1,9.262517602767686e-06
31375,1790872025.7608814,4A (Hard Routing),0.8859,8.0036,0.303,0.0,212.2,9.261255509839166e-06
31400,1790872046.608704,4A (Hard Routing),0.8455,8.0285,0.1712,0.979,182.7,9.259781813217073e-06
31425,1790872065.936757,4A (Hard Routing),0.84,8.0359,0.3577,0.0,123.1,9.258517569415706e-06
31450,1790872090.827134,4A (Hard Routing),0.7936,8.0511,0.194,0.0,170.3,9.257252333370058e-06
31475,1790872107.0271745,4A (Hard Routing),0.7532,8.026,0.2093,0.0,198.0,9.25598610537493e-06
31500,1790872129.0377295,4A (Hard Routing),0.8689,7.9926,0.1967,1.053,294.0,9.25450758606031e-06
31525,1790872150.3639271,4A (Hard Routing),0.8257,8.015,0.2378,0.0,146.3,9.253239209853752e-06
31550,1790872171.2846813,4A (Hard Routing),0.7533,8.0893,0.1362,0.0,70.4,9.251969842632785e-06
31575,1790872194.251407,4A (Hard Routing),0.7978,8.1275,0.1582,0.0,217.4,9.250699484693167e-06
31600,1790872216.7395468,4A (Hard Routing),0.7085,8.0641,0.2624,0.976,254.1,9.249216148666896e-06
31625,1790872236.646898,4A (Hard Routing),0.9554,8.0423,0.3304,0.0,143.6,9.247943645185952e-06
31650,1790872257.080819,4A (Hard Routing),0.8606,8.0883,0.1794,0.0,151.1,9.246670151924477e-06
31675,1790872282.6431944,4A (Hard Routing),0.8677,8.0219,0.1495,0.0,185.0,9.245395669179194e-06
31700,1790872300.3809667,4A (Hard Routing),0.876,8.0072,0.1092,1.188,246.7,9.243907522441628e-06
31725,1790872321.5065398,4A (Hard Routing),0.8544,8.0229,0.2701,0.0,112.1,9.242630896833801e-06
31750,1790872341.8221252,4A (Hard Routing),0.7671,8.0238,0.2713,0.0,104.7,9.241353282683323e-06
31775,1790872365.8276482,4A (Hard Routing),0.8207,8.0036,0.1483,0.0,232.6,9.240074680287883e-06
31800,1790872386.141904,4A (Hard Routing),0.7036,8.0658,0.1406,0.893,178.0,9.238581728858839e-06
31825,1790872408.331277,4A (Hard Routing),0.9331,8.0725,0.4048,0.0,237.5,9.237300986288305e-06
31850,1790872425.6277316,4A (Hard Routing),0.9413,7.9957,0.3259,0.0,138.8,9.236019256417003e-06
31875,1790872450.2621138,4A (Hard Routing),0.8692,8.0599,0.14,0.0,222.9,9.234736539543577e-06
31900,1790872473.4856904,4A (Hard Routing),0.8574,7.9986,0.2063,0.906,266.4,9.233238789462309e-06
31925,1790872490.8941352,4A (Hard Routing),0.9341,8.0238,0.2108,0.0,95.6,9.231953935109898e-06
31950,1790872512.0120265,4A (Hard Routing),0.7907,8.0139,0.2108,0.0,189.1,9.230668094702595e-06
31975,1790872533.3351085,4A (Hard Routing),0.9231,8.0855,0.5123,0.0,212.4,9.229381268540002e-06
32000,1790872554.0754385,4A (Hard Routing),0.7452,8.0143,0.1759,0.906,145.1,9.227878725865172e-06
32025,1790872576.904956,4A (Hard Routing),0.8438,8.0243,0.1615,0.0,145.2,9.226589764928349e-06
32050,1790872599.9648366,4A (Hard Routing),0.7536,8.0308,0.1549,0.0,336.7,9.225299819186497e-06
32075,1790872616.4638667,4A (Hard Routing),0.8339,8.0239,0.1643,0.0,137.5,9.224008888940175e-06
32100,1790872628.719433,4A (Hard Routing),0.9462,8.0443,0.4451,1.209,186.5,9.222501559749834e-06
32125,1790872651.8933985,4A (Hard Routing),0.8022,7.996,0.1265,0.0,486.8,9.221208497442674e-06
32150,1790872663.7242928,4A (Hard Routing),0.8173,8.0145,0.1468,0.0,316.2,9.219914451584333e-06
32175,1790872681.533481,4A (Hard Routing),0.8802,8.0558,0.2092,0.0,215.6,9.218619422476324e-06
32200,1790872695.2179205,4A (Hard Routing),0.7174,8.024,0.2422,0.999,227.0,9.217107312867888e-06
32225,1790872712.171402,4A (Hard Routing),0.8198,8.0414,0.1591,0.0,293.8,9.215810154421057e-06
32250,1790872732.752848,4A (Hard Routing),0.7966,8.105,0.1312,0.0,698.5,9.21451201368087e-06
32275,1790872744.3948116,4A (Hard Routing),0.8313,8.0291,0.2369,0.0,155.4,9.213212890949796e-06
32300,1790872761.329602,4A (Hard Routing),0.8354,8.0324,0.2359,1.102,147.7,9.211696007040015e-06
32325,1790872773.6771696,4A (Hard Routing),0.7558,8.0363,0.155,0.0,180.5,9.210394757700749e-06
32350,1790872793.7788637,4A (Hard Routing),0.805,8.0223,0.2178,0.0,441.1,9.209092527329925e-06
32375,1790872814.419631,4A (Hard Routing),0.8044,8.0379,0.3402,0.0,233.7,9.207789316230967e-06
32400,1790872827.0823658,4A (Hard Routing),0.8497,8.015,0.3919,1.317,190.2,9.206267664155906e-06
32425,1790872844.1569767,4A (Hard Routing),0.8906,8.0802,0.2854,0.0,234.2,9.204962329187988e-06
32450,1790872860.2564166,4A (Hard Routing),0.7442,8.0226,0.1806,0.0,286.5,9.203656014454281e-06
32475,1790872876.217343,4A (Hard Routing),0.6964,8.0066,0.0813,0.0,174.2,9.20234872025916e-06
32500,1790872891.1959765,4A (Hard Routing),0.8854,8.0166,0.1938,0.98,132.2,9.20082230617417e-06
32525,1790872908.643566,4A (Hard Routing),0.8935,8.0405,0.2045,0.0,240.7,9.199512890857912e-06
32550,1790872923.6104586,4A (Hard Routing),0.7636,8.0106,0.2215,0.0,261.3,9.198202497045594e-06
32575,1790872940.5480547,4A (Hard Routing),0.8143,8.0442,0.3307,0.0,192.4,9.196891125042546e-06
32600,1790872957.662571,4A (Hard Routing),0.8531,8.0229,0.2135,1.175,183.2,9.195359955122244e-06
32625,1790872971.954074,4A (Hard Routing),0.8215,8.0129,0.2186,0.0,298.6,9.194046464754462e-06
32650,1790872991.876707,4A (Hard Routing),0.8266,8.0032,0.1974,0.0,226.5,9.192731997164312e-06
32675,1790873010.9859366,4A (Hard Routing),0.8577,8.0592,0.3269,0.0,13.1,9.191416552658068e-06
32700,1790873026.1801202,4A (Hard Routing),0.876,8.0333,0.3234,1.315,232.5,9.189880633096305e-06
32725,1790873040.1745727,4A (Hard Routing),0.8413,8.0526,0.1901,0.0,323.3,9.1885630729903e-06
32750,1790873056.3341558,4A (Hard Routing),0.9912,8.0155,0.3296,0.0,239.5,9.18724453693957e-06
32775,1790873075.5544267,4A (Hard Routing),0.8368,8.0718,0.5516,0.0,205.8,9.185925025251336e-06
32800,1790873089.8371534,4A (Hard Routing),0.9368,8.0408,0.3024,1.56,149.0,9.184384362261181e-06
32825,1790873107.562914,4A (Hard Routing),0.8076,8.0198,0.2043,0.0,316.0,9.183062737746718e-06
32850,1790873124.18116,4A (Hard Routing),0.7029,8.0051,0.1936,0.0,507.9,9.18174013856912e-06
32875,1790873142.2694213,4A (Hard Routing),0.8016,8.098,0.0664,0.0,138.7,9.180416565036556e-06
32900,1790873159.384345,4A (Hard Routing),0.775,8.0342,0.1761,1.004,159.3,9.178871164850262e-06
32925,1790873176.7523758,4A (Hard Routing),0.72,8.0307,0.1367,0.0,420.8,9.177545481273544e-06
32950,1790873192.5109694,4A (Hard Routing),0.774,8.0437,0.1841,0.0,441.7,9.176218824319225e-06
32975,1790873206.8194566,4A (Hard Routing),0.8305,8.0859,0.0693,0.0,165.6,9.17489119429642e-06
33000,1790873222.8220532,4A (Hard Routing),0.7986,8.0021,0.1477,1.261,238.5,9.173341063165406e-06
33025,1790873244.1072576,4A (Hard Routing),0.8628,8.0187,0.1932,0.0,248.4,9.17201132588906e-06
33050,1790873264.3772767,4A (Hard Routing),0.8523,8.0239,0.2636,0.0,321.6,9.170680616524583e-06
33075,1790873279.6468499,4A (Hard Routing),0.9257,8.0469,0.2596,0.0,192.8,9.169348935382036e-06
33100,1790873295.1740022,4A (Hard Routing),0.8682,8.0907,0.2172,1.096,151.0,9.167794079576856e-06
33125,1790873309.753479,4A (Hard Routing),0.8238,8.0203,0.1703,0.0,172.8,9.166460293979903e-06
33150,1790873329.9944587,4A (Hard Routing),0.8393,8.0986,0.2395,0.0,250.2,9.165125537588225e-06
33175,1790873344.011147,4A (Hard Routing),0.7338,8.0141,0.2537,0.0,182.9,9.16378981071282e-06
33200,1790873360.6642942,4A (Hard Routing),0.7954,8.0477,0.104,1.033,141.8,9.16223023652314e-06
33225,1790873376.5846565,4A (Hard Routing),0.8831,8.0346,0.4414,0.0,263.5,9.16089240800098e-06
33250,1790873394.0867872,4A (Hard Routing),0.9086,8.0479,0.292,0.0,177.6,9.159553609981427e-06
33275,1790873412.4367936,4A (Hard Routing),0.8301,8.0269,0.1859,0.0,109.7,9.158213842776416e-06
33300,1790873427.5045578,4A (Hard Routing),0.7945,8.0503,0.268,1.088,216.5,9.15664955651099e-06
33325,1790873445.0919712,4A (Hard Routing),0.8,8.019,0.2998,0.0,234.0,9.15530769047538e-06
33350,1790873461.8408432,4A (Hard Routing),0.824,8.0045,0.097,0.0,319.4,9.153964856243621e-06
33375,1790873478.3419821,4A (Hard Routing),0.7456,8.0167,0.0839,0.0,97.8,9.152621054128604e-06
33400,1790873498.0802276,4A (Hard Routing),0.8605,8.0141,0.3557,1.141,157.3,9.151052062115247e-06
33425,1790873515.2489984,4A (Hard Routing),0.7664,8.0562,0.2682,0.0,311.6,9.149706163994267e-06
33450,1790873528.1607132,4A (Hard Routing),0.7787,8.0418,0.1508,0.0,279.5,9.14835929898231e-06
33475,1790873544.5860522,4A (Hard Routing),0.7701,8.058,0.1055,0.0,241.6,9.1470114673932e-06
33500,1790873567.2302177,4A (Hard Routing),0.7076,8.0578,0.1062,1.029,13.7,9.145437775978765e-06
33525,1790873578.3095453,4A (Hard Routing),0.7428,8.0371,0.196,0.0,303.7,9.144087851216813e-06
33550,1790873596.869029,4A (Hard Routing),0.8082,8.0333,0.2779,0.0,492.8,9.142736960872964e-06
33575,1790873614.6363595,4A (Hard Routing),0.829,8.0566,0.2622,0.0,175.8,9.14138510526198e-06
33600,1790873634.8528068,4A (Hard Routing),0.7839,8.0089,0.2012,0.95,24.6,9.139806720812326e-06
33625,1790873651.4842436,4A (Hard Routing),0.8145,8.0517,0.1652,0.0,254.8,9.138452774870086e-06
33650,1790873663.7932568,4A (Hard Routing),0.7649,8.0384,0.1239,0.0,331.4,9.137097864658937e-06
33675,1790873682.4870763,4A (Hard Routing),0.8102,8.0488,0.2192,0.0,157.7,9.135741990494574e-06
33700,1790873697.63704,4A (Hard Routing),0.895,8.0326,0.2262,1.341,254.0,9.134158919394545e-06
33725,1790873716.9056125,4A (Hard Routing),0.8494,8.0073,0.1962,0.0,115.3,9.132800957748971e-06
33750,1790873736.0118861,4A (Hard Routing),0.7997,8.0049,0.2156,0.0,413.2,9.13144203315137e-06
33775,1790873747.870557,4A (Hard Routing),0.883,8.0754,0.4568,0.0,252.2,9.13008214591838e-06
33800,1790873765.8524072,4A (Hard Routing),0.8628,8.0309,0.1905,1.208,212.1,9.128494394571778e-06
33825,1790873782.4066148,4A (Hard Routing),0.7993,8.0149,0.2863,0.0,111.5,9.127132422716065e-06
33850,1790873801.4604712,4A (Hard Routing),0.8241,8.0887,0.2682,0.0,587.9,9.125769489229105e-06
33875,1790873820.5559678,4A (Hard Routing),0.7833,8.0471,0.0837,0.0,164.8,9.124405594428472e-06
33900,1790873833.4096231,4A (Hard Routing),0.7952,8.0299,0.3294,1.149,199.3,9.122813169258036e-06
33925,1790873851.8922205,4A (Hard Routing),0.8059,8.0175,0.1606,0.0,259.9,9.121447192701599e-06
33950,1790873869.0621328,4A (Hard Routing),0.8464,8.0312,0.1844,0.0,334.3,9.120080255838588e-06
33975,1790873885.726482,4A (Hard Routing),0.7888,8.1092,0.1345,0.0,127.3,9.118712358987506e-06
34000,1790873906.0010257,4A (Hard Routing),0.8283,8.0201,0.1506,1.053,182.8,9.117115266434875e-06
34025,1790873926.1649423,4A (Hard Routing),0.913,8.0156,0.204,0.0,276.5,9.115745290703332e-06
34050,1790873940.9129858,4A (Hard Routing),0.8309,8.0441,0.2687,0.0,328.2,9.114374355993773e-06
34075,1790873957.7024064,4A (Hard Routing),0.9105,8.0274,0.0979,0.0,116.1,9.11300246262563e-06
34100,1790873975.1167412,4A (Hard Routing),0.8107,8.0236,0.1489,1.157,195.9,9.111400709151325e-06
34125,1790873994.634314,4A (Hard Routing),0.7308,8.0597,0.1389,0.0,207.9,9.11002673978647e-06
34150,1790874008.6939197,4A (Hard Routing),0.7261,8.0354,0.2035,0.0,213.2,9.108651812776035e-06
34175,1790874026.8044405,4A (Hard Routing),0.8545,8.041,0.219,0.0,83.4,9.107275928440381e-06
34200,1790874042.3765569,4A (Hard Routing),0.8946,8.0243,0.2445,1.361,260.3,9.105669520523781e-06
34225,1790874064.025411,4A (Hard Routing),0.752,7.9958,0.096,0.0,274.6,9.104291563083565e-06
34250,1790874081.756676,4A (Hard Routing),0.7564,8.0223,0.1415,0.0,405.8,9.102912649334077e-06
34275,1790874100.54955,4A (Hard Routing),0.7343,8.0593,0.1203,0.0,105.0,9.101532779596607e-06
34300,1790874113.5073795,4A (Hard Routing),0.7906,8.0184,0.2035,1.117,81.9,9.099921723735918e-06
34325,1790874131.1805913,4A (Hard Routing),0.7481,8.1054,0.1488,0.0,223.7,9.09853978379442e-06
34350,1790874149.014712,4A (Hard Routing),0.8272,8.0921,0.2153,0.0,200.3,9.097156888883828e-06
34375,1790874168.6255524,4A (Hard Routing),0.8722,8.0087,0.2079,0.0,221.7,9.095773039326364e-06
34400,1790874186.712395,4A (Hard Routing),0.8118,8.0264,0.347,1.241,147.9,9.094157342038588e-06
34425,1790874202.1042895,4A (Hard Routing),0.7455,8.0203,0.162,0.0,272.8,9.092771425186002e-06
34450,1790874218.9595027,4A (Hard Routing),0.7455,7.9979,0.1763,0.0,311.6,9.091384554708364e-06
34475,1790874242.0776532,4A (Hard Routing),0.8311,8.0094,0.4015,0.0,109.1,9.089996730928818e-06
34500,1790874254.766052,4A (Hard Routing),0.8785,8.0395,0.2083,1.687,183.5,9.088376398749739e-06
34525,1790874272.516804,4A (Hard Routing),0.7433,8.0227,0.1402,0.0,270.3,9.086986510592345e-06
34550,1790874288.5792875,4A (Hard Routing),0.8188,8.0601,0.1724,0.0,360.9,9.085595670157795e-06
34575,1790874306.049529,4A (Hard Routing),0.867,8.0157,0.2535,0.0,163.0,9.084203877770162e-06
34600,1790874326.8834515,4A (Hard Routing),0.8221,8.008,0.2086,1.101,187.1,9.08257891725431e-06
34625,1790874339.6792989,4A (Hard Routing),0.7425,8.0196,0.1632,0.0,262.6,9.08118506341445e-06
34650,1790874357.9368176,4A (Hard Routing),0.8882,8.0125,0.2496,0.0,242.5,9.079790258649186e-06
34675,1790874375.8516057,4A (Hard Routing),0.8222,8.0827,0.2481,0.0,257.8,9.078394503283509e-06
34700,1790874393.3351796,4A (Hard Routing),0.894,8.0387,0.3296,1.164,183.5,9.07676492100414e-06
34725,1790874414.100269,4A (Hard Routing),0.7871,8.0108,0.1289,0.0,132.5,9.075367107120199e-06
34750,1790874427.2286859,4A (Hard Routing),0.774,8.1501,0.1628,0.0,253.0,9.073968343666453e-06
34775,1790874444.9673934,4A (Hard Routing),0.8114,8.0163,0.1265,0.0,108.7,9.072568630968813e-06
34800,1790874462.5216715,4A (Hard Routing),0.9116,8.0458,0.3496,1.297,101.2,9.070934433517872e-06
34825,1790874481.0499227,4A (Hard Routing),0.8755,8.024,0.2565,0.0,316.8,9.069532665244257e-06
34850,1790874501.1578789,4A (Hard Routing),0.8809,8.0263,0.3236,0.0,353.4,9.068129948760274e-06
34875,1790874514.9442492,4A (Hard Routing),0.8584,8.0364,0.1206,0.0,66.1,9.066726284392756e-06
34900,1790874536.0771828,4A (Hard Routing),0.7716,8.0288,0.1716,0.923,32.0,9.065087478380863e-06
34925,1790874552.4344077,4A (Hard Routing),0.7759,8.0293,0.2394,0.0,303.6,9.063681761387973e-06
34950,1790874570.8992507,4A (Hard Routing),0.7884,8.0414,0.3324,0.0,299.1,9.062275097547988e-06
34975,1790874587.8642979,4A (Hard Routing),0.8163,8.0169,0.3882,0.0,109.3,9.060867487188665e-06
35000,1790874608.0236893,4A (Hard Routing),0.9208,8.0343,0.2635,1.318,140.7,9.059224079245079e-06
35025,1790874626.515646,4A (Hard Routing),0.8414,7.9932,0.2189,0.0,254.9,9.05781441921929e-06
35050,1790874646.167136,4A (Hard Routing),0.789,8.0005,0.1193,0.0,296.8,9.05640381371351e-06
35075,1790874666.3954287,4A (Hard Routing),0.8409,8.0624,0.1692,0.0,142.4,9.054992263056413e-06
35100,1790874680.400256,4A (Hard Routing),0.9066,8.0354,0.3641,1.756,121.3,9.05334425982901e-06
35125,1790874699.6508703,4A (Hard Routing),0.8895,7.9902,0.1597,0.0,263.3,9.051930662472646e-06
35150,1790874718.9292707,4A (Hard Routing),0.8951,8.0115,0.189,0.0,276.9,9.05051612100722e-06
35175,1790874736.0753157,4A (Hard Routing),0.8975,8.0707,0.3372,0.0,181.9,9.049100635762323e-06
35200,1790874756.2622705,4A (Hard Routing),0.7477,8.0271,0.1075,0.891,141.2,9.047448043917568e-06
35225,1790874770.0811055,4A (Hard Routing),0.7327,8.1085,0.1485,0.0,112.8,9.046030514948881e-06
35250,1790874790.702994,4A (Hard Routing),0.8296,8.0467,0.303,0.0,365.8,9.044612043245878e-06
35275,1790874807.2603648,4A (Hard Routing),0.8205,8.0213,0.225,0.0,133.5,9.043192629139066e-06
35300,1790874824.6417897,4A (Hard Routing),0.824,8.0479,0.2415,1.245,150.8,9.041535455361989e-06
35325,1790874844.6904655,4A (Hard Routing),0.7449,8.0859,0.1385,0.0,180.6,9.040114000515132e-06
35350,1790874863.2041728,4A (Hard Routing),0.7883,8.0345,0.1523,0.0,394.5,9.038691604312521e-06
35375,1790874876.6304932,4A (Hard Routing),0.7537,8.0195,0.202,0.0,103.5,9.03726826708558e-06
35400,1790874895.2011073,4A (Hard Routing),0.9797,8.0274,0.2829,1.187,170.7,9.03560651807974e-06
35425,1790874918.6797426,4A (Hard Routing),0.8388,8.0264,0.2668,0.0,259.1,9.034181143104751e-06
35450,1790874932.6097994,4A (Hard Routing),0.7829,8.0427,0.154,0.0,318.4,9.032754828156381e-06
35475,1790874951.3740895,4A (Hard Routing),0.8316,8.1027,0.1878,0.0,143.0,9.03132757356696e-06
35500,1790874971.4452395,4A (Hard Routing),0.8201,8.0814,0.1674,1.117,147.8,9.029661256054425e-06
35525,1790874988.6624656,4A (Hard Routing),0.8717,8.0711,0.4059,0.0,360.8,9.0282319667172e-06
35550,1790875008.6537824,4A (Hard Routing),0.8136,8.0658,0.2306,0.0,432.6,9.026801738792761e-06
35575,1790875023.6728916,4A (Hard Routing),0.8255,8.0676,0.248,0.0,138.7,9.025370572614355e-06
35600,1790875045.3306575,4A (Hard Routing),0.7628,8.0076,0.1645,1.242,110.0,9.023699693335678e-06
35625,1790875062.0351086,4A (Hard Routing),0.7675,8.0494,0.1805,0.0,264.4,9.022266495417945e-06
35650,1790875077.829152,4A (Hard Routing),0.8342,8.0422,0.15,0.0,193.8,9.020832360302965e-06
35675,1790875098.282471,4A (Hard Routing),0.8653,8.0135,0.183,0.0,112.1,9.0193972883249e-06
35700,1790875117.0871282,4A (Hard Routing),0.7758,8.0419,0.1896,1.049,188.8,9.01772185403908e-06
35725,1790875132.1621609,4A (Hard Routing),0.8489,8.0174,0.2756,0.0,258.4,9.016284753338376e-06
35750,1790875150.1627166,4A (Hard Routing),0.8199,8.315,0.2622,0.0,215.6,9.014846716834186e-06
35775,1790875173.2610846,4A (Hard Routing),0.8831,8.0074,0.4359,0.0,250.9,9.01340774486158e-06
35800,1790875187.3878288,4A (Hard Routing),0.7361,8.0478,0.1558,0.841,140.9,9.011727762346047e-06
35825,1790875205.0251472,4A (Hard Routing),0.7995,8.0073,0.0956,0.0,148.8,9.010286764675699e-06
35850,1790875222.5124876,4A (Hard Routing),0.7953,8.0012,0.2319,0.0,357.5,9.008844832599412e-06
35875,1790875240.3016522,4A (Hard Routing),0.8522,8.0194,0.2001,0.0,112.5,9.00740196645316e-06
35900,1790875262.0290968,4A (Hard Routing),0.8516,8.0169,0.2591,1.202,181.8,9.005717442503741e-06
35925,1790875281.0430028,4A (Hard Routing),0.7683,8.022,0.2724,0.0,29.0,9.004272553692844e-06
35950,1790875295.143109,4A (Hard Routing),0.7622,8.0047,0.1798,0.0,137.3,9.00282673187733e-06
35975,1790875313.0463161,4A (Hard Routing),0.7962,8.0624,0.2721,0.0,128.0,9.00137997739408e-06
36000,1790875337.7099195,4A (Hard Routing),0.8888,8.0369,0.236,1.582,213.6,8.999690918824972e-06
36025,1790875352.0446174,4A (Hard Routing),0.7344,8.0293,0.1881,0.0,234.6,8.998242144718352e-06
36050,1790875372.4217408,4A (Hard Routing),0.8062,8.0345,0.1296,0.0,318.9,8.996792439012218e-06
36075,1790875390.2203248,4A (Hard Routing),0.7422,8.0111,0.1697,0.0,160.2,8.995341802044351e-06
36100,1790875408.1620238,4A (Hard Routing),0.8575,8.0406,0.4983,1.386,181.1,8.993648215688096e-06
36125,1790875429.0037932,4A (Hard Routing),0.8611,8.014,0.1361,0.0,307.7,8.992195562146302e-06
36150,1790875448.653843,4A (Hard Routing),0.8754,8.0405,0.167,0.0,198.0,8.990741978413862e-06
36175,1790875462.7324405,4A (Hard Routing),0.7549,8.0398,0.0926,0.0,168.3,8.989287464829462e-06
36200,1790875480.3238988,4A (Hard Routing),0.8834,8.0187,0.238,1.08,139.6,8.987589357536915e-06
36225,1790875506.431034,4A (Hard Routing),0.9476,8.0063,0.217,0.0,243.5,8.98613283043619e-06
36250,1790875519.7341163,4A (Hard Routing),0.8239,8.0404,0.1784,0.0,230.8,8.984675374557448e-06
36275,1790875538.8126633,4A (Hard Routing),0.8333,8.0456,0.1791,0.0,130.7,8.983216990240279e-06
36300,1790875556.0839841,4A (Hard Routing),0.7649,8.028,0.2012,0.975,64.0,8.981514368880584e-06
36325,1790875577.540351,4A (Hard Routing),0.8521,8.0567,0.1823,0.0,28.6,8.980053974112837e-06
36350,1790875596.5619156,4A (Hard Routing),0.846,8.041,0.2966,0.0,335.6,8.978592651983459e-06
36375,1790875610.7335553,4A (Hard Routing),0.849,8.0291,0.2959,0.0,97.0,8.977130402832943e-06
36400,1790875629.7072697,4A (Hard Routing),0.8198,8.0061,0.1481,1.041,191.5,8.975423274293509e-06
36425,1790875649.5351648,4A (Hard Routing),0.8333,8.0354,0.3374,0.0,220.4,8.973959017766296e-06
36450,1790875675.1837401,4A (Hard Routing),0.7426,8.0197,0.0707,0.0,19.2,8.97249383529759e-06
36475,1790875687.4803786,4A (Hard Routing),0.9086,8.0188,0.2597,0.0,175.4,8.971027727228785e-06
36500,1790875707.3631346,4A (Hard Routing),0.9154,8.0563,0.3175,1.24,307.1,8.969316098415246e-06
36525,1790875721.4550827,4A (Hard Routing),0.9084,8.05,0.2581,0.0,113.6,8.967847986051743e-06
36550,1790875739.8358715,4A (Hard Routing),0.8235,8.0503,0.1269,0.0,260.1,8.966378949170634e-06
36575,1790875760.5264757,4A (Hard Routing),0.8966,8.0186,0.2754,0.0,111.7,8.964908988114204e-06
36600,1790875778.2972524,4A (Hard Routing),0.8773,8.0327,0.2614,1.246,24.2,8.963192865950404e-06
36625,1790875792.984661,4A (Hard Routing),0.8314,8.0241,0.3319,0.0,277.9,8.961720903689384e-06
36650,1790875811.531804,4A (Hard Routing),0.8253,8.0403,0.2026,0.0,109.5,8.960248018338384e-06
36675,1790875835.6675556,4A (Hard Routing),0.9394,8.1254,0.6389,0.0,169.4,8.958774210240584e-06
36700,1790875848.694527,4A (Hard Routing),0.9141,8.0402,0.1616,1.079,238.5,8.95705360166854e-06
36725,1790875867.3933947,4A (Hard Routing),0.9538,8.0106,0.4054,0.0,215.7,8.955577795464355e-06
36750,1790875886.2794442,4A (Hard Routing),0.7674,8.0231,0.3075,0.0,257.2,8.954101067601544e-06
36775,1790875901.457908,4A (Hard Routing),0.7254,8.0367,0.1325,0.0,148.1,8.952623418424189e-06
36800,1790875923.6421754,4A (Hard Routing),0.8278,8.0184,0.271,1.576,164.5,8.950898330404067e-06
36825,1790875937.7354383,4A (Hard Routing),0.813,8.0766,0.2243,0.0,274.0,8.949418686226612e-06
36850,1790875956.0843048,4A (Hard Routing),0.866,8.0152,0.1851,0.0,200.5,8.947938121825618e-06
36875,1790875976.2405725,4A (Hard Routing),0.8032,8.0207,0.247,0.0,145.5,8.946456637546061e-06
36900,1790875995.1607034,4A (Hard Routing),0.8593,8.037,0.0843,1.074,211.2,8.944727077056146e-06
36925,1790876019.5025973,4A (Hard Routing),0.8112,8.0575,0.1273,0.0,102.4,8.943243600890845e-06
36950,1790876049.6785605,4A (Hard Routing),0.8756,8.0589,0.2346,0.0,37.5,8.941759205940814e-06
36975,1790876065.9346144,4A (Hard Routing),0.883,8.0468,0.3245,0.0,53.9,8.940273892551921e-06
37000,1790876088.0217395,4A (Hard Routing),0.8654,8.0418,0.1529,1.205,181.2,8.938539866588593e-06
37025,1790876103.902951,4A (Hard Routing),0.8835,8.0459,0.2072,0.0,262.1,8.937052564436367e-06
37050,1790876124.5276115,4A (Hard Routing),0.7801,8.0243,0.228,0.0,310.7,8.935564344941938e-06
37075,1790876142.4653492,4A (Hard Routing),0.9062,8.1086,0.485,0.0,141.4,8.934075208452064e-06
37100,1790876163.9788892,4A (Hard Routing),0.8434,8.0059,0.2788,1.029,24.7,8.932336724029766e-06
37125,1790876181.873678,4A (Hard Routing),0.8104,8.0332,0.1714,0.0,161.4,8.930845601907019e-06
37150,1790876199.154399,4A (Hard Routing),0.8024,8.0255,0.1942,0.0,142.4,8.929353563888304e-06
37175,1790876217.8931928,4A (Hard Routing),0.886,8.0861,0.3578,0.0,131.5,8.927860610321271e-06
37200,1790876235.3917067,4A (Hard Routing),0.8418,8.0198,0.0837,0.904,138.4,8.926117674472479e-06
37225,1790876260.6705823,4A (Hard Routing),0.7638,8.1087,0.1934,0.0,42.8,8.924622738411061e-06
37250,1790876275.9100738,4A (Hard Routing),0.705,8.0336,0.1473,0.0,169.8,8.923126887903619e-06
37275,1790876294.199938,4A (Hard Routing),0.7599,8.0215,0.1537,0.0,165.3,8.921630123298688e-06
37300,1790876314.4733815,4A (Hard Routing),0.9222,8.0171,0.1531,1.168,192.5,8.919882743073885e-06
37325,1790876337.604174,4A (Hard Routing),0.8291,8.022,0.1853,0.0,218.7,8.91838399912108e-06
37350,1790876351.8470058,4A (Hard Routing),0.8251,8.0731,0.1761,0.0,208.2,8.916884342175892e-06
37375,1790876371.0366144,4A (Hard Routing),0.8338,8.0233,0.4072,0.0,148.0,8.915383772587738e-06
37400,1790876390.5142586,4A (Hard Routing),0.849,8.0102,0.2008,1.025,52.5,8.91363195505539e-06
37425,1790876411.622514,4A (Hard Routing),0.7788,8.0653,0.1918,0.0,270.1,8.912129409273882e-06
37450,1790876430.450236,4A (Hard Routing),0.8075,8.0038,0.2134,0.0,199.1,8.910625951957321e-06
37475,1790876450.6128235,4A (Hard Routing),0.8263,8.0679,0.2167,0.0,146.7,8.909121583456018e-06
37500,1790876465.4262307,4A (Hard Routing),0.8874,8.0542,0.3024,1.233,104.3,8.907365335702535e-06
37525,1790876484.4394279,4A (Hard Routing),0.8239,8.009,0.1793,0.0,277.9,8.905858994170387e-06
37550,1790876507.6478539,4A (Hard Routing),0.7999,8.043,0.1466,0.0,310.2,8.904351742564208e-06
37575,1790876521.8091393,4A (Hard Routing),0.8105,8.0105,0.1726,0.0,112.3,8.90284358123519e-06
37600,1790876540.2445958,4A (Hard Routing),0.8114,8.0332,0.2258,1.256,87.7,8.901082910364907e-06
37625,1790876559.1165876,4A (Hard Routing),0.9147,8.1343,0.5055,0.0,305.5,8.899572779175537e-06
37650,1790876584.5640361,4A (Hard Routing),0.6825,8.0216,0.0925,0.0,353.2,8.898061739376839e-06
37675,1790876598.6394012,4A (Hard Routing),0.8057,8.0075,0.2698,0.0,128.4,8.896549791320888e-06
37700,1790876617.1283987,4A (Hard Routing),0.9765,8.03,0.2198,1.279,107.0,8.894784704456028e-06
37725,1790876634.5024295,4A (Hard Routing),0.8698,7.9991,0.2252,0.0,285.5,8.893270789718185e-06
37750,1790876655.6000986,4A (Hard Routing),0.8463,8.0394,0.1786,0.0,296.0,8.89175596783939e-06
37775,1790876677.9675117,4A (Hard Routing),0.8395,8.0858,0.2281,0.0,114.4,8.890240239172603e-06
37800,1790876696.1749928,4A (Hard Routing),0.8902,8.0242,0.2273,1.261,183.1,8.888470743453257e-06
37825,1790876713.4147415,4A (Hard Routing),0.8305,8.0792,0.266,0.0,210.9,8.886953051290994e-06
37850,1790876732.7121384,4A (Hard Routing),0.8096,8.0161,0.1861,0.0,229.1,8.885434453459826e-06
37875,1790876752.12088,4A (Hard Routing),0.6888,8.0264,0.2187,0.0,15.4,8.883914950313595e-06
37900,1790876769.389227,4A (Hard Routing),0.8291,8.0215,0.2626,1.044,181.1,8.882141052897683e-06
37925,1790876790.2900774,4A (Hard Routing),0.7797,8.0254,0.1515,0.0,143.1,8.880619589450334e-06
37950,1790876806.215881,4A (Hard Routing),0.7326,8.0223,0.1823,0.0,185.6,8.879097221809792e-06
37975,1790876825.0552225,4A (Hard Routing),0.7566,8.0252,0.3898,0.0,127.3,8.877573950330774e-06
38000,1790876847.7580924,4A (Hard Routing),0.7505,8.0469,0.1719,0.968,137.8,8.875795658394028e-06
38025,1790876869.282662,4A (Hard Routing),0.7795,8.0961,0.3175,0.0,278.7,8.874270429816182e-06
38050,1790876885.0336664,4A (Hard Routing),0.7632,8.0672,0.1087,0.0,321.7,8.87274429852451e-06
38075,1790876904.5073657,4A (Hard Routing),0.752,8.0173,0.2363,0.0,146.3,8.871217264874608e-06
38100,1790876928.316592,4A (Hard Routing),0.8796,8.0455,0.1176,1.136,142.1,8.869434585610534e-06
38125,1790876942.8738751,4A (Hard Routing),0.8899,8.0778,0.2935,0.0,170.4,8.867905598072011e-06
38150,1790876960.58177,4A (Hard Routing),0.7629,7.9883,0.1294,0.0,132.8,8.866375709302682e-06
38175,1790876980.3839076,4A (Hard Routing),0.8338,8.0563,0.4028,0.0,240.5,8.864844919659018e-06
38200,1790876998.276756,4A (Hard Routing),0.8373,7.9967,0.1581,1.058,76.8,8.86305786027887e-06
38225,1790877020.5450442,4A (Hard Routing),0.8003,8.0934,0.1487,0.0,161.4,8.861525119964693e-06
38250,1790877036.2077906,4A (Hard Routing),0.8437,8.0261,0.1661,0.0,101.7,8.859991479906378e-06
38275,1790877057.482666,4A (Hard Routing),0.9531,8.0553,0.3993,0.0,129.9,8.858456940461267e-06
38300,1790877075.6910286,4A (Hard Routing),0.7829,8.0441,0.2696,1.052,196.7,8.856665508194016e-06
38325,1790877100.535825,4A (Hard Routing),0.8343,8.0217,0.119,0.0,477.3,8.855129021304392e-06
38350,1790877115.1041715,4A (Hard Routing),0.7956,8.0131,0.2077,0.0,212.5,8.853591636160937e-06
38375,1790877133.6606343,4A (Hard Routing),0.7563,8.0353,0.2304,0.0,66.4,8.852053353121863e-06
38400,1790877154.588167,4A (Hard Routing),0.9016,8.152,0.4582,1.198,215.7,8.850257555214169e-06
38425,1790877170.9357026,4A (Hard Routing),0.8553,8.0191,0.2542,0.0,247.8,8.848717327964461e-06
38450,1790877192.8494442,4A (Hard Routing),0.7814,8.0661,0.1941,0.0,251.9,8.84717620395486e-06
38475,1790877212.328176,4A (Hard Routing),0.8269,8.0287,0.1755,0.0,158.6,8.845634183544452e-06
38500,1790877230.6146967,4A (Hard Routing),0.7791,8.0322,0.2068,0.966,176.5,8.843834027260635e-06
38525,1790877248.3065538,4A (Hard Routing),0.7288,8.0215,0.1473,0.0,238.5,8.842290065881334e-06
38550,1790877271.2002017,4A (Hard Routing),0.7382,8.0218,0.1913,0.0,316.5,8.840745209239708e-06
38575,1790877285.5203507,4A (Hard Routing),0.8318,8.0728,0.2618,0.0,121.1,8.839199457695709e-06
38600,1790877305.5886593,4A (Hard Routing),0.8622,8.0099,0.1395,1.184,184.5,8.837394950317722e-06
38625,1790877324.1535711,4A (Hard Routing),0.7262,8.0203,0.1655,0.0,126.8,8.835847261054424e-06
38650,1790877343.8400836,4A (Hard Routing),0.766,8.0104,0.1735,0.0,150.9,8.834298678029988e-06
38675,1790877364.7226741,4A (Hard Routing),0.9021,8.0836,0.3198,0.0,109.8,8.832749201605239e-06
38700,1790877385.325186,4A (Hard Routing),0.8847,8.0437,0.2543,1.022,198.2,8.830940350432634e-06
38725,1790877400.5895803,4A (Hard Routing),0.8672,8.0586,0.1907,0.0,223.4,8.829388939546019e-06
38750,1790877419.989493,4A (Hard Routing),0.7663,8.027,0.1508,0.0,107.1,8.827836636403069e-06
38775,1790877444.2039628,4A (Hard Routing),0.7879,8.0566,0.3312,0.0,155.4,8.826283441365474e-06
38800,1790877459.2550812,4A (Hard Routing),0.7388,8.0172,0.217,0.974,176.7,8.824470253715373e-06
38825,1790877478.2267835,4A (Hard Routing),0.7337,8.017,0.1436,0.0,233.4,8.822915127481172e-06
38850,1790877497.8432384,4A (Hard Routing),0.8105,8.02,0.2167,0.0,233.0,8.821359110499047e-06
38875,1790877515.0294604,4A (Hard Routing),0.8567,8.0111,0.2676,0.0,68.0,8.81980220313156e-06
38900,1790877535.4898388,4A (Hard Routing),0.8202,8.0426,0.2587,1.107,155.2,8.817984686338628e-06
38925,1790877554.1236544,4A (Hard Routing),0.7956,8.0222,0.2466,0.0,257.7,8.816425851047598e-06
38950,1790877574.7708063,4A (Hard Routing),0.7132,8.0094,0.2311,0.0,33.8,8.814866126520667e-06
38975,1790877589.4662478,4A (Hard Routing),0.9203,8.0273,0.3857,0.0,117.1,8.81330551312125e-06
39000,1790877611.6868966,4A (Hard Routing),0.9296,8.0358,0.1344,1.114,136.0,8.811483674537663e-06
39025,1790877633.3306057,4A (Hard Routing),1.0092,8.1247,0.4727,0.0,295.5,8.809921136495574e-06
39050,1790877653.5373042,4A (Hard Routing),0.8496,8.0282,0.2869,0.0,30.2,8.808357710733195e-06
39075,1790877669.250096,4A (Hard Routing),0.7927,8.016,0.2144,0.0,74.7,8.806793397614803e-06
39100,1790877693.3385303,4A (Hard Routing),0.8473,8.0721,0.2833,0.952,176.3,8.804967244610224e-06
39125,1790877707.722531,4A (Hard Routing),0.8195,8.0175,0.2195,0.0,242.8,8.80340101013782e-06
39150,1790877728.5848994,4A (Hard Routing),0.9027,8.0208,0.3359,0.0,310.9,8.801833889464325e-06
39175,1790877749.2462432,4A (Hard Routing),0.8488,8.0204,0.2436,0.0,143.5,8.800265882954886e-06
39200,1790877764.5427215,4A (Hard Routing),0.8524,8.023,0.0582,1.059,159.5,8.798435422916425e-06
39225,1790877787.9904575,4A (Hard Routing),0.8231,8.0029,0.1273,0.0,373.0,8.796865498349398e-06
39250,1790877804.052995,4A (Hard Routing),0.8253,8.0385,0.149,0.0,216.5,8.795294689104073e-06
39275,1790877823.0272374,4A (Hard Routing),0.8191,8.0302,0.2426,0.0,137.5,8.79372299554645e-06
39300,1790877844.8816218,4A (Hard Routing),0.8995,8.0178,0.2815,1.255,16.5,8.791888235878642e-06
39325,1790877866.275549,4A (Hard Routing),0.8672,8.0527,0.2551,0.0,149.8,8.790314627567615e-06
39350,1790877880.276257,4A (Hard Routing),0.8152,8.0482,0.2334,0.0,299.7,8.78874013610466e-06
39375,1790877900.0707936,4A (Hard Routing),0.8527,8.1037,0.2047,0.0,227.2,8.78716476185663e-06
39400,1790877917.7060442,4A (Hard Routing),0.7674,8.0212,0.2357,1.19,120.0,8.785325709981404e-06
39425,1790877937.9852307,4A (Hard Routing),0.7934,8.0369,0.234,0.0,247.3,8.783748424291903e-06
39450,1790877960.4961333,4A (Hard Routing),0.8174,8.0176,0.2409,0.0,217.4,8.782170256980411e-06
39475,1790877980.5445724,4A (Hard Routing),0.775,8.0303,0.2711,0.0,145.4,8.780591208414646e-06
39500,1790877998.9573581,4A (Hard Routing),0.7468,8.018,0.2645,0.966,147.8,8.778747871771293e-06
39525,1790878016.5208707,4A (Hard Routing),0.9391,8.0173,0.2446,0.0,255.1,8.777166915083716e-06
39550,1790878041.6400406,4A (Hard Routing),0.8013,8.0031,0.1123,0.0,21.9,8.775585078307657e-06
39575,1790878055.0978765,4A (Hard Routing),0.7977,8.0228,0.2697,0.0,159.9,8.774002361811683e-06
39600,1790878075.3081849,4A (Hard Routing),0.8444,8.0612,0.2339,1.291,222.2,8.772154747856825e-06
39625,1790878092.8257737,4A (Hard Routing),0.7529,8.0281,0.2868,0.0,200.1,8.770570126566426e-06
39650,1790878112.5276911,4A (Hard Routing),0.7968,8.0451,0.1684,0.0,143.5,8.768984626724609e-06
39675,1790878134.0753784,4A (Hard Routing),0.7782,8.0392,0.2607,0.0,173.6,8.767398248700797e-06
39700,1790878154.5487902,4A (Hard Routing),0.7647,8.0324,0.0869,0.882,193.1,8.76554636490836e-06
39725,1790878170.5067928,4A (Hard Routing),0.7699,8.0239,0.1706,0.0,139.8,8.763958085425209e-06
39750,1790878191.9828155,4A (Hard Routing),0.8745,8.0363,0.1872,0.0,274.1,8.76236892893126e-06
39775,1790878216.3920617,4A (Hard Routing),0.6321,8.0198,0.0663,0.0,144.7,8.760778895796792e-06
39800,1790878231.7480915,4A (Hard Routing),0.8381,8.0019,0.3402,1.214,136.0,8.758922749657974e-06
39825,1790878253.6232274,4A (Hard Routing),0.7037,8.0389,0.1921,0.0,253.8,8.757330818406942e-06
39850,1790878272.8455312,4A (Hard Routing),0.813,8.0427,0.2387,0.0,182.9,8.755738011689284e-06
39875,1790878289.4663,4A (Hard Routing),0.7656,8.0303,0.1676,0.0,66.5,8.754144329876123e-06
39900,1790878312.1188655,4A (Hard Routing),0.8928,8.028,0.2981,1.331,162.3,8.752283928899362e-06
39925,1790878332.420989,4A (Hard Routing),0.748,8.0589,0.1678,0.0,335.4,8.750688352320096e-06
39950,1790878349.8318617,4A (Hard Routing),0.7263,8.0692,0.2043,0.0,252.2,8.74909190182191e-06
39975,1790878367.1901162,4A (Hard Routing),0.8281,7.9986,0.1515,0.0,114.0,8.747494577776783e-06
40000,1790878390.66059,4A (Hard Routing),0.8068,8.0549,0.2484,1.153,154.5,8.745629929487733e-06
40025,1790878413.2205813,4A (Hard Routing),0.7197,8.0263,0.2171,0.0,15.9,8.74403071403462e-06
40050,1790878429.269048,4A (Hard Routing),0.7761,8.0148,0.2264,0.0,286.6,8.742430626213835e-06
