uid,dialect,domain,duration_sec,reference,prediction,normalized_ref,normalized_pred,norm_cer_percent,norm_wer_percent,raw_cer_percent,raw_wer_percent,exact_match
IISc_RESPIN_mr_D3_70093_411011_F_AGRI_700256_70000268,D3,Agriculture,6.76,बकरी किंवा मेंढीपासून खत मिळते का ?,बकरी किंवा मेंढी पासून खत मिळते का ?,बकरी किंवा मेंढीपासून खत मिळते का,बकरी किंवा मेंढी पासून खत मिळते का,3.03,33.33,2.86,28.57,0
IISc_RESPIN_mr_D3_70093_411011_F_AGRI_700289_70000298,D3,Agriculture,6.02,ठिबक सिंचनाची जोडणी कशी असावी ?,ठिबक सिंचनाची जोडणी कशी असावी ?,ठिबक सिंचनाची जोडणी कशी असावी,ठिबक सिंचनाची जोडणी कशी असावी,0.0,0.0,0.0,0.0,1
IISc_RESPIN_mr_D3_70093_411011_F_BANK_700808_70000923,D3,Banking,6.07,के.वाय.सी फॉर्म भरणे गरजेचे असते का ?,के.वाय.सी फॉर्म भरणे गरजेचे असते का ?,के वाय सी फॉर्म भरणे गरजेचे असते का,के वाय सी फॉर्म भरणे गरजेचे असते का,0.0,0.0,0.0,0.0,1
IISc_RESPIN_mr_D3_70093_411011_F_BANK_700734_70000955,D3,Banking,5.02,मुदत खाते ऑनलाइन उघडता येईल का ?,मुदत खाते ऑनलाइन उघडता येईल का ?,मुदत खाते ऑनलाइन उघडता येईल का,मुदत खाते ऑनलाइन उघडता येईल का,0.0,0.0,0.0,0.0,1
IISc_RESPIN_mr_D3_70064_NA_F_AGRI_700091_70000981,D3,Agriculture,5.03,लवकर तयार होणाऱ्या तुरीच्या जाती कोणत्या ?,लवकर तयार होणार्या तुरीच्या जाती कोणत्या ?,लवकर तयार होणाऱ्या तुरीच्या जाती कोणत्या,लवकर तयार होणार्या तुरीच्या जाती कोणत्या,2.5,16.67,2.38,14.29,0
IISc_RESPIN_mr_D3_70064_NA_F_BANK_701299_70001117,D3,Banking,8.04,मला एका वर्षातच कर्ज परतफेड करण्याठी दर महिन्याला किमान किती हप्ता बसेल ?,मला एका वर्षातच कर्ज परतफेड करण्यासाठी दर महिन्याला किमान किती हप्ता बसेल ?,मला एका वर्षातच कर्ज परतफेड करण्याठी दर महिन्याला किमान किती हप्ता बसेल,मला एका वर्षातच कर्ज परतफेड करण्यासाठी दर महिन्याला किमान किती हप्ता बसेल,2.82,8.33,2.74,7.69,0
IISc_RESPIN_mr_D3_70064_NA_F_AGRI_700595_70001129,D3,Agriculture,4.36,कोणत्या वातावरणात कोणते पीक घेऊ नये ?,कोणत्या वातावरणात कोणते पीक घेऊ नये ?,कोणत्या वातावरणात कोणते पीक घेऊ नये,कोणत्या वातावरणात कोणते पीक घेऊ नये,0.0,0.0,0.0,0.0,1
IISc_RESPIN_mr_D3_70064_NA_F_AGRI_700484_70001310,D3,Agriculture,4.04,जमिनीचे व्यवस्थापन कसे करावे ?,जमिनीचे व्यवस्थापन कसे करावे ?,जमिनीचे व्यवस्थापन कसे करावे,जमिनीचे व्यवस्थापन कसे करावे,0.0,0.0,0.0,0.0,1
IISc_RESPIN_mr_D3_70064_NA_F_AGRI_700542_70001328,D3,Agriculture,4.55,खरीप हंगामाचा कोणता कालावधी असतो ?,खरीप हंगामाचा कोणता कालावधी असतो ?,खरीप हंगामाचा कोणता कालावधी असतो,खरीप हंगामाचा कोणता कालावधी असतो,0.0,0.0,0.0,0.0,1
IISc_RESPIN_mr_D3_70064_NA_F_AGRI_700062_70001554,D3,Agriculture,5.29,पिकांची औषधे सरकारी योजनेअंतर्गत मिळणार का ?,पिकांची औषधे सरकारी योजनेअंतर्गत मिळणार का ?,पिकांची औषधे सरकारी योजनेअंतर्गत मिळणार का,पिकांची औषधे सरकारी योजनेअंतर्गत मिळणार का,0.0,0.0,0.0,0.0,1
IISc_RESPIN_mr_D3_70005_411037_F_AGRI_700542_70001808,D3,Agriculture,5.27,खरीप हंगामाचा कोणता कालावधी असतो ?,खरीप हंगामाचा कोणता कालावधी असतो ?,खरीप हंगामाचा कोणता कालावधी असतो,खरीप हंगामाचा कोणता कालावधी असतो,0.0,0.0,0.0,0.0,1
IISc_RESPIN_mr_D3_70064_NA_F_AGRI_700602_70002343,D3,Agriculture,6.41,माझ्या कंपनीचे उत्पादन चांगले राहण्यासाठी मी काय उपाय केले पाहिजे ?,माझ्या कंपनीचे उत्पादन चांगले राहण्यासाठी मी काय उपाय केले पाहिजे,माझ्या कंपनीचे उत्पादन चांगले राहण्यासाठी मी काय उपाय केले पाहिजे,माझ्या कंपनीचे उत्पादन चांगले राहण्यासाठी मी काय उपाय केले पाहिजे,0.0,0.0,2.99,9.09,1
IISc_RESPIN_mr_D3_70093_411011_F_AGRI_700393_70002566,D3,Agriculture,5.73,भारतातील आधुनिक कृषी यंत्रे कोणती आहेत ?,भारतातील आधुनिक कृषी यंत्रे कोणती आहेत ?,भारतातील आधुनिक कृषी यंत्रे कोणती आहेत,भारतातील आधुनिक कृषी यंत्रे कोणती आहेत,0.0,0.0,0.0,0.0,1
IISc_RESPIN_mr_D3_70093_411011_F_AGRI_700210_70002568,D3,Agriculture,6.11,टोबॅको लीफ कर्ल व्हायरस म्हणजे काय ?,तो बॅक डीफ कर्ल वायरस म्हणजे काय ?,टोबॅको लीफ कर्ल व्हायरस म्हणजे काय,तो बॅक डीफ कर्ल वायरस म्हणजे काय,17.65,66.67,16.67,57.14,0
IISc_RESPIN_mr_D3_70093_411011_F_AGRI_700183_70002594,D3,Agriculture,5.75,तांदळाची कोणती जात पावसाळ्यात पिकवली जाते ?,तांदळाची कोणती जात पावसाळ्यात पिकवली जाते ?,तांदळाची कोणती जात पावसाळ्यात पिकवली जाते,तांदळाची कोणती जात पावसाळ्यात पिकवली जाते,0.0,0.0,0.0,0.0,1
IISc_RESPIN_mr_D3_70005_411037_F_BANK_701186_70002992,D3,Banking,4.81,यु.पी.आय वापरण्यासाठी कोणते ऍप वापरावे ?,यू.पी.आय वापरण्यासाठी कोणते ॲप वापरावे ?,यु पी आय वापरण्यासाठी कोणते ऍप वापरावे,यू पी आय वापरण्यासाठी कोणते ॲप वापरावे,5.26,28.57,5.0,33.33,0
IISc_RESPIN_mr_D3_70093_411011_F_BANK_700765_70003003,D3,Banking,8.67,यु.पी.आय मार्फत आपण एकाच बँकेतून अनेक बँकांमध्ये पैसे पाठवू शकतो का ?,यु.पी.आय मार्फत आपण एकाच बँकेतून अनेक बँकांमध्ये पैसे पाठवू शकतो का ?,यु पी आय मार्फत आपण एकाच बँकेतून अनेक बँकांमध्ये पैसे पाठवू शकतो का,यु पी आय मार्फत आपण एकाच बँकेतून अनेक बँकांमध्ये पैसे पाठवू शकतो का,0.0,0.0,0.0,0.0,1
IISc_RESPIN_mr_D3_70093_411011_F_BANK_700750_70003051,D3,Banking,4.63,ऑनलाइन युटिलिटी बिले भरता येतात का ?,ऑनलाइन युटिलिटी बिले भरता येतात का ?,ऑनलाइन युटिलिटी बिले भरता येतात का,ऑनलाइन युटिलिटी बिले भरता येतात का,0.0,0.0,0.0,0.0,1
IISc_RESPIN_mr_D3_70005_411037_F_BANK_701275_70003059,D3,Banking,4.32,खाते चालू ठेवण्यासाठी किमान किती रक्कम हवी ?,खाते चालू ठेवण्यासाठी किमान किती रक्कम हवी ?,खाते चालू ठेवण्यासाठी किमान किती रक्कम हवी,खाते चालू ठेवण्यासाठी किमान किती रक्कम हवी,0.0,0.0,0.0,0.0,1
IISc_RESPIN_mr_D3_70005_411037_F_BANK_701205_70003091,D3,Banking,5.83,निधी हस्तांतरण करण्याच्या किती पद्धती आहेत ?,निधी हस्तांतरण करण्याच्या किती पद्धती आहे ?,निधी हस्तांतरण करण्याच्या किती पद्धती आहेत,निधी हस्तांतरण करण्याच्या किती पद्धती आहे,2.38,16.67,2.27,14.29,0
IISc_RESPIN_mr_D3_70005_411037_F_AGRI_700091_70003153,D3,Agriculture,4.51,लवकर तयार होणाऱ्या तुरीच्या जाती कोणत्या ?,लवकर तयार होणार्या तुरीच्या जाती कोणत्या ?,लवकर तयार होणाऱ्या तुरीच्या जाती कोणत्या,लवकर तयार होणार्या तुरीच्या जाती कोणत्या,2.5,16.67,2.38,14.29,0
IISc_RESPIN_mr_D3_70005_411037_F_BANK_701241_70003159,D3,Banking,7.36,परतावा जास्त मिळवण्यासाठी कोणत्या गुंतवणुकीचा पर्याय चांगला आहे ?,परतावा जास्त मिळवण्यासाठी कोणत्या गुंतवणुकीचा पर्याय चांगला आहे ?,परतावा जास्त मिळवण्यासाठी कोणत्या गुंतवणुकीचा पर्याय चांगला आहे,परतावा जास्त मिळवण्यासाठी कोणत्या गुंतवणुकीचा पर्याय चांगला आहे,0.0,0.0,0.0,0.0,1
IISc_RESPIN_mr_D3_70005_411037_F_BANK_701652_70003234,D3,Banking,5.71,काल रात्री खरेदी केलेल्या मालाची किंमत दोन हजार रुपये होती,काळ रात्री खरेदी केलेल्या मालाची किमत दोन हजार रुपये होती,काल रात्री खरेदी केलेल्या मालाची किंमत दोन हजार रुपये होती,काळ रात्री खरेदी केलेल्या मालाची किमत दोन हजार रुपये होती,3.45,20.0,3.45,20.0,0
IISc_RESPIN_mr_D3_70005_411037_F_BANK_701696_70003245,D3,Banking,8.78,कोरोनाच्या वेळी बँकेतून पासबुक मुद्रित करुन घेण्याऐवजी खात्याचे व्यवहार ऑनलाईन बघा,करोनाच्या वेळी बँकेतून पासबुक मुद्रित करून घेण्या ऐवजी खात्याचे व्यवहार ऑनलाइन बागा,कोरोनाच्या वेळी बँकेतून पासबुक मुद्रित करुन घेण्याऐवजी खात्याचे व्यवहार ऑनलाईन बघा,करोनाच्या वेळी बँकेतून पासबुक मुद्रित करून घेण्या ऐवजी खात्याचे व्यवहार ऑनलाइन बागा,7.32,54.55,7.32,54.55,0
IISc_RESPIN_mr_D3_70064_NA_F_AGRI_705269_70003403,D3,Agriculture,4.55,मार्चमध्ये झैद पिकांची पेरणी सुरू करतात,मार्चमध्ये झैद पिकांची पेरणी सुरू करतात,मार्चमध्ये झैद पिकांची पेरणी सुरू करतात,मार्चमध्ये झैद पिकांची पेरणी सुरू करतात,0.0,0.0,0.0,0.0,1
IISc_RESPIN_mr_D3_70064_NA_F_BANK_701985_70003996,D3,Banking,3.3,माझा चेक कधी वटणार आहे ?,माझा चेक कधी वटणार आहे,माझा चेक कधी वटणार आहे,माझा चेक कधी वटणार आहे,0.0,0.0,8.33,16.67,1
IISc_RESPIN_mr_D3_70064_NA_F_AGRI_705863_70003997,D3,Agriculture,8.64,"सुका चारा व हिरवा चारा यांच्या तरतुदीबरोबरच बेसन , कोंडा , खळी यांचाही वापर केला जातो",सुका चारा व हिरवा चारा यांच्या तर तुरी बरोबरच बेसन कोंडा खळी यांचाही वापर केला जातो,सुका चारा व हिरवा चारा यांच्या तरतुदीबरोबरच बेसन कोंडा खळी यांचाही वापर केला जातो,सुका चारा व हिरवा चारा यांच्या तर तुरी बरोबरच बेसन कोंडा खळी यांचाही वापर केला जातो,3.7,21.43,8.24,31.25,0
IISc_RESPIN_mr_D3_70064_NA_F_AGRI_703645_70004018,D3,Agriculture,6.81,"राम म्हणाले की , गावपातळीवर जनावरांचे आरोग्य हा मोठा प्रश्न आहे",राम म्हणाले की गाव पातळीवर जनावरांचे आरोग्य हा मोठा प्रश्न आहे,राम म्हणाले की गावपातळीवर जनावरांचे आरोग्य हा मोठा प्रश्न आहे,राम म्हणाले की गाव पातळीवर जनावरांचे आरोग्य हा मोठा प्रश्न आहे,1.64,20.0,4.76,18.18,0
IISc_RESPIN_mr_D3_70093_411011_F_BANK_700852_70004043,D3,Banking,10.81,"एन.बी.एफ.सी या बँकांप्रमाणेच कार्य करतात , मग बँक व एन.बी.एफ.सी मध्ये काय फरक आहे ?",एन.बी.एफ.सी या बँका प्रमाणे कार्य करतात बँक वएन.बी.एफ.सी मध्ये काय फरक आहे,एन बी एफ सी या बँकांप्रमाणेच कार्य करतात मग बँक व एन बी एफ सी मध्ये काय फरक आहे,एन बी एफ सी या बँका प्रमाणे कार्य करतात बँक वएन बी एफ सी मध्ये काय फरक आहे,7.59,26.32,12.05,46.67,0
IISc_RESPIN_mr_D3_70064_NA_F_BANK_701825_70004326,D3,Banking,4.68,परीक्षेत दिवस व्यापार संबंधित प्रश्न विचारण्यात आले,हरित शेत दिवस व्यापार संबंधित प्रश्न विचारण्यात आले,परीक्षेत दिवस व्यापार संबंधित प्रश्न विचारण्यात आले,हरित शेत दिवस व्यापार संबंधित प्रश्न विचारण्यात आले,9.8,28.57,9.8,28.57,0
IISc_RESPIN_mr_D3_70064_NA_F_AGRI_701799_70004405,D3,Agriculture,3.53,द्रव खत लवकर जमिनीत मुरते,द्रव खत लवकर जमिनीत मुरते,द्रव खत लवकर जमिनीत मुरते,द्रव खत लवकर जमिनीत मुरते,0.0,0.0,0.0,0.0,1
IISc_RESPIN_mr_D3_70005_411037_F_BANK_703902_70004537,D3,Banking,5.04,सामाजिक उद्योजकता वाढवण्यासाठी रोहन सतत कार्यरत असतो,सामाजिक उद्योजकता वाढवण्यासाठी रोहन सतत कार्या रवी,सामाजिक उद्योजकता वाढवण्यासाठी रोहन सतत कार्यरत असतो,सामाजिक उद्योजकता वाढवण्यासाठी रोहन सतत कार्या रवी,11.54,28.57,11.54,28.57,0
IISc_RESPIN_mr_D3_70093_411011_F_AGRI_705787_70005506,D3,Agriculture,4.97,शेतात जास्त कीटकनाशके वापरू नयेत,शेतात जास्त कीटकनाशके वापरुन येत,शेतात जास्त कीटकनाशके वापरू नयेत,शेतात जास्त कीटकनाशके वापरुन येत,9.38,40.0,9.38,40.0,0
IISc_RESPIN_mr_D3_70093_411011_F_BANK_706205_70005515,D3,Banking,7.89,दोन लाखांच्या आयुर्विम्यासाठी किती कालावधीचा प्रीमियम भरावा लागणार आहे ?,दोन लाखाच्या आयुर विम्यासाठी किती कालावधीचा प्रीमियम भरावा लागणार आहे,दोन लाखांच्या आयुर्विम्यासाठी किती कालावधीचा प्रीमियम भरावा लागणार आहे,दोन लाखाच्या आयुर विम्यासाठी किती कालावधीचा प्रीमियम भरावा लागणार आहे,2.86,33.33,5.56,40.0,0
IISc_RESPIN_mr_D3_70093_411011_F_BANK_701978_70005527,D3,Banking,6.63,मला संशोधनासाठी सरकारकडून अनुदान मिळाले आहे,मला संशोधनासाठी सरकारकडून अनुदान मिळाले आहे,मला संशोधनासाठी सरकारकडून अनुदान मिळाले आहे,मला संशोधनासाठी सरकारकडून अनुदान मिळाले आहे,0.0,0.0,0.0,0.0,1
IISc_RESPIN_mr_D3_70071_411037_F_AGRI_700595_70005577,D3,Agriculture,5.97,कोणत्या वातावरणात कोणते पीक घेऊ नये ?,कोणत्या वातावरणात कोणते पीक घेऊ ले ?,कोणत्या वातावरणात कोणते पीक घेऊ नये,कोणत्या वातावरणात कोणते पीक घेऊ ले,5.71,16.67,5.41,14.29,0
IISc_RESPIN_mr_D3_70071_411037_F_AGRI_700556_70005593,D3,Agriculture,5.56,लाल मातीमध्ये ऊस लावू शकतो का ?,लाल मातीमध्ये ऊस लावू शकतो का ?,लाल मातीमध्ये ऊस लावू शकतो का,लाल मातीमध्ये ऊस लावू शकतो का,0.0,0.0,0.0,0.0,1
IISc_RESPIN_mr_D3_70071_411037_F_AGRI_700120_70005693,D3,Agriculture,7.0,ज्वारी पिकाला कोणत्या प्रकारचे सिंचन वापरू शकतो ?,ज्वारी पिकाला कोणत्या प्रकारचे सिंचन वापरू शकतो ?,ज्वारी पिकाला कोणत्या प्रकारचे सिंचन वापरू शकतो,ज्वारी पिकाला कोणत्या प्रकारचे सिंचन वापरू शकतो,0.0,0.0,0.0,0.0,1
IISc_RESPIN_mr_D3_70093_411011_F_AGRI_702087_70005709,D3,Agriculture,6.65,मोहन लोकांना सेंद्रिय बागकाम करायला प्रोत्साहन देतो,मोहन लोकांना सेंद्रिय बाग काम करायला प्रोत्साहन देतो,मोहन लोकांना सेंद्रिय बागकाम करायला प्रोत्साहन देतो,मोहन लोकांना सेंद्रिय बाग काम करायला प्रोत्साहन देतो,1.96,28.57,1.96,28.57,0
IISc_RESPIN_mr_D3_70093_411011_F_BANK_706284_70005711,D3,Banking,5.82,चक्रवाढ व्याज मोजण्यासाठी काही सोपा मार्ग आहे का ?,चक्रवाढ व्याज मोजण्यासाठी काही सोपा मार्ग आहे का,चक्रवाढ व्याज मोजण्यासाठी काही सोपा मार्ग आहे का,चक्रवाढ व्याज मोजण्यासाठी काही सोपा मार्ग आहे का,0.0,0.0,4.0,11.11,1
IISc_RESPIN_mr_D3_70005_411037_F_BANK_703771_70005759,D3,Banking,6.22,"व्यवस्थापकाने सांगितले की , त्याची कंपनी प्रवास विमा करत नाही",व्यवस्थापकाने सांगितले की त्यांची कंपनी प्रवास विमा करत नाही,व्यवस्थापकाने सांगितले की त्याची कंपनी प्रवास विमा करत नाही,व्यवस्थापकाने सांगितले की त्यांची कंपनी प्रवास विमा करत नाही,1.69,11.11,4.92,20.0,0
IISc_RESPIN_mr_D3_70071_411037_F_AGRI_700542_70005847,D3,Agriculture,5.21,खरीप हंगामाचा कोणता कालावधी असतो ?,खरीप हंगामाचा कोणता कालावधी असतो ?,खरीप हंगामाचा कोणता कालावधी असतो,खरीप हंगामाचा कोणता कालावधी असतो,0.0,0.0,0.0,0.0,1
IISc_RESPIN_mr_D3_70071_411037_F_AGRI_700393_70005886,D3,Agriculture,5.47,भारतातील आधुनिक कृषी यंत्रे कोणती आहेत ?,भारतातील आधूनि कृषी यंत्रे कोणती आहेत ?,भारतातील आधुनिक कृषी यंत्रे कोणती आहेत,भारतातील आधूनि कृषी यंत्रे कोणती आहेत,5.26,16.67,5.0,14.29,0
IISc_RESPIN_mr_D3_70071_411037_F_BANK_700880_70005892,D3,Banking,6.39,मी माझ्या खात्यातील पैसे दुसऱ्या बँकेत पाठवू शकतो का ?,मी माझ्या खात्यातील पैसे दुस⁇्या बँकेत पाठवू शकतो का ?,मी माझ्या खात्यातील पैसे दुसऱ्या बँकेत पाठवू शकतो का,मी माझ्या खात्यातील पैसे दुस⁇्या बँकेत पाठवू शकतो का,1.92,11.11,1.85,10.0,0
IISc_RESPIN_mr_D3_70093_411011_F_AGRI_705873_70005928,D3,Agriculture,7.62,सेंद्रिय कापूस उद्योगात नैसर्गिक संसाधनं कमी जुंपली जात आहेत,सेंद्रिय कापूस उद्योगात नैसर्गिक संसाधन कमी चुकली जात आहेत,सेंद्रिय कापूस उद्योगात नैसर्गिक संसाधनं कमी जुंपली जात आहेत,सेंद्रिय कापूस उद्योगात नैसर्गिक संसाधन कमी चुकली जात आहेत,6.67,22.22,6.67,22.22,0
IISc_RESPIN_mr_D3_70093_411011_F_AGRI_703846_70006143,D3,Agriculture,4.73,शेवाळाचेही लक्षणीय विभाजन झाले आहे,शेवाळाचे ही लक्षणीय विभाजन झाले आहे,शेवाळाचेही लक्षणीय विभाजन झाले आहे,शेवाळाचे ही लक्षणीय विभाजन झाले आहे,2.94,40.0,2.94,40.0,0
IISc_RESPIN_mr_D3_70093_411011_F_AGRI_703026_70006168,D3,Agriculture,10.28,"द्राक्षांमध्ये कर्बोदके , व्हिटॅमिन बी सहा , व्हिटॅमिन सी , कॅल्शियम , लोह इत्यादी पोषक घटक आहेत",द्राक्षां मध्ये कर्बोदके व्हिटॅमिन बी सह व्हिटॅमिन सी कॅल्शियम लोह इत्यादी पोषक घटक आहेत,द्राक्षांमध्ये कर्बोदके व्हिटॅमिन बी सहा व्हिटॅमिन सी कॅल्शियम लोह इत्यादी पोषक घटक आहेत,द्राक्षां मध्ये कर्बोदके व्हिटॅमिन बी सह व्हिटॅमिन सी कॅल्शियम लोह इत्यादी पोषक घटक आहेत,2.27,23.08,10.42,41.18,0
IISc_RESPIN_mr_D3_70005_411037_F_AGRI_705983_70006311,D3,Agriculture,5.09,भारतात तागाचे सर्वाधिक उत्पादन कोठे होते ?,भारतात तागाचे सर्वाधिक उत्पादन कोठे होते ?,भारतात तागाचे सर्वाधिक उत्पादन कोठे होते,भारतात तागाचे सर्वाधिक उत्पादन कोठे होते,0.0,0.0,0.0,0.0,1
IISc_RESPIN_mr_D3_70005_411037_F_BANK_703879_70006317,D3,Banking,7.32,सर्व लोकांची खाती प्रधानमंत्री जन धन योजनेअंतर्गत उघडण्यात आली आहेत,सर्व लोकांची खाती प्रधानमंत्री जनधन योजनेअंतर्गत उघडण्यात आली आहेत,सर्व लोकांची खाती प्रधानमंत्री जन धन योजनेअंतर्गत उघडण्यात आली आहेत,सर्व लोकांची खाती प्रधानमंत्री जनधन योजनेअंतर्गत उघडण्यात आली आहेत,1.49,20.0,1.49,20.0,0
IISc_RESPIN_mr_D3_70005_411037_F_BANK_703847_70006336,D3,Banking,6.56,"श्याम , आपल्याला भविष्यातील मूल्याचे मूल्यमापन करून गुंतवणूक केली पाहिजे",श्याम आपल्याला भविष्यातील मूल्याचे मूल्यमापन करून गुंतवणूक केली पाहिजे,श्याम आपल्याला भविष्यातील मूल्याचे मूल्यमापन करून गुंतवणूक केली पाहिजे,श्याम आपल्याला भविष्यातील मूल्याचे मूल्यमापन करून गुंतवणूक केली पाहिजे,0.0,0.0,2.78,10.0,1
IISc_RESPIN_mr_D3_70005_411037_F_AGRI_706034_70006345,D3,Agriculture,6.67,बिहार सरकारच्या ज्यूट कार्यालयाचे मुख्यालय कोठे आहे ?,बिहार सरकारच्या जूट कार्यालयाचे मुख्यालय कोठे आहे,बिहार सरकारच्या ज्यूट कार्यालयाचे मुख्यालय कोठे आहे,बिहार सरकारच्या जूट कार्यालयाचे मुख्यालय कोठे आहे,3.92,14.29,7.55,25.0,0
IISc_RESPIN_mr_D3_70071_411037_F_AGRI_700028_70006406,D3,Agriculture,5.44,कोंबडी खताने जमीनीची धूप होत नाही का ?,कोंबडी खताने जमिनीची धूप होत नाही का,कोंबडी खताने जमीनीची धूप होत नाही का,कोंबडी खताने जमिनीची धूप होत नाही का,2.78,14.29,7.89,25.0,0
IISc_RESPIN_mr_D3_70071_411037_F_AGRI_700484_70006424,D3,Agriculture,4.19,जमिनीचे व्यवस्थापन कसे करावे ?,जमिनीचे व्यवस्थापन कसे करावे ?,जमिनीचे व्यवस्थापन कसे करावे,जमिनीचे व्यवस्थापन कसे करावे,0.0,0.0,0.0,0.0,1
IISc_RESPIN_mr_D3_70071_411037_F_AGRI_705537_70006625,D3,Agriculture,7.67,यंत्राने फळे व पिकांचे वर्गीकरण केल्यास वेळेची बचत होते,यंत्राने फळे व पिकाचे वर्गीकरण केल्यास वेळेची बचत होते,यंत्राने फळे व पिकांचे वर्गीकरण केल्यास वेळेची बचत होते,यंत्राने फळे व पिकाचे वर्गीकरण केल्यास वेळेची बचत होते,1.82,11.11,1.82,11.11,0
IISc_RESPIN_mr_D3_70071_411037_F_AGRI_706034_70006655,D3,Agriculture,6.21,बिहार सरकारच्या ज्यूट कार्यालयाचे मुख्यालय कोठे आहे ?,बिहार सरकारच्या जूट कार्यालयाचे मुख्यालय कोठे आहे,बिहार सरकारच्या ज्यूट कार्यालयाचे मुख्यालय कोठे आहे,बिहार सरकारच्या जूट कार्यालयाचे मुख्यालय कोठे आहे,3.92,14.29,7.55,25.0,0
IISc_RESPIN_mr_D3_70093_411011_F_AGRI_704088_70006666,D3,Agriculture,8.25,उष्णकटिबंधीय टसर रेशीम किड्याचे नाव अँथेरिया मायलिटा आहे,उष्णकटिबंधीय टसर रेशीम किड्याचे नाव अणथेरिया मायलिता आहे,उष्णकटिबंधीय टसर रेशीम किड्याचे नाव अँथेरिया मायलिटा आहे,उष्णकटिबंधीय टसर रेशीम किड्याचे नाव अणथेरिया मायलिता आहे,3.57,25.0,3.57,25.0,0
IISc_RESPIN_mr_D3_70071_411037_F_BANK_703879_70007082,D3,Banking,7.94,सर्व लोकांची खाती प्रधानमंत्री जन धन योजनेअंतर्गत उघडण्यात आली आहेत,सर्व लोकांची खाती प्रधानमंत्री जनधन योजनेअंतर्गत उघडण्यात आली आहेत,सर्व लोकांची खाती प्रधानमंत्री जन धन योजनेअंतर्गत उघडण्यात आली आहेत,सर्व लोकांची खाती प्रधानमंत्री जनधन योजनेअंतर्गत उघडण्यात आली आहेत,1.49,20.0,1.49,20.0,0
IISc_RESPIN_mr_D3_70071_411037_F_BANK_706054_70007094,D3,Banking,6.11,हावडामध्ये कर महसूल विभागाचे कार्यालय कोठे आहे ?,वडा मध्ये कर महसूल विभागाचे कार्यालय कुठे आहे,हावडामध्ये कर महसूल विभागाचे कार्यालय कोठे आहे,वडा मध्ये कर महसूल विभागाचे कार्यालय कुठे आहे,8.7,42.86,12.5,50.0,0
IISc_RESPIN_mr_D3_70071_411037_F_BANK_703514_70007109,D3,Banking,6.75,"मोहन म्हणाले की , जीवनात पैसे वाचवणे महत्वाचे आहे",मोहन म्हणाले की जीवनात पैसे वाचवणे महत्त्वाचे आहे,मोहन म्हणाले की जीवनात पैसे वाचवणे महत्वाचे आहे,मोहन म्हणाले की जीवनात पैसे वाचवणे महत्त्वाचे आहे,4.26,12.5,8.16,22.22,0
IISc_RESPIN_mr_D3_70071_411037_F_AGRI_704966_70007144,D3,Agriculture,4.97,पाण्यातील मासे लहान कीटक खातात,पाण्यातील मासे लहान कीटक खातात,पाण्यातील मासे लहान कीटक खातात,पाण्यातील मासे लहान कीटक खातात,0.0,0.0,0.0,0.0,1
IISc_RESPIN_mr_D3_70071_411037_F_AGRI_701799_70007265,D3,Agriculture,4.17,द्रव खत लवकर जमिनीत मुरते,द्रव खत लवकर जमिनीत मुरते,द्रव खत लवकर जमिनीत मुरते,द्रव खत लवकर जमिनीत मुरते,0.0,0.0,0.0,0.0,1
IISc_RESPIN_mr_D3_70071_411037_F_BANK_703847_70007269,D3,Banking,7.97,"श्याम , आपल्याला भविष्यातील मूल्याचे मूल्यमापन करून गुंतवणूक केली पाहिजे",श्याम आपल्याला भविष्यातील मूल्याचे मूल्य माप करून गुंतवणूक केली पाहिजे,श्याम आपल्याला भविष्यातील मूल्याचे मूल्यमापन करून गुंतवणूक केली पाहिजे,श्याम आपल्याला भविष्यातील मूल्याचे मूल्य माप करून गुंतवणूक केली पाहिजे,2.86,22.22,5.56,30.0,0
IISc_RESPIN_mr_D3_70062_NA_F_AGRI_700407_70007520,D3,Agriculture,3.94,पुराचा सर्वाधिक फटका कोणत्या पिकांना बसतो ?,पुराचा सर्वाधिक फटका कोणत्या पिकांना बसतो ?,पुराचा सर्वाधिक फटका कोणत्या पिकांना बसतो,पुराचा सर्वाधिक फटका कोणत्या पिकांना बसतो,0.0,0.0,0.0,0.0,1
IISc_RESPIN_mr_D3_70030_NA_F_BANK_701088_70008892,D3,Banking,4.63,गोल्ड बॉण्डसाठी कसा अर्ज करायचा ?,गोल्ड बँक साठी कसा अर्ज करायचा ?,गोल्ड बॉण्डसाठी कसा अर्ज करायचा,गोल्ड बँक साठी कसा अर्ज करायचा,12.9,40.0,12.12,33.33,0
IISc_RESPIN_mr_D3_70030_NA_F_AGRI_700571_70009000,D3,Agriculture,5.85,ठिबक सिंचन ही पद्धत कोणकोणत्या शेतीसाठी वापरावी ?,ठिबक सिंचन ही पद्धत कोणकोणत्या शेतीसाठी वापरावी ?,ठिबक सिंचन ही पद्धत कोणकोणत्या शेतीसाठी वापरावी,ठिबक सिंचन ही पद्धत कोणकोणत्या शेतीसाठी वापरावी,0.0,0.0,0.0,0.0,1
IISc_RESPIN_mr_D3_70030_NA_F_AGRI_700619_70009430,D3,Agriculture,4.82,पशुपालन करताना कोणती उपाय योजना केली पाहिजे ?,पशुपालन करताना कोणती उपाय योजना केली पाहिजे ?,पशुपालन करताना कोणती उपाय योजना केली पाहिजे,पशुपालन करताना कोणती उपाय योजना केली पाहिजे,0.0,0.0,0.0,0.0,1
IISc_RESPIN_mr_D3_70030_NA_F_BANK_700906_70009442,D3,Banking,3.89,क्रेडिट कार्ड मला कोणत्या सेवा देऊ शकते ?,क्रेडिट कार्ड मला कोणत्या सेवा देऊ शकते ?,क्रेडिट कार्ड मला कोणत्या सेवा देऊ शकते,क्रेडिट कार्ड मला कोणत्या सेवा देऊ शकते,0.0,0.0,0.0,0.0,1
IISc_RESPIN_mr_D3_70030_NA_F_BANK_700904_70009447,D3,Banking,5.03,खात्यामध्ये किती पैसे असल्यावर क्रेडिट कार्ड भेटते ?,खात्यामध्ये किती पैसे असल्यावर क्रेडिट कार्ड भेटते ?,खात्यामध्ये किती पैसे असल्यावर क्रेडिट कार्ड भेटते,खात्यामध्ये किती पैसे असल्यावर क्रेडिट कार्ड भेटते,0.0,0.0,0.0,0.0,1
IISc_RESPIN_mr_D3_70030_NA_F_AGRI_700315_70009466,D3,Agriculture,8.73,काजू पिकांत अवकाळी पावसामुळे किडी व रोग वाढल्यास उत्पादनावर मोठा परिणाम होऊ शकतो का ?,काजू पिकात अवकाळी पावसामुळे कीड व रोग वाढण्यास उत्पादनावर मोठा परिणाम होऊ शकतो का ?,काजू पिकांत अवकाळी पावसामुळे किडी व रोग वाढल्यास उत्पादनावर मोठा परिणाम होऊ शकतो का,काजू पिकात अवकाळी पावसामुळे कीड व रोग वाढण्यास उत्पादनावर मोठा परिणाम होऊ शकतो का,4.82,21.43,4.71,20.0,0
IISc_RESPIN_mr_D3_70030_NA_F_BANK_701116_70009474,D3,Banking,3.67,सणासाठी कर्ज कशा प्रकारे घ्यावे ?,सणासाठी कर्ज कश्याप्रकारे घ्यावे ?,सणासाठी कर्ज कशा प्रकारे घ्यावे,सणासाठी कर्ज कश्याप्रकारे घ्यावे,9.68,40.0,9.09,33.33,0
IISc_RESPIN_mr_D3_70030_NA_F_AGRI_701756_70010172,D3,Agriculture,6.59,जुन्या इमारतींच्या भिंतींवर उभ्या जागेत वनस्पती वाढवून बागकाम केले जाते,जुन्या मा रेती च्या भिंतीवर उभ्या जागेत वनस्पती वाढून बाग काम केले जाते,जुन्या इमारतींच्या भिंतींवर उभ्या जागेत वनस्पती वाढवून बागकाम केले जाते,जुन्या मा रेती च्या भिंतीवर उभ्या जागेत वनस्पती वाढून बाग काम केले जाते,9.86,70.0,9.86,70.0,0
IISc_RESPIN_mr_D3_70030_NA_F_BANK_704068_70010192,D3,Banking,3.84,आपण कधी कार्गो येताना पाहिले आहे का ?,आपण कधी काम बरो येताना पाहिले आहे का ?,आपण कधी कार्गो येताना पाहिले आहे का,आपण कधी काम बरो येताना पाहिले आहे का,11.43,28.57,10.81,25.0,0
IISc_RESPIN_mr_D3_70030_NA_F_AGRI_704088_70010199,D3,Agriculture,7.56,उष्णकटिबंधीय टसर रेशीम किड्याचे नाव अँथेरिया मायलिटा आहे,उष्णकटिबंधीय तरच रेशमी किड्याचे नाव अंथेरिया मायत लिता आहे,उष्णकटिबंधीय टसर रेशीम किड्याचे नाव अँथेरिया मायलिटा आहे,उष्णकटिबंधीय तरच रेशमी किड्याचे नाव अंथेरिया मायत लिता आहे,16.07,62.5,16.07,62.5,0
IISc_RESPIN_mr_D3_70030_NA_F_AGRI_705612_70010206,D3,Agriculture,8.55,"राष्ट्रीय अन्न सुरक्षा अभियानामुळेच आज सर्वांना कमी किमतीत पीठ , डाळी , गहू मिळत आहे",राष्ट्रीय अन्न सुरक्षा अभियानामुळे आज सर्वांना कमी किमतीत फीट डाय गहू मिळत आहे,राष्ट्रीय अन्न सुरक्षा अभियानामुळेच आज सर्वांना कमी किमतीत पीठ डाळी गहू मिळत आहे,राष्ट्रीय अन्न सुरक्षा अभियानामुळे आज सर्वांना कमी किमतीत फीट डाय गहू मिळत आहे,6.25,23.08,10.71,33.33,0
IISc_RESPIN_mr_D3_70030_NA_F_BANK_703847_70010697,D3,Banking,6.14,"श्याम , आपल्याला भविष्यातील मूल्याचे मूल्यमापन करून गुंतवणूक केली पाहिजे",श्याम आपल्याला भविष्यातील मूल्याचे मूल्यमापन करून गुंतवणूक केली पाहिजे,श्याम आपल्याला भविष्यातील मूल्याचे मूल्यमापन करून गुंतवणूक केली पाहिजे,श्याम आपल्याला भविष्यातील मूल्याचे मूल्यमापन करून गुंतवणूक केली पाहिजे,0.0,0.0,2.78,10.0,1
IISc_RESPIN_mr_D3_70030_NA_F_BANK_703902_70010744,D3,Banking,5.63,सामाजिक उद्योजकता वाढवण्यासाठी रोहन सतत कार्यरत असतो,सामाजिक उद्योजकता वाढण्यासाठी रोहन सतत कार्यरत असतो,सामाजिक उद्योजकता वाढवण्यासाठी रोहन सतत कार्यरत असतो,सामाजिक उद्योजकता वाढण्यासाठी रोहन सतत कार्यरत असतो,1.92,14.29,1.92,14.29,0
IISc_RESPIN_mr_D3_70030_NA_F_AGRI_704171_70010767,D3,Agriculture,7.03,तिळाच्या तेलाचा वापर सौंदर्यप्रसाधनांमध्ये वाहक तेल म्हणूनही केला जातो,तिळाच्या तेलाचा वापर सौंदर्य प्रसाधन मध्ये वाहक तेल म्हणूनही केला जातो,तिळाच्या तेलाचा वापर सौंदर्यप्रसाधनांमध्ये वाहक तेल म्हणूनही केला जातो,तिळाच्या तेलाचा वापर सौंदर्य प्रसाधन मध्ये वाहक तेल म्हणूनही केला जातो,4.29,33.33,4.29,33.33,0
IISc_RESPIN_mr_D3_70030_NA_F_BANK_704403_70011087,D3,Banking,3.77,आज माझे नवीन धनादेश आले आहे,आज माझे नवीन धनादेश आले आहे,आज माझे नवीन धनादेश आले आहे,आज माझे नवीन धनादेश आले आहे,0.0,0.0,0.0,0.0,1
IISc_RESPIN_mr_D3_70062_NA_F_AGRI_700271_70011801,D3,Agriculture,4.74,लाल मातीत कोणते कोणते पीक घेता येतील ?,लाल मातीत कोणते कोणते पीक घेता येतील ?,लाल मातीत कोणते कोणते पीक घेता येतील,लाल मातीत कोणते कोणते पीक घेता येतील,0.0,0.0,0.0,0.0,1
IISc_RESPIN_mr_D3_70062_NA_F_BANK_701275_70011802,D3,Banking,4.48,खाते चालू ठेवण्यासाठी किमान किती रक्कम हवी ?,खाते चालू ठेवण्यासाठी किमान किती रक्कम हवी ?,खाते चालू ठेवण्यासाठी किमान किती रक्कम हवी,खाते चालू ठेवण्यासाठी किमान किती रक्कम हवी,0.0,0.0,0.0,0.0,1
IISc_RESPIN_mr_D3_70062_NA_F_BANK_700880_70011818,D3,Banking,5.37,मी माझ्या खात्यातील पैसे दुसऱ्या बँकेत पाठवू शकतो का ?,मी माझ्या खात्यातील पैसे दुस⁇्या बँकेत पाठवू शकतो का ?,मी माझ्या खात्यातील पैसे दुसऱ्या बँकेत पाठवू शकतो का,मी माझ्या खात्यातील पैसे दुस⁇्या बँकेत पाठवू शकतो का,1.92,11.11,1.85,10.0,0
IISc_RESPIN_mr_D3_70062_NA_F_AGRI_700445_70011822,D3,Agriculture,7.77,काळ्या मातीमध्ये कोणत्या प्रकारचे पीक येऊ शकते ?,काळ्या मातीमध्ये कोणत्या प्रकारचे पीक येऊ शकतात ?,काळ्या मातीमध्ये कोणत्या प्रकारचे पीक येऊ शकते,काळ्या मातीमध्ये कोणत्या प्रकारचे पीक येऊ शकतात,4.35,14.29,4.17,12.5,0
IISc_RESPIN_mr_D3_70062_NA_F_AGRI_700315_70011902,D3,Agriculture,8.27,काजू पिकांत अवकाळी पावसामुळे किडी व रोग वाढल्यास उत्पादनावर मोठा परिणाम होऊ शकतो का ?,काजू पिकात अवकाळी पावसामुळे किडा किडी व रोग वाढण्यास उत्पादनावर मोठा परिणाम होऊ शकतो का ?,काजू पिकांत अवकाळी पावसामुळे किडी व रोग वाढल्यास उत्पादनावर मोठा परिणाम होऊ शकतो का,काजू पिकात अवकाळी पावसामुळे किडा किडी व रोग वाढण्यास उत्पादनावर मोठा परिणाम होऊ शकतो का,8.43,21.43,8.24,20.0,0
IISc_RESPIN_mr_D3_70062_NA_F_AGRI_700294_70011968,D3,Agriculture,6.36,हरभऱ्याला होणारे बुरशीचे रोग आणि त्याला लागणारी कीड याची लक्षणे कोणती आहेत ?,हरभ⁇्याला होणारे बुरशीचे रोग आणि त्या लागणारी कीड याची लक्षणे कोणती आहेत,हरभऱ्याला होणारे बुरशीचे रोग आणि त्याला लागणारी कीड याची लक्षणे कोणती आहेत,हरभ⁇्याला होणारे बुरशीचे रोग आणि त्या लागणारी कीड याची लक्षणे कोणती आहेत,4.05,16.67,6.58,23.08,0
IISc_RESPIN_mr_D3_70062_NA_F_BANK_701241_70012030,D3,Banking,5.47,परतावा जास्त मिळवण्यासाठी कोणत्या गुंतवणुकीचा पर्याय चांगला आहे ?,परतावा जास्त मिळवण्यासाठी कोणत्या गुंतवणुकीचा पर्याय चांगला आहे ?,परतावा जास्त मिळवण्यासाठी कोणत्या गुंतवणुकीचा पर्याय चांगला आहे,परतावा जास्त मिळवण्यासाठी कोणत्या गुंतवणुकीचा पर्याय चांगला आहे,0.0,0.0,0.0,0.0,1
IISc_RESPIN_mr_D3_70062_NA_F_AGRI_700183_70012041,D3,Agriculture,5.2,तांदळाची कोणती जात पावसाळ्यात पिकवली जाते ?,तांदळाची कोणती जात पावसाळ्यात पिकवली जाते ?,तांदळाची कोणती जात पावसाळ्यात पिकवली जाते,तांदळाची कोणती जात पावसाळ्यात पिकवली जाते,0.0,0.0,0.0,0.0,1
IISc_RESPIN_mr_D3_70062_NA_F_AGRI_700341_70012043,D3,Agriculture,3.9,सर्वोत्कृष्ट पशुखाद्य कोणते आहे ?,सर्वोत्कृष्ट पशुखाद्य कोणते आहे ?,सर्वोत्कृष्ट पशुखाद्य कोणते आहे,सर्वोत्कृष्ट पशुखाद्य कोणते आहे,0.0,0.0,0.0,0.0,1
IISc_RESPIN_mr_D3_70062_NA_F_BANK_701498_70012116,D3,Banking,4.37,आपण आपला फास्ट टॅग रिचार्ज केला आहे का ?,आपण आपला फास्ट टॅग रिचार्ज केला आहे का ?,आपण आपला फास्ट टॅग रिचार्ज केला आहे का,आपण आपला फास्ट टॅग रिचार्ज केला आहे का,0.0,0.0,0.0,0.0,1
IISc_RESPIN_mr_D3_70062_NA_F_BANK_701688_70012121,D3,Banking,3.18,कोणत्या प्रकारच्या व्यवसायात वाढ अधिक असते ?,कोणत्या प्रकारच्या व्यवसायात वाढ अधिक असते ?,कोणत्या प्रकारच्या व्यवसायात वाढ अधिक असते,कोणत्या प्रकारच्या व्यवसायात वाढ अधिक असते,0.0,0.0,0.0,0.0,1
IISc_RESPIN_mr_D3_70062_NA_F_AGRI_705995_70012146,D3,Agriculture,2.54,बांबूची भांडी कुठे मिळतील ?,बांबूची भांडी कुठे मिळतील ?,बांबूची भांडी कुठे मिळतील,बांबूची भांडी कुठे मिळतील,0.0,0.0,0.0,0.0,1
IISc_RESPIN_mr_D3_70062_NA_F_AGRI_703688_70012251,D3,Agriculture,4.94,रोहन पशुधन विमा योजनेचा सल्लागार म्हणून काम करतो,रोहन पशुधन विमा योजनेचा सल्लागार म्हणून काम करतो,रोहन पशुधन विमा योजनेचा सल्लागार म्हणून काम करतो,रोहन पशुधन विमा योजनेचा सल्लागार म्हणून काम करतो,0.0,0.0,0.0,0.0,1
IISc_RESPIN_mr_D3_70062_NA_F_BANK_703452_70012271,D3,Banking,4.06,मी पीअर टू पीअर कर्ज घेण्यास पात्र आहे का ?,मी पीअर टू पीअर कर्ज घेण्यास पात्र आहे का ?,मी पीअर टू पीअर कर्ज घेण्यास पात्र आहे का,मी पीअर टू पीअर कर्ज घेण्यास पात्र आहे का,0.0,0.0,0.0,0.0,1
IISc_RESPIN_mr_D3_70062_NA_F_AGRI_705537_70012452,D3,Agriculture,5.26,यंत्राने फळे व पिकांचे वर्गीकरण केल्यास वेळेची बचत होते,यंत्राने फळे व पिकांचे वर्गीकरण केल्यास वेळेची बचत होते,यंत्राने फळे व पिकांचे वर्गीकरण केल्यास वेळेची बचत होते,यंत्राने फळे व पिकांचे वर्गीकरण केल्यास वेळेची बचत होते,0.0,0.0,0.0,0.0,1
IISc_RESPIN_mr_D3_70005_411037_F_BANK_705236_70013842,D3,Banking,5.0,माझे जुने धनादेश पुस्तक संपले आहे,माझे जुने धनादेश पुस्तक संपले आहे,माझे जुने धनादेश पुस्तक संपले आहे,माझे जुने धनादेश पुस्तक संपले आहे,0.0,0.0,0.0,0.0,1
IISc_RESPIN_mr_D3_70058_411037_F_AGRI_700120_70015730,D3,Agriculture,5.99,ज्वारी पिकाला कोणत्या प्रकारचे सिंचन वापरू शकतो ?,ज्वारी पिकाला कोणत्या प्रकारचे सिंचन वापरू शकतो ?,ज्वारी पिकाला कोणत्या प्रकारचे सिंचन वापरू शकतो,ज्वारी पिकाला कोणत्या प्रकारचे सिंचन वापरू शकतो,0.0,0.0,0.0,0.0,1
IISc_RESPIN_mr_D3_70058_411037_F_BANK_700765_70015754,D3,Banking,7.16,यु.पी.आय मार्फत आपण एकाच बँकेतून अनेक बँकांमध्ये पैसे पाठवू शकतो का ?,यू.पी.आय मार्फत आपण एकाच बँकेतून अनेक बँकांमध्ये पैसे पाठवू शकतो का ?,यु पी आय मार्फत आपण एकाच बँकेतून अनेक बँकांमध्ये पैसे पाठवू शकतो का,यू पी आय मार्फत आपण एकाच बँकेतून अनेक बँकांमध्ये पैसे पाठवू शकतो का,1.49,7.69,1.45,8.33,0
IISc_RESPIN_mr_D3_70058_411037_F_AGRI_700304_70015833,D3,Agriculture,3.49,भात कापणीसाठी कोणते साधन योग्य ठरेल ?,भात कापणीसाठी कोणते साधन योग्य ठरेल ?,भात कापणीसाठी कोणते साधन योग्य ठरेल,भात कापणीसाठी कोणते साधन योग्य ठरेल,0.0,0.0,0.0,0.0,1
IISc_RESPIN_mr_D3_70058_411037_F_BANK_700875_70016150,D3,Banking,4.78,मला माझ्या खात्यातील रकमेवर किती टक्के व्याज दिले जाते ?,मला माझ्या खात्यातील रकमेवर किती टक्के व्याज दिले जाते ?,मला माझ्या खात्यातील रकमेवर किती टक्के व्याज दिले जाते,मला माझ्या खात्यातील रकमेवर किती टक्के व्याज दिले जाते,0.0,0.0,0.0,0.0,1
IISc_RESPIN_mr_D3_70058_411037_F_AGRI_700627_70016179,D3,Agriculture,3.64,वाटाण्याचे कोणते बियाणे लवकर उगवते ?,वाटाण्याचे कोणते बियाणे लवकर उगवते ?,वाटाण्याचे कोणते बियाणे लवकर उगवते,वाटाण्याचे कोणते बियाणे लवकर उगवते,0.0,0.0,0.0,0.0,1
IISc_RESPIN_mr_D3_70058_411037_F_BANK_701186_70016207,D3,Banking,3.72,यु.पी.आय वापरण्यासाठी कोणते ऍप वापरावे ?,यु.पी.आय वापरण्यासाठी कोणते ॲप वापरावे ?,यु पी आय वापरण्यासाठी कोणते ऍप वापरावे,यु पी आय वापरण्यासाठी कोणते ॲप वापरावे,2.63,14.29,2.5,16.67,0
IISc_RESPIN_mr_D3_70058_411037_F_AGRI_700294_70016228,D3,Agriculture,6.42,हरभऱ्याला होणारे बुरशीचे रोग आणि त्याला लागणारी कीड याची लक्षणे कोणती आहेत ?,हरभ⁇्याला होणारे बुरशीचे रोग आणि त्याला लागणारी कीड याची लक्षणे कोणती आहेत,हरभऱ्याला होणारे बुरशीचे रोग आणि त्याला लागणारी कीड याची लक्षणे कोणती आहेत,हरभ⁇्याला होणारे बुरशीचे रोग आणि त्याला लागणारी कीड याची लक्षणे कोणती आहेत,1.35,8.33,3.95,15.38,0
IISc_RESPIN_mr_D3_70058_411037_F_BANK_701375_70016262,D3,Banking,5.2,"माझा कर्जाचा हप्ता थकला आहे , तर मला किती दंड भरावा लागेल ?",माझा कर्जाचा हफ्ता थपला आहे तर मला किती दंड भरावा लागेल ?,माझा कर्जाचा हप्ता थकला आहे तर मला किती दंड भरावा लागेल,माझा कर्जाचा हफ्ता थपला आहे तर मला किती दंड भरावा लागेल,3.64,18.18,6.78,23.08,0
IISc_RESPIN_mr_D3_70058_411037_F_BANK_701299_70016268,D3,Banking,6.59,मला एका वर्षातच कर्ज परतफेड करण्याठी दर महिन्याला किमान किती हप्ता बसेल ?,मला एका वर्षातच कर्ज परतफेड करण्यासाठी दर महिन्याला किमान किती हप्ता बसेल ?,मला एका वर्षातच कर्ज परतफेड करण्याठी दर महिन्याला किमान किती हप्ता बसेल,मला एका वर्षातच कर्ज परतफेड करण्यासाठी दर महिन्याला किमान किती हप्ता बसेल,2.82,8.33,2.74,7.69,0
IISc_RESPIN_mr_D3_70058_411037_F_AGRI_704864_70016281,D3,Agriculture,4.49,दक्षिण आफ्रिकेत सर्वाधिक वन्यजीव शेती होते,दक्षिण अफ्रिकेत सर्वाधिक वन्यजीव शेती होते,दक्षिण आफ्रिकेत सर्वाधिक वन्यजीव शेती होते,दक्षिण अफ्रिकेत सर्वाधिक वन्यजीव शेती होते,2.38,16.67,2.38,16.67,0
IISc_RESPIN_mr_D3_70058_411037_F_AGRI_703349_70016287,D3,Agriculture,4.48,मगरीचे संगोपन करणे हे एक जोखमीचे काम आहे,मगरीचे संगोपन करणे हे एक जोखमीचे काम आहे,मगरीचे संगोपन करणे हे एक जोखमीचे काम आहे,मगरीचे संगोपन करणे हे एक जोखमीचे काम आहे,0.0,0.0,0.0,0.0,1
IISc_RESPIN_mr_D3_70046_411037_F_BANK_701375_70016322,D3,Banking,6.59,"माझा कर्जाचा हप्ता थकला आहे , तर मला किती दंड भरावा लागेल ?",माझा कर्जाचा हप्ता थकला आहे तर मला किती दंड भरावा लागेल ?,माझा कर्जाचा हप्ता थकला आहे तर मला किती दंड भरावा लागेल,माझा कर्जाचा हप्ता थकला आहे तर मला किती दंड भरावा लागेल,0.0,0.0,3.39,7.69,1
IISc_RESPIN_mr_D3_70046_411037_F_BANK_700765_70016483,D3,Banking,7.07,यु.पी.आय मार्फत आपण एकाच बँकेतून अनेक बँकांमध्ये पैसे पाठवू शकतो का ?,यु.पी.आय मार्फत आपण एकच बँकेतून नेक बँकांमध्ये पैसे पाठवू शकतो का,यु पी आय मार्फत आपण एकाच बँकेतून अनेक बँकांमध्ये पैसे पाठवू शकतो का,यु पी आय मार्फत आपण एकच बँकेतून नेक बँकांमध्ये पैसे पाठवू शकतो का,2.99,15.38,5.8,25.0,0
IISc_RESPIN_mr_D3_70058_411037_F_AGRI_703645_70017019,D3,Agriculture,5.98,"राम म्हणाले की , गावपातळीवर जनावरांचे आरोग्य हा मोठा प्रश्न आहे",राम म्हणाले की गाव पातळीवर जनावरांचे आरोग्य हा मोठा प्रश्न आहे,राम म्हणाले की गावपातळीवर जनावरांचे आरोग्य हा मोठा प्रश्न आहे,राम म्हणाले की गाव पातळीवर जनावरांचे आरोग्य हा मोठा प्रश्न आहे,1.64,20.0,4.76,18.18,0
IISc_RESPIN_mr_D3_70058_411037_F_AGRI_704966_70017042,D3,Agriculture,2.9,पाण्यातील मासे लहान कीटक खातात,पाण्यातील मासे लहान कीटक खातात,पाण्यातील मासे लहान कीटक खातात,पाण्यातील मासे लहान कीटक खातात,0.0,0.0,0.0,0.0,1
IISc_RESPIN_mr_D3_70046_411037_F_AGRI_700289_70017331,D3,Agriculture,4.36,ठिबक सिंचनाची जोडणी कशी असावी ?,ठिबक सिंचनाची जोडणी कशी असावी ?,ठिबक सिंचनाची जोडणी कशी असावी,ठिबक सिंचनाची जोडणी कशी असावी,0.0,0.0,0.0,0.0,1
IISc_RESPIN_mr_D3_70046_411037_F_AGRI_700464_70017338,D3,Agriculture,3.5,मक्याचे कोणते बी चांगले असते ?,मक्याचे कोणते बी चांगले असते ?,मक्याचे कोणते बी चांगले असते,मक्याचे कोणते बी चांगले असते,0.0,0.0,0.0,0.0,1
IISc_RESPIN_mr_D3_70046_411037_F_AGRI_700341_70017347,D3,Agriculture,3.65,सर्वोत्कृष्ट पशुखाद्य कोणते आहे ?,सर्व पृष्ठ पशुखाद्य कोणते आहे ?,सर्वोत्कृष्ट पशुखाद्य कोणते आहे,सर्व पृष्ठ पशुखाद्य कोणते आहे,16.13,50.0,15.15,40.0,0
IISc_RESPIN_mr_D3_70046_411037_F_AGRI_700096_70017355,D3,Agriculture,3.89,लाल मातीत कोणते पीक चांगले येते ?,लाल मातीत कोणते पीक चांगले येते ?,लाल मातीत कोणते पीक चांगले येते,लाल मातीत कोणते पीक चांगले येते,0.0,0.0,0.0,0.0,1
IISc_RESPIN_mr_D3_70046_411037_F_AGRI_700305_70017581,D3,Agriculture,6.33,बाजरीचे पिके कापण्यासाठी कोणता ट्रॅक्टर वापरता येईल का ?,बाजरीचे पीक कापण्यासाठी कोणता ट्रॅक्टर वापरता येईल का ?,बाजरीचे पिके कापण्यासाठी कोणता ट्रॅक्टर वापरता येईल का,बाजरीचे पीक कापण्यासाठी कोणता ट्रॅक्टर वापरता येईल का,3.7,12.5,3.57,11.11,0
IISc_RESPIN_mr_D3_70046_411037_F_AGRI_700304_70017712,D3,Agriculture,3.48,भात कापणीसाठी कोणते साधन योग्य ठरेल ?,भात कापणीसाठी कोणते साधन योग्य ठरेल ?,भात कापणीसाठी कोणते साधन योग्य ठरेल,भात कापणीसाठी कोणते साधन योग्य ठरेल,0.0,0.0,0.0,0.0,1
IISc_RESPIN_mr_D3_70046_411037_F_BANK_701344_70018126,D3,Banking,4.49,माझ्या यु.पी.आय नंबरवर आलेले पेमेंट कसे तपासायचे ?,माझ्या यू.पी.आय नंबरवर आलेले पेमेंट कसे तपसायचे ?,माझ्या यु पी आय नंबरवर आलेले पेमेंट कसे तपासायचे,माझ्या यू पी आय नंबरवर आलेले पेमेंट कसे तपसायचे,4.17,22.22,4.0,25.0,0
IISc_RESPIN_mr_D3_70046_411037_F_AGRI_703846_70018175,D3,Agriculture,5.25,शेवाळाचेही लक्षणीय विभाजन झाले आहे,शेवाळ चे ही लक्षणीय विभाजन झाले आहे,शेवाळाचेही लक्षणीय विभाजन झाले आहे,शेवाळ चे ही लक्षणीय विभाजन झाले आहे,5.88,60.0,5.88,60.0,0
IISc_RESPIN_mr_D3_70046_411037_F_AGRI_702986_70018191,D3,Agriculture,7.55,दव थेंबाचा आत प्रवेश करण्यासाठी शिंपल्यामध्ये प्रवेश करण्यासाठी एक छिद्र तयार केले जाते,गवत या बांचा आत प्रवेश करण्यासाठी शिंपला मध्ये प्रवेश करण्यासाठी एक छिद्र तयार केले जाते,दव थेंबाचा आत प्रवेश करण्यासाठी शिंपल्यामध्ये प्रवेश करण्यासाठी एक छिद्र तयार केले जाते,गवत या बांचा आत प्रवेश करण्यासाठी शिंपला मध्ये प्रवेश करण्यासाठी एक छिद्र तयार केले जाते,10.34,38.46,10.34,38.46,0
IISc_RESPIN_mr_D3_70046_411037_F_AGRI_704397_70018278,D3,Agriculture,5.41,आईने बागेत डॅफोडीलचे रोपटी लावली आहेत,आईने बागेत डोफोडीललचे रोटी लावल्या आहेत,आईने बागेत डॅफोडीलचे रोपटी लावली आहेत,आईने बागेत डोफोडीललचे रोटी लावल्या आहेत,16.22,50.0,16.22,50.0,0
IISc_RESPIN_mr_D3_70046_411037_F_AGRI_703724_70018288,D3,Agriculture,5.19,लोखंडाचे रेक माती हलके करण्याचेही काम करू शकतात,लोखंडाचे देख माती हलके करण्याचे ही काम करू शकतात,लोखंडाचे रेक माती हलके करण्याचेही काम करू शकतात,लोखंडाचे देख माती हलके करण्याचे ही काम करू शकतात,6.38,37.5,6.38,37.5,0
IISc_RESPIN_mr_D3_70046_411037_F_AGRI_705623_70018356,D3,Agriculture,6.65,"रेकच्या साहाय्याने शेतातील गवत , पाने इत्यादी गोळा करण्याचे काम केले जाते",रेटच्या सहाय्याने शेतातील गवत पाने इत्यादी गोळा करण्याचे काम केले जाते,रेकच्या साहाय्याने शेतातील गवत पाने इत्यादी गोळा करण्याचे काम केले जाते,रेटच्या सहाय्याने शेतातील गवत पाने इत्यादी गोळा करण्याचे काम केले जाते,2.82,18.18,5.48,25.0,0
IISc_RESPIN_mr_D3_70046_411037_F_BANK_706269_70018371,D3,Banking,3.27,या अर्जाची फी किती आहे ?,या अर्जाची फी किती आहे ?,या अर्जाची फी किती आहे,या अर्जाची फी किती आहे,0.0,0.0,0.0,0.0,1
IISc_RESPIN_mr_D3_70046_411037_F_AGRI_705863_70018841,D3,Agriculture,7.75,"सुका चारा व हिरवा चारा यांच्या तरतुदीबरोबरच बेसन , कोंडा , खळी यांचाही वापर केला जातो",सुका चारा व हिरवा चारा यांच्या तर तुती बरोबरज देसन कोंडा खे यांचाही वापर केला जातो,सुका चारा व हिरवा चारा यांच्या तरतुदीबरोबरच बेसन कोंडा खळी यांचाही वापर केला जातो,सुका चारा व हिरवा चारा यांच्या तर तुती बरोबरज देसन कोंडा खे यांचाही वापर केला जातो,8.64,35.71,12.94,37.5,0
IISc_RESPIN_mr_D3_70046_411037_F_AGRI_704966_70018856,D3,Agriculture,3.44,पाण्यातील मासे लहान कीटक खातात,पाण्यातील मासे लहान कीटक खातात,पाण्यातील मासे लहान कीटक खातात,पाण्यातील मासे लहान कीटक खातात,0.0,0.0,0.0,0.0,1
IISc_RESPIN_mr_D3_70046_411037_F_AGRI_705269_70019413,D3,Agriculture,3.96,मार्चमध्ये झैद पिकांची पेरणी सुरू करतात,मार्चमध्ये जे पिकाची पेरणी सुरू करतात,मार्चमध्ये झैद पिकांची पेरणी सुरू करतात,मार्चमध्ये जे पिकाची पेरणी सुरू करतात,10.26,33.33,10.26,33.33,0
IISc_RESPIN_mr_D3_70046_411037_F_AGRI_705983_70019431,D3,Agriculture,4.65,भारतात तागाचे सर्वाधिक उत्पादन कोठे होते ?,भारतात तागाचे सर्वाधिक उत्पादन कोठे होते ?,भारतात तागाचे सर्वाधिक उत्पादन कोठे होते,भारतात तागाचे सर्वाधिक उत्पादन कोठे होते,0.0,0.0,0.0,0.0,1
IISc_RESPIN_mr_D3_70029_411041_F_BANK_700734_70020719,D3,Banking,3.31,मुदत खाते ऑनलाइन उघडता येईल का ?,मुदत खाते ऑनलाईन उघडता येईल का ?,मुदत खाते ऑनलाइन उघडता येईल का,मुदत खाते ऑनलाईन उघडता येईल का,3.33,16.67,3.12,14.29,0
IISc_RESPIN_mr_D3_70029_411041_F_AGRI_700595_70020726,D3,Agriculture,3.34,कोणत्या वातावरणात कोणते पीक घेऊ नये ?,कोणत्या वातावरणात कोणते पीक घेऊ नये ?,कोणत्या वातावरणात कोणते पीक घेऊ नये,कोणत्या वातावरणात कोणते पीक घेऊ नये,0.0,0.0,0.0,0.0,1
IISc_RESPIN_mr_D3_70029_411041_F_AGRI_700028_70020738,D3,Agriculture,4.07,कोंबडी खताने जमीनीची धूप होत नाही का ?,कोंबडी खताने जमिनीची धूप होत नाही का,कोंबडी खताने जमीनीची धूप होत नाही का,कोंबडी खताने जमिनीची धूप होत नाही का,2.78,14.29,7.89,25.0,0
IISc_RESPIN_mr_D3_70029_411041_F_AGRI_700556_70020765,D3,Agriculture,2.97,लाल मातीमध्ये ऊस लावू शकतो का ?,लाल मातीमध्ये ऊस लावू शकतो का ?,लाल मातीमध्ये ऊस लावू शकतो का,लाल मातीमध्ये ऊस लावू शकतो का,0.0,0.0,0.0,0.0,1
IISc_RESPIN_mr_D3_70029_411041_F_BANK_700750_70020869,D3,Banking,3.78,ऑनलाइन युटिलिटी बिले भरता येतात का ?,ऑनलाईन युटिलिटी बिले भरता येतात का ?,ऑनलाइन युटिलिटी बिले भरता येतात का,ऑनलाईन युटिलिटी बिले भरता येतात का,2.94,16.67,2.78,14.29,0
IISc_RESPIN_mr_D3_70029_411041_F_BANK_700852_70020893,D3,Banking,8.7,"एन.बी.एफ.सी या बँकांप्रमाणेच कार्य करतात , मग बँक व एन.बी.एफ.सी मध्ये काय फरक आहे ?",एन.बी.एफ.सी या बँकांप्रमाणेच कार्य करतात मग बँक व एन.बी.एफ.सी मध्ये काय फरक आहे,एन बी एफ सी या बँकांप्रमाणेच कार्य करतात मग बँक व एन बी एफ सी मध्ये काय फरक आहे,एन बी एफ सी या बँकांप्रमाणेच कार्य करतात मग बँक व एन बी एफ सी मध्ये काय फरक आहे,0.0,0.0,4.82,13.33,1
IISc_RESPIN_mr_D3_70029_411041_F_BANK_701825_70022353,D3,Banking,4.41,परीक्षेत दिवस व्यापार संबंधित प्रश्न विचारण्यात आले,परीक्षेत दिवस व्यापार संबंधित प्रश्न विचारण्यात आले,परीक्षेत दिवस व्यापार संबंधित प्रश्न विचारण्यात आले,परीक्षेत दिवस व्यापार संबंधित प्रश्न विचारण्यात आले,0.0,0.0,0.0,0.0,1
IISc_RESPIN_mr_D3_70029_411041_F_BANK_701498_70022369,D3,Banking,3.77,आपण आपला फास्ट टॅग रिचार्ज केला आहे का ?,आपण आपला फास्टॅग रिचार्ज केला आहे का ?,आपण आपला फास्ट टॅग रिचार्ज केला आहे का,आपण आपला फास्टॅग रिचार्ज केला आहे का,5.26,25.0,5.0,22.22,0
IISc_RESPIN_mr_D3_70029_411041_F_BANK_705106_70022633,D3,Banking,4.89,भारताचा केंद्रीय अर्थसंकल्प शेतकरांच्या फायद्याचा आहे,भारताचा केंद्रीय अर्थसंकल्प शेतकर्यांच्या फायद्याचा आहे,भारताचा केंद्रीय अर्थसंकल्प शेतकरांच्या फायद्याचा आहे,भारताचा केंद्रीय अर्थसंकल्प शेतकर्यांच्या फायद्याचा आहे,3.77,16.67,3.77,16.67,0
IISc_RESPIN_mr_D3_70029_411041_F_AGRI_705977_70022938,D3,Agriculture,3.3,अंजीराची शेती कुठे केली जाते ?,अंजीराची शेती कुठे केली जाते ?,अंजीराची शेती कुठे केली जाते,अंजीराची शेती कुठे केली जाते,0.0,0.0,0.0,0.0,1
IISc_RESPIN_mr_D3_70029_411041_F_AGRI_703349_70023278,D3,Agriculture,4.5,मगरीचे संगोपन करणे हे एक जोखमीचे काम आहे,मगरीचे संगोपन करणे हे एक जोखमीचे काम आहे,मगरीचे संगोपन करणे हे एक जोखमीचे काम आहे,मगरीचे संगोपन करणे हे एक जोखमीचे काम आहे,0.0,0.0,0.0,0.0,1
IISc_RESPIN_mr_D3_70102_411002_F_BANK_701358_70034420,D3,Banking,5.26,इंटरनेट बँकिंगद्वारे पैसे पाठवणे किती सुरक्षित आहे ?,इंटरनेट बँकिंगद्वारे पैसे पाठवणे किती सुरक्षित आहे ?,इंटरनेट बँकिंगद्वारे पैसे पाठवणे किती सुरक्षित आहे,इंटरनेट बँकिंगद्वारे पैसे पाठवणे किती सुरक्षित आहे,0.0,0.0,0.0,0.0,1
IISc_RESPIN_mr_D3_70102_411002_F_AGRI_700554_70034431,D3,Agriculture,3.28,लाल मातीमध्ये कोणते पीक येते ?,लाल मातीमध्ये कोणते पीक येते ?,लाल मातीमध्ये कोणते पीक येते,लाल मातीमध्ये कोणते पीक येते,0.0,0.0,0.0,0.0,1
IISc_RESPIN_mr_D3_70102_411002_F_AGRI_700307_70034546,D3,Agriculture,5.14,मक्याचे पीक कापण्यासाठी कोणते यंत्र वापरता येईल ?,मक्याचे पीक कापण्यासाठी कोणते यंत्र वापरता येईल ?,मक्याचे पीक कापण्यासाठी कोणते यंत्र वापरता येईल,मक्याचे पीक कापण्यासाठी कोणते यंत्र वापरता येईल,0.0,0.0,0.0,0.0,1
IISc_RESPIN_mr_D3_70102_411002_F_BANK_700750_70034619,D3,Banking,4.97,ऑनलाइन युटिलिटी बिले भरता येतात का ?,ऑनलाइन युटिलिटी बिले भरता येतात का ?,ऑनलाइन युटिलिटी बिले भरता येतात का,ऑनलाइन युटिलिटी बिले भरता येतात का,0.0,0.0,0.0,0.0,1
IISc_RESPIN_mr_D3_70102_411002_F_AGRI_700602_70034725,D3,Agriculture,7.49,माझ्या कंपनीचे उत्पादन चांगले राहण्यासाठी मी काय उपाय केले पाहिजे ?,माझ्या कंपनीचे उत्पादन चांगले राहण्यासाठी मी काय उपाय केले पाहिजे,माझ्या कंपनीचे उत्पादन चांगले राहण्यासाठी मी काय उपाय केले पाहिजे,माझ्या कंपनीचे उत्पादन चांगले राहण्यासाठी मी काय उपाय केले पाहिजे,0.0,0.0,2.99,9.09,1
IISc_RESPIN_mr_D3_70102_411002_F_AGRI_705269_70036158,D3,Agriculture,5.5,मार्चमध्ये झैद पिकांची पेरणी सुरू करतात,मार्चमध्ये जायत पिकांची प्रे पेरणी सुरू करतात,मार्चमध्ये झैद पिकांची पेरणी सुरू करतात,मार्चमध्ये जायत पिकांची प्रे पेरणी सुरू करतात,23.08,33.33,23.08,33.33,0
IISc_RESPIN_mr_D3_70102_411002_F_AGRI_706034_70036257,D3,Agriculture,5.95,बिहार सरकारच्या ज्यूट कार्यालयाचे मुख्यालय कोठे आहे ?,बिहार सरकारच्या जूट कार्यालयाचे मुख्यालय कोठे आहे,बिहार सरकारच्या ज्यूट कार्यालयाचे मुख्यालय कोठे आहे,बिहार सरकारच्या जूट कार्यालयाचे मुख्यालय कोठे आहे,3.92,14.29,7.55,25.0,0
IISc_RESPIN_mr_D3_70102_411002_F_AGRI_705623_70036282,D3,Agriculture,8.09,"रेकच्या साहाय्याने शेतातील गवत , पाने इत्यादी गोळा करण्याचे काम केले जाते",रेक च्या साहाय्याने शेतातील गवत पाने इत्यादी गोया करण्याचे काम केले जाते,रेकच्या साहाय्याने शेतातील गवत पाने इत्यादी गोळा करण्याचे काम केले जाते,रेक च्या साहाय्याने शेतातील गवत पाने इत्यादी गोया करण्याचे काम केले जाते,2.82,27.27,5.48,33.33,0
IISc_RESPIN_mr_D3_70102_411002_F_BANK_706054_70036285,D3,Banking,5.41,हावडामध्ये कर महसूल विभागाचे कार्यालय कोठे आहे ?,हावड्या मध्ये कर महसूल विभागाचे कार्यालय कोठे आहे ?,हावडामध्ये कर महसूल विभागाचे कार्यालय कोठे आहे,हावड्या मध्ये कर महसूल विभागाचे कार्यालय कोठे आहे,6.52,28.57,6.25,25.0,0
IISc_RESPIN_mr_D3_70102_411002_F_AGRI_705110_70036302,D3,Agriculture,5.68,भारतात अनेक प्रकारच्या जलचर वनस्पतींची निर्मिती होते,भारतात अनेक प्रकारच्या जलचर वनस्पतींची निर्मिती होते,भारतात अनेक प्रकारच्या जलचर वनस्पतींची निर्मिती होते,भारतात अनेक प्रकारच्या जलचर वनस्पतींची निर्मिती होते,0.0,0.0,0.0,0.0,1
IISc_RESPIN_mr_D3_70102_411002_F_BANK_705236_70036319,D3,Banking,3.88,माझे जुने धनादेश पुस्तक संपले आहे,माझे जुने धनादेश पुस्तक संपले आहे,माझे जुने धनादेश पुस्तक संपले आहे,माझे जुने धनादेश पुस्तक संपले आहे,0.0,0.0,0.0,0.0,1
IISc_RESPIN_mr_D3_70102_411002_F_BANK_705106_70036362,D3,Banking,6.5,भारताचा केंद्रीय अर्थसंकल्प शेतकरांच्या फायद्याचा आहे,भारताचा केंद्रिय अर्थसंकल्प शेत करांच्या फायद्याचा आहे,भारताचा केंद्रीय अर्थसंकल्प शेतकरांच्या फायद्याचा आहे,भारताचा केंद्रिय अर्थसंकल्प शेत करांच्या फायद्याचा आहे,3.77,50.0,3.77,50.0,0
IISc_RESPIN_mr_D3_70102_411002_F_BANK_702433_70036371,D3,Banking,6.85,असुरक्षित कर्ज हे एक प्रकारचे असुरक्षित कर्ज म्हणून गृहीत धरले जाते,असुरक्षित कर्ज हे एक प्रकारचे सुरक्षित कर्ज म्हणून गृहीत धरले जाते,असुरक्षित कर्ज हे एक प्रकारचे असुरक्षित कर्ज म्हणून गृहीत धरले जाते,असुरक्षित कर्ज हे एक प्रकारचे सुरक्षित कर्ज म्हणून गृहीत धरले जाते,1.49,9.09,1.49,9.09,0
IISc_RESPIN_mr_D3_70095_411014_M_BANK_700880_70036978,D3,Banking,4.0,मी माझ्या खात्यातील पैसे दुसऱ्या बँकेत पाठवू शकतो का ?,मी माझ्या खात्यातील पैसे दुस⁇्या बँकेत पाठवू शकतो का ?,मी माझ्या खात्यातील पैसे दुसऱ्या बँकेत पाठवू शकतो का,मी माझ्या खात्यातील पैसे दुस⁇्या बँकेत पाठवू शकतो का,1.92,11.11,1.85,10.0,0
IISc_RESPIN_mr_D3_70095_411014_M_AGRI_700062_70039728,D3,Agriculture,3.56,पिकांची औषधे सरकारी योजनेअंतर्गत मिळणार का ?,पिकांची औषधे सरकारी योजनेअंतर्गत मिळणार का ?,पिकांची औषधे सरकारी योजनेअंतर्गत मिळणार का,पिकांची औषधे सरकारी योजनेअंतर्गत मिळणार का,0.0,0.0,0.0,0.0,1
IISc_RESPIN_mr_D3_70095_411014_M_BANK_701241_70039768,D3,Banking,4.21,परतावा जास्त मिळवण्यासाठी कोणत्या गुंतवणुकीचा पर्याय चांगला आहे ?,परतावा जास्त मिळवण्यासाठी कोणत्या गुंतवणुकीचा पर्याय चांगला आहे ?,परतावा जास्त मिळवण्यासाठी कोणत्या गुंतवणुकीचा पर्याय चांगला आहे,परतावा जास्त मिळवण्यासाठी कोणत्या गुंतवणुकीचा पर्याय चांगला आहे,0.0,0.0,0.0,0.0,1
IISc_RESPIN_mr_D3_70095_411014_M_BANK_700808_70041029,D3,Banking,2.47,के.वाय.सी फॉर्म भरणे गरजेचे असते का ?,के.वाय.सी फॉर्म भरणे गरजेचे असते का ?,के वाय सी फॉर्म भरणे गरजेचे असते का,के वाय सी फॉर्म भरणे गरजेचे असते का,0.0,0.0,0.0,0.0,1
IISc_RESPIN_mr_D3_70095_411014_M_BANK_700750_70041037,D3,Banking,4.33,ऑनलाइन युटिलिटी बिले भरता येतात का ?,ऑनलाईन युटिलिटी बिल ले भरता येता का ?,ऑनलाइन युटिलिटी बिले भरता येतात का,ऑनलाईन युटिलिटी बिल ले भरता येता का,11.76,66.67,11.11,57.14,0
IISc_RESPIN_mr_D3_70095_411014_M_AGRI_700393_70041054,D3,Agriculture,3.17,भारतातील आधुनिक कृषी यंत्रे कोणती आहेत ?,भारतातील आधुनिक कृषी यंत्रे कोणती आहेत ?,भारतातील आधुनिक कृषी यंत्रे कोणती आहेत,भारतातील आधुनिक कृषी यंत्रे कोणती आहेत,0.0,0.0,0.0,0.0,1
IISc_RESPIN_mr_D3_70095_411014_M_BANK_701186_70041075,D3,Banking,2.58,यु.पी.आय वापरण्यासाठी कोणते ऍप वापरावे ?,यू.पी.आय वापरण्यासाठी कोणते ॲप वापरावे ?,यु पी आय वापरण्यासाठी कोणते ऍप वापरावे,यू पी आय वापरण्यासाठी कोणते ॲप वापरावे,5.26,28.57,5.0,33.33,0
IISc_RESPIN_mr_D3_70095_411014_M_AGRI_700307_70041276,D3,Agriculture,2.75,मक्याचे पीक कापण्यासाठी कोणते यंत्र वापरता येईल ?,मक्याचे पीक कापण्यासाठी कोणते यंत्र वापरता येईल ?,मक्याचे पीक कापण्यासाठी कोणते यंत्र वापरता येईल,मक्याचे पीक कापण्यासाठी कोणते यंत्र वापरता येईल,0.0,0.0,0.0,0.0,1
IISc_RESPIN_mr_D3_70095_411014_M_BANK_703847_70041654,D3,Banking,5.45,"श्याम , आपल्याला भविष्यातील मूल्याचे मूल्यमापन करून गुंतवणूक केली पाहिजे",शाक्षा आपल्याला भविष्यातील मूल्याचे मूल्यमापन करून गुंतवणूक केली पाहिजे,श्याम आपल्याला भविष्यातील मूल्याचे मूल्यमापन करून गुंतवणूक केली पाहिजे,शाक्षा आपल्याला भविष्यातील मूल्याचे मूल्यमापन करून गुंतवणूक केली पाहिजे,5.71,11.11,8.33,20.0,0
IISc_RESPIN_mr_D3_70095_411014_M_AGRI_705502_70041655,D3,Agriculture,3.25,मोहित काट्याने मासे पकडतो,मोहित काट्याने मासे पकडतो,मोहित काट्याने मासे पकडतो,मोहित काट्याने मासे पकडतो,0.0,0.0,0.0,0.0,1
IISc_RESPIN_mr_D3_70095_411014_M_BANK_702842_70043059,D3,Banking,3.98,चलनासाठी आपण कोणत्या काउंटरशी संपर्क साधावा ?,चलनासाठी आपण कोणत्या काउंटर शी संपर चाल वा,चलनासाठी आपण कोणत्या काउंटरशी संपर्क साधावा,चलनासाठी आपण कोणत्या काउंटर शी संपर चाल वा,13.95,83.33,17.78,71.43,0
IISc_RESPIN_mr_D3_70095_411014_M_AGRI_703357_70043097,D3,Agriculture,6.31,मत्स्यपालनात आजकाल आपण माशांमध्ये पसरणाऱ्या रोगांवरही इलाज करू शकतो,मत्स्यपालनात आजकाल आपण माशांमध्ये पसरणा⁇्या रोगांवर ही इलाज करू शकतो,मत्स्यपालनात आजकाल आपण माशांमध्ये पसरणाऱ्या रोगांवरही इलाज करू शकतो,मत्स्यपालनात आजकाल आपण माशांमध्ये पसरणा⁇्या रोगांवर ही इलाज करू शकतो,2.99,33.33,2.99,33.33,0
IISc_RESPIN_mr_D3_70095_411014_M_BANK_704068_70043114,D3,Banking,3.61,आपण कधी कार्गो येताना पाहिले आहे का ?,आपण कधी कार्ब येताना पाहिले आहे का ?,आपण कधी कार्गो येताना पाहिले आहे का,आपण कधी कार्ब येताना पाहिले आहे का,5.71,14.29,5.41,12.5,0
IISc_RESPIN_mr_D3_70095_411014_M_AGRI_705269_70043125,D3,Agriculture,3.34,मार्चमध्ये झैद पिकांची पेरणी सुरू करतात,मार्चमध्ये झवत पिकांची पेरणी सुरू करतात,मार्चमध्ये झैद पिकांची पेरणी सुरू करतात,मार्चमध्ये झवत पिकांची पेरणी सुरू करतात,5.13,16.67,5.13,16.67,0
IISc_RESPIN_mr_D3_70069_410503_F_BANK_700942_70044508,D3,Banking,5.56,मी यु.पी.आय द्वारे कोणताही कोड स्कॅन करू शकतो का ?,मी यू.पी.आय द्वारे कोणताही कोड स्कॅन करू शकतो का ?,मी यु पी आय द्वारे कोणताही कोड स्कॅन करू शकतो का,मी यू पी आय द्वारे कोणताही कोड स्कॅन करू शकतो का,2.08,9.09,2.0,10.0,0
IISc_RESPIN_mr_D3_70069_410503_F_BANK_701358_70044514,D3,Banking,5.23,इंटरनेट बँकिंगद्वारे पैसे पाठवणे किती सुरक्षित आहे ?,इंटरनेट बँकिंग द्वारे पैसे पाठवणे किती सुरक्षित आहे ?,इंटरनेट बँकिंगद्वारे पैसे पाठवणे किती सुरक्षित आहे,इंटरनेट बँकिंग द्वारे पैसे पाठवणे किती सुरक्षित आहे,2.0,28.57,1.92,25.0,0
IISc_RESPIN_mr_D3_70069_410503_F_AGRI_700602_70044778,D3,Agriculture,5.98,माझ्या कंपनीचे उत्पादन चांगले राहण्यासाठी मी काय उपाय केले पाहिजे ?,माझ्या कंपनीचे उत्पादन चांगले राहण्यासाठी मी काय उपाय केले पाहिजे ?,माझ्या कंपनीचे उत्पादन चांगले राहण्यासाठी मी काय उपाय केले पाहिजे,माझ्या कंपनीचे उत्पादन चांगले राहण्यासाठी मी काय उपाय केले पाहिजे,0.0,0.0,0.0,0.0,1
IISc_RESPIN_mr_D3_70069_410503_F_AGRI_700449_70044824,D3,Agriculture,4.08,सेंद्रिय शेतीचे फायदे काय आहेत ?,सेंद्रिय शेतीचे फायदे काय आहेत ?,सेंद्रिय शेतीचे फायदे काय आहेत,सेंद्रिय शेतीचे फायदे काय आहेत,0.0,0.0,0.0,0.0,1
IISc_RESPIN_mr_D3_70645_411019_F_BANK_701205_70047015,D3,Banking,5.84,निधी हस्तांतरण करण्याच्या किती पद्धती आहेत ?,निधी हस्तांतरण करण्याच्या किती पद्धती आहेत ?,निधी हस्तांतरण करण्याच्या किती पद्धती आहेत,निधी हस्तांतरण करण्याच्या किती पद्धती आहेत,0.0,0.0,0.0,0.0,1
IISc_RESPIN_mr_D3_70645_411019_F_AGRI_700132_70047058,D3,Agriculture,4.67,वाटाण्यासाठी सर्वोत्तम कीटकनाशके कोणते ?,वाटाण्यासाठी सर्वोत्तम कीटकनाशके कोणते ?,वाटाण्यासाठी सर्वोत्तम कीटकनाशके कोणते,वाटाण्यासाठी सर्वोत्तम कीटकनाशके कोणते,0.0,0.0,0.0,0.0,1
IISc_RESPIN_mr_D3_70645_411019_F_BANK_701071_70047371,D3,Banking,5.27,चालू खाते उघडण्यासाठी कोणती कागदपत्रे आवश्यक आहेत ?,चालू खाते उघडण्यासाठी कोणती कागदपत्रे आवश्यक आहेत ?,चालू खाते उघडण्यासाठी कोणती कागदपत्रे आवश्यक आहेत,चालू खाते उघडण्यासाठी कोणती कागदपत्रे आवश्यक आहेत,0.0,0.0,0.0,0.0,1
IISc_RESPIN_mr_D3_70645_411019_F_BANK_700852_70047387,D3,Banking,8.89,"एन.बी.एफ.सी या बँकांप्रमाणेच कार्य करतात , मग बँक व एन.बी.एफ.सी मध्ये काय फरक आहे ?",एन.बी.एफ.सी या बँकांप्रमाणे कार्य करतात मोबँकव एन.बी.एफ.सी मध्ये काय फरक आहे ?,एन बी एफ सी या बँकांप्रमाणेच कार्य करतात मग बँक व एन बी एफ सी मध्ये काय फरक आहे,एन बी एफ सी या बँकांप्रमाणे कार्य करतात मोबँकव एन बी एफ सी मध्ये काय फरक आहे,5.06,21.05,7.23,33.33,0
IISc_RESPIN_mr_D3_70645_411019_F_BANK_700875_70047512,D3,Banking,4.98,मला माझ्या खात्यातील रकमेवर किती टक्के व्याज दिले जाते ?,मला माझ्या खात्यातील रकमेवर किती टक्के व्याज दिले जाते ?,मला माझ्या खात्यातील रकमेवर किती टक्के व्याज दिले जाते,मला माझ्या खात्यातील रकमेवर किती टक्के व्याज दिले जाते,0.0,0.0,0.0,0.0,1
IISc_RESPIN_mr_D3_70645_411019_F_BANK_700734_70047523,D3,Banking,3.81,मुदत खाते ऑनलाइन उघडता येईल का ?,मुदत खाते ऑनलाईन उघडता येईल का ?,मुदत खाते ऑनलाइन उघडता येईल का,मुदत खाते ऑनलाईन उघडता येईल का,3.33,16.67,3.12,14.29,0
IISc_RESPIN_mr_D3_70645_411019_F_BANK_700942_70047539,D3,Banking,4.89,मी यु.पी.आय द्वारे कोणताही कोड स्कॅन करू शकतो का ?,मी यू.पी.आय द्वारे कोणताही कोड स्कॅन करू शकतो का ?,मी यु पी आय द्वारे कोणताही कोड स्कॅन करू शकतो का,मी यू पी आय द्वारे कोणताही कोड स्कॅन करू शकतो का,2.08,9.09,2.0,10.0,0
IISc_RESPIN_mr_D3_70645_411019_F_AGRI_705723_70047815,D3,Agriculture,8.01,वर्ध्यातील पिपरी गावातील सर्व शेतकरी मृदा हेल्थ कार्ड योजनेचा लाभ घेत आहेत,वर्ध्यात पिक्री गावातील सर्व शेतकरी प्रदा हे कार्ड योजनेचा लाभ घेत आहेत,वर्ध्यातील पिपरी गावातील सर्व शेतकरी मृदा हेल्थ कार्ड योजनेचा लाभ घेत आहेत,वर्ध्यात पिक्री गावातील सर्व शेतकरी प्रदा हे कार्ड योजनेचा लाभ घेत आहेत,13.51,33.33,13.51,33.33,0
IISc_RESPIN_mr_D3_70645_411019_F_BANK_703514_70050473,D3,Banking,5.32,"मोहन म्हणाले की , जीवनात पैसे वाचवणे महत्वाचे आहे",मोहन म्हणाले की जीवनात पैसे पाठवणे महत्त्वाचे आहे,मोहन म्हणाले की जीवनात पैसे वाचवणे महत्वाचे आहे,मोहन म्हणाले की जीवनात पैसे पाठवणे महत्त्वाचे आहे,8.51,25.0,12.24,33.33,0
IISc_RESPIN_mr_D3_70645_411019_F_AGRI_705871_70050500,D3,Agriculture,4.61,सेंद्रिय अन्नाचे उत्पादन मोठ्या प्रमाणावर होत आहे,सेंद्रिय अन्नाचे उत्पादन मोठ्या प्रमाणावर होत आहे,सेंद्रिय अन्नाचे उत्पादन मोठ्या प्रमाणावर होत आहे,सेंद्रिय अन्नाचे उत्पादन मोठ्या प्रमाणावर होत आहे,0.0,0.0,0.0,0.0,1
IISc_RESPIN_mr_D3_70645_411019_F_BANK_701589_70050693,D3,Banking,6.0,इंटरनेटवरही आपल्याला विदेशी चलन विनिमयाची माहिती उपलब्ध होणार आहे,इंटरनेटवर ही आपल्याला विदेशी चलन विनिमयाची माहिती उपलब्ध होणार आहे,इंटरनेटवरही आपल्याला विदेशी चलन विनिमयाची माहिती उपलब्ध होणार आहे,इंटरनेटवर ही आपल्याला विदेशी चलन विनिमयाची माहिती उपलब्ध होणार आहे,1.54,22.22,1.54,22.22,0
IISc_RESPIN_mr_D3_70645_411019_F_BANK_705106_70051172,D3,Banking,4.87,भारताचा केंद्रीय अर्थसंकल्प शेतकरांच्या फायद्याचा आहे,भारताचा केंद्रीय अर्थसंकल्प शेतकर्यांच्या फायद्याचा आहे,भारताचा केंद्रीय अर्थसंकल्प शेतकरांच्या फायद्याचा आहे,भारताचा केंद्रीय अर्थसंकल्प शेतकर्यांच्या फायद्याचा आहे,3.77,16.67,3.77,16.67,0
IISc_RESPIN_mr_D3_70613_410503_F_AGRI_700305_70053494,D3,Agriculture,5.52,बाजरीचे पिके कापण्यासाठी कोणता ट्रॅक्टर वापरता येईल का ?,बाजरीचे पिके कापण्यासाठी कोणता ट्रॅक्टर वापरता येईल का ?,बाजरीचे पिके कापण्यासाठी कोणता ट्रॅक्टर वापरता येईल का,बाजरीचे पिके कापण्यासाठी कोणता ट्रॅक्टर वापरता येईल का,0.0,0.0,0.0,0.0,1
IISc_RESPIN_mr_D3_70069_410503_F_AGRI_700233_70057018,D3,Agriculture,4.4,ढगाळ हवामान पिकांसाठी त्रासदायक असते का ?,ढगाळ हवामान पिकांसाठी ट्रादायक असते का ?,ढगाळ हवामान पिकांसाठी त्रासदायक असते का,ढगाळ हवामान पिकांसाठी ट्रादायक असते का,5.13,16.67,4.88,14.29,0
IISc_RESPIN_mr_D3_70069_410503_F_AGRI_700571_70057037,D3,Agriculture,4.3,ठिबक सिंचन ही पद्धत कोणकोणत्या शेतीसाठी वापरावी ?,ठिबक सिंचन ही पद्धत कोणकोणत्या शेतीसाठी वापरावी ?,ठिबक सिंचन ही पद्धत कोणकोणत्या शेतीसाठी वापरावी,ठिबक सिंचन ही पद्धत कोणकोणत्या शेतीसाठी वापरावी,0.0,0.0,0.0,0.0,1
IISc_RESPIN_mr_D3_70069_410503_F_AGRI_700627_70058114,D3,Agriculture,4.38,वाटाण्याचे कोणते बियाणे लवकर उगवते ?,वाटाण्याचे कोणते बियाणे लवकर उगवते ?,वाटाण्याचे कोणते बियाणे लवकर उगवते,वाटाण्याचे कोणते बियाणे लवकर उगवते,0.0,0.0,0.0,0.0,1
IISc_RESPIN_mr_D3_70069_410503_F_AGRI_700464_70058125,D3,Agriculture,3.31,मक्याचे कोणते बी चांगले असते ?,मक्याचे कोणते बी चांगले असते ?,मक्याचे कोणते बी चांगले असते,मक्याचे कोणते बी चांगले असते,0.0,0.0,0.0,0.0,1
IISc_RESPIN_mr_D3_70069_410503_F_BANK_701275_70058129,D3,Banking,4.58,खाते चालू ठेवण्यासाठी किमान किती रक्कम हवी ?,खाते चालू ठेवण्यासाठी किमान किती रक्कम हवी ?,खाते चालू ठेवण्यासाठी किमान किती रक्कम हवी,खाते चालू ठेवण्यासाठी किमान किती रक्कम हवी,0.0,0.0,0.0,0.0,1
IISc_RESPIN_mr_D3_70613_410503_F_AGRI_700256_70061680,D3,Agriculture,3.42,बकरी किंवा मेंढीपासून खत मिळते का ?,बकरी किंवा मेंढीपासून खत मिळते का,बकरी किंवा मेंढीपासून खत मिळते का,बकरी किंवा मेंढीपासून खत मिळते का,0.0,0.0,5.71,14.29,1
IISc_RESPIN_mr_D3_70613_410503_F_BANK_701205_70061699,D3,Banking,3.69,निधी हस्तांतरण करण्याच्या किती पद्धती आहेत ?,निधी हस्तांतरण करण्याच्या किती पद्धती आहेत ?,निधी हस्तांतरण करण्याच्या किती पद्धती आहेत,निधी हस्तांतरण करण्याच्या किती पद्धती आहेत,0.0,0.0,0.0,0.0,1
IISc_RESPIN_mr_D3_70689_410503_F_AGRI_700210_70061852,D3,Agriculture,3.77,टोबॅको लीफ कर्ल व्हायरस म्हणजे काय ?,टोबॅकोलफ कर्ल बायरस म्हणजे काय ?,टोबॅको लीफ कर्ल व्हायरस म्हणजे काय,टोबॅकोलफ कर्ल बायरस म्हणजे काय,14.71,50.0,13.89,42.86,0
IISc_RESPIN_mr_D3_70689_410503_F_AGRI_700627_70061871,D3,Agriculture,3.71,वाटाण्याचे कोणते बियाणे लवकर उगवते ?,वाटाण्याचे कोणते बियाणे लवकर उगवते ?,वाटाण्याचे कोणते बियाणे लवकर उगवते,वाटाण्याचे कोणते बियाणे लवकर उगवते,0.0,0.0,0.0,0.0,1
IISc_RESPIN_mr_D3_70689_410503_F_AGRI_724526_70061885,D3,Agriculture,8.73,"बागकाम होईपर्यंत काही करत नसताना , कव्हर पीक म्हणून कार्य करण्यासाठी घास सोडणे एक वाईट कल्पना आहे का ?",बागकाम होईपर्यंत काही करत नसताना कव्हर पीक म्हणून कार्य करण्यासाठी घास सोडणे एक वाईट कल्पना आहे का ?,बागकाम होईपर्यंत काही करत नसताना कव्हर पीक म्हणून कार्य करण्यासाठी घास सोडणे एक वाईट कल्पना आहे का,बागकाम होईपर्यंत काही करत नसताना कव्हर पीक म्हणून कार्य करण्यासाठी घास सोडणे एक वाईट कल्पना आहे का,0.0,0.0,1.96,5.26,1
IISc_RESPIN_mr_D3_70689_410503_F_BANK_700727_70061955,D3,Banking,4.13,कर्ज भेटत असताना क्रेडिट कार्डचा वापर होतो का ?,कर्ज भेटत असताना क्रेडिट कार्डचा वापर होतो का ?,कर्ज भेटत असताना क्रेडिट कार्डचा वापर होतो का,कर्ज भेटत असताना क्रेडिट कार्डचा वापर होतो का,0.0,0.0,0.0,0.0,1
IISc_RESPIN_mr_D3_70689_410503_F_BANK_701186_70062022,D3,Banking,4.74,यु.पी.आय वापरण्यासाठी कोणते ऍप वापरावे ?,यू.पी.आय वापरण्यासाठी कोणते ॲप वापरावे ?,यु पी आय वापरण्यासाठी कोणते ऍप वापरावे,यू पी आय वापरण्यासाठी कोणते ॲप वापरावे,5.26,28.57,5.0,33.33,0
IISc_RESPIN_mr_D3_70689_410503_F_AGRI_700132_70062059,D3,Agriculture,3.62,वाटाण्यासाठी सर्वोत्तम कीटकनाशके कोणते ?,वाटाण्यासाठी सर्वोत्तम कीटकनाशके कोणते ?,वाटाण्यासाठी सर्वोत्तम कीटकनाशके कोणते,वाटाण्यासाठी सर्वोत्तम कीटकनाशके कोणते,0.0,0.0,0.0,0.0,1
IISc_RESPIN_mr_D3_70689_410503_F_AGRI_700186_70062064,D3,Agriculture,2.82,लॅटराइट माती म्हणजे काय ?,लॅट्राइट माती म्हणजे काय ?,लॅटराइट माती म्हणजे काय,लॅट्राइट माती म्हणजे काय,4.35,25.0,4.0,20.0,0
IISc_RESPIN_mr_D3_70689_410503_F_AGRI_700120_70062096,D3,Agriculture,4.26,ज्वारी पिकाला कोणत्या प्रकारचे सिंचन वापरू शकतो ?,ज्वारी पिकाला कोणत्या प्रकारचे सिंचन वापरू शकतो ?,ज्वारी पिकाला कोणत्या प्रकारचे सिंचन वापरू शकतो,ज्वारी पिकाला कोणत्या प्रकारचे सिंचन वापरू शकतो,0.0,0.0,0.0,0.0,1
IISc_RESPIN_mr_D3_70689_410503_F_AGRI_700307_70062100,D3,Agriculture,4.95,मक्याचे पीक कापण्यासाठी कोणते यंत्र वापरता येईल ?,मक्याचे पीक कापण्यासाठी कोणते यंत्र वापरता येईल ?,मक्याचे पीक कापण्यासाठी कोणते यंत्र वापरता येईल,मक्याचे पीक कापण्यासाठी कोणते यंत्र वापरता येईल,0.0,0.0,0.0,0.0,1
IISc_RESPIN_mr_D3_70689_410503_F_AGRI_700556_70062103,D3,Agriculture,3.89,लाल मातीमध्ये ऊस लावू शकतो का ?,लाल मातीमध्ये ऊस लावू शकतो का ?,लाल मातीमध्ये ऊस लावू शकतो का,लाल मातीमध्ये ऊस लावू शकतो का,0.0,0.0,0.0,0.0,1
IISc_RESPIN_mr_D3_70689_410503_F_BANK_700808_70062114,D3,Banking,4.73,के.वाय.सी फॉर्म भरणे गरजेचे असते का ?,के.वाय.सी फॉर्म भरणे गरजेचे असते का ?,के वाय सी फॉर्म भरणे गरजेचे असते का,के वाय सी फॉर्म भरणे गरजेचे असते का,0.0,0.0,0.0,0.0,1
IISc_RESPIN_mr_D3_70689_410503_F_AGRI_705718_70062194,D3,Agriculture,5.29,वन्यजीव शेतात न पाळलेल्या प्राण्यांना बंद करून ठेवतात,वन्यजीव शेतात न पाळलेल्या ्राण्यांना बंद करून ठेवतात,वन्यजीव शेतात न पाळलेल्या प्राण्यांना बंद करून ठेवतात,वन्यजीव शेतात न पाळलेल्या ्राण्यांना बंद करून ठेवतात,1.89,12.5,1.89,12.5,0
IISc_RESPIN_mr_D3_70689_410503_F_AGRI_705977_70062215,D3,Agriculture,3.0,अंजीराची शेती कुठे केली जाते ?,अंजिराची शेती कुठे केली जाते,अंजीराची शेती कुठे केली जाते,अंजिराची शेती कुठे केली जाते,3.57,20.0,10.0,33.33,0
IISc_RESPIN_mr_D3_70689_410503_F_BANK_704068_70062221,D3,Banking,3.43,आपण कधी कार्गो येताना पाहिले आहे का ?,आपण कधी कार्गो येताना पाहिले आहे का ?,आपण कधी कार्गो येताना पाहिले आहे का,आपण कधी कार्गो येताना पाहिले आहे का,0.0,0.0,0.0,0.0,1
IISc_RESPIN_mr_D3_70689_410503_F_AGRI_703968_70062474,D3,Agriculture,5.4,सेंद्रिय शेतीच्या प्रसारामुळे लोकांना अधिक रोजगार मिळत आहे,सेंद्रिय शेतीच्या प्रसारामुळे लोकांना अधिक रोजगार मिळत आहे,सेंद्रिय शेतीच्या प्रसारामुळे लोकांना अधिक रोजगार मिळत आहे,सेंद्रिय शेतीच्या प्रसारामुळे लोकांना अधिक रोजगार मिळत आहे,0.0,0.0,0.0,0.0,1
IISc_RESPIN_mr_D3_70689_410503_F_AGRI_705863_70062481,D3,Agriculture,8.89,"सुका चारा व हिरवा चारा यांच्या तरतुदीबरोबरच बेसन , कोंडा , खळी यांचाही वापर केला जातो",सुका चारा हिरवा चारा यांच्या तरतुदीवरो बरच बेसन कोंडा खळी यांचाही वापर केला जातो,सुका चारा व हिरवा चारा यांच्या तरतुदीबरोबरच बेसन कोंडा खळी यांचाही वापर केला जातो,सुका चारा हिरवा चारा यांच्या तरतुदीवरो बरच बेसन कोंडा खळी यांचाही वापर केला जातो,4.94,21.43,9.41,31.25,0
IISc_RESPIN_mr_D3_70613_410503_F_AGRI_700619_70062677,D3,Agriculture,4.25,पशुपालन करताना कोणती उपाय योजना केली पाहिजे ?,पशुपालन करताना कोणती उपाययोजना केली पाहिजे ?,पशुपालन करताना कोणती उपाय योजना केली पाहिजे,पशुपालन करताना कोणती उपाययोजना केली पाहिजे,2.33,28.57,2.22,25.0,0
IISc_RESPIN_mr_D3_70613_410503_F_AGRI_700554_70062704,D3,Agriculture,2.76,लाल मातीमध्ये कोणते पीक येते ?,लाल मातीमध्ये कोणते पिके येते ?,लाल मातीमध्ये कोणते पीक येते,लाल मातीमध्ये कोणते पिके येते,7.14,20.0,6.67,16.67,0
IISc_RESPIN_mr_D3_70689_410503_F_AGRI_701675_70064117,D3,Agriculture,8.58,कृषी क्षेत्रात अत्याधुनिक व प्रगत तंत्रज्ञानाच्या वापराने शेती अधिक सुरक्षित व फायदेशीर झाली आहे,कृषी क्षेत्रात अत्याधुनिक प्रगत तंत्रज्ञाच्या वापराने शेती अधिक सुरक्षित व फायदेशीर झाली आहे,कृषी क्षेत्रात अत्याधुनिक व प्रगत तंत्रज्ञानाच्या वापराने शेती अधिक सुरक्षित व फायदेशीर झाली आहे,कृषी क्षेत्रात अत्याधुनिक प्रगत तंत्रज्ञाच्या वापराने शेती अधिक सुरक्षित व फायदेशीर झाली आहे,4.17,14.29,4.17,14.29,0
IISc_RESPIN_mr_D3_70689_410503_F_BANK_705364_70064166,D3,Banking,5.38,मी सोहेलला विचारले की आर्थिक स्टेटमेंट कसे दिले जाते,मी सोहेलला विचारले की आर्थिक स्टेटमेंट कसे दिले जाते ?,मी सोहेलला विचारले की आर्थिक स्टेटमेंट कसे दिले जाते,मी सोहेलला विचारले की आर्थिक स्टेटमेंट कसे दिले जाते,0.0,0.0,3.85,11.11,1
IISc_RESPIN_mr_D3_70689_410503_F_BANK_705438_70064178,D3,Banking,7.16,"मोहन यांनी विचारले की , खाद्यपदार्थांवर जी.एस.टी अठरा टक्के आहे का ?",मोहन यांनी विचारले कि खाद्य पदार्थांवर जी.एस.टी अठरा टक्के आहे का ?,मोहन यांनी विचारले की खाद्यपदार्थांवर जी एस टी अठरा टक्के आहे का,मोहन यांनी विचारले कि खाद्य पदार्थांवर जी एस टी अठरा टक्के आहे का,3.12,25.0,5.88,25.0,0
IISc_RESPIN_mr_D3_70613_410503_F_BANK_700727_70066412,D3,Banking,3.94,कर्ज भेटत असताना क्रेडिट कार्डचा वापर होतो का ?,कर्ज भेटत असताना क्रेडिट कार्डचा वापर होतो का ?,कर्ज भेटत असताना क्रेडिट कार्डचा वापर होतो का,कर्ज भेटत असताना क्रेडिट कार्डचा वापर होतो का,0.0,0.0,0.0,0.0,1
IISc_RESPIN_mr_D3_70613_410503_F_BANK_703904_70066827,D3,Banking,4.53,सामान्य माणसालाही बँकांकडून कर्जाची सुविधा मिळते,सामान्य माणसालाही बँकांकडून कर्जाची सुविधा मिळते,सामान्य माणसालाही बँकांकडून कर्जाची सुविधा मिळते,सामान्य माणसालाही बँकांकडून कर्जाची सुविधा मिळते,0.0,0.0,0.0,0.0,1
IISc_RESPIN_mr_D3_70650_410506_M_AGRI_700315_70067381,D3,Agriculture,9.15,काजू पिकांत अवकाळी पावसामुळे किडी व रोग वाढल्यास उत्पादनावर मोठा परिणाम होऊ शकतो का ?,काजू पिकात अवकाळी पावसामुळे किडी वर रोग वाढण्यास उत्पादनावर मोठा परिणाम होऊ शकतो का ?,काजू पिकांत अवकाळी पावसामुळे किडी व रोग वाढल्यास उत्पादनावर मोठा परिणाम होऊ शकतो का,काजू पिकात अवकाळी पावसामुळे किडी वर रोग वाढण्यास उत्पादनावर मोठा परिणाम होऊ शकतो का,3.61,21.43,3.53,20.0,0
IISc_RESPIN_mr_D3_70650_410506_M_BANK_700942_70067553,D3,Banking,5.35,मी यु.पी.आय द्वारे कोणताही कोड स्कॅन करू शकतो का ?,मी यू.पी.आय द्वारे कोणत्या आणी कोड स्कॅन करू शकतो का ?,मी यु पी आय द्वारे कोणताही कोड स्कॅन करू शकतो का,मी यू पी आय द्वारे कोणत्या आणी कोड स्कॅन करू शकतो का,12.5,27.27,12.0,30.0,0
IISc_RESPIN_mr_D3_70650_410506_M_AGRI_700564_70067752,D3,Agriculture,5.29,माझ्या जमिनीत मी कोणत्या खताचा उपयोग करू शकतो ?,माझ्या जमिनीत मी कोणत्या खताचा उपयोग करू शकतो ?,माझ्या जमिनीत मी कोणत्या खताचा उपयोग करू शकतो,माझ्या जमिनीत मी कोणत्या खताचा उपयोग करू शकतो,0.0,0.0,0.0,0.0,1
IISc_RESPIN_mr_D3_70650_410506_M_BANK_706284_70067780,D3,Banking,6.55,चक्रवाढ व्याज मोजण्यासाठी काही सोपा मार्ग आहे का ?,चक्रवाढ व्याज मोजण्यासाठी काही सोपा मार्ग आहे का ?,चक्रवाढ व्याज मोजण्यासाठी काही सोपा मार्ग आहे का,चक्रवाढ व्याज मोजण्यासाठी काही सोपा मार्ग आहे का,0.0,0.0,0.0,0.0,1
IISc_RESPIN_mr_D3_70650_410506_M_BANK_701696_70067814,D3,Banking,9.49,कोरोनाच्या वेळी बँकेतून पासबुक मुद्रित करुन घेण्याऐवजी खात्याचे व्यवहार ऑनलाईन बघा,कोरोनाच्या वेळी बँकेतून पासबुक मदत करून घेण्या वरी खात्याचे व्यवहार ऑनलाईन बघा,कोरोनाच्या वेळी बँकेतून पासबुक मुद्रित करुन घेण्याऐवजी खात्याचे व्यवहार ऑनलाईन बघा,कोरोनाच्या वेळी बँकेतून पासबुक मदत करून घेण्या वरी खात्याचे व्यवहार ऑनलाईन बघा,8.54,36.36,8.54,36.36,0
IISc_RESPIN_mr_D3_70069_410503_F_BANK_702036_70069841,D3,Banking,6.66,मी भविष्यातील योग्य मूल्य असलेले शेअर्स निवडले आणि आता मी नफा मिळवत आहे,मी भविष्यातील योग्य मूल्य असलेले शे निवडले आणि आता मी नफा मिळवत आहे,मी भविष्यातील योग्य मूल्य असलेले शेअर्स निवडले आणि आता मी नफा मिळवत आहे,मी भविष्यातील योग्य मूल्य असलेले शे निवडले आणि आता मी नफा मिळवत आहे,5.63,7.69,5.63,7.69,0
IISc_RESPIN_mr_D3_70069_410503_F_BANK_701825_70069870,D3,Banking,4.94,परीक्षेत दिवस व्यापार संबंधित प्रश्न विचारण्यात आले,परीक्षेत दिवस व्यापार संबंधित प्रश्न विचारण्यात आले,परीक्षेत दिवस व्यापार संबंधित प्रश्न विचारण्यात आले,परीक्षेत दिवस व्यापार संबंधित प्रश्न विचारण्यात आले,0.0,0.0,0.0,0.0,1
IISc_RESPIN_mr_D3_70069_410503_F_AGRI_703896_70070021,D3,Agriculture,4.25,सागरी शेतीतील जागतिक व्यापार खूप पसरत आहे,सागरी शेतीतील जागतिक व्यापार खूप प्रत आहे,सागरी शेतीतील जागतिक व्यापार खूप पसरत आहे,सागरी शेतीतील जागतिक व्यापार खूप प्रत आहे,2.44,14.29,2.44,14.29,0
IISc_RESPIN_mr_D3_70069_410503_F_BANK_704068_70070041,D3,Banking,3.63,आपण कधी कार्गो येताना पाहिले आहे का ?,आपण कधी कार हो येताना पाहिले आहे का ?,आपण कधी कार्गो येताना पाहिले आहे का,आपण कधी कार हो येताना पाहिले आहे का,5.71,28.57,5.41,25.0,0
IISc_RESPIN_mr_D3_70069_410503_F_BANK_701978_70070231,D3,Banking,4.48,मला संशोधनासाठी सरकारकडून अनुदान मिळाले आहे,मला संशोधनासाठी सरकारकडून अनुदान मिळाली आहे,मला संशोधनासाठी सरकारकडून अनुदान मिळाले आहे,मला संशोधनासाठी सरकारकडून अनुदान मिळाली आहे,2.33,16.67,2.33,16.67,0
IISc_RESPIN_mr_D3_70069_410503_F_AGRI_703914_70070487,D3,Agriculture,3.42,सामूहिक शेतीचे प्रकार कोणते आहेत ?,सामुहिक शेतीचे प्रकार कोणते आहेत ?,सामूहिक शेतीचे प्रकार कोणते आहेत,सामुहिक शेतीचे प्रकार कोणते आहेत,3.12,20.0,2.94,16.67,0
IISc_RESPIN_mr_D3_70650_410506_M_BANK_703641_70074219,D3,Banking,4.61,राजेश सर सुद्धा नियम मोडतात का ?,राजेश सर सुद्धा नियम मिळतात का,राजेश सर सुद्धा नियम मोडतात का,राजेश सर सुद्धा नियम मिळतात का,6.67,16.67,12.5,28.57,0
IISc_RESPIN_mr_D3_70650_410506_M_BANK_701534_70074251,D3,Banking,5.34,आपल्या बँकेचा आय.एफ.एस.सी कोड काय आहे ?,आपल्या बँकेचा आय.एफ.एस.सी कोड काय आहे ?,आपल्या बँकेचा आय एफ एस सी कोड काय आहे,आपल्या बँकेचा आय एफ एस सी कोड काय आहे,0.0,0.0,0.0,0.0,1
IISc_RESPIN_mr_D3_70650_410506_M_BANK_706269_70074948,D3,Banking,3.3,या अर्जाची फी किती आहे ?,या अर्जाचे फी किती आहे ?,या अर्जाची फी किती आहे,या अर्जाचे फी किती आहे,4.55,20.0,4.17,16.67,0
IISc_RESPIN_mr_D3_70650_410506_M_BANK_703599_70075003,D3,Banking,3.61,या वर्षी आपण किती सेल्स टॅक्स भरला आहे ?,या वर्षी आपण किती सेल टॅक्स भरला आहे ?,या वर्षी आपण किती सेल्स टॅक्स भरला आहे,या वर्षी आपण किती सेल टॅक्स भरला आहे,5.26,12.5,5.0,11.11,0
IISc_RESPIN_mr_D3_70650_410506_M_AGRI_706024_70075019,D3,Agriculture,3.69,पीक शेतीतून आपल्याला काय समजते ?,पीक शेतीतून आपल्याला काय समजते ?,पीक शेतीतून आपल्याला काय समजते,पीक शेतीतून आपल्याला काय समजते,0.0,0.0,0.0,0.0,1
IISc_RESPIN_mr_D3_70650_410506_M_BANK_701978_70075050,D3,Banking,5.53,मला संशोधनासाठी सरकारकडून अनुदान मिळाले आहे,मला संशोधनासाठी सरकारकडून अनुदान मिळाले आहे,मला संशोधनासाठी सरकारकडून अनुदान मिळाले आहे,मला संशोधनासाठी सरकारकडून अनुदान मिळाले आहे,0.0,0.0,0.0,0.0,1
IISc_RESPIN_mr_D3_70650_410506_M_BANK_702036_70075272,D3,Banking,6.85,मी भविष्यातील योग्य मूल्य असलेले शेअर्स निवडले आणि आता मी नफा मिळवत आहे,मी भविष्यातील योग्य मूल्य असलेले शे निवडले आणि आता मी नफा मिळत आहे,मी भविष्यातील योग्य मूल्य असलेले शेअर्स निवडले आणि आता मी नफा मिळवत आहे,मी भविष्यातील योग्य मूल्य असलेले शे निवडले आणि आता मी नफा मिळत आहे,7.04,15.38,7.04,15.38,0
IISc_RESPIN_mr_D3_70613_410503_F_BANK_706284_70077261,D3,Banking,4.07,चक्रवाढ व्याज मोजण्यासाठी काही सोपा मार्ग आहे का ?,चक्रवाढ व्याज मोजण्यासाठी काही सोपा मार्ग आहे का,चक्रवाढ व्याज मोजण्यासाठी काही सोपा मार्ग आहे का,चक्रवाढ व्याज मोजण्यासाठी काही सोपा मार्ग आहे का,0.0,0.0,4.0,11.11,1
IISc_RESPIN_mr_D3_70613_410503_F_AGRI_705977_70077268,D3,Agriculture,2.95,अंजीराची शेती कुठे केली जाते ?,अंजिराची शेती कुठे केली जाते ?,अंजीराची शेती कुठे केली जाते,अंजिराची शेती कुठे केली जाते,3.57,20.0,3.33,16.67,0
IISc_RESPIN_mr_D3_70704_410506_F_BANK_700808_70087459,D3,Banking,5.24,के.वाय.सी फॉर्म भरणे गरजेचे असते का ?,के.वाय.सी फॉर्म भरणे गरजेचे असते का ?,के वाय सी फॉर्म भरणे गरजेचे असते का,के वाय सी फॉर्म भरणे गरजेचे असते का,0.0,0.0,0.0,0.0,1
IISc_RESPIN_mr_D3_70704_410506_F_AGRI_700183_70087461,D3,Agriculture,5.17,तांदळाची कोणती जात पावसाळ्यात पिकवली जाते ?,तांदळाची कोणती जात पावसाळ्यात पिकवली जाते,तांदळाची कोणती जात पावसाळ्यात पिकवली जाते,तांदळाची कोणती जात पावसाळ्यात पिकवली जाते,0.0,0.0,4.65,14.29,1
IISc_RESPIN_mr_D3_70704_410506_F_BANK_701358_70087478,D3,Banking,5.14,इंटरनेट बँकिंगद्वारे पैसे पाठवणे किती सुरक्षित आहे ?,इंटरनेट बँकिंग द्वारे पैसे पाठवणे किती सुरक्षित आहे ?,इंटरनेट बँकिंगद्वारे पैसे पाठवणे किती सुरक्षित आहे,इंटरनेट बँकिंग द्वारे पैसे पाठवणे किती सुरक्षित आहे,2.0,28.57,1.92,25.0,0
IISc_RESPIN_mr_D3_70704_410506_F_AGRI_700210_70088391,D3,Agriculture,4.7,टोबॅको लीफ कर्ल व्हायरस म्हणजे काय ?,टोबॅको लिफ कर वायरस म्हणजे काय ?,टोबॅको लीफ कर्ल व्हायरस म्हणजे काय,टोबॅको लिफ कर वायरस म्हणजे काय,14.71,50.0,13.89,42.86,0
IISc_RESPIN_mr_D3_70704_410506_F_AGRI_700564_70088430,D3,Agriculture,3.92,माझ्या जमिनीत मी कोणत्या खताचा उपयोग करू शकतो ?,माझ्या जमिनीत मी कोणत्या खताचा उपयोग करू शकतो ?,माझ्या जमिनीत मी कोणत्या खताचा उपयोग करू शकतो,माझ्या जमिनीत मी कोणत्या खताचा उपयोग करू शकतो,0.0,0.0,0.0,0.0,1
IISc_RESPIN_mr_D3_70704_410506_F_AGRI_700554_70088560,D3,Agriculture,3.06,लाल मातीमध्ये कोणते पीक येते ?,लाल मातीमध्ये कोणते पीक येते ?,लाल मातीमध्ये कोणते पीक येते,लाल मातीमध्ये कोणते पीक येते,0.0,0.0,0.0,0.0,1
IISc_RESPIN_mr_D3_70704_410506_F_BANK_701299_70088561,D3,Banking,7.77,मला एका वर्षातच कर्ज परतफेड करण्याठी दर महिन्याला किमान किती हप्ता बसेल ?,मला एका वर्षातच कर्ज परतफेड करण्यासाठी दर महिन्याला किमान किती हप्ता असेल ?,मला एका वर्षातच कर्ज परतफेड करण्याठी दर महिन्याला किमान किती हप्ता बसेल,मला एका वर्षातच कर्ज परतफेड करण्यासाठी दर महिन्याला किमान किती हप्ता असेल,4.23,16.67,4.11,15.38,0
IISc_RESPIN_mr_D3_70704_410506_F_AGRI_700186_70088564,D3,Agriculture,3.09,लॅटराइट माती म्हणजे काय ?,लॅट्राइक माती म्हणजे काय ?,लॅटराइट माती म्हणजे काय,लॅट्राइक माती म्हणजे काय,8.7,25.0,8.0,20.0,0
IISc_RESPIN_mr_D3_70704_410506_F_AGRI_700233_70088642,D3,Agriculture,4.78,ढगाळ हवामान पिकांसाठी त्रासदायक असते का ?,ढगाळ हवामान पिकांसाठी राजा यक असते का ?,ढगाळ हवामान पिकांसाठी त्रासदायक असते का,ढगाळ हवामान पिकांसाठी राजा यक असते का,12.82,33.33,12.2,28.57,0
IISc_RESPIN_mr_D3_70704_410506_F_AGRI_703914_70088779,D3,Agriculture,3.85,सामूहिक शेतीचे प्रकार कोणते आहेत ?,चांगली शेतीचे प्रकार कोणते आहेत ?,सामूहिक शेतीचे प्रकार कोणते आहेत,चांगली शेतीचे प्रकार कोणते आहेत,18.75,20.0,17.65,16.67,0
IISc_RESPIN_mr_D3_70704_410506_F_BANK_701688_70088888,D3,Banking,4.21,कोणत्या प्रकारच्या व्यवसायात वाढ अधिक असते ?,कोणत्या प्रकारच्या व्यवसायात वाढ अधिक असते,कोणत्या प्रकारच्या व्यवसायात वाढ अधिक असते,कोणत्या प्रकारच्या व्यवसायात वाढ अधिक असते,0.0,0.0,4.55,14.29,1
IISc_RESPIN_mr_D3_70704_410506_F_BANK_701985_70088922,D3,Banking,3.0,माझा चेक कधी वटणार आहे ?,माझा चेक कधी वटणार आहे,माझा चेक कधी वटणार आहे,माझा चेक कधी वटणार आहे,0.0,0.0,8.33,16.67,1
IISc_RESPIN_mr_D3_70704_410506_F_AGRI_703453_70089118,D3,Agriculture,2.95,मी पुदिना नान खात आहे,मी पुदीना नान खात आहे,मी पुदिना नान खात आहे,मी पुदीना नान खात आहे,4.76,20.0,4.76,20.0,0
IISc_RESPIN_mr_D3_70704_410506_F_AGRI_703896_70089137,D3,Agriculture,5.05,सागरी शेतीतील जागतिक व्यापार खूप पसरत आहे,सागरी शेतीतील जागतिक व्यापार खूप पसरत आहे,सागरी शेतीतील जागतिक व्यापार खूप पसरत आहे,सागरी शेतीतील जागतिक व्यापार खूप पसरत आहे,0.0,0.0,0.0,0.0,1
IISc_RESPIN_mr_D3_70704_410506_F_BANK_702280_70089446,D3,Banking,3.74,शेअर बाजारात गुंतवणूक करण्याचा धोका असतो,शेअर बाजारात गुंतवणूक करण्याचा धोका असतो,शेअर बाजारात गुंतवणूक करण्याचा धोका असतो,शेअर बाजारात गुंतवणूक करण्याचा धोका असतो,0.0,0.0,0.0,0.0,1
IISc_RESPIN_mr_D3_70682_410506_M_AGRI_700233_70115011,D3,Agriculture,4.35,ढगाळ हवामान पिकांसाठी त्रासदायक असते का ?,ढगाळ हवामान पिकांसाठी तर ता असतं का ?,ढगाळ हवामान पिकांसाठी त्रासदायक असते का,ढगाळ हवामान पिकांसाठी तर ता असतं का,17.95,50.0,17.07,42.86,0
IISc_RESPIN_mr_D3_70682_410506_M_AGRI_700449_70115205,D3,Agriculture,3.33,सेंद्रिय शेतीचे फायदे काय आहेत ?,सेंद्रिय शेतीचे फायदे काय आहेत ?,सेंद्रिय शेतीचे फायदे काय आहेत,सेंद्रिय शेतीचे फायदे काय आहेत,0.0,0.0,0.0,0.0,1
IISc_RESPIN_mr_D3_70682_410506_M_AGRI_700564_70116527,D3,Agriculture,3.71,माझ्या जमिनीत मी कोणत्या खताचा उपयोग करू शकतो ?,माझ्या जमिनीत मी कोणत्या खताचा उपयोग करू शकतो ?,माझ्या जमिनीत मी कोणत्या खताचा उपयोग करू शकतो,माझ्या जमिनीत मी कोणत्या खताचा उपयोग करू शकतो,0.0,0.0,0.0,0.0,1
IISc_RESPIN_mr_D3_70682_410506_M_BANK_701205_70116586,D3,Banking,5.17,निधी हस्तांतरण करण्याच्या किती पद्धती आहेत ?,निधी हस्तांतरण करण्याच्या किती पद्धती आहेत ?,निधी हस्तांतरण करण्याच्या किती पद्धती आहेत,निधी हस्तांतरण करण्याच्या किती पद्धती आहेत,0.0,0.0,0.0,0.0,1
IISc_RESPIN_mr_D3_70682_410506_M_AGRI_703349_70116706,D3,Agriculture,3.67,मगरीचे संगोपन करणे हे एक जोखमीचे काम आहे,मगर शी समोपन करणे हे एक जोखमीचे काम आहे,मगरीचे संगोपन करणे हे एक जोखमीचे काम आहे,मगर शी समोपन करणे हे एक जोखमीचे काम आहे,12.5,37.5,12.5,37.5,0
IISc_RESPIN_mr_D3_70682_410506_M_AGRI_701756_70116716,D3,Agriculture,6.58,जुन्या इमारतींच्या भिंतींवर उभ्या जागेत वनस्पती वाढवून बागकाम केले जाते,जुन्या विमा तेच्या बँकेवर उद्या जागेत वनस्पती वाढून बागकाम केले जाते,जुन्या इमारतींच्या भिंतींवर उभ्या जागेत वनस्पती वाढवून बागकाम केले जाते,जुन्या विमा तेच्या बँकेवर उद्या जागेत वनस्पती वाढून बागकाम केले जाते,18.31,50.0,18.31,50.0,0
IISc_RESPIN_mr_D3_70682_410506_M_BANK_704196_70116753,D3,Banking,6.34,पैसे जेव्हा चलनात नव्हते तेव्हा वस्तू विनिमय पद्धत प्रचलित होती,पैसे देवा चलनात नवते तेव्हा वस्तू विनिमय पद्धत प्रचलित होती,पैसे जेव्हा चलनात नव्हते तेव्हा वस्तू विनिमय पद्धत प्रचलित होती,पैसे देवा चलनात नवते तेव्हा वस्तू विनिमय पद्धत प्रचलित होती,7.94,20.0,7.94,20.0,0
IISc_RESPIN_mr_D3_70682_410506_M_AGRI_705612_70116775,D3,Agriculture,7.57,"राष्ट्रीय अन्न सुरक्षा अभियानामुळेच आज सर्वांना कमी किमतीत पीठ , डाळी , गहू मिळत आहे",राष्ट्रीय अन्न सुरक्षा देण्यामुळे आज सर्वांना कमी किमतीत पीठ डाळी गहू मिळत आहेत,राष्ट्रीय अन्न सुरक्षा अभियानामुळेच आज सर्वांना कमी किमतीत पीठ डाळी गहू मिळत आहे,राष्ट्रीय अन्न सुरक्षा देण्यामुळे आज सर्वांना कमी किमतीत पीठ डाळी गहू मिळत आहेत,10.0,15.38,14.29,26.67,0
IISc_RESPIN_mr_D3_70682_410506_M_BANK_704470_70120327,D3,Banking,4.97,आपल्याला विमा कंपनीत काम करून किती वर्षे झाली आहेत ?,आपल्याला विमा कंपनीत काम करून किती वर्षे झाली आहेत ?,आपल्याला विमा कंपनीत काम करून किती वर्षे झाली आहेत,आपल्याला विमा कंपनीत काम करून किती वर्षे झाली आहेत,0.0,0.0,0.0,0.0,1
IISc_RESPIN_mr_D3_70746_411001_M_BANK_701275_70122258,D3,Banking,4.02,खाते चालू ठेवण्यासाठी किमान किती रक्कम हवी ?,खाते चालू ठेवण्यासाठी किमान किती रक्कम हवी ?,खाते चालू ठेवण्यासाठी किमान किती रक्कम हवी,खाते चालू ठेवण्यासाठी किमान किती रक्कम हवी,0.0,0.0,0.0,0.0,1
IISc_RESPIN_mr_D3_70746_411001_M_AGRI_700289_70122267,D3,Agriculture,3.91,ठिबक सिंचनाची जोडणी कशी असावी ?,ठिबक सिंचनाची जोडणी कशी असावी ?,ठिबक सिंचनाची जोडणी कशी असावी,ठिबक सिंचनाची जोडणी कशी असावी,0.0,0.0,0.0,0.0,1
IISc_RESPIN_mr_D3_70746_411001_M_AGRI_700407_70122502,D3,Agriculture,4.23,पुराचा सर्वाधिक फटका कोणत्या पिकांना बसतो ?,पुराचा सर्वाधिक फटका कोणत्या पिकांना बसतो ?,पुराचा सर्वाधिक फटका कोणत्या पिकांना बसतो,पुराचा सर्वाधिक फटका कोणत्या पिकांना बसतो,0.0,0.0,0.0,0.0,1
IISc_RESPIN_mr_D3_70746_411001_M_BANK_700727_70122945,D3,Banking,4.71,कर्ज भेटत असताना क्रेडिट कार्डचा वापर होतो का ?,कर्ज भेटत असताना क्रेडिट कार्डचा वापर होतो का ?,कर्ज भेटत असताना क्रेडिट कार्डचा वापर होतो का,कर्ज भेटत असताना क्रेडिट कार्डचा वापर होतो का,0.0,0.0,0.0,0.0,1
IISc_RESPIN_mr_D3_70746_411001_M_BANK_700765_70122953,D3,Banking,6.74,यु.पी.आय मार्फत आपण एकाच बँकेतून अनेक बँकांमध्ये पैसे पाठवू शकतो का ?,यु.पी.आय मार्फत आपण एकाच बँकेतून अनेक बँकांमध्ये पैसे पाठवू शकतो का ?,यु पी आय मार्फत आपण एकाच बँकेतून अनेक बँकांमध्ये पैसे पाठवू शकतो का,यु पी आय मार्फत आपण एकाच बँकेतून अनेक बँकांमध्ये पैसे पाठवू शकतो का,0.0,0.0,0.0,0.0,1
IISc_RESPIN_mr_D3_70746_411001_M_BANK_700942_70123208,D3,Banking,4.02,मी यु.पी.आय द्वारे कोणताही कोड स्कॅन करू शकतो का ?,मी यू.पी.आय द्वारे कोणताही कोड स्कॅन करू शकतो का ?,मी यु पी आय द्वारे कोणताही कोड स्कॅन करू शकतो का,मी यू पी आय द्वारे कोणताही कोड स्कॅन करू शकतो का,2.08,9.09,2.0,10.0,0
IISc_RESPIN_mr_D3_70746_411001_M_BANK_700875_70123217,D3,Banking,4.22,मला माझ्या खात्यातील रकमेवर किती टक्के व्याज दिले जाते ?,मला माझ्या खात्यातील रकमेवर किती टक्के व्याज दिले जाते ?,मला माझ्या खात्यातील रकमेवर किती टक्के व्याज दिले जाते,मला माझ्या खात्यातील रकमेवर किती टक्के व्याज दिले जाते,0.0,0.0,0.0,0.0,1
IISc_RESPIN_mr_D3_70746_411001_M_AGRI_705502_70124173,D3,Agriculture,2.7,मोहित काट्याने मासे पकडतो,मोहित काट्याने मासे पकडतो,मोहित काट्याने मासे पकडतो,मोहित काट्याने मासे पकडतो,0.0,0.0,0.0,0.0,1
IISc_RESPIN_mr_D3_70746_411001_M_AGRI_705871_70124819,D3,Agriculture,3.36,सेंद्रिय अन्नाचे उत्पादन मोठ्या प्रमाणावर होत आहे,सेंद्रिय नाचे उत्पाद मोठ्या प्रमाणावर होत आहे,सेंद्रिय अन्नाचे उत्पादन मोठ्या प्रमाणावर होत आहे,सेंद्रिय नाचे उत्पाद मोठ्या प्रमाणावर होत आहे,8.16,28.57,8.16,28.57,0
IISc_RESPIN_mr_D3_70746_411001_M_BANK_701985_70124834,D3,Banking,2.88,माझा चेक कधी वटणार आहे ?,माझे चेक कधी वटणार आहे,माझा चेक कधी वटणार आहे,माझे चेक कधी वटणार आहे,4.55,20.0,12.5,33.33,0
IISc_RESPIN_mr_D3_70746_411001_M_AGRI_703357_70124849,D3,Agriculture,6.17,मत्स्यपालनात आजकाल आपण माशांमध्ये पसरणाऱ्या रोगांवरही इलाज करू शकतो,मत्स्यपालनात आजकाल आपण माशांमध्ये पत्सरणा⁇्या रोगावर ही इलाज करू शकतो,मत्स्यपालनात आजकाल आपण माशांमध्ये पसरणाऱ्या रोगांवरही इलाज करू शकतो,मत्स्यपालनात आजकाल आपण माशांमध्ये पत्सरणा⁇्या रोगावर ही इलाज करू शकतो,7.46,33.33,7.46,33.33,0
IISc_RESPIN_mr_D3_70746_411001_M_BANK_701825_70125634,D3,Banking,5.07,परीक्षेत दिवस व्यापार संबंधित प्रश्न विचारण्यात आले,परीक्षेत दिवस व्यापार संबंधित प्रश्न विचारण्यात आले,परीक्षेत दिवस व्यापार संबंधित प्रश्न विचारण्यात आले,परीक्षेत दिवस व्यापार संबंधित प्रश्न विचारण्यात आले,0.0,0.0,0.0,0.0,1
IISc_RESPIN_mr_D3_70706_441401_M_AGRI_700028_70127117,D3,Agriculture,4.07,कोंबडी खताने जमीनीची धूप होत नाही का ?,कोंबडी खताने जमिनीच धूप होत नाही का ?,कोंबडी खताने जमीनीची धूप होत नाही का,कोंबडी खताने जमिनीच धूप होत नाही का,5.56,14.29,5.26,12.5,0
IISc_RESPIN_mr_D3_70706_441401_M_BANK_700738_70127128,D3,Banking,4.42,डेबिट कार्डचा पासवर्ड विसरल्यास तो कसा रीसेट करायचा ?,डेबिट कार्डचा पासवर्ड विसरल्यास तो कसा रिसेट करायचा ?,डेबिट कार्डचा पासवर्ड विसरल्यास तो कसा रीसेट करायचा,डेबिट कार्डचा पासवर्ड विसरल्यास तो कसा रिसेट करायचा,1.96,12.5,1.89,11.11,0
IISc_RESPIN_mr_D3_70706_441401_M_BANK_701056_70128174,D3,Banking,3.99,आधी एक कर्ज आहे तरी मला अजुन एक कर्ज मिळेल का ?,आधी एक कर्ज आहे तरी मला अजुन एक कर्ज मिळेल का ?,आधी एक कर्ज आहे तरी मला अजुन एक कर्ज मिळेल का,आधी एक कर्ज आहे तरी मला अजुन एक कर्ज मिळेल का,0.0,0.0,0.0,0.0,1
IISc_RESPIN_mr_D3_70706_441401_M_BANK_701299_70128176,D3,Banking,7.84,मला एका वर्षातच कर्ज परतफेड करण्याठी दर महिन्याला किमान किती हप्ता बसेल ?,मला एका वर्षातच कर्ज परतफेड करण्यासाठी दर महिन्याला किमान किती हप्ता असेल ?,मला एका वर्षातच कर्ज परतफेड करण्याठी दर महिन्याला किमान किती हप्ता बसेल,मला एका वर्षातच कर्ज परतफेड करण्यासाठी दर महिन्याला किमान किती हप्ता असेल,4.23,16.67,4.11,15.38,0
IISc_RESPIN_mr_D3_70706_441401_M_AGRI_700256_70128389,D3,Agriculture,3.89,बकरी किंवा मेंढीपासून खत मिळते का ?,बकरी किंवा मेंढी पासून खत मिळते का ?,बकरी किंवा मेंढीपासून खत मिळते का,बकरी किंवा मेंढी पासून खत मिळते का,3.03,33.33,2.86,28.57,0
IISc_RESPIN_mr_D3_70706_441401_M_AGRI_700542_70128412,D3,Agriculture,3.56,खरीप हंगामाचा कोणता कालावधी असतो ?,खरीप हंगामाचा कोणता कालावधी असतो ?,खरीप हंगामाचा कोणता कालावधी असतो,खरीप हंगामाचा कोणता कालावधी असतो,0.0,0.0,0.0,0.0,1
IISc_RESPIN_mr_D3_70706_441401_M_AGRI_700289_70128851,D3,Agriculture,2.85,ठिबक सिंचनाची जोडणी कशी असावी ?,ठिबक सिंचनाची जोडणे कशी असावी ?,ठिबक सिंचनाची जोडणी कशी असावी,ठिबक सिंचनाची जोडणे कशी असावी,3.45,20.0,3.23,16.67,0
IISc_RESPIN_mr_D3_70706_441401_M_AGRI_700315_70129054,D3,Agriculture,7.76,काजू पिकांत अवकाळी पावसामुळे किडी व रोग वाढल्यास उत्पादनावर मोठा परिणाम होऊ शकतो का ?,काजू पिकात अवकाळी पावसामुळे किडी वर रोग वाढल्यास उत्पादनावर मोठा परिणाम होऊ शकतो का ?,काजू पिकांत अवकाळी पावसामुळे किडी व रोग वाढल्यास उत्पादनावर मोठा परिणाम होऊ शकतो का,काजू पिकात अवकाळी पावसामुळे किडी वर रोग वाढल्यास उत्पादनावर मोठा परिणाम होऊ शकतो का,2.41,14.29,2.35,13.33,0
IISc_RESPIN_mr_D3_70682_410506_M_BANK_702433_70130476,D3,Banking,6.49,असुरक्षित कर्ज हे एक प्रकारचे असुरक्षित कर्ज म्हणून गृहीत धरले जाते,असुरक्षित कर्ज हे एक प्रकारचे असुरक्षित कर्ज म्हणून मोहित धरले जाते,असुरक्षित कर्ज हे एक प्रकारचे असुरक्षित कर्ज म्हणून गृहीत धरले जाते,असुरक्षित कर्ज हे एक प्रकारचे असुरक्षित कर्ज म्हणून मोहित धरले जाते,4.48,9.09,4.48,9.09,0
IISc_RESPIN_mr_D3_70682_410506_M_AGRI_703724_70130479,D3,Agriculture,4.81,लोखंडाचे रेक माती हलके करण्याचेही काम करू शकतात,लोखंडाचे देखी माती हलकी करण्याची काम करू शकतात,लोखंडाचे रेक माती हलके करण्याचेही काम करू शकतात,लोखंडाचे देखी माती हलकी करण्याची काम करू शकतात,12.77,37.5,12.77,37.5,0
IISc_RESPIN_mr_D3_71361_415114_M_AGRI_700305_70136510,D3,Agriculture,6.23,बाजरीचे पिके कापण्यासाठी कोणता ट्रॅक्टर वापरता येईल का ?,बाजरीचे पिके कापण्यासाठी कोणता ट्रॅक्टर वापरता येईल का ?,बाजरीचे पिके कापण्यासाठी कोणता ट्रॅक्टर वापरता येईल का,बाजरीचे पिके कापण्यासाठी कोणता ट्रॅक्टर वापरता येईल का,0.0,0.0,0.0,0.0,1
IISc_RESPIN_mr_D3_71361_415114_M_BANK_701299_70136531,D3,Banking,11.53,मला एका वर्षातच कर्ज परतफेड करण्याठी दर महिन्याला किमान किती हप्ता बसेल ?,मला एका वर्षात कर्ज परतफेड करण्यासाठी दर महिन्याला किमान किती हफ्ता विसेल ?,मला एका वर्षातच कर्ज परतफेड करण्याठी दर महिन्याला किमान किती हप्ता बसेल,मला एका वर्षात कर्ज परतफेड करण्यासाठी दर महिन्याला किमान किती हफ्ता विसेल,8.45,33.33,8.22,30.77,0
IISc_RESPIN_mr_D3_71361_415114_M_AGRI_724526_70136538,D3,Agriculture,9.49,"बागकाम होईपर्यंत काही करत नसताना , कव्हर पीक म्हणून कार्य करण्यासाठी घास सोडणे एक वाईट कल्पना आहे का ?",बागकाम होई पर्यंत काही करत नसताना कव्हर पीक म्हणून कार करण्यासाठी घास सोडणे एक वाय कल्पना आहे का,बागकाम होईपर्यंत काही करत नसताना कव्हर पीक म्हणून कार्य करण्यासाठी घास सोडणे एक वाईट कल्पना आहे का,बागकाम होई पर्यंत काही करत नसताना कव्हर पीक म्हणून कार करण्यासाठी घास सोडणे एक वाय कल्पना आहे का,5.1,23.53,8.82,31.58,0
IISc_RESPIN_mr_D3_70706_441401_M_BANK_705236_70136607,D3,Banking,3.29,माझे जुने धनादेश पुस्तक संपले आहे,माझे जुने धनादेश पुस्तक संपले आहे,माझे जुने धनादेश पुस्तक संपले आहे,माझे जुने धनादेश पुस्तक संपले आहे,0.0,0.0,0.0,0.0,1
IISc_RESPIN_mr_D3_71361_415114_M_BANK_700852_70136749,D3,Banking,11.45,"एन.बी.एफ.सी या बँकांप्रमाणेच कार्य करतात , मग बँक व एन.बी.एफ.सी मध्ये काय फरक आहे ?",एन.बी.एफ.सी या बँकांप्रमाणेच कार्य करतात मध बँक एन एन.बी.एफ.सी मध्ये काय फरक आहे,एन बी एफ सी या बँकांप्रमाणेच कार्य करतात मग बँक व एन बी एफ सी मध्ये काय फरक आहे,एन बी एफ सी या बँकांप्रमाणेच कार्य करतात मध बँक एन एन बी एफ सी मध्ये काय फरक आहे,3.8,10.53,8.43,26.67,0
IISc_RESPIN_mr_D3_71361_415114_M_BANK_700875_70137267,D3,Banking,5.95,मला माझ्या खात्यातील रकमेवर किती टक्के व्याज दिले जाते ?,मला माझ्या खात्यातील रकमेवर किती टक्के व्याज दिले जाते ?,मला माझ्या खात्यातील रकमेवर किती टक्के व्याज दिले जाते,मला माझ्या खात्यातील रकमेवर किती टक्के व्याज दिले जाते,0.0,0.0,0.0,0.0,1
IISc_RESPIN_mr_D3_71361_415114_M_BANK_701071_70137911,D3,Banking,5.2,चालू खाते उघडण्यासाठी कोणती कागदपत्रे आवश्यक आहेत ?,चालू खाते उघडण्यासाठी कोणती कागदपत्रे आवश्यक आहेत ?,चालू खाते उघडण्यासाठी कोणती कागदपत्रे आवश्यक आहेत,चालू खाते उघडण्यासाठी कोणती कागदपत्रे आवश्यक आहेत,0.0,0.0,0.0,0.0,1
IISc_RESPIN_mr_D3_71361_415114_M_AGRI_703688_70138068,D3,Agriculture,5.15,रोहन पशुधन विमा योजनेचा सल्लागार म्हणून काम करतो,रोहन पशुधन विमा योजनेचा सल्ला धा म्हणू काम करतो,रोहन पशुधन विमा योजनेचा सल्लागार म्हणून काम करतो,रोहन पशुधन विमा योजनेचा सल्ला धा म्हणू काम करतो,8.33,37.5,8.33,37.5,0
IISc_RESPIN_mr_D3_71361_415114_M_AGRI_703562_70138086,D3,Agriculture,4.53,मोहनला आलं खायला आवडतं,मोहनला आलं खायला आवडतं,मोहनला आलं खायला आवडतं,मोहनला आलं खायला आवडतं,0.0,0.0,0.0,0.0,1
IISc_RESPIN_mr_D3_71361_415114_M_AGRI_705623_70138091,D3,Agriculture,6.18,"रेकच्या साहाय्याने शेतातील गवत , पाने इत्यादी गोळा करण्याचे काम केले जाते",रिजच्या सहाय्याने शेतातील गवत पाणी इत्यादी गळ करण्याचे काम केली जाते,रेकच्या साहाय्याने शेतातील गवत पाने इत्यादी गोळा करण्याचे काम केले जाते,रिजच्या सहाय्याने शेतातील गवत पाणी इत्यादी गळ करण्याचे काम केली जाते,11.27,45.45,13.7,50.0,0
IISc_RESPIN_mr_D3_71361_415114_M_BANK_703904_70139327,D3,Banking,4.97,सामान्य माणसालाही बँकांकडून कर्जाची सुविधा मिळते,सामान्य माणसाला ही बँकांकडून कर्जाची सुविधा मिळते,सामान्य माणसालाही बँकांकडून कर्जाची सुविधा मिळते,सामान्य माणसाला ही बँकांकडून कर्जाची सुविधा मिळते,2.08,33.33,2.08,33.33,0
IISc_RESPIN_mr_D3_70706_441401_M_BANK_702280_70139455,D3,Banking,2.87,शेअर बाजारात गुंतवणूक करण्याचा धोका असतो,शेअर बाजार गुंतवणूक करण्याचा धोका असतो,शेअर बाजारात गुंतवणूक करण्याचा धोका असतो,शेअर बाजार गुंतवणूक करण्याचा धोका असतो,5.0,16.67,5.0,16.67,0
IISc_RESPIN_mr_D3_70706_441401_M_BANK_704470_70139594,D3,Banking,3.81,आपल्याला विमा कंपनीत काम करून किती वर्षे झाली आहेत ?,आपल्याला विमा कंपनीत काम करून किती वर्ष झाली आहेत,आपल्याला विमा कंपनीत काम करून किती वर्षे झाली आहेत,आपल्याला विमा कंपनीत काम करून किती वर्ष झाली आहेत,2.0,11.11,5.77,20.0,0
IISc_RESPIN_mr_D3_70706_441401_M_AGRI_705995_70139613,D3,Agriculture,2.73,बांबूची भांडी कुठे मिळतील ?,बांबूची भांडी कुठे मिळतील ?,बांबूची भांडी कुठे मिळतील,बांबूची भांडी कुठे मिळतील,0.0,0.0,0.0,0.0,1
IISc_RESPIN_mr_D3_71361_415114_M_AGRI_706034_70142045,D3,Agriculture,6.01,बिहार सरकारच्या ज्यूट कार्यालयाचे मुख्यालय कोठे आहे ?,बिहार सरकारच्या जूट कार्यालय चे मुख्यालय कोठे आहे,बिहार सरकारच्या ज्यूट कार्यालयाचे मुख्यालय कोठे आहे,बिहार सरकारच्या जूट कार्यालय चे मुख्यालय कोठे आहे,5.88,42.86,9.43,50.0,0
IISc_RESPIN_mr_D3_71361_415114_M_BANK_703599_70142081,D3,Banking,3.91,या वर्षी आपण किती सेल्स टॅक्स भरला आहे ?,या वर्ष आपण कितीक सेल टॅक्स भरला आहे ?,या वर्षी आपण किती सेल्स टॅक्स भरला आहे,या वर्ष आपण कितीक सेल टॅक्स भरला आहे,10.53,37.5,10.0,33.33,0
IISc_RESPIN_mr_D3_71361_415114_M_BANK_701985_70142600,D3,Banking,3.44,माझा चेक कधी वटणार आहे ?,महाझा चेक कधी वटणार आहे,माझा चेक कधी वटणार आहे,महाझा चेक कधी वटणार आहे,4.55,20.0,12.5,33.33,0
IISc_RESPIN_mr_D3_71361_415114_M_AGRI_705995_70142890,D3,Agriculture,3.05,बांबूची भांडी कुठे मिळतील ?,बांबूची भांडी कोठे मिळतील ?,बांबूची भांडी कुठे मिळतील,बांबूची भांडी कोठे मिळतील,4.0,25.0,3.7,20.0,0
IISc_RESPIN_mr_D3_71411_441304_M_AGRI_700464_70143878,D3,Agriculture,3.73,मक्याचे कोणते बी चांगले असते ?,मक्याचे कोणते बी चांगले असते ?,मक्याचे कोणते बी चांगले असते,मक्याचे कोणते बी चांगले असते,0.0,0.0,0.0,0.0,1
IISc_RESPIN_mr_D3_71411_441304_M_AGRI_700186_70144047,D3,Agriculture,2.71,लॅटराइट माती म्हणजे काय ?,लॉटराइट माती म्हणजे काय ?,लॅटराइट माती म्हणजे काय,लॉटराइट माती म्हणजे काय,4.35,25.0,4.0,20.0,0
IISc_RESPIN_mr_D3_71411_441304_M_AGRI_700183_70144539,D3,Agriculture,3.21,तांदळाची कोणती जात पावसाळ्यात पिकवली जाते ?,ताळाची कोणती जातन पासण्ात पिकवली जाते ?,तांदळाची कोणती जात पावसाळ्यात पिकवली जाते,ताळाची कोणती जातन पासण्ात पिकवली जाते,17.07,50.0,16.28,42.86,0
IISc_RESPIN_mr_D3_71411_441304_M_AGRI_700602_70144747,D3,Agriculture,5.7,माझ्या कंपनीचे उत्पादन चांगले राहण्यासाठी मी काय उपाय केले पाहिजे ?,माझ्या कंपनीचे उत्पादन चांगले राहण्यासाठी मी काय उपाय केले पाहिजे,माझ्या कंपनीचे उत्पादन चांगले राहण्यासाठी मी काय उपाय केले पाहिजे,माझ्या कंपनीचे उत्पादन चांगले राहण्यासाठी मी काय उपाय केले पाहिजे,0.0,0.0,2.99,9.09,1
IISc_RESPIN_mr_D3_71411_441304_M_AGRI_700459_70144946,D3,Agriculture,3.39,खरीप हंगामात कोणते पीक चांगले येते ?,खरीप हंगामात कोणते पीक चांगले येते ?,खरीप हंगामात कोणते पीक चांगले येते,खरीप हंगामात कोणते पीक चांगले येते,0.0,0.0,0.0,0.0,1
IISc_RESPIN_mr_D3_71413_400604_M_AGRI_700627_70145084,D3,Agriculture,3.61,वाटाण्याचे कोणते बियाणे लवकर उगवते ?,वाटाण्याचे कोणते बियाणे लवकर उगवते ?,वाटाण्याचे कोणते बियाणे लवकर उगवते,वाटाण्याचे कोणते बियाणे लवकर उगवते,0.0,0.0,0.0,0.0,1
IISc_RESPIN_mr_D3_71413_400604_M_AGRI_700484_70145099,D3,Agriculture,3.65,जमिनीचे व्यवस्थापन कसे करावे ?,जमिनीचे व्यवस्थापन कसे करावे ?,जमिनीचे व्यवस्थापन कसे करावे,जमिनीचे व्यवस्थापन कसे करावे,0.0,0.0,0.0,0.0,1
IISc_RESPIN_mr_D3_71411_441304_M_AGRI_704149_70145680,D3,Agriculture,4.69,गौरीने आलं आणि हिरवी वेलची घालून चहा बनवला,गौरीने आला आणि हिरवी वेलची घालून चहा बनवला,गौरीने आलं आणि हिरवी वेलची घालून चहा बनवला,गौरीने आला आणि हिरवी वेलची घालून चहा बनवला,2.38,12.5,2.38,12.5,0
IISc_RESPIN_mr_D3_71411_441304_M_AGRI_705612_70146110,D3,Agriculture,6.61,"राष्ट्रीय अन्न सुरक्षा अभियानामुळेच आज सर्वांना कमी किमतीत पीठ , डाळी , गहू मिळत आहे",राष्ट्रीय अन्न सुरक्षा अभिनामुळे आज सर्वांना कमी किमतीत पीठ डाळी गहू मिळत आहे,राष्ट्रीय अन्न सुरक्षा अभियानामुळेच आज सर्वांना कमी किमतीत पीठ डाळी गहू मिळत आहे,राष्ट्रीय अन्न सुरक्षा अभिनामुळे आज सर्वांना कमी किमतीत पीठ डाळी गहू मिळत आहे,3.75,7.69,8.33,20.0,0
IISc_RESPIN_mr_D3_71413_400604_M_AGRI_700602_70147004,D3,Agriculture,5.77,माझ्या कंपनीचे उत्पादन चांगले राहण्यासाठी मी काय उपाय केले पाहिजे ?,माझ्या कंपनीचे उत्पादन चांगले राहण्यासाठी मी काय रोपाय केले पाहिजे,माझ्या कंपनीचे उत्पादन चांगले राहण्यासाठी मी काय उपाय केले पाहिजे,माझ्या कंपनीचे उत्पादन चांगले राहण्यासाठी मी काय रोपाय केले पाहिजे,3.08,10.0,5.97,18.18,0
IISc_RESPIN_mr_D3_71413_400604_M_AGRI_700091_70147007,D3,Agriculture,3.68,लवकर तयार होणाऱ्या तुरीच्या जाती कोणत्या ?,लवकर तयार होणार्या तुरीच्या जाती कोणत्या ?,लवकर तयार होणाऱ्या तुरीच्या जाती कोणत्या,लवकर तयार होणार्या तुरीच्या जाती कोणत्या,2.5,16.67,2.38,14.29,0
IISc_RESPIN_mr_D3_71413_400604_M_BANK_701344_70147010,D3,Banking,5.24,माझ्या यु.पी.आय नंबरवर आलेले पेमेंट कसे तपासायचे ?,माझ्या यू.पी.आय नंबरवर आलेले पेमेंट कसे तपासायचे ?,माझ्या यु पी आय नंबरवर आलेले पेमेंट कसे तपासायचे,माझ्या यू पी आय नंबरवर आलेले पेमेंट कसे तपासायचे,2.08,11.11,2.0,12.5,0
IISc_RESPIN_mr_D3_71413_400604_M_BANK_700906_70147033,D3,Banking,3.87,क्रेडिट कार्ड मला कोणत्या सेवा देऊ शकते ?,क्रेडिट कार्ड मला कोणत्या सेवा देऊ शकते ?,क्रेडिट कार्ड मला कोणत्या सेवा देऊ शकते,क्रेडिट कार्ड मला कोणत्या सेवा देऊ शकते,0.0,0.0,0.0,0.0,1
IISc_RESPIN_mr_D3_71413_400604_M_BANK_700734_70147327,D3,Banking,3.51,मुदत खाते ऑनलाइन उघडता येईल का ?,मदत खाते ऑनलाइन उघडता येईल का ?,मुदत खाते ऑनलाइन उघडता येईल का,मदत खाते ऑनलाइन उघडता येईल का,3.33,16.67,3.12,14.29,0
IISc_RESPIN_mr_D3_71413_400604_M_AGRI_700556_70147366,D3,Agriculture,3.89,लाल मातीमध्ये ऊस लावू शकतो का ?,लाल मातीमध्ये ऊस लावू शकतो का ?,लाल मातीमध्ये ऊस लावू शकतो का,लाल मातीमध्ये ऊस लावू शकतो का,0.0,0.0,0.0,0.0,1
IISc_RESPIN_mr_D3_71411_441304_M_AGRI_701756_70151628,D3,Agriculture,7.41,जुन्या इमारतींच्या भिंतींवर उभ्या जागेत वनस्पती वाढवून बागकाम केले जाते,जुन्या इमारतींच्या भिंतीवर उभे जागेत वनस्पती वाढून भाग काम केले जाते,जुन्या इमारतींच्या भिंतींवर उभ्या जागेत वनस्पती वाढवून बागकाम केले जाते,जुन्या इमारतींच्या भिंतीवर उभे जागेत वनस्पती वाढून भाग काम केले जाते,9.86,50.0,9.86,50.0,0
IISc_RESPIN_mr_D3_71411_441304_M_AGRI_704371_70151636,D3,Agriculture,3.53,अमोनियापासूनही नायट्रेट बनवता येते,अवन्यापासून ही नायट्रेट बनवता येते,अमोनियापासूनही नायट्रेट बनवता येते,अवन्यापासून ही नायट्रेट बनवता येते,11.76,50.0,11.76,50.0,0
IISc_RESPIN_mr_D3_71411_441304_M_BANK_703879_70151640,D3,Banking,6.36,सर्व लोकांची खाती प्रधानमंत्री जन धन योजनेअंतर्गत उघडण्यात आली आहेत,सर लोकांची खाती प्रधानमंत्री जनधन योजनेअंतर्गत उघडण्यात आली आहेत,सर्व लोकांची खाती प्रधानमंत्री जन धन योजनेअंतर्गत उघडण्यात आली आहेत,सर लोकांची खाती प्रधानमंत्री जनधन योजनेअंतर्गत उघडण्यात आली आहेत,4.48,30.0,4.48,30.0,0
IISc_RESPIN_mr_D3_71411_441304_M_BANK_701934_70151658,D3,Banking,2.97,भारतीय रेल्वे प्रवास विमा प्रदान करते,भारतीय ले प्रवास मा प्रदान करते,भारतीय रेल्वे प्रवास विमा प्रदान करते,भारतीय ले प्रवास मा प्रदान करते,16.22,33.33,16.22,33.33,0
IISc_RESPIN_mr_D3_71411_441304_M_AGRI_701917_70151673,D3,Agriculture,3.97,भारतात बाजरीचे किती प्रकार तयार होतात ?,भारतात बाजरीचे किती प्रकार तयार होतात ?,भारतात बाजरीचे किती प्रकार तयार होतात,भारतात बाजरीचे किती प्रकार तयार होतात,0.0,0.0,0.0,0.0,1
IISc_RESPIN_mr_D3_71411_441304_M_AGRI_702986_70151686,D3,Agriculture,6.65,दव थेंबाचा आत प्रवेश करण्यासाठी शिंपल्यामध्ये प्रवेश करण्यासाठी एक छिद्र तयार केले जाते,दर ठिंबचा आत प्रवेश करण्यासाठी शिंपल्या मध्ये प्रवेश करण्यासाठी एक छिद्र तयार केले जाते,दव थेंबाचा आत प्रवेश करण्यासाठी शिंपल्यामध्ये प्रवेश करण्यासाठी एक छिद्र तयार केले जाते,दर ठिंबचा आत प्रवेश करण्यासाठी शिंपल्या मध्ये प्रवेश करण्यासाठी एक छिद्र तयार केले जाते,5.75,30.77,5.75,30.77,0
IISc_RESPIN_mr_D3_71411_441304_M_AGRI_702025_70151803,D3,Agriculture,4.41,मी ग्रीनहाऊस पद्धतीने शेती करण्याचा विचार करत आहे,मी ग्रीन हाऊस पद्धतीने शेती करण्याचा विचार करत आहे,मी ग्रीनहाऊस पद्धतीने शेती करण्याचा विचार करत आहे,मी ग्रीन हाऊस पद्धतीने शेती करण्याचा विचार करत आहे,2.04,25.0,2.04,25.0,0
IISc_RESPIN_mr_D3_71413_400604_M_BANK_704068_70153872,D3,Banking,4.19,आपण कधी कार्गो येताना पाहिले आहे का ?,आपण कधी कार गुळ येताना पाहिले आहे का ?,आपण कधी कार्गो येताना पाहिले आहे का,आपण कधी कार गुळ येताना पाहिले आहे का,8.57,28.57,8.11,25.0,0
IISc_RESPIN_mr_D3_71413_400604_M_AGRI_703688_70153878,D3,Agriculture,5.11,रोहन पशुधन विमा योजनेचा सल्लागार म्हणून काम करतो,रोहन पशुधन विमा योजनेचा सल्लागार म्हणून काम करतो,रोहन पशुधन विमा योजनेचा सल्लागार म्हणून काम करतो,रोहन पशुधन विमा योजनेचा सल्लागार म्हणून काम करतो,0.0,0.0,0.0,0.0,1
IISc_RESPIN_mr_D3_71413_400604_M_BANK_701498_70153912,D3,Banking,3.8,आपण आपला फास्ट टॅग रिचार्ज केला आहे का ?,आपण आपला फास्टॅग रिचार्ज केला आहे का ?,आपण आपला फास्ट टॅग रिचार्ज केला आहे का,आपण आपला फास्टॅग रिचार्ज केला आहे का,5.26,25.0,5.0,22.22,0
IISc_RESPIN_mr_D3_71413_400604_M_BANK_703879_70153949,D3,Banking,5.56,सर्व लोकांची खाती प्रधानमंत्री जन धन योजनेअंतर्गत उघडण्यात आली आहेत,सर्व लोकांचे खाते प्रधानमंत्री जन धन योजनेंतर्गत उघडण्यात आले आहेत,सर्व लोकांची खाती प्रधानमंत्री जन धन योजनेअंतर्गत उघडण्यात आली आहेत,सर्व लोकांचे खाते प्रधानमंत्री जन धन योजनेंतर्गत उघडण्यात आले आहेत,5.97,40.0,5.97,40.0,0
IISc_RESPIN_mr_D3_71413_400604_M_AGRI_704171_70155566,D3,Agriculture,5.67,तिळाच्या तेलाचा वापर सौंदर्यप्रसाधनांमध्ये वाहक तेल म्हणूनही केला जातो,तिळाच्या तेलाचा वापर संयोजन प्रसाधन मध्ये वा तेल म्हणूनही केला जातो,तिळाच्या तेलाचा वापर सौंदर्यप्रसाधनांमध्ये वाहक तेल म्हणूनही केला जातो,तिळाच्या तेलाचा वापर संयोजन प्रसाधन मध्ये वा तेल म्हणूनही केला जातो,14.29,44.44,14.29,44.44,0
IISc_RESPIN_mr_D3_71413_400604_M_BANK_703514_70155590,D3,Banking,4.77,"मोहन म्हणाले की , जीवनात पैसे वाचवणे महत्वाचे आहे",मोहन म्हणा देखील जेवणात पैसे वाचवणे महत्वाचे आहे,मोहन म्हणाले की जीवनात पैसे वाचवणे महत्वाचे आहे,मोहन म्हणा देखील जेवणात पैसे वाचवणे महत्वाचे आहे,14.89,37.5,16.33,44.44,0
IISc_RESPIN_mr_D3_71413_400604_M_AGRI_704397_70155924,D3,Agriculture,4.25,आईने बागेत डॅफोडीलचे रोपटी लावली आहेत,आईने बागेत ते पॉड दिल चे रोती लावले आहेत,आईने बागेत डॅफोडीलचे रोपटी लावली आहेत,आईने बागेत ते पॉड दिल चे रोती लावले आहेत,32.43,100.0,32.43,100.0,0
IISc_RESPIN_mr_D3_71791_441304_M_BANK_701205_70156706,D3,Banking,4.29,निधी हस्तांतरण करण्याच्या किती पद्धती आहेत ?,निधी हस्तांतरण करण्याच्या किती पद्धती आहेत ?,निधी हस्तांतरण करण्याच्या किती पद्धती आहेत,निधी हस्तांतरण करण्याच्या किती पद्धती आहेत,0.0,0.0,0.0,0.0,1
IISc_RESPIN_mr_D3_71791_441304_M_BANK_701275_70156723,D3,Banking,3.96,खाते चालू ठेवण्यासाठी किमान किती रक्कम हवी ?,खाते चालू ठेवण्यासाठी किमान किती रक्कम हवे ?,खाते चालू ठेवण्यासाठी किमान किती रक्कम हवी,खाते चालू ठेवण्यासाठी किमान किती रक्कम हवे,2.38,14.29,2.27,12.5,0
IISc_RESPIN_mr_D3_71791_441304_M_BANK_700852_70157205,D3,Banking,6.58,"एन.बी.एफ.सी या बँकांप्रमाणेच कार्य करतात , मग बँक व एन.बी.एफ.सी मध्ये काय फरक आहे ?",एन.बी.एफ.सी या बँक प्रमाणे कार्य करतात मा बँक एन.बी.एफ.सी मध्ये काय फरक आहे,एन बी एफ सी या बँकांप्रमाणेच कार्य करतात मग बँक व एन बी एफ सी मध्ये काय फरक आहे,एन बी एफ सी या बँक प्रमाणे कार्य करतात मा बँक एन बी एफ सी मध्ये काय फरक आहे,7.59,21.05,12.05,40.0,0
IISc_RESPIN_mr_D3_71791_441304_M_AGRI_700445_70157281,D3,Agriculture,4.73,काळ्या मातीमध्ये कोणत्या प्रकारचे पीक येऊ शकते ?,काळ्या मातीमध्ये कोणत्या प्रकारचे पीक येऊ शकते ?,काळ्या मातीमध्ये कोणत्या प्रकारचे पीक येऊ शकते,काळ्या मातीमध्ये कोणत्या प्रकारचे पीक येऊ शकते,0.0,0.0,0.0,0.0,1
IISc_RESPIN_mr_D3_71791_441304_M_AGRI_700096_70159284,D3,Agriculture,4.42,लाल मातीत कोणते पीक चांगले येते ?,लाल मातीत कोणते पीक चांगले येते ?,लाल मातीत कोणते पीक चांगले येते,लाल मातीत कोणते पीक चांगले येते,0.0,0.0,0.0,0.0,1
IISc_RESPIN_mr_D3_71791_441304_M_AGRI_700233_70159489,D3,Agriculture,4.29,ढगाळ हवामान पिकांसाठी त्रासदायक असते का ?,ढगाळ हवामान पिकांसाठी त्रासदायक असते का ?,ढगाळ हवामान पिकांसाठी त्रासदायक असते का,ढगाळ हवामान पिकांसाठी त्रासदायक असते का,0.0,0.0,0.0,0.0,1
IISc_RESPIN_mr_D3_71791_441304_M_AGRI_700271_70159493,D3,Agriculture,4.3,लाल मातीत कोणते कोणते पीक घेता येतील ?,लाल मातीत कोणते कोणते पीक घेता येतील ?,लाल मातीत कोणते कोणते पीक घेता येतील,लाल मातीत कोणते कोणते पीक घेता येतील,0.0,0.0,0.0,0.0,1
IISc_RESPIN_mr_D3_71791_441304_M_AGRI_700459_70159528,D3,Agriculture,4.16,खरीप हंगामात कोणते पीक चांगले येते ?,खरीप हंगामात कोणते पीक चांगले येते ?,खरीप हंगामात कोणते पीक चांगले येते,खरीप हंगामात कोणते पीक चांगले येते,0.0,0.0,0.0,0.0,1
IISc_RESPIN_mr_D3_71823_410506_M_AGRI_700484_70160230,D3,Agriculture,2.46,जमिनीचे व्यवस्थापन कसे करावे ?,रविलीचे व्यवस्थापन कसे करावे ?,जमिनीचे व्यवस्थापन कसे करावे,रविलीचे व्यवस्थापन कसे करावे,10.71,25.0,10.0,20.0,0
IISc_RESPIN_mr_D3_71823_410506_M_BANK_700750_70160248,D3,Banking,5.04,ऑनलाइन युटिलिटी बिले भरता येतात का ?,ऑनलाईन लेट बिले भरता येतात का ?,ऑनलाइन युटिलिटी बिले भरता येतात का,ऑनलाईन लेट बिले भरता येतात का,20.59,33.33,19.44,28.57,0
IISc_RESPIN_mr_D3_71793_412214_M_BANK_700750_70164875,D3,Banking,2.97,ऑनलाइन युटिलिटी बिले भरता येतात का ?,ऑनलाइन युटिलिटी बिल भरता येतात का ?,ऑनलाइन युटिलिटी बिले भरता येतात का,ऑनलाइन युटिलिटी बिल भरता येतात का,2.94,16.67,2.78,14.29,0
IISc_RESPIN_mr_D3_71793_412214_M_AGRI_700542_70164886,D3,Agriculture,3.33,खरीप हंगामाचा कोणता कालावधी असतो ?,खरीप हंगामाचा कोणता कालावधी असतो ?,खरीप हंगामाचा कोणता कालावधी असतो,खरीप हंगामाचा कोणता कालावधी असतो,0.0,0.0,0.0,0.0,1
IISc_RESPIN_mr_D3_71793_412214_M_AGRI_700341_70164915,D3,Agriculture,3.49,सर्वोत्कृष्ट पशुखाद्य कोणते आहे ?,सर्वात कृष्ट पशुखाद्य कोणते आहेत ?,सर्वोत्कृष्ट पशुखाद्य कोणते आहे,सर्वात कृष्ट पशुखाद्य कोणते आहेत,9.68,75.0,9.09,60.0,0
IISc_RESPIN_mr_D3_71793_412214_M_AGRI_700595_70165600,D3,Agriculture,3.54,कोणत्या वातावरणात कोणते पीक घेऊ नये ?,कोणत्या वातावरणात कोणते पीक घेऊ नये ?,कोणत्या वातावरणात कोणते पीक घेऊ नये,कोणत्या वातावरणात कोणते पीक घेऊ नये,0.0,0.0,0.0,0.0,1
IISc_RESPIN_mr_D3_71793_412214_M_AGRI_700627_70165652,D3,Agriculture,3.25,वाटाण्याचे कोणते बियाणे लवकर उगवते ?,वाटाण्याचे कोणती बियाणे लवकर उगवते ?,वाटाण्याचे कोणते बियाणे लवकर उगवते,वाटाण्याचे कोणती बियाणे लवकर उगवते,2.94,20.0,2.78,16.67,0
IISc_RESPIN_mr_D3_71793_412214_M_AGRI_700619_70165653,D3,Agriculture,4.13,पशुपालन करताना कोणती उपाय योजना केली पाहिजे ?,पशुपालन करताना कोणते उपाय योजनेच केली पाहिजे ?,पशुपालन करताना कोणती उपाय योजना केली पाहिजे,पशुपालन करताना कोणते उपाय योजनेच केली पाहिजे,6.98,28.57,6.67,25.0,0
IISc_RESPIN_mr_D3_71793_412214_M_BANK_701186_70165661,D3,Banking,3.04,यु.पी.आय वापरण्यासाठी कोणते ऍप वापरावे ?,यू.पी.आय वापरण्यासाठी कोणते एप वापरावे ?,यु पी आय वापरण्यासाठी कोणते ऍप वापरावे,यू पी आय वापरण्यासाठी कोणते एप वापरावे,5.26,28.57,5.0,33.33,0
IISc_RESPIN_mr_D3_71793_412214_M_BANK_700734_70165672,D3,Banking,3.42,मुदत खाते ऑनलाइन उघडता येईल का ?,मुदत खाते ऑनलाइन उघडता येईल का ?,मुदत खाते ऑनलाइन उघडता येईल का,मुदत खाते ऑनलाइन उघडता येईल का,0.0,0.0,0.0,0.0,1
IISc_RESPIN_mr_D3_71793_412214_M_AGRI_700554_70165698,D3,Agriculture,2.46,लाल मातीमध्ये कोणते पीक येते ?,लाल मातीमध्ये कोणते पीक येते ?,लाल मातीमध्ये कोणते पीक येते,लाल मातीमध्ये कोणते पीक येते,0.0,0.0,0.0,0.0,1
IISc_RESPIN_mr_D3_71793_412214_M_AGRI_704371_70165730,D3,Agriculture,3.15,अमोनियापासूनही नायट्रेट बनवता येते,अमोनिया पासून नायट्रेट बनवता येते,अमोनियापासूनही नायट्रेट बनवता येते,अमोनिया पासून नायट्रेट बनवता येते,8.82,50.0,8.82,50.0,0
IISc_RESPIN_mr_D3_71793_412214_M_BANK_703879_70165740,D3,Banking,5.41,सर्व लोकांची खाती प्रधानमंत्री जन धन योजनेअंतर्गत उघडण्यात आली आहेत,सर्व लोकांची खाती प्रधानमंत्री जन धन योजनेंतर्गत उघडण्यात आल्या हे,सर्व लोकांची खाती प्रधानमंत्री जन धन योजनेअंतर्गत उघडण्यात आली आहेत,सर्व लोकांची खाती प्रधानमंत्री जन धन योजनेंतर्गत उघडण्यात आल्या हे,8.96,30.0,8.96,30.0,0
IISc_RESPIN_mr_D3_71793_412214_M_AGRI_705537_70165747,D3,Agriculture,4.6,यंत्राने फळे व पिकांचे वर्गीकरण केल्यास वेळेची बचत होते,यंत्राने फळे व पिकांची वटी करण केल्या वेळेची बचत होती,यंत्राने फळे व पिकांचे वर्गीकरण केल्यास वेळेची बचत होते,यंत्राने फळे व पिकांची वटी करण केल्या वेळेची बचत होती,12.73,55.56,12.73,55.56,0
IISc_RESPIN_mr_D3_71793_412214_M_BANK_701534_70166355,D3,Banking,3.27,आपल्या बँकेचा आय.एफ.एस.सी कोड काय आहे ?,आपल्या बँकेचा आय.एफ.सी कोड काय आहे ?,आपल्या बँकेचा आय एफ एस सी कोड काय आहे,आपल्या बँकेचा आय एफ सी कोड काय आहे,8.11,11.11,7.69,14.29,0
IISc_RESPIN_mr_D3_71793_412214_M_BANK_703452_70166577,D3,Banking,4.58,मी पीअर टू पीअर कर्ज घेण्यास पात्र आहे का ?,मी पिअर टू पीअर कर्ज घेण्यास पात्र आहे का ?,मी पीअर टू पीअर कर्ज घेण्यास पात्र आहे का,मी पिअर टू पीअर कर्ज घेण्यास पात्र आहे का,2.44,11.11,2.33,10.0,0
IISc_RESPIN_mr_D3_71793_412214_M_BANK_701585_70166597,D3,Banking,4.39,आर्थिक बाबी समजून घेतल्यास प्रत्येक व्यवसाय करणे सोपे जाते,आर्थिक बाबी समजून घेतल्यास प्रत्येक व्यवसाय करणे सोपे जाते,आर्थिक बाबी समजून घेतल्यास प्रत्येक व्यवसाय करणे सोपे जाते,आर्थिक बाबी समजून घेतल्यास प्रत्येक व्यवसाय करणे सोपे जाते,0.0,0.0,0.0,0.0,1
IISc_RESPIN_mr_D3_71823_410506_M_AGRI_700091_70167076,D3,Agriculture,3.53,लवकर तयार होणाऱ्या तुरीच्या जाती कोणत्या ?,लवकर तयार होणारा तुरीच्या जाते कोणत्या ?,लवकर तयार होणाऱ्या तुरीच्या जाती कोणत्या,लवकर तयार होणारा तुरीच्या जाते कोणत्या,10.0,33.33,9.52,28.57,0
IISc_RESPIN_mr_D3_71823_410506_M_AGRI_700595_70167529,D3,Agriculture,3.0,कोणत्या वातावरणात कोणते पीक घेऊ नये ?,कोणत्या वातावरणात कोणते पीक ठेवले ?,कोणत्या वातावरणात कोणते पीक घेऊ नये,कोणत्या वातावरणात कोणते पीक ठेवले,14.29,33.33,13.51,28.57,0
IISc_RESPIN_mr_D3_71823_410506_M_BANK_701358_70167601,D3,Banking,3.68,इंटरनेट बँकिंगद्वारे पैसे पाठवणे किती सुरक्षित आहे ?,इंटरनेट बँकिंग द्वारे पैसे पाठवणे किती सुरक्षित आहे,इंटरनेट बँकिंगद्वारे पैसे पाठवणे किती सुरक्षित आहे,इंटरनेट बँकिंग द्वारे पैसे पाठवणे किती सुरक्षित आहे,2.0,28.57,5.77,37.5,0
IISc_RESPIN_mr_D3_71823_410506_M_AGRI_700627_70167693,D3,Agriculture,2.66,वाटाण्याचे कोणते बियाणे लवकर उगवते ?,टाका चे कोणते बियाणे चा लवकर उगवते ?,वाटाण्याचे कोणते बियाणे लवकर उगवते,टाका चे कोणते बियाणे चा लवकर उगवते,26.47,60.0,25.0,50.0,0
IISc_RESPIN_mr_D3_71791_441304_M_BANK_705438_70168079,D3,Banking,6.41,"मोहन यांनी विचारले की , खाद्यपदार्थांवर जी.एस.टी अठरा टक्के आहे का ?",मोहन यांनी विचारले की खाद्य पदार्थांवर जी.एस.टी अट टक्के आहे का ?,मोहन यांनी विचारले की खाद्यपदार्थांवर जी एस टी अठरा टक्के आहे का,मोहन यांनी विचारले की खाद्य पदार्थांवर जी एस टी अट टक्के आहे का,6.25,25.0,8.82,25.0,0
IISc_RESPIN_mr_D3_71791_441304_M_AGRI_703914_70168092,D3,Agriculture,3.43,सामूहिक शेतीचे प्रकार कोणते आहेत ?,सामाजिक शेतीचे प्रकार कोणते आहेत ?,सामूहिक शेतीचे प्रकार कोणते आहेत,सामाजिक शेतीचे प्रकार कोणते आहेत,6.25,20.0,5.88,16.67,0
IISc_RESPIN_mr_D3_71793_412214_M_AGRI_703688_70168178,D3,Agriculture,4.64,रोहन पशुधन विमा योजनेचा सल्लागार म्हणून काम करतो,रोहन पशुधन विमा योजनेचा सल्लागार म्हणून काम करतो,रोहन पशुधन विमा योजनेचा सल्लागार म्हणून काम करतो,रोहन पशुधन विमा योजनेचा सल्लागार म्हणून काम करतो,0.0,0.0,0.0,0.0,1
IISc_RESPIN_mr_D3_71793_412214_M_BANK_703579_70168292,D3,Banking,4.73,"मोहितने विचारले की , आपल्याला सार्वजनिक वित्तातून काय समजतं ?",मोहितने विचारले की आपल्याला सार्वजनिक वित्ततून काय समजता,मोहितने विचारले की आपल्याला सार्वजनिक वित्तातून काय समजतं,मोहितने विचारले की आपल्याला सार्वजनिक वित्ततून काय समजता,3.51,25.0,9.84,40.0,0
IISc_RESPIN_mr_D3_71823_410506_M_AGRI_702986_70168579,D3,Agriculture,8.03,दव थेंबाचा आत प्रवेश करण्यासाठी शिंपल्यामध्ये प्रवेश करण्यासाठी एक छिद्र तयार केले जाते,त्यबाचा आत प्रवेश करण्यासाठी शेपणां पत्ते प्रवेश करण्यासाठी एक सेंद्र तयार केले जाते,दव थेंबाचा आत प्रवेश करण्यासाठी शिंपल्यामध्ये प्रवेश करण्यासाठी एक छिद्र तयार केले जाते,त्यबाचा आत प्रवेश करण्यासाठी शेपणां पत्ते प्रवेश करण्यासाठी एक सेंद्र तयार केले जाते,20.69,38.46,20.69,38.46,0
IISc_RESPIN_mr_D3_71823_410506_M_BANK_702842_70168581,D3,Banking,4.39,चलनासाठी आपण कोणत्या काउंटरशी संपर्क साधावा ?,चलनासाठी वापर कोणत्या काउंटरची संपर् कसा जावा,चलनासाठी आपण कोणत्या काउंटरशी संपर्क साधावा,चलनासाठी वापर कोणत्या काउंटरची संपर् कसा जावा,18.6,83.33,22.22,71.43,0
IISc_RESPIN_mr_D3_71823_410506_M_AGRI_705723_70168615,D3,Agriculture,7.06,वर्ध्यातील पिपरी गावातील सर्व शेतकरी मृदा हेल्थ कार्ड योजनेचा लाभ घेत आहेत,परतातील पिपरी गावातील समशित कळलधा हेड कार्ड प्रोटे चा लाभ घेत आहे,वर्ध्यातील पिपरी गावातील सर्व शेतकरी मृदा हेल्थ कार्ड योजनेचा लाभ घेत आहेत,परतातील पिपरी गावातील समशित कळलधा हेड कार्ड प्रोटे चा लाभ घेत आहे,36.49,66.67,36.49,66.67,0
IISc_RESPIN_mr_D3_71823_410506_M_BANK_702433_70168725,D3,Banking,4.88,असुरक्षित कर्ज हे एक प्रकारचे असुरक्षित कर्ज म्हणून गृहीत धरले जाते,संरक्षित कर्ज ही एक प्रकारचे असुरक्षित कर्ज म्हणून रवी धरले जाते,असुरक्षित कर्ज हे एक प्रकारचे असुरक्षित कर्ज म्हणून गृहीत धरले जाते,संरक्षित कर्ज ही एक प्रकारचे असुरक्षित कर्ज म्हणून रवी धरले जाते,10.45,27.27,10.45,27.27,0
IISc_RESPIN_mr_D3_71823_410506_M_AGRI_704864_70168900,D3,Agriculture,4.13,दक्षिण आफ्रिकेत सर्वाधिक वन्यजीव शेती होते,रक्षण अफ्रिकेत सर्वाधिक वंजीवव शेती होते,दक्षिण आफ्रिकेत सर्वाधिक वन्यजीव शेती होते,रक्षण अफ्रिकेत सर्वाधिक वंजीवव शेती होते,16.67,50.0,16.67,50.0,0
IISc_RESPIN_mr_D3_71823_410506_M_AGRI_705110_70168920,D3,Agriculture,3.73,भारतात अनेक प्रकारच्या जलचर वनस्पतींची निर्मिती होते,भारतात अली प्रकारच्या जाल्या वनस्पती समुद्र निधी होते,भारतात अनेक प्रकारच्या जलचर वनस्पतींची निर्मिती होते,भारतात अली प्रकारच्या जाल्या वनस्पती समुद्र निधी होते,30.77,71.43,30.77,71.43,0
IISc_RESPIN_mr_D3_71823_410506_M_AGRI_705873_70168921,D3,Agriculture,4.78,सेंद्रिय कापूस उद्योगात नैसर्गिक संसाधनं कमी जुंपली जात आहेत,सेंद्रिय कापूस उद्योगात नैसर्गिक संसाधन कमी पडली जात आहे,सेंद्रिय कापूस उद्योगात नैसर्गिक संसाधनं कमी जुंपली जात आहेत,सेंद्रिय कापूस उद्योगात नैसर्गिक संसाधन कमी पडली जात आहे,10.0,33.33,10.0,33.33,0
IISc_RESPIN_mr_D3_71791_441304_M_BANK_701585_70169026,D3,Banking,5.05,आर्थिक बाबी समजून घेतल्यास प्रत्येक व्यवसाय करणे सोपे जाते,आर्थिक बाबी समजून घेतल्यास प्रत्येक व्यवसाय करणे सोपे जाते,आर्थिक बाबी समजून घेतल्यास प्रत्येक व्यवसाय करणे सोपे जाते,आर्थिक बाबी समजून घेतल्यास प्रत्येक व्यवसाय करणे सोपे जाते,0.0,0.0,0.0,0.0,1
IISc_RESPIN_mr_D3_71791_441304_M_AGRI_703357_70169062,D3,Agriculture,6.2,मत्स्यपालनात आजकाल आपण माशांमध्ये पसरणाऱ्या रोगांवरही इलाज करू शकतो,मत्स्यपालनात आजकाल आपण माशांमध्ये पसणा⁇्या रोगांवर ही लाज करू शकतो,मत्स्यपालनात आजकाल आपण माशांमध्ये पसरणाऱ्या रोगांवरही इलाज करू शकतो,मत्स्यपालनात आजकाल आपण माशांमध्ये पसणा⁇्या रोगांवर ही लाज करू शकतो,5.97,44.44,5.97,44.44,0
IISc_RESPIN_mr_D3_71861_416512_M_AGRI_700233_70171416,D3,Agriculture,4.24,ढगाळ हवामान पिकांसाठी त्रासदायक असते का ?,ढगाळ हवामान पिकांसाठी त्रासदायक असते का ?,ढगाळ हवामान पिकांसाठी त्रासदायक असते का,ढगाळ हवामान पिकांसाठी त्रासदायक असते का,0.0,0.0,0.0,0.0,1
IISc_RESPIN_mr_D3_71861_416512_M_AGRI_700120_70171425,D3,Agriculture,4.46,ज्वारी पिकाला कोणत्या प्रकारचे सिंचन वापरू शकतो ?,ज्वारी पिकाला कोणत्या प्रकारचे सिंचन वापरू शकतो ?,ज्वारी पिकाला कोणत्या प्रकारचे सिंचन वापरू शकतो,ज्वारी पिकाला कोणत्या प्रकारचे सिंचन वापरू शकतो,0.0,0.0,0.0,0.0,1
IISc_RESPIN_mr_D3_71861_416512_M_AGRI_700271_70171436,D3,Agriculture,3.51,लाल मातीत कोणते कोणते पीक घेता येतील ?,लाल मातीत कोणते कोणते पीक घेता येतील ?,लाल मातीत कोणते कोणते पीक घेता येतील,लाल मातीत कोणते कोणते पीक घेता येतील,0.0,0.0,0.0,0.0,1
IISc_RESPIN_mr_D3_71861_416512_M_AGRI_700091_70174177,D3,Agriculture,3.92,लवकर तयार होणाऱ्या तुरीच्या जाती कोणत्या ?,लवकर तयार होणार्या तुरीच्या जाती कोणत्या ?,लवकर तयार होणाऱ्या तुरीच्या जाती कोणत्या,लवकर तयार होणार्या तुरीच्या जाती कोणत्या,2.5,16.67,2.38,14.29,0
IISc_RESPIN_mr_D3_71861_416512_M_AGRI_700464_70174196,D3,Agriculture,3.6,मक्याचे कोणते बी चांगले असते ?,मक्याचे कोणते बी चांगले असते ?,मक्याचे कोणते बी चांगले असते,मक्याचे कोणते बी चांगले असते,0.0,0.0,0.0,0.0,1
IISc_RESPIN_mr_D3_71861_416512_M_BANK_701344_70174292,D3,Banking,5.6,माझ्या यु.पी.आय नंबरवर आलेले पेमेंट कसे तपासायचे ?,माझ्या यू.पी.आय नंबर वर आलेले पेमेंट कसे तपासायचे ?,माझ्या यु पी आय नंबरवर आलेले पेमेंट कसे तपासायचे,माझ्या यू पी आय नंबर वर आलेले पेमेंट कसे तपासायचे,4.17,33.33,4.0,37.5,0
IISc_RESPIN_mr_D3_71861_416512_M_AGRI_700564_70174327,D3,Agriculture,4.95,माझ्या जमिनीत मी कोणत्या खताचा उपयोग करू शकतो ?,माझ्या जमिनीत मी कोणत्या खताचा उपयोग करू शकतो ?,माझ्या जमिनीत मी कोणत्या खताचा उपयोग करू शकतो,माझ्या जमिनीत मी कोणत्या खताचा उपयोग करू शकतो,0.0,0.0,0.0,0.0,1
IISc_RESPIN_mr_D3_71861_416512_M_BANK_701375_70174625,D3,Banking,6.4,"माझा कर्जाचा हप्ता थकला आहे , तर मला किती दंड भरावा लागेल ?",माझ्या कर्जाचा हप्ता थकला आहे तर मला किती दंड भरावा लागेल ?,माझा कर्जाचा हप्ता थकला आहे तर मला किती दंड भरावा लागेल,माझ्या कर्जाचा हप्ता थकला आहे तर मला किती दंड भरावा लागेल,3.64,9.09,6.78,15.38,0
IISc_RESPIN_mr_D3_71861_416512_M_BANK_705364_70174666,D3,Banking,5.58,मी सोहेलला विचारले की आर्थिक स्टेटमेंट कसे दिले जाते,मी सोहेलला विचारले की आर्थिक स्टेटमेंट कसे दिले जाते,मी सोहेलला विचारले की आर्थिक स्टेटमेंट कसे दिले जाते,मी सोहेलला विचारले की आर्थिक स्टेटमेंट कसे दिले जाते,0.0,0.0,0.0,0.0,1
IISc_RESPIN_mr_D3_71861_416512_M_BANK_703599_70174781,D3,Banking,4.41,या वर्षी आपण किती सेल्स टॅक्स भरला आहे ?,या वर्षी आपण किती सेल स्टेट्स भरला आहे,या वर्षी आपण किती सेल्स टॅक्स भरला आहे,या वर्षी आपण किती सेल स्टेट्स भरला आहे,10.53,25.0,15.0,33.33,0
IISc_RESPIN_mr_D3_71791_441304_M_BANK_703452_70184891,D3,Banking,4.83,मी पीअर टू पीअर कर्ज घेण्यास पात्र आहे का ?,मी पिअर टू पीअर कर्ज घेण्यास पात्र आहे का ?,मी पीअर टू पीअर कर्ज घेण्यास पात्र आहे का,मी पिअर टू पीअर कर्ज घेण्यास पात्र आहे का,2.44,11.11,2.33,10.0,0
IISc_RESPIN_mr_D3_71791_441304_M_AGRI_705279_70184913,D3,Agriculture,4.57,मिठाईच्या दुकानात भरपूर शुद्ध दूध खरेदी केले जाते,मिठाच्या दुकानात भरपूर शुद्ध दूध खरेदी केली जाते,मिठाईच्या दुकानात भरपूर शुद्ध दूध खरेदी केले जाते,मिठाच्या दुकानात भरपूर शुद्ध दूध खरेदी केली जाते,4.08,25.0,4.08,25.0,0
IISc_RESPIN_mr_D3_71791_441304_M_AGRI_701675_70184929,D3,Agriculture,7.8,कृषी क्षेत्रात अत्याधुनिक व प्रगत तंत्रज्ञानाच्या वापराने शेती अधिक सुरक्षित व फायदेशीर झाली आहे,कृषी क्षेत्र अत्याधुनिक व प्रगत तंत्रज्ञानाचे वापराने शेती अधिक सुरक्षित व फायदेशीर झाली आहे,कृषी क्षेत्रात अत्याधुनिक व प्रगत तंत्रज्ञानाच्या वापराने शेती अधिक सुरक्षित व फायदेशीर झाली आहे,कृषी क्षेत्र अत्याधुनिक व प्रगत तंत्रज्ञानाचे वापराने शेती अधिक सुरक्षित व फायदेशीर झाली आहे,5.21,14.29,5.21,14.29,0
IISc_RESPIN_mr_D3_71801_410506_M_AGRI_700556_70186415,D3,Agriculture,3.38,लाल मातीमध्ये ऊस लावू शकतो का ?,लाल मातीमध्ये ऊस लावू शकतो का ?,लाल मातीमध्ये ऊस लावू शकतो का,लाल मातीमध्ये ऊस लावू शकतो का,0.0,0.0,0.0,0.0,1
IISc_RESPIN_mr_D3_71801_410506_M_AGRI_700120_70186438,D3,Agriculture,4.21,ज्वारी पिकाला कोणत्या प्रकारचे सिंचन वापरू शकतो ?,ज्वारी पिकाला कोणत्या प्रकारचे सिंचन वापरू शकतो ?,ज्वारी पिकाला कोणत्या प्रकारचे सिंचन वापरू शकतो,ज्वारी पिकाला कोणत्या प्रकारचे सिंचन वापरू शकतो,0.0,0.0,0.0,0.0,1
IISc_RESPIN_mr_D3_71801_410506_M_AGRI_700062_70186532,D3,Agriculture,4.4,पिकांची औषधे सरकारी योजनेअंतर्गत मिळणार का ?,पिकांची औषधे सरकारी योजनेअंतर्गत मिळणार का ?,पिकांची औषधे सरकारी योजनेअंतर्गत मिळणार का,पिकांची औषधे सरकारी योजनेअंतर्गत मिळणार का,0.0,0.0,0.0,0.0,1
IISc_RESPIN_mr_D3_71801_410506_M_AGRI_700393_70186697,D3,Agriculture,3.17,भारतातील आधुनिक कृषी यंत्रे कोणती आहेत ?,भारतातील आधुनिक कृषी यंत्रे कोणती आहेत ?,भारतातील आधुनिक कृषी यंत्रे कोणती आहेत,भारतातील आधुनिक कृषी यंत्रे कोणती आहेत,0.0,0.0,0.0,0.0,1
IISc_RESPIN_mr_D3_71801_410506_M_BANK_701358_70186699,D3,Banking,4.36,इंटरनेट बँकिंगद्वारे पैसे पाठवणे किती सुरक्षित आहे ?,इंटरनेट बँकिंगद्वारे पैसे पाठवणे किती सुरक्षित आहे ?,इंटरनेट बँकिंगद्वारे पैसे पाठवणे किती सुरक्षित आहे,इंटरनेट बँकिंगद्वारे पैसे पाठवणे किती सुरक्षित आहे,0.0,0.0,0.0,0.0,1
IISc_RESPIN_mr_D3_71861_416512_M_AGRI_704171_70189184,D3,Agriculture,6.81,तिळाच्या तेलाचा वापर सौंदर्यप्रसाधनांमध्ये वाहक तेल म्हणूनही केला जातो,तिळाच्या तेलाचा वापर सुंदर घेत असा धंमध्ये वतीन म्हणून केला जातो,तिळाच्या तेलाचा वापर सौंदर्यप्रसाधनांमध्ये वाहक तेल म्हणूनही केला जातो,तिळाच्या तेलाचा वापर सुंदर घेत असा धंमध्ये वतीन म्हणून केला जातो,25.71,66.67,25.71,66.67,0
IISc_RESPIN_mr_D3_71861_416512_M_BANK_701498_70189359,D3,Banking,4.28,आपण आपला फास्ट टॅग रिचार्ज केला आहे का ?,आपण आपला फास्टॅग रिचार्ज केला आहे का ?,आपण आपला फास्ट टॅग रिचार्ज केला आहे का,आपण आपला फास्टॅग रिचार्ज केला आहे का,5.26,25.0,5.0,22.22,0
IISc_RESPIN_mr_D3_71861_416512_M_AGRI_704397_70189366,D3,Agriculture,5.26,आईने बागेत डॅफोडीलचे रोपटी लावली आहेत,आईने बागे टी पोटी चे रोटी लावली आहेत,आईने बागेत डॅफोडीलचे रोपटी लावली आहेत,आईने बागे टी पोटी चे रोटी लावली आहेत,21.62,83.33,21.62,83.33,0
IISc_RESPIN_mr_D3_71861_416512_M_BANK_706269_70189385,D3,Banking,2.87,या अर्जाची फी किती आहे ?,या अर्जाची फी किती आहे ?,या अर्जाची फी किती आहे,या अर्जाची फी किती आहे,0.0,0.0,0.0,0.0,1
IISc_RESPIN_mr_D3_71861_416512_M_BANK_702433_70189586,D3,Banking,6.96,असुरक्षित कर्ज हे एक प्रकारचे असुरक्षित कर्ज म्हणून गृहीत धरले जाते,असुरक्षित कर्ज हे एक प्रकारचे असुरक्षित कर्ज म्हणून गृहीत करले जाते,असुरक्षित कर्ज हे एक प्रकारचे असुरक्षित कर्ज म्हणून गृहीत धरले जाते,असुरक्षित कर्ज हे एक प्रकारचे असुरक्षित कर्ज म्हणून गृहीत करले जाते,1.49,9.09,1.49,9.09,0
IISc_RESPIN_mr_D3_71801_410506_M_AGRI_724526_70191970,D3,Agriculture,9.19,"बागकाम होईपर्यंत काही करत नसताना , कव्हर पीक म्हणून कार्य करण्यासाठी घास सोडणे एक वाईट कल्पना आहे का ?",माका होईपर्यंत काही करत नसताना कवर पीक म्हणून कार्य करण्यासाठी धा सोडले एक वाय कल्पना आहे का,बागकाम होईपर्यंत काही करत नसताना कव्हर पीक म्हणून कार्य करण्यासाठी घास सोडणे एक वाईट कल्पना आहे का,माका होईपर्यंत काही करत नसताना कवर पीक म्हणून कार्य करण्यासाठी धा सोडले एक वाय कल्पना आहे का,10.2,29.41,13.73,36.84,0
IISc_RESPIN_mr_D3_71801_410506_M_BANK_701241_70191974,D3,Banking,5.42,परतावा जास्त मिळवण्यासाठी कोणत्या गुंतवणुकीचा पर्याय चांगला आहे ?,परतावा जास्त मिळवण्यासाठी कोणत्या गुंतवणुकीचा पर्याय चांगला आहे ?,परतावा जास्त मिळवण्यासाठी कोणत्या गुंतवणुकीचा पर्याय चांगला आहे,परतावा जास्त मिळवण्यासाठी कोणत्या गुंतवणुकीचा पर्याय चांगला आहे,0.0,0.0,0.0,0.0,1
IISc_RESPIN_mr_D3_71801_410506_M_BANK_700880_70192136,D3,Banking,4.56,मी माझ्या खात्यातील पैसे दुसऱ्या बँकेत पाठवू शकतो का ?,मी माझ्या खात्यातील पैसे दुस⁇्या बँकेत पाठवू शकतो का ?,मी माझ्या खात्यातील पैसे दुसऱ्या बँकेत पाठवू शकतो का,मी माझ्या खात्यातील पैसे दुस⁇्या बँकेत पाठवू शकतो का,1.92,11.11,1.85,10.0,0
IISc_RESPIN_mr_D3_71801_410506_M_BANK_701186_70192141,D3,Banking,4.13,यु.पी.आय वापरण्यासाठी कोणते ऍप वापरावे ?,यू.पी.आय वापरण्यासाठी कोणते ॲप वापरावे ?,यु पी आय वापरण्यासाठी कोणते ऍप वापरावे,यू पी आय वापरण्यासाठी कोणते ॲप वापरावे,5.26,28.57,5.0,33.33,0
IISc_RESPIN_mr_D3_71791_441304_M_BANK_703641_70194529,D3,Banking,3.35,राजेश सर सुद्धा नियम मोडतात का ?,रवेसर सुद्धा नियम मोडतात का,राजेश सर सुद्धा नियम मोडतात का,रवेसर सुद्धा नियम मोडतात का,13.33,33.33,18.75,42.86,0
IISc_RESPIN_mr_D3_71801_410506_M_BANK_701978_70196467,D3,Banking,5.03,मला संशोधनासाठी सरकारकडून अनुदान मिळाले आहे,मला संशोधनासाठी सरकारकडून अनुदान मिळाले आहे,मला संशोधनासाठी सरकारकडून अनुदान मिळाले आहे,मला संशोधनासाठी सरकारकडून अनुदान मिळाले आहे,0.0,0.0,0.0,0.0,1
IISc_RESPIN_mr_D3_71801_410506_M_BANK_702280_70196484,D3,Banking,4.46,शेअर बाजारात गुंतवणूक करण्याचा धोका असतो,शेअर बाजारात गुंतवणूक करण्याचा धोका असतो,शेअर बाजारात गुंतवणूक करण्याचा धोका असतो,शेअर बाजारात गुंतवणूक करण्याचा धोका असतो,0.0,0.0,0.0,0.0,1
IISc_RESPIN_mr_D3_71840_413304_F_AGRI_700256_70199805,D3,Agriculture,4.53,बकरी किंवा मेंढीपासून खत मिळते का ?,बकरी किंवा मेंढी पासून खत मिळते का ?,बकरी किंवा मेंढीपासून खत मिळते का,बकरी किंवा मेंढी पासून खत मिळते का,3.03,33.33,2.86,28.57,0
IISc_RESPIN_mr_D3_71840_413304_F_BANK_701071_70199848,D3,Banking,5.03,चालू खाते उघडण्यासाठी कोणती कागदपत्रे आवश्यक आहेत ?,चालू खाते उघडण्यासाठी कोणती कागदपत्रे आवश्यक आहेत ?,चालू खाते उघडण्यासाठी कोणती कागदपत्रे आवश्यक आहेत,चालू खाते उघडण्यासाठी कोणती कागदपत्रे आवश्यक आहेत,0.0,0.0,0.0,0.0,1
IISc_RESPIN_mr_D3_71801_410506_M_BANK_703771_70202348,D3,Banking,5.1,"व्यवस्थापकाने सांगितले की , त्याची कंपनी प्रवास विमा करत नाही",व्यवस्थापकाने सांगितले कि त्याची कंपनी प्रवास विमा करत नाही,व्यवस्थापकाने सांगितले की त्याची कंपनी प्रवास विमा करत नाही,व्यवस्थापकाने सांगितले कि त्याची कंपनी प्रवास विमा करत नाही,1.69,11.11,4.92,20.0,0
IISc_RESPIN_mr_D3_71801_410506_M_BANK_705236_70202353,D3,Banking,3.46,माझे जुने धनादेश पुस्तक संपले आहे,माझे जुने धनादेश पुस्तक संपले आहे,माझे जुने धनादेश पुस्तक संपले आहे,माझे जुने धनादेश पुस्तक संपले आहे,0.0,0.0,0.0,0.0,1
IISc_RESPIN_mr_D3_71801_410506_M_BANK_706127_70202369,D3,Banking,3.61,मला पीअर टू पीअर कर्ज मिळू शकेल का ?,मला पियर टोकार कर्ज मिळू शकेल का ?,मला पीअर टू पीअर कर्ज मिळू शकेल का,मला पियर टोकार कर्ज मिळू शकेल का,20.59,37.5,19.44,33.33,0
IISc_RESPIN_mr_D3_71801_410506_M_AGRI_703026_70202375,D3,Agriculture,8.23,"द्राक्षांमध्ये कर्बोदके , व्हिटॅमिन बी सहा , व्हिटॅमिन सी , कॅल्शियम , लोह इत्यादी पोषक घटक आहेत",द्राक्षां मध्ये कर्बोदके विटामिन बी सहा व्हिटॅमिन सी कॅल्शियम लोह इत्यादी पोषक घटक आहे,द्राक्षांमध्ये कर्बोदके व्हिटॅमिन बी सहा व्हिटॅमिन सी कॅल्शियम लोह इत्यादी पोषक घटक आहेत,द्राक्षां मध्ये कर्बोदके विटामिन बी सहा व्हिटॅमिन सी कॅल्शियम लोह इत्यादी पोषक घटक आहे,5.68,30.77,13.54,47.06,0
IISc_RESPIN_mr_D3_71829_413003_M_BANK_700765_70202496,D3,Banking,5.8,यु.पी.आय मार्फत आपण एकाच बँकेतून अनेक बँकांमध्ये पैसे पाठवू शकतो का ?,यू.पी.आय मार्फत आपण एकाच बँकेतून अनेक बँकांमध्ये पैसे पाठवू शकतो का ?,यु पी आय मार्फत आपण एकाच बँकेतून अनेक बँकांमध्ये पैसे पाठवू शकतो का,यू पी आय मार्फत आपण एकाच बँकेतून अनेक बँकांमध्ये पैसे पाठवू शकतो का,1.49,7.69,1.45,8.33,0
IISc_RESPIN_mr_D3_71840_413304_F_AGRI_700062_70202986,D3,Agriculture,3.9,पिकांची औषधे सरकारी योजनेअंतर्गत मिळणार का ?,पिकांची औषधे सरकारी योजनेअंतर्गत मिळणार का ?,पिकांची औषधे सरकारी योजनेअंतर्गत मिळणार का,पिकांची औषधे सरकारी योजनेअंतर्गत मिळणार का,0.0,0.0,0.0,0.0,1
IISc_RESPIN_mr_D3_71840_413304_F_AGRI_724526_70203238,D3,Agriculture,8.22,"बागकाम होईपर्यंत काही करत नसताना , कव्हर पीक म्हणून कार्य करण्यासाठी घास सोडणे एक वाईट कल्पना आहे का ?",बागकाम होईपर्यंत काही करत नसताना कव्हर पीक म्हणून कार्य करण्यासाठी घास सोडणे एक वाईट कल्पन आहे का ?,बागकाम होईपर्यंत काही करत नसताना कव्हर पीक म्हणून कार्य करण्यासाठी घास सोडणे एक वाईट कल्पना आहे का,बागकाम होईपर्यंत काही करत नसताना कव्हर पीक म्हणून कार्य करण्यासाठी घास सोडणे एक वाईट कल्पन आहे का,1.02,5.88,2.94,10.53,0
IISc_RESPIN_mr_D3_71840_413304_F_BANK_700942_70203264,D3,Banking,4.15,मी यु.पी.आय द्वारे कोणताही कोड स्कॅन करू शकतो का ?,मी यू.पी.आय द्वारे कोणताही कोड स्कॅन करू शकतो का ?,मी यु पी आय द्वारे कोणताही कोड स्कॅन करू शकतो का,मी यू पी आय द्वारे कोणताही कोड स्कॅन करू शकतो का,2.08,9.09,2.0,10.0,0
IISc_RESPIN_mr_D3_71829_413003_M_BANK_700906_70203737,D3,Banking,4.18,क्रेडिट कार्ड मला कोणत्या सेवा देऊ शकते ?,क्रेडिट कार्ड मला कोणते सेवा देऊ शकते ?,क्रेडिट कार्ड मला कोणत्या सेवा देऊ शकते,क्रेडिट कार्ड मला कोणते सेवा देऊ शकते,7.69,14.29,7.32,12.5,0
IISc_RESPIN_mr_D3_71840_413304_F_BANK_700875_70203962,D3,Banking,4.73,मला माझ्या खात्यातील रकमेवर किती टक्के व्याज दिले जाते ?,मला माझ्या खात्यातील रकमेवर किती टक्के व्याज दिले जाते,मला माझ्या खात्यातील रकमेवर किती टक्के व्याज दिले जाते,मला माझ्या खात्यातील रकमेवर किती टक्के व्याज दिले जाते,0.0,0.0,3.57,10.0,1
IISc_RESPIN_mr_D3_71840_413304_F_AGRI_703026_70204070,D3,Agriculture,9.58,"द्राक्षांमध्ये कर्बोदके , व्हिटॅमिन बी सहा , व्हिटॅमिन सी , कॅल्शियम , लोह इत्यादी पोषक घटक आहेत",द्राक्षांमध्ये कर्बोदके व्हिटॅमिन बी सहा व्हिटॅमिन सी कॅल्शियम लोह इत्यादी पोषक घटक आहे,द्राक्षांमध्ये कर्बोदके व्हिटॅमिन बी सहा व्हिटॅमिन सी कॅल्शियम लोह इत्यादी पोषक घटक आहेत,द्राक्षांमध्ये कर्बोदके व्हिटॅमिन बी सहा व्हिटॅमिन सी कॅल्शियम लोह इत्यादी पोषक घटक आहे,1.14,7.69,9.38,29.41,0
IISc_RESPIN_mr_D3_71840_413304_F_AGRI_702986_70204079,D3,Agriculture,7.59,दव थेंबाचा आत प्रवेश करण्यासाठी शिंपल्यामध्ये प्रवेश करण्यासाठी एक छिद्र तयार केले जाते,दव थेंबाचा आत प्रवेश करण्यासाठी शिंपड्या मध्ये प्रवेश करण्यासाठी एक चित्र तयार केले जाते,दव थेंबाचा आत प्रवेश करण्यासाठी शिंपल्यामध्ये प्रवेश करण्यासाठी एक छिद्र तयार केले जाते,दव थेंबाचा आत प्रवेश करण्यासाठी शिंपड्या मध्ये प्रवेश करण्यासाठी एक चित्र तयार केले जाते,4.6,23.08,4.6,23.08,0
IISc_RESPIN_mr_D3_71840_413304_F_AGRI_705502_70204229,D3,Agriculture,2.72,मोहित काट्याने मासे पकडतो,मोहित काट्याने मासे पकडतो,मोहित काट्याने मासे पकडतो,मोहित काट्याने मासे पकडतो,0.0,0.0,0.0,0.0,1
IISc_RESPIN_mr_D3_71829_413003_M_AGRI_700542_70204564,D3,Agriculture,3.74,खरीप हंगामाचा कोणता कालावधी असतो ?,खरीप हंगामाचा कोणता कालावधी असतो ?,खरीप हंगामाचा कोणता कालावधी असतो,खरीप हंगामाचा कोणता कालावधी असतो,0.0,0.0,0.0,0.0,1
IISc_RESPIN_mr_D3_71829_413003_M_AGRI_700393_70204585,D3,Agriculture,4.49,भारतातील आधुनिक कृषी यंत्रे कोणती आहेत ?,भारतातील लागणे कृषी यंत्रे कोणती आहेत ?,भारतातील आधुनिक कृषी यंत्रे कोणती आहेत,भारतातील लागणे कृषी यंत्रे कोणती आहेत,15.79,16.67,15.0,14.29,0
IISc_RESPIN_mr_D3_71840_413304_F_BANK_701978_70205272,D3,Banking,4.0,मला संशोधनासाठी सरकारकडून अनुदान मिळाले आहे,मला संशोधनासाठी सरकारकडून अनुदान मिळाले आहे,मला संशोधनासाठी सरकारकडून अनुदान मिळाले आहे,मला संशोधनासाठी सरकारकडून अनुदान मिळाले आहे,0.0,0.0,0.0,0.0,1
IISc_RESPIN_mr_D3_71840_413304_F_BANK_703879_70205359,D3,Banking,5.62,सर्व लोकांची खाती प्रधानमंत्री जन धन योजनेअंतर्गत उघडण्यात आली आहेत,सर्व लोकांची खाती प्रधानमंत्री जनधन योजनेअंतर्गत उघडण्यात आली आहे,सर्व लोकांची खाती प्रधानमंत्री जन धन योजनेअंतर्गत उघडण्यात आली आहेत,सर्व लोकांची खाती प्रधानमंत्री जनधन योजनेअंतर्गत उघडण्यात आली आहे,2.99,30.0,2.99,30.0,0
IISc_RESPIN_mr_D3_71829_413003_M_AGRI_700256_70206103,D3,Agriculture,4.14,बकरी किंवा मेंढीपासून खत मिळते का ?,बकरी किंवा मेंढी पासून खत मिळते का ?,बकरी किंवा मेंढीपासून खत मिळते का,बकरी किंवा मेंढी पासून खत मिळते का,3.03,33.33,2.86,28.57,0
IISc_RESPIN_mr_D3_71829_413003_M_BANK_700727_70206135,D3,Banking,4.81,कर्ज भेटत असताना क्रेडिट कार्डचा वापर होतो का ?,कर्ज भेटत असताना क्रेडिट कार्डचा वापर होतो का ?,कर्ज भेटत असताना क्रेडिट कार्डचा वापर होतो का,कर्ज भेटत असताना क्रेडिट कार्डचा वापर होतो का,0.0,0.0,0.0,0.0,1
IISc_RESPIN_mr_D3_71829_413003_M_BANK_703641_70207333,D3,Banking,3.22,राजेश सर सुद्धा नियम मोडतात का ?,राजेश सर सुधा नियम मिळतात का ?,राजेश सर सुद्धा नियम मोडतात का,राजेश सर सुधा नियम मिळतात का,13.33,33.33,12.5,28.57,0
IISc_RESPIN_mr_D3_71829_413003_M_AGRI_702025_70207360,D3,Agriculture,4.35,मी ग्रीनहाऊस पद्धतीने शेती करण्याचा विचार करत आहे,मी ग्रीन हाऊस पद्धतीने शेती करण्याचा विचार करता आहे,मी ग्रीनहाऊस पद्धतीने शेती करण्याचा विचार करत आहे,मी ग्रीन हाऊस पद्धतीने शेती करण्याचा विचार करता आहे,4.08,37.5,4.08,37.5,0
IISc_RESPIN_mr_D3_71829_413003_M_BANK_702036_70207363,D3,Banking,5.78,मी भविष्यातील योग्य मूल्य असलेले शेअर्स निवडले आणि आता मी नफा मिळवत आहे,मी भविष्यातील योग्य मूल्य असलेले शेअर्स निवडले आणि आता मी नफा मिळत आहे,मी भविष्यातील योग्य मूल्य असलेले शेअर्स निवडले आणि आता मी नफा मिळवत आहे,मी भविष्यातील योग्य मूल्य असलेले शेअर्स निवडले आणि आता मी नफा मिळत आहे,1.41,7.69,1.41,7.69,0
IISc_RESPIN_mr_D3_71829_413003_M_BANK_706127_70207374,D3,Banking,4.05,मला पीअर टू पीअर कर्ज मिळू शकेल का ?,मला पिअर टू पिअर कर्ज मिळू शकेल का ?,मला पीअर टू पीअर कर्ज मिळू शकेल का,मला पिअर टू पिअर कर्ज मिळू शकेल का,5.88,25.0,5.56,22.22,0
IISc_RESPIN_mr_D3_71829_413003_M_AGRI_701665_70207378,D3,Agriculture,4.75,कीटक ओळखण्यासाठी मी कीटकांचे नमुने गोळा करीत आहे,कीटक ओळखण्यासाठी मी कीटकांचे नमने गोळा करित आहे,कीटक ओळखण्यासाठी मी कीटकांचे नमुने गोळा करीत आहे,कीटक ओळखण्यासाठी मी कीटकांचे नमने गोळा करित आहे,4.17,25.0,4.17,25.0,0
IISc_RESPIN_mr_D3_71829_413003_M_BANK_702280_70207489,D3,Banking,3.35,शेअर बाजारात गुंतवणूक करण्याचा धोका असतो,शेअर बाजारात गुंतवणूक करण्याचा धोका असतो,शेअर बाजारात गुंतवणूक करण्याचा धोका असतो,शेअर बाजारात गुंतवणूक करण्याचा धोका असतो,0.0,0.0,0.0,0.0,1
IISc_RESPIN_mr_D3_71829_413003_M_AGRI_703645_70207492,D3,Agriculture,4.74,"राम म्हणाले की , गावपातळीवर जनावरांचे आरोग्य हा मोठा प्रश्न आहे",ला मनाली की गाव काचळीवर जनावरांची आरोग्य हा मोठा प्रश्न आहे,राम म्हणाले की गावपातळीवर जनावरांचे आरोग्य हा मोठा प्रश्न आहे,ला मनाली की गाव काचळीवर जनावरांची आरोग्य हा मोठा प्रश्न आहे,16.39,50.0,19.05,45.45,0
IISc_RESPIN_mr_D3_71791_441304_M_AGRI_705623_70212357,D3,Agriculture,5.95,"रेकच्या साहाय्याने शेतातील गवत , पाने इत्यादी गोळा करण्याचे काम केले जाते",प्रकार सह याने शेतातील गवत पाणी इत्यादी गुरा करण्याचे काम केले जाते,रेकच्या साहाय्याने शेतातील गवत पाने इत्यादी गोळा करण्याचे काम केले जाते,प्रकार सह याने शेतातील गवत पाणी इत्यादी गुरा करण्याचे काम केले जाते,21.13,45.45,23.29,50.0,0
IISc_RESPIN_mr_D3_72038_413304_M_BANK_700906_70218531,D3,Banking,4.96,क्रेडिट कार्ड मला कोणत्या सेवा देऊ शकते ?,क्रेडिट कार्ड मला कोणत्या से सेवा देऊ शकते ?,क्रेडिट कार्ड मला कोणत्या सेवा देऊ शकते,क्रेडिट कार्ड मला कोणत्या से सेवा देऊ शकते,7.69,14.29,7.32,12.5,0
IISc_RESPIN_mr_D3_72046_411006_M_AGRI_700028_70219103,D3,Agriculture,4.35,कोंबडी खताने जमीनीची धूप होत नाही का ?,कोंबडी खताने जमिनीची धूप होत नाही का,कोंबडी खताने जमीनीची धूप होत नाही का,कोंबडी खताने जमिनीची धूप होत नाही का,2.78,14.29,7.89,25.0,0
IISc_RESPIN_mr_D3_72046_411006_M_BANK_700852_70219118,D3,Banking,7.73,"एन.बी.एफ.सी या बँकांप्रमाणेच कार्य करतात , मग बँक व एन.बी.एफ.सी मध्ये काय फरक आहे ?",एन.बी.एफ.सी या बँका प्रमाणेच कार्य करतात बँक व एन.बी.एफ.सी मध्ये काय फरक आहे ?,एन बी एफ सी या बँकांप्रमाणेच कार्य करतात मग बँक व एन बी एफ सी मध्ये काय फरक आहे,एन बी एफ सी या बँका प्रमाणेच कार्य करतात बँक व एन बी एफ सी मध्ये काय फरक आहे,5.06,15.79,7.23,26.67,0
IISc_RESPIN_mr_D3_72046_411006_M_BANK_701071_70219481,D3,Banking,4.65,चालू खाते उघडण्यासाठी कोणती कागदपत्रे आवश्यक आहेत ?,चालू खाते उघडण्यासाठी कोणती कागदपत्रे आवश्यक आहे ?,चालू खाते उघडण्यासाठी कोणती कागदपत्रे आवश्यक आहेत,चालू खाते उघडण्यासाठी कोणती कागदपत्रे आवश्यक आहे,2.04,14.29,1.96,12.5,0
IISc_RESPIN_mr_D3_72046_411006_M_BANK_701375_70219483,D3,Banking,5.85,"माझा कर्जाचा हप्ता थकला आहे , तर मला किती दंड भरावा लागेल ?",माझ्या कर्जाचा हप्ता थकला आहे तर मला किती दंड भरावा लागेल ?,माझा कर्जाचा हप्ता थकला आहे तर मला किती दंड भरावा लागेल,माझ्या कर्जाचा हप्ता थकला आहे तर मला किती दंड भरावा लागेल,3.64,9.09,6.78,15.38,0
IISc_RESPIN_mr_D3_72051_412214_M_AGRI_700028_70219838,D3,Agriculture,4.99,कोंबडी खताने जमीनीची धूप होत नाही का ?,कोंबडी खताने जमिनीचे धूप होत नाही का,कोंबडी खताने जमीनीची धूप होत नाही का,कोंबडी खताने जमिनीचे धूप होत नाही का,5.56,14.29,10.53,25.0,0
IISc_RESPIN_mr_D3_72051_412214_M_AGRI_700658_70219869,D3,Agriculture,5.12,एक एकर कांद्याच्या पिकाला किती टन कोंबडीचे खत टाकायचे ?,एक एकर कांद्याच्या पिकाला किती टन कोंबडीचे खत टाकायचे ?,एक एकर कांद्याच्या पिकाला किती टन कोंबडीचे खत टाकायचे,एक एकर कांद्याच्या पिकाला किती टन कोंबडीचे खत टाकायचे,0.0,0.0,0.0,0.0,1
IISc_RESPIN_mr_D3_72051_412214_M_AGRI_700132_70219871,D3,Agriculture,3.92,वाटाण्यासाठी सर्वोत्तम कीटकनाशके कोणते ?,वाटाण्यासाठी सर्वात तम कीटकनाशक कोणती ?,वाटाण्यासाठी सर्वोत्तम कीटकनाशके कोणते,वाटाण्यासाठी सर्वात तम कीटकनाशक कोणती,10.53,100.0,10.0,80.0,0
IISc_RESPIN_mr_D3_72051_412214_M_AGRI_700449_70220252,D3,Agriculture,2.96,सेंद्रिय शेतीचे फायदे काय आहेत ?,सेंद्रिय शेतीचे फायदे काय आहेत ?,सेंद्रिय शेतीचे फायदे काय आहेत,सेंद्रिय शेतीचे फायदे काय आहेत,0.0,0.0,0.0,0.0,1
IISc_RESPIN_mr_D3_72051_412214_M_AGRI_700509_70220261,D3,Agriculture,4.04,एक एकर मका लावण्यासाठी किती युरिया लागतो ?,एक एकर मका लावण्यासाठी किती युरिया लागतो ?,एक एकर मका लावण्यासाठी किती युरिया लागतो,एक एकर मका लावण्यासाठी किती युरिया लागतो,0.0,0.0,0.0,0.0,1
IISc_RESPIN_mr_D3_72051_412214_M_AGRI_700407_70220449,D3,Agriculture,3.77,पुराचा सर्वाधिक फटका कोणत्या पिकांना बसतो ?,पुराचा सर्वाधिक फटका कोणत्या पिकांना बसतो ?,पुराचा सर्वाधिक फटका कोणत्या पिकांना बसतो,पुराचा सर्वाधिक फटका कोणत्या पिकांना बसतो,0.0,0.0,0.0,0.0,1
IISc_RESPIN_mr_D3_72038_413304_M_AGRI_700305_70220496,D3,Agriculture,4.64,बाजरीचे पिके कापण्यासाठी कोणता ट्रॅक्टर वापरता येईल का ?,बाजरीची पिके कापण्यासाठी कोणता ट्रॅक्टर वापरता येईल का ?,बाजरीचे पिके कापण्यासाठी कोणता ट्रॅक्टर वापरता येईल का,बाजरीची पिके कापण्यासाठी कोणता ट्रॅक्टर वापरता येईल का,1.85,12.5,1.79,11.11,0
IISc_RESPIN_mr_D3_72046_411006_M_BANK_700727_70220528,D3,Banking,4.85,कर्ज भेटत असताना क्रेडिट कार्डचा वापर होतो का ?,कर्ज भेटत असता ना क्रेडिट कार्डचा वापर होतो का ?,कर्ज भेटत असताना क्रेडिट कार्डचा वापर होतो का,कर्ज भेटत असता ना क्रेडिट कार्डचा वापर होतो का,2.22,25.0,2.13,22.22,0
IISc_RESPIN_mr_D3_72046_411006_M_AGRI_700619_70220529,D3,Agriculture,4.51,पशुपालन करताना कोणती उपाय योजना केली पाहिजे ?,पशुपालन करताना कोणती उपाय योजना केले पाहिजे ?,पशुपालन करताना कोणती उपाय योजना केली पाहिजे,पशुपालन करताना कोणती उपाय योजना केले पाहिजे,2.33,14.29,2.22,12.5,0
IISc_RESPIN_mr_D3_72046_411006_M_AGRI_700556_70220542,D3,Agriculture,3.7,लाल मातीमध्ये ऊस लावू शकतो का ?,लाल मातीमध्ये ऊस लावू शकतो का ?,लाल मातीमध्ये ऊस लावू शकतो का,लाल मातीमध्ये ऊस लावू शकतो का,0.0,0.0,0.0,0.0,1
IISc_RESPIN_mr_D3_72038_413304_M_AGRI_724526_70220651,D3,Agriculture,8.72,"बागकाम होईपर्यंत काही करत नसताना , कव्हर पीक म्हणून कार्य करण्यासाठी घास सोडणे एक वाईट कल्पना आहे का ?",बागकाम होई पर्यंत काही करत नसताना कवर पीक म्हणून कार्य करण्यासाठी घास सोडणे एक वाईट कल्पना आहे का ?,बागकाम होईपर्यंत काही करत नसताना कव्हर पीक म्हणून कार्य करण्यासाठी घास सोडणे एक वाईट कल्पना आहे का,बागकाम होई पर्यंत काही करत नसताना कवर पीक म्हणून कार्य करण्यासाठी घास सोडणे एक वाईट कल्पना आहे का,3.06,17.65,4.9,21.05,0
IISc_RESPIN_mr_D3_72038_413304_M_BANK_701358_70220660,D3,Banking,3.62,इंटरनेट बँकिंगद्वारे पैसे पाठवणे किती सुरक्षित आहे ?,इंटरनेट बँकिंगद्वारे पैसे पाठवणे किती सुरक्षित आहे ?,इंटरनेट बँकिंगद्वारे पैसे पाठवणे किती सुरक्षित आहे,इंटरनेट बँकिंगद्वारे पैसे पाठवणे किती सुरक्षित आहे,0.0,0.0,0.0,0.0,1
IISc_RESPIN_mr_D3_72038_413304_M_AGRI_700484_70220666,D3,Agriculture,2.09,जमिनीचे व्यवस्थापन कसे करावे ?,जमिनीचे व्यवस्थापन कसे करावे ?,जमिनीचे व्यवस्थापन कसे करावे,जमिनीचे व्यवस्थापन कसे करावे,0.0,0.0,0.0,0.0,1
IISc_RESPIN_mr_D3_72038_413304_M_AGRI_700307_70220670,D3,Agriculture,3.45,मक्याचे पीक कापण्यासाठी कोणते यंत्र वापरता येईल ?,मक्याचे पीक कापण्यासाठी कोणते यंत्र वापरता येईल ?,मक्याचे पीक कापण्यासाठी कोणते यंत्र वापरता येईल,मक्याचे पीक कापण्यासाठी कोणते यंत्र वापरता येईल,0.0,0.0,0.0,0.0,1
IISc_RESPIN_mr_D3_72038_413304_M_AGRI_700341_70220744,D3,Agriculture,3.46,सर्वोत्कृष्ट पशुखाद्य कोणते आहे ?,सर्वोत्कृष्ट पशुखाद्य कोणते आहे ?,सर्वोत्कृष्ट पशुखाद्य कोणते आहे,सर्वोत्कृष्ट पशुखाद्य कोणते आहे,0.0,0.0,0.0,0.0,1
IISc_RESPIN_mr_D3_72038_413304_M_BANK_701241_70220749,D3,Banking,5.04,परतावा जास्त मिळवण्यासाठी कोणत्या गुंतवणुकीचा पर्याय चांगला आहे ?,परतावा जास्त मिळवण्यासाठी कोणत्या गुंतवणुकीचा पर्याय चांगला आहे ?,परतावा जास्त मिळवण्यासाठी कोणत्या गुंतवणुकीचा पर्याय चांगला आहे,परतावा जास्त मिळवण्यासाठी कोणत्या गुंतवणुकीचा पर्याय चांगला आहे,0.0,0.0,0.0,0.0,1
IISc_RESPIN_mr_D3_72046_411006_M_BANK_701299_70220777,D3,Banking,6.94,मला एका वर्षातच कर्ज परतफेड करण्याठी दर महिन्याला किमान किती हप्ता बसेल ?,मला एका वर्षात कर्ज परतफेड करण्यासाठी दर महिन्याला किमान किती हफ्ता भासेल ?,मला एका वर्षातच कर्ज परतफेड करण्याठी दर महिन्याला किमान किती हप्ता बसेल,मला एका वर्षात कर्ज परतफेड करण्यासाठी दर महिन्याला किमान किती हफ्ता भासेल,8.45,33.33,8.22,30.77,0
IISc_RESPIN_mr_D3_72046_411006_M_AGRI_703846_70221116,D3,Agriculture,4.56,शेवाळाचेही लक्षणीय विभाजन झाले आहे,शेवाळाचेही लक्षणीय विभाजन झाले आहे,शेवाळाचेही लक्षणीय विभाजन झाले आहे,शेवाळाचेही लक्षणीय विभाजन झाले आहे,0.0,0.0,0.0,0.0,1
IISc_RESPIN_mr_D3_72046_411006_M_BANK_705649_70221150,D3,Banking,4.85,रोहनने उत्पन्न बचत योजनेसाठी अर्ज केला आहे,रोहनने उत्पन्न बचत योजनेसाठी अर्ज केला आहे,रोहनने उत्पन्न बचत योजनेसाठी अर्ज केला आहे,रोहनने उत्पन्न बचत योजनेसाठी अर्ज केला आहे,0.0,0.0,0.0,0.0,1
IISc_RESPIN_mr_D3_72038_413304_M_AGRI_700554_70221806,D3,Agriculture,2.42,लाल मातीमध्ये कोणते पीक येते ?,लाल मातीमध्ये कोणते पिक येते ?,लाल मातीमध्ये कोणते पीक येते,लाल मातीमध्ये कोणते पिक येते,3.57,20.0,3.33,16.67,0
IISc_RESPIN_mr_D3_72038_413304_M_BANK_705438_70221874,D3,Banking,5.89,"मोहन यांनी विचारले की , खाद्यपदार्थांवर जी.एस.टी अठरा टक्के आहे का ?",मोहन यांनी विचारले की खाद्य पदार्थांवर जी.एस.टी आठरा टक्के आहे का ?,मोहन यांनी विचारले की खाद्यपदार्थांवर जी एस टी अठरा टक्के आहे का,मोहन यांनी विचारले की खाद्य पदार्थांवर जी एस टी आठरा टक्के आहे का,3.12,25.0,5.88,25.0,0
IISc_RESPIN_mr_D3_72038_413304_M_BANK_705236_70221894,D3,Banking,3.18,माझे जुने धनादेश पुस्तक संपले आहे,माझे जुने धनादेश पुस्तक संपले आहे,माझे जुने धनादेश पुस्तक संपले आहे,माझे जुने धनादेश पुस्तक संपले आहे,0.0,0.0,0.0,0.0,1
IISc_RESPIN_mr_D3_72051_412214_M_AGRI_703349_70221915,D3,Agriculture,4.79,मगरीचे संगोपन करणे हे एक जोखमीचे काम आहे,मगरीचे संगोपन करणे हे एक ज्योतीचे काम आहे,मगरीचे संगोपन करणे हे एक जोखमीचे काम आहे,मगरीचे संगोपन करणे हे एक ज्योतीचे काम आहे,10.0,12.5,10.0,12.5,0
IISc_RESPIN_mr_D3_72051_412214_M_AGRI_702087_70221926,D3,Agriculture,5.42,मोहन लोकांना सेंद्रिय बागकाम करायला प्रोत्साहन देतो,मोहन लोकांना सेंद्रिय बागा करायला परत साल देतो,मोहन लोकांना सेंद्रिय बागकाम करायला प्रोत्साहन देतो,मोहन लोकांना सेंद्रिय बागा करायला परत साल देतो,13.73,42.86,13.73,42.86,0
IISc_RESPIN_mr_D3_72051_412214_M_AGRI_705723_70221953,D3,Agriculture,8.66,वर्ध्यातील पिपरी गावातील सर्व शेतकरी मृदा हेल्थ कार्ड योजनेचा लाभ घेत आहेत,वर ज्यातील पिंप्रे गावातील सर्व शेतकरी मृदा हेज कार्ड योजनेचा लाभत आहेत,वर्ध्यातील पिपरी गावातील सर्व शेतकरी मृदा हेल्थ कार्ड योजनेचा लाभ घेत आहेत,वर ज्यातील पिंप्रे गावातील सर्व शेतकरी मृदा हेज कार्ड योजनेचा लाभत आहेत,14.86,50.0,14.86,50.0,0
IISc_RESPIN_mr_D3_72038_413304_M_BANK_706054_70222127,D3,Banking,3.78,हावडामध्ये कर महसूल विभागाचे कार्यालय कोठे आहे ?,हावडा मध्ये कर महसूल विभागाची कार्यालय कोठे आहे ?,हावडामध्ये कर महसूल विभागाचे कार्यालय कोठे आहे,हावडा मध्ये कर महसूल विभागाची कार्यालय कोठे आहे,4.35,42.86,4.17,37.5,0
IISc_RESPIN_mr_D3_72051_412214_M_BANK_701696_70222156,D3,Banking,7.71,कोरोनाच्या वेळी बँकेतून पासबुक मुद्रित करुन घेण्याऐवजी खात्याचे व्यवहार ऑनलाईन बघा,कोरोनाच्या वेळे बँकेतून पासबुक मुद्रित करून घेण्या वर जी खात्याचे व्यवहार ऑनलाइन बघा,कोरोनाच्या वेळी बँकेतून पासबुक मुद्रित करुन घेण्याऐवजी खात्याचे व्यवहार ऑनलाईन बघा,कोरोनाच्या वेळे बँकेतून पासबुक मुद्रित करून घेण्या वर जी खात्याचे व्यवहार ऑनलाइन बघा,7.32,54.55,7.32,54.55,0
IISc_RESPIN_mr_D3_72038_413304_M_AGRI_705977_70222208,D3,Agriculture,2.41,अंजीराची शेती कुठे केली जाते ?,अंजिराची शेती कुठे केली जाते ?,अंजीराची शेती कुठे केली जाते,अंजिराची शेती कुठे केली जाते,3.57,20.0,3.33,16.67,0
IISc_RESPIN_mr_D3_72038_413304_M_AGRI_705279_70222216,D3,Agriculture,3.56,मिठाईच्या दुकानात भरपूर शुद्ध दूध खरेदी केले जाते,मिठाच्या दुकानात भरपूर सुद्धा दूध खरेदी केली जाते,मिठाईच्या दुकानात भरपूर शुद्ध दूध खरेदी केले जाते,मिठाच्या दुकानात भरपूर सुद्धा दूध खरेदी केली जाते,8.16,37.5,8.16,37.5,0
IISc_RESPIN_mr_D3_72038_413304_M_BANK_702842_70222237,D3,Banking,3.35,चलनासाठी आपण कोणत्या काउंटरशी संपर्क साधावा ?,चलनासाठी आपण कोणत्या काऊन तशी संपत साधा वा,चलनासाठी आपण कोणत्या काउंटरशी संपर्क साधावा,चलनासाठी आपण कोणत्या काऊन तशी संपत साधा वा,18.6,83.33,22.22,71.43,0
IISc_RESPIN_mr_D3_72051_412214_M_AGRI_705718_70222251,D3,Agriculture,5.09,वन्यजीव शेतात न पाळलेल्या प्राण्यांना बंद करून ठेवतात,वन्यजीव शेतात न पाळलेल्या पाण्यांना बंद करून ठेवतात,वन्यजीव शेतात न पाळलेल्या प्राण्यांना बंद करून ठेवतात,वन्यजीव शेतात न पाळलेल्या पाण्यांना बंद करून ठेवतात,3.77,12.5,3.77,12.5,0
IISc_RESPIN_mr_D3_72038_413304_M_BANK_705364_70222304,D3,Banking,4.07,मी सोहेलला विचारले की आर्थिक स्टेटमेंट कसे दिले जाते,मी सोहेलला विचारले की आर्थिक स्टेटमेंट कसे दिले जाते,मी सोहेलला विचारले की आर्थिक स्टेटमेंट कसे दिले जाते,मी सोहेलला विचारले की आर्थिक स्टेटमेंट कसे दिले जाते,0.0,0.0,0.0,0.0,1
IISc_RESPIN_mr_D3_72038_413304_M_BANK_704068_70222318,D3,Banking,2.95,आपण कधी कार्गो येताना पाहिले आहे का ?,आपण कधी कार्गो येताना पाहिले आहे का ?,आपण कधी कार्गो येताना पाहिले आहे का,आपण कधी कार्गो येताना पाहिले आहे का,0.0,0.0,0.0,0.0,1
IISc_RESPIN_mr_D3_72046_411006_M_AGRI_705279_70222328,D3,Agriculture,5.07,मिठाईच्या दुकानात भरपूर शुद्ध दूध खरेदी केले जाते,मिठाच्या दुकानात भरपूर शुद्ध दूध खरेदी केले जाते,मिठाईच्या दुकानात भरपूर शुद्ध दूध खरेदी केले जाते,मिठाच्या दुकानात भरपूर शुद्ध दूध खरेदी केले जाते,2.04,12.5,2.04,12.5,0
IISc_RESPIN_mr_D3_72046_411006_M_BANK_706269_70222339,D3,Banking,2.58,या अर्जाची फी किती आहे ?,या अर्जाची फी किती आहे ?,या अर्जाची फी किती आहे,या अर्जाची फी किती आहे,0.0,0.0,0.0,0.0,1
IISc_RESPIN_mr_D3_72046_411006_M_AGRI_701675_70222371,D3,Agriculture,8.47,कृषी क्षेत्रात अत्याधुनिक व प्रगत तंत्रज्ञानाच्या वापराने शेती अधिक सुरक्षित व फायदेशीर झाली आहे,कृषी क्षेत्रात अत्याधुनिक प्रगत तंत्रज्ञानाचा वापराने शेती अधिक सुरक्षित फायदेशीर झाले आहे,कृषी क्षेत्रात अत्याधुनिक व प्रगत तंत्रज्ञानाच्या वापराने शेती अधिक सुरक्षित व फायदेशीर झाली आहे,कृषी क्षेत्रात अत्याधुनिक प्रगत तंत्रज्ञानाचा वापराने शेती अधिक सुरक्षित फायदेशीर झाले आहे,7.29,28.57,7.29,28.57,0
IISc_RESPIN_mr_D3_72046_411006_M_AGRI_703453_70222417,D3,Agriculture,2.53,मी पुदिना नान खात आहे,मी पुदीना नान खात आहे,मी पुदिना नान खात आहे,मी पुदीना नान खात आहे,4.76,20.0,4.76,20.0,0
IISc_RESPIN_mr_D3_72051_412214_M_BANK_703904_70222484,D3,Banking,4.84,सामान्य माणसालाही बँकांकडून कर्जाची सुविधा मिळते,सामान्य माणसालाही बँकांकडून कर्जाची सुविधा मिळते,सामान्य माणसालाही बँकांकडून कर्जाची सुविधा मिळते,सामान्य माणसालाही बँकांकडून कर्जाची सुविधा मिळते,0.0,0.0,0.0,0.0,1
IISc_RESPIN_mr_D3_72051_412214_M_AGRI_701917_70222490,D3,Agriculture,3.56,भारतात बाजरीचे किती प्रकार तयार होतात ?,भारतात बाजरीचे किती प्रकार तयार होतात,भारतात बाजरीचे किती प्रकार तयार होतात,भारतात बाजरीचे किती प्रकार तयार होतात,0.0,0.0,5.13,14.29,1
IISc_RESPIN_mr_D3_72051_412214_M_AGRI_705787_70222517,D3,Agriculture,3.28,शेतात जास्त कीटकनाशके वापरू नयेत,शेतात जास्त कीटकनाशक वापरून नयेत,शेतात जास्त कीटकनाशके वापरू नयेत,शेतात जास्त कीटकनाशक वापरून नयेत,6.25,40.0,6.25,40.0,0
IISc_RESPIN_mr_D3_72047_411009_M_BANK_701071_70226520,D3,Banking,4.72,चालू खाते उघडण्यासाठी कोणती कागदपत्रे आवश्यक आहेत ?,चालू खाते उघडण्यासाठी कोणती कागदपत्रे आवश्यक आहेत ?,चालू खाते उघडण्यासाठी कोणती कागदपत्रे आवश्यक आहेत,चालू खाते उघडण्यासाठी कोणती कागदपत्रे आवश्यक आहेत,0.0,0.0,0.0,0.0,1
IISc_RESPIN_mr_D3_72047_411009_M_AGRI_700307_70226533,D3,Agriculture,4.04,मक्याचे पीक कापण्यासाठी कोणते यंत्र वापरता येईल ?,मक्याचे पीक कापण्यासाठी कोणते यंत्र वापरता येईल ?,मक्याचे पीक कापण्यासाठी कोणते यंत्र वापरता येईल,मक्याचे पीक कापण्यासाठी कोणते यंत्र वापरता येईल,0.0,0.0,0.0,0.0,1
IISc_RESPIN_mr_D3_72025_411038_F_AGRI_700132_70226989,D3,Agriculture,3.83,वाटाण्यासाठी सर्वोत्तम कीटकनाशके कोणते ?,टाळण्यासाठी सर्वोत्तम कीटकनाशके कोणते ?,वाटाण्यासाठी सर्वोत्तम कीटकनाशके कोणते,टाळण्यासाठी सर्वोत्तम कीटकनाशके कोणते,7.89,25.0,7.5,20.0,0
IISc_RESPIN_mr_D3_72025_411038_F_BANK_701071_70226999,D3,Banking,4.45,चालू खाते उघडण्यासाठी कोणती कागदपत्रे आवश्यक आहेत ?,चालू खाते उघडण्यासाठी कोणती कागदपत्रे आवश्यक आहेत ?,चालू खाते उघडण्यासाठी कोणती कागदपत्रे आवश्यक आहेत,चालू खाते उघडण्यासाठी कोणती कागदपत्रे आवश्यक आहेत,0.0,0.0,0.0,0.0,1
IISc_RESPIN_mr_D3_72047_411009_M_AGRI_703349_70227057,D3,Agriculture,4.56,मगरीचे संगोपन करणे हे एक जोखमीचे काम आहे,मगरीचे संगोपन करणे हे एक जोखमीचे काम आहे,मगरीचे संगोपन करणे हे एक जोखमीचे काम आहे,मगरीचे संगोपन करणे हे एक जोखमीचे काम आहे,0.0,0.0,0.0,0.0,1
IISc_RESPIN_mr_D3_72047_411009_M_BANK_701688_70227059,D3,Banking,3.49,कोणत्या प्रकारच्या व्यवसायात वाढ अधिक असते ?,कोणत्या प्रकारच्या व्यवसायात वाढ अधिक असते ?,कोणत्या प्रकारच्या व्यवसायात वाढ अधिक असते,कोणत्या प्रकारच्या व्यवसायात वाढ अधिक असते,0.0,0.0,0.0,0.0,1
IISc_RESPIN_mr_D3_72047_411009_M_BANK_703579_70227115,D3,Banking,5.31,"मोहितने विचारले की , आपल्याला सार्वजनिक वित्तातून काय समजतं ?",मोहितने विचारले की आपल्याला सार्वजनिक वित्तातून काय समजतं,मोहितने विचारले की आपल्याला सार्वजनिक वित्तातून काय समजतं,मोहितने विचारले की आपल्याला सार्वजनिक वित्तातून काय समजतं,0.0,0.0,6.56,20.0,1
IISc_RESPIN_mr_D3_72047_411009_M_BANK_701534_70227211,D3,Banking,4.58,आपल्या बँकेचा आय.एफ.एस.सी कोड काय आहे ?,आपल्या बँकेचा आय.एफ.एस.सी कोड काय आहे ?,आपल्या बँकेचा आय एफ एस सी कोड काय आहे,आपल्या बँकेचा आय एफ एस सी कोड काय आहे,0.0,0.0,0.0,0.0,1
IISc_RESPIN_mr_D3_72047_411009_M_BANK_705364_70227238,D3,Banking,3.93,मी सोहेलला विचारले की आर्थिक स्टेटमेंट कसे दिले जाते,मी सोहेलला विचारले की आर्थिक स्टेटमेंट कसे दिले जाते ?,मी सोहेलला विचारले की आर्थिक स्टेटमेंट कसे दिले जाते,मी सोहेलला विचारले की आर्थिक स्टेटमेंट कसे दिले जाते,0.0,0.0,3.85,11.11,1
IISc_RESPIN_mr_D3_72025_411038_F_AGRI_724526_70227448,D3,Agriculture,8.37,"बागकाम होईपर्यंत काही करत नसताना , कव्हर पीक म्हणून कार्य करण्यासाठी घास सोडणे एक वाईट कल्पना आहे का ?",बागकाम होईपर्यंत काही करत नसताना कवर पीक म्हणून कार्य करण्यासाठी घास तोडणे एक वाईट करताना आहे का,बागकाम होईपर्यंत काही करत नसताना कव्हर पीक म्हणून कार्य करण्यासाठी घास सोडणे एक वाईट कल्पना आहे का,बागकाम होईपर्यंत काही करत नसताना कवर पीक म्हणून कार्य करण्यासाठी घास तोडणे एक वाईट करताना आहे का,6.12,17.65,9.8,26.32,0
IISc_RESPIN_mr_D3_72025_411038_F_BANK_703641_70227575,D3,Banking,3.49,राजेश सर सुद्धा नियम मोडतात का ?,राजेश सर सुद्धा नियम मिळतात का ?,राजेश सर सुद्धा नियम मोडतात का,राजेश सर सुद्धा नियम मिळतात का,6.67,16.67,6.25,14.29,0
IISc_RESPIN_mr_D3_72025_411038_F_BANK_706222_70227586,D3,Banking,5.33,महागाईचा भारतीय अर्थव्यवस्थेवर कसा परिणाम होऊ शकतो ?,महागाईचा भारतीय अर्थव्यवस्थेवर कसा परिणाम होऊ शकतो ?,महागाईचा भारतीय अर्थव्यवस्थेवर कसा परिणाम होऊ शकतो,महागाईचा भारतीय अर्थव्यवस्थेवर कसा परिणाम होऊ शकतो,0.0,0.0,0.0,0.0,1
IISc_RESPIN_mr_D3_72046_411006_M_AGRI_704397_70228208,D3,Agriculture,5.69,आईने बागेत डॅफोडीलचे रोपटी लावली आहेत,आईने बागेत डाफोडेल चे रोपटी लावली आहेत,आईने बागेत डॅफोडीलचे रोपटी लावली आहेत,आईने बागेत डाफोडेल चे रोपटी लावली आहेत,8.11,33.33,8.11,33.33,0
IISc_RESPIN_mr_D3_72046_411006_M_BANK_704470_70228325,D3,Banking,5.81,आपल्याला विमा कंपनीत काम करून किती वर्षे झाली आहेत ?,आपल्याला विमा कंपनीत काम करून किती वर्षे झाली आहेत ?,आपल्याला विमा कंपनीत काम करून किती वर्षे झाली आहेत,आपल्याला विमा कंपनीत काम करून किती वर्षे झाली आहेत,0.0,0.0,0.0,0.0,1
IISc_RESPIN_mr_D3_72046_411006_M_AGRI_704864_70228340,D3,Agriculture,5.22,दक्षिण आफ्रिकेत सर्वाधिक वन्यजीव शेती होते,दक्षिण अफ्रिकेत सर्वाधिक वन्यजीव शेती होते,दक्षिण आफ्रिकेत सर्वाधिक वन्यजीव शेती होते,दक्षिण अफ्रिकेत सर्वाधिक वन्यजीव शेती होते,2.38,16.67,2.38,16.67,0
IISc_RESPIN_mr_D3_72025_411038_F_AGRI_704371_70228426,D3,Agriculture,4.09,अमोनियापासूनही नायट्रेट बनवता येते,अमोनिया पासून ही नायट्रेट बनवता येते,अमोनियापासूनही नायट्रेट बनवता येते,अमोनिया पासून ही नायट्रेट बनवता येते,5.88,75.0,5.88,75.0,0
IISc_RESPIN_mr_D3_72025_411038_F_AGRI_705995_70229102,D3,Agriculture,2.97,बांबूची भांडी कुठे मिळतील ?,बांबूची भांडी कुठे मिळते ?,बांबूची भांडी कुठे मिळतील,बांबूची भांडी कुठे मिळते,8.0,25.0,7.41,20.0,0
IISc_RESPIN_mr_D3_72025_411038_F_AGRI_705612_70229112,D3,Agriculture,7.25,"राष्ट्रीय अन्न सुरक्षा अभियानामुळेच आज सर्वांना कमी किमतीत पीठ , डाळी , गहू मिळत आहे",राष्ट्रीय अन्नसुरक्षा अभियानामुळे सर्वांना कमी किमतीत पीठ डाळ गहू मिळत आहे,राष्ट्रीय अन्न सुरक्षा अभियानामुळेच आज सर्वांना कमी किमतीत पीठ डाळी गहू मिळत आहे,राष्ट्रीय अन्नसुरक्षा अभियानामुळे सर्वांना कमी किमतीत पीठ डाळ गहू मिळत आहे,7.5,38.46,11.9,46.67,0
IISc_RESPIN_mr_D3_72025_411038_F_BANK_706269_70229316,D3,Banking,2.97,या अर्जाची फी किती आहे ?,या अर्जाची फी किती आहे ?,या अर्जाची फी किती आहे,या अर्जाची फी किती आहे,0.0,0.0,0.0,0.0,1
IISc_RESPIN_mr_D3_72025_411038_F_BANK_706284_70229327,D3,Banking,4.92,चक्रवाढ व्याज मोजण्यासाठी काही सोपा मार्ग आहे का ?,चक्रवाढ व्याज मोजण्यासाठी काही सोपा मार्ग आहे का,चक्रवाढ व्याज मोजण्यासाठी काही सोपा मार्ग आहे का,चक्रवाढ व्याज मोजण्यासाठी काही सोपा मार्ग आहे का,0.0,0.0,4.0,11.11,1
IISc_RESPIN_mr_D3_72025_411038_F_AGRI_705502_70229361,D3,Agriculture,3.14,मोहित काट्याने मासे पकडतो,मोहित काट्याने मासे पकडतो,मोहित काट्याने मासे पकडतो,मोहित काट्याने मासे पकडतो,0.0,0.0,0.0,0.0,1
IISc_RESPIN_mr_D3_72025_411038_F_BANK_703904_70229388,D3,Banking,4.84,सामान्य माणसालाही बँकांकडून कर्जाची सुविधा मिळते,सामान्य माणसालाही बँकांकडून कर्जाची सुविधा मिळते,सामान्य माणसालाही बँकांकडून कर्जाची सुविधा मिळते,सामान्य माणसालाही बँकांकडून कर्जाची सुविधा मिळते,0.0,0.0,0.0,0.0,1
IISc_RESPIN_mr_D3_72047_411009_M_AGRI_704171_70229418,D3,Agriculture,5.83,तिळाच्या तेलाचा वापर सौंदर्यप्रसाधनांमध्ये वाहक तेल म्हणूनही केला जातो,तिळाच्या तेलाचा वापर सौंदर्यप्रसाधनां मध्ये वाहक तेल म्हणूनही केला जातो,तिळाच्या तेलाचा वापर सौंदर्यप्रसाधनांमध्ये वाहक तेल म्हणूनही केला जातो,तिळाच्या तेलाचा वापर सौंदर्यप्रसाधनां मध्ये वाहक तेल म्हणूनही केला जातो,1.43,22.22,1.43,22.22,0
IISc_RESPIN_mr_D3_72047_411009_M_AGRI_701799_70229455,D3,Agriculture,2.62,द्रव खत लवकर जमिनीत मुरते,द्रव खत लवकर जमिनीत मिळते,द्रव खत लवकर जमिनीत मुरते,द्रव खत लवकर जमिनीत मिळते,8.0,20.0,8.0,20.0,0
IISc_RESPIN_mr_D3_72047_411009_M_AGRI_703026_70229516,D3,Agriculture,7.79,"द्राक्षांमध्ये कर्बोदके , व्हिटॅमिन बी सहा , व्हिटॅमिन सी , कॅल्शियम , लोह इत्यादी पोषक घटक आहेत",द्राक्ष मध्ये कार्ब दके व्हिटॅमिन बी सहा व्हिटॅमिन सी कॅल्शियम लोह इत्यादी पोषक घटक आहेत,द्राक्षांमध्ये कर्बोदके व्हिटॅमिन बी सहा व्हिटॅमिन सी कॅल्शियम लोह इत्यादी पोषक घटक आहेत,द्राक्ष मध्ये कार्ब दके व्हिटॅमिन बी सहा व्हिटॅमिन सी कॅल्शियम लोह इत्यादी पोषक घटक आहेत,4.55,30.77,12.5,41.18,0
IISc_RESPIN_mr_D3_72047_411009_M_BANK_701985_70229556,D3,Banking,2.63,माझा चेक कधी वटणार आहे ?,माझ चेक कधी वटणार आहे,माझा चेक कधी वटणार आहे,माझ चेक कधी वटणार आहे,4.55,20.0,12.5,33.33,0
IISc_RESPIN_mr_D3_70613_410503_F_BANK_706054_70231933,D3,Banking,4.53,हावडामध्ये कर महसूल विभागाचे कार्यालय कोठे आहे ?,हावडा मध्ये कर महसूल विभागाचे कार्यालय कोठे आहे ?,हावडामध्ये कर महसूल विभागाचे कार्यालय कोठे आहे,हावडा मध्ये कर महसूल विभागाचे कार्यालय कोठे आहे,2.17,28.57,2.08,25.0,0
IISc_RESPIN_mr_D3_70613_410503_F_BANK_706222_70232037,D3,Banking,4.52,महागाईचा भारतीय अर्थव्यवस्थेवर कसा परिणाम होऊ शकतो ?,महागाईचा भारतीय अर्थव्यवस्थेवर कसा परिणाम होऊ शकतो ?,महागाईचा भारतीय अर्थव्यवस्थेवर कसा परिणाम होऊ शकतो,महागाईचा भारतीय अर्थव्यवस्थेवर कसा परिणाम होऊ शकतो,0.0,0.0,0.0,0.0,1
IISc_RESPIN_mr_D3_70613_410503_F_BANK_704470_70232042,D3,Banking,3.86,आपल्याला विमा कंपनीत काम करून किती वर्षे झाली आहेत ?,आपल्याला विमा कंपनीत काम करून किती वर्षे झाली आहेत ?,आपल्याला विमा कंपनीत काम करून किती वर्षे झाली आहेत,आपल्याला विमा कंपनीत काम करून किती वर्षे झाली आहेत,0.0,0.0,0.0,0.0,1
IISc_RESPIN_mr_D3_72025_411038_F_AGRI_700271_70232170,D3,Agriculture,3.88,लाल मातीत कोणते कोणते पीक घेता येतील ?,लाल मातीत कोणते कोणते पीक घेता येतील ?,लाल मातीत कोणते कोणते पीक घेता येतील,लाल मातीत कोणते कोणते पीक घेता येतील,0.0,0.0,0.0,0.0,1
IISc_RESPIN_mr_D3_72025_411038_F_BANK_700906_70232174,D3,Banking,3.52,क्रेडिट कार्ड मला कोणत्या सेवा देऊ शकते ?,क्रेडिट कार्ड मला कोणत्या सेवा देऊ शकते ?,क्रेडिट कार्ड मला कोणत्या सेवा देऊ शकते,क्रेडिट कार्ड मला कोणत्या सेवा देऊ शकते,0.0,0.0,0.0,0.0,1
IISc_RESPIN_mr_D3_72025_411038_F_AGRI_700305_70233593,D3,Agriculture,4.98,बाजरीचे पिके कापण्यासाठी कोणता ट्रॅक्टर वापरता येईल का ?,बाजरीचे पिके कापण्यासाठी कोणता ट्रॅक्टर वापरता येईल का ?,बाजरीचे पिके कापण्यासाठी कोणता ट्रॅक्टर वापरता येईल का,बाजरीचे पिके कापण्यासाठी कोणता ट्रॅक्टर वापरता येईल का,0.0,0.0,0.0,0.0,1
IISc_RESPIN_mr_D3_72025_411038_F_AGRI_700619_70233594,D3,Agriculture,4.37,पशुपालन करताना कोणती उपाय योजना केली पाहिजे ?,पशुपालन करताना कोणती उपाय योजना केली पाहिजे ?,पशुपालन करताना कोणती उपाय योजना केली पाहिजे,पशुपालन करताना कोणती उपाय योजना केली पाहिजे,0.0,0.0,0.0,0.0,1
IISc_RESPIN_mr_D3_72062_411014_F_BANK_705364_70235098,D3,Banking,4.66,मी सोहेलला विचारले की आर्थिक स्टेटमेंट कसे दिले जाते,मी सोहेलला विचारले की आर्थिक स्टेटमेंट कसे दिले जाते,मी सोहेलला विचारले की आर्थिक स्टेटमेंट कसे दिले जाते,मी सोहेलला विचारले की आर्थिक स्टेटमेंट कसे दिले जाते,0.0,0.0,0.0,0.0,1
IISc_RESPIN_mr_D3_72062_411014_F_AGRI_703562_70237176,D3,Agriculture,3.83,मोहनला आलं खायला आवडतं,मोहनला आलो खायला आवडत,मोहनला आलं खायला आवडतं,मोहनला आलो खायला आवडत,9.09,50.0,9.09,50.0,0
IISc_RESPIN_mr_D3_72062_411014_F_AGRI_701675_70237197,D3,Agriculture,8.32,कृषी क्षेत्रात अत्याधुनिक व प्रगत तंत्रज्ञानाच्या वापराने शेती अधिक सुरक्षित व फायदेशीर झाली आहे,कृषी क्षेत्रात अत्याधुनिक वप्रगत तंत्रज्ञानाच्या वापराने शेती अधिक सुरक्षित व फायदेशीर झाली आहे,कृषी क्षेत्रात अत्याधुनिक व प्रगत तंत्रज्ञानाच्या वापराने शेती अधिक सुरक्षित व फायदेशीर झाली आहे,कृषी क्षेत्रात अत्याधुनिक वप्रगत तंत्रज्ञानाच्या वापराने शेती अधिक सुरक्षित व फायदेशीर झाली आहे,1.04,14.29,1.04,14.29,0
IISc_RESPIN_mr_D3_72062_411014_F_AGRI_705612_70237213,D3,Agriculture,8.09,"राष्ट्रीय अन्न सुरक्षा अभियानामुळेच आज सर्वांना कमी किमतीत पीठ , डाळी , गहू मिळत आहे",राष्ट्रीय अन्न सुरक्षा बियाणामुळे च आज सर्वांना कमी किमतीत पीठ डाळी गहू मिळत आहे,राष्ट्रीय अन्न सुरक्षा अभियानामुळेच आज सर्वांना कमी किमतीत पीठ डाळी गहू मिळत आहे,राष्ट्रीय अन्न सुरक्षा बियाणामुळे च आज सर्वांना कमी किमतीत पीठ डाळी गहू मिळत आहे,5.0,15.38,9.52,26.67,0
IISc_RESPIN_mr_D3_72062_411014_F_BANK_701696_70237300,D3,Banking,7.81,कोरोनाच्या वेळी बँकेतून पासबुक मुद्रित करुन घेण्याऐवजी खात्याचे व्यवहार ऑनलाईन बघा,कोरोनाच्या वेळी बँकेतून पासबुक मुद्रित करून घेण्या ऐवजी खात्याचे व्यवहार ऑनलाइन बघा,कोरोनाच्या वेळी बँकेतून पासबुक मुद्रित करुन घेण्याऐवजी खात्याचे व्यवहार ऑनलाईन बघा,कोरोनाच्या वेळी बँकेतून पासबुक मुद्रित करून घेण्या ऐवजी खात्याचे व्यवहार ऑनलाइन बघा,3.66,36.36,3.66,36.36,0
IISc_RESPIN_mr_D3_72047_411009_M_BANK_701275_70243223,D3,Banking,3.5,खाते चालू ठेवण्यासाठी किमान किती रक्कम हवी ?,खाते चालू ठेवण्यासाठी किमान किती रक्कम हवी ?,खाते चालू ठेवण्यासाठी किमान किती रक्कम हवी,खाते चालू ठेवण्यासाठी किमान किती रक्कम हवी,0.0,0.0,0.0,0.0,1
IISc_RESPIN_mr_D3_72047_411009_M_BANK_700875_70243773,D3,Banking,3.97,मला माझ्या खात्यातील रकमेवर किती टक्के व्याज दिले जाते ?,मला माझ्या खात्यातील रकमेवर किती टक्के व्याज दिले जाते ?,मला माझ्या खात्यातील रकमेवर किती टक्के व्याज दिले जाते,मला माझ्या खात्यातील रकमेवर किती टक्के व्याज दिले जाते,0.0,0.0,0.0,0.0,1
IISc_RESPIN_mr_D3_72047_411009_M_AGRI_700256_70243797,D3,Agriculture,3.04,बकरी किंवा मेंढीपासून खत मिळते का ?,बकरी किंवा मेंढीपासून खत मिळते का,बकरी किंवा मेंढीपासून खत मिळते का,बकरी किंवा मेंढीपासून खत मिळते का,0.0,0.0,5.71,14.29,1
IISc_RESPIN_mr_D3_72047_411009_M_AGRI_700595_70243812,D3,Agriculture,3.45,कोणत्या वातावरणात कोणते पीक घेऊ नये ?,कोणत्या वातावरणात कोणते पीक घे ये ?,कोणत्या वातावरणात कोणते पीक घेऊ नये,कोणत्या वातावरणात कोणते पीक घे ये,5.71,33.33,5.41,28.57,0
IISc_RESPIN_mr_D3_72047_411009_M_BANK_700765_70243897,D3,Banking,5.52,यु.पी.आय मार्फत आपण एकाच बँकेतून अनेक बँकांमध्ये पैसे पाठवू शकतो का ?,यू.पी.आय मार्फत आपण एकाच बँकेतून अनेक बँकांमध्ये पैसे पाठवू शकतो का ?,यु पी आय मार्फत आपण एकाच बँकेतून अनेक बँकांमध्ये पैसे पाठवू शकतो का,यू पी आय मार्फत आपण एकाच बँकेतून अनेक बँकांमध्ये पैसे पाठवू शकतो का,1.49,7.69,1.45,8.33,0
IISc_RESPIN_mr_D3_72047_411009_M_BANK_701344_70243924,D3,Banking,3.45,माझ्या यु.पी.आय नंबरवर आलेले पेमेंट कसे तपासायचे ?,माझ्या यू.पी.आय नंबरवर आलेले पेमेंट कसे तपसायचे ?,माझ्या यु पी आय नंबरवर आलेले पेमेंट कसे तपासायचे,माझ्या यू पी आय नंबरवर आलेले पेमेंट कसे तपसायचे,4.17,22.22,4.0,25.0,0
IISc_RESPIN_mr_D3_71784_411001_M_AGRI_700619_70247230,D3,Agriculture,4.25,पशुपालन करताना कोणती उपाय योजना केली पाहिजे ?,पशुपालन करताना कोणती उपाय योजना केली पाहिजे ?,पशुपालन करताना कोणती उपाय योजना केली पाहिजे,पशुपालन करताना कोणती उपाय योजना केली पाहिजे,0.0,0.0,0.0,0.0,1
IISc_RESPIN_mr_D3_71784_411001_M_AGRI_700305_70250189,D3,Agriculture,5.97,बाजरीचे पिके कापण्यासाठी कोणता ट्रॅक्टर वापरता येईल का ?,बाजरीचे पिके कापण्यासाठी कोणता ट्रॅक्टर वापरता येईल का ?,बाजरीचे पिके कापण्यासाठी कोणता ट्रॅक्टर वापरता येईल का,बाजरीचे पिके कापण्यासाठी कोणता ट्रॅक्टर वापरता येईल का,0.0,0.0,0.0,0.0,1
IISc_RESPIN_mr_D3_72062_411014_F_AGRI_700062_70254913,D3,Agriculture,4.17,पिकांची औषधे सरकारी योजनेअंतर्गत मिळणार का ?,पिकांची औषधे सरकारी योजनेअंतर्गत मिळणार का ?,पिकांची औषधे सरकारी योजनेअंतर्गत मिळणार का,पिकांची औषधे सरकारी योजनेअंतर्गत मिळणार का,0.0,0.0,0.0,0.0,1
IISc_RESPIN_mr_D3_72062_411014_F_AGRI_700341_70254926,D3,Agriculture,3.22,सर्वोत्कृष्ट पशुखाद्य कोणते आहे ?,सर्वोत्कृष्ट पशुखाद्य कोणते आहे ?,सर्वोत्कृष्ट पशुखाद्य कोणते आहे,सर्वोत्कृष्ट पशुखाद्य कोणते आहे,0.0,0.0,0.0,0.0,1
IISc_RESPIN_mr_D3_72062_411014_F_AGRI_700484_70254938,D3,Agriculture,2.77,जमिनीचे व्यवस्थापन कसे करावे ?,जमिनीचे व्यवस्थापन कसे करावे ?,जमिनीचे व्यवस्थापन कसे करावे,जमिनीचे व्यवस्थापन कसे करावे,0.0,0.0,0.0,0.0,1
IISc_RESPIN_mr_D3_71784_411001_M_AGRI_700062_70255690,D3,Agriculture,4.17,पिकांची औषधे सरकारी योजनेअंतर्गत मिळणार का ?,पिकांची औषधे सरकारी योजनेअंतर्गत मिळणार का ?,पिकांची औषधे सरकारी योजनेअंतर्गत मिळणार का,पिकांची औषधे सरकारी योजनेअंतर्गत मिळणार का,0.0,0.0,0.0,0.0,1
IISc_RESPIN_mr_D3_71784_411001_M_AGRI_700341_70255708,D3,Agriculture,2.97,सर्वोत्कृष्ट पशुखाद्य कोणते आहे ?,सर्व पृष्ठ पशुखाद्य कोणते आहेत ?,सर्वोत्कृष्ट पशुखाद्य कोणते आहे,सर्व पृष्ठ पशुखाद्य कोणते आहेत,19.35,75.0,18.18,60.0,0
IISc_RESPIN_mr_D3_71784_411001_M_BANK_700880_70255720,D3,Banking,4.39,मी माझ्या खात्यातील पैसे दुसऱ्या बँकेत पाठवू शकतो का ?,मी माझ्या खात्यातील पैसे दुस⁇्या बँकेत पाठवू शकतो का ?,मी माझ्या खात्यातील पैसे दुसऱ्या बँकेत पाठवू शकतो का,मी माझ्या खात्यातील पैसे दुस⁇्या बँकेत पाठवू शकतो का,1.92,11.11,1.85,10.0,0
IISc_RESPIN_mr_D3_71784_411001_M_AGRI_700120_70255723,D3,Agriculture,3.8,ज्वारी पिकाला कोणत्या प्रकारचे सिंचन वापरू शकतो ?,ज्वारी पिकाला कोणत्या प्रकारचे सिंचन वापरू शकतो ?,ज्वारी पिकाला कोणत्या प्रकारचे सिंचन वापरू शकतो,ज्वारी पिकाला कोणत्या प्रकारचे सिंचन वापरू शकतो,0.0,0.0,0.0,0.0,1
IISc_RESPIN_mr_D3_71784_411001_M_AGRI_700554_70259288,D3,Agriculture,3.16,लाल मातीमध्ये कोणते पीक येते ?,लाल मातीमध्ये कोणते पिके येते ?,लाल मातीमध्ये कोणते पीक येते,लाल मातीमध्ये कोणते पिके येते,7.14,20.0,6.67,16.67,0
IISc_RESPIN_mr_D3_72062_411014_F_AGRI_700028_70260280,D3,Agriculture,4.31,कोंबडी खताने जमीनीची धूप होत नाही का ?,कोंबडी खताने जमिनीची धूप होत नाही का ?,कोंबडी खताने जमीनीची धूप होत नाही का,कोंबडी खताने जमिनीची धूप होत नाही का,2.78,14.29,2.63,12.5,0
IISc_RESPIN_mr_D3_72062_411014_F_AGRI_700091_70260317,D3,Agriculture,3.66,लवकर तयार होणाऱ्या तुरीच्या जाती कोणत्या ?,लवकर तयार होणार्या तुरीच्या जाती कोणत्या,लवकर तयार होणाऱ्या तुरीच्या जाती कोणत्या,लवकर तयार होणार्या तुरीच्या जाती कोणत्या,2.5,16.67,7.14,28.57,0
IISc_RESPIN_mr_D3_72062_411014_F_BANK_700880_70260655,D3,Banking,4.6,मी माझ्या खात्यातील पैसे दुसऱ्या बँकेत पाठवू शकतो का ?,मी माझ्या खात्यातील पैसे दुस⁇्या बँकेत पाठवू शकतो का ?,मी माझ्या खात्यातील पैसे दुसऱ्या बँकेत पाठवू शकतो का,मी माझ्या खात्यातील पैसे दुस⁇्या बँकेत पाठवू शकतो का,1.92,11.11,1.85,10.0,0
IISc_RESPIN_mr_D3_72062_411014_F_AGRI_703724_70260892,D3,Agriculture,5.37,लोखंडाचे रेक माती हलके करण्याचेही काम करू शकतात,लोखंडाचे रेक माती हलके करण्याचे ही काम करू शकतात,लोखंडाचे रेक माती हलके करण्याचेही काम करू शकतात,लोखंडाचे रेक माती हलके करण्याचे ही काम करू शकतात,2.13,25.0,2.13,25.0,0
IISc_RESPIN_mr_D3_72062_411014_F_AGRI_703729_70260899,D3,Agriculture,5.46,वर्कशायर जातीचे काळे डुक्कर इंग्लंडमध्ये आढळते,वर्कशायर जातीचे काळे डुकर इंग्लंड मध्ये आढळते,वर्कशायर जातीचे काळे डुक्कर इंग्लंडमध्ये आढळते,वर्कशायर जातीचे काळे डुकर इंग्लंड मध्ये आढळते,6.52,50.0,6.52,50.0,0
IISc_RESPIN_mr_D3_71784_411001_M_AGRI_704149_70261283,D3,Agriculture,4.74,गौरीने आलं आणि हिरवी वेलची घालून चहा बनवला,गौरीने आलो आणि हिरवी वेलची घालून चहा बनवला,गौरीने आलं आणि हिरवी वेलची घालून चहा बनवला,गौरीने आलो आणि हिरवी वेलची घालून चहा बनवला,2.38,12.5,2.38,12.5,0
IISc_RESPIN_mr_D3_71784_411001_M_BANK_706127_70261296,D3,Banking,3.93,मला पीअर टू पीअर कर्ज मिळू शकेल का ?,मला पीअर टू पीअर कर्ज मिळू शकेल का ?,मला पीअर टू पीअर कर्ज मिळू शकेल का,मला पीअर टू पीअर कर्ज मिळू शकेल का,0.0,0.0,0.0,0.0,1
IISc_RESPIN_mr_D3_71784_411001_M_BANK_702125_70261299,D3,Banking,6.1,"मोहनने सांगितले की , उद्यापासून निधी हस्तांतरण रोख रकमेने करणार नाही",मोहनने सांगितले की उद्यापासून निधी हस्तांतरण रोख रकमेने करणार नाही,मोहनने सांगितले की उद्यापासून निधी हस्तांतरण रोख रकमेने करणार नाही,मोहनने सांगितले की उद्यापासून निधी हस्तांतरण रोख रकमेने करणार नाही,0.0,0.0,2.94,9.09,1
IISc_RESPIN_mr_D3_71784_411001_M_BANK_702036_70261392,D3,Banking,6.11,मी भविष्यातील योग्य मूल्य असलेले शेअर्स निवडले आणि आता मी नफा मिळवत आहे,मी भविष्यातील योग्य मूल्य असलेले शेअर्स निवडले आणि आता मीन नफा मिळवत आहे,मी भविष्यातील योग्य मूल्य असलेले शेअर्स निवडले आणि आता मी नफा मिळवत आहे,मी भविष्यातील योग्य मूल्य असलेले शेअर्स निवडले आणि आता मीन नफा मिळवत आहे,1.41,7.69,1.41,7.69,0
IISc_RESPIN_mr_D3_71784_411001_M_AGRI_705871_70261402,D3,Agriculture,4.16,सेंद्रिय अन्नाचे उत्पादन मोठ्या प्रमाणावर होत आहे,सेंद्रिय अन्नाचे उत्पाद मोठ्या प्रमाणावर होत आहे,सेंद्रिय अन्नाचे उत्पादन मोठ्या प्रमाणावर होत आहे,सेंद्रिय अन्नाचे उत्पाद मोठ्या प्रमाणावर होत आहे,2.04,14.29,2.04,14.29,0
IISc_RESPIN_mr_D3_71784_411001_M_AGRI_705863_70261427,D3,Agriculture,8.39,"सुका चारा व हिरवा चारा यांच्या तरतुदीबरोबरच बेसन , कोंडा , खळी यांचाही वापर केला जातो",सुका चारा व हिरवा चारा यांच्या तर तु दी बरोबर बेसन कोंडा खरी यांचाही वापर केला जातो,सुका चारा व हिरवा चारा यांच्या तरतुदीबरोबरच बेसन कोंडा खळी यांचाही वापर केला जातो,सुका चारा व हिरवा चारा यांच्या तर तु दी बरोबर बेसन कोंडा खरी यांचाही वापर केला जातो,6.17,35.71,10.59,43.75,0
IISc_RESPIN_mr_D3_72537_410503_F_BANK_702842_70290776,D3,Banking,4.88,चलनासाठी आपण कोणत्या काउंटरशी संपर्क साधावा ?,चलनासाठी आपण कोणत्या काउंटर शी संपर्क साधावा,चलनासाठी आपण कोणत्या काउंटरशी संपर्क साधावा,चलनासाठी आपण कोणत्या काउंटर शी संपर्क साधावा,2.33,33.33,6.67,42.86,0
IISc_RESPIN_mr_D3_72537_410503_F_AGRI_705110_70293210,D3,Agriculture,5.09,भारतात अनेक प्रकारच्या जलचर वनस्पतींची निर्मिती होते,भारतात अनेक प्रकारच्या जलचर वनस्पतीचे निर्मिती होते,भारतात अनेक प्रकारच्या जलचर वनस्पतींची निर्मिती होते,भारतात अनेक प्रकारच्या जलचर वनस्पतीचे निर्मिती होते,3.85,14.29,3.85,14.29,0
IISc_RESPIN_mr_D3_72537_410503_F_BANK_703904_70303195,D3,Banking,5.68,सामान्य माणसालाही बँकांकडून कर्जाची सुविधा मिळते,सामान्य माणसाला ही बँकांकडून कर्जाची सुविधा येते,सामान्य माणसालाही बँकांकडून कर्जाची सुविधा मिळते,सामान्य माणसाला ही बँकांकडून कर्जाची सुविधा येते,8.33,50.0,8.33,50.0,0
IISc_RESPIN_mr_D3_72537_410503_F_AGRI_704397_70306482,D3,Agriculture,5.03,आईने बागेत डॅफोडीलचे रोपटी लावली आहेत,आईने बागेत मंडफोडी चे रोपटी लावली आहे,आईने बागेत डॅफोडीलचे रोपटी लावली आहेत,आईने बागेत मंडफोडी चे रोपटी लावली आहे,13.51,50.0,13.51,50.0,0
IISc_RESPIN_mr_D3_72537_410503_F_AGRI_704371_70306547,D3,Agriculture,3.17,अमोनियापासूनही नायट्रेट बनवता येते,अमोनिया पासून ही नायट्रेट बनवता येते,अमोनियापासूनही नायट्रेट बनवता येते,अमोनिया पासून ही नायट्रेट बनवता येते,5.88,75.0,5.88,75.0,0
IISc_RESPIN_mr_D3_72537_410503_F_AGRI_703026_70306548,D3,Agriculture,10.82,"द्राक्षांमध्ये कर्बोदके , व्हिटॅमिन बी सहा , व्हिटॅमिन सी , कॅल्शियम , लोह इत्यादी पोषक घटक आहेत",द्राक्ष मध्ये कार्ब टक्के व्हिटॅमिन बी सहा विमे सिल्शियम लोह इत्यादी सोळपोषक घटक आहेत,द्राक्षांमध्ये कर्बोदके व्हिटॅमिन बी सहा व्हिटॅमिन सी कॅल्शियम लोह इत्यादी पोषक घटक आहेत,द्राक्ष मध्ये कार्ब टक्के व्हिटॅमिन बी सहा विमे सिल्शियम लोह इत्यादी सोळपोषक घटक आहेत,22.73,61.54,28.12,64.71,0
IISc_RESPIN_mr_D3_72572_410503_M_AGRI_704371_70306792,D3,Agriculture,2.92,अमोनियापासूनही नायट्रेट बनवता येते,अमोनिया पासून ही नायट्रेट बनवता येते,अमोनियापासूनही नायट्रेट बनवता येते,अमोनिया पासून ही नायट्रेट बनवता येते,5.88,75.0,5.88,75.0,0
IISc_RESPIN_mr_D3_72572_410503_M_BANK_705438_70306817,D3,Banking,4.82,"मोहन यांनी विचारले की , खाद्यपदार्थांवर जी.एस.टी अठरा टक्के आहे का ?",मोहन यानी विचारले की खाद्य प्रथा वरजी.एस.टी आठरा टक्के आहे का ?,मोहन यांनी विचारले की खाद्यपदार्थांवर जी एस टी अठरा टक्के आहे का,मोहन यानी विचारले की खाद्य प्रथा वरजी एस टी आठरा टक्के आहे का,12.5,41.67,14.71,41.67,0
IISc_RESPIN_mr_D3_72592_411046_F_AGRI_705110_70307450,D3,Agriculture,5.89,भारतात अनेक प्रकारच्या जलचर वनस्पतींची निर्मिती होते,भारतात अनेक प्रकारच्या जलचर वनस्पतीची निर्मिती होते,भारतात अनेक प्रकारच्या जलचर वनस्पतींची निर्मिती होते,भारतात अनेक प्रकारच्या जलचर वनस्पतीची निर्मिती होते,1.92,14.29,1.92,14.29,0
IISc_RESPIN_mr_D3_72592_411046_F_BANK_703452_70312924,D3,Banking,4.45,मी पीअर टू पीअर कर्ज घेण्यास पात्र आहे का ?,मी पीअर टू पीअर कर्ज घेण्यास पात्र आहे का ?,मी पीअर टू पीअर कर्ज घेण्यास पात्र आहे का,मी पीअर टू पीअर कर्ज घेण्यास पात्र आहे का,0.0,0.0,0.0,0.0,1
IISc_RESPIN_mr_D3_72592_411046_F_BANK_702433_70314931,D3,Banking,7.35,असुरक्षित कर्ज हे एक प्रकारचे असुरक्षित कर्ज म्हणून गृहीत धरले जाते,असुरक्षित कर्ज हे एक प्रकारचे असुरक्षित कर्ज म्हणून गृहीत धरले जाते,असुरक्षित कर्ज हे एक प्रकारचे असुरक्षित कर्ज म्हणून गृहीत धरले जाते,असुरक्षित कर्ज हे एक प्रकारचे असुरक्षित कर्ज म्हणून गृहीत धरले जाते,0.0,0.0,0.0,0.0,1
IISc_RESPIN_mr_D3_72592_411046_F_AGRI_703453_70314955,D3,Agriculture,2.8,मी पुदिना नान खात आहे,मी पुदीना नान खात आहे,मी पुदिना नान खात आहे,मी पुदीना नान खात आहे,4.76,20.0,4.76,20.0,0
IISc_RESPIN_mr_D3_72592_411046_F_BANK_706222_70315386,D3,Banking,5.2,महागाईचा भारतीय अर्थव्यवस्थेवर कसा परिणाम होऊ शकतो ?,महागाईचा भारतीय अर्थव्यवस्थेवर कसा परिणाम होऊ शकतो,महागाईचा भारतीय अर्थव्यवस्थेवर कसा परिणाम होऊ शकतो,महागाईचा भारतीय अर्थव्यवस्थेवर कसा परिणाम होऊ शकतो,0.0,0.0,3.85,12.5,1
IISc_RESPIN_mr_D3_72592_411046_F_BANK_704470_70315393,D3,Banking,5.05,आपल्याला विमा कंपनीत काम करून किती वर्षे झाली आहेत ?,आपल्याला विमा कंपनीत काम करून किती वर्ष झाले आहेत ?,आपल्याला विमा कंपनीत काम करून किती वर्षे झाली आहेत,आपल्याला विमा कंपनीत काम करून किती वर्ष झाले आहेत,4.0,22.22,3.85,20.0,0
IISc_RESPIN_mr_D3_72592_411046_F_BANK_701585_70315398,D3,Banking,4.95,आर्थिक बाबी समजून घेतल्यास प्रत्येक व्यवसाय करणे सोपे जाते,आर्थिक बाबी समजून घेतल्यास प्रत्येक व्यवसाय करणे सोपे जाते,आर्थिक बाबी समजून घेतल्यास प्रत्येक व्यवसाय करणे सोपे जाते,आर्थिक बाबी समजून घेतल्यास प्रत्येक व्यवसाय करणे सोपे जाते,0.0,0.0,0.0,0.0,1
IISc_RESPIN_mr_D3_72572_410503_M_AGRI_705623_70317950,D3,Agriculture,5.02,"रेकच्या साहाय्याने शेतातील गवत , पाने इत्यादी गोळा करण्याचे काम केले जाते",रेटच्या सहाय्याने शेतातील गवत पाणी इत्यादी वळ करण्याचे काम केले जाते,रेकच्या साहाय्याने शेतातील गवत पाने इत्यादी गोळा करण्याचे काम केले जाते,रेटच्या सहाय्याने शेतातील गवत पाणी इत्यादी वळ करण्याचे काम केले जाते,9.86,36.36,12.33,41.67,0
IISc_RESPIN_mr_D3_72572_410503_M_BANK_701978_70317962,D3,Banking,3.62,मला संशोधनासाठी सरकारकडून अनुदान मिळाले आहे,मला संशोधनासाठी सरकारकडून अन जान मिळाले आहे,मला संशोधनासाठी सरकारकडून अनुदान मिळाले आहे,मला संशोधनासाठी सरकारकडून अन जान मिळाले आहे,4.65,33.33,4.65,33.33,0
IISc_RESPIN_mr_D3_72572_410503_M_BANK_705106_70318029,D3,Banking,5.37,भारताचा केंद्रीय अर्थसंकल्प शेतकरांच्या फायद्याचा आहे,भारताचा केंद्रिय अर्थसंकल्प शेतकर्यांच्या फायद्याचा आहे,भारताचा केंद्रीय अर्थसंकल्प शेतकरांच्या फायद्याचा आहे,भारताचा केंद्रिय अर्थसंकल्प शेतकर्यांच्या फायद्याचा आहे,5.66,33.33,5.66,33.33,0
IISc_RESPIN_mr_D3_72572_410503_M_AGRI_704864_70318057,D3,Agriculture,3.11,दक्षिण आफ्रिकेत सर्वाधिक वन्यजीव शेती होते,दक्षिण आफ्रिकेत सर्वाधिक मन्यची शेती होते,दक्षिण आफ्रिकेत सर्वाधिक वन्यजीव शेती होते,दक्षिण आफ्रिकेत सर्वाधिक मन्यची शेती होते,7.14,16.67,7.14,16.67,0
IISc_RESPIN_mr_D3_72572_410503_M_BANK_706054_70319552,D3,Banking,3.58,हावडामध्ये कर महसूल विभागाचे कार्यालय कोठे आहे ?,हाड मध्ये कर महसूल विभागाचे कार्यालय कुठे आहे ?,हावडामध्ये कर महसूल विभागाचे कार्यालय कोठे आहे,हाड मध्ये कर महसूल विभागाचे कार्यालय कुठे आहे,6.52,42.86,6.25,37.5,0
IISc_RESPIN_mr_D1_72596_416510_F_AGRI_709667_70321935,D1,Agriculture,5.74,वेगन एक वजनदार चार चाकांची गाडी हा जेच्या ड्राफ्टना जानवरांका ओढतत,वेगन एक वजन दर चार चा खांची गाडी हा ज्याच्या ड्राफन जानवरांक ओडतत,वेगन एक वजनदार चार चाकांची गाडी हा जेच्या ड्राफ्टना जानवरांका ओढतत,वेगन एक वजन दर चार चा खांची गाडी हा ज्याच्या ड्राफन जानवरांक ओडतत,18.18,72.73,18.18,72.73,0
IISc_RESPIN_mr_D1_72596_416510_F_BANK_707590_70321947,D1,Banking,4.95,"तुका ठाऊक हा , भारतात जास्तकरून सामान्य स्टॉकची मोठी गुंतवणूक केली जाता",तुकठा गाळ भारतात जास्त करून सामान्य स्टॉकचे मोठी गुंतवणूक केली जाता,तुका ठाऊक हा भारतात जास्तकरून सामान्य स्टॉकची मोठी गुंतवणूक केली जाता,तुकठा गाळ भारतात जास्त करून सामान्य स्टॉकचे मोठी गुंतवणूक केली जाता,11.59,54.55,12.68,58.33,0
IISc_RESPIN_mr_D1_72596_416510_F_AGRI_709868_70321951,D1,Agriculture,4.75,खरीब पिकांसाठी बहूपोषक खता खूप फायदेशीर असत,खरीप पिकांसाठी बहु पोषक खता खूप फायदेशीर असतात,खरीब पिकांसाठी बहूपोषक खता खूप फायदेशीर असत,खरीप पिकांसाठी बहु पोषक खता खूप फायदेशीर असतात,11.63,57.14,11.63,57.14,0
IISc_RESPIN_mr_D1_72617_416510_F_AGRI_707901_70322568,D1,Agriculture,10.55,माणूस स्वताच्या फायद्यासाठी चिंगळांचा उप्तादन करता,मांडून स्वताच्या फायद्यासाठी किंगडाचा उत्पाद उत्पादन करता,माणूस स्वताच्या फायद्यासाठी चिंगळांचा उप्तादन करता,मांडून स्वताच्या फायद्यासाठी किंगडाचा उत्पाद उत्पादन करता,28.0,66.67,28.0,66.67,0
IISc_RESPIN_mr_D1_72617_416510_F_AGRI_710946_70322572,D1,Agriculture,12.19,मेंढीपालन सुविधांमध्ये योग्य वायुजीवन आणि सुलभ व्यवस्थापन समाविष्ट असता,मेंढ्री पालन सुविधा मध्ये योग्य वाई जीवन आणि शुल्लक व्यवस्था पण समाविष्ट असता,मेंढीपालन सुविधांमध्ये योग्य वायुजीवन आणि सुलभ व्यवस्थापन समाविष्ट असता,मेंढ्री पालन सुविधा मध्ये योग्य वाई जीवन आणि शुल्लक व्यवस्था पण समाविष्ट असता,16.9,100.0,16.9,100.0,0
IISc_RESPIN_mr_D1_72617_416510_F_AGRI_710996_70322577,D1,Agriculture,9.99,लोकसंख्या वाढीबरोबरच शेतमालाचो बाजारभाव पण वाढत हा,लोकसंख्या वाढी बरोबर शे शेतमालाचो बाजारभाव पण वाढत हा,लोकसंख्या वाढीबरोबरच शेतमालाचो बाजारभाव पण वाढत हा,लोकसंख्या वाढी बरोबर शे शेतमालाचो बाजारभाव पण वाढत हा,8.0,42.86,8.0,42.86,0
IISc_RESPIN_mr_D1_72617_416510_F_BANK_706472_70322597,D1,Banking,11.61,प्रकल्प उद्योजक ही अशी व्यक्ती आसता जी वारंवार तात्पुरत्या संस्थांच्या निर्मितीत गुंतलेली असता,प्रकल्प उद्योग ही अशी व्यक्ती आसता ज्वारवार ताकपूर त्या संस्थांच्या निर्मिती गुंतलेली असता,प्रकल्प उद्योजक ही अशी व्यक्ती आसता जी वारंवार तात्पुरत्या संस्थांच्या निर्मितीत गुंतलेली असता,प्रकल्प उद्योग ही अशी व्यक्ती आसता ज्वारवार ताकपूर त्या संस्थांच्या निर्मिती गुंतलेली असता,10.64,38.46,10.64,38.46,0
IISc_RESPIN_mr_D1_72617_416510_F_BANK_707590_70323519,D1,Banking,9.58,"तुका ठाऊक हा , भारतात जास्तकरून सामान्य स्टॉकची मोठी गुंतवणूक केली जाता",तुका ठाऊक हा भारतात जास्त करून सामान्य स्टॉकची मोठी गुंतवणूक केली जाता,तुका ठाऊक हा भारतात जास्तकरून सामान्य स्टॉकची मोठी गुंतवणूक केली जाता,तुका ठाऊक हा भारतात जास्त करून सामान्य स्टॉकची मोठी गुंतवणूक केली जाता,1.45,18.18,4.23,25.0,0
IISc_RESPIN_mr_D1_72617_416510_F_BANK_707537_70324274,D1,Banking,7.38,जेव्हा एखादो माणूस बँकेत खाता उघडता तेव्हा त्येका पासबुक दिला जाता,जेव्हा खातो मांडून बँकेत खाता उघडता तेव्हा त्याका पासबुक दिला जाता,जेव्हा एखादो माणूस बँकेत खाता उघडता तेव्हा त्येका पासबुक दिला जाता,जेव्हा खातो मांडून बँकेत खाता उघडता तेव्हा त्याका पासबुक दिला जाता,9.09,27.27,9.09,27.27,0
IISc_RESPIN_mr_D1_72617_416510_F_BANK_706555_70324313,D1,Banking,10.47,स्थिर मालमत्ता फ्रीहोल्ड मालमत्ता आणि लीजहोल्ड मालमत्ता ह्या दोन प्रकारांपैकी येक असा,स्थिर मालमत्ता फ्रीहोल्ड मालमत्ता आणि विज रोल मालमत्ता ह्या दोन प्रकारापकी एक आसा,स्थिर मालमत्ता फ्रीहोल्ड मालमत्ता आणि लीजहोल्ड मालमत्ता ह्या दोन प्रकारांपैकी येक असा,स्थिर मालमत्ता फ्रीहोल्ड मालमत्ता आणि विज रोल मालमत्ता ह्या दोन प्रकारापकी एक आसा,12.94,41.67,12.94,41.67,0
IISc_RESPIN_mr_D1_72617_416510_F_BANK_707243_70324330,D1,Banking,14.54,जीवन प्रमाणपत्र मिळवूक पेन्शन घेतलेला व्यक्तीन एकतर सवता समोर सादर करणा आवश्यक हा,जीवन प्रमाणपत्र मिळून पेन्शन घेतलेला व्यक्ती एकतर स्वता समोर सादर करणार आवशकषा हा,जीवन प्रमाणपत्र मिळवूक पेन्शन घेतलेला व्यक्तीन एकतर सवता समोर सादर करणा आवश्यक हा,जीवन प्रमाणपत्र मिळून पेन्शन घेतलेला व्यक्ती एकतर स्वता समोर सादर करणार आवशकषा हा,9.88,38.46,9.88,38.46,0
IISc_RESPIN_mr_D1_72617_416510_F_AGRI_709132_70324333,D1,Agriculture,11.51,इसवी सन पुर्व तिसऱ्या शतकात कपडा बनवूक जूट वापरत हुते,इसवी सन पूर्व तिसर्या शतकात कपडा बनवून यू वापरत होते होते,इसवी सन पुर्व तिसऱ्या शतकात कपडा बनवूक जूट वापरत हुते,इसवी सन पूर्व तिसर्या शतकात कपडा बनवून यू वापरत होते होते,20.75,60.0,20.75,60.0,0
IISc_RESPIN_mr_D1_72596_416510_F_BANK_707243_70324353,D1,Banking,6.19,जीवन प्रमाणपत्र मिळवूक पेन्शन घेतलेला व्यक्तीन एकतर सवता समोर सादर करणा आवश्यक हा,जीवन प्रमाणपत्र मुळ पेन्शन घेतलेला व्यक्तीन एकतर सौता समोर सादर करणा आवश्यक हा,जीवन प्रमाणपत्र मिळवूक पेन्शन घेतलेला व्यक्तीन एकतर सवता समोर सादर करणा आवश्यक हा,जीवन प्रमाणपत्र मुळ पेन्शन घेतलेला व्यक्तीन एकतर सौता समोर सादर करणा आवश्यक हा,6.17,15.38,6.17,15.38,0
IISc_RESPIN_mr_D1_72596_416510_F_AGRI_710970_70324361,D1,Agriculture,4.93,राजू कर्नाटकात वेलची लागवड करुक दहा महिन्यांच्या कोंबांचो वापर करतत,राजू कर्नाटकात वेलची लागवड करूक दहा महिन्याच्या कोंबड्याच वापर करतत,राजू कर्नाटकात वेलची लागवड करुक दहा महिन्यांच्या कोंबांचो वापर करतत,राजू कर्नाटकात वेलची लागवड करूक दहा महिन्याच्या कोंबड्याच वापर करतत,10.45,30.0,10.45,30.0,0
IISc_RESPIN_mr_D1_72596_416510_F_BANK_706555_70324366,D1,Banking,6.79,स्थिर मालमत्ता फ्रीहोल्ड मालमत्ता आणि लीजहोल्ड मालमत्ता ह्या दोन प्रकारांपैकी येक असा,स्थिर मालमत्ता फ्री होल्ड मालमत्ता आणि ली गोड मालमत्ता ह्या दोन प्रकारांपिक यक आसा,स्थिर मालमत्ता फ्रीहोल्ड मालमत्ता आणि लीजहोल्ड मालमत्ता ह्या दोन प्रकारांपैकी येक असा,स्थिर मालमत्ता फ्री होल्ड मालमत्ता आणि ली गोड मालमत्ता ह्या दोन प्रकारांपिक यक आसा,10.59,58.33,10.59,58.33,0
IISc_RESPIN_mr_D1_72596_416510_F_AGRI_709431_70324392,D1,Agriculture,4.05,चरस ह्यो एक नशा आणि जीवघेणो पदार्थ असा,चरस ह्यो एक नशा आणि जोगन पदार्थ असा,चरस ह्यो एक नशा आणि जीवघेणो पदार्थ असा,चरस ह्यो एक नशा आणि जोगन पदार्थ असा,15.79,12.5,15.79,12.5,0
IISc_RESPIN_mr_D1_72617_416510_F_AGRI_711696_70324726,D1,Agriculture,7.44,तुषार सिंचनाचो उपयोग करून खयची पीका चांगली येतत ?,तुषार सिंचनाचो उपयोग करून खयची पिका चांगली येतात ?,तुषार सिंचनाचो उपयोग करून खयची पीका चांगली येतत,तुषार सिंचनाचो उपयोग करून खयची पिका चांगली येतात,4.26,25.0,4.08,22.22,0
IISc_RESPIN_mr_D1_72617_416510_F_BANK_712185_70324736,D1,Banking,3.68,कर्जाक लागणारी मुदत वाढ होता काय ?,कर्जाक लागणारी मुदत वाढ होता काय ?,कर्जाक लागणारी मुदत वाढ होता काय,कर्जाक लागणारी मुदत वाढ होता काय,0.0,0.0,0.0,0.0,1
IISc_RESPIN_mr_D1_72617_416510_F_BANK_712330_70324745,D1,Banking,4.54,सामाजिक क्षेत्रांत कसले कसले योजना आसत ?,सामाजिक क्षेत्रात कसले कसले योजना आसतत ?,सामाजिक क्षेत्रांत कसले कसले योजना आसत,सामाजिक क्षेत्रात कसले कसले योजना आसतत,5.26,33.33,5.0,28.57,0
IISc_RESPIN_mr_D1_72617_416510_F_AGRI_711268_70324818,D1,Agriculture,11.93,जर एक शेतकरी आपल्या शेतासाठी मशीन विकत घेता तर त्याका आर्थिक सूट मिलतली काय ?,जड एक शेतकरी आपल्या शेतासाठी मशीन विकत घेता तर त्याका आर्थिक सोडी मिळतली काय,जर एक शेतकरी आपल्या शेतासाठी मशीन विकत घेता तर त्याका आर्थिक सूट मिलतली काय,जड एक शेतकरी आपल्या शेतासाठी मशीन विकत घेता तर त्याका आर्थिक सोडी मिळतली काय,6.67,21.43,9.09,26.67,0
IISc_RESPIN_mr_D1_72596_416510_F_BANK_708916_70325140,D1,Banking,7.45,युनियन बॅन्क ऑफ इंडिया पंच्याण्णव शाखांमधली पाचवा सगळ्यात मोठा पीएसयू बॅन्क बनली हा,इनियन बँक ऑफ इंडिया पंचाशाखांमधली पाचवा सगळ्यात मोठा पी.एस ह्य बँक बांधली या,युनियन बॅन्क ऑफ इंडिया पंच्याण्णव शाखांमधली पाचवा सगळ्यात मोठा पीएसयू बॅन्क बनली हा,इनियन बँक ऑफ इंडिया पंचाशाखांमधली पाचवा सगळ्यात मोठा पी एस ह्य बँक बांधली या,28.92,76.92,28.92,69.23,0
IISc_RESPIN_mr_D4_70135_441304_M_BANK_723822_70326006,D4,Banking,4.73,मले बँकेतून किती रुपयापर्यंत कर्ज भेटन ?,मले बँकेतून किती रुपयापर्यंत कर्ज भेटन ?,मले बँकेतून किती रुपयापर्यंत कर्ज भेटन,मले बँकेतून किती रुपयापर्यंत कर्ज भेटन,0.0,0.0,0.0,0.0,1
IISc_RESPIN_mr_D4_70135_441304_M_AGRI_723250_70326124,D4,Agriculture,3.77,लाल मातीत पानी धरुन ठेवाची ताकद कशी रायते ?,लाल मातीत पाणी धरून ठेवायची ताप कशी रायते ?,लाल मातीत पानी धरुन ठेवाची ताकद कशी रायते,लाल मातीत पाणी धरून ठेवायची ताप कशी रायते,12.2,50.0,11.63,44.44,0
IISc_RESPIN_mr_D4_70135_441304_M_BANK_723626_70326159,D4,Banking,3.24,पैसे गुंतवन्यासाठी कोनचे कागद लागन ?,पैसे गुंतवण्यासाठी कोनते कागद लागन ?,पैसे गुंतवन्यासाठी कोनचे कागद लागन,पैसे गुंतवण्यासाठी कोनते कागद लागन,5.88,40.0,5.56,33.33,0
IISc_RESPIN_mr_D4_70135_441304_M_BANK_723698_70326176,D4,Banking,4.36,"मले तीन लाख गुंतवाचे हाय , ते मले कसे गुंतवता येईन ?",मले तीन ला गुंतवायचे हाय ते मले कसे गुंतवता येईन ?,मले तीन लाख गुंतवाचे हाय ते मले कसे गुंतवता येईन,मले तीन ला गुंतवायचे हाय ते मले कसे गुंतवता येईन,4.17,20.0,7.69,25.0,0
IISc_RESPIN_mr_D4_70135_441304_M_AGRI_723163_70326268,D4,Agriculture,3.25,माती परीक्षन कुठ अस कस कराव ?,माती परीषन कुठ अस कस कराव ?,माती परीक्षन कुठ अस कस कराव,माती परीषन कुठ अस कस कराव,7.41,16.67,6.9,14.29,0
IISc_RESPIN_mr_D4_70135_441304_M_BANK_723762_70326282,D4,Banking,3.13,खातं काढताना मले किती पैसा भरा लागन ?,खातं काढताना मले किती पैसे भरा लागन ?,खातं काढताना मले किती पैसा भरा लागन,खातं काढताना मले किती पैसे भरा लागन,2.86,14.29,2.7,12.5,0
IISc_RESPIN_mr_D4_70135_441304_M_BANK_723720_70327118,D4,Banking,2.58,यू.पी.आय न पैसा पाठवन सोपं हाय का ?,यू.पी.आय ने पैसे पाठव नं उपाय का ?,यू पी आय न पैसा पाठवन सोपं हाय का,यू पी आय ने पैसे पाठव नं उपाय का,24.24,55.56,22.86,62.5,0
IISc_RESPIN_mr_D4_70135_441304_M_BANK_723825_70327132,D4,Banking,2.77,मले बँकेतून कितीक वर्षासाठी कर्ज भेटन ?,मले बँकेतून कितीक वर्षासाठी कर्ज भेटन ?,मले बँकेतून कितीक वर्षासाठी कर्ज भेटन,मले बँकेतून कितीक वर्षासाठी कर्ज भेटन,0.0,0.0,0.0,0.0,1
IISc_RESPIN_mr_D4_70135_441304_M_BANK_724164_70327156,D4,Banking,4.73,सोने गहान ठोल्यावर पैसे घेतल्यास मले किती व्याज लागन ?,सोनी गान ठेवल्यावर पैसे घेतल्यास मले किती व्याज लागन ?,सोने गहान ठोल्यावर पैसे घेतल्यास मले किती व्याज लागन,सोनी गान ठेवल्यावर पैसे घेतल्यास मले किती व्याज लागन,7.69,33.33,7.41,30.0,0
IISc_RESPIN_mr_D4_70135_441304_M_BANK_720384_70327230,D4,Banking,3.96,पंजाब नॅशनल बँकेचे मुख्यालय नवी दिल्ली येथे आहे,पंजाब नॅशनल बँकेचे मुख्यालय नवी दिली येते आहे,पंजाब नॅशनल बँकेचे मुख्यालय नवी दिल्ली येथे आहे,पंजाब नॅशनल बँकेचे मुख्यालय नवी दिली येते आहे,6.38,25.0,6.38,25.0,0
IISc_RESPIN_mr_D4_70135_441304_M_BANK_721239_70327325,D4,Banking,8.94,सिंगापूर बँकिंग गोपनीयता बँकिंग कायद्याच्या कलम चोवीस नुसार नियमित केली जाते,सिंगापूर बँकिंग गोपनीयता बँकिंग आहे द्या च्या कलम चोवीस नुसार नियमित केली जाते,सिंगापूर बँकिंग गोपनीयता बँकिंग कायद्याच्या कलम चोवीस नुसार नियमित केली जाते,सिंगापूर बँकिंग गोपनीयता बँकिंग आहे द्या च्या कलम चोवीस नुसार नियमित केली जाते,6.58,27.27,6.58,27.27,0
IISc_RESPIN_mr_D4_70135_441304_M_AGRI_718849_70327546,D4,Agriculture,4.69,मातीच्या आम्लीकरणामुळे उत्पादन प्रक्रियेत बदल दिसून येत आहे,मातीच्या अंडी करणामुळे उत्पादन प्रक्रियेत बदल दिसून येत आहे,मातीच्या आम्लीकरणामुळे उत्पादन प्रक्रियेत बदल दिसून येत आहे,मातीच्या अंडी करणामुळे उत्पादन प्रक्रियेत बदल दिसून येत आहे,8.47,25.0,8.47,25.0,0
IISc_RESPIN_mr_D4_70135_441304_M_AGRI_719676_70327582,D4,Agriculture,4.05,प्रीतम उद्या माझ्या घरून छिन्नी नांगर घे,प्रीतम उद्या माझ्या घरून छिन्नी नांगर घे,प्रीतम उद्या माझ्या घरून छिन्नी नांगर घे,प्रीतम उद्या माझ्या घरून छिन्नी नांगर घे,0.0,0.0,0.0,0.0,1
IISc_RESPIN_mr_D4_70135_441304_M_BANK_721429_70327636,D4,Banking,6.33,कोणताही व्यापारी आपल्या व्यवसायात नफा मिळवण्यासाठीच काम करेल,कोणताही व्यापारी आपल्या व्यवसायात नफा मिळविण्यासाठी च काम करेल,कोणताही व्यापारी आपल्या व्यवसायात नफा मिळवण्यासाठीच काम करेल,कोणताही व्यापारी आपल्या व्यवसायात नफा मिळविण्यासाठी च काम करेल,3.33,25.0,3.33,25.0,0
IISc_RESPIN_mr_D4_70135_441304_M_BANK_721687_70327651,D4,Banking,8.73,मार्जिन फायनान्स सुविधा ग्राहकांना शेअर्सच्या व्यापारासाठी कर्ज देण्यास संदर्भित करते,मागून फायनान्स सुविधा गाकांना शेअर्सच्या व्यापारासाठी कर्ज देण्यात संदर्भित करते,मार्जिन फायनान्स सुविधा ग्राहकांना शेअर्सच्या व्यापारासाठी कर्ज देण्यास संदर्भित करते,मागून फायनान्स सुविधा गाकांना शेअर्सच्या व्यापारासाठी कर्ज देण्यात संदर्भित करते,9.41,30.0,9.41,30.0,0
IISc_RESPIN_mr_D4_70135_441304_M_AGRI_722810_70327728,D4,Agriculture,4.49,स्थान बदलत असताना हवामान आणि हवामान बदलत राहतात,स्थान बदलल असतांना वा मानाने हवामान बदलत राहतात,स्थान बदलत असताना हवामान आणि हवामान बदलत राहतात,स्थान बदलल असतांना वा मानाने हवामान बदलत राहतात,17.02,50.0,17.02,50.0,0
IISc_RESPIN_mr_D4_70135_441304_M_BANK_721656_70327753,D4,Banking,6.77,"के.वाय.सी करण्यात अयशस्वी झाल्यास , एखादी व्यक्ती बँक खाते उघडण्यास नकार देऊ शकते",के.वाय.सी करण्यात अयशस्वी आल्यास एकांदी व्यक्ती बँक खाते उघडण्यास नकार देऊ शकते,के वाय सी करण्यात अयशस्वी झाल्यास एखादी व्यक्ती बँक खाते उघडण्यास नकार देऊ शकते,के वाय सी करण्यात अयशस्वी आल्यास एकांदी व्यक्ती बँक खाते उघडण्यास नकार देऊ शकते,5.06,14.29,7.41,23.08,0
IISc_RESPIN_mr_D4_70135_441304_M_BANK_722746_70328065,D4,Banking,5.13,मी सुरुवातीला सार्वजनिक सहकार्य निधीची मदत घेतली,मी सुरवातीला सार्वजनिक सहकार्य निधीची मदत घेतेली,मी सुरुवातीला सार्वजनिक सहकार्य निधीची मदत घेतली,मी सुरवातीला सार्वजनिक सहकार्य निधीची मदत घेतेली,4.17,28.57,4.17,28.57,0
IISc_RESPIN_mr_D4_70245_441304_M_BANK_724247_70328194,D4,Banking,3.38,आरोग्य बिमा ऑनलाईन भरता येते का ?,आरोग्य विमा ऑनलाईन भरता येते का ?,आरोग्य बिमा ऑनलाईन भरता येते का,आरोग्य विमा ऑनलाईन भरता येते का,3.23,16.67,3.03,14.29,0
IISc_RESPIN_mr_D4_70245_441304_M_BANK_723649_70328220,D4,Banking,6.53,मले आज दिवसभरात यू.पी.आय वर आलेले पैसे कसे पायता येईन ?,मले आज दिस भरा यू.पी.आय वर आलेले पैसे कसे पायता येईन ?,मले आज दिवसभरात यू पी आय वर आलेले पैसे कसे पायता येईन,मले आज दिस भरा यू पी आय वर आलेले पैसे कसे पायता येईन,5.66,16.67,5.45,18.18,0
IISc_RESPIN_mr_D4_70245_441304_M_BANK_723652_70328317,D4,Banking,4.21,कमी वेळेच्या कर्जाचे हप्ते किती परकारचे रायते ?,कमी वेळीच्या कर्जाचे हफ्ते किती प्रकारचे रायते ?,कमी वेळेच्या कर्जाचे हप्ते किती परकारचे रायते,कमी वेळीच्या कर्जाचे हफ्ते किती प्रकारचे रायते,6.67,42.86,6.38,37.5,0
IISc_RESPIN_mr_D4_70245_441304_M_BANK_723927_70328329,D4,Banking,3.89,खातं खोलल्यावर त्यात किती पैसे ठेवा लागन ?,खात खोलल्यावर त्यात किती पैसे ठेवा लागन ?,खातं खोलल्यावर त्यात किती पैसे ठेवा लागन,खात खोलल्यावर त्यात किती पैसे ठेवा लागन,2.5,14.29,2.38,12.5,0
IISc_RESPIN_mr_D4_70255_440030_M_BANK_723845_70328689,D4,Banking,4.62,बचत खात खोला साठी आधार कार्ड लागनच का ?,बचत खात खोला साठी आधार कार्ड लागनच का,बचत खात खोला साठी आधार कार्ड लागनच का,बचत खात खोला साठी आधार कार्ड लागनच का,0.0,0.0,5.13,11.11,1
IISc_RESPIN_mr_D4_70255_440030_M_BANK_724247_70328705,D4,Banking,3.29,आरोग्य बिमा ऑनलाईन भरता येते का ?,आरोग्य बिमा ऑनलाईन भरता येते का ?,आरोग्य बिमा ऑनलाईन भरता येते का,आरोग्य बिमा ऑनलाईन भरता येते का,0.0,0.0,0.0,0.0,1
IISc_RESPIN_mr_D4_70255_440030_M_BANK_724188_70331986,D4,Banking,2.76,यू.पी.आय साठी काही ॲप रायते का ?,यू.पी.आय साठी काही ॲप रायते का ?,यू पी आय साठी काही ॲप रायते का,यू पी आय साठी काही ॲप रायते का,0.0,0.0,0.0,0.0,1
IISc_RESPIN_mr_D4_70255_440030_M_BANK_724084_70332133,D4,Banking,4.22,मले दोन लाख रुपये फिक्समंधी कसे टाकता येईन ?,मले दोन लाख रुपये फिक्स मध्ये कसे टाकता येईन ?,मले दोन लाख रुपये फिक्समंधी कसे टाकता येईन,मले दोन लाख रुपये फिक्स मध्ये कसे टाकता येईन,11.9,25.0,11.36,22.22,0
IISc_RESPIN_mr_D4_70178_441401_F_BANK_724233_70332619,D4,Banking,6.05,माया क्रेडिट कार्डची मायती मले मोबाईलवर भेटन का ?,माया क्रेडिट कार्डची मायती मले मोबाईलवर भेटन का ?,माया क्रेडिट कार्डची मायती मले मोबाईलवर भेटन का,माया क्रेडिट कार्डची मायती मले मोबाईलवर भेटन का,0.0,0.0,0.0,0.0,1
IISc_RESPIN_mr_D4_70245_441304_M_BANK_724164_70332695,D4,Banking,5.76,सोने गहान ठोल्यावर पैसे घेतल्यास मले किती व्याज लागन ?,सोने गहाण फोल्यावर पैसे घेतल्यास मले किती व्याज लागन ?,सोने गहान ठोल्यावर पैसे घेतल्यास मले किती व्याज लागन,सोने गहाण फोल्यावर पैसे घेतल्यास मले किती व्याज लागन,3.85,22.22,3.7,20.0,0
IISc_RESPIN_mr_D4_70202_440030_M_BANK_723875_70333020,D4,Banking,4.47,मोबाईलनं मले बिम्याचे हप्ते भरता येईन का ?,मोबाईल नं मले विम्याचे हप्ते भरता येईन का ?,मोबाईलनं मले बिम्याचे हप्ते भरता येईन का,मोबाईल नं मले विम्याचे हप्ते भरता येईन का,5.0,42.86,4.76,37.5,0
IISc_RESPIN_mr_D4_70202_440030_M_BANK_724266_70333044,D4,Banking,2.88,कर्ज काढासाठी कोंते कागद लागन ?,कर्ज काढासाठी कोंते कागद लागन ?,कर्ज काढासाठी कोंते कागद लागन,कर्ज काढासाठी कोंते कागद लागन,0.0,0.0,0.0,0.0,1
IISc_RESPIN_mr_D4_70157_440034_M_BANK_724030_70333574,D4,Banking,5.11,आरोग्य बिमा भरताना माह्या खात्यातून पैसे डायरेक्ट कटन का ?,आरोग्य बिमा भरताना माया खात्यातून पैसे डायरेक कटन का ?,आरोग्य बिमा भरताना माह्या खात्यातून पैसे डायरेक्ट कटन का,आरोग्य बिमा भरताना माया खात्यातून पैसे डायरेक कटन का,7.14,22.22,6.9,20.0,0
IISc_RESPIN_mr_D4_70304_441306_F_BANK_724242_70336453,D4,Banking,6.56,मले माया बईनीले मोबाईल भेट द्यासाठी ऑनलाईन पैसे कसे देता येईन ?,मले माया महनीले मोबाईल भेट द्यासाठी ऑनलाईन पैसे कसे देता येईन ?,मले माया बईनीले मोबाईल भेट द्यासाठी ऑनलाईन पैसे कसे देता येईन,मले माया महनीले मोबाईल भेट द्यासाठी ऑनलाईन पैसे कसे देता येईन,3.28,9.09,3.17,8.33,0
IISc_RESPIN_mr_D4_70245_441304_M_AGRI_723304_70340789,D4,Agriculture,3.6,संत्र्याच्या पिकाची साठवन कशी कराव ?,संत्र्याच्या पिकाची साठवण कशी कराव ?,संत्र्याच्या पिकाची साठवन कशी कराव,संत्र्याच्या पिकाची साठवण कशी कराव,2.94,20.0,2.78,16.67,0
IISc_RESPIN_mr_D4_70245_441304_M_AGRI_723186_70340804,D4,Agriculture,4.07,मोसंबीले परकारं न पानी देनं ठीक हाये का ?,मोसंबी ले परकारनं पाणी देणं ठीक हाये का ?,मोसंबीले परकारं न पानी देनं ठीक हाये का,मोसंबी ले परकारनं पाणी देणं ठीक हाये का,15.38,62.5,14.63,55.56,0
IISc_RESPIN_mr_D4_70245_441304_M_BANK_721337_70343589,D4,Banking,3.35,भारतात आर्थिक सुधारणा कार्यरत आहेत,भारतात आर्थिक सुधारणा कार्यरत आहेत,भारतात आर्थिक सुधारणा कार्यरत आहेत,भारतात आर्थिक सुधारणा कार्यरत आहेत,0.0,0.0,0.0,0.0,1
IISc_RESPIN_mr_D4_70245_441304_M_AGRI_720794_70343626,D4,Agriculture,3.22,मगरीच्या लेदरला विदेशी लेदर म्हणतात,मगरीच्या ले दरला विदेशी लेदर म्हणतात,मगरीच्या लेदरला विदेशी लेदर म्हणतात,मगरीच्या ले दरला विदेशी लेदर म्हणतात,2.86,40.0,2.86,40.0,0
IISc_RESPIN_mr_D4_70245_441304_M_BANK_718991_70344188,D4,Banking,7.92,"जागतिक अर्थ व्यवस्थेत , देशाची अर्थ व्यवस्था संस्कृती आणि कला यावर आधारित असते",जागतिक अर्थव्यवस्थेत देशाची अर्थव्यवस्था संस्कृती आणि कलायावर आधारित असते,जागतिक अर्थ व्यवस्थेत देशाची अर्थ व्यवस्था संस्कृती आणि कला यावर आधारित असते,जागतिक अर्थव्यवस्थेत देशाची अर्थव्यवस्था संस्कृती आणि कलायावर आधारित असते,3.95,50.0,6.41,53.85,0
IISc_RESPIN_mr_D4_70178_441401_F_BANK_724188_70344733,D4,Banking,3.61,यू.पी.आय साठी काही ॲप रायते का ?,यू.पी.आय साठी काही ॲप रायते का ?,यू पी आय साठी काही ॲप रायते का,यू पी आय साठी काही ॲप रायते का,0.0,0.0,0.0,0.0,1
IISc_RESPIN_mr_D4_70255_440030_M_AGRI_720107_70347182,D4,Agriculture,2.94,माझ्या वडिलांना बागकाम आवडते,माझ्या वडिलांना बागकाम आवडते,माझ्या वडिलांना बागकाम आवडते,माझ्या वडिलांना बागकाम आवडते,0.0,0.0,0.0,0.0,1
IISc_RESPIN_mr_D4_70255_440030_M_BANK_719700_70347420,D4,Banking,4.98,मला सामान्य बँकांपेक्षा पोस्टल खात्यात जास्त व्याज मिळते,मला सामान्य बँकांपेक्षा पोस्टल खात्यात जास्त व्याज मिळते,मला सामान्य बँकांपेक्षा पोस्टल खात्यात जास्त व्याज मिळते,मला सामान्य बँकांपेक्षा पोस्टल खात्यात जास्त व्याज मिळते,0.0,0.0,0.0,0.0,1
IISc_RESPIN_mr_D4_70255_440030_M_BANK_719341_70347447,D4,Banking,5.88,मागणी कर्ज असे आहे की कर्जदाराला ते कोणत्याही वेळी परत करणे आवश्यक आहे,मागणी कर्ज असे आहे की कर्ज घराला ते कोणत्याही वेळी परत करणे आवश्यक आहे,मागणी कर्ज असे आहे की कर्जदाराला ते कोणत्याही वेळी परत करणे आवश्यक आहे,मागणी कर्ज असे आहे की कर्ज घराला ते कोणत्याही वेळी परत करणे आवश्यक आहे,2.86,15.38,2.86,15.38,0
IISc_RESPIN_mr_D4_70255_440030_M_AGRI_720163_70347697,D4,Agriculture,5.6,बटाट्याचे खोड प्रथम हाऊल टॉपर मशीनद्वारे कापले जाते,बटाट्याचे खोड प्रथम हार टॉपर मशीनद्वारे कापले जाते,बटाट्याचे खोड प्रथम हाऊल टॉपर मशीनद्वारे कापले जाते,बटाट्याचे खोड प्रथम हार टॉपर मशीनद्वारे कापले जाते,3.92,12.5,3.92,12.5,0
IISc_RESPIN_mr_D4_70255_440030_M_AGRI_720176_70347699,D4,Agriculture,2.91,कोंबडी मुख्यतः उन्हाळ्यात अंडी घालते,कोंबडी मुख्य उन्हाळयात अंडी घालते,कोंबडी मुख्यतः उन्हाळ्यात अंडी घालते,कोंबडी मुख्य उन्हाळयात अंडी घालते,8.33,40.0,8.33,40.0,0
IISc_RESPIN_mr_D4_70255_440030_M_AGRI_722478_70347702,D4,Agriculture,5.82,"मला चवळीची डाळ खूप आवडते , माझी आई सुद्धा चवळी चाट करते",मला चवळीची डाळ खूप आवडते माझी आई सुद्धा चवळी चाट करते,मला चवळीची डाळ खूप आवडते माझी आई सुद्धा चवळी चाट करते,मला चवळीची डाळ खूप आवडते माझी आई सुद्धा चवळी चाट करते,0.0,0.0,3.64,8.33,1
IISc_RESPIN_mr_D4_70245_441304_M_AGRI_719829_70349475,D4,Agriculture,9.63,"मलम , बाम , पॉलिश , मेणबत्त्या आणि सौंदर्य प्रसाधने मेणापासून बनविली जातात",मला बॉम पॉलिश मेणबत्त्या आणि सौंदर्य प्रसाधने मेणापासून बनविली जातात,मलम बाम पॉलिश मेणबत्त्या आणि सौंदर्य प्रसाधने मेणापासून बनविली जातात,मला बॉम पॉलिश मेणबत्त्या आणि सौंदर्य प्रसाधने मेणापासून बनविली जातात,2.94,20.0,10.81,38.46,0
IISc_RESPIN_mr_D4_70255_440030_M_AGRI_720327_70349632,D4,Agriculture,5.79,राजस्थान मध्ये मक्याचे सर्वात जास्त क्षेत्र आहे आणि आंध्र प्रदेशात सर्वाधिक उत्पादन आहे,राज स्तंमध्ये मक्याचे सर्वात जास्त क्षेत्र आहे आणि अंतर प्रेश सर्वाधिक उत्पादन आहे,राजस्थान मध्ये मक्याचे सर्वात जास्त क्षेत्र आहे आणि आंध्र प्रदेशात सर्वाधिक उत्पादन आहे,राज स्तंमध्ये मक्याचे सर्वात जास्त क्षेत्र आहे आणि अंतर प्रेश सर्वाधिक उत्पादन आहे,12.64,30.77,12.64,30.77,0
IISc_RESPIN_mr_D4_70255_440030_M_BANK_722055_70349806,D4,Banking,7.43,स्त्रोतावर कर कपात करण्यासाठी जबाबदार असलेल्या व्यक्तींना नोटीस प्राप्त केले जातील,स्रोतावर कर कपात करण्यासाठी जबाबदार असलेल्या व्यक्तींना नोटे प्राप्त केले जातील,स्त्रोतावर कर कपात करण्यासाठी जबाबदार असलेल्या व्यक्तींना नोटीस प्राप्त केले जातील,स्रोतावर कर कपात करण्यासाठी जबाबदार असलेल्या व्यक्तींना नोटे प्राप्त केले जातील,4.88,18.18,4.88,18.18,0
IISc_RESPIN_mr_D4_70200_440030_F_BANK_723762_70351237,D4,Banking,3.81,खातं काढताना मले किती पैसा भरा लागन ?,खातं काढताना मले किती पैस भरा लागन ?,खातं काढताना मले किती पैसा भरा लागन,खातं काढताना मले किती पैस भरा लागन,2.86,14.29,2.7,12.5,0
IISc_RESPIN_mr_D4_70200_440030_F_BANK_723652_70351240,D4,Banking,4.55,कमी वेळेच्या कर्जाचे हप्ते किती परकारचे रायते ?,कमी वेळेच्या कर्जाचे हफ्ते किती परकारचे रायते ?,कमी वेळेच्या कर्जाचे हप्ते किती परकारचे रायते,कमी वेळेच्या कर्जाचे हफ्ते किती परकारचे रायते,2.22,14.29,2.13,12.5,0
IISc_RESPIN_mr_D4_70304_441306_F_BANK_723720_70352792,D4,Banking,3.93,यू.पी.आय न पैसा पाठवन सोपं हाय का ?,यू.पी.आय न पैसा पाठव सोप हाय का ?,यू पी आय न पैसा पाठवन सोपं हाय का,यू पी आय न पैसा पाठव सोप हाय का,6.06,22.22,5.71,25.0,0
IISc_RESPIN_mr_D4_70304_441306_F_AGRI_723506_70352793,D4,Agriculture,7.37,जास्त चुनखडी वाल्या शेतीत संत्रे मोसंबीचा बगीचा तयार भरनं ठीक राहीन का ?,जास्त चुनखडी वाल्या शेतीत संत्रे मोसंबीचा बगीचा तयार करनी राहीन का,जास्त चुनखडी वाल्या शेतीत संत्रे मोसंबीचा बगीचा तयार भरनं ठीक राहीन का,जास्त चुनखडी वाल्या शेतीत संत्रे मोसंबीचा बगीचा तयार करनी राहीन का,7.14,16.67,9.72,23.08,0
IISc_RESPIN_mr_D4_70245_441304_M_AGRI_719811_70353193,D4,Agriculture,4.47,औषधी आणि इतर गोष्टी वन्यजीव शेतीतून मिळतात,औषधी आणि इतर गोष्टी वन्यजीव शेतीतून मिळतात,औषधी आणि इतर गोष्टी वन्यजीव शेतीतून मिळतात,औषधी आणि इतर गोष्टी वन्यजीव शेतीतून मिळतात,0.0,0.0,0.0,0.0,1
IISc_RESPIN_mr_D4_70245_441304_M_BANK_719703_70353371,D4,Banking,6.17,"ऊस लागवडीत भरपूर फायदा होतो , गेल्या वर्षीपेक्षा जास्त फायदा झाला आहे",ऊस लागवडीत भरपूर फायदा होतो गेल्या वर्षापेक्षा जास्त फायदा झाला आहे,ऊस लागवडीत भरपूर फायदा होतो गेल्या वर्षीपेक्षा जास्त फायदा झाला आहे,ऊस लागवडीत भरपूर फायदा होतो गेल्या वर्षापेक्षा जास्त फायदा झाला आहे,1.49,9.09,4.35,16.67,0
IISc_RESPIN_mr_D4_70172_441304_F_AGRI_723186_70353800,D4,Agriculture,7.26,मोसंबीले परकारं न पानी देनं ठीक हाये का ?,मोसंबीले परकार नं पाणी देणं ठीक आहे का ?,मोसंबीले परकारं न पानी देनं ठीक हाये का,मोसंबीले परकार नं पाणी देणं ठीक आहे का,17.95,62.5,17.07,55.56,0
IISc_RESPIN_mr_D4_70172_441304_F_BANK_723626_70354764,D4,Banking,4.84,पैसे गुंतवन्यासाठी कोनचे कागद लागन ?,पैसे गुंतवणे यासाठी कोनचे कागद लागन ?,पैसे गुंतवन्यासाठी कोनचे कागद लागन,पैसे गुंतवणे यासाठी कोनचे कागद लागन,8.82,40.0,8.33,33.33,0
IISc_RESPIN_mr_D4_70172_441304_F_BANK_723794_70354798,D4,Banking,5.7,सामाजिक योजनेमंधून मले कसे पैसे भेटू सकन ?,सामाजिक योजनेमधून मले कसे पैसे भेटू सकन ?,सामाजिक योजनेमंधून मले कसे पैसे भेटू सकन,सामाजिक योजनेमधून मले कसे पैसे भेटू सकन,2.5,14.29,2.38,12.5,0
IISc_RESPIN_mr_D4_70178_441401_F_BANK_723720_70360620,D4,Banking,2.84,यू.पी.आय न पैसा पाठवन सोपं हाय का ?,यू.पी.आय न पैसा पाठवू सोप हाय का ?,यू पी आय न पैसा पाठवन सोपं हाय का,यू पी आय न पैसा पाठवू सोप हाय का,6.06,22.22,5.71,25.0,0
IISc_RESPIN_mr_D4_70178_441401_F_AGRI_723131_70360624,D4,Agriculture,4.35,दुभत्या जनावराच्या खरेदीसाठी अर्ज कराचा असन त कुठ कराव ?,सत्या जनावरांच्या खरेदीसाठी अर्ज कराचा असन त कुठ कराव ?,दुभत्या जनावराच्या खरेदीसाठी अर्ज कराचा असन त कुठ कराव,सत्या जनावरांच्या खरेदीसाठी अर्ज कराचा असन त कुठ कराव,7.41,22.22,7.14,20.0,0
IISc_RESPIN_mr_D4_70178_441401_F_BANK_723836_70360626,D4,Banking,3.97,माह्या खात्यातून हर महिन्याले कर्जाचे कितीक पैसे कटन ?,माया खात्यातून हर हन्याल कि कर्जाचे कितीक पैसे टन ?,माह्या खात्यातून हर महिन्याले कर्जाचे कितीक पैसे कटन,माया खात्यातून हर हन्याल कि कर्जाचे कितीक पैसे टन,15.38,50.0,14.81,44.44,0
IISc_RESPIN_mr_D4_70131_440030_M_BANK_724030_70361511,D4,Banking,4.5,आरोग्य बिमा भरताना माह्या खात्यातून पैसे डायरेक्ट कटन का ?,आरोग्य विमा भरताना माया खात्यातून पैसे डायरेक कटन का ?,आरोग्य बिमा भरताना माह्या खात्यातून पैसे डायरेक्ट कटन का,आरोग्य विमा भरताना माया खात्यातून पैसे डायरेक कटन का,8.93,33.33,8.62,30.0,0
IISc_RESPIN_mr_D4_70157_440034_M_BANK_723845_70363950,D4,Banking,3.85,बचत खात खोला साठी आधार कार्ड लागनच का ?,बचत खात खोला साठी आधारकार्ड लागनस का ?,बचत खात खोला साठी आधार कार्ड लागनच का,बचत खात खोला साठी आधारकार्ड लागनस का,5.41,37.5,5.13,33.33,0
IISc_RESPIN_mr_D1_72596_416510_F_AGRI_711696_70372755,D1,Agriculture,3.95,तुषार सिंचनाचो उपयोग करून खयची पीका चांगली येतत ?,तुषार सिंचनाचे उपयोग करून खयची पिका चांगली येतत ?,तुषार सिंचनाचो उपयोग करून खयची पीका चांगली येतत,तुषार सिंचनाचे उपयोग करून खयची पिका चांगली येतत,4.26,25.0,4.08,22.22,0
IISc_RESPIN_mr_D1_72596_416510_F_AGRI_711318_70372769,D1,Agriculture,3.69,खताचो वापर केल्यार किती वेळांन परत वापर करुचो ?,खताचा वापर केल्यार किती वेळा परत वापर करुचो ?,खताचो वापर केल्यार किती वेळांन परत वापर करुचो,खताचा वापर केल्यार किती वेळा परत वापर करुचो,6.67,25.0,6.38,22.22,0
IISc_RESPIN_mr_D1_72596_416510_F_AGRI_711384_70372775,D1,Agriculture,4.09,भाताचे खयचे जाती संकरित जाती म्हणान ओळखले जातत ?,भाताचे खयचे जाती संकरित जाती म्हणून ओळखले जातत,भाताचे खयचे जाती संकरित जाती म्हणान ओळखले जातत,भाताचे खयचे जाती संकरित जाती म्हणून ओळखले जातत,2.17,12.5,6.25,22.22,0
IISc_RESPIN_mr_D1_72596_416510_F_BANK_712329_70372854,D1,Banking,3.15,विमा भरुच्यासाठी वयोमर्यादा काय आसा ?,विमा भरुच्य साठी वय मर्यादा काय आसा ?,विमा भरुच्यासाठी वयोमर्यादा काय आसा,विमा भरुच्य साठी वय मर्यादा काय आसा,5.71,80.0,5.41,66.67,0
IISc_RESPIN_mr_D1_72596_416510_F_BANK_712208_70372936,D1,Banking,2.62,रिचार्जचो प्लॅन कसो बगायचा ?,रिचार्ज चो प्लॅन कसो बगायचा ?,रिचार्जचो प्लॅन कसो बगायचा,रिचार्ज चो प्लॅन कसो बगायचा,3.85,50.0,3.57,40.0,0
IISc_RESPIN_mr_D1_72596_416510_F_AGRI_711331_70372942,D1,Agriculture,3.3,पेरणीच्या आधी चवळेक खयला किटकनाशक लाव ?,पेरणीच्या दीचा वे खयला कीटकनाशक लाव ?,पेरणीच्या आधी चवळेक खयला किटकनाशक लाव,पेरणीच्या दीचा वे खयला कीटकनाशक लाव,21.62,50.0,20.51,42.86,0
IISc_RESPIN_mr_D1_72596_416510_F_BANK_712118_70373239,D1,Banking,4.12,माका माझा खाता घरी बसान ऑनलाइन वापरूचा हा ता कसा करूचा ?,माका माझा खाता घरी बसून ऑनलाइन ऑपरूचा हा ता कसा करूचा ?,माका माझा खाता घरी बसान ऑनलाइन वापरूचा हा ता कसा करूचा,माका माझा खाता घरी बसून ऑनलाइन ऑपरूचा हा ता कसा करूचा,5.56,18.18,5.36,16.67,0
IISc_RESPIN_mr_D4_70283_441302_F_BANK_723927_70378558,D4,Banking,3.29,खातं खोलल्यावर त्यात किती पैसे ठेवा लागन ?,खात खोल्यावर त्यात किती पैसे ठेवा लागन ?,खातं खोलल्यावर त्यात किती पैसे ठेवा लागन,खात खोल्यावर त्यात किती पैसे ठेवा लागन,5.0,28.57,4.76,25.0,0
IISc_RESPIN_mr_D4_70131_440030_M_BANK_723875_70379918,D4,Banking,2.86,मोबाईलनं मले बिम्याचे हप्ते भरता येईन का ?,मोबाईलनं मले विम्याचे हप्ते भरता येईन का ?,मोबाईलनं मले बिम्याचे हप्ते भरता येईन का,मोबाईलनं मले विम्याचे हप्ते भरता येईन का,2.5,14.29,2.38,12.5,0
IISc_RESPIN_mr_D4_70283_441302_F_BANK_723875_70380489,D4,Banking,3.38,मोबाईलनं मले बिम्याचे हप्ते भरता येईन का ?,मोबाईलनं मले बिम्याचे हप्ते भरता येईन का ?,मोबाईलनं मले बिम्याचे हप्ते भरता येईन का,मोबाईलनं मले बिम्याचे हप्ते भरता येईन का,0.0,0.0,0.0,0.0,1
IISc_RESPIN_mr_D4_70172_441304_F_BANK_724077_70380662,D4,Banking,7.45,आधार कार्डले मोबाईल नंबर जोडला तवाचं के.वाय.सी मेसेज येईन का ?,आधार कार्डले मोबाईल नंबर जोडला तव्ाच के.वाय.सी मेसेज येईन का ?,आधार कार्डले मोबाईल नंबर जोडला तवाचं के वाय सी मेसेज येईन का,आधार कार्डले मोबाईल नंबर जोडला तव्ाच के वाय सी मेसेज येईन का,3.33,8.33,3.23,9.09,0
IISc_RESPIN_mr_D4_70172_441304_F_AGRI_723338_70380684,D4,Agriculture,6.52,शेती ड्रीचींगनं कराची रायल्यास कायचा वापर करा लागीन ?,शेती रिचिंग नं कराची रायल्यास काय चा वापर करा लागन ?,शेती ड्रीचींगनं कराची रायल्यास कायचा वापर करा लागीन,शेती रिचिंग नं कराची रायल्यास काय चा वापर करा लागन,13.73,62.5,13.21,55.56,0
IISc_RESPIN_mr_D4_70283_441302_F_BANK_724084_70380821,D4,Banking,4.18,मले दोन लाख रुपये फिक्समंधी कसे टाकता येईन ?,मले दोन लाख रुपये फिक्स मंदी कसे टाकता येईन ?,मले दोन लाख रुपये फिक्समंधी कसे टाकता येईन,मले दोन लाख रुपये फिक्स मंदी कसे टाकता येईन,4.76,25.0,4.55,22.22,0
IISc_RESPIN_mr_D4_70172_441304_F_AGRI_723293_70381005,D4,Agriculture,3.14,सकाळी धुकं कायनं होतं ?,सकाळी धोका कायनं होतो ?,सकाळी धुकं कायनं होतं,सकाळी धोका कायनं होतो,14.29,50.0,13.04,40.0,0
IISc_RESPIN_mr_D4_70172_441304_F_BANK_723771_70381020,D4,Banking,5.91,डेबिट कार्डातून मले एका दिवसाला किती पैसा काढता येईन ?,डेबिट कार्डातून मले एका दिवसाला किती पैसा काढता येईन ?,डेबिट कार्डातून मले एका दिवसाला किती पैसा काढता येईन,डेबिट कार्डातून मले एका दिवसाला किती पैसा काढता येईन,0.0,0.0,0.0,0.0,1
IISc_RESPIN_mr_D1_72605_410507_F_BANK_708472_70381814,D1,Banking,3.81,मूळ जोखमीक हेजिंगच्या माध्यमातून कमी केला जावक शकता काय ?,मोजू मीन हेजिंगच्या मध्यमात न कमी केला जाऊ शकता काय ?,मूळ जोखमीक हेजिंगच्या माध्यमातून कमी केला जावक शकता काय,मोजू मीन हेजिंगच्या मध्यमात न कमी केला जाऊ शकता काय,18.18,55.56,17.54,50.0,0
IISc_RESPIN_mr_D1_72605_410507_F_BANK_709361_70381837,D1,Banking,3.45,एक व्यक्ति बॅन्केकडना जास्तीत जास्त किती कर्ज घेऊ शकता ?,एक व्यक्ती बँकाना जास्त जास्त किती कर्ज घेऊ शकता ?,एक व्यक्ति बॅन्केकडना जास्तीत जास्त किती कर्ज घेऊ शकता,एक व्यक्ती बँकाना जास्त जास्त किती कर्ज घेऊ शकता,16.67,33.33,16.07,30.0,0
IISc_RESPIN_mr_D4_70283_441302_F_BANK_721725_70381900,D4,Banking,5.67,बँक ऑफ बडोदा ही एक भारतीय राष्ट्रीयीकृत बँकिंग आणि वित्तीय सेवा कंपनी आहे,बँक ऑफ बंडल ही एक भारतीय राष्ट्रीय करून बँकिंग आणि वित्तीय सेवा कंपनी आहे,बँक ऑफ बडोदा ही एक भारतीय राष्ट्रीयीकृत बँकिंग आणि वित्तीय सेवा कंपनी आहे,बँक ऑफ बंडल ही एक भारतीय राष्ट्रीय करून बँकिंग आणि वित्तीय सेवा कंपनी आहे,10.96,23.08,10.96,23.08,0
IISc_RESPIN_mr_D4_70283_441302_F_AGRI_722248_70381913,D4,Agriculture,2.88,स्प्रिंकलर वापरणे खूप कठीण काम आहे,प्रिमकल लार वापरणे खूप कठीण काम आहेत,स्प्रिंकलर वापरणे खूप कठीण काम आहे,प्रिमकल लार वापरणे खूप कठीण काम आहेत,20.59,50.0,20.59,50.0,0
IISc_RESPIN_mr_D4_70304_441306_F_BANK_723652_70384071,D4,Banking,4.87,कमी वेळेच्या कर्जाचे हप्ते किती परकारचे रायते ?,कमी वेळेच्या कर्जाचे हफ्ते किती परकारचे रायते ?,कमी वेळेच्या कर्जाचे हप्ते किती परकारचे रायते,कमी वेळेच्या कर्जाचे हफ्ते किती परकारचे रायते,2.22,14.29,2.13,12.5,0
IISc_RESPIN_mr_D4_70200_440030_F_AGRI_723256_70384583,D4,Agriculture,4.97,रासायनिक खत जास्त वापरल्यानं वावर खराब होईन का ?,रासायनिक खत जास्त वापरल्यानं वावर खराब होईन का ?,रासायनिक खत जास्त वापरल्यानं वावर खराब होईन का,रासायनिक खत जास्त वापरल्यानं वावर खराब होईन का,0.0,0.0,0.0,0.0,1
IISc_RESPIN_mr_D4_70200_440030_F_BANK_724093_70384601,D4,Banking,4.16,विमानाच तिकिट मले ऑनलाईन काढता येईन का ?,विमानाचा तिकीट मले ऑनलाईन काढता येईन का ?,विमानाच तिकिट मले ऑनलाईन काढता येईन का,विमानाचा तिकीट मले ऑनलाईन काढता येईन का,5.26,28.57,5.0,25.0,0
IISc_RESPIN_mr_D4_70178_441401_F_BANK_720757_70384771,D4,Banking,3.87,नैतिक बँकेच्या मुख्य कार्यांपैकी एक म्हणजे मध्यस्थ,नैतिक बँकेच्या मुख्य कार्यांपैकी एक म्हणजे मध्ये असता,नैतिक बँकेच्या मुख्य कार्यांपैकी एक म्हणजे मध्यस्थ,नैतिक बँकेच्या मुख्य कार्यांपैकी एक म्हणजे मध्ये असता,10.0,28.57,10.0,28.57,0
IISc_RESPIN_mr_D4_70283_441302_F_BANK_719722_70386651,D4,Banking,4.8,मी नोकरी सोबतच डिजिटल आणि सोशल मीडिया मार्केटिंग करतो,मी नोकरी सोबतल डिजीटल आणि सोशल मिडिया मार्केटिंग करतो,मी नोकरी सोबतच डिजिटल आणि सोशल मीडिया मार्केटिंग करतो,मी नोकरी सोबतल डिजीटल आणि सोशल मिडिया मार्केटिंग करतो,5.66,33.33,5.66,33.33,0
IISc_RESPIN_mr_D4_70157_440034_M_BANK_723716_70387505,D4,Banking,4.28,सामाजिक मदत भेटासाठी कोनची पात्रता जरुरी हाय ?,सामाजिक मदत भेटासाठी कोनची पात्रता जरुरी हाय ?,सामाजिक मदत भेटासाठी कोनची पात्रता जरुरी हाय,सामाजिक मदत भेटासाठी कोनची पात्रता जरुरी हाय,0.0,0.0,0.0,0.0,1
IISc_RESPIN_mr_D4_70212_441304_M_BANK_723822_70387880,D4,Banking,3.45,मले बँकेतून किती रुपयापर्यंत कर्ज भेटन ?,मले बँकेतून किती रुपयापर्यंत कर्ज भेटन ?,मले बँकेतून किती रुपयापर्यंत कर्ज भेटन,मले बँकेतून किती रुपयापर्यंत कर्ज भेटन,0.0,0.0,0.0,0.0,1
IISc_RESPIN_mr_D4_70212_441304_M_BANK_723842_70387892,D4,Banking,3.34,मले माया खात्यात पैसे बाकी ठेवता येईन का ?,मले माया खात्यात पैसे बाकी ठेवता येईन का ?,मले माया खात्यात पैसे बाकी ठेवता येईन का,मले माया खात्यात पैसे बाकी ठेवता येईन का,0.0,0.0,0.0,0.0,1
IISc_RESPIN_mr_D4_70131_440030_M_BANK_723794_70388028,D4,Banking,4.25,सामाजिक योजनेमंधून मले कसे पैसे भेटू सकन ?,सामाजिक योजने मधून मले कसे पैसे भेट सकन ?,सामाजिक योजनेमंधून मले कसे पैसे भेटू सकन,सामाजिक योजने मधून मले कसे पैसे भेट सकन,7.5,42.86,7.14,37.5,0
IISc_RESPIN_mr_D4_70131_440030_M_AGRI_723175_70388075,D4,Agriculture,3.08,पेरनीनंतर किती दिवसांनी पानी द्या लागते ?,पेरणीनंतर किती दिवसांनी पाणी द्या लागते ?,पेरनीनंतर किती दिवसांनी पानी द्या लागते,पेरणीनंतर किती दिवसांनी पाणी द्या लागते,5.13,33.33,4.88,28.57,0
IISc_RESPIN_mr_D4_70131_440030_M_BANK_723836_70388100,D4,Banking,3.44,माह्या खात्यातून हर महिन्याले कर्जाचे कितीक पैसे कटन ?,माया खात्यातून हर महिन्याले कर्जाचे कितीक पैसे कटन ?,माह्या खात्यातून हर महिन्याले कर्जाचे कितीक पैसे कटन,माया खात्यातून हर महिन्याले कर्जाचे कितीक पैसे कटन,3.85,12.5,3.7,11.11,0
IISc_RESPIN_mr_D4_70131_440030_M_AGRI_723356_70388215,D4,Agriculture,3.88,पराटीवरच्या बोंडअळीसाठी का करा लागन ?,पराटीवर त्या बोंडअळी साठी का करा लागन ?,पराटीवरच्या बोंडअळीसाठी का करा लागन,पराटीवर त्या बोंडअळी साठी का करा लागन,8.57,80.0,8.11,66.67,0
IISc_RESPIN_mr_D4_70131_440030_M_AGRI_723167_70388224,D4,Agriculture,3.97,मले कमी खर्चामंदी संत्र्याची शेती कशी करता येईन ?,मले कमी खर्चामदी संत्र्याची शेती कशी करता येईन ?,मले कमी खर्चामंदी संत्र्याची शेती कशी करता येईन,मले कमी खर्चामदी संत्र्याची शेती कशी करता येईन,2.13,12.5,2.04,11.11,0
IISc_RESPIN_mr_D4_70131_440030_M_BANK_722677_70388325,D4,Banking,4.22,हरवलेले डेबिट कार्ड नेटबँकिंग द्वारे ब्लॉक केले जाऊ शकते,हरवलेले डेबिट कार्ड नेट बँकिंग द्वारे ब्लॉक केले जाऊ शकत,हरवलेले डेबिट कार्ड नेटबँकिंग द्वारे ब्लॉक केले जाऊ शकते,हरवलेले डेबिट कार्ड नेट बँकिंग द्वारे ब्लॉक केले जाऊ शकत,3.57,33.33,3.57,33.33,0
IISc_RESPIN_mr_D4_70131_440030_M_AGRI_719238_70388327,D4,Agriculture,5.69,"अंड्याच्या फळाच्या मांसामध्ये कडक , गडद तपकिरी बिया असतात",ऑनलाइन च्या फळाच्या मासा मध्ये कडक गडद तपकिरी बी असतात,अंड्याच्या फळाच्या मांसामध्ये कडक गडद तपकिरी बिया असतात,ऑनलाइन च्या फळाच्या मासा मध्ये कडक गडद तपकिरी बी असतात,21.82,62.5,24.56,66.67,0
IISc_RESPIN_mr_D4_70131_440030_M_BANK_721705_70388549,D4,Banking,6.28,"अनेक अधिकार क्षेत्रे कॉर्पोरेशनसह व्यक्ती , व्यावसायिक संस्थांच्या उत्पन्नावर कर आकारतात",अनेक तिका क्षेत्रे कॉर्पोरेशन सहा व्यक्ती व्यावसायिक संस्थांच्या उत्पन्नावर कर करतात,अनेक अधिकार क्षेत्रे कॉर्पोरेशनसह व्यक्ती व्यावसायिक संस्थांच्या उत्पन्नावर कर आकारतात,अनेक तिका क्षेत्रे कॉर्पोरेशन सहा व्यक्ती व्यावसायिक संस्थांच्या उत्पन्नावर कर करतात,8.14,40.0,10.23,45.45,0
IISc_RESPIN_mr_D4_70131_440030_M_AGRI_719231_70388551,D4,Agriculture,4.82,सुका हरभरा आणि ओला हरभरा असे एकूण दोन प्रकारचे हरभरे आढळतात,तुका हरभरा आणि ओला हरभरा असे एकूण दोन प्रकारचे हरभरे आढळतात,सुका हरभरा आणि ओला हरभरा असे एकूण दोन प्रकारचे हरभरे आढळतात,तुका हरभरा आणि ओला हरभरा असे एकूण दोन प्रकारचे हरभरे आढळतात,1.69,9.09,1.69,9.09,0
IISc_RESPIN_mr_D4_70212_441304_M_AGRI_723304_70388663,D4,Agriculture,3.13,संत्र्याच्या पिकाची साठवन कशी कराव ?,संत्र्याच्या पिकाची साठवण कशी करावी ?,संत्र्याच्या पिकाची साठवन कशी कराव,संत्र्याच्या पिकाची साठवण कशी करावी,5.88,40.0,5.56,33.33,0
IISc_RESPIN_mr_D4_70212_441304_M_AGRI_723291_70388676,D4,Agriculture,4.41,एका हेक्टरमंदी संत्र्याचे कीती झाडं लावा लागन ?,एका हेक्टर मधील संत्र्याचे किती जाड लावा लागन,एका हेक्टरमंदी संत्र्याचे कीती झाडं लावा लागन,एका हेक्टर मधील संत्र्याचे किती जाड लावा लागन,15.56,57.14,19.15,62.5,0
IISc_RESPIN_mr_D4_70212_441304_M_BANK_723893_70388695,D4,Banking,3.62,कर्ज घेतल्यावर मले ते कस फेडा लागन ?,कर्ज घेतल्यावर मले ते कस फेडा लागन ?,कर्ज घेतल्यावर मले ते कस फेडा लागन,कर्ज घेतल्यावर मले ते कस फेडा लागन,0.0,0.0,0.0,0.0,1
IISc_RESPIN_mr_D4_70178_441401_F_BANK_719341_70389094,D4,Banking,5.69,मागणी कर्ज असे आहे की कर्जदाराला ते कोणत्याही वेळी परत करणे आवश्यक आहे,मागणी कर्ज असे आहे की कर्जदाराला ते कोणत्याही वेळी परत करणे आवश्यक आहे,मागणी कर्ज असे आहे की कर्जदाराला ते कोणत्याही वेळी परत करणे आवश्यक आहे,मागणी कर्ज असे आहे की कर्जदाराला ते कोणत्याही वेळी परत करणे आवश्यक आहे,0.0,0.0,0.0,0.0,1
IISc_RESPIN_mr_D4_70200_440030_F_AGRI_722941_70389433,D4,Agriculture,3.55,ट्रॅक्टर रोटावेटोरची लांबी किती रायते ?,ट्रॅक्टर रोटावेटर ची लांबी किती रायते ?,ट्रॅक्टर रोटावेटोरची लांबी किती रायते,ट्रॅक्टर रोटावेटर ची लांबी किती रायते,5.41,40.0,5.13,33.33,0
IISc_RESPIN_mr_D4_70200_440030_F_BANK_724266_70389440,D4,Banking,2.76,कर्ज काढासाठी कोंते कागद लागन ?,कर्ज काढासाठी कोंते कागद लागन ?,कर्ज काढासाठी कोंते कागद लागन,कर्ज काढासाठी कोंते कागद लागन,0.0,0.0,0.0,0.0,1
IISc_RESPIN_mr_D4_70283_441302_F_BANK_718991_70389991,D4,Banking,5.63,"जागतिक अर्थ व्यवस्थेत , देशाची अर्थ व्यवस्था संस्कृती आणि कला यावर आधारित असते",जागतिक अर्थव्यवस्थेत देशाची अर्थव्यवस्था संस्कृती आणि करणा यावर आधारित असते,जागतिक अर्थ व्यवस्थेत देशाची अर्थ व्यवस्था संस्कृती आणि कला यावर आधारित असते,जागतिक अर्थव्यवस्थेत देशाची अर्थव्यवस्था संस्कृती आणि करणा यावर आधारित असते,5.26,41.67,7.69,46.15,0
IISc_RESPIN_mr_D4_70212_441304_M_AGRI_722892_70390940,D4,Agriculture,3.29,उन्हाळी भईमुंगाची पेरनी कोनत्या मईन्यात कराव ?,उन्हाळी भुईमुगाची पेरणी कोणत्या महिन्यात कराव ?,उन्हाळी भईमुंगाची पेरनी कोनत्या मईन्यात कराव,उन्हाळी भुईमुगाची पेरणी कोणत्या महिन्यात कराव,13.64,66.67,13.04,57.14,0
IISc_RESPIN_mr_D4_70212_441304_M_BANK_723630_70390955,D4,Banking,3.57,गॅसचं बिल मले युटिलिटीन भरता येईन का ?,गॅसचे बिल मले युटिलिटी नं भरता येईन का ?,गॅसचं बिल मले युटिलिटीन भरता येईन का,गॅसचे बिल मले युटिलिटी नं भरता येईन का,8.33,42.86,7.89,37.5,0
IISc_RESPIN_mr_D4_70212_441304_M_BANK_724140_70390980,D4,Banking,4.18,कर्जाचा अर्ज भराच्या टायमाले मले साक्षीदार लागन का ?,कर्जाचा द भराचा टायमालले मले साक्षीदार लागन का ?,कर्जाचा अर्ज भराच्या टायमाले मले साक्षीदार लागन का,कर्जाचा द भराचा टायमालले मले साक्षीदार लागन का,14.0,37.5,13.46,33.33,0
IISc_RESPIN_mr_D4_70172_441304_F_BANK_721400_70390995,D4,Banking,2.75,वैयक्तिक खर्च म्हणजे काय ?,वैयक्तिक खर्च म्हणजे काय ?,वैयक्तिक खर्च म्हणजे काय,वैयक्तिक खर्च म्हणजे काय,0.0,0.0,0.0,0.0,1
IISc_RESPIN_mr_D4_70172_441304_F_BANK_721761_70391534,D4,Banking,4.92,कर मोजण्यासाठी कंपनीच्या उत्पन्नात काय मोजले जाते,कर मोजण्यासाठी कंपनीच्या उत्पन्नात काय मोजले जाते ?,कर मोजण्यासाठी कंपनीच्या उत्पन्नात काय मोजले जाते,कर मोजण्यासाठी कंपनीच्या उत्पन्नात काय मोजले जाते,0.0,0.0,4.08,14.29,1
IISc_RESPIN_mr_D4_70172_441304_F_BANK_720472_70391752,D4,Banking,4.5,कराच्या बदल्यात सरकार आपल्या लोकांना सुविधा पुरवते,कराच्या बदल्यात सरकार आपल्या लोकांना सुविधा पुरवते,कराच्या बदल्यात सरकार आपल्या लोकांना सुविधा पुरवते,कराच्या बदल्यात सरकार आपल्या लोकांना सुविधा पुरवते,0.0,0.0,0.0,0.0,1
IISc_RESPIN_mr_D4_70172_441304_F_BANK_719998_70391755,D4,Banking,5.08,मध्यवर्ती कार्यालय हे कार्यालय आहे जेथे गव्हर्नर बसतात,मध्यवर्ती कार्यालय हे कार्यालय आहे जे ती गवरनर बसतात,मध्यवर्ती कार्यालय हे कार्यालय आहे जेथे गव्हर्नर बसतात,मध्यवर्ती कार्यालय हे कार्यालय आहे जे ती गवरनर बसतात,11.11,37.5,11.11,37.5,0
IISc_RESPIN_mr_D4_70172_441304_F_BANK_721913_70391760,D4,Banking,8.06,भारत सरकारने ऑगस्ट दो हजार चार मध्ये कस्तुरबा गांधी बालिका विद्यालय योजना सुरू केली होती,भारत सरकारने ऑगस्ट दो हजार चार मध्ये कस्तुर भागांनी बालिका विद्यालय योजना सुरू केली होती,भारत सरकारने ऑगस्ट दो हजार चार मध्ये कस्तुरबा गांधी बालिका विद्यालय योजना सुरू केली होती,भारत सरकारने ऑगस्ट दो हजार चार मध्ये कस्तुर भागांनी बालिका विद्यालय योजना सुरू केली होती,4.55,13.33,4.55,13.33,0
IISc_RESPIN_mr_D4_70131_440030_M_BANK_719345_70393317,D4,Banking,4.31,नागरिक वेळेपूर्वीच आपली एफ.डी आणि आर.डी तोडू शकतो,बाजरी वेळे पर्वत आपली एफ.टी आणि आर.डी रघू शकतो,नागरिक वेळेपूर्वीच आपली एफ डी आणि आर डी तोडू शकतो,बाजरी वेळे पर्वत आपली एफ टी आणि आर डी रघू शकतो,24.49,50.0,24.49,62.5,0
IISc_RESPIN_mr_D4_70212_441304_M_BANK_721239_70393794,D4,Banking,7.61,सिंगापूर बँकिंग गोपनीयता बँकिंग कायद्याच्या कलम चोवीस नुसार नियमित केली जाते,सिंगापूर बँकिंग गोपनीयता बँकिंग कायद्याच्या कलम चोवीस नुसार नियमित केली जाते,सिंगापूर बँकिंग गोपनीयता बँकिंग कायद्याच्या कलम चोवीस नुसार नियमित केली जाते,सिंगापूर बँकिंग गोपनीयता बँकिंग कायद्याच्या कलम चोवीस नुसार नियमित केली जाते,0.0,0.0,0.0,0.0,1
IISc_RESPIN_mr_D4_70212_441304_M_BANK_719341_70393801,D4,Banking,5.85,मागणी कर्ज असे आहे की कर्जदाराला ते कोणत्याही वेळी परत करणे आवश्यक आहे,मागणी कर्ज असे आहे की कर्जदाराला ते कोणत्याही वेळी परत करणे आवश्यक आहे,मागणी कर्ज असे आहे की कर्जदाराला ते कोणत्याही वेळी परत करणे आवश्यक आहे,मागणी कर्ज असे आहे की कर्जदाराला ते कोणत्याही वेळी परत करणे आवश्यक आहे,0.0,0.0,0.0,0.0,1
IISc_RESPIN_mr_D4_70212_441304_M_BANK_721149_70394328,D4,Banking,3.77,आज ग्रामीण भागातील महिला पिगी बँकांचा अधिक वापर करतात,आज ग्रामीण भागातील महिला टिकी बँकेचा अधिक वापर करतात,आज ग्रामीण भागातील महिला पिगी बँकांचा अधिक वापर करतात,आज ग्रामीण भागातील महिला टिकी बँकेचा अधिक वापर करतात,7.55,22.22,7.55,22.22,0
IISc_RESPIN_mr_D4_70212_441304_M_BANK_721400_70394329,D4,Banking,1.83,वैयक्तिक खर्च म्हणजे काय ?,वैयक्तिक खर्च म्हणजे काय ?,वैयक्तिक खर्च म्हणजे काय,वैयक्तिक खर्च म्हणजे काय,0.0,0.0,0.0,0.0,1
IISc_RESPIN_mr_D4_70178_441401_F_BANK_722696_70394542,D4,Banking,4.64,ऑपरेशनल जोखीम म्हणजे किंमतीतील बदलांचा धोका,ऑपरेशनल धो जोखीम म्हणजे किमतीतील बदलाचा तो का,ऑपरेशनल जोखीम म्हणजे किंमतीतील बदलांचा धोका,ऑपरेशनल धो जोखीम म्हणजे किमतीतील बदलाचा तो का,16.28,83.33,16.28,83.33,0
IISc_RESPIN_mr_D4_70178_441401_F_BANK_720259_70394553,D4,Banking,5.4,मनी मार्केट खातेदाराला मनी मार्केट मध्ये प्रचलित व्याजदरानुसार व्याज मिळते,मनी मार्केट खातेदाराला मनी मार्केटमध्ये प्रचलित व्याज दरानुसार व्याज मिळते,मनी मार्केट खातेदाराला मनी मार्केट मध्ये प्रचलित व्याजदरानुसार व्याज मिळते,मनी मार्केट खातेदाराला मनी मार्केटमध्ये प्रचलित व्याज दरानुसार व्याज मिळते,2.7,40.0,2.7,40.0,0
IISc_RESPIN_mr_D4_70178_441401_F_BANK_720001_70394555,D4,Banking,4.88,इलेक्ट्रॉनिक ट्रान्सफर हे ऑनलाइन पैसे ट्रान्सफर करण्याचे माध्यम आहे,इलेक्ट्रॉनिक ट्रान्सफर हे ऑनलाईन पैसे ट्रान्सफर करण्याचे माध्यम आहे,इलेक्ट्रॉनिक ट्रान्सफर हे ऑनलाइन पैसे ट्रान्सफर करण्याचे माध्यम आहे,इलेक्ट्रॉनिक ट्रान्सफर हे ऑनलाईन पैसे ट्रान्सफर करण्याचे माध्यम आहे,1.49,11.11,1.49,11.11,0
IISc_RESPIN_mr_D4_70200_440030_F_AGRI_723356_70394608,D4,Agriculture,3.94,पराटीवरच्या बोंडअळीसाठी का करा लागन ?,पराटीवरचा बोंडअळी साठी का करा लागन ?,पराटीवरच्या बोंडअळीसाठी का करा लागन,पराटीवरचा बोंडअळी साठी का करा लागन,8.57,60.0,8.11,50.0,0
IISc_RESPIN_mr_D4_70283_441302_F_AGRI_722758_70394659,D4,Agriculture,6.06,"मातीची निर्मिती म्हणजे मातीच्या भौतिक , रासायनिक आणि जैविक गुणधर्मांचा अभ्यास",मातीची निर्मिती म्हणजे मातीच्या भू ते रासायनिक आणि जैविक गुणधर्मां चा अभ्यास,मातीची निर्मिती म्हणजे मातीच्या भौतिक रासायनिक आणि जैविक गुणधर्मांचा अभ्यास,मातीची निर्मिती म्हणजे मातीच्या भू ते रासायनिक आणि जैविक गुणधर्मां चा अभ्यास,6.67,40.0,9.09,36.36,0
IISc_RESPIN_mr_D4_70212_441304_M_AGRI_720862_70394874,D4,Agriculture,6.65,तण नियंत्रण हा कीटक नियंत्रणाचा वनस्पतिशास्त्रीय घटक आहे,तण नियंत्रण हा कीटक नियंत्रणाचया वनस्पती शास्त्रीय घटक आहे,तण नियंत्रण हा कीटक नियंत्रणाचा वनस्पतिशास्त्रीय घटक आहे,तण नियंत्रण हा कीटक नियंत्रणाचया वनस्पती शास्त्रीय घटक आहे,5.36,37.5,5.36,37.5,0
IISc_RESPIN_mr_D4_70212_441304_M_AGRI_720794_70395196,D4,Agriculture,4.01,मगरीच्या लेदरला विदेशी लेदर म्हणतात,मगरीच्या ले दर ला विदेश लेदर म्हणतात,मगरीच्या लेदरला विदेशी लेदर म्हणतात,मगरीच्या ले दर ला विदेश लेदर म्हणतात,8.57,80.0,8.57,80.0,0
IISc_RESPIN_mr_D4_70178_441401_F_AGRI_720340_70395844,D4,Agriculture,6.01,विभाजित बंगाल हरभरा सामान्यतः चिक मटार किंवा बंगाल हरभरा म्हणून ओळखला जातो,विभाजित बंगाल हरभरा सामान्य हा चिक मटार किंवा बंगाल हरभरा म्हणू ओळखला जातो,विभाजित बंगाल हरभरा सामान्यतः चिक मटार किंवा बंगाल हरभरा म्हणून ओळखला जातो,विभाजित बंगाल हरभरा सामान्य हा चिक मटार किंवा बंगाल हरभरा म्हणू ओळखला जातो,5.41,25.0,5.41,25.0,0
IISc_RESPIN_mr_D4_70178_441401_F_AGRI_722827_70396470,D4,Agriculture,6.02,कामगार मधमाश्या त्यांच्या मागच्या पायांवर परागकण टोपल्यांमध्ये परागकण गोळा करतात,कामगार मधमाश्या त्यांच्या मागच्या पायांवर परागकण प्रकल्ां मध्ये परागकण गोळा करतात,कामगार मधमाश्या त्यांच्या मागच्या पायांवर परागकण टोपल्यांमध्ये परागकण गोळा करतात,कामगार मधमाश्या त्यांच्या मागच्या पायांवर परागकण प्रकल्ां मध्ये परागकण गोळा करतात,7.5,20.0,7.5,20.0,0
IISc_RESPIN_mr_D4_70200_440030_F_AGRI_720302_70397282,D4,Agriculture,7.05,रेझीनमधून एक ते तीन चिकट रेझीन मिळविण्यासाठी रबरी लाकडाचा वापर केला जाऊ शकतो,रोजिम मधून ते तीन चिकल रिजी मिळण्यासाठी रबरी लाकडाचा वापर केला जाऊ शकतो,रेझीनमधून एक ते तीन चिकट रेझीन मिळविण्यासाठी रबरी लाकडाचा वापर केला जाऊ शकतो,रोजिम मधून ते तीन चिकल रिजी मिळण्यासाठी रबरी लाकडाचा वापर केला जाऊ शकतो,18.42,38.46,18.42,38.46,0
IISc_RESPIN_mr_D4_70200_440030_F_BANK_722018_70397792,D4,Banking,4.98,पे.टी.एम हे भारतातील सर्वात लोकप्रिय डिजिटल वॉलेट आहे,पेटीएम हे भातातील सर्वात लोकप्रिय डिजिटल वॉलेट आहे,पे टी एम हे भारतातील सर्वात लोकप्रिय डिजिटल वॉलेट आहे,पेटीएम हे भातातील सर्वात लोकप्रिय डिजिटल वॉलेट आहे,5.66,40.0,5.66,25.0,0
IISc_RESPIN_mr_D4_70200_440030_F_AGRI_722478_70397794,D4,Agriculture,5.69,"मला चवळीची डाळ खूप आवडते , माझी आई सुद्धा चवळी चाट करते",मला चवळीची दार वावर ते माझी आई सुद्धा चवळी चाट करते,मला चवळीची डाळ खूप आवडते माझी आई सुद्धा चवळी चाट करते,मला चवळीची दार वावर ते माझी आई सुद्धा चवळी चाट करते,16.98,27.27,20.0,33.33,0
IISc_RESPIN_mr_D4_70157_440034_M_AGRI_720063_70398923,D4,Agriculture,4.41,आपण आपल्या जमिनीचा योग्य प्रकारे वापर करण्यास सक्षम आहात का ?,आपण आपल्या जमिनीच्या योग्य प्रकारे वापर करण्यास सक्षम आहात का ?,आपण आपल्या जमिनीचा योग्य प्रकारे वापर करण्यास सक्षम आहात का,आपण आपल्या जमिनीच्या योग्य प्रकारे वापर करण्यास सक्षम आहात का,3.39,10.0,3.28,9.09,0
IISc_RESPIN_mr_D4_70157_440034_M_AGRI_720520_70398937,D4,Agriculture,3.63,सुरेशने पीक फिरवल्याने अधिक उत्पादन मिळाले,सुरेशने पी फिरवल्याने अधिक उत्पादन मिळाले,सुरेशने पीक फिरवल्याने अधिक उत्पादन मिळाले,सुरेशने पी फिरवल्याने अधिक उत्पादन मिळाले,2.38,16.67,2.38,16.67,0
IISc_RESPIN_mr_D4_70157_440034_M_AGRI_722573_70398946,D4,Agriculture,3.83,रीपर बाईंडर लहान धान्य पिके कापण्यास मदत करते,रिपर बाहेंडर लहान धान्य पिके कापण्यास मदत करते,रीपर बाईंडर लहान धान्य पिके कापण्यास मदत करते,रिपर बाहेंडर लहान धान्य पिके कापण्यास मदत करते,6.67,25.0,6.67,25.0,0
IISc_RESPIN_mr_D4_70157_440034_M_BANK_722677_70399568,D4,Banking,4.21,हरवलेले डेबिट कार्ड नेटबँकिंग द्वारे ब्लॉक केले जाऊ शकते,हरवलेली डेबिट कार्ड नेट बँकिंगद्वारे ब्लॉक केले जाऊ शकते,हरवलेले डेबिट कार्ड नेटबँकिंग द्वारे ब्लॉक केले जाऊ शकते,हरवलेली डेबिट कार्ड नेट बँकिंगद्वारे ब्लॉक केले जाऊ शकते,5.36,33.33,5.36,33.33,0
IISc_RESPIN_mr_D4_70157_440034_M_BANK_720411_70399594,D4,Banking,4.19,कस्तुरबा गांधी बालिका विद्यालय योजनेत मुलींना शिक्षण दिले जाते,कस्तुरबा गांधी बालिका विद्यालय योजनेत मुलींना शिक्षण दिले जाते,कस्तुरबा गांधी बालिका विद्यालय योजनेत मुलींना शिक्षण दिले जाते,कस्तुरबा गांधी बालिका विद्यालय योजनेत मुलींना शिक्षण दिले जाते,0.0,0.0,0.0,0.0,1
IISc_RESPIN_mr_D4_70304_441306_F_AGRI_720086_70400659,D4,Agriculture,4.85,माझी आई हिरव्या मिरचीचे खूप चविष्ट लोणचे बनवते,माझे आई हिरव्या मिरचीचे खूप चविष्ट लोनचे बनवते,माझी आई हिरव्या मिरचीचे खूप चविष्ट लोणचे बनवते,माझे आई हिरव्या मिरचीचे खूप चविष्ट लोनचे बनवते,4.35,25.0,4.35,25.0,0
IISc_RESPIN_mr_D4_70304_441306_F_AGRI_722225_70400675,D4,Agriculture,6.96,"कृषी क्षेत्रातील डेटा विश्लेषणाच्या आधारे , कीटकनाशके आणि खते इ ओळखणे येते",कृषी क्षेत्रातील डेटा नसले सहा च्या आधारे कीटकनाशके आणि खते ही ओळखणे येते,कृषी क्षेत्रातील डेटा विश्लेषणाच्या आधारे कीटकनाशके आणि खते इ ओळखणे येते,कृषी क्षेत्रातील डेटा नसले सहा च्या आधारे कीटकनाशके आणि खते ही ओळखणे येते,13.89,36.36,16.22,41.67,0
IISc_RESPIN_mr_D4_70304_441306_F_AGRI_722248_70400678,D4,Agriculture,3.39,स्प्रिंकलर वापरणे खूप कठीण काम आहे,पिंडर वापरने खूप कठीण काम आहे,स्प्रिंकलर वापरणे खूप कठीण काम आहे,पिंडर वापरने खूप कठीण काम आहे,20.59,33.33,20.59,33.33,0
IISc_RESPIN_mr_D4_70304_441306_F_BANK_718975_70400689,D4,Banking,5.67,भारत सरकारचा भीम यू.पी.आय एप आहे ज्याद्वारे बिल पेमेंट केले जाते,भारत सरकारचा भीम यू.पी.आय एप आहे ज्याद्वारे बिल पेमेंट केले जात,भारत सरकारचा भीम यू पी आय एप आहे ज्याद्वारे बिल पेमेंट केले जाते,भारत सरकारचा भीम यू पी आय एप आहे ज्याद्वारे बिल पेमेंट केले जात,1.56,7.69,1.56,9.09,0
IISc_RESPIN_mr_D4_70202_440030_M_BANK_720281_70401045,D4,Banking,4.98,मायक्रो फायनान्स लहान कामगारांसाठी डिझाइन केलेले आहे,मायक्रोफायनान्स लहान कामगारांसाठी डिझाइन केलेले आहे,मायक्रो फायनान्स लहान कामगारांसाठी डिझाइन केलेले आहे,मायक्रोफायनान्स लहान कामगारांसाठी डिझाइन केलेले आहे,1.92,28.57,1.92,28.57,0
IISc_RESPIN_mr_D4_70202_440030_M_BANK_721913_70401169,D4,Banking,7.66,भारत सरकारने ऑगस्ट दो हजार चार मध्ये कस्तुरबा गांधी बालिका विद्यालय योजना सुरू केली होती,भारत सरकारने अगस दोन हजार चार मध्ये कस्तुरबा गांधी बालिका विद्यालय योजना सुरू केली होती,भारत सरकारने ऑगस्ट दो हजार चार मध्ये कस्तुरबा गांधी बालिका विद्यालय योजना सुरू केली होती,भारत सरकारने अगस दोन हजार चार मध्ये कस्तुरबा गांधी बालिका विद्यालय योजना सुरू केली होती,4.55,13.33,4.55,13.33,0
IISc_RESPIN_mr_D4_70202_440030_M_AGRI_721066_70401322,D4,Agriculture,6.33,मातीतील पोषकद्रव्ये वाढविण्यासाठी मी शेताची काही तपासणी केली आहे,मातीतील पोषक द्रव्य वाढविण्यासाठी मी शेताची काही तपासणी केली आहे,मातीतील पोषकद्रव्ये वाढविण्यासाठी मी शेताची काही तपासणी केली आहे,मातीतील पोषक द्रव्य वाढविण्यासाठी मी शेताची काही तपासणी केली आहे,3.12,22.22,3.12,22.22,0
IISc_RESPIN_mr_D4_70202_440030_M_BANK_720411_70401622,D4,Banking,5.58,कस्तुरबा गांधी बालिका विद्यालय योजनेत मुलींना शिक्षण दिले जाते,कस्तुरबा गांधी बालिका विद्यालय योजनेत मुलींना शिक्षण दिले जाते,कस्तुरबा गांधी बालिका विद्यालय योजनेत मुलींना शिक्षण दिले जाते,कस्तुरबा गांधी बालिका विद्यालय योजनेत मुलींना शिक्षण दिले जाते,0.0,0.0,0.0,0.0,1
IISc_RESPIN_mr_D4_70202_440030_M_AGRI_720944_70401657,D4,Agriculture,5.83,शेतकरी विशिष्ट कृषी उत्पादनाचे मान्य प्रमाण प्रदान करण्यास सहमत आहे,शेतकरी विशिष्ट कृषी उत्पादनाचे मान्य प्रमाण प्रदान करण्यास सहमत आहे,शेतकरी विशिष्ट कृषी उत्पादनाचे मान्य प्रमाण प्रदान करण्यास सहमत आहे,शेतकरी विशिष्ट कृषी उत्पादनाचे मान्य प्रमाण प्रदान करण्यास सहमत आहे,0.0,0.0,0.0,0.0,1
IISc_RESPIN_mr_D4_70202_440030_M_BANK_722291_70401661,D4,Banking,5.08,भारतातील वित्त योजना लघु उद्योगांसाठी ही कर्जे देतात,भारतातील वित्त योजना लाभ उद्योगासाठी कर्ज देतात,भारतातील वित्त योजना लघु उद्योगांसाठी ही कर्जे देतात,भारतातील वित्त योजना लाभ उद्योगासाठी कर्ज देतात,13.46,50.0,13.46,50.0,0
IISc_RESPIN_mr_D4_70202_440030_M_BANK_721656_70401689,D4,Banking,8.48,"के.वाय.सी करण्यात अयशस्वी झाल्यास , एखादी व्यक्ती बँक खाते उघडण्यास नकार देऊ शकते",के.वाय.सी करण्यात अयशस्वी झाल्यास एखादी व्यक्ती बँक खाते उघडण्यास नकार देऊ शकते,के वाय सी करण्यात अयशस्वी झाल्यास एखादी व्यक्ती बँक खाते उघडण्यास नकार देऊ शकते,के वाय सी करण्यात अयशस्वी झाल्यास एखादी व्यक्ती बँक खाते उघडण्यास नकार देऊ शकते,0.0,0.0,2.47,7.69,1
IISc_RESPIN_mr_D4_70157_440034_M_BANK_719705_70403261,D4,Banking,3.95,माझ्या वडिलांनी काल आजच्या भावाने सोने विकले,माझ्या वडिलांनी काल आजचा भावाने सोने विकले,माझ्या वडिलांनी काल आजच्या भावाने सोने विकले,माझ्या वडिलांनी काल आजचा भावाने सोने विकले,4.55,14.29,4.55,14.29,0
IISc_RESPIN_mr_D4_70157_440034_M_BANK_718983_70403284,D4,Banking,3.33,क्यू.आर कोडने पैशे भरले तर वेळ वाचवतो,क्यू.आर कोडने पैशे भरले तर वेळ वाचवतो,क्यू आर कोडने पैशे भरले तर वेळ वाचवतो,क्यू आर कोडने पैशे भरले तर वेळ वाचवतो,0.0,0.0,0.0,0.0,1
IISc_RESPIN_mr_D4_70157_440034_M_BANK_722617_70403293,D4,Banking,6.11,मालमत्तेच्या कमतरतेमुळे वित्तीय बाजारातील तरलतेचा धोकाही निर्माण होऊ शकतो,मालमत्तेच्या कमतरतेमुळे वित्तीय बाजारातील तरलतेच्या बदो काही निर्माण होऊ शकतो,मालमत्तेच्या कमतरतेमुळे वित्तीय बाजारातील तरलतेचा धोकाही निर्माण होऊ शकतो,मालमत्तेच्या कमतरतेमुळे वित्तीय बाजारातील तरलतेच्या बदो काही निर्माण होऊ शकतो,6.85,33.33,6.85,33.33,0
IISc_RESPIN_mr_D4_70157_440034_M_BANK_719270_70403294,D4,Banking,5.91,आजकाल वायफाय ब्रॉडबँड प्रवेश ची सुविधा प्रदान करण्यासाठी वापरली जाते,आजकाल वायफाय ब्रॉड बँक प्रविष्टी सुविधा प्रदान करण्यासाठी वापरली जाते,आजकाल वायफाय ब्रॉडबँड प्रवेश ची सुविधा प्रदान करण्यासाठी वापरली जाते,आजकाल वायफाय ब्रॉड बँक प्रविष्टी सुविधा प्रदान करण्यासाठी वापरली जाते,8.82,30.0,8.82,30.0,0
IISc_RESPIN_mr_D4_70236_441111_M_AGRI_718802_70403391,D4,Agriculture,4.57,एम.एस स्वामिनाथन यांनी भारतात हरित क्रांतिचा आधार मांडला,एम.स स्वामीनाथन यांनी भारतात हरित क्रांतीचा आधार मानला,एम एस स्वामिनाथन यांनी भारतात हरित क्रांतिचा आधार मांडला,एम स स्वामीनाथन यांनी भारतात हरित क्रांतीचा आधार मानला,8.93,44.44,8.93,50.0,0
IISc_RESPIN_mr_D4_70200_440030_F_BANK_719876_70403901,D4,Banking,8.98,"मोबाइल बँकिंगवर जाऊन , आपण डेबिट कार्ड अक्षम करू शकता आणि सक्षम करू शकता",मोबाईल बँकेवर ऑनलाइन आपण डेबिट कार्ड अक्षम करू शकता आणि सक्षम करू शकता,मोबाइल बँकिंगवर जाऊन आपण डेबिट कार्ड अक्षम करू शकता आणि सक्षम करू शकता,मोबाईल बँकेवर ऑनलाइन आपण डेबिट कार्ड अक्षम करू शकता आणि सक्षम करू शकता,11.43,23.08,13.89,28.57,0
IISc_RESPIN_mr_D4_70200_440030_F_BANK_721140_70403936,D4,Banking,7.44,अटल पेन्शन योजना ही सरकारने सुरू केलेली सामाजिक सुरक्षा योजना आहे,अटल पेन्शन योजना ही सरकारने सुरू केलेले सामाजिक सुरक्षा योजना आहे,अटल पेन्शन योजना ही सरकारने सुरू केलेली सामाजिक सुरक्षा योजना आहे,अटल पेन्शन योजना ही सरकारने सुरू केलेले सामाजिक सुरक्षा योजना आहे,1.54,9.09,1.54,9.09,0
IISc_RESPIN_mr_D4_70236_441111_M_AGRI_719231_70406134,D4,Agriculture,6.05,सुका हरभरा आणि ओला हरभरा असे एकूण दोन प्रकारचे हरभरे आढळतात,सुका मारा भरा आणि ओला हरभरा असे एक कुंदोन प्रकारचे हरभरे आढळतात,सुका हरभरा आणि ओला हरभरा असे एकूण दोन प्रकारचे हरभरे आढळतात,सुका मारा भरा आणि ओला हरभरा असे एक कुंदोन प्रकारचे हरभरे आढळतात,13.56,36.36,13.56,36.36,0
IISc_RESPIN_mr_D4_70236_441111_M_BANK_720472_70406139,D4,Banking,3.91,कराच्या बदल्यात सरकार आपल्या लोकांना सुविधा पुरवते,कराच्या बदल्यात सरकार आपल्या लोकांना सुविधा करवा,कराच्या बदल्यात सरकार आपल्या लोकांना सुविधा पुरवते,कराच्या बदल्यात सरकार आपल्या लोकांना सुविधा करवा,8.0,14.29,8.0,14.29,0
IISc_RESPIN_mr_D4_70236_441111_M_BANK_719703_70406148,D4,Banking,4.87,"ऊस लागवडीत भरपूर फायदा होतो , गेल्या वर्षीपेक्षा जास्त फायदा झाला आहे",ऊस लागवडी भरपूर फायदा होतो गेल्या वर्षी पेक्षा जास्त फायदा झाला आहे,ऊस लागवडीत भरपूर फायदा होतो गेल्या वर्षीपेक्षा जास्त फायदा झाला आहे,ऊस लागवडी भरपूर फायदा होतो गेल्या वर्षी पेक्षा जास्त फायदा झाला आहे,2.99,27.27,5.8,33.33,0
IISc_RESPIN_mr_D4_70236_441111_M_BANK_720696_70406149,D4,Banking,5.73,जोगिंदरने त्याच्या मोबाइल नंबरवरून यू.पी.आय सेवेकडे नोंदणी केली,जोगिंदरने त्याच्या मोबाईल नंबरवरून यू.पी.आय सेवे कडे नोंदणी केले,जोगिंदरने त्याच्या मोबाइल नंबरवरून यू पी आय सेवेकडे नोंदणी केली,जोगिंदरने त्याच्या मोबाईल नंबरवरून यू पी आय सेवे कडे नोंदणी केले,4.76,40.0,4.76,50.0,0
IISc_RESPIN_mr_D1_72672_416511_F_BANK_710159_70406764,D1,Banking,8.3,आवडीचो शेयराक प्राधान्य दिला तर लाभांशामध्ये फायदो देता,आवडीचो शेयराक प्राधान्य दिला तर लाभाच्या मध्ये फायदो देता,आवडीचो शेयराक प्राधान्य दिला तर लाभांशामध्ये फायदो देता,आवडीचो शेयराक प्राधान्य दिला तर लाभाच्या मध्ये फायदो देता,7.27,25.0,7.27,25.0,0
IISc_RESPIN_mr_D1_72672_416511_F_BANK_706388_70406770,D1,Banking,13.17,अनेक राष्ट्रांनी पैशांची बचत करण्यासाठी ऑफिसचो समावेश असलेल्यो बँकिंग प्रणाली चालवली असत,अनेक राष्ट्रांनी पैशांची बचत करण्यासाठी ऑफिस चो समावेश असलेले बँकिंग प्रणाली चालवली असत,अनेक राष्ट्रांनी पैशांची बचत करण्यासाठी ऑफिसचो समावेश असलेल्यो बँकिंग प्रणाली चालवली असत,अनेक राष्ट्रांनी पैशांची बचत करण्यासाठी ऑफिस चो समावेश असलेले बँकिंग प्रणाली चालवली असत,4.55,25.0,4.55,25.0,0
IISc_RESPIN_mr_D1_72672_416511_F_AGRI_710136_70406801,D1,Agriculture,7.03,अशी मशीना तयार होण्यापुर्वी शेतीची कामा हातान केली जायची,अशी मशीन तयार होण्यापूर्वी शेतीची कामा हातान केली जायची,अशी मशीना तयार होण्यापुर्वी शेतीची कामा हातान केली जायची,अशी मशीन तयार होण्यापूर्वी शेतीची कामा हातान केली जायची,3.57,22.22,3.57,22.22,0
IISc_RESPIN_mr_D4_70236_441111_M_AGRI_719218_70408838,D4,Agriculture,3.6,भारत हा कृषी क्षेत्रात मजबूत पाऊल ठेवणारा देश आहे,भारत हा कृषी शेतात मधून पाऊल ठेवणारा देश आहे,भारत हा कृषी क्षेत्रात मजबूत पाऊल ठेवणारा देश आहे,भारत हा कृषी शेतात मधून पाऊल ठेवणारा देश आहे,16.33,22.22,16.33,22.22,0
IISc_RESPIN_mr_D4_70236_441111_M_BANK_719722_70408854,D4,Banking,4.1,मी नोकरी सोबतच डिजिटल आणि सोशल मीडिया मार्केटिंग करतो,मी नोकरी सोबत डिजिटल आणि सोशल मिडिया मार्केटिंग करतो,मी नोकरी सोबतच डिजिटल आणि सोशल मीडिया मार्केटिंग करतो,मी नोकरी सोबत डिजिटल आणि सोशल मिडिया मार्केटिंग करतो,3.77,22.22,3.77,22.22,0
IISc_RESPIN_mr_D1_72751_416510_M_AGRI_709667_70409496,D1,Agriculture,8.01,वेगन एक वजनदार चार चाकांची गाडी हा जेच्या ड्राफ्टना जानवरांका ओढतत,वेतन एक बजदात चार चाकांची काडी हा जेच्या ट्रकना जानवरांक आवडत,वेगन एक वजनदार चार चाकांची गाडी हा जेच्या ड्राफ्टना जानवरांका ओढतत,वेतन एक बजदात चार चाकांची काडी हा जेच्या ट्रकना जानवरांक आवडत,21.21,54.55,21.21,54.55,0
IISc_RESPIN_mr_D4_70200_440030_F_BANK_721725_70409537,D4,Banking,7.78,बँक ऑफ बडोदा ही एक भारतीय राष्ट्रीयीकृत बँकिंग आणि वित्तीय सेवा कंपनी आहे,बँक ऑफ बडोदा ही एक भारतीय राष्ट्रीय करित बँकिंग आणि वित्तीय सेवा कंपनी आहे,बँक ऑफ बडोदा ही एक भारतीय राष्ट्रीयीकृत बँकिंग आणि वित्तीय सेवा कंपनी आहे,बँक ऑफ बडोदा ही एक भारतीय राष्ट्रीय करित बँकिंग आणि वित्तीय सेवा कंपनी आहे,4.11,15.38,4.11,15.38,0
IISc_RESPIN_mr_D4_70236_441111_M_BANK_722063_70409888,D4,Banking,3.55,स्टेट बँक ऑफ इंडिया ही सार्वजनिक बँक आहे,स्टेट बँक ऑफ इंडिया ही सार्वजनिक बँक आहे,स्टेट बँक ऑफ इंडिया ही सार्वजनिक बँक आहे,स्टेट बँक ऑफ इंडिया ही सार्वजनिक बँक आहे,0.0,0.0,0.0,0.0,1
IISc_RESPIN_mr_D4_70304_441306_F_BANK_720455_70411872,D4,Banking,4.62,नेट बँकिंग द्वारे तुम्ही लाभार्थी ला पैसे पाठवू शकता,नेट बँकिंग द्वारे तुम्ही लाभार्थीला पैसे पाठवू शकतात,नेट बँकिंग द्वारे तुम्ही लाभार्थी ला पैसे पाठवू शकता,नेट बँकिंग द्वारे तुम्ही लाभार्थीला पैसे पाठवू शकतात,3.85,33.33,3.85,33.33,0
IISc_RESPIN_mr_D4_70236_441111_M_AGRI_720205_70411989,D4,Agriculture,4.63,आजकाल लोक शेतीमध्ये सेंद्रिय खताला अधिक महत्त्व देत आहेत,आजकाल लोक शेतीमध्ये सेंद्रिय खताला अधिक महत्वत येत आहेत,आजकाल लोक शेतीमध्ये सेंद्रिय खताला अधिक महत्त्व देत आहेत,आजकाल लोक शेतीमध्ये सेंद्रिय खताला अधिक महत्वत येत आहेत,7.14,22.22,7.14,22.22,0
IISc_RESPIN_mr_D1_72751_416510_M_BANK_710110_70412037,D1,Banking,5.89,सिक्युरिटीज ट्रेडिंग एखाद्या घटकाला नफ्यासाठी अल्पावधीत विक्री करण्याचा मानस आहे,सिक्युरिटी स्टेटिंग एखाद्या घटकाला नफ्यासाठी अल्पावधी विक्रीत करण्याचा मांस आहे,सिक्युरिटीज ट्रेडिंग एखाद्या घटकाला नफ्यासाठी अल्पावधीत विक्री करण्याचा मानस आहे,सिक्युरिटी स्टेटिंग एखाद्या घटकाला नफ्यासाठी अल्पावधी विक्रीत करण्याचा मांस आहे,8.75,50.0,8.75,50.0,0
IISc_RESPIN_mr_D4_70202_440030_M_BANK_724093_70412149,D4,Banking,4.54,विमानाच तिकिट मले ऑनलाईन काढता येईन का ?,विमानाचा टिकेट मले ऑनलाईन काढता येईन का ?,विमानाच तिकिट मले ऑनलाईन काढता येईन का,विमानाचा टिकेट मले ऑनलाईन काढता येईन का,7.89,28.57,7.5,25.0,0
IISc_RESPIN_mr_D4_70494_440001_F_AGRI_722253_70413756,D4,Agriculture,7.08,"कीटकनाशकांचा वापर धान्य , ऊस , तेलबिया शोषून घेणे आणि चघळणे नियंत्रित करण्यासाठी केला जातो",कीटनाशकांचा वापर धान्य ऊस तेलबिया शोषून घेणे आणि सगडणे नियंत्रित करण्यासाठी केला जातो,कीटकनाशकांचा वापर धान्य ऊस तेलबिया शोषून घेणे आणि चघळणे नियंत्रित करण्यासाठी केला जातो,कीटनाशकांचा वापर धान्य ऊस तेलबिया शोषून घेणे आणि सगडणे नियंत्रित करण्यासाठी केला जातो,4.65,15.38,8.89,26.67,0
IISc_RESPIN_mr_D4_70494_440001_F_BANK_721751_70413785,D4,Banking,3.43,लेनदाराला पैसे किंवा इतर मान्य मूल्य द्यावे लागते,नेंदराला पैसे किंवा इतर मान्य मूल्य द्यावे लागते,लेनदाराला पैसे किंवा इतर मान्य मूल्य द्यावे लागते,नेंदराला पैसे किंवा इतर मान्य मूल्य द्यावे लागते,6.12,12.5,6.12,12.5,0
IISc_RESPIN_mr_D4_70494_440001_F_AGRI_722066_70413786,D4,Agriculture,3.67,कुर्बान काका तुमच्याकडे कुर्बानीसाठी मेंढी कुठून आली ?,पुरा काका तुमच्याकडे पुरबारी साठी मेंढी कुठून आली,कुर्बान काका तुमच्याकडे कुर्बानीसाठी मेंढी कुठून आली,पुरा काका तुमच्याकडे पुरबारी साठी मेंढी कुठून आली,15.38,42.86,18.52,50.0,0
IISc_RESPIN_mr_D4_70494_440001_F_AGRI_722263_70413866,D4,Agriculture,3.54,कॅटागॅट उत्पादक सहसा मेंढी वापरतात,केटा गे उत्पादक सहसा मेंढी वापरतात,कॅटागॅट उत्पादक सहसा मेंढी वापरतात,केटा गे उत्पादक सहसा मेंढी वापरतात,11.76,40.0,11.76,40.0,0
IISc_RESPIN_mr_D4_70494_440001_F_AGRI_720302_70413876,D4,Agriculture,6.17,रेझीनमधून एक ते तीन चिकट रेझीन मिळविण्यासाठी रबरी लाकडाचा वापर केला जाऊ शकतो,रेशीम मधून एक ते तीन चिक ट्रेजिन मिळवण्यासाठी रबरी लाकडांचा वापर केला जाऊ शकतो,रेझीनमधून एक ते तीन चिकट रेझीन मिळविण्यासाठी रबरी लाकडाचा वापर केला जाऊ शकतो,रेशीम मधून एक ते तीन चिक ट्रेजिन मिळवण्यासाठी रबरी लाकडांचा वापर केला जाऊ शकतो,11.84,46.15,11.84,46.15,0
IISc_RESPIN_mr_D4_70494_440001_F_AGRI_722478_70415071,D4,Agriculture,4.87,"मला चवळीची डाळ खूप आवडते , माझी आई सुद्धा चवळी चाट करते",मला चवळीची दार खुबा वर ती माझी आई सुद्धा चवळी चाट करते,मला चवळीची डाळ खूप आवडते माझी आई सुद्धा चवळी चाट करते,मला चवळीची दार खुबा वर ती माझी आई सुद्धा चवळी चाट करते,16.98,36.36,20.0,33.33,0
IISc_RESPIN_mr_D4_70494_440001_F_BANK_721913_70415086,D4,Banking,5.99,भारत सरकारने ऑगस्ट दो हजार चार मध्ये कस्तुरबा गांधी बालिका विद्यालय योजना सुरू केली होती,भारत सरकारने ऑगसदो हजार चार मध्ये कस्तुरबा गांधी बालिका विद्यालय योजना सुरू केली होते,भारत सरकारने ऑगस्ट दो हजार चार मध्ये कस्तुरबा गांधी बालिका विद्यालय योजना सुरू केली होती,भारत सरकारने ऑगसदो हजार चार मध्ये कस्तुरबा गांधी बालिका विद्यालय योजना सुरू केली होते,4.55,20.0,4.55,20.0,0
IISc_RESPIN_mr_D4_70494_440001_F_BANK_722018_70415167,D4,Banking,4.4,पे.टी.एम हे भारतातील सर्वात लोकप्रिय डिजिटल वॉलेट आहे,पेटीएम हे भारतातील सर्वात लोकप्रिय डिजिटल वॉलेट आहे,पे टी एम हे भारतातील सर्वात लोकप्रिय डिजिटल वॉलेट आहे,पेटीएम हे भारतातील सर्वात लोकप्रिय डिजिटल वॉलेट आहे,3.77,30.0,3.77,12.5,0
IISc_RESPIN_mr_D4_70494_440001_F_BANK_721108_70415168,D4,Banking,5.45,एस्टोनिया ही कर स्पर्धेत जगातील सर्वोत्कृष्ट कर प्रणाली आहे,एस्ट्रोन या ही कर स्पर्धेत जगातील सर्व पृष्ठ कर प्रणाली आहे,एस्टोनिया ही कर स्पर्धेत जगातील सर्वोत्कृष्ट कर प्रणाली आहे,एस्ट्रोन या ही कर स्पर्धेत जगातील सर्व पृष्ठ कर प्रणाली आहे,13.56,44.44,13.56,44.44,0
IISc_RESPIN_mr_D1_72716_416510_F_BANK_708441_70418742,D1,Banking,4.06,भारतातले बँके ह्ये सार्वजनिक रोजगाराचो भाग आसत,भारतातले बँके हे सार्वजनिक रोजगाराचो भाग असत,भारतातले बँके ह्ये सार्वजनिक रोजगाराचो भाग आसत,भारतातले बँके हे सार्वजनिक रोजगाराचो भाग असत,6.52,28.57,6.52,28.57,0
IISc_RESPIN_mr_D1_72672_416511_F_BANK_710174_70420661,D1,Banking,11.19,एका आर्थिक वर्षात शंभर दिवस मजुरीचो रोजगार देउन ग्रामीण भागात उपजीविकेची सुरक्षा वाढवुची असा,एका आर्थिक वर्षात शंभर दिवस मजुरीचो रोजगार देऊन ग्रामीण भागात उपजीविकेची सुरक्षा वाढवूची असा,एका आर्थिक वर्षात शंभर दिवस मजुरीचो रोजगार देउन ग्रामीण भागात उपजीविकेची सुरक्षा वाढवुची असा,एका आर्थिक वर्षात शंभर दिवस मजुरीचो रोजगार देऊन ग्रामीण भागात उपजीविकेची सुरक्षा वाढवूची असा,2.17,14.29,2.17,14.29,0
IISc_RESPIN_mr_D1_72672_416511_F_AGRI_708163_70420665,D1,Agriculture,11.93,"अमरनाथ बाजरी म्हणजेच राजगिरा , रामदाणा किंवा चोला ह्येच्यात जास्ती प्रमाणात लोह आणि कॅल्शियम असता",अमनात बाजरी म्हणजेच राजगिरा प्रामाण किंवा चोला हेच्या जास्ती प्रमाणात लोह आणि कॅल्शियम असता,अमरनाथ बाजरी म्हणजेच राजगिरा रामदाणा किंवा चोला ह्येच्यात जास्ती प्रमाणात लोह आणि कॅल्शियम असता,अमनात बाजरी म्हणजेच राजगिरा प्रामाण किंवा चोला हेच्या जास्ती प्रमाणात लोह आणि कॅल्शियम असता,9.47,21.43,9.28,26.67,0
IISc_RESPIN_mr_D1_72672_416511_F_AGRI_708105_70420671,D1,Agriculture,4.81,सांड बैल ह्यो लय शक्तिमान प्राणी आसा,सांड बैल ह्यो लय शक्तीमान प्राणी आसा,सांड बैल ह्यो लय शक्तिमान प्राणी आसा,सांड बैल ह्यो लय शक्तीमान प्राणी आसा,2.78,14.29,2.78,14.29,0
IISc_RESPIN_mr_D1_72672_416511_F_BANK_706572_70420679,D1,Banking,8.73,ऑफशोअर बँक ह्या आंतरराष्ट्रीय बँकिंग परवान्याअंतर्गत नियंत्रित केलेली बँक असा,ऑफशोअर बँक ह्या आंतरराष्ट्रीय बँकिंग परवान्याअंतर्गत नियंत्रित केलेली बँक असा,ऑफशोअर बँक ह्या आंतरराष्ट्रीय बँकिंग परवान्याअंतर्गत नियंत्रित केलेली बँक असा,ऑफशोअर बँक ह्या आंतरराष्ट्रीय बँकिंग परवान्याअंतर्गत नियंत्रित केलेली बँक असा,0.0,0.0,0.0,0.0,1
IISc_RESPIN_mr_D1_72672_416511_F_BANK_710463_70420680,D1,Banking,5.67,संदर्भ दर आणि बेरोजगारी दर कशे वेगळे असत ?,संदर्भ दर आणि बेरोजगारी दर कशी वेगळे असत,संदर्भ दर आणि बेरोजगारी दर कशे वेगळे असत,संदर्भ दर आणि बेरोजगारी दर कशी वेगळे असत,2.5,12.5,7.14,22.22,0
IISc_RESPIN_mr_D1_72605_410507_F_AGRI_708434_70420790,D1,Agriculture,4.17,भारतात उत्तर प्रदेशात सगळ्यात जास्ती जैव इंधनाचा उत्पादन केला जाता,भारतात दत्त प्रदेशात सगळ्यात जास्त जैव इंधनाचा उत्पादन केला जाता,भारतात उत्तर प्रदेशात सगळ्यात जास्ती जैव इंधनाचा उत्पादन केला जाता,भारतात दत्त प्रदेशात सगळ्यात जास्त जैव इंधनाचा उत्पादन केला जाता,4.55,20.0,4.55,20.0,0
IISc_RESPIN_mr_D1_72605_410507_F_AGRI_710096_70420795,D1,Agriculture,3.57,सगळ्या जगात हिरवी मिरची ही जेवणात भाजी म्हणून वापरतत,सगळ्यात जगात हिरवी मिरची ही जेवणात भाजी म्हणून वापरतात,सगळ्या जगात हिरवी मिरची ही जेवणात भाजी म्हणून वापरतत,सगळ्यात जगात हिरवी मिरची ही जेवणात भाजी म्हणून वापरतात,3.85,22.22,3.85,22.22,0
IISc_RESPIN_mr_D1_72605_410507_F_BANK_710110_70420825,D1,Banking,4.79,सिक्युरिटीज ट्रेडिंग एखाद्या घटकाला नफ्यासाठी अल्पावधीत विक्री करण्याचा मानस आहे,सिक्युरिटीज ट्रेडिंग एखाद्या घटकाला ना फळांसाठी अल्पावधीत विक्री करण्याचा मानस आहे,सिक्युरिटीज ट्रेडिंग एखाद्या घटकाला नफ्यासाठी अल्पावधीत विक्री करण्याचा मानस आहे,सिक्युरिटीज ट्रेडिंग एखाद्या घटकाला ना फळांसाठी अल्पावधीत विक्री करण्याचा मानस आहे,6.25,20.0,6.25,20.0,0
IISc_RESPIN_mr_D1_72605_410507_F_BANK_706510_70420834,D1,Banking,5.18,"येकदा तुम्ही नेटबँकिंगसाठी नोंदणी केल्यानंतर , तुम्ही दोनशे पेक्षा जास्त व्यवहार करू शकतास",एका तुमी नेट बँकिंगसाठी नोंदणी केलय नं तुम्ही विषय पक्ष जास्त यावर करू शकतात,येकदा तुम्ही नेटबँकिंगसाठी नोंदणी केल्यानंतर तुम्ही दोनशे पेक्षा जास्त व्यवहार करू शकतास,एका तुमी नेट बँकिंगसाठी नोंदणी केलय नं तुम्ही विषय पक्ष जास्त यावर करू शकतात,26.14,83.33,27.78,76.92,0
IISc_RESPIN_mr_D1_72605_410507_F_AGRI_708163_70420835,D1,Agriculture,7.27,"अमरनाथ बाजरी म्हणजेच राजगिरा , रामदाणा किंवा चोला ह्येच्यात जास्ती प्रमाणात लोह आणि कॅल्शियम असता",अमरना बाजरी म्हणजे राज गिरी राम दाना किंवा या चोला हेच्या जास्त प्रमाणात लोह आणि केशम असता,अमरनाथ बाजरी म्हणजेच राजगिरा रामदाणा किंवा चोला ह्येच्यात जास्ती प्रमाणात लोह आणि कॅल्शियम असता,अमरना बाजरी म्हणजे राज गिरी राम दाना किंवा या चोला हेच्या जास्त प्रमाणात लोह आणि केशम असता,18.95,71.43,20.62,66.67,0
IISc_RESPIN_mr_D1_72605_410507_F_BANK_709347_70420886,D1,Banking,3.11,इक्विटीन तुम्ही त्या कंपनीच्या काही हिश्श्याचे मालक असतास,इक्विटी तुम्ही त्या कंपनीच्या काही शे चे मालक असता,इक्विटीन तुम्ही त्या कंपनीच्या काही हिश्श्याचे मालक असतास,इक्विटी तुम्ही त्या कंपनीच्या काही शे चे मालक असता,15.79,50.0,15.79,50.0,0
IISc_RESPIN_mr_D1_72605_410507_F_AGRI_707771_70420888,D1,Agriculture,5.67,"प्रीतम तुका माहीत आसा काय , आजकाल जिल्ह्यात सशाचो वापर फरसाठी केलो जात आसा",प्रीतम तुका माहित असा काळ आजकल जिल्या कशाचा पर फर साठी किलो जात असा,प्रीतम तुका माहीत आसा काय आजकाल जिल्ह्यात सशाचो वापर फरसाठी केलो जात आसा,प्रीतम तुका माहित असा काळ आजकल जिल्या कशाचा पर फर साठी किलो जात असा,19.44,84.62,21.62,78.57,0
IISc_RESPIN_mr_D1_72605_410507_F_AGRI_710361_70420893,D1,Agriculture,3.37,भारत जगातल्या नव्वद टक्के अभ्रकाचा उत्पादन करता,भारत जगातल्या नव टक्के अप्रखाचा उत्पादन करता,भारत जगातल्या नव्वद टक्के अभ्रकाचा उत्पादन करता,भारत जगातल्या नव टक्के अप्रखाचा उत्पादन करता,10.64,28.57,10.64,28.57,0
IISc_RESPIN_mr_D1_72605_410507_F_BANK_707037_70420903,D1,Banking,4.53,चलनवाढ ह्यो पैशाचा पुरवठा वाढवून अर्थव्यवस्थेक चालना देणारा कृती असा,चलनवाढ ह्या पैशाचा पुरवठ हावडा अर्थव्यवस्थेत चालना देणा रोपृती आसा,चलनवाढ ह्यो पैशाचा पुरवठा वाढवून अर्थव्यवस्थेक चालना देणारा कृती असा,चलनवाढ ह्या पैशाचा पुरवठ हावडा अर्थव्यवस्थेत चालना देणा रोपृती आसा,17.65,70.0,17.65,70.0,0
IISc_RESPIN_mr_D1_72605_410507_F_BANK_706525_70420907,D1,Banking,5.35,"व्यावसायिक बँकेचा कार्य म्हणजे , गरजेनुसार पैसो काढूक परवानगी देणा आणि पैसो सुरक्षित ठेवणा",व्यवसायिक बँकेचा कार्य म्हणजे कर्ज नुसार पैसो काढू परवानगी देणा आणि पैसो सुरक्षित ठेवणा,व्यावसायिक बँकेचा कार्य म्हणजे गरजेनुसार पैसो काढूक परवानगी देणा आणि पैसो सुरक्षित ठेवणा,व्यवसायिक बँकेचा कार्य म्हणजे कर्ज नुसार पैसो काढू परवानगी देणा आणि पैसो सुरक्षित ठेवणा,5.68,30.77,7.78,28.57,0
IISc_RESPIN_mr_D1_72605_410507_F_AGRI_711166_70420954,D1,Agriculture,3.67,काजीच्या मोठ्या झाडासाठी कसला खत कितक्या प्रमाणात वापराचा ?,काजूच्या मोठ्या झाडासाठी कसला खत कितक्या प्रमाणात वापराचा ?,काजीच्या मोठ्या झाडासाठी कसला खत कितक्या प्रमाणात वापराचा,काजूच्या मोठ्या झाडासाठी कसला खत कितक्या प्रमाणात वापराचा,1.75,12.5,1.69,11.11,0
IISc_RESPIN_mr_D1_72605_410507_F_BANK_712509_70420993,D1,Banking,3.43,खात्यात रक्कम काढली काय बँक खात्याची चार्ज घेता काय ?,खात्यात रक्कम काढली काय बँक खात्याची चार्ज येता काय ?,खात्यात रक्कम काढली काय बँक खात्याची चार्ज घेता काय,खात्यात रक्कम काढली काय बँक खात्याची चार्ज येता काय,1.96,11.11,1.89,10.0,0
IISc_RESPIN_mr_D1_72605_410507_F_BANK_712166_70421004,D1,Banking,3.0,युटिलिटी बिलान आम्ही आनी खयली बीला भरू शकताव ?,युटिलिटी बिल ना मी आणि खयली बिला भरू शकता,युटिलिटी बिलान आम्ही आनी खयली बीला भरू शकताव,युटिलिटी बिल ना मी आणि खयली बिला भरू शकता,20.45,75.0,23.91,77.78,0
IISc_RESPIN_mr_D1_72605_410507_F_AGRI_711343_70421119,D1,Agriculture,3.5,धा किलोग्रॅम भात कितक्या मापाच्या जमनित पेरून होताला ?,धा किलोग्रॅम भात कित्या मापाच्या जमिनीत पेरून होतला,धा किलोग्रॅम भात कितक्या मापाच्या जमनित पेरून होताला,धा किलोग्रॅम भात कित्या मापाच्या जमिनीत पेरून होतला,7.69,37.5,11.11,44.44,0
IISc_RESPIN_mr_D1_72605_410507_F_AGRI_711342_70421520,D1,Agriculture,2.65,भात कापुक एकराक कितके मजूर लागतले ?,भात कापूक एकरा कितके मजूर लागतले ?,भात कापुक एकराक कितके मजूर लागतले,भात कापूक एकरा कितके मजूर लागतले,6.06,33.33,5.71,28.57,0
IISc_RESPIN_mr_D4_70304_441306_F_BANK_721248_70423640,D4,Banking,5.65,असमान रोख प्रवाह कंपनीसाठी एक मोठी डोकेदुखी असल्याचे सिद्ध झाले,मसमाल रोग प्रवाह कंपनीसाठी एक मोठी डोके दुखी असल्याचे सिद्ध झाले,असमान रोख प्रवाह कंपनीसाठी एक मोठी डोकेदुखी असल्याचे सिद्ध झाले,मसमाल रोग प्रवाह कंपनीसाठी एक मोठी डोके दुखी असल्याचे सिद्ध झाले,6.35,40.0,6.35,40.0,0
IISc_RESPIN_mr_D4_70304_441306_F_AGRI_718693_70423691,D4,Agriculture,6.66,तुम्हाला माहिती आहे का की लिली फ्लॉवरला हिंदीमध्ये कंद फूल म्हणतात,तुम्हाला माहिती आहे का की लिली पॉवर ला हिनी मध्ये कंद फूल म्हणतात,तुम्हाला माहिती आहे का की लिली फ्लॉवरला हिंदीमध्ये कंद फूल म्हणतात,तुम्हाला माहिती आहे का की लिली पॉवर ला हिनी मध्ये कंद फूल म्हणतात,10.61,36.36,10.61,36.36,0
IISc_RESPIN_mr_D1_72716_416510_F_BANK_707590_70423808,D1,Banking,6.15,"तुका ठाऊक हा , भारतात जास्तकरून सामान्य स्टॉकची मोठी गुंतवणूक केली जाता",तुका ठाऊक हा भारतात जास्त करून सामान्य स्टॉकची मोठी गुंतवणूक केली जाता,तुका ठाऊक हा भारतात जास्तकरून सामान्य स्टॉकची मोठी गुंतवणूक केली जाता,तुका ठाऊक हा भारतात जास्त करून सामान्य स्टॉकची मोठी गुंतवणूक केली जाता,1.45,18.18,4.23,25.0,0
IISc_RESPIN_mr_D1_72716_416510_F_AGRI_709868_70423823,D1,Agriculture,5.27,खरीब पिकांसाठी बहूपोषक खता खूप फायदेशीर असत,खरीप पिकांसाठी बहु पोषक खता खूप फायदेशीर असत,खरीब पिकांसाठी बहूपोषक खता खूप फायदेशीर असत,खरीप पिकांसाठी बहु पोषक खता खूप फायदेशीर असत,6.98,42.86,6.98,42.86,0
IISc_RESPIN_mr_D1_72716_416510_F_AGRI_707743_70423838,D1,Agriculture,4.62,पृष्ठभाग सिंचन ह्यो जगातलो सगळ्यात साधो सिंचन प्रकार आसा,पृष्ठभाग सिंचन ह्यो जगातलो सगळ्यात साधो सिंचन प्रकार असा,पृष्ठभाग सिंचन ह्यो जगातलो सगळ्यात साधो सिंचन प्रकार आसा,पृष्ठभाग सिंचन ह्यो जगातलो सगळ्यात साधो सिंचन प्रकार असा,1.79,11.11,1.79,11.11,0
IISc_RESPIN_mr_D1_72716_416510_F_AGRI_707654_70423839,D1,Agriculture,5.62,थायलंड मलेशिया आणि इंडोनेशिया ह्ये तीन महत्वाचे रबर उत्पादक आसत,थायलंड मले श्या आणि इंडोनिशय हे तीन महत्त्वाचे रबर उत्पादक आसत,थायलंड मलेशिया आणि इंडोनेशिया ह्ये तीन महत्वाचे रबर उत्पादक आसत,थायलंड मले श्या आणि इंडोनिशय हे तीन महत्त्वाचे रबर उत्पादक आसत,14.29,50.0,14.29,50.0,0
IISc_RESPIN_mr_D1_72751_416510_M_BANK_707342_70424274,D1,Banking,5.1,आयात केलेल्या मालाच्या मूल्याच्या प्रमाणात जाहिरात मू्ल्य दर आकारलो जाता,आयात केलेल्या मालाच्या मूल्याच्या प्रमाणात जायला मूल्य दर आकारला जाता,आयात केलेल्या मालाच्या मूल्याच्या प्रमाणात जाहिरात मू्ल्य दर आकारलो जाता,आयात केलेल्या मालाच्या मूल्याच्या प्रमाणात जायला मूल्य दर आकारला जाता,8.33,30.0,8.33,30.0,0
IISc_RESPIN_mr_D1_72751_416510_M_BANK_707645_70424284,D1,Banking,6.24,तुम्ही सिक्युरिटीज किंवा इतर खायच्याव मौल्यवान मालमत्तेवर कर्ज घेऊ शकतास,तुम्ही सिक्युरिटीज किंवा तर खायच्या मूल्य वान मालमत्तेवर कर्ज घेऊ शकतात,तुम्ही सिक्युरिटीज किंवा इतर खायच्याव मौल्यवान मालमत्तेवर कर्ज घेऊ शकतास,तुम्ही सिक्युरिटीज किंवा तर खायच्या मूल्य वान मालमत्तेवर कर्ज घेऊ शकतात,6.94,50.0,6.94,50.0,0
IISc_RESPIN_mr_D1_72751_416510_M_BANK_706530_70428128,D1,Banking,7.03,"संकरित सिक्युरिटीजची वैशिष्ट्या म्हनजे प्राधान्य शेअर , परिवर्तनीय आणि इक्विटी वॉरंट",संकरित सिक्युरिटीज ची वैशिष्ट्या म्हणजे प्रदर्शन परिवर्तनीय आणि इक्विटी वॉरंट,संकरित सिक्युरिटीजची वैशिष्ट्या म्हनजे प्राधान्य शेअर परिवर्तनीय आणि इक्विटी वॉरंट,संकरित सिक्युरिटीज ची वैशिष्ट्या म्हणजे प्रदर्शन परिवर्तनीय आणि इक्विटी वॉरंट,13.41,50.0,15.48,54.55,0
IISc_RESPIN_mr_D1_72672_416511_F_BANK_712484_70430259,D1,Banking,3.83,ऑनलाइन लाईट बिल भरलेल्याची पावती माका कशी मिळात ?,ऑनलाइन लाईट बिल भरलेल्या ची पावती मका कशी मिळात ?,ऑनलाइन लाईट बिल भरलेल्याची पावती माका कशी मिळात,ऑनलाइन लाईट बिल भरलेल्या ची पावती मका कशी मिळात,4.26,37.5,4.08,33.33,0
IISc_RESPIN_mr_D1_72707_416531_F_BANK_706672_70430674,D1,Banking,8.1,वित्तीय सेवा म्हणजे फायनान्स इंडस्ट्रीद्वारा पुरवल्या जाणाऱ्यो आर्थिक सेवा,वित्तीय सेवा म्हणजे फायनान्स इंद्र स्टेद्वारा पुरवल्या जाणार आर्थिक सेवा,वित्तीय सेवा म्हणजे फायनान्स इंडस्ट्रीद्वारा पुरवल्या जाणाऱ्यो आर्थिक सेवा,वित्तीय सेवा म्हणजे फायनान्स इंद्र स्टेद्वारा पुरवल्या जाणार आर्थिक सेवा,14.86,33.33,14.86,33.33,0
IISc_RESPIN_mr_D1_72707_416531_F_BANK_710836_70430692,D1,Banking,5.85,बँक खात्याचो तपशील यु.पी.आय बरोबर लिंक करा,बँक खात्याचो तपशील यू.पी.आय बरोबर लीन का,बँक खात्याचो तपशील यु पी आय बरोबर लिंक करा,बँक खात्याचो तपशील यू पी आय बरोबर लीन का,11.9,33.33,11.9,42.86,0
IISc_RESPIN_mr_D1_72707_416531_F_AGRI_709868_70430709,D1,Agriculture,5.02,खरीब पिकांसाठी बहूपोषक खता खूप फायदेशीर असत,खरीप पिकांसाठी भू पोषक खता खूप फायदेशीर असत,खरीब पिकांसाठी बहूपोषक खता खूप फायदेशीर असत,खरीप पिकांसाठी भू पोषक खता खूप फायदेशीर असत,9.3,42.86,9.3,42.86,0
IISc_RESPIN_mr_D1_72672_416511_F_AGRI_711116_70430975,D1,Agriculture,4.31,हया ऋतुत किवा मैन्यात कसली पीके घेउक मेलाक शकतत ?,ह्या ऋतूत किंवा महिन्यात कसली पिका घेऊक मेक शकत ?,हया ऋतुत किवा मैन्यात कसली पीके घेउक मेलाक शकतत,ह्या ऋतूत किंवा महिन्यात कसली पिका घेऊक मेक शकत,23.4,88.89,22.45,80.0,0
IISc_RESPIN_mr_D1_72672_416511_F_AGRI_711343_70431967,D1,Agriculture,4.01,धा किलोग्रॅम भात कितक्या मापाच्या जमनित पेरून होताला ?,भाग लोग्रॅम भाग कितक्या मापाच्या जमिनीत पेरू होतला,धा किलोग्रॅम भात कितक्या मापाच्या जमनित पेरून होताला,भाग लोग्रॅम भाग कितक्या मापाच्या जमिनीत पेरू होतला,17.31,75.0,20.37,77.78,0
IISc_RESPIN_mr_D1_72672_416511_F_BANK_711898_70431972,D1,Banking,2.73,योजनेचो कालावधी किती अस्तलो ?,योजनेचा कालावधी किती असतो ?,योजनेचो कालावधी किती अस्तलो,योजनेचा कालावधी किती असतो,11.11,50.0,10.34,40.0,0
IISc_RESPIN_mr_D1_72672_416511_F_AGRI_711764_70431983,D1,Agriculture,3.23,एक डझन अंड्यांचो दर काय आसा ?,एक दजन अंड्याचो दर काय असा ?,एक डझन अंड्यांचो दर काय आसा,एक दजन अंड्याचो दर काय असा,14.81,50.0,13.79,42.86,0
IISc_RESPIN_mr_D1_72672_416511_F_AGRI_711170_70432079,D1,Agriculture,4.21,सिंचन पध्दतीत काजीच्या रोपाक कितक्या प्रमाणात पानी दीउचा ?,सिंचन पद्धती काजीच्या रोपा कितक्या प्रमाणात पाणी दिवचा ?,सिंचन पध्दतीत काजीच्या रोपाक कितक्या प्रमाणात पानी दीउचा,सिंचन पद्धती काजीच्या रोपा कितक्या प्रमाणात पाणी दिवचा,12.5,50.0,12.07,44.44,0
IISc_RESPIN_mr_D1_72707_416531_F_AGRI_708468_70432173,D1,Agriculture,6.26,मुलांच्या खोकल्याच्या औषधात सुद्दा मधाचो वापर केलो जाता,मुलांच्या खोकल्याच्या औषधात सुद्धा मधाचो वापर केलो जाता,मुलांच्या खोकल्याच्या औषधात सुद्दा मधाचो वापर केलो जाता,मुलांच्या खोकल्याच्या औषधात सुद्धा मधाचो वापर केलो जाता,1.82,12.5,1.82,12.5,0
IISc_RESPIN_mr_D1_72707_416531_F_BANK_706472_70432188,D1,Banking,10.2,प्रकल्प उद्योजक ही अशी व्यक्ती आसता जी वारंवार तात्पुरत्या संस्थांच्या निर्मितीत गुंतलेली असता,प्रकल्प उद्योजगी अशी व्यक्ती आसता जी वारा मारतात तोट्या संस्थांच्या नेल्ती कोणी असता,प्रकल्प उद्योजक ही अशी व्यक्ती आसता जी वारंवार तात्पुरत्या संस्थांच्या निर्मितीत गुंतलेली असता,प्रकल्प उद्योजगी अशी व्यक्ती आसता जी वारा मारतात तोट्या संस्थांच्या नेल्ती कोणी असता,25.53,53.85,25.53,53.85,0
IISc_RESPIN_mr_D1_72672_416511_F_BANK_712036_70432253,D1,Banking,3.02,माका गाडी घेऊच्या खाती कर्ज मेलताला काय ?,माका गाडी घेऊच्या खाती कर्ज मेलतला काय ?,माका गाडी घेऊच्या खाती कर्ज मेलताला काय,माका गाडी घेऊच्या खाती कर्ज मेलतला काय,2.56,14.29,2.44,12.5,0
IISc_RESPIN_mr_D1_72672_416511_F_BANK_712204_70432272,D1,Banking,2.63,पुननिर्वेश योजना काय आसता ?,पण निवे योजना काय आसता ?,पुननिर्वेश योजना काय आसता,पण निवे योजना काय आसता,20.0,50.0,18.52,40.0,0
IISc_RESPIN_mr_D1_72707_416531_F_BANK_712289_70432773,D1,Banking,5.19,बँक खाता बँकेत असला तरच कर्ज मेळाक शकता काय ?,बँक खाता बँकेत असला तरच कर्ज मेलाक शकता काय ?,बँक खाता बँकेत असला तरच कर्ज मेळाक शकता काय,बँक खाता बँकेत असला तरच कर्ज मेलाक शकता काय,2.33,11.11,2.22,10.0,0
IISc_RESPIN_mr_D1_72707_416531_F_AGRI_711342_70432786,D1,Agriculture,5.73,भात कापुक एकराक कितके मजूर लागतले ?,भात कापू एकर कितके मजूर लागले ?,भात कापुक एकराक कितके मजूर लागतले,भात कापू एकर कितके मजूर लागले,15.15,50.0,14.29,42.86,0
IISc_RESPIN_mr_D1_72707_416531_F_BANK_712067_70433185,D1,Banking,5.86,मी घेतलेल्या रकमेक किती पर्यंतचा व्याज भरूचा पडताला ?,घेतलेल्या रकमेत किती पर्यंतचा व्याज भरुचा पडतला ?,मी घेतलेल्या रकमेक किती पर्यंतचा व्याज भरूचा पडताला,घेतलेल्या रकमेत किती पर्यंतचा व्याज भरुचा पडतला,11.76,50.0,11.32,44.44,0
IISc_RESPIN_mr_D1_72716_416510_F_BANK_710190_70433730,D1,Banking,2.97,कमी मार्जिनना काय नुकसान होता ?,कमी मार्जिन ना काय नुकसान होता ?,कमी मार्जिनना काय नुकसान होता,कमी मार्जिन ना काय नुकसान होता,3.45,40.0,3.23,33.33,0
IISc_RESPIN_mr_D1_72716_416510_F_BANK_706402_70433736,D1,Banking,4.67,एकूण मालमत्तेनुसार मोजलव तर जगात अनेक बँका असत,एकूण मालमत्ते नुसार मोजला तर जगात अनेक बँका असे,एकूण मालमत्तेनुसार मोजलव तर जगात अनेक बँका असत,एकूण मालमत्ते नुसार मोजला तर जगात अनेक बँका असे,6.52,50.0,6.52,50.0,0
IISc_RESPIN_mr_D1_72716_416510_F_BANK_706388_70433768,D1,Banking,7.54,अनेक राष्ट्रांनी पैशांची बचत करण्यासाठी ऑफिसचो समावेश असलेल्यो बँकिंग प्रणाली चालवली असत,अनेक राष्ट्र नी पैशाची बचत करण्यासाठी ऑफिस समावेश असलेलो बँकिंग प्रणाली चालवली आसत,अनेक राष्ट्रांनी पैशांची बचत करण्यासाठी ऑफिसचो समावेश असलेल्यो बँकिंग प्रणाली चालवली असत,अनेक राष्ट्र नी पैशाची बचत करण्यासाठी ऑफिस समावेश असलेलो बँकिंग प्रणाली चालवली आसत,9.09,50.0,9.09,50.0,0
IISc_RESPIN_mr_D1_72716_416510_F_AGRI_707741_70433771,D1,Agriculture,7.29,पीक तणांचो दाब कमी करण्यासाठी वापरत असलेल्या पद्धतीं मध्ये वाणांची निवड हि गोष्ट सामील आसा,पीक तणाचो दाब कमी करण्यासाठी वापरत असलेल्या पद्धतीमध्ये वाणाची निवड ही गोष्ट सामील असा,पीक तणांचो दाब कमी करण्यासाठी वापरत असलेल्या पद्धतीं मध्ये वाणांची निवड हि गोष्ट सामील आसा,पीक तणाचो दाब कमी करण्यासाठी वापरत असलेल्या पद्धतीमध्ये वाणाची निवड ही गोष्ट सामील असा,6.67,40.0,6.67,40.0,0
IISc_RESPIN_mr_D1_72716_416510_F_AGRI_708434_70433894,D1,Agriculture,7.55,भारतात उत्तर प्रदेशात सगळ्यात जास्ती जैव इंधनाचा उत्पादन केला जाता,भारतात उत्तर प्रदेशात सगळ्यात जास्ती जैव इंधनाचा उत्पादन केला जाता,भारतात उत्तर प्रदेशात सगळ्यात जास्ती जैव इंधनाचा उत्पादन केला जाता,भारतात उत्तर प्रदेशात सगळ्यात जास्ती जैव इंधनाचा उत्पादन केला जाता,0.0,0.0,0.0,0.0,1
IISc_RESPIN_mr_D1_72716_416510_F_BANK_711982_70434049,D1,Banking,5.17,हया कर्ज घेऊच्या खाती कोसाइनर लागतलो का ?,या कर्ज घेऊच्या खाती को सायनर लागतलो का ?,हया कर्ज घेऊच्या खाती कोसाइनर लागतलो का,या कर्ज घेऊच्या खाती को सायनर लागतलो का,7.69,42.86,7.32,37.5,0
IISc_RESPIN_mr_D1_72707_416531_F_BANK_712484_70434198,D1,Banking,4.83,ऑनलाइन लाईट बिल भरलेल्याची पावती माका कशी मिळात ?,ऑनलाईन लाईट बिल भरलेल्याची पावती माका कशी मिळात ?,ऑनलाइन लाईट बिल भरलेल्याची पावती माका कशी मिळात,ऑनलाईन लाईट बिल भरलेल्याची पावती माका कशी मिळात,2.13,12.5,2.04,11.11,0
IISc_RESPIN_mr_D1_72707_416531_F_AGRI_711228_70434269,D1,Agriculture,4.71,नारळाच्या झाडांका कसला खत घालूचा ?,मालाच्या झाडांका कसला खत घालूचा ?,नारळाच्या झाडांका कसला खत घालूचा,मालाच्या झाडांका कसला खत घालूचा,9.38,20.0,8.82,16.67,0
IISc_RESPIN_mr_D1_72716_416510_F_BANK_711804_70435299,D1,Banking,3.07,ऑनलाइन पैसे कसे धाडूचे ?,ऑनलाइन पैसे कसे धाडूचे ?,ऑनलाइन पैसे कसे धाडूचे,ऑनलाइन पैसे कसे धाडूचे,0.0,0.0,0.0,0.0,1
IISc_RESPIN_mr_D1_72716_416510_F_AGRI_711632_70435444,D1,Agriculture,4.23,काढणीसाठी यंत्र वापरला तर काय फायदो होता ?,काढणीसाठी यंत्र वापरला तर काय फायदो होता ?,काढणीसाठी यंत्र वापरला तर काय फायदो होता,काढणीसाठी यंत्र वापरला तर काय फायदो होता,0.0,0.0,0.0,0.0,1
IISc_RESPIN_mr_D1_72716_416510_F_BANK_712036_70435535,D1,Banking,3.61,माका गाडी घेऊच्या खाती कर्ज मेलताला काय ?,माका गाडी घेऊच्या खाती कर्ज मेलतला काय ?,माका गाडी घेऊच्या खाती कर्ज मेलताला काय,माका गाडी घेऊच्या खाती कर्ज मेलतला काय,2.56,14.29,2.44,12.5,0
IISc_RESPIN_mr_D1_72716_416510_F_BANK_712509_70435537,D1,Banking,4.34,खात्यात रक्कम काढली काय बँक खात्याची चार्ज घेता काय ?,खात्यात रक्कम काढली काय बँक खात्याची चार्ज घेता काय ?,खात्यात रक्कम काढली काय बँक खात्याची चार्ज घेता काय,खात्यात रक्कम काढली काय बँक खात्याची चार्ज घेता काय,0.0,0.0,0.0,0.0,1
IISc_RESPIN_mr_D1_72716_416510_F_BANK_712018_70435591,D1,Banking,4.5,जीवन विमा योजनेची सुरवातीची मूलभूत फायदे काय आसत ?,जीवन विमा योजनेची सुरुवातीचे मुलभूत फायदे काय आसत ?,जीवन विमा योजनेची सुरवातीची मूलभूत फायदे काय आसत,जीवन विमा योजनेची सुरुवातीचे मुलभूत फायदे काय आसत,6.25,25.0,6.0,22.22,0
IISc_RESPIN_mr_D1_72716_416510_F_AGRI_711564_70435608,D1,Agriculture,7.25,आताची नवी पिढी शेतीच्या खयच्या पद्धतीर जास्त भर दिता ?,आता ची नवी किडी शेतीच्या खयच्या पद्धतीन जास्त भर दिता,आताची नवी पिढी शेतीच्या खयच्या पद्धतीर जास्त भर दिता,आता ची नवी किडी शेतीच्या खयच्या पद्धतीन जास्त भर दिता,7.69,44.44,11.11,50.0,0
IISc_RESPIN_mr_D1_72716_416510_F_BANK_711898_70435630,D1,Banking,3.61,योजनेचो कालावधी किती अस्तलो ?,योजनेचा कालावधी किती असतो ?,योजनेचो कालावधी किती अस्तलो,योजनेचा कालावधी किती असतो,11.11,50.0,10.34,40.0,0
IISc_RESPIN_mr_D1_72707_416531_F_BANK_712208_70436914,D1,Banking,4.01,रिचार्जचो प्लॅन कसो बगायचा ?,रिचार्जचो प्लॅन कसो बगायचा ?,रिचार्जचो प्लॅन कसो बगायचा,रिचार्जचो प्लॅन कसो बगायचा,0.0,0.0,0.0,0.0,1
IISc_RESPIN_mr_D2_70423_422009_F_AGRI_715928_70437961,D2,Agriculture,4.79,मगरींना पाळण्यासाठी त्यांना दलदलीच्या ठिकाणी ठेवलं जातं,मगरींना पाळण्यासाठी त्याना दर दलीच्या ठिकाणी ठेवलं जातं,मगरींना पाळण्यासाठी त्यांना दलदलीच्या ठिकाणी ठेवलं जातं,मगरींना पाळण्यासाठी त्याना दर दलीच्या ठिकाणी ठेवलं जातं,5.45,42.86,5.45,42.86,0
IISc_RESPIN_mr_D4_70494_440001_F_BANK_724084_70439690,D4,Banking,3.3,मले दोन लाख रुपये फिक्समंधी कसे टाकता येईन ?,मले दोन लाख रुपये फिक्स मंदी कसे टाकता येईन ?,मले दोन लाख रुपये फिक्समंधी कसे टाकता येईन,मले दोन लाख रुपये फिक्स मंदी कसे टाकता येईन,4.76,25.0,4.55,22.22,0
IISc_RESPIN_mr_D4_70494_440001_F_AGRI_723293_70439693,D4,Agriculture,2.33,सकाळी धुकं कायनं होतं ?,सकाळी धोका कायनं होत ?,सकाळी धुकं कायनं होतं,सकाळी धोका कायनं होत,14.29,50.0,13.04,40.0,0
IISc_RESPIN_mr_D4_70494_440001_F_BANK_723794_70439695,D4,Banking,3.49,सामाजिक योजनेमंधून मले कसे पैसे भेटू सकन ?,सामाजिक योजनेमंधून मले कसे पैसे भेटू सकन ?,सामाजिक योजनेमंधून मले कसे पैसे भेटू सकन,सामाजिक योजनेमंधून मले कसे पैसे भेटू सकन,0.0,0.0,0.0,0.0,1
IISc_RESPIN_mr_D4_70202_440030_M_BANK_724030_70440107,D4,Banking,4.81,आरोग्य बिमा भरताना माह्या खात्यातून पैसे डायरेक्ट कटन का ?,आरोग्य बिमा भरताना माया खात्यातून पैसे डायरेक कटन का ?,आरोग्य बिमा भरताना माह्या खात्यातून पैसे डायरेक्ट कटन का,आरोग्य बिमा भरताना माया खात्यातून पैसे डायरेक कटन का,7.14,22.22,6.9,20.0,0
IISc_RESPIN_mr_D4_70304_441306_F_AGRI_723213_70443597,D4,Agriculture,3.35,पीक विमा काढनं बरं हाये का ?,पीक विमा काढणं बरं हाय का ?,पीक विमा काढनं बरं हाये का,पीक विमा काढणं बरं हाय का,7.69,33.33,7.14,28.57,0
IISc_RESPIN_mr_D4_70304_441306_F_BANK_723649_70443601,D4,Banking,5.45,मले आज दिवसभरात यू.पी.आय वर आलेले पैसे कसे पायता येईन ?,मले आज दिवस भरात यू.पी.आय वर आलेले पैसे कसे पायता येईन ?,मले आज दिवसभरात यू पी आय वर आलेले पैसे कसे पायता येईन,मले आज दिवस भरात यू पी आय वर आलेले पैसे कसे पायता येईन,1.89,16.67,1.82,18.18,0
IISc_RESPIN_mr_D4_70494_440001_F_BANK_724030_70443650,D4,Banking,4.23,आरोग्य बिमा भरताना माह्या खात्यातून पैसे डायरेक्ट कटन का ?,आरोग्य बिमा भरताना माह्या खात्यातून पैसे डायरेक कटन का ?,आरोग्य बिमा भरताना माह्या खात्यातून पैसे डायरेक्ट कटन का,आरोग्य बिमा भरताना माह्या खात्यातून पैसे डायरेक कटन का,3.57,11.11,3.45,10.0,0
IISc_RESPIN_mr_D4_70494_440001_F_BANK_724077_70443706,D4,Banking,4.57,आधार कार्डले मोबाईल नंबर जोडला तवाचं के.वाय.सी मेसेज येईन का ?,आधार कार्डले मोबाईल नंबर जोडला तवाच के.वाय.सी मेस येईन का ?,आधार कार्डले मोबाईल नंबर जोडला तवाचं के वाय सी मेसेज येईन का,आधार कार्डले मोबाईल नंबर जोडला तवाच के वाय सी मेस येईन का,5.0,16.67,4.84,18.18,0
IISc_RESPIN_mr_D4_70494_440001_F_BANK_723836_70443742,D4,Banking,3.46,माह्या खात्यातून हर महिन्याले कर्जाचे कितीक पैसे कटन ?,माया खात्यातून हर महिन्याले कर्जाचे कितीक पैसे कटन?,माह्या खात्यातून हर महिन्याले कर्जाचे कितीक पैसे कटन,माया खात्यातून हर महिन्याले कर्जाचे कितीक पैसे कटन,3.85,12.5,5.56,33.33,0
IISc_RESPIN_mr_D4_70494_440001_F_BANK_723963_70443790,D4,Banking,2.6,क्यू.आर कोडन मले पेट्रोल भरता येईन का ?,क्यू.आर कोड मले पेट्रोल भरता येईन का ?,क्यू आर कोडन मले पेट्रोल भरता येईन का,क्यू आर कोड मले पेट्रोल भरता येईन का,2.7,12.5,2.56,12.5,0
IISc_RESPIN_mr_D2_70423_422009_F_BANK_713056_70444378,D2,Banking,5.21,नवजात उद्योजकतावाला तीन महिना पगार देऊ शकतस नयी,नवजात उद्योजक तावाला तीन महिना पगार देऊ शकतस नयी,नवजात उद्योजकतावाला तीन महिना पगार देऊ शकतस नयी,नवजात उद्योजक तावाला तीन महिना पगार देऊ शकतस नयी,2.13,25.0,2.13,25.0,0
IISc_RESPIN_mr_D2_70423_422009_F_AGRI_714525_70448467,D2,Agriculture,5.09,सेंद्रीय शेतीमा परंपरागत शेतीना तुलनामा कमी उत्पादन येस,सेंद्रिय शेती मा परंपरागत शेतीला तुलना मा कमी उत्पादन येस,सेंद्रीय शेतीमा परंपरागत शेतीना तुलनामा कमी उत्पादन येस,सेंद्रिय शेती मा परंपरागत शेतीला तुलना मा कमी उत्पादन येस,7.27,75.0,7.27,75.0,0
IISc_RESPIN_mr_D2_70423_422009_F_BANK_716034_70448471,D2,Banking,5.04,मोठमोठ्या देशांसोबत व्यापार करण्यासाठी डॉलरचा वापर करावा लागतो,मोठमोठ्या देशांचबत व्यापार करण्यासाठी डॉलरचा वापर करावा लागतो,मोठमोठ्या देशांसोबत व्यापार करण्यासाठी डॉलरचा वापर करावा लागतो,मोठमोठ्या देशांचबत व्यापार करण्यासाठी डॉलरचा वापर करावा लागतो,3.23,12.5,3.23,12.5,0
IISc_RESPIN_mr_D2_70423_422009_F_AGRI_715804_70449185,D2,Agriculture,4.29,प्राचीन भारताचे लोक पण कापसाची शेती करत होते,पाचन भारताचे लोक पण कापसाची शेती करत होते,प्राचीन भारताचे लोक पण कापसाची शेती करत होते,पाचन भारताचे लोक पण कापसाची शेती करत होते,6.82,12.5,6.82,12.5,0
IISc_RESPIN_mr_D2_70423_422009_F_BANK_713293_70449197,D2,Banking,5.56,रोहितनी पंजाब नॅशनल बँकनं पासबुक ऑनलाइन तपासं,रोहित नी पंजाब नॅशनल बँक नं पासबुक ऑनलाईन तपास,रोहितनी पंजाब नॅशनल बँकनं पासबुक ऑनलाइन तपासं,रोहित नी पंजाब नॅशनल बँक नं पासबुक ऑनलाईन तपास,8.89,85.71,8.89,85.71,0
IISc_RESPIN_mr_D2_70423_422009_F_BANK_716578_70449218,D2,Banking,4.39,जागतिक चलन बाजारात या चलनांच्या किमती ठरवल्या जातात,जागतिक चलन बाजारात या चलनांच्या किमती ठरवल्या जातात,जागतिक चलन बाजारात या चलनांच्या किमती ठरवल्या जातात,जागतिक चलन बाजारात या चलनांच्या किमती ठरवल्या जातात,0.0,0.0,0.0,0.0,1
IISc_RESPIN_mr_D2_70423_422009_F_BANK_718478_70449392,D2,Banking,4.76,आर.टी.जी.एस म्हणजे काय ? त्याद्वारे कसे पेमेंट करु शकतो ?,आर.टी.जी.एस म्हणजे काय त्याद्वारे कसे पेमेंट करू शकतो ?,आर टी जी एस म्हणजे काय त्याद्वारे कसे पेमेंट करु शकतो,आर टी जी एस म्हणजे काय त्याद्वारे कसे पेमेंट करू शकतो,1.89,9.09,5.26,20.0,0
IISc_RESPIN_mr_D2_70423_422009_F_BANK_718214_70449433,D2,Banking,3.38,गुंतवणूकीचे मुख्य कारण काय आहे ?,गुंतवणुकीचे मुख्य कारण काय आहे ?,गुंतवणूकीचे मुख्य कारण काय आहे,गुंतवणुकीचे मुख्य कारण काय आहे,3.33,20.0,3.12,16.67,0
IISc_RESPIN_mr_D2_70423_422009_F_BANK_717949_70449445,D2,Banking,5.2,ऑनलाईन पद्धतीने कर्ज मिळविण्यासाठी मी अर्ज करु शकतो का ?,ऑनलाईन पद्धतीने कर्ज मिळविण्यासाठी मी अर्ज करू शकतो का ?,ऑनलाईन पद्धतीने कर्ज मिळविण्यासाठी मी अर्ज करु शकतो का,ऑनलाईन पद्धतीने कर्ज मिळविण्यासाठी मी अर्ज करू शकतो का,1.85,11.11,1.79,10.0,0
IISc_RESPIN_mr_D2_70423_422009_F_AGRI_717914_70450807,D2,Agriculture,5.37,काजू पॅकिंग न करता तसेच ठेवले तर ते जास्त काळ टिकू शकते का ?,काजू पॅकिंग नं करता तसे ठेवले तर ते जास्त काळ टिकू शकते का ?,काजू पॅकिंग न करता तसेच ठेवले तर ते जास्त काळ टिकू शकते का,काजू पॅकिंग नं करता तसे ठेवले तर ते जास्त काळ टिकू शकते का,3.45,15.38,3.33,14.29,0
IISc_RESPIN_mr_D2_70423_422009_F_AGRI_717361_70451346,D2,Agriculture,3.61,तूरीची लागवड जानेवारी महिन्यात करता येईल का ?,तुरीची लागवड जानेवारी महिन्यात करता येईल का ?,तूरीची लागवड जानेवारी महिन्यात करता येईल का,तुरीची लागवड जानेवारी महिन्यात करता येईल का,2.33,14.29,2.22,12.5,0
IISc_RESPIN_mr_D2_70423_422009_F_BANK_718383_70451363,D2,Banking,3.36,आधार कार्ड ऐवजी राशन कार्ड चालू शकते का ?,आधार कार्ड ऐवजी राशन कार्ड चालू शकते का ?,आधार कार्ड ऐवजी राशन कार्ड चालू शकते का,आधार कार्ड ऐवजी राशन कार्ड चालू शकते का,0.0,0.0,0.0,0.0,1
IISc_RESPIN_mr_D2_70371_422008_F_BANK_717047_70453243,D2,Banking,3.96,जेव्हा पुरवठा आणि मागणी असते तेव्हा विनिमय दर तरंगत असतो,जेवा पुरवठा आणि मागणी असते ते वा विनिमय दर त रंगत असते,जेव्हा पुरवठा आणि मागणी असते तेव्हा विनिमय दर तरंगत असतो,जेवा पुरवठा आणि मागणी असते ते वा विनिमय दर त रंगत असते,12.5,60.0,12.5,60.0,0
IISc_RESPIN_mr_D2_70371_422008_F_BANK_714934_70453422,D2,Banking,4.01,चालू खात मुख्यकरून व्यवसाय करणाऱ्या लोकांसाठी असते,चालू खाता मुख्य करुन व्यवसाय करणार्या लोकांसाठी असते,चालू खात मुख्यकरून व्यवसाय करणाऱ्या लोकांसाठी असते,चालू खाता मुख्य करुन व्यवसाय करणार्या लोकांसाठी असते,8.0,57.14,8.0,57.14,0
IISc_RESPIN_mr_D2_70371_422008_F_BANK_715038_70453449,D2,Banking,5.27,पे रोल म्हणजे एखाद्या कंपनीने तिच्या कर्मचाऱ्यांना मेहनताना देण्याचे काम होय,पेरोल म्हणजे एखाद्या कंपनीने तिच्या कर्मचार्यान मेहनताना देण्याचे काम होय,पे रोल म्हणजे एखाद्या कंपनीने तिच्या कर्मचाऱ्यांना मेहनताना देण्याचे काम होय,पेरोल म्हणजे एखाद्या कंपनीने तिच्या कर्मचार्यान मेहनताना देण्याचे काम होय,5.26,27.27,5.26,27.27,0
IISc_RESPIN_mr_D2_70371_422008_F_AGRI_715842_70453640,D2,Agriculture,3.41,बल्क टँक स्टील चा बनलेला असतो,बल्क टँक स्टीलचा बनलेला असतो,बल्क टँक स्टील चा बनलेला असतो,बल्क टँक स्टीलचा बनलेला असतो,3.45,33.33,3.45,33.33,0
IISc_RESPIN_mr_D4_70304_441306_F_BANK_723845_70456739,D4,Banking,4.67,बचत खात खोला साठी आधार कार्ड लागनच का ?,बचत खात खोला साठी आधार कार्ड लागलच का,बचत खात खोला साठी आधार कार्ड लागनच का,बचत खात खोला साठी आधार कार्ड लागलच का,2.7,12.5,7.69,22.22,0
IISc_RESPIN_mr_D1_72751_416510_M_AGRI_711764_70457050,D1,Agriculture,3.17,एक डझन अंड्यांचो दर काय आसा ?,एक डजोन अंड्यांचा दर काय असा ?,एक डझन अंड्यांचो दर काय आसा,एक डजोन अंड्यांचा दर काय असा,14.81,50.0,13.79,42.86,0
IISc_RESPIN_mr_D1_72751_416510_M_AGRI_711508_70457071,D1,Agriculture,3.42,पिकांका कीड लागा नको म्हणून काय करूचा ?,पिकांका कीड लागन म्हणून काय करूचा ?,पिकांका कीड लागा नको म्हणून काय करूचा,पिकांका कीड लागन म्हणून काय करूचा,10.81,28.57,10.26,25.0,0
IISc_RESPIN_mr_D1_72751_416510_M_BANK_712036_70457072,D1,Banking,4.07,माका गाडी घेऊच्या खाती कर्ज मेलताला काय ?,माका गाडी घेऊच्या खाती कर्ज मिळतला काय ?,माका गाडी घेऊच्या खाती कर्ज मेलताला काय,माका गाडी घेऊच्या खाती कर्ज मिळतला काय,7.69,14.29,7.32,12.5,0
IISc_RESPIN_mr_D1_72751_416510_M_BANK_712289_70457083,D1,Banking,5.17,बँक खाता बँकेत असला तरच कर्ज मेळाक शकता काय ?,बँक खाता बँकेत असला तर कर्ज मेळा शकता काय ?,बँक खाता बँकेत असला तरच कर्ज मेळाक शकता काय,बँक खाता बँकेत असला तर कर्ज मेळा शकता काय,4.65,22.22,4.44,20.0,0
IISc_RESPIN_mr_D4_70500_NA_F_BANK_723771_70459957,D4,Banking,7.87,डेबिट कार्डातून मले एका दिवसाला किती पैसा काढता येईन ?,डेबिट कार्डातून मले एका दिवसाला किती पैसे काढता येईन ?,डेबिट कार्डातून मले एका दिवसाला किती पैसा काढता येईन,डेबिट कार्डातून मले एका दिवसाला किती पैसे काढता येईन,1.92,11.11,1.85,10.0,0
IISc_RESPIN_mr_D4_70500_NA_F_AGRI_723513_70459959,D4,Agriculture,5.45,सेंद्रीय शेतीतलं पीक चांगल्या दर्जाचं रायते का ?,सेंद्रिय शेतीतील पीक चांगल्या दर्जा चं रायते का ?,सेंद्रीय शेतीतलं पीक चांगल्या दर्जाचं रायते का,सेंद्रिय शेतीतील पीक चांगल्या दर्जा चं रायते का,8.7,57.14,8.33,50.0,0
IISc_RESPIN_mr_D2_70429_400604_M_AGRI_715928_70460942,D2,Agriculture,5.5,मगरींना पाळण्यासाठी त्यांना दलदलीच्या ठिकाणी ठेवलं जातं,मगरींना पाहण्यासाठी त्यांना दरधनीच्य ठिकाणी ठेवलं जाता,मगरींना पाळण्यासाठी त्यांना दलदलीच्या ठिकाणी ठेवलं जातं,मगरींना पाहण्यासाठी त्यांना दरधनीच्य ठिकाणी ठेवलं जाता,10.91,42.86,10.91,42.86,0
IISc_RESPIN_mr_D2_70371_422008_F_AGRI_713887_70464820,D2,Agriculture,4.45,राजू घरगुती ग्रीनहाऊसमा चांगला काच वापरतस समजना का,राजू घरगुती ग्रीन हाऊस मा चांगला काच वापरतस समज ना का,राजू घरगुती ग्रीनहाऊसमा चांगला काच वापरतस समजना का,राजू घरगुती ग्रीन हाऊस मा चांगला काच वापरतस समज ना का,6.0,62.5,6.0,62.5,0
IISc_RESPIN_mr_D2_70371_422008_F_BANK_718316_70464905,D2,Banking,3.45,बँकेतून रक्कम काढायला कुठली स्लीप लागते ?,बँकेतून रक्कम काढायला कुठली स्लिप लागते,बँकेतून रक्कम काढायला कुठली स्लीप लागते,बँकेतून रक्कम काढायला कुठली स्लिप लागते,2.56,16.67,7.32,28.57,0
IISc_RESPIN_mr_D2_70371_422008_F_BANK_718568_70465110,D2,Banking,4.48,कर्ज परतफेडी बाबत मला ऑनलाईन व ऑफलाईन माहिती पाहिजे आहे,कर्ज परतफेडीबाबत मला ऑनलाइन ऑफलाइन माहिती पाहिजे आहे,कर्ज परतफेडी बाबत मला ऑनलाईन व ऑफलाईन माहिती पाहिजे आहे,कर्ज परतफेडीबाबत मला ऑनलाइन ऑफलाइन माहिती पाहिजे आहे,9.09,50.0,9.09,50.0,0
IISc_RESPIN_mr_D2_70371_422008_F_BANK_718214_70465131,D2,Banking,2.75,गुंतवणूकीचे मुख्य कारण काय आहे ?,गुंतवणुकीचे मुख्य कारण काय आहे ?,गुंतवणूकीचे मुख्य कारण काय आहे,गुंतवणुकीचे मुख्य कारण काय आहे,3.33,20.0,3.12,16.67,0
IISc_RESPIN_mr_D2_70371_422008_F_BANK_718464_70465138,D2,Banking,2.61,यू.पी.आय चा वापर कसा केला जातो ?,यू.पी.आय चा वापर कसा केला जातो ?,यू पी आय चा वापर कसा केला जातो,यू पी आय चा वापर कसा केला जातो,0.0,0.0,0.0,0.0,1
IISc_RESPIN_mr_D2_70371_422008_F_AGRI_717732_70465141,D2,Agriculture,6.03,द्राक्षावर कोणते रोग पडू शकतात ? त्याची खबरदारी म्हणून काय उपाययोजना करावी ?,द्राक्षावर कोणते रोग पडू शकतात त्याची खबरदारी म्हणून काय उपाययोजना करावी ?,द्राक्षावर कोणते रोग पडू शकतात त्याची खबरदारी म्हणून काय उपाययोजना करावी,द्राक्षावर कोणते रोग पडू शकतात त्याची खबरदारी म्हणून काय उपाययोजना करावी,0.0,0.0,2.63,7.69,1
IISc_RESPIN_mr_D2_70371_422008_F_AGRI_717603_70465148,D2,Agriculture,4.86,शेतीसाठी पूरक म्हणून कोणता पशुपालन व्यवसाय फायदेशीर ठरतो ?,शेतीसाठी पूरक म्हणून कोणता पशुपालन व्यवसाय फायदेशीर ठरतो,शेतीसाठी पूरक म्हणून कोणता पशुपालन व्यवसाय फायदेशीर ठरतो,शेतीसाठी पूरक म्हणून कोणता पशुपालन व्यवसाय फायदेशीर ठरतो,0.0,0.0,3.45,11.11,1
IISc_RESPIN_mr_D2_70371_422008_F_AGRI_717650_70465160,D2,Agriculture,2.96,बटाटा ह्या पिकाची लागवड कशी करावी ?,बटाटा या पिकाची लागवड कशी करावी ?,बटाटा ह्या पिकाची लागवड कशी करावी,बटाटा या पिकाची लागवड कशी करावी,6.06,16.67,5.71,14.29,0
IISc_RESPIN_mr_D2_70371_422008_F_BANK_717968_70465169,D2,Banking,4.32,क्रेडिट कार्डसाठी ऑनलाईन पद्धतीने अर्ज करता येईल का ?,क्रेडिट कार्डसाठी ऑनलाईन पद्धतीने अर्ज करता येईल का ?,क्रेडिट कार्डसाठी ऑनलाईन पद्धतीने अर्ज करता येईल का,क्रेडिट कार्डसाठी ऑनलाईन पद्धतीने अर्ज करता येईल का,0.0,0.0,0.0,0.0,1
IISc_RESPIN_mr_D2_70371_422008_F_AGRI_717604_70465306,D2,Agriculture,5.45,शेतीपूरक कोणत्या पशुपालनास शासकीय कर्ज व अनुदान उपलब्ध आहे ?,शेती पूरक कोणत्या पशुपालनास शासकीय कर्ज वाण दान उपलब्ध आहे ?,शेतीपूरक कोणत्या पशुपालनास शासकीय कर्ज व अनुदान उपलब्ध आहे,शेती पूरक कोणत्या पशुपालनास शासकीय कर्ज वाण दान उपलब्ध आहे,8.62,44.44,8.33,40.0,0
IISc_RESPIN_mr_D4_70500_NA_F_AGRI_723338_70468729,D4,Agriculture,4.35,शेती ड्रीचींगनं कराची रायल्यास कायचा वापर करा लागीन ?,शेती रिचिरन कराची रायल्यास काय चा वापर करा लागन ?,शेती ड्रीचींगनं कराची रायल्यास कायचा वापर करा लागीन,शेती रिचिरन कराची रायल्यास काय चा वापर करा लागन,17.65,50.0,16.98,44.44,0
IISc_RESPIN_mr_D4_70500_NA_F_BANK_724247_70468852,D4,Banking,2.65,आरोग्य बिमा ऑनलाईन भरता येते का ?,आरोग्य विमा ऑनलाईन भरता येते का ?,आरोग्य बिमा ऑनलाईन भरता येते का,आरोग्य विमा ऑनलाईन भरता येते का,3.23,16.67,3.03,14.29,0
IISc_RESPIN_mr_D4_70236_441111_M_AGRI_723304_70469470,D4,Agriculture,3.13,संत्र्याच्या पिकाची साठवन कशी कराव ?,संत्र्याच्या पिकाची साठवण कशी कराव ?,संत्र्याच्या पिकाची साठवन कशी कराव,संत्र्याच्या पिकाची साठवण कशी कराव,2.94,20.0,2.78,16.67,0
IISc_RESPIN_mr_D4_70236_441111_M_BANK_724084_70469484,D4,Banking,4.4,मले दोन लाख रुपये फिक्समंधी कसे टाकता येईन ?,मले दोन लाख रुपये फिक्स मंदी कसे टाकता येईन ?,मले दोन लाख रुपये फिक्समंधी कसे टाकता येईन,मले दोन लाख रुपये फिक्स मंदी कसे टाकता येईन,4.76,25.0,4.55,22.22,0
IISc_RESPIN_mr_D4_70236_441111_M_BANK_724077_70471817,D4,Banking,4.71,आधार कार्डले मोबाईल नंबर जोडला तवाचं के.वाय.सी मेसेज येईन का ?,आधार कार्डाले मोबाईल नंबर जोडला तवा के.वाय.सी मासे येईन का ?,आधार कार्डले मोबाईल नंबर जोडला तवाचं के वाय सी मेसेज येईन का,आधार कार्डाले मोबाईल नंबर जोडला तवा के वाय सी मासे येईन का,8.33,25.0,8.06,27.27,0
IISc_RESPIN_mr_D4_70236_441111_M_AGRI_723175_70471828,D4,Agriculture,3.23,पेरनीनंतर किती दिवसांनी पानी द्या लागते ?,पेरणीनंतर किती दिवसांनी पाणी द्या लागते ?,पेरनीनंतर किती दिवसांनी पानी द्या लागते,पेरणीनंतर किती दिवसांनी पाणी द्या लागते,5.13,33.33,4.88,28.57,0
IISc_RESPIN_mr_D4_70236_441111_M_BANK_724140_70471839,D4,Banking,4.41,कर्जाचा अर्ज भराच्या टायमाले मले साक्षीदार लागन का ?,कर्जाचा अर्ज भराच्या टायमाले मले साक्षीदार लागन का ?,कर्जाचा अर्ज भराच्या टायमाले मले साक्षीदार लागन का,कर्जाचा अर्ज भराच्या टायमाले मले साक्षीदार लागन का,0.0,0.0,0.0,0.0,1
IISc_RESPIN_mr_D1_72751_416510_M_AGRI_711623_70472350,D1,Agriculture,3.59,थंडीच्या हवामानात खयची पिकां बरी वाढतत ?,थंडीच्या हवामानात खयची टीका बरी वाढतत?,थंडीच्या हवामानात खयची पिकां बरी वाढतत,थंडीच्या हवामानात खयची टीका बरी वाढतत,7.89,16.67,10.0,42.86,0
IISc_RESPIN_mr_D1_72751_416510_M_BANK_711982_70472359,D1,Banking,4.0,हया कर्ज घेऊच्या खाती कोसाइनर लागतलो का ?,म्या कर्ज घेऊच्या खाती कसाई नर लागतलो काय ?,हया कर्ज घेऊच्या खाती कोसाइनर लागतलो का,म्या कर्ज घेऊच्या खाती कसाई नर लागतलो काय,15.38,57.14,14.63,50.0,0
IISc_RESPIN_mr_D1_72751_416510_M_BANK_711804_70472378,D1,Banking,2.72,ऑनलाइन पैसे कसे धाडूचे ?,ऑनलाइन पैसे कसे दाडूचे ?,ऑनलाइन पैसे कसे धाडूचे,ऑनलाइन पैसे कसे दाडूचे,4.55,25.0,4.17,20.0,0
IISc_RESPIN_mr_D1_72751_416510_M_AGRI_711268_70472496,D1,Agriculture,7.56,जर एक शेतकरी आपल्या शेतासाठी मशीन विकत घेता तर त्याका आर्थिक सूट मिलतली काय ?,जर एक शेतकरी आपल्या शेतासाठी मशीन पत घेता तर त्याका आर्थिक सूट मिळतली काय ?,जर एक शेतकरी आपल्या शेतासाठी मशीन विकत घेता तर त्याका आर्थिक सूट मिलतली काय,जर एक शेतकरी आपल्या शेतासाठी मशीन पत घेता तर त्याका आर्थिक सूट मिळतली काय,5.33,14.29,5.19,13.33,0
IISc_RESPIN_mr_D1_72751_416510_M_BANK_712330_70472523,D1,Banking,4.09,सामाजिक क्षेत्रांत कसले कसले योजना आसत ?,सामाजिक क्षेत्रात कसले कसले योजना आसत ?,सामाजिक क्षेत्रांत कसले कसले योजना आसत,सामाजिक क्षेत्रात कसले कसले योजना आसत,2.63,16.67,2.5,14.29,0
IISc_RESPIN_mr_D4_70236_441111_M_AGRI_723571_70472968,D4,Agriculture,3.95,कास्तकार मोबाईल वरून शेतीचं मार्गदर्शन कस भेटवू शकते ?,कास्तकार मोबाईलवरून शेतीचे मार्गदर्शन कसा भेटू शकते ?,कास्तकार मोबाईल वरून शेतीचं मार्गदर्शन कस भेटवू शकते,कास्तकार मोबाईलवरून शेतीचे मार्गदर्शन कसा भेटू शकते,7.69,62.5,7.41,55.56,0
IISc_RESPIN_mr_D2_70429_400604_M_BANK_713596_70473178,D2,Banking,7.13,"सामान्यत बचत खाता ना प्रकारमा आपली नियमित जमा , मुद्रा आन सबसीडी हाई ह्रास",सामान्यत बचत खाताना प्रकार मा आपली नियमित जमा मुद्रा सब्सडे ही रास,सामान्यत बचत खाता ना प्रकारमा आपली नियमित जमा मुद्रा आन सबसीडी हाई ह्रास,सामान्यत बचत खाताना प्रकार मा आपली नियमित जमा मुद्रा सब्सडे ही रास,16.67,53.85,18.92,57.14,0
IISc_RESPIN_mr_D2_70429_400604_M_AGRI_714351_70473190,D2,Agriculture,5.98,प्रधानमंत्री कृषी सिंचन योजनानी करता पाच कागदपत्रे लागतस,प्रधानमंत्री कृषी सिंचन योजना नी करता पाच कागदपत्रे लागतस,प्रधानमंत्री कृषी सिंचन योजनानी करता पाच कागदपत्रे लागतस,प्रधानमंत्री कृषी सिंचन योजना नी करता पाच कागदपत्रे लागतस,1.79,25.0,1.79,25.0,0
IISc_RESPIN_mr_D1_72751_416510_M_BANK_711877_70473888,D1,Banking,3.24,कर्ज कोनाकपण फेडूक मेलता काय ?,कर्ज पणा पण कडूक मेलता काय ?,कर्ज कोनाकपण फेडूक मेलता काय,कर्ज पणा पण कडूक मेलता काय,21.43,60.0,20.0,50.0,0
IISc_RESPIN_mr_D2_70429_400604_M_AGRI_713250_70474171,D2,Agriculture,4.1,पिकनी शेती मा येगयेगळा पिके लेतस,पीक नि शेतीमा एग एगडा पिके लेतस,पिकनी शेती मा येगयेगळा पिके लेतस,पीक नि शेतीमा एग एगडा पिके लेतस,28.12,83.33,28.12,83.33,0
IISc_RESPIN_mr_D4_70500_NA_F_AGRI_722462_70474356,D4,Agriculture,3.91,"भारत हा सर्वात मोठा बाजरी , गहू आणि कापूस उत्पादक देश आहे",भारत सर्वात मोठा बाजरी गहू आणि कापूस उत्पादक देता,भारत हा सर्वात मोठा बाजरी गहू आणि कापूस उत्पादक देश आहे,भारत सर्वात मोठा बाजरी गहू आणि कापूस उत्पादक देता,14.55,27.27,17.54,33.33,0
IISc_RESPIN_mr_D4_70500_NA_F_BANK_719345_70474370,D4,Banking,3.62,नागरिक वेळेपूर्वीच आपली एफ.डी आणि आर.डी तोडू शकतो,नागरिक वेळे पूर्वीच आपली एफ.डी आणि आर.डी करू शकतो,नागरिक वेळेपूर्वीच आपली एफ डी आणि आर डी तोडू शकतो,नागरिक वेळे पूर्वीच आपली एफ डी आणि आर डी करू शकतो,8.16,30.0,8.16,37.5,0
IISc_RESPIN_mr_D1_72757_416531_M_AGRI_708158_70474504,D1,Agriculture,3.0,बुरशी पासून झाडांका लय प्रकारचे तरास जातत,बुरशीपासून झाडां का लय प्रकारचे तारा जातत,बुरशी पासून झाडांका लय प्रकारचे तरास जातत,बुरशीपासून झाडां का लय प्रकारचे तारा जातत,9.76,57.14,9.76,57.14,0
IISc_RESPIN_mr_D4_70500_NA_F_BANK_721400_70474779,D4,Banking,1.92,वैयक्तिक खर्च म्हणजे काय ?,वैयक्तिक कर्ज म्हणजे काय ?,वैयक्तिक खर्च म्हणजे काय,वैयक्तिक कर्ज म्हणजे काय,8.33,25.0,7.69,20.0,0
IISc_RESPIN_mr_D4_70500_NA_F_AGRI_718792_70475041,D4,Agriculture,3.26,लिमा बीन्स इतर शेंगांप्रमाणेच प्रोटीन ने समृद्ध असतात,ना बीन शेत शेंगा प्रमाणे प्रोटीन नी समृद्ध असते,लिमा बीन्स इतर शेंगांप्रमाणेच प्रोटीन ने समृद्ध असतात,ना बीन शेत शेंगा प्रमाणे प्रोटीन नी समृद्ध असते,24.53,87.5,24.53,87.5,0
IISc_RESPIN_mr_D4_70532_441302_M_BANK_723698_70475264,D4,Banking,6.65,"मले तीन लाख गुंतवाचे हाय , ते मले कसे गुंतवता येईन ?",मले तीन लाख गुंतवायचे हाय ते मले कसे गुंतवता येईन ?,मले तीन लाख गुंतवाचे हाय ते मले कसे गुंतवता येईन,मले तीन लाख गुंतवायचे हाय ते मले कसे गुंतवता येईन,2.08,10.0,5.77,16.67,0
IISc_RESPIN_mr_D4_70532_441302_M_AGRI_723338_70475276,D4,Agriculture,6.17,शेती ड्रीचींगनं कराची रायल्यास कायचा वापर करा लागीन ?,शेती ड्रिचि नं कराची रायल्यास काय चा वापर करा लागली ?,शेती ड्रीचींगनं कराची रायल्यास कायचा वापर करा लागीन,शेती ड्रिचि नं कराची रायल्यास काय चा वापर करा लागली,13.73,62.5,13.21,55.56,0
IISc_RESPIN_mr_D4_70500_NA_F_AGRI_720319_70475663,D4,Agriculture,4.07,शेलफिश बेड किंवा पिंजरे निवास स्थानाची रचना देऊ शकतात,पीक बेट किंवा पिंजरे निवास धनाची स्त्रसना देऊ शकतात,शेलफिश बेड किंवा पिंजरे निवास स्थानाची रचना देऊ शकतात,पीक बेट किंवा पिंजरे निवास धनाची स्त्रसना देऊ शकतात,30.19,44.44,30.19,44.44,0
IISc_RESPIN_mr_D4_70500_NA_F_BANK_720281_70475665,D4,Banking,3.51,मायक्रो फायनान्स लहान कामगारांसाठी डिझाइन केलेले आहे,फ्लो फायनान्स लहान कामगारांसाठी डिझाइन केलेले आहे,मायक्रो फायनान्स लहान कामगारांसाठी डिझाइन केलेले आहे,फ्लो फायनान्स लहान कामगारांसाठी डिझाइन केलेले आहे,9.62,14.29,9.62,14.29,0
IISc_RESPIN_mr_D4_70500_NA_F_BANK_720472_70475667,D4,Banking,3.58,कराच्या बदल्यात सरकार आपल्या लोकांना सुविधा पुरवते,कराच्या बदला सरकार आपल्या लोकांना सुविधा पुरवते,कराच्या बदल्यात सरकार आपल्या लोकांना सुविधा पुरवते,कराच्या बदला सरकार आपल्या लोकांना सुविधा पुरवते,6.0,14.29,6.0,14.29,0
IISc_RESPIN_mr_D4_70500_NA_F_BANK_721637_70475668,D4,Banking,6.05,कोरोनाच्या काळात बेरोजगार मजुरांना रोजगार देण्यासाठी गरीब कल्याण रोजगार सुरू केला गेला आहे,करणाच्या काळात बेरोजगार मजुरांना रोजगार पडेण्यासाठी गरीब कल्याण रोजगार सुरू केला गेला आहे,कोरोनाच्या काळात बेरोजगार मजुरांना रोजगार देण्यासाठी गरीब कल्याण रोजगार सुरू केला गेला आहे,करणाच्या काळात बेरोजगार मजुरांना रोजगार पडेण्यासाठी गरीब कल्याण रोजगार सुरू केला गेला आहे,5.56,15.38,5.56,15.38,0
IISc_RESPIN_mr_D4_70500_NA_F_BANK_719977_70475686,D4,Banking,2.84,वैदिक काळातही पंचायती अस्तित्वात होत्या,क्रेडिट काळात ही पंचायती असते भात होत्या,वैदिक काळातही पंचायती अस्तित्वात होत्या,क्रेडिट काळात ही पंचायती असते भात होत्या,30.77,100.0,30.77,100.0,0
IISc_RESPIN_mr_D1_72757_416531_M_BANK_707317_70475808,D1,Banking,6.71,आता आपण गुगल अँप वापरून आपलो बँक बॅलन्स माहित करून घेऊ शकतव,आता आपण गुगल एप वापरून आपलो बँक बॅलन्स माहित करून घेऊ शकतो,आता आपण गुगल अँप वापरून आपलो बँक बॅलन्स माहित करून घेऊ शकतव,आता आपण गुगल एप वापरून आपलो बँक बॅलन्स माहित करून घेऊ शकतो,5.08,16.67,5.08,16.67,0
IISc_RESPIN_mr_D4_70532_441302_M_BANK_723762_70476803,D4,Banking,5.57,खातं काढताना मले किती पैसा भरा लागन ?,खाता काढताना मले किती पैसा भरा लागन ?,खातं काढताना मले किती पैसा भरा लागन,खाता काढताना मले किती पैसा भरा लागन,2.86,14.29,2.7,12.5,0
IISc_RESPIN_mr_D4_70532_441302_M_BANK_723849_70476822,D4,Banking,3.97,माय बचत खातं कितीक दिवसात उघडता येईन ?,माय बचत खातं कितीक दिवसात उघडता येईन ?,माय बचत खातं कितीक दिवसात उघडता येईन,माय बचत खातं कितीक दिवसात उघडता येईन,0.0,0.0,0.0,0.0,1
IISc_RESPIN_mr_D1_72757_416531_M_BANK_706472_70477018,D1,Banking,6.54,प्रकल्प उद्योजक ही अशी व्यक्ती आसता जी वारंवार तात्पुरत्या संस्थांच्या निर्मितीत गुंतलेली असता,प्रकल्प उद्योजगी अशी व्यक्ती असता जी वारंवारता पूर्त संस्थांचा निर्मितीत गुंतलेले असता,प्रकल्प उद्योजक ही अशी व्यक्ती आसता जी वारंवार तात्पुरत्या संस्थांच्या निर्मितीत गुंतलेली असता,प्रकल्प उद्योजगी अशी व्यक्ती असता जी वारंवारता पूर्त संस्थांचा निर्मितीत गुंतलेले असता,14.89,53.85,14.89,53.85,0
IISc_RESPIN_mr_D1_72757_416531_M_BANK_709614_70477029,D1,Banking,6.05,म्युच्युअल सेविंग बॅन्क लोकांच्या बचतीक योग्य जागेर गुंतवणूक करुची संधी देता,म्युच्युअल सेविंग बँक लोकांच्या बचती योग्य जागेत गुंतवणूक करूची संधी देता,म्युच्युअल सेविंग बॅन्क लोकांच्या बचतीक योग्य जागेर गुंतवणूक करुची संधी देता,म्युच्युअल सेविंग बँक लोकांच्या बचती योग्य जागेत गुंतवणूक करूची संधी देता,7.89,36.36,7.89,36.36,0
IISc_RESPIN_mr_D4_70532_441302_M_AGRI_723291_70477305,D4,Agriculture,4.31,एका हेक्टरमंदी संत्र्याचे कीती झाडं लावा लागन ?,एका हेक्टर मंदी संत्राले किती झाड लावा लागन ?,एका हेक्टरमंदी संत्र्याचे कीती झाडं लावा लागन,एका हेक्टर मंदी संत्राले किती झाड लावा लागन,13.33,71.43,12.77,62.5,0
IISc_RESPIN_mr_D1_72757_416531_M_AGRI_707841_70478323,D1,Agriculture,6.34,भारतात उत्पादित होणाऱ्या सर्व तृणधान्यांमध्ये तांदूळ ह्यो सगळ्यात मोठो उत्पादक आसा,भारतात उत्पादित होणार्या सर्व तृणधान्यांमध्ये तांदूळ ह्यो सगळ्यात मोठो उत्पादक आसा,भारतात उत्पादित होणाऱ्या सर्व तृणधान्यांमध्ये तांदूळ ह्यो सगळ्यात मोठो उत्पादक आसा,भारतात उत्पादित होणार्या सर्व तृणधान्यांमध्ये तांदूळ ह्यो सगळ्यात मोठो उत्पादक आसा,1.22,9.09,1.22,9.09,0
IISc_RESPIN_mr_D1_72757_416531_M_AGRI_710136_70478787,D1,Agriculture,4.05,अशी मशीना तयार होण्यापुर्वी शेतीची कामा हातान केली जायची,अशी मशीन तयार होण्यापूर्वी शेतीची कामा हातान केली जायची,अशी मशीना तयार होण्यापुर्वी शेतीची कामा हातान केली जायची,अशी मशीन तयार होण्यापूर्वी शेतीची कामा हातान केली जायची,3.57,22.22,3.57,22.22,0
IISc_RESPIN_mr_D1_72757_416531_M_AGRI_708043_70478801,D1,Agriculture,3.57,शिवाय भारतात पयल्यांदाच चहा तिबेटमधसून इलो,शिवाय भारतात पहिल्यांदा चहा टी बेट मधसून इलो,शिवाय भारतात पयल्यांदाच चहा तिबेटमधसून इलो,शिवाय भारतात पहिल्यांदा चहा टी बेट मधसून इलो,16.67,66.67,16.67,66.67,0
IISc_RESPIN_mr_D1_72757_416531_M_BANK_706824_70478807,D1,Banking,3.86,उद्योजकता म्हणजे आर्थिक मूल्याची निर्मिती किंवा उतारा,उद्योजकता म्हणजे आर्थिक मूल्याची निर्मिती किंवा उतारा,उद्योजकता म्हणजे आर्थिक मूल्याची निर्मिती किंवा उतारा,उद्योजकता म्हणजे आर्थिक मूल्याची निर्मिती किंवा उतारा,0.0,0.0,0.0,0.0,1
IISc_RESPIN_mr_D1_72757_416531_M_AGRI_711331_70480773,D1,Agriculture,3.4,पेरणीच्या आधी चवळेक खयला किटकनाशक लाव ?,पेरणीच्या आधीच वळे खयला कीटकनाशक लाव ?,पेरणीच्या आधी चवळेक खयला किटकनाशक लाव,पेरणीच्या आधीच वळे खयला कीटकनाशक लाव,10.81,50.0,10.26,42.86,0
IISc_RESPIN_mr_D1_72757_416531_M_AGRI_711632_70480971,D1,Agriculture,3.28,काढणीसाठी यंत्र वापरला तर काय फायदो होता ?,काढणीसाठी यंत्र वापरला तर काय फायदा होत ?,काढणीसाठी यंत्र वापरला तर काय फायदो होता,काढणीसाठी यंत्र वापरला तर काय फायदा होत,5.0,28.57,4.76,25.0,0
IISc_RESPIN_mr_D1_72757_416531_M_AGRI_711459_70480973,D1,Agriculture,2.79,ई कॉमर्सचो उपयोग काय असा ?,ई कॉमर्सचा उपयोग काय असा ?,ई कॉमर्सचो उपयोग काय असा,ई कॉमर्सचा उपयोग काय असा,4.17,20.0,3.85,16.67,0
IISc_RESPIN_mr_D1_72757_416531_M_BANK_712278_70481315,D1,Banking,4.09,निधी हस्तांतरणाक सामान्य माणसाक फायदे आसत की नाय ?,निधी हस्तांतरण सामान्य माणसा फायदे आसत की नाय,निधी हस्तांतरणाक सामान्य माणसाक फायदे आसत की नाय,निधी हस्तांतरण सामान्य माणसा फायदे आसत की नाय,6.25,25.0,10.0,33.33,0
IISc_RESPIN_mr_D4_70532_441302_M_AGRI_723131_70481335,D4,Agriculture,8.15,दुभत्या जनावराच्या खरेदीसाठी अर्ज कराचा असन त कुठ कराव ?,दुभत्या जनावरांच्या खरेदीसाठी अर्ज कराचा असत कुठ कराव,दुभत्या जनावराच्या खरेदीसाठी अर्ज कराचा असन त कुठ कराव,दुभत्या जनावरांच्या खरेदीसाठी अर्ज कराचा असत कुठ कराव,5.56,33.33,8.93,40.0,0
IISc_RESPIN_mr_D4_70532_441302_M_AGRI_723468_70481341,D4,Agriculture,5.01,दमट वातावरनात पीक चिमल्यासारखं झाल्यासारखं काऊन व्हते ?,दमट वातावरणात पीक चांगल्या सारखा झाल्या सारखा काऊन व्हती ?,दमट वातावरनात पीक चिमल्यासारखं झाल्यासारखं काऊन व्हते,दमट वातावरणात पीक चांगल्या सारखा झाल्या सारखा काऊन व्हती,16.98,85.71,16.36,75.0,0
IISc_RESPIN_mr_D4_70532_441302_M_BANK_722169_70481907,D4,Banking,3.45,अभिनंदन राजू तुला नवीन गाडी मिळाली,अभियान राजू तुला नवीन गळ मिळाले,अभिनंदन राजू तुला नवीन गाडी मिळाली,अभियान राजू तुला नवीन गळ मिळाले,20.59,50.0,20.59,50.0,0
IISc_RESPIN_mr_D1_72757_416531_M_AGRI_711116_70482335,D1,Agriculture,4.05,हया ऋतुत किवा मैन्यात कसली पीके घेउक मेलाक शकतत ?,या ऋतूत किंवा महिन्यात कसली पिका घेऊक मेळा शकत ?,हया ऋतुत किवा मैन्यात कसली पीके घेउक मेलाक शकतत,या ऋतूत किंवा महिन्यात कसली पिका घेऊक मेळा शकत,23.4,88.89,22.45,80.0,0
IISc_RESPIN_mr_D1_72757_416531_M_AGRI_711144_70482347,D1,Agriculture,3.91,न्हान काजीच्या रोपासाठी खताचा प्रमाण कितक्या वापराचा ?,हां काजीच्या रोपासाठी खताचा प्रमाण कितकया वापराचा ?,न्हान काजीच्या रोपासाठी खताचा प्रमाण कितक्या वापराचा,हां काजीच्या रोपासाठी खताचा प्रमाण कितकया वापराचा,7.69,28.57,7.41,25.0,0
IISc_RESPIN_mr_D1_72757_416531_M_BANK_712205_70482348,D1,Banking,2.23,मुदत ठेवीचो विमो काय असता ?,मुदत ठेवीचो विमा काय असता,मुदत ठेवीचो विमो काय असता,मुदत ठेवीचो विमा काय असता,4.0,20.0,11.11,33.33,0
IISc_RESPIN_mr_D1_72757_416531_M_AGRI_711775_70482353,D1,Agriculture,2.94,शेतमालाचो दर खेच्यावरना ठरवतत ?,शेत मालाचो दर खेच्या वरना ठरवतात,शेतमालाचो दर खेच्यावरना ठरवतत,शेत मालाचो दर खेच्या वरना ठरवतात,10.34,125.0,16.13,100.0,0
IISc_RESPIN_mr_D4_70532_441302_M_BANK_722141_70483174,D4,Banking,7.65,"वरुण , तुम्हाला आठवत आहे की आम्ही पिग्गी बँकेत पैसे ठेवत होतो",वरून तुम्हाला ठरत आय की आम्ही पिक जी बँकेत पैसे ठेवत होतो,वरुण तुम्हाला आठवत आहे की आम्ही पिग्गी बँकेत पैसे ठेवत होतो,वरून तुम्हाला ठरत आय की आम्ही पिक जी बँकेत पैसे ठेवत होतो,15.25,45.45,18.03,50.0,0
IISc_RESPIN_mr_D4_70532_441302_M_BANK_720001_70483181,D4,Banking,7.22,इलेक्ट्रॉनिक ट्रान्सफर हे ऑनलाइन पैसे ट्रान्सफर करण्याचे माध्यम आहे,इलेक्ट्रॉनिक ट्रान्सफर हे ऑनलाइन पैसे ट्रान्सफर करण्याची माध्यम आहे,इलेक्ट्रॉनिक ट्रान्सफर हे ऑनलाइन पैसे ट्रान्सफर करण्याचे माध्यम आहे,इलेक्ट्रॉनिक ट्रान्सफर हे ऑनलाइन पैसे ट्रान्सफर करण्याची माध्यम आहे,1.49,11.11,1.49,11.11,0
IISc_RESPIN_mr_D4_70532_441302_M_AGRI_719247_70483209,D4,Agriculture,5.21,भांगाचे तेल शरीरातील सूजन कमी करू शकते,भागांची तेल शरीरातील सुजन कमी करू शकते,भांगाचे तेल शरीरातील सूजन कमी करू शकते,भागांची तेल शरीरातील सुजन कमी करू शकते,10.53,28.57,10.53,28.57,0
IISc_RESPIN_mr_D4_70532_441302_M_BANK_721248_70484237,D4,Banking,7.12,असमान रोख प्रवाह कंपनीसाठी एक मोठी डोकेदुखी असल्याचे सिद्ध झाले,अस्मान रोग प्रवाह कंपनीसाठी एक मोठी दोघे दुखी असल्याचे सिद्ध झाले,असमान रोख प्रवाह कंपनीसाठी एक मोठी डोकेदुखी असल्याचे सिद्ध झाले,अस्मान रोग प्रवाह कंपनीसाठी एक मोठी दोघे दुखी असल्याचे सिद्ध झाले,7.94,40.0,7.94,40.0,0
IISc_RESPIN_mr_D4_70532_441302_M_BANK_719425_70484241,D4,Banking,5.61,सवलतीचे कर्ज तुम्हाला कमी व्याजदरात प्राप्त होऊन जाईल,सवलतीचे कर्ज तुम्हाला कमी व्याजदरात टाकत होऊन जाईन,सवलतीचे कर्ज तुम्हाला कमी व्याजदरात प्राप्त होऊन जाईल,सवलतीचे कर्ज तुम्हाला कमी व्याजदरात टाकत होऊन जाईन,11.32,25.0,11.32,25.0,0
IISc_RESPIN_mr_D2_70429_400604_M_AGRI_714218_70484529,D2,Agriculture,6.38,जंगलतोडमझार वन जमिननं रुपांतर वावर नैते सयेरना करता व्हस,जंगल तोड मझार वन जमिनीनं रुपांतर वावर नै ते सयरना करता व्हस,जंगलतोडमझार वन जमिननं रुपांतर वावर नैते सयेरना करता व्हस,जंगल तोड मझार वन जमिनीनं रुपांतर वावर नै ते सयरना करता व्हस,8.93,77.78,8.93,77.78,0
IISc_RESPIN_mr_D2_70429_400604_M_AGRI_714312_70484539,D2,Agriculture,7.72,ईकोनीस शतकलोंग हाऊ उद्योग लघु उद्योग म्हणीसन ईकशीत कराना शे,एकोणीस शेत लोग हाऊ उद्योग नव उद्योग म्हनीसन एक शेत कराना शे,ईकोनीस शतकलोंग हाऊ उद्योग लघु उद्योग म्हणीसन ईकशीत कराना शे,एकोणीस शेत लोग हाऊ उद्योग नव उद्योग म्हनीसन एक शेत कराना शे,20.34,70.0,20.34,70.0,0
IISc_RESPIN_mr_D2_70429_400604_M_BANK_713241_70484564,D2,Banking,4.18,फोन पे वर मनी गनच बीमा करी ठेल शेत,फोन पे वर मनी गनच बिमा करी ठे शेत,फोन पे वर मनी गनच बीमा करी ठेल शेत,फोन पे वर मनी गनच बिमा करी ठे शेत,5.88,22.22,5.88,22.22,0
IISc_RESPIN_mr_D2_70429_400604_M_BANK_715223_70484670,D2,Banking,6.28,सुशीला ने आपली सर्व माहिती भरून नेट बँकिंग सुविधेसाठी रजिस्ट्रेशन केल,सुशीलने आपली सर्व माहिती भरून नेट बँकिंग सुविधेसाठी रजिस्टेशन केला,सुशीला ने आपली सर्व माहिती भरून नेट बँकिंग सुविधेसाठी रजिस्ट्रेशन केल,सुशीलने आपली सर्व माहिती भरून नेट बँकिंग सुविधेसाठी रजिस्टेशन केला,7.25,36.36,7.25,36.36,0
IISc_RESPIN_mr_D2_70429_400604_M_AGRI_716975_70484684,D2,Agriculture,5.4,शेतकरी शेतातील पीक बाजारातच विकण्यास प्राधान्य देतात,शेतकरी शेतातील पीक बाजारात विकण्यास प्राधान्य देतात,शेतकरी शेतातील पीक बाजारातच विकण्यास प्राधान्य देतात,शेतकरी शेतातील पीक बाजारात विकण्यास प्राधान्य देतात,1.92,14.29,1.92,14.29,0
IISc_RESPIN_mr_D2_70429_400604_M_BANK_718367_70484725,D2,Banking,4.04,यू.पी.आय सेवेच्या वापराबाबत माहिती हवी आहे,यू.पी.आय सेवेचा वापराबाबत माहिती हवी आहे,यू पी आय सेवेच्या वापराबाबत माहिती हवी आहे,यू पी आय सेवेचा वापराबाबत माहिती हवी आहे,4.76,12.5,4.76,16.67,0
IISc_RESPIN_mr_D1_72751_416510_M_BANK_712208_70485937,D1,Banking,3.35,रिचार्जचो प्लॅन कसो बगायचा ?,रिचार्ज प्लॅन कसो बगायचा ?,रिचार्जचो प्लॅन कसो बगायचा,रिचार्ज प्लॅन कसो बगायचा,7.69,25.0,7.14,20.0,0
IISc_RESPIN_mr_D2_70429_400604_M_AGRI_717513_70488183,D2,Agriculture,5.69,शेतीमाल विकण्यासाठी मी स्वत:चे ॲप तयार करु शकतो का ?,शेतीमाल विकण्यासाठी मी स्वतःचे ॲप तयार करू शकतो का ?,शेतीमाल विकण्यासाठी मी स्वत चे ॲप तयार करु शकतो का,शेतीमाल विकण्यासाठी मी स्वतःचे ॲप तयार करू शकतो का,4.0,30.0,3.85,20.0,0
IISc_RESPIN_mr_D2_70429_400604_M_BANK_718464_70488342,D2,Banking,3.21,यू.पी.आय चा वापर कसा केला जातो ?,यू.पी.आय चा वापर कसा केला जातो ?,यू पी आय चा वापर कसा केला जातो,यू पी आय चा वापर कसा केला जातो,0.0,0.0,0.0,0.0,1
IISc_RESPIN_mr_D4_70532_441302_M_AGRI_722433_70489246,D4,Agriculture,7.08,पशुपालन व्यवसायात पशुवैद्यकीय औषधाची गरज आहे,पशुपालन व्यवसायात पशुवैद्यकीय औषधाची गरज आहे,पशुपालन व्यवसायात पशुवैद्यकीय औषधाची गरज आहे,पशुपालन व्यवसायात पशुवैद्यकीय औषधाची गरज आहे,0.0,0.0,0.0,0.0,1
IISc_RESPIN_mr_D4_70532_441302_M_AGRI_720327_70489251,D4,Agriculture,8.9,राजस्थान मध्ये मक्याचे सर्वात जास्त क्षेत्र आहे आणि आंध्र प्रदेशात सर्वाधिक उत्पादन आहे,राजस्थान मध्ये मक्याच्या सर्वात जास्त क्षेत्र आहे आणि आंध्र प्रदेशात सर्वाधिक उत्पादन आहे,राजस्थान मध्ये मक्याचे सर्वात जास्त क्षेत्र आहे आणि आंध्र प्रदेशात सर्वाधिक उत्पादन आहे,राजस्थान मध्ये मक्याच्या सर्वात जास्त क्षेत्र आहे आणि आंध्र प्रदेशात सर्वाधिक उत्पादन आहे,3.45,7.69,3.45,7.69,0
IISc_RESPIN_mr_D4_70532_441302_M_BANK_721680_70489263,D4,Banking,3.91,मालवाहू मूलतः एक शिपलोड होता,मालवाह मूल एक सिबलोड होता,मालवाहू मूलतः एक शिपलोड होता,मालवाह मूल एक सिबलोड होता,17.86,60.0,17.86,60.0,0
IISc_RESPIN_mr_D1_72683_416519_F_BANK_706709_70490776,D1,Banking,6.63,इक्विटी व्याजाचो सर्वात सामान्य प्रकार म्हणजे सामान्य स्टॉक,इक्विटी व्याजाचा सर्वात साधो प्रकार म्हणजे सामान्य स्टॉक,इक्विटी व्याजाचो सर्वात सामान्य प्रकार म्हणजे सामान्य स्टॉक,इक्विटी व्याजाचा सर्वात साधो प्रकार म्हणजे सामान्य स्टॉक,10.17,25.0,10.17,25.0,0
IISc_RESPIN_mr_D1_72683_416519_F_BANK_709614_70491277,D1,Banking,6.86,म्युच्युअल सेविंग बॅन्क लोकांच्या बचतीक योग्य जागेर गुंतवणूक करुची संधी देता,व्यत्यय सेविंग बँक लोकांचा बाष्ती योग्य जागे गुंतवणूक करूची संधी देता,म्युच्युअल सेविंग बॅन्क लोकांच्या बचतीक योग्य जागेर गुंतवणूक करुची संधी देता,व्यत्यय सेविंग बँक लोकांचा बाष्ती योग्य जागे गुंतवणूक करूची संधी देता,22.37,54.55,22.37,54.55,0
IISc_RESPIN_mr_D1_72683_416519_F_AGRI_709114_70491285,D1,Agriculture,7.76,गंगेच्या जवळ असल्याकारणान शेतीची उत्पादन क्षमता चांगली असा,गंगेचे चवळसल्या जाणा शेतीची उत्पादन मत चांगली आसा,गंगेच्या जवळ असल्याकारणान शेतीची उत्पादन क्षमता चांगली असा,गंगेचे चवळसल्या जाणा शेतीची उत्पादन मत चांगली आसा,25.86,62.5,25.86,62.5,0
IISc_RESPIN_mr_D4_70236_441111_M_BANK_723794_70491508,D4,Banking,3.81,सामाजिक योजनेमंधून मले कसे पैसे भेटू सकन ?,सामाजिक योजनेमधून मले कसे पैसे भेटू शकत ?,सामाजिक योजनेमंधून मले कसे पैसे भेटू सकन,सामाजिक योजनेमधून मले कसे पैसे भेटू शकत,7.5,28.57,7.14,25.0,0
IISc_RESPIN_mr_D4_70236_441111_M_BANK_723633_70491522,D4,Banking,2.92,ॲक्सिडंट बिमा कसा भरता येईन ?,ऑक्सिडंड बिमा कसा भरता येईल ?,ॲक्सिडंट बिमा कसा भरता येईन,ऑक्सिडंड बिमा कसा भरता येईल,11.11,40.0,10.34,33.33,0
IISc_RESPIN_mr_D4_70236_441111_M_AGRI_723356_70491530,D4,Agriculture,4.13,पराटीवरच्या बोंडअळीसाठी का करा लागन ?,पराटी वरच्या बोंड अळीसाठी का करा लागन ?,पराटीवरच्या बोंडअळीसाठी का करा लागन,पराटी वरच्या बोंड अळीसाठी का करा लागन,5.71,80.0,5.41,66.67,0
IISc_RESPIN_mr_D1_72683_416519_F_BANK_710233_70499882,D1,Banking,4.48,घरासाठी कर्ज घेतल्यावर व्याजदर कमी बसता,घरासाठी कर्ज घेत व्याज तर कमी असता,घरासाठी कर्ज घेतल्यावर व्याजदर कमी बसता,घरासाठी कर्ज घेत व्याज तर कमी असता,23.08,66.67,23.08,66.67,0
IISc_RESPIN_mr_D1_72683_416519_F_AGRI_709451_70501951,D1,Agriculture,5.5,जास्त सिंचनामुळे सभोवतालच्या वातावरणाचो तापमान कमी होता,जास्त सिंचनामुळे सब तरच्या वातावरणाचा तापमान कमी होता,जास्त सिंचनामुळे सभोवतालच्या वातावरणाचो तापमान कमी होता,जास्त सिंचनामुळे सब तरच्या वातावरणाचा तापमान कमी होता,10.91,42.86,10.91,42.86,0
IISc_RESPIN_mr_D2_70339_422101_M_AGRI_715831_70508091,D2,Agriculture,8.8,बकरीच्या उच्च अनुवांशिक योग्यतेच्या नोंदणी असलेल्या जाती फक्त बारा जाती आहेत,बकरीच्या उच्च अनुवांशिक योग्य तेच्या नोंदणी असलेल्या जाती फक्त बारा जाती आहेत,बकरीच्या उच्च अनुवांशिक योग्यतेच्या नोंदणी असलेल्या जाती फक्त बारा जाती आहेत,बकरीच्या उच्च अनुवांशिक योग्य तेच्या नोंदणी असलेल्या जाती फक्त बारा जाती आहेत,1.32,18.18,1.32,18.18,0
IISc_RESPIN_mr_D2_70339_422101_M_AGRI_712726_70508199,D2,Agriculture,4.81,आलू बुखारनी शेती भारत ना डोंगराय भाग मान करतस,आलू करनी शेती भारत ना डोंग राय भाग मान करतस,आलू बुखारनी शेती भारत ना डोंगराय भाग मान करतस,आलू करनी शेती भारत ना डोंग राय भाग मान करतस,11.11,33.33,11.11,33.33,0
IISc_RESPIN_mr_D2_70339_422101_M_AGRI_716619_70508574,D2,Agriculture,7.18,काकडी ही एक खाद्य वनस्पती आहे की जी दुधीभोपळा या कुटुंबातील आहे,काकडी ही एक खाद्य वनस्पती आहे की जी दुधी भोपळा या पुरंबात ले आहे,काकडी ही एक खाद्य वनस्पती आहे की जी दुधीभोपळा या कुटुंबातील आहे,काकडी ही एक खाद्य वनस्पती आहे की जी दुधी भोपळा या पुरंबात ले आहे,9.52,33.33,9.52,33.33,0
IISc_RESPIN_mr_D2_70339_422101_M_AGRI_715311_70508665,D2,Agriculture,6.11,आरारोट ची पेस्ट करून जखमेवर लावल्यास रक्त येणं बंद होतं,आर रोड ची पेस्ट करून जखमेवर लावल्यास रक्त याना बंद होतो,आरारोट ची पेस्ट करून जखमेवर लावल्यास रक्त येणं बंद होतं,आर रोड ची पेस्ट करून जखमेवर लावल्यास रक्त याना बंद होतो,10.91,40.0,10.91,40.0,0
IISc_RESPIN_mr_D2_70339_422101_M_BANK_718129_70508744,D2,Banking,3.12,डेबिट कार्ड कसे काम करते ?,डेबिट कार्ड कसे काम करते ?,डेबिट कार्ड कसे काम करते,डेबिट कार्ड कसे काम करते,0.0,0.0,0.0,0.0,1
IISc_RESPIN_mr_D2_70339_422101_M_BANK_718316_70508785,D2,Banking,4.06,बँकेतून रक्कम काढायला कुठली स्लीप लागते ?,बँकेतून रक्कम काढायला कुठली स्लिप लागते,बँकेतून रक्कम काढायला कुठली स्लीप लागते,बँकेतून रक्कम काढायला कुठली स्लिप लागते,2.56,16.67,7.32,28.57,0
IISc_RESPIN_mr_D2_70339_422101_M_AGRI_717415_70508806,D2,Agriculture,4.73,आल्यावर थंड हवेचा काही परिणाम होतो का ?,आल्यावर थंड हवेचा काही परिणाम होतो का ?,आल्यावर थंड हवेचा काही परिणाम होतो का,आल्यावर थंड हवेचा काही परिणाम होतो का,0.0,0.0,0.0,0.0,1
IISc_RESPIN_mr_D2_70339_422101_M_AGRI_717572_70508808,D2,Agriculture,4.17,आवळे काढण्यासाठी सोपी पद्धत कोणती ?,आवळे काढण्यासाठी सोपी पद्धत कोणती ?,आवळे काढण्यासाठी सोपी पद्धत कोणती,आवळे काढण्यासाठी सोपी पद्धत कोणती,0.0,0.0,0.0,0.0,1
IISc_RESPIN_mr_D2_70339_422101_M_AGRI_717605_70508820,D2,Agriculture,8.1,कुक्कूटपालनासाठी शासकीय कर्ज व अनुदान उपलब्ध आहे का ? त्यासाठीचे निकष कोणते ?,कुक्कुटपालनासाठी शासकीय कर्ज व अनुदान उपलब्ध आहे का त्या साठीच निकष कोणते,कुक्कूटपालनासाठी शासकीय कर्ज व अनुदान उपलब्ध आहे का त्यासाठीचे निकष कोणते,कुक्कुटपालनासाठी शासकीय कर्ज व अनुदान उपलब्ध आहे का त्या साठीच निकष कोणते,4.11,27.27,9.09,30.77,0
IISc_RESPIN_mr_D2_70339_422101_M_BANK_718031_70508850,D2,Banking,4.42,कर्जाचे तीन हफ्ते थकले आहेत पुढे एकत्र भरता येतील का ?,कर्जाचे तीन हप्ते थकले आहेत गर एकत्र भरता येतील का ?,कर्जाचे तीन हफ्ते थकले आहेत पुढे एकत्र भरता येतील का,कर्जाचे तीन हप्ते थकले आहेत गर एकत्र भरता येतील का,9.62,20.0,9.26,18.18,0
IISc_RESPIN_mr_D2_70339_422101_M_BANK_718238_70509635,D2,Banking,4.29,मला माझ्या खात्याची गेल्या सहा महिन्यांची बॅलन्स शीट पाहिजे आहे,मला माझ्या खात्याची गेल्या सहा महिन्याची बॅलन शीट पाहिजे आहे,मला माझ्या खात्याची गेल्या सहा महिन्यांची बॅलन्स शीट पाहिजे आहे,मला माझ्या खात्याची गेल्या सहा महिन्याची बॅलन शीट पाहिजे आहे,4.76,20.0,4.76,20.0,0
IISc_RESPIN_mr_D1_72683_416519_F_BANK_707136_70509779,D1,Banking,7.87,एम पासबुक ऍप त्याच्यो साधोपणासाठी आणि वापरूक सुलभतेसाठी प्रशंसनीय असा,एम पासबुक गया त्याच्या साधेपणा साठी आणि वापरूक सुलतसाठी प्रशासनी आसा,एम पासबुक ऍप त्याच्यो साधोपणासाठी आणि वापरूक सुलभतेसाठी प्रशंसनीय असा,एम पासबुक गया त्याच्या साधेपणा साठी आणि वापरूक सुलतसाठी प्रशासनी आसा,15.94,70.0,15.94,70.0,0
IISc_RESPIN_mr_D2_70339_422101_M_AGRI_717644_70510270,D2,Agriculture,3.15,बाजारात कोणकोणती किटकनाशक औषधे आहेत ?,बाजारात कोणकोणती कीटकनाशक औषधे आहेत ?,बाजारात कोणकोणती किटकनाशक औषधे आहेत,बाजारात कोणकोणती कीटकनाशक औषधे आहेत,2.86,20.0,2.7,16.67,0
IISc_RESPIN_mr_D4_70522_441102_F_BANK_723633_70531473,D4,Banking,3.31,ॲक्सिडंट बिमा कसा भरता येईन ?,ॲक्सिडंट बिमा कसा भरता येईन ?,ॲक्सिडंट बिमा कसा भरता येईन,ॲक्सिडंट बिमा कसा भरता येईन,0.0,0.0,0.0,0.0,1
IISc_RESPIN_mr_D4_70522_441102_F_AGRI_723468_70531484,D4,Agriculture,4.11,दमट वातावरनात पीक चिमल्यासारखं झाल्यासारखं काऊन व्हते ?,दमट वातावरणात पीक सिमला सारखा झाल्या सारखं काऊन व्हते ?,दमट वातावरनात पीक चिमल्यासारखं झाल्यासारखं काऊन व्हते,दमट वातावरणात पीक सिमला सारखा झाल्या सारखं काऊन व्हते,13.21,71.43,12.73,62.5,0
IISc_RESPIN_mr_D4_70522_441102_F_BANK_723963_70531486,D4,Banking,3.47,क्यू.आर कोडन मले पेट्रोल भरता येईन का ?,क्यू.आर कोड नं मले पेट्रोल भरता येईन का ?,क्यू आर कोडन मले पेट्रोल भरता येईन का,क्यू आर कोड नं मले पेट्रोल भरता येईन का,5.41,25.0,5.13,25.0,0
IISc_RESPIN_mr_D1_72683_416519_F_AGRI_711342_70531503,D1,Agriculture,3.68,भात कापुक एकराक कितके मजूर लागतले ?,भात कापूक एकरात किती मजूर लागतला ?,भात कापुक एकराक कितके मजूर लागतले,भात कापूक एकरात किती मजूर लागतला,15.15,66.67,14.29,57.14,0
IISc_RESPIN_mr_D1_72683_416519_F_AGRI_711144_70531577,D1,Agriculture,4.32,न्हान काजीच्या रोपासाठी खताचा प्रमाण कितक्या वापराचा ?,लहान काजीच्या रोपासाठी खताचा प्रमाण कित्या वापरू चा ?,न्हान काजीच्या रोपासाठी खताचा प्रमाण कितक्या वापराचा,लहान काजीच्या रोपासाठी खताचा प्रमाण कित्या वापरू चा,9.62,57.14,9.26,50.0,0
IISc_RESPIN_mr_D1_72683_416519_F_BANK_712381_70531586,D1,Banking,3.46,गाडीसाठी कर्ज काढूक काय काय कागदपत्रा लागतली ?,गाडीसाठी कर्ज काढू काय काय कागदपत्र लागतली ?,गाडीसाठी कर्ज काढूक काय काय कागदपत्रा लागतली,गाडीसाठी कर्ज काढू काय काय कागदपत्र लागतली,4.55,28.57,4.35,25.0,0
IISc_RESPIN_mr_D1_72683_416519_F_AGRI_711318_70531605,D1,Agriculture,3.48,खताचो वापर केल्यार किती वेळांन परत वापर करुचो ?,खताचा वापर केल्या किती आम परा वापर करूचा ?,खताचो वापर केल्यार किती वेळांन परत वापर करुचो,खताचा वापर केल्या किती आम परा वापर करूचा,24.44,62.5,23.4,55.56,0
IISc_RESPIN_mr_D1_72683_416519_F_AGRI_711412_70531654,D1,Agriculture,2.29,खता किती प्रमाणात वापरुची ?,खता किती प्रमाणात वापरूची ?,खता किती प्रमाणात वापरुची,खता किती प्रमाणात वापरूची,4.0,25.0,3.7,20.0,0
IISc_RESPIN_mr_D1_72683_416519_F_AGRI_711623_70531655,D1,Agriculture,2.89,थंडीच्या हवामानात खयची पिकां बरी वाढतत ?,कांद्याच्या हवामानात खयची पिका बरी वाढत ?,थंडीच्या हवामानात खयची पिकां बरी वाढतत,कांद्याच्या हवामानात खयची पिका बरी वाढत,21.05,50.0,20.0,42.86,0
IISc_RESPIN_mr_D4_70522_441102_F_BANK_723845_70532005,D4,Banking,3.32,बचत खात खोला साठी आधार कार्ड लागनच का ?,बचत खातं खोला साठी आधार कार्ड लागनच का ?,बचत खात खोला साठी आधार कार्ड लागनच का,बचत खातं खोला साठी आधार कार्ड लागनच का,2.7,12.5,2.56,11.11,0
IISc_RESPIN_mr_D4_70522_441102_F_BANK_724077_70532088,D4,Banking,4.72,आधार कार्डले मोबाईल नंबर जोडला तवाचं के.वाय.सी मेसेज येईन का ?,आधार कार्ड ले मोबाईल नंबर जोडला तवाच के.वाय.सी मेस येईन का ?,आधार कार्डले मोबाईल नंबर जोडला तवाचं के वाय सी मेसेज येईन का,आधार कार्ड ले मोबाईल नंबर जोडला तवाच के वाय सी मेस येईन का,6.67,33.33,6.45,36.36,0
IISc_RESPIN_mr_D4_70522_441102_F_BANK_723626_70532105,D4,Banking,3.03,पैसे गुंतवन्यासाठी कोनचे कागद लागन ?,पैसे गुंतव यासाठी कोनते कागद लागन ?,पैसे गुंतवन्यासाठी कोनचे कागद लागन,पैसे गुंतव यासाठी कोनते कागद लागन,8.82,60.0,8.33,50.0,0
IISc_RESPIN_mr_D4_70522_441102_F_BANK_723927_70532473,D4,Banking,3.12,खातं खोलल्यावर त्यात किती पैसे ठेवा लागन ?,खातं खोलल्यावर त्यात किती पैसे ठेवा लागन ?,खातं खोलल्यावर त्यात किती पैसे ठेवा लागन,खातं खोलल्यावर त्यात किती पैसे ठेवा लागन,0.0,0.0,0.0,0.0,1
IISc_RESPIN_mr_D4_70522_441102_F_AGRI_721786_70532777,D4,Agriculture,3.29,भारत कापसाचा आयात आणी निर्यात दोन्ही करतो,भारत कापसाचा आयात आणि निर्यात दोन्ही करतो,भारत कापसाचा आयात आणी निर्यात दोन्ही करतो,भारत कापसाचा आयात आणि निर्यात दोन्ही करतो,2.44,14.29,2.44,14.29,0
IISc_RESPIN_mr_D4_70522_441102_F_AGRI_720163_70532778,D4,Agriculture,3.71,बटाट्याचे खोड प्रथम हाऊल टॉपर मशीनद्वारे कापले जाते,बटाट्याचे खोड प्रथम हाऊ टॉपर मशीनद्वारे कापले जाते,बटाट्याचे खोड प्रथम हाऊल टॉपर मशीनद्वारे कापले जाते,बटाट्याचे खोड प्रथम हाऊ टॉपर मशीनद्वारे कापले जाते,1.96,12.5,1.96,12.5,0
IISc_RESPIN_mr_D4_70522_441102_F_BANK_721904_70532792,D4,Banking,4.57,नवीन खाते उघडण्यापूर्वी सर्व बँकांच्या व्याजदरांची तुलना करा,नवीन खाते उघडण्यापूर्वी सर्व बँकांच्या व्याजदरांची तुलना करा,नवीन खाते उघडण्यापूर्वी सर्व बँकांच्या व्याजदरांची तुलना करा,नवीन खाते उघडण्यापूर्वी सर्व बँकांच्या व्याजदरांची तुलना करा,0.0,0.0,0.0,0.0,1
IISc_RESPIN_mr_D4_70522_441102_F_BANK_719998_70532794,D4,Banking,3.9,मध्यवर्ती कार्यालय हे कार्यालय आहे जेथे गव्हर्नर बसतात,मध्यवर्ती कार्यालय हे कार्यालय आहे जे ते गवर्नर बसतात,मध्यवर्ती कार्यालय हे कार्यालय आहे जेथे गव्हर्नर बसतात,मध्यवर्ती कार्यालय हे कार्यालय आहे जे ते गवर्नर बसतात,7.41,37.5,7.41,37.5,0
IISc_RESPIN_mr_D4_70522_441102_F_BANK_721637_70532843,D4,Banking,6.05,कोरोनाच्या काळात बेरोजगार मजुरांना रोजगार देण्यासाठी गरीब कल्याण रोजगार सुरू केला गेला आहे,पुराच्या काळात बेरोजगार मजुरांना रोजगार देण्यासाठी गरीब कल्याण रोजगार सुरू केला गेला आहे,कोरोनाच्या काळात बेरोजगार मजुरांना रोजगार देण्यासाठी गरीब कल्याण रोजगार सुरू केला गेला आहे,पुराच्या काळात बेरोजगार मजुरांना रोजगार देण्यासाठी गरीब कल्याण रोजगार सुरू केला गेला आहे,4.44,7.69,4.44,7.69,0
IISc_RESPIN_mr_D4_70522_441102_F_BANK_721140_70532955,D4,Banking,5.19,अटल पेन्शन योजना ही सरकारने सुरू केलेली सामाजिक सुरक्षा योजना आहे,अटल पेन्शन योजना ही सरकारने सुरू केलेली सामाजिक सुरक्षा योजना आहे,अटल पेन्शन योजना ही सरकारने सुरू केलेली सामाजिक सुरक्षा योजना आहे,अटल पेन्शन योजना ही सरकारने सुरू केलेली सामाजिक सुरक्षा योजना आहे,0.0,0.0,0.0,0.0,1
IISc_RESPIN_mr_D4_70522_441102_F_BANK_721108_70533158,D4,Banking,5.49,एस्टोनिया ही कर स्पर्धेत जगातील सर्वोत्कृष्ट कर प्रणाली आहे,एस टोल या ही कर स्पर्धेत जगातील सर्व पृष्ठ कर प्रणाली आहे,एस्टोनिया ही कर स्पर्धेत जगातील सर्वोत्कृष्ट कर प्रणाली आहे,एस टोल या ही कर स्पर्धेत जगातील सर्व पृष्ठ कर प्रणाली आहे,13.56,55.56,13.56,55.56,0
IISc_RESPIN_mr_D1_72742_416510_M_AGRI_707331_70538935,D1,Agriculture,13.93,आपल्या दैनंदिन जीवनात राबराचो वापर अगदी सामान्य झालो आसा,आपल्या गंदीन जुन राबचो वापर अगदी सामान्य झालो आसा,आपल्या दैनंदिन जीवनात राबराचो वापर अगदी सामान्य झालो आसा,आपल्या गंदीन जुन राबचो वापर अगदी सामान्य झालो आसा,17.86,33.33,17.86,33.33,0
IISc_RESPIN_mr_D1_72742_416510_M_BANK_707537_70541142,D1,Banking,14.41,जेव्हा एखादो माणूस बँकेत खाता उघडता तेव्हा त्येका पासबुक दिला जाता,जेव्हा एखालो माणूस बँकेत खाता उघडता तवा त्याका पासबूक दिला जाता,जेव्हा एखादो माणूस बँकेत खाता उघडता तेव्हा त्येका पासबुक दिला जाता,जेव्हा एखालो माणूस बँकेत खाता उघडता तवा त्याका पासबूक दिला जाता,9.09,36.36,9.09,36.36,0
IISc_RESPIN_mr_D1_72742_416510_M_AGRI_709321_70543733,D1,Agriculture,7.89,अंबाडीचा बियाणा हृदयविकारासाठी अतिशय उपयोगी असता,अंबाडी चा बियाण हृदय विकासाठी करतीस उपयोगी असता,अंबाडीचा बियाणा हृदयविकारासाठी अतिशय उपयोगी असता,अंबाडी चा बियाण हृदय विकासाठी करतीस उपयोगी असता,20.83,100.0,20.83,100.0,0
IISc_RESPIN_mr_D1_72742_416510_M_BANK_707317_70544675,D1,Banking,13.53,आता आपण गुगल अँप वापरून आपलो बँक बॅलन्स माहित करून घेऊ शकतव,आता आपण गुगल एप वापरून आपलो बँक बॅलन्स माहित करून घेऊ शकत,आता आपण गुगल अँप वापरून आपलो बँक बॅलन्स माहित करून घेऊ शकतव,आता आपण गुगल एप वापरून आपलो बँक बॅलन्स माहित करून घेऊ शकत,5.08,16.67,5.08,16.67,0
IISc_RESPIN_mr_D1_72742_416510_M_AGRI_707771_70545348,D1,Agriculture,16.39,"प्रीतम तुका माहीत आसा काय , आजकाल जिल्ह्यात सशाचो वापर फरसाठी केलो जात आसा",प्रीतम तुका माहित आसा काय आज काल जिल्यात सशाचो वापर फर साठी केलो जात आसा,प्रीतम तुका माहीत आसा काय आजकाल जिल्ह्यात सशाचो वापर फरसाठी केलो जात आसा,प्रीतम तुका माहित आसा काय आज काल जिल्यात सशाचो वापर फर साठी केलो जात आसा,6.94,46.15,9.46,42.86,0
IISc_RESPIN_mr_D1_72742_416510_M_BANK_709614_70545349,D1,Banking,12.57,म्युच्युअल सेविंग बॅन्क लोकांच्या बचतीक योग्य जागेर गुंतवणूक करुची संधी देता,म्युच्युअल सेविंग बँक लोकांच्या बचतीक योग्य जागे गुंतवणूक करूची संधी देता,म्युच्युअल सेविंग बॅन्क लोकांच्या बचतीक योग्य जागेर गुंतवणूक करुची संधी देता,म्युच्युअल सेविंग बँक लोकांच्या बचतीक योग्य जागे गुंतवणूक करूची संधी देता,6.58,27.27,6.58,27.27,0
IISc_RESPIN_mr_D1_72742_416510_M_BANK_707749_70545362,D1,Banking,9.51,पेरोल कर ह्येका छुपो कर असा पण म्हणतत,पेरोल कर का सोपो कर असा पण म्हणतत,पेरोल कर ह्येका छुपो कर असा पण म्हणतत,पेरोल कर का सोपो कर असा पण म्हणतत,16.22,25.0,16.22,25.0,0
IISc_RESPIN_mr_D1_72742_416510_M_AGRI_707841_70545369,D1,Agriculture,16.67,भारतात उत्पादित होणाऱ्या सर्व तृणधान्यांमध्ये तांदूळ ह्यो सगळ्यात मोठो उत्पादक आसा,भारतात उत्पादित होणार्या सर्व तृणधान्यांमध्ये तांदूळ ह्यो सगळ्यात मोठो उत्पाद आसा,भारतात उत्पादित होणाऱ्या सर्व तृणधान्यांमध्ये तांदूळ ह्यो सगळ्यात मोठो उत्पादक आसा,भारतात उत्पादित होणार्या सर्व तृणधान्यांमध्ये तांदूळ ह्यो सगळ्यात मोठो उत्पाद आसा,2.44,18.18,2.44,18.18,0
IISc_RESPIN_mr_D1_72742_416510_M_AGRI_710366_70546856,D1,Agriculture,8.89,भारतात आठशे सत्तर प्रकारचे गोड्या पाण्यातले माशे आढळतत,भारतात आठशे सत्तर प्रकारचे गोड्या पाण्यातले माशे आढळतत,भारतात आठशे सत्तर प्रकारचे गोड्या पाण्यातले माशे आढळतत,भारतात आठशे सत्तर प्रकारचे गोड्या पाण्यातले माशे आढळतत,0.0,0.0,0.0,0.0,1
IISc_RESPIN_mr_D1_72742_416510_M_AGRI_711764_70547029,D1,Agriculture,8.81,एक डझन अंड्यांचो दर काय आसा ?,एक डझन अंड्यांचो दर काय असा ?,एक डझन अंड्यांचो दर काय आसा,एक डझन अंड्यांचो दर काय असा,3.7,16.67,3.45,14.29,0
IISc_RESPIN_mr_D1_72742_416510_M_BANK_712067_70547060,D1,Banking,10.93,मी घेतलेल्या रकमेक किती पर्यंतचा व्याज भरूचा पडताला ?,मी घेतलेल्या रकमेक किती पर्यंतचा व्याज भरुचा पडला ?,मी घेतलेल्या रकमेक किती पर्यंतचा व्याज भरूचा पडताला,मी घेतलेल्या रकमेक किती पर्यंतचा व्याज भरुचा पडला,5.88,25.0,5.66,22.22,0
IISc_RESPIN_mr_D1_72742_416510_M_BANK_712509_70551601,D1,Banking,13.33,खात्यात रक्कम काढली काय बँक खात्याची चार्ज घेता काय ?,खात्यात रक्कम काढली काय बँक खात्याची चार्ज घेता काय ?,खात्यात रक्कम काढली काय बँक खात्याची चार्ज घेता काय,खात्यात रक्कम काढली काय बँक खात्याची चार्ज घेता काय,0.0,0.0,0.0,0.0,1
IISc_RESPIN_mr_D1_72742_416510_M_AGRI_711268_70551615,D1,Agriculture,21.37,जर एक शेतकरी आपल्या शेतासाठी मशीन विकत घेता तर त्याका आर्थिक सूट मिलतली काय ?,जर एक शेतकरी आपल्या शेतासाठी मशीन विकत घेता तर त्याका आर्थिक सुमितली का,जर एक शेतकरी आपल्या शेतासाठी मशीन विकत घेता तर त्याका आर्थिक सूट मिलतली काय,जर एक शेतकरी आपल्या शेतासाठी मशीन विकत घेता तर त्याका आर्थिक सुमितली का,6.67,21.43,9.09,26.67,0
IISc_RESPIN_mr_D1_72742_416510_M_BANK_712036_70552052,D1,Banking,16.89,माका गाडी घेऊच्या खाती कर्ज मेलताला काय ?,माका गाडी च्या खाती कर्ज मेल काय ?,माका गाडी घेऊच्या खाती कर्ज मेलताला काय,माका गाडी च्या खाती कर्ज मेल काय,17.95,28.57,17.07,25.0,0
IISc_RESPIN_mr_D1_72742_416510_M_AGRI_711533_70552075,D1,Agriculture,14.49,सरकारच्या खयल्या योजनेसून मका स्वस्त दरात बियाना मिळात ?,सरकारच्या खयल्या योजनेसू का स्वस्त दरात बियाण मिळात,सरकारच्या खयल्या योजनेसून मका स्वस्त दरात बियाना मिळात,सरकारच्या खयल्या योजनेसू का स्वस्त दरात बियाण मिळात,7.41,37.5,10.71,44.44,0
IISc_RESPIN_mr_D4_70566_441304_M_AGRI_723054_70552896,D4,Agriculture,7.01,या हप्त्यामंदी कापसाचे दर वाढायले काय कारण हाये ?,या हप्त्यामधी कापसाचे दर वाढले काय कारन हाये ?,या हप्त्यामंदी कापसाचे दर वाढायले काय कारण हाये,या हप्त्यामधी कापसाचे दर वाढले काय कारन हाये,10.64,37.5,10.2,33.33,0
IISc_RESPIN_mr_D4_70541_441401_M_BANK_724247_70557951,D4,Banking,3.78,आरोग्य बिमा ऑनलाईन भरता येते का ?,आरोग्य बिमा ऑनलाईन भरता येते का ?,आरोग्य बिमा ऑनलाईन भरता येते का,आरोग्य बिमा ऑनलाईन भरता येते का,0.0,0.0,0.0,0.0,1
IISc_RESPIN_mr_D4_70541_441401_M_BANK_724005_70557963,D4,Banking,4.06,के.वाय.सी करासाठी कोंते कागद लागन ?,के.वाय.सी करासाठी कोंते कागद लागन ?,के वाय सी करासाठी कोंते कागद लागन,के वाय सी करासाठी कोंते कागद लागन,0.0,0.0,0.0,0.0,1
IISc_RESPIN_mr_D4_70566_441304_M_BANK_723794_70560761,D4,Banking,5.46,सामाजिक योजनेमंधून मले कसे पैसे भेटू सकन ?,सामाजिक योजनेमधून मले कैसे पैसे भेटू सकन ?,सामाजिक योजनेमंधून मले कसे पैसे भेटू सकन,सामाजिक योजनेमधून मले कैसे पैसे भेटू सकन,5.0,28.57,4.76,25.0,0
IISc_RESPIN_mr_D4_70566_441304_M_BANK_723875_70560762,D4,Banking,4.48,मोबाईलनं मले बिम्याचे हप्ते भरता येईन का ?,मोबाईलनं मले बिम्याचे हप्ते भरता येईन का ?,मोबाईलनं मले बिम्याचे हप्ते भरता येईन का,मोबाईलनं मले बिम्याचे हप्ते भरता येईन का,0.0,0.0,0.0,0.0,1
IISc_RESPIN_mr_D4_70566_441304_M_BANK_723836_70560764,D4,Banking,5.95,माह्या खात्यातून हर महिन्याले कर्जाचे कितीक पैसे कटन ?,माह्या खात्यातून हर महिन्याले कर्जाचे कितीक पैसे कटन ?,माह्या खात्यातून हर महिन्याले कर्जाचे कितीक पैसे कटन,माह्या खात्यातून हर महिन्याले कर्जाचे कितीक पैसे कटन,0.0,0.0,0.0,0.0,1
IISc_RESPIN_mr_D4_70459_441401_M_AGRI_723571_70565700,D4,Agriculture,4.62,कास्तकार मोबाईल वरून शेतीचं मार्गदर्शन कस भेटवू शकते ?,कास्तकार मोबाईलवरून शेतीचं मार्ग असून कस पेटवू शकते,कास्तकार मोबाईल वरून शेतीचं मार्गदर्शन कस भेटवू शकते,कास्तकार मोबाईलवरून शेतीचं मार्ग असून कस पेटवू शकते,11.54,62.5,14.81,66.67,0
IISc_RESPIN_mr_D4_70459_441401_M_AGRI_723108_70565712,D4,Agriculture,4.28,एका हेक्टर संत्र्यामंदी किती फेरेमन सापडन ?,एका हेक्टर संत्र्यामंदी किती सुर्यमान साप ?,एका हेक्टर संत्र्यामंदी किती फेरेमन सापडन,एका हेक्टर संत्र्यामंदी किती सुर्यमान साप,17.07,33.33,16.28,28.57,0
IISc_RESPIN_mr_D4_70624_441111_F_AGRI_723054_70567561,D4,Agriculture,4.73,या हप्त्यामंदी कापसाचे दर वाढायले काय कारण हाये ?,या हप्त्यामधी कापसाचे दर वाढायले काय कारन हाये ?,या हप्त्यामंदी कापसाचे दर वाढायले काय कारण हाये,या हप्त्यामधी कापसाचे दर वाढायले काय कारन हाये,6.38,25.0,6.12,22.22,0
IISc_RESPIN_mr_D4_70541_441401_M_AGRI_723054_70570648,D4,Agriculture,4.89,या हप्त्यामंदी कापसाचे दर वाढायले काय कारण हाये ?,या हप्त्यामंदी कापसाचे दर वाढायले काय कारन हाये ?,या हप्त्यामंदी कापसाचे दर वाढायले काय कारण हाये,या हप्त्यामंदी कापसाचे दर वाढायले काय कारन हाये,2.13,12.5,2.04,11.11,0
IISc_RESPIN_mr_D4_70541_441401_M_AGRI_723186_70574111,D4,Agriculture,4.71,मोसंबीले परकारं न पानी देनं ठीक हाये का ?,मोसंबीले परकारनं पानी देनं ठीक हाय का ?,मोसंबीले परकारं न पानी देनं ठीक हाये का,मोसंबीले परकारनं पानी देनं ठीक हाय का,10.26,37.5,9.76,33.33,0
IISc_RESPIN_mr_D4_70541_441401_M_BANK_723963_70574117,D4,Banking,4.05,क्यू.आर कोडन मले पेट्रोल भरता येईन का ?,क्यू.आर कोड नं मले पेट भरता येईन का ?,क्यू आर कोडन मले पेट्रोल भरता येईन का,क्यू आर कोड नं मले पेट भरता येईन का,16.22,37.5,15.38,37.5,0
IISc_RESPIN_mr_D4_70541_441401_M_BANK_723771_70575536,D4,Banking,5.16,डेबिट कार्डातून मले एका दिवसाला किती पैसा काढता येईन ?,डेबिट कार्डातून मले एका दिवसाला किती पैसा काढता येईन ?,डेबिट कार्डातून मले एका दिवसाला किती पैसा काढता येईन,डेबिट कार्डातून मले एका दिवसाला किती पैसा काढता येईन,0.0,0.0,0.0,0.0,1
IISc_RESPIN_mr_D4_70541_441401_M_AGRI_723167_70575561,D4,Agriculture,5.26,मले कमी खर्चामंदी संत्र्याची शेती कशी करता येईन ?,मले कमी खर्च बंदी शांत संत्र्याची शेती कशी करता येईन ?,मले कमी खर्चामंदी संत्र्याची शेती कशी करता येईन,मले कमी खर्च बंदी शांत संत्र्याची शेती कशी करता येईन,14.89,37.5,14.29,33.33,0
IISc_RESPIN_mr_D4_70459_441401_M_BANK_723698_70575942,D4,Banking,4.74,"मले तीन लाख गुंतवाचे हाय , ते मले कसे गुंतवता येईन ?",मले तीन ला गुंतबाची हाय ते मले कसे गुंतवता येईन ?,मले तीन लाख गुंतवाचे हाय ते मले कसे गुंतवता येईन,मले तीन ला गुंतबाची हाय ते मले कसे गुंतवता येईन,6.25,20.0,9.62,25.0,0
IISc_RESPIN_mr_D4_70459_441401_M_BANK_723762_70575968,D4,Banking,3.34,खातं काढताना मले किती पैसा भरा लागन ?,खातं काढताना मले किती पैसा भरा लागन ?,खातं काढताना मले किती पैसा भरा लागन,खातं काढताना मले किती पैसा भरा लागन,0.0,0.0,0.0,0.0,1
IISc_RESPIN_mr_D4_70459_441401_M_AGRI_723054_70576016,D4,Agriculture,4.62,या हप्त्यामंदी कापसाचे दर वाढायले काय कारण हाये ?,या हप्त्यामंदी कापसाचे दर वाढवले काय कारन हाय ?,या हप्त्यामंदी कापसाचे दर वाढायले काय कारण हाये,या हप्त्यामंदी कापसाचे दर वाढवले काय कारन हाय,8.51,37.5,8.16,33.33,0
IISc_RESPIN_mr_D4_70459_441401_M_BANK_724266_70576025,D4,Banking,2.64,कर्ज काढासाठी कोंते कागद लागन ?,कर्ज काढा साठी कोंते कागद लागन ?,कर्ज काढासाठी कोंते कागद लागन,कर्ज काढा साठी कोंते कागद लागन,3.45,40.0,3.23,33.33,0
IISc_RESPIN_mr_D4_70459_441401_M_BANK_723766_70576032,D4,Banking,3.43,क्रेडिट कार्ड घ्यासाठी मले कोनचा अर्ज भरनं सोप राहीन ?,क्रेडिट कार्ड घ्यासाठी मले कोनचा अर्ज भरनं सोप रायन ?,क्रेडिट कार्ड घ्यासाठी मले कोनचा अर्ज भरनं सोप राहीन,क्रेडिट कार्ड घ्यासाठी मले कोनचा अर्ज भरनं सोप रायन,3.85,11.11,3.7,10.0,0
IISc_RESPIN_mr_D4_70459_441401_M_BANK_721385_70576194,D4,Banking,4.12,डिजिटल पेमेंट करताना तुम्ही खूप काळजी घेणं गरजेचं आहे,डिजिटल पेमेंट करताना तुम्ही खूप काळजी घेण गरजेचे आहे,डिजिटल पेमेंट करताना तुम्ही खूप काळजी घेणं गरजेचं आहे,डिजिटल पेमेंट करताना तुम्ही खूप काळजी घेण गरजेचे आहे,3.77,22.22,3.77,22.22,0
IISc_RESPIN_mr_D4_70459_441401_M_BANK_721725_70576195,D4,Banking,6.44,बँक ऑफ बडोदा ही एक भारतीय राष्ट्रीयीकृत बँकिंग आणि वित्तीय सेवा कंपनी आहे,बँक ऑफ बडोदा ही एक भारतीय राष्ट्रीय कृत बँकिंग आणि वित्तीय सेवा कंपनी आहे,बँक ऑफ बडोदा ही एक भारतीय राष्ट्रीयीकृत बँकिंग आणि वित्तीय सेवा कंपनी आहे,बँक ऑफ बडोदा ही एक भारतीय राष्ट्रीय कृत बँकिंग आणि वित्तीय सेवा कंपनी आहे,1.37,15.38,1.37,15.38,0
IISc_RESPIN_mr_D4_70541_441401_M_BANK_724188_70576373,D4,Banking,4.09,यू.पी.आय साठी काही ॲप रायते का ?,यू.पी.आय साठी काही या रायते का ?,यू पी आय साठी काही ॲप रायते का,यू पी आय साठी काही या रायते का,6.67,12.5,6.25,14.29,0
IISc_RESPIN_mr_D4_70459_441401_M_AGRI_719116_70576563,D4,Agriculture,7.75,दूध आयनमध्ये बनते आणि ते सेवन होईपर्यंत ते आयनमध्येच राहते अयानमध्ये दुधाचे दोन भाग करता येतात,दूध आया मध्ये बनते आणि ते सेवन होई कर्ज ते आया मध्ये राहते अयांमध्य दुधाचे दोन भाग करता येतात,दूध आयनमध्ये बनते आणि ते सेवन होईपर्यंत ते आयनमध्येच राहते अयानमध्ये दुधाचे दोन भाग करता येतात,दूध आया मध्ये बनते आणि ते सेवन होई कर्ज ते आया मध्ये राहते अयांमध्य दुधाचे दोन भाग करता येतात,12.77,43.75,12.77,43.75,0
IISc_RESPIN_mr_D4_70459_441401_M_BANK_721335_70576733,D4,Banking,4.71,इंटरनेट व्यवहार क्रियाकलाप पार पाडण्यास सक्षम करते,इंटरनेट व्यवहार क्रियाकलाप पार वाढणा सक्षम करते,इंटरनेट व्यवहार क्रियाकलाप पार पाडण्यास सक्षम करते,इंटरनेट व्यवहार क्रियाकलाप पार वाढणा सक्षम करते,10.0,14.29,10.0,14.29,0
IISc_RESPIN_mr_D4_70459_441401_M_BANK_719345_70576753,D4,Banking,4.54,नागरिक वेळेपूर्वीच आपली एफ.डी आणि आर.डी तोडू शकतो,नागरी वेळे पूर्वी पडी एफ.डी आणि आर.डी जोडू शकतो,नागरिक वेळेपूर्वीच आपली एफ डी आणि आर डी तोडू शकतो,नागरी वेळे पूर्वी पडी एफ डी आणि आर डी जोडू शकतो,14.29,50.0,14.29,62.5,0
IISc_RESPIN_mr_D4_70459_441401_M_BANK_719364_70577227,D4,Banking,4.62,व्याजदर वाढल्याने इक्विटी कमी होत आहे कंपनी अधिक व्याज देत आहे,व्याजदर वाढल्याने इक्विटी कमी होतय कंपनी अधिक व्याज देत आहे,व्याजदर वाढल्याने इक्विटी कमी होत आहे कंपनी अधिक व्याज देत आहे,व्याजदर वाढल्याने इक्विटी कमी होतय कंपनी अधिक व्याज देत आहे,6.45,18.18,6.45,18.18,0
IISc_RESPIN_mr_D4_70566_441304_M_BANK_723963_70577788,D4,Banking,5.38,क्यू.आर कोडन मले पेट्रोल भरता येईन का ?,क्यू.आर कोडन मले पेटल भरता येईन का ?,क्यू आर कोडन मले पेट्रोल भरता येईन का,क्यू आर कोडन मले पेटल भरता येईन का,8.11,12.5,7.69,12.5,0
IISc_RESPIN_mr_D4_70566_441304_M_BANK_724084_70579185,D4,Banking,6.55,मले दोन लाख रुपये फिक्समंधी कसे टाकता येईन ?,मले दोन लाख रुपये फिक्स मंदी कसे टाकता येईन ?,मले दोन लाख रुपये फिक्समंधी कसे टाकता येईन,मले दोन लाख रुपये फिक्स मंदी कसे टाकता येईन,4.76,25.0,4.55,22.22,0
IISc_RESPIN_mr_D4_70566_441304_M_BANK_724077_70579189,D4,Banking,9.86,आधार कार्डले मोबाईल नंबर जोडला तवाचं के.वाय.सी मेसेज येईन का ?,आधार कार्डले मोबाईल नंबर जोडला तवा के.वाय.सी मेसेज येईन का ?,आधार कार्डले मोबाईल नंबर जोडला तवाचं के वाय सी मेसेज येईन का,आधार कार्डले मोबाईल नंबर जोडला तवा के वाय सी मेसेज येईन का,3.33,8.33,3.23,9.09,0
IISc_RESPIN_mr_D4_70541_441401_M_AGRI_720794_70579226,D4,Agriculture,3.45,मगरीच्या लेदरला विदेशी लेदर म्हणतात,मगरीच्या ले दरला विदेशी ले तर म्हणतात,मगरीच्या लेदरला विदेशी लेदर म्हणतात,मगरीच्या ले दरला विदेशी ले तर म्हणतात,8.57,80.0,8.57,80.0,0
IISc_RESPIN_mr_D4_70541_441401_M_AGRI_722248_70579227,D4,Agriculture,3.81,स्प्रिंकलर वापरणे खूप कठीण काम आहे,स्प्रिंकलर वापरने खूप कठिण काम आहे,स्प्रिंकलर वापरणे खूप कठीण काम आहे,स्प्रिंकलर वापरने खूप कठिण काम आहे,5.88,33.33,5.88,33.33,0
IISc_RESPIN_mr_D4_70541_441401_M_AGRI_720862_70579230,D4,Agriculture,5.61,तण नियंत्रण हा कीटक नियंत्रणाचा वनस्पतिशास्त्रीय घटक आहे,तण नियंत्रण हा कीटक नियंत्रणाचा वनस्पती शास्त्रीय घटक आहे,तण नियंत्रण हा कीटक नियंत्रणाचा वनस्पतिशास्त्रीय घटक आहे,तण नियंत्रण हा कीटक नियंत्रणाचा वनस्पती शास्त्रीय घटक आहे,3.57,25.0,3.57,25.0,0
IISc_RESPIN_mr_D4_70541_441401_M_AGRI_722758_70579247,D4,Agriculture,6.17,"मातीची निर्मिती म्हणजे मातीच्या भौतिक , रासायनिक आणि जैविक गुणधर्मांचा अभ्यास",मातीची निर्मिती म्हणजे मातीच्या भौतिक रासायनिक आणि जैविक कुरधर्मा चा अभ्यास,मातीची निर्मिती म्हणजे मातीच्या भौतिक रासायनिक आणि जैविक गुणधर्मांचा अभ्यास,मातीची निर्मिती म्हणजे मातीच्या भौतिक रासायनिक आणि जैविक कुरधर्मा चा अभ्यास,4.0,20.0,6.49,27.27,0
IISc_RESPIN_mr_D4_70541_441401_M_AGRI_719476_70580113,D4,Agriculture,6.27,विक्रीयोग्यता आणि फायदेशीरता या आधारावर पीक निश्चित केले जाते,विक्री योग्यता आणि फायदेशीर ता या आधारावर पीक निश्चित केले जाते,विक्रीयोग्यता आणि फायदेशीरता या आधारावर पीक निश्चित केले जाते,विक्री योग्यता आणि फायदेशीर ता या आधारावर पीक निश्चित केले जाते,3.28,44.44,3.28,44.44,0
IISc_RESPIN_mr_D4_70541_441401_M_BANK_719407_70580122,D4,Banking,6.01,"मी तुम्हाला सही करून कोरा चेक देते , तुम्ही स्वतः रक्कम लिहा",मी तुम्हाला सही करून कोरा चेक देते तु मी स्वता रक्कम ली हा,मी तुम्हाला सही करून कोरा चेक देते तुम्ही स्वतः रक्कम लिहा,मी तुम्हाला सही करून कोरा चेक देते तु मी स्वता रक्कम ली हा,10.34,45.45,13.33,41.67,0
IISc_RESPIN_mr_D4_70541_441401_M_BANK_720702_70580129,D4,Banking,6.56,"कंपनीच्या मते , भांडवलाच्या किंमतीत कर्ज आणि इक्विटी दोन्ही समाविष्ट आहेत",कंपनीच्या मते भांडवलाच्या किमतीत कर्ज आणि इक्विटी दोन्ही समाविष्ट आहेत,कंपनीच्या मते भांडवलाच्या किंमतीत कर्ज आणि इक्विटी दोन्ही समाविष्ट आहेत,कंपनीच्या मते भांडवलाच्या किमतीत कर्ज आणि इक्विटी दोन्ही समाविष्ट आहेत,1.41,10.0,4.11,18.18,0
IISc_RESPIN_mr_D4_70541_441401_M_AGRI_719006_70580138,D4,Agriculture,5.97,पिकाची काळजीपूर्वक हाताळणी केल्याने साठवणुकीत होणारे नुकसान कमी होते,पिकाची काळजी पूर्व हाताळणी केल्याने साठवणुकी होणारे नुकसान कमी होते,पिकाची काळजीपूर्वक हाताळणी केल्याने साठवणुकीत होणारे नुकसान कमी होते,पिकाची काळजी पूर्व हाताळणी केल्याने साठवणुकी होणारे नुकसान कमी होते,4.41,33.33,4.41,33.33,0
IISc_RESPIN_mr_D4_70566_441304_M_BANK_722677_70581334,D4,Banking,7.59,हरवलेले डेबिट कार्ड नेटबँकिंग द्वारे ब्लॉक केले जाऊ शकते,हरवलेले डेबिट कार्ड नेट बँकिंगद्वारे ब्लॉक केले जाऊ शकते,हरवलेले डेबिट कार्ड नेटबँकिंग द्वारे ब्लॉक केले जाऊ शकते,हरवलेले डेबिट कार्ड नेट बँकिंगद्वारे ब्लॉक केले जाऊ शकते,3.57,22.22,3.57,22.22,0
IISc_RESPIN_mr_D4_70566_441304_M_BANK_720702_70581358,D4,Banking,7.14,"कंपनीच्या मते , भांडवलाच्या किंमतीत कर्ज आणि इक्विटी दोन्ही समाविष्ट आहेत",कंपनीच्या मते भांडवलाच्या किमतीत कर्ज आणि इक्विटी दोन्ही समाविष्ट आहेत,कंपनीच्या मते भांडवलाच्या किंमतीत कर्ज आणि इक्विटी दोन्ही समाविष्ट आहेत,कंपनीच्या मते भांडवलाच्या किमतीत कर्ज आणि इक्विटी दोन्ही समाविष्ट आहेत,1.41,10.0,4.11,18.18,0
IISc_RESPIN_mr_D4_70566_441304_M_BANK_724517_70581379,D4,Banking,10.79,राज्यसभेवर निवडून आलेले सदस्य स्थानिक क्षेत्र विकास योजनेंतर्गत त्यांच्या क्षेत्राबाहेरील जिल्ह्याची निवडते,राज्य भेवर निवडून आलेले सदस्य स्थानिक क्षेत्र विकास योजनेअंतर्गत त्यांच्या क्षेत्रा बाहेरील जिल्याची निवडते,राज्यसभेवर निवडून आलेले सदस्य स्थानिक क्षेत्र विकास योजनेंतर्गत त्यांच्या क्षेत्राबाहेरील जिल्ह्याची निवडते,राज्य भेवर निवडून आलेले सदस्य स्थानिक क्षेत्र विकास योजनेअंतर्गत त्यांच्या क्षेत्रा बाहेरील जिल्याची निवडते,4.67,50.0,4.67,50.0,0
IISc_RESPIN_mr_D2_70795_422005_F_BANK_715930_70582519,D2,Banking,4.28,मजेत उद्योजकतेचा आधार नफ्यावर अवलंबून नसतो,मजूर उद्योजकतेचा आधार ना त्यावर अवलंबून नसतो,मजेत उद्योजकतेचा आधार नफ्यावर अवलंबून नसतो,मजूर उद्योजकतेचा आधार ना त्यावर अवलंबून नसतो,11.9,50.0,11.9,50.0,0
IISc_RESPIN_mr_D2_70795_422005_F_BANK_713090_70582530,D2,Banking,4.66,तुले स्पॉट बाजार नी काही नवीन माहिती माहीत पडेल शे का ?,तुले पॉड बाजारनी काही नवीन माहिती माहित पडल शे का,तुले स्पॉट बाजार नी काही नवीन माहिती माहीत पडेल शे का,तुले पॉड बाजारनी काही नवीन माहिती माहित पडल शे का,11.32,45.45,14.55,50.0,0
IISc_RESPIN_mr_D2_70795_422005_F_BANK_714240_70583294,D2,Banking,4.49,निव्वय वर्तमान मूल्य सवलतना दरवर अवलंबून रहास,निव्वळ वर्तमान मूल्य सवल्तना आधारवर अवलंबून रहास,निव्वय वर्तमान मूल्य सवलतना दरवर अवलंबून रहास,निव्वळ वर्तमान मूल्य सवल्तना आधारवर अवलंबून रहास,11.11,42.86,11.11,42.86,0
IISc_RESPIN_mr_D2_70795_422005_F_BANK_714510_70583312,D2,Banking,5.88,सरकार पायाभूत ठिकाणे विकास करानी करता करना वर उपकरबी लावस,सरकार पायाभूत ठिकाणी विकास करानी करता करना वर उपकर बी लागस,सरकार पायाभूत ठिकाणे विकास करानी करता करना वर उपकरबी लावस,सरकार पायाभूत ठिकाणी विकास करानी करता करना वर उपकर बी लागस,5.26,40.0,5.26,40.0,0
IISc_RESPIN_mr_D4_70624_441111_F_BANK_723766_70584291,D4,Banking,4.84,क्रेडिट कार्ड घ्यासाठी मले कोनचा अर्ज भरनं सोप राहीन ?,क्रेडिट कार्ड घ्यासाठी मले कोनच अर्ज भरनं सोपा रायन ?,क्रेडिट कार्ड घ्यासाठी मले कोनचा अर्ज भरनं सोप राहीन,क्रेडिट कार्ड घ्यासाठी मले कोनच अर्ज भरनं सोपा रायन,7.69,33.33,7.41,30.0,0
IISc_RESPIN_mr_D4_70624_441111_F_BANK_723730_70584307,D4,Banking,3.42,दसऱ्यासाठी मले कितीक रुपये कर्ज भेटन ?,दस⁇्यासाठी मले कितीक रुपये कर्ज भेटन ?,दसऱ्यासाठी मले कितीक रुपये कर्ज भेटन,दस⁇्यासाठी मले कितीक रुपये कर्ज भेटन,2.78,16.67,2.63,14.29,0
IISc_RESPIN_mr_D2_70795_422005_F_BANK_713293_70584483,D2,Banking,4.26,रोहितनी पंजाब नॅशनल बँकनं पासबुक ऑनलाइन तपासं,वी रोहितने पंजाब नॅसट बँकला पासबुक ऑनलाइन तपासत,रोहितनी पंजाब नॅशनल बँकनं पासबुक ऑनलाइन तपासं,वी रोहितने पंजाब नॅसट बँकला पासबुक ऑनलाइन तपासत,22.22,71.43,22.22,71.43,0
IISc_RESPIN_mr_D2_70795_422005_F_AGRI_715747_70584494,D2,Agriculture,3.71,पिक कापणी नंतर वेळ येते पिक साठवण्याची,पीक कापणीनंतर वेळे ते पीक साठवण्याची,पिक कापणी नंतर वेळ येते पिक साठवण्याची,पीक कापणीनंतर वेळे ते पीक साठवण्याची,15.79,85.71,15.79,85.71,0
IISc_RESPIN_mr_D2_70795_422005_F_AGRI_713751_70584829,D2,Agriculture,5.21,तांदूळ ना मुरमुरा वासीन रोगप्रतिकारक क्षमता सुधारस,तांदूळ ना मुरमुरा वा तीन रोगप्रतिकारक मत धा रस,तांदूळ ना मुरमुरा वासीन रोगप्रतिकारक क्षमता सुधारस,तांदूळ ना मुरमुरा वा तीन रोगप्रतिकारक मत धा रस,18.0,71.43,18.0,71.43,0
IISc_RESPIN_mr_D2_70795_422005_F_AGRI_717361_70585400,D2,Agriculture,3.87,तूरीची लागवड जानेवारी महिन्यात करता येईल का ?,तुरीची लागवड जानेवारी महिन्यात करता येईल का ?,तूरीची लागवड जानेवारी महिन्यात करता येईल का,तुरीची लागवड जानेवारी महिन्यात करता येईल का,2.33,14.29,2.22,12.5,0
IISc_RESPIN_mr_D2_70795_422005_F_AGRI_717429_70585433,D2,Agriculture,4.31,हिरव्या मिरचीची तोडणी झाल्यानंतर किती कालावधीत आपण वाळवू शकतो ?,हिरव्या मिरचीची तोडणी झाल्यानंतर किती कालावधी आपण वाढवू शकतो ?,हिरव्या मिरचीची तोडणी झाल्यानंतर किती कालावधीत आपण वाळवू शकतो,हिरव्या मिरचीची तोडणी झाल्यानंतर किती कालावधी आपण वाढवू शकतो,3.28,22.22,3.17,20.0,0
IISc_RESPIN_mr_D2_70795_422005_F_AGRI_717715_70585539,D2,Agriculture,3.98,जमिनीची सुपिकता वाढवण्यासाठी सेंद्रिय खत चांगले आहे का ?,जमिनीची सुपीकता वाढविण्यासाठी सेंद्रिय खत चांगले आहे का ?,जमिनीची सुपिकता वाढवण्यासाठी सेंद्रिय खत चांगले आहे का,जमिनीची सुपीकता वाढविण्यासाठी सेंद्रिय खत चांगले आहे का,3.7,25.0,3.57,22.22,0
IISc_RESPIN_mr_D2_70795_422005_F_AGRI_717567_70585552,D2,Agriculture,3.5,पेरूवरील अळीचा बंदोबस्त कसा करावा ?,पेरू वरील अळीचा बंदोबस्त कसा करावा ?,पेरूवरील अळीचा बंदोबस्त कसा करावा,पेरू वरील अळीचा बंदोबस्त कसा करावा,3.03,40.0,2.86,33.33,0
IISc_RESPIN_mr_D2_70795_422005_F_AGRI_717661_70585563,D2,Agriculture,3.33,कापसाच्या पिकासाठी पीक विमा आहे का ?,कापसाच्या पिकासाठी पीक विमा आहे का ?,कापसाच्या पिकासाठी पीक विमा आहे का,कापसाच्या पिकासाठी पीक विमा आहे का,0.0,0.0,0.0,0.0,1
IISc_RESPIN_mr_D4_70624_441111_F_AGRI_723356_70585964,D4,Agriculture,3.9,पराटीवरच्या बोंडअळीसाठी का करा लागन ?,पराटीवरच्या बोंड अळीसाठी का करा लागन ?,पराटीवरच्या बोंडअळीसाठी का करा लागन,पराटीवरच्या बोंड अळीसाठी का करा लागन,2.86,40.0,2.7,33.33,0
IISc_RESPIN_mr_D4_70624_441111_F_BANK_724267_70586180,D4,Banking,4.45,कर्ज घ्याचे टायमाले साक्षीदार लागन का ?,कर्ज घ्याचे टायमाले साक्षीदार लागन का ?,कर्ज घ्याचे टायमाले साक्षीदार लागन का,कर्ज घ्याचे टायमाले साक्षीदार लागन का,0.0,0.0,0.0,0.0,1
IISc_RESPIN_mr_D4_70624_441111_F_AGRI_723338_70586478,D4,Agriculture,5.5,शेती ड्रीचींगनं कराची रायल्यास कायचा वापर करा लागीन ?,शेती ब्रीचींग नं कराची रायल्यास काचा वापर करा लागेल ?,शेती ड्रीचींगनं कराची रायल्यास कायचा वापर करा लागीन,शेती ब्रीचींग नं कराची रायल्यास काचा वापर करा लागेल,9.8,50.0,9.43,44.44,0
IISc_RESPIN_mr_D4_70624_441111_F_AGRI_721936_70586813,D4,Agriculture,6.23,राई आणि बार्ली सारख्या इतर पिकांसह उन्हाळ्यात ओट्स वाढतात,राई आणि वॉल सारख्या इतर पिकांसह उन्हाळ्यात ओट्स वाढतात,राई आणि बार्ली सारख्या इतर पिकांसह उन्हाळ्यात ओट्स वाढतात,राई आणि वॉल सारख्या इतर पिकांसह उन्हाळ्यात ओट्स वाढतात,8.77,11.11,8.77,11.11,0
IISc_RESPIN_mr_D2_70795_422005_F_BANK_718266_70588685,D2,Banking,3.98,बँकेमध्ये खाते उघडण्यासाठी मला काय करावे लागेल ?,बँकेमध्ये खाते उघडण्यासाठी मला काय करावे लागेल ?,बँकेमध्ये खाते उघडण्यासाठी मला काय करावे लागेल,बँकेमध्ये खाते उघडण्यासाठी मला काय करावे लागेल,0.0,0.0,0.0,0.0,1
IISc_RESPIN_mr_D2_70795_422005_F_AGRI_717711_70589103,D2,Agriculture,7.57,"डांगर , भोपळा या भाज्या लवकर पोसण्यासाठी कोणते खत वापरावे , कधी औषध फवारणी करावी ?",डांगर भोपळा या भाज्या लवकर पोसण्यासाठी कोणते खत वापरावे कधी औषध फवारणी करावी ?,डांगर भोपळा या भाज्या लवकर पोसण्यासाठी कोणते खत वापरावे कधी औषध फवारणी करावी,डांगर भोपळा या भाज्या लवकर पोसण्यासाठी कोणते खत वापरावे कधी औषध फवारणी करावी,0.0,0.0,4.88,12.5,1
IISc_RESPIN_mr_D2_70795_422005_F_BANK_718478_70589137,D2,Banking,4.41,आर.टी.जी.एस म्हणजे काय ? त्याद्वारे कसे पेमेंट करु शकतो ?,आर.टी.जी.एस म्हणजे का त्याद्वारे कसे पेमेंट करू शकतो ?,आर टी जी एस म्हणजे काय त्याद्वारे कसे पेमेंट करु शकतो,आर टी जी एस म्हणजे का त्याद्वारे कसे पेमेंट करू शकतो,3.77,18.18,7.02,30.0,0
IISc_RESPIN_mr_D2_70795_422005_F_BANK_718161_70589318,D2,Banking,5.12,सर्व प्रकारचे ऑनलाईन पेमेंट यू.पी.आय द्वारे करता येतात का ?,सर्व प्रकारच्या ऑनलाइन पेमेंट यू.पी.आय द्वारे करता येतात का ?,सर्व प्रकारचे ऑनलाईन पेमेंट यू पी आय द्वारे करता येतात का,सर्व प्रकारच्या ऑनलाइन पेमेंट यू पी आय द्वारे करता येतात का,7.02,18.18,6.78,20.0,0
IISc_RESPIN_mr_D4_70566_441304_M_AGRI_722253_70589352,D4,Agriculture,10.97,"कीटकनाशकांचा वापर धान्य , ऊस , तेलबिया शोषून घेणे आणि चघळणे नियंत्रित करण्यासाठी केला जातो",कीटकनाशकांचा वापर धान्य ऊस तेलबिया शोषून घेणे आणि चघळणे नियंत्रित करण्यासाठी केला जातो,कीटकनाशकांचा वापर धान्य ऊस तेलबिया शोषून घेणे आणि चघळणे नियंत्रित करण्यासाठी केला जातो,कीटकनाशकांचा वापर धान्य ऊस तेलबिया शोषून घेणे आणि चघळणे नियंत्रित करण्यासाठी केला जातो,0.0,0.0,4.44,13.33,1
IISc_RESPIN_mr_D4_70566_441304_M_AGRI_720327_70589368,D4,Agriculture,9.67,राजस्थान मध्ये मक्याचे सर्वात जास्त क्षेत्र आहे आणि आंध्र प्रदेशात सर्वाधिक उत्पादन आहे,राजस्थान मध्ये मक्याचे सर्वात जास्त क्षेत्र आहे आणि आंतर प्रदेशात सर्वाधिक उत्पादन आहे,राजस्थान मध्ये मक्याचे सर्वात जास्त क्षेत्र आहे आणि आंध्र प्रदेशात सर्वाधिक उत्पादन आहे,राजस्थान मध्ये मक्याचे सर्वात जास्त क्षेत्र आहे आणि आंतर प्रदेशात सर्वाधिक उत्पादन आहे,2.3,7.69,2.3,7.69,0
IISc_RESPIN_mr_D4_70624_441111_F_AGRI_719218_70594131,D4,Agriculture,4.05,भारत हा कृषी क्षेत्रात मजबूत पाऊल ठेवणारा देश आहे,भारता कृषी क्षेत्रात मजबूत काऊन ठेवणारा देश आहे,भारत हा कृषी क्षेत्रात मजबूत पाऊल ठेवणारा देश आहे,भारता कृषी क्षेत्रात मजबूत काऊन ठेवणारा देश आहे,8.16,33.33,8.16,33.33,0
IISc_RESPIN_mr_D4_70624_441111_F_BANK_724495_70594137,D4,Banking,7.53,"व्यवसायाचे प्रकार केवळ मालकी , भागीदारी , कॉर्पोरेशन आणि मर्यादित दायित्व कंपनी किंवा एल.एल.सी आहेत",व्यवसायाचे प्रकार केवळ मालकी भागीदारी कॉर्पोरेशन आणि मर्यादीत दायित्व कंपनी किंवा एलल्सी आहेत,व्यवसायाचे प्रकार केवळ मालकी भागीदारी कॉर्पोरेशन आणि मर्यादित दायित्व कंपनी किंवा एल एल सी आहेत,व्यवसायाचे प्रकार केवळ मालकी भागीदारी कॉर्पोरेशन आणि मर्यादीत दायित्व कंपनी किंवा एलल्सी आहेत,4.21,26.67,8.08,26.67,0
IISc_RESPIN_mr_D4_70624_441111_F_BANK_721332_70594144,D4,Banking,4.99,ई इन्शुरन्स खाते उघडण्यासाठी कोणतेही शुल्क भरावे लागणार नाही,ई इन्शुरन्स खाते उघडण्यासाठी कोणते ही शुल्क भरावे लागणार नाही,ई इन्शुरन्स खाते उघडण्यासाठी कोणतेही शुल्क भरावे लागणार नाही,ई इन्शुरन्स खाते उघडण्यासाठी कोणते ही शुल्क भरावे लागणार नाही,1.67,22.22,1.67,22.22,0
IISc_RESPIN_mr_D4_70624_441111_F_AGRI_720845_70594147,D4,Agriculture,5.46,"सर्वसाधारणपणे , सागरी क्रस्टेशियन सर्वात मुबलक असतात",सर्व साधारण पणे सागरी ही क्रस्टेशियन सर्वात मुबलक असतात,सर्वसाधारणपणे सागरी क्रस्टेशियन सर्वात मुबलक असतात,सर्व साधारण पणे सागरी ही क्रस्टेशियन सर्वात मुबलक असतात,10.0,66.67,13.46,57.14,0
IISc_RESPIN_mr_D4_71177_441304_M_AGRI_723356_70594363,D4,Agriculture,4.33,पराटीवरच्या बोंडअळीसाठी का करा लागन ?,पराटीवरच्या बंडवळीसाठी का का करा लागन ?,पराटीवरच्या बोंडअळीसाठी का करा लागन,पराटीवरच्या बंडवळीसाठी का का करा लागन,14.29,40.0,13.51,33.33,0
IISc_RESPIN_mr_D1_70909_416510_M_BANK_706714_70596571,D1,Banking,3.65,सरकारी रोखाक सार्वभौम बाँड असोही म्हणतत,सरकारी लोका सर्व होम भाड सही म्हणता,सरकारी रोखाक सार्वभौम बाँड असोही म्हणतत,सरकारी लोका सर्व होम भाड सही म्हणता,30.77,100.0,30.77,100.0,0
IISc_RESPIN_mr_D4_70624_441111_F_AGRI_722478_70601709,D4,Agriculture,8.51,"मला चवळीची डाळ खूप आवडते , माझी आई सुद्धा चवळी चाट करते",मला चवळीची दार खूप आवडते माझी आई सुद्धा चवळी जात करते,मला चवळीची डाळ खूप आवडते माझी आई सुद्धा चवळी चाट करते,मला चवळीची दार खूप आवडते माझी आई सुद्धा चवळी जात करते,7.55,18.18,10.91,25.0,0
IISc_RESPIN_mr_D4_70541_441401_M_BANK_719364_70605017,D4,Banking,6.13,व्याजदर वाढल्याने इक्विटी कमी होत आहे कंपनी अधिक व्याज देत आहे,व्याजदर वाढल्याने इक्विटी कमी होत आहे कंपनी अधिक व्याज देत आहे,व्याजदर वाढल्याने इक्विटी कमी होत आहे कंपनी अधिक व्याज देत आहे,व्याजदर वाढल्याने इक्विटी कमी होत आहे कंपनी अधिक व्याज देत आहे,0.0,0.0,0.0,0.0,1
IISc_RESPIN_mr_D4_70541_441401_M_BANK_719700_70605052,D4,Banking,5.48,मला सामान्य बँकांपेक्षा पोस्टल खात्यात जास्त व्याज मिळते,मला सामान्य बँकांपेक्षा पोस्टल खात्यात जास्त व्याज मिळते,मला सामान्य बँकांपेक्षा पोस्टल खात्यात जास्त व्याज मिळते,मला सामान्य बँकांपेक्षा पोस्टल खात्यात जास्त व्याज मिळते,0.0,0.0,0.0,0.0,1
IISc_RESPIN_mr_D4_70541_441401_M_BANK_722296_70609981,D4,Banking,6.77,शहरी गरिबी दूर करण्यासाठी राष्ट्रीय ग्रामीण उपजीविका अभियान योजना प्रभावी ठरेल,शहरी गरीबी दूर करण्यासाठी राष्ट्रीय ग्रामीण उपजीविका अपान योजना प्रभावी ठरेल,शहरी गरिबी दूर करण्यासाठी राष्ट्रीय ग्रामीण उपजीविका अभियान योजना प्रभावी ठरेल,शहरी गरीबी दूर करण्यासाठी राष्ट्रीय ग्रामीण उपजीविका अपान योजना प्रभावी ठरेल,5.13,18.18,5.13,18.18,0
IISc_RESPIN_mr_D4_70541_441401_M_BANK_720384_70609982,D4,Banking,4.41,पंजाब नॅशनल बँकेचे मुख्यालय नवी दिल्ली येथे आहे,पंजाब नॅशटल बँकेचे मुख्यालय नवी दिली येथे आहे,पंजाब नॅशनल बँकेचे मुख्यालय नवी दिल्ली येथे आहे,पंजाब नॅशटल बँकेचे मुख्यालय नवी दिली येथे आहे,6.38,25.0,6.38,25.0,0
IISc_RESPIN_mr_D4_70624_441111_F_AGRI_722781_70611778,D4,Agriculture,6.29,"लुफा करी बहुतेक उन्हाळ्यात बनविली जाते , मला लुफा करी आवडते",लुका करी बहुतेक उन्हाळ्यात बनविली जाते मला लुफा करी आवडते,लुफा करी बहुतेक उन्हाळ्यात बनविली जाते मला लुफा करी आवडते,लुका करी बहुतेक उन्हाळ्यात बनविली जाते मला लुफा करी आवडते,1.75,10.0,5.08,18.18,0
IISc_RESPIN_mr_D1_72748_416510_F_BANK_709283_70615413,D1,Banking,3.67,कार्यरत जोखिम बाकीच्या जोखिमांपेक्षा वेगळी असा,कार्यरत जोखीम बाकीच्या जोखीम मान पेक्षा वेगळी असा,कार्यरत जोखिम बाकीच्या जोखिमांपेक्षा वेगळी असा,कार्यरत जोखीम बाकीच्या जोखीम मान पेक्षा वेगळी असा,13.04,66.67,13.04,66.67,0
IISc_RESPIN_mr_D1_72748_416510_F_AGRI_710495_70615439,D1,Agriculture,4.1,हार्वेस्टरचो उपयोग कृषि उपकरणाच्या रुपात शेतीत करतत,हवे स्ट्रचो उपयोग कृषी उपकरणाच्या शरूपात शेतीत करत,हार्वेस्टरचो उपयोग कृषि उपकरणाच्या रुपात शेतीत करतत,हवे स्ट्रचो उपयोग कृषी उपकरणाच्या शरूपात शेतीत करत,17.65,71.43,17.65,71.43,0
IISc_RESPIN_mr_D1_72748_416510_F_BANK_707486_70615454,D1,Banking,5.01,खायच्याव उपक्रमात शेअर भांडवलाक शेअर जारी करून गोळा करतत,खय खायच्या उपक्रमात शेअर भांडवलात शेअर जारी करून गोळा करत,खायच्याव उपक्रमात शेअर भांडवलाक शेअर जारी करून गोळा करतत,खय खायच्या उपक्रमात शेअर भांडवलात शेअर जारी करून गोळा करत,10.71,44.44,10.71,44.44,0
IISc_RESPIN_mr_D1_70913_416601_M_AGRI_707841_70615669,D1,Agriculture,7.91,भारतात उत्पादित होणाऱ्या सर्व तृणधान्यांमध्ये तांदूळ ह्यो सगळ्यात मोठो उत्पादक आसा,भारतात उत्पादित होणार्या सर्व तृणधान्यांमध्ये तांदूळ हे सगळ्यात मोठा उत्पादक आसा,भारतात उत्पादित होणाऱ्या सर्व तृणधान्यांमध्ये तांदूळ ह्यो सगळ्यात मोठो उत्पादक आसा,भारतात उत्पादित होणार्या सर्व तृणधान्यांमध्ये तांदूळ हे सगळ्यात मोठा उत्पादक आसा,6.1,27.27,6.1,27.27,0
IISc_RESPIN_mr_D1_70913_416601_M_AGRI_707331_70615689,D1,Agriculture,6.68,आपल्या दैनंदिन जीवनात राबराचो वापर अगदी सामान्य झालो आसा,आपल्या दैनंदिन जीवनात राबराचो वापर अगदी सामान्य झालो असा,आपल्या दैनंदिन जीवनात राबराचो वापर अगदी सामान्य झालो आसा,आपल्या दैनंदिन जीवनात राबराचो वापर अगदी सामान्य झालो असा,1.79,11.11,1.79,11.11,0
IISc_RESPIN_mr_D1_70913_416601_M_BANK_707590_70615696,D1,Banking,7.27,"तुका ठाऊक हा , भारतात जास्तकरून सामान्य स्टॉकची मोठी गुंतवणूक केली जाता",तुकट ठाऊका भारतात जास्त करून सामान्य स्टॉक ची मोठी गुंतवणूक केली जाता,तुका ठाऊक हा भारतात जास्तकरून सामान्य स्टॉकची मोठी गुंतवणूक केली जाता,तुकट ठाऊका भारतात जास्त करून सामान्य स्टॉक ची मोठी गुंतवणूक केली जाता,7.25,63.64,9.86,66.67,0
IISc_RESPIN_mr_D1_70913_416601_M_AGRI_707771_70615700,D1,Agriculture,8.68,"प्रीतम तुका माहीत आसा काय , आजकाल जिल्ह्यात सशाचो वापर फरसाठी केलो जात आसा",प्रीतम तग माहिती आसा काय आजकाल जिल्ह्यात सशाचो वापर फर साठी किलो जात आसा,प्रीतम तुका माहीत आसा काय आजकाल जिल्ह्यात सशाचो वापर फरसाठी केलो जात आसा,प्रीतम तग माहिती आसा काय आजकाल जिल्ह्यात सशाचो वापर फर साठी किलो जात आसा,9.72,38.46,12.16,42.86,0
IISc_RESPIN_mr_D1_70909_416510_M_AGRI_710370_70622195,D1,Agriculture,6.05,भारतातल्या प्रत्येक प्रकारच्या माश्याचो वापर आपण खावसाठी नाय करणव,भारतातल्या प्रत्येक प्रकारच्या माशांचे वापर आपण खाऊ साठी नाय करणं,भारतातल्या प्रत्येक प्रकारच्या माश्याचो वापर आपण खावसाठी नाय करणव,भारतातल्या प्रत्येक प्रकारच्या माशांचे वापर आपण खाऊ साठी नाय करणं,10.77,44.44,10.77,44.44,0
IISc_RESPIN_mr_D1_70909_416510_M_AGRI_710084_70622205,D1,Agriculture,3.54,शहरात बागेत किंवा टेरेस वर शेती करतत,शहरात बागेत किंवा येलेस वर शेती करतत,शहरात बागेत किंवा टेरेस वर शेती करतत,शहरात बागेत किंवा येलेस वर शेती करतत,5.56,14.29,5.56,14.29,0
IISc_RESPIN_mr_D1_70909_416510_M_AGRI_709151_70622542,D1,Agriculture,5.13,पिकांचा फसना जेका पिकांच्या नष्ट होण्याच्या रुपात पण ओळखतत,पिकांच्या फसनाजी कपिकां चा नष्ट हनीच्या रूपात पण ओळखते,पिकांचा फसना जेका पिकांच्या नष्ट होण्याच्या रुपात पण ओळखतत,पिकांच्या फसनाजी कपिकां चा नष्ट हनीच्या रूपात पण ओळखते,29.31,77.78,29.31,77.78,0
IISc_RESPIN_mr_D1_70909_416510_M_BANK_724847_70623028,D1,Banking,9.31,"तुमच्यो कोणताही बचत , चालू , रोख क्रेडिट आणि ओव्हर ड्राफ्ट खात्यांकरता चेक बुकची विनंती केली जाऊ शकता",तुमचो कोणत्याही वजन चालू रोग क्रेडिट आणि कोर ड्राफ्ट खात्या करता चेक दुकाची विनंती केली जाऊ शकता,तुमच्यो कोणताही बचत चालू रोख क्रेडिट आणि ओव्हर ड्राफ्ट खात्यांकरता चेक बुकची विनंती केली जाऊ शकता,तुमचो कोणत्याही वजन चालू रोग क्रेडिट आणि कोर ड्राफ्ट खात्या करता चेक दुकाची विनंती केली जाऊ शकता,15.46,50.0,18.81,55.56,0
IISc_RESPIN_mr_D1_70909_416510_M_AGRI_710366_70623031,D1,Agriculture,4.61,भारतात आठशे सत्तर प्रकारचे गोड्या पाण्यातले माशे आढळतत,भारतात आठशे सत्तर प्रकारचे गोळ्या पाण्यातले माशे आढळतत,भारतात आठशे सत्तर प्रकारचे गोड्या पाण्यातले माशे आढळतत,भारतात आठशे सत्तर प्रकारचे गोळ्या पाण्यातले माशे आढळतत,1.85,12.5,1.85,12.5,0
IISc_RESPIN_mr_D1_70909_416510_M_BANK_710233_70623049,D1,Banking,3.63,घरासाठी कर्ज घेतल्यावर व्याजदर कमी बसता,घरासाठी कर्ज घेतल्यावर व्याज दर कमी बसता,घरासाठी कर्ज घेतल्यावर व्याजदर कमी बसता,घरासाठी कर्ज घेतल्यावर व्याज दर कमी बसता,2.56,33.33,2.56,33.33,0
IISc_RESPIN_mr_D4_71177_441304_M_BANK_724005_70623162,D4,Banking,2.54,के.वाय.सी करासाठी कोंते कागद लागन ?,के.वाय.सी करासाठी कोंते कागद लागन ?,के वाय सी करासाठी कोंते कागद लागन,के वाय सी करासाठी कोंते कागद लागन,0.0,0.0,0.0,0.0,1
IISc_RESPIN_mr_D1_70909_416510_M_AGRI_708255_70623886,D1,Agriculture,5.91,कॉफीची बी पडल्यानंतर तेच्यावर अनेक प्रक्रिया करूचे लागतत,कॉफीची दी पडल्यानंतर त्याच्यावर अनेक प्रक्रिया करुचे लागतत,कॉफीची बी पडल्यानंतर तेच्यावर अनेक प्रक्रिया करूचे लागतत,कॉफीची दी पडल्यानंतर त्याच्यावर अनेक प्रक्रिया करुचे लागतत,8.93,37.5,8.93,37.5,0
IISc_RESPIN_mr_D1_70909_416510_M_AGRI_709431_70623901,D1,Agriculture,4.11,चरस ह्यो एक नशा आणि जीवघेणो पदार्थ असा,चर शेअर एक नशा आणि ज्यो विधी पदार्थ असा,चरस ह्यो एक नशा आणि जीवघेणो पदार्थ असा,चर शेअर एक नशा आणि ज्यो विधी पदार्थ असा,34.21,50.0,34.21,50.0,0
IISc_RESPIN_mr_D1_72748_416510_F_AGRI_709675_70625093,D1,Agriculture,5.29,"शाहबलुत पचन सुधारात मदत करता आणि पित्त , हृदय स्वास्थ्य वाढवता",वल पचन सुधारतात मदत करता आणि वित्त रता स्वस्त वाढवता,शाहबलुत पचन सुधारात मदत करता आणि पित्त हृदय स्वास्थ्य वाढवता,वल पचन सुधारतात मदत करता आणि वित्त रता स्वस्त वाढवता,26.67,50.0,29.03,54.55,0
IISc_RESPIN_mr_D1_70909_416510_M_AGRI_711224_70628125,D1,Agriculture,3.11,काजूच्या झाडंका कसला सेंद्रिय खत घालूचा ?,काजूच्या झाडांका कसली से लेय खता घालूचा ?,काजूच्या झाडंका कसला सेंद्रिय खत घालूचा,काजूच्या झाडांका कसली से लेय खता घालूचा,20.51,83.33,19.51,71.43,0
IISc_RESPIN_mr_D1_70909_416510_M_BANK_712133_70628400,D1,Banking,4.11,म्या माझी कर्ज धावसंख्या कशी वाढवू शकतय ?,म्या माझी कर्ज धावसंख्या कशी वाढवू शकताय ?,म्या माझी कर्ज धावसंख्या कशी वाढवू शकतय,म्या माझी कर्ज धावसंख्या कशी वाढवू शकताय,2.56,14.29,2.44,12.5,0
IISc_RESPIN_mr_D1_70909_416510_M_AGRI_711326_70628624,D1,Agriculture,4.34,सोयाबीनाच्या पिकाक कीड लागली तर कसली लक्षणा दिसतली ?,सोयाबीनच्या पिका कीड लागली तर कसली लक्षणा दिसतली ?,सोयाबीनाच्या पिकाक कीड लागली तर कसली लक्षणा दिसतली,सोयाबीनच्या पिका कीड लागली तर कसली लक्षणा दिसतली,4.0,25.0,3.85,22.22,0
IISc_RESPIN_mr_D1_70909_416510_M_BANK_712217_70628652,D1,Banking,3.18,जीवन विमो किती वर्षाचो असता ?,जीवन विमा किती वर्षाचो असता ?,जीवन विमो किती वर्षाचो असता,जीवन विमा किती वर्षाचो असता,3.7,20.0,3.45,16.67,0
IISc_RESPIN_mr_D1_70909_416510_M_AGRI_711459_70628667,D1,Agriculture,2.45,ई कॉमर्सचो उपयोग काय असा ?,ई कॉमर्सचो उपयोग काय असा ?,ई कॉमर्सचो उपयोग काय असा,ई कॉमर्सचो उपयोग काय असा,0.0,0.0,0.0,0.0,1
IISc_RESPIN_mr_D1_70909_416510_M_BANK_712166_70628752,D1,Banking,6.63,युटिलिटी बिलान आम्ही आनी खयली बीला भरू शकताव ?,युटिलिटी पेला आम्ही आदी खयली बिला भरू शकता,युटिलिटी बिलान आम्ही आनी खयली बीला भरू शकताव,युटिलिटी पेला आम्ही आदी खयली बिला भरू शकता,13.64,50.0,17.39,55.56,0
IISc_RESPIN_mr_D1_70909_416510_M_BANK_712329_70629074,D1,Banking,3.5,विमा भरुच्यासाठी वयोमर्यादा काय आसा ?,विमा भरुच्या साठी वय मर्यादा काय आसा ?,विमा भरुच्यासाठी वयोमर्यादा काय आसा,विमा भरुच्या साठी वय मर्यादा काय आसा,5.71,80.0,5.41,66.67,0
IISc_RESPIN_mr_D1_70909_416510_M_AGRI_711670_70629355,D1,Agriculture,3.65,हुमणी कीड पिकांकरता घातक आसा काय ?,कुमनी कीड पिका करता गत असा काय ?,हुमणी कीड पिकांकरता घातक आसा काय,कुमनी कीड पिका करता गत असा काय,21.88,83.33,20.59,71.43,0
IISc_RESPIN_mr_D1_72748_416510_F_BANK_710867_70631417,D1,Banking,4.18,भांडवलाच्या प्रकारात तात्पुरता कार्यरत भांडवल देखील येता,भांडवलाच्या प्रकार ता पुढचा कार्यरत भांडवल देखी लेता,भांडवलाच्या प्रकारात तात्पुरता कार्यरत भांडवल देखील येता,भांडवलाच्या प्रकार ता पुढचा कार्यरत भांडवल देखी लेता,14.29,71.43,14.29,71.43,0
IISc_RESPIN_mr_D1_70925_416510_F_BANK_707977_70633181,D1,Banking,6.73,"राजू तुका माहीत हा , पहिल्या पेमेंट वॉरंटचो वापर अमेरिकेत आणि इंग्लंड मध्ये झालो होतो",राजू तुका माहित हा पहिल्या पेमेंट वॉरंचो वापर अमेरिकेत आणि इंगडमध्ये झालो होतो,राजू तुका माहीत हा पहिल्या पेमेंट वॉरंटचो वापर अमेरिकेत आणि इंग्लंड मध्ये झालो होतो,राजू तुका माहित हा पहिल्या पेमेंट वॉरंचो वापर अमेरिकेत आणि इंगडमध्ये झालो होतो,7.23,28.57,9.41,33.33,0
IISc_RESPIN_mr_D4_70624_441111_F_AGRI_720331_70634944,D4,Agriculture,8.74,जंगलातील बागकामातील फळ आणि अक्रोड वृक्षांमध्ये औषधी वनस्पती आणि बारमाही भाज्यांचा समावेश आहे,जंगलातील बागकामातील फळ आणि अक्रोड रक्षा मध्ये औषधी वनस्पती आणि बारमाही भाज्यांचा समावेश आहे,जंगलातील बागकामातील फळ आणि अक्रोड वृक्षांमध्ये औषधी वनस्पती आणि बारमाही भाज्यांचा समावेश आहे,जंगलातील बागकामातील फळ आणि अक्रोड रक्षा मध्ये औषधी वनस्पती आणि बारमाही भाज्यांचा समावेश आहे,3.26,15.38,3.26,15.38,0
IISc_RESPIN_mr_D1_70925_416510_F_AGRI_710426_70635081,D1,Agriculture,5.94,लाल मसुर डाळ अशी डाळ असा जिचो कायम तुटवडो रवता,लाल मसूर डाळ अशी डाळ सजीचो कायम तोटा वर रवता,लाल मसुर डाळ अशी डाळ असा जिचो कायम तुटवडो रवता,लाल मसूर डाळ अशी डाळ सजीचो कायम तोटा वर रवता,21.74,50.0,21.74,50.0,0
IISc_RESPIN_mr_D1_70925_416510_F_AGRI_709321_70635328,D1,Agriculture,4.96,अंबाडीचा बियाणा हृदयविकारासाठी अतिशय उपयोगी असता,अंबाडी चा बियाणा रुदाय विकारासाठी अर्तिशय उपयोग्य असता,अंबाडीचा बियाणा हृदयविकारासाठी अतिशय उपयोगी असता,अंबाडी चा बियाणा रुदाय विकारासाठी अर्तिशय उपयोग्य असता,18.75,100.0,18.75,100.0,0
IISc_RESPIN_mr_D1_70907_416520_M_AGRI_708255_70636464,D1,Agriculture,4.18,कॉफीची बी पडल्यानंतर तेच्यावर अनेक प्रक्रिया करूचे लागतत,कॉफीची बी पडल्या नंतर तिच्यावर अनेक प्रक्रिया करूची लागतत,कॉफीची बी पडल्यानंतर तेच्यावर अनेक प्रक्रिया करूचे लागतत,कॉफीची बी पडल्या नंतर तिच्यावर अनेक प्रक्रिया करूची लागतत,5.36,50.0,5.36,50.0,0
IISc_RESPIN_mr_D1_70907_416520_M_AGRI_710071_70636471,D1,Agriculture,3.72,लोकांका थंड वातावरणात कॉफी पियुक आवडता,लोकांका थंड वातारणात कॉफी यो आवडता,लोकांका थंड वातावरणात कॉफी पियुक आवडता,लोकांका थंड वातारणात कॉफी यो आवडता,13.16,33.33,13.16,33.33,0
IISc_RESPIN_mr_D1_70913_416601_M_BANK_707317_70636592,D1,Banking,6.87,आता आपण गुगल अँप वापरून आपलो बँक बॅलन्स माहित करून घेऊ शकतव,आता आपण गूगल एप वापरून आपलो बँक बॅलन्स माहित करून घेऊ शकतो,आता आपण गुगल अँप वापरून आपलो बँक बॅलन्स माहित करून घेऊ शकतव,आता आपण गूगल एप वापरून आपलो बँक बॅलन्स माहित करून घेऊ शकतो,6.78,25.0,6.78,25.0,0
IISc_RESPIN_mr_D1_70925_416510_F_BANK_710609_70638769,D1,Banking,3.52,करामधुन सरकार देशाचा निर्माण करता,करा मधून सरकार देशाचा निर्माण करता,करामधुन सरकार देशाचा निर्माण करता,करा मधून सरकार देशाचा निर्माण करता,6.06,40.0,6.06,40.0,0
IISc_RESPIN_mr_D1_70925_416510_F_AGRI_708300_70638773,D1,Agriculture,5.16,टँकरात भरलल्या दुधाक पायपातसून सगळीकडे पोचयतत,एकरात भरलेल्या दुधा पायपासून सगळीकडे पोच येत,टँकरात भरलल्या दुधाक पायपातसून सगळीकडे पोचयतत,एकरात भरलेल्या दुधा पायपासून सगळीकडे पोच येत,15.56,100.0,15.56,100.0,0
IISc_RESPIN_mr_D4_71166_441105_F_BANK_723730_70641431,D4,Banking,5.55,दसऱ्यासाठी मले कितीक रुपये कर्ज भेटन ?,दस⁇्यासाठी मले किती रुपये कर्ज भेटन ?,दसऱ्यासाठी मले कितीक रुपये कर्ज भेटन,दस⁇्यासाठी मले किती रुपये कर्ज भेटन,5.56,33.33,5.26,28.57,0
IISc_RESPIN_mr_D1_70925_416510_F_BANK_710233_70648471,D1,Banking,3.61,घरासाठी कर्ज घेतल्यावर व्याजदर कमी बसता,घरासाठी कर्ज घेतल्या व्याज दर कमी बसता,घरासाठी कर्ज घेतल्यावर व्याजदर कमी बसता,घरासाठी कर्ज घेतल्या व्याज दर कमी बसता,7.69,50.0,7.69,50.0,0
IISc_RESPIN_mr_D1_70925_416510_F_BANK_708358_70648484,D1,Banking,5.84,"परताव्याचो दर , ज्यासाठी ह्या काम शून्य आसा तो परताव्याचो अंतर्गत दर आसा",परताव्याचा दर ज्यासाठी ह्या काम शुन्य असा तो परताव्याचा अंतर्गत दर असा,परताव्याचो दर ज्यासाठी ह्या काम शून्य आसा तो परताव्याचो अंतर्गत दर आसा,परताव्याचा दर ज्यासाठी ह्या काम शुन्य असा तो परताव्याचा अंतर्गत दर असा,7.14,41.67,9.72,46.15,0
IISc_RESPIN_mr_D4_71166_441105_F_BANK_723927_70650674,D4,Banking,5.51,खातं खोलल्यावर त्यात किती पैसे ठेवा लागन ?,खात खोल्यावर त्यात किती पैसे ठेवा लागन ?,खातं खोलल्यावर त्यात किती पैसे ठेवा लागन,खात खोल्यावर त्यात किती पैसे ठेवा लागन,5.0,28.57,4.76,25.0,0
IISc_RESPIN_mr_D4_71166_441105_F_BANK_723630_70651168,D4,Banking,5.18,गॅसचं बिल मले युटिलिटीन भरता येईन का ?,गॅस चं बिल मले युटिलिटी नं भरता येईन का ?,गॅसचं बिल मले युटिलिटीन भरता येईन का,गॅस चं बिल मले युटिलिटी नं भरता येईन का,8.33,57.14,7.89,50.0,0
IISc_RESPIN_mr_D4_71166_441105_F_BANK_724247_70651170,D4,Banking,4.36,आरोग्य बिमा ऑनलाईन भरता येते का ?,आरोग्य बिमा ऑनलाईन भरता येते का ?,आरोग्य बिमा ऑनलाईन भरता येते का,आरोग्य बिमा ऑनलाईन भरता येते का,0.0,0.0,0.0,0.0,1
IISc_RESPIN_mr_D4_71177_441304_M_AGRI_723163_70651522,D4,Agriculture,3.41,माती परीक्षन कुठ अस कस कराव ?,माती परीषन कोठ अर्ज कस करावा ?,माती परीक्षन कुठ अस कस कराव,माती परीषन कोठ अर्ज कस करावा,25.93,66.67,24.14,57.14,0
IISc_RESPIN_mr_D4_71177_441304_M_BANK_724233_70651537,D4,Banking,3.09,माया क्रेडिट कार्डची मायती मले मोबाईलवर भेटन का ?,माया क्रेडिट कार्डची मायती मले मोबाईलवर भेटन का ?,माया क्रेडिट कार्डची मायती मले मोबाईलवर भेटन का,माया क्रेडिट कार्डची मायती मले मोबाईलवर भेटन का,0.0,0.0,0.0,0.0,1
IISc_RESPIN_mr_D4_71166_441105_F_AGRI_723532_70651697,D4,Agriculture,4.57,मोसंबीचे झाड पिवळे काऊन पडते ?,मोसंबीचे झाड पिवळे काऊन पडते ?,मोसंबीचे झाड पिवळे काऊन पडते,मोसंबीचे झाड पिवळे काऊन पडते,0.0,0.0,0.0,0.0,1
IISc_RESPIN_mr_D4_71166_441105_F_AGRI_723186_70651699,D4,Agriculture,4.69,मोसंबीले परकारं न पानी देनं ठीक हाये का ?,मोसंबीले परकार नं पानी देनं ठीक हाय का ?,मोसंबीले परकारं न पानी देनं ठीक हाये का,मोसंबीले परकार नं पानी देनं ठीक हाय का,7.69,37.5,7.32,33.33,0
IISc_RESPIN_mr_D1_72748_416510_F_AGRI_711375_70652371,D1,Agriculture,2.6,खरीप पिकाची कापणी खयच्या महिन्यात करतत ?,खरीप पिकाची कापणी खयच्या महिन्यात करत ?,खरीप पिकाची कापणी खयच्या महिन्यात करतत,खरीप पिकाची कापणी खयच्या महिन्यात करत,2.63,16.67,2.5,14.29,0
IISc_RESPIN_mr_D4_70566_441304_M_BANK_718983_70654771,D4,Banking,5.68,क्यू.आर कोडने पैशे भरले तर वेळ वाचवतो,क्यू.आर कोडने पैसे भरले तर वेळ वाचवतो,क्यू आर कोडने पैशे भरले तर वेळ वाचवतो,क्यू आर कोडने पैसे भरले तर वेळ वाचवतो,2.7,12.5,2.7,14.29,0
IISc_RESPIN_mr_D4_70566_441304_M_BANK_719775_70654778,D4,Banking,8.09,आवर्ती ठेव खाते म्हणजे अल्प मुदतीच्या कर्ज गुंतवणुकीत व्यापार करणे आहे,आवर्ती ठेव खाते म्हणजे अल्प मुदतीच्या कर्ज गुंतवणुकीत व्यापार करणे आहे,आवर्ती ठेव खाते म्हणजे अल्प मुदतीच्या कर्ज गुंतवणुकीत व्यापार करणे आहे,आवर्ती ठेव खाते म्हणजे अल्प मुदतीच्या कर्ज गुंतवणुकीत व्यापार करणे आहे,0.0,0.0,0.0,0.0,1
IISc_RESPIN_mr_D4_70566_441304_M_BANK_724397_70654786,D4,Banking,11.75,अटल पेन्शन योजना अठरा ते चाळीस वर्षे वयोगटातील सर्व बचत बँक पोस्ट ऑफिस बचत बँक खातेदारांसाठी खुली आहे,अटल पेन्शन योजना अठरा ते चाळीस वर्षे वय गोठातील सर्व बचत बँक पोस्ट ऑफिस बचत बँक खत खातेदारांसाठी खुली आहे,अटल पेन्शन योजना अठरा ते चाळीस वर्षे वयोगटातील सर्व बचत बँक पोस्ट ऑफिस बचत बँक खातेदारांसाठी खुली आहे,अटल पेन्शन योजना अठरा ते चाळीस वर्षे वय गोठातील सर्व बचत बँक पोस्ट ऑफिस बचत बँक खत खातेदारांसाठी खुली आहे,5.94,16.67,5.94,16.67,0
IISc_RESPIN_mr_D1_70907_416520_M_BANK_706604_70656388,D1,Banking,5.09,मागणी कर्जात सामान्यता परतफेडीकरता निश्चित तारखो नसतत,मागणी कर्जा सामान्य ता परत फेडी करता निश्चित तार तार खो नसतत,मागणी कर्जात सामान्यता परतफेडीकरता निश्चित तारखो नसतत,मागणी कर्जा सामान्य ता परत फेडी करता निश्चित तार तार खो नसतत,16.98,128.57,16.98,128.57,0
IISc_RESPIN_mr_D1_70907_416520_M_AGRI_708595_70656846,D1,Agriculture,3.82,अरारोटच्या कंदाक कुटून पावडर बनवतत,आराटोट च्या कंदा कुटुन पावडर बनवतो,अरारोटच्या कंदाक कुटून पावडर बनवतत,आराटोट च्या कंदा कुटुन पावडर बनवतो,17.65,100.0,17.65,100.0,0
IISc_RESPIN_mr_D1_70907_416520_M_AGRI_707726_70656847,D1,Agriculture,6.85,"पायरेथ्रॉइड कीटकनाशक आणि माइटिसाइड , मातीच्या वापरासाठी लेबल केलेले आसत",पायरे राईड कीटनाशक आणि माहिती साइट मातीच्या वापरासाठी लेबल केलेले असतत,पायरेथ्रॉइड कीटकनाशक आणि माइटिसाइड मातीच्या वापरासाठी लेबल केलेले आसत,पायरे राईड कीटनाशक आणि माहिती साइट मातीच्या वापरासाठी लेबल केलेले असतत,18.84,66.67,21.13,60.0,0
IISc_RESPIN_mr_D1_70907_416520_M_BANK_706779_70657201,D1,Banking,4.51,संगणकीय वित्त ह्या उपयोजित संगणक विज्ञानाची एक शाखा असा,संगणकीय वित्त ह्या उपयोगी संगणक विज्ञानाची एक शाखा असा,संगणकीय वित्त ह्या उपयोजित संगणक विज्ञानाची एक शाखा असा,संगणकीय वित्त ह्या उपयोगी संगणक विज्ञानाची एक शाखा असा,5.45,11.11,5.45,11.11,0
IISc_RESPIN_mr_D1_70907_416520_M_BANK_710542_70657221,D1,Banking,6.58,आय.टी विभागा कडसुन सांगलेले वेगवेगळ्या प्रकारचे इन्कम टॅक्स रिटर्नस जमा करूक हवे,आयटी विमा का वडसून चांगले वेगळ्या प्रकारचे इंक टॅक्सरिट रिटन जमा करुक हो,आय टी विभागा कडसुन सांगलेले वेगवेगळ्या प्रकारचे इन्कम टॅक्स रिटर्नस जमा करूक हवे,आयटी विमा का वडसून चांगले वेगळ्या प्रकारचे इंक टॅक्सरिट रिटन जमा करुक हो,28.75,84.62,28.75,91.67,0
IISc_RESPIN_mr_D1_70925_416510_F_BANK_712036_70657233,D1,Banking,3.87,माका गाडी घेऊच्या खाती कर्ज मेलताला काय ?,माका गाडी घेवच्या खाती कर्ज मेलतला काय ?,माका गाडी घेऊच्या खाती कर्ज मेलताला काय,माका गाडी घेवच्या खाती कर्ज मेलतला काय,5.13,28.57,4.88,25.0,0
IISc_RESPIN_mr_D1_70925_416510_F_AGRI_711616_70657257,D1,Agriculture,4.12,इलेक्ट्रॉनिक वजनकाट्यात माप मारुक येता काय ?,इलेक्ट्रॉनिक वजन काट्यात माप मारूक येता काय ?,इलेक्ट्रॉनिक वजनकाट्यात माप मारुक येता काय,इलेक्ट्रॉनिक वजन काट्यात माप मारूक येता काय,4.76,50.0,4.55,42.86,0
IISc_RESPIN_mr_D1_70925_416510_F_BANK_711898_70657275,D1,Banking,2.98,योजनेचो कालावधी किती अस्तलो ?,योजनेचो कालावधी किती असतलो ?,योजनेचो कालावधी किती अस्तलो,योजनेचो कालावधी किती असतलो,3.7,25.0,3.45,20.0,0
IISc_RESPIN_mr_D1_70907_416520_M_AGRI_709097_70657819,D1,Agriculture,4.89,सगळ्या प्रकारचा पण जेवाण बनवूक पाम तेल वापरतत,सगळ्या प्रकारचा पण जे जे जे वाण बनवू पाम तेल वापरतात,सगळ्या प्रकारचा पण जेवाण बनवूक पाम तेल वापरतत,सगळ्या प्रकारचा पण जे जे जे वाण बनवू पाम तेल वापरतात,20.0,75.0,20.0,75.0,0
IISc_RESPIN_mr_D1_70907_416520_M_BANK_724963_70658029,D1,Banking,8.0,"ग्राहक ह्या सुविधेच्या माध्यमातून आपल्या बचत , आर.डी आणि पी.पी.एफ खात्याच्या पासबुकाची प्रिंट काढूक शकतत",ग्राहक या सुविधेच्या माध्यमातून आपली बचत आहे आर.डी आणि पी पेस खात्याच्या पासबुकाची प्रिंट काढू शकतात,ग्राहक ह्या सुविधेच्या माध्यमातून आपल्या बचत आर डी आणि पी पी एफ खात्याच्या पासबुकाची प्रिंट काढूक शकतत,ग्राहक या सुविधेच्या माध्यमातून आपली बचत आहे आर डी आणि पी पेस खात्याच्या पासबुकाची प्रिंट काढू शकतात,14.71,41.18,14.42,46.67,0
IISc_RESPIN_mr_D1_70907_416520_M_AGRI_711175_70658111,D1,Agriculture,3.53,आकाशात आद्रता जाली तर पिकांवरती परिणाम जाता काय ?,आकाशत आर्द्रता झाली तर पिकांमध्ये परिणाम जाता काय ?,आकाशात आद्रता जाली तर पिकांवरती परिणाम जाता काय,आकाशत आर्द्रता झाली तर पिकांमध्ये परिणाम जाता काय,19.15,50.0,18.37,44.44,0
IISc_RESPIN_mr_D1_70907_416520_M_AGRI_711403_70659078,D1,Agriculture,11.66,जमीन आरोग्य पत्रिकेत शिफारसशी नुसारचा रासायनिक खताचो वापर कसो करायचो ?,जमीन आरोग्य पत्र येत शी फारशी नसता नुसार रासायनिक खताचो वापर कसो करायचो ?,जमीन आरोग्य पत्रिकेत शिफारसशी नुसारचा रासायनिक खताचो वापर कसो करायचो,जमीन आरोग्य पत्र येत शी फारशी नसता नुसार रासायनिक खताचो वापर कसो करायचो,17.65,60.0,17.14,54.55,0
IISc_RESPIN_mr_D1_70907_416520_M_BANK_712006_70659285,D1,Banking,3.69,मी ऑनलाइन किंवा ऑफलाइन मोबाईलातसून गुंतवणूक करूक शकतय काय ?,मी ऑनलाइन किंवा ऑफलाईन मोबाईल तसून गुंतवणूक करू शकते का ?,मी ऑनलाइन किंवा ऑफलाइन मोबाईलातसून गुंतवणूक करूक शकतय काय,मी ऑनलाइन किंवा ऑफलाईन मोबाईल तसून गुंतवणूक करू शकते का,8.77,66.67,8.47,60.0,0
IISc_RESPIN_mr_D1_70907_416520_M_BANK_711804_70659292,D1,Banking,2.84,ऑनलाइन पैसे कसे धाडूचे ?,ऑनलाइन पैसे कसे ठाडूचे ?,ऑनलाइन पैसे कसे धाडूचे,ऑनलाइन पैसे कसे ठाडूचे,4.55,25.0,4.17,20.0,0
IISc_RESPIN_mr_D1_70907_416520_M_AGRI_711412_70659294,D1,Agriculture,2.42,खता किती प्रमाणात वापरुची ?,खता किती प्रमाणात वापरूची ?,खता किती प्रमाणात वापरुची,खता किती प्रमाणात वापरूची,4.0,25.0,3.7,20.0,0
IISc_RESPIN_mr_D1_70907_416520_M_AGRI_711326_70659569,D1,Agriculture,3.74,सोयाबीनाच्या पिकाक कीड लागली तर कसली लक्षणा दिसतली ?,सोयाबीनच्या पिकाक कीड लागली तर कसली लक्षणा दिसतली ?,सोयाबीनाच्या पिकाक कीड लागली तर कसली लक्षणा दिसतली,सोयाबीनच्या पिकाक कीड लागली तर कसली लक्षणा दिसतली,2.0,12.5,1.92,11.11,0
IISc_RESPIN_mr_D1_70907_416520_M_AGRI_711342_70659989,D1,Agriculture,4.44,भात कापुक एकराक कितके मजूर लागतले ?,मात कापू एकरात केले कितके मजूर लागतले ?,भात कापुक एकराक कितके मजूर लागतले,मात कापू एकरात केले कितके मजूर लागतले,24.24,66.67,22.86,57.14,0
IISc_RESPIN_mr_D1_70925_416510_F_BANK_712006_70660811,D1,Banking,6.77,मी ऑनलाइन किंवा ऑफलाइन मोबाईलातसून गुंतवणूक करूक शकतय काय ?,मी ऑनलाइन किंवा ऑफलाईन मोबाईल सून गुंतवणूक करूक शकताय काय ?,मी ऑनलाइन किंवा ऑफलाइन मोबाईलातसून गुंतवणूक करूक शकतय काय,मी ऑनलाइन किंवा ऑफलाईन मोबाईल सून गुंतवणूक करूक शकताय काय,7.02,44.44,6.78,40.0,0
IISc_RESPIN_mr_D1_70925_416510_F_AGRI_711375_70660813,D1,Agriculture,3.85,खरीप पिकाची कापणी खयच्या महिन्यात करतत ?,खरीप पिकाची कापणी खयच्या महिन्यात करतत ?,खरीप पिकाची कापणी खयच्या महिन्यात करतत,खरीप पिकाची कापणी खयच्या महिन्यात करतत,0.0,0.0,0.0,0.0,1
IISc_RESPIN_mr_D1_70925_416510_F_BANK_711877_70660830,D1,Banking,3.36,कर्ज कोनाकपण फेडूक मेलता काय ?,कर्ज कोणाक पण फेडूक मेलता काय ?,कर्ज कोनाकपण फेडूक मेलता काय,कर्ज कोणाक पण फेडूक मेलता काय,7.14,40.0,6.67,33.33,0
IISc_RESPIN_mr_D1_70925_416510_F_AGRI_711632_70660987,D1,Agriculture,3.35,काढणीसाठी यंत्र वापरला तर काय फायदो होता ?,काढणीसाठी यंत्र वापरला तर काय फायदो होता ?,काढणीसाठी यंत्र वापरला तर काय फायदो होता,काढणीसाठी यंत्र वापरला तर काय फायदो होता,0.0,0.0,0.0,0.0,1
IISc_RESPIN_mr_D1_70925_416510_F_AGRI_711508_70660995,D1,Agriculture,3.46,पिकांका कीड लागा नको म्हणून काय करूचा ?,पिकांका कीड लागा नको म्हणान काय करूचा ?,पिकांका कीड लागा नको म्हणून काय करूचा,पिकांका कीड लागा नको म्हणान काय करूचा,2.7,14.29,2.56,12.5,0
IISc_RESPIN_mr_D1_70925_416510_F_AGRI_711549_70662230,D1,Agriculture,2.48,ऑनलाइन अवजारा कशी मागवूची ?,ऑनलाइन अवजारा कशी मागूची?,ऑनलाइन अवजारा कशी मागवूची,ऑनलाइन अवजारा कशी मागूची,4.0,25.0,7.41,40.0,0
IISc_RESPIN_mr_D1_70832_416522_M_BANK_706894_70664142,D1,Banking,5.71,संदर्भ दर ह्या एक दर असा ज्या आर्थिक करारात पे ऑफ निर्धारित करता,संदर्भ दर ह्या एक तर असा ज्या आर्थिक करारा पे ऑफ निर्धारित करता,संदर्भ दर ह्या एक दर असा ज्या आर्थिक करारात पे ऑफ निर्धारित करता,संदर्भ दर ह्या एक तर असा ज्या आर्थिक करारा पे ऑफ निर्धारित करता,3.12,15.38,3.12,15.38,0
IISc_RESPIN_mr_D1_70832_416522_M_BANK_708539_70664402,D1,Banking,3.17,संदर्भ दर ह्यो रेफरलचो दर आसा,संदरी बजार ह्यो रिपरलचो हर आसा,संदर्भ दर ह्यो रेफरलचो दर आसा,संदरी बजार ह्यो रिपरलचो हर आसा,27.59,66.67,27.59,66.67,0
IISc_RESPIN_mr_D1_70832_416522_M_AGRI_708535_70664419,D1,Agriculture,4.16,सगळ्या प्रकारच्या मातयेचो कस सारखो नसता,सगळ्या प्रकारच्या मातीयेचो कस सारखोण असता,सगळ्या प्रकारच्या मातयेचो कस सारखो नसता,सगळ्या प्रकारच्या मातीयेचो कस सारखोण असता,7.69,50.0,7.69,50.0,0
IISc_RESPIN_mr_D4_71101_440001_F_AGRI_723256_70665265,D4,Agriculture,4.76,रासायनिक खत जास्त वापरल्यानं वावर खराब होईन का ?,रासायनि खत जास्त वापरल्यानं वावर करा होईन का ?,रासायनिक खत जास्त वापरल्यानं वावर खराब होईन का,रासायनि खत जास्त वापरल्यानं वावर करा होईन का,6.52,25.0,6.25,22.22,0
IISc_RESPIN_mr_D4_71101_440001_F_BANK_724242_70665274,D4,Banking,5.41,मले माया बईनीले मोबाईल भेट द्यासाठी ऑनलाईन पैसे कसे देता येईन ?,मले माया बहनीले मोबाईल भेटा साठी ऑनलाइन पैसे कसे देता येईन ?,मले माया बईनीले मोबाईल भेट द्यासाठी ऑनलाईन पैसे कसे देता येईन,मले माया बहनीले मोबाईल भेटा साठी ऑनलाइन पैसे कसे देता येईन,11.48,36.36,11.11,33.33,0
IISc_RESPIN_mr_D4_71101_440001_F_AGRI_723532_70665291,D4,Agriculture,2.86,मोसंबीचे झाड पिवळे काऊन पडते ?,मोसंबीचे झाड पिवळे काऊन पडते ?,मोसंबीचे झाड पिवळे काऊन पडते,मोसंबीचे झाड पिवळे काऊन पडते,0.0,0.0,0.0,0.0,1
IISc_RESPIN_mr_D1_72748_416510_F_AGRI_711533_70665854,D1,Agriculture,5.21,सरकारच्या खयल्या योजनेसून मका स्वस्त दरात बियाना मिळात ?,सरकारच्या खयल्या योजनेसून मका स्वस्त तळा बियांना घेत मिळात,सरकारच्या खयल्या योजनेसून मका स्वस्त दरात बियाना मिळात,सरकारच्या खयल्या योजनेसून मका स्वस्त तळा बियांना घेत मिळात,14.81,37.5,17.86,44.44,0
IISc_RESPIN_mr_D1_72748_416510_F_AGRI_711564_70665855,D1,Agriculture,4.73,आताची नवी पिढी शेतीच्या खयच्या पद्धतीर जास्त भर दिता ?,आता ची नवी फेडी शेतीच्या खयच्या पद्धतीत जास्त भर दिता,आताची नवी पिढी शेतीच्या खयच्या पद्धतीर जास्त भर दिता,आता ची नवी फेडी शेतीच्या खयच्या पद्धतीत जास्त भर दिता,9.62,44.44,12.96,50.0,0
IISc_RESPIN_mr_D1_72748_416510_F_BANK_712006_70665859,D1,Banking,5.2,मी ऑनलाइन किंवा ऑफलाइन मोबाईलातसून गुंतवणूक करूक शकतय काय ?,मी ऑनलाइन किंवा ऑफलाईन मोबाईला सोन गुंतवणूक करू शकताय काय ?,मी ऑनलाइन किंवा ऑफलाइन मोबाईलातसून गुंतवणूक करूक शकतय काय,मी ऑनलाइन किंवा ऑफलाईन मोबाईला सोन गुंतवणूक करू शकताय काय,8.77,55.56,8.47,50.0,0
IISc_RESPIN_mr_D1_72748_416510_F_BANK_712067_70665872,D1,Banking,4.44,मी घेतलेल्या रकमेक किती पर्यंतचा व्याज भरूचा पडताला ?,मी घेतलेल्या रकमे किती पर्यंत चा व्याज भरूचा पडताला ?,मी घेतलेल्या रकमेक किती पर्यंतचा व्याज भरूचा पडताला,मी घेतलेल्या रकमे किती पर्यंत चा व्याज भरूचा पडताला,3.92,37.5,3.77,33.33,0
IISc_RESPIN_mr_D1_72748_416510_F_BANK_712208_70665878,D1,Banking,3.05,रिचार्जचो प्लॅन कसो बगायचा ?,रिचार्ज चो पेल प्लॅन कसा बघु बागायचा ?,रिचार्जचो प्लॅन कसो बगायचा,रिचार्ज चो पेल प्लॅन कसा बघु बागायचा,42.31,150.0,39.29,120.0,0
IISc_RESPIN_mr_D1_72748_416510_F_BANK_712134_70665893,D1,Banking,3.48,माका घर बांधूचा हा माका कर्ज मिळात काय ?,माका घर भांडूचा माका कर्ज मिळात काय ?,माका घर बांधूचा हा माका कर्ज मिळात काय,माका घर भांडूचा माका कर्ज मिळात काय,13.16,25.0,12.5,22.22,0
IISc_RESPIN_mr_D1_70832_416522_M_AGRI_707743_70665963,D1,Agriculture,3.86,पृष्ठभाग सिंचन ह्यो जगातलो सगळ्यात साधो सिंचन प्रकार आसा,पृष्ठुबक सिंचन ह्यो जगातली सगळ्या चा जो विचल प्रकार आसा,पृष्ठभाग सिंचन ह्यो जगातलो सगळ्यात साधो सिंचन प्रकार आसा,पृष्ठुबक सिंचन ह्यो जगातली सगळ्या चा जो विचल प्रकार आसा,19.64,66.67,19.64,66.67,0
IISc_RESPIN_mr_D1_70832_416522_M_BANK_707749_70665967,D1,Banking,3.82,पेरोल कर ह्येका छुपो कर असा पण म्हणतत,पेरोल कर ह्या का छुपोकर असा पण म्हणतात,पेरोल कर ह्येका छुपो कर असा पण म्हणतत,पेरोल कर ह्या का छुपोकर असा पण म्हणतात,10.81,50.0,10.81,50.0,0
IISc_RESPIN_mr_D4_71166_441105_F_AGRI_722066_70668549,D4,Agriculture,6.03,कुर्बान काका तुमच्याकडे कुर्बानीसाठी मेंढी कुठून आली ?,कुरबान काका तुमच्याकडे पुरबाणी साठी मेंढी कुठून आली,कुर्बान काका तुमच्याकडे कुर्बानीसाठी मेंढी कुठून आली,कुरबान काका तुमच्याकडे पुरबाणी साठी मेंढी कुठून आली,9.62,42.86,12.96,50.0,0
IISc_RESPIN_mr_D4_71101_440001_F_BANK_723690_70668687,D4,Banking,6.12,आधार कार्डा संग मोबाईल जोडल्या वर मले के.वाय.सी चा मेसेज येईन का ?,आधार कार्ड संग मोबाईल जोडल्यार मले केवायसी चा म्यासे येईन का ?,आधार कार्डा संग मोबाईल जोडल्या वर मले के वाय सी चा मेसेज येईन का,आधार कार्ड संग मोबाईल जोडल्यार मले केवायसी चा म्यासे येईन का,14.06,50.0,13.64,38.46,0
IISc_RESPIN_mr_D1_70837_416510_M_BANK_706572_70668845,D1,Banking,6.85,ऑफशोअर बँक ह्या आंतरराष्ट्रीय बँकिंग परवान्याअंतर्गत नियंत्रित केलेली बँक असा,ऑफशोअर बँक ह्या आंतरराष्ट्रीय बँकिंग परवानगी अंतर्ग नियंत्रित केलेली बँक आसा,ऑफशोअर बँक ह्या आंतरराष्ट्रीय बँकिंग परवान्याअंतर्गत नियंत्रित केलेली बँक असा,ऑफशोअर बँक ह्या आंतरराष्ट्रीय बँकिंग परवानगी अंतर्ग नियंत्रित केलेली बँक आसा,6.49,30.0,6.49,30.0,0
IISc_RESPIN_mr_D4_71101_440001_F_BANK_723716_70668856,D4,Banking,4.48,सामाजिक मदत भेटासाठी कोनची पात्रता जरुरी हाय ?,सामाजिक मदत पिकासाठी कोनचे पात्रत जरुरी हाय ?,सामाजिक मदत भेटासाठी कोनची पात्रता जरुरी हाय,सामाजिक मदत पिकासाठी कोनचे पात्रत जरुरी हाय,11.36,42.86,10.87,37.5,0
IISc_RESPIN_mr_D4_71101_440001_F_AGRI_723571_70668857,D4,Agriculture,5.41,कास्तकार मोबाईल वरून शेतीचं मार्गदर्शन कस भेटवू शकते ?,कास्तकार मोबाईलवरून शेतीचा मार्गदर्शक कस भेटू शकते ?,कास्तकार मोबाईल वरून शेतीचं मार्गदर्शन कस भेटवू शकते,कास्तकार मोबाईलवरून शेतीचा मार्गदर्शक कस भेटू शकते,7.69,62.5,7.41,55.56,0
IISc_RESPIN_mr_D4_71101_440001_F_BANK_723845_70668879,D4,Banking,3.03,बचत खात खोला साठी आधार कार्ड लागनच का ?,बचत खातं खोला साठी आधारकार्ड लागनच का ?,बचत खात खोला साठी आधार कार्ड लागनच का,बचत खातं खोला साठी आधारकार्ड लागनच का,5.41,37.5,5.13,33.33,0
IISc_RESPIN_mr_D4_71166_441105_F_BANK_720247_70668890,D4,Banking,7.11,सरकारने वेळेवर कर भरणाऱ्यांना दहा टक्के सवलत देण्याचे ठरविले आहेत,सरकारने वेळेवर कर भरणार्यांना दहा टक्के सवलत देण्याची ठरविले आहे,सरकारने वेळेवर कर भरणाऱ्यांना दहा टक्के सवलत देण्याचे ठरविले आहेत,सरकारने वेळेवर कर भरणार्यांना दहा टक्के सवलत देण्याची ठरविले आहे,4.62,30.0,4.62,30.0,0
IISc_RESPIN_mr_D4_71209_440001_F_BANK_723630_70669135,D4,Banking,3.54,गॅसचं बिल मले युटिलिटीन भरता येईन का ?,गॅस्च बिल मले युटिलिटीन भरता येईन का ?,गॅसचं बिल मले युटिलिटीन भरता येईन का,गॅस्च बिल मले युटिलिटीन भरता येईन का,5.56,14.29,5.26,12.5,0
IISc_RESPIN_mr_D4_71101_440001_F_AGRI_722253_70669244,D4,Agriculture,7.14,"कीटकनाशकांचा वापर धान्य , ऊस , तेलबिया शोषून घेणे आणि चघळणे नियंत्रित करण्यासाठी केला जातो",कीटकनाशकांचा वापर धान्य ऊस तेल बिया शोषून देणे आणि चघळणे नियंत्रित करण्यासाठी केला जातो,कीटकनाशकांचा वापर धान्य ऊस तेलबिया शोषून घेणे आणि चघळणे नियंत्रित करण्यासाठी केला जातो,कीटकनाशकांचा वापर धान्य ऊस तेल बिया शोषून देणे आणि चघळणे नियंत्रित करण्यासाठी केला जातो,2.33,23.08,6.67,26.67,0
IISc_RESPIN_mr_D4_71130_440001_M_BANK_724005_70670078,D4,Banking,5.19,के.वाय.सी करासाठी कोंते कागद लागन ?,के.वाय.सी करासाठी कोंते कागद लागन ?,के वाय सी करासाठी कोंते कागद लागन,के वाय सी करासाठी कोंते कागद लागन,0.0,0.0,0.0,0.0,1
IISc_RESPIN_mr_D4_71130_440001_M_BANK_724188_70670079,D4,Banking,5.32,यू.पी.आय साठी काही ॲप रायते का ?,यू.पी.आय साठी काही ऑप रायते का,यू पी आय साठी काही ॲप रायते का,यू पी आय साठी काही ऑप रायते का,3.33,12.5,9.38,28.57,0
IISc_RESPIN_mr_D4_71130_440001_M_BANK_723771_70670095,D4,Banking,6.26,डेबिट कार्डातून मले एका दिवसाला किती पैसा काढता येईन ?,डेबिट कार्डातून मले का दिवसाला किती पैसा काढता येईन ?,डेबिट कार्डातून मले एका दिवसाला किती पैसा काढता येईन,डेबिट कार्डातून मले का दिवसाला किती पैसा काढता येईन,1.92,11.11,1.85,10.0,0
IISc_RESPIN_mr_D4_71101_440001_F_BANK_721223_70670958,D4,Banking,3.99,संयुक्त खात्यात ग्राहकाला वेगवेगळी डेबिट कार्डे मिळतात,संयुक्त खात्यात ग्राहकाला वेग वेगळी डेबिट कार्ड मिळतात,संयुक्त खात्यात ग्राहकाला वेगवेगळी डेबिट कार्डे मिळतात,संयुक्त खात्यात ग्राहकाला वेग वेगळी डेबिट कार्ड मिळतात,3.7,42.86,3.7,42.86,0
IISc_RESPIN_mr_D4_71101_440001_F_BANK_719768_70671618,D4,Banking,4.85,हॉटलिस्ट केलेला डेबिट कार्ड आपल्याला साम्भाडून ठेवायला पाहिजे,आठ लिस्ट केलेल्या डेबिट कार्ड आपल्याला सांभाळून ठेवायला पाहिजे,हॉटलिस्ट केलेला डेबिट कार्ड आपल्याला साम्भाडून ठेवायला पाहिजे,आठ लिस्ट केलेल्या डेबिट कार्ड आपल्याला सांभाळून ठेवायला पाहिजे,13.11,50.0,13.11,50.0,0
IISc_RESPIN_mr_D4_71101_440001_F_AGRI_720327_70671649,D4,Agriculture,5.95,राजस्थान मध्ये मक्याचे सर्वात जास्त क्षेत्र आहे आणि आंध्र प्रदेशात सर्वाधिक उत्पादन आहे,भाज्या स्थान मध्ये मक्याच्या सर्वात जास्त क्षेत्र आणि अंदखा देशात सर्वाधिक उत्पादन आहे,राजस्थान मध्ये मक्याचे सर्वात जास्त क्षेत्र आहे आणि आंध्र प्रदेशात सर्वाधिक उत्पादन आहे,भाज्या स्थान मध्ये मक्याच्या सर्वात जास्त क्षेत्र आणि अंदखा देशात सर्वाधिक उत्पादन आहे,21.84,46.15,21.84,46.15,0
IISc_RESPIN_mr_D4_71101_440001_F_AGRI_718808_70674148,D4,Agriculture,4.54,एंडोसल्फान नावाचे कीटकनाशक शेतात भरपूर प्रमाणात वापरले जाते,एंड संपानावा ची कीटकनाशक शेतात भरपूर प्रमाणात वापरले जाते,एंडोसल्फान नावाचे कीटकनाशक शेतात भरपूर प्रमाणात वापरले जाते,एंड संपानावा ची कीटकनाशक शेतात भरपूर प्रमाणात वापरले जाते,13.56,37.5,13.56,37.5,0
IISc_RESPIN_mr_D4_71101_440001_F_BANK_720702_70674149,D4,Banking,5.25,"कंपनीच्या मते , भांडवलाच्या किंमतीत कर्ज आणि इक्विटी दोन्ही समाविष्ट आहेत",कंपनीच्या मते भांडवलाच्या किमतीत कर्ज आणि इक्विटी दोन्ही समाविष्ट आहेत,कंपनीच्या मते भांडवलाच्या किंमतीत कर्ज आणि इक्विटी दोन्ही समाविष्ट आहेत,कंपनीच्या मते भांडवलाच्या किमतीत कर्ज आणि इक्विटी दोन्ही समाविष्ट आहेत,1.41,10.0,4.11,18.18,0
IISc_RESPIN_mr_D4_71101_440001_F_BANK_720727_70674169,D4,Banking,4.39,मनी मार्केट ही एक अल्पकालीन भांडवल उभारणी पद्धत आहे,मनी मार्केट ही एक अल्पकालीन भांडवल उभारणी पद्धत आहे,मनी मार्केट ही एक अल्पकालीन भांडवल उभारणी पद्धत आहे,मनी मार्केट ही एक अल्पकालीन भांडवल उभारणी पद्धत आहे,0.0,0.0,0.0,0.0,1
IISc_RESPIN_mr_D4_71209_440001_F_AGRI_723256_70676020,D4,Agriculture,3.28,रासायनिक खत जास्त वापरल्यानं वावर खराब होईन का ?,रासायनिक खत जास्त वापरल्यानं वावर खराब होईन का ?,रासायनिक खत जास्त वापरल्यानं वावर खराब होईन का,रासायनिक खत जास्त वापरल्यानं वावर खराब होईन का,0.0,0.0,0.0,0.0,1
IISc_RESPIN_mr_D4_71177_441304_M_BANK_721886_70677909,D4,Banking,5.72,रिझर्व्ह बँक ऑफ इंडिया भारतीय रुपय आणि पुरवठा या विषयासाठी जबाबदार आहे,रिझर्व बँक ऑफ इंडिया भारतीय रुपये आणि तूर वाटा या विषयासाठी जबाबदार आहे,रिझर्व्ह बँक ऑफ इंडिया भारतीय रुपय आणि पुरवठा या विषयासाठी जबाबदार आहे,रिझर्व बँक ऑफ इंडिया भारतीय रुपये आणि तूर वाटा या विषयासाठी जबाबदार आहे,11.43,33.33,11.43,33.33,0
IISc_RESPIN_mr_D4_71177_441304_M_BANK_721385_70677910,D4,Banking,3.99,डिजिटल पेमेंट करताना तुम्ही खूप काळजी घेणं गरजेचं आहे,डिजिटल पेमेंट करताना तुम्ही खूप काळजी घेण गरजेच आहे,डिजिटल पेमेंट करताना तुम्ही खूप काळजी घेणं गरजेचं आहे,डिजिटल पेमेंट करताना तुम्ही खूप काळजी घेण गरजेच आहे,3.77,22.22,3.77,22.22,0
IISc_RESPIN_mr_D4_71177_441304_M_BANK_721761_70677911,D4,Banking,3.24,कर मोजण्यासाठी कंपनीच्या उत्पन्नात काय मोजले जाते,कर मोजण्यासाठी कंपनीच्या उत्पन्नात काय मोजले जाते ?,कर मोजण्यासाठी कंपनीच्या उत्पन्नात काय मोजले जाते,कर मोजण्यासाठी कंपनीच्या उत्पन्नात काय मोजले जाते,0.0,0.0,4.08,14.29,1
IISc_RESPIN_mr_D4_71177_441304_M_BANK_720493_70678057,D4,Banking,2.93,बचत नेहमीच वास्तविक मूल्यात मोजली जाते,बचत नेहमी जास्त विक मूल्यात मोजली जाते,बचत नेहमीच वास्तविक मूल्यात मोजली जाते,बचत नेहमी जास्त विक मूल्यात मोजली जाते,7.89,50.0,7.89,50.0,0
IISc_RESPIN_mr_D4_71177_441304_M_AGRI_722781_70678069,D4,Agriculture,5.23,"लुफा करी बहुतेक उन्हाळ्यात बनविली जाते , मला लुफा करी आवडते",तुफा करी बहुतेक उन्हाळ्यात बनविली जाते मला पत लुका करी आवडते,लुफा करी बहुतेक उन्हाळ्यात बनविली जाते मला लुफा करी आवडते,तुफा करी बहुतेक उन्हाळ्यात बनविली जाते मला पत लुका करी आवडते,8.77,30.0,11.86,36.36,0
IISc_RESPIN_mr_D1_70837_416510_M_AGRI_707654_70678991,D1,Agriculture,5.53,थायलंड मलेशिया आणि इंडोनेशिया ह्ये तीन महत्वाचे रबर उत्पादक आसत,फायदा मधले सहा आणि दोन देशी हे तीन महत्त्वाचे रबर उत्पादक आसत,थायलंड मलेशिया आणि इंडोनेशिया ह्ये तीन महत्वाचे रबर उत्पादक आसत,फायदा मधले सहा आणि दोन देशी हे तीन महत्त्वाचे रबर उत्पादक आसत,31.75,70.0,31.75,70.0,0
IISc_RESPIN_mr_D1_70837_416510_M_BANK_706510_70678997,D1,Banking,7.2,"येकदा तुम्ही नेटबँकिंगसाठी नोंदणी केल्यानंतर , तुम्ही दोनशे पेक्षा जास्त व्यवहार करू शकतास",एकदा तुम्ही नेट बँकिंगसाठी नोंदणी केल्यानंतर तुम्ही दोनशे पेक्षा जास्त व्यवहार करू शकतात,येकदा तुम्ही नेटबँकिंगसाठी नोंदणी केल्यानंतर तुम्ही दोनशे पेक्षा जास्त व्यवहार करू शकतास,एकदा तुम्ही नेट बँकिंगसाठी नोंदणी केल्यानंतर तुम्ही दोनशे पेक्षा जास्त व्यवहार करू शकतात,4.55,33.33,6.67,38.46,0
IISc_RESPIN_mr_D1_70871_NA_M_AGRI_708105_70679124,D1,Agriculture,9.33,सांड बैल ह्यो लय शक्तिमान प्राणी आसा,सांड बैल ह्यो लय शक्ती मान प्राणी आसा,सांड बैल ह्यो लय शक्तिमान प्राणी आसा,सांड बैल ह्यो लय शक्ती मान प्राणी आसा,5.56,28.57,5.56,28.57,0
IISc_RESPIN_mr_D1_70871_NA_M_AGRI_708255_70679132,D1,Agriculture,14.33,कॉफीची बी पडल्यानंतर तेच्यावर अनेक प्रक्रिया करूचे लागतत,कॉफी की बी पडल्यानंतर त्याच्यावर अनेक प्रक्रिया करू चे लागतत,कॉफीची बी पडल्यानंतर तेच्यावर अनेक प्रक्रिया करूचे लागतत,कॉफी की बी पडल्यानंतर त्याच्यावर अनेक प्रक्रिया करू चे लागतत,10.71,62.5,10.71,62.5,0
IISc_RESPIN_mr_D1_70871_NA_M_BANK_706388_70679136,D1,Banking,23.91,अनेक राष्ट्रांनी पैशांची बचत करण्यासाठी ऑफिसचो समावेश असलेल्यो बँकिंग प्रणाली चालवली असत,अनेक रक्षा नी पैशांची बचत करण्यासाठी ऑफिस समावेश असलेलबँकिंग काली चालवली असत,अनेक राष्ट्रांनी पैशांची बचत करण्यासाठी ऑफिसचो समावेश असलेल्यो बँकिंग प्रणाली चालवली असत,अनेक रक्षा नी पैशांची बचत करण्यासाठी ऑफिस समावेश असलेलबँकिंग काली चालवली असत,18.18,50.0,18.18,50.0,0
IISc_RESPIN_mr_D1_70832_416522_M_AGRI_710766_70679942,D1,Agriculture,4.58,थायलंड मधे रवलेलो शेतकरी रबराचा उत्पादन करून आपलो उदरनिर्वाह चालवता,थायलंड मध्ये रवलेलो शेतकरी रबराचा उत्पादन करून आपलो उद्या निर्वाह चालवतात,थायलंड मधे रवलेलो शेतकरी रबराचा उत्पादन करून आपलो उदरनिर्वाह चालवता,थायलंड मध्ये रवलेलो शेतकरी रबराचा उत्पादन करून आपलो उद्या निर्वाह चालवतात,10.45,40.0,10.45,40.0,0
IISc_RESPIN_mr_D1_70832_416522_M_AGRI_708105_70679943,D1,Agriculture,2.57,सांड बैल ह्यो लय शक्तिमान प्राणी आसा,सांड बैल हो लय शक्य मान प्राणी आसा,सांड बैल ह्यो लय शक्तिमान प्राणी आसा,सांड बैल हो लय शक्य मान प्राणी आसा,11.11,42.86,11.11,42.86,0
IISc_RESPIN_mr_D1_70832_416522_M_AGRI_710113_70679952,D1,Agriculture,5.79,सुलतान व्हाईट सीडेड आणि बिहार यलो सीडेड या बीन्सच्या जाती आहेत,सुलतान वाईट सी बेड आणि बिहार येलो सडी या बीन जाती आहेत,सुलतान व्हाईट सीडेड आणि बिहार यलो सीडेड या बीन्सच्या जाती आहेत,सुलतान वाईट सी बेड आणि बिहार येलो सडी या बीन जाती आहेत,22.58,54.55,22.58,54.55,0
IISc_RESPIN_mr_D1_70832_416522_M_AGRI_708158_70679954,D1,Agriculture,3.74,बुरशी पासून झाडांका लय प्रकारचे तरास जातत,बुरशीपासून झाडां का लय प्रकारची तरास रातत,बुरशी पासून झाडांका लय प्रकारचे तरास जातत,बुरशीपासून झाडां का लय प्रकारची तरास रातत,9.76,71.43,9.76,71.43,0
IISc_RESPIN_mr_D4_71209_440001_F_BANK_723690_70680086,D4,Banking,4.23,आधार कार्डा संग मोबाईल जोडल्या वर मले के.वाय.सी चा मेसेज येईन का ?,आधार कार्ड संग मोबाईल जोडल्यावर मले के.वाय.सी मासे येईन का ?,आधार कार्डा संग मोबाईल जोडल्या वर मले के वाय सी चा मेसेज येईन का,आधार कार्ड संग मोबाईल जोडल्यावर मले के वाय सी मासे येईन का,10.94,35.71,10.61,38.46,0
IISc_RESPIN_mr_D4_71209_440001_F_AGRI_723250_70680122,D4,Agriculture,3.33,लाल मातीत पानी धरुन ठेवाची ताकद कशी रायते ?,लाल मातीत पाणी धरून ठेवायची ताकद कशी रायते ?,लाल मातीत पानी धरुन ठेवाची ताकद कशी रायते,लाल मातीत पाणी धरून ठेवायची ताकद कशी रायते,7.32,37.5,6.98,33.33,0
IISc_RESPIN_mr_D1_70837_416510_M_BANK_710836_70680386,D1,Banking,4.36,बँक खात्याचो तपशील यु.पी.आय बरोबर लिंक करा,बँक खात्याचो तपशी यू.पी.आय बरोबर लिंक करा,बँक खात्याचो तपशील यु पी आय बरोबर लिंक करा,बँक खात्याचो तपशी यू पी आय बरोबर लिंक करा,4.76,22.22,4.76,28.57,0
IISc_RESPIN_mr_D1_70837_416510_M_AGRI_708468_70680408,D1,Agriculture,4.77,मुलांच्या खोकल्याच्या औषधात सुद्दा मधाचो वापर केलो जाता,मुलांच्या कपड्याच्या औषधा सुद्धा मधाचो वापर केलो जाता,मुलांच्या खोकल्याच्या औषधात सुद्दा मधाचो वापर केलो जाता,मुलांच्या कपड्याच्या औषधा सुद्धा मधाचो वापर केलो जाता,10.91,37.5,10.91,37.5,0
IISc_RESPIN_mr_D1_70832_416522_M_BANK_712330_70680436,D1,Banking,2.45,सामाजिक क्षेत्रांत कसले कसले योजना आसत ?,सामाजिक क्षेत्रात कसले कसले योजना आसत ?,सामाजिक क्षेत्रांत कसले कसले योजना आसत,सामाजिक क्षेत्रात कसले कसले योजना आसत,2.63,16.67,2.5,14.29,0
IISc_RESPIN_mr_D1_70832_416522_M_BANK_712327_70680536,D1,Banking,2.47,वीम्याचे पैसे ऑनलाइन भरले तर ?,विम्याचे पैसे ऑनलाइन भरले तर,वीम्याचे पैसे ऑनलाइन भरले तर,विम्याचे पैसे ऑनलाइन भरले तर,3.57,20.0,10.0,33.33,0
IISc_RESPIN_mr_D1_70913_416601_M_AGRI_711703_70680699,D1,Agriculture,3.78,ऊसाच्या पिकाक खयच्या सिंचनाचो उपयोग करतत ?,ऊसाच्या पिकात खयच्या सिंचनाचा उपयोग करतत ?,ऊसाच्या पिकाक खयच्या सिंचनाचो उपयोग करतत,ऊसाच्या पिकात खयच्या सिंचनाचा उपयोग करतत,5.0,33.33,4.76,28.57,0
IISc_RESPIN_mr_D1_70913_416601_M_AGRI_711508_70680725,D1,Agriculture,3.38,पिकांका कीड लागा नको म्हणून काय करूचा ?,पिकांचा कीड लागा नको म्हणून काय करूचा ?,पिकांका कीड लागा नको म्हणून काय करूचा,पिकांचा कीड लागा नको म्हणून काय करूचा,2.7,14.29,2.56,12.5,0
IISc_RESPIN_mr_D1_70837_416510_M_AGRI_708785_70680874,D1,Agriculture,7.41,सागरीय शेतीत खाऊक आणि दागिने बनवूक जे जीव लागतत तेंका पाळतत,सागरी शेतीत खाऊ आणि दागिने बनवकचे जीव लागत त्येंका पाळत,सागरीय शेतीत खाऊक आणि दागिने बनवूक जे जीव लागतत तेंका पाळतत,सागरी शेतीत खाऊ आणि दागिने बनवकचे जीव लागत त्येंका पाळत,15.25,63.64,15.25,63.64,0
IISc_RESPIN_mr_D1_70913_416601_M_AGRI_711395_70680949,D1,Agriculture,2.68,लाल माती उपयोगाची असा काय ?,लाल माती उपयोगाचे आसा काय ?,लाल माती उपयोगाची असा काय,लाल माती उपयोगाचे आसा काय,8.0,40.0,7.41,33.33,0
IISc_RESPIN_mr_D4_71209_440001_F_AGRI_723167_70683181,D4,Agriculture,3.67,मले कमी खर्चामंदी संत्र्याची शेती कशी करता येईन ?,मले कमी खर्चामंदी संत्र्याची शेती कशी करता येईन ?,मले कमी खर्चामंदी संत्र्याची शेती कशी करता येईन,मले कमी खर्चामंदी संत्र्याची शेती कशी करता येईन,0.0,0.0,0.0,0.0,1
IISc_RESPIN_mr_D1_70871_NA_M_BANK_706402_70683560,D1,Banking,10.24,एकूण मालमत्तेनुसार मोजलव तर जगात अनेक बँका असत,एकूण मालमत्ते नुसार मोजलव तर जगात अनेक बँका असत,एकूण मालमत्तेनुसार मोजलव तर जगात अनेक बँका असत,एकूण मालमत्ते नुसार मोजलव तर जगात अनेक बँका असत,2.17,25.0,2.17,25.0,0
IISc_RESPIN_mr_D4_71209_440001_F_AGRI_723186_70683610,D4,Agriculture,3.61,मोसंबीले परकारं न पानी देनं ठीक हाये का ?,मोसंबीले परकार नं पानी देनं ठीक हाये का,मोसंबीले परकारं न पानी देनं ठीक हाये का,मोसंबीले परकार नं पानी देनं ठीक हाये का,5.13,25.0,9.76,33.33,0
IISc_RESPIN_mr_D4_71209_440001_F_BANK_719341_70683695,D4,Banking,5.64,मागणी कर्ज असे आहे की कर्जदाराला ते कोणत्याही वेळी परत करणे आवश्यक आहे,मागणी कर्ज असे आहे ही कर्जदाराला ते कोणत्याही वेळी परत करणे आवश्यक आहे,मागणी कर्ज असे आहे की कर्जदाराला ते कोणत्याही वेळी परत करणे आवश्यक आहे,मागणी कर्ज असे आहे ही कर्जदाराला ते कोणत्याही वेळी परत करणे आवश्यक आहे,1.43,7.69,1.43,7.69,0
IISc_RESPIN_mr_D4_71166_441105_F_BANK_719703_70684790,D4,Banking,6.46,"ऊस लागवडीत भरपूर फायदा होतो , गेल्या वर्षीपेक्षा जास्त फायदा झाला आहे",ऊस लागवडी भरपूर फायदा होतो गेल्या वर्षी पेक्षा जास्त फायदा झाला आहे,ऊस लागवडीत भरपूर फायदा होतो गेल्या वर्षीपेक्षा जास्त फायदा झाला आहे,ऊस लागवडी भरपूर फायदा होतो गेल्या वर्षी पेक्षा जास्त फायदा झाला आहे,2.99,27.27,5.8,33.33,0
IISc_RESPIN_mr_D1_70832_416522_M_AGRI_711616_70685061,D1,Agriculture,2.99,इलेक्ट्रॉनिक वजनकाट्यात माप मारुक येता काय ?,इलेक्ट्रॉनिक वजन काट्यात माप मारक येता काय ?,इलेक्ट्रॉनिक वजनकाट्यात माप मारुक येता काय,इलेक्ट्रॉनिक वजन काट्यात माप मारक येता काय,4.76,50.0,4.55,42.86,0
IISc_RESPIN_mr_D1_70832_416522_M_AGRI_711634_70685071,D1,Agriculture,3.03,सरकारकडून शेतीच्या कामाक कसली यंत्रा मिळतत ?,सरकारकडून शेतीच्या कामा कसली यंत्रा मिळत,सरकारकडून शेतीच्या कामाक कसली यंत्रा मिळतत,सरकारकडून शेतीच्या कामा कसली यंत्रा मिळत,4.76,33.33,9.09,42.86,0
IISc_RESPIN_mr_D4_71166_441105_F_BANK_720727_70685545,D4,Banking,5.76,मनी मार्केट ही एक अल्पकालीन भांडवल उभारणी पद्धत आहे,मनी मार्केट ही एक अल्पकालीन भांडवल उभारणी पद्धत आहे,मनी मार्केट ही एक अल्पकालीन भांडवल उभारणी पद्धत आहे,मनी मार्केट ही एक अल्पकालीन भांडवल उभारणी पद्धत आहे,0.0,0.0,0.0,0.0,1
IISc_RESPIN_mr_D4_71166_441105_F_BANK_719910_70685559,D4,Banking,8.15,जोखीम मुक्त दर निश्चित दर किंवा व्हेरिएबल व्याज दराच्या स्वरूपात असू शकतो,जोखीम मुक्त दर निश्चित दर किंवा हेरियबल व्याजदराच्या स्वरूपात असू शकतो,जोखीम मुक्त दर निश्चित दर किंवा व्हेरिएबल व्याज दराच्या स्वरूपात असू शकतो,जोखीम मुक्त दर निश्चित दर किंवा हेरियबल व्याजदराच्या स्वरूपात असू शकतो,5.48,25.0,5.48,25.0,0
IISc_RESPIN_mr_D4_71166_441105_F_BANK_720472_70685563,D4,Banking,5.33,कराच्या बदल्यात सरकार आपल्या लोकांना सुविधा पुरवते,कराच्या बदल्यात सरकार आपल्या लोकांना सुविधा पुरवते,कराच्या बदल्यात सरकार आपल्या लोकांना सुविधा पुरवते,कराच्या बदल्यात सरकार आपल्या लोकांना सुविधा पुरवते,0.0,0.0,0.0,0.0,1
IISc_RESPIN_mr_D1_70871_NA_M_BANK_707537_70686661,D1,Banking,16.39,जेव्हा एखादो माणूस बँकेत खाता उघडता तेव्हा त्येका पासबुक दिला जाता,जेव्हा एखाद माणूस बँकेत खाता उघडता तेव्हा त्याका पासबूक दिला जाता,जेव्हा एखादो माणूस बँकेत खाता उघडता तेव्हा त्येका पासबुक दिला जाता,जेव्हा एखाद माणूस बँकेत खाता उघडता तेव्हा त्याका पासबूक दिला जाता,4.55,27.27,4.55,27.27,0
IISc_RESPIN_mr_D1_70871_NA_M_BANK_710609_70686675,D1,Banking,7.92,करामधुन सरकार देशाचा निर्माण करता,करा मधून सरकार देशाचा निर्माण करता,करामधुन सरकार देशाचा निर्माण करता,करा मधून सरकार देशाचा निर्माण करता,6.06,40.0,6.06,40.0,0
IISc_RESPIN_mr_D1_70837_416510_M_BANK_712134_70687676,D1,Banking,2.92,माका घर बांधूचा हा माका कर्ज मिळात काय ?,माका घर बांधूचया माका कर्ज मिळात काय ?,माका घर बांधूचा हा माका कर्ज मिळात काय,माका घर बांधूचया माका कर्ज मिळात काय,7.89,25.0,7.5,22.22,0
IISc_RESPIN_mr_D1_70837_416510_M_BANK_711898_70687700,D1,Banking,2.23,योजनेचो कालावधी किती अस्तलो ?,योजनेचो कालावधी किती असतलो ?,योजनेचो कालावधी किती अस्तलो,योजनेचो कालावधी किती असतलो,3.7,25.0,3.45,20.0,0
IISc_RESPIN_mr_D1_70837_416510_M_AGRI_711318_70687702,D1,Agriculture,3.67,खताचो वापर केल्यार किती वेळांन परत वापर करुचो ?,खताचो वापर केल्या किती वेळात परत वापर करुचो ?,खताचो वापर केल्यार किती वेळांन परत वापर करुचो,खताचो वापर केल्या किती वेळात परत वापर करुचो,6.67,25.0,6.38,22.22,0
IISc_RESPIN_mr_D1_70871_NA_M_BANK_724934_70687723,D1,Banking,21.47,"एक चेक बुक विनंती पत्र तुमच्या बँकेक अधिकृत विनंती च्या स्वरूपात लिव्हचा लागता , असा त्यांनी सांगितल्यानी",एक चेक भूविकी पत्र तुमच्या बँकेत अधिकृत विनंती च्या स्वरूपात निवा लागता असा त्यांनी सांगितलेली,एक चेक बुक विनंती पत्र तुमच्या बँकेक अधिकृत विनंती च्या स्वरूपात लिव्हचा लागता असा त्यांनी सांगितल्यानी,एक चेक भूविकी पत्र तुमच्या बँकेत अधिकृत विनंती च्या स्वरूपात निवा लागता असा त्यांनी सांगितलेली,15.53,31.25,17.14,35.29,0
IISc_RESPIN_mr_D1_70871_NA_M_AGRI_709903_70687741,D1,Agriculture,21.36,"टोकदार दुधीभोपळो एका जाळीवर उगवतत , फळा पांढरी नाहीतर बिना काठाची हिरवी असतत",टोकदारदूधी भोपळा जाय उगवता पांढरी नायतर बिकटची हिरवी असतत,टोकदार दुधीभोपळो एका जाळीवर उगवतत फळा पांढरी नाहीतर बिना काठाची हिरवी असतत,टोकदारदूधी भोपळा जाय उगवता पांढरी नायतर बिकटची हिरवी असतत,31.08,75.0,32.89,76.92,0
IISc_RESPIN_mr_D1_70837_416510_M_BANK_712138_70688018,D1,Banking,2.46,शिकुक कर्ज किती टाईमाक मिळात ?,शिकुक कर्ज किती टायमाक मिळात ?,शिकुक कर्ज किती टाईमाक मिळात,शिकुक कर्ज किती टायमाक मिळात,3.57,20.0,3.33,16.67,0
IISc_RESPIN_mr_D1_70837_416510_M_AGRI_711175_70688025,D1,Agriculture,6.6,आकाशात आद्रता जाली तर पिकांवरती परिणाम जाता काय ?,आकाशात आंतर अगाली तर पिकांवर ती परिणाम जाता का,आकाशात आद्रता जाली तर पिकांवरती परिणाम जाता काय,आकाशात आंतर अगाली तर पिकांवर ती परिणाम जाता का,17.02,62.5,20.41,66.67,0
IISc_RESPIN_mr_D1_70837_416510_M_AGRI_711710_70688035,D1,Agriculture,5.67,धान्य आणि गोदामासाठी खयचा सापलो वापरतत ?,धान्य आणि गोदामासाठी खयचा सापलो वापरत ?,धान्य आणि गोदामासाठी खयचा सापलो वापरतत,धान्य आणि गोदामासाठी खयचा सापलो वापरत,2.63,16.67,2.5,14.29,0
IISc_RESPIN_mr_D1_70837_416510_M_AGRI_711170_70688318,D1,Agriculture,3.93,सिंचन पध्दतीत काजीच्या रोपाक कितक्या प्रमाणात पानी दीउचा ?,सिंचन पद्धतीत काहीच्या रूपात कितक्या प्रमाणात पाणी देवचा ?,सिंचन पध्दतीत काजीच्या रोपाक कितक्या प्रमाणात पानी दीउचा,सिंचन पद्धतीत काहीच्या रूपात कितक्या प्रमाणात पाणी देवचा,14.29,62.5,13.79,55.56,0
IISc_RESPIN_mr_D4_71209_440001_F_BANK_721140_70690881,D4,Banking,5.24,अटल पेन्शन योजना ही सरकारने सुरू केलेली सामाजिक सुरक्षा योजना आहे,अटल पेन्शन योजना ही सरकारने सुरू केलेली सामाजिक सुरक्षा योजना आहे,अटल पेन्शन योजना ही सरकारने सुरू केलेली सामाजिक सुरक्षा योजना आहे,अटल पेन्शन योजना ही सरकारने सुरू केलेली सामाजिक सुरक्षा योजना आहे,0.0,0.0,0.0,0.0,1
IISc_RESPIN_mr_D4_71209_440001_F_BANK_719876_70691454,D4,Banking,6.49,"मोबाइल बँकिंगवर जाऊन , आपण डेबिट कार्ड अक्षम करू शकता आणि सक्षम करू शकता",मोबाईल बँकिंग वर झोन आपण डेबिट कार्ड अक्षम करू शकता आणि सक्षम करू शकता,मोबाइल बँकिंगवर जाऊन आपण डेबिट कार्ड अक्षम करू शकता आणि सक्षम करू शकता,मोबाईल बँकिंग वर झोन आपण डेबिट कार्ड अक्षम करू शकता आणि सक्षम करू शकता,7.14,30.77,9.72,28.57,0
IISc_RESPIN_mr_D1_70871_NA_M_BANK_712300_70691827,D1,Banking,6.07,बचत खाता म्हणजे काय ?,बचत खाता म्हणजे काय ?,बचत खाता म्हणजे काय,बचत खाता म्हणजे काय,0.0,0.0,0.0,0.0,1
IISc_RESPIN_mr_D1_70871_NA_M_BANK_711982_70691892,D1,Banking,12.81,हया कर्ज घेऊच्या खाती कोसाइनर लागतलो का ?,हया कर्ज घेऊच्या खाती कसाई नर लागलो का,हया कर्ज घेऊच्या खाती कोसाइनर लागतलो का,हया कर्ज घेऊच्या खाती कसाई नर लागलो का,10.26,42.86,14.63,50.0,0
IISc_RESPIN_mr_D1_70871_NA_M_AGRI_711623_70691902,D1,Agriculture,10.29,थंडीच्या हवामानात खयची पिकां बरी वाढतत ?,थंडीच्या हवामानात खयची पिका बरी वाढत,थंडीच्या हवामानात खयची पिकां बरी वाढतत,थंडीच्या हवामानात खयची पिका बरी वाढत,5.26,33.33,10.0,42.86,0
IISc_RESPIN_mr_D1_70871_NA_M_AGRI_711549_70691922,D1,Agriculture,6.89,ऑनलाइन अवजारा कशी मागवूची ?,ऑनलाइन अवजारा कशी मागची,ऑनलाइन अवजारा कशी मागवूची,ऑनलाइन अवजारा कशी मागची,8.0,25.0,14.81,40.0,0
IISc_RESPIN_mr_D1_70871_NA_M_AGRI_711326_70692031,D1,Agriculture,15.33,सोयाबीनाच्या पिकाक कीड लागली तर कसली लक्षणा दिसतली ?,सोयाबीनच्या पिका कीड लागली तर कसली लक्षणा दिनी,सोयाबीनाच्या पिकाक कीड लागली तर कसली लक्षणा दिसतली,सोयाबीनच्या पिका कीड लागली तर कसली लक्षणा दिनी,10.0,37.5,13.46,44.44,0
IISc_RESPIN_mr_D1_70871_NA_M_AGRI_711175_70692249,D1,Agriculture,14.54,आकाशात आद्रता जाली तर पिकांवरती परिणाम जाता काय ?,आकाशात आर्द्रता जाली तर पिकांवर ती परिण जाता काय,आकाशात आद्रता जाली तर पिकांवरती परिणाम जाता काय,आकाशात आर्द्रता जाली तर पिकांवर ती परिण जाता काय,10.64,50.0,14.29,55.56,0
IISc_RESPIN_mr_D1_70871_NA_M_BANK_712018_70692283,D1,Banking,14.01,जीवन विमा योजनेची सुरवातीची मूलभूत फायदे काय आसत ?,जीवन विमा योजनेची सुरवातीची मुलभूत फायदे काय आसत ?,जीवन विमा योजनेची सुरवातीची मूलभूत फायदे काय आसत,जीवन विमा योजनेची सुरवातीची मुलभूत फायदे काय आसत,2.08,12.5,2.0,11.11,0
IISc_RESPIN_mr_D1_70871_NA_M_BANK_712327_70692536,D1,Banking,8.22,वीम्याचे पैसे ऑनलाइन भरले तर ?,विम्याचे पैसे ऑनलाईन भरले तर,वीम्याचे पैसे ऑनलाइन भरले तर,विम्याचे पैसे ऑनलाईन भरले तर,7.14,40.0,13.33,50.0,0
IISc_RESPIN_mr_D1_70871_NA_M_AGRI_711343_70692540,D1,Agriculture,13.14,धा किलोग्रॅम भात कितक्या मापाच्या जमनित पेरून होताला ?,धा किलोग्रॅम भात कित्या मापाच्या जमिनीत पेरून होतला,धा किलोग्रॅम भात कितक्या मापाच्या जमनित पेरून होताला,धा किलोग्रॅम भात कित्या मापाच्या जमिनीत पेरून होतला,7.69,37.5,11.11,44.44,0
IISc_RESPIN_mr_D1_72748_416510_F_AGRI_711343_70692634,D1,Agriculture,4.0,धा किलोग्रॅम भात कितक्या मापाच्या जमनित पेरून होताला ?,धा किलोग्रॅम भात कितक्या मापाच्या जमिनीत पेरू नव ताला,धा किलोग्रॅम भात कितक्या मापाच्या जमनित पेरून होताला,धा किलोग्रॅम भात कितक्या मापाच्या जमिनीत पेरू नव ताला,11.54,50.0,14.81,44.44,0
IISc_RESPIN_mr_D1_72748_416510_F_BANK_711877_70692636,D1,Banking,2.74,कर्ज कोनाकपण फेडूक मेलता काय ?,कर्ज कोणाक पण फेडूक मेलता काय ?,कर्ज कोनाकपण फेडूक मेलता काय,कर्ज कोणाक पण फेडूक मेलता काय,7.14,40.0,6.67,33.33,0
IISc_RESPIN_mr_D1_72748_416510_F_BANK_712138_70692662,D1,Banking,2.7,शिकुक कर्ज किती टाईमाक मिळात ?,शिकवू कर्ज किती काही मा मिळात,शिकुक कर्ज किती टाईमाक मिळात,शिकवू कर्ज किती काही मा मिळात,25.0,60.0,30.0,66.67,0
IISc_RESPIN_mr_D1_72748_416510_F_BANK_711804_70692803,D1,Banking,2.0,ऑनलाइन पैसे कसे धाडूचे ?,ऑनलाइन पैसे कसे धाडूचे ?,ऑनलाइन पैसे कसे धाडूचे,ऑनलाइन पैसे कसे धाडूचे,0.0,0.0,0.0,0.0,1
IISc_RESPIN_mr_D1_70942_416513_M_AGRI_708300_70693942,D1,Agriculture,4.69,टँकरात भरलल्या दुधाक पायपातसून सगळीकडे पोचयतत,बँक करात भरलेल्या दुधात पाय पासून सगळी कडे पोचत येतत,टँकरात भरलल्या दुधाक पायपातसून सगळीकडे पोचयतत,बँक करात भरलेल्या दुधात पाय पासून सगळी कडे पोचत येतत,24.44,166.67,24.44,166.67,0
IISc_RESPIN_mr_D1_70942_416513_M_BANK_707243_70695390,D1,Banking,7.45,जीवन प्रमाणपत्र मिळवूक पेन्शन घेतलेला व्यक्तीन एकतर सवता समोर सादर करणा आवश्यक हा,जीवन प्रमाणपत्र मेक पेन्शन घेतलेला व्यक्ती एकतर सौता समसादर करण आवश्यक हा,जीवन प्रमाणपत्र मिळवूक पेन्शन घेतलेला व्यक्तीन एकतर सवता समोर सादर करणा आवश्यक हा,जीवन प्रमाणपत्र मेक पेन्शन घेतलेला व्यक्ती एकतर सौता समसादर करण आवश्यक हा,12.35,46.15,12.35,46.15,0
IISc_RESPIN_mr_D1_70942_416513_M_AGRI_709578_70697157,D1,Agriculture,4.39,मर्सराइज्ड कॉटन प्रक्रियात धाग्यात चमक जोडली जाता,म्स राज कॉटन प्रक्रिया धाग्यां जमा जोडले जाता,मर्सराइज्ड कॉटन प्रक्रियात धाग्यात चमक जोडली जाता,म्स राज कॉटन प्रक्रिया धाग्यां जमा जोडले जाता,20.41,85.71,20.41,85.71,0
IISc_RESPIN_mr_D1_70942_416513_M_BANK_707537_70697159,D1,Banking,5.9,जेव्हा एखादो माणूस बँकेत खाता उघडता तेव्हा त्येका पासबुक दिला जाता,जेव्हा एका धो माणूस बँकेत खाता उघडता तेव्हा त्यांका पासबुक दिला जाता,जेव्हा एखादो माणूस बँकेत खाता उघडता तेव्हा त्येका पासबुक दिला जाता,जेव्हा एका धो माणूस बँकेत खाता उघडता तेव्हा त्यांका पासबुक दिला जाता,7.58,27.27,7.58,27.27,0
IISc_RESPIN_mr_D1_70942_416513_M_AGRI_710495_70697164,D1,Agriculture,4.71,हार्वेस्टरचो उपयोग कृषि उपकरणाच्या रुपात शेतीत करतत,आवास टरचो उपयोग कृषी उपकरणाच्या रूपात शेतीत करतत,हार्वेस्टरचो उपयोग कृषि उपकरणाच्या रुपात शेतीत करतत,आवास टरचो उपयोग कृषी उपकरणाच्या रूपात शेतीत करतत,15.69,57.14,15.69,57.14,0
IISc_RESPIN_mr_D1_70942_416513_M_AGRI_707889_70697169,D1,Agriculture,7.9,"माझ्या गावात पडवळाची लागवड केली जाता , पडवळाची लांबी अर्धा मीटरपेक्षा जास्त असता",माझ्या गावात पडवाळ्ाची लागवड केली जाता पडवाळाची लांबी अर्धा मीटर पेक्षा जास्त असता,माझ्या गावात पडवळाची लागवड केली जाता पडवळाची लांबी अर्धा मीटरपेक्षा जास्त असता,माझ्या गावात पडवाळ्ाची लागवड केली जाता पडवाळाची लांबी अर्धा मीटर पेक्षा जास्त असता,5.13,33.33,7.5,38.46,0
IISc_RESPIN_mr_D1_70813_416531_M_BANK_710609_70699292,D1,Banking,3.94,करामधुन सरकार देशाचा निर्माण करता,करांमधून सरकार देशाचा निर्माण करता,करामधुन सरकार देशाचा निर्माण करता,करांमधून सरकार देशाचा निर्माण करता,6.06,20.0,6.06,20.0,0
IISc_RESPIN_mr_D1_70813_416531_M_BANK_707590_70699321,D1,Banking,6.39,"तुका ठाऊक हा , भारतात जास्तकरून सामान्य स्टॉकची मोठी गुंतवणूक केली जाता",तुमका ठाऊक भारतातला जास्त करून सामान्य स्टॉक ची मोठी गुंतवणूक केली जाता,तुका ठाऊक हा भारतात जास्तकरून सामान्य स्टॉकची मोठी गुंतवणूक केली जाता,तुमका ठाऊक भारतातला जास्त करून सामान्य स्टॉक ची मोठी गुंतवणूक केली जाता,11.59,54.55,14.08,58.33,0
IISc_RESPIN_mr_D4_71130_440001_M_BANK_723963_70703133,D4,Banking,4.07,क्यू.आर कोडन मले पेट्रोल भरता येईन का ?,क्यू.आर कोड नं मले भेटेल भरता येईन का ?,क्यू आर कोडन मले पेट्रोल भरता येईन का,क्यू आर कोड नं मले भेटेल भरता येईन का,16.22,37.5,15.38,37.5,0
IISc_RESPIN_mr_D4_71130_440001_M_BANK_723836_70703137,D4,Banking,4.81,माह्या खात्यातून हर महिन्याले कर्जाचे कितीक पैसे कटन ?,माया खात्यातून हर महिन्याले कर्जाचे कितीक पैसे कट ?,माह्या खात्यातून हर महिन्याले कर्जाचे कितीक पैसे कटन,माया खात्यातून हर महिन्याले कर्जाचे कितीक पैसे कट,5.77,25.0,5.56,22.22,0
IISc_RESPIN_mr_D1_70813_416531_M_AGRI_708420_70705170,D1,Agriculture,8.23,बोकाड पिल्लाक जलाम दिवक चार ते सा म्हयन्यात तयार जाता,बोकड बिलला जला देवक चार ते सहा महिन्यात तयार जाता,बोकाड पिल्लाक जलाम दिवक चार ते सा म्हयन्यात तयार जाता,बोकड बिलला जला देवक चार ते सहा महिन्यात तयार जाता,16.98,60.0,16.98,60.0,0
IISc_RESPIN_mr_D1_70813_416531_M_BANK_706388_70705171,D1,Banking,7.39,अनेक राष्ट्रांनी पैशांची बचत करण्यासाठी ऑफिसचो समावेश असलेल्यो बँकिंग प्रणाली चालवली असत,अनेक राष्ट्र ने पैशांची बचत करण्यासाठी ऑफिस चो समावेश असलेल्या बँकिंग प्रणाली चालवली असत,अनेक राष्ट्रांनी पैशांची बचत करण्यासाठी ऑफिसचो समावेश असलेल्यो बँकिंग प्रणाली चालवली असत,अनेक राष्ट्र ने पैशांची बचत करण्यासाठी ऑफिस चो समावेश असलेल्या बँकिंग प्रणाली चालवली असत,5.68,41.67,5.68,41.67,0
IISc_RESPIN_mr_D1_70813_416531_M_BANK_708358_70705203,D1,Banking,7.37,"परताव्याचो दर , ज्यासाठी ह्या काम शून्य आसा तो परताव्याचो अंतर्गत दर आसा",परताव्याच दर त्यासाठी ह्या काम शुन्य असा तो परताव्याचो अंतर्गड दर आसा,परताव्याचो दर ज्यासाठी ह्या काम शून्य आसा तो परताव्याचो अंतर्गत दर आसा,परताव्याच दर त्यासाठी ह्या काम शुन्य असा तो परताव्याचो अंतर्गड दर आसा,7.14,41.67,9.72,46.15,0
IISc_RESPIN_mr_D1_70813_416531_M_AGRI_708535_70705213,D1,Agriculture,3.57,सगळ्या प्रकारच्या मातयेचो कस सारखो नसता,सगळ्या प्रकारच्या मातीयेचो कस सार कोण नसता,सगळ्या प्रकारच्या मातयेचो कस सारखो नसता,सगळ्या प्रकारच्या मातीयेचो कस सार कोण नसता,10.26,50.0,10.26,50.0,0
IISc_RESPIN_mr_D1_70813_416531_M_AGRI_710366_70705405,D1,Agriculture,4.72,भारतात आठशे सत्तर प्रकारचे गोड्या पाण्यातले माशे आढळतत,भारतात आशे सत्तर प्रकारचे कुठे पाण्याचे मासे आढळतत,भारतात आठशे सत्तर प्रकारचे गोड्या पाण्यातले माशे आढळतत,भारतात आशे सत्तर प्रकारचे कुठे पाण्याचे मासे आढळतत,18.52,50.0,18.52,50.0,0
IISc_RESPIN_mr_D1_70813_416531_M_BANK_707680_70705421,D1,Banking,2.53,धान्याचे भावही वाढत आसा,धान्याचे भाव वाढत आसा,धान्याचे भावही वाढत आसा,धान्याचे भाव वाढत आसा,8.7,25.0,8.7,25.0,0
IISc_RESPIN_mr_D1_70813_416531_M_BANK_708546_70705423,D1,Banking,4.31,सरकारी शाळेत सरकार दर म्हायन्याक मुलांच्या खात्यार पैशे पाठयता,सरकारी ही सरकार दर महिन्यात मुलांच्या खात्यावर पैसे पाठवता,सरकारी शाळेत सरकार दर म्हायन्याक मुलांच्या खात्यार पैशे पाठयता,सरकारी ही सरकार दर महिन्यात मुलांच्या खात्यावर पैसे पाठवता,19.35,55.56,19.35,55.56,0
IISc_RESPIN_mr_D1_70813_416531_M_BANK_710174_70705432,D1,Banking,7.17,एका आर्थिक वर्षात शंभर दिवस मजुरीचो रोजगार देउन ग्रामीण भागात उपजीविकेची सुरक्षा वाढवुची असा,एका आर्थिक वर्षा संपत्ती वध मजुरी जर रोजगार येऊन ग्रामीण भागात उपजीविकेची सुरक्षा वाढवची असा,एका आर्थिक वर्षात शंभर दिवस मजुरीचो रोजगार देउन ग्रामीण भागात उपजीविकेची सुरक्षा वाढवुची असा,एका आर्थिक वर्षा संपत्ती वध मजुरी जर रोजगार येऊन ग्रामीण भागात उपजीविकेची सुरक्षा वाढवची असा,16.3,50.0,16.3,50.0,0
IISc_RESPIN_mr_D4_71209_440001_F_BANK_722063_70708909,D4,Banking,3.09,स्टेट बँक ऑफ इंडिया ही सार्वजनिक बँक आहे,थेट बँक ऑफ इंडिया ही सार्वजनिक बँक आहे,स्टेट बँक ऑफ इंडिया ही सार्वजनिक बँक आहे,थेट बँक ऑफ इंडिया ही सार्वजनिक बँक आहे,7.5,12.5,7.5,12.5,0
IISc_RESPIN_mr_D4_71209_440001_F_BANK_722308_70708912,D4,Banking,4.55,पसंतीचे समभाग सामान्य समभागांपेक्षा वरिष्ठ असतात,पसंतीचे समभाग सामान्य समभाग आणि पेक्षा वरिष्ठ असतात,पसंतीचे समभाग सामान्य समभागांपेक्षा वरिष्ठ असतात,पसंतीचे समभाग सामान्य समभाग आणि पेक्षा वरिष्ठ असतात,10.42,50.0,10.42,50.0,0
IISc_RESPIN_mr_D4_71209_440001_F_BANK_719768_70708923,D4,Banking,4.41,हॉटलिस्ट केलेला डेबिट कार्ड आपल्याला साम्भाडून ठेवायला पाहिजे,हॉट लेस केलेला डेबिट कार्ड आपल्याला सांभाळून ठेवायला पाहिजे,हॉटलिस्ट केलेला डेबिट कार्ड आपल्याला साम्भाडून ठेवायला पाहिजे,हॉट लेस केलेला डेबिट कार्ड आपल्याला सांभाळून ठेवायला पाहिजे,11.48,37.5,11.48,37.5,0
IISc_RESPIN_mr_D4_71315_440001_F_AGRI_723293_70712866,D4,Agriculture,2.55,सकाळी धुकं कायनं होतं ?,सकाळी धोका कायदा होतो,सकाळी धुकं कायनं होतं,सकाळी धोका कायदा होतो,23.81,75.0,30.43,80.0,0
IISc_RESPIN_mr_D4_71315_440001_F_BANK_724266_70712872,D4,Banking,3.07,कर्ज काढासाठी कोंते कागद लागन ?,कर्ज काढा साठी कोंते कागद लागन ?,कर्ज काढासाठी कोंते कागद लागन,कर्ज काढा साठी कोंते कागद लागन,3.45,40.0,3.23,33.33,0
IISc_RESPIN_mr_D4_71315_440001_F_BANK_723626_70712892,D4,Banking,3.27,पैसे गुंतवन्यासाठी कोनचे कागद लागन ?,पैसे गुंतवण्यासाठी कोनते कागद लागन ?,पैसे गुंतवन्यासाठी कोनचे कागद लागन,पैसे गुंतवण्यासाठी कोनते कागद लागन,5.88,40.0,5.56,33.33,0
IISc_RESPIN_mr_D4_71315_440001_F_BANK_723630_70712894,D4,Banking,3.52,गॅसचं बिल मले युटिलिटीन भरता येईन का ?,गॅस्त बिल मले युटिलिटी भरता येईन का ?,गॅसचं बिल मले युटिलिटीन भरता येईन का,गॅस्त बिल मले युटिलिटी भरता येईन का,8.33,28.57,7.89,25.0,0
IISc_RESPIN_mr_D4_71315_440001_F_AGRI_723532_70712946,D4,Agriculture,2.72,मोसंबीचे झाड पिवळे काऊन पडते ?,मोसंबीचे झाड पिवळे काऊन पडते ?,मोसंबीचे झाड पिवळे काऊन पडते,मोसंबीचे झाड पिवळे काऊन पडते,0.0,0.0,0.0,0.0,1
IISc_RESPIN_mr_D4_71177_441304_M_BANK_722296_70716035,D4,Banking,5.95,शहरी गरिबी दूर करण्यासाठी राष्ट्रीय ग्रामीण उपजीविका अभियान योजना प्रभावी ठरेल,शहरी गरीबी दूर करण्यासाठी राष्ट्रीय ग्रामीण उपजीविका अभियान योजना प्रभावी ठरेल,शहरी गरिबी दूर करण्यासाठी राष्ट्रीय ग्रामीण उपजीविका अभियान योजना प्रभावी ठरेल,शहरी गरीबी दूर करण्यासाठी राष्ट्रीय ग्रामीण उपजीविका अभियान योजना प्रभावी ठरेल,1.28,9.09,1.28,9.09,0
IISc_RESPIN_mr_D4_71177_441304_M_AGRI_720544_70716039,D4,Agriculture,4.05,खत सुरक्षा लागू केल्याने अनेक मुलांच्या विकासात अडथळा येणार नाही,खत सुरक्षा लागू केल्याने अनेक फुलांच्या विकासात अडत थोडा येणार नाही,खत सुरक्षा लागू केल्याने अनेक मुलांच्या विकासात अडथळा येणार नाही,खत सुरक्षा लागू केल्याने अनेक फुलांच्या विकासात अडत थोडा येणार नाही,7.81,30.0,7.81,30.0,0
IISc_RESPIN_mr_D4_71177_441304_M_BANK_722050_70716069,D4,Banking,5.27,पाळीव प्राण्यांसाठी आजीवन आणि आजीवन अशा दोन प्रकारच्या विमा पॉलिसी आहेत,पाळू करण्यासाठी आजी वन आणि आजी वन असा दोन प्रकारचा विमा पॅलिसी आहेत,पाळीव प्राण्यांसाठी आजीवन आणि आजीवन अशा दोन प्रकारच्या विमा पॉलिसी आहेत,पाळू करण्यासाठी आजी वन आणि आजी वन असा दोन प्रकारचा विमा पॅलिसी आहेत,16.9,81.82,16.9,81.82,0
IISc_RESPIN_mr_D1_70942_416513_M_BANK_712118_70716529,D1,Banking,4.65,माका माझा खाता घरी बसान ऑनलाइन वापरूचा हा ता कसा करूचा ?,माका माझा खाता घरी बसान ऑनलाइन वापरूचा ता कसा करूचा ?,माका माझा खाता घरी बसान ऑनलाइन वापरूचा हा ता कसा करूचा,माका माझा खाता घरी बसान ऑनलाइन वापरूचा ता कसा करूचा,5.56,9.09,5.36,8.33,0
IISc_RESPIN_mr_D1_70942_416513_M_BANK_712134_70717323,D1,Banking,3.62,माका घर बांधूचा हा माका कर्ज मिळात काय ?,माका घर बांदूचा हा माका कर्ज मिळात काय ?,माका घर बांधूचा हा माका कर्ज मिळात काय,माका घर बांदूचा हा माका कर्ज मिळात काय,2.63,12.5,2.5,11.11,0
IISc_RESPIN_mr_D1_70942_416513_M_BANK_711804_70718548,D1,Banking,2.62,ऑनलाइन पैसे कसे धाडूचे ?,ऑनलाइन पैसे कसे काडूचे?,ऑनलाइन पैसे कसे धाडूचे,ऑनलाइन पैसे कसे काडूचे,4.55,25.0,8.33,40.0,0
IISc_RESPIN_mr_D1_70942_416513_M_AGRI_711764_70718564,D1,Agriculture,2.8,एक डझन अंड्यांचो दर काय आसा ?,एक वजन अंड्याची दार काय असा ?,एक डझन अंड्यांचो दर काय आसा,एक वजन अंड्याची दार काय असा,22.22,66.67,20.69,57.14,0
IISc_RESPIN_mr_D4_71130_440001_M_BANK_723845_70719439,D4,Banking,4.57,बचत खात खोला साठी आधार कार्ड लागनच का ?,बचत खात खोला साठी आधार कार्डा लागनच का ?,बचत खात खोला साठी आधार कार्ड लागनच का,बचत खात खोला साठी आधार कार्डा लागनच का,2.7,12.5,2.56,11.11,0
IISc_RESPIN_mr_D1_70942_416513_M_AGRI_711549_70720140,D1,Agriculture,2.97,ऑनलाइन अवजारा कशी मागवूची ?,ऑनलाइन अवजारा कशी मागची ?,ऑनलाइन अवजारा कशी मागवूची,ऑनलाइन अवजारा कशी मागची,8.0,25.0,7.41,20.0,0
IISc_RESPIN_mr_D1_70942_416513_M_AGRI_711131_70720165,D1,Agriculture,4.39,सिंचनाचे आधुनिक पद्धती कसले आनी कशे वापराचे ?,सिंचनाचे आधुनिक पद्धती कसले आणि कशे वापराचे ?,सिंचनाचे आधुनिक पद्धती कसले आनी कशे वापराचे,सिंचनाचे आधुनिक पद्धती कसले आणि कशे वापराचे,4.65,14.29,4.44,12.5,0
IISc_RESPIN_mr_D1_71297_416513_M_BANK_706555_70720501,D1,Banking,7.43,स्थिर मालमत्ता फ्रीहोल्ड मालमत्ता आणि लीजहोल्ड मालमत्ता ह्या दोन प्रकारांपैकी येक असा,स्थिर मालमत्ता क्रियल मालमत्ता आणि डिजहोळ मालमत्ता ह्या दोन प्रकारांपै की एक असा,स्थिर मालमत्ता फ्रीहोल्ड मालमत्ता आणि लीजहोल्ड मालमत्ता ह्या दोन प्रकारांपैकी येक असा,स्थिर मालमत्ता क्रियल मालमत्ता आणि डिजहोळ मालमत्ता ह्या दोन प्रकारांपै की एक असा,16.47,41.67,16.47,41.67,0
IISc_RESPIN_mr_D1_70942_416513_M_AGRI_711632_70721248,D1,Agriculture,4.06,काढणीसाठी यंत्र वापरला तर काय फायदो होता ?,काढणीसाठी यंत्र वापरला तर काय फायदो होता ?,काढणीसाठी यंत्र वापरला तर काय फायदो होता,काढणीसाठी यंत्र वापरला तर काय फायदो होता,0.0,0.0,0.0,0.0,1
IISc_RESPIN_mr_D4_71130_440001_M_BANK_724093_70722808,D4,Banking,4.71,विमानाच तिकिट मले ऑनलाईन काढता येईन का ?,मालाचे तिकीट मले ऑनलाईन काढता येईन का ?,विमानाच तिकिट मले ऑनलाईन काढता येईन का,मालाचे तिकीट मले ऑनलाईन काढता येईन का,13.16,28.57,12.5,25.0,0
IISc_RESPIN_mr_D1_71297_416513_M_BANK_710110_70726529,D1,Banking,6.26,सिक्युरिटीज ट्रेडिंग एखाद्या घटकाला नफ्यासाठी अल्पावधीत विक्री करण्याचा मानस आहे,सिक्युरिटीज ट्रेडिंग एखाद्या घट काला नफ्यासाठी अल्पावधीत विक्री करण्याचा मानस आहे,सिक्युरिटीज ट्रेडिंग एखाद्या घटकाला नफ्यासाठी अल्पावधीत विक्री करण्याचा मानस आहे,सिक्युरिटीज ट्रेडिंग एखाद्या घट काला नफ्यासाठी अल्पावधीत विक्री करण्याचा मानस आहे,1.25,20.0,1.25,20.0,0
IISc_RESPIN_mr_D2_71035_422008_F_AGRI_714907_70736963,D2,Agriculture,4.41,केळीच्या झाडाच्या खोडाच्या आत केळीचे फूल असते,केळीच्या झाडाच्या खोडाच्या आत तेचे फूल असते,केळीच्या झाडाच्या खोडाच्या आत केळीचे फूल असते,केळीच्या झाडाच्या खोडाच्या आत तेचे फूल असते,6.67,14.29,6.67,14.29,0
IISc_RESPIN_mr_D2_71035_422008_F_AGRI_716029_70736999,D2,Agriculture,5.73,मेंढ्या पाळणे हा जगातल्या सगळ्यात जुन्या व्यवसायामधलं एक काम आहे,मेंढ्या पाळणे हा जगातल्या सगळ्यात जुन्या व्यवसाया मधला एक काम आहे,मेंढ्या पाळणे हा जगातल्या सगळ्यात जुन्या व्यवसायामधलं एक काम आहे,मेंढ्या पाळणे हा जगातल्या सगळ्यात जुन्या व्यवसाया मधला एक काम आहे,3.12,20.0,3.12,20.0,0
IISc_RESPIN_mr_D1_71297_416513_M_AGRI_709132_70737573,D1,Agriculture,4.5,इसवी सन पुर्व तिसऱ्या शतकात कपडा बनवूक जूट वापरत हुते,इसवीसन पूर्व तिसर्या शतकात कपडा बनवक्स जूट वापरत होते,इसवी सन पुर्व तिसऱ्या शतकात कपडा बनवूक जूट वापरत हुते,इसवीसन पूर्व तिसर्या शतकात कपडा बनवक्स जूट वापरत होते,13.21,60.0,13.21,60.0,0
IISc_RESPIN_mr_D1_71297_416513_M_BANK_710159_70737594,D1,Banking,4.48,आवडीचो शेयराक प्राधान्य दिला तर लाभांशामध्ये फायदो देता,आवडीचो शेअराक प्राधान्य दिला तर लाभांशा मध्ये फायदो देता,आवडीचो शेयराक प्राधान्य दिला तर लाभांशामध्ये फायदो देता,आवडीचो शेअराक प्राधान्य दिला तर लाभांशा मध्ये फायदो देता,3.64,37.5,3.64,37.5,0
IISc_RESPIN_mr_D1_70813_416531_M_AGRI_711634_70738787,D1,Agriculture,3.4,सरकारकडून शेतीच्या कामाक कसली यंत्रा मिळतत ?,सरकारकडून शेतीच्या कामाक कसली यंत्रा मिळत ?,सरकारकडून शेतीच्या कामाक कसली यंत्रा मिळतत,सरकारकडून शेतीच्या कामाक कसली यंत्रा मिळत,2.38,16.67,2.27,14.29,0
IISc_RESPIN_mr_D1_70813_416531_M_BANK_712208_70738792,D1,Banking,3.13,रिचार्जचो प्लॅन कसो बगायचा ?,रिचार्जचो फलाइन कसो बगायचा ?,रिचार्जचो प्लॅन कसो बगायचा,रिचार्जचो फलाइन कसो बगायचा,15.38,25.0,14.29,20.0,0
IISc_RESPIN_mr_D1_71297_416513_M_BANK_706708_70738928,D1,Banking,3.99,सिक्युरिटीज प्रमाणपत्राद्वारा दर्शवली जाऊ शकता,सिक्युरिटीज प्रमाणपत्र द्वारा दर शेवली जाऊ शकता,सिक्युरिटीज प्रमाणपत्राद्वारा दर्शवली जाऊ शकता,सिक्युरिटीज प्रमाणपत्र द्वारा दर शेवली जाऊ शकता,6.52,80.0,6.52,80.0,0
IISc_RESPIN_mr_D1_71297_416513_M_BANK_706604_70740096,D1,Banking,5.42,मागणी कर्जात सामान्यता परतफेडीकरता निश्चित तारखो नसतत,मागणी कर्जा चा मान्यता परतफेडी करता निश्चित तार खून असतत,मागणी कर्जात सामान्यता परतफेडीकरता निश्चित तारखो नसतत,मागणी कर्जा चा मान्यता परतफेडी करता निश्चित तार खून असतत,15.09,114.29,15.09,114.29,0
IISc_RESPIN_mr_D1_71297_416513_M_AGRI_708468_70740971,D1,Agriculture,4.17,मुलांच्या खोकल्याच्या औषधात सुद्दा मधाचो वापर केलो जाता,मुलांच्या कपड्याच्या औषधा सुद्धा मधाचो वापर केलो जाता,मुलांच्या खोकल्याच्या औषधात सुद्दा मधाचो वापर केलो जाता,मुलांच्या कपड्याच्या औषधा सुद्धा मधाचो वापर केलो जाता,10.91,37.5,10.91,37.5,0
IISc_RESPIN_mr_D4_71315_440001_F_AGRI_723513_70742936,D4,Agriculture,3.13,सेंद्रीय शेतीतलं पीक चांगल्या दर्जाचं रायते का ?,सेंद्रिय शेतीत पीक चागल्या दर्जाचं रायते का ?,सेंद्रीय शेतीतलं पीक चांगल्या दर्जाचं रायते का,सेंद्रिय शेतीत पीक चागल्या दर्जाचं रायते का,8.7,42.86,8.33,37.5,0
IISc_RESPIN_mr_D1_70813_416531_M_BANK_712118_70743519,D1,Banking,5.46,माका माझा खाता घरी बसान ऑनलाइन वापरूचा हा ता कसा करूचा ?,माका माझा खाता घरी बसान ऑनलाइन वापरूचा हा ता कसा करूचा ?,माका माझा खाता घरी बसान ऑनलाइन वापरूचा हा ता कसा करूचा,माका माझा खाता घरी बसान ऑनलाइन वापरूचा हा ता कसा करूचा,0.0,0.0,0.0,0.0,1
IISc_RESPIN_mr_D1_70813_416531_M_AGRI_711616_70743550,D1,Agriculture,3.97,इलेक्ट्रॉनिक वजनकाट्यात माप मारुक येता काय ?,लिक्ट्रॉनिक वजन काट्या माप मारुक येता काय ?,इलेक्ट्रॉनिक वजनकाट्यात माप मारुक येता काय,लिक्ट्रॉनिक वजन काट्या माप मारुक येता काय,9.52,50.0,9.09,42.86,0
IISc_RESPIN_mr_D1_70813_416531_M_AGRI_711375_70743552,D1,Agriculture,3.0,खरीप पिकाची कापणी खयच्या महिन्यात करतत ?,खरीप पिकाची कापणी खयच्या महिन्यात करतत ?,खरीप पिकाची कापणी खयच्या महिन्यात करतत,खरीप पिकाची कापणी खयच्या महिन्यात करतत,0.0,0.0,0.0,0.0,1
IISc_RESPIN_mr_D4_71130_440001_M_BANK_719768_70743613,D4,Banking,8.46,हॉटलिस्ट केलेला डेबिट कार्ड आपल्याला साम्भाडून ठेवायला पाहिजे,हॉट लिस्ट केलेला डेबिट कार्ड आपल्याला सांबार डोक ठेवायला पाहिजे,हॉटलिस्ट केलेला डेबिट कार्ड आपल्याला साम्भाडून ठेवायला पाहिजे,हॉट लिस्ट केलेला डेबिट कार्ड आपल्याला सांबार डोक ठेवायला पाहिजे,13.11,50.0,13.11,50.0,0
IISc_RESPIN_mr_D1_70813_416531_M_BANK_711877_70744649,D1,Banking,2.37,कर्ज कोनाकपण फेडूक मेलता काय ?,कर्ज कोण पण फेडू मेलता काय ?,कर्ज कोनाकपण फेडूक मेलता काय,कर्ज कोण पण फेडू मेलता काय,14.29,60.0,13.33,50.0,0
IISc_RESPIN_mr_D1_70813_416531_M_BANK_712006_70744654,D1,Banking,4.71,मी ऑनलाइन किंवा ऑफलाइन मोबाईलातसून गुंतवणूक करूक शकतय काय ?,मी ऑनलाइन किंवा ऑफलाईन मोबाईला सून गुंतवणूक करू शकतय काय ?,मी ऑनलाइन किंवा ऑफलाइन मोबाईलातसून गुंतवणूक करूक शकतय काय,मी ऑनलाइन किंवा ऑफलाईन मोबाईला सून गुंतवणूक करू शकतय काय,5.26,44.44,5.08,40.0,0
IISc_RESPIN_mr_D4_71315_440001_F_AGRI_723131_70744913,D4,Agriculture,5.18,दुभत्या जनावराच्या खरेदीसाठी अर्ज कराचा असन त कुठ कराव ?,दुभत्या जनावरांच्या खरेदीसाठी अर्ज कराचा असन तं कुठ करावा ?,दुभत्या जनावराच्या खरेदीसाठी अर्ज कराचा असन त कुठ कराव,दुभत्या जनावरांच्या खरेदीसाठी अर्ज कराचा असन तं कुठ करावा,5.56,33.33,5.36,30.0,0
IISc_RESPIN_mr_D4_71315_440001_F_AGRI_723356_70744934,D4,Agriculture,3.27,पराटीवरच्या बोंडअळीसाठी का करा लागन ?,पराटीवरच्या बोंडअळी साठी का करा लागन ?,पराटीवरच्या बोंडअळीसाठी का करा लागन,पराटीवरच्या बोंडअळी साठी का करा लागन,2.86,40.0,2.7,33.33,0
IISc_RESPIN_mr_D4_71130_440001_M_BANK_721751_70745063,D4,Banking,6.89,लेनदाराला पैसे किंवा इतर मान्य मूल्य द्यावे लागते,लेन दराला पैसे किंवा इतर मान्य मूल्य द्यावी लागते,लेनदाराला पैसे किंवा इतर मान्य मूल्य द्यावे लागते,लेन दराला पैसे किंवा इतर मान्य मूल्य द्यावी लागते,6.12,37.5,6.12,37.5,0
IISc_RESPIN_mr_D4_71130_440001_M_AGRI_719737_70745085,D4,Agriculture,5.66,आमच्या गावच्या बाजारात हिरवळीचे खत सहज उपलब्ध आहे,आमच्या गावच्या बाजारात हिरवळीचे खत सह उपलब्ध आहे,आमच्या गावच्या बाजारात हिरवळीचे खत सहज उपलब्ध आहे,आमच्या गावच्या बाजारात हिरवळीचे खत सह उपलब्ध आहे,2.04,12.5,2.04,12.5,0
IISc_RESPIN_mr_D4_71130_440001_M_AGRI_720563_70745087,D4,Agriculture,4.57,समुद्र किनारी मोत्यांचे दुकान आढळते,समुद्र किनारी मोत्यांची दुकान आढळते,समुद्र किनारी मोत्यांचे दुकान आढळते,समुद्र किनारी मोत्यांची दुकान आढळते,2.86,20.0,2.86,20.0,0
IISc_RESPIN_mr_D4_71130_440001_M_AGRI_720944_70745093,D4,Agriculture,6.88,शेतकरी विशिष्ट कृषी उत्पादनाचे मान्य प्रमाण प्रदान करण्यास सहमत आहे,शेतकरी विशिष्ट कृषी उत्पादनाचे मान्य प्रमाण प्रदान करण्यास संमत आहे,शेतकरी विशिष्ट कृषी उत्पादनाचे मान्य प्रमाण प्रदान करण्यास सहमत आहे,शेतकरी विशिष्ट कृषी उत्पादनाचे मान्य प्रमाण प्रदान करण्यास संमत आहे,1.49,10.0,1.49,10.0,0
IISc_RESPIN_mr_D4_71315_440001_F_BANK_724084_70745496,D4,Banking,3.75,मले दोन लाख रुपये फिक्समंधी कसे टाकता येईन ?,मले दोन लाख रुपये पेक्समंदी कसे टाकता येईन ?,मले दोन लाख रुपये फिक्समंधी कसे टाकता येईन,मले दोन लाख रुपये पेक्समंदी कसे टाकता येईन,7.14,12.5,6.82,11.11,0
IISc_RESPIN_mr_D4_71315_440001_F_BANK_724005_70745847,D4,Banking,2.84,के.वाय.सी करासाठी कोंते कागद लागन ?,के.वाय.सी करासाठी कोंते कागद लागन ?,के वाय सी करासाठी कोंते कागद लागन,के वाय सी करासाठी कोंते कागद लागन,0.0,0.0,0.0,0.0,1
IISc_RESPIN_mr_D4_71130_440001_M_AGRI_719006_70746007,D4,Agriculture,6.97,पिकाची काळजीपूर्वक हाताळणी केल्याने साठवणुकीत होणारे नुकसान कमी होते,पिकाची काळजी पूर्व खातानी केल्याने साठवणुकीत होणारी नुकसान कमी होते,पिकाची काळजीपूर्वक हाताळणी केल्याने साठवणुकीत होणारे नुकसान कमी होते,पिकाची काळजी पूर्व खातानी केल्याने साठवणुकीत होणारी नुकसान कमी होते,8.82,44.44,8.82,44.44,0
IISc_RESPIN_mr_D4_71130_440001_M_AGRI_718802_70746025,D4,Agriculture,5.59,एम.एस स्वामिनाथन यांनी भारतात हरित क्रांतिचा आधार मांडला,एम.एस सॉमि ना धन यामी भारतात हरित क्रांतीचा आधार मानला,एम एस स्वामिनाथन यांनी भारतात हरित क्रांतिचा आधार मांडला,एम एस सॉमि ना धन यामी भारतात हरित क्रांतीचा आधार मानला,19.64,66.67,19.64,75.0,0
IISc_RESPIN_mr_D4_71315_440001_F_AGRI_722513_70746128,D4,Agriculture,5.35,विल्टिंग म्हणजे वनस्पतीं च्या काष्ठ नसलेल्या भागांच्या कठीणपणाचे नुकसान होय,बिल्डींग म्हणजे वनस्पतीच्या काट नसलेल्या भागांच्या कठीण पणाचे नुकसान होई,विल्टिंग म्हणजे वनस्पतीं च्या काष्ठ नसलेल्या भागांच्या कठीणपणाचे नुकसान होय,बिल्डींग म्हणजे वनस्पतीच्या काट नसलेल्या भागांच्या कठीण पणाचे नुकसान होई,13.33,70.0,13.33,70.0,0
IISc_RESPIN_mr_D4_71315_440001_F_BANK_721385_70746139,D4,Banking,4.15,डिजिटल पेमेंट करताना तुम्ही खूप काळजी घेणं गरजेचं आहे,डिजिटल पेमेंट करताना तुम्ही खूप काळजी घेणा गरजेचा आहे,डिजिटल पेमेंट करताना तुम्ही खूप काळजी घेणं गरजेचं आहे,डिजिटल पेमेंट करताना तुम्ही खूप काळजी घेणा गरजेचा आहे,3.77,22.22,3.77,22.22,0
IISc_RESPIN_mr_D4_71315_440001_F_BANK_719876_70746151,D4,Banking,6.34,"मोबाइल बँकिंगवर जाऊन , आपण डेबिट कार्ड अक्षम करू शकता आणि सक्षम करू शकता",मोबाईल बँकिंग वर जाऊन आपण डेबिट कार्ड अक्षम करू शकता आणि सक्षम करू शकतात,मोबाइल बँकिंगवर जाऊन आपण डेबिट कार्ड अक्षम करू शकता आणि सक्षम करू शकता,मोबाईल बँकिंग वर जाऊन आपण डेबिट कार्ड अक्षम करू शकता आणि सक्षम करू शकतात,4.29,30.77,6.94,35.71,0
IISc_RESPIN_mr_D1_70813_416531_M_BANK_712138_70747582,D1,Banking,3.48,शिकुक कर्ज किती टाईमाक मिळात ?,शिगुक कर्ज किती टायमाक मिळता ?,शिकुक कर्ज किती टाईमाक मिळात,शिगुक कर्ज किती टायमाक मिळता,14.29,60.0,13.33,50.0,0
IISc_RESPIN_mr_D1_71297_416513_M_BANK_712300_70751463,D1,Banking,1.78,बचत खाता म्हणजे काय ?,बचत खाता म्हणजे काय ?,बचत खाता म्हणजे काय,बचत खाता म्हणजे काय,0.0,0.0,0.0,0.0,1
IISc_RESPIN_mr_D1_71297_416513_M_AGRI_711564_70751492,D1,Agriculture,3.67,आताची नवी पिढी शेतीच्या खयच्या पद्धतीर जास्त भर दिता ?,भाताची नविन शेतीच्या खयच्या पद्धतीन जास्त भर दिता ?,आताची नवी पिढी शेतीच्या खयच्या पद्धतीर जास्त भर दिता,भाताची नविन शेतीच्या खयच्या पद्धतीन जास्त भर दिता,15.38,44.44,14.81,40.0,0
IISc_RESPIN_mr_D1_71297_416513_M_BANK_712118_70753705,D1,Banking,3.61,माका माझा खाता घरी बसान ऑनलाइन वापरूचा हा ता कसा करूचा ?,माका माझा खाता घरी वसन ऑनलाइन वापरूचा ता कसा करूचा ?,माका माझा खाता घरी बसान ऑनलाइन वापरूचा हा ता कसा करूचा,माका माझा खाता घरी वसन ऑनलाइन वापरूचा ता कसा करूचा,9.26,18.18,8.93,16.67,0
IISc_RESPIN_mr_D1_71297_416513_M_AGRI_711533_70753951,D1,Agriculture,3.91,सरकारच्या खयल्या योजनेसून मका स्वस्त दरात बियाना मिळात ?,सरकारच्या खयल्या योजनेसून मका स्वस्त दरात बियाणे मिळात,सरकारच्या खयल्या योजनेसून मका स्वस्त दरात बियाना मिळात,सरकारच्या खयल्या योजनेसून मका स्वस्त दरात बियाणे मिळात,3.7,12.5,7.14,22.22,0
IISc_RESPIN_mr_D1_71297_416513_M_BANK_712509_70753960,D1,Banking,3.6,खात्यात रक्कम काढली काय बँक खात्याची चार्ज घेता काय ?,खात्यात रक्कम काढली कर बँक खात्याची चार्ज घेता काय ?,खात्यात रक्कम काढली काय बँक खात्याची चार्ज घेता काय,खात्यात रक्कम काढली कर बँक खात्याची चार्ज घेता काय,3.92,11.11,3.77,10.0,0
IISc_RESPIN_mr_D1_71297_416513_M_BANK_711877_70753961,D1,Banking,2.21,कर्ज कोनाकपण फेडूक मेलता काय ?,कर्ज कोणाक पण फेडूक मेलता काय ?,कर्ज कोनाकपण फेडूक मेलता काय,कर्ज कोणाक पण फेडूक मेलता काय,7.14,40.0,6.67,33.33,0
IISc_RESPIN_mr_D1_71297_416513_M_AGRI_711696_70753965,D1,Agriculture,3.5,तुषार सिंचनाचो उपयोग करून खयची पीका चांगली येतत ?,तुषार सिंचनाचा उपयोग करून खयची पिका चांगली येतत ?,तुषार सिंचनाचो उपयोग करून खयची पीका चांगली येतत,तुषार सिंचनाचा उपयोग करून खयची पिका चांगली येतत,4.26,25.0,4.08,22.22,0
IISc_RESPIN_mr_D1_71297_416513_M_BANK_712138_70753972,D1,Banking,2.49,शिकुक कर्ज किती टाईमाक मिळात ?,एक कर्ज किती टायमाक मिळात ?,शिकुक कर्ज किती टाईमाक मिळात,एक कर्ज किती टायमाक मिळात,17.86,40.0,16.67,33.33,0
IISc_RESPIN_mr_D1_71297_416513_M_AGRI_711375_70754051,D1,Agriculture,3.12,खरीप पिकाची कापणी खयच्या महिन्यात करतत ?,खरीप पिकांची कापणी खयच्या महिन्यात करतत ?,खरीप पिकाची कापणी खयच्या महिन्यात करतत,खरीप पिकांची कापणी खयच्या महिन्यात करतत,2.63,16.67,2.5,14.29,0
IISc_RESPIN_mr_D2_71035_422008_F_BANK_715063_70758166,D2,Banking,8.03,बँकेत जाऊन रमेशने प्रभारी अधिकाऱ्याच्या मदतीने कर्जाची उरलेली रक्कम बघितली,बँकेत जाऊन रमेशने प्रभारी अधिकार्याच्या मदतीने कर्जाची उरलेली रक्कम बघितले,बँकेत जाऊन रमेशने प्रभारी अधिकाऱ्याच्या मदतीने कर्जाची उरलेली रक्कम बघितली,बँकेत जाऊन रमेशने प्रभारी अधिकार्याच्या मदतीने कर्जाची उरलेली रक्कम बघितले,2.7,20.0,2.7,20.0,0
IISc_RESPIN_mr_D2_71035_422008_F_AGRI_713887_70758222,D2,Agriculture,6.27,राजू घरगुती ग्रीनहाऊसमा चांगला काच वापरतस समजना का,राजू घरगुती ग्रीन हाऊस मा चांगला काच वापरत समज ना का,राजू घरगुती ग्रीनहाऊसमा चांगला काच वापरतस समजना का,राजू घरगुती ग्रीन हाऊस मा चांगला काच वापरत समज ना का,8.0,75.0,8.0,75.0,0
IISc_RESPIN_mr_D2_71035_422008_F_AGRI_724731_70758685,D2,Agriculture,11.71,दोन हजार तीन या सालमा गोडा पानीमधला झिंगानं आख्खा जगमधलं वरीसनं उत्पन्न दोन लाख ऐंशी हजार टन एवढं व्हतं,दोन हजार तीन या साल मा गोळा पाणी मधला झिंगा नं खा जग मध वरीस उत्पन्न दोन लाख ऐंशी हजार टन निवडवत,दोन हजार तीन या सालमा गोडा पानीमधला झिंगानं आख्खा जगमधलं वरीसनं उत्पन्न दोन लाख ऐंशी हजार टन एवढं व्हतं,दोन हजार तीन या साल मा गोळा पाणी मधला झिंगा नं खा जग मध वरीस उत्पन्न दोन लाख ऐंशी हजार टन निवडवत,20.39,68.42,20.39,68.42,0
IISc_RESPIN_mr_D2_71035_422008_F_AGRI_712726_70758706,D2,Agriculture,5.05,आलू बुखारनी शेती भारत ना डोंगराय भाग मान करतस,आलूबुखारनी शेती भारत ना डोंगरा बागमान करतस,आलू बुखारनी शेती भारत ना डोंगराय भाग मान करतस,आलूबुखारनी शेती भारत ना डोंगरा बागमान करतस,8.89,55.56,8.89,55.56,0
IISc_RESPIN_mr_D2_71035_422008_F_AGRI_715842_70760756,D2,Agriculture,3.33,बल्क टँक स्टील चा बनलेला असतो,बल्क बँक स्टेट चा बनलेला असतो,बल्क टँक स्टील चा बनलेला असतो,बल्क बँक स्टेट चा बनलेला असतो,10.34,33.33,10.34,33.33,0
IISc_RESPIN_mr_D4_71315_440001_F_AGRI_721066_70761612,D4,Agriculture,6.59,मातीतील पोषकद्रव्ये वाढविण्यासाठी मी शेताची काही तपासणी केली आहे,मातीतील पोषक द्रव्ये वाढविण्यासाठी मी शेताची काही तपासणी केली आहे,मातीतील पोषकद्रव्ये वाढविण्यासाठी मी शेताची काही तपासणी केली आहे,मातीतील पोषक द्रव्ये वाढविण्यासाठी मी शेताची काही तपासणी केली आहे,1.56,22.22,1.56,22.22,0
IISc_RESPIN_mr_D4_71315_440001_F_AGRI_720086_70761625,D4,Agriculture,3.62,माझी आई हिरव्या मिरचीचे खूप चविष्ट लोणचे बनवते,माझी आई हिरवा मिरचीचे खूप चविष्ट लंजे बनवते,माझी आई हिरव्या मिरचीचे खूप चविष्ट लोणचे बनवते,माझी आई हिरवा मिरचीचे खूप चविष्ट लंजे बनवते,10.87,25.0,10.87,25.0,0
IISc_RESPIN_mr_D4_71315_440001_F_BANK_718991_70761633,D4,Banking,6.77,"जागतिक अर्थ व्यवस्थेत , देशाची अर्थ व्यवस्था संस्कृती आणि कला यावर आधारित असते",जागतिक अर्थव्यवस्थेत देशाची अर्थव्यवस्था संस्कृती आणि कला यावर आधारित असते,जागतिक अर्थ व्यवस्थेत देशाची अर्थ व्यवस्था संस्कृती आणि कला यावर आधारित असते,जागतिक अर्थव्यवस्थेत देशाची अर्थव्यवस्था संस्कृती आणि कला यावर आधारित असते,2.63,33.33,5.13,38.46,0
IISc_RESPIN_mr_D4_71315_440001_F_AGRI_720627_70761639,D4,Agriculture,5.29,शेतीसाठी अधिक जमीन संपादनाचा पर्यावरणावर विपरीत परिणाम होतो,शेतीसाठी अधिक जमीन संपाधनाचा पर्यावरणावर विपरित परिणाम होतो,शेतीसाठी अधिक जमीन संपादनाचा पर्यावरणावर विपरीत परिणाम होतो,शेतीसाठी अधिक जमीन संपाधनाचा पर्यावरणावर विपरित परिणाम होतो,3.39,25.0,3.39,25.0,0
IISc_RESPIN_mr_D2_71035_422008_F_BANK_715681_70762859,D2,Banking,4.87,त्यामधून सगळ्यात मुख्य वित्तीय लेखा मानक बोर्ड आहे,त्या मधून सगळ्यात मुख्य वित्तीय लेखा मानक बोर्ड आहे,त्यामधून सगळ्यात मुख्य वित्तीय लेखा मानक बोर्ड आहे,त्या मधून सगळ्यात मुख्य वित्तीय लेखा मानक बोर्ड आहे,2.0,25.0,2.0,25.0,0
IISc_RESPIN_mr_D2_71035_422008_F_AGRI_716262_70762889,D2,Agriculture,4.21,सूर्याच्या प्रकाशात कोकोची शेती करू नये,सुर्याच्या प्रकाशात कोकोची शेती करू नये,सूर्याच्या प्रकाशात कोकोची शेती करू नये,सुर्याच्या प्रकाशात कोकोची शेती करू नये,2.56,16.67,2.56,16.67,0
IISc_RESPIN_mr_D2_71035_422008_F_AGRI_716198_70763703,D2,Agriculture,7.81,"शेतीसाठी सगळ्यात चांगल्या उपकरणांचा उपयोग करण्याचा सल्ला म्हणजे , नवीन पद्धतींचा विकास करणे",शेतीसाठी सगळ्यात चांगल्या उपकरणांचा उपयोग करण्याचा सल्ला म्हणजे नवीन पद्धतींचा विकास करणे,शेतीसाठी सगळ्यात चांगल्या उपकरणांचा उपयोग करण्याचा सल्ला म्हणजे नवीन पद्धतींचा विकास करणे,शेतीसाठी सगळ्यात चांगल्या उपकरणांचा उपयोग करण्याचा सल्ला म्हणजे नवीन पद्धतींचा विकास करणे,0.0,0.0,2.2,7.69,1
IISc_RESPIN_mr_D2_71035_422008_F_BANK_717979_70764230,D2,Banking,3.19,माझे वीजबिल मला कसे भरता येईल ?,माझे वीज बिल मला कसे भरता येईल ?,माझे वीजबिल मला कसे भरता येईल,माझे वीज बिल मला कसे भरता येईल,3.45,33.33,3.23,28.57,0
IISc_RESPIN_mr_D4_71139_440001_F_BANK_723875_70764467,D4,Banking,4.09,मोबाईलनं मले बिम्याचे हप्ते भरता येईन का ?,मोबाईलनं मले बिम्याचे हप्ते भरता येईन का ?,मोबाईलनं मले बिम्याचे हप्ते भरता येईन का,मोबाईलनं मले बिम्याचे हप्ते भरता येईन का,0.0,0.0,0.0,0.0,1
IISc_RESPIN_mr_D4_71139_440001_F_BANK_723716_70767634,D4,Banking,4.09,सामाजिक मदत भेटासाठी कोनची पात्रता जरुरी हाय ?,सामाजिक मदत भेटासाठी कोनची पात्रता जरुरी हाय ?,सामाजिक मदत भेटासाठी कोनची पात्रता जरुरी हाय,सामाजिक मदत भेटासाठी कोनची पात्रता जरुरी हाय,0.0,0.0,0.0,0.0,1
IISc_RESPIN_mr_D4_71139_440001_F_BANK_724266_70772860,D4,Banking,2.9,कर्ज काढासाठी कोंते कागद लागन ?,कर्ज काढा साठी कोंते कागद लागन ?,कर्ज काढासाठी कोंते कागद लागन,कर्ज काढा साठी कोंते कागद लागन,3.45,40.0,3.23,33.33,0
IISc_RESPIN_mr_D4_71139_440001_F_BANK_724030_70772893,D4,Banking,6.52,आरोग्य बिमा भरताना माह्या खात्यातून पैसे डायरेक्ट कटन का ?,आरोग्य बिमा भरताना माह्या खात्यातून पैसे डायरेक पटन का ?,आरोग्य बिमा भरताना माह्या खात्यातून पैसे डायरेक्ट कटन का,आरोग्य बिमा भरताना माह्या खात्यातून पैसे डायरेक पटन का,5.36,22.22,5.17,20.0,0
IISc_RESPIN_mr_D4_71139_440001_F_BANK_724495_70776148,D4,Banking,8.86,"व्यवसायाचे प्रकार केवळ मालकी , भागीदारी , कॉर्पोरेशन आणि मर्यादित दायित्व कंपनी किंवा एल.एल.सी आहेत",व्यवसायाचे प्रकार केवळ मालकी भागीदारी कार्पोरेशन आणि मर्यादित दायित्व कंपनी किंवा एल एल सी आहेत,व्यवसायाचे प्रकार केवळ मालकी भागीदारी कॉर्पोरेशन आणि मर्यादित दायित्व कंपनी किंवा एल एल सी आहेत,व्यवसायाचे प्रकार केवळ मालकी भागीदारी कार्पोरेशन आणि मर्यादित दायित्व कंपनी किंवा एल एल सी आहेत,1.05,6.67,7.07,40.0,0
IISc_RESPIN_mr_D4_71139_440001_F_BANK_719977_70776165,D4,Banking,4.09,वैदिक काळातही पंचायती अस्तित्वात होत्या,वैदिक काळात ही पंचायती अस्तित्वात होत्या,वैदिक काळातही पंचायती अस्तित्वात होत्या,वैदिक काळात ही पंचायती अस्तित्वात होत्या,2.56,40.0,2.56,40.0,0
IISc_RESPIN_mr_D4_71139_440001_F_BANK_719345_70776383,D4,Banking,5.06,नागरिक वेळेपूर्वीच आपली एफ.डी आणि आर.डी तोडू शकतो,नागरिक वेळे पूर्वीच आपली एफ.टी आणि आर.डी तोडू शकतो,नागरिक वेळेपूर्वीच आपली एफ डी आणि आर डी तोडू शकतो,नागरिक वेळे पूर्वीच आपली एफ टी आणि आर डी तोडू शकतो,4.08,30.0,4.08,37.5,0
IISc_RESPIN_mr_D4_71139_440001_F_BANK_722018_70776773,D4,Banking,4.6,पे.टी.एम हे भारतातील सर्वात लोकप्रिय डिजिटल वॉलेट आहे,पेटीएम हे भारतातील सर्वात लोकप्रिय डिजिटल वॉलेट आहे,पे टी एम हे भारतातील सर्वात लोकप्रिय डिजिटल वॉलेट आहे,पेटीएम हे भारतातील सर्वात लोकप्रिय डिजिटल वॉलेट आहे,3.77,30.0,3.77,12.5,0
IISc_RESPIN_mr_D4_71139_440001_F_AGRI_720166_70776778,D4,Agriculture,5.89,बंडलिंग मशीन कापलेल्या पिकांचे बंडल तयार करण्यासाठी वापरली जातात,बंडलिंग मशीन कापलेल्या पिकांचे बंडल तयार करण्यासाठी वापरली जातात,बंडलिंग मशीन कापलेल्या पिकांचे बंडल तयार करण्यासाठी वापरली जातात,बंडलिंग मशीन कापलेल्या पिकांचे बंडल तयार करण्यासाठी वापरली जातात,0.0,0.0,0.0,0.0,1
IISc_RESPIN_mr_D4_71139_440001_F_AGRI_720627_70776798,D4,Agriculture,5.92,शेतीसाठी अधिक जमीन संपादनाचा पर्यावरणावर विपरीत परिणाम होतो,शेतीसाठी अधिक चमीन संपादनाचा पर्यावरणावर विपरित परिणाम होतो,शेतीसाठी अधिक जमीन संपादनाचा पर्यावरणावर विपरीत परिणाम होतो,शेतीसाठी अधिक चमीन संपादनाचा पर्यावरणावर विपरित परिणाम होतो,3.39,25.0,3.39,25.0,0
IISc_RESPIN_mr_D2_71310_422006_F_BANK_716568_70778999,D2,Banking,2.86,संघीय आयकर हा आपल्या वेतनातून कापला जातो,संजी आय कर हा आपल्या वेतनातून कापला जातो,संघीय आयकर हा आपल्या वेतनातून कापला जातो,संजी आय कर हा आपल्या वेतनातून कापला जातो,7.5,42.86,7.5,42.86,0
IISc_RESPIN_mr_D2_71310_422006_F_BANK_714760_70779187,D2,Banking,4.44,नफा झाया का तोटा हाई आर्थिक विवरण पत्रकमा समजस,नफा झाया का तोटा हाय आर्थिक विवरण पत्र कमा समजस,नफा झाया का तोटा हाई आर्थिक विवरण पत्रकमा समजस,नफा झाया का तोटा हाय आर्थिक विवरण पत्र कमा समजस,4.35,33.33,4.35,33.33,0
IISc_RESPIN_mr_D2_71433_422009_F_AGRI_713250_70779727,D2,Agriculture,2.32,पिकनी शेती मा येगयेगळा पिके लेतस,पीक नी शेती मा येक येगळा पिक ले तस,पिकनी शेती मा येगयेगळा पिके लेतस,पीक नी शेती मा येक येगळा पिक ले तस,18.75,116.67,18.75,116.67,0
IISc_RESPIN_mr_D2_71310_422006_F_BANK_712880_70781027,D2,Banking,3.14,भारत सरकार लघु उद्योगना करता पैसासनी मदत करस,भारत सरकार लघु उद्योग ना करता पैसा सनी मदत करस,भारत सरकार लघु उद्योगना करता पैसासनी मदत करस,भारत सरकार लघु उद्योग ना करता पैसा सनी मदत करस,4.55,50.0,4.55,50.0,0
IISc_RESPIN_mr_D2_71310_422006_F_AGRI_716701_70781044,D2,Agriculture,5.98,एम.आय.टी माध्यम प्रयोगशाळेतील लोकांनी रेशीम किड्यांवर प्रयोग केले आहेत,एम.आय.टी माध्यम प्रयोग शाळेतील लोकांनी रेशीम किड्यांवर प्रयोग केले आहेत,एम आय टी माध्यम प्रयोगशाळेतील लोकांनी रेशीम किड्यांवर प्रयोग केले आहेत,एम आय टी माध्यम प्रयोग शाळेतील लोकांनी रेशीम किड्यांवर प्रयोग केले आहेत,1.43,18.18,1.43,22.22,0
IISc_RESPIN_mr_D2_71310_422006_F_BANK_718370_70782489,D2,Banking,3.03,मी क्यू.आर कोड स्कॅन करुन दुकानात पैसे कसे देऊ शकतो ?,मी क्यूआर कोड स्कॅन करून दुकानात पैसे कसे देऊ शकतो ?,मी क्यू आर कोड स्कॅन करुन दुकानात पैसे कसे देऊ शकतो,मी क्यूआर कोड स्कॅन करून दुकानात पैसे कसे देऊ शकतो,3.92,27.27,3.77,18.18,0
IISc_RESPIN_mr_D2_71310_422006_F_BANK_718031_70782497,D2,Banking,3.43,कर्जाचे तीन हफ्ते थकले आहेत पुढे एकत्र भरता येतील का ?,कर्जाचे तीन हप्ते थकले आहेत पुढे एकत्र भरता येतील का ?,कर्जाचे तीन हफ्ते थकले आहेत पुढे एकत्र भरता येतील का,कर्जाचे तीन हप्ते थकले आहेत पुढे एकत्र भरता येतील का,1.92,10.0,1.85,9.09,0
IISc_RESPIN_mr_D2_71439_422004_F_AGRI_714351_70783180,D2,Agriculture,8.09,प्रधानमंत्री कृषी सिंचन योजनानी करता पाच कागदपत्रे लागतस,प्रधानमंत्री कृषी सिंचन योजना नी करता पाच कागदपत्रे ला लागतस,प्रधानमंत्री कृषी सिंचन योजनानी करता पाच कागदपत्रे लागतस,प्रधानमंत्री कृषी सिंचन योजना नी करता पाच कागदपत्रे ला लागतस,7.14,37.5,7.14,37.5,0
IISc_RESPIN_mr_D2_71439_422004_F_AGRI_714358_70783193,D2,Agriculture,7.96,फळे देनारा झाडेस्ले शेतकरी जमीनना आंदाज लीसनी काटछाट करस,फळे देणार झाडेसले शेतकरी जमीन ना अंदाज लिस्नी काटछाट करस,फळे देनारा झाडेस्ले शेतकरी जमीनना आंदाज लीसनी काटछाट करस,फळे देणार झाडेसले शेतकरी जमीन ना अंदाज लिस्नी काटछाट करस,12.5,66.67,12.5,66.67,0
IISc_RESPIN_mr_D2_71035_422008_F_AGRI_717732_70784704,D2,Agriculture,6.47,द्राक्षावर कोणते रोग पडू शकतात ? त्याची खबरदारी म्हणून काय उपाययोजना करावी ?,द्राक्षावर कोणते रोग पडू शकतात त्याची खबरदारी म्हणून काय उपाय योजना करावी ?,द्राक्षावर कोणते रोग पडू शकतात त्याची खबरदारी म्हणून काय उपाययोजना करावी,द्राक्षावर कोणते रोग पडू शकतात त्याची खबरदारी म्हणून काय उपाय योजना करावी,1.39,18.18,3.95,23.08,0
IISc_RESPIN_mr_D2_71310_422006_F_AGRI_717435_70785083,D2,Agriculture,2.93,शेतीचा माल विकण्यासाठी मी ॲप बनवू शकतो का ?,शेतीचा माल विकण्यासाठी मी अप बनवू शकतो का ?,शेतीचा माल विकण्यासाठी मी ॲप बनवू शकतो का,शेतीचा माल विकण्यासाठी मी अप बनवू शकतो का,2.44,12.5,2.33,11.11,0
IISc_RESPIN_mr_D2_71035_422008_F_BANK_718120_70785199,D2,Banking,5.85,दर महिन्याचे दिवस कमी जास्त असल्याने व्याजाची रक्कम वेगवेगळी असेल का ?,दर महिन्याचे दिवस कमी जास्त असल्याने व्याजाची रक्कम वेगवेगळी असेल का ?,दर महिन्याचे दिवस कमी जास्त असल्याने व्याजाची रक्कम वेगवेगळी असेल का,दर महिन्याचे दिवस कमी जास्त असल्याने व्याजाची रक्कम वेगवेगळी असेल का,0.0,0.0,0.0,0.0,1
IISc_RESPIN_mr_D2_71310_422006_F_BANK_718048_70785782,D2,Banking,4.41,माझ्या डिपॉझिटची मॅच्युरिटी रक्कम आपोआप माझ्या खात्यावर जमा होईल का ?,माझ्या डिपॉझिट ची मॅच्युरिटी रक्कम आपला माझ्या खात्यावर जमा होईल का ?,माझ्या डिपॉझिटची मॅच्युरिटी रक्कम आपोआप माझ्या खात्यावर जमा होईल का,माझ्या डिपॉझिट ची मॅच्युरिटी रक्कम आपला माझ्या खात्यावर जमा होईल का,5.97,30.0,5.8,27.27,0
IISc_RESPIN_mr_D2_71439_422004_F_AGRI_716840_70786459,D2,Agriculture,7.87,बंगाल हरभरा मानवी अन्नासाठी तसेच प्राण्यांसाठी वापरला जातो,बंगाल हरभरा मानवी यासाठी तसेच प्राण्यांसाठी वापरला जातो,बंगाल हरभरा मानवी अन्नासाठी तसेच प्राण्यांसाठी वापरला जातो,बंगाल हरभरा मानवी यासाठी तसेच प्राण्यांसाठी वापरला जातो,6.9,12.5,6.9,12.5,0
IISc_RESPIN_mr_D2_71439_422004_F_AGRI_713902_70786465,D2,Agriculture,5.16,एकल पोषक खतना दर्जा चांगला शे,एकल पोषक खतना दर्जा चांगला शे,एकल पोषक खतना दर्जा चांगला शे,एकल पोषक खतना दर्जा चांगला शे,0.0,0.0,0.0,0.0,1
IISc_RESPIN_mr_D2_71035_422008_F_BANK_718383_70787009,D2,Banking,3.66,आधार कार्ड ऐवजी राशन कार्ड चालू शकते का ?,आधार कार्डे वजी राशन कार्ड चालू शकते का ?,आधार कार्ड ऐवजी राशन कार्ड चालू शकते का,आधार कार्डे वजी राशन कार्ड चालू शकते का,5.13,25.0,4.88,22.22,0
IISc_RESPIN_mr_D2_71439_422004_F_AGRI_714218_70787353,D2,Agriculture,10.05,जंगलतोडमझार वन जमिननं रुपांतर वावर नैते सयेरना करता व्हस,जंगल तोडमझार वन जमीन रूपांतर वावर नै ते सना करता व्हस,जंगलतोडमझार वन जमिननं रुपांतर वावर नैते सयेरना करता व्हस,जंगल तोडमझार वन जमीन रूपांतर वावर नै ते सना करता व्हस,16.07,77.78,16.07,77.78,0
IISc_RESPIN_mr_D1_70883_416519_F_BANK_706957_70787606,D1,Banking,8.5,वित्त मंत्रालय ह्या भारताच्यो अर्थव्यवस्थेशी संबंधित भारत सरकारमधला एक मंत्रालय असा,वित्त मंत्रालय ह्या भारताच्या अर्थव्यवस्थेशी संबंधित भारत सरकार मा एक मंत्रालय आसा,वित्त मंत्रालय ह्या भारताच्यो अर्थव्यवस्थेशी संबंधित भारत सरकारमधला एक मंत्रालय असा,वित्त मंत्रालय ह्या भारताच्या अर्थव्यवस्थेशी संबंधित भारत सरकार मा एक मंत्रालय आसा,6.02,36.36,6.02,36.36,0
IISc_RESPIN_mr_D1_70883_416519_F_AGRI_710113_70787611,D1,Agriculture,6.12,सुलतान व्हाईट सीडेड आणि बिहार यलो सीडेड या बीन्सच्या जाती आहेत,सुलतान माईट सिडेड आणि बिहार कल्लोसि डेट या बीन्स च्या जाती आहेत,सुलतान व्हाईट सीडेड आणि बिहार यलो सीडेड या बीन्सच्या जाती आहेत,सुलतान माईट सिडेड आणि बिहार कल्लोसि डेट या बीन्स च्या जाती आहेत,19.35,54.55,19.35,54.55,0
IISc_RESPIN_mr_D1_70883_416519_F_BANK_707380_70787612,D1,Banking,6.29,एखादो नियोक्ता त्याच्या कर्मचाऱ्याक दिलेल्या वेळेत केलेल्या कामासाठी पगार देता,एखाद नियोक्ता त्याच्या कर्मचार्या दिलेल्या वेळेत केलेल्या कामासाठी पगार देतात,एखादो नियोक्ता त्याच्या कर्मचाऱ्याक दिलेल्या वेळेत केलेल्या कामासाठी पगार देता,एखाद नियोक्ता त्याच्या कर्मचार्या दिलेल्या वेळेत केलेल्या कामासाठी पगार देतात,5.13,30.0,5.13,30.0,0
IISc_RESPIN_mr_D1_70883_416519_F_BANK_706704_70787615,D1,Banking,5.67,सार्वजनिक रोखा बाजार एकतर प्राथमिक किंवा दुय्यम बाजार असता,सार्वजनिक रोखा बाजार एकतर प्राथमिक किंवा द्वियम बाजार असता,सार्वजनिक रोखा बाजार एकतर प्राथमिक किंवा दुय्यम बाजार असता,सार्वजनिक रोखा बाजार एकतर प्राथमिक किंवा द्वियम बाजार असता,5.17,11.11,5.17,11.11,0
IISc_RESPIN_mr_D1_70883_416519_F_AGRI_709513_70787621,D1,Agriculture,8.51,"पौष्टिकदृष्ट्या , मांस ह्यो मानवी आहारातीलो प्रथिने , चरबी आणि खनिजांचो सामान्य आणि चांगलो स्रोत असा",पौष्टिक दृष्ट मास स्व मानवी आहारात लोह प्रथिने चरबी आणि खनिजांचो सामान्य आणि चांगलं स्रोत असा,पौष्टिकदृष्ट्या मांस ह्यो मानवी आहारातीलो प्रथिने चरबी आणि खनिजांचो सामान्य आणि चांगलो स्रोत असा,पौष्टिक दृष्ट मास स्व मानवी आहारात लोह प्रथिने चरबी आणि खनिजांचो सामान्य आणि चांगलं स्रोत असा,11.46,50.0,15.0,50.0,0
IISc_RESPIN_mr_D1_70883_416519_F_BANK_709262_70787623,D1,Banking,7.57,रिफर केलेल्या दरात बदल झाल्यावर कर्जावर दिलेल्या व्याजदरात पण बदल होता,रिफर केलेल्या दरात बदल झाल्यावर कर्जावर दिलेल्या व्याज दरात पन बदल होता,रिफर केलेल्या दरात बदल झाल्यावर कर्जावर दिलेल्या व्याजदरात पण बदल होता,रिफर केलेल्या दरात बदल झाल्यावर कर्जावर दिलेल्या व्याज दरात पन बदल होता,2.86,27.27,2.86,27.27,0
IISc_RESPIN_mr_D1_70883_416519_F_BANK_710744_70787626,D1,Banking,7.86,तुका तुझी आय.सी.आय.सी.आय बँकेची डेबीट कार्ड लिमीट आपल्या प्रमाण सेट करूची असात तर लॉगिन करा,तुका तुझी आय.सी.आय.सी आय बँकेची डेबिट कार्ड लिमिट आपल्या प्रमाण सेट करूची आसात तर लॉगिन करा,तुका तुझी आय सी आय सी आय बँकेची डेबीट कार्ड लिमीट आपल्या प्रमाण सेट करूची असात तर लॉगिन करा,तुका तुझी आय सी आय सी आय बँकेची डेबिट कार्ड लिमिट आपल्या प्रमाण सेट करूची आसात तर लॉगिन करा,3.3,15.79,4.4,33.33,0
IISc_RESPIN_mr_D2_71439_422004_F_AGRI_716418_70788281,D2,Agriculture,10.14,हळद ही चार ते पाच फुटांपर्यंत वाढणारी वनस्पती असून ती झाडाच्या मुळांच्या गाठींमध्ये आढळते,हळदी ही चार ते पाच फुटापर्यंत वाढणारी वनस्पती असून ती झाडाच्या मुळ्याच्या गाठी मध्ये आढळते,हळद ही चार ते पाच फुटांपर्यंत वाढणारी वनस्पती असून ती झाडाच्या मुळांच्या गाठींमध्ये आढळते,हळदी ही चार ते पाच फुटापर्यंत वाढणारी वनस्पती असून ती झाडाच्या मुळ्याच्या गाठी मध्ये आढळते,6.74,35.71,6.74,35.71,0
IISc_RESPIN_mr_D2_71439_422004_F_BANK_717089_70788354,D2,Banking,6.6,मी तुम्हाला आय.एम.पी.एस नंबरच्या मदतीने काही पैसे पाठवतो,मी तुम्हाला आय.एम.पी.एस नंबरच्या मदतीने काही पैसे पाठवतो,मी तुम्हाला आय एम पी एस नंबरच्या मदतीने काही पैसे पाठवतो,मी तुम्हाला आय एम पी एस नंबरच्या मदतीने काही पैसे पाठवतो,0.0,0.0,0.0,0.0,1
IISc_RESPIN_mr_D1_70883_416519_F_AGRI_711508_70789460,D1,Agriculture,4.8,पिकांका कीड लागा नको म्हणून काय करूचा ?,पिकांका कीड लागा नको म्हणून काय करूचा ?,पिकांका कीड लागा नको म्हणून काय करूचा,पिकांका कीड लागा नको म्हणून काय करूचा,0.0,0.0,0.0,0.0,1
IISc_RESPIN_mr_D2_71310_422006_F_BANK_718129_70789715,D2,Banking,1.81,डेबिट कार्ड कसे काम करते ?,डेबिट कार्ड कसे काम करते ?,डेबिट कार्ड कसे काम करते,डेबिट कार्ड कसे काम करते,0.0,0.0,0.0,0.0,1
IISc_RESPIN_mr_D2_71310_422006_F_AGRI_717415_70789749,D2,Agriculture,2.43,आल्यावर थंड हवेचा काही परिणाम होतो का ?,आल्यावर थंड वी चा काही परिणाम होतो का ?,आल्यावर थंड हवेचा काही परिणाम होतो का,आल्यावर थंड वी चा काही परिणाम होतो का,8.11,28.57,7.69,25.0,0
IISc_RESPIN_mr_D1_70883_416519_F_AGRI_711459_70790346,D1,Agriculture,3.69,ई कॉमर्सचो उपयोग काय असा ?,ई कॉमर्सचा उपयोग काय असा ?,ई कॉमर्सचो उपयोग काय असा,ई कॉमर्सचा उपयोग काय असा,4.17,20.0,3.85,16.67,0
IISc_RESPIN_mr_D1_70883_416519_F_AGRI_711326_70790349,D1,Agriculture,4.73,सोयाबीनाच्या पिकाक कीड लागली तर कसली लक्षणा दिसतली ?,सोयाबीनच्या पिका कीड लागली तर कसली लक्षणा दिसतली ?,सोयाबीनाच्या पिकाक कीड लागली तर कसली लक्षणा दिसतली,सोयाबीनच्या पिका कीड लागली तर कसली लक्षणा दिसतली,4.0,25.0,3.85,22.22,0
IISc_RESPIN_mr_D2_71310_422006_F_AGRI_717290_70790370,D2,Agriculture,4.58,"ड्रॅगनफ्रूटची लागवड केली आहे , त्याला ठिबक सिंचनने पाणी देऊ शकतो का ?",ड्रॅगन सूट ची लागवड केली आहे त्या ठिबक सिंचन ने पाणी देऊ शकतो का ?,ड्रॅगनफ्रूटची लागवड केली आहे त्याला ठिबक सिंचनने पाणी देऊ शकतो का,ड्रॅगन सूट ची लागवड केली आहे त्या ठिबक सिंचन ने पाणी देऊ शकतो का,10.77,54.55,13.04,53.85,0
IISc_RESPIN_mr_D2_71433_422009_F_AGRI_716975_70793330,D2,Agriculture,3.05,शेतकरी शेतातील पीक बाजारातच विकण्यास प्राधान्य देतात,शेतकरी शेतातील पीक बाजारात विकण्यास प्राधान्य देतात,शेतकरी शेतातील पीक बाजारातच विकण्यास प्राधान्य देतात,शेतकरी शेतातील पीक बाजारात विकण्यास प्राधान्य देतात,1.92,14.29,1.92,14.29,0
IISc_RESPIN_mr_D2_71433_422009_F_BANK_715768_70793980,D2,Banking,2.73,पूर्ण प्रबळ निधी राज्याची संपत्ती असते,पूर्ण प्रभाव निधी राज्याची संपत्ती असते,पूर्ण प्रबळ निधी राज्याची संपत्ती असते,पूर्ण प्रभाव निधी राज्याची संपत्ती असते,7.89,16.67,7.89,16.67,0
IISc_RESPIN_mr_D1_70883_416519_F_BANK_712124_70794788,D1,Banking,4.61,मी कोनाकपण ऑनलाइन पैशे पाठवू शकतय काय ?,मी कोणाक पण ऑनलाइन पैसे पाठवू शकते काय ?,मी कोनाकपण ऑनलाइन पैशे पाठवू शकतय काय,मी कोणाक पण ऑनलाइन पैसे पाठवू शकते काय,10.81,57.14,10.26,50.0,0
IISc_RESPIN_mr_D1_70883_416519_F_BANK_711982_70794828,D1,Banking,5.41,हया कर्ज घेऊच्या खाती कोसाइनर लागतलो का ?,ह्या कर्ज घेऊच्या खाती कसाई नर लागतलो का ?,हया कर्ज घेऊच्या खाती कोसाइनर लागतलो का,ह्या कर्ज घेऊच्या खाती कसाई नर लागतलो का,10.26,42.86,9.76,37.5,0
IISc_RESPIN_mr_D1_70883_416519_F_AGRI_711170_70795096,D1,Agriculture,5.18,सिंचन पध्दतीत काजीच्या रोपाक कितक्या प्रमाणात पानी दीउचा ?,सिंचन पद्धतीत काजीच्या रुपात कितक्या प्रमाणात पाणी दिवचा ?,सिंचन पध्दतीत काजीच्या रोपाक कितक्या प्रमाणात पानी दीउचा,सिंचन पद्धतीत काजीच्या रुपात कितक्या प्रमाणात पाणी दिवचा,12.5,50.0,12.07,44.44,0
IISc_RESPIN_mr_D1_70883_416519_F_BANK_712134_70795112,D1,Banking,4.46,माका घर बांधूचा हा माका कर्ज मिळात काय ?,माका घर बांबूचा हा माका कर्ज मिळात काय ?,माका घर बांधूचा हा माका कर्ज मिळात काय,माका घर बांबूचा हा माका कर्ज मिळात काय,2.63,12.5,2.5,11.11,0
IISc_RESPIN_mr_D1_70883_416519_F_AGRI_711224_70795113,D1,Agriculture,4.31,काजूच्या झाडंका कसला सेंद्रिय खत घालूचा ?,काजूच्या झाडांका कसला सेंद्रिय खत घालूचा ?,काजूच्या झाडंका कसला सेंद्रिय खत घालूचा,काजूच्या झाडांका कसला सेंद्रिय खत घालूचा,2.56,16.67,2.44,14.29,0
IISc_RESPIN_mr_D1_70883_416519_F_AGRI_711403_70795134,D1,Agriculture,6.17,जमीन आरोग्य पत्रिकेत शिफारसशी नुसारचा रासायनिक खताचो वापर कसो करायचो ?,जमीन आरोग्य पत्रके शी पार शेनुसारचा रासायनिक खताचा वापर कसो करायचो ?,जमीन आरोग्य पत्रिकेत शिफारसशी नुसारचा रासायनिक खताचो वापर कसो करायचो,जमीन आरोग्य पत्रके शी पार शेनुसारचा रासायनिक खताचा वापर कसो करायचो,13.24,50.0,12.86,45.45,0
IISc_RESPIN_mr_D2_71422_422008_F_BANK_712643_70800629,D2,Banking,5.68,भारतमा परतेक राज्यनी वरीसनं उतपननी वाढ आल्लग आल्लग शे,भारतमा परतेक राज्नीवरीसन उत्पन नी वाढ आल्लं अल्क शे,भारतमा परतेक राज्यनी वरीसनं उतपननी वाढ आल्लग आल्लग शे,भारतमा परतेक राज्नीवरीसन उत्पन नी वाढ आल्लं अल्क शे,16.98,55.56,16.98,55.56,0
IISc_RESPIN_mr_D2_71424_422004_F_AGRI_714308_70800747,D2,Agriculture,4.2,भोपयाना भाजीना वापर रायता लोणचं खीर बनाडाना करता करतंस,भोप याना भाजीना वापर राहता लोन सर खीर बनाडाना करता करतस,भोपयाना भाजीना वापर रायता लोणचं खीर बनाडाना करता करतंस,भोप याना भाजीना वापर राहता लोन सर खीर बनाडाना करता करतस,12.96,66.67,12.96,66.67,0
IISc_RESPIN_mr_D2_71422_422008_F_AGRI_714218_70801176,D2,Agriculture,5.48,जंगलतोडमझार वन जमिननं रुपांतर वावर नैते सयेरना करता व्हस,जंगल तोड मझार वन जमीन नं रूपांतर वावर नै ते सयरना करता व्हस,जंगलतोडमझार वन जमिननं रुपांतर वावर नैते सयेरना करता व्हस,जंगल तोड मझार वन जमीन नं रूपांतर वावर नै ते सयरना करता व्हस,12.5,100.0,12.5,100.0,0
IISc_RESPIN_mr_D2_71424_422004_F_AGRI_715851_70801306,D2,Agriculture,3.99,बाजारात आजकाल कच्चे केळे खूपच विक्रीला यायला लागले आहेत,बाजारात आजकाल कच्चे केळी खूपच विक्रीला यायला लागले आहेत,बाजारात आजकाल कच्चे केळे खूपच विक्रीला यायला लागले आहेत,बाजारात आजकाल कच्चे केळी खूपच विक्रीला यायला लागले आहेत,1.82,11.11,1.82,11.11,0
IISc_RESPIN_mr_D2_71424_422004_F_BANK_716578_70801308,D2,Banking,3.16,जागतिक चलन बाजारात या चलनांच्या किमती ठरवल्या जातात,जागतिक चलन बाजारात हा चलनाचे किमती ठरवले जातात,जागतिक चलन बाजारात या चलनांच्या किमती ठरवल्या जातात,जागतिक चलन बाजारात हा चलनाचे किमती ठरवले जातात,15.69,37.5,15.69,37.5,0
IISc_RESPIN_mr_D2_71422_422008_F_AGRI_714358_70801369,D2,Agriculture,4.72,फळे देनारा झाडेस्ले शेतकरी जमीनना आंदाज लीसनी काटछाट करस,फळे देणारा झाडे से शेतकरी जमीन ना आंदाज लिसनी काट्या करस,फळे देनारा झाडेस्ले शेतकरी जमीनना आंदाज लीसनी काटछाट करस,फळे देणारा झाडे से शेतकरी जमीन ना आंदाज लिसनी काट्या करस,16.07,77.78,16.07,77.78,0
IISc_RESPIN_mr_D2_71422_422008_F_AGRI_714308_70801390,D2,Agriculture,4.35,भोपयाना भाजीना वापर रायता लोणचं खीर बनाडाना करता करतंस,भोक याना भाजी ना वापर रायता लोन चुखीर बनाडाना करता करतस,भोपयाना भाजीना वापर रायता लोणचं खीर बनाडाना करता करतंस,भोक याना भाजी ना वापर रायता लोन चुखीर बनाडाना करता करतस,14.81,77.78,14.81,77.78,0
IISc_RESPIN_mr_D1_70951_416519_F_BANK_710340_70801408,D1,Banking,4.08,बँक लुटण्यात अवैध पैशांचो समावेश असता,बँक लुप्त अवयती पैशांची समावेश असता,बँक लुटण्यात अवैध पैशांचो समावेश असता,बँक लुप्त अवयती पैशांची समावेश असता,21.62,50.0,21.62,50.0,0
IISc_RESPIN_mr_D1_70951_416519_F_BANK_708192_70801410,D1,Banking,4.24,इक्वीटी फंड हे मोठ्या जोखमीचे आसतत,इक्विटी फंड हे मोठ्या जोखमीचे असतत,इक्वीटी फंड हे मोठ्या जोखमीचे आसतत,इक्विटी फंड हे मोठ्या जोखमीचे असतत,5.88,33.33,5.88,33.33,0
IISc_RESPIN_mr_D1_70951_416519_F_AGRI_709879_70801412,D1,Agriculture,5.24,ग्रीनहाऊस काचेचे किंवा प्लास्टिकचे बनलेले असतात,ग्रीन हाऊस काच चे किंवा प्लास्टिकचे बनविलेले असतत,ग्रीनहाऊस काचेचे किंवा प्लास्टिकचे बनलेले असतात,ग्रीन हाऊस काच चे किंवा प्लास्टिकचे बनविलेले असतत,10.64,100.0,10.64,100.0,0
IISc_RESPIN_mr_D1_70951_416519_F_AGRI_709167_70801413,D1,Agriculture,4.92,नाशपाती एक प्रकारचा फळ हा आणि चवीक आंबट असता,नाशपाती एक प्रकारचा फळा आणि चवीक आंबट असता,नाशपाती एक प्रकारचा फळ हा आणि चवीक आंबट असता,नाशपाती एक प्रकारचा फळा आणि चवीक आंबट असता,4.55,22.22,4.55,22.22,0
IISc_RESPIN_mr_D1_70951_416519_F_BANK_708845_70801415,D1,Banking,4.77,तू दर महिन्याक तुझो टॅक्स नीट मोजान घी,तू दर महिन्यात तुजो टॅक्स नेट मोजान ली,तू दर महिन्याक तुझो टॅक्स नीट मोजान घी,तू दर महिन्यात तुजो टॅक्स नेट मोजान ली,10.53,50.0,10.53,50.0,0
IISc_RESPIN_mr_D1_70951_416519_F_AGRI_709157_70801416,D1,Agriculture,5.65,जिल्ह्यात ऊस आणि कापूस ही पारंपारीक नगदी पिका हत,ज्यात ऊस आणि कापूस हे पारंपारिक नगदी पिक हत,जिल्ह्यात ऊस आणि कापूस ही पारंपारीक नगदी पिका हत,ज्यात ऊस आणि कापूस हे पारंपारिक नगदी पिक हत,14.58,44.44,14.58,44.44,0
IISc_RESPIN_mr_D1_70951_416519_F_BANK_708472_70801417,D1,Banking,6.0,मूळ जोखमीक हेजिंगच्या माध्यमातून कमी केला जावक शकता काय ?,मूळ जोखमीक हेजिंग च्या माध्यमातून कमी केला जाऊ शकता काय ?,मूळ जोखमीक हेजिंगच्या माध्यमातून कमी केला जावक शकता काय,मूळ जोखमीक हेजिंग च्या माध्यमातून कमी केला जाऊ शकता काय,5.45,33.33,5.26,30.0,0
IISc_RESPIN_mr_D1_70951_416519_F_BANK_707185_70801420,D1,Banking,5.54,"तुमची बँक कुठेही असली तरीही , प्रक्रिया समान असता",तुमची बँक तेही असली तरी ही प्रक्रिया समान असता,तुमची बँक कुठेही असली तरीही प्रक्रिया समान असता,तुमची बँक तेही असली तरी ही प्रक्रिया समान असता,8.51,37.5,12.24,33.33,0
IISc_RESPIN_mr_D1_70951_416519_F_BANK_708225_70801422,D1,Banking,5.68,कर टाळणा ह्या कर भरल्यानंतर मिळणारा कागदी निरीक्षण आसा,करताना ह्या कर भरल्यानंतर मिळणारा कागदी निरीक्षण असा,कर टाळणा ह्या कर भरल्यानंतर मिळणारा कागदी निरीक्षण आसा,करताना ह्या कर भरल्यानंतर मिळणारा कागदी निरीक्षण असा,9.26,33.33,9.26,33.33,0
IISc_RESPIN_mr_D1_70951_416519_F_BANK_710247_70801424,D1,Banking,4.6,जेव्हा प्रकाश काचेवर पडता तेव्हा रिफ्लेक्शन होता,जेव्हा प्रकाश काचेवर पडता ते वा रिक्लेक्षण होता,जेव्हा प्रकाश काचेवर पडता तेव्हा रिफ्लेक्शन होता,जेव्हा प्रकाश काचेवर पडता ते वा रिक्लेक्षण होता,12.5,42.86,12.5,42.86,0
IISc_RESPIN_mr_D1_70951_416519_F_AGRI_709156_70801426,D1,Agriculture,3.86,लॉगिंगमुळा त्रासदायक रान वाढता,लॉगिंग मुळा त्रासदायक रान वाढता,लॉगिंगमुळा त्रासदायक रान वाढता,लॉगिंग मुळा त्रासदायक रान वाढता,3.33,50.0,3.33,50.0,0
IISc_RESPIN_mr_D1_70951_416519_F_BANK_707228_70801429,D1,Banking,7.0,तुम्ही जारी केलेल्यो चेकवर पेमेंट थांबवुची विनंती तुम्ही करू शकता,तुम्ही जारी केलेले चेक वर पेमेंट थांबवूची विनंती तुम्ही करू शकता,तुम्ही जारी केलेल्यो चेकवर पेमेंट थांबवुची विनंती तुम्ही करू शकता,तुम्ही जारी केलेले चेक वर पेमेंट थांबवूची विनंती तुम्ही करू शकता,7.69,40.0,7.69,40.0,0
IISc_RESPIN_mr_D2_71422_422008_F_BANK_714447_70801484,D2,Banking,5.31,युध्दना कायमा बराच लोकेस्नी शेअर बजारमा पैसा गुताडात म्हणे,युद्ध ना कायमा बराच लोकेसनी शेअर बजारमा पैसा गुताडात म्हने,युध्दना कायमा बराच लोकेस्नी शेअर बजारमा पैसा गुताडात म्हणे,युद्ध ना कायमा बराच लोकेसनी शेअर बजारमा पैसा गुताडात म्हने,8.62,44.44,8.62,44.44,0
IISc_RESPIN_mr_D2_71422_422008_F_AGRI_715851_70801506,D2,Agriculture,3.59,बाजारात आजकाल कच्चे केळे खूपच विक्रीला यायला लागले आहेत,बाजारात आजकाल कच्ची केळी खूपच विक्रीला यायला लागले आहेत,बाजारात आजकाल कच्चे केळे खूपच विक्रीला यायला लागले आहेत,बाजारात आजकाल कच्ची केळी खूपच विक्रीला यायला लागले आहेत,3.64,22.22,3.64,22.22,0
IISc_RESPIN_mr_D2_71422_422008_F_BANK_716578_70801517,D2,Banking,3.36,जागतिक चलन बाजारात या चलनांच्या किमती ठरवल्या जातात,जागतिक चलन बाजारात या चलनाच्या किमती ठरवली जातात,जागतिक चलन बाजारात या चलनांच्या किमती ठरवल्या जातात,जागतिक चलन बाजारात या चलनाच्या किमती ठरवली जातात,7.84,25.0,7.84,25.0,0
IISc_RESPIN_mr_D2_71424_422004_F_AGRI_716029_70801585,D2,Agriculture,3.77,मेंढ्या पाळणे हा जगातल्या सगळ्यात जुन्या व्यवसायामधलं एक काम आहे,मेंढ्या पाळणे हा जगातला सगळ्यात जुने व्यवसाय मधला एक काम आहे,मेंढ्या पाळणे हा जगातल्या सगळ्यात जुन्या व्यवसायामधलं एक काम आहे,मेंढ्या पाळणे हा जगातला सगळ्यात जुने व्यवसाय मधला एक काम आहे,10.94,40.0,10.94,40.0,0
IISc_RESPIN_mr_D2_71424_422004_F_BANK_714934_70801628,D2,Banking,3.5,चालू खात मुख्यकरून व्यवसाय करणाऱ्या लोकांसाठी असते,चालू खात मुख्य करुन व्यवसाय करणार्या लोकांसाठी असते,चालू खात मुख्यकरून व्यवसाय करणाऱ्या लोकांसाठी असते,चालू खात मुख्य करुन व्यवसाय करणार्या लोकांसाठी असते,6.0,42.86,6.0,42.86,0
IISc_RESPIN_mr_D2_71422_422008_F_AGRI_713887_70801643,D2,Agriculture,4.36,राजू घरगुती ग्रीनहाऊसमा चांगला काच वापरतस समजना का,राजू घरगुती करीन हाऊ समा चांगला काच वापरतात समज ना का,राजू घरगुती ग्रीनहाऊसमा चांगला काच वापरतस समजना का,राजू घरगुती करीन हाऊ समा चांगला काच वापरतात समज ना का,14.0,75.0,14.0,75.0,0
IISc_RESPIN_mr_D2_71422_422008_F_AGRI_717605_70801990,D2,Agriculture,5.47,कुक्कूटपालनासाठी शासकीय कर्ज व अनुदान उपलब्ध आहे का ? त्यासाठीचे निकष कोणते ?,कुक्कुटपालनासाठी शासकीय कर्ज भनुदान उपलब्ध आहे त्यासाठी चे निकष कोणते,कुक्कूटपालनासाठी शासकीय कर्ज व अनुदान उपलब्ध आहे का त्यासाठीचे निकष कोणते,कुक्कुटपालनासाठी शासकीय कर्ज भनुदान उपलब्ध आहे त्यासाठी चे निकष कोणते,10.96,45.45,15.58,53.85,0
IISc_RESPIN_mr_D2_71422_422008_F_BANK_718367_70802187,D2,Banking,2.81,यू.पी.आय सेवेच्या वापराबाबत माहिती हवी आहे,यू.पी.आय सेवेचा वापर बाबत माहिती ही आहे,यू पी आय सेवेच्या वापराबाबत माहिती हवी आहे,यू पी आय सेवेचा वापर बाबत माहिती ही आहे,9.52,50.0,9.52,66.67,0
IISc_RESPIN_mr_D2_71424_422004_F_AGRI_717644_70802321,D2,Agriculture,2.73,बाजारात कोणकोणती किटकनाशक औषधे आहेत ?,बाजारात कोणकोणते कीटकनाशक होते आहेत ?,बाजारात कोणकोणती किटकनाशक औषधे आहेत,बाजारात कोणकोणते कीटकनाशक होते आहेत,14.29,60.0,13.51,50.0,0
IISc_RESPIN_mr_D2_71422_422008_F_AGRI_717435_70802375,D2,Agriculture,2.87,शेतीचा माल विकण्यासाठी मी ॲप बनवू शकतो का ?,शेतीचा माल विकण्यासाठी मी ॲप बनवू शकतो का ?,शेतीचा माल विकण्यासाठी मी ॲप बनवू शकतो का,शेतीचा माल विकण्यासाठी मी ॲप बनवू शकतो का,0.0,0.0,0.0,0.0,1
IISc_RESPIN_mr_D2_71424_422004_F_BANK_718238_70802464,D2,Banking,3.44,मला माझ्या खात्याची गेल्या सहा महिन्यांची बॅलन्स शीट पाहिजे आहे,मला माझ्या खात्याची गेल्या साहन्यांची बॅलनशि पाहिजे आहे,मला माझ्या खात्याची गेल्या सहा महिन्यांची बॅलन्स शीट पाहिजे आहे,मला माझ्या खात्याची गेल्या साहन्यांची बॅलनशि पाहिजे आहे,14.29,40.0,14.29,40.0,0
IISc_RESPIN_mr_D2_71424_422004_F_AGRI_717605_70802467,D2,Agriculture,4.6,कुक्कूटपालनासाठी शासकीय कर्ज व अनुदान उपलब्ध आहे का ? त्यासाठीचे निकष कोणते ?,कुक्कुटपालनासाठी शासकीय कर्ज भ अनुदान उपलब्ध आहे त्यासाठी चे निकष कोणते ?,कुक्कूटपालनासाठी शासकीय कर्ज व अनुदान उपलब्ध आहे का त्यासाठीचे निकष कोणते,कुक्कुटपालनासाठी शासकीय कर्ज भ अनुदान उपलब्ध आहे त्यासाठी चे निकष कोणते,8.22,36.36,10.39,38.46,0
IISc_RESPIN_mr_D2_71424_422004_F_AGRI_717415_70802497,D2,Agriculture,2.33,आल्यावर थंड हवेचा काही परिणाम होतो का ?,आल्यावर थंड हवेचा काय परिणाम होतो का ?,आल्यावर थंड हवेचा काही परिणाम होतो का,आल्यावर थंड हवेचा काय परिणाम होतो का,5.41,14.29,5.13,12.5,0
IISc_RESPIN_mr_D2_71422_422008_F_BANK_718568_70802506,D2,Banking,3.85,कर्ज परतफेडी बाबत मला ऑनलाईन व ऑफलाईन माहिती पाहिजे आहे,कर्ज परत फेडी बाबत मला ऑनलाईन ऑफलाइन माहिती पाहिजे आहे,कर्ज परतफेडी बाबत मला ऑनलाईन व ऑफलाईन माहिती पाहिजे आहे,कर्ज परत फेडी बाबत मला ऑनलाईन ऑफलाइन माहिती पाहिजे आहे,7.27,40.0,7.27,40.0,0
IISc_RESPIN_mr_D2_71422_422008_F_AGRI_717732_70802542,D2,Agriculture,4.05,द्राक्षावर कोणते रोग पडू शकतात ? त्याची खबरदारी म्हणून काय उपाययोजना करावी ?,द्राक्षावर कोणते रोग पडू शकता त्याचे खूप दार म्हणून का उपाययोजना करावी ?,द्राक्षावर कोणते रोग पडू शकतात त्याची खबरदारी म्हणून काय उपाययोजना करावी,द्राक्षावर कोणते रोग पडू शकता त्याचे खूप दार म्हणून का उपाययोजना करावी,9.72,45.45,11.84,38.46,0
IISc_RESPIN_mr_D2_71424_422004_F_BANK_718048_70802582,D2,Banking,4.36,माझ्या डिपॉझिटची मॅच्युरिटी रक्कम आपोआप माझ्या खात्यावर जमा होईल का ?,माझ्या डिपॉझिट ची मॅच्युरिटी रक्कम आपा माझ्या खात्यावर जमा होईल का ?,माझ्या डिपॉझिटची मॅच्युरिटी रक्कम आपोआप माझ्या खात्यावर जमा होईल का,माझ्या डिपॉझिट ची मॅच्युरिटी रक्कम आपा माझ्या खात्यावर जमा होईल का,5.97,30.0,5.8,27.27,0
IISc_RESPIN_mr_D2_71424_422004_F_AGRI_717435_70802602,D2,Agriculture,2.95,शेतीचा माल विकण्यासाठी मी ॲप बनवू शकतो का ?,शेतीचा माल विकण्यासाठी मी ॲप बनवू शकतो का ?,शेतीचा माल विकण्यासाठी मी ॲप बनवू शकतो का,शेतीचा माल विकण्यासाठी मी ॲप बनवू शकतो का,0.0,0.0,0.0,0.0,1
IISc_RESPIN_mr_D2_71422_422008_F_BANK_718370_70802631,D2,Banking,3.77,मी क्यू.आर कोड स्कॅन करुन दुकानात पैसे कसे देऊ शकतो ?,मी क्यूआर कोड स्कॅन करून दुकानात पैसे कसे देऊ शकतो ?,मी क्यू आर कोड स्कॅन करुन दुकानात पैसे कसे देऊ शकतो,मी क्यूआर कोड स्कॅन करून दुकानात पैसे कसे देऊ शकतो,3.92,27.27,3.77,18.18,0
IISc_RESPIN_mr_D2_71422_422008_F_BANK_718238_70802715,D2,Banking,3.25,मला माझ्या खात्याची गेल्या सहा महिन्यांची बॅलन्स शीट पाहिजे आहे,मला माझ्या खात्याची गेल्या सामान्य चे बॅलन्शि पाहिले आहे,मला माझ्या खात्याची गेल्या सहा महिन्यांची बॅलन्स शीट पाहिजे आहे,मला माझ्या खात्याची गेल्या सामान्य चे बॅलन्शि पाहिले आहे,19.05,50.0,19.05,50.0,0
IISc_RESPIN_mr_D2_71439_422004_F_BANK_718344_70803769,D2,Banking,5.52,गोल्ड बॉण्ड साठी मला अर्ज करता येईल का ?,गोल्ड बॉण्ड साठी मला अर्ज करता येईल का ?,गोल्ड बॉण्ड साठी मला अर्ज करता येईल का,गोल्ड बॉण्ड साठी मला अर्ज करता येईल का,0.0,0.0,0.0,0.0,1
IISc_RESPIN_mr_D2_71439_422004_F_BANK_718554_70803792,D2,Banking,4.74,माझ्या आईला ऑनलाईन पैसे कसे पाठवता येतील ?,माझ्या आईला ऑनलाइन पैसे कसे पाठवता येतील ?,माझ्या आईला ऑनलाईन पैसे कसे पाठवता येतील,माझ्या आईला ऑनलाइन पैसे कसे पाठवता येतील,2.5,14.29,2.38,12.5,0
IISc_RESPIN_mr_D2_71433_422009_F_AGRI_714308_70805281,D2,Agriculture,4.41,भोपयाना भाजीना वापर रायता लोणचं खीर बनाडाना करता करतंस,बोप्याना बाजीना वापर रायता लोन चं खीर बनाडाना करता करतस,भोपयाना भाजीना वापर रायता लोणचं खीर बनाडाना करता करतंस,बोप्याना बाजीना वापर रायता लोन चं खीर बनाडाना करता करतस,11.11,55.56,11.11,55.56,0
IISc_RESPIN_mr_D2_71433_422009_F_BANK_715870_70807665,D2,Banking,3.29,भविष्य निर्वाह निधी ला पेन्शन निधीच्या नावाने ओळखलं जातं,भविष्य निर्वाह निधीला पेन्शन निधीच्या नावाने ओळखल जात,भविष्य निर्वाह निधी ला पेन्शन निधीच्या नावाने ओळखलं जातं,भविष्य निर्वाह निधीला पेन्शन निधीच्या नावाने ओळखल जात,5.36,44.44,5.36,44.44,0
IISc_RESPIN_mr_D2_71433_422009_F_AGRI_715804_70807677,D2,Agriculture,2.97,प्राचीन भारताचे लोक पण कापसाची शेती करत होते,प्राचीन भारताचे लोक पण कापसाची शेती करत होते,प्राचीन भारताचे लोक पण कापसाची शेती करत होते,प्राचीन भारताचे लोक पण कापसाची शेती करत होते,0.0,0.0,0.0,0.0,1
IISc_RESPIN_mr_D2_71433_422009_F_BANK_716427_70808405,D2,Banking,4.79,ग्राहक पॅकेज केलेल्या वस्तूंच्या उत्पादकांद्वारे कस्टम कूपन जारी केले जातात,ग्राहक पॅकेज केलेल्या असू च्या उत्पाद कांद्वारे स्तन कूपन जारी केले जातात,ग्राहक पॅकेज केलेल्या वस्तूंच्या उत्पादकांद्वारे कस्टम कूपन जारी केले जातात,ग्राहक पॅकेज केलेल्या असू च्या उत्पाद कांद्वारे स्तन कूपन जारी केले जातात,10.67,50.0,10.67,50.0,0
IISc_RESPIN_mr_D2_71433_422009_F_AGRI_716113_70808419,D2,Agriculture,5.99,"वनातील बागकाम कमी देखरेख , टिकाऊ रोपांवर आधारित उत्पादन पर्यावरणीय वनीकरण प्रणाली आहे",वनातील बाग काम कमी विक्री टिकाऊ रोपांवर आधारित उत्पादन पर्यावरणीय वनीकरण प्रणाली आहे,वनातील बागकाम कमी देखरेख टिकाऊ रोपांवर आधारित उत्पादन पर्यावरणीय वनीकरण प्रणाली आहे,वनातील बाग काम कमी विक्री टिकाऊ रोपांवर आधारित उत्पादन पर्यावरणीय वनीकरण प्रणाली आहे,8.43,25.0,10.59,30.77,0
IISc_RESPIN_mr_D2_71439_422004_F_BANK_718013_70808841,D2,Banking,5.53,माझे बँक खाते दुसऱ्या बँक खात्यात स्थलांतरीत करता येईल का ?,माझे बँक खाते दुस⁇्या बँक खात्यात स्थलांतरित करता येईल का ?,माझे बँक खाते दुसऱ्या बँक खात्यात स्थलांतरीत करता येईल का,माझे बँक खाते दुस⁇्या बँक खात्यात स्थलांतरित करता येईल का,3.51,20.0,3.39,18.18,0
IISc_RESPIN_mr_D2_71439_422004_F_AGRI_717825_70808884,D2,Agriculture,6.49,उन्हाळ्याच्या शेवटी व पावसाळ्याच्या सुरुवातीला कोणती पिके घ्यावीत ?,उन्हाळ्याच्या शेवटी व पावसाळ्याच्या सुरुवातीला कोणती पिके घ्यावीत ?,उन्हाळ्याच्या शेवटी व पावसाळ्याच्या सुरुवातीला कोणती पिके घ्यावीत,उन्हाळ्याच्या शेवटी व पावसाळ्याच्या सुरुवातीला कोणती पिके घ्यावीत,0.0,0.0,0.0,0.0,1
IISc_RESPIN_mr_D2_71439_422004_F_AGRI_717614_70808885,D2,Agriculture,3.2,तांदळासाठी कसे हवामान पाहिजे ?,तांदळासाठी कसे हवामान पायजे ?,तांदळासाठी कसे हवामान पाहिजे,तांदळासाठी कसे हवामान पायजे,7.14,25.0,6.67,20.0,0
IISc_RESPIN_mr_D2_71439_422004_F_BANK_718238_70809378,D2,Banking,6.81,मला माझ्या खात्याची गेल्या सहा महिन्यांची बॅलन्स शीट पाहिजे आहे,मला माझ्या खात्याची गेल्यास सहा महिन्याची बॅलन्स शीट पाहिजे आहे,मला माझ्या खात्याची गेल्या सहा महिन्यांची बॅलन्स शीट पाहिजे आहे,मला माझ्या खात्याची गेल्यास सहा महिन्याची बॅलन्स शीट पाहिजे आहे,3.17,20.0,3.17,20.0,0
IISc_RESPIN_mr_D2_71439_422004_F_AGRI_717661_70809510,D2,Agriculture,4.78,कापसाच्या पिकासाठी पीक विमा आहे का ?,कापसाच्या पिकासाठी पीक विमा आहे का ?,कापसाच्या पिकासाठी पीक विमा आहे का,कापसाच्या पिकासाठी पीक विमा आहे का,0.0,0.0,0.0,0.0,1
IISc_RESPIN_mr_D2_71439_422004_F_BANK_718606_70809825,D2,Banking,5.45,यू.पी.आय वर मिळालेले पैसे कसे तपासू ?,यू.पी.आय वर मिळालेले पैसे कसे तपासू ?,यू पी आय वर मिळालेले पैसे कसे तपासू,यू पी आय वर मिळालेले पैसे कसे तपासू,0.0,0.0,0.0,0.0,1
IISc_RESPIN_mr_D2_71433_422009_F_BANK_718596_70809909,D2,Banking,2.32,सामाजिक क्षेत्रातील योजना म्हणजे काय ?,सामाजिक क्षेत्रातील योजना म्हणजे काय ?,सामाजिक क्षेत्रातील योजना म्हणजे काय,सामाजिक क्षेत्रातील योजना म्हणजे काय,0.0,0.0,0.0,0.0,1
IISc_RESPIN_mr_D2_71433_422009_F_BANK_718390_70809927,D2,Banking,2.8,सामाजिक मदत मिळविण्यासाठी मला माहिती हवी आहे,सामाजिक मदत मिळवण्यासाठी मला माहिती हवी आहे,सामाजिक मदत मिळविण्यासाठी मला माहिती हवी आहे,सामाजिक मदत मिळवण्यासाठी मला माहिती हवी आहे,2.27,14.29,2.27,14.29,0
IISc_RESPIN_mr_D2_71439_422004_F_AGRI_717513_70810244,D2,Agriculture,4.8,शेतीमाल विकण्यासाठी मी स्वत:चे ॲप तयार करु शकतो का ?,शेतीमाल विकण्यासाठी मी स्वतःचे ॲप तयार करू शकतो का ?,शेतीमाल विकण्यासाठी मी स्वत चे ॲप तयार करु शकतो का,शेतीमाल विकण्यासाठी मी स्वतःचे ॲप तयार करू शकतो का,4.0,30.0,3.85,20.0,0
IISc_RESPIN_mr_D2_71439_422004_F_AGRI_717711_70810248,D2,Agriculture,8.37,"डांगर , भोपळा या भाज्या लवकर पोसण्यासाठी कोणते खत वापरावे , कधी औषध फवारणी करावी ?",डांगर भोपळा या भाज्या लवकर पोसण्यासाठी कोणते खत वापरावे कधी औषध फवारणी करावी ?,डांगर भोपळा या भाज्या लवकर पोसण्यासाठी कोणते खत वापरावे कधी औषध फवारणी करावी,डांगर भोपळा या भाज्या लवकर पोसण्यासाठी कोणते खत वापरावे कधी औषध फवारणी करावी,0.0,0.0,4.88,12.5,1
IISc_RESPIN_mr_D1_70951_416519_F_BANK_712138_70815501,D1,Banking,4.21,शिकुक कर्ज किती टाईमाक मिळात ?,शिकुक कर्ज किती टायमाक मिळात ?,शिकुक कर्ज किती टाईमाक मिळात,शिकुक कर्ज किती टायमाक मिळात,3.57,20.0,3.33,16.67,0
IISc_RESPIN_mr_D1_70951_416519_F_AGRI_711175_70815507,D1,Agriculture,6.01,आकाशात आद्रता जाली तर पिकांवरती परिणाम जाता काय ?,आकाशात आर्द्रता झाली तर पिकांवर ती परिणाम जाता काय ?,आकाशात आद्रता जाली तर पिकांवरती परिणाम जाता काय,आकाशात आर्द्रता झाली तर पिकांवर ती परिणाम जाता काय,8.51,50.0,8.16,44.44,0
IISc_RESPIN_mr_D2_71433_422009_F_BANK_718316_70820001,D2,Banking,2.76,बँकेतून रक्कम काढायला कुठली स्लीप लागते ?,बँकेतून रक्कम काढायला कुठली स्लीप लागते,बँकेतून रक्कम काढायला कुठली स्लीप लागते,बँकेतून रक्कम काढायला कुठली स्लीप लागते,0.0,0.0,4.88,14.29,1
IISc_RESPIN_mr_D2_71433_422009_F_BANK_718573_70820192,D2,Banking,2.16,के.वाय.सी अद्यावत करणे म्हणजे काय ?,के.वाय.सी अद्यावत करणे म्हणजे काय ?,के वाय सी अद्यावत करणे म्हणजे काय,के वाय सी अद्यावत करणे म्हणजे काय,0.0,0.0,0.0,0.0,1
IISc_RESPIN_mr_D2_71433_422009_F_AGRI_717618_70820197,D2,Agriculture,2.17,लाल मातीत कोणत्या पिकाची पेरणी करावी ?,लाल मातीत कोणत्या पिकाची पेरणी करावी,लाल मातीत कोणत्या पिकाची पेरणी करावी,लाल मातीत कोणत्या पिकाची पेरणी करावी,0.0,0.0,5.26,14.29,1
IISc_RESPIN_mr_D2_71433_422009_F_AGRI_717567_70820371,D2,Agriculture,2.17,पेरूवरील अळीचा बंदोबस्त कसा करावा ?,पेरू वर लाळ चा बंदोबस्त कसा करावा,पेरूवरील अळीचा बंदोबस्त कसा करावा,पेरू वर लाळ चा बंदोबस्त कसा करावा,15.15,80.0,20.0,83.33,0
IISc_RESPIN_mr_D2_71433_422009_F_BANK_718120_70820542,D2,Banking,3.7,दर महिन्याचे दिवस कमी जास्त असल्याने व्याजाची रक्कम वेगवेगळी असेल का ?,दर महिन्याचे दिवस कमी जास्त असल्याने व्याजाची रक्कम वेगवेगळी असेल का ?,दर महिन्याचे दिवस कमी जास्त असल्याने व्याजाची रक्कम वेगवेगळी असेल का,दर महिन्याचे दिवस कमी जास्त असल्याने व्याजाची रक्कम वेगवेगळी असेल का,0.0,0.0,0.0,0.0,1
IISc_RESPIN_mr_D1_70951_416519_F_BANK_712327_70823268,D1,Banking,4.33,वीम्याचे पैसे ऑनलाइन भरले तर ?,विम्याचे पैसे ऑनलाईन भरले तर,वीम्याचे पैसे ऑनलाइन भरले तर,विम्याचे पैसे ऑनलाईन भरले तर,7.14,40.0,13.33,50.0,0
IISc_RESPIN_mr_D1_70951_416519_F_BANK_712185_70823269,D1,Banking,4.02,कर्जाक लागणारी मुदत वाढ होता काय ?,कर्जाक लागणारी मुदत वाढ होता काय ?,कर्जाक लागणारी मुदत वाढ होता काय,कर्जाक लागणारी मुदत वाढ होता काय,0.0,0.0,0.0,0.0,1
IISc_RESPIN_mr_D1_70951_416519_F_AGRI_711605_70823552,D1,Agriculture,4.86,मत्स्य शेतीयेत कोलंबीचे उत्पादन घेतत काय ?,मत च्या शेती येत कोलंबीचे उत्पादन घेतत काय ?,मत्स्य शेतीयेत कोलंबीचे उत्पादन घेतत काय,मत च्या शेती येत कोलंबीचे उत्पादन घेतत काय,10.0,66.67,9.52,57.14,0
IISc_RESPIN_mr_D1_70951_416519_F_AGRI_711549_70825207,D1,Agriculture,4.05,ऑनलाइन अवजारा कशी मागवूची ?,ऑनलाइन अवजारा कशी मागची ?,ऑनलाइन अवजारा कशी मागवूची,ऑनलाइन अवजारा कशी मागची,8.0,25.0,7.41,20.0,0
IISc_RESPIN_mr_D1_70951_416519_F_AGRI_711696_70825217,D1,Agriculture,5.46,तुषार सिंचनाचो उपयोग करून खयची पीका चांगली येतत ?,तुषार सिंचनाचो उपयोग करून खयची पिका चांगली येतत ?,तुषार सिंचनाचो उपयोग करून खयची पीका चांगली येतत,तुषार सिंचनाचो उपयोग करून खयची पिका चांगली येतत,2.13,12.5,2.04,11.11,0
IISc_RESPIN_mr_D1_70951_416519_F_BANK_712484_70825218,D1,Banking,5.02,ऑनलाइन लाईट बिल भरलेल्याची पावती माका कशी मिळात ?,ऑनलाईन लाईट बिल भरलेल्या ची पावती माका कशी मिळात ?,ऑनलाइन लाईट बिल भरलेल्याची पावती माका कशी मिळात,ऑनलाईन लाईट बिल भरलेल्या ची पावती माका कशी मिळात,4.26,37.5,4.08,33.33,0
IISc_RESPIN_mr_D1_70951_416519_F_AGRI_711144_70825221,D1,Agriculture,5.34,न्हान काजीच्या रोपासाठी खताचा प्रमाण कितक्या वापराचा ?,न्हान काजीच्या रोपासाठी खताचा प्रमाण कितक्या वापराचा ?,न्हान काजीच्या रोपासाठी खताचा प्रमाण कितक्या वापराचा,न्हान काजीच्या रोपासाठी खताचा प्रमाण कितक्या वापराचा,0.0,0.0,0.0,0.0,1
IISc_RESPIN_mr_D2_71438_422006_F_AGRI_713250_70840380,D2,Agriculture,3.59,पिकनी शेती मा येगयेगळा पिके लेतस,पीक नी शेती मा येगयेगळा पिके लेतस,पिकनी शेती मा येगयेगळा पिके लेतस,पीक नी शेती मा येगयेगळा पिके लेतस,6.25,33.33,6.25,33.33,0
IISc_RESPIN_mr_D2_71438_422006_F_BANK_714510_70840902,D2,Banking,6.1,सरकार पायाभूत ठिकाणे विकास करानी करता करना वर उपकरबी लावस,सरकार पाया बुक ठिकाने विकास करानी चलता करनावर उपकरण बी लागस,सरकार पायाभूत ठिकाणे विकास करानी करता करना वर उपकरबी लावस,सरकार पाया बुक ठिकाने विकास करानी चलता करनावर उपकरण बी लागस,19.3,80.0,19.3,80.0,0
IISc_RESPIN_mr_D2_71438_422006_F_BANK_713241_70840917,D2,Banking,3.82,फोन पे वर मनी गनच बीमा करी ठेल शेत,फोन पे वर मनी जन बिमा करी ठेवल शे,फोन पे वर मनी गनच बीमा करी ठेल शेत,फोन पे वर मनी जन बिमा करी ठेवल शे,14.71,44.44,14.71,44.44,0
IISc_RESPIN_mr_D2_71438_422006_F_BANK_714865_70841099,D2,Banking,5.61,ऑनलाइन ऐप डाउनलोड करून कर्जाचा अर्ज लगेच करता येतो,ऑनलाइन एक डाउनलोड करून कर्जांचा अर्ज लगेच करता येतो,ऑनलाइन ऐप डाउनलोड करून कर्जाचा अर्ज लगेच करता येतो,ऑनलाइन एक डाउनलोड करून कर्जांचा अर्ज लगेच करता येतो,6.0,22.22,6.0,22.22,0
IISc_RESPIN_mr_D2_71438_422006_F_BANK_717968_70841225,D2,Banking,4.25,क्रेडिट कार्डसाठी ऑनलाईन पद्धतीने अर्ज करता येईल का ?,क्रेडिट कार्डसाठी ऑनलाईन पद्धतीने अर्ज करता येईल का ?,क्रेडिट कार्डसाठी ऑनलाईन पद्धतीने अर्ज करता येईल का,क्रेडिट कार्डसाठी ऑनलाईन पद्धतीने अर्ज करता येईल का,0.0,0.0,0.0,0.0,1
IISc_RESPIN_mr_D2_71438_422006_F_AGRI_717644_70841306,D2,Agriculture,3.77,बाजारात कोणकोणती किटकनाशक औषधे आहेत ?,बाजारात कोणकोणती कीटकनाशक औषधे आहेत ?,बाजारात कोणकोणती किटकनाशक औषधे आहेत,बाजारात कोणकोणती कीटकनाशक औषधे आहेत,2.86,20.0,2.7,16.67,0
IISc_RESPIN_mr_D2_71438_422006_F_BANK_718370_70841310,D2,Banking,4.41,मी क्यू.आर कोड स्कॅन करुन दुकानात पैसे कसे देऊ शकतो ?,मी क्यू.आर कोड स्कॅन करून दुकानात पैसे कसे देऊ शकतो ?,मी क्यू आर कोड स्कॅन करुन दुकानात पैसे कसे देऊ शकतो,मी क्यू आर कोड स्कॅन करून दुकानात पैसे कसे देऊ शकतो,1.96,9.09,1.89,9.09,0
IISc_RESPIN_mr_D2_71438_422006_F_BANK_718434_70841329,D2,Banking,4.65,माझे डेबिट कार्ड हरवले आहे ते बंद करण्यासाठी काय करावे लागेल ?,माझे डेबिट कार्ड हरवले आहे ते बंद करण्यासाठी काय करावे लागेल ?,माझे डेबिट कार्ड हरवले आहे ते बंद करण्यासाठी काय करावे लागेल,माझे डेबिट कार्ड हरवले आहे ते बंद करण्यासाठी काय करावे लागेल,0.0,0.0,0.0,0.0,1
IISc_RESPIN_mr_D2_71438_422006_F_BANK_718048_70841427,D2,Banking,5.33,माझ्या डिपॉझिटची मॅच्युरिटी रक्कम आपोआप माझ्या खात्यावर जमा होईल का ?,माझ्या डिपॉझिट ची मॅच्युरिटी रक्कम अप माझ्या खात्यावर जमा होईल का ?,माझ्या डिपॉझिटची मॅच्युरिटी रक्कम आपोआप माझ्या खात्यावर जमा होईल का,माझ्या डिपॉझिट ची मॅच्युरिटी रक्कम अप माझ्या खात्यावर जमा होईल का,7.46,30.0,7.25,27.27,0
IISc_RESPIN_mr_D2_71438_422006_F_AGRI_717572_70841496,D2,Agriculture,3.41,आवळे काढण्यासाठी सोपी पद्धत कोणती ?,आवळ काढण्यासाठी सोपी पद्धत कोणती ?,आवळे काढण्यासाठी सोपी पद्धत कोणती,आवळ काढण्यासाठी सोपी पद्धत कोणती,3.03,20.0,2.86,16.67,0
IISc_RESPIN_mr_D2_71438_422006_F_BANK_718031_70841518,D2,Banking,4.67,कर्जाचे तीन हफ्ते थकले आहेत पुढे एकत्र भरता येतील का ?,कर्जाचे तीन हफ्ते थकले आहेत पुढे पत्र भरता येतील का ?,कर्जाचे तीन हफ्ते थकले आहेत पुढे एकत्र भरता येतील का,कर्जाचे तीन हफ्ते थकले आहेत पुढे पत्र भरता येतील का,3.85,10.0,3.7,9.09,0
IISc_RESPIN_mr_D2_71438_422006_F_BANK_718214_70841534,D2,Banking,3.16,गुंतवणूकीचे मुख्य कारण काय आहे ?,गुंतवणुकीचे मुख्य कारण काय आहे ?,गुंतवणूकीचे मुख्य कारण काय आहे,गुंतवणुकीचे मुख्य कारण काय आहे,3.33,20.0,3.12,16.67,0
IISc_RESPIN_mr_D1_71522_416513_F_AGRI_709604_70853976,D1,Agriculture,6.99,मेंढरांचे लोकराचे प्रक्रियेत पयली मेंढरातल्या लोकर काढतत,मेंढरांचे लोकराचे प्रक्रियेत पहिली मेंढरात ल्या लोकर काढतत,मेंढरांचे लोकराचे प्रक्रियेत पयली मेंढरातल्या लोकर काढतत,मेंढरांचे लोकराचे प्रक्रियेत पहिली मेंढरात ल्या लोकर काढतत,5.36,42.86,5.36,42.86,0
IISc_RESPIN_mr_D1_71522_416513_F_BANK_706807_70853981,D1,Banking,6.35,ट्रस्ट फंड ह्यो एक इस्टेट प्लॅनिंग साधन असा,ट्रस्ट फंड ह्यो एक इस्टेट प्लॅनिंग साधन असा,ट्रस्ट फंड ह्यो एक इस्टेट प्लॅनिंग साधन असा,ट्रस्ट फंड ह्यो एक इस्टेट प्लॅनिंग साधन असा,0.0,0.0,0.0,0.0,1
IISc_RESPIN_mr_D1_71522_416513_F_AGRI_708011_70853989,D1,Agriculture,4.73,वनस्पतींचा दूध औषध म्हणून वापरला जाता,वनस्पतींचा दूध औषध म्हणून वापरला जाता,वनस्पतींचा दूध औषध म्हणून वापरला जाता,वनस्पतींचा दूध औषध म्हणून वापरला जाता,0.0,0.0,0.0,0.0,1
IISc_RESPIN_mr_D1_71522_416513_F_AGRI_708822_70853993,D1,Agriculture,6.4,सकाळच्या येळेक हलक्या हवेन धूळ झाडूची प्रक्रिया होता,सकाळच्या येळेक हलक्या हवे दोन झाडूची प्रक्रिया होता,सकाळच्या येळेक हलक्या हवेन धूळ झाडूची प्रक्रिया होता,सकाळच्या येळेक हलक्या हवे दोन झाडूची प्रक्रिया होता,7.69,25.0,7.69,25.0,0
IISc_RESPIN_mr_D1_71522_416513_F_BANK_706654_70853998,D1,Banking,6.61,मालमत्ता कर ह्या जाहिरात मूल्यमापन कर आकारणी असा,मालमत्ता कर ह्या जायलात मूल्यमापन कर आकारणी असा,मालमत्ता कर ह्या जाहिरात मूल्यमापन कर आकारणी असा,मालमत्ता कर ह्या जायलात मूल्यमापन कर आकारणी असा,6.25,12.5,6.25,12.5,0
IISc_RESPIN_mr_D1_71522_416513_F_BANK_708472_70854001,D1,Banking,7.51,मूळ जोखमीक हेजिंगच्या माध्यमातून कमी केला जावक शकता काय ?,मूळ जोखमी हेजिंग च्या माध्यमातून कमी केला जावक शकता काय ?,मूळ जोखमीक हेजिंगच्या माध्यमातून कमी केला जावक शकता काय,मूळ जोखमी हेजिंग च्या माध्यमातून कमी केला जावक शकता काय,3.64,33.33,3.51,30.0,0
IISc_RESPIN_mr_D1_71522_416513_F_AGRI_711634_70854716,D1,Agriculture,5.3,सरकारकडून शेतीच्या कामाक कसली यंत्रा मिळतत ?,सरकार करून शेतीच्या कामा कसली यंत्रा मिळतत ?,सरकारकडून शेतीच्या कामाक कसली यंत्रा मिळतत,सरकार करून शेतीच्या कामा कसली यंत्रा मिळतत,7.14,50.0,6.82,42.86,0
IISc_RESPIN_mr_D1_71522_416513_F_BANK_712327_70854723,D1,Banking,4.64,वीम्याचे पैसे ऑनलाइन भरले तर ?,विम्याचे पैसे ऑनलाईन भरले तर,वीम्याचे पैसे ऑनलाइन भरले तर,विम्याचे पैसे ऑनलाईन भरले तर,7.14,40.0,13.33,50.0,0
IISc_RESPIN_mr_D1_71522_416513_F_AGRI_711412_70854748,D1,Agriculture,3.59,खता किती प्रमाणात वापरुची ?,खता किती प्रमाणात वापरूची ?,खता किती प्रमाणात वापरुची,खता किती प्रमाणात वापरूची,4.0,25.0,3.7,20.0,0
IISc_RESPIN_mr_D1_71522_416513_F_AGRI_711175_70856077,D1,Agriculture,6.47,आकाशात आद्रता जाली तर पिकांवरती परिणाम जाता काय ?,आकाशात आर्द्रता झाली तर पिकांवर ती परिणाम जाता काय ?,आकाशात आद्रता जाली तर पिकांवरती परिणाम जाता काय,आकाशात आर्द्रता झाली तर पिकांवर ती परिणाम जाता काय,8.51,50.0,8.16,44.44,0
IISc_RESPIN_mr_D1_71522_416513_F_AGRI_711623_70856079,D1,Agriculture,4.37,थंडीच्या हवामानात खयची पिकां बरी वाढतत ?,थंडीच्या हवामानात खयची पिका बरी वाढतत ?,थंडीच्या हवामानात खयची पिकां बरी वाढतत,थंडीच्या हवामानात खयची पिका बरी वाढतत,2.63,16.67,2.5,14.29,0
IISc_RESPIN_mr_D1_71522_416513_F_BANK_712300_70856138,D1,Banking,2.92,बचत खाता म्हणजे काय ?,बचत खाता म्हणजे काय ?,बचत खाता म्हणजे काय,बचत खाता म्हणजे काय,0.0,0.0,0.0,0.0,1
IISc_RESPIN_mr_D4_71917_441203_M_AGRI_723108_70865887,D4,Agriculture,4.92,एका हेक्टर संत्र्यामंदी किती फेरेमन सापडन ?,एका हेक्टर संत्रा मंदी किती फेरमन सापडन ?,एका हेक्टर संत्र्यामंदी किती फेरेमन सापडन,एका हेक्टर संत्रा मंदी किती फेरमन सापडन,9.76,50.0,9.3,42.86,0
IISc_RESPIN_mr_D2_71062_421004_F_BANK_714447_70866237,D2,Banking,11.88,युध्दना कायमा बराच लोकेस्नी शेअर बजारमा पैसा गुताडात म्हणे,युद्ध ना काय मा बराच लोके सी शेअर बजारमा पैसा गुंताडात म्हणे,युध्दना कायमा बराच लोकेस्नी शेअर बजारमा पैसा गुताडात म्हणे,युद्ध ना काय मा बराच लोके सी शेअर बजारमा पैसा गुंताडात म्हणे,13.79,77.78,13.79,77.78,0
IISc_RESPIN_mr_D1_71542_416513_F_AGRI_711564_70885809,D1,Agriculture,4.86,आताची नवी पिढी शेतीच्या खयच्या पद्धतीर जास्त भर दिता ?,आताची नवी पिढी शेतीच्या खयच्या पद्धतीत जास्त भर दिता ?,आताची नवी पिढी शेतीच्या खयच्या पद्धतीर जास्त भर दिता,आताची नवी पिढी शेतीच्या खयच्या पद्धतीत जास्त भर दिता,1.92,11.11,1.85,10.0,0
IISc_RESPIN_mr_D1_71542_416513_F_AGRI_711764_70885914,D1,Agriculture,3.61,एक डझन अंड्यांचो दर काय आसा ?,एक डझन अंड्यांचो दर काय आसा ?,एक डझन अंड्यांचो दर काय आसा,एक डझन अंड्यांचो दर काय आसा,0.0,0.0,0.0,0.0,1
IISc_RESPIN_mr_D2_71062_421004_F_BANK_716564_70889391,D2,Banking,5.86,सर्व हॉटेल्सना डिजिटल मनी घेण्याची सोय सुरु केली आहे,सर्व हॉटे्सना डिजिटल मनी घेण्याची सोय सुरू केले आहे,सर्व हॉटेल्सना डिजिटल मनी घेण्याची सोय सुरु केली आहे,सर्व हॉटे्सना डिजिटल मनी घेण्याची सोय सुरू केले आहे,5.77,33.33,5.77,33.33,0
IISc_RESPIN_mr_D2_71062_421004_F_AGRI_714525_70891784,D2,Agriculture,8.01,सेंद्रीय शेतीमा परंपरागत शेतीना तुलनामा कमी उत्पादन येस,सेंद्रिय शेती मा परंपरागत शेती ना तुना मा कमी उत्पादन येस,सेंद्रीय शेतीमा परंपरागत शेतीना तुलनामा कमी उत्पादन येस,सेंद्रिय शेती मा परंपरागत शेती ना तुना मा कमी उत्पादन येस,9.09,87.5,9.09,87.5,0
IISc_RESPIN_mr_D4_71917_441203_M_BANK_724266_70891953,D4,Banking,3.02,कर्ज काढासाठी कोंते कागद लागन ?,कर्ज काढासाठी कोंते कागद लागन ?,कर्ज काढासाठी कोंते कागद लागन,कर्ज काढासाठी कोंते कागद लागन,0.0,0.0,0.0,0.0,1
IISc_RESPIN_mr_D2_71062_421004_F_AGRI_716413_70893603,D2,Agriculture,6.45,गोड्या पाण्यातील कोळंबी शेती हा मत्स्यपालन व्यवसाय आहे,गोड्या पाण्यातील कोळंबी शेती हा मत्स्यपालन व्यवसाय आहे,गोड्या पाण्यातील कोळंबी शेती हा मत्स्यपालन व्यवसाय आहे,गोड्या पाण्यातील कोळंबी शेती हा मत्स्यपालन व्यवसाय आहे,0.0,0.0,0.0,0.0,1
IISc_RESPIN_mr_D2_71062_421004_F_AGRI_715831_70893641,D2,Agriculture,7.21,बकरीच्या उच्च अनुवांशिक योग्यतेच्या नोंदणी असलेल्या जाती फक्त बारा जाती आहेत,बकरीच्या उच्च अनुवंशिक योग्य तेच्या नोंदणी असलेल्या जाती फक्त बारा जाती आहेत,बकरीच्या उच्च अनुवांशिक योग्यतेच्या नोंदणी असलेल्या जाती फक्त बारा जाती आहेत,बकरीच्या उच्च अनुवंशिक योग्य तेच्या नोंदणी असलेल्या जाती फक्त बारा जाती आहेत,2.63,27.27,2.63,27.27,0
IISc_RESPIN_mr_D2_71062_421004_F_AGRI_713892_70895731,D2,Agriculture,7.34,फळस झाळे कलम आणि बियापासिन वाढू शकतस,फणस झाडे कलम आणि बिया पासेनी वाढू शकतस,फळस झाळे कलम आणि बियापासिन वाढू शकतस,फणस झाडे कलम आणि बिया पासेनी वाढू शकतस,13.89,57.14,13.89,57.14,0
IISc_RESPIN_mr_D2_71062_421004_F_BANK_716557_70895740,D2,Banking,8.89,पी.एन.बी भारतातील दुसरी सर्वात मोठी सार्वजनिक क्षेत्रातील व्यावसायिक बँक आहे,पी.एन.बी भारतातील दुसरी सर्वात मोठी सार्वजनिक क्षेत्रातील व्यावसायिक बँक आहे,पी एन बी भारतातील दुसरी सर्वात मोठी सार्वजनिक क्षेत्रातील व्यावसायिक बँक आहे,पी एन बी भारतातील दुसरी सर्वात मोठी सार्वजनिक क्षेत्रातील व्यावसायिक बँक आहे,0.0,0.0,0.0,0.0,1
IISc_RESPIN_mr_D2_71652_422005_F_BANK_717047_70896459,D2,Banking,6.68,जेव्हा पुरवठा आणि मागणी असते तेव्हा विनिमय दर तरंगत असतो,जेव्हा पुरवठा आणि मागणी असते तेव्हा विनिमय दर तरंगत असतो,जेव्हा पुरवठा आणि मागणी असते तेव्हा विनिमय दर तरंगत असतो,जेव्हा पुरवठा आणि मागणी असते तेव्हा विनिमय दर तरंगत असतो,0.0,0.0,0.0,0.0,1
IISc_RESPIN_mr_D1_71542_416513_F_BANK_712134_70896662,D1,Banking,4.07,माका घर बांधूचा हा माका कर्ज मिळात काय ?,माका घर बांबूचा हा माका कर्ज मिळात काय ?,माका घर बांधूचा हा माका कर्ज मिळात काय,माका घर बांबूचा हा माका कर्ज मिळात काय,2.63,12.5,2.5,11.11,0
IISc_RESPIN_mr_D1_71542_416513_F_BANK_712204_70897036,D1,Banking,3.29,पुननिर्वेश योजना काय आसता ?,पन निर्वेश योजना काय असता ?,पुननिर्वेश योजना काय आसता,पन निर्वेश योजना काय असता,12.0,75.0,11.11,60.0,0
IISc_RESPIN_mr_D1_71542_416513_F_BANK_712118_70897068,D1,Banking,5.3,माका माझा खाता घरी बसान ऑनलाइन वापरूचा हा ता कसा करूचा ?,माका माझा खाता घरी बसान ऑनलाइन वापरूचा ता कसा करूचा ?,माका माझा खाता घरी बसान ऑनलाइन वापरूचा हा ता कसा करूचा,माका माझा खाता घरी बसान ऑनलाइन वापरूचा ता कसा करूचा,5.56,9.09,5.36,8.33,0
IISc_RESPIN_mr_D2_71652_422005_F_BANK_715223_70897120,D2,Banking,7.54,सुशीला ने आपली सर्व माहिती भरून नेट बँकिंग सुविधेसाठी रजिस्ट्रेशन केल,सुशीलने आपली सर्व माहिती भरून नेट बँकिंग सुविधेसाठी रजिस्टेशन केलं,सुशीला ने आपली सर्व माहिती भरून नेट बँकिंग सुविधेसाठी रजिस्ट्रेशन केल,सुशीलने आपली सर्व माहिती भरून नेट बँकिंग सुविधेसाठी रजिस्टेशन केलं,7.25,36.36,7.25,36.36,0
IISc_RESPIN_mr_D2_71652_422005_F_BANK_715870_70897365,D2,Banking,5.91,भविष्य निर्वाह निधी ला पेन्शन निधीच्या नावाने ओळखलं जातं,भविष्य निर्वाह निधीला पेन्शन निधीच्या नावाने ओळखले जात,भविष्य निर्वाह निधी ला पेन्शन निधीच्या नावाने ओळखलं जातं,भविष्य निर्वाह निधीला पेन्शन निधीच्या नावाने ओळखले जात,5.36,44.44,5.36,44.44,0
IISc_RESPIN_mr_D2_71652_422005_F_BANK_716557_70897381,D2,Banking,8.89,पी.एन.बी भारतातील दुसरी सर्वात मोठी सार्वजनिक क्षेत्रातील व्यावसायिक बँक आहे,पी.एन.बी भारतातील दुसरी सर्वात मोठी सार्वजनिक क्षेत्रातील व्यावसायिक बँक आहे,पी एन बी भारतातील दुसरी सर्वात मोठी सार्वजनिक क्षेत्रातील व्यावसायिक बँक आहे,पी एन बी भारतातील दुसरी सर्वात मोठी सार्वजनिक क्षेत्रातील व्यावसायिक बँक आहे,0.0,0.0,0.0,0.0,1
IISc_RESPIN_mr_D2_71652_422005_F_BANK_716427_70897564,D2,Banking,7.55,ग्राहक पॅकेज केलेल्या वस्तूंच्या उत्पादकांद्वारे कस्टम कूपन जारी केले जातात,ग्राहक पॅकेज केलेल्या वस्तूच्या उत्पाद कांद्वारे कस्टम कूपन जारी केले जातात,ग्राहक पॅकेज केलेल्या वस्तूंच्या उत्पादकांद्वारे कस्टम कूपन जारी केले जातात,ग्राहक पॅकेज केलेल्या वस्तूच्या उत्पाद कांद्वारे कस्टम कूपन जारी केले जातात,2.67,30.0,2.67,30.0,0
IISc_RESPIN_mr_D4_71917_441203_M_BANK_723633_70898407,D4,Banking,3.03,ॲक्सिडंट बिमा कसा भरता येईन ?,ॲकचीदन बिमा कसा भरता येईन ?,ॲक्सिडंट बिमा कसा भरता येईन,ॲकचीदन बिमा कसा भरता येईन,22.22,20.0,20.69,16.67,0
IISc_RESPIN_mr_D4_71917_441203_M_BANK_723720_70898831,D4,Banking,3.12,यू.पी.आय न पैसा पाठवन सोपं हाय का ?,यू.पी.आय नं पैसे पाठवण सोप हाय का ?,यू पी आय न पैसा पाठवन सोपं हाय का,यू पी आय नं पैसे पाठवण सोप हाय का,12.12,44.44,11.43,50.0,0
IISc_RESPIN_mr_D4_71917_441203_M_AGRI_723513_70898847,D4,Agriculture,3.25,सेंद्रीय शेतीतलं पीक चांगल्या दर्जाचं रायते का ?,सेंद्रिय शेतीतील पीक चांगल्या करण्याच रायते का ?,सेंद्रीय शेतीतलं पीक चांगल्या दर्जाचं रायते का,सेंद्रिय शेतीतील पीक चांगल्या करण्याच रायते का,15.22,42.86,14.58,37.5,0
IISc_RESPIN_mr_D2_71652_422005_F_AGRI_716113_70901407,D2,Agriculture,8.21,"वनातील बागकाम कमी देखरेख , टिकाऊ रोपांवर आधारित उत्पादन पर्यावरणीय वनीकरण प्रणाली आहे",वनातील बागकाम कमी देखरे टिकाऊ रोपावर आधारित उत्पादन पर्यावरणीय वनीकरण प्रणाली आहे,वनातील बागकाम कमी देखरेख टिकाऊ रोपांवर आधारित उत्पादन पर्यावरणीय वनीकरण प्रणाली आहे,वनातील बागकाम कमी देखरे टिकाऊ रोपावर आधारित उत्पादन पर्यावरणीय वनीकरण प्रणाली आहे,2.41,16.67,4.71,23.08,0
IISc_RESPIN_mr_D2_71652_422005_F_BANK_716685_70901412,D2,Banking,6.86,बँक चोऱ्यांना आळा घालण्यासाठी राजकीय पोलिसांना सज्ज राहावे लागते,बँक चोर यांना आळा घालण्यासाठी राष्ट्रीय पोलिसांना सजावे लागते,बँक चोऱ्यांना आळा घालण्यासाठी राजकीय पोलिसांना सज्ज राहावे लागते,बँक चोर यांना आळा घालण्यासाठी राष्ट्रीय पोलिसांना सजावे लागते,20.31,55.56,20.31,55.56,0
IISc_RESPIN_mr_D2_71652_422005_F_BANK_715835_70901423,D2,Banking,7.14,बँकेतील देवाण घेवाण बँकेच्या काही मार्गदर्शकां नुसार असते,बँकेतील देवाणघेवाण बँकेच्या काही मार्गदर्श काम नुसार असते,बँकेतील देवाण घेवाण बँकेच्या काही मार्गदर्शकां नुसार असते,बँकेतील देवाणघेवाण बँकेच्या काही मार्गदर्श काम नुसार असते,5.26,50.0,5.26,50.0,0
IISc_RESPIN_mr_D2_71652_422005_F_AGRI_716418_70901956,D2,Agriculture,10.16,हळद ही चार ते पाच फुटांपर्यंत वाढणारी वनस्पती असून ती झाडाच्या मुळांच्या गाठींमध्ये आढळते,हळद ही चार ते पाच फुटापर्यंत वाढणारी वनस्पती असून ती झाडाच्या मुळाच्या गाठी मध्ये आढळते,हळद ही चार ते पाच फुटांपर्यंत वाढणारी वनस्पती असून ती झाडाच्या मुळांच्या गाठींमध्ये आढळते,हळद ही चार ते पाच फुटापर्यंत वाढणारी वनस्पती असून ती झाडाच्या मुळाच्या गाठी मध्ये आढळते,3.37,28.57,3.37,28.57,0
IISc_RESPIN_mr_D2_71652_422005_F_AGRI_717572_70902146,D2,Agriculture,4.61,आवळे काढण्यासाठी सोपी पद्धत कोणती ?,आवळे काढण्यासाठी सोपी पद्धत कोणती ?,आवळे काढण्यासाठी सोपी पद्धत कोणती,आवळे काढण्यासाठी सोपी पद्धत कोणती,0.0,0.0,0.0,0.0,1
IISc_RESPIN_mr_D2_71062_421004_F_BANK_718237_70902184,D2,Banking,3.89,माझा बँक खाते क्रमांक काय आहे ?,माझा बँक खाते क्रमांक काय आहे ?,माझा बँक खाते क्रमांक काय आहे,माझा बँक खाते क्रमांक काय आहे,0.0,0.0,0.0,0.0,1
IISc_RESPIN_mr_D2_71062_421004_F_BANK_718149_70902221,D2,Banking,5.69,हेल्थ इन्शुरन्स म्हणजे काय ? तो घेण्याचे लाभ कोणते ?,फेड इन्शुरन्स म्हणजे काय तो घेण्याचे लाभ कोणते ?,हेल्थ इन्शुरन्स म्हणजे काय तो घेण्याचे लाभ कोणते,फेड इन्शुरन्स म्हणजे काय तो घेण्याचे लाभ कोणते,8.33,12.5,11.54,20.0,0
IISc_RESPIN_mr_D2_71652_422005_F_BANK_718434_70902584,D2,Banking,6.56,माझे डेबिट कार्ड हरवले आहे ते बंद करण्यासाठी काय करावे लागेल ?,माझे डेबिट कार्ड हरवले आहे ते बंद करण्यासाठी काय करावे लागेल ?,माझे डेबिट कार्ड हरवले आहे ते बंद करण्यासाठी काय करावे लागेल,माझे डेबिट कार्ड हरवले आहे ते बंद करण्यासाठी काय करावे लागेल,0.0,0.0,0.0,0.0,1
IISc_RESPIN_mr_D2_71652_422005_F_BANK_718464_70902613,D2,Banking,3.73,यू.पी.आय चा वापर कसा केला जातो ?,यू.पी.आय चा वापर कसा केला जातो ?,यू पी आय चा वापर कसा केला जातो,यू पी आय चा वापर कसा केला जातो,0.0,0.0,0.0,0.0,1
IISc_RESPIN_mr_D2_71652_422005_F_AGRI_717715_70902929,D2,Agriculture,5.87,जमिनीची सुपिकता वाढवण्यासाठी सेंद्रिय खत चांगले आहे का ?,जमिनीची सुपीकता वाढविण्यासाठी सेंद्रिय खत चांगले आहे का ?,जमिनीची सुपिकता वाढवण्यासाठी सेंद्रिय खत चांगले आहे का,जमिनीची सुपीकता वाढविण्यासाठी सेंद्रिय खत चांगले आहे का,3.7,25.0,3.57,22.22,0
IISc_RESPIN_mr_D4_71917_441203_M_AGRI_723532_70907944,D4,Agriculture,2.55,मोसंबीचे झाड पिवळे काऊन पडते ?,मोसंबीची झाड पिवळे काम पडते,मोसंबीचे झाड पिवळे काऊन पडते,मोसंबीची झाड पिवळे काम पडते,10.71,40.0,16.67,50.0,0
IISc_RESPIN_mr_D2_71652_422005_F_AGRI_717650_70909245,D2,Agriculture,3.55,बटाटा ह्या पिकाची लागवड कशी करावी ?,बटाटा ह्या पिकाची लागवड कशी करावी ?,बटाटा ह्या पिकाची लागवड कशी करावी,बटाटा ह्या पिकाची लागवड कशी करावी,0.0,0.0,0.0,0.0,1
IISc_RESPIN_mr_D2_71062_421004_F_BANK_718266_70911434,D2,Banking,4.67,बँकेमध्ये खाते उघडण्यासाठी मला काय करावे लागेल ?,बँक मध्ये खाते उघडण्यासाठी मला काय करावे लागेल ?,बँकेमध्ये खाते उघडण्यासाठी मला काय करावे लागेल,बँक मध्ये खाते उघडण्यासाठी मला काय करावे लागेल,2.17,28.57,2.08,25.0,0
IISc_RESPIN_mr_D2_71062_421004_F_BANK_718207_70911437,D2,Banking,4.57,माझे कार्ड ब्लॉक झाल्यास मी काय करावे ?,माझे कार्ड ब्लॉक झाल्यास मी काय करावे ?,माझे कार्ड ब्लॉक झाल्यास मी काय करावे,माझे कार्ड ब्लॉक झाल्यास मी काय करावे,0.0,0.0,0.0,0.0,1
IISc_RESPIN_mr_D2_71062_421004_F_BANK_718606_70911452,D2,Banking,5.17,यू.पी.आय वर मिळालेले पैसे कसे तपासू ?,यू.पी.आय वर मिळालेले पैसे कसे तपासू ?,यू पी आय वर मिळालेले पैसे कसे तपासू,यू पी आय वर मिळालेले पैसे कसे तपासू,0.0,0.0,0.0,0.0,1
IISc_RESPIN_mr_D2_71062_421004_F_AGRI_717914_70916765,D2,Agriculture,6.41,काजू पॅकिंग न करता तसेच ठेवले तर ते जास्त काळ टिकू शकते का ?,काजू पॅकिंग नं करता कसे ठेवले तर ते जास्त काळ टिकू शकते का ?,काजू पॅकिंग न करता तसेच ठेवले तर ते जास्त काळ टिकू शकते का,काजू पॅकिंग नं करता कसे ठेवले तर ते जास्त काळ टिकू शकते का,5.17,15.38,5.0,14.29,0
IISc_RESPIN_mr_D4_71943_440001_F_BANK_723794_70930863,D4,Banking,5.29,सामाजिक योजनेमंधून मले कसे पैसे भेटू सकन ?,सामाजिक योजनेमधून मले कसे पैसे भेटू सकन ?,सामाजिक योजनेमंधून मले कसे पैसे भेटू सकन,सामाजिक योजनेमधून मले कसे पैसे भेटू सकन,2.5,14.29,2.38,12.5,0
IISc_RESPIN_mr_D4_71943_440001_F_BANK_723875_70930894,D4,Banking,3.87,मोबाईलनं मले बिम्याचे हप्ते भरता येईन का ?,मोबाईलनं मले विम्याचे हप्ते भरता येईन का ?,मोबाईलनं मले बिम्याचे हप्ते भरता येईन का,मोबाईलनं मले विम्याचे हप्ते भरता येईन का,2.5,14.29,2.38,12.5,0
IISc_RESPIN_mr_D1_71578_416513_F_BANK_706402_70931218,D1,Banking,5.35,एकूण मालमत्तेनुसार मोजलव तर जगात अनेक बँका असत,एकूण मालमत्ते नुसार मोजला तर जगात अनेक बँका असत,एकूण मालमत्तेनुसार मोजलव तर जगात अनेक बँका असत,एकूण मालमत्ते नुसार मोजला तर जगात अनेक बँका असत,4.35,37.5,4.35,37.5,0
IISc_RESPIN_mr_D4_71943_440001_F_AGRI_723304_70932910,D4,Agriculture,3.45,संत्र्याच्या पिकाची साठवन कशी कराव ?,संत्र्याच्या पिकाची साठवण कशी कराव,संत्र्याच्या पिकाची साठवन कशी कराव,संत्र्याच्या पिकाची साठवण कशी कराव,2.94,20.0,8.33,33.33,0
IISc_RESPIN_mr_D1_71593_416513_F_AGRI_707743_70933020,D1,Agriculture,4.31,पृष्ठभाग सिंचन ह्यो जगातलो सगळ्यात साधो सिंचन प्रकार आसा,पृष्ठभाग सिंचन ह्यो जगातल्या सगळ्यात साधो सिंचन प्रकार असा,पृष्ठभाग सिंचन ह्यो जगातलो सगळ्यात साधो सिंचन प्रकार आसा,पृष्ठभाग सिंचन ह्यो जगातल्या सगळ्यात साधो सिंचन प्रकार असा,7.14,22.22,7.14,22.22,0
IISc_RESPIN_mr_D1_71593_416513_F_AGRI_709739_70933028,D1,Agriculture,8.51,अंत्योदय अन्न योजनेचे उद्दिष्ट लाखो गरीब कुटुंबांका उच्च अनुदानावर अन्न पुरवण्याचा आसा,त्यो दही अन्न योजनेचे उद्देश लाखो वरी कुटुंबं उच्च अनुदानावर अन्न पुरवण्याच असा,अंत्योदय अन्न योजनेचे उद्दिष्ट लाखो गरीब कुटुंबांका उच्च अनुदानावर अन्न पुरवण्याचा आसा,त्यो दही अन्न योजनेचे उद्देश लाखो वरी कुटुंबं उच्च अनुदानावर अन्न पुरवण्याच असा,18.6,58.33,18.6,58.33,0
IISc_RESPIN_mr_D1_71593_416513_F_BANK_706402_70933045,D1,Banking,3.8,एकूण मालमत्तेनुसार मोजलव तर जगात अनेक बँका असत,एकूण मालमत्ते नुसार मोजला तर जगात अनेक बँका असत,एकूण मालमत्तेनुसार मोजलव तर जगात अनेक बँका असत,एकूण मालमत्ते नुसार मोजला तर जगात अनेक बँका असत,4.35,37.5,4.35,37.5,0
IISc_RESPIN_mr_D4_71943_440001_F_AGRI_723468_70933372,D4,Agriculture,5.45,दमट वातावरनात पीक चिमल्यासारखं झाल्यासारखं काऊन व्हते ?,दमट वातावरणात पीक चिल्ल् सारखं झाल्या सारखं काऊन व्हते ?,दमट वातावरनात पीक चिमल्यासारखं झाल्यासारखं काऊन व्हते,दमट वातावरणात पीक चिल्ल् सारखं झाल्या सारखं काऊन व्हते,11.32,71.43,10.91,62.5,0
IISc_RESPIN_mr_D1_71542_416513_F_BANK_707977_70941421,D1,Banking,7.13,"राजू तुका माहीत हा , पहिल्या पेमेंट वॉरंटचो वापर अमेरिकेत आणि इंग्लंड मध्ये झालो होतो",राजू तुका माहित पहिला पेमेंट फॉर्म चो वापर अमेरिकेत आणि इंग्लंडमध्ये झालो होतो,राजू तुका माहीत हा पहिल्या पेमेंट वॉरंटचो वापर अमेरिकेत आणि इंग्लंड मध्ये झालो होतो,राजू तुका माहित पहिला पेमेंट फॉर्म चो वापर अमेरिकेत आणि इंग्लंडमध्ये झालो होतो,13.25,50.0,15.29,53.33,0
IISc_RESPIN_mr_D1_71578_416513_F_BANK_724934_70943587,D1,Banking,8.21,"एक चेक बुक विनंती पत्र तुमच्या बँकेक अधिकृत विनंती च्या स्वरूपात लिव्हचा लागता , असा त्यांनी सांगितल्यानी",एक चेकबुक विनंती पत्र तुमच्या बँकेत अधिकृत विनंती च्या स्वरूपात लिवचा लागता असा त्यांनी सांगितल्यानी,एक चेक बुक विनंती पत्र तुमच्या बँकेक अधिकृत विनंती च्या स्वरूपात लिव्हचा लागता असा त्यांनी सांगितल्यानी,एक चेकबुक विनंती पत्र तुमच्या बँकेत अधिकृत विनंती च्या स्वरूपात लिवचा लागता असा त्यांनी सांगितल्यानी,3.88,25.0,5.71,29.41,0
IISc_RESPIN_mr_D1_71578_416513_F_BANK_710190_70945409,D1,Banking,3.38,कमी मार्जिनना काय नुकसान होता ?,कमी मार्ांना काय नुकसान होता ?,कमी मार्जिनना काय नुकसान होता,कमी मार्ांना काय नुकसान होता,10.34,20.0,9.68,16.67,0
IISc_RESPIN_mr_D1_71578_416513_F_AGRI_707771_70945410,D1,Agriculture,7.8,"प्रीतम तुका माहीत आसा काय , आजकाल जिल्ह्यात सशाचो वापर फरसाठी केलो जात आसा",प्रीतम तुका माहित आसा काय आजकाल जुन्या सशाचो वापर फोर साठी केलो जात असा,प्रीतम तुका माहीत आसा काय आजकाल जिल्ह्यात सशाचो वापर फरसाठी केलो जात आसा,प्रीतम तुका माहित आसा काय आजकाल जुन्या सशाचो वापर फोर साठी केलो जात असा,12.5,38.46,14.86,42.86,0
IISc_RESPIN_mr_D1_71578_416513_F_BANK_707977_70945431,D1,Banking,6.89,"राजू तुका माहीत हा , पहिल्या पेमेंट वॉरंटचो वापर अमेरिकेत आणि इंग्लंड मध्ये झालो होतो",राजू तुका माहित हा पहिला पेमेंट वॉरंटचो वापर अमेरिकेत आणि इंग्लंडमध्ये झालो होतो,राजू तुका माहीत हा पहिल्या पेमेंट वॉरंटचो वापर अमेरिकेत आणि इंग्लंड मध्ये झालो होतो,राजू तुका माहित हा पहिला पेमेंट वॉरंटचो वापर अमेरिकेत आणि इंग्लंडमध्ये झालो होतो,4.82,28.57,7.06,33.33,0
IISc_RESPIN_mr_D4_71943_440001_F_AGRI_723108_70947017,D4,Agriculture,4.71,एका हेक्टर संत्र्यामंदी किती फेरेमन सापडन ?,एका हेक्टर संत्र्यामंदी किती फेरमन सापडन?,एका हेक्टर संत्र्यामंदी किती फेरेमन सापडन,एका हेक्टर संत्र्यामंदी किती फेरमन सापडन,2.44,16.67,4.65,42.86,0
IISc_RESPIN_mr_D1_71593_416513_F_AGRI_711764_70949830,D1,Agriculture,2.64,एक डझन अंड्यांचो दर काय आसा ?,एक डझन अंड्याचो दर काय असा ?,एक डझन अंड्यांचो दर काय आसा,एक डझन अंड्याचो दर काय असा,7.41,33.33,6.9,28.57,0
IISc_RESPIN_mr_D1_71593_416513_F_BANK_712289_70950191,D1,Banking,3.43,बँक खाता बँकेत असला तरच कर्ज मेळाक शकता काय ?,बँक खाता बँकेत असला तरच कर्ज मेलाक शकता काय ?,बँक खाता बँकेत असला तरच कर्ज मेळाक शकता काय,बँक खाता बँकेत असला तरच कर्ज मेलाक शकता काय,2.33,11.11,2.22,10.0,0
IISc_RESPIN_mr_D1_71593_416513_F_AGRI_711632_70950196,D1,Agriculture,3.94,काढणीसाठी यंत्र वापरला तर काय फायदो होता ?,काढणीसाठी यंत्र वापरला तर काय फायदो होता ?,काढणीसाठी यंत्र वापरला तर काय फायदो होता,काढणीसाठी यंत्र वापरला तर काय फायदो होता,0.0,0.0,0.0,0.0,1
IISc_RESPIN_mr_D1_71593_416513_F_AGRI_711710_70950207,D1,Agriculture,3.43,धान्य आणि गोदामासाठी खयचा सापलो वापरतत ?,धान्य आणि गोदामासाठी खयचा सापलो वापरतत?,धान्य आणि गोदामासाठी खयचा सापलो वापरतत,धान्य आणि गोदामासाठी खयचा सापलो वापरतत,0.0,0.0,2.5,28.57,1
IISc_RESPIN_mr_D4_71917_441203_M_BANK_723695_70950644,D4,Banking,3.56,क्रेडिट कार्डनं मी एका दिवशी कितीक खर्च करू सकतो ?,क्रेडिट कार्ड मी एका दिवशी किती खर्च करू शकतो ?,क्रेडिट कार्डनं मी एका दिवशी कितीक खर्च करू सकतो,क्रेडिट कार्ड मी एका दिवशी किती खर्च करू शकतो,8.33,33.33,8.0,30.0,0
IISc_RESPIN_mr_D1_71593_416513_F_AGRI_711170_70950877,D1,Agriculture,4.11,सिंचन पध्दतीत काजीच्या रोपाक कितक्या प्रमाणात पानी दीउचा ?,सिंचन पद्धतीत काजीच्या रूपात कितक्या प्रमाणात पाणी दिवा ?,सिंचन पध्दतीत काजीच्या रोपाक कितक्या प्रमाणात पानी दीउचा,सिंचन पद्धतीत काजीच्या रूपात कितक्या प्रमाणात पाणी दिवा,14.29,50.0,13.79,44.44,0
IISc_RESPIN_mr_D1_71593_416513_F_AGRI_711549_70950882,D1,Agriculture,2.79,ऑनलाइन अवजारा कशी मागवूची ?,ऑनलाइन अवजारा कशी मागची ?,ऑनलाइन अवजारा कशी मागवूची,ऑनलाइन अवजारा कशी मागची,8.0,25.0,7.41,20.0,0
IISc_RESPIN_mr_D4_71953_440001_M_AGRI_723186_70955412,D4,Agriculture,5.91,मोसंबीले परकारं न पानी देनं ठीक हाये का ?,मोसंबीले परकारनं पानी देनं ठीक हाय का ?,मोसंबीले परकारं न पानी देनं ठीक हाये का,मोसंबीले परकारनं पानी देनं ठीक हाय का,10.26,37.5,9.76,33.33,0
IISc_RESPIN_mr_D1_71542_416513_F_BANK_710190_70965684,D1,Banking,3.24,कमी मार्जिनना काय नुकसान होता ?,कमी मार्जिन ना काय नुकसान होता,कमी मार्जिनना काय नुकसान होता,कमी मार्जिन ना काय नुकसान होता,3.45,40.0,9.68,50.0,0
IISc_RESPIN_mr_D1_71593_416513_F_AGRI_709132_70965718,D1,Agriculture,5.37,इसवी सन पुर्व तिसऱ्या शतकात कपडा बनवूक जूट वापरत हुते,इसवीसन पूर्व तिसर्या शतकात कपडा बनवू जूट वापरत होते,इसवी सन पुर्व तिसऱ्या शतकात कपडा बनवूक जूट वापरत हुते,इसवीसन पूर्व तिसर्या शतकात कपडा बनवू जूट वापरत होते,9.43,60.0,9.43,60.0,0
IISc_RESPIN_mr_D1_71542_416513_F_BANK_706530_70969482,D1,Banking,6.18,"संकरित सिक्युरिटीजची वैशिष्ट्या म्हनजे प्राधान्य शेअर , परिवर्तनीय आणि इक्विटी वॉरंट",संकरित सिक्युरिटीज जची वशिष्ठ म्हणजे प्राधान्य शेअर परिवर्तनीय आणि इक्विटी वरन,संकरित सिक्युरिटीजची वैशिष्ट्या म्हनजे प्राधान्य शेअर परिवर्तनीय आणि इक्विटी वॉरंट,संकरित सिक्युरिटीज जची वशिष्ठ म्हणजे प्राधान्य शेअर परिवर्तनीय आणि इक्विटी वरन,13.41,50.0,15.48,54.55,0
IISc_RESPIN_mr_D1_71542_416513_F_AGRI_708087_70969491,D1,Agriculture,6.5,"समुद्री शैवाल , क्रस्टेशियन आणि फिनफिश ह्या सागरी कृषी प्रजातीं च्या प्रमुख श्रेणी आसत",समुद्री शेवात क्रस्टेशियन आणि फिन पेश ह्या सागरी कृषी प्रजातींच्या प्रमुख श्रेणी आसत,समुद्री शैवाल क्रस्टेशियन आणि फिनफिश ह्या सागरी कृषी प्रजातीं च्या प्रमुख श्रेणी आसत,समुद्री शेवात क्रस्टेशियन आणि फिन पेश ह्या सागरी कृषी प्रजातींच्या प्रमुख श्रेणी आसत,7.14,38.46,9.3,42.86,0
IISc_RESPIN_mr_D1_71578_416513_F_AGRI_709864_70969589,D1,Agriculture,7.58,"क्रसटेशियन कितीतरी प्राण्यांचो एक समूह असता ज्याच्यात खेकडे , झिंगे इत्यादी सामील असतत",क्रस्टेशियन कितीतरी प्राण्यांचो एक समूह असता ज्याच्यात खेकडे झिंगे इत्यादी सामील असतत,क्रसटेशियन कितीतरी प्राण्यांचो एक समूह असता ज्याच्यात खेकडे झिंगे इत्यादी सामील असतत,क्रस्टेशियन कितीतरी प्राण्यांचो एक समूह असता ज्याच्यात खेकडे झिंगे इत्यादी सामील असतत,1.19,8.33,3.49,15.38,0
IISc_RESPIN_mr_D1_71578_416513_F_AGRI_709903_70969596,D1,Agriculture,7.93,"टोकदार दुधीभोपळो एका जाळीवर उगवतत , फळा पांढरी नाहीतर बिना काठाची हिरवी असतत",टोकदार दुधी भोपळो एका जायवर उगवत फळा पांढरी नाही तर बिना काठाची हिरवी असतत,टोकदार दुधीभोपळो एका जाळीवर उगवतत फळा पांढरी नाहीतर बिना काठाची हिरवी असतत,टोकदार दुधी भोपळो एका जायवर उगवत फळा पांढरी नाही तर बिना काठाची हिरवी असतत,6.76,50.0,9.21,53.85,0
IISc_RESPIN_mr_D1_71542_416513_F_AGRI_707889_70970024,D1,Agriculture,5.13,"माझ्या गावात पडवळाची लागवड केली जाता , पडवळाची लांबी अर्धा मीटरपेक्षा जास्त असता",माझ्या गावात पडवळाची लागवड केली जाता पडवळाची लांबी अर्धा मीटर पेक्षा जास्त असता,माझ्या गावात पडवळाची लागवड केली जाता पडवळाची लांबी अर्धा मीटरपेक्षा जास्त असता,माझ्या गावात पडवळाची लागवड केली जाता पडवळाची लांबी अर्धा मीटर पेक्षा जास्त असता,1.28,16.67,3.75,23.08,0
IISc_RESPIN_mr_D4_71943_440001_F_BANK_721385_70971938,D4,Banking,4.92,डिजिटल पेमेंट करताना तुम्ही खूप काळजी घेणं गरजेचं आहे,डिजिटल पेमेंट करताना तुम्ही खूप काळजी घेण गरजेच आहे,डिजिटल पेमेंट करताना तुम्ही खूप काळजी घेणं गरजेचं आहे,डिजिटल पेमेंट करताना तुम्ही खूप काळजी घेण गरजेच आहे,3.77,22.22,3.77,22.22,0
IISc_RESPIN_mr_D4_71943_440001_F_AGRI_722844_70971954,D4,Agriculture,5.29,नीरज मी वसंत ऋतूमध्ये कोलोकेशियाच्या पानांची लागवड करेन,नीरज मी वसंत तू मध्ये कोलोकेशि याच्या पानाची लागवड करेल,नीरज मी वसंत ऋतूमध्ये कोलोकेशियाच्या पानांची लागवड करेन,नीरज मी वसंत तू मध्ये कोलोकेशि याच्या पानाची लागवड करेल,9.09,75.0,9.09,75.0,0
IISc_RESPIN_mr_D4_71943_440001_F_AGRI_722513_70973096,D4,Agriculture,7.17,विल्टिंग म्हणजे वनस्पतीं च्या काष्ठ नसलेल्या भागांच्या कठीणपणाचे नुकसान होय,विल्टिंग म्हणजे वनस्पतीच्या कास्ट नसलेल्या भागांच्या कठीणपनाचे नुकसान होय,विल्टिंग म्हणजे वनस्पतीं च्या काष्ठ नसलेल्या भागांच्या कठीणपणाचे नुकसान होय,विल्टिंग म्हणजे वनस्पतीच्या कास्ट नसलेल्या भागांच्या कठीणपनाचे नुकसान होय,6.67,40.0,6.67,40.0,0
IISc_RESPIN_mr_D4_71943_440001_F_BANK_721751_70973108,D4,Banking,4.59,लेनदाराला पैसे किंवा इतर मान्य मूल्य द्यावे लागते,लेन दाराला पैसे किंवा इतर मान्य मूल्य द्यावे लागते,लेनदाराला पैसे किंवा इतर मान्य मूल्य द्यावे लागते,लेन दाराला पैसे किंवा इतर मान्य मूल्य द्यावे लागते,2.04,25.0,2.04,25.0,0
IISc_RESPIN_mr_D4_71943_440001_F_AGRI_722758_70973110,D4,Agriculture,5.77,"मातीची निर्मिती म्हणजे मातीच्या भौतिक , रासायनिक आणि जैविक गुणधर्मांचा अभ्यास",मातीची निर्मिती म्हणजे मातीच्या भौतिक रासायनिक आणि जैविक गुणधर्माचा अभ्यास,मातीची निर्मिती म्हणजे मातीच्या भौतिक रासायनिक आणि जैविक गुणधर्मांचा अभ्यास,मातीची निर्मिती म्हणजे मातीच्या भौतिक रासायनिक आणि जैविक गुणधर्माचा अभ्यास,1.33,10.0,3.9,18.18,0
IISc_RESPIN_mr_D4_71917_441203_M_BANK_720247_70975812,D4,Banking,5.21,सरकारने वेळेवर कर भरणाऱ्यांना दहा टक्के सवलत देण्याचे ठरविले आहेत,सरकारने वेळेवर कर भरणा⁇्या ना दहा टक्के सवलत देण्याचे ठरवले आहे,सरकारने वेळेवर कर भरणाऱ्यांना दहा टक्के सवलत देण्याचे ठरविले आहेत,सरकारने वेळेवर कर भरणा⁇्या ना दहा टक्के सवलत देण्याचे ठरवले आहे,6.15,40.0,6.15,40.0,0
IISc_RESPIN_mr_D4_71917_441203_M_BANK_721385_70975833,D4,Banking,4.33,डिजिटल पेमेंट करताना तुम्ही खूप काळजी घेणं गरजेचं आहे,डिजिटल पेमेंट करताना तुम्ही खूप काळजी घेण गरजेच आहे,डिजिटल पेमेंट करताना तुम्ही खूप काळजी घेणं गरजेचं आहे,डिजिटल पेमेंट करताना तुम्ही खूप काळजी घेण गरजेच आहे,3.77,22.22,3.77,22.22,0
IISc_RESPIN_mr_D1_71606_416513_M_BANK_706572_70976459,D1,Banking,5.61,ऑफशोअर बँक ह्या आंतरराष्ट्रीय बँकिंग परवान्याअंतर्गत नियंत्रित केलेली बँक असा,ऑफशोअर बँक ह्या आंतरराष्ट्रीय बँकिंग परवान्याअंतर्गत नियंत्रित केलली बँक असा,ऑफशोअर बँक ह्या आंतरराष्ट्रीय बँकिंग परवान्याअंतर्गत नियंत्रित केलेली बँक असा,ऑफशोअर बँक ह्या आंतरराष्ट्रीय बँकिंग परवान्याअंतर्गत नियंत्रित केलली बँक असा,1.3,10.0,1.3,10.0,0
IISc_RESPIN_mr_D1_71606_416513_M_BANK_707745_70976489,D1,Banking,6.17,पेपल ही आज जगभरातले अधिक वापरकर्ते असलेली सगळ्यात भारी पेमेंट पद्धत आसा,पेपल ही आज जगभरातल्या अधिक वापर करते असली सगळ्यात भारी पेमेंट पद्धत आसा,पेपल ही आज जगभरातले अधिक वापरकर्ते असलेली सगळ्यात भारी पेमेंट पद्धत आसा,पेपल ही आज जगभरातल्या अधिक वापर करते असली सगळ्यात भारी पेमेंट पद्धत आसा,9.86,33.33,9.86,33.33,0
IISc_RESPIN_mr_D1_71606_416513_M_AGRI_707889_70976499,D1,Agriculture,6.15,"माझ्या गावात पडवळाची लागवड केली जाता , पडवळाची लांबी अर्धा मीटरपेक्षा जास्त असता",माझ्या गवात पडवळाची लागवड केली जा ता पडवळाची लांबी आर दे मीटर पेक्षा जास्त असता,माझ्या गावात पडवळाची लागवड केली जाता पडवळाची लांबी अर्धा मीटरपेक्षा जास्त असता,माझ्या गवात पडवळाची लागवड केली जा ता पडवळाची लांबी आर दे मीटर पेक्षा जास्त असता,8.97,58.33,11.25,53.85,0
IISc_RESPIN_mr_D1_71606_416513_M_AGRI_707297_70978524,D1,Agriculture,5.53,"अन्न उद्योगाचो मुख्य भाग म्हनजे दूध , फळे हेंच्यासारखे पदार्थ आसत",अन्न उद्योगाचा मुख्य भाग म्हणजे दूध फळे वीच्या सारखी पदार्थ असत,अन्न उद्योगाचो मुख्य भाग म्हनजे दूध फळे हेंच्यासारखे पदार्थ आसत,अन्न उद्योगाचा मुख्य भाग म्हणजे दूध फळे वीच्या सारखी पदार्थ असत,12.7,50.0,15.38,54.55,0
IISc_RESPIN_mr_D1_71606_416513_M_AGRI_710370_70978531,D1,Agriculture,6.09,भारतातल्या प्रत्येक प्रकारच्या माश्याचो वापर आपण खावसाठी नाय करणव,भारतातला प्रत्येक प्रकारच्या माशाचो वापर आपण खाऊसाठी नाय कर लाव,भारतातल्या प्रत्येक प्रकारच्या माश्याचो वापर आपण खावसाठी नाय करणव,भारतातला प्रत्येक प्रकारच्या माशाचो वापर आपण खाऊसाठी नाय कर लाव,12.31,55.56,12.31,55.56,0
IISc_RESPIN_mr_D1_71606_416513_M_AGRI_709903_70978563,D1,Agriculture,8.25,"टोकदार दुधीभोपळो एका जाळीवर उगवतत , फळा पांढरी नाहीतर बिना काठाची हिरवी असतत",टोकदार भू दुधी भोपळा एका जाळीवर उगवत फळा पांढरी नायतर बिना काठाची हिरवी असतात,टोकदार दुधीभोपळो एका जाळीवर उगवतत फळा पांढरी नाहीतर बिना काठाची हिरवी असतत,टोकदार भू दुधी भोपळा एका जाळीवर उगवत फळा पांढरी नायतर बिना काठाची हिरवी असतात,12.16,50.0,14.47,53.85,0
IISc_RESPIN_mr_D1_71593_416513_F_AGRI_707331_70979827,D1,Agriculture,4.66,आपल्या दैनंदिन जीवनात राबराचो वापर अगदी सामान्य झालो आसा,आपल्या दैनंदिन जीवनात राबराचो वापर अगदी सामान्य झाललो असा,आपल्या दैनंदिन जीवनात राबराचो वापर अगदी सामान्य झालो आसा,आपल्या दैनंदिन जीवनात राबराचो वापर अगदी सामान्य झाललो असा,3.57,22.22,3.57,22.22,0
IISc_RESPIN_mr_D1_71593_416513_F_AGRI_709716_70980259,D1,Agriculture,6.37,सूप प्रक्रियेमध्ये मिश्रण हवेत फेकला जाता जेणेकरून वारो हलक्या भुस्याक उडवून देइत,सूप प्रक्रियेमध्ये मिश्रण हवेत पिकला जाता जेणेकरून मार् हलक्या भत्त्या उडून देईल,सूप प्रक्रियेमध्ये मिश्रण हवेत फेकला जाता जेणेकरून वारो हलक्या भुस्याक उडवून देइत,सूप प्रक्रियेमध्ये मिश्रण हवेत पिकला जाता जेणेकरून मार् हलक्या भत्त्या उडून देईल,13.58,41.67,13.58,41.67,0
IISc_RESPIN_mr_D1_71593_416513_F_BANK_710110_70980303,D1,Banking,5.89,सिक्युरिटीज ट्रेडिंग एखाद्या घटकाला नफ्यासाठी अल्पावधीत विक्री करण्याचा मानस आहे,सिक्युरिटीज ट्रेंडिंग एखाद्या घटकाला नफ्यासाठी अल्पावधीत विक्री करण्याचा मानस आहे,सिक्युरिटीज ट्रेडिंग एखाद्या घटकाला नफ्यासाठी अल्पावधीत विक्री करण्याचा मानस आहे,सिक्युरिटीज ट्रेंडिंग एखाद्या घटकाला नफ्यासाठी अल्पावधीत विक्री करण्याचा मानस आहे,1.25,10.0,1.25,10.0,0
IISc_RESPIN_mr_D1_71593_416513_F_BANK_707745_70980797,D1,Banking,5.81,पेपल ही आज जगभरातले अधिक वापरकर्ते असलेली सगळ्यात भारी पेमेंट पद्धत आसा,पेपल ही आज जगभरातले अधिक वापर करत यास ले ही सगळ्यात भारी पेमेंट पद्धत आसा,पेपल ही आज जगभरातले अधिक वापरकर्ते असलेली सगळ्यात भारी पेमेंट पद्धत आसा,पेपल ही आज जगभरातले अधिक वापर करत यास ले ही सगळ्यात भारी पेमेंट पद्धत आसा,11.27,41.67,11.27,41.67,0
IISc_RESPIN_mr_D1_71593_416513_F_AGRI_711616_70981786,D1,Agriculture,3.93,इलेक्ट्रॉनिक वजनकाट्यात माप मारुक येता काय ?,इलेक्ट्रॉनिक वजन काटा माप मारू येता काय ?,इलेक्ट्रॉनिक वजनकाट्यात माप मारुक येता काय,इलेक्ट्रॉनिक वजन काटा माप मारू येता काय,14.29,50.0,13.64,42.86,0
IISc_RESPIN_mr_D1_71593_416513_F_BANK_712067_70982051,D1,Banking,3.65,मी घेतलेल्या रकमेक किती पर्यंतचा व्याज भरूचा पडताला ?,घेतलेल्या रकम किती पर्यंचा व्याज भरूचा पडतला ?,मी घेतलेल्या रकमेक किती पर्यंतचा व्याज भरूचा पडताला,घेतलेल्या रकम किती पर्यंचा व्याज भरूचा पडतला,13.73,50.0,13.21,44.44,0
IISc_RESPIN_mr_D4_71917_441203_M_AGRI_720107_70983121,D4,Agriculture,2.97,माझ्या वडिलांना बागकाम आवडते,माझ्या वडिलांना बागकाम आवडते,माझ्या वडिलांना बागकाम आवडते,माझ्या वडिलांना बागकाम आवडते,0.0,0.0,0.0,0.0,1
IISc_RESPIN_mr_D1_71608_416513_M_BANK_710159_70989934,D1,Banking,4.62,आवडीचो शेयराक प्राधान्य दिला तर लाभांशामध्ये फायदो देता,अवळीचो शेअरात प्रधान दिला तर लाभाशा मध्ये फायदे देतात,आवडीचो शेयराक प्राधान्य दिला तर लाभांशामध्ये फायदो देता,अवळीचो शेअरात प्रधान दिला तर लाभाशा मध्ये फायदे देतात,20.0,87.5,20.0,87.5,0
IISc_RESPIN_mr_D1_71608_416513_M_BANK_706604_70989949,D1,Banking,4.72,मागणी कर्जात सामान्यता परतफेडीकरता निश्चित तारखो नसतत,मागणी कर्ज सामान्यता परतफेडी करता निश्चित तालखू असतत,मागणी कर्जात सामान्यता परतफेडीकरता निश्चित तारखो नसतत,मागणी कर्ज सामान्यता परतफेडी करता निश्चित तालखू असतत,11.32,71.43,11.32,71.43,0
IISc_RESPIN_mr_D1_71608_416513_M_BANK_707342_70991034,D1,Banking,5.81,आयात केलेल्या मालाच्या मूल्याच्या प्रमाणात जाहिरात मू्ल्य दर आकारलो जाता,आयात केलेल्या मालाच्या मूल्य च्या प्रमाणात जाहिरात मूल्य दर आकारले जाता,आयात केलेल्या मालाच्या मूल्याच्या प्रमाणात जाहिरात मू्ल्य दर आकारलो जाता,आयात केलेल्या मालाच्या मूल्य च्या प्रमाणात जाहिरात मूल्य दर आकारले जाता,4.17,40.0,4.17,40.0,0
IISc_RESPIN_mr_D1_71608_416513_M_AGRI_711616_70991284,D1,Agriculture,3.24,इलेक्ट्रॉनिक वजनकाट्यात माप मारुक येता काय ?,इलेक्ट्रॉनिक वजन काट्यात माप मारुक येता काय ?,इलेक्ट्रॉनिक वजनकाट्यात माप मारुक येता काय,इलेक्ट्रॉनिक वजन काट्यात माप मारुक येता काय,2.38,33.33,2.27,28.57,0
IISc_RESPIN_mr_D1_71608_416513_M_AGRI_711564_70991287,D1,Agriculture,4.74,आताची नवी पिढी शेतीच्या खयच्या पद्धतीर जास्त भर दिता ?,भाताची नवी किडी शेतीच्या खयच्या पद्धती जास्त भर देता,आताची नवी पिढी शेतीच्या खयच्या पद्धतीर जास्त भर दिता,भाताची नवी किडी शेतीच्या खयच्या पद्धती जास्त भर देता,11.54,44.44,14.81,50.0,0
IISc_RESPIN_mr_D1_71608_416513_M_AGRI_711224_70991293,D1,Agriculture,3.38,काजूच्या झाडंका कसला सेंद्रिय खत घालूचा ?,काजूच्या झाडांका कसला सेंद्रिय खत घालूचा ?,काजूच्या झाडंका कसला सेंद्रिय खत घालूचा,काजूच्या झाडांका कसला सेंद्रिय खत घालूचा,2.56,16.67,2.44,14.29,0
IISc_RESPIN_mr_D1_71608_416513_M_BANK_712330_70991321,D1,Banking,2.87,सामाजिक क्षेत्रांत कसले कसले योजना आसत ?,सामाजिक क्षेत्रात कसले कसले योजना आसत ?,सामाजिक क्षेत्रांत कसले कसले योजना आसत,सामाजिक क्षेत्रात कसले कसले योजना आसत,2.63,16.67,2.5,14.29,0
IISc_RESPIN_mr_D1_71608_416513_M_AGRI_711375_70992154,D1,Agriculture,3.13,खरीप पिकाची कापणी खयच्या महिन्यात करतत ?,खरीप पिकाची कापणी खयच्या महिन्यात करतत ?,खरीप पिकाची कापणी खयच्या महिन्यात करतत,खरीप पिकाची कापणी खयच्या महिन्यात करतत,0.0,0.0,0.0,0.0,1
IISc_RESPIN_mr_D4_71943_440001_F_BANK_721473_70992188,D4,Banking,4.98,आपले पैसे गुंतवण्यासाठी एखाद्या चांगल्या ब्रोकरचा सल्ला घ्या,आपले पैसे गुंतवण्यासाठी एखाद्याचा आगल्ा ब्रोकर चा सल्ला घ्या,आपले पैसे गुंतवण्यासाठी एखाद्या चांगल्या ब्रोकरचा सल्ला घ्या,आपले पैसे गुंतवण्यासाठी एखाद्याचा आगल्ा ब्रोकर चा सल्ला घ्या,8.33,50.0,8.33,50.0,0
IISc_RESPIN_mr_D4_71943_440001_F_AGRI_720862_70992213,D4,Agriculture,4.75,तण नियंत्रण हा कीटक नियंत्रणाचा वनस्पतिशास्त्रीय घटक आहे,तण नियंत्रण हा कीटक नियंत्रणाचा वनस्पती शास्त्रीय घटक आहे,तण नियंत्रण हा कीटक नियंत्रणाचा वनस्पतिशास्त्रीय घटक आहे,तण नियंत्रण हा कीटक नियंत्रणाचा वनस्पती शास्त्रीय घटक आहे,3.57,25.0,3.57,25.0,0
IISc_RESPIN_mr_D1_71578_416513_F_BANK_712018_70992325,D1,Banking,5.25,जीवन विमा योजनेची सुरवातीची मूलभूत फायदे काय आसत ?,जीवन विमा योजनेची सुरुवातीचे मुलभूत फायदे काय आसत ?,जीवन विमा योजनेची सुरवातीची मूलभूत फायदे काय आसत,जीवन विमा योजनेची सुरुवातीचे मुलभूत फायदे काय आसत,6.25,25.0,6.0,22.22,0
IISc_RESPIN_mr_D1_71578_416513_F_AGRI_711375_70992332,D1,Agriculture,3.91,खरीप पिकाची कापणी खयच्या महिन्यात करतत ?,खरीप पिकाचे कापणी खयच्या महिन्यात करतत ?,खरीप पिकाची कापणी खयच्या महिन्यात करतत,खरीप पिकाचे कापणी खयच्या महिन्यात करतत,2.63,16.67,2.5,14.29,0
IISc_RESPIN_mr_D1_71606_416513_M_AGRI_711131_70992499,D1,Agriculture,4.02,सिंचनाचे आधुनिक पद्धती कसले आनी कशे वापराचे ?,सिंचनाच्या आधुनिक पद्धती कसले आणि कसे वापरायचे ?,सिंचनाचे आधुनिक पद्धती कसले आनी कशे वापराचे,सिंचनाच्या आधुनिक पद्धती कसले आणि कसे वापरायचे,16.28,57.14,15.56,50.0,0
IISc_RESPIN_mr_D1_71608_416513_M_AGRI_711170_70992552,D1,Agriculture,4.47,सिंचन पध्दतीत काजीच्या रोपाक कितक्या प्रमाणात पानी दीउचा ?,सिंचन पद्धतीत काजीच्या रोपात कित्या प्रमाणात पाणी देवचा ?,सिंचन पध्दतीत काजीच्या रोपाक कितक्या प्रमाणात पानी दीउचा,सिंचन पद्धतीत काजीच्या रोपात कित्या प्रमाणात पाणी देवचा,12.5,62.5,12.07,55.56,0
IISc_RESPIN_mr_D1_71608_416513_M_AGRI_711268_70992563,D1,Agriculture,5.53,जर एक शेतकरी आपल्या शेतासाठी मशीन विकत घेता तर त्याका आर्थिक सूट मिलतली काय ?,जरी शेतकरी आपल्या शेतीसाठी मशीन विकत घेत तर त्याका आर्थिक सूट मिळतली काय ?,जर एक शेतकरी आपल्या शेतासाठी मशीन विकत घेता तर त्याका आर्थिक सूट मिलतली काय,जरी शेतकरी आपल्या शेतीसाठी मशीन विकत घेत तर त्याका आर्थिक सूट मिळतली काय,8.0,35.71,7.79,33.33,0
IISc_RESPIN_mr_D1_71606_416513_M_BANK_712067_70992820,D1,Banking,4.89,मी घेतलेल्या रकमेक किती पर्यंतचा व्याज भरूचा पडताला ?,मी घेतलेल्या रकमे किती पर्यंत चा व्याज करुचा पडला,मी घेतलेल्या रकमेक किती पर्यंतचा व्याज भरूचा पडताला,मी घेतलेल्या रकमे किती पर्यंत चा व्याज करुचा पडला,11.76,62.5,15.09,66.67,0
IISc_RESPIN_mr_D1_71606_416513_M_AGRI_711696_70993073,D1,Agriculture,3.73,तुषार सिंचनाचो उपयोग करून खयची पीका चांगली येतत ?,तुषार सिंचनाचा उपयोग करून खयची पिका चांगली येतत ?,तुषार सिंचनाचो उपयोग करून खयची पीका चांगली येतत,तुषार सिंचनाचा उपयोग करून खयची पिका चांगली येतत,4.26,25.0,4.08,22.22,0
IISc_RESPIN_mr_D1_71606_416513_M_AGRI_711144_70993075,D1,Agriculture,3.33,न्हान काजीच्या रोपासाठी खताचा प्रमाण कितक्या वापराचा ?,रान का ज्या रोपासाठी खताचा प्रमाण किती वापराचा ?,न्हान काजीच्या रोपासाठी खताचा प्रमाण कितक्या वापराचा,रान का ज्या रोपासाठी खताचा प्रमाण किती वापराचा,19.23,57.14,18.52,50.0,0
IISc_RESPIN_mr_D1_71606_416513_M_AGRI_711605_70993316,D1,Agriculture,3.27,मत्स्य शेतीयेत कोलंबीचे उत्पादन घेतत काय ?,माझं शेती येत कोलंबीचे उत्पादन घेतत काय ?,मत्स्य शेतीयेत कोलंबीचे उत्पादन घेतत काय,माझं शेती येत कोलंबीचे उत्पादन घेतत काय,15.0,50.0,14.29,42.86,0
IISc_RESPIN_mr_D1_71606_416513_M_AGRI_711632_70993327,D1,Agriculture,4.27,काढणीसाठी यंत्र वापरला तर काय फायदो होता ?,काढणीसाठी यंत्र वापरला तर काय फायदो होता ?,काढणीसाठी यंत्र वापरला तर काय फायदो होता,काढणीसाठी यंत्र वापरला तर काय फायदो होता,0.0,0.0,0.0,0.0,1
IISc_RESPIN_mr_D1_71606_416513_M_AGRI_711342_70994281,D1,Agriculture,3.33,भात कापुक एकराक कितके मजूर लागतले ?,भात कापणे एक राक कित्या मजूर लागतले ?,भात कापुक एकराक कितके मजूर लागतले,भात कापणे एक राक कित्या मजूर लागतले,18.18,66.67,17.14,57.14,0
IISc_RESPIN_mr_D1_71606_416513_M_AGRI_711343_70994291,D1,Agriculture,3.77,धा किलोग्रॅम भात कितक्या मापाच्या जमनित पेरून होताला ?,धा लोग्रॅम भात कतक्या मापाच्या जमिनीत पेरून होतला,धा किलोग्रॅम भात कितक्या मापाच्या जमनित पेरून होताला,धा लोग्रॅम भात कतक्या मापाच्या जमिनीत पेरून होतला,11.54,50.0,14.81,55.56,0
IISc_RESPIN_mr_D1_72090_416511_F_AGRI_711634_70995678,D1,Agriculture,6.71,सरकारकडून शेतीच्या कामाक कसली यंत्रा मिळतत ?,सरकारकडून शेतीच्या कामा कसली यंत्रा मिळतत ?,सरकारकडून शेतीच्या कामाक कसली यंत्रा मिळतत,सरकारकडून शेतीच्या कामा कसली यंत्रा मिळतत,2.38,16.67,2.27,14.29,0
IISc_RESPIN_mr_D1_72090_416511_F_BANK_712300_70995834,D1,Banking,2.91,बचत खाता म्हणजे काय ?,बचत खातं म्हणजे काय ?,बचत खाता म्हणजे काय,बचत खातं म्हणजे काय,5.26,25.0,4.76,20.0,0
IISc_RESPIN_mr_D1_71578_416513_F_AGRI_711605_70996448,D1,Agriculture,4.37,मत्स्य शेतीयेत कोलंबीचे उत्पादन घेतत काय ?,मत्स्य शेती येत कोलंबीचे उत्पादन घेतत काय ?,मत्स्य शेतीयेत कोलंबीचे उत्पादन घेतत काय,मत्स्य शेती येत कोलंबीचे उत्पादन घेतत काय,2.5,33.33,2.38,28.57,0
IISc_RESPIN_mr_D1_72083_416513_M_AGRI_711228_70996945,D1,Agriculture,3.49,नारळाच्या झाडांका कसला खत घालूचा ?,नारळाच्या झाडांका कसला खत घालूचा ?,नारळाच्या झाडांका कसला खत घालूचा,नारळाच्या झाडांका कसला खत घालूचा,0.0,0.0,0.0,0.0,1
IISc_RESPIN_mr_D1_72090_416511_F_BANK_712124_70998557,D1,Banking,5.1,मी कोनाकपण ऑनलाइन पैशे पाठवू शकतय काय ?,मी कोणाक पण ऑनलाइन पैसे पाठवू शकतय काय ?,मी कोनाकपण ऑनलाइन पैशे पाठवू शकतय काय,मी कोणाक पण ऑनलाइन पैसे पाठवू शकतय काय,8.11,42.86,7.69,37.5,0
IISc_RESPIN_mr_D1_72090_416511_F_AGRI_711533_70998593,D1,Agriculture,7.29,सरकारच्या खयल्या योजनेसून मका स्वस्त दरात बियाना मिळात ?,सरकारच्या खयल्या योजनेसून मका स्वस्त दरात बियांना मिळात,सरकारच्या खयल्या योजनेसून मका स्वस्त दरात बियाना मिळात,सरकारच्या खयल्या योजनेसून मका स्वस्त दरात बियांना मिळात,1.85,12.5,5.36,22.22,0
IISc_RESPIN_mr_D1_71578_416513_F_BANK_712006_70999792,D1,Banking,5.05,मी ऑनलाइन किंवा ऑफलाइन मोबाईलातसून गुंतवणूक करूक शकतय काय ?,मी ऑनलाइन किंवा ऑफलाईन मोबाईलासून गुंतवणूक करू शकतय काय ?,मी ऑनलाइन किंवा ऑफलाइन मोबाईलातसून गुंतवणूक करूक शकतय काय,मी ऑनलाइन किंवा ऑफलाईन मोबाईलासून गुंतवणूक करू शकतय काय,5.26,33.33,5.08,30.0,0
IISc_RESPIN_mr_D1_71578_416513_F_BANK_711982_70999794,D1,Banking,4.19,हया कर्ज घेऊच्या खाती कोसाइनर लागतलो का ?,ह्या कर्ज घेऊच्या खाती कसा इन लागतलो का ?,हया कर्ज घेऊच्या खाती कोसाइनर लागतलो का,ह्या कर्ज घेऊच्या खाती कसा इन लागतलो का,10.26,42.86,9.76,37.5,0
IISc_RESPIN_mr_D1_71578_416513_F_BANK_712204_71000404,D1,Banking,3.17,पुननिर्वेश योजना काय आसता ?,उनर निवेश योजना काय असता ?,पुननिर्वेश योजना काय आसता,उनर निवेश योजना काय असता,28.0,75.0,25.93,60.0,0
IISc_RESPIN_mr_D1_71578_416513_F_AGRI_711131_71000429,D1,Agriculture,4.69,सिंचनाचे आधुनिक पद्धती कसले आनी कशे वापराचे ?,सिंचनाचे आधुनिक पद्धती कसले आणि कसे वापराचे ?,सिंचनाचे आधुनिक पद्धती कसले आनी कशे वापराचे,सिंचनाचे आधुनिक पद्धती कसले आणि कसे वापराचे,6.98,28.57,6.67,25.0,0
IISc_RESPIN_mr_D1_72095_416513_M_AGRI_711634_71000984,D1,Agriculture,4.29,सरकारकडून शेतीच्या कामाक कसली यंत्रा मिळतत ?,सरकार कडून शेतीच्या कामा कसली यंत्रा मिळतत ?,सरकारकडून शेतीच्या कामाक कसली यंत्रा मिळतत,सरकार कडून शेतीच्या कामा कसली यंत्रा मिळतत,4.76,50.0,4.55,42.86,0
IISc_RESPIN_mr_D1_72138_416513_M_BANK_712134_71001475,D1,Banking,4.17,माका घर बांधूचा हा माका कर्ज मिळात काय ?,माका घर बांबूचा हा माका कर्ज मिळात काय ?,माका घर बांधूचा हा माका कर्ज मिळात काय,माका घर बांबूचा हा माका कर्ज मिळात काय,2.63,12.5,2.5,11.11,0
IISc_RESPIN_mr_D1_72138_416513_M_BANK_712204_71001492,D1,Banking,2.91,पुननिर्वेश योजना काय आसता ?,पन निर्वे योजना काय असता ?,पुननिर्वेश योजना काय आसता,पन निर्वे योजना काय असता,16.0,75.0,14.81,60.0,0
IISc_RESPIN_mr_D1_72138_416513_M_AGRI_711343_71001495,D1,Agriculture,4.15,धा किलोग्रॅम भात कितक्या मापाच्या जमनित पेरून होताला ?,धा किलोग्रॅम भात कित्याक मापाच्या जमिनीत पेरून होतला,धा किलोग्रॅम भात कितक्या मापाच्या जमनित पेरून होताला,धा किलोग्रॅम भात कित्याक मापाच्या जमिनीत पेरून होतला,9.62,37.5,12.96,44.44,0
IISc_RESPIN_mr_D1_72138_416513_M_BANK_712300_71001900,D1,Banking,1.65,बचत खाता म्हणजे काय ?,बचत खाता म्हणजे का ?,बचत खाता म्हणजे काय,बचत खाता म्हणजे का,5.26,25.0,4.76,20.0,0
IISc_RESPIN_mr_D1_72138_416513_M_BANK_712327_71002623,D1,Banking,2.6,वीम्याचे पैसे ऑनलाइन भरले तर ?,विम्याचे पैसे ऑनलाइन भरले तर,वीम्याचे पैसे ऑनलाइन भरले तर,विम्याचे पैसे ऑनलाइन भरले तर,3.57,20.0,10.0,33.33,0
IISc_RESPIN_mr_D1_72138_416513_M_AGRI_711131_71002628,D1,Agriculture,4.32,सिंचनाचे आधुनिक पद्धती कसले आनी कशे वापराचे ?,सिंचनाचे आधुनिक पद्धती कसले आणि कसे वापरायचे ?,सिंचनाचे आधुनिक पद्धती कसले आनी कशे वापराचे,सिंचनाचे आधुनिक पद्धती कसले आणि कसे वापरायचे,9.3,42.86,8.89,37.5,0
IISc_RESPIN_mr_D1_72138_416513_M_BANK_712006_71002821,D1,Banking,4.03,मी ऑनलाइन किंवा ऑफलाइन मोबाईलातसून गुंतवणूक करूक शकतय काय ?,मी ऑनलाइन कि ऑफलाईन मोबाईलासून गुंतवणूक करुक शकते काय ?,मी ऑनलाइन किंवा ऑफलाइन मोबाईलातसून गुंतवणूक करूक शकतय काय,मी ऑनलाइन कि ऑफलाईन मोबाईलासून गुंतवणूक करुक शकते काय,12.28,55.56,11.86,50.0,0
IISc_RESPIN_mr_D1_72138_416513_M_BANK_711982_71002865,D1,Banking,3.93,हया कर्ज घेऊच्या खाती कोसाइनर लागतलो का ?,म्या कर्ज घेऊच्या खाती कसाई नर लागतलो का ?,हया कर्ज घेऊच्या खाती कोसाइनर लागतलो का,म्या कर्ज घेऊच्या खाती कसाई नर लागतलो का,12.82,42.86,12.2,37.5,0
IISc_RESPIN_mr_D1_72082_416502_M_AGRI_711635_71002909,D1,Agriculture,4.84,पीक लागवडीपासून ते पीक बाजारात नेईपर्यत पिकार कसले प्रकिया करतत ?,पीक लागवडी पासून ते पीक बाजारात नी पर्यंत पिकावर कसली प्रक्रिया करतात ?,पीक लागवडीपासून ते पीक बाजारात नेईपर्यत पिकार कसले प्रकिया करतत,पीक लागवडी पासून ते पीक बाजारात नी पर्यंत पिकावर कसली प्रक्रिया करतात,14.29,80.0,13.85,72.73,0
IISc_RESPIN_mr_D1_72138_416513_M_AGRI_711170_71002995,D1,Agriculture,4.6,सिंचन पध्दतीत काजीच्या रोपाक कितक्या प्रमाणात पानी दीउचा ?,सिंचन पद्धतीत काजीच्या रोपा कितक्या प्रमाणात पाणी देव चा ?,सिंचन पध्दतीत काजीच्या रोपाक कितक्या प्रमाणात पानी दीउचा,सिंचन पद्धतीत काजीच्या रोपा कितक्या प्रमाणात पाणी देव चा,12.5,62.5,12.07,55.56,0
IISc_RESPIN_mr_D1_72090_416511_F_AGRI_711166_71004667,D1,Agriculture,6.14,काजीच्या मोठ्या झाडासाठी कसला खत कितक्या प्रमाणात वापराचा ?,काजीच्या मोठ्या झाडासाठी कसला खत कितक्या प्रमाणात वापराचा ?,काजीच्या मोठ्या झाडासाठी कसला खत कितक्या प्रमाणात वापराचा,काजीच्या मोठ्या झाडासाठी कसला खत कितक्या प्रमाणात वापराचा,0.0,0.0,0.0,0.0,1
IISc_RESPIN_mr_D4_71953_440001_M_BANK_724093_71007821,D4,Banking,4.09,विमानाच तिकिट मले ऑनलाईन काढता येईन का ?,विमानाचा तिकीट मला ऑनलाईन काढता येईल का ?,विमानाच तिकिट मले ऑनलाईन काढता येईन का,विमानाचा तिकीट मला ऑनलाईन काढता येईल का,10.53,57.14,10.0,50.0,0
IISc_RESPIN_mr_D4_71953_440001_M_AGRI_723338_71007867,D4,Agriculture,6.59,शेती ड्रीचींगनं कराची रायल्यास कायचा वापर करा लागीन ?,सेटिडी चीन कराची रायल्यास कायचा वापर करा लागेल,शेती ड्रीचींगनं कराची रायल्यास कायचा वापर करा लागीन,सेटिडी चीन कराची रायल्यास कायचा वापर करा लागेल,23.53,37.5,26.42,44.44,0
IISc_RESPIN_mr_D4_71953_440001_M_BANK_723720_71009477,D4,Banking,4.26,यू.पी.आय न पैसा पाठवन सोपं हाय का ?,यू.पी.आय न पैसा पाठवणा सोप हाय का ?,यू पी आय न पैसा पाठवन सोपं हाय का,यू पी आय न पैसा पाठवणा सोप हाय का,9.09,22.22,8.57,25.0,0
IISc_RESPIN_mr_D1_72138_416513_M_AGRI_708043_71010236,D1,Agriculture,3.61,शिवाय भारतात पयल्यांदाच चहा तिबेटमधसून इलो,शिवाय भारतात पहिल्यांदा चहा तिबेट मधसून निलो,शिवाय भारतात पयल्यांदाच चहा तिबेटमधसून इलो,शिवाय भारतात पहिल्यांदा चहा तिबेट मधसून निलो,14.29,66.67,14.29,66.67,0
IISc_RESPIN_mr_D1_72138_416513_M_BANK_707745_71010266,D1,Banking,6.17,पेपल ही आज जगभरातले अधिक वापरकर्ते असलेली सगळ्यात भारी पेमेंट पद्धत आसा,पेपल ही आज जगभरातली अधिक वापर करते असलेली सगळ्यात भारी पेमेंट पद्धत आसा,पेपल ही आज जगभरातले अधिक वापरकर्ते असलेली सगळ्यात भारी पेमेंट पद्धत आसा,पेपल ही आज जगभरातली अधिक वापर करते असलेली सगळ्यात भारी पेमेंट पद्धत आसा,4.23,25.0,4.23,25.0,0
IISc_RESPIN_mr_D1_72138_416513_M_AGRI_707654_71010267,D1,Agriculture,5.09,थायलंड मलेशिया आणि इंडोनेशिया ह्ये तीन महत्वाचे रबर उत्पादक आसत,फायलेन मनीची आणि ननिशय हे तीन महत्वाचे रबर उत्पादक आसत,थायलंड मलेशिया आणि इंडोनेशिया ह्ये तीन महत्वाचे रबर उत्पादक आसत,फायलेन मनीची आणि ननिशय हे तीन महत्वाचे रबर उत्पादक आसत,28.57,40.0,28.57,40.0,0
IISc_RESPIN_mr_D1_72095_416513_M_AGRI_709372_71010401,D1,Agriculture,3.29,ऑयस्टर्ची शेती एक जलीय कृषि प्रथा असा,ऑयस्टर ची शेती एक जलीय कृषी प्रथा आसा,ऑयस्टर्ची शेती एक जलीय कृषि प्रथा असा,ऑयस्टर ची शेती एक जलीय कृषी प्रथा आसा,8.11,57.14,8.11,57.14,0
IISc_RESPIN_mr_D1_72140_416513_F_AGRI_711616_71010439,D1,Agriculture,3.59,इलेक्ट्रॉनिक वजनकाट्यात माप मारुक येता काय ?,इलेक्ट्रॉनिक वजन कट्याक माप मारुक येता काय ?,इलेक्ट्रॉनिक वजनकाट्यात माप मारुक येता काय,इलेक्ट्रॉनिक वजन कट्याक माप मारुक येता काय,7.14,33.33,6.82,28.57,0
IISc_RESPIN_mr_D2_71680_422009_F_BANK_716568_71012838,D2,Banking,3.13,संघीय आयकर हा आपल्या वेतनातून कापला जातो,संघीय आयकर हा आपल्या वेतनातून कापला जातो,संघीय आयकर हा आपल्या वेतनातून कापला जातो,संघीय आयकर हा आपल्या वेतनातून कापला जातो,0.0,0.0,0.0,0.0,1
IISc_RESPIN_mr_D2_71680_422009_F_BANK_715768_71013035,D2,Banking,3.17,पूर्ण प्रबळ निधी राज्याची संपत्ती असते,पूर्ण प्रभाव निधी राज्याची संपत्ती असते,पूर्ण प्रबळ निधी राज्याची संपत्ती असते,पूर्ण प्रभाव निधी राज्याची संपत्ती असते,7.89,16.67,7.89,16.67,0
IISc_RESPIN_mr_D2_71680_422009_F_AGRI_714525_71013074,D2,Agriculture,4.51,सेंद्रीय शेतीमा परंपरागत शेतीना तुलनामा कमी उत्पादन येस,सेंद्रिय शेती मा परंपरागत शेती ना तुलनामा कमी उत्पादन येस,सेंद्रीय शेतीमा परंपरागत शेतीना तुलनामा कमी उत्पादन येस,सेंद्रिय शेती मा परंपरागत शेती ना तुलनामा कमी उत्पादन येस,5.45,62.5,5.45,62.5,0
IISc_RESPIN_mr_D2_71680_422009_F_AGRI_716029_71013238,D2,Agriculture,4.49,मेंढ्या पाळणे हा जगातल्या सगळ्यात जुन्या व्यवसायामधलं एक काम आहे,मेंढ्या पाळणे हा जगातल्या सगळ्यात जुन्या व्यवसाया मधल एक काम आहे,मेंढ्या पाळणे हा जगातल्या सगळ्यात जुन्या व्यवसायामधलं एक काम आहे,मेंढ्या पाळणे हा जगातल्या सगळ्यात जुन्या व्यवसाया मधल एक काम आहे,3.12,20.0,3.12,20.0,0
IISc_RESPIN_mr_D2_71680_422009_F_AGRI_715842_71013606,D2,Agriculture,2.62,बल्क टँक स्टील चा बनलेला असतो,बल टॅक्स टिलचा बनलेला असतो,बल्क टँक स्टील चा बनलेला असतो,बल टॅक्स टिलचा बनलेला असतो,24.14,66.67,24.14,66.67,0
IISc_RESPIN_mr_D2_71680_422009_F_AGRI_716262_71013607,D2,Agriculture,3.01,सूर्याच्या प्रकाशात कोकोची शेती करू नये,सुर्याच्या प्रकाशात कोकोचे शेती करू नये,सूर्याच्या प्रकाशात कोकोची शेती करू नये,सुर्याच्या प्रकाशात कोकोचे शेती करू नये,5.13,33.33,5.13,33.33,0
IISc_RESPIN_mr_D2_71680_422009_F_AGRI_716726_71013626,D2,Agriculture,4.87,मी उद्या बाहेर जाऊ शकणार नाही मला माझ्या मेंढ्यांची लोकर काढायची आहे,मी उद्या बाहेर जाऊ शकणा नाही मला माझ्या मेंढ्यांची लोकर काढायचे आहे,मी उद्या बाहेर जाऊ शकणार नाही मला माझ्या मेंढ्यांची लोकर काढायची आहे,मी उद्या बाहेर जाऊ शकणा नाही मला माझ्या मेंढ्यांची लोकर काढायचे आहे,2.94,16.67,2.94,16.67,0
IISc_RESPIN_mr_D2_71680_422009_F_BANK_716034_71013636,D2,Banking,3.97,मोठमोठ्या देशांसोबत व्यापार करण्यासाठी डॉलरचा वापर करावा लागतो,मोठमोठ्या देशा सोबत वापर करण्यासाठी डॉलरचा वापर करावा लागतो,मोठमोठ्या देशांसोबत व्यापार करण्यासाठी डॉलरचा वापर करावा लागतो,मोठमोठ्या देशा सोबत वापर करण्यासाठी डॉलरचा वापर करावा लागतो,6.45,37.5,6.45,37.5,0
IISc_RESPIN_mr_D2_71680_422009_F_BANK_715835_71013699,D2,Banking,3.96,बँकेतील देवाण घेवाण बँकेच्या काही मार्गदर्शकां नुसार असते,बँकेतील देवाण घेवाण बँकेचा काही मार्ग दर्शका नुसार असते,बँकेतील देवाण घेवाण बँकेच्या काही मार्गदर्शकां नुसार असते,बँकेतील देवाण घेवाण बँकेचा काही मार्ग दर्शका नुसार असते,7.02,37.5,7.02,37.5,0
IISc_RESPIN_mr_D2_71680_422009_F_BANK_718129_71013757,D2,Banking,1.91,डेबिट कार्ड कसे काम करते ?,डेबिट कार्ड कसे काम करते ?,डेबिट कार्ड कसे काम करते,डेबिट कार्ड कसे काम करते,0.0,0.0,0.0,0.0,1
IISc_RESPIN_mr_D2_71680_422009_F_AGRI_717290_71013856,D2,Agriculture,4.23,"ड्रॅगनफ्रूटची लागवड केली आहे , त्याला ठिबक सिंचनने पाणी देऊ शकतो का ?",ड्रॅगन फूट ची लागवड केली आहे त्या ठिबक सिंचन ने पाणी देऊ शकतो का ?,ड्रॅगनफ्रूटची लागवड केली आहे त्याला ठिबक सिंचनने पाणी देऊ शकतो का,ड्रॅगन फूट ची लागवड केली आहे त्या ठिबक सिंचन ने पाणी देऊ शकतो का,10.77,54.55,13.04,53.85,0
IISc_RESPIN_mr_D2_71680_422009_F_BANK_717979_71013860,D2,Banking,2.47,माझे वीजबिल मला कसे भरता येईल ?,माझे विज बिल मला कसे भरता येईल ?,माझे वीजबिल मला कसे भरता येईल,माझे विज बिल मला कसे भरता येईल,6.9,33.33,6.45,28.57,0
IISc_RESPIN_mr_D2_71680_422009_F_BANK_718390_71014091,D2,Banking,3.29,सामाजिक मदत मिळविण्यासाठी मला माहिती हवी आहे,सामाजिक मदत मिळविण्यासाठी मला माहिती हवी आहे,सामाजिक मदत मिळविण्यासाठी मला माहिती हवी आहे,सामाजिक मदत मिळविण्यासाठी मला माहिती हवी आहे,0.0,0.0,0.0,0.0,1
IISc_RESPIN_mr_D2_71680_422009_F_AGRI_717605_71014157,D2,Agriculture,4.82,कुक्कूटपालनासाठी शासकीय कर्ज व अनुदान उपलब्ध आहे का ? त्यासाठीचे निकष कोणते ?,कुक्कुटपालनासाठी शासकीय कर्ज होण दान उपलब्ध आहे त्यासाठी चे निकष कोणते ?,कुक्कूटपालनासाठी शासकीय कर्ज व अनुदान उपलब्ध आहे का त्यासाठीचे निकष कोणते,कुक्कुटपालनासाठी शासकीय कर्ज होण दान उपलब्ध आहे त्यासाठी चे निकष कोणते,13.7,45.45,15.58,46.15,0
IISc_RESPIN_mr_D2_71680_422009_F_BANK_718367_71014195,D2,Banking,2.93,यू.पी.आय सेवेच्या वापराबाबत माहिती हवी आहे,यू.पी.आय सेवेचा वापराबाबत माहिती हवी आहे,यू पी आय सेवेच्या वापराबाबत माहिती हवी आहे,यू पी आय सेवेचा वापराबाबत माहिती हवी आहे,4.76,12.5,4.76,16.67,0
IISc_RESPIN_mr_D2_70987_422004_F_AGRI_713404_71015409,D2,Agriculture,5.85,शेतीना अवजारेस्नं परदरशन मांडं तवय त्यास्नी ईक्री वाढी,शेतीना अवजारेस ना परदर सन मांड तव्हय त्यास्नी इक्री वाढी,शेतीना अवजारेस्नं परदरशन मांडं तवय त्यास्नी ईक्री वाढी,शेतीना अवजारेस ना परदर सन मांड तव्हय त्यास्नी इक्री वाढी,14.81,87.5,14.81,87.5,0
IISc_RESPIN_mr_D2_70987_422004_F_BANK_717089_71015436,D2,Banking,4.87,मी तुम्हाला आय.एम.पी.एस नंबरच्या मदतीने काही पैसे पाठवतो,मी तुम्हाला आय.एम.पी.एस नंबर च्या मदतीने काही पैसे पाठवतो,मी तुम्हाला आय एम पी एस नंबरच्या मदतीने काही पैसे पाठवतो,मी तुम्हाला आय एम पी एस नंबर च्या मदतीने काही पैसे पाठवतो,1.79,18.18,1.79,25.0,0
IISc_RESPIN_mr_D1_71608_416513_M_AGRI_709716_71016436,D1,Agriculture,5.41,सूप प्रक्रियेमध्ये मिश्रण हवेत फेकला जाता जेणेकरून वारो हलक्या भुस्याक उडवून देइत,सूप प्रक्रियेमध्ये मिश्रण हवेत विकला जात जेणेकरून वर हलक्या भुस्या घडवून दे,सूप प्रक्रियेमध्ये मिश्रण हवेत फेकला जाता जेणेकरून वारो हलक्या भुस्याक उडवून देइत,सूप प्रक्रियेमध्ये मिश्रण हवेत विकला जात जेणेकरून वर हलक्या भुस्या घडवून दे,11.11,50.0,11.11,50.0,0
IISc_RESPIN_mr_D1_71608_416513_M_AGRI_709132_71016460,D1,Agriculture,4.94,इसवी सन पुर्व तिसऱ्या शतकात कपडा बनवूक जूट वापरत हुते,विश्वीसन पूर्व तिसर्या शतकात कपडा बनवू जूट वापरत होते,इसवी सन पुर्व तिसऱ्या शतकात कपडा बनवूक जूट वापरत हुते,विश्वीसन पूर्व तिसर्या शतकात कपडा बनवू जूट वापरत होते,16.98,60.0,16.98,60.0,0
IISc_RESPIN_mr_D1_72095_416513_M_AGRI_707726_71016812,D1,Agriculture,6.73,"पायरेथ्रॉइड कीटकनाशक आणि माइटिसाइड , मातीच्या वापरासाठी लेबल केलेले आसत",पायरे तर कीटकनाशक आणि माहिती हाय मातीच्या वापरासाठी लेबर केलेले आसत,पायरेथ्रॉइड कीटकनाशक आणि माइटिसाइड मातीच्या वापरासाठी लेबल केलेले आसत,पायरे तर कीटकनाशक आणि माहिती हाय मातीच्या वापरासाठी लेबर केलेले आसत,20.29,55.56,19.72,50.0,0
IISc_RESPIN_mr_D1_72082_416502_M_BANK_710159_71016885,D1,Banking,5.17,आवडीचो शेयराक प्राधान्य दिला तर लाभांशामध्ये फायदो देता,आवडीचो शेअराक प्राधान्य दिलं तर लाभांश मध्ये फायदो देता,आवडीचो शेयराक प्राधान्य दिला तर लाभांशामध्ये फायदो देता,आवडीचो शेअराक प्राधान्य दिलं तर लाभांश मध्ये फायदो देता,5.45,50.0,5.45,50.0,0
IISc_RESPIN_mr_D2_71690_422004_M_BANK_713241_71017103,D2,Banking,4.21,फोन पे वर मनी गनच बीमा करी ठेल शेत,कोण पे वर मनी गनज बिमा करी ठेवल शेत,फोन पे वर मनी गनच बीमा करी ठेल शेत,कोण पे वर मनी गनज बिमा करी ठेवल शेत,14.71,44.44,14.71,44.44,0
IISc_RESPIN_mr_D2_71690_422004_M_AGRI_715851_71017136,D2,Agriculture,4.71,बाजारात आजकाल कच्चे केळे खूपच विक्रीला यायला लागले आहेत,बाजारात आजकल कच्चे के खूपच विक्रीला यायला लागले आहेत,बाजारात आजकाल कच्चे केळे खूपच विक्रीला यायला लागले आहेत,बाजारात आजकल कच्चे के खूपच विक्रीला यायला लागले आहेत,5.45,22.22,5.45,22.22,0
IISc_RESPIN_mr_D2_71690_422004_M_AGRI_714300_71017573,D2,Agriculture,4.89,ऊस कारखानामझार ऊसपासून गूय बनाडतंस,ऊस कारखाना मझार ऊस पासून गुय बनाडतस,ऊस कारखानामझार ऊसपासून गूय बनाडतंस,ऊस कारखाना मझार ऊस पासून गुय बनाडतस,11.76,120.0,11.76,120.0,0
IISc_RESPIN_mr_D2_71690_422004_M_AGRI_714690_71017592,D2,Agriculture,5.16,"चवळीनं पीक राजस्थान , कर्नाटक , केरळमा जास्त पिकसं",चवळी ना पीक राज थांकना टक्के रमा जास्त पीककस,चवळीनं पीक राजस्थान कर्नाटक केरळमा जास्त पिकसं,चवळी ना पीक राज थांकना टक्के रमा जास्त पीककस,32.61,100.0,38.0,88.89,0
IISc_RESPIN_mr_D2_71690_422004_M_AGRI_716413_71018380,D2,Agriculture,4.55,गोड्या पाण्यातील कोळंबी शेती हा मत्स्यपालन व्यवसाय आहे,गोड्या पाण्यातील कोळंबी शेती हा मत्स्यपालन व्यवसाय आहे,गोड्या पाण्यातील कोळंबी शेती हा मत्स्यपालन व्यवसाय आहे,गोड्या पाण्यातील कोळंबी शेती हा मत्स्यपालन व्यवसाय आहे,0.0,0.0,0.0,0.0,1
IISc_RESPIN_mr_D2_71690_422004_M_BANK_718390_71018512,D2,Banking,4.17,सामाजिक मदत मिळविण्यासाठी मला माहिती हवी आहे,सामाजिक मदत मिळविण्यासाठी मला माहिती हवी आहे,सामाजिक मदत मिळविण्यासाठी मला माहिती हवी आहे,सामाजिक मदत मिळविण्यासाठी मला माहिती हवी आहे,0.0,0.0,0.0,0.0,1
IISc_RESPIN_mr_D2_71690_422004_M_BANK_717968_71018518,D2,Banking,4.8,क्रेडिट कार्डसाठी ऑनलाईन पद्धतीने अर्ज करता येईल का ?,क्रेडिट कार्डसाठी ऑनलाईन पद्धतीने अर्ज करता येईल का ?,क्रेडिट कार्डसाठी ऑनलाईन पद्धतीने अर्ज करता येईल का,क्रेडिट कार्डसाठी ऑनलाईन पद्धतीने अर्ज करता येईल का,0.0,0.0,0.0,0.0,1
IISc_RESPIN_mr_D2_70987_422004_F_AGRI_714312_71018571,D2,Agriculture,6.8,ईकोनीस शतकलोंग हाऊ उद्योग लघु उद्योग म्हणीसन ईकशीत कराना शे,एकोणीस शेतकन हाऊ उद्योग लघु उद्योग म्हनीसन एक शेत करना शे,ईकोनीस शतकलोंग हाऊ उद्योग लघु उद्योग म्हणीसन ईकशीत कराना शे,एकोणीस शेतकन हाऊ उद्योग लघु उद्योग म्हनीसन एक शेत करना शे,20.34,60.0,20.34,60.0,0
IISc_RESPIN_mr_D2_71690_422004_M_BANK_718409_71019012,D2,Banking,4.23,मला कर्ज मिळविण्यासाठी कोणत्या कागदपत्रांची गरज आहे ?,मला कर्ज मिळविण्यासाठी कोणत्या कागदपत्रांची गरज आहे ?,मला कर्ज मिळविण्यासाठी कोणत्या कागदपत्रांची गरज आहे,मला कर्ज मिळविण्यासाठी कोणत्या कागदपत्रांची गरज आहे,0.0,0.0,0.0,0.0,1
IISc_RESPIN_mr_D1_72140_416513_F_BANK_707243_71019572,D1,Banking,7.05,जीवन प्रमाणपत्र मिळवूक पेन्शन घेतलेला व्यक्तीन एकतर सवता समोर सादर करणा आवश्यक हा,जीवन प्रमाणपत्र मिळवू पेन्शन घेतलेल्या व्यक्ती एक तर सवता समोर सादर करण आवश्यक का,जीवन प्रमाणपत्र मिळवूक पेन्शन घेतलेला व्यक्तीन एकतर सवता समोर सादर करणा आवश्यक हा,जीवन प्रमाणपत्र मिळवू पेन्शन घेतलेल्या व्यक्ती एक तर सवता समोर सादर करण आवश्यक का,8.64,53.85,8.64,53.85,0
IISc_RESPIN_mr_D1_72140_416513_F_BANK_710463_71019612,D1,Banking,4.35,संदर्भ दर आणि बेरोजगारी दर कशे वेगळे असत ?,संदर्भ दर आणि बेरोजगारी दर कशी वेगळे आसत ?,संदर्भ दर आणि बेरोजगारी दर कशे वेगळे असत,संदर्भ दर आणि बेरोजगारी दर कशी वेगळे आसत,5.0,25.0,4.76,22.22,0
IISc_RESPIN_mr_D4_71917_441203_M_BANK_719910_71019656,D4,Banking,5.31,जोखीम मुक्त दर निश्चित दर किंवा व्हेरिएबल व्याज दराच्या स्वरूपात असू शकतो,जोखीम मुक्त दर निश्चित दार किंवा वेळी वल व्याज दराच्या स्वरूपात असू शकतो,जोखीम मुक्त दर निश्चित दर किंवा व्हेरिएबल व्याज दराच्या स्वरूपात असू शकतो,जोखीम मुक्त दर निश्चित दार किंवा वेळी वल व्याज दराच्या स्वरूपात असू शकतो,9.59,25.0,9.59,25.0,0
IISc_RESPIN_mr_D1_72138_416513_M_AGRI_710139_71019799,D1,Agriculture,4.67,आजकल उसाचे भाव उतरले हत ता शेतकऱ्यांसाठी चांगला नसा,आजकल उसाचे भाव उतरले हत ता शेतकर्यांसाठी चांगला नसा,आजकल उसाचे भाव उतरले हत ता शेतकऱ्यांसाठी चांगला नसा,आजकल उसाचे भाव उतरले हत ता शेतकर्यांसाठी चांगला नसा,1.96,11.11,1.96,11.11,0
IISc_RESPIN_mr_D1_72082_416502_M_BANK_708587_71020019,D1,Banking,3.6,होय स्वीप खाती सुद्धा जमा खात्याचेच प्रकार आसत,वय हित खाती सुद्धा जमा खात्याची प्रकार असत,होय स्वीप खाती सुद्धा जमा खात्याचेच प्रकार आसत,वय हित खाती सुद्धा जमा खात्याची प्रकार असत,21.74,50.0,21.74,50.0,0
IISc_RESPIN_mr_D1_72082_416502_M_AGRI_709321_71020020,D1,Agriculture,3.76,अंबाडीचा बियाणा हृदयविकारासाठी अतिशय उपयोगी असता,अंबाडी चा बियाणे हरय काळासाठी अतिशय उपयोगी असता,अंबाडीचा बियाणा हृदयविकारासाठी अतिशय उपयोगी असता,अंबाडी चा बियाणे हरय काळासाठी अतिशय उपयोगी असता,14.58,83.33,14.58,83.33,0
IISc_RESPIN_mr_D1_72138_416513_M_BANK_706672_71020523,D1,Banking,5.03,वित्तीय सेवा म्हणजे फायनान्स इंडस्ट्रीद्वारा पुरवल्या जाणाऱ्यो आर्थिक सेवा,वित्तीय सेवा म्हणजे फायनान्स इंडेशी द्वारा पुरवल्या जाणार्या आर्थिक सेवा,वित्तीय सेवा म्हणजे फायनान्स इंडस्ट्रीद्वारा पुरवल्या जाणाऱ्यो आर्थिक सेवा,वित्तीय सेवा म्हणजे फायनान्स इंडेशी द्वारा पुरवल्या जाणार्या आर्थिक सेवा,10.81,33.33,10.81,33.33,0
IISc_RESPIN_mr_D1_71606_416513_M_BANK_710867_71021737,D1,Banking,4.16,भांडवलाच्या प्रकारात तात्पुरता कार्यरत भांडवल देखील येता,भांडवलाच्या प्रकारात तात्पुरता कार्यात भांडवल देखील येता,भांडवलाच्या प्रकारात तात्पुरता कार्यरत भांडवल देखील येता,भांडवलाच्या प्रकारात तात्पुरता कार्यात भांडवल देखील येता,1.79,14.29,1.79,14.29,0
IISc_RESPIN_mr_D1_72160_416513_F_AGRI_708535_71024107,D1,Agriculture,5.19,सगळ्या प्रकारच्या मातयेचो कस सारखो नसता,सगळ्या प्रकारच्या मात चो कस सारखे असता,सगळ्या प्रकारच्या मातयेचो कस सारखो नसता,सगळ्या प्रकारच्या मात चो कस सारखे असता,10.26,66.67,10.26,66.67,0
IISc_RESPIN_mr_D1_72160_416513_F_AGRI_710946_71024111,D1,Agriculture,7.98,मेंढीपालन सुविधांमध्ये योग्य वायुजीवन आणि सुलभ व्यवस्थापन समाविष्ट असता,मेंढीपालन सुविधा मध्ये योग्य बाय जीवन आणि सुलभ व्यवस्थापन समाविष्ट असता,मेंढीपालन सुविधांमध्ये योग्य वायुजीवन आणि सुलभ व्यवस्थापन समाविष्ट असता,मेंढीपालन सुविधा मध्ये योग्य बाय जीवन आणि सुलभ व्यवस्थापन समाविष्ट असता,4.23,44.44,4.23,44.44,0
IISc_RESPIN_mr_D1_72160_416513_F_AGRI_708158_71024120,D1,Agriculture,5.53,बुरशी पासून झाडांका लय प्रकारचे तरास जातत,बुरशीपासून झाडांका लय प्रकारचे तरास जातत,बुरशी पासून झाडांका लय प्रकारचे तरास जातत,बुरशीपासून झाडांका लय प्रकारचे तरास जातत,2.44,28.57,2.44,28.57,0
IISc_RESPIN_mr_D1_72160_416513_F_BANK_710607_71024132,D1,Banking,9.21,कराचो भरणो करताना समाविष्ट असलेली मालमत्ता लिखीत स्वरूपात असणा आवश्यक असा,कराच भरलो करताना समाविष्ट असलेली मालमत्ता लिखीत स्वरूपात असणा आवश्यक असा,कराचो भरणो करताना समाविष्ट असलेली मालमत्ता लिखीत स्वरूपात असणा आवश्यक असा,कराच भरलो करताना समाविष्ट असलेली मालमत्ता लिखीत स्वरूपात असणा आवश्यक असा,2.74,18.18,2.74,18.18,0
IISc_RESPIN_mr_D4_71953_440001_M_AGRI_723175_71024610,D4,Agriculture,5.16,पेरनीनंतर किती दिवसांनी पानी द्या लागते ?,पेरणीनंतर किती दिवसांनी पानी द्या लागते,पेरनीनंतर किती दिवसांनी पानी द्या लागते,पेरणीनंतर किती दिवसांनी पानी द्या लागते,2.56,16.67,7.32,28.57,0
IISc_RESPIN_mr_D1_72090_416511_F_BANK_708441_71024926,D1,Banking,8.81,भारतातले बँके ह्ये सार्वजनिक रोजगाराचो भाग आसत,भारतातले के हे सार्वजनिक रोजगाराच भाव आसत,भारतातले बँके ह्ये सार्वजनिक रोजगाराचो भाग आसत,भारतातले के हे सार्वजनिक रोजगाराच भाव आसत,13.04,57.14,13.04,57.14,0
IISc_RESPIN_mr_D1_72160_416513_F_AGRI_708087_71025234,D1,Agriculture,11.13,"समुद्री शैवाल , क्रस्टेशियन आणि फिनफिश ह्या सागरी कृषी प्रजातीं च्या प्रमुख श्रेणी आसत",समुद्री शेवाळ करस्टेशियन आणि फिंेश ह्या सागरी कृषी प्रजातींच्या प्रमुख श्रेणी आसत,समुद्री शैवाल क्रस्टेशियन आणि फिनफिश ह्या सागरी कृषी प्रजातीं च्या प्रमुख श्रेणी आसत,समुद्री शेवाळ करस्टेशियन आणि फिंेश ह्या सागरी कृषी प्रजातींच्या प्रमुख श्रेणी आसत,8.33,38.46,10.47,42.86,0
IISc_RESPIN_mr_D1_72138_416513_M_AGRI_707741_71026499,D1,Agriculture,6.49,पीक तणांचो दाब कमी करण्यासाठी वापरत असलेल्या पद्धतीं मध्ये वाणांची निवड हि गोष्ट सामील आसा,पीक तन जादा कमी करण्यासाठी वापरत असलेल्या पद्धतीमध्ये वाणांची निवड ही गोष्ट सामील आसा,पीक तणांचो दाब कमी करण्यासाठी वापरत असलेल्या पद्धतीं मध्ये वाणांची निवड हि गोष्ट सामील आसा,पीक तन जादा कमी करण्यासाठी वापरत असलेल्या पद्धतीमध्ये वाणांची निवड ही गोष्ट सामील आसा,11.11,33.33,11.11,33.33,0
IISc_RESPIN_mr_D4_71953_440001_M_BANK_722308_71027933,D4,Banking,6.91,पसंतीचे समभाग सामान्य समभागांपेक्षा वरिष्ठ असतात,पसंतीचे संभाव सामान्य संभागा पेक्षा वरिष्ठ असतात,पसंतीचे समभाग सामान्य समभागांपेक्षा वरिष्ठ असतात,पसंतीचे संभाव सामान्य संभागा पेक्षा वरिष्ठ असतात,8.33,50.0,8.33,50.0,0
IISc_RESPIN_mr_D4_71953_440001_M_AGRI_721019_71027963,D4,Agriculture,9.05,सेंद्रिय शेती ही व्यवस्थापन कृषी उत्पादनाची प्रणाली म्हणून परिभाषित केली जाऊ शकते,सेंद्रिय शेती ही व्यवस्थापन कृषी उत्पादनाची प्रणाली म्हणून परिभाषित केले जाऊ शक्य,सेंद्रिय शेती ही व्यवस्थापन कृषी उत्पादनाची प्रणाली म्हणून परिभाषित केली जाऊ शकते,सेंद्रिय शेती ही व्यवस्थापन कृषी उत्पादनाची प्रणाली म्हणून परिभाषित केले जाऊ शक्य,3.7,16.67,3.7,16.67,0
IISc_RESPIN_mr_D4_71953_440001_M_BANK_721270_71029979,D4,Banking,7.64,लघु व्यवसाय उद्योजकता म्हणजे लहान व्यवसाय जो एखाद्या व्यक्तीने तयार केला आहे,नग व्यवसाय अदयोजकता म्हणजे लहान व्यवसायाच्या एकदा व्यक्तीने तयार केला आहे,लघु व्यवसाय उद्योजकता म्हणजे लहान व्यवसाय जो एखाद्या व्यक्तीने तयार केला आहे,नग व्यवसाय अदयोजकता म्हणजे लहान व्यवसायाच्या एकदा व्यक्तीने तयार केला आहे,18.42,41.67,18.42,41.67,0
IISc_RESPIN_mr_D1_72095_416513_M_BANK_710110_71031046,D1,Banking,6.25,सिक्युरिटीज ट्रेडिंग एखाद्या घटकाला नफ्यासाठी अल्पावधीत विक्री करण्याचा मानस आहे,सिक्युरिटी कंडींग एका द्या घट काला नफ्यासाठी अल्पावधी विक्री करण्याचा मानस आहे,सिक्युरिटीज ट्रेडिंग एखाद्या घटकाला नफ्यासाठी अल्पावधीत विक्री करण्याचा मानस आहे,सिक्युरिटी कंडींग एका द्या घट काला नफ्यासाठी अल्पावधी विक्री करण्याचा मानस आहे,12.5,70.0,12.5,70.0,0
IISc_RESPIN_mr_D1_72140_416513_F_BANK_708916_71033330,D1,Banking,7.22,युनियन बॅन्क ऑफ इंडिया पंच्याण्णव शाखांमधली पाचवा सगळ्यात मोठा पीएसयू बॅन्क बनली हा,इनेट बँक ऑफ इंडिया पंचानो शाखा मधली पाचवा सगळ्यात मोठा पी.एस यो बँक बनली हा,युनियन बॅन्क ऑफ इंडिया पंच्याण्णव शाखांमधली पाचवा सगळ्यात मोठा पीएसयू बॅन्क बनली हा,इनेट बँक ऑफ इंडिया पंचानो शाखा मधली पाचवा सगळ्यात मोठा पी एस यो बँक बनली हा,25.3,69.23,25.3,61.54,0
IISc_RESPIN_mr_D1_72140_416513_F_AGRI_709716_71033448,D1,Agriculture,7.28,सूप प्रक्रियेमध्ये मिश्रण हवेत फेकला जाता जेणेकरून वारो हलक्या भुस्याक उडवून देइत,सूप प्रक्रिया मध्ये मिश्रण हवेत फेकला जाता जेणेकरून बार हलक्या भुसा रनदेत,सूप प्रक्रियेमध्ये मिश्रण हवेत फेकला जाता जेणेकरून वारो हलक्या भुस्याक उडवून देइत,सूप प्रक्रिया मध्ये मिश्रण हवेत फेकला जाता जेणेकरून बार हलक्या भुसा रनदेत,16.05,50.0,16.05,50.0,0
IISc_RESPIN_mr_D1_72140_416513_F_BANK_710609_71033483,D1,Banking,3.25,करामधुन सरकार देशाचा निर्माण करता,करा मधून सरकार देशाचा निर्माण करता,करामधुन सरकार देशाचा निर्माण करता,करा मधून सरकार देशाचा निर्माण करता,6.06,40.0,6.06,40.0,0
IISc_RESPIN_mr_D1_72140_416513_F_BANK_707363_71033484,D1,Banking,9.12,उत्पन्न योजनेचा ऐच्छिक प्रकटीकरण ह्या भारताच्या आर्थिक धोरणांमधला याक अपारंपारिक पण यशस्वी पाऊल होता,उत्पन्न योजनेचा ऐच्छिक प्रकटीकरण ह्या भारताच्या आर्थिक धोरणा मधला या अपारंपारिक पण यशस्वी पाऊल होता,उत्पन्न योजनेचा ऐच्छिक प्रकटीकरण ह्या भारताच्या आर्थिक धोरणांमधला याक अपारंपारिक पण यशस्वी पाऊल होता,उत्पन्न योजनेचा ऐच्छिक प्रकटीकरण ह्या भारताच्या आर्थिक धोरणा मधला या अपारंपारिक पण यशस्वी पाऊल होता,2.0,21.43,2.0,21.43,0
IISc_RESPIN_mr_D1_72140_416513_F_AGRI_707741_71033573,D1,Agriculture,9.57,पीक तणांचो दाब कमी करण्यासाठी वापरत असलेल्या पद्धतीं मध्ये वाणांची निवड हि गोष्ट सामील आसा,पीक तणांचो दाब कमी करण्यासाठी वापरत असलेल्या पद्धतीमध्ये वाणांची निवड ही गोष्ट सामील असा,पीक तणांचो दाब कमी करण्यासाठी वापरत असलेल्या पद्धतीं मध्ये वाणांची निवड हि गोष्ट सामील आसा,पीक तणांचो दाब कमी करण्यासाठी वापरत असलेल्या पद्धतीमध्ये वाणांची निवड ही गोष्ट सामील असा,4.44,26.67,4.44,26.67,0
IISc_RESPIN_mr_D1_72140_416513_F_AGRI_711635_71033769,D1,Agriculture,5.21,पीक लागवडीपासून ते पीक बाजारात नेईपर्यत पिकार कसले प्रकिया करतत ?,पीक लागवडी पासून ते पीक बाजारात नी पर्यंत पिकावर कसली प्रक्रिया करतत ?,पीक लागवडीपासून ते पीक बाजारात नेईपर्यत पिकार कसले प्रकिया करतत,पीक लागवडी पासून ते पीक बाजारात नी पर्यंत पिकावर कसली प्रक्रिया करतत,12.7,70.0,12.31,63.64,0
IISc_RESPIN_mr_D2_70987_422004_F_AGRI_713250_71033868,D2,Agriculture,4.11,पिकनी शेती मा येगयेगळा पिके लेतस,पीकनी शेती मा येगळा पिके लेतस,पिकनी शेती मा येगयेगळा पिके लेतस,पीकनी शेती मा येगळा पिके लेतस,12.5,33.33,12.5,33.33,0
IISc_RESPIN_mr_D2_70987_422004_F_BANK_713293_71034215,D2,Banking,4.39,रोहितनी पंजाब नॅशनल बँकनं पासबुक ऑनलाइन तपासं,रोहितने पंजाब नॅशनल बँकांना पासबुक ऑनलाइन तपासत,रोहितनी पंजाब नॅशनल बँकनं पासबुक ऑनलाइन तपासं,रोहितने पंजाब नॅशनल बँकांना पासबुक ऑनलाइन तपासत,11.11,42.86,11.11,42.86,0
IISc_RESPIN_mr_D2_70987_422004_F_BANK_713197_71034217,D2,Banking,4.87,अनुदानित कर्ज हायी कर्मचारीस्ना फायदाना रुपमा दखतस,अनुदानित कर्ज हाई कर्मचारीस ना फायदा ना रूप मा दकतस,अनुदानित कर्ज हायी कर्मचारीस्ना फायदाना रुपमा दखतस,अनुदानित कर्ज हाई कर्मचारीस ना फायदा ना रूप मा दकतस,14.0,114.29,14.0,114.29,0
IISc_RESPIN_mr_D2_70987_422004_F_BANK_714934_71034223,D2,Banking,4.21,चालू खात मुख्यकरून व्यवसाय करणाऱ्या लोकांसाठी असते,चालू खाता मुख्य करुन व्यवसाय करणार्या लोकांसाठी असते,चालू खात मुख्यकरून व्यवसाय करणाऱ्या लोकांसाठी असते,चालू खाता मुख्य करुन व्यवसाय करणार्या लोकांसाठी असते,8.0,57.14,8.0,57.14,0
IISc_RESPIN_mr_D1_72160_416513_F_AGRI_709739_71034386,D1,Agriculture,10.95,अंत्योदय अन्न योजनेचे उद्दिष्ट लाखो गरीब कुटुंबांका उच्च अनुदानावर अन्न पुरवण्याचा आसा,अंत्योदय अन्न योजनेचे उद्दिष्ट लाखो गरीब कुटुंबा उच्च अनुदानावर अन्न पुरवण्याचा आसा,अंत्योदय अन्न योजनेचे उद्दिष्ट लाखो गरीब कुटुंबांका उच्च अनुदानावर अन्न पुरवण्याचा आसा,अंत्योदय अन्न योजनेचे उद्दिष्ट लाखो गरीब कुटुंबा उच्च अनुदानावर अन्न पुरवण्याचा आसा,3.49,8.33,3.49,8.33,0
IISc_RESPIN_mr_D1_72160_416513_F_AGRI_710922_71034395,D1,Agriculture,9.18,मासळी बाजार माशांच्या घाऊक आणि किरकोळ व्यापारासाठी त्यांची सेवा पुरवतत,मासळी बाजार माशांच्या घाऊक आणि किरकोळ व्यापारासाठी त्यांची सेवा पुरवतात,मासळी बाजार माशांच्या घाऊक आणि किरकोळ व्यापारासाठी त्यांची सेवा पुरवतत,मासळी बाजार माशांच्या घाऊक आणि किरकोळ व्यापारासाठी त्यांची सेवा पुरवतात,1.43,10.0,1.43,10.0,0
IISc_RESPIN_mr_D1_72095_416513_M_BANK_707749_71034674,D1,Banking,3.75,पेरोल कर ह्येका छुपो कर असा पण म्हणतत,पेरोल कर ह्याची पोक असा पण म्हणतत,पेरोल कर ह्येका छुपो कर असा पण म्हणतत,पेरोल कर ह्याची पोक असा पण म्हणतत,18.92,37.5,18.92,37.5,0
IISc_RESPIN_mr_D1_72095_416513_M_BANK_712208_71034990,D1,Banking,2.91,रिचार्जचो प्लॅन कसो बगायचा ?,रिचार्ज चो प्लॅन कसो बगायचा ?,रिचार्जचो प्लॅन कसो बगायचा,रिचार्ज चो प्लॅन कसो बगायचा,3.85,50.0,3.57,40.0,0
IISc_RESPIN_mr_D1_72095_416513_M_BANK_712018_71035008,D1,Banking,4.55,जीवन विमा योजनेची सुरवातीची मूलभूत फायदे काय आसत ?,जीवन विमा योजनेची सुरुवातीचे मूलभूत फायदे काय आसत ?,जीवन विमा योजनेची सुरवातीची मूलभूत फायदे काय आसत,जीवन विमा योजनेची सुरुवातीचे मूलभूत फायदे काय आसत,4.17,12.5,4.0,11.11,0
IISc_RESPIN_mr_D1_72095_416513_M_AGRI_711623_71035022,D1,Agriculture,3.58,थंडीच्या हवामानात खयची पिकां बरी वाढतत ?,थंडीच्या हवामानात खयची पिका बरी वाढत ?,थंडीच्या हवामानात खयची पिकां बरी वाढतत,थंडीच्या हवामानात खयची पिका बरी वाढत,5.26,33.33,5.0,28.57,0
IISc_RESPIN_mr_D1_72095_416513_M_BANK_712509_71036407,D1,Banking,4.33,खात्यात रक्कम काढली काय बँक खात्याची चार्ज घेता काय ?,खात्यात रक्कम काढली काय बँक खात्याची चार घेता का ?,खात्यात रक्कम काढली काय बँक खात्याची चार्ज घेता काय,खात्यात रक्कम काढली काय बँक खात्याची चार घेता का,5.88,22.22,5.66,20.0,0
IISc_RESPIN_mr_D1_72095_416513_M_AGRI_711696_71038380,D1,Agriculture,4.29,तुषार सिंचनाचो उपयोग करून खयची पीका चांगली येतत ?,तुषार सिंचनाचो उपयोग करून खयची पिका चांगली येतत ?,तुषार सिंचनाचो उपयोग करून खयची पीका चांगली येतत,तुषार सिंचनाचो उपयोग करून खयची पिका चांगली येतत,2.13,12.5,2.04,11.11,0
IISc_RESPIN_mr_D2_70987_422004_F_AGRI_714815_71038593,D2,Agriculture,6.1,अमेरिकन फाऊलब्रूड आणि युरोपियन फाऊलब्रूड हे मधमाशांचे जिवाणूजन्य रोग आहेत,अमेरिकन फार रोड आणि युरोपियन पाल्रड हे मधमाशांची जिवाणू जाल्या रोग आहेत,अमेरिकन फाऊलब्रूड आणि युरोपियन फाऊलब्रूड हे मधमाशांचे जिवाणूजन्य रोग आहेत,अमेरिकन फार रोड आणि युरोपियन पाल्रड हे मधमाशांची जिवाणू जाल्या रोग आहेत,19.18,60.0,19.18,60.0,0
IISc_RESPIN_mr_D2_70987_422004_F_BANK_715930_71038601,D2,Banking,4.17,मजेत उद्योजकतेचा आधार नफ्यावर अवलंबून नसतो,माझे उद्योजकतेचा आधार नफ्यावर अवलंबून नसतो,मजेत उद्योजकतेचा आधार नफ्यावर अवलंबून नसतो,माझे उद्योजकतेचा आधार नफ्यावर अवलंबून नसतो,7.14,16.67,7.14,16.67,0
IISc_RESPIN_mr_D1_72095_416513_M_AGRI_711564_71039532,D1,Agriculture,4.57,आताची नवी पिढी शेतीच्या खयच्या पद्धतीर जास्त भर दिता ?,भाताची नवी फेडी शेतीच्या खयच्या पद्धतीत जास्त भर दिता,आताची नवी पिढी शेतीच्या खयच्या पद्धतीर जास्त भर दिता,भाताची नवी फेडी शेतीच्या खयच्या पद्धतीत जास्त भर दिता,11.54,33.33,14.81,40.0,0
IISc_RESPIN_mr_D1_72095_416513_M_AGRI_711533_71039534,D1,Agriculture,4.49,सरकारच्या खयल्या योजनेसून मका स्वस्त दरात बियाना मिळात ?,सरकारच्या खयल्या योजनेसून माका स्वस्त दारात बियाणा मिळात,सरकारच्या खयल्या योजनेसून मका स्वस्त दरात बियाना मिळात,सरकारच्या खयल्या योजनेसून माका स्वस्त दारात बियाणा मिळात,5.56,37.5,8.93,44.44,0
IISc_RESPIN_mr_D2_70987_422004_F_AGRI_717361_71040209,D2,Agriculture,3.21,तूरीची लागवड जानेवारी महिन्यात करता येईल का ?,तुरीची लागवड जानेवारी महिन्यात करता येईल का ?,तूरीची लागवड जानेवारी महिन्यात करता येईल का,तुरीची लागवड जानेवारी महिन्यात करता येईल का,2.33,14.29,2.22,12.5,0
IISc_RESPIN_mr_D2_70987_422004_F_AGRI_717290_71040255,D2,Agriculture,4.78,"ड्रॅगनफ्रूटची लागवड केली आहे , त्याला ठिबक सिंचनने पाणी देऊ शकतो का ?",ड्रॅगन प्रची लागवड केले आहे त्याला ठिबक सिंचन ने पाणी देऊ शकतो का ?,ड्रॅगनफ्रूटची लागवड केली आहे त्याला ठिबक सिंचनने पाणी देऊ शकतो का,ड्रॅगन प्रची लागवड केले आहे त्याला ठिबक सिंचन ने पाणी देऊ शकतो का,9.23,45.45,11.59,46.15,0
IISc_RESPIN_mr_D2_70987_422004_F_BANK_718367_71040273,D2,Banking,3.98,यू.पी.आय सेवेच्या वापराबाबत माहिती हवी आहे,यू.पी.आय सेवेचा वापराबाबत माहिती हवी आहे,यू पी आय सेवेच्या वापराबाबत माहिती हवी आहे,यू पी आय सेवेचा वापराबाबत माहिती हवी आहे,4.76,12.5,4.76,16.67,0
IISc_RESPIN_mr_D1_72083_416513_M_AGRI_709864_71040386,D1,Agriculture,6.71,"क्रसटेशियन कितीतरी प्राण्यांचो एक समूह असता ज्याच्यात खेकडे , झिंगे इत्यादी सामील असतत",क्रस्टेशियन कितीतरी प्राण्यांचो एक समूह असता ज्याच्या खेकडे झिंगे इत्यादी चांगल असतत,क्रसटेशियन कितीतरी प्राण्यांचो एक समूह असता ज्याच्यात खेकडे झिंगे इत्यादी सामील असतत,क्रस्टेशियन कितीतरी प्राण्यांचो एक समूह असता ज्याच्या खेकडे झिंगे इत्यादी चांगल असतत,5.95,25.0,8.14,30.77,0
IISc_RESPIN_mr_D1_72083_416513_M_BANK_710609_71040388,D1,Banking,3.28,करामधुन सरकार देशाचा निर्माण करता,करा मधून सरकार देशाचा निर्माण करता,करामधुन सरकार देशाचा निर्माण करता,करा मधून सरकार देशाचा निर्माण करता,6.06,40.0,6.06,40.0,0
IISc_RESPIN_mr_D2_70987_422004_F_AGRI_717644_71041317,D2,Agriculture,3.44,बाजारात कोणकोणती किटकनाशक औषधे आहेत ?,बाजारात कोणकोणती कीटकनाशक औषधे आहेत ?,बाजारात कोणकोणती किटकनाशक औषधे आहेत,बाजारात कोणकोणती कीटकनाशक औषधे आहेत,2.86,20.0,2.7,16.67,0
IISc_RESPIN_mr_D2_70987_422004_F_BANK_718568_71041594,D2,Banking,4.59,कर्ज परतफेडी बाबत मला ऑनलाईन व ऑफलाईन माहिती पाहिजे आहे,कर्ज परतफेडे बाबत मला ऑनलाईन ऑफलाईन माहिती पाहिजे आहे,कर्ज परतफेडी बाबत मला ऑनलाईन व ऑफलाईन माहिती पाहिजे आहे,कर्ज परतफेडे बाबत मला ऑनलाईन ऑफलाईन माहिती पाहिजे आहे,5.45,20.0,5.45,20.0,0
IISc_RESPIN_mr_D2_70987_422004_F_BANK_717979_71041610,D2,Banking,3.04,माझे वीजबिल मला कसे भरता येईल ?,माझे वीज बिल मला कसे भरता येईल ?,माझे वीजबिल मला कसे भरता येईल,माझे वीज बिल मला कसे भरता येईल,3.45,33.33,3.23,28.57,0
IISc_RESPIN_mr_D1_72082_416502_M_BANK_709629_71042448,D1,Banking,3.92,राजू कल आपला लाईट बील भरूक ऑफीस मध्ये जाईत हुतो,राजू कल आपला लाईट बिल भरु का ऑफिसमध्ये जायत होतो,राजू कल आपला लाईट बील भरूक ऑफीस मध्ये जाईत हुतो,राजू कल आपला लाईट बिल भरु का ऑफिसमध्ये जायत होतो,17.02,60.0,17.02,60.0,0
IISc_RESPIN_mr_D1_72082_416502_M_BANK_708539_71042894,D1,Banking,2.87,संदर्भ दर ह्यो रेफरलचो दर आसा,संदर्भ दार ह्यो रेफल चो दर असा,संदर्भ दर ह्यो रेफरलचो दर आसा,संदर्भ दार ह्यो रेफल चो दर असा,13.79,66.67,13.79,66.67,0
IISc_RESPIN_mr_D1_72123_416513_F_BANK_710609_71043032,D1,Banking,3.73,करामधुन सरकार देशाचा निर्माण करता,करा मधून सरकार देशाचा निर्माण करता,करामधुन सरकार देशाचा निर्माण करता,करा मधून सरकार देशाचा निर्माण करता,6.06,40.0,6.06,40.0,0
IISc_RESPIN_mr_D1_72082_416502_M_BANK_712018_71043040,D1,Banking,4.05,जीवन विमा योजनेची सुरवातीची मूलभूत फायदे काय आसत ?,जीवन विमा योजनेची सुरुवातीचे मूल फायदे काय आसत ?,जीवन विमा योजनेची सुरवातीची मूलभूत फायदे काय आसत,जीवन विमा योजनेची सुरुवातीचे मूल फायदे काय आसत,10.42,25.0,10.0,22.22,0
IISc_RESPIN_mr_D1_72082_416502_M_BANK_712204_71043413,D1,Banking,2.55,पुननिर्वेश योजना काय आसता ?,पन नीरवेश योजना काय असता ?,पुननिर्वेश योजना काय आसता,पन नीरवेश योजना काय असता,20.0,75.0,18.52,60.0,0
IISc_RESPIN_mr_D1_72082_416502_M_AGRI_711459_71043446,D1,Agriculture,2.27,ई कॉमर्सचो उपयोग काय असा ?,ई कॉमर्सचा उपयोग काय असा ?,ई कॉमर्सचो उपयोग काय असा,ई कॉमर्सचा उपयोग काय असा,4.17,20.0,3.85,16.67,0
IISc_RESPIN_mr_D1_72123_416513_F_AGRI_710096_71043814,D1,Agriculture,4.59,सगळ्या जगात हिरवी मिरची ही जेवणात भाजी म्हणून वापरतत,सगळ्या जकात हिरवी मिरची ही जेवणात भाजी म्हणून वापरतत,सगळ्या जगात हिरवी मिरची ही जेवणात भाजी म्हणून वापरतत,सगळ्या जकात हिरवी मिरची ही जेवणात भाजी म्हणून वापरतत,1.92,11.11,1.92,11.11,0
IISc_RESPIN_mr_D1_72123_416513_F_AGRI_708676_71043826,D1,Agriculture,4.6,कॉफी विक्री आणि वितरणात ब्राझीलचो नंबर जगात पहिलो येता,कॉफी विक्री आणि वितरणात दाजीलचो नंबर जगात पहिलो येता,कॉफी विक्री आणि वितरणात ब्राझीलचो नंबर जगात पहिलो येता,कॉफी विक्री आणि वितरणात दाजीलचो नंबर जगात पहिलो येता,7.41,11.11,7.41,11.11,0
IISc_RESPIN_mr_D1_72082_416502_M_AGRI_711703_71043992,D1,Agriculture,3.41,ऊसाच्या पिकाक खयच्या सिंचनाचो उपयोग करतत ?,ऊसाच्या पिकाक खयच्या सिंचनाचा उपयोग करतत ?,ऊसाच्या पिकाक खयच्या सिंचनाचो उपयोग करतत,ऊसाच्या पिकाक खयच्या सिंचनाचा उपयोग करतत,2.5,16.67,2.38,14.29,0
IISc_RESPIN_mr_D1_72082_416502_M_AGRI_711318_71044015,D1,Agriculture,4.01,खताचो वापर केल्यार किती वेळांन परत वापर करुचो ?,खताचो वापर केल्यावर किती वेळाने परत वापर करुचो ?,खताचो वापर केल्यार किती वेळांन परत वापर करुचो,खताचो वापर केल्यावर किती वेळाने परत वापर करुचो,6.67,25.0,6.38,22.22,0
IISc_RESPIN_mr_D1_72082_416502_M_BANK_711898_71044033,D1,Banking,2.39,योजनेचो कालावधी किती अस्तलो ?,योजनेचो कालावधी किती आसतलो ?,योजनेचो कालावधी किती अस्तलो,योजनेचो कालावधी किती आसतलो,7.41,25.0,6.9,20.0,0
IISc_RESPIN_mr_D4_71953_440001_M_AGRI_722263_71044275,D4,Agriculture,4.99,कॅटागॅट उत्पादक सहसा मेंढी वापरतात,कट गट उत्पादक सहसा मेंढी वापरतात,कॅटागॅट उत्पादक सहसा मेंढी वापरतात,कट गट उत्पादक सहसा मेंढी वापरतात,8.82,40.0,8.82,40.0,0
IISc_RESPIN_mr_D4_71953_440001_M_AGRI_722844_71044283,D4,Agriculture,7.85,नीरज मी वसंत ऋतूमध्ये कोलोकेशियाच्या पानांची लागवड करेन,निरज मी वसंत ऋतूमध्ये कोलोकेशि यांच्या पाण्याची लागवड करेल,नीरज मी वसंत ऋतूमध्ये कोलोकेशियाच्या पानांची लागवड करेन,निरज मी वसंत ऋतूमध्ये कोलोकेशि यांच्या पाण्याची लागवड करेल,14.55,62.5,14.55,62.5,0
IISc_RESPIN_mr_D1_72123_416513_F_BANK_707311_71044801,D1,Banking,4.06,आजकाल सगळ्या बंगल्या बाहेर सिक्युरिटी गार्ड ठेवतत,आजकाल सगळ्या बनवल्या बाहेर सिक्युरिटी काळ ठेवतात,आजकाल सगळ्या बंगल्या बाहेर सिक्युरिटी गार्ड ठेवतत,आजकाल सगळ्या बनवल्या बाहेर सिक्युरिटी काळ ठेवतात,14.29,42.86,14.29,42.86,0
IISc_RESPIN_mr_D1_72123_416513_F_BANK_707136_71044806,D1,Banking,7.17,एम पासबुक ऍप त्याच्यो साधोपणासाठी आणि वापरूक सुलभतेसाठी प्रशंसनीय असा,एम पासबुक ऐप त्याच्यो साधू पणा साठी आणि वापरूक सुलपतेसाठी प्रश्न सन यो असा,एम पासबुक ऍप त्याच्यो साधोपणासाठी आणि वापरूक सुलभतेसाठी प्रशंसनीय असा,एम पासबुक ऐप त्याच्यो साधू पणा साठी आणि वापरूक सुलपतेसाठी प्रश्न सन यो असा,14.49,80.0,14.49,80.0,0
IISc_RESPIN_mr_D1_72083_416513_M_BANK_712289_71045371,D1,Banking,3.29,बँक खाता बँकेत असला तरच कर्ज मेळाक शकता काय ?,बँक खाता बँकेत असला तरच कर्ज मेल शकता काय ?,बँक खाता बँकेत असला तरच कर्ज मेळाक शकता काय,बँक खाता बँकेत असला तरच कर्ज मेल शकता काय,6.98,11.11,6.67,10.0,0
IISc_RESPIN_mr_D1_72083_416513_M_BANK_711863_71045391,D1,Banking,6.02,सामाजिक योजनांसाठी फॉर्म भरलो आणि मगेन काय फायदो जावक नाय तर काय करुचा ?,सामाजिक योजनांसाठी फॉर्म भरलो आणि मगे काय फायदो जावक नाय तर काय करूचा ?,सामाजिक योजनांसाठी फॉर्म भरलो आणि मगेन काय फायदो जावक नाय तर काय करुचा,सामाजिक योजनांसाठी फॉर्म भरलो आणि मगे काय फायदो जावक नाय तर काय करूचा,2.86,15.38,2.78,14.29,0
IISc_RESPIN_mr_D1_72083_416513_M_AGRI_711224_71045411,D1,Agriculture,2.92,काजूच्या झाडंका कसला सेंद्रिय खत घालूचा ?,काजूच्या झाडांचा कसला सेंद्रिय खत घालूचा ?,काजूच्या झाडंका कसला सेंद्रिय खत घालूचा,काजूच्या झाडांचा कसला सेंद्रिय खत घालूचा,5.13,16.67,4.88,14.29,0
IISc_RESPIN_mr_D1_72083_416513_M_BANK_711898_71045442,D1,Banking,2.63,योजनेचो कालावधी किती अस्तलो ?,योजनेचो कालावधी किती असतलो ?,योजनेचो कालावधी किती अस्तलो,योजनेचो कालावधी किती असतलो,3.7,25.0,3.45,20.0,0
IISc_RESPIN_mr_D1_72083_416513_M_BANK_712381_71045686,D1,Banking,3.93,गाडीसाठी कर्ज काढूक काय काय कागदपत्रा लागतली ?,गाडीसाठी कर्ज काढूक काय काय कागदपत्र लागतली ?,गाडीसाठी कर्ज काढूक काय काय कागदपत्रा लागतली,गाडीसाठी कर्ज काढूक काय काय कागदपत्र लागतली,2.27,14.29,2.17,12.5,0
IISc_RESPIN_mr_D1_72082_416502_M_AGRI_711508_71046493,D1,Agriculture,2.8,पिकांका कीड लागा नको म्हणून काय करूचा ?,पिकांचा कीड लाख नको म्हणून काय करूचा ?,पिकांका कीड लागा नको म्हणून काय करूचा,पिकांचा कीड लाख नको म्हणून काय करूचा,8.11,28.57,7.69,25.0,0
IISc_RESPIN_mr_D1_72083_416513_M_BANK_712204_71048385,D1,Banking,2.65,पुननिर्वेश योजना काय आसता ?,पन निर्वेश योजना काय असता ?,पुननिर्वेश योजना काय आसता,पन निर्वेश योजना काय असता,12.0,75.0,11.11,60.0,0
IISc_RESPIN_mr_D1_72140_416513_F_AGRI_711144_71048923,D1,Agriculture,4.39,न्हान काजीच्या रोपासाठी खताचा प्रमाण कितक्या वापराचा ?,लहान काजीच्या रोपासाठी खताचा प्रमाण कितक्या वापराचा ?,न्हान काजीच्या रोपासाठी खताचा प्रमाण कितक्या वापराचा,लहान काजीच्या रोपासाठी खताचा प्रमाण कितक्या वापराचा,3.85,14.29,3.7,12.5,0
IISc_RESPIN_mr_D1_72140_416513_F_AGRI_711116_71048952,D1,Agriculture,4.63,हया ऋतुत किवा मैन्यात कसली पीके घेउक मेलाक शकतत ?,या ऋतूत किंवा महिन्यात कसली पिके घेऊ मेला शकतत ?,हया ऋतुत किवा मैन्यात कसली पीके घेउक मेलाक शकतत,या ऋतूत किंवा महिन्यात कसली पिके घेऊ मेला शकतत,19.15,77.78,18.37,70.0,0
IISc_RESPIN_mr_D1_72140_416513_F_BANK_712509_71049269,D1,Banking,4.26,खात्यात रक्कम काढली काय बँक खात्याची चार्ज घेता काय ?,खात्यात रक्कम काढली काय बँक खात्याची चार्ज घेता काय ?,खात्यात रक्कम काढली काय बँक खात्याची चार्ज घेता काय,खात्यात रक्कम काढली काय बँक खात्याची चार्ज घेता काय,0.0,0.0,0.0,0.0,1
IISc_RESPIN_mr_D1_72140_416513_F_AGRI_711412_71049349,D1,Agriculture,2.64,खता किती प्रमाणात वापरुची ?,खता किती प्रमाणात वापरूची ?,खता किती प्रमाणात वापरुची,खता किती प्रमाणात वापरूची,4.0,25.0,3.7,20.0,0
IISc_RESPIN_mr_D1_72123_416513_F_AGRI_709578_71050756,D1,Agriculture,4.49,मर्सराइज्ड कॉटन प्रक्रियात धाग्यात चमक जोडली जाता,मर्सराइज कॉटन प्रक्रिया धाग्या चमक जोडली जाता,मर्सराइज्ड कॉटन प्रक्रियात धाग्यात चमक जोडली जाता,मर्सराइज कॉटन प्रक्रिया धाग्या चमक जोडली जाता,8.16,42.86,8.16,42.86,0
IISc_RESPIN_mr_D1_72123_416513_F_BANK_724968_71050761,D1,Banking,8.21,पोर्टफोलिओ सिद्धांताअंतर्गत बाजार आणि पैशाची जोखीम हेंच्या व्यवस्थापनाच्या जवळपास विज्ञान विकसित झाला,पोर्टफोलिओ सिद्धांत अंतर्गत बाजार आणि पैशाची जोखीम हेच्या व्यवस्थापनाच्या जवा पाच विज्ञान विकसित झाला,पोर्टफोलिओ सिद्धांताअंतर्गत बाजार आणि पैशाची जोखीम हेंच्या व्यवस्थापनाच्या जवळपास विज्ञान विकसित झाला,पोर्टफोलिओ सिद्धांत अंतर्गत बाजार आणि पैशाची जोखीम हेच्या व्यवस्थापनाच्या जवा पाच विज्ञान विकसित झाला,4.95,41.67,4.95,41.67,0
IISc_RESPIN_mr_D4_71917_441203_M_BANK_721637_71056896,D4,Banking,6.37,कोरोनाच्या काळात बेरोजगार मजुरांना रोजगार देण्यासाठी गरीब कल्याण रोजगार सुरू केला गेला आहे,कोर्नाच्या काळात बेरोजगार मजुरांना रोजगार देण्यासाठी गरीब कल्याण रोजगार सुरू केला गेला आहे,कोरोनाच्या काळात बेरोजगार मजुरांना रोजगार देण्यासाठी गरीब कल्याण रोजगार सुरू केला गेला आहे,कोर्नाच्या काळात बेरोजगार मजुरांना रोजगार देण्यासाठी गरीब कल्याण रोजगार सुरू केला गेला आहे,1.11,7.69,1.11,7.69,0
IISc_RESPIN_mr_D4_71917_441203_M_AGRI_722253_71056900,D4,Agriculture,7.97,"कीटकनाशकांचा वापर धान्य , ऊस , तेलबिया शोषून घेणे आणि चघळणे नियंत्रित करण्यासाठी केला जातो",कीटकनाशकांचा वापर धान्य ऊस तेल बिया शोषून घेणे आणि चघळणे नियंत्रित करण्यासाठी केला जातो,कीटकनाशकांचा वापर धान्य ऊस तेलबिया शोषून घेणे आणि चघळणे नियंत्रित करण्यासाठी केला जातो,कीटकनाशकांचा वापर धान्य ऊस तेल बिया शोषून घेणे आणि चघळणे नियंत्रित करण्यासाठी केला जातो,1.16,15.38,5.56,20.0,0
IISc_RESPIN_mr_D4_71917_441203_M_BANK_719775_71056915,D4,Banking,5.56,आवर्ती ठेव खाते म्हणजे अल्प मुदतीच्या कर्ज गुंतवणुकीत व्यापार करणे आहे,आवर्ती ठेव खाते म्हणजे अल्प मुदतीच्या कर्ज गुंतवणुकीत व्यापार करणे आहे,आवर्ती ठेव खाते म्हणजे अल्प मुदतीच्या कर्ज गुंतवणुकीत व्यापार करणे आहे,आवर्ती ठेव खाते म्हणजे अल्प मुदतीच्या कर्ज गुंतवणुकीत व्यापार करणे आहे,0.0,0.0,0.0,0.0,1
IISc_RESPIN_mr_D4_71917_441203_M_AGRI_720083_71056928,D4,Agriculture,4.57,"पालकाची भाजी बनविली जाते , आरोग्यासाठी हे खूप फायदेशीर आहे",पालकाची भाजी बनवली जाते आरोग्यासाठी ही खूप फायदेशीर आहे,पालकाची भाजी बनविली जाते आरोग्यासाठी हे खूप फायदेशीर आहे,पालकाची भाजी बनवली जाते आरोग्यासाठी ही खूप फायदेशीर आहे,3.57,22.22,6.9,30.0,0
IISc_RESPIN_mr_D4_71917_441203_M_AGRI_719864_71057145,D4,Agriculture,5.07,मार्शल ही कार्बोनेट गटाची जगप्रसिद्ध कीटकनाशके आहे,मार्च ली कार बुनेट गटाची जगप्रसिद्ध कीटकनाशके आहे,मार्शल ही कार्बोनेट गटाची जगप्रसिद्ध कीटकनाशके आहे,मार्च ली कार बुनेट गटाची जगप्रसिद्ध कीटकनाशके आहे,10.0,57.14,10.0,57.14,0
IISc_RESPIN_mr_D4_71917_441203_M_BANK_722018_71057152,D4,Banking,4.3,पे.टी.एम हे भारतातील सर्वात लोकप्रिय डिजिटल वॉलेट आहे,पेटीएम हे एक भारतीय सर्वात लोकप्रिय डिजिटल वॉलेट आहे,पे टी एम हे भारतातील सर्वात लोकप्रिय डिजिटल वॉलेट आहे,पेटीएम हे एक भारतीय सर्वात लोकप्रिय डिजिटल वॉलेट आहे,15.09,50.0,15.09,37.5,0
IISc_RESPIN_mr_D4_71953_440001_M_AGRI_719116_71057322,D4,Agriculture,11.93,दूध आयनमध्ये बनते आणि ते सेवन होईपर्यंत ते आयनमध्येच राहते अयानमध्ये दुधाचे दोन भाग करता येतात,दूध काळामध्ये बनते आणि ते सेवन होई प्रत ते थायमध्ये राहते आयांमध्ये दुधाचे दोन भाग करता येतात,दूध आयनमध्ये बनते आणि ते सेवन होईपर्यंत ते आयनमध्येच राहते अयानमध्ये दुधाचे दोन भाग करता येतात,दूध काळामध्ये बनते आणि ते सेवन होई प्रत ते थायमध्ये राहते आयांमध्ये दुधाचे दोन भाग करता येतात,14.89,31.25,14.89,31.25,0
IISc_RESPIN_mr_D1_72123_416513_F_AGRI_708158_71059046,D1,Agriculture,3.74,बुरशी पासून झाडांका लय प्रकारचे तरास जातत,बुरशीपासून झाडांका लय प्रकारचे तर असात,बुरशी पासून झाडांका लय प्रकारचे तरास जातत,बुरशीपासून झाडांका लय प्रकारचे तर असात,14.63,57.14,14.63,57.14,0
IISc_RESPIN_mr_D4_71953_440001_M_BANK_722746_71059307,D4,Banking,6.17,मी सुरुवातीला सार्वजनिक सहकार्य निधीची मदत घेतली,मी सुरुवातीला सार्वजनिक सहकार्य निधीची मदत घेतली,मी सुरुवातीला सार्वजनिक सहकार्य निधीची मदत घेतली,मी सुरुवातीला सार्वजनिक सहकार्य निधीची मदत घेतली,0.0,0.0,0.0,0.0,1
IISc_RESPIN_mr_D4_71953_440001_M_AGRI_721786_71059312,D4,Agriculture,5.28,भारत कापसाचा आयात आणी निर्यात दोन्ही करतो,भारत कापसाच्या आयात आणि निर्यात दोन्ही करतो,भारत कापसाचा आयात आणी निर्यात दोन्ही करतो,भारत कापसाच्या आयात आणि निर्यात दोन्ही करतो,7.32,28.57,7.32,28.57,0
IISc_RESPIN_mr_D4_71953_440001_M_AGRI_722248_71059313,D4,Agriculture,3.89,स्प्रिंकलर वापरणे खूप कठीण काम आहे,पिंकालर वापरणे खूप कठीण काम आहे,स्प्रिंकलर वापरणे खूप कठीण काम आहे,पिंकालर वापरणे खूप कठीण काम आहे,14.71,16.67,14.71,16.67,0
IISc_RESPIN_mr_D1_72160_416513_F_AGRI_708782_71060063,D1,Agriculture,5.91,"मसूर डाळ बिना सालीची , लाल रंगाची असता",मसूर डाळ बिना साली ची लाल रंगाची असता,मसूर डाळ बिना सालीची लाल रंगाची असता,मसूर डाळ बिना साली ची लाल रंगाची असता,2.78,28.57,7.89,25.0,0
IISc_RESPIN_mr_D1_72160_416513_F_BANK_707680_71060234,D1,Banking,4.79,धान्याचे भावही वाढत आसा,धान्याचे भावही वाढत आसा,धान्याचे भावही वाढत आसा,धान्याचे भावही वाढत आसा,0.0,0.0,0.0,0.0,1
IISc_RESPIN_mr_D1_72160_416513_F_AGRI_710832_71061781,D1,Agriculture,8.65,फायबरच्या एका युनिट वजनासाठी अंदाजे दोन युनिट बीयाणा तयार होता,फायबरच्या एका युनिट वजनासाठी अंदाजे दोन युनिट बियाणा तयार होता,फायबरच्या एका युनिट वजनासाठी अंदाजे दोन युनिट बीयाणा तयार होता,फायबरच्या एका युनिट वजनासाठी अंदाजे दोन युनिट बियाणा तयार होता,1.61,10.0,1.61,10.0,0
IISc_RESPIN_mr_D2_71690_422004_M_BANK_718238_71065352,D2,Banking,4.57,मला माझ्या खात्याची गेल्या सहा महिन्यांची बॅलन्स शीट पाहिजे आहे,मला माझ्या खात्याची गेल्या सहा महिन्याची बॅलन शीट पाहिजे आहे,मला माझ्या खात्याची गेल्या सहा महिन्यांची बॅलन्स शीट पाहिजे आहे,मला माझ्या खात्याची गेल्या सहा महिन्याची बॅलन शीट पाहिजे आहे,4.76,20.0,4.76,20.0,0
IISc_RESPIN_mr_D2_71690_422004_M_AGRI_717732_71065683,D2,Agriculture,5.61,द्राक्षावर कोणते रोग पडू शकतात ? त्याची खबरदारी म्हणून काय उपाययोजना करावी ?,द्राक्षावर कोणते रोग पडू शकतात त्याची खबरदारी म्हणून काय उपाययोजना करावी ?,द्राक्षावर कोणते रोग पडू शकतात त्याची खबरदारी म्हणून काय उपाययोजना करावी,द्राक्षावर कोणते रोग पडू शकतात त्याची खबरदारी म्हणून काय उपाययोजना करावी,0.0,0.0,2.63,7.69,1
IISc_RESPIN_mr_D2_72304_410506_M_AGRI_714332_71065807,D2,Agriculture,3.34,पशु खत हाई पैसा देणारं उत्पादन शे,पशु हाई पैसा देणारा उत्पन्न शे,पशु खत हाई पैसा देणारं उत्पादन शे,पशु हाई पैसा देणारा उत्पन्न शे,18.18,42.86,18.18,42.86,0
IISc_RESPIN_mr_D2_72304_410506_M_AGRI_716201_71065995,D2,Agriculture,4.01,शेवाळ नाशक पाण्यामध्ये असणाऱ्या जंतूंचा नाश करते,शेवाळ नाशक पाण्यामध्ये असणारा जंतू नाश करते,शेवाळ नाशक पाण्यामध्ये असणाऱ्या जंतूंचा नाश करते,शेवाळ नाशक पाण्यामध्ये असणारा जंतू नाश करते,12.5,28.57,12.5,28.57,0
IISc_RESPIN_mr_D2_72304_410506_M_BANK_712880_71066120,D2,Banking,4.57,भारत सरकार लघु उद्योगना करता पैसासनी मदत करस,भारत सरकार लघु उद्योगाला करता पैसा सनी मदत करता,भारत सरकार लघु उद्योगना करता पैसासनी मदत करस,भारत सरकार लघु उद्योगाला करता पैसा सनी मदत करता,11.36,50.0,11.36,50.0,0
IISc_RESPIN_mr_D1_72123_416513_F_AGRI_711116_71067666,D1,Agriculture,4.41,हया ऋतुत किवा मैन्यात कसली पीके घेउक मेलाक शकतत ?,या ऋतूत किंवा महिन्यात कसली पिके घेऊ मला शकत ?,हया ऋतुत किवा मैन्यात कसली पीके घेउक मेलाक शकतत,या ऋतूत किंवा महिन्यात कसली पिके घेऊ मला शकत,23.4,88.89,22.45,80.0,0
IISc_RESPIN_mr_D1_72123_416513_F_AGRI_711403_71067671,D1,Agriculture,5.91,जमीन आरोग्य पत्रिकेत शिफारसशी नुसारचा रासायनिक खताचो वापर कसो करायचो ?,जमीन आरोग्य पत्रिके सी फारशी नुसार चा रासायनिक खताचो वापर कसो करायचो,जमीन आरोग्य पत्रिकेत शिफारसशी नुसारचा रासायनिक खताचो वापर कसो करायचो,जमीन आरोग्य पत्रिके सी फारशी नुसार चा रासायनिक खताचो वापर कसो करायचो,8.82,50.0,11.43,54.55,0
IISc_RESPIN_mr_D1_72123_416513_F_BANK_712381_71067678,D1,Banking,3.93,गाडीसाठी कर्ज काढूक काय काय कागदपत्रा लागतली ?,गाडीसाठी कर्ज काढूक काय काय कागदपत्र लागतली ?,गाडीसाठी कर्ज काढूक काय काय कागदपत्रा लागतली,गाडीसाठी कर्ज काढूक काय काय कागदपत्र लागतली,2.27,14.29,2.17,12.5,0
IISc_RESPIN_mr_D1_72123_416513_F_AGRI_711326_71067685,D1,Agriculture,4.28,सोयाबीनाच्या पिकाक कीड लागली तर कसली लक्षणा दिसतली ?,सोयाबीनच्या पिका कीड लागली तर कसली लक्षणा दिसतली ?,सोयाबीनाच्या पिकाक कीड लागली तर कसली लक्षणा दिसतली,सोयाबीनच्या पिका कीड लागली तर कसली लक्षणा दिसतली,4.0,25.0,3.85,22.22,0
IISc_RESPIN_mr_D1_72123_416513_F_AGRI_711635_71067686,D1,Agriculture,5.41,पीक लागवडीपासून ते पीक बाजारात नेईपर्यत पिकार कसले प्रकिया करतत ?,पीक लागवडी पासून ते पीक बाजारात ने पर्यंत पिकावर कसले प्रक्रिया करतत ?,पीक लागवडीपासून ते पीक बाजारात नेईपर्यत पिकार कसले प्रकिया करतत,पीक लागवडी पासून ते पीक बाजारात ने पर्यंत पिकावर कसले प्रक्रिया करतत,9.52,60.0,9.23,54.55,0
IISc_RESPIN_mr_D1_72160_416513_F_AGRI_711224_71067818,D1,Agriculture,5.21,काजूच्या झाडंका कसला सेंद्रिय खत घालूचा ?,काजूच्या झाडांका कसला सेंद्रिय खत घालूचा ?,काजूच्या झाडंका कसला सेंद्रिय खत घालूचा,काजूच्या झाडांका कसला सेंद्रिय खत घालूचा,2.56,16.67,2.44,14.29,0
IISc_RESPIN_mr_D1_72160_416513_F_AGRI_711623_71067824,D1,Agriculture,5.38,थंडीच्या हवामानात खयची पिकां बरी वाढतत ?,थंडीच्या हवामानात खयची पिका बरी वाढतात ?,थंडीच्या हवामानात खयची पिकां बरी वाढतत,थंडीच्या हवामानात खयची पिका बरी वाढतात,5.26,33.33,5.0,28.57,0
IISc_RESPIN_mr_D1_72160_416513_F_AGRI_711508_71067887,D1,Agriculture,5.78,पिकांका कीड लागा नको म्हणून काय करूचा ?,पिकांका कीड लागा नको म्हणून काय करूचा ?,पिकांका कीड लागा नको म्हणून काय करूचा,पिकांका कीड लागा नको म्हणून काय करूचा,0.0,0.0,0.0,0.0,1
IISc_RESPIN_mr_D1_72160_416513_F_AGRI_711533_71067905,D1,Agriculture,7.82,सरकारच्या खयल्या योजनेसून मका स्वस्त दरात बियाना मिळात ?,सरकारच्या खयल्या योजनेसून मका स्वस्त दरात बियाण मिळात,सरकारच्या खयल्या योजनेसून मका स्वस्त दरात बियाना मिळात,सरकारच्या खयल्या योजनेसून मका स्वस्त दरात बियाण मिळात,3.7,12.5,7.14,22.22,0
IISc_RESPIN_mr_D1_72123_416513_F_AGRI_711228_71067926,D1,Agriculture,3.11,नारळाच्या झाडांका कसला खत घालूचा ?,नाळाच्या झाडांका कसला खत घालूचा ?,नारळाच्या झाडांका कसला खत घालूचा,नाळाच्या झाडांका कसला खत घालूचा,3.12,20.0,2.94,16.67,0
IISc_RESPIN_mr_D1_72160_416513_F_BANK_712381_71067991,D1,Banking,7.11,गाडीसाठी कर्ज काढूक काय काय कागदपत्रा लागतली ?,गाडीसाठी कर्ज काढू काय काय कागदपत्र लागतली ?,गाडीसाठी कर्ज काढूक काय काय कागदपत्रा लागतली,गाडीसाठी कर्ज काढू काय काय कागदपत्र लागतली,4.55,28.57,4.35,25.0,0
IISc_RESPIN_mr_D1_72160_416513_F_BANK_712018_71068012,D1,Banking,8.83,जीवन विमा योजनेची सुरवातीची मूलभूत फायदे काय आसत ?,जीवन विमा योजनेची सुरुवातीचे मुलभूत फायदे काय आसत ?,जीवन विमा योजनेची सुरवातीची मूलभूत फायदे काय आसत,जीवन विमा योजनेची सुरुवातीचे मुलभूत फायदे काय आसत,6.25,25.0,6.0,22.22,0
IISc_RESPIN_mr_D4_72235_440001_F_AGRI_723513_71073875,D4,Agriculture,3.12,सेंद्रीय शेतीतलं पीक चांगल्या दर्जाचं रायते का ?,सेंद्रिय शेतीतल पीक चांगला दर्जाचा रायते का ?,सेंद्रीय शेतीतलं पीक चांगल्या दर्जाचं रायते का,सेंद्रिय शेतीतल पीक चांगला दर्जाचा रायते का,10.87,57.14,10.42,50.0,0
IISc_RESPIN_mr_D2_70992_415110_M_BANK_714865_71074013,D2,Banking,6.18,ऑनलाइन ऐप डाउनलोड करून कर्जाचा अर्ज लगेच करता येतो,ऑनलाईन एप डाउनलोड करून कर्जाचा अर्ज लगीच करता येतो,ऑनलाइन ऐप डाउनलोड करून कर्जाचा अर्ज लगेच करता येतो,ऑनलाईन एप डाउनलोड करून कर्जाचा अर्ज लगीच करता येतो,6.0,33.33,6.0,33.33,0
IISc_RESPIN_mr_D2_70992_415110_M_BANK_712643_71074034,D2,Banking,8.89,भारतमा परतेक राज्यनी वरीसनं उतपननी वाढ आल्लग आल्लग शे,भारतमा परतेक राज्य नी वरीस उत्पन्न नी वाढ अल्ल अल्लक शे,भारतमा परतेक राज्यनी वरीसनं उतपननी वाढ आल्लग आल्लग शे,भारतमा परतेक राज्य नी वरीस उत्पन्न नी वाढ अल्ल अल्लक शे,20.75,77.78,20.75,77.78,0
IISc_RESPIN_mr_D2_72304_410506_M_AGRI_713902_71076479,D2,Agriculture,3.12,एकल पोषक खतना दर्जा चांगला शे,एकल पोषक खतना दर्जा चांगला असे,एकल पोषक खतना दर्जा चांगला शे,एकल पोषक खतना दर्जा चांगला असे,6.9,16.67,6.9,16.67,0
IISc_RESPIN_mr_D4_72210_441102_F_AGRI_723468_71076499,D4,Agriculture,6.81,दमट वातावरनात पीक चिमल्यासारखं झाल्यासारखं काऊन व्हते ?,दमट वातावरणात पी चिमल्या सारखं झाल्या सारखा काऊन होते ?,दमट वातावरनात पीक चिमल्यासारखं झाल्यासारखं काऊन व्हते,दमट वातावरणात पी चिमल्या सारखं झाल्या सारखा काऊन होते,15.09,100.0,14.55,87.5,0
IISc_RESPIN_mr_D4_72235_440001_F_BANK_724093_71076692,D4,Banking,2.26,विमानाच तिकिट मले ऑनलाईन काढता येईन का ?,विमा याच तिकिट मले ऑनलाईन काढता येईन का ?,विमानाच तिकिट मले ऑनलाईन काढता येईन का,विमा याच तिकिट मले ऑनलाईन काढता येईन का,5.26,28.57,5.0,25.0,0
IISc_RESPIN_mr_D4_72235_440001_F_BANK_723730_71077427,D4,Banking,2.58,दसऱ्यासाठी मले कितीक रुपये कर्ज भेटन ?,द्या साठी मले कितीक रुपये कर्ज भेटन?,दसऱ्यासाठी मले कितीक रुपये कर्ज भेटन,द्या साठी मले कितीक रुपये कर्ज भेटन,8.33,33.33,10.53,57.14,0
IISc_RESPIN_mr_D4_72235_440001_F_BANK_724030_71077431,D4,Banking,3.6,आरोग्य बिमा भरताना माह्या खात्यातून पैसे डायरेक्ट कटन का ?,आरोग्य बिमा भरताना माया खात्यातून पैसे दार करन का ?,आरोग्य बिमा भरताना माह्या खात्यातून पैसे डायरेक्ट कटन का,आरोग्य बिमा भरताना माया खात्यातून पैसे दार करन का,16.07,33.33,15.52,30.0,0
IISc_RESPIN_mr_D4_72210_441102_F_AGRI_723054_71077468,D4,Agriculture,5.91,या हप्त्यामंदी कापसाचे दर वाढायले काय कारण हाये ?,ह्या हप्त्यामधी कापसाचे दर वाढायले काय कारन हाये ?,या हप्त्यामंदी कापसाचे दर वाढायले काय कारण हाये,ह्या हप्त्यामधी कापसाचे दर वाढायले काय कारन हाये,10.64,37.5,10.2,33.33,0
IISc_RESPIN_mr_D4_72235_440001_F_AGRI_723213_71078001,D4,Agriculture,2.38,पीक विमा काढनं बरं हाये का ?,पीक विमा काढनं बरं हाय का ?,पीक विमा काढनं बरं हाये का,पीक विमा काढनं बरं हाय का,3.85,16.67,3.57,14.29,0
IISc_RESPIN_mr_D4_72235_440001_F_AGRI_719476_71078033,D4,Agriculture,5.04,विक्रीयोग्यता आणि फायदेशीरता या आधारावर पीक निश्चित केले जाते,विक्री योग्यता आणि फायदे शुष्ता हया आधारावर पीक निश्चित केले जाते,विक्रीयोग्यता आणि फायदेशीरता या आधारावर पीक निश्चित केले जाते,विक्री योग्यता आणि फायदे शुष्ता हया आधारावर पीक निश्चित केले जाते,9.84,55.56,9.84,55.56,0
IISc_RESPIN_mr_D4_72235_440001_F_BANK_721319_71078043,D4,Banking,3.12,मायक्रो फायनान्सचे काम अल्प पगाराचे कर्ज देणे आहे,मायक्रो फायनानचे कामलपूप पगाराची कर्ज देणे आहे,मायक्रो फायनान्सचे काम अल्प पगाराचे कर्ज देणे आहे,मायक्रो फायनानचे कामलपूप पगाराची कर्ज देणे आहे,14.29,50.0,14.29,50.0,0
IISc_RESPIN_mr_D2_72304_410506_M_BANK_715930_71078865,D2,Banking,3.61,मजेत उद्योजकतेचा आधार नफ्यावर अवलंबून नसतो,माझे उद्योजकतेचा आधार ना प्यावर अवलंबून नसतो,मजेत उद्योजकतेचा आधार नफ्यावर अवलंबून नसतो,माझे उद्योजकतेचा आधार ना प्यावर अवलंबून नसतो,14.29,50.0,14.29,50.0,0
IISc_RESPIN_mr_D2_72304_410506_M_BANK_714240_71078902,D2,Banking,5.54,निव्वय वर्तमान मूल्य सवलतना दरवर अवलंबून रहास,नि वय वर्तमान मूल्य सवलत ना दर वर अवलंब रास,निव्वय वर्तमान मूल्य सवलतना दरवर अवलंबून रहास,नि वय वर्तमान मूल्य सवलत ना दर वर अवलंब रास,15.56,114.29,15.56,114.29,0
IISc_RESPIN_mr_D2_72304_410506_M_BANK_718217_71078923,D2,Banking,2.48,पेमेंटसाठी कोणत्या पद्धती वापरल्या जातात ?,पेमेंटसाठी कोणत्या पद्धती वापरल्या जातात ?,पेमेंटसाठी कोणत्या पद्धती वापरल्या जातात,पेमेंटसाठी कोणत्या पद्धती वापरल्या जातात,0.0,0.0,0.0,0.0,1
IISc_RESPIN_mr_D2_72304_410506_M_AGRI_717290_71078931,D2,Agriculture,5.09,"ड्रॅगनफ्रूटची लागवड केली आहे , त्याला ठिबक सिंचनने पाणी देऊ शकतो का ?",द्रगन प्रोटची लागवड केले आहे त्याला ठिबक सिंचन ने पाणी देऊ शकतो का ?,ड्रॅगनफ्रूटची लागवड केली आहे त्याला ठिबक सिंचनने पाणी देऊ शकतो का,द्रगन प्रोटची लागवड केले आहे त्याला ठिबक सिंचन ने पाणी देऊ शकतो का,10.77,45.45,13.04,46.15,0
IISc_RESPIN_mr_D2_72304_410506_M_AGRI_717715_71078955,D2,Agriculture,3.1,जमिनीची सुपिकता वाढवण्यासाठी सेंद्रिय खत चांगले आहे का ?,जमिनीची सुपीकता वाढवण्यासाठी सेंद्रिय खत चांगले आहे का ?,जमिनीची सुपिकता वाढवण्यासाठी सेंद्रिय खत चांगले आहे का,जमिनीची सुपीकता वाढवण्यासाठी सेंद्रिय खत चांगले आहे का,1.85,12.5,1.79,11.11,0
IISc_RESPIN_mr_D2_72304_410506_M_BANK_718554_71079123,D2,Banking,2.38,माझ्या आईला ऑनलाईन पैसे कसे पाठवता येतील ?,माझ्या आला ऑनलाइन पैसे कसे पाठवता येतील,माझ्या आईला ऑनलाईन पैसे कसे पाठवता येतील,माझ्या आला ऑनलाइन पैसे कसे पाठवता येतील,5.0,28.57,9.52,37.5,0
IISc_RESPIN_mr_D2_72304_410506_M_BANK_718013_71079128,D2,Banking,3.38,माझे बँक खाते दुसऱ्या बँक खात्यात स्थलांतरीत करता येईल का ?,माझे बँक खाते दुस⁇्या बँक खाते हस्तांतरित करता येईल का ?,माझे बँक खाते दुसऱ्या बँक खात्यात स्थलांतरीत करता येईल का,माझे बँक खाते दुस⁇्या बँक खाते हस्तांतरित करता येईल का,15.79,30.0,15.25,27.27,0
IISc_RESPIN_mr_D2_72304_410506_M_BANK_718120_71079136,D2,Banking,3.99,दर महिन्याचे दिवस कमी जास्त असल्याने व्याजाची रक्कम वेगवेगळी असेल का ?,दर महिन्याचे दिवस कमी जास्त असल्या व्याजाची रक्कम वेगळे असेल का ?,दर महिन्याचे दिवस कमी जास्त असल्याने व्याजाची रक्कम वेगवेगळी असेल का,दर महिन्याचे दिवस कमी जास्त असल्या व्याजाची रक्कम वेगळे असेल का,8.82,18.18,8.57,16.67,0
IISc_RESPIN_mr_D4_72220_441303_M_AGRI_722964_71079560,D4,Agriculture,5.75,गव्हाचं पीक काढणीले आल्याचं कस समजाव ?,गव्हाचं पीक काढणीले आल्याच कस समजाव ?,गव्हाचं पीक काढणीले आल्याचं कस समजाव,गव्हाचं पीक काढणीले आल्याच कस समजाव,2.78,16.67,2.63,14.29,0
IISc_RESPIN_mr_D4_72220_441303_M_BANK_724024_71079587,D4,Banking,4.35,"मीन पैसे भरले , मले त्याचा मेसेज येईन का ?",मीन पैसे भरले मले त्याचा मेसेज येईन का ?,मीन पैसे भरले मले त्याचा मेसेज येईन का,मीन पैसे भरले मले त्याचा मेसेज येईन का,0.0,0.0,4.76,10.0,1
IISc_RESPIN_mr_D4_72235_440001_F_AGRI_719737_71082389,D4,Agriculture,3.2,आमच्या गावच्या बाजारात हिरवळीचे खत सहज उपलब्ध आहे,आमच्या गावच्या बाजारात निरोळीचे खत सह उपलब्ध आहे,आमच्या गावच्या बाजारात हिरवळीचे खत सहज उपलब्ध आहे,आमच्या गावच्या बाजारात निरोळीचे खत सह उपलब्ध आहे,6.12,25.0,6.12,25.0,0
IISc_RESPIN_mr_D4_72210_441102_F_BANK_721335_71082714,D4,Banking,6.0,इंटरनेट व्यवहार क्रियाकलाप पार पाडण्यास सक्षम करते,इंटरनेट व्यवहार क्रियाकलाप पार पाडण्यास सक्षम करते,इंटरनेट व्यवहार क्रियाकलाप पार पाडण्यास सक्षम करते,इंटरनेट व्यवहार क्रियाकलाप पार पाडण्यास सक्षम करते,0.0,0.0,0.0,0.0,1
IISc_RESPIN_mr_D4_71994_441306_M_AGRI_723571_71083764,D4,Agriculture,8.16,कास्तकार मोबाईल वरून शेतीचं मार्गदर्शन कस भेटवू शकते ?,कास्तकार मोबाईलवरून शेतीचा मारता दर्शन कस भेटू शकते ?,कास्तकार मोबाईल वरून शेतीचं मार्गदर्शन कस भेटवू शकते,कास्तकार मोबाईलवरून शेतीचा मारता दर्शन कस भेटू शकते,11.54,62.5,11.11,55.56,0
IISc_RESPIN_mr_D4_71994_441306_M_AGRI_723167_71083767,D4,Agriculture,8.36,मले कमी खर्चामंदी संत्र्याची शेती कशी करता येईन ?,मले कमी खर्चामंदी संत्र्याची शेती कसे करता येईन ?,मले कमी खर्चामंदी संत्र्याची शेती कशी करता येईन,मले कमी खर्चामंदी संत्र्याची शेती कसे करता येईन,4.26,12.5,4.08,11.11,0
IISc_RESPIN_mr_D4_71994_441306_M_AGRI_723506_71083775,D4,Agriculture,11.73,जास्त चुनखडी वाल्या शेतीत संत्रे मोसंबीचा बगीचा तयार भरनं ठीक राहीन का ?,जास्त चुनखडी वाल्या शेतीत संत्रे मोसंबी बगीचा तयार भरना ठीक राहीन का,जास्त चुनखडी वाल्या शेतीत संत्रे मोसंबीचा बगीचा तयार भरनं ठीक राहीन का,जास्त चुनखडी वाल्या शेतीत संत्रे मोसंबी बगीचा तयार भरना ठीक राहीन का,4.29,16.67,6.94,23.08,0
IISc_RESPIN_mr_D4_71994_441306_M_AGRI_723108_71083779,D4,Agriculture,7.61,एका हेक्टर संत्र्यामंदी किती फेरेमन सापडन ?,एका हेक्टर संत्र्यादी किती फेरेमान सांगान,एका हेक्टर संत्र्यामंदी किती फेरेमन सापडन,एका हेक्टर संत्र्यादी किती फेरेमान सांगान,14.63,50.0,18.6,57.14,0
IISc_RESPIN_mr_D4_72194_440030_F_BANK_723633_71084466,D4,Banking,3.73,ॲक्सिडंट बिमा कसा भरता येईन ?,एक्सिडन विमा कसा भरता येईल ?,ॲक्सिडंट बिमा कसा भरता येईन,एक्सिडन विमा कसा भरता येईल,18.52,60.0,17.24,50.0,0
IISc_RESPIN_mr_D4_72235_440001_F_BANK_721226_71085537,D4,Banking,2.59,भारतात फसवणूकीची प्रकरणे वाढत आहेत,भारतात फसवणुकीची प्रकरणे वाढत आहेत,भारतात फसवणूकीची प्रकरणे वाढत आहेत,भारतात फसवणुकीची प्रकरणे वाढत आहेत,2.94,20.0,2.94,20.0,0
IISc_RESPIN_mr_D4_72210_441102_F_BANK_719345_71089626,D4,Banking,5.51,नागरिक वेळेपूर्वीच आपली एफ.डी आणि आर.डी तोडू शकतो,नागरिक वेळ पूर्वी चा आपली एफ टी आणी आर.डी तोडू शकतो,नागरिक वेळेपूर्वीच आपली एफ डी आणि आर डी तोडू शकतो,नागरिक वेळ पूर्वी चा आपली एफ टी आणी आर डी तोडू शकतो,10.2,50.0,12.24,75.0,0
IISc_RESPIN_mr_D2_70992_415110_M_AGRI_714907_71090834,D2,Agriculture,4.67,केळीच्या झाडाच्या खोडाच्या आत केळीचे फूल असते,केळीच्या झाडाच्या खोड्याच्या आत केळीचे फूल असते,केळीच्या झाडाच्या खोडाच्या आत केळीचे फूल असते,केळीच्या झाडाच्या खोड्याच्या आत केळीचे फूल असते,4.44,14.29,4.44,14.29,0
IISc_RESPIN_mr_D2_70992_415110_M_AGRI_716840_71090852,D2,Agriculture,5.19,बंगाल हरभरा मानवी अन्नासाठी तसेच प्राण्यांसाठी वापरला जातो,बंगाल हरभरा मानवी अन्नासाठी तसेच प्राण्यांसाठी वापरला जातो,बंगाल हरभरा मानवी अन्नासाठी तसेच प्राण्यांसाठी वापरला जातो,बंगाल हरभरा मानवी अन्नासाठी तसेच प्राण्यांसाठी वापरला जातो,0.0,0.0,0.0,0.0,1
IISc_RESPIN_mr_D2_70992_415110_M_BANK_716034_71090865,D2,Banking,5.33,मोठमोठ्या देशांसोबत व्यापार करण्यासाठी डॉलरचा वापर करावा लागतो,मोठमोठ्या देशांसोबत व्यापार करण्यासाठी डॉलरचा वापर करावा लागतो,मोठमोठ्या देशांसोबत व्यापार करण्यासाठी डॉलरचा वापर करावा लागतो,मोठमोठ्या देशांसोबत व्यापार करण्यासाठी डॉलरचा वापर करावा लागतो,0.0,0.0,0.0,0.0,1
IISc_RESPIN_mr_D2_70992_415110_M_AGRI_716262_71090870,D2,Agriculture,3.84,सूर्याच्या प्रकाशात कोकोची शेती करू नये,सुर्याच्या प्रकाशात कोकोची शेती करू ने,सूर्याच्या प्रकाशात कोकोची शेती करू नये,सुर्याच्या प्रकाशात कोकोची शेती करू ने,5.13,33.33,5.13,33.33,0
IISc_RESPIN_mr_D4_72210_441102_F_BANK_719775_71093437,D4,Banking,6.8,आवर्ती ठेव खाते म्हणजे अल्प मुदतीच्या कर्ज गुंतवणुकीत व्यापार करणे आहे,आवर्ती ठेव खाते म्हणजे अल्प मुदतीच्या कर्ज गुंतवणुकीत व्यापार करणे आहे,आवर्ती ठेव खाते म्हणजे अल्प मुदतीच्या कर्ज गुंतवणुकीत व्यापार करणे आहे,आवर्ती ठेव खाते म्हणजे अल्प मुदतीच्या कर्ज गुंतवणुकीत व्यापार करणे आहे,0.0,0.0,0.0,0.0,1
IISc_RESPIN_mr_D4_72210_441102_F_BANK_721719_71093444,D4,Banking,7.18,सकारात्मक आर्थिक मूल्य निर्माण करण्यासाठी मालमत्तेचा वापर केला जाऊ शकतो,सकारात्मक आर्थिक मूल्य निर्माण करण्यासाठी मालमत्तेचा वापर केला जाऊ शकतो,सकारात्मक आर्थिक मूल्य निर्माण करण्यासाठी मालमत्तेचा वापर केला जाऊ शकतो,सकारात्मक आर्थिक मूल्य निर्माण करण्यासाठी मालमत्तेचा वापर केला जाऊ शकतो,0.0,0.0,0.0,0.0,1
IISc_RESPIN_mr_D4_72210_441102_F_AGRI_719829_71093451,D4,Agriculture,8.39,"मलम , बाम , पॉलिश , मेणबत्त्या आणि सौंदर्य प्रसाधने मेणापासून बनविली जातात",मल बाब पॉलिश मेणबत्त्या आणि समद्या प्रसाधने मेणापासून बनवली जातात,मलम बाम पॉलिश मेणबत्त्या आणि सौंदर्य प्रसाधने मेणापासून बनविली जातात,मल बाब पॉलिश मेणबत्त्या आणि समद्या प्रसाधने मेणापासून बनवली जातात,10.29,40.0,17.57,53.85,0
IISc_RESPIN_mr_D4_72210_441102_F_BANK_721385_71093457,D4,Banking,6.12,डिजिटल पेमेंट करताना तुम्ही खूप काळजी घेणं गरजेचं आहे,डिजिटल पेमेंट करताना तुम्ही खूप काळजी घेण गरजेच आहे,डिजिटल पेमेंट करताना तुम्ही खूप काळजी घेणं गरजेचं आहे,डिजिटल पेमेंट करताना तुम्ही खूप काळजी घेण गरजेच आहे,3.77,22.22,3.77,22.22,0
IISc_RESPIN_mr_D4_72220_441303_M_BANK_723771_71093587,D4,Banking,5.41,डेबिट कार्डातून मले एका दिवसाला किती पैसा काढता येईन ?,डेबिट कार्डातून मले एका दिवसाला किती पैसा काढता येईन ?,डेबिट कार्डातून मले एका दिवसाला किती पैसा काढता येईन,डेबिट कार्डातून मले एका दिवसाला किती पैसा काढता येईन,0.0,0.0,0.0,0.0,1
IISc_RESPIN_mr_D4_72210_441102_F_AGRI_719811_71094141,D4,Agriculture,4.41,औषधी आणि इतर गोष्टी वन्यजीव शेतीतून मिळतात,औषधी आणि इतर गोष्टी वन्यजीव शेतीतून मिळतात,औषधी आणि इतर गोष्टी वन्यजीव शेतीतून मिळतात,औषधी आणि इतर गोष्टी वन्यजीव शेतीतून मिळतात,0.0,0.0,0.0,0.0,1
IISc_RESPIN_mr_D4_71994_441306_M_AGRI_723293_71098174,D4,Agriculture,3.65,सकाळी धुकं कायनं होतं ?,सकाळी धोका कायना होता ?,सकाळी धुकं कायनं होतं,सकाळी धोका कायना होता,19.05,75.0,17.39,60.0,0
IISc_RESPIN_mr_D1_72266_411046_F_AGRI_710426_71099776,D1,Agriculture,7.89,लाल मसुर डाळ अशी डाळ असा जिचो कायम तुटवडो रवता,लाल मसूर डाळ अशी डाळ असा जी चो कायम तुटवडोर रवता,लाल मसुर डाळ अशी डाळ असा जिचो कायम तुटवडो रवता,लाल मसूर डाळ अशी डाळ असा जी चो कायम तुटवडोर रवता,8.7,40.0,8.7,40.0,0
IISc_RESPIN_mr_D1_72266_411046_F_BANK_708227_71099784,D1,Banking,6.68,कर ह्या सरकारी संस्थेकडून करदात्यांवर लावला जाणारा न टाळता येणारा आर्थिक शुल्क आसा,कर या सरकारी संस्थेकडून करता त्यावर लावला जाणारा नो टाळता येणारा आर्थिक शुल्क आसा,कर ह्या सरकारी संस्थेकडून करदात्यांवर लावला जाणारा न टाळता येणारा आर्थिक शुल्क आसा,कर या सरकारी संस्थेकडून करता त्यावर लावला जाणारा नो टाळता येणारा आर्थिक शुल्क आसा,7.32,30.77,7.32,30.77,0
IISc_RESPIN_mr_D1_72266_411046_F_AGRI_708210_71099794,D1,Agriculture,8.57,"एंजलेन सॅडलबॅक नावाची डुकरा जर्मनीत मेळतत , तेचो रंग काळो आणि पांढरो असता",इंजलें सडलबाक नावाची डुकरा जर्मनीत मिळत तेचो रंग काळो आणि पांढ असता,एंजलेन सॅडलबॅक नावाची डुकरा जर्मनीत मेळतत तेचो रंग काळो आणि पांढरो असता,इंजलें सडलबाक नावाची डुकरा जर्मनीत मिळत तेचो रंग काळो आणि पांढ असता,11.27,33.33,13.7,38.46,0
IISc_RESPIN_mr_D1_72266_411046_F_BANK_706392_71099808,D1,Banking,8.12,"आता , भारतातल्यो बहुतेक बँकेत घरबसल्या नवीन चेकबुकसाठी ऑनलाइन अर्ज करू शकतत",आता भारतातल्य बहुतेक बँकेत घरबसल्या नवीन चेकबुकसा ठे ऑनलाइन अर्ज करू शकतात,आता भारतातल्यो बहुतेक बँकेत घरबसल्या नवीन चेकबुकसाठी ऑनलाइन अर्ज करू शकतत,आता भारतातल्य बहुतेक बँकेत घरबसल्या नवीन चेकबुकसा ठे ऑनलाइन अर्ज करू शकतात,5.48,36.36,8.0,41.67,0
IISc_RESPIN_mr_D1_72266_411046_F_BANK_710668_71099814,D1,Banking,6.14,गुंतवणुकीची कामगिरी म्हणजे शेयर मार्केटात गुंतवलेल्या पैशांवरचो परतावो,गुंतवणुकीची कामगिरी म्हणजे शेअर मार्केटात गुंतवलेल्या पैशावर चो परतावो,गुंतवणुकीची कामगिरी म्हणजे शेयर मार्केटात गुंतवलेल्या पैशांवरचो परतावो,गुंतवणुकीची कामगिरी म्हणजे शेअर मार्केटात गुंतवलेल्या पैशावर चो परतावो,4.29,37.5,4.29,37.5,0
IISc_RESPIN_mr_D1_72266_411046_F_BANK_709258_71099815,D1,Banking,5.45,तुका आपल्या चेकच्या दुरुपयोगापासना वाचूक व्हया,तुका आपल्या चेकच्या दुर उपयोगापासन वाचूक व्हया,तुका आपल्या चेकच्या दुरुपयोगापासना वाचूक व्हया,तुका आपल्या चेकच्या दुर उपयोगापासन वाचूक व्हया,6.52,33.33,6.52,33.33,0
IISc_RESPIN_mr_D4_71994_441306_M_BANK_723716_71102019,D4,Banking,5.85,सामाजिक मदत भेटासाठी कोनची पात्रता जरुरी हाय ?,सामाजिक मदत भेटासाठी कोनची पात्रता जरुरी हाय ?,सामाजिक मदत भेटासाठी कोनची पात्रता जरुरी हाय,सामाजिक मदत भेटासाठी कोनची पात्रता जरुरी हाय,0.0,0.0,0.0,0.0,1
IISc_RESPIN_mr_D4_72220_441303_M_AGRI_722966_71105151,D4,Agriculture,4.13,आता घडीले संत्र्याले बाजारामंदी काय भाव भेटू रायला ?,आता घडीले संत्राले बाजारा मंदी काय भाव भेटू रायला ?,आता घडीले संत्र्याले बाजारामंदी काय भाव भेटू रायला,आता घडीले संत्राले बाजारा मंदी काय भाव भेटू रायला,6.0,37.5,5.77,33.33,0
IISc_RESPIN_mr_D4_72220_441303_M_AGRI_723532_71105193,D4,Agriculture,2.88,मोसंबीचे झाड पिवळे काऊन पडते ?,मोसंबीचे झाड पिवळे काऊन पडते ?,मोसंबीचे झाड पिवळे काऊन पडते,मोसंबीचे झाड पिवळे काऊन पडते,0.0,0.0,0.0,0.0,1
IISc_RESPIN_mr_D4_72194_440030_F_AGRI_723108_71106289,D4,Agriculture,4.99,एका हेक्टर संत्र्यामंदी किती फेरेमन सापडन ?,एका हेक्टर संत्र्या मंदी किती फेरेमन सापड,एका हेक्टर संत्र्यामंदी किती फेरेमन सापडन,एका हेक्टर संत्र्या मंदी किती फेरेमन सापड,4.88,50.0,9.3,57.14,0
IISc_RESPIN_mr_D4_72194_440030_F_BANK_723716_71106300,D4,Banking,4.37,सामाजिक मदत भेटासाठी कोनची पात्रता जरुरी हाय ?,सामाजिक मदत भेटासाठी कोनची पात्रता जरुरी हाय ?,सामाजिक मदत भेटासाठी कोनची पात्रता जरुरी हाय,सामाजिक मदत भेटासाठी कोनची पात्रता जरुरी हाय,0.0,0.0,0.0,0.0,1
IISc_RESPIN_mr_D4_72194_440030_F_BANK_723690_71106308,D4,Banking,6.01,आधार कार्डा संग मोबाईल जोडल्या वर मले के.वाय.सी चा मेसेज येईन का ?,आधार कार्ड संग मोबाईल जोडल्यावर मले के.वाय.सी चा मॅसेज येईन का ?,आधार कार्डा संग मोबाईल जोडल्या वर मले के वाय सी चा मेसेज येईन का,आधार कार्ड संग मोबाईल जोडल्यावर मले के वाय सी चा मॅसेज येईन का,4.69,28.57,4.55,30.77,0
IISc_RESPIN_mr_D4_72194_440030_F_AGRI_723163_71106311,D4,Agriculture,3.89,माती परीक्षन कुठ अस कस कराव ?,माती परीक्षण कुठ अस कस कराव ?,माती परीक्षन कुठ अस कस कराव,माती परीक्षण कुठ अस कस कराव,3.7,16.67,3.45,14.29,0
IISc_RESPIN_mr_D4_72194_440030_F_AGRI_723167_71106730,D4,Agriculture,4.16,मले कमी खर्चामंदी संत्र्याची शेती कशी करता येईन ?,मले कमी खर्च्यामंदी संत्र्याची शेती कशी करता येईन ?,मले कमी खर्चामंदी संत्र्याची शेती कशी करता येईन,मले कमी खर्च्यामंदी संत्र्याची शेती कशी करता येईन,4.26,12.5,4.08,11.11,0
IISc_RESPIN_mr_D4_72194_440030_F_BANK_723652_71107299,D4,Banking,4.21,कमी वेळेच्या कर्जाचे हप्ते किती परकारचे रायते ?,कमी वेळेच्या कर्जाचे हप्ते किती प्रकारचे रायते ?,कमी वेळेच्या कर्जाचे हप्ते किती परकारचे रायते,कमी वेळेच्या कर्जाचे हप्ते किती प्रकारचे रायते,2.22,14.29,2.13,12.5,0
IISc_RESPIN_mr_D1_72160_416513_F_AGRI_711268_71109729,D1,Agriculture,11.46,जर एक शेतकरी आपल्या शेतासाठी मशीन विकत घेता तर त्याका आर्थिक सूट मिलतली काय ?,जर एक शेतकरी आपल्या शेतासाठी मशीन विकत घेता तर त्याका आर्थिक सूट मिळतली काय ?,जर एक शेतकरी आपल्या शेतासाठी मशीन विकत घेता तर त्याका आर्थिक सूट मिलतली काय,जर एक शेतकरी आपल्या शेतासाठी मशीन विकत घेता तर त्याका आर्थिक सूट मिळतली काय,1.33,7.14,1.3,6.67,0
IISc_RESPIN_mr_D1_72160_416513_F_AGRI_711318_71109762,D1,Agriculture,7.91,खताचो वापर केल्यार किती वेळांन परत वापर करुचो ?,खताचो वापर केल्या किती वेळा परत वापर करुचो ?,खताचो वापर केल्यार किती वेळांन परत वापर करुचो,खताचो वापर केल्या किती वेळा परत वापर करुचो,6.67,25.0,6.38,22.22,0
IISc_RESPIN_mr_D1_72090_416511_F_BANK_710836_71111779,D1,Banking,5.67,बँक खात्याचो तपशील यु.पी.आय बरोबर लिंक करा,बँक खात्याचो तपशील यू.पी.आय बरोबर लिंक करा,बँक खात्याचो तपशील यु पी आय बरोबर लिंक करा,बँक खात्याचो तपशील यू पी आय बरोबर लिंक करा,2.38,11.11,2.38,14.29,0
IISc_RESPIN_mr_D4_71994_441306_M_AGRI_721019_71112719,D4,Agriculture,10.86,सेंद्रिय शेती ही व्यवस्थापन कृषी उत्पादनाची प्रणाली म्हणून परिभाषित केली जाऊ शकते,सेंद्रिय शेती ही व्यवस्थापन कृषी उत्पादनाची प्रणाली म्हणून परिभाषित केली जाऊ शकते,सेंद्रिय शेती ही व्यवस्थापन कृषी उत्पादनाची प्रणाली म्हणून परिभाषित केली जाऊ शकते,सेंद्रिय शेती ही व्यवस्थापन कृषी उत्पादनाची प्रणाली म्हणून परिभाषित केली जाऊ शकते,0.0,0.0,0.0,0.0,1
IISc_RESPIN_mr_D4_71994_441306_M_AGRI_718849_71114376,D4,Agriculture,6.73,मातीच्या आम्लीकरणामुळे उत्पादन प्रक्रियेत बदल दिसून येत आहे,मातीच्या आम्ले करणामुळे उत्पादन प्रक्रियेत बदल दिस नेत आहे,मातीच्या आम्लीकरणामुळे उत्पादन प्रक्रियेत बदल दिसून येत आहे,मातीच्या आम्ले करणामुळे उत्पादन प्रक्रियेत बदल दिस नेत आहे,8.47,50.0,8.47,50.0,0
IISc_RESPIN_mr_D4_71994_441306_M_AGRI_722478_71114410,D4,Agriculture,7.37,"मला चवळीची डाळ खूप आवडते , माझी आई सुद्धा चवळी चाट करते",मला चवळीची डाय खूप वाढते माझी आई सुद्धा चवळी चाट करते,मला चवळीची डाळ खूप आवडते माझी आई सुद्धा चवळी चाट करते,मला चवळीची डाय खूप वाढते माझी आई सुद्धा चवळी चाट करते,7.55,18.18,10.91,25.0,0
IISc_RESPIN_mr_D4_71994_441306_M_BANK_724517_71114822,D4,Banking,13.53,राज्यसभेवर निवडून आलेले सदस्य स्थानिक क्षेत्र विकास योजनेंतर्गत त्यांच्या क्षेत्राबाहेरील जिल्ह्याची निवडते,राजू सगळ्या निवडून आलेले सदस्य स्थानिक क्षेत्र विकास योजनेअंतर्गत त्यांच्या क्षेत्रा बाहेरील दिल्याची निवडते,राज्यसभेवर निवडून आलेले सदस्य स्थानिक क्षेत्र विकास योजनेंतर्गत त्यांच्या क्षेत्राबाहेरील जिल्ह्याची निवडते,राजू सगळ्या निवडून आलेले सदस्य स्थानिक क्षेत्र विकास योजनेअंतर्गत त्यांच्या क्षेत्रा बाहेरील दिल्याची निवडते,11.21,50.0,11.21,50.0,0
IISc_RESPIN_mr_D4_72220_441303_M_BANK_723716_71116513,D4,Banking,3.71,सामाजिक मदत भेटासाठी कोनची पात्रता जरुरी हाय ?,सामाजिक मदत देशासाठी कोनची पात्रता जरुरी हाय ?,सामाजिक मदत भेटासाठी कोनची पात्रता जरुरी हाय,सामाजिक मदत देशासाठी कोनची पात्रता जरुरी हाय,4.55,14.29,4.35,12.5,0
IISc_RESPIN_mr_D4_71177_441304_M_AGRI_719247_71118214,D4,Agriculture,3.16,भांगाचे तेल शरीरातील सूजन कमी करू शकते,वांगा चे तेल शरीरातील सुजन कमी भरू शकते,भांगाचे तेल शरीरातील सूजन कमी करू शकते,वांगा चे तेल शरीरातील सुजन कमी भरू शकते,10.53,57.14,10.53,57.14,0
IISc_RESPIN_mr_D4_71177_441304_M_BANK_720727_71118231,D4,Banking,4.66,मनी मार्केट ही एक अल्पकालीन भांडवल उभारणी पद्धत आहे,मनी मार्केट ही चेक अल्पकालीन भांडवल उभारणी पद्धत आहे,मनी मार्केट ही एक अल्पकालीन भांडवल उभारणी पद्धत आहे,मनी मार्केट ही चेक अल्पकालीन भांडवल उभारणी पद्धत आहे,3.92,11.11,3.92,11.11,0
IISc_RESPIN_mr_D2_70992_415110_M_AGRI_716198_71120947,D2,Agriculture,7.19,"शेतीसाठी सगळ्यात चांगल्या उपकरणांचा उपयोग करण्याचा सल्ला म्हणजे , नवीन पद्धतींचा विकास करणे",शेतीसाठी सगळ्यात चांगल्या उपकरणांचा उपयोग करण्याचा सल्ला म्हणजे नवीन पद्धतींचा विकास करणे,शेतीसाठी सगळ्यात चांगल्या उपकरणांचा उपयोग करण्याचा सल्ला म्हणजे नवीन पद्धतींचा विकास करणे,शेतीसाठी सगळ्यात चांगल्या उपकरणांचा उपयोग करण्याचा सल्ला म्हणजे नवीन पद्धतींचा विकास करणे,0.0,0.0,2.2,7.69,1
IISc_RESPIN_mr_D4_72220_441303_M_AGRI_723293_71121629,D4,Agriculture,2.89,सकाळी धुकं कायनं होतं ?,सकाळी धोका काय ना होता ?,सकाळी धुकं कायनं होतं,सकाळी धोका काय ना होता,23.81,100.0,21.74,80.0,0
IISc_RESPIN_mr_D2_71074_422004_M_BANK_715223_71124232,D2,Banking,7.65,सुशीला ने आपली सर्व माहिती भरून नेट बँकिंग सुविधेसाठी रजिस्ट्रेशन केल,सुशीलाने आपली सर्व माहिती भरून नेट बँकिंग सुविधेसाठी रजिस्टेशन केल,सुशीला ने आपली सर्व माहिती भरून नेट बँकिंग सुविधेसाठी रजिस्ट्रेशन केल,सुशीलाने आपली सर्व माहिती भरून नेट बँकिंग सुविधेसाठी रजिस्टेशन केल,4.35,27.27,4.35,27.27,0
IISc_RESPIN_mr_D2_70992_415110_M_AGRI_717435_71125348,D2,Agriculture,4.73,शेतीचा माल विकण्यासाठी मी ॲप बनवू शकतो का ?,शेतीचा माल विकण्यासाठी मी एप बनवू शकतो का ?,शेतीचा माल विकण्यासाठी मी ॲप बनवू शकतो का,शेतीचा माल विकण्यासाठी मी एप बनवू शकतो का,2.44,12.5,2.33,11.11,0
IISc_RESPIN_mr_D2_71630_422003_F_AGRI_716113_71129153,D2,Agriculture,5.42,"वनातील बागकाम कमी देखरेख , टिकाऊ रोपांवर आधारित उत्पादन पर्यावरणीय वनीकरण प्रणाली आहे",मनातील बागकाम कमी देख रेक टिकाऊ रोपांवर आधारित उत्पादन पर्यावरणीय वनीकरण प्रणाली आहे,वनातील बागकाम कमी देखरेख टिकाऊ रोपांवर आधारित उत्पादन पर्यावरणीय वनीकरण प्रणाली आहे,मनातील बागकाम कमी देख रेक टिकाऊ रोपांवर आधारित उत्पादन पर्यावरणीय वनीकरण प्रणाली आहे,3.61,25.0,5.88,23.08,0
IISc_RESPIN_mr_D2_71630_422003_F_BANK_714447_71129170,D2,Banking,4.58,युध्दना कायमा बराच लोकेस्नी शेअर बजारमा पैसा गुताडात म्हणे,युद्ध ना कामा बराच लोकेसनी शेअर बजारमा पैसा गुताडत म्हणे,युध्दना कायमा बराच लोकेस्नी शेअर बजारमा पैसा गुताडात म्हणे,युद्ध ना कामा बराच लोकेसनी शेअर बजारमा पैसा गुताडत म्हणे,10.34,55.56,10.34,55.56,0
IISc_RESPIN_mr_D2_70436_431131_M_BANK_713056_71130207,D2,Banking,6.72,नवजात उद्योजकतावाला तीन महिना पगार देऊ शकतस नयी,नवजात उद्योजक तावाला तीन महिना पगार देऊ शकत से नाही,नवजात उद्योजकतावाला तीन महिना पगार देऊ शकतस नयी,नवजात उद्योजक तावाला तीन महिना पगार देऊ शकत से नाही,10.64,62.5,10.64,62.5,0
IISc_RESPIN_mr_D2_70436_431131_M_BANK_715063_71130212,D2,Banking,7.06,बँकेत जाऊन रमेशने प्रभारी अधिकाऱ्याच्या मदतीने कर्जाची उरलेली रक्कम बघितली,बँकेत जाऊन रमेशने प्रभारी अधिकाराच्या मदतीने कर्जाची उरलेली रक्कम बघितली,बँकेत जाऊन रमेशने प्रभारी अधिकाऱ्याच्या मदतीने कर्जाची उरलेली रक्कम बघितली,बँकेत जाऊन रमेशने प्रभारी अधिकाराच्या मदतीने कर्जाची उरलेली रक्कम बघितली,4.05,10.0,4.05,10.0,0
IISc_RESPIN_mr_D2_70436_431131_M_AGRI_714300_71130240,D2,Agriculture,7.3,ऊस कारखानामझार ऊसपासून गूय बनाडतंस,ऊस कारखाना मझार ऊस पासून गुये बनाडे तस,ऊस कारखानामझार ऊसपासून गूय बनाडतंस,ऊस कारखाना मझार ऊस पासून गुये बनाडे तस,20.59,140.0,20.59,140.0,0
IISc_RESPIN_mr_D2_70436_431131_M_AGRI_716029_71130444,D2,Agriculture,6.47,मेंढ्या पाळणे हा जगातल्या सगळ्यात जुन्या व्यवसायामधलं एक काम आहे,मेंढ्या पाळणे हा जगातल्या सगळ्यात जुन्या व्यवसाया मधला एक काम आहे,मेंढ्या पाळणे हा जगातल्या सगळ्यात जुन्या व्यवसायामधलं एक काम आहे,मेंढ्या पाळणे हा जगातल्या सगळ्यात जुन्या व्यवसाया मधला एक काम आहे,3.12,20.0,3.12,20.0,0
IISc_RESPIN_mr_D2_71630_422003_F_AGRI_716701_71133424,D2,Agriculture,4.95,एम.आय.टी माध्यम प्रयोगशाळेतील लोकांनी रेशीम किड्यांवर प्रयोग केले आहेत,एम.आय.टी माध्यम प्रयोग शाळेतील लोकांनी रेशीम किड्यांवर प्रयोग केले आहेत,एम आय टी माध्यम प्रयोगशाळेतील लोकांनी रेशीम किड्यांवर प्रयोग केले आहेत,एम आय टी माध्यम प्रयोग शाळेतील लोकांनी रेशीम किड्यांवर प्रयोग केले आहेत,1.43,18.18,1.43,22.22,0
IISc_RESPIN_mr_D2_71630_422003_F_BANK_716568_71133601,D2,Banking,2.8,संघीय आयकर हा आपल्या वेतनातून कापला जातो,संजी आयकर हा आपल्या वेतनातून कापला जातो,संघीय आयकर हा आपल्या वेतनातून कापला जातो,संजी आयकर हा आपल्या वेतनातून कापला जातो,5.0,14.29,5.0,14.29,0
IISc_RESPIN_mr_D2_71630_422003_F_AGRI_715804_71134265,D2,Agriculture,2.85,प्राचीन भारताचे लोक पण कापसाची शेती करत होते,प्राचीन भारताचे लोक पण कापसाची शेती करत होते,प्राचीन भारताचे लोक पण कापसाची शेती करत होते,प्राचीन भारताचे लोक पण कापसाची शेती करत होते,0.0,0.0,0.0,0.0,1
IISc_RESPIN_mr_D2_71630_422003_F_AGRI_717711_71134460,D2,Agriculture,4.85,"डांगर , भोपळा या भाज्या लवकर पोसण्यासाठी कोणते खत वापरावे , कधी औषध फवारणी करावी ?",डांगर भोपळा या भाज्या लवकर पोसण्यासाठी कोणते खत वापरावे कधी औषध फवारणी करावी ?,डांगर भोपळा या भाज्या लवकर पोसण्यासाठी कोणते खत वापरावे कधी औषध फवारणी करावी,डांगर भोपळा या भाज्या लवकर पोसण्यासाठी कोणते खत वापरावे कधी औषध फवारणी करावी,0.0,0.0,4.88,12.5,1
IISc_RESPIN_mr_D2_71630_422003_F_BANK_718573_71135299,D2,Banking,2.34,के.वाय.सी अद्यावत करणे म्हणजे काय ?,के.वाय.सी अद्ययावत करणे म्हणजे काय ?,के वाय सी अद्यावत करणे म्हणजे काय,के वाय सी अद्ययावत करणे म्हणजे काय,3.03,14.29,2.86,16.67,0
IISc_RESPIN_mr_D2_71630_422003_F_BANK_718031_71135316,D2,Banking,3.27,कर्जाचे तीन हफ्ते थकले आहेत पुढे एकत्र भरता येतील का ?,कर्जाचे तीन हप्ते थकले आहे पुढे तर भरता येतील का ?,कर्जाचे तीन हफ्ते थकले आहेत पुढे एकत्र भरता येतील का,कर्जाचे तीन हप्ते थकले आहे पुढे तर भरता येतील का,9.62,30.0,9.26,27.27,0
IISc_RESPIN_mr_D2_71630_422003_F_BANK_718409_71135329,D2,Banking,3.43,मला कर्ज मिळविण्यासाठी कोणत्या कागदपत्रांची गरज आहे ?,मला कर्ज मिळविण्यासाठी कोणत्या कागदपत्रांची गरज आहे ?,मला कर्ज मिळविण्यासाठी कोणत्या कागदपत्रांची गरज आहे,मला कर्ज मिळविण्यासाठी कोणत्या कागदपत्रांची गरज आहे,0.0,0.0,0.0,0.0,1
IISc_RESPIN_mr_D2_71630_422003_F_AGRI_717513_71135336,D2,Agriculture,3.17,शेतीमाल विकण्यासाठी मी स्वत:चे ॲप तयार करु शकतो का ?,शेतीमाल विकण्यासाठी मिस्वतः चे अप तयार करू शकतो का ?,शेतीमाल विकण्यासाठी मी स्वत चे ॲप तयार करु शकतो का,शेतीमाल विकण्यासाठी मिस्वतः चे अप तयार करू शकतो का,10.0,40.0,11.54,40.0,0
IISc_RESPIN_mr_D2_71630_422003_F_AGRI_717715_71135675,D2,Agriculture,3.21,जमिनीची सुपिकता वाढवण्यासाठी सेंद्रिय खत चांगले आहे का ?,जमिनीची सुपीकता वाढवण्यासाठी सेंद्रिय खत चांगले आहे का ?,जमिनीची सुपिकता वाढवण्यासाठी सेंद्रिय खत चांगले आहे का,जमिनीची सुपीकता वाढवण्यासाठी सेंद्रिय खत चांगले आहे का,1.85,12.5,1.79,11.11,0
IISc_RESPIN_mr_D2_71630_422003_F_BANK_718554_71135725,D2,Banking,2.39,माझ्या आईला ऑनलाईन पैसे कसे पाठवता येतील ?,माझ्या आईला ऑनलाईन पैसे कसे पाठवता येतील ?,माझ्या आईला ऑनलाईन पैसे कसे पाठवता येतील,माझ्या आईला ऑनलाईन पैसे कसे पाठवता येतील,0.0,0.0,0.0,0.0,1
IISc_RESPIN_mr_D2_71630_422003_F_AGRI_717604_71135838,D2,Agriculture,3.71,शेतीपूरक कोणत्या पशुपालनास शासकीय कर्ज व अनुदान उपलब्ध आहे ?,शेती पुरक कोणत्या पशुपालन शासकीय कर्ज वणुदान उपलब्ध आहे ?,शेतीपूरक कोणत्या पशुपालनास शासकीय कर्ज व अनुदान उपलब्ध आहे,शेती पुरक कोणत्या पशुपालन शासकीय कर्ज वणुदान उपलब्ध आहे,12.07,55.56,11.67,50.0,0
IISc_RESPIN_mr_D2_71630_422003_F_AGRI_717567_71135877,D2,Agriculture,2.33,पेरूवरील अळीचा बंदोबस्त कसा करावा ?,पेरू वरील अळीचा बंदोबस्त कसा करावा ?,पेरूवरील अळीचा बंदोबस्त कसा करावा,पेरू वरील अळीचा बंदोबस्त कसा करावा,3.03,40.0,2.86,33.33,0
IISc_RESPIN_mr_D2_71081_422009_F_AGRI_716619_71139968,D2,Agriculture,5.2,काकडी ही एक खाद्य वनस्पती आहे की जी दुधीभोपळा या कुटुंबातील आहे,काकडी ही एक खाद्य वनस्पती आहे की जी दुधी भोपळा यात कुटुंबातील आहे,काकडी ही एक खाद्य वनस्पती आहे की जी दुधीभोपळा या कुटुंबातील आहे,काकडी ही एक खाद्य वनस्पती आहे की जी दुधी भोपळा यात कुटुंबातील आहे,3.17,25.0,3.17,25.0,0
IISc_RESPIN_mr_D2_71081_422009_F_AGRI_715831_71139981,D2,Agriculture,5.47,बकरीच्या उच्च अनुवांशिक योग्यतेच्या नोंदणी असलेल्या जाती फक्त बारा जाती आहेत,बकीच्या उच्चान वांशिक योग्य ते च्या नोंदी असलेल्या जाती फक्त बारा जाती आहे,बकरीच्या उच्च अनुवांशिक योग्यतेच्या नोंदणी असलेल्या जाती फक्त बारा जाती आहेत,बकीच्या उच्चान वांशिक योग्य ते च्या नोंदी असलेल्या जाती फक्त बारा जाती आहे,10.53,72.73,10.53,72.73,0
IISc_RESPIN_mr_D2_71081_422009_F_BANK_714760_71140189,D2,Banking,4.12,नफा झाया का तोटा हाई आर्थिक विवरण पत्रकमा समजस,नफा सह या का तोटा हाई आय ति विवरण पत्र कमा समज,नफा झाया का तोटा हाई आर्थिक विवरण पत्रकमा समजस,नफा सह या का तोटा हाई आय ति विवरण पत्र कमा समज,19.57,77.78,19.57,77.78,0
IISc_RESPIN_mr_D2_70436_431131_M_AGRI_713250_71140318,D2,Agriculture,4.51,पिकनी शेती मा येगयेगळा पिके लेतस,पीक नी शेती मा येगे गया पिके लेस,पिकनी शेती मा येगयेगळा पिके लेतस,पीक नी शेती मा येगे गया पिके लेस,18.75,83.33,18.75,83.33,0
IISc_RESPIN_mr_D2_71081_422009_F_BANK_716685_71140338,D2,Banking,5.33,बँक चोऱ्यांना आळा घालण्यासाठी राजकीय पोलिसांना सज्ज राहावे लागते,बँक सोल्यांना आळा घालण्यासाठी राजकीय पोलिसांना संजय राहावी लागते,बँक चोऱ्यांना आळा घालण्यासाठी राजकीय पोलिसांना सज्ज राहावे लागते,बँक सोल्यांना आळा घालण्यासाठी राजकीय पोलिसांना संजय राहावी लागते,9.38,33.33,9.38,33.33,0
IISc_RESPIN_mr_D2_71081_422009_F_AGRI_712772_71140378,D2,Agriculture,4.31,क्रेप चमेलीना फूलसकन माला आणि जयमाला बनाडतस,क्रेप चमेलीला फुल से कन मला आणि चेरमाला बडाडतस,क्रेप चमेलीना फूलसकन माला आणि जयमाला बनाडतस,क्रेप चमेलीला फुल से कन मला आणि चेरमाला बडाडतस,23.26,100.0,23.26,100.0,0
IISc_RESPIN_mr_D4_72220_441303_M_BANK_719345_71140885,D4,Banking,4.6,नागरिक वेळेपूर्वीच आपली एफ.डी आणि आर.डी तोडू शकतो,नागरिक वेळे पूर्वी आपली एफ डी एम नी आर.डी तोडू शकतो,नागरिक वेळेपूर्वीच आपली एफ डी आणि आर डी तोडू शकतो,नागरिक वेळे पूर्वी आपली एफ डी एम नी आर डी तोडू शकतो,14.29,40.0,16.33,75.0,0
IISc_RESPIN_mr_D4_72220_441303_M_BANK_719407_71140889,D4,Banking,4.81,"मी तुम्हाला सही करून कोरा चेक देते , तुम्ही स्वतः रक्कम लिहा",मी तुम्हाला सही करून कराचे देते तुम्ही स्वतः रक्कम ली या,मी तुम्हाला सही करून कोरा चेक देते तुम्ही स्वतः रक्कम लिहा,मी तुम्हाला सही करून कराचे देते तुम्ही स्वतः रक्कम ली या,10.34,36.36,13.33,41.67,0
IISc_RESPIN_mr_D4_72220_441303_M_BANK_722018_71140891,D4,Banking,4.62,पे.टी.एम हे भारतातील सर्वात लोकप्रिय डिजिटल वॉलेट आहे,पेटीएम हे भारतातील सर्वात लोकप्रिय डिजिटल वॉलेट आहे,पे टी एम हे भारतातील सर्वात लोकप्रिय डिजिटल वॉलेट आहे,पेटीएम हे भारतातील सर्वात लोकप्रिय डिजिटल वॉलेट आहे,3.77,30.0,3.77,12.5,0
IISc_RESPIN_mr_D2_71081_422009_F_AGRI_717614_71140966,D2,Agriculture,2.93,तांदळासाठी कसे हवामान पाहिजे ?,तांदळासाठी कसे हवामान पाहिजे ?,तांदळासाठी कसे हवामान पाहिजे,तांदळासाठी कसे हवामान पाहिजे,0.0,0.0,0.0,0.0,1
IISc_RESPIN_mr_D2_71081_422009_F_BANK_718464_71141276,D2,Banking,2.47,यू.पी.आय चा वापर कसा केला जातो ?,यू.पी.आय चा वापर कसा केला जातो ?,यू पी आय चा वापर कसा केला जातो,यू पी आय चा वापर कसा केला जातो,0.0,0.0,0.0,0.0,1
IISc_RESPIN_mr_D2_71081_422009_F_BANK_718434_71141291,D2,Banking,4.25,माझे डेबिट कार्ड हरवले आहे ते बंद करण्यासाठी काय करावे लागेल ?,माझे डेबिट कार्ड हरवले आहे ते बंद करण्यासाठी काय करावे लागेल ?,माझे डेबिट कार्ड हरवले आहे ते बंद करण्यासाठी काय करावे लागेल,माझे डेबिट कार्ड हरवले आहे ते बंद करण्यासाठी काय करावे लागेल,0.0,0.0,0.0,0.0,1
IISc_RESPIN_mr_D2_71081_422009_F_BANK_718316_71141710,D2,Banking,2.83,बँकेतून रक्कम काढायला कुठली स्लीप लागते ?,बँकेतून रक्कम काढा ला कुठली फी टाकते,बँकेतून रक्कम काढायला कुठली स्लीप लागते,बँकेतून रक्कम काढा ला कुठली फी टाकते,17.95,66.67,21.95,71.43,0
IISc_RESPIN_mr_D2_71081_422009_F_BANK_718409_71141929,D2,Banking,3.77,मला कर्ज मिळविण्यासाठी कोणत्या कागदपत्रांची गरज आहे ?,मला कर्ज मिळविण्यासाठी कोणत्या कागदपत्रांची गरज आहे ?,मला कर्ज मिळविण्यासाठी कोणत्या कागदपत्रांची गरज आहे,मला कर्ज मिळविण्यासाठी कोणत्या कागदपत्रांची गरज आहे,0.0,0.0,0.0,0.0,1
IISc_RESPIN_mr_D2_71081_422009_F_AGRI_717661_71141952,D2,Agriculture,2.73,कापसाच्या पिकासाठी पीक विमा आहे का ?,कापसाच्या पिकासाठी पीक विमा आहे का ?,कापसाच्या पिकासाठी पीक विमा आहे का,कापसाच्या पिकासाठी पीक विमा आहे का,0.0,0.0,0.0,0.0,1
IISc_RESPIN_mr_D1_72090_416511_F_AGRI_710996_71143383,D1,Agriculture,6.64,लोकसंख्या वाढीबरोबरच शेतमालाचो बाजारभाव पण वाढत हा,लोकसंख्या वाढी बरोबर शेत मालाच बारा बाजारभाव पण वाढत हा,लोकसंख्या वाढीबरोबरच शेतमालाचो बाजारभाव पण वाढत हा,लोकसंख्या वाढी बरोबर शेत मालाच बारा बाजारभाव पण वाढत हा,16.0,71.43,16.0,71.43,0
IISc_RESPIN_mr_D4_72220_441303_M_BANK_720001_71145329,D4,Banking,4.95,इलेक्ट्रॉनिक ट्रान्सफर हे ऑनलाइन पैसे ट्रान्सफर करण्याचे माध्यम आहे,इलेक्ट्रॉनिक ट्रान्सफर हे ऑनलाइन पैसे ट्रान्सफर करण्याचे माध्यम आहे,इलेक्ट्रॉनिक ट्रान्सफर हे ऑनलाइन पैसे ट्रान्सफर करण्याचे माध्यम आहे,इलेक्ट्रॉनिक ट्रान्सफर हे ऑनलाइन पैसे ट्रान्सफर करण्याचे माध्यम आहे,0.0,0.0,0.0,0.0,1
IISc_RESPIN_mr_D4_72220_441303_M_BANK_721725_71145331,D4,Banking,5.74,बँक ऑफ बडोदा ही एक भारतीय राष्ट्रीयीकृत बँकिंग आणि वित्तीय सेवा कंपनी आहे,बँक ऑफ बडोदा ही एक भारतीय राष्ट्रीयीकृत बँके याने वित्तीय सेवा कंपनी आहे,बँक ऑफ बडोदा ही एक भारतीय राष्ट्रीयीकृत बँकिंग आणि वित्तीय सेवा कंपनी आहे,बँक ऑफ बडोदा ही एक भारतीय राष्ट्रीयीकृत बँके याने वित्तीय सेवा कंपनी आहे,9.59,15.38,9.59,15.38,0
IISc_RESPIN_mr_D4_72220_441303_M_BANK_722050_71145332,D4,Banking,6.38,पाळीव प्राण्यांसाठी आजीवन आणि आजीवन अशा दोन प्रकारच्या विमा पॉलिसी आहेत,पाळीव प्राण्यांसाठी यादी वन आणि आजीवनशा दोन प्रकारच्या विमा पॉलिसी आहे,पाळीव प्राण्यांसाठी आजीवन आणि आजीवन अशा दोन प्रकारच्या विमा पॉलिसी आहेत,पाळीव प्राण्यांसाठी यादी वन आणि आजीवनशा दोन प्रकारच्या विमा पॉलिसी आहे,9.86,45.45,9.86,45.45,0
IISc_RESPIN_mr_D4_72220_441303_M_AGRI_719476_71145360,D4,Agriculture,5.05,विक्रीयोग्यता आणि फायदेशीरता या आधारावर पीक निश्चित केले जाते,विक्री योग्यता आणि फायदेशीर का या आधारावर पेट निश्चित केले जाते,विक्रीयोग्यता आणि फायदेशीरता या आधारावर पीक निश्चित केले जाते,विक्री योग्यता आणि फायदेशीर का या आधारावर पेट निश्चित केले जाते,8.2,55.56,8.2,55.56,0
IISc_RESPIN_mr_D2_72312_441102_M_AGRI_715070_71148527,D2,Agriculture,6.63,बांगलादेश हा जगातील सर्वात मोठा ताग उत्पादक देश आहे,बांगला देश हा जगातील सर्वात मोठा ताग उत्पादक देश आहे,बांगलादेश हा जगातील सर्वात मोठा ताग उत्पादक देश आहे,बांगला देश हा जगातील सर्वात मोठा ताग उत्पादक देश आहे,1.96,22.22,1.96,22.22,0
IISc_RESPIN_mr_D2_71025_441304_M_AGRI_714351_71150076,D2,Agriculture,7.25,प्रधानमंत्री कृषी सिंचन योजनानी करता पाच कागदपत्रे लागतस,प्रधानमंत्री कृषी सिंचन योजना नी करता पाच कागदपत्रे लागतस,प्रधानमंत्री कृषी सिंचन योजनानी करता पाच कागदपत्रे लागतस,प्रधानमंत्री कृषी सिंचन योजना नी करता पाच कागदपत्रे लागतस,1.79,25.0,1.79,25.0,0
IISc_RESPIN_mr_D2_71025_441304_M_AGRI_714358_71150116,D2,Agriculture,12.05,फळे देनारा झाडेस्ले शेतकरी जमीनना आंदाज लीसनी काटछाट करस,फळे देणारा झाडेसले शेतकरी जमीन आंदाज लिसन काचा रस,फळे देनारा झाडेस्ले शेतकरी जमीनना आंदाज लीसनी काटछाट करस,फळे देणारा झाडेसले शेतकरी जमीन आंदाज लिसन काचा रस,17.86,66.67,17.86,66.67,0
IISc_RESPIN_mr_D2_71074_422004_M_BANK_713241_71150629,D2,Banking,4.98,फोन पे वर मनी गनच बीमा करी ठेल शेत,फोन पे वर मनी गनच बिमा करी ठेल शेत,फोन पे वर मनी गनच बीमा करी ठेल शेत,फोन पे वर मनी गनच बिमा करी ठेल शेत,2.94,11.11,2.94,11.11,0
IISc_RESPIN_mr_D4_72194_440030_F_BANK_720702_71151263,D4,Banking,7.07,"कंपनीच्या मते , भांडवलाच्या किंमतीत कर्ज आणि इक्विटी दोन्ही समाविष्ट आहेत",कंपनीच्या मते भांडवलाच्या किमतीत कर्ज आणि कि विटी दोन्ही समाविष्ट आहेत,कंपनीच्या मते भांडवलाच्या किंमतीत कर्ज आणि इक्विटी दोन्ही समाविष्ट आहेत,कंपनीच्या मते भांडवलाच्या किमतीत कर्ज आणि कि विटी दोन्ही समाविष्ट आहेत,5.63,30.0,8.22,36.36,0
IISc_RESPIN_mr_D4_72194_440030_F_AGRI_722263_71151280,D4,Agriculture,3.77,कॅटागॅट उत्पादक सहसा मेंढी वापरतात,कॅटा गट उत्पादक सहसा मेंढी वापरतात,कॅटागॅट उत्पादक सहसा मेंढी वापरतात,कॅटा गट उत्पादक सहसा मेंढी वापरतात,5.88,40.0,5.88,40.0,0
IISc_RESPIN_mr_D4_72194_440030_F_BANK_721913_71151285,D4,Banking,8.01,भारत सरकारने ऑगस्ट दो हजार चार मध्ये कस्तुरबा गांधी बालिका विद्यालय योजना सुरू केली होती,भारत सरकारने ऑगस्ट दो हजार चार मध्ये कस्तुरबा गांधी बालिका विद्यालय योजना सुरू केली होती,भारत सरकारने ऑगस्ट दो हजार चार मध्ये कस्तुरबा गांधी बालिका विद्यालय योजना सुरू केली होती,भारत सरकारने ऑगस्ट दो हजार चार मध्ये कस्तुरबा गांधी बालिका विद्यालय योजना सुरू केली होती,0.0,0.0,0.0,0.0,1
IISc_RESPIN_mr_D4_72194_440030_F_AGRI_720086_71151294,D4,Agriculture,4.73,माझी आई हिरव्या मिरचीचे खूप चविष्ट लोणचे बनवते,माझी आई हिरव्या मिरचीचे खूप चविष्ट लोनचे बनवते,माझी आई हिरव्या मिरचीचे खूप चविष्ट लोणचे बनवते,माझी आई हिरव्या मिरचीचे खूप चविष्ट लोनचे बनवते,2.17,12.5,2.17,12.5,0
IISc_RESPIN_mr_D4_72194_440030_F_BANK_720259_71151424,D4,Banking,5.99,मनी मार्केट खातेदाराला मनी मार्केट मध्ये प्रचलित व्याजदरानुसार व्याज मिळते,मनी मार्केट खातेदाराला मनी मार्केटमध्ये प्रचलित व्याज दरानुसार व्याज मिळते,मनी मार्केट खातेदाराला मनी मार्केट मध्ये प्रचलित व्याजदरानुसार व्याज मिळते,मनी मार्केट खातेदाराला मनी मार्केटमध्ये प्रचलित व्याज दरानुसार व्याज मिळते,2.7,40.0,2.7,40.0,0
IISc_RESPIN_mr_D4_72220_441303_M_BANK_722308_71153018,D4,Banking,5.1,पसंतीचे समभाग सामान्य समभागांपेक्षा वरिष्ठ असतात,पसंतीचे समुभाल पिक सामान्य सम भागा पेक्षा वरिष्ठ असतात,पसंतीचे समभाग सामान्य समभागांपेक्षा वरिष्ठ असतात,पसंतीचे समुभाल पिक सामान्य सम भागा पेक्षा वरिष्ठ असतात,16.67,83.33,16.67,83.33,0
IISc_RESPIN_mr_D2_71025_441304_M_AGRI_715909_71153969,D2,Agriculture,11.21,"भारतामध्ये डेअरी उत्पादकांचा वापर दूध , दही , ताक , लोणी यांच्या रूपात केला होता",भारतामध्ये डेअरी उत्पादनांचा वापर दूध दही ताक लोणी याच्या रूपात केला होता,भारतामध्ये डेअरी उत्पादकांचा वापर दूध दही ताक लोणी यांच्या रूपात केला होता,भारतामध्ये डेअरी उत्पादनांचा वापर दूध दही ताक लोणी याच्या रूपात केला होता,2.7,16.67,10.0,33.33,0
IISc_RESPIN_mr_D2_71025_441304_M_AGRI_715703_71153989,D2,Agriculture,6.17,धान्याची शेती उपभोगासाठी आणि औद्योगिक उद्देशांसाठी केली जाते,धान्याची शेती उपभोगासाठी आणि औद्योगिक उद्देशांसाठी केली जाते,धान्याची शेती उपभोगासाठी आणि औद्योगिक उद्देशांसाठी केली जाते,धान्याची शेती उपभोगासाठी आणि औद्योगिक उद्देशांसाठी केली जाते,0.0,0.0,0.0,0.0,1
IISc_RESPIN_mr_D4_72220_441303_M_AGRI_720163_71154803,D4,Agriculture,4.46,बटाट्याचे खोड प्रथम हाऊल टॉपर मशीनद्वारे कापले जाते,बटाट्याचे कोड प्रथम हाऊ टॉपर मशीनद्वारे टाकले जाते,बटाट्याचे खोड प्रथम हाऊल टॉपर मशीनद्वारे कापले जाते,बटाट्याचे कोड प्रथम हाऊ टॉपर मशीनद्वारे टाकले जाते,7.84,37.5,7.84,37.5,0
IISc_RESPIN_mr_D4_72220_441303_M_BANK_722153_71154829,D4,Banking,5.76,स्टँड अप इंडियाबद्दल सांगण्यासाठी पंचायतीमध्ये आले आहात,स्टँड इंडिया बद्दल सांगण्यासाठी पंचायतीमध्ये झाले आहात,स्टँड अप इंडियाबद्दल सांगण्यासाठी पंचायतीमध्ये आले आहात,स्टँड इंडिया बद्दल सांगण्यासाठी पंचायतीमध्ये झाले आहात,10.91,42.86,10.91,42.86,0
IISc_RESPIN_mr_D2_70436_431131_M_BANK_713132_71156643,D2,Banking,4.98,राम ना निव्वळ नफामा मार्जिन भलतच कमी व्हतं,राम मा निवड नफामा मार्जिन बदलत कमी व्हत,राम ना निव्वळ नफामा मार्जिन भलतच कमी व्हतं,राम मा निवड नफामा मार्जिन बदलत कमी व्हत,19.05,50.0,19.05,50.0,0
IISc_RESPIN_mr_D2_70436_431131_M_BANK_717059_71156645,D2,Banking,4.89,विद्यार्थी ऑन कॅम्पस रूमसाठी सवलतीचे कर्ज घेऊ शकतात,विद्यार्थी आन काम पसरून साठी सवलतीचे कर्ज घेऊ शकतात,विद्यार्थी ऑन कॅम्पस रूमसाठी सवलतीचे कर्ज घेऊ शकतात,विद्यार्थी आन काम पसरून साठी सवलतीचे कर्ज घेऊ शकतात,11.76,50.0,11.76,50.0,0
IISc_RESPIN_mr_D2_72312_441102_M_BANK_715120_71156874,D2,Banking,7.86,मनीऑर्डर पाठवण्यापूर्वी जोगिंदरने प्राप्तकर्त्याच्या जागी रोहितचे नाव लिहिले,मनी ऑर्डर पाठवण्यापूर्वी जोगिंदरने प्राप्तकर्त्याच्या जाती रोहितचे नावडी ले,मनीऑर्डर पाठवण्यापूर्वी जोगिंदरने प्राप्तकर्त्याच्या जागी रोहितचे नाव लिहिले,मनी ऑर्डर पाठवण्यापूर्वी जोगिंदरने प्राप्तकर्त्याच्या जाती रोहितचे नावडी ले,9.21,62.5,9.21,62.5,0
IISc_RESPIN_mr_D2_72312_441102_M_AGRI_715243_71157160,D2,Agriculture,5.67,हायड्रोपोनिक्स पीक घेण्याची पद्धत बागायती शेतीत येते,हायड्रोपोनिक पीक घेण्याची पद्धती बागायती शेतीत येते,हायड्रोपोनिक्स पीक घेण्याची पद्धत बागायती शेतीत येते,हायड्रोपोनिक पीक घेण्याची पद्धती बागायती शेतीत येते,5.77,28.57,5.77,28.57,0
IISc_RESPIN_mr_D2_72312_441102_M_BANK_713056_71157167,D2,Banking,7.38,नवजात उद्योजकतावाला तीन महिना पगार देऊ शकतस नयी,नवजात उद्योजकता वाला तीन महिना पगार देऊ शकतस नही,नवजात उद्योजकतावाला तीन महिना पगार देऊ शकतस नयी,नवजात उद्योजकता वाला तीन महिना पगार देऊ शकतस नही,4.26,37.5,4.26,37.5,0
IISc_RESPIN_mr_D2_72312_441102_M_BANK_716427_71157410,D2,Banking,8.35,ग्राहक पॅकेज केलेल्या वस्तूंच्या उत्पादकांद्वारे कस्टम कूपन जारी केले जातात,ग्राहक पॅकेज केलेल्या वस्तूंच्या उत्पादक कांद्वारे कस्टम कूपन जारी केली जातात,ग्राहक पॅकेज केलेल्या वस्तूंच्या उत्पादकांद्वारे कस्टम कूपन जारी केले जातात,ग्राहक पॅकेज केलेल्या वस्तूंच्या उत्पादक कांद्वारे कस्टम कूपन जारी केली जातात,4.0,30.0,4.0,30.0,0
IISc_RESPIN_mr_D2_70992_415110_M_AGRI_717415_71160019,D2,Agriculture,5.03,आल्यावर थंड हवेचा काही परिणाम होतो का ?,आल्यावर थंड हवेचा काही परिणाम होतो का ?,आल्यावर थंड हवेचा काही परिणाम होतो का,आल्यावर थंड हवेचा काही परिणाम होतो का,0.0,0.0,0.0,0.0,1
IISc_RESPIN_mr_D2_70999_440001_M_AGRI_714690_71160420,D2,Agriculture,4.58,"चवळीनं पीक राजस्थान , कर्नाटक , केरळमा जास्त पिकसं",चवीन पीक राजस्थान करना टक्के राय मा जास्त पिकस,चवळीनं पीक राजस्थान कर्नाटक केरळमा जास्त पिकसं,चवीन पीक राजस्थान करना टक्के राय मा जास्त पिकस,21.74,85.71,28.0,66.67,0
IISc_RESPIN_mr_D2_70992_415110_M_BANK_718214_71161539,D2,Banking,3.73,गुंतवणूकीचे मुख्य कारण काय आहे ?,गुंतवणुकीचे मुख्य कारण काय आहे ?,गुंतवणूकीचे मुख्य कारण काय आहे,गुंतवणुकीचे मुख्य कारण काय आहे,3.33,20.0,3.12,16.67,0
IISc_RESPIN_mr_D2_70992_415110_M_BANK_718434_71161568,D2,Banking,5.61,माझे डेबिट कार्ड हरवले आहे ते बंद करण्यासाठी काय करावे लागेल ?,माझे डेबिट कार्ड हरवले आहे ते बंद करण्यासाठी काय करावे लागेल ?,माझे डेबिट कार्ड हरवले आहे ते बंद करण्यासाठी काय करावे लागेल,माझे डेबिट कार्ड हरवले आहे ते बंद करण्यासाठी काय करावे लागेल,0.0,0.0,0.0,0.0,1
IISc_RESPIN_mr_D2_72312_441102_M_BANK_718367_71162452,D2,Banking,3.89,यू.पी.आय सेवेच्या वापराबाबत माहिती हवी आहे,यू.पी.आय सेवेच्या वापराबाबत माहिती हवी आहे,यू पी आय सेवेच्या वापराबाबत माहिती हवी आहे,यू पी आय सेवेच्या वापराबाबत माहिती हवी आहे,0.0,0.0,0.0,0.0,1
IISc_RESPIN_mr_D2_72312_441102_M_BANK_718013_71162453,D2,Banking,5.38,माझे बँक खाते दुसऱ्या बँक खात्यात स्थलांतरीत करता येईल का ?,माझे बँक खाते दुस⁇्या बँक खात्यात स्थलांतरित करता येईल का ?,माझे बँक खाते दुसऱ्या बँक खात्यात स्थलांतरीत करता येईल का,माझे बँक खाते दुस⁇्या बँक खात्यात स्थलांतरित करता येईल का,3.51,20.0,3.39,18.18,0
IISc_RESPIN_mr_D2_72312_441102_M_AGRI_717715_71162605,D2,Agriculture,4.4,जमिनीची सुपिकता वाढवण्यासाठी सेंद्रिय खत चांगले आहे का ?,जमिनीची सुपीकता वाढवण्यासाठी सेंद्रिय खत चांगले आहे का ?,जमिनीची सुपिकता वाढवण्यासाठी सेंद्रिय खत चांगले आहे का,जमिनीची सुपीकता वाढवण्यासाठी सेंद्रिय खत चांगले आहे का,1.85,12.5,1.79,11.11,0
IISc_RESPIN_mr_D2_72312_441102_M_AGRI_717603_71162619,D2,Agriculture,5.08,शेतीसाठी पूरक म्हणून कोणता पशुपालन व्यवसाय फायदेशीर ठरतो ?,शेतीसाठी पूरक म्हणून कोणता पशुपालन व्यवसाय फायदेशीर ठरतो,शेतीसाठी पूरक म्हणून कोणता पशुपालन व्यवसाय फायदेशीर ठरतो,शेतीसाठी पूरक म्हणून कोणता पशुपालन व्यवसाय फायदेशीर ठरतो,0.0,0.0,3.45,11.11,1
IISc_RESPIN_mr_D2_72312_441102_M_BANK_718409_71162933,D2,Banking,4.06,मला कर्ज मिळविण्यासाठी कोणत्या कागदपत्रांची गरज आहे ?,मला कर्ज मिळवण्यासाठी कोणत्या कागदपत्रांची गरज आहे ?,मला कर्ज मिळविण्यासाठी कोणत्या कागदपत्रांची गरज आहे,मला कर्ज मिळवण्यासाठी कोणत्या कागदपत्रांची गरज आहे,1.96,14.29,1.89,12.5,0
IISc_RESPIN_mr_D2_72312_441102_M_BANK_717954_71162935,D2,Banking,3.36,कर्जफेडीच्या शेवटच्या हफ्त्याची तारीख सांगा,कर्जफेडीच्या शेवटच्या हप्त्याची तारीख सांगा,कर्जफेडीच्या शेवटच्या हफ्त्याची तारीख सांगा,कर्जफेडीच्या शेवटच्या हप्त्याची तारीख सांगा,2.33,20.0,2.33,20.0,0
IISc_RESPIN_mr_D2_72312_441102_M_AGRI_717914_71163191,D2,Agriculture,5.73,काजू पॅकिंग न करता तसेच ठेवले तर ते जास्त काळ टिकू शकते का ?,काजू बँकिंग ना करता तसे ठेवले करते जास्त काळ टिकू शकते का ?,काजू पॅकिंग न करता तसेच ठेवले तर ते जास्त काळ टिकू शकते का,काजू बँकिंग ना करता तसे ठेवले करते जास्त काळ टिकू शकते का,10.34,38.46,10.0,35.71,0
IISc_RESPIN_mr_D2_72312_441102_M_AGRI_717650_71163211,D2,Agriculture,3.2,बटाटा ह्या पिकाची लागवड कशी करावी ?,बटाटा या पिकाची लागवड कशी करावी ?,बटाटा ह्या पिकाची लागवड कशी करावी,बटाटा या पिकाची लागवड कशी करावी,6.06,16.67,5.71,14.29,0
IISc_RESPIN_mr_D2_72312_441102_M_AGRI_717711_71163482,D2,Agriculture,7.14,"डांगर , भोपळा या भाज्या लवकर पोसण्यासाठी कोणते खत वापरावे , कधी औषध फवारणी करावी ?",डांगर भोपळा या भाज्या लवकर पोसण्यासाठी कोणते खत वापरावे कधी औषध फवारणी करावी ?,डांगर भोपळा या भाज्या लवकर पोसण्यासाठी कोणते खत वापरावे कधी औषध फवारणी करावी,डांगर भोपळा या भाज्या लवकर पोसण्यासाठी कोणते खत वापरावे कधी औषध फवारणी करावी,0.0,0.0,4.88,12.5,1
IISc_RESPIN_mr_D2_71025_441304_M_AGRI_716701_71163662,D2,Agriculture,8.72,एम.आय.टी माध्यम प्रयोगशाळेतील लोकांनी रेशीम किड्यांवर प्रयोग केले आहेत,एम.आय.टी मध्यम प्रसायतील लोकांनी रेशीम किड्यांवर प्रयोग केले आहेत,एम आय टी माध्यम प्रयोगशाळेतील लोकांनी रेशीम किड्यांवर प्रयोग केले आहेत,एम आय टी मध्यम प्रसायतील लोकांनी रेशीम किड्यांवर प्रयोग केले आहेत,10.0,18.18,10.0,22.22,0
IISc_RESPIN_mr_D1_72266_411046_F_BANK_712278_71164950,D1,Banking,6.11,निधी हस्तांतरणाक सामान्य माणसाक फायदे आसत की नाय ?,निधी हस्तांतरण सामान्य माणसा फायदे आसत की नाय,निधी हस्तांतरणाक सामान्य माणसाक फायदे आसत की नाय,निधी हस्तांतरण सामान्य माणसा फायदे आसत की नाय,6.25,25.0,10.0,33.33,0
IISc_RESPIN_mr_D1_72266_411046_F_AGRI_711459_71164961,D1,Agriculture,3.62,ई कॉमर्सचो उपयोग काय असा ?,ई कॉमर्स चो उपयोग काय असा ?,ई कॉमर्सचो उपयोग काय असा,ई कॉमर्स चो उपयोग काय असा,4.17,40.0,3.85,33.33,0
IISc_RESPIN_mr_D1_72266_411046_F_BANK_712138_71165427,D1,Banking,3.52,शिकुक कर्ज किती टाईमाक मिळात ?,शिकुक कर्ज किती टायमाक मिळात ?,शिकुक कर्ज किती टाईमाक मिळात,शिकुक कर्ज किती टायमाक मिळात,3.57,20.0,3.33,16.67,0
IISc_RESPIN_mr_D1_72266_411046_F_BANK_712300_71165832,D1,Banking,2.45,बचत खाता म्हणजे काय ?,बचत खाता म्हणजे काय ?,बचत खाता म्हणजे काय,बचत खाता म्हणजे काय,0.0,0.0,0.0,0.0,1
IISc_RESPIN_mr_D1_72266_411046_F_AGRI_711228_71165860,D1,Agriculture,3.12,नारळाच्या झाडांका कसला खत घालूचा ?,नारळाच्या झाडांका कसला खत घालूचा ?,नारळाच्या झाडांका कसला खत घालूचा,नारळाच्या झाडांका कसला खत घालूचा,0.0,0.0,0.0,0.0,1
IISc_RESPIN_mr_D1_72266_411046_F_AGRI_711605_71166029,D1,Agriculture,4.41,मत्स्य शेतीयेत कोलंबीचे उत्पादन घेतत काय ?,मत्स शेती येत कोलंबीचे उत्पादन घेतत काय ?,मत्स्य शेतीयेत कोलंबीचे उत्पादन घेतत काय,मत्स शेती येत कोलंबीचे उत्पादन घेतत काय,7.5,50.0,7.14,42.86,0
IISc_RESPIN_mr_D1_72266_411046_F_AGRI_711311_71166079,D1,Agriculture,4.94,मीया चवळेक शेंगे इल्यानंतर खत घालू काय ?,मिया चवळेक शेंगे इल्यानंतर खत घालू काय ?,मीया चवळेक शेंगे इल्यानंतर खत घालू काय,मिया चवळेक शेंगे इल्यानंतर खत घालू काय,2.63,14.29,2.5,12.5,0
IISc_RESPIN_mr_D1_72090_416511_F_BANK_711877_71166109,D1,Banking,3.99,कर्ज कोनाकपण फेडूक मेलता काय ?,कर्ज कोणाक पण फेडूक मेलता काय ?,कर्ज कोनाकपण फेडूक मेलता काय,कर्ज कोणाक पण फेडूक मेलता काय,7.14,40.0,6.67,33.33,0
IISc_RESPIN_mr_D1_72090_416511_F_BANK_712289_71166130,D1,Banking,5.17,बँक खाता बँकेत असला तरच कर्ज मेळाक शकता काय ?,बँक खाता बँकेत असला तर कर्ज मेक शकता काय ?,बँक खाता बँकेत असला तरच कर्ज मेळाक शकता काय,बँक खाता बँकेत असला तर कर्ज मेक शकता काय,6.98,22.22,6.67,20.0,0
IISc_RESPIN_mr_D1_72266_411046_F_BANK_712156_71166358,D1,Banking,4.6,माका क्रेडिट कार्डाक आजुन किती पैशे भरूचे हत ?,माका क्रेडिट कार्डाक अजून किती पैशे भरुचे हत ?,माका क्रेडिट कार्डाक आजुन किती पैशे भरूचे हत,माका क्रेडिट कार्डाक अजून किती पैशे भरुचे हत,6.82,25.0,6.52,22.22,0
IISc_RESPIN_mr_D2_70436_431131_M_BANK_718237_71171652,D2,Banking,3.73,माझा बँक खाते क्रमांक काय आहे ?,माझा बँके खाते क्रमांक काय आहे ?,माझा बँक खाते क्रमांक काय आहे,माझा बँके खाते क्रमांक काय आहे,3.45,16.67,3.23,14.29,0
IISc_RESPIN_mr_D2_71074_422004_M_BANK_713341_71173116,D2,Banking,8.5,यापारी क्यू.आर.कोड ना उपेग करीसन यू.पी.आय वरी यवहार करु शकतस,यापारी क्यू.आर कोड ना उपेग करीसन यू.पी.आय वरी बहर करू शकतस,यापारी क्यू आर कोड ना उपेग करीसन यू पी आय वरी यवहार करु शकतस,यापारी क्यू आर कोड ना उपेग करीसन यू पी आय वरी बहर करू शकतस,6.67,14.29,8.33,40.0,0
IISc_RESPIN_mr_D2_71074_422004_M_AGRI_712726_71173132,D2,Agriculture,5.86,आलू बुखारनी शेती भारत ना डोंगराय भाग मान करतस,आलुबुखार नी शेती भारत मा डोंगराळ राग मान करतस,आलू बुखारनी शेती भारत ना डोंगराय भाग मान करतस,आलुबुखार नी शेती भारत मा डोंगराळ राग मान करतस,13.33,55.56,13.33,55.56,0
IISc_RESPIN_mr_D2_70404_422004_M_BANK_714760_71173644,D2,Banking,5.69,नफा झाया का तोटा हाई आर्थिक विवरण पत्रकमा समजस,नफा हया का तोटा हाई आर्थिक विवरण पत्र कमा समजसा,नफा झाया का तोटा हाई आर्थिक विवरण पत्रकमा समजस,नफा हया का तोटा हाई आर्थिक विवरण पत्र कमा समजसा,8.7,44.44,8.7,44.44,0
IISc_RESPIN_mr_D2_70404_422004_M_AGRI_714332_71173670,D2,Agriculture,4.2,पशु खत हाई पैसा देणारं उत्पादन शे,पशुखत हाई पैसा देणार उत्पादन शे,पशु खत हाई पैसा देणारं उत्पादन शे,पशुखत हाई पैसा देणार उत्पादन शे,6.06,42.86,6.06,42.86,0
IISc_RESPIN_mr_D2_70404_422004_M_AGRI_716413_71174020,D2,Agriculture,3.77,गोड्या पाण्यातील कोळंबी शेती हा मत्स्यपालन व्यवसाय आहे,गोड्या पाण्यातील कोळंबी शेती हा मत्स्यपालन व्यवसाय आहे,गोड्या पाण्यातील कोळंबी शेती हा मत्स्यपालन व्यवसाय आहे,गोड्या पाण्यातील कोळंबी शेती हा मत्स्यपालन व्यवसाय आहे,0.0,0.0,0.0,0.0,1
IISc_RESPIN_mr_D2_70404_422004_M_BANK_714240_71175340,D2,Banking,5.4,निव्वय वर्तमान मूल्य सवलतना दरवर अवलंबून रहास,निव या वर्तमान मूल्या सवलतना दर वर अवलंबून रास,निव्वय वर्तमान मूल्य सवलतना दरवर अवलंबून रहास,निव या वर्तमान मूल्या सवलतना दर वर अवलंबून रास,13.33,85.71,13.33,85.71,0
IISc_RESPIN_mr_D2_70404_422004_M_AGRI_712810_71175361,D2,Agriculture,4.69,जनावरस करता फार्म पशु कल्याण परिषद बनाडेल शे,जनावर सह करता हरम पशु पल्यानं परिषद बनाडेल शे,जनावरस करता फार्म पशु कल्याण परिषद बनाडेल शे,जनावर सह करता हरम पशु पल्यानं परिषद बनाडेल शे,18.18,50.0,18.18,50.0,0
IISc_RESPIN_mr_D2_70404_422004_M_BANK_715681_71175406,D2,Banking,3.88,त्यामधून सगळ्यात मुख्य वित्तीय लेखा मानक बोर्ड आहे,त्या मधून सगळ्यात मुख्य वित्तीय लेता मानक बोर्ड आहे,त्यामधून सगळ्यात मुख्य वित्तीय लेखा मानक बोर्ड आहे,त्या मधून सगळ्यात मुख्य वित्तीय लेता मानक बोर्ड आहे,4.0,37.5,4.0,37.5,0
IISc_RESPIN_mr_D2_70404_422004_M_BANK_712643_71175434,D2,Banking,5.62,भारतमा परतेक राज्यनी वरीसनं उतपननी वाढ आल्लग आल्लग शे,भारतमा परत ते करा जनी वरीसनं उत्तम पणनी वाढ आल्यग आल्यग शे,भारतमा परतेक राज्यनी वरीसनं उतपननी वाढ आल्लग आल्लग शे,भारतमा परत ते करा जनी वरीसनं उत्तम पणनी वाढ आल्यग आल्यग शे,26.42,88.89,26.42,88.89,0
IISc_RESPIN_mr_D1_72090_416511_F_BANK_711804_71177201,D1,Banking,3.22,ऑनलाइन पैसे कसे धाडूचे ?,ऑनलाइन पैसे कसे धाडवूचे ?,ऑनलाइन पैसे कसे धाडूचे,ऑनलाइन पैसे कसे धाडवूचे,4.55,25.0,4.17,20.0,0
IISc_RESPIN_mr_D1_72090_416511_F_BANK_712133_71177208,D1,Banking,4.45,म्या माझी कर्ज धावसंख्या कशी वाढवू शकतय ?,म्या माझी कर्ज धाव संख्या कशी वाढवू शकत ?,म्या माझी कर्ज धावसंख्या कशी वाढवू शकतय,म्या माझी कर्ज धाव संख्या कशी वाढवू शकत,5.13,42.86,4.88,37.5,0
IISc_RESPIN_mr_D2_71732_422008_M_AGRI_713892_71178790,D2,Agriculture,4.66,फळस झाळे कलम आणि बियापासिन वाढू शकतस,फळ झाडे कलम आणि बिया पासून वाढू शकतस,फळस झाळे कलम आणि बियापासिन वाढू शकतस,फळ झाडे कलम आणि बिया पासून वाढू शकतस,11.11,57.14,11.11,57.14,0
IISc_RESPIN_mr_D2_70404_422004_M_AGRI_714525_71180137,D2,Agriculture,5.08,सेंद्रीय शेतीमा परंपरागत शेतीना तुलनामा कमी उत्पादन येस,सेंद्रिय शेती मा परंपरागत शेतीना तुलना मा कमी उत्पादन येस,सेंद्रीय शेतीमा परंपरागत शेतीना तुलनामा कमी उत्पादन येस,सेंद्रिय शेती मा परंपरागत शेतीना तुलना मा कमी उत्पादन येस,5.45,62.5,5.45,62.5,0
IISc_RESPIN_mr_D2_70404_422004_M_AGRI_717435_71180205,D2,Agriculture,2.53,शेतीचा माल विकण्यासाठी मी ॲप बनवू शकतो का ?,शेतीचा माल विकण्यासाठी मी यात बनवू शकतो का ?,शेतीचा माल विकण्यासाठी मी ॲप बनवू शकतो का,शेतीचा माल विकण्यासाठी मी यात बनवू शकतो का,7.32,12.5,6.98,11.11,0
IISc_RESPIN_mr_D2_70404_422004_M_AGRI_717732_71180224,D2,Agriculture,4.29,द्राक्षावर कोणते रोग पडू शकतात ? त्याची खबरदारी म्हणून काय उपाययोजना करावी ?,द्राक्षावर कोणते रोग पडू शकता त्याचे खबरदारी म्हणून काय उपाय योजना करावे ?,द्राक्षावर कोणते रोग पडू शकतात त्याची खबरदारी म्हणून काय उपाययोजना करावी,द्राक्षावर कोणते रोग पडू शकता त्याचे खबरदारी म्हणून काय उपाय योजना करावे,5.56,45.45,7.89,46.15,0
IISc_RESPIN_mr_D2_70404_422004_M_BANK_718434_71180374,D2,Banking,3.22,माझे डेबिट कार्ड हरवले आहे ते बंद करण्यासाठी काय करावे लागेल ?,माझे डेबिट कार्ड हरवले आहे ते बंद करण्यासाठी काय करावे लागेल,माझे डेबिट कार्ड हरवले आहे ते बंद करण्यासाठी काय करावे लागेल,माझे डेबिट कार्ड हरवले आहे ते बंद करण्यासाठी काय करावे लागेल,0.0,0.0,3.23,8.33,1
IISc_RESPIN_mr_D2_70404_422004_M_BANK_718031_71180914,D2,Banking,3.23,कर्जाचे तीन हफ्ते थकले आहेत पुढे एकत्र भरता येतील का ?,कर्जाचे तीन हफ्ते थकल्या पुढे एकत्र भरता येतील का ?,कर्जाचे तीन हफ्ते थकले आहेत पुढे एकत्र भरता येतील का,कर्जाचे तीन हफ्ते थकल्या पुढे एकत्र भरता येतील का,11.54,20.0,11.11,18.18,0
IISc_RESPIN_mr_D2_70404_422004_M_BANK_717968_71180939,D2,Banking,3.43,क्रेडिट कार्डसाठी ऑनलाईन पद्धतीने अर्ज करता येईल का ?,क्रेडिट कार्डसाठी ऑनलाईन पद्धतीने अर्ज करता येईल का ?,क्रेडिट कार्डसाठी ऑनलाईन पद्धतीने अर्ज करता येईल का,क्रेडिट कार्डसाठी ऑनलाईन पद्धतीने अर्ज करता येईल का,0.0,0.0,0.0,0.0,1
IISc_RESPIN_mr_D2_70404_422004_M_AGRI_717644_71181028,D2,Agriculture,2.34,बाजारात कोणकोणती किटकनाशक औषधे आहेत ?,बाजारात कोणकोणती कीटकनाशक औषध आहेत ?,बाजारात कोणकोणती किटकनाशक औषधे आहेत,बाजारात कोणकोणती कीटकनाशक औषध आहेत,5.71,40.0,5.41,33.33,0
IISc_RESPIN_mr_D2_70404_422004_M_BANK_717979_71181056,D2,Banking,2.53,माझे वीजबिल मला कसे भरता येईल ?,माझे वीज बिल मला कसे भरता येईल ?,माझे वीजबिल मला कसे भरता येईल,माझे वीज बिल मला कसे भरता येईल,3.45,33.33,3.23,28.57,0
IISc_RESPIN_mr_D2_71025_441304_M_BANK_717979_71181342,D2,Banking,3.48,माझे वीजबिल मला कसे भरता येईल ?,माझे वीज बिल मला कसे भरता येईल ?,माझे वीजबिल मला कसे भरता येईल,माझे वीज बिल मला कसे भरता येईल,3.45,33.33,3.23,28.57,0
IISc_RESPIN_mr_D2_71025_441304_M_BANK_717954_71182924,D2,Banking,3.59,कर्जफेडीच्या शेवटच्या हफ्त्याची तारीख सांगा,कर्ज फेडी च्या शेवटच्या हप्त्याची तारीख सांगा,कर्जफेडीच्या शेवटच्या हफ्त्याची तारीख सांगा,कर्ज फेडी च्या शेवटच्या हप्त्याची तारीख सांगा,6.98,80.0,6.98,80.0,0
IISc_RESPIN_mr_D2_71025_441304_M_BANK_718048_71182941,D2,Banking,5.77,माझ्या डिपॉझिटची मॅच्युरिटी रक्कम आपोआप माझ्या खात्यावर जमा होईल का ?,माझ्या डिपॉझिट की मॅचरीी रक्कम पो माझ्या खात्यावर जमा होईल का ?,माझ्या डिपॉझिटची मॅच्युरिटी रक्कम आपोआप माझ्या खात्यावर जमा होईल का,माझ्या डिपॉझिट की मॅचरीी रक्कम पो माझ्या खात्यावर जमा होईल का,14.93,40.0,14.49,36.36,0
IISc_RESPIN_mr_D2_70992_415110_M_AGRI_717644_71187518,D2,Agriculture,3.82,बाजारात कोणकोणती किटकनाशक औषधे आहेत ?,बाजारात कोणकोणती कीटकनाशक औषधे आहेत ?,बाजारात कोणकोणती किटकनाशक औषधे आहेत,बाजारात कोणकोणती कीटकनाशक औषधे आहेत,2.86,20.0,2.7,16.67,0
IISc_RESPIN_mr_D2_70992_415110_M_AGRI_717732_71187543,D2,Agriculture,6.73,द्राक्षावर कोणते रोग पडू शकतात ? त्याची खबरदारी म्हणून काय उपाययोजना करावी ?,द्राक्षावर कोणते रोग पडू शकतात त्याची खबरदारी म्हणून काय उपाययोजना करावी ?,द्राक्षावर कोणते रोग पडू शकतात त्याची खबरदारी म्हणून काय उपाययोजना करावी,द्राक्षावर कोणते रोग पडू शकतात त्याची खबरदारी म्हणून काय उपाययोजना करावी,0.0,0.0,2.63,7.69,1
IISc_RESPIN_mr_D2_70436_431131_M_BANK_718161_71188711,D2,Banking,4.22,सर्व प्रकारचे ऑनलाईन पेमेंट यू.पी.आय द्वारे करता येतात का ?,सर्व प्रकारचे ऑनलाइन पेमेंट यू.पी.आय द्वारे करता येतात का ?,सर्व प्रकारचे ऑनलाईन पेमेंट यू पी आय द्वारे करता येतात का,सर्व प्रकारचे ऑनलाइन पेमेंट यू पी आय द्वारे करता येतात का,1.75,9.09,1.69,10.0,0
IISc_RESPIN_mr_D2_70999_440001_M_AGRI_724731_71189230,D2,Agriculture,9.47,दोन हजार तीन या सालमा गोडा पानीमधला झिंगानं आख्खा जगमधलं वरीसनं उत्पन्न दोन लाख ऐंशी हजार टन एवढं व्हतं,दोन हजार तीन या लामा गोडा पाणी मधला झिंगा ना क्या जगामधल वरीसनं उत्पन्न दोन ला केंशी हजार टन वडे होत,दोन हजार तीन या सालमा गोडा पानीमधला झिंगानं आख्खा जगमधलं वरीसनं उत्पन्न दोन लाख ऐंशी हजार टन एवढं व्हतं,दोन हजार तीन या लामा गोडा पाणी मधला झिंगा ना क्या जगामधल वरीसनं उत्पन्न दोन ला केंशी हजार टन वडे होत,20.39,57.89,20.39,57.89,0
IISc_RESPIN_mr_D2_70999_440001_M_AGRI_715804_71189232,D2,Agriculture,3.34,प्राचीन भारताचे लोक पण कापसाची शेती करत होते,प्राचीन भारताचे लोक पण कापसाची शेती करत होते,प्राचीन भारताचे लोक पण कापसाची शेती करत होते,प्राचीन भारताचे लोक पण कापसाची शेती करत होते,0.0,0.0,0.0,0.0,1
IISc_RESPIN_mr_D2_70999_440001_M_AGRI_713404_71189242,D2,Agriculture,8.62,शेतीना अवजारेस्नं परदरशन मांडं तवय त्यास्नी ईक्री वाढी,शेतीना अवजारेस ना वर दर मांडत वय त्यास्नी करी वाडी,शेतीना अवजारेस्नं परदरशन मांडं तवय त्यास्नी ईक्री वाढी,शेतीना अवजारेस ना वर दर मांडत वय त्यास्नी करी वाडी,20.37,100.0,20.37,100.0,0
IISc_RESPIN_mr_D2_70999_440001_M_AGRI_713751_71189670,D2,Agriculture,5.61,तांदूळ ना मुरमुरा वासीन रोगप्रतिकारक क्षमता सुधारस,तांदूळ ना मुरमुरा वासिन रोगप्रतिकारकषम ता सुधारस,तांदूळ ना मुरमुरा वासीन रोगप्रतिकारक क्षमता सुधारस,तांदूळ ना मुरमुरा वासिन रोगप्रतिकारकषम ता सुधारस,10.0,42.86,10.0,42.86,0
IISc_RESPIN_mr_D2_70999_440001_M_BANK_714934_71189691,D2,Banking,4.49,चालू खात मुख्यकरून व्यवसाय करणाऱ्या लोकांसाठी असते,खा चालू खात मुख्य करून व्यवसाय करणार्या लोकांसाठी असते,चालू खात मुख्यकरून व्यवसाय करणाऱ्या लोकांसाठी असते,खा चालू खात मुख्य करून व्यवसाय करणार्या लोकांसाठी असते,10.0,57.14,10.0,57.14,0
IISc_RESPIN_mr_D2_70999_440001_M_AGRI_713979_71190802,D2,Agriculture,3.71,मगरिस संगोपन करनं आपले फायदामा शे,मगरी संगोपन करना आपले फायदा मा शे,मगरिस संगोपन करनं आपले फायदामा शे,मगरी संगोपन करना आपले फायदा मा शे,12.12,66.67,12.12,66.67,0
IISc_RESPIN_mr_D2_71728_422004_M_BANK_712605_71193383,D2,Banking,3.92,कर्जलेवावर गहाण ठेयेल मालमत्ता ईकता नयी येस,कर्ज लेवावर गहाण ठेवल मालमत्ता इकत नई यस,कर्जलेवावर गहाण ठेयेल मालमत्ता ईकता नयी येस,कर्ज लेवावर गहाण ठेवल मालमत्ता इकत नई यस,18.6,85.71,18.6,85.71,0
IISc_RESPIN_mr_D2_72413_422004_M_AGRI_714332_71195461,D2,Agriculture,3.82,पशु खत हाई पैसा देणारं उत्पादन शे,पशुखत हाय पैसा देणार उत्पादन शे,पशु खत हाई पैसा देणारं उत्पादन शे,पशुखत हाय पैसा देणार उत्पादन शे,9.09,57.14,9.09,57.14,0
IISc_RESPIN_mr_D2_72413_422004_M_BANK_716557_71195735,D2,Banking,5.61,पी.एन.बी भारतातील दुसरी सर्वात मोठी सार्वजनिक क्षेत्रातील व्यावसायिक बँक आहे,पीएन.बी भारतातील दुसरी सर्वात मोठी सार्वजनिक क्षेत्रातील व्यावसायिक बँक आहे,पी एन बी भारतातील दुसरी सर्वात मोठी सार्वजनिक क्षेत्रातील व्यावसायिक बँक आहे,पीएन बी भारतातील दुसरी सर्वात मोठी सार्वजनिक क्षेत्रातील व्यावसायिक बँक आहे,1.32,16.67,1.32,10.0,0
IISc_RESPIN_mr_D2_72413_422004_M_AGRI_716619_71195762,D2,Agriculture,7.04,काकडी ही एक खाद्य वनस्पती आहे की जी दुधीभोपळा या कुटुंबातील आहे,काकडी ही एक खाद्य वनस्पती आहे की जी दुधीभोप या या कुटुंबातील आहे,काकडी ही एक खाद्य वनस्पती आहे की जी दुधीभोपळा या कुटुंबातील आहे,काकडी ही एक खाद्य वनस्पती आहे की जी दुधीभोप या या कुटुंबातील आहे,3.17,16.67,3.17,16.67,0
IISc_RESPIN_mr_D2_72413_422004_M_AGRI_714308_71196470,D2,Agriculture,6.5,भोपयाना भाजीना वापर रायता लोणचं खीर बनाडाना करता करतंस,भोपयाना भाजी ना वापर रायता लोनच खीर बनाडना करता करतस,भोपयाना भाजीना वापर रायता लोणचं खीर बनाडाना करता करतंस,भोपयाना भाजी ना वापर रायता लोनच खीर बनाडना करता करतस,9.26,55.56,9.26,55.56,0
IISc_RESPIN_mr_D2_72413_422004_M_AGRI_715851_71196489,D2,Agriculture,6.04,बाजारात आजकाल कच्चे केळे खूपच विक्रीला यायला लागले आहेत,बाजारात आजकाल कट चे ती खूपच विकली ला यायला लागली आहेत,बाजारात आजकाल कच्चे केळे खूपच विक्रीला यायला लागले आहेत,बाजारात आजकाल कट चे ती खूपच विकली ला यायला लागली आहेत,18.18,66.67,18.18,66.67,0
IISc_RESPIN_mr_D2_72413_422004_M_AGRI_713892_71196613,D2,Agriculture,4.99,फळस झाळे कलम आणि बियापासिन वाढू शकतस,फये चाय कलम आणि बिया पासून वाढू शकतस,फळस झाळे कलम आणि बियापासिन वाढू शकतस,फये चाय कलम आणि बिया पासून वाढू शकतस,19.44,57.14,19.44,57.14,0
IISc_RESPIN_mr_D2_72413_422004_M_BANK_715835_71196620,D2,Banking,5.16,बँकेतील देवाण घेवाण बँकेच्या काही मार्गदर्शकां नुसार असते,बँकेतील देवाणघेवाण बँकेचा काही मार्गदर्शका नुसार असते,बँकेतील देवाण घेवाण बँकेच्या काही मार्गदर्शकां नुसार असते,बँकेतील देवाणघेवाण बँकेचा काही मार्गदर्शका नुसार असते,7.02,50.0,7.02,50.0,0
IISc_RESPIN_mr_D2_72413_422004_M_AGRI_716387_71196630,D2,Agriculture,2.81,लिली च्या फुलाला सहा पाकळया असतात,लिलीच्या फुलाला सहा पक्या असतात,लिली च्या फुलाला सहा पाकळया असतात,लिलीच्या फुलाला सहा पक्या असतात,9.09,50.0,9.09,50.0,0
IISc_RESPIN_mr_D2_72413_422004_M_AGRI_717290_71197415,D2,Agriculture,5.05,"ड्रॅगनफ्रूटची लागवड केली आहे , त्याला ठिबक सिंचनने पाणी देऊ शकतो का ?",ड्रॅगन फूट ची लागवड केली आहे त्याला ठिबक सिंचन आणि पाणी देऊ शकतो का ?,ड्रॅगनफ्रूटची लागवड केली आहे त्याला ठिबक सिंचनने पाणी देऊ शकतो का,ड्रॅगन फूट ची लागवड केली आहे त्याला ठिबक सिंचन आणि पाणी देऊ शकतो का,12.31,45.45,14.49,46.15,0
IISc_RESPIN_mr_D2_72413_422004_M_BANK_718344_71197435,D2,Banking,3.94,गोल्ड बॉण्ड साठी मला अर्ज करता येईल का ?,गोल्ड बॉण्ड साठी मला अर्ज करता येईल का ?,गोल्ड बॉण्ड साठी मला अर्ज करता येईल का,गोल्ड बॉण्ड साठी मला अर्ज करता येईल का,0.0,0.0,0.0,0.0,1
IISc_RESPIN_mr_D2_72413_422004_M_BANK_718383_71197440,D2,Banking,3.16,आधार कार्ड ऐवजी राशन कार्ड चालू शकते का ?,आधार काळे व जी राशन कार्ड चालू शकते का ?,आधार कार्ड ऐवजी राशन कार्ड चालू शकते का,आधार काळे व जी राशन कार्ड चालू शकते का,12.82,37.5,12.2,33.33,0
IISc_RESPIN_mr_D2_72413_422004_M_AGRI_717572_71198520,D2,Agriculture,3.49,आवळे काढण्यासाठी सोपी पद्धत कोणती ?,आवळ काढण्यासाठी सोपी पद्धत कोणती ?,आवळे काढण्यासाठी सोपी पद्धत कोणती,आवळ काढण्यासाठी सोपी पद्धत कोणती,3.03,20.0,2.86,16.67,0
IISc_RESPIN_mr_D2_72413_422004_M_BANK_718606_71198839,D2,Banking,3.44,यू.पी.आय वर मिळालेले पैसे कसे तपासू ?,यू.पी.आय वर मिळालेले पैसे कसे तपासू ?,यू पी आय वर मिळालेले पैसे कसे तपासू,यू पी आय वर मिळालेले पैसे कसे तपासू,0.0,0.0,0.0,0.0,1
IISc_RESPIN_mr_D2_71728_422004_M_BANK_714240_71199167,D2,Banking,4.13,निव्वय वर्तमान मूल्य सवलतना दरवर अवलंबून रहास,नि वय पस्तमान मूल्य सवलत ना दरवर अवलंबून रास,निव्वय वर्तमान मूल्य सवलतना दरवर अवलंबून रहास,नि वय पस्तमान मूल्य सवलत ना दरवर अवलंबून रास,13.33,85.71,13.33,85.71,0
IISc_RESPIN_mr_D2_70436_431131_M_AGRI_717361_71202218,D2,Agriculture,3.77,तूरीची लागवड जानेवारी महिन्यात करता येईल का ?,तुरीची लागवड जानेवारी महिन्यात खाता येईल का ?,तूरीची लागवड जानेवारी महिन्यात करता येईल का,तुरीची लागवड जानेवारी महिन्यात खाता येईल का,6.98,28.57,6.67,25.0,0
IISc_RESPIN_mr_D2_70436_431131_M_BANK_718540_71202258,D2,Banking,4.44,मासिक पाचशे रुपये भरुन किती कर्ज मिळू शकते ?,मासिक पाचशे रुपये भरून किती कर्ज मिळू शकते ?,मासिक पाचशे रुपये भरुन किती कर्ज मिळू शकते,मासिक पाचशे रुपये भरून किती कर्ज मिळू शकते,2.38,12.5,2.27,11.11,0
IISc_RESPIN_mr_D2_70436_431131_M_AGRI_717618_71206960,D2,Agriculture,2.96,लाल मातीत कोणत्या पिकाची पेरणी करावी ?,लाल मातीत कोणत्या पिकाची पेरणी करावी ?,लाल मातीत कोणत्या पिकाची पेरणी करावी,लाल मातीत कोणत्या पिकाची पेरणी करावी,0.0,0.0,0.0,0.0,1
IISc_RESPIN_mr_D2_70436_431131_M_BANK_718596_71206974,D2,Banking,2.86,सामाजिक क्षेत्रातील योजना म्हणजे काय ?,सामाजिक क्षेत्रातील योजना म्हणजे काय ?,सामाजिक क्षेत्रातील योजना म्हणजे काय,सामाजिक क्षेत्रातील योजना म्हणजे काय,0.0,0.0,0.0,0.0,1
IISc_RESPIN_mr_D2_70999_440001_M_BANK_718568_71207936,D2,Banking,4.87,कर्ज परतफेडी बाबत मला ऑनलाईन व ऑफलाईन माहिती पाहिजे आहे,कर्ज परतफेडी बाबत मला ऑनलाईन ऑफलाईन माहिती पाहिजे आहे,कर्ज परतफेडी बाबत मला ऑनलाईन व ऑफलाईन माहिती पाहिजे आहे,कर्ज परतफेडी बाबत मला ऑनलाईन ऑफलाईन माहिती पाहिजे आहे,3.64,10.0,3.64,10.0,0
IISc_RESPIN_mr_D2_71728_422004_M_BANK_715930_71209383,D2,Banking,3.95,मजेत उद्योजकतेचा आधार नफ्यावर अवलंबून नसतो,मजेत उद्योजकतेचा आधार ना प्रभार अवलंबून नसतो,मजेत उद्योजकतेचा आधार नफ्यावर अवलंबून नसतो,मजेत उद्योजकतेचा आधार ना प्रभार अवलंबून नसतो,14.29,33.33,14.29,33.33,0
IISc_RESPIN_mr_D2_70436_431131_M_AGRI_717722_71213525,D2,Agriculture,5.09,सिंचन पद्धतीचा अतिवापर केला तर जमिनीची सुपिकता कमी तर होत नाही ना ?,सिंचन पद्धतीचा अति वापर केला तर जमिनीची सुपीकता कमी तर होत नाही नर,सिंचन पद्धतीचा अतिवापर केला तर जमिनीची सुपिकता कमी तर होत नाही ना,सिंचन पद्धतीचा अति वापर केला तर जमिनीची सुपीकता कमी तर होत नाही नर,4.62,33.33,7.46,38.46,0
IISc_RESPIN_mr_D2_70999_440001_M_BANK_718367_71214080,D2,Banking,2.93,यू.पी.आय सेवेच्या वापराबाबत माहिती हवी आहे,यू.पी.आय सेवेचा वापराबाबत माहिती हवी आहे,यू पी आय सेवेच्या वापराबाबत माहिती हवी आहे,यू पी आय सेवेचा वापराबाबत माहिती हवी आहे,4.76,12.5,4.76,16.67,0
IISc_RESPIN_mr_D2_70999_440001_M_BANK_718573_71214104,D2,Banking,2.29,के.वाय.सी अद्यावत करणे म्हणजे काय ?,के.वाय.सी अद्यावत करणे म्हणजे काय ?,के वाय सी अद्यावत करणे म्हणजे काय,के वाय सी अद्यावत करणे म्हणजे काय,0.0,0.0,0.0,0.0,1
IISc_RESPIN_mr_D2_70999_440001_M_AGRI_717722_71214335,D2,Agriculture,5.35,सिंचन पद्धतीचा अतिवापर केला तर जमिनीची सुपिकता कमी तर होत नाही ना ?,सिंचन पद्धतीचा ती वापर केला तर जमिनीची सुपीकता कमी तर ना होत नाही ना,सिंचन पद्धतीचा अतिवापर केला तर जमिनीची सुपिकता कमी तर होत नाही ना,सिंचन पद्धतीचा ती वापर केला तर जमिनीची सुपीकता कमी तर ना होत नाही ना,10.77,33.33,13.43,38.46,0
IISc_RESPIN_mr_D2_70999_440001_M_AGRI_717567_71214689,D2,Agriculture,2.77,पेरूवरील अळीचा बंदोबस्त कसा करावा ?,पेरू वरी लईचा बंदोबस कसा करावा,पेरूवरील अळीचा बंदोबस्त कसा करावा,पेरू वरी लईचा बंदोबस कसा करावा,21.21,80.0,25.71,83.33,0
IISc_RESPIN_mr_D2_70999_440001_M_BANK_718370_71214964,D2,Banking,4.66,मी क्यू.आर कोड स्कॅन करुन दुकानात पैसे कसे देऊ शकतो ?,मी क्यू.आर कोड स्कॅन करून दुकानात पैसे कसे देऊ शकतो ?,मी क्यू आर कोड स्कॅन करुन दुकानात पैसे कसे देऊ शकतो,मी क्यू आर कोड स्कॅन करून दुकानात पैसे कसे देऊ शकतो,1.96,9.09,1.89,9.09,0
IISc_RESPIN_mr_D2_70999_440001_M_BANK_718596_71215215,D2,Banking,2.41,सामाजिक क्षेत्रातील योजना म्हणजे काय ?,सामाजिक क्षेत्रातील योजना म्हणजे काय ?,सामाजिक क्षेत्रातील योजना म्हणजे काय,सामाजिक क्षेत्रातील योजना म्हणजे काय,0.0,0.0,0.0,0.0,1
IISc_RESPIN_mr_D2_72424_422004_M_AGRI_713892_71216349,D2,Agriculture,5.58,फळस झाळे कलम आणि बियापासिन वाढू शकतस,फळल झाडे कलम आणि बिया पासून वाढू शकतस,फळस झाळे कलम आणि बियापासिन वाढू शकतस,फळल झाडे कलम आणि बिया पासून वाढू शकतस,11.11,57.14,11.11,57.14,0
IISc_RESPIN_mr_D2_72424_422004_M_BANK_712643_71216364,D2,Banking,6.65,भारतमा परतेक राज्यनी वरीसनं उतपननी वाढ आल्लग आल्लग शे,भारत मा परतेक राजनी वरीसन उत्पन्न वाढ अलग अल्लक शे,भारतमा परतेक राज्यनी वरीसनं उतपननी वाढ आल्लग आल्लग शे,भारत मा परतेक राजनी वरीसन उत्पन्न वाढ अलग अल्लक शे,22.64,77.78,22.64,77.78,0
IISc_RESPIN_mr_D2_72424_422004_M_AGRI_713751_71216400,D2,Agriculture,5.92,तांदूळ ना मुरमुरा वासीन रोगप्रतिकारक क्षमता सुधारस,तांदूळ ना मुरमुरा वासिन रोग प्रतिकारक क्षमता सुधार रस,तांदूळ ना मुरमुरा वासीन रोगप्रतिकारक क्षमता सुधारस,तांदूळ ना मुरमुरा वासिन रोग प्रतिकारक क्षमता सुधार रस,8.0,71.43,8.0,71.43,0
IISc_RESPIN_mr_D2_72424_422004_M_BANK_715930_71216421,D2,Banking,4.79,मजेत उद्योजकतेचा आधार नफ्यावर अवलंबून नसतो,मझेट उद्योजकतेचा आधार नफ्यावर अवलंबून नसतो,मजेत उद्योजकतेचा आधार नफ्यावर अवलंबून नसतो,मझेट उद्योजकतेचा आधार नफ्यावर अवलंबून नसतो,4.76,16.67,4.76,16.67,0
IISc_RESPIN_mr_D2_72424_422004_M_BANK_717040_71216426,D2,Banking,5.54,प्रकल्पावर आधारित उद्योग हे सहसा लहान व्यवसायाशी संबंधित असतात,प्रकर पावर आधारित उद्योग सहसा लहान व्यवसायाशी संबंधित असतात,प्रकल्पावर आधारित उद्योग हे सहसा लहान व्यवसायाशी संबंधित असतात,प्रकर पावर आधारित उद्योग सहसा लहान व्यवसायाशी संबंधित असतात,8.06,33.33,8.06,33.33,0
IISc_RESPIN_mr_D2_72424_422004_M_BANK_712873_71216522,D2,Banking,5.29,हर साल ले इंक्रिमेंट व्हस तशा पगार वाढत जास,हरसाल्ले इक्वीमेट वस तसा पगार वाढत जस,हर साल ले इंक्रिमेंट व्हस तशा पगार वाढत जास,हरसाल्ले इक्वीमेट वस तसा पगार वाढत जस,23.26,77.78,23.26,77.78,0
IISc_RESPIN_mr_D2_71025_441304_M_AGRI_717567_71216552,D2,Agriculture,4.26,पेरूवरील अळीचा बंदोबस्त कसा करावा ?,पेरोवरील अळीचा बंदोबस्त कसा करावा,पेरूवरील अळीचा बंदोबस्त कसा करावा,पेरोवरील अळीचा बंदोबस्त कसा करावा,3.03,20.0,8.57,33.33,0
IISc_RESPIN_mr_D2_71025_441304_M_AGRI_717618_71216586,D2,Agriculture,3.27,लाल मातीत कोणत्या पिकाची पेरणी करावी ?,लाल मातीत कोणत्या पिकाची पेरणी करावी ?,लाल मातीत कोणत्या पिकाची पेरणी करावी,लाल मातीत कोणत्या पिकाची पेरणी करावी,0.0,0.0,0.0,0.0,1
IISc_RESPIN_mr_D2_70970_422003_F_BANK_713090_71220748,D2,Banking,4.9,तुले स्पॉट बाजार नी काही नवीन माहिती माहीत पडेल शे का ?,तुले स्पॉट बाजार नी काही नवी माहिती माहित पडेल शेका,तुले स्पॉट बाजार नी काही नवीन माहिती माहीत पडेल शे का,तुले स्पॉट बाजार नी काही नवी माहिती माहित पडेल शेका,5.66,36.36,9.09,41.67,0
IISc_RESPIN_mr_D2_71728_422004_M_AGRI_714907_71221188,D2,Agriculture,3.74,केळीच्या झाडाच्या खोडाच्या आत केळीचे फूल असते,केळीच्या झाडाच्या खोडाच्या आत केळीचे फूल असते,केळीच्या झाडाच्या खोडाच्या आत केळीचे फूल असते,केळीच्या झाडाच्या खोडाच्या आत केळीचे फूल असते,0.0,0.0,0.0,0.0,1
IISc_RESPIN_mr_D2_71728_422004_M_BANK_718129_71221722,D2,Banking,2.68,डेबिट कार्ड कसे काम करते ?,डेबिट कार्ड कसे काम करते,डेबिट कार्ड कसे काम करते,डेबिट कार्ड कसे काम करते,0.0,0.0,7.69,16.67,1
IISc_RESPIN_mr_D2_71728_422004_M_BANK_718031_71222194,D2,Banking,4.14,कर्जाचे तीन हफ्ते थकले आहेत पुढे एकत्र भरता येतील का ?,कर्जाचे तीन हफ्ते टाकले आहे पुढे एकत्र भरता येतील का ?,कर्जाचे तीन हफ्ते थकले आहेत पुढे एकत्र भरता येतील का,कर्जाचे तीन हफ्ते टाकले आहे पुढे एकत्र भरता येतील का,5.77,20.0,5.56,18.18,0
IISc_RESPIN_mr_D2_71728_422004_M_AGRI_717415_71222196,D2,Agriculture,3.47,आल्यावर थंड हवेचा काही परिणाम होतो का ?,आल्यावर थंड हवेचा काही परिणाम होतो का ?,आल्यावर थंड हवेचा काही परिणाम होतो का,आल्यावर थंड हवेचा काही परिणाम होतो का,0.0,0.0,0.0,0.0,1
IISc_RESPIN_mr_D2_71728_422004_M_BANK_718120_71222198,D2,Banking,5.49,दर महिन्याचे दिवस कमी जास्त असल्याने व्याजाची रक्कम वेगवेगळी असेल का ?,दर महिन्याचे दिवस कमी जास्त असल्याने व्याजाची रक्कम वेगवेगळी असेल का ?,दर महिन्याचे दिवस कमी जास्त असल्याने व्याजाची रक्कम वेगवेगळी असेल का,दर महिन्याचे दिवस कमी जास्त असल्याने व्याजाची रक्कम वेगवेगळी असेल का,0.0,0.0,0.0,0.0,1
IISc_RESPIN_mr_D2_70970_422003_F_BANK_712880_71225040,D2,Banking,4.56,भारत सरकार लघु उद्योगना करता पैसासनी मदत करस,भारत सरकार लघु योग ना करता पैसा सनी मदत करस,भारत सरकार लघु उद्योगना करता पैसासनी मदत करस,भारत सरकार लघु योग ना करता पैसा सनी मदत करस,11.36,50.0,11.36,50.0,0
IISc_RESPIN_mr_D2_72455_NA_M_AGRI_716029_71227178,D2,Agriculture,4.61,मेंढ्या पाळणे हा जगातल्या सगळ्यात जुन्या व्यवसायामधलं एक काम आहे,किती मेंढ्या पाहणे हा जगातल्या सगळ्यात जुन्या व्यवसाया मधला एक काम आहे,मेंढ्या पाळणे हा जगातल्या सगळ्यात जुन्या व्यवसायामधलं एक काम आहे,किती मेंढ्या पाहणे हा जगातल्या सगळ्यात जुन्या व्यवसाया मधला एक काम आहे,12.5,40.0,12.5,40.0,0
IISc_RESPIN_mr_D2_70970_422003_F_AGRI_715243_71227456,D2,Agriculture,3.89,हायड्रोपोनिक्स पीक घेण्याची पद्धत बागायती शेतीत येते,हायड्रोपोनिक्स पीक घेण्याची पद्धत बागायती शेतीत येते,हायड्रोपोनिक्स पीक घेण्याची पद्धत बागायती शेतीत येते,हायड्रोपोनिक्स पीक घेण्याची पद्धत बागायती शेतीत येते,0.0,0.0,0.0,0.0,1
IISc_RESPIN_mr_D2_71728_422004_M_AGRI_717435_71227572,D2,Agriculture,3.64,शेतीचा माल विकण्यासाठी मी ॲप बनवू शकतो का ?,शेतीच माल विकण्यासाठी मी ॲप पालवू शकतो का ?,शेतीचा माल विकण्यासाठी मी ॲप बनवू शकतो का,शेतीच माल विकण्यासाठी मी ॲप पालवू शकतो का,9.76,25.0,9.3,22.22,0
IISc_RESPIN_mr_D2_71728_422004_M_BANK_718554_71227970,D2,Banking,3.36,माझ्या आईला ऑनलाईन पैसे कसे पाठवता येतील ?,माझ्या आईला ऑनलाईन पैसे कसे पाठवता येतील ?,माझ्या आईला ऑनलाईन पैसे कसे पाठवता येतील,माझ्या आईला ऑनलाईन पैसे कसे पाठवता येतील,0.0,0.0,0.0,0.0,1
IISc_RESPIN_mr_D2_71728_422004_M_BANK_718214_71227978,D2,Banking,2.76,गुंतवणूकीचे मुख्य कारण काय आहे ?,गुंतवणुकीची मुख्य कारण काय आहे ?,गुंतवणूकीचे मुख्य कारण काय आहे,गुंतवणुकीची मुख्य कारण काय आहे,6.67,20.0,6.25,16.67,0
IISc_RESPIN_mr_D2_70970_422003_F_AGRI_714815_71228062,D2,Agriculture,6.63,अमेरिकन फाऊलब्रूड आणि युरोपियन फाऊलब्रूड हे मधमाशांचे जिवाणूजन्य रोग आहेत,अमेरिकन पाउल फ्रूट आणि ही रुपी फार्मर हे मधमाशांचे ची भान जन ने रोग आहेत,अमेरिकन फाऊलब्रूड आणि युरोपियन फाऊलब्रूड हे मधमाशांचे जिवाणूजन्य रोग आहेत,अमेरिकन पाउल फ्रूट आणि ही रुपी फार्मर हे मधमाशांचे ची भान जन ने रोग आहेत,36.99,90.0,36.99,90.0,0
IISc_RESPIN_mr_D2_70970_422003_F_AGRI_714351_71228064,D2,Agriculture,4.25,प्रधानमंत्री कृषी सिंचन योजनानी करता पाच कागदपत्रे लागतस,प्रधानमंत्री कृषी सिंचन योजना नी करता पाच कागदपत्रे लागतस,प्रधानमंत्री कृषी सिंचन योजनानी करता पाच कागदपत्रे लागतस,प्रधानमंत्री कृषी सिंचन योजना नी करता पाच कागदपत्रे लागतस,1.79,25.0,1.79,25.0,0
IISc_RESPIN_mr_D2_71728_422004_M_BANK_717968_71228287,D2,Banking,3.78,क्रेडिट कार्डसाठी ऑनलाईन पद्धतीने अर्ज करता येईल का ?,क्रेडिट कार्डसाठी ऑनलाईन पद्धतीने अर्ज करता येईल का ?,क्रेडिट कार्डसाठी ऑनलाईन पद्धतीने अर्ज करता येईल का,क्रेडिट कार्डसाठी ऑनलाईन पद्धतीने अर्ज करता येईल का,0.0,0.0,0.0,0.0,1
IISc_RESPIN_mr_D2_72424_422004_M_BANK_713056_71228648,D2,Banking,6.48,नवजात उद्योजकतावाला तीन महिना पगार देऊ शकतस नयी,नवजात उद्योजकता वाला तीन महिना पगार देऊ सकतस नही,नवजात उद्योजकतावाला तीन महिना पगार देऊ शकतस नयी,नवजात उद्योजकता वाला तीन महिना पगार देऊ सकतस नही,6.38,50.0,6.38,50.0,0
IISc_RESPIN_mr_D2_70970_422003_F_BANK_712873_71228748,D2,Banking,3.9,हर साल ले इंक्रिमेंट व्हस तशा पगार वाढत जास,अळसाले क्रीमेंट वस कशा पगार वाढतस,हर साल ले इंक्रिमेंट व्हस तशा पगार वाढत जास,अळसाले क्रीमेंट वस कशा पगार वाढतस,32.56,88.89,32.56,88.89,0
IISc_RESPIN_mr_D2_70970_422003_F_BANK_713132_71228752,D2,Banking,3.77,राम ना निव्वळ नफामा मार्जिन भलतच कमी व्हतं,राम नी वरना पाम मार्जिन भलतच कमी व्हत,राम ना निव्वळ नफामा मार्जिन भलतच कमी व्हतं,राम नी वरना पाम मार्जिन भलतच कमी व्हत,23.81,50.0,23.81,50.0,0
IISc_RESPIN_mr_D2_70970_422003_F_AGRI_724731_71228988,D2,Agriculture,7.44,दोन हजार तीन या सालमा गोडा पानीमधला झिंगानं आख्खा जगमधलं वरीसनं उत्पन्न दोन लाख ऐंशी हजार टन एवढं व्हतं,दोन गार्ती या साल मा गोड पाणी मधला जून ला खा जग मध वरीस उत्पन्न दोन ला का शे जर तन वड होतं,दोन हजार तीन या सालमा गोडा पानीमधला झिंगानं आख्खा जगमधलं वरीसनं उत्पन्न दोन लाख ऐंशी हजार टन एवढं व्हतं,दोन गार्ती या साल मा गोड पाणी मधला जून ला खा जग मध वरीस उत्पन्न दोन ला का शे जर तन वड होतं,34.95,105.26,34.95,105.26,0
IISc_RESPIN_mr_D2_70970_422003_F_AGRI_717618_71229068,D2,Agriculture,2.52,लाल मातीत कोणत्या पिकाची पेरणी करावी ?,लाल मातीत कोणत्या पिकाची पेरणी करावी ?,लाल मातीत कोणत्या पिकाची पेरणी करावी,लाल मातीत कोणत्या पिकाची पेरणी करावी,0.0,0.0,0.0,0.0,1
IISc_RESPIN_mr_D2_70970_422003_F_BANK_718596_71229076,D2,Banking,2.53,सामाजिक क्षेत्रातील योजना म्हणजे काय ?,सामाजिक क्षेत्रातील योजना म्हणजे काय ?,सामाजिक क्षेत्रातील योजना म्हणजे काय,सामाजिक क्षेत्रातील योजना म्हणजे काय,0.0,0.0,0.0,0.0,1
IISc_RESPIN_mr_D2_70970_422003_F_BANK_718056_71229097,D2,Banking,3.69,विमा हफ्ता भरताना झालेली नुकसान भरपाई कशी मिळवता येईल ?,विमा हफ्ता भरताना झालेली नुकसान भरपाई कशी मिळवता येईल,विमा हफ्ता भरताना झालेली नुकसान भरपाई कशी मिळवता येईल,विमा हफ्ता भरताना झालेली नुकसान भरपाई कशी मिळवता येईल,0.0,0.0,3.64,10.0,1
IISc_RESPIN_mr_D2_70970_422003_F_BANK_718478_71229293,D2,Banking,3.67,आर.टी.जी.एस म्हणजे काय ? त्याद्वारे कसे पेमेंट करु शकतो ?,आर.टी.जी.एस म्हणजे का त्याद्वारे कसे पेमेंट करू शकतो ?,आर टी जी एस म्हणजे काय त्याद्वारे कसे पेमेंट करु शकतो,आर टी जी एस म्हणजे का त्याद्वारे कसे पेमेंट करू शकतो,3.77,18.18,7.02,30.0,0
IISc_RESPIN_mr_D2_70970_422003_F_BANK_718606_71229308,D2,Banking,3.03,यू.पी.आय वर मिळालेले पैसे कसे तपासू ?,यू.पी.आय वर मिळालेले पैसे कसे तपासू ?,यू पी आय वर मिळालेले पैसे कसे तपासू,यू पी आय वर मिळालेले पैसे कसे तपासू,0.0,0.0,0.0,0.0,1
IISc_RESPIN_mr_D2_70970_422003_F_BANK_718357_71229310,D2,Banking,3.23,विम्याचा हफ्ता सहामाही असतो कि मासिक असतो ?,विम्याचा हप्ता सामा अस तो की मासिक असतो,विम्याचा हफ्ता सहामाही असतो कि मासिक असतो,विम्याचा हप्ता सामा अस तो की मासिक असतो,14.63,71.43,18.6,75.0,0
IISc_RESPIN_mr_D2_70970_422003_F_BANK_718343_71229396,D2,Banking,3.55,डेबिट कार्डचा उपयोग कसा केला जातो ? याची माहिती हवी आहे,डेबिट कार्डचा उपयोग कसा केला जात याची माहिती हवी आहे,डेबिट कार्डचा उपयोग कसा केला जातो याची माहिती हवी आहे,डेबिट कार्डचा उपयोग कसा केला जात याची माहिती हवी आहे,1.89,10.0,5.45,18.18,0
IISc_RESPIN_mr_D2_70970_422003_F_BANK_718149_71229413,D2,Banking,3.33,हेल्थ इन्शुरन्स म्हणजे काय ? तो घेण्याचे लाभ कोणते ?,एसटी शुर्स म्हणजे काय तो घेण्याचे लाभ कोणते ?,हेल्थ इन्शुरन्स म्हणजे काय तो घेण्याचे लाभ कोणते,एसटी शुर्स म्हणजे काय तो घेण्याचे लाभ कोणते,18.75,25.0,21.15,30.0,0
IISc_RESPIN_mr_D2_70970_422003_F_BANK_718536_71229492,D2,Banking,2.98,सोने तारण न ठेवता मला कर्ज मिळू शकते का ?,सोने तारण ना ठेवा मला कर्ज मिळू शकते का ?,सोने तारण न ठेवता मला कर्ज मिळू शकते का,सोने तारण ना ठेवा मला कर्ज मिळू शकते का,5.13,22.22,4.88,20.0,0
IISc_RESPIN_mr_D2_70970_422003_F_BANK_718013_71229495,D2,Banking,3.93,माझे बँक खाते दुसऱ्या बँक खात्यात स्थलांतरीत करता येईल का ?,माझे बँक खाते दुस⁇्या बँक खात्यास तांतरित करता येईल का ?,माझे बँक खाते दुसऱ्या बँक खात्यात स्थलांतरीत करता येईल का,माझे बँक खाते दुस⁇्या बँक खात्यास तांतरित करता येईल का,12.28,30.0,11.86,27.27,0
IISc_RESPIN_mr_D2_72424_422004_M_AGRI_717429_71229959,D2,Agriculture,4.9,हिरव्या मिरचीची तोडणी झाल्यानंतर किती कालावधीत आपण वाळवू शकतो ?,हिरवी मिरचीची तोडणी झाल्यानंतर किती कालावधीत आपण वाढवू शकतो ?,हिरव्या मिरचीची तोडणी झाल्यानंतर किती कालावधीत आपण वाळवू शकतो,हिरवी मिरचीची तोडणी झाल्यानंतर किती कालावधीत आपण वाढवू शकतो,6.56,22.22,6.35,20.0,0
IISc_RESPIN_mr_D2_72424_422004_M_BANK_718056_71230009,D2,Banking,4.03,विमा हफ्ता भरताना झालेली नुकसान भरपाई कशी मिळवता येईल ?,विमा हफ्ता भरताना झालेली नुकसान भरपाई कशी मिळवता येईल ?,विमा हफ्ता भरताना झालेली नुकसान भरपाई कशी मिळवता येईल,विमा हफ्ता भरताना झालेली नुकसान भरपाई कशी मिळवता येईल,0.0,0.0,0.0,0.0,1
IISc_RESPIN_mr_D2_72424_422004_M_BANK_717979_71230015,D2,Banking,2.65,माझे वीजबिल मला कसे भरता येईल ?,माझे वीज बिल मला कसे भरता येईल ?,माझे वीजबिल मला कसे भरता येईल,माझे वीज बिल मला कसे भरता येईल,3.45,33.33,3.23,28.57,0
IISc_RESPIN_mr_D2_72424_422004_M_AGRI_717618_71230017,D2,Agriculture,3.01,लाल मातीत कोणत्या पिकाची पेरणी करावी ?,लाल मातीत कोणत्या पिकाची पेरणी करावी ?,लाल मातीत कोणत्या पिकाची पेरणी करावी,लाल मातीत कोणत्या पिकाची पेरणी करावी,0.0,0.0,0.0,0.0,1
IISc_RESPIN_mr_D2_72424_422004_M_BANK_717954_71230042,D2,Banking,2.95,कर्जफेडीच्या शेवटच्या हफ्त्याची तारीख सांगा,कर्ज फेडी च्या शेवटच्या हप्त्याची तारीख सांगा,कर्जफेडीच्या शेवटच्या हफ्त्याची तारीख सांगा,कर्ज फेडी च्या शेवटच्या हप्त्याची तारीख सांगा,6.98,80.0,6.98,80.0,0
IISc_RESPIN_mr_D2_71732_422008_M_BANK_715681_71232037,D2,Banking,3.34,त्यामधून सगळ्यात मुख्य वित्तीय लेखा मानक बोर्ड आहे,त्याम्हणून सगळ्यात मुख्य वित्तीय लेखा मानक बोर्ड आहे,त्यामधून सगळ्यात मुख्य वित्तीय लेखा मानक बोर्ड आहे,त्याम्हणून सगळ्यात मुख्य वित्तीय लेखा मानक बोर्ड आहे,6.0,12.5,6.0,12.5,0
IISc_RESPIN_mr_D2_71732_422008_M_AGRI_712772_71232276,D2,Agriculture,3.89,क्रेप चमेलीना फूलसकन माला आणि जयमाला बनाडतस,क्रेट चमेली फुल कन मला आणि जय मला बनाडतस,क्रेप चमेलीना फूलसकन माला आणि जयमाला बनाडतस,क्रेट चमेली फुल कन मला आणि जय मला बनाडतस,18.6,100.0,18.6,100.0,0
IISc_RESPIN_mr_D2_71732_422008_M_BANK_714760_71232476,D2,Banking,4.02,नफा झाया का तोटा हाई आर्थिक विवरण पत्रकमा समजस,नफा जा या का तोटा हाय आर्थिक वर पत्र मा समजस,नफा झाया का तोटा हाई आर्थिक विवरण पत्रकमा समजस,नफा जा या का तोटा हाय आर्थिक वर पत्र मा समजस,15.22,66.67,15.22,66.67,0
IISc_RESPIN_mr_D2_71732_422008_M_BANK_714510_71232502,D2,Banking,6.72,सरकार पायाभूत ठिकाणे विकास करानी करता करना वर उपकरबी लावस,सरकार पाया बोट ठिकाने विकास करानी करता करना वर उपकर बी लावस,सरकार पायाभूत ठिकाणे विकास करानी करता करना वर उपकरबी लावस,सरकार पाया बोट ठिकाने विकास करानी करता करना वर उपकर बी लावस,10.53,50.0,10.53,50.0,0
IISc_RESPIN_mr_D2_71732_422008_M_AGRI_716840_71232506,D2,Agriculture,3.47,बंगाल हरभरा मानवी अन्नासाठी तसेच प्राण्यांसाठी वापरला जातो,मंग हरभरा मानवी यांना साठी तसेच प्रांसाठी वापरला जातो,बंगाल हरभरा मानवी अन्नासाठी तसेच प्राण्यांसाठी वापरला जातो,मंग हरभरा मानवी यांना साठी तसेच प्रांसाठी वापरला जातो,18.97,50.0,18.97,50.0,0
IISc_RESPIN_mr_D2_71732_422008_M_AGRI_714815_71232523,D2,Agriculture,7.27,अमेरिकन फाऊलब्रूड आणि युरोपियन फाऊलब्रूड हे मधमाशांचे जिवाणूजन्य रोग आहेत,अमेरिकन पाऊल ब्रोड आणि युरोपियन फाउंड रोड हे मधमाशांचे जीवाणू जाण्य रोग आहेत,अमेरिकन फाऊलब्रूड आणि युरोपियन फाऊलब्रूड हे मधमाशांचे जिवाणूजन्य रोग आहेत,अमेरिकन पाऊल ब्रोड आणि युरोपियन फाउंड रोड हे मधमाशांचे जीवाणू जाण्य रोग आहेत,16.44,60.0,16.44,60.0,0
IISc_RESPIN_mr_D2_72424_422004_M_BANK_718568_71232725,D2,Banking,4.83,कर्ज परतफेडी बाबत मला ऑनलाईन व ऑफलाईन माहिती पाहिजे आहे,कर्ज परतफेड बाबत मला ऑनलाइन आपले माहिती पाहिजे आहे,कर्ज परतफेडी बाबत मला ऑनलाईन व ऑफलाईन माहिती पाहिजे आहे,कर्ज परतफेड बाबत मला ऑनलाइन आपले माहिती पाहिजे आहे,16.36,40.0,16.36,40.0,0
IISc_RESPIN_mr_D2_72424_422004_M_BANK_718390_71232727,D2,Banking,3.33,सामाजिक मदत मिळविण्यासाठी मला माहिती हवी आहे,सामाजिक मदत मिळवण्यासाठी मला माहिती हवी आहे,सामाजिक मदत मिळविण्यासाठी मला माहिती हवी आहे,सामाजिक मदत मिळवण्यासाठी मला माहिती हवी आहे,2.27,14.29,2.27,14.29,0
IISc_RESPIN_mr_D2_72424_422004_M_AGRI_717361_71233200,D2,Agriculture,3.25,तूरीची लागवड जानेवारी महिन्यात करता येईल का ?,तुरीची लागवड जानेवरी महिन्यात करता येईल का ?,तूरीची लागवड जानेवारी महिन्यात करता येईल का,तुरीची लागवड जानेवरी महिन्यात करता येईल का,4.65,28.57,4.44,25.0,0
IISc_RESPIN_mr_D2_72440_422004_M_BANK_713596_71234408,D2,Banking,9.01,"सामान्यत बचत खाता ना प्रकारमा आपली नियमित जमा , मुद्रा आन सबसीडी हाई ह्रास",सामान्यत बचत खाताना प्रकार मा आपली नियमित जमा मुद्रा आन सबसिडी हाय हास,सामान्यत बचत खाता ना प्रकारमा आपली नियमित जमा मुद्रा आन सबसीडी हाई ह्रास,सामान्यत बचत खाताना प्रकार मा आपली नियमित जमा मुद्रा आन सबसिडी हाय हास,8.33,46.15,10.81,50.0,0
IISc_RESPIN_mr_D2_72455_NA_M_AGRI_715842_71234681,D2,Agriculture,4.73,बल्क टँक स्टील चा बनलेला असतो,बल बँक स्टील चा बनलेला असतो,बल्क टँक स्टील चा बनलेला असतो,बल बँक स्टील चा बनलेला असतो,10.34,33.33,10.34,33.33,0
IISc_RESPIN_mr_D2_72455_NA_M_AGRI_724731_71234710,D2,Agriculture,8.23,दोन हजार तीन या सालमा गोडा पानीमधला झिंगानं आख्खा जगमधलं वरीसनं उत्पन्न दोन लाख ऐंशी हजार टन एवढं व्हतं,दोन हजार ती न्या साल मा गोळा पाणी मधला झिंगा अख्या जगा मधला वरीसन उत्पन्न दोन लाख ऐंशी हजार टन निवड होता,दोन हजार तीन या सालमा गोडा पानीमधला झिंगानं आख्खा जगमधलं वरीसनं उत्पन्न दोन लाख ऐंशी हजार टन एवढं व्हतं,दोन हजार ती न्या साल मा गोळा पाणी मधला झिंगा अख्या जगा मधला वरीसन उत्पन्न दोन लाख ऐंशी हजार टन निवड होता,21.36,73.68,21.36,73.68,0
IISc_RESPIN_mr_D2_71732_422008_M_AGRI_717290_71235512,D2,Agriculture,5.15,"ड्रॅगनफ्रूटची लागवड केली आहे , त्याला ठिबक सिंचनने पाणी देऊ शकतो का ?",ड्रॅगन प्रची लागवड केली आहे त्याला ठिबक सिंचन नी पाणी देऊ शकतो का ?,ड्रॅगनफ्रूटची लागवड केली आहे त्याला ठिबक सिंचनने पाणी देऊ शकतो का,ड्रॅगन प्रची लागवड केली आहे त्याला ठिबक सिंचन नी पाणी देऊ शकतो का,9.23,36.36,11.59,38.46,0
IISc_RESPIN_mr_D2_71732_422008_M_BANK_718214_71235559,D2,Banking,2.47,गुंतवणूकीचे मुख्य कारण काय आहे ?,गुंतवणुकीचे मुख्य कारण काय आहे ?,गुंतवणूकीचे मुख्य कारण काय आहे,गुंतवणुकीचे मुख्य कारण काय आहे,3.33,20.0,3.12,16.67,0
IISc_RESPIN_mr_D2_72440_422004_M_BANK_714447_71235618,D2,Banking,7.69,युध्दना कायमा बराच लोकेस्नी शेअर बजारमा पैसा गुताडात म्हणे,युद्ध ना काय मा बराच लोकेस्नी शेअर बजार मा पैसा गुताडात म्हणी,युध्दना कायमा बराच लोकेस्नी शेअर बजारमा पैसा गुताडात म्हणे,युद्ध ना काय मा बराच लोकेस्नी शेअर बजार मा पैसा गुताडात म्हणी,10.34,77.78,10.34,77.78,0
IISc_RESPIN_mr_D2_72440_422004_M_BANK_716002_71235649,D2,Banking,7.68,"मी ओपन एंडेड म्युचल फंड मध्ये गुंतवणूक केली होती , त्यामधून मी कधीही बाहेर पडू शकते",मी वा पण एक डेट म्युच्युअल फंड मध्ये गुंतवणूक केली होती त्या मधून मी कधी ही बाहेर पडू शकते,मी ओपन एंडेड म्युचल फंड मध्ये गुंतवणूक केली होती त्यामधून मी कधीही बाहेर पडू शकते,मी वा पण एक डेट म्युच्युअल फंड मध्ये गुंतवणूक केली होती त्या मधून मी कधी ही बाहेर पडू शकते,16.05,60.0,18.07,56.25,0
IISc_RESPIN_mr_D2_71732_422008_M_BANK_718316_71235724,D2,Banking,2.83,बँकेतून रक्कम काढायला कुठली स्लीप लागते ?,बँकेतून रक्कम काढायचा कुठली स्लिप लागते,बँकेतून रक्कम काढायला कुठली स्लीप लागते,बँकेतून रक्कम काढायचा कुठली स्लिप लागते,5.13,33.33,9.76,42.86,0
IISc_RESPIN_mr_D2_71732_422008_M_BANK_718129_71235737,D2,Banking,2.0,डेबिट कार्ड कसे काम करते ?,डेबिट कार्ड कसे काम करते ?,डेबिट कार्ड कसे काम करते,डेबिट कार्ड कसे काम करते,0.0,0.0,0.0,0.0,1
IISc_RESPIN_mr_D2_71732_422008_M_BANK_718048_71235745,D2,Banking,4.41,माझ्या डिपॉझिटची मॅच्युरिटी रक्कम आपोआप माझ्या खात्यावर जमा होईल का ?,माझा डी पो जितकी नाच्यु विटी रक्कम आपोआप माझ्या खात्यावर जमा होईल का ?,माझ्या डिपॉझिटची मॅच्युरिटी रक्कम आपोआप माझ्या खात्यावर जमा होईल का,माझा डी पो जितकी नाच्यु विटी रक्कम आपोआप माझ्या खात्यावर जमा होईल का,19.4,60.0,18.84,54.55,0
IISc_RESPIN_mr_D2_72455_NA_M_BANK_714341_71238753,D2,Banking,5.35,पी.पी.एफ मझार जमा करेल पैसा हायातीमा काढता येतसका नैत ?,पी.पी.एफ मझार जमा करेल पैसा हया ती मा काढता येत सका नैत?,पी पी एफ मझार जमा करेल पैसा हायातीमा काढता येतसका नैत,पी पी एफ मझार जमा करेल पैसा हया ती मा काढता येत सका नैत,7.55,45.45,9.09,60.0,0
IISc_RESPIN_mr_D2_72455_NA_M_AGRI_714815_71238765,D2,Agriculture,6.39,अमेरिकन फाऊलब्रूड आणि युरोपियन फाऊलब्रूड हे मधमाशांचे जिवाणूजन्य रोग आहेत,अमेरिकन फाउंड ब्रूड आणि युरोपियन फार्स ब्रोड हे मधमाशांचे जिवाणू जन् रोग आहेत,अमेरिकन फाऊलब्रूड आणि युरोपियन फाऊलब्रूड हे मधमाशांचे जिवाणूजन्य रोग आहेत,अमेरिकन फाउंड ब्रूड आणि युरोपियन फार्स ब्रोड हे मधमाशांचे जिवाणू जन् रोग आहेत,15.07,60.0,15.07,60.0,0
IISc_RESPIN_mr_D2_72455_NA_M_AGRI_715089_71238789,D2,Agriculture,6.15,"भारत सुद्धा ज्यूटचे उत्पादन करतो , ट्यापकोन इंटरनॅशनल कंपनी भारतात ज्यूटचे उत्पादन करते",भारत सुद्धा जिचे उत्पादन करतो टॅप कोन इंटरनॅशनल कंपनी भारतात जूटचे उत्पादन करते,भारत सुद्धा ज्यूटचे उत्पादन करतो ट्यापकोन इंटरनॅशनल कंपनी भारतात ज्यूटचे उत्पादन करते,भारत सुद्धा जिचे उत्पादन करतो टॅप कोन इंटरनॅशनल कंपनी भारतात जूटचे उत्पादन करते,11.76,33.33,13.79,30.77,0
IISc_RESPIN_mr_D2_72455_NA_M_BANK_715375_71239454,D2,Banking,4.83,एफ.डी अंतर्गत व्याज आणि चक्रवाढ व्याजाची तुलना गरजेची आहे,एफ.डी अंतर्गत याद आने च्या प्रवाढ व्याजाची तुलना गरजेची आहे,एफ डी अंतर्गत व्याज आणि चक्रवाढ व्याजाची तुलना गरजेची आहे,एफ डी अंतर्गत याद आने च्या प्रवाढ व्याजाची तुलना गरजेची आहे,17.54,40.0,17.54,44.44,0
IISc_RESPIN_mr_D2_72440_422004_M_AGRI_713902_71242391,D2,Agriculture,4.13,एकल पोषक खतना दर्जा चांगला शे,एकल पोषक खता ना दर्जा चांगला शे,एकल पोषक खतना दर्जा चांगला शे,एकल पोषक खता ना दर्जा चांगला शे,6.9,33.33,6.9,33.33,0
IISc_RESPIN_mr_D2_72440_422004_M_AGRI_713887_71242414,D2,Agriculture,6.43,राजू घरगुती ग्रीनहाऊसमा चांगला काच वापरतस समजना का,राजू घरगुती करीनाऊस मा चांगला कात वापरतस समज ना का,राजू घरगुती ग्रीनहाऊसमा चांगला काच वापरतस समजना का,राजू घरगुती करीनाऊस मा चांगला कात वापरतस समज ना का,12.0,62.5,12.0,62.5,0
IISc_RESPIN_mr_D2_72440_422004_M_BANK_715768_71242651,D2,Banking,3.19,पूर्ण प्रबळ निधी राज्याची संपत्ती असते,पूर्ण प्रबळ निधी राज्याची संपत्ती असते,पूर्ण प्रबळ निधी राज्याची संपत्ती असते,पूर्ण प्रबळ निधी राज्याची संपत्ती असते,0.0,0.0,0.0,0.0,1
IISc_RESPIN_mr_D2_72440_422004_M_BANK_716564_71243593,D2,Banking,4.13,सर्व हॉटेल्सना डिजिटल मनी घेण्याची सोय सुरु केली आहे,सर्व अटल ना डिजिटल मनी घेण्याची सह सुरू केली आहे,सर्व हॉटेल्सना डिजिटल मनी घेण्याची सोय सुरु केली आहे,सर्व अटल ना डिजिटल मनी घेण्याची सह सुरू केली आहे,15.38,44.44,15.38,44.44,0
IISc_RESPIN_mr_D2_72440_422004_M_AGRI_716198_71243639,D2,Agriculture,6.93,"शेतीसाठी सगळ्यात चांगल्या उपकरणांचा उपयोग करण्याचा सल्ला म्हणजे , नवीन पद्धतींचा विकास करणे",शेतीसाठी सगळ्यात चांगल्या उपकरणाचा उपयोग करण्याचा सल्ला म्हणजे नवीन पद्धतीचा विकास करणे,शेतीसाठी सगळ्यात चांगल्या उपकरणांचा उपयोग करण्याचा सल्ला म्हणजे नवीन पद्धतींचा विकास करणे,शेतीसाठी सगळ्यात चांगल्या उपकरणाचा उपयोग करण्याचा सल्ला म्हणजे नवीन पद्धतीचा विकास करणे,2.25,16.67,4.4,23.08,0
IISc_RESPIN_mr_D2_72440_422004_M_AGRI_717614_71243708,D2,Agriculture,2.12,तांदळासाठी कसे हवामान पाहिजे ?,तांदळासाठी कसे हार पायजे ?,तांदळासाठी कसे हवामान पाहिजे,तांदळासाठी कसे हार पायजे,21.43,50.0,20.0,40.0,0
IISc_RESPIN_mr_D2_72440_422004_M_AGRI_717429_71243739,D2,Agriculture,4.89,हिरव्या मिरचीची तोडणी झाल्यानंतर किती कालावधीत आपण वाळवू शकतो ?,हिरवी मिरची तोडणी झाल्यानंतर किती कालावधीत आपण वाढवू शकतो ?,हिरव्या मिरचीची तोडणी झाल्यानंतर किती कालावधीत आपण वाळवू शकतो,हिरवी मिरची तोडणी झाल्यानंतर किती कालावधीत आपण वाढवू शकतो,9.84,33.33,9.52,30.0,0
IISc_RESPIN_mr_D2_72440_422004_M_BANK_718056_71243812,D2,Banking,3.8,विमा हफ्ता भरताना झालेली नुकसान भरपाई कशी मिळवता येईल ?,विमा हप्ता भरताना झालेले नुकसान भरपाई कशी मिळवता येईल ?,विमा हफ्ता भरताना झालेली नुकसान भरपाई कशी मिळवता येईल,विमा हप्ता भरताना झालेले नुकसान भरपाई कशी मिळवता येईल,3.77,22.22,3.64,20.0,0
IISc_RESPIN_mr_D2_72455_NA_M_AGRI_717191_71243918,D2,Agriculture,5.05,सेंद्रिय शेतीमुळे औषधी वनस्पती आणि सुगंधी वनस्पती आणि मसाले तयार होतात,सेंद्रिय शेतीमुळे औषधी वनस्पती आणि सुगंधी वनस्पती आणि मसाले तयार होतात,सेंद्रिय शेतीमुळे औषधी वनस्पती आणि सुगंधी वनस्पती आणि मसाले तयार होतात,सेंद्रिय शेतीमुळे औषधी वनस्पती आणि सुगंधी वनस्पती आणि मसाले तयार होतात,0.0,0.0,0.0,0.0,1
IISc_RESPIN_mr_D2_72455_NA_M_BANK_714510_71243940,D2,Banking,6.3,सरकार पायाभूत ठिकाणे विकास करानी करता करना वर उपकरबी लावस,सरकार पायाभूत ठिकाने विकास करानी करता करना वर उप कर बी लावस,सरकार पायाभूत ठिकाणे विकास करानी करता करना वर उपकरबी लावस,सरकार पायाभूत ठिकाने विकास करानी करता करना वर उप कर बी लावस,5.26,40.0,5.26,40.0,0
IISc_RESPIN_mr_D2_72799_422004_M_BANK_715870_71244977,D2,Banking,5.19,भविष्य निर्वाह निधी ला पेन्शन निधीच्या नावाने ओळखलं जातं,भविष्य निर्वाह निधीला पेन्शन निधी च्या नावाने ओळखला जाता,भविष्य निर्वाह निधी ला पेन्शन निधीच्या नावाने ओळखलं जातं,भविष्य निर्वाह निधीला पेन्शन निधी च्या नावाने ओळखला जाता,7.14,66.67,7.14,66.67,0
IISc_RESPIN_mr_D2_72469_422012_M_BANK_716557_71246397,D2,Banking,6.93,पी.एन.बी भारतातील दुसरी सर्वात मोठी सार्वजनिक क्षेत्रातील व्यावसायिक बँक आहे,पी.एन.बी भारतातील दुसरी सर्वात मोठी सार्वजनिक क्षेत्रातील व्यावसायिक बँक आहे,पी एन बी भारतातील दुसरी सर्वात मोठी सार्वजनिक क्षेत्रातील व्यावसायिक बँक आहे,पी एन बी भारतातील दुसरी सर्वात मोठी सार्वजनिक क्षेत्रातील व्यावसायिक बँक आहे,0.0,0.0,0.0,0.0,1
IISc_RESPIN_mr_D2_72469_422012_M_AGRI_716975_71246398,D2,Agriculture,5.22,शेतकरी शेतातील पीक बाजारातच विकण्यास प्राधान्य देतात,शेतकरी शेतातील पीक बाजारातच विकण्यास प्राधान्य देतात,शेतकरी शेतातील पीक बाजारातच विकण्यास प्राधान्य देतात,शेतकरी शेतातील पीक बाजारातच विकण्यास प्राधान्य देतात,0.0,0.0,0.0,0.0,1
IISc_RESPIN_mr_D2_72469_422012_M_BANK_714447_71246430,D2,Banking,6.33,युध्दना कायमा बराच लोकेस्नी शेअर बजारमा पैसा गुताडात म्हणे,युक्त ना काय मा बराच लोकेस्नी शेअर बाजार मा पैसा गुताडात म्हने,युध्दना कायमा बराच लोकेस्नी शेअर बजारमा पैसा गुताडात म्हणे,युक्त ना काय मा बराच लोकेस्नी शेअर बाजार मा पैसा गुताडात म्हने,12.07,77.78,12.07,77.78,0
IISc_RESPIN_mr_D2_72789_422004_F_AGRI_716198_71246491,D2,Agriculture,6.7,"शेतीसाठी सगळ्यात चांगल्या उपकरणांचा उपयोग करण्याचा सल्ला म्हणजे , नवीन पद्धतींचा विकास करणे",शेतीसाठी सगळ्यात चांगल्या उपकरणांचा उपयोग करण्याचा सल्ला म्हणजे नवीन पद्धतीचा विकास करणे,शेतीसाठी सगळ्यात चांगल्या उपकरणांचा उपयोग करण्याचा सल्ला म्हणजे नवीन पद्धतींचा विकास करणे,शेतीसाठी सगळ्यात चांगल्या उपकरणांचा उपयोग करण्याचा सल्ला म्हणजे नवीन पद्धतीचा विकास करणे,1.12,8.33,3.3,15.38,0
IISc_RESPIN_mr_D2_72789_422004_F_AGRI_712726_71246501,D2,Agriculture,5.11,आलू बुखारनी शेती भारत ना डोंगराय भाग मान करतस,आलू पुरनी शेती भारत ना डोंगराळ भाग मान करतस,आलू बुखारनी शेती भारत ना डोंगराय भाग मान करतस,आलू पुरनी शेती भारत ना डोंगराळ भाग मान करतस,8.89,22.22,8.89,22.22,0
IISc_RESPIN_mr_D2_72789_422004_F_AGRI_716262_71246513,D2,Agriculture,3.42,सूर्याच्या प्रकाशात कोकोची शेती करू नये,सुर्याच्या प्रकाशात कोकोची शेती करून नयी,सूर्याच्या प्रकाशात कोकोची शेती करू नये,सुर्याच्या प्रकाशात कोकोची शेती करून नयी,7.69,50.0,7.69,50.0,0
IISc_RESPIN_mr_D2_72469_422012_M_BANK_717059_71247366,D2,Banking,5.36,विद्यार्थी ऑन कॅम्पस रूमसाठी सवलतीचे कर्ज घेऊ शकतात,विद्यार्थी अन एम पसरूं साठी सवलतीचे कर्ज घेऊ शकतात,विद्यार्थी ऑन कॅम्पस रूमसाठी सवलतीचे कर्ज घेऊ शकतात,विद्यार्थी अन एम पसरूं साठी सवलतीचे कर्ज घेऊ शकतात,13.73,50.0,13.73,50.0,0
IISc_RESPIN_mr_D2_72469_422012_M_AGRI_713081_71247384,D2,Agriculture,4.36,पानी ना स्त्रोत पुरवठाना करता उपेग पडतस,पाणी ना स्त्रोत पुरवठा ना करता उपेग पडतस,पानी ना स्त्रोत पुरवठाना करता उपेग पडतस,पाणी ना स्त्रोत पुरवठा ना करता उपेग पडतस,5.13,42.86,5.13,42.86,0
IISc_RESPIN_mr_D2_72469_422012_M_AGRI_715804_71247998,D2,Agriculture,4.45,प्राचीन भारताचे लोक पण कापसाची शेती करत होते,प्राचीन भारताचे लोक पण कापसाची शेती करत होते,प्राचीन भारताचे लोक पण कापसाची शेती करत होते,प्राचीन भारताचे लोक पण कापसाची शेती करत होते,0.0,0.0,0.0,0.0,1
IISc_RESPIN_mr_D2_72469_422012_M_AGRI_715070_71248014,D2,Agriculture,4.04,बांगलादेश हा जगातील सर्वात मोठा ताग उत्पादक देश आहे,वांगला देशा जगातील सर्वात मोठ ता उत्पादक देश आहे,बांगलादेश हा जगातील सर्वात मोठा ताग उत्पादक देश आहे,वांगला देशा जगातील सर्वात मोठ ता उत्पादक देश आहे,11.76,44.44,11.76,44.44,0
IISc_RESPIN_mr_D2_72808_422012_M_AGRI_713265_71248791,D2,Agriculture,5.94,"ढोरक्या जंगल , मैदान आनी वावरेसमा दिनभर ढोरे चारत फिरतस",दर के जंगल मैदान आणि वावरसमा दिन बटर चार फेरतस,ढोरक्या जंगल मैदान आनी वावरेसमा दिनभर ढोरे चारत फिरतस,दर के जंगल मैदान आणि वावरसमा दिन बटर चार फेरतस,30.19,88.89,32.73,90.0,0
IISc_RESPIN_mr_D2_72469_422012_M_AGRI_714300_71248949,D2,Agriculture,4.45,ऊस कारखानामझार ऊसपासून गूय बनाडतंस,ऊस कारखाना मझार ऊस पासून होय बनाडतस,ऊस कारखानामझार ऊसपासून गूय बनाडतंस,ऊस कारखाना मझार ऊस पासून होय बनाडतस,14.71,120.0,14.71,120.0,0
IISc_RESPIN_mr_D2_72469_422012_M_AGRI_716198_71248954,D2,Agriculture,6.86,"शेतीसाठी सगळ्यात चांगल्या उपकरणांचा उपयोग करण्याचा सल्ला म्हणजे , नवीन पद्धतींचा विकास करणे",शेतीसाठी सगळ्यात चांगल्या उपकरणांचा उपयोग करण्याचा सल्ला म्हणजे नवीन पद्धतींचा विकास करणे,शेतीसाठी सगळ्यात चांगल्या उपकरणांचा उपयोग करण्याचा सल्ला म्हणजे नवीन पद्धतींचा विकास करणे,शेतीसाठी सगळ्यात चांगल्या उपकरणांचा उपयोग करण्याचा सल्ला म्हणजे नवीन पद्धतींचा विकास करणे,0.0,0.0,2.2,7.69,1
IISc_RESPIN_mr_D2_72469_422012_M_BANK_716685_71248978,D2,Banking,5.8,बँक चोऱ्यांना आळा घालण्यासाठी राजकीय पोलिसांना सज्ज राहावे लागते,बँक चोर्यांना आळा घालण्यासाठी राजकीय पोलिसांना सद्य राहावे लागते,बँक चोऱ्यांना आळा घालण्यासाठी राजकीय पोलिसांना सज्ज राहावे लागते,बँक चोर्यांना आळा घालण्यासाठी राजकीय पोलिसांना सद्य राहावे लागते,4.69,22.22,4.69,22.22,0
IISc_RESPIN_mr_D2_72789_422004_F_AGRI_715928_71249582,D2,Agriculture,4.08,मगरींना पाळण्यासाठी त्यांना दलदलीच्या ठिकाणी ठेवलं जातं,मगरींना पाळण्यासाठी त्यांना दलगलीच्या ठिकाणी ठेवलं जातं,मगरींना पाळण्यासाठी त्यांना दलदलीच्या ठिकाणी ठेवलं जातं,मगरींना पाळण्यासाठी त्यांना दलगलीच्या ठिकाणी ठेवलं जातं,1.82,14.29,1.82,14.29,0
IISc_RESPIN_mr_D2_72789_422004_F_AGRI_716413_71249589,D2,Agriculture,4.85,गोड्या पाण्यातील कोळंबी शेती हा मत्स्यपालन व्यवसाय आहे,गोड्या पाण्यातील कोळंबी शेती हा मत्स्यपालन व्यवसाय आहे,गोड्या पाण्यातील कोळंबी शेती हा मत्स्यपालन व्यवसाय आहे,गोड्या पाण्यातील कोळंबी शेती हा मत्स्यपालन व्यवसाय आहे,0.0,0.0,0.0,0.0,1
IISc_RESPIN_mr_D2_72469_422012_M_AGRI_713751_71249651,D2,Agriculture,4.77,तांदूळ ना मुरमुरा वासीन रोगप्रतिकारक क्षमता सुधारस,तांदूळ ना मुरमुरा वा सें रोग प्रतिकारक्षम ता सुधार रस,तांदूळ ना मुरमुरा वासीन रोगप्रतिकारक क्षमता सुधारस,तांदूळ ना मुरमुरा वा सें रोग प्रतिकारक्षम ता सुधार रस,18.0,100.0,18.0,100.0,0
IISc_RESPIN_mr_D2_72469_422012_M_AGRI_716726_71249664,D2,Agriculture,6.25,मी उद्या बाहेर जाऊ शकणार नाही मला माझ्या मेंढ्यांची लोकर काढायची आहे,मी उद्या बाहेर जाऊ शकणार नाही मला माझ्या मेंढ्यांची लोकर काढायचे आहे,मी उद्या बाहेर जाऊ शकणार नाही मला माझ्या मेंढ्यांची लोकर काढायची आहे,मी उद्या बाहेर जाऊ शकणार नाही मला माझ्या मेंढ्यांची लोकर काढायचे आहे,1.47,8.33,1.47,8.33,0
IISc_RESPIN_mr_D2_72469_422012_M_AGRI_714312_71249679,D2,Agriculture,10.49,ईकोनीस शतकलोंग हाऊ उद्योग लघु उद्योग म्हणीसन ईकशीत कराना शे,एकोणीस शतकलोक हाऊ उद्योग लघु उद्योग म्हनीसन एक शेत कराना शे,ईकोनीस शतकलोंग हाऊ उद्योग लघु उद्योग म्हणीसन ईकशीत कराना शे,एकोणीस शतकलोक हाऊ उद्योग लघु उद्योग म्हनीसन एक शेत कराना शे,13.56,50.0,13.56,50.0,0
IISc_RESPIN_mr_D2_72789_422004_F_BANK_716564_71250795,D2,Banking,4.31,सर्व हॉटेल्सना डिजिटल मनी घेण्याची सोय सुरु केली आहे,सर्व हॉटेल्सना डिजिटल मनी घेण्याची सोय सुरू केली आहे,सर्व हॉटेल्सना डिजिटल मनी घेण्याची सोय सुरु केली आहे,सर्व हॉटेल्सना डिजिटल मनी घेण्याची सोय सुरू केली आहे,1.92,11.11,1.92,11.11,0
IISc_RESPIN_mr_D2_72808_422012_M_BANK_716034_71250838,D2,Banking,4.19,मोठमोठ्या देशांसोबत व्यापार करण्यासाठी डॉलरचा वापर करावा लागतो,मोतमोत्या देश सोबत व्यापार करण्यासाठी डॉलरचा वापर करावा लागतो,मोठमोठ्या देशांसोबत व्यापार करण्यासाठी डॉलरचा वापर करावा लागतो,मोतमोत्या देश सोबत व्यापार करण्यासाठी डॉलरचा वापर करावा लागतो,6.45,37.5,6.45,37.5,0
IISc_RESPIN_mr_D2_72808_422012_M_AGRI_716113_71252924,D2,Agriculture,5.97,"वनातील बागकाम कमी देखरेख , टिकाऊ रोपांवर आधारित उत्पादन पर्यावरणीय वनीकरण प्रणाली आहे",वाणातील बागकाम कमी एक रेक टिकाऊ रोपांवर आधारित उत्पादन पर्यावरणीय वनीकरम प्रणाली आहे,वनातील बागकाम कमी देखरेख टिकाऊ रोपांवर आधारित उत्पादन पर्यावरणीय वनीकरण प्रणाली आहे,वाणातील बागकाम कमी एक रेक टिकाऊ रोपांवर आधारित उत्पादन पर्यावरणीय वनीकरम प्रणाली आहे,8.43,33.33,10.59,30.77,0
IISc_RESPIN_mr_D2_71681_422009_F_AGRI_716726_71253143,D2,Agriculture,4.34,मी उद्या बाहेर जाऊ शकणार नाही मला माझ्या मेंढ्यांची लोकर काढायची आहे,मी उद्या बाहेर जाऊ शकता नाही मला माझ्या मेंढ्यांची लोकर काढायची आहे,मी उद्या बाहेर जाऊ शकणार नाही मला माझ्या मेंढ्यांची लोकर काढायची आहे,मी उद्या बाहेर जाऊ शकता नाही मला माझ्या मेंढ्यांची लोकर काढायची आहे,2.94,8.33,2.94,8.33,0
IISc_RESPIN_mr_D2_71681_422009_F_BANK_716034_71253181,D2,Banking,4.07,मोठमोठ्या देशांसोबत व्यापार करण्यासाठी डॉलरचा वापर करावा लागतो,मोठमोठ्या देशांसोबत व्या करण्यासाठी डॉलरचा वापर करावा लागतो,मोठमोठ्या देशांसोबत व्यापार करण्यासाठी डॉलरचा वापर करावा लागतो,मोठमोठ्या देशांसोबत व्या करण्यासाठी डॉलरचा वापर करावा लागतो,4.84,12.5,4.84,12.5,0
IISc_RESPIN_mr_D2_72440_422004_M_BANK_718207_71253929,D2,Banking,2.91,माझे कार्ड ब्लॉक झाल्यास मी काय करावे ?,माझे कार्ड ब्लॅक झाल्यास मी काय करावे ?,माझे कार्ड ब्लॉक झाल्यास मी काय करावे,माझे कार्ड ब्लॅक झाल्यास मी काय करावे,2.7,14.29,2.56,12.5,0
IISc_RESPIN_mr_D2_72440_422004_M_AGRI_717604_71253950,D2,Agriculture,5.26,शेतीपूरक कोणत्या पशुपालनास शासकीय कर्ज व अनुदान उपलब्ध आहे ?,शेती पुरक कोणत्या पशु पालना शासकीय कर्ज व अनुदान उपलब्ध आहे ?,शेतीपूरक कोणत्या पशुपालनास शासकीय कर्ज व अनुदान उपलब्ध आहे,शेती पुरक कोणत्या पशु पालना शासकीय कर्ज व अनुदान उपलब्ध आहे,6.9,44.44,6.67,40.0,0
IISc_RESPIN_mr_D2_72808_422012_M_AGRI_716387_71254576,D2,Agriculture,2.75,लिली च्या फुलाला सहा पाकळया असतात,लिलीच्या फुला सहा पाकड्ा आसतात,लिली च्या फुलाला सहा पाकळया असतात,लिलीच्या फुला सहा पाकड्ा आसतात,18.18,83.33,18.18,83.33,0
IISc_RESPIN_mr_D2_72808_422012_M_BANK_715681_71254581,D2,Banking,3.86,त्यामधून सगळ्यात मुख्य वित्तीय लेखा मानक बोर्ड आहे,त्या मधून सगळ्यात मुख्य वित्तीय लेख मान बोट आहे,त्यामधून सगळ्यात मुख्य वित्तीय लेखा मानक बोर्ड आहे,त्या मधून सगळ्यात मुख्य वित्तीय लेख मान बोट आहे,12.0,62.5,12.0,62.5,0
IISc_RESPIN_mr_D2_72808_422012_M_AGRI_714690_71254583,D2,Agriculture,4.2,"चवळीनं पीक राजस्थान , कर्नाटक , केरळमा जास्त पिकसं",चव नं पीक राज जास्तं करना टक्के मा जास्त पिकस,चवळीनं पीक राजस्थान कर्नाटक केरळमा जास्त पिकसं,चव नं पीक राज जास्तं करना टक्के मा जास्त पिकस,30.43,114.29,34.0,88.89,0
IISc_RESPIN_mr_D2_72808_422012_M_AGRI_717650_71254986,D2,Agriculture,2.32,बटाटा ह्या पिकाची लागवड कशी करावी ?,बटाटा या पिकाची लागवड कशी करावी ?,बटाटा ह्या पिकाची लागवड कशी करावी,बटाटा या पिकाची लागवड कशी करावी,6.06,16.67,5.71,14.29,0
IISc_RESPIN_mr_D2_72808_422012_M_BANK_718409_71254991,D2,Banking,3.31,मला कर्ज मिळविण्यासाठी कोणत्या कागदपत्रांची गरज आहे ?,मला कर्ज मिळवण्यासाठी कोणत्या कागदपत्रांची गरज आहे ?,मला कर्ज मिळविण्यासाठी कोणत्या कागदपत्रांची गरज आहे,मला कर्ज मिळवण्यासाठी कोणत्या कागदपत्रांची गरज आहे,1.96,14.29,1.89,12.5,0
IISc_RESPIN_mr_D2_72808_422012_M_AGRI_717614_71255018,D2,Agriculture,2.18,तांदळासाठी कसे हवामान पाहिजे ?,तांदळासाठी कसे हवामान पाहिजे ?,तांदळासाठी कसे हवामान पाहिजे,तांदळासाठी कसे हवामान पाहिजे,0.0,0.0,0.0,0.0,1
IISc_RESPIN_mr_D2_72808_422012_M_AGRI_717513_71255372,D2,Agriculture,3.47,शेतीमाल विकण्यासाठी मी स्वत:चे ॲप तयार करु शकतो का ?,शेतीमाल विकण्यासाठी मी स्वताचा हप्त्यार करू शकतो का ?,शेतीमाल विकण्यासाठी मी स्वत चे ॲप तयार करु शकतो का,शेतीमाल विकण्यासाठी मी स्वताचा हप्त्यार करू शकतो का,12.0,50.0,11.54,40.0,0
IISc_RESPIN_mr_D2_72808_422012_M_BANK_718390_71255709,D2,Banking,2.93,सामाजिक मदत मिळविण्यासाठी मला माहिती हवी आहे,सामाजिक मदत मिळवण्यासाठी मला माहिती हवी आहे,सामाजिक मदत मिळविण्यासाठी मला माहिती हवी आहे,सामाजिक मदत मिळवण्यासाठी मला माहिती हवी आहे,2.27,14.29,2.27,14.29,0
IISc_RESPIN_mr_D2_71681_422009_F_AGRI_714300_71255805,D2,Agriculture,3.86,ऊस कारखानामझार ऊसपासून गूय बनाडतंस,ऊस कारखाना मझार ऊस पासून भुध पनाडतस,ऊस कारखानामझार ऊसपासून गूय बनाडतंस,ऊस कारखाना मझार ऊस पासून भुध पनाडतस,20.59,120.0,20.59,120.0,0
IISc_RESPIN_mr_D2_72808_422012_M_BANK_718596_71256017,D2,Banking,2.56,सामाजिक क्षेत्रातील योजना म्हणजे काय ?,सामाजिक क्षेत्रातील योजना म्हणजे काय ?,सामाजिक क्षेत्रातील योजना म्हणजे काय,सामाजिक क्षेत्रातील योजना म्हणजे काय,0.0,0.0,0.0,0.0,1
IISc_RESPIN_mr_D2_72808_422012_M_BANK_718370_71256022,D2,Banking,3.66,मी क्यू.आर कोड स्कॅन करुन दुकानात पैसे कसे देऊ शकतो ?,मी क्यूआर कोड स्कॅन करून दुकानात पैसे कसे देऊ शकतो ?,मी क्यू आर कोड स्कॅन करुन दुकानात पैसे कसे देऊ शकतो,मी क्यूआर कोड स्कॅन करून दुकानात पैसे कसे देऊ शकतो,3.92,27.27,3.77,18.18,0
IISc_RESPIN_mr_D2_71681_422009_F_AGRI_715928_71256867,D2,Agriculture,3.27,मगरींना पाळण्यासाठी त्यांना दलदलीच्या ठिकाणी ठेवलं जातं,मगरी ना पाळणासाठी ता दलदलीच्या ठिकाणी ठेवली जातो,मगरींना पाळण्यासाठी त्यांना दलदलीच्या ठिकाणी ठेवलं जातं,मगरी ना पाळणासाठी ता दलदलीच्या ठिकाणी ठेवली जातो,18.18,85.71,18.18,85.71,0
IISc_RESPIN_mr_D2_71681_422009_F_BANK_715768_71256868,D2,Banking,2.65,पूर्ण प्रबळ निधी राज्याची संपत्ती असते,पूर्ण प्रवाळ निधी राज्याची संपत्ती असते,पूर्ण प्रबळ निधी राज्याची संपत्ती असते,पूर्ण प्रवाळ निधी राज्याची संपत्ती असते,5.26,16.67,5.26,16.67,0
IISc_RESPIN_mr_D2_72799_422004_M_AGRI_716619_71257262,D2,Agriculture,7.26,काकडी ही एक खाद्य वनस्पती आहे की जी दुधीभोपळा या कुटुंबातील आहे,काकडी ही हे खाद्य वनस्पती आहे के ची दुधी भोपळा या कुटुंबातील आहे,काकडी ही एक खाद्य वनस्पती आहे की जी दुधीभोपळा या कुटुंबातील आहे,काकडी ही हे खाद्य वनस्पती आहे के ची दुधी भोपळा या कुटुंबातील आहे,7.94,41.67,7.94,41.67,0
IISc_RESPIN_mr_D2_71681_422009_F_BANK_717059_71257731,D2,Banking,4.03,विद्यार्थी ऑन कॅम्पस रूमसाठी सवलतीचे कर्ज घेऊ शकतात,विद्यार्थी आम कॅप् नो साठी सवलतीचे कर्ज घेऊ शकतात,विद्यार्थी ऑन कॅम्पस रूमसाठी सवलतीचे कर्ज घेऊ शकतात,विद्यार्थी आम कॅप् नो साठी सवलतीचे कर्ज घेऊ शकतात,15.69,50.0,15.69,50.0,0
IISc_RESPIN_mr_D2_71681_422009_F_AGRI_714332_71258604,D2,Agriculture,2.8,पशु खत हाई पैसा देणारं उत्पादन शे,पशु खत हाई पैसा देणारे उत्पादन शे,पशु खत हाई पैसा देणारं उत्पादन शे,पशु खत हाई पैसा देणारे उत्पादन शे,3.03,14.29,3.03,14.29,0
IISc_RESPIN_mr_D2_71074_422004_M_AGRI_716701_71259482,D2,Agriculture,8.78,एम.आय.टी माध्यम प्रयोगशाळेतील लोकांनी रेशीम किड्यांवर प्रयोग केले आहेत,एमआय.टी माध्यम प्रखशाळेतील लोकांनी रेशीम किड्यावर प्रयोग केले आहे,एम आय टी माध्यम प्रयोगशाळेतील लोकांनी रेशीम किड्यांवर प्रयोग केले आहेत,एमआय टी माध्यम प्रखशाळेतील लोकांनी रेशीम किड्यावर प्रयोग केले आहे,8.57,45.45,8.57,44.44,0
IISc_RESPIN_mr_D2_71074_422004_M_BANK_718568_71260114,D2,Banking,5.42,कर्ज परतफेडी बाबत मला ऑनलाईन व ऑफलाईन माहिती पाहिजे आहे,कर्ज परतफेडी बाबत मला ऑनलाइन ऑफलाइन माहिती पाहिजे आहे,कर्ज परतफेडी बाबत मला ऑनलाईन व ऑफलाईन माहिती पाहिजे आहे,कर्ज परतफेडी बाबत मला ऑनलाइन ऑफलाइन माहिती पाहिजे आहे,7.27,30.0,7.27,30.0,0
IISc_RESPIN_mr_D2_71074_422004_M_BANK_718478_71260127,D2,Banking,6.04,आर.टी.जी.एस म्हणजे काय ? त्याद्वारे कसे पेमेंट करु शकतो ?,आर.टी.जी.एस म्हणजे काय त्याद्वारे कसे पेमेंट करू शकतो ?,आर टी जी एस म्हणजे काय त्याद्वारे कसे पेमेंट करु शकतो,आर टी जी एस म्हणजे काय त्याद्वारे कसे पेमेंट करू शकतो,1.89,9.09,5.26,20.0,0
IISc_RESPIN_mr_D2_71681_422009_F_BANK_718120_71261204,D2,Banking,4.6,दर महिन्याचे दिवस कमी जास्त असल्याने व्याजाची रक्कम वेगवेगळी असेल का ?,दर महिन्याचे दिवस कमी जास्त असल्याने व्याजाची रक्कम वेग बी ही असेल का ?,दर महिन्याचे दिवस कमी जास्त असल्याने व्याजाची रक्कम वेगवेगळी असेल का,दर महिन्याचे दिवस कमी जास्त असल्याने व्याजाची रक्कम वेग बी ही असेल का,7.35,27.27,7.14,25.0,0
IISc_RESPIN_mr_D2_71681_422009_F_AGRI_717572_71261237,D2,Agriculture,2.74,आवळे काढण्यासाठी सोपी पद्धत कोणती ?,आवळी काढण्यासाठी सोपी पद्धत कोणती ?,आवळे काढण्यासाठी सोपी पद्धत कोणती,आवळी काढण्यासाठी सोपी पद्धत कोणती,3.03,20.0,2.86,16.67,0
IISc_RESPIN_mr_D2_72469_422012_M_AGRI_717429_71262064,D2,Agriculture,4.57,हिरव्या मिरचीची तोडणी झाल्यानंतर किती कालावधीत आपण वाळवू शकतो ?,हिरवे मिरचीची तोडणी झाल्यानंतर किती कालावधीत आपण वाढू शकतो,हिरव्या मिरचीची तोडणी झाल्यानंतर किती कालावधीत आपण वाळवू शकतो,हिरवे मिरचीची तोडणी झाल्यानंतर किती कालावधीत आपण वाढू शकतो,8.2,22.22,11.11,30.0,0
IISc_RESPIN_mr_D2_71074_422004_M_BANK_718120_71262862,D2,Banking,7.06,दर महिन्याचे दिवस कमी जास्त असल्याने व्याजाची रक्कम वेगवेगळी असेल का ?,दर महिन्याचे दिवस कमी जास्त असल्याने व्याजाची रक्कम वेगवेगळे असेल का ?,दर महिन्याचे दिवस कमी जास्त असल्याने व्याजाची रक्कम वेगवेगळी असेल का,दर महिन्याचे दिवस कमी जास्त असल्याने व्याजाची रक्कम वेगवेगळे असेल का,1.47,9.09,1.43,8.33,0
IISc_RESPIN_mr_D2_71074_422004_M_BANK_718316_71262885,D2,Banking,4.0,बँकेतून रक्कम काढायला कुठली स्लीप लागते ?,बँकेतून रक्कम काढायला कुठली स्लिप लागते,बँकेतून रक्कम काढायला कुठली स्लीप लागते,बँकेतून रक्कम काढायला कुठली स्लिप लागते,2.56,16.67,7.32,28.57,0
IISc_RESPIN_mr_D2_72469_422012_M_BANK_718434_71262988,D2,Banking,4.39,माझे डेबिट कार्ड हरवले आहे ते बंद करण्यासाठी काय करावे लागेल ?,माझे डेबिट कार्ड हरवले आहे ते बंद करण्यासाठी काय करावे लागेल ?,माझे डेबिट कार्ड हरवले आहे ते बंद करण्यासाठी काय करावे लागेल,माझे डेबिट कार्ड हरवले आहे ते बंद करण्यासाठी काय करावे लागेल,0.0,0.0,0.0,0.0,1
IISc_RESPIN_mr_D2_72789_422004_F_BANK_718390_71263304,D2,Banking,3.5,सामाजिक मदत मिळविण्यासाठी मला माहिती हवी आहे,सामाजिक मदत मिळवण्यासाठी मला माहिती हवी आहे,सामाजिक मदत मिळविण्यासाठी मला माहिती हवी आहे,सामाजिक मदत मिळवण्यासाठी मला माहिती हवी आहे,2.27,14.29,2.27,14.29,0
IISc_RESPIN_mr_D2_71074_422004_M_BANK_718383_71264137,D2,Banking,3.77,आधार कार्ड ऐवजी राशन कार्ड चालू शकते का ?,आधार कार्ड आयवजी राशन कार्ड चालू शकते का ?,आधार कार्ड ऐवजी राशन कार्ड चालू शकते का,आधार कार्ड आयवजी राशन कार्ड चालू शकते का,5.13,12.5,4.88,11.11,0
IISc_RESPIN_mr_D2_72469_422012_M_BANK_718478_71264492,D2,Banking,4.7,आर.टी.जी.एस म्हणजे काय ? त्याद्वारे कसे पेमेंट करु शकतो ?,आर.टी.जी.एस म्हणजे का त्याद्वारे पर कसे पेमेंट करू शकतो ?,आर टी जी एस म्हणजे काय त्याद्वारे कसे पेमेंट करु शकतो,आर टी जी एस म्हणजे का त्याद्वारे पर कसे पेमेंट करू शकतो,9.43,27.27,12.28,40.0,0
IISc_RESPIN_mr_D2_72789_422004_F_AGRI_717614_71264620,D2,Agriculture,2.12,तांदळासाठी कसे हवामान पाहिजे ?,तांदळासाठी कसे हवामान पाहिजे ?,तांदळासाठी कसे हवामान पाहिजे,तांदळासाठी कसे हवामान पाहिजे,0.0,0.0,0.0,0.0,1
IISc_RESPIN_mr_D2_72789_422004_F_AGRI_717618_71264622,D2,Agriculture,2.76,लाल मातीत कोणत्या पिकाची पेरणी करावी ?,लाल मातीत कोणत्या पिकाची पेरणी करावी ?,लाल मातीत कोणत्या पिकाची पेरणी करावी,लाल मातीत कोणत्या पिकाची पेरणी करावी,0.0,0.0,0.0,0.0,1
IISc_RESPIN_mr_D2_72789_422004_F_BANK_718383_71264661,D2,Banking,3.15,आधार कार्ड ऐवजी राशन कार्ड चालू शकते का ?,आधार कार्ड व जी राशन करड चालू शकते का ?,आधार कार्ड ऐवजी राशन कार्ड चालू शकते का,आधार कार्ड व जी राशन करड चालू शकते का,10.26,37.5,9.76,33.33,0
IISc_RESPIN_mr_D2_71074_422004_M_BANK_718370_71264708,D2,Banking,4.62,मी क्यू.आर कोड स्कॅन करुन दुकानात पैसे कसे देऊ शकतो ?,मी क्यू.आर कोड स्कॅन करून दुकानात पैसे कसे देऊ शकतो ?,मी क्यू आर कोड स्कॅन करुन दुकानात पैसे कसे देऊ शकतो,मी क्यू आर कोड स्कॅन करून दुकानात पैसे कसे देऊ शकतो,1.96,9.09,1.89,9.09,0
IISc_RESPIN_mr_D2_71074_422004_M_BANK_718344_71264736,D2,Banking,3.3,गोल्ड बॉण्ड साठी मला अर्ज करता येईल का ?,गोल्ड बॉण्ड साठी मला अर्ज करता येईल का ?,गोल्ड बॉण्ड साठी मला अर्ज करता येईल का,गोल्ड बॉण्ड साठी मला अर्ज करता येईल का,0.0,0.0,0.0,0.0,1
IISc_RESPIN_mr_D2_71074_422004_M_AGRI_717605_71264737,D2,Agriculture,9.13,कुक्कूटपालनासाठी शासकीय कर्ज व अनुदान उपलब्ध आहे का ? त्यासाठीचे निकष कोणते ?,कुक्कुटपालनासाठी शासकीय कर्ज अनुदान उपलब्ध आहे का त्यासाठी चे निकष कोणते ?,कुक्कूटपालनासाठी शासकीय कर्ज व अनुदान उपलब्ध आहे का त्यासाठीचे निकष कोणते,कुक्कुटपालनासाठी शासकीय कर्ज अनुदान उपलब्ध आहे का त्यासाठी चे निकष कोणते,5.48,36.36,7.79,30.77,0
IISc_RESPIN_mr_D2_72799_422004_M_AGRI_713081_71265169,D2,Agriculture,4.89,पानी ना स्त्रोत पुरवठाना करता उपेग पडतस,पाणी ना स्तर पुरवठा ना करता उपेग पडतस,पानी ना स्त्रोत पुरवठाना करता उपेग पडतस,पाणी ना स्तर पुरवठा ना करता उपेग पडतस,12.82,57.14,12.82,57.14,0
IISc_RESPIN_mr_D2_72799_422004_M_AGRI_712810_71265174,D2,Agriculture,5.7,जनावरस करता फार्म पशु कल्याण परिषद बनाडेल शे,जनावरस करता फार्म पशुकल्याण परिषद बनाडेल शे,जनावरस करता फार्म पशु कल्याण परिषद बनाडेल शे,जनावरस करता फार्म पशुकल्याण परिषद बनाडेल शे,2.27,25.0,2.27,25.0,0
IISc_RESPIN_mr_D2_72789_422004_F_BANK_718554_71265231,D2,Banking,3.35,माझ्या आईला ऑनलाईन पैसे कसे पाठवता येतील ?,माझ्या ईला ऑनलाइन पैसे कसे पाठवता येतील ?,माझ्या आईला ऑनलाईन पैसे कसे पाठवता येतील,माझ्या ईला ऑनलाइन पैसे कसे पाठवता येतील,5.0,28.57,4.76,25.0,0
IISc_RESPIN_mr_D2_72469_422012_M_BANK_718383_71265468,D2,Banking,3.65,आधार कार्ड ऐवजी राशन कार्ड चालू शकते का ?,आधार काळे वचराशीर कार्ड चालू शकते का ?,आधार कार्ड ऐवजी राशन कार्ड चालू शकते का,आधार काळे वचराशीर कार्ड चालू शकते का,23.08,37.5,21.95,33.33,0
IISc_RESPIN_mr_D2_72469_422012_M_AGRI_717361_71265486,D2,Agriculture,3.45,तूरीची लागवड जानेवारी महिन्यात करता येईल का ?,तुरीची लागवड जाण्यावरी महिन्यात करता येईल का ?,तूरीची लागवड जानेवारी महिन्यात करता येईल का,तुरीची लागवड जाण्यावरी महिन्यात करता येईल का,11.63,28.57,11.11,25.0,0
IISc_RESPIN_mr_D2_72799_422004_M_BANK_717177_71265867,D2,Banking,5.44,बँकर्स बँका फक्त समुदाय बँकांना सेवा देऊ शकतात,बँकर्स बँका फक्त समुदाय बँकांना सेवा देऊ शकतात,बँकर्स बँका फक्त समुदाय बँकांना सेवा देऊ शकतात,बँकर्स बँका फक्त समुदाय बँकांना सेवा देऊ शकतात,0.0,0.0,0.0,0.0,1
IISc_RESPIN_mr_D2_71681_422009_F_BANK_718573_71266014,D2,Banking,2.43,के.वाय.सी अद्यावत करणे म्हणजे काय ?,के.वाय.सी अद्ययावत करणे म्हणजे काय ?,के वाय सी अद्यावत करणे म्हणजे काय,के वाय सी अद्ययावत करणे म्हणजे काय,3.03,14.29,2.86,16.67,0
IISc_RESPIN_mr_D2_71681_422009_F_AGRI_717429_71266049,D2,Agriculture,4.57,हिरव्या मिरचीची तोडणी झाल्यानंतर किती कालावधीत आपण वाळवू शकतो ?,हिरव्या मिरीची तोडणी झाल्यानंतर किती कालावधी आपण वाढवू शकतो ?,हिरव्या मिरचीची तोडणी झाल्यानंतर किती कालावधीत आपण वाळवू शकतो,हिरव्या मिरीची तोडणी झाल्यानंतर किती कालावधी आपण वाढवू शकतो,4.92,33.33,4.76,30.0,0
IISc_RESPIN_mr_D2_71681_422009_F_BANK_718409_71267311,D2,Banking,3.81,मला कर्ज मिळविण्यासाठी कोणत्या कागदपत्रांची गरज आहे ?,मला कर्ज मिळविण्यासाठी कोणत्या कागदपत्रांची गरज आहे ?,मला कर्ज मिळविण्यासाठी कोणत्या कागदपत्रांची गरज आहे,मला कर्ज मिळविण्यासाठी कोणत्या कागदपत्रांची गरज आहे,0.0,0.0,0.0,0.0,1
IISc_RESPIN_mr_D2_71681_422009_F_BANK_717968_71267347,D2,Banking,3.89,क्रेडिट कार्डसाठी ऑनलाईन पद्धतीने अर्ज करता येईल का ?,क्रेडिट कार्डसाठी ऑनलाईन पद्धतीने अर्ज करता येईल का ?,क्रेडिट कार्डसाठी ऑनलाईन पद्धतीने अर्ज करता येईल का,क्रेडिट कार्डसाठी ऑनलाईन पद्धतीने अर्ज करता येईल का,0.0,0.0,0.0,0.0,1
IISc_RESPIN_mr_D2_72799_422004_M_AGRI_715243_71273577,D2,Agriculture,5.13,हायड्रोपोनिक्स पीक घेण्याची पद्धत बागायती शेतीत येते,हायड्रोपोनिक्स पीक घेण्याची पद्धत बागायती शेतीत येते,हायड्रोपोनिक्स पीक घेण्याची पद्धत बागायती शेतीत येते,हायड्रोपोनिक्स पीक घेण्याची पद्धत बागायती शेतीत येते,0.0,0.0,0.0,0.0,1
IISc_RESPIN_mr_D2_72799_422004_M_AGRI_714907_71273580,D2,Agriculture,4.45,केळीच्या झाडाच्या खोडाच्या आत केळीचे फूल असते,केळीच्या झाडाच्या कोणाच्या आत केळीचे फूल नसते,केळीच्या झाडाच्या खोडाच्या आत केळीचे फूल असते,केळीच्या झाडाच्या कोणाच्या आत केळीचे फूल नसते,6.67,28.57,6.67,28.57,0
IISc_RESPIN_mr_D2_72799_422004_M_BANK_714865_71273584,D2,Banking,5.58,ऑनलाइन ऐप डाउनलोड करून कर्जाचा अर्ज लगेच करता येतो,ऑनलाइन एक डाउनलोड करून कर्जाचा अर्ज लगेच करता येतो,ऑनलाइन ऐप डाउनलोड करून कर्जाचा अर्ज लगेच करता येतो,ऑनलाइन एक डाउनलोड करून कर्जाचा अर्ज लगेच करता येतो,4.0,11.11,4.0,11.11,0
IISc_RESPIN_mr_D2_72799_422004_M_BANK_717047_71273995,D2,Banking,5.51,जेव्हा पुरवठा आणि मागणी असते तेव्हा विनिमय दर तरंगत असतो,जेव्हा पुरवठा आणि मागणी असते ते वा विनिमय दर तरंग असतो,जेव्हा पुरवठा आणि मागणी असते तेव्हा विनिमय दर तरंगत असतो,जेव्हा पुरवठा आणि मागणी असते ते वा विनिमय दर तरंग असतो,7.14,30.0,7.14,30.0,0
IISc_RESPIN_mr_D2_72799_422004_M_BANK_718464_71274335,D2,Banking,3.45,यू.पी.आय चा वापर कसा केला जातो ?,यू.पी.आय चा वापर कसा केला जातो ?,यू पी आय चा वापर कसा केला जातो,यू पी आय चा वापर कसा केला जातो,0.0,0.0,0.0,0.0,1
IISc_RESPIN_mr_D2_72799_422004_M_BANK_718238_71274343,D2,Banking,4.85,मला माझ्या खात्याची गेल्या सहा महिन्यांची बॅलन्स शीट पाहिजे आहे,मला माझ्या खात्याची गेल्या सहा महिन्याची बॅलन्स शीट पाहिजे आहे,मला माझ्या खात्याची गेल्या सहा महिन्यांची बॅलन्स शीट पाहिजे आहे,मला माझ्या खात्याची गेल्या सहा महिन्याची बॅलन्स शीट पाहिजे आहे,1.59,10.0,1.59,10.0,0
IISc_RESPIN_mr_D2_72799_422004_M_BANK_718344_71274351,D2,Banking,3.8,गोल्ड बॉण्ड साठी मला अर्ज करता येईल का ?,गोल्ड बॉण्ड साठी मला अर्ज करता येईल का ?,गोल्ड बॉण्ड साठी मला अर्ज करता येईल का,गोल्ड बॉण्ड साठी मला अर्ज करता येईल का,0.0,0.0,0.0,0.0,1
IISc_RESPIN_mr_D2_72799_422004_M_BANK_718478_71274856,D2,Banking,5.41,आर.टी.जी.एस म्हणजे काय ? त्याद्वारे कसे पेमेंट करु शकतो ?,आर.टी.जी.एस म्हणजे काय त्याद्वारे कसे पेमेंट करू शकतो ?,आर टी जी एस म्हणजे काय त्याद्वारे कसे पेमेंट करु शकतो,आर टी जी एस म्हणजे काय त्याद्वारे कसे पेमेंट करू शकतो,1.89,9.09,5.26,20.0,0
IISc_RESPIN_mr_D2_72799_422004_M_AGRI_717572_71275172,D2,Agriculture,3.28,आवळे काढण्यासाठी सोपी पद्धत कोणती ?,आवळे काढण्यासाठी सोपी पद्धत कोणती ?,आवळे काढण्यासाठी सोपी पद्धत कोणती,आवळे काढण्यासाठी सोपी पद्धत कोणती,0.0,0.0,0.0,0.0,1
IISc_RESPIN_mr_D2_72799_422004_M_AGRI_717605_71275501,D2,Agriculture,6.69,कुक्कूटपालनासाठी शासकीय कर्ज व अनुदान उपलब्ध आहे का ? त्यासाठीचे निकष कोणते ?,कुक्कुटपालनासाठी शासकीय कर्ज अनुदान उपलब्ध आहे का त्यासाठी निकष कोणते ?,कुक्कूटपालनासाठी शासकीय कर्ज व अनुदान उपलब्ध आहे का त्यासाठीचे निकष कोणते,कुक्कुटपालनासाठी शासकीय कर्ज अनुदान उपलब्ध आहे का त्यासाठी निकष कोणते,6.85,27.27,9.09,30.77,0
IISc_RESPIN_mr_D2_72799_422004_M_BANK_718573_71275531,D2,Banking,4.05,के.वाय.सी अद्यावत करणे म्हणजे काय ?,के.वाय.सी अद्यावत करणे म्हणजे काय ?,के वाय सी अद्यावत करणे म्हणजे काय,के वाय सी अद्यावत करणे म्हणजे काय,0.0,0.0,0.0,0.0,1
IISc_RESPIN_mr_D2_72799_422004_M_BANK_718554_71275535,D2,Banking,3.74,माझ्या आईला ऑनलाईन पैसे कसे पाठवता येतील ?,माझ्या आईला ऑनलाईन पैसे कसे पाठवता येतील ?,माझ्या आईला ऑनलाईन पैसे कसे पाठवता येतील,माझ्या आईला ऑनलाईन पैसे कसे पाठवता येतील,0.0,0.0,0.0,0.0,1
IISc_RESPIN_mr_D2_72799_422004_M_AGRI_717513_71275540,D2,Agriculture,5.43,शेतीमाल विकण्यासाठी मी स्वत:चे ॲप तयार करु शकतो का ?,शेतीमाल विकण्यासाठी मी स्वता चे एप तयार करू शकतो का ?,शेतीमाल विकण्यासाठी मी स्वत चे ॲप तयार करु शकतो का,शेतीमाल विकण्यासाठी मी स्वता चे एप तयार करू शकतो का,6.0,30.0,7.69,40.0,0
IISc_RESPIN_mr_D2_72799_422004_M_BANK_718048_71276002,D2,Banking,6.65,माझ्या डिपॉझिटची मॅच्युरिटी रक्कम आपोआप माझ्या खात्यावर जमा होईल का ?,माझ्या डिपॉझिट ची मॅच्युरिटी रक्कम आप माझ्या खात्यावर जमा होईल का ?,माझ्या डिपॉझिटची मॅच्युरिटी रक्कम आपोआप माझ्या खात्यावर जमा होईल का,माझ्या डिपॉझिट ची मॅच्युरिटी रक्कम आप माझ्या खात्यावर जमा होईल का,5.97,30.0,5.8,27.27,0
IISc_RESPIN_mr_D2_72455_NA_M_BANK_718263_71277426,D2,Banking,4.27,माझा कर्ज हफ्ता थकीत असल्याने पुढे एकत्रित भरल्यास त्यावर दंड बसेल का ?,माझा कर्ज हफ्ता थकीत असल्याने पुढे एकत्रित भरल्यास तयार बंद असेल का ?,माझा कर्ज हफ्ता थकीत असल्याने पुढे एकत्रित भरल्यास त्यावर दंड बसेल का,माझा कर्ज हफ्ता थकीत असल्याने पुढे एकत्रित भरल्यास तयार बंद असेल का,7.25,25.0,7.04,23.08,0
IISc_RESPIN_mr_D2_72455_NA_M_AGRI_717715_71277440,D2,Agriculture,4.49,जमिनीची सुपिकता वाढवण्यासाठी सेंद्रिय खत चांगले आहे का ?,जमिनीची सुपीकता वाढविण्यासाठी सेंद्रिय खत चांगले आहे का ?,जमिनीची सुपिकता वाढवण्यासाठी सेंद्रिय खत चांगले आहे का,जमिनीची सुपीकता वाढविण्यासाठी सेंद्रिय खत चांगले आहे का,3.7,25.0,3.57,22.22,0
IISc_RESPIN_mr_D2_72455_NA_M_BANK_718573_71278180,D2,Banking,2.43,के.वाय.सी अद्यावत करणे म्हणजे काय ?,के.वाय.सी अद्याप करणे म्हणजे काय ?,के वाय सी अद्यावत करणे म्हणजे काय,के वाय सी अद्याप करणे म्हणजे काय,6.06,14.29,5.71,16.67,0
IISc_RESPIN_mr_D2_72455_NA_M_AGRI_717603_71278189,D2,Agriculture,3.67,शेतीसाठी पूरक म्हणून कोणता पशुपालन व्यवसाय फायदेशीर ठरतो ?,शेतीसाठी पूरक म्हणू कोणता पशुपालन व्यवसाय फायदेशीर ठरतो,शेतीसाठी पूरक म्हणून कोणता पशुपालन व्यवसाय फायदेशीर ठरतो,शेतीसाठी पूरक म्हणू कोणता पशुपालन व्यवसाय फायदेशीर ठरतो,1.79,12.5,5.17,22.22,0
IISc_RESPIN_mr_D2_72455_NA_M_BANK_718343_71278197,D2,Banking,3.77,डेबिट कार्डचा उपयोग कसा केला जातो ? याची माहिती हवी आहे,डेबिट कार्डाचा उपयोग कसा केला जातो याची माहिती हवी आहे,डेबिट कार्डचा उपयोग कसा केला जातो याची माहिती हवी आहे,डेबिट कार्डाचा उपयोग कसा केला जातो याची माहिती हवी आहे,1.89,10.0,5.45,18.18,0
IISc_RESPIN_mr_D2_72455_NA_M_BANK_718161_71278542,D2,Banking,3.87,सर्व प्रकारचे ऑनलाईन पेमेंट यू.पी.आय द्वारे करता येतात का ?,सर्व प्रकारचे ऑनलाइन पेमेंट यू.पी.आय द्वारे करता येतात का ?,सर्व प्रकारचे ऑनलाईन पेमेंट यू पी आय द्वारे करता येतात का,सर्व प्रकारचे ऑनलाइन पेमेंट यू पी आय द्वारे करता येतात का,1.75,9.09,1.69,10.0,0
IISc_RESPIN_mr_D2_72455_NA_M_AGRI_717661_71278717,D2,Agriculture,3.05,कापसाच्या पिकासाठी पीक विमा आहे का ?,कापसाच्या पिकासाठी पीक विमा आहे का ?,कापसाच्या पिकासाठी पीक विमा आहे का,कापसाच्या पिकासाठी पीक विमा आहे का,0.0,0.0,0.0,0.0,1
IISc_RESPIN_mr_D4_72506_422004_F_AGRI_720794_71289628,D4,Agriculture,4.54,मगरीच्या लेदरला विदेशी लेदर म्हणतात,मगर चार ले दर ला विदेशी ले तर म्हणतात,मगरीच्या लेदरला विदेशी लेदर म्हणतात,मगर चार ले दर ला विदेशी ले तर म्हणतात,22.86,140.0,22.86,140.0,0
IISc_RESPIN_mr_D4_72506_422004_F_BANK_721751_71289998,D4,Banking,5.43,लेनदाराला पैसे किंवा इतर मान्य मूल्य द्यावे लागते,नेंदाराला पैसे किंवा इतर मान्य मूल्य द्यावे लागते,लेनदाराला पैसे किंवा इतर मान्य मूल्य द्यावे लागते,नेंदाराला पैसे किंवा इतर मान्य मूल्य द्यावे लागते,4.08,12.5,4.08,12.5,0
IISc_RESPIN_mr_D4_72506_422004_F_BANK_721725_71290137,D4,Banking,6.17,बँक ऑफ बडोदा ही एक भारतीय राष्ट्रीयीकृत बँकिंग आणि वित्तीय सेवा कंपनी आहे,बँका पडता ही एक भारतीय राष्ट्रीय कृत बँकिंग आणि वित्तीय सेवा कंपनी आहे,बँक ऑफ बडोदा ही एक भारतीय राष्ट्रीयीकृत बँकिंग आणि वित्तीय सेवा कंपनी आहे,बँका पडता ही एक भारतीय राष्ट्रीय कृत बँकिंग आणि वित्तीय सेवा कंपनी आहे,9.59,38.46,9.59,38.46,0
IISc_RESPIN_mr_D4_72506_422004_F_AGRI_722253_71290783,D4,Agriculture,8.71,"कीटकनाशकांचा वापर धान्य , ऊस , तेलबिया शोषून घेणे आणि चघळणे नियंत्रित करण्यासाठी केला जातो",कीटकनाशकांचा वापर धान्य ऊस तेल बिया शोषून घेणे आणि चघळणे नियंत्र करण्यासाठी केला जातो,कीटकनाशकांचा वापर धान्य ऊस तेलबिया शोषून घेणे आणि चघळणे नियंत्रित करण्यासाठी केला जातो,कीटकनाशकांचा वापर धान्य ऊस तेल बिया शोषून घेणे आणि चघळणे नियंत्र करण्यासाठी केला जातो,3.49,23.08,7.78,26.67,0
IISc_RESPIN_mr_D4_72506_422004_F_BANK_720384_71290793,D4,Banking,4.51,पंजाब नॅशनल बँकेचे मुख्यालय नवी दिल्ली येथे आहे,पंजाब नॅशनल बँकेचे मुख्यालय नवी दिल्ली येथे आहे,पंजाब नॅशनल बँकेचे मुख्यालय नवी दिल्ली येथे आहे,पंजाब नॅशनल बँकेचे मुख्यालय नवी दिल्ली येथे आहे,0.0,0.0,0.0,0.0,1
IISc_RESPIN_mr_D4_72506_422004_F_BANK_718991_71292508,D4,Banking,7.99,"जागतिक अर्थ व्यवस्थेत , देशाची अर्थ व्यवस्था संस्कृती आणि कला यावर आधारित असते",जागतिक अर्थव्यवस्थेत देशाची अर्थव्यवस्था संस्कृती आणि कलाट यावर आधारित असते,जागतिक अर्थ व्यवस्थेत देशाची अर्थ व्यवस्था संस्कृती आणि कला यावर आधारित असते,जागतिक अर्थव्यवस्थेत देशाची अर्थव्यवस्था संस्कृती आणि कलाट यावर आधारित असते,3.95,41.67,6.41,46.15,0
IISc_RESPIN_mr_D4_72506_422004_F_AGRI_720302_71292536,D4,Agriculture,8.01,रेझीनमधून एक ते तीन चिकट रेझीन मिळविण्यासाठी रबरी लाकडाचा वापर केला जाऊ शकतो,पेजीन मधून एक ते तीन चिकट ने जीन मिळवण्यासाठी रबरी लाकडाचा वापर केला जाऊ शकतो,रेझीनमधून एक ते तीन चिकट रेझीन मिळविण्यासाठी रबरी लाकडाचा वापर केला जाऊ शकतो,पेजीन मधून एक ते तीन चिकट ने जीन मिळवण्यासाठी रबरी लाकडाचा वापर केला जाऊ शकतो,9.21,38.46,9.21,38.46,0
IISc_RESPIN_mr_D4_72506_422004_F_AGRI_720627_71292542,D4,Agriculture,6.44,शेतीसाठी अधिक जमीन संपादनाचा पर्यावरणावर विपरीत परिणाम होतो,शेतीसाठी अधिक जमीन संपादनाचा पर्यावरणावर विपरित परिणाम होतो,शेतीसाठी अधिक जमीन संपादनाचा पर्यावरणावर विपरीत परिणाम होतो,शेतीसाठी अधिक जमीन संपादनाचा पर्यावरणावर विपरित परिणाम होतो,1.69,12.5,1.69,12.5,0
IISc_RESPIN_mr_D4_72506_422004_F_AGRI_721936_71293370,D4,Agriculture,5.9,राई आणि बार्ली सारख्या इतर पिकांसह उन्हाळ्यात ओट्स वाढतात,राई यानी भरले सारख्या इतर पिकांसह उन्हाळ्यात ऊस वाढतात,राई आणि बार्ली सारख्या इतर पिकांसह उन्हाळ्यात ओट्स वाढतात,राई यानी भरले सारख्या इतर पिकांसह उन्हाळ्यात ऊस वाढतात,19.3,33.33,19.3,33.33,0
IISc_RESPIN_mr_D2_72520_422004_F_AGRI_715831_71297944,D2,Agriculture,5.09,बकरीच्या उच्च अनुवांशिक योग्यतेच्या नोंदणी असलेल्या जाती फक्त बारा जाती आहेत,बकरीच्या उच्च अनुवंशिक योग्य तेच्या नोंदणी असलेल्या जाती फक्त बारा जाती आहेत,बकरीच्या उच्च अनुवांशिक योग्यतेच्या नोंदणी असलेल्या जाती फक्त बारा जाती आहेत,बकरीच्या उच्च अनुवंशिक योग्य तेच्या नोंदणी असलेल्या जाती फक्त बारा जाती आहेत,2.63,27.27,2.63,27.27,0
IISc_RESPIN_mr_D2_72520_422004_F_BANK_714510_71298076,D2,Banking,4.72,सरकार पायाभूत ठिकाणे विकास करानी करता करना वर उपकरबी लावस,सरकार पाया पिकाने विकास करानी करता करना वर उपकर बी लावस,सरकार पायाभूत ठिकाणे विकास करानी करता करना वर उपकरबी लावस,सरकार पाया पिकाने विकास करानी करता करना वर उपकर बी लावस,10.53,40.0,10.53,40.0,0
IISc_RESPIN_mr_D2_72520_422004_F_AGRI_714218_71298120,D2,Agriculture,4.71,जंगलतोडमझार वन जमिननं रुपांतर वावर नैते सयेरना करता व्हस,जंगल तूर मझार वन जमीन रूपांतर वावर नै ते सयाना करता व्हस,जंगलतोडमझार वन जमिननं रुपांतर वावर नैते सयेरना करता व्हस,जंगल तूर मझार वन जमीन रूपांतर वावर नै ते सयाना करता व्हस,19.64,88.89,19.64,88.89,0
IISc_RESPIN_mr_D2_72520_422004_F_AGRI_714358_71298199,D2,Agriculture,4.07,फळे देनारा झाडेस्ले शेतकरी जमीनना आंदाज लीसनी काटछाट करस,फळे देनारा झाडे ले शेतकरी जमीन ना आंदाज लिसनी काचा करस,फळे देनारा झाडेस्ले शेतकरी जमीनना आंदाज लीसनी काटछाट करस,फळे देनारा झाडे ले शेतकरी जमीन ना आंदाज लिसनी काचा करस,12.5,66.67,12.5,66.67,0
IISc_RESPIN_mr_D2_72520_422004_F_AGRI_714351_71298226,D2,Agriculture,3.75,प्रधानमंत्री कृषी सिंचन योजनानी करता पाच कागदपत्रे लागतस,प्रधानमंत्री कृषी सिंचन योजना नी करता पाच कागदपत्रे लागतस,प्रधानमंत्री कृषी सिंचन योजनानी करता पाच कागदपत्रे लागतस,प्रधानमंत्री कृषी सिंचन योजना नी करता पाच कागदपत्रे लागतस,1.79,25.0,1.79,25.0,0
IISc_RESPIN_mr_D2_72520_422004_F_AGRI_716387_71298235,D2,Agriculture,2.63,लिली च्या फुलाला सहा पाकळया असतात,किडीच्या फुलाला सहा पाकड्ेा असतात,लिली च्या फुलाला सहा पाकळया असतात,किडीच्या फुलाला सहा पाकड्ेा असतात,18.18,50.0,18.18,50.0,0
IISc_RESPIN_mr_D2_72520_422004_F_AGRI_716418_71298261,D2,Agriculture,5.45,हळद ही चार ते पाच फुटांपर्यंत वाढणारी वनस्पती असून ती झाडाच्या मुळांच्या गाठींमध्ये आढळते,हळदीचा आर ति पाच कोटा पर्यंत वाढणारी वनस्पती असू ती झाडाच्या मुळाच्या घाटीं मध्ये आढळते,हळद ही चार ते पाच फुटांपर्यंत वाढणारी वनस्पती असून ती झाडाच्या मुळांच्या गाठींमध्ये आढळते,हळदीचा आर ति पाच कोटा पर्यंत वाढणारी वनस्पती असू ती झाडाच्या मुळाच्या घाटीं मध्ये आढळते,15.73,71.43,15.73,71.43,0
IISc_RESPIN_mr_D2_72520_422004_F_BANK_715681_71298423,D2,Banking,3.39,त्यामधून सगळ्यात मुख्य वित्तीय लेखा मानक बोर्ड आहे,त्या मधून सगळ्यात मुख्य वित्तीय लेखा मान बोर्ड आहे,त्यामधून सगळ्यात मुख्य वित्तीय लेखा मानक बोर्ड आहे,त्या मधून सगळ्यात मुख्य वित्तीय लेखा मान बोर्ड आहे,4.0,37.5,4.0,37.5,0
IISc_RESPIN_mr_D4_72891_441303_M_AGRI_722066_71298663,D4,Agriculture,4.41,कुर्बान काका तुमच्याकडे कुर्बानीसाठी मेंढी कुठून आली ?,पुरवां काका तुमच्याकडे कर बाणीसाठी मेंढी कुठून नाही,कुर्बान काका तुमच्याकडे कुर्बानीसाठी मेंढी कुठून आली,पुरवां काका तुमच्याकडे कर बाणीसाठी मेंढी कुठून नाही,19.23,57.14,22.22,62.5,0
IISc_RESPIN_mr_D4_72853_440001_F_AGRI_720185_71299127,D4,Agriculture,4.7,समुद्री जीवांच्या आरोग्यासाठी आणि पुनरुत्पादनासाठी मत्स्यपालन चांगले काम करत आहे,समुृती जीवांच्या आरोग्य साठ्णि फुलरत्पादन साठी मत्स्यपालन चांगले काम करत आहे,समुद्री जीवांच्या आरोग्यासाठी आणि पुनरुत्पादनासाठी मत्स्यपालन चांगले काम करत आहे,समुृती जीवांच्या आरोग्य साठ्णि फुलरत्पादन साठी मत्स्यपालन चांगले काम करत आहे,13.75,50.0,13.75,50.0,0
IISc_RESPIN_mr_D4_72891_441303_M_BANK_722308_71299779,D4,Banking,5.29,पसंतीचे समभाग सामान्य समभागांपेक्षा वरिष्ठ असतात,पसंतीचे समभाग सामान्य भागा त्याच्या वरिष्ठ असतात,पसंतीचे समभाग सामान्य समभागांपेक्षा वरिष्ठ असतात,पसंतीचे समभाग सामान्य भागा त्याच्या वरिष्ठ असतात,18.75,33.33,18.75,33.33,0
IISc_RESPIN_mr_D4_72891_441303_M_AGRI_720302_71300332,D4,Agriculture,6.92,रेझीनमधून एक ते तीन चिकट रेझीन मिळविण्यासाठी रबरी लाकडाचा वापर केला जाऊ शकतो,वेळी म्हणून एक ते तीन चिकट रेती मिळविण्यासाठी रबरी लाकडाचा वापर केला जाऊ शकतो,रेझीनमधून एक ते तीन चिकट रेझीन मिळविण्यासाठी रबरी लाकडाचा वापर केला जाऊ शकतो,वेळी म्हणून एक ते तीन चिकट रेती मिळविण्यासाठी रबरी लाकडाचा वापर केला जाऊ शकतो,10.53,23.08,10.53,23.08,0
IISc_RESPIN_mr_D4_72891_441303_M_AGRI_721066_71301066,D4,Agriculture,5.16,मातीतील पोषकद्रव्ये वाढविण्यासाठी मी शेताची काही तपासणी केली आहे,मातीतील पोषक द्रव्ये वाढविण्यासाठी मी शेतांची काही तपासणी केली आहे,मातीतील पोषकद्रव्ये वाढविण्यासाठी मी शेताची काही तपासणी केली आहे,मातीतील पोषक द्रव्ये वाढविण्यासाठी मी शेतांची काही तपासणी केली आहे,3.12,33.33,3.12,33.33,0
IISc_RESPIN_mr_D4_72891_441303_M_AGRI_720862_71301293,D4,Agriculture,5.19,तण नियंत्रण हा कीटक नियंत्रणाचा वनस्पतिशास्त्रीय घटक आहे,तण नियंत्रण हा कीटक नियंत्रणा चा वनस्पती शास्त्रीय घटक आहे,तण नियंत्रण हा कीटक नियंत्रणाचा वनस्पतिशास्त्रीय घटक आहे,तण नियंत्रण हा कीटक नियंत्रणा चा वनस्पती शास्त्रीय घटक आहे,5.36,50.0,5.36,50.0,0
IISc_RESPIN_mr_D4_72891_441303_M_AGRI_720944_71315777,D4,Agriculture,6.66,शेतकरी विशिष्ट कृषी उत्पादनाचे मान्य प्रमाण प्रदान करण्यास सहमत आहे,शेतकरी विशिष्ट कृषी उत्पादनाचे मान्य प्रमाण प्रदान करण्यास सह होत आहे,शेतकरी विशिष्ट कृषी उत्पादनाचे मान्य प्रमाण प्रदान करण्यास सहमत आहे,शेतकरी विशिष्ट कृषी उत्पादनाचे मान्य प्रमाण प्रदान करण्यास सह होत आहे,4.48,20.0,4.48,20.0,0
IISc_RESPIN_mr_D4_72891_441303_M_AGRI_719006_71316375,D4,Agriculture,5.53,पिकाची काळजीपूर्वक हाताळणी केल्याने साठवणुकीत होणारे नुकसान कमी होते,पिकाची काळजी पूर्व हाताळणी केल्याने साठवणुकीच होणारे नुकसान कमी होते,पिकाची काळजीपूर्वक हाताळणी केल्याने साठवणुकीत होणारे नुकसान कमी होते,पिकाची काळजी पूर्व हाताळणी केल्याने साठवणुकीच होणारे नुकसान कमी होते,4.41,33.33,4.41,33.33,0
IISc_RESPIN_mr_D1_72483_416513_M_BANK_710233_71320740,D1,Banking,3.76,घरासाठी कर्ज घेतल्यावर व्याजदर कमी बसता,घरासाठी कर्ज घेतल्यावर व्याजदर कमी बसता,घरासाठी कर्ज घेतल्यावर व्याजदर कमी बसता,घरासाठी कर्ज घेतल्यावर व्याजदर कमी बसता,0.0,0.0,0.0,0.0,1
IISc_RESPIN_mr_D1_72483_416513_M_AGRI_708300_71320755,D1,Agriculture,5.52,टँकरात भरलल्या दुधाक पायपातसून सगळीकडे पोचयतत,टन करात भरलेल्या विभाग पाय पाच सूत सगळी कडे पोच येतत,टँकरात भरलल्या दुधाक पायपातसून सगळीकडे पोचयतत,टन करात भरलेल्या विभाग पाय पाच सूत सगळी कडे पोच येतत,31.11,183.33,31.11,183.33,0
IISc_RESPIN_mr_D1_72483_416513_M_AGRI_707743_71321077,D1,Agriculture,4.24,पृष्ठभाग सिंचन ह्यो जगातलो सगळ्यात साधो सिंचन प्रकार आसा,पृष्ठभाग सिंचन हयोजगातले सगळयात साध्य सिंचन प्रकार आसा,पृष्ठभाग सिंचन ह्यो जगातलो सगळ्यात साधो सिंचन प्रकार आसा,पृष्ठभाग सिंचन हयोजगातले सगळयात साध्य सिंचन प्रकार आसा,10.71,44.44,10.71,44.44,0
IISc_RESPIN_mr_D4_72891_441303_M_BANK_720472_71322406,D4,Banking,4.22,कराच्या बदल्यात सरकार आपल्या लोकांना सुविधा पुरवते,कराच्या बदल्यात सरकार आपल्या लोकांना सुविधा पुरवते,कराच्या बदल्यात सरकार आपल्या लोकांना सुविधा पुरवते,कराच्या बदल्यात सरकार आपल्या लोकांना सुविधा पुरवते,0.0,0.0,0.0,0.0,1
IISc_RESPIN_mr_D1_72483_416513_M_BANK_708258_71322575,D1,Banking,5.38,कॉर्पोरेट वित्त ह्या वित्तपुरवठ्यावर लक्ष केंद्रित करणारा एक वित्त क्षेत्र आसा,कॉर्पोरेट वित्त ह्या वित्त पुरवठ्यावर लक्ष केंद्रित करणारा एक वित्त क्षेत्र असा,कॉर्पोरेट वित्त ह्या वित्तपुरवठ्यावर लक्ष केंद्रित करणारा एक वित्त क्षेत्र आसा,कॉर्पोरेट वित्त ह्या वित्त पुरवठ्यावर लक्ष केंद्रित करणारा एक वित्त क्षेत्र असा,2.56,27.27,2.56,27.27,0
IISc_RESPIN_mr_D4_72891_441303_M_BANK_721140_71323002,D4,Banking,5.02,अटल पेन्शन योजना ही सरकारने सुरू केलेली सामाजिक सुरक्षा योजना आहे,अटल पेन्शन योजना ही सरकारने सुरू केलेली सामाजिक सुरक्षा योजना आहे,अटल पेन्शन योजना ही सरकारने सुरू केलेली सामाजिक सुरक्षा योजना आहे,अटल पेन्शन योजना ही सरकारने सुरू केलेली सामाजिक सुरक्षा योजना आहे,0.0,0.0,0.0,0.0,1
IISc_RESPIN_mr_D1_72483_416513_M_AGRI_708143_71323455,D1,Agriculture,5.1,हावडा आणि मटाळा दरम्यान आणि चिल्का तलावामध्ये खाडी मासेमारी केली जाता,आवळा आणि मटाळा दरम्यान आणि शुल्क का तलावांमध्ये खाली मासेमारी केली जातात,हावडा आणि मटाळा दरम्यान आणि चिल्का तलावामध्ये खाडी मासेमारी केली जाता,आवळा आणि मटाळा दरम्यान आणि शुल्क का तलावांमध्ये खाली मासेमारी केली जातात,14.49,54.55,14.49,54.55,0
IISc_RESPIN_mr_D1_72483_416513_M_BANK_724934_71324509,D1,Banking,7.28,"एक चेक बुक विनंती पत्र तुमच्या बँकेक अधिकृत विनंती च्या स्वरूपात लिव्हचा लागता , असा त्यांनी सांगितल्यानी",एक चेक बुक विनंती पत्र तुमच्या बँके अधिकृत दिलं तेच्या स्वरूपात लिवचा लागता असा त्याने सांगितल्याने,एक चेक बुक विनंती पत्र तुमच्या बँकेक अधिकृत विनंती च्या स्वरूपात लिव्हचा लागता असा त्यांनी सांगितल्यानी,एक चेक बुक विनंती पत्र तुमच्या बँके अधिकृत दिलं तेच्या स्वरूपात लिवचा लागता असा त्याने सांगितल्याने,10.68,37.5,12.38,41.18,0
IISc_RESPIN_mr_D1_72478_416513_M_AGRI_708105_71327961,D1,Agriculture,2.85,सांड बैल ह्यो लय शक्तिमान प्राणी आसा,सांड बैल ह्यो लय शक्ती मान प्राणी असा,सांड बैल ह्यो लय शक्तिमान प्राणी आसा,सांड बैल ह्यो लय शक्ती मान प्राणी असा,8.33,42.86,8.33,42.86,0
IISc_RESPIN_mr_D1_72478_416513_M_AGRI_709868_71327964,D1,Agriculture,3.64,खरीब पिकांसाठी बहूपोषक खता खूप फायदेशीर असत,खरीप पिकांसाठी भाऊ पोषक खता खूप फायदेशीर असत,खरीब पिकांसाठी बहूपोषक खता खूप फायदेशीर असत,खरीप पिकांसाठी भाऊ पोषक खता खूप फायदेशीर असत,11.63,42.86,11.63,42.86,0
IISc_RESPIN_mr_D1_72478_416513_M_AGRI_710071_71328550,D1,Agriculture,3.29,लोकांका थंड वातावरणात कॉफी पियुक आवडता,लोकांका थंड वातावरणात कॉफी पिक आवडता,लोकांका थंड वातावरणात कॉफी पियुक आवडता,लोकांका थंड वातावरणात कॉफी पिक आवडता,5.26,16.67,5.26,16.67,0
IISc_RESPIN_mr_D1_72478_416513_M_BANK_710233_71328556,D1,Banking,3.29,घरासाठी कर्ज घेतल्यावर व्याजदर कमी बसता,घरासाठी कर्ज घेतल्यावर व्याजदर कमी असता,घरासाठी कर्ज घेतल्यावर व्याजदर कमी बसता,घरासाठी कर्ज घेतल्यावर व्याजदर कमी असता,2.56,16.67,2.56,16.67,0
IISc_RESPIN_mr_D4_72853_440001_F_BANK_719364_71329929,D4,Banking,3.87,व्याजदर वाढल्याने इक्विटी कमी होत आहे कंपनी अधिक व्याज देत आहे,व्याज तर वाढल्याने किडी कमी होता ही कंपनीनी बँक देत आहे,व्याजदर वाढल्याने इक्विटी कमी होत आहे कंपनी अधिक व्याज देत आहे,व्याज तर वाढल्याने किडी कमी होता ही कंपनीनी बँक देत आहे,30.65,72.73,30.65,72.73,0
IISc_RESPIN_mr_D4_72853_440001_F_AGRI_721936_71329952,D4,Agriculture,4.08,राई आणि बार्ली सारख्या इतर पिकांसह उन्हाळ्यात ओट्स वाढतात,डाळी आणि बाग ली सारख्या इतर पिकांचा उनाळ्यात ओटच आवडतात,राई आणि बार्ली सारख्या इतर पिकांसह उन्हाळ्यात ओट्स वाढतात,डाळी आणि बाग ली सारख्या इतर पिकांचा उनाळ्यात ओटच आवडतात,24.56,77.78,24.56,77.78,0
IISc_RESPIN_mr_D4_72853_440001_F_BANK_721337_71330512,D4,Banking,2.26,भारतात आर्थिक सुधारणा कार्यरत आहेत,भारतात आर्थिक सुधानाक कार्त आहेत,भारतात आर्थिक सुधारणा कार्यरत आहेत,भारतात आर्थिक सुधानाक कार्त आहेत,14.71,40.0,14.71,40.0,0
IISc_RESPIN_mr_D4_72853_440001_F_BANK_721239_71330529,D4,Banking,4.76,सिंगापूर बँकिंग गोपनीयता बँकिंग कायद्याच्या कलम चोवीस नुसार नियमित केली जाते,सिंगापूर बँकिंग गोपनीयता बँकिंग कायद्याच्या कलम चोवीस नुसार नियमित केली जाते,सिंगापूर बँकिंग गोपनीयता बँकिंग कायद्याच्या कलम चोवीस नुसार नियमित केली जाते,सिंगापूर बँकिंग गोपनीयता बँकिंग कायद्याच्या कलम चोवीस नुसार नियमित केली जाते,0.0,0.0,0.0,0.0,1
IISc_RESPIN_mr_D4_72853_440001_F_AGRI_722758_71331051,D4,Agriculture,4.2,"मातीची निर्मिती म्हणजे मातीच्या भौतिक , रासायनिक आणि जैविक गुणधर्मांचा अभ्यास",मातीची निर्मिती म्हणजे मातीच्या भौतिक रासायनिक आणि जैव गुणधर्म चा अभ्यास,मातीची निर्मिती म्हणजे मातीच्या भौतिक रासायनिक आणि जैविक गुणधर्मांचा अभ्यास,मातीची निर्मिती म्हणजे मातीच्या भौतिक रासायनिक आणि जैव गुणधर्म चा अभ्यास,5.33,30.0,7.79,36.36,0
IISc_RESPIN_mr_D1_72478_416513_M_AGRI_707901_71331106,D1,Agriculture,4.12,माणूस स्वताच्या फायद्यासाठी चिंगळांचा उप्तादन करता,माणूस स्वताच्या फायद्यासाठी चिंगळांचा उत्पादन करतात,माणूस स्वताच्या फायद्यासाठी चिंगळांचा उप्तादन करता,माणूस स्वताच्या फायद्यासाठी चिंगळांचा उत्पादन करतात,6.0,33.33,6.0,33.33,0
IISc_RESPIN_mr_D4_72853_440001_F_BANK_721473_71331244,D4,Banking,3.32,आपले पैसे गुंतवण्यासाठी एखाद्या चांगल्या ब्रोकरचा सल्ला घ्या,आपले पैसे गुंतवण्याी एखादा चांगला लोकर चा सल्ला घ्या,आपले पैसे गुंतवण्यासाठी एखाद्या चांगल्या ब्रोकरचा सल्ला घ्या,आपले पैसे गुंतवण्याी एखादा चांगला लोकर चा सल्ला घ्या,18.33,62.5,18.33,62.5,0
IISc_RESPIN_mr_D4_72853_440001_F_BANK_720727_71331499,D4,Banking,3.21,मनी मार्केट ही एक अल्पकालीन भांडवल उभारणी पद्धत आहे,मनी मार्केट यक अल्पकालीन भांडवल उभारणी पद्धत आहे,मनी मार्केट ही एक अल्पकालीन भांडवल उभारणी पद्धत आहे,मनी मार्केट यक अल्पकालीन भांडवल उभारणी पद्धत आहे,7.84,22.22,7.84,22.22,0
IISc_RESPIN_mr_D4_72522_440001_M_BANK_721108_71347471,D4,Banking,4.83,एस्टोनिया ही कर स्पर्धेत जगातील सर्वोत्कृष्ट कर प्रणाली आहे,एस्टोन या ही कार्स पर्यत जगातील सर्व पृष्ठ कार प्रणाली आहे,एस्टोनिया ही कर स्पर्धेत जगातील सर्वोत्कृष्ट कर प्रणाली आहे,एस्टोन या ही कार्स पर्यत जगातील सर्व पृष्ठ कार प्रणाली आहे,20.34,77.78,20.34,77.78,0
IISc_RESPIN_mr_D4_72522_440001_M_AGRI_720185_71351467,D4,Agriculture,7.29,समुद्री जीवांच्या आरोग्यासाठी आणि पुनरुत्पादनासाठी मत्स्यपालन चांगले काम करत आहे,समुद्री जीवांच्या आरोग्यासाठी आणि पुल उत्पादनासाठी मत्स्यपालन चांगले काम करत आहे,समुद्री जीवांच्या आरोग्यासाठी आणि पुनरुत्पादनासाठी मत्स्यपालन चांगले काम करत आहे,समुद्री जीवांच्या आरोग्यासाठी आणि पुल उत्पादनासाठी मत्स्यपालन चांगले काम करत आहे,3.75,20.0,3.75,20.0,0
IISc_RESPIN_mr_D4_72522_440001_M_AGRI_722844_71352341,D4,Agriculture,7.17,नीरज मी वसंत ऋतूमध्ये कोलोकेशियाच्या पानांची लागवड करेन,निरजीमे वसंत ऋतूमध्ये कोलके शियाच्या पानांची लागवड करले,नीरज मी वसंत ऋतूमध्ये कोलोकेशियाच्या पानांची लागवड करेन,निरजीमे वसंत ऋतूमध्ये कोलके शियाच्या पानांची लागवड करले,12.73,62.5,12.73,62.5,0
IISc_RESPIN_mr_D4_72522_440001_M_BANK_722296_71352367,D4,Banking,7.89,शहरी गरिबी दूर करण्यासाठी राष्ट्रीय ग्रामीण उपजीविका अभियान योजना प्रभावी ठरेल,शहरी गरीबी दूर करण्यासाठी राष्ट्रीय ग्रामीण उपजीविका आभियान योजना प्रभावी ठरेल,शहरी गरिबी दूर करण्यासाठी राष्ट्रीय ग्रामीण उपजीविका अभियान योजना प्रभावी ठरेल,शहरी गरीबी दूर करण्यासाठी राष्ट्रीय ग्रामीण उपजीविका आभियान योजना प्रभावी ठरेल,2.56,18.18,2.56,18.18,0
IISc_RESPIN_mr_D4_72522_440001_M_BANK_720001_71353461,D4,Banking,5.5,इलेक्ट्रॉनिक ट्रान्सफर हे ऑनलाइन पैसे ट्रान्सफर करण्याचे माध्यम आहे,इलेक्टॉनिक स ट्रान्सफर हे ऑनलाईन पैसे ट्रान्सफर करण्याचे माध्यम आहे,इलेक्ट्रॉनिक ट्रान्सफर हे ऑनलाइन पैसे ट्रान्सफर करण्याचे माध्यम आहे,इलेक्टॉनिक स ट्रान्सफर हे ऑनलाईन पैसे ट्रान्सफर करण्याचे माध्यम आहे,7.46,33.33,7.46,33.33,0
IISc_RESPIN_mr_D4_72522_440001_M_AGRI_722263_71353466,D4,Agriculture,4.26,कॅटागॅट उत्पादक सहसा मेंढी वापरतात,किट गॅट उत्पादक सहसा मेंढी वापरतात,कॅटागॅट उत्पादक सहसा मेंढी वापरतात,किट गॅट उत्पादक सहसा मेंढी वापरतात,5.88,40.0,5.88,40.0,0
IISc_RESPIN_mr_D4_72522_440001_M_BANK_721913_71353482,D4,Banking,9.92,भारत सरकारने ऑगस्ट दो हजार चार मध्ये कस्तुरबा गांधी बालिका विद्यालय योजना सुरू केली होती,भारत सरकारने ऑगसदो हजार चार मध्ये कस्तुरबा गांधी बालिका विद्यालय योजना सुरू केली होती,भारत सरकारने ऑगस्ट दो हजार चार मध्ये कस्तुरबा गांधी बालिका विद्यालय योजना सुरू केली होती,भारत सरकारने ऑगसदो हजार चार मध्ये कस्तुरबा गांधी बालिका विद्यालय योजना सुरू केली होती,3.41,13.33,3.41,13.33,0
