step,timestamp,reward_mean,reward_std,reward_min,reward_max,greedy_cer,best_hyp_cer,worst_hyp_cer,mean_hyp_cer,mean_hyp_wer,cer_spread,loss_total,loss_grpo_surr,loss_kl,loss_ctc,clip_fraction,policy_entropy,advantage_mean,advantage_std,grad_norm,lr,throughput_aud_s_per_s,step_time_sec
1,1790893955.004146,-0.366,0.0467,-0.7714,-0.149,0.1962,0.188,0.2714,0.2327,0.6666,0.0833,0.1346,-0.0,0.0874,0.8743,0.0,0.293,0.0,0.8752,0.0,0.0,21.4,2.16
2,1790893955.5168724,-0.2868,0.0413,-0.5816,-0.1118,0.1426,0.1355,0.2027,0.1706,0.581,0.0672,0.0793,0.0,0.1149,0.4978,0.0,0.307,0.0,0.8752,0.0,0.0,147.0,0.5
3,1790893956.0290704,-0.4169,0.0437,-0.7667,-0.1741,0.2247,0.2202,0.304,0.2649,0.7601,0.0838,0.1191,0.0,0.1105,0.7644,0.0,0.463,-0.0,0.8752,0.0,0.0,186.4,0.51
4,1790893956.6491585,-0.3976,0.0471,-0.65,-0.1654,0.1984,0.1975,0.284,0.2459,0.7589,0.0865,0.0988,-0.0,0.0995,0.6321,0.0,0.414,0.0,0.8752,0.26,1.3333333333333336e-07,188.8,0.62
5,1790893957.1196694,-0.2932,0.0567,-0.7455,-0.0589,0.1551,0.1388,0.2329,0.1818,0.5572,0.0941,0.1315,0.0,0.1361,0.8403,0.0,0.247,-0.0,0.8752,0.0,1.3333333333333336e-07,95.9,0.47
6,1790893957.5927093,-0.3627,0.0417,-0.6227,-0.1353,0.1928,0.1915,0.2659,0.2302,0.6628,0.0744,0.1141,0.0,0.0955,0.7351,0.0,0.365,-0.0,0.8752,0.0,1.3333333333333336e-07,150.7,0.47
7,1790893958.0394726,-0.4452,0.0413,-0.7637,-0.1863,0.2565,0.2481,0.3299,0.2903,0.7743,0.0819,0.1397,0.0,0.1265,0.8979,0.0,0.478,-0.0,0.8752,0.0,1.3333333333333336e-07,195.6,0.44
8,1790893958.5686662,-0.4071,0.0479,-0.6973,-0.1525,0.2124,0.2107,0.2925,0.2552,0.7596,0.0818,0.1114,0.0,0.1179,0.7114,0.0,0.446,-0.0,0.8752,0.32,2.666666666666667e-07,225.4,0.53
9,1790893959.0672064,-0.3718,0.0473,-0.593,-0.1164,0.1927,0.1894,0.2869,0.2389,0.6645,0.0975,0.1182,-0.0,0.0822,0.7661,0.0,0.343,0.0,0.8379,0.0,2.666666666666667e-07,106.2,0.5
10,1790893959.5647647,-0.3557,0.0437,-0.6444,-0.0545,0.1863,0.1851,0.2672,0.2248,0.6549,0.0821,0.1,-0.0,0.1467,0.6274,0.0,0.378,0.0,0.8752,0.0,2.666666666666667e-07,161.8,0.49
11,1790893960.0836344,-0.4717,0.0421,-0.6754,-0.1886,0.2768,0.2758,0.3545,0.3165,0.7761,0.0787,0.1682,0.0,0.0943,1.0964,0.0,0.447,-0.0,0.8752,0.0,2.666666666666667e-07,188.0,0.52
12,1790893960.557447,-0.3783,0.0407,-0.5846,-0.2009,0.189,0.189,0.2636,0.2306,0.7384,0.0746,0.1082,0.0,0.1239,0.6885,0.0,0.362,-0.0,0.8752,0.246,4.0000000000000003e-07,276.5,0.47
13,1790893960.9847226,-0.3613,0.0546,-0.7585,-0.0686,0.1824,0.1762,0.2816,0.2273,0.6702,0.1054,0.1633,-0.0,0.1264,1.0551,0.0,0.278,0.0,0.8752,0.0,4.0000000000000003e-07,109.8,0.42
14,1790893961.4856732,-0.2717,0.0295,-0.4298,-0.1077,0.1384,0.1341,0.1825,0.1583,0.5668,0.0484,0.0776,-0.0,0.1004,0.4907,0.0,0.302,0.0,0.8752,0.0,4.0000000000000003e-07,142.1,0.5
15,1790893961.9499624,-0.4372,0.0427,-0.6714,-0.1352,0.2416,0.2396,0.3241,0.2853,0.7595,0.0845,0.1431,-0.0,0.1059,0.9256,0.0,0.425,0.0,0.8752,0.0,4.0000000000000003e-07,193.3,0.46
16,1790893962.480475,-0.3596,0.0458,-0.5376,-0.1699,0.189,0.1862,0.2642,0.2243,0.6766,0.0779,0.1054,0.0,0.0995,0.6763,0.0,0.353,-0.0,0.8752,0.324,5.333333333333335e-07,212.3,0.53
17,1790893962.961755,-0.3374,0.0391,-0.7714,-0.1194,0.1895,0.1816,0.2489,0.2107,0.6334,0.0673,0.1337,-0.0,0.0918,0.8669,0.0,0.228,0.0,0.8379,0.0,5.333333333333335e-07,114.6,0.48
18,1790893963.472732,-0.3637,0.0617,-0.6125,-0.1433,0.1766,0.1752,0.284,0.2293,0.6721,0.1088,0.1034,0.0,0.0816,0.6676,0.0,0.398,-0.0,0.8752,0.0,5.333333333333335e-07,147.1,0.51
19,1790893963.9371603,-0.334,0.0433,-0.5525,-0.1586,0.168,0.1667,0.2475,0.2087,0.6264,0.0807,0.1072,-0.0,0.1046,0.687,0.0,0.334,0.0,0.8752,0.0,5.333333333333335e-07,207.4,0.46
20,1790893964.4662814,-0.4009,0.0459,-0.6255,-0.2053,0.1944,0.1923,0.285,0.2434,0.7878,0.0927,0.108,0.0,0.1549,0.6788,0.0,0.39,-0.0,0.8752,0.289,6.666666666666667e-07,222.2,0.53
21,1790893964.9449937,-0.3013,0.0532,-0.9333,-0.0663,0.1635,0.1524,0.2421,0.1985,0.514,0.0897,0.1321,0.0,0.1208,0.8485,0.0,0.254,-0.0,0.8752,0.0,6.666666666666667e-07,92.6,0.48
22,1790893965.3980196,-0.352,0.054,-0.7714,-0.0842,0.1771,0.1717,0.2751,0.2243,0.6383,0.1034,0.1394,-0.0,0.1109,0.8996,0.0,0.338,0.0,0.8752,0.0,6.666666666666667e-07,143.7,0.45
23,1790893965.859127,-0.3559,0.0513,-0.6686,-0.0744,0.1666,0.1638,0.2568,0.2176,0.6915,0.093,0.1038,0.0,0.1026,0.6647,0.0,0.399,-0.0,0.8752,0.0,6.666666666666667e-07,200.3,0.46
24,1790893966.340257,-0.3859,0.0435,-0.6622,-0.1846,0.1891,0.1865,0.2668,0.2335,0.7617,0.0803,0.1033,-0.0,0.1123,0.6587,0.0,0.419,0.0,0.8752,0.298,8.000000000000001e-07,227.0,0.48
25,1790893966.7959158,-0.3874,0.062,-0.7955,-0.0589,0.2081,0.2058,0.3062,0.2551,0.6616,0.1003,0.1497,0.0,0.0964,0.9724,0.0,0.315,-0.0,0.8379,0.0,8.000000000000001e-07,93.0,0.45
26,1790893969.177358,-0.3748,0.0528,-0.6861,-0.0784,0.2035,0.1934,0.2878,0.2407,0.6707,0.0945,0.1262,-0.0,0.1201,0.8094,0.0,0.388,0.0,0.8752,0.0,8.000000000000001e-07,94.3,0.73
27,1790893969.6961818,-0.3987,0.0537,-0.5636,-0.1489,0.2033,0.2033,0.3052,0.2588,0.6992,0.1019,0.1132,0.0,0.1067,0.7263,0.0,0.417,-0.0,0.8752,0.0,8.000000000000001e-07,180.5,0.52
28,1790893970.2310536,-0.3488,0.0449,-0.5606,-0.1449,0.1744,0.1707,0.2531,0.2162,0.6626,0.0824,0.097,0.0,0.1017,0.6195,0.0,0.362,-0.0,0.8752,0.261,9.333333333333334e-07,239.4,0.53
29,1790893970.694197,-0.343,0.0633,-0.6467,-0.0686,0.1593,0.1448,0.2654,0.2042,0.6937,0.1206,0.1054,-0.0,0.1113,0.6732,0.0,0.334,0.0,0.8752,0.0,9.333333333333334e-07,114.0,0.46
30,1790893971.1501777,-0.3588,0.0403,-0.5925,-0.0617,0.1961,0.1902,0.2603,0.2283,0.6525,0.0702,0.1347,0.0,0.1047,0.87,0.0,0.376,-0.0,0.8752,0.0,9.333333333333334e-07,153.2,0.45
31,1790893971.6364713,-0.4026,0.0494,-0.6521,-0.1322,0.2053,0.2026,0.2933,0.2532,0.7471,0.0907,0.1204,-0.0,0.1223,0.7703,0.0,0.482,0.0,0.8752,0.0,9.333333333333334e-07,180.7,0.48
32,1790893972.1565485,-0.3996,0.0447,-0.6169,-0.1451,0.2166,0.2115,0.3011,0.2534,0.7308,0.0896,0.1294,-0.0,0.1174,0.8314,0.0,0.397,0.0,0.8752,0.253,1.066666666666667e-06,213.7,0.52
33,1790893972.6088948,-0.4399,0.0532,-0.8864,-0.1409,0.248,0.245,0.3393,0.2914,0.7425,0.0943,0.1523,-0.0,0.096,0.9898,0.0,0.356,0.0,0.8752,0.0,1.066666666666667e-06,104.3,0.45
34,1790893973.0928702,-0.3446,0.0443,-0.64,-0.0644,0.1812,0.1779,0.2516,0.215,0.6481,0.0737,0.1186,-0.0,0.1097,0.7613,0.0,0.336,0.0,0.8752,0.0,1.066666666666667e-06,141.6,0.48
35,1790893973.547622,-0.3235,0.0408,-0.6413,-0.1294,0.1689,0.1642,0.2347,0.1991,0.6222,0.0705,0.112,0.0,0.0997,0.72,0.0,0.331,-0.0,0.8752,0.0,1.066666666666667e-06,185.8,0.45
36,1790893974.0624442,-0.3839,0.0453,-0.6335,-0.123,0.1998,0.1989,0.2809,0.2368,0.7355,0.0821,0.1104,0.0,0.1122,0.7059,0.0,0.399,-0.0,0.8752,0.29,1.2000000000000002e-06,210.3,0.51
37,1790893974.5136695,-0.3629,0.0454,-0.6211,-0.0678,0.202,0.1934,0.27,0.2321,0.6539,0.0766,0.1252,0.0,0.1397,0.7972,0.0,0.325,-0.0,0.8752,0.0,1.2000000000000002e-06,137.2,0.45
38,1790893975.0133064,-0.4421,0.0556,-0.7051,-0.1117,0.2315,0.2315,0.3369,0.2943,0.7392,0.1053,0.1401,0.0,0.1487,0.894,0.0,0.485,-0.0,0.8752,0.0,1.2000000000000002e-06,171.2,0.5
39,1790893975.5024343,-0.3925,0.0373,-0.6765,-0.1916,0.2246,0.2227,0.2895,0.2557,0.6837,0.0668,0.1333,0.0,0.1135,0.8585,0.0,0.387,-0.0,0.8752,0.0,1.2000000000000002e-06,206.6,0.49
40,1790893975.9907103,-0.3115,0.0452,-0.5129,-0.1576,0.1434,0.1417,0.223,0.1856,0.6298,0.0813,0.0852,0.0,0.0864,0.5448,0.0,0.336,-0.0,0.8752,0.234,1.3333333333333334e-06,284.7,0.49
41,1790893976.3934615,-0.3457,0.0664,-0.71,-0.0976,0.1545,0.1491,0.2593,0.2041,0.7078,0.1103,0.1173,0.0,0.1492,0.7425,0.0,0.28,-0.0,0.8752,0.0,1.3333333333333334e-06,123.0,0.4
42,1790893976.8508728,-0.3447,0.0466,-0.5368,-0.1825,0.1776,0.1694,0.2573,0.2111,0.6678,0.0879,0.1101,0.0,0.1183,0.7026,0.0,0.373,-0.0,0.8752,0.0,1.3333333333333334e-06,164.5,0.46
43,1790893977.291714,-0.4008,0.0457,-0.6588,-0.1819,0.2158,0.2158,0.2963,0.2542,0.7331,0.0806,0.1125,-0.0,0.1008,0.723,0.0,0.45,0.0,0.8752,0.0,1.3333333333333334e-06,218.8,0.44
44,1790893977.8033674,-0.3522,0.0467,-0.6205,-0.1803,0.1629,0.1629,0.2477,0.2105,0.7085,0.0847,0.0915,0.0,0.1002,0.5832,0.0,0.362,-0.0,0.8752,0.353,1.4666666666666669e-06,225.0,0.51
45,1790893978.2891514,-0.3408,0.0587,-0.8238,-0.1269,0.1734,0.1734,0.2675,0.2151,0.6286,0.0942,0.1203,-0.0,0.1084,0.7733,0.0,0.277,0.0,0.8379,0.0,1.4666666666666669e-06,97.3,0.48
46,1790893978.7698524,-0.2901,0.0468,-0.5658,-0.0969,0.1502,0.14,0.2176,0.1764,0.5684,0.0776,0.1,0.0,0.0955,0.6412,0.0,0.287,-0.0,0.8752,0.0,1.4666666666666669e-06,143.2,0.48
47,1790893979.2109075,-0.4149,0.0433,-0.6508,-0.1883,0.2282,0.2272,0.3169,0.2692,0.7286,0.0897,0.1252,0.0,0.1224,0.8022,0.0,0.429,-0.0,0.8752,0.0,1.4666666666666669e-06,207.3,0.44
48,1790893979.7643313,-0.3714,0.051,-0.6125,-0.1622,0.1792,0.1767,0.2724,0.2279,0.7172,0.0958,0.0988,0.0,0.1081,0.6298,0.0,0.386,-0.0,0.8752,0.271,1.6000000000000001e-06,211.3,0.55
49,1790893980.221935,-0.3554,0.0496,-0.6788,-0.0435,0.1821,0.1803,0.268,0.2246,0.6539,0.0877,0.1381,0.0,0.0862,0.8979,0.0,0.302,-0.0,0.8752,0.0,1.6000000000000001e-06,118.0,0.45
50,1790893980.6939983,-0.3622,0.0442,-0.717,-0.165,0.2052,0.1973,0.2801,0.237,0.6257,0.0827,0.1187,0.0,0.1263,0.7578,0.0,0.381,-0.0,0.8752,0.0,1.6000000000000001e-06,164.1,0.47
51,1790893982.892901,-0.3716,0.0437,-0.6023,-0.2179,0.1889,0.188,0.2703,0.2299,0.7083,0.0823,0.0981,-0.0,0.0947,0.6287,0.0,0.362,0.0,0.8752,0.0,1.6000000000000001e-06,125.0,0.8
52,1790893983.4258997,-0.3547,0.0361,-0.5208,-0.2402,0.1812,0.1793,0.2404,0.2135,0.706,0.0611,0.0944,-0.0,0.1208,0.597,0.0,0.359,0.0,0.8752,0.244,1.7333333333333336e-06,262.7,0.53
53,1790893983.8776803,-0.3663,0.0408,-0.8122,-0.1,0.2097,0.2081,0.2769,0.242,0.6213,0.0687,0.1514,0.0,0.0789,0.9881,0.0,0.336,-0.0,0.8752,0.0,1.7333333333333336e-06,132.3,0.45
54,1790893984.2915516,-0.3377,0.0491,-0.5978,-0.1178,0.1637,0.1623,0.2459,0.2067,0.6549,0.0836,0.0954,0.0,0.118,0.6042,0.0,0.362,-0.0,0.8752,0.0,1.7333333333333336e-06,207.3,0.41
55,1790893984.7439945,-0.4386,0.0459,-0.6744,-0.2067,0.2447,0.2437,0.3358,0.2888,0.7492,0.0921,0.134,-0.0,0.1156,0.8626,0.0,0.43,0.0,0.8752,0.0,1.7333333333333336e-06,218.0,0.45
56,1790893985.261581,-0.4298,0.0433,-0.7357,-0.167,0.2341,0.2325,0.3243,0.2762,0.7679,0.0919,0.1301,0.0,0.09,0.843,0.0,0.409,-0.0,0.8752,0.226,1.8666666666666669e-06,229.9,0.51
57,1790893985.7189684,-0.3486,0.0469,-0.6762,-0.1547,0.1888,0.1814,0.2675,0.2227,0.6298,0.0862,0.132,0.0,0.1032,0.8528,0.0,0.351,-0.0,0.8379,0.0,1.8666666666666669e-06,104.4,0.45
58,1790893986.1321864,-0.3349,0.0459,-0.5333,-0.0331,0.1685,0.1667,0.2369,0.2032,0.6585,0.0702,0.1057,-0.0,0.0871,0.6812,0.0,0.316,0.0,0.8752,0.0,1.8666666666666669e-06,178.5,0.41
59,1790893986.5667374,-0.3754,0.0453,-0.603,-0.1518,0.1914,0.1812,0.2763,0.2301,0.7266,0.095,0.102,0.0,0.1106,0.6503,0.0,0.392,-0.0,0.8752,0.0,1.8666666666666669e-06,204.5,0.43
60,1790893987.02536,-0.4103,0.04,-0.6282,-0.2479,0.2223,0.2188,0.2915,0.2587,0.7581,0.0727,0.1264,0.0,0.1077,0.8139,0.0,0.412,-0.0,0.8752,0.271,2.0000000000000003e-06,231.9,0.46
61,1790893987.460915,-0.3545,0.0432,-0.6681,-0.0,0.1912,0.1801,0.2517,0.2191,0.6768,0.0716,0.1218,-0.0,0.1353,0.7759,0.0,0.32,-0.0,0.8379,0.0,2.0000000000000003e-06,128.5,0.43
62,1790893987.9304361,-0.3567,0.0455,-0.6746,-0.0795,0.1881,0.1787,0.2602,0.2225,0.6709,0.0815,0.1223,-0.0,0.1128,0.7853,0.0,0.416,0.0,0.8752,0.0,2.0000000000000003e-06,166.1,0.47
63,1790893988.3737454,-0.3752,0.043,-0.5593,-0.1833,0.1862,0.1826,0.2621,0.2255,0.7487,0.0795,0.1167,-0.0,0.095,0.753,0.0,0.382,0.0,0.8752,0.0,2.0000000000000003e-06,207.4,0.44
64,1790893988.8748763,-0.3729,0.0385,-0.5861,-0.1624,0.1962,0.1962,0.2642,0.2312,0.7089,0.068,0.1074,0.0,0.0986,0.6896,0.0,0.376,-0.0,0.8752,0.222,2.133333333333334e-06,249.9,0.5
65,1790893989.3495662,-0.36,0.0517,-0.575,-0.1952,0.1769,0.1732,0.2635,0.2233,0.6839,0.0903,0.1501,0.0,0.1118,0.9708,0.0,0.287,0.0,0.8752,0.0,2.133333333333334e-06,113.0,0.47
66,1790893989.7744305,-0.3645,0.0387,-0.7373,-0.118,0.195,0.1923,0.2591,0.2297,0.6743,0.0668,0.1279,-0.0,0.1052,0.8246,0.0,0.398,0.0,0.8752,0.0,2.133333333333334e-06,183.8,0.42
67,1790893990.2431042,-0.3437,0.0475,-0.6948,-0.1194,0.1693,0.1693,0.2527,0.2154,0.6414,0.0833,0.1033,-0.0,0.1318,0.6536,0.0,0.358,0.0,0.8752,0.0,2.133333333333334e-06,217.6,0.47
68,1790893990.7647758,-0.3226,0.0339,-0.5257,-0.1719,0.1607,0.1557,0.2203,0.1897,0.6645,0.0647,0.0854,0.0,0.1121,0.5394,0.0,0.343,-0.0,0.8752,0.231,2.266666666666667e-06,240.3,0.52
69,1790893991.2001197,-0.297,0.0491,-0.5818,-0.1626,0.1409,0.1355,0.2188,0.1754,0.6081,0.0833,0.1012,-0.0,0.101,0.6479,0.0,0.293,0.0,0.8752,0.0,2.266666666666667e-06,128.7,0.43
70,1790893991.647685,-0.3347,0.0389,-0.6712,-0.1372,0.184,0.1769,0.2427,0.2092,0.6275,0.0658,0.1272,-0.0,0.1034,0.8205,0.0,0.332,0.0,0.8752,0.0,2.266666666666667e-06,158.7,0.44
71,1790893992.0939224,-0.4032,0.0516,-0.7,-0.1851,0.2053,0.2053,0.2997,0.2575,0.7288,0.0944,0.1212,-0.0,0.1314,0.7729,0.0,0.44,0.0,0.8752,0.0,2.266666666666667e-06,207.3,0.44
72,1790893992.5687203,-0.3541,0.0417,-0.681,-0.1241,0.1773,0.1729,0.2504,0.2143,0.6988,0.0775,0.117,-0.0,0.0975,0.7537,0.0,0.331,0.0,0.8752,0.218,2.4000000000000003e-06,252.8,0.47
73,1790893992.9972699,-0.3107,0.0526,-0.5944,-0.0556,0.1648,0.1516,0.2454,0.1938,0.5845,0.0939,0.1376,0.0,0.1063,0.8893,0.0,0.248,-0.0,0.8752,0.0,2.4000000000000003e-06,133.3,0.43
74,1790893993.4597197,-0.3823,0.0359,-0.6391,-0.1409,0.2053,0.1989,0.2655,0.2366,0.7285,0.0665,0.1348,-0.0,0.1123,0.8687,0.0,0.369,0.0,0.8752,0.0,2.4000000000000003e-06,174.9,0.46
75,1790893993.9011104,-0.3642,0.0429,-0.6276,-0.1439,0.2042,0.1918,0.275,0.2314,0.6637,0.0832,0.1176,0.0,0.1127,0.7542,0.0,0.383,-0.0,0.8752,0.0,2.4000000000000003e-06,228.5,0.44
76,1790893996.140036,-0.3056,0.0355,-0.4717,-0.1642,0.1512,0.1439,0.2071,0.1776,0.6399,0.0632,0.0735,0.0,0.097,0.464,0.0,0.298,-0.0,0.8752,0.25,2.5333333333333338e-06,153.6,0.79
77,1790893996.5604177,-0.3165,0.0587,-0.6483,-0.0817,0.1719,0.1628,0.2493,0.2003,0.5808,0.0865,0.1578,0.0,0.0905,1.028,0.0,0.232,-0.0,0.8752,0.0,2.5333333333333338e-06,107.3,0.42
78,1790893997.002554,-0.4213,0.0395,-0.6798,-0.1339,0.2312,0.2278,0.3179,0.2692,0.7605,0.0901,0.1383,0.0,0.1105,0.8927,0.0,0.407,-0.0,0.8752,0.0,2.5333333333333338e-06,168.1,0.44
79,1790893997.4854133,-0.3518,0.0442,-0.6505,-0.1146,0.1859,0.1825,0.2568,0.2211,0.6537,0.0743,0.1017,0.0,0.115,0.6473,0.0,0.42,-0.0,0.8752,0.0,2.5333333333333338e-06,189.7,0.48
80,1790893997.9761872,-0.377,0.0449,-0.68,-0.1683,0.2034,0.1954,0.2733,0.235,0.7103,0.0779,0.1168,0.0,0.0872,0.7553,0.0,0.395,-0.0,0.8752,0.234,2.666666666666667e-06,219.2,0.49
81,1790893998.4643145,-0.4024,0.0457,-1.0571,-0.1468,0.2427,0.2223,0.3136,0.2638,0.6929,0.0913,0.1845,0.0,0.0832,1.2076,0.0,0.263,-0.0,0.8752,0.0,2.666666666666667e-06,101.1,0.49
82,1790893998.9718318,-0.3503,0.0417,-0.5918,-0.1715,0.1784,0.1784,0.2523,0.2159,0.6719,0.0738,0.1034,0.0,0.1193,0.6576,0.0,0.341,-0.0,0.8752,0.0,2.666666666666667e-06,168.7,0.5
83,1790893999.4702415,-0.3929,0.052,-0.595,-0.1706,0.2006,0.1985,0.2993,0.2516,0.7064,0.1008,0.1116,-0.0,0.1096,0.7147,0.0,0.384,0.0,0.8752,0.0,2.666666666666667e-06,196.0,0.5
84,1790893999.9879982,-0.3917,0.0423,-0.5735,-0.1563,0.2028,0.2019,0.2715,0.2399,0.759,0.0695,0.1214,0.0,0.1446,0.7706,0.0,0.385,-0.0,0.8752,0.226,2.8000000000000003e-06,231.7,0.51
85,1790894000.409466,-0.3674,0.0448,-0.8364,-0.1296,0.1975,0.1848,0.2693,0.2302,0.6861,0.0845,0.1361,0.0,0.1054,0.8791,0.0,0.252,-0.0,0.8752,0.0,2.8000000000000003e-06,120.3,0.42
86,1790894000.8976433,-0.3062,0.0405,-0.679,-0.0343,0.1546,0.1531,0.2184,0.1853,0.6044,0.0653,0.1243,0.0,0.1231,0.7961,0.0,0.3,-0.0,0.8752,0.0,2.8000000000000003e-06,146.3,0.49
87,1790894001.3708754,-0.368,0.0425,-0.7217,-0.1089,0.1956,0.1945,0.2708,0.2328,0.6764,0.0763,0.1164,-0.0,0.105,0.748,0.0,0.384,0.0,0.8752,0.0,2.8000000000000003e-06,186.3,0.47
88,1790894001.9144447,-0.3566,0.0406,-0.5447,-0.2351,0.1754,0.1754,0.2489,0.215,0.7079,0.0735,0.1077,0.0,0.0953,0.6925,0.0,0.354,-0.0,0.8752,0.229,2.9333333333333338e-06,204.4,0.54
89,1790894002.3914742,-0.3021,0.0529,-0.7232,-0.044,0.1548,0.1394,0.2378,0.1874,0.5732,0.0984,0.0954,0.0,0.0948,0.611,0.0,0.268,-0.0,0.8752,0.0,2.9333333333333338e-06,108.6,0.47
90,1790894002.8483324,-0.3671,0.0469,-0.5964,-0.1398,0.1891,0.1814,0.2635,0.22,0.7357,0.0821,0.1054,0.0,0.1121,0.6727,0.0,0.361,-0.0,0.8752,0.0,2.9333333333333338e-06,150.7,0.45
91,1790894003.2863953,-0.3708,0.0395,-0.5864,-0.1761,0.2029,0.2029,0.2736,0.2385,0.6618,0.0707,0.1171,0.0,0.1058,0.7523,0.0,0.391,-0.0,0.8752,0.0,2.9333333333333338e-06,203.9,0.43
92,1790894003.8627262,-0.3694,0.0364,-0.5636,-0.2322,0.1915,0.1881,0.2582,0.225,0.7217,0.0701,0.1003,0.0,0.0959,0.643,0.0,0.355,-0.0,0.8752,0.225,3.066666666666667e-06,202.2,0.57
93,1790894004.3239565,-0.3293,0.0352,-0.6889,-0.0627,0.19,0.1792,0.2395,0.2092,0.6007,0.0603,0.1057,-0.0,0.0962,0.6789,0.0,0.294,0.0,0.8379,0.0,3.066666666666667e-06,115.7,0.46
94,1790894004.7832794,-0.3205,0.04,-0.6392,-0.0833,0.1712,0.1672,0.2402,0.2048,0.5783,0.073,0.1333,-0.0,0.1051,0.8604,0.0,0.286,0.0,0.8752,0.0,3.066666666666667e-06,166.5,0.46
95,1790894005.2622273,-0.3213,0.0449,-0.5023,-0.1446,0.1619,0.1491,0.2307,0.1911,0.6511,0.0816,0.0983,-0.0,0.0916,0.6309,0.0,0.335,0.0,0.8752,0.0,3.066666666666667e-06,200.6,0.48
96,1790894005.7849524,-0.3659,0.0427,-0.6395,-0.1086,0.1994,0.1958,0.2703,0.2339,0.6596,0.0744,0.123,-0.0,0.1199,0.7879,0.0,0.357,0.0,0.8752,0.215,3.2000000000000003e-06,234.4,0.52
97,1790894006.2496052,-0.3005,0.0461,-0.6175,-0.0876,0.1408,0.1375,0.2199,0.1797,0.6041,0.0824,0.1047,0.0,0.0995,0.6718,0.0,0.335,-0.0,0.8752,0.0,3.2000000000000003e-06,129.5,0.46
98,1790894006.6864314,-0.3353,0.0366,-0.557,-0.1351,0.177,0.1709,0.2427,0.2081,0.6359,0.0717,0.1045,-0.0,0.1127,0.6664,0.0,0.358,0.0,0.8752,0.0,3.2000000000000003e-06,193.4,0.43
99,1790894007.1221776,-0.3593,0.0362,-0.5335,-0.1509,0.1971,0.191,0.2668,0.2289,0.6521,0.0758,0.1104,0.0,0.1116,0.706,0.0,0.356,-0.0,0.8752,0.0,3.2000000000000003e-06,226.1,0.43
100,1790894007.6070487,-0.3597,0.041,-0.6524,-0.1525,0.1938,0.1895,0.2611,0.2246,0.6754,0.0716,0.108,0.0,0.1026,0.6926,0.0,0.34,-0.0,0.8752,0.221,3.3333333333333333e-06,247.6,0.48
101,1790894009.638912,-0.3807,0.0633,-0.9857,-0.1633,0.2174,0.1821,0.2943,0.2388,0.7093,0.1122,0.1321,-0.0,0.1439,0.8424,0.0,0.31,0.0,0.8752,0.0,3.3333333333333333e-06,87.3,0.56
102,1790894010.2052891,-0.3363,0.0382,-0.7592,-0.1212,0.1901,0.1837,0.2537,0.2129,0.6169,0.0699,0.1319,0.0,0.0814,0.8576,0.0,0.285,0.0,0.8752,0.0,3.3333333333333333e-06,133.8,0.56
103,1790894010.6627111,-0.4201,0.0468,-0.7116,-0.2379,0.222,0.222,0.3003,0.2704,0.7483,0.0783,0.1448,0.0,0.1177,0.9338,0.0,0.442,-0.0,0.8752,0.0,3.3333333333333333e-06,200.1,0.45
104,1790894011.138835,-0.3482,0.0377,-0.5124,-0.1853,0.1654,0.1635,0.2365,0.2015,0.7332,0.073,0.0897,-0.0,0.099,0.5714,0.0,0.328,0.0,0.8752,0.242,3.4666666666666672e-06,240.2,0.47
105,1790894011.5728958,-0.3532,0.0435,-0.5513,-0.12,0.1869,0.1709,0.2543,0.2084,0.7238,0.0834,0.1184,-0.0,0.0756,0.7694,0.0,0.218,0.0,0.8752,0.0,3.4666666666666672e-06,113.8,0.43
106,1790894012.061068,-0.2822,0.0422,-0.4938,-0.128,0.1399,0.1341,0.2092,0.172,0.5511,0.0751,0.1022,0.0,0.0782,0.6602,0.0,0.292,-0.0,0.8752,0.0,3.4666666666666672e-06,160.4,0.49
107,1790894012.5357687,-0.4423,0.0388,-0.7,-0.2029,0.2554,0.2546,0.3267,0.2925,0.7491,0.0721,0.1482,-0.0,0.1024,0.9605,0.0,0.433,0.0,0.8752,0.0,3.4666666666666672e-06,196.7,0.47
108,1790894013.0275352,-0.3562,0.0411,-0.5686,-0.1597,0.1769,0.1724,0.2429,0.2149,0.7064,0.0705,0.0991,0.0,0.0986,0.6346,0.0,0.361,-0.0,0.8752,0.249,3.6000000000000003e-06,241.7,0.49
109,1790894013.4667945,-0.2843,0.049,-0.4603,-0.0817,0.1503,0.1375,0.2189,0.1766,0.5382,0.0813,0.1548,-0.0,0.0959,1.0065,0.0,0.219,0.0,0.8752,0.0,3.6000000000000003e-06,98.0,0.43
110,1790894013.878143,-0.2699,0.0414,-0.4667,-0.0619,0.1334,0.1214,0.1903,0.1593,0.5529,0.0689,0.0976,0.0,0.0958,0.6251,0.0,0.258,-0.0,0.8752,0.0,3.6000000000000003e-06,147.4,0.41
111,1790894014.2941113,-0.3478,0.041,-0.5212,-0.1352,0.1715,0.1715,0.2411,0.2092,0.6929,0.0696,0.1109,0.0,0.1143,0.7087,0.0,0.371,-0.0,0.8752,0.0,3.6000000000000003e-06,204.4,0.41
112,1790894014.7944753,-0.4017,0.0424,-0.6028,-0.2409,0.2104,0.2061,0.2924,0.2532,0.7425,0.0862,0.1206,-0.0,0.107,0.7752,0.0,0.362,0.0,0.8752,0.32,3.7333333333333337e-06,210.2,0.5
113,1790894015.233002,-0.3358,0.0494,-0.583,-0.0899,0.1862,0.1792,0.259,0.2162,0.5984,0.0798,0.1091,0.0,0.109,0.6983,0.0,0.306,-0.0,0.8752,0.0,3.7333333333333337e-06,136.6,0.44
114,1790894015.7028916,-0.35,0.0411,-0.6396,-0.1037,0.1853,0.1837,0.2547,0.2188,0.6563,0.071,0.1251,0.0,0.0928,0.8093,0.0,0.316,-0.0,0.8752,0.0,3.7333333333333337e-06,167.3,0.47
115,1790894016.2152407,-0.3653,0.0452,-0.6705,-0.1547,0.1854,0.1833,0.2706,0.2254,0.6995,0.0874,0.1078,0.0,0.109,0.6899,0.0,0.381,-0.0,0.8752,0.0,3.7333333333333337e-06,177.6,0.51
116,1790894016.685243,-0.3628,0.0448,-0.5029,-0.1639,0.188,0.1854,0.2612,0.2239,0.6945,0.0758,0.0972,-0.0,0.1114,0.6186,0.0,0.387,0.0,0.8752,0.216,3.866666666666667e-06,215.7,0.47
117,1790894017.1017299,-0.3121,0.047,-0.7667,-0.1145,0.1674,0.1609,0.2349,0.1996,0.5629,0.0741,0.115,0.0,0.153,0.7256,0.0,0.276,-0.0,0.8752,0.0,3.866666666666667e-06,132.4,0.41
118,1790894017.5104434,-0.3325,0.0408,-0.5922,-0.1314,0.1814,0.1747,0.2476,0.21,0.6126,0.0729,0.1256,-0.0,0.089,0.8137,0.0,0.311,0.0,0.8752,0.0,3.866666666666667e-06,179.7,0.41
119,1790894017.9732594,-0.2909,0.0395,-0.5409,-0.0678,0.149,0.1402,0.2112,0.1764,0.5723,0.071,0.0917,0.0,0.1085,0.5822,0.0,0.313,-0.0,0.8752,0.0,3.866666666666667e-06,198.6,0.46
120,1790894018.5209236,-0.3523,0.0431,-0.68,-0.1634,0.1724,0.1724,0.2467,0.218,0.6716,0.0743,0.1074,-0.0,0.1382,0.6795,0.0,0.357,0.0,0.8752,0.23,4.000000000000001e-06,190.8,0.54
121,1790894018.9331903,-0.3559,0.0503,-0.7048,-0.0,0.172,0.1688,0.262,0.214,0.7098,0.0932,0.1191,0.0,0.1587,0.7519,0.0,0.285,-0.0,0.8379,0.0,4.000000000000001e-06,111.0,0.41
122,1790894019.3783824,-0.33,0.0417,-0.7151,-0.0808,0.1729,0.1715,0.2454,0.2064,0.618,0.0739,0.1183,-0.0,0.1028,0.761,0.0,0.294,0.0,0.8752,0.0,4.000000000000001e-06,165.4,0.44
123,1790894019.8493264,-0.34,0.0421,-0.6186,-0.1223,0.181,0.1735,0.2409,0.2075,0.6623,0.0674,0.1136,-0.0,0.1109,0.7276,0.0,0.358,0.0,0.8752,0.0,4.000000000000001e-06,201.9,0.47
124,1790894020.3623772,-0.3324,0.0425,-0.5111,-0.1727,0.1547,0.1506,0.223,0.1875,0.7246,0.0724,0.0807,-0.0,0.1089,0.5091,0.0,0.321,0.0,0.8752,0.228,4.133333333333333e-06,254.5,0.51
125,1790894020.7677488,-0.3032,0.0538,-0.6074,-0.05,0.1522,0.1439,0.2384,0.1919,0.5562,0.0945,0.1082,0.0,0.1206,0.6895,0.0,0.233,-0.0,0.8752,0.0,4.133333333333333e-06,124.4,0.4
126,1790894022.824744,-0.2578,0.0431,-0.4531,-0.1294,0.1336,0.1228,0.1931,0.156,0.5087,0.0703,0.0879,-0.0,0.0866,0.5632,0.0,0.256,0.0,0.8752,0.0,4.133333333333333e-06,125.7,0.58
127,1790894023.2564132,-0.3734,0.048,-0.7311,-0.0658,0.2011,0.1975,0.2719,0.238,0.6771,0.0744,0.1111,0.0,0.1365,0.7043,0.0,0.406,-0.0,0.8752,0.0,4.133333333333333e-06,202.7,0.43
128,1790894023.7273023,-0.3452,0.0297,-0.5645,-0.1973,0.1795,0.1774,0.2362,0.209,0.6811,0.0588,0.1057,-0.0,0.132,0.6695,0.0,0.321,0.0,0.8752,0.262,4.266666666666668e-06,246.0,0.47
129,1790894024.1861863,-0.2669,0.0417,-0.4857,-0.0435,0.1379,0.1239,0.1979,0.1602,0.5335,0.074,0.0901,0.0,0.0866,0.5776,0.0,0.242,-0.0,0.8752,0.0,4.266666666666668e-06,121.6,0.46
130,1790894024.6307344,-0.359,0.049,-0.6731,-0.099,0.1794,0.1767,0.2688,0.227,0.6602,0.0921,0.1186,0.0,0.1219,0.7584,0.0,0.385,-0.0,0.8752,0.0,4.266666666666668e-06,184.1,0.44
131,1790894025.1010194,-0.4001,0.0404,-0.6951,-0.1489,0.2173,0.2173,0.2948,0.2542,0.7295,0.0775,0.1261,0.0,0.1184,0.8091,0.0,0.384,-0.0,0.8783,0.0,4.266666666666668e-06,182.8,0.47
132,1790894025.564204,-0.3931,0.07,-0.95,-0.1536,0.2076,0.1818,0.3202,0.2492,0.7195,0.1385,0.1446,0.0,0.0917,0.9398,0.0,0.225,-0.0,0.8379,0.332,4.4e-06,99.0,0.46
133,1790894025.9993172,-0.2508,0.0419,-0.4482,-0.0802,0.1233,0.1128,0.1826,0.1484,0.512,0.0698,0.0957,-0.0,0.0688,0.6196,0.0,0.225,0.0,0.8752,0.0,4.4e-06,153.1,0.43
134,1790894026.47097,-0.3739,0.0419,-0.6635,-0.0669,0.1939,0.1926,0.2674,0.2325,0.7068,0.0747,0.1121,-0.0,0.1227,0.7148,0.0,0.431,0.0,0.8752,0.0,4.4e-06,182.9,0.47
135,1790894026.989117,-0.3536,0.0464,-0.6106,-0.1603,0.1842,0.1718,0.2564,0.2151,0.6924,0.0846,0.0994,-0.0,0.1418,0.6246,0.0,0.342,0.0,0.8752,0.0,4.4e-06,207.7,0.51
136,1790894027.4161832,-0.3095,0.0582,-0.6306,-0.0713,0.1656,0.1459,0.2468,0.1896,0.5995,0.1009,0.1155,0.0,0.1313,0.735,0.0,0.285,-0.0,0.8752,0.223,4.533333333333334e-06,116.2,0.42
137,1790894027.9194827,-0.2678,0.0417,-0.5,-0.1037,0.128,0.1267,0.1982,0.159,0.544,0.0715,0.0951,-0.0,0.0928,0.6089,0.0,0.263,0.0,0.8752,0.0,4.533333333333334e-06,157.3,0.5
138,1790894028.3516223,-0.3656,0.0454,-0.7008,-0.0775,0.1946,0.1918,0.2716,0.2321,0.6672,0.0798,0.1268,-0.0,0.1143,0.8148,0.0,0.384,0.0,0.8752,0.0,4.533333333333334e-06,203.2,0.43
139,1790894028.8617334,-0.3445,0.0431,-0.5617,-0.1624,0.1651,0.1627,0.2405,0.2068,0.6889,0.0778,0.0829,-0.0,0.1,0.5259,0.0,0.335,0.0,0.8752,0.0,4.533333333333334e-06,228.8,0.51
140,1790894029.3425565,-0.2761,0.0443,-0.5916,-0.0757,0.145,0.1296,0.2032,0.163,0.5653,0.0736,0.084,0.0,0.1172,0.5287,0.0,0.26,-0.0,0.8752,0.191,4.666666666666667e-06,111.1,0.48
141,1790894029.7768424,-0.2958,0.0467,-0.6561,-0.1346,0.1419,0.1393,0.2144,0.1782,0.588,0.0751,0.088,0.0,0.1011,0.5596,0.0,0.293,-0.0,0.8752,0.0,4.666666666666667e-06,164.1,0.43
142,1790894030.2109108,-0.4331,0.0493,-0.6792,-0.1886,0.2308,0.2282,0.3297,0.2817,0.7567,0.1015,0.1381,0.0,0.116,0.89,0.0,0.377,-0.0,0.8752,0.0,4.666666666666667e-06,216.3,0.43
143,1790894030.779766,-0.3482,0.0343,-0.5118,-0.1946,0.1729,0.1722,0.2345,0.2066,0.7081,0.0623,0.0933,0.0,0.1102,0.5924,0.0,0.324,-0.0,0.8752,0.0,4.666666666666667e-06,216.1,0.57
144,1790894031.2888453,-0.3196,0.0419,-0.5184,-0.1561,0.1706,0.1659,0.2305,0.1932,0.6323,0.0646,0.1223,-0.0,0.1127,0.7856,0.0,0.248,0.0,0.8752,0.207,4.800000000000001e-06,111.5,0.51
145,1790894031.7412207,-0.2839,0.0426,-0.5825,-0.091,0.1364,0.1354,0.2098,0.1716,0.5614,0.0745,0.1019,-0.0,0.0833,0.6569,0.0,0.29,0.0,0.8752,0.0,4.800000000000001e-06,183.9,0.45
146,1790894032.2223408,-0.3914,0.0426,-0.6348,-0.1333,0.2056,0.2006,0.2822,0.2418,0.7478,0.0816,0.1104,0.0,0.1149,0.7051,0.0,0.397,-0.0,0.8752,0.0,4.800000000000001e-06,188.2,0.48
147,1790894032.758789,-0.3522,0.0426,-0.5562,-0.1806,0.1737,0.1682,0.2434,0.2075,0.7235,0.0751,0.0991,0.0,0.1207,0.6284,0.0,0.319,-0.0,0.8752,0.0,4.800000000000001e-06,205.6,0.53
148,1790894033.2272882,-0.2681,0.0501,-0.5837,-0.0589,0.1353,0.1237,0.2088,0.1625,0.5277,0.0851,0.1009,-0.0,0.1414,0.6351,0.0,0.237,0.0,0.8752,0.229,4.933333333333334e-06,123.8,0.47
149,1790894033.6356404,-0.3507,0.055,-0.7543,-0.1533,0.1791,0.175,0.2701,0.2174,0.6667,0.0951,0.1282,-0.0,0.1211,0.8225,0.0,0.333,0.0,0.8752,0.0,4.933333333333334e-06,197.8,0.4
150,1790894034.1135092,-0.3561,0.0437,-0.4658,-0.1538,0.1837,0.1757,0.2546,0.2166,0.6979,0.0789,0.0969,-0.0,0.1134,0.6156,0.0,0.368,-0.0,0.8752,0.0,4.933333333333334e-06,191.3,0.48
151,1790894036.3925483,-0.3439,0.0355,-0.5447,-0.1436,0.1723,0.1693,0.2351,0.2057,0.691,0.0658,0.0927,0.0,0.1233,0.5849,0.0,0.362,-0.0,0.8752,0.0,4.933333333333334e-06,165.0,0.69
152,1790894036.8665388,-0.3067,0.0551,-0.7183,-0.0435,0.1472,0.1417,0.2233,0.1859,0.6039,0.0816,0.1005,0.0,0.0939,0.6452,0.0,0.246,-0.0,0.8752,0.315,5.0666666666666676e-06,114.8,0.47
153,1790894037.3233893,-0.3734,0.0482,-0.7806,-0.0477,0.2038,0.1977,0.2812,0.2407,0.6635,0.0834,0.1306,-0.0,0.1083,0.8417,0.0,0.378,-0.0,0.8752,0.0,5.0666666666666676e-06,163.3,0.45
154,1790894037.7887685,-0.4488,0.0392,-0.6783,-0.1696,0.2711,0.261,0.3332,0.2957,0.7656,0.0722,0.1487,-0.0,0.1058,0.9633,0.0,0.388,0.0,0.8752,0.0,5.0666666666666676e-06,202.5,0.46
155,1790894038.2973876,-0.3759,0.0404,-0.5992,-0.1879,0.2004,0.1995,0.2728,0.2371,0.6939,0.0733,0.1164,-0.0,0.123,0.7435,0.0,0.372,0.0,0.8752,0.0,5.0666666666666676e-06,227.5,0.51
156,1790894038.8157973,-0.2806,0.0526,-0.5436,-0.0,0.1483,0.1398,0.2236,0.1767,0.52,0.0837,0.1181,-0.0,0.0959,0.762,0.0,0.228,0.0,0.8752,0.238,5.2e-06,95.3,0.51
157,1790894039.2709708,-0.3901,0.0393,-0.7476,-0.1156,0.2232,0.2171,0.2835,0.25,0.7005,0.0663,0.1429,-0.0,0.1167,0.9216,0.0,0.288,0.0,0.8752,0.0,5.2e-06,157.6,0.45
158,1790894039.7123506,-0.3898,0.0446,-0.7161,-0.0784,0.2092,0.2059,0.2852,0.2489,0.7046,0.0792,0.1239,-0.0,0.1132,0.7958,0.0,0.39,0.0,0.8752,0.0,5.2e-06,209.7,0.44
159,1790894040.2574596,-0.3618,0.0332,-0.6133,-0.1784,0.2012,0.1976,0.2506,0.2225,0.6966,0.053,0.1161,0.0,0.1027,0.7465,0.0,0.313,-0.0,0.8752,0.0,5.2e-06,212.8,0.54
160,1790894040.747045,-0.3515,0.0492,-0.7455,-0.0,0.1924,0.1817,0.2615,0.219,0.6625,0.0799,0.1274,0.0,0.109,0.8206,0.0,0.255,-0.0,0.8752,0.246,5.333333333333334e-06,102.1,0.49
161,1790894041.164639,-0.3404,0.0423,-0.6141,-0.1,0.1884,0.1759,0.242,0.2086,0.6589,0.0661,0.1155,0.0,0.1191,0.7385,0.0,0.307,-0.0,0.8752,0.0,5.333333333333334e-06,179.7,0.41
162,1790894041.636782,-0.3719,0.0423,-0.5476,-0.1819,0.1942,0.1942,0.2588,0.2282,0.7183,0.0646,0.1155,-0.0,0.1037,0.7421,0.0,0.379,0.0,0.8752,0.0,5.333333333333334e-06,188.7,0.47
163,1790894042.172123,-0.3302,0.0407,-0.505,-0.1706,0.1567,0.1567,0.2303,0.1944,0.6795,0.0735,0.0869,0.0,0.1011,0.5521,0.0,0.324,-0.0,0.8752,0.0,5.333333333333334e-06,243.6,0.53
164,1790894042.6368396,-0.2972,0.0515,-0.7,-0.0454,0.1663,0.1444,0.2256,0.188,0.546,0.0812,0.1389,0.0,0.1107,0.8966,0.0,0.232,-0.0,0.8752,0.225,5.466666666666667e-06,101.2,0.46
165,1790894043.0890207,-0.3426,0.045,-0.6147,-0.103,0.1791,0.1724,0.2467,0.2105,0.6605,0.0743,0.1212,0.0,0.1112,0.7781,0.0,0.333,-0.0,0.8752,0.0,5.466666666666667e-06,165.8,0.45
166,1790894043.6004567,-0.335,0.0398,-0.6857,-0.1126,0.1718,0.1695,0.2385,0.1989,0.6807,0.069,0.1028,-0.0,0.1705,0.6401,0.0,0.319,0.0,0.8752,0.0,5.466666666666667e-06,186.5,0.51
167,1790894044.1711428,-0.3284,0.0405,-0.4767,-0.1925,0.1619,0.1581,0.2233,0.1921,0.6812,0.0652,0.0981,-0.0,0.0989,0.6278,0.0,0.308,0.0,0.8752,0.0,5.466666666666667e-06,220.4,0.57
168,1790894044.6750896,-0.3392,0.0567,-0.7048,-0.0817,0.1958,0.1624,0.2716,0.2222,0.5849,0.1091,0.1642,0.0,0.1296,1.0602,0.0,0.258,-0.0,0.8752,0.267,5.600000000000001e-06,109.5,0.5
169,1790894045.1385045,-0.3838,0.0486,-0.6756,-0.1412,0.1974,0.1974,0.2909,0.2435,0.7017,0.0935,0.1286,0.0,0.1419,0.8196,0.0,0.391,-0.0,0.8752,0.0,5.600000000000001e-06,173.0,0.46
170,1790894045.6390448,-0.3654,0.046,-0.6458,-0.1381,0.1812,0.1801,0.2619,0.2247,0.7033,0.0817,0.1035,0.0,0.1314,0.6551,0.0,0.36,-0.0,0.8752,0.0,5.600000000000001e-06,188.9,0.5
171,1790894046.1001494,-0.3535,0.0382,-0.5988,-0.1812,0.188,0.1873,0.2623,0.2237,0.6489,0.075,0.1107,0.0,0.119,0.7064,0.0,0.331,-0.0,0.8752,0.0,5.600000000000001e-06,241.6,0.46
172,1790894046.6072724,-0.3414,0.0506,-0.6167,-0.1333,0.1838,0.1617,0.2466,0.2066,0.6742,0.0849,0.1417,-0.0,0.1187,0.9128,0.0,0.248,0.0,0.8752,0.213,5.733333333333334e-06,105.4,0.5
173,1790894047.044338,-0.3283,0.0351,-0.5857,-0.128,0.1636,0.1596,0.222,0.1916,0.6836,0.0624,0.1083,0.0,0.1141,0.6916,0.0,0.28,-0.0,0.8752,0.0,5.733333333333334e-06,180.6,0.43
174,1790894047.491751,-0.3834,0.0418,-0.687,-0.0881,0.2032,0.199,0.2765,0.2385,0.7243,0.0775,0.1098,-0.0,0.1398,0.6945,0.0,0.366,0.0,0.8752,0.0,5.733333333333334e-06,204.7,0.45
175,1790894047.973949,-0.428,0.0423,-0.7723,-0.1832,0.2249,0.2249,0.3065,0.2698,0.7912,0.0816,0.1355,-0.0,0.138,0.8666,0.0,0.384,0.0,0.8752,0.0,5.733333333333334e-06,242.8,0.48
176,1790894050.2173097,-0.3162,0.0512,-0.6167,-0.1417,0.1724,0.1664,0.2526,0.2027,0.5678,0.0862,0.122,0.0,0.1378,0.7763,0.0,0.216,-0.0,0.8752,0.219,5.8666666666666675e-06,74.8,0.61
177,1790894050.6626494,-0.308,0.0516,-0.579,-0.0517,0.1515,0.1452,0.2305,0.187,0.6052,0.0854,0.1022,0.0,0.0904,0.6575,0.0,0.287,-0.0,0.8752,0.0,5.8666666666666675e-06,142.8,0.44
178,1790894051.0801983,-0.3188,0.0448,-0.4778,-0.1626,0.1584,0.1561,0.2263,0.1942,0.6232,0.0703,0.1124,0.0,0.1514,0.7087,0.0,0.32,-0.0,0.8752,0.0,5.8666666666666675e-06,196.2,0.41
179,1790894051.5260794,-0.3351,0.0325,-0.5931,-0.0333,0.1751,0.1715,0.2314,0.2037,0.6573,0.06,0.0919,0.0,0.1351,0.5767,0.0,0.333,-0.0,0.8752,0.0,5.8666666666666675e-06,225.1,0.44
180,1790894051.9600236,-0.275,0.0415,-0.5357,-0.0435,0.1306,0.1254,0.1925,0.1575,0.5874,0.0671,0.1021,0.0,0.0888,0.6567,0.0,0.214,-0.0,0.8752,0.262,6e-06,107.8,0.43
181,1790894052.4060934,-0.3645,0.0398,-0.5273,-0.1974,0.1858,0.1776,0.2495,0.2149,0.7479,0.0719,0.1046,-0.0,0.0932,0.6723,0.0,0.317,0.0,0.8752,0.0,6e-06,176.3,0.44
182,1790894052.8319457,-0.3472,0.0458,-0.5722,-0.0817,0.1812,0.1754,0.255,0.221,0.631,0.0796,0.1074,0.0,0.1368,0.6798,0.0,0.36,-0.0,0.8752,0.0,6e-06,220.2,0.42
183,1790894053.3615813,-0.3357,0.0403,-0.4773,-0.173,0.1532,0.1532,0.218,0.1894,0.7313,0.0648,0.0899,-0.0,0.1409,0.5615,0.0,0.309,0.0,0.8752,0.0,6e-06,226.7,0.53
184,1790894053.8435442,-0.3298,0.0429,-0.5253,-0.0619,0.1761,0.171,0.2459,0.2119,0.5895,0.0749,0.1279,0.0,0.1217,0.82,0.0,0.297,-0.0,0.8752,0.434,6.133333333333334e-06,105.5,0.48
185,1790894054.3052022,-0.3259,0.0374,-0.6353,-0.1398,0.1714,0.1664,0.2274,0.1948,0.6557,0.061,0.1288,0.0,0.1006,0.8319,0.0,0.256,-0.0,0.8752,0.0,6.133333333333334e-06,154.6,0.46
186,1790894054.7847104,-0.3158,0.0341,-0.5919,-0.0658,0.1651,0.1588,0.2222,0.1918,0.6199,0.0634,0.0977,-0.0,0.1542,0.6105,0.0,0.33,0.0,0.8752,0.0,6.133333333333334e-06,175.2,0.48
187,1790894055.2792602,-0.3778,0.0362,-0.6545,-0.0313,0.2077,0.2077,0.2745,0.2405,0.6865,0.0668,0.112,0.0,0.118,0.715,0.0,0.346,-0.0,0.8752,0.0,6.133333333333334e-06,209.6,0.49
188,1790894055.7791286,-0.3511,0.0467,-0.7918,-0.1114,0.2037,0.1918,0.2793,0.234,0.5855,0.0875,0.1945,0.0,0.1352,1.2605,0.0,0.259,-0.0,0.8752,0.269,6.266666666666668e-06,87.7,0.5
189,1790894056.231513,-0.298,0.0379,-0.531,-0.1642,0.1518,0.1467,0.2094,0.1796,0.5917,0.0627,0.1026,-0.0,0.0999,0.6576,0.0,0.266,0.0,0.8752,0.0,6.266666666666668e-06,145.8,0.45
190,1790894056.6979914,-0.3224,0.0422,-0.5214,-0.1054,0.1635,0.1603,0.2286,0.1929,0.6475,0.0683,0.1129,-0.0,0.1414,0.7148,0.0,0.318,0.0,0.8752,0.0,6.266666666666668e-06,190.3,0.46
191,1790894057.1515932,-0.3302,0.0359,-0.5472,-0.162,0.1727,0.1639,0.2317,0.1972,0.665,0.0679,0.1025,-0.0,0.1186,0.6517,0.0,0.306,0.0,0.8752,0.0,6.266666666666668e-06,262.6,0.45
192,1790894057.5730793,-0.2557,0.0507,-0.6286,-0.0667,0.1191,0.1173,0.1989,0.1518,0.5198,0.0816,0.0854,0.0,0.1186,0.5378,0.0,0.236,-0.0,0.8752,0.252,6.4000000000000006e-06,142.9,0.42
193,1790894057.9952729,-0.3491,0.0383,-0.6882,-0.1212,0.185,0.1825,0.2521,0.2194,0.6482,0.0696,0.1222,0.0,0.1334,0.7789,0.0,0.332,-0.0,0.8752,0.0,6.4000000000000006e-06,198.3,0.42
194,1790894058.506049,-0.342,0.0436,-0.6264,-0.0795,0.1716,0.1716,0.2467,0.2086,0.6669,0.0751,0.1067,-0.0,0.1224,0.6784,0.0,0.331,0.0,0.8752,0.0,6.4000000000000006e-06,198.4,0.51
195,1790894058.990234,-0.3514,0.0317,-0.5852,-0.1919,0.1872,0.1856,0.2443,0.2163,0.6751,0.0587,0.1223,-0.0,0.1375,0.7788,0.0,0.296,0.0,0.8752,0.0,6.4000000000000006e-06,256.5,0.48
196,1790894059.4524963,-0.3574,0.0455,-0.6687,-0.0678,0.2005,0.1838,0.2687,0.2252,0.6611,0.0848,0.1638,0.0,0.0816,1.0703,0.0,0.244,-0.0,0.8752,0.251,6.533333333333334e-06,100.6,0.46
197,1790894059.9404736,-0.2856,0.0295,-0.6117,-0.087,0.1621,0.1548,0.2,0.1738,0.5591,0.0452,0.098,0.0,0.1483,0.6137,0.0,0.239,-0.0,0.8752,0.0,6.533333333333334e-06,142.2,0.48
198,1790894060.4323707,-0.3422,0.0482,-0.5397,-0.1509,0.1611,0.159,0.2425,0.1986,0.718,0.0835,0.1003,-0.0,0.1265,0.6346,0.0,0.33,0.0,0.8752,0.0,6.533333333333334e-06,174.5,0.49
199,1790894060.9744937,-0.337,0.0403,-0.5069,-0.1165,0.163,0.163,0.2406,0.203,0.6702,0.0776,0.0983,0.0,0.163,0.6116,0.0,0.296,-0.0,0.8752,0.0,6.533333333333334e-06,192.6,0.54
200,1790894061.498459,-0.2857,0.0567,-0.61,-0.0723,0.1453,0.1212,0.2114,0.1621,0.6179,0.0901,0.0905,0.0,0.139,0.566,0.0,0.222,-0.0,0.8752,0.262,6.666666666666667e-06,96.1,0.52
201,1790894063.8941061,-0.3104,0.039,-0.5746,-0.118,0.1447,0.1447,0.2119,0.1812,0.646,0.0672,0.1004,0.0,0.1289,0.6352,0.0,0.313,-0.0,0.8752,0.0,6.666666666666667e-06,125.1,0.59
202,1790894064.4527833,-0.3353,0.0433,-0.5915,-0.1489,0.1682,0.1645,0.2397,0.2031,0.6613,0.0751,0.1052,-0.0,0.1345,0.6655,0.0,0.362,0.0,0.8752,0.0,6.666666666666667e-06,163.3,0.55
203,1790894064.951022,-0.3379,0.0324,-0.5116,-0.1658,0.1758,0.1726,0.2269,0.1983,0.698,0.0543,0.1107,0.0,0.1614,0.695,0.0,0.298,-0.0,0.8752,0.0,6.666666666666667e-06,250.8,0.5
204,1790894065.3855028,-0.3288,0.0503,-0.7121,-0.0,0.1741,0.1659,0.2512,0.2073,0.6073,0.0853,0.1407,0.0,0.1357,0.9017,0.0,0.25,-0.0,0.8752,0.241,6.800000000000001e-06,121.4,0.43
205,1790894065.8273647,-0.309,0.0385,-0.5339,-0.0404,0.1637,0.1609,0.2201,0.1904,0.5931,0.0593,0.0996,-0.0,0.1197,0.6319,0.0,0.313,0.0,0.8752,0.0,6.800000000000001e-06,170.2,0.44
206,1790894066.3023899,-0.4042,0.0399,-0.6556,-0.0963,0.2272,0.2253,0.2909,0.2577,0.7323,0.0656,0.1294,-0.0,0.1409,0.8251,0.0,0.385,0.0,0.8752,0.0,6.800000000000001e-06,193.2,0.47
207,1790894066.7422843,-0.3599,0.0438,-0.5752,-0.1591,0.1797,0.1768,0.2545,0.218,0.7096,0.0777,0.1056,0.0,0.1146,0.6738,0.0,0.342,-0.0,0.8752,0.0,6.800000000000001e-06,250.5,0.44
208,1790894067.2073824,-0.4179,0.0589,-0.8429,-0.15,0.2332,0.2215,0.3253,0.2677,0.7509,0.1037,0.1613,0.0,0.1575,1.0331,0.0,0.263,-0.0,0.8752,0.298,6.9333333333333344e-06,88.5,0.46
209,1790894067.689197,-0.3119,0.0401,-0.5971,-0.1067,0.1591,0.1555,0.2209,0.1864,0.6272,0.0654,0.0964,0.0,0.1443,0.6044,0.0,0.273,-0.0,0.8752,0.0,6.9333333333333344e-06,144.4,0.48
210,1790894068.1158392,-0.3606,0.0466,-0.6561,-0.1667,0.1857,0.1804,0.2673,0.2277,0.6643,0.0869,0.108,-0.0,0.1485,0.6801,0.0,0.343,0.0,0.8752,0.0,6.9333333333333344e-06,216.4,0.42
211,1790894068.6595938,-0.3381,0.0311,-0.5269,-0.1892,0.165,0.1623,0.2171,0.1909,0.7358,0.0547,0.0905,-0.0,0.1073,0.5747,0.0,0.328,0.0,0.8752,0.0,6.9333333333333344e-06,236.9,0.54
212,1790894069.152571,-0.3055,0.0533,-0.6,-0.0944,0.15,0.1395,0.2341,0.1834,0.6109,0.0946,0.1231,-0.0,0.1319,0.7856,0.0,0.278,0.0,0.8752,0.247,7.066666666666667e-06,114.7,0.49
213,1790894069.627104,-0.3389,0.0365,-0.5821,-0.1059,0.1731,0.1696,0.2447,0.2061,0.6642,0.0751,0.113,0.0,0.1355,0.7171,0.0,0.296,-0.0,0.8752,0.0,7.066666666666667e-06,178.4,0.47
214,1790894070.0915968,-0.3398,0.0388,-0.5333,-0.1767,0.1689,0.1679,0.2351,0.2023,0.6875,0.0672,0.1033,-0.0,0.1365,0.6525,0.0,0.301,-0.0,0.8752,0.0,7.066666666666667e-06,209.7,0.46
215,1790894070.6115649,-0.3258,0.0334,-0.4961,-0.1993,0.162,0.162,0.2139,0.1898,0.68,0.0519,0.0997,0.0,0.1223,0.6319,0.0,0.305,-0.0,0.8752,0.0,7.066666666666667e-06,257.0,0.52
216,1790894071.0714276,-0.3168,0.0559,-0.6545,-0.0,0.1642,0.1449,0.2446,0.1905,0.6313,0.0997,0.1041,-0.0,0.1089,0.6648,0.0,0.218,0.0,0.8752,0.249,7.2000000000000005e-06,114.4,0.46
217,1790894071.5360963,-0.359,0.0347,-0.5917,-0.1167,0.1908,0.1847,0.2493,0.214,0.7248,0.0646,0.125,-0.0,0.1119,0.8034,0.0,0.288,0.0,0.8752,0.0,7.2000000000000005e-06,151.3,0.46
218,1790894072.0026822,-0.3501,0.043,-0.625,-0.0928,0.1817,0.1803,0.251,0.2179,0.6607,0.0707,0.1054,-0.0,0.1417,0.6649,0.0,0.355,0.0,0.8752,0.0,7.2000000000000005e-06,190.1,0.46
219,1790894072.5361636,-0.3402,0.0347,-0.5797,-0.1582,0.1835,0.1814,0.238,0.2104,0.649,0.0566,0.1063,0.0,0.1313,0.6737,0.0,0.313,-0.0,0.8752,0.0,7.2000000000000005e-06,200.7,0.53
220,1790894073.021696,-0.3954,0.0507,-0.675,-0.1832,0.2053,0.2032,0.2776,0.2372,0.7908,0.0743,0.1194,0.0,0.1257,0.7623,0.0,0.327,-0.0,0.8752,0.234,7.333333333333333e-06,120.8,0.48
221,1790894073.4819233,-0.4064,0.041,-0.7119,-0.0802,0.233,0.232,0.3039,0.2692,0.6862,0.0719,0.1468,-0.0,0.1673,0.9338,0.0,0.443,0.0,0.8752,0.0,7.333333333333333e-06,177.2,0.46
222,1790894073.9691246,-0.3703,0.0379,-0.5895,-0.1254,0.1998,0.1923,0.2586,0.2243,0.7303,0.0663,0.1109,-0.0,0.1385,0.7026,0.0,0.341,0.0,0.8752,0.0,7.333333333333333e-06,211.8,0.48
223,1790894074.481632,-0.3339,0.0403,-0.5298,-0.1489,0.1661,0.1629,0.2301,0.1996,0.6717,0.0672,0.1019,0.0,0.1291,0.6448,0.0,0.288,-0.0,0.8752,0.0,7.333333333333333e-06,228.2,0.51
224,1790894074.9830253,-0.3233,0.0425,-0.8429,-0.0619,0.1848,0.1726,0.237,0.2004,0.6143,0.0644,0.1086,-0.0,0.102,0.6969,0.0,0.233,0.0,0.8379,0.232,7.4666666666666675e-06,103.1,0.5
225,1790894075.3957548,-0.3375,0.0414,-0.5725,-0.0964,0.1765,0.174,0.2498,0.211,0.6325,0.0758,0.1138,-0.0,0.1254,0.7249,0.0,0.271,0.0,0.8752,0.0,7.4666666666666675e-06,188.8,0.41
226,1790894077.493211,-0.3473,0.0407,-0.7125,-0.1614,0.1826,0.1762,0.257,0.2137,0.6683,0.0808,0.1252,0.0,0.1574,0.7925,0.0,0.331,-0.0,0.8752,0.0,7.4666666666666675e-06,165.5,0.58
227,1790894077.9494274,-0.3543,0.04,-0.5117,-0.1864,0.183,0.1819,0.2432,0.2125,0.7089,0.0613,0.0993,0.0,0.1476,0.6225,0.0,0.308,-0.0,0.8752,0.0,7.4666666666666675e-06,268.2,0.45
228,1790894078.4052875,-0.3316,0.045,-0.6634,-0.1296,0.1861,0.1706,0.2503,0.2118,0.5987,0.0797,0.1235,0.0,0.1005,0.7962,0.0,0.272,-0.0,0.8752,0.26,7.600000000000001e-06,115.0,0.45
229,1790894078.8163195,-0.3107,0.0393,-0.5496,-0.1347,0.1592,0.1505,0.2183,0.1862,0.6227,0.0677,0.0947,-0.0,0.1197,0.5994,0.0,0.33,0.0,0.8752,0.0,7.600000000000001e-06,196.6,0.41
230,1790894079.2794065,-0.3691,0.0438,-0.6262,-0.1545,0.1932,0.1923,0.273,0.2316,0.6877,0.0808,0.1127,-0.0,0.1276,0.7173,0.0,0.337,0.0,0.8752,0.0,7.600000000000001e-06,209.4,0.46
231,1790894079.8043404,-0.3322,0.0381,-0.7652,-0.1247,0.163,0.163,0.23,0.1986,0.6677,0.067,0.0943,-0.0,0.1202,0.5968,0.0,0.305,0.0,0.8752,0.0,7.600000000000001e-06,224.7,0.52
232,1790894080.2774167,-0.2835,0.0579,-0.673,-0.0,0.14,0.1347,0.2249,0.1736,0.5495,0.0902,0.0993,0.0,0.1341,0.6265,0.0,0.244,-0.0,0.8752,0.284,7.733333333333334e-06,109.7,0.47
233,1790894080.7561843,-0.3614,0.0499,-0.6735,-0.1008,0.1875,0.1848,0.2792,0.2299,0.6573,0.0944,0.1286,0.0,0.1516,0.8166,0.0,0.375,-0.0,0.8752,0.0,7.733333333333334e-06,161.2,0.48
234,1790894081.235419,-0.3809,0.0441,-0.6363,-0.1002,0.2119,0.2052,0.2864,0.2473,0.6682,0.0812,0.1354,-0.0,0.1312,0.8678,0.0,0.369,0.0,0.8752,0.0,7.733333333333334e-06,184.4,0.48
235,1790894081.7538795,-0.3499,0.0465,-0.6226,-0.0926,0.1761,0.1746,0.2486,0.2112,0.6936,0.074,0.0959,-0.0,0.1189,0.6079,0.0,0.329,0.0,0.8752,0.0,7.733333333333334e-06,223.5,0.51
236,1790894082.196016,-0.2657,0.0532,-0.6348,-0.0,0.1388,0.119,0.2087,0.1634,0.5113,0.0898,0.1016,0.0,0.1245,0.644,0.0,0.188,-0.0,0.8379,0.235,7.866666666666667e-06,108.1,0.44
237,1790894082.6157942,-0.3663,0.0339,-0.6381,-0.1468,0.2064,0.2001,0.2665,0.2338,0.6628,0.0664,0.1263,-0.0,0.1204,0.8097,0.0,0.325,0.0,0.8752,0.0,7.866666666666667e-06,189.6,0.42
238,1790894083.0710323,-0.3563,0.0374,-0.5636,-0.1322,0.1924,0.1914,0.2542,0.2233,0.665,0.0628,0.1285,-0.0,0.1362,0.8207,0.0,0.332,0.0,0.8752,0.0,7.866666666666667e-06,204.4,0.45
239,1790894083.6323333,-0.3322,0.0334,-0.5689,-0.1531,0.1665,0.1634,0.2236,0.1921,0.7002,0.0602,0.095,0.0,0.1323,0.5979,0.0,0.308,-0.0,0.8752,0.0,7.866666666666667e-06,230.2,0.56
240,1790894084.1256273,-0.3731,0.0438,-0.6762,-0.0596,0.2151,0.2096,0.2843,0.2452,0.6394,0.0747,0.1335,-0.0,0.1509,0.85,0.0,0.284,0.0,0.8752,0.253,8.000000000000001e-06,93.7,0.49
241,1790894084.5564077,-0.2882,0.0322,-0.5012,-0.1381,0.1463,0.1431,0.1973,0.1684,0.5988,0.0542,0.0928,-0.0,0.1421,0.5804,0.0,0.276,0.0,0.8752,0.0,8.000000000000001e-06,153.2,0.43
242,1790894084.9962432,-0.3914,0.0464,-0.7116,-0.1312,0.2114,0.2068,0.2969,0.2517,0.6987,0.0901,0.1278,-0.0,0.1058,0.8238,0.0,0.349,0.0,0.8752,0.0,8.000000000000001e-06,181.9,0.44
243,1790894085.5290046,-0.3523,0.0379,-0.5837,-0.1639,0.1817,0.1776,0.2444,0.2123,0.6996,0.0667,0.1044,-0.0,0.1224,0.6632,0.0,0.328,0.0,0.8752,0.0,8.000000000000001e-06,193.3,0.53
244,1790894086.0092278,-0.2528,0.0482,-0.5278,-0.0667,0.12,0.1129,0.1868,0.1445,0.5416,0.0738,0.089,-0.0,0.1508,0.5532,0.0,0.236,0.0,0.8752,0.233,8.133333333333334e-06,113.8,0.48
245,1790894086.4738724,-0.3504,0.0443,-0.5928,-0.0646,0.182,0.1797,0.2622,0.2196,0.6539,0.0826,0.1235,0.0,0.1423,0.7856,0.0,0.304,-0.0,0.8752,0.0,8.133333333333334e-06,164.7,0.46
246,1790894086.926177,-0.3113,0.0396,-0.5433,-0.0882,0.1628,0.157,0.2215,0.1901,0.6059,0.0645,0.092,0.0,0.1294,0.5785,0.0,0.287,-0.0,0.8752,0.0,8.133333333333334e-06,203.6,0.45
247,1790894087.407961,-0.3259,0.0415,-0.4764,-0.1287,0.1644,0.1621,0.2325,0.1923,0.668,0.0704,0.0937,0.0,0.1317,0.5896,0.0,0.292,-0.0,0.8752,0.0,8.133333333333334e-06,240.9,0.48
248,1790894087.877524,-0.3594,0.0501,-0.6786,-0.0954,0.1925,0.1853,0.2808,0.2297,0.6486,0.0955,0.1257,-0.0,0.1085,0.809,0.0,0.274,0.0,0.8752,0.253,8.266666666666667e-06,101.7,0.47
249,1790894088.3547473,-0.322,0.053,-0.6521,-0.1584,0.1638,0.1581,0.245,0.1983,0.6184,0.0869,0.101,-0.0,0.1525,0.6323,0.0,0.325,0.0,0.8752,0.0,8.266666666666667e-06,164.9,0.47
250,1790894088.8242762,-0.3663,0.0481,-0.7,-0.0956,0.1978,0.194,0.2776,0.2386,0.6386,0.0835,0.1211,-0.0,0.1407,0.7699,0.0,0.344,0.0,0.8752,0.0,8.266666666666667e-06,206.8,0.47
251,1790894090.9624002,-0.3179,0.0384,-0.5,-0.1296,0.1502,0.1502,0.2144,0.1841,0.6691,0.0642,0.0858,0.0,0.1307,0.5373,0.0,0.298,-0.0,0.8752,0.0,8.266666666666667e-06,212.2,0.6
252,1790894091.4034283,-0.352,0.0393,-0.5869,-0.0573,0.1972,0.1826,0.2533,0.2184,0.6684,0.0707,0.1336,0.0,0.1639,0.8469,0.0,0.29,-0.0,0.8752,0.242,8.400000000000001e-06,118.9,0.44
253,1790894091.8685317,-0.3288,0.0294,-0.6445,-0.1063,0.1877,0.1837,0.241,0.2071,0.6082,0.0573,0.1202,0.0,0.121,0.7689,0.0,0.277,-0.0,0.8752,0.0,8.400000000000001e-06,164.5,0.46
254,1790894092.3203702,-0.3605,0.0464,-0.5831,-0.1512,0.1848,0.1826,0.2637,0.2247,0.6789,0.0811,0.0979,0.0,0.1565,0.6112,0.0,0.349,-0.0,0.8752,0.0,8.400000000000001e-06,200.2,0.45
255,1790894092.750841,-0.3115,0.0369,-0.5408,-0.1678,0.15,0.1481,0.2068,0.1807,0.654,0.0587,0.0912,-0.0,0.1542,0.5666,0.0,0.311,0.0,0.8752,0.0,8.400000000000001e-06,259.1,0.43
256,1790894093.2616534,-0.3213,0.0444,-0.8381,-0.0636,0.1864,0.1667,0.2427,0.2022,0.5957,0.076,0.1263,-0.0,0.1598,0.7996,0.0,0.206,0.0,0.8379,0.267,8.533333333333335e-06,83.0,0.51
257,1790894093.7350872,-0.2794,0.0446,-0.5529,-0.049,0.1425,0.131,0.2036,0.1641,0.5761,0.0726,0.0975,0.0,0.1422,0.6124,0.0,0.246,-0.0,0.8752,0.0,8.533333333333335e-06,130.8,0.47
258,1790894094.224065,-0.3147,0.0414,-0.4472,-0.1809,0.1705,0.16,0.2258,0.1953,0.5968,0.0657,0.0942,0.0,0.1376,0.5913,0.0,0.309,-0.0,0.8752,0.0,8.533333333333335e-06,185.8,0.49
259,1790894094.728542,-0.3646,0.0334,-0.5198,-0.184,0.1906,0.1899,0.25,0.2212,0.7166,0.0601,0.1105,-0.0,0.1589,0.6942,0.0,0.337,0.0,0.8752,0.0,8.533333333333335e-06,257.7,0.5
260,1790894095.2430744,-0.3225,0.0622,-0.68,-0.1048,0.1553,0.1431,0.2453,0.1944,0.6408,0.1022,0.1056,-0.0,0.1533,0.6629,0.0,0.269,0.0,0.8752,0.232,8.666666666666668e-06,110.9,0.51
261,1790894095.7241573,-0.3626,0.0545,-0.5105,-0.1361,0.1694,0.1694,0.2761,0.2274,0.6758,0.1067,0.1033,-0.0,0.1679,0.644,0.0,0.365,0.0,0.8752,0.0,8.666666666666668e-06,186.9,0.48
262,1790894096.1787226,-0.3029,0.0308,-0.4725,-0.1522,0.1509,0.1482,0.2054,0.1782,0.6231,0.0573,0.0818,0.0,0.1229,0.5128,0.0,0.303,-0.0,0.8783,0.0,8.666666666666668e-06,199.9,0.45
263,1790894096.6215458,-0.4082,0.0587,-0.6698,-0.0556,0.2202,0.2179,0.3208,0.2686,0.6984,0.1029,0.1522,-0.0,0.1199,0.9829,0.0,0.292,0.0,0.8752,0.0,8.666666666666668e-06,128.4,0.44
264,1790894097.1048005,-0.3294,0.0383,-0.577,-0.0556,0.1716,0.1673,0.2301,0.1981,0.6562,0.0628,0.1049,0.0,0.1157,0.6687,0.0,0.285,-0.0,0.8752,0.235,8.8e-06,146.5,0.48
265,1790894097.5796762,-0.3466,0.0417,-0.5473,-0.0928,0.1741,0.1714,0.255,0.2139,0.6637,0.0836,0.1028,0.0,0.1337,0.6499,0.0,0.396,-0.0,0.8752,0.0,8.8e-06,181.2,0.47
266,1790894098.064885,-0.3176,0.041,-0.4415,-0.1323,0.15,0.1413,0.2054,0.1777,0.6996,0.0642,0.0862,-0.0,0.1279,0.5404,0.0,0.282,0.0,0.8752,0.0,8.8e-06,222.1,0.48
267,1790894098.4931505,-0.3327,0.0615,-0.6452,-0.0619,0.1791,0.1525,0.2538,0.2031,0.6482,0.1013,0.125,-0.0,0.1534,0.7924,0.0,0.239,0.0,0.8752,0.0,8.8e-06,109.2,0.43
268,1790894098.9728105,-0.3515,0.0434,-0.4933,-0.1388,0.1844,0.18,0.2529,0.2168,0.6734,0.0729,0.111,0.0,0.1339,0.704,0.0,0.307,-0.0,0.8752,0.245,8.933333333333333e-06,147.2,0.48
269,1790894099.430352,-0.3265,0.0404,-0.5269,-0.1194,0.1672,0.1647,0.2366,0.2008,0.6285,0.0719,0.1011,0.0,0.1412,0.6365,0.0,0.332,-0.0,0.8752,0.0,8.933333333333333e-06,201.0,0.45
270,1790894099.9144802,-0.346,0.0385,-0.5947,-0.1809,0.1726,0.1691,0.2364,0.202,0.7202,0.0673,0.0931,-0.0,0.1489,0.5812,0.0,0.31,0.0,0.8752,0.0,8.933333333333333e-06,246.7,0.48
271,1790894100.3926206,-0.2979,0.0515,-0.5099,-0.0556,0.1273,0.1191,0.2023,0.163,0.6744,0.0832,0.0848,-0.0,0.1637,0.5217,0.0,0.271,0.0,0.8752,0.0,8.933333333333333e-06,101.8,0.47
272,1790894100.8738596,-0.3019,0.0326,-0.5679,-0.0815,0.1488,0.1462,0.1979,0.1725,0.6469,0.0517,0.1401,-0.0,0.1368,0.8973,0.0,0.261,0.0,0.8752,0.246,9.066666666666667e-06,145.8,0.48
273,1790894101.3183482,-0.334,0.0446,-0.5664,-0.0577,0.1698,0.1698,0.2434,0.2061,0.6399,0.0736,0.0966,-0.0,0.1511,0.6037,0.0,0.339,0.0,0.8752,0.0,9.066666666666667e-06,196.5,0.44
274,1790894101.8041162,-0.4114,0.0346,-0.6857,-0.2185,0.2275,0.2213,0.2886,0.2598,0.7579,0.0674,0.1282,0.0,0.1381,0.818,0.0,0.357,-0.0,0.8752,0.0,9.066666666666667e-06,209.4,0.48
275,1790894102.2663593,-0.3041,0.0492,-0.5679,-0.0686,0.1636,0.1569,0.2371,0.1932,0.5545,0.0803,0.1177,-0.0,0.1887,0.7341,0.0,0.252,0.0,0.8752,0.0,9.066666666666667e-06,114.6,0.46
276,1790894104.5087874,-0.3475,0.0377,-0.5603,-0.1305,0.1907,0.1832,0.2469,0.2136,0.6694,0.0638,0.1188,-0.0,0.1158,0.7614,0.0,0.28,0.0,0.8752,0.21,9.200000000000002e-06,105.5,0.67
277,1790894104.984314,-0.3264,0.0397,-0.519,-0.097,0.164,0.164,0.2315,0.1998,0.6331,0.0676,0.0956,-0.0,0.1272,0.6031,0.0,0.325,0.0,0.8752,0.0,9.200000000000002e-06,189.5,0.47
278,1790894105.4266367,-0.3748,0.0342,-0.6183,-0.1854,0.2046,0.1992,0.2643,0.2334,0.7067,0.0651,0.1143,-0.0,0.1377,0.7253,0.0,0.318,0.0,0.8752,0.0,9.200000000000002e-06,262.0,0.44
279,1790894105.8296397,-0.3321,0.0627,-0.7,-0.0,0.1799,0.1646,0.2577,0.2092,0.6145,0.0931,0.0889,-0.0,0.1081,0.5637,0.0,0.23,0.0,0.8752,0.0,9.200000000000002e-06,137.8,0.4
280,1790894106.2925105,-0.3021,0.0453,-0.6412,-0.117,0.1612,0.1572,0.2304,0.1918,0.5513,0.0732,0.1101,0.0,0.1865,0.6842,0.0,0.257,-0.0,0.8752,0.213,9.333333333333334e-06,159.6,0.46
281,1790894106.7570388,-0.3798,0.0407,-0.5976,-0.2014,0.2124,0.2064,0.2728,0.2391,0.7034,0.0664,0.1347,-0.0,0.1217,0.8657,0.0,0.341,0.0,0.8752,0.0,9.333333333333334e-06,192.1,0.46
282,1790894107.1904204,-0.3391,0.0319,-0.5822,-0.1869,0.1775,0.1727,0.2254,0.2,0.6954,0.0527,0.0917,0.0,0.1403,0.5738,0.0,0.305,-0.0,0.8752,0.0,9.333333333333334e-06,267.3,0.43
283,1790894107.6766841,-0.2558,0.0534,-0.5333,-0.0,0.1291,0.1122,0.194,0.154,0.509,0.0819,0.0805,-0.0,0.0995,0.5102,0.0,0.194,0.0,0.8752,0.0,9.333333333333334e-06,101.7,0.48
284,1790894108.1324084,-0.3259,0.0483,-0.6675,-0.1318,0.1695,0.1654,0.246,0.2011,0.6242,0.0806,0.105,-0.0,0.1668,0.6555,0.0,0.345,0.0,0.8752,0.223,9.466666666666667e-06,176.4,0.45
285,1790894108.5987492,-0.3341,0.0421,-0.6654,-0.0724,0.1763,0.1725,0.2432,0.2065,0.6376,0.0707,0.0977,-0.0,0.167,0.6065,0.0,0.327,0.0,0.8752,0.0,9.466666666666667e-06,200.4,0.46
286,1790894109.138127,-0.3549,0.0347,-0.6891,-0.1348,0.1776,0.1763,0.2403,0.2131,0.7089,0.064,0.0967,0.0,0.1186,0.6128,0.0,0.313,-0.0,0.8752,0.0,9.466666666666667e-06,235.5,0.54
287,1790894109.6020434,-0.3554,0.0459,-0.7714,-0.0435,0.2017,0.1906,0.2706,0.2342,0.6058,0.08,0.1516,-0.0,0.1477,0.9712,0.0,0.223,0.0,0.8752,0.0,9.466666666666667e-06,107.2,0.46
288,1790894110.1001105,-0.42,0.0438,-0.6444,-0.2116,0.2471,0.2356,0.3206,0.2714,0.7428,0.085,0.1445,0.0,0.1471,0.9243,0.0,0.408,-0.0,0.8752,0.239,9.600000000000001e-06,163.1,0.49
289,1790894110.5521197,-0.3646,0.0416,-0.6624,-0.1325,0.1881,0.1881,0.2567,0.2237,0.7044,0.0686,0.113,-0.0,0.1513,0.7128,0.0,0.326,0.0,0.8752,0.0,9.600000000000001e-06,212.6,0.45
290,1790894111.0896385,-0.3396,0.0337,-0.5086,-0.1771,0.1824,0.1764,0.2336,0.2044,0.676,0.0572,0.1058,-0.0,0.1495,0.6656,0.0,0.309,0.0,0.8752,0.0,9.600000000000001e-06,222.1,0.53
291,1790894111.5180933,-0.3488,0.0502,-0.7238,-0.0571,0.1971,0.1845,0.2736,0.2273,0.6079,0.0891,0.1336,-0.0,0.1674,0.8459,0.0,0.26,-0.0,0.8752,0.0,9.600000000000001e-06,111.8,0.42
292,1790894111.9348154,-0.2957,0.0382,-0.6563,-0.0848,0.1512,0.1512,0.2149,0.1827,0.565,0.0637,0.0985,0.0,0.1271,0.6229,0.0,0.301,-0.0,0.8752,0.23,9.733333333333334e-06,188.6,0.41
293,1790894112.3669703,-0.371,0.0406,-0.7256,-0.1933,0.1984,0.1973,0.2769,0.2385,0.6626,0.0796,0.1165,0.0,0.136,0.7407,0.0,0.359,-0.0,0.8752,0.0,9.733333333333334e-06,223.9,0.43
294,1790894112.8972595,-0.3303,0.0332,-0.5222,-0.1634,0.1665,0.1615,0.2212,0.1926,0.6888,0.0597,0.0956,0.0,0.1693,0.5918,0.0,0.304,-0.0,0.8752,0.0,9.733333333333334e-06,230.1,0.53
295,1790894113.325278,-0.3009,0.0474,-0.5222,-0.1,0.1548,0.152,0.2351,0.1835,0.5873,0.0831,0.1312,0.0,0.1316,0.8394,0.0,0.212,-0.0,0.8752,0.0,9.733333333333334e-06,114.2,0.43
296,1790894113.826359,-0.2928,0.0302,-0.4558,-0.1825,0.1465,0.1415,0.1988,0.1679,0.6246,0.0573,0.0908,0.0,0.1266,0.5714,0.0,0.239,-0.0,0.8752,0.218,9.866666666666668e-06,153.2,0.5
297,1790894114.2432117,-0.35,0.0364,-0.5736,-0.1512,0.1866,0.1777,0.2434,0.2114,0.693,0.0657,0.1086,-0.0,0.1361,0.6876,0.0,0.32,0.0,0.8752,0.0,9.866666666666668e-06,228.9,0.41
298,1790894114.730533,-0.3428,0.0352,-0.5226,-0.1138,0.1751,0.1705,0.2339,0.2044,0.6917,0.0635,0.0928,0.0,0.1342,0.5828,0.0,0.334,-0.0,0.8752,0.0,9.866666666666668e-06,239.2,0.48
299,1790894115.1622615,-0.2704,0.0566,-0.8667,-0.0,0.1344,0.1152,0.2192,0.1638,0.533,0.1041,0.0824,0.0,0.0946,0.5239,0.0,0.226,-0.0,0.8752,0.0,9.866666666666668e-06,115.2,0.43
300,1790894115.6112165,-0.2547,0.0403,-0.4839,-0.0331,0.1178,0.1147,0.1796,0.1483,0.5318,0.0649,0.0787,-0.0,0.1551,0.4835,0.0,0.28,0.0,0.8752,0.229,1e-05,150.5,0.45
301,1790894117.8172486,-0.3186,0.0381,-0.5471,-0.0808,0.1567,0.1538,0.221,0.1907,0.6395,0.0672,0.105,0.0,0.1257,0.6662,0.0,0.315,-0.0,0.8752,0.0,1e-05,157.3,0.6
302,1790894118.321738,-0.3172,0.0364,-0.505,-0.1637,0.1529,0.1529,0.2202,0.1869,0.6512,0.0673,0.0797,0.0,0.1218,0.4992,0.0,0.314,-0.0,0.8752,0.0,1e-05,246.4,0.5
303,1790894118.7323406,-0.3525,0.0391,-0.8327,-0.1214,0.2212,0.1991,0.2702,0.2314,0.6057,0.071,0.146,-0.0,0.1354,0.9373,0.0,0.242,0.0,0.7989,0.0,1e-05,119.7,0.41
304,1790894119.1503506,-0.281,0.0378,-0.48,-0.1291,0.1439,0.1384,0.204,0.1685,0.5628,0.0656,0.0836,-0.0,0.1202,0.5254,0.0,0.261,0.0,0.8752,0.231,1.0133333333333335e-05,178.0,0.42
305,1790894119.6040788,-0.3697,0.0362,-0.6839,-0.0923,0.2093,0.2009,0.2641,0.234,0.6789,0.0631,0.1129,0.0,0.1298,0.718,0.0,0.347,-0.0,0.8752,0.0,1.0133333333333335e-05,191.9,0.45
306,1790894120.1151938,-0.3053,0.0338,-0.4467,-0.1186,0.1478,0.1469,0.208,0.1817,0.618,0.0611,0.0863,0.0,0.1283,0.5414,0.0,0.287,-0.0,0.8752,0.0,1.0133333333333335e-05,238.2,0.51
307,1790894120.5936818,-0.2625,0.0514,-0.4917,-0.0435,0.1319,0.1247,0.194,0.1573,0.526,0.0693,0.1078,-0.0,0.1342,0.6831,0.0,0.203,0.0,0.8752,0.0,1.0133333333333335e-05,115.1,0.48
308,1790894121.234254,-0.2934,0.0325,-0.4801,-0.0881,0.1652,0.1584,0.2155,0.1863,0.5353,0.0571,0.1034,-0.0,0.1244,0.6565,0.0,0.253,0.0,0.8752,0.218,1.0266666666666668e-05,108.6,0.64
309,1790894121.7254412,-0.3136,0.0465,-0.6891,-0.0993,0.1551,0.1515,0.2315,0.1923,0.6065,0.08,0.0986,0.0,0.1098,0.6278,0.0,0.298,-0.0,0.8752,0.0,1.0266666666666668e-05,185.8,0.49
310,1790894122.2722075,-0.3536,0.0376,-0.5852,-0.2097,0.1833,0.1792,0.2452,0.2134,0.7008,0.066,0.1218,0.0,0.1276,0.7778,0.0,0.328,-0.0,0.8752,0.0,1.0266666666666668e-05,219.0,0.54
311,1790894122.7434454,-0.2707,0.0464,-0.5852,-0.1167,0.1312,0.1244,0.2065,0.1642,0.5323,0.0821,0.098,-0.0,0.1512,0.6132,0.0,0.232,0.0,0.8752,0.0,1.0266666666666668e-05,108.3,0.47
312,1790894123.2105227,-0.3052,0.044,-0.5728,-0.0672,0.1455,0.1417,0.2202,0.1813,0.6195,0.0785,0.09,-0.0,0.1341,0.5643,0.0,0.318,0.0,0.8752,0.23,1.04e-05,159.7,0.46
313,1790894123.639106,-0.3941,0.0379,-0.6092,-0.2,0.2148,0.2098,0.2832,0.2487,0.7271,0.0734,0.1339,-0.0,0.1852,0.8435,0.0,0.34,0.0,0.8752,0.0,1.04e-05,230.7,0.43
314,1790894124.0963125,-0.3577,0.0367,-0.6,-0.0895,0.1785,0.1732,0.2455,0.2133,0.7224,0.0723,0.1049,0.0,0.135,0.6635,0.0,0.302,-0.0,0.8752,0.0,1.04e-05,256.4,0.46
315,1790894124.5142198,-0.2669,0.0539,-0.5043,-0.1381,0.1293,0.1257,0.2081,0.1648,0.5103,0.0824,0.0994,-0.0,0.138,0.6259,0.0,0.227,0.0,0.8752,0.0,1.04e-05,140.1,0.41
316,1790894125.0009336,-0.3659,0.0434,-0.6018,-0.1382,0.1873,0.1849,0.2692,0.2233,0.7133,0.0843,0.1065,0.0,0.1336,0.6745,0.0,0.374,-0.0,0.8752,0.232,1.0533333333333333e-05,164.3,0.48
317,1790894125.4938684,-0.3673,0.0411,-0.6603,-0.1041,0.2016,0.2007,0.274,0.2355,0.6591,0.0733,0.1167,0.0,0.1459,0.7394,0.0,0.315,-0.0,0.8752,0.0,1.0533333333333333e-05,212.4,0.49
318,1790894125.9696105,-0.3024,0.0344,-0.5152,-0.1491,0.152,0.15,0.206,0.1791,0.6164,0.056,0.0891,0.0,0.1394,0.5567,0.0,0.289,-0.0,0.8752,0.0,1.0533333333333333e-05,291.3,0.47
319,1790894126.3930085,-0.3067,0.0593,-0.5714,-0.0874,0.1413,0.1358,0.2298,0.1821,0.6231,0.094,0.0857,0.0,0.1295,0.5369,0.0,0.253,-0.0,0.8752,0.0,1.0533333333333333e-05,128.8,0.42
320,1790894126.897686,-0.3078,0.0326,-0.6026,-0.1219,0.1595,0.1544,0.2137,0.1856,0.6109,0.0593,0.095,0.0,0.1548,0.592,0.0,0.286,-0.0,0.8752,0.249,1.0666666666666667e-05,156.5,0.5
321,1790894127.3575554,-0.3372,0.0496,-0.5974,-0.1325,0.1568,0.1568,0.2412,0.2044,0.6642,0.0844,0.1067,0.0,0.1554,0.6701,0.0,0.36,-0.0,0.8752,0.0,1.0666666666666667e-05,196.5,0.46
322,1790894127.8908608,-0.3481,0.0378,-0.5544,-0.1811,0.1829,0.1726,0.243,0.2089,0.6957,0.0704,0.0964,0.0,0.1633,0.599,0.0,0.323,-0.0,0.8752,0.0,1.0666666666666667e-05,214.7,0.53
323,1790894128.3142338,-0.3108,0.0479,-0.7217,-0.0589,0.1557,0.1511,0.2394,0.1953,0.5775,0.0883,0.0988,0.0,0.1297,0.6241,0.0,0.298,-0.0,0.8752,0.0,1.0666666666666667e-05,129.2,0.42
324,1790894128.7597556,-0.3793,0.0458,-0.5383,-0.15,0.2019,0.1967,0.2807,0.2373,0.7101,0.084,0.1293,-0.0,0.169,0.8168,0.0,0.355,0.0,0.8752,0.224,1.0800000000000002e-05,182.0,0.44
325,1790894129.186989,-0.3119,0.0333,-0.5004,-0.1056,0.1636,0.1627,0.2167,0.1878,0.6205,0.0541,0.0908,0.0,0.194,0.5535,0.0,0.311,-0.0,0.8752,0.0,1.0800000000000002e-05,226.1,0.42
326,1790894131.338587,-0.2987,0.0367,-0.5437,-0.165,0.1466,0.1449,0.2025,0.1749,0.6189,0.0576,0.084,-0.0,0.1251,0.5266,0.0,0.303,-0.0,0.8752,0.0,1.0800000000000002e-05,203.8,0.6
327,1790894131.7640018,-0.2867,0.0423,-0.5075,-0.0553,0.1417,0.1369,0.2117,0.1753,0.5567,0.0748,0.0854,0.0,0.1334,0.5338,0.0,0.282,-0.0,0.8752,0.0,1.0800000000000002e-05,123.4,0.42
328,1790894132.1816514,-0.3208,0.0342,-0.608,-0.0833,0.1723,0.1679,0.2269,0.1976,0.6158,0.059,0.1082,0.0,0.1418,0.6833,0.0,0.289,-0.0,0.8752,0.212,1.0933333333333334e-05,182.3,0.41
329,1790894132.6001472,-0.3149,0.0438,-0.6127,-0.0615,0.1516,0.1455,0.2238,0.1876,0.6362,0.0784,0.0929,-0.0,0.1287,0.585,0.0,0.308,0.0,0.8752,0.0,1.0933333333333334e-05,219.6,0.42
330,1790894133.101829,-0.3222,0.0348,-0.5073,-0.1701,0.1652,0.1585,0.2206,0.1903,0.6594,0.0621,0.0863,0.0,0.1428,0.5376,0.0,0.28,-0.0,0.8752,0.0,1.0933333333333334e-05,228.1,0.5
331,1790894133.5505068,-0.2165,0.0386,-0.6348,-0.0556,0.1177,0.1064,0.1686,0.1311,0.427,0.0622,0.0767,0.0,0.1662,0.4668,0.0,0.204,-0.0,0.8379,0.0,1.0933333333333334e-05,108.6,0.45
332,1790894134.0233676,-0.2694,0.0412,-0.55,-0.0681,0.1331,0.1262,0.1963,0.1609,0.5424,0.07,0.0867,-0.0,0.1237,0.5453,0.0,0.235,0.0,0.8752,0.268,1.1066666666666669e-05,140.2,0.47
333,1790894134.4685564,-0.3295,0.0458,-0.5227,-0.1819,0.165,0.1562,0.2341,0.1961,0.6669,0.0779,0.1005,-0.0,0.1564,0.6282,0.0,0.328,0.0,0.8752,0.0,1.1066666666666669e-05,196.0,0.44
334,1790894134.9276383,-0.3211,0.042,-0.6325,-0.1523,0.1499,0.1481,0.2292,0.1915,0.648,0.0811,0.0909,0.0,0.1369,0.5697,0.0,0.325,-0.0,0.8752,0.0,1.1066666666666669e-05,238.1,0.46
335,1790894135.4061067,-0.2958,0.0537,-0.6044,-0.0,0.1395,0.1296,0.2272,0.1791,0.5836,0.0976,0.0828,0.0,0.1411,0.5143,0.0,0.26,-0.0,0.8752,0.0,1.1066666666666669e-05,116.0,0.48
336,1790894135.8747773,-0.2646,0.0443,-0.5131,-0.1088,0.1265,0.1252,0.2026,0.1613,0.5164,0.0775,0.088,-0.0,0.1333,0.5511,0.0,0.266,0.0,0.8752,0.216,1.1200000000000001e-05,164.9,0.47
337,1790894136.3268337,-0.3254,0.0412,-0.538,-0.1048,0.1693,0.1672,0.2431,0.2043,0.6054,0.076,0.1057,-0.0,0.134,0.6692,0.0,0.315,0.0,0.8752,0.0,1.1200000000000001e-05,213.7,0.45
338,1790894136.8710372,-0.3509,0.0369,-0.5082,-0.106,0.1765,0.1721,0.2391,0.2085,0.7118,0.067,0.1118,0.0,0.1529,0.7045,0.0,0.311,-0.0,0.8752,0.0,1.1200000000000001e-05,208.3,0.54
339,1790894137.3430839,-0.2497,0.0399,-0.5014,-0.0589,0.1339,0.1255,0.193,0.1587,0.4549,0.0674,0.0999,-0.0,0.1674,0.6216,0.0,0.209,0.0,0.8752,0.0,1.1200000000000001e-05,123.7,0.47
340,1790894137.8469567,-0.3084,0.0413,-0.5795,-0.0401,0.1535,0.1508,0.2235,0.187,0.607,0.0726,0.1065,0.0,0.146,0.671,0.0,0.326,-0.0,0.8752,0.216,1.1333333333333334e-05,154.7,0.5
341,1790894138.34712,-0.2635,0.031,-0.4186,-0.1048,0.1323,0.1302,0.1846,0.1571,0.532,0.0544,0.0794,-0.0,0.1287,0.4949,0.0,0.274,0.0,0.8752,0.0,1.1333333333333334e-05,190.6,0.49
342,1790894138.8719943,-0.3298,0.0384,-0.5228,-0.18,0.1619,0.156,0.2204,0.1878,0.71,0.0644,0.0893,-0.0,0.1503,0.5551,0.0,0.282,0.0,0.8752,0.0,1.1333333333333334e-05,236.0,0.52
343,1790894139.3361619,-0.3412,0.049,-0.7714,-0.058,0.2058,0.1804,0.2685,0.2238,0.587,0.0881,0.1681,-0.0,0.174,1.074,0.0,0.248,0.0,0.8752,0.0,1.1333333333333334e-05,97.6,0.46
344,1790894139.8259077,-0.3518,0.0379,-0.5561,-0.1434,0.1725,0.1682,0.2437,0.2057,0.7305,0.0755,0.0991,-0.0,0.1466,0.6215,0.0,0.278,0.0,0.8752,0.318,1.1466666666666668e-05,141.3,0.49
345,1790894140.2870226,-0.3063,0.0427,-0.5532,-0.1146,0.1525,0.1513,0.2271,0.1856,0.6033,0.0758,0.0921,-0.0,0.1406,0.5766,0.0,0.323,0.0,0.8752,0.0,1.1466666666666668e-05,182.2,0.46
346,1790894140.8127756,-0.3112,0.0476,-0.4457,-0.1191,0.1464,0.1389,0.2248,0.1833,0.6392,0.0859,0.0814,0.0,0.137,0.5063,0.0,0.305,-0.0,0.8752,0.0,1.1466666666666668e-05,206.0,0.52
347,1790894141.2519712,-0.3144,0.0502,-0.5913,-0.1036,0.1566,0.1468,0.2342,0.1864,0.6399,0.0873,0.0974,0.0,0.1512,0.6088,0.0,0.218,-0.0,0.8752,0.0,1.1466666666666668e-05,110.1,0.44
348,1790894141.709884,-0.2849,0.0394,-0.6495,-0.0648,0.1421,0.1383,0.2002,0.1682,0.5835,0.0619,0.0775,0.0,0.1807,0.4684,0.0,0.306,-0.0,0.8752,0.255,1.16e-05,177.2,0.45
349,1790894142.1514807,-0.3143,0.0392,-0.6152,-0.1002,0.1525,0.1482,0.2165,0.1843,0.6504,0.0683,0.0916,-0.0,0.1655,0.5662,0.0,0.265,0.0,0.8752,0.0,1.16e-05,234.6,0.44
350,1790894142.6282291,-0.3198,0.032,-0.4759,-0.1708,0.1556,0.1511,0.2079,0.1843,0.6773,0.0568,0.091,0.0,0.1673,0.5621,0.0,0.286,-0.0,0.8752,0.0,1.16e-05,277.8,0.47
351,1790894144.875912,-0.2449,0.0303,-0.6375,-0.0,0.1268,0.1244,0.1785,0.1497,0.4763,0.054,0.0781,-0.0,0.1459,0.4818,0.0,0.202,0.0,0.7989,0.0,1.16e-05,80.4,0.6
352,1790894145.4431262,-0.3017,0.035,-0.5371,-0.1084,0.1584,0.1514,0.2076,0.1768,0.6249,0.0562,0.0927,0.0,0.1336,0.5826,0.0,0.274,-0.0,0.8752,0.208,1.1733333333333335e-05,142.3,0.53
353,1790894145.905761,-0.3636,0.043,-0.6145,-0.1352,0.1928,0.1868,0.2676,0.227,0.6829,0.0808,0.1085,0.0,0.1696,0.678,0.0,0.355,-0.0,0.8752,0.0,1.1733333333333335e-05,198.8,0.46
354,1790894146.4219568,-0.2932,0.0374,-0.4739,-0.142,0.1433,0.142,0.2068,0.1744,0.5944,0.0648,0.0892,0.0,0.1613,0.5516,0.0,0.292,-0.0,0.8752,0.0,1.1733333333333335e-05,229.4,0.51
355,1790894146.856703,-0.3263,0.0409,-0.7714,-0.1341,0.1895,0.1818,0.2549,0.2085,0.589,0.073,0.1421,-0.0,0.1035,0.9196,0.0,0.185,0.0,0.8752,0.0,1.1733333333333335e-05,106.5,0.43
356,1790894147.316277,-0.2345,0.0514,-0.4556,-0.0678,0.0974,0.0954,0.1728,0.1302,0.5217,0.0774,0.0523,0.0,0.1174,0.3172,0.0,0.212,-0.0,0.8752,0.302,1.186666666666667e-05,138.4,0.46
357,1790894147.7990813,-0.3096,0.0396,-0.5784,-0.0833,0.1633,0.1594,0.229,0.1937,0.5795,0.0696,0.1173,-0.0,0.1403,0.7445,0.0,0.313,0.0,0.8752,0.0,1.186666666666667e-05,171.4,0.48
358,1790894148.3184636,-0.3054,0.0383,-0.467,-0.0897,0.1556,0.1539,0.2155,0.1815,0.62,0.0617,0.087,-0.0,0.1303,0.5453,0.0,0.294,0.0,0.8752,0.0,1.186666666666667e-05,208.5,0.52
359,1790894148.7785337,-0.2553,0.0376,-0.4845,-0.0,0.1304,0.1203,0.1863,0.1489,0.532,0.0661,0.0903,-0.0,0.0922,0.5772,0.0,0.215,0.0,0.8752,0.0,1.186666666666667e-05,108.7,0.46
360,1790894149.2853713,-0.3611,0.0425,-0.6559,-0.1695,0.1974,0.1915,0.2701,0.2264,0.6737,0.0786,0.1051,0.0,0.1301,0.6658,0.0,0.326,-0.0,0.8752,0.216,1.2e-05,145.7,0.5
361,1790894149.7618568,-0.3121,0.0394,-0.6375,-0.1185,0.1581,0.15,0.2219,0.1883,0.6189,0.0719,0.0949,-0.0,0.1434,0.5941,0.0,0.306,0.0,0.8752,0.0,1.2e-05,191.1,0.47
362,1790894150.2582026,-0.3299,0.0397,-0.506,-0.1183,0.1688,0.1634,0.2296,0.199,0.6542,0.0662,0.0956,0.0,0.1561,0.5955,0.0,0.301,-0.0,0.8752,0.0,1.2e-05,232.5,0.49
363,1790894150.759663,-0.3534,0.0512,-0.981,-0.0,0.2095,0.1855,0.2684,0.2275,0.6294,0.083,0.1326,0.0,0.1265,0.8502,0.0,0.214,-0.0,0.8379,0.0,1.2e-05,94.4,0.5
364,1790894151.2180567,-0.3188,0.0435,-0.6286,-0.1059,0.1535,0.151,0.228,0.1902,0.643,0.077,0.0964,0.0,0.1398,0.6052,0.0,0.252,-0.0,0.8752,0.227,1.2133333333333335e-05,178.5,0.46
365,1790894151.694426,-0.3385,0.0315,-0.5483,-0.1458,0.1885,0.1821,0.2364,0.209,0.6479,0.0544,0.1095,0.0,0.1686,0.6848,0.0,0.308,-0.0,0.8752,0.0,1.2133333333333335e-05,197.9,0.47
366,1790894152.22838,-0.2634,0.0352,-0.4504,-0.1017,0.1199,0.1164,0.1759,0.1482,0.5758,0.0595,0.0667,0.0,0.1363,0.4084,0.0,0.271,-0.0,0.8752,0.0,1.2133333333333335e-05,218.0,0.53
367,1790894152.6680825,-0.3294,0.0529,-0.6545,-0.0,0.1996,0.1625,0.2654,0.2107,0.5932,0.1029,0.1031,-0.0,0.1648,0.6436,0.0,0.235,0.0,0.8752,0.0,1.2133333333333335e-05,96.0,0.44
368,1790894153.1600127,-0.3326,0.0388,-0.5899,-0.1333,0.1792,0.1779,0.2522,0.2117,0.6047,0.0744,0.1197,0.0,0.1168,0.7666,0.0,0.302,-0.0,0.8752,0.256,1.2266666666666667e-05,135.8,0.49
369,1790894153.641077,-0.3784,0.0306,-0.638,-0.1347,0.2114,0.2084,0.2727,0.2406,0.6893,0.0643,0.1317,0.0,0.1669,0.8337,0.0,0.317,-0.0,0.8752,0.0,1.2266666666666667e-05,189.0,0.48
370,1790894154.194997,-0.2969,0.0297,-0.4376,-0.1206,0.1508,0.1508,0.1969,0.1737,0.616,0.0461,0.0867,-0.0,0.128,0.5436,0.0,0.263,0.0,0.8752,0.0,1.2266666666666667e-05,201.1,0.55
371,1790894154.6552086,-0.3309,0.0599,-0.5357,-0.0571,0.1595,0.1514,0.2467,0.1982,0.6637,0.0953,0.0932,0.0,0.1274,0.5871,0.0,0.24,-0.0,0.8752,0.0,1.2266666666666667e-05,107.1,0.46
372,1790894155.1523588,-0.3227,0.0368,-0.6011,-0.08,0.1717,0.1615,0.231,0.1992,0.6175,0.0695,0.1082,0.0,0.1594,0.6786,0.0,0.29,-0.0,0.8752,0.271,1.2400000000000002e-05,136.8,0.49
373,1790894155.6644347,-0.3025,0.0357,-0.581,-0.0714,0.1492,0.1458,0.2041,0.1777,0.624,0.0584,0.0974,0.0,0.1539,0.608,0.0,0.294,-0.0,0.8752,0.0,1.2400000000000002e-05,170.4,0.51
374,1790894156.1454048,-0.2946,0.0333,-0.4542,-0.1632,0.1516,0.1488,0.2013,0.1746,0.6,0.0525,0.1039,-0.0,0.1426,0.6549,0.0,0.264,0.0,0.8752,0.0,1.2400000000000002e-05,234.3,0.48
375,1790894156.611171,-0.2094,0.0372,-0.5125,-0.0573,0.1083,0.0966,0.1602,0.127,0.4121,0.0637,0.0698,-0.0,0.164,0.4213,0.0,0.199,0.0,0.8379,0.0,1.2400000000000002e-05,101.8,0.46
376,1790894158.9426157,-0.299,0.0428,-0.5226,-0.0997,0.1446,0.1434,0.2127,0.1784,0.6029,0.0693,0.0921,-0.0,0.1178,0.5828,0.0,0.267,0.0,0.8752,0.209,1.2533333333333336e-05,106.8,0.71
377,1790894159.3820453,-0.3027,0.0377,-0.5217,-0.1174,0.1455,0.1412,0.2044,0.173,0.6481,0.0632,0.0845,-0.0,0.1422,0.5254,0.0,0.289,0.0,0.8752,0.0,1.2533333333333336e-05,209.5,0.44
378,1790894159.8937626,-0.3309,0.029,-0.5047,-0.2087,0.1693,0.1662,0.2155,0.1909,0.7002,0.0493,0.0843,-0.0,0.1518,0.5215,0.0,0.277,0.0,0.8752,0.0,1.2533333333333336e-05,239.3,0.51
379,1790894160.3459468,-0.2922,0.0417,-0.5704,-0.0656,0.1577,0.1488,0.2193,0.1792,0.565,0.0706,0.0878,0.0,0.1135,0.5551,0.0,0.227,-0.0,0.8752,0.0,1.2533333333333336e-05,121.9,0.45
380,1790894160.7801375,-0.3443,0.0375,-0.6058,-0.1306,0.192,0.18,0.2466,0.2092,0.6754,0.0666,0.1098,0.0,0.1543,0.6909,0.0,0.29,-0.0,0.8752,0.225,1.2666666666666667e-05,183.1,0.43
381,1790894161.2464116,-0.3016,0.0326,-0.5473,-0.1655,0.1643,0.159,0.2162,0.1879,0.5686,0.0573,0.1114,-0.0,0.17,0.6973,0.0,0.296,0.0,0.8752,0.0,1.2666666666666667e-05,199.6,0.46
382,1790894161.7562263,-0.2771,0.0281,-0.406,-0.1332,0.1407,0.1375,0.1811,0.159,0.59,0.0436,0.0788,0.0,0.117,0.4939,0.0,0.277,-0.0,0.8752,0.0,1.2666666666666667e-05,240.1,0.51
383,1790894162.240811,-0.2832,0.0397,-0.5142,-0.0646,0.1505,0.1457,0.2103,0.1756,0.538,0.0646,0.1022,-0.0,0.1162,0.6505,0.0,0.265,0.0,0.8752,0.0,1.2666666666666667e-05,99.8,0.48
384,1790894162.7397678,-0.293,0.0458,-0.4545,-0.0348,0.1507,0.1437,0.2179,0.1784,0.5727,0.0742,0.0985,0.0,0.1742,0.6105,0.0,0.293,-0.0,0.8752,0.232,1.2800000000000001e-05,157.5,0.5
385,1790894163.1654997,-0.3283,0.0392,-0.5389,-0.0667,0.1641,0.162,0.2345,0.1975,0.654,0.0724,0.0968,0.0,0.1569,0.6033,0.0,0.324,-0.0,0.8752,0.0,1.2800000000000001e-05,208.2,0.42
386,1790894163.7498252,-0.3262,0.0363,-0.5647,-0.1624,0.1623,0.1523,0.2129,0.1859,0.7018,0.0606,0.0903,-0.0,0.1344,0.5663,0.0,0.259,0.0,0.8752,0.0,1.2800000000000001e-05,217.1,0.58
387,1790894164.204128,-0.2871,0.0539,-0.6551,-0.1,0.1518,0.1371,0.2219,0.1788,0.5416,0.0847,0.0922,0.0,0.1565,0.573,0.0,0.253,-0.0,0.8752,0.0,1.2800000000000001e-05,106.0,0.45
388,1790894164.6788108,-0.3719,0.0403,-0.7,-0.0941,0.2078,0.1814,0.2517,0.2233,0.7429,0.0703,0.1192,0.0,0.1673,0.7502,0.0,0.295,-0.0,0.8752,0.226,1.2933333333333334e-05,159.5,0.47
389,1790894165.1373615,-0.2842,0.0412,-0.5294,-0.0329,0.1433,0.1398,0.205,0.1738,0.552,0.0652,0.0899,-0.0,0.1794,0.5518,0.0,0.315,0.0,0.8752,0.0,1.2933333333333334e-05,197.0,0.46
390,1790894165.6553862,-0.3068,0.033,-0.5319,-0.1246,0.1577,0.1553,0.2143,0.1842,0.6129,0.059,0.0996,0.0,0.1438,0.6256,0.0,0.282,-0.0,0.8752,0.0,1.2933333333333334e-05,215.4,0.52
391,1790894166.1037252,-0.2644,0.0507,-0.5167,-0.0641,0.1188,0.1128,0.1911,0.1492,0.5763,0.0783,0.0661,-0.0,0.1475,0.4016,0.0,0.224,0.0,0.8752,0.0,1.2933333333333334e-05,139.5,0.45
392,1790894166.5976448,-0.3161,0.0439,-0.6067,-0.0881,0.1656,0.1611,0.2334,0.1992,0.5844,0.0722,0.0959,0.0,0.155,0.5982,0.0,0.302,-0.0,0.8752,0.244,1.3066666666666668e-05,194.3,0.49
393,1790894167.079555,-0.3564,0.0339,-0.5673,-0.2171,0.186,0.1828,0.255,0.2192,0.6864,0.0723,0.1093,0.0,0.154,0.6877,0.0,0.356,-0.0,0.8783,0.0,1.3066666666666668e-05,198.8,0.48
394,1790894167.540861,-0.2521,0.0375,-0.6036,-0.0389,0.1378,0.1289,0.1897,0.156,0.4803,0.0608,0.1002,0.0,0.1068,0.6396,0.0,0.218,-0.0,0.7989,0.0,1.3066666666666668e-05,108.3,0.46
395,1790894167.9473696,-0.2984,0.0414,-0.5502,-0.0578,0.1553,0.1485,0.209,0.18,0.5916,0.0604,0.0968,-0.0,0.1463,0.6065,0.0,0.291,0.0,0.8752,0.0,1.3066666666666668e-05,170.5,0.4
396,1790894168.4535089,-0.3016,0.0349,-0.6276,-0.1332,0.1473,0.1454,0.2065,0.1742,0.6373,0.0611,0.0878,-0.0,0.1449,0.5468,0.0,0.298,0.0,0.8752,0.217,1.3200000000000002e-05,180.3,0.5
397,1790894168.995093,-0.3274,0.0319,-0.4667,-0.1005,0.1657,0.1641,0.2208,0.1958,0.6584,0.0568,0.1074,0.0,0.1438,0.6775,0.0,0.272,-0.0,0.8752,0.0,1.3200000000000002e-05,222.8,0.54
398,1790894169.4117663,-0.2653,0.0522,-0.5171,-0.0646,0.1322,0.1149,0.1992,0.1565,0.5441,0.0844,0.0807,-0.0,0.1555,0.4968,0.0,0.22,0.0,0.8752,0.0,1.3200000000000002e-05,123.3,0.41
399,1790894169.8823338,-0.2982,0.0401,-0.5367,-0.0404,0.1481,0.1434,0.2098,0.1761,0.6104,0.0665,0.0928,0.0,0.1619,0.5758,0.0,0.309,-0.0,0.8752,0.0,1.3200000000000002e-05,167.1,0.47
400,1790894170.4071648,-0.3155,0.0402,-0.5007,-0.1331,0.1587,0.1522,0.2227,0.1884,0.6352,0.0705,0.0847,0.0,0.1788,0.517,0.0,0.309,-0.0,0.8752,0.22,1.3333333333333333e-05,188.5,0.52
401,1790894172.8514297,-0.2944,0.0436,-0.4633,-0.1053,0.1394,0.1376,0.2027,0.1699,0.6224,0.0651,0.0877,-0.0,0.1538,0.5439,0.0,0.281,0.0,0.8752,0.0,1.3333333333333333e-05,157.3,0.74
402,1790894173.3128717,-0.2652,0.0507,-0.5437,-0.0,0.1515,0.1296,0.2043,0.1653,0.4996,0.0747,0.0794,-0.0,0.1618,0.4863,0.0,0.238,0.0,0.8752,0.0,1.3333333333333333e-05,102.7,0.46
403,1790894173.731709,-0.2947,0.0426,-0.5651,-0.0625,0.1554,0.1416,0.2118,0.1801,0.573,0.0702,0.0853,-0.0,0.1564,0.5269,0.0,0.249,0.0,0.8752,0.0,1.3333333333333333e-05,166.1,0.42
404,1790894174.166948,-0.3246,0.0398,-0.5469,-0.094,0.1589,0.1566,0.2291,0.1928,0.6594,0.0725,0.0927,-0.0,0.1663,0.5735,0.0,0.305,0.0,0.8752,0.26,1.3466666666666668e-05,198.4,0.43
405,1790894174.6249595,-0.3126,0.0283,-0.5479,-0.1256,0.163,0.1618,0.2074,0.1867,0.6295,0.0456,0.0892,-0.0,0.1374,0.5577,0.0,0.296,0.0,0.8752,0.0,1.3466666666666668e-05,257.7,0.46
406,1790894175.0997357,-0.2663,0.0551,-0.7008,-0.0472,0.1268,0.1268,0.2093,0.1589,0.5371,0.0825,0.0974,0.0,0.1512,0.6091,0.0,0.232,-0.0,0.8379,0.0,1.3466666666666668e-05,94.8,0.47
407,1790894175.5697951,-0.2889,0.0429,-0.5446,-0.0762,0.151,0.1412,0.2131,0.1767,0.5611,0.0719,0.0856,0.0,0.182,0.522,0.0,0.241,-0.0,0.8752,0.0,1.3466666666666668e-05,139.4,0.47
408,1790894176.0396814,-0.3297,0.0371,-0.6089,-0.0471,0.1778,0.1693,0.2377,0.2056,0.6202,0.0684,0.1035,-0.0,0.1657,0.6455,0.0,0.335,0.0,0.8752,0.255,1.3600000000000002e-05,188.0,0.47
409,1790894176.485605,-0.306,0.0337,-0.4883,-0.1199,0.1503,0.1493,0.2073,0.1789,0.6355,0.0579,0.0901,0.0,0.1504,0.5603,0.0,0.296,-0.0,0.8752,0.0,1.3600000000000002e-05,255.0,0.44
410,1790894176.8916998,-0.246,0.0535,-0.4257,-0.0477,0.1218,0.1039,0.1903,0.1475,0.4923,0.0864,0.0723,-0.0,0.1486,0.4427,0.0,0.21,0.0,0.8752,0.0,1.3600000000000002e-05,126.8,0.4
411,1790894177.3370368,-0.2875,0.0421,-0.5046,-0.0556,0.1497,0.1383,0.204,0.169,0.5925,0.0656,0.0963,0.0,0.1506,0.6016,0.0,0.29,-0.0,0.8752,0.0,1.3600000000000002e-05,176.4,0.44
412,1790894177.8436499,-0.2981,0.035,-0.5818,-0.0732,0.1522,0.1487,0.2114,0.1785,0.5981,0.0627,0.09,-0.0,0.1643,0.5562,0.0,0.289,0.0,0.8752,0.246,1.3733333333333335e-05,201.4,0.5
413,1790894178.3651218,-0.3081,0.0377,-0.5846,-0.1207,0.1415,0.1408,0.2083,0.1771,0.655,0.0676,0.0848,-0.0,0.1554,0.5236,0.0,0.279,0.0,0.8752,0.0,1.3733333333333335e-05,240.5,0.52
414,1790894178.8255594,-0.2745,0.0513,-0.6762,-0.0745,0.1421,0.1266,0.2037,0.1659,0.5432,0.0771,0.0889,-0.0,0.1538,0.5514,0.0,0.237,0.0,0.8752,0.0,1.3733333333333335e-05,110.1,0.46
415,1790894179.269959,-0.2546,0.0389,-0.4825,-0.1281,0.1317,0.1188,0.1819,0.1501,0.5225,0.0631,0.0756,-0.0,0.1639,0.4602,0.0,0.252,0.0,0.8752,0.0,1.3733333333333335e-05,183.8,0.44
416,1790894179.821951,-0.352,0.038,-0.6024,-0.0955,0.192,0.187,0.2502,0.2208,0.6558,0.0632,0.1156,0.0,0.1608,0.728,0.0,0.316,-0.0,0.8752,0.223,1.3866666666666669e-05,183.2,0.55
417,1790894180.3670323,-0.3035,0.0336,-0.4842,-0.121,0.1539,0.1462,0.2057,0.1755,0.6396,0.0594,0.0885,0.0,0.1465,0.551,0.0,0.286,-0.0,0.8752,0.0,1.3866666666666669e-05,256.4,0.54
418,1790894180.8241653,-0.3696,0.054,-1.1905,-0.1326,0.206,0.1964,0.2939,0.2386,0.6551,0.0975,0.1345,-0.0,0.1556,0.855,0.0,0.273,0.0,0.8752,0.0,1.3866666666666669e-05,135.8,0.46
419,1790894181.2820988,-0.3163,0.0368,-0.6083,-0.0833,0.1729,0.1623,0.2231,0.1931,0.616,0.0608,0.0982,0.0,0.1574,0.6128,0.0,0.274,-0.0,0.8752,0.0,1.3866666666666669e-05,183.2,0.45
420,1790894181.7241445,-0.3606,0.0426,-0.5564,-0.0897,0.1885,0.1834,0.2627,0.2233,0.6864,0.0794,0.1082,-0.0,0.1536,0.6802,0.0,0.354,0.0,0.8752,0.23,1.4e-05,210.9,0.44
421,1790894182.210002,-0.3015,0.0372,-0.4673,-0.1636,0.1462,0.1413,0.2019,0.1743,0.636,0.0606,0.0829,0.0,0.1461,0.5137,0.0,0.272,-0.0,0.8752,0.0,1.4e-05,241.0,0.48
422,1790894182.699886,-0.2648,0.0446,-0.7955,-0.0,0.1524,0.1367,0.2019,0.1709,0.4696,0.0652,0.1016,-0.0,0.2183,0.6193,0.0,0.213,0.0,0.8752,0.0,1.4e-05,107.7,0.49
423,1790894183.1667457,-0.3022,0.0431,-0.567,-0.1048,0.1576,0.1531,0.2285,0.1864,0.579,0.0755,0.1055,0.0,0.1948,0.6514,0.0,0.271,-0.0,0.8752,0.0,1.4e-05,173.4,0.46
424,1790894183.649567,-0.3385,0.0321,-0.6253,-0.1654,0.1847,0.1816,0.2361,0.2098,0.6436,0.0545,0.1042,0.0,0.1451,0.6562,0.0,0.34,-0.0,0.8752,0.247,1.4133333333333334e-05,190.4,0.48
425,1790894184.1460745,-0.2954,0.0309,-0.4275,-0.1285,0.1459,0.1424,0.1998,0.171,0.6222,0.0574,0.0847,0.0,0.1449,0.5263,0.0,0.282,-0.0,0.8752,0.0,1.4133333333333334e-05,257.0,0.49
426,1790894186.5628216,-0.388,0.0432,-0.6348,-0.1152,0.2153,0.2153,0.29,0.2472,0.704,0.0747,0.1132,-0.0,0.1634,0.7114,0.0,0.296,0.0,0.8752,0.0,1.4133333333333334e-05,74.1,0.67
427,1790894187.126684,-0.2756,0.0352,-0.5851,-0.0825,0.1405,0.1365,0.1944,0.1675,0.5406,0.0579,0.0834,0.0,0.1531,0.5152,0.0,0.295,-0.0,0.8752,0.0,1.4133333333333334e-05,137.1,0.56
428,1790894187.6839192,-0.3724,0.0346,-0.5415,-0.106,0.1998,0.1988,0.2611,0.2336,0.6942,0.0623,0.1185,-0.0,0.1737,0.7434,0.0,0.362,0.0,0.8752,0.232,1.4266666666666668e-05,163.3,0.56
429,1790894188.113108,-0.3259,0.0395,-0.5039,-0.1475,0.1593,0.1587,0.2351,0.1952,0.6537,0.0764,0.096,0.0,0.1468,0.6006,0.0,0.305,0.0,0.8752,0.0,1.4266666666666668e-05,282.2,0.43
430,1790894188.5359561,-0.2884,0.0439,-0.6444,-0.0589,0.1461,0.1392,0.2159,0.1725,0.5797,0.0767,0.0788,-0.0,0.1381,0.4883,0.0,0.238,0.0,0.8752,0.0,1.4266666666666668e-05,122.3,0.42
431,1790894188.972351,-0.3005,0.0376,-0.6,-0.0909,0.149,0.1479,0.2117,0.182,0.5925,0.0638,0.1135,-0.0,0.1734,0.7107,0.0,0.311,0.0,0.8379,0.0,1.4266666666666668e-05,177.9,0.43
432,1790894189.4695187,-0.3266,0.0321,-0.6396,-0.1527,0.1782,0.1728,0.2351,0.2033,0.6162,0.0624,0.0977,-0.0,0.1874,0.6015,0.0,0.327,0.0,0.8752,0.282,1.4400000000000001e-05,189.5,0.49
433,1790894189.9555202,-0.3156,0.0386,-0.485,-0.1625,0.1525,0.1502,0.22,0.1872,0.6422,0.0698,0.0809,0.0,0.1464,0.5004,0.0,0.308,-0.0,0.8752,0.0,1.4400000000000001e-05,234.6,0.48
434,1790894190.383362,-0.304,0.0444,-0.7,-0.0808,0.1666,0.1599,0.244,0.198,0.53,0.0841,0.1072,0.0,0.1359,0.6784,0.0,0.242,-0.0,0.8752,0.0,1.4400000000000001e-05,122.5,0.42
435,1790894190.8403177,-0.3009,0.0391,-0.4829,-0.0429,0.1394,0.135,0.2055,0.1725,0.6419,0.0705,0.0908,0.0,0.1757,0.5587,0.0,0.293,-0.0,0.8752,0.0,1.4400000000000001e-05,173.3,0.45
436,1790894191.3380888,-0.3169,0.0368,-0.6278,-0.1215,0.1574,0.1543,0.2219,0.1925,0.6221,0.0676,0.0969,-0.0,0.1627,0.6029,0.0,0.318,0.0,0.8752,0.209,1.4533333333333335e-05,193.9,0.49
437,1790894191.815264,-0.2973,0.0344,-0.4982,-0.1174,0.1487,0.1449,0.208,0.1745,0.6137,0.0631,0.0876,-0.0,0.1519,0.5434,0.0,0.291,0.0,0.8752,0.0,1.4533333333333335e-05,247.7,0.47
438,1790894192.260676,-0.2557,0.041,-0.7,-0.0,0.1488,0.1341,0.1948,0.1592,0.4829,0.0608,0.0802,0.0,0.1138,0.504,0.0,0.199,-0.0,0.8752,0.0,1.4533333333333335e-05,105.5,0.44
439,1790894192.729802,-0.2167,0.0395,-0.5589,-0.0556,0.1022,0.0976,0.1601,0.1273,0.4471,0.0625,0.0572,-0.0,0.1562,0.3398,0.0,0.244,0.0,0.8752,0.0,1.4533333333333335e-05,150.9,0.47
440,1790894193.1717408,-0.3614,0.0465,-0.5596,-0.1352,0.1866,0.1835,0.269,0.2282,0.6658,0.0855,0.1163,0.0,0.1888,0.725,0.0,0.372,-0.0,0.8752,0.242,1.4666666666666666e-05,200.5,0.44
441,1790894193.6934752,-0.3135,0.0389,-0.459,-0.1106,0.1576,0.1509,0.2202,0.1839,0.6479,0.0692,0.0902,-0.0,0.1819,0.5527,0.0,0.323,0.0,0.8752,0.0,1.4666666666666666e-05,217.4,0.52
442,1790894194.1649137,-0.246,0.0566,-0.5516,-0.0,0.1142,0.1046,0.1834,0.139,0.5347,0.0788,0.0703,-0.0,0.1323,0.4337,0.0,0.241,0.0,0.8379,0.0,1.4666666666666666e-05,111.0,0.47
443,1790894194.6483352,-0.3115,0.0404,-0.663,-0.1146,0.1765,0.1736,0.2323,0.1995,0.5596,0.0587,0.0965,-0.0,0.152,0.603,0.0,0.286,0.0,0.8752,0.0,1.4666666666666666e-05,151.2,0.48
444,1790894195.1401806,-0.3147,0.0404,-0.5034,-0.1036,0.1624,0.1546,0.221,0.1901,0.623,0.0664,0.0899,-0.0,0.1615,0.5565,0.0,0.306,0.0,0.8752,0.243,1.48e-05,184.9,0.49
445,1790894195.6566312,-0.2852,0.0323,-0.5264,-0.1212,0.1456,0.1369,0.1929,0.1663,0.5943,0.056,0.0943,-0.0,0.1531,0.5876,0.0,0.278,0.0,0.8752,0.0,1.48e-05,205.8,0.51
446,1790894196.1104763,-0.2293,0.0339,-0.5333,-0.0,0.1202,0.1184,0.1712,0.1469,0.412,0.0528,0.0838,0.0,0.1552,0.5171,0.0,0.217,-0.0,0.8752,0.0,1.48e-05,116.9,0.45
447,1790894196.5730474,-0.2223,0.0432,-0.4105,-0.0527,0.1025,0.098,0.1562,0.1271,0.4758,0.0582,0.0599,-0.0,0.1159,0.3685,0.0,0.232,0.0,0.8752,0.0,1.48e-05,161.1,0.46
448,1790894197.0552475,-0.2487,0.0404,-0.5372,-0.0304,0.1206,0.1174,0.1826,0.1455,0.516,0.0653,0.0684,-0.0,0.1611,0.4128,0.0,0.271,0.0,0.8752,0.223,1.4933333333333335e-05,190.5,0.48
449,1790894197.540513,-0.3089,0.0382,-0.6203,-0.1131,0.15,0.1467,0.2186,0.1863,0.613,0.072,0.0971,0.0,0.1519,0.607,0.0,0.287,-0.0,0.8752,0.0,1.4933333333333335e-05,229.2,0.48
450,1790894198.0160296,-0.2497,0.0531,-0.5567,-0.0,0.1173,0.1094,0.2027,0.1501,0.4978,0.0933,0.0841,0.0,0.1628,0.5175,0.0,0.212,-0.0,0.8752,0.0,1.4933333333333335e-05,94.5,0.47
451,1790894200.262409,-0.2554,0.0391,-0.5469,-0.0,0.1446,0.1253,0.1918,0.1603,0.4756,0.0665,0.0819,0.0,0.1343,0.5104,0.0,0.272,-0.0,0.8752,0.0,1.4933333333333335e-05,103.9,0.63
452,1790894200.7722244,-0.3471,0.0493,-0.5547,-0.15,0.1775,0.1764,0.2577,0.2119,0.676,0.0812,0.1052,0.0,0.162,0.6585,0.0,0.342,-0.0,0.8752,0.208,1.5066666666666668e-05,188.8,0.51
453,1790894201.2267892,-0.3481,0.0423,-0.5962,-0.1914,0.1756,0.1722,0.2473,0.2096,0.6924,0.0751,0.1104,0.0,0.1607,0.6929,0.0,0.306,-0.0,0.8752,0.0,1.5066666666666668e-05,274.8,0.45
454,1790894201.6259735,-0.2251,0.0557,-0.575,-0.0,0.104,0.0886,0.1748,0.1262,0.4948,0.0862,0.0685,-0.0,0.1319,0.4216,0.0,0.221,0.0,0.8752,0.0,1.5066666666666668e-05,132.6,0.4
455,1790894202.0688138,-0.3466,0.0397,-0.5917,-0.0,0.201,0.1822,0.2478,0.2157,0.6546,0.0655,0.1188,0.0,0.1432,0.7539,0.0,0.295,-0.0,0.8752,0.0,1.5066666666666668e-05,168.3,0.44
456,1790894202.498488,-0.314,0.0407,-0.5091,-0.0917,0.1562,0.1494,0.2244,0.1852,0.644,0.0749,0.089,-0.0,0.1757,0.5462,0.0,0.291,0.0,0.8752,0.213,1.5200000000000002e-05,221.8,0.43
457,1790894203.0180295,-0.3147,0.0369,-0.5319,-0.1467,0.1561,0.1504,0.2134,0.1876,0.6355,0.063,0.0928,-0.0,0.128,0.5844,0.0,0.297,-0.0,0.8752,0.0,1.5200000000000002e-05,222.8,0.52
458,1790894203.43223,-0.3328,0.0388,-0.6212,-0.0341,0.1836,0.173,0.2406,0.2043,0.6423,0.0676,0.1231,0.0,0.1853,0.7715,0.0,0.257,-0.0,0.8752,0.0,1.5200000000000002e-05,144.9,0.41
459,1790894203.856276,-0.3197,0.0405,-0.661,-0.1464,0.1691,0.1578,0.228,0.1922,0.6378,0.0702,0.0916,0.0,0.1715,0.5646,0.0,0.332,-0.0,0.8752,0.0,1.5200000000000002e-05,195.6,0.42
460,1790894204.3430636,-0.3401,0.0502,-0.5506,-0.0643,0.1664,0.1655,0.2514,0.2141,0.6304,0.0859,0.1004,-0.0,0.1907,0.6182,0.0,0.319,0.0,0.8752,0.252,1.5333333333333334e-05,189.8,0.48
461,1790894204.7862709,-0.3065,0.0356,-0.5203,-0.1436,0.1529,0.1505,0.2142,0.1833,0.616,0.0638,0.0909,-0.0,0.1592,0.5635,0.0,0.291,0.0,0.8752,0.0,1.5333333333333334e-05,253.6,0.44
462,1790894205.2366183,-0.3477,0.039,-0.9143,-0.0667,0.212,0.1933,0.2683,0.2289,0.594,0.075,0.1103,-0.0,0.1704,0.6898,0.0,0.272,0.0,0.8752,0.0,1.5333333333333334e-05,111.4,0.45
463,1790894205.728058,-0.2935,0.0436,-0.5214,-0.1102,0.136,0.1313,0.2019,0.1679,0.6281,0.0707,0.0828,-0.0,0.1502,0.5118,0.0,0.279,0.0,0.8752,0.0,1.5333333333333334e-05,150.8,0.49
464,1790894206.203064,-0.3644,0.0467,-0.6572,-0.0565,0.1886,0.1877,0.2681,0.2326,0.6587,0.0804,0.1146,0.0,0.1853,0.7145,0.0,0.328,-0.0,0.8752,0.285,1.546666666666667e-05,190.4,0.47
465,1790894206.7119324,-0.3176,0.0367,-0.6166,-0.1608,0.1563,0.1554,0.2195,0.187,0.6532,0.0641,0.0876,0.0,0.1531,0.5434,0.0,0.292,-0.0,0.8752,0.0,1.546666666666667e-05,237.1,0.51
466,1790894207.151792,-0.3023,0.0529,-0.575,-0.1158,0.1766,0.146,0.237,0.1934,0.5449,0.091,0.1018,-0.0,0.1821,0.63,0.0,0.253,0.0,0.8379,0.0,1.546666666666667e-05,99.4,0.44
467,1790894207.5911138,-0.2777,0.0438,-0.581,-0.0,0.1461,0.1341,0.2007,0.1683,0.5473,0.0666,0.0901,0.0,0.1507,0.5604,0.0,0.284,-0.0,0.8752,0.0,1.546666666666667e-05,158.9,0.44
468,1790894208.0845864,-0.2587,0.0356,-0.4767,-0.0817,0.1367,0.1244,0.1908,0.1577,0.5054,0.0665,0.0823,-0.0,0.1666,0.5043,0.0,0.281,0.0,0.8752,0.272,1.5600000000000003e-05,179.5,0.49
469,1790894208.5414963,-0.3471,0.0364,-0.5479,-0.1969,0.1743,0.1734,0.2399,0.2088,0.6919,0.0664,0.1057,0.0,0.2194,0.6459,0.0,0.321,-0.0,0.8752,0.0,1.5600000000000003e-05,243.9,0.45
470,1790894209.0028079,-0.2625,0.0427,-0.5798,-0.0589,0.1268,0.1218,0.1909,0.1546,0.5397,0.0692,0.0815,0.0,0.1854,0.4941,0.0,0.222,-0.0,0.8752,0.0,1.5600000000000003e-05,101.5,0.46
471,1790894209.4643214,-0.3143,0.0359,-0.623,-0.0384,0.1632,0.1594,0.2178,0.1908,0.6173,0.0585,0.0979,0.0,0.1512,0.6124,0.0,0.279,-0.0,0.8752,0.0,1.5600000000000003e-05,169.3,0.46
472,1790894209.9617002,-0.3088,0.0368,-0.4609,-0.1678,0.1484,0.1462,0.2101,0.1792,0.6481,0.0638,0.0829,-0.0,0.188,0.5027,0.0,0.302,0.0,0.8752,0.216,1.5733333333333334e-05,195.4,0.49
473,1790894210.5263789,-0.3205,0.04,-0.4723,-0.1531,0.161,0.157,0.2251,0.1903,0.6511,0.0681,0.0845,-0.0,0.1398,0.5262,0.0,0.302,-0.0,0.8752,0.0,1.5733333333333334e-05,220.7,0.56
474,1790894210.9425519,-0.279,0.0452,-0.65,-0.0,0.1483,0.1386,0.2142,0.1727,0.532,0.0757,0.0875,-0.0,0.1669,0.5389,0.0,0.273,0.0,0.8752,0.0,1.5733333333333334e-05,134.3,0.41
475,1790894211.4082437,-0.3201,0.0432,-0.5814,-0.05,0.1812,0.1607,0.2313,0.1993,0.6039,0.0706,0.108,-0.0,0.1802,0.6719,0.0,0.294,0.0,0.8752,0.0,1.5733333333333334e-05,163.4,0.46
476,1790894213.7423086,-0.3198,0.047,-0.606,-0.132,0.1596,0.1505,0.2303,0.1912,0.6431,0.0798,0.1008,-0.0,0.1543,0.6308,0.0,0.292,0.0,0.8752,0.242,1.586666666666667e-05,116.4,0.8
477,1790894214.190242,-0.3368,0.0391,-0.6213,-0.0973,0.1713,0.1691,0.24,0.2099,0.6347,0.071,0.1083,-0.0,0.1824,0.6733,0.0,0.328,0.0,0.8752,0.0,1.586666666666667e-05,271.5,0.44
478,1790894214.6441984,-0.2247,0.0433,-0.4,-0.0,0.1047,0.0934,0.1514,0.1208,0.5196,0.058,0.0646,0.0,0.1356,0.3946,0.0,0.216,-0.0,0.8752,0.0,1.586666666666667e-05,117.2,0.45
479,1790894215.0962188,-0.2833,0.0388,-0.5636,-0.0952,0.1376,0.1329,0.2049,0.1687,0.5727,0.072,0.0855,-0.0,0.1861,0.5202,0.0,0.31,0.0,0.8752,0.0,1.586666666666667e-05,177.2,0.45
480,1790894215.5387292,-0.3024,0.0456,-0.4992,-0.0607,0.1414,0.1414,0.2249,0.183,0.5969,0.0836,0.0841,0.0,0.1663,0.5161,0.0,0.303,-0.0,0.8752,0.223,1.6000000000000003e-05,218.7,0.44
481,1790894216.0120785,-0.2912,0.0345,-0.5347,-0.1136,0.1478,0.1408,0.1995,0.1692,0.6098,0.0587,0.0846,0.0,0.1373,0.5277,0.0,0.29,-0.0,0.8752,0.0,1.6000000000000003e-05,246.6,0.47
482,1790894216.5182297,-0.2798,0.0393,-0.6778,-0.0,0.1632,0.1509,0.222,0.1809,0.4945,0.0711,0.126,-0.0,0.1783,0.7922,0.0,0.262,0.0,0.8752,0.0,1.6000000000000003e-05,99.7,0.5
483,1790894216.9865804,-0.2592,0.0297,-0.4929,-0.0917,0.1307,0.1221,0.1677,0.1475,0.5588,0.0457,0.0852,0.0,0.197,0.5154,0.0,0.245,0.0,0.8752,0.0,1.6000000000000003e-05,148.5,0.47
484,1790894217.5003948,-0.3683,0.0361,-0.6471,-0.0686,0.2028,0.2004,0.2621,0.2346,0.6688,0.0617,0.1263,0.0,0.1606,0.799,0.0,0.294,-0.0,0.8752,0.252,1.6133333333333334e-05,160.5,0.51
485,1790894218.054556,-0.2903,0.0416,-0.4749,-0.0739,0.1387,0.1387,0.2038,0.17,0.6015,0.0651,0.0878,0.0,0.1589,0.5428,0.0,0.295,-0.0,0.8752,0.0,1.6133333333333334e-05,193.5,0.55
486,1790894218.4832988,-0.2899,0.0407,-0.5525,-0.0806,0.1545,0.1375,0.2091,0.1738,0.5807,0.0716,0.0884,-0.0,0.1845,0.5404,0.0,0.286,0.0,0.8752,0.0,1.6133333333333334e-05,131.1,0.43
487,1790894218.9097688,-0.3099,0.0455,-0.551,-0.1507,0.1507,0.1507,0.2283,0.1871,0.6144,0.0776,0.1032,0.0,0.1744,0.6412,0.0,0.31,-0.0,0.8752,0.0,1.6133333333333334e-05,193.5,0.42
488,1790894219.3514664,-0.3054,0.0464,-0.4739,-0.0304,0.1481,0.1419,0.2275,0.1819,0.6175,0.0856,0.0845,-0.0,0.1708,0.518,0.0,0.31,0.0,0.8752,0.223,1.6266666666666668e-05,213.2,0.44
489,1790894219.8368843,-0.2817,0.0365,-0.5707,-0.0919,0.1386,0.1293,0.1943,0.1615,0.601,0.0651,0.074,0.0,0.1331,0.4578,0.0,0.265,-0.0,0.8752,0.0,1.6266666666666668e-05,243.2,0.48
490,1790894220.2643592,-0.2122,0.0428,-0.4748,-0.0,0.1195,0.0984,0.1706,0.1377,0.3728,0.0722,0.0723,0.0,0.1531,0.4413,0.0,0.22,-0.0,0.8379,0.0,1.6266666666666668e-05,118.6,0.42
491,1790894220.7202199,-0.2748,0.0434,-0.4201,-0.1122,0.1435,0.1315,0.2048,0.1658,0.545,0.0734,0.0766,0.0,0.1604,0.4676,0.0,0.262,-0.0,0.8752,0.0,1.6266666666666668e-05,159.5,0.45
492,1790894221.2294388,-0.367,0.0442,-0.6833,-0.1678,0.1953,0.1898,0.2767,0.2356,0.6567,0.0869,0.1364,-0.0,0.2064,0.8545,0.0,0.363,0.0,0.8752,0.211,1.64e-05,169.8,0.51
493,1790894221.6922634,-0.273,0.0325,-0.5178,-0.1286,0.1228,0.122,0.1766,0.1512,0.6093,0.0546,0.0702,0.0,0.1592,0.4254,0.0,0.274,-0.0,0.8752,0.0,1.64e-05,275.8,0.46
494,1790894222.1409218,-0.2445,0.0454,-0.4571,-0.0727,0.1237,0.111,0.1885,0.1453,0.4959,0.0775,0.0645,0.0,0.1438,0.3914,0.0,0.237,-0.0,0.8752,0.0,1.64e-05,105.5,0.45
495,1790894222.5461988,-0.2796,0.0359,-0.5582,-0.0815,0.155,0.1416,0.1993,0.1715,0.5404,0.0577,0.0878,0.0,0.147,0.5462,0.0,0.277,0.0,0.8752,0.0,1.64e-05,189.3,0.4
496,1790894223.052444,-0.2889,0.0474,-0.5719,-0.1063,0.1398,0.1347,0.2104,0.1708,0.5907,0.0757,0.0997,0.0,0.1602,0.6222,0.0,0.306,-0.0,0.8752,0.303,1.6533333333333333e-05,182.2,0.5
497,1790894223.5778315,-0.3104,0.0392,-0.615,-0.1249,0.1519,0.147,0.2166,0.1828,0.638,0.0696,0.0957,0.0,0.1457,0.5992,0.0,0.283,-0.0,0.8752,0.0,1.6533333333333333e-05,227.7,0.52
498,1790894224.040538,-0.2763,0.0612,-0.6383,-0.0,0.1238,0.1193,0.2181,0.1622,0.5704,0.0988,0.0942,0.0,0.1325,0.5929,0.0,0.222,-0.0,0.8379,0.0,1.6533333333333333e-05,97.7,0.46
499,1790894224.4947426,-0.2726,0.0404,-0.5381,-0.0341,0.1432,0.1332,0.198,0.1628,0.5487,0.0648,0.0702,-0.0,0.1759,0.4214,0.0,0.29,0.0,0.8752,0.0,1.6533333333333333e-05,153.9,0.45
500,1790894224.9915466,-0.3607,0.0392,-0.5622,-0.1548,0.1896,0.1877,0.2565,0.227,0.6685,0.0688,0.1212,0.0,0.1981,0.7553,0.0,0.364,-0.0,0.8752,0.245,1.6666666666666667e-05,188.1,0.49
501,1790894228.7285671,-0.3064,0.0352,-0.5178,-0.1325,0.1405,0.1396,0.2036,0.1724,0.6697,0.064,0.0821,0.0,0.1714,0.5015,0.0,0.3,-0.0,0.8752,0.0,1.6666666666666667e-05,188.4,0.62
502,1790894229.2015,-0.2504,0.0561,-0.5793,-0.0,0.1236,0.1109,0.1909,0.1495,0.5046,0.08,0.0909,-0.0,0.2166,0.5485,0.0,0.203,0.0,0.8752,0.0,1.6666666666666667e-05,92.1,0.47
503,1790894229.6122687,-0.2432,0.0429,-0.4635,-0.0,0.1249,0.1093,0.1807,0.1454,0.4887,0.0714,0.0687,0.0,0.1884,0.4078,0.0,0.234,-0.0,0.8752,0.0,1.6666666666666667e-05,173.1,0.41
504,1790894230.084867,-0.2787,0.0369,-0.627,-0.0823,0.133,0.1321,0.1915,0.1629,0.5789,0.0594,0.0787,-0.0,0.1562,0.4833,0.0,0.29,-0.0,0.8752,0.236,1.6800000000000002e-05,202.9,0.47
505,1790894230.599861,-0.2856,0.046,-0.4462,-0.0994,0.119,0.1174,0.19,0.1549,0.6539,0.0726,0.0685,0.0,0.1452,0.418,0.0,0.287,-0.0,0.8752,0.0,1.6800000000000002e-05,231.9,0.51
506,1790894231.073633,-0.2536,0.0542,-0.6074,-0.0,0.129,0.113,0.1944,0.1494,0.5209,0.0814,0.0763,-0.0,0.1351,0.4726,0.0,0.239,0.0,0.8752,0.0,1.6800000000000002e-05,100.4,0.47
507,1790894231.541629,-0.3439,0.0441,-0.6524,-0.0843,0.1902,0.1782,0.2548,0.2128,0.6554,0.0766,0.1371,0.0,0.1869,0.864,0.0,0.335,-0.0,0.8752,0.0,1.6800000000000002e-05,159.4,0.46
508,1790894232.0337088,-0.2819,0.0333,-0.5065,-0.0613,0.1536,0.1426,0.1989,0.1725,0.5466,0.0563,0.0889,0.0,0.1894,0.5421,0.0,0.305,-0.0,0.8752,0.22,1.6933333333333336e-05,182.9,0.49
509,1790894232.537199,-0.342,0.0375,-0.603,-0.162,0.1869,0.1814,0.2402,0.2076,0.672,0.0588,0.0954,0.0,0.1662,0.5919,0.0,0.327,-0.0,0.8752,0.0,1.6933333333333336e-05,237.3,0.5
510,1790894232.996141,-0.2206,0.0423,-0.615,-0.0,0.1156,0.0995,0.1667,0.1309,0.4485,0.0672,0.07,-0.0,0.1835,0.4177,0.0,0.239,0.0,0.8379,0.0,1.6933333333333336e-05,110.4,0.46
511,1790894233.4532905,-0.2917,0.0346,-0.5836,-0.0479,0.1522,0.1491,0.202,0.172,0.5983,0.0529,0.0826,-0.0,0.1969,0.4983,0.0,0.282,-0.0,0.8752,0.0,1.6933333333333336e-05,151.1,0.45
512,1790894233.9417777,-0.2756,0.04,-0.5602,-0.1081,0.1323,0.1302,0.1938,0.1615,0.5706,0.0636,0.081,-0.0,0.1753,0.4934,0.0,0.298,0.0,0.8752,0.213,1.706666666666667e-05,188.0,0.49
513,1790894234.3762407,-0.2909,0.043,-0.5122,-0.0905,0.1375,0.1313,0.2012,0.172,0.5943,0.0699,0.0834,0.0,0.1844,0.5068,0.0,0.289,-0.0,0.8752,0.0,1.706666666666667e-05,258.0,0.43
514,1790894234.8458772,-0.3401,0.0431,-0.7,-0.116,0.1828,0.1702,0.2468,0.2078,0.6616,0.0766,0.099,0.0,0.2161,0.6022,0.0,0.291,-0.0,0.8752,0.0,1.706666666666667e-05,110.9,0.47
515,1790894235.3082838,-0.2523,0.0453,-0.5582,-0.0343,0.1253,0.1171,0.199,0.155,0.4862,0.0818,0.0705,-0.0,0.1619,0.4267,0.0,0.26,0.0,0.8752,0.0,1.706666666666667e-05,174.8,0.46
516,1790894235.8045638,-0.2428,0.0382,-0.4614,-0.0917,0.1088,0.105,0.1613,0.1362,0.5326,0.0563,0.0649,0.0,0.1478,0.3932,0.0,0.288,-0.0,0.8752,0.229,1.72e-05,179.8,0.49
517,1790894236.313782,-0.2865,0.0306,-0.5095,-0.0667,0.1506,0.1454,0.2051,0.1757,0.554,0.0597,0.087,-0.0,0.1405,0.5428,0.0,0.305,0.0,0.8752,0.0,1.72e-05,215.9,0.51
518,1790894236.7519305,-0.2685,0.0609,-0.6259,-0.0,0.1324,0.1143,0.1987,0.156,0.5625,0.0844,0.0801,-0.0,0.1367,0.4978,0.0,0.214,0.0,0.8752,0.0,1.72e-05,120.9,0.43
519,1790894237.202949,-0.271,0.0403,-0.5684,-0.0757,0.1346,0.1304,0.1993,0.1624,0.5428,0.0689,0.0697,-0.0,0.1391,0.4277,0.0,0.302,0.0,0.8752,0.0,1.72e-05,169.8,0.45
520,1790894237.6980727,-0.3564,0.0323,-0.4851,-0.1199,0.1829,0.1792,0.2481,0.2135,0.7147,0.0689,0.1074,0.0,0.2085,0.6604,0.0,0.356,-0.0,0.8752,0.227,1.7333333333333336e-05,185.0,0.49
521,1790894238.1703823,-0.2984,0.0353,-0.42,-0.1053,0.1453,0.1368,0.1977,0.1707,0.6384,0.0609,0.0818,0.0,0.1775,0.4981,0.0,0.28,-0.0,0.8752,0.0,1.7333333333333336e-05,248.6,0.47
522,1790894238.58399,-0.2482,0.0398,-0.4615,-0.1154,0.1269,0.1127,0.1781,0.1469,0.5062,0.0654,0.0717,-0.0,0.1587,0.4355,0.0,0.242,0.0,0.8752,0.0,1.7333333333333336e-05,164.1,0.41
523,1790894239.0311203,-0.3273,0.042,-0.4821,-0.075,0.1657,0.1593,0.2249,0.1939,0.6667,0.0655,0.0969,-0.0,0.1862,0.5965,0.0,0.31,0.0,0.8752,0.0,1.7333333333333336e-05,196.3,0.44
524,1790894239.476864,-0.2934,0.0322,-0.4725,-0.1425,0.1507,0.1473,0.2018,0.1718,0.6081,0.0545,0.0806,-0.0,0.1568,0.4955,0.0,0.28,0.0,0.8783,0.181,1.7466666666666667e-05,204.3,0.44
525,1790894239.8915887,-0.2303,0.0483,-0.5333,-0.0408,0.1287,0.1014,0.168,0.1375,0.464,0.0667,0.069,0.0,0.1476,0.4207,0.0,0.194,-0.0,0.8752,0.0,1.7466666666666667e-05,122.4,0.41
526,1790894242.1946177,-0.3086,0.0423,-0.5007,-0.1269,0.151,0.1438,0.2166,0.181,0.6382,0.0728,0.0975,0.0,0.1473,0.611,0.0,0.275,-0.0,0.8752,0.0,1.7466666666666667e-05,112.0,0.69
527,1790894242.661216,-0.2749,0.0439,-0.5813,-0.0596,0.124,0.1218,0.1923,0.1576,0.5866,0.0704,0.0785,-0.0,0.1541,0.4821,0.0,0.273,0.0,0.8752,0.0,1.7466666666666667e-05,192.3,0.46
528,1790894243.1288786,-0.2923,0.0415,-0.5347,-0.0973,0.1324,0.1324,0.2029,0.168,0.6213,0.0705,0.0799,0.0,0.1582,0.4907,0.0,0.31,-0.0,0.8752,0.224,1.76e-05,253.3,0.46
529,1790894243.5487278,-0.2782,0.0411,-0.6524,-0.0571,0.147,0.1392,0.2072,0.1733,0.5245,0.068,0.0899,-0.0,0.1427,0.5612,0.0,0.27,0.0,0.8752,0.0,1.76e-05,133.7,0.42
530,1790894243.9992824,-0.2687,0.0367,-0.5353,-0.0926,0.1326,0.1269,0.1855,0.1567,0.5597,0.0587,0.0768,0.0,0.1427,0.4739,0.0,0.282,0.0,0.8752,0.0,1.76e-05,179.5,0.45
531,1790894244.4596531,-0.2984,0.0413,-0.4475,-0.0913,0.1542,0.1487,0.2136,0.1847,0.5684,0.0649,0.1022,0.0,0.2146,0.6242,0.0,0.325,-0.0,0.8752,0.0,1.76e-05,204.6,0.45
532,1790894244.994179,-0.2843,0.0407,-0.5348,-0.0853,0.1304,0.1304,0.1983,0.1669,0.5869,0.0678,0.0877,0.0,0.1635,0.5411,0.0,0.285,-0.0,0.8752,0.191,1.7733333333333335e-05,215.2,0.53
533,1790894245.468946,-0.2294,0.0458,-0.6286,-0.0,0.1246,0.1013,0.1742,0.1385,0.4545,0.0728,0.0736,-0.0,0.1265,0.4572,0.0,0.21,0.0,0.8752,0.0,1.7733333333333335e-05,126.3,0.47
534,1790894245.926487,-0.223,0.0447,-0.3588,-0.1174,0.1016,0.0972,0.1749,0.1299,0.4656,0.0777,0.0589,-0.0,0.1617,0.3495,0.0,0.276,0.0,0.8752,0.0,1.7733333333333335e-05,186.4,0.46
535,1790894246.4001274,-0.2943,0.0361,-0.5867,-0.1341,0.1545,0.1502,0.2115,0.1822,0.5606,0.0613,0.0905,0.0,0.2023,0.5492,0.0,0.305,-0.0,0.8752,0.0,1.7733333333333335e-05,194.8,0.47
536,1790894246.9921358,-0.2851,0.0401,-0.565,-0.0393,0.1361,0.1311,0.1999,0.168,0.5854,0.0688,0.0809,0.0,0.1677,0.4943,0.0,0.314,-0.0,0.8752,0.179,1.7866666666666666e-05,191.9,0.59
537,1790894247.4224524,-0.2765,0.0359,-0.5154,-0.08,0.1549,0.138,0.1964,0.1696,0.5343,0.0584,0.0869,-0.0,0.1915,0.5281,0.0,0.313,0.0,0.8379,0.0,1.7866666666666666e-05,128.0,0.43
538,1790894247.9150496,-0.3286,0.0441,-0.6893,-0.0963,0.1588,0.1575,0.2336,0.1985,0.6504,0.0761,0.0947,-0.0,0.2184,0.573,0.0,0.351,0.0,0.8752,0.0,1.7866666666666666e-05,160.4,0.49
539,1790894248.4332721,-0.3473,0.0371,-0.5557,-0.1531,0.1852,0.1813,0.246,0.2128,0.6727,0.0647,0.0999,0.0,0.162,0.6228,0.0,0.309,-0.0,0.8752,0.0,1.7866666666666666e-05,185.7,0.51
540,1790894248.9806519,-0.2779,0.0374,-0.4246,-0.119,0.1333,0.1284,0.1874,0.1591,0.5938,0.0589,0.0794,0.0,0.1655,0.4852,0.0,0.26,-0.0,0.8752,0.273,1.8e-05,248.8,0.54
541,1790894249.405612,-0.3548,0.0513,-0.5913,-0.1407,0.1765,0.169,0.2624,0.2115,0.7166,0.0933,0.0983,0.0,0.2029,0.6014,0.0,0.272,-0.0,0.8752,0.0,1.8e-05,132.2,0.42
542,1790894249.8381405,-0.2972,0.0436,-0.5067,-0.0641,0.1461,0.1423,0.2021,0.1712,0.6297,0.0598,0.0851,0.0,0.177,0.5199,0.0,0.257,-0.0,0.8752,0.0,1.8e-05,185.3,0.43
543,1790894250.277582,-0.2932,0.0486,-0.5133,-0.1467,0.1339,0.1294,0.2128,0.1746,0.593,0.0834,0.0789,0.0,0.1747,0.4792,0.0,0.308,-0.0,0.8752,0.0,1.8e-05,216.6,0.44
544,1790894250.7925417,-0.293,0.0456,-0.4028,-0.1679,0.1244,0.1201,0.1962,0.162,0.6554,0.0761,0.0747,-0.0,0.1526,0.4575,0.0,0.283,0.0,0.8752,0.22,1.8133333333333335e-05,227.1,0.51
545,1790894251.2574074,-0.3045,0.0364,-0.8429,-0.116,0.1849,0.1703,0.2242,0.1951,0.547,0.0539,0.1302,-0.0,0.169,0.8231,0.0,0.225,0.0,0.8752,0.0,1.8133333333333335e-05,134.5,0.46
546,1790894251.7150676,-0.2826,0.0367,-0.4754,-0.1214,0.1414,0.1391,0.1951,0.1662,0.5822,0.056,0.083,-0.0,0.1971,0.5009,0.0,0.325,0.0,0.8752,0.0,1.8133333333333335e-05,181.2,0.45
547,1790894252.169395,-0.2975,0.0453,-0.5292,-0.0919,0.1411,0.1362,0.2098,0.1736,0.6192,0.0736,0.0793,-0.0,0.1587,0.4861,0.0,0.294,0.0,0.8752,0.0,1.8133333333333335e-05,220.1,0.45
548,1790894252.6898625,-0.2725,0.0369,-0.406,-0.1342,0.128,0.1247,0.1809,0.1554,0.5857,0.0562,0.0757,-0.0,0.144,0.4659,0.0,0.266,0.0,0.8752,0.204,1.826666666666667e-05,227.6,0.52
549,1790894253.118303,-0.2033,0.0432,-0.5458,-0.0,0.1026,0.0918,0.1573,0.1227,0.4031,0.0655,0.0739,-0.0,0.1247,0.4594,0.0,0.206,0.0,0.8379,0.0,1.826666666666667e-05,128.6,0.43
550,1790894253.6140337,-0.3077,0.0415,-0.5667,-0.0667,0.1533,0.1497,0.2227,0.1843,0.617,0.073,0.0949,0.0,0.1896,0.5819,0.0,0.291,-0.0,0.8752,0.0,1.826666666666667e-05,166.7,0.49
551,1790894256.1195781,-0.2583,0.037,-0.5519,-0.0374,0.1319,0.1279,0.185,0.1547,0.5181,0.0571,0.0838,0.0,0.17,0.5131,0.0,0.29,-0.0,0.8752,0.0,1.826666666666667e-05,132.8,0.71
552,1790894256.7501004,-0.3334,0.034,-0.5782,-0.1742,0.1676,0.1628,0.2263,0.1962,0.6861,0.0635,0.0921,-0.0,0.1502,0.5737,0.0,0.298,0.0,0.8752,0.189,1.8400000000000003e-05,199.0,0.63
553,1790894257.1490116,-0.3872,0.0517,-0.8017,-0.0771,0.2393,0.225,0.3092,0.258,0.6461,0.0843,0.1282,-0.0,0.2113,0.7982,0.0,0.247,0.0,0.8752,0.0,1.8400000000000003e-05,122.7,0.4
554,1790894257.573551,-0.286,0.0404,-0.4727,-0.0977,0.1448,0.1374,0.203,0.1696,0.5819,0.0656,0.0985,-0.0,0.1814,0.608,0.0,0.27,0.0,0.8752,0.0,1.8400000000000003e-05,180.3,0.42
555,1790894258.0250912,-0.3267,0.0457,-0.5804,-0.1166,0.1624,0.1613,0.2449,0.2016,0.6258,0.0836,0.1007,-0.0,0.1803,0.6234,0.0,0.301,0.0,0.8752,0.0,1.8400000000000003e-05,212.0,0.45
556,1790894258.5742736,-0.3014,0.0302,-0.525,-0.0919,0.1542,0.1525,0.1972,0.1731,0.6417,0.0448,0.0915,-0.0,0.1332,0.5744,0.0,0.265,0.0,0.8752,0.312,1.8533333333333334e-05,201.6,0.55
557,1790894259.0386527,-0.2717,0.0461,-0.6011,-0.0,0.1353,0.1238,0.2072,0.1626,0.5454,0.0834,0.0738,0.0,0.1533,0.451,0.0,0.272,-0.0,0.8752,0.0,1.8533333333333334e-05,116.9,0.46
558,1790894259.4923794,-0.2582,0.04,-0.4485,-0.0726,0.1378,0.1225,0.1832,0.1508,0.5366,0.0607,0.0786,0.0,0.1727,0.4778,0.0,0.249,-0.0,0.8752,0.0,1.8533333333333334e-05,175.8,0.45
559,1790894259.9352624,-0.3799,0.0457,-0.6498,-0.08,0.1991,0.1961,0.2701,0.2335,0.7321,0.074,0.1291,-0.0,0.214,0.8035,0.0,0.352,0.0,0.8752,0.0,1.8533333333333334e-05,219.9,0.44
560,1790894260.4067338,-0.3189,0.0342,-0.5374,-0.0988,0.162,0.1603,0.2195,0.1899,0.645,0.0592,0.0927,-0.0,0.1511,0.5774,0.0,0.288,0.0,0.8752,0.236,1.866666666666667e-05,245.0,0.47
561,1790894260.8257432,-0.2314,0.0363,-0.4189,-0.067,0.1179,0.1029,0.1575,0.1321,0.4967,0.0545,0.0638,0.0,0.1372,0.3886,0.0,0.214,-0.0,0.8752,0.0,1.866666666666667e-05,122.2,0.42
562,1790894261.2926853,-0.2963,0.0415,-0.5439,-0.0808,0.1467,0.14,0.2138,0.1766,0.5987,0.0738,0.0873,0.0,0.1714,0.5364,0.0,0.299,-0.0,0.8752,0.0,1.866666666666667e-05,153.8,0.46
563,1790894261.7755053,-0.2863,0.0424,-0.5593,-0.0283,0.1386,0.1306,0.2042,0.1713,0.5746,0.0736,0.0724,-0.0,0.1934,0.4314,0.0,0.298,0.0,0.8752,0.0,1.866666666666667e-05,177.4,0.48
564,1790894262.3088157,-0.2691,0.0301,-0.5543,-0.0611,0.1293,0.1293,0.183,0.1561,0.5648,0.0537,0.084,-0.0,0.1748,0.5136,0.0,0.267,0.0,0.8752,0.208,1.88e-05,214.8,0.53
565,1790894262.7338438,-0.3412,0.0413,-0.6313,-0.1182,0.1882,0.1762,0.2491,0.2103,0.6547,0.0729,0.1063,0.0,0.2446,0.6435,0.0,0.227,-0.0,0.8752,0.0,1.88e-05,106.1,0.42
566,1790894263.1699278,-0.2428,0.0409,-0.4467,-0.087,0.1092,0.104,0.1691,0.1344,0.5421,0.0652,0.057,-0.0,0.1235,0.3471,0.0,0.239,0.0,0.8752,0.0,1.88e-05,143.9,0.43
567,1790894263.6444619,-0.3499,0.0367,-0.6351,-0.0874,0.1888,0.1879,0.2543,0.2221,0.6391,0.0665,0.124,0.0,0.1792,0.7786,0.0,0.364,-0.0,0.8752,0.0,1.88e-05,176.0,0.47
568,1790894264.1530187,-0.2721,0.0339,-0.4573,-0.1514,0.1447,0.1357,0.1918,0.1638,0.5419,0.0561,0.0835,0.0,0.1989,0.5038,0.0,0.277,-0.0,0.8752,0.241,1.8933333333333334e-05,217.2,0.51
569,1790894264.5817344,-0.2226,0.0439,-0.3935,-0.0721,0.1202,0.1098,0.1684,0.1346,0.4402,0.0586,0.0772,0.0,0.1869,0.4647,0.0,0.234,-0.0,0.8752,0.0,1.8933333333333334e-05,137.8,0.43
570,1790894265.049405,-0.3644,0.045,-0.6239,-0.0676,0.1958,0.1945,0.2707,0.2328,0.6581,0.0762,0.1316,0.0,0.2081,0.8221,0.0,0.366,-0.0,0.8752,0.0,1.8933333333333334e-05,176.0,0.46
571,1790894265.489392,-0.2671,0.0403,-0.5605,-0.0431,0.1338,0.1259,0.187,0.1593,0.5389,0.0611,0.0817,-0.0,0.2009,0.491,0.0,0.293,0.0,0.8752,0.0,1.8933333333333334e-05,207.4,0.44
572,1790894266.0155845,-0.2801,0.0333,-0.4769,-0.1152,0.1415,0.1395,0.1891,0.1632,0.5841,0.0496,0.0961,-0.0,0.1755,0.5941,0.0,0.273,0.0,0.8752,0.227,1.9066666666666668e-05,229.0,0.52
573,1790894266.503399,-0.2141,0.0499,-0.4758,-0.0735,0.0933,0.0867,0.1513,0.1126,0.5076,0.0646,0.0561,-0.0,0.1596,0.3314,0.0,0.202,0.0,0.8752,0.0,1.9066666666666668e-05,100.2,0.48
574,1790894266.987436,-0.3143,0.0489,-0.5333,-0.0384,0.1635,0.1515,0.2333,0.1941,0.6011,0.0818,0.093,-0.0,0.1877,0.5701,0.0,0.336,0.0,0.8752,0.0,1.9066666666666668e-05,153.4,0.48
575,1790894267.4851232,-0.3005,0.0426,-0.5226,-0.1185,0.1449,0.1436,0.2143,0.1771,0.6167,0.0707,0.086,-0.0,0.2004,0.5199,0.0,0.283,0.0,0.8752,0.0,1.9066666666666668e-05,189.1,0.49
576,1790894269.9581459,-0.284,0.0385,-0.5053,-0.1425,0.1371,0.13,0.1892,0.1625,0.6075,0.0591,0.0761,-0.0,0.1635,0.4638,0.0,0.293,0.0,0.8752,0.212,1.9200000000000003e-05,145.2,0.79
577,1790894270.3619664,-0.2077,0.0387,-0.3639,-0.0,0.1034,0.0949,0.16,0.1261,0.408,0.0651,0.0739,-0.0,0.1487,0.4532,0.0,0.189,0.0,0.8379,0.0,1.9200000000000003e-05,119.2,0.4
578,1790894270.8161,-0.2955,0.0394,-0.5435,-0.0382,0.1562,0.1514,0.2133,0.1801,0.5766,0.0618,0.0902,0.0,0.1824,0.5526,0.0,0.305,-0.0,0.8752,0.0,1.9200000000000003e-05,164.0,0.45
579,1790894271.2413764,-0.3119,0.0402,-0.4685,-0.1339,0.1593,0.1504,0.2149,0.188,0.6195,0.0645,0.0896,-0.0,0.1679,0.5526,0.0,0.31,0.0,0.8752,0.0,1.9200000000000003e-05,226.0,0.42
580,1790894271.71713,-0.2583,0.037,-0.4593,-0.0656,0.112,0.109,0.1641,0.1379,0.6018,0.0551,0.0635,0.0,0.1488,0.3837,0.0,0.263,-0.0,0.8752,0.256,1.9333333333333333e-05,252.5,0.47
581,1790894272.1779869,-0.2319,0.0393,-0.625,-0.0561,0.1297,0.1182,0.184,0.147,0.4242,0.0658,0.0813,-0.0,0.1617,0.4987,0.0,0.211,0.0,0.8379,0.0,1.9333333333333333e-05,106.9,0.46
582,1790894272.651484,-0.347,0.0462,-0.6317,-0.1394,0.1878,0.1761,0.2615,0.2195,0.6374,0.0854,0.1088,0.0,0.1546,0.6839,0.0,0.314,0.0,0.8752,0.0,1.9333333333333333e-05,157.3,0.47
583,1790894273.1089106,-0.3315,0.0488,-0.5952,-0.0913,0.1668,0.1648,0.2517,0.2083,0.616,0.0869,0.1032,-0.0,0.207,0.633,0.0,0.327,0.0,0.8752,0.0,1.9333333333333333e-05,207.9,0.46
584,1790894273.578223,-0.2754,0.0356,-0.4745,-0.0628,0.1359,0.1342,0.1919,0.1615,0.5694,0.0578,0.0809,-0.0,0.1618,0.4964,0.0,0.261,0.0,0.8752,0.268,1.9466666666666668e-05,261.6,0.47
585,1790894274.0114977,-0.3206,0.0503,-0.8429,-0.0611,0.1719,0.1599,0.2376,0.2014,0.596,0.0777,0.0945,0.0,0.1506,0.5898,0.0,0.233,-0.0,0.8752,0.0,1.9466666666666668e-05,118.3,0.43
586,1790894274.4428468,-0.2547,0.0375,-0.4561,-0.0471,0.1191,0.1091,0.1728,0.143,0.5586,0.0637,0.0723,0.0,0.1666,0.4376,0.0,0.251,-0.0,0.8752,0.0,1.9466666666666668e-05,174.3,0.43
587,1790894274.8645144,-0.3151,0.0376,-0.5536,-0.0744,0.1565,0.1526,0.2129,0.1854,0.6489,0.0603,0.0959,-0.0,0.2147,0.5822,0.0,0.313,0.0,0.8752,0.0,1.9466666666666668e-05,217.0,0.42
588,1790894275.3550084,-0.321,0.0377,-0.5291,-0.1041,0.162,0.162,0.2275,0.1951,0.6295,0.0655,0.1,-0.0,0.1637,0.6227,0.0,0.302,0.0,0.8752,0.222,1.9600000000000002e-05,244.8,0.49
589,1790894275.8357067,-0.2942,0.0497,-0.5478,-0.0,0.1611,0.1462,0.2248,0.1822,0.56,0.0786,0.0796,0.0,0.2286,0.4695,0.0,0.238,-0.0,0.8752,0.0,1.9600000000000002e-05,95.1,0.48
590,1790894276.3213909,-0.2004,0.0459,-0.4153,-0.0472,0.0816,0.0736,0.146,0.1102,0.4509,0.0724,0.0539,-0.0,0.1773,0.3119,0.0,0.215,0.0,0.8752,0.0,1.9600000000000002e-05,135.6,0.48
591,1790894276.7956526,-0.2358,0.0387,-0.4787,-0.0358,0.1172,0.114,0.1752,0.1425,0.4666,0.0612,0.0746,0.0,0.1951,0.4454,0.0,0.274,0.0,0.8752,0.0,1.9600000000000002e-05,185.0,0.47
592,1790894277.3627298,-0.2529,0.0366,-0.4281,-0.1123,0.1194,0.1183,0.1795,0.1496,0.5163,0.0612,0.0693,-0.0,0.1807,0.4137,0.0,0.262,0.0,0.8752,0.208,1.9733333333333336e-05,202.1,0.56
593,1790894277.794577,-0.3196,0.048,-0.7048,-0.0799,0.1812,0.1616,0.2555,0.2007,0.5944,0.094,0.0992,-0.0,0.1547,0.6199,0.0,0.243,0.0,0.8752,0.0,1.9733333333333336e-05,113.5,0.43
594,1790894278.2396283,-0.2411,0.0323,-0.5156,-0.05,0.1269,0.1198,0.169,0.1433,0.489,0.0493,0.0668,0.0,0.1684,0.4003,0.0,0.228,-0.0,0.8752,0.0,1.9733333333333336e-05,152.3,0.44
595,1790894278.722936,-0.2374,0.0315,-0.4524,-0.0448,0.1188,0.1138,0.1665,0.1393,0.4905,0.0527,0.0666,-0.0,0.1817,0.3953,0.0,0.266,0.0,0.8752,0.0,1.9733333333333336e-05,189.9,0.48
596,1790894279.27158,-0.3135,0.0404,-0.5244,-0.1231,0.1497,0.1488,0.2193,0.1855,0.6397,0.0706,0.0879,0.0,0.2057,0.5314,0.0,0.29,-0.0,0.8752,0.394,1.9866666666666667e-05,206.0,0.55
597,1790894279.7358527,-0.2245,0.045,-0.5222,-0.0,0.1319,0.1131,0.1764,0.1445,0.4,0.0633,0.0891,0.0,0.2384,0.5304,0.0,0.221,-0.0,0.8752,0.0,1.9866666666666667e-05,98.2,0.46
598,1790894280.2015495,-0.2214,0.0334,-0.5089,-0.059,0.1192,0.1026,0.1558,0.1301,0.4565,0.0532,0.0647,-0.0,0.1493,0.3918,0.0,0.224,0.0,0.8752,0.0,1.9866666666666667e-05,144.9,0.46
599,1790894280.6773183,-0.2608,0.0389,-0.538,-0.0489,0.1307,0.1245,0.1886,0.1556,0.526,0.0642,0.0955,-0.0,0.1775,0.5892,0.0,0.25,0.0,0.8752,0.0,1.9866666666666667e-05,189.6,0.47
600,1790894281.157805,-0.2685,0.0329,-0.4912,-0.107,0.1306,0.1234,0.1796,0.1529,0.5784,0.0563,0.0771,0.0,0.1691,0.4692,0.0,0.257,-0.0,0.8752,0.227,2e-05,251.7,0.48
601,1790894283.4054427,-0.2059,0.0494,-0.5478,-0.0,0.0938,0.0833,0.1552,0.1192,0.4334,0.0719,0.0609,0.0,0.1529,0.3652,0.0,0.222,-0.0,0.8752,0.0,2e-05,82.9,0.59
602,1790894283.8775272,-0.2432,0.0366,-0.4854,-0.0308,0.1271,0.1195,0.1754,0.1487,0.4722,0.0559,0.0751,-0.0,0.2085,0.4451,0.0,0.258,0.0,0.8752,0.0,2e-05,162.7,0.47
603,1790894284.2815964,-0.3062,0.0312,-0.5227,-0.0853,0.1605,0.1545,0.2098,0.1832,0.6154,0.0553,0.0918,-0.0,0.2122,0.5552,0.0,0.3,0.0,0.8752,0.0,2e-05,240.1,0.4
604,1790894284.7985616,-0.3322,0.0303,-0.5159,-0.1428,0.1711,0.1677,0.2241,0.1964,0.679,0.0564,0.098,0.0,0.1888,0.6029,0.0,0.316,-0.0,0.8752,0.211,1.999999560276067e-05,241.8,0.51
605,1790894285.2074301,-0.2447,0.046,-0.4581,-0.0,0.1219,0.107,0.1814,0.1475,0.4858,0.0744,0.094,0.0,0.1594,0.5844,0.0,0.252,-0.0,0.8752,0.0,1.999999560276067e-05,120.0,0.41
606,1790894285.6832888,-0.3108,0.034,-0.7132,-0.0606,0.1809,0.1713,0.2325,0.1992,0.5576,0.0612,0.1108,-0.0,0.1607,0.6958,0.0,0.282,0.0,0.8752,0.0,1.999999560276067e-05,155.1,0.47
607,1790894286.1067286,-0.3389,0.0356,-0.5703,-0.1222,0.1916,0.186,0.245,0.214,0.6241,0.0591,0.1021,0.0,0.1993,0.6277,0.0,0.319,-0.0,0.8752,0.0,1.999999560276067e-05,204.6,0.42
608,1790894286.6134043,-0.2783,0.0351,-0.4262,-0.0981,0.1397,0.1389,0.2036,0.1694,0.5443,0.0647,0.0819,-0.0,0.1844,0.497,0.0,0.25,0.0,0.8752,0.249,1.9999982411046545e-05,235.9,0.5
609,1790894287.082417,-0.243,0.0478,-0.5121,-0.0,0.1299,0.1181,0.1899,0.1467,0.4814,0.0719,0.0996,-0.0,0.1873,0.6137,0.0,0.24,0.0,0.8752,0.0,1.9999982411046545e-05,104.7,0.47
610,1790894287.5367,-0.2913,0.0377,-0.5495,-0.1167,0.162,0.1498,0.2069,0.178,0.5663,0.0571,0.0902,0.0,0.1747,0.5546,0.0,0.245,-0.0,0.8752,0.0,1.9999982411046545e-05,148.4,0.45
611,1790894287.9783003,-0.2493,0.0486,-0.4668,-0.0329,0.1142,0.1107,0.1919,0.146,0.5165,0.0812,0.0675,0.0,0.2421,0.3852,0.0,0.302,-0.0,0.8752,0.0,1.9999982411046545e-05,192.9,0.44
612,1790894288.5431528,-0.3003,0.0355,-0.5513,-0.1058,0.1553,0.1534,0.2139,0.1832,0.5856,0.0606,0.0893,-0.0,0.1849,0.5463,0.0,0.301,0.0,0.8752,0.223,1.9999960424869228e-05,206.0,0.56
613,1790894289.004097,-0.26,0.048,-0.7672,-0.0,0.1311,0.1177,0.1902,0.1535,0.5324,0.0724,0.0936,0.0,0.1859,0.5745,0.0,0.233,-0.0,0.8752,0.0,1.9999960424869228e-05,109.5,0.46
614,1790894289.4583278,-0.2426,0.049,-0.5446,-0.0348,0.112,0.103,0.1817,0.1408,0.5087,0.0787,0.0653,-0.0,0.1452,0.3967,0.0,0.255,0.0,0.8752,0.0,1.9999960424869228e-05,161.9,0.45
615,1790894289.9121995,-0.3407,0.046,-0.5685,-0.0917,0.1636,0.1626,0.2453,0.2057,0.6748,0.0827,0.0958,-0.0,0.2214,0.5795,0.0,0.339,0.0,0.8752,0.0,1.9999960424869228e-05,204.2,0.45
616,1790894290.39736,-0.2941,0.0373,-0.522,-0.1375,0.1374,0.1367,0.2007,0.1736,0.6023,0.064,0.089,-0.0,0.1579,0.5513,0.0,0.289,0.0,0.8752,0.22,1.9999929644248053e-05,226.0,0.48
617,1790894290.7964425,-0.3078,0.0496,-0.7455,-0.0857,0.1694,0.1615,0.2389,0.1992,0.5426,0.0774,0.139,0.0,0.1838,0.8773,0.0,0.253,-0.0,0.8752,0.0,1.9999929644248053e-05,130.0,0.4
618,1790894291.2637527,-0.2177,0.0389,-0.3993,-0.0,0.1187,0.1015,0.1697,0.1341,0.4181,0.0682,0.0668,-0.0,0.1589,0.4029,0.0,0.226,0.0,0.8752,0.0,1.9999929644248053e-05,152.6,0.46
619,1790894291.7821527,-0.2851,0.0329,-0.4967,-0.1222,0.1495,0.1455,0.197,0.1713,0.5689,0.0515,0.084,-0.0,0.1916,0.5087,0.0,0.284,0.0,0.8752,0.0,1.9999929644248053e-05,187.9,0.52
620,1790894292.2795415,-0.3191,0.0363,-0.5085,-0.1225,0.1581,0.1559,0.2135,0.1868,0.6614,0.0577,0.0839,-0.0,0.1622,0.5161,0.0,0.279,0.0,0.8752,0.245,1.999989006921009e-05,249.2,0.49
621,1790894292.761674,-0.2349,0.0426,-0.5389,-0.0,0.1229,0.108,0.1716,0.1352,0.4988,0.0636,0.0698,0.0,0.2045,0.411,0.0,0.2,-0.0,0.8379,0.0,1.999989006921009e-05,83.8,0.48
622,1790894293.1881313,-0.3204,0.041,-0.593,-0.0446,0.1725,0.1611,0.2284,0.1961,0.6213,0.0674,0.0988,-0.0,0.185,0.6096,0.0,0.247,0.0,0.8752,0.0,1.999989006921009e-05,142.5,0.42
623,1790894293.6686485,-0.2885,0.0419,-0.5211,-0.0627,0.1461,0.1461,0.2157,0.1782,0.5514,0.0696,0.0994,-0.0,0.1769,0.6156,0.0,0.29,0.0,0.8752,0.0,1.999989006921009e-05,184.1,0.48
624,1790894294.203098,-0.3348,0.0308,-0.6021,-0.0963,0.1802,0.1775,0.2353,0.2078,0.635,0.0578,0.1121,-0.0,0.1909,0.6961,0.0,0.31,0.0,0.8752,0.231,1.9999841699790147e-05,186.4,0.53
625,1790894294.6729095,-0.3042,0.0426,-0.7,-0.0,0.1763,0.1622,0.2286,0.1919,0.5614,0.0664,0.0952,0.0,0.1716,0.5889,0.0,0.249,-0.0,0.8752,0.0,1.9999841699790147e-05,101.3,0.47
626,1790894296.988788,-0.2612,0.031,-0.6853,-0.0336,0.1384,0.1298,0.1807,0.1571,0.5204,0.0509,0.0868,-0.0,0.1698,0.5336,0.0,0.271,0.0,0.8752,0.0,1.9999841699790147e-05,128.4,0.59
627,1790894297.3876238,-0.2423,0.0406,-0.5308,-0.0308,0.1147,0.1075,0.1744,0.1411,0.5059,0.0669,0.068,0.0,0.1968,0.4007,0.0,0.269,0.0,0.8752,0.0,1.9999841699790147e-05,226.2,0.4
628,1790894297.8981864,-0.3084,0.0347,-0.5222,-0.1171,0.1511,0.1493,0.2084,0.1803,0.6406,0.0591,0.0814,-0.0,0.183,0.4938,0.0,0.292,0.0,0.8752,0.214,1.9999784536030758e-05,221.0,0.51
629,1790894298.3091302,-0.2801,0.0416,-0.6694,-0.0,0.1542,0.1373,0.2062,0.1706,0.5473,0.0689,0.0873,0.0,0.2004,0.5283,0.0,0.268,-0.0,0.8752,0.0,1.9999784536030758e-05,133.2,0.41
630,1790894298.734712,-0.2932,0.0426,-0.5009,-0.0794,0.1421,0.136,0.1997,0.1692,0.6201,0.0637,0.0799,-0.0,0.1804,0.4844,0.0,0.274,0.0,0.8752,0.0,1.9999784536030758e-05,189.2,0.42
631,1790894299.1954422,-0.2525,0.042,-0.4373,-0.0241,0.1116,0.1074,0.1761,0.1428,0.5484,0.0688,0.0704,-0.0,0.184,0.4204,0.0,0.267,0.0,0.8752,0.0,1.9999784536030758e-05,196.6,0.46
632,1790894299.7601845,-0.284,0.0462,-0.4825,-0.0976,0.1252,0.1252,0.197,0.164,0.5999,0.0718,0.0721,0.0,0.1818,0.432,0.0,0.271,-0.0,0.8752,0.217,1.9999718577982195e-05,213.0,0.56
633,1790894300.1727476,-0.2237,0.0482,-0.4619,-0.0,0.1035,0.0958,0.1748,0.1313,0.4623,0.079,0.0757,-0.0,0.156,0.4632,0.0,0.213,0.0,0.8752,0.0,1.9999718577982195e-05,119.8,0.41
634,1790894300.6267374,-0.2868,0.0368,-0.6524,-0.0,0.1397,0.1384,0.1956,0.1714,0.5768,0.0572,0.0872,-0.0,0.195,0.5291,0.0,0.288,0.0,0.8752,0.0,1.9999718577982195e-05,159.0,0.45
635,1790894301.1113153,-0.3249,0.0414,-0.4866,-0.1225,0.1642,0.1604,0.2347,0.1979,0.6353,0.0742,0.0918,-0.0,0.2137,0.5554,0.0,0.34,0.0,0.8752,0.0,1.9999718577982195e-05,195.4,0.48
636,1790894301.613881,-0.2679,0.0408,-0.4092,-0.106,0.1161,0.1096,0.1732,0.1418,0.6305,0.0636,0.0653,-0.0,0.1704,0.3898,0.0,0.284,0.0,0.8752,0.197,1.9999643825702467e-05,232.6,0.5
637,1790894302.0228474,-0.2972,0.0424,-0.7714,-0.0817,0.1756,0.1511,0.2258,0.1878,0.547,0.0747,0.0941,-0.0,0.1747,0.5809,0.0,0.213,0.0,0.8379,0.0,1.9999643825702467e-05,117.8,0.41
638,1790894302.476771,-0.2569,0.0346,-0.5243,-0.0,0.1321,0.1263,0.1839,0.1553,0.5081,0.0576,0.0869,-0.0,0.1909,0.5284,0.0,0.312,0.0,0.8752,0.0,1.9999643825702467e-05,165.0,0.45
639,1790894302.9336438,-0.3181,0.0415,-0.6437,-0.0607,0.1582,0.1519,0.2271,0.1939,0.6211,0.0753,0.0952,-0.0,0.2198,0.5764,0.0,0.356,0.0,0.8752,0.0,1.9999643825702467e-05,198.4,0.45
640,1790894303.4154618,-0.2567,0.0415,-0.4236,-0.0975,0.1107,0.1087,0.1693,0.1404,0.5815,0.0605,0.0628,0.0,0.1582,0.3768,0.0,0.265,-0.0,0.8752,0.218,1.9999560279257315e-05,261.9,0.48
641,1790894303.8260863,-0.2265,0.04,-0.4267,-0.0694,0.1094,0.1015,0.1631,0.1303,0.4809,0.0616,0.0539,-0.0,0.1551,0.3181,0.0,0.245,0.0,0.8379,0.0,1.9999560279257315e-05,132.9,0.41
642,1790894304.2626336,-0.2304,0.0393,-0.4355,-0.0768,0.1089,0.107,0.171,0.1407,0.4489,0.064,0.0743,-0.0,0.1912,0.4443,0.0,0.273,0.0,0.8752,0.0,1.9999560279257315e-05,171.4,0.43
643,1790894304.7419636,-0.2709,0.0354,-0.4746,-0.0736,0.1338,0.1299,0.1921,0.1613,0.5477,0.0622,0.0806,-0.0,0.2072,0.4818,0.0,0.285,0.0,0.8752,0.0,1.9999560279257315e-05,190.6,0.48
644,1790894305.2500882,-0.3194,0.0392,-0.5531,-0.1015,0.1586,0.1576,0.2254,0.1872,0.6609,0.0678,0.0948,0.0,0.1624,0.5889,0.0,0.302,-0.0,0.8752,0.218,1.9999467938720212e-05,235.8,0.5
645,1790894305.649718,-0.2672,0.0468,-0.6036,-0.0472,0.1603,0.1334,0.2052,0.1699,0.4862,0.0718,0.0878,0.0,0.166,0.5408,0.0,0.231,-0.0,0.8752,0.0,1.9999467938720212e-05,120.2,0.4
646,1790894306.1350992,-0.2687,0.0356,-0.4801,-0.0341,0.131,0.1285,0.1858,0.1561,0.5629,0.0573,0.0716,0.0,0.1657,0.4332,0.0,0.252,-0.0,0.8752,0.0,1.9999467938720212e-05,157.6,0.48
647,1790894306.6172397,-0.2924,0.0306,-0.454,-0.094,0.1392,0.1365,0.1948,0.1671,0.6263,0.0582,0.0781,0.0,0.1925,0.4693,0.0,0.302,-0.0,0.8752,0.0,1.9999467938720212e-05,197.2,0.48
648,1790894307.1018732,-0.3452,0.0363,-0.5541,-0.0646,0.1762,0.1745,0.2415,0.2086,0.683,0.067,0.0967,0.0,0.1668,0.6001,0.0,0.29,-0.0,0.8752,0.207,1.999936680417237e-05,264.2,0.48
649,1790894307.5130272,-0.3072,0.0459,-0.6591,-0.0542,0.1482,0.1376,0.2242,0.1811,0.6301,0.0866,0.0832,-0.0,0.1962,0.5021,0.0,0.244,0.0,0.8752,0.0,1.999936680417237e-05,117.1,0.41
650,1790894307.9911594,-0.2821,0.044,-0.5321,-0.0,0.1591,0.1478,0.2193,0.1788,0.5167,0.0715,0.0962,-0.0,0.1619,0.5982,0.0,0.259,0.0,0.8752,0.0,1.999936680417237e-05,145.4,0.47
651,1790894310.223507,-0.3086,0.0368,-0.5231,-0.1009,0.1553,0.1509,0.222,0.1883,0.6013,0.0711,0.0949,-0.0,0.2121,0.5758,0.0,0.314,0.0,0.8752,0.0,1.999936680417237e-05,145.8,0.58
652,1790894311.0184102,-0.3232,0.0402,-0.5098,-0.1644,0.1637,0.1613,0.2372,0.1996,0.6182,0.0759,0.1008,-0.0,0.2044,0.6176,0.0,0.33,0.0,0.8752,0.239,1.9999256875702725e-05,139.3,0.79
653,1790894311.4297595,-0.2997,0.0557,-0.4797,-0.0646,0.133,0.1255,0.2237,0.1768,0.6148,0.0982,0.0798,0.0,0.223,0.4723,0.0,0.278,-0.0,0.8752,0.0,1.9999256875702725e-05,133.8,0.41
654,1790894311.9165914,-0.3015,0.0406,-0.5511,-0.1274,0.1389,0.1342,0.2112,0.175,0.6326,0.077,0.0904,0.0,0.2266,0.5426,0.0,0.298,0.0,0.8752,0.0,1.9999256875702725e-05,206.9,0.48
655,1790894312.3814156,-0.2763,0.0306,-0.4577,-0.1748,0.1372,0.13,0.1826,0.1554,0.6045,0.0526,0.0696,-0.0,0.1288,0.4299,0.0,0.238,0.0,0.8783,0.0,1.9999256875702725e-05,205.8,0.46
656,1790894312.875373,-0.2127,0.0457,-0.5107,-0.0,0.1086,0.0919,0.1591,0.1265,0.431,0.0673,0.0735,-0.0,0.1716,0.4444,0.0,0.221,0.0,0.8752,0.205,1.9999138153407964e-05,105.8,0.49
657,1790894313.325042,-0.3135,0.0397,-0.5303,-0.0764,0.1498,0.1485,0.2171,0.1797,0.6688,0.0686,0.0873,-0.0,0.1795,0.5341,0.0,0.298,0.0,0.8752,0.0,1.9999138153407964e-05,170.0,0.45
658,1790894313.791413,-0.2879,0.0399,-0.5162,-0.0607,0.1519,0.1456,0.2125,0.1797,0.5411,0.0669,0.0958,0.0,0.1923,0.5871,0.0,0.29,-0.0,0.8752,0.0,1.9999138153407964e-05,199.4,0.46
659,1790894314.2562177,-0.2903,0.0433,-0.4878,-0.113,0.134,0.134,0.2032,0.1713,0.5951,0.0692,0.0865,0.0,0.2081,0.5211,0.0,0.296,-0.0,0.8752,0.0,1.9999138153407964e-05,253.5,0.46
660,1790894314.7511082,-0.2436,0.0456,-0.5125,-0.0,0.1316,0.1174,0.1835,0.1478,0.4789,0.0661,0.0695,0.0,0.1931,0.4122,0.0,0.213,0.0,0.7989,0.234,1.9999010637392486e-05,103.1,0.49
661,1790894315.1725872,-0.2472,0.0486,-0.4785,-0.0686,0.1203,0.1151,0.1872,0.1465,0.5034,0.0721,0.0754,-0.0,0.195,0.4507,0.0,0.252,0.0,0.8752,0.0,1.9999010637392486e-05,177.6,0.42
662,1790894315.6542797,-0.3151,0.041,-0.5484,-0.0628,0.1559,0.1518,0.2168,0.1874,0.6384,0.0651,0.0932,0.0,0.1979,0.5683,0.0,0.326,-0.0,0.8752,0.0,1.9999010637392486e-05,196.6,0.48
663,1790894316.1780648,-0.2826,0.0374,-0.5178,-0.13,0.1327,0.1327,0.1929,0.1658,0.5837,0.0602,0.0778,0.0,0.1778,0.471,0.0,0.282,-0.0,0.8752,0.0,1.9999010637392486e-05,223.5,0.52
664,1790894316.6496317,-0.3404,0.0486,-0.7,-0.0954,0.1719,0.1622,0.2496,0.2056,0.6739,0.0874,0.0964,-0.0,0.1958,0.5903,0.0,0.257,0.0,0.8752,0.287,1.999887432776844e-05,110.9,0.47
665,1790894317.080624,-0.1995,0.0383,-0.3822,-0.0432,0.085,0.0814,0.1396,0.1118,0.4387,0.0582,0.0536,-0.0,0.1664,0.3131,0.0,0.246,0.0,0.8752,0.0,1.999887432776844e-05,183.1,0.43
666,1790894317.5724375,-0.2388,0.0435,-0.4994,-0.0384,0.1069,0.1028,0.1702,0.1332,0.5281,0.0674,0.0665,-0.0,0.2028,0.3892,0.0,0.273,0.0,0.8752,0.0,1.999887432776844e-05,189.7,0.49
667,1790894318.0227559,-0.2642,0.0338,-0.5335,-0.1165,0.125,0.1225,0.1774,0.1543,0.5498,0.0549,0.0747,0.0,0.1691,0.4529,0.0,0.268,-0.0,0.8752,0.0,1.999887432776844e-05,257.9,0.45
668,1790894318.5219202,-0.2706,0.049,-0.581,-0.0678,0.1427,0.1237,0.2126,0.161,0.5479,0.0889,0.0759,-0.0,0.1493,0.4664,0.0,0.235,0.0,0.8752,0.194,1.9998729224655707e-05,103.9,0.5
669,1790894319.0062938,-0.2674,0.048,-0.4748,-0.0877,0.1287,0.125,0.1989,0.163,0.5221,0.0739,0.078,-0.0,0.1988,0.4669,0.0,0.285,0.0,0.8752,0.0,1.9998729224655707e-05,155.1,0.48
670,1790894319.463089,-0.2722,0.038,-0.5933,-0.0651,0.1249,0.1227,0.1873,0.155,0.5856,0.0646,0.0814,-0.0,0.2413,0.4786,0.0,0.283,0.0,0.8752,0.0,1.9998729224655707e-05,206.9,0.45
671,1790894319.9173605,-0.2508,0.044,-0.3807,-0.0456,0.1049,0.1005,0.1717,0.1387,0.5607,0.0712,0.0638,-0.0,0.172,0.3798,0.0,0.245,0.0,0.8752,0.0,1.9998729224655707e-05,257.5,0.45
672,1790894320.3599584,-0.2752,0.055,-0.6212,-0.0,0.1541,0.1321,0.2138,0.1706,0.5231,0.0817,0.0998,-0.0,0.1649,0.6216,0.0,0.231,0.0,0.8752,0.276,1.999857532818189e-05,120.5,0.44
673,1790894320.7826443,-0.2771,0.0326,-0.6,-0.075,0.1365,0.1365,0.1821,0.16,0.5855,0.0456,0.0774,0.0,0.1884,0.4656,0.0,0.303,-0.0,0.8752,0.0,1.999857532818189e-05,179.3,0.42
674,1790894321.2659717,-0.2797,0.0381,-0.4552,-0.0396,0.1355,0.1317,0.1975,0.1656,0.5704,0.0658,0.0788,-0.0,0.184,0.4764,0.0,0.268,0.0,0.8379,0.0,1.999857532818189e-05,208.1,0.48
675,1790894321.7796285,-0.3114,0.037,-0.4617,-0.1152,0.1507,0.1479,0.2082,0.1794,0.6599,0.0602,0.0879,0.0,0.1792,0.5381,0.0,0.293,-0.0,0.8752,0.0,1.999857532818189e-05,271.1,0.51
676,1790894324.190423,-0.2383,0.0311,-0.4678,-0.0,0.1371,0.1155,0.1626,0.1424,0.4796,0.0472,0.071,-0.0,0.164,0.4294,0.0,0.229,0.0,0.8752,0.224,1.9998412638482334e-05,89.6,0.61
677,1790894324.6713972,-0.3224,0.0337,-0.5208,-0.1564,0.1751,0.1693,0.2314,0.2011,0.6063,0.0621,0.1098,0.0,0.2182,0.6738,0.0,0.317,-0.0,0.8752,0.0,1.9998412638482334e-05,167.2,0.48
678,1790894325.087685,-0.2182,0.0312,-0.4228,-0.0441,0.1047,0.1022,0.1471,0.124,0.4708,0.0449,0.0603,-0.0,0.1752,0.355,0.0,0.258,0.0,0.8752,0.0,1.9998412638482334e-05,227.4,0.41
679,1790894325.5831935,-0.303,0.0345,-0.4978,-0.1341,0.1462,0.141,0.2058,0.1729,0.6506,0.0648,0.0857,-0.0,0.189,0.521,0.0,0.27,0.0,0.8752,0.0,1.9998412638482334e-05,234.3,0.49
680,1790894326.058364,-0.253,0.0465,-0.5798,-0.0553,0.1361,0.1163,0.1988,0.1517,0.5066,0.0825,0.0698,0.0,0.1619,0.4223,0.0,0.227,-0.0,0.8752,0.21,1.999824115570012e-05,116.8,0.47
681,1790894326.4949634,-0.3081,0.0381,-0.4834,-0.1185,0.1488,0.1433,0.2086,0.1803,0.6388,0.0653,0.1043,-0.0,0.1877,0.6455,0.0,0.29,0.0,0.8752,0.0,1.999824115570012e-05,164.1,0.43
682,1790894326.9601321,-0.2388,0.0418,-0.4228,-0.0444,0.1178,0.1074,0.1718,0.1396,0.4961,0.0644,0.0776,-0.0,0.2233,0.4581,0.0,0.27,0.0,0.8752,0.0,1.999824115570012e-05,191.2,0.46
683,1790894327.4743378,-0.3189,0.0458,-0.5681,-0.1417,0.1499,0.146,0.2311,0.1871,0.6592,0.0851,0.0892,-0.0,0.2299,0.5335,0.0,0.29,0.0,0.8752,0.0,1.999824115570012e-05,205.6,0.51
684,1790894327.9295511,-0.2202,0.0312,-0.3886,-0.067,0.1188,0.1042,0.1608,0.1315,0.4436,0.0565,0.0864,0.0,0.161,0.5333,0.0,0.196,-0.0,0.8752,0.213,1.9998060879986057e-05,111.7,0.45
685,1790894328.395106,-0.3013,0.0261,-0.5333,-0.0681,0.1629,0.1596,0.2062,0.1848,0.5827,0.0466,0.1136,0.0,0.2021,0.7036,0.0,0.3,-0.0,0.8752,0.0,1.9998060879986057e-05,177.3,0.46
686,1790894328.8257728,-0.2916,0.0421,-0.5317,-0.1456,0.1401,0.1364,0.2046,0.1736,0.59,0.0683,0.0817,0.0,0.2417,0.4799,0.0,0.297,-0.0,0.8752,0.0,1.9998060879986057e-05,217.3,0.43
687,1790894329.3087602,-0.3324,0.0331,-0.5413,-0.1325,0.1673,0.1624,0.2169,0.1908,0.7081,0.0545,0.0969,0.0,0.2024,0.592,0.0,0.28,-0.0,0.8752,0.0,1.9998060879986057e-05,249.2,0.48
688,1790894329.785968,-0.2669,0.0394,-0.5437,-0.0862,0.1461,0.1332,0.2004,0.1666,0.5017,0.0672,0.0945,-0.0,0.1751,0.5831,0.0,0.265,0.0,0.8752,0.211,1.9997871811498686e-05,118.6,0.47
689,1790894330.2621028,-0.3213,0.0464,-0.6328,-0.0641,0.159,0.1561,0.2359,0.1978,0.6176,0.0798,0.1044,-0.0,0.2439,0.6311,0.0,0.323,0.0,0.8752,0.0,1.9997871811498686e-05,165.8,0.47
690,1790894330.6949189,-0.3091,0.0375,-0.4386,-0.1381,0.1524,0.1502,0.2097,0.1782,0.6546,0.0595,0.0883,-0.0,0.2373,0.5254,0.0,0.271,0.0,0.8752,0.0,1.9997871811498686e-05,235.8,0.43
691,1790894331.1936436,-0.2586,0.0415,-0.4897,-0.1142,0.1183,0.1117,0.172,0.1423,0.5818,0.0602,0.0702,-0.0,0.1886,0.4176,0.0,0.237,-0.0,0.8752,0.0,1.9997871811498686e-05,256.0,0.5
692,1790894331.6940107,-0.267,0.0339,-0.4278,-0.0791,0.156,0.1381,0.1963,0.1665,0.5024,0.0582,0.091,-0.0,0.2596,0.5375,0.0,0.238,0.0,0.8752,0.246,1.999767395040429e-05,106.8,0.5
693,1790894332.132675,-0.2876,0.0394,-0.5733,-0.1029,0.1524,0.14,0.2025,0.1699,0.5884,0.0625,0.0904,0.0,0.1673,0.5582,0.0,0.258,-0.0,0.8752,0.0,1.999767395040429e-05,166.3,0.43
694,1790894332.6065018,-0.2498,0.0431,-0.4622,-0.0799,0.1117,0.1077,0.1736,0.1408,0.5451,0.0659,0.0703,0.0,0.2255,0.4083,0.0,0.264,-0.0,0.8752,0.0,1.999767395040429e-05,198.2,0.47
695,1790894333.1285257,-0.2611,0.0338,-0.4172,-0.0737,0.1227,0.1201,0.1768,0.1471,0.5696,0.0567,0.0726,-0.0,0.1954,0.4322,0.0,0.283,0.0,0.8752,0.0,1.999767395040429e-05,234.5,0.52
696,1790894333.570785,-0.2088,0.0402,-0.4571,-0.0,0.1022,0.0928,0.156,0.1192,0.448,0.0632,0.0519,-0.0,0.1465,0.3068,0.0,0.204,0.0,0.8752,0.194,1.9997467296876865e-05,118.3,0.44
697,1790894334.0097816,-0.2767,0.0399,-0.4638,-0.0726,0.1452,0.1377,0.2041,0.1722,0.5225,0.0663,0.0776,0.0,0.1775,0.4697,0.0,0.258,-0.0,0.8752,0.0,1.9997467296876865e-05,170.7,0.44
698,1790894334.4619913,-0.2611,0.0291,-0.4726,-0.1048,0.1298,0.1298,0.1806,0.1556,0.5276,0.0508,0.0831,0.0,0.2131,0.4974,0.0,0.286,-0.0,0.8752,0.0,1.9997467296876865e-05,201.8,0.45
699,1790894334.9723928,-0.2785,0.0389,-0.6601,-0.0863,0.1398,0.1334,0.1943,0.1652,0.5669,0.061,0.0801,-0.0,0.155,0.4925,0.0,0.28,0.0,0.8752,0.0,1.9997467296876865e-05,248.3,0.51
700,1790894335.4350753,-0.2152,0.0345,-0.4778,-0.0,0.1147,0.1016,0.1527,0.1271,0.4402,0.0511,0.0603,0.0,0.1792,0.3544,0.0,0.21,-0.0,0.8379,0.2,1.999725185109816e-05,114.4,0.46
701,1790894337.795218,-0.2867,0.0413,-0.608,-0.0404,0.146,0.1403,0.2043,0.1737,0.5649,0.064,0.0847,-0.0,0.1884,0.5145,0.0,0.253,0.0,0.8752,0.0,1.999725185109816e-05,118.2,0.65
702,1790894338.260173,-0.2858,0.043,-0.5196,-0.0919,0.1381,0.1343,0.2123,0.1776,0.5409,0.078,0.0998,-0.0,0.2438,0.6005,0.0,0.326,0.0,0.8752,0.0,1.999725185109816e-05,199.0,0.46
703,1790894338.7569666,-0.2722,0.032,-0.4731,-0.167,0.1265,0.1252,0.1818,0.1522,0.6002,0.0566,0.0747,-0.0,0.1815,0.4499,0.0,0.258,0.0,0.8752,0.0,1.999725185109816e-05,241.8,0.49
704,1790894339.1714776,-0.2947,0.0464,-0.6286,-0.0627,0.1689,0.1437,0.2295,0.1824,0.5615,0.0858,0.0811,0.0,0.1823,0.4921,0.0,0.231,-0.0,0.8752,0.216,1.999702761325765e-05,121.9,0.41
705,1790894339.6280692,-0.2367,0.0384,-0.4415,-0.0,0.1122,0.1003,0.1638,0.1314,0.5267,0.0634,0.0616,0.0,0.1913,0.3594,0.0,0.255,-0.0,0.8752,0.0,1.999702761325765e-05,171.2,0.45
706,1790894340.0567927,-0.2672,0.0381,-0.5333,-0.1041,0.1196,0.1187,0.1879,0.1556,0.5582,0.0692,0.0778,-0.0,0.2774,0.445,0.0,0.329,0.0,0.8752,0.0,1.999702761325765e-05,210.8,0.43
707,1790894340.5083766,-0.2494,0.0354,-0.4215,-0.0913,0.1179,0.1173,0.1723,0.1459,0.5175,0.055,0.0716,-0.0,0.2108,0.4209,0.0,0.289,0.0,0.8752,0.0,1.999702761325765e-05,262.8,0.45
708,1790894340.9642816,-0.2503,0.0446,-0.4278,-0.0835,0.1365,0.1151,0.184,0.1492,0.5051,0.0689,0.0747,-0.0,0.232,0.4363,0.0,0.257,-0.0,0.8752,0.212,1.9996794583552536e-05,99.0,0.45
709,1790894341.379487,-0.2768,0.0461,-0.5483,-0.0676,0.1407,0.1347,0.2093,0.1695,0.5362,0.0747,0.0896,-0.0,0.2259,0.5371,0.0,0.286,0.0,0.8752,0.0,1.9996794583552536e-05,167.4,0.41
710,1790894341.8016949,-0.3612,0.0339,-0.5469,-0.1297,0.1995,0.1983,0.2596,0.2309,0.6515,0.0613,0.1271,0.0,0.2685,0.7759,0.0,0.383,-0.0,0.8752,0.0,1.9996794583552536e-05,193.0,0.42
711,1790894342.2521312,-0.2529,0.0329,-0.436,-0.0773,0.1164,0.1135,0.1676,0.1403,0.563,0.0541,0.0678,-0.0,0.1878,0.4022,0.0,0.267,0.0,0.8752,0.0,1.9996794583552536e-05,249.4,0.45
712,1790894342.73816,-0.2331,0.0396,-0.4431,-0.0895,0.1269,0.1132,0.18,0.1435,0.448,0.0668,0.0776,-0.0,0.1926,0.4658,0.0,0.235,0.0,0.8752,0.221,1.9996552762187757e-05,101.1,0.48
713,1790894343.2277322,-0.23,0.0299,-0.4828,-0.0429,0.1183,0.1168,0.1678,0.1411,0.4448,0.0509,0.0758,0.0,0.1727,0.4591,0.0,0.24,-0.0,0.8752,0.0,1.9996552762187757e-05,147.3,0.49
714,1790894343.635569,-0.2969,0.0371,-0.5483,-0.0846,0.1574,0.1491,0.2099,0.1819,0.5751,0.0608,0.0937,0.0,0.2044,0.5699,0.0,0.296,-0.0,0.8752,0.0,1.9996552762187757e-05,218.5,0.41
715,1790894344.1222236,-0.2463,0.0348,-0.4486,-0.0526,0.1101,0.1064,0.1646,0.1349,0.5572,0.0582,0.0679,-0.0,0.1603,0.4099,0.0,0.246,0.0,0.8752,0.0,1.9996552762187757e-05,224.8,0.48
716,1790894344.555058,-0.242,0.0503,-0.7136,-0.0,0.1164,0.1034,0.1858,0.1437,0.4912,0.0823,0.0758,-0.0,0.1596,0.4627,0.0,0.233,0.0,0.8752,0.213,1.9996302149375984e-05,106.5,0.43
717,1790894345.0343628,-0.2644,0.0453,-0.5081,-0.0917,0.1315,0.1144,0.187,0.151,0.5674,0.0726,0.0682,0.0,0.2048,0.3999,0.0,0.274,-0.0,0.8752,0.0,1.9996302149375984e-05,132.4,0.48
718,1790894345.4942913,-0.2825,0.0353,-0.5045,-0.1097,0.1422,0.139,0.2023,0.1696,0.5646,0.0633,0.0856,0.0,0.1956,0.5183,0.0,0.295,-0.0,0.8752,0.0,1.9996302149375984e-05,195.1,0.46
719,1790894346.0400648,-0.2682,0.0454,-0.4877,-0.0265,0.122,0.1201,0.1941,0.1552,0.565,0.074,0.0708,0.0,0.2178,0.4138,0.0,0.27,-0.0,0.8752,0.0,1.9996302149375984e-05,199.0,0.54
720,1790894346.5268247,-0.2198,0.0542,-0.4643,-0.0,0.1022,0.091,0.1739,0.1329,0.4347,0.0829,0.0675,0.0,0.1935,0.3985,0.0,0.21,-0.0,0.8752,0.202,1.9996042745337617e-05,112.5,0.48
721,1790894346.958906,-0.2541,0.0363,-0.5684,-0.1078,0.1233,0.1178,0.1828,0.1504,0.5184,0.065,0.0793,-0.0,0.1904,0.478,0.0,0.274,0.0,0.8752,0.0,1.9996042745337617e-05,174.3,0.43
722,1790894347.4413986,-0.2786,0.0394,-0.515,-0.0491,0.1385,0.1341,0.2019,0.1683,0.5518,0.0678,0.0886,0.0,0.2181,0.5323,0.0,0.316,-0.0,0.8752,0.0,1.9996042745337617e-05,192.4,0.48
723,1790894347.9659913,-0.2789,0.0378,-0.5453,-0.1041,0.1367,0.1359,0.1981,0.1659,0.5648,0.0622,0.0915,-0.0,0.1885,0.5594,0.0,0.257,0.0,0.8752,0.0,1.9996042745337617e-05,223.5,0.52
724,1790894348.4717815,-0.3202,0.0555,-0.5786,-0.0856,0.1708,0.1543,0.2496,0.1943,0.6295,0.0953,0.0849,0.0,0.1509,0.5257,0.0,0.267,-0.0,0.8752,0.207,1.9995774550300787e-05,107.7,0.5
725,1790894348.8966558,-0.2914,0.0446,-0.5667,-0.0697,0.1368,0.1368,0.2122,0.1777,0.5686,0.0754,0.0877,-0.0,0.2048,0.5298,0.0,0.284,0.0,0.8752,0.0,1.9995774550300787e-05,199.2,0.42
726,1790894351.2864194,-0.2666,0.0433,-0.4457,-0.0929,0.1283,0.121,0.1889,0.155,0.558,0.0679,0.0718,-0.0,0.1878,0.4287,0.0,0.269,0.0,0.8752,0.0,1.9995774550300787e-05,156.1,0.66
727,1790894351.7765305,-0.2677,0.0306,-0.5293,-0.0973,0.1304,0.1261,0.1771,0.1499,0.5892,0.0509,0.0813,-0.0,0.1698,0.4965,0.0,0.256,0.0,0.8752,0.0,1.9995774550300787e-05,240.9,0.49
728,1790894352.212151,-0.2515,0.0553,-0.8381,-0.0,0.1162,0.1007,0.1964,0.1515,0.5002,0.0956,0.0775,0.0,0.1884,0.4667,0.0,0.223,-0.0,0.8752,0.227,1.9995497564501357e-05,103.4,0.43
729,1790894352.6734366,-0.2339,0.0397,-0.475,-0.0681,0.1061,0.1032,0.1681,0.134,0.4993,0.0649,0.0575,0.0,0.1714,0.3379,0.0,0.267,-0.0,0.8752,0.0,1.9995497564501357e-05,163.6,0.46
730,1790894353.1018906,-0.2635,0.042,-0.454,-0.0955,0.1189,0.1169,0.1837,0.1507,0.5644,0.0669,0.0688,-0.0,0.2337,0.3964,0.0,0.275,0.0,0.8752,0.0,1.9995497564501357e-05,206.5,0.43
731,1790894353.637947,-0.2948,0.0311,-0.6109,-0.0719,0.1582,0.1508,0.2072,0.1769,0.5894,0.0564,0.0903,-0.0,0.1642,0.5583,0.0,0.272,0.0,0.8752,0.0,1.9995497564501357e-05,223.3,0.53
732,1790894354.1420708,-0.2268,0.0389,-0.6383,-0.0323,0.1152,0.1023,0.1741,0.1352,0.4579,0.0717,0.062,0.0,0.1984,0.3601,0.0,0.226,-0.0,0.8379,0.21,1.9995211788182926e-05,104.1,0.5
733,1790894354.5664086,-0.2957,0.0405,-0.4909,-0.1212,0.1434,0.1365,0.2122,0.1755,0.6008,0.0757,0.0805,-0.0,0.2035,0.4824,0.0,0.311,0.0,0.8752,0.0,1.9995211788182926e-05,166.3,0.42
734,1790894355.0249856,-0.2878,0.0382,-0.515,-0.123,0.1373,0.1373,0.2045,0.1728,0.5748,0.0671,0.0953,-0.0,0.2287,0.5745,0.0,0.326,0.0,0.8752,0.0,1.9995211788182926e-05,198.2,0.46
735,1790894355.5732458,-0.2996,0.0388,-0.4887,-0.106,0.1461,0.1453,0.2081,0.1792,0.6022,0.0628,0.0937,0.0,0.174,0.5782,0.0,0.294,-0.0,0.8752,0.0,1.9995211788182926e-05,212.0,0.55
736,1790894356.0820868,-0.2147,0.0396,-0.5603,-0.0472,0.1178,0.0974,0.1614,0.1288,0.4292,0.064,0.0785,-0.0,0.1918,0.4719,0.0,0.198,0.0,0.8752,0.254,1.999491722159681e-05,90.9,0.51
737,1790894356.5286038,-0.2442,0.0404,-0.4669,-0.052,0.1172,0.1131,0.1754,0.1425,0.5088,0.0623,0.0626,0.0,0.1694,0.3724,0.0,0.254,-0.0,0.8752,0.0,1.999491722159681e-05,156.8,0.44
738,1790894357.0100105,-0.2599,0.0398,-0.5978,-0.0651,0.1226,0.1214,0.1866,0.1502,0.5488,0.0652,0.0766,-0.0,0.1827,0.4617,0.0,0.266,0.0,0.8752,0.0,1.999491722159681e-05,185.8,0.48
739,1790894357.5066655,-0.2857,0.036,-0.4846,-0.0986,0.1363,0.1346,0.1989,0.1658,0.5993,0.0643,0.0899,0.0,0.1696,0.5539,0.0,0.287,-0.0,0.8752,0.0,1.999491722159681e-05,231.4,0.49
740,1790894358.0108232,-0.3268,0.0503,-0.6286,-0.0483,0.1759,0.1496,0.2512,0.2014,0.6267,0.1016,0.1007,0.0,0.1461,0.6323,0.0,0.233,-0.0,0.8379,0.211,1.9994613865002076e-05,96.0,0.5
741,1790894358.4840817,-0.2625,0.0376,-0.6062,-0.1078,0.1288,0.1223,0.1858,0.1544,0.5406,0.0635,0.0771,0.0,0.1602,0.4715,0.0,0.24,-0.0,0.8752,0.0,1.9994613865002076e-05,152.6,0.47
742,1790894358.9522877,-0.2837,0.0397,-0.5231,-0.1185,0.1395,0.1375,0.2044,0.1669,0.5836,0.0669,0.0842,-0.0,0.2159,0.5039,0.0,0.288,0.0,0.8752,0.0,1.9994613865002076e-05,195.1,0.46
743,1790894359.4272401,-0.2908,0.0395,-0.4518,-0.0882,0.1368,0.1348,0.1992,0.1672,0.6176,0.0644,0.1038,-0.0,0.1616,0.6491,0.0,0.286,0.0,0.8752,0.0,1.9994613865002076e-05,232.5,0.47
744,1790894359.8924422,-0.3018,0.0412,-0.6256,-0.067,0.179,0.1578,0.2325,0.1966,0.5264,0.0747,0.1179,-0.0,0.2076,0.7309,0.0,0.238,0.0,0.8752,0.324,1.9994301718665506e-05,122.5,0.46
745,1790894360.3218176,-0.3162,0.0406,-0.5612,-0.0933,0.1661,0.1599,0.2311,0.197,0.5959,0.0712,0.1093,0.0,0.2368,0.6653,0.0,0.317,0.0,0.8752,0.0,1.9994301718665506e-05,189.4,0.43
746,1790894360.7460825,-0.2774,0.0379,-0.5821,-0.0656,0.1478,0.1389,0.1994,0.1718,0.5282,0.0606,0.0882,0.0,0.257,0.5193,0.0,0.301,-0.0,0.8752,0.0,1.9994301718665506e-05,221.0,0.42
747,1790894361.2585528,-0.3157,0.0377,-0.5035,-0.1364,0.1535,0.1518,0.2194,0.1864,0.6462,0.0676,0.0973,-0.0,0.1742,0.6023,0.0,0.297,0.0,0.8752,0.0,1.9994301718665506e-05,249.0,0.51
748,1790894361.7003276,-0.221,0.0478,-0.5293,-0.0,0.1175,0.1064,0.1821,0.1373,0.4184,0.0757,0.0596,-0.0,0.1806,0.3494,0.0,0.216,0.0,0.8752,0.203,1.9993980782861617e-05,113.0,0.44
749,1790894362.1527836,-0.2146,0.0358,-0.5329,-0.0457,0.1062,0.0975,0.1503,0.1225,0.4607,0.0528,0.0562,-0.0,0.1766,0.3277,0.0,0.245,0.0,0.8752,0.0,1.9993980782861617e-05,168.7,0.45
750,1790894362.6319156,-0.276,0.0422,-0.4827,-0.0333,0.1227,0.1227,0.1889,0.1575,0.5925,0.0662,0.0763,0.0,0.2068,0.4536,0.0,0.284,-0.0,0.8752,0.0,1.9993980782861617e-05,190.0,0.48
751,1790894364.9662352,-0.2319,0.0341,-0.4027,-0.0863,0.1134,0.1103,0.1568,0.1342,0.4883,0.0466,0.074,-0.0,0.1945,0.4413,0.0,0.25,0.0,0.8752,0.0,1.9993980782861617e-05,185.0,0.66
752,1790894365.4051468,-0.1752,0.0404,-0.5333,-0.0,0.0859,0.0778,0.1302,0.1018,0.3672,0.0524,0.0649,-0.0,0.1749,0.3861,0.0,0.185,0.0,0.8752,0.191,1.999365105787265e-05,101.8,0.44
753,1790894365.8747315,-0.2306,0.0359,-0.4833,-0.0757,0.1173,0.1098,0.1711,0.1387,0.4594,0.0612,0.0707,0.0,0.2524,0.4037,0.0,0.236,-0.0,0.8752,0.0,1.999365105787265e-05,164.3,0.47
754,1790894366.313329,-0.2879,0.0443,-0.6289,-0.0874,0.1394,0.1362,0.2146,0.1757,0.5607,0.0784,0.0887,0.0,0.2252,0.531,0.0,0.323,-0.0,0.8752,0.0,1.999365105787265e-05,216.6,0.44
755,1790894366.7915125,-0.3084,0.0353,-0.4919,-0.0263,0.1573,0.1526,0.2143,0.1842,0.6211,0.0617,0.0962,-0.0,0.187,0.5915,0.0,0.288,0.0,0.8752,0.0,1.999365105787265e-05,258.4,0.48
756,1790894367.2303658,-0.1922,0.0588,-0.4381,-0.0,0.0756,0.074,0.1557,0.1139,0.3916,0.0817,0.0595,-0.0,0.1533,0.3557,0.0,0.212,0.0,0.8752,0.226,1.9993312543988584e-05,104.9,0.44
757,1790894367.6628942,-0.2434,0.0352,-0.4278,-0.0681,0.1258,0.1166,0.1699,0.1435,0.4998,0.0533,0.0643,0.0,0.1303,0.3936,0.0,0.213,-0.0,0.8752,0.0,1.9993312543988584e-05,161.2,0.43
758,1790894368.1224234,-0.2598,0.0344,-0.471,-0.0329,0.128,0.1243,0.1884,0.1568,0.5152,0.0642,0.0788,0.0,0.2221,0.466,0.0,0.279,-0.0,0.8752,0.0,1.9993312543988584e-05,184.6,0.46
759,1790894368.60363,-0.2979,0.0392,-0.4865,-0.1151,0.146,0.1442,0.2105,0.1753,0.6134,0.0663,0.0907,0.0,0.2183,0.5464,0.0,0.279,-0.0,0.8752,0.0,1.9993312543988584e-05,225.0,0.48
760,1790894369.0694308,-0.2541,0.0525,-0.7,-0.0,0.1299,0.1174,0.2054,0.1514,0.5136,0.088,0.0704,-0.0,0.1397,0.432,0.0,0.175,0.0,0.8752,0.207,1.999296524150713e-05,105.4,0.46
761,1790894369.477036,-0.1785,0.0348,-0.4047,-0.0,0.0894,0.0811,0.1286,0.1027,0.379,0.0475,0.0585,-0.0,0.1721,0.3442,0.0,0.184,0.0,0.8752,0.0,1.999296524150713e-05,169.5,0.4
762,1790894369.981935,-0.3009,0.0422,-0.559,-0.099,0.1484,0.145,0.2172,0.1806,0.6012,0.0722,0.0924,0.0,0.1941,0.564,0.0,0.294,-0.0,0.8752,0.0,1.999296524150713e-05,170.6,0.5
763,1790894370.5340981,-0.3107,0.033,-0.549,-0.1637,0.1609,0.16,0.2234,0.189,0.6086,0.0634,0.0982,-0.0,0.2099,0.5988,0.0,0.31,0.0,0.8752,0.0,1.999296524150713e-05,205.1,0.55
764,1790894371.0162218,-0.2401,0.0525,-0.6167,-0.0,0.1173,0.1006,0.1839,0.1374,0.5136,0.0833,0.0677,-0.0,0.1254,0.4179,0.0,0.2,0.0,0.8752,0.252,1.9992609150733715e-05,104.4,0.48
765,1790894371.4728582,-0.2909,0.0375,-0.5206,-0.0457,0.1498,0.1428,0.211,0.1768,0.5705,0.0682,0.1125,-0.0,0.2275,0.6891,0.0,0.286,0.0,0.8752,0.0,1.9992609150733715e-05,150.9,0.45
766,1790894371.9620068,-0.2394,0.0392,-0.3761,-0.0308,0.1145,0.1093,0.1697,0.1389,0.5022,0.0604,0.0749,-0.0,0.2229,0.4399,0.0,0.266,0.0,0.8752,0.0,1.9992609150733715e-05,178.9,0.49
767,1790894372.4915278,-0.2529,0.038,-0.4396,-0.0732,0.1179,0.1154,0.1783,0.1444,0.5425,0.0629,0.0694,0.0,0.2146,0.4056,0.0,0.245,-0.0,0.8752,0.0,1.9992609150733715e-05,221.0,0.53
768,1790894372.9444728,-0.2811,0.0607,-0.6545,-0.0477,0.143,0.1225,0.2221,0.1697,0.5566,0.0995,0.073,0.0,0.1838,0.4377,0.0,0.256,-0.0,0.8752,0.245,1.9992244271981505e-05,113.7,0.45
769,1790894373.3690684,-0.1995,0.041,-0.4899,-0.0408,0.0881,0.0834,0.1447,0.1128,0.4335,0.0613,0.051,-0.0,0.1695,0.2948,0.0,0.229,0.0,0.8752,0.0,1.9992244271981505e-05,178.0,0.42
770,1790894373.812913,-0.2734,0.0356,-0.4452,-0.0795,0.1365,0.1337,0.1869,0.1618,0.5582,0.0533,0.0803,-0.0,0.2298,0.4741,0.0,0.279,0.0,0.8752,0.0,1.9992244271981505e-05,216.6,0.44
771,1790894374.2552102,-0.2237,0.0377,-0.37,-0.0844,0.0895,0.0895,0.1498,0.1188,0.5245,0.0603,0.0596,-0.0,0.1637,0.354,0.0,0.253,0.0,0.8752,0.0,1.9992244271981505e-05,267.7,0.44
772,1790894374.7493503,-0.2468,0.0486,-0.4933,-0.0508,0.1351,0.1179,0.1964,0.1503,0.4825,0.0784,0.0817,0.0,0.1831,0.4959,0.0,0.226,-0.0,0.8379,0.229,1.9991870605571398e-05,98.4,0.49
773,1790894375.2314794,-0.2384,0.033,-0.4333,-0.0336,0.1142,0.1131,0.1722,0.1396,0.4939,0.0591,0.064,0.0,0.1961,0.3741,0.0,0.25,-0.0,0.8752,0.0,1.9991870605571398e-05,152.3,0.48
774,1790894375.7234359,-0.2452,0.0415,-0.4895,-0.0,0.1174,0.1126,0.1769,0.1469,0.4917,0.0644,0.0773,-0.0,0.208,0.4596,0.0,0.256,0.0,0.8752,0.0,1.9991870605571398e-05,183.9,0.49
775,1790894376.240743,-0.2526,0.0331,-0.4094,-0.0988,0.1127,0.1127,0.1716,0.1433,0.5467,0.0589,0.071,0.0,0.1866,0.4237,0.0,0.264,-0.0,0.8752,0.0,1.9991870605571398e-05,213.4,0.51
776,1790894378.832153,-0.1956,0.0427,-0.4776,-0.0,0.1022,0.0822,0.1496,0.1176,0.3902,0.0674,0.0873,-0.0,0.1968,0.5297,0.0,0.205,-0.0,0.8752,0.183,1.9991488151832e-05,82.8,0.61
777,1790894379.3442655,-0.2497,0.0356,-0.544,-0.0646,0.1291,0.1207,0.1846,0.1541,0.4782,0.0639,0.0916,-0.0,0.1764,0.5633,0.0,0.254,0.0,0.8752,0.0,1.9991488151832e-05,150.2,0.51
778,1790894379.8440924,-0.2952,0.0416,-0.5089,-0.1028,0.1453,0.1414,0.2124,0.1783,0.5844,0.071,0.0792,-0.0,0.2403,0.4639,0.0,0.319,0.0,0.8752,0.0,1.9991488151832e-05,176.6,0.5
779,1790894380.2713583,-0.305,0.0416,-0.4958,-0.1386,0.1558,0.1521,0.2201,0.1842,0.6037,0.068,0.0919,0.0,0.2158,0.5551,0.0,0.274,-0.0,0.8752,0.0,1.9991488151832e-05,258.7,0.42
780,1790894380.6921542,-0.2399,0.0486,-0.5356,-0.0,0.109,0.1029,0.1706,0.1348,0.5257,0.0678,0.0657,0.0,0.1897,0.3873,0.0,0.237,-0.0,0.8752,0.214,1.9991096911099675e-05,131.8,0.42
781,1790894381.1255634,-0.242,0.0383,-0.6286,-0.0756,0.1162,0.1069,0.1692,0.1392,0.514,0.0623,0.0648,-0.0,0.2261,0.3716,0.0,0.244,0.0,0.8752,0.0,1.9991096911099675e-05,184.4,0.43
782,1790894381.5572085,-0.2867,0.0414,-0.5771,-0.0881,0.1339,0.1303,0.2012,0.1672,0.598,0.0709,0.0773,-0.0,0.2061,0.4603,0.0,0.299,0.0,0.8752,0.0,1.9991096911099675e-05,234.8,0.43
783,1790894382.0489707,-0.2608,0.0445,-0.5889,-0.0795,0.1139,0.1113,0.1797,0.1476,0.5657,0.0684,0.0645,0.0,0.1462,0.3911,0.0,0.261,0.0,0.8752,0.0,1.9991096911099675e-05,246.0,0.49
784,1790894382.5322607,-0.253,0.0561,-0.6524,-0.036,0.1282,0.1009,0.1776,0.1457,0.5362,0.0767,0.0691,0.0,0.1846,0.4116,0.0,0.249,-0.0,0.8752,0.217,1.9990696883718487e-05,121.0,0.48
785,1790894382.999285,-0.2766,0.047,-0.5571,-0.0584,0.1444,0.1315,0.2114,0.1691,0.5377,0.0799,0.0857,-0.0,0.2455,0.5056,0.0,0.291,0.0,0.8752,0.0,1.9990696883718487e-05,181.1,0.46
786,1790894383.4525845,-0.3086,0.0317,-0.5429,-0.1396,0.1515,0.1487,0.2084,0.1791,0.6477,0.0597,0.0833,0.0,0.2322,0.4936,0.0,0.28,-0.0,0.8783,0.0,1.9990696883718487e-05,188.0,0.45
787,1790894383.9230154,-0.223,0.055,-0.8,-0.0,0.1132,0.0899,0.1733,0.1337,0.4463,0.0834,0.06,-0.0,0.1616,0.3569,0.0,0.2,0.0,0.8752,0.0,1.9990696883718487e-05,114.8,0.47
788,1790894384.428688,-0.2401,0.0406,-0.4576,-0.0,0.1125,0.1084,0.1692,0.1368,0.5164,0.0608,0.0771,-0.0,0.2444,0.449,0.0,0.281,0.0,0.8752,0.361,1.999028807004024e-05,151.9,0.5
789,1790894384.9313002,-0.2881,0.0419,-0.4443,-0.1167,0.1385,0.1347,0.2054,0.1728,0.5761,0.0707,0.0954,-0.0,0.2699,0.5641,0.0,0.295,0.0,0.8752,0.0,1.999028807004024e-05,183.6,0.5
790,1790894385.414511,-0.2453,0.0287,-0.4104,-0.125,0.1103,0.1039,0.1578,0.1311,0.571,0.054,0.0637,-0.0,0.1898,0.3743,0.0,0.257,0.0,0.8752,0.0,1.999028807004024e-05,245.0,0.48
791,1790894385.8576982,-0.2307,0.0423,-0.65,-0.0,0.1128,0.107,0.1721,0.1351,0.4781,0.0651,0.0704,0.0,0.1857,0.42,0.0,0.237,-0.0,0.8752,0.0,1.999028807004024e-05,115.7,0.44
792,1790894386.3105478,-0.2904,0.0335,-0.5244,-0.0641,0.1636,0.1524,0.2062,0.1773,0.5656,0.0538,0.099,-0.0,0.2446,0.5945,0.0,0.298,0.0,0.8752,0.208,1.9989870470424475e-05,168.2,0.45
793,1790894386.7916238,-0.2419,0.0374,-0.4863,-0.0445,0.1223,0.1179,0.173,0.1433,0.493,0.0551,0.0789,-0.0,0.2296,0.465,0.0,0.262,0.0,0.8752,0.0,1.9989870470424475e-05,204.5,0.48
794,1790894387.2388923,-0.2572,0.0291,-0.4283,-0.0678,0.1245,0.1227,0.1706,0.147,0.551,0.0479,0.0831,0.0,0.2147,0.4967,0.0,0.263,-0.0,0.8752,0.0,1.9989870470424475e-05,270.4,0.44
795,1790894387.6811619,-0.2434,0.0431,-0.5178,-0.0483,0.1309,0.1091,0.1826,0.1458,0.4881,0.0736,0.0697,-0.0,0.1834,0.416,0.0,0.216,0.0,0.8752,0.0,1.9989870470424475e-05,114.7,0.44
796,1790894388.1639228,-0.2624,0.0364,-0.5243,-0.05,0.1333,0.1264,0.1884,0.1568,0.5281,0.062,0.0689,0.0,0.1784,0.412,0.0,0.256,0.0,0.8752,0.218,1.9989444085238436e-05,153.3,0.48
797,1790894388.643078,-0.2705,0.0432,-0.5571,-0.1017,0.132,0.1273,0.1961,0.1589,0.5579,0.0689,0.0825,-0.0,0.1937,0.4984,0.0,0.276,0.0,0.8752,0.0,1.9989444085238436e-05,178.8,0.48
798,1790894389.1572783,-0.2662,0.0356,-0.5381,-0.0576,0.1293,0.1199,0.1827,0.1526,0.568,0.0629,0.0747,0.0,0.187,0.4483,0.0,0.297,-0.0,0.8752,0.0,1.9989444085238436e-05,220.4,0.51
799,1790894389.5984535,-0.1971,0.0428,-0.44,-0.0,0.0845,0.0777,0.1435,0.1079,0.4462,0.0658,0.0594,-0.0,0.1705,0.3502,0.0,0.212,0.0,0.7989,0.0,1.9989444085238436e-05,119.9,0.44
800,1790894390.1104374,-0.3275,0.0447,-0.5482,-0.0676,0.1816,0.168,0.2465,0.2056,0.6096,0.0785,0.1109,0.0,0.2124,0.683,0.0,0.324,-0.0,0.8752,0.241,1.9989008914857115e-05,151.7,0.51
801,1790894392.5291502,-0.2407,0.0363,-0.4132,-0.0257,0.1165,0.1132,0.172,0.1423,0.492,0.0589,0.0717,-0.0,0.243,0.4134,0.0,0.256,0.0,0.8752,0.0,1.9989008914857115e-05,148.4,0.69
802,1790894393.0299635,-0.2956,0.0386,-0.4522,-0.1548,0.1486,0.143,0.2002,0.1707,0.6243,0.0571,0.0867,-0.0,0.1921,0.5268,0.0,0.275,0.0,0.8752,0.0,1.9989008914857115e-05,265.9,0.5
803,1790894393.4763129,-0.2233,0.0457,-0.5333,-0.0,0.1228,0.1067,0.1743,0.1353,0.4401,0.0676,0.0872,0.0,0.1822,0.5329,0.0,0.224,-0.0,0.8752,0.0,1.9989008914857115e-05,103.7,0.44
804,1790894393.9571912,-0.2842,0.0367,-0.4889,-0.0463,0.1452,0.144,0.2005,0.1682,0.5802,0.0565,0.099,-0.0,0.203,0.6058,0.0,0.269,0.0,0.8752,0.253,1.998856495966322e-05,159.7,0.48
805,1790894394.3852887,-0.2785,0.038,-0.5744,-0.0533,0.1391,0.1381,0.2036,0.1721,0.5321,0.0654,0.0862,-0.0,0.2489,0.5082,0.0,0.317,0.0,0.8752,0.0,1.998856495966322e-05,212.3,0.42
806,1790894394.8649163,-0.2678,0.0385,-0.4441,-0.072,0.1321,0.1215,0.1821,0.1525,0.5766,0.0606,0.0749,0.0,0.1991,0.4466,0.0,0.265,-0.0,0.8752,0.0,1.998856495966322e-05,254.2,0.48
807,1790894395.2924898,-0.2879,0.0556,-1.1286,-0.0,0.1599,0.1482,0.2395,0.1846,0.5168,0.0914,0.0967,-0.0,0.1661,0.6007,0.0,0.215,0.0,0.8752,0.0,1.998856495966322e-05,115.5,0.42
808,1790894395.8042817,-0.2447,0.0483,-0.4655,-0.0775,0.1115,0.1073,0.1827,0.1411,0.518,0.0754,0.0998,-0.0,0.22,0.6068,0.0,0.295,0.0,0.8752,0.22,1.998811222004718e-05,150.2,0.51
809,1790894396.249581,-0.2847,0.043,-0.4922,-0.1264,0.1379,0.1308,0.1992,0.167,0.5886,0.0684,0.0805,0.0,0.2447,0.4713,0.0,0.333,-0.0,0.8752,0.0,1.998811222004718e-05,207.8,0.44
810,1790894396.732277,-0.2751,0.0347,-0.471,-0.0263,0.1396,0.1361,0.1886,0.1624,0.5636,0.0526,0.0843,-0.0,0.1851,0.5125,0.0,0.265,0.0,0.8752,0.0,1.998811222004718e-05,236.1,0.48
811,1790894397.1626363,-0.2194,0.053,-0.5419,-0.0,0.1167,0.0969,0.1726,0.1315,0.4398,0.0757,0.0729,0.0,0.1916,0.4346,0.0,0.244,-0.0,0.8752,0.0,1.998811222004718e-05,118.4,0.43
812,1790894397.6698582,-0.2607,0.0441,-0.463,-0.0627,0.121,0.1168,0.189,0.1524,0.5413,0.0722,0.0797,0.0,0.2717,0.4591,0.0,0.32,-0.0,0.8752,0.219,1.9987650696407167e-05,156.7,0.51
813,1790894398.1104424,-0.2929,0.0398,-0.4769,-0.0857,0.1388,0.1347,0.201,0.1687,0.6209,0.0663,0.0882,0.0,0.2204,0.5289,0.0,0.287,-0.0,0.8752,0.0,1.9987650696407167e-05,221.2,0.44
814,1790894398.6630068,-0.2704,0.0316,-0.481,-0.0521,0.1277,0.1238,0.1774,0.1519,0.5925,0.0536,0.0784,0.0,0.1961,0.4706,0.0,0.26,-0.0,0.8752,0.0,1.9987650696407167e-05,236.6,0.55
815,1790894399.1310039,-0.2411,0.0381,-0.4622,-0.0589,0.1276,0.1129,0.1677,0.1442,0.4844,0.0548,0.069,0.0,0.157,0.4178,0.0,0.232,-0.0,0.8752,0.0,1.9987650696407167e-05,116.5,0.47
816,1790894399.5562613,-0.2263,0.0403,-0.5321,-0.0471,0.1106,0.0992,0.1657,0.1358,0.4529,0.0665,0.065,-0.0,0.2042,0.3791,0.0,0.255,0.0,0.8752,0.199,1.998718038914906e-05,189.8,0.42
817,1790894399.9904006,-0.2842,0.0431,-0.4629,-0.0306,0.1411,0.1366,0.2072,0.1722,0.56,0.0706,0.0875,-0.0,0.2274,0.5228,0.0,0.283,0.0,0.8752,0.0,1.998718038914906e-05,219.6,0.43
818,1790894400.5053546,-0.2547,0.0286,-0.4666,-0.1264,0.116,0.1128,0.167,0.1414,0.5662,0.0542,0.0703,-0.0,0.1998,0.4153,0.0,0.26,0.0,0.8752,0.0,1.998718038914906e-05,249.6,0.51
819,1790894400.920743,-0.2414,0.0506,-0.4667,-0.0,0.1328,0.1046,0.1867,0.1439,0.4873,0.0821,0.0728,-0.0,0.1474,0.4463,0.0,0.242,0.0,0.8379,0.0,1.998718038914906e-05,118.2,0.41
820,1790894401.4089546,-0.2149,0.0333,-0.475,-0.05,0.1051,0.0978,0.1567,0.1246,0.4516,0.059,0.062,0.0,0.1937,0.3617,0.0,0.199,-0.0,0.8379,0.22,1.998670129868647e-05,142.0,0.49
821,1790894401.8356204,-0.2704,0.0321,-0.4986,-0.0615,0.1331,0.1312,0.1876,0.1603,0.5501,0.0564,0.0876,0.0,0.2201,0.5252,0.0,0.28,-0.0,0.8752,0.0,1.998670129868647e-05,211.4,0.42
822,1790894402.3183177,-0.2291,0.0375,-0.4421,-0.0628,0.1005,0.099,0.161,0.1307,0.4921,0.0621,0.0741,0.0,0.1728,0.448,0.0,0.25,-0.0,0.8752,0.0,1.998670129868647e-05,235.4,0.48
823,1790894402.7442298,-0.1885,0.0463,-0.5879,-0.0,0.0964,0.0831,0.1558,0.1158,0.3637,0.0727,0.0884,0.0,0.2397,0.5255,0.0,0.205,-0.0,0.8752,0.0,1.998670129868647e-05,109.5,0.42
824,1790894403.2229161,-0.2755,0.0389,-0.4656,-0.0379,0.1365,0.1274,0.1909,0.1587,0.5841,0.0635,0.0713,-0.0,0.2289,0.4141,0.0,0.267,0.0,0.8752,0.206,1.9986213425440733e-05,159.8,0.48
825,1790894403.6602423,-0.2908,0.0405,-0.5364,-0.0908,0.1468,0.1438,0.2148,0.1788,0.5598,0.071,0.0909,-0.0,0.2616,0.536,0.0,0.306,0.0,0.8752,0.0,1.9986213425440733e-05,212.2,0.44
826,1790894406.0237803,-0.2439,0.0386,-0.4444,-0.0243,0.1087,0.1076,0.1651,0.1379,0.5297,0.0575,0.0748,0.0,0.1759,0.4515,0.0,0.257,-0.0,0.8752,0.0,1.9986213425440733e-05,158.8,0.71
827,1790894406.4630132,-0.2499,0.0464,-0.5585,-0.0566,0.1217,0.1097,0.1813,0.1438,0.5303,0.0716,0.0578,0.0,0.1981,0.3323,0.0,0.252,-0.0,0.8752,0.0,1.9986213425440733e-05,129.3,0.44
828,1790894406.9527583,-0.2744,0.0407,-0.6408,-0.0604,0.1406,0.1326,0.2034,0.1661,0.5412,0.0708,0.0885,0.0,0.2239,0.5305,0.0,0.265,-0.0,0.8752,0.205,1.9985716769840908e-05,175.0,0.49
829,1790894407.409242,-0.3067,0.0367,-0.55,-0.1548,0.143,0.1421,0.2077,0.1777,0.6447,0.0656,0.0787,0.0,0.2427,0.4601,0.0,0.304,-0.0,0.8752,0.0,1.9985716769840908e-05,208.2,0.45
830,1790894407.9048467,-0.2988,0.036,-0.4924,-0.1512,0.147,0.1408,0.2061,0.174,0.6241,0.0653,0.0825,0.0,0.1983,0.4969,0.0,0.272,-0.0,0.8752,0.0,1.9985716769840908e-05,254.1,0.49
831,1790894408.4179149,-0.213,0.0392,-0.4643,-0.0479,0.1012,0.0967,0.16,0.1247,0.4414,0.0633,0.0692,0.0,0.2532,0.3936,0.0,0.22,-0.0,0.8752,0.0,1.9985716769840908e-05,105.6,0.51
832,1790894408.8685431,-0.2647,0.0478,-0.6445,-0.0,0.1166,0.1105,0.1939,0.1551,0.5481,0.0834,0.0681,-0.0,0.1742,0.4073,0.0,0.268,0.0,0.8752,0.199,1.9985211332323778e-05,162.2,0.45
833,1790894409.304379,-0.2305,0.0353,-0.4282,-0.0514,0.1186,0.1095,0.1628,0.1354,0.4755,0.0533,0.0755,0.0,0.1702,0.4582,0.0,0.225,-0.0,0.8752,0.0,1.9985211332323778e-05,205.5,0.43
834,1790894409.7881496,-0.2826,0.0317,-0.4973,-0.0675,0.1375,0.1337,0.1923,0.1638,0.5941,0.0585,0.0795,0.0,0.1984,0.4772,0.0,0.264,-0.0,0.8752,0.0,1.9985211332323778e-05,222.6,0.48
835,1790894410.2323716,-0.2627,0.0338,-0.7714,-0.0,0.1591,0.141,0.1978,0.1668,0.4795,0.0568,0.0808,0.0,0.2147,0.4817,0.0,0.238,-0.0,0.8379,0.0,1.9985211332323778e-05,113.4,0.44
836,1790894410.6951265,-0.2656,0.038,-0.5146,-0.0941,0.1331,0.1276,0.1977,0.1612,0.5219,0.07,0.0798,0.0,0.1952,0.4797,0.0,0.237,-0.0,0.8752,0.258,1.9984697113333852e-05,161.3,0.46
837,1790894411.1333976,-0.2948,0.0395,-0.6289,-0.0651,0.1504,0.1483,0.2143,0.1823,0.5626,0.066,0.1032,-0.0,0.2792,0.6133,0.0,0.342,0.0,0.8752,0.0,1.9984697113333852e-05,205.7,0.44
838,1790894411.6727965,-0.2364,0.0421,-0.4446,-0.053,0.1034,0.0993,0.165,0.1321,0.5212,0.0656,0.0648,0.0,0.2363,0.3691,0.0,0.282,-0.0,0.8752,0.0,1.9984697113333852e-05,194.4,0.53
839,1790894412.1023028,-0.2185,0.0438,-0.48,-0.0,0.115,0.0944,0.1646,0.1282,0.4519,0.0702,0.0741,-0.0,0.1568,0.4522,0.0,0.228,0.0,0.8752,0.0,1.9984697113333852e-05,108.8,0.43
840,1790894412.568152,-0.2184,0.0325,-0.5133,-0.0323,0.108,0.0993,0.1515,0.1273,0.4557,0.0522,0.0674,0.0,0.2312,0.3877,0.0,0.236,-0.0,0.8752,0.211,1.9984174113323352e-05,186.5,0.46
841,1790894413.0585134,-0.2442,0.036,-0.3987,-0.0756,0.1098,0.1071,0.1652,0.137,0.5358,0.0581,0.0795,-0.0,0.1818,0.4814,0.0,0.256,0.0,0.8752,0.0,1.9984174113323352e-05,213.6,0.49
842,1790894413.558035,-0.2477,0.03,-0.4399,-0.073,0.1161,0.1152,0.1612,0.1368,0.5546,0.046,0.0785,-0.0,0.1666,0.4788,0.0,0.25,0.0,0.8752,0.0,1.9984174113323352e-05,245.8,0.5
843,1790894413.9620185,-0.2652,0.0437,-0.55,-0.0,0.1488,0.13,0.2089,0.1652,0.5,0.0789,0.0869,0.0,0.1704,0.5336,0.0,0.236,-0.0,0.8752,0.0,1.9984174113323352e-05,135.5,0.4
844,1790894414.4588487,-0.2438,0.0339,-0.4801,-0.0359,0.1263,0.1141,0.1717,0.1443,0.4977,0.0576,0.0757,0.0,0.1928,0.4536,0.0,0.239,-0.0,0.8752,0.198,1.9983642332752232e-05,153.4,0.49
845,1790894414.946181,-0.2725,0.0366,-0.463,-0.0489,0.1277,0.1237,0.1823,0.1552,0.5861,0.0586,0.0775,0.0,0.2116,0.4601,0.0,0.266,-0.0,0.8752,0.0,1.9983642332752232e-05,197.0,0.48
846,1790894415.4553654,-0.2717,0.032,-0.4715,-0.1083,0.1285,0.1263,0.1795,0.1516,0.6005,0.0533,0.0673,-0.0,0.1525,0.4081,0.0,0.245,0.0,0.8752,0.0,1.9983642332752232e-05,260.3,0.51
847,1790894415.9135232,-0.271,0.0471,-0.6313,-0.0,0.1436,0.1364,0.2084,0.1732,0.489,0.072,0.0741,-0.0,0.1669,0.4497,0.0,0.222,0.0,0.8752,0.0,1.9983642332752232e-05,102.4,0.45
848,1790894416.3725429,-0.2432,0.0404,-0.5335,-0.0,0.1249,0.1208,0.1796,0.1492,0.4697,0.0588,0.0756,0.0,0.1933,0.4525,0.0,0.236,-0.0,0.8379,0.253,1.998310177208817e-05,145.5,0.46
849,1790894416.8122783,-0.2449,0.0389,-0.5264,-0.0714,0.1197,0.1184,0.1807,0.1477,0.486,0.0623,0.0772,0.0,0.2251,0.4544,0.0,0.279,-0.0,0.8752,0.0,1.998310177208817e-05,193.1,0.44
850,1790894417.3067605,-0.2789,0.0316,-0.461,-0.0749,0.1385,0.1314,0.1848,0.1577,0.6059,0.0534,0.0761,0.0,0.1888,0.4569,0.0,0.268,-0.0,0.8752,0.0,1.998310177208817e-05,217.1,0.49
851,1790894419.627906,-0.242,0.0462,-0.5424,-0.0,0.1273,0.106,0.1904,0.1463,0.4782,0.0844,0.0702,-0.0,0.1814,0.4196,0.0,0.207,0.0,0.8379,0.0,1.998310177208817e-05,79.3,0.67
852,1790894420.1933103,-0.2599,0.0303,-0.4549,-0.0641,0.1388,0.1266,0.1802,0.1525,0.5372,0.0535,0.0849,0.0,0.2368,0.503,0.0,0.282,-0.0,0.8752,0.211,1.9982552431806554e-05,140.2,0.56
853,1790894420.6558037,-0.2765,0.0385,-0.4974,-0.0549,0.1451,0.1382,0.1987,0.168,0.5424,0.0606,0.0933,-0.0,0.2241,0.5622,0.0,0.301,0.0,0.8752,0.0,1.9982552431806554e-05,211.3,0.46
854,1790894421.1231773,-0.2866,0.0363,-0.6311,-0.125,0.1296,0.1279,0.1887,0.1573,0.6466,0.0608,0.0717,-0.0,0.1815,0.4294,0.0,0.266,0.0,0.8752,0.0,1.9982552431806554e-05,258.5,0.47
855,1790894421.5882034,-0.246,0.0565,-0.5798,-0.0,0.1003,0.0942,0.1865,0.1405,0.5273,0.0923,0.0779,-0.0,0.2426,0.4544,0.0,0.237,0.0,0.8379,0.0,1.9982552431806554e-05,103.4,0.46
856,1790894422.0641189,-0.2828,0.0377,-0.6408,-0.1121,0.1431,0.139,0.1983,0.1668,0.5799,0.0593,0.0732,-0.0,0.1668,0.4434,0.0,0.246,0.0,0.8752,0.214,1.9981994312390504e-05,136.0,0.47
857,1790894422.5162053,-0.2302,0.0417,-0.5857,-0.0441,0.1032,0.0961,0.1661,0.1311,0.4954,0.0701,0.0613,-0.0,0.2066,0.3534,0.0,0.24,0.0,0.8752,0.0,1.9981994312390504e-05,198.0,0.45
858,1790894423.0138786,-0.2795,0.036,-0.4934,-0.0333,0.1379,0.1337,0.1961,0.1637,0.5789,0.0624,0.0881,-0.0,0.2253,0.5272,0.0,0.274,0.0,0.8752,0.0,1.9981994312390504e-05,215.0,0.5
859,1790894423.4396977,-0.2526,0.0567,-0.7714,-0.0577,0.1347,0.1193,0.209,0.1614,0.4562,0.0897,0.0668,0.0,0.1664,0.4013,0.0,0.173,0.0,0.8379,0.0,1.9981994312390504e-05,108.8,0.42
860,1790894423.8832963,-0.2575,0.0404,-0.4355,-0.0808,0.1294,0.1216,0.1851,0.1533,0.5212,0.0635,0.0932,-0.0,0.1508,0.5809,0.0,0.25,0.0,0.8752,0.258,1.9981427414330857e-05,159.7,0.44
861,1790894424.309658,-0.2579,0.0403,-0.6194,-0.0515,0.1291,0.119,0.1788,0.151,0.5341,0.0597,0.0771,-0.0,0.2191,0.4556,0.0,0.271,0.0,0.8752,0.0,1.9981427414330857e-05,192.1,0.42
862,1790894424.7738614,-0.241,0.0395,-0.4866,-0.0906,0.1122,0.1089,0.1698,0.1407,0.5013,0.0609,0.0653,-0.0,0.1999,0.382,0.0,0.261,0.0,0.8752,0.0,1.9981427414330857e-05,238.3,0.46
863,1790894425.1893616,-0.1732,0.0422,-0.3881,-0.0,0.0782,0.0689,0.1363,0.0983,0.3747,0.0674,0.0507,0.0,0.1971,0.2854,0.0,0.177,-0.0,0.7989,0.0,1.9981427414330857e-05,124.6,0.41
864,1790894425.6356218,-0.2526,0.0471,-0.4727,-0.0848,0.1294,0.1115,0.1898,0.1467,0.5296,0.0783,0.0683,-0.0,0.1941,0.4032,0.0,0.221,0.0,0.8752,0.193,1.998085173812617e-05,166.8,0.44
865,1790894426.1129515,-0.2626,0.0383,-0.5476,-0.0926,0.127,0.1236,0.19,0.1571,0.5278,0.0664,0.0788,-0.0,0.2099,0.4691,0.0,0.28,0.0,0.8752,0.0,1.998085173812617e-05,187.1,0.47
866,1790894426.5794897,-0.3181,0.0338,-0.5494,-0.1255,0.1644,0.1541,0.213,0.1833,0.6744,0.0589,0.0875,0.0,0.1843,0.534,0.0,0.284,-0.0,0.8752,0.0,1.998085173812617e-05,240.5,0.46
867,1790894427.026123,-0.2474,0.0433,-0.4778,-0.0944,0.1161,0.1075,0.1731,0.141,0.5322,0.0656,0.085,-0.0,0.1878,0.5164,0.0,0.225,-0.0,0.8752,0.0,1.998085173812617e-05,117.7,0.44
868,1790894427.5095935,-0.1783,0.0394,-0.3667,-0.0,0.072,0.0615,0.1178,0.0897,0.4429,0.0563,0.0402,0.0,0.1609,0.225,0.0,0.209,-0.0,0.8752,0.199,1.9980267284282718e-05,148.2,0.48
869,1790894427.9624212,-0.2123,0.0354,-0.3379,-0.055,0.101,0.0947,0.1525,0.1247,0.4381,0.0577,0.0639,-0.0,0.2135,0.369,0.0,0.255,0.0,0.8752,0.0,1.9980267284282718e-05,197.7,0.45
870,1790894428.4439087,-0.2998,0.0382,-0.4897,-0.1316,0.1491,0.1444,0.2048,0.1744,0.627,0.0604,0.0855,0.0,0.2179,0.5116,0.0,0.276,-0.0,0.8752,0.0,1.9980267284282718e-05,241.7,0.48
871,1790894428.871596,-0.2316,0.0523,-0.5333,-0.0708,0.1094,0.0992,0.1713,0.1323,0.4966,0.0721,0.0542,-0.0,0.2,0.3082,0.0,0.21,0.0,0.8752,0.0,1.9980267284282718e-05,123.6,0.42
872,1790894429.34988,-0.313,0.0476,-0.6524,-0.0495,0.1539,0.1512,0.2378,0.1917,0.6066,0.0866,0.0978,-0.0,0.1741,0.6057,0.0,0.282,0.0,0.8752,0.22,1.99796740533145e-05,159.4,0.48
873,1790894429.8446834,-0.2202,0.0371,-0.3902,-0.0477,0.0993,0.0965,0.1541,0.1284,0.4592,0.0576,0.0575,0.0,0.2395,0.3194,0.0,0.264,-0.0,0.8752,0.0,1.99796740533145e-05,190.3,0.49
874,1790894430.3749158,-0.2713,0.036,-0.4153,-0.1001,0.1212,0.1206,0.1813,0.1542,0.5856,0.0608,0.0809,0.0,0.1777,0.4919,0.0,0.285,-0.0,0.8752,0.0,1.99796740533145e-05,252.5,0.53
875,1790894430.855209,-0.2934,0.0613,-0.5478,-0.0435,0.1569,0.1302,0.2244,0.1748,0.5929,0.0942,0.083,0.0,0.1742,0.5068,0.0,0.254,-0.0,0.8752,0.0,1.99796740533145e-05,117.3,0.48
876,1790894433.1787007,-0.2962,0.0301,-0.4612,-0.0341,0.1595,0.1517,0.2032,0.1796,0.5827,0.0515,0.0857,-0.0,0.1849,0.5219,0.0,0.256,0.0,0.8752,0.214,1.997907204574323e-05,109.7,0.67
877,1790894433.6513512,-0.2372,0.0466,-0.4018,-0.079,0.1051,0.0974,0.1719,0.1328,0.5218,0.0744,0.0597,-0.0,0.206,0.3429,0.0,0.26,0.0,0.8752,0.0,1.997907204574323e-05,200.2,0.47
878,1790894434.1043327,-0.2454,0.0399,-0.4236,-0.0739,0.1144,0.1098,0.1667,0.1416,0.5188,0.0568,0.066,0.0,0.1838,0.391,0.0,0.243,-0.0,0.8752,0.0,1.997907204574323e-05,254.9,0.45
879,1790894434.54715,-0.2252,0.0404,-0.4,-0.0,0.1144,0.1001,0.1644,0.1323,0.4643,0.0643,0.0615,-0.0,0.2265,0.3498,0.0,0.201,0.0,0.8752,0.0,1.997907204574323e-05,117.4,0.44
880,1790894435.0213552,-0.2533,0.0433,-0.4449,-0.0686,0.13,0.114,0.1778,0.1498,0.5173,0.0638,0.065,-0.0,0.1743,0.3869,0.0,0.211,0.0,0.8752,0.202,1.9978461262098342e-05,153.4,0.47
881,1790894435.4867585,-0.2294,0.0498,-0.4523,-0.0599,0.1008,0.0984,0.1645,0.1283,0.5051,0.0661,0.0563,-0.0,0.1699,0.3298,0.0,0.27,0.0,0.8752,0.0,1.9978461262098342e-05,192.7,0.46
882,1790894435.9759462,-0.2696,0.0418,-0.4473,-0.0991,0.1365,0.1276,0.1947,0.1576,0.5602,0.0672,0.0831,-0.0,0.1854,0.5046,0.0,0.267,0.0,0.8752,0.0,1.9978461262098342e-05,222.5,0.49
883,1790894436.409805,-0.2084,0.0703,-0.7833,-0.0,0.0953,0.0875,0.1936,0.1335,0.3744,0.1061,0.0838,-0.0,0.2005,0.5054,0.0,0.211,-0.0,0.8752,0.0,1.9978461262098342e-05,102.8,0.43
884,1790894436.8955612,-0.2657,0.0415,-0.4641,-0.0341,0.1404,0.1263,0.1966,0.1602,0.5279,0.0703,0.0772,0.0,0.1943,0.4628,0.0,0.258,-0.0,0.8752,0.213,1.9977841702916992e-05,133.1,0.48
885,1790894437.3629117,-0.259,0.0409,-0.499,-0.0713,0.1262,0.124,0.1885,0.1558,0.5162,0.0644,0.0786,0.0,0.29,0.447,0.0,0.315,-0.0,0.8752,0.0,1.9977841702916992e-05,185.8,0.46
886,1790894437.8677514,-0.2708,0.0355,-0.4779,-0.052,0.1339,0.1298,0.191,0.1586,0.5607,0.0612,0.0785,-0.0,0.1792,0.4754,0.0,0.268,0.0,0.8752,0.0,1.9977841702916992e-05,213.1,0.5
887,1790894438.3303409,-0.2187,0.0448,-0.4857,-0.0,0.1057,0.1018,0.1665,0.1307,0.44,0.0647,0.0739,-0.0,0.221,0.4335,0.0,0.203,0.0,0.8752,0.0,1.9977841702916992e-05,104.5,0.46
888,1790894438.7894359,-0.2683,0.0349,-0.5484,-0.0764,0.1267,0.1267,0.1833,0.1514,0.5842,0.0566,0.0665,0.0,0.1699,0.3979,0.0,0.286,-0.0,0.8752,0.188,1.9977213368744048e-05,160.2,0.46
889,1790894439.2672896,-0.2565,0.0465,-0.4825,-0.0491,0.1151,0.1101,0.1859,0.1494,0.5355,0.0759,0.0749,-0.0,0.2462,0.4336,0.0,0.299,0.0,0.8752,0.0,1.9977213368744048e-05,193.1,0.48
890,1790894439.7843099,-0.243,0.0302,-0.5419,-0.073,0.1139,0.1113,0.1593,0.1345,0.5426,0.0481,0.0686,0.0,0.2014,0.4039,0.0,0.234,-0.0,0.8752,0.0,1.9977213368744048e-05,208.7,0.51
891,1790894440.252588,-0.321,0.0446,-0.8429,-0.0553,0.1713,0.1701,0.2463,0.2034,0.5878,0.0761,0.0934,0.0,0.2088,0.5671,0.0,0.255,-0.0,0.8752,0.0,1.9977213368744048e-05,93.2,0.46
892,1790894440.771712,-0.2636,0.0365,-0.5818,-0.0,0.134,0.127,0.1921,0.16,0.5182,0.0651,0.0851,-0.0,0.1794,0.5197,0.0,0.275,0.0,0.8752,0.279,1.9976576260132097e-05,159.4,0.52
893,1790894441.1815522,-0.3003,0.0325,-0.4714,-0.0599,0.1543,0.1543,0.2084,0.1822,0.5905,0.054,0.0939,0.0,0.2725,0.5532,0.0,0.341,-0.0,0.8752,0.0,1.9976576260132097e-05,234.9,0.41
894,1790894441.6395764,-0.2922,0.0376,-0.515,-0.163,0.1436,0.1417,0.2058,0.1755,0.5836,0.0642,0.0889,0.0,0.2198,0.5338,0.0,0.302,-0.0,0.8752,0.0,1.9976576260132097e-05,257.9,0.45
895,1790894442.078492,-0.1903,0.0348,-0.7286,-0.0,0.0954,0.0892,0.1461,0.1151,0.3763,0.0569,0.0548,-0.0,0.1685,0.3207,0.0,0.201,0.0,0.8752,0.0,1.9976576260132097e-05,138.6,0.44
896,1790894442.5430257,-0.2611,0.041,-0.6212,-0.0463,0.13,0.1205,0.1876,0.1532,0.5396,0.0671,0.0735,-0.0,0.1503,0.4498,0.0,0.253,0.0,0.8752,0.203,1.9975930377641442e-05,171.3,0.46
897,1790894443.014129,-0.2577,0.0367,-0.4103,-0.0739,0.1267,0.119,0.1795,0.1484,0.5466,0.0604,0.077,-0.0,0.1868,0.4634,0.0,0.264,0.0,0.8752,0.0,1.9975930377641442e-05,196.6,0.47
898,1790894443.54037,-0.2712,0.0392,-0.4418,-0.0675,0.1242,0.1242,0.1883,0.156,0.5756,0.064,0.0742,0.0,0.1553,0.4536,0.0,0.262,-0.0,0.8752,0.0,1.9975930377641442e-05,246.0,0.52
899,1790894443.9719024,-0.2108,0.0431,-0.4111,-0.0,0.1055,0.084,0.1464,0.1191,0.4588,0.0624,0.0514,0.0,0.1639,0.2987,0.0,0.208,-0.0,0.8752,0.0,1.9975930377641442e-05,127.1,0.43
900,1790894444.4041884,-0.2515,0.0362,-0.4501,-0.0305,0.1261,0.1198,0.1782,0.1508,0.5035,0.0583,0.071,0.0,0.2349,0.4107,0.0,0.287,-0.0,0.8752,0.192,1.9975275721840105e-05,185.0,0.43
901,1790894446.9509223,-0.2117,0.0267,-0.3966,-0.1033,0.108,0.1048,0.1492,0.1238,0.4394,0.0444,0.0656,-0.0,0.2075,0.382,0.0,0.224,0.0,0.8752,0.0,1.9975275721840105e-05,149.6,0.63
902,1790894447.4408684,-0.2476,0.0334,-0.5365,-0.0795,0.1157,0.1141,0.1611,0.1385,0.5456,0.0469,0.0666,0.0,0.1794,0.396,0.0,0.254,-0.0,0.8752,0.0,1.9975275721840105e-05,238.0,0.49
903,1790894447.8711782,-0.227,0.0446,-0.5148,-0.0,0.0993,0.092,0.1672,0.1281,0.4947,0.0752,0.0566,-0.0,0.1709,0.3318,0.0,0.217,0.0,0.8752,0.0,1.9975275721840105e-05,127.7,0.43
904,1790894448.3153255,-0.2872,0.0353,-0.579,-0.1353,0.1503,0.1424,0.2038,0.1715,0.5785,0.0614,0.0864,0.0,0.2325,0.514,0.0,0.285,-0.0,0.8752,0.216,1.9974612293303816e-05,174.5,0.44
905,1790894448.7790534,-0.3162,0.0356,-0.5565,-0.1146,0.1736,0.1695,0.2308,0.2004,0.5791,0.0612,0.1049,-0.0,0.2935,0.6208,0.0,0.31,0.0,0.8752,0.0,1.9974612293303816e-05,198.0,0.46
906,1790894449.2536511,-0.2331,0.037,-0.4595,-0.0491,0.106,0.1018,0.1552,0.1293,0.5192,0.0534,0.0652,0.0,0.1958,0.3828,0.0,0.265,-0.0,0.8752,0.0,1.9974612293303816e-05,242.4,0.47
907,1790894449.7044368,-0.2813,0.047,-0.5214,-0.0571,0.1477,0.1291,0.2043,0.1661,0.5758,0.0752,0.0849,0.0,0.2089,0.5103,0.0,0.234,-0.0,0.8752,0.0,1.9974612293303816e-05,100.7,0.45
908,1790894450.161725,-0.2286,0.0414,-0.4607,-0.0407,0.1162,0.1071,0.1716,0.1376,0.455,0.0645,0.0652,-0.0,0.1912,0.3837,0.0,0.231,0.0,0.8752,0.233,1.9973940092616034e-05,158.5,0.46
909,1790894450.585691,-0.2477,0.0462,-0.5441,-0.0607,0.1206,0.1186,0.1887,0.1494,0.4916,0.0701,0.0771,0.0,0.217,0.4562,0.0,0.266,-0.0,0.8752,0.0,1.9973940092616034e-05,212.4,0.42
910,1790894451.0566957,-0.2647,0.0284,-0.3939,-0.0485,0.1336,0.1286,0.177,0.1555,0.546,0.0484,0.0736,-0.0,0.2067,0.4357,0.0,0.272,0.0,0.8752,0.0,1.9973940092616034e-05,257.9,0.47
911,1790894451.5341296,-0.2188,0.0491,-0.4643,-0.0663,0.1102,0.0957,0.1677,0.1316,0.4359,0.072,0.0718,-0.0,0.2038,0.4246,0.0,0.215,0.0,0.8752,0.0,1.9973940092616034e-05,98.5,0.47
912,1790894451.9902184,-0.2718,0.0384,-0.5651,-0.0527,0.1455,0.1384,0.2047,0.1711,0.5034,0.0663,0.0896,0.0,0.1904,0.5467,0.0,0.285,-0.0,0.8752,0.231,1.9973259120367917e-05,155.8,0.45
913,1790894452.377229,-0.3065,0.037,-0.5795,-0.1376,0.1611,0.1546,0.2192,0.1848,0.6089,0.0646,0.0921,-0.0,0.2305,0.5528,0.0,0.299,0.0,0.8752,0.0,1.9973259120367917e-05,228.9,0.39
914,1790894452.891754,-0.2413,0.0429,-0.481,-0.0245,0.1071,0.1055,0.1675,0.1379,0.5166,0.062,0.0737,-0.0,0.2523,0.4239,0.0,0.259,0.0,0.8752,0.0,1.9973259120367917e-05,209.2,0.51
915,1790894453.369049,-0.2589,0.0562,-0.5944,-0.0733,0.1242,0.1183,0.2162,0.1588,0.5006,0.0979,0.071,-0.0,0.1884,0.4234,0.0,0.265,0.0,0.8752,0.0,1.9973259120367917e-05,106.0,0.47
916,1790894453.8385296,-0.2319,0.0323,-0.5,-0.0314,0.116,0.109,0.1605,0.1341,0.4892,0.0515,0.0681,0.0,0.2296,0.3926,0.0,0.26,-0.0,0.8752,0.208,1.997256937715835e-05,189.6,0.47
917,1790894454.2294338,-0.3172,0.0381,-0.5432,-0.1548,0.1578,0.1506,0.2238,0.1884,0.6438,0.0732,0.1091,0.0,0.2325,0.6653,0.0,0.296,-0.0,0.8783,0.0,1.997256937715835e-05,214.9,0.39
918,1790894454.721545,-0.2146,0.0463,-0.5913,-0.0,0.1133,0.097,0.1717,0.1309,0.4183,0.0747,0.0788,0.0,0.1962,0.4729,0.0,0.196,-0.0,0.8379,0.0,1.997256937715835e-05,90.4,0.49
919,1790894455.1749096,-0.2397,0.0477,-0.4714,-0.0432,0.1038,0.0992,0.1735,0.1356,0.5209,0.0743,0.0635,-0.0,0.2307,0.3619,0.0,0.289,0.0,0.8752,0.0,1.997256937715835e-05,163.1,0.45
920,1790894455.6688545,-0.3004,0.047,-0.4814,-0.0241,0.1453,0.1411,0.2219,0.1832,0.5856,0.0808,0.0867,0.0,0.1919,0.5267,0.0,0.273,-0.0,0.8752,0.639,1.9971870863593924e-05,192.6,0.49
921,1790894456.120169,-0.2275,0.0354,-0.4625,-0.0665,0.0972,0.0945,0.1568,0.1263,0.5058,0.0623,0.0666,0.0,0.212,0.3873,0.0,0.254,-0.0,0.8752,0.0,1.9971870863593924e-05,250.6,0.45
922,1790894456.6037815,-0.1848,0.0444,-0.4259,-0.0,0.0839,0.0747,0.1345,0.0994,0.4271,0.0597,0.0442,-0.0,0.1909,0.2435,0.0,0.19,0.0,0.8752,0.0,1.9971870863593924e-05,100.3,0.48
923,1790894457.0590596,-0.2693,0.0348,-0.5402,-0.0892,0.1422,0.1346,0.1895,0.1602,0.5453,0.0549,0.0861,0.0,0.1647,0.5298,0.0,0.261,-0.0,0.8752,0.0,1.9971870863593924e-05,155.5,0.45
924,1790894457.5134895,-0.2748,0.0436,-0.4897,-0.0647,0.1309,0.1275,0.1971,0.1608,0.5699,0.0696,0.0756,0.0,0.2253,0.444,0.0,0.277,-0.0,0.8752,0.193,1.9971163580288948e-05,205.3,0.45
925,1790894458.038525,-0.2625,0.0394,-0.4746,-0.1001,0.1106,0.1093,0.1701,0.1435,0.5948,0.0608,0.0688,0.0,0.2045,0.4041,0.0,0.255,-0.0,0.8752,0.0,1.9971163580288948e-05,224.9,0.52
926,1790894460.2685149,-0.2235,0.0477,-0.4583,-0.0,0.1049,0.0938,0.1772,0.1318,0.4581,0.0834,0.0695,-0.0,0.1766,0.4165,0.0,0.227,0.0,0.8752,0.0,1.9971163580288948e-05,93.3,0.58
927,1790894460.8444202,-0.2152,0.0355,-0.401,-0.0,0.1146,0.1088,0.1577,0.1336,0.4081,0.0488,0.0811,-0.0,0.297,0.4616,0.0,0.252,0.0,0.8752,0.0,1.9971163580288948e-05,148.4,0.57
928,1790894461.2998698,-0.2454,0.0337,-0.4695,-0.0263,0.1189,0.1136,0.1724,0.1414,0.52,0.0588,0.0716,0.0,0.2494,0.4109,0.0,0.255,-0.0,0.8752,0.18,1.9970447527865437e-05,221.5,0.45
929,1790894461.8240144,-0.2657,0.0385,-0.5057,-0.0903,0.1304,0.1291,0.1907,0.1584,0.5363,0.0616,0.0828,0.0,0.2203,0.4931,0.0,0.261,-0.0,0.8752,0.0,1.9970447527865437e-05,240.0,0.52
930,1790894462.2565477,-0.249,0.0516,-0.5078,-0.0,0.1322,0.1068,0.1899,0.1467,0.5117,0.0832,0.0759,-0.0,0.2358,0.443,0.0,0.22,0.0,0.8379,0.0,1.9970447527865437e-05,123.3,0.43
931,1790894462.7171803,-0.2257,0.034,-0.3722,-0.0341,0.1164,0.099,0.1538,0.1281,0.4882,0.0548,0.0613,0.0,0.176,0.3617,0.0,0.22,-0.0,0.8752,0.0,1.9970447527865437e-05,154.2,0.46
932,1790894463.1711113,-0.2418,0.0297,-0.4519,-0.0849,0.117,0.1144,0.1727,0.1436,0.4908,0.0583,0.0824,0.0,0.2261,0.4894,0.0,0.29,-0.0,0.8752,0.213,1.996972270695312e-05,201.0,0.45
933,1790894463.6457274,-0.2563,0.0387,-0.4192,-0.1068,0.119,0.1155,0.1726,0.1456,0.5535,0.0572,0.0718,-0.0,0.1855,0.4295,0.0,0.23,0.0,0.8752,0.0,1.996972270695312e-05,234.7,0.47
934,1790894464.051417,-0.1909,0.0593,-0.4278,-0.0,0.0843,0.0798,0.1624,0.1113,0.3978,0.0826,0.066,-0.0,0.2362,0.3771,0.0,0.195,0.0,0.8752,0.0,1.996972270695312e-05,117.7,0.4
935,1790894464.566762,-0.2429,0.0441,-0.5313,-0.0511,0.1211,0.1094,0.194,0.1495,0.467,0.0846,0.0713,-0.0,0.1933,0.4238,0.0,0.233,0.0,0.8752,0.0,1.996972270695312e-05,141.1,0.51
936,1790894465.0610156,-0.2286,0.0351,-0.5083,-0.0304,0.1022,0.1011,0.1542,0.1272,0.5066,0.0531,0.0649,-0.0,0.2204,0.3737,0.0,0.248,0.0,0.8752,0.219,1.996898911818945e-05,177.1,0.49
937,1790894465.5153775,-0.2742,0.0395,-0.5601,-0.0607,0.1352,0.1302,0.1992,0.1648,0.5467,0.069,0.089,0.0,0.253,0.526,0.0,0.258,-0.0,0.8752,0.0,1.996898911818945e-05,231.4,0.45
938,1790894465.965638,-0.3374,0.0457,-0.61,-0.0835,0.1902,0.1708,0.2556,0.2121,0.6264,0.0848,0.1153,-0.0,0.2443,0.7036,0.0,0.292,0.0,0.8379,0.0,1.996898911818945e-05,103.7,0.45
939,1790894466.4341042,-0.2404,0.0389,-0.4933,-0.0348,0.1178,0.1107,0.1768,0.1408,0.498,0.0661,0.065,0.0,0.1932,0.3815,0.0,0.224,-0.0,0.8752,0.0,1.996898911818945e-05,160.7,0.46
940,1790894466.9330487,-0.2411,0.0344,-0.4136,-0.1006,0.1215,0.1131,0.1692,0.1406,0.5025,0.0561,0.0667,-0.0,0.2681,0.3732,0.0,0.262,0.0,0.8752,0.212,1.9968246762219564e-05,170.8,0.5
941,1790894467.4727547,-0.2706,0.0291,-0.4339,-0.1159,0.1333,0.1311,0.1799,0.1554,0.5759,0.0489,0.0746,0.0,0.1718,0.4514,0.0,0.264,-0.0,0.8752,0.0,1.9968246762219564e-05,217.3,0.53
942,1790894467.9625404,-0.2405,0.0441,-0.6036,-0.0553,0.1442,0.1132,0.186,0.1497,0.4538,0.0728,0.0729,0.0,0.188,0.4361,0.0,0.205,-0.0,0.8752,0.0,1.9968246762219564e-05,105.6,0.49
943,1790894468.40038,-0.2875,0.0403,-0.6627,-0.0744,0.1456,0.1406,0.2044,0.1714,0.5805,0.0638,0.0809,-0.0,0.1895,0.4885,0.0,0.279,0.0,0.8752,0.0,1.9968246762219564e-05,177.7,0.43
944,1790894468.9174414,-0.2749,0.043,-0.4681,-0.0483,0.1308,0.1286,0.1998,0.1647,0.5511,0.0713,0.0832,-0.0,0.2446,0.4893,0.0,0.284,0.0,0.8752,0.229,1.9967495639696335e-05,188.6,0.51
945,1790894469.4598436,-0.2712,0.0344,-0.4157,-0.129,0.1336,0.1291,0.1824,0.1548,0.582,0.0532,0.0789,-0.0,0.2533,0.4586,0.0,0.264,0.0,0.8752,0.0,1.9967495639696335e-05,211.5,0.54
946,1790894469.8896601,-0.1904,0.0364,-0.3933,-0.0,0.0965,0.0942,0.1505,0.116,0.3723,0.0563,0.0659,0.0,0.1916,0.3879,0.0,0.185,-0.0,0.8752,0.0,1.9967495639696335e-05,113.7,0.43
947,1790894470.3045168,-0.2422,0.0385,-0.4833,-0.05,0.1171,0.1152,0.1768,0.144,0.4913,0.0616,0.067,0.0,0.2447,0.3812,0.0,0.242,-0.0,0.8379,0.0,1.9967495639696335e-05,181.0,0.41
948,1790894470.7810905,-0.2774,0.043,-0.5289,-0.0613,0.1283,0.1216,0.2043,0.1641,0.5663,0.0828,0.0837,0.0,0.2409,0.4935,0.0,0.312,-0.0,0.8752,0.197,1.996673575128034e-05,192.4,0.47
949,1790894471.3013995,-0.2675,0.0277,-0.4661,-0.0628,0.132,0.1279,0.1778,0.1515,0.5798,0.0499,0.0791,-0.0,0.1873,0.4773,0.0,0.238,0.0,0.8752,0.0,1.996673575128034e-05,227.5,0.52
950,1790894471.771384,-0.1872,0.0432,-0.4833,-0.0,0.0873,0.0801,0.152,0.1107,0.3826,0.0718,0.0667,-0.0,0.1895,0.3939,0.0,0.203,0.0,0.8752,0.0,1.996673575128034e-05,101.3,0.47
951,1790894474.1594338,-0.2249,0.0401,-0.4147,-0.0744,0.1084,0.1038,0.1679,0.1332,0.4586,0.0641,0.0666,0.0,0.1946,0.392,0.0,0.233,-0.0,0.8752,0.0,1.996673575128034e-05,104.5,0.73
952,1790894474.6457822,-0.2153,0.0333,-0.3677,-0.0607,0.1019,0.0989,0.15,0.128,0.4364,0.051,0.0664,-0.0,0.2193,0.3843,0.0,0.252,0.0,0.8752,0.179,1.9965967097639854e-05,182.3,0.48
953,1790894475.115489,-0.3189,0.034,-0.5368,-0.1012,0.167,0.1547,0.2135,0.1838,0.6753,0.0588,0.0867,-0.0,0.1783,0.5308,0.0,0.277,0.0,0.8752,0.0,1.9965967097639854e-05,254.1,0.47
954,1790894475.5105505,-0.2231,0.0417,-0.4292,-0.0,0.1145,0.1026,0.1688,0.1297,0.4669,0.0662,0.0677,0.0,0.2083,0.3959,0.0,0.233,-0.0,0.8752,0.0,1.9965967097639854e-05,138.7,0.39
955,1790894475.9524598,-0.2316,0.0373,-0.3789,-0.0784,0.1121,0.1095,0.1718,0.1415,0.4504,0.0623,0.0843,-0.0,0.2173,0.5039,0.0,0.266,0.0,0.8752,0.0,1.9965967097639854e-05,176.9,0.44
956,1790894476.450855,-0.2583,0.0384,-0.4687,-0.0611,0.1252,0.1224,0.185,0.1525,0.5292,0.0626,0.077,0.0,0.2227,0.4542,0.0,0.268,-0.0,0.8752,0.211,1.996518967945087e-05,192.6,0.49
957,1790894476.901663,-0.2598,0.039,-0.5224,-0.0733,0.1163,0.1155,0.1799,0.1476,0.5611,0.0643,0.0683,-0.0,0.1687,0.4105,0.0,0.243,0.0,0.8752,0.0,1.996518967945087e-05,271.1,0.45
958,1790894477.3343816,-0.3079,0.0507,-0.7714,-0.0477,0.1722,0.154,0.2433,0.1989,0.5452,0.0892,0.1137,-0.0,0.1862,0.7085,0.0,0.271,0.0,0.8752,0.0,1.996518967945087e-05,115.4,0.43
959,1790894477.767178,-0.2363,0.0439,-0.4619,-0.0343,0.1095,0.1075,0.174,0.1398,0.4826,0.0664,0.0627,-0.0,0.1997,0.3648,0.0,0.233,0.0,0.8752,0.0,1.996518967945087e-05,161.6,0.43
960,1790894478.2418847,-0.2985,0.0379,-0.4681,-0.0762,0.1515,0.1485,0.2047,0.1775,0.605,0.0563,0.0819,0.0,0.2416,0.4816,0.0,0.299,-0.0,0.8752,0.224,1.9964403497397086e-05,186.1,0.47
961,1790894478.8059807,-0.2841,0.0344,-0.528,-0.1309,0.1375,0.1335,0.1867,0.1618,0.6112,0.0532,0.0774,-0.0,0.2154,0.4583,0.0,0.269,0.0,0.8752,0.0,1.9964403497397086e-05,224.8,0.56
962,1790894479.2937212,-0.2061,0.0448,-0.41,-0.0472,0.0941,0.0847,0.1505,0.1189,0.4363,0.0658,0.0502,0.0,0.1629,0.2911,0.0,0.196,-0.0,0.8752,0.0,1.9964403497397086e-05,102.7,0.48
963,1790894479.7478206,-0.2514,0.0327,-0.4909,-0.0499,0.1322,0.1245,0.1736,0.145,0.532,0.0491,0.0679,-0.0,0.1879,0.4026,0.0,0.247,0.0,0.8752,0.0,1.9964403497397086e-05,166.2,0.45
964,1790894480.245069,-0.2031,0.0366,-0.3317,-0.075,0.0852,0.083,0.1382,0.1122,0.4545,0.0552,0.0558,0.0,0.2527,0.3046,0.0,0.247,-0.0,0.8752,0.237,1.9963608552169907e-05,180.0,0.49
965,1790894480.789238,-0.2328,0.041,-0.3885,-0.1042,0.0999,0.0999,0.162,0.1305,0.5114,0.0621,0.0635,-0.0,0.1816,0.3746,0.0,0.241,0.0,0.8752,0.0,1.9963608552169907e-05,219.0,0.54
966,1790894481.2437189,-0.2283,0.044,-0.5206,-0.0,0.1122,0.1101,0.1797,0.1419,0.4323,0.0695,0.0796,0.0,0.1773,0.4837,0.0,0.248,-0.0,0.8752,0.0,1.9963608552169907e-05,124.4,0.45
967,1790894481.6677732,-0.2699,0.0331,-0.5225,-0.0523,0.1344,0.1312,0.1932,0.1629,0.5349,0.062,0.0772,0.0,0.2029,0.4602,0.0,0.255,0.0,0.8752,0.0,1.9963608552169907e-05,188.6,0.42
968,1790894482.1941414,-0.2946,0.0409,-0.5014,-0.09,0.146,0.1412,0.2047,0.173,0.608,0.0635,0.0848,0.0,0.3143,0.4817,0.0,0.297,-0.0,0.8752,0.201,1.9962804844468452e-05,183.1,0.52
969,1790894482.6837697,-0.2231,0.0378,-0.4029,-0.0358,0.0998,0.0967,0.1529,0.1235,0.4979,0.0562,0.0568,-0.0,0.2274,0.3183,0.0,0.234,0.0,0.8752,0.0,1.9962804844468452e-05,241.8,0.49
970,1790894483.1447778,-0.2066,0.0473,-0.4887,-0.0,0.0944,0.0827,0.1642,0.1196,0.4349,0.0815,0.0537,-0.0,0.221,0.2991,0.0,0.199,0.0,0.8752,0.0,1.9962804844468452e-05,110.1,0.46
971,1790894483.5873234,-0.3186,0.0461,-0.5944,-0.0639,0.1556,0.1489,0.2283,0.1878,0.6539,0.0794,0.0913,-0.0,0.1863,0.559,0.0,0.323,0.0,0.8752,0.0,1.9962804844468452e-05,170.3,0.44
972,1790894484.0697653,-0.267,0.0403,-0.4136,-0.1462,0.1124,0.1124,0.1795,0.1505,0.5829,0.0671,0.072,0.0,0.2974,0.401,0.0,0.296,-0.0,0.8752,0.232,1.9961992374999532e-05,187.4,0.48
973,1790894484.5713074,-0.241,0.0397,-0.4646,-0.075,0.1117,0.1088,0.1655,0.1342,0.5341,0.0566,0.0703,-0.0,0.1889,0.4185,0.0,0.238,0.0,0.8752,0.0,1.9961992374999532e-05,218.6,0.5
974,1790894485.0191867,-0.2332,0.0455,-0.4813,-0.0,0.1242,0.1039,0.1824,0.1432,0.45,0.0785,0.0613,0.0,0.1675,0.3638,0.0,0.196,-0.0,0.8379,0.0,1.9961992374999532e-05,123.2,0.44
975,1790894485.4879527,-0.243,0.0362,-0.5175,-0.0582,0.117,0.1118,0.1691,0.1392,0.5193,0.0573,0.0702,-0.0,0.2342,0.4057,0.0,0.248,0.0,0.8752,0.0,1.9961992374999532e-05,161.5,0.47
976,1790894487.8207364,-0.1981,0.0408,-0.4246,-0.0283,0.0924,0.0884,0.1509,0.1163,0.409,0.0625,0.0589,0.0,0.271,0.3206,0.0,0.249,-0.0,0.8752,0.201,1.9961171144477677e-05,138.1,0.65
977,1790894488.3665955,-0.3016,0.036,-0.4633,-0.0263,0.1424,0.1398,0.1987,0.1704,0.6563,0.0589,0.085,0.0,0.1965,0.5143,0.0,0.273,-0.0,0.8752,0.0,1.9961171144477677e-05,217.3,0.54
978,1790894488.808786,-0.2273,0.0426,-0.5902,-0.0,0.1307,0.1095,0.177,0.1353,0.4599,0.0674,0.0695,0.0,0.1891,0.4131,0.0,0.206,-0.0,0.8379,0.0,1.9961171144477677e-05,94.5,0.44
979,1790894489.2242339,-0.2319,0.0305,-0.4152,-0.0665,0.1193,0.1171,0.1609,0.1362,0.4784,0.0438,0.0657,-0.0,0.2295,0.3767,0.0,0.249,0.0,0.8752,0.0,1.9961171144477677e-05,166.0,0.41
980,1790894489.682855,-0.2416,0.0382,-0.5471,-0.0549,0.1222,0.1134,0.1765,0.1452,0.4817,0.0631,0.0796,0.0,0.2296,0.4692,0.0,0.258,-0.0,0.8752,0.234,1.9960341153625114e-05,201.4,0.46
981,1790894490.1243644,-0.2718,0.0343,-0.4697,-0.1264,0.1289,0.1282,0.1842,0.1578,0.5699,0.056,0.079,-0.0,0.2166,0.4688,0.0,0.261,0.0,0.8752,0.0,1.9960341153625114e-05,262.4,0.44
982,1790894490.5250802,-0.2378,0.0473,-0.4275,-0.0646,0.1135,0.1032,0.1733,0.1367,0.5054,0.0701,0.0754,-0.0,0.2612,0.4327,0.0,0.208,0.0,0.8379,0.0,1.9960341153625114e-05,114.0,0.4
983,1790894490.950649,-0.1782,0.036,-0.5048,-0.0,0.0836,0.0714,0.1281,0.0988,0.397,0.0567,0.0433,-0.0,0.1715,0.2431,0.0,0.208,0.0,0.8379,0.0,1.9960341153625114e-05,160.0,0.42
984,1790894491.4478326,-0.2626,0.0462,-0.52,-0.0,0.1161,0.1088,0.1848,0.1522,0.5525,0.076,0.0688,-0.0,0.2716,0.3862,0.0,0.292,0.0,0.8752,0.205,1.995950240317178e-05,164.3,0.49
985,1790894491.935969,-0.2528,0.0378,-0.4151,-0.0926,0.1127,0.1127,0.174,0.1433,0.5474,0.0613,0.0655,0.0,0.1969,0.3839,0.0,0.245,-0.0,0.8752,0.0,1.995950240317178e-05,220.0,0.49
986,1790894492.391962,-0.2836,0.0523,-0.7,-0.0478,0.1369,0.1304,0.2147,0.1701,0.5673,0.0844,0.0695,-0.0,0.1734,0.4169,0.0,0.206,0.0,0.8752,0.0,1.995950240317178e-05,112.6,0.45
987,1790894492.8297625,-0.2671,0.0446,-0.5429,-0.0703,0.1449,0.1314,0.2103,0.1654,0.5086,0.079,0.0925,0.0,0.2055,0.5616,0.0,0.229,-0.0,0.8752,0.0,1.995950240317178e-05,163.8,0.43
988,1790894493.2896123,-0.2341,0.0366,-0.5853,-0.0755,0.1091,0.1067,0.1692,0.1356,0.4923,0.0625,0.081,-0.0,0.1947,0.4883,0.0,0.252,0.0,0.8752,0.217,1.9958654893855306e-05,182.4,0.46
989,1790894493.769688,-0.2985,0.0367,-0.5265,-0.0733,0.1519,0.1502,0.2073,0.1783,0.6011,0.0571,0.0933,-0.0,0.1936,0.5705,0.0,0.298,0.0,0.8752,0.0,1.9958654893855306e-05,218.9,0.48
990,1790894494.2368286,-0.1935,0.0457,-0.5043,-0.0,0.0873,0.0779,0.1411,0.1123,0.4059,0.0633,0.0541,0.0,0.206,0.3059,0.0,0.18,-0.0,0.8379,0.0,1.9958654893855306e-05,105.0,0.46
991,1790894494.704322,-0.2271,0.0365,-0.4739,-0.0499,0.1325,0.1146,0.1698,0.1428,0.4217,0.0553,0.0691,-0.0,0.1739,0.414,0.0,0.252,0.0,0.8752,0.0,1.9958654893855306e-05,151.9,0.46
992,1790894495.1651068,-0.2279,0.0393,-0.4775,-0.0306,0.1057,0.1048,0.1587,0.1321,0.4793,0.054,0.0882,-0.0,0.2314,0.5261,0.0,0.245,0.0,0.8752,0.24,1.9957798626421036e-05,190.7,0.46
993,1790894495.6645727,-0.2949,0.0353,-0.6271,-0.0523,0.1457,0.1403,0.2005,0.1703,0.6229,0.0602,0.0905,0.0,0.251,0.5365,0.0,0.285,-0.0,0.8752,0.0,1.9957798626421036e-05,210.6,0.5
994,1790894496.1229777,-0.2561,0.047,-0.5774,-0.0762,0.1247,0.1125,0.19,0.15,0.5301,0.0775,0.0757,0.0,0.1707,0.4592,0.0,0.265,-0.0,0.8752,0.0,1.9957798626421036e-05,122.4,0.46
995,1790894496.5580654,-0.2915,0.0391,-0.4932,-0.0726,0.1412,0.1326,0.1963,0.167,0.6227,0.0637,0.1327,0.0,0.2122,0.8283,0.0,0.286,-0.0,0.8752,0.0,1.9957798626421036e-05,174.3,0.43
996,1790894497.0082326,-0.2509,0.0462,-0.4769,-0.0739,0.1258,0.1174,0.1876,0.1503,0.503,0.0703,0.0764,0.0,0.2716,0.4368,0.0,0.287,-0.0,0.8752,0.244,1.9956933601622012e-05,201.7,0.45
997,1790894497.4919178,-0.2228,0.0398,-0.4023,-0.0675,0.1,0.0935,0.1597,0.1263,0.4828,0.0662,0.0753,-0.0,0.2474,0.4359,0.0,0.26,0.0,0.8752,0.0,1.9956933601622012e-05,228.2,0.48
998,1790894497.9621375,-0.2265,0.0276,-0.55,-0.0657,0.1328,0.1225,0.1693,0.1412,0.4261,0.0468,0.0864,-0.0,0.22,0.5177,0.0,0.23,0.0,0.8379,0.0,1.9956933601622012e-05,112.1,0.47
999,1790894498.4488485,-0.2412,0.0429,-0.5111,-0.0499,0.1183,0.1081,0.1802,0.1421,0.4956,0.072,0.0764,0.0,0.188,0.4589,0.0,0.269,-0.0,0.8752,0.0,1.9956933601622012e-05,161.1,0.48
1000,1790894498.9576828,-0.2916,0.0478,-0.5468,-0.1176,0.1395,0.1343,0.2148,0.1754,0.581,0.0805,0.0948,-0.0,0.296,0.5528,0.0,0.306,0.0,0.8752,0.178,1.9956059820218982e-05,181.0,0.5
1001,1790894503.0603313,-0.2874,0.0313,-0.4965,-0.0779,0.1445,0.1421,0.1943,0.1676,0.5991,0.0522,0.0881,0.0,0.1753,0.5409,0.0,0.262,-0.0,0.8752,0.0,1.9956059820218982e-05,199.0,0.63
1002,1790894503.4854274,-0.252,0.0364,-0.6333,-0.0,0.1422,0.138,0.1916,0.1619,0.4506,0.0536,0.1152,-0.0,0.2535,0.7006,0.0,0.245,0.0,0.8379,0.0,1.9956059820218982e-05,108.9,0.42
1003,1790894503.8908722,-0.2344,0.0286,-0.4238,-0.0,0.1149,0.1049,0.1536,0.1296,0.5239,0.0487,0.0674,-0.0,0.234,0.3869,0.0,0.246,0.0,0.8752,0.0,1.9956059820218982e-05,173.6,0.4
1004,1790894504.324336,-0.2959,0.0309,-0.569,-0.1128,0.151,0.1476,0.2068,0.1789,0.5849,0.0592,0.0886,0.0,0.2159,0.5328,0.0,0.259,-0.0,0.8752,0.221,1.9955177282980388e-05,217.5,0.43
1005,1790894504.8552978,-0.2403,0.0407,-0.4079,-0.1171,0.1025,0.0978,0.1603,0.1308,0.5472,0.0625,0.0608,-0.0,0.179,0.3574,0.0,0.244,0.0,0.8752,0.0,1.9955177282980388e-05,232.7,0.53
1006,1790894505.268679,-0.225,0.0375,-0.6286,-0.0,0.1227,0.1053,0.168,0.1388,0.4311,0.0627,0.0867,0.0,0.2401,0.5138,0.0,0.231,-0.0,0.8379,0.0,1.9955177282980388e-05,137.6,0.41
1007,1790894505.737395,-0.2269,0.0295,-0.5717,-0.0384,0.1147,0.1112,0.157,0.1345,0.4621,0.0458,0.088,0.0,0.2178,0.5288,0.0,0.265,-0.0,0.8752,0.0,1.9955177282980388e-05,175.2,0.47
1008,1790894506.1938703,-0.2496,0.0435,-0.4461,-0.0,0.1224,0.1212,0.1889,0.152,0.4883,0.0676,0.0815,-0.0,0.24,0.4794,0.0,0.267,0.0,0.8752,0.183,1.9954285990682375e-05,206.6,0.45
1009,1790894506.701522,-0.233,0.0293,-0.3617,-0.0243,0.1092,0.1086,0.1583,0.1384,0.4728,0.0498,0.0697,0.0,0.2672,0.3935,0.0,0.267,-0.0,0.8752,0.0,1.9954285990682375e-05,235.6,0.51
1010,1790894507.1571963,-0.2684,0.056,-0.6313,-0.0708,0.1351,0.1154,0.2077,0.1558,0.5634,0.0923,0.0819,0.0,0.2584,0.4772,0.0,0.222,-0.0,0.8379,0.0,1.9954285990682375e-05,100.3,0.45
1011,1790894507.6600325,-0.2454,0.0395,-0.4933,-0.0662,0.1188,0.1142,0.1759,0.1433,0.5108,0.0616,0.0636,-0.0,0.2051,0.3692,0.0,0.248,0.0,0.8752,0.0,1.9954285990682375e-05,135.7,0.5
1012,1790894508.1649516,-0.2809,0.0359,-0.5813,-0.0308,0.1445,0.1398,0.1984,0.1703,0.5531,0.0586,0.084,-0.0,0.2296,0.499,0.0,0.269,0.0,0.8752,0.234,1.9953385944108785e-05,184.7,0.5
1013,1790894508.6375775,-0.2978,0.0352,-0.5043,-0.1146,0.1399,0.1369,0.2003,0.1702,0.6378,0.0634,0.0977,-0.0,0.2231,0.5922,0.0,0.27,0.0,0.8752,0.0,1.9953385944108785e-05,270.8,0.47
1014,1790894509.1192753,-0.2168,0.0509,-0.5061,-0.0686,0.0926,0.0856,0.1648,0.1243,0.4624,0.0793,0.0649,-0.0,0.1954,0.3808,0.0,0.247,0.0,0.8752,0.0,1.9953385944108785e-05,99.1,0.48
1015,1790894509.601075,-0.1884,0.0381,-0.349,-0.0,0.0806,0.0749,0.1296,0.1035,0.4241,0.0547,0.0563,-0.0,0.1959,0.3229,0.0,0.244,0.0,0.8752,0.0,1.9953385944108785e-05,152.7,0.48
1016,1790894510.112597,-0.1924,0.0357,-0.3472,-0.0524,0.0896,0.0812,0.1348,0.1082,0.4212,0.0536,0.0552,-0.0,0.2216,0.3089,0.0,0.239,0.0,0.8752,0.205,1.995247714405117e-05,183.1,0.51
1017,1790894510.625589,-0.2222,0.036,-0.4134,-0.0604,0.0917,0.0909,0.1508,0.1199,0.511,0.0599,0.0654,-0.0,0.1961,0.3838,0.0,0.248,0.0,0.8752,0.0,1.995247714405117e-05,230.6,0.51
1018,1790894511.0826979,-0.2006,0.0423,-0.4381,-0.0566,0.0822,0.0777,0.1298,0.107,0.4678,0.0521,0.0575,0.0,0.2155,0.3261,0.0,0.197,-0.0,0.8379,0.0,1.995247714405117e-05,111.2,0.45
1019,1790894511.5003378,-0.2366,0.0411,-0.3812,-0.0527,0.1166,0.1071,0.1713,0.1367,0.4997,0.0642,0.0562,0.0,0.1911,0.3235,0.0,0.236,-0.0,0.8752,0.0,1.995247714405117e-05,169.7,0.41
1020,1790894511.994074,-0.2576,0.0379,-0.4961,-0.0854,0.1194,0.1159,0.1804,0.1507,0.5344,0.0645,0.0714,-0.0,0.2566,0.4073,0.0,0.289,0.0,0.8752,0.193,1.9951559591308766e-05,187.3,0.49
1021,1790894512.5208313,-0.2412,0.0333,-0.5576,-0.0926,0.12,0.1172,0.1694,0.1426,0.4929,0.0522,0.0794,0.0,0.2572,0.461,0.0,0.269,-0.0,0.8752,0.0,1.9951559591308766e-05,211.4,0.52
1022,1790894512.967275,-0.2684,0.0504,-0.5571,-0.0,0.1324,0.1225,0.2062,0.1621,0.5314,0.0838,0.0907,-0.0,0.2062,0.5499,0.0,0.201,0.0,0.7989,0.0,1.9951559591308766e-05,102.5,0.44
1023,1790894513.3977382,-0.2226,0.035,-0.4137,-0.0,0.1175,0.1063,0.1657,0.1349,0.4387,0.0593,0.0702,-0.0,0.2563,0.3999,0.0,0.245,0.0,0.8752,0.0,1.9951559591308766e-05,171.0,0.43
1024,1790894513.8475847,-0.2836,0.0386,-0.566,-0.0578,0.1403,0.1352,0.2013,0.1675,0.5809,0.0661,0.0842,0.0,0.2237,0.5015,0.0,0.306,-0.0,0.8752,0.199,1.9950633286688515e-05,194.5,0.45
1025,1790894514.3951862,-0.2769,0.0368,-0.4289,-0.0981,0.1335,0.1311,0.1979,0.1663,0.5527,0.0668,0.0843,0.0,0.2148,0.5048,0.0,0.3,-0.0,0.8752,0.0,1.9950633286688515e-05,204.6,0.54
1026,1790894516.6411817,-0.222,0.0371,-0.4964,-0.0,0.1133,0.0958,0.1638,0.1303,0.4585,0.068,0.066,-0.0,0.2592,0.3706,0.0,0.233,0.0,0.8379,0.0,1.9950633286688515e-05,89.1,0.55
1027,1790894517.2156572,-0.2671,0.0402,-0.5981,-0.049,0.1329,0.1305,0.1999,0.1659,0.5058,0.0694,0.0814,-0.0,0.2492,0.4765,0.0,0.322,0.0,0.8752,0.0,1.9950633286688515e-05,131.4,0.57
1028,1790894517.7496257,-0.2692,0.0296,-0.4929,-0.1295,0.14,0.1323,0.1841,0.1563,0.5643,0.0519,0.0796,-0.0,0.2588,0.4614,0.0,0.267,0.0,0.8752,0.211,1.994969823100505e-05,167.1,0.53
1029,1790894518.1977463,-0.2597,0.0302,-0.3978,-0.073,0.1297,0.1207,0.1717,0.1454,0.5716,0.051,0.0717,0.0,0.2039,0.4236,0.0,0.271,-0.0,0.8752,0.0,1.994969823100505e-05,274.1,0.45
1030,1790894518.603514,-0.158,0.0379,-0.3392,-0.0,0.075,0.0694,0.1267,0.0938,0.3212,0.0573,0.067,-0.0,0.2288,0.3856,0.0,0.195,0.0,0.7989,0.0,1.994969823100505e-05,121.2,0.4
1031,1790894519.019627,-0.2262,0.0359,-0.5083,-0.0582,0.1057,0.1002,0.157,0.1287,0.4874,0.0568,0.0757,0.0,0.2073,0.4492,0.0,0.248,-0.0,0.8752,0.0,1.994969823100505e-05,176.7,0.41
1032,1790894519.4863365,-0.24,0.0345,-0.4683,-0.0,0.1046,0.0994,0.155,0.1296,0.5517,0.0555,0.0663,-0.0,0.2224,0.3828,0.0,0.248,0.0,0.8752,0.203,1.9948754425080712e-05,202.2,0.46
1033,1790894519.9850934,-0.2852,0.0342,-0.5827,-0.1397,0.1359,0.1324,0.188,0.16,0.626,0.0557,0.0805,0.0,0.182,0.4883,0.0,0.261,-0.0,0.8752,0.0,1.9948754425080712e-05,232.9,0.5
1034,1790894520.438729,-0.2405,0.0419,-0.4857,-0.0583,0.1171,0.1103,0.1763,0.1439,0.4828,0.0659,0.0701,-0.0,0.1863,0.4176,0.0,0.215,0.0,0.8752,0.0,1.9948754425080712e-05,126.4,0.45
1035,1790894520.9381998,-0.2004,0.0359,-0.3932,-0.09,0.0937,0.0913,0.1427,0.119,0.4071,0.0514,0.0612,-0.0,0.2582,0.3395,0.0,0.269,0.0,0.8752,0.0,1.9948754425080712e-05,180.3,0.5
1036,1790894521.3779223,-0.2489,0.0346,-0.5654,-0.0923,0.1245,0.1181,0.1775,0.1479,0.5051,0.0595,0.0748,-0.0,0.2829,0.4232,0.0,0.251,0.0,0.8752,0.237,1.994780186974552e-05,221.4,0.44
1037,1790894521.8209684,-0.2601,0.0326,-0.4929,-0.0905,0.127,0.1207,0.1778,0.1516,0.5428,0.0571,0.0896,-0.0,0.2228,0.538,0.0,0.277,0.0,0.8752,0.0,1.994780186974552e-05,259.8,0.44
1038,1790894522.2617724,-0.1907,0.0443,-0.3903,-0.0,0.1004,0.0758,0.1578,0.1181,0.3629,0.082,0.0598,0.0,0.2066,0.3434,0.0,0.209,-0.0,0.8752,0.0,1.994780186974552e-05,113.7,0.44
1039,1790894522.7476125,-0.223,0.0345,-0.4961,-0.0,0.1074,0.1018,0.1578,0.129,0.4698,0.056,0.0624,-0.0,0.2326,0.3539,0.0,0.247,0.0,0.8752,0.0,1.994780186974552e-05,179.6,0.48
1040,1790894523.2304916,-0.2348,0.0314,-0.3534,-0.1159,0.1229,0.1179,0.1656,0.1381,0.4835,0.0477,0.0712,-0.0,0.2446,0.4097,0.0,0.251,0.0,0.8752,0.224,1.9946840565837206e-05,205.8,0.48
1041,1790894523.7368245,-0.276,0.0472,-0.4237,-0.0485,0.12,0.12,0.1892,0.1593,0.5835,0.0693,0.0783,-0.0,0.2016,0.4685,0.0,0.286,0.0,0.8752,0.0,1.9946840565837206e-05,273.3,0.5
1042,1790894524.1895163,-0.2655,0.0473,-0.5,-0.0341,0.1301,0.1258,0.2047,0.165,0.5029,0.0789,0.0759,0.0,0.1838,0.457,0.0,0.236,-0.0,0.8752,0.0,1.9946840565837206e-05,131.7,0.45
1043,1790894524.6686387,-0.2408,0.0379,-0.5,-0.0,0.1213,0.1082,0.1688,0.1419,0.4943,0.0606,0.08,0.0,0.2431,0.4687,0.0,0.259,-0.0,0.8752,0.0,1.9946840565837206e-05,170.1,0.48
1044,1790894525.121315,-0.2011,0.0411,-0.4009,-0.0441,0.0925,0.0882,0.1501,0.1195,0.4078,0.0619,0.0624,0.0,0.2861,0.3399,0.0,0.235,-0.0,0.8752,0.203,1.9945870514201176e-05,212.6,0.45
1045,1790894525.6053443,-0.2628,0.0356,-0.4126,-0.0879,0.1282,0.1249,0.1797,0.1534,0.5471,0.0549,0.0759,0.0,0.2536,0.4387,0.0,0.277,-0.0,0.8752,0.0,1.9945870514201176e-05,242.0,0.48
1046,1790894526.0185163,-0.252,0.042,-0.5889,-0.0,0.1198,0.1173,0.1843,0.1497,0.5116,0.0671,0.0747,0.0,0.2544,0.43,0.0,0.229,-0.0,0.8752,0.0,1.9945870514201176e-05,140.7,0.41
1047,1790894526.4251173,-0.2118,0.0299,-0.3975,-0.0306,0.1059,0.098,0.147,0.1241,0.4384,0.049,0.0591,0.0,0.2002,0.3403,0.0,0.235,-0.0,0.8752,0.0,1.9945870514201176e-05,220.0,0.4
1048,1790894526.8859818,-0.2825,0.0255,-0.4492,-0.1545,0.1485,0.1485,0.1904,0.1716,0.5542,0.0419,0.0901,-0.0,0.1756,0.5536,0.0,0.235,0.0,0.8783,0.241,1.994489171569055e-05,194.2,0.46
1049,1790894527.3263464,-0.1788,0.0446,-0.5214,-0.0,0.0909,0.077,0.1495,0.1075,0.3567,0.0724,0.045,0.0,0.2117,0.2438,0.0,0.213,0.0,0.8752,0.0,1.994489171569055e-05,109.0,0.44
1050,1790894527.7847807,-0.2301,0.0362,-0.5421,-0.0429,0.1199,0.1168,0.1662,0.137,0.4655,0.0495,0.0734,-0.0,0.1922,0.4382,0.0,0.245,0.0,0.8379,0.0,1.994489171569055e-05,158.1,0.46
1051,1790894530.2392755,-0.2493,0.0331,-0.5007,-0.0452,0.1187,0.1166,0.1718,0.1488,0.5021,0.0552,0.0669,-0.0,0.2418,0.3817,0.0,0.276,0.0,0.8379,0.0,1.994489171569055e-05,116.8,0.74
1052,1790894530.7724986,-0.2431,0.0347,-0.4422,-0.0485,0.1151,0.1078,0.1653,0.136,0.5356,0.0576,0.0752,-0.0,0.2204,0.4423,0.0,0.252,0.0,0.8752,0.203,1.9943904171166122e-05,212.7,0.53
1053,1790894531.188995,-0.2089,0.0472,-0.4725,-0.0,0.1026,0.0922,0.1702,0.1284,0.4024,0.0781,0.0654,0.0,0.1936,0.3842,0.0,0.233,-0.0,0.8379,0.0,1.9943904171166122e-05,125.8,0.41
1054,1790894531.605224,-0.1834,0.0371,-0.3895,-0.0,0.0848,0.0769,0.1377,0.1045,0.3941,0.0608,0.0539,-0.0,0.1518,0.3186,0.0,0.22,0.0,0.8752,0.0,1.9943904171166122e-05,181.1,0.41
1055,1790894532.0517952,-0.2461,0.0376,-0.4717,-0.0304,0.1224,0.12,0.1799,0.15,0.4806,0.0599,0.0711,-0.0,0.2799,0.3991,0.0,0.264,0.0,0.8752,0.0,1.9943904171166122e-05,207.2,0.44
1056,1790894532.561722,-0.201,0.0274,-0.4066,-0.0393,0.0967,0.0913,0.1306,0.1112,0.4491,0.0393,0.0544,0.0,0.2126,0.3059,0.0,0.233,-0.0,0.8752,0.192,1.9942907881496388e-05,214.5,0.51
1057,1790894533.0022068,-0.2497,0.0454,-0.4963,-0.0,0.1278,0.1157,0.1921,0.1478,0.5095,0.0764,0.0706,0.0,0.1736,0.4243,0.0,0.195,-0.0,0.8752,0.0,1.9942907881496388e-05,112.7,0.44
1058,1790894533.453842,-0.2053,0.0278,-0.3632,-0.0,0.1088,0.1044,0.149,0.1275,0.3892,0.0447,0.0685,-0.0,0.2446,0.3913,0.0,0.234,0.0,0.8379,0.0,1.9942907881496388e-05,147.3,0.45
1059,1790894533.9203389,-0.3009,0.0353,-0.4884,-0.1398,0.1518,0.1472,0.2097,0.1796,0.6067,0.0625,0.0875,-0.0,0.2933,0.5051,0.0,0.282,0.0,0.8752,0.0,1.9942907881496388e-05,191.1,0.46
1060,1790894534.4748406,-0.2618,0.0424,-0.5534,-0.0887,0.1128,0.1108,0.1758,0.1436,0.5909,0.065,0.0729,-0.0,0.267,0.4151,0.0,0.281,0.0,0.8752,0.19,1.994190284755754e-05,219.9,0.55
1061,1790894534.9079268,-0.1951,0.0419,-0.4788,-0.0,0.096,0.0861,0.1532,0.119,0.381,0.067,0.0699,-0.0,0.2019,0.4121,0.0,0.225,0.0,0.8752,0.0,1.994190284755754e-05,133.2,0.43
1062,1790894535.3360007,-0.2105,0.0376,-0.3808,-0.0584,0.0961,0.0925,0.1589,0.1238,0.4335,0.0664,0.058,-0.0,0.2597,0.3176,0.0,0.266,0.0,0.8752,0.0,1.994190284755754e-05,195.2,0.43
1063,1790894535.8131576,-0.2532,0.0296,-0.3674,-0.1341,0.1271,0.1271,0.1731,0.1491,0.5206,0.046,0.0815,-0.0,0.2554,0.475,0.0,0.262,0.0,0.8752,0.0,1.994190284755754e-05,199.6,0.47
1064,1790894536.323304,-0.2634,0.0355,-0.5429,-0.0619,0.1241,0.1188,0.1745,0.1479,0.5776,0.0557,0.0734,0.0,0.2092,0.4336,0.0,0.247,-0.0,0.8752,0.17,1.9940889070233442e-05,245.7,0.51
1065,1790894536.7663913,-0.215,0.0414,-0.45,-0.0,0.1053,0.0933,0.1536,0.1243,0.4535,0.0604,0.0584,-0.0,0.2021,0.3353,0.0,0.235,0.0,0.8752,0.0,1.9940889070233442e-05,121.1,0.44
1066,1790894537.179599,-0.257,0.0442,-0.4801,-0.0329,0.1203,0.1131,0.1832,0.1471,0.5493,0.0701,0.0742,-0.0,0.245,0.4293,0.0,0.267,0.0,0.8752,0.0,1.9940889070233442e-05,185.9,0.41
1067,1790894537.625529,-0.202,0.03,-0.3591,-0.0243,0.1004,0.0966,0.1452,0.1182,0.4188,0.0486,0.0615,0.0,0.2382,0.3463,0.0,0.244,-0.0,0.8752,0.0,1.9940889070233442e-05,213.1,0.44
1068,1790894538.1389277,-0.2045,0.0336,-0.3937,-0.0246,0.0917,0.0879,0.1393,0.1136,0.4545,0.0514,0.0558,0.0,0.193,0.3208,0.0,0.236,-0.0,0.8752,0.19,1.993986655041567e-05,226.5,0.51
1069,1790894538.5811756,-0.1596,0.0489,-0.4655,-0.0,0.0724,0.0564,0.1295,0.0935,0.3307,0.0731,0.0497,-0.0,0.1907,0.2806,0.0,0.208,0.0,0.8752,0.0,1.993986655041567e-05,109.7,0.44
1070,1790894539.0407884,-0.2381,0.0434,-0.5774,-0.0407,0.1151,0.1142,0.1868,0.1459,0.4613,0.0726,0.0774,0.0,0.2488,0.4495,0.0,0.242,-0.0,0.8752,0.0,1.993986655041567e-05,158.6,0.46
1071,1790894539.562691,-0.2232,0.0354,-0.4103,-0.0523,0.0989,0.0968,0.1561,0.1269,0.4819,0.0593,0.0645,0.0,0.2815,0.355,0.0,0.265,-0.0,0.8752,0.0,1.993986655041567e-05,185.2,0.52
1072,1790894540.0820682,-0.241,0.0385,-0.4825,-0.065,0.1118,0.1064,0.163,0.1357,0.5264,0.0566,0.0663,0.0,0.2264,0.3814,0.0,0.233,-0.0,0.8752,0.193,1.9938835289003463e-05,236.4,0.52
1073,1790894540.5041142,-0.2573,0.0401,-0.4643,-0.1257,0.1285,0.1245,0.1952,0.1554,0.5097,0.0707,0.0714,-0.0,0.2021,0.4218,0.0,0.247,0.0,0.8752,0.0,1.9938835289003463e-05,133.7,0.42
1074,1790894540.9335952,-0.1948,0.0403,-0.3959,-0.0,0.0901,0.0802,0.1363,0.1094,0.4272,0.0562,0.0557,-0.0,0.1773,0.3238,0.0,0.223,0.0,0.8752,0.0,1.9938835289003463e-05,170.2,0.43
1075,1790894541.4061823,-0.2192,0.0371,-0.4342,-0.0452,0.0962,0.0895,0.1483,0.1197,0.4977,0.0588,0.0639,0.0,0.212,0.3693,0.0,0.246,-0.0,0.8752,0.0,1.9938835289003463e-05,184.8,0.47
1076,1790894544.0101254,-0.2493,0.0336,-0.4146,-0.0867,0.114,0.1131,0.1663,0.1403,0.545,0.0533,0.0676,-0.0,0.2155,0.393,0.0,0.262,0.0,0.8752,0.191,1.9937795286903775e-05,137.4,0.84
1077,1790894544.4220288,-0.2278,0.038,-0.5026,-0.0407,0.1173,0.1078,0.1632,0.1349,0.4644,0.0554,0.0662,-0.0,0.2315,0.3797,0.0,0.258,0.0,0.8752,0.0,1.9937795286903775e-05,141.6,0.41
1078,1790894544.8363602,-0.2575,0.0354,-0.4961,-0.0647,0.1283,0.1221,0.1851,0.1557,0.509,0.0631,0.0881,-0.0,0.2216,0.5286,0.0,0.278,0.0,0.8752,0.0,1.9937795286903775e-05,200.2,0.41
1079,1790894545.2450402,-0.2029,0.0327,-0.4033,-0.053,0.1041,0.093,0.1499,0.1211,0.4089,0.057,0.0603,0.0,0.3225,0.3159,0.0,0.245,-0.0,0.8752,0.0,1.9937795286903775e-05,245.0,0.41
1080,1790894545.7111113,-0.2496,0.0312,-0.4121,-0.073,0.1264,0.1229,0.1718,0.1456,0.5196,0.0489,0.0741,-0.0,0.2182,0.436,0.0,0.259,0.0,0.8752,0.187,1.9936746545031225e-05,252.8,0.46
1081,1790894546.1489623,-0.2074,0.0559,-0.5,-0.0,0.0939,0.0759,0.1562,0.1173,0.4508,0.0803,0.0603,0.0,0.1943,0.3504,0.0,0.2,-0.0,0.8752,0.0,1.9936746545031225e-05,115.4,0.43
1082,1790894546.5639844,-0.2924,0.0501,-0.5571,-0.0929,0.1374,0.1339,0.2172,0.1767,0.5787,0.0833,0.0869,0.0,0.2653,0.5085,0.0,0.308,-0.0,0.8752,0.0,1.9936746545031225e-05,190.1,0.41
1083,1790894546.9606729,-0.2489,0.0361,-0.5484,-0.0506,0.1304,0.1189,0.1805,0.1473,0.508,0.0616,0.0815,-0.0,0.2803,0.4688,0.0,0.28,0.0,0.8752,0.0,1.9936746545031225e-05,220.0,0.39
1084,1790894547.4551184,-0.2782,0.029,-0.4552,-0.1476,0.1308,0.1308,0.183,0.1564,0.6087,0.0522,0.0732,-0.0,0.1722,0.442,0.0,0.258,0.0,0.8752,0.218,1.993568906430813e-05,236.3,0.49
1085,1790894547.9386122,-0.207,0.0411,-0.6167,-0.0,0.0999,0.0955,0.1601,0.1238,0.416,0.0646,0.0661,-0.0,0.1822,0.3922,0.0,0.191,0.0,0.7989,0.0,1.993568906430813e-05,106.9,0.48
1086,1790894548.3638754,-0.2371,0.0373,-0.4852,-0.0539,0.1194,0.1088,0.171,0.1403,0.4841,0.0621,0.0957,-0.0,0.1698,0.593,0.0,0.22,0.0,0.8752,0.0,1.993568906430813e-05,189.1,0.42
1087,1790894548.830175,-0.2647,0.0387,-0.4396,-0.1204,0.1297,0.1256,0.191,0.1576,0.5355,0.0655,0.083,0.0,0.3125,0.4702,0.0,0.297,-0.0,0.8752,0.0,1.993568906430813e-05,197.8,0.46
1088,1790894549.3182733,-0.2411,0.0331,-0.4529,-0.0656,0.1124,0.1117,0.1641,0.1377,0.5173,0.0524,0.0661,0.0,0.2147,0.3832,0.0,0.27,-0.0,0.8752,0.182,1.993462284566449e-05,240.0,0.48
1089,1790894549.774428,-0.2565,0.0541,-0.5571,-0.0577,0.119,0.1089,0.1909,0.1465,0.55,0.082,0.0695,-0.0,0.1685,0.4184,0.0,0.209,0.0,0.8752,0.0,1.993462284566449e-05,113.6,0.45
1090,1790894550.2082002,-0.2633,0.026,-0.4978,-0.0,0.1388,0.1346,0.1813,0.1594,0.5192,0.0467,0.0775,-0.0,0.2333,0.4541,0.0,0.278,0.0,0.8752,0.0,1.993462284566449e-05,177.6,0.43
1091,1790894550.6787229,-0.2494,0.042,-0.4655,-0.0911,0.1138,0.1108,0.1762,0.1416,0.5389,0.0654,0.0712,-0.0,0.2439,0.4099,0.0,0.277,0.0,0.8752,0.0,1.993462284566449e-05,194.8,0.47
1092,1790894551.2029748,-0.2437,0.0338,-0.5265,-0.0486,0.118,0.1117,0.1639,0.1387,0.5253,0.0521,0.0839,-0.0,0.1912,0.5082,0.0,0.24,0.0,0.8752,0.233,1.9933547890037986e-05,210.1,0.52
1093,1790894551.6133344,-0.191,0.0452,-0.5113,-0.0,0.0891,0.0873,0.1513,0.1134,0.388,0.064,0.0501,0.0,0.206,0.2788,0.0,0.197,-0.0,0.8379,0.0,1.9933547890037986e-05,107.6,0.41
1094,1790894552.0351048,-0.1466,0.0401,-0.4803,-0.0,0.0683,0.0624,0.1177,0.0875,0.2957,0.0553,0.0385,0.0,0.1906,0.2055,0.0,0.225,-0.0,0.8752,0.0,1.9933547890037986e-05,167.3,0.42
1095,1790894552.6217887,-0.3108,0.032,-0.5341,-0.1445,0.1618,0.158,0.2155,0.1852,0.6278,0.0575,0.1025,0.0,0.2344,0.6212,0.0,0.291,-0.0,0.8752,0.0,1.9933547890037986e-05,152.2,0.58
1096,1790894553.1607497,-0.2717,0.0295,-0.4613,-0.0616,0.1437,0.1346,0.1813,0.1584,0.5666,0.0468,0.0848,0.0,0.2026,0.5112,0.0,0.248,-0.0,0.8752,0.267,1.9932464198373985e-05,237.9,0.54
1097,1790894553.6279066,-0.2716,0.0375,-0.6286,-0.1164,0.146,0.1309,0.1877,0.1593,0.5615,0.0568,0.0933,-0.0,0.167,0.5776,0.0,0.204,0.0,0.8752,0.0,1.9932464198373985e-05,114.7,0.46
1098,1790894554.1010478,-0.2999,0.0367,-0.6384,-0.1062,0.168,0.155,0.223,0.1869,0.565,0.068,0.0974,-0.0,0.2176,0.5911,0.0,0.282,0.0,0.8752,0.0,1.9932464198373985e-05,147.9,0.47
1099,1790894554.580331,-0.2262,0.0423,-0.4845,-0.0607,0.0982,0.0936,0.1581,0.1288,0.4872,0.0646,0.0687,0.0,0.2792,0.3839,0.0,0.269,0.0,0.8752,0.0,1.9932464198373985e-05,191.3,0.48
1100,1790894555.0815127,-0.2709,0.0299,-0.4201,-0.117,0.1327,0.1313,0.1801,0.1554,0.5771,0.0488,0.0707,0.0,0.194,0.4195,0.0,0.27,-0.0,0.8752,0.21,1.9931371771625545e-05,255.6,0.5
1101,1790894557.4250476,-0.2195,0.0406,-0.54,-0.0,0.1176,0.0972,0.1668,0.1312,0.4417,0.0695,0.0723,0.0,0.2482,0.4156,0.0,0.211,-0.0,0.8379,0.0,1.9931371771625545e-05,71.8,0.65
1102,1790894557.9803932,-0.2276,0.0394,-0.4811,-0.0323,0.1142,0.1072,0.1675,0.135,0.4632,0.0603,0.0635,0.0,0.1925,0.3718,0.0,0.221,-0.0,0.8752,0.0,1.9931371771625545e-05,130.4,0.55
1103,1790894558.4527004,-0.2552,0.0376,-0.5238,-0.0607,0.1254,0.1234,0.1837,0.1515,0.5182,0.0603,0.0822,-0.0,0.2499,0.4813,0.0,0.259,0.0,0.8752,0.0,1.9931371771625545e-05,198.1,0.47
1104,1790894558.9671388,-0.2584,0.031,-0.5007,-0.1125,0.1327,0.1279,0.1716,0.1483,0.5507,0.0437,0.0768,0.0,0.2154,0.4545,0.0,0.248,-0.0,0.8752,0.22,1.9930270610753387e-05,225.9,0.51
1105,1790894559.4344451,-0.215,0.0528,-0.6313,-0.0,0.1022,0.091,0.1712,0.1317,0.4162,0.0802,0.0757,-0.0,0.2102,0.4485,0.0,0.208,0.0,0.8752,0.0,1.9930270610753387e-05,96.7,0.46
1106,1790894559.8931234,-0.2775,0.0414,-0.6474,-0.0922,0.1346,0.1317,0.2006,0.1675,0.5499,0.0689,0.0829,0.0,0.3089,0.4702,0.0,0.291,-0.0,0.8752,0.0,1.9930270610753387e-05,148.5,0.45
1107,1790894560.3445225,-0.2494,0.0437,-0.4926,-0.0651,0.1155,0.1058,0.1729,0.1431,0.5315,0.0671,0.0674,0.0,0.2731,0.3763,0.0,0.269,-0.0,0.8752,0.0,1.9930270610753387e-05,202.6,0.45
1108,1790894560.8443933,-0.2638,0.0335,-0.4066,-0.0702,0.1338,0.1276,0.1818,0.1558,0.54,0.0543,0.083,-0.0,0.2236,0.4937,0.0,0.262,0.0,0.8752,0.235,1.9929160716725933e-05,222.9,0.5
1109,1790894561.3107052,-0.2083,0.034,-0.3726,-0.0,0.1075,0.094,0.1551,0.1254,0.4146,0.0611,0.0651,0.0,0.1781,0.3863,0.0,0.229,-0.0,0.8379,0.0,1.9929160716725933e-05,113.1,0.46
1110,1790894561.7758038,-0.3075,0.0377,-0.4779,-0.0881,0.1589,0.1548,0.2186,0.1858,0.6087,0.0638,0.0915,-0.0,0.2367,0.5467,0.0,0.301,0.0,0.8752,0.0,1.9929160716725933e-05,167.6,0.46
1111,1790894562.2414103,-0.2557,0.0414,-0.4428,-0.0,0.1116,0.1095,0.1831,0.1465,0.5458,0.0736,0.0711,0.0,0.2744,0.4008,0.0,0.282,-0.0,0.8752,0.0,1.9929160716725933e-05,192.1,0.46
1112,1790894562.775984,-0.2325,0.0366,-0.4395,-0.0653,0.1036,0.1029,0.1537,0.1293,0.5161,0.0509,0.0678,0.0,0.2837,0.3762,0.0,0.247,-0.0,0.8752,0.2,1.992804209051927e-05,211.9,0.53
1113,1790894563.2077212,-0.2055,0.0439,-0.5214,-0.0,0.1062,0.0918,0.1526,0.1207,0.4239,0.0608,0.0604,-0.0,0.2074,0.3475,0.0,0.215,0.0,0.8752,0.0,1.992804209051927e-05,128.6,0.43
1114,1790894563.6849737,-0.1926,0.0368,-0.4405,-0.0,0.0834,0.0821,0.1317,0.1055,0.4355,0.0496,0.0628,-0.0,0.1958,0.3666,0.0,0.227,0.0,0.8752,0.0,1.992804209051927e-05,168.7,0.47
1115,1790894564.1336658,-0.2679,0.0332,-0.5808,-0.1176,0.1412,0.1338,0.1865,0.1615,0.5317,0.0527,0.0914,-0.0,0.2689,0.5378,0.0,0.283,0.0,0.8752,0.0,1.992804209051927e-05,207.8,0.45
1116,1790894564.6693459,-0.2131,0.0305,-0.3664,-0.0243,0.1024,0.0978,0.1439,0.1192,0.4693,0.0461,0.0659,0.0,0.219,0.381,0.0,0.223,-0.0,0.8752,0.204,1.9926914733117182e-05,226.7,0.53
1117,1790894565.124384,-0.2156,0.0361,-0.4484,-0.044,0.1056,0.1001,0.1619,0.1286,0.4346,0.0618,0.0633,-0.0,0.1762,0.375,0.0,0.217,0.0,0.8379,0.0,1.9926914733117182e-05,121.2,0.45
1118,1790894565.7277675,-0.2168,0.0423,-0.4403,-0.0308,0.0963,0.0963,0.156,0.1284,0.4422,0.0597,0.0612,-0.0,0.1992,0.3546,0.0,0.234,0.0,0.8752,0.0,1.9926914733117182e-05,140.6,0.6
1119,1790894566.1848543,-0.2292,0.041,-0.4297,-0.0,0.1001,0.0983,0.164,0.1325,0.4839,0.0657,0.0723,-0.0,0.271,0.4098,0.0,0.26,0.0,0.8752,0.0,1.9926914733117182e-05,233.9,0.45
1120,1790894566.7790945,-0.2917,0.0302,-0.5474,-0.0489,0.1479,0.142,0.1943,0.1694,0.6118,0.0524,0.0962,-0.0,0.1679,0.5966,0.0,0.267,0.0,0.8752,0.194,1.9925778645511112e-05,209.1,0.59
1121,1790894567.2123966,-0.2407,0.0467,-0.5388,-0.0791,0.138,0.1132,0.1849,0.1464,0.4716,0.0717,0.0929,-0.0,0.3126,0.536,0.0,0.257,0.0,0.8752,0.0,1.9925778645511112e-05,107.1,0.43
1122,1790894567.6936557,-0.244,0.0358,-0.5714,-0.0379,0.1202,0.1112,0.1675,0.1394,0.5232,0.0563,0.0676,0.0,0.1872,0.4007,0.0,0.256,-0.0,0.8379,0.0,1.9925778645511112e-05,147.2,0.48
1123,1790894568.143723,-0.2131,0.0362,-0.4607,-0.0,0.101,0.0968,0.1471,0.1211,0.4598,0.0503,0.0761,-0.0,0.2145,0.4502,0.0,0.247,0.0,0.8752,0.0,1.9925778645511112e-05,206.3,0.45
1124,1790894568.6985455,-0.2549,0.0349,-0.4805,-0.1153,0.1181,0.1156,0.1746,0.147,0.5398,0.0589,0.0782,-0.0,0.1988,0.4686,0.0,0.259,0.0,0.8752,0.244,1.9924633828700192e-05,218.3,0.55
1125,1790894569.159836,-0.2641,0.0516,-0.7714,-0.0536,0.1337,0.1173,0.2032,0.158,0.5304,0.0858,0.0957,0.0,0.1766,0.5908,0.0,0.251,-0.0,0.8752,0.0,1.9924633828700192e-05,118.2,0.46
1126,1790894571.613485,-0.2317,0.0389,-0.4448,-0.0401,0.0981,0.0931,0.1537,0.1251,0.533,0.0607,0.0594,-0.0,0.1999,0.3427,0.0,0.248,0.0,0.8752,0.0,1.9924633828700192e-05,108.0,0.74
1127,1790894572.123254,-0.2112,0.0311,-0.4132,-0.0263,0.1039,0.102,0.1535,0.125,0.4312,0.0516,0.0671,-0.0,0.2568,0.3787,0.0,0.249,-0.0,0.8752,0.0,1.9924633828700192e-05,178.2,0.51
1128,1790894572.6094718,-0.2796,0.0376,-0.4974,-0.0572,0.1341,0.1336,0.1922,0.1615,0.5909,0.0586,0.0911,0.0,0.223,0.5478,0.0,0.258,-0.0,0.8752,0.241,1.992348028369123e-05,247.6,0.48
1129,1790894573.04524,-0.2023,0.0426,-0.4981,-0.0,0.0994,0.0888,0.1491,0.121,0.4066,0.0603,0.0708,0.0,0.2114,0.4159,0.0,0.217,-0.0,0.8752,0.0,1.992348028369123e-05,132.5,0.43
1130,1790894573.4669414,-0.2386,0.0373,-0.4176,-0.0304,0.1068,0.1044,0.1603,0.1315,0.5358,0.0559,0.0676,0.0,0.2633,0.3806,0.0,0.264,-0.0,0.8752,0.0,1.992348028369123e-05,189.2,0.42
1131,1790894573.8905704,-0.2273,0.0406,-0.5765,-0.0,0.106,0.1041,0.1704,0.1341,0.466,0.0663,0.073,-0.0,0.249,0.4199,0.0,0.262,0.0,0.8752,0.0,1.992348028369123e-05,215.1,0.42
1132,1790894574.385177,-0.2373,0.0361,-0.3889,-0.0723,0.11,0.1049,0.1574,0.13,0.5364,0.0526,0.063,0.0,0.2436,0.355,0.0,0.254,-0.0,0.8752,0.227,1.9922318011498706e-05,253.9,0.49
1133,1790894574.8495245,-0.2004,0.0416,-0.4857,-0.0,0.1004,0.0937,0.158,0.1217,0.3935,0.0643,0.0671,-0.0,0.217,0.3895,0.0,0.231,0.0,0.7989,0.0,1.9922318011498706e-05,103.2,0.46
1134,1790894575.304451,-0.2902,0.0411,-0.6086,-0.0767,0.1437,0.14,0.2137,0.1738,0.5819,0.0737,0.0808,-0.0,0.1957,0.4864,0.0,0.261,0.0,0.8752,0.0,1.9922318011498706e-05,172.2,0.45
1135,1790894575.7757862,-0.2458,0.0326,-0.4941,-0.053,0.1254,0.1208,0.1701,0.1444,0.5068,0.0493,0.0768,-0.0,0.2828,0.4366,0.0,0.269,0.0,0.8752,0.0,1.9922318011498706e-05,206.6,0.47
1136,1790894576.3134067,-0.2788,0.0426,-0.4415,-0.1191,0.1236,0.1204,0.1808,0.1529,0.6297,0.0604,0.0724,-0.0,0.1837,0.4335,0.0,0.267,0.0,0.8752,0.229,1.9921147013144782e-05,227.6,0.53
1137,1790894576.7525847,-0.2168,0.056,-0.5325,-0.0,0.0998,0.0807,0.1748,0.127,0.4488,0.0941,0.0562,0.0,0.2175,0.3166,0.0,0.199,-0.0,0.8379,0.0,1.9921147013144782e-05,110.2,0.44
1138,1790894577.2282076,-0.2208,0.0322,-0.4819,-0.0312,0.1061,0.1021,0.1524,0.1277,0.4654,0.0503,0.0632,0.0,0.2493,0.3551,0.0,0.253,-0.0,0.8752,0.0,1.9921147013144782e-05,152.1,0.47
1139,1790894577.7448497,-0.202,0.0357,-0.4169,-0.0313,0.0917,0.0853,0.1385,0.112,0.45,0.0532,0.0593,0.0,0.2908,0.3177,0.0,0.24,-0.0,0.8752,0.0,1.9921147013144782e-05,172.3,0.51
1140,1790894578.3141208,-0.2395,0.0352,-0.4133,-0.0257,0.1146,0.107,0.1663,0.1345,0.5252,0.0593,0.0677,-0.0,0.1764,0.4041,0.0,0.241,0.0,0.8752,0.201,1.9919967289659287e-05,207.0,0.57
1141,1790894578.7491963,-0.2426,0.0489,-0.5312,-0.0478,0.1125,0.1008,0.1798,0.1402,0.5117,0.079,0.059,0.0,0.2036,0.3394,0.0,0.234,-0.0,0.8379,0.0,1.9919967289659287e-05,132.6,0.43
1142,1790894579.18751,-0.2142,0.0339,-0.4744,-0.0,0.1115,0.1019,0.1567,0.1287,0.4273,0.0548,0.0751,-0.0,0.1845,0.4518,0.0,0.242,0.0,0.8379,0.0,1.9919967289659287e-05,166.1,0.44
1143,1790894579.6289206,-0.2469,0.0358,-0.4452,-0.0867,0.1157,0.1148,0.1759,0.1442,0.5134,0.0611,0.0825,0.0,0.1831,0.5012,0.0,0.248,-0.0,0.8752,0.0,1.9919967289659287e-05,209.9,0.44
1144,1790894580.157585,-0.2464,0.0344,-0.5271,-0.0486,0.1137,0.1128,0.1676,0.1404,0.53,0.0549,0.07,-0.0,0.2253,0.4069,0.0,0.257,0.0,0.8752,0.201,1.9918778842079725e-05,227.7,0.53
1145,1790894580.618139,-0.1915,0.0428,-0.4611,-0.0408,0.0861,0.0816,0.1448,0.1104,0.4056,0.0633,0.0602,0.0,0.2017,0.3478,0.0,0.198,-0.0,0.8752,0.0,1.9918778842079725e-05,113.0,0.46
1146,1790894581.0884857,-0.2334,0.0276,-0.4647,-0.0302,0.1324,0.1161,0.1581,0.1382,0.4759,0.042,0.0628,-0.0,0.2007,0.3655,0.0,0.227,0.0,0.8379,0.0,1.9918778842079725e-05,172.2,0.47
1147,1790894581.5689583,-0.2405,0.0413,-0.3842,-0.094,0.107,0.1053,0.1641,0.136,0.5224,0.0588,0.0644,-0.0,0.2042,0.3747,0.0,0.266,0.0,0.8752,0.0,1.9918778842079725e-05,196.7,0.48
1148,1790894582.091743,-0.2544,0.039,-0.4481,-0.1174,0.116,0.1142,0.171,0.1422,0.561,0.0567,0.0784,-0.0,0.2025,0.4689,0.0,0.265,0.0,0.8752,0.177,1.9917581671451276e-05,217.7,0.52
1149,1790894582.5533483,-0.2375,0.0383,-0.5571,-0.0656,0.1244,0.113,0.1712,0.1394,0.4907,0.0582,0.0596,-0.0,0.1794,0.3496,0.0,0.201,0.0,0.8379,0.0,1.9917581671451276e-05,115.2,0.46
1150,1790894583.0477135,-0.2696,0.0391,-0.4619,-0.0881,0.1223,0.1181,0.1837,0.1504,0.596,0.0656,0.0741,-0.0,0.1904,0.4434,0.0,0.259,0.0,0.8752,0.0,1.9917581671451276e-05,152.8,0.49
1151,1790894585.4223475,-0.2683,0.0369,-0.4318,-0.0646,0.1324,0.1297,0.1871,0.1583,0.5499,0.0575,0.0901,0.0,0.2797,0.5262,0.0,0.289,-0.0,0.8752,0.0,1.9917581671451276e-05,137.0,0.66
1152,1790894585.949902,-0.2205,0.0391,-0.4044,-0.0262,0.101,0.097,0.1586,0.1273,0.4657,0.0615,0.0563,0.0,0.2675,0.3043,0.0,0.247,-0.0,0.8752,0.208,1.9916375778826788e-05,204.1,0.52
1153,1790894586.4154143,-0.1924,0.0386,-0.6313,-0.0,0.1046,0.0813,0.1422,0.1114,0.4049,0.0609,0.0501,-0.0,0.2095,0.2779,0.0,0.193,0.0,0.8752,0.0,1.9916375778826788e-05,121.0,0.46
1154,1790894586.8397841,-0.2294,0.0305,-0.4402,-0.0489,0.1213,0.113,0.1662,0.1405,0.4446,0.0532,0.0719,-0.0,0.2371,0.4163,0.0,0.244,0.0,0.8752,0.0,1.9916375778826788e-05,184.6,0.42
1155,1790894587.2977748,-0.2665,0.0376,-0.4853,-0.0277,0.1333,0.1286,0.1864,0.1573,0.5462,0.0578,0.0788,0.0,0.2286,0.4645,0.0,0.277,-0.0,0.8752,0.0,1.9916375778826788e-05,198.7,0.45
1156,1790894587.8102238,-0.2844,0.0387,-0.4516,-0.1278,0.1351,0.1305,0.1992,0.1647,0.5987,0.0687,0.0804,0.0,0.2512,0.4692,0.0,0.291,-0.0,0.8752,0.21,1.9915161165266782e-05,246.8,0.51
1157,1790894588.2304347,-0.2222,0.0438,-0.6286,-0.0627,0.1222,0.1169,0.1823,0.142,0.4007,0.0654,0.084,-0.0,0.2261,0.5,0.0,0.19,0.0,0.7989,0.0,1.9915161165266782e-05,108.4,0.42
1158,1790894588.7053592,-0.2086,0.0395,-0.375,-0.0721,0.097,0.0882,0.1448,0.1158,0.4642,0.0567,0.0599,0.0,0.1901,0.3487,0.0,0.217,-0.0,0.8752,0.0,1.9915161165266782e-05,137.5,0.47
1159,1790894589.1308813,-0.2666,0.0395,-0.5225,-0.1342,0.1282,0.1259,0.1935,0.1564,0.5513,0.0676,0.0741,0.0,0.2287,0.4329,0.0,0.27,-0.0,0.8752,0.0,1.9915161165266782e-05,188.7,0.42
1160,1790894589.6447742,-0.2836,0.0367,-0.4458,-0.1292,0.1369,0.1359,0.1996,0.1669,0.5832,0.0637,0.0791,0.0,0.2127,0.4707,0.0,0.27,-0.0,0.8752,0.252,1.991393783183945e-05,211.1,0.51
1161,1790894590.1155908,-0.172,0.0505,-0.3908,-0.0,0.0812,0.0647,0.1417,0.098,0.3703,0.077,0.0708,-0.0,0.1953,0.4202,0.0,0.196,-0.0,0.8379,0.0,1.991393783183945e-05,99.7,0.47
1162,1790894590.5669672,-0.1861,0.043,-0.4543,-0.0,0.0873,0.0798,0.146,0.1082,0.3896,0.0662,0.0489,0.0,0.1683,0.2809,0.0,0.212,-0.0,0.8752,0.0,1.991393783183945e-05,145.8,0.45
1163,1790894591.0383434,-0.2471,0.037,-0.4278,-0.0749,0.1152,0.113,0.1716,0.1391,0.54,0.0587,0.0717,0.0,0.2536,0.4106,0.0,0.274,-0.0,0.8752,0.0,1.991393783183945e-05,178.4,0.47
1164,1790894591.5581207,-0.2189,0.0422,-0.4523,-0.0312,0.0988,0.0957,0.1555,0.1304,0.4423,0.0598,0.0679,-0.0,0.255,0.3845,0.0,0.258,0.0,0.8752,0.221,1.991270577962064e-05,201.7,0.52
1165,1790894591.961982,-0.2189,0.0545,-0.537,-0.0,0.1055,0.0865,0.1698,0.1276,0.4561,0.0832,0.0683,-0.0,0.1708,0.4098,0.0,0.225,0.0,0.8752,0.0,1.991270577962064e-05,121.1,0.4
1166,1790894592.4079034,-0.2018,0.032,-0.5072,-0.0,0.09,0.09,0.148,0.1172,0.423,0.0581,0.0521,0.0,0.2592,0.2784,0.0,0.233,-0.0,0.8379,0.0,1.991270577962064e-05,159.5,0.44
1167,1790894592.8596017,-0.2563,0.0419,-0.4055,-0.0971,0.1175,0.1134,0.174,0.1469,0.5473,0.0606,0.0785,-0.0,0.2329,0.4613,0.0,0.28,0.0,0.8752,0.0,1.991270577962064e-05,200.8,0.45
1168,1790894593.3415833,-0.2904,0.036,-0.5482,-0.0428,0.1374,0.1346,0.1967,0.1683,0.6108,0.0621,0.0797,-0.0,0.1984,0.4783,0.0,0.268,0.0,0.8752,0.203,1.991146500969389e-05,228.0,0.48
1169,1790894593.8237796,-0.2184,0.0588,-0.5636,-0.0,0.1273,0.0858,0.1773,0.1315,0.4345,0.0914,0.0705,0.0,0.2267,0.4097,0.0,0.181,-0.0,0.8752,0.0,1.991146500969389e-05,85.5,0.48
1170,1790894594.3293674,-0.2396,0.0381,-0.5171,-0.0,0.1187,0.1149,0.17,0.1439,0.4785,0.0551,0.0616,-0.0,0.1849,0.3612,0.0,0.228,0.0,0.8752,0.0,1.991146500969389e-05,139.8,0.5
1171,1790894594.787698,-0.2293,0.0337,-0.4071,-0.0716,0.1097,0.1047,0.1661,0.1342,0.4757,0.0615,0.0717,0.0,0.2287,0.4167,0.0,0.252,-0.0,0.8752,0.0,1.991146500969389e-05,211.0,0.46
1172,1790894595.3345034,-0.2736,0.04,-0.464,-0.0883,0.1224,0.1201,0.189,0.1566,0.5848,0.0688,0.0757,-0.0,0.2136,0.4479,0.0,0.257,0.0,0.8752,0.238,1.9910215523150387e-05,232.8,0.54
1173,1790894595.763937,-0.2647,0.0416,-0.6212,-0.0,0.1551,0.1334,0.2096,0.1694,0.4763,0.0761,0.0951,0.0,0.2156,0.5766,0.0,0.191,-0.0,0.8379,0.0,1.9910215523150387e-05,111.6,0.43
1174,1790894596.2016902,-0.209,0.0387,-0.4035,-0.0762,0.1084,0.0957,0.1539,0.123,0.4296,0.0583,0.0637,-0.0,0.2131,0.3676,0.0,0.205,0.0,0.8752,0.0,1.9910215523150387e-05,153.7,0.43
1175,1790894596.687148,-0.2114,0.0425,-0.4168,-0.1056,0.0871,0.0848,0.1533,0.1184,0.4652,0.0685,0.0568,0.0,0.2357,0.316,0.0,0.247,-0.0,0.8752,0.0,1.9910215523150387e-05,183.9,0.48
1176,1790894599.3253777,-0.2659,0.0351,-0.5084,-0.0582,0.1338,0.1295,0.1854,0.1553,0.553,0.0559,0.0911,-0.0,0.2415,0.5432,0.0,0.259,0.0,0.8752,0.197,1.9908957321088985e-05,139.1,0.87
1177,1790894599.7640722,-0.2699,0.0523,-0.5396,-0.077,0.1339,0.1266,0.2095,0.1622,0.5384,0.0829,0.0648,0.0,0.1974,0.3792,0.0,0.206,-0.0,0.8752,0.0,1.9908957321088985e-05,136.4,0.44
1178,1790894600.193384,-0.2712,0.041,-0.5091,-0.0916,0.1372,0.131,0.1926,0.1609,0.5516,0.0617,0.0773,0.0,0.1879,0.4653,0.0,0.267,-0.0,0.8752,0.0,1.9908957321088985e-05,193.6,0.43
1179,1790894600.6490026,-0.2318,0.0301,-0.484,-0.0366,0.117,0.1129,0.1566,0.1348,0.4849,0.0438,0.0721,0.0,0.1963,0.4281,0.0,0.249,-0.0,0.8783,0.0,1.9908957321088985e-05,168.1,0.45
1180,1790894601.111403,-0.2133,0.0426,-0.5103,-0.0,0.1096,0.0999,0.1731,0.1298,0.4174,0.0733,0.094,0.0,0.1945,0.5746,0.0,0.23,-0.0,0.8752,0.218,1.9907690404616216e-05,123.2,0.46
1181,1790894601.5243316,-0.1649,0.0323,-0.3083,-0.0266,0.0704,0.0684,0.1137,0.092,0.3644,0.0453,0.0488,-0.0,0.2241,0.2653,0.0,0.222,0.0,0.8752,0.0,1.9907690404616216e-05,209.5,0.41
1182,1790894601.9742355,-0.2428,0.0343,-0.4185,-0.0321,0.1162,0.1111,0.1632,0.1393,0.5179,0.0521,0.0807,-0.0,0.2664,0.467,0.0,0.27,0.0,0.8752,0.0,1.9907690404616216e-05,222.6,0.45
1183,1790894602.4749026,-0.2372,0.0349,-0.4807,-0.0358,0.1104,0.1095,0.1638,0.1365,0.5036,0.0543,0.0632,0.0,0.1904,0.3702,0.0,0.246,-0.0,0.8752,0.0,1.9907690404616216e-05,264.5,0.5
1184,1790894602.9458857,-0.3276,0.0452,-0.5396,-0.1405,0.1688,0.1664,0.2424,0.2011,0.6325,0.076,0.1105,-0.0,0.2268,0.6762,0.0,0.291,0.0,0.8752,0.179,1.990641477484626e-05,118.3,0.47
1185,1790894603.3951213,-0.2646,0.0409,-0.6481,-0.0323,0.1291,0.1231,0.1907,0.1571,0.5376,0.0677,0.0841,-0.0,0.2255,0.5003,0.0,0.261,0.0,0.8752,0.0,1.990641477484626e-05,174.8,0.45
1186,1790894603.8699524,-0.2891,0.0401,-0.5987,-0.1179,0.1401,0.1379,0.2075,0.1693,0.5992,0.0695,0.0906,0.0,0.2983,0.5243,0.0,0.309,-0.0,0.8752,0.0,1.990641477484626e-05,178.7,0.47
1187,1790894604.374847,-0.2415,0.0379,-0.4055,-0.0263,0.1142,0.1081,0.1688,0.1366,0.5245,0.0607,0.073,-0.0,0.243,0.4218,0.0,0.274,0.0,0.8752,0.0,1.990641477484626e-05,224.8,0.5
1188,1790894604.8545008,-0.2277,0.0495,-0.531,-0.1145,0.1089,0.0952,0.1784,0.1368,0.4543,0.0832,0.0628,0.0,0.28,0.3443,0.0,0.202,-0.0,0.8752,0.223,1.990513043290097e-05,106.2,0.48
1189,1790894605.314648,-0.2496,0.0325,-0.4653,-0.0482,0.1235,0.1193,0.1715,0.146,0.5177,0.0522,0.0669,0.0,0.2113,0.3897,0.0,0.265,-0.0,0.8752,0.0,1.990513043290097e-05,164.2,0.46
1190,1790894605.7602954,-0.2137,0.0334,-0.4543,-0.0523,0.1038,0.1001,0.1524,0.1293,0.4217,0.0522,0.0698,-0.0,0.2552,0.3976,0.0,0.229,0.0,0.8752,0.0,1.990513043290097e-05,212.0,0.44
1191,1790894606.2289014,-0.243,0.0355,-0.464,-0.0486,0.1106,0.1095,0.1688,0.1395,0.5178,0.0593,0.0712,0.0,0.2081,0.4194,0.0,0.252,-0.0,0.8752,0.0,1.990513043290097e-05,252.4,0.47
1192,1790894606.6745298,-0.2464,0.058,-0.7,-0.0,0.1286,0.1092,0.1966,0.1538,0.4626,0.0874,0.075,0.0,0.2477,0.4338,0.0,0.199,-0.0,0.8752,0.223,1.9903837379909857e-05,94.4,0.44
1193,1790894607.1437297,-0.2384,0.0349,-0.3697,-0.0735,0.1222,0.1161,0.1703,0.142,0.4822,0.0542,0.0693,0.0,0.1961,0.4099,0.0,0.251,-0.0,0.8752,0.0,1.9903837379909857e-05,146.0,0.47
1194,1790894607.6179333,-0.2329,0.0364,-0.5037,-0.0424,0.1089,0.1063,0.1701,0.1377,0.4758,0.0638,0.0618,0.0,0.212,0.3554,0.0,0.252,-0.0,0.8752,0.0,1.9903837379909857e-05,205.1,0.47
1195,1790894608.0929353,-0.239,0.0317,-0.4555,-0.0452,0.1151,0.1131,0.1656,0.1381,0.5048,0.0525,0.0739,-0.0,0.2327,0.4304,0.0,0.229,-0.0,0.8752,0.0,1.9903837379909857e-05,251.8,0.47
1196,1790894608.5378706,-0.2012,0.035,-0.5333,-0.0,0.0922,0.0888,0.1421,0.1129,0.4414,0.0533,0.0571,0.0,0.2005,0.3271,0.0,0.222,-0.0,0.8752,0.224,1.9902535617010092e-05,107.0,0.44
1197,1790894609.0008657,-0.2437,0.0361,-0.4075,-0.0,0.113,0.1107,0.1626,0.1364,0.5362,0.0519,0.0743,-0.0,0.1993,0.4421,0.0,0.216,0.0,0.8752,0.0,1.9902535617010092e-05,156.0,0.46
1198,1790894609.489462,-0.2057,0.0471,-0.4165,-0.0257,0.0838,0.0769,0.1539,0.1142,0.4573,0.0771,0.0543,0.0,0.2908,0.2843,0.0,0.253,0.0,0.8752,0.0,1.9902535617010092e-05,176.1,0.48
1199,1790894609.975146,-0.2608,0.0384,-0.4108,-0.0846,0.1189,0.1153,0.1733,0.1433,0.5875,0.0581,0.0753,-0.0,0.2622,0.432,0.0,0.292,0.0,0.8752,0.0,1.9902535617010092e-05,219.6,0.48
1200,1790894610.481891,-0.1828,0.0432,-0.6464,-0.0,0.0791,0.0741,0.1408,0.108,0.3742,0.0668,0.0491,0.0,0.2154,0.2701,0.0,0.23,-0.0,0.8752,0.211,1.990122514534651e-05,108.1,0.5
1201,1790894612.9607046,-0.2588,0.0349,-0.5011,-0.0775,0.1306,0.1265,0.1828,0.1539,0.5246,0.0563,0.0733,-0.0,0.2805,0.4136,0.0,0.265,0.0,0.8752,0.0,1.990122514534651e-05,116.7,0.7
1202,1790894613.5239096,-0.2326,0.0334,-0.4835,-0.0707,0.1122,0.1113,0.1647,0.1371,0.4775,0.0534,0.0667,0.0,0.3095,0.3623,0.0,0.273,-0.0,0.8752,0.0,1.990122514534651e-05,168.0,0.56
1203,1790894614.0046566,-0.3044,0.0391,-0.5731,-0.1582,0.1573,0.1553,0.2202,0.1842,0.6008,0.0649,0.0937,0.0,0.2651,0.5542,0.0,0.301,-0.0,0.8752,0.0,1.990122514534651e-05,245.4,0.48
1204,1790894614.4740148,-0.1882,0.0523,-0.4811,-0.0,0.0762,0.0704,0.1499,0.108,0.4006,0.0795,0.049,0.0,0.2073,0.2712,0.0,0.213,-0.0,0.8379,0.188,1.9899905966071603e-05,133.6,0.47
1205,1790894614.9087071,-0.233,0.0372,-0.5286,-0.0636,0.1096,0.1096,0.1598,0.136,0.4852,0.0502,0.0709,0.0,0.291,0.3952,0.0,0.253,-0.0,0.8752,0.0,1.9899905966071603e-05,195.6,0.43
1206,1790894615.387199,-0.2439,0.0393,-0.3956,-0.0448,0.1106,0.1068,0.1706,0.1408,0.5154,0.0638,0.0677,0.0,0.2302,0.3899,0.0,0.245,-0.0,0.8752,0.0,1.9899905966071603e-05,199.2,0.48
1207,1790894615.8985837,-0.2596,0.0315,-0.5056,-0.0777,0.1184,0.1176,0.1742,0.1471,0.5626,0.0565,0.0687,-0.0,0.2083,0.4023,0.0,0.244,0.0,0.8752,0.0,1.9899905966071603e-05,239.3,0.51
1208,1790894616.3893883,-0.19,0.0412,-0.4444,-0.0,0.0995,0.0837,0.149,0.1138,0.3805,0.0654,0.0552,-0.0,0.1748,0.3213,0.0,0.2,0.0,0.8752,0.198,1.989857808034552e-05,94.9,0.49
1209,1790894616.870369,-0.2158,0.0396,-0.4461,-0.0,0.0964,0.0921,0.156,0.12,0.4791,0.0639,0.06,-0.0,0.2295,0.3386,0.0,0.23,0.0,0.8752,0.0,1.989857808034552e-05,137.8,0.48
1210,1790894617.28615,-0.2015,0.0333,-0.4,-0.0523,0.0956,0.0866,0.1442,0.116,0.4276,0.0576,0.0742,0.0,0.2645,0.4244,0.0,0.259,-0.0,0.8752,0.0,1.989857808034552e-05,205.3,0.41
1211,1790894617.7608595,-0.2439,0.0416,-0.6278,-0.0785,0.109,0.1072,0.1753,0.1403,0.5178,0.068,0.0634,-0.0,0.2348,0.3598,0.0,0.239,0.0,0.8752,0.0,1.989857808034552e-05,243.3,0.47
1212,1790894618.2982452,-0.2608,0.0473,-1.0,-0.0,0.1342,0.1251,0.1953,0.1556,0.5258,0.0702,0.0664,-0.0,0.2188,0.3843,0.0,0.209,0.0,0.8752,0.195,1.9897241489336062e-05,94.5,0.53
1213,1790894618.7741098,-0.2448,0.04,-0.4607,-0.0,0.1138,0.1111,0.1725,0.1448,0.5002,0.0614,0.0782,0.0,0.2051,0.4666,0.0,0.237,-0.0,0.8752,0.0,1.9897241489336062e-05,159.2,0.47
1214,1790894619.2426388,-0.2617,0.0397,-0.442,-0.0766,0.1175,0.1152,0.1804,0.1493,0.562,0.0652,0.068,0.0,0.2024,0.3996,0.0,0.257,-0.0,0.8752,0.0,1.9897241489336062e-05,183.2,0.46
1215,1790894619.7873943,-0.2224,0.0313,-0.4187,-0.0743,0.101,0.0984,0.152,0.1234,0.495,0.0536,0.0615,0.0,0.2236,0.3507,0.0,0.246,-0.0,0.8752,0.0,1.9897241489336062e-05,211.2,0.54
1216,1790894620.2675822,-0.2165,0.0438,-0.4833,-0.0,0.1107,0.0962,0.1658,0.1291,0.4369,0.0696,0.0589,-0.0,0.2216,0.3334,0.0,0.209,0.0,0.8752,0.195,1.98958961942187e-05,108.7,0.48
1217,1790894620.737318,-0.2123,0.0433,-0.3714,-0.0,0.0935,0.0845,0.1549,0.1201,0.461,0.0704,0.0616,0.0,0.2231,0.351,0.0,0.233,-0.0,0.8752,0.0,1.98958961942187e-05,177.7,0.47
1218,1790894621.236148,-0.2065,0.0251,-0.4369,-0.0611,0.1002,0.0972,0.1369,0.1174,0.4455,0.0397,0.0656,0.0,0.262,0.3672,0.0,0.247,-0.0,0.8752,0.0,1.98958961942187e-05,199.4,0.5
1219,1790894621.7842872,-0.2771,0.0443,-0.5595,-0.037,0.1248,0.1248,0.2005,0.1619,0.5757,0.0757,0.0835,-0.0,0.2185,0.4981,0.0,0.261,0.0,0.8752,0.0,1.98958961942187e-05,212.2,0.54
1220,1790894622.2774518,-0.2577,0.0433,-0.67,-0.0536,0.1418,0.1273,0.199,0.1581,0.4978,0.0717,0.0931,0.0,0.2195,0.5621,0.0,0.25,-0.0,0.8379,0.225,1.9894542196176543e-05,91.2,0.49
1221,1790894622.7189915,-0.2866,0.0233,-0.4932,-0.0435,0.1606,0.1544,0.1963,0.1723,0.5719,0.0419,0.0879,-0.0,0.2169,0.5285,0.0,0.271,0.0,0.8379,0.0,1.9894542196176543e-05,180.8,0.44
1222,1790894623.17955,-0.2063,0.0398,-0.4327,-0.0274,0.0978,0.0944,0.1475,0.1213,0.4252,0.0531,0.074,0.0,0.266,0.4227,0.0,0.224,-0.0,0.8752,0.0,1.9894542196176543e-05,206.3,0.46
1223,1790894623.670558,-0.2793,0.0307,-0.5447,-0.1459,0.1402,0.1334,0.1916,0.1612,0.5908,0.0582,0.0802,-0.0,0.1889,0.4844,0.0,0.245,0.0,0.8752,0.0,1.9894542196176543e-05,235.2,0.49
1224,1790894624.1102448,-0.1536,0.0339,-0.4381,-0.0,0.074,0.0638,0.1054,0.0847,0.3449,0.0416,0.0444,-0.0,0.2692,0.224,0.0,0.175,0.0,0.8379,0.212,1.989317949640037e-05,110.2,0.44
1225,1790894624.5869834,-0.2483,0.0441,-0.5254,-0.0407,0.1196,0.1113,0.1942,0.1519,0.4821,0.0829,0.0644,0.0,0.2003,0.3759,0.0,0.248,-0.0,0.8752,0.0,1.989317949640037e-05,147.1,0.47
1226,1790894627.1670187,-0.2342,0.0313,-0.5641,-0.1071,0.1116,0.105,0.1657,0.1352,0.495,0.0607,0.0734,0.0,0.2561,0.4213,0.0,0.233,-0.0,0.8752,0.0,1.989317949640037e-05,142.2,0.62
1227,1790894627.7250874,-0.2752,0.0322,-0.4238,-0.1193,0.1322,0.1306,0.1822,0.1566,0.593,0.0516,0.0828,0.0,0.2402,0.4877,0.0,0.247,-0.0,0.8752,0.0,1.989317949640037e-05,217.3,0.55
1228,1790894628.1557577,-0.2016,0.0411,-0.5206,-0.0,0.0989,0.0958,0.1546,0.1218,0.3989,0.0588,0.0645,-0.0,0.2576,0.3615,0.0,0.239,0.0,0.8752,0.223,1.9891808096088593e-05,144.2,0.43
1229,1790894628.6023872,-0.1977,0.0341,-0.4061,-0.0,0.0951,0.0883,0.1388,0.1153,0.4122,0.0505,0.063,-0.0,0.2801,0.3452,0.0,0.252,0.0,0.8752,0.0,1.9891808096088593e-05,183.1,0.44
1230,1790894629.033845,-0.2298,0.0324,-0.4929,-0.0304,0.1116,0.1087,0.1597,0.136,0.469,0.0509,0.0787,-0.0,0.226,0.4644,0.0,0.233,0.0,0.8752,0.0,1.9891808096088593e-05,220.8,0.43
1231,1790894629.5634818,-0.2403,0.0386,-0.5031,-0.0228,0.1142,0.1069,0.1637,0.1348,0.5273,0.0568,0.0693,0.0,0.2248,0.4018,0.0,0.227,0.0,0.8752,0.0,1.9891808096088593e-05,215.4,0.53
1232,1790894630.0130332,-0.218,0.0362,-0.5103,-0.0,0.1126,0.1049,0.1651,0.132,0.4299,0.0602,0.0705,-0.0,0.212,0.4134,0.0,0.208,-0.0,0.8379,0.217,1.9890427996447298e-05,117.8,0.45
1233,1790894630.4753475,-0.2648,0.041,-0.5657,-0.0,0.1212,0.1188,0.1959,0.1561,0.5438,0.0771,0.0927,0.0,0.2057,0.5632,0.0,0.302,-0.0,0.8379,0.0,1.9890427996447298e-05,155.9,0.46
1234,1790894630.934354,-0.2062,0.0497,-0.425,-0.0,0.0813,0.0782,0.1497,0.1103,0.4796,0.0715,0.059,0.0,0.2973,0.3141,0.0,0.242,-0.0,0.8752,0.0,1.9890427996447298e-05,197.6,0.46
1235,1790894631.4424787,-0.2367,0.0315,-0.4257,-0.1115,0.1141,0.1108,0.159,0.1335,0.516,0.0482,0.0705,0.0,0.2693,0.3985,0.0,0.25,-0.0,0.8752,0.0,1.9890427996447298e-05,224.5,0.51
1236,1790894631.921903,-0.1958,0.0313,-0.3714,-0.0467,0.0915,0.0814,0.136,0.1055,0.4516,0.0546,0.0514,0.0,0.2154,0.2854,0.0,0.183,-0.0,0.8752,0.2,1.9889039198690205e-05,107.9,0.48
1237,1790894632.4003427,-0.2303,0.0369,-0.5314,-0.0,0.1086,0.107,0.1705,0.1397,0.4529,0.0634,0.0649,-0.0,0.2123,0.376,0.0,0.232,0.0,0.8752,0.0,1.9889039198690205e-05,157.1,0.47
1238,1790894632.906645,-0.3089,0.0439,-0.5571,-0.122,0.1541,0.15,0.2207,0.1847,0.6211,0.0707,0.087,0.0,0.2435,0.5152,0.0,0.292,-0.0,0.8752,0.0,1.9889039198690205e-05,169.1,0.5
1239,1790894633.4266422,-0.2225,0.0294,-0.4338,-0.0599,0.0999,0.0969,0.1381,0.1173,0.5258,0.0412,0.06,0.0,0.227,0.3395,0.0,0.244,-0.0,0.8752,0.0,1.9889039198690205e-05,217.9,0.52
1240,1790894633.9393883,-0.201,0.043,-0.3826,-0.0,0.1019,0.0885,0.1554,0.1204,0.4032,0.067,0.0526,-0.0,0.2019,0.2968,0.0,0.225,0.0,0.7989,0.204,1.988764170403869e-05,91.7,0.51
1241,1790894634.3699424,-0.2001,0.0284,-0.4599,-0.0,0.1034,0.0931,0.1412,0.1156,0.4223,0.0482,0.0528,-0.0,0.1696,0.3067,0.0,0.208,0.0,0.8752,0.0,1.988764170403869e-05,165.9,0.43
1242,1790894634.8097968,-0.2302,0.0396,-0.5065,-0.0313,0.1016,0.1016,0.167,0.1351,0.4757,0.0654,0.0668,-0.0,0.298,0.3659,0.0,0.289,0.0,0.8752,0.0,1.988764170403869e-05,199.7,0.44
1243,1790894635.3251617,-0.2047,0.0327,-0.4066,-0.0263,0.0925,0.0908,0.1358,0.1129,0.4587,0.045,0.0623,-0.0,0.2219,0.3562,0.0,0.234,0.0,0.8752,0.0,1.988764170403869e-05,202.9,0.51
1244,1790894635.7896073,-0.2688,0.0395,-0.7,-0.0,0.1417,0.14,0.1992,0.1684,0.5021,0.0591,0.0768,0.0,0.2228,0.4523,0.0,0.226,-0.0,0.8752,0.202,1.9886235513721778e-05,112.8,0.46
1245,1790894636.2549636,-0.2686,0.0458,-0.4733,-0.053,0.1274,0.1243,0.2025,0.1608,0.5391,0.0782,0.0729,-0.0,0.2763,0.4123,0.0,0.283,0.0,0.8752,0.0,1.9886235513721778e-05,164.2,0.46
1246,1790894636.766684,-0.249,0.0417,-0.4937,-0.0604,0.1145,0.1119,0.1787,0.1444,0.5226,0.0668,0.0701,-0.0,0.3048,0.3864,0.0,0.254,0.0,0.8752,0.0,1.9886235513721778e-05,191.9,0.51
1247,1790894637.2883189,-0.2332,0.0346,-0.4381,-0.0486,0.1008,0.0989,0.1535,0.1285,0.5234,0.0546,0.0668,0.0,0.2087,0.3897,0.0,0.242,-0.0,0.8752,0.0,1.9886235513721778e-05,249.1,0.52
1248,1790894637.729223,-0.2263,0.0534,-0.537,-0.0,0.1093,0.0907,0.1733,0.131,0.4763,0.0826,0.0748,0.0,0.2078,0.4432,0.0,0.193,-0.0,0.8752,0.268,1.9884820628976137e-05,107.9,0.44
1249,1790894638.1393209,-0.2276,0.0449,-0.4691,-0.0,0.1105,0.1039,0.1796,0.1414,0.4308,0.0757,0.0675,0.0,0.2148,0.3926,0.0,0.252,-0.0,0.8752,0.0,1.9884820628976137e-05,178.9,0.41
1250,1790894638.5732074,-0.2369,0.0355,-0.3873,-0.0628,0.1148,0.1084,0.1713,0.1401,0.4843,0.0629,0.0731,0.0,0.2529,0.4197,0.0,0.262,-0.0,0.8752,0.0,1.9884820628976137e-05,212.5,0.43
1251,1790894640.9704766,-0.2687,0.0358,-0.4791,-0.077,0.1383,0.1253,0.1878,0.1549,0.569,0.0625,0.0811,0.0,0.2219,0.4816,0.0,0.253,-0.0,0.8752,0.0,1.9884820628976137e-05,201.6,0.58
1252,1790894641.4363835,-0.2073,0.0532,-0.5078,-0.0,0.0998,0.0856,0.1637,0.1212,0.4305,0.0781,0.0526,-0.0,0.2364,0.2876,0.0,0.189,0.0,0.8752,0.214,1.988339705104609e-05,102.2,0.46
1253,1790894641.8896353,-0.2038,0.0406,-0.4014,-0.0382,0.0876,0.0832,0.1508,0.1151,0.4436,0.0676,0.0631,-0.0,0.2393,0.3567,0.0,0.216,0.0,0.8752,0.0,1.988339705104609e-05,166.8,0.45
1254,1790894642.3199449,-0.2437,0.0411,-0.4221,-0.0308,0.1047,0.1039,0.172,0.1365,0.5361,0.0681,0.0779,0.0,0.2314,0.4577,0.0,0.272,-0.0,0.8752,0.0,1.988339705104609e-05,232.2,0.43
1255,1790894642.8262186,-0.2579,0.0359,-0.6082,-0.0439,0.1252,0.124,0.1766,0.1499,0.5401,0.0526,0.0713,0.0,0.1904,0.4246,0.0,0.24,-0.0,0.8752,0.0,1.988339705104609e-05,234.0,0.5
1256,1790894643.3206863,-0.2062,0.0729,-0.5038,-0.0,0.085,0.0729,0.1888,0.1229,0.4165,0.1159,0.0539,-0.0,0.2281,0.2984,0.0,0.2,0.0,0.8752,0.192,1.9881964781183595e-05,82.9,0.49
1257,1790894643.8163843,-0.2427,0.0344,-0.4503,-0.0,0.1407,0.1239,0.1843,0.1499,0.4641,0.0604,0.0636,-0.0,0.2181,0.366,0.0,0.222,0.0,0.8752,0.0,1.9881964781183595e-05,136.2,0.49
1258,1790894644.2865767,-0.2207,0.0299,-0.5145,-0.0514,0.0989,0.0957,0.1466,0.1222,0.4924,0.0509,0.0606,0.0,0.2574,0.3354,0.0,0.248,-0.0,0.8752,0.0,1.9881964781183595e-05,186.8,0.47
1259,1790894644.7465641,-0.2437,0.0356,-0.4687,-0.0678,0.1175,0.1137,0.1707,0.1426,0.5056,0.057,0.0726,0.0,0.2572,0.4154,0.0,0.251,0.0,0.8752,0.0,1.9881964781183595e-05,230.3,0.46
1260,1790894645.2512405,-0.2466,0.0491,-0.6467,-0.0417,0.1227,0.1132,0.1934,0.1518,0.474,0.0802,0.0688,-0.0,0.2652,0.3879,0.0,0.243,0.0,0.8752,0.219,1.9880523820648257e-05,101.7,0.5
1261,1790894645.7145112,-0.2656,0.0378,-0.5314,-0.0339,0.1443,0.133,0.1917,0.1606,0.5253,0.0587,0.0869,-0.0,0.2292,0.5182,0.0,0.276,0.0,0.8752,0.0,1.9880523820648257e-05,171.9,0.46
1262,1790894646.176064,-0.2171,0.0358,-0.3866,-0.0739,0.1005,0.0983,0.1521,0.1244,0.4638,0.0537,0.0605,-0.0,0.281,0.3284,0.0,0.253,0.0,0.8752,0.0,1.9880523820648257e-05,203.0,0.46
1263,1790894646.7109408,-0.3049,0.0365,-0.5582,-0.145,0.1497,0.1478,0.2085,0.1804,0.6224,0.0607,0.0964,-0.0,0.2012,0.5893,0.0,0.272,0.0,0.8752,0.0,1.9880523820648257e-05,220.1,0.53
1264,1790894647.1987262,-0.254,0.052,-0.5879,-0.0,0.1375,0.1142,0.2008,0.1543,0.4985,0.0866,0.1019,0.0,0.2024,0.6257,0.0,0.247,-0.0,0.8752,0.269,1.9879074170707337e-05,91.4,0.49
1265,1790894647.6702323,-0.2629,0.0367,-0.581,-0.0,0.1531,0.1432,0.2018,0.1728,0.4501,0.0586,0.0856,0.0,0.2471,0.505,0.0,0.256,-0.0,0.8752,0.0,1.9879074170707337e-05,145.0,0.47
1266,1790894648.137338,-0.1711,0.0379,-0.3311,-0.0474,0.0666,0.0605,0.1165,0.0923,0.3939,0.056,0.0465,0.0,0.2495,0.2438,0.0,0.231,-0.0,0.8752,0.0,1.9879074170707337e-05,183.2,0.46
1267,1790894648.66568,-0.2623,0.034,-0.4882,-0.0573,0.1215,0.1215,0.1753,0.148,0.5715,0.0538,0.0809,-0.0,0.2269,0.479,0.0,0.274,0.0,0.8752,0.0,1.9879074170707337e-05,205.8,0.53
1268,1790894649.1567068,-0.2254,0.0342,-0.4936,-0.0667,0.1195,0.1086,0.1632,0.1363,0.4456,0.0546,0.0746,-0.0,0.1723,0.4516,0.0,0.195,0.0,0.8752,0.23,1.987761583263571e-05,114.4,0.49
1269,1790894649.5848465,-0.2144,0.0422,-0.4396,-0.0303,0.0963,0.0938,0.1581,0.127,0.4373,0.0643,0.0672,-0.0,0.1899,0.3973,0.0,0.223,0.0,0.8379,0.0,1.987761583263571e-05,188.9,0.42
1270,1790894650.0590508,-0.2517,0.038,-0.41,-0.0615,0.1127,0.1109,0.1698,0.1436,0.5409,0.0589,0.066,0.0,0.2603,0.3709,0.0,0.257,0.0,0.8752,0.0,1.987761583263571e-05,199.8,0.47
1271,1790894650.5996482,-0.2415,0.0319,-0.3955,-0.0557,0.1086,0.1071,0.154,0.1324,0.5456,0.0469,0.0664,0.0,0.1848,0.3933,0.0,0.233,-0.0,0.8752,0.0,1.987761583263571e-05,252.2,0.54
1272,1790894651.0927677,-0.1719,0.0567,-0.3995,-0.0,0.0567,0.0535,0.1419,0.0955,0.382,0.0884,0.044,-0.0,0.2326,0.231,0.0,0.234,0.0,0.8752,0.188,1.987614880771592e-05,103.8,0.49
1273,1790894651.5738347,-0.1816,0.0351,-0.472,-0.0,0.0869,0.0829,0.1314,0.1025,0.3956,0.0484,0.0543,0.0,0.2185,0.3038,0.0,0.239,-0.0,0.8379,0.0,1.987614880771592e-05,161.7,0.48
1274,1790894652.0481308,-0.2431,0.0381,-0.4608,-0.0,0.1142,0.1083,0.174,0.1416,0.5073,0.0657,0.0705,0.0,0.2479,0.404,0.0,0.265,-0.0,0.8752,0.0,1.987614880771592e-05,194.2,0.47
1275,1790894652.5409832,-0.2693,0.0366,-0.4209,-0.0981,0.1324,0.1311,0.1914,0.1624,0.5345,0.0603,0.0825,0.0,0.2406,0.4859,0.0,0.257,-0.0,0.8752,0.0,1.987614880771592e-05,228.1,0.49
1276,1790894654.9585397,-0.3007,0.0525,-0.6894,-0.0,0.1669,0.1522,0.2494,0.194,0.5334,0.0971,0.1248,-0.0,0.2004,0.7785,0.0,0.235,0.0,0.8752,0.301,1.9874673097238136e-05,74.6,0.62
1277,1790894655.4522946,-0.2789,0.0413,-0.5301,-0.0971,0.1215,0.1215,0.1857,0.159,0.5993,0.0642,0.0718,-0.0,0.2471,0.4131,0.0,0.281,0.0,0.8752,0.0,1.9874673097238136e-05,142.3,0.49
1278,1790894655.9018347,-0.1855,0.0355,-0.352,-0.0611,0.0787,0.0763,0.1346,0.1041,0.4067,0.0584,0.0547,0.0,0.2508,0.2977,0.0,0.222,-0.0,0.8752,0.0,1.9874673097238136e-05,194.7,0.45
1279,1790894656.3847923,-0.2481,0.0263,-0.4529,-0.0263,0.1248,0.1201,0.1694,0.143,0.5259,0.0493,0.0832,0.0,0.1991,0.5016,0.0,0.238,-0.0,0.8752,0.0,1.9874673097238136e-05,239.5,0.48
1280,1790894656.8393712,-0.1968,0.0501,-0.4857,-0.0,0.0941,0.0783,0.151,0.1113,0.4276,0.0727,0.0585,0.0,0.1996,0.3368,0.0,0.184,-0.0,0.8752,0.2,1.9873188702500163e-05,111.5,0.45
1281,1790894657.2274299,-0.2013,0.0366,-0.3556,-0.0808,0.1037,0.0938,0.1483,0.1189,0.4121,0.0545,0.0568,-0.0,0.1871,0.3291,0.0,0.204,0.0,0.8752,0.0,1.9873188702500163e-05,175.2,0.39
1282,1790894657.6854396,-0.2285,0.037,-0.4733,-0.0265,0.1141,0.1075,0.164,0.1352,0.4665,0.0565,0.0739,0.0,0.3348,0.4031,0.0,0.284,-0.0,0.8752,0.0,1.9873188702500163e-05,193.5,0.45
1283,1790894658.153879,-0.286,0.0431,-0.4871,-0.084,0.1325,0.1318,0.1977,0.164,0.6102,0.0659,0.0802,-0.0,0.2441,0.4699,0.0,0.311,0.0,0.8752,0.0,1.9873188702500163e-05,225.9,0.46
1284,1790894658.5997815,-0.2521,0.05,-0.4727,-0.0,0.1302,0.109,0.1907,0.15,0.5101,0.0816,0.0749,-0.0,0.2272,0.4386,0.0,0.19,0.0,0.8752,0.312,1.9871695624807458e-05,103.1,0.44
1285,1790894659.0352073,-0.2144,0.0403,-0.4646,-0.0463,0.1085,0.0953,0.1577,0.1228,0.458,0.0625,0.0645,0.0,0.1835,0.3812,0.0,0.221,-0.0,0.8752,0.0,1.9871695624807458e-05,160.3,0.43
1286,1790894659.4959562,-0.1683,0.0331,-0.3367,-0.0,0.0692,0.0672,0.1163,0.0926,0.3782,0.0491,0.0514,0.0,0.2545,0.2747,0.0,0.23,-0.0,0.8752,0.0,1.9871695624807458e-05,202.5,0.46
1287,1790894660.0129926,-0.2455,0.0308,-0.3438,-0.1173,0.1162,0.1106,0.1645,0.1378,0.5385,0.0539,0.0658,0.0,0.2187,0.3801,0.0,0.239,-0.0,0.8752,0.0,1.9871695624807458e-05,234.2,0.51
1288,1790894660.4781573,-0.1701,0.0512,-0.4643,-0.0,0.0804,0.0627,0.136,0.1005,0.3479,0.0733,0.0446,0.0,0.1711,0.2517,0.0,0.168,-0.0,0.8752,0.188,1.98701938654731e-05,112.9,0.46
1289,1790894660.9127877,-0.2504,0.0368,-0.4641,-0.0336,0.123,0.1203,0.1783,0.1487,0.5082,0.0579,0.0732,0.0,0.1944,0.4363,0.0,0.257,0.0,0.8752,0.0,1.98701938654731e-05,172.5,0.43
1290,1790894661.365779,-0.2615,0.0408,-0.4905,-0.0627,0.1285,0.1242,0.1924,0.1582,0.5167,0.0682,0.0931,-0.0,0.27,0.5487,0.0,0.26,0.0,0.8752,0.0,1.98701938654731e-05,203.9,0.45
1291,1790894661.8690286,-0.2029,0.0299,-0.3564,-0.0646,0.0975,0.0907,0.135,0.1118,0.4553,0.0442,0.0657,0.0,0.2436,0.3729,0.0,0.235,-0.0,0.8752,0.0,1.98701938654731e-05,213.7,0.5
1292,1790894662.311019,-0.203,0.0513,-0.5023,-0.0,0.0944,0.077,0.1493,0.1173,0.4285,0.0724,0.0568,-0.0,0.2357,0.3156,0.0,0.184,0.0,0.8752,0.215,1.9868683425817806e-05,113.8,0.44
1293,1790894662.7471266,-0.2538,0.0401,-0.5815,-0.0611,0.1145,0.1113,0.1786,0.145,0.5437,0.0673,0.0714,-0.0,0.213,0.4189,0.0,0.241,0.0,0.8752,0.0,1.9868683425817806e-05,166.2,0.43
1294,1790894663.2287738,-0.2464,0.0334,-0.6344,-0.0265,0.12,0.1169,0.1673,0.1457,0.5039,0.0504,0.0821,-0.0,0.2525,0.4799,0.0,0.261,0.0,0.8752,0.0,1.9868683425817806e-05,184.8,0.48
1295,1790894663.6585717,-0.2613,0.0379,-0.4301,-0.0538,0.1161,0.1153,0.1687,0.143,0.5911,0.0534,0.071,-0.0,0.2295,0.4122,0.0,0.262,0.0,0.8752,0.0,1.9868683425817806e-05,268.6,0.43
1296,1790894664.1433163,-0.1605,0.0393,-0.3374,-0.0,0.0851,0.0672,0.1292,0.0977,0.3142,0.062,0.0482,-0.0,0.1928,0.2702,0.0,0.171,0.0,0.8752,0.207,1.9867164307169932e-05,110.9,0.48
1297,1790894664.6197822,-0.2014,0.0428,-0.45,-0.0308,0.0973,0.0879,0.1459,0.1165,0.4246,0.058,0.0687,0.0,0.1984,0.405,0.0,0.219,-0.0,0.8752,0.0,1.9867164307169932e-05,167.5,0.47
1298,1790894665.0793724,-0.1857,0.0342,-0.3413,-0.0619,0.0903,0.0835,0.135,0.1087,0.3851,0.0514,0.0644,0.0,0.2536,0.3617,0.0,0.214,-0.0,0.8752,0.0,1.9867164307169932e-05,207.7,0.46
1299,1790894665.5425675,-0.2159,0.0269,-0.4164,-0.0733,0.1067,0.1023,0.1433,0.1211,0.4737,0.041,0.0581,0.0,0.2091,0.3315,0.0,0.227,-0.0,0.8752,0.0,1.9867164307169932e-05,260.1,0.46
1300,1790894665.9831479,-0.2356,0.0427,-0.52,-0.0,0.1193,0.1076,0.1661,0.1317,0.5194,0.0585,0.062,0.0,0.2376,0.35,0.0,0.207,-0.0,0.8752,0.232,1.9865636510865466e-05,111.9,0.44
1301,1790894668.34335,-0.252,0.0364,-0.5509,-0.0313,0.1401,0.1244,0.1823,0.1556,0.4817,0.0579,0.0772,-0.0,0.2943,0.4362,0.0,0.284,0.0,0.8752,0.0,1.9865636510865466e-05,117.2,0.66
1302,1790894668.8575191,-0.2459,0.0396,-0.4421,-0.0258,0.1114,0.1063,0.1772,0.1406,0.5267,0.0709,0.0729,0.0,0.2585,0.4173,0.0,0.254,-0.0,0.8752,0.0,1.9865636510865466e-05,187.7,0.51
1303,1790894669.320015,-0.2619,0.0351,-0.4288,-0.1002,0.1218,0.1191,0.1737,0.1468,0.5755,0.0546,0.0718,-0.0,0.2337,0.4162,0.0,0.271,0.0,0.8752,0.0,1.9865636510865466e-05,288.8,0.46
1304,1790894669.7679977,-0.2322,0.0251,-0.5125,-0.0828,0.1295,0.1243,0.1706,0.1471,0.4253,0.0462,0.0679,0.0,0.2251,0.3928,0.0,0.203,-0.0,0.7989,0.193,1.9864100038248022e-05,120.9,0.44
1305,1790894670.198575,-0.2628,0.0397,-0.5902,-0.0,0.1391,0.1275,0.1872,0.1569,0.5295,0.0598,0.0745,-0.0,0.2163,0.4387,0.0,0.269,0.0,0.8752,0.0,1.9864100038248022e-05,183.5,0.43
1306,1790894670.637625,-0.2887,0.0385,-0.5279,-0.1634,0.1471,0.1397,0.2074,0.1716,0.5855,0.0677,0.088,0.0,0.2741,0.5136,0.0,0.272,-0.0,0.8752,0.0,1.9864100038248022e-05,211.5,0.44
1307,1790894671.168942,-0.227,0.0379,-0.457,-0.0265,0.0979,0.0943,0.1532,0.1249,0.5106,0.0589,0.0591,0.0,0.2057,0.3392,0.0,0.247,-0.0,0.8752,0.0,1.9864100038248022e-05,235.9,0.53
1308,1790894671.6343582,-0.2027,0.0385,-0.4253,-0.0,0.097,0.0907,0.1492,0.1185,0.4212,0.0585,0.0541,-0.0,0.1873,0.3109,0.0,0.207,0.0,0.8752,0.191,1.986255489066885e-05,121.4,0.46
1309,1790894672.0661726,-0.2361,0.033,-0.4541,-0.0876,0.1108,0.1037,0.1655,0.1363,0.4989,0.0618,0.091,0.0,0.2416,0.5423,0.0,0.234,-0.0,0.8752,0.0,1.986255489066885e-05,188.3,0.43
1310,1790894672.562868,-0.24,0.0267,-0.4264,-0.0254,0.1259,0.119,0.1595,0.1411,0.4943,0.0405,0.0741,0.0,0.2466,0.4286,0.0,0.24,-0.0,0.8783,0.0,1.986255489066885e-05,172.8,0.49
1311,1790894672.9662008,-0.2188,0.0455,-0.5798,-0.0,0.1127,0.0977,0.174,0.1308,0.44,0.0763,0.0612,-0.0,0.185,0.3589,0.0,0.204,0.0,0.8379,0.0,1.986255489066885e-05,125.1,0.4
1312,1790894673.413932,-0.1845,0.0414,-0.3911,-0.0,0.0843,0.0803,0.134,0.1065,0.3898,0.0536,0.0644,-0.0,0.2641,0.3591,0.0,0.227,0.0,0.8752,0.194,1.986100106948682e-05,170.4,0.44
1313,1790894673.9020414,-0.2498,0.0388,-0.4205,-0.0829,0.1222,0.1177,0.181,0.148,0.5092,0.0634,0.0774,-0.0,0.232,0.4541,0.0,0.252,0.0,0.8752,0.0,1.986100106948682e-05,191.3,0.49
1314,1790894674.424782,-0.2537,0.0452,-0.4023,-0.0879,0.1084,0.1078,0.1791,0.1434,0.5519,0.0713,0.0713,0.0,0.2849,0.3993,0.0,0.286,-0.0,0.8752,0.0,1.986100106948682e-05,226.1,0.52
1315,1790894674.9100904,-0.2473,0.0603,-0.7667,-0.0,0.1088,0.1031,0.1993,0.1483,0.4951,0.0962,0.0897,-0.0,0.2274,0.5375,0.0,0.214,0.0,0.8752,0.0,1.986100106948682e-05,106.1,0.48
1316,1790894675.4030802,-0.2871,0.036,-0.5367,-0.0928,0.1452,0.139,0.2073,0.1728,0.5714,0.0684,0.1134,-0.0,0.2087,0.7001,0.0,0.274,0.0,0.8752,0.196,1.985943857606844e-05,172.0,0.49
1317,1790894675.9135308,-0.185,0.0378,-0.3595,-0.036,0.0836,0.078,0.1352,0.1053,0.3989,0.0571,0.0503,-0.0,0.2265,0.2749,0.0,0.226,0.0,0.8752,0.0,1.985943857606844e-05,183.9,0.51
1318,1790894676.4327667,-0.2432,0.0316,-0.404,-0.0875,0.1121,0.1065,0.1619,0.1338,0.547,0.0554,0.0642,-0.0,0.2086,0.3723,0.0,0.237,0.0,0.8752,0.0,1.985943857606844e-05,233.9,0.52
1319,1790894676.909826,-0.1971,0.0375,-0.6167,-0.0577,0.0942,0.0906,0.1471,0.1184,0.3936,0.0565,0.0581,0.0,0.2317,0.3254,0.0,0.178,-0.0,0.8752,0.0,1.985943857606844e-05,103.4,0.47
1320,1790894677.3843663,-0.2058,0.037,-0.3989,-0.0262,0.0951,0.0926,0.149,0.1221,0.4189,0.0564,0.0713,-0.0,0.2685,0.4038,0.0,0.223,0.0,0.8752,0.205,1.9857867411787847e-05,173.8,0.47
1321,1790894677.8566024,-0.269,0.0442,-0.5294,-0.0737,0.1243,0.1233,0.1973,0.1604,0.5429,0.074,0.0884,0.0,0.3523,0.4951,0.0,0.286,-0.0,0.8752,0.0,1.9857867411787847e-05,205.0,0.47
1322,1790894678.338438,-0.2671,0.0331,-0.4538,-0.0775,0.1309,0.1224,0.1784,0.1496,0.5878,0.0559,0.074,-0.0,0.2105,0.437,0.0,0.271,0.0,0.8752,0.0,1.9857867411787847e-05,238.6,0.48
1323,1790894678.8148785,-0.2314,0.0503,-0.55,-0.0,0.1206,0.1043,0.1869,0.141,0.4523,0.0827,0.0589,-0.0,0.2281,0.3316,0.0,0.193,0.0,0.8752,0.0,1.9857867411787847e-05,95.6,0.47
1324,1790894679.327014,-0.2325,0.0369,-0.5321,-0.0686,0.1094,0.1048,0.165,0.135,0.4875,0.0602,0.0666,0.0,0.2471,0.3782,0.0,0.264,-0.0,0.8752,0.268,1.9856287578026795e-05,138.8,0.51
1325,1790894679.7637224,-0.1908,0.0342,-0.4294,-0.0304,0.085,0.084,0.1335,0.1117,0.3958,0.0495,0.0519,0.0,0.2097,0.2902,0.0,0.231,-0.0,0.8379,0.0,1.9856287578026795e-05,213.8,0.43
1326,1790894682.2087226,-0.2473,0.0334,-0.4395,-0.0702,0.1118,0.1112,0.1611,0.1377,0.548,0.0499,0.0858,0.0,0.1852,0.5229,0.0,0.263,-0.0,0.8752,0.0,1.9856287578026795e-05,206.1,0.61
1327,1790894682.609617,-0.1741,0.0426,-0.3521,-0.0,0.0749,0.068,0.1373,0.0952,0.3946,0.0694,0.0402,-0.0,0.1911,0.2169,0.0,0.212,0.0,0.8752,0.0,1.9856287578026795e-05,131.2,0.4
1328,1790894683.039413,-0.2099,0.0491,-0.5722,-0.0,0.0922,0.0834,0.1574,0.1165,0.467,0.074,0.0534,-0.0,0.2178,0.2976,0.0,0.233,0.0,0.8752,0.196,1.985469907617466e-05,172.8,0.43
1329,1790894683.4863095,-0.2322,0.0396,-0.4533,-0.0533,0.1036,0.1007,0.1623,0.1301,0.5105,0.0616,0.0665,0.0,0.2521,0.3761,0.0,0.269,0.0,0.8752,0.0,1.985469907617466e-05,199.7,0.44
1330,1790894683.967121,-0.2601,0.0335,-0.512,-0.0437,0.1218,0.1201,0.1706,0.1435,0.5831,0.0505,0.0707,-0.0,0.1999,0.4182,0.0,0.249,0.0,0.8752,0.0,1.985469907617466e-05,236.0,0.48
1331,1790894684.4287336,-0.24,0.0481,-0.5798,-0.0,0.1146,0.1047,0.1829,0.1442,0.4786,0.0782,0.0754,-0.0,0.222,0.4438,0.0,0.207,0.0,0.8379,0.0,1.985469907617466e-05,109.3,0.46
1332,1790894684.8804858,-0.2089,0.0394,-0.5389,-0.0407,0.0939,0.0893,0.1536,0.1224,0.4324,0.0643,0.0626,-0.0,0.191,0.3666,0.0,0.237,0.0,0.8752,0.237,1.9853101907628455e-05,174.7,0.45
1333,1790894685.3537335,-0.2444,0.0434,-0.5078,-0.0,0.1123,0.1046,0.1759,0.1417,0.5131,0.0712,0.0665,0.0,0.2917,0.3655,0.0,0.272,-0.0,0.8752,0.0,1.9853101907628455e-05,199.5,0.47
1334,1790894685.8419921,-0.1967,0.0414,-0.4079,-0.0244,0.0785,0.0777,0.1368,0.1076,0.4455,0.0591,0.0507,-0.0,0.2528,0.2707,0.0,0.237,0.0,0.8752,0.0,1.9853101907628455e-05,239.4,0.49
1335,1790894686.2480283,-0.2208,0.036,-0.4503,-0.0407,0.1064,0.1049,0.1614,0.1312,0.4476,0.0565,0.0616,-0.0,0.2498,0.3438,0.0,0.212,0.0,0.7989,0.0,1.9853101907628455e-05,132.5,0.4
1336,1790894686.74527,-0.232,0.0378,-0.4778,-0.0762,0.1052,0.1038,0.1674,0.1349,0.4854,0.0635,0.063,0.0,0.1892,0.3696,0.0,0.23,-0.0,0.8752,0.17,1.98514960737928e-05,157.2,0.49
1337,1790894687.2324383,-0.2388,0.0373,-0.4213,-0.0313,0.1049,0.1017,0.1644,0.1364,0.5118,0.0627,0.0859,0.0,0.2137,0.516,0.0,0.245,-0.0,0.8752,0.0,1.98514960737928e-05,190.5,0.48
1338,1790894687.7632713,-0.2538,0.033,-0.4384,-0.1216,0.1189,0.1151,0.1664,0.1405,0.5665,0.0513,0.065,-0.0,0.1947,0.3812,0.0,0.238,0.0,0.8752,0.0,1.98514960737928e-05,253.0,0.53
1339,1790894688.2074533,-0.1891,0.0447,-0.463,-0.0,0.0856,0.0758,0.1479,0.1103,0.3939,0.0721,0.0607,-0.0,0.257,0.336,0.0,0.205,0.0,0.8379,0.0,1.98514960737928e-05,116.1,0.44
1340,1790894688.7120724,-0.2523,0.0311,-0.5836,-0.0,0.1331,0.1255,0.1805,0.1518,0.5026,0.055,0.0818,0.0,0.2593,0.4761,0.0,0.237,-0.0,0.8752,0.207,1.9849881576079944e-05,162.2,0.5
1341,1790894689.1285973,-0.238,0.0331,-0.3689,-0.1174,0.1121,0.1121,0.1663,0.1417,0.4817,0.0542,0.0722,0.0,0.3123,0.3977,0.0,0.252,-0.0,0.8752,0.0,1.9849881576079944e-05,229.9,0.41
1342,1790894689.5717044,-0.2138,0.0338,-0.4312,-0.0,0.0998,0.099,0.1527,0.1248,0.4448,0.0538,0.0596,0.0,0.305,0.3162,0.0,0.241,-0.0,0.8752,0.0,1.9849881576079944e-05,258.1,0.44
1343,1790894690.047411,-0.2612,0.078,-0.6333,-0.0,0.1358,0.0978,0.2319,0.1605,0.5036,0.134,0.072,-0.0,0.2349,0.4174,0.0,0.208,0.0,0.8752,0.0,1.9849881576079944e-05,85.1,0.47
1344,1790894690.5370455,-0.1485,0.0438,-0.4103,-0.0,0.0606,0.051,0.1236,0.0872,0.3066,0.0726,0.0459,-0.0,0.241,0.2415,0.0,0.216,0.0,0.8752,0.245,1.9848258415909755e-05,118.0,0.49
1345,1790894690.9827695,-0.2363,0.0359,-0.6251,-0.0744,0.1087,0.1057,0.1654,0.135,0.5064,0.0597,0.0656,-0.0,0.2963,0.3585,0.0,0.261,0.0,0.8752,0.0,1.9848258415909755e-05,206.1,0.44
1346,1790894691.5155675,-0.2607,0.0382,-0.4265,-0.131,0.1171,0.1145,0.1712,0.1436,0.5852,0.0568,0.076,0.0,0.2045,0.4524,0.0,0.269,-0.0,0.8752,0.0,1.9848258415909755e-05,220.2,0.53
1347,1790894691.9696877,-0.2322,0.0377,-0.5619,-0.0385,0.1207,0.1086,0.1807,0.1419,0.4512,0.0721,0.062,-0.0,0.2309,0.3519,0.0,0.225,0.0,0.8379,0.0,1.9848258415909755e-05,110.5,0.45
1348,1790894692.419226,-0.2541,0.0327,-0.4933,-0.0584,0.1427,0.1319,0.1857,0.1569,0.4862,0.0538,0.0693,-0.0,0.2116,0.4058,0.0,0.246,0.0,0.8752,0.242,1.9846626594709718e-05,162.5,0.45
1349,1790894692.8851583,-0.1655,0.0408,-0.3403,-0.0283,0.0703,0.0614,0.1242,0.0901,0.3769,0.0627,0.0405,-0.0,0.2505,0.203,0.0,0.205,0.0,0.8752,0.0,1.9846626594709718e-05,188.8,0.46
1350,1790894693.4425557,-0.2628,0.0349,-0.4643,-0.0533,0.1285,0.1278,0.1817,0.1565,0.5312,0.0539,0.076,-0.0,0.207,0.4516,0.0,0.258,0.0,0.8752,0.0,1.9846626594709718e-05,219.7,0.55
1351,1790894696.064399,-0.1825,0.0394,-0.3929,-0.0,0.0879,0.0749,0.1387,0.1085,0.37,0.0638,0.0665,-0.0,0.2131,0.3864,0.0,0.199,0.0,0.8752,0.0,1.9846626594709718e-05,96.5,0.53
1352,1790894696.656867,-0.2155,0.038,-0.5065,-0.0,0.1137,0.1057,0.1642,0.1324,0.4153,0.0586,0.0632,-0.0,0.1718,0.3756,0.0,0.228,0.0,0.8752,0.195,1.9844986113914936e-05,128.6,0.59
1353,1790894697.1149924,-0.2384,0.0345,-0.5282,-0.0817,0.1202,0.1158,0.1739,0.1421,0.4818,0.0581,0.0748,0.0,0.305,0.4177,0.0,0.261,-0.0,0.8752,0.0,1.9844986113914936e-05,201.1,0.45
1354,1790894697.617658,-0.2292,0.0312,-0.5347,-0.0486,0.1134,0.1113,0.1663,0.1347,0.4725,0.055,0.0713,-0.0,0.1993,0.422,0.0,0.233,0.0,0.8752,0.0,1.9844986113914936e-05,233.3,0.5
1355,1790894698.0986617,-0.1834,0.047,-0.7714,-0.0,0.0897,0.0727,0.1487,0.1117,0.3586,0.076,0.0471,-0.0,0.2558,0.2456,0.0,0.194,0.0,0.8379,0.0,1.9844986113914936e-05,105.9,0.48
1356,1790894698.5920162,-0.2738,0.0375,-0.5965,-0.0386,0.1319,0.1278,0.1897,0.1568,0.585,0.0618,0.0797,-0.0,0.2489,0.4647,0.0,0.254,0.0,0.8752,0.204,1.9843336974968118e-05,154.7,0.49
1357,1790894699.0211532,-0.2357,0.0275,-0.4351,-0.0607,0.1179,0.1158,0.1645,0.1401,0.478,0.0487,0.0791,-0.0,0.2498,0.4605,0.0,0.245,0.0,0.8752,0.0,1.9843336974968118e-05,214.5,0.43
1358,1790894699.5475383,-0.2515,0.033,-0.4052,-0.1026,0.1179,0.117,0.1728,0.1429,0.5429,0.0558,0.0667,-0.0,0.2262,0.3847,0.0,0.257,0.0,0.8752,0.0,1.9843336974968118e-05,220.9,0.52
1359,1790894700.0242915,-0.2281,0.0416,-0.5043,-0.0,0.1063,0.0955,0.1651,0.1312,0.4847,0.0696,0.0637,-0.0,0.1901,0.3738,0.0,0.207,0.0,0.8379,0.0,1.9843336974968118e-05,108.1,0.47
1360,1790894700.5070474,-0.2447,0.0303,-0.4256,-0.0539,0.1155,0.1144,0.1656,0.1388,0.5295,0.0512,0.0717,-0.0,0.2131,0.4213,0.0,0.237,0.0,0.8752,0.216,1.9841679179319605e-05,154.3,0.48
1361,1790894700.935477,-0.2345,0.0381,-0.3978,-0.0906,0.1095,0.1052,0.1655,0.1349,0.4981,0.0603,0.0748,0.0,0.2874,0.4221,0.0,0.278,-0.0,0.8752,0.0,1.9841679179319605e-05,203.9,0.43
1362,1790894701.438106,-0.2259,0.0327,-0.4901,-0.0,0.1081,0.1065,0.1509,0.1296,0.4814,0.0444,0.0884,0.0,0.2129,0.5326,0.0,0.238,-0.0,0.8752,0.0,1.9841679179319605e-05,234.0,0.5
1363,1790894701.9153879,-0.1813,0.0365,-0.4222,-0.0,0.0855,0.0746,0.1271,0.1003,0.405,0.0525,0.0448,0.0,0.1922,0.2475,0.0,0.209,-0.0,0.8379,0.0,1.9841679179319605e-05,106.0,0.47
1364,1790894702.3774433,-0.1707,0.0421,-0.3594,-0.0,0.0726,0.0668,0.1268,0.0955,0.3759,0.06,0.05,-0.0,0.2656,0.2628,0.0,0.216,0.0,0.8752,0.194,1.984001272842734e-05,182.0,0.46
1365,1790894702.8139694,-0.1802,0.0335,-0.3622,-0.0,0.0807,0.0788,0.1253,0.1021,0.3907,0.0464,0.056,0.0,0.289,0.296,0.0,0.213,-0.0,0.8752,0.0,1.984001272842734e-05,223.5,0.43
1366,1790894703.3068066,-0.2278,0.0389,-0.4323,-0.0728,0.1048,0.0954,0.1523,0.1245,0.5165,0.0569,0.0629,-0.0,0.2148,0.3619,0.0,0.242,0.0,0.8752,0.0,1.984001272842734e-05,232.0,0.49
1367,1790894703.7226596,-0.1905,0.0403,-0.5267,-0.0,0.1007,0.0818,0.1428,0.1112,0.3963,0.061,0.0529,-0.0,0.1861,0.3033,0.0,0.209,0.0,0.8379,0.0,1.984001272842734e-05,120.4,0.41
1368,1790894704.1596947,-0.2789,0.0385,-0.5678,-0.0487,0.1539,0.1427,0.2106,0.1742,0.5234,0.068,0.0815,0.0,0.27,0.4711,0.0,0.252,-0.0,0.8752,0.185,1.983833762375688e-05,181.3,0.43
1369,1790894704.6654375,-0.2201,0.0445,-0.4976,-0.0,0.0949,0.0883,0.1554,0.1193,0.5041,0.0671,0.0643,-0.0,0.2507,0.3618,0.0,0.235,0.0,0.8752,0.0,1.983833762375688e-05,198.9,0.5
1370,1790894705.181773,-0.2452,0.0403,-0.4367,-0.111,0.1,0.099,0.1624,0.1291,0.5804,0.0634,0.0611,-0.0,0.1895,0.3565,0.0,0.229,0.0,0.8752,0.0,1.983833762375688e-05,237.1,0.51
1371,1790894705.6105752,-0.2128,0.0405,-0.6494,-0.0,0.1109,0.0985,0.1592,0.1244,0.442,0.0607,0.0811,0.0,0.1717,0.4947,0.0,0.206,-0.0,0.8379,0.0,1.983833762375688e-05,104.4,0.43
1372,1790894706.079387,-0.2015,0.0381,-0.3569,-0.0,0.0904,0.0841,0.1449,0.1137,0.4392,0.0608,0.0534,0.0,0.2439,0.2911,0.0,0.249,-0.0,0.8752,0.189,1.9836653866781382e-05,170.2,0.46
1373,1790894706.569935,-0.2084,0.0416,-0.4409,-0.0262,0.0877,0.0866,0.1571,0.122,0.4324,0.0704,0.0636,-0.0,0.2709,0.3518,0.0,0.257,0.0,0.8752,0.0,1.9836653866781382e-05,189.2,0.49
1374,1790894707.092376,-0.205,0.0398,-0.3604,-0.0393,0.0876,0.0865,0.1471,0.1135,0.4578,0.0606,0.0562,0.0,0.2462,0.3087,0.0,0.231,-0.0,0.8752,0.0,1.9836653866781382e-05,229.4,0.52
1375,1790894707.5772436,-0.1855,0.048,-0.4473,-0.0,0.0842,0.0842,0.1507,0.1107,0.3738,0.0665,0.0489,0.0,0.2161,0.2681,0.0,0.231,-0.0,0.8752,0.0,1.9836653866781382e-05,98.9,0.48
1376,1790894710.0769997,-0.1658,0.0387,-0.3607,-0.0,0.0661,0.0617,0.1166,0.0859,0.3994,0.0549,0.0373,-0.0,0.2072,0.1933,0.0,0.185,0.0,0.8752,0.218,1.9834961458981637e-05,96.7,0.63
1377,1790894710.6136389,-0.1762,0.0328,-0.453,-0.0457,0.0753,0.0726,0.1269,0.0989,0.3862,0.0543,0.0533,0.0,0.2548,0.2876,0.0,0.25,-0.0,0.8752,0.0,1.9834961458981637e-05,135.9,0.53
1378,1790894711.1421943,-0.2407,0.0442,-0.442,-0.0321,0.1043,0.1043,0.1727,0.14,0.5034,0.0684,0.0734,0.0,0.2801,0.4148,0.0,0.274,-0.0,0.8752,0.0,1.9834961458981637e-05,188.9,0.53
1379,1790894711.540835,-0.1154,0.04,-0.32,-0.0,0.0445,0.039,0.1007,0.0665,0.2449,0.0617,0.0377,-0.0,0.2613,0.1814,0.0,0.173,-0.0,0.7989,0.0,1.9834961458981637e-05,124.6,0.4
1380,1790894711.9775147,-0.2656,0.0368,-0.4714,-0.0997,0.1445,0.1299,0.1866,0.1601,0.5277,0.0567,0.0712,0.0,0.2651,0.4038,0.0,0.274,-0.0,0.8752,0.188,1.9833260401846023e-05,171.0,0.43
1381,1790894712.4559608,-0.2685,0.042,-0.5976,-0.0981,0.1272,0.1261,0.1982,0.1633,0.5259,0.0721,0.0932,0.0,0.3241,0.5348,0.0,0.3,-0.0,0.8752,0.0,1.9833260401846023e-05,198.7,0.48
1382,1790894712.964622,-0.2084,0.0266,-0.426,-0.0662,0.1018,0.0991,0.1415,0.1208,0.438,0.0424,0.0766,0.0,0.2426,0.4458,0.0,0.231,-0.0,0.8752,0.0,1.9833260401846023e-05,237.8,0.51
1383,1790894713.4272459,-0.225,0.0389,-0.4561,-0.0,0.1061,0.098,0.1602,0.1301,0.4743,0.0623,0.0656,-0.0,0.2033,0.3833,0.0,0.225,0.0,0.8752,0.0,1.9833260401846023e-05,128.5,0.46
1384,1790894713.922108,-0.2714,0.0357,-0.4741,-0.0384,0.1381,0.1321,0.195,0.1618,0.5482,0.0629,0.0775,-0.0,0.195,0.4649,0.0,0.254,0.0,0.8752,0.202,1.983155069687053e-05,165.9,0.49
1385,1790894714.4176424,-0.2058,0.0432,-0.3373,-0.0619,0.0874,0.0854,0.154,0.1184,0.4368,0.0687,0.0682,0.0,0.3601,0.3584,0.0,0.236,-0.0,0.8752,0.0,1.983155069687053e-05,200.5,0.49
1386,1790894714.8673525,-0.268,0.0393,-0.4744,-0.0795,0.1321,0.1312,0.1969,0.1603,0.5383,0.0657,0.0811,-0.0,0.2777,0.4665,0.0,0.279,0.0,0.8752,0.0,1.983155069687053e-05,251.7,0.45
1387,1790894715.2832625,-0.1723,0.0433,-0.4737,-0.0,0.0839,0.071,0.135,0.0991,0.3661,0.064,0.048,0.0,0.2152,0.2629,0.0,0.212,-0.0,0.8379,0.0,1.983155069687053e-05,111.1,0.41
1388,1790894715.7371986,-0.219,0.0441,-0.4697,-0.0382,0.1128,0.1034,0.1658,0.1321,0.4346,0.0624,0.0621,0.0,0.2382,0.3502,0.0,0.238,-0.0,0.8752,0.206,1.9829832345558758e-05,142.0,0.45
1389,1790894716.218938,-0.2015,0.0352,-0.4294,-0.077,0.0922,0.0891,0.1456,0.1162,0.4269,0.0565,0.0638,0.0,0.3573,0.3297,0.0,0.266,-0.0,0.8752,0.0,1.9829832345558758e-05,183.0,0.48
1390,1790894716.7495117,-0.2428,0.0316,-0.4407,-0.0265,0.1148,0.1139,0.1616,0.1379,0.5246,0.0478,0.0763,0.0,0.2054,0.4538,0.0,0.241,-0.0,0.8752,0.0,1.9829832345558758e-05,216.1,0.53
1391,1790894717.2211645,-0.1717,0.0422,-0.6286,-0.0,0.0825,0.0652,0.1377,0.1023,0.3469,0.0725,0.0632,0.0,0.2371,0.3584,0.0,0.2,-0.0,0.7989,0.0,1.9829832345558758e-05,108.0,0.47
1392,1790894717.7334905,-0.2469,0.0358,-0.4558,-0.0561,0.118,0.1168,0.1719,0.1428,0.5209,0.0551,0.0743,-0.0,0.2616,0.4256,0.0,0.248,0.0,0.8752,0.223,1.98281053494219e-05,140.2,0.51
1393,1790894718.155488,-0.2287,0.0459,-0.551,-0.0476,0.0976,0.0931,0.162,0.1278,0.5045,0.069,0.0584,0.0,0.2814,0.3145,0.0,0.261,-0.0,0.8752,0.0,1.98281053494219e-05,207.1,0.42
1394,1790894718.6414783,-0.2333,0.0316,-0.4081,-0.0491,0.1061,0.103,0.1534,0.13,0.5165,0.0504,0.0615,0.0,0.2123,0.3534,0.0,0.252,-0.0,0.8752,0.0,1.98281053494219e-05,244.7,0.48
1395,1790894719.0576787,-0.2185,0.0492,-0.4963,-0.0,0.1115,0.0834,0.1661,0.1238,0.4735,0.0827,0.0551,0.0,0.1977,0.3149,0.0,0.205,-0.0,0.8752,0.0,1.98281053494219e-05,118.6,0.41
1396,1790894719.503618,-0.1781,0.0296,-0.4993,-0.0,0.0879,0.0822,0.1309,0.1066,0.3576,0.0487,0.0531,0.0,0.1775,0.3064,0.0,0.216,-0.0,0.8379,0.196,1.9826369709978767e-05,171.5,0.44
1397,1790894719.9587615,-0.2319,0.0362,-0.4828,-0.0651,0.1072,0.1054,0.1651,0.1341,0.489,0.0597,0.0676,-0.0,0.255,0.3829,0.0,0.243,0.0,0.8752,0.0,1.9826369709978767e-05,208.0,0.45
1398,1790894720.4393938,-0.2566,0.0353,-0.4655,-0.1001,0.1241,0.1216,0.1766,0.1481,0.5425,0.055,0.0727,0.0,0.2435,0.4201,0.0,0.246,-0.0,0.8752,0.0,1.9826369709978767e-05,239.9,0.48
1399,1790894720.918982,-0.2463,0.0491,-0.4833,-0.0,0.1189,0.1087,0.1917,0.1505,0.4789,0.083,0.0773,-0.0,0.2009,0.4617,0.0,0.237,0.0,0.8752,0.0,1.9826369709978767e-05,106.7,0.48
1400,1790894721.35342,-0.2156,0.0346,-0.5079,-0.0,0.0951,0.0923,0.1545,0.1228,0.4639,0.0623,0.0682,0.0,0.1919,0.4034,0.0,0.253,-0.0,0.8752,0.194,1.982462542875576e-05,173.9,0.43
1401,1790894723.7481616,-0.2506,0.028,-0.4857,-0.0641,0.126,0.1203,0.1647,0.1414,0.5462,0.0444,0.0808,-0.0,0.2495,0.4723,0.0,0.238,0.0,0.8752,0.0,1.982462542875576e-05,147.4,0.62
1402,1790894724.2138782,-0.2634,0.0314,-0.5079,-0.0659,0.1335,0.1273,0.1819,0.1554,0.5404,0.0545,0.0755,0.0,0.2108,0.4469,0.0,0.25,-0.0,0.8752,0.0,1.982462542875576e-05,277.1,0.46
1403,1790894724.6388283,-0.1645,0.0412,-0.3611,-0.0,0.0895,0.0673,0.1316,0.0987,0.3292,0.0643,0.0488,0.0,0.2233,0.2658,0.0,0.196,-0.0,0.8752,0.0,1.982462542875576e-05,126.9,0.42
1404,1790894725.0965087,-0.2431,0.0348,-0.5252,-0.0,0.1245,0.1231,0.1821,0.1533,0.4489,0.0589,0.08,0.0,0.2314,0.4718,0.0,0.263,-0.0,0.8752,0.193,1.982287250728689e-05,184.1,0.45
1405,1790894725.5138607,-0.2349,0.0247,-0.3296,-0.1048,0.1179,0.114,0.1549,0.1366,0.4911,0.0409,0.0771,0.0,0.2818,0.4386,0.0,0.252,-0.0,0.8752,0.0,1.982287250728689e-05,231.8,0.41
1406,1790894726.023735,-0.2757,0.0303,-0.4343,-0.0514,0.1356,0.1309,0.1851,0.1584,0.5862,0.0542,0.0865,0.0,0.2368,0.5134,0.0,0.276,-0.0,0.8752,0.0,1.982287250728689e-05,234.7,0.51
1407,1790894726.4806974,-0.2186,0.0428,-0.4766,-0.0,0.1012,0.0973,0.1605,0.1272,0.4569,0.0632,0.0623,-0.0,0.2182,0.357,0.0,0.219,0.0,0.8379,0.0,1.982287250728689e-05,133.4,0.45
1408,1790894727.0050611,-0.2564,0.0432,-0.4041,-0.1273,0.1217,0.1171,0.189,0.1483,0.5405,0.0719,0.0839,-0.0,0.2759,0.4855,0.0,0.259,0.0,0.8752,0.217,1.9821110947113745e-05,151.4,0.52
1409,1790894727.4600344,-0.2219,0.0364,-0.5019,-0.0266,0.1023,0.1013,0.1624,0.1311,0.4539,0.0611,0.0687,0.0,0.2975,0.3783,0.0,0.259,-0.0,0.8752,0.0,1.9821110947113745e-05,197.8,0.45
1410,1790894727.9678185,-0.2343,0.0313,-0.4243,-0.0371,0.109,0.1058,0.1634,0.1347,0.4978,0.0576,0.0646,0.0,0.3059,0.3493,0.0,0.253,-0.0,0.8752,0.0,1.9821110947113745e-05,225.3,0.5
1411,1790894728.4457023,-0.1669,0.0326,-0.5043,-0.0,0.0816,0.0744,0.1197,0.0978,0.3455,0.0453,0.0536,0.0,0.1793,0.3093,0.0,0.159,-0.0,0.7989,0.0,1.9821110947113745e-05,110.8,0.47
1412,1790894728.9074688,-0.2049,0.0353,-0.45,-0.0577,0.0989,0.0961,0.1461,0.1202,0.4233,0.05,0.0639,-0.0,0.2518,0.359,0.0,0.235,0.0,0.8752,0.194,1.981934074978554e-05,154.4,0.46
1413,1790894729.375104,-0.22,0.0366,-0.4571,-0.0922,0.1006,0.0982,0.161,0.13,0.4499,0.0627,0.0735,-0.0,0.2654,0.419,0.0,0.239,0.0,0.8752,0.0,1.981934074978554e-05,198.1,0.46
1414,1790894729.8611429,-0.2708,0.041,-0.5465,-0.0758,0.1216,0.12,0.1827,0.1551,0.5781,0.0627,0.0837,-0.0,0.2234,0.4987,0.0,0.255,0.0,0.8752,0.0,1.981934074978554e-05,260.2,0.48
1415,1790894730.3440962,-0.1907,0.0405,-0.3541,-0.0472,0.0851,0.0815,0.141,0.1093,0.4069,0.0595,0.0533,0.0,0.1852,0.306,0.0,0.213,-0.0,0.8752,0.0,1.981934074978554e-05,126.6,0.48
1416,1790894730.8368306,-0.1792,0.041,-0.3637,-0.0,0.0736,0.0668,0.1257,0.0974,0.4087,0.0588,0.0439,0.0,0.1809,0.2446,0.0,0.19,-0.0,0.8752,0.166,1.981756191685907e-05,161.4,0.49
1417,1790894731.3113792,-0.2,0.0311,-0.3737,-0.0441,0.1003,0.09,0.1427,0.1158,0.4213,0.0527,0.0623,-0.0,0.2892,0.3383,0.0,0.242,0.0,0.8752,0.0,1.981756191685907e-05,191.9,0.47
1418,1790894731.8379328,-0.2843,0.0303,-0.4543,-0.0946,0.1355,0.134,0.1859,0.1625,0.6088,0.0519,0.0832,0.0,0.2332,0.4926,0.0,0.273,-0.0,0.8752,0.0,1.981756191685907e-05,219.2,0.52
1419,1790894732.2689512,-0.1754,0.0489,-0.3721,-0.0,0.0822,0.0653,0.1391,0.0991,0.3818,0.0738,0.0545,0.0,0.2182,0.305,0.0,0.168,-0.0,0.7989,0.0,1.981756191685907e-05,114.4,0.43
1420,1790894732.7392156,-0.2355,0.0319,-0.465,-0.0411,0.1232,0.1167,0.1668,0.1399,0.4778,0.0501,0.0612,-0.0,0.2006,0.3544,0.0,0.217,0.0,0.8752,0.214,1.9815774449898714e-05,159.2,0.47
1421,1790894733.1886177,-0.2499,0.0375,-0.4399,-0.0467,0.1207,0.1183,0.1801,0.1488,0.5054,0.0618,0.0796,0.0,0.2932,0.4523,0.0,0.259,-0.0,0.8752,0.0,1.9815774449898714e-05,194.5,0.45
1422,1790894733.7230313,-0.2027,0.0322,-0.4537,-0.077,0.1002,0.0978,0.1488,0.1216,0.4056,0.051,0.0702,0.0,0.2731,0.3949,0.0,0.225,-0.0,0.8752,0.0,1.9815774449898714e-05,221.3,0.53
1423,1790894734.18752,-0.1901,0.0427,-0.4558,-0.0,0.0827,0.0753,0.1346,0.107,0.4153,0.0593,0.0752,0.0,0.2322,0.4394,0.0,0.206,-0.0,0.8752,0.0,1.9815774449898714e-05,108.8,0.46
1424,1790894734.6822634,-0.2456,0.0434,-0.5518,-0.0341,0.1204,0.1153,0.1787,0.1487,0.4845,0.0633,0.0732,0.0,0.2406,0.4237,0.0,0.267,-0.0,0.8752,0.167,1.9813978350476464e-05,153.7,0.49
1425,1790894735.1757126,-0.2122,0.0376,-0.4446,-0.0611,0.0974,0.0918,0.1502,0.1195,0.4635,0.0584,0.0587,-0.0,0.3358,0.302,0.0,0.247,0.0,0.8752,0.0,1.9813978350476464e-05,190.2,0.49
1426,1790894737.7534099,-0.2398,0.0316,-0.4871,-0.045,0.1101,0.1101,0.1601,0.1364,0.5171,0.05,0.0658,-0.0,0.2076,0.383,0.0,0.248,0.0,0.8752,0.0,1.9813978350476464e-05,154.2,0.76
1427,1790894738.1740222,-0.2298,0.0502,-0.5503,-0.0806,0.1252,0.1174,0.183,0.144,0.4288,0.0657,0.0685,-0.0,0.2036,0.4026,0.0,0.21,0.0,0.8752,0.0,1.9813978350476464e-05,123.8,0.42
1428,1790894738.6388304,-0.1596,0.0362,-0.399,-0.0,0.0698,0.063,0.1153,0.0858,0.369,0.0523,0.0443,-0.0,0.2201,0.2365,0.0,0.212,0.0,0.8752,0.217,1.98121736201719e-05,168.0,0.46
1429,1790894739.0528638,-0.2229,0.0346,-0.4248,-0.0401,0.1067,0.1036,0.1525,0.1273,0.4781,0.0489,0.068,0.0,0.2587,0.3841,0.0,0.238,-0.0,0.8752,0.0,1.98121736201719e-05,230.1,0.41
1430,1790894739.5343263,-0.2276,0.0284,-0.3881,-0.0868,0.1041,0.103,0.1474,0.1276,0.4999,0.0444,0.064,-0.0,0.2129,0.37,0.0,0.228,0.0,0.8752,0.0,1.98121736201719e-05,256.5,0.48
1431,1790894740.0082781,-0.2095,0.0535,-0.5156,-0.0,0.1013,0.083,0.1643,0.121,0.4429,0.0813,0.0561,0.0,0.2574,0.3056,0.0,0.212,-0.0,0.8752,0.0,1.98121736201719e-05,108.4,0.47
1432,1790894740.5093563,-0.191,0.0388,-0.4593,-0.0446,0.092,0.0847,0.1374,0.108,0.4149,0.0527,0.0547,0.0,0.2544,0.2971,0.0,0.225,-0.0,0.8752,0.19,1.9810360260572176e-05,153.2,0.5
1433,1790894740.992834,-0.224,0.0342,-0.5059,-0.084,0.1096,0.1054,0.1605,0.1313,0.4636,0.0551,0.0776,0.0,0.2725,0.445,0.0,0.247,-0.0,0.8752,0.0,1.9810360260572176e-05,193.5,0.48
1434,1790894741.4376564,-0.2021,0.0369,-0.3807,-0.0437,0.0954,0.0897,0.1434,0.1164,0.4283,0.0537,0.0698,-0.0,0.3133,0.3817,0.0,0.233,0.0,0.8752,0.0,1.9810360260572176e-05,232.1,0.44
1435,1790894741.8435996,-0.2283,0.0564,-0.5879,-0.0,0.1121,0.0997,0.1827,0.1379,0.4519,0.083,0.0961,0.0,0.1979,0.5879,0.0,0.185,-0.0,0.8752,0.0,1.9810360260572176e-05,119.5,0.4
1436,1790894742.3261993,-0.223,0.0354,-0.5529,-0.0,0.1202,0.1142,0.1652,0.1375,0.4275,0.051,0.0699,0.0,0.2073,0.4107,0.0,0.231,-0.0,0.8379,0.212,1.980853827327206e-05,155.0,0.48
1437,1790894742.8485498,-0.1852,0.0407,-0.3291,-0.0263,0.0749,0.0702,0.1285,0.1031,0.4109,0.0583,0.0521,0.0,0.2663,0.2764,0.0,0.231,-0.0,0.8752,0.0,1.980853827327206e-05,183.8,0.52
1438,1790894743.3481765,-0.2414,0.036,-0.4107,-0.1231,0.1107,0.1009,0.165,0.1339,0.5373,0.0641,0.0685,-0.0,0.2288,0.3957,0.0,0.245,0.0,0.8752,0.0,1.980853827327206e-05,240.3,0.5
1439,1790894743.7639923,-0.2529,0.0467,-0.4246,-0.0955,0.1199,0.1137,0.1948,0.1521,0.5039,0.0811,0.0997,-0.0,0.306,0.583,0.0,0.228,0.0,0.8752,0.0,1.980853827327206e-05,124.5,0.41
1440,1790894744.2215908,-0.2659,0.039,-0.5314,-0.0432,0.132,0.1289,0.2012,0.1655,0.5018,0.0723,0.0894,0.0,0.2527,0.5287,0.0,0.271,-0.0,0.8752,0.198,1.9806707659873886e-05,198.5,0.45
1441,1790894744.703435,-0.2412,0.0347,-0.4242,-0.1256,0.1159,0.1135,0.1725,0.1404,0.5038,0.0591,0.0694,0.0,0.2876,0.3857,0.0,0.232,-0.0,0.8783,0.0,1.9806707659873886e-05,178.2,0.48
1442,1790894745.1797829,-0.1876,0.0416,-0.5137,-0.0,0.0852,0.0777,0.1435,0.1087,0.3946,0.0659,0.0568,0.0,0.2158,0.3211,0.0,0.183,-0.0,0.8379,0.0,1.9806707659873886e-05,116.2,0.47
1443,1790894745.6418242,-0.147,0.0328,-0.3,-0.0615,0.0691,0.0621,0.1069,0.0848,0.311,0.0448,0.041,0.0,0.2134,0.2167,0.0,0.193,0.0,0.8752,0.0,1.9806707659873886e-05,169.5,0.46
1444,1790894746.1797864,-0.2342,0.0383,-0.5736,-0.0437,0.1141,0.1077,0.1703,0.1373,0.4846,0.0626,0.0735,0.0,0.2754,0.4167,0.0,0.244,-0.0,0.8752,0.201,1.9804868421987593e-05,176.7,0.54
1445,1790894746.67397,-0.2343,0.0287,-0.4794,-0.0322,0.1205,0.1159,0.1638,0.1395,0.4739,0.0479,0.0695,0.0,0.2362,0.4001,0.0,0.234,-0.0,0.8752,0.0,1.9804868421987593e-05,240.0,0.49
1446,1790894747.1190486,-0.1567,0.0365,-0.3739,-0.0,0.0778,0.0623,0.1114,0.087,0.3483,0.0492,0.0496,-0.0,0.2627,0.2605,0.0,0.18,0.0,0.8379,0.0,1.9804868421987593e-05,117.0,0.44
1447,1790894747.5831928,-0.2584,0.032,-0.5321,-0.0,0.1378,0.1299,0.1812,0.1568,0.508,0.0513,0.0817,0.0,0.1859,0.4954,0.0,0.215,-0.0,0.8379,0.0,1.9804868421987593e-05,165.1,0.46
1448,1790894748.0365648,-0.2061,0.031,-0.3243,-0.0,0.0977,0.0929,0.1429,0.1184,0.4385,0.0501,0.0716,0.0,0.2726,0.4048,0.0,0.255,-0.0,0.8752,0.177,1.9803020561230683e-05,209.2,0.45
1449,1790894748.493439,-0.2844,0.0382,-0.6105,-0.1166,0.1398,0.1356,0.1985,0.1653,0.5958,0.0628,0.0882,-0.0,0.1961,0.5356,0.0,0.246,0.0,0.8752,0.0,1.9803020561230683e-05,270.4,0.45
1450,1790894748.944079,-0.1941,0.0539,-0.4857,-0.0,0.0892,0.0752,0.1529,0.1148,0.3962,0.0777,0.0574,-0.0,0.2492,0.3161,0.0,0.192,0.0,0.8752,0.0,1.9803020561230683e-05,107.4,0.45
1451,1790894751.6244485,-0.1868,0.0367,-0.3615,-0.0283,0.0891,0.0828,0.1437,0.1095,0.3863,0.061,0.0602,0.0,0.2869,0.3249,0.0,0.222,-0.0,0.8752,0.0,1.9803020561230683e-05,114.3,0.61
1452,1790894752.2002199,-0.2717,0.0335,-0.5571,-0.053,0.1357,0.1341,0.1939,0.1655,0.5311,0.0598,0.0881,0.0,0.3021,0.5068,0.0,0.274,-0.0,0.8752,0.204,1.980116407922826e-05,149.3,0.57
1453,1790894752.7136104,-0.2486,0.0412,-0.3758,-0.0576,0.1107,0.1088,0.1754,0.1401,0.5422,0.0666,0.0757,-0.0,0.2366,0.4418,0.0,0.239,0.0,0.8752,0.0,1.980116407922826e-05,223.6,0.51
1454,1790894753.173204,-0.2225,0.06,-0.4227,-0.0518,0.1015,0.0925,0.1886,0.1311,0.4569,0.0961,0.0521,-0.0,0.2259,0.2873,0.0,0.22,0.0,0.8752,0.0,1.980116407922826e-05,102.6,0.46
1455,1790894753.6230347,-0.2078,0.0341,-0.4667,-0.0308,0.107,0.0978,0.1494,0.1208,0.4347,0.0516,0.0611,-0.0,0.2276,0.347,0.0,0.212,0.0,0.8752,0.0,1.980116407922826e-05,163.3,0.45
1456,1790894754.0804548,-0.2508,0.0319,-0.5333,-0.0471,0.1372,0.1305,0.1811,0.1539,0.4847,0.0506,0.074,-0.0,0.2426,0.4287,0.0,0.249,0.0,0.8379,0.267,1.9799298977613003e-05,196.8,0.46
1457,1790894754.5997777,-0.2139,0.0366,-0.3949,-0.0262,0.0925,0.0907,0.1525,0.1192,0.4736,0.0617,0.0637,-0.0,0.2641,0.3543,0.0,0.243,0.0,0.8752,0.0,1.9799298977613003e-05,225.2,0.52
1458,1790894755.0572681,-0.2137,0.0494,-0.4855,-0.0478,0.093,0.0847,0.1555,0.1166,0.4855,0.0707,0.0504,-0.0,0.1976,0.2832,0.0,0.202,0.0,0.8752,0.0,1.9799298977613003e-05,119.9,0.45
1459,1790894755.541724,-0.2179,0.0415,-0.3974,-0.04,0.1055,0.0982,0.1603,0.1289,0.445,0.0621,0.0946,0.0,0.284,0.5546,0.0,0.233,-0.0,0.8752,0.0,1.9799298977613003e-05,150.5,0.48
1460,1790894756.0082002,-0.2275,0.0437,-0.4643,-0.0477,0.1065,0.0983,0.1704,0.1324,0.4751,0.0721,0.0645,-0.0,0.2524,0.3626,0.0,0.259,0.0,0.8752,0.237,1.979742525802517e-05,189.0,0.46
1461,1790894756.542294,-0.2782,0.0341,-0.5608,-0.0777,0.1361,0.1335,0.1896,0.1601,0.5904,0.0561,0.0803,0.0,0.2086,0.4796,0.0,0.264,-0.0,0.8752,0.0,1.979742525802517e-05,246.0,0.53
1462,1790894757.0188255,-0.1249,0.0355,-0.2933,-0.0,0.0646,0.0534,0.1079,0.0761,0.2439,0.0545,0.0406,0.0,0.2004,0.2171,0.0,0.179,-0.0,0.8752,0.0,1.979742525802517e-05,117.7,0.47
1463,1790894757.451433,-0.2401,0.0338,-0.5657,-0.0304,0.1175,0.1141,0.1614,0.1385,0.5079,0.0473,0.0723,-0.0,0.2294,0.4205,0.0,0.239,-0.0,0.8752,0.0,1.979742525802517e-05,186.6,0.43
1464,1790894757.9267597,-0.2034,0.0324,-0.3784,-0.0243,0.0939,0.0921,0.1418,0.1169,0.4321,0.0497,0.0575,-0.0,0.2826,0.3081,0.0,0.258,0.0,0.8752,0.199,1.97955429221126e-05,193.5,0.47
1465,1790894758.4559574,-0.2313,0.0381,-0.4523,-0.0263,0.1042,0.1002,0.1592,0.131,0.5012,0.059,0.0646,-0.0,0.2603,0.361,0.0,0.245,0.0,0.8752,0.0,1.97955429221126e-05,239.4,0.52
1466,1790894758.9211767,-0.1743,0.0445,-0.4394,-0.0,0.0782,0.0653,0.1349,0.1005,0.3689,0.0696,0.0439,-0.0,0.1833,0.2439,0.0,0.165,0.0,0.8752,0.0,1.97955429221126e-05,120.8,0.46
1467,1790894759.3316042,-0.2141,0.0342,-0.3714,-0.0,0.1007,0.0918,0.1446,0.1148,0.4965,0.0528,0.0608,-0.0,0.3086,0.323,0.0,0.254,0.0,0.8752,0.0,1.97955429221126e-05,190.1,0.41
1468,1790894759.8156555,-0.1923,0.0348,-0.3673,-0.0,0.0942,0.0812,0.1352,0.1077,0.4227,0.054,0.0566,0.0,0.3182,0.2928,0.0,0.231,-0.0,0.8752,0.198,1.979365197153071e-05,194.7,0.48
1469,1790894760.3615408,-0.2741,0.037,-0.6311,-0.0739,0.1278,0.1264,0.1957,0.1593,0.5739,0.0693,0.0672,0.0,0.2013,0.3945,0.0,0.275,-0.0,0.8752,0.0,1.979365197153071e-05,221.6,0.54
1470,1790894760.8557107,-0.2108,0.045,-0.4915,-0.0,0.1106,0.0926,0.1691,0.1271,0.4187,0.0765,0.0691,0.0,0.26,0.3915,0.0,0.203,-0.0,0.8752,0.0,1.979365197153071e-05,86.0,0.49
1471,1790894761.3333726,-0.2012,0.0425,-0.4176,-0.0,0.0883,0.0848,0.1475,0.1169,0.4217,0.0627,0.0647,-0.0,0.2019,0.3773,0.0,0.221,0.0,0.8379,0.0,1.979365197153071e-05,144.0,0.47
1472,1790894761.8208036,-0.2549,0.0326,-0.4469,-0.0485,0.1279,0.1267,0.186,0.1533,0.5079,0.0592,0.0952,-0.0,0.2788,0.5604,0.0,0.278,0.0,0.8752,0.206,1.9791752407942493e-05,186.4,0.48
1473,1790894762.4108303,-0.263,0.0301,-0.5238,-0.0981,0.1308,0.1296,0.1791,0.1528,0.5511,0.0495,0.0765,-0.0,0.2168,0.4523,0.0,0.263,0.0,0.8752,0.0,1.9791752407942493e-05,232.7,0.59
1474,1790894762.8300123,-0.1918,0.0455,-0.434,-0.0,0.0826,0.0826,0.1435,0.1119,0.3995,0.0609,0.0687,-0.0,0.2614,0.3885,0.0,0.195,0.0,0.8379,0.0,1.9791752407942493e-05,124.1,0.42
1475,1790894763.237021,-0.2858,0.0395,-0.5714,-0.0359,0.1444,0.1326,0.1992,0.1654,0.6021,0.0666,0.0889,-0.0,0.2085,0.537,0.0,0.279,0.0,0.8752,0.0,1.9791752407942493e-05,174.4,0.4
1476,1790894765.7732084,-0.2577,0.0379,-0.5529,-0.0489,0.1243,0.1215,0.1844,0.155,0.5137,0.0628,0.0854,0.0,0.3309,0.4814,0.0,0.292,-0.0,0.8752,0.206,1.978984423301851e-05,123.8,0.73
1477,1790894766.232241,-0.2459,0.0294,-0.3644,-0.0684,0.1228,0.1169,0.1635,0.1411,0.524,0.0466,0.0841,0.0,0.2093,0.5051,0.0,0.244,-0.0,0.8752,0.0,1.978984423301851e-05,271.2,0.45
1478,1790894766.7081099,-0.2225,0.0493,-0.5611,-0.069,0.1086,0.1022,0.1851,0.1373,0.4262,0.0828,0.0685,0.0,0.2313,0.3947,0.0,0.204,-0.0,0.8752,0.0,1.978984423301851e-05,110.1,0.47
1479,1790894767.137879,-0.2364,0.0456,-0.4433,-0.0262,0.1049,0.0999,0.1763,0.1353,0.5054,0.0764,0.0616,-0.0,0.2902,0.3332,0.0,0.238,0.0,0.8752,0.0,1.978984423301851e-05,186.8,0.43
1480,1790894767.5772495,-0.2076,0.0358,-0.4333,-0.0245,0.0932,0.0898,0.1441,0.1188,0.4441,0.0543,0.0587,0.0,0.2784,0.3168,0.0,0.235,-0.0,0.8752,0.189,1.9787927448436913e-05,219.0,0.44
1481,1790894768.0910096,-0.2233,0.0414,-0.4185,-0.0486,0.0933,0.0917,0.1575,0.1237,0.4983,0.0658,0.0725,-0.0,0.2514,0.4161,0.0,0.234,0.0,0.8752,0.0,1.9787927448436913e-05,225.6,0.51
1482,1790894768.5724616,-0.2573,0.0341,-0.6494,-0.0,0.1482,0.1308,0.1897,0.161,0.4816,0.0588,0.1053,0.0,0.263,0.6316,0.0,0.249,-0.0,0.7989,0.0,1.9787927448436913e-05,99.4,0.48
1483,1790894769.061408,-0.2609,0.0417,-0.5971,-0.0354,0.1311,0.1262,0.1985,0.1611,0.4993,0.0723,0.0912,-0.0,0.2096,0.5521,0.0,0.253,0.0,0.8752,0.0,1.9787927448436913e-05,155.7,0.49
1484,1790894769.5350053,-0.2115,0.0438,-0.4895,-0.0393,0.0931,0.0908,0.1553,0.126,0.4276,0.0645,0.0679,-0.0,0.3284,0.3651,0.0,0.261,0.0,0.8752,0.231,1.9786002055883404e-05,192.5,0.47
1485,1790894770.049539,-0.2402,0.0368,-0.4855,-0.0744,0.1025,0.1025,0.1589,0.133,0.536,0.0564,0.07,0.0,0.2232,0.4069,0.0,0.23,-0.0,0.8752,0.0,1.9786002055883404e-05,228.6,0.51
1486,1790894770.530361,-0.1842,0.0409,-0.4845,-0.0,0.0862,0.075,0.1326,0.1064,0.3892,0.0576,0.061,0.0,0.218,0.3488,0.0,0.23,-0.0,0.8752,0.0,1.9786002055883404e-05,119.2,0.48
1487,1790894771.012888,-0.2187,0.0307,-0.6114,-0.0407,0.116,0.1076,0.1611,0.1352,0.4178,0.0536,0.0685,-0.0,0.2648,0.386,0.0,0.255,0.0,0.8752,0.0,1.9786002055883404e-05,164.0,0.48
1488,1790894771.466162,-0.2124,0.0384,-0.522,-0.0262,0.0962,0.0927,0.1584,0.1238,0.4429,0.0657,0.0685,0.0,0.2939,0.3784,0.0,0.237,-0.0,0.8379,0.199,1.978406805705127e-05,207.7,0.45
1489,1790894771.9639497,-0.2506,0.0294,-0.5208,-0.0769,0.1126,0.1078,0.1519,0.1331,0.5878,0.044,0.0686,0.0,0.2253,0.3972,0.0,0.234,-0.0,0.8752,0.0,1.978406805705127e-05,243.0,0.49
1490,1790894772.3745747,-0.2772,0.0506,-0.6286,-0.0,0.1384,0.1317,0.206,0.169,0.541,0.0743,0.0802,0.0,0.2885,0.458,0.0,0.214,-0.0,0.8752,0.0,1.978406805705127e-05,127.3,0.41
1491,1790894772.803666,-0.1767,0.0354,-0.5026,-0.0,0.089,0.0732,0.1257,0.1039,0.364,0.0525,0.0517,-0.0,0.233,0.2827,0.0,0.223,0.0,0.8752,0.0,1.978406805705127e-05,172.2,0.43
1492,1790894773.3015232,-0.2009,0.04,-0.4622,-0.0523,0.0948,0.0914,0.1486,0.1197,0.4058,0.0572,0.0597,-0.0,0.2989,0.3185,0.0,0.253,0.0,0.8752,0.201,1.978212545364136e-05,174.0,0.49
1493,1790894773.8056397,-0.271,0.0333,-0.4937,-0.0749,0.1332,0.1282,0.1818,0.1534,0.5879,0.0536,0.0736,-0.0,0.2339,0.4285,0.0,0.259,0.0,0.8752,0.0,1.978212545364136e-05,215.0,0.5
1494,1790894774.261479,-0.1876,0.0435,-0.6444,-0.0,0.0947,0.0821,0.1447,0.1127,0.3746,0.0626,0.0556,-0.0,0.2457,0.3049,0.0,0.211,0.0,0.8379,0.0,1.978212545364136e-05,106.5,0.45
1495,1790894774.744034,-0.1655,0.0426,-0.2929,-0.0441,0.071,0.0643,0.127,0.0947,0.354,0.0627,0.0455,0.0,0.21,0.2474,0.0,0.203,-0.0,0.8752,0.0,1.978212545364136e-05,153.5,0.48
1496,1790894775.2302167,-0.2375,0.0306,-0.439,-0.0604,0.1084,0.1062,0.1579,0.1354,0.5107,0.0517,0.0709,0.0,0.3078,0.3906,0.0,0.236,-0.0,0.8752,0.211,1.978017424736209e-05,184.0,0.48
1497,1790894775.7235847,-0.2269,0.0247,-0.4039,-0.0485,0.1082,0.1049,0.1432,0.1229,0.5196,0.0383,0.067,0.0,0.2301,0.3855,0.0,0.239,-0.0,0.8752,0.0,1.978017424736209e-05,248.4,0.49
1498,1790894776.1464796,-0.2594,0.0279,-0.4936,-0.0835,0.1602,0.1441,0.1915,0.1668,0.4631,0.0474,0.0876,-0.0,0.217,0.5264,0.0,0.209,0.0,0.8752,0.0,1.978017424736209e-05,123.8,0.42
1499,1790894776.5970929,-0.2214,0.0396,-0.4294,-0.0318,0.1044,0.0979,0.158,0.129,0.462,0.0601,0.0669,0.0,0.2224,0.3867,0.0,0.236,-0.0,0.8752,0.0,1.978017424736209e-05,170.8,0.45
1500,1790894777.086641,-0.2865,0.0365,-0.4157,-0.117,0.1394,0.1381,0.2031,0.1722,0.5715,0.065,0.1002,0.0,0.2903,0.5909,0.0,0.291,-0.0,0.8752,0.342,1.9778214439929453e-05,197.8,0.49
1501,1790894781.1505744,-0.2377,0.0314,-0.5388,-0.0755,0.1168,0.1093,0.1599,0.1352,0.5126,0.0506,0.0685,0.0,0.2366,0.3932,0.0,0.26,-0.0,0.8752,0.0,1.9778214439929453e-05,187.6,0.66
1502,1790894781.6079283,-0.219,0.0399,-0.5587,-0.0,0.104,0.0943,0.1552,0.1251,0.4697,0.0609,0.0616,-0.0,0.1959,0.3586,0.0,0.232,0.0,0.8752,0.0,1.9778214439929453e-05,117.8,0.45
1503,1790894782.0233507,-0.2183,0.0314,-0.4503,-0.0,0.1023,0.0996,0.1578,0.1315,0.4339,0.0582,0.0781,0.0,0.2586,0.4517,0.0,0.246,-0.0,0.8752,0.0,1.9778214439929453e-05,189.6,0.41
1504,1790894782.4841757,-0.2366,0.0257,-0.5217,-0.0308,0.1182,0.1152,0.1608,0.1347,0.5096,0.0456,0.0778,0.0,0.2315,0.4569,0.0,0.246,-0.0,0.8752,0.207,1.9776246033066992e-05,206.3,0.46
1505,1790894782.984178,-0.2393,0.0374,-0.4229,-0.0,0.1102,0.1057,0.1651,0.1324,0.5344,0.0593,0.0667,0.0,0.2388,0.3812,0.0,0.243,-0.0,0.8752,0.0,1.9776246033066992e-05,244.7,0.5
1506,1790894783.408586,-0.1586,0.0455,-0.5571,-0.0,0.0735,0.0599,0.1253,0.0901,0.3429,0.0653,0.0403,0.0,0.2732,0.1955,0.0,0.175,0.0,0.8379,0.0,1.9776246033066992e-05,115.6,0.42
1507,1790894783.8519952,-0.1661,0.0395,-0.4573,-0.0,0.0827,0.0646,0.1308,0.0952,0.3547,0.0662,0.0552,0.0,0.2021,0.3144,0.0,0.201,-0.0,0.8752,0.0,1.9776246033066992e-05,171.7,0.44
1508,1790894784.3432388,-0.2359,0.0352,-0.4365,-0.0,0.1054,0.1028,0.1646,0.135,0.5041,0.0617,0.0629,0.0,0.2906,0.3417,0.0,0.249,-0.0,0.8752,0.18,1.9774269028505816e-05,202.9,0.49
1509,1790894784.834662,-0.2623,0.0363,-0.4187,-0.1451,0.1145,0.1145,0.1751,0.1425,0.5987,0.0606,0.0688,-0.0,0.2568,0.3901,0.0,0.27,0.0,0.8752,0.0,1.9774269028505816e-05,266.5,0.49
1510,1790894785.2644398,-0.1603,0.0333,-0.4188,-0.0,0.0836,0.0724,0.1188,0.0972,0.3155,0.0464,0.0823,0.0,0.2515,0.4817,0.0,0.183,-0.0,0.7579,0.0,1.9774269028505816e-05,104.6,0.43
1511,1790894785.7159472,-0.2226,0.041,-0.4833,-0.0472,0.1096,0.1081,0.1717,0.1346,0.4402,0.0636,0.0682,-0.0,0.2448,0.3891,0.0,0.25,0.0,0.8752,0.0,1.9774269028505816e-05,148.7,0.45
1512,1790894786.2136915,-0.2988,0.0368,-0.5417,-0.0817,0.142,0.1378,0.2026,0.1695,0.6468,0.0648,0.0873,0.0,0.206,0.5269,0.0,0.256,-0.0,0.8752,0.206,1.97722834279846e-05,175.3,0.5
1513,1790894786.669646,-0.2476,0.029,-0.5479,-0.0615,0.1194,0.1166,0.1668,0.1458,0.5092,0.0502,0.0781,-0.0,0.3025,0.4399,0.0,0.257,0.0,0.8752,0.0,1.97722834279846e-05,230.7,0.45
1514,1790894787.1394315,-0.1845,0.0412,-0.45,-0.0,0.086,0.0715,0.1357,0.103,0.4076,0.0643,0.0456,-0.0,0.1724,0.2584,0.0,0.184,0.0,0.8752,0.0,1.97722834279846e-05,114.8,0.47
1515,1790894787.610497,-0.2451,0.0419,-0.6098,-0.0,0.1196,0.1181,0.1817,0.1483,0.4842,0.0637,0.0696,0.0,0.26,0.3948,0.0,0.275,-0.0,0.8752,0.0,1.97722834279846e-05,163.6,0.47
1516,1790894788.085611,-0.2197,0.0337,-0.4457,-0.1155,0.1055,0.1023,0.1616,0.1287,0.4551,0.0593,0.062,-0.0,0.3338,0.3242,0.0,0.261,0.0,0.8752,0.21,1.9770289233249576e-05,193.3,0.47
1517,1790894788.5821757,-0.1803,0.0323,-0.3607,-0.039,0.0845,0.0783,0.1273,0.1024,0.3892,0.049,0.0569,0.0,0.2681,0.3081,0.0,0.231,-0.0,0.8752,0.0,1.9770289233249576e-05,218.6,0.49
1518,1790894789.0644927,-0.1862,0.0471,-0.5226,-0.0,0.0834,0.0766,0.1509,0.1062,0.3997,0.0742,0.0491,0.0,0.218,0.2695,0.0,0.192,-0.0,0.8752,0.0,1.9770289233249576e-05,108.1,0.48
1519,1790894789.5656393,-0.1713,0.0251,-0.4808,-0.0,0.0821,0.0797,0.1176,0.0964,0.3741,0.0379,0.0511,0.0,0.2829,0.265,0.0,0.222,0.0,0.8379,0.0,1.9770289233249576e-05,156.0,0.5
1520,1790894790.0760942,-0.2845,0.0297,-0.5214,-0.0607,0.1455,0.1444,0.1951,0.1703,0.5708,0.0507,0.0874,0.0,0.2777,0.5086,0.0,0.276,-0.0,0.8752,0.187,1.9768286446054533e-05,185.5,0.51
1521,1790894790.6094744,-0.2073,0.0312,-0.3518,-0.0508,0.0901,0.0835,0.1329,0.1088,0.4928,0.0494,0.0558,0.0,0.2258,0.3121,0.0,0.227,-0.0,0.8752,0.0,1.9768286446054533e-05,229.9,0.53
1522,1790894791.0960226,-0.1346,0.0435,-0.4203,-0.0,0.0555,0.0452,0.1101,0.0765,0.2906,0.0649,0.0367,-0.0,0.1897,0.1943,0.0,0.18,-0.0,0.8379,0.0,1.9768286446054533e-05,108.7,0.48
1523,1790894791.5646439,-0.2537,0.033,-0.4508,-0.0323,0.1266,0.1227,0.1794,0.1528,0.5046,0.0567,0.0769,-0.0,0.2669,0.4415,0.0,0.278,0.0,0.8752,0.0,1.9768286446054533e-05,166.4,0.47
1524,1790894792.0274534,-0.186,0.0279,-0.4004,-0.0628,0.0904,0.0866,0.1257,0.1062,0.399,0.0392,0.0583,0.0,0.2768,0.3146,0.0,0.221,-0.0,0.8752,0.179,1.976627506816082e-05,206.6,0.46
1525,1790894792.5729582,-0.2348,0.0324,-0.3911,-0.0244,0.1089,0.1073,0.1547,0.1299,0.5244,0.0474,0.0711,0.0,0.2452,0.4084,0.0,0.227,-0.0,0.8752,0.0,1.976627506816082e-05,210.9,0.54
1526,1790894795.0675597,-0.2141,0.0696,-0.5571,-0.0,0.1143,0.0803,0.1896,0.1319,0.4107,0.1093,0.0614,0.0,0.2743,0.3363,0.0,0.187,-0.0,0.8379,0.0,1.976627506816082e-05,73.0,0.59
1527,1790894795.6087837,-0.2253,0.0556,-0.5966,-0.0407,0.0993,0.0868,0.1792,0.1284,0.4843,0.0923,0.0589,-0.0,0.2593,0.3234,0.0,0.231,0.0,0.8752,0.0,1.976627506816082e-05,112.6,0.54
1528,1790894796.1532393,-0.2226,0.0383,-0.3989,-0.0479,0.0996,0.093,0.1568,0.1265,0.4806,0.0638,0.0634,0.0,0.2396,0.3586,0.0,0.223,0.0,0.8752,0.288,1.9764255101337345e-05,157.5,0.54
1529,1790894796.5997941,-0.1895,0.0378,-0.434,-0.0241,0.0819,0.0759,0.1371,0.1047,0.4236,0.0612,0.0544,-0.0,0.2521,0.2957,0.0,0.236,0.0,0.8752,0.0,1.9764255101337345e-05,242.5,0.44
1530,1790894797.0088618,-0.2405,0.0426,-0.4381,-0.0721,0.1146,0.1051,0.1732,0.1393,0.5059,0.0681,0.0635,0.0,0.2066,0.3684,0.0,0.216,-0.0,0.8379,0.0,1.9764255101337345e-05,122.5,0.41
1531,1790894797.4459941,-0.2139,0.0344,-0.4976,-0.0308,0.0979,0.0938,0.1531,0.1256,0.4415,0.0592,0.0621,-0.0,0.2615,0.3445,0.0,0.277,0.0,0.8752,0.0,1.9764255101337345e-05,175.7,0.43
1532,1790894797.9502869,-0.2354,0.0347,-0.4553,-0.0611,0.1039,0.0995,0.1521,0.1272,0.5408,0.0526,0.0634,-0.0,0.3023,0.3424,0.0,0.253,0.0,0.8752,0.177,1.9762226547360547e-05,182.8,0.5
1533,1790894798.4604602,-0.1915,0.0392,-0.3732,-0.0441,0.0827,0.0802,0.1344,0.1071,0.4224,0.0542,0.0515,-0.0,0.2579,0.2747,0.0,0.229,0.0,0.8752,0.0,1.9762226547360547e-05,225.7,0.51
1534,1790894798.9610286,-0.1822,0.043,-0.4128,-0.0,0.0885,0.0755,0.1269,0.1041,0.3909,0.0514,0.0462,0.0,0.2278,0.2475,0.0,0.216,-0.0,0.8752,0.0,1.9762226547360547e-05,97.5,0.5
1535,1790894799.394147,-0.2006,0.0461,-0.4715,-0.0,0.09,0.0833,0.1568,0.1186,0.4101,0.0735,0.054,-0.0,0.2645,0.2894,0.0,0.216,0.0,0.8752,0.0,1.9762226547360547e-05,186.1,0.43
1536,1790894799.8810802,-0.2156,0.0363,-0.569,-0.0262,0.1047,0.0991,0.1556,0.1248,0.4539,0.0565,0.0682,0.0,0.3504,0.3614,0.0,0.259,-0.0,0.8752,0.238,1.9760189408014447e-05,189.7,0.48
1537,1790894800.37792,-0.2107,0.0317,-0.4278,-0.0386,0.0921,0.0903,0.1375,0.1145,0.4811,0.0472,0.0586,0.0,0.2113,0.3342,0.0,0.224,-0.0,0.8752,0.0,1.9760189408014447e-05,231.2,0.49
1538,1790894800.8355925,-0.2337,0.0349,-0.4519,-0.0,0.1206,0.1133,0.1743,0.1371,0.4831,0.061,0.0597,-0.0,0.1885,0.3479,0.0,0.228,0.0,0.8752,0.0,1.9760189408014447e-05,117.7,0.45
1539,1790894801.2908478,-0.2616,0.0409,-0.4,-0.1262,0.118,0.1168,0.1822,0.1481,0.5675,0.0654,0.0768,0.0,0.2885,0.4352,0.0,0.271,-0.0,0.8752,0.0,1.9760189408014447e-05,181.1,0.45
1540,1790894801.7609699,-0.18,0.0345,-0.4071,-0.0302,0.0777,0.0747,0.1311,0.1029,0.3858,0.0564,0.056,-0.0,0.323,0.2871,0.0,0.233,0.0,0.8752,0.256,1.97581436850906e-05,213.7,0.47
1541,1790894802.2418833,-0.2469,0.0303,-0.4611,-0.0608,0.1133,0.1123,0.1628,0.1406,0.5315,0.0504,0.0692,-0.0,0.2428,0.3964,0.0,0.249,0.0,0.8752,0.0,1.97581436850906e-05,257.9,0.48
1542,1790894802.668982,-0.1851,0.0461,-0.4492,-0.0,0.0816,0.071,0.1452,0.1045,0.4033,0.0742,0.0532,0.0,0.2733,0.2817,0.0,0.178,-0.0,0.7579,0.0,1.97581436850906e-05,106.3,0.42
1543,1790894803.1090276,-0.2327,0.0396,-0.4056,-0.0379,0.1177,0.1054,0.1672,0.1342,0.4925,0.0619,0.0632,-0.0,0.238,0.3579,0.0,0.231,0.0,0.8752,0.0,1.97581436850906e-05,141.7,0.44
1544,1790894803.5960748,-0.1892,0.0386,-0.4256,-0.031,0.0729,0.0718,0.1324,0.1025,0.4337,0.0606,0.0514,0.0,0.268,0.2709,0.0,0.24,-0.0,0.8752,0.202,1.975608938038811e-05,175.8,0.48
1545,1790894804.0545187,-0.2613,0.0284,-0.5317,-0.1046,0.135,0.1326,0.1846,0.1566,0.5234,0.0519,0.0793,-0.0,0.2272,0.4682,0.0,0.247,0.0,0.8752,0.0,1.975608938038811e-05,223.5,0.46
1546,1790894804.5217085,-0.1666,0.0381,-0.3992,-0.0,0.0705,0.0653,0.1202,0.0902,0.3822,0.055,0.0436,-0.0,0.2026,0.2364,0.0,0.193,0.0,0.8752,0.0,1.975608938038811e-05,117.2,0.46
1547,1790894804.9958985,-0.2969,0.0327,-0.4964,-0.0,0.1593,0.1527,0.2109,0.1802,0.5836,0.0582,0.1003,0.0,0.2539,0.6008,0.0,0.295,-0.0,0.8752,0.0,1.975608938038811e-05,154.6,0.47
1548,1790894805.5279787,-0.2353,0.0378,-0.4613,-0.0304,0.1071,0.1053,0.1635,0.1323,0.5153,0.0582,0.0737,0.0,0.3183,0.4064,0.0,0.263,-0.0,0.8752,0.182,1.9754026495713634e-05,174.5,0.53
1549,1790894806.0330243,-0.2043,0.0256,-0.3954,-0.0777,0.0984,0.0938,0.1353,0.1136,0.4536,0.0414,0.0578,0.0,0.2631,0.3154,0.0,0.245,-0.0,0.8752,0.0,1.9754026495713634e-05,225.6,0.5
1550,1790894806.5089157,-0.304,0.0455,-0.6022,-0.0,0.1679,0.1528,0.2376,0.1914,0.5628,0.0848,0.1069,-0.0,0.2453,0.6473,0.0,0.247,0.0,0.8752,0.0,1.9754026495713634e-05,118.3,0.47
1551,1790894809.2191074,-0.2176,0.0358,-0.3933,-0.0,0.107,0.1023,0.1543,0.1256,0.4602,0.0519,0.0716,-0.0,0.2374,0.4137,0.0,0.228,0.0,0.8752,0.0,1.9754026495713634e-05,118.4,0.64
1552,1790894809.7802355,-0.2141,0.0313,-0.4818,-0.0607,0.1015,0.0995,0.1452,0.1223,0.459,0.0457,0.0652,0.0,0.2276,0.374,0.0,0.238,-0.0,0.8752,0.225,1.975195503288137e-05,169.0,0.56
1553,1790894810.2842374,-0.1982,0.0346,-0.4877,-0.0,0.0919,0.0885,0.1422,0.1135,0.4237,0.0537,0.0622,-0.0,0.3177,0.3298,0.0,0.238,0.0,0.8752,0.0,1.975195503288137e-05,205.4,0.5
1554,1790894810.6978214,-0.2457,0.0394,-0.5303,-0.0,0.1365,0.1187,0.1763,0.1486,0.4851,0.0576,0.0853,-0.0,0.2243,0.5088,0.0,0.218,0.0,0.8752,0.0,1.975195503288137e-05,114.7,0.41
1555,1790894811.134599,-0.2456,0.0404,-0.4619,-0.0441,0.1267,0.1042,0.175,0.1427,0.5143,0.0708,0.0576,-0.0,0.2312,0.3222,0.0,0.227,0.0,0.8752,0.0,1.975195503288137e-05,171.6,0.43
1556,1790894811.64049,-0.21,0.0368,-0.4862,-0.0313,0.0972,0.0925,0.1512,0.1193,0.4533,0.0587,0.0559,-0.0,0.2961,0.2936,0.0,0.252,0.0,0.8752,0.19,1.9749874993713058e-05,181.4,0.5
1557,1790894812.0880535,-0.241,0.0364,-0.469,-0.0637,0.1196,0.1148,0.1712,0.1446,0.4821,0.0564,0.0734,0.0,0.2237,0.4298,0.0,0.233,-0.0,0.8752,0.0,1.9749874993713058e-05,250.1,0.45
1558,1790894812.4852707,-0.176,0.0385,-0.3809,-0.0,0.0973,0.0744,0.1368,0.1064,0.348,0.0624,0.0601,-0.0,0.2176,0.3425,0.0,0.203,0.0,0.7989,0.0,1.9749874993713058e-05,109.6,0.39
1559,1790894812.9690242,-0.1825,0.0391,-0.3757,-0.0,0.0753,0.0738,0.1281,0.1007,0.4095,0.0543,0.0573,0.0,0.2008,0.3284,0.0,0.207,-0.0,0.8752,0.0,1.9749874993713058e-05,150.7,0.48
1560,1790894813.4763472,-0.2076,0.0336,-0.3593,-0.0647,0.099,0.0968,0.1509,0.1244,0.416,0.0541,0.0741,-0.0,0.2876,0.4173,0.0,0.236,0.0,0.8752,0.2,1.974778638003799e-05,178.6,0.5
1561,1790894814.0061374,-0.2632,0.0292,-0.4329,-0.1101,0.1262,0.1225,0.1783,0.1508,0.562,0.0558,0.0673,0.0,0.1875,0.3988,0.0,0.244,-0.0,0.8752,0.0,1.974778638003799e-05,232.4,0.53
1562,1790894814.4548454,-0.1925,0.0535,-0.45,-0.0,0.0922,0.0753,0.1529,0.1114,0.4057,0.0776,0.0532,0.0,0.2159,0.2968,0.0,0.202,-0.0,0.8752,0.0,1.974778638003799e-05,116.2,0.45
1563,1790894814.9178715,-0.1978,0.0401,-0.4106,-0.0,0.0901,0.0768,0.1421,0.11,0.439,0.0653,0.055,-0.0,0.2681,0.2951,0.0,0.222,0.0,0.8752,0.0,1.974778638003799e-05,156.4,0.46
1564,1790894815.4136624,-0.1764,0.0377,-0.3651,-0.0,0.079,0.0756,0.131,0.1004,0.3799,0.0554,0.0524,-0.0,0.2738,0.2762,0.0,0.225,0.0,0.8752,0.202,1.9745689193692992e-05,190.9,0.49
1565,1790894815.942682,-0.2424,0.0239,-0.3524,-0.1286,0.1245,0.1228,0.1578,0.1394,0.5154,0.035,0.0756,0.0,0.2111,0.4477,0.0,0.236,-0.0,0.8752,0.0,1.9745689193692992e-05,238.5,0.53
1566,1790894816.424406,-0.1928,0.0394,-0.4222,-0.0,0.0915,0.0783,0.1379,0.1075,0.4269,0.0596,0.0495,-0.0,0.2128,0.2731,0.0,0.206,-0.0,0.8379,0.0,1.9745689193692992e-05,107.2,0.48
1567,1790894816.8507538,-0.2515,0.0364,-0.5494,-0.05,0.1288,0.1288,0.1914,0.1599,0.4578,0.0626,0.0849,-0.0,0.2146,0.5089,0.0,0.276,0.0,0.8752,0.0,1.9745689193692992e-05,168.3,0.42
1568,1790894817.3235147,-0.2083,0.0358,-0.3907,-0.0,0.0931,0.091,0.1442,0.1192,0.4452,0.0533,0.0627,-0.0,0.3538,0.3236,0.0,0.244,0.0,0.8752,0.208,1.974358343652243e-05,190.0,0.47
1569,1790894817.799892,-0.212,0.04,-0.4439,-0.0304,0.0919,0.0867,0.1525,0.1213,0.4539,0.0658,0.0834,-0.0,0.3382,0.466,0.0,0.263,0.0,0.8752,0.0,1.974358343652243e-05,218.4,0.47
1570,1790894818.2294824,-0.1838,0.044,-0.3539,-0.0,0.0915,0.0715,0.1315,0.1021,0.4086,0.06,0.0712,-0.0,0.2239,0.415,0.0,0.205,0.0,0.8752,0.0,1.974358343652243e-05,126.0,0.43
1571,1790894818.6959224,-0.1758,0.0361,-0.3572,-0.0308,0.0787,0.0787,0.1348,0.1043,0.3576,0.056,0.0518,-0.0,0.2953,0.2664,0.0,0.233,0.0,0.8379,0.0,1.974358343652243e-05,184.1,0.46
1572,1790894819.1998544,-0.2401,0.0444,-0.4654,-0.0795,0.1009,0.0981,0.164,0.1328,0.5364,0.0659,0.0702,-0.0,0.2288,0.4068,0.0,0.28,0.0,0.8783,0.227,1.97414691103782e-05,167.3,0.5
1573,1790894819.6654747,-0.1275,0.0407,-0.4069,-0.0,0.0656,0.0415,0.1035,0.0707,0.2842,0.062,0.0348,-0.0,0.2218,0.1727,0.0,0.172,0.0,0.7989,0.0,1.97414691103782e-05,98.4,0.46
1574,1790894820.1208837,-0.2129,0.0351,-0.4153,-0.0556,0.1051,0.0957,0.1542,0.1257,0.436,0.0584,0.064,-0.0,0.2042,0.3723,0.0,0.223,0.0,0.8752,0.0,1.97414691103782e-05,162.4,0.45
1575,1790894820.6217198,-0.2566,0.0374,-0.4705,-0.039,0.1195,0.1173,0.1805,0.1462,0.5521,0.0632,0.0692,0.0,0.2499,0.3946,0.0,0.273,-0.0,0.8752,0.0,1.97414691103782e-05,185.1,0.5
1576,1790894823.1375124,-0.26,0.0369,-0.4624,-0.0226,0.1166,0.1157,0.1706,0.1444,0.5784,0.0549,0.0747,0.0,0.2166,0.4401,0.0,0.234,-0.0,0.8752,0.183,1.9739346217119754e-05,185.1,0.67
1577,1790894823.5620172,-0.2561,0.0496,-0.6667,-0.0,0.1339,0.1222,0.1996,0.1556,0.5024,0.0774,0.0974,0.0,0.2467,0.5836,0.0,0.21,-0.0,0.8752,0.0,1.9739346217119754e-05,104.2,0.42
1578,1790894823.966076,-0.2132,0.036,-0.3965,-0.0329,0.1065,0.0995,0.1569,0.1259,0.4365,0.0574,0.0648,0.0,0.278,0.3581,0.0,0.222,-0.0,0.8752,0.0,1.9739346217119754e-05,189.2,0.4
1579,1790894824.4263756,-0.1722,0.0367,-0.3208,-0.039,0.0712,0.0702,0.1265,0.098,0.3713,0.0563,0.0535,0.0,0.3384,0.2664,0.0,0.247,-0.0,0.8752,0.0,1.9739346217119754e-05,202.6,0.46
1580,1790894824.967015,-0.2031,0.0306,-0.4755,-0.0,0.0969,0.0951,0.1405,0.1159,0.4357,0.0454,0.0569,0.0,0.2693,0.3076,0.0,0.23,-0.0,0.8752,0.213,1.9737214758614057e-05,211.0,0.54
1581,1790894825.425835,-0.2065,0.0458,-0.379,-0.0417,0.099,0.0822,0.1542,0.1176,0.4444,0.0719,0.0557,-0.0,0.2195,0.3128,0.0,0.189,0.0,0.8752,0.0,1.9737214758614057e-05,112.4,0.46
1582,1790894825.9080346,-0.1642,0.0356,-0.3766,-0.0265,0.0679,0.065,0.1199,0.0937,0.3527,0.0549,0.0497,-0.0,0.2846,0.2551,0.0,0.227,0.0,0.8752,0.0,1.9737214758614057e-05,162.3,0.48
1583,1790894826.353316,-0.1949,0.0271,-0.3296,-0.0756,0.0986,0.0924,0.1354,0.1137,0.4059,0.0431,0.0598,0.0,0.214,0.3419,0.0,0.215,-0.0,0.8752,0.0,1.9737214758614057e-05,210.9,0.44
1584,1790894826.8862429,-0.254,0.0375,-0.4196,-0.0996,0.119,0.1157,0.1747,0.1413,0.5632,0.059,0.0645,0.0,0.1829,0.3813,0.0,0.244,-0.0,0.8752,0.197,1.973507473673562e-05,226.9,0.53
1585,1790894827.3206022,-0.2266,0.0355,-0.3901,-0.0,0.1215,0.1102,0.1688,0.1365,0.4504,0.0586,0.0544,-0.0,0.1979,0.3096,0.0,0.189,0.0,0.8379,0.0,1.973507473673562e-05,116.8,0.43
1586,1790894827.7595649,-0.1331,0.0301,-0.3188,-0.0,0.0594,0.0578,0.0985,0.0776,0.2775,0.0406,0.0447,-0.0,0.2572,0.2296,0.0,0.208,0.0,0.8752,0.0,1.973507473673562e-05,172.5,0.44
1587,1790894828.227312,-0.2088,0.0362,-0.441,-0.0304,0.0838,0.0816,0.1461,0.113,0.4793,0.0644,0.0574,-0.0,0.2465,0.3166,0.0,0.235,0.0,0.8752,0.0,1.973507473673562e-05,193.2,0.46
1588,1790894828.7437584,-0.3135,0.0384,-0.5365,-0.0656,0.1565,0.1565,0.2225,0.1882,0.6262,0.066,0.0916,0.0,0.2432,0.5459,0.0,0.287,-0.0,0.8752,0.188,1.9732926153366475e-05,222.9,0.51
1589,1790894829.1923473,-0.1715,0.0336,-0.4131,-0.0,0.0796,0.0732,0.1162,0.0944,0.3856,0.043,0.0581,-0.0,0.2062,0.3323,0.0,0.175,0.0,0.7989,0.0,1.9732926153366475e-05,118.3,0.44
1590,1790894829.646085,-0.1967,0.0367,-0.3865,-0.0,0.0837,0.0764,0.1392,0.1102,0.4322,0.0628,0.057,-0.0,0.2725,0.3071,0.0,0.235,0.0,0.8752,0.0,1.9732926153366475e-05,171.3,0.45
1591,1790894830.1230276,-0.1909,0.0392,-0.4001,-0.0,0.0825,0.0773,0.1336,0.1083,0.4127,0.0563,0.0687,-0.0,0.3407,0.3671,0.0,0.261,0.0,0.8752,0.0,1.9732926153366475e-05,193.7,0.47
1592,1790894830.6279166,-0.2386,0.04,-0.5694,-0.0627,0.1142,0.1133,0.1744,0.143,0.4778,0.0611,0.0807,-0.0,0.2593,0.4686,0.0,0.246,0.0,0.8752,0.212,1.9730769010396197e-05,232.1,0.5
1593,1790894831.0475082,-0.2183,0.0597,-0.5548,-0.0,0.1037,0.0916,0.1936,0.1387,0.3981,0.1021,0.0709,-0.0,0.2388,0.4089,0.0,0.228,0.0,0.8752,0.0,1.9730769010396197e-05,130.4,0.42
1594,1790894831.5238597,-0.2071,0.0318,-0.3844,-0.0,0.0967,0.0916,0.1449,0.1162,0.4543,0.0533,0.0904,-0.0,0.289,0.5257,0.0,0.22,0.0,0.8752,0.0,1.9730769010396197e-05,161.3,0.47
1595,1790894831.996439,-0.2202,0.0469,-0.4538,-0.0,0.0946,0.0926,0.164,0.1292,0.455,0.0714,0.0704,-0.0,0.3328,0.3806,0.0,0.249,0.0,0.8752,0.0,1.9730769010396197e-05,203.0,0.47
1596,1790894832.560519,-0.2089,0.0283,-0.5069,-0.0,0.1063,0.0999,0.147,0.1233,0.4278,0.0471,0.0671,-0.0,0.2544,0.3795,0.0,0.239,0.0,0.8752,0.218,1.9728603309721874e-05,213.7,0.56
1597,1790894832.9904635,-0.1616,0.0496,-0.3914,-0.0,0.0776,0.0598,0.1282,0.0922,0.3468,0.0684,0.037,0.0,0.2227,0.1873,0.0,0.195,-0.0,0.8752,0.0,1.9728603309721874e-05,115.4,0.43
1598,1790894833.4235184,-0.248,0.0377,-0.4857,-0.04,0.1241,0.1155,0.1726,0.142,0.53,0.0571,0.0689,-0.0,0.1907,0.4084,0.0,0.218,0.0,0.8752,0.0,1.9728603309721874e-05,164.5,0.43
1599,1790894833.9173806,-0.2052,0.0346,-0.3909,-0.0243,0.0912,0.0849,0.144,0.1159,0.4467,0.059,0.067,0.0,0.2965,0.3676,0.0,0.246,-0.0,0.8752,0.0,1.9728603309721874e-05,180.9,0.49
1600,1790894834.4482052,-0.2261,0.0388,-0.4382,-0.0485,0.0988,0.0968,0.1614,0.1278,0.4914,0.0645,0.064,0.0,0.2558,0.3581,0.0,0.271,-0.0,0.8752,0.23,1.972642905324813e-05,206.5,0.53
1601,1790894836.9431422,-0.1811,0.0469,-0.4167,-0.0,0.0717,0.0685,0.1382,0.1014,0.3982,0.0697,0.0571,0.0,0.2601,0.3116,0.0,0.206,-0.0,0.8752,0.0,1.972642905324813e-05,84.3,0.62
1602,1790894837.460816,-0.219,0.0362,-0.4141,-0.0,0.1054,0.0985,0.1516,0.125,0.4697,0.0531,0.0544,-0.0,0.2102,0.3067,0.0,0.2,0.0,0.8752,0.0,1.972642905324813e-05,136.4,0.51
1603,1790894837.8864393,-0.2431,0.0317,-0.6262,-0.06,0.126,0.1225,0.1833,0.1502,0.4649,0.0608,0.0802,-0.0,0.3415,0.4434,0.0,0.286,0.0,0.8752,0.0,1.972642905324813e-05,199.1,0.42
1604,1790894838.3719435,-0.2414,0.0385,-0.4422,-0.0,0.1141,0.1122,0.1729,0.142,0.4971,0.0607,0.071,-0.0,0.3363,0.3838,0.0,0.263,0.0,0.8752,0.219,1.9724246242887113e-05,211.9,0.48
1605,1790894838.8361092,-0.2199,0.0539,-0.5571,-0.0,0.1026,0.1,0.1882,0.1337,0.4311,0.0882,0.0554,-0.0,0.2301,0.3076,0.0,0.181,0.0,0.8752,0.0,1.9724246242887113e-05,94.6,0.46
1606,1790894839.2511098,-0.2446,0.0445,-0.5054,-0.0,0.1223,0.108,0.184,0.1421,0.5124,0.0759,0.0693,0.0,0.1845,0.413,0.0,0.21,-0.0,0.8752,0.0,1.9724246242887113e-05,147.2,0.41
1607,1790894839.7338595,-0.193,0.0299,-0.3701,-0.0441,0.0905,0.0878,0.1363,0.1126,0.402,0.0485,0.0691,-0.0,0.2531,0.3932,0.0,0.217,0.0,0.8752,0.0,1.9724246242887113e-05,179.9,0.48
1608,1790894840.2265987,-0.2195,0.0371,-0.5241,-0.0826,0.1001,0.0939,0.1508,0.1213,0.4908,0.0568,0.0568,0.0,0.2667,0.3073,0.0,0.245,-0.0,0.8752,0.246,1.9722054880558484e-05,222.7,0.49
1609,1790894840.6663609,-0.2577,0.0405,-0.525,-0.0,0.1223,0.1121,0.1756,0.1453,0.5622,0.0635,0.0661,0.0,0.2079,0.385,0.0,0.231,-0.0,0.8752,0.0,1.9722054880558484e-05,122.1,0.44
1610,1790894841.0868,-0.2164,0.0493,-0.4776,-0.0,0.0957,0.092,0.166,0.125,0.4571,0.074,0.0656,0.0,0.2924,0.3591,0.0,0.224,-0.0,0.8752,0.0,1.9722054880558484e-05,180.8,0.42
1611,1790894841.4988399,-0.2046,0.0323,-0.5484,-0.0306,0.0968,0.0947,0.1388,0.1173,0.4369,0.0441,0.0615,-0.0,0.2573,0.3416,0.0,0.233,0.0,0.8752,0.0,1.9722054880558484e-05,222.4,0.41
1612,1790894842.0610535,-0.2575,0.037,-0.4375,-0.0879,0.1228,0.1212,0.1806,0.1498,0.5385,0.0594,0.0789,-0.0,0.1976,0.4733,0.0,0.247,0.0,0.8752,0.205,1.971985496818944e-05,203.4,0.56
1613,1790894842.5549414,-0.2385,0.0494,-0.7667,-0.0404,0.119,0.1121,0.1913,0.1494,0.4456,0.0792,0.0672,-0.0,0.242,0.3835,0.0,0.227,0.0,0.8752,0.0,1.971985496818944e-05,98.9,0.49
1614,1790894843.004831,-0.2589,0.0354,-0.4569,-0.0778,0.1406,0.1275,0.1896,0.1593,0.4983,0.0621,0.0821,0.0,0.2259,0.4872,0.0,0.227,-0.0,0.8752,0.0,1.971985496818944e-05,169.5,0.45
1615,1790894843.463349,-0.1864,0.0332,-0.3984,-0.0,0.0935,0.0853,0.1417,0.1111,0.3767,0.0563,0.0641,0.0,0.297,0.3482,0.0,0.209,-0.0,0.8752,0.0,1.971985496818944e-05,207.9,0.46
1616,1790894843.9977992,-0.2047,0.036,-0.3795,-0.0441,0.0914,0.0875,0.1422,0.1158,0.4441,0.0547,0.0574,-0.0,0.2207,0.3237,0.0,0.237,0.0,0.8752,0.202,1.9717646507714684e-05,220.1,0.53
1617,1790894844.4435492,-0.2151,0.0369,-0.5704,-0.0,0.118,0.1025,0.1596,0.1344,0.4031,0.0571,0.0751,-0.0,0.2973,0.4211,0.0,0.205,0.0,0.8752,0.0,1.9717646507714684e-05,115.0,0.44
1618,1790894844.9186437,-0.2266,0.0264,-0.4933,-0.0308,0.1081,0.1081,0.1483,0.1283,0.4918,0.0402,0.0642,0.0,0.2539,0.36,0.0,0.214,-0.0,0.8752,0.0,1.9717646507714684e-05,165.0,0.47
1619,1790894845.3970094,-0.2212,0.0319,-0.4465,-0.0472,0.1082,0.1061,0.1567,0.129,0.4613,0.0506,0.0706,0.0,0.314,0.3872,0.0,0.264,-0.0,0.8752,0.0,1.9717646507714684e-05,201.4,0.48
1620,1790894845.8765237,-0.2229,0.0356,-0.5617,-0.0748,0.1058,0.0986,0.1554,0.1266,0.4814,0.0568,0.076,-0.0,0.2391,0.4429,0.0,0.23,0.0,0.8752,0.392,1.971542950107644e-05,241.0,0.48
1621,1790894846.3474257,-0.1729,0.0324,-0.3641,-0.0477,0.088,0.0754,0.1255,0.1003,0.3633,0.0501,0.0523,-0.0,0.231,0.2871,0.0,0.199,0.0,0.7989,0.0,1.971542950107644e-05,113.1,0.47
1622,1790894846.7955384,-0.2215,0.0404,-0.5484,-0.0527,0.0948,0.0948,0.155,0.1262,0.4765,0.0602,0.0632,0.0,0.2004,0.3677,0.0,0.249,-0.0,0.8379,0.0,1.971542950107644e-05,153.5,0.45
1623,1790894847.2756462,-0.2379,0.0358,-0.5857,-0.047,0.1215,0.1097,0.1658,0.1391,0.494,0.0561,0.073,0.0,0.2652,0.4158,0.0,0.246,-0.0,0.8752,0.0,1.971542950107644e-05,190.7,0.48
1624,1790894847.8333347,-0.251,0.0298,-0.443,-0.0,0.126,0.1215,0.1678,0.1419,0.5457,0.0463,0.0784,0.0,0.2213,0.4636,0.0,0.251,-0.0,0.8752,0.198,1.9713203950224455e-05,218.5,0.56
1625,1790894848.297098,-0.1606,0.0389,-0.3893,-0.0,0.0704,0.06,0.1201,0.0895,0.3559,0.0601,0.0438,-0.0,0.2108,0.2355,0.0,0.192,0.0,0.8379,0.0,1.9713203950224455e-05,117.7,0.46
1626,1790894850.629583,-0.1949,0.0425,-0.4222,-0.0,0.0818,0.0763,0.1406,0.1084,0.4324,0.0644,0.0536,0.0,0.2376,0.2941,0.0,0.242,-0.0,0.8752,0.0,1.9713203950224455e-05,155.4,0.5
1627,1790894851.064568,-0.199,0.0317,-0.361,-0.0607,0.0916,0.0895,0.1353,0.1102,0.4443,0.0458,0.0558,0.0,0.2467,0.3061,0.0,0.225,-0.0,0.8752,0.0,1.9713203950224455e-05,224.1,0.43
1628,1790894851.5980713,-0.2462,0.0334,-0.4767,-0.1153,0.111,0.1095,0.1663,0.1389,0.5364,0.0568,0.0696,-0.0,0.2075,0.4089,0.0,0.242,0.0,0.8752,0.191,1.9710969857115983e-05,230.9,0.53
1629,1790894852.0274422,-0.2094,0.0434,-0.4643,-0.0,0.099,0.0837,0.1503,0.117,0.4622,0.0666,0.0595,-0.0,0.2177,0.3387,0.0,0.195,0.0,0.8379,0.0,1.9710969857115983e-05,109.0,0.43
1630,1790894852.487875,-0.207,0.0406,-0.4609,-0.0328,0.0925,0.086,0.1414,0.1145,0.4623,0.0554,0.0659,-0.0,0.2253,0.3796,0.0,0.241,0.0,0.8752,0.0,1.9710969857115983e-05,156.1,0.46
1631,1790894852.951915,-0.1862,0.0267,-0.4641,-0.061,0.087,0.0825,0.121,0.1006,0.4284,0.0385,0.0514,0.0,0.2805,0.2676,0.0,0.24,-0.0,0.8752,0.0,1.9710969857115983e-05,204.3,0.46
1632,1790894853.5029476,-0.2061,0.0325,-0.3906,-0.0675,0.0884,0.0846,0.1388,0.1133,0.464,0.0542,0.0539,0.0,0.2535,0.2917,0.0,0.22,-0.0,0.8752,0.21,1.970872722371579e-05,220.5,0.55
1633,1790894853.9647732,-0.2246,0.0522,-0.7,-0.0,0.0979,0.0919,0.1886,0.1333,0.4567,0.0967,0.0605,0.0,0.2279,0.3425,0.0,0.205,-0.0,0.8379,0.0,1.970872722371579e-05,102.1,0.46
1634,1790894854.4190998,-0.208,0.0385,-0.4862,-0.0,0.1071,0.0939,0.151,0.1182,0.4487,0.0571,0.0705,-0.0,0.2052,0.4154,0.0,0.254,0.0,0.8752,0.0,1.970872722371579e-05,155.5,0.45
1635,1790894854.9434576,-0.193,0.0341,-0.4042,-0.0,0.0944,0.0851,0.1352,0.1113,0.4084,0.0501,0.0568,0.0,0.2461,0.3134,0.0,0.217,-0.0,0.8752,0.0,1.970872722371579e-05,181.3,0.52
1636,1790894855.4817307,-0.2509,0.0435,-0.4091,-0.0913,0.1066,0.1039,0.1686,0.1393,0.5579,0.0647,0.0671,-0.0,0.2475,0.3814,0.0,0.237,0.0,0.8752,0.232,1.970647605199616e-05,225.0,0.54
1637,1790894855.9465423,-0.1636,0.0487,-0.3905,-0.0,0.0643,0.0574,0.1253,0.0901,0.3674,0.0679,0.0415,0.0,0.2695,0.2047,0.0,0.191,-0.0,0.7579,0.0,1.970647605199616e-05,99.8,0.46
1638,1790894856.3686237,-0.1487,0.0391,-0.3564,-0.0323,0.051,0.0484,0.1058,0.0791,0.3482,0.0575,0.0402,-0.0,0.2101,0.212,0.0,0.199,0.0,0.8752,0.0,1.970647605199616e-05,165.8,0.42
1639,1790894856.814416,-0.1977,0.0426,-0.3997,-0.0277,0.0826,0.0816,0.143,0.1126,0.4254,0.0615,0.0563,0.0,0.2635,0.3048,0.0,0.248,-0.0,0.8752,0.0,1.970647605199616e-05,210.8,0.44
1640,1790894857.3563511,-0.1996,0.0274,-0.4135,-0.11,0.0903,0.0894,0.1324,0.1098,0.4486,0.043,0.0551,0.0,0.2129,0.3105,0.0,0.227,-0.0,0.8752,0.188,1.9704216343936875e-05,212.4,0.54
1641,1790894857.8109412,-0.2267,0.0563,-0.629,-0.0,0.1093,0.1011,0.185,0.1382,0.4425,0.0839,0.0792,0.0,0.2096,0.4719,0.0,0.203,-0.0,0.8752,0.0,1.9704216343936875e-05,102.3,0.45
1642,1790894858.2779381,-0.1996,0.0325,-0.4482,-0.0,0.0988,0.091,0.1384,0.1165,0.4153,0.0474,0.0598,0.0,0.2022,0.3445,0.0,0.208,-0.0,0.8379,0.0,1.9704216343936875e-05,154.0,0.46
1643,1790894858.7529016,-0.2704,0.0453,-0.4744,-0.0,0.1296,0.1242,0.2047,0.1616,0.5441,0.0805,0.0849,0.0,0.3508,0.4723,0.0,0.286,-0.0,0.8752,0.0,1.9704216343936875e-05,193.2,0.47
1644,1790894859.2943444,-0.2364,0.0306,-0.4538,-0.0998,0.1108,0.1098,0.1558,0.1331,0.5167,0.046,0.0713,-0.0,0.2629,0.405,0.0,0.259,0.0,0.8752,0.202,1.9701948101525233e-05,211.7,0.54
1645,1790894859.7347188,-0.2169,0.05,-0.3975,-0.0,0.0993,0.093,0.1651,0.1272,0.4483,0.0721,0.0595,-0.0,0.2649,0.3258,0.0,0.25,0.0,0.8752,0.0,1.9701948101525233e-05,124.3,0.44
1646,1790894860.2309046,-0.188,0.0278,-0.4563,-0.0323,0.0861,0.0837,0.1292,0.1071,0.4049,0.0456,0.0597,-0.0,0.3124,0.3147,0.0,0.238,0.0,0.8752,0.0,1.9701948101525233e-05,158.4,0.49
1647,1790894860.6745403,-0.2125,0.0427,-0.5167,-0.0,0.0943,0.0893,0.1566,0.1252,0.4367,0.0673,0.0639,-0.0,0.3566,0.3308,0.0,0.234,0.0,0.8752,0.0,1.9701948101525233e-05,211.9,0.44
1648,1790894861.1803956,-0.2363,0.0278,-0.5065,-0.0723,0.1188,0.1134,0.1615,0.1384,0.4895,0.0481,0.0739,-0.0,0.2592,0.4238,0.0,0.234,0.0,0.8752,0.202,1.969967132675604e-05,229.6,0.5
1649,1790894861.633538,-0.1971,0.048,-0.5321,-0.0,0.081,0.0704,0.1484,0.1096,0.4372,0.078,0.0502,0.0,0.2477,0.2687,0.0,0.219,-0.0,0.8752,0.0,1.969967132675604e-05,115.0,0.45
1650,1790894862.0685148,-0.1951,0.0391,-0.4583,-0.0636,0.0998,0.0851,0.149,0.1169,0.3908,0.0639,0.0545,0.0,0.253,0.2958,0.0,0.234,-0.0,0.8752,0.0,1.969967132675604e-05,173.1,0.43
1651,1790894864.5965722,-0.2107,0.0327,-0.3617,-0.0607,0.0928,0.0893,0.1467,0.1165,0.4709,0.0574,0.0659,-0.0,0.3729,0.3398,0.0,0.225,0.0,0.8752,0.0,1.969967132675604e-05,140.0,0.66
1652,1790894865.0515223,-0.245,0.034,-0.5795,-0.0243,0.115,0.1133,0.1688,0.142,0.5151,0.0554,0.0722,0.0,0.2891,0.404,0.0,0.252,0.0,0.8752,0.191,1.9697386021631596e-05,252.7,0.45
1653,1790894865.4511764,-0.1742,0.0424,-0.3995,-0.0,0.0865,0.0755,0.1385,0.1059,0.3416,0.063,0.0589,0.0,0.2272,0.3317,0.0,0.183,-0.0,0.8752,0.0,1.9697386021631596e-05,126.4,0.4
1654,1790894865.914877,-0.2123,0.0366,-0.5676,-0.0,0.1056,0.1022,0.161,0.1281,0.421,0.0588,0.0663,-0.0,0.2502,0.3751,0.0,0.241,0.0,0.8752,0.0,1.9697386021631596e-05,150.7,0.46
1655,1790894866.3610702,-0.2491,0.0269,-0.5026,-0.0606,0.1328,0.1295,0.1724,0.1518,0.4864,0.0429,0.09,0.0,0.3261,0.5133,0.0,0.269,-0.0,0.8752,0.0,1.9697386021631596e-05,195.6,0.44
1656,1790894866.881084,-0.2802,0.0348,-0.5023,-0.09,0.1325,0.1325,0.1924,0.1625,0.5885,0.0599,0.0841,-0.0,0.2698,0.4885,0.0,0.26,0.0,0.8752,0.202,1.9695092188161703e-05,204.9,0.52
1657,1790894867.3295674,-0.1851,0.0553,-0.5419,-0.0,0.0752,0.0645,0.16,0.11,0.3753,0.0956,0.067,0.0,0.2353,0.3837,0.0,0.216,-0.0,0.8752,0.0,1.9695092188161703e-05,112.5,0.45
1658,1790894867.8184495,-0.2505,0.0429,-0.4583,-0.0,0.1301,0.1222,0.1902,0.1556,0.4742,0.068,0.0861,0.0,0.2836,0.4981,0.0,0.256,-0.0,0.8752,0.0,1.9695092188161703e-05,160.5,0.49
1659,1790894868.3161619,-0.1823,0.03,-0.3675,-0.0243,0.0803,0.078,0.1247,0.1035,0.394,0.0466,0.0595,0.0,0.3337,0.3078,0.0,0.218,-0.0,0.8752,0.0,1.9695092188161703e-05,191.5,0.49
1660,1790894868.833129,-0.2519,0.0354,-0.4148,-0.0642,0.1204,0.1127,0.1679,0.1419,0.5501,0.0552,0.0782,-0.0,0.2825,0.4458,0.0,0.24,0.0,0.8752,0.25,1.969278982836368e-05,218.6,0.51
1661,1790894869.265981,-0.2141,0.0451,-0.3774,-0.0799,0.1017,0.0976,0.1636,0.1302,0.4194,0.066,0.0618,-0.0,0.266,0.3413,0.0,0.207,0.0,0.8379,0.0,1.969278982836368e-05,127.1,0.43
1662,1790894869.7422922,-0.1985,0.0432,-0.5824,-0.0,0.0989,0.0894,0.1552,0.1199,0.3931,0.0658,0.0551,0.0,0.2138,0.3101,0.0,0.252,-0.0,0.8752,0.0,1.969278982836368e-05,161.1,0.47
1663,1790894870.197707,-0.2425,0.0343,-0.5099,-0.0903,0.1217,0.1142,0.172,0.1432,0.4965,0.0578,0.0756,0.0,0.3156,0.4201,0.0,0.252,-0.0,0.8752,0.0,1.969278982836368e-05,199.8,0.45
1664,1790894870.7353745,-0.2091,0.043,-0.3924,-0.0244,0.0864,0.0847,0.1494,0.119,0.4502,0.0647,0.0627,-0.0,0.247,0.3522,0.0,0.239,0.0,0.8752,0.184,1.969047894426232e-05,210.8,0.53
1665,1790894871.1374717,-0.1812,0.0535,-0.3505,-0.0,0.0723,0.0659,0.1458,0.1059,0.3765,0.08,0.0441,-0.0,0.2353,0.2313,0.0,0.211,0.0,0.8752,0.0,1.969047894426232e-05,126.5,0.4
1666,1790894871.5957649,-0.219,0.0379,-0.3933,-0.0457,0.1027,0.0976,0.156,0.1264,0.4631,0.0584,0.0596,0.0,0.1988,0.3442,0.0,0.224,-0.0,0.8752,0.0,1.969047894426232e-05,166.7,0.46
1667,1790894872.0399914,-0.2475,0.0324,-0.4152,-0.0,0.1277,0.1228,0.1698,0.1466,0.5043,0.047,0.0738,0.0,0.2994,0.4124,0.0,0.263,-0.0,0.8752,0.0,1.969047894426232e-05,209.3,0.44
1668,1790894872.6233122,-0.213,0.0337,-0.3884,-0.0523,0.0988,0.0952,0.1455,0.1205,0.4624,0.0503,0.0647,0.0,0.2267,0.3711,0.0,0.226,-0.0,0.8752,0.2,1.9688159537889933e-05,202.2,0.58
1669,1790894873.0390391,-0.2018,0.0376,-0.5,-0.0,0.1072,0.0958,0.1506,0.1221,0.3986,0.0548,0.0715,-0.0,0.2868,0.3999,0.0,0.21,0.0,0.8379,0.0,1.9688159537889933e-05,111.7,0.41
1670,1790894873.5157533,-0.2219,0.0351,-0.4573,-0.0441,0.1096,0.1077,0.1612,0.1335,0.4421,0.0535,0.0675,0.0,0.2542,0.3824,0.0,0.225,-0.0,0.8752,0.0,1.9688159537889933e-05,173.6,0.47
1671,1790894873.9767652,-0.2339,0.0339,-0.4122,-0.0308,0.1131,0.1071,0.158,0.133,0.5043,0.0509,0.0691,-0.0,0.3063,0.3792,0.0,0.245,0.0,0.8752,0.0,1.9688159537889933e-05,222.0,0.46
1672,1790894874.4783175,-0.2198,0.028,-0.3995,-0.0607,0.0993,0.0958,0.1405,0.1196,0.5009,0.0448,0.0612,0.0,0.2452,0.3425,0.0,0.231,-0.0,0.8752,0.199,1.9685831611286312e-05,256.5,0.5
1673,1790894874.8721297,-0.1322,0.0475,-0.4209,-0.0,0.0562,0.0433,0.1072,0.0751,0.2853,0.0639,0.0488,0.0,0.2264,0.2649,0.0,0.162,-0.0,0.8379,0.0,1.9685831611286312e-05,116.1,0.39
1674,1790894875.3081057,-0.2048,0.0307,-0.3831,-0.0308,0.1136,0.1015,0.1471,0.1226,0.4108,0.0455,0.0583,-0.0,0.2005,0.3351,0.0,0.216,0.0,0.8752,0.0,1.9685831611286312e-05,175.9,0.43
1675,1790894875.8138466,-0.2056,0.0327,-0.4612,-0.0523,0.0925,0.0891,0.1423,0.1187,0.4348,0.0532,0.0613,0.0,0.2927,0.3303,0.0,0.231,-0.0,0.8752,0.0,1.9685831611286312e-05,190.3,0.5
1676,1790894878.6035168,-0.2443,0.0386,-0.4262,-0.091,0.1039,0.1027,0.1608,0.1355,0.544,0.0581,0.0659,0.0,0.2144,0.3825,0.0,0.241,-0.0,0.8752,0.174,1.968349516649875e-05,167.1,0.77
1677,1790894879.0627894,-0.147,0.0355,-0.4464,-0.0,0.0737,0.0716,0.12,0.0897,0.2869,0.0484,0.0433,0.0,0.2964,0.2093,0.0,0.176,-0.0,0.8379,0.0,1.968349516649875e-05,120.3,0.46
1678,1790894879.501397,-0.1973,0.0356,-0.4947,-0.0,0.1012,0.0977,0.151,0.1199,0.3873,0.0533,0.0621,-0.0,0.2517,0.3468,0.0,0.217,0.0,0.8752,0.0,1.968349516649875e-05,175.0,0.44
1679,1790894879.8897943,-0.1983,0.0385,-0.4035,-0.0,0.0806,0.0806,0.1374,0.1111,0.4361,0.0568,0.0564,0.0,0.3192,0.2906,0.0,0.228,-0.0,0.8752,0.0,1.968349516649875e-05,250.5,0.39
1680,1790894880.4134932,-0.1952,0.0378,-0.3607,-0.052,0.0816,0.0816,0.1368,0.11,0.426,0.0551,0.057,0.0,0.2559,0.3117,0.0,0.235,-0.0,0.8752,0.177,1.9681150205582025e-05,218.8,0.52
1681,1790894880.8415024,-0.1899,0.0424,-0.392,-0.0,0.0995,0.0816,0.1479,0.1148,0.3755,0.0663,0.0766,-0.0,0.2323,0.449,0.0,0.195,0.0,0.8379,0.0,1.9681150205582025e-05,118.8,0.43
1682,1790894881.3037019,-0.21,0.0346,-0.4872,-0.0,0.106,0.0996,0.1509,0.1263,0.4188,0.0512,0.0655,-0.0,0.2331,0.3747,0.0,0.25,0.0,0.8752,0.0,1.9681150205582025e-05,168.8,0.46
1683,1790894881.7754045,-0.2402,0.0329,-0.4318,-0.0265,0.1141,0.1131,0.1678,0.1395,0.5034,0.0547,0.0716,0.0,0.309,0.3952,0.0,0.255,-0.0,0.8752,0.0,1.9681150205582025e-05,196.1,0.47
1684,1790894882.2681088,-0.1755,0.0295,-0.3324,-0.0,0.0777,0.0769,0.1166,0.0962,0.3966,0.0397,0.0474,-0.0,0.2267,0.2554,0.0,0.212,0.0,0.8752,0.22,1.9678796730598414e-05,210.4,0.49
1685,1790894882.6926725,-0.2072,0.0462,-0.4214,-0.0705,0.0954,0.0892,0.163,0.1192,0.4396,0.0738,0.0749,-0.0,0.2937,0.4211,0.0,0.211,0.0,0.8752,0.0,1.9678796730598414e-05,116.6,0.42
1686,1790894883.1625674,-0.2028,0.0442,-0.4727,-0.0258,0.0905,0.0795,0.1412,0.1105,0.4616,0.0617,0.0549,0.0,0.2363,0.303,0.0,0.221,-0.0,0.8752,0.0,1.9678796730598414e-05,178.7,0.47
1687,1790894883.64749,-0.1973,0.0284,-0.4506,-0.0393,0.0966,0.0906,0.1344,0.111,0.4317,0.0438,0.0581,-0.0,0.2958,0.3085,0.0,0.213,0.0,0.8752,0.0,1.9678796730598414e-05,208.4,0.48
1688,1790894884.1450784,-0.2408,0.034,-0.4173,-0.0514,0.1107,0.1073,0.165,0.1355,0.5261,0.0577,0.0676,-0.0,0.2251,0.3904,0.0,0.261,0.0,0.8752,0.219,1.9676434743617668e-05,240.7,0.5
1689,1790894884.6040874,-0.1726,0.04,-0.4143,-0.0,0.094,0.0758,0.1328,0.1043,0.3412,0.057,0.0471,-0.0,0.2046,0.2596,0.0,0.184,0.0,0.8379,0.0,1.9676434743617668e-05,106.1,0.46
1690,1790894885.0635717,-0.1992,0.0379,-0.5395,-0.0341,0.0979,0.089,0.1431,0.1165,0.4136,0.0541,0.0668,-0.0,0.245,0.3799,0.0,0.23,0.0,0.8752,0.0,1.9676434743617668e-05,171.2,0.46
1691,1790894885.547864,-0.1979,0.0375,-0.3399,-0.0523,0.0825,0.0802,0.1399,0.111,0.4347,0.0597,0.0538,-0.0,0.3263,0.2718,0.0,0.234,0.0,0.8752,0.0,1.9676434743617668e-05,191.4,0.48
1692,1790894886.0985417,-0.1989,0.0323,-0.422,-0.0,0.0904,0.0879,0.1331,0.111,0.4395,0.0451,0.0544,0.0,0.2651,0.292,0.0,0.244,-0.0,0.8752,0.209,1.9674064246717038e-05,225.1,0.55
1693,1790894886.5437384,-0.2108,0.0447,-0.4459,-0.0,0.0975,0.0915,0.1683,0.1265,0.4218,0.0767,0.0658,0.0,0.1985,0.3859,0.0,0.189,-0.0,0.8379,0.0,1.9674064246717038e-05,118.4,0.44
1694,1790894887.0419357,-0.2381,0.0453,-0.5521,-0.0,0.1149,0.1106,0.1781,0.1419,0.4809,0.0676,0.0702,-0.0,0.2377,0.4049,0.0,0.262,0.0,0.8752,0.0,1.9674064246717038e-05,144.3,0.5
1695,1790894887.5049958,-0.2342,0.0448,-0.4294,-0.0,0.1068,0.1056,0.1758,0.1416,0.4631,0.0703,0.0813,-0.0,0.387,0.4387,0.0,0.297,-0.0,0.8752,0.0,1.9674064246717038e-05,193.3,0.46
1696,1790894888.046469,-0.1808,0.0315,-0.3526,-0.0331,0.0793,0.0731,0.1231,0.0982,0.4128,0.05,0.0583,-0.0,0.2404,0.3248,0.0,0.215,0.0,0.8752,0.209,1.9671685241981246e-05,217.9,0.54
1697,1790894888.5327754,-0.1792,0.0483,-0.575,-0.0,0.0831,0.0707,0.1509,0.1081,0.3556,0.0802,0.0569,-0.0,0.2106,0.3233,0.0,0.206,0.0,0.8379,0.0,1.9671685241981246e-05,117.6,0.48
1698,1790894889.022344,-0.2444,0.031,-0.5305,-0.0409,0.1244,0.1139,0.1727,0.1438,0.5032,0.0588,0.0767,0.0,0.2551,0.4432,0.0,0.234,-0.0,0.8752,0.0,1.9671685241981246e-05,165.3,0.49
1699,1790894889.5044343,-0.1815,0.0354,-0.4452,-0.0308,0.0806,0.0764,0.1321,0.1036,0.3897,0.0557,0.0502,-0.0,0.3005,0.2545,0.0,0.229,0.0,0.8752,0.0,1.9671685241981246e-05,201.3,0.48
1700,1790894890.0722623,-0.2531,0.0319,-0.4819,-0.0489,0.1201,0.1156,0.1682,0.1424,0.5534,0.0526,0.0742,-0.0,0.2072,0.4393,0.0,0.243,0.0,0.8752,0.218,1.966929773150251e-05,236.4,0.56
1701,1790894892.554754,-0.1837,0.0457,-0.4103,-0.0,0.093,0.0815,0.149,0.1133,0.3521,0.0675,0.0561,-0.0,0.2748,0.3007,0.0,0.204,0.0,0.8752,0.0,1.966929773150251e-05,91.6,0.62
1702,1790894893.0716078,-0.1932,0.0332,-0.3439,-0.0488,0.0881,0.0839,0.1372,0.1085,0.4235,0.0533,0.0684,-0.0,0.3344,0.3666,0.0,0.227,0.0,0.8752,0.0,1.966929773150251e-05,167.9,0.51
1703,1790894893.52901,-0.287,0.0347,-0.5312,-0.1023,0.1416,0.136,0.1943,0.1623,0.6237,0.0583,0.0849,-0.0,0.2037,0.5115,0.0,0.264,0.0,0.8783,0.0,1.966929773150251e-05,202.7,0.45
1704,1790894894.0218005,-0.1833,0.05,-0.3981,-0.0,0.0855,0.0764,0.1512,0.1096,0.3685,0.0748,0.0731,-0.0,0.2499,0.4207,0.0,0.191,0.0,0.8379,0.218,1.9666901717380513e-05,106.1,0.49
1705,1790894894.4277472,-0.1884,0.0365,-0.5448,-0.0308,0.0858,0.0824,0.1369,0.1084,0.4001,0.0545,0.0602,0.0,0.2866,0.3248,0.0,0.25,-0.0,0.8752,0.0,1.9666901717380513e-05,189.4,0.4
1706,1790894894.8881624,-0.2023,0.0297,-0.4477,-0.0441,0.1023,0.0986,0.1433,0.1189,0.4169,0.0446,0.0641,-0.0,0.2541,0.3598,0.0,0.239,0.0,0.8752,0.0,1.9666901717380513e-05,211.0,0.46
1707,1790894895.3209524,-0.1918,0.0301,-0.3893,-0.0573,0.0866,0.0848,0.1324,0.1087,0.4151,0.0476,0.0554,-0.0,0.2427,0.3046,0.0,0.22,0.0,0.8752,0.0,1.9666901717380513e-05,269.8,0.43
1708,1790894895.7677014,-0.1659,0.0475,-0.4243,-0.0,0.0627,0.0525,0.1331,0.097,0.3447,0.0806,0.0524,0.0,0.2322,0.2877,0.0,0.193,0.0,0.7579,0.208,1.9664497201722427e-05,101.4,0.44
1709,1790894896.2331216,-0.2082,0.0325,-0.566,-0.0,0.1009,0.0967,0.1462,0.1209,0.4367,0.0495,0.0624,-0.0,0.1985,0.3633,0.0,0.212,0.0,0.8752,0.0,1.9664497201722427e-05,162.6,0.46
1710,1790894896.6619275,-0.2574,0.0337,-0.5611,-0.0755,0.1272,0.1252,0.1767,0.1483,0.5459,0.0515,0.0877,0.0,0.2407,0.5206,0.0,0.259,-0.0,0.8752,0.0,1.9664497201722427e-05,231.1,0.43
1711,1790894897.1615477,-0.2454,0.0283,-0.5271,-0.0798,0.1118,0.111,0.1565,0.1362,0.5458,0.0455,0.0845,0.0,0.2436,0.4982,0.0,0.237,0.0,0.8752,0.0,1.9664497201722427e-05,261.3,0.5
1712,1790894897.662865,-0.2068,0.0422,-0.477,-0.0,0.0955,0.0843,0.1519,0.1152,0.4577,0.0676,0.0579,-0.0,0.2596,0.3169,0.0,0.208,0.0,0.8752,0.196,1.9662084186642906e-05,114.7,0.5
1713,1790894898.1424518,-0.2956,0.0452,-0.5636,-0.0318,0.1364,0.1353,0.2126,0.1778,0.5888,0.0773,0.0953,-0.0,0.2741,0.5622,0.0,0.269,0.0,0.8752,0.0,1.9662084186642906e-05,173.7,0.48
1714,1790894898.61019,-0.2052,0.0421,-0.3705,-0.0,0.0864,0.0842,0.1501,0.1181,0.4355,0.0659,0.063,0.0,0.3552,0.3255,0.0,0.239,-0.0,0.8752,0.0,1.9662084186642906e-05,191.9,0.46
1715,1790894899.107001,-0.2419,0.0284,-0.4167,-0.0802,0.1146,0.1102,0.1577,0.1358,0.5305,0.0476,0.0844,0.0,0.235,0.4997,0.0,0.241,-0.0,0.8752,0.0,1.9662084186642906e-05,246.5,0.49
1716,1790894899.5969553,-0.1456,0.0485,-0.3476,-0.0,0.0637,0.0491,0.1216,0.0829,0.3134,0.0725,0.0387,0.0,0.267,0.1871,0.0,0.183,-0.0,0.8379,0.205,1.965966267426406e-05,116.4,0.49
1717,1790894900.0237033,-0.2012,0.0299,-0.393,-0.0667,0.0966,0.0885,0.1414,0.1133,0.4396,0.0529,0.061,-0.0,0.2966,0.3279,0.0,0.243,0.0,0.8752,0.0,1.965966267426406e-05,194.0,0.42
1718,1790894900.5138922,-0.2016,0.0378,-0.3796,-0.0263,0.0911,0.0847,0.1451,0.1135,0.4407,0.0604,0.0579,0.0,0.288,0.3092,0.0,0.241,-0.0,0.8752,0.0,1.965966267426406e-05,209.4,0.49
1719,1790894901.047221,-0.2265,0.0306,-0.5117,-0.0513,0.106,0.1023,0.1506,0.1265,0.4999,0.0482,0.0801,-0.0,0.2466,0.4679,0.0,0.239,0.0,0.8752,0.0,1.965966267426406e-05,226.7,0.53
1720,1790894901.5436192,-0.1594,0.0493,-0.4051,-0.0,0.0717,0.0604,0.1297,0.0935,0.3295,0.0693,0.0521,0.0,0.2528,0.2798,0.0,0.207,-0.0,0.8379,0.203,1.9657232666715485e-05,102.5,0.49
1721,1790894901.9774418,-0.1796,0.0304,-0.4125,-0.0304,0.0862,0.0828,0.1275,0.1054,0.3709,0.0447,0.0519,0.0,0.1878,0.2957,0.0,0.197,-0.0,0.8752,0.0,1.9657232666715485e-05,164.6,0.43
1722,1790894902.430661,-0.2119,0.0366,-0.3901,-0.0615,0.0983,0.0941,0.1461,0.1178,0.4709,0.052,0.0582,-0.0,0.3053,0.3064,0.0,0.233,-0.0,0.8752,0.0,1.9657232666715485e-05,201.6,0.45
1723,1790894902.9631357,-0.2564,0.032,-0.4584,-0.0651,0.1256,0.1224,0.1761,0.1532,0.5161,0.0538,0.085,0.0,0.307,0.4851,0.0,0.257,-0.0,0.8752,0.0,1.9657232666715485e-05,224.7,0.53
1724,1790894903.4488285,-0.2054,0.0484,-0.4541,-0.0,0.0985,0.0784,0.1564,0.1159,0.4474,0.0779,0.0508,0.0,0.2035,0.2847,0.0,0.198,-0.0,0.8752,0.189,1.9654794166134254e-05,101.3,0.48
1725,1790894903.8678052,-0.1743,0.0385,-0.5106,-0.0,0.0809,0.0709,0.1297,0.1011,0.3656,0.0587,0.0556,0.0,0.2739,0.2973,0.0,0.223,-0.0,0.8752,0.0,1.9654794166134254e-05,195.8,0.41
1726,1790894906.5089796,-0.2238,0.0377,-0.4383,-0.0,0.1014,0.0966,0.1542,0.1268,0.485,0.0576,0.0663,-0.0,0.359,0.3464,0.0,0.252,0.0,0.8752,0.0,1.9654794166134254e-05,124.3,0.78
1727,1790894907.022233,-0.2364,0.03,-0.4695,-0.0611,0.107,0.106,0.1551,0.131,0.5269,0.0491,0.064,-0.0,0.2292,0.3658,0.0,0.243,0.0,0.8752,0.0,1.9654794166134254e-05,232.4,0.51
1728,1790894907.4581423,-0.1514,0.0428,-0.4,-0.0,0.0564,0.0545,0.118,0.0818,0.3481,0.0634,0.038,-0.0,0.1983,0.2006,0.0,0.161,0.0,0.8379,0.218,1.9652347174664896e-05,102.0,0.43
1729,1790894907.920363,-0.2467,0.0307,-0.5048,-0.0,0.135,0.1233,0.1728,0.1487,0.4899,0.0495,0.0723,0.0,0.2157,0.4245,0.0,0.231,-0.0,0.8752,0.0,1.9652347174664896e-05,149.1,0.46
1730,1790894908.3615813,-0.2452,0.0365,-0.4186,-0.0627,0.114,0.1127,0.1682,0.1412,0.5196,0.0555,0.0791,-0.0,0.4019,0.4202,0.0,0.265,0.0,0.8752,0.0,1.9652347174664896e-05,212.4,0.44
1731,1790894908.8749154,-0.2109,0.0289,-0.3573,-0.0604,0.1018,0.0999,0.1418,0.1205,0.4519,0.0419,0.0647,0.0,0.2252,0.3716,0.0,0.228,-0.0,0.8752,0.0,1.9652347174664896e-05,226.2,0.51
1732,1790894909.3577302,-0.2567,0.0647,-0.5107,-0.0822,0.1185,0.1063,0.2048,0.158,0.4937,0.0985,0.0723,-0.0,0.2083,0.4266,0.0,0.233,0.0,0.8752,0.197,1.9649891694459408e-05,106.2,0.48
1733,1790894909.8004017,-0.2358,0.031,-0.425,-0.0299,0.1185,0.1101,0.1612,0.1363,0.4976,0.0511,0.0859,0.0,0.2935,0.4946,0.0,0.245,-0.0,0.8752,0.0,1.9649891694459408e-05,153.1,0.44
1734,1790894910.287334,-0.2289,0.0277,-0.386,-0.0523,0.1066,0.1066,0.1484,0.1287,0.5009,0.0418,0.0723,-0.0,0.3357,0.3927,0.0,0.252,0.0,0.8752,0.0,1.9649891694459408e-05,182.9,0.48
1735,1790894910.8116798,-0.209,0.0354,-0.3279,-0.0906,0.0997,0.0939,0.1454,0.1203,0.4437,0.0515,0.0641,-0.0,0.3201,0.3423,0.0,0.224,0.0,0.8752,0.0,1.9649891694459408e-05,201.1,0.52
1736,1790894911.2568247,-0.2059,0.0403,-0.4364,-0.0,0.0891,0.084,0.1476,0.1138,0.4603,0.0637,0.0531,-0.0,0.2248,0.2944,0.0,0.211,0.0,0.8379,0.242,1.9647427727677262e-05,116.2,0.44
1737,1790894911.6848564,-0.2104,0.0356,-0.5261,-0.0326,0.0999,0.0984,0.154,0.1251,0.4265,0.0556,0.0863,0.0,0.3177,0.4903,0.0,0.23,-0.0,0.8752,0.0,1.9647427727677262e-05,174.3,0.42
1738,1790894912.1215408,-0.2284,0.0368,-0.3559,-0.0321,0.1155,0.1083,0.1669,0.1389,0.4478,0.0586,0.0755,0.0,0.2988,0.4234,0.0,0.254,-0.0,0.8752,0.0,1.9647427727677262e-05,202.2,0.43
1739,1790894912.6229122,-0.2442,0.0345,-0.4144,-0.073,0.1153,0.1127,0.168,0.1415,0.5137,0.0553,0.0695,0.0,0.2234,0.404,0.0,0.25,-0.0,0.8752,0.0,1.9647427727677262e-05,217.9,0.5
1740,1790894913.1027179,-0.2152,0.0434,-0.3571,-0.0685,0.1043,0.0955,0.1639,0.1273,0.4395,0.0684,0.0765,0.0,0.2529,0.4429,0.0,0.197,-0.0,0.8379,0.212,1.9644955276485387e-05,105.2,0.48
1741,1790894913.5214024,-0.1799,0.0341,-0.4357,-0.0,0.0912,0.0808,0.1352,0.1054,0.3724,0.0543,0.047,0.0,0.1981,0.2603,0.0,0.177,-0.0,0.8752,0.0,1.9644955276485387e-05,165.9,0.42
1742,1790894914.0136814,-0.224,0.0334,-0.4355,-0.0613,0.1045,0.0986,0.1534,0.1283,0.4787,0.0548,0.0721,0.0,0.28,0.4063,0.0,0.261,-0.0,0.8752,0.0,1.9644955276485387e-05,177.7,0.49
1743,1790894914.49668,-0.2023,0.035,-0.3674,-0.0,0.0914,0.0867,0.1406,0.1144,0.4393,0.0539,0.0595,-0.0,0.2561,0.3286,0.0,0.23,0.0,0.8752,0.0,1.9644955276485387e-05,233.8,0.48
1744,1790894914.9910705,-0.2014,0.0471,-0.4571,-0.0,0.0989,0.0799,0.1731,0.1202,0.4061,0.0931,0.0575,-0.0,0.2706,0.3114,0.0,0.22,0.0,0.8752,0.201,1.9642474343058175e-05,111.4,0.49
1745,1790894915.4632466,-0.2057,0.0332,-0.3864,-0.0,0.1002,0.0933,0.1384,0.117,0.4432,0.045,0.0586,-0.0,0.3116,0.3076,0.0,0.228,0.0,0.8752,0.0,1.9642474343058175e-05,172.4,0.47
1746,1790894915.9708877,-0.2066,0.0375,-0.5162,-0.0306,0.0921,0.0899,0.1481,0.1197,0.4344,0.0582,0.0592,0.0,0.2645,0.3239,0.0,0.213,-0.0,0.8752,0.0,1.9642474343058175e-05,191.8,0.5
1747,1790894916.4828613,-0.2103,0.0365,-0.4133,-0.0244,0.084,0.084,0.1416,0.1169,0.4668,0.0576,0.0601,-0.0,0.2829,0.3255,0.0,0.265,0.0,0.8752,0.0,1.9642474343058175e-05,233.8,0.51
1748,1790894916.9958131,-0.2209,0.0477,-0.4905,-0.0,0.127,0.0962,0.1768,0.1384,0.4127,0.0806,0.0605,0.0,0.2998,0.3234,0.0,0.178,0.0,0.8752,0.237,1.9639984929577478e-05,83.8,0.51
1749,1790894917.4212766,-0.1778,0.0414,-0.3917,-0.0339,0.0782,0.0677,0.1246,0.0979,0.3991,0.0569,0.0434,0.0,0.2188,0.2309,0.0,0.211,-0.0,0.8752,0.0,1.9639984929577478e-05,168.5,0.42
1750,1790894917.8711019,-0.176,0.0356,-0.3832,-0.0,0.0754,0.0745,0.1281,0.1013,0.3738,0.0537,0.0468,-0.0,0.2971,0.2331,0.0,0.229,0.0,0.8752,0.0,1.9639984929577478e-05,198.8,0.45
1751,1790894920.5631623,-0.1579,0.0325,-0.3621,-0.0485,0.0638,0.062,0.1076,0.0843,0.3684,0.0455,0.0497,0.0,0.2449,0.2658,0.0,0.211,-0.0,0.8752,0.0,1.9639984929577478e-05,139.4,0.83
1752,1790894921.0041053,-0.1575,0.0464,-0.5078,-0.0,0.063,0.0605,0.1278,0.0884,0.3457,0.0673,0.0423,-0.0,0.2329,0.2201,0.0,0.189,0.0,0.8379,0.22,1.9637487038232605e-05,115.6,0.44
1753,1790894921.3967836,-0.2189,0.0388,-0.4676,-0.0333,0.1069,0.0996,0.1572,0.1271,0.459,0.0576,0.0914,0.0,0.2867,0.5327,0.0,0.249,-0.0,0.8752,0.0,1.9637487038232605e-05,198.0,0.39
1754,1790894921.835553,-0.1872,0.0351,-0.4136,-0.0304,0.0792,0.0779,0.1339,0.1058,0.4067,0.0561,0.0534,-0.0,0.2617,0.2863,0.0,0.237,0.0,0.8752,0.0,1.9637487038232605e-05,205.4,0.44
1755,1790894922.335586,-0.2283,0.0303,-0.4111,-0.0728,0.1072,0.1047,0.1481,0.1245,0.5191,0.0434,0.0636,0.0,0.2361,0.361,0.0,0.242,-0.0,0.8752,0.0,1.9637487038232605e-05,237.1,0.5
1756,1790894922.8296306,-0.2292,0.0429,-0.42,-0.0454,0.107,0.1031,0.1738,0.1347,0.4723,0.0706,0.071,0.0,0.2557,0.4054,0.0,0.225,-0.0,0.8752,0.2,1.963498067122032e-05,109.8,0.49
1757,1790894923.2825937,-0.2329,0.0402,-0.4636,-0.0,0.1009,0.0982,0.1648,0.1336,0.4964,0.0666,0.0573,-0.0,0.2704,0.3099,0.0,0.25,0.0,0.8752,0.0,1.963498067122032e-05,181.9,0.45
1758,1790894923.7420192,-0.2313,0.0394,-0.5968,-0.1,0.1085,0.1026,0.1665,0.1325,0.4941,0.0639,0.0676,0.0,0.3123,0.3675,0.0,0.247,-0.0,0.8752,0.0,1.963498067122032e-05,212.7,0.46
1759,1790894924.2385526,-0.2805,0.0297,-0.394,-0.1375,0.1442,0.1376,0.1874,0.1602,0.6016,0.0498,0.082,-0.0,0.268,0.475,0.0,0.255,0.0,0.8752,0.0,1.963498067122032e-05,229.6,0.49
1760,1790894924.7127962,-0.2199,0.0401,-0.751,-0.0,0.1252,0.1047,0.1695,0.1342,0.4287,0.0647,0.0636,-0.0,0.2585,0.3551,0.0,0.217,0.0,0.8379,0.22,1.9632465830744846e-05,94.3,0.47
1761,1790894925.152181,-0.1879,0.0324,-0.458,-0.0,0.0939,0.0802,0.1369,0.1096,0.3914,0.0567,0.0515,0.0,0.2628,0.2732,0.0,0.2,-0.0,0.7989,0.0,1.9632465830744846e-05,158.5,0.44
1762,1790894925.63307,-0.1674,0.038,-0.3974,-0.0,0.0742,0.0692,0.1276,0.0977,0.3484,0.0584,0.0571,0.0,0.2879,0.3041,0.0,0.203,-0.0,0.8752,0.0,1.9632465830744846e-05,188.1,0.48
1763,1790894926.1155813,-0.2278,0.0305,-0.4238,-0.0263,0.1065,0.1065,0.153,0.1305,0.4865,0.0465,0.0659,0.0,0.2495,0.373,0.0,0.225,-0.0,0.8752,0.0,1.9632465830744846e-05,243.9,0.48
1764,1790894926.6207519,-0.1944,0.0507,-0.4107,-0.0,0.0952,0.0801,0.1533,0.118,0.3819,0.0731,0.06,0.0,0.2733,0.3271,0.0,0.207,-0.0,0.8379,0.189,1.962994251901785e-05,91.8,0.5
1765,1790894927.0716262,-0.2277,0.0343,-0.3849,-0.0336,0.1151,0.1091,0.1652,0.1336,0.471,0.056,0.0665,0.0,0.2336,0.3811,0.0,0.237,-0.0,0.8752,0.0,1.962994251901785e-05,164.8,0.45
1766,1790894927.5588055,-0.2162,0.0349,-0.4482,-0.0265,0.1095,0.1031,0.1606,0.1278,0.4418,0.0576,0.0645,0.0,0.285,0.3539,0.0,0.253,-0.0,0.8752,0.0,1.962994251901785e-05,191.9,0.48
1767,1790894928.1153152,-0.2166,0.0314,-0.4759,-0.0633,0.1049,0.1011,0.1528,0.125,0.4579,0.0516,0.0683,0.0,0.2434,0.3904,0.0,0.237,-0.0,0.8752,0.0,1.962994251901785e-05,220.9,0.55
1768,1790894928.6302423,-0.1647,0.0438,-0.5023,-0.0,0.0783,0.0666,0.1351,0.0991,0.3279,0.0685,0.0471,0.0,0.2945,0.2358,0.0,0.189,-0.0,0.8752,0.234,1.9627410738258455e-05,97.7,0.51
1769,1790894929.0772712,-0.1748,0.0306,-0.4222,-0.0,0.0795,0.0731,0.1232,0.0971,0.3884,0.0501,0.0451,0.0,0.1873,0.2509,0.0,0.213,-0.0,0.8379,0.0,1.9627410738258455e-05,154.2,0.44
1770,1790894929.5394301,-0.1871,0.0349,-0.454,-0.0308,0.088,0.0806,0.1365,0.1076,0.3972,0.0559,0.0615,0.0,0.3196,0.3251,0.0,0.234,-0.0,0.8752,0.0,1.9627410738258455e-05,187.3,0.46
1771,1790894930.0782948,-0.2155,0.0353,-0.3863,-0.0308,0.0919,0.0902,0.1462,0.1212,0.4713,0.056,0.0628,-0.0,0.2396,0.3547,0.0,0.246,0.0,0.8752,0.0,1.9627410738258455e-05,219.1,0.54
1772,1790894930.539664,-0.1371,0.0424,-0.3853,-0.0,0.0483,0.0408,0.0969,0.0682,0.3442,0.056,0.0317,-0.0,0.2273,0.1505,0.0,0.192,0.0,0.8752,0.186,1.9624870490693227e-05,108.4,0.46
1773,1790894931.0008094,-0.2093,0.0323,-0.5934,-0.0,0.1045,0.0963,0.1494,0.1237,0.428,0.0531,0.0656,-0.0,0.2771,0.3634,0.0,0.25,0.0,0.8752,0.0,1.9624870490693227e-05,154.8,0.46
1774,1790894931.499449,-0.2355,0.0431,-0.4471,-0.0922,0.1079,0.1039,0.1718,0.1349,0.5029,0.0679,0.0689,0.0,0.324,0.3726,0.0,0.256,-0.0,0.8752,0.0,1.9624870490693227e-05,186.2,0.49
1775,1790894931.9843822,-0.2196,0.0345,-0.461,-0.0304,0.0961,0.0922,0.1472,0.1191,0.5023,0.0549,0.0601,0.0,0.2588,0.3314,0.0,0.232,-0.0,0.8752,0.0,1.9624870490693227e-05,243.3,0.48
1776,1790894934.4993815,-0.2012,0.0549,-0.4532,-0.0,0.1163,0.0941,0.1673,0.1276,0.368,0.0732,0.0863,0.0,0.2291,0.5142,0.0,0.172,-0.0,0.8752,0.235,1.962232177855619e-05,68.1,0.61
1777,1790894935.0774498,-0.201,0.0403,-0.435,-0.0,0.1027,0.0871,0.1442,0.1164,0.4232,0.0571,0.058,-0.0,0.2329,0.3242,0.0,0.225,0.0,0.8752,0.0,1.962232177855619e-05,101.9,0.57
1778,1790894935.608997,-0.1723,0.0396,-0.3512,-0.0,0.0784,0.0652,0.1277,0.0981,0.3709,0.0625,0.0515,0.0,0.3277,0.2562,0.0,0.234,-0.0,0.8752,0.0,1.962232177855619e-05,151.2,0.53
1779,1790894936.0789804,-0.2491,0.0313,-0.3943,-0.0265,0.1261,0.1214,0.1695,0.1431,0.5297,0.0481,0.0827,0.0,0.2928,0.4732,0.0,0.247,-0.0,0.8752,0.0,1.962232177855619e-05,226.7,0.47
1780,1790894936.5088515,-0.2008,0.0467,-0.4193,-0.0,0.1064,0.082,0.1563,0.1138,0.4346,0.0743,0.073,-0.0,0.2153,0.429,0.0,0.203,0.0,0.8752,0.211,1.9619764604088793e-05,124.5,0.43
1781,1790894936.9672353,-0.2589,0.0387,-0.5656,-0.0306,0.1353,0.1222,0.1907,0.154,0.5249,0.0685,0.0846,-0.0,0.2596,0.4948,0.0,0.276,0.0,0.8752,0.0,1.9619764604088793e-05,182.9,0.46
1782,1790894937.4281974,-0.1938,0.0301,-0.3673,-0.0488,0.0902,0.0851,0.1278,0.1077,0.4306,0.0426,0.0559,0.0,0.3107,0.29,0.0,0.233,-0.0,0.8752,0.0,1.9619764604088793e-05,218.6,0.46
1783,1790894937.9452841,-0.2332,0.0348,-0.5347,-0.0263,0.1096,0.1037,0.1604,0.1327,0.5028,0.0566,0.0703,-0.0,0.2001,0.4155,0.0,0.238,-0.0,0.8752,0.0,1.9619764604088793e-05,227.7,0.52
1784,1790894938.4289174,-0.1916,0.0438,-0.5133,-0.0,0.1018,0.0893,0.1532,0.1161,0.3776,0.0639,0.0723,0.0,0.2373,0.4187,0.0,0.202,-0.0,0.8379,0.226,1.9617198969539943e-05,89.2,0.48
1785,1790894938.865775,-0.2797,0.0405,-0.4952,-0.0833,0.1416,0.1302,0.2034,0.1693,0.5521,0.0732,0.0981,-0.0,0.2292,0.593,0.0,0.22,0.0,0.8752,0.0,1.9617198969539943e-05,165.2,0.43
1786,1790894939.303893,-0.2182,0.0402,-0.3575,-0.0656,0.0933,0.0933,0.1559,0.124,0.4709,0.0626,0.0774,0.0,0.3639,0.4187,0.0,0.272,-0.0,0.8752,0.0,1.9617198969539943e-05,204.7,0.43
1787,1790894939.8486464,-0.226,0.0286,-0.4298,-0.0262,0.1063,0.1047,0.1471,0.1237,0.5113,0.0424,0.062,0.0,0.209,0.3577,0.0,0.224,-0.0,0.8752,0.0,1.9617198969539943e-05,219.6,0.54
1788,1790894940.3035579,-0.1542,0.0362,-0.4553,-0.0,0.0677,0.057,0.1147,0.0855,0.343,0.0577,0.0431,-0.0,0.2619,0.2173,0.0,0.202,0.0,0.7989,0.2,1.961462487716598e-05,123.4,0.45
1789,1790894940.7647457,-0.2014,0.0384,-0.429,-0.0,0.0958,0.0879,0.1441,0.1168,0.4226,0.0563,0.0571,0.0,0.2027,0.3264,0.0,0.242,-0.0,0.8752,0.0,1.961462487716598e-05,163.2,0.46
1790,1790894941.2093613,-0.2108,0.0384,-0.4241,-0.0744,0.0947,0.0901,0.1477,0.1203,0.4525,0.0576,0.0589,0.0,0.2596,0.3233,0.0,0.226,-0.0,0.8752,0.0,1.961462487716598e-05,204.8,0.44
1791,1790894941.659768,-0.22,0.0355,-0.4381,-0.0263,0.0985,0.0955,0.1473,0.1228,0.4857,0.0518,0.0631,-0.0,0.261,0.3513,0.0,0.247,0.0,0.8752,0.0,1.961462487716598e-05,251.8,0.45
1792,1790894942.1093948,-0.2133,0.039,-0.4444,-0.0,0.111,0.0918,0.1517,0.1214,0.4597,0.06,0.0555,-0.0,0.2629,0.2999,0.0,0.221,0.0,0.8752,0.192,1.9612042329230688e-05,146.8,0.45
1793,1790894942.566994,-0.2003,0.0323,-0.3873,-0.0314,0.0864,0.0856,0.13,0.1078,0.4624,0.0444,0.0631,0.0,0.3002,0.3403,0.0,0.246,-0.0,0.8752,0.0,1.9612042329230688e-05,187.0,0.45
1794,1790894943.0408437,-0.2337,0.0405,-0.4524,-0.0576,0.1078,0.1032,0.1631,0.1332,0.5026,0.0599,0.0639,0.0,0.2928,0.3481,0.0,0.248,-0.0,0.8752,0.0,1.9612042329230688e-05,214.0,0.47
1795,1790894943.5131898,-0.1831,0.0311,-0.3277,-0.0243,0.0744,0.0712,0.1191,0.0959,0.4363,0.0479,0.0498,-0.0,0.1939,0.28,0.0,0.216,0.0,0.8752,0.0,1.9612042329230688e-05,267.6,0.47
1796,1790894943.9926796,-0.1614,0.0376,-0.497,-0.0,0.0815,0.0738,0.1279,0.0984,0.3151,0.0541,0.075,0.0,0.1923,0.449,0.0,0.161,-0.0,0.8379,0.204,1.9609451328005278e-05,104.2,0.48
1797,1790894944.4558222,-0.2663,0.0457,-0.4563,-0.0586,0.136,0.1139,0.1935,0.1566,0.5486,0.0797,0.0859,0.0,0.2484,0.5068,0.0,0.26,-0.0,0.8752,0.0,1.9609451328005278e-05,153.5,0.46
1798,1790894944.945712,-0.1375,0.0285,-0.3163,-0.0,0.058,0.0524,0.0924,0.0757,0.3091,0.04,0.0404,-0.0,0.2464,0.2038,0.0,0.202,0.0,0.8752,0.0,1.9609451328005278e-05,187.3,0.49
1799,1790894945.467521,-0.2683,0.0323,-0.4839,-0.1097,0.1251,0.1203,0.1687,0.1471,0.6057,0.0484,0.0743,0.0,0.2178,0.4373,0.0,0.234,-0.0,0.8752,0.0,1.9609451328005278e-05,237.4,0.52
1800,1790894945.9316058,-0.1519,0.0443,-0.4402,-0.0,0.0601,0.0487,0.1232,0.0836,0.3414,0.0745,0.0468,-0.0,0.2137,0.2552,0.0,0.202,0.0,0.8379,0.197,1.9606851875768404e-05,121.2,0.46
1801,1790894948.6230695,-0.2022,0.039,-0.5386,-0.0,0.091,0.086,0.149,0.1187,0.4172,0.063,0.0589,-0.0,0.2986,0.313,0.0,0.245,0.0,0.8752,0.0,1.9606851875768404e-05,128.1,0.64
1802,1790894949.1797163,-0.2655,0.0413,-0.4965,-0.1067,0.1301,0.1289,0.1904,0.1589,0.533,0.0615,0.0906,-0.0,0.2629,0.5337,0.0,0.247,0.0,0.8752,0.0,1.9606851875768404e-05,180.5,0.55
1803,1790894949.65927,-0.2826,0.0336,-0.4667,-0.0969,0.1368,0.1352,0.1906,0.1644,0.5908,0.0553,0.0786,0.0,0.2493,0.4577,0.0,0.24,-0.0,0.8752,0.0,1.9606851875768404e-05,274.5,0.48
1804,1790894950.1092567,-0.1996,0.041,-0.525,-0.0,0.1114,0.0858,0.1595,0.1255,0.3706,0.0737,0.0719,0.0,0.2747,0.4062,0.0,0.196,-0.0,0.8752,0.21,1.9604243974806145e-05,102.8,0.45
1805,1790894950.5393257,-0.1571,0.0359,-0.3667,-0.0,0.0694,0.0626,0.1119,0.087,0.3506,0.0493,0.0394,-0.0,0.2432,0.1975,0.0,0.187,0.0,0.8752,0.0,1.9604243974806145e-05,167.3,0.43
1806,1790894950.9938788,-0.2013,0.0363,-0.45,-0.0444,0.0881,0.0838,0.136,0.1091,0.4611,0.0522,0.0558,-0.0,0.3196,0.287,0.0,0.225,0.0,0.8752,0.0,1.9604243974806145e-05,191.8,0.45
1807,1790894951.4265175,-0.1992,0.0396,-0.3945,-0.0,0.0872,0.0838,0.141,0.1111,0.4409,0.0572,0.0565,-0.0,0.2066,0.3217,0.0,0.216,0.0,0.8752,0.0,1.9604243974806145e-05,262.7,0.43
1808,1790894951.896634,-0.2251,0.0522,-0.5571,-0.0553,0.1053,0.0945,0.186,0.1313,0.4692,0.0915,0.064,-0.0,0.2862,0.3507,0.0,0.195,0.0,0.8752,0.192,1.9601627627412018e-05,98.6,0.47
1809,1790894952.3783343,-0.2187,0.045,-0.452,-0.0318,0.0953,0.0915,0.16,0.1271,0.4577,0.0685,0.0649,-0.0,0.3113,0.3493,0.0,0.233,0.0,0.8752,0.0,1.9601627627412018e-05,162.9,0.48
1810,1790894952.8305569,-0.1582,0.0402,-0.3171,-0.0,0.0678,0.0614,0.1188,0.0888,0.3467,0.0573,0.0514,0.0,0.2981,0.2633,0.0,0.217,-0.0,0.8752,0.0,1.9601627627412018e-05,202.5,0.45
1811,1790894953.3023171,-0.2488,0.0321,-0.4522,-0.0978,0.1237,0.1208,0.1706,0.1452,0.5181,0.0499,0.0717,0.0,0.2436,0.4129,0.0,0.249,-0.0,0.8752,0.0,1.9601627627412018e-05,257.6,0.47
1812,1790894953.7996588,-0.171,0.0313,-0.3333,-0.05,0.0833,0.0785,0.1221,0.0993,0.3588,0.0436,0.0496,-0.0,0.2584,0.2615,0.0,0.197,0.0,0.8379,0.186,1.9599002835886965e-05,109.1,0.49
1813,1790894954.2105584,-0.1986,0.0367,-0.3728,-0.0325,0.0819,0.079,0.1357,0.1087,0.4497,0.0567,0.0552,0.0,0.2669,0.297,0.0,0.235,-0.0,0.8752,0.0,1.9599002835886965e-05,185.0,0.41
1814,1790894954.629069,-0.1492,0.0363,-0.2692,-0.0,0.0604,0.0592,0.1073,0.0825,0.3337,0.0481,0.0413,-0.0,0.2521,0.2078,0.0,0.217,0.0,0.8752,0.0,1.9599002835886965e-05,212.8,0.42
1815,1790894955.0913882,-0.2023,0.0292,-0.3439,-0.0724,0.0971,0.0941,0.1406,0.1164,0.4296,0.0465,0.0566,0.0,0.2595,0.3083,0.0,0.22,-0.0,0.8752,0.0,1.9599002835886965e-05,266.4,0.46
1816,1790894955.5934913,-0.1889,0.0461,-0.4583,-0.0,0.0943,0.0758,0.1523,0.1117,0.3857,0.0765,0.059,-0.0,0.2684,0.3219,0.0,0.216,0.0,0.8752,0.213,1.959636960253935e-05,99.0,0.5
1817,1790894956.0289273,-0.2186,0.0352,-0.4587,-0.0471,0.1085,0.0932,0.1567,0.121,0.4881,0.0634,0.0642,-0.0,0.1967,0.3756,0.0,0.206,0.0,0.8752,0.0,1.959636960253935e-05,172.3,0.43
1818,1790894956.4776773,-0.2357,0.0428,-0.6429,-0.06,0.1155,0.1097,0.1828,0.1421,0.4678,0.0731,0.0855,-0.0,0.3246,0.4835,0.0,0.258,0.0,0.8752,0.0,1.959636960253935e-05,197.7,0.45
1819,1790894956.9840596,-0.2318,0.033,-0.4695,-0.0486,0.1163,0.1083,0.162,0.1338,0.4902,0.0537,0.0697,-0.0,0.2704,0.3924,0.0,0.239,0.0,0.8752,0.0,1.959636960253935e-05,225.6,0.5
1820,1790894957.505253,-0.1484,0.0374,-0.3495,-0.0,0.0666,0.0575,0.1207,0.0882,0.301,0.0633,0.0495,0.0,0.2339,0.2679,0.0,0.216,-0.0,0.8752,0.205,1.959372792968496e-05,90.3,0.52
1821,1790894957.964126,-0.1757,0.0376,-0.3605,-0.0686,0.085,0.0793,0.1324,0.1037,0.3599,0.0531,0.0518,-0.0,0.242,0.2808,0.0,0.214,0.0,0.8752,0.0,1.959372792968496e-05,159.2,0.46
1822,1790894958.4365294,-0.2573,0.0333,-0.5736,-0.0604,0.1338,0.1287,0.1818,0.1565,0.5041,0.0531,0.0899,0.0,0.3219,0.5137,0.0,0.292,-0.0,0.8752,0.0,1.959372792968496e-05,188.6,0.47
1823,1790894958.953593,-0.1965,0.033,-0.3511,-0.0,0.0812,0.0774,0.1279,0.1044,0.4606,0.0505,0.0516,-0.0,0.2428,0.2792,0.0,0.227,0.0,0.8752,0.0,1.959372792968496e-05,218.7,0.51
1824,1790894959.391753,-0.2008,0.0575,-0.4581,-0.0,0.0877,0.0817,0.1687,0.1209,0.3995,0.087,0.0618,0.0,0.3204,0.3265,0.0,0.222,-0.0,0.8752,0.204,1.959107781964702e-05,120.1,0.43
1825,1790894959.8592548,-0.1825,0.0396,-0.4336,-0.0,0.0777,0.0663,0.1315,0.0978,0.4237,0.0652,0.0461,0.0,0.221,0.2482,0.0,0.233,0.0,0.8379,0.0,1.959107781964702e-05,153.4,0.47
1826,1790894962.5247662,-0.1979,0.0284,-0.4585,-0.0479,0.0969,0.0936,0.142,0.116,0.4095,0.0484,0.061,-0.0,0.3125,0.3235,0.0,0.222,0.0,0.8752,0.0,1.959107781964702e-05,114.1,0.78
1827,1790894963.0183787,-0.2315,0.0335,-0.4387,-0.0,0.1049,0.1007,0.1506,0.1259,0.5278,0.0499,0.066,-0.0,0.2703,0.3678,0.0,0.24,0.0,0.8752,0.0,1.959107781964702e-05,224.6,0.49
1828,1790894963.4958239,-0.2605,0.0506,-0.4869,-0.0663,0.1386,0.1253,0.1965,0.1625,0.4901,0.0712,0.09,-0.0,0.2576,0.5315,0.0,0.233,0.0,0.8379,0.181,1.9588419274756155e-05,112.1,0.48
1829,1790894963.903508,-0.2252,0.0393,-0.4364,-0.057,0.11,0.1017,0.1715,0.1373,0.4399,0.0698,0.064,-0.0,0.2869,0.3503,0.0,0.249,0.0,0.8752,0.0,1.9588419274756155e-05,192.0,0.4
1830,1790894964.3390844,-0.1912,0.0289,-0.4577,-0.0304,0.0883,0.0883,0.1358,0.1122,0.3953,0.0474,0.0553,-0.0,0.3402,0.2783,0.0,0.223,0.0,0.8752,0.0,1.9588419274756155e-05,214.6,0.43
1831,1790894964.8666227,-0.2314,0.0319,-0.4376,-0.0489,0.1086,0.1064,0.1537,0.1295,0.5093,0.0473,0.0643,0.0,0.2235,0.3691,0.0,0.246,-0.0,0.8752,0.0,1.9588419274756155e-05,242.9,0.52
1832,1790894965.3256989,-0.1309,0.0337,-0.3385,-0.0,0.065,0.0513,0.1038,0.0755,0.277,0.0525,0.0348,-0.0,0.2348,0.1692,0.0,0.187,0.0,0.8379,0.181,1.958575229735042e-05,122.9,0.46
1833,1790894965.7590113,-0.1407,0.0306,-0.2964,-0.0,0.06,0.0519,0.0936,0.0746,0.3305,0.0417,0.0424,0.0,0.3343,0.1934,0.0,0.222,-0.0,0.8752,0.0,1.958575229735042e-05,202.1,0.43
1834,1790894966.1872199,-0.2606,0.0393,-0.5407,-0.0887,0.1179,0.1179,0.1755,0.1482,0.5623,0.0576,0.0725,-0.0,0.2587,0.4146,0.0,0.296,0.0,0.8783,0.0,1.958575229735042e-05,198.7,0.43
1835,1790894966.6288035,-0.1975,0.0451,-0.4569,-0.05,0.0976,0.0803,0.1416,0.1128,0.4233,0.0613,0.0653,-0.0,0.2505,0.3685,0.0,0.184,0.0,0.7989,0.0,1.958575229735042e-05,108.9,0.44
1836,1790894967.1469862,-0.1893,0.0287,-0.349,-0.0542,0.0959,0.0878,0.1347,0.1074,0.4094,0.0468,0.0575,0.0,0.3017,0.3032,0.0,0.216,-0.0,0.8752,0.215,1.9583076889775283e-05,133.2,0.52
1837,1790894967.5748084,-0.2045,0.0381,-0.4951,-0.0,0.101,0.0934,0.1478,0.1221,0.4121,0.0544,0.0741,0.0,0.2842,0.4181,0.0,0.228,-0.0,0.8752,0.0,1.9583076889775283e-05,200.5,0.42
1838,1790894968.095013,-0.2271,0.0338,-0.396,-0.034,0.1092,0.1047,0.1559,0.1279,0.4962,0.0512,0.0582,-0.0,0.2259,0.3279,0.0,0.25,0.0,0.8752,0.0,1.9583076889775283e-05,238.4,0.52
1839,1790894968.5351357,-0.1745,0.0405,-0.425,-0.0,0.0723,0.0675,0.1355,0.1009,0.3682,0.068,0.0581,-0.0,0.3158,0.3028,0.0,0.228,0.0,0.7989,0.0,1.9583076889775283e-05,99.5,0.44
1840,1790894969.020238,-0.161,0.0322,-0.3574,-0.0526,0.0761,0.0663,0.118,0.0899,0.3559,0.0518,0.0431,-0.0,0.2249,0.2274,0.0,0.177,0.0,0.8379,0.211,1.9580393054383622e-05,132.6,0.48
1841,1790894969.487463,-0.1859,0.0375,-0.4244,-0.0257,0.0787,0.0778,0.1361,0.1064,0.3972,0.0583,0.0566,-0.0,0.2863,0.3012,0.0,0.21,0.0,0.8752,0.0,1.9580393054383622e-05,196.1,0.46
1842,1790894969.9967825,-0.2563,0.0282,-0.561,-0.1159,0.1264,0.1251,0.1673,0.1438,0.5629,0.0422,0.0682,-0.0,0.2095,0.3987,0.0,0.236,0.0,0.8752,0.0,1.9580393054383622e-05,272.8,0.51
1843,1790894970.4039545,-0.2052,0.0558,-0.4857,-0.0,0.0872,0.0761,0.1607,0.115,0.4507,0.0845,0.0524,-0.0,0.3104,0.2665,0.0,0.207,0.0,0.8752,0.0,1.9580393054383622e-05,128.1,0.41
1844,1790894970.813736,-0.1771,0.0348,-0.3429,-0.0441,0.0718,0.0705,0.121,0.0972,0.3992,0.0504,0.0519,0.0,0.2616,0.2764,0.0,0.236,-0.0,0.8752,0.189,1.9577700793535733e-05,192.4,0.41
1845,1790894971.2374434,-0.2317,0.033,-0.3951,-0.0,0.1075,0.1054,0.1546,0.1309,0.5039,0.0493,0.0676,0.0,0.2934,0.3726,0.0,0.258,-0.0,0.8752,0.0,1.9577700793535733e-05,207.8,0.42
1846,1790894971.7778099,-0.2212,0.0305,-0.4251,-0.0642,0.1019,0.0999,0.1454,0.1251,0.4808,0.0455,0.0658,0.0,0.2643,0.3681,0.0,0.253,-0.0,0.8752,0.0,1.9577700793535733e-05,215.7,0.54
1847,1790894972.247803,-0.2146,0.0376,-0.6694,-0.058,0.1234,0.1128,0.1676,0.1368,0.3892,0.0548,0.0702,-0.0,0.2345,0.4056,0.0,0.244,0.0,0.8379,0.0,1.9577700793535733e-05,107.8,0.47
1848,1790894972.7509959,-0.194,0.044,-0.549,-0.0,0.0832,0.0777,0.145,0.1106,0.4167,0.0673,0.0657,-0.0,0.2533,0.3703,0.0,0.241,0.0,0.8752,0.197,1.957500010959932e-05,158.8,0.5
1849,1790894973.2105494,-0.2064,0.0307,-0.3913,-0.0623,0.0942,0.0889,0.1407,0.1168,0.4482,0.0518,0.0594,0.0,0.2969,0.3169,0.0,0.24,-0.0,0.8752,0.0,1.957500010959932e-05,211.1,0.46
1850,1790894973.6912534,-0.234,0.0346,-0.4918,-0.0,0.1078,0.1033,0.1533,0.1276,0.5322,0.05,0.0639,-0.0,0.1852,0.3768,0.0,0.232,0.0,0.8752,0.0,1.957500010959932e-05,249.4,0.48
1851,1790894976.081866,-0.2188,0.05,-0.5214,-0.0,0.0996,0.0902,0.1632,0.1247,0.4704,0.0731,0.0685,-0.0,0.2332,0.3942,0.0,0.202,0.0,0.8752,0.0,1.957500010959932e-05,97.1,0.56
1852,1790894976.7262876,-0.2212,0.0398,-0.4298,-0.0474,0.097,0.0921,0.1548,0.1263,0.4744,0.0627,0.0773,0.0,0.2574,0.4464,0.0,0.206,-0.0,0.8752,0.2,1.9572291004949492e-05,126.2,0.64
1853,1790894977.159559,-0.218,0.0376,-0.383,-0.0377,0.0963,0.0929,0.1487,0.1215,0.4828,0.0558,0.0687,0.0,0.3433,0.3664,0.0,0.251,-0.0,0.8752,0.0,1.9572291004949492e-05,219.2,0.43
1854,1790894977.6587155,-0.1972,0.0355,-0.3739,-0.078,0.0924,0.0844,0.135,0.1098,0.4367,0.0506,0.0491,0.0,0.2447,0.2619,0.0,0.229,-0.0,0.8752,0.0,1.9572291004949492e-05,229.4,0.5
1855,1790894978.1217403,-0.1499,0.0556,-0.3222,-0.0,0.0472,0.0452,0.129,0.0858,0.3209,0.0838,0.0396,-0.0,0.2299,0.2028,0.0,0.19,0.0,0.8752,0.0,1.9572291004949492e-05,111.4,0.46
1856,1790894978.6181793,-0.1647,0.038,-0.4386,-0.0,0.0778,0.0673,0.1244,0.0951,0.3479,0.0571,0.0439,0.0,0.2805,0.2182,0.0,0.227,-0.0,0.8379,0.253,1.9569573481968763e-05,139.9,0.49
1857,1790894979.0394409,-0.1743,0.0318,-0.3165,-0.0452,0.0817,0.0787,0.1279,0.1007,0.3683,0.0491,0.0513,0.0,0.3167,0.2577,0.0,0.226,-0.0,0.8752,0.0,1.9569573481968763e-05,220.3,0.42
1858,1790894979.5879655,-0.2628,0.0352,-0.5053,-0.1033,0.1267,0.1252,0.1807,0.1547,0.5404,0.0555,0.0806,-0.0,0.2542,0.4694,0.0,0.252,0.0,0.8752,0.0,1.9569573481968763e-05,231.2,0.55
1859,1790894980.0705268,-0.1752,0.0462,-0.3516,-0.0,0.0754,0.0651,0.1326,0.0968,0.3919,0.0675,0.0388,-0.0,0.209,0.2028,0.0,0.179,0.0,0.8752,0.0,1.9569573481968763e-05,117.4,0.48
1860,1790894980.5425167,-0.1912,0.0423,-0.4778,-0.0,0.076,0.0749,0.1337,0.1056,0.4281,0.0587,0.0518,0.0,0.3018,0.2647,0.0,0.22,-0.0,0.8752,0.205,1.9566847543047055e-05,167.0,0.47
1861,1790894981.024637,-0.1769,0.0295,-0.3877,-0.0,0.0848,0.0746,0.1197,0.0987,0.3913,0.0452,0.0483,0.0,0.2921,0.2442,0.0,0.209,-0.0,0.8752,0.0,1.9566847543047055e-05,199.1,0.48
1862,1790894981.544262,-0.213,0.039,-0.3509,-0.0317,0.0967,0.092,0.1456,0.1179,0.4755,0.0537,0.058,-0.0,0.2472,0.3207,0.0,0.226,0.0,0.8752,0.0,1.9566847543047055e-05,241.3,0.52
1863,1790894981.954294,-0.2404,0.0404,-0.8429,-0.0,0.1378,0.1136,0.1928,0.1502,0.4507,0.0791,0.0678,0.0,0.2329,0.3899,0.0,0.203,-0.0,0.8752,0.0,1.9566847543047055e-05,113.9,0.41
1864,1790894982.4023738,-0.2108,0.0384,-0.5368,-0.0,0.1021,0.0998,0.1635,0.1284,0.4121,0.0637,0.0665,0.0,0.2289,0.3825,0.0,0.242,-0.0,0.8379,0.22,1.9564113190581695e-05,167.6,0.44
1865,1790894982.8450673,-0.1706,0.0387,-0.4365,-0.0,0.0753,0.0719,0.1288,0.0992,0.3568,0.0569,0.0579,0.0,0.3323,0.2972,0.0,0.224,-0.0,0.8752,0.0,1.9564113190581695e-05,206.8,0.44
1866,1790894983.3181534,-0.2248,0.0293,-0.378,-0.0882,0.1061,0.1034,0.1456,0.1267,0.4907,0.0422,0.064,0.0,0.2279,0.3658,0.0,0.234,-0.0,0.8752,0.0,1.9564113190581695e-05,241.0,0.47
1867,1790894983.792955,-0.1458,0.043,-0.4533,-0.0,0.0698,0.0517,0.1218,0.0855,0.3019,0.0701,0.0462,-0.0,0.1892,0.2578,0.0,0.184,-0.0,0.8379,0.0,1.9564113190581695e-05,93.5,0.47
1868,1790894984.2982204,-0.1794,0.0376,-0.3986,-0.0,0.0736,0.0736,0.1294,0.0984,0.4048,0.0558,0.0495,-0.0,0.1961,0.2775,0.0,0.198,0.0,0.8752,0.19,1.9561370426977393e-05,144.5,0.5
1869,1790894984.7386994,-0.2232,0.036,-0.4073,-0.0304,0.1007,0.096,0.1504,0.1231,0.5002,0.0544,0.0708,-0.0,0.2643,0.4017,0.0,0.217,0.0,0.8752,0.0,1.9561370426977393e-05,210.3,0.44
1870,1790894985.2177086,-0.2014,0.0322,-0.3813,-0.0246,0.0888,0.0866,0.1321,0.1117,0.4485,0.0455,0.052,-0.0,0.2287,0.2857,0.0,0.218,0.0,0.8752,0.0,1.9561370426977393e-05,284.2,0.48
1871,1790894985.6356862,-0.162,0.0559,-0.448,-0.0,0.0609,0.0533,0.1514,0.0967,0.3267,0.098,0.063,0.0,0.2356,0.357,0.0,0.23,-0.0,0.8752,0.0,1.9561370426977393e-05,115.8,0.42
1872,1790894986.0980918,-0.1807,0.0447,-0.4256,-0.0,0.0745,0.0682,0.1354,0.1033,0.3867,0.0671,0.0548,0.0,0.3703,0.2668,0.0,0.251,-0.0,0.8752,0.206,1.9558619254646274e-05,172.0,0.46
1873,1790894986.5943272,-0.1766,0.0337,-0.3787,-0.0243,0.0769,0.0739,0.1215,0.0974,0.396,0.0475,0.057,-0.0,0.3145,0.2964,0.0,0.221,0.0,0.8752,0.0,1.9558619254646274e-05,195.8,0.49
1874,1790894987.1158514,-0.2389,0.0336,-0.4617,-0.0244,0.1008,0.0984,0.1503,0.127,0.5595,0.0519,0.0626,-0.0,0.1908,0.3662,0.0,0.225,0.0,0.8752,0.0,1.9558619254646274e-05,244.7,0.52
1875,1790894987.5427136,-0.2042,0.0491,-0.4965,-0.0,0.1067,0.092,0.1588,0.1237,0.4027,0.0668,0.0576,-0.0,0.2282,0.3229,0.0,0.218,0.0,0.8752,0.0,1.9558619254646274e-05,114.4,0.42
1876,1790894990.0360081,-0.2439,0.039,-0.5553,-0.0,0.1291,0.1196,0.182,0.1491,0.4743,0.0624,0.0801,-0.0,0.3269,0.4469,0.0,0.283,0.0,0.8752,0.214,1.9555859676007845e-05,115.8,0.56
1877,1790894990.5392551,-0.179,0.0351,-0.3341,-0.0,0.0788,0.072,0.1299,0.1021,0.3847,0.0579,0.0607,-0.0,0.3812,0.3028,0.0,0.24,0.0,0.8752,0.0,1.9555859676007845e-05,174.4,0.5
1878,1790894991.0382178,-0.2175,0.0308,-0.4237,-0.0477,0.1004,0.0963,0.1455,0.1229,0.4725,0.0491,0.0641,0.0,0.3084,0.3448,0.0,0.241,-0.0,0.8752,0.0,1.9555859676007845e-05,236.6,0.5
1879,1790894991.4712121,-0.2107,0.0388,-0.5758,-0.0,0.1016,0.0965,0.1575,0.1292,0.4074,0.061,0.0757,0.0,0.2856,0.4286,0.0,0.204,-0.0,0.8379,0.0,1.9555859676007845e-05,134.1,0.43
1880,1790894991.8953693,-0.2361,0.0301,-0.4583,-0.0315,0.1248,0.114,0.1681,0.14,0.4805,0.0541,0.0706,-0.0,0.2333,0.4086,0.0,0.221,0.0,0.8752,0.202,1.9553091693489018e-05,186.9,0.42
1881,1790894992.3058016,-0.1887,0.0348,-0.419,-0.0,0.0832,0.0782,0.1374,0.1097,0.3954,0.0592,0.065,0.0,0.3823,0.3315,0.0,0.223,-0.0,0.8752,0.0,1.9553091693489018e-05,229.5,0.41
1882,1790894992.784066,-0.2677,0.0349,-0.4657,-0.0694,0.1233,0.1214,0.1787,0.1493,0.5918,0.0572,0.0786,-0.0,0.248,0.4577,0.0,0.262,0.0,0.8752,0.0,1.9553091693489018e-05,246.1,0.48
1883,1790894993.196902,-0.1664,0.0578,-0.4833,-0.0,0.0664,0.0507,0.1517,0.1007,0.3285,0.101,0.0482,-0.0,0.2959,0.2422,0.0,0.205,0.0,0.8379,0.0,1.9553091693489018e-05,104.1,0.41
1884,1790894993.6229105,-0.2025,0.0339,-0.5932,-0.0,0.1087,0.0908,0.1429,0.1172,0.4265,0.0521,0.0681,0.0,0.2311,0.3926,0.0,0.232,-0.0,0.8752,0.247,1.955031530952409e-05,168.1,0.42
1885,1790894994.086911,-0.1862,0.0346,-0.4748,-0.0395,0.0812,0.08,0.1328,0.1058,0.402,0.0528,0.0645,-0.0,0.4014,0.3227,0.0,0.238,0.0,0.8752,0.0,1.955031530952409e-05,192.8,0.46
1886,1790894994.5533688,-0.193,0.0319,-0.3626,-0.0604,0.0912,0.0892,0.1371,0.1105,0.4125,0.048,0.0571,-0.0,0.2375,0.3175,0.0,0.224,0.0,0.8752,0.0,1.955031530952409e-05,245.6,0.46
1887,1790894994.9898767,-0.2064,0.0619,-0.3714,-0.0,0.0837,0.0744,0.1609,0.1174,0.4451,0.0865,0.0547,-0.0,0.1969,0.3119,0.0,0.192,0.0,0.8752,0.0,1.955031530952409e-05,109.8,0.43
1888,1790894995.4228065,-0.1902,0.0302,-0.5083,-0.0,0.0912,0.0856,0.1389,0.1097,0.4029,0.0532,0.0645,0.0,0.2275,0.3695,0.0,0.2,-0.0,0.8752,0.187,1.9547530526554736e-05,166.1,0.43
1889,1790894995.9240787,-0.2228,0.0329,-0.4877,-0.0386,0.102,0.101,0.15,0.1278,0.4754,0.0489,0.0678,-0.0,0.3697,0.3532,0.0,0.247,0.0,0.8752,0.0,1.9547530526554736e-05,184.7,0.5
1890,1790894996.419627,-0.2317,0.0278,-0.3808,-0.0263,0.1132,0.1115,0.1551,0.1336,0.4905,0.0436,0.0666,0.0,0.2317,0.382,0.0,0.233,-0.0,0.8752,0.0,1.9547530526554736e-05,234.0,0.49
1891,1790894996.8980649,-0.1659,0.0542,-0.3969,-0.0,0.0648,0.0608,0.1336,0.0917,0.3706,0.0728,0.0427,-0.0,0.2399,0.2208,0.0,0.194,0.0,0.8379,0.0,1.9547530526554736e-05,97.5,0.48
1892,1790894997.3938928,-0.2077,0.0386,-0.4457,-0.0343,0.092,0.0862,0.139,0.1168,0.4543,0.0528,0.0576,-0.0,0.2095,0.3281,0.0,0.221,0.0,0.8379,0.17,1.9544737347030033e-05,136.6,0.49
1893,1790894997.8433225,-0.1733,0.033,-0.4364,-0.0262,0.0832,0.0788,0.1227,0.0998,0.3674,0.0439,0.0571,0.0,0.3774,0.2801,0.0,0.227,-0.0,0.8752,0.0,1.9544737347030033e-05,185.1,0.45
1894,1790894998.3375945,-0.2107,0.0312,-0.3989,-0.0662,0.097,0.0918,0.1394,0.1133,0.4868,0.0476,0.0659,-0.0,0.2795,0.365,0.0,0.203,0.0,0.8752,0.0,1.9544737347030033e-05,220.2,0.49
1895,1790894998.7994602,-0.1788,0.0366,-0.5303,-0.0,0.093,0.0837,0.1416,0.1104,0.342,0.0579,0.0536,-0.0,0.2876,0.2807,0.0,0.18,0.0,0.8379,0.0,1.9544737347030033e-05,96.7,0.46
1896,1790894999.2627695,-0.2049,0.0389,-0.4143,-0.0339,0.0975,0.0878,0.1477,0.1196,0.4264,0.0599,0.0604,0.0,0.2497,0.3361,0.0,0.216,-0.0,0.8752,0.223,1.954193577340644e-05,158.8,0.46
1897,1790894999.695242,-0.2211,0.0342,-0.5493,-0.0,0.1122,0.104,0.162,0.1317,0.4474,0.058,0.0755,-0.0,0.3814,0.4017,0.0,0.259,0.0,0.8752,0.0,1.954193577340644e-05,213.0,0.43
1898,1790895000.2248805,-0.2536,0.0336,-0.5229,-0.0604,0.1222,0.1204,0.1765,0.1498,0.5189,0.0562,0.0773,0.0,0.266,0.4447,0.0,0.247,-0.0,0.8752,0.0,1.954193577340644e-05,222.1,0.53
1899,1790895000.6591654,-0.1522,0.0492,-0.4857,-0.0,0.0661,0.0507,0.1175,0.0851,0.3352,0.0668,0.0353,0.0,0.2305,0.1739,0.0,0.168,-0.0,0.8752,0.0,1.954193577340644e-05,122.2,0.43
1900,1790895001.115391,-0.1941,0.0356,-0.4852,-0.0,0.097,0.0871,0.1448,0.1143,0.399,0.0577,0.0693,0.0,0.2489,0.3959,0.0,0.211,-0.0,0.8752,0.197,1.953912580814779e-05,147.6,0.45
1901,1790895003.7217634,-0.1608,0.0336,-0.3528,-0.0,0.0698,0.0676,0.1171,0.091,0.3491,0.0496,0.0516,-0.0,0.3374,0.2542,0.0,0.219,0.0,0.8752,0.0,1.953912580814779e-05,148.8,0.61
1902,1790895004.1625478,-0.203,0.0342,-0.3648,-0.061,0.0798,0.0763,0.1282,0.1045,0.4923,0.0519,0.0526,0.0,0.2716,0.2782,0.0,0.221,-0.0,0.8752,0.0,1.953912580814779e-05,241.8,0.44
1903,1790895004.592633,-0.1878,0.0489,-0.6286,-0.0,0.0845,0.0719,0.158,0.1114,0.3819,0.0861,0.0597,0.0,0.2524,0.3305,0.0,0.181,-0.0,0.8752,0.0,1.953912580814779e-05,114.4,0.43
1904,1790895005.0364945,-0.2346,0.0401,-0.4905,-0.0,0.1115,0.1083,0.169,0.1393,0.4767,0.0608,0.0691,0.0,0.2355,0.3976,0.0,0.231,-0.0,0.8752,0.207,1.9536307453725304e-05,169.1,0.44
1905,1790895005.4996543,-0.1898,0.0357,-0.5297,-0.0,0.0915,0.087,0.1415,0.1108,0.3952,0.0545,0.0594,0.0,0.2615,0.3265,0.0,0.217,0.0,0.8752,0.0,1.9536307453725304e-05,194.0,0.46
1906,1790895006.0159562,-0.2478,0.0305,-0.4189,-0.0918,0.1146,0.1146,0.1633,0.1409,0.5346,0.0487,0.0733,0.0,0.3049,0.4074,0.0,0.233,-0.0,0.8752,0.0,1.9536307453725304e-05,221.4,0.51
1907,1790895006.4829311,-0.2355,0.0406,-0.4246,-0.0,0.1153,0.1068,0.1726,0.1397,0.4791,0.0658,0.0854,0.0,0.2313,0.5079,0.0,0.209,-0.0,0.8752,0.0,1.9536307453725304e-05,117.7,0.46
1908,1790895006.9241192,-0.2766,0.0344,-0.5239,-0.0908,0.1481,0.1331,0.1916,0.1619,0.5734,0.0585,0.087,-0.0,0.2986,0.5005,0.0,0.258,0.0,0.8752,0.202,1.953348071261758e-05,172.4,0.44
1909,1790895007.3614972,-0.1476,0.0331,-0.4164,-0.0,0.0663,0.0634,0.1128,0.0846,0.3149,0.0494,0.0558,0.0,0.3056,0.2903,0.0,0.192,-0.0,0.8752,0.0,1.953348071261758e-05,210.7,0.43
1910,1790895007.8174472,-0.1978,0.0297,-0.4127,-0.0,0.085,0.085,0.131,0.1085,0.4464,0.046,0.0589,-0.0,0.261,0.323,0.0,0.224,0.0,0.8752,0.0,1.953348071261758e-05,239.8,0.45
1911,1790895008.3030882,-0.1722,0.0429,-0.5356,-0.0,0.084,0.067,0.1279,0.0978,0.3723,0.0609,0.0435,-0.0,0.2062,0.2349,0.0,0.188,0.0,0.8379,0.0,1.953348071261758e-05,110.5,0.48
1912,1790895008.7393155,-0.215,0.0366,-0.4615,-0.0,0.1033,0.0995,0.1553,0.1257,0.4467,0.0558,0.0646,0.0,0.2486,0.3644,0.0,0.221,-0.0,0.8752,0.196,1.9530645587310584e-05,196.8,0.43
1913,1790895009.2124026,-0.1769,0.0271,-0.3821,-0.0257,0.0807,0.0797,0.123,0.1011,0.3788,0.0434,0.062,-0.0,0.3372,0.3233,0.0,0.226,0.0,0.8752,0.0,1.9530645587310584e-05,210.1,0.47
1914,1790895009.7159019,-0.2769,0.0314,-0.4794,-0.0659,0.1341,0.1323,0.1811,0.1588,0.5904,0.0488,0.081,-0.0,0.2448,0.4747,0.0,0.256,0.0,0.8752,0.0,1.9530645587310584e-05,257.9,0.5
1915,1790895010.138597,-0.1182,0.0413,-0.4,-0.0,0.0436,0.0362,0.0934,0.0636,0.2729,0.0572,0.0291,0.0,0.2216,0.1347,0.0,0.166,-0.0,0.8379,0.0,1.9530645587310584e-05,122.5,0.42
1916,1790895010.6238484,-0.1737,0.0413,-0.4222,-0.0,0.0726,0.0676,0.125,0.0936,0.4005,0.0574,0.0469,-0.0,0.2498,0.2459,0.0,0.207,0.0,0.8752,0.189,1.952780208029766e-05,160.6,0.48
1917,1790895011.1109242,-0.1911,0.0294,-0.4128,-0.0,0.0844,0.0803,0.1278,0.1047,0.4323,0.0475,0.0602,0.0,0.3028,0.3203,0.0,0.231,-0.0,0.8752,0.0,1.952780208029766e-05,198.1,0.48
1918,1790895011.6310172,-0.2216,0.0318,-0.5203,-0.0716,0.109,0.1012,0.1555,0.1257,0.4794,0.0543,0.0682,0.0,0.2507,0.3876,0.0,0.25,-0.0,0.8752,0.0,1.952780208029766e-05,220.3,0.52
1919,1790895012.109678,-0.2257,0.0446,-0.4643,-0.0,0.0965,0.0881,0.1605,0.123,0.5136,0.0723,0.0527,0.0,0.2233,0.2919,0.0,0.206,-0.0,0.8752,0.0,1.952780208029766e-05,105.2,0.48
1920,1790895012.59653,-0.1766,0.0379,-0.42,-0.0,0.0789,0.0724,0.1245,0.0971,0.3972,0.0521,0.0427,-0.0,0.201,0.2314,0.0,0.22,0.0,0.8752,0.204,1.9524950194079534e-05,139.5,0.48
1921,1790895013.092485,-0.2058,0.0445,-0.4805,-0.0,0.0855,0.0812,0.1497,0.1139,0.4596,0.0685,0.0548,-0.0,0.286,0.2889,0.0,0.228,0.0,0.8752,0.0,1.9524950194079534e-05,171.4,0.49
1922,1790895013.6305244,-0.2171,0.0345,-0.4066,-0.101,0.101,0.0981,0.1568,0.1262,0.4542,0.0587,0.0669,-0.0,0.3415,0.3549,0.0,0.264,0.0,0.8752,0.0,1.9524950194079534e-05,194.2,0.54
1923,1790895014.0906496,-0.1508,0.0287,-0.3898,-0.0,0.0817,0.0676,0.1099,0.0875,0.3164,0.0423,0.0507,-0.0,0.2659,0.2672,0.0,0.18,0.0,0.7989,0.0,1.9524950194079534e-05,126.3,0.46
1924,1790895014.5831296,-0.1196,0.0276,-0.4263,-0.0,0.057,0.0515,0.0943,0.0718,0.2391,0.0428,0.0425,-0.0,0.2183,0.2253,0.0,0.2,0.0,0.8752,0.156,1.9522089931164282e-05,150.2,0.49
1925,1790895015.0271342,-0.2132,0.0377,-0.4505,-0.0245,0.0994,0.0965,0.1484,0.1227,0.453,0.0519,0.0661,0.0,0.3154,0.3566,0.0,0.266,-0.0,0.8752,0.0,1.9522089931164282e-05,206.4,0.44
1926,1790895017.6724226,-0.2091,0.0341,-0.3921,-0.0226,0.0945,0.093,0.1427,0.1172,0.4596,0.0496,0.0713,0.0,0.2814,0.4001,0.0,0.232,-0.0,0.8752,0.0,1.9522089931164282e-05,156.9,0.76
1927,1790895018.0943952,-0.1524,0.0303,-0.3939,-0.0,0.0776,0.0667,0.1179,0.0924,0.2998,0.0511,0.0446,-0.0,0.2147,0.2404,0.0,0.178,0.0,0.7579,0.0,1.9522089931164282e-05,118.8,0.42
1928,1790895018.5535161,-0.2701,0.0293,-0.4897,-0.0457,0.1371,0.1331,0.1869,0.1589,0.5558,0.0537,0.0775,-0.0,0.233,0.4542,0.0,0.233,0.0,0.8752,0.198,1.9519221294067358e-05,169.5,0.46
1929,1790895018.9925463,-0.2831,0.0296,-0.5214,-0.0,0.1531,0.1439,0.1967,0.1676,0.5775,0.0528,0.0868,0.0,0.231,0.5167,0.0,0.252,-0.0,0.8752,0.0,1.9519221294067358e-05,202.8,0.44
1930,1790895019.4165463,-0.2075,0.0275,-0.3347,-0.061,0.0969,0.0929,0.1394,0.1164,0.4553,0.0466,0.0558,0.0,0.2383,0.3083,0.0,0.242,-0.0,0.8752,0.0,1.9519221294067358e-05,268.9,0.42
1931,1790895019.842486,-0.1694,0.045,-0.4563,-0.0,0.0834,0.069,0.1407,0.1015,0.3395,0.0717,0.0506,-0.0,0.2826,0.2621,0.0,0.194,0.0,0.8379,0.0,1.9519221294067358e-05,125.0,0.42
1932,1790895020.3102021,-0.1949,0.0424,-0.4599,-0.0304,0.0818,0.0808,0.1446,0.1112,0.4188,0.0638,0.0609,0.0,0.3416,0.315,0.0,0.25,-0.0,0.8752,0.207,1.951634428531158e-05,176.5,0.46
1933,1790895020.7862256,-0.1824,0.0337,-0.386,-0.0513,0.0818,0.0768,0.1306,0.1027,0.3986,0.0538,0.0594,-0.0,0.3141,0.3122,0.0,0.231,0.0,0.8752,0.0,1.951634428531158e-05,211.4,0.47
1934,1790895021.2699099,-0.234,0.0376,-0.4241,-0.0658,0.0991,0.0991,0.1532,0.1292,0.5242,0.0541,0.0628,-0.0,0.1964,0.3663,0.0,0.221,0.0,0.8752,0.0,1.951634428531158e-05,278.9,0.48
1935,1790895021.7047431,-0.1913,0.0362,-0.5169,-0.0,0.1018,0.0903,0.1407,0.1156,0.3785,0.0503,0.0574,0.0,0.2255,0.3222,0.0,0.226,-0.0,0.8379,0.0,1.951634428531158e-05,145.8,0.43
1936,1790895022.2056086,-0.2182,0.0413,-0.3722,-0.0312,0.095,0.0938,0.1534,0.1263,0.4595,0.0596,0.0582,-0.0,0.3068,0.3059,0.0,0.252,0.0,0.8752,0.173,1.9513458907427125e-05,166.7,0.5
1937,1790895022.6430454,-0.1933,0.0348,-0.4129,-0.0841,0.0874,0.0827,0.1395,0.1073,0.4301,0.0568,0.0535,0.0,0.2731,0.2839,0.0,0.222,-0.0,0.8752,0.0,1.9513458907427125e-05,217.0,0.43
1938,1790895023.1203296,-0.2595,0.0329,-0.4433,-0.074,0.1208,0.1199,0.1787,0.1508,0.5438,0.0589,0.0822,0.0,0.2766,0.4743,0.0,0.256,-0.0,0.8752,0.0,1.9513458907427125e-05,252.6,0.47
1939,1790895023.5693614,-0.194,0.0626,-0.6313,-0.0,0.0866,0.0666,0.1588,0.1126,0.4073,0.0921,0.0512,0.0,0.2497,0.2747,0.0,0.195,-0.0,0.8752,0.0,1.9513458907427125e-05,115.3,0.45
1940,1790895023.9997425,-0.1933,0.0481,-0.3995,-0.0,0.0832,0.0766,0.1499,0.1085,0.4241,0.0733,0.0508,-0.0,0.2316,0.2769,0.0,0.207,0.0,0.8752,0.203,1.9510565162951538e-05,151.6,0.43
1941,1790895024.4933715,-0.2264,0.0301,-0.4477,-0.0397,0.1218,0.116,0.1616,0.1371,0.4467,0.0457,0.0803,-0.0,0.2874,0.4589,0.0,0.223,0.0,0.8752,0.0,1.9510565162951538e-05,180.6,0.49
1942,1790895024.96072,-0.2387,0.0323,-0.5296,-0.0596,0.1084,0.1075,0.1577,0.1352,0.5175,0.0502,0.0719,-0.0,0.2655,0.4085,0.0,0.234,-0.0,0.8752,0.0,1.9510565162951538e-05,256.2,0.46
1943,1790895025.4279883,-0.1178,0.0389,-0.25,-0.0,0.0566,0.0502,0.1065,0.0715,0.2315,0.0563,0.0333,0.0,0.2122,0.1656,0.0,0.169,-0.0,0.8752,0.0,1.9510565162951538e-05,99.9,0.46
1944,1790895025.9214168,-0.2009,0.0319,-0.4811,-0.0379,0.1025,0.0951,0.1453,0.1209,0.4,0.0502,0.0665,0.0,0.247,0.3775,0.0,0.226,-0.0,0.8752,0.187,1.950766305442971e-05,141.6,0.49
1945,1790895026.3889506,-0.2137,0.0412,-0.5189,-0.0523,0.0913,0.0904,0.1543,0.1213,0.4621,0.064,0.0699,0.0,0.3586,0.3701,0.0,0.27,0.0,0.8752,0.0,1.950766305442971e-05,187.0,0.46
1946,1790895026.9161336,-0.2383,0.034,-0.5677,-0.0697,0.1016,0.1007,0.1519,0.1268,0.5574,0.0513,0.0573,-0.0,0.2066,0.3266,0.0,0.249,0.0,0.8752,0.0,1.950766305442971e-05,217.9,0.53
1947,1790895027.368689,-0.2299,0.0443,-0.4963,-0.0,0.1182,0.0998,0.1714,0.1338,0.4806,0.0716,0.0637,0.0,0.2453,0.3595,0.0,0.218,-0.0,0.8752,0.0,1.950766305442971e-05,100.3,0.45
1948,1790895027.8640409,-0.2015,0.0376,-0.4619,-0.0567,0.1036,0.0957,0.1494,0.1198,0.4085,0.0537,0.0562,0.0,0.3009,0.2947,0.0,0.212,-0.0,0.8379,0.222,1.9504752584413898e-05,152.9,0.49
1949,1790895028.3210337,-0.2233,0.0289,-0.4064,-0.0,0.1168,0.1148,0.1585,0.1359,0.4371,0.0437,0.0729,0.0,0.3043,0.4047,0.0,0.244,-0.0,0.8752,0.0,1.9504752584413898e-05,193.6,0.45
1950,1790895028.790417,-0.1998,0.0331,-0.3666,-0.0485,0.0888,0.0871,0.1342,0.1109,0.4445,0.0471,0.0813,0.0,0.26,0.4727,0.0,0.21,-0.0,0.8752,0.0,1.9504752584413898e-05,246.6,0.47
1951,1790895031.200768,-0.1869,0.0405,-0.4581,-0.0,0.0896,0.076,0.139,0.1046,0.4115,0.063,0.0513,0.0,0.2298,0.2809,0.0,0.198,-0.0,0.8752,0.0,1.9504752584413898e-05,109.0,0.53
1952,1790895031.59769,-0.2442,0.0399,-0.5325,-0.0441,0.1214,0.1122,0.1735,0.1447,0.4972,0.0613,0.07,0.0,0.2517,0.3997,0.0,0.232,-0.0,0.8752,0.194,1.9501833755463706e-05,198.4,0.39
1953,1790895031.9976697,-0.1561,0.0359,-0.3579,-0.0306,0.0671,0.0637,0.1153,0.0904,0.3288,0.0515,0.0527,-0.0,0.2858,0.2748,0.0,0.219,0.0,0.8752,0.0,1.9501833755463706e-05,224.8,0.4
1954,1790895032.500963,-0.2004,0.0342,-0.4759,-0.0265,0.0946,0.0875,0.1395,0.1119,0.4424,0.0519,0.0626,0.0,0.2744,0.3443,0.0,0.223,-0.0,0.8752,0.0,1.9501833755463706e-05,221.8,0.5
1955,1790895032.959747,-0.1446,0.0339,-0.3667,-0.0,0.0628,0.0563,0.1033,0.079,0.3281,0.047,0.0501,-0.0,0.2564,0.2659,0.0,0.174,0.0,0.8752,0.0,1.9501833755463706e-05,120.9,0.46
1956,1790895033.3762262,-0.2059,0.0315,-0.4961,-0.0,0.0924,0.0892,0.1341,0.1111,0.4739,0.0449,0.0523,-0.0,0.2723,0.2757,0.0,0.223,0.0,0.8752,0.192,1.9498906570146093e-05,198.4,0.41
1957,1790895033.8063848,-0.1995,0.0412,-0.3873,-0.0,0.0945,0.081,0.1416,0.1088,0.4537,0.0605,0.0568,0.0,0.3265,0.2916,0.0,0.223,-0.0,0.8752,0.0,1.9498906570146093e-05,215.5,0.43
1958,1790895034.2681441,-0.1808,0.0315,-0.3396,-0.0,0.0806,0.0777,0.1249,0.101,0.3986,0.0472,0.0504,0.0,0.322,0.2498,0.0,0.224,-0.0,0.8752,0.0,1.9498906570146093e-05,223.4,0.46
1959,1790895034.7334712,-0.1935,0.0556,-0.4397,-0.0,0.0923,0.0843,0.1558,0.1188,0.3733,0.0714,0.0804,-0.0,0.2089,0.4801,0.0,0.195,0.0,0.8752,0.0,1.9498906570146093e-05,100.3,0.46
1960,1790895035.1999652,-0.2453,0.0381,-0.4889,-0.0647,0.1198,0.1165,0.1814,0.1445,0.504,0.0649,0.0701,0.0,0.2408,0.4031,0.0,0.246,-0.0,0.8752,0.196,1.9495971031035367e-05,162.5,0.46
1961,1790895035.6981175,-0.1771,0.0473,-0.4906,-0.0,0.0698,0.0658,0.1355,0.1008,0.3817,0.0697,0.0584,0.0,0.3452,0.2971,0.0,0.23,-0.0,0.8752,0.0,1.9495971031035367e-05,194.2,0.49
1962,1790895036.1822784,-0.2127,0.0355,-0.4654,-0.045,0.0982,0.0938,0.1476,0.1173,0.4771,0.0537,0.0594,0.0,0.2557,0.328,0.0,0.207,-0.0,0.8752,0.0,1.9495971031035367e-05,248.5,0.48
1963,1790895036.651765,-0.2135,0.0508,-0.5733,-0.0,0.106,0.0955,0.1717,0.1273,0.4308,0.0762,0.0734,-0.0,0.226,0.4292,0.0,0.211,0.0,0.8379,0.0,1.9495971031035367e-05,124.3,0.47
1964,1790895037.1506789,-0.2316,0.0357,-0.4494,-0.0329,0.1136,0.1096,0.1678,0.1351,0.4823,0.0582,0.0757,0.0,0.2249,0.4444,0.0,0.252,-0.0,0.8752,0.211,1.9493027140713184e-05,182.2,0.49
1965,1790895037.6224663,-0.2415,0.0334,-0.464,-0.0775,0.1164,0.1164,0.171,0.1412,0.5013,0.0546,0.0817,0.0,0.2425,0.4798,0.0,0.229,-0.0,0.8783,0.0,1.9493027140713184e-05,176.3,0.47
1966,1790895038.052032,-0.1774,0.0471,-0.3809,-0.0,0.0786,0.0711,0.1376,0.1001,0.3863,0.0665,0.0426,0.0,0.2184,0.2259,0.0,0.174,-0.0,0.8752,0.0,1.9493027140713184e-05,124.5,0.43
1967,1790895038.4465346,-0.2357,0.0413,-0.5333,-0.0,0.1177,0.1104,0.1806,0.1438,0.4598,0.0703,0.0699,0.0,0.2782,0.392,0.0,0.237,-0.0,0.8752,0.0,1.9493027140713184e-05,188.3,0.39
1968,1790895038.9508357,-0.206,0.034,-0.3385,-0.0314,0.0906,0.087,0.1407,0.1156,0.4517,0.0536,0.0592,0.0,0.2557,0.3268,0.0,0.227,-0.0,0.8752,0.189,1.9490074901768535e-05,188.5,0.5
1969,1790895039.482304,-0.1843,0.0324,-0.3962,-0.0337,0.0753,0.0712,0.1216,0.0966,0.4385,0.0504,0.0479,0.0,0.2284,0.2584,0.0,0.217,-0.0,0.8752,0.0,1.9490074901768535e-05,228.2,0.53
1970,1790895039.9520423,-0.1822,0.0364,-0.4515,-0.0,0.0963,0.0759,0.1379,0.108,0.3706,0.062,0.0535,0.0,0.2709,0.2844,0.0,0.187,-0.0,0.8379,0.0,1.9490074901768535e-05,106.8,0.47
1971,1790895040.4295669,-0.171,0.0416,-0.375,-0.0384,0.0648,0.0574,0.1161,0.0877,0.4165,0.0586,0.0474,0.0,0.2994,0.2361,0.0,0.214,-0.0,0.8752,0.0,1.9490074901768535e-05,161.6,0.47
1972,1790895040.8951929,-0.1971,0.0423,-0.4451,-0.0,0.0791,0.0791,0.1481,0.1105,0.4329,0.069,0.0558,-0.0,0.3217,0.2863,0.0,0.234,0.0,0.8752,0.23,1.9487114316797763e-05,197.9,0.46
1973,1790895041.328313,-0.2416,0.0258,-0.5282,-0.0795,0.1253,0.1234,0.162,0.1429,0.493,0.0386,0.0788,0.0,0.241,0.461,0.0,0.227,-0.0,0.8752,0.0,1.9487114316797763e-05,265.0,0.43
1974,1790895041.7743785,-0.1694,0.0481,-0.55,-0.0,0.0719,0.0623,0.1414,0.0998,0.348,0.0791,0.0514,0.0,0.3035,0.2619,0.0,0.205,-0.0,0.8379,0.0,1.9487114316797763e-05,99.2,0.44
1975,1790895042.2498398,-0.1815,0.0437,-0.4619,-0.0,0.0851,0.0704,0.1346,0.0984,0.4152,0.0642,0.0521,0.0,0.2446,0.282,0.0,0.196,-0.0,0.8752,0.0,1.9487114316797763e-05,143.7,0.47
1976,1790895044.8556206,-0.196,0.0366,-0.4672,-0.0254,0.098,0.0847,0.1368,0.1103,0.4284,0.0521,0.0546,-0.0,0.2809,0.2892,0.0,0.247,0.0,0.8752,0.225,1.948414538840455e-05,132.9,0.67
1977,1790895045.3473446,-0.2089,0.027,-0.4476,-0.0308,0.1063,0.1024,0.15,0.1239,0.425,0.0476,0.0695,0.0,0.3013,0.3832,0.0,0.248,-0.0,0.8752,0.0,1.948414538840455e-05,218.3,0.49
1978,1790895045.7967558,-0.1585,0.0445,-0.3842,-0.0,0.0675,0.0646,0.123,0.0932,0.3265,0.0583,0.0527,0.0,0.1896,0.3009,0.0,0.18,-0.0,0.8752,0.0,1.948414538840455e-05,122.9,0.45
1979,1790895046.2445192,-0.2192,0.0385,-0.4527,-0.0,0.0989,0.0958,0.15,0.1235,0.4785,0.0543,0.065,-0.0,0.3189,0.3484,0.0,0.25,0.0,0.8752,0.0,1.948414538840455e-05,193.6,0.44
1980,1790895046.6677573,-0.2277,0.039,-0.467,-0.0,0.1138,0.1108,0.1716,0.1404,0.4365,0.0608,0.0791,-0.0,0.3675,0.4294,0.0,0.267,0.0,0.8752,0.184,1.948116811919992e-05,232.9,0.42
1981,1790895047.13228,-0.2078,0.034,-0.3651,-0.0856,0.0986,0.0951,0.1457,0.1211,0.4332,0.0506,0.0648,0.0,0.3003,0.3516,0.0,0.242,-0.0,0.8752,0.0,1.948116811919992e-05,254.8,0.46
1982,1790895047.5875673,-0.168,0.0452,-0.3914,-0.0,0.0784,0.0686,0.139,0.1002,0.3388,0.0704,0.0423,-0.0,0.2481,0.2156,0.0,0.173,0.0,0.8379,0.0,1.948116811919992e-05,96.5,0.45
1983,1790895048.0359452,-0.3046,0.0387,-0.5171,-0.0678,0.1512,0.1496,0.2131,0.1832,0.6067,0.0635,0.0938,-0.0,0.2753,0.5521,0.0,0.3,0.0,0.8752,0.0,1.948116811919992e-05,170.0,0.45
1984,1790895048.5157785,-0.253,0.035,-0.5107,-0.0265,0.1316,0.1231,0.1857,0.1551,0.4892,0.0626,0.0753,0.0,0.2876,0.425,0.0,0.243,-0.0,0.8752,0.205,1.947818251180221e-05,184.4,0.48
1985,1790895048.968992,-0.2268,0.0355,-0.3607,-0.0245,0.1031,0.0972,0.1488,0.1215,0.5264,0.0517,0.0676,-0.0,0.2521,0.3836,0.0,0.236,0.0,0.8752,0.0,1.947818251180221e-05,257.9,0.45
1986,1790895049.4233553,-0.1878,0.0465,-0.5571,-0.0,0.0971,0.0704,0.1425,0.1094,0.3918,0.0721,0.0475,0.0,0.236,0.2537,0.0,0.173,-0.0,0.8752,0.0,1.947818251180221e-05,130.1,0.45
1987,1790895049.8973885,-0.2305,0.0407,-0.4612,-0.0,0.1124,0.1069,0.1685,0.1345,0.48,0.0615,0.062,0.0,0.1943,0.3617,0.0,0.203,-0.0,0.8752,0.0,1.947818251180221e-05,162.6,0.47
1988,1790895050.3400762,-0.1965,0.0344,-0.3728,-0.039,0.0888,0.0835,0.1354,0.1084,0.4407,0.0519,0.0527,0.0,0.2991,0.2714,0.0,0.225,-0.0,0.8752,0.228,1.947518856883712e-05,201.4,0.44
1989,1790895050.838531,-0.2021,0.0314,-0.3949,-0.0553,0.088,0.086,0.1332,0.1106,0.4573,0.0472,0.0555,-0.0,0.2386,0.3067,0.0,0.248,0.0,0.8752,0.0,1.947518856883712e-05,233.7,0.5
1990,1790895051.2679605,-0.186,0.0507,-0.491,-0.0,0.0867,0.0633,0.1357,0.1013,0.4235,0.0724,0.0511,-0.0,0.2333,0.2787,0.0,0.173,0.0,0.8752,0.0,1.947518856883712e-05,120.6,0.43
1991,1790895051.7131636,-0.1479,0.0394,-0.3807,-0.0,0.0627,0.0537,0.1129,0.0805,0.3371,0.0592,0.0348,-0.0,0.2303,0.1709,0.0,0.205,-0.0,0.8752,0.0,1.947518856883712e-05,165.0,0.44
1992,1790895052.1707454,-0.2221,0.0445,-0.4794,-0.0302,0.0978,0.0952,0.158,0.1277,0.4723,0.0628,0.0651,-0.0,0.2697,0.362,0.0,0.246,0.0,0.8752,0.214,1.947218629293766e-05,195.1,0.45
1993,1790895052.6307762,-0.2363,0.0346,-0.4684,-0.1074,0.1013,0.1004,0.1525,0.1291,0.5359,0.0521,0.0716,0.0,0.2935,0.399,0.0,0.242,-0.0,0.8752,0.0,1.947218629293766e-05,248.5,0.46
1994,1790895053.1046164,-0.173,0.0478,-0.4111,-0.0,0.088,0.0652,0.133,0.0964,0.3831,0.0678,0.0551,-0.0,0.2105,0.3109,0.0,0.196,0.0,0.8752,0.0,1.947218629293766e-05,101.9,0.47
1995,1790895053.5361197,-0.1585,0.0376,-0.4289,-0.0,0.069,0.0658,0.1211,0.0929,0.3279,0.0553,0.047,-0.0,0.2234,0.2538,0.0,0.207,0.0,0.8752,0.0,1.947218629293766e-05,174.5,0.43
1996,1790895054.047772,-0.1947,0.0361,-0.4248,-0.0306,0.0828,0.0817,0.1354,0.1053,0.4467,0.0537,0.0562,-0.0,0.2822,0.2996,0.0,0.221,0.0,0.8752,0.179,1.9469175686744178e-05,186.7,0.51
1997,1790895054.580603,-0.2261,0.0321,-0.3878,-0.1081,0.102,0.0994,0.1496,0.1226,0.5174,0.0501,0.0626,0.0,0.254,0.3494,0.0,0.245,-0.0,0.8752,0.0,1.9469175686744178e-05,223.7,0.53
1998,1790895055.0216005,-0.1499,0.0377,-0.4267,-0.0,0.065,0.0616,0.1226,0.0887,0.3061,0.0611,0.0436,-0.0,0.2378,0.2273,0.0,0.219,0.0,0.8379,0.0,1.9469175686744178e-05,134.2,0.44
1999,1790895055.4504507,-0.2106,0.0334,-0.406,-0.0627,0.1009,0.0957,0.1495,0.1232,0.4374,0.0538,0.0596,0.0,0.2919,0.3197,0.0,0.253,-0.0,0.8752,0.0,1.9469175686744178e-05,192.8,0.43
2000,1790895055.933433,-0.1762,0.0405,-0.4173,-0.0,0.0654,0.0643,0.1239,0.0952,0.4049,0.0595,0.0559,-0.0,0.2965,0.2939,0.0,0.218,0.0,0.8752,0.171,1.9466156752904344e-05,203.6,0.48
2001,1790895060.107279,-0.2271,0.0358,-0.4798,-0.0,0.1031,0.1023,0.1572,0.1292,0.4896,0.0549,0.0819,-0.0,0.2714,0.4738,0.0,0.247,0.0,0.8752,0.0,1.9466156752904344e-05,167.2,0.74
2002,1790895060.5422423,-0.216,0.0339,-0.446,-0.0,0.1181,0.1081,0.1657,0.134,0.4097,0.0575,0.0754,-0.0,0.1993,0.4494,0.0,0.223,0.0,0.8752,0.0,1.9466156752904344e-05,133.7,0.43
2003,1790895060.9441352,-0.2397,0.0337,-0.4787,-0.0715,0.1198,0.1151,0.1609,0.137,0.5135,0.0459,0.0803,0.0,0.4049,0.4276,0.0,0.257,-0.0,0.8752,0.0,1.9466156752904344e-05,203.6,0.4
2004,1790895061.434565,-0.1968,0.0338,-0.3664,-0.0306,0.1,0.0882,0.1398,0.1145,0.4117,0.0516,0.0575,0.0,0.2961,0.3043,0.0,0.228,-0.0,0.8752,0.267,1.9463129494073152e-05,198.2,0.49
2005,1790895061.8816571,-0.2778,0.0304,-0.4778,-0.034,0.1382,0.1365,0.1844,0.1622,0.5781,0.0479,0.0887,-0.0,0.2447,0.5262,0.0,0.269,0.0,0.8752,0.0,1.9463129494073152e-05,293.7,0.44
2006,1790895062.3369467,-0.1553,0.0434,-0.5174,-0.0,0.0619,0.0584,0.1222,0.086,0.3467,0.0638,0.0519,0.0,0.2966,0.2668,0.0,0.205,-0.0,0.7989,0.0,1.9463129494073152e-05,112.2,0.45
2007,1790895062.7835443,-0.197,0.0337,-0.4629,-0.0292,0.0993,0.0927,0.1474,0.1151,0.4092,0.0548,0.055,-0.0,0.2081,0.3109,0.0,0.22,0.0,0.8752,0.0,1.9463129494073152e-05,165.0,0.44
2008,1790895063.2507145,-0.1385,0.0313,-0.3422,-0.0,0.0587,0.0532,0.0956,0.0767,0.3088,0.0423,0.0394,-0.0,0.2607,0.1935,0.0,0.197,0.0,0.8752,0.188,1.946009391291292e-05,199.4,0.46
2009,1790895063.74507,-0.1951,0.0326,-0.3866,-0.022,0.0902,0.0884,0.1326,0.1086,0.4324,0.0442,0.0637,0.0,0.2676,0.3531,0.0,0.228,-0.0,0.8752,0.0,1.946009391291292e-05,219.3,0.49
2010,1790895064.1545348,-0.1912,0.0396,-0.5048,-0.0314,0.0904,0.0839,0.1483,0.113,0.3911,0.0644,0.072,-0.0,0.2904,0.4025,0.0,0.198,0.0,0.8379,0.0,1.946009391291292e-05,133.5,0.41
2011,1790895064.5887978,-0.1839,0.0393,-0.4591,-0.0,0.0894,0.0796,0.139,0.1087,0.3759,0.0593,0.0707,0.0,0.2576,0.4028,0.0,0.212,-0.0,0.8752,0.0,1.946009391291292e-05,199.7,0.43
2012,1790895065.078768,-0.1893,0.0392,-0.3856,-0.0749,0.0811,0.0793,0.1398,0.1069,0.4119,0.0605,0.0562,0.0,0.3341,0.2855,0.0,0.238,-0.0,0.8752,0.18,1.9457050012093283e-05,210.0,0.49
2013,1790895065.5366344,-0.27,0.0286,-0.4517,-0.1044,0.1283,0.1275,0.1674,0.1494,0.6027,0.0399,0.0768,-0.0,0.2127,0.455,0.0,0.241,0.0,0.8752,0.0,1.9457050012093283e-05,294.4,0.45
2014,1790895066.0011008,-0.1885,0.049,-0.3903,-0.0463,0.0994,0.0803,0.1601,0.115,0.3673,0.0798,0.0553,0.0,0.2439,0.3038,0.0,0.191,-0.0,0.8752,0.0,1.9457050012093283e-05,104.0,0.46
2015,1790895066.48031,-0.1952,0.0385,-0.4168,-0.0341,0.0876,0.08,0.1417,0.1118,0.417,0.0617,0.0561,0.0,0.2762,0.3001,0.0,0.218,-0.0,0.8752,0.0,1.9457050012093283e-05,168.5,0.48
2016,1790895066.9617448,-0.2019,0.0327,-0.505,-0.0,0.0917,0.0917,0.1432,0.1152,0.4338,0.0516,0.0603,-0.0,0.3437,0.31,0.0,0.256,0.0,0.8752,0.226,1.9453997794291193e-05,186.2,0.48
2017,1790895067.430481,-0.256,0.0343,-0.556,-0.0801,0.1195,0.1177,0.178,0.1488,0.5358,0.0603,0.0907,-0.0,0.2594,0.5353,0.0,0.255,0.0,0.8752,0.0,1.9453997794291193e-05,260.5,0.47
2018,1790895067.8604977,-0.1574,0.0403,-0.4048,-0.0,0.0691,0.0635,0.1235,0.0887,0.3432,0.06,0.0587,0.0,0.2233,0.3316,0.0,0.178,-0.0,0.8752,0.0,1.9453997794291193e-05,115.0,0.43
2019,1790895068.2930074,-0.1979,0.04,-0.4203,-0.0,0.0963,0.0854,0.1446,0.1138,0.4201,0.0591,0.0652,-0.0,0.2302,0.3729,0.0,0.207,0.0,0.8752,0.0,1.9453997794291193e-05,168.7,0.43
2020,1790895068.7525406,-0.1277,0.0265,-0.3629,-0.0,0.0527,0.0507,0.0852,0.066,0.3083,0.0346,0.0357,-0.0,0.281,0.1631,0.0,0.185,0.0,0.8752,0.202,1.9450937262190916e-05,209.0,0.46
2021,1790895069.2715971,-0.2501,0.0329,-0.4448,-0.0,0.1096,0.1096,0.1648,0.1394,0.5536,0.0551,0.073,0.0,0.2833,0.4108,0.0,0.258,-0.0,0.8752,0.0,1.9450937262190916e-05,232.2,0.52
2022,1790895069.7050006,-0.2048,0.0328,-0.4711,-0.0,0.1112,0.1063,0.1596,0.1277,0.3855,0.0533,0.0589,0.0,0.2505,0.3258,0.0,0.217,-0.0,0.8752,0.0,1.9450937262190916e-05,124.5,0.43
2023,1790895070.1175349,-0.2265,0.045,-0.473,-0.0,0.1113,0.0984,0.1693,0.1303,0.4809,0.0709,0.0628,-0.0,0.2509,0.352,0.0,0.231,0.0,0.8752,0.0,1.9450937262190916e-05,175.5,0.41
2024,1790895070.6154747,-0.2122,0.0372,-0.3779,-0.0647,0.0925,0.0857,0.1429,0.1152,0.4852,0.0572,0.0601,0.0,0.3388,0.31,0.0,0.249,-0.0,0.8752,0.194,1.944786841848403e-05,174.8,0.49
2025,1790895071.1318505,-0.2105,0.0352,-0.3987,-0.0477,0.0974,0.0899,0.1459,0.1177,0.4636,0.056,0.0605,-0.0,0.3373,0.3132,0.0,0.223,0.0,0.8752,0.0,1.944786841848403e-05,200.9,0.51
2026,1790895073.9077673,-0.1614,0.051,-0.4505,-0.0,0.0722,0.0604,0.1289,0.0918,0.348,0.0685,0.0516,-0.0,0.2141,0.2872,0.0,0.194,0.0,0.8379,0.0,1.944786841848403e-05,85.5,0.6
2027,1790895074.4740033,-0.2353,0.0424,-0.4106,-0.0,0.1097,0.1032,0.1761,0.1402,0.4754,0.0729,0.0716,0.0,0.2876,0.4007,0.0,0.236,-0.0,0.8752,0.0,1.944786841848403e-05,123.6,0.56
2028,1790895074.9150457,-0.1801,0.0369,-0.3956,-0.0243,0.0792,0.0753,0.1327,0.1049,0.3759,0.0574,0.0559,0.0,0.2981,0.2929,0.0,0.235,-0.0,0.8752,0.206,1.9444791265869425e-05,206.2,0.44
2029,1790895075.4095404,-0.1765,0.0319,-0.4992,-0.0236,0.0781,0.0694,0.1172,0.0939,0.4128,0.0479,0.0445,-0.0,0.2469,0.231,0.0,0.202,0.0,0.8752,0.0,1.9444791265869425e-05,222.8,0.49
2030,1790895075.845761,-0.1533,0.0358,-0.4114,-0.0,0.0638,0.053,0.1143,0.0784,0.3746,0.0613,0.0397,0.0,0.2249,0.2048,0.0,0.171,-0.0,0.8752,0.0,1.9444791265869425e-05,127.7,0.43
2031,1790895076.302388,-0.1874,0.0323,-0.5093,-0.0,0.0918,0.0856,0.1399,0.1105,0.3845,0.0543,0.065,0.0,0.2512,0.366,0.0,0.202,-0.0,0.8752,0.0,1.9444791265869425e-05,167.4,0.45
2032,1790895076.800491,-0.2212,0.0255,-0.4792,-0.0,0.1205,0.1081,0.1477,0.1277,0.4674,0.0396,0.0661,-0.0,0.3069,0.3586,0.0,0.232,0.0,0.8752,0.19,1.9441705807053295e-05,197.5,0.5
2033,1790895077.3238032,-0.2545,0.0299,-0.4098,-0.1292,0.125,0.1215,0.1671,0.1439,0.5532,0.0456,0.0718,0.0,0.218,0.4202,0.0,0.228,-0.0,0.8752,0.0,1.9441705807053295e-05,251.8,0.52
2034,1790895077.7921584,-0.1904,0.0376,-0.4583,-0.0463,0.0974,0.0843,0.1418,0.1084,0.4099,0.0574,0.0502,0.0,0.2454,0.2695,0.0,0.176,-0.0,0.8379,0.0,1.9441705807053295e-05,111.9,0.47
2035,1790895078.2431884,-0.1855,0.0256,-0.5742,-0.0,0.0947,0.0896,0.1284,0.1083,0.3856,0.0388,0.0824,0.0,0.2116,0.4928,0.0,0.189,-0.0,0.7989,0.0,1.9441705807053295e-05,177.0,0.45
2036,1790895078.6951408,-0.1899,0.0356,-0.514,-0.0,0.0862,0.0827,0.1396,0.1111,0.3941,0.0568,0.0614,0.0,0.2974,0.3303,0.0,0.214,-0.0,0.8752,0.192,1.943861204474914e-05,205.4,0.45
2037,1790895079.1780884,-0.1977,0.0292,-0.4053,-0.0505,0.0926,0.0872,0.1274,0.1062,0.4577,0.0403,0.0511,0.0,0.2308,0.2791,0.0,0.206,-0.0,0.8752,0.0,1.943861204474914e-05,241.5,0.48
2038,1790895079.6120925,-0.1486,0.0432,-0.3374,-0.0,0.0807,0.0556,0.1122,0.0843,0.3212,0.0567,0.0577,0.0,0.3012,0.3042,0.0,0.153,-0.0,0.8752,0.0,1.943861204474914e-05,115.8,0.43
2039,1790895080.0839677,-0.1944,0.036,-0.3883,-0.0,0.0942,0.0856,0.1403,0.1119,0.4122,0.0548,0.0623,0.0,0.1899,0.3645,0.0,0.206,-0.0,0.8752,0.0,1.943861204474914e-05,155.5,0.47
2040,1790895080.58096,-0.2127,0.0308,-0.5104,-0.0578,0.1009,0.0997,0.1507,0.1254,0.4366,0.0509,0.0616,-0.0,0.2356,0.3481,0.0,0.241,0.0,0.8752,0.188,1.9435509981677764e-05,175.1,0.49
2041,1790895081.1095588,-0.2175,0.0351,-0.4012,-0.0535,0.1036,0.102,0.153,0.1273,0.4509,0.051,0.0684,-0.0,0.2805,0.3814,0.0,0.242,0.0,0.8752,0.0,1.9435509981677764e-05,230.4,0.53
2042,1790895081.5665565,-0.1425,0.041,-0.3964,-0.0,0.0616,0.0516,0.108,0.0784,0.3205,0.0563,0.0425,-0.0,0.2401,0.2196,0.0,0.207,0.0,0.8379,0.0,1.9435509981677764e-05,112.0,0.45
2043,1790895082.0190089,-0.1854,0.0219,-0.3919,-0.0,0.1003,0.0931,0.125,0.1097,0.3786,0.0319,0.0593,0.0,0.2599,0.3259,0.0,0.213,-0.0,0.8379,0.0,1.9435509981677764e-05,160.7,0.45
2044,1790895082.5012474,-0.246,0.0339,-0.3956,-0.031,0.1253,0.118,0.167,0.1462,0.4988,0.049,0.0768,0.0,0.2923,0.4343,0.0,0.244,-0.0,0.8752,0.228,1.9432399620567265e-05,188.4,0.48
2045,1790895082.9961786,-0.2647,0.0361,-0.5272,-0.053,0.1336,0.1222,0.1817,0.1527,0.5599,0.0595,0.078,0.0,0.244,0.4552,0.0,0.229,-0.0,0.8752,0.0,1.9432399620567265e-05,238.2,0.49
2046,1790895083.480293,-0.1826,0.0478,-0.3795,-0.0,0.0947,0.0707,0.1374,0.1028,0.3989,0.0667,0.0486,0.0,0.2959,0.2451,0.0,0.186,-0.0,0.8379,0.0,1.9432399620567265e-05,94.2,0.48
2047,1790895083.9755795,-0.2026,0.0368,-0.3572,-0.0354,0.0938,0.0856,0.1379,0.1122,0.4523,0.0523,0.0564,-0.0,0.3002,0.2957,0.0,0.234,0.0,0.8752,0.0,1.9432399620567265e-05,144.5,0.49
2048,1790895084.439042,-0.1927,0.0351,-0.3745,-0.0,0.0886,0.0833,0.1388,0.1086,0.4204,0.0555,0.0631,-0.0,0.3461,0.3286,0.0,0.228,0.0,0.8752,0.195,1.942928096415305e-05,208.3,0.46
2049,1790895084.9218082,-0.2555,0.0356,-0.4778,-0.0541,0.1196,0.1161,0.1677,0.1413,0.5712,0.0516,0.0709,0.0,0.2419,0.4084,0.0,0.241,-0.0,0.8752,0.0,1.942928096415305e-05,247.3,0.48
2050,1790895085.3726928,-0.1976,0.0505,-0.4,-0.0,0.0764,0.0749,0.1481,0.1112,0.4322,0.0732,0.0549,0.0,0.2829,0.2907,0.0,0.18,-0.0,0.8752,0.0,1.942928096415305e-05,108.7,0.45
2051,1790895087.886847,-0.2212,0.0466,-0.5048,-0.0,0.1045,0.0925,0.1617,0.1256,0.4782,0.0692,0.0604,-0.0,0.3143,0.3191,0.0,0.224,0.0,0.8752,0.0,1.942928096415305e-05,104.6,0.69
2052,1790895088.4551814,-0.2512,0.0309,-0.5692,-0.0,0.1272,0.1241,0.1741,0.1478,0.5167,0.05,0.0842,0.0,0.319,0.4761,0.0,0.272,-0.0,0.8752,0.218,1.9426154015177812e-05,157.2,0.57
2053,1790895088.9672768,-0.2024,0.0271,-0.3396,-0.0393,0.0934,0.0934,0.1423,0.1176,0.4242,0.0489,0.0621,0.0,0.2524,0.3468,0.0,0.225,-0.0,0.8752,0.0,1.9426154015177812e-05,221.5,0.51
2054,1790895089.395954,-0.1541,0.0461,-0.5356,-0.0,0.0693,0.0603,0.1152,0.082,0.3604,0.0549,0.0496,0.0,0.2056,0.2761,0.0,0.193,-0.0,0.8379,0.0,1.9426154015177812e-05,113.3,0.43
2055,1790895089.828196,-0.2068,0.0374,-0.4131,-0.0,0.0928,0.0855,0.1441,0.1165,0.4519,0.0586,0.0731,0.0,0.3299,0.3991,0.0,0.233,-0.0,0.8752,0.0,1.9426154015177812e-05,169.8,0.43
2056,1790895090.301181,-0.1793,0.0361,-0.3412,-0.0642,0.089,0.0814,0.1357,0.106,0.3669,0.0543,0.0538,-0.0,0.2989,0.2788,0.0,0.209,0.0,0.8752,0.199,1.9423018776391537e-05,204.7,0.47
2057,1790895090.7574406,-0.2209,0.0305,-0.5398,-0.0246,0.1034,0.1025,0.1505,0.1281,0.4644,0.048,0.0831,-0.0,0.2544,0.4864,0.0,0.239,0.0,0.8752,0.0,1.9423018776391537e-05,262.8,0.45
2058,1790895091.1789567,-0.1992,0.0528,-0.3712,-0.0,0.0935,0.0831,0.1494,0.115,0.4209,0.0663,0.0587,-0.0,0.2699,0.3193,0.0,0.181,0.0,0.8752,0.0,1.9423018776391537e-05,109.5,0.42
2059,1790895091.5896776,-0.1407,0.0317,-0.3379,-0.0323,0.0576,0.0549,0.098,0.0753,0.3274,0.0431,0.0438,0.0,0.2238,0.2321,0.0,0.175,-0.0,0.8752,0.0,1.9423018776391537e-05,175.7,0.41
2060,1790895092.0297356,-0.2152,0.0348,-0.5262,-0.046,0.1038,0.1038,0.1582,0.1289,0.4312,0.0544,0.0809,-0.0,0.2802,0.4649,0.0,0.247,0.0,0.8752,0.202,1.941987525055151e-05,205.6,0.44
2061,1790895092.4721828,-0.2104,0.031,-0.4316,-0.0304,0.099,0.0946,0.1452,0.1197,0.4531,0.0506,0.0619,-0.0,0.2577,0.3438,0.0,0.213,0.0,0.8752,0.0,1.941987525055151e-05,263.4,0.44
2062,1790895092.9409075,-0.2022,0.0485,-0.4949,-0.0,0.1129,0.0962,0.1745,0.1338,0.3415,0.0782,0.0665,-0.0,0.319,0.3583,0.0,0.201,0.0,0.7989,0.0,1.941987525055151e-05,90.3,0.47
2063,1790895093.3982034,-0.1765,0.0337,-0.4658,-0.0,0.0804,0.075,0.1331,0.1007,0.3788,0.0581,0.0536,-0.0,0.2151,0.3002,0.0,0.21,0.0,0.8379,0.0,1.941987525055151e-05,131.4,0.45
2064,1790895093.8437405,-0.2019,0.036,-0.3989,-0.0304,0.1003,0.0888,0.1409,0.1159,0.4296,0.0522,0.0607,0.0,0.2369,0.3413,0.0,0.223,-0.0,0.8752,0.219,1.9416723440422292e-05,189.0,0.44
2065,1790895094.2802727,-0.1562,0.0342,-0.2805,-0.0,0.0636,0.0601,0.1098,0.0851,0.3558,0.0498,0.0448,0.0,0.3036,0.218,0.0,0.199,-0.0,0.8752,0.0,1.9416723440422292e-05,243.5,0.43
2066,1790895094.7279975,-0.169,0.0355,-0.4905,-0.0,0.0885,0.0754,0.1302,0.0985,0.3525,0.0548,0.0507,-0.0,0.2961,0.2588,0.0,0.175,0.0,0.8379,0.0,1.9416723440422292e-05,106.9,0.44
2067,1790895095.172065,-0.1878,0.0353,-0.4586,-0.0,0.0831,0.0798,0.128,0.1041,0.4185,0.0482,0.0569,0.0,0.2745,0.3058,0.0,0.213,-0.0,0.8752,0.0,1.9416723440422292e-05,159.5,0.44
2068,1790895095.6398914,-0.2173,0.0373,-0.4318,-0.0369,0.1061,0.1011,0.1558,0.1286,0.4433,0.0547,0.0693,-0.0,0.3342,0.3728,0.0,0.244,0.0,0.8752,0.215,1.941356334877574e-05,200.8,0.46
2069,1790895096.1038463,-0.1995,0.0328,-0.4012,-0.0262,0.0986,0.0976,0.1391,0.1177,0.4091,0.0415,0.0578,0.0,0.2776,0.3113,0.0,0.232,-0.0,0.8752,0.0,1.941356334877574e-05,233.8,0.46
2070,1790895096.517333,-0.1756,0.0378,-0.4246,-0.0,0.0928,0.0841,0.1352,0.107,0.3432,0.0512,0.0629,0.0,0.2044,0.365,0.0,0.175,-0.0,0.8379,0.0,1.941356334877574e-05,123.4,0.41
2071,1790895096.9820213,-0.2151,0.0403,-0.4572,-0.0457,0.0978,0.0966,0.1562,0.1225,0.4634,0.0596,0.0671,-0.0,0.3414,0.356,0.0,0.271,0.0,0.8752,0.0,1.941356334877574e-05,177.6,0.46
2072,1790895097.4822004,-0.1926,0.0324,-0.4069,-0.03,0.0831,0.0787,0.1299,0.1051,0.4371,0.0512,0.0552,-0.0,0.3456,0.2758,0.0,0.213,0.0,0.8752,0.169,1.9410394978390986e-05,186.5,0.5
2073,1790895098.0406556,-0.2234,0.0356,-0.4451,-0.0728,0.1016,0.0968,0.1449,0.123,0.5022,0.0481,0.0661,0.0,0.2244,0.3809,0.0,0.244,-0.0,0.8752,0.0,1.9410394978390986e-05,225.3,0.55
2074,1790895098.5224128,-0.1767,0.0363,-0.4195,-0.0,0.0877,0.0724,0.127,0.1005,0.3809,0.0546,0.0426,0.0,0.2221,0.2245,0.0,0.196,-0.0,0.7989,0.0,1.9410394978390986e-05,116.3,0.48
2075,1790895098.9504085,-0.1837,0.0278,-0.4791,-0.0433,0.0958,0.0849,0.1244,0.1062,0.3875,0.0396,0.0572,0.0,0.2364,0.3185,0.0,0.21,-0.0,0.8752,0.0,1.9410394978390986e-05,197.7,0.42
2076,1790895101.403303,-0.1678,0.0353,-0.3841,-0.0263,0.0772,0.0731,0.1231,0.0974,0.3521,0.05,0.0517,0.0,0.3065,0.2631,0.0,0.214,-0.0,0.8752,0.171,1.940721833205445e-05,168.4,0.59
2077,1790895101.8188508,-0.1756,0.0404,-0.5222,-0.0,0.0697,0.0697,0.1283,0.096,0.398,0.0586,0.0504,-0.0,0.2773,0.2624,0.0,0.223,0.0,0.8752,0.0,1.940721833205445e-05,287.7,0.41
2078,1790895102.2278357,-0.2199,0.0345,-0.4464,-0.0,0.1216,0.1128,0.1666,0.1376,0.4114,0.0538,0.0666,-0.0,0.2812,0.3687,0.0,0.205,0.0,0.8379,0.0,1.940721833205445e-05,122.3,0.41
2079,1790895102.6692333,-0.1813,0.0289,-0.4432,-0.0341,0.1004,0.0875,0.1355,0.1111,0.3511,0.048,0.0576,-0.0,0.2404,0.32,0.0,0.217,0.0,0.8379,0.0,1.940721833205445e-05,180.3,0.44
2080,1790895103.142143,-0.1727,0.045,-0.3402,-0.0257,0.0691,0.0669,0.1264,0.0979,0.3741,0.0595,0.0535,-0.0,0.3892,0.2529,0.0,0.238,0.0,0.8752,0.208,1.9404033412559828e-05,194.4,0.47
2081,1790895103.5762575,-0.1867,0.0299,-0.3768,-0.0262,0.0866,0.0851,0.1318,0.105,0.4084,0.0467,0.0557,-0.0,0.3014,0.2907,0.0,0.217,0.0,0.8752,0.0,1.9404033412559828e-05,251.9,0.43
2082,1790895103.975738,-0.1265,0.0373,-0.4828,-0.0,0.0586,0.0485,0.1008,0.0709,0.2777,0.0523,0.0401,-0.0,0.2812,0.1923,0.0,0.163,0.0,0.8379,0.0,1.9404033412559828e-05,124.4,0.4
2083,1790895104.4518418,-0.2147,0.04,-0.3818,-0.0,0.0972,0.092,0.1598,0.1232,0.4578,0.0678,0.0611,0.0,0.2639,0.3371,0.0,0.239,-0.0,0.8752,0.0,1.9404033412559828e-05,160.3,0.47
2084,1790895104.9639904,-0.1809,0.0375,-0.4214,-0.0241,0.0775,0.0756,0.1277,0.1013,0.3982,0.0521,0.0555,0.0,0.3502,0.2769,0.0,0.228,-0.0,0.8752,0.198,1.9400840222708084e-05,182.9,0.51
2085,1790895105.4495997,-0.2278,0.0316,-0.4756,-0.0257,0.1074,0.1056,0.1525,0.1291,0.4931,0.0469,0.0676,-0.0,0.2321,0.3885,0.0,0.229,0.0,0.8752,0.0,1.9400840222708084e-05,252.3,0.48
2086,1790895105.854493,-0.1867,0.0462,-0.4571,-0.0,0.0746,0.0746,0.1395,0.1048,0.4094,0.065,0.0577,0.0,0.2703,0.3124,0.0,0.177,-0.0,0.8752,0.0,1.9400840222708084e-05,115.3,0.4
2087,1790895106.3334801,-0.1427,0.0394,-0.3597,-0.0,0.0588,0.0547,0.1076,0.0778,0.3248,0.0529,0.0394,0.0,0.2874,0.1864,0.0,0.203,-0.0,0.8752,0.0,1.9400840222708084e-05,158.2,0.48
2088,1790895106.7617788,-0.2045,0.0302,-0.4149,-0.0466,0.0977,0.0954,0.1418,0.1212,0.4161,0.0464,0.0669,-0.0,0.3078,0.3637,0.0,0.235,0.0,0.8752,0.176,1.939763876530747e-05,214.8,0.43
2089,1790895107.2156236,-0.2001,0.0288,-0.379,-0.0559,0.0863,0.0863,0.1344,0.1108,0.4463,0.0481,0.062,-0.0,0.2753,0.3401,0.0,0.24,0.0,0.8752,0.0,1.939763876530747e-05,261.6,0.45
2090,1790895107.6961784,-0.125,0.036,-0.2797,-0.0,0.0486,0.0435,0.0964,0.0696,0.2772,0.0529,0.0382,0.0,0.2784,0.1801,0.0,0.158,-0.0,0.7579,0.0,1.939763876530747e-05,113.2,0.48
2091,1790895108.1867907,-0.2132,0.0381,-0.4785,-0.0582,0.0989,0.0951,0.1531,0.1238,0.4466,0.058,0.0695,-0.0,0.3249,0.3767,0.0,0.235,0.0,0.8752,0.0,1.939763876530747e-05,173.5,0.49
2092,1790895108.6719344,-0.1706,0.0317,-0.3606,-0.0304,0.0785,0.0747,0.1218,0.0965,0.3706,0.0472,0.048,-0.0,0.3117,0.2366,0.0,0.223,0.0,0.8752,0.167,1.9394429043173494e-05,198.5,0.48
2093,1790895109.1777105,-0.2477,0.0306,-0.4347,-0.0244,0.1199,0.1161,0.1639,0.1393,0.542,0.0478,0.072,0.0,0.2287,0.419,0.0,0.232,-0.0,0.8752,0.0,1.9394429043173494e-05,241.8,0.5
2094,1790895109.6183937,-0.2218,0.0467,-0.6737,-0.0,0.1198,0.1002,0.1678,0.1339,0.4395,0.0675,0.0758,-0.0,0.2446,0.4401,0.0,0.192,0.0,0.8379,0.0,1.9394429043173494e-05,117.0,0.44
2095,1790895110.0237324,-0.1893,0.0357,-0.4903,-0.0308,0.083,0.0748,0.1308,0.104,0.4264,0.056,0.0547,0.0,0.2767,0.291,0.0,0.233,-0.0,0.8752,0.0,1.9394429043173494e-05,190.9,0.4
2096,1790895110.520318,-0.2269,0.0335,-0.4032,-0.0265,0.0976,0.0964,0.1534,0.1245,0.5122,0.057,0.0685,-0.0,0.3627,0.3598,0.0,0.227,0.0,0.8783,0.211,1.9391211059128942e-05,152.3,0.49
2097,1790895110.9923613,-0.1731,0.0348,-0.4259,-0.0,0.0962,0.0819,0.1343,0.1051,0.3397,0.0525,0.0635,-0.0,0.2465,0.3579,0.0,0.161,0.0,0.7989,0.0,1.9391211059128942e-05,99.1,0.47
2098,1790895111.4151475,-0.2016,0.0335,-0.4745,-0.0382,0.0932,0.0861,0.1336,0.1097,0.4597,0.0475,0.0468,0.0,0.2123,0.2553,0.0,0.198,-0.0,0.8752,0.0,1.9391211059128942e-05,177.4,0.42
2099,1790895111.8898597,-0.1828,0.0386,-0.4182,-0.0527,0.0832,0.0778,0.1395,0.1058,0.3851,0.0616,0.0572,-0.0,0.2727,0.3087,0.0,0.224,0.0,0.8752,0.0,1.9391211059128942e-05,191.5,0.47
2100,1790895112.3953388,-0.2429,0.0317,-0.4529,-0.0262,0.1233,0.1205,0.1693,0.1445,0.4917,0.0488,0.081,0.0,0.2678,0.4686,0.0,0.247,-0.0,0.8752,0.191,1.9387984816003868e-05,229.1,0.5
2101,1790895114.804884,-0.194,0.0437,-0.4833,-0.0,0.0958,0.0806,0.1465,0.1087,0.4268,0.0659,0.0494,-0.0,0.2389,0.2655,0.0,0.177,0.0,0.8379,0.0,1.9387984816003868e-05,86.8,0.58
2102,1790895115.3744633,-0.1741,0.0426,-0.3722,-0.0,0.0734,0.069,0.1284,0.0979,0.3813,0.0594,0.0496,0.0,0.3064,0.2487,0.0,0.209,0.0,0.8752,0.0,1.9387984816003868e-05,137.5,0.56
2103,1790895115.8510497,-0.1787,0.0324,-0.3756,-0.0461,0.0801,0.0766,0.1208,0.0989,0.3991,0.0442,0.0531,-0.0,0.316,0.2698,0.0,0.232,0.0,0.8752,0.0,1.9387984816003868e-05,201.2,0.47
2104,1790895116.3196645,-0.2434,0.0341,-0.446,-0.0805,0.1144,0.112,0.1639,0.1408,0.5127,0.0519,0.0754,0.0,0.2427,0.4383,0.0,0.244,-0.0,0.8752,0.229,1.9384750316635574e-05,268.2,0.47
2105,1790895116.7453299,-0.1473,0.0384,-0.4285,-0.0,0.0689,0.0564,0.115,0.085,0.3114,0.0586,0.0353,0.0,0.2917,0.1575,0.0,0.191,-0.0,0.8379,0.0,1.9384750316635574e-05,116.4,0.42
2106,1790895117.1800299,-0.2007,0.0333,-0.4794,-0.0,0.0966,0.0873,0.134,0.1143,0.4318,0.0467,0.0793,-0.0,0.2861,0.4522,0.0,0.212,0.0,0.8752,0.0,1.9384750316635574e-05,167.8,0.43
2107,1790895117.6328535,-0.2536,0.0429,-0.4447,-0.0,0.1172,0.1135,0.1824,0.1466,0.535,0.0688,0.0819,-0.0,0.3017,0.4653,0.0,0.257,0.0,0.8752,0.0,1.9384750316635574e-05,201.2,0.45
2108,1790895118.1583164,-0.2666,0.0315,-0.4395,-0.0375,0.1338,0.1308,0.1826,0.1546,0.5604,0.0519,0.0797,-0.0,0.2918,0.4537,0.0,0.275,0.0,0.8752,0.194,1.9381507563868644e-05,217.6,0.52
2109,1790895118.6298392,-0.1708,0.0419,-0.3637,-0.0,0.0773,0.0628,0.1236,0.0937,0.3857,0.0608,0.0497,0.0,0.2493,0.2652,0.0,0.192,-0.0,0.8379,0.0,1.9381507563868644e-05,106.6,0.47
2110,1790895119.135158,-0.2014,0.0355,-0.4019,-0.0,0.0942,0.0812,0.1459,0.1126,0.4441,0.0647,0.0541,-0.0,0.3266,0.2738,0.0,0.211,0.0,0.8752,0.0,1.9381507563868644e-05,160.4,0.5
2111,1790895119.6387618,-0.188,0.0347,-0.4635,-0.0,0.0847,0.0847,0.1351,0.1079,0.4002,0.0504,0.0563,0.0,0.2937,0.297,0.0,0.237,-0.0,0.8752,0.0,1.9381507563868644e-05,197.4,0.5
2112,1790895120.1359937,-0.2581,0.035,-0.4914,-0.083,0.1197,0.1175,0.1711,0.1452,0.5643,0.0537,0.0686,0.0,0.2531,0.3902,0.0,0.248,-0.0,0.8752,0.187,1.9378256560554905e-05,246.9,0.49
2113,1790895120.6253805,-0.1534,0.0505,-0.3432,-0.0,0.0633,0.0586,0.1307,0.0914,0.3098,0.072,0.0375,0.0,0.2074,0.1944,0.0,0.162,-0.0,0.8752,0.0,1.9378256560554905e-05,103.9,0.49
2114,1790895121.0737374,-0.2099,0.0389,-0.4569,-0.0382,0.0983,0.0937,0.1442,0.12,0.4496,0.0505,0.0574,0.0,0.2531,0.3154,0.0,0.205,-0.0,0.8752,0.0,1.9378256560554905e-05,159.1,0.45
2115,1790895121.524979,-0.1769,0.0385,-0.3444,-0.0262,0.083,0.0778,0.129,0.1021,0.3736,0.0511,0.0615,0.0,0.4136,0.2996,0.0,0.249,-0.0,0.8752,0.0,1.9378256560554905e-05,191.4,0.45
2116,1790895122.07138,-0.1803,0.0357,-0.3356,-0.0262,0.0739,0.0714,0.1239,0.0992,0.4055,0.0524,0.0505,0.0,0.2455,0.2714,0.0,0.215,-0.0,0.8752,0.215,1.9374997309553444e-05,199.4,0.54
2117,1790895122.4995444,-0.1546,0.0334,-0.3475,-0.0,0.072,0.0631,0.1093,0.0857,0.3443,0.0462,0.045,0.0,0.2297,0.2387,0.0,0.191,-0.0,0.8752,0.0,1.9374997309553444e-05,128.4,0.42
2118,1790895122.9590008,-0.1713,0.0347,-0.3366,-0.0308,0.0691,0.0654,0.1197,0.092,0.3961,0.0543,0.0498,-0.0,0.2792,0.2577,0.0,0.211,0.0,0.8752,0.0,1.9374997309553444e-05,177.8,0.46
2119,1790895123.3917508,-0.1921,0.0408,-0.4707,-0.03,0.0793,0.076,0.1385,0.1078,0.4214,0.0625,0.0523,-0.0,0.33,0.2607,0.0,0.25,0.0,0.8752,0.0,1.9374997309553444e-05,209.3,0.43
2120,1790895123.915061,-0.2562,0.0373,-0.4556,-0.0265,0.1202,0.1194,0.1759,0.1456,0.5531,0.0566,0.073,-0.0,0.2643,0.4161,0.0,0.258,0.0,0.8752,0.19,1.9371729813730606e-05,246.0,0.52
2121,1790895124.3574393,-0.2026,0.0429,-0.4515,-0.0,0.1075,0.0915,0.162,0.125,0.3877,0.0706,0.068,0.0,0.2698,0.3816,0.0,0.224,-0.0,0.8752,0.0,1.9371729813730606e-05,108.2,0.44
2122,1790895124.82459,-0.1858,0.034,-0.4333,-0.0,0.0962,0.0869,0.1452,0.1149,0.3545,0.0583,0.0493,-0.0,0.2112,0.2726,0.0,0.213,0.0,0.8752,0.0,1.9371729813730606e-05,151.6,0.46
2123,1790895125.2764301,-0.2054,0.0338,-0.4522,-0.0437,0.0904,0.0892,0.1439,0.1168,0.443,0.0547,0.0791,-0.0,0.2842,0.4514,0.0,0.235,0.0,0.8752,0.0,1.9371729813730606e-05,193.8,0.45
2124,1790895125.8049393,-0.1855,0.0333,-0.324,-0.0428,0.0859,0.0813,0.1261,0.1048,0.4037,0.0447,0.0585,0.0,0.3101,0.3076,0.0,0.238,-0.0,0.8752,0.211,1.936845407595998e-05,232.5,0.52
2125,1790895126.2271225,-0.1566,0.0414,-0.5603,-0.0,0.0628,0.0605,0.1298,0.0921,0.3226,0.0693,0.0433,0.0,0.2777,0.2146,0.0,0.172,-0.0,0.7579,0.0,1.936845407595998e-05,112.5,0.42
2126,1790895128.9476213,-0.1797,0.0316,-0.4692,-0.04,0.0876,0.0789,0.1279,0.1026,0.3855,0.0489,0.0493,0.0,0.3386,0.2382,0.0,0.217,-0.0,0.8752,0.0,1.936845407595998e-05,81.3,0.89
2127,1790895129.4159055,-0.1984,0.0325,-0.3155,-0.0266,0.0945,0.088,0.1364,0.1154,0.4151,0.0485,0.0568,0.0,0.2714,0.3065,0.0,0.236,-0.0,0.8752,0.0,1.936845407595998e-05,198.4,0.47
2128,1790895129.9013357,-0.2401,0.036,-0.4095,-0.1272,0.1074,0.1019,0.1522,0.1285,0.5578,0.0502,0.0663,0.0,0.2177,0.3839,0.0,0.232,-0.0,0.8752,0.175,1.9365170099122408e-05,267.9,0.48
2129,1790895130.289715,-0.1836,0.0428,-0.42,-0.0,0.0935,0.0771,0.1471,0.1066,0.3851,0.07,0.0429,0.0,0.2045,0.2317,0.0,0.174,-0.0,0.8379,0.0,1.9365170099122408e-05,141.9,0.38
2130,1790895130.717388,-0.2064,0.0345,-0.3917,-0.0,0.1026,0.0959,0.1462,0.1195,0.4348,0.0503,0.0694,-0.0,0.2701,0.3907,0.0,0.231,0.0,0.8752,0.0,1.9365170099122408e-05,174.4,0.43
2131,1790895131.1462965,-0.2271,0.0335,-0.659,-0.0243,0.1132,0.1068,0.1655,0.1379,0.4459,0.0586,0.0781,0.0,0.325,0.4338,0.0,0.256,-0.0,0.8752,0.0,1.9365170099122408e-05,214.8,0.43
2132,1790895131.6208138,-0.242,0.03,-0.3876,-0.0576,0.1177,0.1115,0.1616,0.1364,0.5281,0.0501,0.0717,-0.0,0.2841,0.4023,0.0,0.238,0.0,0.8752,0.189,1.9361877886105976e-05,247.7,0.47
2133,1790895132.0935774,-0.1437,0.0551,-0.3285,-0.0,0.0485,0.0438,0.1277,0.0808,0.3142,0.084,0.034,0.0,0.2351,0.164,0.0,0.183,-0.0,0.8752,0.0,1.9361877886105976e-05,114.7,0.47
2134,1790895132.550981,-0.1541,0.0365,-0.3922,-0.0,0.0669,0.0628,0.1175,0.0893,0.3242,0.0547,0.0475,-0.0,0.3255,0.2295,0.0,0.237,0.0,0.8752,0.0,1.9361877886105976e-05,180.9,0.45
2135,1790895133.0369353,-0.221,0.0373,-0.4208,-0.0,0.1047,0.103,0.1593,0.1305,0.4526,0.0563,0.0716,-0.0,0.3434,0.3859,0.0,0.249,0.0,0.8752,0.0,1.9361877886105976e-05,197.8,0.48
2136,1790895133.5496752,-0.1727,0.0281,-0.3824,-0.022,0.0793,0.0746,0.1152,0.0947,0.3904,0.0406,0.0526,-0.0,0.2314,0.289,0.0,0.21,0.0,0.8752,0.182,1.9358577439806017e-05,242.3,0.51
2137,1790895134.006346,-0.1963,0.0423,-0.4745,-0.0,0.0931,0.0765,0.145,0.1108,0.4276,0.0685,0.0637,-0.0,0.2158,0.3669,0.0,0.22,0.0,0.8379,0.0,1.9358577439806017e-05,113.2,0.45
2138,1790895134.4769676,-0.1588,0.0368,-0.5825,-0.0,0.0704,0.0677,0.1202,0.0927,0.3304,0.0525,0.0616,-0.0,0.295,0.3321,0.0,0.235,0.0,0.8752,0.0,1.9358577439806017e-05,167.7,0.47
2139,1790895134.9242353,-0.1908,0.0268,-0.429,-0.077,0.0951,0.0908,0.1351,0.1136,0.3859,0.0443,0.0699,0.0,0.3377,0.3758,0.0,0.22,-0.0,0.8752,0.0,1.9358577439806017e-05,205.5,0.45
2140,1790895135.4815047,-0.1942,0.0319,-0.42,-0.0256,0.0816,0.0777,0.1252,0.1032,0.4553,0.0475,0.0554,0.0,0.2494,0.303,0.0,0.219,-0.0,0.8752,0.19,1.9355268763125098e-05,205.2,0.55
2141,1790895135.889928,-0.152,0.0416,-0.3551,-0.0,0.06,0.0582,0.118,0.0815,0.3527,0.0598,0.0383,-0.0,0.2377,0.1922,0.0,0.203,0.0,0.8379,0.0,1.9355268763125098e-05,124.6,0.41
2142,1790895136.3403523,-0.2143,0.0326,-0.4079,-0.0,0.1028,0.0939,0.149,0.1222,0.4603,0.0551,0.0651,0.0,0.252,0.367,0.0,0.215,-0.0,0.8752,0.0,1.9355268763125098e-05,152.6,0.45
2143,1790895136.7943091,-0.2017,0.0351,-0.55,-0.0,0.1033,0.0971,0.1508,0.1226,0.3956,0.0537,0.0616,0.0,0.3531,0.3166,0.0,0.247,-0.0,0.8752,0.0,1.9355268763125098e-05,206.1,0.45
2144,1790895137.2637115,-0.2067,0.0325,-0.4177,-0.0,0.0962,0.0953,0.1429,0.1217,0.4248,0.0476,0.0636,0.0,0.3415,0.3332,0.0,0.244,-0.0,0.8752,0.236,1.9351951858973025e-05,236.9,0.47
2145,1790895137.7241862,-0.1743,0.0479,-0.45,-0.0,0.0846,0.0694,0.1436,0.1051,0.3461,0.0741,0.0485,0.0,0.2648,0.2526,0.0,0.192,-0.0,0.8752,0.0,1.9351951858973025e-05,115.0,0.46
2146,1790895138.1699135,-0.209,0.0357,-0.4596,-0.0409,0.0977,0.091,0.1455,0.1186,0.4523,0.0545,0.057,-0.0,0.2208,0.321,0.0,0.215,0.0,0.8752,0.0,1.9351951858973025e-05,166.3,0.44
2147,1790895138.6378078,-0.1777,0.0349,-0.5011,-0.0508,0.0737,0.0714,0.1256,0.0983,0.3971,0.0542,0.0514,-0.0,0.2938,0.2646,0.0,0.218,0.0,0.8752,0.0,1.9351951858973025e-05,202.1,0.46
2148,1790895139.1549811,-0.1965,0.0315,-0.373,-0.0591,0.0884,0.0842,0.1352,0.1079,0.4427,0.051,0.0535,-0.0,0.3038,0.276,0.0,0.209,0.0,0.8752,0.196,1.9348626730266847e-05,217.8,0.51
2149,1790895139.5951912,-0.1866,0.0437,-0.4532,-0.0,0.0829,0.0705,0.1399,0.1082,0.3921,0.0694,0.0551,-0.0,0.2199,0.3087,0.0,0.202,0.0,0.8379,0.0,1.9348626730266847e-05,118.8,0.44
2150,1790895140.0206566,-0.2347,0.0405,-0.5158,-0.0336,0.1087,0.1027,0.1645,0.1341,0.5031,0.0618,0.0667,-0.0,0.2757,0.3714,0.0,0.239,0.0,0.8752,0.0,1.9348626730266847e-05,204.5,0.42
2151,1790895142.4730642,-0.1641,0.0388,-0.3838,-0.0265,0.066,0.0631,0.1206,0.0903,0.369,0.0575,0.0436,-0.0,0.3256,0.2035,0.0,0.195,0.0,0.8752,0.0,1.9348626730266847e-05,137.6,0.68
2152,1790895143.0512261,-0.2575,0.0292,-0.4776,-0.0508,0.1305,0.1264,0.1718,0.1469,0.5529,0.0454,0.0846,0.0,0.3016,0.4836,0.0,0.241,-0.0,0.8752,0.201,1.9345293379930838e-05,205.6,0.58
2153,1790895143.4879768,-0.1889,0.0528,-0.6082,-0.0,0.0968,0.0786,0.1575,0.1127,0.3812,0.0789,0.0714,-0.0,0.2548,0.4078,0.0,0.208,0.0,0.8752,0.0,1.9345293379930838e-05,113.1,0.43
2154,1790895143.941247,-0.1835,0.0353,-0.4578,-0.0323,0.0863,0.0852,0.1374,0.1097,0.3688,0.0522,0.0532,0.0,0.2635,0.2844,0.0,0.225,-0.0,0.8752,0.0,1.9345293379930838e-05,176.2,0.45
2155,1790895144.3602595,-0.1728,0.039,-0.3924,-0.0,0.0666,0.0666,0.1243,0.0934,0.3969,0.0578,0.0474,0.0,0.3556,0.2212,0.0,0.218,-0.0,0.8752,0.0,1.9345293379930838e-05,234.3,0.42
2156,1790895144.87664,-0.2575,0.0269,-0.4486,-0.0924,0.1234,0.1226,0.164,0.1439,0.5684,0.0414,0.0675,0.0,0.2362,0.3868,0.0,0.238,-0.0,0.8752,0.216,1.9341951810896507e-05,235.6,0.51
2157,1790895145.294157,-0.2178,0.0449,-0.4595,-0.0,0.1135,0.0957,0.1582,0.1311,0.4334,0.0626,0.0828,0.0,0.2804,0.4769,0.0,0.211,-0.0,0.8752,0.0,1.9341951810896507e-05,118.8,0.41
2158,1790895145.6856034,-0.1768,0.0328,-0.4625,-0.0429,0.0799,0.073,0.1162,0.095,0.4092,0.0433,0.0481,0.0,0.2862,0.2446,0.0,0.209,-0.0,0.8752,0.0,1.9341951810896507e-05,189.9,0.39
2159,1790895146.1443765,-0.1894,0.0294,-0.4052,-0.0366,0.0932,0.0906,0.134,0.1123,0.3856,0.0434,0.0687,0.0,0.3471,0.3654,0.0,0.241,-0.0,0.8752,0.0,1.9341951810896507e-05,205.7,0.46
2160,1790895146.716755,-0.2204,0.0251,-0.5015,-0.0246,0.1091,0.1068,0.1412,0.1242,0.4807,0.0345,0.0662,0.0,0.2404,0.377,0.0,0.234,-0.0,0.8752,0.311,1.9338602026102594e-05,234.0,0.57
2161,1790895147.1252363,-0.252,0.0505,-0.5758,-0.0,0.1182,0.1108,0.1842,0.1494,0.5134,0.0734,0.0814,-0.0,0.2267,0.4821,0.0,0.198,0.0,0.8752,0.0,1.9338602026102594e-05,109.6,0.41
2162,1790895147.5668182,-0.2011,0.0359,-0.41,-0.0557,0.0939,0.0919,0.1406,0.1141,0.4349,0.0487,0.0536,0.0,0.207,0.302,0.0,0.212,-0.0,0.8752,0.0,1.9338602026102594e-05,150.1,0.44
2163,1790895148.0380917,-0.177,0.0337,-0.3603,-0.0,0.079,0.077,0.1299,0.1025,0.3724,0.053,0.0586,-0.0,0.309,0.308,0.0,0.215,0.0,0.8752,0.0,1.9338602026102594e-05,189.9,0.47
2164,1790895148.567181,-0.2481,0.0283,-0.3877,-0.1103,0.1139,0.1078,0.1577,0.1347,0.5671,0.0499,0.0745,0.0,0.3364,0.4072,0.0,0.25,-0.0,0.8752,0.215,1.9335244028495054e-05,212.8,0.53
2165,1790895149.0397034,-0.1189,0.0407,-0.3405,-0.0,0.0482,0.0384,0.1006,0.0666,0.2614,0.0622,0.0407,-0.0,0.289,0.1943,0.0,0.173,0.0,0.8379,0.0,1.9335244028495054e-05,89.1,0.47
2166,1790895149.5343132,-0.2354,0.0522,-0.5571,-0.0,0.1141,0.1069,0.1832,0.1442,0.4562,0.0763,0.0784,-0.0,0.2608,0.4533,0.0,0.274,0.0,0.8752,0.0,1.9335244028495054e-05,141.0,0.49
2167,1790895149.9990792,-0.2207,0.0381,-0.461,-0.0,0.1036,0.0972,0.1584,0.1257,0.4751,0.0612,0.0712,-0.0,0.3518,0.3805,0.0,0.258,0.0,0.8752,0.0,1.9335244028495054e-05,191.9,0.46
2168,1790895150.5345914,-0.2066,0.0296,-0.5018,-0.0342,0.0947,0.0896,0.1338,0.1144,0.461,0.0442,0.0583,0.0,0.2657,0.3175,0.0,0.229,-0.0,0.8752,0.182,1.9331877821027075e-05,202.0,0.53
2169,1790895151.01115,-0.16,0.0433,-0.3374,-0.0,0.0634,0.0597,0.1244,0.0884,0.3581,0.0647,0.0435,-0.0,0.2687,0.2181,0.0,0.183,0.0,0.8752,0.0,1.9331877821027075e-05,110.2,0.47
2170,1790895151.4512796,-0.2441,0.0402,-0.5079,-0.0,0.1186,0.1085,0.1808,0.1479,0.4811,0.0723,0.0714,-0.0,0.3376,0.386,0.0,0.266,0.0,0.8752,0.0,1.9331877821027075e-05,170.8,0.44
2171,1790895151.9257972,-0.1849,0.0275,-0.3209,-0.0491,0.0874,0.0853,0.1258,0.1043,0.4031,0.0405,0.0543,-0.0,0.3717,0.2628,0.0,0.227,0.0,0.8752,0.0,1.9331877821027075e-05,203.0,0.47
2172,1790895152.4800913,-0.1808,0.0295,-0.3124,-0.0557,0.0785,0.0738,0.1171,0.0978,0.4151,0.0432,0.0535,0.0,0.2345,0.294,0.0,0.21,-0.0,0.8752,0.163,1.932850340665906e-05,210.0,0.55
2173,1790895152.9508626,-0.1701,0.0476,-0.4417,-0.0,0.0782,0.0663,0.1344,0.0976,0.3623,0.068,0.0426,-0.0,0.2353,0.2211,0.0,0.181,0.0,0.8752,0.0,1.932850340665906e-05,123.2,0.47
2174,1790895153.4213974,-0.216,0.0458,-0.5051,-0.0267,0.0981,0.0901,0.1573,0.1226,0.4671,0.0673,0.0669,0.0,0.26,0.3767,0.0,0.218,-0.0,0.8752,0.0,1.932850340665906e-05,168.8,0.47
2175,1790895153.9215162,-0.1749,0.0428,-0.3718,-0.0265,0.0678,0.0645,0.1245,0.0956,0.3966,0.06,0.0557,-0.0,0.447,0.2523,0.0,0.233,0.0,0.8752,0.0,1.932850340665906e-05,178.6,0.5
2176,1790895156.577603,-0.2109,0.0268,-0.4518,-0.0,0.1077,0.0986,0.144,0.1231,0.4388,0.0454,0.066,0.0,0.3111,0.3573,0.0,0.226,-0.0,0.8752,0.193,1.9325120788358623e-05,127.8,0.83
2177,1790895157.0257728,-0.1571,0.0355,-0.3306,-0.0,0.08,0.068,0.1182,0.0954,0.3088,0.0502,0.058,-0.0,0.2461,0.321,0.0,0.174,0.0,0.7989,0.0,1.9325120788358623e-05,119.6,0.45
2178,1790895157.4377089,-0.2256,0.0365,-0.4895,-0.0441,0.1084,0.0989,0.159,0.1298,0.4786,0.06,0.0636,-0.0,0.2644,0.3532,0.0,0.221,0.0,0.8752,0.0,1.9325120788358623e-05,189.9,0.41
2179,1790895157.8770735,-0.1507,0.0292,-0.3588,-0.0,0.069,0.0644,0.105,0.0847,0.3299,0.0406,0.046,-0.0,0.2868,0.2304,0.0,0.207,0.0,0.8752,0.0,1.9325120788358623e-05,211.5,0.44
2180,1790895158.374136,-0.2332,0.0368,-0.4747,-0.0589,0.1098,0.1045,0.156,0.128,0.526,0.0514,0.0808,0.0,0.2361,0.4759,0.0,0.231,-0.0,0.8752,0.213,1.9321729969100615e-05,233.7,0.49
2181,1790895158.8165896,-0.1207,0.0441,-0.4015,-0.0,0.0462,0.0431,0.1,0.0685,0.2614,0.0569,0.0463,-0.0,0.2735,0.2354,0.0,0.156,0.0,0.8752,0.0,1.9321729969100615e-05,111.5,0.44
2182,1790895159.2920241,-0.2062,0.0281,-0.5,-0.0374,0.1066,0.1003,0.1454,0.1234,0.414,0.0451,0.0644,0.0,0.2583,0.3606,0.0,0.231,-0.0,0.8752,0.0,1.9321729969100615e-05,162.4,0.47
2183,1790895159.7575233,-0.2183,0.0293,-0.4217,-0.0,0.1034,0.1024,0.1523,0.1258,0.4628,0.0499,0.0651,-0.0,0.3328,0.3454,0.0,0.245,0.0,0.8379,0.0,1.9321729969100615e-05,199.1,0.46
2184,1790895160.283764,-0.1837,0.0261,-0.3607,-0.0469,0.0852,0.0821,0.1216,0.1018,0.4099,0.0395,0.0589,0.0,0.2994,0.3128,0.0,0.221,-0.0,0.8752,0.194,1.9318330951867074e-05,219.9,0.52
2185,1790895160.7675982,-0.1751,0.0416,-0.4591,-0.0,0.0845,0.0795,0.1498,0.1076,0.3375,0.0703,0.0531,0.0,0.233,0.2917,0.0,0.166,-0.0,0.8379,0.0,1.9318330951867074e-05,102.9,0.48
2186,1790895161.204011,-0.2234,0.0369,-0.416,-0.0,0.1154,0.1084,0.1627,0.1334,0.45,0.0543,0.0593,-0.0,0.221,0.3362,0.0,0.237,0.0,0.8752,0.0,1.9318330951867074e-05,165.6,0.43
2187,1790895161.6611438,-0.2306,0.0324,-0.4353,-0.0,0.1138,0.1106,0.1621,0.1372,0.4674,0.0515,0.0824,0.0,0.3131,0.4659,0.0,0.245,-0.0,0.8752,0.0,1.9318330951867074e-05,202.5,0.45
2188,1790895162.1930866,-0.2106,0.0344,-0.3899,-0.0966,0.0945,0.0924,0.1436,0.118,0.4633,0.0512,0.0582,0.0,0.2787,0.3136,0.0,0.229,-0.0,0.8752,0.184,1.931492373964726e-05,234.9,0.53
2189,1790895162.659241,-0.1834,0.0417,-0.4857,-0.0,0.0925,0.0779,0.14,0.1061,0.3865,0.0621,0.0623,-0.0,0.305,0.334,0.0,0.204,0.0,0.8752,0.0,1.931492373964726e-05,110.8,0.46
2190,1790895163.1238122,-0.245,0.0338,-0.4791,-0.0457,0.1267,0.1185,0.1736,0.1446,0.5016,0.0551,0.0742,-0.0,0.3435,0.4031,0.0,0.25,0.0,0.8752,0.0,1.931492373964726e-05,174.1,0.46
2191,1790895163.5803604,-0.1807,0.0303,-0.4318,-0.0,0.0829,0.0781,0.1226,0.1005,0.4008,0.0445,0.0509,-0.0,0.249,0.2728,0.0,0.207,0.0,0.8752,0.0,1.931492373964726e-05,229.0,0.45
2192,1790895164.0730581,-0.2662,0.0299,-0.4848,-0.1157,0.1318,0.1284,0.1774,0.1534,0.5642,0.049,0.0814,0.0,0.2317,0.4808,0.0,0.247,-0.0,0.8752,0.24,1.9311508335437642e-05,258.2,0.49
2193,1790895164.4974613,-0.1809,0.0387,-0.4214,-0.0,0.0964,0.0836,0.1388,0.1112,0.3487,0.0552,0.0633,0.0,0.2808,0.3469,0.0,0.188,-0.0,0.8379,0.0,1.9311508335437642e-05,113.7,0.42
2194,1790895164.922401,-0.2302,0.0332,-0.4926,-0.0439,0.109,0.109,0.1603,0.1351,0.4757,0.0513,0.0692,-0.0,0.2752,0.3878,0.0,0.25,0.0,0.8752,0.0,1.9311508335437642e-05,189.7,0.42
2195,1790895165.3733122,-0.1503,0.0413,-0.3241,-0.0262,0.0584,0.0538,0.11,0.081,0.3465,0.0562,0.0488,-0.0,0.3155,0.241,0.0,0.196,0.0,0.8752,0.0,1.9311508335437642e-05,211.8,0.45
2196,1790895165.8287697,-0.185,0.0273,-0.4339,-0.0482,0.0875,0.0843,0.1308,0.1067,0.3914,0.0465,0.0501,-0.0,0.2325,0.272,0.0,0.225,0.0,0.8752,0.207,1.930808474224189e-05,246.9,0.45
2197,1790895166.2718267,-0.2022,0.042,-0.6815,-0.0,0.1053,0.0943,0.1593,0.1251,0.3859,0.065,0.0611,-0.0,0.2222,0.348,0.0,0.223,0.0,0.8752,0.0,1.930808474224189e-05,117.6,0.44
2198,1790895166.71298,-0.1445,0.0239,-0.3448,-0.0,0.0677,0.0665,0.1001,0.0806,0.3196,0.0336,0.045,0.0,0.1879,0.2497,0.0,0.178,-0.0,0.8379,0.0,1.930808474224189e-05,168.7,0.44
2199,1790895167.1813662,-0.2097,0.0274,-0.4574,-0.047,0.1036,0.1006,0.1444,0.121,0.4439,0.0439,0.0639,0.0,0.2188,0.3677,0.0,0.24,-0.0,0.8752,0.0,1.930808474224189e-05,205.0,0.47
2200,1790895167.7283916,-0.2068,0.0341,-0.3874,-0.0527,0.0901,0.0857,0.1352,0.1144,0.4622,0.0496,0.0649,0.0,0.1967,0.3802,0.0,0.217,-0.0,0.8752,0.208,1.9304652963070868e-05,233.3,0.54
2201,1790895170.1227624,-0.2126,0.0505,-0.4903,-0.0,0.1086,0.0873,0.1638,0.1257,0.4346,0.0765,0.0618,-0.0,0.2591,0.3428,0.0,0.2,0.0,0.8752,0.0,1.9304652963070868e-05,79.0,0.59
2202,1790895170.5814219,-0.1988,0.0299,-0.4407,-0.0517,0.0987,0.0925,0.1385,0.1179,0.4049,0.046,0.0626,0.0,0.2556,0.3491,0.0,0.212,-0.0,0.8752,0.0,1.9304652963070868e-05,170.8,0.45
2203,1790895171.045084,-0.2024,0.0323,-0.3792,-0.0243,0.0968,0.0948,0.1401,0.1142,0.4409,0.0453,0.0586,-0.0,0.317,0.3063,0.0,0.227,0.0,0.8752,0.0,1.9304652963070868e-05,205.8,0.46
2204,1790895171.4911413,-0.207,0.0303,-0.3482,-0.0452,0.0885,0.0877,0.1332,0.1099,0.4856,0.0455,0.0668,0.0,0.276,0.3714,0.0,0.237,-0.0,0.8752,0.208,1.9301213000942652e-05,284.0,0.44
2205,1790895171.9401393,-0.1997,0.0459,-0.4381,-0.0,0.0898,0.0864,0.1616,0.1213,0.3923,0.0752,0.0928,0.0,0.2436,0.554,0.0,0.192,-0.0,0.8379,0.0,1.9301213000942652e-05,105.3,0.45
2206,1790895172.339122,-0.1822,0.0349,-0.5123,-0.0,0.0862,0.0786,0.1274,0.1037,0.3925,0.0488,0.0475,0.0,0.2282,0.2555,0.0,0.214,-0.0,0.8752,0.0,1.9301213000942652e-05,164.6,0.4
2207,1790895172.7970386,-0.2142,0.0422,-0.4857,-0.0,0.0938,0.0881,0.158,0.1216,0.4626,0.0698,0.0662,0.0,0.2842,0.3659,0.0,0.259,-0.0,0.8752,0.0,1.9301213000942652e-05,171.7,0.46
2208,1790895173.3002183,-0.1849,0.0366,-0.3982,-0.0,0.0878,0.0802,0.1359,0.1079,0.3845,0.0557,0.0579,-0.0,0.2768,0.3125,0.0,0.227,0.0,0.8752,0.218,1.9297764858882516e-05,208.2,0.5
2209,1790895173.761124,-0.1498,0.0494,-0.3667,-0.0,0.0573,0.0548,0.1194,0.0819,0.3394,0.0646,0.0443,0.0,0.2783,0.2213,0.0,0.175,-0.0,0.8379,0.0,1.9297764858882516e-05,114.0,0.46
2210,1790895174.1840217,-0.1845,0.0377,-0.5464,-0.0,0.0762,0.0714,0.1266,0.0985,0.4303,0.0552,0.0551,0.0,0.3109,0.2843,0.0,0.236,-0.0,0.8752,0.0,1.9297764858882516e-05,171.7,0.42
2211,1790895174.6390648,-0.1435,0.0346,-0.4145,-0.0,0.0628,0.0571,0.1091,0.0817,0.3089,0.052,0.0448,0.0,0.3103,0.2158,0.0,0.192,-0.0,0.8752,0.0,1.9297764858882516e-05,192.8,0.45
2212,1790895175.1884701,-0.2368,0.0354,-0.4411,-0.0306,0.1106,0.1087,0.1651,0.1345,0.5112,0.0564,0.0632,-0.0,0.2756,0.3479,0.0,0.24,0.0,0.8752,0.195,1.929430853992291e-05,195.1,0.55
2213,1790895175.6299918,-0.1575,0.0462,-0.3818,-0.0,0.0651,0.0578,0.1269,0.0882,0.3466,0.069,0.0521,0.0,0.2824,0.2719,0.0,0.183,-0.0,0.8752,0.0,1.929430853992291e-05,132.7,0.44
2214,1790895176.0465677,-0.2451,0.043,-0.4664,-0.0305,0.1139,0.1045,0.1745,0.1379,0.5362,0.07,0.061,0.0,0.2887,0.3296,0.0,0.246,0.0,0.8752,0.0,1.929430853992291e-05,193.8,0.41
2215,1790895176.5221136,-0.2478,0.0427,-0.6,-0.0396,0.1122,0.1109,0.1801,0.145,0.514,0.0692,0.0752,-0.0,0.2811,0.4265,0.0,0.256,0.0,0.8752,0.0,1.929430853992291e-05,193.3,0.47
2216,1790895177.078157,-0.1938,0.0359,-0.3541,-0.0,0.0799,0.0789,0.1366,0.1096,0.4213,0.0577,0.0563,0.0,0.3396,0.2851,0.0,0.237,-0.0,0.8752,0.179,1.9290844047103494e-05,206.8,0.55
2217,1790895177.4807198,-0.1506,0.0534,-0.4857,-0.0,0.0648,0.0559,0.1363,0.0888,0.3092,0.0804,0.0508,0.0,0.3443,0.2468,0.0,0.187,-0.0,0.8379,0.0,1.9290844047103494e-05,122.0,0.4
2218,1790895177.9470062,-0.219,0.0464,-0.4056,-0.0348,0.0973,0.0902,0.1713,0.1256,0.467,0.0811,0.0615,-0.0,0.222,0.3508,0.0,0.219,-0.0,0.8752,0.0,1.9290844047103494e-05,162.1,0.46
2219,1790895178.4152274,-0.203,0.0433,-0.3732,-0.0543,0.0834,0.0822,0.1474,0.1129,0.4506,0.0652,0.0593,-0.0,0.2725,0.3226,0.0,0.226,0.0,0.8752,0.0,1.9290844047103494e-05,190.6,0.47
2220,1790895178.9407756,-0.2773,0.0352,-0.537,-0.0701,0.1324,0.1268,0.1865,0.1582,0.5956,0.0597,0.0828,-0.0,0.2606,0.4824,0.0,0.252,0.0,0.8752,0.224,1.928737138347111e-05,213.0,0.52
2221,1790895179.3702917,-0.1827,0.0451,-0.3739,-0.0,0.0815,0.0741,0.1367,0.1043,0.3919,0.0627,0.0459,0.0,0.2488,0.2397,0.0,0.193,-0.0,0.8379,0.0,1.928737138347111e-05,120.5,0.43
2222,1790895179.8564467,-0.1676,0.03,-0.4857,-0.0,0.093,0.0803,0.1182,0.1007,0.3345,0.038,0.0558,0.0,0.2472,0.3061,0.0,0.215,-0.0,0.8752,0.0,1.928737138347111e-05,146.2,0.48
2223,1790895180.3168156,-0.2379,0.0334,-0.4273,-0.0873,0.1156,0.1136,0.1644,0.1382,0.4985,0.0507,0.0766,-0.0,0.3922,0.4058,0.0,0.248,0.0,0.8752,0.0,1.928737138347111e-05,194.0,0.46
2224,1790895180.84536,-0.2001,0.0302,-0.4677,-0.0,0.0979,0.0901,0.1415,0.1145,0.4277,0.0514,0.0663,-0.0,0.3062,0.3605,0.0,0.225,0.0,0.8752,0.185,1.928389055207977e-05,226.1,0.53
2225,1790895181.2937644,-0.1529,0.0391,-0.4905,-0.0,0.0739,0.0625,0.125,0.0901,0.3142,0.0625,0.0406,0.0,0.2908,0.1931,0.0,0.189,0.0,0.8752,0.0,1.928389055207977e-05,116.6,0.45
2226,1790895183.8539195,-0.1934,0.0423,-0.4571,-0.0,0.0822,0.0788,0.1451,0.1113,0.4106,0.0663,0.0642,0.0,0.324,0.3415,0.0,0.204,-0.0,0.8752,0.0,1.928389055207977e-05,120.6,0.71
2227,1790895184.3626142,-0.174,0.0339,-0.3554,-0.0782,0.0765,0.0753,0.1249,0.0984,0.3779,0.0496,0.0484,-0.0,0.3704,0.2236,0.0,0.205,0.0,0.8783,0.0,1.928389055207977e-05,158.8,0.51
2228,1790895184.798129,-0.1446,0.0508,-0.3917,-0.0,0.0597,0.0482,0.1195,0.0839,0.3033,0.0713,0.0478,-0.0,0.3222,0.2326,0.0,0.207,0.0,0.8752,0.251,1.92804015559907e-05,112.8,0.43
2229,1790895185.2451916,-0.2307,0.0346,-0.4608,-0.0,0.1239,0.1092,0.17,0.1415,0.4464,0.0608,0.0989,-0.0,0.2547,0.5914,0.0,0.237,0.0,0.8752,0.0,1.92804015559907e-05,185.4,0.44
2230,1790895185.6941717,-0.1763,0.0371,-0.3512,-0.0,0.0783,0.0783,0.1314,0.1042,0.3604,0.0532,0.066,0.0,0.3809,0.3382,0.0,0.229,-0.0,0.8752,0.0,1.92804015559907e-05,203.3,0.45
2231,1790895186.178018,-0.2046,0.0367,-0.3726,-0.0589,0.0929,0.0885,0.1418,0.116,0.4427,0.0533,0.0715,0.0,0.2732,0.4041,0.0,0.212,-0.0,0.8752,0.0,1.92804015559907e-05,251.3,0.48
2232,1790895186.641818,-0.2329,0.0543,-0.9333,-0.0,0.1278,0.1018,0.1905,0.1512,0.4083,0.0887,0.0836,0.0,0.297,0.4784,0.0,0.205,0.0,0.8752,0.196,1.9276904398272286e-05,97.2,0.46
2233,1790895187.0958545,-0.1161,0.0334,-0.2918,-0.0,0.0404,0.0404,0.0886,0.0622,0.2697,0.0482,0.038,0.0,0.3106,0.1703,0.0,0.188,-0.0,0.8752,0.0,1.9276904398272286e-05,177.4,0.45
2234,1790895187.5233119,-0.1517,0.0361,-0.3206,-0.0,0.0621,0.0562,0.1126,0.0853,0.3319,0.0564,0.0499,-0.0,0.4248,0.2195,0.0,0.215,0.0,0.8752,0.0,1.9276904398272286e-05,226.4,0.43
2235,1790895188.0223348,-0.2391,0.0261,-0.4412,-0.0559,0.1174,0.1112,0.1578,0.134,0.5255,0.0467,0.0727,0.0,0.2402,0.4208,0.0,0.225,-0.0,0.8752,0.0,1.9276904398272286e-05,247.8,0.5
2236,1790895188.4924397,-0.1625,0.0417,-0.4143,-0.0528,0.0783,0.0667,0.1248,0.0927,0.3493,0.0581,0.0458,0.0,0.2477,0.239,0.0,0.158,-0.0,0.8379,0.206,1.9273399082000096e-05,117.5,0.47
2237,1790895188.9571462,-0.2011,0.039,-0.3889,-0.0354,0.0924,0.0871,0.1411,0.1128,0.4414,0.054,0.0605,-0.0,0.2221,0.3439,0.0,0.219,0.0,0.8752,0.0,1.9273399082000096e-05,153.9,0.46
2238,1790895189.4715636,-0.2434,0.0344,-0.5936,-0.0,0.1238,0.1202,0.1757,0.1463,0.4859,0.0555,0.0982,-0.0,0.3641,0.5572,0.0,0.255,0.0,0.8752,0.0,1.9273399082000096e-05,174.8,0.51
2239,1790895189.9195907,-0.2122,0.0383,-0.3736,-0.0397,0.0932,0.0888,0.1476,0.1173,0.4747,0.0587,0.0717,0.0,0.2583,0.4091,0.0,0.224,-0.0,0.8752,0.0,1.9273399082000096e-05,254.5,0.44
2240,1790895190.400889,-0.2018,0.0554,-0.5282,-0.0,0.0987,0.0794,0.1545,0.1182,0.4184,0.0751,0.0846,0.0,0.3026,0.4831,0.0,0.193,-0.0,0.7989,0.21,1.9269885610256866e-05,94.1,0.48
2241,1790895190.8601131,-0.1745,0.0374,-0.4929,-0.0,0.0807,0.0689,0.1217,0.094,0.4025,0.0528,0.0524,-0.0,0.2499,0.2824,0.0,0.208,0.0,0.8752,0.0,1.9269885610256866e-05,145.0,0.46
2242,1790895191.366169,-0.2131,0.0448,-0.3961,-0.0479,0.0912,0.0883,0.1573,0.122,0.4556,0.069,0.0652,0.0,0.3667,0.3369,0.0,0.245,-0.0,0.8752,0.0,1.9269885610256866e-05,174.2,0.5
2243,1790895191.891157,-0.2728,0.0369,-0.5774,-0.0711,0.1248,0.1229,0.1797,0.1525,0.6019,0.0568,0.0764,-0.0,0.2389,0.4454,0.0,0.254,0.0,0.8752,0.0,1.9269885610256866e-05,231.4,0.52
2244,1790895192.403786,-0.2174,0.0393,-0.5206,-0.0,0.1223,0.1027,0.1642,0.1304,0.4348,0.0615,0.0839,-0.0,0.2556,0.4914,0.0,0.221,0.0,0.8752,0.194,1.9266363986132523e-05,111.9,0.51
2245,1790895192.844842,-0.2464,0.0327,-0.4241,-0.1,0.1183,0.1169,0.168,0.1382,0.541,0.0511,0.0625,0.0,0.2423,0.3523,0.0,0.231,-0.0,0.8752,0.0,1.9266363986132523e-05,168.7,0.44
2246,1790895193.2806323,-0.1869,0.0294,-0.4389,-0.0308,0.0866,0.0829,0.1323,0.1055,0.4067,0.0494,0.0568,0.0,0.3018,0.2982,0.0,0.229,-0.0,0.8752,0.0,1.9266363986132523e-05,215.2,0.43
2247,1790895193.790264,-0.227,0.0348,-0.4057,-0.0911,0.1048,0.1029,0.1501,0.1262,0.5039,0.0472,0.0675,0.0,0.3052,0.3683,0.0,0.236,-0.0,0.8752,0.0,1.9266363986132523e-05,218.5,0.51
2248,1790895194.2379434,-0.1266,0.0414,-0.3075,-0.0,0.057,0.0496,0.1053,0.0718,0.2739,0.0557,0.0365,-0.0,0.2511,0.1763,0.0,0.167,0.0,0.8752,0.22,1.9262834212724143e-05,110.0,0.44
2249,1790895194.66676,-0.1521,0.0353,-0.3823,-0.06,0.0665,0.0607,0.1103,0.0795,0.3628,0.0496,0.0407,0.0,0.2808,0.1962,0.0,0.206,-0.0,0.8752,0.0,1.9262834212724143e-05,158.4,0.42
2250,1790895195.13918,-0.2251,0.0378,-0.4901,-0.0624,0.1074,0.1027,0.1586,0.1309,0.4712,0.0559,0.0749,0.0,0.3515,0.4053,0.0,0.24,-0.0,0.8752,0.0,1.9262834212724143e-05,193.0,0.47
2251,1790895197.83198,-0.2283,0.0356,-0.4251,-0.0,0.1032,0.1002,0.1595,0.1312,0.4856,0.0593,0.0677,0.0,0.2717,0.3786,0.0,0.227,-0.0,0.8752,0.0,1.9262834212724143e-05,172.0,0.69
2252,1790895198.292151,-0.1327,0.0449,-0.35,-0.0,0.0605,0.0473,0.1092,0.0725,0.3012,0.062,0.046,-0.0,0.2603,0.2371,0.0,0.176,0.0,0.8752,0.18,1.9259296293135978e-05,115.6,0.46
2253,1790895198.7016077,-0.2006,0.0325,-0.4571,-0.0323,0.0963,0.0901,0.1431,0.1142,0.432,0.053,0.0575,-0.0,0.2924,0.3056,0.0,0.211,0.0,0.8752,0.0,1.9259296293135978e-05,188.4,0.41
2254,1790895199.1539214,-0.1692,0.0326,-0.3468,-0.0,0.0787,0.07,0.1205,0.0959,0.3668,0.0505,0.0562,-0.0,0.3431,0.2832,0.0,0.21,0.0,0.8752,0.0,1.9259296293135978e-05,192.3,0.45
2255,1790895199.6781492,-0.1906,0.0325,-0.402,-0.0225,0.0873,0.0844,0.1347,0.1102,0.4019,0.0503,0.0641,-0.0,0.3032,0.3468,0.0,0.232,0.0,0.8752,0.0,1.9259296293135978e-05,227.9,0.52
2256,1790895200.1250944,-0.1162,0.041,-0.4069,-0.0,0.0414,0.0357,0.0957,0.0642,0.2601,0.06,0.035,0.0,0.2472,0.1675,0.0,0.186,-0.0,0.8379,0.169,1.925575023047945e-05,112.2,0.44
2257,1790895200.5708213,-0.2423,0.0341,-0.5083,-0.0,0.1288,0.1134,0.1743,0.1448,0.4875,0.0609,0.0744,-0.0,0.257,0.4276,0.0,0.223,0.0,0.8752,0.0,1.925575023047945e-05,156.5,0.44
2258,1790895201.053664,-0.173,0.0329,-0.3805,-0.0533,0.0828,0.0723,0.1232,0.097,0.3802,0.051,0.0476,-0.0,0.2907,0.2395,0.0,0.229,0.0,0.8752,0.0,1.925575023047945e-05,183.6,0.48
2259,1790895201.570255,-0.205,0.0348,-0.3883,-0.0257,0.0882,0.0855,0.1423,0.1099,0.4757,0.0568,0.0554,0.0,0.2684,0.2975,0.0,0.206,-0.0,0.8752,0.0,1.925575023047945e-05,228.6,0.51
2260,1790895202.022789,-0.1863,0.0436,-0.5619,-0.044,0.0846,0.0779,0.143,0.1094,0.3849,0.0651,0.0479,-0.0,0.2555,0.2515,0.0,0.203,0.0,0.8752,0.231,1.9252196027873128e-05,108.3,0.45
2261,1790895202.467723,-0.2253,0.0326,-0.5077,-0.0711,0.1159,0.1089,0.1628,0.135,0.4514,0.0539,0.0787,-0.0,0.2935,0.4465,0.0,0.239,0.0,0.8752,0.0,1.9252196027873128e-05,159.6,0.44
2262,1790895202.945963,-0.2123,0.0415,-0.5803,-0.0304,0.0983,0.0925,0.1618,0.123,0.4463,0.0693,0.0696,-0.0,0.2984,0.3846,0.0,0.231,0.0,0.8752,0.0,1.9252196027873128e-05,181.1,0.48
2263,1790895203.421066,-0.2019,0.03,-0.4349,-0.0,0.0971,0.0928,0.1405,0.1173,0.4231,0.0477,0.0638,0.0,0.3225,0.3391,0.0,0.231,-0.0,0.8752,0.0,1.9252196027873128e-05,230.3,0.47
2264,1790895203.8627386,-0.222,0.0467,-0.4725,-0.0,0.1141,0.0987,0.1765,0.1328,0.4459,0.0778,0.0695,-0.0,0.2707,0.3913,0.0,0.219,0.0,0.8752,0.205,1.9248633688442753e-05,119.3,0.44
2265,1790895204.3352118,-0.1668,0.0307,-0.2912,-0.0265,0.0808,0.0748,0.1168,0.0949,0.3593,0.042,0.0548,-0.0,0.2946,0.2867,0.0,0.212,0.0,0.8752,0.0,1.9248633688442753e-05,161.9,0.47
2266,1790895204.826592,-0.1468,0.0385,-0.3418,-0.0,0.0582,0.0562,0.1003,0.0781,0.3433,0.0441,0.0476,-0.0,0.3432,0.226,0.0,0.208,0.0,0.8752,0.0,1.9248633688442753e-05,186.3,0.49
2267,1790895205.3611302,-0.1966,0.0352,-0.4013,-0.0,0.0907,0.0842,0.1379,0.1116,0.4248,0.0537,0.0582,-0.0,0.2734,0.3148,0.0,0.236,0.0,0.8752,0.0,1.9248633688442753e-05,222.3,0.53
2268,1790895205.8589654,-0.2062,0.0486,-0.5048,-0.0,0.0913,0.0835,0.1649,0.1212,0.4248,0.0813,0.0511,-0.0,0.2391,0.2772,0.0,0.2,0.0,0.8752,0.207,1.9245063215321215e-05,89.8,0.49
2269,1790895206.3090873,-0.1782,0.0388,-0.4769,-0.0431,0.0829,0.0753,0.1364,0.1036,0.3727,0.0611,0.0544,-0.0,0.2996,0.2826,0.0,0.222,0.0,0.8752,0.0,1.9245063215321215e-05,162.2,0.45
2270,1790895206.7933366,-0.2048,0.0375,-0.3956,-0.0,0.0896,0.0875,0.1457,0.116,0.4442,0.0581,0.0585,-0.0,0.3814,0.288,0.0,0.254,0.0,0.8752,0.0,1.9245063215321215e-05,189.4,0.48
2271,1790895207.3270802,-0.254,0.0289,-0.4508,-0.1146,0.1234,0.1205,0.1611,0.141,0.565,0.0406,0.0731,-0.0,0.2315,0.4253,0.0,0.253,0.0,0.8752,0.0,1.9245063215321215e-05,247.4,0.53
2272,1790895207.7487495,-0.1527,0.0386,-0.3308,-0.0,0.0677,0.0625,0.1208,0.0889,0.3194,0.0583,0.0409,-0.0,0.2286,0.2117,0.0,0.171,0.0,0.8752,0.184,1.9241484611648564e-05,114.9,0.42
2273,1790895208.2242935,-0.1958,0.043,-0.41,-0.04,0.0868,0.0819,0.1419,0.1105,0.4265,0.06,0.0505,0.0,0.2456,0.2715,0.0,0.219,-0.0,0.8752,0.0,1.9241484611648564e-05,146.3,0.47
2274,1790895208.7170126,-0.2036,0.0335,-0.4651,-0.0,0.0893,0.0874,0.1359,0.1095,0.4704,0.0485,0.0617,-0.0,0.3098,0.3286,0.0,0.217,0.0,0.8752,0.0,1.9241484611648564e-05,187.0,0.49
2275,1790895209.1973531,-0.1307,0.0362,-0.3146,-0.0243,0.0459,0.0459,0.0946,0.0684,0.3112,0.0487,0.0349,-0.0,0.2705,0.1602,0.0,0.197,0.0,0.8752,0.0,1.9241484611648564e-05,236.8,0.48
2276,1790895211.8265452,-0.1947,0.0246,-0.4965,-0.0,0.1031,0.0921,0.1358,0.1139,0.4039,0.0437,0.0523,0.0,0.2351,0.2861,0.0,0.207,-0.0,0.7989,0.203,1.923789788057199e-05,77.0,0.75
2277,1790895212.276402,-0.2384,0.0318,-0.5441,-0.0428,0.1077,0.1034,0.1575,0.1311,0.5366,0.0541,0.0641,-0.0,0.2436,0.3621,0.0,0.234,0.0,0.8752,0.0,1.923789788057199e-05,189.0,0.45
2278,1790895212.7418237,-0.1395,0.0316,-0.3079,-0.0265,0.057,0.0539,0.0981,0.0748,0.3231,0.0442,0.0441,-0.0,0.3319,0.2058,0.0,0.193,0.0,0.8752,0.0,1.923789788057199e-05,222.8,0.46
2279,1790895213.207791,-0.2033,0.0333,-0.4278,-0.0441,0.0954,0.0897,0.1377,0.1113,0.4598,0.0481,0.0579,-0.0,0.1894,0.3352,0.0,0.223,0.0,0.8752,0.0,1.923789788057199e-05,285.2,0.46
2280,1790895213.6327987,-0.1626,0.0501,-0.5125,-0.0,0.0793,0.0664,0.1398,0.0943,0.3413,0.0733,0.0588,0.0,0.272,0.3197,0.0,0.174,-0.0,0.8379,0.18,1.9234303025245835e-05,115.1,0.42
2281,1790895214.0993786,-0.2012,0.0411,-0.5923,-0.0,0.0956,0.09,0.1542,0.1191,0.4104,0.0642,0.0654,0.0,0.3032,0.3548,0.0,0.243,0.0,0.8752,0.0,1.9234303025245835e-05,178.0,0.46
2282,1790895214.5769796,-0.2048,0.0361,-0.4432,-0.0,0.1005,0.0964,0.1508,0.1237,0.4058,0.0544,0.0744,0.0,0.3935,0.3909,0.0,0.236,-0.0,0.8752,0.0,1.9234303025245835e-05,199.9,0.48
2283,1790895215.113166,-0.2337,0.0329,-0.3803,-0.09,0.108,0.1044,0.1585,0.131,0.5131,0.0541,0.0764,0.0,0.3499,0.4157,0.0,0.27,-0.0,0.8752,0.0,1.9234303025245835e-05,200.5,0.53
2284,1790895215.5613506,-0.1706,0.0495,-0.3294,-0.0,0.0787,0.064,0.1298,0.0948,0.3791,0.0658,0.047,-0.0,0.2438,0.2484,0.0,0.179,0.0,0.8379,0.205,1.923070004883159e-05,110.3,0.44
2285,1790895216.0348306,-0.1742,0.0281,-0.3347,-0.0379,0.0834,0.0746,0.1121,0.097,0.3856,0.0375,0.0517,-0.0,0.3193,0.2595,0.0,0.219,0.0,0.8752,0.0,1.923070004883159e-05,158.5,0.47
2286,1790895216.463232,-0.2118,0.038,-0.4349,-0.0304,0.0978,0.0892,0.1546,0.1213,0.4525,0.0654,0.0652,-0.0,0.2686,0.3627,0.0,0.231,0.0,0.8752,0.0,1.923070004883159e-05,204.4,0.43
2287,1790895217.0013404,-0.2213,0.0378,-0.3762,-0.0913,0.1036,0.099,0.1521,0.1237,0.488,0.0531,0.0633,-0.0,0.2993,0.3419,0.0,0.231,0.0,0.8752,0.0,1.923070004883159e-05,204.9,0.53
2288,1790895217.482435,-0.1594,0.0537,-0.3907,-0.0,0.0689,0.0488,0.1349,0.0918,0.3378,0.086,0.0376,0.0,0.2386,0.1868,0.0,0.196,-0.0,0.8752,0.204,1.9227088954497886e-05,105.5,0.48
2289,1790895217.9540699,-0.1841,0.0362,-0.465,-0.0,0.0887,0.0781,0.1344,0.1058,0.3918,0.0563,0.0512,0.0,0.3254,0.2546,0.0,0.226,-0.0,0.8752,0.0,1.9227088954497886e-05,159.4,0.47
2290,1790895218.408156,-0.2168,0.0311,-0.4283,-0.0,0.1113,0.1043,0.152,0.1274,0.447,0.0477,0.0652,-0.0,0.2846,0.3585,0.0,0.228,0.0,0.8752,0.0,1.9227088954497886e-05,195.4,0.45
2291,1790895218.8927596,-0.1935,0.0317,-0.3876,-0.0,0.0851,0.0843,0.13,0.1079,0.4283,0.0457,0.0557,0.0,0.2726,0.2984,0.0,0.225,-0.0,0.8752,0.0,1.9227088954497886e-05,253.6,0.48
2292,1790895219.3904886,-0.1665,0.0627,-0.4603,-0.0,0.0582,0.0504,0.1429,0.0963,0.3507,0.0925,0.0537,-0.0,0.26,0.2889,0.0,0.173,0.0,0.8752,0.236,1.9223469745420488e-05,99.4,0.49
2293,1790895219.8644173,-0.1486,0.0319,-0.4364,-0.0,0.064,0.0625,0.1039,0.0808,0.3387,0.0414,0.0382,-0.0,0.2191,0.1965,0.0,0.205,0.0,0.8379,0.0,1.9223469745420488e-05,155.5,0.47
2294,1790895220.3162928,-0.1972,0.0292,-0.3556,-0.0,0.0925,0.0888,0.1389,0.1113,0.4291,0.0501,0.0643,-0.0,0.3164,0.3443,0.0,0.238,0.0,0.8752,0.0,1.9223469745420488e-05,204.0,0.45
2295,1790895220.8374693,-0.1828,0.0355,-0.3201,-0.0,0.0761,0.0752,0.1308,0.1012,0.4079,0.0556,0.0509,0.0,0.242,0.2746,0.0,0.213,-0.0,0.8752,0.0,1.9223469745420488e-05,226.6,0.52
2296,1790895221.3264244,-0.1918,0.0333,-0.3904,-0.0,0.0999,0.086,0.1398,0.1102,0.4082,0.0538,0.0548,-0.0,0.2807,0.2902,0.0,0.21,0.0,0.8379,0.254,1.9219842424782307e-05,117.4,0.48
2297,1790895221.7823443,-0.1723,0.0376,-0.4751,-0.0,0.0688,0.0688,0.1297,0.0982,0.3703,0.061,0.0467,0.0,0.3024,0.2307,0.0,0.218,-0.0,0.8752,0.0,1.9219842424782307e-05,170.0,0.45
2298,1790895222.280364,-0.2242,0.0332,-0.4932,-0.0489,0.1084,0.1057,0.1528,0.1283,0.4796,0.0471,0.0706,-0.0,0.3527,0.3767,0.0,0.238,0.0,0.8752,0.0,1.9219842424782307e-05,199.2,0.49
2299,1790895222.7812896,-0.2273,0.0362,-0.4617,-0.0,0.107,0.1035,0.158,0.1298,0.4876,0.0546,0.067,0.0,0.2241,0.387,0.0,0.255,0.0,0.8752,0.0,1.9219842424782307e-05,255.9,0.5
2300,1790895223.2508063,-0.2046,0.0503,-0.5478,-0.0,0.093,0.0858,0.1588,0.1228,0.4093,0.073,0.0579,-0.0,0.2317,0.3239,0.0,0.195,0.0,0.8752,0.235,1.9216206995773373e-05,97.4,0.47
2301,1790895225.7303538,-0.1761,0.046,-0.4137,-0.0,0.0706,0.0645,0.1276,0.0942,0.4092,0.0631,0.0425,0.0,0.2535,0.2156,0.0,0.217,-0.0,0.8752,0.0,1.9216206995773373e-05,104.3,0.64
2302,1790895226.2952244,-0.1969,0.0225,-0.3821,-0.0393,0.1038,0.0996,0.1349,0.1186,0.3913,0.0353,0.0753,0.0,0.369,0.4038,0.0,0.247,-0.0,0.8752,0.0,1.9216206995773373e-05,156.4,0.56
2303,1790895226.7718155,-0.2108,0.034,-0.4273,-0.0222,0.0996,0.0959,0.1449,0.1224,0.4423,0.049,0.0636,0.0,0.2831,0.3484,0.0,0.217,-0.0,0.8752,0.0,1.9216206995773373e-05,244.1,0.47
2304,1790895227.224941,-0.1932,0.0427,-0.4956,-0.0,0.0942,0.0896,0.1494,0.1172,0.38,0.0598,0.0938,-0.0,0.2783,0.5512,0.0,0.223,0.0,0.8752,0.205,1.921256346159087e-05,119.3,0.45
2305,1790895227.670052,-0.2013,0.0306,-0.4338,-0.0285,0.0996,0.0948,0.142,0.1179,0.4171,0.0473,0.0653,0.0,0.2579,0.3667,0.0,0.229,-0.0,0.8752,0.0,1.921256346159087e-05,185.1,0.44
2306,1790895228.1181412,-0.197,0.0367,-0.4071,-0.0304,0.0927,0.0855,0.1406,0.1129,0.4207,0.0551,0.0608,-0.0,0.4261,0.2914,0.0,0.235,0.0,0.8752,0.0,1.921256346159087e-05,213.1,0.45
2307,1790895228.6008341,-0.2483,0.0308,-0.4776,-0.0262,0.1248,0.1191,0.1672,0.1436,0.5233,0.0481,0.0729,-0.0,0.2653,0.415,0.0,0.259,0.0,0.8752,0.0,1.921256346159087e-05,240.1,0.48
2308,1790895229.100114,-0.1834,0.0471,-0.4187,-0.0,0.0823,0.0747,0.1398,0.1083,0.3751,0.0651,0.0578,-0.0,0.2995,0.3056,0.0,0.211,0.0,0.8379,0.216,1.9208911825439088e-05,96.3,0.5
2309,1790895229.5545943,-0.1472,0.0358,-0.4263,-0.0,0.0719,0.0565,0.1093,0.0782,0.3454,0.0528,0.0392,0.0,0.2161,0.2036,0.0,0.18,-0.0,0.8752,0.0,1.9208911825439088e-05,136.6,0.45
2310,1790895230.0345833,-0.1658,0.0307,-0.3795,-0.0257,0.0712,0.0677,0.1108,0.0885,0.3868,0.0431,0.0557,0.0,0.3394,0.2808,0.0,0.222,-0.0,0.8752,0.0,1.9208911825439088e-05,182.0,0.48
2311,1790895230.5409029,-0.1716,0.0307,-0.3441,-0.0444,0.069,0.0665,0.1117,0.0898,0.409,0.0452,0.0461,0.0,0.2423,0.2428,0.0,0.204,-0.0,0.8752,0.0,1.9208911825439088e-05,210.8,0.5
2312,1790895231.0158465,-0.1868,0.0447,-0.4927,-0.0,0.0936,0.0838,0.1521,0.1128,0.3697,0.0683,0.0448,0.0,0.2549,0.2305,0.0,0.207,-0.0,0.8752,0.226,1.9205252090529447e-05,107.2,0.47
2313,1790895231.4350421,-0.1421,0.0312,-0.3625,-0.0,0.0542,0.0531,0.0947,0.0748,0.3368,0.0416,0.0379,-0.0,0.2427,0.1878,0.0,0.194,0.0,0.8752,0.0,1.9205252090529447e-05,172.5,0.42
2314,1790895231.8929462,-0.1922,0.034,-0.462,-0.039,0.0962,0.085,0.1432,0.1121,0.4003,0.0582,0.0556,0.0,0.2848,0.295,0.0,0.232,-0.0,0.8752,0.0,1.9205252090529447e-05,181.2,0.45
2315,1790895232.4007642,-0.2028,0.0346,-0.3935,-0.0,0.0883,0.0835,0.1339,0.1074,0.4769,0.0505,0.0555,0.0,0.2391,0.3065,0.0,0.216,-0.0,0.8752,0.0,1.9205252090529447e-05,224.3,0.5
2316,1790895232.896245,-0.1556,0.0387,-0.4307,-0.0,0.0739,0.0628,0.1204,0.091,0.3232,0.0576,0.0486,0.0,0.2176,0.2662,0.0,0.185,-0.0,0.8379,0.227,1.9201584260080503e-05,126.0,0.49
2317,1790895233.321541,-0.2065,0.0356,-0.3772,-0.039,0.0932,0.0918,0.1421,0.1169,0.4478,0.0504,0.0619,0.0,0.2896,0.3358,0.0,0.218,-0.0,0.8752,0.0,1.9201584260080503e-05,202.2,0.42
2318,1790895233.7970512,-0.1637,0.0344,-0.3291,-0.0241,0.0668,0.0645,0.1098,0.0877,0.38,0.0453,0.0498,-0.0,0.2614,0.2626,0.0,0.206,0.0,0.8752,0.0,1.9201584260080503e-05,203.4,0.47
2319,1790895234.2761407,-0.1857,0.0363,-0.3676,-0.0246,0.0765,0.0733,0.127,0.0993,0.4321,0.0537,0.0488,0.0,0.2154,0.2682,0.0,0.204,-0.0,0.8752,0.0,1.9201584260080503e-05,235.1,0.48
2320,1790895234.7081482,-0.16,0.0431,-0.4067,-0.0,0.0724,0.0658,0.1269,0.0921,0.3394,0.0611,0.043,0.0,0.2402,0.2228,0.0,0.192,-0.0,0.8752,0.182,1.919790833731791e-05,113.2,0.43
2321,1790895235.1641128,-0.223,0.0331,-0.6657,-0.0341,0.1126,0.1072,0.1634,0.1336,0.447,0.0562,0.0656,-0.0,0.2716,0.3651,0.0,0.227,0.0,0.8752,0.0,1.919790833731791e-05,168.1,0.45
2322,1790895235.6382384,-0.2294,0.0256,-0.3651,-0.1063,0.1192,0.1156,0.161,0.1368,0.463,0.0454,0.071,0.0,0.3459,0.381,0.0,0.245,-0.0,0.8752,0.0,1.919790833731791e-05,221.8,0.47
2323,1790895236.140991,-0.2553,0.0283,-0.4805,-0.0441,0.1272,0.1237,0.1663,0.1457,0.5482,0.0426,0.0827,-0.0,0.2023,0.4973,0.0,0.24,0.0,0.8752,0.0,1.919790833731791e-05,267.0,0.5
2324,1790895236.578178,-0.1429,0.0397,-0.3472,-0.0,0.0573,0.0499,0.1148,0.0801,0.314,0.0649,0.04,-0.0,0.2672,0.1957,0.0,0.177,0.0,0.7989,0.214,1.919422432547446e-05,110.0,0.43
2325,1790895237.0202591,-0.2061,0.0392,-0.4733,-0.0313,0.0986,0.0936,0.1471,0.1163,0.4486,0.0535,0.0584,-0.0,0.3065,0.3075,0.0,0.239,0.0,0.8752,0.0,1.919422432547446e-05,169.9,0.44
2326,1790895239.598357,-0.1915,0.0385,-0.3816,-0.0243,0.0777,0.0769,0.1391,0.1058,0.4287,0.0623,0.055,0.0,0.334,0.2773,0.0,0.225,-0.0,0.8752,0.0,1.919422432547446e-05,134.3,0.71
2327,1790895240.1768136,-0.1998,0.0354,-0.5043,-0.0504,0.0907,0.087,0.1464,0.117,0.4141,0.0594,0.0593,0.0,0.3317,0.3067,0.0,0.235,-0.0,0.8752,0.0,1.919422432547446e-05,197.4,0.58
2328,1790895240.6701162,-0.1401,0.0453,-0.3138,-0.0,0.0527,0.0454,0.1067,0.0733,0.3338,0.0612,0.044,-0.0,0.2746,0.2201,0.0,0.204,0.0,0.8752,0.205,1.9190532227790046e-05,107.8,0.49
2329,1790895241.0743332,-0.1915,0.0319,-0.442,-0.0681,0.0969,0.0878,0.1389,0.1121,0.397,0.0511,0.0639,0.0,0.2523,0.3586,0.0,0.222,-0.0,0.8752,0.0,1.9190532227790046e-05,186.6,0.4
2330,1790895241.5154197,-0.1639,0.0376,-0.3757,-0.0,0.0655,0.0644,0.1145,0.0908,0.3656,0.0502,0.0532,-0.0,0.3231,0.2683,0.0,0.224,0.0,0.8752,0.0,1.9190532227790046e-05,209.2,0.44
2331,1790895242.0357308,-0.1775,0.0311,-0.3926,-0.0573,0.0744,0.0744,0.1221,0.0986,0.3945,0.0477,0.0509,-0.0,0.2714,0.267,0.0,0.225,0.0,0.8752,0.0,1.9190532227790046e-05,250.9,0.52
2332,1790895242.5328941,-0.1813,0.0539,-0.4357,-0.0,0.0732,0.0656,0.1361,0.1,0.4066,0.0705,0.0478,-0.0,0.2648,0.2484,0.0,0.171,0.0,0.8379,0.203,1.918683204751168e-05,104.5,0.49
2333,1790895242.996901,-0.1957,0.0374,-0.3708,-0.0408,0.0965,0.0827,0.1419,0.1148,0.405,0.0592,0.0627,0.0,0.2551,0.3501,0.0,0.234,-0.0,0.8752,0.0,1.918683204751168e-05,161.5,0.46
2334,1790895243.4270985,-0.1892,0.0378,-0.2919,-0.039,0.0775,0.0764,0.1297,0.106,0.4158,0.0533,0.0662,-0.0,0.4561,0.3198,0.0,0.249,0.0,0.8752,0.0,1.918683204751168e-05,213.8,0.43
2335,1790895243.9572818,-0.2156,0.0341,-0.4406,-0.0262,0.1017,0.0969,0.148,0.126,0.448,0.0511,0.0647,0.0,0.2637,0.3609,0.0,0.222,-0.0,0.8752,0.0,1.918683204751168e-05,225.1,0.53
2336,1790895244.4520822,-0.2028,0.051,-0.4643,-0.0339,0.089,0.089,0.163,0.1202,0.4134,0.074,0.0589,0.0,0.2607,0.3231,0.0,0.176,-0.0,0.8379,0.191,1.918312378789347e-05,99.1,0.49
2337,1790895244.91976,-0.2283,0.0306,-0.4329,-0.0539,0.1128,0.1107,0.1606,0.1346,0.4685,0.0499,0.0655,0.0,0.2511,0.3698,0.0,0.225,-0.0,0.8379,0.0,1.918312378789347e-05,162.0,0.46
2338,1790895245.3795605,-0.2411,0.0301,-0.4922,-0.0646,0.1149,0.114,0.1639,0.1402,0.5047,0.0499,0.0693,0.0,0.3107,0.3794,0.0,0.232,0.0,0.8752,0.0,1.918312378789347e-05,214.7,0.46
2339,1790895245.880533,-0.2095,0.0222,-0.4393,-0.0604,0.0981,0.095,0.1321,0.1137,0.479,0.037,0.0684,-0.0,0.2424,0.3916,0.0,0.232,0.0,0.8752,0.0,1.918312378789347e-05,249.7,0.5
2340,1790895246.3160717,-0.1674,0.0409,-0.3179,-0.0,0.076,0.0722,0.1307,0.0971,0.3517,0.0585,0.0397,-0.0,0.2206,0.2057,0.0,0.211,0.0,0.8752,0.192,1.9179407452196637e-05,114.2,0.43
2341,1790895246.7266402,-0.1902,0.0293,-0.4242,-0.0359,0.0841,0.0815,0.1245,0.105,0.4261,0.043,0.0576,0.0,0.2224,0.3249,0.0,0.197,-0.0,0.8752,0.0,1.9179407452196637e-05,178.4,0.41
2342,1790895247.1974294,-0.1909,0.0359,-0.375,-0.0533,0.081,0.0747,0.1307,0.1037,0.4361,0.056,0.0596,0.0,0.3393,0.3066,0.0,0.229,-0.0,0.8752,0.0,1.9179407452196637e-05,187.9,0.47
2343,1790895247.713891,-0.1994,0.0363,-0.3756,-0.0,0.0841,0.0841,0.1294,0.1063,0.4654,0.0453,0.0564,-0.0,0.2211,0.317,0.0,0.216,0.0,0.8752,0.0,1.9179407452196637e-05,219.1,0.51
2344,1790895248.1786337,-0.1814,0.045,-0.4206,-0.0,0.0932,0.0798,0.1521,0.117,0.322,0.0723,0.0545,0.0,0.2443,0.2979,0.0,0.167,0.0,0.8752,0.231,1.917568304368951e-05,110.7,0.46
2345,1790895248.6104152,-0.2465,0.0339,-0.4406,-0.0,0.1192,0.1168,0.1765,0.1466,0.4996,0.0597,0.0698,-0.0,0.3025,0.385,0.0,0.259,0.0,0.8379,0.0,1.917568304368951e-05,186.3,0.43
2346,1790895249.0937362,-0.1306,0.0334,-0.3165,-0.0,0.0526,0.0516,0.0975,0.0762,0.2718,0.0459,0.0473,0.0,0.3316,0.2267,0.0,0.225,-0.0,0.8752,0.0,1.917568304368951e-05,192.2,0.48
2347,1790895249.5772479,-0.2355,0.0267,-0.4278,-0.0589,0.1166,0.1135,0.1623,0.1377,0.4891,0.0488,0.0837,0.0,0.2941,0.4794,0.0,0.238,-0.0,0.8752,0.0,1.917568304368951e-05,243.5,0.48
2348,1790895250.096018,-0.1471,0.0479,-0.2952,-0.0,0.0525,0.0452,0.1087,0.0759,0.3563,0.0635,0.0383,0.0,0.2615,0.1853,0.0,0.183,-0.0,0.8752,0.173,1.917195056564751e-05,109.5,0.52
2349,1790895250.5322342,-0.1967,0.0442,-0.4294,-0.0,0.0993,0.0898,0.155,0.1196,0.3854,0.0652,0.0651,-0.0,0.2481,0.3678,0.0,0.234,0.0,0.8752,0.0,1.917195056564751e-05,174.2,0.43
2350,1790895250.9959526,-0.1685,0.0371,-0.5059,-0.0333,0.0691,0.0639,0.1203,0.0941,0.372,0.0563,0.0525,-0.0,0.2835,0.2746,0.0,0.222,0.0,0.8752,0.0,1.917195056564751e-05,184.3,0.46
2351,1790895253.3970025,-0.2005,0.0424,-0.5453,-0.0,0.0852,0.0782,0.1421,0.1104,0.4507,0.0638,0.0585,0.0,0.283,0.3144,0.0,0.23,-0.0,0.8752,0.0,1.917195056564751e-05,174.3,0.63
2352,1790895253.8166826,-0.1539,0.0362,-0.6494,-0.0,0.0709,0.067,0.1242,0.0946,0.2964,0.0572,0.0547,0.0,0.2964,0.2854,0.0,0.186,-0.0,0.7989,0.224,1.9168210021353156e-05,120.5,0.42
2353,1790895254.2406733,-0.2105,0.0294,-0.4543,-0.0641,0.1026,0.0992,0.1442,0.1205,0.4501,0.045,0.0656,0.0,0.2584,0.3687,0.0,0.219,-0.0,0.8752,0.0,1.9168210021353156e-05,191.9,0.42
2354,1790895254.7027352,-0.2125,0.0311,-0.4038,-0.0802,0.0948,0.0919,0.1415,0.1163,0.4814,0.0495,0.0574,-0.0,0.2878,0.3059,0.0,0.22,0.0,0.8752,0.0,1.9168210021353156e-05,215.3,0.46
2355,1790895255.2116616,-0.1939,0.0387,-0.4333,-0.0243,0.0792,0.0775,0.1325,0.1052,0.4436,0.055,0.0672,-0.0,0.3004,0.3681,0.0,0.22,0.0,0.8752,0.0,1.9168210021353156e-05,231.1,0.51
2356,1790895255.6612928,-0.1411,0.0279,-0.2933,-0.0,0.0639,0.0639,0.1016,0.0799,0.3061,0.0377,0.0479,0.0,0.2709,0.2471,0.0,0.168,-0.0,0.7579,0.165,1.9164461414096064e-05,107.4,0.45
2357,1790895256.0782464,-0.1974,0.03,-0.429,-0.0,0.0942,0.0927,0.134,0.1128,0.423,0.0413,0.0663,-0.0,0.3105,0.359,0.0,0.24,0.0,0.8752,0.0,1.9164461414096064e-05,191.1,0.41
2358,1790895256.5883002,-0.2237,0.0422,-0.481,-0.0642,0.0974,0.0909,0.1569,0.1238,0.4992,0.0661,0.0688,-0.0,0.3593,0.3626,0.0,0.215,0.0,0.8783,0.0,1.9164461414096064e-05,158.5,0.51
2359,1790895257.0026958,-0.1412,0.0419,-0.3222,-0.0,0.0512,0.0485,0.114,0.0736,0.3375,0.0655,0.0359,-0.0,0.2299,0.1778,0.0,0.173,0.0,0.8752,0.0,1.9164461414096064e-05,119.0,0.41
2360,1790895257.426966,-0.1929,0.0391,-0.402,-0.0,0.0887,0.0823,0.1463,0.1106,0.4115,0.064,0.0545,0.0,0.2378,0.3002,0.0,0.222,-0.0,0.8752,0.184,1.9160704747172935e-05,162.8,0.42
2361,1790895257.8797402,-0.2306,0.0313,-0.4897,-0.031,0.1293,0.1157,0.1618,0.1392,0.4572,0.0461,0.0776,-0.0,0.2811,0.4425,0.0,0.231,0.0,0.8752,0.0,1.9160704747172935e-05,195.7,0.45
2362,1790895258.388263,-0.1781,0.0306,-0.4256,-0.0243,0.0746,0.0707,0.1205,0.0955,0.4129,0.0498,0.0508,-0.0,0.2473,0.273,0.0,0.222,0.0,0.8752,0.0,1.9160704747172935e-05,257.0,0.51
2363,1790895258.8645983,-0.1672,0.0362,-0.4848,-0.0,0.0763,0.0682,0.1211,0.0919,0.3766,0.0529,0.0537,0.0,0.2303,0.2965,0.0,0.156,-0.0,0.8379,0.0,1.9160704747172935e-05,103.2,0.47
2364,1790895259.3307514,-0.16,0.037,-0.36,-0.0,0.0732,0.0611,0.1257,0.0892,0.3537,0.0646,0.0518,-0.0,0.2805,0.2708,0.0,0.215,0.0,0.8752,0.206,1.9156940023887568e-05,153.4,0.46
2365,1790895259.7935808,-0.2358,0.0308,-0.4538,-0.0314,0.1115,0.1106,0.1592,0.1356,0.501,0.0486,0.0728,0.0,0.2914,0.4077,0.0,0.24,-0.0,0.8752,0.0,1.9156940023887568e-05,191.2,0.46
2366,1790895260.3033648,-0.1837,0.0256,-0.4667,-0.0199,0.0855,0.0839,0.1288,0.1044,0.3962,0.0449,0.0573,0.0,0.2806,0.3074,0.0,0.207,-0.0,0.8752,0.0,1.9156940023887568e-05,229.7,0.51
2367,1790895260.7408946,-0.1401,0.0489,-0.3061,-0.0,0.0523,0.0467,0.1151,0.0755,0.3228,0.0684,0.0375,0.0,0.252,0.1825,0.0,0.177,0.0,0.8752,0.0,1.9156940023887568e-05,119.3,0.44
2368,1790895261.1857915,-0.182,0.0265,-0.3792,-0.0,0.0879,0.0837,0.1242,0.1006,0.4067,0.0405,0.0555,0.0,0.2436,0.3053,0.0,0.201,-0.0,0.8379,0.222,1.915316724755083e-05,173.5,0.44
2369,1790895261.6318161,-0.1551,0.0349,-0.3135,-0.0,0.074,0.0632,0.1143,0.0894,0.3284,0.051,0.052,-0.0,0.3684,0.2485,0.0,0.224,0.0,0.8752,0.0,1.915316724755083e-05,216.4,0.44
2370,1790895262.1762874,-0.2699,0.0373,-0.4661,-0.0905,0.1237,0.1237,0.1857,0.1516,0.5915,0.062,0.072,0.0,0.2711,0.4077,0.0,0.259,-0.0,0.8752,0.0,1.915316724755083e-05,228.1,0.54
2371,1790895262.66207,-0.1539,0.0505,-0.3667,-0.0,0.081,0.0564,0.1312,0.0924,0.3074,0.0748,0.0414,-0.0,0.256,0.2075,0.0,0.17,0.0,0.7989,0.0,1.915316724755083e-05,99.1,0.48
2372,1790895263.134766,-0.1606,0.0378,-0.3805,-0.0,0.0687,0.0647,0.1207,0.0908,0.3494,0.056,0.0422,-0.0,0.2373,0.2181,0.0,0.199,0.0,0.8752,0.234,1.9149386421480693e-05,146.0,0.47
2373,1790895263.5594049,-0.2043,0.0373,-0.4389,-0.0409,0.0845,0.0845,0.1408,0.1123,0.4601,0.0563,0.0511,-0.0,0.3209,0.2549,0.0,0.236,0.0,0.8752,0.0,1.9149386421480693e-05,192.3,0.42
2374,1790895264.0896375,-0.2456,0.0363,-0.4221,-0.0477,0.1168,0.1168,0.1734,0.1423,0.5168,0.0566,0.0769,-0.0,0.319,0.4274,0.0,0.257,0.0,0.8752,0.0,1.9149386421480693e-05,203.4,0.53
2375,1790895264.5327923,-0.1899,0.0446,-0.4857,-0.0,0.0899,0.0863,0.1422,0.1092,0.4033,0.0558,0.0589,-0.0,0.2832,0.3173,0.0,0.154,0.0,0.8752,0.0,1.9149386421480693e-05,104.9,0.44
2376,1790895267.3913403,-0.1624,0.0408,-0.3481,-0.0,0.0768,0.0662,0.1284,0.0939,0.3425,0.0622,0.0477,0.0,0.2267,0.2573,0.0,0.184,-0.0,0.8752,0.196,1.914559754900219e-05,88.9,0.76
2377,1790895267.9237156,-0.1551,0.0327,-0.3258,-0.0,0.0645,0.0587,0.1103,0.084,0.3557,0.0516,0.043,0.0,0.3172,0.2024,0.0,0.233,-0.0,0.8752,0.0,1.914559754900219e-05,166.8,0.53
2378,1790895268.3946512,-0.1766,0.0284,-0.3225,-0.0258,0.08,0.0781,0.1207,0.0988,0.3891,0.0426,0.0669,0.0,0.3145,0.3621,0.0,0.211,-0.0,0.8752,0.0,1.914559754900219e-05,230.6,0.47
2379,1790895268.831726,-0.196,0.0282,-0.4425,-0.0,0.0976,0.0951,0.1426,0.1196,0.3819,0.0474,0.082,-0.0,0.2811,0.4719,0.0,0.208,-0.0,0.8379,0.0,1.914559754900219e-05,116.2,0.43
2380,1790895269.2471101,-0.1527,0.0337,-0.3818,-0.0,0.0699,0.0601,0.1061,0.0813,0.3571,0.046,0.0407,0.0,0.1934,0.2199,0.0,0.195,-0.0,0.8752,0.189,1.9141800633447437e-05,182.8,0.41
2381,1790895269.7124777,-0.1817,0.0274,-0.3692,-0.0262,0.083,0.0799,0.1249,0.1014,0.4017,0.045,0.0657,0.0,0.3763,0.3375,0.0,0.214,-0.0,0.8752,0.0,1.9141800633447437e-05,196.2,0.46
2382,1790895270.2506716,-0.2331,0.0228,-0.5115,-0.0342,0.1161,0.1153,0.1507,0.1347,0.4915,0.0353,0.0644,-0.0,0.1745,0.3826,0.0,0.235,0.0,0.8752,0.0,1.9141800633447437e-05,238.9,0.53
2383,1790895270.7199392,-0.1955,0.0303,-0.4532,-0.0454,0.1001,0.0916,0.1413,0.1169,0.393,0.0497,0.0611,0.0,0.2142,0.3501,0.0,0.194,-0.0,0.8379,0.0,1.9141800633447437e-05,119.4,0.47
2384,1790895271.1816487,-0.2123,0.0384,-0.4883,-0.0467,0.0986,0.0917,0.1441,0.119,0.4664,0.0524,0.0549,-0.0,0.2116,0.3099,0.0,0.237,0.0,0.8752,0.214,1.9137995678155623e-05,179.6,0.46
2385,1790895271.6610932,-0.2559,0.0436,-0.497,-0.0775,0.1222,0.1164,0.1803,0.1512,0.5236,0.0638,0.0853,0.0,0.3958,0.4632,0.0,0.251,-0.0,0.8752,0.0,1.9137995678155623e-05,198.4,0.48
2386,1790895272.262843,-0.2374,0.0256,-0.4475,-0.0489,0.1236,0.1205,0.1605,0.14,0.4872,0.04,0.0842,-0.0,0.2733,0.4881,0.0,0.248,0.0,0.8752,0.0,1.9137995678155623e-05,207.6,0.6
2387,1790895272.7270548,-0.1298,0.0233,-0.581,-0.0,0.0707,0.0598,0.0987,0.0824,0.2372,0.0388,0.0482,-0.0,0.2543,0.2537,0.0,0.167,0.0,0.7579,0.0,1.9137995678155623e-05,123.2,0.46
2388,1790895273.185647,-0.1525,0.0366,-0.2917,-0.052,0.0713,0.0611,0.1166,0.0853,0.3362,0.0555,0.0437,-0.0,0.2703,0.2191,0.0,0.188,0.0,0.8752,0.181,1.9134182686473012e-05,182.9,0.45
2389,1790895273.671919,-0.1936,0.0362,-0.4022,-0.0845,0.0838,0.0829,0.1346,0.108,0.4283,0.0517,0.0601,-0.0,0.409,0.2913,0.0,0.226,0.0,0.8752,0.0,1.9134182686473012e-05,191.9,0.48
2390,1790895274.2227702,-0.2257,0.035,-0.4561,-0.0,0.108,0.1016,0.1521,0.1268,0.4943,0.0505,0.0673,-0.0,0.2382,0.3853,0.0,0.218,0.0,0.8752,0.0,1.9134182686473012e-05,211.2,0.55
2391,1790895274.6780715,-0.1427,0.0455,-0.335,-0.0,0.0736,0.0541,0.1185,0.086,0.2832,0.0644,0.0439,0.0,0.2245,0.2327,0.0,0.176,-0.0,0.8752,0.0,1.9134182686473012e-05,107.4,0.45
2392,1790895275.1318662,-0.1433,0.0352,-0.4275,-0.0,0.0654,0.0559,0.1049,0.0784,0.3247,0.049,0.0443,0.0,0.2491,0.2287,0.0,0.211,-0.0,0.8379,0.237,1.913036166175293e-05,145.7,0.45
2393,1790895275.6251407,-0.179,0.0317,-0.3915,-0.0,0.0828,0.0808,0.1258,0.1054,0.3678,0.0449,0.0679,0.0,0.3714,0.3535,0.0,0.23,-0.0,0.8752,0.0,1.913036166175293e-05,192.5,0.49
2394,1790895276.1454494,-0.1638,0.0348,-0.345,-0.052,0.0753,0.0627,0.1173,0.0886,0.3761,0.0546,0.0433,0.0,0.2533,0.2213,0.0,0.202,-0.0,0.8752,0.0,1.913036166175293e-05,223.4,0.52
2395,1790895276.5350847,-0.1771,0.0414,-0.497,-0.0,0.0957,0.0886,0.1519,0.1144,0.3136,0.0633,0.0779,-0.0,0.2559,0.4508,0.0,0.174,-0.0,0.8379,0.0,1.913036166175293e-05,120.0,0.39
2396,1790895277.0279703,-0.1537,0.0286,-0.3606,-0.0,0.0714,0.0656,0.112,0.0878,0.3296,0.0463,0.0527,0.0,0.276,0.278,0.0,0.203,-0.0,0.8752,0.203,1.912653260735576e-05,147.2,0.49
2397,1790895277.4440064,-0.2281,0.0319,-0.3801,-0.0,0.1167,0.1142,0.1649,0.1358,0.4613,0.0507,0.0717,-0.0,0.377,0.3776,0.0,0.273,0.0,0.8752,0.0,1.912653260735576e-05,217.9,0.41
2398,1790895277.8938866,-0.2565,0.0355,-0.5247,-0.0457,0.113,0.113,0.1705,0.1442,0.5614,0.0575,0.0732,-0.0,0.2732,0.4152,0.0,0.249,0.0,0.8752,0.0,1.912653260735576e-05,252.0,0.45
2399,1790895278.362778,-0.1929,0.0403,-0.3969,-0.0,0.0844,0.0794,0.1351,0.1083,0.4231,0.0556,0.0549,0.0,0.2236,0.3065,0.0,0.226,-0.0,0.8379,0.0,1.912653260735576e-05,124.0,0.47
2400,1790895278.8655708,-0.1343,0.0291,-0.3729,-0.0,0.0649,0.0566,0.0993,0.0758,0.2922,0.0427,0.0435,0.0,0.2561,0.2218,0.0,0.18,-0.0,0.8752,0.201,1.9122695526648968e-05,157.9,0.5
2401,1790895281.4066641,-0.1712,0.0377,-0.4459,-0.0,0.0754,0.0706,0.1232,0.0972,0.37,0.0526,0.0498,-0.0,0.2918,0.254,0.0,0.214,0.0,0.8752,0.0,1.9122695526648968e-05,135.2,0.66
2402,1790895281.9199212,-0.1849,0.0303,-0.4237,-0.0,0.0818,0.0793,0.1302,0.1032,0.4085,0.0509,0.054,-0.0,0.2995,0.2801,0.0,0.218,0.0,0.8752,0.0,1.9122695526648968e-05,221.0,0.51
2403,1790895282.3320735,-0.1787,0.0466,-0.3489,-0.0,0.0736,0.0682,0.1359,0.1,0.3935,0.0678,0.0484,0.0,0.2225,0.2635,0.0,0.224,-0.0,0.8752,0.0,1.9122695526648968e-05,126.6,0.41
2404,1790895282.7556994,-0.1886,0.0366,-0.4298,-0.0,0.0924,0.0868,0.1407,0.1127,0.3796,0.054,0.0519,-0.0,0.2186,0.2875,0.0,0.22,0.0,0.8752,0.186,1.9118850423007062e-05,186.2,0.42
2405,1790895283.1920676,-0.1402,0.0321,-0.3869,-0.0,0.0614,0.0591,0.1039,0.0802,0.3,0.0448,0.0419,0.0,0.3031,0.1988,0.0,0.196,-0.0,0.8752,0.0,1.9118850423007062e-05,211.7,0.43
2406,1790895283.6939228,-0.2282,0.0288,-0.5226,-0.0709,0.1137,0.108,0.1533,0.1311,0.4855,0.0453,0.079,0.0,0.3102,0.4439,0.0,0.237,-0.0,0.8752,0.0,1.9118850423007062e-05,213.1,0.5
2407,1790895284.1063619,-0.1438,0.0432,-0.4917,-0.0,0.0684,0.0568,0.1189,0.082,0.3089,0.0621,0.0437,0.0,0.2433,0.2263,0.0,0.157,-0.0,0.8379,0.0,1.9118850423007062e-05,125.1,0.41
2408,1790895284.5890458,-0.2128,0.0386,-0.4427,-0.0523,0.1016,0.0966,0.1583,0.1214,0.4573,0.0617,0.0646,-0.0,0.3175,0.3458,0.0,0.234,0.0,0.8752,0.2,1.9114997299811612e-05,169.6,0.48
2409,1790895285.0781412,-0.1954,0.0317,-0.4104,-0.0498,0.0917,0.0908,0.1398,0.1162,0.3957,0.049,0.0642,0.0,0.3492,0.3349,0.0,0.231,-0.0,0.8752,0.0,1.9114997299811612e-05,196.5,0.49
2410,1790895285.6021461,-0.2135,0.0387,-0.4374,-0.0254,0.0949,0.094,0.1526,0.1218,0.4587,0.0586,0.063,0.0,0.3203,0.3348,0.0,0.244,-0.0,0.8752,0.0,1.9114997299811612e-05,218.3,0.52
2411,1790895286.058813,-0.1885,0.0528,-0.4259,-0.0,0.0876,0.0744,0.1485,0.107,0.4076,0.0741,0.0517,-0.0,0.2345,0.282,0.0,0.211,0.0,0.8752,0.0,1.9114997299811612e-05,132.0,0.45
2412,1790895286.5593224,-0.237,0.0243,-0.4901,-0.0,0.1309,0.1256,0.1651,0.1424,0.4733,0.0395,0.0774,-0.0,0.3534,0.4217,0.0,0.257,0.0,0.8752,0.208,1.911113616045123e-05,168.2,0.5
2413,1790895287.0693367,-0.2186,0.0255,-0.4364,-0.0806,0.1071,0.1041,0.1433,0.1247,0.4697,0.0392,0.0652,0.0,0.285,0.3586,0.0,0.222,-0.0,0.8752,0.0,1.911113616045123e-05,195.9,0.51
2414,1790895287.5693154,-0.2547,0.0332,-0.4363,-0.0774,0.1142,0.1134,0.1639,0.139,0.5787,0.0505,0.0739,-0.0,0.2029,0.4388,0.0,0.227,0.0,0.8752,0.0,1.911113616045123e-05,266.8,0.5
2415,1790895288.0176818,-0.1921,0.0413,-0.629,-0.0,0.0992,0.0853,0.1541,0.1157,0.382,0.0688,0.0659,0.0,0.3463,0.3469,0.0,0.23,-0.0,0.8752,0.0,1.911113616045123e-05,111.7,0.45
2416,1790895288.5219858,-0.1753,0.0362,-0.4476,-0.0,0.0745,0.0702,0.1234,0.0964,0.3942,0.0532,0.0575,-0.0,0.2784,0.3093,0.0,0.196,0.0,0.8379,0.201,1.91072670083216e-05,152.4,0.5
2417,1790895288.9694202,-0.2174,0.0377,-0.3864,-0.0,0.0957,0.0945,0.1537,0.1261,0.4563,0.0592,0.0747,0.0,0.3317,0.4097,0.0,0.237,-0.0,0.8752,0.0,1.91072670083216e-05,211.7,0.44
2418,1790895289.4565327,-0.1706,0.0312,-0.3822,-0.0246,0.0787,0.0765,0.123,0.0985,0.3602,0.0465,0.0556,-0.0,0.2848,0.2949,0.0,0.218,0.0,0.8752,0.0,1.91072670083216e-05,229.9,0.48
2419,1790895289.882641,-0.1092,0.0495,-0.425,-0.0,0.0395,0.0282,0.0998,0.0622,0.2351,0.0716,0.028,0.0,0.2125,0.1302,0.0,0.174,-0.0,0.7989,0.0,1.91072670083216e-05,111.1,0.42
2420,1790895290.3427792,-0.1829,0.0298,-0.45,-0.0,0.0921,0.084,0.1297,0.1051,0.3891,0.0457,0.0499,0.0,0.2212,0.2738,0.0,0.199,-0.0,0.8752,0.198,1.910338984682543e-05,162.4,0.46
2421,1790895290.767117,-0.1798,0.0356,-0.3832,-0.0266,0.0721,0.0684,0.1253,0.0962,0.4176,0.0569,0.0447,-0.0,0.3658,0.2004,0.0,0.219,0.0,0.8752,0.0,1.910338984682543e-05,210.1,0.42
2422,1790895291.2309172,-0.1889,0.0336,-0.3778,-0.0,0.0777,0.0765,0.1303,0.1041,0.4241,0.0538,0.0522,0.0,0.2629,0.2781,0.0,0.239,-0.0,0.8752,0.0,1.910338984682543e-05,234.6,0.46
2423,1790895291.7208657,-0.1609,0.0519,-0.4714,-0.0,0.0767,0.0609,0.133,0.0926,0.3413,0.072,0.055,-0.0,0.2612,0.2967,0.0,0.214,0.0,0.8752,0.0,1.910338984682543e-05,86.7,0.49
2424,1790895292.1902845,-0.2433,0.0435,-0.5048,-0.0,0.127,0.1055,0.1697,0.1414,0.5098,0.0643,0.0703,-0.0,0.2408,0.4043,0.0,0.234,0.0,0.8379,0.259,1.9099504679372486e-05,138.1,0.47
2425,1790895292.6603718,-0.1758,0.0423,-0.3199,-0.0607,0.0685,0.0672,0.1305,0.0949,0.4046,0.0633,0.0474,-0.0,0.3084,0.234,0.0,0.212,0.0,0.8752,0.0,1.9099504679372486e-05,186.6,0.47
2426,1790895295.148525,-0.1978,0.0306,-0.4581,-0.0599,0.0945,0.0905,0.138,0.1139,0.4196,0.0476,0.0543,-0.0,0.2742,0.2887,0.0,0.215,0.0,0.8752,0.0,1.9099504679372486e-05,177.6,0.62
2427,1790895295.5239456,-0.1625,0.0429,-0.4051,-0.0,0.0805,0.0657,0.132,0.0972,0.3268,0.0664,0.0496,0.0,0.2477,0.2646,0.0,0.194,-0.0,0.7989,0.0,1.9099504679372486e-05,133.5,0.37
2428,1790895295.956458,-0.2258,0.0407,-0.3958,-0.0,0.1034,0.1004,0.1611,0.1308,0.4747,0.0607,0.0687,0.0,0.3292,0.3702,0.0,0.24,-0.0,0.8752,0.18,1.9095611509379567e-05,178.9,0.43
2429,1790895296.3600671,-0.2062,0.0371,-0.408,-0.071,0.0974,0.0916,0.1479,0.1225,0.4185,0.0563,0.0667,-0.0,0.415,0.3342,0.0,0.256,0.0,0.8752,0.0,1.9095611509379567e-05,223.5,0.4
2430,1790895296.8446157,-0.158,0.0307,-0.3488,-0.0,0.061,0.061,0.1115,0.0834,0.3731,0.0505,0.0411,0.0,0.2656,0.2034,0.0,0.203,-0.0,0.8752,0.0,1.9095611509379567e-05,236.1,0.48
2431,1790895297.2812018,-0.1547,0.0303,-0.3544,-0.0,0.0847,0.0666,0.1088,0.0893,0.3267,0.0422,0.0541,-0.0,0.3126,0.277,0.0,0.172,0.0,0.7579,0.0,1.9095611509379567e-05,104.9,0.43
2432,1790895297.7594721,-0.169,0.0339,-0.3396,-0.0,0.0778,0.071,0.1265,0.0944,0.3733,0.0555,0.0535,-0.0,0.2212,0.2979,0.0,0.202,0.0,0.8752,0.179,1.909171034027052e-05,136.5,0.48
2433,1790895298.235537,-0.1703,0.0322,-0.416,-0.0,0.0746,0.0734,0.1193,0.0976,0.3636,0.0459,0.0574,0.0,0.3625,0.2863,0.0,0.239,-0.0,0.8752,0.0,1.909171034027052e-05,176.3,0.47
2434,1790895298.7468262,-0.2034,0.035,-0.4486,-0.0,0.0946,0.091,0.1436,0.1139,0.4477,0.0526,0.0648,0.0,0.2774,0.3582,0.0,0.235,-0.0,0.8752,0.0,1.909171034027052e-05,224.4,0.51
2435,1790895299.167079,-0.1333,0.0624,-0.4278,-0.0,0.0461,0.0398,0.1316,0.0768,0.2824,0.0918,0.0408,-0.0,0.2693,0.2005,0.0,0.173,0.0,0.8752,0.0,1.909171034027052e-05,111.2,0.42
2436,1790895299.633748,-0.202,0.042,-0.3914,-0.04,0.0933,0.0888,0.1494,0.1168,0.4256,0.0605,0.0547,-0.0,0.3055,0.283,0.0,0.213,0.0,0.8752,0.177,1.9087801175476207e-05,169.3,0.46
2437,1790895300.1038406,-0.1282,0.0301,-0.3175,-0.0,0.0627,0.0569,0.0939,0.0743,0.2691,0.037,0.0398,-0.0,0.3519,0.1715,0.0,0.196,0.0,0.8752,0.0,1.9087801175476207e-05,211.5,0.47
2438,1790895300.561637,-0.192,0.0359,-0.3598,-0.0659,0.0774,0.0774,0.127,0.1019,0.4502,0.0496,0.0496,-0.0,0.2609,0.2612,0.0,0.211,0.0,0.8752,0.0,1.9087801175476207e-05,268.9,0.45
2439,1790895300.9766052,-0.2089,0.0422,-0.4677,-0.0,0.0986,0.0876,0.1579,0.1206,0.442,0.0703,0.0552,-0.0,0.2349,0.3055,0.0,0.19,0.0,0.8752,0.0,1.9087801175476207e-05,121.0,0.41
2440,1790895301.4262524,-0.1507,0.0309,-0.3332,-0.0,0.0667,0.0667,0.11,0.0864,0.3215,0.0434,0.0449,-0.0,0.2189,0.2407,0.0,0.196,0.0,0.8752,0.183,1.9083884018434545e-05,175.7,0.45
2441,1790895301.92197,-0.1946,0.0351,-0.4128,-0.0,0.0847,0.0805,0.1377,0.1103,0.4213,0.0572,0.0602,-0.0,0.2894,0.3241,0.0,0.228,0.0,0.8752,0.0,1.9083884018434545e-05,205.2,0.49
2442,1790895302.4634247,-0.1819,0.0337,-0.4275,-0.0244,0.0713,0.0713,0.1168,0.0942,0.4385,0.0455,0.0447,-0.0,0.2237,0.2384,0.0,0.209,0.0,0.8752,0.0,1.9083884018434545e-05,241.5,0.54
2443,1790895302.940298,-0.1746,0.045,-0.3889,-0.0,0.0811,0.0738,0.1422,0.1033,0.3567,0.0685,0.0434,-0.0,0.2646,0.219,0.0,0.186,0.0,0.8379,0.0,1.9083884018434545e-05,98.3,0.47
2444,1790895303.4199443,-0.2102,0.0452,-0.5111,-0.0411,0.103,0.085,0.1656,0.1197,0.4527,0.0806,0.0555,-0.0,0.2353,0.3074,0.0,0.218,0.0,0.8752,0.181,1.907995887259047e-05,138.3,0.48
2445,1790895303.839061,-0.2353,0.033,-0.5917,-0.0369,0.1142,0.1123,0.1668,0.142,0.4664,0.0545,0.0859,0.0,0.3571,0.4771,0.0,0.281,-0.0,0.8379,0.0,1.907995887259047e-05,202.7,0.42
2446,1790895304.3510354,-0.2092,0.0308,-0.4986,-0.0628,0.0916,0.0895,0.1438,0.1193,0.4498,0.0544,0.0654,-0.0,0.3349,0.3468,0.0,0.235,0.0,0.8752,0.0,1.907995887259047e-05,210.8,0.51
2447,1790895304.8417022,-0.1539,0.0375,-0.4658,-0.0,0.0789,0.0715,0.1259,0.095,0.2943,0.0544,0.0466,-0.0,0.236,0.2474,0.0,0.166,0.0,0.8752,0.0,1.907995887259047e-05,111.4,0.49
2448,1790895305.3102725,-0.2087,0.042,-0.4177,-0.0561,0.0877,0.0865,0.1535,0.1143,0.472,0.0671,0.0574,0.0,0.2698,0.3104,0.0,0.231,0.0,0.8752,0.193,1.9076025741395935e-05,153.1,0.47
2449,1790895305.772213,-0.1769,0.0367,-0.4643,-0.0,0.0755,0.0746,0.1362,0.1032,0.3688,0.0616,0.0602,-0.0,0.3283,0.3137,0.0,0.228,0.0,0.8752,0.0,1.9076025741395935e-05,189.3,0.46
2450,1790895306.2879953,-0.228,0.0343,-0.4462,-0.045,0.1071,0.1048,0.1602,0.1312,0.484,0.0554,0.0714,-0.0,0.2804,0.4014,0.0,0.243,0.0,0.8752,0.0,1.9076025741395935e-05,233.1,0.51
2451,1790895308.6988456,-0.1525,0.0481,-0.3965,-0.0,0.0633,0.0589,0.1251,0.0902,0.3114,0.0662,0.0462,-0.0,0.309,0.2256,0.0,0.196,0.0,0.8752,0.0,1.9076025741395935e-05,94.3,0.59
2452,1790895309.322913,-0.1734,0.0365,-0.3611,-0.0,0.08,0.0733,0.1274,0.0974,0.38,0.0542,0.0481,0.0,0.2796,0.2462,0.0,0.195,-0.0,0.8752,0.183,1.907208462830993e-05,133.0,0.58
2453,1790895309.7474058,-0.1933,0.0325,-0.3407,-0.0245,0.0895,0.0843,0.135,0.1077,0.4281,0.0507,0.0507,-0.0,0.2721,0.2655,0.0,0.205,0.0,0.8752,0.0,1.907208462830993e-05,230.5,0.42
2454,1790895310.1897633,-0.2296,0.0363,-0.3776,-0.0,0.1013,0.0975,0.154,0.1254,0.5206,0.0565,0.0647,0.0,0.2321,0.3695,0.0,0.226,-0.0,0.8752,0.0,1.907208462830993e-05,271.4,0.44
2455,1790895310.6032887,-0.1582,0.0431,-0.3712,-0.0,0.064,0.0595,0.1216,0.0892,0.345,0.0621,0.0477,-0.0,0.2434,0.2529,0.0,0.176,0.0,0.8752,0.0,1.907208462830993e-05,131.5,0.41
2456,1790895311.0764172,-0.2203,0.0409,-0.5818,-0.0672,0.1018,0.0955,0.1632,0.128,0.4618,0.0678,0.064,0.0,0.277,0.3525,0.0,0.247,0.0,0.8752,0.182,1.906813553679846e-05,153.3,0.47
2457,1790895311.5341983,-0.1329,0.0328,-0.3342,-0.0,0.0516,0.0516,0.098,0.0742,0.2935,0.0464,0.044,-0.0,0.3536,0.1993,0.0,0.198,0.0,0.8752,0.0,1.906813553679846e-05,197.4,0.45
2458,1790895312.0510101,-0.2381,0.0345,-0.4331,-0.0767,0.114,0.1095,0.1648,0.1345,0.5182,0.0553,0.0647,-0.0,0.308,0.3489,0.0,0.245,0.0,0.8752,0.0,1.906813553679846e-05,218.5,0.51
2459,1790895312.5212219,-0.1485,0.0508,-0.4221,-0.0,0.0626,0.0567,0.1262,0.0879,0.303,0.0695,0.0424,-0.0,0.2637,0.212,0.0,0.197,0.0,0.8379,0.0,1.906813553679846e-05,102.0,0.47
2460,1790895313.032492,-0.2027,0.0381,-0.3992,-0.0,0.0965,0.0924,0.1498,0.1184,0.4212,0.0574,0.0561,-0.0,0.2587,0.3052,0.0,0.219,0.0,0.8752,0.19,1.906417847033454e-05,144.7,0.51
2461,1790895313.5108197,-0.188,0.0406,-0.372,-0.0244,0.0766,0.0755,0.1298,0.1002,0.4391,0.0543,0.0563,-0.0,0.3501,0.2816,0.0,0.223,0.0,0.8752,0.0,1.906417847033454e-05,195.7,0.48
2462,1790895314.0677803,-0.2201,0.0414,-0.4058,-0.0317,0.0922,0.0915,0.155,0.1229,0.4861,0.0636,0.0609,-0.0,0.2564,0.3377,0.0,0.241,0.0,0.8752,0.0,1.906417847033454e-05,224.0,0.55
2463,1790895314.4809785,-0.1522,0.0512,-0.329,-0.0,0.0684,0.0531,0.1218,0.0868,0.3271,0.0687,0.0387,-0.0,0.2183,0.1997,0.0,0.157,0.0,0.8752,0.0,1.906417847033454e-05,133.5,0.41
2464,1790895314.9245925,-0.2495,0.0351,-0.4922,-0.0686,0.1281,0.1216,0.1774,0.1495,0.4999,0.0559,0.075,-0.0,0.2798,0.4254,0.0,0.245,0.0,0.8752,0.186,1.9060213432398207e-05,175.0,0.44
2465,1790895315.3409467,-0.197,0.0252,-0.465,-0.031,0.0987,0.0909,0.1293,0.1097,0.4365,0.0384,0.061,0.0,0.2889,0.3295,0.0,0.212,-0.0,0.8379,0.0,1.9060213432398207e-05,214.5,0.41
2466,1790895315.81883,-0.2292,0.0244,-0.3847,-0.0923,0.1142,0.1096,0.1478,0.1283,0.5044,0.0382,0.0688,-0.0,0.2881,0.3815,0.0,0.242,0.0,0.8752,0.0,1.9060213432398207e-05,236.5,0.48
2467,1790895316.2252073,-0.2046,0.0573,-0.5417,-0.0,0.0939,0.085,0.1673,0.1222,0.4119,0.0823,0.057,0.0,0.2215,0.321,0.0,0.199,-0.0,0.8752,0.0,1.9060213432398207e-05,134.5,0.4
2468,1790895316.7155688,-0.2423,0.0313,-0.5048,-0.0341,0.1342,0.1241,0.1754,0.1507,0.4582,0.0514,0.0823,-0.0,0.282,0.4735,0.0,0.239,0.0,0.8752,0.207,1.9056240426476503e-05,151.3,0.49
2469,1790895317.179343,-0.1914,0.0364,-0.391,-0.039,0.0786,0.0775,0.1288,0.1034,0.4401,0.0514,0.0594,-0.0,0.3184,0.311,0.0,0.221,0.0,0.8752,0.0,1.9056240426476503e-05,209.5,0.46
2470,1790895317.718012,-0.1747,0.035,-0.3756,-0.022,0.077,0.0752,0.1184,0.0954,0.3962,0.0431,0.0539,-0.0,0.3226,0.2736,0.0,0.226,0.0,0.8752,0.0,1.9056240426476503e-05,222.6,0.54
2471,1790895318.1363382,-0.1521,0.0351,-0.3788,-0.0,0.0653,0.0589,0.1049,0.0839,0.3413,0.0459,0.0599,0.0,0.2473,0.3331,0.0,0.166,-0.0,0.8379,0.0,1.9056240426476503e-05,137.6,0.42
2472,1790895318.57872,-0.1326,0.0293,-0.3994,-0.0,0.0597,0.0565,0.1001,0.0751,0.2875,0.0436,0.0387,-0.0,0.2837,0.1821,0.0,0.202,0.0,0.8752,0.175,1.9052259456063483e-05,187.1,0.44
2473,1790895319.0830295,-0.1726,0.0327,-0.42,-0.0,0.0698,0.0687,0.1207,0.0952,0.3868,0.052,0.0498,-0.0,0.4487,0.2124,0.0,0.226,0.0,0.8752,0.0,1.9052259456063483e-05,185.7,0.5
2474,1790895319.5984297,-0.1923,0.0276,-0.4407,-0.0,0.0888,0.0843,0.1313,0.1062,0.4309,0.047,0.0653,0.0,0.251,0.3685,0.0,0.207,-0.0,0.8752,0.0,1.9052259456063483e-05,228.1,0.51
2475,1790895320.0677536,-0.1747,0.0401,-0.3557,-0.0,0.0884,0.0691,0.1305,0.0997,0.3751,0.0614,0.0445,0.0,0.2349,0.234,0.0,0.195,-0.0,0.8752,0.0,1.9052259456063483e-05,111.6,0.47
2476,1790895322.516719,-0.1606,0.0329,-0.4751,-0.0,0.0744,0.0658,0.1228,0.0929,0.3387,0.057,0.054,-0.0,0.2601,0.2904,0.0,0.205,0.0,0.8752,0.206,1.9048270524660197e-05,150.2,0.54
2477,1790895322.9158478,-0.1953,0.0319,-0.4728,-0.0263,0.0903,0.0867,0.136,0.1113,0.4203,0.0493,0.0652,0.0,0.3024,0.3539,0.0,0.22,-0.0,0.8752,0.0,1.9048270524660197e-05,244.5,0.4
2478,1790895323.3471491,-0.2099,0.0364,-0.4194,-0.0543,0.0826,0.0798,0.1341,0.1092,0.5037,0.0543,0.0573,-0.0,0.2226,0.3229,0.0,0.23,0.0,0.8752,0.0,1.9048270524660197e-05,266.6,0.43
2479,1790895323.8014982,-0.2414,0.048,-0.6022,-0.0686,0.1124,0.1086,0.1779,0.1399,0.5075,0.0693,0.0715,-0.0,0.2428,0.4116,0.0,0.215,0.0,0.8379,0.0,1.9048270524660197e-05,99.3,0.45
2480,1790895324.4109912,-0.2186,0.0373,-0.4655,-0.0326,0.1128,0.098,0.1647,0.13,0.4432,0.0667,0.0733,-0.0,0.2591,0.4195,0.0,0.219,0.0,0.8752,0.24,1.9044273635774707e-05,107.3,0.61
2481,1790895324.8491037,-0.184,0.0276,-0.3805,-0.0,0.087,0.0814,0.1261,0.1014,0.4128,0.0447,0.0592,-0.0,0.3251,0.3078,0.0,0.226,0.0,0.8752,0.0,1.9044273635774707e-05,201.6,0.44
2482,1790895325.389798,-0.2226,0.0347,-0.3558,-0.0439,0.0986,0.0968,0.1475,0.1228,0.499,0.0507,0.0702,-0.0,0.2946,0.3897,0.0,0.23,-0.0,0.8752,0.0,1.9044273635774707e-05,226.9,0.54
2483,1790895325.8106897,-0.1999,0.0263,-0.5,-0.0528,0.1073,0.0976,0.1381,0.1158,0.4203,0.0405,0.0665,-0.0,0.2529,0.376,0.0,0.209,-0.0,0.7579,0.0,1.9044273635774707e-05,127.2,0.42
2484,1790895326.2241461,-0.2531,0.0429,-0.5029,-0.0,0.1222,0.1121,0.1835,0.1446,0.5426,0.0714,0.0773,0.0,0.2508,0.4483,0.0,0.223,-0.0,0.8752,0.304,1.9040268792922067e-05,182.4,0.41
2485,1790895326.653751,-0.2203,0.0334,-0.3994,-0.0479,0.1014,0.1001,0.1531,0.1257,0.4731,0.053,0.0811,-0.0,0.3729,0.4414,0.0,0.237,0.0,0.8752,0.0,1.9040268792922067e-05,215.0,0.43
2486,1790895327.1748009,-0.1988,0.0363,-0.3286,-0.0228,0.0852,0.0806,0.1382,0.1108,0.44,0.0576,0.0539,-0.0,0.3258,0.2725,0.0,0.213,0.0,0.8752,0.0,1.9040268792922067e-05,217.4,0.52
2487,1790895327.6102684,-0.1462,0.0422,-0.3451,-0.0,0.0661,0.0566,0.1154,0.0839,0.3114,0.0588,0.0452,0.0,0.3187,0.2162,0.0,0.196,-0.0,0.8752,0.0,1.9040268792922067e-05,136.9,0.43
2488,1790895328.0928931,-0.1998,0.0399,-0.3621,-0.0306,0.0842,0.0842,0.1523,0.1159,0.4194,0.068,0.0581,-0.0,0.3261,0.3003,0.0,0.235,0.0,0.8752,0.19,1.903625599962433e-05,195.7,0.48
2489,1790895328.571203,-0.2587,0.0307,-0.3706,-0.1173,0.1238,0.1217,0.1685,0.1457,0.5652,0.0468,0.0833,-0.0,0.2526,0.4882,0.0,0.232,0.0,0.8783,0.0,1.903625599962433e-05,198.8,0.48
2490,1790895329.044089,-0.1959,0.0411,-0.3992,-0.0,0.0914,0.0835,0.152,0.1143,0.4076,0.0684,0.0702,-0.0,0.255,0.3998,0.0,0.22,0.0,0.8379,0.0,1.903625599962433e-05,100.5,0.47
2491,1790895329.4477422,-0.1572,0.0323,-0.4377,-0.0,0.0712,0.0657,0.1178,0.0937,0.3178,0.0521,0.0621,0.0,0.289,0.3369,0.0,0.219,-0.0,0.8752,0.0,1.903625599962433e-05,164.2,0.4
2492,1790895329.9126294,-0.1873,0.0352,-0.5127,-0.0,0.0842,0.0779,0.1296,0.1055,0.4089,0.0517,0.0588,-0.0,0.351,0.2982,0.0,0.224,0.0,0.8752,0.222,1.9032235259410535e-05,196.9,0.46
2493,1790895330.4123774,-0.1786,0.033,-0.4127,-0.0,0.0815,0.0793,0.1247,0.0987,0.3997,0.0454,0.0528,0.0,0.3051,0.2707,0.0,0.203,-0.0,0.8752,0.0,1.9032235259410535e-05,251.1,0.5
2494,1790895330.8616443,-0.1414,0.039,-0.497,-0.0,0.0796,0.0601,0.1147,0.0871,0.271,0.0546,0.0515,-0.0,0.1657,0.2993,0.0,0.138,0.0,0.8379,0.0,1.9032235259410535e-05,108.1,0.45
2495,1790895331.30894,-0.2048,0.036,-0.39,-0.0,0.0976,0.086,0.1395,0.112,0.4643,0.0535,0.064,0.0,0.2516,0.3599,0.0,0.209,-0.0,0.8752,0.0,1.9032235259410535e-05,148.6,0.45
2496,1790895331.7817073,-0.1846,0.0323,-0.4509,-0.0,0.0886,0.0818,0.1306,0.1082,0.3824,0.0488,0.0604,0.0,0.3171,0.3183,0.0,0.23,-0.0,0.8752,0.207,1.9028206575816716e-05,188.3,0.47
2497,1790895332.279258,-0.2067,0.0288,-0.4341,-0.0586,0.0971,0.0914,0.1383,0.1138,0.4643,0.0469,0.076,-0.0,0.2378,0.4434,0.0,0.217,0.0,0.8752,0.0,1.9028206575816716e-05,243.7,0.49
2498,1790895332.725127,-0.1559,0.0417,-0.5641,-0.0,0.0772,0.0621,0.1309,0.0954,0.3024,0.0687,0.0471,0.0,0.2253,0.2538,0.0,0.183,-0.0,0.8379,0.0,1.9028206575816716e-05,110.4,0.44
2499,1790895333.180086,-0.1533,0.0343,-0.3238,-0.0,0.0626,0.055,0.11,0.0857,0.3377,0.055,0.0408,0.0,0.2483,0.2061,0.0,0.193,-0.0,0.8379,0.0,1.9028206575816716e-05,166.0,0.45
2500,1790895333.6501546,-0.1855,0.0405,-0.4032,-0.0437,0.0776,0.0765,0.1433,0.1059,0.398,0.0668,0.0601,-0.0,0.332,0.3121,0.0,0.22,0.0,0.8752,0.186,1.9024169952385887e-05,192.8,0.47
2501,1790895336.9978244,-0.192,0.0295,-0.32,-0.0244,0.0872,0.083,0.1283,0.1055,0.4322,0.0452,0.0509,0.0,0.2571,0.2706,0.0,0.211,-0.0,0.8752,0.0,1.9024169952385887e-05,162.5,0.76
2502,1790895337.3938935,-0.2162,0.0538,-0.4778,-0.0382,0.1024,0.0877,0.1742,0.1245,0.4583,0.0864,0.0586,0.0,0.2615,0.321,0.0,0.179,-0.0,0.8752,0.0,1.9024169952385887e-05,128.8,0.39
2503,1790895337.7705498,-0.1593,0.0383,-0.3828,-0.0,0.0604,0.0604,0.1182,0.0854,0.3696,0.0578,0.0458,-0.0,0.2718,0.2332,0.0,0.21,0.0,0.8752,0.0,1.9024169952385887e-05,186.4,0.37
2504,1790895338.210523,-0.1461,0.0319,-0.3851,-0.0,0.0669,0.0577,0.1089,0.0837,0.3124,0.0511,0.0444,-0.0,0.3541,0.2017,0.0,0.209,0.0,0.8752,0.202,1.9020125392668048e-05,203.2,0.44
2505,1790895338.664115,-0.1792,0.027,-0.2975,-0.0725,0.0827,0.0821,0.1222,0.1021,0.3855,0.0401,0.0717,-0.0,0.3366,0.3884,0.0,0.22,0.0,0.8752,0.0,1.9020125392668048e-05,262.8,0.45
2506,1790895339.1226966,-0.173,0.0366,-0.531,-0.0,0.0946,0.0796,0.1281,0.1017,0.3563,0.0485,0.0782,0.0,0.2599,0.4521,0.0,0.192,-0.0,0.7989,0.0,1.9020125392668048e-05,103.1,0.45
2507,1790895339.565183,-0.1803,0.0446,-0.4222,-0.0,0.0745,0.072,0.1345,0.0992,0.4057,0.0625,0.0472,-0.0,0.2122,0.2583,0.0,0.193,0.0,0.8752,0.0,1.9020125392668048e-05,162.2,0.44
2508,1790895340.0474496,-0.2173,0.039,-0.4369,-0.0767,0.0952,0.0944,0.1511,0.1206,0.4832,0.0567,0.0644,0.0,0.2771,0.3556,0.0,0.236,-0.0,0.8752,0.193,1.9016072900220185e-05,181.5,0.48
2509,1790895340.4904492,-0.1761,0.032,-0.3681,-0.0,0.0738,0.0698,0.1181,0.0956,0.4025,0.0482,0.0482,0.0,0.2887,0.2441,0.0,0.2,-0.0,0.8752,0.0,1.9016072900220185e-05,227.1,0.44
2510,1790895340.9548247,-0.1475,0.042,-0.5929,-0.0,0.0671,0.0543,0.1211,0.0866,0.3045,0.0668,0.045,0.0,0.2299,0.2386,0.0,0.172,-0.0,0.8752,0.0,1.9016072900220185e-05,113.7,0.46
2511,1790895341.3918734,-0.207,0.0308,-0.4415,-0.0579,0.1054,0.0988,0.1522,0.123,0.4199,0.0534,0.0623,0.0,0.2172,0.3571,0.0,0.2,-0.0,0.8752,0.0,1.9016072900220185e-05,173.1,0.43
2512,1790895341.8503091,-0.1919,0.0456,-0.4364,-0.0263,0.076,0.0737,0.1376,0.1074,0.4228,0.0639,0.0697,0.0,0.3005,0.3847,0.0,0.221,-0.0,0.8752,0.197,1.9012012478606243e-05,195.7,0.46
2513,1790895342.326602,-0.2113,0.0257,-0.3548,-0.0337,0.1104,0.1031,0.1418,0.1226,0.4436,0.0387,0.0661,0.0,0.2418,0.3762,0.0,0.229,-0.0,0.8752,0.0,1.9012012478606243e-05,263.3,0.47
2514,1790895342.8011234,-0.1854,0.0538,-0.447,-0.0,0.0779,0.0694,0.1522,0.1065,0.3946,0.0828,0.0613,-0.0,0.3097,0.3262,0.0,0.2,-0.0,0.8752,0.0,1.9012012478606243e-05,102.1,0.47
2515,1790895343.265369,-0.1861,0.0251,-0.4136,-0.0,0.0951,0.0939,0.1306,0.1119,0.3708,0.0367,0.055,-0.0,0.2748,0.2933,0.0,0.213,0.0,0.8752,0.0,1.9012012478606243e-05,169.7,0.46
2516,1790895343.7353451,-0.1749,0.0314,-0.5063,-0.03,0.0838,0.0761,0.1269,0.1,0.3747,0.0509,0.0547,-0.0,0.3215,0.2788,0.0,0.212,0.0,0.8752,0.223,1.900794413139716e-05,199.0,0.47
2517,1790895344.2032607,-0.2215,0.0322,-0.4018,-0.0222,0.1061,0.099,0.151,0.1218,0.4988,0.052,0.066,-0.0,0.2742,0.3667,0.0,0.232,0.0,0.8752,0.0,1.900794413139716e-05,242.0,0.46
2518,1790895344.6506467,-0.1542,0.0481,-0.6762,-0.0,0.0702,0.0641,0.1344,0.0943,0.2994,0.0704,0.0404,-0.0,0.2403,0.2049,0.0,0.179,0.0,0.8752,0.0,1.900794413139716e-05,102.8,0.44
2519,1790895345.0721433,-0.1888,0.0475,-0.5581,-0.0,0.0814,0.0734,0.1424,0.1042,0.4231,0.069,0.0481,0.0,0.2251,0.2606,0.0,0.201,-0.0,0.8752,0.0,1.900794413139716e-05,173.4,0.42
2520,1790895345.5498023,-0.2087,0.0346,-0.3904,-0.073,0.092,0.09,0.1405,0.1147,0.4702,0.0504,0.066,-0.0,0.3701,0.3412,0.0,0.245,0.0,0.8752,0.228,1.900386786217083e-05,192.1,0.47
2521,1790895346.0892,-0.2374,0.0358,-0.4742,-0.0,0.1154,0.1123,0.1639,0.1357,0.5084,0.0516,0.0662,0.0,0.2736,0.3684,0.0,0.216,-0.0,0.8752,0.0,1.900386786217083e-05,225.7,0.54
2522,1790895346.5425663,-0.1977,0.0342,-0.5599,-0.05,0.0998,0.0906,0.1421,0.1169,0.4039,0.0515,0.0706,0.0,0.2892,0.3934,0.0,0.237,-0.0,0.8752,0.0,1.900386786217083e-05,123.3,0.45
2523,1790895346.9448717,-0.1541,0.0395,-0.3445,-0.0258,0.0536,0.0536,0.1068,0.0816,0.3629,0.0532,0.0512,-0.0,0.3979,0.2351,0.0,0.22,0.0,0.8752,0.0,1.900386786217083e-05,209.7,0.4
2524,1790895347.4506412,-0.1999,0.0405,-0.3323,-0.038,0.0821,0.0821,0.1425,0.1148,0.4254,0.0604,0.0602,0.0,0.351,0.3078,0.0,0.228,-0.0,0.8752,0.178,1.8999783674512127e-05,197.0,0.5
2525,1790895347.9685178,-0.1928,0.0347,-0.5126,-0.0246,0.0862,0.0825,0.1288,0.1078,0.4248,0.0463,0.0593,0.0,0.2198,0.3366,0.0,0.209,-0.0,0.8752,0.0,1.8999783674512127e-05,233.8,0.52
2526,1790895350.428578,-0.1729,0.0454,-0.4857,-0.0,0.0809,0.0673,0.1547,0.1016,0.3566,0.0874,0.0524,-0.0,0.2827,0.2738,0.0,0.191,-0.0,0.8752,0.0,1.8999783674512127e-05,87.5,0.56
2527,1790895351.0547128,-0.2622,0.0388,-0.5776,-0.0523,0.1333,0.1251,0.1839,0.1544,0.5392,0.0588,0.1104,-0.0,0.2905,0.6587,0.0,0.262,0.0,0.8752,0.0,1.8999783674512127e-05,123.8,0.62
2528,1790895351.5553083,-0.2059,0.0389,-0.4128,-0.0,0.0809,0.0809,0.1397,0.1098,0.4802,0.0588,0.0654,0.0,0.38,0.3346,0.0,0.232,-0.0,0.8752,0.219,1.8995691572012873e-05,182.6,0.5
2529,1790895351.9845793,-0.2417,0.0299,-0.4302,-0.0652,0.1128,0.1093,0.1597,0.136,0.5286,0.0504,0.0763,0.0,0.2911,0.431,0.0,0.229,-0.0,0.8752,0.0,1.8995691572012873e-05,271.4,0.43
2530,1790895352.453443,-0.1759,0.0471,-0.3924,-0.0,0.0648,0.0625,0.1334,0.097,0.3946,0.0709,0.047,-0.0,0.2985,0.234,0.0,0.201,0.0,0.8379,0.0,1.8995691572012873e-05,121.9,0.47
2531,1790895352.9019468,-0.1474,0.0332,-0.4273,-0.0,0.0614,0.0581,0.1101,0.0795,0.3396,0.052,0.0438,0.0,0.3191,0.2068,0.0,0.189,-0.0,0.8752,0.0,1.8995691572012873e-05,206.6,0.45
2532,1790895353.359566,-0.2192,0.0308,-0.4857,-0.0241,0.1112,0.102,0.1441,0.1233,0.4795,0.0421,0.0591,-0.0,0.2667,0.3231,0.0,0.229,0.0,0.8752,0.171,1.899159155827186e-05,227.4,0.45
2533,1790895353.8689327,-0.1819,0.0293,-0.4244,-0.0,0.0805,0.073,0.1192,0.0949,0.4347,0.0462,0.0441,-0.0,0.2165,0.2364,0.0,0.21,0.0,0.8752,0.0,1.899159155827186e-05,228.1,0.51
2534,1790895354.3021364,-0.127,0.0333,-0.3029,-0.0,0.0587,0.0557,0.0996,0.0719,0.2757,0.0438,0.0426,-0.0,0.2398,0.2198,0.0,0.167,0.0,0.8752,0.0,1.899159155827186e-05,118.6,0.43
2535,1790895354.7224138,-0.1942,0.0318,-0.4571,-0.0333,0.0933,0.088,0.1372,0.1093,0.4242,0.0492,0.0602,0.0,0.2582,0.3328,0.0,0.202,-0.0,0.8752,0.0,1.899159155827186e-05,186.3,0.42
2536,1790895355.1949575,-0.1267,0.0304,-0.3525,-0.0,0.0512,0.0456,0.0917,0.0682,0.2928,0.0461,0.0451,0.0,0.3441,0.2089,0.0,0.205,-0.0,0.8752,0.185,1.8987483636894838e-05,194.7,0.47
2537,1790895355.6737175,-0.1727,0.0338,-0.3802,-0.0,0.0697,0.0652,0.1141,0.0905,0.411,0.0489,0.0484,-0.0,0.3778,0.222,0.0,0.215,0.0,0.8752,0.0,1.8987483636894838e-05,231.9,0.47
2538,1790895356.0920117,-0.1583,0.0469,-0.5619,-0.0,0.0686,0.0585,0.1336,0.0896,0.3436,0.0751,0.0425,0.0,0.3143,0.1998,0.0,0.176,-0.0,0.8379,0.0,1.8987483636894838e-05,117.8,0.42
2539,1790895356.5649004,-0.2034,0.0382,-0.4775,-0.0291,0.0971,0.0899,0.1492,0.1187,0.4231,0.0593,0.0691,0.0,0.2841,0.3849,0.0,0.24,-0.0,0.8752,0.0,1.8987483636894838e-05,157.5,0.47
2540,1790895357.0734427,-0.1389,0.031,-0.3114,-0.0,0.0569,0.0516,0.0977,0.076,0.3145,0.0462,0.0455,-0.0,0.4085,0.1941,0.0,0.22,0.0,0.8752,0.2,1.898336781149451e-05,175.2,0.5
2541,1790895357.6118126,-0.1919,0.0324,-0.366,-0.0257,0.0831,0.0801,0.136,0.1079,0.4197,0.0559,0.0537,-0.0,0.267,0.2867,0.0,0.219,0.0,0.8752,0.0,1.898336781149451e-05,210.5,0.54
2542,1790895358.1004436,-0.2201,0.0583,-0.4831,-0.0,0.0912,0.0804,0.1668,0.1194,0.5032,0.0864,0.0508,-0.0,0.2412,0.2743,0.0,0.244,0.0,0.8752,0.0,1.898336781149451e-05,93.7,0.49
2543,1790895358.5724921,-0.1594,0.042,-0.362,-0.0302,0.0534,0.0487,0.1071,0.0755,0.4195,0.0585,0.0364,-0.0,0.242,0.178,0.0,0.179,0.0,0.8752,0.0,1.898336781149451e-05,158.9,0.47
2544,1790895359.1049705,-0.1352,0.0353,-0.279,-0.0,0.0557,0.0526,0.1039,0.0774,0.2891,0.0512,0.0376,0.0,0.2774,0.1769,0.0,0.19,-0.0,0.8752,0.198,1.8979244085690532e-05,177.6,0.53
2545,1790895359.5837471,-0.2383,0.0403,-0.4662,-0.074,0.1067,0.1054,0.1728,0.14,0.4913,0.0674,0.0749,0.0,0.3136,0.4155,0.0,0.264,-0.0,0.8752,0.0,1.8979244085690532e-05,245.3,0.48
2546,1790895360.0204036,-0.1857,0.0403,-0.629,-0.0,0.1012,0.081,0.1379,0.1125,0.3659,0.057,0.0615,-0.0,0.2932,0.3316,0.0,0.195,0.0,0.8379,0.0,1.8979244085690532e-05,116.4,0.43
2547,1790895360.5097294,-0.1868,0.0388,-0.3729,-0.0404,0.0803,0.0762,0.1312,0.1057,0.4056,0.0549,0.0511,-0.0,0.2674,0.269,0.0,0.205,0.0,0.8752,0.0,1.8979244085690532e-05,152.6,0.49
2548,1790895361.0115175,-0.2105,0.0374,-0.4283,-0.0508,0.0938,0.0909,0.1494,0.1216,0.4446,0.0584,0.0776,-0.0,0.4108,0.4075,0.0,0.229,0.0,0.8752,0.219,1.89751124631095e-05,174.9,0.5
2549,1790895361.5094082,-0.2141,0.037,-0.369,-0.0263,0.0912,0.0894,0.1445,0.1152,0.495,0.0551,0.0611,0.0,0.3023,0.3267,0.0,0.227,-0.0,0.8752,0.0,1.89751124631095e-05,224.7,0.49
2550,1790895361.961065,-0.1181,0.0483,-0.3619,-0.0,0.0524,0.0392,0.1064,0.0674,0.2534,0.0672,0.0331,-0.0,0.2087,0.165,0.0,0.18,0.0,0.8752,0.0,1.89751124631095e-05,110.6,0.45
2551,1790895364.4294686,-0.1879,0.0349,-0.3958,-0.0,0.0983,0.0881,0.1365,0.1114,0.3827,0.0484,0.057,0.0,0.277,0.3063,0.0,0.185,-0.0,0.8379,0.0,1.89751124631095e-05,115.0,0.62
2552,1790895364.9760785,-0.2081,0.0346,-0.5226,-0.0,0.0982,0.0926,0.1465,0.1209,0.436,0.0539,0.0749,0.0,0.3564,0.4041,0.0,0.257,-0.0,0.8752,0.222,1.8970972947384964e-05,149.2,0.54
2553,1790895365.5055127,-0.2292,0.0345,-0.3828,-0.074,0.1068,0.1027,0.1567,0.128,0.5061,0.054,0.068,0.0,0.296,0.3744,0.0,0.244,-0.0,0.8752,0.0,1.8970972947384964e-05,206.3,0.53
2554,1790895365.9658267,-0.1612,0.0354,-0.3644,-0.0,0.0736,0.0636,0.112,0.0894,0.3591,0.0484,0.0487,-0.0,0.251,0.2577,0.0,0.171,0.0,0.7989,0.0,1.8970972947384964e-05,110.2,0.46
2555,1790895366.3864374,-0.2039,0.0336,-0.4019,-0.0474,0.1053,0.0893,0.145,0.1174,0.4327,0.0557,0.0633,-0.0,0.2502,0.3554,0.0,0.223,0.0,0.8752,0.0,1.8970972947384964e-05,160.9,0.42
2556,1790895366.8474765,-0.1731,0.0246,-0.3377,-0.0306,0.0856,0.0744,0.1153,0.0938,0.3965,0.0409,0.0542,-0.0,0.3692,0.2626,0.0,0.223,0.0,0.8752,0.191,1.8966825542157415e-05,196.1,0.46
2557,1790895367.3730786,-0.1751,0.0337,-0.3841,-0.0,0.0827,0.0811,0.1295,0.1021,0.365,0.0485,0.0662,0.0,0.3253,0.3543,0.0,0.207,-0.0,0.8752,0.0,1.8966825542157415e-05,216.1,0.52
2558,1790895367.855055,-0.1799,0.0371,-0.3818,-0.0,0.0953,0.0843,0.1318,0.1069,0.3649,0.0475,0.0575,0.0,0.246,0.318,0.0,0.19,-0.0,0.8379,0.0,1.8966825542157415e-05,123.4,0.48
2559,1790895368.3343391,-0.1516,0.0391,-0.3484,-0.0,0.063,0.0573,0.1122,0.0847,0.3346,0.0548,0.0476,0.0,0.3332,0.2288,0.0,0.212,-0.0,0.8379,0.0,1.8966825542157415e-05,165.6,0.48
2560,1790895368.8010852,-0.1752,0.0315,-0.4751,-0.0,0.0813,0.077,0.1263,0.1033,0.3596,0.0492,0.072,-0.0,0.3716,0.3812,0.0,0.22,0.0,0.8752,0.294,1.8962670251074276e-05,192.6,0.46
2561,1790895369.281575,-0.2216,0.0279,-0.3856,-0.0226,0.1156,0.1079,0.1498,0.129,0.4634,0.0419,0.0771,0.0,0.2569,0.4456,0.0,0.239,-0.0,0.8752,0.0,1.8962670251074276e-05,244.7,0.48
2562,1790895369.7535768,-0.1415,0.0541,-0.4609,-0.0,0.0606,0.0451,0.1213,0.0783,0.3161,0.0762,0.0385,-0.0,0.2442,0.1912,0.0,0.158,0.0,0.8379,0.0,1.8962670251074276e-05,108.7,0.47
2563,1790895370.276139,-0.2408,0.0461,-0.539,-0.0438,0.1114,0.1051,0.1801,0.14,0.5037,0.075,0.0658,0.0,0.3191,0.3534,0.0,0.268,0.0,0.8752,0.0,1.8962670251074276e-05,152.1,0.52
2564,1790895370.7938163,-0.211,0.041,-0.4436,-0.0395,0.0887,0.0875,0.1505,0.1175,0.4674,0.063,0.0631,-0.0,0.3649,0.3231,0.0,0.234,0.0,0.8752,0.187,1.895850707778991e-05,181.8,0.52
2565,1790895371.2927835,-0.2195,0.0375,-0.4872,-0.0338,0.0992,0.0967,0.1529,0.1279,0.4576,0.0562,0.0652,0.0,0.2594,0.3656,0.0,0.233,-0.0,0.8752,0.0,1.895850707778991e-05,257.2,0.5
2566,1790895371.7357535,-0.1377,0.0365,-0.4174,-0.0,0.0627,0.0553,0.1071,0.0788,0.2945,0.0518,0.0383,0.0,0.2828,0.1802,0.0,0.174,-0.0,0.8379,0.0,1.895850707778991e-05,127.4,0.44
2567,1790895372.165043,-0.1494,0.0275,-0.3993,-0.0,0.0735,0.0639,0.1094,0.0855,0.3197,0.0455,0.0472,0.0,0.2414,0.25,0.0,0.199,-0.0,0.8379,0.0,1.895850707778991e-05,165.7,0.43
2568,1790895372.6700206,-0.2371,0.0339,-0.4655,-0.0306,0.1143,0.1053,0.1651,0.135,0.5104,0.0598,0.081,0.0,0.3309,0.4515,0.0,0.243,-0.0,0.8752,0.168,1.895433602596561e-05,175.4,0.5
2569,1790895373.191346,-0.1996,0.035,-0.4355,-0.0,0.0821,0.0821,0.1342,0.1083,0.4562,0.0521,0.0593,0.0,0.323,0.3093,0.0,0.214,-0.0,0.8752,0.0,1.895433602596561e-05,214.8,0.52
2570,1790895373.6342027,-0.1793,0.0402,-0.4911,-0.0,0.0792,0.0669,0.1313,0.0998,0.3976,0.0645,0.0484,-0.0,0.2459,0.257,0.0,0.212,0.0,0.8379,0.0,1.895433602596561e-05,107.8,0.44
2571,1790895374.0741982,-0.2196,0.0437,-0.4413,-0.0341,0.0991,0.0948,0.1634,0.1249,0.4739,0.0686,0.074,-0.0,0.2576,0.4246,0.0,0.224,0.0,0.8752,0.0,1.895433602596561e-05,153.8,0.44
2572,1790895374.5684905,-0.2311,0.0289,-0.5121,-0.0266,0.1209,0.1159,0.1628,0.1379,0.466,0.0469,0.0751,-0.0,0.2969,0.4216,0.0,0.247,0.0,0.8752,0.181,1.8950157099269598e-05,171.6,0.49
2573,1790895375.0705867,-0.2084,0.0416,-0.408,-0.0199,0.0957,0.0892,0.152,0.1203,0.4401,0.0628,0.0528,-0.0,0.2936,0.274,0.0,0.245,0.0,0.8752,0.0,1.8950157099269598e-05,210.3,0.5
2574,1790895375.4864519,-0.1132,0.0405,-0.3574,-0.0,0.0467,0.0375,0.0908,0.0616,0.258,0.0533,0.0285,0.0,0.2226,0.1304,0.0,0.165,-0.0,0.8379,0.0,1.8950157099269598e-05,121.4,0.41
2575,1790895375.9253273,-0.1461,0.0305,-0.3849,-0.0,0.0653,0.0588,0.105,0.0827,0.3171,0.0462,0.0373,-0.0,0.2413,0.1844,0.0,0.184,0.0,0.8752,0.0,1.8950157099269598e-05,157.8,0.44
2576,1790895378.5729868,-0.1865,0.0314,-0.497,-0.0302,0.0814,0.0804,0.1249,0.1033,0.416,0.0445,0.0581,0.0,0.3448,0.2956,0.0,0.217,-0.0,0.8752,0.263,1.8945970301377022e-05,133.3,0.71
2577,1790895379.0548723,-0.2013,0.0311,-0.443,-0.0243,0.0853,0.084,0.1333,0.1076,0.4685,0.0492,0.0513,-0.0,0.2924,0.264,0.0,0.222,0.0,0.8752,0.0,1.8945970301377022e-05,256.6,0.48
2578,1790895379.5186532,-0.2727,0.064,-0.8429,-0.0,0.1551,0.1263,0.2365,0.1758,0.4845,0.1102,0.0918,0.0,0.2911,0.5347,0.0,0.202,-0.0,0.8752,0.0,1.8945970301377022e-05,89.2,0.46
2579,1790895379.9852068,-0.2176,0.0388,-0.4921,-0.0,0.1088,0.0968,0.1581,0.1247,0.4646,0.0613,0.0587,-0.0,0.2263,0.3312,0.0,0.245,0.0,0.8752,0.0,1.8945970301377022e-05,142.7,0.46
2580,1790895380.6553974,-0.1867,0.0375,-0.4103,-0.0,0.0832,0.0782,0.1312,0.1036,0.4156,0.053,0.0545,-0.0,0.3295,0.2755,0.0,0.219,0.0,0.8752,0.276,1.894177563596996e-05,141.8,0.67
2581,1790895381.187952,-0.2305,0.0388,-0.452,-0.0517,0.1003,0.0944,0.1595,0.1311,0.4971,0.0651,0.0717,0.0,0.2593,0.4091,0.0,0.249,-0.0,0.8752,0.0,1.894177563596996e-05,226.3,0.53
2582,1790895381.6523805,-0.1974,0.0429,-0.4426,-0.0,0.0878,0.0765,0.1433,0.1089,0.4423,0.0668,0.0584,-0.0,0.2464,0.3234,0.0,0.199,0.0,0.8752,0.0,1.894177563596996e-05,105.2,0.46
2583,1790895382.0962186,-0.1859,0.0312,-0.3792,-0.0,0.0864,0.0841,0.1288,0.1064,0.3978,0.0447,0.0629,0.0,0.3369,0.3294,0.0,0.236,-0.0,0.8752,0.0,1.894177563596996e-05,165.6,0.44
2584,1790895382.6136582,-0.1764,0.031,-0.538,-0.0308,0.0818,0.0788,0.1226,0.1016,0.374,0.0439,0.0604,0.0,0.3435,0.3108,0.0,0.208,-0.0,0.8752,0.205,1.893757310673739e-05,184.7,0.51
2585,1790895383.1283545,-0.2126,0.0274,-0.4828,-0.0586,0.1026,0.0985,0.1407,0.1194,0.4658,0.0422,0.0744,-0.0,0.2533,0.4281,0.0,0.219,0.0,0.8752,0.0,1.893757310673739e-05,252.8,0.51
2586,1790895383.601511,-0.1179,0.0365,-0.2638,-0.0,0.0509,0.0396,0.0978,0.0665,0.2571,0.0582,0.0426,-0.0,0.2682,0.2124,0.0,0.164,0.0,0.8752,0.0,1.893757310673739e-05,115.4,0.47
2587,1790895384.0468524,-0.1816,0.0394,-0.3541,-0.047,0.0842,0.0717,0.128,0.1014,0.4011,0.0563,0.0499,-0.0,0.2375,0.2693,0.0,0.203,0.0,0.8752,0.0,1.893757310673739e-05,173.1,0.44
2588,1790895384.5224538,-0.2254,0.029,-0.4833,-0.0604,0.1068,0.1047,0.1486,0.1314,0.4698,0.0439,0.0694,0.0,0.3095,0.3801,0.0,0.247,-0.0,0.8752,0.188,1.8933362717375222e-05,203.9,0.47
2589,1790895384.9923334,-0.1979,0.032,-0.5247,-0.0358,0.0889,0.0871,0.1311,0.1105,0.437,0.0441,0.0581,-0.0,0.2787,0.3133,0.0,0.233,0.0,0.8752,0.0,1.8933362717375222e-05,250.9,0.47
2590,1790895385.4513142,-0.1112,0.0294,-0.2985,-0.0,0.0449,0.0408,0.0843,0.0625,0.2432,0.0435,0.0451,-0.0,0.27,0.2284,0.0,0.185,0.0,0.7989,0.0,1.8933362717375222e-05,120.6,0.46
2591,1790895385.9300396,-0.1841,0.0298,-0.4333,-0.0359,0.0884,0.0815,0.1296,0.1043,0.3991,0.0481,0.0594,-0.0,0.3904,0.2916,0.0,0.221,0.0,0.8752,0.0,1.8933362717375222e-05,176.5,0.48
2592,1790895386.4134371,-0.1752,0.0359,-0.4941,-0.0,0.076,0.074,0.1299,0.1014,0.3689,0.0559,0.0557,-0.0,0.4149,0.2606,0.0,0.219,0.0,0.8752,0.18,1.892914447158628e-05,196.2,0.48
2593,1790895386.8750443,-0.1956,0.0404,-0.5987,-0.0,0.084,0.084,0.1437,0.1123,0.4162,0.0597,0.059,-0.0,0.3135,0.3099,0.0,0.217,0.0,0.8752,0.0,1.892914447158628e-05,260.3,0.46
2594,1790895387.319482,-0.1031,0.039,-0.3205,-0.0,0.0448,0.0369,0.0908,0.0613,0.2089,0.0539,0.0274,0.0,0.2144,0.1258,0.0,0.14,0.0,0.8752,0.0,1.892914447158628e-05,99.3,0.44
2595,1790895387.7591205,-0.1816,0.0426,-0.3745,-0.0305,0.0702,0.0681,0.1291,0.0954,0.4312,0.061,0.0488,0.0,0.3028,0.2445,0.0,0.221,-0.0,0.8752,0.0,1.892914447158628e-05,145.8,0.44
2596,1790895388.2663438,-0.1453,0.0353,-0.3477,-0.0313,0.0582,0.0548,0.1068,0.0801,0.3264,0.052,0.0417,0.0,0.3269,0.1907,0.0,0.2,-0.0,0.8752,0.186,1.892491837308028e-05,175.0,0.51
2597,1790895388.7239778,-0.1672,0.0271,-0.3102,-0.0,0.0731,0.0673,0.11,0.089,0.3908,0.0427,0.0524,-0.0,0.2828,0.2742,0.0,0.2,0.0,0.8752,0.0,1.892491837308028e-05,264.8,0.45
2598,1790895389.160545,-0.154,0.0509,-0.4292,-0.0,0.0781,0.0589,0.1327,0.0939,0.3008,0.0738,0.0491,-0.0,0.2815,0.2525,0.0,0.178,-0.0,0.8752,0.0,1.892491837308028e-05,113.7,0.43
2599,1790895389.6147573,-0.1548,0.035,-0.322,-0.0,0.0708,0.064,0.1148,0.0877,0.3352,0.0509,0.0534,-0.0,0.3385,0.2656,0.0,0.197,0.0,0.8752,0.0,1.892491837308028e-05,162.8,0.45
2600,1790895390.112522,-0.1721,0.0389,-0.3293,-0.0,0.0711,0.0688,0.1237,0.096,0.3802,0.0549,0.0471,-0.0,0.3462,0.2216,0.0,0.219,0.0,0.8752,0.188,1.8920684425573865e-05,191.1,0.5
2601,1790895392.7038713,-0.1948,0.0255,-0.433,-0.0225,0.0902,0.0873,0.1247,0.1065,0.4417,0.0374,0.049,-0.0,0.2419,0.2623,0.0,0.208,0.0,0.8752,0.0,1.8920684425573865e-05,180.1,0.72
2602,1790895393.1683753,-0.1481,0.0376,-0.4607,-0.0,0.06,0.0562,0.113,0.0827,0.3271,0.0568,0.044,-0.0,0.26,0.2242,0.0,0.17,0.0,0.8379,0.0,1.8920684425573865e-05,122.5,0.46
2603,1790895393.571241,-0.207,0.0407,-0.4769,-0.0302,0.0819,0.0794,0.1375,0.1139,0.4657,0.0581,0.0831,0.0,0.3615,0.4575,0.0,0.219,-0.0,0.8752,0.0,1.8920684425573865e-05,200.0,0.4
2604,1790895394.0430837,-0.2333,0.0292,-0.3793,-0.0491,0.1165,0.1109,0.1606,0.1337,0.4984,0.0497,0.0714,0.0,0.3505,0.3824,0.0,0.261,-0.0,0.8752,0.19,1.891644263279057e-05,196.9,0.47
2605,1790895394.5519094,-0.2242,0.0349,-0.4292,-0.0254,0.1063,0.0987,0.1527,0.1258,0.4921,0.054,0.0686,-0.0,0.2869,0.3809,0.0,0.253,0.0,0.8752,0.0,1.891644263279057e-05,231.5,0.51
2606,1790895395.000272,-0.1608,0.0406,-0.5104,-0.0,0.0656,0.0634,0.1278,0.0955,0.3265,0.0644,0.0422,-0.0,0.2494,0.2147,0.0,0.201,0.0,0.8752,0.0,1.891644263279057e-05,135.1,0.45
2607,1790895395.4814434,-0.1756,0.0312,-0.4659,-0.0489,0.0803,0.079,0.1286,0.1017,0.3693,0.0496,0.054,-0.0,0.2551,0.2917,0.0,0.206,0.0,0.8379,0.0,1.891644263279057e-05,175.8,0.48
2608,1790895395.9866817,-0.2707,0.0365,-0.4421,-0.0304,0.125,0.1207,0.1833,0.1534,0.5863,0.0626,0.0774,0.0,0.3094,0.4335,0.0,0.27,-0.0,0.8752,0.177,1.891219299846082e-05,196.6,0.5
2609,1790895396.4763181,-0.1972,0.0325,-0.4564,-0.0265,0.0904,0.0868,0.1353,0.1143,0.4144,0.0485,0.0754,-0.0,0.3348,0.4137,0.0,0.235,0.0,0.8752,0.0,1.891219299846082e-05,237.0,0.49
2610,1790895396.945359,-0.1935,0.042,-0.4963,-0.0,0.0855,0.0835,0.1474,0.1124,0.4058,0.0639,0.0567,0.0,0.3073,0.2959,0.0,0.223,-0.0,0.8752,0.0,1.891219299846082e-05,104.6,0.47
2611,1790895397.4297426,-0.2223,0.0342,-0.5151,-0.0,0.1103,0.1013,0.1574,0.1304,0.4594,0.056,0.0709,0.0,0.3919,0.3684,0.0,0.256,-0.0,0.8752,0.0,1.891219299846082e-05,165.3,0.48
2612,1790895397.8764741,-0.2171,0.0291,-0.5407,-0.0265,0.1066,0.1056,0.1524,0.1282,0.4449,0.0467,0.069,-0.0,0.3235,0.374,0.0,0.235,0.0,0.8752,0.203,1.890793552632196e-05,209.9,0.44
2613,1790895398.3377657,-0.2153,0.0299,-0.5458,-0.0262,0.1014,0.0967,0.1448,0.1208,0.472,0.0481,0.0619,-0.0,0.2803,0.3379,0.0,0.23,0.0,0.8752,0.0,1.890793552632196e-05,240.8,0.46
2614,1790895398.7751226,-0.1247,0.044,-0.3067,-0.0,0.0611,0.0421,0.1024,0.0716,0.2654,0.0604,0.0355,-0.0,0.286,0.1602,0.0,0.172,0.0,0.8379,0.0,1.890793552632196e-05,124.4,0.43
2615,1790895399.2058756,-0.2027,0.0342,-0.4107,-0.0,0.0885,0.0819,0.1388,0.1098,0.4644,0.0569,0.0559,0.0,0.2597,0.3033,0.0,0.216,-0.0,0.8752,0.0,1.890793552632196e-05,180.9,0.43
2616,1790895399.638022,-0.1363,0.033,-0.3169,-0.0,0.0588,0.0538,0.0937,0.0733,0.3154,0.0399,0.0398,0.0,0.2689,0.1934,0.0,0.192,-0.0,0.8752,0.193,1.8903670220118213e-05,217.3,0.43
2617,1790895400.0879543,-0.2423,0.0329,-0.4722,-0.091,0.1108,0.1082,0.164,0.1355,0.534,0.0559,0.0697,0.0,0.2382,0.4013,0.0,0.227,-0.0,0.8752,0.0,1.8903670220118213e-05,257.6,0.44
2618,1790895400.5104141,-0.1957,0.0464,-0.4054,-0.0,0.0851,0.0792,0.1493,0.1122,0.4171,0.0701,0.0519,-0.0,0.2487,0.2794,0.0,0.216,0.0,0.8752,0.0,1.8903670220118213e-05,129.7,0.42
2619,1790895400.9747515,-0.2038,0.0436,-0.3881,-0.0,0.0822,0.081,0.1479,0.1117,0.4609,0.067,0.0602,-0.0,0.3685,0.3027,0.0,0.249,0.0,0.8752,0.0,1.8903670220118213e-05,175.0,0.46
2620,1790895401.4296074,-0.2332,0.0284,-0.4542,-0.0236,0.1098,0.1073,0.157,0.1325,0.5037,0.0497,0.0725,0.0,0.2493,0.4169,0.0,0.235,-0.0,0.8783,0.207,1.8899397083600687e-05,180.1,0.45
2621,1790895401.8731508,-0.1723,0.0434,-0.4258,-0.0,0.0773,0.0695,0.1273,0.0934,0.3941,0.0578,0.0459,-0.0,0.182,0.2572,0.0,0.174,0.0,0.8752,0.0,1.8899397083600687e-05,102.5,0.44
2622,1790895402.3033264,-0.2226,0.0473,-0.4247,-0.0,0.0982,0.092,0.1672,0.1295,0.4657,0.0752,0.0713,-0.0,0.2558,0.4072,0.0,0.234,0.0,0.8752,0.0,1.8899397083600687e-05,162.9,0.43
2623,1790895402.7768111,-0.1558,0.0268,-0.3176,-0.0304,0.0754,0.0696,0.1097,0.0906,0.3264,0.0401,0.052,0.0,0.3687,0.2482,0.0,0.217,-0.0,0.8379,0.0,1.8899397083600687e-05,189.5,0.47
2624,1790895403.2207565,-0.205,0.0269,-0.3582,-0.0344,0.0938,0.0918,0.1325,0.1116,0.4672,0.0407,0.06,-0.0,0.3283,0.3121,0.0,0.221,0.0,0.8752,0.191,1.8895116120527386e-05,257.1,0.44
2625,1790895403.658831,-0.1675,0.0512,-0.4221,-0.0,0.0711,0.0575,0.1329,0.0942,0.3668,0.0754,0.0501,-0.0,0.2867,0.2576,0.0,0.188,0.0,0.7989,0.0,1.8895116120527386e-05,128.7,0.44
2626,1790895406.2552667,-0.1899,0.0388,-0.5286,-0.0,0.0965,0.0876,0.1524,0.1167,0.3661,0.0649,0.0617,0.0,0.2259,0.3508,0.0,0.202,-0.0,0.8752,0.0,1.8895116120527386e-05,120.1,0.62
2627,1790895406.8605273,-0.2289,0.0333,-0.5214,-0.077,0.1165,0.1142,0.1676,0.1371,0.4588,0.0534,0.0813,0.0,0.3829,0.4397,0.0,0.261,-0.0,0.8752,0.0,1.8895116120527386e-05,142.8,0.6
2628,1790895407.3886604,-0.2207,0.039,-0.4558,-0.0716,0.1,0.0986,0.1582,0.1295,0.456,0.0596,0.0691,0.0,0.2567,0.3922,0.0,0.238,0.0,0.8752,0.182,1.889082733466319e-05,230.7,0.53
2629,1790895407.847737,-0.0967,0.0387,-0.2833,-0.0,0.0434,0.0302,0.0865,0.0574,0.1965,0.0563,0.0339,-0.0,0.3094,0.1432,0.0,0.144,0.0,0.7989,0.0,1.889082733466319e-05,100.0,0.46
2630,1790895408.2636588,-0.1617,0.0458,-0.4037,-0.0,0.0692,0.0638,0.1295,0.092,0.3488,0.0656,0.0544,0.0,0.3276,0.275,0.0,0.214,-0.0,0.8752,0.0,1.889082733466319e-05,175.2,0.41
2631,1790895408.7031276,-0.181,0.0374,-0.345,-0.0266,0.0728,0.0696,0.126,0.0988,0.411,0.0565,0.0573,-0.0,0.3586,0.2866,0.0,0.223,0.0,0.8752,0.0,1.889082733466319e-05,224.3,0.44
2632,1790895409.2256246,-0.2237,0.0309,-0.3935,-0.0905,0.1075,0.1032,0.1511,0.1266,0.4852,0.048,0.0839,0.0,0.2442,0.4944,0.0,0.209,-0.0,0.8752,0.178,1.8886530729779872e-05,227.2,0.52
2633,1790895409.68581,-0.1992,0.051,-0.5048,-0.0,0.0897,0.0839,0.1584,0.1129,0.4315,0.0746,0.0519,-0.0,0.2762,0.2724,0.0,0.199,0.0,0.8752,0.0,1.8886530729779872e-05,102.0,0.46
2634,1790895410.1856716,-0.2095,0.0355,-0.4532,-0.0,0.1039,0.0962,0.1509,0.1218,0.4384,0.0546,0.0615,0.0,0.2946,0.3313,0.0,0.24,-0.0,0.8752,0.0,1.8886530729779872e-05,152.9,0.5
2635,1790895410.64943,-0.1793,0.0335,-0.3755,-0.0,0.0846,0.0825,0.1325,0.1056,0.3686,0.0499,0.0628,0.0,0.3444,0.3266,0.0,0.215,-0.0,0.8752,0.0,1.8886530729779872e-05,197.9,0.46
2636,1790895411.1821704,-0.2026,0.0362,-0.5531,-0.0263,0.0966,0.0891,0.1444,0.1194,0.4159,0.0553,0.0626,-0.0,0.2706,0.3454,0.0,0.216,0.0,0.8752,0.231,1.8882226309656063e-05,198.0,0.53
2637,1790895411.6645513,-0.1896,0.0394,-0.3973,-0.0,0.0874,0.0815,0.1441,0.1097,0.3994,0.0626,0.0575,0.0,0.2763,0.3098,0.0,0.193,-0.0,0.8752,0.0,1.8882226309656063e-05,116.6,0.48
2638,1790895412.146545,-0.1928,0.0372,-0.4505,-0.0,0.096,0.0814,0.1387,0.1119,0.4046,0.0572,0.0619,-0.0,0.2789,0.3385,0.0,0.213,0.0,0.8752,0.0,1.8882226309656063e-05,150.9,0.48
2639,1790895412.6109905,-0.1806,0.037,-0.3743,-0.0,0.0809,0.0786,0.1298,0.1027,0.3895,0.0511,0.0634,0.0,0.3788,0.3214,0.0,0.225,-0.0,0.8752,0.0,1.8882226309656063e-05,181.7,0.46
2640,1790895413.137977,-0.1498,0.0356,-0.3732,-0.0243,0.0644,0.0602,0.1095,0.0816,0.341,0.0493,0.0428,-0.0,0.3011,0.2049,0.0,0.192,0.0,0.8752,0.226,1.887791407807728e-05,214.3,0.52
2641,1790895413.5765893,-0.1528,0.0414,-0.4132,-0.0,0.0762,0.0661,0.124,0.0938,0.2946,0.0579,0.0469,0.0,0.2398,0.2489,0.0,0.185,-0.0,0.8752,0.0,1.887791407807728e-05,134.1,0.44
2642,1790895414.0349598,-0.1684,0.034,-0.377,-0.031,0.0701,0.0701,0.1125,0.091,0.3867,0.0425,0.0503,-0.0,0.3129,0.2518,0.0,0.21,0.0,0.8752,0.0,1.887791407807728e-05,170.0,0.46
2643,1790895414.509465,-0.136,0.0284,-0.2825,-0.0,0.06,0.0539,0.0951,0.0736,0.3116,0.0413,0.0491,-0.0,0.4476,0.2082,0.0,0.21,0.0,0.8752,0.0,1.887791407807728e-05,207.3,0.47
2644,1790895415.0257056,-0.2221,0.0308,-0.3987,-0.0439,0.103,0.1008,0.149,0.1255,0.4828,0.0482,0.0643,-0.0,0.2855,0.3528,0.0,0.219,0.0,0.8752,0.216,1.8873594038835904e-05,244.2,0.51
2645,1790895415.4288774,-0.1995,0.0405,-0.4035,-0.0,0.0975,0.0881,0.1501,0.1177,0.4088,0.062,0.0639,-0.0,0.2545,0.3584,0.0,0.195,0.0,0.8752,0.0,1.8873594038835904e-05,151.4,0.4
2646,1790895415.9089036,-0.1571,0.0314,-0.3591,-0.0,0.0754,0.0669,0.1133,0.0871,0.3498,0.0465,0.0472,-0.0,0.255,0.2469,0.0,0.195,0.0,0.8752,0.0,1.8873594038835904e-05,174.9,0.48
2647,1790895416.4052365,-0.2349,0.0298,-0.4751,-0.0649,0.1145,0.1119,0.1549,0.1319,0.5149,0.0431,0.0754,0.0,0.4014,0.3955,0.0,0.225,-0.0,0.8752,0.0,1.8873594038835904e-05,201.5,0.49
2648,1790895416.9202402,-0.2371,0.0381,-0.5293,-0.0304,0.111,0.1044,0.1648,0.1358,0.5066,0.0604,0.0738,0.0,0.2743,0.4186,0.0,0.236,-0.0,0.8752,0.197,1.8869266195731187e-05,253.7,0.51
2649,1790895417.3888237,-0.1693,0.0434,-0.4128,-0.0,0.0675,0.0573,0.1191,0.0889,0.4018,0.0617,0.0411,-0.0,0.2299,0.2124,0.0,0.164,0.0,0.8379,0.0,1.8869266195731187e-05,117.3,0.47
2650,1790895417.876168,-0.1691,0.0345,-0.3978,-0.0,0.0738,0.0699,0.1191,0.0931,0.3799,0.0493,0.0548,0.0,0.2588,0.2966,0.0,0.206,-0.0,0.8752,0.0,1.8869266195731187e-05,149.0,0.49
2651,1790895420.4972887,-0.1753,0.0324,-0.3477,-0.0304,0.0786,0.0742,0.1235,0.0977,0.388,0.0493,0.0641,0.0,0.3361,0.3378,0.0,0.21,-0.0,0.8752,0.0,1.8869266195731187e-05,125.4,0.71
2652,1790895421.0070164,-0.1413,0.027,-0.2981,-0.0199,0.0598,0.058,0.0971,0.0763,0.3252,0.0391,0.0444,0.0,0.3071,0.2142,0.0,0.194,-0.0,0.8752,0.214,1.886493055256924e-05,215.0,0.51
2653,1790895421.4152882,-0.1991,0.0328,-0.6111,-0.0,0.109,0.097,0.1588,0.1258,0.3667,0.0618,0.0739,0.0,0.2836,0.4171,0.0,0.202,-0.0,0.7989,0.0,1.886493055256924e-05,108.3,0.41
2654,1790895421.82434,-0.1933,0.0398,-0.4929,-0.0,0.0919,0.0807,0.1426,0.1117,0.4083,0.0619,0.0591,-0.0,0.2527,0.3266,0.0,0.22,0.0,0.8379,0.0,1.886493055256924e-05,169.4,0.41
2655,1790895422.2638838,-0.1603,0.0418,-0.5011,-0.0,0.0688,0.0577,0.1172,0.0881,0.3612,0.0595,0.0604,0.0,0.3635,0.3058,0.0,0.225,-0.0,0.8752,0.0,1.886493055256924e-05,205.2,0.44
2656,1790895422.732964,-0.1698,0.0319,-0.3509,-0.0384,0.0744,0.0726,0.119,0.0947,0.3754,0.0464,0.0511,-0.0,0.2965,0.2618,0.0,0.206,0.0,0.8752,0.189,1.8860587113163037e-05,233.8,0.47
2657,1790895423.1955369,-0.1779,0.0477,-0.6775,-0.0,0.0862,0.0707,0.1504,0.1103,0.3376,0.0797,0.0713,0.0,0.3057,0.3938,0.0,0.151,-0.0,0.8379,0.0,1.8860587113163037e-05,102.4,0.46
2658,1790895423.6118271,-0.1776,0.0339,-0.4436,-0.0,0.0852,0.0788,0.1299,0.1009,0.3834,0.0511,0.0557,0.0,0.3529,0.2769,0.0,0.23,-0.0,0.8752,0.0,1.8860587113163037e-05,189.9,0.41
2659,1790895424.0889082,-0.1701,0.0323,-0.4458,-0.0,0.078,0.0729,0.1217,0.0969,0.3664,0.0488,0.0576,-0.0,0.3192,0.299,0.0,0.201,0.0,0.8752,0.0,1.8860587113163037e-05,217.6,0.47
2660,1790895424.6416519,-0.2245,0.0353,-0.3918,-0.022,0.1007,0.0961,0.1491,0.1201,0.5221,0.053,0.057,-0.0,0.2135,0.3232,0.0,0.223,0.0,0.8752,0.213,1.88562358813324e-05,245.5,0.55
2661,1790895425.0976214,-0.1355,0.0349,-0.3423,-0.0,0.0689,0.0585,0.1044,0.0771,0.2921,0.0459,0.0495,-0.0,0.2472,0.2644,0.0,0.174,0.0,0.8379,0.0,1.88562358813324e-05,108.4,0.45
2662,1790895425.5616553,-0.1815,0.0404,-0.4387,-0.0,0.074,0.0723,0.133,0.1026,0.3945,0.0607,0.0572,-0.0,0.3323,0.2925,0.0,0.227,0.0,0.8752,0.0,1.88562358813324e-05,173.3,0.46
2663,1790895426.01836,-0.16,0.0326,-0.3415,-0.0,0.0725,0.0664,0.1165,0.0902,0.3488,0.0501,0.0492,-0.0,0.3596,0.232,0.0,0.232,0.0,0.8752,0.0,1.88562358813324e-05,207.5,0.45
2664,1790895426.528544,-0.1941,0.0321,-0.4482,-0.0257,0.0891,0.0858,0.1337,0.1091,0.4249,0.0479,0.0571,0.0,0.2449,0.3153,0.0,0.222,-0.0,0.8752,0.2,1.885187686090402e-05,236.3,0.51
2665,1790895426.950477,-0.1894,0.0557,-0.4643,-0.0435,0.0759,0.0642,0.1579,0.1076,0.4094,0.0938,0.0435,-0.0,0.2534,0.2221,0.0,0.187,0.0,0.8752,0.0,1.885187686090402e-05,123.3,0.42
2666,1790895427.3899305,-0.1438,0.0277,-0.3229,-0.0,0.0627,0.0583,0.0955,0.0747,0.3458,0.0372,0.0707,-0.0,0.2404,0.4071,0.0,0.173,0.0,0.8752,0.0,1.885187686090402e-05,164.5,0.44
2667,1790895427.8364608,-0.2071,0.0289,-0.3624,-0.0779,0.0962,0.0933,0.1433,0.1172,0.4495,0.05,0.0684,0.0,0.405,0.348,0.0,0.26,-0.0,0.8752,0.0,1.885187686090402e-05,205.2,0.44
2668,1790895428.3758187,-0.1524,0.0337,-0.3775,-0.0,0.0631,0.0588,0.1117,0.0848,0.3376,0.0529,0.0453,0.0,0.3086,0.2199,0.0,0.211,-0.0,0.8752,0.19,1.884751005571142e-05,210.3,0.54
2669,1790895428.7913663,-0.1296,0.0582,-0.3722,-0.0,0.0576,0.038,0.1232,0.0768,0.2643,0.0852,0.0415,-0.0,0.2986,0.1968,0.0,0.167,0.0,0.8752,0.0,1.884751005571142e-05,115.0,0.41
2670,1790895429.2980068,-0.1745,0.0368,-0.3252,-0.0,0.0723,0.0652,0.1164,0.0903,0.4209,0.0512,0.0408,0.0,0.2974,0.1927,0.0,0.216,-0.0,0.8752,0.0,1.884751005571142e-05,161.2,0.5
2671,1790895429.7383862,-0.1661,0.0324,-0.2779,-0.0,0.0744,0.0723,0.117,0.0962,0.3496,0.0446,0.0624,-0.0,0.353,0.3216,0.0,0.218,0.0,0.8752,0.0,1.884751005571142e-05,209.4,0.44
2672,1790895430.2216284,-0.2468,0.0335,-0.4474,-0.1165,0.1107,0.1082,0.1571,0.1339,0.5644,0.0488,0.0714,0.0,0.2894,0.3985,0.0,0.251,-0.0,0.8752,0.216,1.884313546959498e-05,251.8,0.48
2673,1790895430.6392763,-0.2052,0.0345,-0.46,-0.0,0.1001,0.098,0.1515,0.1201,0.4253,0.0535,0.0652,-0.0,0.2663,0.3636,0.0,0.203,0.0,0.8379,0.0,1.884313546959498e-05,117.2,0.41
2674,1790895431.0732772,-0.1858,0.0372,-0.4952,-0.0,0.0856,0.0798,0.1404,0.1111,0.3734,0.0606,0.0576,0.0,0.2284,0.3232,0.0,0.2,-0.0,0.8752,0.0,1.884313546959498e-05,174.9,0.43
2675,1790895431.5265553,-0.1637,0.0343,-0.4444,-0.0,0.0755,0.07,0.1216,0.0951,0.3429,0.0515,0.0606,0.0,0.3633,0.3073,0.0,0.206,-0.0,0.8752,0.0,1.884313546959498e-05,205.2,0.45
2676,1790895434.245186,-0.2762,0.0377,-0.566,-0.0444,0.1357,0.1339,0.1897,0.1607,0.5773,0.0559,0.0799,-0.0,0.2655,0.4622,0.0,0.275,0.0,0.8752,0.198,1.8838753106401925e-05,146.5,0.79
2677,1790895434.6695268,-0.1701,0.0436,-0.4643,-0.0,0.083,0.0696,0.1313,0.0984,0.3586,0.0617,0.0595,0.0,0.2639,0.3266,0.0,0.177,-0.0,0.8752,0.0,1.8838753106401925e-05,116.1,0.42
2678,1790895435.1064873,-0.153,0.0336,-0.4428,-0.0,0.072,0.0642,0.1186,0.0875,0.3278,0.0544,0.0472,0.0,0.2525,0.2476,0.0,0.19,-0.0,0.8752,0.0,1.8838753106401925e-05,158.0,0.43
2679,1790895435.5518196,-0.1683,0.0355,-0.4342,-0.0,0.0696,0.0676,0.1182,0.0917,0.3828,0.0506,0.0484,0.0,0.3192,0.2377,0.0,0.211,-0.0,0.8752,0.0,1.8838753106401925e-05,199.8,0.44
2680,1790895436.0658004,-0.1771,0.0296,-0.3078,-0.0631,0.0728,0.0712,0.1148,0.0935,0.4175,0.0436,0.0471,0.0,0.2647,0.2436,0.0,0.209,-0.0,0.8752,0.18,1.883436296998631e-05,230.4,0.51
2681,1790895436.4889772,-0.2168,0.0616,-0.6286,-0.0,0.0972,0.0813,0.1899,0.1329,0.4197,0.1085,0.0626,0.0,0.3556,0.3223,0.0,0.195,-0.0,0.8752,0.0,1.883436296998631e-05,110.2,0.42
2682,1790895436.9558825,-0.1559,0.0265,-0.4795,-0.0,0.071,0.0669,0.1045,0.0875,0.3422,0.0376,0.0529,-0.0,0.2693,0.2806,0.0,0.174,0.0,0.8752,0.0,1.883436296998631e-05,166.8,0.46
2683,1790895437.434016,-0.1661,0.0344,-0.3736,-0.0,0.0643,0.0622,0.1114,0.0906,0.3774,0.0492,0.0472,0.0,0.3267,0.2277,0.0,0.214,-0.0,0.8752,0.0,1.883436296998631e-05,199.2,0.48
2684,1790895437.9023767,-0.1818,0.0289,-0.3045,-0.0348,0.0826,0.0809,0.1266,0.1035,0.3914,0.0457,0.0635,0.0,0.2865,0.347,0.0,0.216,-0.0,0.8752,0.227,1.882996506420903e-05,240.1,0.47
2685,1790895438.3185573,-0.1127,0.0349,-0.3422,-0.0,0.0597,0.0473,0.0952,0.0688,0.2197,0.0479,0.039,-0.0,0.2314,0.1981,0.0,0.157,0.0,0.8379,0.0,1.882996506420903e-05,127.5,0.41
2686,1790895438.7722213,-0.1744,0.0334,-0.4137,-0.0379,0.0788,0.0767,0.1243,0.0999,0.3724,0.0477,0.0494,-0.0,0.2583,0.2605,0.0,0.206,0.0,0.8752,0.0,1.882996506420903e-05,185.4,0.45
2687,1790895439.2504284,-0.1986,0.0459,-0.4591,-0.0,0.0785,0.0747,0.1429,0.1125,0.4306,0.0682,0.0578,-0.0,0.46,0.2629,0.0,0.26,0.0,0.8752,0.0,1.882996506420903e-05,191.1,0.48
2688,1790895439.7444131,-0.2113,0.0329,-0.3667,-0.0,0.0909,0.0876,0.1363,0.1137,0.4881,0.0487,0.0614,-0.0,0.2818,0.3343,0.0,0.222,0.0,0.8752,0.172,1.8825559392937818e-05,237.3,0.49
2689,1790895440.2270293,-0.1417,0.0524,-0.3429,-0.0,0.0531,0.0498,0.1199,0.0782,0.3173,0.0701,0.0423,0.0,0.3352,0.1924,0.0,0.175,-0.0,0.8752,0.0,1.8825559392937818e-05,108.8,0.48
2690,1790895440.7139661,-0.1657,0.049,-0.45,-0.0,0.061,0.0525,0.1274,0.0902,0.3773,0.0748,0.0439,0.0,0.2583,0.2236,0.0,0.209,-0.0,0.8752,0.0,1.8825559392937818e-05,167.1,0.48
2691,1790895441.1368933,-0.2394,0.0366,-0.5647,-0.0263,0.1189,0.1121,0.1748,0.1432,0.4808,0.0627,0.0755,-0.0,0.3233,0.4174,0.0,0.244,0.0,0.8752,0.0,1.8825559392937818e-05,211.0,0.42
2692,1790895441.6820068,-0.1816,0.0292,-0.2708,-0.0659,0.075,0.0723,0.1122,0.0944,0.4363,0.0399,0.0489,0.0,0.2504,0.2591,0.0,0.196,-0.0,0.8752,0.192,1.8821145960047232e-05,210.3,0.54
2693,1790895442.1404543,-0.126,0.0577,-0.4658,-0.0,0.0415,0.0345,0.1198,0.0721,0.2696,0.0853,0.0347,-0.0,0.2813,0.1566,0.0,0.177,0.0,0.8752,0.0,1.8821145960047232e-05,106.0,0.46
2694,1790895442.5741167,-0.1491,0.0382,-0.4845,-0.0,0.0595,0.0565,0.1108,0.0836,0.3276,0.0543,0.0412,0.0,0.2216,0.2155,0.0,0.203,0.0,0.8752,0.0,1.8821145960047232e-05,154.0,0.43
2695,1790895443.0279045,-0.1643,0.0392,-0.4405,-0.0277,0.0676,0.0653,0.1227,0.0912,0.3657,0.0574,0.0459,-0.0,0.2972,0.2266,0.0,0.207,0.0,0.8752,0.0,1.8821145960047232e-05,186.6,0.45
2696,1790895443.5913672,-0.2204,0.0286,-0.4363,-0.0302,0.1136,0.1065,0.1512,0.1274,0.4654,0.0447,0.0755,-0.0,0.3189,0.4184,0.0,0.225,0.0,0.8752,0.187,1.8816724769418652e-05,204.0,0.56
2697,1790895444.0473597,-0.1719,0.0361,-0.4531,-0.0,0.0934,0.0739,0.1268,0.1037,0.3412,0.0529,0.0492,0.0,0.237,0.2648,0.0,0.174,-0.0,0.7989,0.0,1.8816724769418652e-05,122.3,0.45
2698,1790895444.5302663,-0.1605,0.0368,-0.4176,-0.0329,0.0687,0.0643,0.1192,0.0914,0.3455,0.0549,0.0523,-0.0,0.3525,0.2548,0.0,0.212,0.0,0.8752,0.0,1.8816724769418652e-05,172.3,0.48
2699,1790895445.0237918,-0.1793,0.0327,-0.3314,-0.0306,0.0742,0.0723,0.1241,0.1001,0.3962,0.0518,0.0509,0.0,0.3031,0.2588,0.0,0.219,-0.0,0.8752,0.0,1.8816724769418652e-05,192.2,0.49
2700,1790895445.541498,-0.2322,0.0353,-0.5056,-0.0902,0.0939,0.0909,0.1498,0.1231,0.5455,0.0589,0.067,0.0,0.3018,0.3662,0.0,0.222,-0.0,0.8752,0.195,1.8812295824940284e-05,235.1,0.51
2701,1790895448.3198526,-0.1297,0.0458,-0.3852,-0.0,0.0556,0.0373,0.1115,0.0732,0.2825,0.0742,0.0357,-0.0,0.2434,0.1731,0.0,0.167,0.0,0.8379,0.0,1.8812295824940284e-05,67.1,0.71
2702,1790895448.9388278,-0.192,0.0387,-0.4551,-0.0,0.0948,0.0863,0.1487,0.1127,0.3962,0.0624,0.0562,-0.0,0.2315,0.3131,0.0,0.206,0.0,0.8752,0.0,1.8812295824940284e-05,128.0,0.61
2703,1790895449.4450448,-0.1476,0.0331,-0.3541,-0.0,0.068,0.0574,0.1011,0.0783,0.3464,0.0437,0.0472,-0.0,0.3541,0.2206,0.0,0.2,0.0,0.8752,0.0,1.8812295824940284e-05,186.2,0.5
2704,1790895449.957683,-0.1948,0.0325,-0.3771,-0.0559,0.0874,0.0852,0.1317,0.1096,0.4261,0.0465,0.0649,0.0,0.2963,0.3538,0.0,0.22,-0.0,0.8752,0.17,1.8807859130507165e-05,231.4,0.51
2705,1790895450.407496,-0.1961,0.0487,-0.475,-0.0,0.0876,0.078,0.1569,0.1138,0.4117,0.0788,0.0553,0.0,0.2844,0.2927,0.0,0.201,-0.0,0.8752,0.0,1.8807859130507165e-05,114.1,0.45
2706,1790895450.8515558,-0.2196,0.0479,-0.4863,-0.0,0.0941,0.0889,0.1664,0.1276,0.4599,0.0776,0.0704,-0.0,0.2827,0.394,0.0,0.231,0.0,0.8752,0.0,1.8807859130507165e-05,157.6,0.44
2707,1790895451.3299687,-0.1713,0.0342,-0.3866,-0.0,0.0759,0.0676,0.1198,0.0919,0.397,0.0521,0.0482,-0.0,0.3086,0.2388,0.0,0.217,0.0,0.8752,0.0,1.8807859130507165e-05,188.6,0.48
2708,1790895451.863579,-0.2351,0.04,-0.4647,-0.022,0.1086,0.1025,0.1677,0.134,0.5055,0.0652,0.0714,-0.0,0.3294,0.388,0.0,0.267,0.0,0.8752,0.189,1.880341469002112e-05,222.1,0.53
2709,1790895452.3026137,-0.1746,0.0482,-0.5882,-0.0,0.0933,0.0714,0.1412,0.1003,0.3715,0.0698,0.0523,-0.0,0.315,0.2649,0.0,0.19,0.0,0.8752,0.0,1.880341469002112e-05,103.7,0.43
2710,1790895452.8045342,-0.1939,0.0325,-0.497,-0.0315,0.0873,0.0841,0.1341,0.1097,0.4209,0.05,0.0568,-0.0,0.257,0.3102,0.0,0.218,0.0,0.8752,0.0,1.880341469002112e-05,151.3,0.5
2711,1790895453.2985473,-0.175,0.0322,-0.3739,-0.0,0.078,0.0771,0.1265,0.1028,0.3612,0.0493,0.0578,-0.0,0.362,0.2891,0.0,0.218,0.0,0.8752,0.0,1.880341469002112e-05,190.3,0.49
2712,1790895453.8634224,-0.1666,0.0283,-0.3829,-0.0,0.0721,0.0704,0.1154,0.0917,0.3746,0.045,0.0495,0.0,0.3097,0.2475,0.0,0.236,-0.0,0.8752,0.189,1.8798962507390818e-05,215.7,0.56
2713,1790895454.2701807,-0.1295,0.0261,-0.2929,-0.0,0.0598,0.0498,0.0918,0.071,0.2924,0.0419,0.0347,-0.0,0.2721,0.159,0.0,0.173,0.0,0.7989,0.0,1.8798962507390818e-05,124.8,0.4
2714,1790895454.7415907,-0.1968,0.0439,-0.5219,-0.0,0.0923,0.0805,0.1567,0.1161,0.4036,0.0762,0.0552,-0.0,0.3107,0.2851,0.0,0.242,0.0,0.8752,0.0,1.8798962507390818e-05,152.0,0.47
2715,1790895455.1777995,-0.1612,0.0355,-0.3179,-0.0,0.0696,0.0625,0.1181,0.0904,0.354,0.0556,0.0474,-0.0,0.3369,0.2261,0.0,0.205,0.0,0.8752,0.0,1.8798962507390818e-05,210.6,0.43
2716,1790895455.6522706,-0.254,0.0358,-0.3856,-0.0225,0.1137,0.1117,0.1673,0.1418,0.561,0.0556,0.0812,-0.0,0.2474,0.4754,0.0,0.233,0.0,0.8752,0.192,1.879450258653171e-05,248.9,0.47
2717,1790895456.0599957,-0.1251,0.0288,-0.4153,-0.0,0.057,0.0483,0.0904,0.0711,0.2698,0.0421,0.0441,0.0,0.2484,0.228,0.0,0.162,0.0,0.7146,0.0,1.879450258653171e-05,114.1,0.41
2718,1790895456.543648,-0.189,0.0397,-0.3956,-0.0,0.0817,0.0762,0.1362,0.1034,0.4277,0.0601,0.044,-0.0,0.2054,0.2386,0.0,0.22,0.0,0.8752,0.0,1.879450258653171e-05,161.4,0.48
2719,1790895456.9902854,-0.1778,0.0358,-0.4174,-0.0254,0.0724,0.0715,0.1275,0.0993,0.3925,0.056,0.0532,-0.0,0.3226,0.2687,0.0,0.224,0.0,0.8752,0.0,1.879450258653171e-05,218.4,0.44
2720,1790895457.49008,-0.1884,0.0274,-0.3493,-0.0576,0.0893,0.0869,0.122,0.1039,0.4224,0.0351,0.0554,0.0,0.2436,0.3046,0.0,0.219,-0.0,0.8752,0.176,1.8790034931366073e-05,255.3,0.5
2721,1790895457.9310274,-0.1915,0.0456,-0.4933,-0.0,0.0806,0.0754,0.1515,0.1113,0.4007,0.0761,0.0511,-0.0,0.2737,0.2674,0.0,0.232,0.0,0.8752,0.0,1.8790034931366073e-05,126.4,0.44
2722,1790895458.3694015,-0.2035,0.0343,-0.3879,-0.0348,0.0982,0.0921,0.15,0.1207,0.4137,0.0579,0.0628,0.0,0.3283,0.3308,0.0,0.236,-0.0,0.8752,0.0,1.8790034931366073e-05,175.5,0.44
2723,1790895458.8535445,-0.1562,0.0277,-0.3887,-0.0,0.0683,0.062,0.1037,0.0842,0.3598,0.0417,0.0518,0.0,0.301,0.265,0.0,0.202,-0.0,0.8379,0.0,1.8790034931366073e-05,186.5,0.48
2724,1790895459.33381,-0.1623,0.036,-0.3376,-0.0611,0.0611,0.0568,0.1098,0.0847,0.3879,0.0531,0.0413,-0.0,0.2936,0.197,0.0,0.22,0.0,0.8752,0.178,1.878555954582297e-05,219.7,0.48
2725,1790895459.7756684,-0.1695,0.0342,-0.4356,-0.0,0.0818,0.0703,0.1259,0.0969,0.3628,0.0556,0.0499,0.0,0.2532,0.2651,0.0,0.18,-0.0,0.8379,0.0,1.878555954582297e-05,126.9,0.44
2726,1790895462.3264906,-0.2036,0.038,-0.492,-0.0341,0.0874,0.086,0.1478,0.1156,0.4398,0.0618,0.0598,-0.0,0.3359,0.3089,0.0,0.227,0.0,0.8752,0.0,1.878555954582297e-05,124.5,0.62
2727,1790895462.8484519,-0.1358,0.0306,-0.255,-0.0,0.0509,0.0466,0.0892,0.0693,0.3326,0.0426,0.0379,0.0,0.2712,0.1805,0.0,0.187,-0.0,0.8752,0.0,1.878555954582297e-05,182.9,0.52
2728,1790895463.371293,-0.1795,0.0314,-0.4412,-0.0243,0.0839,0.0822,0.1266,0.1019,0.388,0.0444,0.0542,-0.0,0.276,0.2877,0.0,0.225,0.0,0.8752,0.169,1.8781076433838268e-05,233.1,0.52
2729,1790895463.775506,-0.1586,0.0463,-0.469,-0.0,0.0705,0.0516,0.128,0.087,0.3578,0.0764,0.047,0.0,0.2874,0.2369,0.0,0.181,-0.0,0.8752,0.0,1.8781076433838268e-05,139.9,0.4
2730,1790895464.1984215,-0.189,0.0405,-0.4076,-0.0354,0.08,0.0731,0.1319,0.1042,0.4242,0.0588,0.0485,0.0,0.216,0.2655,0.0,0.201,-0.0,0.8752,0.0,1.8781076433838268e-05,179.3,0.42
2731,1790895464.6879623,-0.1851,0.0319,-0.4007,-0.0444,0.0867,0.0814,0.1338,0.1074,0.3882,0.0525,0.0611,0.0,0.3487,0.3145,0.0,0.239,-0.0,0.8752,0.0,1.8781076433838268e-05,194.4,0.49
2732,1790895465.15137,-0.2175,0.0346,-0.3543,-0.0475,0.0926,0.0884,0.1427,0.1166,0.5046,0.0543,0.0592,-0.0,0.2601,0.3256,0.0,0.216,0.0,0.8752,0.189,1.8776585599354636e-05,244.9,0.46
2733,1790895465.558844,-0.1326,0.0411,-0.4106,-0.0,0.0548,0.0509,0.1097,0.0772,0.2769,0.0588,0.0371,-0.0,0.2178,0.1891,0.0,0.176,0.0,0.8379,0.0,1.8776585599354636e-05,130.7,0.41
2734,1790895466.0264454,-0.198,0.0405,-0.4495,-0.0422,0.0905,0.0894,0.1517,0.1181,0.3994,0.0623,0.0635,-0.0,0.3006,0.3429,0.0,0.227,0.0,0.8752,0.0,1.8776585599354636e-05,165.6,0.46
2735,1790895466.5184195,-0.2184,0.0291,-0.4357,-0.0308,0.1062,0.1006,0.1518,0.1254,0.465,0.0512,0.0643,0.0,0.2691,0.3566,0.0,0.221,-0.0,0.8752,0.0,1.8776585599354636e-05,181.6,0.49
2736,1790895467.0440338,-0.2164,0.0247,-0.3537,-0.0513,0.1051,0.1015,0.1393,0.1214,0.4749,0.0378,0.0607,0.0,0.2547,0.3368,0.0,0.222,-0.0,0.8752,0.189,1.877208704632153e-05,231.9,0.52
2737,1790895467.489405,-0.1489,0.0418,-0.4643,-0.0,0.0631,0.0564,0.1183,0.0847,0.321,0.0618,0.042,0.0,0.2768,0.2062,0.0,0.187,-0.0,0.7579,0.0,1.877208704632153e-05,101.7,0.44
2738,1790895467.9411416,-0.1456,0.0401,-0.3167,-0.0,0.0563,0.0549,0.1115,0.0817,0.3197,0.0566,0.047,-0.0,0.246,0.2481,0.0,0.182,0.0,0.8752,0.0,1.877208704632153e-05,145.3,0.45
2739,1790895468.4110177,-0.2038,0.0292,-0.443,-0.0,0.0988,0.0979,0.1426,0.1212,0.4129,0.0447,0.0727,0.0,0.3537,0.3905,0.0,0.236,-0.0,0.8752,0.0,1.877208704632153e-05,192.0,0.47
2740,1790895468.931653,-0.2341,0.0351,-0.5022,-0.0348,0.1154,0.1145,0.1621,0.1381,0.4798,0.0476,0.0717,0.0,0.2924,0.4001,0.0,0.262,-0.0,0.8752,0.206,1.8767580778695188e-05,213.9,0.52
2741,1790895469.357122,-0.1411,0.0392,-0.4727,-0.0,0.0562,0.051,0.1047,0.0716,0.3472,0.0537,0.0639,-0.0,0.3279,0.3385,0.0,0.191,0.0,0.8379,0.0,1.8767580778695188e-05,121.3,0.42
2742,1790895469.8060842,-0.2161,0.0397,-0.4083,-0.0343,0.0973,0.0938,0.1558,0.1274,0.4435,0.062,0.0587,0.0,0.3089,0.3087,0.0,0.236,-0.0,0.8752,0.0,1.8767580778695188e-05,151.4,0.45
2743,1790895470.247354,-0.1895,0.0374,-0.4182,-0.084,0.0876,0.0816,0.1405,0.1101,0.3967,0.0589,0.0618,-0.0,0.4394,0.2947,0.0,0.221,0.0,0.8752,0.0,1.8767580778695188e-05,197.4,0.44
2744,1790895470.7909846,-0.1976,0.0301,-0.3163,-0.0523,0.0913,0.0875,0.1292,0.1101,0.4373,0.0417,0.0603,0.0,0.3153,0.3176,0.0,0.218,-0.0,0.8752,0.191,1.8763066800438638e-05,214.1,0.54
2745,1790895471.2720032,-0.1953,0.0485,-0.4877,-0.0472,0.0866,0.0759,0.1464,0.1133,0.4099,0.0705,0.0626,0.0,0.2984,0.3375,0.0,0.219,-0.0,0.8752,0.0,1.8763066800438638e-05,93.8,0.48
2746,1790895471.7364776,-0.1306,0.0339,-0.3314,-0.0,0.0498,0.0476,0.1015,0.0691,0.3073,0.0539,0.0361,0.0,0.2477,0.1746,0.0,0.189,-0.0,0.8752,0.0,1.8763066800438638e-05,144.3,0.46
2747,1790895472.224198,-0.1909,0.0386,-0.4256,-0.0333,0.0862,0.0813,0.1375,0.11,0.4045,0.0561,0.0563,0.0,0.3071,0.2935,0.0,0.209,-0.0,0.8752,0.0,1.8763066800438638e-05,173.3,0.48
2748,1790895472.7711086,-0.1985,0.0388,-0.4423,-0.0257,0.0882,0.0855,0.1435,0.1124,0.431,0.0581,0.0515,0.0,0.2841,0.2678,0.0,0.215,-0.0,0.8752,0.222,1.875854511552169e-05,198.5,0.54
2749,1790895473.2495308,-0.1602,0.0449,-0.4188,-0.0,0.0579,0.0512,0.1195,0.0842,0.3797,0.0683,0.0372,-0.0,0.2367,0.1851,0.0,0.176,0.0,0.8379,0.0,1.875854511552169e-05,107.0,0.48
2750,1790895473.6835523,-0.1778,0.0297,-0.4056,-0.0,0.078,0.0741,0.1179,0.0977,0.4008,0.0438,0.0527,0.0,0.3297,0.2637,0.0,0.197,-0.0,0.8379,0.0,1.875854511552169e-05,208.5,0.43
2751,1790895476.2334328,-0.265,0.0382,-0.4503,-0.1221,0.1268,0.1258,0.1884,0.1568,0.5413,0.0627,0.1111,0.0,0.2928,0.6629,0.0,0.23,-0.0,0.8783,0.0,1.875854511552169e-05,137.4,0.6
2752,1790895476.6853318,-0.1353,0.0348,-0.2984,-0.0,0.0533,0.0533,0.1014,0.0734,0.3095,0.0481,0.0367,-0.0,0.2508,0.1779,0.0,0.167,0.0,0.8379,0.208,1.875401572792093e-05,117.3,0.45
2753,1790895477.0778809,-0.1686,0.0408,-0.3439,-0.0,0.0689,0.0625,0.1237,0.0926,0.3796,0.0611,0.0483,-0.0,0.2783,0.2478,0.0,0.207,0.0,0.8752,0.0,1.875401572792093e-05,182.6,0.39
2754,1790895477.5300708,-0.1965,0.0401,-0.4231,-0.0277,0.0907,0.0873,0.1485,0.1161,0.4021,0.0612,0.0636,0.0,0.2646,0.3534,0.0,0.218,-0.0,0.8752,0.0,1.875401572792093e-05,192.4,0.45
2755,1790895478.0217285,-0.1901,0.0296,-0.3498,-0.0,0.0915,0.0869,0.128,0.108,0.4105,0.0411,0.0543,0.0,0.2824,0.2865,0.0,0.222,-0.0,0.8752,0.0,1.875401572792093e-05,215.7,0.49
2756,1790895478.445693,-0.1377,0.0309,-0.3556,-0.0,0.0562,0.0545,0.0939,0.0723,0.3274,0.0394,0.0376,-0.0,0.2773,0.177,0.0,0.177,-0.0,0.7989,0.169,1.8749478641619716e-05,122.6,0.42
2757,1790895478.8652148,-0.1952,0.04,-0.3847,-0.0265,0.0818,0.0777,0.1406,0.1092,0.4299,0.0629,0.0571,-0.0,0.3933,0.276,0.0,0.243,0.0,0.8752,0.0,1.8749478641619716e-05,194.9,0.42
2758,1790895479.2923892,-0.1685,0.0326,-0.3877,-0.0,0.0726,0.0696,0.1177,0.0918,0.3835,0.0481,0.0518,-0.0,0.3986,0.239,0.0,0.21,0.0,0.8752,0.0,1.8749478641619716e-05,217.6,0.42
2759,1790895479.7865093,-0.1988,0.0291,-0.4018,-0.0331,0.0927,0.0876,0.1318,0.1093,0.4472,0.0442,0.0629,-0.0,0.2683,0.3479,0.0,0.207,0.0,0.8752,0.0,1.8749478641619716e-05,221.7,0.49
2760,1790895480.2392654,-0.0821,0.0389,-0.3052,-0.0,0.0292,0.025,0.0775,0.0454,0.1836,0.0524,0.0292,-0.0,0.2815,0.1195,0.0,0.154,0.0,0.8379,0.162,1.8744933860608183e-05,108.1,0.45
2761,1790895480.6748166,-0.1741,0.0307,-0.3818,-0.0304,0.0938,0.0798,0.1238,0.1023,0.359,0.044,0.0551,-0.0,0.2901,0.29,0.0,0.2,0.0,0.8752,0.0,1.8744933860608183e-05,184.2,0.43
2762,1790895481.1396275,-0.1506,0.0345,-0.378,-0.0243,0.0645,0.0624,0.1124,0.0844,0.3309,0.05,0.0517,-0.0,0.3277,0.2571,0.0,0.217,0.0,0.8752,0.0,1.8744933860608183e-05,199.5,0.46
2763,1790895481.604222,-0.2072,0.0292,-0.4553,-0.0342,0.1009,0.093,0.1413,0.1175,0.4485,0.0483,0.0613,-0.0,0.295,0.3302,0.0,0.214,0.0,0.8752,0.0,1.8744933860608183e-05,261.5,0.46
2764,1790895482.0988214,-0.1044,0.0402,-0.3333,-0.0,0.0337,0.0265,0.0856,0.0568,0.2378,0.059,0.03,0.0,0.294,0.1218,0.0,0.151,-0.0,0.7989,0.185,1.8740381388883223e-05,110.1,0.49
2765,1790895482.5865278,-0.1821,0.0364,-0.3563,-0.0479,0.0848,0.0738,0.1268,0.0961,0.4299,0.0531,0.0504,-0.0,0.2547,0.2684,0.0,0.184,0.0,0.8752,0.0,1.8740381388883223e-05,163.1,0.48
2766,1790895483.039092,-0.1598,0.0287,-0.3461,-0.0595,0.0703,0.0695,0.1145,0.0909,0.3444,0.0451,0.0492,0.0,0.3771,0.2275,0.0,0.2,-0.0,0.8752,0.0,1.8740381388883223e-05,204.5,0.45
2767,1790895483.5717282,-0.2031,0.0362,-0.4477,-0.026,0.082,0.0805,0.1317,0.1048,0.4919,0.0512,0.0641,0.0,0.2611,0.3576,0.0,0.205,-0.0,0.8752,0.0,1.8740381388883223e-05,231.4,0.53
2768,1790895484.0701773,-0.1237,0.0392,-0.2879,-0.0,0.0519,0.0473,0.098,0.0703,0.2668,0.0507,0.0421,0.0,0.2377,0.2174,0.0,0.161,-0.0,0.8752,0.166,1.8735821230448505e-05,98.3,0.5
2769,1790895484.521429,-0.1506,0.0342,-0.4112,-0.0304,0.061,0.0586,0.1108,0.0822,0.3421,0.0523,0.0445,0.0,0.3614,0.2001,0.0,0.212,-0.0,0.8752,0.0,1.8735821230448505e-05,169.7,0.45
2770,1790895484.9633577,-0.1901,0.0341,-0.3269,-0.0485,0.0879,0.0837,0.1428,0.1135,0.3829,0.0591,0.0607,-0.0,0.3445,0.3129,0.0,0.223,0.0,0.8752,0.0,1.8735821230448505e-05,219.9,0.44
2771,1790895485.4339185,-0.1713,0.0297,-0.4019,-0.0,0.07,0.0689,0.1135,0.0919,0.3972,0.0446,0.048,0.0,0.2536,0.2522,0.0,0.204,-0.0,0.8752,0.0,1.8735821230448505e-05,247.7,0.47
2772,1790895485.8787842,-0.1324,0.0407,-0.3563,-0.0,0.0591,0.0507,0.1042,0.0728,0.2982,0.0535,0.051,-0.0,0.2744,0.2671,0.0,0.176,0.0,0.8379,0.178,1.8731253389314448e-05,118.9,0.44
2773,1790895486.3347983,-0.1495,0.03,-0.3661,-0.0,0.0696,0.0625,0.1131,0.0852,0.3219,0.0506,0.0459,-0.0,0.3176,0.2215,0.0,0.203,0.0,0.8752,0.0,1.8731253389314448e-05,157.3,0.45
2774,1790895486.7736719,-0.183,0.0377,-0.3493,-0.0262,0.0814,0.079,0.1311,0.1033,0.3981,0.052,0.0611,-0.0,0.3721,0.3081,0.0,0.225,0.0,0.8752,0.0,1.8731253389314448e-05,198.6,0.44
2775,1790895487.2683759,-0.2352,0.028,-0.4164,-0.0374,0.1127,0.109,0.1552,0.1302,0.5249,0.0461,0.0642,0.0,0.2441,0.3631,0.0,0.23,-0.0,0.8752,0.0,1.8731253389314448e-05,257.1,0.49
2776,1790895489.8978605,-0.1542,0.0464,-0.3273,-0.0,0.0679,0.0509,0.1225,0.0903,0.3194,0.0716,0.0392,-0.0,0.2682,0.1901,0.0,0.176,0.0,0.8752,0.187,1.8726677869498228e-05,72.1,0.63
2777,1790895490.4098337,-0.1873,0.0453,-0.5404,-0.0,0.0812,0.0712,0.1462,0.1048,0.4126,0.075,0.0561,0.0,0.2972,0.2948,0.0,0.218,-0.0,0.8752,0.0,1.8726677869498228e-05,137.4,0.51
2778,1790895490.8582387,-0.1439,0.0296,-0.3692,-0.0304,0.0561,0.055,0.0999,0.0766,0.3363,0.045,0.0435,0.0,0.3883,0.1867,0.0,0.195,-0.0,0.8752,0.0,1.8726677869498228e-05,203.3,0.45
2779,1790895491.3692245,-0.2357,0.0311,-0.5083,-0.0321,0.1177,0.1105,0.1628,0.1364,0.4964,0.0523,0.0747,0.0,0.2745,0.4246,0.0,0.238,-0.0,0.8752,0.0,1.8726677869498228e-05,242.8,0.51
2780,1790895491.8142595,-0.1331,0.0355,-0.4114,-0.0,0.0583,0.0511,0.0979,0.0732,0.2996,0.0468,0.0382,-0.0,0.2194,0.1963,0.0,0.177,0.0,0.7989,0.169,1.8722094675023773e-05,129.9,0.44
2781,1790895492.230498,-0.1715,0.0338,-0.4329,-0.0,0.0765,0.0702,0.1206,0.0947,0.3842,0.0503,0.0484,-0.0,0.3554,0.228,0.0,0.211,0.0,0.8752,0.0,1.8722094675023773e-05,195.0,0.41
2782,1790895492.692924,-0.1774,0.0218,-0.4633,-0.0513,0.0837,0.0814,0.1159,0.0978,0.3981,0.0345,0.0537,0.0,0.4067,0.2497,0.0,0.209,-0.0,0.8752,0.0,1.8722094675023773e-05,211.4,0.46
2783,1790895493.221173,-0.2331,0.0281,-0.4093,-0.1,0.1151,0.1091,0.1536,0.1312,0.5092,0.0446,0.0685,0.0,0.2769,0.3831,0.0,0.212,-0.0,0.8752,0.0,1.8722094675023773e-05,234.1,0.52
2784,1790895493.7101066,-0.1339,0.0464,-0.3225,-0.0,0.052,0.0443,0.1156,0.077,0.2842,0.0713,0.0387,0.0,0.2949,0.1794,0.0,0.16,-0.0,0.8752,0.215,1.871750380992177e-05,100.6,0.49
2785,1790895494.1783128,-0.1624,0.0372,-0.3553,-0.0,0.0828,0.0649,0.1219,0.0937,0.3433,0.057,0.0432,0.0,0.2437,0.2232,0.0,0.183,-0.0,0.8752,0.0,1.871750380992177e-05,145.4,0.47
2786,1790895494.6434867,-0.2294,0.0435,-0.4259,-0.0302,0.1122,0.1031,0.167,0.1331,0.4817,0.0639,0.0757,0.0,0.2854,0.4287,0.0,0.253,-0.0,0.8752,0.0,1.871750380992177e-05,180.0,0.46
2787,1790895495.1112154,-0.214,0.0289,-0.4647,-0.0485,0.0977,0.0956,0.1478,0.124,0.45,0.0522,0.0666,-0.0,0.3306,0.3556,0.0,0.237,0.0,0.8752,0.0,1.871750380992177e-05,220.2,0.46
2788,1790895495.5583696,-0.1434,0.0517,-0.4733,-0.0,0.0552,0.0518,0.1237,0.0848,0.2928,0.072,0.0412,-0.0,0.2812,0.1996,0.0,0.204,0.0,0.8752,0.244,1.8712905278229644e-05,113.6,0.44
2789,1790895495.960924,-0.1657,0.0383,-0.4432,-0.0,0.0738,0.0668,0.1277,0.0965,0.3463,0.0609,0.054,0.0,0.2874,0.2832,0.0,0.202,-0.0,0.8752,0.0,1.8712905278229644e-05,192.2,0.4
2790,1790895496.4076185,-0.1981,0.0312,-0.3822,-0.053,0.0894,0.086,0.1316,0.1096,0.4424,0.0456,0.0614,-0.0,0.3211,0.3237,0.0,0.242,0.0,0.8752,0.0,1.8712905278229644e-05,195.2,0.44
2791,1790895496.886275,-0.1709,0.0335,-0.4263,-0.0491,0.0728,0.0707,0.1182,0.095,0.3795,0.0475,0.051,0.0,0.302,0.2596,0.0,0.216,-0.0,0.8752,0.0,1.8712905278229644e-05,232.2,0.48
2792,1790895497.403606,-0.1328,0.039,-0.3123,-0.0,0.0577,0.0488,0.1113,0.0786,0.2709,0.0625,0.0466,0.0,0.2797,0.236,0.0,0.168,-0.0,0.8379,0.193,1.8708299083991566e-05,84.3,0.51
2793,1790895497.8958259,-0.1643,0.0363,-0.3961,-0.0,0.0749,0.0661,0.1222,0.0943,0.3499,0.0561,0.036,-0.0,0.235,0.1775,0.0,0.174,0.0,0.8752,0.0,1.8708299083991566e-05,138.9,0.49
2794,1790895498.346382,-0.2213,0.0368,-0.5086,-0.0244,0.1027,0.0965,0.1541,0.1246,0.4839,0.0577,0.0829,0.0,0.4262,0.4392,0.0,0.256,-0.0,0.8752,0.0,1.8708299083991566e-05,193.5,0.45
2795,1790895498.7983756,-0.2234,0.0291,-0.5731,-0.0308,0.1089,0.1077,0.1557,0.1291,0.4717,0.048,0.0695,0.0,0.3051,0.382,0.0,0.229,-0.0,0.8752,0.0,1.8708299083991566e-05,249.5,0.45
2796,1790895499.2645376,-0.1676,0.0314,-0.4209,-0.0,0.0728,0.0669,0.1219,0.0952,0.3621,0.055,0.0693,0.0,0.2381,0.3985,0.0,0.185,-0.0,0.7989,0.177,1.8703685231258437e-05,116.9,0.46
2797,1790895499.6687799,-0.1237,0.041,-0.4097,-0.0,0.0489,0.0412,0.0937,0.0651,0.2929,0.0525,0.0358,0.0,0.3245,0.1519,0.0,0.183,-0.0,0.8752,0.0,1.8703685231258437e-05,190.7,0.4
2798,1790895500.117658,-0.1688,0.0339,-0.3803,-0.0,0.0713,0.0665,0.1183,0.0937,0.3756,0.0517,0.0623,-0.0,0.3921,0.3108,0.0,0.204,0.0,0.8752,0.0,1.8703685231258437e-05,214.8,0.45
2799,1790895500.6009345,-0.2007,0.0344,-0.4925,-0.0561,0.0867,0.082,0.1329,0.1075,0.466,0.0508,0.0576,0.0,0.2765,0.3099,0.0,0.219,-0.0,0.8752,0.0,1.8703685231258437e-05,272.6,0.48
2800,1790895501.090042,-0.1144,0.0351,-0.3369,-0.0,0.0479,0.0431,0.0885,0.0634,0.2546,0.0454,0.0303,0.0,0.2397,0.1379,0.0,0.176,0.0,0.7989,0.197,1.8699063724087905e-05,107.9,0.49
2801,1790895503.7739654,-0.1748,0.0355,-0.4297,-0.0,0.079,0.0746,0.127,0.1025,0.3612,0.0524,0.0806,-0.0,0.2632,0.4671,0.0,0.196,0.0,0.8752,0.0,1.8699063724087905e-05,116.1,0.66
2802,1790895504.2783554,-0.1857,0.0322,-0.4283,-0.0262,0.0802,0.0788,0.1292,0.105,0.4033,0.0504,0.0574,-0.0,0.3272,0.2956,0.0,0.212,0.0,0.8752,0.0,1.8699063724087905e-05,174.9,0.5
2803,1790895504.780927,-0.1815,0.0325,-0.3967,-0.0257,0.0777,0.0758,0.1325,0.1031,0.3919,0.0567,0.0506,-0.0,0.3022,0.257,0.0,0.215,0.0,0.8752,0.0,1.8699063724087905e-05,220.1,0.5
2804,1790895505.2336462,-0.1562,0.0409,-0.4009,-0.0,0.0674,0.0605,0.1215,0.0885,0.3388,0.061,0.0534,-0.0,0.3185,0.2713,0.0,0.213,0.0,0.8752,0.201,1.8694434566544344e-05,124.1,0.45
2805,1790895505.6537247,-0.2304,0.0366,-0.5718,-0.0424,0.1203,0.103,0.168,0.1377,0.4635,0.0651,0.0812,-0.0,0.415,0.4309,0.0,0.234,0.0,0.8752,0.0,1.8694434566544344e-05,204.0,0.42
2806,1790895506.0984726,-0.1808,0.0281,-0.4517,-0.0,0.0866,0.0827,0.1233,0.1025,0.3915,0.0406,0.0561,0.0,0.261,0.3047,0.0,0.202,-0.0,0.8752,0.0,1.8694434566544344e-05,212.5,0.44
2807,1790895506.639928,-0.2438,0.0381,-0.4199,-0.0779,0.1094,0.1061,0.1705,0.1374,0.5321,0.0644,0.0646,0.0,0.2423,0.3661,0.0,0.243,-0.0,0.8752,0.0,1.8694434566544344e-05,220.6,0.54
2808,1790895507.0871327,-0.1008,0.0424,-0.35,-0.0,0.0325,0.0301,0.0831,0.0527,0.2407,0.053,0.027,-0.0,0.2559,0.1118,0.0,0.156,-0.0,0.7989,0.229,1.8689797762698854e-05,102.2,0.44
2809,1790895507.5546796,-0.1737,0.041,-0.4357,-0.0,0.0749,0.0662,0.1263,0.0964,0.3865,0.0601,0.0451,0.0,0.2388,0.2369,0.0,0.188,-0.0,0.8752,0.0,1.8689797762698854e-05,139.0,0.46
2810,1790895508.0436714,-0.1712,0.0363,-0.366,-0.0479,0.0769,0.0716,0.1234,0.0962,0.375,0.0518,0.0621,-0.0,0.3706,0.3148,0.0,0.214,0.0,0.8752,0.0,1.8689797762698854e-05,175.5,0.49
2811,1790895508.5526922,-0.1723,0.0248,-0.2978,-0.036,0.073,0.0713,0.1098,0.091,0.4061,0.0385,0.0479,0.0,0.3103,0.2363,0.0,0.201,-0.0,0.8752,0.0,1.8689797762698854e-05,219.7,0.51
2812,1790895508.983652,-0.1666,0.047,-0.4222,-0.0,0.0859,0.0674,0.1291,0.0966,0.3501,0.0617,0.051,0.0,0.272,0.2672,0.0,0.186,-0.0,0.8752,0.188,1.8685153316629264e-05,121.3,0.43
2813,1790895509.4327776,-0.2346,0.0382,-0.5596,-0.0,0.1277,0.1214,0.1739,0.1462,0.4419,0.0525,0.0825,0.0,0.2823,0.4747,0.0,0.253,-0.0,0.8752,0.0,1.8685153316629264e-05,151.1,0.45
2814,1790895509.875118,-0.18,0.0325,-0.4125,-0.0,0.0811,0.077,0.125,0.1015,0.3925,0.048,0.0595,-0.0,0.3743,0.2966,0.0,0.22,0.0,0.8752,0.0,1.8685153316629264e-05,208.8,0.44
2815,1790895510.379069,-0.2181,0.0318,-0.3989,-0.0324,0.1083,0.0983,0.1463,0.1231,0.4748,0.048,0.0705,0.0,0.2658,0.3991,0.0,0.235,-0.0,0.8752,0.0,1.8685153316629264e-05,238.0,0.5
2816,1790895510.8695083,-0.2076,0.0435,-0.4119,-0.0,0.0963,0.0869,0.1518,0.1202,0.4374,0.0649,0.05,-0.0,0.276,0.2596,0.0,0.229,0.0,0.8752,0.191,1.8680501232420126e-05,111.8,0.49
2817,1790895511.3492217,-0.1556,0.0367,-0.343,-0.0,0.0697,0.0649,0.1238,0.0912,0.3221,0.0589,0.0523,-0.0,0.2797,0.2739,0.0,0.2,0.0,0.8752,0.0,1.8680501232420126e-05,168.8,0.48
2818,1790895511.833323,-0.1746,0.0408,-0.3292,-0.0,0.0764,0.0721,0.1348,0.1013,0.3664,0.0627,0.059,0.0,0.3559,0.2982,0.0,0.223,-0.0,0.8752,0.0,1.8680501232420126e-05,200.0,0.48
2819,1790895512.3575156,-0.2064,0.0283,-0.4647,-0.0,0.1011,0.0958,0.139,0.1179,0.4427,0.0432,0.0611,-0.0,0.2747,0.3338,0.0,0.222,0.0,0.8752,0.0,1.8680501232420126e-05,229.7,0.52
2820,1790895512.804053,-0.142,0.0321,-0.4119,-0.0,0.0719,0.0562,0.1055,0.0807,0.3064,0.0493,0.0434,0.0,0.1966,0.2371,0.0,0.174,-0.0,0.8379,0.191,1.86758415141627e-05,116.5,0.44
2821,1790895513.2757847,-0.1665,0.0331,-0.4534,-0.0,0.0718,0.0646,0.1205,0.0909,0.3781,0.0559,0.0401,0.0,0.2367,0.2041,0.0,0.194,-0.0,0.8752,0.0,1.86758415141627e-05,147.5,0.47
2822,1790895513.7723207,-0.151,0.0326,-0.3374,-0.0,0.067,0.0629,0.1088,0.0843,0.3334,0.0459,0.0466,-0.0,0.3343,0.2215,0.0,0.207,0.0,0.8752,0.0,1.86758415141627e-05,194.0,0.49
2823,1790895514.2503211,-0.2166,0.0319,-0.4331,-0.0491,0.0976,0.0956,0.1433,0.1217,0.4744,0.0476,0.0602,-0.0,0.2502,0.3344,0.0,0.195,0.0,0.8752,0.0,1.86758415141627e-05,266.7,0.48
2824,1790895514.6899276,-0.1552,0.0401,-0.3822,-0.0,0.0728,0.0633,0.1243,0.0915,0.3184,0.061,0.0433,0.0,0.2847,0.2129,0.0,0.188,-0.0,0.8752,0.202,1.8671174165954968e-05,113.7,0.44
2825,1790895515.1423974,-0.1631,0.0371,-0.4286,-0.0341,0.0773,0.0674,0.1197,0.0942,0.3445,0.0522,0.052,-0.0,0.2369,0.2837,0.0,0.179,0.0,0.8752,0.0,1.8671174165954968e-05,152.5,0.45
2826,1790895517.774723,-0.1519,0.0293,-0.4729,-0.0,0.0716,0.0653,0.1069,0.0861,0.329,0.0416,0.0496,0.0,0.3514,0.2372,0.0,0.194,-0.0,0.8752,0.0,1.8671174165954968e-05,143.7,0.64
2827,1790895518.21312,-0.1576,0.0324,-0.4806,-0.0,0.0715,0.0673,0.112,0.0883,0.3465,0.0448,0.0515,-0.0,0.2296,0.2824,0.0,0.18,0.0,0.8752,0.0,1.8671174165954968e-05,255.7,0.44
2828,1790895518.6462293,-0.175,0.0406,-0.497,-0.0,0.0965,0.0731,0.1391,0.1052,0.3488,0.066,0.0771,0.0,0.2774,0.4401,0.0,0.172,-0.0,0.8379,0.215,1.8666499191901622e-05,107.2,0.43
2829,1790895519.076964,-0.2085,0.0385,-0.4325,-0.0,0.1026,0.0903,0.1513,0.1206,0.4394,0.0609,0.0615,0.0,0.2625,0.3401,0.0,0.236,-0.0,0.8752,0.0,1.8666499191901622e-05,156.4,0.43
2830,1790895519.5281606,-0.1611,0.0363,-0.4393,-0.0256,0.0676,0.0635,0.1145,0.0902,0.3546,0.051,0.0578,-0.0,0.3487,0.2923,0.0,0.22,0.0,0.8752,0.0,1.8666499191901622e-05,178.3,0.45
2831,1790895520.0293834,-0.1636,0.0256,-0.281,-0.0,0.072,0.0708,0.1117,0.091,0.3632,0.0408,0.0508,-0.0,0.2961,0.2595,0.0,0.196,0.0,0.8752,0.0,1.8666499191901622e-05,215.3,0.5
2832,1790895520.4946198,-0.1673,0.0376,-0.3774,-0.0,0.0752,0.0734,0.1287,0.0992,0.3404,0.0553,0.0514,-0.0,0.3052,0.2614,0.0,0.206,0.0,0.7989,0.231,1.866181659611405e-05,111.2,0.46
2833,1790895520.956266,-0.192,0.0443,-0.4681,-0.0304,0.0767,0.0695,0.1417,0.1061,0.4298,0.0722,0.0533,0.0,0.2967,0.2762,0.0,0.215,-0.0,0.8752,0.0,1.866181659611405e-05,168.5,0.46
2834,1790895521.4153447,-0.171,0.0357,-0.3116,-0.0258,0.0786,0.0746,0.1274,0.0972,0.3692,0.0528,0.0536,0.0,0.356,0.2623,0.0,0.219,-0.0,0.8752,0.0,1.866181659611405e-05,202.6,0.46
2835,1790895521.8905854,-0.1635,0.0291,-0.3588,-0.0,0.0724,0.0681,0.1101,0.089,0.3723,0.0419,0.0533,-0.0,0.311,0.2724,0.0,0.23,0.0,0.8752,0.0,1.866181659611405e-05,240.7,0.47
2836,1790895522.3565385,-0.1969,0.058,-0.4591,-0.0,0.0841,0.0761,0.1761,0.1226,0.3715,0.1,0.0708,-0.0,0.3234,0.3855,0.0,0.175,0.0,0.8752,0.202,1.865712638271036e-05,91.5,0.46
2837,1790895522.8279812,-0.1631,0.0362,-0.4606,-0.0,0.0794,0.0731,0.1308,0.1012,0.3091,0.0577,0.0525,0.0,0.2945,0.2711,0.0,0.219,-0.0,0.8752,0.0,1.865712638271036e-05,159.6,0.47
2838,1790895523.2733917,-0.1896,0.0376,-0.3912,-0.0304,0.0819,0.0809,0.1401,0.1081,0.4074,0.0592,0.0716,0.0,0.4835,0.3482,0.0,0.254,-0.0,0.8752,0.0,1.865712638271036e-05,206.6,0.44
2839,1790895523.7895615,-0.235,0.0329,-0.4611,-0.0673,0.1152,0.1091,0.1644,0.1344,0.5027,0.0553,0.0664,0.0,0.2369,0.3797,0.0,0.226,-0.0,0.8752,0.0,1.865712638271036e-05,243.7,0.51
2840,1790895524.2225196,-0.2129,0.0494,-0.5646,-0.0,0.0995,0.0918,0.165,0.1258,0.4355,0.0733,0.0553,0.0,0.231,0.3072,0.0,0.19,0.0,0.8379,0.193,1.865242855581534e-05,113.8,0.43
2841,1790895524.6789422,-0.1626,0.0358,-0.3,-0.0,0.0783,0.0662,0.122,0.0926,0.3496,0.0558,0.0511,-0.0,0.2911,0.263,0.0,0.214,0.0,0.8752,0.0,1.865242855581534e-05,155.6,0.45
2842,1790895525.1271226,-0.1815,0.0325,-0.4263,-0.0,0.0864,0.0791,0.1303,0.1023,0.396,0.0511,0.0567,-0.0,0.348,0.2854,0.0,0.218,0.0,0.8752,0.0,1.865242855581534e-05,200.9,0.44
2843,1790895525.58917,-0.197,0.0315,-0.4163,-0.0,0.09,0.0873,0.1329,0.109,0.4398,0.0456,0.0735,-0.0,0.3062,0.4085,0.0,0.22,0.0,0.8752,0.0,1.865242855581534e-05,234.9,0.46
2844,1790895526.0711546,-0.1618,0.0538,-0.3521,-0.0,0.0664,0.0572,0.131,0.0907,0.3551,0.0738,0.0449,0.0,0.2319,0.2378,0.0,0.175,-0.0,0.8379,0.172,1.8647723119560493e-05,99.1,0.48
2845,1790895526.5465512,-0.1854,0.0492,-0.4791,-0.0,0.0877,0.0666,0.1343,0.1011,0.4213,0.0678,0.063,0.0,0.191,0.3691,0.0,0.177,-0.0,0.8752,0.0,1.8647723119560493e-05,168.0,0.47
2846,1790895527.0557406,-0.1544,0.0322,-0.3186,-0.0,0.0663,0.0641,0.1105,0.0878,0.333,0.0465,0.0565,0.0,0.3726,0.2776,0.0,0.231,-0.0,0.8752,0.0,1.8647723119560493e-05,176.9,0.51
2847,1790895527.5619278,-0.1907,0.0368,-0.4522,-0.0,0.0843,0.0808,0.1355,0.1058,0.4244,0.0547,0.0596,0.0,0.3157,0.3133,0.0,0.232,-0.0,0.8752,0.0,1.8647723119560493e-05,241.7,0.5
2848,1790895528.0018365,-0.2273,0.0537,-0.5175,-0.0362,0.1042,0.095,0.1801,0.1368,0.4528,0.085,0.0723,-0.0,0.2304,0.4202,0.0,0.237,0.0,0.8752,0.202,1.8643010078084e-05,142.0,0.44
2849,1790895528.495709,-0.1826,0.0357,-0.5902,-0.0,0.0967,0.0814,0.1375,0.1097,0.3642,0.0561,0.0641,0.0,0.2429,0.3628,0.0,0.232,0.0,0.8752,0.0,1.8643010078084e-05,168.8,0.49
2850,1790895528.9459567,-0.1906,0.0262,-0.4115,-0.0604,0.0925,0.0895,0.1292,0.1065,0.4208,0.0397,0.0619,-0.0,0.2889,0.3357,0.0,0.201,0.0,0.8752,0.0,1.8643010078084e-05,207.3,0.45
2851,1790895531.614987,-0.1916,0.0297,-0.4673,-0.0302,0.0959,0.0896,0.134,0.1074,0.4206,0.0445,0.0586,-0.0,0.3087,0.3085,0.0,0.219,0.0,0.8752,0.0,1.8643010078084e-05,165.1,0.72
2852,1790895532.0798616,-0.1333,0.0384,-0.3374,-0.0,0.0584,0.0493,0.1062,0.0753,0.2897,0.0569,0.0439,0.0,0.241,0.2284,0.0,0.186,-0.0,0.7989,0.205,1.863828943553074e-05,91.4,0.46
2853,1790895532.474521,-0.2187,0.0408,-0.5095,-0.0339,0.1035,0.091,0.1516,0.1211,0.4881,0.0606,0.0588,0.0,0.233,0.3301,0.0,0.203,-0.0,0.8752,0.0,1.863828943553074e-05,173.7,0.39
2854,1790895532.9416697,-0.1705,0.0323,-0.4047,-0.0,0.0808,0.0756,0.1202,0.0981,0.3615,0.0446,0.0571,0.0,0.3885,0.2771,0.0,0.233,-0.0,0.8752,0.0,1.863828943553074e-05,192.7,0.47
2855,1790895533.4548724,-0.2377,0.0272,-0.4848,-0.053,0.1184,0.1109,0.1544,0.135,0.5135,0.0435,0.0735,-0.0,0.3306,0.4018,0.0,0.238,0.0,0.8752,0.0,1.863828943553074e-05,227.0,0.51
2856,1790895533.9108245,-0.1737,0.0455,-0.525,-0.0,0.0807,0.0687,0.1409,0.1022,0.3573,0.0722,0.0497,-0.0,0.2304,0.2701,0.0,0.19,0.0,0.8752,0.225,1.8633561196052268e-05,117.0,0.45
2857,1790895534.3508234,-0.1885,0.0348,-0.4214,-0.0,0.082,0.0788,0.1331,0.1059,0.4129,0.0543,0.0507,0.0,0.2538,0.2703,0.0,0.218,-0.0,0.8752,0.0,1.8633561196052268e-05,197.8,0.44
2858,1790895534.8294213,-0.2187,0.0307,-0.4244,-0.0258,0.1026,0.1016,0.1462,0.1251,0.468,0.0446,0.0755,0.0,0.3461,0.4109,0.0,0.219,-0.0,0.8752,0.0,1.8633561196052268e-05,197.5,0.48
2859,1790895535.3305624,-0.2002,0.0285,-0.3912,-0.0,0.0908,0.0899,0.1331,0.1137,0.4324,0.0432,0.0584,-0.0,0.2615,0.3193,0.0,0.229,0.0,0.8752,0.0,1.8633561196052268e-05,245.1,0.5
2860,1790895535.7563753,-0.1668,0.0575,-0.4857,-0.0,0.0765,0.0557,0.155,0.0985,0.3414,0.0993,0.0536,0.0,0.2856,0.2811,0.0,0.149,-0.0,0.8752,0.182,1.8628825363806823e-05,123.0,0.42
2861,1790895536.2372358,-0.1673,0.0392,-0.4268,-0.0,0.0754,0.0654,0.1232,0.0923,0.3751,0.0578,0.0442,-0.0,0.2952,0.2157,0.0,0.211,0.0,0.8752,0.0,1.8628825363806823e-05,164.8,0.48
2862,1790895536.73011,-0.1318,0.0373,-0.3162,-0.0,0.0556,0.0455,0.0996,0.0722,0.2978,0.0542,0.0434,-0.0,0.4101,0.1797,0.0,0.194,0.0,0.8752,0.0,1.8628825363806823e-05,205.4,0.49
2863,1790895537.2140005,-0.2491,0.0304,-0.3676,-0.0226,0.11,0.1091,0.1571,0.1323,0.5836,0.048,0.0668,0.0,0.2436,0.3805,0.0,0.232,-0.0,0.8752,0.0,1.8628825363806823e-05,265.2,0.48
2864,1790895537.7133744,-0.1315,0.031,-0.3424,-0.0,0.0687,0.0618,0.1023,0.0812,0.2517,0.0405,0.0496,0.0,0.2489,0.2645,0.0,0.16,-0.0,0.7989,0.28,1.862408194295932e-05,106.9,0.5
2865,1790895538.1654572,-0.1688,0.0319,-0.4048,-0.0,0.079,0.0754,0.1218,0.0993,0.3479,0.0464,0.0567,0.0,0.3588,0.2823,0.0,0.193,-0.0,0.8752,0.0,1.862408194295932e-05,191.5,0.45
2866,1790895538.6079915,-0.1747,0.0423,-0.3575,-0.0241,0.0663,0.0644,0.1346,0.0984,0.3816,0.0701,0.0522,0.0,0.4332,0.2323,0.0,0.23,-0.0,0.8752,0.0,1.862408194295932e-05,225.5,0.44
2867,1790895539.109206,-0.1673,0.0303,-0.3571,-0.0687,0.075,0.0694,0.1102,0.0894,0.3896,0.0409,0.0467,0.0,0.2754,0.2378,0.0,0.208,-0.0,0.8752,0.0,1.862408194295932e-05,239.4,0.5
2868,1790895539.5714073,-0.1882,0.0417,-0.4069,-0.0,0.0852,0.0739,0.1483,0.1082,0.4002,0.0744,0.0509,-0.0,0.2851,0.2635,0.0,0.204,0.0,0.8379,0.177,1.8619330937681365e-05,115.4,0.46
2869,1790895540.0545495,-0.1461,0.0366,-0.3277,-0.0,0.0538,0.0523,0.0986,0.0743,0.359,0.0463,0.0402,-0.0,0.2448,0.2025,0.0,0.181,0.0,0.8752,0.0,1.8619330937681365e-05,165.4,0.48
2870,1790895540.5475266,-0.1637,0.031,-0.4048,-0.0,0.0717,0.0695,0.12,0.0919,0.3589,0.0505,0.0538,-0.0,0.3889,0.2547,0.0,0.23,0.0,0.8752,0.0,1.8619330937681365e-05,195.1,0.49
2871,1790895541.0017247,-0.185,0.0311,-0.4038,-0.0,0.081,0.0801,0.1225,0.1032,0.4087,0.0424,0.0556,-0.0,0.3206,0.2852,0.0,0.222,0.0,0.8752,0.0,1.8619330937681365e-05,251.4,0.45
2872,1790895541.495464,-0.1397,0.0375,-0.3878,-0.0,0.0682,0.0496,0.106,0.0808,0.2944,0.0564,0.0398,-0.0,0.2871,0.1886,0.0,0.166,0.0,0.8752,0.215,1.8614572352151203e-05,105.4,0.49
2873,1790895541.9579673,-0.2169,0.033,-0.5111,-0.0285,0.102,0.0958,0.1523,0.1252,0.4582,0.0564,0.0554,-0.0,0.2929,0.2914,0.0,0.238,0.0,0.8752,0.0,1.8614572352151203e-05,160.6,0.46
2874,1790895542.4409091,-0.2147,0.0371,-0.4672,-0.0524,0.094,0.0921,0.1432,0.1185,0.4809,0.0512,0.0625,0.0,0.3413,0.3255,0.0,0.242,-0.0,0.8752,0.0,1.8614572352151203e-05,188.8,0.48
2875,1790895542.9882014,-0.2065,0.0328,-0.3952,-0.0697,0.0922,0.0892,0.1393,0.1135,0.4652,0.0501,0.0725,-0.0,0.3006,0.4029,0.0,0.236,0.0,0.8752,0.0,1.8614572352151203e-05,211.8,0.54
2876,1790895545.5671299,-0.1437,0.0456,-0.4725,-0.0,0.0515,0.0515,0.1154,0.0797,0.3201,0.0638,0.0482,0.0,0.219,0.2632,0.0,0.19,-0.0,0.8379,0.2,1.860980619055377e-05,85.9,0.58
2877,1790895546.149766,-0.2282,0.049,-0.4781,-0.0,0.1039,0.0974,0.1747,0.131,0.4859,0.0774,0.0678,0.0,0.2877,0.3752,0.0,0.237,-0.0,0.8752,0.0,1.860980619055377e-05,130.0,0.58
2878,1790895546.6392646,-0.1913,0.0289,-0.4648,-0.0243,0.0948,0.0927,0.139,0.1121,0.396,0.0463,0.0693,0.0,0.2713,0.39,0.0,0.216,-0.0,0.8752,0.0,1.860980619055377e-05,200.8,0.49
2879,1790895547.1221852,-0.2175,0.0369,-0.3722,-0.0213,0.0964,0.0924,0.1473,0.1216,0.4795,0.0548,0.0676,0.0,0.309,0.3686,0.0,0.256,-0.0,0.8752,0.0,1.860980619055377e-05,239.3,0.48
2880,1790895547.5622818,-0.1956,0.0339,-0.5682,-0.0,0.105,0.0959,0.1501,0.1176,0.3904,0.0542,0.0759,-0.0,0.2958,0.427,0.0,0.204,0.0,0.8379,0.208,1.8605032457080655e-05,113.6,0.44
2881,1790895547.9995723,-0.2298,0.0262,-0.5498,-0.0,0.1206,0.1172,0.1614,0.1374,0.4615,0.0442,0.0761,0.0,0.3519,0.4135,0.0,0.248,-0.0,0.8752,0.0,1.8605032457080655e-05,188.4,0.43
2882,1790895548.4017391,-0.1531,0.0299,-0.3858,-0.039,0.0663,0.065,0.1058,0.0863,0.3341,0.0408,0.0518,-0.0,0.33,0.2573,0.0,0.197,0.0,0.8783,0.0,1.8605032457080655e-05,193.8,0.4
2883,1790895548.8497436,-0.139,0.0384,-0.3417,-0.0,0.0571,0.0525,0.1072,0.0771,0.3091,0.0548,0.044,-0.0,0.2138,0.2361,0.0,0.187,0.0,0.8379,0.0,1.8605032457080655e-05,112.1,0.45
2884,1790895549.3171039,-0.1678,0.0387,-0.3652,-0.0,0.0755,0.065,0.1299,0.1,0.3392,0.0649,0.0488,0.0,0.3187,0.2406,0.0,0.213,-0.0,0.8752,0.193,1.8600251155930107e-05,160.0,0.46
2885,1790895549.7854748,-0.1616,0.0289,-0.3593,-0.0,0.0814,0.0744,0.116,0.0937,0.3396,0.0416,0.0499,0.0,0.3719,0.2333,0.0,0.223,-0.0,0.8752,0.0,1.8600251155930107e-05,195.7,0.47
2886,1790895550.2428923,-0.2357,0.0279,-0.5623,-0.0241,0.1108,0.1062,0.1512,0.1297,0.5303,0.045,0.0584,-0.0,0.309,0.3068,0.0,0.249,0.0,0.8752,0.0,1.8600251155930107e-05,258.4,0.45
2887,1790895550.7070284,-0.2019,0.043,-0.6667,-0.0435,0.1049,0.0975,0.1613,0.1249,0.3846,0.0638,0.0767,-0.0,0.2996,0.4315,0.0,0.177,0.0,0.8752,0.0,1.8600251155930107e-05,117.9,0.46
2888,1790895551.1924152,-0.1939,0.0339,-0.3833,-0.0,0.0865,0.0796,0.138,0.1049,0.4453,0.0584,0.0687,-0.0,0.3867,0.3549,0.0,0.225,0.0,0.8752,0.231,1.8595462291307032e-05,159.5,0.48
2889,1790895551.6552324,-0.1356,0.0283,-0.2614,-0.0263,0.0577,0.0549,0.0962,0.0742,0.3073,0.0412,0.0482,-0.0,0.4401,0.204,0.0,0.205,0.0,0.8752,0.0,1.8595462291307032e-05,211.0,0.46
2890,1790895552.1221037,-0.1904,0.0322,-0.4054,-0.0,0.0821,0.0814,0.1294,0.105,0.4273,0.0479,0.0525,0.0,0.2983,0.2707,0.0,0.236,-0.0,0.8752,0.0,1.8595462291307032e-05,233.8,0.46
2891,1790895552.5545018,-0.1844,0.0337,-0.4828,-0.0,0.0996,0.0898,0.1407,0.1136,0.3541,0.0509,0.0711,-0.0,0.2832,0.3982,0.0,0.202,0.0,0.8379,0.0,1.8595462291307032e-05,109.1,0.43
2892,1790895553.0162213,-0.174,0.0395,-0.3792,-0.0,0.0689,0.0654,0.117,0.0911,0.4143,0.0516,0.0649,-0.0,0.2314,0.3708,0.0,0.198,0.0,0.8752,0.211,1.8590665867422984e-05,153.0,0.46
2893,1790895553.477668,-0.1791,0.0409,-0.5121,-0.0,0.0733,0.0686,0.1334,0.0989,0.4009,0.0649,0.0609,-0.0,0.3939,0.3011,0.0,0.243,0.0,0.8752,0.0,1.8590665867422984e-05,200.8,0.46
2894,1790895554.0244021,-0.2409,0.0306,-0.3989,-0.053,0.1133,0.1069,0.1616,0.1348,0.5305,0.0547,0.0707,-0.0,0.2654,0.4002,0.0,0.233,0.0,0.8752,0.0,1.8590665867422984e-05,217.4,0.54
2895,1790895554.4460912,-0.1536,0.0369,-0.3239,-0.0,0.081,0.062,0.1201,0.0876,0.33,0.0581,0.0403,0.0,0.2572,0.1999,0.0,0.175,-0.0,0.8752,0.0,1.8590665867422984e-05,118.2,0.42
2896,1790895554.8724318,-0.1838,0.0404,-0.3745,-0.0432,0.0793,0.0731,0.133,0.103,0.4042,0.0599,0.0523,-0.0,0.2615,0.2792,0.0,0.216,0.0,0.8752,0.222,1.8585861888496173e-05,184.9,0.42
2897,1790895555.3371043,-0.151,0.0343,-0.3659,-0.0,0.0582,0.0582,0.1048,0.0819,0.3454,0.0466,0.0473,0.0,0.3504,0.2217,0.0,0.21,-0.0,0.8752,0.0,1.8585861888496173e-05,196.9,0.46
2898,1790895555.7901077,-0.1996,0.0346,-0.3974,-0.0,0.0909,0.0889,0.1385,0.113,0.4329,0.0495,0.0594,0.0,0.3186,0.3107,0.0,0.234,-0.0,0.8752,0.0,1.8585861888496173e-05,264.3,0.45
2899,1790895556.219488,-0.1233,0.0454,-0.3123,-0.0,0.0595,0.0441,0.1047,0.0702,0.2656,0.0606,0.0365,0.0,0.2495,0.1771,0.0,0.153,0.0,0.8379,0.0,1.8585861888496173e-05,107.1,0.43
2900,1790895556.6942403,-0.1893,0.0383,-0.4905,-0.0487,0.0916,0.0887,0.1417,0.112,0.3867,0.053,0.0596,0.0,0.2735,0.3245,0.0,0.214,-0.0,0.8752,0.192,1.8581050358751444e-05,162.8,0.47
2901,1790895559.429885,-0.2013,0.0283,-0.3564,-0.0306,0.0931,0.0921,0.1371,0.1141,0.4359,0.045,0.0781,-0.0,0.3809,0.4191,0.0,0.235,0.0,0.8752,0.0,1.8581050358751444e-05,133.9,0.69
2902,1790895559.9109597,-0.1755,0.0266,-0.3553,-0.0258,0.082,0.0754,0.1151,0.0969,0.3929,0.0397,0.0525,0.0,0.3053,0.2686,0.0,0.203,-0.0,0.8752,0.0,1.8581050358751444e-05,257.4,0.48
2903,1790895560.330269,-0.1102,0.0489,-0.3212,-0.0,0.0343,0.0269,0.0934,0.0584,0.2589,0.0666,0.0285,0.0,0.2379,0.1264,0.0,0.174,-0.0,0.8752,0.0,1.8581050358751444e-05,108.3,0.42
2904,1790895560.7672384,-0.1197,0.0308,-0.3473,-0.0,0.0546,0.05,0.0963,0.0684,0.2565,0.0463,0.0378,0.0,0.1953,0.1999,0.0,0.173,-0.0,0.8379,0.213,1.857623128242029e-05,155.1,0.43
2905,1790895561.1711335,-0.1622,0.0291,-0.4127,-0.0,0.0765,0.0698,0.1169,0.0907,0.3575,0.0471,0.055,0.0,0.3521,0.2725,0.0,0.204,0.0,0.8752,0.0,1.857623128242029e-05,208.7,0.4
2906,1790895561.6533577,-0.2058,0.0263,-0.4365,-0.0241,0.1038,0.0998,0.136,0.1177,0.4404,0.0362,0.0661,0.0,0.2838,0.3648,0.0,0.22,-0.0,0.8752,0.0,1.857623128242029e-05,213.1,0.48
2907,1790895562.0854928,-0.1628,0.0494,-0.5038,-0.0,0.0685,0.0641,0.1303,0.0925,0.3519,0.0662,0.052,-0.0,0.2426,0.282,0.0,0.171,0.0,0.8379,0.0,1.857623128242029e-05,118.3,0.43
2908,1790895562.5320673,-0.1815,0.0401,-0.4681,-0.0304,0.0806,0.0734,0.1315,0.1004,0.4058,0.0581,0.0557,-0.0,0.2799,0.2968,0.0,0.224,0.0,0.8752,0.196,1.8571404663740832e-05,186.2,0.44
2909,1790895562.9951875,-0.1305,0.0278,-0.3769,-0.0,0.0566,0.0506,0.091,0.0712,0.2966,0.0403,0.0387,-0.0,0.2972,0.1787,0.0,0.208,0.0,0.8752,0.0,1.8571404663740832e-05,200.1,0.46
2910,1790895563.5276983,-0.1511,0.0273,-0.3233,-0.0,0.0607,0.0607,0.0998,0.0807,0.3517,0.0391,0.0485,0.0,0.275,0.2501,0.0,0.2,0.0,0.8752,0.0,1.8571404663740832e-05,232.0,0.53
2911,1790895564.01527,-0.2236,0.0434,-0.5548,-0.0,0.1167,0.102,0.1625,0.1322,0.4567,0.0605,0.0875,0.0,0.276,0.5096,0.0,0.215,-0.0,0.8752,0.0,1.8571404663740832e-05,103.9,0.48
2912,1790895564.4743018,-0.1741,0.0306,-0.4031,-0.0,0.0844,0.08,0.1231,0.1022,0.3599,0.0431,0.047,0.0,0.2667,0.2426,0.0,0.225,-0.0,0.8752,0.193,1.8566570506957836e-05,147.8,0.46
2913,1790895564.9658284,-0.1893,0.0331,-0.4696,-0.0,0.0832,0.0825,0.1299,0.1084,0.4042,0.0475,0.0605,-0.0,0.2456,0.3376,0.0,0.227,0.0,0.8379,0.0,1.8566570506957836e-05,186.6,0.49
2914,1790895565.4337525,-0.2178,0.0292,-0.4101,-0.0258,0.0952,0.0908,0.1386,0.1169,0.5048,0.0478,0.0629,0.0,0.3274,0.332,0.0,0.225,-0.0,0.8752,0.0,1.8566570506957836e-05,233.8,0.46
2915,1790895565.8553257,-0.1316,0.0499,-0.4209,-0.0,0.0493,0.0407,0.1113,0.0737,0.2897,0.0706,0.0341,-0.0,0.2371,0.1644,0.0,0.176,0.0,0.8752,0.0,1.8566570506957836e-05,144.3,0.42
2916,1790895566.3576527,-0.1547,0.0326,-0.3551,-0.0306,0.0697,0.0605,0.1051,0.0831,0.3578,0.0446,0.0524,-0.0,0.3092,0.2668,0.0,0.199,0.0,0.8752,0.168,1.8561728816322682e-05,172.5,0.5
2917,1790895566.7999516,-0.1505,0.0344,-0.3737,-0.0,0.0669,0.0596,0.1066,0.082,0.3428,0.047,0.0469,-0.0,0.3249,0.2257,0.0,0.209,0.0,0.8752,0.0,1.8561728816322682e-05,221.5,0.44
2918,1790895567.2647097,-0.2115,0.032,-0.3983,-0.0225,0.0994,0.096,0.1459,0.119,0.4622,0.0499,0.0664,-0.0,0.2168,0.3851,0.0,0.242,0.0,0.8379,0.0,1.8561728816322682e-05,260.1,0.46
2919,1790895567.6933491,-0.1071,0.0342,-0.3374,-0.0,0.0483,0.0437,0.0912,0.0637,0.2172,0.0475,0.0368,0.0,0.3211,0.1597,0.0,0.167,-0.0,0.7989,0.0,1.8561728816322682e-05,110.6,0.43
2920,1790895568.1766648,-0.1288,0.0306,-0.3225,-0.0,0.0631,0.0541,0.0993,0.0736,0.2761,0.0452,0.0465,-0.0,0.2485,0.2439,0.0,0.181,0.0,0.7989,0.171,1.8556879596093393e-05,133.7,0.48
2921,1790895568.6433,-0.1754,0.0423,-0.3739,-0.0258,0.0729,0.0706,0.131,0.1021,0.3662,0.0605,0.0555,-0.0,0.3928,0.2651,0.0,0.231,0.0,0.8752,0.0,1.8556879596093393e-05,198.1,0.46
2922,1790895569.1200101,-0.2006,0.0337,-0.3366,-0.0613,0.0873,0.0816,0.132,0.1093,0.4566,0.0504,0.0621,-0.0,0.4351,0.298,0.0,0.249,0.0,0.8752,0.0,1.8556879596093393e-05,214.7,0.47
2923,1790895569.566743,-0.1557,0.031,-0.4119,-0.0,0.0816,0.0759,0.1236,0.0933,0.3118,0.0476,0.0492,-0.0,0.2679,0.2566,0.0,0.196,0.0,0.8752,0.0,1.8556879596093393e-05,121.9,0.44
2924,1790895570.08645,-0.1511,0.0435,-0.3455,-0.0,0.0728,0.0538,0.1097,0.0824,0.3435,0.0559,0.0445,0.0,0.3882,0.1934,0.0,0.207,-0.0,0.8752,0.199,1.8552022850534603e-05,141.9,0.52
2925,1790895570.5195112,-0.1698,0.034,-0.4273,-0.0,0.0766,0.0726,0.1218,0.0963,0.3671,0.0491,0.0547,0.0,0.3458,0.2726,0.0,0.211,-0.0,0.8752,0.0,1.8552022850534603e-05,218.5,0.43
2926,1790895573.327026,-0.217,0.0258,-0.4552,-0.0716,0.1062,0.1027,0.1447,0.1243,0.4639,0.042,0.0736,0.0,0.2543,0.4229,0.0,0.216,-0.0,0.8752,0.0,1.8552022850534603e-05,183.1,0.66
2927,1790895573.7447457,-0.1227,0.0444,-0.531,-0.0,0.0496,0.0424,0.1105,0.0734,0.2467,0.0681,0.0443,-0.0,0.2844,0.2192,0.0,0.177,0.0,0.8379,0.0,1.8552022850534603e-05,141.5,0.41
2928,1790895574.2028503,-0.2213,0.0378,-0.4569,-0.0,0.104,0.0985,0.156,0.1296,0.4586,0.0575,0.0883,-0.0,0.2987,0.5091,0.0,0.226,0.0,0.8752,0.191,1.8547158583917567e-05,170.5,0.46
2929,1790895574.5977552,-0.1559,0.0398,-0.3114,-0.0302,0.064,0.0613,0.1182,0.0906,0.3266,0.0569,0.0535,-0.0,0.437,0.2401,0.0,0.222,0.0,0.8752,0.0,1.8547158583917567e-05,213.1,0.39
2930,1790895575.13769,-0.2304,0.0376,-0.4633,-0.0261,0.117,0.1059,0.1607,0.1332,0.486,0.0548,0.0742,-0.0,0.2976,0.4152,0.0,0.232,0.0,0.8752,0.0,1.8547158583917567e-05,221.0,0.54
2931,1790895575.5827093,-0.1915,0.0269,-0.4532,-0.0542,0.0999,0.0936,0.1397,0.1176,0.3696,0.0461,0.0568,0.0,0.2663,0.3074,0.0,0.209,-0.0,0.8379,0.0,1.8547158583917567e-05,131.8,0.44
2932,1790895576.0624626,-0.1633,0.0432,-0.4416,-0.0,0.0658,0.0602,0.1222,0.0905,0.3643,0.062,0.0508,-0.0,0.3151,0.2546,0.0,0.219,0.0,0.8752,0.182,1.854228680052015e-05,177.7,0.48
2933,1790895576.4842153,-0.1846,0.0353,-0.4,-0.0,0.0865,0.0805,0.1302,0.1059,0.3936,0.0497,0.0537,0.0,0.3213,0.2723,0.0,0.2,-0.0,0.8752,0.0,1.854228680052015e-05,233.2,0.42
2934,1790895576.9380026,-0.2155,0.0287,-0.4608,-0.0808,0.1017,0.0987,0.1472,0.1219,0.468,0.0485,0.0654,-0.0,0.2788,0.3615,0.0,0.234,0.0,0.8752,0.0,1.854228680052015e-05,266.4,0.45
2935,1790895577.4102702,-0.2168,0.0543,-0.6902,-0.0,0.0903,0.0903,0.1776,0.1294,0.4371,0.0872,0.0621,-0.0,0.2618,0.344,0.0,0.226,0.0,0.8379,0.0,1.854228680052015e-05,104.9,0.47
2936,1790895577.8981383,-0.1367,0.0319,-0.3621,-0.0,0.0595,0.0547,0.0983,0.0742,0.312,0.0436,0.0459,0.0,0.2586,0.2371,0.0,0.189,-0.0,0.8752,0.272,1.8537407504626836e-05,151.2,0.48
2937,1790895578.3821225,-0.1736,0.0287,-0.5011,-0.0,0.0811,0.0756,0.1225,0.0964,0.386,0.0469,0.0606,-0.0,0.2978,0.3249,0.0,0.209,0.0,0.8752,0.0,1.8537407504626836e-05,187.3,0.48
2938,1790895578.8914876,-0.1711,0.0257,-0.4331,-0.025,0.0718,0.0709,0.1098,0.0898,0.4065,0.0388,0.0474,0.0,0.284,0.2402,0.0,0.214,-0.0,0.8752,0.0,1.8537407504626836e-05,227.1,0.51
2939,1790895579.3572752,-0.1768,0.0509,-0.473,-0.0,0.0681,0.0601,0.144,0.1015,0.3763,0.0839,0.0465,-0.0,0.28,0.2353,0.0,0.2,0.0,0.8752,0.0,1.8537407504626836e-05,110.1,0.46
2940,1790895579.8349957,-0.15,0.0296,-0.4312,-0.0,0.073,0.0642,0.1135,0.0883,0.3082,0.0494,0.0448,0.0,0.3228,0.2123,0.0,0.216,-0.0,0.8752,0.208,1.853252070052871e-05,154.1,0.47
2941,1790895580.24956,-0.2022,0.0335,-0.4549,-0.0302,0.0939,0.0898,0.1415,0.1157,0.4327,0.0517,0.0674,0.0,0.3849,0.3469,0.0,0.25,-0.0,0.8752,0.0,1.853252070052871e-05,215.5,0.41
2942,1790895580.7356257,-0.1872,0.0278,-0.3777,-0.0,0.0827,0.08,0.1208,0.1007,0.4322,0.0408,0.0522,0.0,0.288,0.2711,0.0,0.211,-0.0,0.8752,0.0,1.853252070052871e-05,244.8,0.48
2943,1790895581.155598,-0.1938,0.0518,-0.3818,-0.0,0.0818,0.0693,0.1442,0.1073,0.4327,0.0749,0.051,-0.0,0.2514,0.2727,0.0,0.164,0.0,0.8752,0.0,1.853252070052871e-05,111.5,0.42
2944,1790895581.6578736,-0.1907,0.0364,-0.3495,-0.0,0.0914,0.0845,0.1353,0.1113,0.3969,0.0509,0.0612,-0.0,0.2751,0.3344,0.0,0.229,-0.0,0.8752,0.21,1.852762639252346e-05,122.9,0.5
2945,1790895582.1060877,-0.2133,0.0361,-0.5095,-0.0,0.0986,0.0977,0.1556,0.1235,0.4494,0.0579,0.0894,-0.0,0.3747,0.4962,0.0,0.244,0.0,0.8752,0.0,1.852762639252346e-05,190.3,0.45
2946,1790895582.5541737,-0.1846,0.0276,-0.3378,-0.0,0.0776,0.0744,0.1222,0.1002,0.4223,0.0478,0.0485,-0.0,0.2734,0.2504,0.0,0.214,0.0,0.8752,0.0,1.852762639252346e-05,252.6,0.45
2947,1790895583.0432835,-0.1443,0.0432,-0.3476,-0.0,0.0638,0.0565,0.1183,0.0833,0.3047,0.0618,0.0389,-0.0,0.2746,0.1863,0.0,0.183,0.0,0.8379,0.0,1.852762639252346e-05,94.2,0.49
2948,1790895583.4974115,-0.2025,0.0406,-0.4065,-0.0,0.0881,0.0806,0.1452,0.1121,0.4523,0.0645,0.0563,-0.0,0.2385,0.312,0.0,0.196,0.0,0.8752,0.19,1.8522724584915373e-05,162.2,0.45
2949,1790895583.9507933,-0.1608,0.0302,-0.3922,-0.0,0.0736,0.0676,0.1132,0.0875,0.3665,0.0456,0.0475,-0.0,0.3033,0.2361,0.0,0.208,0.0,0.8752,0.0,1.8522724584915373e-05,195.2,0.45
2950,1790895584.4084299,-0.191,0.0309,-0.3609,-0.0,0.081,0.081,0.1273,0.105,0.43,0.0462,0.0553,-0.0,0.2772,0.2946,0.0,0.23,0.0,0.8752,0.0,1.8522724584915373e-05,243.5,0.45
2951,1790895586.9620495,-0.1344,0.0356,-0.3809,-0.0,0.0561,0.0493,0.0998,0.0746,0.2991,0.0506,0.0364,0.0,0.2527,0.1753,0.0,0.209,-0.0,0.8752,0.0,1.8522724584915373e-05,95.7,0.55
2952,1790895587.575098,-0.1665,0.0338,-0.4187,-0.0,0.0718,0.0692,0.1216,0.0956,0.3546,0.0524,0.0451,0.0,0.2709,0.2284,0.0,0.214,-0.0,0.8752,0.203,1.8517815282015342e-05,131.2,0.58
2953,1790895588.0487177,-0.1367,0.0359,-0.3243,-0.0,0.0549,0.0525,0.1043,0.0785,0.2913,0.0519,0.0447,0.0,0.4156,0.1872,0.0,0.215,0.0,0.8752,0.0,1.8517815282015342e-05,194.2,0.47
2954,1790895588.5139616,-0.2502,0.0389,-0.6247,-0.0498,0.1146,0.1146,0.1791,0.1447,0.5277,0.0646,0.0754,-0.0,0.2802,0.4276,0.0,0.268,0.0,0.8752,0.0,1.8517815282015342e-05,231.1,0.46
2955,1790895588.921328,-0.1842,0.045,-0.6167,-0.0,0.0898,0.0838,0.1543,0.114,0.351,0.0705,0.0579,-0.0,0.274,0.3131,0.0,0.167,0.0,0.8379,0.0,1.8517815282015342e-05,100.0,0.41
2956,1790895589.3624682,-0.1981,0.0448,-0.4311,-0.0,0.0946,0.0829,0.1545,0.1174,0.4036,0.0716,0.0523,-0.0,0.2553,0.2809,0.0,0.231,0.0,0.8752,0.228,1.8512898488140837e-05,139.2,0.44
2957,1790895589.8409092,-0.2077,0.0259,-0.4289,-0.0306,0.1021,0.0989,0.1368,0.1169,0.4541,0.0378,0.0738,0.0,0.3376,0.4017,0.0,0.221,0.0,0.8752,0.0,1.8512898488140837e-05,195.0,0.48
2958,1790895590.3108125,-0.2005,0.0369,-0.5084,-0.0226,0.0891,0.0861,0.1395,0.1087,0.4593,0.0534,0.0634,0.0,0.2701,0.3507,0.0,0.222,-0.0,0.8752,0.0,1.8512898488140837e-05,266.6,0.47
2959,1790895590.741599,-0.1675,0.0446,-0.5099,-0.0,0.0678,0.0584,0.1302,0.0961,0.3569,0.0718,0.0639,0.0,0.2777,0.3521,0.0,0.214,-0.0,0.8752,0.0,1.8512898488140837e-05,112.9,0.43
2960,1790895591.2496774,-0.1766,0.0359,-0.36,-0.0,0.0708,0.0667,0.1162,0.0924,0.4209,0.0495,0.0539,0.0,0.2609,0.2898,0.0,0.198,-0.0,0.8752,0.202,1.850797420761592e-05,150.6,0.5
2961,1790895591.7084932,-0.1576,0.0383,-0.4391,-0.0,0.0659,0.0595,0.117,0.0875,0.3507,0.0576,0.051,0.0,0.3389,0.2495,0.0,0.209,-0.0,0.8752,0.0,1.850797420761592e-05,212.7,0.46
2962,1790895592.2758813,-0.1904,0.0322,-0.4333,-0.0,0.082,0.0802,0.121,0.1031,0.4366,0.0409,0.0571,0.0,0.2702,0.3089,0.0,0.209,-0.0,0.8752,0.0,1.850797420761592e-05,214.5,0.56
2963,1790895592.7499542,-0.1171,0.0545,-0.3905,-0.0,0.047,0.0304,0.1022,0.062,0.2755,0.0718,0.0305,0.0,0.2164,0.1455,0.0,0.166,-0.0,0.8752,0.0,1.850797420761592e-05,104.8,0.47
2964,1790895593.240245,-0.147,0.0378,-0.3467,-0.0338,0.0685,0.0601,0.111,0.0832,0.3193,0.051,0.0416,0.0,0.2065,0.222,0.0,0.187,-0.0,0.8752,0.172,1.850304244477124e-05,171.5,0.49
2965,1790895593.7210631,-0.1596,0.0349,-0.3166,-0.0417,0.0731,0.0639,0.1158,0.0901,0.3473,0.0519,0.0492,0.0,0.3213,0.2422,0.0,0.202,-0.0,0.8752,0.0,1.850304244477124e-05,204.9,0.48
2966,1790895594.2779095,-0.2243,0.0317,-0.3752,-0.077,0.0977,0.0968,0.1499,0.1262,0.4901,0.0531,0.0807,0.0,0.2523,0.4709,0.0,0.238,0.0,0.8752,0.0,1.850304244477124e-05,238.1,0.55
2967,1790895594.7450647,-0.185,0.0481,-0.4833,-0.0,0.0878,0.0838,0.1542,0.1139,0.3554,0.0703,0.0562,-0.0,0.2826,0.2995,0.0,0.197,0.0,0.8379,0.0,1.850304244477124e-05,107.7,0.46
2968,1790895595.1950471,-0.1575,0.042,-0.3737,-0.0,0.0648,0.0568,0.1187,0.0878,0.3485,0.0619,0.0453,-0.0,0.3145,0.2183,0.0,0.236,0.0,0.8752,0.175,1.8498103203944026e-05,172.2,0.45
2969,1790895595.6780717,-0.1409,0.0274,-0.2775,-0.026,0.0613,0.055,0.1002,0.0761,0.3239,0.0452,0.042,-0.0,0.3343,0.1909,0.0,0.206,0.0,0.8752,0.0,1.8498103203944026e-05,197.8,0.48
2970,1790895596.1595678,-0.1985,0.0303,-0.3078,-0.0725,0.0861,0.0843,0.1281,0.1061,0.4619,0.0438,0.0533,-0.0,0.2694,0.2835,0.0,0.226,0.0,0.8752,0.0,1.8498103203944026e-05,235.1,0.48
2971,1790895596.5785937,-0.165,0.0375,-0.4778,-0.0,0.0859,0.0737,0.1305,0.0965,0.3424,0.0568,0.0507,0.0,0.253,0.2706,0.0,0.167,0.0,0.7989,0.0,1.8498103203944026e-05,100.9,0.42
2972,1790895597.0565448,-0.1962,0.0402,-0.4214,-0.0,0.0934,0.0796,0.146,0.1126,0.4178,0.0664,0.054,-0.0,0.25,0.2936,0.0,0.215,0.0,0.8752,0.241,1.8493156489478084e-05,136.3,0.48
2973,1790895597.5304716,-0.1563,0.0322,-0.4393,-0.0,0.068,0.0648,0.1152,0.0896,0.3335,0.0504,0.0495,0.0,0.3499,0.2365,0.0,0.2,-0.0,0.8752,0.0,1.8493156489478084e-05,188.1,0.47
2974,1790895597.9703345,-0.2306,0.0355,-0.4626,-0.0439,0.1119,0.1051,0.1619,0.1318,0.4938,0.0568,0.0737,0.0,0.3142,0.4074,0.0,0.241,-0.0,0.8752,0.0,1.8493156489478084e-05,256.8,0.44
2975,1790895598.444436,-0.1404,0.0338,-0.3267,-0.0,0.0585,0.0537,0.104,0.0791,0.3068,0.0503,0.0433,0.0,0.2435,0.2238,0.0,0.181,-0.0,0.8752,0.0,1.8493156489478084e-05,138.8,0.47
2976,1790895601.18683,-0.1925,0.0356,-0.4455,-0.0,0.0849,0.0823,0.1361,0.107,0.4274,0.0538,0.055,0.0,0.3221,0.281,0.0,0.216,-0.0,0.8752,0.175,1.848820230572379e-05,111.5,0.75
2977,1790895601.657548,-0.1446,0.0302,-0.3032,-0.0,0.0637,0.0616,0.108,0.0841,0.3027,0.0464,0.0483,-0.0,0.394,0.217,0.0,0.201,0.0,0.8752,0.0,1.848820230572379e-05,218.1,0.47
2978,1790895602.1314368,-0.2128,0.0376,-0.3749,-0.0,0.0899,0.0883,0.1428,0.1162,0.4831,0.0545,0.0616,-0.0,0.2339,0.3482,0.0,0.228,0.0,0.8752,0.0,1.848820230572379e-05,269.2,0.47
2979,1790895602.5522125,-0.1318,0.037,-0.3686,-0.0,0.0626,0.0469,0.0968,0.0722,0.2979,0.0499,0.0351,-0.0,0.278,0.16,0.0,0.178,0.0,0.8379,0.0,1.848820230572379e-05,124.6,0.42
2980,1790895602.9896545,-0.1846,0.029,-0.3808,-0.0,0.0909,0.0836,0.1235,0.1045,0.4006,0.0399,0.0539,0.0,0.2593,0.2902,0.0,0.216,-0.0,0.8752,0.189,1.848324065703809e-05,165.9,0.43
2981,1790895603.4056597,-0.1775,0.0326,-0.5152,-0.0,0.0822,0.0774,0.1265,0.1013,0.3811,0.049,0.0559,-0.0,0.3324,0.2843,0.0,0.226,0.0,0.8752,0.0,1.848324065703809e-05,204.2,0.41
2982,1790895603.9291208,-0.1458,0.0322,-0.3706,-0.022,0.0582,0.0544,0.0998,0.0784,0.337,0.0454,0.0418,-0.0,0.2995,0.1987,0.0,0.213,0.0,0.8752,0.0,1.848324065703809e-05,213.0,0.52
2983,1790895604.387653,-0.1013,0.0381,-0.2414,-0.0,0.0508,0.0284,0.0814,0.0567,0.2226,0.0529,0.0329,-0.0,0.2321,0.1575,0.0,0.156,0.0,0.8752,0.0,1.848324065703809e-05,107.1,0.46
2984,1790895604.883449,-0.169,0.0445,-0.3724,-0.0314,0.0626,0.0579,0.1205,0.0916,0.3868,0.0626,0.0515,-0.0,0.2447,0.278,0.0,0.201,0.0,0.8752,0.183,1.8478271547784497e-05,135.1,0.49
2985,1790895605.3596613,-0.1822,0.034,-0.3949,-0.0302,0.0864,0.0821,0.1323,0.106,0.3809,0.0502,0.0589,-0.0,0.3675,0.2949,0.0,0.214,0.0,0.8752,0.0,1.8478271547784497e-05,186.9,0.47
2986,1790895605.8326428,-0.2237,0.0345,-0.4837,-0.0399,0.1119,0.1016,0.1545,0.1247,0.495,0.0529,0.0603,0.0,0.2469,0.3361,0.0,0.22,-0.0,0.8752,0.0,1.8478271547784497e-05,250.7,0.47
2987,1790895606.2271442,-0.1353,0.0337,-0.37,-0.045,0.0551,0.0502,0.1006,0.0734,0.3091,0.0504,0.0324,0.0,0.2884,0.1388,0.0,0.164,0.0,0.7989,0.0,1.8478271547784497e-05,120.4,0.39
2988,1790895606.6992018,-0.2137,0.0244,-0.5048,-0.0,0.1088,0.1047,0.1415,0.1231,0.4534,0.0369,0.0729,0.0,0.3508,0.3923,0.0,0.251,-0.0,0.8752,0.225,1.8473294982333083e-05,144.2,0.47
2989,1790895607.144832,-0.1368,0.0272,-0.2949,-0.0,0.0647,0.0572,0.1006,0.0778,0.2953,0.0434,0.0425,0.0,0.2894,0.2062,0.0,0.224,-0.0,0.8752,0.0,1.8473294982333083e-05,186.6,0.44
2990,1790895607.6563013,-0.1891,0.0343,-0.3371,-0.0441,0.0881,0.082,0.1319,0.1049,0.4207,0.0499,0.0518,0.0,0.2534,0.2775,0.0,0.215,-0.0,0.8752,0.0,1.8473294982333083e-05,240.6,0.51
2991,1790895608.1183126,-0.1242,0.0568,-0.4106,-0.0,0.0395,0.0395,0.1202,0.0711,0.2655,0.0807,0.0468,0.0,0.238,0.2483,0.0,0.185,-0.0,0.8752,0.0,1.8473294982333083e-05,122.9,0.46
2992,1790895608.5827057,-0.1755,0.0322,-0.4194,-0.0,0.083,0.0776,0.1296,0.1014,0.3708,0.052,0.0526,0.0,0.245,0.2856,0.0,0.193,-0.0,0.8752,0.187,1.8468310965060478e-05,178.7,0.46
2993,1790895609.0710142,-0.2019,0.0364,-0.465,-0.0818,0.0913,0.0892,0.1434,0.1168,0.4256,0.0542,0.0717,-0.0,0.4404,0.3607,0.0,0.231,0.0,0.8752,0.0,1.8468310965060478e-05,194.0,0.49
2994,1790895609.5443103,-0.2112,0.0279,-0.4188,-0.0,0.102,0.0976,0.1387,0.1179,0.4663,0.041,0.0733,-0.0,0.2762,0.4147,0.0,0.222,0.0,0.8752,0.0,1.8468310965060478e-05,248.1,0.47
2995,1790895610.0307262,-0.1491,0.0429,-0.4394,-0.0,0.068,0.0615,0.1136,0.085,0.3205,0.0521,0.0495,-0.0,0.2959,0.2511,0.0,0.153,0.0,0.7989,0.0,1.8468310965060478e-05,92.1,0.48
2996,1790895610.5250437,-0.2127,0.0451,-0.5196,-0.0,0.1082,0.0907,0.1641,0.1249,0.4394,0.0734,0.0672,0.0,0.3272,0.3605,0.0,0.225,-0.0,0.8752,0.195,1.8463319500349865e-05,134.3,0.49
2997,1790895610.9739845,-0.1754,0.0285,-0.4095,-0.0302,0.0824,0.0786,0.1233,0.1029,0.3625,0.0447,0.0696,0.0,0.3689,0.3657,0.0,0.219,-0.0,0.8752,0.0,1.8463319500349865e-05,199.0,0.45
2998,1790895611.4977095,-0.1889,0.0311,-0.3887,-0.0244,0.0903,0.0821,0.133,0.1069,0.4103,0.051,0.0634,-0.0,0.2922,0.345,0.0,0.217,-0.0,0.8752,0.0,1.8463319500349865e-05,212.2,0.52
2999,1790895611.9866571,-0.1107,0.0415,-0.475,-0.0,0.0416,0.0353,0.0893,0.0596,0.2554,0.054,0.0257,-0.0,0.2147,0.1144,0.0,0.161,-0.0,0.8752,0.0,1.8463319500349865e-05,103.5,0.48
3000,1790895612.4240475,-0.2019,0.0381,-0.4289,-0.0262,0.0925,0.0871,0.1438,0.1162,0.4285,0.0566,0.0633,-0.0,0.339,0.3313,0.0,0.21,0.0,0.8752,0.303,1.8458320592590976e-05,170.8,0.44
3001,1790895615.8228998,-0.1555,0.0328,-0.4287,-0.0244,0.067,0.067,0.1141,0.0899,0.328,0.047,0.0609,0.0,0.3226,0.3202,0.0,0.215,-0.0,0.8752,0.0,1.8458320592590976e-05,165.6,0.56
3002,1790895616.305948,-0.2061,0.028,-0.4839,-0.0374,0.1032,0.0931,0.1381,0.1152,0.4544,0.045,0.0617,-0.0,0.2244,0.3514,0.0,0.205,0.0,0.8752,0.0,1.8458320592590976e-05,242.3,0.48
3003,1790895616.7741601,-0.1629,0.0536,-0.3905,-0.0,0.0634,0.0576,0.1321,0.0877,0.3758,0.0745,0.0394,0.0,0.2553,0.1944,0.0,0.168,-0.0,0.8752,0.0,1.8458320592590976e-05,115.0,0.47
3004,1790895617.1981127,-0.1168,0.0322,-0.3149,-0.0,0.0447,0.0397,0.0828,0.0626,0.2709,0.0431,0.0332,-0.0,0.3304,0.1331,0.0,0.186,0.0,0.8752,0.182,1.845331424618009e-05,196.5,0.42
3005,1790895617.6788678,-0.1867,0.027,-0.3401,-0.0,0.0849,0.0849,0.1243,0.1056,0.4054,0.0393,0.0734,-0.0,0.3643,0.3922,0.0,0.221,0.0,0.8752,0.0,1.845331424618009e-05,206.2,0.48
3006,1790895618.169989,-0.1859,0.0267,-0.33,-0.0553,0.0799,0.0799,0.1182,0.0996,0.4319,0.0383,0.05,0.0,0.2631,0.2629,0.0,0.215,-0.0,0.8752,0.0,1.845331424618009e-05,259.9,0.49
3007,1790895618.5829928,-0.1359,0.0381,-0.3111,-0.0,0.0694,0.0573,0.1106,0.0822,0.2687,0.0533,0.0392,-0.0,0.2127,0.2043,0.0,0.166,0.0,0.8379,0.0,1.845331424618009e-05,134.1,0.41
3008,1790895619.0095997,-0.1795,0.034,-0.4991,-0.0,0.0852,0.0797,0.1326,0.1069,0.3632,0.0528,0.0499,-0.0,0.2193,0.2744,0.0,0.21,0.0,0.8379,0.227,1.844830046552003e-05,177.8,0.42
3009,1790895619.4992132,-0.2023,0.0391,-0.4073,-0.0323,0.0845,0.0836,0.142,0.114,0.4411,0.0584,0.0531,-0.0,0.266,0.2832,0.0,0.209,0.0,0.8752,0.0,1.844830046552003e-05,187.5,0.49
3010,1790895620.0140727,-0.1668,0.0353,-0.3093,-0.0,0.0758,0.0693,0.1211,0.0961,0.3533,0.0519,0.0578,0.0,0.3149,0.3015,0.0,0.211,-0.0,0.8752,0.0,1.844830046552003e-05,217.7,0.51
3011,1790895620.4787028,-0.1822,0.0548,-0.5162,-0.0,0.0826,0.0709,0.1566,0.1067,0.3776,0.0858,0.055,0.0,0.3989,0.2601,0.0,0.243,0.0,0.8752,0.0,1.844830046552003e-05,136.2,0.46
3012,1790895620.9514532,-0.1958,0.034,-0.4596,-0.0543,0.0978,0.0944,0.1426,0.1153,0.4023,0.0482,0.0682,0.0,0.2962,0.3758,0.0,0.24,-0.0,0.8379,0.169,1.8443279255020153e-05,195.7,0.47
3013,1790895621.4103115,-0.237,0.0309,-0.4347,-0.0639,0.1136,0.1102,0.1575,0.1327,0.5215,0.0473,0.079,-0.0,0.2476,0.4609,0.0,0.221,0.0,0.8783,0.0,1.8443279255020153e-05,204.2,0.46
3014,1790895621.8704824,-0.2313,0.0495,-0.4677,-0.0438,0.1182,0.0936,0.1723,0.1313,0.5,0.0787,0.0605,0.0,0.3151,0.3191,0.0,0.199,-0.0,0.8752,0.0,1.8443279255020153e-05,100.6,0.46
3015,1790895622.3328345,-0.1577,0.0358,-0.3265,-0.0,0.0642,0.0612,0.112,0.0854,0.3615,0.0508,0.0365,0.0,0.2029,0.1894,0.0,0.194,-0.0,0.8752,0.0,1.8443279255020153e-05,164.7,0.46
3016,1790895622.7987213,-0.1873,0.035,-0.4888,-0.0,0.0845,0.0768,0.1286,0.1032,0.4205,0.0518,0.0594,-0.0,0.3749,0.2959,0.0,0.227,0.0,0.8752,0.207,1.8438250619096353e-05,194.4,0.46
3017,1790895623.2811685,-0.2139,0.032,-0.4316,-0.0263,0.1008,0.0965,0.149,0.1235,0.4516,0.0526,0.067,0.0,0.2671,0.3754,0.0,0.225,-0.0,0.8752,0.0,1.8438250619096353e-05,231.5,0.48
3018,1790895623.6975849,-0.1392,0.0429,-0.3267,-0.0,0.0636,0.0533,0.1147,0.0784,0.304,0.0614,0.0518,-0.0,0.2797,0.271,0.0,0.16,0.0,0.8752,0.0,1.8438250619096353e-05,125.7,0.41
3019,1790895624.1207075,-0.1438,0.0353,-0.3778,-0.0,0.063,0.0513,0.101,0.0772,0.3328,0.0497,0.0415,-0.0,0.2592,0.2072,0.0,0.205,0.0,0.8379,0.0,1.8438250619096353e-05,163.7,0.42
3020,1790895624.5933444,-0.175,0.0365,-0.3864,-0.0479,0.0734,0.0674,0.1202,0.0925,0.4121,0.0528,0.0482,0.0,0.3076,0.2394,0.0,0.214,-0.0,0.8752,0.257,1.8433214562171047e-05,180.9,0.47
3021,1790895625.136387,-0.1725,0.0233,-0.3876,-0.0,0.082,0.0809,0.1139,0.0982,0.3717,0.0331,0.0684,0.0,0.3149,0.3719,0.0,0.212,-0.0,0.8752,0.0,1.8433214562171047e-05,212.5,0.54
3022,1790895625.556816,-0.1792,0.0454,-0.4674,-0.0,0.0867,0.065,0.1351,0.1023,0.3849,0.0701,0.05,0.0,0.2589,0.2645,0.0,0.164,-0.0,0.8752,0.0,1.8433214562171047e-05,125.4,0.42
3023,1790895626.0507872,-0.2066,0.049,-0.4857,-0.0,0.0886,0.0869,0.1648,0.1268,0.3994,0.0778,0.0629,-0.0,0.2987,0.3393,0.0,0.22,0.0,0.8752,0.0,1.8433214562171047e-05,152.6,0.49
3024,1790895626.5459352,-0.1723,0.0246,-0.5238,-0.0,0.0927,0.0903,0.1284,0.1055,0.3341,0.0381,0.0611,0.0,0.3385,0.3168,0.0,0.211,-0.0,0.8752,0.197,1.8428171088673194e-05,191.8,0.49
3025,1790895627.0026963,-0.2029,0.0331,-0.4051,-0.0456,0.0893,0.0893,0.1376,0.1118,0.4554,0.0482,0.0564,0.0,0.2727,0.3036,0.0,0.225,-0.0,0.8752,0.0,1.8428171088673194e-05,250.6,0.45
3026,1790895629.606821,-0.1604,0.04,-0.3649,-0.0,0.0611,0.0611,0.1202,0.0896,0.3543,0.0591,0.0451,-0.0,0.2167,0.2431,0.0,0.173,0.0,0.8379,0.0,1.8428171088673194e-05,79.6,0.65
3027,1790895630.3825088,-0.2165,0.0347,-0.4857,-0.0,0.1042,0.1003,0.153,0.1258,0.4535,0.0527,0.0721,0.0,0.219,0.4223,0.0,0.227,-0.0,0.8752,0.0,1.8428171088673194e-05,98.1,0.77
3028,1790895630.87337,-0.221,0.0333,-0.4528,-0.0,0.1094,0.1083,0.1594,0.1317,0.4465,0.0511,0.0783,-0.0,0.4491,0.402,0.0,0.273,0.0,0.8752,0.221,1.842312020303826e-05,173.5,0.49
3029,1790895631.3144963,-0.1868,0.0269,-0.4264,-0.0607,0.0932,0.0859,0.1299,0.1075,0.3966,0.044,0.0559,0.0,0.2941,0.2943,0.0,0.227,-0.0,0.8752,0.0,1.842312020303826e-05,232.2,0.44
3030,1790895631.7438006,-0.1601,0.0461,-0.4021,-0.0,0.0605,0.0605,0.1333,0.0938,0.3315,0.0728,0.0438,-0.0,0.3099,0.2095,0.0,0.193,0.0,0.8379,0.0,1.842312020303826e-05,119.0,0.43
3031,1790895632.145997,-0.1923,0.0324,-0.3959,-0.0,0.1004,0.0928,0.1448,0.1161,0.3813,0.052,0.0568,0.0,0.26,0.3092,0.0,0.218,-0.0,0.8752,0.0,1.842312020303826e-05,175.3,0.4
3032,1790895632.5919528,-0.1151,0.0275,-0.2885,-0.0,0.0457,0.0446,0.0801,0.0617,0.2671,0.0355,0.0377,0.0,0.3731,0.1517,0.0,0.19,-0.0,0.8752,0.201,1.8418061909708238e-05,210.6,0.44
3033,1790895633.1153638,-0.2148,0.0379,-0.3136,-0.0261,0.0893,0.0893,0.1431,0.1186,0.4809,0.0539,0.0592,-0.0,0.2805,0.32,0.0,0.224,0.0,0.8752,0.0,1.8418061909708238e-05,239.0,0.52
3034,1790895633.5698333,-0.1938,0.0789,-0.5571,-0.0,0.0749,0.0646,0.1755,0.1124,0.4073,0.1109,0.0497,-0.0,0.3119,0.2482,0.0,0.17,0.0,0.8752,0.0,1.8418061909708238e-05,100.5,0.45
3035,1790895633.9997883,-0.1841,0.0645,-0.3987,-0.0,0.0775,0.064,0.1499,0.1045,0.3983,0.0858,0.0836,0.0,0.2756,0.4838,0.0,0.201,-0.0,0.8752,0.0,1.8418061909708238e-05,146.8,0.43
3036,1790895634.4787562,-0.1991,0.0389,-0.4369,-0.0384,0.0918,0.0881,0.1428,0.1143,0.4243,0.0547,0.0704,0.0,0.36,0.3733,0.0,0.237,-0.0,0.8752,0.23,1.8412996213131633e-05,189.4,0.48
3037,1790895634.989744,-0.1797,0.0273,-0.2825,-0.0761,0.0868,0.0812,0.1236,0.1007,0.3948,0.0423,0.0526,-0.0,0.2802,0.2759,0.0,0.209,0.0,0.8752,0.0,1.8412996213131633e-05,229.5,0.51
3038,1790895635.444675,-0.1129,0.0326,-0.2904,-0.0,0.0616,0.0426,0.0876,0.0654,0.2376,0.045,0.0326,-0.0,0.278,0.1431,0.0,0.151,0.0,0.8379,0.0,1.8412996213131633e-05,114.1,0.45
3039,1790895635.8691545,-0.1886,0.024,-0.3651,-0.0304,0.091,0.085,0.127,0.1018,0.4341,0.042,0.0553,-0.0,0.3328,0.2796,0.0,0.214,0.0,0.8752,0.0,1.8412996213131633e-05,185.2,0.42
3040,1790895636.3647058,-0.1638,0.0362,-0.36,-0.0247,0.0675,0.0645,0.1157,0.0904,0.367,0.0512,0.0535,0.0,0.4222,0.2444,0.0,0.217,-0.0,0.8752,0.168,1.840792311776346e-05,192.4,0.49
3041,1790895636.8478074,-0.2108,0.031,-0.4596,-0.0482,0.0913,0.0913,0.1396,0.1189,0.4595,0.0483,0.0584,-0.0,0.2679,0.3178,0.0,0.226,0.0,0.8752,0.0,1.840792311776346e-05,260.2,0.48
3042,1790895637.332893,-0.1086,0.0456,-0.3152,-0.0,0.0492,0.0378,0.0939,0.0611,0.2374,0.0562,0.029,-0.0,0.2634,0.1228,0.0,0.153,0.0,0.7989,0.0,1.840792311776346e-05,94.4,0.48
3043,1790895637.7480845,-0.1673,0.0295,-0.3328,-0.0611,0.077,0.0724,0.1205,0.0966,0.3533,0.0481,0.0543,0.0,0.3451,0.2703,0.0,0.227,-0.0,0.8752,0.0,1.840792311776346e-05,185.3,0.41
3044,1790895638.2241123,-0.1559,0.0332,-0.3174,-0.0,0.066,0.0631,0.1069,0.0889,0.3348,0.0437,0.048,-0.0,0.3666,0.2221,0.0,0.201,0.0,0.8752,0.154,1.840284262806524e-05,197.0,0.47
3045,1790895638.7084134,-0.1691,0.0273,-0.3353,-0.0,0.0773,0.0756,0.1174,0.0954,0.3683,0.0419,0.0534,0.0,0.2719,0.2837,0.0,0.204,-0.0,0.8752,0.0,1.840284262806524e-05,250.2,0.48
3046,1790895639.1521447,-0.1672,0.0477,-0.5595,-0.0,0.0687,0.0643,0.1371,0.0956,0.3581,0.0728,0.0523,-0.0,0.2852,0.2729,0.0,0.175,-0.0,0.8752,0.0,1.840284262806524e-05,131.6,0.44
3047,1790895639.617593,-0.1634,0.0343,-0.4532,-0.0,0.0706,0.0664,0.1211,0.0943,0.3454,0.0547,0.0505,0.0,0.3579,0.2413,0.0,0.226,-0.0,0.8752,0.0,1.840284262806524e-05,167.0,0.46
3048,1790895640.1120648,-0.1542,0.0305,-0.2828,-0.0352,0.0693,0.062,0.1076,0.0848,0.3471,0.0455,0.0507,0.0,0.391,0.234,0.0,0.217,0.0,0.8752,0.179,1.8397754748505007e-05,201.6,0.49
3049,1790895640.6774113,-0.1888,0.0279,-0.4203,-0.0,0.0859,0.0837,0.1282,0.1052,0.4182,0.0445,0.0584,0.0,0.3048,0.3082,0.0,0.207,-0.0,0.8752,0.0,1.8397754748505007e-05,202.2,0.56
3050,1790895641.1246986,-0.1586,0.0477,-0.4056,-0.0,0.0765,0.0533,0.1252,0.0912,0.3373,0.0719,0.0401,0.0,0.3061,0.1856,0.0,0.175,-0.0,0.8752,0.0,1.8397754748505007e-05,114.7,0.44
3051,1790895643.7228925,-0.1632,0.0334,-0.359,-0.0304,0.0759,0.0704,0.1162,0.0937,0.3475,0.0458,0.0476,-0.0,0.3314,0.2293,0.0,0.22,0.0,0.8752,0.0,1.8397754748505007e-05,127.0,0.62
3052,1790895644.1576765,-0.1499,0.0272,-0.3218,-0.0,0.0617,0.0567,0.0971,0.0796,0.3515,0.0404,0.0523,-0.0,0.3616,0.2521,0.0,0.222,0.0,0.8752,0.178,1.8392659483557275e-05,220.2,0.43
3053,1790895644.6555154,-0.1699,0.0317,-0.4217,-0.0,0.0676,0.0643,0.1111,0.0889,0.4048,0.0468,0.053,-0.0,0.2561,0.2853,0.0,0.204,0.0,0.8752,0.0,1.8392659483557275e-05,254.9,0.49
3054,1790895645.1253273,-0.2082,0.0427,-0.5478,-0.0,0.1217,0.1074,0.1735,0.1367,0.3579,0.066,0.0892,-0.0,0.3504,0.5015,0.0,0.231,0.0,0.8752,0.0,1.8392659483557275e-05,102.6,0.47
3055,1790895645.5474596,-0.2,0.0351,-0.4833,-0.0,0.0983,0.0902,0.1449,0.1173,0.4133,0.0547,0.0616,-0.0,0.2883,0.3339,0.0,0.203,-0.0,0.8752,0.0,1.8392659483557275e-05,183.2,0.42
3056,1790895645.9747205,-0.1555,0.034,-0.3118,-0.0304,0.0622,0.0611,0.1099,0.0861,0.3473,0.0488,0.0581,0.0,0.385,0.2844,0.0,0.213,-0.0,0.8752,0.218,1.8387556837703072e-05,211.7,0.43
3057,1790895646.429547,-0.1846,0.035,-0.3469,-0.0,0.0815,0.0809,0.1286,0.1016,0.4154,0.0477,0.0567,0.0,0.3285,0.2902,0.0,0.205,-0.0,0.8752,0.0,1.8387556837703072e-05,257.6,0.45
3058,1790895646.867689,-0.2132,0.0498,-0.4845,-0.0,0.0893,0.0875,0.1562,0.1246,0.443,0.0687,0.0622,0.0,0.273,0.3421,0.0,0.213,-0.0,0.8379,0.0,1.8387556837703072e-05,119.5,0.44
3059,1790895647.353526,-0.1379,0.036,-0.3246,-0.0,0.0597,0.0518,0.1034,0.0742,0.3186,0.0516,0.0355,-0.0,0.2746,0.1635,0.0,0.177,0.0,0.8752,0.0,1.8387556837703072e-05,160.0,0.48
3060,1790895647.8377259,-0.1935,0.0293,-0.3543,-0.0,0.0942,0.0872,0.1281,0.1102,0.4161,0.0408,0.0619,0.0,0.3722,0.3131,0.0,0.218,-0.0,0.8752,0.194,1.8382446815429905e-05,201.9,0.48
3061,1790895648.373229,-0.2232,0.0364,-0.4381,-0.0541,0.1009,0.0996,0.1482,0.126,0.4857,0.0486,0.0688,0.0,0.2191,0.4003,0.0,0.227,0.0,0.8752,0.0,1.8382446815429905e-05,229.5,0.53
3062,1790895648.8102994,-0.1986,0.0483,-0.4626,-0.0,0.0938,0.0844,0.1547,0.1212,0.3873,0.0703,0.05,-0.0,0.2449,0.2682,0.0,0.202,0.0,0.8752,0.0,1.8382446815429905e-05,124.5,0.43
3063,1790895649.2949626,-0.1587,0.0419,-0.469,-0.0325,0.0631,0.0579,0.1214,0.0875,0.356,0.0635,0.0457,-0.0,0.3357,0.215,0.0,0.207,0.0,0.8752,0.0,1.8382446815429905e-05,163.6,0.48
3064,1790895649.8199737,-0.1528,0.0308,-0.3774,-0.0263,0.0663,0.062,0.1054,0.0845,0.3417,0.0434,0.0496,-0.0,0.3062,0.249,0.0,0.203,0.0,0.8379,0.194,1.8377329421231772e-05,177.1,0.52
3065,1790895650.3207939,-0.218,0.0313,-0.4982,-0.0352,0.1036,0.0998,0.1488,0.1243,0.4688,0.049,0.0837,0.0,0.3613,0.4616,0.0,0.245,-0.0,0.8752,0.0,1.8377329421231772e-05,233.4,0.5
3066,1790895650.7375734,-0.0928,0.0429,-0.2984,-0.0,0.0397,0.0196,0.0773,0.0496,0.2158,0.0577,0.0299,-0.0,0.2651,0.1284,0.0,0.173,0.0,0.8379,0.0,1.8377329421231772e-05,108.4,0.41
3067,1790895651.1541367,-0.1429,0.0391,-0.3222,-0.0,0.0671,0.0529,0.1135,0.0807,0.3111,0.0606,0.0381,-0.0,0.2651,0.1833,0.0,0.201,0.0,0.8752,0.0,1.8377329421231772e-05,161.7,0.41
3068,1790895651.656541,-0.1601,0.0304,-0.3692,-0.0304,0.0704,0.0693,0.111,0.0888,0.3564,0.0416,0.0521,-0.0,0.4349,0.2312,0.0,0.223,0.0,0.8752,0.202,1.8372204659609155e-05,169.0,0.5
3069,1790895652.1473413,-0.1724,0.0393,-0.5136,-0.0,0.0736,0.0714,0.1251,0.0973,0.3756,0.0536,0.0515,0.0,0.3125,0.2602,0.0,0.227,-0.0,0.8752,0.0,1.8372204659609155e-05,224.1,0.49
3070,1790895652.594444,-0.1579,0.0462,-0.45,-0.0,0.0717,0.0632,0.1252,0.0895,0.342,0.062,0.0527,-0.0,0.3242,0.2648,0.0,0.169,0.0,0.8379,0.0,1.8372204659609155e-05,106.3,0.44
3071,1790895653.0560842,-0.1503,0.0304,-0.3896,-0.0,0.0714,0.0642,0.1103,0.0871,0.316,0.0461,0.0428,-0.0,0.285,0.2093,0.0,0.194,0.0,0.8752,0.0,1.8372204659609155e-05,169.8,0.46
3072,1790895653.5348184,-0.1528,0.037,-0.3536,-0.0345,0.0701,0.0623,0.1187,0.0889,0.3196,0.0564,0.0453,0.0,0.3086,0.2199,0.0,0.201,-0.0,0.8752,0.213,1.8367072535069018e-05,193.7,0.48
3073,1790895654.0002382,-0.1994,0.0259,-0.4654,-0.0383,0.0988,0.0926,0.1322,0.1143,0.4253,0.0396,0.0586,0.0,0.2877,0.314,0.0,0.214,-0.0,0.8752,0.0,1.8367072535069018e-05,246.4,0.46
3074,1790895654.4611683,-0.1594,0.0435,-0.3977,-0.0,0.0741,0.0575,0.1179,0.0873,0.3606,0.0604,0.0419,0.0,0.2572,0.211,0.0,0.189,-0.0,0.8752,0.0,1.8367072535069018e-05,127.0,0.46
3075,1790895654.9547765,-0.1521,0.0321,-0.3067,-0.0514,0.0544,0.0514,0.1003,0.0767,0.3769,0.0489,0.0375,0.0,0.3459,0.1577,0.0,0.196,-0.0,0.8752,0.0,1.8367072535069018e-05,163.5,0.49
3076,1790895657.7443502,-0.1461,0.0365,-0.3892,-0.0,0.0556,0.0482,0.0996,0.0741,0.3597,0.0514,0.0384,-0.0,0.3588,0.1604,0.0,0.174,0.0,0.8752,0.164,1.8361933052124793e-05,123.6,0.76
3077,1790895658.2911365,-0.2008,0.0322,-0.3738,-0.038,0.0878,0.0844,0.1232,0.104,0.484,0.0388,0.0589,-0.0,0.2909,0.315,0.0,0.207,0.0,0.8752,0.0,1.8361933052124793e-05,209.3,0.54
3078,1790895658.7195725,-0.1258,0.0392,-0.4426,-0.0,0.0457,0.04,0.1014,0.0677,0.2909,0.0614,0.0374,0.0,0.2992,0.1698,0.0,0.161,-0.0,0.7579,0.0,1.8361933052124793e-05,109.3,0.43
3079,1790895659.1559918,-0.142,0.0469,-0.3552,-0.0,0.0632,0.0552,0.1203,0.0822,0.2991,0.065,0.043,0.0,0.2664,0.2157,0.0,0.18,-0.0,0.8752,0.0,1.8361933052124793e-05,157.8,0.43
3080,1790895659.5977843,-0.1961,0.0397,-0.4862,-0.0,0.0863,0.0809,0.1413,0.11,0.4304,0.0603,0.0635,0.0,0.3491,0.3299,0.0,0.229,-0.0,0.8752,0.193,1.8356786215296387e-05,193.4,0.44
3081,1790895660.0791008,-0.1859,0.031,-0.4046,-0.0,0.0752,0.0752,0.1228,0.0986,0.4365,0.0476,0.0551,-0.0,0.2879,0.2903,0.0,0.215,0.0,0.8752,0.0,1.8356786215296387e-05,227.4,0.48
3082,1790895660.5296535,-0.1495,0.0406,-0.4735,-0.0,0.0671,0.0589,0.116,0.0878,0.3085,0.0571,0.043,0.0,0.3013,0.2065,0.0,0.198,-0.0,0.8379,0.0,1.8356786215296387e-05,118.6,0.45
3083,1790895660.9880497,-0.1968,0.0306,-0.4275,-0.0,0.1012,0.0979,0.1435,0.1174,0.3966,0.0456,0.0692,-0.0,0.2966,0.3824,0.0,0.199,0.0,0.8379,0.0,1.8356786215296387e-05,185.9,0.46
3084,1790895661.4504519,-0.1736,0.0283,-0.3176,-0.0,0.073,0.0721,0.1137,0.0914,0.4109,0.0415,0.0531,-0.0,0.3673,0.2563,0.0,0.208,0.0,0.8752,0.169,1.8351632029110174e-05,224.9,0.46
3085,1790895661.919941,-0.2011,0.0294,-0.3374,-0.0244,0.0915,0.0876,0.1313,0.1093,0.459,0.0437,0.0567,-0.0,0.2499,0.3115,0.0,0.22,0.0,0.8752,0.0,1.8351632029110174e-05,283.7,0.47
3086,1790895662.3471625,-0.1964,0.0547,-0.5636,-0.0,0.0888,0.0724,0.1609,0.112,0.4221,0.0884,0.0612,-0.0,0.273,0.3349,0.0,0.194,0.0,0.8752,0.0,1.8351632029110174e-05,112.6,0.43
3087,1790895662.813146,-0.1925,0.0395,-0.4794,-0.0,0.0894,0.0796,0.1428,0.1122,0.4012,0.0632,0.0576,0.0,0.2618,0.3144,0.0,0.215,-0.0,0.8752,0.0,1.8351632029110174e-05,160.3,0.46
3088,1790895663.3201175,-0.1581,0.0316,-0.3295,-0.0239,0.0737,0.0695,0.1139,0.0888,0.3466,0.0444,0.05,0.0,0.3735,0.2339,0.0,0.202,-0.0,0.8752,0.206,1.8346470498099e-05,182.4,0.5
3089,1790895663.8369195,-0.199,0.0353,-0.4258,-0.0383,0.0813,0.0806,0.1386,0.1091,0.4495,0.058,0.054,-0.0,0.2864,0.2833,0.0,0.221,0.0,0.8752,0.0,1.8346470498099e-05,220.4,0.51
3090,1790895664.327876,-0.1403,0.0506,-0.3563,-0.0,0.0541,0.0451,0.1144,0.0744,0.3298,0.0692,0.0373,-0.0,0.3042,0.1675,0.0,0.167,0.0,0.8752,0.0,1.8346470498099e-05,97.5,0.49
3091,1790895664.7859013,-0.1618,0.0356,-0.3621,-0.0244,0.0708,0.0618,0.1189,0.0887,0.3652,0.0571,0.0455,-0.0,0.3047,0.2218,0.0,0.176,0.0,0.8752,0.0,1.8346470498099e-05,177.2,0.46
3092,1790895665.2953277,-0.2359,0.0289,-0.5376,-0.0448,0.1218,0.1184,0.1624,0.1378,0.4905,0.0441,0.0786,-0.0,0.3248,0.4375,0.0,0.23,0.0,0.8752,0.191,1.834130162680215e-05,185.0,0.51
3093,1790895665.7886198,-0.2076,0.0349,-0.4699,-0.0302,0.0912,0.0887,0.1421,0.1155,0.4604,0.0533,0.0614,0.0,0.2271,0.3489,0.0,0.213,-0.0,0.8752,0.0,1.834130162680215e-05,243.5,0.49
3094,1790895666.2623608,-0.1431,0.0395,-0.4364,-0.0,0.0626,0.0594,0.1153,0.0831,0.3,0.0559,0.0442,0.0,0.2468,0.2285,0.0,0.212,-0.0,0.8379,0.0,1.834130162680215e-05,100.4,0.47
3095,1790895666.711524,-0.1755,0.0383,-0.4232,-0.0332,0.0824,0.0743,0.1301,0.1023,0.366,0.0558,0.0771,-0.0,0.3227,0.4279,0.0,0.21,0.0,0.8752,0.0,1.834130162680215e-05,159.7,0.45
3096,1790895667.1966486,-0.1781,0.0306,-0.4247,-0.0,0.0801,0.0768,0.121,0.0982,0.3995,0.0443,0.053,-0.0,0.3692,0.2547,0.0,0.226,0.0,0.8752,0.196,1.8336125419765392e-05,184.4,0.48
3097,1790895667.7214038,-0.2018,0.0347,-0.4074,-0.0611,0.0916,0.0861,0.139,0.1095,0.4614,0.0529,0.0554,-0.0,0.2765,0.2953,0.0,0.214,0.0,0.8752,0.0,1.8336125419765392e-05,202.4,0.52
3098,1790895668.1418636,-0.1206,0.0425,-0.3452,-0.0,0.0511,0.0396,0.0945,0.0665,0.2704,0.0549,0.0351,-0.0,0.3028,0.1534,0.0,0.16,0.0,0.8379,0.0,1.8336125419765392e-05,124.4,0.42
3099,1790895668.5914862,-0.1546,0.0312,-0.3019,-0.0,0.0792,0.0717,0.116,0.0918,0.3141,0.0442,0.055,0.0,0.2659,0.296,0.0,0.194,-0.0,0.8752,0.0,1.8336125419765392e-05,161.0,0.45
3100,1790895669.0885847,-0.1467,0.0289,-0.4744,-0.0,0.0718,0.0628,0.1061,0.0836,0.3151,0.0433,0.0444,-0.0,0.3537,0.2017,0.0,0.196,0.0,0.8752,0.192,1.8330941881540917e-05,197.9,0.49
3101,1790895671.8855343,-0.1932,0.0334,-0.4609,-0.0262,0.0876,0.0858,0.1298,0.1068,0.4318,0.044,0.0687,-0.0,0.2809,0.3828,0.0,0.201,0.0,0.8752,0.0,1.8330941881540917e-05,148.8,0.79
3102,1790895672.3342748,-0.1281,0.0427,-0.35,-0.0,0.0511,0.045,0.1021,0.069,0.2958,0.0572,0.0362,-0.0,0.2973,0.1617,0.0,0.175,0.0,0.8752,0.0,1.8330941881540917e-05,105.4,0.45
3103,1790895672.7661166,-0.1501,0.0404,-0.3455,-0.0,0.0637,0.0524,0.1192,0.0834,0.3337,0.0667,0.0434,-0.0,0.3111,0.2061,0.0,0.171,0.0,0.8752,0.0,1.8330941881540917e-05,166.3,0.43
3104,1790895673.2476904,-0.1432,0.0312,-0.3829,-0.0,0.0569,0.0558,0.1017,0.0794,0.3192,0.0459,0.0466,0.0,0.3731,0.211,0.0,0.2,-0.0,0.8379,0.167,1.8325751016687382e-05,191.5,0.48
3105,1790895673.7574482,-0.1951,0.0282,-0.4122,-0.0244,0.0872,0.0822,0.1276,0.1057,0.4472,0.0454,0.0499,0.0,0.2956,0.2536,0.0,0.212,-0.0,0.8752,0.0,1.8325751016687382e-05,237.6,0.51
3106,1790895674.2299213,-0.1904,0.0428,-0.4956,-0.0,0.079,0.0742,0.1371,0.1054,0.425,0.0629,0.0532,0.0,0.283,0.2794,0.0,0.206,-0.0,0.8379,0.0,1.8325751016687382e-05,120.0,0.47
3107,1790895674.6637912,-0.1941,0.0331,-0.4396,-0.0318,0.0938,0.0842,0.137,0.1147,0.3968,0.0528,0.0595,-0.0,0.3787,0.2958,0.0,0.229,0.0,0.8752,0.0,1.8325751016687382e-05,183.5,0.43
3108,1790895675.1715705,-0.1914,0.0344,-0.3699,-0.0,0.0958,0.0946,0.1407,0.117,0.372,0.0461,0.069,-0.0,0.315,0.3763,0.0,0.235,0.0,0.8752,0.178,1.832055282976988e-05,177.5,0.51
3109,1790895675.6975725,-0.2186,0.031,-0.4355,-0.0256,0.1026,0.1,0.1445,0.1219,0.4837,0.0445,0.0589,-0.0,0.3124,0.3095,0.0,0.226,0.0,0.8752,0.0,1.832055282976988e-05,205.2,0.52
3110,1790895676.1295927,-0.111,0.0437,-0.2355,-0.0,0.0455,0.0393,0.0968,0.0651,0.2294,0.0575,0.0376,0.0,0.2409,0.1867,0.0,0.158,-0.0,0.8379,0.0,1.832055282976988e-05,112.1,0.43
3111,1790895676.553765,-0.1561,0.0352,-0.3653,-0.0,0.0601,0.0508,0.1089,0.081,0.3759,0.0581,0.0417,0.0,0.2421,0.2134,0.0,0.178,-0.0,0.8752,0.0,1.832055282976988e-05,152.7,0.42
3112,1790895677.0587082,-0.171,0.0357,-0.4209,-0.0,0.0742,0.0697,0.1223,0.098,0.3653,0.0526,0.0585,-0.0,0.3019,0.3093,0.0,0.215,0.0,0.8752,0.185,1.8315347325359947e-05,173.8,0.5
3113,1790895677.523429,-0.1637,0.0223,-0.3288,-0.022,0.0742,0.0689,0.1075,0.0898,0.3697,0.0386,0.0516,0.0,0.2995,0.2644,0.0,0.184,-0.0,0.8752,0.0,1.8315347325359947e-05,238.9,0.46
3114,1790895677.9837086,-0.1064,0.0432,-0.3285,-0.0,0.0495,0.0303,0.1,0.0622,0.2206,0.0697,0.0368,-0.0,0.2933,0.1672,0.0,0.175,0.0,0.8379,0.0,1.8315347325359947e-05,108.0,0.46
3115,1790895678.3908093,-0.1789,0.0351,-0.4771,-0.0,0.0901,0.0804,0.1344,0.1049,0.3698,0.054,0.0519,0.0,0.2684,0.2742,0.0,0.194,-0.0,0.8752,0.0,1.8315347325359947e-05,178.4,0.41
3116,1790895678.8522167,-0.1583,0.0315,-0.4824,-0.0,0.0683,0.0645,0.1142,0.0902,0.3406,0.0497,0.0665,-0.0,0.4051,0.3356,0.0,0.192,0.0,0.8752,0.174,1.8310134508035555e-05,212.7,0.46
3117,1790895679.377081,-0.2479,0.0373,-0.4675,-0.0243,0.1171,0.1171,0.1714,0.1441,0.5189,0.0543,0.0762,0.0,0.2818,0.4328,0.0,0.252,-0.0,0.8752,0.0,1.8310134508035555e-05,234.4,0.52
3118,1790895679.836304,-0.1749,0.0469,-0.4209,-0.0,0.0775,0.0729,0.1466,0.1021,0.3644,0.0736,0.0537,-0.0,0.2794,0.2834,0.0,0.178,0.0,0.8752,0.0,1.8310134508035555e-05,113.9,0.46
3119,1790895680.3222408,-0.1748,0.032,-0.3855,-0.0,0.0808,0.0761,0.1223,0.0994,0.3769,0.0463,0.0548,0.0,0.3133,0.282,0.0,0.225,-0.0,0.8752,0.0,1.8310134508035555e-05,157.4,0.48
3120,1790895680.7710965,-0.1943,0.0321,-0.4509,-0.0,0.0872,0.0861,0.1354,0.1122,0.4102,0.0493,0.0663,0.0,0.3888,0.3386,0.0,0.206,-0.0,0.8752,0.19,1.83049143823811e-05,208.1,0.45
3121,1790895681.2392938,-0.2052,0.0402,-0.3812,-0.0442,0.0869,0.0857,0.145,0.1148,0.4517,0.0592,0.0604,0.0,0.3419,0.3112,0.0,0.234,-0.0,0.8752,0.0,1.83049143823811e-05,244.5,0.46
3122,1790895681.7186432,-0.1364,0.0438,-0.2986,-0.0,0.0541,0.0474,0.1073,0.0754,0.3052,0.0599,0.0361,0.0,0.2256,0.1808,0.0,0.169,-0.0,0.8752,0.0,1.83049143823811e-05,104.0,0.48
3123,1790895682.2134454,-0.2181,0.0313,-0.3994,-0.0333,0.1115,0.0973,0.1509,0.1242,0.4696,0.0536,0.0663,-0.0,0.2914,0.3643,0.0,0.224,0.0,0.8752,0.0,1.83049143823811e-05,140.7,0.49
3124,1790895682.6743853,-0.224,0.0341,-0.3993,-0.106,0.107,0.1057,0.1572,0.1294,0.4728,0.0515,0.0784,0.0,0.3691,0.424,0.0,0.24,-0.0,0.8752,0.216,1.8299686952987413e-05,181.5,0.46
3125,1790895683.1894882,-0.2058,0.0336,-0.3526,-0.0478,0.0955,0.0872,0.1402,0.1146,0.4559,0.053,0.0596,0.0,0.2519,0.3299,0.0,0.216,-0.0,0.8752,0.0,1.8299686952987413e-05,223.8,0.51
3126,1790895685.8375237,-0.1418,0.0344,-0.5043,-0.0,0.0627,0.0591,0.1031,0.0811,0.3037,0.0441,0.0413,-0.0,0.1963,0.2227,0.0,0.15,0.0,0.8379,0.0,1.8299686952987413e-05,76.2,0.66
3127,1790895686.3786237,-0.2141,0.042,-0.392,-0.0313,0.0886,0.0886,0.1534,0.1232,0.4545,0.0648,0.0574,0.0,0.3402,0.2917,0.0,0.23,-0.0,0.8752,0.0,1.8299686952987413e-05,136.0,0.54
3128,1790895686.834823,-0.1536,0.0355,-0.3492,-0.0,0.0626,0.0575,0.1095,0.0846,0.345,0.052,0.0471,0.0,0.3768,0.2137,0.0,0.214,-0.0,0.8752,0.182,1.8294452224451745e-05,203.9,0.45
3129,1790895687.3282464,-0.2217,0.0315,-0.4339,-0.0,0.1064,0.1019,0.1467,0.1243,0.4869,0.0448,0.0702,-0.0,0.2646,0.3973,0.0,0.226,0.0,0.8752,0.0,1.8294452224451745e-05,265.6,0.49
3130,1790895687.7479298,-0.1559,0.0331,-0.3896,-0.0,0.0775,0.0662,0.114,0.0894,0.3325,0.0478,0.0453,0.0,0.2565,0.2333,0.0,0.184,-0.0,0.8752,0.0,1.8294452224451745e-05,129.4,0.42
3131,1790895688.1619003,-0.112,0.0308,-0.3374,-0.0,0.0462,0.0399,0.0807,0.0587,0.2666,0.0408,0.0326,-0.0,0.2228,0.1579,0.0,0.173,0.0,0.8752,0.0,1.8294452224451745e-05,182.6,0.41
3132,1790895688.6629696,-0.1895,0.0306,-0.3382,-0.0314,0.0797,0.0785,0.1287,0.1035,0.4296,0.0502,0.0608,-0.0,0.4207,0.2931,0.0,0.216,0.0,0.8379,0.168,1.828921020137777e-05,193.7,0.5
3133,1790895689.100326,-0.2142,0.0345,-0.4278,-0.0,0.0998,0.0961,0.1474,0.1206,0.4678,0.0513,0.0716,-0.0,0.2897,0.4,0.0,0.234,0.0,0.8752,0.0,1.828921020137777e-05,258.6,0.43
3134,1790895689.570556,-0.188,0.0286,-0.4214,-0.0,0.1033,0.0917,0.1395,0.1164,0.358,0.0479,0.0663,-0.0,0.3267,0.3547,0.0,0.183,0.0,0.7989,0.0,1.828921020137777e-05,106.3,0.47
3135,1790895690.0435114,-0.164,0.0314,-0.4505,-0.0,0.0679,0.0679,0.1148,0.0889,0.3754,0.0468,0.069,-0.0,0.3317,0.3714,0.0,0.205,0.0,0.8752,0.0,1.828921020137777e-05,158.5,0.47
3136,1790895690.5189743,-0.1703,0.0293,-0.3407,-0.0,0.0791,0.075,0.1213,0.0959,0.3718,0.0464,0.062,-0.0,0.4292,0.2991,0.0,0.222,0.0,0.8752,0.182,1.828396088837557e-05,188.8,0.47
3137,1790895690.9846396,-0.1879,0.0281,-0.3522,-0.0239,0.0784,0.0774,0.1234,0.1012,0.4337,0.0459,0.0458,0.0,0.3059,0.2239,0.0,0.214,-0.0,0.8752,0.0,1.828396088837557e-05,239.8,0.46
3138,1790895691.4474325,-0.1716,0.0426,-0.3971,-0.0,0.0766,0.0712,0.1329,0.1,0.3579,0.0617,0.0475,0.0,0.3116,0.2337,0.0,0.215,-0.0,0.8379,0.0,1.828396088837557e-05,122.6,0.46
3139,1790895691.8835115,-0.1372,0.0243,-0.3224,-0.0,0.0607,0.0561,0.0911,0.0743,0.3142,0.035,0.0412,-0.0,0.3095,0.1921,0.0,0.205,0.0,0.8379,0.0,1.828396088837557e-05,191.1,0.43
3140,1790895692.3899524,-0.1823,0.029,-0.4198,-0.0555,0.0804,0.0804,0.1271,0.1032,0.3953,0.0468,0.0511,-0.0,0.3159,0.2567,0.0,0.214,0.0,0.8752,0.175,1.8278704290061645e-05,185.3,0.5
3141,1790895692.8508809,-0.2107,0.0311,-0.4069,-0.0491,0.0927,0.0927,0.1395,0.1155,0.4763,0.0468,0.063,0.0,0.2688,0.3486,0.0,0.234,-0.0,0.8752,0.0,1.8278704290061645e-05,250.0,0.46
3142,1790895693.3266613,-0.089,0.0377,-0.345,-0.0,0.0396,0.028,0.0784,0.0508,0.191,0.0503,0.0293,0.0,0.263,0.125,0.0,0.162,-0.0,0.8379,0.0,1.8278704290061645e-05,115.6,0.47
3143,1790895693.7938619,-0.1963,0.0408,-0.3816,-0.0,0.0877,0.0753,0.1388,0.1092,0.4359,0.0635,0.0622,-0.0,0.3697,0.3157,0.0,0.223,0.0,0.8752,0.0,1.8278704290061645e-05,195.6,0.46
3144,1790895694.2969766,-0.2242,0.0353,-0.4264,-0.0783,0.0983,0.0955,0.1539,0.1237,0.5026,0.0584,0.0686,-0.0,0.2952,0.3786,0.0,0.227,0.0,0.8783,0.165,1.8273440411058892e-05,193.8,0.5
3145,1790895694.7765567,-0.1502,0.0457,-0.5758,-0.0,0.0678,0.06,0.1291,0.093,0.2859,0.0691,0.0533,-0.0,0.3196,0.2699,0.0,0.161,0.0,0.8752,0.0,1.8273440411058892e-05,97.5,0.48
3146,1790895695.285621,-0.1528,0.04,-0.4455,-0.0,0.0659,0.0603,0.1134,0.0852,0.3378,0.0531,0.0449,0.0,0.3006,0.2191,0.0,0.216,-0.0,0.8752,0.0,1.8273440411058892e-05,158.4,0.51
3147,1790895695.769859,-0.1865,0.0314,-0.4244,-0.0304,0.0798,0.0788,0.1247,0.1023,0.4211,0.0459,0.0633,0.0,0.3406,0.3309,0.0,0.207,-0.0,0.8752,0.0,1.8273440411058892e-05,193.3,0.48
3148,1790895696.2954412,-0.1951,0.0324,-0.3672,-0.0,0.0856,0.0847,0.1329,0.1091,0.4302,0.0483,0.0571,-0.0,0.3107,0.2979,0.0,0.24,0.0,0.8752,0.277,1.826816925599663e-05,214.4,0.52
3149,1790895696.7583346,-0.1199,0.0277,-0.426,-0.0,0.0551,0.0531,0.0911,0.0681,0.2593,0.038,0.0489,0.0,0.2497,0.2593,0.0,0.164,-0.0,0.7579,0.0,1.826816925599663e-05,99.6,0.46
3150,1790895697.226326,-0.1737,0.0412,-0.4443,-0.0,0.0797,0.0647,0.137,0.1022,0.3575,0.0723,0.0574,0.0,0.3191,0.2977,0.0,0.23,-0.0,0.8752,0.0,1.826816925599663e-05,133.0,0.46
3151,1790895699.9994643,-0.1877,0.0413,-0.3876,-0.0,0.0783,0.0762,0.1397,0.1074,0.4016,0.0635,0.0551,-0.0,0.4191,0.2555,0.0,0.251,0.0,0.8752,0.0,1.826816925599663e-05,147.0,0.58
3152,1790895700.4883232,-0.1967,0.0277,-0.3401,-0.022,0.0876,0.0864,0.1258,0.1089,0.4392,0.0393,0.0624,-0.0,0.3384,0.3258,0.0,0.236,0.0,0.8752,0.197,1.8262890829510556e-05,236.3,0.49
3153,1790895700.921271,-0.1379,0.0291,-0.3774,-0.0,0.0627,0.058,0.096,0.0758,0.3107,0.038,0.0372,0.0,0.2729,0.1751,0.0,0.172,-0.0,0.7989,0.0,1.8262890829510556e-05,122.0,0.43
3154,1790895701.3673158,-0.1754,0.0318,-0.4298,-0.0,0.0836,0.0779,0.1275,0.1033,0.3607,0.0495,0.0506,-0.0,0.2596,0.268,0.0,0.189,0.0,0.8752,0.0,1.8262890829510556e-05,162.1,0.44
3155,1790895701.8385026,-0.1583,0.0273,-0.3444,-0.0304,0.0699,0.0639,0.11,0.087,0.3563,0.0461,0.0502,0.0,0.4144,0.2239,0.0,0.217,-0.0,0.8752,0.0,1.8262890829510556e-05,187.0,0.47
3156,1790895702.3054452,-0.1512,0.0278,-0.3846,-0.0,0.0646,0.0646,0.1052,0.0855,0.3286,0.0406,0.0475,-0.0,0.3593,0.2211,0.0,0.201,0.0,0.8752,0.174,1.8257605136242776e-05,214.3,0.46
3157,1790895702.7730758,-0.1373,0.0338,-0.3295,-0.0,0.0708,0.0614,0.1061,0.0808,0.2823,0.0447,0.0462,-0.0,0.2266,0.2475,0.0,0.161,0.0,0.8752,0.0,1.8257605136242776e-05,105.1,0.46
3158,1790895703.2135472,-0.097,0.0295,-0.2003,-0.0,0.0443,0.0349,0.0763,0.0531,0.2196,0.0414,0.0366,0.0,0.225,0.1841,0.0,0.169,-0.0,0.8752,0.0,1.8257605136242776e-05,157.1,0.44
3159,1790895703.6728308,-0.2042,0.0257,-0.3667,-0.0441,0.105,0.0992,0.1406,0.1189,0.4265,0.0415,0.0681,-0.0,0.3515,0.3603,0.0,0.199,0.0,0.8752,0.0,1.8257605136242776e-05,207.1,0.46
3160,1790895704.1670392,-0.2457,0.0376,-0.55,-0.0,0.1201,0.1166,0.1787,0.1492,0.4824,0.0621,0.0828,0.0,0.3042,0.4709,0.0,0.253,-0.0,0.8752,0.194,1.825231218084178e-05,250.1,0.49
3161,1790895704.6063833,-0.152,0.0431,-0.3248,-0.0,0.0578,0.0529,0.1149,0.0834,0.3433,0.0619,0.0451,-0.0,0.2917,0.2227,0.0,0.176,0.0,0.8379,0.0,1.825231218084178e-05,109.1,0.44
3162,1790895705.0796237,-0.1418,0.0304,-0.5666,-0.0,0.064,0.0599,0.1099,0.0837,0.2903,0.05,0.0428,0.0,0.2762,0.2115,0.0,0.193,-0.0,0.8379,0.0,1.825231218084178e-05,159.7,0.47
3163,1790895705.5363443,-0.1582,0.032,-0.4059,-0.0332,0.0672,0.0652,0.1089,0.0867,0.3575,0.0437,0.0484,0.0,0.2998,0.2424,0.0,0.212,-0.0,0.8752,0.0,1.825231218084178e-05,196.4,0.45
3164,1790895706.0601356,-0.2187,0.0346,-0.3889,-0.0477,0.0955,0.0955,0.1508,0.122,0.4834,0.0553,0.079,-0.0,0.3072,0.4448,0.0,0.227,0.0,0.8752,0.176,1.8247011967962442e-05,225.8,0.52
3165,1790895706.4995685,-0.1233,0.043,-0.3809,-0.0,0.0534,0.0427,0.0966,0.0717,0.2577,0.0539,0.0369,0.0,0.3106,0.1634,0.0,0.149,-0.0,0.7579,0.0,1.8247011967962442e-05,103.3,0.43
3166,1790895706.974259,-0.1544,0.0433,-0.3374,-0.0,0.0715,0.0612,0.1278,0.0912,0.3161,0.0666,0.0383,0.0,0.2729,0.1827,0.0,0.17,-0.0,0.8752,0.0,1.8247011967962442e-05,140.0,0.47
3167,1790895707.4656837,-0.1711,0.0316,-0.4068,-0.0265,0.0801,0.0749,0.1262,0.0999,0.3558,0.0513,0.0631,0.0,0.4073,0.3119,0.0,0.228,-0.0,0.8752,0.0,1.8247011967962442e-05,189.2,0.49
3168,1790895708.0440426,-0.223,0.028,-0.4442,-0.0814,0.1066,0.1032,0.1458,0.1234,0.498,0.0427,0.0707,-0.0,0.2585,0.4022,0.0,0.216,0.0,0.8752,0.174,1.8241704502266027e-05,212.6,0.58
3169,1790895708.497447,-0.1834,0.0432,-0.5,-0.0,0.0822,0.0696,0.1309,0.101,0.412,0.0613,0.0458,0.0,0.2792,0.2311,0.0,0.178,-0.0,0.8752,0.0,1.8241704502266027e-05,117.0,0.45
3170,1790895708.9907398,-0.1855,0.044,-0.413,-0.0,0.0846,0.0747,0.1401,0.1102,0.3762,0.0654,0.049,0.0,0.2579,0.2579,0.0,0.205,-0.0,0.8752,0.0,1.8241704502266027e-05,144.5,0.49
3171,1790895709.4420528,-0.1918,0.0373,-0.3879,-0.0,0.08,0.0779,0.1341,0.1072,0.423,0.0562,0.0551,0.0,0.3251,0.2808,0.0,0.248,-0.0,0.8752,0.0,1.8241704502266027e-05,191.5,0.45
3172,1790895709.9492664,-0.1692,0.0312,-0.3714,-0.0,0.0721,0.0692,0.1165,0.0915,0.3885,0.0474,0.0449,0.0,0.2416,0.235,0.0,0.194,-0.0,0.8752,0.171,1.8236389788420175e-05,244.0,0.5
3173,1790895710.3487813,-0.1106,0.0367,-0.3152,-0.0,0.0464,0.0381,0.0896,0.0635,0.2356,0.0514,0.0326,0.0,0.2787,0.1432,0.0,0.159,-0.0,0.8379,0.0,1.8236389788420175e-05,136.5,0.4
3174,1790895710.7750516,-0.2051,0.0364,-0.4476,-0.0,0.0901,0.0875,0.1389,0.1134,0.4581,0.0513,0.0557,0.0,0.2523,0.3042,0.0,0.215,-0.0,0.8752,0.0,1.8236389788420175e-05,175.1,0.42
3175,1790895711.2144413,-0.1604,0.0314,-0.3059,-0.0247,0.0679,0.0679,0.1105,0.0879,0.3623,0.0426,0.0456,0.0,0.328,0.2163,0.0,0.205,-0.0,0.8752,0.0,1.8236389788420175e-05,203.6,0.44
3176,1790895714.0572608,-0.2221,0.0332,-0.4869,-0.0243,0.1022,0.0979,0.1506,0.1255,0.4831,0.0527,0.0643,-0.0,0.2783,0.3543,0.0,0.236,0.0,0.8752,0.202,1.8231067831098904e-05,134.7,0.82
3177,1790895714.5019171,-0.1485,0.0394,-0.519,-0.0,0.073,0.0582,0.1164,0.0841,0.3222,0.0582,0.0464,-0.0,0.2891,0.232,0.0,0.176,0.0,0.7579,0.0,1.8231067831098904e-05,97.3,0.44
3178,1790895714.928879,-0.2246,0.0413,-0.4077,-0.0,0.1142,0.1064,0.1742,0.1349,0.4487,0.0679,0.0687,-0.0,0.2892,0.3807,0.0,0.224,0.0,0.8752,0.0,1.8231067831098904e-05,183.8,0.42
3179,1790895715.3502355,-0.1431,0.0348,-0.3728,-0.0,0.0585,0.0551,0.1074,0.08,0.3157,0.0523,0.0463,0.0,0.4231,0.1956,0.0,0.202,-0.0,0.8752,0.0,1.8231067831098904e-05,226.2,0.42
3180,1790895715.870312,-0.2236,0.0345,-0.4847,-0.0221,0.1011,0.0953,0.1498,0.124,0.498,0.0545,0.0672,-0.0,0.2836,0.3724,0.0,0.251,0.0,0.8752,0.186,1.8225738634982587e-05,217.5,0.52
3181,1790895716.3124623,-0.1281,0.0455,-0.3721,-0.0,0.0548,0.0411,0.1036,0.0712,0.2846,0.0625,0.0459,-0.0,0.3316,0.2177,0.0,0.178,0.0,0.8379,0.0,1.8225738634982587e-05,103.2,0.44
3182,1790895716.714582,-0.1594,0.0292,-0.3971,-0.0,0.0738,0.07,0.1143,0.0908,0.3431,0.0443,0.0462,0.0,0.2678,0.2363,0.0,0.188,-0.0,0.8379,0.0,1.8225738634982587e-05,207.0,0.4
3183,1790895717.1728172,-0.2448,0.0278,-0.5442,-0.0263,0.1247,0.1229,0.172,0.1459,0.4943,0.0491,0.0803,-0.0,0.4169,0.4245,0.0,0.243,0.0,0.8752,0.0,1.8225738634982587e-05,200.2,0.46
3184,1790895717.6703675,-0.1829,0.0327,-0.4286,-0.0,0.0823,0.0784,0.126,0.1028,0.4006,0.0477,0.0518,-0.0,0.2928,0.2673,0.0,0.211,0.0,0.8752,0.19,1.8220402204757982e-05,224.2,0.49
3185,1790895718.1436987,-0.1478,0.0392,-0.3914,-0.0,0.0645,0.0599,0.1126,0.0832,0.3227,0.0528,0.0543,-0.0,0.3143,0.2779,0.0,0.174,0.0,0.8379,0.0,1.8220402204757982e-05,113.3,0.47
3186,1790895718.5946798,-0.2225,0.0287,-0.5143,-0.0523,0.1104,0.1087,0.1493,0.1284,0.4708,0.0406,0.0758,0.0,0.4053,0.3975,0.0,0.238,-0.0,0.8752,0.0,1.8220402204757982e-05,186.4,0.45
3187,1790895719.041415,-0.1699,0.0302,-0.3786,-0.0239,0.0796,0.0774,0.1198,0.0973,0.3627,0.0424,0.062,-0.0,0.453,0.2924,0.0,0.235,0.0,0.8752,0.0,1.8220402204757982e-05,209.1,0.44
3188,1790895719.5443833,-0.2086,0.0309,-0.3765,-0.0239,0.0937,0.0896,0.1436,0.1146,0.4698,0.0539,0.0589,0.0,0.2567,0.3245,0.0,0.224,-0.0,0.8752,0.19,1.8215058545118197e-05,228.3,0.5
3189,1790895720.0074058,-0.1383,0.0353,-0.2642,-0.0,0.0603,0.0564,0.0996,0.0778,0.3026,0.0432,0.0402,0.0,0.3369,0.1783,0.0,0.187,-0.0,0.8752,0.0,1.8215058545118197e-05,108.2,0.46
3190,1790895720.4458258,-0.2247,0.031,-0.5118,-0.0,0.1188,0.1072,0.1552,0.1335,0.4559,0.048,0.0753,0.0,0.337,0.4122,0.0,0.226,-0.0,0.8752,0.0,1.8215058545118197e-05,165.0,0.44
3191,1790895720.9278188,-0.1805,0.0427,-0.3864,-0.0289,0.0636,0.0623,0.1277,0.0997,0.4038,0.0654,0.0585,-0.0,0.3835,0.288,0.0,0.251,0.0,0.8752,0.0,1.8215058545118197e-05,188.8,0.48
3192,1790895721.461341,-0.1504,0.031,-0.2765,-0.0,0.0607,0.0599,0.1023,0.0823,0.3407,0.0424,0.0438,-0.0,0.2593,0.223,0.0,0.193,0.0,0.8752,0.181,1.8209707660762706e-05,229.4,0.53
3193,1790895721.925535,-0.1292,0.0389,-0.447,-0.0,0.0477,0.0477,0.1065,0.0757,0.2675,0.0588,0.0364,0.0,0.2239,0.1829,0.0,0.193,0.0,0.8752,0.0,1.8209707660762706e-05,112.3,0.46
3194,1790895722.3774915,-0.1967,0.0279,-0.3978,-0.0,0.0971,0.0853,0.1312,0.1107,0.4297,0.0459,0.0595,-0.0,0.2504,0.3299,0.0,0.21,0.0,0.8752,0.0,1.8209707660762706e-05,162.4,0.45
3195,1790895722.815401,-0.1302,0.0379,-0.3005,-0.0,0.0447,0.0424,0.0927,0.0687,0.3074,0.0503,0.0405,0.0,0.3555,0.1751,0.0,0.213,-0.0,0.8752,0.0,1.8209707660762706e-05,195.9,0.44
3196,1790895723.3137126,-0.1995,0.0311,-0.3962,-0.0589,0.0883,0.0843,0.1298,0.1067,0.4639,0.0454,0.0581,0.0,0.2819,0.3124,0.0,0.217,-0.0,0.8752,0.191,1.8204349556397334e-05,226.8,0.5
3197,1790895723.8110135,-0.1959,0.06,-0.4857,-0.0,0.0987,0.0766,0.1609,0.1168,0.3955,0.0843,0.0536,0.0,0.2995,0.2773,0.0,0.197,-0.0,0.8752,0.0,1.8204349556397334e-05,115.6,0.49
3198,1790895724.2193768,-0.1544,0.0343,-0.6124,-0.0,0.0723,0.0634,0.115,0.0909,0.3173,0.0516,0.0545,0.0,0.3235,0.2773,0.0,0.208,-0.0,0.8379,0.0,1.8204349556397334e-05,194.1,0.41
3199,1790895724.7331707,-0.1926,0.0266,-0.4367,-0.0,0.0903,0.0873,0.1277,0.1089,0.4185,0.0403,0.0542,-0.0,0.2901,0.2842,0.0,0.205,0.0,0.8752,0.0,1.8204349556397334e-05,207.1,0.51
3200,1790895725.316411,-0.1869,0.0324,-0.35,-0.0337,0.0752,0.0752,0.1275,0.1015,0.427,0.0523,0.0501,0.0,0.2417,0.2693,0.0,0.211,-0.0,0.8752,0.209,1.8198984236734246e-05,225.2,0.58
3201,1790895727.9111476,-0.1284,0.0535,-0.381,-0.0,0.0415,0.0311,0.1091,0.0653,0.3156,0.078,0.0331,-0.0,0.268,0.1495,0.0,0.188,0.0,0.8379,0.0,1.8198984236734246e-05,90.0,0.57
3202,1790895728.4643438,-0.2018,0.0392,-0.3879,-0.0,0.0876,0.0824,0.1485,0.1148,0.4353,0.0661,0.0574,-0.0,0.3445,0.291,0.0,0.249,0.0,0.8752,0.0,1.8198984236734246e-05,134.1,0.55
3203,1790895728.921488,-0.1518,0.036,-0.2617,-0.0499,0.0562,0.0562,0.1061,0.084,0.3388,0.0499,0.0423,0.0,0.3928,0.1774,0.0,0.217,-0.0,0.8752,0.0,1.8198984236734246e-05,194.8,0.45
3204,1790895729.432309,-0.2315,0.0319,-0.4681,-0.0441,0.1136,0.1128,0.1584,0.1347,0.4842,0.0456,0.0744,0.0,0.2731,0.4234,0.0,0.222,-0.0,0.8752,0.183,1.819361170649197e-05,221.3,0.51
3205,1790895729.8737261,-0.1638,0.0431,-0.3745,-0.0,0.0791,0.0672,0.1284,0.0931,0.3535,0.0612,0.0447,0.0,0.2835,0.2222,0.0,0.173,-0.0,0.8752,0.0,1.819361170649197e-05,119.3,0.44
3206,1790895730.328401,-0.1053,0.0302,-0.2618,-0.0,0.05,0.0439,0.0829,0.0598,0.2275,0.039,0.0364,0.0,0.3095,0.16,0.0,0.17,-0.0,0.8752,0.0,1.819361170649197e-05,143.7,0.45
3207,1790895730.787708,-0.1579,0.0374,-0.2682,-0.0,0.067,0.0594,0.1151,0.0876,0.3517,0.0557,0.0526,0.0,0.3629,0.2538,0.0,0.214,-0.0,0.8752,0.0,1.819361170649197e-05,200.9,0.46
3208,1790895731.2623596,-0.191,0.0351,-0.4283,-0.0702,0.0818,0.08,0.1331,0.1067,0.4217,0.0532,0.0607,0.0,0.3743,0.3049,0.0,0.242,-0.0,0.8752,0.224,1.8188231970395362e-05,230.9,0.47
3209,1790895731.7306418,-0.1532,0.0399,-0.3179,-0.0,0.0638,0.0586,0.1141,0.0829,0.3512,0.0555,0.0456,0.0,0.2476,0.2379,0.0,0.179,-0.0,0.8752,0.0,1.8188231970395362e-05,114.1,0.46
3210,1790895732.1745133,-0.2448,0.0347,-0.4455,-0.0585,0.1197,0.116,0.1736,0.1471,0.4885,0.0577,0.0742,-0.0,0.2963,0.4159,0.0,0.247,0.0,0.8379,0.0,1.8188231970395362e-05,175.0,0.44
3211,1790895732.6566033,-0.2204,0.0375,-0.5341,-0.0,0.1039,0.1011,0.1573,0.1295,0.4546,0.0562,0.0701,0.0,0.3302,0.3792,0.0,0.261,-0.0,0.8752,0.0,1.8188231970395362e-05,194.1,0.48
3212,1790895733.2135353,-0.226,0.0276,-0.4244,-0.0821,0.1085,0.106,0.1525,0.1287,0.4864,0.0465,0.0733,0.0,0.312,0.4057,0.0,0.231,-0.0,0.8752,0.196,1.818284503317562e-05,219.6,0.55
3213,1790895733.6910818,-0.1626,0.0291,-0.4259,-0.0,0.0793,0.0743,0.1172,0.0939,0.3434,0.0429,0.0473,-0.0,0.2752,0.2416,0.0,0.195,0.0,0.7579,0.0,1.818284503317562e-05,109.5,0.47
3214,1790895734.127032,-0.2163,0.0356,-0.451,-0.0641,0.1023,0.0925,0.1484,0.1183,0.49,0.0559,0.0638,0.0,0.2419,0.3606,0.0,0.221,-0.0,0.8752,0.0,1.818284503317562e-05,170.8,0.43
3215,1790895734.6275759,-0.1275,0.0324,-0.316,-0.0,0.0561,0.0523,0.0992,0.0733,0.2712,0.0469,0.0438,-0.0,0.3269,0.2051,0.0,0.187,0.0,0.8752,0.0,1.818284503317562e-05,181.8,0.5
3216,1790895735.1569526,-0.1496,0.0403,-0.3511,-0.0,0.0572,0.0522,0.1182,0.0843,0.3264,0.0659,0.0445,-0.0,0.3362,0.2069,0.0,0.201,0.0,0.8752,0.185,1.8177450899570278e-05,218.6,0.53
3217,1790895735.6042159,-0.1729,0.0643,-0.4222,-0.0,0.0507,0.0507,0.131,0.088,0.425,0.0803,0.0372,0.0,0.234,0.1857,0.0,0.176,0.0,0.8752,0.0,1.8177450899570278e-05,104.8,0.45
3218,1790895736.063016,-0.1759,0.0304,-0.3455,-0.0,0.0843,0.0736,0.1189,0.097,0.3942,0.0453,0.0474,0.0,0.2858,0.2398,0.0,0.191,-0.0,0.8379,0.0,1.8177450899570278e-05,149.3,0.46
3219,1790895736.5253544,-0.1648,0.0338,-0.4441,-0.0323,0.0767,0.0723,0.1263,0.0951,0.3482,0.054,0.0594,0.0,0.3301,0.3081,0.0,0.212,-0.0,0.8752,0.0,1.8177450899570278e-05,187.1,0.46
3220,1790895737.0718243,-0.203,0.0315,-0.4077,-0.026,0.0907,0.0867,0.1355,0.1128,0.451,0.0488,0.0601,0.0,0.3292,0.3128,0.0,0.221,-0.0,0.8752,0.197,1.8172049574323187e-05,217.6,0.54
3221,1790895737.5528972,-0.1826,0.0353,-0.5571,-0.0,0.089,0.0824,0.1363,0.1074,0.3763,0.0539,0.053,0.0,0.3077,0.271,0.0,0.207,-0.0,0.8379,0.0,1.8172049574323187e-05,118.1,0.48
3222,1790895737.9892554,-0.1694,0.0353,-0.3145,-0.0,0.0764,0.0719,0.1211,0.0958,0.3679,0.0492,0.0478,0.0,0.2637,0.2484,0.0,0.218,-0.0,0.8752,0.0,1.8172049574323187e-05,186.1,0.43
3223,1790895738.4371712,-0.1948,0.0314,-0.4484,-0.0,0.0901,0.0835,0.1327,0.1082,0.4327,0.0492,0.0581,-0.0,0.2629,0.3173,0.0,0.204,0.0,0.8752,0.0,1.8172049574323187e-05,218.1,0.44
3224,1790895738.9603684,-0.2157,0.0331,-0.431,-0.0212,0.0989,0.0973,0.1442,0.1228,0.4643,0.0469,0.0848,0.0,0.2903,0.4879,0.0,0.226,-0.0,0.8752,0.188,1.8166641062184536e-05,226.1,0.52
3225,1790895739.4203613,-0.1562,0.0357,-0.375,-0.0,0.0659,0.0592,0.1099,0.0872,0.3452,0.0507,0.0408,-0.0,0.3004,0.192,0.0,0.18,0.0,0.7989,0.0,1.8166641062184536e-05,106.0,0.46
3226,1790895741.9449248,-0.1628,0.0416,-0.3619,-0.0,0.0725,0.058,0.1195,0.0888,0.3696,0.0614,0.0451,0.0,0.245,0.2352,0.0,0.188,-0.0,0.8752,0.0,1.8166641062184536e-05,139.9,0.53
3227,1790895742.3975513,-0.2092,0.0398,-0.433,-0.0262,0.099,0.0906,0.1477,0.1186,0.4527,0.057,0.0648,-0.0,0.3185,0.347,0.0,0.224,0.0,0.8752,0.0,1.8166641062184536e-05,201.1,0.45
3228,1790895742.8677514,-0.1886,0.0303,-0.4661,-0.0452,0.0815,0.0796,0.1252,0.1036,0.4252,0.0456,0.0527,-0.0,0.2963,0.2723,0.0,0.207,0.0,0.8752,0.195,1.8161225367910834e-05,249.8,0.47
3229,1790895743.2710164,-0.1149,0.048,-0.32,-0.0,0.0419,0.0316,0.096,0.0601,0.2738,0.0644,0.0294,-0.0,0.2029,0.1422,0.0,0.161,0.0,0.8379,0.0,1.8161225367910834e-05,127.5,0.4
3230,1790895743.737234,-0.172,0.0425,-0.3975,-0.0,0.0674,0.0647,0.1292,0.0988,0.3661,0.0645,0.0492,-0.0,0.2331,0.2659,0.0,0.205,0.0,0.8752,0.0,1.8161225367910834e-05,157.4,0.46
3231,1790895744.1719959,-0.1601,0.0351,-0.3249,-0.0384,0.0684,0.067,0.1151,0.0902,0.3491,0.0481,0.0547,0.0,0.4025,0.257,0.0,0.222,-0.0,0.8752,0.0,1.8161225367910834e-05,197.5,0.43
3232,1790895744.7219672,-0.1664,0.0364,-0.3071,-0.0,0.0654,0.0654,0.1157,0.0902,0.3812,0.0503,0.0516,0.0,0.3111,0.2609,0.0,0.219,-0.0,0.8752,0.222,1.8155802496264893e-05,206.4,0.55
3233,1790895745.1713855,-0.2084,0.0311,-0.4766,-0.0556,0.099,0.0957,0.1436,0.1184,0.4498,0.0479,0.058,-0.0,0.2692,0.3147,0.0,0.213,0.0,0.8752,0.0,1.8155802496264893e-05,130.3,0.45
3234,1790895745.5784461,-0.2018,0.0258,-0.3273,-0.0303,0.0987,0.0922,0.1297,0.114,0.4393,0.0375,0.0556,-0.0,0.3302,0.2824,0.0,0.211,0.0,0.8752,0.0,1.8155802496264893e-05,209.0,0.4
3235,1790895746.0429175,-0.1718,0.0425,-0.4218,-0.0,0.0674,0.0642,0.1259,0.0976,0.3712,0.0617,0.0619,0.0,0.3446,0.3209,0.0,0.214,-0.0,0.8752,0.0,1.8155802496264893e-05,203.2,0.46
3236,1790895746.5367239,-0.1863,0.0351,-0.3881,-0.0254,0.0813,0.0776,0.1339,0.1041,0.4108,0.0563,0.0547,0.0,0.2763,0.2911,0.0,0.22,-0.0,0.8752,0.176,1.815037245201585e-05,246.1,0.49
3237,1790895746.9449213,-0.1499,0.0387,-0.4,-0.0,0.0601,0.0563,0.1116,0.083,0.3343,0.0552,0.0427,-0.0,0.2761,0.2108,0.0,0.17,0.0,0.7989,0.0,1.815037245201585e-05,129.5,0.41
3238,1790895747.3555644,-0.1422,0.0295,-0.3818,-0.0,0.0772,0.0599,0.1071,0.0829,0.2965,0.0472,0.0407,-0.0,0.2596,0.2024,0.0,0.177,0.0,0.8752,0.0,1.815037245201585e-05,193.6,0.41
3239,1790895747.8150153,-0.1446,0.0381,-0.2738,-0.0243,0.0556,0.0545,0.1106,0.0804,0.3207,0.0561,0.0478,-0.0,0.3937,0.2137,0.0,0.208,0.0,0.8752,0.0,1.815037245201585e-05,208.3,0.46
3240,1790895748.2643597,-0.1535,0.034,-0.3978,-0.0,0.0588,0.058,0.1038,0.0821,0.357,0.0458,0.0392,-0.0,0.238,0.1982,0.0,0.201,0.0,0.8752,0.162,1.8144935239939147e-05,259.9,0.45
3241,1790895748.66237,-0.1143,0.0336,-0.3386,-0.0,0.0484,0.0403,0.0817,0.0614,0.2648,0.0414,0.03,0.0,0.2526,0.1325,0.0,0.141,0.0,0.8379,0.0,1.8144935239939147e-05,128.9,0.4
3242,1790895749.1025176,-0.1969,0.0364,-0.41,-0.0,0.0912,0.0879,0.1427,0.1134,0.4176,0.0548,0.055,0.0,0.4278,0.2525,0.0,0.243,-0.0,0.8752,0.0,1.8144935239939147e-05,167.6,0.44
3243,1790895749.5441904,-0.1607,0.0266,-0.3905,-0.0263,0.0718,0.0655,0.1058,0.0861,0.3728,0.0404,0.0484,-0.0,0.3578,0.2274,0.0,0.208,0.0,0.8752,0.0,1.8144935239939147e-05,206.9,0.44
3244,1790895750.0767117,-0.1642,0.0275,-0.3197,-0.0241,0.0695,0.0666,0.1056,0.0887,0.3779,0.039,0.0487,-0.0,0.2644,0.2543,0.0,0.215,0.0,0.8752,0.168,1.8139490864816527e-05,235.8,0.53
3245,1790895750.5403564,-0.1798,0.0479,-0.5078,-0.0,0.0732,0.0652,0.1501,0.1053,0.3723,0.0849,0.0511,0.0,0.258,0.2716,0.0,0.186,-0.0,0.8752,0.0,1.8139490864816527e-05,108.9,0.46
3246,1790895751.0185907,-0.1653,0.0439,-0.3343,-0.0,0.0645,0.059,0.126,0.0893,0.3799,0.067,0.0491,-0.0,0.2807,0.2526,0.0,0.199,0.0,0.8379,0.0,1.8139490864816527e-05,160.0,0.48
3247,1790895751.519391,-0.1981,0.0275,-0.4407,-0.0,0.098,0.0927,0.1327,0.1138,0.4211,0.04,0.0734,-0.0,0.2671,0.4181,0.0,0.198,0.0,0.8379,0.0,1.8139490864816527e-05,189.1,0.5
3248,1790895752.0056033,-0.1722,0.0283,-0.324,-0.0222,0.0753,0.0716,0.1099,0.0887,0.4173,0.0383,0.0453,0.0,0.2876,0.2253,0.0,0.216,-0.0,0.8752,0.206,1.8134039331436033e-05,245.8,0.48
3249,1790895752.44335,-0.1713,0.0437,-0.4833,-0.0,0.0859,0.0708,0.1369,0.1025,0.3441,0.0661,0.044,0.0,0.3265,0.2059,0.0,0.169,-0.0,0.8379,0.0,1.8134039331436033e-05,105.4,0.43
3250,1790895752.8745022,-0.223,0.0393,-0.556,-0.0359,0.0958,0.0944,0.1532,0.126,0.4848,0.0589,0.072,-0.0,0.2904,0.4029,0.0,0.223,0.0,0.8752,0.0,1.8134039331436033e-05,160.2,0.43
3251,1790895755.5113833,-0.1551,0.034,-0.3689,-0.0,0.0679,0.0646,0.1161,0.0891,0.3304,0.0515,0.0483,0.0,0.3792,0.2206,0.0,0.221,-0.0,0.8752,0.0,1.8134039331436033e-05,133.3,0.66
3252,1790895756.0601046,-0.1744,0.0327,-0.3901,-0.0245,0.0795,0.0739,0.119,0.0966,0.389,0.0451,0.0539,-0.0,0.2224,0.3003,0.0,0.189,0.0,0.8752,0.253,1.812858064459201e-05,230.7,0.54
3253,1790895756.4921973,-0.1575,0.0476,-0.3901,-0.0,0.0692,0.0587,0.1284,0.0891,0.342,0.0697,0.0725,-0.0,0.2737,0.4106,0.0,0.178,0.0,0.7989,0.0,1.812858064459201e-05,98.5,0.43
3254,1790895756.9202385,-0.1571,0.0287,-0.3795,-0.0,0.0698,0.0641,0.1051,0.0863,0.3542,0.041,0.0527,0.0,0.3416,0.26,0.0,0.189,-0.0,0.8379,0.0,1.812858064459201e-05,176.0,0.43
3255,1790895757.3988168,-0.1826,0.0419,-0.394,-0.0506,0.0853,0.0797,0.141,0.1092,0.3669,0.0613,0.0563,-0.0,0.3237,0.2888,0.0,0.231,0.0,0.8752,0.0,1.812858064459201e-05,203.7,0.48
3256,1790895757.8683512,-0.2366,0.03,-0.3847,-0.0262,0.1194,0.1159,0.1613,0.1386,0.4902,0.0455,0.0701,0.0,0.2913,0.3896,0.0,0.248,-0.0,0.8752,0.188,1.812311480908508e-05,263.3,0.47
3257,1790895758.3466623,-0.2181,0.0416,-0.5273,-0.0,0.1112,0.1029,0.168,0.1351,0.4149,0.0651,0.0895,0.0,0.3381,0.5067,0.0,0.222,-0.0,0.8752,0.0,1.812311480908508e-05,110.7,0.48
3258,1790895758.8087716,-0.1715,0.0314,-0.3721,-0.0,0.0789,0.0746,0.1225,0.0951,0.3817,0.0479,0.0543,0.0,0.3043,0.281,0.0,0.204,-0.0,0.8752,0.0,1.812311480908508e-05,162.5,0.46
3259,1790895759.2373347,-0.1819,0.0431,-0.45,-0.0,0.0715,0.0715,0.1412,0.104,0.3893,0.0697,0.051,0.0,0.3511,0.2466,0.0,0.212,0.0,0.8752,0.0,1.812311480908508e-05,209.9,0.43
3260,1790895759.720026,-0.1915,0.0298,-0.5226,-0.0339,0.0883,0.0846,0.1252,0.1063,0.4261,0.0406,0.0554,0.0,0.2814,0.2944,0.0,0.205,-0.0,0.8752,0.194,1.811764182972217e-05,244.0,0.48
3261,1790895760.143557,-0.1902,0.0526,-0.5148,-0.0,0.0855,0.0744,0.1584,0.1132,0.385,0.084,0.0561,-0.0,0.2786,0.2998,0.0,0.187,0.0,0.8379,0.0,1.811764182972217e-05,117.4,0.42
3262,1790895760.616881,-0.1964,0.0318,-0.41,-0.0,0.0984,0.0881,0.1428,0.1143,0.4104,0.0547,0.0551,0.0,0.3159,0.2832,0.0,0.226,-0.0,0.8752,0.0,1.811764182972217e-05,159.5,0.47
3263,1790895761.0812967,-0.1899,0.0366,-0.4897,-0.0,0.0855,0.0845,0.1365,0.1074,0.4126,0.052,0.0578,0.0,0.3378,0.295,0.0,0.211,-0.0,0.8752,0.0,1.811764182972217e-05,194.5,0.46
3264,1790895761.5714557,-0.1957,0.028,-0.4754,-0.0,0.088,0.0838,0.1275,0.1083,0.4372,0.0438,0.0634,0.0,0.3244,0.3362,0.0,0.207,-0.0,0.8752,0.179,1.8112161711316466e-05,231.7,0.49
3265,1790895762.0562081,-0.203,0.0415,-0.4521,-0.0,0.1023,0.0866,0.1552,0.1214,0.4082,0.0686,0.0605,-0.0,0.3605,0.3072,0.0,0.225,0.0,0.8752,0.0,1.8112161711316466e-05,113.7,0.48
3266,1790895762.5311785,-0.1332,0.0353,-0.225,-0.0,0.0453,0.0442,0.0943,0.0696,0.318,0.0501,0.0457,-0.0,0.3767,0.2045,0.0,0.197,0.0,0.8752,0.0,1.8112161711316466e-05,182.9,0.47
3267,1790895763.0046904,-0.1902,0.0394,-0.4489,-0.0,0.0774,0.0734,0.1383,0.1051,0.4251,0.0649,0.0579,0.0,0.3555,0.2911,0.0,0.23,-0.0,0.8752,0.0,1.8112161711316466e-05,201.9,0.47
3268,1790895763.7493687,-0.1988,0.0287,-0.4315,-0.0488,0.095,0.0924,0.1373,0.1132,0.4285,0.0448,0.0631,-0.0,0.3051,0.3392,0.0,0.235,0.0,0.8752,0.178,1.810667445868746e-05,161.9,0.74
3269,1790895764.188166,-0.1081,0.0368,-0.2739,-0.0,0.0408,0.0373,0.087,0.059,0.2455,0.0497,0.026,0.0,0.252,0.1059,0.0,0.158,-0.0,0.7989,0.0,1.810667445868746e-05,120.1,0.43
3270,1790895764.6581068,-0.1901,0.0374,-0.3209,-0.0,0.0826,0.0746,0.129,0.102,0.4403,0.0544,0.0794,-0.0,0.334,0.4406,0.0,0.223,0.0,0.8752,0.0,1.810667445868746e-05,152.6,0.47
3271,1790895765.1423304,-0.1717,0.0397,-0.3857,-0.0262,0.0759,0.0735,0.1275,0.097,0.3738,0.054,0.0537,-0.0,0.4298,0.2431,0.0,0.217,0.0,0.8752,0.0,1.810667445868746e-05,183.7,0.48
3272,1790895765.7138977,-0.1788,0.0245,-0.3337,-0.0596,0.0743,0.073,0.1131,0.093,0.4294,0.0401,0.0459,0.0,0.2336,0.2436,0.0,0.198,-0.0,0.8752,0.192,1.8101180076660904e-05,219.0,0.57
3273,1790895766.1387515,-0.1108,0.0387,-0.2807,-0.0,0.0523,0.0443,0.0969,0.0662,0.2227,0.0526,0.0345,0.0,0.2267,0.1695,0.0,0.157,-0.0,0.8379,0.0,1.8101180076660904e-05,130.1,0.42
3274,1790895766.6247053,-0.1978,0.0345,-0.3833,-0.06,0.0951,0.0898,0.143,0.1127,0.4252,0.0531,0.0659,-0.0,0.4186,0.3275,0.0,0.241,0.0,0.8752,0.0,1.8101180076660904e-05,170.6,0.48
3275,1790895767.1560087,-0.2459,0.0429,-0.5047,-0.0342,0.1178,0.1178,0.1791,0.1464,0.4976,0.0613,0.0768,-0.0,0.3066,0.4302,0.0,0.232,0.0,0.8783,0.0,1.8101180076660904e-05,177.7,0.53
3276,1790895769.824005,-0.1377,0.0438,-0.3343,-0.0,0.0538,0.0506,0.1136,0.0778,0.299,0.063,0.0405,0.0,0.2567,0.2013,0.0,0.182,-0.0,0.8379,0.223,1.809567857006881e-05,78.5,0.61
3277,1790895770.277437,-0.1654,0.042,-0.4241,-0.0,0.0724,0.0676,0.1322,0.0957,0.3488,0.0646,0.0489,0.0,0.2748,0.2528,0.0,0.22,-0.0,0.8752,0.0,1.809567857006881e-05,166.1,0.45
3278,1790895770.7061782,-0.1976,0.0347,-0.3894,-0.0,0.0849,0.0849,0.1353,0.1099,0.4386,0.0504,0.0638,-0.0,0.3383,0.3351,0.0,0.221,0.0,0.8752,0.0,1.809567857006881e-05,210.2,0.43
3279,1790895771.2186177,-0.2328,0.0339,-0.5458,-0.0514,0.1045,0.1023,0.1572,0.126,0.5341,0.0549,0.0618,-0.0,0.2575,0.3436,0.0,0.229,0.0,0.8752,0.0,1.809567857006881e-05,237.4,0.51
3280,1790895771.6992233,-0.1152,0.0371,-0.3937,-0.0,0.0468,0.0392,0.094,0.0644,0.254,0.0548,0.0349,0.0,0.2336,0.1706,0.0,0.166,-0.0,0.8379,0.196,1.8090169943749477e-05,98.4,0.48
3281,1790895772.1417925,-0.1312,0.0382,-0.3523,-0.0,0.0535,0.0467,0.1073,0.0748,0.282,0.0606,0.0393,0.0,0.2961,0.1829,0.0,0.18,-0.0,0.8752,0.0,1.8090169943749477e-05,153.4,0.44
3282,1790895772.6107218,-0.2046,0.038,-0.4364,-0.0,0.0915,0.0878,0.1479,0.1162,0.442,0.0601,0.0612,-0.0,0.2507,0.3414,0.0,0.224,0.0,0.8752,0.0,1.8090169943749477e-05,184.1,0.47
3283,1790895773.1208873,-0.1918,0.0363,-0.4248,-0.0,0.0841,0.0817,0.1313,0.107,0.4241,0.0496,0.0589,-0.0,0.3614,0.2963,0.0,0.216,0.0,0.8752,0.0,1.8090169943749477e-05,210.9,0.51
3284,1790895773.6125505,-0.1278,0.0329,-0.3273,-0.0,0.0617,0.0526,0.0997,0.0722,0.278,0.0471,0.0366,-0.0,0.2348,0.1817,0.0,0.158,0.0,0.8379,0.218,1.8084654202547445e-05,106.7,0.49
3285,1790895774.0659018,-0.1321,0.036,-0.3028,-0.0,0.0615,0.0524,0.106,0.0785,0.2681,0.0536,0.0432,-0.0,0.2657,0.2174,0.0,0.188,0.0,0.8752,0.0,1.8084654202547445e-05,147.5,0.45
3286,1790895774.5545874,-0.1605,0.03,-0.3621,-0.031,0.0703,0.0648,0.1121,0.0889,0.3582,0.0473,0.0449,0.0,0.3203,0.214,0.0,0.198,-0.0,0.8752,0.0,1.8084654202547445e-05,178.1,0.48
3287,1790895775.0172603,-0.1604,0.0261,-0.3053,-0.0,0.0781,0.0728,0.1115,0.0922,0.3411,0.0386,0.0538,0.0,0.317,0.2745,0.0,0.209,-0.0,0.8752,0.0,1.8084654202547445e-05,224.8,0.46
3288,1790895775.5066183,-0.166,0.0399,-0.4857,-0.0,0.0649,0.0589,0.1299,0.0902,0.379,0.071,0.0408,0.0,0.3364,0.1821,0.0,0.177,-0.0,0.8379,0.185,1.807913135131353e-05,99.2,0.49
3289,1790895775.9710748,-0.1076,0.0331,-0.3333,-0.0,0.0478,0.0396,0.0831,0.0599,0.2386,0.0436,0.0298,-0.0,0.2507,0.1317,0.0,0.166,0.0,0.8752,0.0,1.807913135131353e-05,175.6,0.46
3290,1790895776.4667706,-0.2074,0.0307,-0.4564,-0.024,0.0966,0.0913,0.1392,0.1164,0.455,0.0479,0.0632,-0.0,0.3828,0.3191,0.0,0.238,0.0,0.8752,0.0,1.807913135131353e-05,201.9,0.49
3291,1790895776.9481764,-0.1882,0.0333,-0.4092,-0.039,0.0854,0.0809,0.132,0.1032,0.4248,0.0511,0.0705,0.0,0.2727,0.397,0.0,0.194,-0.0,0.8752,0.0,1.807913135131353e-05,252.3,0.48
3292,1790895777.4442148,-0.1213,0.0506,-0.4431,-0.0,0.041,0.0358,0.105,0.0694,0.2594,0.0692,0.0557,-0.0,0.3264,0.2844,0.0,0.18,0.0,0.8379,0.185,1.807360139490479e-05,95.4,0.49
3293,1790895777.9133396,-0.1892,0.0361,-0.3324,-0.0,0.088,0.0793,0.1368,0.106,0.4156,0.0576,0.0593,0.0,0.2535,0.3279,0.0,0.216,-0.0,0.8752,0.0,1.807360139490479e-05,152.8,0.47
3294,1790895778.43996,-0.1382,0.0303,-0.3637,-0.0,0.0546,0.0546,0.1014,0.0739,0.3214,0.0468,0.0451,0.0,0.3498,0.2075,0.0,0.198,-0.0,0.8752,0.0,1.807360139490479e-05,179.4,0.53
3295,1790895778.982242,-0.1953,0.0415,-0.3974,-0.0,0.0896,0.0823,0.1403,0.1112,0.4204,0.0579,0.0615,-0.0,0.3546,0.3153,0.0,0.219,0.0,0.8752,0.0,1.807360139490479e-05,213.5,0.54
3296,1790895779.4481168,-0.1198,0.0565,-0.3162,-0.0,0.0504,0.028,0.115,0.0681,0.2586,0.087,0.0332,-0.0,0.3093,0.1392,0.0,0.165,0.0,0.8379,0.201,1.8068064338184527e-05,86.5,0.46
3297,1790895779.9506686,-0.1535,0.0355,-0.3236,-0.0,0.0728,0.0626,0.1111,0.0862,0.3368,0.0485,0.0371,0.0,0.244,0.1823,0.0,0.178,0.0,0.8752,0.0,1.8068064338184527e-05,138.8,0.5
3298,1790895780.3859317,-0.1462,0.0378,-0.3559,-0.0,0.06,0.0569,0.1089,0.0826,0.3183,0.052,0.053,0.0,0.4486,0.2339,0.0,0.211,-0.0,0.8752,0.0,1.8068064338184527e-05,205.7,0.43
3299,1790895780.889084,-0.225,0.0363,-0.4315,-0.0614,0.1012,0.0963,0.1514,0.1212,0.519,0.055,0.0655,-0.0,0.2415,0.3726,0.0,0.219,0.0,0.8752,0.0,1.8068064338184527e-05,252.6,0.5
3300,1790895781.3294523,-0.135,0.0367,-0.4,-0.0,0.0605,0.053,0.1035,0.0752,0.299,0.0505,0.0384,0.0,0.2943,0.1775,0.0,0.163,-0.0,0.7579,0.179,1.80625201860223e-05,109.0,0.44
3301,1790895783.9390893,-0.1045,0.0268,-0.4763,-0.0,0.0449,0.039,0.0841,0.0603,0.2212,0.045,0.0275,-0.0,0.2454,0.1182,0.0,0.168,0.0,0.7989,0.0,1.80625201860223e-05,115.4,0.58
3302,1790895784.5936446,-0.1501,0.0308,-0.4,-0.0,0.0607,0.0594,0.1057,0.0828,0.3363,0.0463,0.0529,0.0,0.3817,0.251,0.0,0.214,-0.0,0.8752,0.0,1.80625201860223e-05,136.1,0.65
3303,1790895785.0489454,-0.1501,0.0272,-0.3679,-0.0,0.0625,0.0625,0.105,0.0858,0.3216,0.0426,0.0519,-0.0,0.291,0.2687,0.0,0.201,0.0,0.8379,0.0,1.80625201860223e-05,249.8,0.45
3304,1790895785.4785998,-0.1404,0.0394,-0.4067,-0.0,0.0565,0.0502,0.1133,0.0767,0.3183,0.0631,0.0401,0.0,0.2789,0.1933,0.0,0.179,-0.0,0.8752,0.217,1.80569689432939e-05,123.3,0.43
3305,1790895785.9280035,-0.1058,0.0358,-0.2837,-0.0,0.0416,0.0375,0.0856,0.0598,0.2298,0.0481,0.0324,0.0,0.2658,0.1453,0.0,0.171,-0.0,0.8752,0.0,1.80569689432939e-05,173.4,0.45
3306,1790895786.3864582,-0.2244,0.0329,-0.3962,-0.0661,0.1114,0.1038,0.1543,0.1293,0.4756,0.0506,0.0615,0.0,0.3862,0.307,0.0,0.233,-0.0,0.8752,0.0,1.80569689432939e-05,196.8,0.46
3307,1790895786.8950064,-0.1596,0.0335,-0.471,-0.0304,0.0634,0.0626,0.106,0.0835,0.3806,0.0434,0.0438,0.0,0.255,0.2238,0.0,0.187,-0.0,0.8752,0.0,1.80569689432939e-05,248.2,0.51
3308,1790895787.3352482,-0.1461,0.046,-0.4182,-0.0,0.0714,0.0566,0.1304,0.0936,0.2625,0.0738,0.0515,0.0,0.2883,0.2666,0.0,0.147,-0.0,0.8379,0.172,1.8051410614881354e-05,112.9,0.44
3309,1790895787.7671385,-0.1787,0.0308,-0.5,-0.0,0.083,0.0779,0.1198,0.097,0.4082,0.0418,0.0558,0.0,0.327,0.2845,0.0,0.203,0.0,0.8752,0.0,1.8051410614881354e-05,183.5,0.43
3310,1790895788.2270741,-0.1508,0.0325,-0.3305,-0.0499,0.0704,0.0612,0.1104,0.085,0.3286,0.0492,0.0516,0.0,0.3721,0.2451,0.0,0.221,0.0,0.8752,0.0,1.8051410614881354e-05,202.9,0.46
3311,1790895788.6872418,-0.215,0.0311,-0.5111,-0.0,0.1017,0.0985,0.1465,0.1216,0.4668,0.048,0.0687,0.0,0.3157,0.3741,0.0,0.229,-0.0,0.8752,0.0,1.8051410614881354e-05,269.1,0.46
3312,1790895789.1795824,-0.1254,0.0566,-0.3154,-0.0,0.0353,0.0283,0.1143,0.0672,0.2913,0.086,0.0294,-0.0,0.2822,0.1207,0.0,0.175,0.0,0.8379,0.182,1.8045845205672924e-05,120.1,0.49
3313,1790895789.6151924,-0.1468,0.0319,-0.3624,-0.0,0.0619,0.0582,0.1084,0.0825,0.3214,0.0502,0.0481,0.0,0.3741,0.2211,0.0,0.199,-0.0,0.8752,0.0,1.8045845205672924e-05,201.0,0.43
3314,1790895790.112103,-0.1753,0.0312,-0.4265,-0.0,0.0819,0.0774,0.1236,0.1013,0.3702,0.0463,0.0594,0.0,0.3901,0.2919,0.0,0.22,-0.0,0.8752,0.0,1.8045845205672924e-05,204.0,0.49
3315,1790895790.627415,-0.182,0.0264,-0.3626,-0.0228,0.0762,0.0737,0.113,0.0941,0.4398,0.0392,0.0506,-0.0,0.2536,0.2694,0.0,0.202,0.0,0.8752,0.0,1.8045845205672924e-05,240.5,0.51
3316,1790895791.13937,-0.1415,0.0413,-0.4107,-0.0,0.0597,0.0515,0.1089,0.0778,0.3184,0.0574,0.0423,0.0,0.2787,0.2074,0.0,0.179,-0.0,0.8752,0.2,1.8040272720563096e-05,90.9,0.51
3317,1790895791.553347,-0.1773,0.0271,-0.358,-0.0,0.097,0.0865,0.1303,0.1072,0.3509,0.0439,0.06,-0.0,0.2554,0.3316,0.0,0.187,0.0,0.8379,0.0,1.8040272720563096e-05,159.4,0.41
3318,1790895792.0411901,-0.1649,0.0362,-0.4001,-0.052,0.0723,0.0684,0.1142,0.0929,0.36,0.0458,0.0518,0.0,0.308,0.2634,0.0,0.203,-0.0,0.8752,0.0,1.8040272720563096e-05,179.7,0.48
3319,1790895792.5907342,-0.1822,0.0352,-0.3824,-0.0637,0.086,0.0756,0.125,0.1016,0.4033,0.0494,0.053,0.0,0.2469,0.2877,0.0,0.214,-0.0,0.8752,0.0,1.8040272720563096e-05,217.4,0.55
3320,1790895793.0772254,-0.1841,0.0414,-0.4243,-0.0,0.0868,0.0818,0.1429,0.1064,0.3884,0.0611,0.0429,0.0,0.2988,0.2061,0.0,0.18,-0.0,0.8752,0.175,1.8034693164452578e-05,103.8,0.48
3321,1790895793.5295753,-0.2138,0.0322,-0.4396,-0.0314,0.1008,0.0954,0.1452,0.12,0.4692,0.0498,0.0668,0.0,0.3745,0.3452,0.0,0.23,-0.0,0.8752,0.0,1.8034693164452578e-05,177.7,0.45
3322,1790895793.986793,-0.1346,0.0268,-0.2951,-0.0,0.0635,0.0594,0.0971,0.0757,0.2948,0.0377,0.0454,-0.0,0.3604,0.2069,0.0,0.199,0.0,0.8752,0.0,1.8034693164452578e-05,211.8,0.45
3323,1790895794.5038588,-0.1627,0.0261,-0.3967,-0.0,0.0688,0.0663,0.1049,0.0853,0.3871,0.0386,0.0488,-0.0,0.2766,0.2518,0.0,0.191,0.0,0.8752,0.0,1.8034693164452578e-05,238.8,0.51
3324,1790895794.9913793,-0.1609,0.0445,-0.48,-0.0,0.0672,0.061,0.1279,0.0893,0.3579,0.0668,0.0486,0.0,0.2714,0.2515,0.0,0.187,-0.0,0.8379,0.191,1.8029106542248307e-05,95.4,0.48
3325,1790895795.4539042,-0.1713,0.0351,-0.4273,-0.0,0.0833,0.079,0.1307,0.1043,0.3348,0.0517,0.0651,0.0,0.27,0.3622,0.0,0.205,-0.0,0.8752,0.0,1.8029106542248307e-05,152.8,0.46
3326,1790895798.198267,-0.2102,0.0353,-0.4429,-0.0627,0.0992,0.0973,0.1515,0.1195,0.4533,0.0542,0.0612,-0.0,0.3349,0.3184,0.0,0.232,0.0,0.8752,0.0,1.8029106542248307e-05,120.4,0.7
3327,1790895798.764544,-0.2178,0.0297,-0.4651,-0.0,0.1001,0.0991,0.1431,0.1183,0.4976,0.044,0.0628,-0.0,0.3017,0.3382,0.0,0.207,0.0,0.8752,0.0,1.8029106542248307e-05,215.7,0.56
3328,1790895799.1857386,-0.1491,0.0508,-0.4,-0.0,0.0557,0.0473,0.1209,0.0815,0.3382,0.0736,0.0391,0.0,0.3371,0.171,0.0,0.19,-0.0,0.8752,0.188,1.8023512858863416e-05,137.5,0.42
3329,1790895799.6169932,-0.1698,0.0297,-0.4751,-0.0,0.077,0.0749,0.1209,0.0943,0.3771,0.046,0.0551,-0.0,0.3655,0.2701,0.0,0.215,0.0,0.8752,0.0,1.8023512858863416e-05,188.4,0.43
3330,1790895800.0678847,-0.1855,0.0349,-0.4984,-0.039,0.0837,0.0828,0.135,0.1062,0.3965,0.0522,0.0588,-0.0,0.4084,0.2834,0.0,0.218,0.0,0.8752,0.0,1.8023512858863416e-05,218.8,0.45
3331,1790895800.5906224,-0.1715,0.0362,-0.3921,-0.0,0.0709,0.069,0.121,0.0948,0.3834,0.052,0.0513,-0.0,0.3103,0.2593,0.0,0.216,0.0,0.8752,0.0,1.8023512858863416e-05,224.3,0.52
3332,1790895801.038842,-0.0852,0.0519,-0.5571,-0.0,0.0217,0.0192,0.092,0.0459,0.1963,0.0728,0.0271,0.0,0.2626,0.1104,0.0,0.145,-0.0,0.8379,0.194,1.8017912119217263e-05,114.0,0.45
3333,1790895801.4453492,-0.1703,0.0353,-0.3656,-0.0404,0.0879,0.0731,0.1279,0.0988,0.3574,0.0547,0.0607,-0.0,0.3254,0.3181,0.0,0.2,0.0,0.8752,0.0,1.8017912119217263e-05,173.0,0.4
3334,1790895801.8961666,-0.1149,0.0346,-0.337,-0.0,0.0402,0.0391,0.0872,0.0621,0.2638,0.0481,0.0411,0.0,0.3809,0.1722,0.0,0.2,-0.0,0.8752,0.0,1.8017912119217263e-05,204.2,0.45
3335,1790895802.401362,-0.2069,0.0362,-0.3783,-0.0643,0.0921,0.0891,0.147,0.1186,0.4414,0.0579,0.063,0.0,0.3033,0.3395,0.0,0.227,-0.0,0.8752,0.0,1.8017912119217263e-05,239.7,0.5
3336,1790895802.8711872,-0.1117,0.0394,-0.3778,-0.0,0.0527,0.038,0.0982,0.0642,0.2373,0.0603,0.0356,0.0,0.2649,0.1665,0.0,0.154,-0.0,0.8752,0.188,1.801230432823541e-05,118.3,0.47
3337,1790895803.2945626,-0.1527,0.0316,-0.2921,-0.0302,0.0701,0.0628,0.1102,0.0842,0.3425,0.0474,0.0484,0.0,0.3403,0.2317,0.0,0.188,-0.0,0.8752,0.0,1.801230432823541e-05,207.4,0.42
3338,1790895803.7431314,-0.1525,0.0304,-0.3761,-0.0,0.0716,0.065,0.1061,0.0865,0.3299,0.0411,0.0529,0.0,0.3962,0.2468,0.0,0.189,-0.0,0.8752,0.0,1.801230432823541e-05,218.9,0.45
3339,1790895804.2038016,-0.2102,0.0304,-0.4339,-0.0795,0.1005,0.0944,0.1412,0.1151,0.4755,0.0468,0.0607,-0.0,0.2499,0.3381,0.0,0.224,0.0,0.8752,0.0,1.801230432823541e-05,256.9,0.46
3340,1790895804.6898217,-0.1379,0.0437,-0.3791,-0.0,0.0577,0.0451,0.1018,0.0754,0.3125,0.0566,0.0334,-0.0,0.2029,0.1687,0.0,0.169,0.0,0.8752,0.17,1.8006689490849608e-05,115.0,0.48
3341,1790895805.1625266,-0.2126,0.0366,-0.4934,-0.0,0.1026,0.0979,0.1523,0.1269,0.4286,0.0544,0.0714,0.0,0.3576,0.3804,0.0,0.226,-0.0,0.8752,0.0,1.8006689490849608e-05,173.0,0.47
3342,1790895805.6643243,-0.153,0.0325,-0.2977,-0.0,0.0738,0.0655,0.1134,0.0855,0.3378,0.0479,0.0502,-0.0,0.3133,0.2512,0.0,0.181,0.0,0.8752,0.0,1.8006689490849608e-05,197.2,0.5
3343,1790895806.1417916,-0.1923,0.0371,-0.3693,-0.0573,0.0878,0.0839,0.1406,0.1101,0.4106,0.0567,0.0552,-0.0,0.2717,0.2952,0.0,0.235,0.0,0.8752,0.0,1.8006689490849608e-05,259.2,0.47
3344,1790895806.622326,-0.1442,0.0471,-0.4227,-0.0,0.0599,0.0494,0.1154,0.0803,0.3196,0.0659,0.0439,-0.0,0.2763,0.219,0.0,0.177,0.0,0.8379,0.178,1.800106761199782e-05,99.4,0.48
3345,1790895807.1106918,-0.154,0.0387,-0.3631,-0.0,0.0705,0.063,0.1159,0.0872,0.3337,0.0529,0.0416,-0.0,0.2934,0.1991,0.0,0.189,0.0,0.8752,0.0,1.800106761199782e-05,144.6,0.49
3346,1790895807.5508153,-0.1865,0.0313,-0.4104,-0.0775,0.0815,0.0789,0.1271,0.101,0.4273,0.0482,0.0594,0.0,0.3368,0.3062,0.0,0.214,-0.0,0.8752,0.0,1.800106761199782e-05,191.6,0.44
3347,1790895808.0718973,-0.1886,0.0327,-0.4825,-0.0,0.087,0.0829,0.1352,0.1085,0.4004,0.0523,0.0707,-0.0,0.331,0.3828,0.0,0.231,-0.0,0.8752,0.0,1.800106761199782e-05,205.9,0.52
3348,1790895808.5425234,-0.1243,0.0375,-0.3267,-0.0,0.0507,0.0415,0.094,0.0697,0.2731,0.0525,0.0368,0.0,0.261,0.176,0.0,0.184,-0.0,0.8752,0.198,1.7995438696624193e-05,117.5,0.47
3349,1790895809.007842,-0.1557,0.033,-0.5179,-0.0,0.0702,0.0653,0.1119,0.0884,0.3367,0.0465,0.0548,0.0,0.3008,0.2849,0.0,0.206,-0.0,0.8752,0.0,1.7995438696624193e-05,181.3,0.46
3350,1790895809.4812777,-0.1925,0.0333,-0.4552,-0.0,0.0842,0.083,0.1315,0.1086,0.4198,0.0485,0.062,0.0,0.3292,0.3253,0.0,0.228,-0.0,0.8752,0.0,1.7995438696624193e-05,191.6,0.47
3351,1790895812.2219307,-0.227,0.0296,-0.4747,-0.022,0.1036,0.0985,0.1496,0.1256,0.5068,0.0511,0.0639,-0.0,0.2846,0.3499,0.0,0.221,0.0,0.8752,0.0,1.7995438696624193e-05,167.2,0.68
3352,1790895812.6542041,-0.1502,0.0378,-0.3495,-0.0,0.0619,0.0556,0.1061,0.0819,0.3415,0.0505,0.0415,-0.0,0.2422,0.2121,0.0,0.181,0.0,0.8379,0.176,1.7989802749679067e-05,133.4,0.43
3353,1790895813.0484462,-0.2085,0.0398,-0.4087,-0.0,0.0978,0.0943,0.1537,0.1238,0.4238,0.0594,0.0647,0.0,0.358,0.3361,0.0,0.245,-0.0,0.8752,0.0,1.7989802749679067e-05,207.5,0.39
3354,1790895813.482317,-0.1453,0.0354,-0.3078,-0.0,0.0618,0.0563,0.1047,0.0787,0.333,0.0484,0.0464,0.0,0.3188,0.224,0.0,0.2,-0.0,0.8752,0.0,1.7989802749679067e-05,218.1,0.43
3355,1790895813.9444678,-0.1907,0.0343,-0.4055,-0.0441,0.0883,0.0826,0.1367,0.1079,0.4138,0.0542,0.0537,0.0,0.2894,0.2808,0.0,0.23,-0.0,0.8752,0.0,1.7989802749679067e-05,268.2,0.46
3356,1790895814.412354,-0.165,0.0253,-0.4249,-0.0,0.082,0.0728,0.116,0.0941,0.3543,0.0433,0.0553,-0.0,0.2431,0.3037,0.0,0.184,0.0,0.7989,0.23,1.798415977611896e-05,113.1,0.46
3357,1790895814.846649,-0.1568,0.0248,-0.3702,-0.0,0.0737,0.0724,0.1074,0.0894,0.337,0.035,0.0549,0.0,0.335,0.2769,0.0,0.195,-0.0,0.8752,0.0,1.798415977611896e-05,178.0,0.43
3358,1790895815.321666,-0.1236,0.0316,-0.2932,-0.0,0.0553,0.0505,0.0938,0.0718,0.2588,0.0433,0.0443,0.0,0.3674,0.1976,0.0,0.186,-0.0,0.8752,0.0,1.798415977611896e-05,194.7,0.47
3359,1790895815.829284,-0.1701,0.0328,-0.3159,-0.0,0.0734,0.0697,0.1147,0.095,0.3753,0.0451,0.073,-0.0,0.3396,0.3958,0.0,0.203,0.0,0.8752,0.0,1.798415977611896e-05,216.6,0.5
3360,1790895816.28929,-0.1548,0.0419,-0.475,-0.0,0.0683,0.0579,0.1159,0.0879,0.3348,0.0579,0.0437,0.0,0.2935,0.2131,0.0,0.191,-0.0,0.8752,0.203,1.7978509780906578e-05,100.5,0.46
3361,1790895816.7531614,-0.1922,0.0376,-0.397,-0.0,0.0829,0.0765,0.1287,0.1012,0.455,0.0522,0.064,-0.0,0.2396,0.363,0.0,0.196,0.0,0.8752,0.0,1.7978509780906578e-05,151.0,0.46
3362,1790895817.1868594,-0.2003,0.0379,-0.4444,-0.0432,0.0927,0.0901,0.1449,0.1175,0.4143,0.0548,0.0872,-0.0,0.3803,0.4801,0.0,0.213,0.0,0.8752,0.0,1.7978509780906578e-05,214.2,0.43
3363,1790895817.6476905,-0.1951,0.0305,-0.3516,-0.0,0.0834,0.0797,0.1229,0.1013,0.4694,0.0432,0.0569,-0.0,0.2605,0.3099,0.0,0.21,0.0,0.8752,0.0,1.7978509780906578e-05,263.8,0.46
3364,1790895818.127842,-0.1382,0.0431,-0.4,-0.0,0.0545,0.0528,0.1148,0.0789,0.2967,0.062,0.0505,0.0,0.2066,0.2814,0.0,0.186,-0.0,0.8752,0.191,1.797285276901079e-05,117.1,0.48
3365,1790895818.6169918,-0.1693,0.0315,-0.35,-0.0,0.0752,0.0705,0.116,0.0925,0.3842,0.0455,0.0495,-0.0,0.3389,0.2393,0.0,0.201,0.0,0.8752,0.0,1.797285276901079e-05,169.5,0.49
3366,1790895819.0889204,-0.1601,0.028,-0.3564,-0.0,0.0696,0.0674,0.1154,0.0898,0.352,0.048,0.0556,-0.0,0.4129,0.2605,0.0,0.209,0.0,0.8752,0.0,1.797285276901079e-05,206.6,0.47
3367,1790895819.608191,-0.183,0.0322,-0.3712,-0.0,0.0826,0.0789,0.1233,0.0996,0.4169,0.0444,0.0523,0.0,0.2325,0.2864,0.0,0.205,-0.0,0.8752,0.0,1.797285276901079e-05,232.2,0.52
3368,1790895820.0604444,-0.1253,0.0347,-0.3559,-0.0,0.0655,0.0493,0.0993,0.073,0.2613,0.05,0.0434,0.0,0.2313,0.2278,0.0,0.15,-0.0,0.8379,0.184,1.7967188745406653e-05,104.5,0.45
3369,1790895820.5471628,-0.1787,0.0339,-0.5157,-0.0,0.0803,0.0772,0.1338,0.1043,0.3721,0.0566,0.0539,-0.0,0.3093,0.2768,0.0,0.241,-0.0,0.8379,0.0,1.7967188745406653e-05,146.7,0.48
3370,1790895820.9987805,-0.1666,0.0343,-0.3902,-0.0,0.0714,0.0682,0.1165,0.0917,0.3743,0.0483,0.0483,0.0,0.2811,0.2472,0.0,0.197,-0.0,0.8752,0.0,1.7967188745406653e-05,200.0,0.45
3371,1790895821.4597783,-0.1978,0.0326,-0.3723,-0.0,0.0891,0.0876,0.1379,0.1143,0.4173,0.0503,0.0609,0.0,0.2874,0.3296,0.0,0.248,-0.0,0.8752,0.0,1.7967188745406653e-05,240.9,0.46
3372,1790895821.9296048,-0.1416,0.0391,-0.45,-0.0,0.062,0.0512,0.1013,0.0754,0.3311,0.05,0.0476,0.0,0.2608,0.2476,0.0,0.171,-0.0,0.8379,0.19,1.796151771507537e-05,116.6,0.47
3373,1790895822.3344345,-0.2001,0.0319,-0.4462,-0.0,0.0973,0.0909,0.1417,0.1163,0.4189,0.0508,0.0861,0.0,0.3726,0.4747,0.0,0.217,-0.0,0.8752,0.0,1.796151771507537e-05,195.4,0.4
3374,1790895822.7920032,-0.1902,0.0338,-0.4756,-0.0,0.0807,0.0745,0.1296,0.1012,0.4448,0.055,0.0497,-0.0,0.2864,0.255,0.0,0.22,0.0,0.8752,0.0,1.796151771507537e-05,226.6,0.46
3375,1790895823.3309147,-0.1333,0.0278,-0.2528,-0.0265,0.0519,0.0487,0.0901,0.0702,0.3155,0.0414,0.0356,0.0,0.3148,0.1531,0.0,0.189,-0.0,0.8752,0.0,1.796151771507537e-05,230.6,0.54
3376,1790895826.1196394,-0.1298,0.0344,-0.3867,-0.0,0.0579,0.0559,0.1046,0.0771,0.2632,0.0487,0.0533,0.0,0.2764,0.2818,0.0,0.194,0.0,0.7989,0.19,1.795583968300432e-05,76.6,0.59
3377,1790895826.5268028,-0.1559,0.0337,-0.4074,-0.0341,0.0653,0.0629,0.1091,0.085,0.3548,0.0462,0.0554,-0.0,0.426,0.2554,0.0,0.22,0.0,0.8752,0.0,1.795583968300432e-05,184.4,0.4
3378,1790895826.9675765,-0.2217,0.0311,-0.5059,-0.0318,0.1056,0.1023,0.1504,0.1247,0.4855,0.0481,0.0696,-0.0,0.3643,0.3672,0.0,0.239,0.0,0.8752,0.0,1.795583968300432e-05,211.3,0.44
3379,1790895827.401388,-0.1519,0.0333,-0.3262,-0.0,0.0671,0.0637,0.1132,0.0851,0.3339,0.0495,0.0453,-0.0,0.3113,0.2192,0.0,0.194,0.0,0.8752,0.0,1.795583968300432e-05,264.9,0.43
3380,1790895827.8354242,-0.1412,0.0327,-0.382,-0.0,0.0666,0.062,0.1085,0.0846,0.2833,0.0465,0.0528,-0.0,0.3159,0.2676,0.0,0.162,0.0,0.8379,0.182,1.795015465418704e-05,115.6,0.43
3381,1790895828.2959936,-0.1785,0.034,-0.3625,-0.0,0.0842,0.074,0.1265,0.0992,0.3965,0.0525,0.0446,-0.0,0.2227,0.2381,0.0,0.217,0.0,0.8379,0.0,1.795015465418704e-05,144.9,0.46
3382,1790895828.7591252,-0.165,0.0341,-0.4141,-0.0292,0.0692,0.0632,0.1123,0.0873,0.3884,0.049,0.0435,-0.0,0.3831,0.1881,0.0,0.216,0.0,0.8752,0.0,1.795015465418704e-05,177.6,0.46
3383,1790895829.251816,-0.2306,0.0301,-0.3717,-0.088,0.1052,0.1035,0.1504,0.1274,0.5158,0.0469,0.0737,0.0,0.4377,0.3748,0.0,0.264,-0.0,0.8752,0.0,1.795015465418704e-05,212.1,0.49
3384,1790895829.698604,-0.1466,0.0454,-0.3858,-0.0,0.0651,0.0537,0.1237,0.0847,0.3093,0.07,0.0468,-0.0,0.283,0.2368,0.0,0.18,0.0,0.8752,0.215,1.7944462633623217e-05,130.8,0.44
3385,1790895830.1425207,-0.2105,0.0366,-0.4311,-0.0,0.0931,0.0855,0.1474,0.1168,0.4686,0.0619,0.0532,0.0,0.2565,0.2863,0.0,0.214,-0.0,0.8752,0.0,1.7944462633623217e-05,183.4,0.44
3386,1790895830.6260777,-0.2015,0.0328,-0.3331,-0.0586,0.0916,0.0853,0.134,0.1122,0.4462,0.0487,0.0573,0.0,0.3851,0.2792,0.0,0.227,-0.0,0.8752,0.0,1.7944462633623217e-05,207.3,0.48
3387,1790895831.195068,-0.194,0.0252,-0.3535,-0.0374,0.09,0.0864,0.1214,0.1052,0.4437,0.035,0.0629,0.0,0.2534,0.3517,0.0,0.203,-0.0,0.8752,0.0,1.7944462633623217e-05,220.4,0.57
3388,1790895831.6778095,-0.1276,0.0359,-0.4956,-0.0,0.0738,0.0599,0.1116,0.0786,0.2445,0.0516,0.0413,0.0,0.2978,0.1961,0.0,0.19,-0.0,0.8379,0.153,1.793876362631868e-05,120.8,0.48
3389,1790895832.1354957,-0.2484,0.0371,-0.4514,-0.0,0.1259,0.1178,0.1813,0.1489,0.4975,0.0635,0.0733,-0.0,0.2472,0.4229,0.0,0.245,0.0,0.8752,0.0,1.793876362631868e-05,172.8,0.45
3390,1790895832.6063397,-0.1639,0.0341,-0.3864,-0.0263,0.0665,0.0613,0.1183,0.0883,0.3779,0.0569,0.0493,0.0,0.3756,0.2283,0.0,0.204,-0.0,0.8752,0.0,1.793876362631868e-05,200.7,0.47
3391,1790895833.1221702,-0.2177,0.0354,-0.4735,-0.0,0.0971,0.0961,0.1546,0.1262,0.4577,0.0585,0.0729,0.0,0.29,0.4083,0.0,0.252,-0.0,0.8752,0.0,1.793876362631868e-05,215.9,0.51
3392,1790895833.5858924,-0.1882,0.0362,-0.4359,-0.0,0.1007,0.0912,0.1468,0.1158,0.3616,0.0556,0.0735,-0.0,0.2976,0.4105,0.0,0.199,0.0,0.8752,0.211,1.793305763728541e-05,108.5,0.46
3393,1790895834.075912,-0.1652,0.0318,-0.3587,-0.0,0.069,0.0664,0.1146,0.0914,0.3689,0.0482,0.0519,0.0,0.274,0.2729,0.0,0.224,-0.0,0.8752,0.0,1.793305763728541e-05,151.9,0.49
3394,1790895834.5608468,-0.2094,0.034,-0.4198,-0.0308,0.0962,0.0962,0.1523,0.1227,0.4332,0.0561,0.0543,-0.0,0.3194,0.2765,0.0,0.214,0.0,0.8752,0.0,1.793305763728541e-05,195.9,0.48
3395,1790895835.074471,-0.1751,0.0281,-0.3302,-0.0245,0.0799,0.0745,0.1163,0.0972,0.3893,0.0419,0.0528,0.0,0.2779,0.2776,0.0,0.22,-0.0,0.8752,0.0,1.793305763728541e-05,221.0,0.51
3396,1790895835.618964,-0.2056,0.0462,-0.5882,-0.0,0.1073,0.0969,0.1626,0.1264,0.3961,0.0656,0.0776,0.0,0.2924,0.4395,0.0,0.201,-0.0,0.8752,0.261,1.792734467154153e-05,92.1,0.54
3397,1790895836.0502858,-0.2028,0.0323,-0.4095,-0.0,0.0848,0.0821,0.1321,0.1087,0.4705,0.0499,0.0634,-0.0,0.2378,0.3591,0.0,0.193,0.0,0.8752,0.0,1.792734467154153e-05,166.2,0.43
3398,1790895836.5378938,-0.1524,0.0347,-0.4289,-0.0,0.0669,0.0628,0.1062,0.0822,0.3511,0.0434,0.0483,-0.0,0.3453,0.23,0.0,0.212,0.0,0.8752,0.0,1.792734467154153e-05,176.2,0.48
3399,1790895837.0812078,-0.2006,0.035,-0.3697,-0.0258,0.0975,0.0882,0.1455,0.1176,0.4151,0.0572,0.0628,-0.0,0.3511,0.3248,0.0,0.231,0.0,0.8752,0.0,1.792734467154153e-05,200.4,0.54
3400,1790895837.5962358,-0.1549,0.0534,-0.3774,-0.0,0.0713,0.0565,0.1361,0.0936,0.3069,0.0796,0.0589,-0.0,0.289,0.3157,0.0,0.167,0.0,0.8379,0.214,1.7921624734111292e-05,84.2,0.51
3401,1790895840.4161935,-0.2116,0.041,-0.3671,-0.044,0.1068,0.092,0.1504,0.1222,0.4472,0.0584,0.0574,-0.0,0.3476,0.29,0.0,0.23,0.0,0.8752,0.0,1.7921624734111292e-05,101.0,0.67
3402,1790895840.840143,-0.1606,0.0331,-0.4667,-0.0,0.0758,0.0687,0.1162,0.0927,0.3398,0.0475,0.0686,0.0,0.3437,0.3659,0.0,0.214,-0.0,0.8752,0.0,1.7921624734111292e-05,205.0,0.42
3403,1790895841.3225,-0.1873,0.0355,-0.4519,-0.0,0.0744,0.0744,0.1314,0.1007,0.4332,0.057,0.059,0.0,0.2687,0.3217,0.0,0.211,-0.0,0.8752,0.0,1.7921624734111292e-05,236.3,0.48
3404,1790895841.7462044,-0.1623,0.0312,-0.3374,-0.0,0.0761,0.0721,0.1172,0.0939,0.3418,0.0451,0.0469,-0.0,0.3095,0.2304,0.0,0.173,0.0,0.8379,0.175,1.7915897830025092e-05,129.6,0.42
3405,1790895842.2397847,-0.1453,0.0399,-0.3691,-0.0,0.0538,0.0528,0.1104,0.08,0.3265,0.0576,0.0467,-0.0,0.405,0.2031,0.0,0.218,0.0,0.8752,0.0,1.7915897830025092e-05,171.8,0.49
3406,1790895842.7164917,-0.1614,0.0217,-0.3787,-0.0,0.0736,0.0724,0.1072,0.0877,0.3687,0.0348,0.0489,-0.0,0.3125,0.2427,0.0,0.202,0.0,0.8783,0.0,1.7915897830025092e-05,179.8,0.47
3407,1790895843.1756268,-0.1383,0.0428,-0.3833,-0.0,0.0739,0.0517,0.1102,0.0787,0.2979,0.0584,0.0459,-0.0,0.2849,0.2303,0.0,0.166,0.0,0.8379,0.0,1.7915897830025092e-05,101.3,0.46
3408,1790895843.6220548,-0.1775,0.0368,-0.4086,-0.0,0.0838,0.0784,0.1352,0.1048,0.3637,0.0568,0.0626,0.0,0.3766,0.3172,0.0,0.205,-0.0,0.8752,0.188,1.7910163964319433e-05,169.9,0.44
3409,1790895844.1146138,-0.1652,0.0296,-0.3593,-0.0262,0.0782,0.0733,0.1195,0.0958,0.3471,0.0462,0.0507,-0.0,0.3793,0.2369,0.0,0.197,0.0,0.8752,0.0,1.7910163964319433e-05,188.9,0.49
3410,1790895844.658249,-0.2223,0.0322,-0.4194,-0.0613,0.0978,0.0962,0.1421,0.1201,0.5112,0.0458,0.0639,-0.0,0.2703,0.3541,0.0,0.225,0.0,0.8752,0.0,1.7910163964319433e-05,219.3,0.54
3411,1790895845.1356168,-0.1287,0.0568,-0.3386,-0.0,0.0394,0.0315,0.1086,0.0673,0.3069,0.0771,0.038,0.0,0.3091,0.1711,0.0,0.185,-0.0,0.8752,0.0,1.7910163964319433e-05,101.0,0.47
3412,1790895845.6205368,-0.142,0.0405,-0.4008,-0.0,0.0601,0.0582,0.1212,0.0836,0.292,0.0629,0.0419,-0.0,0.2733,0.2061,0.0,0.184,0.0,0.8752,0.181,1.7904423142036956e-05,158.5,0.48
3413,1790895846.1256282,-0.1555,0.0293,-0.2892,-0.0306,0.0727,0.0697,0.1109,0.0893,0.3307,0.0412,0.051,0.0,0.3377,0.2496,0.0,0.2,-0.0,0.8752,0.0,1.7904423142036956e-05,195.4,0.5
3414,1790895846.6393385,-0.1988,0.037,-0.3856,-0.0221,0.0844,0.0792,0.1383,0.1075,0.4569,0.0591,0.0494,-0.0,0.2395,0.2653,0.0,0.226,0.0,0.8752,0.0,1.7904423142036956e-05,241.1,0.51
3415,1790895847.1373389,-0.1122,0.0406,-0.3314,-0.0,0.0426,0.0361,0.0921,0.0602,0.2598,0.056,0.0334,0.0,0.2874,0.1459,0.0,0.173,-0.0,0.8752,0.0,1.7904423142036956e-05,107.9,0.49
3416,1790895847.6130602,-0.1174,0.0407,-0.3311,-0.0,0.0498,0.044,0.101,0.0668,0.2532,0.057,0.0348,-0.0,0.2669,0.1605,0.0,0.187,0.0,0.8752,0.181,1.7898675368226412e-05,142.1,0.47
3417,1790895848.0261235,-0.2003,0.0358,-0.4487,-0.0,0.0803,0.0789,0.1355,0.1074,0.4645,0.0566,0.0513,0.0,0.2917,0.2642,0.0,0.228,-0.0,0.8752,0.0,1.7898675368226412e-05,207.4,0.41
3418,1790895848.6049824,-0.194,0.0321,-0.4,-0.0,0.0893,0.0862,0.1336,0.1086,0.4271,0.0474,0.0657,-0.0,0.284,0.3623,0.0,0.23,0.0,0.8752,0.0,1.7898675368226412e-05,193.0,0.57
3419,1790895849.0576549,-0.0983,0.0453,-0.3144,-0.0,0.0335,0.0241,0.0809,0.0482,0.2506,0.0568,0.0418,-0.0,0.2325,0.2165,0.0,0.169,0.0,0.8752,0.0,1.7898675368226412e-05,115.9,0.45
3420,1790895849.4967325,-0.0983,0.0279,-0.2529,-0.0,0.0379,0.0326,0.0759,0.0537,0.2229,0.0433,0.0331,-0.0,0.3429,0.1291,0.0,0.195,0.0,0.8379,0.171,1.7892920647942672e-05,176.5,0.44
3421,1790895849.975994,-0.1698,0.0397,-0.4524,-0.0,0.0674,0.0645,0.122,0.0931,0.3836,0.0575,0.0542,0.0,0.408,0.2524,0.0,0.224,-0.0,0.8752,0.0,1.7892920647942672e-05,189.3,0.48
3422,1790895850.4577065,-0.1367,0.0311,-0.2716,-0.0,0.0532,0.05,0.0952,0.0706,0.3304,0.0451,0.0412,0.0,0.2871,0.1978,0.0,0.185,-0.0,0.8752,0.0,1.7892920647942672e-05,232.6,0.48
3423,1790895850.8878982,-0.1253,0.05,-0.3207,-0.0,0.0465,0.0324,0.0998,0.0698,0.2777,0.0674,0.0355,0.0,0.3207,0.1514,0.0,0.156,-0.0,0.8752,0.0,1.7892920647942672e-05,112.7,0.43
3424,1790895851.3584201,-0.162,0.0297,-0.3874,-0.0404,0.068,0.068,0.1132,0.0915,0.3525,0.0452,0.0487,-0.0,0.2573,0.2563,0.0,0.189,0.0,0.8379,0.19,1.7887158986246707e-05,153.8,0.47
3425,1790895851.8393126,-0.1502,0.0304,-0.4208,-0.0,0.0613,0.0604,0.1105,0.0833,0.3344,0.0502,0.0466,-0.0,0.3381,0.2208,0.0,0.219,0.0,0.8752,0.0,1.7887158986246707e-05,185.1,0.48
3426,1790895854.7837226,-0.1868,0.0225,-0.3675,-0.0576,0.0944,0.0889,0.1254,0.1061,0.4037,0.0364,0.058,0.0,0.2647,0.3161,0.0,0.217,-0.0,0.8379,0.0,1.7887158986246707e-05,131.4,0.86
3427,1790895855.2174246,-0.1681,0.0471,-0.4369,-0.0,0.0667,0.0585,0.1235,0.0866,0.4077,0.065,0.0531,0.0,0.2645,0.2836,0.0,0.188,-0.0,0.8752,0.0,1.7887158986246707e-05,112.3,0.43
3428,1790895855.6563854,-0.1857,0.0316,-0.3833,-0.0,0.0933,0.0864,0.1374,0.1103,0.3767,0.051,0.0616,-0.0,0.3312,0.3225,0.0,0.244,0.0,0.8379,0.193,1.7881390388205605e-05,170.6,0.44
3429,1790895856.0931761,-0.178,0.0255,-0.4833,-0.0245,0.0834,0.0791,0.1255,0.1013,0.3831,0.0464,0.06,-0.0,0.4283,0.2858,0.0,0.226,0.0,0.8752,0.0,1.7881390388205605e-05,218.6,0.43
3430,1790895856.5380526,-0.1998,0.0282,-0.4587,-0.0441,0.0927,0.0901,0.1272,0.1084,0.4566,0.0371,0.0571,-0.0,0.2581,0.3116,0.0,0.215,0.0,0.8752,0.0,1.7881390388205605e-05,257.6,0.44
3431,1790895856.9722106,-0.1631,0.0303,-0.2995,-0.0,0.0808,0.0714,0.1205,0.0943,0.3438,0.0491,0.0526,0.0,0.2701,0.2786,0.0,0.158,-0.0,0.7579,0.0,1.7881390388205605e-05,116.9,0.43
3432,1790895857.4626143,-0.2255,0.0431,-0.5582,-0.0,0.1102,0.1001,0.1669,0.135,0.4523,0.0668,0.0694,0.0,0.3163,0.3781,0.0,0.229,-0.0,0.8752,0.218,1.787561485889254e-05,166.2,0.49
3433,1790895857.9335334,-0.1644,0.0291,-0.3845,-0.0,0.0712,0.0642,0.1073,0.0873,0.3855,0.0431,0.054,-0.0,0.3764,0.2595,0.0,0.2,0.0,0.8752,0.0,1.787561485889254e-05,204.6,0.47
3434,1790895858.475366,-0.2034,0.031,-0.4315,-0.0,0.0941,0.0923,0.135,0.1113,0.4605,0.0428,0.0542,0.0,0.2236,0.3015,0.0,0.223,-0.0,0.8752,0.0,1.787561485889254e-05,247.4,0.54
3435,1790895858.9316444,-0.1313,0.0378,-0.3271,-0.0,0.0607,0.0513,0.111,0.0789,0.262,0.0597,0.0462,0.0,0.2668,0.2369,0.0,0.196,-0.0,0.8752,0.0,1.787561485889254e-05,122.5,0.45
3436,1790895859.3727975,-0.2158,0.0439,-0.4241,-0.0382,0.09,0.0872,0.1552,0.1211,0.4736,0.0679,0.0613,-0.0,0.3981,0.3023,0.0,0.258,0.0,0.8752,0.179,1.7869832403386797e-05,167.4,0.44
3437,1790895859.8485017,-0.1777,0.0321,-0.3826,-0.0262,0.0794,0.0774,0.1239,0.1026,0.3755,0.0465,0.0563,0.0,0.4411,0.2579,0.0,0.23,-0.0,0.8752,0.0,1.7869832403386797e-05,191.6,0.47
3438,1790895860.3634942,-0.1882,0.0262,-0.3377,-0.022,0.0928,0.0882,0.1311,0.1082,0.4002,0.0428,0.0765,-0.0,0.2932,0.4315,0.0,0.208,0.0,0.8752,0.0,1.7869832403386797e-05,256.2,0.51
3439,1790895860.8486662,-0.1471,0.0534,-0.3458,-0.0,0.0654,0.0493,0.1299,0.0881,0.2946,0.0806,0.0418,0.0,0.2981,0.1995,0.0,0.183,-0.0,0.8752,0.0,1.7869832403386797e-05,100.2,0.48
3440,1790895861.3236861,-0.2159,0.0392,-0.4857,-0.0,0.0969,0.0934,0.1485,0.1242,0.4589,0.0551,0.0794,0.0,0.3441,0.4378,0.0,0.219,-0.0,0.8752,0.197,1.786404302677374e-05,163.7,0.47
3441,1790895861.8090136,-0.212,0.0329,-0.5187,-0.0604,0.0972,0.0919,0.1406,0.1154,0.4831,0.0486,0.0622,-0.0,0.325,0.3279,0.0,0.232,0.0,0.8752,0.0,1.786404302677374e-05,200.1,0.48
3442,1790895862.2776644,-0.1873,0.0349,-0.3611,-0.0265,0.0822,0.0794,0.1287,0.1056,0.4082,0.0494,0.0646,-0.0,0.3845,0.3284,0.0,0.223,0.0,0.8752,0.0,1.786404302677374e-05,253.9,0.47
3443,1790895862.7277343,-0.1382,0.0443,-0.265,-0.0,0.0594,0.0516,0.1191,0.0814,0.2841,0.0675,0.0388,-0.0,0.3143,0.1749,0.0,0.174,0.0,0.8379,0.0,1.786404302677374e-05,107.4,0.45
3444,1790895863.1823401,-0.1967,0.0366,-0.4791,-0.0,0.0896,0.0837,0.1344,0.1091,0.4379,0.0507,0.0643,0.0,0.4132,0.3184,0.0,0.241,-0.0,0.8752,0.187,1.785824673414482e-05,169.4,0.45
3445,1790895863.6425257,-0.2017,0.0368,-0.4395,-0.0,0.0964,0.091,0.1468,0.117,0.4236,0.0558,0.0652,0.0,0.3352,0.3456,0.0,0.215,-0.0,0.8752,0.0,1.785824673414482e-05,198.9,0.46
3446,1790895864.0873425,-0.2169,0.034,-0.4251,-0.0,0.0966,0.096,0.1455,0.1205,0.4822,0.0496,0.066,-0.0,0.2962,0.3608,0.0,0.24,0.0,0.8752,0.0,1.785824673414482e-05,254.7,0.44
3447,1790895864.49999,-0.1548,0.042,-0.3937,-0.0,0.0799,0.0649,0.1252,0.0894,0.3273,0.0604,0.0539,-0.0,0.2751,0.2858,0.0,0.18,0.0,0.8379,0.0,1.785824673414482e-05,121.3,0.41
3448,1790895864.9448657,-0.1451,0.0282,-0.3755,-0.0,0.0667,0.0575,0.0969,0.0763,0.3441,0.0393,0.0391,0.0,0.2406,0.1963,0.0,0.184,-0.0,0.8752,0.199,1.7852443530597582e-05,180.4,0.44
3449,1790895865.3819723,-0.1705,0.0282,-0.4107,-0.0262,0.078,0.078,0.1188,0.0966,0.3694,0.0408,0.0563,-0.0,0.421,0.2631,0.0,0.21,0.0,0.8752,0.0,1.7852443530597582e-05,225.8,0.43
3450,1790895865.92136,-0.2335,0.0357,-0.3812,-0.09,0.1063,0.1046,0.1582,0.1306,0.5144,0.0536,0.062,0.0,0.287,0.3365,0.0,0.223,-0.0,0.8752,0.0,1.7852443530597582e-05,226.7,0.53
3451,1790895868.6460598,-0.1876,0.0485,-0.5103,-0.0,0.0866,0.0734,0.1419,0.1056,0.4098,0.0685,0.0443,-0.0,0.25,0.2283,0.0,0.182,0.0,0.8752,0.0,1.7852443530597582e-05,89.6,0.64
3452,1790895869.2183523,-0.2064,0.0367,-0.4681,-0.0,0.0906,0.0836,0.1443,0.113,0.4669,0.0606,0.0588,-0.0,0.3209,0.3065,0.0,0.223,0.0,0.8752,0.18,1.7846633421235634e-05,145.4,0.57
3453,1790895869.6961763,-0.1733,0.0329,-0.364,-0.0,0.0748,0.0729,0.1165,0.0935,0.399,0.0436,0.0484,0.0,0.3317,0.2339,0.0,0.221,-0.0,0.8752,0.0,1.7846633421235634e-05,199.6,0.47
3454,1790895870.1803484,-0.1913,0.0252,-0.4505,-0.0,0.0902,0.0894,0.1288,0.1094,0.4093,0.0394,0.0615,0.0,0.2525,0.3429,0.0,0.212,-0.0,0.8752,0.0,1.7846633421235634e-05,245.7,0.48
3455,1790895870.6390574,-0.1857,0.0428,-0.5048,-0.0,0.087,0.0763,0.1394,0.1065,0.3965,0.0631,0.0498,0.0,0.3022,0.2512,0.0,0.182,-0.0,0.8752,0.0,1.7846633421235634e-05,115.3,0.46
3456,1790895871.0919123,-0.19,0.0345,-0.4,-0.0314,0.0988,0.0865,0.1413,0.113,0.385,0.0548,0.0639,0.0,0.3405,0.3349,0.0,0.211,-0.0,0.8752,0.18,1.784081641116867e-05,166.5,0.45
3457,1790895871.5164285,-0.1629,0.031,-0.412,-0.0,0.065,0.065,0.1184,0.0904,0.3624,0.0534,0.0563,-0.0,0.3879,0.272,0.0,0.202,0.0,0.8752,0.0,1.784081641116867e-05,220.6,0.42
3458,1790895872.0408654,-0.2109,0.0311,-0.4072,-0.0265,0.0998,0.0937,0.1457,0.1194,0.4575,0.052,0.0634,0.0,0.2868,0.3462,0.0,0.243,-0.0,0.8752,0.0,1.784081641116867e-05,248.7,0.52
3459,1790895872.4788394,-0.2054,0.0363,-0.5197,-0.0,0.1025,0.0924,0.149,0.1196,0.4294,0.0565,0.0605,-0.0,0.2151,0.3463,0.0,0.21,0.0,0.8379,0.0,1.784081641116867e-05,115.6,0.43
3460,1790895872.9293802,-0.172,0.0292,-0.425,-0.0,0.075,0.0696,0.1173,0.0934,0.3927,0.0478,0.0547,0.0,0.234,0.302,0.0,0.185,-0.0,0.8752,0.196,1.7834992505512444e-05,164.0,0.45
3461,1790895873.399647,-0.1679,0.036,-0.3555,-0.0,0.0716,0.0679,0.1197,0.0946,0.3663,0.0518,0.0497,-0.0,0.2914,0.2534,0.0,0.203,0.0,0.8752,0.0,1.7834992505512444e-05,189.3,0.47
3462,1790895873.865465,-0.222,0.0275,-0.4913,-0.0,0.1028,0.1018,0.1476,0.1233,0.4936,0.0459,0.0613,0.0,0.2962,0.3299,0.0,0.229,-0.0,0.8752,0.0,1.7834992505512444e-05,244.9,0.46
3463,1790895874.3229387,-0.1102,0.0469,-0.2978,-0.0,0.0349,0.0312,0.0996,0.0614,0.2441,0.0683,0.0308,0.0,0.2745,0.1319,0.0,0.188,-0.0,0.7989,0.0,1.7834992505512444e-05,102.6,0.45
3464,1790895874.8042147,-0.1465,0.0364,-0.3485,-0.0,0.0638,0.0556,0.1047,0.0815,0.3252,0.0491,0.0481,-0.0,0.2668,0.2495,0.0,0.204,-0.0,0.8752,0.184,1.7829161709388777e-05,141.1,0.48
3465,1790895875.292652,-0.1959,0.0312,-0.5333,-0.0,0.0928,0.0918,0.1455,0.1194,0.3825,0.0538,0.0739,0.0,0.3428,0.4012,0.0,0.264,-0.0,0.8752,0.0,1.7829161709388777e-05,182.5,0.49
3466,1790895875.8256354,-0.1659,0.0263,-0.4492,-0.0,0.0778,0.0778,0.1146,0.0953,0.3526,0.0368,0.0563,0.0,0.3738,0.2755,0.0,0.212,-0.0,0.8752,0.0,1.7829161709388777e-05,209.9,0.53
3467,1790895876.2439122,-0.1632,0.0506,-0.609,-0.0,0.093,0.064,0.1385,0.0968,0.3319,0.0745,0.0509,0.0,0.2981,0.2602,0.0,0.186,-0.0,0.8752,0.0,1.7829161709388777e-05,118.7,0.42
3468,1790895876.737856,-0.1827,0.0302,-0.3965,-0.0,0.0932,0.0835,0.1324,0.1054,0.3869,0.0489,0.056,-0.0,0.2598,0.3041,0.0,0.202,0.0,0.7989,0.199,1.782332402792555e-05,155.2,0.49
3469,1790895877.195179,-0.1491,0.0314,-0.3103,-0.0262,0.0706,0.0648,0.1103,0.0862,0.3143,0.0455,0.054,-0.0,0.3504,0.2662,0.0,0.198,0.0,0.8752,0.0,1.782332402792555e-05,203.7,0.45
3470,1790895877.6984348,-0.2029,0.0313,-0.3455,-0.0725,0.0874,0.0852,0.1338,0.1099,0.465,0.0486,0.0726,-0.0,0.3114,0.401,0.0,0.229,0.0,0.8752,0.0,1.782332402792555e-05,236.5,0.5
3471,1790895878.1181574,-0.1045,0.0319,-0.2333,-0.0,0.044,0.0368,0.0822,0.0578,0.2335,0.0454,0.0306,-0.0,0.2311,0.1426,0.0,0.134,0.0,0.7989,0.0,1.782332402792555e-05,118.5,0.42
3472,1790895878.6123238,-0.1297,0.0419,-0.3124,-0.0,0.0491,0.0399,0.1015,0.0709,0.2943,0.0616,0.0374,0.0,0.3676,0.1515,0.0,0.207,-0.0,0.8752,0.222,1.7817479466256702e-05,148.3,0.49
3473,1790895879.1065445,-0.174,0.0327,-0.4406,-0.0,0.08,0.0751,0.1241,0.1014,0.363,0.049,0.0564,0.0,0.3208,0.2904,0.0,0.222,-0.0,0.8752,0.0,1.7817479466256702e-05,187.1,0.49
3474,1790895879.603778,-0.1644,0.0307,-0.3399,-0.0,0.0705,0.0676,0.112,0.0895,0.3744,0.0444,0.0493,-0.0,0.3239,0.2424,0.0,0.21,0.0,0.8752,0.0,1.7817479466256702e-05,235.9,0.5
3475,1790895880.0814242,-0.157,0.0432,-0.41,-0.0,0.072,0.0675,0.1263,0.0905,0.3326,0.0588,0.0458,-0.0,0.2835,0.2297,0.0,0.183,0.0,0.8752,0.0,1.7817479466256702e-05,112.2,0.47
3476,1790895882.9247699,-0.12,0.041,-0.3737,-0.0,0.0376,0.0364,0.097,0.0631,0.2849,0.0606,0.0319,-0.0,0.315,0.1285,0.0,0.184,0.0,0.8752,0.213,1.781162802952222e-05,125.5,0.67
3477,1790895883.402458,-0.1974,0.0334,-0.3528,-0.0,0.0976,0.0957,0.1447,0.1212,0.3807,0.049,0.0691,-0.0,0.3941,0.3555,0.0,0.236,0.0,0.8752,0.0,1.781162802952222e-05,196.3,0.48
3478,1790895883.8659554,-0.2141,0.0317,-0.4095,-0.0288,0.1003,0.0974,0.144,0.1197,0.4719,0.0465,0.0669,0.0,0.2927,0.368,0.0,0.236,-0.0,0.8752,0.0,1.781162802952222e-05,250.2,0.46
3479,1790895884.3018432,-0.1354,0.0364,-0.386,-0.0,0.052,0.0468,0.1002,0.0735,0.3094,0.0534,0.0405,0.0,0.2942,0.1915,0.0,0.166,-0.0,0.8379,0.0,1.781162802952222e-05,103.6,0.43
3480,1790895884.7675693,-0.1503,0.0384,-0.5019,-0.0,0.0635,0.0613,0.1064,0.0814,0.3446,0.0451,0.0456,0.0,0.3079,0.2218,0.0,0.188,-0.0,0.8752,0.179,1.7805769722868132e-05,162.6,0.46
3481,1790895885.1881843,-0.1568,0.0267,-0.3881,-0.0,0.0696,0.0669,0.1041,0.0861,0.3535,0.0371,0.0486,0.0,0.3258,0.2374,0.0,0.21,-0.0,0.8752,0.0,1.7805769722868132e-05,222.7,0.42
3482,1790895885.7013083,-0.1567,0.0288,-0.3116,-0.0258,0.0659,0.0659,0.1052,0.0832,0.3675,0.0393,0.0434,-0.0,0.3017,0.2089,0.0,0.188,0.0,0.8752,0.0,1.7805769722868132e-05,213.1,0.51
3483,1790895886.13703,-0.1042,0.0267,-0.2296,-0.0,0.0535,0.0453,0.0839,0.063,0.206,0.0386,0.0479,0.0,0.2368,0.256,0.0,0.163,-0.0,0.8379,0.0,1.7805769722868132e-05,132.0,0.43
3484,1790895886.6090002,-0.171,0.0304,-0.416,-0.0244,0.0796,0.0751,0.1194,0.0971,0.3693,0.0442,0.0634,-0.0,0.3767,0.3221,0.0,0.207,0.0,0.8752,0.176,1.779990455144652e-05,175.8,0.47
3485,1790895887.085439,-0.188,0.0293,-0.5238,-0.0663,0.0948,0.0872,0.1325,0.1081,0.3994,0.0453,0.0727,-0.0,0.2958,0.4055,0.0,0.213,0.0,0.8752,0.0,1.779990455144652e-05,192.3,0.47
3486,1790895887.5897899,-0.1963,0.0337,-0.3948,-0.0659,0.0814,0.0763,0.1372,0.1063,0.4502,0.0609,0.0547,0.0,0.318,0.2801,0.0,0.226,0.0,0.8752,0.0,1.779990455144652e-05,228.7,0.5
3487,1790895888.0421984,-0.1491,0.0463,-0.4212,-0.0,0.0705,0.0615,0.1263,0.0905,0.2928,0.0648,0.0595,-0.0,0.287,0.32,0.0,0.188,0.0,0.8752,0.0,1.779990455144652e-05,107.2,0.45
3488,1790895888.5345232,-0.1177,0.0307,-0.3318,-0.0,0.0451,0.0434,0.087,0.064,0.2683,0.0437,0.0357,-0.0,0.292,0.1599,0.0,0.189,0.0,0.8752,0.202,1.7794032520415495e-05,162.7,0.49
3489,1790895888.9764044,-0.1657,0.0354,-0.2967,-0.0306,0.0832,0.0721,0.1266,0.0974,0.3416,0.0545,0.0694,-0.0,0.4011,0.3554,0.0,0.209,0.0,0.8752,0.0,1.7794032520415495e-05,213.7,0.44
3490,1790895889.4702368,-0.1658,0.0259,-0.3294,-0.0,0.0751,0.0723,0.11,0.0908,0.3753,0.0378,0.0508,0.0,0.27,0.2667,0.0,0.212,-0.0,0.8752,0.0,1.7794032520415495e-05,241.8,0.49
3491,1790895889.9338586,-0.1046,0.0329,-0.247,-0.0,0.045,0.037,0.0806,0.0565,0.2404,0.0436,0.0323,-0.0,0.2931,0.137,0.0,0.156,0.0,0.8752,0.0,1.7794032520415495e-05,114.7,0.46
3492,1790895890.4640205,-0.1334,0.0353,-0.2809,-0.0,0.0484,0.047,0.0998,0.0722,0.3064,0.0528,0.0397,-0.0,0.2849,0.1888,0.0,0.18,0.0,0.8752,0.182,1.77881536349392e-05,133.3,0.53
3493,1790895890.9021623,-0.1856,0.0345,-0.4077,-0.03,0.0903,0.0819,0.1355,0.1079,0.3888,0.0537,0.0562,0.0,0.3525,0.2805,0.0,0.237,-0.0,0.8379,0.0,1.77881536349392e-05,204.1,0.44
3494,1790895891.3506708,-0.1474,0.0313,-0.2785,-0.024,0.0634,0.0611,0.1034,0.0809,0.3324,0.0423,0.0473,-0.0,0.3029,0.2345,0.0,0.199,0.0,0.8752,0.0,1.77881536349392e-05,242.0,0.44
3495,1790895891.8210032,-0.0879,0.0227,-0.2667,-0.0,0.0368,0.0356,0.0652,0.0459,0.2098,0.0296,0.0293,-0.0,0.2333,0.1332,0.0,0.157,-0.0,0.7579,0.0,1.77881536349392e-05,132.4,0.47
3496,1790895892.3086698,-0.1646,0.0295,-0.3455,-0.0,0.0706,0.0683,0.1104,0.0893,0.3768,0.0422,0.0601,0.0,0.4985,0.268,0.0,0.232,-0.0,0.8379,0.17,1.778226790018781e-05,168.7,0.48
3497,1790895892.7687201,-0.174,0.0372,-0.3842,-0.0,0.0709,0.0699,0.1258,0.0933,0.4033,0.0559,0.0457,-0.0,0.2794,0.23,0.0,0.203,0.0,0.8752,0.0,1.778226790018781e-05,211.8,0.46
3498,1790895893.2525487,-0.2071,0.0226,-0.4474,-0.0,0.0959,0.0952,0.1261,0.1123,0.4743,0.0309,0.0597,0.0,0.2401,0.334,0.0,0.205,0.0,0.8752,0.0,1.778226790018781e-05,262.4,0.48
3499,1790895893.7414691,-0.1931,0.0553,-0.4378,-0.0,0.0771,0.0771,0.157,0.11,0.4154,0.0799,0.0556,0.0,0.2931,0.2924,0.0,0.195,-0.0,0.8752,0.0,1.778226790018781e-05,105.9,0.49
3500,1790895894.2237911,-0.1737,0.0317,-0.3374,-0.0354,0.0825,0.0813,0.1237,0.1016,0.3606,0.0424,0.0595,-0.0,0.27,0.3249,0.0,0.206,0.0,0.8752,0.176,1.7776375321337523e-05,161.6,0.48
