uid,wav_path,reference,prediction,normalized_ref,normalized_pred,norm_cer_percent,norm_wer_percent,exact_match,duration_sec
sample_00000,D:\marathi-asr\data\vistaar_benchmarks\kathbath_noisy\marathi\wavs\844424932828564-933-f.wav,१३ वर्षाची असताना तिला मिनी राष्ट्रीय बॅडमिंटन चॅम्पियनशिप जिंकली होती,तेरा वर्षांची अस्तनातीला मीनी राष्ट्रीय बाटमेंटनच्या पेलशि जिटली होती,१३ वर्षाची असताना तिला मिनी राष्ट्रीय बॅडमिंटन चॅम्पियनशिप जिंकली होती,तेरा वर्षांची अस्तनातीला मीनी राष्ट्रीय बाटमेंटनच्या पेलशि जिटली होती,34.29,80.0,0,5.29
sample_00001,D:\marathi-asr\data\vistaar_benchmarks\kathbath_noisy\marathi\wavs\844424932266749-980-f.wav,त्यामुळे रिक्षा चालकाने थेट नवी मुंबई पोलीस आयुक्तांकडे यासंदर्भात तक्रार केली,तामुळे रिक्षा चालताने ्थेट नवी मोंबईल पुलीचा एक् तमकडे या सनदर्भात तकरारली,त्यामुळे रिक्षा चालकाने थेट नवी मुंबई पोलीस आयुक्तांकडे यासंदर्भात तक्रार केली,तामुळे रिक्षा चालताने ्थेट नवी मोंबईल पुलीचा एक् तमकडे या सनदर्भात तकरारली,26.92,90.91,0,5.87
sample_00002,D:\marathi-asr\data\vistaar_benchmarks\kathbath_noisy\marathi\wavs\844424932372222-132-f.wav,हा चित्रपट वास्तववादी आणि त्याचबरोबर व्यावसायिकही आहे असं बोललं जातंय,हा चिक्रफट बास्तभादी आणि त्यास बरबर व्यवसायिकही आहे अस बोल जाते,हा चित्रपट वास्तववादी आणि त्याचबरोबर व्यावसायिकही आहे असं बोललं जातंय,हा चिक्रफट बास्तभादी आणि त्यास बरबर व्यवसायिकही आहे अस बोल जाते,20.29,80.0,0,6.92
sample_00003,D:\marathi-asr\data\vistaar_benchmarks\kathbath_noisy\marathi\wavs\844424932262362-809-f.wav,राने तयार असल्याने आता केवळ टोकण करण्याचे काम शिल्लक राहिले आहे,राणे तयार असल्याने आतककेवळ टोकन करण्याचे कम शिल्लक राहीलली आहे,राने तयार असल्याने आता केवळ टोकण करण्याचे काम शिल्लक राहिले आहे,राणे तयार असल्याने आतककेवळ टोकन करण्याचे कम शिल्लक राहीलली आहे,12.7,54.55,0,7.92
sample_00004,D:\marathi-asr\data\vistaar_benchmarks\kathbath_noisy\marathi\wavs\844424932330066-980-f.wav,दीर्घ पल्ल्याचे आलाप घेण्याची क्षमता यामुळे त्यांच्या गायनाला रसिकांची दाद मिळाली,दीर्घ पल्यांची आलाभ घेण्याचीक्षमता यामुळे त्यांच्या गायनाला रसिकांचे दाग मिळाली,दीर्घ पल्ल्याचे आलाप घेण्याची क्षमता यामुळे त्यांच्या गायनाला रसिकांची दाद मिळाली,दीर्घ पल्यांची आलाभ घेण्याचीक्षमता यामुळे त्यांच्या गायनाला रसिकांचे दाग मिळाली,9.88,54.55,0,5.48
sample_00005,D:\marathi-asr\data\vistaar_benchmarks\kathbath_noisy\marathi\wavs\844424932372246-132-f.wav,वेलिंग्टन कसोटीत भारताच्या खेळाडूंना वाऱ्यामुळे आणि उसळी घेणाऱ्या चेंडूंचा सामना करावा लागला होता,्रमिंटनकसोटी भारताच्या केाडून वार्यामुळे कसरी घेणा्या चेंदूका ामदा कराबा लागला होता,वेलिंग्टन कसोटीत भारताच्या खेळाडूंना वाऱ्यामुळे आणि उसळी घेणाऱ्या चेंडूंचा सामना करावा लागला होता,्रमिंटनकसोटी भारताच्या केाडून वार्यामुळे कसरी घेणा्या चेंदूका ामदा कराबा लागला होता,26.26,76.92,0,8.15
sample_00006,D:\marathi-asr\data\vistaar_benchmarks\kathbath_noisy\marathi\wavs\844424931570565-236-f.wav,दर अर्ध्या तासाने मुलांना डोळ्याचे व्यायाम करायला सांगायला हवेत,दर अर्ध्या काकांनी मुलांना डोळयाने व्याळाम करायला सांगायला हवे,दर अर्ध्या तासाने मुलांना डोळ्याचे व्यायाम करायला सांगायला हवेत,दर अर्ध्या काकांनी मुलांना डोळयाने व्याळाम करायला सांगायला हवे,12.7,44.44,0,5.32
sample_00007,D:\marathi-asr\data\vistaar_benchmarks\kathbath_noisy\marathi\wavs\844424930875888-954-f.wav,अशा सर्व परिस्थितीत केंद्राने आता महानगरपालिकेला या योजनेतून अनुदान देणे कमी केले आहे,शा सर्वा परिस्थितीत केंद्राने आता महानगरपाली केला या योजनेतून अनुदान देणे कमी केले आहेत,अशा सर्व परिस्थितीत केंद्राने आता महानगरपालिकेला या योजनेतून अनुदान देणे कमी केले आहे,शा सर्वा परिस्थितीत केंद्राने आता महानगरपाली केला या योजनेतून अनुदान देणे कमी केले आहेत,5.88,38.46,0,7.36
sample_00008,D:\marathi-asr\data\vistaar_benchmarks\kathbath_noisy\marathi\wavs\844424931130704-933-f.wav,पण लथीशाला शिक्षणाची खूप आवड होती आणि तिच्यात शिकण्याची जिद्द होती,फननतीशाला शिक्षणाची खूप आवड होती आणि तीच्या शेित्याची दिद्ध होते,पण लथीशाला शिक्षणाची खूप आवड होती आणि तिच्यात शिकण्याची जिद्द होती,फननतीशाला शिक्षणाची खूप आवड होती आणि तीच्या शेित्याची दिद्ध होते,19.7,54.55,0,4.97
sample_00009,D:\marathi-asr\data\vistaar_benchmarks\kathbath_noisy\marathi\wavs\844424930906986-972-f.wav,भालचंद्र कानगो त्याचे उद्घाटन करणार असून अध्यक्षस्थानी यूनियनचे राज्य अध्यक्ष सूकूमार दामले असतील,भारतंद्रकां ांचे उदगाटण करणारास अर्देश स्थानि युनियंते आज्यपेक्षा सुकमार् डामले असते,भालचंद्र कानगो त्याचे उद्घाटन करणार असून अध्यक्षस्थानी यूनियनचे राज्य अध्यक्ष सूकूमार दामले असतील,भारतंद्रकां ांचे उदगाटण करणारास अर्देश स्थानि युनियंते आज्यपेक्षा सुकमार् डामले असते,41.24,100.0,0,8.36
sample_00010,D:\marathi-asr\data\vistaar_benchmarks\kathbath_noisy\marathi\wavs\844424930875832-954-f.wav,एखाद्या कलेचं परीक्षण करण्यासाठी त्या कलेची जाण असण्यापेक्षा त्याचा अभ्यास असणं महत्त्वाचं आहे,एखादा कलेच परीक्षण करण्यासाठी त्याकलेच जान असण्यापेक्षा त्याचा अपल्यास असण महत्त्वाचो आहे,एखाद्या कलेचं परीक्षण करण्यासाठी त्या कलेची जाण असण्यापेक्षा त्याचा अभ्यास असणं महत्त्वाचं आहे,एखादा कलेच परीक्षण करण्यासाठी त्याकलेच जान असण्यापेक्षा त्याचा अपल्यास असण महत्त्वाचो आहे,10.64,61.54,0,7.31
sample_00011,D:\marathi-asr\data\vistaar_benchmarks\kathbath_noisy\marathi\wavs\844424932311883-980-f.wav,गर्भारपणात यकृताचे आजार का व कसे होऊ शकतात ते जाणून घेऊया,गरभारपरणात यकृताचे आजारका व कसे होऊ शकता ते जाणून घेवरया,गर्भारपणात यकृताचे आजार का व कसे होऊ शकतात ते जाणून घेऊया,गरभारपरणात यकृताचे आजारका व कसे होऊ शकता ते जाणून घेवरया,10.53,45.45,0,6.04
sample_00012,D:\marathi-asr\data\vistaar_benchmarks\kathbath_noisy\marathi\wavs\844424932311872-980-f.wav,जेणेकरून एक आशादायक सुरुवात होऊन लोकांचे तसेच देशातही मनोधैर्य वाढू लागेल,जेणेकरून एक आशा दयक सुरुवात होऊन लोकांचे तसेल देशातही म्हणूदरी वाढी लागेल,जेणेकरून एक आशादायक सुरुवात होऊन लोकांचे तसेच देशातही मनोधैर्य वाढू लागेल,जेणेकरून एक आशा दयक सुरुवात होऊन लोकांचे तसेल देशातही म्हणूदरी वाढी लागेल,15.07,45.45,0,5.8
sample_00013,D:\marathi-asr\data\vistaar_benchmarks\kathbath_noisy\marathi\wavs\844424931130726-933-f.wav,भाजपचे नेते आणि खासदार गोपीनाथ मुंडे यांना निवडणूक आयोगाचा दिलासा मिळाला आहे,"भाजातचे देती आणि हाजा , जोखिला मिट्ये आणा निरोंडूक अयुव पतत दिला सा मिळाला आहे",भाजपचे नेते आणि खासदार गोपीनाथ मुंडे यांना निवडणूक आयोगाचा दिलासा मिळाला आहे,भाजातचे देती आणि हाजा जोखिला मिट्ये आणा निरोंडूक अयुव पतत दिला सा मिळाला आहे,43.42,91.67,0,5.25
sample_00014,D:\marathi-asr\data\vistaar_benchmarks\kathbath_noisy\marathi\wavs\844424932337151-809-f.wav,गुढीच्या माध्यमातून स्वाती जोशी यांना सोलार एनर्जीचा वापर वाढवण्याच्या संदेश दिला आहे,गुडीच्या माध्यमातून स्वाती जशिना सोल रंजरचीचा वापर वाढवण्याचे संदेश दिला आहे,गुढीच्या माध्यमातून स्वाती जोशी यांना सोलार एनर्जीचा वापर वाढवण्याच्या संदेश दिला आहे,गुडीच्या माध्यमातून स्वाती जशिना सोल रंजरचीचा वापर वाढवण्याचे संदेश दिला आहे,18.82,50.0,0,8.82
sample_00015,D:\marathi-asr\data\vistaar_benchmarks\kathbath_noisy\marathi\wavs\844424932311898-980-f.wav,या वर्षी जानेवरी महिन्यात ताजिमा यांना हॉस्पिटलमध्ये दाखल करण्यात आलं होतं,्या वर्षी जानीवरी महिन्यात ता जिमा यांना हस्पिटव मधणू नाकर करण्यात आले िते,या वर्षी जानेवरी महिन्यात ताजिमा यांना हॉस्पिटलमध्ये दाखल करण्यात आलं होतं,्या वर्षी जानीवरी महिन्यात ता जिमा यांना हस्पिटव मधणू नाकर करण्यात आले िते,21.62,81.82,0,5.43
sample_00016,D:\marathi-asr\data\vistaar_benchmarks\kathbath_noisy\marathi\wavs\844424930557238-737-f.wav,त्यामुळे अशा प्रकारच्या तुलनेमुळे शिवरायांवर प्रेम करणाऱ्या शिवप्रेमींना राग येणे साहजिकच आहे,त्यामुळे अशा प्रकारच्या तुललेमुळे शिगर ांवा प्रेम करणा्याशिव प्रीमीण ारा केले साजिकच आही,त्यामुळे अशा प्रकारच्या तुलनेमुळे शिवरायांवर प्रेम करणाऱ्या शिवप्रेमींना राग येणे साहजिकच आहे,त्यामुळे अशा प्रकारच्या तुललेमुळे शिगर ांवा प्रेम करणा्याशिव प्रीमीण ारा केले साजिकच आही,19.15,75.0,0,7.34
sample_00017,D:\marathi-asr\data\vistaar_benchmarks\kathbath_noisy\marathi\wavs\844424932266694-980-f.wav,या स्पर्धेत पृथ्वी साव हा सातत्याने दमदार फलंदाजी करत होता,ॲास परधेत पृत्वी सावा सात त्याने दंदार फलंदाजी करत होता,या स्पर्धेत पृथ्वी साव हा सातत्याने दमदार फलंदाजी करत होता,ॲास परधेत पृत्वी सावा सात त्याने दंदार फलंदाजी करत होता,15.52,70.0,0,4.3
sample_00018,D:\marathi-asr\data\vistaar_benchmarks\kathbath_noisy\marathi\wavs\844424932311908-980-f.wav,मुंबईतील सर्वाधिक गजबजलेल्या स्थानकात छत्रपती शिवाजी महाराज टर्मिनस पाठोपाठ चर्चगेट रेल्वे स्थानकाचा समावेश होतो,मोंबईतील सर्वाधिक गस बकलेल्या ता नका क्षेत्र पतीशिवा जी महाराष स्टरमिनस पाटोपाट चरचगिटरेल्लस थानाचाचो समावेश होतो,मुंबईतील सर्वाधिक गजबजलेल्या स्थानकात छत्रपती शिवाजी महाराज टर्मिनस पाठोपाठ चर्चगेट रेल्वे स्थानकाचा समावेश होतो,मोंबईतील सर्वाधिक गस बकलेल्या ता नका क्षेत्र पतीशिवा जी महाराष स्टरमिनस पाटोपाट चरचगिटरेल्लस थानाचाचो समावेश होतो,28.57,92.86,0,8.17
sample_00019,D:\marathi-asr\data\vistaar_benchmarks\kathbath_noisy\marathi\wavs\844424931570515-236-f.wav,अमेरिकेचे परराष्ट्र मंत्री माईक पॉम्पिओ यांनी नुकतीच नरेंद्र मोदी यांची भेट घेतली होती,अमेरिकेचे पजार्मंत्री मायट पॉनपिओ यानी नुक्ती नरें्रमोदी यांची बेट घेतली होती,अमेरिकेचे परराष्ट्र मंत्री माईक पॉम्पिओ यांनी नुकतीच नरेंद्र मोदी यांची भेट घेतली होती,अमेरिकेचे पजार्मंत्री मायट पॉनपिओ यानी नुक्ती नरें्रमोदी यांची बेट घेतली होती,19.77,69.23,0,8.22
sample_00020,D:\marathi-asr\data\vistaar_benchmarks\kathbath_noisy\marathi\wavs\844424931570521-236-f.wav,गणपतीने १ तास २७ मिनिटे व ३३ सेकंद वेळ नोंदविली,गणपतीने एक ास तत्तावि मिलिटे व तेथी से कंदवेळ नोंदविली,गणपतीने १ तास २७ मिनिटे व ३३ सेकंद वेळ नोंदविली,गणपतीने एक ास तत्तावि मिलिटे व तेथी से कंदवेळ नोंदविली,36.17,70.0,0,5.99
sample_00021,D:\marathi-asr\data\vistaar_benchmarks\kathbath_noisy\marathi\wavs\844424932823401-715-f.wav,मलिष्काने गेल्या वर्षी उपहासात्मक गाण्यातून बीएमसीवर निशाणा साधला होता,मरीश्काणे गेल्या वर्षी उपासात मकाण्यातून बियन.सी वर णिशान साधला होता,मलिष्काने गेल्या वर्षी उपहासात्मक गाण्यातून बीएमसीवर निशाणा साधला होता,मरीश्काणे गेल्या वर्षी उपासात मकाण्यातून बियन सी वर णिशान साधला होता,22.86,77.78,0,5.85
sample_00022,D:\marathi-asr\data\vistaar_benchmarks\kathbath_noisy\marathi\wavs\844424930557240-737-f.wav,पहिली गोष्ट मला खात्री आहे की मी संस्थात्मक उद्दीष्ट्यांना मार्केटिंगसाठी काम करतो,पहिली गोष्टा मला खात्री आहे की वे संस्थात्माक उद्दिष्टांना मार्केटिंगसाठी काम करतो,पहिली गोष्ट मला खात्री आहे की मी संस्थात्मक उद्दीष्ट्यांना मार्केटिंगसाठी काम करतो,पहिली गोष्टा मला खात्री आहे की वे संस्थात्माक उद्दिष्टांना मार्केटिंगसाठी काम करतो,8.54,33.33,0,6.78
sample_00023,D:\marathi-asr\data\vistaar_benchmarks\kathbath_noisy\marathi\wavs\844424930906948-972-f.wav,आता या कामात पालकमंत्री सुभाष देसाई यांनी लक्ष घातले आहे,आतात याकामात पालक मंत्री सुभाश देसाय याणे लक्ष घातल्े आहे,आता या कामात पालकमंत्री सुभाष देसाई यांनी लक्ष घातले आहे,आतात याकामात पालक मंत्री सुभाश देसाय याणे लक्ष घातल्े आहे,16.07,80.0,0,5.34
sample_00024,D:\marathi-asr\data\vistaar_benchmarks\kathbath_noisy\marathi\wavs\844424930557225-737-f.wav,अमेरिकेचे राष्ट्राध्यक्ष डोनाल्ड ट्रम्प दोन दिवसांच्या हिंदुस्थानच्या दौऱयावर आहेत,अमेडिकेचे जास्रात दर्शळ डोनांडरा दोन दिवसांचाही दुस्तांच्या दवल्यावर आहेत,अमेरिकेचे राष्ट्राध्यक्ष डोनाल्ड ट्रम्प दोन दिवसांच्या हिंदुस्थानच्या दौऱयावर आहेत,अमेडिकेचे जास्रात दर्शळ डोनांडरा दोन दिवसांचाही दुस्तांच्या दवल्यावर आहेत,34.94,77.78,0,6.13
sample_00025,D:\marathi-asr\data\vistaar_benchmarks\kathbath_noisy\marathi\wavs\844424930875851-954-f.wav,त्यांनी मला सांगितले की ऑफीस टायमिंग संपले आहे आणि दूतावास बंद करण्याची वेळ झाली आहे,त्यानी मला सांगितले की हॉफेस टेरमेंट संपले आहे आणि दुताबाच बंद करण्याची वेळ झाली आहे,त्यांनी मला सांगितले की ऑफीस टायमिंग संपले आहे आणि दूतावास बंद करण्याची वेळ झाली आहे,त्यानी मला सांगितले की हॉफेस टेरमेंट संपले आहे आणि दुताबाच बंद करण्याची वेळ झाली आहे,13.1,26.67,0,6.64
sample_00026,D:\marathi-asr\data\vistaar_benchmarks\kathbath_noisy\marathi\wavs\844424931570541-236-f.wav,त्यामुळे पुरस्कार प्राप्त शिक्षकांना पुरस्कार मिळाले मात्र वेतनवाढ देण्यात आलेली नव्हती,त्यामुळे पुरजकार क्राप्त शिक्षकांना पुरजकार म्हणाले मत्रबेतनवाढ देण्यात आणेली नव्ती,त्यामुळे पुरस्कार प्राप्त शिक्षकांना पुरस्कार मिळाले मात्र वेतनवाढ देण्यात आलेली नव्हती,त्यामुळे पुरजकार क्राप्त शिक्षकांना पुरजकार म्हणाले मत्रबेतनवाढ देण्यात आणेली नव्ती,14.94,72.73,0,7.41
sample_00027,D:\marathi-asr\data\vistaar_benchmarks\kathbath_noisy\marathi\wavs\844424931130670-933-f.wav,मात्र आतापर्यंत नवी मुंबईत उभ्या राहिलेल्या कोणत्याच मोठ्या प्रकल्पाला त्यांचे नाव देण्यात आलेले नाही,मात राआतापर्यंत नवीनमुंबई त उ्या आयलेल्या कोणत्या छो्याप्रकल्पाचे त्यांचे नाव देण्यात आलेले नाही,मात्र आतापर्यंत नवी मुंबईत उभ्या राहिलेल्या कोणत्याच मोठ्या प्रकल्पाला त्यांचे नाव देण्यात आलेले नाही,मात राआतापर्यंत नवीनमुंबई त उ्या आयलेल्या कोणत्या छो्याप्रकल्पाचे त्यांचे नाव देण्यात आलेले नाही,14.85,64.29,0,5.92
sample_00028,D:\marathi-asr\data\vistaar_benchmarks\kathbath_noisy\marathi\wavs\844424932311873-980-f.wav,दर दिवाळी ला बाई सगळ्यांना त्याच्या घरी भोजनाचे आमंत्रण देत,दरदिवाडीला बाई सध्ळ्यांना त्यांच्या घरीब भोजणाचे अमंत्रण देत,दर दिवाळी ला बाई सगळ्यांना त्याच्या घरी भोजनाचे आमंत्रण देत,दरदिवाडीला बाई सध्ळ्यांना त्यांच्या घरीब भोजणाचे अमंत्रण देत,15.25,80.0,0,4.43
sample_00029,D:\marathi-asr\data\vistaar_benchmarks\kathbath_noisy\marathi\wavs\844424930573313-737-f.wav,हत्या झालेल्या दोघीही सख्ख्या बहिणी असून आशा पाठक आणि उषा पाठक,खता झालेल्या जोनी ही स्त्या घेळी असून आशा काटकाआणि उशा पाठत,हत्या झालेल्या दोघीही सख्ख्या बहिणी असून आशा पाठक आणि उषा पाठक,खता झालेल्या जोनी ही स्त्या घेळी असून आशा काटकाआणि उशा पाठत,27.42,81.82,0,5.11
sample_00030,D:\marathi-asr\data\vistaar_benchmarks\kathbath_noisy\marathi\wavs\844424931570531-236-f.wav,पोलिसांना रेल्वेच्या नकाशाबरोबर अनेक पासपोर्ट आणि इतर साहित्य मिळाले,पोलितांना रेलवेच्या नकाशा बरोबर अनेक पासपोट आणि इतर साहित्य मिळाले,पोलिसांना रेल्वेच्या नकाशाबरोबर अनेक पासपोर्ट आणि इतर साहित्य मिळाले,पोलितांना रेलवेच्या नकाशा बरोबर अनेक पासपोट आणि इतर साहित्य मिळाले,7.35,55.56,0,6.8
sample_00031,D:\marathi-asr\data\vistaar_benchmarks\kathbath_noisy\marathi\wavs\844424930557214-737-f.wav,मागील वर्षीपेक्षा यावर्षी काही प्रमाणात मूर्तींची मागणी वाढल्याचे मूर्तिकारांतून सांगण्यात आले,मागील मर्षीपेक्षा यावर्षी काही प्रमाणात मुरतींची मागणी वाढल्याचे मोतीकालणतन सांगण्यात आले,मागील वर्षीपेक्षा यावर्षी काही प्रमाणात मूर्तींची मागणी वाढल्याचे मूर्तिकारांतून सांगण्यात आले,मागील मर्षीपेक्षा यावर्षी काही प्रमाणात मुरतींची मागणी वाढल्याचे मोतीकालणतन सांगण्यात आले,11.7,27.27,0,8.06
sample_00032,D:\marathi-asr\data\vistaar_benchmarks\kathbath_noisy\marathi\wavs\844424932372226-132-f.wav,महाराष्ट्र युवक काँग्रेसचे अध्यक्ष सत्यजित तांबे यांनी अर्णब विरोधात संगमनेर येथे तक्रार दिली,"महाराष्ट्र यिंव क्हरेस्े त्यक्ष सत्यची,तम बे यानी अ्ड विरोतात संकमनेरेथे तक्रार दिली",महाराष्ट्र युवक काँग्रेसचे अध्यक्ष सत्यजित तांबे यांनी अर्णब विरोधात संगमनेर येथे तक्रार दिली,महाराष्ट्र यिंव क्हरेस्े त्यक्ष सत्यची तम बे यानी अ्ड विरोतात संकमनेरेथे तक्रार दिली,24.73,76.92,0,7.31
sample_00033,D:\marathi-asr\data\vistaar_benchmarks\kathbath_noisy\marathi\wavs\844424932337176-809-f.wav,हा सगळा प्रकार संतापजनक असून पालकांवर अन्याय होत आहे,हासगळा प्रकार संता चनत असून पालकावर अन्नाय होत आहे,हा सगळा प्रकार संतापजनक असून पालकांवर अन्याय होत आहे,हासगळा प्रकार संता चनत असून पालकावर अन्नाय होत आहे,11.54,66.67,0,6.69
sample_00034,D:\marathi-asr\data\vistaar_benchmarks\kathbath_noisy\marathi\wavs\844424930906931-972-f.wav,गत सात दिवसांपासून बेस्ट कर्मचार्यांचा संप सुरू असून यामुळे मुंबईकर मोठ्या प्रमाणात त्रस्त झालेले आहेत,गरसात दूसापासूं दस्टकर्मचारांचा संपसूर असून नावावे यकर मोठ्या प्रमाणात त्स्तहालूल आहेत,गत सात दिवसांपासून बेस्ट कर्मचार्यांचा संप सुरू असून यामुळे मुंबईकर मोठ्या प्रमाणात त्रस्त झालेले आहेत,गरसात दूसापासूं दस्टकर्मचारांचा संपसूर असून नावावे यकर मोठ्या प्रमाणात त्स्तहालूल आहेत,27.45,73.33,0,8.78
sample_00035,D:\marathi-asr\data\vistaar_benchmarks\kathbath_noisy\marathi\wavs\844424932311935-980-f.wav,त्याचप्रमाणे युरोपियन वर्ल्ड कप पात्रता फेरीमध्येही त्याने १५ गोल केले,प्रमाणियुरुपिन वंडकप पात्राता फेरीमध्येही त्याने पंध्राह गोली केले,त्याचप्रमाणे युरोपियन वर्ल्ड कप पात्रता फेरीमध्येही त्याने १५ गोल केले,प्रमाणियुरुपिन वंडकप पात्राता फेरीमध्येही त्याने पंध्राह गोली केले,32.86,70.0,0,4.81
sample_00036,D:\marathi-asr\data\vistaar_benchmarks\kathbath_noisy\marathi\wavs\844424930573296-737-f.wav,बहुजन आणि मागास जातींना प्रतिनिधित्व देण्यासाठी ते यादीत जातीचा उल्लेख करतात,बहुजन आणि मागात जातीं नाप्यतिनिरित्व देण्यासाठी तेया दिचजाती चाौले करतात,बहुजन आणि मागास जातींना प्रतिनिधित्व देण्यासाठी ते यादीत जातीचा उल्लेख करतात,बहुजन आणि मागात जातीं नाप्यतिनिरित्व देण्यासाठी तेया दिचजाती चाौले करतात,21.05,63.64,0,5.6
sample_00037,D:\marathi-asr\data\vistaar_benchmarks\kathbath_noisy\marathi\wavs\844424930875889-954-f.wav,मुंबई विभागीय शिक्षण मंडळातून यंदा ३ लाख ३९ हजार ६७२ विद्यार्थी बारावीच्या परीक्षेला बसले आहेत,मुंबई विभागीय शिक्षण मंडळातून यंदातीन लाख एकणचाही सहसार साशेपाततर विद्यार्थी बाराविच्या परीक्षेला बसले आहे,मुंबई विभागीय शिक्षण मंडळातून यंदा ३ लाख ३९ हजार ६७२ विद्यार्थी बारावीच्या परीक्षेला बसले आहेत,मुंबई विभागीय शिक्षण मंडळातून यंदातीन लाख एकणचाही सहसार साशेपाततर विद्यार्थी बाराविच्या परीक्षेला बसले आहे,24.47,46.67,0,10.8
sample_00038,D:\marathi-asr\data\vistaar_benchmarks\kathbath_noisy\marathi\wavs\844424932262426-809-f.wav,साइडपल्स आणि गेस्टोन सारख्या आतील अवयवांना शरीराच्या तणाव आणि विरोधासाठी सर्वोत्तम कार्य करण्याची आवश्यकता असते,साइटपस आणि हेकटॉंसारख्या अतिलब्यांना शर्वेच्या तना आणि विरधासाठी सरक्त पार्य करण्याची आवश्यकता असते,साइडपल्स आणि गेस्टोन सारख्या आतील अवयवांना शरीराच्या तणाव आणि विरोधासाठी सर्वोत्तम कार्य करण्याची आवश्यकता असते,साइटपस आणि हेकटॉंसारख्या अतिलब्यांना शर्वेच्या तना आणि विरधासाठी सरक्त पार्य करण्याची आवश्यकता असते,24.32,66.67,0,10.03
sample_00039,D:\marathi-asr\data\vistaar_benchmarks\kathbath_noisy\marathi\wavs\844424931570604-236-f.wav,सध्या तलाठी पदाची निवड जिल्हा निवड मंडळामार्फत केली जाते,सध्यातलाटी पदाची निवड जिल्ला निवड मंडळा मार्फत केली जाते,सध्या तलाठी पदाची निवड जिल्हा निवड मंडळामार्फत केली जाते,सध्यातलाटी पदाची निवड जिल्ला निवड मंडळा मार्फत केली जाते,7.14,55.56,0,4.97
sample_00040,D:\marathi-asr\data\vistaar_benchmarks\kathbath_noisy\marathi\wavs\844424930557246-737-f.wav,साजूक तुपामधील गोडधोड लाडवापासून तेलामध्ये खरपूस तळलेल्या चकल्यांपर्यंत फराळाला मुंबईकरांची पंसती असतेच,साजू तुपामधील गोदो लाडवापासून तेलामध्ये खरपूुस्त लेला चप्लांपर्यंत पर्यायला मोबाई करांची पसंती असते,साजूक तुपामधील गोडधोड लाडवापासून तेलामध्ये खरपूस तळलेल्या चकल्यांपर्यंत फराळाला मुंबईकरांची पंसती असतेच,साजू तुपामधील गोदो लाडवापासून तेलामध्ये खरपूुस्त लेला चप्लांपर्यंत पर्यायला मोबाई करांची पसंती असते,22.33,83.33,0,8.8
sample_00041,D:\marathi-asr\data\vistaar_benchmarks\kathbath_noisy\marathi\wavs\844424932828558-933-f.wav,सध्या या कार्यक्रमासाठी जवानांचा जोरदार सराव सुरू असून जवान दिवस रात्र मेहनत घेत आहेत,सध्या या कार्यकमासाठी जवाणांचा जोदा सरासुर्वसून जवाणदिवासरात्र मेनत गेत आहेत,सध्या या कार्यक्रमासाठी जवानांचा जोरदार सराव सुरू असून जवान दिवस रात्र मेहनत घेत आहेत,सध्या या कार्यकमासाठी जवाणांचा जोदा सरासुर्वसून जवाणदिवासरात्र मेनत गेत आहेत,18.82,78.57,0,6.76
sample_00042,D:\marathi-asr\data\vistaar_benchmarks\kathbath_noisy\marathi\wavs\844424930902762-715-f.wav,देवेंद्र फडणवीस यांना बोलावून एकदा बैठक घेण्याचं नाटक सरकारने केलं,देवेंद्रा फळंविस यांना बलावन एकदा वेैटक घेण्याचा नाटक सरकारना केलं,देवेंद्र फडणवीस यांना बोलावून एकदा बैठक घेण्याचं नाटक सरकारने केलं,देवेंद्रा फळंविस यांना बलावन एकदा वेैटक घेण्याचा नाटक सरकारना केलं,16.67,60.0,0,5.27
sample_00043,D:\marathi-asr\data\vistaar_benchmarks\kathbath_noisy\marathi\wavs\844424932330018-980-f.wav,या परिस्थितीतून मार्ग काढण्यासाठी बीआरटी योजना राबविण्यात आली होती,अपरस्थितीतून मार्ग काढण्यासाठी बिअार.टी योजना रापबेण्यात आली होती,या परिस्थितीतून मार्ग काढण्यासाठी बीआरटी योजना राबविण्यात आली होती,अपरस्थितीतून मार्ग काढण्यासाठी बिअार टी योजना रापबेण्यात आली होती,16.67,55.56,0,4.88
sample_00044,D:\marathi-asr\data\vistaar_benchmarks\kathbath_noisy\marathi\wavs\844424930557262-737-f.wav,यापूर्वी गुजरात मध्येही निवडणुका झाल्यानंतर अशाच प्रकारची दरवाढ करण्यात आली होती,यापूर्वीक गुजरात मध्ये ही निभईणुका झाल्यानंतर अशास प्रकारचे दरवाढ करण्यातचाली होती,यापूर्वी गुजरात मध्येही निवडणुका झाल्यानंतर अशाच प्रकारची दरवाढ करण्यात आली होती,यापूर्वीक गुजरात मध्ये ही निभईणुका झाल्यानंतर अशास प्रकारचे दरवाढ करण्यातचाली होती,10.0,72.73,0,6.2
sample_00045,D:\marathi-asr\data\vistaar_benchmarks\kathbath_noisy\marathi\wavs\844424932330064-980-f.wav,व्हिडीओ समोर आल्यानंतर दोघींना एप्रिल महिन्यात अटक केले होते,पी.ीओ समोरआल्यानंतर दोगींनाय प्रल महिन्यातर टक केले होते,व्हिडीओ समोर आल्यानंतर दोघींना एप्रिल महिन्यात अटक केले होते,पी ीओ समोरआल्यानंतर दोगींनाय प्रल महिन्यातर टक केले होते,20.0,77.78,0,4.23
sample_00046,D:\marathi-asr\data\vistaar_benchmarks\kathbath_noisy\marathi\wavs\844424930834531-954-f.wav,आणखी धक्कादायक बाब म्हणजे हे गुन्हे करणारे आरोपी १८ ते ३० या वयोगटातील आहेत,आमखी द्का दायक बाग म्हणजे हे गुहे करणार्या आरोपी अठरा ते तीसेया वय घटातील आहेत,आणखी धक्कादायक बाब म्हणजे हे गुन्हे करणारे आरोपी १८ ते ३० या वयोगटातील आहेत,आमखी द्का दायक बाग म्हणजे हे गुहे करणार्या आरोपी अठरा ते तीसेया वय घटातील आहेत,26.67,71.43,0,6.27
sample_00047,D:\marathi-asr\data\vistaar_benchmarks\kathbath_noisy\marathi\wavs\844424932484409-573-f.wav,माहिती आणि प्रसारण मंत्री प्रकाश जावडेकर यांनी शनिवारी याची घोषणा केली,माहिती आणि प्रसारणमंत्री प्रकार ज्ावळे करी आणिषनीवारी याची गोषणा केली,माहिती आणि प्रसारण मंत्री प्रकाश जावडेकर यांनी शनिवारी याची घोषणा केली,माहिती आणि प्रसारणमंत्री प्रकार ज्ावळे करी आणिषनीवारी याची गोषणा केली,21.43,63.64,0,6.62
sample_00048,D:\marathi-asr\data\vistaar_benchmarks\kathbath_noisy\marathi\wavs\844424932311857-980-f.wav,अशी माहिती परराष्ट्र मंत्रालयाचे प्रवक्ते अनुराग श्रीवास्तव यांनी दिली,अशीमाहिती पननाष्य मंत्रालयाचे प्रवत्ते अनुराक्ष्रीवास्तव यांनी दिली,अशी माहिती परराष्ट्र मंत्रालयाचे प्रवक्ते अनुराग श्रीवास्तव यांनी दिली,अशीमाहिती पननाष्य मंत्रालयाचे प्रवत्ते अनुराक्ष्रीवास्तव यांनी दिली,14.29,66.67,0,5.83
sample_00049,D:\marathi-asr\data\vistaar_benchmarks\kathbath_noisy\marathi\wavs\844424932823412-715-f.wav,त्यातील एका धड्यात भाजप आणि शिवसेनेचे कौतुक करणारी माहिती देण्यात आली आहे,त्यातील एका दळ्यात भाज्यपाणी सिं्सेणेचे कौतू करणारी माहिती देण्यात आली आहे,त्यातील एका धड्यात भाजप आणि शिवसेनेचे कौतुक करणारी माहिती देण्यात आली आहे,त्यातील एका दळ्यात भाज्यपाणी सिं्सेणेचे कौतू करणारी माहिती देण्यात आली आहे,17.81,41.67,0,6.39
sample_00050,D:\marathi-asr\data\vistaar_benchmarks\kathbath_noisy\marathi\wavs\844424930906916-972-f.wav,लोकसभेत काँग्रेसने सपाटून मार खाल्ल्यानंतर राहुल गांधी यांनी पक्षाच्या अध्यक्षपदाचा राजीनामा दिला होता,लोकसबे कॉमरेसनेसपटून मार खाल्यानंतर रावल गांधी यांनी पक्षाच्या द्यक्षपदाचा राजीनामा दिला होता,लोकसभेत काँग्रेसने सपाटून मार खाल्ल्यानंतर राहुल गांधी यांनी पक्षाच्या अध्यक्षपदाचा राजीनामा दिला होता,लोकसबे कॉमरेसनेसपटून मार खाल्यानंतर रावल गांधी यांनी पक्षाच्या द्यक्षपदाचा राजीनामा दिला होता,13.73,46.15,0,8.29
sample_00051,D:\marathi-asr\data\vistaar_benchmarks\kathbath_noisy\marathi\wavs\844424932828540-933-f.wav,बेकायदा बांधकाम करून अनेक परप्रांतीयांना आश्रय देण्याचे काम केले जात असतानाही प्रशासन दुर्लक्ष करत असल्याच्या,बेकायदा बांकाम करून अनेक परप्रंत्रियाना आष देण्याचे काम केले जात असता नाही प्रशासन दुरलक्ष खरत असल्याच्या,बेकायदा बांधकाम करून अनेक परप्रांतीयांना आश्रय देण्याचे काम केले जात असतानाही प्रशासन दुर्लक्ष करत असल्याच्या,बेकायदा बांकाम करून अनेक परप्रंत्रियाना आष देण्याचे काम केले जात असता नाही प्रशासन दुरलक्ष खरत असल्याच्या,11.93,46.67,0,8.06
sample_00052,D:\marathi-asr\data\vistaar_benchmarks\kathbath_noisy\marathi\wavs\844424931570573-236-f.wav,सध्या येरोळ व पांढरवाडीला मोठ्या प्रमाणात पाणी टंचाईच्या संकटाला सामोरे जाण्याची वेळ आली आहे,ध्यायरोळ म पांडरवाढीला मोठ्या प्रमाणात पाणी तंतायित्या संपटाला नामळे जाण्याची व आधी आहे,सध्या येरोळ व पांढरवाडीला मोठ्या प्रमाणात पाणी टंचाईच्या संकटाला सामोरे जाण्याची वेळ आली आहे,ध्यायरोळ म पांडरवाढीला मोठ्या प्रमाणात पाणी तंतायित्या संपटाला नामळे जाण्याची व आधी आहे,19.57,64.29,0,8.59
sample_00053,D:\marathi-asr\data\vistaar_benchmarks\kathbath_noisy\marathi\wavs\844424932484419-573-f.wav,जगप्रसिद्ध लाल बीच एकपेशीय वनस्पती मुळे एक विलक्षण तेजस्वी रंग आहे,जगगतसेतगाल बीच एक पेशिय वनस्पतीमुळे एक विलक्षटे,जगप्रसिद्ध लाल बीच एकपेशीय वनस्पती मुळे एक विलक्षण तेजस्वी रंग आहे,जगगतसेतगाल बीच एक पेशिय वनस्पतीमुळे एक विलक्षटे,42.42,81.82,0,6.83
sample_00054,D:\marathi-asr\data\vistaar_benchmarks\kathbath_noisy\marathi\wavs\844424930834565-954-f.wav,हा सगळा खटाटोप टाळण्यासाठी शक्यतो पैसे देऊन खरेदी करा,हा सगळ्या खाटाटो टाळण्यासाठी शक्यतो पैशे जेऊन खरेदी करा,हा सगळा खटाटोप टाळण्यासाठी शक्यतो पैसे देऊन खरेदी करा,हा सगळ्या खाटाटो टाळण्यासाठी शक्यतो पैशे जेऊन खरेदी करा,11.32,44.44,0,5.69
sample_00055,D:\marathi-asr\data\vistaar_benchmarks\kathbath_noisy\marathi\wavs\844424932337211-809-f.wav,महाडिक हे भाजपचे तर पाटील हे काँग्रेसचे निष्ठावंत आहेत,महाडे हे भाजचे तरपाडील हे कॉव्रिसचे निष्टागंत आहेत,महाडिक हे भाजपचे तर पाटील हे काँग्रेसचे निष्ठावंत आहेत,महाडे हे भाजचे तरपाडील हे कॉव्रिसचे निष्टागंत आहेत,20.37,66.67,0,6.62
sample_00056,D:\marathi-asr\data\vistaar_benchmarks\kathbath_noisy\marathi\wavs\844424932330057-980-f.wav,विरोधी पक्षाने आज हरिभाऊ बागडेंविरोधात अविश्वासाचा प्रस्तावही दाखल केला आहे,रोनिपक्षाने आजहारी म बांगलीन विरोधात विश्वासाचा प्रस्ता वही दाखल केला आहे,विरोधी पक्षाने आज हरिभाऊ बागडेंविरोधात अविश्वासाचा प्रस्तावही दाखल केला आहे,रोनिपक्षाने आजहारी म बांगलीन विरोधात विश्वासाचा प्रस्ता वही दाखल केला आहे,24.0,80.0,0,6.06
sample_00057,D:\marathi-asr\data\vistaar_benchmarks\kathbath_noisy\marathi\wavs\844424930906921-972-f.wav,पण खॉंसाहेबांची भूमिका करणारे वसंतराव देशपांडे यांनी वेगळाच मुद्दा समोर आणला,पणक्रास्साबानची भूविक आकरणारे स्ट्रोसन सरावदेश पांड याची वेराच मुध्दा संभर आणला,पण खॉंसाहेबांची भूमिका करणारे वसंतराव देशपांडे यांनी वेगळाच मुद्दा समोर आणला,पणक्रास्साबानची भूविक आकरणारे स्ट्रोसन सरावदेश पांड याची वेराच मुध्दा संभर आणला,39.47,90.91,0,7.08
sample_00058,D:\marathi-asr\data\vistaar_benchmarks\kathbath_noisy\marathi\wavs\844424930557257-737-f.wav,यावरील सुनावणीवेळी सर्वोच्च न्यायालयाने शुक्रवारी केंद्र सरकारला नोटीस बजावली,याबरी सुनांगीवर ीिसर उचनायल्याने शुक्रवादिकींत सलकाल्यानटीस बचावली,यावरील सुनावणीवेळी सर्वोच्च न्यायालयाने शुक्रवारी केंद्र सरकारला नोटीस बजावली,याबरी सुनांगीवर ीिसर उचनायल्याने शुक्रवादिकींत सलकाल्यानटीस बचावली,40.26,100.0,0,5.99
sample_00059,D:\marathi-asr\data\vistaar_benchmarks\kathbath_noisy\marathi\wavs\844424932484422-573-f.wav,काहीवेळाने आशा सिंह यांच्या चालकानेही उपचार दरम्यान अखेरचा श्वास घेतला,कारी वेळाने आशाजेह ह याच्या च्या लाकाने उचार दरण्यांाखेच्या शास घेतला,काहीवेळाने आशा सिंह यांच्या चालकानेही उपचार दरम्यान अखेरचा श्वास घेतला,कारी वेळाने आशाजेह ह याच्या च्या लाकाने उचार दरण्यांाखेच्या शास घेतला,32.86,100.0,0,6.2
sample_00060,D:\marathi-asr\data\vistaar_benchmarks\kathbath_noisy\marathi\wavs\844424930902677-715-f.wav,तुकाराम मुंढे यांनी नाशिकच्या आयुक्तपदाचा कार्यभार हाती घेतल्यापासून पालिकेतील वादग्रस्त प्रकरणे बाहेर पडू लागली आहेत,स्तुकारांमूंडे याणी नाशिकच्या अयुक्तपदाचा कार्यबार हाती घेतल्यापासून पाली केती वादद्रस्ट प्रकरणे बाहेर पडू लागली आहेत,तुकाराम मुंढे यांनी नाशिकच्या आयुक्तपदाचा कार्यभार हाती घेतल्यापासून पालिकेतील वादग्रस्त प्रकरणे बाहेर पडू लागली आहेत,स्तुकारांमूंडे याणी नाशिकच्या अयुक्तपदाचा कार्यबार हाती घेतल्यापासून पाली केती वादद्रस्ट प्रकरणे बाहेर पडू लागली आहेत,12.82,53.33,0,9.26
sample_00061,D:\marathi-asr\data\vistaar_benchmarks\kathbath_noisy\marathi\wavs\844424930557212-737-f.wav,ऑनलाइन अर्ज करण्याची अखेरची तारीख १५ मार्च अशी आहे,ऑनलाइन अर्ज करण्याची अफची तारीख पनंधधा मासेशी आहे,ऑनलाइन अर्ज करण्याची अखेरची तारीख १५ मार्च अशी आहे,ऑनलाइन अर्ज करण्याची अफची तारीख पनंधधा मासेशी आहे,26.0,44.44,0,5.29
sample_00062,D:\marathi-asr\data\vistaar_benchmarks\kathbath_noisy\marathi\wavs\844424931570581-236-f.wav,हे सर्व मुख्यमंत्री देवेंद्र फडणवीस यांच्या आदेशानुसार होत असून,थे सर्व मुख्य मंत्री देवेंद्र फडलवी यांच्या आदेशानुचा खोत पासून,हे सर्व मुख्यमंत्री देवेंद्र फडणवीस यांच्या आदेशानुसार होत असून,थे सर्व मुख्य मंत्री देवेंद्र फडलवी यांच्या आदेशानुचा खोत पासून,14.29,77.78,0,5.83
sample_00063,D:\marathi-asr\data\vistaar_benchmarks\kathbath_noisy\marathi\wavs\844424932823347-715-f.wav,याबाबत शिवसेना खासदार अरविंद सावंत यांनी लोकसभेत आवाज उठवला,या बाबतशीय सेणा खालदार अर्वीण सामंतीय आणि लोक सगळेत आवाजु ठवल्ा,याबाबत शिवसेना खासदार अरविंद सावंत यांनी लोकसभेत आवाज उठवला,या बाबतशीय सेणा खालदार अर्वीण सामंतीय आणि लोक सगळेत आवाजु ठवल्ा,38.98,122.22,0,6.15
sample_00064,D:\marathi-asr\data\vistaar_benchmarks\kathbath_noisy\marathi\wavs\844424931130759-933-f.wav,साबीर शेख फक्त आमदार असताना कल्याणजवळच्या कोन गावातील एका चाळीत राहात होते,साबेशे फ्ता आभदार असाला कल्या जवच्या कोड गावातील एका साही ग्राहत होते,साबीर शेख फक्त आमदार असताना कल्याणजवळच्या कोन गावातील एका चाळीत राहात होते,साबेशे फ्ता आभदार असाला कल्या जवच्या कोड गावातील एका साही ग्राहत होते,24.32,75.0,0,5.25
sample_00065,D:\marathi-asr\data\vistaar_benchmarks\kathbath_noisy\marathi\wavs\844424932484377-573-f.wav,तत्काळ दाखले न मिळाल्यास तीव्र आंदोलन छेडणार असल्याचा इशारा त्यांनी दिला,पाळबाकलेन न्या स्तीवर अंधवलन चेरणार असण्याकाली दिला,तत्काळ दाखले न मिळाल्यास तीव्र आंदोलन छेडणार असल्याचा इशारा त्यांनी दिला,पाळबाकलेन न्या स्तीवर अंधवलन चेरणार असण्याकाली दिला,50.0,90.91,0,6.73
sample_00066,D:\marathi-asr\data\vistaar_benchmarks\kathbath_noisy\marathi\wavs\844424932337147-809-f.wav,१९९३ नंतर राज्यात कोणतेही नवीन धरण बाधण्यात आले नाही,र्षेत्रा्यनंतर राज्या कोणतेही नवीनधरण बारलगळाले नाही,१९९३ नंतर राज्यात कोणतेही नवीन धरण बाधण्यात आले नाही,र्षेत्रा्यनंतर राज्या कोणतेही नवीनधरण बारलगळाले नाही,36.54,77.78,0,7.41
sample_00067,D:\marathi-asr\data\vistaar_benchmarks\kathbath_noisy\marathi\wavs\844424932311929-980-f.wav,यावर धनगर आरक्षणासाठी आता राज्य मागासवर्ग आयोगाकडे जाण्याचा आवश्यकता नाही,टावरधनकरा रक्षणासाठी आता राज्य मागा सर्भा युगकणे जाण्याचा आवश्यकता नाही,यावर धनगर आरक्षणासाठी आता राज्य मागासवर्ग आयोगाकडे जाण्याचा आवश्यकता नाही,टावरधनकरा रक्षणासाठी आता राज्य मागा सर्भा युगकणे जाण्याचा आवश्यकता नाही,17.81,60.0,0,6.27
sample_00068,D:\marathi-asr\data\vistaar_benchmarks\kathbath_noisy\marathi\wavs\844424930906977-972-f.wav,शहाण्या माणसाला त्याचे वडील काही सांगत असले तर तो लक्षपूर्वक ऐकतो,शान्य माणसाला त्याचे वडील काही सांगत असले तरतो लक्षपूरवय ऐकतो,शहाण्या माणसाला त्याचे वडील काही सांगत असले तर तो लक्षपूर्वक ऐकतो,शान्य माणसाला त्याचे वडील काही सांगत असले तरतो लक्षपूरवय ऐकतो,9.23,36.36,0,5.97
sample_00069,D:\marathi-asr\data\vistaar_benchmarks\kathbath_noisy\marathi\wavs\844424932306063-980-f.wav,निवडणुकाधी झालेल्या फोडाफोडीच्या राजकारणाला राष्ट्रवादीनं न्यायालयात आव्हान दिले होते,इवडनुकाआरी झालेल्या तोडा फोळीच्या राजकारणाला राष्ट्र वादीनम्यालयात अवहान दिले होते,निवडणुकाधी झालेल्या फोडाफोडीच्या राजकारणाला राष्ट्रवादीनं न्यायालयात आव्हान दिले होते,इवडनुकाआरी झालेल्या तोडा फोळीच्या राजकारणाला राष्ट्र वादीनम्यालयात अवहान दिले होते,18.82,66.67,0,6.99
sample_00070,D:\marathi-asr\data\vistaar_benchmarks\kathbath_noisy\marathi\wavs\844424930902673-715-f.wav,आता तुम्हाला माहीत आहे एका जेवणातील प्रथिने किती शोषून घेतली जाते,आता तुम्हाला माहित आहे एका जेवण्ातील प्रतिने किती शोजून घेतली जाते ?,आता तुम्हाला माहीत आहे एका जेवणातील प्रथिने किती शोषून घेतली जाते,आता तुम्हाला माहित आहे एका जेवण्ातील प्रतिने किती शोजून घेतली जाते,6.15,36.36,0,5.04
sample_00071,D:\marathi-asr\data\vistaar_benchmarks\kathbath_noisy\marathi\wavs\844424930906919-972-f.wav,याला कारण भारतात सध्या अस्तित्वात असलेली सिमकार्ड त्यात चालणार नाहीत,याला कारण भारतात सध्या अस्किटवात असले लीसीम कार्ड त्यात चालणार नाहीत,याला कारण भारतात सध्या अस्तित्वात असलेली सिमकार्ड त्यात चालणार नाहीत,याला कारण भारतात सध्या अस्किटवात असले लीसीम कार्ड त्यात चालणार नाहीत,10.29,40.0,0,5.92
sample_00072,D:\marathi-asr\data\vistaar_benchmarks\kathbath_noisy\marathi\wavs\844424930868493-933-f.wav,सोमवारी त्यांनी दक्षिण कन्याकुमारी जिल्ह्यातील नागरकोइल येथील प्रचंड गर्दीच्या सभेला संबोधित केले,समारित अने तक्षिण करण्या कमारी जवलयातील नाय नागर कोल इती प्रचनबाजगातीच्या सविला समुदित केले,सोमवारी त्यांनी दक्षिण कन्याकुमारी जिल्ह्यातील नागरकोइल येथील प्रचंड गर्दीच्या सभेला संबोधित केले,समारित अने तक्षिण करण्या कमारी जवलयातील नाय नागर कोल इती प्रचनबाजगातीच्या सविला समुदित केले,42.27,108.33,0,8.59
sample_00073,D:\marathi-asr\data\vistaar_benchmarks\kathbath_noisy\marathi\wavs\844424930573332-737-f.wav,फुटाळा तलावावर व कृत्रिम तलावाच्या लगत निर्माल्य गोळा करण्याकरीता निर्माल्य कलशांची व्यवस्था करण्यात आली होती,टाळातलावावर्ग ृत्रेम तलाबाचालकत नेरमाल्य गोळाकरण्याकरिता नरमाल्य कलशांची व्यवस्था करणात आली होती,फुटाळा तलावावर व कृत्रिम तलावाच्या लगत निर्माल्य गोळा करण्याकरीता निर्माल्य कलशांची व्यवस्था करण्यात आली होती,टाळातलावावर्ग ृत्रेम तलाबाचालकत नेरमाल्य गोळाकरण्याकरिता नरमाल्य कलशांची व्यवस्था करणात आली होती,18.35,73.33,0,8.5
sample_00074,D:\marathi-asr\data\vistaar_benchmarks\kathbath_noisy\marathi\wavs\844424932311927-980-f.wav,उच्च तापमान उघड तेव्हा चीप ऑक्सिजन च्या प्रवेश न धुमसणे हळू सुरू,मच्य कापय नललप्वाची पॉक्सिजनच्या प्रवेशन धुमसनी ह,उच्च तापमान उघड तेव्हा चीप ऑक्सिजन च्या प्रवेश न धुमसणे हळू सुरू,मच्य कापय नललप्वाची पॉक्सिजनच्या प्रवेशन धुमसनी ह,45.31,100.0,0,6.32
sample_00075,D:\marathi-asr\data\vistaar_benchmarks\kathbath_noisy\marathi\wavs\844424930906947-972-f.wav,ही बाब लक्षात घेऊन डांबराला पर्याय असलेले तंत्रज्ञान महापालिकेकडून उपलब्ध करण्यावर भर दिला जात आहे,हिवा डांमडाला पर्या असलेले तंत्रज्ञांनमापालिकेकडून उपलब्ध करण्यावर कलकत आहे,ही बाब लक्षात घेऊन डांबराला पर्याय असलेले तंत्रज्ञान महापालिकेकडून उपलब्ध करण्यावर भर दिला जात आहे,हिवा डांमडाला पर्या असलेले तंत्रज्ञांनमापालिकेकडून उपलब्ध करण्यावर कलकत आहे,31.63,73.33,0,7.89
sample_00076,D:\marathi-asr\data\vistaar_benchmarks\kathbath_noisy\marathi\wavs\844424930906954-972-f.wav,प्रत्येक श्रेणीत तीन विजेत्यांना रोख रकमेची पारितोषिके दिली जाणार आहेत,प्रत्येक श्रमितीन विजिटना रोग रजमेची पारत शिते केली जाणा आहेत,प्रत्येक श्रेणीत तीन विजेत्यांना रोख रकमेची पारितोषिके दिली जाणार आहेत,प्रत्येक श्रमितीन विजिटना रोग रजमेची पारत शिते केली जाणा आहेत,28.57,80.0,0,5.64
sample_00077,D:\marathi-asr\data\vistaar_benchmarks\kathbath_noisy\marathi\wavs\844424932266747-980-f.wav,कर्णधार विराट कोहली आणि टीम इंडियाच्या खेळाडूंनी याबाबत केलेल्या मागणीला बीसीसीआयने परवानगी दिली आहे,कर्नदर विराट कोनी आणि टी मेंड्याच्या खेडा डून याबाबत केलेल्या मांगणी लाभदीससीयने परवानगी दिली आहे,कर्णधार विराट कोहली आणि टीम इंडियाच्या खेळाडूंनी याबाबत केलेल्या मागणीला बीसीसीआयने परवानगी दिली आहे,कर्नदर विराट कोनी आणि टी मेंड्याच्या खेडा डून याबाबत केलेल्या मांगणी लाभदीससीयने परवानगी दिली आहे,19.0,57.14,0,7.22
sample_00078,D:\marathi-asr\data\vistaar_benchmarks\kathbath_noisy\marathi\wavs\844424931570525-236-f.wav,आम्हाला खात्री आहे की काही टिपा आपल्या अपार्टमेंटला नक्कीच अनुरूप असतील,आम्हाला खाते आहे की काही टिवा आपल्या आपार्टमेंटला म्कीच अनरुप असते,आम्हाला खात्री आहे की काही टिपा आपल्या अपार्टमेंटला नक्कीच अनुरूप असतील,आम्हाला खाते आहे की काही टिवा आपल्या आपार्टमेंटला म्कीच अनरुप असते,15.49,54.55,0,6.64
sample_00079,D:\marathi-asr\data\vistaar_benchmarks\kathbath_noisy\marathi\wavs\844424930557229-737-f.wav,छ्ळणार्या विचारांपासून सुटका करुन घेण्याचा तो एकच मार्ग होता,शळणा्या विच्चारांपासून शुटकांपरून देण्यासाचो एकच मार्क होता,छ्ळणार्या विचारांपासून सुटका करुन घेण्याचा तो एकच मार्ग होता,शळणा्या विच्चारांपासून शुटकांपरून देण्यासाचो एकच मार्क होता,23.33,77.78,0,5.13
sample_00080,D:\marathi-asr\data\vistaar_benchmarks\kathbath_noisy\marathi\wavs\844424930557260-737-f.wav,शेतकऱ्यांनी चार महिने केलेली शेतीची मेहनत चांगली फळाला आली होती,शेतक्यांने चार मळिने केलेल्या शेतीचे वेढत चांगली फळाला आणि होती,शेतकऱ्यांनी चार महिने केलेली शेतीची मेहनत चांगली फळाला आली होती,शेतक्यांने चार मळिने केलेल्या शेतीचे वेढत चांगली फळाला आणि होती,20.31,60.0,0,5.46
sample_00081,D:\marathi-asr\data\vistaar_benchmarks\kathbath_noisy\marathi\wavs\844424932266738-980-f.wav,त्यांनी हे पुस्तक वस्तुनिष्ठदृष्टया लिहिले असते तर कदाचित अधिक प्रभावी ठरले असते,तांनी तस्तत वस्तू निष्टकृष्टा लेल्य असते तरकारदाची गधिक प्रभावी भारले असतो,त्यांनी हे पुस्तक वस्तुनिष्ठदृष्टया लिहिले असते तर कदाचित अधिक प्रभावी ठरले असते,तांनी तस्तत वस्तू निष्टकृष्टा लेल्य असते तरकारदाची गधिक प्रभावी भारले असतो,33.75,83.33,0,5.97
sample_00082,D:\marathi-asr\data\vistaar_benchmarks\kathbath_noisy\marathi\wavs\844424932372173-132-f.wav,देशाच्या सीमेचे रक्षण करण्यासाठी थापड यांनी आपली जिवाची बाजी लावली,देशाच्या सेमेच्या रक्षण कारण्यासाठी थापड घ्याणे आपली जीवाची भाजी लावली,देशाच्या सीमेचे रक्षण करण्यासाठी थापड यांनी आपली जिवाची बाजी लावली,देशाच्या सेमेच्या रक्षण कारण्यासाठी थापड घ्याणे आपली जीवाची भाजी लावली,18.18,50.0,0,6.27
sample_00083,D:\marathi-asr\data\vistaar_benchmarks\kathbath_noisy\marathi\wavs\844424930573349-737-f.wav,कंपनीला डिसेंबरमध्ये आयफोन विक्रीतून ५६ अब्ज डॉलरचे उत्पन्न मिळाल्याचे कुक यांनी सांगितले,कंपनीला रिसेदलमध्ये आयपण विक्रीतून छपनंन अप्य डॉल्से उत्पन्न मिळाण्याचे कोपक्यांने सांगितले,कंपनीला डिसेंबरमध्ये आयफोन विक्रीतून ५६ अब्ज डॉलरचे उत्पन्न मिळाल्याचे कुक यांनी सांगितले,कंपनीला रिसेदलमध्ये आयपण विक्रीतून छपनंन अप्य डॉल्से उत्पन्न मिळाण्याचे कोपक्यांने सांगितले,23.6,66.67,0,7.22
sample_00084,D:\marathi-asr\data\vistaar_benchmarks\kathbath_noisy\marathi\wavs\844424932372181-132-f.wav,कधी कोणत्या ना कोणत्या कारणावरून तिला खावा लागणारा ओरडाही तिचं मन दुखावणाराच असू शकतो,कधी कोणत्या णा कोणत्या काळावरून तिला खावा लागणारा आवड आही तिच ममार असू शकतो?,कधी कोणत्या ना कोणत्या कारणावरून तिला खावा लागणारा ओरडाही तिचं मन दुखावणाराच असू शकतो,कधी कोणत्या णा कोणत्या काळावरून तिला खावा लागणारा आवड आही तिच ममार असू शकतो,21.18,42.86,0,7.08
sample_00085,D:\marathi-asr\data\vistaar_benchmarks\kathbath_noisy\marathi\wavs\844424932330020-980-f.wav,पुणे जिल्हय़ातील दौंड व इंदापूरमध्ये अवकाळी पावसामुळे पिकांचे नुकसान झाले आहे,पुरेदीलधातील दोौड पईंदापूरमध्ये काळी पावसामुळे पिकांचे नुकसान झाले आहे,पुणे जिल्हय़ातील दौंड व इंदापूरमध्ये अवकाळी पावसामुळे पिकांचे नुकसान झाले आहे,पुरेदीलधातील दोौड पईंदापूरमध्ये काळी पावसामुळे पिकांचे नुकसान झाले आहे,19.48,54.55,0,5.11
sample_00086,D:\marathi-asr\data\vistaar_benchmarks\kathbath_noisy\marathi\wavs\844424931130682-933-f.wav,पोलीस कडे तोडून ते एकमेकांच्या अंगावर धावून जाण्याचे प्रयत्न सुरू होते,फोलिस्पडे तोडून ते एक मिकांच्या अंगावात हाू झाल्याचे क्रयत्न सुरू होते,पोलीस कडे तोडून ते एकमेकांच्या अंगावर धावून जाण्याचे प्रयत्न सुरू होते,फोलिस्पडे तोडून ते एक मिकांच्या अंगावात हाू झाल्याचे क्रयत्न सुरू होते,20.0,72.73,0,4.95
sample_00087,D:\marathi-asr\data\vistaar_benchmarks\kathbath_noisy\marathi\wavs\844424932372163-132-f.wav,या व्यतिरिक्त पवारांनी मराठा आरक्षणावर काहीच भाष्य केलं नाही,या प्यतिरिक्त फवाररनी बरा ठा रक्षणावर काहीच भार्क केलेत आाहे,या व्यतिरिक्त पवारांनी मराठा आरक्षणावर काहीच भाष्य केलं नाही,या प्यतिरिक्त फवाररनी बरा ठा रक्षणावर काहीच भार्क केलेत आाहे,21.67,88.89,0,5.78
sample_00088,D:\marathi-asr\data\vistaar_benchmarks\kathbath_noisy\marathi\wavs\844424930557199-737-f.wav,रणबीर या शोमध्ये आला तर त्याची ही छोट्या पडद्यावरील पहिलीच एंट्री असेल,रंबीड या शोमध्ये आला तर त्याचीही छोटा पाट्यावरील पाहिले सेंट्रि असे,रणबीर या शोमध्ये आला तर त्याची ही छोट्या पडद्यावरील पहिलीच एंट्री असेल,रंबीड या शोमध्ये आला तर त्याचीही छोटा पाट्यावरील पाहिले सेंट्रि असे,20.0,66.67,0,5.87
sample_00089,D:\marathi-asr\data\vistaar_benchmarks\kathbath_noisy\marathi\wavs\844424932484370-573-f.wav,मिळणाऱ्या संधी उपलब्ध करणे आणि त्यात सुधार आणण्याची प्रत्यक्षात गरज असल्याचेही त्यांनी स्पष्ट केले,मेल्याच्या सं्री उपलब्ध करणे आणि त्याच सुधार हण्याची प्रत्यक्षता गरज असल्याजेही त्यानी स्पष्ट केले,मिळणाऱ्या संधी उपलब्ध करणे आणि त्यात सुधार आणण्याची प्रत्यक्षात गरज असल्याचेही त्यांनी स्पष्ट केले,मेल्याच्या सं्री उपलब्ध करणे आणि त्याच सुधार हण्याची प्रत्यक्षता गरज असल्याजेही त्यानी स्पष्ट केले,15.15,50.0,0,7.24
sample_00090,D:\marathi-asr\data\vistaar_benchmarks\kathbath_noisy\marathi\wavs\844424931218208-933-f.wav,राजनीतीच्या सशक्त कथेमुळेच हा चित्रपट स्वीकारल्याचे कतरीनाचे म्हणणे आहे,राजज निधीच्या शशकतक्थेमुळेच हा चित्र पटस्वीतारल्याचे कत्रिनाचे मनणे आहे,राजनीतीच्या सशक्त कथेमुळेच हा चित्रपट स्वीकारल्याचे कतरीनाचे म्हणणे आहे,राजज निधीच्या शशकतक्थेमुळेच हा चित्र पटस्वीतारल्याचे कत्रिनाचे मनणे आहे,22.54,77.78,0,6.01
sample_00091,D:\marathi-asr\data\vistaar_benchmarks\kathbath_noisy\marathi\wavs\844424931570556-236-f.wav,याने त्रस्त होऊन हे शेतकरी आता कंपनीच्या दारातच आंदोलनाला बसले आहेत,यानेत्रत्तवोळ ही शेतकरी आता कंपनीच्या दारातच आंदोलनाला बसले आहेत,याने त्रस्त होऊन हे शेतकरी आता कंपनीच्या दारातच आंदोलनाला बसले आहेत,यानेत्रत्तवोळ ही शेतकरी आता कंपनीच्या दारातच आंदोलनाला बसले आहेत,10.45,36.36,0,6.5
sample_00092,D:\marathi-asr\data\vistaar_benchmarks\kathbath_noisy\marathi\wavs\844424932828578-933-f.wav,या हेअर पॅकचा नियमित योग्य वापर केल्यास टाळूला येणारी खाज आणि अन्य समस्या दूर होतील,या हेरा टॅक्का नियमित योग्य वापर केल्या काळला येणारी खाज आणि अन्य समस्या दूर वह आहे,या हेअर पॅकचा नियमित योग्य वापर केल्यास टाळूला येणारी खाज आणि अन्य समस्या दूर होतील,या हेरा टॅक्का नियमित योग्य वापर केल्या काळला येणारी खाज आणि अन्य समस्या दूर वह आहे,15.66,40.0,0,6.18
sample_00093,D:\marathi-asr\data\vistaar_benchmarks\kathbath_noisy\marathi\wavs\844424930557228-737-f.wav,बुवाचे वाठार येथील महादेव सखाराम चौगुले यांना दीड एकर शेतजमीन आहे,गुवाचे वाठारेये तेल महा्यव सखरण संगुले याना दिरएक शेत जमीन आही,बुवाचे वाठार येथील महादेव सखाराम चौगुले यांना दीड एकर शेतजमीन आहे,गुवाचे वाठारेये तेल महा्यव सखरण संगुले याना दिरएक शेत जमीन आही,29.23,100.0,0,6.13
sample_00094,D:\marathi-asr\data\vistaar_benchmarks\kathbath_noisy\marathi\wavs\844424932823335-715-f.wav,त्यामुळे लग्नातील खर्चामध्ये कपात करणे किंवा वैध मार्गांनं कर्ज घेणे हा पर्याय त्यांच्याकडे उपलब्ध होता,सत्यामुळे लगनातील खर्चामध्ये कपात करणे किंवा वैद्य मार्गाना कर्ज घेणे हा पर्यात्यांच्याकडे उपलब्ध होता,त्यामुळे लग्नातील खर्चामध्ये कपात करणे किंवा वैध मार्गांनं कर्ज घेणे हा पर्याय त्यांच्याकडे उपलब्ध होता,सत्यामुळे लगनातील खर्चामध्ये कपात करणे किंवा वैद्य मार्गाना कर्ज घेणे हा पर्यात्यांच्याकडे उपलब्ध होता,8.74,40.0,0,8.57
sample_00095,D:\marathi-asr\data\vistaar_benchmarks\kathbath_noisy\marathi\wavs\844424932337148-809-f.wav,त्यासाठी इंडिया अगेन्स्ट करप्शननं अंतर्गत लोकपाल नियुक्त केला आहे,त्यासाठी इंडिया अकेंस गरीब्षण अंतर्गत लोक बाललक्त केला आहे,त्यासाठी इंडिया अगेन्स्ट करप्शननं अंतर्गत लोकपाल नियुक्त केला आहे,त्यासाठी इंडिया अकेंस गरीब्षण अंतर्गत लोक बाललक्त केला आहे,29.23,44.44,0,7.57
sample_00096,D:\marathi-asr\data\vistaar_benchmarks\kathbath_noisy\marathi\wavs\844424930875916-954-f.wav,या पार्श्वभूमीवर राज्यातील कॉंग्रेसमध्ये लवकरच मोठे फेरबदल होण्याची माहिती विश्वसनीय सूत्रांकडून समोर आली,या पाशव भूमिेवर राज्यातील कोंबड्येसमध्ये लवखरच मोठे फेर बद्दल होण्याची माहिती विश्वसणीय सुत्रांकडून समोर आले,या पार्श्वभूमीवर राज्यातील कॉंग्रेसमध्ये लवकरच मोठे फेरबदल होण्याची माहिती विश्वसनीय सूत्रांकडून समोर आली,या पाशव भूमिेवर राज्यातील कोंबड्येसमध्ये लवखरच मोठे फेर बद्दल होण्याची माहिती विश्वसणीय सुत्रांकडून समोर आले,16.19,69.23,0,8.38
sample_00097,D:\marathi-asr\data\vistaar_benchmarks\kathbath_noisy\marathi\wavs\844424930834544-954-f.wav,नागपंचमीच्या दिवशी येथे सरासरी दोन लाख भाविक दर्शनाला येतात,नाग पंच मीच्या दिवशी यते सहरासरी दोन लाखभारिक दर्षणाआला येतात,नागपंचमीच्या दिवशी येथे सरासरी दोन लाख भाविक दर्शनाला येतात,नाग पंच मीच्या दिवशी यते सहरासरी दोन लाखभारिक दर्षणाआला येतात,16.95,88.89,0,5.04
sample_00098,D:\marathi-asr\data\vistaar_benchmarks\kathbath_noisy\marathi\wavs\844424930906960-972-f.wav,ते अत्यंत सुपीक आहेत आणि लांब एक श्रीमंत हंगामानंतर उत्पादन वापरले गेले आहे,"एपोंत्स्पीक आाहेत , मणिलान एक्स्टिरें टकिना मणूतर उत्ाद वाताब बूल आहे",ते अत्यंत सुपीक आहेत आणि लांब एक श्रीमंत हंगामानंतर उत्पादन वापरले गेले आहे,एपोंत्स्पीक आाहेत मणिलान एक्स्टिरें टकिना मणूतर उत्ाद वाताब बूल आहे,50.67,92.31,0,6.69
sample_00099,D:\marathi-asr\data\vistaar_benchmarks\kathbath_noisy\marathi\wavs\844424932823408-715-f.wav,त्यामुळे कदाचित काहींचे घराचे स्वप्न साकार व्हायला हरकत नसावी,त्यामुळे कदाचीतकाचे घराचे स्ोपन साखार ्हयला हर्कत नसावे,त्यामुळे कदाचित काहींचे घराचे स्वप्न साकार व्हायला हरकत नसावी,त्यामुळे कदाचीतकाचे घराचे स्ोपन साखार ्हयला हर्कत नसावे,19.67,77.78,0,5.13
sample_00100,D:\marathi-asr\data\vistaar_benchmarks\kathbath_noisy\marathi\wavs\844424931570575-236-f.wav,अभिनेता सुशांतसिंह राजपूत याच्या आत्महत्येनंतर कंगना करणवर निशाणा साधला आहे,अभिनेका किशानतीन राजकेयारच्या आत महत्तेनंतर कंगनारानाव्य यिशना कारला आहे,अभिनेता सुशांतसिंह राजपूत याच्या आत्महत्येनंतर कंगना करणवर निशाणा साधला आहे,अभिनेका किशानतीन राजकेयारच्या आत महत्तेनंतर कंगनारानाव्य यिशना कारला आहे,34.67,90.0,0,7.13
sample_00101,D:\marathi-asr\data\vistaar_benchmarks\kathbath_noisy\marathi\wavs\844424930573293-737-f.wav,रिक्षांची संख्या जवळपास दुप्पट झाली असून त्याचा परिणाम व्यवसायावर झाला आहे,प्रेक्षांची संख्या जवळे पासबुक्पन झालीय सूनताचा पडिणाम व्यवसायवर झाला आहे,रिक्षांची संख्या जवळपास दुप्पट झाली असून त्याचा परिणाम व्यवसायावर झाला आहे,प्रेक्षांची संख्या जवळे पासबुक्पन झालीय सूनताचा पडिणाम व्यवसायवर झाला आहे,21.62,72.73,0,5.97
sample_00102,D:\marathi-asr\data\vistaar_benchmarks\kathbath_noisy\marathi\wavs\844424930573337-737-f.wav,नोटबंदी सारखे मनमानी निर्णय घेत मोदी सरकारने देशाचे कंबरडे मोडले आहे,नोदबंदीसार खे मधमानी निर्णय घेत मोधी सरकारने देशाचे कंपडे मोले आहे,नोटबंदी सारखे मनमानी निर्णय घेत मोदी सरकारने देशाचे कंबरडे मोडले आहे,नोदबंदीसार खे मधमानी निर्णय घेत मोधी सरकारने देशाचे कंपडे मोले आहे,11.76,54.55,0,5.57
sample_00103,D:\marathi-asr\data\vistaar_benchmarks\kathbath_noisy\marathi\wavs\844424932266664-980-f.wav,या चकमकीत दोन्ही देशांचे अनेक जवान जखमी झाल्याचे देखील म्हटले जात आहे,याचाकमकी दोन्ही देशांचे अनेक जवाण जतमी झाल्याचे देखील म्हटले जात आहे,या चकमकीत दोन्ही देशांचे अनेक जवान जखमी झाल्याचे देखील म्हटले जात आहे,याचाकमकी दोन्ही देशांचे अनेक जवाण जतमी झाल्याचे देखील म्हटले जात आहे,7.25,33.33,0,5.11
sample_00104,D:\marathi-asr\data\vistaar_benchmarks\kathbath_noisy\marathi\wavs\844424932266751-980-f.wav,कारण सत्तारुढ शिवसेनेने लोकसभेत या कायद्याच्या बाजूने मतदान केले होते,रंसत्तर शियसनेने लोकसबिद्या कायद्याच्या बाजूनीमध्दन गेले होते,कारण सत्तारुढ शिवसेनेने लोकसभेत या कायद्याच्या बाजूने मतदान केले होते,रंसत्तर शियसनेने लोकसबिद्या कायद्याच्या बाजूनीमध्दन गेले होते,27.54,80.0,0,5.9
sample_00105,D:\marathi-asr\data\vistaar_benchmarks\kathbath_noisy\marathi\wavs\844424932311847-980-f.wav,इटलीतील तोरिनो प्रांतातील उसास्को कम्यूनमधून आलेल्या आंतोनिओ आगू या इटालियनाने उसास्को शहराची स्थापना केली,इट्लिटील तोरीनोप्रांतत लोसास्को कमनी मधून आलेल्या अंत आघोया इटालियनाने ऊसाचको शहराची स्थापना केली,इटलीतील तोरिनो प्रांतातील उसास्को कम्यूनमधून आलेल्या आंतोनिओ आगू या इटालियनाने उसास्को शहराची स्थापना केली,इट्लिटील तोरीनोप्रांतत लोसास्को कमनी मधून आलेल्या अंत आघोया इटालियनाने ऊसाचको शहराची स्थापना केली,22.64,64.29,0,8.71
sample_00106,D:\marathi-asr\data\vistaar_benchmarks\kathbath_noisy\marathi\wavs\844424932484374-573-f.wav,त्यांची स्थिती काय आहे यावर लक्ष ठेवण्यासाठी उच्च न्यायालयाने पर्यावरणप्रेमींच्या मागणीवरून एक वृक्ष समिती नेमली,त्याची स्थिती काय आहे या वलतेव्यसाठी उचन्ालयाल्याहे पर्यावरण प्रेमीच्या मागरीवरून एक रिषी समेशी नि,त्यांची स्थिती काय आहे यावर लक्ष ठेवण्यासाठी उच्च न्यायालयाने पर्यावरणप्रेमींच्या मागणीवरून एक वृक्ष समिती नेमली,त्याची स्थिती काय आहे या वलतेव्यसाठी उचन्ालयाल्याहे पर्यावरण प्रेमीच्या मागरीवरून एक रिषी समेशी नि,28.57,73.33,0,9.52
sample_00107,D:\marathi-asr\data\vistaar_benchmarks\kathbath_noisy\marathi\wavs\844424931570594-236-f.wav,काही आठवड्यांपर्यंत हे जाग येणे चालू राहिले आणि मी काही कारणास्तव उदास होऊ लागलो,काही आठवड्या परल्यांचे हे जाबियणे कालूरायले आणि मी काल कारणास त दा होऊ लागलो,काही आठवड्यांपर्यंत हे जाग येणे चालू राहिले आणि मी काही कारणास्तव उदास होऊ लागलो,काही आठवड्या परल्यांचे हे जाबियणे कालूरायले आणि मी काल कारणास त दा होऊ लागलो,22.5,71.43,0,6.15
sample_00108,D:\marathi-asr\data\vistaar_benchmarks\kathbath_noisy\marathi\wavs\844424930875869-954-f.wav,याआधी रघुराम राजन यांनीही आंतरराष्ट्रीय नाणेनिधीचे प्रमुखपद भूषवले आहे,या आधिरगुरामब्राजन यांनी ही आंतरराष्ट्रीय नाने निधीचे प्रमुख्पत वुशवले आहे,याआधी रघुराम राजन यांनीही आंतरराष्ट्रीय नाणेनिधीचे प्रमुखपद भूषवले आहे,या आधिरगुरामब्राजन यांनी ही आंतरराष्ट्रीय नाने निधीचे प्रमुख्पत वुशवले आहे,20.0,88.89,0,6.76
sample_00109,D:\marathi-asr\data\vistaar_benchmarks\kathbath_noisy\marathi\wavs\844424931218201-933-f.wav,जर बोर्डवर अगदी थोडा फोड दिसला तर ते नवीनमध्ये बदलले पाहिजेत,सर बोबडावर अगदी थोडा फोड दिसला तरते नवेमये बदलले पाहिजेत,जर बोर्डवर अगदी थोडा फोड दिसला तर ते नवीनमध्ये बदलले पाहिजेत,सर बोबडावर अगदी थोडा फोड दिसला तरते नवेमये बदलले पाहिजेत,15.0,45.45,0,7.15
sample_00110,D:\marathi-asr\data\vistaar_benchmarks\kathbath_noisy\marathi\wavs\844424930902745-715-f.wav,तसेच दोघंही आपल्या कामामधून वेळात वेळ काढून मुलांना देखील पुरेसा वेळ देतात,तसेच दोगही आपल्या कामामधून वेळातवेळ कारण मुलाना देखील पुरेसावेळ देतात,तसेच दोघंही आपल्या कामामधून वेळात वेळ काढून मुलांना देखील पुरेसा वेळ देतात,तसेच दोगही आपल्या कामामधून वेळातवेळ कारण मुलाना देखील पुरेसावेळ देतात,10.81,58.33,0,5.74
sample_00111,D:\marathi-asr\data\vistaar_benchmarks\kathbath_noisy\marathi\wavs\844424932266741-980-f.wav,मात्र आता विधेयक आजच सभागृहात मांडलं जाणार असल्याचं विनोद तावडे यांनी स्पष्ट केलंय,मारतर हता विधे गाज सभागरात माडलय जाणारसल्याच विनोक तावडे याणि स्पष्ट केलंय,मात्र आता विधेयक आजच सभागृहात मांडलं जाणार असल्याचं विनोद तावडे यांनी स्पष्ट केलंय,मारतर हता विधे गाज सभागरात माडलय जाणारसल्याच विनोक तावडे याणि स्पष्ट केलंय,23.17,76.92,0,6.29
sample_00112,D:\marathi-asr\data\vistaar_benchmarks\kathbath_noisy\marathi\wavs\844424932330028-980-f.wav,शाळा आपल्याला भेटायला आणि आपल्या मुलाची मुलाखत हवी आहे,शाळा आपल्याला भेटेल आणि आपल्यामुलाचे मुलांकत हवे आहे,शाळा आपल्याला भेटायला आणि आपल्या मुलाची मुलाखत हवी आहे,शाळा आपल्याला भेटेल आणि आपल्यामुलाचे मुलांकत हवे आहे,14.81,55.56,0,4.16
sample_00113,D:\marathi-asr\data\vistaar_benchmarks\kathbath_noisy\marathi\wavs\844424931570577-236-f.wav,सहकार क्षेत्राकडे ग्रामीण तसेच कष्टकरी शेतकरी व व्यावसायिक आणि उद्योजक जोडले जातात,सकार क्षेत्राकडे ग्रामीणतचेच कष्टकरी शेतकरी व व्यावजायी आणि उद्योजक सोडले जातात,सहकार क्षेत्राकडे ग्रामीण तसेच कष्टकरी शेतकरी व व्यावसायिक आणि उद्योजक जोडले जातात,सकार क्षेत्राकडे ग्रामीणतचेच कष्टकरी शेतकरी व व्यावजायी आणि उद्योजक सोडले जातात,8.54,41.67,0,7.13
sample_00114,D:\marathi-asr\data\vistaar_benchmarks\kathbath_noisy\marathi\wavs\844424932266698-980-f.wav,चलनी नोटांप्रमाणे दिसणार्या त्या नोटा बनावट असल्याचे समोर आल्यानंतर सांगली पोलिसांनी कारवाईचा फास आवळला,चलरी नोठा प्रमाणे विसणा्याता नोटा बनावट असल्याचे समोराल्यानंतर सासानी कार्वाईचा फास आवडला,चलनी नोटांप्रमाणे दिसणार्या त्या नोटा बनावट असल्याचे समोर आल्यानंतर सांगली पोलिसांनी कारवाईचा फास आवळला,चलरी नोठा प्रमाणे विसणा्याता नोटा बनावट असल्याचे समोराल्यानंतर सासानी कार्वाईचा फास आवडला,21.36,71.43,0,8.2
sample_00115,D:\marathi-asr\data\vistaar_benchmarks\kathbath_noisy\marathi\wavs\844424932484407-573-f.wav,त्यालाच हलकं आणि छान वाटेल असं क्रिकेटरसिकांना हक्काने वाटत असे,त्याला झालन आणि चान वाटेल अस्रिक्लेटरा शिकाना हककाने वाटत असे,त्यालाच हलकं आणि छान वाटेल असं क्रिकेटरसिकांना हक्काने वाटत असे,त्याला झालन आणि चान वाटेल अस्रिक्लेटरा शिकाना हककाने वाटत असे,25.4,60.0,0,6.39
sample_00116,D:\marathi-asr\data\vistaar_benchmarks\kathbath_noisy\marathi\wavs\844424932262377-809-f.wav,मात्र या जमिनीच्या मोबदल्यात त्यांना केवळ ४ लाख रूपये देण्यात आले होते,मात्र ह्या जमिनीच्या मोबदला तांना केवळच्या लाख रुपये तेने आले होती,मात्र या जमिनीच्या मोबदल्यात त्यांना केवळ ४ लाख रूपये देण्यात आले होते,मात्र ह्या जमिनीच्या मोबदला तांना केवळच्या लाख रुपये तेने आले होती,27.14,66.67,0,8.38
sample_00117,D:\marathi-asr\data\vistaar_benchmarks\kathbath_noisy\marathi\wavs\844424932484359-573-f.wav,दुसर्या किंवा इतरांच्या कल्पनांचा दावा करणे हे वाड्ःमयचौर्य आहे,दुस्यांच्या किमा इत्रंच्या कल्पन्ाच्ा दावा कणेहीवाढ महाचारे आहे,दुसर्या किंवा इतरांच्या कल्पनांचा दावा करणे हे वाड्ःमयचौर्य आहे,दुस्यांच्या किमा इत्रंच्या कल्पन्ाच्ा दावा कणेहीवाढ महाचारे आहे,38.1,77.78,0,5.6
sample_00118,D:\marathi-asr\data\vistaar_benchmarks\kathbath_noisy\marathi\wavs\844424932311856-980-f.wav,तसेच कमी दाबाने पाणीपुरवठा होत असल्याने फक्त तळमजल्यावर जे राहतात त्यांनाच पाणी येते,तसच कमी दाबाने पाणी पुरवठा होत असल्याने फक्त तळ मजल्यावर जे रहता त्यानाच पाणी येते,तसेच कमी दाबाने पाणीपुरवठा होत असल्याने फक्त तळमजल्यावर जे राहतात त्यांनाच पाणी येते,तसच कमी दाबाने पाणी पुरवठा होत असल्याने फक्त तळ मजल्यावर जे रहता त्यानाच पाणी येते,7.14,53.85,0,6.78
sample_00119,D:\marathi-asr\data\vistaar_benchmarks\kathbath_noisy\marathi\wavs\844424930573363-737-f.wav,तुझी काय म्हणेल असं बेधडक उत्तर देत एलियानाने त्याची बोलती बंद केली,कूही काय म्हने अस बे धडा उत्ततेत एलियाणाणी त्याची गुलती बंद केली,तुझी काय म्हणेल असं बेधडक उत्तर देत एलियानाने त्याची बोलती बंद केली,कूही काय म्हने अस बे धडा उत्ततेत एलियाणाणी त्याची गुलती बंद केली,23.88,66.67,0,5.43
sample_00120,D:\marathi-asr\data\vistaar_benchmarks\kathbath_noisy\marathi\wavs\844424932330109-980-f.wav,ग्रामीण भागात तर पिकलेली करवंदे काढण्यासाठीचा आनंद काही औरच असतो,मीतागातर पिकलेली करव्षी काढण्यासाठीचा अरंद काही कयदचतो ?,ग्रामीण भागात तर पिकलेली करवंदे काढण्यासाठीचा आनंद काही औरच असतो,मीतागातर पिकलेली करव्षी काढण्यासाठीचा अरंद काही कयदचतो,31.25,70.0,0,4.81
sample_00121,D:\marathi-asr\data\vistaar_benchmarks\kathbath_noisy\marathi\wavs\844424930573315-737-f.wav,सोशल मीडिया अकाउंटला आधार कार्डाशी जोडण्याच्या खटल्याची आज सुप्रीम कोर्टात सुनावणी होणार आहे,सोषल मिळिया कांपला आधार कार्डरशी जवडण्याच्या खट्याची आज सुप्रिमकोट्या सूनधमी होणार आहे,सोशल मीडिया अकाउंटला आधार कार्डाशी जोडण्याच्या खटल्याची आज सुप्रीम कोर्टात सुनावणी होणार आहे,सोषल मिळिया कांपला आधार कार्डरशी जवडण्याच्या खट्याची आज सुप्रिमकोट्या सूनधमी होणार आहे,19.57,69.23,0,6.55
sample_00122,D:\marathi-asr\data\vistaar_benchmarks\kathbath_noisy\marathi\wavs\844424930875907-954-f.wav,चोवीस तासापेक्षा अधिक कालावधीपर्यंत त्याने कंटेनर एकाच जागेवर उभा केला,कासांपेक्षा अधिक कालावधीपर्यंतताने कंडेनार एकाच जागे रूपा केला,चोवीस तासापेक्षा अधिक कालावधीपर्यंत त्याने कंटेनर एकाच जागेवर उभा केला,कासांपेक्षा अधिक कालावधीपर्यंतताने कंडेनार एकाच जागे रूपा केला,24.29,70.0,0,5.25
sample_00123,D:\marathi-asr\data\vistaar_benchmarks\kathbath_noisy\marathi\wavs\844424931570542-236-f.wav,चेन्नई सुपर किंग्जचा कर्णधार धोनी आणि त्याचे सहकारी आयपीएलची जोरदार तयारी करत आहेत,चननाई सोपाटिंगस्चा कर्णजा ठोनी आणि त्याच्या सहकारी आपयाची जोदा तयारी करक आहेत,चेन्नई सुपर किंग्जचा कर्णधार धोनी आणि त्याचे सहकारी आयपीएलची जोरदार तयारी करत आहेत,चननाई सोपाटिंगस्चा कर्णजा ठोनी आणि त्याच्या सहकारी आपयाची जोदा तयारी करक आहेत,26.83,69.23,0,7.38
sample_00124,D:\marathi-asr\data\vistaar_benchmarks\kathbath_noisy\marathi\wavs\844424932823414-715-f.wav,परंतु याच दरम्यान एका गोविंदा पथकाने थर रचले,परंतू याज दरण्यान एका गोविंदा पत्काने रत रचले,परंतु याच दरम्यान एका गोविंदा पथकाने थर रचले,परंतू याज दरण्यान एका गोविंदा पत्काने रत रचले,15.91,62.5,0,4.9
sample_00125,D:\marathi-asr\data\vistaar_benchmarks\kathbath_noisy\marathi\wavs\844424932823342-715-f.wav,न्यायालयाच्या या निर्णयामुळेच मोबाईल कंपन्यांना ग्राहकांची आधारविषयक माहिती हटवावी लागेल,नायालयाच्या या निर्णयामुळे मोबाईल कंपन्यांना ग्राहकांची आधारविषय माहिती हठवावी लागेल,न्यायालयाच्या या निर्णयामुळेच मोबाईल कंपन्यांना ग्राहकांची आधारविषयक माहिती हटवावी लागेल,नायालयाच्या या निर्णयामुळे मोबाईल कंपन्यांना ग्राहकांची आधारविषय माहिती हठवावी लागेल,5.68,40.0,0,7.62
sample_00126,D:\marathi-asr\data\vistaar_benchmarks\kathbath_noisy\marathi\wavs\844424932823397-715-f.wav,न्यायालयाने हे आरक्षण वैध ठरवल्याने यशस्वी उमेदवारांना नियुक्ती देण्याचा मार्ग मोकळा झाला आहे,न्हादयाने हय आरक्षण वैद्य ठरवल्याने जेसिस्टी व मेद्वारान नियुक्ती केण्याचा मार्ग मोकळा झाला आहे,न्यायालयाने हे आरक्षण वैध ठरवल्याने यशस्वी उमेदवारांना नियुक्ती देण्याचा मार्ग मोकळा झाला आहे,न्हादयाने हय आरक्षण वैद्य ठरवल्याने जेसिस्टी व मेद्वारान नियुक्ती केण्याचा मार्ग मोकळा झाला आहे,20.43,53.85,0,7.2
sample_00127,D:\marathi-asr\data\vistaar_benchmarks\kathbath_noisy\marathi\wavs\844424930573359-737-f.wav,त्यामुळे या परिक्षा पुढे ढकलण्याची विनंती केंद्राला करण्यात आली आहे,त्यामुळे या प्रधीक्षा पुढे डकयण्या चीविनंती केंद्रा लाकरण्यात आली आहे,त्यामुळे या परिक्षा पुढे ढकलण्याची विनंती केंद्राला करण्यात आली आहे,त्यामुळे या प्रधीक्षा पुढे डकयण्या चीविनंती केंद्रा लाकरण्यात आली आहे,13.43,50.0,0,5.36
sample_00128,D:\marathi-asr\data\vistaar_benchmarks\kathbath_noisy\marathi\wavs\844424932330035-980-f.wav,संयुक्त राष्ट्र संघटनेने त्याला आंतरराष्ट्रीय दहशतवादी म्हणून घोषित केले आहे,संयंत्ताष्ट्रय संघटनेने तल्या आंतरराष्ट्रीय दहशत्वाद गोषित केले आहे,संयुक्त राष्ट्र संघटनेने त्याला आंतरराष्ट्रीय दहशतवादी म्हणून घोषित केले आहे,संयंत्ताष्ट्रय संघटनेने तल्या आंतरराष्ट्रीय दहशत्वाद गोषित केले आहे,23.68,60.0,0,5.99
sample_00129,D:\marathi-asr\data\vistaar_benchmarks\kathbath_noisy\marathi\wavs\844424932311891-980-f.wav,नालेसफाईच्या कामात भ्रष्टाचार झाल्याचा आरोप गटनेता गटनेता पेाटे यांनी केला,पैसो फाईच्या कामान मृष्टाच्यार झाल्याचा रो गटपीता पोटे अणी केला,नालेसफाईच्या कामात भ्रष्टाचार झाल्याचा आरोप गटनेता गटनेता पेाटे यांनी केला,पैसो फाईच्या कामान मृष्टाच्यार झाल्याचा रो गटपीता पोटे अणी केला,37.84,90.0,0,5.6
sample_00130,D:\marathi-asr\data\vistaar_benchmarks\kathbath_noisy\marathi\wavs\844424932311879-980-f.wav,परंतु विरोधी पक्षनेते उत्तम साखळकर यांनी हा ठरावच बोगस असल्याचा महासभेत गौप्यस्फोट केला,अंतु विरोदी पक्षिविते उत्तम साखड कर ्यांनी हा ठरावच मोग सुसल्याचा महासबीत गौकतेच पोट केला,परंतु विरोधी पक्षनेते उत्तम साखळकर यांनी हा ठरावच बोगस असल्याचा महासभेत गौप्यस्फोट केला,अंतु विरोदी पक्षिविते उत्तम साखड कर ्यांनी हा ठरावच मोग सुसल्याचा महासबीत गौकतेच पोट केला,24.14,84.62,0,7.5
sample_00131,D:\marathi-asr\data\vistaar_benchmarks\kathbath_noisy\marathi\wavs\844424932262390-809-f.wav,प्रियंका म्हणते अहो सचिनराव तुम्हांला पाहून काही तरी होतं,प्रियंकामध्ये अहसची द्राव तुम्हाला पाहून काहीतरी होतं,प्रियंका म्हणते अहो सचिनराव तुम्हांला पाहून काही तरी होतं,प्रियंकामध्ये अहसची द्राव तुम्हाला पाहून काहीतरी होतं,22.81,77.78,0,7.5
sample_00132,D:\marathi-asr\data\vistaar_benchmarks\kathbath_noisy\marathi\wavs\844424932372190-132-f.wav,तरतुदीएवढे काम पूर्ण केले असल्याचे कंत्राटदार सलीम शेख यांनी सांगितले,टरतुधीन यओडे काम पोड केले असल्याचे करत्राटा सलीन शे्याने सांगितले,तरतुदीएवढे काम पूर्ण केले असल्याचे कंत्राटदार सलीम शेख यांनी सांगितले,टरतुधीन यओडे काम पोड केले असल्याचे करत्राटा सलीन शे्याने सांगितले,27.54,70.0,0,5.71
sample_00133,D:\marathi-asr\data\vistaar_benchmarks\kathbath_noisy\marathi\wavs\844424930557283-737-f.wav,अशा कठीण प्रसंगात अडकलेल्या या कुटुंबाला शिवसेनेतर्फे तात्काळ मदत देण्यात आली आहे,मशांमनीन प्रसंगा तडकलेल्या ्या कुटुंबाला शिव सेले तर शे तात काय मदत देण्यात आली आहे,अशा कठीण प्रसंगात अडकलेल्या या कुटुंबाला शिवसेनेतर्फे तात्काळ मदत देण्यात आली आहे,मशांमनीन प्रसंगा तडकलेल्या ्या कुटुंबाला शिव सेले तर शे तात काय मदत देण्यात आली आहे,18.52,91.67,0,6.9
sample_00134,D:\marathi-asr\data\vistaar_benchmarks\kathbath_noisy\marathi\wavs\844424932372229-132-f.wav,इराण आणि अमेरिका यांच्यात गेल्या काही दिवसांपासून युद्धाची परिस्थिती निर्माण झाली आहे,इटण आणि अमेरि काळ यांच्यात केल्यात ाणी तिवसापासून घेताची परिस्थिती नेर्माण झाली आहे,इराण आणि अमेरिका यांच्यात गेल्या काही दिवसांपासून युद्धाची परिस्थिती निर्माण झाली आहे,इटण आणि अमेरि काळ यांच्यात केल्यात ाणी तिवसापासून घेताची परिस्थिती नेर्माण झाली आहे,18.82,66.67,0,7.24
sample_00135,D:\marathi-asr\data\vistaar_benchmarks\kathbath_noisy\marathi\wavs\844424930906966-972-f.wav,यावेळी चालकाची कधी नजर रस्त्यावर तर कधी मोबाईलवर होती,यावेळी चालकांची कधी नजारअस त्यावर तर कधी मोबाईलवर होती,यावेळी चालकाची कधी नजर रस्त्यावर तर कधी मोबाईलवर होती,यावेळी चालकांची कधी नजारअस त्यावर तर कधी मोबाईलवर होती,9.43,33.33,0,5.11
sample_00136,D:\marathi-asr\data\vistaar_benchmarks\kathbath_noisy\marathi\wavs\844424930834600-954-f.wav,ते तुमचे कर्तव्य आहे अधिकार आहेत अशा प्रकारचे उपदेश केले जातात,ते तुमचे कारत्यव्ये आहे अधिकार आहे अशे प्रकारचे उपदेश केली जातात,ते तुमचे कर्तव्य आहे अधिकार आहेत अशा प्रकारचे उपदेश केले जातात,ते तुमचे कारत्यव्ये आहे अधिकार आहे अशे प्रकारचे उपदेश केली जातात,11.29,36.36,0,5.32
sample_00137,D:\marathi-asr\data\vistaar_benchmarks\kathbath_noisy\marathi\wavs\844424932262440-809-f.wav,त्याने ४९ चेंडूत ३ षटकार आणि ९ चौकार मारले,त्याने एकोणपन्ना चेंदूध तीन शतकात आणि नवचकार मारले,त्याने ४९ चेंडूत ३ षटकार आणि ९ चौकार मारले,त्याने एकोणपन्ना चेंदूध तीन शतकात आणि नवचकार मारले,47.62,66.67,0,7.2
sample_00138,D:\marathi-asr\data\vistaar_benchmarks\kathbath_noisy\marathi\wavs\844424931130702-933-f.wav,डिलेनी उजव्या हाताने फलंदाजी करते तर उजव्या हाताने मध्यमगती गोलंदाजी करते,"डिले घे उच्या आतारे फलंदाची करते , त उज्ये हाताने बद्दल पक्ते गवलं जाजी करते",डिलेनी उजव्या हाताने फलंदाजी करते तर उजव्या हाताने मध्यमगती गोलंदाजी करते,डिले घे उच्या आतारे फलंदाची करते त उज्ये हाताने बद्दल पक्ते गवलं जाजी करते,32.88,100.0,0,5.39
sample_00139,D:\marathi-asr\data\vistaar_benchmarks\kathbath_noisy\marathi\wavs\844424930573374-737-f.wav,अशा आणीबाणीच्या प्रसंगीही वेळेवर आणि अचूक निर्णय करण्यात सामाजिक कार्यकर्त्यांचे आपत्ती व्यवस्थापन कौशल्य कामी येते,अजा आणि भाळीच्या रसानीही वेळेवर आणि अथ महिन्याकरण्यात सामाजिक कार् करत्यानते आपत्की व्यवस्थापनी पंतलल्य का णि नकले,अशा आणीबाणीच्या प्रसंगीही वेळेवर आणि अचूक निर्णय करण्यात सामाजिक कार्यकर्त्यांचे आपत्ती व्यवस्थापन कौशल्य कामी येते,अजा आणि भाळीच्या रसानीही वेळेवर आणि अथ महिन्याकरण्यात सामाजिक कार् करत्यानते आपत्की व्यवस्थापनी पंतलल्य का णि नकले,28.7,100.0,0,9.68
sample_00140,D:\marathi-asr\data\vistaar_benchmarks\kathbath_noisy\marathi\wavs\844424930875852-954-f.wav,लोकसभेत मंजूर झाल्यानंतर राज्यसभेत हे विधेयक बहुमताअभावी दोन वर्षे मंजुरीसाठी अडकले होते,टोकसबेत मजूर झाल्यानंतर रयाज सब्भयेत हे विदयक बहुता अभावी दोन वर्षमजुरीसाठी अळकली होते,लोकसभेत मंजूर झाल्यानंतर राज्यसभेत हे विधेयक बहुमताअभावी दोन वर्षे मंजुरीसाठी अडकले होते,टोकसबेत मजूर झाल्यानंतर रयाज सब्भयेत हे विदयक बहुता अभावी दोन वर्षमजुरीसाठी अळकली होते,20.45,83.33,0,8.22
sample_00141,D:\marathi-asr\data\vistaar_benchmarks\kathbath_noisy\marathi\wavs\844424932266733-980-f.wav,या बाबतीत नागरिकांनी पालिका प्रशासनाकडे तक्रार केली परंतु प्रशासनाने तात्पुरती मलपट्टी केली,वाक्तित नागरिकांनी पालिका प्रशासनाकडे तकरार केली पर्यंतू प्रशासनाने तापूर्ते मलपत्ती केली,या बाबतीत नागरिकांनी पालिका प्रशासनाकडे तक्रार केली परंतु प्रशासनाने तात्पुरती मलपट्टी केली,वाक्तित नागरिकांनी पालिका प्रशासनाकडे तकरार केली पर्यंतू प्रशासनाने तापूर्ते मलपत्ती केली,18.68,50.0,0,7.13
sample_00142,D:\marathi-asr\data\vistaar_benchmarks\kathbath_noisy\marathi\wavs\844424931570523-236-f.wav,यामुळे शिवसेनेने मोदी मंत्रिमंडळातून आपल्या एकमेव मंत्र्याचा राजीनामा दिला आहे,यामुळे शि सेनेने मोदी मंत्री मंडळातून आपल्या एकमेव मंत्रा कराजीनमा दिला आहे,यामुळे शिवसेनेने मोदी मंत्रिमंडळातून आपल्या एकमेव मंत्र्याचा राजीनामा दिला आहे,यामुळे शि सेनेने मोदी मंत्री मंडळातून आपल्या एकमेव मंत्रा कराजीनमा दिला आहे,11.54,60.0,0,7.66
sample_00143,D:\marathi-asr\data\vistaar_benchmarks\kathbath_noisy\marathi\wavs\844424932484397-573-f.wav,मुंबईतल्या पाच जणांचा तीन जून रोजी रत्नागिरीतील आरेवारे समुद्र किनाऱयावर बुडून मृत्यू झाला होता,मोबईसल्या पाच जाणाचतीन जोन भजी रतना गिरितील आरेबरे समुद्र किना्यावर बोडून वित्तू झाता होता,मुंबईतल्या पाच जणांचा तीन जून रोजी रत्नागिरीतील आरेवारे समुद्र किनाऱयावर बुडून मृत्यू झाला होता,मोबईसल्या पाच जाणाचतीन जोन भजी रतना गिरितील आरेबरे समुद्र किना्यावर बोडून वित्तू झाता होता,22.92,78.57,0,9.29
sample_00144,D:\marathi-asr\data\vistaar_benchmarks\kathbath_noisy\marathi\wavs\844424930868428-933-f.wav,ही पाणी गळती थांबविण्यासाठी महापालिकेकडून त्वरीत दुरुस्तीचे काम हाती घेण्यात आले,पणी नोगे थांबळविण्यासाठी महा मादेतेकडून परि दरिसेचे काम खाते घेल्या ाआग,ही पाणी गळती थांबविण्यासाठी महापालिकेकडून त्वरीत दुरुस्तीचे काम हाती घेण्यात आले,पणी नोगे थांबळविण्यासाठी महा मादेतेकडून परि दरिसेचे काम खाते घेल्या ाआग,38.75,90.91,0,6.71
sample_00145,D:\marathi-asr\data\vistaar_benchmarks\kathbath_noisy\marathi\wavs\844424931570537-236-f.wav,१९२५ साली हार्बर मार्गावर ४ डब्यांची चालवण्यात आलेली लोकल १२ डब्यांच्या मार्गावर आहे,इक्रीचे पंतरी चाली हरबर मारगावर चार्डअबँकी चालवण्यात आहेलो बाराड अफल्याच्या मातावर आहे,१९२५ साली हार्बर मार्गावर ४ डब्यांची चालवण्यात आलेली लोकल १२ डब्यांच्या मार्गावर आहे,इक्रीचे पंतरी चाली हरबर मारगावर चार्डअबँकी चालवण्यात आहेलो बाराड अफल्याच्या मातावर आहे,50.0,84.62,0,8.45
sample_00146,D:\marathi-asr\data\vistaar_benchmarks\kathbath_noisy\marathi\wavs\844424932311858-980-f.wav,धुळयात जिल्हाधिकारी कार्यालयाच्या आवारात खासदार हिना गावीत यांच्या गाडीची तोडफोड करण्यात आली होती,तुड्यात जिल्ला दिकारी कार्य लयाच्या आभारात खासगा हीनागा वि त्यांच्या गाळीची तोडफूळ करण्यात आली होते,धुळयात जिल्हाधिकारी कार्यालयाच्या आवारात खासदार हिना गावीत यांच्या गाडीची तोडफोड करण्यात आली होती,तुड्यात जिल्ला दिकारी कार्य लयाच्या आभारात खासगा हीनागा वि त्यांच्या गाळीची तोडफूळ करण्यात आली होते,20.62,100.0,0,7.73
sample_00147,D:\marathi-asr\data\vistaar_benchmarks\kathbath_noisy\marathi\wavs\844424932311876-980-f.wav,ग्रामीण भागात खेडोपाडी शिक्षण पोहचवण्यासाठी कायम स्वरूपी विनाअनुदानित शाळांची गरज होती,आमीण भागात खेडो पाणी शिक्षण पो चवण्यासाठी कायमस्वरूपी विनानुदानिक चाळांची गरज होते,ग्रामीण भागात खेडोपाडी शिक्षण पोहचवण्यासाठी कायम स्वरूपी विनाअनुदानित शाळांची गरज होती,आमीण भागात खेडो पाणी शिक्षण पो चवण्यासाठी कायमस्वरूपी विनानुदानिक चाळांची गरज होते,13.95,81.82,0,6.85
sample_00148,D:\marathi-asr\data\vistaar_benchmarks\kathbath_noisy\marathi\wavs\844424930902766-715-f.wav,तरी या आरोपींना पाहिल्याचे खोटे दूरध्वनी येणे अद्याप थांबलेले नाही,तरीया आरोपिंना पहिलाचे खोटे दूर वनी ऐेणे अद्याप थांबलेले नाही,तरी या आरोपींना पाहिल्याचे खोटे दूरध्वनी येणे अद्याप थांबलेले नाही,तरीया आरोपिंना पहिलाचे खोटे दूर वनी ऐेणे अद्याप थांबलेले नाही,12.12,70.0,0,5.29
sample_00149,D:\marathi-asr\data\vistaar_benchmarks\kathbath_noisy\marathi\wavs\844424931570555-236-f.wav,दिंडोरी तालुक्यातील जानोरी येथील आखरपाट वस्तीवरील शेतात शहामृग पक्षी आढळून आला,दिंडरी कालुक्यातील जाणूरी येती आखारपाट वस्तीवरील शेता च्या मरूपक्षी आढळून आला,दिंडोरी तालुक्यातील जानोरी येथील आखरपाट वस्तीवरील शेतात शहामृग पक्षी आढळून आला,दिंडरी कालुक्यातील जाणूरी येती आखारपाट वस्तीवरील शेता च्या मरूपक्षी आढळून आला,19.23,72.73,0,7.52
sample_00150,D:\marathi-asr\data\vistaar_benchmarks\kathbath_noisy\marathi\wavs\844424932330107-980-f.wav,आज ओबीसी महासंघाच्या नेत्यांनी आणि पदाधिकार्यांनी प्रलंबित प्रश्नांबाबत गृहमंत्री अनिल देशमुख यांची भेट घेतली,आज ओबीसी मासंगाचनेत्यांनी आणि पदादिका्यांनी प्रलंबत प्रश्नबाबत रोह मंत्री निर देशमक्यांची भेट घेतली,आज ओबीसी महासंघाच्या नेत्यांनी आणि पदाधिकार्यांनी प्रलंबित प्रश्नांबाबत गृहमंत्री अनिल देशमुख यांची भेट घेतली,आज ओबीसी मासंगाचनेत्यांनी आणि पदादिका्यांनी प्रलंबत प्रश्नबाबत रोह मंत्री निर देशमक्यांची भेट घेतली,17.43,64.29,0,8.13
sample_00151,D:\marathi-asr\data\vistaar_benchmarks\kathbath_noisy\marathi\wavs\844424932266722-980-f.wav,शेतकऱ्यांचा पाठीराखा म्हणून सरकार काम करणार असल्याची ग्वाही मुख्यमंत्री उद्धव ठाकरे यांनी दिली,शेतक्यांचा पाठी राअका म्हणून सरकार काम करणार असल्याची वाही मुख्य मंत्री उद्दवठाक्रे ानी दिली,शेतकऱ्यांचा पाठीराखा म्हणून सरकार काम करणार असल्याची ग्वाही मुख्यमंत्री उद्धव ठाकरे यांनी दिली,शेतक्यांचा पाठी राअका म्हणून सरकार काम करणार असल्याची वाही मुख्य मंत्री उद्दवठाक्रे ानी दिली,13.68,61.54,0,6.66
sample_00152,D:\marathi-asr\data\vistaar_benchmarks\kathbath_noisy\marathi\wavs\844424932311849-980-f.wav,दूध विक्रीचा सुद्धा व्यवसाय असल्याचे गणेश भोसलेंनी मोदींना सांगितले,दूध विक्रीचा सुद्धा व्यवसाय असल्याचे गनेश बोसलेंनी मोतींना सांगितले,दूध विक्रीचा सुद्धा व्यवसाय असल्याचे गणेश भोसलेंनी मोदींना सांगितले,दूध विक्रीचा सुद्धा व्यवसाय असल्याचे गनेश बोसलेंनी मोतींना सांगितले,4.48,33.33,0,4.99
sample_00153,D:\marathi-asr\data\vistaar_benchmarks\kathbath_noisy\marathi\wavs\844424932337117-809-f.wav,आणि मग १९८० साली औरंगाबादमध्ये उद्धवराव पाटील यांचा सत्कार झाला,आनिमक एकोणिशय अंशीसाली अरुंगाबाधमध्ये उद्ारपाटील्यारचा सतकार झाला,आणि मग १९८० साली औरंगाबादमध्ये उद्धवराव पाटील यांचा सत्कार झाला,आनिमक एकोणिशय अंशीसाली अरुंगाबाधमध्ये उद्ारपाटील्यारचा सतकार झाला,39.68,90.0,0,8.29
sample_00154,D:\marathi-asr\data\vistaar_benchmarks\kathbath_noisy\marathi\wavs\844424930906992-972-f.wav,देशाच्या केवळ पंचवीस टक्के लोकांनी तुमच्यावर विश्वास टाकला आहे हे विसरू नका,देशाचा पेरवळ पं चमीस टक्के लोकांनी तुमच्यावर विश्वस थापला आहे हे विस्रू नाका,देशाच्या केवळ पंचवीस टक्के लोकांनी तुमच्यावर विश्वास टाकला आहे हे विसरू नका,देशाचा पेरवळ पं चमीस टक्के लोकांनी तुमच्यावर विश्वस थापला आहे हे विस्रू नाका,14.67,66.67,0,6.83
sample_00155,D:\marathi-asr\data\vistaar_benchmarks\kathbath_noisy\marathi\wavs\844424932823349-715-f.wav,तिथून परतत असताना त्यांनी लिसाला शिक्षणाच्या मागे लागल्यामुळे कल्पकता कशी कमी होते ते पटवून सांगितले,िथून परतात असताना त्यानी दिसाला शिक्षणाच्या मा्य लागल्यामुळे कडततता कशी कमी होते ते बटून सांगितले,तिथून परतत असताना त्यांनी लिसाला शिक्षणाच्या मागे लागल्यामुळे कल्पकता कशी कमी होते ते पटवून सांगितले,िथून परतात असताना त्यानी दिसाला शिक्षणाच्या मा्य लागल्यामुळे कडततता कशी कमी होते ते बटून सांगितले,12.0,46.67,0,9.01
sample_00156,D:\marathi-asr\data\vistaar_benchmarks\kathbath_noisy\marathi\wavs\844424931218181-933-f.wav,मात्र रस्त्यावरील प्रचंड वाहनांमुळे सर्वच लोकांचे जीव धोक्यात आले आहेत,मात्र व्यस्त्यावरल प्रचंड वाहणामुळे सर्वात लोकांचे जीव धो्यात आले आहेत,मात्र रस्त्यावरील प्रचंड वाहनांमुळे सर्वच लोकांचे जीव धोक्यात आले आहेत,मात्र व्यस्त्यावरल प्रचंड वाहणामुळे सर्वात लोकांचे जीव धो्यात आले आहेत,12.86,40.0,0,6.01
sample_00157,D:\marathi-asr\data\vistaar_benchmarks\kathbath_noisy\marathi\wavs\844424930902770-715-f.wav,कोरोनाचा प्रादुर्भाव कसा टाळावा यासंबंधीची माहिती नागरिकांना नगरपरिषदेमार्फत दिली जाणार आहे,कराचा प्रद्र्भ कसा टाळावा या संबंधीची माहिती नागरिकांना नगर परिस्षदेमार प्तिली जाणार आहे,कोरोनाचा प्रादुर्भाव कसा टाळावा यासंबंधीची माहिती नागरिकांना नगरपरिषदेमार्फत दिली जाणार आहे,कराचा प्रद्र्भ कसा टाळावा या संबंधीची माहिती नागरिकांना नगर परिस्षदेमार प्तिली जाणार आहे,17.58,63.64,0,8.5
sample_00158,D:\marathi-asr\data\vistaar_benchmarks\kathbath_noisy\marathi\wavs\844424931130690-933-f.wav,ही महिला गर्भधारणा करू शकणार नसल्याची भीती डॉक्टरांनी व्यक्त केली,या महिला गर्भधारदा करू शकतना नसल्याची मिती डॉक्टलनी विक्त केली,ही महिला गर्भधारणा करू शकणार नसल्याची भीती डॉक्टरांनी व्यक्त केली,या महिला गर्भधारदा करू शकतना नसल्याची मिती डॉक्टलनी विक्त केली,20.0,60.0,0,4.64
sample_00159,D:\marathi-asr\data\vistaar_benchmarks\kathbath_noisy\marathi\wavs\844424930557267-737-f.wav,यानंतर सुरक्षादलांनी प्रत्युत्तर देताना गोळीबार सुरू केला आणि यात एकून तीन दहशतवादी ठार झाले,ज्यानंता सुरक्षा दलांनीय प्रत्यिक्तर देताना गोळिवा सुरू केला आणि यात एकूंतीन दशंवादी ठार झाले,यानंतर सुरक्षादलांनी प्रत्युत्तर देताना गोळीबार सुरू केला आणि यात एकून तीन दहशतवादी ठार झाले,ज्यानंता सुरक्षा दलांनीय प्रत्यिक्तर देताना गोळिवा सुरू केला आणि यात एकूंतीन दशंवादी ठार झाले,15.22,57.14,0,7.34
sample_00160,D:\marathi-asr\data\vistaar_benchmarks\kathbath_noisy\marathi\wavs\844424932823396-715-f.wav,त्यामुळं भावडांचं मोठ कुटुंब सांभाळणं कठीण जात होतं,त्यामुळे भावंडांच मो्तो कुटुंब सामाळणाकठीन जात होतत,त्यामुळं भावडांचं मोठ कुटुंब सांभाळणं कठीण जात होतं,त्यामुळे भावंडांच मो्तो कुटुंब सामाळणाकठीन जात होतत,23.53,75.0,0,4.6
sample_00161,D:\marathi-asr\data\vistaar_benchmarks\kathbath_noisy\marathi\wavs\844424930906940-972-f.wav,सुभाषबापूंच्या बंगल्यावरील सर्वात महत्त्वाची घडामोड म्हणजे शहर उत्तरमधील लिंगायत समाजाच्या महत्त्वाच्या कुटुंबातील अॅड,सिभासबापून च्या बगल्यावरील सर्वात महत्त्वाची घारामुळ म्हणजे शेअर उत्टरमधील निंगगायर सामयेच्या मत्वाच्या कुटुंबजील आढ,सुभाषबापूंच्या बंगल्यावरील सर्वात महत्त्वाची घडामोड म्हणजे शहर उत्तरमधील लिंगायत समाजाच्या महत्त्वाच्या कुटुंबातील अॅड,सिभासबापून च्या बगल्यावरील सर्वात महत्त्वाची घारामुळ म्हणजे शेअर उत्टरमधील निंगगायर सामयेच्या मत्वाच्या कुटुंबजील आढ,22.88,84.62,0,9.24
sample_00162,D:\marathi-asr\data\vistaar_benchmarks\kathbath_noisy\marathi\wavs\844424932266744-980-f.wav,बंगालच्या उपसागरात कमी दाबाचं क्षेत्र तयार झाल्यानं हवामानात वेगानं बदल होत आहे,पंगाळचकसागरात कमी दाबाचा क्षेत्र तयार झाल्यानं हवामानात वेगान बदल होत आहे,बंगालच्या उपसागरात कमी दाबाचं क्षेत्र तयार झाल्यानं हवामानात वेगानं बदल होत आहे,पंगाळचकसागरात कमी दाबाचा क्षेत्र तयार झाल्यानं हवामानात वेगान बदल होत आहे,12.66,33.33,0,6.85
sample_00163,D:\marathi-asr\data\vistaar_benchmarks\kathbath_noisy\marathi\wavs\844424930875918-954-f.wav,बांग्लादेशमधील लोकांचं सरासरी आयुर्मान ६९ वर्ष आहे,बंकाल देशमयू लोकांच्या सरासली आयुर माल किकूण स्तर वर्षक आहे,बांग्लादेशमधील लोकांचं सरासरी आयुर्मान ६९ वर्ष आहे,बंकाल देशमयू लोकांच्या सरासली आयुर माल किकूण स्तर वर्षक आहे,48.0,128.57,0,5.13
sample_00164,D:\marathi-asr\data\vistaar_benchmarks\kathbath_noisy\marathi\wavs\844424932828573-933-f.wav,ते संपूर्ण आयुष्यभर माझ्या पाठिशी खंबीरपणे उभे राहिले,तेसंपूर्ण आयिशयबरमाध्या पाटेशी खंबीड पणे उगभे रायले,ते संपूर्ण आयुष्यभर माझ्या पाठिशी खंबीरपणे उभे राहिले,तेसंपूर्ण आयिशयबरमाध्या पाटेशी खंबीड पणे उगभे रायले,26.42,100.0,0,3.9
sample_00165,D:\marathi-asr\data\vistaar_benchmarks\kathbath_noisy\marathi\wavs\844424932337168-809-f.wav,बाबा राम रहिम याला बलात्कार प्रकरणी दोषी ठरवण्यात आले आहे,बावारामहीन्याला बलचकार प्करणे दोशि धालण्यात आली आहे,बाबा राम रहिम याला बलात्कार प्रकरणी दोषी ठरवण्यात आले आहे,बावारामहीन्याला बलचकार प्करणे दोशि धालण्यात आली आहे,31.58,90.0,0,6.73
sample_00166,D:\marathi-asr\data\vistaar_benchmarks\kathbath_noisy\marathi\wavs\844424930868489-933-f.wav,केन नुकताच अमेरिकेच्या टेनेसीमधील नॉक्स कौंटी शहराचा मेयर अर्थात महापौर बनला आहे,केन नुकाच अनेरिकेच्या टेनिसी मधील लॉक्स कोणती शहराचा मिर आरतात महापळ बनला आहे,केन नुकताच अमेरिकेच्या टेनेसीमधील नॉक्स कौंटी शहराचा मेयर अर्थात महापौर बनला आहे,केन नुकाच अनेरिकेच्या टेनिसी मधील लॉक्स कोणती शहराचा मिर आरतात महापळ बनला आहे,18.75,75.0,0,8.41
sample_00167,D:\marathi-asr\data\vistaar_benchmarks\kathbath_noisy\marathi\wavs\844424932330025-980-f.wav,हरियाणातील तरूणांच्या रोजगाराच्या मुद्द्यावरून दुष्यत चौटाला यांनी आक्रमक भूमिका घेतली आहे,रियामध्ये तरनांच्या रोजगाराच्या मुद्यावरून दुष्यात चवटाला यानी आक्रमे विका घेतली आहे,हरियाणातील तरूणांच्या रोजगाराच्या मुद्द्यावरून दुष्यत चौटाला यांनी आक्रमक भूमिका घेतली आहे,रियामध्ये तरनांच्या रोजगाराच्या मुद्यावरून दुष्यात चवटाला यानी आक्रमे विका घेतली आहे,18.89,72.73,0,7.29
sample_00168,D:\marathi-asr\data\vistaar_benchmarks\kathbath_noisy\marathi\wavs\844424932372176-132-f.wav,राज्यात जलसंपदा खात्यासाठी १२ हजार ५९७ कोटी रुपयांची तरतूद करण्यात आली आहे,रा्षे करज संपधन खात्यासाठी पारानच्यात पाशे सक्ा नो ्टी रुपयांची तरचूज के्ात आले,राज्यात जलसंपदा खात्यासाठी १२ हजार ५९७ कोटी रुपयांची तरतूद करण्यात आली आहे,रा्षे करज संपधन खात्यासाठी पारानच्यात पाशे सक्ा नो ्टी रुपयांची तरचूज के्ात आले,51.35,100.0,0,7.34
sample_00169,D:\marathi-asr\data\vistaar_benchmarks\kathbath_noisy\marathi\wavs\844424930906951-972-f.wav,मोदी सरकारच्या पहिल्या तीन महिन्यात असं कोणतं ठोस काम दिसून पडत नाहीय,मोदी सरकारच्या पहिल्यातीन महिन्यात अस कोणता टेवस्काम दिसून पडत नाय?,मोदी सरकारच्या पहिल्या तीन महिन्यात असं कोणतं ठोस काम दिसून पडत नाहीय,मोदी सरकारच्या पहिल्यातीन महिन्यात अस कोणता टेवस्काम दिसून पडत नाय,13.04,58.33,0,6.92
sample_00170,D:\marathi-asr\data\vistaar_benchmarks\kathbath_noisy\marathi\wavs\844424930573365-737-f.wav,त्यामुळे सरकारी कामकाजात अडथळा आणल्या प्रकरणी त्यांच्यावर गुन्हा दाखल करण्यात आला आहे,त्यामुळे सरकारी कामका चत अडथळा आणिल्या प्रकाणी त्ांच्यावल गुन्हा गाखल करण्यात ला आहे,त्यामुळे सरकारी कामकाजात अडथळा आणल्या प्रकरणी त्यांच्यावर गुन्हा दाखल करण्यात आला आहे,त्यामुळे सरकारी कामका चत अडथळा आणिल्या प्रकाणी त्ांच्यावल गुन्हा गाखल करण्यात ला आहे,9.41,58.33,0,6.13
sample_00171,D:\marathi-asr\data\vistaar_benchmarks\kathbath_noisy\marathi\wavs\844424931570596-236-f.wav,धनंजय मुंडेंसोबतच्या वादामुळे राष्ट्रवादीचे मोठे नेते सुरेश धस हे भाजपमध्ये दाखल झाले,धनांच्या गुन्ड्या सोबचे वादामुळेा ास्टमव्येचे मोठयनेती रेसदे भाजयपम तार्त झाले,धनंजय मुंडेंसोबतच्या वादामुळे राष्ट्रवादीचे मोठे नेते सुरेश धस हे भाजपमध्ये दाखल झाले,धनांच्या गुन्ड्या सोबचे वादामुळेा ास्टमव्येचे मोठयनेती रेसदे भाजयपम तार्त झाले,49.41,91.67,0,7.22
sample_00172,D:\marathi-asr\data\vistaar_benchmarks\kathbath_noisy\marathi\wavs\844424930834603-954-f.wav,असे मानले जाते की संकष्टी चतुर्थीला गणपतीची विधिवत पूजा केल्याने सर्व संकटांपासून मुक्ती मिळते,असे माले जाते की संपष्टीच्या दुरतीलादनप्तीची विधीवत पुज्या केल्याने सर्वसंपटांपासून मुक्ती मिळते,असे मानले जाते की संकष्टी चतुर्थीला गणपतीची विधिवत पूजा केल्याने सर्व संकटांपासून मुक्ती मिळते,असे माले जाते की संपष्टीच्या दुरतीलादनप्तीची विधीवत पुज्या केल्याने सर्वसंपटांपासून मुक्ती मिळते,21.28,57.14,0,8.15
sample_00173,D:\marathi-asr\data\vistaar_benchmarks\kathbath_noisy\marathi\wavs\844424930557287-737-f.wav,हा शब्द म्हणजे कॉन्लीलीने मध्य आशियातील प्रभावासाठी ब्रिटन व रशियादरम्यानच्या स्पर्धेचे वर्णन केले,हा शब्द म्हणजे कोललीलिने मध्यार्शयातील प्या भावासा ठीब्रिटनद्वरेशया दरमयांच्या स पर्धेचे वरिणान केले,हा शब्द म्हणजे कॉन्लीलीने मध्य आशियातील प्रभावासाठी ब्रिटन व रशियादरम्यानच्या स्पर्धेचे वर्णन केले,हा शब्द म्हणजे कोललीलिने मध्यार्शयातील प्या भावासा ठीब्रिटनद्वरेशया दरमयांच्या स पर्धेचे वरिणान केले,24.49,69.23,0,7.57
sample_00174,D:\marathi-asr\data\vistaar_benchmarks\kathbath_noisy\marathi\wavs\844424930868437-933-f.wav,तसेच या फोनमध्ये वायरलेस एफएम रेडिओ देण्यात आला आहे,कसेस्या फोंमध्यी वाहरले स्टेटफंट जेड्यो विम्यात आला आहे,तसेच या फोनमध्ये वायरलेस एफएम रेडिओ देण्यात आला आहे,कसेस्या फोंमध्यी वाहरले स्टेटफंट जेड्यो विम्यात आला आहे,39.22,77.78,0,5.11
sample_00175,D:\marathi-asr\data\vistaar_benchmarks\kathbath_noisy\marathi\wavs\844424932337142-809-f.wav,कल्याणहून आलेल्या दुरुस्ती पथकाने अर्ध्या तासाच्या प्रयत्नांनंतर रेल्वे रूळ व्यवस्थित केले,कल्यान आलेलल्या दुनस्तिपतकाने अद्यतसया प्रज्ननंतर वेगवेरू व्यवस्तित केले,कल्याणहून आलेल्या दुरुस्ती पथकाने अर्ध्या तासाच्या प्रयत्नांनंतर रेल्वे रूळ व्यवस्थित केले,कल्यान आलेलल्या दुनस्तिपतकाने अद्यतसया प्रज्ननंतर वेगवेरू व्यवस्तित केले,31.11,90.91,0,8.71
sample_00176,D:\marathi-asr\data\vistaar_benchmarks\kathbath_noisy\marathi\wavs\844424930834512-954-f.wav,गेल्या पाच वर्षात किती जणांना रोजगार दिला याची आकडेवारी त्यांनी जाहीर करावी,गेल्या पाच वर्षात किती जमांना रोजगार दिला यांची आकडेवारी तयानाचाहेर करावी ?,गेल्या पाच वर्षात किती जणांना रोजगार दिला याची आकडेवारी त्यांनी जाहीर करावी,गेल्या पाच वर्षात किती जमांना रोजगार दिला यांची आकडेवारी तयानाचाहेर करावी,10.67,33.33,0,5.94
sample_00177,D:\marathi-asr\data\vistaar_benchmarks\kathbath_noisy\marathi\wavs\844424931570511-236-f.wav,वनविभागाकडून त्याची विशेष माहिती लोकांसाठी दिली जाणे गरजेचे होते,वनविभाबाकडून त्याची विशष माहिती लोकांनाडी दील जाणे गरजेचे होते,वनविभागाकडून त्याची विशेष माहिती लोकांसाठी दिली जाणे गरजेचे होते,वनविभाबाकडून त्याची विशष माहिती लोकांनाडी दील जाणे गरजेचे होते,9.38,44.44,0,7.43
sample_00178,D:\marathi-asr\data\vistaar_benchmarks\kathbath_noisy\marathi\wavs\844424932372247-132-f.wav,मुलांना आईवडिलांना परदेशात नेण्याची इच्छा असली तरी पालकांची डोंबिवली सोडायची तयारी नसते,मुलांना ळ वडलांना परतेशात त्याची च्याअसली तरी पालकांची दोंलीनी सोड्याची तयारीन असते,मुलांना आईवडिलांना परदेशात नेण्याची इच्छा असली तरी पालकांची डोंबिवली सोडायची तयारी नसते,मुलांना ळ वडलांना परतेशात त्याची च्याअसली तरी पालकांची दोंलीनी सोड्याची तयारीन असते,21.84,75.0,0,7.64
sample_00179,D:\marathi-asr\data\vistaar_benchmarks\kathbath_noisy\marathi\wavs\844424932262388-809-f.wav,राज्यातील करोना बाधित रुग्णांची संख्या आता ५ हजारांच्या पुढं गेली आहे,राज्यतील करूना भाजीीत रुघांची संख्या आता पाच जरांच्या पुढे गेली आहे,राज्यातील करोना बाधित रुग्णांची संख्या आता ५ हजारांच्या पुढं गेली आहे,राज्यतील करूना भाजीीत रुघांची संख्या आता पाच जरांच्या पुढे गेली आहे,21.74,63.64,0,8.29
sample_00180,D:\marathi-asr\data\vistaar_benchmarks\kathbath_noisy\marathi\wavs\844424930868494-933-f.wav,त्रिपुरात सरकारचा गलथान कारभार चव्हाट्यावर आणल्यामुळे डावे अस्वस्थ आहेत,क्लिपूरा सरकारचा गलकांकार्भाग जवाठ्यावर आणलामुळेच डावे अस्वस्था आहे,त्रिपुरात सरकारचा गलथान कारभार चव्हाट्यावर आणल्यामुळे डावे अस्वस्थ आहेत,क्लिपूरा सरकारचा गलकांकार्भाग जवाठ्यावर आणलामुळेच डावे अस्वस्था आहे,25.35,77.78,0,6.2
sample_00181,D:\marathi-asr\data\vistaar_benchmarks\kathbath_noisy\marathi\wavs\844424932372201-132-f.wav,त्यामुळे हा प्रश्न पेटण्याची चिन्हे असून बामणोली परिसरातील गावे आक्रमक झाली आहेत,तयामुळे हा प्राश्ना पेण्याचे चिनने असून अमळलीस परीसरातील कावे आक्रमत चाली आहे,त्यामुळे हा प्रश्न पेटण्याची चिन्हे असून बामणोली परिसरातील गावे आक्रमक झाली आहेत,तयामुळे हा प्राश्ना पेण्याचे चिनने असून अमळलीस परीसरातील कावे आक्रमत चाली आहे,21.25,83.33,0,6.59
sample_00182,D:\marathi-asr\data\vistaar_benchmarks\kathbath_noisy\marathi\wavs\844424930902740-715-f.wav,कमी तीव्रतेच्या स्फोटामुळे काही कारच्या काचा फुटल्या असल्याचे सांगितले जात आहे,कमी किर तेच्या पोटामुळे काही कात्यकाचा फुटल्या असल्याचे सांगितले जाता,कमी तीव्रतेच्या स्फोटामुळे काही कारच्या काचा फुटल्या असल्याचे सांगितले जात आहे,कमी किर तेच्या पोटामुळे काही कात्यकाचा फुटल्या असल्याचे सांगितले जाता,20.51,63.64,0,6.85
sample_00183,D:\marathi-asr\data\vistaar_benchmarks\kathbath_noisy\marathi\wavs\844424930875884-954-f.wav,साईनाने या अंगठीचा फोटो तिच्या ट्विटर अकांउंटवरुन शेअर केला आहे,सायिनाने ह्या आंगुटीचा फोटो तिच्या ट्विटर अकाउंटवरून शेअर केला आहे,साईनाने या अंगठीचा फोटो तिच्या ट्विटर अकांउंटवरुन शेअर केला आहे,सायिनाने ह्या आंगुटीचा फोटो तिच्या ट्विटर अकाउंटवरून शेअर केला आहे,14.29,40.0,0,6.29
sample_00184,D:\marathi-asr\data\vistaar_benchmarks\kathbath_noisy\marathi\wavs\844424932311924-980-f.wav,या प्रवेश प्रक्रियेमुळे आर्थिक दुर्बल व मागास प्रवर्गातील असंख्य पालकांमध्ये संभ्रमावस्था निर्माण झाली होती,प्रवेश प्रक्रियमुळे आर्थिक दूर्भतव मागस प्रवार्यातील असंच्या पालतांमध्ये संग्राम वस्ता निर्माण झाली होते,या प्रवेश प्रक्रियेमुळे आर्थिक दुर्बल व मागास प्रवर्गातील असंख्य पालकांमध्ये संभ्रमावस्था निर्माण झाली होती,प्रवेश प्रक्रियमुळे आर्थिक दूर्भतव मागस प्रवार्यातील असंच्या पालतांमध्ये संग्राम वस्ता निर्माण झाली होते,17.76,71.43,0,7.45
sample_00185,D:\marathi-asr\data\vistaar_benchmarks\kathbath_noisy\marathi\wavs\844424930834601-954-f.wav,पण ग्राहकाचा आवाज संघटित नसल्याने त्याला यासंदर्भात काहीच करता येत नाही,तन ग्राहकाचा आवास संघेटित नसल्याने त्याला या संदर्भात काही स करता येत नाही,पण ग्राहकाचा आवाज संघटित नसल्याने त्याला यासंदर्भात काहीच करता येत नाही,तन ग्राहकाचा आवास संघेटित नसल्याने त्याला या संदर्भात काही स करता येत नाही,9.86,63.64,0,6.46
sample_00186,D:\marathi-asr\data\vistaar_benchmarks\kathbath_noisy\marathi\wavs\844424930868516-933-f.wav,पाकिस्तानमध्ये आज झालेल्या सार्वत्रिक निवडणुकीची मतमोजणी सुरु झाली आहे,पापसतांमध्ये आजझालेला सार्वत्रेक निवन नुकीची मतम मोजणी सरू झाली आहे,पाकिस्तानमध्ये आज झालेल्या सार्वत्रिक निवडणुकीची मतमोजणी सुरु झाली आहे,पापसतांमध्ये आजझालेला सार्वत्रेक निवन नुकीची मतम मोजणी सरू झाली आहे,21.43,88.89,0,5.76
sample_00187,D:\marathi-asr\data\vistaar_benchmarks\kathbath_noisy\marathi\wavs\844424930557237-737-f.wav,६ एप्रिल रोजी दादरवरून रात्री साडे नऊच्या सुमारास विरार ट्रेन पकडताना त्यांचं पाकिट चोरट्यांनी मारलं,सहायब्लरोरी त ादरभर जातरी साडी नांच्या सुमारास विधा ्किंपकपनकांच्य पाबीक सोटानी मारलं,६ एप्रिल रोजी दादरवरून रात्री साडे नऊच्या सुमारास विरार ट्रेन पकडताना त्यांचं पाकिट चोरट्यांनी मारलं,सहायब्लरोरी त ादरभर जातरी साडी नांच्या सुमारास विधा ्किंपकपनकांच्य पाबीक सोटानी मारलं,44.0,86.67,0,7.83
sample_00188,D:\marathi-asr\data\vistaar_benchmarks\kathbath_noisy\marathi\wavs\844424931570598-236-f.wav,परंतु असे वास्तव्यात काहीच चित्र नसल्याची खंत व्यक्त केली आहे,पर्यंतू असे वास्तव्यात काही चित्र नसल्याची खंत व्यक्त केली आहे,परंतु असे वास्तव्यात काहीच चित्र नसल्याची खंत व्यक्त केली आहे,पर्यंतू असे वास्तव्यात काही चित्र नसल्याची खंत व्यक्त केली आहे,6.56,20.0,0,5.18
sample_00189,D:\marathi-asr\data\vistaar_benchmarks\kathbath_noisy\marathi\wavs\844424930902742-715-f.wav,त्यामुळे धरणग्रस्तांवर पुन्हा आंदोलन करण्याची वेळ शासनाने आणली आहे,त्यामुळे तरण ग्रस्तांवर पून्हा अंडोलन करण्याची वेळे शासनाने आणली आहे,त्यामुळे धरणग्रस्तांवर पुन्हा आंदोलन करण्याची वेळ शासनाने आणली आहे,त्यामुळे तरण ग्रस्तांवर पून्हा अंडोलन करण्याची वेळे शासनाने आणली आहे,9.09,55.56,0,5.04
sample_00190,D:\marathi-asr\data\vistaar_benchmarks\kathbath_noisy\marathi\wavs\844424931130717-933-f.wav,यानंतर त्यांनी सर्वात आधी संगीतकार एआर रहमान यांच्याशी संपर्क साधला,त्या बकतानी सर्वात अधीसंगित कार ययार नेयमान यांतेशी संपट्प साधला,यानंतर त्यांनी सर्वात आधी संगीतकार एआर रहमान यांच्याशी संपर्क साधला,त्या बकतानी सर्वात अधीसंगित कार ययार नेयमान यांतेशी संपट्प साधला,38.81,80.0,0,4.6
sample_00191,D:\marathi-asr\data\vistaar_benchmarks\kathbath_noisy\marathi\wavs\844424930557263-737-f.wav,पहिल्या विचारधारेला पुढे नेणारा अधिक प्रगल्भ विचार हवा होता,पहिला विचारज धाडेल्लापुढे निळणा्या अधिक प्रकल्प विचार हवा होता,पहिल्या विचारधारेला पुढे नेणारा अधिक प्रगल्भ विचार हवा होता,पहिला विचारज धाडेल्लापुढे निळणा्या अधिक प्रकल्प विचार हवा होता,23.73,55.56,0,5.27
sample_00192,D:\marathi-asr\data\vistaar_benchmarks\kathbath_noisy\marathi\wavs\844424932330033-980-f.wav,त्यामुळे अखरे पालकांनी तिचा विकाससोबत विवाह करण्यास संमती दिली,त्ामुळे अख्रे पालकानि तीचा विकाससोहत विवाह करण्यात संवर्ती देली,त्यामुळे अखरे पालकांनी तिचा विकाससोबत विवाह करण्यास संमती दिली,त्ामुळे अख्रे पालकानि तीचा विकाससोहत विवाह करण्यात संवर्ती देली,17.74,88.89,0,4.6
sample_00193,D:\marathi-asr\data\vistaar_benchmarks\kathbath_noisy\marathi\wavs\844424932484403-573-f.wav,सोनिया गांधी यांना पाठवण्यात आलेल्या पत्राच्या वेळेवरून राहुल गांधी यांनी नेत्यांना सुनावले आहे,पोनय गाधीयाना पाठवण्यात आलेल्या पत्राच्यावेळेवरून गाहल गागी याणे नेतियाण्ा सुनावले आहे,सोनिया गांधी यांना पाठवण्यात आलेल्या पत्राच्या वेळेवरून राहुल गांधी यांनी नेत्यांना सुनावले आहे,पोनय गाधीयाना पाठवण्यात आलेल्या पत्राच्यावेळेवरून गाहल गागी याणे नेतियाण्ा सुनावले आहे,17.89,69.23,0,8.71
sample_00194,D:\marathi-asr\data\vistaar_benchmarks\kathbath_noisy\marathi\wavs\844424930868453-933-f.wav,वांद्रे न्यायालयात वकिली करत असताना अंधेरी पश्चिमेला वर्सोवा गावात एक घर त्यांनी खरेदी केले होते,वागय नयाल्यास बकीले सरक असताना अंदेरि कश्चमेलावरसहगावात एेक छर त्यांनी खरेदी केले,वांद्रे न्यायालयात वकिली करत असताना अंधेरी पश्चिमेला वर्सोवा गावात एक घर त्यांनी खरेदी केले होते,वागय नयाल्यास बकीले सरक असताना अंदेरि कश्चमेलावरसहगावात एेक छर त्यांनी खरेदी केले,33.33,73.33,0,8.08
sample_00195,D:\marathi-asr\data\vistaar_benchmarks\kathbath_noisy\marathi\wavs\844424931570527-236-f.wav,त्या दिवशीचा एक प्रसंग माझ्या मनावर कायमचा कोरला गेलेला आहे,त्या तुरशीचा एक प्रसम माझ्या मब पायंचा कोला गेलेला आहे,त्या दिवशीचा एक प्रसंग माझ्या मनावर कायमचा कोरला गेलेला आहे,त्या तुरशीचा एक प्रसम माझ्या मब पायंचा कोला गेलेला आहे,20.34,50.0,0,6.97
sample_00196,D:\marathi-asr\data\vistaar_benchmarks\kathbath_noisy\marathi\wavs\844424932266724-980-f.wav,देशात झालेल्या महिलांच्या सत्याग्रहांपैकी नागपुरातील सत्याग्रहात अत्याधिक महिलांचा सहभाग होता,देशात चालेल्या महिणांच्या सत्य ग्रांपै की ना पुरातेल सत्य ग्राहत्यादिक मिलांचा सहभा होता,देशात झालेल्या महिलांच्या सत्याग्रहांपैकी नागपुरातील सत्याग्रहात अत्याधिक महिलांचा सहभाग होता,देशात चालेल्या महिणांच्या सत्य ग्रांपै की ना पुरातेल सत्य ग्राहत्यादिक मिलांचा सहभा होता,16.13,110.0,0,6.34
sample_00197,D:\marathi-asr\data\vistaar_benchmarks\kathbath_noisy\marathi\wavs\844424932266671-980-f.wav,शेजारच्यांच्याच मदतीने तिने पोलीस ठाणे गाठले आणि या व्यक्तीविरोधात तक्रार दिली,शेजार जयंच्याच मदतीनेतीने पुलेस्धाने काढले आणि या व्यक्ती विरृधात तक्रारतदेले,शेजारच्यांच्याच मदतीने तिने पोलीस ठाणे गाठले आणि या व्यक्तीविरोधात तक्रार दिली,शेजार जयंच्याच मदतीनेतीने पुलेस्धाने काढले आणि या व्यक्ती विरृधात तक्रारतदेले,21.79,81.82,0,5.39
sample_00198,D:\marathi-asr\data\vistaar_benchmarks\kathbath_noisy\marathi\wavs\844424932266717-980-f.wav,आघाडीला उत्तमं यश मिळेल अशी आशाही त्यांनी व्यक्त केली,आघडीला उत्तम यअस मिळेलाअशी आशा ही त्यांने व्यक्त केली,आघाडीला उत्तमं यश मिळेल अशी आशाही त्यांनी व्यक्त केली,आघडीला उत्तम यअस मिळेलाअशी आशा ही त्यांने व्यक्त केली,13.21,77.78,0,4.2
sample_00199,D:\marathi-asr\data\vistaar_benchmarks\kathbath_noisy\marathi\wavs\844424930868434-933-f.wav,परंतु बागकाम व्यवसायामुळे माळी ही नवी जात वा माळी समाजाची निर्मिती झालेली असावी,पंंतूबागकाम व्यवसायामुळे माळीही नवीनजात वामाळी समाजेाची निह्मितीझाठे ग्यासाली,परंतु बागकाम व्यवसायामुळे माळी ही नवी जात वा माळी समाजाची निर्मिती झालेली असावी,पंंतूबागकाम व्यवसायामुळे माळीही नवीनजात वामाळी समाजेाची निह्मितीझाठे ग्यासाली,20.25,92.31,0,7.38
sample_00200,D:\marathi-asr\data\vistaar_benchmarks\kathbath_noisy\marathi\wavs\844424932372224-132-f.wav,त्यांनंतर प्रमुख नेत्यांनी जिल्हाधिकारी सूरज मांढरे यांना निवेदन दिले,त्यानंतर प्रबाख निकाब पधा पिकारी सुरज मांट्र याना निविधन दिले,त्यांनंतर प्रमुख नेत्यांनी जिल्हाधिकारी सूरज मांढरे यांना निवेदन दिले,त्यानंतर प्रबाख निकाब पधा पिकारी सुरज मांट्र याना निविधन दिले,34.78,100.0,0,6.08
sample_00201,D:\marathi-asr\data\vistaar_benchmarks\kathbath_noisy\marathi\wavs\844424930902749-715-f.wav,आज वैविध्यपूर्ण चायनीज खाणं पुरवणारं हे या भागातलं एकमेव चायनीज रेस्टॉरंट आहे,आजवर विद्ध पूर्णच्या अनिच खान पुरवणा्या हे या भागातले इक्मे चॅनि प्रेस्टरंट आहे,आज वैविध्यपूर्ण चायनीज खाणं पुरवणारं हे या भागातलं एकमेव चायनीज रेस्टॉरंट आहे,आजवर विद्ध पूर्णच्या अनिच खान पुरवणा्या हे या भागातले इक्मे चॅनि प्रेस्टरंट आहे,37.66,83.33,0,6.97
sample_00202,D:\marathi-asr\data\vistaar_benchmarks\kathbath_noisy\marathi\wavs\844424932372178-132-f.wav,इतकेच नव्हे तर या शिखर परिषदेसाठी काही अटीही अमेरिकेकडून टाकण्यात आल्या होत्या,एतकेस नवे तर या शिकर परिशतेसाठी काही अटीही अमेडिकेकडून टाकळ्यत आल्या हत्य,इतकेच नव्हे तर या शिखर परिषदेसाठी काही अटीही अमेरिकेकडून टाकण्यात आल्या होत्या,एतकेस नवे तर या शिकर परिशतेसाठी काही अटीही अमेडिकेकडून टाकळ्यत आल्या हत्य,15.38,58.33,0,6.36
sample_00203,D:\marathi-asr\data\vistaar_benchmarks\kathbath_noisy\marathi\wavs\844424932266678-980-f.wav,एखादेवेळी तिथल्या चराचरांना वा जंगली श्वापदांना पाण्याची गरज असावी म्हणून तू तेथे गेला असशील,एखाद्यावेळिधितला चरचरांनवा चगलीश वापदाना पाण्याची गरज असावी म्हणुतुतेती गेला सशे,एखादेवेळी तिथल्या चराचरांना वा जंगली श्वापदांना पाण्याची गरज असावी म्हणून तू तेथे गेला असशील,एखाद्यावेळिधितला चरचरांनवा चगलीश वापदाना पाण्याची गरज असावी म्हणुतुतेती गेला सशे,29.35,71.43,0,7.24
sample_00204,D:\marathi-asr\data\vistaar_benchmarks\kathbath_noisy\marathi\wavs\844424930834550-954-f.wav,त्यामुळे मला स्वतःलाच समजत नाही की त्यांना नेमकं काय म्हणायचं आहे,त्यामुळे मला स्वपाला समजत नाही की त्याना नेक काय म्हणायच आहे ?,त्यामुळे मला स्वतःलाच समजत नाही की त्यांना नेमकं काय म्हणायचं आहे,त्यामुळे मला स्वपाला समजत नाही की त्याना नेक काय म्हणायच आहे,10.77,36.36,0,5.25
sample_00205,D:\marathi-asr\data\vistaar_benchmarks\kathbath_noisy\marathi\wavs\844424932823410-715-f.wav,बाजाराच्या दिवशी शेतकरी व व्यापारी भाजीपाला विक्रीसाठी आणतात,बाजाराच्या दिवशी शेतकरी व व्यापारी भाजीपाला विक्रीसाठी आणतात,बाजाराच्या दिवशी शेतकरी व व्यापारी भाजीपाला विक्रीसाठी आणतात,बाजाराच्या दिवशी शेतकरी व व्यापारी भाजीपाला विक्रीसाठी आणतात,0.0,0.0,1,5.25
sample_00206,D:\marathi-asr\data\vistaar_benchmarks\kathbath_noisy\marathi\wavs\844424930573344-737-f.wav,त्यांनी लिहिलेली ही पत्रं आजच्या मुलांसाठी एक खास ठेवा आहेत,ता निवीगीरेजी पस्या आसल्या मुलांसाठी एखाच ठेवा आहेत,त्यांनी लिहिलेली ही पत्रं आजच्या मुलांसाठी एक खास ठेवा आहेत,ता निवीगीरेजी पस्या आसल्या मुलांसाठी एखाच ठेवा आहेत,37.29,70.0,0,4.48
sample_00207,D:\marathi-asr\data\vistaar_benchmarks\kathbath_noisy\marathi\wavs\844424932823348-715-f.wav,शंभर मिटर परिसरात कडक बंदोबस्त ठेवण्यात आला आहे,संबरमीटर करी सरात कडक बंदोबस्त ठेवण्यात आला आहे,शंभर मिटर परिसरात कडक बंदोबस्त ठेवण्यात आला आहे,संबरमीटर करी सरात कडक बंदोबस्त ठेवण्यात आला आहे,14.89,37.5,0,4.6
sample_00208,D:\marathi-asr\data\vistaar_benchmarks\kathbath_noisy\marathi\wavs\844424932823337-715-f.wav,मात्र त्या प्रकारे न झाल्याने या वेबसिरीजच्या दुसऱ्या भागाला रिलीज करण्यास उशीर होत आहे,मात्रत्या प्रकारेनं झालेने या वेबसिरिकच्या दुस्या भागालारिहिज करण्यास उशीर होत आहे,मात्र त्या प्रकारे न झाल्याने या वेबसिरीजच्या दुसऱ्या भागाला रिलीज करण्यास उशीर होत आहे,मात्रत्या प्रकारेनं झालेने या वेबसिरिकच्या दुस्या भागालारिहिज करण्यास उशीर होत आहे,14.77,64.29,0,7.15
sample_00209,D:\marathi-asr\data\vistaar_benchmarks\kathbath_noisy\marathi\wavs\844424932311863-980-f.wav,वैशाली आणि सचिन गायकवाड असे या प्राणीप्रेमी दाम्पत्याचे नाव आहे,वैशान म्हणे पर्तील लालडवाढ कसेय प्राणी प्रवी लात्तरचे नावते,वैशाली आणि सचिन गायकवाड असे या प्राणीप्रेमी दाम्पत्याचे नाव आहे,वैशान म्हणे पर्तील लालडवाढ कसेय प्राणी प्रवी लात्तरचे नावते,49.21,100.0,0,5.43
sample_00210,D:\marathi-asr\data\vistaar_benchmarks\kathbath_noisy\marathi\wavs\844424930906932-972-f.wav,तशी आणखी एक साहसी मोहीम मोसादने इराणमध्ये पार पाडली,तशी आणपीक सासीनणी मोसाबी लांमध्ये पार पाढल,तशी आणखी एक साहसी मोहीम मोसादने इराणमध्ये पार पाडली,तशी आणपीक सासीनणी मोसाबी लांमध्ये पार पाढल,33.33,77.78,0,6.18
sample_00211,D:\marathi-asr\data\vistaar_benchmarks\kathbath_noisy\marathi\wavs\844424932372184-132-f.wav,सध्या ४८ हजार ४३९ रुग्ण उपचाराधीन असल्याची माहिती राज्याच्या आरोग्य विभागाने दिली,सध्या अर्ेच्याय सहजारचारशे कूनचाळी सुरुकडं उपचारात हीर असल्याची माहिती रात्याच्या आरोग्य विकागाने दिली,सध्या ४८ हजार ४३९ रुग्ण उपचाराधीन असल्याची माहिती राज्याच्या आरोग्य विभागाने दिली,सध्या अर्ेच्याय सहजारचारशे कूनचाळी सुरुकडं उपचारात हीर असल्याची माहिती रात्याच्या आरोग्य विकागाने दिली,40.74,66.67,0,7.89
sample_00212,D:\marathi-asr\data\vistaar_benchmarks\kathbath_noisy\marathi\wavs\844424932337146-809-f.wav,तो एक रंग एक नवीन वर्षाचे सौंदर्य व्यवस्था करणे शक्य आहे,तो एक रंग एक नवीन वर्षाचे संदर्य व्यवस्था करणे शक्य आहे,तो एक रंग एक नवीन वर्षाचे सौंदर्य व्यवस्था करणे शक्य आहे,तो एक रंग एक नवीन वर्षाचे संदर्य व्यवस्था करणे शक्य आहे,1.79,9.09,0,7.01
sample_00213,D:\marathi-asr\data\vistaar_benchmarks\kathbath_noisy\marathi\wavs\844424932484435-573-f.wav,कंपनीने सफारीची पहिली युनिट दाखवण्यासाठी आपल्या पुण्यातील प्लांटमध्ये एक फ्लॅग ऑफ सेरेमनी केली होती,कंपनीने सफारेची पळली युनित दाखवण्यासाठी आपल्या पोड्यातील प्लामध्ये एक फ्लॅक ऑफसेर्मनी केली होती,कंपनीने सफारीची पहिली युनिट दाखवण्यासाठी आपल्या पुण्यातील प्लांटमध्ये एक फ्लॅग ऑफ सेरेमनी केली होती,कंपनीने सफारेची पळली युनित दाखवण्यासाठी आपल्या पोड्यातील प्लामध्ये एक फ्लॅक ऑफसेर्मनी केली होती,11.11,57.14,0,9.33
sample_00214,D:\marathi-asr\data\vistaar_benchmarks\kathbath_noisy\marathi\wavs\844424930834526-954-f.wav,म्हणूनच हे प्रकल्प देशभर पाहिजे तेवढय़ा प्रमाणात गतिशील झालेले नाहीत,महुनासलेक प्रकालप तीश्पुरकांचे केंढडा प्रमाणात ्ॅकेशीन झालेले नाही,म्हणूनच हे प्रकल्प देशभर पाहिजे तेवढय़ा प्रमाणात गतिशील झालेले नाहीत,महुनासलेक प्रकालप तीश्पुरकांचे केंढडा प्रमाणात ्ॅकेशीन झालेले नाही,42.65,80.0,0,5.46
sample_00215,D:\marathi-asr\data\vistaar_benchmarks\kathbath_noisy\marathi\wavs\844424932484360-573-f.wav,राज्यातील करोनाग्रस्तांची एकूण संख्या १ लाख ८० हजार २९८ इतकी झाली आहे,राजातील करवना ्रस्तांची एकण संख्या एकात असी हहजार जो सवठावन इत्की झाली या,राज्यातील करोनाग्रस्तांची एकूण संख्या १ लाख ८० हजार २९८ इतकी झाली आहे,राजातील करवना ्रस्तांची एकण संख्या एकात असी हहजार जो सवठावन इत्की झाली या,37.68,91.67,0,7.31
sample_00216,D:\marathi-asr\data\vistaar_benchmarks\kathbath_noisy\marathi\wavs\844424932266703-980-f.wav,या निवडणुकीत प्रियंका गांधी स्वतःच काँग्रेसकडून मुख्यमंत्रीपदाचा चेहरा असणार आहेत,यानिवड नुकीत प्रियांका गांती स्वतःच कोंबर्स कडून मुख्य मंत्री पदाचाचे हरा असणार आहेत,या निवडणुकीत प्रियंका गांधी स्वतःच काँग्रेसकडून मुख्यमंत्रीपदाचा चेहरा असणार आहेत,यानिवड नुकीत प्रियांका गांती स्वतःच कोंबर्स कडून मुख्य मंत्री पदाचाचे हरा असणार आहेत,18.52,100.0,0,5.78
sample_00217,D:\marathi-asr\data\vistaar_benchmarks\kathbath_noisy\marathi\wavs\844424932828539-933-f.wav,यंदा गुजरातच्या निवडणुकीत भाजपला त्याचा सढळपणे वापर करावा लागणार असे दिसते,यंदा बुजलाच्ा निव दुकीत भाजातला त्याच्या सर्वपनणने वापर करावा लागणात असे दिसतील,यंदा गुजरातच्या निवडणुकीत भाजपला त्याचा सढळपणे वापर करावा लागणार असे दिसते,यंदा बुजलाच्ा निव दुकीत भाजातला त्याच्या सर्वपनणने वापर करावा लागणात असे दिसतील,24.32,72.73,0,5.57
sample_00218,D:\marathi-asr\data\vistaar_benchmarks\kathbath_noisy\marathi\wavs\844424930557205-737-f.wav,तामिळनाडूचा विजय शंकर हा ऑस्ट्रेलियाविरुद्धच्या उर्वरीत दोन सामन्यांसाठी भारतीय संघात असेल,तामेणनाडूचा विजेशन कर हा असेल्या विरतच्या उर्वदीततन सामनांसाठी भारतीय संघात असे,तामिळनाडूचा विजय शंकर हा ऑस्ट्रेलियाविरुद्धच्या उर्वरीत दोन सामन्यांसाठी भारतीय संघात असेल,तामेणनाडूचा विजेशन कर हा असेल्या विरतच्या उर्वदीततन सामनांसाठी भारतीय संघात असे,26.67,72.73,0,8.06
sample_00219,D:\marathi-asr\data\vistaar_benchmarks\kathbath_noisy\marathi\wavs\844424932266686-980-f.wav,१९४६ साली सिनेसृष्टीत पदार्पण केलं तेव्हा त्यांना मराठी नीट बोलता येत नव्हतं,इकुमिशीची चाळीसाली सेनी सृष्टिक पदार्थण केलं तेवहा त्याना माराटी लिट गेवता येतं,१९४६ साली सिनेसृष्टीत पदार्पण केलं तेव्हा त्यांना मराठी नीट बोलता येत नव्हतं,इकुमिशीची चाळीसाली सेनी सृष्टिक पदार्थण केलं तेवहा त्याना माराटी लिट गेवता येतं,44.74,100.0,0,6.04
sample_00220,D:\marathi-asr\data\vistaar_benchmarks\kathbath_noisy\marathi\wavs\844424932266752-980-f.wav,यात टॅब किंमत आणि शैक्षणिक अभ्यासक्रम यावर रु ६२ कोटी खर्च अपेक्षित आहे,यात त्याक किंमत आणि शैक्षणकअभ्याच क्रमयावर रुपये बास स्टकोठे खर्च पेक्षित आहे,यात टॅब किंमत आणि शैक्षणिक अभ्यासक्रम यावर रु ६२ कोटी खर्च अपेक्षित आहे,यात त्याक किंमत आणि शैक्षणकअभ्याच क्रमयावर रुपये बास स्टकोठे खर्च पेक्षित आहे,30.99,61.54,0,7.5
sample_00221,D:\marathi-asr\data\vistaar_benchmarks\kathbath_noisy\marathi\wavs\844424932330090-980-f.wav,पोटची मुलगी हवी म्हणून महिलेने जावेमार्फेत तिच्या बहिणीच्या मुलीचे अपहरण केल्याची धक्कादायक घटना घडली आहे,ची मोलगी हवी म्हणून महिनेने जावे मार्पत्तीच्या बैवीच्या मुलीच्या उपरण केण्याची दप्कादायखतला घडली आहे,पोटची मुलगी हवी म्हणून महिलेने जावेमार्फेत तिच्या बहिणीच्या मुलीचे अपहरण केल्याची धक्कादायक घटना घडली आहे,ची मोलगी हवी म्हणून महिनेने जावे मार्पत्तीच्या बैवीच्या मुलीच्या उपरण केण्याची दप्कादायखतला घडली आहे,24.76,73.33,0,8.01
sample_00222,D:\marathi-asr\data\vistaar_benchmarks\kathbath_noisy\marathi\wavs\844424932484395-573-f.wav,पुणे स्फोटाबाबत केंद्रातील आणि राज्यातील सर्व एजन्सीज तपास करीत आहेत,कोडी सपोटा बाबात केंद्रातील आणि राज्यातल तर्ग ज्याचे पपा करित आहे,पुणे स्फोटाबाबत केंद्रातील आणि राज्यातील सर्व एजन्सीज तपास करीत आहेत,कोडी सपोटा बाबात केंद्रातील आणि राज्यातल तर्ग ज्याचे पपा करित आहे,30.88,90.0,0,6.92
sample_00223,D:\marathi-asr\data\vistaar_benchmarks\kathbath_noisy\marathi\wavs\844424931570571-236-f.wav,सर्वोच्च न्यायालयात आजपासून मराठा आरक्षण प्रकरणावर अंतिम सुनावणीला सुरुवात होती,सतर्वोत चन्यायालयात आतपासून मराठा आरक्षण प्रकरणावर अंति सुनाणीला सुरुवात होती,सर्वोच्च न्यायालयात आजपासून मराठा आरक्षण प्रकरणावर अंतिम सुनावणीला सुरुवात होती,सतर्वोत चन्यायालयात आतपासून मराठा आरक्षण प्रकरणावर अंति सुनाणीला सुरुवात होती,8.86,50.0,0,7.85
sample_00224,D:\marathi-asr\data\vistaar_benchmarks\kathbath_noisy\marathi\wavs\844424930573342-737-f.wav,पुण्यात अनेक महापालिकेच्या शाळांमध्ये शेल्टर सुरू करण्यात आली होती,उनात अनेक महापालि तेच्या शाळांमध्ये शलेतर सुरू करण्याता ली होते,पुण्यात अनेक महापालिकेच्या शाळांमध्ये शेल्टर सुरू करण्यात आली होती,उनात अनेक महापालि तेच्या शाळांमध्ये शलेतर सुरू करण्याता ली होते,19.7,77.78,0,5.13
sample_00225,D:\marathi-asr\data\vistaar_benchmarks\kathbath_noisy\marathi\wavs\844424932330098-980-f.wav,जेव्हा फॉर्म सुरू होतो तेव्हा एन्डोकॅरिझोसिसची खालील चिन्हे एका स्त्रीमध्ये नोंदवता येतात,टवा फॉउंट सुर होतो तेव्हा एँडेकॅरि जेतिचे खाल्िनचीनने एकासक्री मध्ये मंदवता येतात,जेव्हा फॉर्म सुरू होतो तेव्हा एन्डोकॅरिझोसिसची खालील चिन्हे एका स्त्रीमध्ये नोंदवता येतात,टवा फॉउंट सुर होतो तेव्हा एँडेकॅरि जेतिचे खाल्िनचीनने एकासक्री मध्ये मंदवता येतात,32.58,75.0,0,7.11
sample_00226,D:\marathi-asr\data\vistaar_benchmarks\kathbath_noisy\marathi\wavs\844424930573336-737-f.wav,निपाणी मतदारसंघात भाजपच्या विद्यमान आमदार शशिकला जोल्ले विजयी झाल्या,मी पाणी मततदाल संगा भाजेच्या विद्यमान आंदार शशिकला जोलले विचयी झाल्या,निपाणी मतदारसंघात भाजपच्या विद्यमान आमदार शशिकला जोल्ले विजयी झाल्या,मी पाणी मततदाल संगा भाजेच्या विद्यमान आंदार शशिकला जोलले विचयी झाल्या,17.65,88.89,0,5.69
sample_00227,D:\marathi-asr\data\vistaar_benchmarks\kathbath_noisy\marathi\wavs\844424932311941-980-f.wav,पुस्तकाची एकंदर रचना विद्यार्थामधील वैचारिक क्षमतेला आणि लॉजिकल थिंकिंगला चालना देणारी अशीच आहे,्तकांचे एकंदरराचीना विद्यार्थांमधील वैचारक्षमतेल आणि रॉजिकलतींतिंगला जालला देणारी अशीच आहे,पुस्तकाची एकंदर रचना विद्यार्थामधील वैचारिक क्षमतेला आणि लॉजिकल थिंकिंगला चालना देणारी अशीच आहे,्तकांचे एकंदरराचीना विद्यार्थांमधील वैचारक्षमतेल आणि रॉजिकलतींतिंगला जालला देणारी अशीच आहे,21.05,69.23,0,7.57
sample_00228,D:\marathi-asr\data\vistaar_benchmarks\kathbath_noisy\marathi\wavs\844424932823400-715-f.wav,नव्या नावाला मान्यता मिळावी याकरीता व्यवस्थापनाने पालिकेच्या शिक्षण विभागाकडे प्रस्ताव पाठवला आहे,नळ्या नावाला आमी तमेळाविाकरितावे्यस्थापनाने पालीकेच्या विभागापडे कणत पाठवला आहे,नव्या नावाला मान्यता मिळावी याकरीता व्यवस्थापनाने पालिकेच्या शिक्षण विभागाकडे प्रस्ताव पाठवला आहे,नळ्या नावाला आमी तमेळाविाकरितावे्यस्थापनाने पालीकेच्या विभागापडे कणत पाठवला आहे,32.99,75.0,0,8.2
sample_00229,D:\marathi-asr\data\vistaar_benchmarks\kathbath_noisy\marathi\wavs\844424930875875-954-f.wav,म्हणूनच मी त्यांचं नाव वगैरे आताच काही सांगत नाहीय,महनूनस्मी त्यांच नाव वगेरे आताच काही सांगत नाही,म्हणूनच मी त्यांचं नाव वगैरे आताच काही सांगत नाहीय,महनूनस्मी त्यांच नाव वगेरे आताच काही सांगत नाही,14.0,55.56,0,4.09
sample_00230,D:\marathi-asr\data\vistaar_benchmarks\kathbath_noisy\marathi\wavs\844424932311922-980-f.wav,मेरी कोम संयम सह खेळली आणि ती संधीची वाट पाहत होती,एडिकम सईयमस खेडली आणि तिसंधीची वाट पात होते,मेरी कोम संयम सह खेळली आणि ती संधीची वाट पाहत होती,एडिकम सईयमस खेडली आणि तिसंधीची वाट पात होते,28.0,81.82,0,3.83
sample_00231,D:\marathi-asr\data\vistaar_benchmarks\kathbath_noisy\marathi\wavs\844424930834581-954-f.wav,तत्कालीन विरोधी पक्षनेत्या सुषमा स्वराज यांनी हा मोठा घोटाळा असल्याचा आरोप केला होता,तत्कालीनविरोती पक्षणेता सूक्ष्म सहरा ज्यांनी ह्या मोठा गोटाळा असल्याचा आरोग केला होता,तत्कालीन विरोधी पक्षनेत्या सुषमा स्वराज यांनी हा मोठा घोटाळा असल्याचा आरोप केला होता,तत्कालीनविरोती पक्षणेता सूक्ष्म सहरा ज्यांनी ह्या मोठा गोटाळा असल्याचा आरोग केला होता,21.43,69.23,0,6.55
sample_00232,D:\marathi-asr\data\vistaar_benchmarks\kathbath_noisy\marathi\wavs\844424932330055-980-f.wav,त्यामुळे दोन महान खेळाडूंमधला अंतिम सामना बघण्याची प्रेक्षकांची संधी हुकली खरी,क्यावमळात दोन महान केडा डूक बादना अतीन चांगला बघण्याची प्रेक्षिटांची चंगली विकली खरी,त्यामुळे दोन महान खेळाडूंमधला अंतिम सामना बघण्याची प्रेक्षकांची संधी हुकली खरी,क्यावमळात दोन महान केडा डूक बादना अतीन चांगला बघण्याची प्रेक्षिटांची चंगली विकली खरी,35.9,81.82,0,6.83
sample_00233,D:\marathi-asr\data\vistaar_benchmarks\kathbath_noisy\marathi\wavs\844424932372172-132-f.wav,निरूपमांच्या नकारात्मक कार्यपद्धतीमुळे उमेदवार नियुक्ती प्रक्रिया आणि प्रचारातून बाहेर पडत असल्याचं त्यांनी म्हटलं आहे,निर्पंच्या लकारात्मक कार्यपद्धतीमुळे उमेद्वार नियुक्ती प्रक्रिया आणि प्रचारातून पाहेत पणत असल्याचे त्याने महटले आहे,निरूपमांच्या नकारात्मक कार्यपद्धतीमुळे उमेदवार नियुक्ती प्रक्रिया आणि प्रचारातून बाहेर पडत असल्याचं त्यांनी म्हटलं आहे,निर्पंच्या लकारात्मक कार्यपद्धतीमुळे उमेद्वार नियुक्ती प्रक्रिया आणि प्रचारातून पाहेत पणत असल्याचे त्याने महटले आहे,11.02,57.14,0,9.03
sample_00234,D:\marathi-asr\data\vistaar_benchmarks\kathbath_noisy\marathi\wavs\844424932372170-132-f.wav,गावकरी थट्टा मस्करीत एकमेकांना एकाच्या दोन करून कथा सांगतात,गावकरी थॅक्टा मसकरी तेक मिकाना एकाच्या दोन करून कथा असांगतात,गावकरी थट्टा मस्करीत एकमेकांना एकाच्या दोन करून कथा सांगतात,गावकरी थॅक्टा मसकरी तेक मिकाना एकाच्या दोन करून कथा असांगतात,16.95,55.56,0,5.69
sample_00235,D:\marathi-asr\data\vistaar_benchmarks\kathbath_noisy\marathi\wavs\844424930573347-737-f.wav,तुम्हाला कॅश किंवा परदेशी चलन घेऊन जाण्याची काळजी करण्याची गरज नाही,तुम्हाला कॅश्केवापरतेशी चलन घेऊन जाण्याची काळजी करण्याची गरज नाही,तुम्हाला कॅश किंवा परदेशी चलन घेऊन जाण्याची काळजी करण्याची गरज नाही,तुम्हाला कॅश्केवापरतेशी चलन घेऊन जाण्याची काळजी करण्याची गरज नाही,7.46,27.27,0,5.41
sample_00236,D:\marathi-asr\data\vistaar_benchmarks\kathbath_noisy\marathi\wavs\844424930868481-933-f.wav,त्या मुर्तीभोवती एक भला मोठा नाग वेटाळे घालून बसल्याचे खोदकाम करणाऱ्याला दिसून आले,त्या मुती भोती एक मला मोठ्या नाग वेटोळे घालून बसल्याचे होकाम करण्याल रा दिसून ाले,त्या मुर्तीभोवती एक भला मोठा नाग वेटाळे घालून बसल्याचे खोदकाम करणाऱ्याला दिसून आले,त्या मुती भोती एक मला मोठ्या नाग वेटोळे घालून बसल्याचे होकाम करण्याल रा दिसून ाले,19.28,69.23,0,6.69
sample_00237,D:\marathi-asr\data\vistaar_benchmarks\kathbath_noisy\marathi\wavs\844424930573345-737-f.wav,१६ मे रोजी संजय दत्तसह काही आरोपी टाडा न्यायालयात शरण आले होते,सोळाबेनलो दुसंजदत सह काही आरुपी ताळन्याले शगणआले होते,१६ मे रोजी संजय दत्तसह काही आरोपी टाडा न्यायालयात शरण आले होते,सोळाबेनलो दुसंजदत सह काही आरुपी ताळन्याले शगणआले होते,41.94,83.33,0,5.85
sample_00238,D:\marathi-asr\data\vistaar_benchmarks\kathbath_noisy\marathi\wavs\844424931570530-236-f.wav,एका मालगाडीच्या ड्रायव्हरने प्रसंगावधान राखून गाडी थांबवली आणि हा तुकडा बाजूला केला,एका मालगाडीच्या झावरणी प्रसंगावदान राखूद गाळी थांबवली आणि हा तुकडा बाजला केला,एका मालगाडीच्या ड्रायव्हरने प्रसंगावधान राखून गाडी थांबवली आणि हा तुकडा बाजूला केला,एका मालगाडीच्या झावरणी प्रसंगावदान राखूद गाळी थांबवली आणि हा तुकडा बाजला केला,14.46,41.67,0,7.69
sample_00239,D:\marathi-asr\data\vistaar_benchmarks\kathbath_noisy\marathi\wavs\844424931570561-236-f.wav,रात्री जागरण करणे किंवा रात्री उशिरा झोपणे हेदेखील शरीरास अपायकारक आहे,रातरी जागरण करणे किंवाराआतिक उश्र जोटने की देखील चरीरात अपायकार आहे,रात्री जागरण करणे किंवा रात्री उशिरा झोपणे हेदेखील शरीरास अपायकारक आहे,रातरी जागरण करणे किंवाराआतिक उश्र जोटने की देखील चरीरात अपायकार आहे,24.29,72.73,0,6.32
sample_00240,D:\marathi-asr\data\vistaar_benchmarks\kathbath_noisy\marathi\wavs\844424932330108-980-f.wav,भाजपकडून प्रज्ञासिंह यांना हिंदु चेहरा म्हणून पुढे आणण्याचा प्रयत्न सुरु आहे,जगकडून प्रज्ञची हा यांना हिंदू झहरामहणून पोढ्ेय अन्याचा प्रयत्न सुरू आहे,भाजपकडून प्रज्ञासिंह यांना हिंदु चेहरा म्हणून पुढे आणण्याचा प्रयत्न सुरु आहे,जगकडून प्रज्ञची हा यांना हिंदू झहरामहणून पोढ्ेय अन्याचा प्रयत्न सुरू आहे,26.32,81.82,0,5.62
sample_00241,D:\marathi-asr\data\vistaar_benchmarks\kathbath_noisy\marathi\wavs\844424932372160-132-f.wav,आतला टेम्परेचरचा नॉब थन्डीच्या दिवसात खुप हायला ठेवण्यात पोईन्ट नाही,आतला टेंबपरेचयरचा नॉप थंडीच्या दिवसात खूप फायला ठेवड्यात पळ नाही,आतला टेम्परेचरचा नॉब थन्डीच्या दिवसात खुप हायला ठेवण्यात पोईन्ट नाही,आतला टेंबपरेचयरचा नॉप थंडीच्या दिवसात खूप फायला ठेवड्यात पळ नाही,20.59,70.0,0,5.87
sample_00242,D:\marathi-asr\data\vistaar_benchmarks\kathbath_noisy\marathi\wavs\844424932330024-980-f.wav,आता संपूर्ण अभ्यासातील सर्वात अवघड कामाचा टप्पा सुरु झाला,तसंपूर्ण अभ्यासातील सर्वाता उगळ कामाचा टॅप्पा सुरू झाला,आता संपूर्ण अभ्यासातील सर्वात अवघड कामाचा टप्पा सुरु झाला,तसंपूर्ण अभ्यासातील सर्वाता उगळ कामाचा टॅप्पा सुरू झाला,17.54,66.67,0,4.57
sample_00243,D:\marathi-asr\data\vistaar_benchmarks\kathbath_noisy\marathi\wavs\844424932262452-809-f.wav,त्यानंतर सलमान खान आणि काँग्रेस अध्यक्ष राहुल यांच्या भेटीनंतरही चर्चा सुरू झाल्या,त्यानंतर सल्मानखान आणि कांगरी सध्येक्षशरा होन यांच्या भेटीनंतरही चाच्या सुरू झाल्या,त्यानंतर सलमान खान आणि काँग्रेस अध्यक्ष राहुल यांच्या भेटीनंतरही चर्चा सुरू झाल्या,त्यानंतर सल्मानखान आणि कांगरी सध्येक्षशरा होन यांच्या भेटीनंतरही चाच्या सुरू झाल्या,18.29,50.0,0,8.48
sample_00244,D:\marathi-asr\data\vistaar_benchmarks\kathbath_noisy\marathi\wavs\844424930557273-737-f.wav,याच निमित्ताने केंद्रीय गृहमंत्री अमित शहा सोलापूरमध्ये दाखल झाले होते,मताणे केंद्रिय करयामंत्री अमिक्षा सोल्यापूरमध्ये दाखल झालेल होते,याच निमित्ताने केंद्रीय गृहमंत्री अमित शहा सोलापूरमध्ये दाखल झाले होते,मताणे केंद्रिय करयामंत्री अमिक्षा सोल्यापूरमध्ये दाखल झालेल होते,31.43,80.0,0,5.39
sample_00245,D:\marathi-asr\data\vistaar_benchmarks\kathbath_noisy\marathi\wavs\844424931570572-236-f.wav,सध्या संपूर्ण देशभरात अवयवदानाबाबत लोकांमध्ये जागरूकता निर्माण करण्यात येत आहे,सध्या संपूर्ण देशभरा अवयोगदानाबाबत लोकांमध्ये जाकरुक निर्माण करण्यातयत आहे,सध्या संपूर्ण देशभरात अवयवदानाबाबत लोकांमध्ये जागरूकता निर्माण करण्यात येत आहे,सध्या संपूर्ण देशभरा अवयोगदानाबाबत लोकांमध्ये जाकरुक निर्माण करण्यातयत आहे,11.54,50.0,0,7.13
sample_00246,D:\marathi-asr\data\vistaar_benchmarks\kathbath_noisy\marathi\wavs\844424930875899-954-f.wav,कारण इंग्रजी ही मराठीचीच उपभाषा झाली आहे आजकाल त्यामुळे हे आवश्यक आहे,कारण पेंग्रजीही मराटीचे सुप भाशा झाली आहे आजकाल त्यामुळे हे आवश्यक आहे,कारण इंग्रजी ही मराठीचीच उपभाषा झाली आहे आजकाल त्यामुळे हे आवश्यक आहे,कारण पेंग्रजीही मराटीचे सुप भाशा झाली आहे आजकाल त्यामुळे हे आवश्यक आहे,14.49,33.33,0,6.08
sample_00247,D:\marathi-asr\data\vistaar_benchmarks\kathbath_noisy\marathi\wavs\844424930557279-737-f.wav,अभिनेता सिद्धार्थ शुक्लाच्या निधनामुळे केवळ मुंबईतच नव्हे तर संगमनगरीमध्ये सुद्धा खूपच शोककळा पसरली आहे,अविनेता स तर्थ शुकलाच्या निद्नामुळे केवळ उबईतसना हे ता संगंलकरीमध्ये सुद्ता खूप शोककळा पसरली आहे,अभिनेता सिद्धार्थ शुक्लाच्या निधनामुळे केवळ मुंबईतच नव्हे तर संगमनगरीमध्ये सुद्धा खूपच शोककळा पसरली आहे,अविनेता स तर्थ शुकलाच्या निद्नामुळे केवळ उबईतसना हे ता संगंलकरीमध्ये सुद्ता खूप शोककळा पसरली आहे,21.36,78.57,0,7.89
sample_00248,D:\marathi-asr\data\vistaar_benchmarks\kathbath_noisy\marathi\wavs\844424931570522-236-f.wav,केंद्र आणि राज्य शासनाच्या टाळेबंदी शिथिलीकरणानुसार १ जुलैपासून जिल्ह्यतील व्यवहार आणखी खुले होणे अपेक्षित होते,केंद्र आणि राध्दशासनाच्या काळीबंदी शेतीली करणांसार एक ुलेपासून गेल्यातील व्यवहार आणखी खुले गोडेल आपश्षित होते,केंद्र आणि राज्य शासनाच्या टाळेबंदी शिथिलीकरणानुसार १ जुलैपासून जिल्ह्यतील व्यवहार आणखी खुले होणे अपेक्षित होते,केंद्र आणि राध्दशासनाच्या काळीबंदी शेतीली करणांसार एक ुलेपासून गेल्यातील व्यवहार आणखी खुले गोडेल आपश्षित होते,23.42,60.0,0,10.29
sample_00249,D:\marathi-asr\data\vistaar_benchmarks\kathbath_noisy\marathi\wavs\844424930906979-972-f.wav,गेल्या महिन्याभरापासून कर्नाटक सरकारने राष्ट्रपती प्रणव मुखर्जीची वेळ घेण्यासाठी प्रयत्न चालवले होते,गेल्या महिन्याभरापासून तरमाटक सरकारल राषट्टपतीत्रणांु करजींची वेळा घेण्यासाठी प्रयत चालवले होते,गेल्या महिन्याभरापासून कर्नाटक सरकारने राष्ट्रपती प्रणव मुखर्जीची वेळ घेण्यासाठी प्रयत्न चालवले होते,गेल्या महिन्याभरापासून तरमाटक सरकारल राषट्टपतीत्रणांु करजींची वेळा घेण्यासाठी प्रयत चालवले होते,19.0,58.33,0,7.89
sample_00250,D:\marathi-asr\data\vistaar_benchmarks\kathbath_noisy\marathi\wavs\844424931130665-933-f.wav,देशातील अनेक धार्मिक स्थळे पर्यटनस्थळे बनल्यामुळे आज तेथील सात्त्विकता आणि चैतन्य न्यून झाले आहे,किशाची मनी झारणीसी परषे सक पद् आहे आण केवीसाठी कारचे तंधे सांगा,देशातील अनेक धार्मिक स्थळे पर्यटनस्थळे बनल्यामुळे आज तेथील सात्त्विकता आणि चैतन्य न्यून झाले आहे,किशाची मनी झारणीसी परषे सक पद् आहे आण केवीसाठी कारचे तंधे सांगा,69.79,100.0,0,6.83
sample_00251,D:\marathi-asr\data\vistaar_benchmarks\kathbath_noisy\marathi\wavs\844424932823361-715-f.wav,एअरटेलने त्यांच्या ग्राहकांना संभाव्य हल्ल्यापासून वाचण्यासाठी काही सुरक्षा उपाय आत्मसात करण्यास सांगितले आहे,एर्टलने त्यांच्या ग्राहकांना संभावे हाल्यापासून वाचवण्यासाठी काही सुरक्षा उपाय अस्यसात करण्यास सांगितले आहे,एअरटेलने त्यांच्या ग्राहकांना संभाव्य हल्ल्यापासून वाचण्यासाठी काही सुरक्षा उपाय आत्मसात करण्यास सांगितले आहे,एर्टलने त्यांच्या ग्राहकांना संभावे हाल्यापासून वाचवण्यासाठी काही सुरक्षा उपाय अस्यसात करण्यास सांगितले आहे,10.09,38.46,0,7.92
sample_00252,D:\marathi-asr\data\vistaar_benchmarks\kathbath_noisy\marathi\wavs\844424932372242-132-f.wav,मग उठून बसून घाम पुसला आणि तिथेच चुळबूळ करीत राहिल्या,म कुठटूंपासून घाम उसला आणि तिपेच गूळकारीत राहिल्या,मग उठून बसून घाम पुसला आणि तिथेच चुळबूळ करीत राहिल्या,म कुठटूंपासून घाम उसला आणि तिपेच गूळकारीत राहिल्या,30.19,70.0,0,5.27
sample_00253,D:\marathi-asr\data\vistaar_benchmarks\kathbath_noisy\marathi\wavs\844424930573361-737-f.wav,मॉर्निंग वॉक ला येणारे या त्रासाने फूटपाठ चा वापर न करता रस्त्यावर चालतात,मॉनिम वपला यणारे या त रासायनि पूटपाचा वापरना करता ्स्तावर चालतात,मॉर्निंग वॉक ला येणारे या त्रासाने फूटपाठ चा वापर न करता रस्त्यावर चालतात,मॉनिम वपला यणारे या त रासायनि पूटपाचा वापरना करता ्स्तावर चालतात,26.03,76.92,0,5.78
sample_00254,D:\marathi-asr\data\vistaar_benchmarks\kathbath_noisy\marathi\wavs\844424931570548-236-f.wav,रवीवारी पहाटे ५ ते ६ च्या सुमारास बाईक राईडिंग साठी त्याने घर सोडले,"रहीवारी पाहाटे , पाच ते सहाच्या सुमारास मायक्राडींगसाठी त्याने घर सोडले",रवीवारी पहाटे ५ ते ६ च्या सुमारास बाईक राईडिंग साठी त्याने घर सोडले,रहीवारी पाहाटे पाच ते सहाच्या सुमारास मायक्राडींगसाठी त्याने घर सोडले,20.9,61.54,0,5.97
sample_00255,D:\marathi-asr\data\vistaar_benchmarks\kathbath_noisy\marathi\wavs\844424930906993-972-f.wav,शनिवार २९ मे २०१० रोजी वयाच्या ८८ व्या वर्षी त्यांची त्याच हाॅस्पिटलमध्ये प्राणज्योत मालवली,सनीवारी ए कोणतीस्ने जोनसर्धारो जिवायाच्या अटेंशी व्यावर्षी त्यांची त्यास हस्फेटीमध्ये प्रामजात मावली,शनिवार २९ मे २०१० रोजी वयाच्या ८८ व्या वर्षी त्यांची त्याच हाॅस्पिटलमध्ये प्राणज्योत मालवली,सनीवारी ए कोणतीस्ने जोनसर्धारो जिवायाच्या अटेंशी व्यावर्षी त्यांची त्यास हस्फेटीमध्ये प्रामजात मावली,47.25,92.86,0,8.45
sample_00256,D:\marathi-asr\data\vistaar_benchmarks\kathbath_noisy\marathi\wavs\844424930906950-972-f.wav,अहमदाबादचे आमदार अर्जुनसिंह चौहान यांच्याकडे सर्वांत कमी संपत्ती आहे,तुंदामांचे आंदार अर्जिनसिअ चोहन यांच्याकडे सर्वात कमी संपन,अहमदाबादचे आमदार अर्जुनसिंह चौहान यांच्याकडे सर्वांत कमी संपत्ती आहे,तुंदामांचे आंदार अर्जिनसिअ चोहन यांच्याकडे सर्वात कमी संपन,29.41,77.78,0,6.25
sample_00257,D:\marathi-asr\data\vistaar_benchmarks\kathbath_noisy\marathi\wavs\844424931218203-933-f.wav,आरोग्यमंत्री राजेश टोपे या बंदीबाबतचा प्रस्ताव राज्य मंत्रिमंडळाच्या बैठकीत मांडण्याची शक्यता आहे,आरोग्य मंत्री राज्यष्टॉपे याबंदीबाबतचा प्रस्था पराज्य मंत्री मंडळाच्या भैटटाकेत मानणलयाची शक्यचा आहे,आरोग्यमंत्री राजेश टोपे या बंदीबाबतचा प्रस्ताव राज्य मंत्रिमंडळाच्या बैठकीत मांडण्याची शक्यता आहे,आरोग्य मंत्री राज्यष्टॉपे याबंदीबाबतचा प्रस्था पराज्य मंत्री मंडळाच्या भैटटाकेत मानणलयाची शक्यचा आहे,21.65,91.67,0,8.59
sample_00258,D:\marathi-asr\data\vistaar_benchmarks\kathbath_noisy\marathi\wavs\844424932823360-715-f.wav,आपण बँकेकडून काही मर्यादेपर्यंत कर्ज घेतल्यास त्यावर कोणतंही व्याज द्यावं लागणार नाही,आपण बँकेकडून काही मर्यादेपर्यंत कर्ज घेतल्यास त्यावर कोणतही व्याज द्याव लागणार नाही,आपण बँकेकडून काही मर्यादेपर्यंत कर्ज घेतल्यास त्यावर कोणतंही व्याज द्यावं लागणार नाही,आपण बँकेकडून काही मर्यादेपर्यंत कर्ज घेतल्यास त्यावर कोणतही व्याज द्याव लागणार नाही,2.35,16.67,0,6.85
sample_00259,D:\marathi-asr\data\vistaar_benchmarks\kathbath_noisy\marathi\wavs\844424932311895-980-f.wav,संख्येने विरोधी पक्ष कमी असला तरी अखंड महाराष्ट्रवादी जनता विरोधी पक्षांच्या पाठीमागे आहे,संख्यने विरृोधी पक्ष कमी असला तरी अखंड महाराष्ट्रभाती जनत विरृती पक्षाच्या पाटी माती आहे,संख्येने विरोधी पक्ष कमी असला तरी अखंड महाराष्ट्रवादी जनता विरोधी पक्षांच्या पाठीमागे आहे,संख्यने विरृोधी पक्ष कमी असला तरी अखंड महाराष्ट्रभाती जनत विरृती पक्षाच्या पाटी माती आहे,13.48,61.54,0,6.92
sample_00260,D:\marathi-asr\data\vistaar_benchmarks\kathbath_noisy\marathi\wavs\844424932266682-980-f.wav,२००६ मध्ये कंपनीने अजून ३६ नवी विमाने विकत घेतली,दोन हजार सामध्ये कंपनीने अजून छरत्येस नवी विमाने विकत घेतली आहेत,२००६ मध्ये कंपनीने अजून ३६ नवी विमाने विकत घेतली,दोन हजार सामध्ये कंपनीने अजून छरत्येस नवी विमाने विकत घेतली आहेत,45.83,55.56,0,4.97
sample_00261,D:\marathi-asr\data\vistaar_benchmarks\kathbath_noisy\marathi\wavs\844424932828583-933-f.wav,वाहतूक पूर्वपदावर येत असल्याचे वाहतूक पोलिसांनी सांगितले आहे,वाहत पू्णपदावर येतसल्याचे वाहतोग खोलेसानी सांगितले आहे,वाहतूक पूर्वपदावर येत असल्याचे वाहतूक पोलिसांनी सांगितले आहे,वाहत पू्णपदावर येतसल्याचे वाहतोग खोलेसानी सांगितले आहे,18.33,75.0,0,4.55
sample_00262,D:\marathi-asr\data\vistaar_benchmarks\kathbath_noisy\marathi\wavs\844424931570516-236-f.wav,ऊस भरलेली वाहने शेतात अडकण्याचा धोका असल्याने सखल भागात ऊसतोडणी रखडली आहे,ऊस भरलेली वाहने शेतात अडकण्याचा दोका असल्याने सखरभागात उस्तोडणी रखडली आहे,ऊस भरलेली वाहने शेतात अडकण्याचा धोका असल्याने सखल भागात ऊसतोडणी रखडली आहे,ऊस भरलेली वाहने शेतात अडकण्याचा दोका असल्याने सखरभागात उस्तोडणी रखडली आहे,6.85,33.33,0,8.29
sample_00263,D:\marathi-asr\data\vistaar_benchmarks\kathbath_noisy\marathi\wavs\844424932311878-980-f.wav,सध्या रक्तपेढीमध्ये रक्तांच्या बदली रक्त घेण्यासाठी गर्दी वाढत चालली आहे,चग्यरक्तपेळीमध्ये रगतांच्या बदलील रक्त घेण्यासाठी गरदी वाळत चाली आहे,सध्या रक्तपेढीमध्ये रक्तांच्या बदली रक्त घेण्यासाठी गर्दी वाढत चालली आहे,चग्यरक्तपेळीमध्ये रगतांच्या बदलील रक्त घेण्यासाठी गरदी वाळत चाली आहे,15.28,70.0,0,5.9
sample_00264,D:\marathi-asr\data\vistaar_benchmarks\kathbath_noisy\marathi\wavs\844424930557264-737-f.wav,त्या जोरावरच अनुच्छेद ३७० रद्द करण्याचा ऐतिहासिक निर्णय मोदी सरकारने घेतला,ता जोराबर सानुक शेतींशे सर्त लद्दा करण्याचा इतिहा सिक घेडेया मदी सरकारने घेतला,त्या जोरावरच अनुच्छेद ३७० रद्द करण्याचा ऐतिहासिक निर्णय मोदी सरकारने घेतला,ता जोराबर सानुक शेतींशे सर्त लद्दा करण्याचा इतिहा सिक घेडेया मदी सरकारने घेतला,39.19,90.91,0,6.59
sample_00265,D:\marathi-asr\data\vistaar_benchmarks\kathbath_noisy\marathi\wavs\844424932266707-980-f.wav,असं स्वच्छ झालेलं पाणी शेणमुक्त कसं करायचं याबद्दल काहीच लिहिलेलं नाही,सुस्वच्े झालेला पाणे शेणमक्त कस करायच याबद्दल काहीच लिलेलं नाही,असं स्वच्छ झालेलं पाणी शेणमुक्त कसं करायचं याबद्दल काहीच लिहिलेलं नाही,सुस्वच्े झालेला पाणे शेणमक्त कस करायच याबद्दल काहीच लिलेलं नाही,15.71,72.73,0,5.29
sample_00266,D:\marathi-asr\data\vistaar_benchmarks\kathbath_noisy\marathi\wavs\844424930573375-737-f.wav,वटसावित्री दिवशी सुवासिनी महिला वडाची पूजा करून आपल्या पतीच्या दीर्घायुष्यासाठी प्रार्थना करतात,वटसावितक्री दिवशी सुवासीनी महिला वळाची पुशाकरूण आपल्या पतीच्या दिर्घा विषासाठी कारतना करतात,वटसावित्री दिवशी सुवासिनी महिला वडाची पूजा करून आपल्या पतीच्या दीर्घायुष्यासाठी प्रार्थना करतात,वटसावितक्री दिवशी सुवासीनी महिला वळाची पुशाकरूण आपल्या पतीच्या दिर्घा विषासाठी कारतना करतात,18.95,66.67,0,7.8
sample_00267,D:\marathi-asr\data\vistaar_benchmarks\kathbath_noisy\marathi\wavs\844424932372179-132-f.wav,बाळाचं पहिलं दर्शन घ्यायला ती अगदी मनापासून उत्सुक होती,भावच्या पहल्यात पास येना शाती मनापस चतो,बाळाचं पहिलं दर्शन घ्यायला ती अगदी मनापासून उत्सुक होती,भावच्या पहल्यात पास येना शाती मनापस चतो,69.09,100.0,0,5.18
sample_00268,D:\marathi-asr\data\vistaar_benchmarks\kathbath_noisy\marathi\wavs\844424931130753-933-f.wav,पण तुम्हाला अंदाज आला असेल मी फ्रेंड्स कसं पाहत होतो,पं तुम्हाला आजाकारा सेर्मीकफ्रेंट्स कसा पाहत होतो ?,पण तुम्हाला अंदाज आला असेल मी फ्रेंड्स कसं पाहत होतो,पं तुम्हाला आजाकारा सेर्मीकफ्रेंट्स कसा पाहत होतो,26.92,70.0,0,3.2
sample_00269,D:\marathi-asr\data\vistaar_benchmarks\kathbath_noisy\marathi\wavs\844424931570520-236-f.wav,या मोर्चात भाजपचे लाल सिंह आणि चंद्रप्रकाश गंगा हेही समाविष्ट होते,याभरच्यात माझ्य कसले लाल विह आणि जंद्र प्रकाश कंगा युनी कणाविटका टरते,या मोर्चात भाजपचे लाल सिंह आणि चंद्रप्रकाश गंगा हेही समाविष्ट होते,याभरच्यात माझ्य कसले लाल विह आणि जंद्र प्रकाश कंगा युनी कणाविटका टरते,42.42,90.91,0,7.15
sample_00270,D:\marathi-asr\data\vistaar_benchmarks\kathbath_noisy\marathi\wavs\844424932372218-132-f.wav,त्यामुळे मार्केटमध्ये येणाऱ्या ग्राहकांची संख्या कमी झाली असून त्याचाही परिणाम या बाजारभावावर झाला आहे,कॅमळ पार्केटमध्ये येणा्या ग्राहकांचे संख्या कमी झाली असून त्याचाही परिणाम्या बाजातचा वपन झाला आहे,त्यामुळे मार्केटमध्ये येणाऱ्या ग्राहकांची संख्या कमी झाली असून त्याचाही परिणाम या बाजारभावावर झाला आहे,कॅमळ पार्केटमध्ये येणा्या ग्राहकांचे संख्या कमी झाली असून त्याचाही परिणाम्या बाजातचा वपन झाला आहे,16.5,50.0,0,8.29
sample_00271,D:\marathi-asr\data\vistaar_benchmarks\kathbath_noisy\marathi\wavs\844424932330061-980-f.wav,या डिस्काउंटद्वारे ग्राहक ४० हजार रुपयांची बचत करु शकतात,या डिस्टाउंडद्वारे ग्राहक चाळी हजार रुपयांची बचत करू शकतात,या डिस्काउंटद्वारे ग्राहक ४० हजार रुपयांची बचत करु शकतात,या डिस्टाउंडद्वारे ग्राहक चाळी हजार रुपयांची बचत करू शकतात,12.5,33.33,0,4.85
sample_00272,D:\marathi-asr\data\vistaar_benchmarks\kathbath_noisy\marathi\wavs\844424931130672-933-f.wav,तुरुंगात झालेली मैत्री एका नायजेरियन विद्यार्थ्यांला चांगलीच महागात पडली आहे,रगा चलेली मैत्री एका नायजे े पत्याकरात चांगलेच मागत पडली आहे,तुरुंगात झालेली मैत्री एका नायजेरियन विद्यार्थ्यांला चांगलीच महागात पडली आहे,रगा चलेली मैत्री एका नायजे े पत्याकरात चांगलेच मागत पडली आहे,32.89,70.0,0,4.55
sample_00273,D:\marathi-asr\data\vistaar_benchmarks\kathbath_noisy\marathi\wavs\844424932337118-809-f.wav,ह्या चित्रपटातून गौरी इंगवले ही अभिनेत्री पदार्पण करत आहे,अचत्रफटातून गोरी इंगवले हीय भिन्यात्रि पदार के आहे,ह्या चित्रपटातून गौरी इंगवले ही अभिनेत्री पदार्पण करत आहे,अचत्रफटातून गोरी इंगवले हीय भिन्यात्रि पदार के आहे,33.33,77.78,0,6.87
sample_00274,D:\marathi-asr\data\vistaar_benchmarks\kathbath_noisy\marathi\wavs\844424932372207-132-f.wav,कोळणींना मासेविक्रीसाठी डोक्यावर छप्पर बांधून देणे हे महापालिका प्रशासनाने कर्तव्य आहे,कोळमींना मासे विक्रीसाठी टोक्या व छ्पर बांनूनदेणे हे माहननरपालीकाप्रशासनाचे कर्ताली आहे,कोळणींना मासेविक्रीसाठी डोक्यावर छप्पर बांधून देणे हे महापालिका प्रशासनाने कर्तव्य आहे,कोळमींना मासे विक्रीसाठी टोक्या व छ्पर बांनूनदेणे हे माहननरपालीकाप्रशासनाचे कर्ताली आहे,20.93,90.91,0,7.59
sample_00275,D:\marathi-asr\data\vistaar_benchmarks\kathbath_noisy\marathi\wavs\844424930573343-737-f.wav,या विजयानंतर भारताचे माजी क्रिकेटपटू सुनिल गावसकर यांनी ऑस्ट्रेलियाचा कर्णधार टीम पेन याला सुनावलं आहे,या वज्यानंतर भारतासे मार्षिक्रितेटपटूसनील कागसकर्याणि असले याचा करणाधारटीम पेंढियाला सुनावला आहे,या विजयानंतर भारताचे माजी क्रिकेटपटू सुनिल गावसकर यांनी ऑस्ट्रेलियाचा कर्णधार टीम पेन याला सुनावलं आहे,या वज्यानंतर भारतासे मार्षिक्रितेटपटूसनील कागसकर्याणि असले याचा करणाधारटीम पेंढियाला सुनावला आहे,30.39,86.67,0,7.99
sample_00276,D:\marathi-asr\data\vistaar_benchmarks\kathbath_noisy\marathi\wavs\844424932262419-809-f.wav,कधी अफलातून कामगिरी करतात तर कधी पूर्णपणे ढेपाळून जातात,कधी अफलातून कांगीर करतात तर तधे पूर्णतने धेकाढून जातात,कधी अफलातून कामगिरी करतात तर कधी पूर्णपणे ढेपाळून जातात,कधी अफलातून कांगीर करतात तर तधे पूर्णतने धेकाढून जातात,18.18,44.44,0,6.76
sample_00277,D:\marathi-asr\data\vistaar_benchmarks\kathbath_noisy\marathi\wavs\844424930902747-715-f.wav,आनंदच्या चित्रांचं वैशिष्टय म्हणजे त्याने सुरुवातीपासून एकाच विषयावर चित्रं काढली आणि तो म्हणजे लहान मुलं,अनंदाच क्ित्राच वैचिस्ट म्हणजे त्याने सुुधातीपासून एकच विषयावर चित्र काढली आणि तो म्हणजे नहाहन,आनंदच्या चित्रांचं वैशिष्टय म्हणजे त्याने सुरुवातीपासून एकाच विषयावर चित्रं काढली आणि तो म्हणजे लहान मुलं,अनंदाच क्ित्राच वैचिस्ट म्हणजे त्याने सुुधातीपासून एकच विषयावर चित्र काढली आणि तो म्हणजे नहाहन,21.9,53.33,0,7.96
sample_00278,D:\marathi-asr\data\vistaar_benchmarks\kathbath_noisy\marathi\wavs\844424932828549-933-f.wav,दांडगे यांच्यावरील कारवाई मागे घेण्याची मागणी त्यांनी लावून धरली,डांगे यांच्या वरील कारवाई मागे घेण्याची मागणी तांनी लाऊून झरली,दांडगे यांच्यावरील कारवाई मागे घेण्याची मागणी त्यांनी लावून धरली,डांगे यांच्या वरील कारवाई मागे घेण्याची मागणी तांनी लाऊून झरली,10.94,66.67,0,4.95
sample_00279,D:\marathi-asr\data\vistaar_benchmarks\kathbath_noisy\marathi\wavs\844424932823385-715-f.wav,त्यावर उर्मिला मातोंडकरने सडेतोड उत्तर देत त्यांची बोलती बंद केली,त्यावर उर्मिला माथूंड करणे सडे तूड उत्तर देत त्यांची गोलती बंद केली,त्यावर उर्मिला मातोंडकरने सडेतोड उत्तर देत त्यांची बोलती बंद केली,त्यावर उर्मिला माथूंड करणे सडे तूड उत्तर देत त्यांची गोलती बंद केली,10.77,50.0,0,5.64
sample_00280,D:\marathi-asr\data\vistaar_benchmarks\kathbath_noisy\marathi\wavs\844424932828551-933-f.wav,तरुण भारत दिवाळा अंक ही वाचकासाठी एक मेजवानी आहे,करून भारत दिवाळी अंकरा ने राचकासाठी एक निजवानी आहे,तरुण भारत दिवाळा अंक ही वाचकासाठी एक मेजवानी आहे,करून भारत दिवाळी अंकरा ने राचकासाठी एक निजवानी आहे,22.92,66.67,0,4.53
sample_00281,D:\marathi-asr\data\vistaar_benchmarks\kathbath_noisy\marathi\wavs\844424932828536-933-f.wav,वाहनचोरी करणारी आंतरराज्यीय टोळी पकडण्यात रत्नागिरी पोलीसांना यश,वाहानचोरी करणारी आंतराज्य टोळी पकडण्यात तरत्ना गिनीपुलीसाना येश,वाहनचोरी करणारी आंतरराज्यीय टोळी पकडण्यात रत्नागिरी पोलीसांना यश,वाहानचोरी करणारी आंतराज्य टोळी पकडण्यात तरत्ना गिनीपुलीसाना येश,17.19,62.5,0,5.6
sample_00282,D:\marathi-asr\data\vistaar_benchmarks\kathbath_noisy\marathi\wavs\844424932311853-980-f.wav,वानरांसारखे भयानक चित्कार करणारा स्टाफ तैनात केला गेला मात्र त्या सर्वांना पुरून माकडे येथेच आहेत,वानारांसारखे बयानक चितकार करणारया स टाप तैनात केला गेला मात्रत्या सर्वांना पुरून माकडे थेच ाहेत,वानरांसारखे भयानक चित्कार करणारा स्टाफ तैनात केला गेला मात्र त्या सर्वांना पुरून माकडे येथेच आहेत,वानारांसारखे बयानक चितकार करणारया स टाप तैनात केला गेला मात्रत्या सर्वांना पुरून माकडे थेच ाहेत,10.31,66.67,0,7.92
sample_00283,D:\marathi-asr\data\vistaar_benchmarks\kathbath_noisy\marathi\wavs\844424932266721-980-f.wav,प्रत्येक संस्कृतीत संपूर्ण चिरंतन असणार्या प्रचल प्रतिनिधीचे मंडळ म्हणून वर्तुळ दिसते,प्रात्येक संस्कृतीत संपूर्ण चिरंत नसणारला प्राचन प्रतिनेतींचे मांडळ म्णून वरतोव दिसते,प्रत्येक संस्कृतीत संपूर्ण चिरंतन असणार्या प्रचल प्रतिनिधीचे मंडळ म्हणून वर्तुळ दिसते,प्रात्येक संस्कृतीत संपूर्ण चिरंत नसणारला प्राचन प्रतिनेतींचे मांडळ म्णून वरतोव दिसते,17.65,72.73,0,6.27
sample_00284,D:\marathi-asr\data\vistaar_benchmarks\kathbath_noisy\marathi\wavs\844424931030040-933-f.wav,हिने डेबी डझ डॅलस या सुरुवातीच्या काळातील रतिचित्रात भूमिका केली होती,किवे लेविरज गॅलस त्या सुरुवातीच्या काळातील ज्रतीचित्रात दूविका केली आहे,हिने डेबी डझ डॅलस या सुरुवातीच्या काळातील रतिचित्रात भूमिका केली होती,किवे लेविरज गॅलस त्या सुरुवातीच्या काळातील ज्रतीचित्रात दूविका केली आहे,28.99,72.73,0,6.39
sample_00285,D:\marathi-asr\data\vistaar_benchmarks\kathbath_noisy\marathi\wavs\844424932828567-933-f.wav,नागरिक विशेषतः विद्यार्थ्यांना पर्यावरणाची ओळख व्हावी यासाठी निसर्ग परिचय केंद्र या उद्यानात आहे,नागरी विशेच्या खद्यातांना पर्यावरणाचे ओळख वाढण्यासाठी मुसर्गंपरीतचेकी दोनया प्यात आहे,नागरिक विशेषतः विद्यार्थ्यांना पर्यावरणाची ओळख व्हावी यासाठी निसर्ग परिचय केंद्र या उद्यानात आहे,नागरी विशेच्या खद्यातांना पर्यावरणाचे ओळख वाढण्यासाठी मुसर्गंपरीतचेकी दोनया प्यात आहे,36.46,84.62,0,6.78
sample_00286,D:\marathi-asr\data\vistaar_benchmarks\kathbath_noisy\marathi\wavs\844424930875926-954-f.wav,मुन्रो बाद झाल्यानंतर सावध खेळणाऱ्या श्रेयस अय्यरने फटकेबाजी करायला सुरूवात केली,मुन्हपात झाल्यानंतर सावत फेळणा्यांना श्रेअेश पयरणे फटाके बाजवीकरायला सुरुवात केली,मुन्रो बाद झाल्यानंतर सावध खेळणाऱ्या श्रेयस अय्यरने फटकेबाजी करायला सुरूवात केली,मुन्हपात झाल्यानंतर सावत फेळणा्यांना श्रेअेश पयरणे फटाके बाजवीकरायला सुरुवात केली,29.63,81.82,0,6.97
sample_00287,D:\marathi-asr\data\vistaar_benchmarks\kathbath_noisy\marathi\wavs\844424932823404-715-f.wav,प्रवासातल्या वेळेचा सदुपयोग करत सागर देशमुखने दिग्दर्शकासोबत सीनचं वाचनही केलं,प्रवासातल्या वेळेचा स धउपयोग करत सागतेतूविद्दोषकासोबतसींच वाचनही केला,प्रवासातल्या वेळेचा सदुपयोग करत सागर देशमुखने दिग्दर्शकासोबत सीनचं वाचनही केलं,प्रवासातल्या वेळेचा स धउपयोग करत सागतेतूविद्दोषकासोबतसींच वाचनही केला,28.21,70.0,0,7.31
sample_00288,D:\marathi-asr\data\vistaar_benchmarks\kathbath_noisy\marathi\wavs\844424932828561-933-f.wav,तर फार मोठ्या प्रमाणात ट्रक चे सुद्धा नुकसान झाले आहे,तरफार मोठ्या प्रमाणात ट्रॉकचे सु्धा नुकसान झाले आहे,तर फार मोठ्या प्रमाणात ट्रक चे सुद्धा नुकसान झाले आहे,तरफार मोठ्या प्रमाणात ट्रॉकचे सु्धा नुकसान झाले आहे,7.55,50.0,0,4.27
sample_00289,D:\marathi-asr\data\vistaar_benchmarks\kathbath_noisy\marathi\wavs\844424932337207-809-f.wav,सिसली द्वीपाच्या कुशीत वसलेल्या ब्रोटेमध्ये जगातला सर्वात चांगला आणि सर्वात महाग पिस्त्याचं उत्पादन घेतलं जातं,सिस्लेदूधच्या कषीत वसलल्या ब्रोटमध्ये जगातला शर्वात चांगल आणि सर्वात महाग विस्ताच उत्पादन घेतलं जात,सिसली द्वीपाच्या कुशीत वसलेल्या ब्रोटेमध्ये जगातला सर्वात चांगला आणि सर्वात महाग पिस्त्याचं उत्पादन घेतलं जातं,सिस्लेदूधच्या कषीत वसलल्या ब्रोटमध्ये जगातला शर्वात चांगल आणि सर्वात महाग विस्ताच उत्पादन घेतलं जात,17.27,60.0,0,11.75
sample_00290,D:\marathi-asr\data\vistaar_benchmarks\kathbath_noisy\marathi\wavs\844424932828574-933-f.wav,सत्ता माणसाला बिघडवते आणि पूर्ण सत्ता सर्वनाश करते हे सत्य कधीही नाकारता येणार नाही,सता मांसाला बिग्रवते आणि पूर्णसरत्ता सर्वनाषटकते हे सध्य कधीही ना करता येणा नाही,सत्ता माणसाला बिघडवते आणि पूर्ण सत्ता सर्वनाश करते हे सत्य कधीही नाकारता येणार नाही,सता मांसाला बिग्रवते आणि पूर्णसरत्ता सर्वनाषटकते हे सध्य कधीही ना करता येणा नाही,18.07,78.57,0,7.34
sample_00291,D:\marathi-asr\data\vistaar_benchmarks\kathbath_noisy\marathi\wavs\844424930573383-737-f.wav,चंद्राशी संबंधित असलेली अनेक गूढ रहस्ये उलगडण्याचा प्रयत्न आणि तेथे तंत्रज्ञानाचे प्रयोगही केले जाण्र आहेत,चंद्रांशे संबंधित असलेली अनेक गूड रहससे उलगडण्याचा पर्यत्ना आणि त्याते तंत्रज्ञानांचे प्रयोगही केले जात आहेत,चंद्राशी संबंधित असलेली अनेक गूढ रहस्ये उलगडण्याचा प्रयत्न आणि तेथे तंत्रज्ञानाचे प्रयोगही केले जाण्र आहेत,चंद्रांशे संबंधित असलेली अनेक गूड रहससे उलगडण्याचा पर्यत्ना आणि त्याते तंत्रज्ञानांचे प्रयोगही केले जात आहेत,15.09,46.67,0,9.2
sample_00292,D:\marathi-asr\data\vistaar_benchmarks\kathbath_noisy\marathi\wavs\844424930557288-737-f.wav,मला मुंबईत सुरक्षित वाटतं आणि कुठलीही भीती न बाळगता हवं ते बोलता येतं,मला नोंबाईी सुरक्षित वाढत आणि कुटलीनी वितीना गाळ ता खगाती होदता येता,मला मुंबईत सुरक्षित वाटतं आणि कुठलीही भीती न बाळगता हवं ते बोलता येतं,मला नोंबाईी सुरक्षित वाढत आणि कुटलीनी वितीना गाळ ता खगाती होदता येता,31.88,76.92,0,5.41
sample_00293,D:\marathi-asr\data\vistaar_benchmarks\kathbath_noisy\marathi\wavs\844424931570509-236-f.wav,ह्या कैसरच्या विधानाने इंग्लडला एकूणच त्याच्या बद्दल शंका यायला सुरुवात झाली,या कैिस्तरच्या विधानाने इंगलडला एकोडस त्याच्या बद्दल्शंकार्याला सुरुवात चाली,ह्या कैसरच्या विधानाने इंग्लडला एकूणच त्याच्या बद्दल शंका यायला सुरुवात झाली,या कैिस्तरच्या विधानाने इंगलडला एकोडस त्याच्या बद्दल्शंकार्याला सुरुवात चाली,18.42,72.73,0,7.71
sample_00294,D:\marathi-asr\data\vistaar_benchmarks\kathbath_noisy\marathi\wavs\844424931570591-236-f.wav,खुद्द महेश भट्ट यांनी चित्रपटाचा पोस्टर प्रदर्शित केला आहे,कोणत्यामुळेट बर यात्या कताचा व्याव्थ पजाच लेला आहे,खुद्द महेश भट्ट यांनी चित्रपटाचा पोस्टर प्रदर्शित केला आहे,कोणत्यामुळेट बर यात्या कताचा व्याव्थ पजाच लेला आहे,65.52,88.89,0,5.43
sample_00295,D:\marathi-asr\data\vistaar_benchmarks\kathbath_noisy\marathi\wavs\844424930557215-737-f.wav,यामुळे त्यांना धीर मिळेल आणि आपण विनाकारण चिडचिड केल्याची त्यांना जाणीव होईल,यामुळे ताना दील मिळल आणि आपण विनाकारांचे चेड केल्याची त्याना जाणी होई,यामुळे त्यांना धीर मिळेल आणि आपण विनाकारण चिडचिड केल्याची त्यांना जाणीव होईल,यामुळे ताना दील मिळल आणि आपण विनाकारांचे चेड केल्याची त्याना जाणी होई,18.42,66.67,0,6.18
sample_00296,D:\marathi-asr\data\vistaar_benchmarks\kathbath_noisy\marathi\wavs\844424932262361-809-f.wav,याकडे जिल्हा प्रशासनाचे लक्ष वेधण्यासाठी शिवसेनेने मोठ्या खड्ड्यांमध्ये झाडे लावली,याकडी झील्ला प्रशासनाची लक्ष देगण्यासाठी सिंशमिनी मोठया खडण्यामध्ये झाडे लावली,याकडे जिल्हा प्रशासनाचे लक्ष वेधण्यासाठी शिवसेनेने मोठ्या खड्ड्यांमध्ये झाडे लावली,याकडी झील्ला प्रशासनाची लक्ष देगण्यासाठी सिंशमिनी मोठया खडण्यामध्ये झाडे लावली,21.95,70.0,0,9.06
sample_00297,D:\marathi-asr\data\vistaar_benchmarks\kathbath_noisy\marathi\wavs\844424932266723-980-f.wav,मराठी माणसाच्या चांगल्या तसेच कमकुवत बाजूही रणांगणामध्ये प्रकर्षानं चित्रित झालेल्या दिसतात,पराटी माणसाच्या चांगल्या तसे स्कमकोवत पासू ही रणांगणामध्ये प्रकमक आणि चिक्रेत झालेला िसता,मराठी माणसाच्या चांगल्या तसेच कमकुवत बाजूही रणांगणामध्ये प्रकर्षानं चित्रित झालेल्या दिसतात,पराटी माणसाच्या चांगल्या तसे स्कमकोवत पासू ही रणांगणामध्ये प्रकमक आणि चिक्रेत झालेला िसता,23.08,90.91,0,6.11
sample_00298,D:\marathi-asr\data\vistaar_benchmarks\kathbath_noisy\marathi\wavs\844424932823368-715-f.wav,टोल कर्मचाऱ्यांवर चाकूने हल्ला झाल्याची घटना संगमनेर तालुक्यात घडली आहे,रज कर्ाचा ववस्थापनी आता जाल्याची बकनाचडमनेट कालूक्यात भोल आहे,टोल कर्मचाऱ्यांवर चाकूने हल्ला झाल्याची घटना संगमनेर तालुक्यात घडली आहे,रज कर्ाचा ववस्थापनी आता जाल्याची बकनाचडमनेट कालूक्यात भोल आहे,45.83,90.0,0,5.85
sample_00299,D:\marathi-asr\data\vistaar_benchmarks\kathbath_noisy\marathi\wavs\844424930557275-737-f.wav,मनसेच्या कार्यकर्त्यांनी फेरीवाल्यांना मारहाण करण्यापूर्वी ठाणे महापालिकेच्या विरोधात आक्रमक होण्याची गरज असल्याचे त्यांनी स्पष्ट केले,मंस्यच्या काल्यकरतानी फेडीवाल्याना मार्हान करण्यापूर्वी ठाणी महापालिकेच्या विरवधात आक्रम होण्याची गजज असल्या से त्यानी स्पष्ट केली,मनसेच्या कार्यकर्त्यांनी फेरीवाल्यांना मारहाण करण्यापूर्वी ठाणे महापालिकेच्या विरोधात आक्रमक होण्याची गरज असल्याचे त्यांनी स्पष्ट केले,मंस्यच्या काल्यकरतानी फेडीवाल्याना मार्हान करण्यापूर्वी ठाणी महापालिकेच्या विरवधात आक्रम होण्याची गजज असल्या से त्यानी स्पष्ट केली,14.93,80.0,0,9.15
sample_00300,D:\marathi-asr\data\vistaar_benchmarks\kathbath_noisy\marathi\wavs\844424930906971-972-f.wav,तरी त्यावर त्यावेळेच्या हिंदुस्थान सरकारकडून अधिकृत प्रतिक्रिया व्यक्त झाली नाही,पणी त्यावतल्या वेळजमिीतंसरकारत उत्पदि प्पत्या वकले झाली नाही,तरी त्यावर त्यावेळेच्या हिंदुस्थान सरकारकडून अधिकृत प्रतिक्रिया व्यक्त झाली नाही,पणी त्यावतल्या वेळजमिीतंसरकारत उत्पदि प्पत्या वकले झाली नाही,51.25,80.0,0,6.66
sample_00301,D:\marathi-asr\data\vistaar_benchmarks\kathbath_noisy\marathi\wavs\844424931130680-933-f.wav,याप्रकरणी शहर पोलिसात अज्ञात चोरट्यावर गुन्हा नोंद करण्यात आला आहे,या प्रकरने शअहर पोणीसा अध्या छोट्यावर गुलाणोन कद्यत आला आहे,याप्रकरणी शहर पोलिसात अज्ञात चोरट्यावर गुन्हा नोंद करण्यात आला आहे,या प्रकरने शअहर पोणीसा अध्या छोट्यावर गुलाणोन कद्यत आला आहे,33.33,80.0,0,4.43
sample_00302,D:\marathi-asr\data\vistaar_benchmarks\kathbath_noisy\marathi\wavs\844424931570528-236-f.wav,नवीन नियमानुसार निवृत्तीच्या वेळी मिळणारा सर्व म्हणजे ६० टक्के निधी हा करमुक्त असेल,नवीन नियमाणुसा निवृतीच्या वेळी मिळणारा सर्व म्हणजे साटक्केनिधी हकारमुक्त असेल,नवीन नियमानुसार निवृत्तीच्या वेळी मिळणारा सर्व म्हणजे ६० टक्के निधी हा करमुक्त असेल,नवीन नियमाणुसा निवृतीच्या वेळी मिळणारा सर्व म्हणजे साटक्केनिधी हकारमुक्त असेल,13.25,53.85,0,8.03
sample_00303,D:\marathi-asr\data\vistaar_benchmarks\kathbath_noisy\marathi\wavs\844424930906981-972-f.wav,बाधित येणाऱ्या रुग्णांमध्ये सौम्य लक्षणे असल्याने बहुतांश रुग्ण गृह विलगीकरणात राहून उपचार घेत आहेत,बागीत येणा्या रोजनामध्ये सह मलक्षिणे असल्याने बहुताम शुरूकलगृभ लगी करण्यात तरावून उत्ार देत आहेत,बाधित येणाऱ्या रुग्णांमध्ये सौम्य लक्षणे असल्याने बहुतांश रुग्ण गृह विलगीकरणात राहून उपचार घेत आहेत,बागीत येणा्या रोजनामध्ये सह मलक्षिणे असल्याने बहुताम शुरूकलगृभ लगी करण्यात तरावून उत्ार देत आहेत,33.0,85.71,0,8.68
sample_00304,D:\marathi-asr\data\vistaar_benchmarks\kathbath_noisy\marathi\wavs\844424932823332-715-f.wav,मुलीच्या वडिलांच्या एका सहकाऱ्यानं पोलिसांना याबाबत खबर दिली,मुलीच्या वडीलांच्या एका सहकार्यान पोलिसाना याबाबत खबर दिली,मुलीच्या वडिलांच्या एका सहकाऱ्यानं पोलिसांना याबाबत खबर दिली,मुलीच्या वडीलांच्या एका सहकार्यान पोलिसाना याबाबत खबर दिली,6.56,37.5,0,5.97
sample_00305,D:\marathi-asr\data\vistaar_benchmarks\kathbath_noisy\marathi\wavs\844424932311919-980-f.wav,त्यांचा वापर करून आपल्याला तंत्रज्ञानाची क्षमता वाढवता आली तर नक्कीच फायदा होईल,तांचा वापर करून आपल्यला तंत्रज्ञनाचीक्षमता वाढवता आले तर लकख्कीच फायदा होई,त्यांचा वापर करून आपल्याला तंत्रज्ञानाची क्षमता वाढवता आली तर नक्कीच फायदा होईल,तांचा वापर करून आपल्यला तंत्रज्ञनाचीक्षमता वाढवता आले तर लकख्कीच फायदा होई,11.39,58.33,0,5.29
sample_00306,D:\marathi-asr\data\vistaar_benchmarks\kathbath_noisy\marathi\wavs\844424932330076-980-f.wav,बोरिवली ते ठाणे भुयारी मार्गामुळे ठाण्यातून बोरिवलीत जाण्यासाठी कमी वेळ लागेल असं सांगण्यात येत आहे,पोरीवनीते ठाणे गुयारी मार्गमुळे थान्यातून बोरीवलीत चा्यासाठी कमी वेळ लागेल अस चांगण्यात येत आहे,बोरिवली ते ठाणे भुयारी मार्गामुळे ठाण्यातून बोरिवलीत जाण्यासाठी कमी वेळ लागेल असं सांगण्यात येत आहे,पोरीवनीते ठाणे गुयारी मार्गमुळे थान्यातून बोरीवलीत चा्यासाठी कमी वेळ लागेल अस चांगण्यात येत आहे,13.13,60.0,0,7.43
sample_00307,D:\marathi-asr\data\vistaar_benchmarks\kathbath_noisy\marathi\wavs\844424932484386-573-f.wav,ऑस्ट्रेलियामध्ये जबरदस्त खेळ करणाऱे रोहित शर्मा आणि शिखर धवन सध्या फॉर्मात आहेत,ऑस्लेलियामध्ये जबळ जास्त खेल करणारे रोहिक शरमा आणि शिकाळगावन संध्या हफार्मात आहेत,ऑस्ट्रेलियामध्ये जबरदस्त खेळ करणाऱे रोहित शर्मा आणि शिखर धवन सध्या फॉर्मात आहेत,ऑस्लेलियामध्ये जबळ जास्त खेल करणारे रोहिक शरमा आणि शिकाळगावन संध्या हफार्मात आहेत,23.75,91.67,0,7.73
sample_00308,D:\marathi-asr\data\vistaar_benchmarks\kathbath_noisy\marathi\wavs\844424930875840-954-f.wav,काही दिवसांपूर्वी सतीश अरोडा यांनी निर्भया दिल्ली प्रकरणातील आरोपींना डेथ वॉरंट जारी केले होते,काही दिवसांपूर्वीशतीस रोडायांना निर्भाया दिल्ले प्रकरणातेल आरोिंना डेटवॉरं जारी केले होते,काही दिवसांपूर्वी सतीश अरोडा यांनी निर्भया दिल्ली प्रकरणातील आरोपींना डेथ वॉरंट जारी केले होते,काही दिवसांपूर्वीशतीस रोडायांना निर्भाया दिल्ले प्रकरणातेल आरोिंना डेटवॉरं जारी केले होते,14.89,71.43,0,8.92
sample_00309,D:\marathi-asr\data\vistaar_benchmarks\kathbath_noisy\marathi\wavs\844424930557227-737-f.wav,पण सध्याच्या शोध काढूण पर्याय सर्वोत्तम म्हणून ओळखले होते,संसध्ाच्या शोकाडूनपर यासर्वोत्तम म्हणून ओळखले होते,पण सध्याच्या शोध काढूण पर्याय सर्वोत्तम म्हणून ओळखले होते,संसध्ाच्या शोकाडूनपर यासर्वोत्तम म्हणून ओळखले होते,21.05,66.67,0,5.13
sample_00310,D:\marathi-asr\data\vistaar_benchmarks\kathbath_noisy\marathi\wavs\844424932266706-980-f.wav,मध्य प्रदेशाच्या सातपुडा पर्वतरांगातून येणारी तापी नदी मेळघाटातून जाते,मध्य प्रदेशाचे सातफुळा पर्वत्रांगांतुनेणारी तापीनदी मेळ घाटातून जाते,मध्य प्रदेशाच्या सातपुडा पर्वतरांगातून येणारी तापी नदी मेळघाटातून जाते,मध्य प्रदेशाचे सातफुळा पर्वत्रांगांतुनेणारी तापीनदी मेळ घाटातून जाते,17.14,77.78,0,5.67
sample_00311,D:\marathi-asr\data\vistaar_benchmarks\kathbath_noisy\marathi\wavs\844424932306064-980-f.wav,तिकडे पश्चिम बंगालच्या मुख्यमंत्री ममता बॅनर्जी यांनाही सौम्य हिंदुत्वाचा ठसका लागला आहे,पडे पच्चिम बंगाच्या मुख्यमंत्री ममता बॅणारजे यातनाही सममेन दुत्वाचा ठस्का लागला आहे,तिकडे पश्चिम बंगालच्या मुख्यमंत्री ममता बॅनर्जी यांनाही सौम्य हिंदुत्वाचा ठसका लागला आहे,पडे पच्चिम बंगाच्या मुख्यमंत्री ममता बॅणारजे यातनाही सममेन दुत्वाचा ठस्का लागला आहे,19.32,66.67,0,6.76
sample_00312,D:\marathi-asr\data\vistaar_benchmarks\kathbath_noisy\marathi\wavs\844424932330027-980-f.wav,सभेला उपस्थित राहण्यासाठी पहाटेपासूनच सभासदांनी प्रवेशद्वारावर रांगा लावल्या होत्या,प्रिल पस्तित राहण्यासाठी पहाटेपासूनच सबासदाननी प्रवेशमारावा लांगा लावल्या होत्या,सभेला उपस्थित राहण्यासाठी पहाटेपासूनच सभासदांनी प्रवेशद्वारावर रांगा लावल्या होत्या,प्रिल पस्तित राहण्यासाठी पहाटेपासूनच सबासदाननी प्रवेशमारावा लांगा लावल्या होत्या,16.87,55.56,0,6.57
sample_00313,D:\marathi-asr\data\vistaar_benchmarks\kathbath_noisy\marathi\wavs\844424932828575-933-f.wav,हा दावा फॅक्ट क्रेसेंडोच्या पडताळणी असत्य सिध्द झाला आहे,हागावा फॅट क्रेसिडलच्या पडतानी असत्य सिद्य झाला आहे,हा दावा फॅक्ट क्रेसेंडोच्या पडताळणी असत्य सिध्द झाला आहे,हागावा फॅट क्रेसिडलच्या पडतानी असत्य सिद्य झाला आहे,19.64,66.67,0,5.39
sample_00314,D:\marathi-asr\data\vistaar_benchmarks\kathbath_noisy\marathi\wavs\844424932484451-573-f.wav,आघाडी धर्माचे पालन करत सरकार चालविणे म्हणजे हलाहल पचविणे,झाडी धर्माची पालन करत सरका चालविने महानचे हला हालपच मिळे,आघाडी धर्माचे पालन करत सरकार चालविणे म्हणजे हलाहल पचविणे,झाडी धर्माची पालन करत सरका चालविने महानचे हला हालपच मिळे,26.79,88.89,0,6.78
sample_00315,D:\marathi-asr\data\vistaar_benchmarks\kathbath_noisy\marathi\wavs\844424932484402-573-f.wav,झकरबर्ग यांच्या लीक झालेल्या फोननंबरचा एक स्क्रीनशॉट व्हायरल झाला होता,जकर बरग्यांशलिक झालेल्या नंबरांच्या एक स्क्रिनशो वारल झाला होता,झकरबर्ग यांच्या लीक झालेल्या फोननंबरचा एक स्क्रीनशॉट व्हायरल झाला होता,जकर बरग्यांशलिक झालेल्या नंबरांच्या एक स्क्रिनशो वारल झाला होता,32.86,60.0,0,6.64
sample_00316,D:\marathi-asr\data\vistaar_benchmarks\kathbath_noisy\marathi\wavs\844424932330089-980-f.wav,नौका कंपनीच्या प्रवक्त्यांनी चालकदलाचे सर्व सदस्य सुखरुप असल्याचे स्पष्ट केले,नवका कंपनीच्या प्रवात त्यांने चालद्दलाचे सर्व सदक्ष सोकरूक असल्याचे ्पष्ट केले,नौका कंपनीच्या प्रवक्त्यांनी चालकदलाचे सर्व सदस्य सुखरुप असल्याचे स्पष्ट केले,नवका कंपनीच्या प्रवात त्यांने चालद्दलाचे सर्व सदक्ष सोकरूक असल्याचे ्पष्ट केले,18.18,70.0,0,6.15
sample_00317,D:\marathi-asr\data\vistaar_benchmarks\kathbath_noisy\marathi\wavs\844424931218238-933-f.wav,पिक विमा कंपन्यांनी शेतकऱ्यांकडून विमा हप्ता भरून घेतला आहे,चीक विमा कंपन्यांनी शेतक्यांकडून विमा हप्ता भरून घेतला आहे,पिक विमा कंपन्यांनी शेतकऱ्यांकडून विमा हप्ता भरून घेतला आहे,चीक विमा कंपन्यांनी शेतक्यांकडून विमा हप्ता भरून घेतला आहे,6.67,22.22,0,5.6
sample_00318,D:\marathi-asr\data\vistaar_benchmarks\kathbath_noisy\marathi\wavs\844424932330094-980-f.wav,या निकालामध्ये पदोन्नतीमध्ये आरक्षण नसावे असे सुचित करण्यात आले होते,या निकालामध्ये पदुन नतीमध्ये आरक्षणनचा वेयस सुचित करण्यात आले होते,या निकालामध्ये पदोन्नतीमध्ये आरक्षण नसावे असे सुचित करण्यात आले होते,या निकालामध्ये पदुन नतीमध्ये आरक्षणनचा वेयस सुचित करण्यात आले होते,11.76,40.0,0,5.27
sample_00319,D:\marathi-asr\data\vistaar_benchmarks\kathbath_noisy\marathi\wavs\844424930573298-737-f.wav,इस्लामपूर पोलिसांच्या सतर्कतेमुळे हा अट्टल चोरटा जेरबंद झाला आहे,पिक लांबूर पोलिसा चयासतल कत्ेामुळे हा अटर चवसा शेर बंज झाला आहे,इस्लामपूर पोलिसांच्या सतर्कतेमुळे हा अट्टल चोरटा जेरबंद झाला आहे,पिक लांबूर पोलिसा चयासतल कत्ेामुळे हा अटर चवसा शेर बंज झाला आहे,34.38,100.0,0,5.5
sample_00320,D:\marathi-asr\data\vistaar_benchmarks\kathbath_noisy\marathi\wavs\844424930906923-972-f.wav,या मॅचमध्ये हसन खान ५ रन्स करून आऊट झाला,किया म.ॅचीमध्ये हसांकां पाच चरनस करून आप झाला,या मॅचमध्ये हसन खान ५ रन्स करून आऊट झाला,किया म ॅचीमध्ये हसांकां पाच चरनस करून आप झाला,37.5,77.78,0,4.85
sample_00321,D:\marathi-asr\data\vistaar_benchmarks\kathbath_noisy\marathi\wavs\844424932266740-980-f.wav,पण सध्याच्या घडीला लॉकडाऊन असल्या कारणांमुळे डॉक्टर त्यांच्याकडे येऊ शकत नाहीत,पणसा ्याचालडीम लर लोन असल्या कारणामुळे डॉक्टर भांजकडे येऊ शकत ना,पण सध्याच्या घडीला लॉकडाऊन असल्या कारणांमुळे डॉक्टर त्यांच्याकडे येऊ शकत नाहीत,पणसा ्याचालडीम लर लोन असल्या कारणामुळे डॉक्टर भांजकडे येऊ शकत ना,32.05,63.64,0,5.92
sample_00322,D:\marathi-asr\data\vistaar_benchmarks\kathbath_noisy\marathi\wavs\844424930834561-954-f.wav,एका नामवंत खाणमालकाने ती विकत घेतल्याचे भासवून हा व्यवहार सुरू झाला,एका नामबंतव खान मालकाने ती विकत घेतल्याचे पासवून हा व्यवहार सुरू झाला,एका नामवंत खाणमालकाने ती विकत घेतल्याचे भासवून हा व्यवहार सुरू झाला,एका नामबंतव खान मालकाने ती विकत घेतल्याचे पासवून हा व्यवहार सुरू झाला,7.46,36.36,0,6.69
sample_00323,D:\marathi-asr\data\vistaar_benchmarks\kathbath_noisy\marathi\wavs\844424932337138-809-f.wav,नोटबंदीला चार वर्ष पूर्ण झाल्यामुळे राहुल गांधी यांनी एक व्हिडीओ ट्वीट केला आहे,ाकंदीलाचा पसतू झालामले रगध एभ वीत केला,नोटबंदीला चार वर्ष पूर्ण झाल्यामुळे राहुल गांधी यांनी एक व्हिडीओ ट्वीट केला आहे,ाकंदीलाचा पसतू झालामले रगध एभ वीत केला,62.03,92.31,0,7.99
sample_00324,D:\marathi-asr\data\vistaar_benchmarks\kathbath_noisy\marathi\wavs\844424930573310-737-f.wav,त्यांच्यानंतर आता राष्ट्रवादीचे नेते आणि माजी उपमुख्यमंत्री छगन भुजबळ यांच्या घरवापसीच्या चर्चांनी जोर धरला आहे,त्याच्या अंतराता राष्शवादीचे नेते आणि माझी उपमुख्या मंत्रील शगन भुजवल्यांच्या घरवापरतीच्या चकचांनी जोन धरला आहे,त्यांच्यानंतर आता राष्ट्रवादीचे नेते आणि माजी उपमुख्यमंत्री छगन भुजबळ यांच्या घरवापसीच्या चर्चांनी जोर धरला आहे,त्याच्या अंतराता राष्शवादीचे नेते आणि माझी उपमुख्या मंत्रील शगन भुजवल्यांच्या घरवापरतीच्या चकचांनी जोन धरला आहे,18.92,73.33,0,8.38
sample_00325,D:\marathi-asr\data\vistaar_benchmarks\kathbath_noisy\marathi\wavs\844424930557261-737-f.wav,शिवाजी पार्कवर एक लाख चौरस फुट क्षेत्रफळाच्या मंडपात तात्पुरता निवारा,शिवाजी पावर एक ला चौरस्फू क्षेत्रा फळाच्या मंडपातात पूरता निवाढा,शिवाजी पार्कवर एक लाख चौरस फुट क्षेत्रफळाच्या मंडपात तात्पुरता निवारा,शिवाजी पावर एक ला चौरस्फू क्षेत्रा फळाच्या मंडपातात पूरता निवाढा,20.29,80.0,0,5.53
sample_00326,D:\marathi-asr\data\vistaar_benchmarks\kathbath_noisy\marathi\wavs\844424930906969-972-f.wav,अभिनेत्री अंकिता लोखंडेनं आपल्या इंस्टाग्रामवर तिचे काही खास फोटो शेअर केले आहेत,अविनित्री अंकिता लोखंडेल आपल्यान स्टाग्रॅमवर्तीचे काही खास पुटो शेर केले आहे,अभिनेत्री अंकिता लोखंडेनं आपल्या इंस्टाग्रामवर तिचे काही खास फोटो शेअर केले आहेत,अविनित्री अंकिता लोखंडेल आपल्यान स्टाग्रॅमवर्तीचे काही खास पुटो शेर केले आहे,17.5,66.67,0,6.66
sample_00327,D:\marathi-asr\data\vistaar_benchmarks\kathbath_noisy\marathi\wavs\844424930906961-972-f.wav,मेग लॅनिंगने तीन षटकार व नऊ चौकारांसह आपली देदीप्यमान खेळी सजवली,मेगलनीने तीनशतकार उन्नोचकरास आपली दैजिन्य मान चेळी सजवली,मेग लॅनिंगने तीन षटकार व नऊ चौकारांसह आपली देदीप्यमान खेळी सजवली,मेगलनीने तीनशतकार उन्नोचकरास आपली दैजिन्य मान चेळी सजवली,35.94,90.91,0,8.54
sample_00328,D:\marathi-asr\data\vistaar_benchmarks\kathbath_noisy\marathi\wavs\844424930875855-954-f.wav,आता मात्र युजरला ही सेवा हातातल्या मोबाईलवरूनही वापरता येणार आहे,आाता मात्रत युजरनाही सेवा भातातल्या मोबाईलावरून ही वापरता येणात नाहे,आता मात्र युजरला ही सेवा हातातल्या मोबाईलवरूनही वापरता येणार आहे,आाता मात्रत युजरनाही सेवा भातातल्या मोबाईलावरून ही वापरता येणात नाहे,15.62,90.0,0,6.48
sample_00329,D:\marathi-asr\data\vistaar_benchmarks\kathbath_noisy\marathi\wavs\844424932337124-809-f.wav,होळी तोंडावर आली तरीही बेस्ट कामगारांना पगार न मिळाल्याने कामगारांमध्ये प्रचंड नाराजी आहे,खोडी तोंडर आली तही वेस कामगरांना पगारन मिळालाने कामगरांमध्ये प्रचिंदनारजे आहे,होळी तोंडावर आली तरीही बेस्ट कामगारांना पगार न मिळाल्याने कामगारांमध्ये प्रचंड नाराजी आहे,खोडी तोंडर आली तही वेस कामगरांना पगारन मिळालाने कामगरांमध्ये प्रचिंदनारजे आहे,21.35,84.62,0,8.85
sample_00330,D:\marathi-asr\data\vistaar_benchmarks\kathbath_noisy\marathi\wavs\844424932266746-980-f.wav,रजनीकांत मागील पाच दशकांपासून दाक्षिणात्य चित्रपटसृष्टीतच नाही तर बॉलीवूडमध्येही उत्कृष्ट कामगिरी करत आहेत,रजनिकात मागेल पासदा श्कांपासून दर्चिना तेकीत्रमळ सुृष्टिकच नाही तर बॉलित बद्दे ही उप्कृष्ट कामगरी करतात,रजनीकांत मागील पाच दशकांपासून दाक्षिणात्य चित्रपटसृष्टीतच नाही तर बॉलीवूडमध्येही उत्कृष्ट कामगिरी करत आहेत,रजनिकात मागेल पासदा श्कांपासून दर्चिना तेकीत्रमळ सुृष्टिकच नाही तर बॉलित बद्दे ही उप्कृष्ट कामगरी करतात,35.85,100.0,0,8.01
sample_00331,D:\marathi-asr\data\vistaar_benchmarks\kathbath_noisy\marathi\wavs\844424931570539-236-f.wav,मुंबईः विधानसभा निवडणुकीसाठी उमेदवारांनी दाखल केलेल्या नामनिर्देशनपत्रांची आज राज्यभरात छाननी करण्यात आली,मुंबईविधांसभ विवडुकीसाठी उमेंढ्वारानी दाखल केलेल्या ना निरदेशणपत्रांची आत राज्यबरात चानी करण्यात आली,मुंबईः विधानसभा निवडणुकीसाठी उमेदवारांनी दाखल केलेल्या नामनिर्देशनपत्रांची आज राज्यभरात छाननी करण्यात आली,मुंबईविधांसभ विवडुकीसाठी उमेंढ्वारानी दाखल केलेल्या ना निरदेशणपत्रांची आत राज्यबरात चानी करण्यात आली,16.19,75.0,0,10.57
sample_00332,D:\marathi-asr\data\vistaar_benchmarks\kathbath_noisy\marathi\wavs\844424932823427-715-f.wav,धुक्याची जागा आता प्रखर प्रकाशाच्या किरणांनी घेतली होती,दुक्याची जागा आताआपल्या कर प्रकारशया च्याज किरनानी घेतली होती,धुक्याची जागा आता प्रखर प्रकाशाच्या किरणांनी घेतली होती,दुक्याची जागा आताआपल्या कर प्रकारशया च्याज किरनानी घेतली होती,23.64,75.0,0,4.88
sample_00333,D:\marathi-asr\data\vistaar_benchmarks\kathbath_noisy\marathi\wavs\844424932372169-132-f.wav,रोहितसह कोहली आणि रहाणेने थोडी फार चांगली फलंदाजी केली तरी लौकिकाला साजेशी नाही,रोनिस कोली आणि राहणीने थोडीफाळ चांगली पलयंताची केली तरी लवकिकाद साचे शीन आहे,रोहितसह कोहली आणि रहाणेने थोडी फार चांगली फलंदाजी केली तरी लौकिकाला साजेशी नाही,रोनिस कोली आणि राहणीने थोडीफाळ चांगली पलयंताची केली तरी लवकिकाद साचे शीन आहे,27.85,76.92,0,7.36
sample_00334,D:\marathi-asr\data\vistaar_benchmarks\kathbath_noisy\marathi\wavs\844424930573346-737-f.wav,त्यामुळे आज त्यांना शिवसेनेतून बाहेरचा रस्ता दाखवण्यात आल्याचे समजते,त्यामुळे आजतनाशिसेलेतून बाहेचा रस्ता दाखवण्यात आल्याचे समजते,त्यामुळे आज त्यांना शिवसेनेतून बाहेरचा रस्ता दाखवण्यात आल्याचे समजते,त्यामुळे आजतनाशिसेलेतून बाहेचा रस्ता दाखवण्यात आल्याचे समजते,13.24,44.44,0,5.06
sample_00335,D:\marathi-asr\data\vistaar_benchmarks\kathbath_noisy\marathi\wavs\844424930557222-737-f.wav,दोन भागात क्षेत्रफळाने महाराष्ट्रातील सर्वात मोठा जिल्हा असलेल्या नगर जिल्ह्याचे विभाजन होणार आहे,दोन धागार ्षेत्रफळाने महारा्षती सर्वात मोठा जिला असलेल्या नगर झिल्याचे विभाजल होणार आहे,दोन भागात क्षेत्रफळाने महाराष्ट्रातील सर्वात मोठा जिल्हा असलेल्या नगर जिल्ह्याचे विभाजन होणार आहे,दोन धागार ्षेत्रफळाने महारा्षती सर्वात मोठा जिला असलेल्या नगर झिल्याचे विभाजल होणार आहे,15.46,46.15,0,7.17
sample_00336,D:\marathi-asr\data\vistaar_benchmarks\kathbath_noisy\marathi\wavs\844424932372177-132-f.wav,परंतु श्रीनगरमध्ये बाहेरील जिल्ह्यातील तसेच विदेशातील दहशतवाद्यांच्या कुरापती सुरूच आहेत,फरंत श्वीनाकरमध्ये पाहिरी चिल्या तेलतसेच विक्रीशातील घवषात माद्यांच्या पुरापती सुरूचा आहेत,परंतु श्रीनगरमध्ये बाहेरील जिल्ह्यातील तसेच विदेशातील दहशतवाद्यांच्या कुरापती सुरूच आहेत,फरंत श्वीनाकरमध्ये पाहिरी चिल्या तेलतसेच विक्रीशातील घवषात माद्यांच्या पुरापती सुरूचा आहेत,29.55,100.0,0,7.73
sample_00337,D:\marathi-asr\data\vistaar_benchmarks\kathbath_noisy\marathi\wavs\844424930573376-737-f.wav,कर्नाटकच्या बंडखोर आमदारांना मुंबईत कडेकोड सुरक्षा व्यवस्थेत ठेवण्यात आले आहे,कर्नाटच्या बंडकोर आंदारांना मोंबाईतकडीकोड सुरक्षा व्यवस्थेत ठेवण्यात आले आहे,कर्नाटकच्या बंडखोर आमदारांना मुंबईत कडेकोड सुरक्षा व्यवस्थेत ठेवण्यात आले आहे,कर्नाटच्या बंडकोर आंदारांना मोंबाईतकडीकोड सुरक्षा व्यवस्थेत ठेवण्यात आले आहे,9.09,50.0,0,6.15
sample_00338,D:\marathi-asr\data\vistaar_benchmarks\kathbath_noisy\marathi\wavs\844424930902739-715-f.wav,या प्रकारामुळे काही काळ रंकाळा परिसरात वातावरण तंग होते,या प्रकारामुळे काही काय रमकाळापरीसरात वातावरण तमग होते,या प्रकारामुळे काही काळ रंकाळा परिसरात वातावरण तंग होते,या प्रकारामुळे काही काय रमकाळापरीसरात वातावरण तमग होते,9.09,44.44,0,5.06
sample_00339,D:\marathi-asr\data\vistaar_benchmarks\kathbath_noisy\marathi\wavs\844424932337183-809-f.wav,या व्हिडिओमध्ये एक कुटुंब आपल्या घरातील मृत व्यक्तीचा मृतदेह सायकलवरून नेताना दिसत आहेत,यविडोमध्ये एक कुटुंबापल्या घरातीलन मृध व्यक्तीचा मुद्तदेहे सायकलभरून हेताना दिसत आहे,या व्हिडिओमध्ये एक कुटुंब आपल्या घरातील मृत व्यक्तीचा मृतदेह सायकलवरून नेताना दिसत आहेत,यविडोमध्ये एक कुटुंबापल्या घरातीलन मृध व्यक्तीचा मुद्तदेहे सायकलभरून हेताना दिसत आहे,19.54,76.92,0,9.13
sample_00340,D:\marathi-asr\data\vistaar_benchmarks\kathbath_noisy\marathi\wavs\844424932823370-715-f.wav,विशेष म्हणजे सरकारने आंदोलकांना आझाद मार्च मागे घेण्याचे आवाहन केले,विशेष म्हणजे सरकारने आंदोलकांना आजात मार्चमागे घेण्याचे आवान केले,विशेष म्हणजे सरकारने आंदोलकांना आझाद मार्च मागे घेण्याचे आवाहन केले,विशेष म्हणजे सरकारने आंदोलकांना आजात मार्चमागे घेण्याचे आवान केले,5.97,40.0,0,5.39
sample_00341,D:\marathi-asr\data\vistaar_benchmarks\kathbath_noisy\marathi\wavs\844424930834527-954-f.wav,भाजप सरकारच्या नक्षलवाद आणि दहशतवादाविरोधातील मवाळ भूमिकेचाच हा परिणाम असल्याचा घणाघाती आरोप त्यांनी केला,भाजत सरकारच्या नक्षवात आणि दह शत्वात विरोदातील मावळभुमिकेचा हा परिणाम असल्याचा घाताखाती आरोक्यांनी केला,भाजप सरकारच्या नक्षलवाद आणि दहशतवादाविरोधातील मवाळ भूमिकेचाच हा परिणाम असल्याचा घणाघाती आरोप त्यांनी केला,भाजत सरकारच्या नक्षवात आणि दह शत्वात विरोदातील मावळभुमिकेचा हा परिणाम असल्याचा घाताखाती आरोक्यांनी केला,18.1,64.29,0,9.2
sample_00342,D:\marathi-asr\data\vistaar_benchmarks\kathbath_noisy\marathi\wavs\844424930557249-737-f.wav,ढोलकीफडाच्या तमाशाची समाप्ती भैरवीने होते व खेळ संपविला जातो,तुरतीफळाच्या जमासाठी समाती वैलागिणे होते वक्ले संपरिला जातो,ढोलकीफडाच्या तमाशाची समाप्ती भैरवीने होते व खेळ संपविला जातो,तुरतीफळाच्या जमासाठी समाती वैलागिणे होते वक्ले संपरिला जातो,35.0,77.78,0,6.13
sample_00343,D:\marathi-asr\data\vistaar_benchmarks\kathbath_noisy\marathi\wavs\844424932330074-980-f.wav,हे समजत नव्हते अनेकजण डिपीजवळील कठडय़ाला धडकून हा थरारक अपघाताचा शेवट झाला,दुजतनवते अनेकगन डीपी नवीन कठण्याला तड कोन हातरार कगघाताचा सेवट झाला,हे समजत नव्हते अनेकजण डिपीजवळील कठडय़ाला धडकून हा थरारक अपघाताचा शेवट झाला,दुजतनवते अनेकगन डीपी नवीन कठण्याला तड कोन हातरार कगघाताचा सेवट झाला,36.49,91.67,0,6.32
sample_00344,D:\marathi-asr\data\vistaar_benchmarks\kathbath_noisy\marathi\wavs\844424932372237-132-f.wav,अशात तिच्या ड्रेसवर अर्पिताची नजर पडली आणि तिने जॉर्जियाला बोलावून आपला दुपट्टा व्यवस्थित करायला सांगितला,अशातीच्या टेसवर आर्पिकाची नजर पडली आणि तिनेट्रॉजियला मुलवून आपला तुपट्टा व्यवस्थित करायला सांगितला,अशात तिच्या ड्रेसवर अर्पिताची नजर पडली आणि तिने जॉर्जियाला बोलावून आपला दुपट्टा व्यवस्थित करायला सांगितला,अशातीच्या टेसवर आर्पिकाची नजर पडली आणि तिनेट्रॉजियला मुलवून आपला तुपट्टा व्यवस्थित करायला सांगितला,16.19,53.33,0,8.45
sample_00345,D:\marathi-asr\data\vistaar_benchmarks\kathbath_noisy\marathi\wavs\844424930557192-737-f.wav,जैतापूरच्या धगधगत्या वातावरणात प्रत्यक्ष प्रकल्प स्थळावर जाऊन ताकद दाखवण्याचे काम राणेंनी केले,जैतापुलच्या दगधक्ता वातावळणार्यक्येक्षा प्रपेप्स्तळावर जामकाकद दाकवण्याचे काम राहणेयनी केले,जैतापूरच्या धगधगत्या वातावरणात प्रत्यक्ष प्रकल्प स्थळावर जाऊन ताकद दाखवण्याचे काम राणेंनी केले,जैतापुलच्या दगधक्ता वातावळणार्यक्येक्षा प्रपेप्स्तळावर जामकाकद दाकवण्याचे काम राहणेयनी केले,27.66,83.33,0,8.1
sample_00346,D:\marathi-asr\data\vistaar_benchmarks\kathbath_noisy\marathi\wavs\844424930573323-737-f.wav,विधान परिषदेमध्ये विरोधकांचं संख्याबळ जास्त असल्यामुळे ते गोंधळ घालतात,प्िधान परिक्षादेमध्ये विलधकांचा संख्या वय जास्त स ल्यामुळे तेकूंदळ घालतात,विधान परिषदेमध्ये विरोधकांचं संख्याबळ जास्त असल्यामुळे ते गोंधळ घालतात,प्िधान परिक्षादेमध्ये विलधकांचा संख्या वय जास्त स ल्यामुळे तेकूंदळ घालतात,24.29,88.89,0,5.69
sample_00347,D:\marathi-asr\data\vistaar_benchmarks\kathbath_noisy\marathi\wavs\844424932823375-715-f.wav,त्यानंतर राष्ट्रवादी काँग्रेस पुरग्रस्तांना मदत करण्यास उतरली होती,त्यानंतरराष्ट्रयवाअधी कॉंबरेस पुरग रसकाना मदत करण्यास उतरली होती,त्यानंतर राष्ट्रवादी काँग्रेस पुरग्रस्तांना मदत करण्यास उतरली होती,त्यानंतरराष्ट्रयवाअधी कॉंबरेस पुरग रसकाना मदत करण्यास उतरली होती,18.18,50.0,0,5.29
sample_00348,D:\marathi-asr\data\vistaar_benchmarks\kathbath_noisy\marathi\wavs\844424931130738-933-f.wav,त्याचबरोबर आज देवगड नगरपालिकेच्या भाजपच्या दोन नगरसेवकांनी शिवसेनेत प्रवेश केला आहे,त्याच बरोबर आत देरघोडगर पालिकेच्या भाजाच्या दोन हगा सेव कानी शिव्सिधे फ प्रवेश केला,त्याचबरोबर आज देवगड नगरपालिकेच्या भाजपच्या दोन नगरसेवकांनी शिवसेनेत प्रवेश केला आहे,त्याच बरोबर आत देरघोडगर पालिकेच्या भाजाच्या दोन हगा सेव कानी शिव्सिधे फ प्रवेश केला,27.71,109.09,0,5.64
sample_00349,D:\marathi-asr\data\vistaar_benchmarks\kathbath_noisy\marathi\wavs\844424932262445-809-f.wav,तंत्रज्ञानाने आपल्या आयुष्यात खूप बदल झालेले आहेत आणि त्यामुळे माणसाचे कष्ट वाचले आहेत,तंत्रधनने आपल्या औषध खूप बदल झालेले आहे आणि त्यामुळे मांसाची कष्ट वाचली आहेत,तंत्रज्ञानाने आपल्या आयुष्यात खूप बदल झालेले आहेत आणि त्यामुळे माणसाचे कष्ट वाचले आहेत,तंत्रधनने आपल्या औषध खूप बदल झालेले आहे आणि त्यामुळे मांसाची कष्ट वाचली आहेत,18.6,38.46,0,9.5
sample_00350,D:\marathi-asr\data\vistaar_benchmarks\kathbath_noisy\marathi\wavs\844424930573353-737-f.wav,नगराज मंजुळेंच्या सिनेमात शब्द कमी आणि कॅमेरा जास्त बोलताना दिसून येतो,नगराच मंदजय च्या तुलीमाल शब्द कमी आणि चामेला जास्त होताना दिसून येतो,नगराज मंजुळेंच्या सिनेमात शब्द कमी आणि कॅमेरा जास्त बोलताना दिसून येतो,नगराच मंदजय च्या तुलीमाल शब्द कमी आणि चामेला जास्त होताना दिसून येतो,22.86,54.55,0,6.69
sample_00351,D:\marathi-asr\data\vistaar_benchmarks\kathbath_noisy\marathi\wavs\844424930906922-972-f.wav,ऑनलाइन सुविधा झाल्यास काही ठराविक संख्येपर्यंत भाविकांना ही सुविधा दिली जाणार आहे,ऑनलाइन सुविधा झाल्यास काही ठराविक संखगेपर्यंत भाविकांनाही सुविधा दिले जाणार आहे,ऑनलाइन सुविधा झाल्यास काही ठराविक संख्येपर्यंत भाविकांना ही सुविधा दिली जाणार आहे,ऑनलाइन सुविधा झाल्यास काही ठराविक संखगेपर्यंत भाविकांनाही सुविधा दिले जाणार आहे,4.94,33.33,0,6.52
sample_00352,D:\marathi-asr\data\vistaar_benchmarks\kathbath_noisy\marathi\wavs\844424931218235-933-f.wav,पहाटे चार वाजता एटीएमबाहेर रांग लावल्याचा आपल्याला फायदा झाल्याचे गणेश गुप्ता हा स्थानिक सांगतो,आटेचार वसा ए.ट.एम.बये राम लागल्याचा आपल्याला पायदा झाल्याचे गणे ुक्तहा स्थानिक सांगतो,पहाटे चार वाजता एटीएमबाहेर रांग लावल्याचा आपल्याला फायदा झाल्याचे गणेश गुप्ता हा स्थानिक सांगतो,आटेचार वसा ए ट एम बये राम लागल्याचा आपल्याला पायदा झाल्याचे गणे ुक्तहा स्थानिक सांगतो,23.16,85.71,0,7.87
sample_00353,D:\marathi-asr\data\vistaar_benchmarks\kathbath_noisy\marathi\wavs\844424930573304-737-f.wav,सर्व जण गोल उभे राहून या स्पर्धेचा आस्वाद घेतात,सरबरजन होल वेल्ा हुण्यास पंधे चा स्वा घेतात,सर्व जण गोल उभे राहून या स्पर्धेचा आस्वाद घेतात,सरबरजन होल वेल्ा हुण्यास पंधे चा स्वा घेतात,42.55,88.89,0,4.53
sample_00354,D:\marathi-asr\data\vistaar_benchmarks\kathbath_noisy\marathi\wavs\844424930868457-933-f.wav,मुंबई महापालिका निवडणुकीत भाजपा आणि शिवसेनेला बहुमताचा आकडा काही गाठता आलेला नाही,ममई महापालिका निवनुकीत गाजपा आणि शेरसिनना भुळमताचा आफडाताही जास्ताडेलं नाही,मुंबई महापालिका निवडणुकीत भाजपा आणि शिवसेनेला बहुमताचा आकडा काही गाठता आलेला नाही,ममई महापालिका निवनुकीत गाजपा आणि शेरसिनना भुळमताचा आफडाताही जास्ताडेलं नाही,29.63,75.0,0,6.73
sample_00355,D:\marathi-asr\data\vistaar_benchmarks\kathbath_noisy\marathi\wavs\844424930875879-954-f.wav,बिबट्याच्या हल्ल्यामुळे परिसरातील शेतकऱ्यांमध्ये भीतीचे वातावरण निर्माण झाले आहे,डिप्त्ाच्या हाल्यामुळे परिसरातील शेतक्यांमध्ये पितीची वातावरण निर्माण झाले आहे,बिबट्याच्या हल्ल्यामुळे परिसरातील शेतकऱ्यांमध्ये भीतीचे वातावरण निर्माण झाले आहे,डिप्त्ाच्या हाल्यामुळे परिसरातील शेतक्यांमध्ये पितीची वातावरण निर्माण झाले आहे,14.81,44.44,0,6.06
sample_00356,D:\marathi-asr\data\vistaar_benchmarks\kathbath_noisy\marathi\wavs\844424930902746-715-f.wav,राज्यातील घटक प्रमुखांना निधी वितरीत करताना अनेक अडचणींना सामोरे जावे लागत आहे,रा्जतील घटक्प्रानक ्नानिधी वि्रीष करताना अणि कर्जनीना सामाळे याणी बँक आहे,राज्यातील घटक प्रमुखांना निधी वितरीत करताना अनेक अडचणींना सामोरे जावे लागत आहे,रा्जतील घटक्प्रानक ्नानिधी वि्रीष करताना अणि कर्जनीना सामाळे याणी बँक आहे,38.46,83.33,0,7.31
sample_00357,D:\marathi-asr\data\vistaar_benchmarks\kathbath_noisy\marathi\wavs\844424930868452-933-f.wav,याचाच अर्थ देशात बँकांमध्ये मोठ्या प्रमाणात घोटाळे चालू आहेत,याचा चरका देशात बँकांमध्ये मोठ्या प्रमाणात गोटाळे चालू आहे,याचाच अर्थ देशात बँकांमध्ये मोठ्या प्रमाणात घोटाळे चालू आहेत,याचा चरका देशात बँकांमध्ये मोठ्या प्रमाणात गोटाळे चालू आहे,10.0,44.44,0,4.78
sample_00358,D:\marathi-asr\data\vistaar_benchmarks\kathbath_noisy\marathi\wavs\844424930906970-972-f.wav,केवळ ड्रेनेज व अन्य सुविधा तेथून जाणार असल्याने त्या क्षेत्राचा अंतर्भाव झाला आहे,केवर ट्रेनेज न्य सुवधा यथीन जाळात असल्याले या ्षे्त्राचा अंतर्भाव झालाहे,केवळ ड्रेनेज व अन्य सुविधा तेथून जाणार असल्याने त्या क्षेत्राचा अंतर्भाव झाला आहे,केवर ट्रेनेज न्य सुवधा यथीन जाळात असल्याले या ्षे्त्राचा अंतर्भाव झालाहे,22.22,92.31,0,7.36
sample_00359,D:\marathi-asr\data\vistaar_benchmarks\kathbath_noisy\marathi\wavs\844424930875841-954-f.wav,असामी खेळाडू लावलिना हिने ६९ किलो गटात भारताच्या पूजा ला मात देत विजय मिळविला,असामी केलाडू लाव लीनाहने एकूण सतर किलो हटात भारताच्या पुजाला माधयेत विजे मिळविला,असामी खेळाडू लावलिना हिने ६९ किलो गटात भारताच्या पूजा ला मात देत विजय मिळविला,असामी केलाडू लाव लीनाहने एकूण सतर किलो हटात भारताच्या पुजाला माधयेत विजे मिळविला,27.27,78.57,0,7.17
sample_00360,D:\marathi-asr\data\vistaar_benchmarks\kathbath_noisy\marathi\wavs\844424931030031-933-f.wav,पावसाळ्यात दरडी कोसळण्याची भीती असल्यामुळे मिनीट्रेन बंद ठेवली जाते,पावसाळ्यात दराबीक वोषणाचे गूपे असल्यामुळे दिलोते गद्ध केली आहे,पावसाळ्यात दरडी कोसळण्याची भीती असल्यामुळे मिनीट्रेन बंद ठेवली जाते,पावसाळ्यात दराबीक वोषणाचे गूपे असल्यामुळे दिलोते गद्ध केली आहे,43.28,77.78,0,4.85
sample_00361,D:\marathi-asr\data\vistaar_benchmarks\kathbath_noisy\marathi\wavs\844424932337210-809-f.wav,पुणे आणि भारतातील इतर विद्यापीठातही हे कोस्रेस उपलब्ध आहेत,पुढ् आणि भारतातील इतर दिद्धा पिठातशी हि कोर्सेस उपलब्ध आहेत,पुणे आणि भारतातील इतर विद्यापीठातही हे कोस्रेस उपलब्ध आहेत,पुढ् आणि भारतातील इतर दिद्धा पिठातशी हि कोर्सेस उपलब्ध आहेत,17.24,55.56,0,6.97
sample_00362,D:\marathi-asr\data\vistaar_benchmarks\kathbath_noisy\marathi\wavs\844424932828562-933-f.wav,आडत रद्द झाल्याने शेतकरी थेट शहरात माल पाठवत आहेत,आडत रद्ध झाल्याने शेकरी थेट शहरात माल पाठ्वत आहे,आडत रद्द झाल्याने शेतकरी थेट शहरात माल पाठवत आहेत,आडत रद्ध झाल्याने शेकरी थेट शहरात माल पाठ्वत आहे,8.16,44.44,0,4.43
sample_00363,D:\marathi-asr\data\vistaar_benchmarks\kathbath_noisy\marathi\wavs\844424930902744-715-f.wav,आषाढी एकादशीनिमित्त मांडलेल्या नयनमनोहर विशेष पूजेचे हजारो भाविकांनी मनोभावे दर्शन घेतले,आासार उकारविक्ट माकेल्या बया महनावरत तलेचे हजार भागकमनबारेकशल दिते,आषाढी एकादशीनिमित्त मांडलेल्या नयनमनोहर विशेष पूजेचे हजारो भाविकांनी मनोभावे दर्शन घेतले,आासार उकारविक्ट माकेल्या बया महनावरत तलेचे हजार भागकमनबारेकशल दिते,55.68,100.0,0,7.73
sample_00364,D:\marathi-asr\data\vistaar_benchmarks\kathbath_noisy\marathi\wavs\844424930906964-972-f.wav,२९ जून ते ५ जुलै असा या लॉकडाउनचा कालावधी असणार आहे,एकोणतीस झुन ते पाच जुले असा यात लागडांचा कालावधी असणार आहे,२९ जून ते ५ जुलै असा या लॉकडाउनचा कालावधी असणार आहे,एकोणतीस झुन ते पाच जुले असा यात लागडांचा कालावधी असणार आहे,35.29,54.55,0,5.57
sample_00365,D:\marathi-asr\data\vistaar_benchmarks\kathbath_noisy\marathi\wavs\844424930875911-954-f.wav,आधी सगळ्यांना लोणी लावून घेतलं की कितीही माणसं असतील तरी एकदम पटपट होतात,आदी सगळ्यांना लोनी लाऊन घेतलं की कितीही मांस असतील तरी एक दमपट्पट होता,आधी सगळ्यांना लोणी लावून घेतलं की कितीही माणसं असतील तरी एकदम पटपट होतात,आदी सगळ्यांना लोनी लाऊन घेतलं की कितीही मांस असतील तरी एक दमपट्पट होता,13.89,53.85,0,6.36
sample_00366,D:\marathi-asr\data\vistaar_benchmarks\kathbath_noisy\marathi\wavs\844424930834539-954-f.wav,पण आज सत्ताधारी या संस्था मोठ्या भांडवलदारांच्या हाती देत आहेत,पण आज सका धरीया संस्था मोठ्या भांडवलदारांच्या हाती देत आहेत,पण आज सत्ताधारी या संस्था मोठ्या भांडवलदारांच्या हाती देत आहेत,पण आज सका धरीया संस्था मोठ्या भांडवलदारांच्या हाती देत आहेत,9.68,20.0,0,5.62
sample_00367,D:\marathi-asr\data\vistaar_benchmarks\kathbath_noisy\marathi\wavs\844424931130748-933-f.wav,पंतप्रधानपदासाठी निवड झाल्यानंतर मोदी यांनी सर्वप्रथम सेंट्रल हॉलमध्ये खास आणलेल्या राज्यघटनेला नमन केले,पंतप्रधान ्पदासाठी दिवळ झाल्यानंतर बोदी याणिी सर्व प्रथम सेंटल होलमध्ये खास आणलेल्या राच्या घटडेला ननन केले,पंतप्रधानपदासाठी निवड झाल्यानंतर मोदी यांनी सर्वप्रथम सेंट्रल हॉलमध्ये खास आणलेल्या राज्यघटनेला नमन केले,पंतप्रधान ्पदासाठी दिवळ झाल्यानंतर बोदी याणिी सर्व प्रथम सेंटल होलमध्ये खास आणलेल्या राच्या घटडेला ननन केले,15.38,92.31,0,7.08
sample_00368,D:\marathi-asr\data\vistaar_benchmarks\kathbath_noisy\marathi\wavs\844424932330073-980-f.wav,फिर्यादी झाकीर इकरान हुसेन हे नृत्यदिग्दर्शक सुमित विनोद यांचे व्यवस्थापक आहेत,अदिजातीर होसेल हे गुणत्यादिं दर्शक सुमित विधो द्यांचे व्यवस्थापक आहेत,फिर्यादी झाकीर इकरान हुसेन हे नृत्यदिग्दर्शक सुमित विनोद यांचे व्यवस्थापक आहेत,अदिजातीर होसेल हे गुणत्यादिं दर्शक सुमित विधो द्यांचे व्यवस्थापक आहेत,34.62,72.73,0,6.04
sample_00369,D:\marathi-asr\data\vistaar_benchmarks\kathbath_noisy\marathi\wavs\844424930875874-954-f.wav,जोपर्यंत रुग्णाला उपचार मिळत नाही तोपर्यंत तो रुग्ण सांसर्गिक असतो,तोपर्यंत ऋूगना लावकदार मिळात नाही तो पर्यंत रोगना सांचर्गिक असतो,जोपर्यंत रुग्णाला उपचार मिळत नाही तोपर्यंत तो रुग्ण सांसर्गिक असतो,तोपर्यंत ऋूगना लावकदार मिळात नाही तो पर्यंत रोगना सांचर्गिक असतो,28.79,80.0,0,4.78
sample_00370,D:\marathi-asr\data\vistaar_benchmarks\kathbath_noisy\marathi\wavs\844424930834555-954-f.wav,शतकांपासून मूळ लोकगीतेला अनेक वेळा पुन्हा लिहीले गेले आहे,शतकांपासून मू लोगघीतेला अनेक वेळा पून्हाली गेणी केली आहे,शतकांपासून मूळ लोकगीतेला अनेक वेळा पुन्हा लिहीले गेले आहे,शतकांपासून मू लोगघीतेला अनेक वेळा पून्हाली गेणी केली आहे,22.81,55.56,0,5.48
sample_00371,D:\marathi-asr\data\vistaar_benchmarks\kathbath_noisy\marathi\wavs\844424930573312-737-f.wav,त्यानंतर भारत आणि वेस्ट इंडिज लढत झाली ती श्रीनगरमध्ये,तानंत भारत आनि वेस तिंडिड लडत झाल ती श्री नगलमध् ले,त्यानंतर भारत आणि वेस्ट इंडिज लढत झाली ती श्रीनगरमध्ये,तानंत भारत आनि वेस तिंडिड लडत झाल ती श्री नगलमध् ले,27.78,100.0,0,4.09
sample_00372,D:\marathi-asr\data\vistaar_benchmarks\kathbath_noisy\marathi\wavs\844424932484382-573-f.wav,आपले वडील राजकारणी असल्यामुळे या घटनेकडे विरोधी पक्षवाले नको तो चुकीचा आरोप करत आहेत,आपलेवडील ग्राज कारणी असल्या मुले या घटणेकडे बिरोदी पक्षवाले नखत चुकाची आरोग करत आहेत,आपले वडील राजकारणी असल्यामुळे या घटनेकडे विरोधी पक्षवाले नको तो चुकीचा आरोप करत आहेत,आपलेवडील ग्राज कारणी असल्या मुले या घटणेकडे बिरोदी पक्षवाले नखत चुकाची आरोग करत आहेत,19.05,78.57,0,8.96
sample_00373,D:\marathi-asr\data\vistaar_benchmarks\kathbath_noisy\marathi\wavs\844424932823336-715-f.wav,क्रिप्टो करन्सीवर लक्ष ठेवण्याची गरज लक्षात घेऊन अमेरिकेत कायदा आणण्याचा विचार चालू आहे,क्रिप्टोकर्नी वर लक्ष ठेवण्याची गरज लक्षात घेऊन अमेरिकेत कायदा आणण्याचा विचार चालू आहे,क्रिप्टो करन्सीवर लक्ष ठेवण्याची गरज लक्षात घेऊन अमेरिकेत कायदा आणण्याचा विचार चालू आहे,क्रिप्टोकर्नी वर लक्ष ठेवण्याची गरज लक्षात घेऊन अमेरिकेत कायदा आणण्याचा विचार चालू आहे,4.6,15.38,0,7.45
sample_00374,D:\marathi-asr\data\vistaar_benchmarks\kathbath_noisy\marathi\wavs\844424932823364-715-f.wav,ऑनलाइन मुल्यांकन करण्याचा निर्णय घेत मुंबई विद्यापीठाने सर्व विभागांचे निकाल उशीरा लावले,ऑनलाइन मूल्यांकन करण्याचा निर्नायकेत मोंबई विद्या पिठाने सर्व विभागांचे मिकाल उशीरा लावले,ऑनलाइन मुल्यांकन करण्याचा निर्णय घेत मुंबई विद्यापीठाने सर्व विभागांचे निकाल उशीरा लावले,ऑनलाइन मूल्यांकन करण्याचा निर्नायकेत मोंबई विद्या पिठाने सर्व विभागांचे मिकाल उशीरा लावले,10.23,50.0,0,6.97
sample_00375,D:\marathi-asr\data\vistaar_benchmarks\kathbath_noisy\marathi\wavs\844424931570557-236-f.wav,यावेळी त्यांनी जगदंबा देवी तसंच सेवालाल महाराजांच्या समाधीचे दर्शन घेतले,यावेळी त्यानी जगदंबा देवीतचच सेवाळाल महारजांच्या प्रमागेचे दर्शण घेतले,यावेळी त्यांनी जगदंबा देवी तसंच सेवालाल महाराजांच्या समाधीचे दर्शन घेतले,यावेळी त्यानी जगदंबा देवीतचच सेवाळाल महारजांच्या प्रमागेचे दर्शण घेतले,16.67,70.0,0,7.59
sample_00376,D:\marathi-asr\data\vistaar_benchmarks\kathbath_noisy\marathi\wavs\844424932262380-809-f.wav,दहावीला नापास झालो आणि खरोखर एका वडापावच्या गाडीवर हेल्पर म्हणून लागलो,दहाविलाना पाच झालो आणि खरोकर एका वडाकंच्या काडीवर हलपर म्हणून लागलो,दहावीला नापास झालो आणि खरोखर एका वडापावच्या गाडीवर हेल्पर म्हणून लागलो,दहाविलाना पाच झालो आणि खरोकर एका वडाकंच्या काडीवर हलपर म्हणून लागलो,15.71,54.55,0,8.45
sample_00377,D:\marathi-asr\data\vistaar_benchmarks\kathbath_noisy\marathi\wavs\844424931570607-236-f.wav,या प्रकरणातील एका आरोपीची पुनर्विचार याचिका सर्वोच्च न्यायालयानं स्वीकार केली आहे,आपसनाती एका आरोपिकवि सुधर रष्र याचिका सर्वोतच्या न्यायालयान प्कार कोली आहे,या प्रकरणातील एका आरोपीची पुनर्विचार याचिका सर्वोच्च न्यायालयानं स्वीकार केली आहे,आपसनाती एका आरोपिकवि सुधर रष्र याचिका सर्वोतच्या न्यायालयान प्कार कोली आहे,34.57,81.82,0,7.01
sample_00378,D:\marathi-asr\data\vistaar_benchmarks\kathbath_noisy\marathi\wavs\844424930902767-715-f.wav,तरीदेखील या मासेमारीवर प्रशासनाकडून कोणत्याही प्रकारची ठोस भूमिका घेतली जात नाही,परमतेया मासी मालवळ प्रशषनाकरडून कोणत्याह प्रकारची पोज भुमिका घेतली जात नाहे,तरीदेखील या मासेमारीवर प्रशासनाकडून कोणत्याही प्रकारची ठोस भूमिका घेतली जात नाही,परमतेया मासी मालवळ प्रशषनाकरडून कोणत्याह प्रकारची पोज भुमिका घेतली जात नाहे,25.0,72.73,0,6.73
sample_00379,D:\marathi-asr\data\vistaar_benchmarks\kathbath_noisy\marathi\wavs\844424932372195-132-f.wav,भारताला एक रन करता आला आणि ही मॅच टाय झाली,भारताला एकरण करताना अळि नीम्याश टायचावे,भारताला एक रन करता आला आणि ही मॅच टाय झाली,भारताला एकरण करताना अळि नीम्याश टायचावे,40.48,90.0,0,4.2
sample_00380,D:\marathi-asr\data\vistaar_benchmarks\kathbath_noisy\marathi\wavs\844424932828554-933-f.wav,पपईलाही कीडरोगांचा मोठा धोका संभवत असल्याने कीटकनाशकांची फवारणी योग्य वेळी करणे आवश्यक आहे,पफईलाही किडा रोगांचा मोठा धोका समवत असल्याने कीटकनाशकांची फवारणी योग्यळी करणे आवश्यक आहे,पपईलाही कीडरोगांचा मोठा धोका संभवत असल्याने कीटकनाशकांची फवारणी योग्य वेळी करणे आवश्यक आहे,पफईलाही किडा रोगांचा मोठा धोका समवत असल्याने कीटकनाशकांची फवारणी योग्यळी करणे आवश्यक आहे,10.0,46.15,0,7.22
sample_00381,D:\marathi-asr\data\vistaar_benchmarks\kathbath_noisy\marathi\wavs\844424932372220-132-f.wav,१९६९ साली मुंबईतील ऑस्ट्रेलियाविरुद्धच्या कसोटीत वेंकटराघवनला चुकीचा बाद दिला,एकणीशे कण सत्तरसाली भोंबाईबील ऑसलेलह्या विरुतच्या कसोटीत बँक ट्राकवणला चुकीचा बा दिला,१९६९ साली मुंबईतील ऑस्ट्रेलियाविरुद्धच्या कसोटीत वेंकटराघवनला चुकीचा बाद दिला,एकणीशे कण सत्तरसाली भोंबाईबील ऑसलेलह्या विरुतच्या कसोटीत बँक ट्राकवणला चुकीचा बा दिला,46.75,100.0,0,7.94
sample_00382,D:\marathi-asr\data\vistaar_benchmarks\kathbath_noisy\marathi\wavs\844424930573379-737-f.wav,त्यात माधवराव गायकवाड यांना मनमाड नगर परिषदेवर जनतेतून थेट नगराध्यक्ष होण्याचा मान मिळाला होता,ततमाधर गायपवाड्यांना बनमाड नगल परिषदेवर जनतेतूनथेट नगराद दक्षा होण्याचा मान मळाला होता,त्यात माधवराव गायकवाड यांना मनमाड नगर परिषदेवर जनतेतून थेट नगराध्यक्ष होण्याचा मान मिळाला होता,ततमाधर गायपवाड्यांना बनमाड नगल परिषदेवर जनतेतूनथेट नगराद दक्षा होण्याचा मान मळाला होता,18.09,71.43,0,8.43
sample_00383,D:\marathi-asr\data\vistaar_benchmarks\kathbath_noisy\marathi\wavs\844424930902743-715-f.wav,त्यामुळे येडींना आता कोणताच स्वतंत्र निर्णय घेता येणार नाही,त्यामुळे एळींना आता कोणता पतंत्र निर्णय घेता येणार नाही ?,त्यामुळे येडींना आता कोणताच स्वतंत्र निर्णय घेता येणार नाही,त्यामुळे एळींना आता कोणता पतंत्र निर्णय घेता येणार नाही,11.86,33.33,0,5.09
sample_00384,D:\marathi-asr\data\vistaar_benchmarks\kathbath_noisy\marathi\wavs\844424930902769-715-f.wav,लहान मूल म्हणजे मातीचा गोळा त्याला आपण कसे संस्कारक्षम बनवणार तसे ते बनणार,लहान मन म्हणजे मातीचा गोळा त्याला आपण कसे संसारक्षम बनवणार तसे ते बनार,लहान मूल म्हणजे मातीचा गोळा त्याला आपण कसे संस्कारक्षम बनवणार तसे ते बनणार,लहान मन म्हणजे मातीचा गोळा त्याला आपण कसे संसारक्षम बनवणार तसे ते बनार,6.76,23.08,0,5.94
sample_00385,D:\marathi-asr\data\vistaar_benchmarks\kathbath_noisy\marathi\wavs\844424932311854-980-f.wav,हे निरीक्षक भाजप अध्यक्ष अमित शहा यांना आपला अहवाल सादर करणार आहेत,हे निरिक्ष भाजेपद्यक षअमीच शहायांना आपला अवार सादर करणार आहेत,हे निरीक्षक भाजप अध्यक्ष अमित शहा यांना आपला अहवाल सादर करणार आहेत,हे निरिक्ष भाजेपद्यक षअमीच शहायांना आपला अवार सादर करणार आहेत,19.7,58.33,0,5.06
sample_00386,D:\marathi-asr\data\vistaar_benchmarks\kathbath_noisy\marathi\wavs\844424930834513-954-f.wav,तेवढ्यात माझा लोक बिरादरी शाळेतील जुना माडिया मित्र जुरू मला भेटला,तेवढ्यात माझा लोक पिरा दारीश हआे तेल जुना मिढ्या मित्र सुरू मला भिटला,तेवढ्यात माझा लोक बिरादरी शाळेतील जुना माडिया मित्र जुरू मला भेटला,तेवढ्यात माझा लोक पिरा दारीश हआे तेल जुना मिढ्या मित्र सुरू मला भिटला,21.21,63.64,0,5.55
sample_00387,D:\marathi-asr\data\vistaar_benchmarks\kathbath_noisy\marathi\wavs\844424930573326-737-f.wav,अनेक मान्यवरांच्या उपस्थितीत पंतप्रधान नरेंद्र मोदी यांच्या हस्ते हे भूमिपूजन होणार आहे,अनेक मान्यावरांच्या उपस्थितीत पंतप्रधांना री लल मोदियांचया हसते हे भूही पूजन होणार आहे,अनेक मान्यवरांच्या उपस्थितीत पंतप्रधान नरेंद्र मोदी यांच्या हस्ते हे भूमिपूजन होणार आहे,अनेक मान्यावरांच्या उपस्थितीत पंतप्रधांना री लल मोदियांचया हसते हे भूही पूजन होणार आहे,18.39,66.67,0,6.57
sample_00388,D:\marathi-asr\data\vistaar_benchmarks\kathbath_noisy\marathi\wavs\844424932311893-980-f.wav,खरेदीसाठी परिचय सुपर मार्केटमध्ये आलेली महिला चेंजिंग रुममध्ये गेली होती,रीसाठी परिचे चुपर मारकेटमध्ये आले ह महिला शेंचममध्ये गेली होती,खरेदीसाठी परिचय सुपर मार्केटमध्ये आलेली महिला चेंजिंग रुममध्ये गेली होती,रीसाठी परिचे चुपर मारकेटमध्ये आले ह महिला शेंचममध्ये गेली होती,22.22,80.0,0,5.18
sample_00389,D:\marathi-asr\data\vistaar_benchmarks\kathbath_noisy\marathi\wavs\844424932372251-132-f.wav,खड्डे चुकवताना चालकाचे वाहनावरील नियंत्रण सुटल्यामुळे बस पलटी झाली,खटे चुकवकाना चाललकाचे वाहलावरी नियंत्रण सुपल्यामुळे पस पंटी झाले,खड्डे चुकवताना चालकाचे वाहनावरील नियंत्रण सुटल्यामुळे बस पलटी झाली,खटे चुकवकाना चाललकाचे वाहलावरी नियंत्रण सुपल्यामुळे पस पंटी झाले,16.67,88.89,0,6.18
sample_00390,D:\marathi-asr\data\vistaar_benchmarks\kathbath_noisy\marathi\wavs\844424932262402-809-f.wav,या चित्रपटात भूमी पेडणेकर आणि राजकुमार राव यांची जोडी झळकणार आहे,या चित्रपटात भूमी पेटनीकर आणि राचुमरराव यांचे जोडीच हरक्रार आहे,या चित्रपटात भूमी पेडणेकर आणि राजकुमार राव यांची जोडी झळकणार आहे,या चित्रपटात भूमी पेटनीकर आणि राचुमरराव यांचे जोडीच हरक्रार आहे,20.31,54.55,0,7.96
sample_00391,D:\marathi-asr\data\vistaar_benchmarks\kathbath_noisy\marathi\wavs\844424930573381-737-f.wav,उलट आज पैशाच्या जोरावर हे नेते विविध पक्षांमध्ये मानाचं स्थान मिरवतायत,फुलट आज पैशाच्या जोलावरही नेथे विरिध पक्षांमध्ये मानात स्थान नि रवताेत,उलट आज पैशाच्या जोरावर हे नेते विविध पक्षांमध्ये मानाचं स्थान मिरवतायत,फुलट आज पैशाच्या जोलावरही नेथे विरिध पक्षांमध्ये मानात स्थान नि रवताेत,17.14,72.73,0,6.36
sample_00392,D:\marathi-asr\data\vistaar_benchmarks\kathbath_noisy\marathi\wavs\844424932311936-980-f.wav,कोंडली विधानसभा मतदारसंघ हा दिल्लीमधील एक विधानसभा मतदारसंघ आहे,बतबत तुंक खातील निवदिनेक विधा सभा मध्या भाग आहे,कोंडली विधानसभा मतदारसंघ हा दिल्लीमधील एक विधानसभा मतदारसंघ आहे,बतबत तुंक खातील निवदिनेक विधा सभा मध्या भाग आहे,66.67,88.89,0,5.2
sample_00393,D:\marathi-asr\data\vistaar_benchmarks\kathbath_noisy\marathi\wavs\844424930557242-737-f.wav,देशभरात सध्या ईव्हीएम हटवून पुन्हा मतदानासाठी मतपत्रिकेचा वापर केला जावा यासाठी मागणी जोर धरत आहे,देशहरासदा इवियाम ह्टवून पुन्हा मतदानासाठी मतपत्रिकेचा वापर केल्ा जागा यासाठी मागणी जोन धरत आहे,देशभरात सध्या ईव्हीएम हटवून पुन्हा मतदानासाठी मतपत्रिकेचा वापर केला जावा यासाठी मागणी जोर धरत आहे,देशहरासदा इवियाम ह्टवून पुन्हा मतदानासाठी मतपत्रिकेचा वापर केल्ा जागा यासाठी मागणी जोन धरत आहे,15.46,46.67,0,8.2
sample_00394,D:\marathi-asr\data\vistaar_benchmarks\kathbath_noisy\marathi\wavs\844424932330082-980-f.wav,ब्रिटिश सरकार क्रांतिकारकांना देत असलेल्या त्रासाची त्यांना संपूर्ण कल्पना होती,ब्रिटीज सरकार प्रात्तिकारांना देट असल्या रासाची त्यांना संपूर्ण कल्पना होती,ब्रिटिश सरकार क्रांतिकारकांना देत असलेल्या त्रासाची त्यांना संपूर्ण कल्पना होती,ब्रिटीज सरकार प्रात्तिकारांना देट असल्या रासाची त्यांना संपूर्ण कल्पना होती,13.92,50.0,0,5.6
sample_00395,D:\marathi-asr\data\vistaar_benchmarks\kathbath_noisy\marathi\wavs\844424932828542-933-f.wav,संशयितांविरुद्ध शाहूपुरी पोलिस ठाण्यात गुन्हा दाखल करण्यात आला आहे,संशोयितान दिरृ्ध शावर पोरी प्रडेस्यानेत गुन्हा दाकल करण्यात आला आहे,संशयितांविरुद्ध शाहूपुरी पोलिस ठाण्यात गुन्हा दाखल करण्यात आला आहे,संशोयितान दिरृ्ध शावर पोरी प्रडेस्यानेत गुन्हा दाकल करण्यात आला आहे,31.82,66.67,0,5.27
sample_00396,D:\marathi-asr\data\vistaar_benchmarks\kathbath_noisy\marathi\wavs\844424932828571-933-f.wav,हा दौरा अत्यंत यशस्वी ठरला अशी माहिती सरकारकडून देण्यात आली आहे,हादौरा अत्यांत यशची ठरला अशी माहिती सरकारकरून देण्यात आली आहे,हा दौरा अत्यंत यशस्वी ठरला अशी माहिती सरकारकडून देण्यात आली आहे,हादौरा अत्यांत यशची ठरला अशी माहिती सरकारकरून देण्यात आली आहे,9.52,45.45,0,5.57
sample_00397,D:\marathi-asr\data\vistaar_benchmarks\kathbath_noisy\marathi\wavs\844424930573292-737-f.wav,काही दिवसांपूर्वी सोशल मीडियावर ९ सेकंदाचा एक व्हिडिओ व्हायरल झाला होता,काही दिवसांमूर्वे सोशल मिडियावर मऊसिकंदाचा एक मियो बायरल झाला होता,काही दिवसांपूर्वी सोशल मीडियावर ९ सेकंदाचा एक व्हिडिओ व्हायरल झाला होता,काही दिवसांमूर्वे सोशल मिडियावर मऊसिकंदाचा एक मियो बायरल झाला होता,21.13,54.55,0,6.18
sample_00398,D:\marathi-asr\data\vistaar_benchmarks\kathbath_noisy\marathi\wavs\844424932372216-132-f.wav,मुळात आपल्याला स्वातंत्र्य मिळाले तेच अनेक गंभीर प्रश्न उत्पन्न करतच,पुरा टाआपल्यान सातंत्र मिळाले तेचालेक कमपे कशन उत्पन्न करतत,मुळात आपल्याला स्वातंत्र्य मिळाले तेच अनेक गंभीर प्रश्न उत्पन्न करतच,पुरा टाआपल्यान सातंत्र मिळाले तेचालेक कमपे कशन उत्पन्न करतत,35.29,80.0,0,5.43
sample_00399,D:\marathi-asr\data\vistaar_benchmarks\kathbath_noisy\marathi\wavs\844424932311937-980-f.wav,यामध्ये चाळींचा पुर्नर विकास केल्या नंतर जेवढा विकास करण्यात आला,र चाडीाचा पुदर विकास केल्यानंतर जेवडा विकास करण्यात आला,यामध्ये चाळींचा पुर्नर विकास केल्या नंतर जेवढा विकास करण्यात आला,र चाडीाचा पुदर विकास केल्यानंतर जेवडा विकास करण्यात आला,21.88,60.0,0,4.23
sample_00400,D:\marathi-asr\data\vistaar_benchmarks\kathbath_noisy\marathi\wavs\844424930557259-737-f.wav,खात्यांना किमान शिलकीची अट नसल्याने बँकांकडून त्यावर कोणतीही सुविधा देण्यात येत नव्हती,खाताना किमान शेतीच्ेा अट नसल्याने बँकांकडून प्रावर कोणतेही सुविधा देण्यात येत नावती,खात्यांना किमान शिलकीची अट नसल्याने बँकांकडून त्यावर कोणतीही सुविधा देण्यात येत नव्हती,खाताना किमान शेतीच्ेा अट नसल्याने बँकांकडून प्रावर कोणतेही सुविधा देण्यात येत नावती,17.44,41.67,0,6.48
sample_00401,D:\marathi-asr\data\vistaar_benchmarks\kathbath_noisy\marathi\wavs\844424930868446-933-f.wav,यामध्ये महाविकास आघाडीचे ५ तर भाजपाचे ४ उमेदवार निवडून येण्याची शक्यता आहे,प्या महा विकास आगळीचे पास्त भाजाची चार मेदवड धरून घेण्याची शक्यता आहे,यामध्ये महाविकास आघाडीचे ५ तर भाजपाचे ४ उमेदवार निवडून येण्याची शक्यता आहे,प्या महा विकास आगळीचे पास्त भाजाची चार मेदवड धरून घेण्याची शक्यता आहे,36.49,83.33,0,5.85
sample_00402,D:\marathi-asr\data\vistaar_benchmarks\kathbath_noisy\marathi\wavs\844424932484390-573-f.wav,निवडणुकीत भाजप पक्षाला बहुतम मिळणार असा अंदाज अनेक सर्व्हेतून व्यक्त केला गेला होता,निमलोकीत भाजपा पक्षाला बौमत मिळणार असा अंदाज अनेक सर्व हेतून व्यात केला गेला होता,निवडणुकीत भाजप पक्षाला बहुतम मिळणार असा अंदाज अनेक सर्व्हेतून व्यक्त केला गेला होता,निमलोकीत भाजपा पक्षाला बौमत मिळणार असा अंदाज अनेक सर्व हेतून व्यात केला गेला होता,13.25,46.15,0,8.52
sample_00403,D:\marathi-asr\data\vistaar_benchmarks\kathbath_noisy\marathi\wavs\844424932330016-980-f.wav,या चेकलिस्टनुसारच या संस्थांना अन्नाची सुरक्षा तसेच स्वच्छता ठेवावी लागणार आहे,पिकलीस नुसार या संस्थांना अंनाची सुरक्षातस ्वच्चता ठेवावी लागणार आहे,या चेकलिस्टनुसारच या संस्थांना अन्नाची सुरक्षा तसेच स्वच्छता ठेवावी लागणार आहे,पिकलीस नुसार या संस्थांना अंनाची सुरक्षातस ्वच्चता ठेवावी लागणार आहे,20.51,54.55,0,6.11
sample_00404,D:\marathi-asr\data\vistaar_benchmarks\kathbath_noisy\marathi\wavs\844424930557277-737-f.wav,यंदा आंबा बाजारपेठेतून येणारा महसूल २० ते ३० टक्क्यांनी खाली घसरला आहे,जंदा आंबा बाजारपेठेतून येळणारा मासूल्विस थेतीस टक्क्यानीखाली घसला आहे,यंदा आंबा बाजारपेठेतून येणारा महसूल २० ते ३० टक्क्यांनी खाली घसरला आहे,जंदा आंबा बाजारपेठेतून येळणारा मासूल्विस थेतीस टक्क्यानीखाली घसला आहे,20.0,75.0,0,6.11
sample_00405,D:\marathi-asr\data\vistaar_benchmarks\kathbath_noisy\marathi\wavs\844424932372252-132-f.wav,गेल्या वर्षी झालेल्या मोठ्या व्यवहारानुसार वॉलमार्टने फ्लिपकार्टमधील ७७ टक्के भांडवली हिस्सा विकत घेतला होता,केल्यावर्शी झालेल्या मोठ्या व्यवहारानुचार फॉलमाटने लकाटमध्येल सक्यात्या टक्के पांढवली हीचा विकत घेतला होता,गेल्या वर्षी झालेल्या मोठ्या व्यवहारानुसार वॉलमार्टने फ्लिपकार्टमधील ७७ टक्के भांडवली हिस्सा विकत घेतला होता,केल्यावर्शी झालेल्या मोठ्या व्यवहारानुचार फॉलमाटने लकाटमध्येल सक्यात्या टक्के पांढवली हीचा विकत घेतला होता,28.7,57.14,0,8.92
sample_00406,D:\marathi-asr\data\vistaar_benchmarks\kathbath_noisy\marathi\wavs\844424930868490-933-f.wav,पण त्यांच्या सीस्टीम मधे नक्की काय झालय ते समजल्या शिवाय फायदा नाही,पं त्यांच्या सिस्टिममध्ये नक्की काय झाले ते समद्य शिवय फायदा नाही,पण त्यांच्या सीस्टीम मधे नक्की काय झालय ते समजल्या शिवाय फायदा नाही,पं त्यांच्या सिस्टिममध्ये नक्की काय झाले ते समद्य शिवय फायदा नाही,16.42,50.0,0,5.29
sample_00407,D:\marathi-asr\data\vistaar_benchmarks\kathbath_noisy\marathi\wavs\844424930573330-737-f.wav,गाथाचित्रशती लेखन स्पर्धेतिल लेख वाचतावाचता माझ जुन सिनेमाप्रेम आणि आठवणी जाग्या झाल्या,काता चिक्रेशातील लेकन्स पद्धेतील लेक वाच्ता असता माझ्या जोन्न सेनेमा प्रेम आणि आठवणी जागेर झाल्या,गाथाचित्रशती लेखन स्पर्धेतिल लेख वाचतावाचता माझ जुन सिनेमाप्रेम आणि आठवणी जाग्या झाल्या,काता चिक्रेशातील लेकन्स पद्धेतील लेक वाच्ता असता माझ्या जोन्न सेनेमा प्रेम आणि आठवणी जागेर झाल्या,32.18,100.0,0,7.96
sample_00408,D:\marathi-asr\data\vistaar_benchmarks\kathbath_noisy\marathi\wavs\844424932330105-980-f.wav,घरगुती गणेशोत्सावासाठी गणेश मूर्ती खरेदीसाठी नागरिकांनी गर्दी केली होती,भरपूतीधारे शवत्सवासाठी गनेश मुरती खारेदीसाठी नागरीकारनी गरदी केली होते,घरगुती गणेशोत्सावासाठी गणेश मूर्ती खरेदीसाठी नागरिकांनी गर्दी केली होती,भरपूतीधारे शवत्सवासाठी गनेश मुरती खारेदीसाठी नागरीकारनी गरदी केली होते,23.94,88.89,0,5.43
sample_00409,D:\marathi-asr\data\vistaar_benchmarks\kathbath_noisy\marathi\wavs\844424931130752-933-f.wav,या गोपनीय बैठकीतील संवादाची ऑडीओ क्लिप प्रहार डिजिटलच्या हाती लागली आहे,या क्पूनीय पै्तीक संवादाची अलुकी प्राहाहे डिजिटल च्या हाती लागली आहे,या गोपनीय बैठकीतील संवादाची ऑडीओ क्लिप प्रहार डिजिटलच्या हाती लागली आहे,या क्पूनीय पै्तीक संवादाची अलुकी प्राहाहे डिजिटल च्या हाती लागली आहे,29.58,54.55,0,5.69
sample_00410,D:\marathi-asr\data\vistaar_benchmarks\kathbath_noisy\marathi\wavs\844424931570570-236-f.wav,१ जुलै २०१५ पासून सहकारी संस्थांच्या सर्वेक्षणाची मोहीम हाती घेण्यात आली,एक जुलाई दोन हजर पांधरापासून सहकारी संस्थांच्या सर्वेक्षणाची मोईीन हाती घेण्यात आली,१ जुलै २०१५ पासून सहकारी संस्थांच्या सर्वेक्षणाची मोहीम हाती घेण्यात आली,एक जुलाई दोन हजर पांधरापासून सहकारी संस्थांच्या सर्वेक्षणाची मोईीन हाती घेण्यात आली,26.39,54.55,0,6.34
sample_00411,D:\marathi-asr\data\vistaar_benchmarks\kathbath_noisy\marathi\wavs\844424932372240-132-f.wav,ड्रोन मानवी पेक्षा कमी वेळेत अधिक फोटो घेऊ शकतात,रोन मानवीपेक्षा कमी वेळेत अधिक फोटो घेऊ शकतात,ड्रोन मानवी पेक्षा कमी वेळेत अधिक फोटो घेऊ शकतात,रोन मानवीपेक्षा कमी वेळेत अधिक फोटो घेऊ शकतात,6.25,33.33,0,4.57
sample_00412,D:\marathi-asr\data\vistaar_benchmarks\kathbath_noisy\marathi\wavs\844424932823350-715-f.wav,तर दुसऱ्या व्यंगचित्रात राज ठाकरे हे हातत लाडू घेऊन उभे आहेत,तदुस्या बँकाचे ट्रॅशरास खक्रेजे हात्यात नाडे गे इ्े आहेत,तर दुसऱ्या व्यंगचित्रात राज ठाकरे हे हातत लाडू घेऊन उभे आहेत,तदुस्या बँकाचे ट्रॅशरास खक्रेजे हात्यात नाडे गे इ्े आहेत,50.82,90.91,0,5.11
sample_00413,D:\marathi-asr\data\vistaar_benchmarks\kathbath_noisy\marathi\wavs\844424930573382-737-f.wav,त्याकडे दुर्लक्ष करण्यासाठीच कंत्राटदार अभियंत्यांचे खिसे गरम करत असतो,त्याकडे दुललक्ष करण्यासाठी स कंत्रादर अभियंतरणशे किसे गरम करत असतो,त्याकडे दुर्लक्ष करण्यासाठीच कंत्राटदार अभियंत्यांचे खिसे गरम करत असतो,त्याकडे दुललक्ष करण्यासाठी स कंत्रादर अभियंतरणशे किसे गरम करत असतो,17.14,66.67,0,5.92
sample_00414,D:\marathi-asr\data\vistaar_benchmarks\kathbath_noisy\marathi\wavs\844424930902741-715-f.wav,एक टाइल उच्च दर्जाचे बिट खर्च जोरदार उच्च आहे,एक टाईम उच्य दर्जाचे बीट खर्च जोरदार उच्च आहे,एक टाइल उच्च दर्जाचे बिट खर्च जोरदार उच्च आहे,एक टाईम उच्य दर्जाचे बीट खर्च जोरदार उच्च आहे,8.89,33.33,0,4.43
sample_00415,D:\marathi-asr\data\vistaar_benchmarks\kathbath_noisy\marathi\wavs\844424930573339-737-f.wav,उमेदवारीसाठी इच्छुक असलेल्या महिला काँग्रेसच्या प्रदेशाध्यक्ष प्रतिमा कुतिन्हो उमेदवारी न मिळाल्याने नाराज होत्या,उमेद्वारीसाठी इच्छू असलेल्या महि ्या कंमरेशा प्रदेशाद्य क्षा प्रतिना फृतींन उमेद्वारी न मिळाल्यानेदागास होते,उमेदवारीसाठी इच्छुक असलेल्या महिला काँग्रेसच्या प्रदेशाध्यक्ष प्रतिमा कुतिन्हो उमेदवारी न मिळाल्याने नाराज होत्या,उमेद्वारीसाठी इच्छू असलेल्या महि ्या कंमरेशा प्रदेशाद्य क्षा प्रतिना फृतींन उमेद्वारी न मिळाल्यानेदागास होते,29.2,100.0,0,8.31
sample_00416,D:\marathi-asr\data\vistaar_benchmarks\kathbath_noisy\marathi\wavs\844424932484369-573-f.wav,बहुस्तरीय स्त्रीलिंगी शैली आणि डिझाइनमधील वांशिक डिझाईन्स लोकप्रियता गमावून बसतात आणि नवीन हंगामात प्रचलित राहतात,"पतर्यस्त्री लिंगीशरी आणि बिझाइनमधील वांशिक डिझाइ, लोतेचा गमाहूनपस्तात आणि नवीन हंगामात प्रचलीत राहतात",बहुस्तरीय स्त्रीलिंगी शैली आणि डिझाइनमधील वांशिक डिझाईन्स लोकप्रियता गमावून बसतात आणि नवीन हंगामात प्रचलित राहतात,पतर्यस्त्री लिंगीशरी आणि बिझाइनमधील वांशिक डिझाइ लोतेचा गमाहूनपस्तात आणि नवीन हंगामात प्रचलीत राहतात,24.78,60.0,0,10.33
sample_00417,D:\marathi-asr\data\vistaar_benchmarks\kathbath_noisy\marathi\wavs\844424931570574-236-f.wav,ही बस पाहून दिल्ली पोलिसांपासून आजूबाजूचे लोक आजही संतप्त आहेत,मी बच पाहून तेली पोलिसांपासून आधबाजूचे लो आजही स आहेत,ही बस पाहून दिल्ली पोलिसांपासून आजूबाजूचे लोक आजही संतप्त आहेत,मी बच पाहून तेली पोलिसांपासून आधबाजूचे लो आजही स आहेत,22.58,60.0,0,6.41
sample_00418,D:\marathi-asr\data\vistaar_benchmarks\kathbath_noisy\marathi\wavs\844424932828569-933-f.wav,मात्र लसीकरणांवर भर देण्यासाठी दुकानांमधील सर्व कर्मचाऱ्यांचे लसीकरण झालेलं असणं गरजेचं आहे,मात्रमसिकानांवरहर देण्यासाठी दुकानांबधूल सर्व कर्मचा्यांचे लसचरण झालेले असण गरजेचा आहे,मात्र लसीकरणांवर भर देण्यासाठी दुकानांमधील सर्व कर्मचाऱ्यांचे लसीकरण झालेलं असणं गरजेचं आहे,मात्रमसिकानांवरहर देण्यासाठी दुकानांबधूल सर्व कर्मचा्यांचे लसचरण झालेले असण गरजेचा आहे,17.39,75.0,0,6.94
sample_00419,D:\marathi-asr\data\vistaar_benchmarks\kathbath_noisy\marathi\wavs\844424930868510-933-f.wav,त्यासाठी महिन्याकाठी होणारा पाच ते सहा लाख रुपयांचा खर्च अनावश्यक असल्याचे सूत्रांचे म्हणणे आहे,त्यासाठी महिन्यासाठी होणाला पासतेसहा लाख रुपयांता खर्च अनवश्यक असल्याचे सुधरांचे मन्य आहे,त्यासाठी महिन्याकाठी होणारा पाच ते सहा लाख रुपयांचा खर्च अनावश्यक असल्याचे सूत्रांचे म्हणणे आहे,त्यासाठी महिन्यासाठी होणाला पासतेसहा लाख रुपयांता खर्च अनवश्यक असल्याचे सुधरांचे मन्य आहे,15.79,64.29,0,7.62
sample_00420,D:\marathi-asr\data\vistaar_benchmarks\kathbath_noisy\marathi\wavs\844424930875919-954-f.wav,काही दिवसांपासून पाठीच्या दुखण्याने त्यांना हैराण केल्यामुळे ते उपचार घेण्यासाठी अमेरिकेला गेले असल्याचे समजते,साहीम दिवसांपासून पाटीच्या दुखन्याने त्यांना हयराम केल्यामुळे ते उपचर घेण्यासाठी अमेरिकाला गेले असल्याची समजते,काही दिवसांपासून पाठीच्या दुखण्याने त्यांना हैराण केल्यामुळे ते उपचार घेण्यासाठी अमेरिकेला गेले असल्याचे समजते,साहीम दिवसांपासून पाटीच्या दुखन्याने त्यांना हयराम केल्यामुळे ते उपचर घेण्यासाठी अमेरिकाला गेले असल्याची समजते,8.18,50.0,0,9.08
sample_00421,D:\marathi-asr\data\vistaar_benchmarks\kathbath_noisy\marathi\wavs\844424932337202-809-f.wav,फायलिन चक्रीवादळामुळे ओडीशा आणि आंध्र प्रदेशच्या काही भागांत २४ तासांत मुसळधार पाऊस पडण्याची शक्यता आहे,"फायनच क्रिवादळामुळे , ओडीसा आणि अंतर्पदेच्या काही भागातच्य विस्थासात मुसळधाळ पाऊस पडण्याची शक्यता आहे",फायलिन चक्रीवादळामुळे ओडीशा आणि आंध्र प्रदेशच्या काही भागांत २४ तासांत मुसळधार पाऊस पडण्याची शक्यता आहे,फायनच क्रिवादळामुळे ओडीसा आणि अंतर्पदेच्या काही भागातच्य विस्थासात मुसळधाळ पाऊस पडण्याची शक्यता आहे,23.3,60.0,0,9.01
sample_00422,D:\marathi-asr\data\vistaar_benchmarks\kathbath_noisy\marathi\wavs\844424930906935-972-f.wav,अमिताभ बच्चन कौन बनेगा करोडपती सुरू असताना स्पर्धकाला मुघल बादशाह औरंगजेबाबाबत प्रश्न विचारण्यात आला,अमिताक बचल कोन नेक करलपती सुरू असताना स्परदकाला मोबालबाच्या अरंगदेलिगावर प्रश्न विचार्य आला,अमिताभ बच्चन कौन बनेगा करोडपती सुरू असताना स्पर्धकाला मुघल बादशाह औरंगजेबाबाबत प्रश्न विचारण्यात आला,अमिताक बचल कोन नेक करलपती सुरू असताना स्परदकाला मोबालबाच्या अरंगदेलिगावर प्रश्न विचार्य आला,30.0,71.43,0,8.68
sample_00423,D:\marathi-asr\data\vistaar_benchmarks\kathbath_noisy\marathi\wavs\844424931570601-236-f.wav,कल्याणमध्ये भाजपाच्या उमेदवाराला उमेदवारी दिल्यामुळे शिवसैनिक प्रचंड नाराज झाले आहेत,कल्यांमध्ये भाज्यपाच्या उमेद्वाराला उमिद्वारे दिल्यामुळे शिवस निक प्रचनदनारा झाले आहेत,कल्याणमध्ये भाजपाच्या उमेदवाराला उमेदवारी दिल्यामुळे शिवसैनिक प्रचंड नाराज झाले आहेत,कल्यांमध्ये भाज्यपाच्या उमेद्वाराला उमिद्वारे दिल्यामुळे शिवस निक प्रचनदनारा झाले आहेत,14.29,70.0,0,6.97
sample_00424,D:\marathi-asr\data\vistaar_benchmarks\kathbath_noisy\marathi\wavs\844424930875837-954-f.wav,या निवडणुकीमध्ये रंग भरण्यास सुरुवात झाली असून उमेदवारांचा प्रचारही सुरू झालेला आहे,या निवड लोकीमध्ये र्त भरण्यास सुरवात झाली असून ही िमेध्वारांचा प्रचार ही सुरू झालेला आहे,या निवडणुकीमध्ये रंग भरण्यास सुरुवात झाली असून उमेदवारांचा प्रचारही सुरू झालेला आहे,या निवड लोकीमध्ये र्त भरण्यास सुरवात झाली असून ही िमेध्वारांचा प्रचार ही सुरू झालेला आहे,15.66,66.67,0,7.36
sample_00425,D:\marathi-asr\data\vistaar_benchmarks\kathbath_noisy\marathi\wavs\844424930557282-737-f.wav,हे मानधन मिळावे यासाठी ही केस लावली गेली आहे,हे मांधलमळा वेयासाठीहीकेस लावली गेली आहे,हे मानधन मिळावे यासाठी ही केस लावली गेली आहे,हे मांधलमळा वेयासाठीहीकेस लावली गेली आहे,18.18,55.56,0,4.3
sample_00426,D:\marathi-asr\data\vistaar_benchmarks\kathbath_noisy\marathi\wavs\844424930868429-933-f.wav,ज्या राज्यांमध्ये आकडे कमी आहेत म्हणजे काही ती महान आहेत असा अर्थ होत नाही,ज र ाचांमध्ये आकडे कमी आहे मसकती महा नाही अस अर्थान होता,ज्या राज्यांमध्ये आकडे कमी आहेत म्हणजे काही ती महान आहेत असा अर्थ होत नाही,ज र ाचांमध्ये आकडे कमी आहे मसकती महा नाही अस अर्थान होता,40.54,92.86,0,5.92
sample_00427,D:\marathi-asr\data\vistaar_benchmarks\kathbath_noisy\marathi\wavs\844424930902680-715-f.wav,या कार्यक्रमात राहुल बजाज यांनी सरकारनेच देशात भय व अस्थिरता निर्माण केल्याचे सांगितले,या कारीय क्रमाच रावऊल बजती आणि सरकारफुन्ैचे देशाची भयव अस्रिक ता निर्माण केलेकी संगिती आहे,या कार्यक्रमात राहुल बजाज यांनी सरकारनेच देशात भय व अस्थिरता निर्माण केल्याचे सांगितले,या कारीय क्रमाच रावऊल बजती आणि सरकारफुन्ैचे देशाची भयव अस्रिक ता निर्माण केलेकी संगिती आहे,38.37,100.0,0,6.92
sample_00428,D:\marathi-asr\data\vistaar_benchmarks\kathbath_noisy\marathi\wavs\844424930573367-737-f.wav,त्याचबरोबर देशांतर्गत विमानसेवाही बुधवार मध्यरात्रीपासून बंद करण्यात आलेली आहे,टयासवरुब देशांतल्गत विमाण सेवा ही गुद्वार मद्यरात्रीपासून बंद करण्यात आलेली आहे,त्याचबरोबर देशांतर्गत विमानसेवाही बुधवार मध्यरात्रीपासून बंद करण्यात आलेली आहे,टयासवरुब देशांतल्गत विमाण सेवा ही गुद्वार मद्यरात्रीपासून बंद करण्यात आलेली आहे,17.95,77.78,0,6.71
sample_00429,D:\marathi-asr\data\vistaar_benchmarks\kathbath_noisy\marathi\wavs\844424931218220-933-f.wav,या व्हीडिओमध्ये पोलिस पुढे चालताना दिसत आहेत तर दंगलखोर त्यांच्या मागे गाड्यांना आग लावत आहेत,या उडोमध्ये ओोलिस फुढे चालताना तिचा आाहि धर तंतल कोतच्या माझे काड्यांना आाललावत आहे,या व्हीडिओमध्ये पोलिस पुढे चालताना दिसत आहेत तर दंगलखोर त्यांच्या मागे गाड्यांना आग लावत आहेत,या उडोमध्ये ओोलिस फुढे चालताना तिचा आाहि धर तंतल कोतच्या माझे काड्यांना आाललावत आहे,32.26,86.67,0,8.61
sample_00430,D:\marathi-asr\data\vistaar_benchmarks\kathbath_noisy\marathi\wavs\844424932262397-809-f.wav,हिवाळासाठी सफरचंदांपासून बनविलेल्या रसांसह रस भरपूर निरोगी पेयेसह मेन्यूची पुरवणी करण्यासाठी आनंदाने आश्चर्यचकित करेल,हिवाळ्यासाठी सफरचनदापासून बनवलेल्यारसासरस भरून निरोगीपेसहमिनूची पुरवणी करण्यासाठी आनंदाने अचरचकित करेल,हिवाळासाठी सफरचंदांपासून बनविलेल्या रसांसह रस भरपूर निरोगी पेयेसह मेन्यूची पुरवणी करण्यासाठी आनंदाने आश्चर्यचकित करेल,हिवाळ्यासाठी सफरचनदापासून बनवलेल्यारसासरस भरून निरोगीपेसहमिनूची पुरवणी करण्यासाठी आनंदाने अचरचकित करेल,19.66,71.43,0,13.33
sample_00431,D:\marathi-asr\data\vistaar_benchmarks\kathbath_noisy\marathi\wavs\844424932823359-715-f.wav,फूड ट्रक ही संकल्पना आपल्याकडे हळूहळू रुळू लागली आहे,फूल्ट्रक ही संकल्पना आपल्याकडे होळ वळू रोळ लागली आहे,फूड ट्रक ही संकल्पना आपल्याकडे हळूहळू रुळू लागली आहे,फूल्ट्रक ही संकल्पना आपल्याकडे होळ वळू रोळ लागली आहे,13.46,55.56,0,5.22
sample_00432,D:\marathi-asr\data\vistaar_benchmarks\kathbath_noisy\marathi\wavs\844424930906952-972-f.wav,सध्या हा तांदूळ सिमेंटमिश्रित असल्याची धक्कादायक बाब उजेडात आली आहे,सध्या हा तांदूळ सिमेंट मिशीत असल्याची धक्कादँयटबाब शिजरात आही आहे,सध्या हा तांदूळ सिमेंटमिश्रित असल्याची धक्कादायक बाब उजेडात आली आहे,सध्या हा तांदूळ सिमेंट मिशीत असल्याची धक्कादँयटबाब शिजरात आही आहे,17.91,60.0,0,6.57
sample_00433,D:\marathi-asr\data\vistaar_benchmarks\kathbath_noisy\marathi\wavs\844424930834563-954-f.wav,शासन आणि खासगी कंपन्यांच्या परस्पर समन्वयाने वंचित घटकांचा विकास करणे शक्य आहे,चाश्नण आणि खाजगी कंपन्यांच्या परस्पर समनवयाने बंचित घीटकांचा रिकास करणे शक्य आहे,शासन आणि खासगी कंपन्यांच्या परस्पर समन्वयाने वंचित घटकांचा विकास करणे शक्य आहे,चाश्नण आणि खाजगी कंपन्यांच्या परस्पर समनवयाने बंचित घीटकांचा रिकास करणे शक्य आहे,11.54,50.0,0,7.13
sample_00434,D:\marathi-asr\data\vistaar_benchmarks\kathbath_noisy\marathi\wavs\844424931030037-933-f.wav,या अहवालानुसार पुरुषांपेक्षा महिलांमध्ये सिगारेटमुळे होणाऱ्या नुकसानाचे प्रमाण अधिक असते,्या आवालाविसार कृषापेक्षा अल्ल्यांबध्ये सिधारे फिळे गुढाल्या नुकसानाचे प्रगाण अधित असते,या अहवालानुसार पुरुषांपेक्षा महिलांमध्ये सिगारेटमुळे होणाऱ्या नुकसानाचे प्रमाण अधिक असते,्या आवालाविसार कृषापेक्षा अल्ल्यांबध्ये सिधारे फिळे गुढाल्या नुकसानाचे प्रगाण अधित असते,30.34,90.0,0,6.48
sample_00435,D:\marathi-asr\data\vistaar_benchmarks\kathbath_noisy\marathi\wavs\844424932266708-980-f.wav,बेस्टने २०१० मध्ये आपली कागदी तिकीटे बंद करत मशीनद्वारे तिकीट वितरण करण्याचा निर्णय घेतला,पेसले दोन हजर दहा मध्ये आपली कागदयतिकिट बंद करत मशीनद्वारे टिकीटवितरण करण्याचा नर्या घेतला,बेस्टने २०१० मध्ये आपली कागदी तिकीटे बंद करत मशीनद्वारे तिकीट वितरण करण्याचा निर्णय घेतला,पेसले दोन हजर दहा मध्ये आपली कागदयतिकिट बंद करत मशीनद्वारे टिकीटवितरण करण्याचा नर्या घेतला,25.84,64.29,0,7.06
sample_00436,D:\marathi-asr\data\vistaar_benchmarks\kathbath_noisy\marathi\wavs\844424930557272-737-f.wav,करोनाच्या फैलावामुळे जगभरातील सर्व क्रीडा स्पर्धा स्थगित करण्यात आल्या आहेत,करोनाच्या पहिलाबामुळे जगघराती सर्वक रीडाजस पर जास्तगित करण्यात आल्या आहेत,करोनाच्या फैलावामुळे जगभरातील सर्व क्रीडा स्पर्धा स्थगित करण्यात आल्या आहेत,करोनाच्या पहिलाबामुळे जगघराती सर्वक रीडाजस पर जास्तगित करण्यात आल्या आहेत,18.67,60.0,0,5.6
sample_00437,D:\marathi-asr\data\vistaar_benchmarks\kathbath_noisy\marathi\wavs\844424930906980-972-f.wav,देशात प्रत्येक ठिकाणी या चित्रपटाविरोधात तीव्र आंदोलने व मोर्चे काढण्यात येत आहे,देशात प्रत्यक ठिकाणी याची रपटा विृधात तिव्रा अंदोर निव मोरचे काढण्यात यत आहे,देशात प्रत्येक ठिकाणी या चित्रपटाविरोधात तीव्र आंदोलने व मोर्चे काढण्यात येत आहे,देशात प्रत्यक ठिकाणी याची रपटा विृधात तिव्रा अंदोर निव मोरचे काढण्यात यत आहे,21.25,75.0,0,5.9
sample_00438,D:\marathi-asr\data\vistaar_benchmarks\kathbath_noisy\marathi\wavs\844424931130730-933-f.wav,भारततभरातून येणार्या भाविकांच्या उपस्थितीने तिरूवनंतपुरम नगरी सदैव गजबजलेली असते,भारगभरातून येणा्या भाविकांच्या उपस्थिथीने तिरवलंततूरण लगरी सगदयव गजबल जेली असते,भारततभरातून येणार्या भाविकांच्या उपस्थितीने तिरूवनंतपुरम नगरी सदैव गजबजलेली असते,भारगभरातून येणा्या भाविकांच्या उपस्थिथीने तिरवलंततूरण लगरी सगदयव गजबल जेली असते,18.75,88.89,0,7.2
sample_00439,D:\marathi-asr\data\vistaar_benchmarks\kathbath_noisy\marathi\wavs\844424932823362-715-f.wav,राष्ट्रीय मीडिया समोर हा मोदींचा पहिला परिचय होता,राष्ट्रीय बेल्यासमळ हा मधींचा पहिला परिचे होतात,राष्ट्रीय मीडिया समोर हा मोदींचा पहिला परिचय होता,राष्ट्रीय बेल्यासमळ हा मधींचा पहिला परिचे होतात,22.45,62.5,0,4.2
sample_00440,D:\marathi-asr\data\vistaar_benchmarks\kathbath_noisy\marathi\wavs\844424932484410-573-f.wav,असा प्रश्न चाहत्यांना पडला असताना बीसीसीआयनं याबाबत पहिल्यांदाच माहिती दिली आहे,असा प्रश्नचात्याना पडला असताना बीसी.सी.आयने याबाबत बैल्यादाच माहिती दिली आहे,असा प्रश्न चाहत्यांना पडला असताना बीसीसीआयनं याबाबत पहिल्यांदाच माहिती दिली आहे,असा प्रश्नचात्याना पडला असताना बीसी सी आयने याबाबत बैल्यादाच माहिती दिली आहे,12.66,54.55,0,7.57
sample_00441,D:\marathi-asr\data\vistaar_benchmarks\kathbath_noisy\marathi\wavs\844424932330056-980-f.wav,औरंगाबाद शहरात तिसऱ्या लाटेच्या पूर्वीच करोनाबाधित बालकांची संख्या वाढल्याचे चित्र आहे,अवरंगागात शहरात दिस्या नाटेच्या पूर्वीच कोरूना भारीत बालकांचे संख्या वाढल्याचे चित्र आहे,औरंगाबाद शहरात तिसऱ्या लाटेच्या पूर्वीच करोनाबाधित बालकांची संख्या वाढल्याचे चित्र आहे,अवरंगागात शहरात दिस्या नाटेच्या पूर्वीच कोरूना भारीत बालकांचे संख्या वाढल्याचे चित्र आहे,17.24,54.55,0,6.92
sample_00442,D:\marathi-asr\data\vistaar_benchmarks\kathbath_noisy\marathi\wavs\844424931130755-933-f.wav,शहर परीट समाजाच्यावतीने संत गाडगे महाराज चौक येथील राष्ट्रसंत गाडगे महाराज यांच्या पुतळ्याचे करण्यात आले,शहपरीट समाज्याच्या वतीने संत गाळघीमारा चौकेतीसन गराष्ट संत गाढघेमारा याच्या पृतयाचे करण्यात आले,शहर परीट समाजाच्यावतीने संत गाडगे महाराज चौक येथील राष्ट्रसंत गाडगे महाराज यांच्या पुतळ्याचे करण्यात आले,शहपरीट समाज्याच्या वतीने संत गाळघीमारा चौकेतीसन गराष्ट संत गाढघेमारा याच्या पृतयाचे करण्यात आले,26.92,80.0,0,7.38
sample_00443,D:\marathi-asr\data\vistaar_benchmarks\kathbath_noisy\marathi\wavs\844424931570578-236-f.wav,सायन फ्लायओव्हर ब्रिज अंशतः किंवा पूर्णपणे वाहतूकीसाठी बंद होणार आहे,सायां फ्लायरवर््रीट औंश ःा किंवा पूर्णपणे वा तुकीसाठी बंद होणार आहे,सायन फ्लायओव्हर ब्रिज अंशतः किंवा पूर्णपणे वाहतूकीसाठी बंद होणार आहे,सायां फ्लायरवर््रीट औंश ःा किंवा पूर्णपणे वा तुकीसाठी बंद होणार आहे,20.59,60.0,0,6.57
sample_00444,D:\marathi-asr\data\vistaar_benchmarks\kathbath_noisy\marathi\wavs\844424932823407-715-f.wav,रत्नागिरी ः जयस्तंभ येथे जिल्हाधिकारी कार्यालयासमोर भीमसैनिकांनी रास्तारोको करत जोरदार निदर्शने केली,प्रथ्नकिरीचे स्तम एकेजिल्ला दिकारी कार्यालयासमर बीन सनिकारनी रास्ता रोकोकरत जोरदार निर्दर्शने केली,रत्नागिरी ः जयस्तंभ येथे जिल्हाधिकारी कार्यालयासमोर भीमसैनिकांनी रास्तारोको करत जोरदार निदर्शने केली,प्रथ्नकिरीचे स्तम एकेजिल्ला दिकारी कार्यालयासमर बीन सनिकारनी रास्ता रोकोकरत जोरदार निर्दर्शने केली,28.0,83.33,0,9.13
sample_00445,D:\marathi-asr\data\vistaar_benchmarks\kathbath_noisy\marathi\wavs\844424930557247-737-f.wav,माझा हा सिनेमा कोणी पाहिला तर माझ्याशी कोणीही विवाह करू शकत नाही,माझा ह सिनिमाकोळी पाहिला तर माझ्या शिकोलीही विभाह करू शकत नाही,माझा हा सिनेमा कोणी पाहिला तर माझ्याशी कोणीही विवाह करू शकत नाही,माझा ह सिनिमाकोळी पाहिला तर माझ्या शिकोलीही विभाह करू शकत नाही,14.06,50.0,0,5.48
sample_00446,D:\marathi-asr\data\vistaar_benchmarks\kathbath_noisy\marathi\wavs\844424932823398-715-f.wav,इसिसवर आधारीत पोस्ट्सचा समावेश या संवादामध्ये होता त्यामुळे हा निर्णय घेण्यात आला आहे,इिकिशिअय आधारिक कोस्टचा समावेस्या समधामध्ये मटकत्यामुय हा दों्ण केलण्यात आला आहे,इसिसवर आधारीत पोस्ट्सचा समावेश या संवादामध्ये होता त्यामुळे हा निर्णय घेण्यात आला आहे,इिकिशिअय आधारिक कोस्टचा समावेस्या समधामध्ये मटकत्यामुय हा दों्ण केलण्यात आला आहे,35.29,76.92,0,6.34
sample_00447,D:\marathi-asr\data\vistaar_benchmarks\kathbath_noisy\marathi\wavs\844424931570517-236-f.wav,हे पत्र दि इंडियन सोसायटी ऑफ लेबर इकॉनॉमिकस आणि अन्य मान्यवरांनी पाठवले आहे,पे पत्र डीइंडिरयत सोसॅटि ऑफलेबर इकॉनॉमिक आणि अन्य मान्यवरांनी साठवणे आहे,हे पत्र दि इंडियन सोसायटी ऑफ लेबर इकॉनॉमिकस आणि अन्य मान्यवरांनी पाठवले आहे,पे पत्र डीइंडिरयत सोसॅटि ऑफलेबर इकॉनॉमिक आणि अन्य मान्यवरांनी साठवणे आहे,17.33,61.54,0,7.5
sample_00448,D:\marathi-asr\data\vistaar_benchmarks\kathbath_noisy\marathi\wavs\844424932266666-980-f.wav,मात्र बऱयाच खात्यांचे अधिकारी या कायद्याचे कर्तव्यभावनेने पालन करताना दिसत नाहीत,मात्र बर्याच खात्यांच्या अधिकार या कायद्रचेक करतव व्या भावणीनी पालन करताना दिसूत नाही,मात्र बऱयाच खात्यांचे अधिकारी या कायद्याचे कर्तव्यभावनेने पालन करताना दिसत नाहीत,मात्र बर्याच खात्यांच्या अधिकार या कायद्रचेक करतव व्या भावणीनी पालन करताना दिसूत नाही,22.22,81.82,0,5.85
sample_00449,D:\marathi-asr\data\vistaar_benchmarks\kathbath_noisy\marathi\wavs\844424932823421-715-f.wav,जानकर आणि पडळकर या चित्रपटात अभिनेत्याच्या रूपानेसुद्धा सर्वसामान्य जनतेवर होणार्या अन्यायाविरुद्ध संघर्ष करताना दिसणार आहेत,जांकर आणि पडर करी ्या कित्रपटात अविने त्यांच्या रुपानी सुद्धा सर्व सामान्य जनतेवर होणा्या अन्याविरत संगर्श करताना दिसणार आहेत,जानकर आणि पडळकर या चित्रपटात अभिनेत्याच्या रूपानेसुद्धा सर्वसामान्य जनतेवर होणार्या अन्यायाविरुद्ध संघर्ष करताना दिसणार आहेत,जांकर आणि पडर करी ्या कित्रपटात अविने त्यांच्या रुपानी सुद्धा सर्व सामान्य जनतेवर होणा्या अन्याविरत संगर्श करताना दिसणार आहेत,17.74,93.33,0,10.05
sample_00450,D:\marathi-asr\data\vistaar_benchmarks\kathbath_noisy\marathi\wavs\844424932262438-809-f.wav,परंतु मतलब पूर्ण झाल्यानंतर कार्यकर्ता संपवण्याचे धोरण मुरकुटे यांनी राबवले,पर्यंतूमतला पूर्ण झाल्यानंतर कारले करता संपन्याचे धोरण मुरकुठेयानी लाबवले,परंतु मतलब पूर्ण झाल्यानंतर कार्यकर्ता संपवण्याचे धोरण मुरकुटे यांनी राबवले,पर्यंतूमतला पूर्ण झाल्यानंतर कारले करता संपन्याचे धोरण मुरकुठेयानी लाबवले,20.0,80.0,0,9.4
sample_00451,D:\marathi-asr\data\vistaar_benchmarks\kathbath_noisy\marathi\wavs\844424930557196-737-f.wav,त्याला संगमनेर येथील शासकीय रुग्णालयात उपचारासाठी आणले असता त्याला वैद्यकीय अधिकार्यांनी मृत घोषित केले,ताला संगग्न रेते शा्तकीय रऋग्हाल्या तुपचायासाठी आणल्यास तात्ा लावैत कीय अधिकार्यानेमुृू्तघुशित केले,त्याला संगमनेर येथील शासकीय रुग्णालयात उपचारासाठी आणले असता त्याला वैद्यकीय अधिकार्यांनी मृत घोषित केले,ताला संगग्न रेते शा्तकीय रऋग्हाल्या तुपचायासाठी आणल्यास तात्ा लावैत कीय अधिकार्यानेमुृू्तघुशित केले,37.86,92.86,0,7.92
sample_00452,D:\marathi-asr\data\vistaar_benchmarks\kathbath_noisy\marathi\wavs\844424932372232-132-f.wav,जिल्हा प्रशासन संपूर्ण परिस्थितीवर लक्ष ठेवत असून ब्रम्हपुरी येथे तळ ठोकून आहे,झिल्या प्ेशासून संपोळ परिस्थितींवा लक्ष केवत असून रंबपूर हे एे तळ ठोकूल आहे,जिल्हा प्रशासन संपूर्ण परिस्थितीवर लक्ष ठेवत असून ब्रम्हपुरी येथे तळ ठोकून आहे,झिल्या प्ेशासून संपोळ परिस्थितींवा लक्ष केवत असून रंबपूर हे एे तळ ठोकूल आहे,28.21,75.0,0,6.69
sample_00453,D:\marathi-asr\data\vistaar_benchmarks\kathbath_noisy\marathi\wavs\844424932823343-715-f.wav,राजस्थान विधानसभेच्या एकूण २०० जागांपैकी १०७ जागा काँग्रेसकडे आहेत,राजस्थान विधा सेवेच्या एक कोणदोनशे जागांपैकी एक सिसात जगा कंमरेसकडे आहेत,राजस्थान विधानसभेच्या एकूण २०० जागांपैकी १०७ जागा काँग्रेसकडे आहेत,राजस्थान विधा सेवेच्या एक कोणदोनशे जागांपैकी एक सिसात जगा कंमरेसकडे आहेत,36.36,88.89,0,6.59
sample_00454,D:\marathi-asr\data\vistaar_benchmarks\kathbath_noisy\marathi\wavs\844424932266690-980-f.wav,भाजीपाला आणि फळ मार्केट सोडून इतर तीन मार्केट मधील व्यवहार माथाडी कामगारांनी बंद केले,भाजीपाल आणि फळ मार्केट सोडून इतर तीन मार्केटमधील व्यवहार माथाळी कामगारानी बंद केले,भाजीपाला आणि फळ मार्केट सोडून इतर तीन मार्केट मधील व्यवहार माथाडी कामगारांनी बंद केले,भाजीपाल आणि फळ मार्केट सोडून इतर तीन मार्केटमधील व्यवहार माथाळी कामगारानी बंद केले,4.71,35.71,0,6.52
sample_00455,D:\marathi-asr\data\vistaar_benchmarks\kathbath_noisy\marathi\wavs\844424930902750-715-f.wav,त्यामुळे राष्ट्रवादीला उमेदवारीचे वाटप करण्याला सुद्धा द्विधा निर्माण झाली आहे,राष्ट्रय वातव मिद्वारीचे वाटप करणारया सुद्धा द्विधवामाण झआे,त्यामुळे राष्ट्रवादीला उमेदवारीचे वाटप करण्याला सुद्धा द्विधा निर्माण झाली आहे,राष्ट्रय वातव मिद्वारीचे वाटप करणारया सुद्धा द्विधवामाण झआे,42.31,80.0,0,6.46
sample_00456,D:\marathi-asr\data\vistaar_benchmarks\kathbath_noisy\marathi\wavs\844424930573390-737-f.wav,खासगी क्षेत्रात आघाडीवर असणाऱ्या एचडीएफसी बँकेच्या ग्राहकांना सोमवारी प्रचंड मनस्तापास सामोरे जावे लागले,खाजगी क्षेत्रात आगळीवर असणा्या इसटेरसी बँकेच्या ग्राहकांना सुंमारी प्रशंड मनस्थापाच साम्ये जावे लागले,खासगी क्षेत्रात आघाडीवर असणाऱ्या एचडीएफसी बँकेच्या ग्राहकांना सोमवारी प्रचंड मनस्तापास सामोरे जावे लागले,खाजगी क्षेत्रात आगळीवर असणा्या इसटेरसी बँकेच्या ग्राहकांना सुंमारी प्रशंड मनस्थापाच साम्ये जावे लागले,19.05,61.54,0,8.57
sample_00457,D:\marathi-asr\data\vistaar_benchmarks\kathbath_noisy\marathi\wavs\844424932372165-132-f.wav,जुन्या कायद्याच्या आधारे आज देवस्थानांचा कारभार चालविणे कठीण होऊन बसले आहे,जुन्या टायद्याच्या आधारे आज ते्वस्थादाचा कारपार चानवडे कठी होम कसले आहे,जुन्या कायद्याच्या आधारे आज देवस्थानांचा कारभार चालविणे कठीण होऊन बसले आहे,जुन्या टायद्याच्या आधारे आज ते्वस्थादाचा कारपार चानवडे कठी होम कसले आहे,17.57,63.64,0,7.08
sample_00458,D:\marathi-asr\data\vistaar_benchmarks\kathbath_noisy\marathi\wavs\844424932330023-980-f.wav,फसवणूक करणार्याविरुध्द जेलरोड पोलिस ठाण्यात गुन्हा दाखल करण्यात आला आहे,फसवणूक करणा्या विरृद्ध जेरो पोलिस्टाण्यात उन्हादाखार करण्यात आला आहे,फसवणूक करणार्याविरुध्द जेलरोड पोलिस ठाण्यात गुन्हा दाखल करण्यात आला आहे,फसवणूक करणा्या विरृद्ध जेरो पोलिस्टाण्यात उन्हादाखार करण्यात आला आहे,19.72,60.0,0,5.55
sample_00459,D:\marathi-asr\data\vistaar_benchmarks\kathbath_noisy\marathi\wavs\844424932484375-573-f.wav,१९६५ सालापासून क्यूबामध्ये कॅस्ट्रो व त्याचा भाऊ राउल कास्त्रो ह्यांच्या नेतृत्वाखाली साम्यवादी प्रशासन अस्तित्वात आले,स्तॅांसर सालापासून किंवामध्ये कॅश्रवत ्याच्या भावर ालकॅस््रो ह्याच्या नेतित्रखाली साम्यवागी प्रशासन अस्तित्वात आले,१९६५ सालापासून क्यूबामध्ये कॅस्ट्रो व त्याचा भाऊ राउल कास्त्रो ह्यांच्या नेतृत्वाखाली साम्यवादी प्रशासन अस्तित्वात आले,स्तॅांसर सालापासून किंवामध्ये कॅश्रवत ्याच्या भावर ालकॅस््रो ह्याच्या नेतित्रखाली साम्यवागी प्रशासन अस्तित्वात आले,27.97,73.33,0,9.57
sample_00460,D:\marathi-asr\data\vistaar_benchmarks\kathbath_noisy\marathi\wavs\844424930573300-737-f.wav,पाकिस्तानच्या या वागणुकीचा शिवसेनेकडून तीव्र निषेध करण्यात आला आहे,पाकिसांचाया वापरुकीचा शिंस तेनेकडून िवल्यानी शेतकरण्यात आला आहे,पाकिस्तानच्या या वागणुकीचा शिवसेनेकडून तीव्र निषेध करण्यात आला आहे,पाकिसांचाया वापरुकीचा शिंस तेनेकडून िवल्यानी शेतकरण्यात आला आहे,31.82,77.78,0,5.22
sample_00461,D:\marathi-asr\data\vistaar_benchmarks\kathbath_noisy\marathi\wavs\844424930906999-972-f.wav,स्पार्टाकसचा एस्केप मार्ग ब्रिंडिसियम येथे थांबला गेला आणि तिसऱ्या रोमन ताकदीला मासेदोनियातून परत पाठवण्यात आले,पारटासस्का एकसेप मार्ग ब्रिटिसियम चे थांमला गेला आणि किस्या रोम टाकलीला माशे दोनीयासून परत पाठवण्यात आले,स्पार्टाकसचा एस्केप मार्ग ब्रिंडिसियम येथे थांबला गेला आणि तिसऱ्या रोमन ताकदीला मासेदोनियातून परत पाठवण्यात आले,पारटासस्का एकसेप मार्ग ब्रिटिसियम चे थांमला गेला आणि किस्या रोम टाकलीला माशे दोनीयासून परत पाठवण्यात आले,22.32,66.67,0,9.36
sample_00462,D:\marathi-asr\data\vistaar_benchmarks\kathbath_noisy\marathi\wavs\844424932311939-980-f.wav,१९५२ च्या सीआयडी चित्रपटामध्ये प्रथमच भानूंना कॉश्चूम डिझायनर म्हणून संधी मिळाली,षबावांच्या सवियाडी चित्रपठामध्ये प्रथमच धालून कॉश्सूम निझायनर म्हणून संली मिळाले,१९५२ च्या सीआयडी चित्रपटामध्ये प्रथमच भानूंना कॉश्चूम डिझायनर म्हणून संधी मिळाली,षबावांच्या सवियाडी चित्रपठामध्ये प्रथमच धालून कॉश्सूम निझायनर म्हणून संली मिळाले,22.5,81.82,0,5.94
sample_00463,D:\marathi-asr\data\vistaar_benchmarks\kathbath_noisy\marathi\wavs\844424932330038-980-f.wav,सराफ बाजारात थेट नदीप्रमाणे पाणी वाहिल्याने अनेक दुचाकी वाहून जाता जाता वाचवल्या,सराब बाजारात केडनाती प्रमाणे पाणी वाहिल्याने अनेक दूचा किंवाहून जाता जात वाचवले,सराफ बाजारात थेट नदीप्रमाणे पाणी वाहिल्याने अनेक दुचाकी वाहून जाता जाता वाचवल्या,सराब बाजारात केडनाती प्रमाणे पाणी वाहिल्याने अनेक दूचा किंवाहून जाता जात वाचवले,18.75,58.33,0,6.52
sample_00464,D:\marathi-asr\data\vistaar_benchmarks\kathbath_noisy\marathi\wavs\844424930573338-737-f.wav,यावेळी बच्चन सिंग यांनी पुणे पोलीस दल करीत असलेल्या विविध उपक्रमांविषयी उपस्थितांना माहिती दिली,यागरी बचत फिल्याने होने पोलितलकरीत असलेल्या विविध पक्रमांविषयी उपस्टितांना माहिती दिले,यावेळी बच्चन सिंग यांनी पुणे पोलीस दल करीत असलेल्या विविध उपक्रमांविषयी उपस्थितांना माहिती दिली,यागरी बचत फिल्याने होने पोलितलकरीत असलेल्या विविध पक्रमांविषयी उपस्टितांना माहिती दिले,24.21,78.57,0,7.01
sample_00465,D:\marathi-asr\data\vistaar_benchmarks\kathbath_noisy\marathi\wavs\844424932484444-573-f.wav,याद्वारे एकू २ हजार ७२५ जागा भरल्या जाणार आहेत,यादारे एकूदो हजार सासपच्चीस जागा भरल्या जाणार आहेत,याद्वारे एकू २ हजार ७२५ जागा भरल्या जाणार आहेत,यादारे एकूदो हजार सासपच्चीस जागा भरल्या जाणार आहेत,28.26,44.44,0,5.39
sample_00466,D:\marathi-asr\data\vistaar_benchmarks\kathbath_noisy\marathi\wavs\844424932372158-132-f.wav,एफआयआरमध्ये नाव आल्यानंतर लगेचच त्यांनी देशाबाहेर पलायन केल्याची गुजरात पोलिसांनी पुष्टी केली आहे,एपायरमध्ये नाव आल्यानंतर ला केच स्त्यांनी देशाभाहेर पलायन केल्याची गुजरात पुलिसांनी पोष्टी केली आहे,एफआयआरमध्ये नाव आल्यानंतर लगेचच त्यांनी देशाबाहेर पलायन केल्याची गुजरात पोलिसांनी पुष्टी केली आहे,एपायरमध्ये नाव आल्यानंतर ला केच स्त्यांनी देशाभाहेर पलायन केल्याची गुजरात पुलिसांनी पोष्टी केली आहे,12.37,53.85,0,8.1
sample_00467,D:\marathi-asr\data\vistaar_benchmarks\kathbath_noisy\marathi\wavs\844424931570512-236-f.wav,ममतांच्या सरकारच्या एक्सपायरी डेटमुळे राज्यात हिंसेचे तांडव सुरू आहे,ममताच्या सरकारच्या एक्फइरिबेटमय राज्यात हिलचेची तान सुरू आहे,ममतांच्या सरकारच्या एक्सपायरी डेटमुळे राज्यात हिंसेचे तांडव सुरू आहे,ममताच्या सरकारच्या एक्फइरिबेटमय राज्यात हिलचेची तान सुरू आहे,25.0,55.56,0,6.55
sample_00468,D:\marathi-asr\data\vistaar_benchmarks\kathbath_noisy\marathi\wavs\844424930557223-737-f.wav,त्यामुळे त्याच्यावर अधिक पैसे लावून मुंबईने त्याला संघात घेतलं होतं,त्यामुळे ताच्याघर अधिक पैसेला नोंबई नेताला संगा घेतलं होतं,त्यामुळे त्याच्यावर अधिक पैसे लावून मुंबईने त्याला संघात घेतलं होतं,त्यामुळे ताच्याघर अधिक पैसेला नोंबई नेताला संगा घेतलं होतं,22.39,60.0,0,5.41
sample_00469,D:\marathi-asr\data\vistaar_benchmarks\kathbath_noisy\marathi\wavs\844424932372182-132-f.wav,त्यानं २०१५ साली एक चित्रमालिका शब्दांनाच महत्त्व देऊन केली होती,त्याना दोन हजार पद्रासाठी एक्छित्रमालिका शाबदानाच महत्व देऊन केली होती,त्यानं २०१५ साली एक चित्रमालिका शब्दांनाच महत्त्व देऊन केली होती,त्याना दोन हजार पद्रासाठी एक्छित्रमालिका शाबदानाच महत्व देऊन केली होती,34.38,70.0,0,5.9
sample_00470,D:\marathi-asr\data\vistaar_benchmarks\kathbath_noisy\marathi\wavs\844424932262423-809-f.wav,तीन तलाक विषयी आज अखेर सर्वोच्च न्यायालयाचा निकाल लागला,पीक तलाख विषयी आज खेर सरजची नायला जामी का लागला,तीन तलाक विषयी आज अखेर सर्वोच्च न्यायालयाचा निकाल लागला,पीक तलाख विषयी आज खेर सरजची नायला जामी का लागला,34.55,77.78,0,5.71
sample_00471,D:\marathi-asr\data\vistaar_benchmarks\kathbath_noisy\marathi\wavs\844424931130749-933-f.wav,ते जिल्ह्यातील पक्षाचे एकमेव आमदार असल्याने ही शक्यता जास्त होती,ते जिल्लतील पक्षाचे एकमेव आंदा असल्याले ही शक्यता जास्त होती,ते जिल्ह्यातील पक्षाचे एकमेव आमदार असल्याने ही शक्यता जास्त होती,ते जिल्लतील पक्षाचे एकमेव आंदा असल्याले ही शक्यता जास्त होती,10.94,30.0,0,4.32
sample_00472,D:\marathi-asr\data\vistaar_benchmarks\kathbath_noisy\marathi\wavs\844424932330083-980-f.wav,त्यांना यापासुन रोखण्यासाठी येरवडा कारागृहात वेगवेगळ्या क्षेत्रातील मान्यवरांना कैंद्याना मार्गदर्शन करण्यासाठी बोलावलं जातं,त्याना यापासून रोखण्यासाठी एरवणकारागृत वेगवेगळ्या क्षेत्रातील मान्यभरांना कायत्यांना मार्गदर्शण करण्यासाठी बोलवलं जातं,त्यांना यापासुन रोखण्यासाठी येरवडा कारागृहात वेगवेगळ्या क्षेत्रातील मान्यवरांना कैंद्याना मार्गदर्शन करण्यासाठी बोलावलं जातं,त्याना यापासून रोखण्यासाठी एरवणकारागृत वेगवेगळ्या क्षेत्रातील मान्यभरांना कायत्यांना मार्गदर्शण करण्यासाठी बोलवलं जातं,12.9,61.54,0,9.03
sample_00473,D:\marathi-asr\data\vistaar_benchmarks\kathbath_noisy\marathi\wavs\844424932330095-980-f.wav,पण सकाळी त्यांचा ब्लडप्रेशर वाढल्याने आणि दम लागत असल्यामुळे डॉक्टरांची त्यांनी भेट घेतली,पणसकाळी त्यांचा ब्लट प्रेशर वाढल्याने आणि दम लागत असल्यामुळे डॉक्टरांची ्यानी भेट घेतली,पण सकाळी त्यांचा ब्लडप्रेशर वाढल्याने आणि दम लागत असल्यामुळे डॉक्टरांची त्यांनी भेट घेतली,पणसकाळी त्यांचा ब्लट प्रेशर वाढल्याने आणि दम लागत असल्यामुळे डॉक्टरांची ्यानी भेट घेतली,5.62,38.46,0,6.5
sample_00474,D:\marathi-asr\data\vistaar_benchmarks\kathbath_noisy\marathi\wavs\844424930557276-737-f.wav,एक पंतप्रधान आहे तर दुसरा पंतप्रधान होण्याची स्वप्न बाळगून आहे,एक पंतप्रधान आंदेकर दुस्या पंतत्रे दानभनाची स्पना बायबन आहे,एक पंतप्रधान आहे तर दुसरा पंतप्रधान होण्याची स्वप्न बाळगून आहे,एक पंतप्रधान आंदेकर दुस्या पंतत्रे दानभनाची स्पना बायबन आहे,33.87,70.0,0,5.41
sample_00475,D:\marathi-asr\data\vistaar_benchmarks\kathbath_noisy\marathi\wavs\844424932311859-980-f.wav,त्यानुसार या बोलार्डमधून दिव्यांगांची व्हिलचेअर व लहान मुलांसाठीची बाबागाडी जाण्याइतकी जागा सोडावी लागते,मोसार्या बोलारडमधून दिव्ांडांचेगव्लशेर वललाहान मुलासाठीची बाबागाई जाणेय तकी जागा सोळावी लागते,त्यानुसार या बोलार्डमधून दिव्यांगांची व्हिलचेअर व लहान मुलांसाठीची बाबागाडी जाण्याइतकी जागा सोडावी लागते,मोसार्या बोलारडमधून दिव्ांडांचेगव्लशेर वललाहान मुलासाठीची बाबागाई जाणेय तकी जागा सोळावी लागते,24.04,84.62,0,7.69
sample_00476,D:\marathi-asr\data\vistaar_benchmarks\kathbath_noisy\marathi\wavs\844424932828552-933-f.wav,तडीपार कारवाईची धार कमी झाल्याची कबुली पोलीस अधिकारी देत आहेत,तडीपालकारवहईची धार कमी झाल्याची कबूरही पोलीस अधिकारी देत आहे,तडीपार कारवाईची धार कमी झाल्याची कबुली पोलीस अधिकारी देत आहेत,तडीपालकारवहईची धार कमी झाल्याची कबूरही पोलीस अधिकारी देत आहे,11.48,40.0,0,4.9
sample_00477,D:\marathi-asr\data\vistaar_benchmarks\kathbath_noisy\marathi\wavs\844424932823416-715-f.wav,शिवाय शुभमन आणि शाहनील यांच्यात मैत्रीचं नातं देखील फार घटट् आहे,शिवायशिभ मन आणि सह निर्यांच्या महत्रीच नातर देखील फार घटता आहे,शिवाय शुभमन आणि शाहनील यांच्यात मैत्रीचं नातं देखील फार घटट् आहे,शिवायशिभ मन आणि सह निर्यांच्या महत्रीच नातर देखील फार घटता आहे,23.44,63.64,0,5.74
sample_00478,D:\marathi-asr\data\vistaar_benchmarks\kathbath_noisy\marathi\wavs\844424932262376-809-f.wav,या सगळ्या रस्सीखेचेत आणि सत्तेचा अंतिम टप्पा गाठला जाईपर्यंत वेगळेच चित्र उभे राहिले,यासगळ्या ्रस्सिखेचेत आणि सत्तेच्या अंतिम ट्पा गाटला जायपर्यंत वेगळे चित्र उभे राहिले आहे,या सगळ्या रस्सीखेचेत आणि सत्तेचा अंतिम टप्पा गाठला जाईपर्यंत वेगळेच चित्र उभे राहिले,यासगळ्या ्रस्सिखेचेत आणि सत्तेच्या अंतिम ट्पा गाटला जायपर्यंत वेगळे चित्र उभे राहिले आहे,15.48,69.23,0,10.31
sample_00479,D:\marathi-asr\data\vistaar_benchmarks\kathbath_noisy\marathi\wavs\844424931570546-236-f.wav,या व्हिडिओ बांग्लादेशच्या खेळाडूंनी भारतीय खेळाडूंच्या समोर जाऊन गैरवर्तणूक केल्याचे दिसत आहे,हाबीडियो बांगलादेशच्या फॅडून भार्ते लळवमा समुरदा गैर वरतनुक केण्याचे दिसन आहे,या व्हिडिओ बांग्लादेशच्या खेळाडूंनी भारतीय खेळाडूंच्या समोर जाऊन गैरवर्तणूक केल्याचे दिसत आहे,हाबीडियो बांगलादेशच्या फॅडून भार्ते लळवमा समुरदा गैर वरतनुक केण्याचे दिसन आहे,40.86,91.67,0,8.06
sample_00480,D:\marathi-asr\data\vistaar_benchmarks\kathbath_noisy\marathi\wavs\844424932311932-980-f.wav,यंदाही त्यांनी गिरगाव आणि संजय गांधी राष्ट्रीय उद्यानात हा उपक्रम राबवला आहे,दाहित्यांनी किरक आणि संचरय ग ंधी राष्ट्रीय उद्यानात हाउपक्रम राबवला आहे,यंदाही त्यांनी गिरगाव आणि संजय गांधी राष्ट्रीय उद्यानात हा उपक्रम राबवला आहे,दाहित्यांनी किरक आणि संचरय ग ंधी राष्ट्रीय उद्यानात हाउपक्रम राबवला आहे,15.79,66.67,0,5.48
sample_00481,D:\marathi-asr\data\vistaar_benchmarks\kathbath_noisy\marathi\wavs\844424930902737-715-f.wav,हे मॉडेल मध्ये अल्गोरिदम उचल विणकाम महिला परंपरागत टाच समान सॉक्स तर्ाचे आहे,हे वाडीलमध्ये अल्गलिध उचरविलका महिला परं पराग कासमाच तयारचे आहे,हे मॉडेल मध्ये अल्गोरिदम उचल विणकाम महिला परंपरागत टाच समान सॉक्स तर्ाचे आहे,हे वाडीलमध्ये अल्गलिध उचरविलका महिला परं पराग कासमाच तयारचे आहे,35.53,76.92,0,9.22
sample_00482,D:\marathi-asr\data\vistaar_benchmarks\kathbath_noisy\marathi\wavs\844424930875920-954-f.wav,सध्याच्या स्मार्टफोनच्या युगात टेलिकॉम कंपन्या ग्राहकांना आकर्षित करण्यासाठी वेगवेगळ्या ऑफर्स देत आहेत,सध्याच्या स्माट फोनच्या युगा टेलीकूम कंपन्या ग्राहकांना आकर्षित करण्यासाठी वेगवेगळ्या ऑफर्स्देत आहे,सध्याच्या स्मार्टफोनच्या युगात टेलिकॉम कंपन्या ग्राहकांना आकर्षित करण्यासाठी वेगवेगळ्या ऑफर्स देत आहेत,सध्याच्या स्माट फोनच्या युगा टेलीकूम कंपन्या ग्राहकांना आकर्षित करण्यासाठी वेगवेगळ्या ऑफर्स्देत आहे,7.84,58.33,0,7.17
sample_00483,D:\marathi-asr\data\vistaar_benchmarks\kathbath_noisy\marathi\wavs\844424930557218-737-f.wav,पहिले महायुद्ध सुरू झाल्यावर ब्रिटिश साम्राज्याला त्यांच्या बाजूने लढणारे सैन्य हवे होते,अंली मागमत्त सुरू झाल्याभरतुती सांमल्याच्या लात्यांच्या बाजने लडणा विसायंना हवे होते,पहिले महायुद्ध सुरू झाल्यावर ब्रिटिश साम्राज्याला त्यांच्या बाजूने लढणारे सैन्य हवे होते,अंली मागमत्त सुरू झाल्याभरतुती सांमल्याच्या लात्यांच्या बाजने लडणा विसायंना हवे होते,38.64,75.0,0,6.85
sample_00484,D:\marathi-asr\data\vistaar_benchmarks\kathbath_noisy\marathi\wavs\844424932823389-715-f.wav,पोलीसदेखील अशी प्रकरणे गांभीर्याने हाताळत नसल्याचे या प्रकरणातून स्पष्ट झाले आहे,पोलिस देखील अशी प्रकरणे गांदिरी याणे हाताळात नसल्याचे या प्रकरणातून स्पष्ट झाले आहे,पोलीसदेखील अशी प्रकरणे गांभीर्याने हाताळत नसल्याचे या प्रकरणातून स्पष्ट झाले आहे,पोलिस देखील अशी प्रकरणे गांदिरी याणे हाताळात नसल्याचे या प्रकरणातून स्पष्ट झाले आहे,10.0,45.45,0,6.46
sample_00485,D:\marathi-asr\data\vistaar_benchmarks\kathbath_noisy\marathi\wavs\844424932262453-809-f.wav,फक्त रशियन ऑर्थोडॉक्स धर्माचे लोकच संघटनेत पद ग्रहण करण्यास पात्र होते,पक्तरेशीन अथडॉक धर्माचे लोक संघटने पग्रहन करण्यास पात्र होते,फक्त रशियन ऑर्थोडॉक्स धर्माचे लोकच संघटनेत पद ग्रहण करण्यास पात्र होते,पक्तरेशीन अथडॉक धर्माचे लोक संघटने पग्रहन करण्यास पात्र होते,22.86,63.64,0,7.71
sample_00486,D:\marathi-asr\data\vistaar_benchmarks\kathbath_noisy\marathi\wavs\844424932828531-933-f.wav,या नात्याकडे आपल्याकडे अजूनही पराकोटीचं हृद्य नातं म्हणून पाहिलं जातं,यानाच्याकडे आपल्याकडे अजूनेही पराकोटीच उद्यगतनात म्हणून पाहिलं जातो,या नात्याकडे आपल्याकडे अजूनही पराकोटीचं हृद्य नातं म्हणून पाहिलं जातं,यानाच्याकडे आपल्याकडे अजूनेही पराकोटीच उद्यगतनात म्हणून पाहिलं जातो,14.49,70.0,0,5.83
sample_00487,D:\marathi-asr\data\vistaar_benchmarks\kathbath_noisy\marathi\wavs\844424932266716-980-f.wav,तरुण मुलीपासून ते तरुण मुलीच्या आई पर्यंत सर्व भूमिका तिने साकारल्या आहेत,टरून मुलेपासून त तरून मुलीच्याईीपर्यंत सर्व भुमिका दीरे साकारल्या आहेत,तरुण मुलीपासून ते तरुण मुलीच्या आई पर्यंत सर्व भूमिका तिने साकारल्या आहेत,टरून मुलेपासून त तरून मुलीच्याईीपर्यंत सर्व भुमिका दीरे साकारल्या आहेत,19.18,75.0,0,5.43
sample_00488,D:\marathi-asr\data\vistaar_benchmarks\kathbath_noisy\marathi\wavs\844424932823369-715-f.wav,डेवॉन थॉमसने ४० बॉलमध्ये ७१ रनची खेळी केली,देवण थॉमसने चाळीस बॉँडमध्ये एकात्टररांची खेळी केली,डेवॉन थॉमसने ४० बॉलमध्ये ७१ रनची खेळी केली,देवण थॉमसने चाळीस बॉँडमध्ये एकात्टररांची खेळी केली,45.24,62.5,0,4.76
sample_00489,D:\marathi-asr\data\vistaar_benchmarks\kathbath_noisy\marathi\wavs\844424931130716-933-f.wav,बॉलिवूडचा स्टार रणवीर सिंग ठरला लोकमत मोस्ट स्टायलिश सुपरस्टार अवॉर्डचा मानकरी,मडीउचा स्पादन वेसी झाला लोकमत बोस स्थायलिस टु्कस्टाच्या वटचा मान कत,बॉलिवूडचा स्टार रणवीर सिंग ठरला लोकमत मोस्ट स्टायलिश सुपरस्टार अवॉर्डचा मानकरी,मडीउचा स्पादन वेसी झाला लोकमत बोस स्थायलिस टु्कस्टाच्या वटचा मान कत,50.0,100.0,0,5.74
sample_00490,D:\marathi-asr\data\vistaar_benchmarks\kathbath_noisy\marathi\wavs\844424932262415-809-f.wav,सर्व नकाशे मंजूर झाले असून जोत्यापर्यंतच्या बांधकामाची परवानगी मिळाली आहे,इशल्भ नका शेमंजू झालेसे जतापर्यतच्या फ्रम कण्याची परजाही मिळाली,सर्व नकाशे मंजूर झाले असून जोत्यापर्यंतच्या बांधकामाची परवानगी मिळाली आहे,इशल्भ नका शेमंजू झालेसे जतापर्यतच्या फ्रम कण्याची परजाही मिळाली,41.1,90.0,0,8.27
sample_00491,D:\marathi-asr\data\vistaar_benchmarks\kathbath_noisy\marathi\wavs\844424932311886-980-f.wav,भाजप आणि काँग्रेसमध्ये रात्रभर जोरदार ड्रामा सुरू राहिलेला दिसला,भाज्य पआणी कउंब्े्स मध्ये रात्रभर जोरदा ड्रामा सुरू राहिलेला दिसलं,भाजप आणि काँग्रेसमध्ये रात्रभर जोरदार ड्रामा सुरू राहिलेला दिसला,भाज्य पआणी कउंब्े्स मध्ये रात्रभर जोरदा ड्रामा सुरू राहिलेला दिसलं,18.75,66.67,0,4.99
sample_00492,D:\marathi-asr\data\vistaar_benchmarks\kathbath_noisy\marathi\wavs\844424932337127-809-f.wav,त्यावेळी बोटे मोडण्याखेरीज शिवसेना नेते काहीही करू शकले नव्हते,त्यावडी बोटी मोजणा खिरीच शिवसेनानेती काही करू शकानवते,त्यावेळी बोटे मोडण्याखेरीज शिवसेना नेते काहीही करू शकले नव्हते,त्यावडी बोटी मोजणा खिरीच शिवसेनानेती काही करू शकानवते,29.03,88.89,0,6.87
sample_00493,D:\marathi-asr\data\vistaar_benchmarks\kathbath_noisy\marathi\wavs\844424930557255-737-f.wav,बुद्ध हे मार्ग ओळखण्याच्या अडचणींचा म्हणजे निब्बानाचा सिद्धांतही मांडतात,दुद्ध ही माल्ग ओळखण्याच्या अडिचानीनसामध्ये विपाण्ाचा सुद्धांतही माणतात,बुद्ध हे मार्ग ओळखण्याच्या अडचणींचा म्हणजे निब्बानाचा सिद्धांतही मांडतात,दुद्ध ही माल्ग ओळखण्याच्या अडिचानीनसामध्ये विपाण्ाचा सुद्धांतही माणतात,30.56,88.89,0,5.46
sample_00494,D:\marathi-asr\data\vistaar_benchmarks\kathbath_noisy\marathi\wavs\844424932266691-980-f.wav,राज्यात सध्या फक्त आणि फक्त ग्रामपंचायत निवडणुकांच्या निकालांची चर्चा आहे,राज्यात प्रप्त आणि फक्त ग्रामपंच्याक निवड नुकांचेा निखालाची चरचे आहे,राज्यात सध्या फक्त आणि फक्त ग्रामपंचायत निवडणुकांच्या निकालांची चर्चा आहे,राज्यात प्रप्त आणि फक्त ग्रामपंच्याक निवड नुकांचेा निखालाची चरचे आहे,24.66,70.0,0,5.09
sample_00495,D:\marathi-asr\data\vistaar_benchmarks\kathbath_noisy\marathi\wavs\844424932311844-980-f.wav,आदिवासी क्षेत्रात प्रादेशिक व्यवस्थापक महाराष्ट्र राज्य सहकारी आदिवासी विकास महामंडळ मर्या,दिवासिक क्षेत्रात प्रादेशिक व्यवस्थापक भहाराष्ट्र राज्य सहकारी अतिवासी विकास महामांडडड मरल,आदिवासी क्षेत्रात प्रादेशिक व्यवस्थापक महाराष्ट्र राज्य सहकारी आदिवासी विकास महामंडळ मर्या,दिवासिक क्षेत्रात प्रादेशिक व्यवस्थापक भहाराष्ट्र राज्य सहकारी अतिवासी विकास महामांडडड मरल,13.33,45.45,0,6.83
sample_00496,D:\marathi-asr\data\vistaar_benchmarks\kathbath_noisy\marathi\wavs\844424931218177-933-f.wav,राष्ट्रवादी काँग्रेस पार्टीच्या नेत्यांनी एक मुखाने हर्षवर्धन पाटील यांना दिला पाठिंबा,"रास्रवअधि कॉंब्रेस, पारटीच्या नेत्यांनी एक मुरखाने हर्शवर्धन पाटील यांना दिला पाठिंबा",राष्ट्रवादी काँग्रेस पार्टीच्या नेत्यांनी एक मुखाने हर्षवर्धन पाटील यांना दिला पाठिंबा,रास्रवअधि कॉंब्रेस पारटीच्या नेत्यांनी एक मुरखाने हर्शवर्धन पाटील यांना दिला पाठिंबा,13.95,45.45,0,8.22
sample_00497,D:\marathi-asr\data\vistaar_benchmarks\kathbath_noisy\marathi\wavs\844424930902734-715-f.wav,पैसे बघून अनेकांचे मन परिवर्तीत होतांना आपण चित्रपटात बघितले आहे,पैसे गहूल अनेकांचे मन परिवर्तीत होताना आपण चित्र पटा बघितले आहे,पैसे बघून अनेकांचे मन परिवर्तीत होतांना आपण चित्रपटात बघितले आहे,पैसे गहूल अनेकांचे मन परिवर्तीत होताना आपण चित्र पटा बघितले आहे,9.38,40.0,0,6.13
sample_00498,D:\marathi-asr\data\vistaar_benchmarks\kathbath_noisy\marathi\wavs\844424932330043-980-f.wav,त्यानुसार १३ जून रोजी प्रजापती ते थग घेऊन मुंबईच्या दिशेने रवाना झाला,त्यामुसार तेर जून रोजे प्राजापतीते थक जून मोंबईच्या देशाने रवाना झाला,त्यानुसार १३ जून रोजी प्रजापती ते थग घेऊन मुंबईच्या दिशेने रवाना झाला,त्यामुसार तेर जून रोजे प्राजापतीते थक जून मोंबईच्या देशाने रवाना झाला,20.29,75.0,0,5.71
sample_00499,D:\marathi-asr\data\vistaar_benchmarks\kathbath_noisy\marathi\wavs\844424932484372-573-f.wav,त्यामुळे इतक्या कमी कालावधीत त्यांच्याकडून ठोस निर्णय घेतले जाणे शक्य होत नाही,त्यामुळे इतक्या कमी कालावधीत त्याच्याकडून थोस मिळणे घेतले जाणे शकय होत नाही,त्यामुळे इतक्या कमी कालावधीत त्यांच्याकडून ठोस निर्णय घेतले जाणे शक्य होत नाही,त्यामुळे इतक्या कमी कालावधीत त्याच्याकडून थोस मिळणे घेतले जाणे शकय होत नाही,8.97,33.33,0,6.71
sample_00500,D:\marathi-asr\data\vistaar_benchmarks\kathbath_noisy\marathi\wavs\844424932262358-809-f.wav,ते ट्रॅक्टर मालकाने विना परवानगी पळवून नेल्याची बाब २ जानेवारी रोजी महसूलच्या लक्षात आली,तीक ट्रॅक्टर मालकाने जि्ा परिणादी पडून नेल्याची पाग दोन जानवीलरेजी म्हसूचा लक्षात आली,ते ट्रॅक्टर मालकाने विना परवानगी पळवून नेल्याची बाब २ जानेवारी रोजी महसूलच्या लक्षात आली,तीक ट्रॅक्टर मालकाने जि्ा परिणादी पडून नेल्याची पाग दोन जानवीलरेजी म्हसूचा लक्षात आली,27.27,64.29,0,10.17
sample_00501,D:\marathi-asr\data\vistaar_benchmarks\kathbath_noisy\marathi\wavs\844424930834579-954-f.wav,एकदा क्लॅप देताना चूक झाल्यानं केदार यांनी सर्वांसमोर राज कपूर यांच्या कानशीलात लगावली,एेदाकल्याभ देतांना चूक झाल्यानं केदार यांनी सर्वांसमोराज कपू यांना काय शिल्का लागवली,एकदा क्लॅप देताना चूक झाल्यानं केदार यांनी सर्वांसमोर राज कपूर यांच्या कानशीलात लगावली,एेदाकल्याभ देतांना चूक झाल्यानं केदार यांनी सर्वांसमोराज कपू यांना काय शिल्का लागवली,24.42,69.23,0,7.11
sample_00502,D:\marathi-asr\data\vistaar_benchmarks\kathbath_noisy\marathi\wavs\844424932330067-980-f.wav,संस्थेच्या वतीने गवाणकर यांचा मानपत्र देऊन गौरव करण्यात आला,संस्थेच्या गतीने गवहाणकर्यांचा मानपत्र देवन गरो करण्यात आला,संस्थेच्या वतीने गवाणकर यांचा मानपत्र देऊन गौरव करण्यात आला,संस्थेच्या गतीने गवहाणकर्यांचा मानपत्र देवन गरो करण्यात आला,10.17,55.56,0,5.09
sample_00503,D:\marathi-asr\data\vistaar_benchmarks\kathbath_noisy\marathi\wavs\844424932337115-809-f.wav,संजीव कुमार यांचे दोन भाऊही अशाच प्रकारे निधन पावले होते,संजय उुन्हालआणस दन हऊ असा प्रकारच मिधान काढले होतो,संजीव कुमार यांचे दोन भाऊही अशाच प्रकारे निधन पावले होते,संजय उुन्हालआणस दन हऊ असा प्रकारच मिधान काढले होतो,44.64,100.0,0,6.66
sample_00504,D:\marathi-asr\data\vistaar_benchmarks\kathbath_noisy\marathi\wavs\844424932311914-980-f.wav,असे प्रश्न उपस्थित करून नगराध्यक्षा जगनाडे आणि प्रशासनाला चांगलेच धारेवर धरले,सप्रश्न उपस्तित करून नगराद्यक्षात जगनाले याने प्रशासनाला चांगले दारे वर भरले,असे प्रश्न उपस्थित करून नगराध्यक्षा जगनाडे आणि प्रशासनाला चांगलेच धारेवर धरले,सप्रश्न उपस्तित करून नगराद्यक्षात जगनाले याने प्रशासनाला चांगले दारे वर भरले,19.48,90.91,0,6.13
sample_00505,D:\marathi-asr\data\vistaar_benchmarks\kathbath_noisy\marathi\wavs\844424932823354-715-f.wav,जगातल्या सर्वोत्तम ५ क्रीडा स्पर्धांमध्ये आयपीएलचा समावेश होतो,जगातल्या कर वक तमकाफ कुडंस्परधाम नयू ॲ.पयोक समाजूक हरत,जगातल्या सर्वोत्तम ५ क्रीडा स्पर्धांमध्ये आयपीएलचा समावेश होतो,जगातल्या कर वक तमकाफ कुडंस्परधाम नयू ॲ पयोक समाजूक हरत,48.39,112.5,0,5.92
sample_00506,D:\marathi-asr\data\vistaar_benchmarks\kathbath_noisy\marathi\wavs\844424932372189-132-f.wav,ते १४ रोजी शपथ घेण्याची शक्यता वर्तविण्यात येत आहे,खुचवदा रोजी शपत केळ्याची शक्याता वततवड्यात ेत आहे,ते १४ रोजी शपथ घेण्याची शक्यता वर्तविण्यात येत आहे,खुचवदा रोजी शपत केळ्याची शक्याता वततवड्यात ेत आहे,30.0,77.78,0,4.57
sample_00507,D:\marathi-asr\data\vistaar_benchmarks\kathbath_noisy\marathi\wavs\844424930906974-972-f.wav,असं काही चुकीचं होताना दिसतं तेव्हा प्रत्येक वेळेस सामाजिक कार्यकर्ता बनून आपण वागू शकत नाही,असकाईी चुकीच होता आणिस्त किंवा प्रत्यक वेळ सामाजिक कार्य करता म्णून आपण वागू शकत नाही,असं काही चुकीचं होताना दिसतं तेव्हा प्रत्येक वेळेस सामाजिक कार्यकर्ता बनून आपण वागू शकत नाही,असकाईी चुकीच होता आणिस्त किंवा प्रत्यक वेळ सामाजिक कार्य करता म्णून आपण वागू शकत नाही,25.0,73.33,0,7.2
sample_00508,D:\marathi-asr\data\vistaar_benchmarks\kathbath_noisy\marathi\wavs\844424930902675-715-f.wav,रात्री झोपण्यापूर्वी एक छोटा चमचा मेथीचे दाणे रात्रभर पाण्यात भिजत ठेवा,रातरी होज्ेापूर्वी एक सकार संस्था मेथीचे धाणे रात्रबर पाण्यात बिजलत केळा,रात्री झोपण्यापूर्वी एक छोटा चमचा मेथीचे दाणे रात्रभर पाण्यात भिजत ठेवा,रातरी होज्ेापूर्वी एक सकार संस्था मेथीचे धाणे रात्रबर पाण्यात बिजलत केळा,28.17,72.73,0,5.92
sample_00509,D:\marathi-asr\data\vistaar_benchmarks\kathbath_noisy\marathi\wavs\844424931570526-236-f.wav,भाग्यश्रीच्या या प्रवासाला सुरुवात झाली ती २०१४ ची मटा श्रावणक्वीन झाल्यापासून,ारेतीलच्या या क्रवासाला किंवासझाली सी गनवसा चवदाची मठा सावन्वीन झाल्यास तास म,भाग्यश्रीच्या या प्रवासाला सुरुवात झाली ती २०१४ ची मटा श्रावणक्वीन झाल्यापासून,ारेतीलच्या या क्रवासाला किंवासझाली सी गनवसा चवदाची मठा सावन्वीन झाल्यास तास म,46.15,100.0,0,7.89
sample_00510,D:\marathi-asr\data\vistaar_benchmarks\kathbath_noisy\marathi\wavs\844424932823426-715-f.wav,अंगणातली पाणी तापवायची चुल पांढऱ्या मातीनं आज्जी सारवून काढायची,अंगरातली पाणी तापळची थूल पांढ्या मातीन आजी सार्वन काढायची,अंगणातली पाणी तापवायची चुल पांढऱ्या मातीनं आज्जी सारवून काढायची,अंगरातली पाणी तापळची थूल पांढ्या मातीन आजी सार्वन काढायची,20.31,77.78,0,5.74
sample_00511,D:\marathi-asr\data\vistaar_benchmarks\kathbath_noisy\marathi\wavs\844424932372202-132-f.wav,पालक सामान्य मानसिक विकासासाठी सर्व परिस्थिती होते की ते पाहू,पालक सामान्य मांसिक पिकासासाठी सर्व पर्यस्थिती होते की ते का ?,पालक सामान्य मानसिक विकासासाठी सर्व परिस्थिती होते की ते पाहू,पालक सामान्य मांसिक पिकासासाठी सर्व पर्यस्थिती होते की ते का,11.48,40.0,0,5.78
sample_00512,D:\marathi-asr\data\vistaar_benchmarks\kathbath_noisy\marathi\wavs\844424932823383-715-f.wav,फोनला ८ जीबी रॅम प्लस १२८ जीबी इंटरनल स्टोरेज मध्ये लाँच करणार,फोला आजिबिरॅम पलस एक्षा ठवीजीवी इंटरनर स्टोरेजमध्ये लॉंड करणात,फोनला ८ जीबी रॅम प्लस १२८ जीबी इंटरनल स्टोरेज मध्ये लाँच करणार,फोला आजिबिरॅम पलस एक्षा ठवीजीवी इंटरनर स्टोरेजमध्ये लॉंड करणात,35.48,100.0,0,5.9
sample_00513,D:\marathi-asr\data\vistaar_benchmarks\kathbath_noisy\marathi\wavs\844424930834552-954-f.wav,या समृध्दी महामार्गासाठी ५५ हजार कोटी रुपये खर्च येणार आहे,थ्या समृद्ती महा मार्कासाठी पणचावन हजार कोठी रुपये खर्च येणार आहे,या समृध्दी महामार्गासाठी ५५ हजार कोटी रुपये खर्च येणार आहे,थ्या समृद्ती महा मार्कासाठी पणचावन हजार कोठी रुपये खर्च येणार आहे,22.41,60.0,0,4.99
sample_00514,D:\marathi-asr\data\vistaar_benchmarks\kathbath_noisy\marathi\wavs\844424932823374-715-f.wav,मुस्लीम मोहल्ल्यांमध्ये ईदनिमित्त आनंदाचे आणि जल्लोषाचे वातावरण होते,मुशरीम मोहवल्यांमध्ये एक हिनि्टर अनंदाचे आणि कपसाची वातावरण होते,मुस्लीम मोहल्ल्यांमध्ये ईदनिमित्त आनंदाचे आणि जल्लोषाचे वातावरण होते,मुशरीम मोहवल्यांमध्ये एक हिनि्टर अनंदाचे आणि कपसाची वातावरण होते,30.88,75.0,0,5.87
sample_00515,D:\marathi-asr\data\vistaar_benchmarks\kathbath_noisy\marathi\wavs\844424930906945-972-f.wav,तू माझ्याकडे मोबाइल व बिल दे मी आतमध्ये जाऊन त्यांना दाखवतो असे सांगितले,तुम्ही मा्यातरेम मोबाईलववीदे आतमध्ये जाऊ उदरला दाखूत कसे सांगिले ?,तू माझ्याकडे मोबाइल व बिल दे मी आतमध्ये जाऊन त्यांना दाखवतो असे सांगितले,तुम्ही मा्यातरेम मोबाईलववीदे आतमध्ये जाऊ उदरला दाखूत कसे सांगिले,41.67,92.31,0,7.15
sample_00516,D:\marathi-asr\data\vistaar_benchmarks\kathbath_noisy\marathi\wavs\844424932828547-933-f.wav,ते असेही मानतात की प्रत्येकाचा भगवंताशी वैयक्तिक करार असणे आवश्यक आहे,त्यासही मानताकी प्रत्येकासा भवोणताशी वैयक्तित करार असणे आवश्यक आहे,ते असेही मानतात की प्रत्येकाचा भगवंताशी वैयक्तिक करार असणे आवश्यक आहे,त्यासही मानताकी प्रत्येकासा भवोणताशी वैयक्तित करार असणे आवश्यक आहे,15.94,63.64,0,5.48
sample_00517,D:\marathi-asr\data\vistaar_benchmarks\kathbath_noisy\marathi\wavs\844424932311862-980-f.wav,गेल्या वर्षीच्या मार्च महिन्यात शिल्पानं मालिकेच्या निर्मात्याविरोधात लैंगिक शोषणाची तक्रार नोंदवली होती,जेल्यावर्षीच्या मार्चमहिन्या शिल्पाना मालिकेच्य निर्माते विरृूतात लैंगिब सोषणाचे तत्रान मोंदवली,गेल्या वर्षीच्या मार्च महिन्यात शिल्पानं मालिकेच्या निर्मात्याविरोधात लैंगिक शोषणाची तक्रार नोंदवली होती,जेल्यावर्षीच्या मार्चमहिन्या शिल्पाना मालिकेच्य निर्माते विरृूतात लैंगिब सोषणाचे तत्रान मोंदवली,22.12,100.0,0,6.76
sample_00518,D:\marathi-asr\data\vistaar_benchmarks\kathbath_noisy\marathi\wavs\844424930875908-954-f.wav,अखेर त्यांच्या डोळ्यादेखत समूद्राच्या क्षीतीज समांतर रेषेत ती जहाजे नाहीसी झाली,टरकांच्या दोळ्या देखेल समुद्रांच्या शिती समाल्न प्रेशेती सहाजे नाहिशी झाली,अखेर त्यांच्या डोळ्यादेखत समूद्राच्या क्षीतीज समांतर रेषेत ती जहाजे नाहीसी झाली,टरकांच्या दोळ्या देखेल समुद्रांच्या शिती समाल्न प्रेशेती सहाजे नाहिशी झाली,36.71,90.91,0,5.78
sample_00519,D:\marathi-asr\data\vistaar_benchmarks\kathbath_noisy\marathi\wavs\844424930875887-954-f.wav,चेकोस्लोव्हाकियाच्या आक्रमणाच्या विरोधात दिग्दर्शित केलेल्या सर्वात निर्णायक कृत्यांमध्ये नतालिया गोरबनेव्हस्काया यांनी भाषण केले होते,पस्लो राप्याच्या आक्रमनाच्या विरुधात देर्घशित केलेल्या सर्वात निर्णा परतत्ामयनतलया गोरसबणबाकीयाच्या क्यांनी परकन केलेत,चेकोस्लोव्हाकियाच्या आक्रमणाच्या विरोधात दिग्दर्शित केलेल्या सर्वात निर्णायक कृत्यांमध्ये नतालिया गोरबनेव्हस्काया यांनी भाषण केले होते,पस्लो राप्याच्या आक्रमनाच्या विरुधात देर्घशित केलेल्या सर्वात निर्णा परतत्ामयनतलया गोरसबणबाकीयाच्या क्यांनी परकन केलेत,36.57,92.86,0,11.75
sample_00520,D:\marathi-asr\data\vistaar_benchmarks\kathbath_noisy\marathi\wavs\844424932823392-715-f.wav,आपल्या मिश्किल स्वभावासाठी आणि बोलण्यासाठी अजित पवार ओळखले जातात,आपल्या मिश्कील् स्वभावासाठी आणि बोलण्यासाठी अजिध फवार ओळखले जातात,आपल्या मिश्किल स्वभावासाठी आणि बोलण्यासाठी अजित पवार ओळखले जातात,आपल्या मिश्कील् स्वभावासाठी आणि बोलण्यासाठी अजिध फवार ओळखले जातात,6.25,33.33,0,5.57
sample_00521,D:\marathi-asr\data\vistaar_benchmarks\kathbath_noisy\marathi\wavs\844424932828548-933-f.wav,दुसरीकडे महानगरपालिका शालेय विद्यार्थ्यांना मोफत विविध महागड्या लस टोचण्याची मोहीम राबवत आहे,दुषीकरे महानागरपानिका शार्या विद्यारथांना मोपा विविध महाग्यालय स तोजनाची मोहीं राबवत आहे,दुसरीकडे महानगरपालिका शालेय विद्यार्थ्यांना मोफत विविध महागड्या लस टोचण्याची मोहीम राबवत आहे,दुषीकरे महानागरपानिका शार्या विद्यारथांना मोपा विविध महाग्यालय स तोजनाची मोहीं राबवत आहे,25.0,75.0,0,6.76
sample_00522,D:\marathi-asr\data\vistaar_benchmarks\kathbath_noisy\marathi\wavs\844424930834536-954-f.wav,त्यानंतर पोलिसांनी मध्यस्थी करीत रावणदहनाचा कार्यक्रम आयोजित करणाऱ्यांकडून रितसर परवानगी असल्याची माहिती आंदोलनकर्त्यांना दिली,अनंतर पोलीसानी मध्य स्थितकरी त्रामाण धहनाचा कार्यक्रम आयोजित करण्ानांकडून रित सरपरवांगी असण्याची माहिती आंदोल्यन करतांना दिली,त्यानंतर पोलिसांनी मध्यस्थी करीत रावणदहनाचा कार्यक्रम आयोजित करणाऱ्यांकडून रितसर परवानगी असल्याची माहिती आंदोलनकर्त्यांना दिली,अनंतर पोलीसानी मध्य स्थितकरी त्रामाण धहनाचा कार्यक्रम आयोजित करण्ानांकडून रित सरपरवांगी असण्याची माहिती आंदोल्यन करतांना दिली,23.62,85.71,0,9.47
sample_00523,D:\marathi-asr\data\vistaar_benchmarks\kathbath_noisy\marathi\wavs\844424932484365-573-f.wav,प्रशासनाकडून सुरू असलेल्या या विशेष नियोजनामुळे शैक्षणिक संस्था एसटीकडे आकर्षित होण्यास सुरुवात होताना दिसत आहे,प्रशासनाकडणन सुरू असलेल्या या विशेष योजनामुळे शक्षणिक संस्था एस्टीकडे आकर्शित होण्या सुरुवात होताना दिसत आहे,प्रशासनाकडून सुरू असलेल्या या विशेष नियोजनामुळे शैक्षणिक संस्था एसटीकडे आकर्षित होण्यास सुरुवात होताना दिसत आहे,प्रशासनाकडणन सुरू असलेल्या या विशेष योजनामुळे शक्षणिक संस्था एस्टीकडे आकर्शित होण्या सुरुवात होताना दिसत आहे,6.31,40.0,0,10.29
sample_00524,D:\marathi-asr\data\vistaar_benchmarks\kathbath_noisy\marathi\wavs\844424932266695-980-f.wav,विरारमधील फुलपाडा भागात अवैधरित्या साठवलेल्या गुटख्याच्या गोदामावर एफडीएने धाड टाकली,तेरारमधील फुलपाळा भागात अवैद्रीत साठवलेलय मुठ्याच्या गोदामवरबिली घाड टाकली,विरारमधील फुलपाडा भागात अवैधरित्या साठवलेल्या गुटख्याच्या गोदामावर एफडीएने धाड टाकली,तेरारमधील फुलपाळा भागात अवैद्रीत साठवलेलय मुठ्याच्या गोदामवरबिली घाड टाकली,27.38,80.0,0,6.92
sample_00525,D:\marathi-asr\data\vistaar_benchmarks\kathbath_noisy\marathi\wavs\844424930573380-737-f.wav,त्या पार्श्वभूमीवर ही योजना दिलासादायक असली तरी अखंड सुरू राहायला हवी,तापाशव भुमीबरही योजना दील ासागायक असलेल तरी अखंड सुरू रहायला हवी,त्या पार्श्वभूमीवर ही योजना दिलासादायक असली तरी अखंड सुरू राहायला हवी,तापाशव भुमीबरही योजना दील ासागायक असलेल तरी अखंड सुरू रहायला हवी,23.19,63.64,0,6.18
sample_00526,D:\marathi-asr\data\vistaar_benchmarks\kathbath_noisy\marathi\wavs\844424932266739-980-f.wav,तसंच रुपर टेक्नॉलॉजी मूर्तीमध्ये लागली असण्याचं तज्ज्ञांनी अमान्य केलं आहे,तस सुरूपरिटेटमव हीयरतीमध्ये माती यजनाच पग्यानीयमान्य केला े,तसंच रुपर टेक्नॉलॉजी मूर्तीमध्ये लागली असण्याचं तज्ज्ञांनी अमान्य केलं आहे,तस सुरूपरिटेटमव हीयरतीमध्ये माती यजनाच पग्यानीयमान्य केला े,48.65,100.0,0,5.92
sample_00527,D:\marathi-asr\data\vistaar_benchmarks\kathbath_noisy\marathi\wavs\844424932311907-980-f.wav,मुधापूर हे भारतातील महाराष्ट्र राज्यातील वर्धा जिल्ह्यातील वर्धा तालुक्यातील एक गाव आहे,मुदापूर ही भारतातेल महाराष्ट्रळ आज्यातील बर्ता जिल्यातील परतात तालूख्य सिलेक गाव आहे,मुधापूर हे भारतातील महाराष्ट्र राज्यातील वर्धा जिल्ह्यातील वर्धा तालुक्यातील एक गाव आहे,मुदापूर ही भारतातेल महाराष्ट्रळ आज्यातील बर्ता जिल्यातील परतात तालूख्य सिलेक गाव आहे,24.14,83.33,0,6.55
sample_00528,D:\marathi-asr\data\vistaar_benchmarks\kathbath_noisy\marathi\wavs\844424930834521-954-f.wav,तर यामध्ये सहभागी झालेल्या १८ जणांपैकी निम्म्या लोकांना केवळ गाणी ऐकण्यास सांगण्यात आले,तर या मध्ये सहपागी झालेल्या अठरझनांपैकीनिर्मा लोकांना केवळ जाणी अटण्यास सांगण्यात आले,तर यामध्ये सहभागी झालेल्या १८ जणांपैकी निम्म्या लोकांना केवळ गाणी ऐकण्यास सांगण्यात आले,तर या मध्ये सहपागी झालेल्या अठरझनांपैकीनिर्मा लोकांना केवळ जाणी अटण्यास सांगण्यात आले,16.09,61.54,0,6.64
sample_00529,D:\marathi-asr\data\vistaar_benchmarks\kathbath_noisy\marathi\wavs\844424932828585-933-f.wav,घरातली स्त्री ही अंगात आलेल्या अष्टभुजेचा अवतार धारण करते,घरात हेसीही अंगात आलेलल्या अष्टभूजेचा अवकाधरण करते,घरातली स्त्री ही अंगात आलेल्या अष्टभुजेचा अवतार धारण करते,घरात हेसीही अंगात आलेलल्या अष्टभूजेचा अवकाधरण करते,24.56,77.78,0,4.9
sample_00530,D:\marathi-asr\data\vistaar_benchmarks\kathbath_noisy\marathi\wavs\844424931218176-933-f.wav,ती तास शाळेच्या ग्रंथालयात बसून खर्च आणि विविध विषयांवर पुस्तके वाचा,ती ता शाळेच्या क्रंतालयात बसून कर्च आणि विविध विषयावर पुस्त केवाचा,ती तास शाळेच्या ग्रंथालयात बसून खर्च आणि विविध विषयांवर पुस्तके वाचा,ती ता शाळेच्या क्रंतालयात बसून कर्च आणि विविध विषयावर पुस्त केवाचा,10.29,54.55,0,8.03
sample_00531,D:\marathi-asr\data\vistaar_benchmarks\kathbath_noisy\marathi\wavs\844424931218191-933-f.wav,भारतीय टीमचे माजी कॅप्टन मन्सुर अली खान पतौडी यांचं निधन झालं,भारतीय टीमचे माझी कॅप्ट्ाट मनसूर अली खामपतोडीस्यांचा निजन झाल्या,भारतीय टीमचे माजी कॅप्टन मन्सुर अली खान पतौडी यांचं निधन झालं,भारतीय टीमचे माझी कॅप्ट्ाट मनसूर अली खामपतोडीस्यांचा निजन झाल्या,26.23,72.73,0,6.2
sample_00532,D:\marathi-asr\data\vistaar_benchmarks\kathbath_noisy\marathi\wavs\844424930834604-954-f.wav,कारण काही वेळानंतर मला संशय येऊ लागला की माझ्या पतीचे दुसऱ्या महिलेसोबत अफेअर सुरू आहे,आारण काही वेळानंतर माला संश यव लागला की माझ्या पतीचे दुस्या महिले सोबत अफेर शुरू आहे,कारण काही वेळानंतर मला संशय येऊ लागला की माझ्या पतीचे दुसऱ्या महिलेसोबत अफेअर सुरू आहे,आारण काही वेळानंतर माला संश यव लागला की माझ्या पतीचे दुस्या महिले सोबत अफेर शुरू आहे,11.49,60.0,0,7.34
sample_00533,D:\marathi-asr\data\vistaar_benchmarks\kathbath_noisy\marathi\wavs\844424930906996-972-f.wav,प्रश्न केवळ मतांचे प्रमाण आणि जागा किती प्रभावित होतात एवढाच नाही,प्रश्न केवळ मत शय प्रमाण आणिजाबाकिती प्रभाविच होतात यवडास नाही,प्रश्न केवळ मतांचे प्रमाण आणि जागा किती प्रभावित होतात एवढाच नाही,प्रश्न केवळ मत शय प्रमाण आणिजाबाकिती प्रभाविच होतात यवडास नाही,16.92,63.64,0,5.94
sample_00534,D:\marathi-asr\data\vistaar_benchmarks\kathbath_noisy\marathi\wavs\844424930868431-933-f.wav,पाणी गळतीवर साधासोपा उपाय म्हणजे त्या पाण्याची साठवण करून परिसरातील नागरिकांनी सोयीनुसार वापर करावा,पाणी गतीवर सागा सुपा उपाय म्हणजे त्या पाणाची साठवण करून परिसरातीत नावरीकारणे सोयनुसान याचा वापर करावा,पाणी गळतीवर साधासोपा उपाय म्हणजे त्या पाण्याची साठवण करून परिसरातील नागरिकांनी सोयीनुसार वापर करावा,पाणी गतीवर सागा सुपा उपाय म्हणजे त्या पाणाची साठवण करून परिसरातीत नावरीकारणे सोयनुसान याचा वापर करावा,19.19,57.14,0,9.54
sample_00535,D:\marathi-asr\data\vistaar_benchmarks\kathbath_noisy\marathi\wavs\844424932484453-573-f.wav,त्यामुळे सर्वोच्च न्यायालयाच्या बार असोशिएशनने त्यांच्या निरोप समासंभाचा कार्यक्रम आयोजित केला,त्यामुळे सर्वचन्यायाल्याच्या बार अससियशन नेत याच्या निरोग समावाच्या बारेक्म आयोजित केला,त्यामुळे सर्वोच्च न्यायालयाच्या बार असोशिएशनने त्यांच्या निरोप समासंभाचा कार्यक्रम आयोजित केला,त्यामुळे सर्वचन्यायाल्याच्या बार अससियशन नेत याच्या निरोग समावाच्या बारेक्म आयोजित केला,23.4,72.73,0,8.38
sample_00536,D:\marathi-asr\data\vistaar_benchmarks\kathbath_noisy\marathi\wavs\844424932330102-980-f.wav,उच्च आणि तंत्रशिक्षण मंत्री उदय सामंत यांनी याबाबतची माहिती पत्रकार परिषदेत दिली आहे,जाणि तंत्र शिक्षण मंत्री यउद सामध यांनियाभाबाची माहिती पत्रकार परिषादेत दिली आहे,उच्च आणि तंत्रशिक्षण मंत्री उदय सामंत यांनी याबाबतची माहिती पत्रकार परिषदेत दिली आहे,जाणि तंत्र शिक्षण मंत्री यउद सामध यांनियाभाबाची माहिती पत्रकार परिषादेत दिली आहे,19.05,61.54,0,6.57
sample_00537,D:\marathi-asr\data\vistaar_benchmarks\kathbath_noisy\marathi\wavs\844424932828570-933-f.wav,त्यामुळे पाऊस पडल्यानंतर गोडसर असा वास येतो त्याचा संबंध आपण पावसाशी जोडतो,"त्यामुळे पाऊस पडल्यानंतर जोडच रसा वास तो, त्याचा संबंध आपण पावसाशी जोडतो",त्यामुळे पाऊस पडल्यानंतर गोडसर असा वास येतो त्याचा संबंध आपण पावसाशी जोडतो,त्यामुळे पाऊस पडल्यानंतर जोडच रसा वास तो त्याचा संबंध आपण पावसाशी जोडतो,8.11,25.0,0,5.8
sample_00538,D:\marathi-asr\data\vistaar_benchmarks\kathbath_noisy\marathi\wavs\844424932828582-933-f.wav,भारताबाहेरील लसीचे खुल्या बाजारातील दरही पत्रकात नमूद करण्यात आलंय,भारतामाहिरील लसेचे खुल्या बाजारातील दरही पत्रकार नमून करण्यात आले,भारताबाहेरील लसीचे खुल्या बाजारातील दरही पत्रकात नमूद करण्यात आलंय,भारतामाहिरील लसेचे खुल्या बाजारातील दरही पत्रकार नमून करण्यात आले,10.61,55.56,0,6.87
sample_00539,D:\marathi-asr\data\vistaar_benchmarks\kathbath_noisy\marathi\wavs\844424930875834-954-f.wav,कोकण रेल्वेच्या या निर्णयामुळे पर्यटकांना मोठा दिलासा मिळणार आहे,कोकन रेल्वेचाया निरणा्यामुळे पर्याटकांना मोता दिला सामिळिणार आहे,कोकण रेल्वेच्या या निर्णयामुळे पर्यटकांना मोठा दिलासा मिळणार आहे,कोकन रेल्वेचाया निरणा्यामुळे पर्याटकांना मोता दिला सामिळिणार आहे,18.75,88.89,0,5.41
sample_00540,D:\marathi-asr\data\vistaar_benchmarks\kathbath_noisy\marathi\wavs\844424930557290-737-f.wav,अधिक तपास सहाय्यक पोलीस निरीक्षक संजय बोंबले करत आहेत,अधिक तपासाय्यक पोललिस्नेरिक्षक संजेय गुंगले कर्यत आहे,अधिक तपास सहाय्यक पोलीस निरीक्षक संजय बोंबले करत आहेत,अधिक तपासाय्यक पोललिस्नेरिक्षक संजेय गुंगले कर्यत आहे,28.3,88.89,0,4.83
sample_00541,D:\marathi-asr\data\vistaar_benchmarks\kathbath_noisy\marathi\wavs\844424932262403-809-f.wav,प्रामाणिकपणे रोज अर्धा तास जरी ध्यान केले तरी बाकी साडेतेवीस तास तुमचे मन प्रसन्न राहील,प्रामाणि अनेरोसर्धाताच जरीधान केले तरी बाकीसाडे तेवीस तास तुमचे मनत्रसन्य राहील,प्रामाणिकपणे रोज अर्धा तास जरी ध्यान केले तरी बाकी साडेतेवीस तास तुमचे मन प्रसन्न राहील,प्रामाणि अनेरोसर्धाताच जरीधान केले तरी बाकीसाडे तेवीस तास तुमचे मनत्रसन्य राहील,19.54,66.67,0,9.36
sample_00542,D:\marathi-asr\data\vistaar_benchmarks\kathbath_noisy\marathi\wavs\844424930906946-972-f.wav,नुकताच अभिनेत्री दिशा पटानीला आदित्य ठाकरेंसोबत पाहण्यात आले होते,युकताच अिनेत्री दिशा पटाणीला अधिक्यठाकरेसोबत पाळण्यात आले होते,नुकताच अभिनेत्री दिशा पटानीला आदित्य ठाकरेंसोबत पाहण्यात आले होते,युकताच अिनेत्री दिशा पटाणीला अधिक्यठाकरेसोबत पाळण्यात आले होते,13.85,66.67,0,6.06
sample_00543,D:\marathi-asr\data\vistaar_benchmarks\kathbath_noisy\marathi\wavs\844424930868512-933-f.wav,यामुळे सध्यातरी सीमा भागातील जनतेला आता पावसाचीच प्रतीक्षा करावी लागणार आहे,यामुळे सध्ततरी सेना भागातील जनतीला आता पावसाचे प्र्तक्ा त्राणी लाणा राते,यामुळे सध्यातरी सीमा भागातील जनतेला आता पावसाचीच प्रतीक्षा करावी लागणार आहे,यामुळे सध्ततरी सेना भागातील जनतीला आता पावसाचे प्र्तक्ा त्राणी लाणा राते,24.0,72.73,0,6.36
sample_00544,D:\marathi-asr\data\vistaar_benchmarks\kathbath_noisy\marathi\wavs\844424931570513-236-f.wav,परंतू या वेळेस आमची भुमिका स्पष्ठ करणार असल्याचे मत जिल्हाप्रमुख आनंद बाविस्कर यांनी व्यक्त केले,पर्ंतू यावेळेत आि पष्टकरना असल्याचे किला प्रमुख आनंतभावितप्त केले,परंतू या वेळेस आमची भुमिका स्पष्ठ करणार असल्याचे मत जिल्हाप्रमुख आनंद बाविस्कर यांनी व्यक्त केले,पर्ंतू यावेळेत आि पष्टकरना असल्याचे किला प्रमुख आनंतभावितप्त केले,44.79,86.67,0,9.29
sample_00545,D:\marathi-asr\data\vistaar_benchmarks\kathbath_noisy\marathi\wavs\844424932372162-132-f.wav,या मागणीवर अखेर शुक्रवारी मेघालय डेमोक्रेटिक अलायन्सच्या मंत्रिमंडळाने शिक्कामोर्तब केले,या पाकडीव राखे सुक्रवारी मेखाने डिमक्रेटिक अलायसच्या मंत्रीमंटळाने शिकका ोडतत केले,या मागणीवर अखेर शुक्रवारी मेघालय डेमोक्रेटिक अलायन्सच्या मंत्रिमंडळाने शिक्कामोर्तब केले,या पाकडीव राखे सुक्रवारी मेखाने डिमक्रेटिक अलायसच्या मंत्रीमंटळाने शिकका ोडतत केले,25.0,90.0,0,7.69
sample_00546,D:\marathi-asr\data\vistaar_benchmarks\kathbath_noisy\marathi\wavs\844424931218189-933-f.wav,या विद्यार्थ्यांनी गावच्या सरपंचांकडे अपुऱ्या मध्यान्ह भोजनाची तक्रार केली होती,या विद्यार्थ्यांनी गाऊच्या सरपंचागडे अपुर्या मध्यान भोजनाची तक्रार केली होती,या विद्यार्थ्यांनी गावच्या सरपंचांकडे अपुऱ्या मध्यान्ह भोजनाची तक्रार केली होती,या विद्यार्थ्यांनी गाऊच्या सरपंचागडे अपुर्या मध्यान भोजनाची तक्रार केली होती,7.5,40.0,0,7.66
sample_00547,D:\marathi-asr\data\vistaar_benchmarks\kathbath_noisy\marathi\wavs\844424932828586-933-f.wav,शब्द पेपर इजिप्तमधील नाईल नदीजवळ उदंड वाढणारी रीडी प्लांट कागदाई नावाच्या नावावरून बनले आहे,पर्तपेपर इजिपमधधील नाईनन्ये जव उदंड वाढणारी ्रिडी प्लांड पपताे नावाच्या नावावरून बनले आहे,शब्द पेपर इजिप्तमधील नाईल नदीजवळ उदंड वाढणारी रीडी प्लांट कागदाई नावाच्या नावावरून बनले आहे,पर्तपेपर इजिपमधधील नाईनन्ये जव उदंड वाढणारी ्रिडी प्लांड पपताे नावाच्या नावावरून बनले आहे,24.18,57.14,0,7.89
sample_00548,D:\marathi-asr\data\vistaar_benchmarks\kathbath_noisy\marathi\wavs\844424930573333-737-f.wav,या फोनसोबत जिओतर्फे डेटा ऑफर्स सुद्धा देण्यात येणार आहेत,या फोनसो बजीओ तरफे डेटॉऑफ सुद्धा देण्या देणारआहीत,या फोनसोबत जिओतर्फे डेटा ऑफर्स सुद्धा देण्यात येणार आहेत,या फोनसो बजीओ तरफे डेटॉऑफ सुद्धा देण्या देणारआहीत,26.79,77.78,0,4.83
sample_00549,D:\marathi-asr\data\vistaar_benchmarks\kathbath_noisy\marathi\wavs\844424932330053-980-f.wav,यामुळे महापालिकेकडे वेतन देण्यासाठी निधी नसल्याचे सांगून कामगारांचे वेतन देण्यास टाळाटाळ करण्यात येत आहे,यामुळे महापाणी किकडे वेतन देण्यासाठी निधी नसल्याचे सांगून कामगा्ांचे पिदन देण्यास काराटरळ करण्यात येत आहेत,यामुळे महापालिकेकडे वेतन देण्यासाठी निधी नसल्याचे सांगून कामगारांचे वेतन देण्यास टाळाटाळ करण्यात येत आहे,यामुळे महापाणी किकडे वेतन देण्यासाठी निधी नसल्याचे सांगून कामगा्ांचे पिदन देण्यास काराटरळ करण्यात येत आहेत,11.54,42.86,0,7.89
sample_00550,D:\marathi-asr\data\vistaar_benchmarks\kathbath_noisy\marathi\wavs\844424932311875-980-f.wav,उदयनराजेंच्या या भाषणावर आता पोलिस खाते नेमकी काय भुमिका घेणार याकडे सर्वांचे लक्ष लागले आहे,जरनराजीनचे भाषनवराता पोलिस खाते नेमकिका भूमिका घेणार याकडे सर्वांचे लक्ष लागले आहे,उदयनराजेंच्या या भाषणावर आता पोलिस खाते नेमकी काय भुमिका घेणार याकडे सर्वांचे लक्ष लागले आहे,जरनराजीनचे भाषनवराता पोलिस खाते नेमकिका भूमिका घेणार याकडे सर्वांचे लक्ष लागले आहे,20.65,46.67,0,7.45
sample_00551,D:\marathi-asr\data\vistaar_benchmarks\kathbath_noisy\marathi\wavs\844424931130701-933-f.wav,ठाणे ग्रामीण क्राईम शाखेने या हत्येचा अखेर छडा लावला,थाने ग्रामिक गाईन शाखेर हया हातेचा अके छसरा लावला,ठाणे ग्रामीण क्राईम शाखेने या हत्येचा अखेर छडा लावला,थाने ग्रामिक गाईन शाखेर हया हातेचा अके छसरा लावला,34.62,88.89,0,3.72
sample_00552,D:\marathi-asr\data\vistaar_benchmarks\kathbath_noisy\marathi\wavs\844424931570580-236-f.wav,या वेळी विविध देशांच्या नेत्यांसह पंतप्रधान नरेंद्र मोदी उपस्थित होते,यावेळी विविध देशांच्या नित्यांच पंतप्रधान नरेंदरमुदी उपास्तिक होते,या वेळी विविध देशांच्या नेत्यांसह पंतप्रधान नरेंद्र मोदी उपस्थित होते,यावेळी विविध देशांच्या नित्यांच पंतप्रधान नरेंदरमुदी उपास्तिक होते,14.49,60.0,0,6.76
sample_00553,D:\marathi-asr\data\vistaar_benchmarks\kathbath_noisy\marathi\wavs\844424932484439-573-f.wav,या नाटकांचे इंग्रजी तसंच इतर अनेक भारतीय भाषांमध्ये अनुवाद झाले आहेत,या नाटकांचे अंग्रेजी तसनस इतर अनेक भारतीय भाशांमध्ये अनुवात झाले आहेत,या नाटकांचे इंग्रजी तसंच इतर अनेक भारतीय भाषांमध्ये अनुवाद झाले आहेत,या नाटकांचे अंग्रेजी तसनस इतर अनेक भारतीय भाशांमध्ये अनुवात झाले आहेत,8.82,36.36,0,7.71
sample_00554,D:\marathi-asr\data\vistaar_benchmarks\kathbath_noisy\marathi\wavs\844424931570533-236-f.wav,राजकुमार हिरानीच्या या चित्रपटात शाहरुख खान आणि करीना कपूर खान बर्याच कालवधीनंतर एकत्र दिसणार आहेत,"रातकुमार हिराणीच्या या किट्रपटा , शारजखान आणि करिणा सपूरखान बर्याच चालावजीनंतर एकत्र दिसणार आहेत",राजकुमार हिरानीच्या या चित्रपटात शाहरुख खान आणि करीना कपूर खान बर्याच कालवधीनंतर एकत्र दिसणार आहेत,रातकुमार हिराणीच्या या किट्रपटा शारजखान आणि करिणा सपूरखान बर्याच चालावजीनंतर एकत्र दिसणार आहेत,16.33,60.0,0,8.36
sample_00555,D:\marathi-asr\data\vistaar_benchmarks\kathbath_noisy\marathi\wavs\844424932311912-980-f.wav,या निवडणुकीमध्ये स्वाभीमानी पक्ष आणि शेतकरी कामगार पक्षांच्या कामगिरीवर विजयीची सूत्र विसंबून आहेत,एिवडडुकीमध्ये स्वाभिम ाणि पक्ष आणि शेतकरी कांगार पाक्शाच्या कामगीरीवर विजयीची सूत्र वि संबून आहेत,या निवडणुकीमध्ये स्वाभीमानी पक्ष आणि शेतकरी कामगार पक्षांच्या कामगिरीवर विजयीची सूत्र विसंबून आहेत,एिवडडुकीमध्ये स्वाभिम ाणि पक्ष आणि शेतकरी कांगार पाक्शाच्या कामगीरीवर विजयीची सूत्र वि संबून आहेत,15.31,61.54,0,7.36
sample_00556,D:\marathi-asr\data\vistaar_benchmarks\kathbath_noisy\marathi\wavs\844424931570535-236-f.wav,अनेक शाळांतील विद्यार्थ्यांची खासगी रिक्षा आणि इतर वाहनांतून असुरक्षित वाहतूक करण्यात येत आहे,अनेक शाळआरतील विद्या्ज्यांची खाजगीरिक्षा आणि इतर वाहनातून असुरक्षित ाहतोक करण्याचेत आहे,अनेक शाळांतील विद्यार्थ्यांची खासगी रिक्षा आणि इतर वाहनांतून असुरक्षित वाहतूक करण्यात येत आहे,अनेक शाळआरतील विद्या्ज्यांची खाजगीरिक्षा आणि इतर वाहनातून असुरक्षित ाहतोक करण्याचेत आहे,12.9,61.54,0,6.59
sample_00557,D:\marathi-asr\data\vistaar_benchmarks\kathbath_noisy\marathi\wavs\844424932828577-933-f.wav,मात्र तरललैंगिक किंवा भारतापुरते बोलायचे तर हिजडे हे दोन्ही नसतात,मात्रत तर लैंगी किंवा भारतापूर्ते गोलायचे तर अिजडे व गोही नसतात,मात्र तरललैंगिक किंवा भारतापुरते बोलायचे तर हिजडे हे दोन्ही नसतात,मात्रत तर लैंगी किंवा भारतापूर्ते गोलायचे तर अिजडे व गोही नसतात,20.0,80.0,0,6.04
sample_00558,D:\marathi-asr\data\vistaar_benchmarks\kathbath_noisy\marathi\wavs\844424932311851-980-f.wav,या पाहणीत दोषी आढळणाऱ्या कंपन्यांवर तसेच विविध प्रकल्पांवर प्रदूषण नियंत्रण कायद्यानुसार कारवाई केली जाते,आपा आणि दुशी आढळणा्या कंपन्यांवरतस स विविध प्रकाल् पांबर प्रदूषत नियंत्रण कायद्ानुसार कार्वाह केली जाते,या पाहणीत दोषी आढळणाऱ्या कंपन्यांवर तसेच विविध प्रकल्पांवर प्रदूषण नियंत्रण कायद्यानुसार कारवाई केली जाते,आपा आणि दुशी आढळणा्या कंपन्यांवरतस स विविध प्रकाल् पांबर प्रदूषत नियंत्रण कायद्ानुसार कार्वाह केली जाते,19.81,78.57,0,7.55
sample_00559,D:\marathi-asr\data\vistaar_benchmarks\kathbath_noisy\marathi\wavs\844424932372211-132-f.wav,१९९५ मध्ये इम्रान खान यांनी जेमिमा गोल्डस्मिथ नावाच्या ब्रिटिश पत्रकार महिलेशी विवाह केला होता,एकोळिश पंचनमध्ये इम्राणखान्यनी जेमिम गोलस्मित नावाच्या प्रिटीश पप्रकार महिलेशी विवाहा केला होता,१९९५ मध्ये इम्रान खान यांनी जेमिमा गोल्डस्मिथ नावाच्या ब्रिटिश पत्रकार महिलेशी विवाह केला होता,एकोळिश पंचनमध्ये इम्राणखान्यनी जेमिम गोलस्मित नावाच्या प्रिटीश पप्रकार महिलेशी विवाहा केला होता,24.47,71.43,0,8.89
sample_00560,D:\marathi-asr\data\vistaar_benchmarks\kathbath_noisy\marathi\wavs\844424930834525-954-f.wav,सोळा वर्षीय काटनीस एव्हर्डेन आपल्या वडिलांना एका खाण अपघातात मरण पावले आहे,शोळ्यावर्षीय फाय्ड्रोन्स एवगेम आपल्या घडीलांना एका खन अपखातात मरण टावले आहे,सोळा वर्षीय काटनीस एव्हर्डेन आपल्या वडिलांना एका खाण अपघातात मरण पावले आहे,शोळ्यावर्षीय फाय्ड्रोन्स एवगेम आपल्या घडीलांना एका खन अपखातात मरण टावले आहे,32.43,66.67,0,6.57
sample_00561,D:\marathi-asr\data\vistaar_benchmarks\kathbath_noisy\marathi\wavs\844424932330084-980-f.wav,तुम्ही टीव्हीवर ऐकलं असेल की अमेरिकेचे राष्ट्राध्यक्ष डोनाल्ड ट्रम्प भारतात आले होते,टिव्वरेइकल सेल कियअमेरिकेचे राष्ट्रात दिक्ष डोणालच्रम भारतात आले होते,तुम्ही टीव्हीवर ऐकलं असेल की अमेरिकेचे राष्ट्राध्यक्ष डोनाल्ड ट्रम्प भारतात आले होते,टिव्वरेइकल सेल कियअमेरिकेचे राष्ट्रात दिक्ष डोणालच्रम भारतात आले होते,32.14,75.0,0,5.78
sample_00562,D:\marathi-asr\data\vistaar_benchmarks\kathbath_noisy\marathi\wavs\844424932330058-980-f.wav,श्रेयस अय्यर आणि सूर्यकुमार यादव या दोघांच्यात मोठी स्पर्धा असेल,श्रळ्यास अययर आणि सूर्यकुमार या दो या दोखांच्यात मोठीस पर्धा असेल,श्रेयस अय्यर आणि सूर्यकुमार यादव या दोघांच्यात मोठी स्पर्धा असेल,श्रळ्यास अययर आणि सूर्यकुमार या दो या दोखांच्यात मोठीस पर्धा असेल,14.06,70.0,0,5.57
sample_00563,D:\marathi-asr\data\vistaar_benchmarks\kathbath_noisy\marathi\wavs\844424930875880-954-f.wav,यावर्षी उत्तीर्ण झालेल्या विदयार्थ्यांनी व्यवसायच्या आणि संशोधनाच्या दृष्टीने प्रयत्न करणे गरजेचे आहे,या वर्षी उत्पर्न झालेल्या विद्यार्थनांनी व्यवसायाचा आणि संशोधनाचा दृष्टने प्रायत्न करणे गरजेचे आहे,यावर्षी उत्तीर्ण झालेल्या विदयार्थ्यांनी व्यवसायच्या आणि संशोधनाच्या दृष्टीने प्रयत्न करणे गरजेचे आहे,या वर्षी उत्पर्न झालेल्या विद्यार्थनांनी व्यवसायाचा आणि संशोधनाचा दृष्टने प्रायत्न करणे गरजेचे आहे,13.86,66.67,0,8.5
sample_00564,D:\marathi-asr\data\vistaar_benchmarks\kathbath_noisy\marathi\wavs\844424932823399-715-f.wav,इन्स्टंट मेसेजिंग अँप्लिकेशन नुकतंच तयार केलं असून त्याचं नाव बीम मेसेंजर आहे,इसटट ्मिसिंचिंग अप्लिकेशन सुक्तच तयार केलो असून त्याचा नाव बिन मेसिंटर आहे,इन्स्टंट मेसेजिंग अँप्लिकेशन नुकतंच तयार केलं असून त्याचं नाव बीम मेसेंजर आहे,इसटट ्मिसिंचिंग अप्लिकेशन सुक्तच तयार केलो असून त्याचा नाव बिन मेसिंटर आहे,24.68,66.67,0,6.32
sample_00565,D:\marathi-asr\data\vistaar_benchmarks\kathbath_noisy\marathi\wavs\844424930875917-954-f.wav,याचं कारण त्यांनी कीमोथेरपी आणि सर्जरीसारख्या पारंपारिक उपचारांऐवजी कॅन्सरच्या दुसऱ्या पर्यायी चिकित्सांवर अधिक विश्वास ठेवला,जयाचा कारम त्यांनी किंव थेरिपी आणि सरजरी सारख्या पारंपारिक उचरा न वजी कॅन्सरच्या दुसरया पर्यारे चिकयसापमाकवर अधिक विश्वास ठेवला,याचं कारण त्यांनी कीमोथेरपी आणि सर्जरीसारख्या पारंपारिक उपचारांऐवजी कॅन्सरच्या दुसऱ्या पर्यायी चिकित्सांवर अधिक विश्वास ठेवला,जयाचा कारम त्यांनी किंव थेरिपी आणि सरजरी सारख्या पारंपारिक उचरा न वजी कॅन्सरच्या दुसरया पर्यारे चिकयसापमाकवर अधिक विश्वास ठेवला,19.84,80.0,0,10.17
sample_00566,D:\marathi-asr\data\vistaar_benchmarks\kathbath_noisy\marathi\wavs\844424932337197-809-f.wav,यातच जारकीहोळी बंधूंनी काँग्रेस वरिष्ठांसमोर काही अटी ठेवल्या असून त्या पूर्ण करण्याची मागणी केली आहे,यापच जारकीमुडीबधू कॉमिस ्परिस्टांसकाही अजी ठेवल्यासता पोर्णतण्याची मागणी केल आहे,यातच जारकीहोळी बंधूंनी काँग्रेस वरिष्ठांसमोर काही अटी ठेवल्या असून त्या पूर्ण करण्याची मागणी केली आहे,यापच जारकीमुडीबधू कॉमिस ्परिस्टांसकाही अजी ठेवल्यासता पोर्णतण्याची मागणी केल आहे,35.64,86.67,0,14.72
sample_00567,D:\marathi-asr\data\vistaar_benchmarks\kathbath_noisy\marathi\wavs\844424932828559-933-f.wav,राज्यात करोनामुळे चिंतेचं वातावरण असताना त्यात अशी अस्थिरता निर्माण होता कामा नये,राज्यात कोरूनामुळे चिमतेचा वातावरण नसताना त्यात अशी असलेता निर्माण होता कामा नये,राज्यात करोनामुळे चिंतेचं वातावरण असताना त्यात अशी अस्थिरता निर्माण होता कामा नये,राज्यात कोरूनामुळे चिमतेचा वातावरण नसताना त्यात अशी असलेता निर्माण होता कामा नये,11.11,33.33,0,6.08
sample_00568,D:\marathi-asr\data\vistaar_benchmarks\kathbath_noisy\marathi\wavs\844424930573297-737-f.wav,तसेच नुकतीच अंघोळ झाल्यानंतर हातात ओली चड्डी घेऊन ते घरभर फिरत होते,तसस नमुक्ते चांगळ झाल्यानंतर हातात ओलीचा डे घेऊन ते घरबर फेरात होते,तसेच नुकतीच अंघोळ झाल्यानंतर हातात ओली चड्डी घेऊन ते घरभर फिरत होते,तसस नमुक्ते चांगळ झाल्यानंतर हातात ओलीचा डे घेऊन ते घरबर फेरात होते,25.37,58.33,0,5.46
sample_00569,D:\marathi-asr\data\vistaar_benchmarks\kathbath_noisy\marathi\wavs\844424930573385-737-f.wav,क्रिकेट इतकेच वेड कबड्डीने गेल्या काही वर्षांमध्ये संपूर्ण जगाला लावले आहे,क्रिकटितते ्वेळी कंपडीने गेल्या काही वर्षांमध्ये संपूळाचजागाला लावले आहे,क्रिकेट इतकेच वेड कबड्डीने गेल्या काही वर्षांमध्ये संपूर्ण जगाला लावले आहे,क्रिकटितते ्वेळी कंपडीने गेल्या काही वर्षांमध्ये संपूळाचजागाला लावले आहे,21.62,54.55,0,5.71
sample_00570,D:\marathi-asr\data\vistaar_benchmarks\kathbath_noisy\marathi\wavs\844424932262384-809-f.wav,विराट कोहलीच्या एका इन्स्टाग्राम पोस्टला मिळते एवढी मोठी रक्कम,विरातखरीच्या एकांसटोद्रा पोस लांबिळते येवलीही रक्काम,विराट कोहलीच्या एका इन्स्टाग्राम पोस्टला मिळते एवढी मोठी रक्कम,विरातखरीच्या एकांसटोद्रा पोस लांबिळते येवलीही रक्काम,41.94,100.0,0,6.18
sample_00571,D:\marathi-asr\data\vistaar_benchmarks\kathbath_noisy\marathi\wavs\844424932266712-980-f.wav,भाजप नेत्यांनी या विषयावरून राज्य सरकारवर निशाणा साधला आहे,भाज्प लेतरनियाविशावरून गराज्या सरकारवर निशाना साधला आहे,भाजप नेत्यांनी या विषयावरून राज्य सरकारवर निशाणा साधला आहे,भाज्प लेतरनियाविशावरून गराज्या सरकारवर निशाना साधला आहे,24.14,66.67,0,4.83
sample_00572,D:\marathi-asr\data\vistaar_benchmarks\kathbath_noisy\marathi\wavs\844424932823358-715-f.wav,बालसाहित्य पुरस्कार १४ नोव्हेंबर रोजी होणाऱ्या एका कार्यक्रमात प्रदान केले जातील,बारसाहित्य पुरस्कर चौदा न हेंबर रोजी होणा्या एका कार्य क्रमात प्रदान केले जातील,बालसाहित्य पुरस्कार १४ नोव्हेंबर रोजी होणाऱ्या एका कार्यक्रमात प्रदान केले जातील,बारसाहित्य पुरस्कर चौदा न हेंबर रोजी होणा्या एका कार्य क्रमात प्रदान केले जातील,14.81,72.73,0,6.76
sample_00573,D:\marathi-asr\data\vistaar_benchmarks\kathbath_noisy\marathi\wavs\844424932372198-132-f.wav,पुण्यात बलात्कार करून खून करण्यात आलेल्या नयना पुजारीच्या गुन्हेगारांनाही नुकतीच शिक्षा ठोठावण्यात आली आहे,होळ्यापलात तर करून हूनकरण्यात आलेल्या नयैना खुचारीच्या गुन्ेझारांनाही नुक्ती शिक्षा ठहोटवण्या झाली आहे,पुण्यात बलात्कार करून खून करण्यात आलेल्या नयना पुजारीच्या गुन्हेगारांनाही नुकतीच शिक्षा ठोठावण्यात आली आहे,होळ्यापलात तर करून हूनकरण्यात आलेल्या नयैना खुचारीच्या गुन्ेझारांनाही नुक्ती शिक्षा ठहोटवण्या झाली आहे,22.64,71.43,0,7.5
sample_00574,D:\marathi-asr\data\vistaar_benchmarks\kathbath_noisy\marathi\wavs\844424931570563-236-f.wav,मुख्यमंत्री उद्धव ठाकरे यांनी आज राज्याला संबोधित करताना याबाबत उल्लेखही केला,मिख्मंत्री उद्योगठाकडे यांनी आज कराज्याला संबोधित करताना याबाबत मुले खही केला,मुख्यमंत्री उद्धव ठाकरे यांनी आज राज्याला संबोधित करताना याबाबत उल्लेखही केला,मिख्मंत्री उद्योगठाकडे यांनी आज कराज्याला संबोधित करताना याबाबत मुले खही केला,14.29,54.55,0,6.76
sample_00575,D:\marathi-asr\data\vistaar_benchmarks\kathbath_noisy\marathi\wavs\844424932266713-980-f.wav,या घटनेने लोकसभा निवडणुकीच्या तोंडावर कुडाळातील राजकीय वातावरण तापले आहे,या घटणेने लोकसभानिवडमुकीच्या तुंडावर कोडाळाते राजकेय वातावरण टापले आहे,या घटनेने लोकसभा निवडणुकीच्या तोंडावर कुडाळातील राजकीय वातावरण तापले आहे,या घटणेने लोकसभानिवडमुकीच्या तुंडावर कोडाळाते राजकेय वातावरण टापले आहे,12.5,70.0,0,6.25
sample_00576,D:\marathi-asr\data\vistaar_benchmarks\kathbath_noisy\marathi\wavs\844424932266731-980-f.wav,अशाने नात्यातले प्रेम आणि आदर कमी होतो आणि संशय आणि निरादर वाढतो,अशाने नात्यतले प्रिम ानी आधार कमी होते आणि संशय आनि निरादर वाढतत,अशाने नात्यातले प्रेम आणि आदर कमी होतो आणि संशय आणि निरादर वाढतो,अशाने नात्यतले प्रिम ानी आधार कमी होते आणि संशय आनि निरादर वाढतत,15.62,58.33,0,5.85
sample_00577,D:\marathi-asr\data\vistaar_benchmarks\kathbath_noisy\marathi\wavs\844424930906914-972-f.wav,इंग्रजी भाषेचे आक्रमण आणि तिच्या ज्ञानाचे संपादन अशीदेखील लढाई सुरू आहे,इंग्रजीभाषाचे अकरम आणिच्यानााचे संत्पादन अशीदेखील झाडाईी सुरूव आहे,इंग्रजी भाषेचे आक्रमण आणि तिच्या ज्ञानाचे संपादन अशीदेखील लढाई सुरू आहे,इंग्रजीभाषाचे अकरम आणिच्यानााचे संत्पादन अशीदेखील झाडाईी सुरूव आहे,28.17,81.82,0,7.08
sample_00578,D:\marathi-asr\data\vistaar_benchmarks\kathbath_noisy\marathi\wavs\844424930875883-954-f.wav,परंतु हे सर्व गुणधर्म वेगवेगळ्या देशांच्या आणि युवकांच्या लाखो तरुणांना दिल्या जात आहेत,परंतू हे सर्व कूण धर्म वेगवेगळ्या देशांचा आणि यिवकांच्या लाकू तरणांना दिल्या जात आहेत,परंतु हे सर्व गुणधर्म वेगवेगळ्या देशांच्या आणि युवकांच्या लाखो तरुणांना दिल्या जात आहेत,परंतू हे सर्व कूण धर्म वेगवेगळ्या देशांचा आणि यिवकांच्या लाकू तरणांना दिल्या जात आहेत,11.49,53.85,0,6.85
sample_00579,D:\marathi-asr\data\vistaar_benchmarks\kathbath_noisy\marathi\wavs\844424931030047-933-f.wav,मुंबई महानगरपालिकेच्या वतीनं हे औषध धारावी आणि वरळी कोळीवाड्यातील नागरिकांना देण्यात येणार आहे,पपई वाहानागर पानिकीच्या व्तीना ही औष गाराधी आणि भरळी सोळी वाढतीन डागरी कर्ला वेण्यात येदार आहे,मुंबई महानगरपालिकेच्या वतीनं हे औषध धारावी आणि वरळी कोळीवाड्यातील नागरिकांना देण्यात येणार आहे,पपई वाहानागर पानिकीच्या व्तीना ही औष गाराधी आणि भरळी सोळी वाढतीन डागरी कर्ला वेण्यात येदार आहे,34.04,107.69,0,7.89
sample_00580,D:\marathi-asr\data\vistaar_benchmarks\kathbath_noisy\marathi\wavs\844424932828544-933-f.wav,या प्रकरणी घोटी पोलीस ठाण्यात चोरीचा गुन्हा दाखल करण्यात आला आहे,याप्रकरनी घोटी पोलिसान्या चोरीचा गु्हा दाकल करण्यात आला आहे,या प्रकरणी घोटी पोलीस ठाण्यात चोरीचा गुन्हा दाखल करण्यात आला आहे,याप्रकरनी घोटी पोलिसान्या चोरीचा गु्हा दाकल करण्यात आला आहे,14.06,54.55,0,4.43
sample_00581,D:\marathi-asr\data\vistaar_benchmarks\kathbath_noisy\marathi\wavs\844424932330026-980-f.wav,वीजदेयक थकित नसल्याचे प्रमाणपत्र सादर करीत नाहीत तोपर्यंत यांच्या निवासस्थानाचा ताबा संबंधित यंत्रणाही घेणार नाही,विरदे थकीत नसल्याचे प्रमाणपत्र सादरकरित नाही तो पर्यंत याच्या निवास्थनाच ताबा संबंधित यंत्रणाही घेणार ना,वीजदेयक थकित नसल्याचे प्रमाणपत्र सादर करीत नाहीत तोपर्यंत यांच्या निवासस्थानाचा ताबा संबंधित यंत्रणाही घेणार नाही,विरदे थकीत नसल्याचे प्रमाणपत्र सादरकरित नाही तो पर्यंत याच्या निवास्थनाच ताबा संबंधित यंत्रणाही घेणार ना,13.27,60.0,0,9.15
sample_00582,D:\marathi-asr\data\vistaar_benchmarks\kathbath_noisy\marathi\wavs\844424931130745-933-f.wav,दुसरं म्हणजे सरकारच्या असंवेदनशील भूमिकेमुळे काश्मिरी जनतेत पाकिस्तानबद्दल सहानुभूती निर्माण होत असल्याचं खोऱ्यात दिसतं,दुसाम्ध्ये सत्त्राच्या असंमवेगल शीअर भुमिकेमुळे काशमीच्यातेल पाकेचाला बद्द सहार गत्ती दीर्भाणो कसल्याचया पुड्यात दिसत,दुसरं म्हणजे सरकारच्या असंवेदनशील भूमिकेमुळे काश्मिरी जनतेत पाकिस्तानबद्दल सहानुभूती निर्माण होत असल्याचं खोऱ्यात दिसतं,दुसाम्ध्ये सत्त्राच्या असंमवेगल शीअर भुमिकेमुळे काशमीच्यातेल पाकेचाला बद्द सहार गत्ती दीर्भाणो कसल्याचया पुड्यात दिसत,42.5,100.0,0,7.64
sample_00583,D:\marathi-asr\data\vistaar_benchmarks\kathbath_noisy\marathi\wavs\844424930875913-954-f.wav,जेारदार पावसामुळे रेल्वे आणि वाहतूक सेवेवर परिणाम झाला होता,जोरदार पावसामुळे रेलवे आणि वाहतूक सेवेवर परिणाम झाला होता,जेारदार पावसामुळे रेल्वे आणि वाहतूक सेवेवर परिणाम झाला होता,जोरदार पावसामुळे रेलवे आणि वाहतूक सेवेवर परिणाम झाला होता,5.08,22.22,0,4.76
sample_00584,D:\marathi-asr\data\vistaar_benchmarks\kathbath_noisy\marathi\wavs\844424930875833-954-f.wav,त्यानंतर या नराधम पित्याने आपल्याच मुलीवर वारंवार अत्याचार केले,त्यानंतर या नराधं पिकाने आपल्ाच मोणीेवर वारमर अत्याचार केले,त्यानंतर या नराधम पित्याने आपल्याच मुलीवर वारंवार अत्याचार केले,त्यानंतर या नराधं पिकाने आपल्ाच मोणीेवर वारमर अत्याचार केले,17.46,55.56,0,6.01
sample_00585,D:\marathi-asr\data\vistaar_benchmarks\kathbath_noisy\marathi\wavs\844424932372235-132-f.wav,पीडित मुलींच्या कुटुंबीयांनी तक्रार केल्यानंतर कोथरुड पोलिसांनी या प्रकरणात गुन्हा दाखल केला,पीडीत मुलींच्या कुटुंबियाणे तक्रार केल्यानंतर कोथरोडपोलिसांनी या प्रकाळ्णात गुला ाखल केला,पीडित मुलींच्या कुटुंबीयांनी तक्रार केल्यानंतर कोथरुड पोलिसांनी या प्रकरणात गुन्हा दाखल केला,पीडीत मुलींच्या कुटुंबियाणे तक्रार केल्यानंतर कोथरोडपोलिसांनी या प्रकाळ्णात गुला ाखल केला,15.22,58.33,0,7.48
sample_00586,D:\marathi-asr\data\vistaar_benchmarks\kathbath_noisy\marathi\wavs\844424932823384-715-f.wav,या चार जणांच्या टोळीने एका बोगस कंपनीच्या नावाने बनावट स्टॅम्प पेपर तयार केले होते,्याचार जनाच्या दो एकभूकस कंपनी जनावानीबनाव स टॅकपेपर तयार केले होते,या चार जणांच्या टोळीने एका बोगस कंपनीच्या नावाने बनावट स्टॅम्प पेपर तयार केले होते,्याचार जनाच्या दो एकभूकस कंपनी जनावानीबनाव स टॅकपेपर तयार केले होते,32.93,78.57,0,6.46
sample_00587,D:\marathi-asr\data\vistaar_benchmarks\kathbath_noisy\marathi\wavs\844424930906953-972-f.wav,त्यांना दिलेल्या थांब्यापासून इतर रिक्षाचालकांना येण्यास परवानगी राहणार नाही,त्यांना दिलेल्या थांबड्यापासून इतरक्ष चालकांना येण्यास परवानगी रहणार नाही,त्यांना दिलेल्या थांब्यापासून इतर रिक्षाचालकांना येण्यास परवानगी राहणार नाही,त्यांना दिलेल्या थांबड्यापासून इतरक्ष चालकांना येण्यास परवानगी रहणार नाही,7.89,44.44,0,6.39
sample_00588,D:\marathi-asr\data\vistaar_benchmarks\kathbath_noisy\marathi\wavs\844424930868506-933-f.wav,त्यामुळे खरे तर काँग्रेसी नेतेमंडळींनी रात्रीचा दिवस करून निवडणुकीच्या कामाला लागणे गरजेचे होते,तामुळे खरेदताय पॉम्रेसे मिते मलडळेनी रातीचा दिवास करून निवो डुकीच्या कामाणा लागणे गरजचे होते,त्यामुळे खरे तर काँग्रेसी नेतेमंडळींनी रात्रीचा दिवस करून निवडणुकीच्या कामाला लागणे गरजेचे होते,तामुळे खरेदताय पॉम्रेसे मिते मलडळेनी रातीचा दिवास करून निवो डुकीच्या कामाणा लागणे गरजचे होते,25.26,84.62,0,7.01
sample_00589,D:\marathi-asr\data\vistaar_benchmarks\kathbath_noisy\marathi\wavs\844424932311848-980-f.wav,ही माहिती मिळताच पोलिसांनी तातडीने मशिद गाठली आणि रिकामी केली,माहिती मिळताच पोळीसांनी ताताळीने मशीन गाटली आणिरि कामी केली,ही माहिती मिळताच पोलिसांनी तातडीने मशिद गाठली आणि रिकामी केली,माहिती मिळताच पोळीसांनी ताताळीने मशीन गाटली आणिरि कामी केली,19.67,70.0,0,4.81
sample_00590,D:\marathi-asr\data\vistaar_benchmarks\kathbath_noisy\marathi\wavs\844424932262410-809-f.wav,मुलाला शोधण्यासाठी बाहेर पडलेली फॅनी मुलाला त्याच्या बापाबरोबर पाहते आणि तिला आश्चर्य वाटते,मुलाला सोधणयासाठी काही प्रलिनी साण मुलाला त्याच्या बापापेरबरखाते आणितीला आच्चे जवाते,मुलाला शोधण्यासाठी बाहेर पडलेली फॅनी मुलाला त्याच्या बापाबरोबर पाहते आणि तिला आश्चर्य वाटते,मुलाला सोधणयासाठी काही प्रलिनी साण मुलाला त्याच्या बापापेरबरखाते आणितीला आच्चे जवाते,29.67,76.92,0,9.2
sample_00591,D:\marathi-asr\data\vistaar_benchmarks\kathbath_noisy\marathi\wavs\844424932266709-980-f.wav,शरीरात जीवाणू आणि व्हायरसचे प्रवेश टाळण्यासाठी त्यांची त्वचा आणि श्लेष्म पडदा पूर्णपणे विकसित नाहीत,रळात जीवानो आणि भारच्च प्रत काढण्यासाठी महजू मनजा हि श्लेष्ट परदा पूर्ण कमी वुक्सित नाहीत,शरीरात जीवाणू आणि व्हायरसचे प्रवेश टाळण्यासाठी त्यांची त्वचा आणि श्लेष्म पडदा पूर्णपणे विकसित नाहीत,रळात जीवानो आणि भारच्च प्रत काढण्यासाठी महजू मनजा हि श्लेष्ट परदा पूर्ण कमी वुक्सित नाहीत,38.38,92.86,0,6.85
sample_00592,D:\marathi-asr\data\vistaar_benchmarks\kathbath_noisy\marathi\wavs\844424932262392-809-f.wav,हे तंत्रज्ञान काही नकारात्मक वैशिष्ट्ये एकटेच कठीण आहे बॉश,हेतंत्रजञान काही नतारात उत्पशिषष्टी एतटेस कठर नही ्यास,हे तंत्रज्ञान काही नकारात्मक वैशिष्ट्ये एकटेच कठीण आहे बॉश,हेतंत्रजञान काही नतारात उत्पशिषष्टी एतटेस कठर नही ्यास,39.66,88.89,0,8.59
sample_00593,D:\marathi-asr\data\vistaar_benchmarks\kathbath_noisy\marathi\wavs\844424932262446-809-f.wav,विद्यार्थ्यांना अधिक कुशल बनण्यासाठी विद्यापीठ अनुदान आयोग विविध शाखांची अध्यपन निष्पत्ती ठरवत आहे,विद्यार्थांना अधि कृष बनवण्यासाठी विद्यापीठ अनुदा आयुिविधशखांची अध्थपण विश्पत्ती ठरत आहे,विद्यार्थ्यांना अधिक कुशल बनण्यासाठी विद्यापीठ अनुदान आयोग विविध शाखांची अध्यपन निष्पत्ती ठरवत आहे,विद्यार्थांना अधि कृष बनवण्यासाठी विद्यापीठ अनुदा आयुिविधशखांची अध्थपण विश्पत्ती ठरत आहे,19.39,84.62,0,11.33
sample_00594,D:\marathi-asr\data\vistaar_benchmarks\kathbath_noisy\marathi\wavs\844424932828546-933-f.wav,ही छावणी काही महिन्यांपूर्वीच रिकामी करण्यात आली होती,ची छावणी काही महिन्ांपूरवीच रिकामी करण्यात आली होती,ही छावणी काही महिन्यांपूर्वीच रिकामी करण्यात आली होती,ची छावणी काही महिन्ांपूरवीच रिकामी करण्यात आली होती,5.66,25.0,0,3.88
sample_00595,D:\marathi-asr\data\vistaar_benchmarks\kathbath_noisy\marathi\wavs\844424932266665-980-f.wav,कोणत्याही लग्नात एक प्रौढ महिला इकडे तिकडे वावरताना दिसते,कोणत्याही लगनातेक ब्रोड महिला इकले तिकड्े वावरताना दिसते,कोणत्याही लग्नात एक प्रौढ महिला इकडे तिकडे वावरताना दिसते,कोणत्याही लगनातेक ब्रोड महिला इकले तिकड्े वावरताना दिसते,14.04,55.56,0,4.37
sample_00596,D:\marathi-asr\data\vistaar_benchmarks\kathbath_noisy\marathi\wavs\844424930906936-972-f.wav,पोलिसांपुढे दोघांचीही हिंमत खचली आणि त्यांनी आपला गुन्हा कबूल केला,पोलिसानफुडे दोगांची हिमत कसली आणि त्यानी आपला गुनाकाबूल केला,पोलिसांपुढे दोघांचीही हिंमत खचली आणि त्यांनी आपला गुन्हा कबूल केला,पोलिसानफुडे दोगांची हिमत कसली आणि त्यानी आपला गुनाकाबूल केला,21.21,70.0,0,5.71
sample_00597,D:\marathi-asr\data\vistaar_benchmarks\kathbath_noisy\marathi\wavs\844424932262433-809-f.wav,मुलाच्या मोकळ्या असलेल्या नाकपुडीवर बोट ठेवा आणि हलकेच मुलाच्या तोंडात फुंकर घाला,मुलाच्या मोकड्या असलेल्याना पुढीवर मोट ठेवा आणि हलकेच मुलाच्या तोंडात सुलकर झाला,मुलाच्या मोकळ्या असलेल्या नाकपुडीवर बोट ठेवा आणि हलकेच मुलाच्या तोंडात फुंकर घाला,मुलाच्या मोकड्या असलेल्याना पुढीवर मोट ठेवा आणि हलकेच मुलाच्या तोंडात सुलकर झाला,9.88,50.0,0,8.52
sample_00598,D:\marathi-asr\data\vistaar_benchmarks\kathbath_noisy\marathi\wavs\844424932823355-715-f.wav,सर्वोच्च न्यायालयात चांगले आणि निष्णात वकिलांनी युक्तीवाद केला आहे,सर्वोज्चनयाल्यात चांगले आणि मिष्णात व केलाने युक्ति वात केला आहे,सर्वोच्च न्यायालयात चांगले आणि निष्णात वकिलांनी युक्तीवाद केला आहे,सर्वोज्चनयाल्यात चांगले आणि मिष्णात व केलाने युक्ति वात केला आहे,21.21,77.78,0,5.53
sample_00599,D:\marathi-asr\data\vistaar_benchmarks\kathbath_noisy\marathi\wavs\844424930557239-737-f.wav,टूथपेस्ट समजून उंदराच्या विषाने दात घासल्याने एका महिलेला आपला जीव गमवावा लागला आहे,तुत्पे संजत उंदर्ांच्या विषाने ताख घसल्याने एका महिलेला आपला जीवकबागा लागला आहे,टूथपेस्ट समजून उंदराच्या विषाने दात घासल्याने एका महिलेला आपला जीव गमवावा लागला आहे,तुत्पे संजत उंदर्ांच्या विषाने ताख घसल्याने एका महिलेला आपला जीवकबागा लागला आहे,24.1,53.85,0,6.92
sample_00600,D:\marathi-asr\data\vistaar_benchmarks\kathbath_noisy\marathi\wavs\844424932484434-573-f.wav,गडहिंग्लज ही महाराष्ट्रातील एकमेव आयओ नामांकन प्राप्त नगरपालिका असल्याचेही त्यांनी सांगितले,गड झिंगलस ही महाराष्ट्ट्रातील एक वेम आय ओनहा मांकन प्रात्त नगरपालिका असल्याचे घीत त्यानी सांगितले,गडहिंग्लज ही महाराष्ट्रातील एकमेव आयओ नामांकन प्राप्त नगरपालिका असल्याचेही त्यांनी सांगितले,गड झिंगलस ही महाराष्ट्ट्रातील एक वेम आय ओनहा मांकन प्रात्त नगरपालिका असल्याचे घीत त्यानी सांगितले,19.78,109.09,0,9.15
sample_00601,D:\marathi-asr\data\vistaar_benchmarks\kathbath_noisy\marathi\wavs\844424931130725-933-f.wav,आता तत्त्वांसाठी जगणारी अभिनेत्री अशी तिची आणखी एक ओळख निर्माण झाली आहे,आता कत्वांसाठी जंणारी एफेटरी अशी चक्षी आणखीन एक नलीन ओळख विर्भा झाली आहे,आता तत्त्वांसाठी जगणारी अभिनेत्री अशी तिची आणखी एक ओळख निर्माण झाली आहे,आता कत्वांसाठी जंणारी एफेटरी अशी चक्षी आणखीन एक नलीन ओळख विर्भा झाली आहे,32.39,58.33,0,5.69
sample_00602,D:\marathi-asr\data\vistaar_benchmarks\kathbath_noisy\marathi\wavs\844424930573316-737-f.wav,त्यामुळे केसांचे आरोग्य सुधारण्यासाठी ते थंड व सौम्य पाण्याने केस धुवा,तयामुळे किसानचा अग्य उतरण्यासाठी ते थंडवर संल्य पाण्याने केस्थवा,त्यामुळे केसांचे आरोग्य सुधारण्यासाठी ते थंड व सौम्य पाण्याने केस धुवा,तयामुळे किसानचा अग्य उतरण्यासाठी ते थंडवर संल्य पाण्याने केस्थवा,25.71,81.82,0,5.32
sample_00603,D:\marathi-asr\data\vistaar_benchmarks\kathbath_noisy\marathi\wavs\844424931570599-236-f.wav,हळदीच्या चांगल्या उत्पादनासाठी चांगल्या प्रतिचं बेणं असणं गरजेचं असतं,फळदीच्या चांगल्या उत्पादनासाठी चांगल्या प्रतिचा बेणा असना गरजत असतं,हळदीच्या चांगल्या उत्पादनासाठी चांगल्या प्रतिचं बेणं असणं गरजेचं असतं,फळदीच्या चांगल्या उत्पादनासाठी चांगल्या प्रतिचा बेणा असना गरजत असतं,11.59,55.56,0,5.36
sample_00604,D:\marathi-asr\data\vistaar_benchmarks\kathbath_noisy\marathi\wavs\844424931570534-236-f.wav,माध्यमे लोकशाहीचा चौथा स्तंभ असून लोकांपर्यंत सर्वदूर पोहोचण्याचे सुलभ साधन आहे,माध्यमे लोकशाहीचा चौता तंब असून लोकांपर्यंत सर्वधू चण्याचे सुलक साधन आहे,माध्यमे लोकशाहीचा चौथा स्तंभ असून लोकांपर्यंत सर्वदूर पोहोचण्याचे सुलभ साधन आहे,माध्यमे लोकशाहीचा चौता तंब असून लोकांपर्यंत सर्वधू चण्याचे सुलक साधन आहे,13.92,45.45,0,8.89
sample_00605,D:\marathi-asr\data\vistaar_benchmarks\kathbath_noisy\marathi\wavs\844424932311842-980-f.wav,विजयवर्गीय यांची ट्विटर पोस्ट मोठ्या प्रमाणात व्हायरल होत आहे,विजेवर्गी यांरिप्वीटर पोस्ट मोठ्या प्रमाणात वायराल होत आहे,विजयवर्गीय यांची ट्विटर पोस्ट मोठ्या प्रमाणात व्हायरल होत आहे,विजेवर्गी यांरिप्वीटर पोस्ट मोठ्या प्रमाणात वायराल होत आहे,16.39,44.44,0,4.18
sample_00606,D:\marathi-asr\data\vistaar_benchmarks\kathbath_noisy\marathi\wavs\844424930875843-954-f.wav,लांब पल्ल्याचा प्रवास आरामदायी आणि कमी पैशात व्हावा याकरिता प्रवासी रेल्वेला सर्वाधिक पसंती देतात,लांब पल्याचा प्रवास आरमदाई आणि कमी पैशात वावा याकरिता प्रवाशी रेलेला सर्वादायिक पसंती देतात,लांब पल्ल्याचा प्रवास आरामदायी आणि कमी पैशात व्हावा याकरिता प्रवासी रेल्वेला सर्वाधिक पसंती देतात,लांब पल्याचा प्रवास आरमदाई आणि कमी पैशात वावा याकरिता प्रवाशी रेलेला सर्वादायिक पसंती देतात,13.4,42.86,0,8.48
sample_00607,D:\marathi-asr\data\vistaar_benchmarks\kathbath_noisy\marathi\wavs\844424932262411-809-f.wav,म्हणजे पेटल आगीतून त्यांना चालवे लागल्याची बाब या प्रात्यक्षिकात दिसून आली आहे,मजेच पेटि आणि तेता जलदी लगणनेजेवा हया प्रत्यक्षिका दिसा आहे,म्हणजे पेटल आगीतून त्यांना चालवे लागल्याची बाब या प्रात्यक्षिकात दिसून आली आहे,मजेच पेटि आणि तेता जलदी लगणनेजेवा हया प्रत्यक्षिका दिसा आहे,48.72,91.67,0,8.64
sample_00608,D:\marathi-asr\data\vistaar_benchmarks\kathbath_noisy\marathi\wavs\844424932266676-980-f.wav,बटव्यात बुटलेले बुटके बटन्स कोणत्याही मेकअपसह स्त्रियांशी सुसंगत असतील आणि विशिष्ट उत्साहची प्रतिमा देतात,बटवयात गुठलेय डुक्तेय मातयास कोणत्याही िकट सास्त्रीयांश्या संसंबत असतील आणि विशेष्ट उत्चाची प्रथणा देतत,बटव्यात बुटलेले बुटके बटन्स कोणत्याही मेकअपसह स्त्रियांशी सुसंगत असतील आणि विशिष्ट उत्साहची प्रतिमा देतात,बटवयात गुठलेय डुक्तेय मातयास कोणत्याही िकट सास्त्रीयांश्या संसंबत असतील आणि विशेष्ट उत्चाची प्रथणा देतत,32.38,78.57,0,7.83
sample_00609,D:\marathi-asr\data\vistaar_benchmarks\kathbath_noisy\marathi\wavs\844424930906943-972-f.wav,एकू ण ७४ पैकी ९ क्षेत्रांची फे ररचना करून सुधारणा करण्यात आली,एकूणचवर्यात्तर पाकीन क्षेत्राची फेर रचनाकरून सुधारणा करण्यात आली आहे,एकू ण ७४ पैकी ९ क्षेत्रांची फे ररचना करून सुधारणा करण्यात आली,एकूणचवर्यात्तर पाकीन क्षेत्राची फेर रचनाकरून सुधारणा करण्यात आली आहे,36.07,83.33,0,6.73
sample_00610,D:\marathi-asr\data\vistaar_benchmarks\kathbath_noisy\marathi\wavs\844424931570550-236-f.wav,दिल्ली येथे आयोजित परिषदेत त्यांनी एका चर्चासत्राचे अध्यक्षपद भूषविले होते,बेंली एके आयोजी परिषदे त्यांनी एकाच्याच्या सत्राचे अद्यक्षपात भुशाविले होते,दिल्ली येथे आयोजित परिषदेत त्यांनी एका चर्चासत्राचे अध्यक्षपद भूषविले होते,बेंली एके आयोजी परिषदे त्यांनी एकाच्याच्या सत्राचे अद्यक्षपात भुशाविले होते,31.08,80.0,0,6.8
sample_00611,D:\marathi-asr\data\vistaar_benchmarks\kathbath_noisy\marathi\wavs\844424930907004-972-f.wav,अनुभवी गार्डनर्स एक लसीकरण कसे करावे अनेक मार्ग माहीत आहे,अनुगली झाडन एकच नसीतरण कसे करावे अनेक मार्ग माहित आहे,अनुभवी गार्डनर्स एक लसीकरण कसे करावे अनेक मार्ग माहीत आहे,अनुगली झाडन एकच नसीतरण कसे करावे अनेक मार्ग माहित आहे,21.05,50.0,0,5.41
sample_00612,D:\marathi-asr\data\vistaar_benchmarks\kathbath_noisy\marathi\wavs\844424931130673-933-f.wav,रावसाहेब दानवे यांनी शेतकऱ्यांचा अपमान केला असल्याची टोकेची झोड देखील उठली आहे,प्रावसायक दानरी ादे शेतक्यांचा पमान केलाअसल्याची टिकेची झोड देखी नउटली आहे,रावसाहेब दानवे यांनी शेतकऱ्यांचा अपमान केला असल्याची टोकेची झोड देखील उठली आहे,प्रावसायक दानरी ादे शेतक्यांचा पमान केलाअसल्याची टिकेची झोड देखी नउटली आहे,24.05,83.33,0,5.13
sample_00613,D:\marathi-asr\data\vistaar_benchmarks\kathbath_noisy\marathi\wavs\844424932311938-980-f.wav,संबंधित महिलेने २२ आठवड्यांनंतर सोनोग्राफी केल्यानंतर गर्भामध्ये अनेक व्यंग असल्याचे डॉक्टरांच्या लक्षात आले,अंब्तित मजीनभागी साठवण्यानंतर सवलूग्राफी केल्यानंतर गरभामध्ये अनेक बँग असल्याचे डक्ा्यांचया लक्षात आले,संबंधित महिलेने २२ आठवड्यांनंतर सोनोग्राफी केल्यानंतर गर्भामध्ये अनेक व्यंग असल्याचे डॉक्टरांच्या लक्षात आले,अंब्तित मजीनभागी साठवण्यानंतर सवलूग्राफी केल्यानंतर गरभामध्ये अनेक बँग असल्याचे डक्ा्यांचया लक्षात आले,25.93,61.54,0,7.85
sample_00614,D:\marathi-asr\data\vistaar_benchmarks\kathbath_noisy\marathi\wavs\844424931130688-933-f.wav,यापूर्वीही मनसेने मराठी चित्रपटांना थिएटर आणि प्राईम टाइम मिळावा यासाठी आंदोलने केली आहेत,यापूर्वीही मतसेनी वराटीची त पटाला ही एकर आणि प्राइम ताही मिळावा यासाठी आंतुलोणी केली आहेत,यापूर्वीही मनसेने मराठी चित्रपटांना थिएटर आणि प्राईम टाइम मिळावा यासाठी आंदोलने केली आहेत,यापूर्वीही मतसेनी वराटीची त पटाला ही एकर आणि प्राइम ताही मिळावा यासाठी आंतुलोणी केली आहेत,26.97,69.23,0,6.04
sample_00615,D:\marathi-asr\data\vistaar_benchmarks\kathbath_noisy\marathi\wavs\844424932828538-933-f.wav,भाजप मुंबई अध्यक्ष मंगलप्रभात लोढा सलग सहाव्यांदा मलबार हिल मतदारसंघातून विजयी झाले,भाजा मोंबी अर्दे्श मंगल प्रभात लोडा सलक सहाव्यांदा बलबाजील बतता संघातून विजी झाले,भाजप मुंबई अध्यक्ष मंगलप्रभात लोढा सलग सहाव्यांदा मलबार हिल मतदारसंघातून विजयी झाले,भाजा मोंबी अर्दे्श मंगल प्रभात लोडा सलक सहाव्यांदा बलबाजील बतता संघातून विजी झाले,22.89,91.67,0,6.46
sample_00616,D:\marathi-asr\data\vistaar_benchmarks\kathbath_noisy\marathi\wavs\844424930834511-954-f.wav,कारण त्यांनी त्यांचं असं असणं स्वीकारलं होतं म्हणून त्यांना ते निभावता आलं,कारण त्यानी त्यांचा असो असन सिलकारलो होत म्हणून त्यांना तेनी भोता आलो,कारण त्यांनी त्यांचं असं असणं स्वीकारलं होतं म्हणून त्यांना ते निभावता आलं,कारण त्यानी त्यांचा असो असन सिलकारलो होत म्हणून त्यांना तेनी भोता आलो,21.62,75.0,0,5.53
sample_00617,D:\marathi-asr\data\vistaar_benchmarks\kathbath_noisy\marathi\wavs\844424932266689-980-f.wav,तेवढया वेळात या लफंग्यांनी ऑनलाईन खरेदीसाठी वेगवेगळी संकेतस्थळे उघडली व भरपूर खरेदी केली,तेवढ्या वेळा त्याला फंब्यांनी ऑनलाइन खरेदीसाठी वेगवेगळे संख्े स ताडे उघडलीव भरपूर खरेदी केली,तेवढया वेळात या लफंग्यांनी ऑनलाईन खरेदीसाठी वेगवेगळी संकेतस्थळे उघडली व भरपूर खरेदी केली,तेवढ्या वेळा त्याला फंब्यांनी ऑनलाइन खरेदीसाठी वेगवेगळे संख्े स ताडे उघडलीव भरपूर खरेदी केली,19.32,76.92,0,6.48
sample_00618,D:\marathi-asr\data\vistaar_benchmarks\kathbath_noisy\marathi\wavs\844424930906918-972-f.wav,ऑन साइट केस बाहेर पडले नजीकच्या भविष्यात एक नवीन वाढ झाली आहे,ऑमसाइटकेस बाहेरपडली मजिकच्या भविष्ात एक नवीन वाढ झाली आहे,ऑन साइट केस बाहेर पडले नजीकच्या भविष्यात एक नवीन वाढ झाली आहे,ऑमसाइटकेस बाहेरपडली मजिकच्या भविष्ात एक नवीन वाढ झाली आहे,13.11,58.33,0,5.99
sample_00619,D:\marathi-asr\data\vistaar_benchmarks\kathbath_noisy\marathi\wavs\844424932266735-980-f.wav,फॅन्सकडून या व्हिडीओवर कमेंट्स आणि लाइक्सचा वर्षाव होत आहे,फानसकडून या मेळीओ कमेटजाणी लाएकसच वर्षा होत आहे,फॅन्सकडून या व्हिडीओवर कमेंट्स आणि लाइक्सचा वर्षाव होत आहे,फानसकडून या मेळीओ कमेटजाणी लाएकसच वर्षा होत आहे,32.76,66.67,0,4.92
sample_00620,D:\marathi-asr\data\vistaar_benchmarks\kathbath_noisy\marathi\wavs\844424930557217-737-f.wav,९ डिसेंबर रोजी लक्ष्मी लॉन्स येथे चिंतन शिबीर होत आहे,नवडीसेंगरूो जे लक्षमेलोनसे तेचीग तन शिवेस होत आहे,९ डिसेंबर रोजी लक्ष्मी लॉन्स येथे चिंतन शिबीर होत आहे,नवडीसेंगरूो जे लक्षमेलोनसे तेचीग तन शिवेस होत आहे,45.28,80.0,0,5.39
sample_00621,D:\marathi-asr\data\vistaar_benchmarks\kathbath_noisy\marathi\wavs\844424931570543-236-f.wav,नागरीकांनी नाल्यामध्ये अथवा गटारीमध्ये कचरा व प्लॅस्टिक टाकू नये,नाकरिकानी नाल्यामध्ये अत्वा गटारीमध्ये कत्रा प्रासकिक टाकू नये,नागरीकांनी नाल्यामध्ये अथवा गटारीमध्ये कचरा व प्लॅस्टिक टाकू नये,नाकरिकानी नाल्यामध्ये अत्वा गटारीमध्ये कत्रा प्रासकिक टाकू नये,20.31,55.56,0,6.46
sample_00622,D:\marathi-asr\data\vistaar_benchmarks\kathbath_noisy\marathi\wavs\844424932311899-980-f.wav,अन्वय नाईक आत्महत्या प्रकरणाच्या पार्श्वभूमीवर अर्णब गोस्वामी गेल्या अनेक दिवसांपासून चांगलेच अडचणीत सापडले आहेत,हरवयनाय खात्मत्त प्रकरणाच्या पारशवभु्मीवर अर्न नाईन गेल्या अनेक दिवसांपासून चांगले सडचनिक सापडले आहेत,अन्वय नाईक आत्महत्या प्रकरणाच्या पार्श्वभूमीवर अर्णब गोस्वामी गेल्या अनेक दिवसांपासून चांगलेच अडचणीत सापडले आहेत,हरवयनाय खात्मत्त प्रकरणाच्या पारशवभु्मीवर अर्न नाईन गेल्या अनेक दिवसांपासून चांगले सडचनिक सापडले आहेत,25.89,57.14,0,8.13
sample_00623,D:\marathi-asr\data\vistaar_benchmarks\kathbath_noisy\marathi\wavs\844424932266755-980-f.wav,यातून अनेकदा आलेल्या नैराश्येतून आत्महत्येचाही विचार डोके वर काढतो,प्रातुन अनेक दालेल्या नैरा शेतून आतमत्तेचाही विचार डोख्यवर काढतो,यातून अनेकदा आलेल्या नैराश्येतून आत्महत्येचाही विचार डोके वर काढतो,प्रातुन अनेक दालेल्या नैरा शेतून आतमत्तेचाही विचार डोख्यवर काढतो,24.24,88.89,0,5.46
sample_00624,D:\marathi-asr\data\vistaar_benchmarks\kathbath_noisy\marathi\wavs\844424932372243-132-f.wav,व्हिवो कंपनीचा तगडा आणि खिशाला परवडणारा नवा स्मार्टफोन भारतीय बाजारात येतोय,तुमबू कंपनीचा तगडा आणि किशाला परवडणारा नवासमा कोन भारती पक शतो,व्हिवो कंपनीचा तगडा आणि खिशाला परवडणारा नवा स्मार्टफोन भारतीय बाजारात येतोय,तुमबू कंपनीचा तगडा आणि किशाला परवडणारा नवासमा कोन भारती पक शतो,32.0,63.64,0,6.43
sample_00625,D:\marathi-asr\data\vistaar_benchmarks\kathbath_noisy\marathi\wavs\844424932262443-809-f.wav,आत्ताही घाऊक बाजारात हापूस आंब्याच्या २५ ते ३० हजार पेट्यांची आवक होत आहे,आताएखाळेय बाजारात हपोसंदाच्या तंचेस्थेतीस हजारपेठींची आवरत आहे,आत्ताही घाऊक बाजारात हापूस आंब्याच्या २५ ते ३० हजार पेट्यांची आवक होत आहे,आताएखाळेय बाजारात हपोसंदाच्या तंचेस्थेतीस हजारपेठींची आवरत आहे,47.95,84.62,0,9.47
sample_00626,D:\marathi-asr\data\vistaar_benchmarks\kathbath_noisy\marathi\wavs\844424932330042-980-f.wav,ही हाणामारी जवळपास १५ ते २० मिनिटे सुरू होती,ही हाना मारी जगवळ पाच पंधरातेव्वीस निनिटी सुरू होती,ही हाणामारी जवळपास १५ ते २० मिनिटे सुरू होती,ही हाना मारी जगवळ पाच पंधरातेव्वीस निनिटी सुरू होती,38.64,66.67,0,4.32
sample_00627,D:\marathi-asr\data\vistaar_benchmarks\kathbath_noisy\marathi\wavs\844424932828566-933-f.wav,ते रिंगण युद्ध किंवा खेळायला मदत राजकीय संघर्ष नाही,नैनिंकर वुद्ध किंवा केळयाला मदत राजेकील समर्षण नाही,ते रिंगण युद्ध किंवा खेळायला मदत राजकीय संघर्ष नाही,नैनिंकर वुद्ध किंवा केळयाला मदत राजेकील समर्षण नाही,29.41,66.67,0,4.2
sample_00628,D:\marathi-asr\data\vistaar_benchmarks\kathbath_noisy\marathi\wavs\844424930834578-954-f.wav,आॅलिम्पिक पात्रता फेरीच्या अंतिम तारखेपूर्वी आठ स्पर्धा होणार आहेत,अवलंपीक कात्रता पेळीच्या अंतयमतातेपूर्वी आठ स्परधा ह्हणार आहे,आॅलिम्पिक पात्रता फेरीच्या अंतिम तारखेपूर्वी आठ स्पर्धा होणार आहेत,अवलंपीक कात्रता पेळीच्या अंतयमतातेपूर्वी आठ स्परधा ह्हणार आहे,25.76,88.89,0,5.64
sample_00629,D:\marathi-asr\data\vistaar_benchmarks\kathbath_noisy\marathi\wavs\844424931130724-933-f.wav,यंदा जानेवारी महिन्यापासून दुष्काळ पाचवीला पुजलेला असल्याप्रमाणे ठाण मांडून बसला आहे,मंदा चानेवारी महिन्यापासून दुष्का पाचवीला पूजलेला असल्या प्रमाणे धान मातून मसला आहे,यंदा जानेवारी महिन्यापासून दुष्काळ पाचवीला पुजलेला असल्याप्रमाणे ठाण मांडून बसला आहे,मंदा चानेवारी महिन्यापासून दुष्का पाचवीला पूजलेला असल्या प्रमाणे धान मातून मसला आहे,11.9,81.82,0,6.2
sample_00630,D:\marathi-asr\data\vistaar_benchmarks\kathbath_noisy\marathi\wavs\844424931570566-236-f.wav,त्यामध्येही श्री गुरूदेवदत्त कन्स्ट्रक्शन या ठेकेदारानेच निविदा दरापेक्षा लघुत्तम दर सादर केला,त्यामध्येही श्वीगृदेद् अंस्प्रक्षण या टिकेदारानी निविधादरापेक्षा लगुर्तंदर सादर केला,त्यामध्येही श्री गुरूदेवदत्त कन्स्ट्रक्शन या ठेकेदारानेच निविदा दरापेक्षा लघुत्तम दर सादर केला,त्यामध्येही श्वीगृदेद् अंस्प्रक्षण या टिकेदारानी निविधादरापेक्षा लगुर्तंदर सादर केला,25.53,66.67,0,9.1
sample_00631,D:\marathi-asr\data\vistaar_benchmarks\kathbath_noisy\marathi\wavs\844424931130675-933-f.wav,यावेळी पहिल्यांदाच युवासेना प्रमुख आदित्य ठाकरे वरळी मतदारसंघातून निवडणूक लढवत आहेत,यावेळी पहिल्यांदा शिंवा सेला प्रमुख अधिक्य ठाक्रे वरळी मतूदा संघातू निवण लडवत आहेत,यावेळी पहिल्यांदाच युवासेना प्रमुख आदित्य ठाकरे वरळी मतदारसंघातून निवडणूक लढवत आहेत,यावेळी पहिल्यांदा शिंवा सेला प्रमुख अधिक्य ठाक्रे वरळी मतूदा संघातू निवण लडवत आहेत,20.48,81.82,0,6.25
sample_00632,D:\marathi-asr\data\vistaar_benchmarks\kathbath_noisy\marathi\wavs\844424931570559-236-f.wav,यावेळी न्यायालयाने त्याला सहा दिवसांच्या पोलीस कोठडी सुनावली आहे,या वेळी ्याया लयाने त्याला सहा दिवसांच्या पोलिस कोटडी सुनावली आहे,यावेळी न्यायालयाने त्याला सहा दिवसांच्या पोलीस कोठडी सुनावली आहे,या वेळी ्याया लयाने त्याला सहा दिवसांच्या पोलिस कोटडी सुनावली आहे,7.81,66.67,0,5.83
sample_00633,D:\marathi-asr\data\vistaar_benchmarks\kathbath_noisy\marathi\wavs\844424930875867-954-f.wav,मात्र ह्या दोन्हीही बस थांब्यांना पक्षाच्या झेंड्याचा रंग दिला असल्याचे केलेल्या पोस्ट व्हायरल झाल्या आहेत,मात्र ्या दोन्ही ही बस्थांबांना पक्षाच्या झेंड्यांचा रमगदिला असल्याचे केलेल्या पोष्ठवायरल झाल्या आहेत,मात्र ह्या दोन्हीही बस थांब्यांना पक्षाच्या झेंड्याचा रंग दिला असल्याचे केलेल्या पोस्ट व्हायरल झाल्या आहेत,मात्र ्या दोन्ही ही बस्थांबांना पक्षाच्या झेंड्यांचा रमगदिला असल्याचे केलेल्या पोष्ठवायरल झाल्या आहेत,12.26,60.0,0,8.61
sample_00634,D:\marathi-asr\data\vistaar_benchmarks\kathbath_noisy\marathi\wavs\844424932266693-980-f.wav,त्यामुळे बुध्दीजीविच नव्हे तर तळागाळातील कष्टकरी जनतेवरही वर्तमानपत्राचा पगडा आहे,त्यापुळे कुं्ती जीवीस नो्े तर तळाकणातील कष्टकरी जगतेवरही वर्तमानपत्राचा पकडा आहे,त्यामुळे बुध्दीजीविच नव्हे तर तळागाळातील कष्टकरी जनतेवरही वर्तमानपत्राचा पगडा आहे,त्यापुळे कुं्ती जीवीस नो्े तर तळाकणातील कष्टकरी जगतेवरही वर्तमानपत्राचा पकडा आहे,17.28,70.0,0,6.43
sample_00635,D:\marathi-asr\data\vistaar_benchmarks\kathbath_noisy\marathi\wavs\844424930875915-954-f.wav,या प्रवासी सेवेसाठी नरिमन पॉइंट इथे जेट्टी उभारणं गरजेचं आहे,या प्रवाशी सेवेसाठी नारीमन पांडट इ्िजे.टी उपारणं गरजेच आहे,या प्रवासी सेवेसाठी नरिमन पॉइंट इथे जेट्टी उभारणं गरजेचं आहे,या प्रवाशी सेवेसाठी नारीमन पांडट इ्िजे टी उपारणं गरजेच आहे,21.67,70.0,0,5.43
sample_00636,D:\marathi-asr\data\vistaar_benchmarks\kathbath_noisy\marathi\wavs\844424932484418-573-f.wav,या सिरीयल नंबरमध्ये नंबर आणि इंग्लिश अक्षरांचा देखील समावेश आहे,या सिरियल नंबरमध्ये नंबर आणि इं्रीश अक्षरांच्या देखील समावेश आहे,या सिरीयल नंबरमध्ये नंबर आणि इंग्लिश अक्षरांचा देखील समावेश आहे,या सिरियल नंबरमध्ये नंबर आणि इं्रीश अक्षरांच्या देखील समावेश आहे,9.52,30.0,0,6.27
sample_00637,D:\marathi-asr\data\vistaar_benchmarks\kathbath_noisy\marathi\wavs\844424930834582-954-f.wav,पुस्तकात समाविष्ट अकरा सामर्थ्यशाली स्त्रियांपैकी पाचजणी नोबेल पुरस्काराने गौरवण्यात आलेल्या आहेत,पुस्तकात समाविष्ट अक्रा सामार्थेशाली स्त्रियांपैकी पाच झणे नोबाल पुरोस्काराणे गौरवण्यात आलेले आहेत,पुस्तकात समाविष्ट अकरा सामर्थ्यशाली स्त्रियांपैकी पाचजणी नोबेल पुरस्काराने गौरवण्यात आलेल्या आहेत,पुस्तकात समाविष्ट अक्रा सामार्थेशाली स्त्रियांपैकी पाच झणे नोबाल पुरोस्काराणे गौरवण्यात आलेले आहेत,13.4,63.64,0,9.1
sample_00638,D:\marathi-asr\data\vistaar_benchmarks\kathbath_noisy\marathi\wavs\844424932484385-573-f.wav,हे आश्चर्य व्यक्त करावे असे वाटले म्हणून हा धागा उघडला आहे,हे आश्चरी व्यक्त करावे असे वाटले म्हणून हाधागा उघडला आहे,हे आश्चर्य व्यक्त करावे असे वाटले म्हणून हा धागा उघडला आहे,हे आश्चरी व्यक्त करावे असे वाटले म्हणून हाधागा उघडला आहे,5.17,27.27,0,5.92
sample_00639,D:\marathi-asr\data\vistaar_benchmarks\kathbath_noisy\marathi\wavs\844424930906962-972-f.wav,या धर्माला स्वतंत्र धर्म म्हणून मान्यता देण्यासाठी देशभरातील लिंगायत धर्म रस्त्यावर उतरला आहे,यादरमाला कपंत्रधर मोदनीत आणि विका केल्यासाठी देश बराते गायत प्रसत्यावर उकरला आहे,या धर्माला स्वतंत्र धर्म म्हणून मान्यता देण्यासाठी देशभरातील लिंगायत धर्म रस्त्यावर उतरला आहे,यादरमाला कपंत्रधर मोदनीत आणि विका केल्यासाठी देश बराते गायत प्रसत्यावर उकरला आहे,39.78,92.31,0,8.5
sample_00640,D:\marathi-asr\data\vistaar_benchmarks\kathbath_noisy\marathi\wavs\844424932311889-980-f.wav,राफेल विमानांची क्षमता केवळ संख्यात्मक मोजता येणार नाही तर गुणात्मक क्षमता देखील लक्षात घ्यावी लागेल,राफील विमानांचे क्षमता केवळ संख्यात्मक मोसता यनार नाही तर गणात ्मक्षामता देखील लक्षात घ्यावी लागेल,राफेल विमानांची क्षमता केवळ संख्यात्मक मोजता येणार नाही तर गुणात्मक क्षमता देखील लक्षात घ्यावी लागेल,राफील विमानांचे क्षमता केवळ संख्यात्मक मोसता यनार नाही तर गणात ्मक्षामता देखील लक्षात घ्यावी लागेल,10.0,40.0,0,6.25
sample_00641,D:\marathi-asr\data\vistaar_benchmarks\kathbath_noisy\marathi\wavs\844424930834528-954-f.wav,तेंदूचे फळ सुकवून ठेवतात आणि इतर महिन्यात गोड म्हणून खातात,तेंदूचे फळ सुकवून ठेवतात आणि इतर महिन्यात गोड म्हणून खाता,तेंदूचे फळ सुकवून ठेवतात आणि इतर महिन्यात गोड म्हणून खातात,तेंदूचे फळ सुकवून ठेवतात आणि इतर महिन्यात गोड म्हणून खाता,1.72,10.0,0,4.95
sample_00642,D:\marathi-asr\data\vistaar_benchmarks\kathbath_noisy\marathi\wavs\844424932330097-980-f.wav,पिंपळगाव रोठा गावातून आलेल्या खंडोबा पालखीचे स्वागत देवस्थानच्या वतीने अध्यक्ष अॅड,पिंपर्गव रोठा गावातून आलेल्या थंडोघा पालकीचे स्वागत द्वस्थांच्या बतीने अद्यक्ष आहेत,पिंपळगाव रोठा गावातून आलेल्या खंडोबा पालखीचे स्वागत देवस्थानच्या वतीने अध्यक्ष अॅड,पिंपर्गव रोठा गावातून आलेल्या थंडोघा पालकीचे स्वागत द्वस्थांच्या बतीने अद्यक्ष आहेत,17.07,63.64,0,7.22
sample_00643,D:\marathi-asr\data\vistaar_benchmarks\kathbath_noisy\marathi\wavs\844424931570600-236-f.wav,थंडीत खजूर तसेच खारीक खल्ल्याने त्याचे खूप फायदे आहेत,थंडी खजून तसच खारी खाल्ल्याने त्याचे खूपफायदे आहेत,थंडीत खजूर तसेच खारीक खल्ल्याने त्याचे खूप फायदे आहेत,थंडी खजून तसच खारी खाल्ल्याने त्याचे खूपफायदे आहेत,11.32,77.78,0,4.74
sample_00644,D:\marathi-asr\data\vistaar_benchmarks\kathbath_noisy\marathi\wavs\844424930875904-954-f.wav,या ठिकाणी त्यांनी केलेले नम्रतेचे नाटक अडवाणी यांच्या निर्धाराला धक्का देऊन गेले असावे,या ठिकाणे त्यांनी केलेल्या नंगरतेचे नाटक अडवाणीयांना निर्घराला धक्का देऊन गेले असावे,या ठिकाणी त्यांनी केलेले नम्रतेचे नाटक अडवाणी यांच्या निर्धाराला धक्का देऊन गेले असावे,या ठिकाणे त्यांनी केलेल्या नंगरतेचे नाटक अडवाणीयांना निर्घराला धक्का देऊन गेले असावे,13.95,46.15,0,7.48
sample_00645,D:\marathi-asr\data\vistaar_benchmarks\kathbath_noisy\marathi\wavs\844424932823402-715-f.wav,या सामन्यात बांगलादेशने विजयासाठी १६७ धावांचे लक्ष्य ठेवले होते,या सामन्यात बांगल्या देशने विजेयासाठी एकशे स दुसष्ठ धावांचे लक्ष ठेवले होते,या सामन्यात बांगलादेशने विजयासाठी १६७ धावांचे लक्ष्य ठेवले होते,या सामन्यात बांगल्या देशने विजेयासाठी एकशे स दुसष्ठ धावांचे लक्ष ठेवले होते,30.16,77.78,0,5.67
sample_00646,D:\marathi-asr\data\vistaar_benchmarks\kathbath_noisy\marathi\wavs\844424930834569-954-f.wav,बंदरं ही शहराला आर्थिक सुबत्ता आणतात आणि शहरातले लोकसंख्या शास्त्र ही बदलतात,बंधरी शहराला हआार्थिक सुबता आंतात आणि शहरातले लोक संख्या शास्त्रही बदलतात,बंदरं ही शहराला आर्थिक सुबत्ता आणतात आणि शहरातले लोकसंख्या शास्त्र ही बदलतात,बंधरी शहराला हआार्थिक सुबता आंतात आणि शहरातले लोक संख्या शास्त्रही बदलतात,14.47,66.67,0,6.27
sample_00647,D:\marathi-asr\data\vistaar_benchmarks\kathbath_noisy\marathi\wavs\844424932484392-573-f.wav,प्रौढांमध्ये तीव्र ब्राँकायटिसचे लोक उपायांचे उपचार करण्याच्या पद्धती आहेत,प्राणामध्ये तीरबायकरा टिसचे लोक उपायांचे उपचार करण्याच्या पद्धती आहेत,प्रौढांमध्ये तीव्र ब्राँकायटिसचे लोक उपायांचे उपचार करण्याच्या पद्धती आहेत,प्राणामध्ये तीरबायकरा टिसचे लोक उपायांचे उपचार करण्याच्या पद्धती आहेत,14.86,33.33,0,7.73
sample_00648,D:\marathi-asr\data\vistaar_benchmarks\kathbath_noisy\marathi\wavs\844424930557253-737-f.wav,याविषयी विविध वृत्तपत्र आणि माध्यमांमध्ये बातम्या प्रसिद्ध झाल्या आहेत,याविषय विविध गृत्तपत्र आणि माध्यमानमध्ये बागनाप्रसिद्ध झाल्या आहेत,याविषयी विविध वृत्तपत्र आणि माध्यमांमध्ये बातम्या प्रसिद्ध झाल्या आहेत,याविषय विविध गृत्तपत्र आणि माध्यमानमध्ये बागनाप्रसिद्ध झाल्या आहेत,11.43,55.56,0,5.6
sample_00649,D:\marathi-asr\data\vistaar_benchmarks\kathbath_noisy\marathi\wavs\844424930906998-972-f.wav,पंतप्रधानपदी निवड झाल्यानंतर त्यांनी काल आपल्या मंत्रिमंडळाची घोषणा केली,पंतप्रधानपधीनेअळझार्यांतर त्यानी काल आपल्यामंत्री मंडळाची गोष्णा गेली,पंतप्रधानपदी निवड झाल्यानंतर त्यांनी काल आपल्या मंत्रिमंडळाची घोषणा केली,पंतप्रधानपधीनेअळझार्यांतर त्यानी काल आपल्यामंत्री मंडळाची गोष्णा गेली,20.83,88.89,0,5.43
sample_00650,D:\marathi-asr\data\vistaar_benchmarks\kathbath_noisy\marathi\wavs\844424930573308-737-f.wav,राणी मुखर्जी सध्या आगामी चित्रपट मर्दानीच्या प्रमोशनमध्ये व्यग्र आहे,्राणीमुख जीसाध्या आगामी क्चेतीरा पट मालदाणिच्या प्रमुशांमध्ये वेग्र आहे,राणी मुखर्जी सध्या आगामी चित्रपट मर्दानीच्या प्रमोशनमध्ये व्यग्र आहे,्राणीमुख जीसाध्या आगामी क्चेतीरा पट मालदाणिच्या प्रमुशांमध्ये वेग्र आहे,30.88,88.89,0,5.32
sample_00651,D:\marathi-asr\data\vistaar_benchmarks\kathbath_noisy\marathi\wavs\844424932484383-573-f.wav,मुंबईत २०१७ मध्ये एक हजार ११५ गुन्हे घडले आहेत,मोंबाईीत गोहजा सत्कांमध्ये ए सजा एक चंगला जणे करले आहे,मुंबईत २०१७ मध्ये एक हजार ११५ गुन्हे घडले आहेत,मोंबाईीत गोहजा सत्कांमध्ये ए सजा एक चंगला जणे करले आहे,65.22,111.11,0,5.62
sample_00652,D:\marathi-asr\data\vistaar_benchmarks\kathbath_noisy\marathi\wavs\844424930573321-737-f.wav,मी असंही ऐकलंय की आधीच्या आरएफपी नुसार ऑगस्टा आपोआप डिस्क्वालिफाय होणार होती,मी असही अऐकलय की आदीच्या आरसट्तीनुसाल अवस्ट्या आपॉ डिस्कॉलिफाय फोणान होती,मी असंही ऐकलंय की आधीच्या आरएफपी नुसार ऑगस्टा आपोआप डिस्क्वालिफाय होणार होती,मी असही अऐकलय की आदीच्या आरसट्तीनुसाल अवस्ट्या आपॉ डिस्कॉलिफाय फोणान होती,28.95,75.0,0,6.34
sample_00653,D:\marathi-asr\data\vistaar_benchmarks\kathbath_noisy\marathi\wavs\844424930834540-954-f.wav,शेवंतीला सरासरी १०० रुपये दर मिळाल्याचे काळे यांनी सांगितले,शेवनतिला सरा सरीशमब रुपये दर मिळाल्याचे काळे यांने सांगितले,शेवंतीला सरासरी १०० रुपये दर मिळाल्याचे काळे यांनी सांगितले,शेवनतिला सरा सरीशमब रुपये दर मिळाल्याचे काळे यांने सांगितले,13.56,44.44,0,5.57
sample_00654,D:\marathi-asr\data\vistaar_benchmarks\kathbath_noisy\marathi\wavs\844424932484432-573-f.wav,त्यामुळे तिच्यावर किती मोठ्या प्रमाणात अत्याचार झाले असतील याबाबत अंदाज लावता येईल,त्यामुळे तीच्यावर किती मोठ्या प्रमाणात अत्त्याच्या झाले असतेल याबाबात अंदाज लाभता येईल ?,त्यामुळे तिच्यावर किती मोठ्या प्रमाणात अत्याचार झाले असतील याबाबत अंदाज लावता येईल,त्यामुळे तीच्यावर किती मोठ्या प्रमाणात अत्त्याच्या झाले असतेल याबाबात अंदाज लाभता येईल,10.98,41.67,0,8.41
sample_00655,D:\marathi-asr\data\vistaar_benchmarks\kathbath_noisy\marathi\wavs\844424931570589-236-f.wav,मराठवाड्यात आतापर्यंत पावसामुळे ४४ नागरिक मरण पावले असून सर्वाधिक १८ बळी नांदेडमध्ये गेले आहेत,माराद्वार्या आ्तर आर्कमुळे कौरेच्यास नागरिक मरन पावले असून सर्वाधिक अठराबळे हांडडमध्ये केले आहेत,मराठवाड्यात आतापर्यंत पावसामुळे ४४ नागरिक मरण पावले असून सर्वाधिक १८ बळी नांदेडमध्ये गेले आहेत,माराद्वार्या आ्तर आर्कमुळे कौरेच्यास नागरिक मरन पावले असून सर्वाधिक अठराबळे हांडडमध्ये केले आहेत,37.23,64.29,0,9.47
sample_00656,D:\marathi-asr\data\vistaar_benchmarks\kathbath_noisy\marathi\wavs\844424930573350-737-f.wav,नवी दिल्लीमध्ये भाजपच्या संसदीय समितीची बैठक पार पडली त्यावेळी मोदी बोलत होते,"नवी दिलीमध्ये भाज्यच्या संसधीय समितीचे बैठक पारपड ,त्यावेळी मोदी मूलत होते",नवी दिल्लीमध्ये भाजपच्या संसदीय समितीची बैठक पार पडली त्यावेळी मोदी बोलत होते,नवी दिलीमध्ये भाज्यच्या संसधीय समितीचे बैठक पारपड त्यावेळी मोदी मूलत होते,14.29,58.33,0,6.27
sample_00657,D:\marathi-asr\data\vistaar_benchmarks\kathbath_noisy\marathi\wavs\844424932306062-980-f.wav,त्यामुळे राऊत यांच्या अडचणीत वाढ होण्याची शक्यता निर्माण झाली आहे,मुळे राहू त याच्या अडचनित वाढ होण्याची शाख्यता निर्माण झाली आहे,त्यामुळे राऊत यांच्या अडचणीत वाढ होण्याची शक्यता निर्माण झाली आहे,मुळे राहू त याच्या अडचनित वाढ होण्याची शाख्यता निर्माण झाली आहे,18.46,60.0,0,4.48
sample_00658,D:\marathi-asr\data\vistaar_benchmarks\kathbath_noisy\marathi\wavs\844424930557216-737-f.wav,मात्र अनेक ठिकाणच्या कचऱ्यामध्ये वापरलेले मास्क आढळून आले आहेत,मातल अनेक पिकांच्या कच्यांमध्ये वापरलेले मास आढळून आले आहेत,मात्र अनेक ठिकाणच्या कचऱ्यामध्ये वापरलेले मास्क आढळून आले आहेत,मातल अनेक पिकांच्या कच्यांमध्ये वापरलेले मास आढळून आले आहेत,14.29,44.44,0,5.85
sample_00659,D:\marathi-asr\data\vistaar_benchmarks\kathbath_noisy\marathi\wavs\844424931570544-236-f.wav,काहींनी जुने दागिने मोडून नवीन दागिने तयार करून घेतले आहे,काही मी जुने दागणेम्डून नवीन दागणे तयार करून घेतले आहे,काहींनी जुने दागिने मोडून नवीन दागिने तयार करून घेतले आहे,काही मी जुने दागणेम्डून नवीन दागणे तयार करून घेतले आहे,14.04,50.0,0,5.67
sample_00660,D:\marathi-asr\data\vistaar_benchmarks\kathbath_noisy\marathi\wavs\844424932262401-809-f.wav,सप्टेंबर महिन्यातील केवळ पंधरा दिवसांत तीन दरोड्यांनी जिल्हा हादरुन गेला होता,सप्टेंबर महिन्यातील केवळ पद्धरा दिवसा तीन धरोडानी झिल्न हधरून देला होता,सप्टेंबर महिन्यातील केवळ पंधरा दिवसांत तीन दरोड्यांनी जिल्हा हादरुन गेला होता,सप्टेंबर महिन्यातील केवळ पद्धरा दिवसा तीन धरोडानी झिल्न हधरून देला होता,19.48,54.55,0,8.54
sample_00661,D:\marathi-asr\data\vistaar_benchmarks\kathbath_noisy\marathi\wavs\844424932311865-980-f.wav,बर्याचदा अशा नकारात्मक पैलू संबंध आणि शांत भावनांना नष्ट करू शकतात,ब्याच दाशा नकारात्मक पैिलो संबंध आरिशांत भावणांन नष्ट करू शकतत,बर्याचदा अशा नकारात्मक पैलू संबंध आणि शांत भावनांना नष्ट करू शकतात,ब्याच दाशा नकारात्मक पैिलो संबंध आरिशांत भावणांन नष्ट करू शकतत,16.67,63.64,0,5.06
sample_00662,D:\marathi-asr\data\vistaar_benchmarks\kathbath_noisy\marathi\wavs\844424932484363-573-f.wav,जे जगले ते अनंत यातना भोगत मरणाची वाट पहात राहिले,जे जगले ते अनंतरियातना भोगत मरिणांची वाढ पहात राहिले,जे जगले ते अनंत यातना भोगत मरणाची वाट पहात राहिले,जे जगले ते अनंतरियातना भोगत मरिणांची वाढ पहात राहिले,10.2,40.0,0,5.39
sample_00663,D:\marathi-asr\data\vistaar_benchmarks\kathbath_noisy\marathi\wavs\844424930875864-954-f.wav,त्यामुळे सर्व शिक्षा अभियानांतर्गत शाळास्तरावर विद्यार्थ्यांना नेहमीच्या पद्धतीप्रमाणे पाठ्यपुस्तके मिळणार आहेत,त्यामुळे सर्व शिक्षा बियाणा आंतर्ग शाळास्तरावर विद्यार्थांना नेहमीच्या पद्धती प्रमाणे पाटठ्टपस्त के मिळणार आहेत,त्यामुळे सर्व शिक्षा अभियानांतर्गत शाळास्तरावर विद्यार्थ्यांना नेहमीच्या पद्धतीप्रमाणे पाठ्यपुस्तके मिळणार आहेत,त्यामुळे सर्व शिक्षा बियाणा आंतर्ग शाळास्तरावर विद्यार्थांना नेहमीच्या पद्धती प्रमाणे पाटठ्टपस्त के मिळणार आहेत,11.71,63.64,0,7.92
sample_00664,D:\marathi-asr\data\vistaar_benchmarks\kathbath_noisy\marathi\wavs\844424932262386-809-f.wav,अभिनेता सुशांत सिंग रजपूत या चित्रपटात प्रमुख भूमिकेत पहायला मिळणार आहे,तसससे रचपूत या चेत्रपटा कडरपा विळणार आहे,अभिनेता सुशांत सिंग रजपूत या चित्रपटात प्रमुख भूमिकेत पहायला मिळणार आहे,तसससे रचपूत या चेत्रपटा कडरपा विळणार आहे,53.52,81.82,0,7.96
sample_00665,D:\marathi-asr\data\vistaar_benchmarks\kathbath_noisy\marathi\wavs\844424930573328-737-f.wav,उदाहरणार्थ शरीराच्या आतमध्ये खाद्यपदार्थांची पचनप्रक्रिया होते आणि खाल्लेल्या अन्नाचे पाचक रसामध्ये रुपांतर होते,उदाहणा त शर्जाच्या आतमध्ये खाद्य पदार्थांची पचन क्रिया होते आणि खाल्लेल्या अंनाचे पाचय प्रसामध्ये रूपांतल होते,उदाहरणार्थ शरीराच्या आतमध्ये खाद्यपदार्थांची पचनप्रक्रिया होते आणि खाल्लेल्या अन्नाचे पाचक रसामध्ये रुपांतर होते,उदाहणा त शर्जाच्या आतमध्ये खाद्य पदार्थांची पचन क्रिया होते आणि खाल्लेल्या अंनाचे पाचय प्रसामध्ये रूपांतल होते,15.18,84.62,0,8.87
sample_00666,D:\marathi-asr\data\vistaar_benchmarks\kathbath_noisy\marathi\wavs\844424932262399-809-f.wav,नानोडा येथे घरांमध्ये पाणी शिरल्याने घरातील लोकांना सुरक्षित स्थळी स्थलांतर करण्यात आले,नानोडायिचे घरामध्ये पाणी शिल्याने परातीललोकांना सुरक्षिथडे स्थलांतर करण्यात आली,नानोडा येथे घरांमध्ये पाणी शिरल्याने घरातील लोकांना सुरक्षित स्थळी स्थलांतर करण्यात आले,नानोडायिचे घरामध्ये पाणी शिल्याने परातीललोकांना सुरक्षिथडे स्थलांतर करण्यात आली,16.09,75.0,0,8.75
sample_00667,D:\marathi-asr\data\vistaar_benchmarks\kathbath_noisy\marathi\wavs\844424932484406-573-f.wav,अशात मुंबईतील नाईट लाईफच्या पार्श्वभूमीवर सुरक्षा कशी दिली जाणार आहे याचा विचार केला जावा,अशात मोंबईतील नायट लाइकश्या पाशार्गभुमीवर सुरक्षा कशी दिली जाणार आहे ्याच्या विचार केला जावा,अशात मुंबईतील नाईट लाईफच्या पार्श्वभूमीवर सुरक्षा कशी दिली जाणार आहे याचा विचार केला जावा,अशात मोंबईतील नायट लाइकश्या पाशार्गभुमीवर सुरक्षा कशी दिली जाणार आहे ्याच्या विचार केला जावा,14.61,35.71,0,7.78
sample_00668,D:\marathi-asr\data\vistaar_benchmarks\kathbath_noisy\marathi\wavs\844424930906915-972-f.wav,त्यामुळे मोठ्या प्रमाणात भ्रष्टाचाराला खतपाणी मिळत असल्याचे सांगण्यात येते,त्यामुळे मोठ्या प्रमाणात ब्रेष्टचाराला खत पाणी मिळत असल्याजे साम्या देते,त्यामुळे मोठ्या प्रमाणात भ्रष्टाचाराला खतपाणी मिळत असल्याचे सांगण्यात येते,त्यामुळे मोठ्या प्रमाणात ब्रेष्टचाराला खत पाणी मिळत असल्याजे साम्या देते,13.51,66.67,0,6.43
sample_00669,D:\marathi-asr\data\vistaar_benchmarks\kathbath_noisy\marathi\wavs\844424930557291-737-f.wav,चांगल्या त्वचेचा पातळ पापुद्रा काढून त्यातल्या रंगपेशी प्रयोगशाळेत वेगळ्या केल्या जातात,आांग्या पतीचा पात तापून ्रयाकाडून टाकला रंगपेशे प्रयुकषात वेगळ्या केल्या जातात,चांगल्या त्वचेचा पातळ पापुद्रा काढून त्यातल्या रंगपेशी प्रयोगशाळेत वेगळ्या केल्या जातात,आांग्या पतीचा पात तापून ्रयाकाडून टाकला रंगपेशे प्रयुकषात वेगळ्या केल्या जातात,31.03,72.73,0,6.48
sample_00670,D:\marathi-asr\data\vistaar_benchmarks\kathbath_noisy\marathi\wavs\844424932484354-573-f.wav,मुलीच्या यशाबद्दल तिचे कौतुक करण्यासाठी वडील विजय भिसे घरी पेढे घेऊन आले,मुलीच्या यशा बद्दलतीचे कॉतू करण्यासाठी वडील विजर दिसे घरी पेडे घेऊन आले,मुलीच्या यशाबद्दल तिचे कौतुक करण्यासाठी वडील विजय भिसे घरी पेढे घेऊन आले,मुलीच्या यशा बद्दलतीचे कॉतू करण्यासाठी वडील विजर दिसे घरी पेडे घेऊन आले,12.5,50.0,0,8.66
sample_00671,D:\marathi-asr\data\vistaar_benchmarks\kathbath_noisy\marathi\wavs\844424932372154-132-f.wav,शेवटच्या तासात पुन्हा रिकव्हरी आल्याने बाजार वधारत बंद झाला,शेवटच्या तसा खोणा रिकावर याल्यानी बाजारवतारत पंत चाला,शेवटच्या तासात पुन्हा रिकव्हरी आल्याने बाजार वधारत बंद झाला,शेवटच्या तसा खोणा रिकावर याल्यानी बाजारवतारत पंत चाला,32.2,88.89,0,6.22
sample_00672,D:\marathi-asr\data\vistaar_benchmarks\kathbath_noisy\marathi\wavs\844424932311933-980-f.wav,मात्र प्रदेशाध्यक्ष पदाबाबत पक्ष जो निर्णय घेईल तो आम्हाला मान्य असेल,र प्रदेशांदेक्ष पदाबापत पक्षजन निर्णेघीलतो आम्हालामान्य असेल,मात्र प्रदेशाध्यक्ष पदाबाबत पक्ष जो निर्णय घेईल तो आम्हाला मान्य असेल,र प्रदेशांदेक्ष पदाबापत पक्षजन निर्णेघीलतो आम्हालामान्य असेल,23.19,90.91,0,5.53
sample_00673,D:\marathi-asr\data\vistaar_benchmarks\kathbath_noisy\marathi\wavs\844424932372199-132-f.wav,अतिवृष्टीनंतर ढगाळ वातावरणाचा फटका या वर्षी अतिवृष्टीमुळे शेतकऱ्यांना खरीपाचे म्हणावे तसे उत्पादन मिळालेले नाही,अतिवृष्टीनंतर डगाळ वातावणाचा फटका या वशी अतिमृष्टीकुळे शेतक्यांना खरीपासित म्ळावी असे उत्पादन मिळालेले नाही,अतिवृष्टीनंतर ढगाळ वातावरणाचा फटका या वर्षी अतिवृष्टीमुळे शेतकऱ्यांना खरीपाचे म्हणावे तसे उत्पादन मिळालेले नाही,अतिवृष्टीनंतर डगाळ वातावणाचा फटका या वशी अतिमृष्टीकुळे शेतक्यांना खरीपासित म्ळावी असे उत्पादन मिळालेले नाही,14.29,57.14,0,9.68
sample_00674,D:\marathi-asr\data\vistaar_benchmarks\kathbath_noisy\marathi\wavs\844424930906973-972-f.wav,धनंजय मुंडे यांचे दोन स्वीय सहाय्यक आणि गाडी चालकाला देखील कोरोना झाला होता,प्रणांच्या मूंडेयांचे दोन स्वियसायक आणि गाळेचालकाला दिखील कर झालावते,धनंजय मुंडे यांचे दोन स्वीय सहाय्यक आणि गाडी चालकाला देखील कोरोना झाला होता,प्रणांच्या मूंडेयांचे दोन स्वियसायक आणि गाळेचालकाला दिखील कर झालावते,36.0,84.62,0,6.71
sample_00675,D:\marathi-asr\data\vistaar_benchmarks\kathbath_noisy\marathi\wavs\844424931570579-236-f.wav,या विधानसभा निवडणुकांच्या निमित्ताने भारतीय जनतेने राज्यकर्त्यांना योग्य तो संदेश दिला आहे,या विधांकमाणी व णुकांच्या निमितताने भातीय रजंतेनीय राज्य कर्यांना योग्यतोसंदेश झिला आहे,या विधानसभा निवडणुकांच्या निमित्ताने भारतीय जनतेने राज्यकर्त्यांना योग्य तो संदेश दिला आहे,या विधांकमाणी व णुकांच्या निमितताने भातीय रजंतेनीय राज्य कर्यांना योग्यतोसंदेश झिला आहे,21.11,83.33,0,7.43
sample_00676,D:\marathi-asr\data\vistaar_benchmarks\kathbath_noisy\marathi\wavs\844424932484433-573-f.wav,आपण एक पूर्ण टाकी आणि एक रिक्त आरोप केले जाऊ शकते,आपण एक पोण टाकी आणि एकरित आरोग केले जाऊ शकते,आपण एक पूर्ण टाकी आणि एक रिक्त आरोप केले जाऊ शकते,आपण एक पोण टाकी आणि एकरित आरोग केले जाऊ शकते,14.29,36.36,0,4.92
sample_00677,D:\marathi-asr\data\vistaar_benchmarks\kathbath_noisy\marathi\wavs\844424932330063-980-f.wav,आता ढिगाऱ्याखाली अडकलेल्यांना बाहेर काढण्याचे मोठेच आव्हान यंत्रणांपुढे आहे,आताळ डिगा्या खाली ओळखलेल्यांना बाहेर काढण्याचे मोठते संगवा यंत्रणां पुढे आहे,आता ढिगाऱ्याखाली अडकलेल्यांना बाहेर काढण्याचे मोठेच आव्हान यंत्रणांपुढे आहे,आताळ डिगा्या खाली ओळखलेल्यांना बाहेर काढण्याचे मोठते संगवा यंत्रणां पुढे आहे,21.05,88.89,0,5.48
sample_00678,D:\marathi-asr\data\vistaar_benchmarks\kathbath_noisy\marathi\wavs\844424932311861-980-f.wav,संशयित आरोपी तबरेज मुश्रीफ याला आज गांधीनगर पोलिसांनी अटक करून न्यायालयात हजर केले,सौशध आरोपी करबेज बुष्र ब्याला हाज गांजी लगत पोलेसांनी अटक करून नालात हजर केली,संशयित आरोपी तबरेज मुश्रीफ याला आज गांधीनगर पोलिसांनी अटक करून न्यायालयात हजर केले,सौशध आरोपी करबेज बुष्र ब्याला हाज गांजी लगत पोलेसांनी अटक करून नालात हजर केली,30.49,76.92,0,6.73
sample_00679,D:\marathi-asr\data\vistaar_benchmarks\kathbath_noisy\marathi\wavs\844424932311866-980-f.wav,लेबनॉनमधील संयुक्त राष्ट्राच्या अंतरिम दलाने गुरुवारी याची पुष्टी दिली,लेग लॉनमध्येल सेयिक्त रा्ट्राच्या अंतरिं दलाने गुरवारी याची पोष्टिती,लेबनॉनमधील संयुक्त राष्ट्राच्या अंतरिम दलाने गुरुवारी याची पुष्टी दिली,लेग लॉनमध्येल सेयिक्त रा्ट्राच्या अंतरिं दलाने गुरवारी याची पोष्टिती,22.86,88.89,0,5.06
sample_00680,D:\marathi-asr\data\vistaar_benchmarks\kathbath_noisy\marathi\wavs\844424930557203-737-f.wav,घटना समोर आल्यानंतर एसएसपीनीं पोलीस निरीक्षकाला निलंबित केलं आहे,कटना समुरआल्यानंतर एस.स.पीनी पोलिस्नविक्ष कालानी लंबित केलं आहे,घटना समोर आल्यानंतर एसएसपीनीं पोलीस निरीक्षकाला निलंबित केलं आहे,कटना समुरआल्यानंतर एस स पीनी पोलिस्नविक्ष कालानी लंबित केलं आहे,23.44,88.89,0,6.39
sample_00681,D:\marathi-asr\data\vistaar_benchmarks\kathbath_noisy\marathi\wavs\844424930573314-737-f.wav,सध्याच्या परिस्थितीनुसार या चारही दोषींना वेगवेगळी शिक्षा होऊ शकते,सध्याच्या परिस्थितीनु सारळ्या चाडही दोशींना वेगवेगळी शिक्षा होऊ शकते,सध्याच्या परिस्थितीनुसार या चारही दोषींना वेगवेगळी शिक्षा होऊ शकते,सध्याच्या परिस्थितीनु सारळ्या चाडही दोशींना वेगवेगळी शिक्षा होऊ शकते,7.58,44.44,0,5.18
sample_00682,D:\marathi-asr\data\vistaar_benchmarks\kathbath_noisy\marathi\wavs\844424932311920-980-f.wav,अॅपलला मागे टाकत हुवाई कंपनीने दुसऱ्या स्थानकावर झेप घेतली आहे,आपण ना माझी टाकत उगवडी कंपनीने दुस्या स्ानकावरी शेक घेतली आहे,अॅपलला मागे टाकत हुवाई कंपनीने दुसऱ्या स्थानकावर झेप घेतली आहे,आपण ना माझी टाकत उगवडी कंपनीने दुस्या स्ानकावरी शेक घेतली आहे,26.98,70.0,0,4.83
sample_00683,D:\marathi-asr\data\vistaar_benchmarks\kathbath_noisy\marathi\wavs\844424931570587-236-f.wav,आपल्या जोडीदाराची आपणास योग्य प्रमाणात साथ मिळाल्याने आपण आव्हानांना मोठ्या धैर्याने सामोरे जाऊ शकाल,आपल्या जोडी दाराची आपणा योग्य प्रमाणाचा मिळाल्याने आपण आवानांना मोठ्या दहिजीयाने सामुळे जाऊ शकाल,आपल्या जोडीदाराची आपणास योग्य प्रमाणात साथ मिळाल्याने आपण आव्हानांना मोठ्या धैर्याने सामोरे जाऊ शकाल,आपल्या जोडी दाराची आपणा योग्य प्रमाणाचा मिळाल्याने आपण आवानांना मोठ्या दहिजीयाने सामुळे जाऊ शकाल,15.0,57.14,0,8.27
sample_00684,D:\marathi-asr\data\vistaar_benchmarks\kathbath_noisy\marathi\wavs\844424930906929-972-f.wav,मालगाडीचे अर्धे डब्बे नवी मुंबईच्या दिशेने आले तर मागील पाच डब्बे जलद मार्गावर राहिले,मालगाळीचे अर्लेडंबे नवीन नुबईच्त दिशी झाले तर माझये पाजडबेट जलनमालगावर रआही,मालगाडीचे अर्धे डब्बे नवी मुंबईच्या दिशेने आले तर मागील पाच डब्बे जलद मार्गावर राहिले,मालगाळीचे अर्लेडंबे नवीन नुबईच्त दिशी झाले तर माझये पाजडबेट जलनमालगावर रआही,36.47,92.86,0,6.87
sample_00685,D:\marathi-asr\data\vistaar_benchmarks\kathbath_noisy\marathi\wavs\844424932484378-573-f.wav,जिल्ह्याच्या राजकारणात जिल्हा परिषद व जिल्हा बँक ही दोन महत्त्वाची शक्तिस्थाने आहेत,जीनहाच्या राजकारना जिलहा परिसात वजिधा बांकही दोन महत्वाची शक्षी स्थाने आहेत,जिल्ह्याच्या राजकारणात जिल्हा परिषद व जिल्हा बँक ही दोन महत्त्वाची शक्तिस्थाने आहेत,जीनहाच्या राजकारना जिलहा परिसात वजिधा बांकही दोन महत्वाची शक्षी स्थाने आहेत,27.71,91.67,0,6.97
sample_00686,D:\marathi-asr\data\vistaar_benchmarks\kathbath_noisy\marathi\wavs\844424931218227-933-f.wav,या कार्यक्रमात अतिथी पहिल्या लग्नाच्या पहिल्यावहिल्या मुलाला भेट देण्यास महाग भेटी स्वीकारतात,या कार्यक्रमात खातिकी पहिल्या लगनाच्या पहिल्यावहिल्या मुलाला फेड देण्यास महाग्रेटी सिकारतात,या कार्यक्रमात अतिथी पहिल्या लग्नाच्या पहिल्यावहिल्या मुलाला भेट देण्यास महाग भेटी स्वीकारतात,या कार्यक्रमात खातिकी पहिल्या लगनाच्या पहिल्यावहिल्या मुलाला फेड देण्यास महाग्रेटी सिकारतात,11.83,50.0,0,8.99
sample_00687,D:\marathi-asr\data\vistaar_benchmarks\kathbath_noisy\marathi\wavs\844424932484355-573-f.wav,त्यानुसार आता पोस्टातील अल्पबचत योजनांमध्ये पाचशे व हजार रुपयांच्या जुन्या नोटांचा भरणा करता येणार नाही,या आनुसाहर त्या परोस्तूअल्फबचस योजनामध्ये पाकषेवजार रुपयांचया जुमिय नोप्यांचया बरणाकरता मिळणार नहे,त्यानुसार आता पोस्टातील अल्पबचत योजनांमध्ये पाचशे व हजार रुपयांच्या जुन्या नोटांचा भरणा करता येणार नाही,या आनुसाहर त्या परोस्तूअल्फबचस योजनामध्ये पाकषेवजार रुपयांचया जुमिय नोप्यांचया बरणाकरता मिळणार नहे,35.92,100.0,0,10.24
sample_00688,D:\marathi-asr\data\vistaar_benchmarks\kathbath_noisy\marathi\wavs\844424932828550-933-f.wav,शीख समुदायाचे संत भाईसाहब भजन आणि प्रवचन देत असतात,शीक समुरायाचे संत भायसात बजन आणि प्रवचनदे असतात,शीख समुदायाचे संत भाईसाहब भजन आणि प्रवचन देत असतात,शीक समुरायाचे संत भायसात बजन आणि प्रवचनदे असतात,16.0,66.67,0,4.67
sample_00689,D:\marathi-asr\data\vistaar_benchmarks\kathbath_noisy\marathi\wavs\844424930573303-737-f.wav,गिर्यारोहकांसाठी सर्वात भयानक वर्ष अशी याची नोंद इतिहासात आहे,दुल्या रोकांसाठी सर्वात भराना पर्ष अशि याची नोन इति हासाक आहे,गिर्यारोहकांसाठी सर्वात भयानक वर्ष अशी याची नोंद इतिहासात आहे,दुल्या रोकांसाठी सर्वात भराना पर्ष अशि याची नोन इति हासाक आहे,21.31,88.89,0,5.55
sample_00690,D:\marathi-asr\data\vistaar_benchmarks\kathbath_noisy\marathi\wavs\844424930902674-715-f.wav,गव्हाचे ६६५०३ हेक्टर असून त्यापैकी ११२०३ हेक्टरवर पेरणी झाली,गव्हाची सासष्ट हजारपाचशीटतीन हॅक्टर असून त्यापेक याक्राहजारदून शेतीनॅक्टरवत पेरणी झाली,गव्हाचे ६६५०३ हेक्टर असून त्यापैकी ११२०३ हेक्टरवर पेरणी झाली,गव्हाची सासष्ट हजारपाचशीटतीन हॅक्टर असून त्यापेक याक्राहजारदून शेतीनॅक्टरवत पेरणी झाली,71.67,77.78,0,8.01
sample_00691,D:\marathi-asr\data\vistaar_benchmarks\kathbath_noisy\marathi\wavs\844424930875868-954-f.wav,म्हणूनच अशा पेशंटची योग्य वेळेत लिम्फ नोड बायोप्सी होणे गरजेचे आहे,मनणूनकशयापेशनची योग्य वेेतले बायबसी होणे गरजेचे आहे,म्हणूनच अशा पेशंटची योग्य वेळेत लिम्फ नोड बायोप्सी होणे गरजेचे आहे,मनणूनकशयापेशनची योग्य वेेतले बायबसी होणे गरजेचे आहे,33.33,63.64,0,6.15
sample_00692,D:\marathi-asr\data\vistaar_benchmarks\kathbath_noisy\marathi\wavs\844424932372186-132-f.wav,मानवी संकल्पनांमध्ये बदल करण्यासह या घटकांचे एकत्रिकरण करून कला मध्ये सर्जनशील बदल घडवून आणल्या,मानवी संकल्पलांमते बदल काण्याचा ह्या किटकांचे एकत्रीकारण करून कलामध्ये सरचरशील पदल फडवन ाढल्या,मानवी संकल्पनांमध्ये बदल करण्यासह या घटकांचे एकत्रिकरण करून कला मध्ये सर्जनशील बदल घडवून आणल्या,मानवी संकल्पलांमते बदल काण्याचा ह्या किटकांचे एकत्रीकारण करून कलामध्ये सरचरशील पदल फडवन ाढल्या,23.16,78.57,0,9.61
sample_00693,D:\marathi-asr\data\vistaar_benchmarks\kathbath_noisy\marathi\wavs\844424931218187-933-f.wav,हवामान विभागाने मुंबई आणि ठाणे जिल्ह्यांसाठी ऑरेंज अलर्ट जारी केला आहे,हवामान विभागाने मंबळ अनेठाणे किलल्यासाठी ऑरेंट अलडजारी केला आहे,हवामान विभागाने मुंबई आणि ठाणे जिल्ह्यांसाठी ऑरेंज अलर्ट जारी केला आहे,हवामान विभागाने मंबळ अनेठाणे किलल्यासाठी ऑरेंट अलडजारी केला आहे,21.43,63.64,0,5.99
sample_00694,D:\marathi-asr\data\vistaar_benchmarks\kathbath_noisy\marathi\wavs\844424932372197-132-f.wav,एकेकाळी खलाशी आणि व्यापारी सोडले तर समुद्रकिनाऱ्यावर जाणं तसं बाकी लोकांमध्ये प्रचलित नव्हतं,चेकीकाळी खला शेअरी ्यापारी सोडजे त समुद्र केना्या वळचा ्यवस्थाच्ा बाकी लोकांमध्ये फॅचलित नवतत,एकेकाळी खलाशी आणि व्यापारी सोडले तर समुद्रकिनाऱ्यावर जाणं तसं बाकी लोकांमध्ये प्रचलित नव्हतं,चेकीकाळी खला शेअरी ्यापारी सोडजे त समुद्र केना्या वळचा ्यवस्थाच्ा बाकी लोकांमध्ये फॅचलित नवतत,38.71,92.31,0,7.41
sample_00695,D:\marathi-asr\data\vistaar_benchmarks\kathbath_noisy\marathi\wavs\844424932337116-809-f.wav,असा हा फ्लॉवर चांगला २० मिनिटे तरी ठेवून द्या,असाखापनावर चांगला वीस निनत तरी ठेव का,असा हा फ्लॉवर चांगला २० मिनिटे तरी ठेवून द्या,असाखापनावर चांगला वीस निनत तरी ठेव का,42.22,77.78,0,5.55
sample_00696,D:\marathi-asr\data\vistaar_benchmarks\kathbath_noisy\marathi\wavs\844424932311905-980-f.wav,अभिनेत्री आणि खासदार जया बच्चन यांच्या वक्तव्यानंतर कंगनाने कित्येक ट्वीट करत बच्चन कुटुंबावर निशाणा साधला,द्री आणि खाजदर ज्या बंचन्यांच्यावक्तव्यानंतर तंगनानेक कित्येक क्विट करत वचयन कुटुंबावर विषाना सातला,अभिनेत्री आणि खासदार जया बच्चन यांच्या वक्तव्यानंतर कंगनाने कित्येक ट्वीट करत बच्चन कुटुंबावर निशाणा साधला,द्री आणि खाजदर ज्या बंचन्यांच्यावक्तव्यानंतर तंगनानेक कित्येक क्विट करत वचयन कुटुंबावर विषाना सातला,22.64,73.33,0,7.38
sample_00697,D:\marathi-asr\data\vistaar_benchmarks\kathbath_noisy\marathi\wavs\844424932330068-980-f.wav,कोळशाचा तुकडा एका बुलबुलाचा वापर करुन मोठ्याने ध्वनी करा,कोळशाचा तुकडा एका भुलगुलाचा वापर करून मोठ्यानेद्मली करा,कोळशाचा तुकडा एका बुलबुलाचा वापर करुन मोठ्याने ध्वनी करा,कोळशाचा तुकडा एका भुलगुलाचा वापर करून मोठ्यानेद्मली करा,12.5,44.44,0,4.5
sample_00698,D:\marathi-asr\data\vistaar_benchmarks\kathbath_noisy\marathi\wavs\844424930875862-954-f.wav,स्वच्छतेचे महत्त्व पटवून देण्याची जबाबदारी प्रत्येकाने घेण्याची गरज आहे,स्वच्छतेचे महत्व पठवन देण्यासाठी जवाबदारी प्रत्येकाणे घेण्याची गरज आहे,स्वच्छतेचे महत्त्व पटवून देण्याची जबाबदारी प्रत्येकाने घेण्याची गरज आहे,स्वच्छतेचे महत्व पठवन देण्यासाठी जवाबदारी प्रत्येकाणे घेण्याची गरज आहे,12.68,55.56,0,5.78
sample_00699,D:\marathi-asr\data\vistaar_benchmarks\kathbath_noisy\marathi\wavs\844424930875846-954-f.wav,न्यायालयाचे घटनात्मक हक्कांचे संरक्षण करणे हे कर्तव्य असल्याचे आपल्या आदेशात न्यायालयाने म्हटले आहे,अलयाचे घटात्मक खप्काचे संरक्षण करणे हे करतव्या असल्याचे आपल्या आदेशात न्ाल्याने म्हटले आहे,न्यायालयाचे घटनात्मक हक्कांचे संरक्षण करणे हे कर्तव्य असल्याचे आपल्या आदेशात न्यायालयाने म्हटले आहे,अलयाचे घटात्मक खप्काचे संरक्षण करणे हे करतव्या असल्याचे आपल्या आदेशात न्ाल्याने म्हटले आहे,16.16,38.46,0,7.13
sample_00700,D:\marathi-asr\data\vistaar_benchmarks\kathbath_noisy\marathi\wavs\844424930906944-972-f.wav,परिणामी शासनास जो आर्थिक फटका बसतो तो त्यांना खडयातच टाकणारा असतो,परिणामी शाशनास जो आर्थिक फटका बसतो तो त्यांना खाद्यातच टाकणारा असतो,परिणामी शासनास जो आर्थिक फटका बसतो तो त्यांना खडयातच टाकणारा असतो,परिणामी शाशनास जो आर्थिक फटका बसतो तो त्यांना खाद्यातच टाकणारा असतो,6.15,18.18,0,7.36
sample_00701,D:\marathi-asr\data\vistaar_benchmarks\kathbath_noisy\marathi\wavs\844424932330070-980-f.wav,रणवीर व आलिया या चित्रपटाच्या निमित्ताने पहिल्यांदाच एकत्र काम करणार आहेत,रं्वीर्वा आणिया याचित्र पटाच्या निविततानेम वहिलयंनाचेएकत्रभाम करणार आहेत,रणवीर व आलिया या चित्रपटाच्या निमित्ताने पहिल्यांदाच एकत्र काम करणार आहेत,रं्वीर्वा आणिया याचित्र पटाच्या निविततानेम वहिलयंनाचेएकत्रभाम करणार आहेत,23.29,81.82,0,6.34
sample_00702,D:\marathi-asr\data\vistaar_benchmarks\kathbath_noisy\marathi\wavs\844424932823391-715-f.wav,लांडगे हे शिवसेनेत असले तरी ते असून नसल्यासारखी अशी त्यांची अवस्था झाली आहे,लांडगे हे सिव सेनेत असले तरीते असून नसल्यासारखी अशी त्यांची अवस्थ झाली आहे,लांडगे हे शिवसेनेत असले तरी ते असून नसल्यासारखी अशी त्यांची अवस्था झाली आहे,लांडगे हे सिव सेनेत असले तरीते असून नसल्यासारखी अशी त्यांची अवस्थ झाली आहे,5.33,38.46,0,6.11
sample_00703,D:\marathi-asr\data\vistaar_benchmarks\kathbath_noisy\marathi\wavs\844424932828581-933-f.wav,आपलं घरातलं काम करून या महिला शेतीकडेही तेवढंच लक्षं देत आहेत,आपला घरत न कान करून हया महिला शेतीकडेही चवस सुक्ष देत आहे,आपलं घरातलं काम करून या महिला शेतीकडेही तेवढंच लक्षं देत आहेत,आपला घरत न कान करून हया महिला शेतीकडेही चवस सुक्ष देत आहे,24.59,72.73,0,5.04
sample_00704,D:\marathi-asr\data\vistaar_benchmarks\kathbath_noisy\marathi\wavs\844424931130721-933-f.wav,योग्य रोपांची छाटणी झाडाची छाती टाळण्यासाठी आणि योग्य आकारास प्रोत्साहित करेल,वेगीरुपाची साठी झाडाची छाती काढण्यासाठी आणि मोठी आकारास्तर काही करी,योग्य रोपांची छाटणी झाडाची छाती टाळण्यासाठी आणि योग्य आकारास प्रोत्साहित करेल,वेगीरुपाची साठी झाडाची छाती काढण्यासाठी आणि मोठी आकारास्तर काही करी,35.06,72.73,0,5.53
sample_00705,D:\marathi-asr\data\vistaar_benchmarks\kathbath_noisy\marathi\wavs\844424930573301-737-f.wav,यासह मागील निवडणुकांमध्ये शांतता भंग करणाऱ्यांवर गुन्हे दखल आहेत,या सहमागेल निवणुकांमा देशातता बंग कळणा्यां वगूननी दखल आहेत,यासह मागील निवडणुकांमध्ये शांतता भंग करणाऱ्यांवर गुन्हे दखल आहेत,या सहमागेल निवणुकांमा देशातता बंग कळणा्यां वगूननी दखल आहेत,30.77,77.78,0,5.29
sample_00706,D:\marathi-asr\data\vistaar_benchmarks\kathbath_noisy\marathi\wavs\844424930573389-737-f.wav,संपूर्ण पावसाळा लोटला तरी एकदाही मोठा पाऊस न झाल्याने परिसरातील सर्वच जलस्त्रोत निकामी झाले आहेत,संबूर्ण पावसाळा लोडला तरी एकदाही मोठा पाऊसन झाल्याने परिसरातील सर्व जलस्त्रोत नीकामी झाले आहेत,संपूर्ण पावसाळा लोटला तरी एकदाही मोठा पाऊस न झाल्याने परिसरातील सर्वच जलस्त्रोत निकामी झाले आहेत,संबूर्ण पावसाळा लोडला तरी एकदाही मोठा पाऊसन झाल्याने परिसरातील सर्व जलस्त्रोत नीकामी झाले आहेत,5.21,40.0,0,8.52
sample_00707,D:\marathi-asr\data\vistaar_benchmarks\kathbath_noisy\marathi\wavs\844424930875857-954-f.wav,मला वाटतं की त्यांच्यामध्ये असणाऱ्या कोणत्याही वादावर ते तोडगा शोधतील,मला वाढत की त्यांच्या मध्ये असणारा कोणताही वादावर ते तोडका शोतील,मला वाटतं की त्यांच्यामध्ये असणाऱ्या कोणत्याही वादावर ते तोडगा शोधतील,मला वाढत की त्यांच्या मध्ये असणारा कोणताही वादावर ते तोडका शोतील,14.29,70.0,0,5.15
sample_00708,D:\marathi-asr\data\vistaar_benchmarks\kathbath_noisy\marathi\wavs\844424930906942-972-f.wav,आगामी दोन दिवस काही जिल्ह्यांत मुसळधार पाऊस पडण्याचा इशारा देण्यात आला आहे,आगा मी दयोन दिवस काही जिलक मोस ह जार पाऊस पडण्याचा इशेयरा देण्यात आला आहे,आगामी दोन दिवस काही जिल्ह्यांत मुसळधार पाऊस पडण्याचा इशारा देण्यात आला आहे,आगा मी दयोन दिवस काही जिलक मोस ह जार पाऊस पडण्याचा इशेयरा देण्यात आला आहे,21.62,66.67,0,5.8
sample_00709,D:\marathi-asr\data\vistaar_benchmarks\kathbath_noisy\marathi\wavs\844424930875906-954-f.wav,सर्व शहरी मित्या सोडून एकांतवासात राहायच्या रोमँटिक संकल्पनेचा एका रोमँटिक मितीनेच काटा काढला,सर्वशहरी वित्या सेवू एकांत्वासा प्रहाणारावरा मेपेक संपलतींच्या एका रमांकक वितलीने पाटा काढला,सर्व शहरी मित्या सोडून एकांतवासात राहायच्या रोमँटिक संकल्पनेचा एका रोमँटिक मितीनेच काटा काढला,सर्वशहरी वित्या सेवू एकांत्वासा प्रहाणारावरा मेपेक संपलतींच्या एका रमांकक वितलीने पाटा काढला,37.63,84.62,0,8.03
sample_00710,D:\marathi-asr\data\vistaar_benchmarks\kathbath_noisy\marathi\wavs\844424932311881-980-f.wav,आजमितीस पिण्याच्या पाण्याचा पुरवठा करण्यासाठी पाचशेंपेक्षा अधिक टँकर धावत आहेत,आजनीतीच पिण्याच्या पाण्याचा पुरवठा करण्यासाठी पाचशीपेक्षा अधिक त्यांतर भावत आहेत,आजमितीस पिण्याच्या पाण्याचा पुरवठा करण्यासाठी पाचशेंपेक्षा अधिक टँकर धावत आहेत,आजनीतीच पिण्याच्या पाण्याचा पुरवठा करण्यासाठी पाचशीपेक्षा अधिक त्यांतर भावत आहेत,15.38,40.0,0,6.15
sample_00711,D:\marathi-asr\data\vistaar_benchmarks\kathbath_noisy\marathi\wavs\844424932266660-980-f.wav,त्यामुळे त्या दिवशी मतदान ठवेल्यास कमी मतदान होण्याची शक्यता असायची,त्यामुळे त्या दउशींमध्दान ठेवल्यास कमी मध्दाम हो्याची शक्यता असवी,त्यामुळे त्या दिवशी मतदान ठवेल्यास कमी मतदान होण्याची शक्यता असायची,त्यामुळे त्या दउशींमध्दान ठेवल्यास कमी मध्दाम हो्याची शक्यता असवी,20.9,60.0,0,4.74
sample_00712,D:\marathi-asr\data\vistaar_benchmarks\kathbath_noisy\marathi\wavs\844424931570606-236-f.wav,केंद्रीय समितीच्या बैठकीत पुढील दोन दिवस या सर्व पैलूंवर विचार होणार आहे,केंद्रीय समेतीच्या बँकाकी पुढी दोन दिवस त्या सर्वफायलून वर विचार होणार आहे,केंद्रीय समितीच्या बैठकीत पुढील दोन दिवस या सर्व पैलूंवर विचार होणार आहे,केंद्रीय समेतीच्या बँकाकी पुढी दोन दिवस त्या सर्वफायलून वर विचार होणार आहे,18.06,50.0,0,5.53
sample_00713,D:\marathi-asr\data\vistaar_benchmarks\kathbath_noisy\marathi\wavs\844424931570536-236-f.wav,फुल टू टाइमपास असं या सिनेमाचं वर्णन करणं चुकीचं ठरणार नाही,फोल्टोटाईमपास असयसेने मातावरणान करणा चुकीचा ठरणार नाही,फुल टू टाइमपास असं या सिनेमाचं वर्णन करणं चुकीचं ठरणार नाही,फोल्टोटाईमपास असयसेने मातावरणान करणा चुकीचा ठरणार नाही,30.51,81.82,0,6.01
sample_00714,D:\marathi-asr\data\vistaar_benchmarks\kathbath_noisy\marathi\wavs\844424932828537-933-f.wav,भाईंदरमधील क्वॉरंटाईन केलेल्या नागरिकांना शहरातील एका इमारतीत ठेवण्यात आले आहे,बायंदर मध्रे कॉरं बँकेलेल्या नागरीकांना शहरातीलिकाई मार्ते ठेव्यात आली आहे,भाईंदरमधील क्वॉरंटाईन केलेल्या नागरिकांना शहरातील एका इमारतीत ठेवण्यात आले आहे,बायंदर मध्रे कॉरं बँकेलेल्या नागरीकांना शहरातीलिकाई मार्ते ठेव्यात आली आहे,29.49,90.0,0,6.13
sample_00715,D:\marathi-asr\data\vistaar_benchmarks\kathbath_noisy\marathi\wavs\844424932484373-573-f.wav,थंड पाण्याने मासे धुवून खार्या पाण्याने कोरडी पुसून टाका,थंड पाण् ाणि मासे दोहन खार्या पाण्याने कोडी पोसून टाका,थंड पाण्याने मासे धुवून खार्या पाण्याने कोरडी पुसून टाका,थंड पाण् ाणि मासे दोहन खार्या पाण्याने कोडी पोसून टाका,16.07,55.56,0,5.29
sample_00716,D:\marathi-asr\data\vistaar_benchmarks\kathbath_noisy\marathi\wavs\844424932337136-809-f.wav,पांझरा नदीला पुर आल्यामुळे या फरशीवरील वाहतूक बंद करण्याचा निर्णय जिल्हा प्रशासनाने घेतला आहे,पांजामदीला पोर ाल्यामु्ये लाफ्सीवरी आाते बं्य करण्याचा म जी्ल प्रशासनाने घेतला आहे,पांझरा नदीला पुर आल्यामुळे या फरशीवरील वाहतूक बंद करण्याचा निर्णय जिल्हा प्रशासनाने घेतला आहे,पांजामदीला पोर ाल्यामु्ये लाफ्सीवरी आाते बं्य करण्याचा म जी्ल प्रशासनाने घेतला आहे,31.18,71.43,0,10.05
sample_00717,D:\marathi-asr\data\vistaar_benchmarks\kathbath_noisy\marathi\wavs\844424930875859-954-f.wav,यासाठी त्याने पोस्ट केलेला व्हिडिओ कारणीभूत ठरल्याची चर्चा आहे,यासाठी त्यांने पोष्ट केलेला विळेो कारणी भूतू ठरण्याची चर्चा आहे,यासाठी त्याने पोस्ट केलेला व्हिडिओ कारणीभूत ठरल्याची चर्चा आहे,यासाठी त्यांने पोष्ट केलेला विळेो कारणी भूतू ठरण्याची चर्चा आहे,16.13,66.67,0,5.36
sample_00718,D:\marathi-asr\data\vistaar_benchmarks\kathbath_noisy\marathi\wavs\844424932823352-715-f.wav,प्रथम पूर्ण वाढवलेली यशस्वी भूमिका इतरांकडून पुढे आली,प्रथंपूर्ण वाढवलेली य शस्वी भुमिका इत्रांकडून पुढे आले,प्रथम पूर्ण वाढवलेली यशस्वी भूमिका इतरांकडून पुढे आली,प्रथंपूर्ण वाढवलेली य शस्वी भुमिका इत्रांकडून पुढे आले,11.32,87.5,0,5.2
sample_00719,D:\marathi-asr\data\vistaar_benchmarks\kathbath_noisy\marathi\wavs\844424930868505-933-f.wav,याआधी रोहित शर्माचा दक्षिण आफ्रिकेतला सर्वाधिक स्कोअर २३ रन्स होता,यादिरोिशलमाचा तपशीण अप्ि केतला सर्वाधिक स्कोळ पेवीस रणस होता,याआधी रोहित शर्माचा दक्षिण आफ्रिकेतला सर्वाधिक स्कोअर २३ रन्स होता,यादिरोिशलमाचा तपशीण अप्ि केतला सर्वाधिक स्कोळ पेवीस रणस होता,40.91,80.0,0,6.13
sample_00720,D:\marathi-asr\data\vistaar_benchmarks\kathbath_noisy\marathi\wavs\844424932828580-933-f.wav,या प्रक्रियेला राजकिय रंग देण्याचा काही राजकारण्यांनी प्रयत्न केला,जयासटक्मियेला गागितल्या रंदजलेनाचा काही राजक्यांनानी प्रयत्न केला,या प्रक्रियेला राजकिय रंग देण्याचा काही राजकारण्यांनी प्रयत्न केला,जयासटक्मियेला गागितल्या रंदजलेनाचा काही राजक्यांनानी प्रयत्न केला,36.36,66.67,0,5.11
sample_00721,D:\marathi-asr\data\vistaar_benchmarks\kathbath_noisy\marathi\wavs\844424932311884-980-f.wav,मान्सूनने कारवारपर्यंत मजल मारली असल्याची माहिती हवामान विभागाने दिली,मालसरनि कारवर पर्यंत मजूर मारी असल्याची माहिती हवामान विभागावे बिगा,मान्सूनने कारवारपर्यंत मजल मारली असल्याची माहिती हवामान विभागाने दिली,मालसरनि कारवर पर्यंत मजूर मारी असल्याची माहिती हवामान विभागावे बिगा,20.29,77.78,0,5.74
sample_00722,D:\marathi-asr\data\vistaar_benchmarks\kathbath_noisy\marathi\wavs\844424932372208-132-f.wav,सीएनजी एक किलो गॅस ३९ रुपये तर पेट्रोल एक लिटरसाठी ८० रुपये मोजावे लागतात,सी.एन.जी एक किदोग्ॅस टिकूनचाळीस रुपये तरफेटरोल एक लिटरासाठी ऐं्शी रुपे मोजावे लागता,सीएनजी एक किलो गॅस ३९ रुपये तर पेट्रोल एक लिटरसाठी ८० रुपये मोजावे लागतात,सी एन जी एक किदोग्ॅस टिकूनचाळीस रुपये तरफेटरोल एक लिटरासाठी ऐं्शी रुपे मोजावे लागता,35.62,85.71,0,7.66
sample_00723,D:\marathi-asr\data\vistaar_benchmarks\kathbath_noisy\marathi\wavs\844424931570568-236-f.wav,काँग्रेस आणि राष्ट्रवादीने आपले काही उमेदवार यापूर्वीच जाहीर केले होते,कॉंबगरेस आणि राष्ट्र वादीने आपले काही अमेद्वार यापूर्वीच जाहीर केले होतो,काँग्रेस आणि राष्ट्रवादीने आपले काही उमेदवार यापूर्वीच जाहीर केले होते,कॉंबगरेस आणि राष्ट्र वादीने आपले काही अमेद्वार यापूर्वीच जाहीर केले होतो,11.43,50.0,0,6.06
sample_00724,D:\marathi-asr\data\vistaar_benchmarks\kathbath_noisy\marathi\wavs\844424931570554-236-f.wav,ही माहिती नसल्याने दरातील तफावतीमुळे ग्राहक पेट्रोलपंप चालकांशी हुज्जत घालत असतात,ही माहिती नसल्याने दरातील तफावतीमुळे ग्राहक पेटोल पंप चालकनांची उुधा खालद असतात,ही माहिती नसल्याने दरातील तफावतीमुळे ग्राहक पेट्रोलपंप चालकांशी हुज्जत घालत असतात,ही माहिती नसल्याने दरातील तफावतीमुळे ग्राहक पेटोल पंप चालकनांची उुधा खालद असतात,14.81,45.45,0,7.41
sample_00725,D:\marathi-asr\data\vistaar_benchmarks\kathbath_noisy\marathi\wavs\844424932337208-809-f.wav,सचिन हा जगातील सर्वोत्कृष्ट खेळाडू असून त्याच्या धावांनी त्याने अनेक विक्रम रचले आहेत,सचि हाजगाती सर्वात पृष्ट किडर लस त्याच्या धावां म्हणाडले अनेक विक्रम रसली आहे,सचिन हा जगातील सर्वोत्कृष्ट खेळाडू असून त्याच्या धावांनी त्याने अनेक विक्रम रचले आहेत,सचि हाजगाती सर्वात पृष्ट किडर लस त्याच्या धावां म्हणाडले अनेक विक्रम रसली आहे,28.24,76.92,0,9.13
sample_00726,D:\marathi-asr\data\vistaar_benchmarks\kathbath_noisy\marathi\wavs\844424932828587-933-f.wav,याबाबत चौकशी करून व पंचनामा करून संबंधितांवर गुन्हा दाखल करण्यात आल्याची माहिती उपलब्ध झाली आहे,याबाब चौकशी करून व पांचनमा करून संबंधितांवर गुन्हादाकल करण्यात आल्याची माहिती उपलब्ध झाली आहे,याबाबत चौकशी करून व पंचनामा करून संबंधितांवर गुन्हा दाखल करण्यात आल्याची माहिती उपलब्ध झाली आहे,याबाब चौकशी करून व पांचनमा करून संबंधितांवर गुन्हादाकल करण्यात आल्याची माहिती उपलब्ध झाली आहे,5.26,26.67,0,8.03
sample_00727,D:\marathi-asr\data\vistaar_benchmarks\kathbath_noisy\marathi\wavs\844424932828545-933-f.wav,सरान्स्क या छोट्या शहरांत हे सामने होते होते,सरास या छोट्या शहराहे चामनी होत होते,सरान्स्क या छोट्या शहरांत हे सामने होते होते,सरास या छोट्या शहराहे चामनी होत होते,22.73,62.5,0,3.58
sample_00728,D:\marathi-asr\data\vistaar_benchmarks\kathbath_noisy\marathi\wavs\844424932823376-715-f.wav,या प्रकारे वनवासी आणि अर्जुन दोघेही त्या डुकरावर आपला आपला अधिकार गाजवायला लागले,या प्रकारे बनवासी आणि अर्जूंदोगे त्या डुकरावर आपला अधिकार गाजवायना लागले,या प्रकारे वनवासी आणि अर्जुन दोघेही त्या डुकरावर आपला आपला अधिकार गाजवायला लागले,या प्रकारे बनवासी आणि अर्जूंदोगे त्या डुकरावर आपला अधिकार गाजवायना लागले,16.25,38.46,0,5.99
sample_00729,D:\marathi-asr\data\vistaar_benchmarks\kathbath_noisy\marathi\wavs\844424931130740-933-f.wav,उद्धव ठाकरे यांनी जनतेने दिलेला निकाल स्वीकारणार आसल्याचं म्हटलं आहे,कुटवटाकरे आणि जनतेला दिलीला िकान सिकारनार असल्याच मतला आहे,उद्धव ठाकरे यांनी जनतेने दिलेला निकाल स्वीकारणार आसल्याचं म्हटलं आहे,कुटवटाकरे आणि जनतेला दिलीला िकान सिकारनार असल्याच मतला आहे,38.24,90.0,0,4.39
sample_00730,D:\marathi-asr\data\vistaar_benchmarks\kathbath_noisy\marathi\wavs\844424930875860-954-f.wav,विभागीय उपआयुक्त अर्जुन ओहोळ यांच्या मार्गदर्शनाखाली पथकाने ही कारवाई केली,िबागय उपआयक्त अरजून आहो यांच्या मार्कदर्शानाखाली पतकाणेही कार्वाई केली,विभागीय उपआयुक्त अर्जुन ओहोळ यांच्या मार्गदर्शनाखाली पथकाने ही कारवाई केली,िबागय उपआयक्त अरजून आहो यांच्या मार्कदर्शानाखाली पतकाणेही कार्वाई केली,18.92,80.0,0,6.64
sample_00731,D:\marathi-asr\data\vistaar_benchmarks\kathbath_noisy\marathi\wavs\844424931570585-236-f.wav,एका कंपनीने आपल्या कर्मचाऱ्यांच्या कुटुंबाशी नाते घट्ट करण्यासाठी एक खास प्रयोग केलाय,एका कंपालने आपर कर्मत ता्यांच्या कुटुंबाशी नध्ये घट्ट करण्यासाठी एकख प्रयोग केलाहा,एका कंपनीने आपल्या कर्मचाऱ्यांच्या कुटुंबाशी नाते घट्ट करण्यासाठी एक खास प्रयोग केलाय,एका कंपालने आपर कर्मत ता्यांच्या कुटुंबाशी नध्ये घट्ट करण्यासाठी एकख प्रयोग केलाहा,20.93,66.67,0,6.48
sample_00732,D:\marathi-asr\data\vistaar_benchmarks\kathbath_noisy\marathi\wavs\844424930906989-972-f.wav,अजित पवार यांनी या सभेमध्ये तरुण कार्यकर्त्यांमध्ये जान फुंकण्याचे काम केले,अचिक फवार यानी या सवीमध्ये तरून कार्य करत्या मधीन जान पण्याचे काम केले,अजित पवार यांनी या सभेमध्ये तरुण कार्यकर्त्यांमध्ये जान फुंकण्याचे काम केले,अचिक फवार यानी या सवीमध्ये तरून कार्य करत्या मधीन जान पण्याचे काम केले,24.0,81.82,0,6.18
sample_00733,D:\marathi-asr\data\vistaar_benchmarks\kathbath_noisy\marathi\wavs\844424931570549-236-f.wav,चीनमधील करोना व्हायरस भारतात येऊन आता दोन ते अडीच महिने झाले आहे,चीनमधील करनावायरच भातात येऊन आदा दोनते अडीक महिन्े झाले आहे,चीनमधील करोना व्हायरस भारतात येऊन आता दोन ते अडीच महिने झाले आहे,चीनमधील करनावायरच भातात येऊन आदा दोनते अडीक महिन्े झाले आहे,15.62,66.67,0,5.34
sample_00734,D:\marathi-asr\data\vistaar_benchmarks\kathbath_noisy\marathi\wavs\844424932828532-933-f.wav,तरीही ते कधीच आपल्या घेतलेल्या निर्णयापासून मागे हटले नाहीत,करीही ते कधी स आपल्या घेतलेल्ा निर्यापासून मागी हटले नाही,तरीही ते कधीच आपल्या घेतलेल्या निर्णयापासून मागे हटले नाहीत,करीही ते कधी स आपल्या घेतलेल्ा निर्यापासून मागी हटले नाही,11.86,77.78,0,4.32
sample_00735,D:\marathi-asr\data\vistaar_benchmarks\kathbath_noisy\marathi\wavs\844424930573373-737-f.wav,ऑक्सिजनचा सिलेंडर घेऊन एमआरआय विभागामध्ये गेलेले राजेश हे मशिनच्या विद्युतचुंबकीय क्षेत्राने खेचले गेले,ऑक्सिजचे पटधन घेऊन हे माझ्या विभाकांमध्ये गेलेले ाजेश हे म्हशीनच्या विद्यीत संबकलेखवे घेतले गेले,ऑक्सिजनचा सिलेंडर घेऊन एमआरआय विभागामध्ये गेलेले राजेश हे मशिनच्या विद्युतचुंबकीय क्षेत्राने खेचले गेले,ऑक्सिजचे पटधन घेऊन हे माझ्या विभाकांमध्ये गेलेले ाजेश हे म्हशीनच्या विद्यीत संबकलेखवे घेतले गेले,36.89,76.92,0,8.2
sample_00736,D:\marathi-asr\data\vistaar_benchmarks\kathbath_noisy\marathi\wavs\844424932311845-980-f.wav,त्रिपुराचे आता मुख्यमंत्री कोण होणार याकडे सर्वांचे लक्ष लागून राहिले आहे,इकुराचे आता मुख्य मंत्री गोड होणा्या कडे सर्वांचे लक्षीण लागून राहिली आहे,त्रिपुराचे आता मुख्यमंत्री कोण होणार याकडे सर्वांचे लक्ष लागून राहिले आहे,इकुराचे आता मुख्य मंत्री गोड होणा्या कडे सर्वांचे लक्षीण लागून राहिली आहे,19.18,72.73,0,5.46
sample_00737,D:\marathi-asr\data\vistaar_benchmarks\kathbath_noisy\marathi\wavs\844424931570608-236-f.wav,याच परंपरेचे सत्त्व घेऊन आज आश्वासक काव्यलेखन करणारे नाव म्हणजे सुदाम राठोड,याज परंपर्ेचे तपत घेऊन आत आश्वात कापेलिकन करणारी ना गुध सुराम रातो,याच परंपरेचे सत्त्व घेऊन आज आश्वासक काव्यलेखन करणारे नाव म्हणजे सुदाम राठोड,याज परंपर्ेचे तपत घेऊन आत आश्वात कापेलिकन करणारी ना गुध सुराम रातो,33.33,91.67,0,6.97
sample_00738,D:\marathi-asr\data\vistaar_benchmarks\kathbath_noisy\marathi\wavs\844424930834588-954-f.wav,चक्कर येईल का काय असं वाटायला लागलं,चक्कर येईलका काय अस वाटायला लागला ??,चक्कर येईल का काय असं वाटायला लागलं,चक्कर येईलका काय अस वाटायला लागला,8.57,57.14,0,3.53
sample_00739,D:\marathi-asr\data\vistaar_benchmarks\kathbath_noisy\marathi\wavs\844424931570519-236-f.wav,या खटल्यात देण्यात आलेल्या निकालाचा फेरविचार करण्यात यावा असे सीबीआयचे म्हणणे आहे,या घटल्या घेण्यास आलेल्या पुकाराचा तेरविचार करण्या यावा असे की .बि.आयचे मयी आहे,या खटल्यात देण्यात आलेल्या निकालाचा फेरविचार करण्यात यावा असे सीबीआयचे म्हणणे आहे,या घटल्या घेण्यास आलेल्या पुकाराचा तेरविचार करण्या यावा असे की बि आयचे मयी आहे,22.22,75.0,0,8.61
sample_00740,D:\marathi-asr\data\vistaar_benchmarks\kathbath_noisy\marathi\wavs\844424932266734-980-f.wav,ग्राम पंचायत निकालानंतरचा अजित पवारांचा हा पहिलाच बारामतीचा दौरा आहे,आांपनच्यात निकालानंतर चा अजिट पवारांचा हपहिल्यास बारामत्येचा दौर आहे,ग्राम पंचायत निकालानंतरचा अजित पवारांचा हा पहिलाच बारामतीचा दौरा आहे,आांपनच्यात निकालानंतर चा अजिट पवारांचा हपहिल्यास बारामत्येचा दौर आहे,27.94,80.0,0,5.62
sample_00741,D:\marathi-asr\data\vistaar_benchmarks\kathbath_noisy\marathi\wavs\844424932823341-715-f.wav,इसिसशी संपर्कात राहिल्या प्रकरणी एका महिलेला सर्वोच्च न्यायालयाने सात वर्षांची शिक्षा ठोठावली आहे,इसिसशी संपर्कात रायलेल्या प्रकरनी एका महिलेला सर्वोजच नायालयाने सात वर्षाची चिक्षा घटवले आहे,इसिसशी संपर्कात राहिल्या प्रकरणी एका महिलेला सर्वोच्च न्यायालयाने सात वर्षांची शिक्षा ठोठावली आहे,इसिसशी संपर्कात रायलेल्या प्रकरनी एका महिलेला सर्वोजच नायालयाने सात वर्षाची चिक्षा घटवले आहे,15.46,53.85,0,8.59
sample_00742,D:\marathi-asr\data\vistaar_benchmarks\kathbath_noisy\marathi\wavs\844424932266677-980-f.wav,पोलीसाइडनच्या अनेक मुलांनी अॅलेक्सीोन नावाचा एक प्लायडेड वापरला होता,पोलेीच्या इड्यंच्या अने मुलांनी अलेग झीनदावाचा इट मायडेड वापरलावता,पोलीसाइडनच्या अनेक मुलांनी अॅलेक्सीोन नावाचा एक प्लायडेड वापरला होता,पोलेीच्या इड्यंच्या अने मुलांनी अलेग झीनदावाचा इट मायडेड वापरलावता,35.29,100.0,0,4.81
sample_00743,D:\marathi-asr\data\vistaar_benchmarks\kathbath_noisy\marathi\wavs\844424930875892-954-f.wav,राज्यांना वाटप करण्यात येणारा निधी हा त्या त्या राज्यांच्या विकास आणि दरडोई उत्पन्नानुसार दिला जातो,राज्यांना वाटक करण्यात येणारा निधी हा त्यातया राज्यांचा विकास आणि दरडोईी उत्पन्नानुसार दिला जातो,राज्यांना वाटप करण्यात येणारा निधी हा त्या त्या राज्यांच्या विकास आणि दरडोई उत्पन्नानुसार दिला जातो,राज्यांना वाटक करण्यात येणारा निधी हा त्यातया राज्यांचा विकास आणि दरडोईी उत्पन्नानुसार दिला जातो,6.06,33.33,0,8.2
sample_00744,D:\marathi-asr\data\vistaar_benchmarks\kathbath_noisy\marathi\wavs\844424932823428-715-f.wav,चाळीसगाव आगाराल त्वरित नवीन बसेस मिळल्या नाहीतर भविष्यात मोठी दुर्घटना घडण्याची शक्यता आहे,चाळीचगा सागारातत नवीन पसेस मिळाल्यानातर भविष्यात मोठी दुर्घटना कडण्याची शक्किता आहे,चाळीसगाव आगाराल त्वरित नवीन बसेस मिळल्या नाहीतर भविष्यात मोठी दुर्घटना घडण्याची शक्यता आहे,चाळीचगा सागारातत नवीन पसेस मिळाल्यानातर भविष्यात मोठी दुर्घटना कडण्याची शक्किता आहे,20.0,61.54,0,7.36
sample_00745,D:\marathi-asr\data\vistaar_benchmarks\kathbath_noisy\marathi\wavs\844424932828553-933-f.wav,व्याज वापर नुकसान एकूण रक्कम विरुद्ध जमा केले जाईल,व्याज वापार नुकसान एकून दक्कम विृद्ध जमा केले जाईल,व्याज वापर नुकसान एकूण रक्कम विरुद्ध जमा केले जाईल,व्याज वापार नुकसान एकून दक्कम विृद्ध जमा केले जाईल,10.0,44.44,0,4.11
sample_00746,D:\marathi-asr\data\vistaar_benchmarks\kathbath_noisy\marathi\wavs\844424932372167-132-f.wav,आणि हा इतिहास राष्ट्रवादीच्या हल्लाबोलच्या माध्यमातून झाल्याशिवाय राहणार नाही,आायदा इति ्रास्टरतीच्या हं्ला कोणत्या माध्यमातूल झाल्े किडा रांगला हेल ?,आणि हा इतिहास राष्ट्रवादीच्या हल्लाबोलच्या माध्यमातून झाल्याशिवाय राहणार नाही,आायदा इति ्रास्टरतीच्या हं्ला कोणत्या माध्यमातूल झाल्े किडा रांगला हेल,41.56,111.11,0,6.25
sample_00747,D:\marathi-asr\data\vistaar_benchmarks\kathbath_noisy\marathi\wavs\844424932337135-809-f.wav,आयआयटी मद्रास कॅम्पसमध्ये बुधवारी गर्लफ्रेंडवरून दोन तरुणांमध्ये तुफान राडा झाला,आय..डी मत्रास्कॅमपसमध्ये दूधवरी गलचूनवरून देम करिमामध्ये तुफान झाडा झाला,आयआयटी मद्रास कॅम्पसमध्ये बुधवारी गर्लफ्रेंडवरून दोन तरुणांमध्ये तुफान राडा झाला,आय डी मत्रास्कॅमपसमध्ये दूधवरी गलचूनवरून देम करिमामध्ये तुफान झाडा झाला,30.0,80.0,0,8.38
sample_00748,D:\marathi-asr\data\vistaar_benchmarks\kathbath_noisy\marathi\wavs\844424931130676-933-f.wav,कर्जत पुढील वर्षी होणाऱ्या कर्जत नगरपालिकेच्या सार्वत्रिक निवडणुकीची तयारी सुरू झाली आहे,कर्ज तुरील वर्षी होणा्या कर्जत नगरपालिकेच्या सार्वत्री मिवर निकीची तयारी सुरू झाली आहे,कर्जत पुढील वर्षी होणाऱ्या कर्जत नगरपालिकेच्या सार्वत्रिक निवडणुकीची तयारी सुरू झाली आहे,कर्ज तुरील वर्षी होणा्या कर्जत नगरपालिकेच्या सार्वत्री मिवर निकीची तयारी सुरू झाली आहे,13.48,50.0,0,6.83
sample_00749,D:\marathi-asr\data\vistaar_benchmarks\kathbath_noisy\marathi\wavs\844424932484448-573-f.wav,त्यांनी मुंबई पोलिसांचा तपास आणि पाटण्याच्या एसपीना क्वॉरन्टाईन करण्यावरही प्रश्न उपस्थित केले आहेत,तानि मोंबई फुलिसच्ा तपास आणि पाठण्याच्ा एस.पीना कवारण टाम करण्यावरही प्रशण उपासित केले आहेत,त्यांनी मुंबई पोलिसांचा तपास आणि पाटण्याच्या एसपीना क्वॉरन्टाईन करण्यावरही प्रश्न उपस्थित केले आहेत,तानि मोंबई फुलिसच्ा तपास आणि पाठण्याच्ा एस पीना कवारण टाम करण्यावरही प्रशण उपासित केले आहेत,24.24,76.92,0,8.34
sample_00750,D:\marathi-asr\data\vistaar_benchmarks\kathbath_noisy\marathi\wavs\844424932262442-809-f.wav,मुख्य पान चालू घडामोडी खरीप पीक कर्ज वाटपात रत्नागिरी जिल्हा राज्यात दुसरा,मुख्च्यपान चालू घडामुळी खरी पीक कर्ज वाटपात प्रत्याकरीझीनला राज्या दसरा,मुख्य पान चालू घडामोडी खरीप पीक कर्ज वाटपात रत्नागिरी जिल्हा राज्यात दुसरा,मुख्च्यपान चालू घडामुळी खरी पीक कर्ज वाटपात प्रत्याकरीझीनला राज्या दसरा,24.32,66.67,0,8.54
sample_00751,D:\marathi-asr\data\vistaar_benchmarks\kathbath_noisy\marathi\wavs\844424932311928-980-f.wav,गेल्या दोन दिवसांत पंधरा ते वीस गाड्यांवर कारवाई करून गाड्या जप्त केल्या आहेत,गेल्या दोन दिवसात पंतधरातेववीस काळ्यांवर कार्वाय करून गाण्यात सप्त केल्या आहेत,गेल्या दोन दिवसांत पंधरा ते वीस गाड्यांवर कारवाई करून गाड्या जप्त केल्या आहेत,गेल्या दोन दिवसात पंतधरातेववीस काळ्यांवर कार्वाय करून गाण्यात सप्त केल्या आहेत,14.29,61.54,0,5.6
sample_00752,D:\marathi-asr\data\vistaar_benchmarks\kathbath_noisy\marathi\wavs\844424930902768-715-f.wav,पण दहा हजारांपैकी नऊ हजार पाचशे गेल्यावर कसे वाटेल तसे वाटत होते,बंधा हजारांपैकी नव हजार पाशी गेल्यावर कसे वाटेच तसे वाटत होते ?,पण दहा हजारांपैकी नऊ हजार पाचशे गेल्यावर कसे वाटेल तसे वाटत होते,बंधा हजारांपैकी नव हजार पाशी गेल्यावर कसे वाटेच तसे वाटत होते,14.06,41.67,0,5.83
sample_00753,D:\marathi-asr\data\vistaar_benchmarks\kathbath_noisy\marathi\wavs\844424932311864-980-f.wav,पण स्थानिक खासदार १४ पैकी केवळ दोन गावांना सोबत घेऊन या प्रकल्पाला विरोध करत आहेत,पणस्थाणि काजगर चाौका पैकेतेवर दोन गावांना सुगत घेऊन या प्रकलपाला विलोध करत आहे,पण स्थानिक खासदार १४ पैकी केवळ दोन गावांना सोबत घेऊन या प्रकल्पाला विरोध करत आहेत,पणस्थाणि काजगर चाौका पैकेतेवर दोन गावांना सुगत घेऊन या प्रकलपाला विलोध करत आहे,25.93,66.67,0,6.29
sample_00754,D:\marathi-asr\data\vistaar_benchmarks\kathbath_noisy\marathi\wavs\844424932311911-980-f.wav,आमच्यासाठी जे घडवले आहे ते प्रदर्शित करण्याची ही एक सुनियंत्र संधी आहे,साटीचे घडवले आहे ते प्रदार्शित करण्याचीहीही सून यंत्र संधी आहे,आमच्यासाठी जे घडवले आहे ते प्रदर्शित करण्याची ही एक सुनियंत्र संधी आहे,साटीचे घडवले आहे ते प्रदार्शित करण्याचीहीही सून यंत्र संधी आहे,22.86,58.33,0,5.27
sample_00755,D:\marathi-asr\data\vistaar_benchmarks\kathbath_noisy\marathi\wavs\844424932484440-573-f.wav,त्यामुळे या संपाचा फटका देशातल्या प्रमुख शहरातल्या प्रवाशांना बसणार आहे,त्यामुळेया संपांच्या पटका देशात ल्या प्रमुखक्षहरातल्या प्रवाशानर्फसणहार आहे,त्यामुळे या संपाचा फटका देशातल्या प्रमुख शहरातल्या प्रवाशांना बसणार आहे,त्यामुळेया संपांच्या पटका देशात ल्या प्रमुखक्षहरातल्या प्रवाशानर्फसणहार आहे,19.72,90.0,0,6.59
sample_00756,D:\marathi-asr\data\vistaar_benchmarks\kathbath_noisy\marathi\wavs\844424930875921-954-f.wav,आता दोघांवरही या महामुकाबल्यात भारतीय संघाला चांगली सुरुवात करून देण्याची जबाबदारी आहे,आता दोकांवर ही या महामुकाबल्या भारतीय सांगाला चांगली सुरवात करून देण्याची जाबदारी आहे,आता दोघांवरही या महामुकाबल्यात भारतीय संघाला चांगली सुरुवात करून देण्याची जबाबदारी आहे,आता दोकांवर ही या महामुकाबल्या भारतीय सांगाला चांगली सुरवात करून देण्याची जाबदारी आहे,8.14,50.0,0,6.85
sample_00757,D:\marathi-asr\data\vistaar_benchmarks\kathbath_noisy\marathi\wavs\844424932266663-980-f.wav,मुख्यमंत्री माझ्याच व्यासपीठावर असणार आहेत हे मला माहीत नव्हते,मुकख्चीमत्री माझो व्याज पिटवरसना आणे हे मला मालत नवते,मुख्यमंत्री माझ्याच व्यासपीठावर असणार आहेत हे मला माहीत नव्हते,मुकख्चीमत्री माझो व्याज पिटवरसना आणे हे मला मालत नवते,37.1,77.78,0,4.18
sample_00758,D:\marathi-asr\data\vistaar_benchmarks\kathbath_noisy\marathi\wavs\844424930573364-737-f.wav,भ्रष्टाचार करून रस्त्यांची कामे करायची असेच काम गेल्या अनेक वर्षापासून सुरू आहे,ब्रस्टाचया करून जस्त्यांची कामी करायची असेच काम गेल्या अनेक वर्षापासून सुरू आहे,भ्रष्टाचार करून रस्त्यांची कामे करायची असेच काम गेल्या अनेक वर्षापासून सुरू आहे,ब्रस्टाचया करून जस्त्यांची कामी करायची असेच काम गेल्या अनेक वर्षापासून सुरू आहे,7.59,25.0,0,6.18
sample_00759,D:\marathi-asr\data\vistaar_benchmarks\kathbath_noisy\marathi\wavs\844424931570545-236-f.wav,विधानसभा निवडणुकांसाठी सकाळपासूनच मतदान करण्यासाठी विविध मतदान केंद्रांवर नागरिकांनी तुरळक गर्दी केली होती,विदांचा निवंडुकांसाठी तकापासून मददान करण्यासाठी विविध मटलान केंद्रांवर नागरिकाणी पुरळयात गरती केली होतो,विधानसभा निवडणुकांसाठी सकाळपासूनच मतदान करण्यासाठी विविध मतदान केंद्रांवर नागरिकांनी तुरळक गर्दी केली होती,विदांचा निवंडुकांसाठी तकापासून मददान करण्यासाठी विविध मटलान केंद्रांवर नागरिकाणी पुरळयात गरती केली होतो,19.81,69.23,0,10.19
sample_00760,D:\marathi-asr\data\vistaar_benchmarks\kathbath_noisy\marathi\wavs\844424930573294-737-f.wav,ही सरासरी इतर कोणत्याही १९ वर्षांखालील क्रिकेट संघापेक्षा जास्त आहे,ही सरासरी इतर कोणत्याही एकोणीस वर्षांखाल यिक्रीतेक संगापेक्षा जास्त आहे,ही सरासरी इतर कोणत्याही १९ वर्षांखालील क्रिकेट संघापेक्षा जास्त आहे,ही सरासरी इतर कोणत्याही एकोणीस वर्षांखाल यिक्रीतेक संगापेक्षा जास्त आहे,19.4,40.0,0,6.27
sample_00761,D:\marathi-asr\data\vistaar_benchmarks\kathbath_noisy\marathi\wavs\844424932330051-980-f.wav,ज्वालाने देशाच्या सर्वोच्च नागरी सन्मानाच्या निवड प्रक्रीयेवर प्रश्नचिन्ह निर्माण केलं आहे,ज्वालाने देशाच्या सर्वोत्च नागरी सन्मानाच्या निवड प्रक्रियव प्रष्टचिंध निर्माण केला आहे,ज्वालाने देशाच्या सर्वोच्च नागरी सन्मानाच्या निवड प्रक्रीयेवर प्रश्नचिन्ह निर्माण केलं आहे,ज्वालाने देशाच्या सर्वोत्च नागरी सन्मानाच्या निवड प्रक्रियव प्रष्टचिंध निर्माण केला आहे,11.11,36.36,0,6.22
sample_00762,D:\marathi-asr\data\vistaar_benchmarks\kathbath_noisy\marathi\wavs\844424931130694-933-f.wav,शत्रूचा कडवा प्रतिकार करीत असताना एक तोफगोळा जवळच फुटल्याने शर्मांस वीर मरण आले,शत्रीचा कर्व प्रतिकारकरी असा ला एक तो गोळा जवळस कुठल्या लेशन बासंहिर बरलाले,शत्रूचा कडवा प्रतिकार करीत असताना एक तोफगोळा जवळच फुटल्याने शर्मांस वीर मरण आले,शत्रीचा कर्व प्रतिकारकरी असा ला एक तो गोळा जवळस कुठल्या लेशन बासंहिर बरलाले,34.18,92.31,0,5.5
sample_00763,D:\marathi-asr\data\vistaar_benchmarks\kathbath_noisy\marathi\wavs\844424930875848-954-f.wav,संपाचा फटका सर्वसामान्य लोकांना बसू नये म्हणून बेस्टने जादा गाड्या सोडल्या आहेत,संपाचा फटका सर्वसामान्य लोकांना बसू नये म्हणून बेश्टने जादाग झाड्या सोडल्या आहेत,संपाचा फटका सर्वसामान्य लोकांना बसू नये म्हणून बेस्टने जादा गाड्या सोडल्या आहेत,संपाचा फटका सर्वसामान्य लोकांना बसू नये म्हणून बेश्टने जादाग झाड्या सोडल्या आहेत,3.8,25.0,0,6.59
sample_00764,D:\marathi-asr\data\vistaar_benchmarks\kathbath_noisy\marathi\wavs\844424930573318-737-f.wav,या प्रकल्पाला स्थानिकांनी केलेल्या तीव्र विरोधामुळे सरकारने हा निर्णय घेतला आहे,मा प्रकल्पालास्तानिकानी केलेल्या तिव्जा विळोदामुळे सरकारने हा निर्णया घेतला आहे,या प्रकल्पाला स्थानिकांनी केलेल्या तीव्र विरोधामुळे सरकारने हा निर्णय घेतला आहे,मा प्रकल्पालास्तानिकानी केलेल्या तिव्जा विळोदामुळे सरकारने हा निर्णया घेतला आहे,12.66,54.55,0,5.8
sample_00765,D:\marathi-asr\data\vistaar_benchmarks\kathbath_noisy\marathi\wavs\844424930557211-737-f.wav,धुळे येथे राहणाऱ्या या बाळाच्या आईने बाळाला वैद्यकीय उपचार मिळावेत यासाठी खूप ठिकाणी धावपळ केली,"जुरे ते राहणा्या या बाळाच्या आणिने बाळ लागेतके उचार मिळावे, त्यासाठी खूप पिकाणे धवपर केली",धुळे येथे राहणाऱ्या या बाळाच्या आईने बाळाला वैद्यकीय उपचार मिळावेत यासाठी खूप ठिकाणी धावपळ केली,जुरे ते राहणा्या या बाळाच्या आणिने बाळ लागेतके उचार मिळावे त्यासाठी खूप पिकाणे धवपर केली,26.04,73.33,0,7.83
sample_00766,D:\marathi-asr\data\vistaar_benchmarks\kathbath_noisy\marathi\wavs\844424932337131-809-f.wav,त्यानंतर शहर पोलिसांनी त्यांच्याविरोधात पोलिसांत गुन्हा दाखल करून अधटराव यांना अटकही केलेली आहे,त्यानंत शहर फोलिसानि त्यांच्या व्रोधात पोलिसात गुन्हादाखरकडून अधाटरव्यांना अटक केली आहे,त्यानंतर शहर पोलिसांनी त्यांच्याविरोधात पोलिसांत गुन्हा दाखल करून अधटराव यांना अटकही केलेली आहे,त्यानंत शहर फोलिसानि त्यांच्या व्रोधात पोलिसात गुन्हादाखरकडून अधाटरव्यांना अटक केली आहे,18.95,84.62,0,9.17
sample_00767,D:\marathi-asr\data\vistaar_benchmarks\kathbath_noisy\marathi\wavs\844424932823378-715-f.wav,पण स्वतंत्र प्रशासकीय सेवेची मागणी करणे ही बाब मात्र तशी नाही,पणस्वतंत्र प्रशास्रीय सेरेची मागणी करणे ही बाग मात्रतशीण आही,पण स्वतंत्र प्रशासकीय सेवेची मागणी करणे ही बाब मात्र तशी नाही,पणस्वतंत्र प्रशास्रीय सेरेची मागणी करणे ही बाग मात्रतशीण आही,14.75,72.73,0,5.46
sample_00768,D:\marathi-asr\data\vistaar_benchmarks\kathbath_noisy\marathi\wavs\844424932330054-980-f.wav,याच्या सुरक्षेसाठी कॉर्निंग गोरिला ग्लास ५ चा वापर केला आहे,याच्या सुरक्षासाठी कॉर्णींगोरीलागलास पाचचा वापर केला आहे,याच्या सुरक्षेसाठी कॉर्निंग गोरिला ग्लास ५ चा वापर केला आहे,याच्या सुरक्षासाठी कॉर्णींगोरीलागलास पाचचा वापर केला आहे,18.64,60.0,0,4.97
sample_00769,D:\marathi-asr\data\vistaar_benchmarks\kathbath_noisy\marathi\wavs\844424930557221-737-f.wav,अगदी २ वर्षे पाण्यात राहणारे चतुरांचे डिंभ पण आहेतच,अगडी दोनवरशे पाहण्यात ाहणारीच्या तुरांचे विं दोपण आहेतत,अगदी २ वर्षे पाण्यात राहणारे चतुरांचे डिंभ पण आहेतच,अगडी दोनवरशे पाहण्यात ाहणारीच्या तुरांचे विं दोपण आहेतत,37.25,100.0,0,5.06
sample_00770,D:\marathi-asr\data\vistaar_benchmarks\kathbath_noisy\marathi\wavs\844424932372212-132-f.wav,त्यासोबतच सई ताम्हणकर आणि वैभव तत्त्ववादी यांचेही फोटो त्यांनी शेअर केले आहेत,कासोपत सही थामाणकार आणि वैभहतत्व बादी यांचेही पोटो त्यानी शेअर केले आहेत,त्यासोबतच सई ताम्हणकर आणि वैभव तत्त्ववादी यांचेही फोटो त्यांनी शेअर केले आहेत,कासोपत सही थामाणकार आणि वैभहतत्व बादी यांचेही पोटो त्यानी शेअर केले आहेत,24.68,58.33,0,7.11
sample_00771,D:\marathi-asr\data\vistaar_benchmarks\kathbath_noisy\marathi\wavs\844424931570510-236-f.wav,हे असे पदार्थ आहेत जे शरीराला सर्वात जास्त वेळ संपृक्तता आणि लाभ प्रदान करतात,हे असे पगघाथ आहे जे शरीळाला सर्वात जास्त वेळ संपृत्तता आणि ला प्रधान करता,हे असे पदार्थ आहेत जे शरीराला सर्वात जास्त वेळ संपृक्तता आणि लाभ प्रदान करतात,हे असे पगघाथ आहे जे शरीळाला सर्वात जास्त वेळ संपृत्तता आणि ला प्रधान करता,12.99,50.0,0,8.78
sample_00772,D:\marathi-asr\data\vistaar_benchmarks\kathbath_noisy\marathi\wavs\844424931570558-236-f.wav,एसटी कर्मचार्यांनी वेतनवाढीसाठी आंदोलन केले म्हणून त्यांच्याविरूद्ध सरकारचा राग आहे,एस.टिकर्मचा्यांनी वितन वाढीसाठी आंदोलन केले म्हणून स कॅंचर गर्द सरकारचारा आहे,एसटी कर्मचार्यांनी वेतनवाढीसाठी आंदोलन केले म्हणून त्यांच्याविरूद्ध सरकारचा राग आहे,एस टिकर्मचा्यांनी वितन वाढीसाठी आंदोलन केले म्हणून स कॅंचर गर्द सरकारचारा आहे,24.1,80.0,0,6.92
sample_00773,D:\marathi-asr\data\vistaar_benchmarks\kathbath_noisy\marathi\wavs\844424930906963-972-f.wav,राष्ट्रवादीचे नेते एकनाथ खडसे उपचारांसाठी मुंबईकडे रवाना झाले आहेत,राष्ट्र वाणीजेनेते एकनात खरचे उपजारासाठी ूनबैकडे राणाला झाल्ेा आहेत,राष्ट्रवादीचे नेते एकनाथ खडसे उपचारांसाठी मुंबईकडे रवाना झाले आहेत,राष्ट्र वाणीजेनेते एकनात खरचे उपजारासाठी ूनबैकडे राणाला झाल्ेा आहेत,27.27,88.89,0,6.04
sample_00774,D:\marathi-asr\data\vistaar_benchmarks\kathbath_noisy\marathi\wavs\844424930902760-715-f.wav,मला ही गोष्ट माझ्या आई आणि मावशी विमला गुजराल यांनी सांगितली होती,मला ही गोष्ट माझ्या आळ माौशी विमला गुजरात आाणि सांगितली होती,मला ही गोष्ट माझ्या आई आणि मावशी विमला गुजराल यांनी सांगितली होती,मला ही गोष्ट माझ्या आळ माौशी विमला गुजरात आाणि सांगितली होती,16.92,41.67,0,4.11
sample_00775,D:\marathi-asr\data\vistaar_benchmarks\kathbath_noisy\marathi\wavs\844424931570603-236-f.wav,या निवडणुका म्हणजे पंतप्रधान नरेंद्र मोदी यांच्या सरकारची पूर्वपरीक्षा असेल,या णि वटज तप्रणामदी कोनच्या सरकारची पुरपरीच्चा असते,या निवडणुका म्हणजे पंतप्रधान नरेंद्र मोदी यांच्या सरकारची पूर्वपरीक्षा असेल,या णि वटज तप्रणामदी कोनच्या सरकारची पुरपरीच्चा असते,48.0,80.0,0,5.99
sample_00776,D:\marathi-asr\data\vistaar_benchmarks\kathbath_noisy\marathi\wavs\844424932823403-715-f.wav,गडकोट किल्ले हे तर छत्रपती शिवाजी महाराजांच्या इतिहासाचे साक्षीदारच आहेत,गडपूत कितले हे तर चत्रपती सिवाजी मारशांच्या पित्यासाठी साफखी बारच आहे,गडकोट किल्ले हे तर छत्रपती शिवाजी महाराजांच्या इतिहासाचे साक्षीदारच आहेत,गडपूत कितले हे तर चत्रपती सिवाजी मारशांच्या पित्यासाठी साफखी बारच आहे,30.56,90.0,0,5.87
sample_00777,D:\marathi-asr\data\vistaar_benchmarks\kathbath_noisy\marathi\wavs\844424932262431-809-f.wav,लेबनॉनमधून झालेला हल्ला हा पॅलेस्टिनी नागरिकांनी केला असल्याचा दावा करण्यात येत आहे,लेप्नॉन मधून झालेला हल्ला हा पॉलिसची नागरिकानी केलेला असलाचा दावा करण्याच एत आहे,लेबनॉनमधून झालेला हल्ला हा पॅलेस्टिनी नागरिकांनी केला असल्याचा दावा करण्यात येत आहे,लेप्नॉन मधून झालेला हल्ला हा पॉलिसची नागरिकानी केलेला असलाचा दावा करण्याच एत आहे,20.48,66.67,0,8.1
sample_00778,D:\marathi-asr\data\vistaar_benchmarks\kathbath_noisy\marathi\wavs\844424931130705-933-f.wav,त्यांचे सद्विचार जाणून घेण्यासाठी लोकमत भक्ती या युट्युब चॅनेलला सबस्क्राईब करा आणि फॉलो करा,त्याच्या सदरीच्या जाणून घेण्यासाठी लोकमत मक्ती या युतूव चॅ्ाला सस्थाईइट करा आणि फॉलो करा,त्यांचे सद्विचार जाणून घेण्यासाठी लोकमत भक्ती या युट्युब चॅनेलला सबस्क्राईब करा आणि फॉलो करा,त्याच्या सदरीच्या जाणून घेण्यासाठी लोकमत मक्ती या युतूव चॅ्ाला सस्थाईइट करा आणि फॉलो करा,27.17,42.86,0,6.64
sample_00779,D:\marathi-asr\data\vistaar_benchmarks\kathbath_noisy\marathi\wavs\844424932266672-980-f.wav,बुधवारी विवेक ओबेरॉयला जीवे मारण्याची धमकी आल्याची माहिती सूत्रांकडून मिळाली आहे,उद्पारी विनेकतुरळला जेवे वारण्याची दक्ती आणि ची माहिती सत्रा कोडून मिळाले ?,बुधवारी विवेक ओबेरॉयला जीवे मारण्याची धमकी आल्याची माहिती सूत्रांकडून मिळाली आहे,उद्पारी विनेकतुरळला जेवे वारण्याची दक्ती आणि ची माहिती सत्रा कोडून मिळाले,35.0,90.91,0,6.18
sample_00780,D:\marathi-asr\data\vistaar_benchmarks\kathbath_noisy\marathi\wavs\844424932262393-809-f.wav,डिसेंबर महिन्याच्या झालेल्या महासभेत नगरसेवकांनी अनेक विषयांवर प्रशासनाला धारेवर धरले,डिसिंबर महिन्याच्या झालेला महासभेत दघल सकाने अनेक विषयावर पशाशनाला धारेवर झालले,डिसेंबर महिन्याच्या झालेल्या महासभेत नगरसेवकांनी अनेक विषयांवर प्रशासनाला धारेवर धरले,डिसिंबर महिन्याच्या झालेला महासभेत दघल सकाने अनेक विषयावर पशाशनाला धारेवर झालले,21.18,70.0,0,10.38
sample_00781,D:\marathi-asr\data\vistaar_benchmarks\kathbath_noisy\marathi\wavs\844424932337160-809-f.wav,मात्र घराचे बांधकाम अपूर्ण असताना बांधकाम व्यावसायिक कामासाठी आणखी पैशांची मागणी करू लागला आहे,मात्र घराची भांडका अपूर्ण असताना बांका व्यावसायिक कामासाठी अमज पेसूनचमारणी करू लागला आहे,मात्र घराचे बांधकाम अपूर्ण असताना बांधकाम व्यावसायिक कामासाठी आणखी पैशांची मागणी करू लागला आहे,मात्र घराची भांडका अपूर्ण असताना बांका व्यावसायिक कामासाठी अमज पेसूनचमारणी करू लागला आहे,18.09,42.86,0,11.4
sample_00782,D:\marathi-asr\data\vistaar_benchmarks\kathbath_noisy\marathi\wavs\844424931570560-236-f.wav,त्यामळे बुर्हाणनगरवरील कर्डिले यांची एकहाती सत्ता कायम राहिली आहे,त्यामुळे बुरहान नगरावरील कार्डीले यांची एक खाती सक्ता कायम रायली आहे,त्यामळे बुर्हाणनगरवरील कर्डिले यांची एकहाती सत्ता कायम राहिली आहे,त्यामुळे बुरहान नगरावरील कार्डीले यांची एक खाती सक्ता कायम रायली आहे,18.46,88.89,0,6.76
sample_00783,D:\marathi-asr\data\vistaar_benchmarks\kathbath_noisy\marathi\wavs\844424932823429-715-f.wav,देशातल्या सर्वात स्वच्छ शहरांच्या यादीत नवी मुंबई शहराने तिसरं रँकिंग प्राप्त केलं आहे,देशातल्या सर्वात स्वच्छ शहरांच्या यादीर नवीमोबाईलशहर आहेत तिसर रॅटिंग प्राप्त केला आहे,देशातल्या सर्वात स्वच्छ शहरांच्या यादीत नवी मुंबई शहराने तिसरं रँकिंग प्राप्त केलं आहे,देशातल्या सर्वात स्वच्छ शहरांच्या यादीर नवीमोबाईलशहर आहेत तिसर रॅटिंग प्राप्त केला आहे,16.28,53.85,0,6.73
sample_00784,D:\marathi-asr\data\vistaar_benchmarks\kathbath_noisy\marathi\wavs\844424930834583-954-f.wav,सरकारी हस्तक्षेप लांबणीवर पडल्याने सध्या बाजारात कांदा भाव खात आहे,सरकारी हस्तक शेत लामणीवर पडलेल्या सध्या बाजारात कांदा भाव हात आहे,सरकारी हस्तक्षेप लांबणीवर पडल्याने सध्या बाजारात कांदा भाव खात आहे,सरकारी हस्तक शेत लामणीवर पडलेल्या सध्या बाजारात कांदा भाव हात आहे,15.15,50.0,0,5.76
sample_00785,D:\marathi-asr\data\vistaar_benchmarks\kathbath_noisy\marathi\wavs\844424930573327-737-f.wav,त्यावरून त्यांनी आपले आधार कार्ड गिरगावातील एका राष्ट्रीयीकृत बँकेच्या शाखेशी जोडले असल्याचे समजते,तावरंतनी आपी आधार कार्ड बिरगावातील एका राष्ट्रय कृत बँकेच्या शाखेसी जोडली असल्याते समजते,त्यावरून त्यांनी आपले आधार कार्ड गिरगावातील एका राष्ट्रीयीकृत बँकेच्या शाखेशी जोडले असल्याचे समजते,तावरंतनी आपी आधार कार्ड बिरगावातील एका राष्ट्रय कृत बँकेच्या शाखेसी जोडली असल्याते समजते,17.35,69.23,0,6.85
sample_00786,D:\marathi-asr\data\vistaar_benchmarks\kathbath_noisy\marathi\wavs\844424932330015-980-f.wav,अशी व्यवस्था करता येईल का असाही विचार केला जात आहे,ची व्यवस्था करता येल का असाही बिचार देला जात आहे,अशी व्यवस्था करता येईल का असाही विचार केला जात आहे,ची व्यवस्था करता येल का असाही बिचार देला जात आहे,10.0,40.0,0,4.39
sample_00787,D:\marathi-asr\data\vistaar_benchmarks\kathbath_noisy\marathi\wavs\844424932337171-809-f.wav,यामध्ये राज्यात सुमारे पाच हजारपेक्षा जास्त शिक्षक बोगस आढळले होते,यामध्ये राज्यात सुमारे पाच हजारपेक्षा जास्त शिक्षक मोगस आढले होते,यामध्ये राज्यात सुमारे पाच हजारपेक्षा जास्त शिक्षक बोगस आढळले होते,यामध्ये राज्यात सुमारे पाच हजारपेक्षा जास्त शिक्षक मोगस आढले होते,3.03,20.0,0,7.41
sample_00788,D:\marathi-asr\data\vistaar_benchmarks\kathbath_noisy\marathi\wavs\844424931570562-236-f.wav,जेणेकरून पुढे इमारतीचा भक्कमपणा टिकून इमारत कोसळण्याचे प्रकार कमी होतील,जेनेकरून पुढे इमारतीचा वक कंपना टिकूल तिमारत कोजण्याचे प्रकार कमीत होते,जेणेकरून पुढे इमारतीचा भक्कमपणा टिकून इमारत कोसळण्याचे प्रकार कमी होतील,जेनेकरून पुढे इमारतीचा वक कंपना टिकूल तिमारत कोजण्याचे प्रकार कमीत होते,18.31,80.0,0,6.46
sample_00789,D:\marathi-asr\data\vistaar_benchmarks\kathbath_noisy\marathi\wavs\844424930875831-954-f.wav,जाणून घेऊया काही रुचकर आणि पौष्टिक गोड पदार्थांच्या पाककृती,जाणून घेडण्या काही रेचकर आणि पौष्टिक गोड पदारथांच्या पात होते,जाणून घेऊया काही रुचकर आणि पौष्टिक गोड पदार्थांच्या पाककृती,जाणून घेडण्या काही रेचकर आणि पौष्टिक गोड पदारथांच्या पात होते,16.95,55.56,0,5.34
sample_00790,D:\marathi-asr\data\vistaar_benchmarks\kathbath_noisy\marathi\wavs\844424932828576-933-f.wav,नुकत्याच पडून गेलेल्या पावसानं जंगलाला एक ताजा सुवास येत होता,मुक्ता कडून गेलेल्या पावसाना जंगलाला एक काजा सुवास यिकेता,नुकत्याच पडून गेलेल्या पावसानं जंगलाला एक ताजा सुवास येत होता,मुक्ता कडून गेलेल्या पावसाना जंगलाला एक काजा सुवास यिकेता,19.67,60.0,0,4.48
sample_00791,D:\marathi-asr\data\vistaar_benchmarks\kathbath_noisy\marathi\wavs\844424932262412-809-f.wav,त्याचबरोबर तेथील स्थानिक शेतकरी यावेळी त्यांच्या उत्पादनाचे प्रदर्शन करतील,त्याच बरुपरीथील स्थानिक शेतकरी या वेडी त्यांच्या उत्पादनाचे प्रदर्शण करते,त्याचबरोबर तेथील स्थानिक शेतकरी यावेळी त्यांच्या उत्पादनाचे प्रदर्शन करतील,त्याच बरुपरीथील स्थानिक शेतकरी या वेडी त्यांच्या उत्पादनाचे प्रदर्शण करते,14.86,66.67,0,8.87
sample_00792,D:\marathi-asr\data\vistaar_benchmarks\kathbath_noisy\marathi\wavs\844424930557235-737-f.wav,अश्विनी बिद्रे गायब होण्यामागे वरिष्ठ पोलिस अधिकारी अभय कुरुंदकर यांचा हात असल्याचा आरोप आहे,आसीी विक्री काय फहोामागे अंिष्ट पोलीसाठिकामी अगयकरून द करण्यांचा हा तस्ल्याचा आरोप आहे,अश्विनी बिद्रे गायब होण्यामागे वरिष्ठ पोलिस अधिकारी अभय कुरुंदकर यांचा हात असल्याचा आरोप आहे,आसीी विक्री काय फहोामागे अंिष्ट पोलीसाठिकामी अगयकरून द करण्यांचा हा तस्ल्याचा आरोप आहे,38.04,85.71,0,7.52
sample_00793,D:\marathi-asr\data\vistaar_benchmarks\kathbath_noisy\marathi\wavs\844424932823334-715-f.wav,यावेळी येथील गावकरी व अरण्यविभाग आदींनी मगरीचा शोध घेऊन मगरीला जेरबंद केले,यावेळी एथील गाव करीव अरनन विभाग आधीनी मगरीचा शोध घेऊन मग्रीला जेरबंद केले,यावेळी येथील गावकरी व अरण्यविभाग आदींनी मगरीचा शोध घेऊन मगरीला जेरबंद केले,यावेळी एथील गाव करीव अरनन विभाग आधीनी मगरीचा शोध घेऊन मग्रीला जेरबंद केले,13.51,58.33,0,7.5
sample_00794,D:\marathi-asr\data\vistaar_benchmarks\kathbath_noisy\marathi\wavs\844424930573329-737-f.wav,म्हणजेच आधीच्या तुलनेत ही वैधता २९ दिवसाने कमी केली आहे,म्हणजेच आदीच्या तुलले थी वैदता एकोणतीच दिवसानी करमी केली आहे,म्हणजेच आधीच्या तुलनेत ही वैधता २९ दिवसाने कमी केली आहे,म्हणजेच आदीच्या तुलले थी वैदता एकोणतीच दिवसानी करमी केली आहे,25.45,70.0,0,5.09
sample_00795,D:\marathi-asr\data\vistaar_benchmarks\kathbath_noisy\marathi\wavs\844424932337163-809-f.wav,ग्रामसेवक संघटनेने मीना यांच्या कार्यपद्धतीविरोधात असहकार आंदोलन पुकारून त्यांच्या बदलीसाठी आक्रमक पवित्रा घेतला होता,ग्रामसनिक संघटनेने निनायांच्या कार्यपद्धती विलधात अशकार अंगुरंकारू त्यांच्या बदलीसाठी अक्रमक्कवित्रा घेतलाहता,ग्रामसेवक संघटनेने मीना यांच्या कार्यपद्धतीविरोधात असहकार आंदोलन पुकारून त्यांच्या बदलीसाठी आक्रमक पवित्रा घेतला होता,ग्रामसनिक संघटनेने निनायांच्या कार्यपद्धती विलधात अशकार अंगुरंकारू त्यांच्या बदलीसाठी अक्रमक्कवित्रा घेतलाहता,20.51,78.57,0,12.49
sample_00796,D:\marathi-asr\data\vistaar_benchmarks\kathbath_noisy\marathi\wavs\844424930557201-737-f.wav,परीक्षेमधील प्रश्नपत्रिकेत विचारलेले अत्यंत कठीण प्रश्न उच्च शिक्षितांनाही सोडवता येणार नाहीत असे होते,परीक्षेमध्ये प्रशनपत्रे केत विचारलेले अत्यंता कटीनप्रश्न उच्च शिक्षितांनाही सोडवता येणारनाहीत असे होते,परीक्षेमधील प्रश्नपत्रिकेत विचारलेले अत्यंत कठीण प्रश्न उच्च शिक्षितांनाही सोडवता येणार नाहीत असे होते,परीक्षेमध्ये प्रशनपत्रे केत विचारलेले अत्यंता कटीनप्रश्न उच्च शिक्षितांनाही सोडवता येणारनाहीत असे होते,10.78,61.54,0,8.8
sample_00797,D:\marathi-asr\data\vistaar_benchmarks\kathbath_noisy\marathi\wavs\844424932828565-933-f.wav,हिंगणघाटमधल्या जळीत प्रकरणाने सर्व राज्य हादरून गेलं होतं,चिंन गाटमला जळी चकरणाने सर्व राज्याहाधूरून केलो होता,हिंगणघाटमधल्या जळीत प्रकरणाने सर्व राज्य हादरून गेलं होतं,चिंन गाटमला जळी चकरणाने सर्व राज्याहाधूरून केलो होता,29.82,100.0,0,4.78
sample_00798,D:\marathi-asr\data\vistaar_benchmarks\kathbath_noisy\marathi\wavs\844424930875897-954-f.wav,त्यासाठी कोणत्याही प्रकारचा स्वतंत्र अर्ज सादर करण्याचे शासनाचे आदेश नाहीत,त्यासाठी कोणत्याही प्रकारच्या स्वातंत अर्ज साबद करण्याची सापनाचे आदिश नाही,त्यासाठी कोणत्याही प्रकारचा स्वतंत्र अर्ज सादर करण्याचे शासनाचे आदेश नाहीत,त्यासाठी कोणत्याही प्रकारच्या स्वातंत अर्ज साबद करण्याची सापनाचे आदिश नाही,16.22,70.0,0,5.97
sample_00799,D:\marathi-asr\data\vistaar_benchmarks\kathbath_noisy\marathi\wavs\844424930573324-737-f.wav,समाप्ती घेतले पाच श्रेणी एक खाली ठेवले लष्करी आयडी आहे कोणताही नागरिक,समाती घेतलेपाच शलेनी एकखाली ठेवले लशकरी आळी आहे कोणताही नागरी,समाप्ती घेतले पाच श्रेणी एक खाली ठेवले लष्करी आयडी आहे कोणताही नागरिक,समाती घेतलेपाच शलेनी एकखाली ठेवले लशकरी आळी आहे कोणताही नागरी,18.84,75.0,0,6.59
sample_00800,D:\marathi-asr\data\vistaar_benchmarks\kathbath_noisy\marathi\wavs\844424930834570-954-f.wav,पुढील संभाव्य गुंतागुंत स्तन ग्रंथीमध्ये सीलचे स्वरूप आहे,फुरेलस्वा भावव्या गुणतागूत स्थन ग्रंखीमध्ये सीलचे स्वरूप आहे,पुढील संभाव्य गुंतागुंत स्तन ग्रंथीमध्ये सीलचे स्वरूप आहे,फुरेलस्वा भावव्या गुणतागूत स्थन ग्रंखीमध्ये सीलचे स्वरूप आहे,26.32,62.5,0,5.76
sample_00801,D:\marathi-asr\data\vistaar_benchmarks\kathbath_noisy\marathi\wavs\844424931570518-236-f.wav,सत्ता स्थापनेसाठी झालेल्या वाटाघाटीनुसार यंदा भाजपाला सभापती पद मिळणार होते,सत्ताच कापणेसाठी झालेल्या माटागाटीनुसार यंदा भाज्यपाला सबापती पत मिळणार होते,सत्ता स्थापनेसाठी झालेल्या वाटाघाटीनुसार यंदा भाजपाला सभापती पद मिळणार होते,सत्ताच कापणेसाठी झालेल्या माटागाटीनुसार यंदा भाज्यपाला सबापती पत मिळणार होते,14.67,60.0,0,7.92
sample_00802,D:\marathi-asr\data\vistaar_benchmarks\kathbath_noisy\marathi\wavs\844424930557233-737-f.wav,निवडणूक आयोग पक्षपातीपणा करत असल्याचा गंभीर आरोप यावेळी काँग्रेस अध्यक्ष राहुल गांधी यांनी केला,निवळणू काय पक्षपाती पणा करतअसल्या चागंबी रालू या वेळी कोंबरे सद्यक्षराहूल गांबियाणे केला,निवडणूक आयोग पक्षपातीपणा करत असल्याचा गंभीर आरोप यावेळी काँग्रेस अध्यक्ष राहुल गांधी यांनी केला,निवळणू काय पक्षपाती पणा करतअसल्या चागंबी रालू या वेळी कोंबरे सद्यक्षराहूल गांबियाणे केला,33.68,92.86,0,7.24
sample_00803,D:\marathi-asr\data\vistaar_benchmarks\kathbath_noisy\marathi\wavs\844424930902751-715-f.wav,आरोपींनी संगनमत करून कशाचे तरी आमिष दाखवून मुलीला पळवून नेले,आरोपीने संगनमत करून कशाचे तरी आणि दाखून मुलीला पळवन नेले,आरोपींनी संगनमत करून कशाचे तरी आमिष दाखवून मुलीला पळवून नेले,आरोपीने संगनमत करून कशाचे तरी आणि दाखून मुलीला पळवन नेले,10.0,40.0,0,5.74
sample_00804,D:\marathi-asr\data\vistaar_benchmarks\kathbath_noisy\marathi\wavs\844424932823395-715-f.wav,त्यांनी रॉबर्ट मनी टेक्निकल हायस्कूल आणि कॉलेजमधून शिक्षण घेतलं,त्यानि रॉवट मणी टेकमीकल हायसकोल आणि कॉलेसमधून शिक्षण घेतलं,त्यांनी रॉबर्ट मनी टेक्निकल हायस्कूल आणि कॉलेजमधून शिक्षण घेतलं,त्यानि रॉवट मणी टेकमीकल हायसकोल आणि कॉलेसमधून शिक्षण घेतलं,19.05,66.67,0,5.11
sample_00805,D:\marathi-asr\data\vistaar_benchmarks\kathbath_noisy\marathi\wavs\844424930875903-954-f.wav,परिस्थितीमुळे तिचं जेमतेम शिक्षण त्या वेळच्या चौथीपर्यंत मांडवी परिसरातल्या नाना सुर्वे स्कूलमध्ये झालं,प स्थितीमुळेकीच जीन कॅसत्या वेळे जसतौपीपर्यंत माडीची परियततल्यास्थाना सुवयस कर ती आहे,परिस्थितीमुळे तिचं जेमतेम शिक्षण त्या वेळच्या चौथीपर्यंत मांडवी परिसरातल्या नाना सुर्वे स्कूलमध्ये झालं,प स्थितीमुळेकीच जीन कॅसत्या वेळे जसतौपीपर्यंत माडीची परियततल्यास्थाना सुवयस कर ती आहे,47.57,100.0,0,8.22
sample_00806,D:\marathi-asr\data\vistaar_benchmarks\kathbath_noisy\marathi\wavs\844424932337182-809-f.wav,अमेरिकेच्या आधुनिक अर्थव्यवस्थेला परिभाषित करणार्या अनेक महत्त्वपूर्ण कायदे आणि संस्था नवीन डील युगापर्यंत शोधू शकतात,अमेरिकेच्या अधुनिक अर्थव्यवस्थेला परिभाषित करणा्या अनेकमहत्वपूर्णकारदे आणि संस्था नवींडिल यिभापर्यंत शोधू शकतात,अमेरिकेच्या आधुनिक अर्थव्यवस्थेला परिभाषित करणार्या अनेक महत्त्वपूर्ण कायदे आणि संस्था नवीन डील युगापर्यंत शोधू शकतात,अमेरिकेच्या अधुनिक अर्थव्यवस्थेला परिभाषित करणा्या अनेकमहत्वपूर्णकारदे आणि संस्था नवींडिल यिभापर्यंत शोधू शकतात,10.26,53.33,0,11.8
sample_00807,D:\marathi-asr\data\vistaar_benchmarks\kathbath_noisy\marathi\wavs\844424930557202-737-f.wav,अनेक लोकांनी या युझरनने केलेल्या या भन्नाट तुलनेचे कौतुक केले आहे,अनेक लोकांने या इनझरधादे केलेल्याया बंनात तुलने चे कवतूर केले आहे,अनेक लोकांनी या युझरनने केलेल्या या भन्नाट तुलनेचे कौतुक केले आहे,अनेक लोकांने या इनझरधादे केलेल्याया बंनात तुलने चे कवतूर केले आहे,23.08,63.64,0,6.48
sample_00808,D:\marathi-asr\data\vistaar_benchmarks\kathbath_noisy\marathi\wavs\844424932311930-980-f.wav,युद्ध झालं तर भारताचं पारडं जड आहे असं मानलं जातंय,युद्ध झाना तर भारताचो पारडत जड हे असमानधल जातं,युद्ध झालं तर भारताचं पारडं जड आहे असं मानलं जातंय,युद्ध झाना तर भारताचो पारडत जड हे असमानधल जातं,20.0,70.0,0,3.58
sample_00809,D:\marathi-asr\data\vistaar_benchmarks\kathbath_noisy\marathi\wavs\844424930331383-60-m.wav,त्याच्या आईला आता बदल केवळ त्याच्यातच नाही तर सार्या विश्वातच होत आहे असे वाटते,त्यांचया आयता आता बद्दल केव त्यांच्या तचना इतर सार्या विश्वातचूप फाय अस,त्याच्या आईला आता बदल केवळ त्याच्यातच नाही तर सार्या विश्वातच होत आहे असे वाटते,त्यांचया आयता आता बद्दल केव त्यांच्या तचना इतर सार्या विश्वातचूप फाय अस,34.18,85.71,0,6.43
sample_00810,D:\marathi-asr\data\vistaar_benchmarks\kathbath_noisy\marathi\wavs\844424930746727-6-m.wav,बहीण भावाच्या स्नेहबंधनाचे पवित्र नाते जपणारा रक्षबांधन सगळीकडे साजरा होतो आहे,बहैलभावाच्यासनिहबंधनाचे अवित्रणाते जपणारारक्षाबंधल सगीकडे साजरा होत आहे,बहीण भावाच्या स्नेहबंधनाचे पवित्र नाते जपणारा रक्षबांधन सगळीकडे साजरा होतो आहे,बहैलभावाच्यासनिहबंधनाचे अवित्रणाते जपणारारक्षाबंधल सगीकडे साजरा होत आहे,19.23,81.82,0,8.96
sample_00811,D:\marathi-asr\data\vistaar_benchmarks\kathbath_noisy\marathi\wavs\844424930328984-60-m.wav,त्यामुळे या आजाराची लक्षणे आढळल्यास तात्काळ डॉक्टरांकडे जाणे गरजेचे आहे,त्यामुडील्या आगयााची लक्षणी कारड धालल्या असतात कार्ड डॉक्परंकडे झाली गयजी कावे,त्यामुळे या आजाराची लक्षणे आढळल्यास तात्काळ डॉक्टरांकडे जाणे गरजेचे आहे,त्यामुडील्या आगयााची लक्षणी कारड धालल्या असतात कार्ड डॉक्परंकडे झाली गयजी कावे,49.3,110.0,0,6.15
sample_00812,D:\marathi-asr\data\vistaar_benchmarks\kathbath_noisy\marathi\wavs\844424930329047-60-m.wav,रोहित शर्माने बेंगळुरूच्या टीमविरोधात यावर्षी जबरदस्त सुरुवात केली होती,्चेरमने बेकगरोडच्या टिं्विरोदात या वर्षीजबद सुरुवात केली होते,रोहित शर्माने बेंगळुरूच्या टीमविरोधात यावर्षी जबरदस्त सुरुवात केली होती,्चेरमने बेकगरोडच्या टिं्विरोदात या वर्षीजबद सुरुवात केली होते,35.21,77.78,0,4.69
sample_00813,D:\marathi-asr\data\vistaar_benchmarks\kathbath_noisy\marathi\wavs\844424930819815-6-m.wav,तसेच चाबहार बंदरात भाग घेण्याचे निमंत्रण चीन आणि पाकिस्तानला दिले आहे,तसेच चाबाहार बंधरात भाग घेण्याचे निमंत्रण चीन आणि पासी स थांगला दिले आहे,तसेच चाबहार बंदरात भाग घेण्याचे निमंत्रण चीन आणि पाकिस्तानला दिले आहे,तसेच चाबाहार बंधरात भाग घेण्याचे निमंत्रण चीन आणि पासी स थांगला दिले आहे,13.04,45.45,0,6.64
sample_00814,D:\marathi-asr\data\vistaar_benchmarks\kathbath_noisy\marathi\wavs\844424930746768-6-m.wav,तसेच या योजनेचा लाभ घेण्यासाठी रुग्णाला आधारकार्डची सक्ती असणार नाही,तशे या योजनेचा लाभ घेण्यासाठी रोगणाला आधार कार्डची सक्ती असणार नाही,तसेच या योजनेचा लाभ घेण्यासाठी रुग्णाला आधारकार्डची सक्ती असणार नाही,तशे या योजनेचा लाभ घेण्यासाठी रोगणाला आधार कार्डची सक्ती असणार नाही,7.35,40.0,0,7.71
sample_00815,D:\marathi-asr\data\vistaar_benchmarks\kathbath_noisy\marathi\wavs\844424930394091-60-m.wav,गेल्या काही महिन्यांपासून एअर इंडिया कार्बन उत्सर्जन कमी करण्यासाठी विविध उपाययोजना करत आहे,पल्या काही महिन्यापासून एयर रइंड्या कार्ब सजन कमी करण्यासाठी विविध उपयोजना कगरत आहे,गेल्या काही महिन्यांपासून एअर इंडिया कार्बन उत्सर्जन कमी करण्यासाठी विविध उपाययोजना करत आहे,पल्या काही महिन्यापासून एयर रइंड्या कार्ब सजन कमी करण्यासाठी विविध उपयोजना कगरत आहे,16.48,61.54,0,5.92
sample_00816,D:\marathi-asr\data\vistaar_benchmarks\kathbath_noisy\marathi\wavs\844424930394069-60-m.wav,पाचगणी आणि आजूबाजूच्या परिसरातील जमिनीच्या खरेदी विक्रीमध्ये मोठ्या प्रमाणमात बाहेरचे गुंड दहशत माजवतात,गणी आणि आजिभाजीच्या प्रदसरातील ज मिळीच्या खळ्याची विस्तीधये मोठ्या प्रमाणात बा्याती लुंड टरशस माठेवहतात,पाचगणी आणि आजूबाजूच्या परिसरातील जमिनीच्या खरेदी विक्रीमध्ये मोठ्या प्रमाणमात बाहेरचे गुंड दहशत माजवतात,गणी आणि आजिभाजीच्या प्रदसरातील ज मिळीच्या खळ्याची विस्तीधये मोठ्या प्रमाणात बा्याती लुंड टरशस माठेवहतात,31.07,92.31,0,7.17
sample_00817,D:\marathi-asr\data\vistaar_benchmarks\kathbath_noisy\marathi\wavs\844424930810096-6-m.wav,आता तो कुठून कुठून तिचे फोटो मिळवतो व मला पाठवतो,आाता तो कुठवनकुटून तिचे सोटो मिळवत व मला पाठवतो,आता तो कुठून कुठून तिचे फोटो मिळवतो व मला पाठवतो,आाता तो कुठवनकुटून तिचे सोटो मिळवत व मला पाठवतो,12.5,50.0,0,5.6
sample_00818,D:\marathi-asr\data\vistaar_benchmarks\kathbath_noisy\marathi\wavs\844424930746741-6-m.wav,लोकांच्या भीतीने आपण अपघात स्थळावरुन पळून गेल्याचे तो सांगतो,लोकांच्या वितीने आपण गघात स्थळावरून पळून गेल्याचे सांगतो,लोकांच्या भीतीने आपण अपघात स्थळावरुन पळून गेल्याचे तो सांगतो,लोकांच्या वितीने आपण गघात स्थळावरून पळून गेल्याचे सांगतो,13.33,44.44,0,6.66
sample_00819,D:\marathi-asr\data\vistaar_benchmarks\kathbath_noisy\marathi\wavs\844424930649797-823-m.wav,तुला हे ठाऊक आहे की मी कोणत्याही इमोशनल अत्याचाराला बळी पडणार नाही,ला खाऊ कोणत्याही ईमोजनन अत्या चारयाला पर पडता ?,तुला हे ठाऊक आहे की मी कोणत्याही इमोशनल अत्याचाराला बळी पडणार नाही,ला खाऊ कोणत्याही ईमोजनन अत्या चारयाला पर पडता,48.48,91.67,0,5.94
sample_00820,D:\marathi-asr\data\vistaar_benchmarks\kathbath_noisy\marathi\wavs\844424930323272-60-m.wav,१८४ ही छोटी धावसंख्या पाठलाग करताना वेस्ट इंडीजला डोंगराएवढी वाटू लागली,्टेचवराशी ही छोटली धा संख्या पाठला करताना व्यस्तींरिकला ा डोंगरा यवडी वाटवू लागले,१८४ ही छोटी धावसंख्या पाठलाग करताना वेस्ट इंडीजला डोंगराएवढी वाटू लागली,्टेचवराशी ही छोटली धा संख्या पाठला करताना व्यस्तींरिकला ा डोंगरा यवडी वाटवू लागले,38.03,100.0,0,5.5
sample_00821,D:\marathi-asr\data\vistaar_benchmarks\kathbath_noisy\marathi\wavs\844424930819798-6-m.wav,शुक्रवारी रात्री उशिरा दोन गवेरेडे पाणी पिण्यासाठी कोयना नदीवर आले होते,सुप्रवरी रात्री उशिरा दोन हवेरेडे पाणी पेण्यासाठी कोलानदीवर आले होते,शुक्रवारी रात्री उशिरा दोन गवेरेडे पाणी पिण्यासाठी कोयना नदीवर आले होते,सुप्रवरी रात्री उशिरा दोन हवेरेडे पाणी पेण्यासाठी कोलानदीवर आले होते,11.27,45.45,0,6.94
sample_00822,D:\marathi-asr\data\vistaar_benchmarks\kathbath_noisy\marathi\wavs\844424930394089-60-m.wav,बेस्टने फुकटय़ांविरोधात राबवलेल्या मोहिमेतून हा प्रकार समोर आला आहे,डेस्टडने फुक्ट्या विरृधात रापवलेल्या मुयिमीतून हा प्रकार समुळाआला आहे,बेस्टने फुकटय़ांविरोधात राबवलेल्या मोहिमेतून हा प्रकार समोर आला आहे,डेस्टडने फुक्ट्या विरृधात रापवलेल्या मुयिमीतून हा प्रकार समुळाआला आहे,20.9,77.78,0,4.83
sample_00823,D:\marathi-asr\data\vistaar_benchmarks\kathbath_noisy\marathi\wavs\844424930345016-60-m.wav,त्यावेळी धोनीने जडेजाला चहलकडे चेंडू फेकायला सांगितला आणि मिथून धावबाद झाला,तुमहनी जडेजाला चलकडे चेंडू ेगकाला सांगितला आणि मिथून दावबात झाला,त्यावेळी धोनीने जडेजाला चहलकडे चेंडू फेकायला सांगितला आणि मिथून धावबाद झाला,तुमहनी जडेजाला चलकडे चेंडू ेगकाला सांगितला आणि मिथून दावबात झाला,24.0,45.45,0,5.87
sample_00824,D:\marathi-asr\data\vistaar_benchmarks\kathbath_noisy\marathi\wavs\844424930394074-60-m.wav,या रेपो दरातल्या कपातीमुळे देशाच्या आर्थिक धोरणालाही थोडे वेगळे वळण लागू शकणार आहे,एकोदारातल्या कपातीमधये देशाच्या आर्थिक डणाला फेडे वेगरे वरण मागवणू शकनर आहे,या रेपो दरातल्या कपातीमुळे देशाच्या आर्थिक धोरणालाही थोडे वेगळे वळण लागू शकणार आहे,एकोदारातल्या कपातीमधये देशाच्या आर्थिक डणाला फेडे वेगरे वरण मागवणू शकनर आहे,29.27,76.92,0,6.59
sample_00825,D:\marathi-asr\data\vistaar_benchmarks\kathbath_noisy\marathi\wavs\844424930345000-60-m.wav,त्यांना असे वाटू लागते की त्यांनी असेच कपडे परिधान करावे जे त्यांच्या पार्टनरला आवडतात,पासे वाटवू लाकले की त्यांनी असेच कपे परिधान करावे जे त्यांच्या पाटनरला आवडतात,त्यांना असे वाटू लागते की त्यांनी असेच कपडे परिधान करावे जे त्यांच्या पार्टनरला आवडतात,पासे वाटवू लाकले की त्यांनी असेच कपे परिधान करावे जे त्यांच्या पाटनरला आवडतात,16.28,42.86,0,6.27
sample_00826,D:\marathi-asr\data\vistaar_benchmarks\kathbath_noisy\marathi\wavs\844424930819820-6-m.wav,त्यांच्या मुलाला काही पैशांची अडचण असेल तर त्याने तसं स्पष्ट आईशी बोलावं,त्यांच्या मुलाला काही पैशांची अडतन सेल तरत्याने असस्पस्त आयशी बुल आये,त्यांच्या मुलाला काही पैशांची अडचण असेल तर त्याने तसं स्पष्ट आईशी बोलावं,त्यांच्या मुलाला काही पैशांची अडतन सेल तरत्याने असस्पस्त आयशी बुल आये,20.83,66.67,0,7.55
sample_00827,D:\marathi-asr\data\vistaar_benchmarks\kathbath_noisy\marathi\wavs\844424930345002-60-m.wav,प्रारंभी उपस्थित मान्यवरांच्या हस्ते नटराजाच्या प्रतिमेचे पूजन करण्यात आले,रप्रस्थित मानयवरांच्या हसते न ट्राज्याच्या प्रतिमेचेव पुजन करण्यात आले,प्रारंभी उपस्थित मान्यवरांच्या हस्ते नटराजाच्या प्रतिमेचे पूजन करण्यात आले,रप्रस्थित मानयवरांच्या हसते न ट्राज्याच्या प्रतिमेचेव पुजन करण्यात आले,22.97,77.78,0,5.11
sample_00828,D:\marathi-asr\data\vistaar_benchmarks\kathbath_noisy\marathi\wavs\844424930649740-823-m.wav,राजकीय नेते व अधिकारी पाहणी करून निव्वळ आश्वासने देत आहेत,राजिकीय नेते व अधिकारी पाहणीकरून निव्वळ आश्वासने देत आहेत,राजकीय नेते व अधिकारी पाहणी करून निव्वळ आश्वासने देत आहेत,राजिकीय नेते व अधिकारी पाहणीकरून निव्वळ आश्वासने देत आहेत,3.51,30.0,0,5.76
sample_00829,D:\marathi-asr\data\vistaar_benchmarks\kathbath_noisy\marathi\wavs\844424930394095-60-m.wav,पालक आपल्या मुलांच्या विशिष्ट गरजा पूर्ण करण्यासाठी वैयक्तिक सामर्थ्य आणि कमतरता आणि शिबीर शिकवू शकतात,आपल्या मुला कारविशिष्ट काज्या पून्ण करण्यासाठी व्यक्ेत्य सामर्थ आणि कमतरता आणिजी पिकवू शकतात,पालक आपल्या मुलांच्या विशिष्ट गरजा पूर्ण करण्यासाठी वैयक्तिक सामर्थ्य आणि कमतरता आणि शिबीर शिकवू शकतात,आपल्या मुला कारविशिष्ट काज्या पून्ण करण्यासाठी व्यक्ेत्य सामर्थ आणि कमतरता आणिजी पिकवू शकतात,26.47,66.67,0,7.36
sample_00830,D:\marathi-asr\data\vistaar_benchmarks\kathbath_noisy\marathi\wavs\844424930331422-60-m.wav,त्यामुळे मोदींसाठी नेशन फऱ्स्ट नाही तर इलेक्शन फर्स्ट आहे,करी विकीसाठी बच टॅस नायटर जचे पास्ट आहे,त्यामुळे मोदींसाठी नेशन फऱ्स्ट नाही तर इलेक्शन फर्स्ट आहे,करी विकीसाठी बच टॅस नायटर जचे पास्ट आहे,60.34,88.89,0,4.3
sample_00831,D:\marathi-asr\data\vistaar_benchmarks\kathbath_noisy\marathi\wavs\844424930819884-6-m.wav,आळशी म्हणजे स्टिप्टिक पावडर आणि पेन्सिलमध्ये वापरल्या जाणार्या प्रमुख घटक,आरशी म्हणजे वप्टीक पॉर्र आणि पँटेंमध्ये वापरल्या जाणा्या प्रमाख भेटत,आळशी म्हणजे स्टिप्टिक पावडर आणि पेन्सिलमध्ये वापरल्या जाणार्या प्रमुख घटक,आरशी म्हणजे वप्टीक पॉर्र आणि पँटेंमध्ये वापरल्या जाणा्या प्रमाख भेटत,27.4,70.0,0,6.39
sample_00832,D:\marathi-asr\data\vistaar_benchmarks\kathbath_noisy\marathi\wavs\844424930323304-60-m.wav,काही दिवसांपूर्वीच ही घटना घडली असल्याचे म्हटले जात आहे,आईी दिवसा भुन्विही घटणा घंली असल्याचे म्हटले जात आहे,काही दिवसांपूर्वीच ही घटना घडली असल्याचे म्हटले जात आहे,आईी दिवसा भुन्विही घटणा घंली असल्याचे म्हटले जात आहे,21.82,55.56,0,3.81
sample_00833,D:\marathi-asr\data\vistaar_benchmarks\kathbath_noisy\marathi\wavs\844424930819830-6-m.wav,लोकसभा निवडणूकीत निवडून आलेल्या खासदारांचा शपथविधी सोमवारी पार पडला होता,लोकसभानीवडनुकेत निवडून ालेल्या खाजदारांचा शपत विधीसमरी पार पडला होता,लोकसभा निवडणूकीत निवडून आलेल्या खासदारांचा शपथविधी सोमवारी पार पडला होता,लोकसभानीवडनुकेत निवडून ालेल्या खाजदारांचा शपत विधीसमरी पार पडला होता,18.06,60.0,0,6.8
sample_00834,D:\marathi-asr\data\vistaar_benchmarks\kathbath_noisy\marathi\wavs\844424930345012-60-m.wav,यामुळे नुकसान भरपाई म्हणून कायमस्वरूपी जागा देण्याची विनंती केली,पी नुकसान भरपाई म्हणून कायम सवरूपी जागा देण्याची विनंती केली,यामुळे नुकसान भरपाई म्हणून कायमस्वरूपी जागा देण्याची विनंती केली,पी नुकसान भरपाई म्हणून कायम सवरूपी जागा देण्याची विनंती केली,12.5,33.33,0,4.53
sample_00835,D:\marathi-asr\data\vistaar_benchmarks\kathbath_noisy\marathi\wavs\844424930649729-823-m.wav,तर दुसरीकडे पिंपरीमध्ये स्वाभिमानी शेतकरी संघटनेच्या कार्यकर्त्यांनी आक्रमक होत अमूल दुधाचा ट्रक आढवला,त दुस्रीकडे पेंपरीमध्ये स्वाबी ाणि शेतकरी संघटनेच्या कार्यकरत्यानी आक्रमकपोत अमुलदुधाचा ट्रक आढवला,तर दुसरीकडे पिंपरीमध्ये स्वाभिमानी शेतकरी संघटनेच्या कार्यकर्त्यांनी आक्रमक होत अमूल दुधाचा ट्रक आढवला,त दुस्रीकडे पेंपरीमध्ये स्वाबी ाणि शेतकरी संघटनेच्या कार्यकरत्यानी आक्रमकपोत अमुलदुधाचा ट्रक आढवला,13.73,76.92,0,10.54
sample_00836,D:\marathi-asr\data\vistaar_benchmarks\kathbath_noisy\marathi\wavs\844424930746716-6-m.wav,२००४ व २००९ च्या लोकसभा निवडणुकीत ते पराभूत झाले,दोन हजार चार बदवन हजार नऊच्या लोक सभानिवडनुके ते पराबूर झाले,२००४ व २००९ च्या लोकसभा निवडणुकीत ते पराभूत झाले,दोन हजार चार बदवन हजार नऊच्या लोक सभानिवडनुके ते पराबूर झाले,58.33,100.0,0,6.94
sample_00837,D:\marathi-asr\data\vistaar_benchmarks\kathbath_noisy\marathi\wavs\844424930649730-823-m.wav,या अधिकार पत्रानुसार बँकेकडून शेतकर्याच्या खात्यातील रक्कम थेट शेतकर्यांच्या खात्यात जमा केली जाईल,या अधिकारपत्रांुसा बँकेकडून शेतक्याच्या खात्यातील रक्कम थेट शेतक्याच्या खात्यात जमा केली जयाे,या अधिकार पत्रानुसार बँकेकडून शेतकर्याच्या खात्यातील रक्कम थेट शेतकर्यांच्या खात्यात जमा केली जाईल,या अधिकारपत्रांुसा बँकेकडून शेतक्याच्या खात्यातील रक्कम थेट शेतक्याच्या खात्यात जमा केली जयाे,9.18,38.46,0,8.73
sample_00838,D:\marathi-asr\data\vistaar_benchmarks\kathbath_noisy\marathi\wavs\844424930649774-823-m.wav,म्हादई ही आमची जीवनदायिनी असून आम्ही तिच्याशी सरकारला खेळ खेळालया देणार नाही,मागयी ही आमची जीवन गायनी असू आम्ही तिचाशी सरकारला खेळ केळयाला देणात नाही,म्हादई ही आमची जीवनदायिनी असून आम्ही तिच्याशी सरकारला खेळ खेळालया देणार नाही,मागयी ही आमची जीवन गायनी असू आम्ही तिचाशी सरकारला खेळ केळयाला देणात नाही,19.74,58.33,0,7.45
sample_00839,D:\marathi-asr\data\vistaar_benchmarks\kathbath_noisy\marathi\wavs\844424930331400-60-m.wav,या प्रकरणाची पुढील सुनावणी ३१ जानेवारी रोजी होणार आहे,वत्तकरणाझी पुढेल सुनावरी ऐयक्तिक जानेवारी योजी होणार आहे,या प्रकरणाची पुढील सुनावणी ३१ जानेवारी रोजी होणार आहे,वत्तकरणाझी पुढेल सुनावरी ऐयक्तिक जानेवारी योजी होणार आहे,30.19,66.67,0,3.97
sample_00840,D:\marathi-asr\data\vistaar_benchmarks\kathbath_noisy\marathi\wavs\844424930819874-6-m.wav,आईच्या दुधावर जे अन्न खातात ते क्वचितच असे लहान आहेत,आईच्या दुधावर जे अन्न खातात एेक्वचिटच असे लहान आहे,आईच्या दुधावर जे अन्न खातात ते क्वचितच असे लहान आहेत,आईच्या दुधावर जे अन्न खातात एेक्वचिटच असे लहान आहे,7.69,30.0,0,5.83
sample_00841,D:\marathi-asr\data\vistaar_benchmarks\kathbath_noisy\marathi\wavs\844424930394059-60-m.wav,तर काही नेत्यांनी काँग्रेसची सूत्र पुन्हा राहुल गांधी यांच्याकडे सोपवण्याची मागणीही केली होती,तर काही नेत्यांनि कांडेसची सूत्र पुन्हाराहल गाली यांच्याकडे सपोरणयाची मातमी केली होते,तर काही नेत्यांनी काँग्रेसची सूत्र पुन्हा राहुल गांधी यांच्याकडे सोपवण्याची मागणीही केली होती,तर काही नेत्यांनि कांडेसची सूत्र पुन्हाराहल गाली यांच्याकडे सपोरणयाची मातमी केली होते,19.35,61.54,0,6.2
sample_00842,D:\marathi-asr\data\vistaar_benchmarks\kathbath_noisy\marathi\wavs\844424930649768-823-m.wav,रिझर्व्ह बँकेकडून रेपो दरात कपात केल्यानंतर बँकांकडून कर्जदर आणि ठेवीदरात कपात केली जात आहे,रिझर्व्ह बँकेकडून रेपोदरात कपात केल्यानंतर बँकांकडून कर्जदर आणि ठेवीदरात कपात केली जात आहे,रिझर्व्ह बँकेकडून रेपो दरात कपात केल्यानंतर बँकांकडून कर्जदर आणि ठेवीदरात कपात केली जात आहे,रिझर्व्ह बँकेकडून रेपोदरात कपात केल्यानंतर बँकांकडून कर्जदर आणि ठेवीदरात कपात केली जात आहे,1.1,14.29,0,9.45
sample_00843,D:\marathi-asr\data\vistaar_benchmarks\kathbath_noisy\marathi\wavs\844424930328383-60-m.wav,परभणीच्या ढालेगाव चेकपोस्टवर त्याला अडवलं असता तेथे ५ जण संपर्कात आले,टोहनीच्या डाल्यल चेक पो्मत्याला अढवलत असतात तिते पाच जन संपर्धत आले,परभणीच्या ढालेगाव चेकपोस्टवर त्याला अडवलं असता तेथे ५ जण संपर्कात आले,टोहनीच्या डाल्यल चेक पो्मत्याला अढवलत असतात तिते पाच जन संपर्धत आले,37.68,90.91,0,6.04
sample_00844,D:\marathi-asr\data\vistaar_benchmarks\kathbath_noisy\marathi\wavs\844424930328456-60-m.wav,महात्मा गांधींच्या या आवाहनानंतर महिलांनी त्यांचे दागिनेही दान केले होते,आत्म गांदीच्या या हवानानंतर महिलांनीम त्यांचे दागेने त ाण केले होते,महात्मा गांधींच्या या आवाहनानंतर महिलांनी त्यांचे दागिनेही दान केले होते,आत्म गांदीच्या या हवानानंतर महिलांनीम त्यांचे दागेने त ाण केले होते,19.44,70.0,0,5.6
sample_00845,D:\marathi-asr\data\vistaar_benchmarks\kathbath_noisy\marathi\wavs\844424930344961-60-m.wav,मात्र वाहतूक नेमकी कुठल्या वाहनातून होते याचा तपास मात्र लागणे अवघड आहे,"द्रवाहतुकनेमकी कुठल्या वाहनातून होते , त्याच्या तपासमातळ लागणे आउगड आहे",मात्र वाहतूक नेमकी कुठल्या वाहनातून होते याचा तपास मात्र लागणे अवघड आहे,द्रवाहतुकनेमकी कुठल्या वाहनातून होते त्याच्या तपासमातळ लागणे आउगड आहे,22.54,58.33,0,5.43
sample_00846,D:\marathi-asr\data\vistaar_benchmarks\kathbath_noisy\marathi\wavs\844424930746767-6-m.wav,३० जानेवारी १९९६ रोजी असा प्रस्ताव राष्ट्रपतींकडे पाठवण्यात आला होता,फीस जनवरी एकोणिक्शिशंन रोजी असा प्रस्ता रा स्ट्रकतींकडो पाठवण्यात आला होता,३० जानेवारी १९९६ रोजी असा प्रस्ताव राष्ट्रपतींकडे पाठवण्यात आला होता,फीस जनवरी एकोणिक्शिशंन रोजी असा प्रस्ता रा स्ट्रकतींकडो पाठवण्यात आला होता,33.82,60.0,0,8.31
sample_00847,D:\marathi-asr\data\vistaar_benchmarks\kathbath_noisy\marathi\wavs\844424930649795-823-m.wav,संजय यांचे भाऊ पोपट कवडेकर यांनी त्यांना अॅम्बुलन्सने कोल्हापूरला आणून खासगी रुग्णालयात दाखल केले आहे,संजयांचे भाऊ पोपट कवडे यानी त्यांना ॲपब्लन्सनी पुर्ला पूर्ला णून खाजगी रुपणालया दाफल केले आहे,संजय यांचे भाऊ पोपट कवडेकर यांनी त्यांना अॅम्बुलन्सने कोल्हापूरला आणून खासगी रुग्णालयात दाखल केले आहे,संजयांचे भाऊ पोपट कवडे यानी त्यांना ॲपब्लन्सनी पुर्ला पूर्ला णून खाजगी रुपणालया दाफल केले आहे,22.77,73.33,0,9.4
sample_00848,D:\marathi-asr\data\vistaar_benchmarks\kathbath_noisy\marathi\wavs\844424930649809-823-m.wav,आता ईशाची हुशारी प्रेक्षकांना प्रत्येक भागात पाहायला मिळणार आहे,आता ईशाची वुषारी प्रेक्षकांना प्रत्येक भागात पहायला मिळणार आहे,आता ईशाची हुशारी प्रेक्षकांना प्रत्येक भागात पाहायला मिळणार आहे,आता ईशाची वुषारी प्रेक्षकांना प्रत्येक भागात पहायला मिळणार आहे,4.76,22.22,0,5.46
sample_00849,D:\marathi-asr\data\vistaar_benchmarks\kathbath_noisy\marathi\wavs\844424930649776-823-m.wav,माझ नाव अरविंद असल्याचे सांगत नावात बदल करण्यासंदर्भात मी देव यांच्या पाठिमागे लागलो होतो,माझ नाव अर्विंद असल्याचे सांग नावात बदल करण्या संदर्भात मी देव यांच्या पाठीमागेल लागलू होतो,माझ नाव अरविंद असल्याचे सांगत नावात बदल करण्यासंदर्भात मी देव यांच्या पाठिमागे लागलो होतो,माझ नाव अर्विंद असल्याचे सांग नावात बदल करण्या संदर्भात मी देव यांच्या पाठीमागेल लागलू होतो,6.74,42.86,0,8.1
sample_00850,D:\marathi-asr\data\vistaar_benchmarks\kathbath_noisy\marathi\wavs\844424930649742-823-m.wav,ही बैठक संपल्यानंतर अविनाश अभ्यंकर यांनी माध्यमांशी संवाद साधला,ही बै्थक संपल्यानंतर अविनाश अपल्यंकर यांनी माध्यमांशी संभध असा,ही बैठक संपल्यानंतर अविनाश अभ्यंकर यांनी माध्यमांशी संवाद साधला,ही बै्थक संपल्यानंतर अविनाश अपल्यंकर यांनी माध्यमांशी संभध असा,17.46,44.44,0,6.48
sample_00851,D:\marathi-asr\data\vistaar_benchmarks\kathbath_noisy\marathi\wavs\844424930649749-823-m.wav,आता ही मुदत समाप्त होत आल्याने नोंदणी विभागाने या विषयी शासनाकडे प्रस्ताव पाठविला आहे,आता ही मुदत समाप्य होत आल्यनी मोलनी विभागाने याविषयी शासनाकडे सस्तव पाचली जाते,आता ही मुदत समाप्त होत आल्याने नोंदणी विभागाने या विषयी शासनाकडे प्रस्ताव पाठविला आहे,आता ही मुदत समाप्य होत आल्यनी मोलनी विभागाने याविषयी शासनाकडे सस्तव पाचली जाते,22.35,57.14,0,8.01
sample_00852,D:\marathi-asr\data\vistaar_benchmarks\kathbath_noisy\marathi\wavs\844424930344995-60-m.wav,नंतरच्या काळात तेथे विद्यापीठ स्थापन झालेल्या शिक्षण संस्थांतून इंग्रजीशिक्षित मुस्लीम तरुणांची एक पिढी निर्माण झाली,मत्याच्या काडाते ते विद्यापिठ स्थापन झालेल्या शिक्षण संस्थनातूनइंग्रजीशिक्षिवतन तरणाची एक वीडी विमान झाली,नंतरच्या काळात तेथे विद्यापीठ स्थापन झालेल्या शिक्षण संस्थांतून इंग्रजीशिक्षित मुस्लीम तरुणांची एक पिढी निर्माण झाली,मत्याच्या काडाते ते विद्यापिठ स्थापन झालेल्या शिक्षण संस्थनातूनइंग्रजीशिक्षिवतन तरणाची एक वीडी विमान झाली,26.72,66.67,0,7.89
sample_00853,D:\marathi-asr\data\vistaar_benchmarks\kathbath_noisy\marathi\wavs\844424930819852-6-m.wav,या मुंबईतून सुटणाऱ्या दोन राजधानी गाडया पश्चिम रेल्वेच्या मार्गाने गुजरात राज्यातून जातात,या मुबईतून सुटना्या दोन राजधानिगाड्या पश्चिमब्रेलवेच्या मार्गाने गुजरात राजातून जातात,या मुंबईतून सुटणाऱ्या दोन राजधानी गाडया पश्चिम रेल्वेच्या मार्गाने गुजरात राज्यातून जातात,या मुबईतून सुटना्या दोन राजधानिगाड्या पश्चिमब्रेलवेच्या मार्गाने गुजरात राजातून जातात,13.33,58.33,0,8.13
sample_00854,D:\marathi-asr\data\vistaar_benchmarks\kathbath_noisy\marathi\wavs\844424930649732-823-m.wav,लवकरच प्रकाशित होण्याच्या मार्गावर असलेल्या या कादंबरीच्या निर्मितीमागची खुद्द लेखकाने सांगितलेली गोष्ट,लवकरच प्रकारशित होण्याच्या मार्गावर असलेल्या या कादंबरीच्या निर्मिती मागसी खुद्द लेखकाने सांगितलेली गोष्ट,लवकरच प्रकाशित होण्याच्या मार्गावर असलेल्या या कादंबरीच्या निर्मितीमागची खुद्द लेखकाने सांगितलेली गोष्ट,लवकरच प्रकारशित होण्याच्या मार्गावर असलेल्या या कादंबरीच्या निर्मिती मागसी खुद्द लेखकाने सांगितलेली गोष्ट,2.91,25.0,0,9.85
sample_00855,D:\marathi-asr\data\vistaar_benchmarks\kathbath_noisy\marathi\wavs\844424930649802-823-m.wav,इरफान पठाणने याआधी २०१२ च्या श्रीलंकेच्या दौऱ्याचा उल्लेख केला होता,इिरपां कठारणे ्या आधि दोन हजार बाराच्या शुलंकेच्या दवर्याचा उल्मेत केला होता,इरफान पठाणने याआधी २०१२ च्या श्रीलंकेच्या दौऱ्याचा उल्लेख केला होता,इिरपां कठारणे ्या आधि दोन हजार बाराच्या शुलंकेच्या दवर्याचा उल्मेत केला होता,41.18,100.0,0,6.99
sample_00856,D:\marathi-asr\data\vistaar_benchmarks\kathbath_noisy\marathi\wavs\844424930746729-6-m.wav,प्रत्येक झोपडीत शौचालय बांधणे शक्य नसल्यानं कम्युनिटी टॉयलेट बांधण्यावर भर दिला जाणाराय,प्रत्येक झोपडीत सौचाले बांधने सक्य नसल्यानं कम्ुनिटी ट्ॉलेट बांधण्यावर भर दिला जाणार आहे,प्रत्येक झोपडीत शौचालय बांधणे शक्य नसल्यानं कम्युनिटी टॉयलेट बांधण्यावर भर दिला जाणाराय,प्रत्येक झोपडीत सौचाले बांधने सक्य नसल्यानं कम्ुनिटी ट्ॉलेट बांधण्यावर भर दिला जाणार आहे,12.64,58.33,0,8.71
sample_00857,D:\marathi-asr\data\vistaar_benchmarks\kathbath_noisy\marathi\wavs\844424930328436-60-m.wav,यावेळी पक्षानं पक्षावर नाही तर विरोधी पक्षातील एकेका सदस्यांवर लक्ष ठेऊन आपली नीती ठरवली होती,पडीपक्षांना पक्षा वरना यतर विरोदीपक्षातील एकेकहा सदसयांवर लोकच्या ठेवून आपली निती ठरवली होदी,यावेळी पक्षानं पक्षावर नाही तर विरोधी पक्षातील एकेका सदस्यांवर लक्ष ठेऊन आपली नीती ठरवली होती,पडीपक्षांना पक्षा वरना यतर विरोदीपक्षातील एकेकहा सदसयांवर लोकच्या ठेवून आपली निती ठरवली होदी,26.88,86.67,0,7.13
sample_00858,D:\marathi-asr\data\vistaar_benchmarks\kathbath_noisy\marathi\wavs\844424930323314-60-m.wav,यामुळे मुलाखतीदरम्यान उमेदवारांचा या घटकांकडे पाहण्याचा दृष्टिकोनही तपासला जातो,या मुळू मुला पतीदर्यन निमिद्वाराचा या घठकांकडे पाहाण्याच्या दुष्टी कोणत्य पासला जत?,यामुळे मुलाखतीदरम्यान उमेदवारांचा या घटकांकडे पाहण्याचा दृष्टिकोनही तपासला जातो,या मुळू मुला पतीदर्यन निमिद्वाराचा या घठकांकडे पाहाण्याच्या दुष्टी कोणत्य पासला जत,31.65,122.22,0,5.62
sample_00859,D:\marathi-asr\data\vistaar_benchmarks\kathbath_noisy\marathi\wavs\844424930329014-60-m.wav,फुले आणि शोभेच्या झाडांच्या विविध तिच्या भरपूर कमलपुष्पाप्रमाणे आणि मासे दुर्मिळ प्रजाती एक तळे आहे,होले आणि सोपेच्या दावि्तीच्या भरपूरकलामोपूष्प प्रमालाआणी मासे दूर मिळचकतडे आहेत,फुले आणि शोभेच्या झाडांच्या विविध तिच्या भरपूर कमलपुष्पाप्रमाणे आणि मासे दुर्मिळ प्रजाती एक तळे आहे,होले आणि सोपेच्या दावि्तीच्या भरपूरकलामोपूष्प प्रमालाआणी मासे दूर मिळचकतडे आहेत,43.43,86.67,0,8.52
sample_00860,D:\marathi-asr\data\vistaar_benchmarks\kathbath_noisy\marathi\wavs\844424930649801-823-m.wav,शेजारच्या मदतीने पत्नीला खाली घेऊन तातडीने पाचोड येथील ग्रामीण रुग्णालयात दाखल करण्यात आले,शेजारच्या मदतीने पत्नीला खाली घीऊ ताकडीने पाचू एथि ग्रामीण दिडाल्या दाखल करण्यात आहे,शेजारच्या मदतीने पत्नीला खाली घेऊन तातडीने पाचोड येथील ग्रामीण रुग्णालयात दाखल करण्यात आले,शेजारच्या मदतीने पत्नीला खाली घीऊ ताकडीने पाचू एथि ग्रामीण दिडाल्या दाखल करण्यात आहे,18.89,46.15,0,7.69
sample_00861,D:\marathi-asr\data\vistaar_benchmarks\kathbath_noisy\marathi\wavs\844424930649755-823-m.wav,सावर्ली हे भारताच्या महाराष्ट्र राज्यातील पुणे जिल्ह्यातील आंबेगाव तालुक्यातील एक गाव आहे,तावरली हे भारताच्या महाराष्ट्र राज्यतीत पुन्हे जिल्याती आमदेगाव चालूजासतेत एक गाव आहे,सावर्ली हे भारताच्या महाराष्ट्र राज्यातील पुणे जिल्ह्यातील आंबेगाव तालुक्यातील एक गाव आहे,तावरली हे भारताच्या महाराष्ट्र राज्यतीत पुन्हे जिल्याती आमदेगाव चालूजासतेत एक गाव आहे,22.47,50.0,0,7.59
sample_00862,D:\marathi-asr\data\vistaar_benchmarks\kathbath_noisy\marathi\wavs\844424930819826-6-m.wav,लोकसभा निवडणुकीच्या सहाव्या टप्प्यात रविवारी दिल्लीत मतदान होणार आहे,लोकसभानीवड लोकीच्या सावळ्या टप्यात रेवारी दिल्लित मधदान होणाराआ,लोकसभा निवडणुकीच्या सहाव्या टप्प्यात रविवारी दिल्लीत मतदान होणार आहे,लोकसभानीवड लोकीच्या सावळ्या टप्यात रेवारी दिल्लित मधदान होणाराआ,23.53,100.0,0,5.55
sample_00863,D:\marathi-asr\data\vistaar_benchmarks\kathbath_noisy\marathi\wavs\844424930394072-60-m.wav,किंवा माजी एलिस्ताट गायक जस्टिन फ्रिसमन यांच्या चित्रांवर विचार करा,क्प माझी इलिस्ट्रन डायक आणिच्या स्तूल फेसन महण्यांच्या चित्रावर विचार करा,किंवा माजी एलिस्ताट गायक जस्टिन फ्रिसमन यांच्या चित्रांवर विचार करा,क्प माझी इलिस्ट्रन डायक आणिच्या स्तूल फेसन महण्यांच्या चित्रावर विचार करा,44.78,90.0,0,5.27
sample_00864,D:\marathi-asr\data\vistaar_benchmarks\kathbath_noisy\marathi\wavs\844424930819850-6-m.wav,जाता जाता त्यांनी सुमित भोसले यांच्या घराचा दरवाजा तोडण्याचा प्रयत्न केला,जाता जाता त्यांनी सुवित बोसले यांच्या घराचा दरवाजा तोडण्याचा प्रयत्न केला,जाता जाता त्यांनी सुमित भोसले यांच्या घराचा दरवाजा तोडण्याचा प्रयत्न केला,जाता जाता त्यांनी सुवित बोसले यांच्या घराचा दरवाजा तोडण्याचा प्रयत्न केला,2.74,18.18,0,7.04
sample_00865,D:\marathi-asr\data\vistaar_benchmarks\kathbath_noisy\marathi\wavs\844424930328376-60-m.wav,परळी वैजनाथ येथे पंकजा मुंडे यांनी स्वाभीमानी मेळाव्याचे आयोजन केले आहे,पराटी वैजनात एथी पंकाच्या मू्ये आणि सॉामीमधने विळावते आवोजन केले आहे,परळी वैजनाथ येथे पंकजा मुंडे यांनी स्वाभीमानी मेळाव्याचे आयोजन केले आहे,पराटी वैजनात एथी पंकाच्या मू्ये आणि सॉामीमधने विळावते आवोजन केले आहे,42.25,81.82,0,5.39
sample_00866,D:\marathi-asr\data\vistaar_benchmarks\kathbath_noisy\marathi\wavs\844424930746714-6-m.wav,यात पक्षांकडून पहिल्या क्रंमाकावर टेकचंद सावरकर तर दुसऱ्या क्रंमाकावर अनिल निधान यांचे नाव होते,यात पक्षांकडून पहिल्या क्रमांकावर तेचल सावरकर तर दुस्या क्रमांकावर आणिन निधान यांचे नाव होते,यात पक्षांकडून पहिल्या क्रंमाकावर टेकचंद सावरकर तर दुसऱ्या क्रंमाकावर अनिल निधान यांचे नाव होते,यात पक्षांकडून पहिल्या क्रमांकावर तेचल सावरकर तर दुस्या क्रमांकावर आणिन निधान यांचे नाव होते,13.54,35.71,0,10.73
sample_00867,D:\marathi-asr\data\vistaar_benchmarks\kathbath_noisy\marathi\wavs\844424930649816-823-m.wav,ही भिंत वारंवार तोडली जात असल्यामुळे महापालिकेने ही संरक्षक भिंत बांधण्याचा निर्णय घेतला,हीभींत वारमाट तोडली जात असल्यामुळे महापाली केले ही संरक्षण बिंत बां्याचा निर्णय घेतला,ही भिंत वारंवार तोडली जात असल्यामुळे महापालिकेने ही संरक्षक भिंत बांधण्याचा निर्णय घेतला,हीभींत वारमाट तोडली जात असल्यामुळे महापाली केले ही संरक्षण बिंत बां्याचा निर्णय घेतला,13.64,61.54,0,8.57
sample_00868,D:\marathi-asr\data\vistaar_benchmarks\kathbath_noisy\marathi\wavs\844424930328404-60-m.wav,या दुर्घटनेत मृत्युमुखी पडणाऱ्यांमध्ये रिक्षाचालक आणि अन्य एकाचा समावेश आहे,मकमोठी पणार्ंमध्ये ह िक्षा चालक आणि अन्यस एकांत्या समान शहा,या दुर्घटनेत मृत्युमुखी पडणाऱ्यांमध्ये रिक्षाचालक आणि अन्य एकाचा समावेश आहे,मकमोठी पणार्ंमध्ये ह िक्षा चालक आणि अन्यस एकांत्या समान शहा,48.68,90.0,0,5.46
sample_00869,D:\marathi-asr\data\vistaar_benchmarks\kathbath_noisy\marathi\wavs\844424930746740-6-m.wav,आज सकाळी ही याचिका सदावर्ते यांनी उच्च न्यायालय रजिस्ट्रारकडे सादर केली,आर् सकाळीही याचिका स्तजावरते ्यांनी उच्चनायलय अजिस्त्राकडे साधार केली,आज सकाळी ही याचिका सदावर्ते यांनी उच्च न्यायालय रजिस्ट्रारकडे सादर केली,आर् सकाळीही याचिका स्तजावरते ्यांनी उच्चनायलय अजिस्त्राकडे साधार केली,23.94,81.82,0,8.87
sample_00870,D:\marathi-asr\data\vistaar_benchmarks\kathbath_noisy\marathi\wavs\844424930328464-60-m.wav,लोक आता चित्रपटाच्या पडद्यावरून किंवा पुस्तकांमधून बाहेर पडत प्रत्यक्ष घडामोडी पाहू इच्छित आहेत,लोका आता उप्रपणाचा प्रज्यांवरून किंवा पुस्तका मधून बाहेर पळत पत्यक्षामवामुळीमचिक्त आहे,लोक आता चित्रपटाच्या पडद्यावरून किंवा पुस्तकांमधून बाहेर पडत प्रत्यक्ष घडामोडी पाहू इच्छित आहेत,लोका आता उप्रपणाचा प्रज्यांवरून किंवा पुस्तका मधून बाहेर पळत पत्यक्षामवामुळीमचिक्त आहे,32.63,84.62,0,7.85
sample_00871,D:\marathi-asr\data\vistaar_benchmarks\kathbath_noisy\marathi\wavs\844424930649741-823-m.wav,वरील सर्व ज्युदोपटू हे मिरजकर तिकटी येथील न्यू ज्युदो प्रशिक्षण केंद्रात सराव करत आहेत,वरीलसर्व जुधपटव हे मिरजकर इक्टी यखील नियोजुडो प्रशिक्षण केंद्रा सराकरत आहेत,वरील सर्व ज्युदोपटू हे मिरजकर तिकटी येथील न्यू ज्युदो प्रशिक्षण केंद्रात सराव करत आहेत,वरीलसर्व जुधपटव हे मिरजकर इक्टी यखील नियोजुडो प्रशिक्षण केंद्रा सराकरत आहेत,23.26,71.43,0,9.17
sample_00872,D:\marathi-asr\data\vistaar_benchmarks\kathbath_noisy\marathi\wavs\844424930649763-823-m.wav,गरीब व गरजूंसाठी दुपारी १२ ते २ वाजेपर्यंत शिवभोजन योजनेचा लाभ घेता येणार आहे,गरीब व गरजूनसाठी दुपारी बाराते दोन वाजेपर्यंत शिवभोजन योजनेचा लाभ घेता येणार आहे,गरीब व गरजूंसाठी दुपारी १२ ते २ वाजेपर्यंत शिवभोजन योजनेचा लाभ घेता येणार आहे,गरीब व गरजूनसाठी दुपारी बाराते दोन वाजेपर्यंत शिवभोजन योजनेचा लाभ घेता येणार आहे,10.39,28.57,0,8.31
sample_00873,D:\marathi-asr\data\vistaar_benchmarks\kathbath_noisy\marathi\wavs\844424930819865-6-m.wav,तर श्रीसंतने यशस्वी कमबॅक करत पहिल्या इनिंगमध्ये पाच विकेट्स घेतल्या,तर स्वीसंतने रशस्वी कंबयात करत पहिला यनिंगमध्ये पाच केट घेतला,तर श्रीसंतने यशस्वी कमबॅक करत पहिल्या इनिंगमध्ये पाच विकेट्स घेतल्या,तर स्वीसंतने रशस्वी कंबयात करत पहिला यनिंगमध्ये पाच केट घेतला,23.53,70.0,0,7.57
sample_00874,D:\marathi-asr\data\vistaar_benchmarks\kathbath_noisy\marathi\wavs\844424930649726-823-m.wav,मारिया लालझरे आणि हरबक भागवत अशी मृतांची नावं आहेत,मार्या लाल झरे आणि हार्बक भागत अशीमृतांची नावल आहेत,मारिया लालझरे आणि हरबक भागवत अशी मृतांची नावं आहेत,मार्या लाल झरे आणि हार्बक भागत अशीमृतांची नावल आहेत,14.0,88.89,0,5.85
sample_00875,D:\marathi-asr\data\vistaar_benchmarks\kathbath_noisy\marathi\wavs\844424930649723-823-m.wav,आपला एजंट फोन किंवा ईमेलद्वारे पोहोचणे किंवा संदेशांना प्रतिसाद देण्यासाठी बराच वेळ घेतो,आपला एजंट फोन किंवा इमेंद्वारे पहोजने किंवा संदेशांना प्रतिसाध देण्यासाठी बराच वेट घेतो,आपला एजंट फोन किंवा ईमेलद्वारे पोहोचणे किंवा संदेशांना प्रतिसाद देण्यासाठी बराच वेळ घेतो,आपला एजंट फोन किंवा इमेंद्वारे पहोजने किंवा संदेशांना प्रतिसाध देण्यासाठी बराच वेट घेतो,7.95,30.77,0,9.26
sample_00876,D:\marathi-asr\data\vistaar_benchmarks\kathbath_noisy\marathi\wavs\844424930649811-823-m.wav,त्यामुळे पाण्याविना अनेक शेतकर्यांना कांद्याची पेरणीच करता आली नव्हती,त्यामुळे पाण्याविना अनेक शकरांना काद्याची पेरणीच करता आणि होते,त्यामुळे पाण्याविना अनेक शेतकर्यांना कांद्याची पेरणीच करता आली नव्हती,त्यामुळे पाण्याविना अनेक शकरांना काद्याची पेरणीच करता आणि होते,17.39,44.44,0,6.13
sample_00877,D:\marathi-asr\data\vistaar_benchmarks\kathbath_noisy\marathi\wavs\844424930394107-60-m.wav,सुदृढ राहण्यासाठी पौष्टीक आहार आणि पुरेसं पाणी शरीरात जाणं अत्यंत गरजेचं आहे,सुद्ृष्ट राहण्यासाठी पौष्टिक आहार आणि पोरस पाणी शरीरात ज्याणे अत्यंत गरजेचे आहे,सुदृढ राहण्यासाठी पौष्टीक आहार आणि पुरेसं पाणी शरीरात जाणं अत्यंत गरजेचं आहे,सुद्ृष्ट राहण्यासाठी पौष्टिक आहार आणि पोरस पाणी शरीरात ज्याणे अत्यंत गरजेचे आहे,15.79,41.67,0,5.78
sample_00878,D:\marathi-asr\data\vistaar_benchmarks\kathbath_noisy\marathi\wavs\844424930746748-6-m.wav,एका परीने मोदींच्या नेतृत्वाची धाटणी वर सांगितलेल्या लोकशाहीच्या संस्कृतीत बसणारी नाही,एका परीणे मोदीचयनित्रत्वाची धाटणी व सांगितलेल्या लोकशाईच्या संस्कृतीत बसणारी नाही,एका परीने मोदींच्या नेतृत्वाची धाटणी वर सांगितलेल्या लोकशाहीच्या संस्कृतीत बसणारी नाही,एका परीणे मोदीचयनित्रत्वाची धाटणी व सांगितलेल्या लोकशाईच्या संस्कृतीत बसणारी नाही,12.79,45.45,0,9.36
sample_00879,D:\marathi-asr\data\vistaar_benchmarks\kathbath_noisy\marathi\wavs\844424930323301-60-m.wav,जितके शक्य असेल तितके जाणून घ्या आणि सतत प्रेरणा घ्या,सिच्चे शक्य असेल तिके जानगघ्या आणि सतत प्रिरणा घ्या,जितके शक्य असेल तितके जाणून घ्या आणि सतत प्रेरणा घ्या,सिच्चे शक्य असेल तिके जानगघ्या आणि सतत प्रिरणा घ्या,16.98,50.0,0,4.48
sample_00880,D:\marathi-asr\data\vistaar_benchmarks\kathbath_noisy\marathi\wavs\844424930329057-60-m.wav,याप्रकरणी भोसरी पोलिसांनी अज्ञात आरोपींविरोधात खुनाचा गुन्हा दाखल केला आहे,प्रकर िवो सविकनेसंव केट पेमेंट आायरेवायविरी एफ एेंद्वा्या गु्ंदा करते ाहे,याप्रकरणी भोसरी पोलिसांनी अज्ञात आरोपींविरोधात खुनाचा गुन्हा दाखल केला आहे,प्रकर िवो सविकनेसंव केट पेमेंट आायरेवायविरी एफ एेंद्वा्या गु्ंदा करते ाहे,71.62,110.0,0,5.92
sample_00881,D:\marathi-asr\data\vistaar_benchmarks\kathbath_noisy\marathi\wavs\844424930819855-6-m.wav,ती फक्त यशराज फिल्म्सच्या चित्रपटात काम करत आहे आणि चर्चेपासून अलिप्त रहात आहे,ती फक्त यसराज फ्रिनसच्या चित्र पठात काम करत आहे आणि चरचेपासून अलेक्त रहात आहे,ती फक्त यशराज फिल्म्सच्या चित्रपटात काम करत आहे आणि चर्चेपासून अलिप्त रहात आहे,ती फक्त यसराज फ्रिनसच्या चित्र पठात काम करत आहे आणि चरचेपासून अलेक्त रहात आहे,14.1,46.15,0,7.52
sample_00882,D:\marathi-asr\data\vistaar_benchmarks\kathbath_noisy\marathi\wavs\844424930323287-60-m.wav,कांद्याचे भाव उत्पादन खर्चापेक्षा कमी मिळत असल्याने देशभरातील शेतकरी पेटला आहे,अंद्याचे भाव उत्पादन खारच्यापेक्षा कमी मिळत असल्याने देशभरातील शेतकरी पेडला आहे,कांद्याचे भाव उत्पादन खर्चापेक्षा कमी मिळत असल्याने देशभरातील शेतकरी पेटला आहे,अंद्याचे भाव उत्पादन खारच्यापेक्षा कमी मिळत असल्याने देशभरातील शेतकरी पेडला आहे,7.69,27.27,0,5.92
sample_00883,D:\marathi-asr\data\vistaar_benchmarks\kathbath_noisy\marathi\wavs\844424930394068-60-m.wav,एसबीआयने आपल्या किमान शिल्लक नियमातही अनेकांना दिलासा दिला आहे,.बी.आय ने आपल्या किमान शुल्लक नियमातहे अनेकांना दिल्लासा दिला आहे,एसबीआयने आपल्या किमान शिल्लक नियमातही अनेकांना दिलासा दिला आहे,बी आय ने आपल्या किमान शुल्लक नियमातहे अनेकांना दिल्लासा दिला आहे,12.9,66.67,0,4.9
sample_00884,D:\marathi-asr\data\vistaar_benchmarks\kathbath_noisy\marathi\wavs\844424930331458-60-m.wav,अनेक गोष्टी माधुरी दीक्षित सोशल मीडियावर शेअर करत असते,आत्येक ्ृोष्टी माधिरी सिचितूनचा मिर्यावर तेअार करक असते,अनेक गोष्टी माधुरी दीक्षित सोशल मीडियावर शेअर करत असते,आत्येक ्ृोष्टी माधिरी सिचितूनचा मिर्यावर तेअार करक असते,42.59,88.89,0,3.83
sample_00885,D:\marathi-asr\data\vistaar_benchmarks\kathbath_noisy\marathi\wavs\844424930649799-823-m.wav,उंच इमारतीवरुन उडया मारतानाचे अनेक व्हिडिओ तुम्हाला त्यांच्या चॅनेलवर पाहायला मिळतील,फोनचा इमारतीवरू उळ्या मारतानाचे अनेक गेडीय तुम्हाला त्याच्या चाल्यांवर पाहायला मिळतील,उंच इमारतीवरुन उडया मारतानाचे अनेक व्हिडिओ तुम्हाला त्यांच्या चॅनेलवर पाहायला मिळतील,फोनचा इमारतीवरू उळ्या मारतानाचे अनेक गेडीय तुम्हाला त्याच्या चाल्यांवर पाहायला मिळतील,25.0,54.55,0,7.29
sample_00886,D:\marathi-asr\data\vistaar_benchmarks\kathbath_noisy\marathi\wavs\844424930394118-60-m.wav,भुजबळ गुरुजींच्या मार्गदर्शनाखाली प्रवीणने खेळामध्ये जिद्द आणि चिकाटीच्या जोरावर क्रीडा प्रबोधिनीतून यश मिळवले,सळबुरजीच्या मार्गदसनखाली पमीनने खेडामध्ये जिद्द आणि चिकाटीच्या जोरावर क्रिडा समुतींतू नियस मिळवले,भुजबळ गुरुजींच्या मार्गदर्शनाखाली प्रवीणने खेळामध्ये जिद्द आणि चिकाटीच्या जोरावर क्रीडा प्रबोधिनीतून यश मिळवले,सळबुरजीच्या मार्गदसनखाली पमीनने खेडामध्ये जिद्द आणि चिकाटीच्या जोरावर क्रिडा समुतींतू नियस मिळवले,27.27,61.54,0,7.52
sample_00887,D:\marathi-asr\data\vistaar_benchmarks\kathbath_noisy\marathi\wavs\844424930819844-6-m.wav,त्यामुळे समुद्रात मोठं मोठ्या माशांमध्ये देखील तो सुरक्षित राहतो,क्रामुळे समुद्रात मोठ मोठ्या माशांमध्ये देखीलत सुरक्षित राहते,त्यामुळे समुद्रात मोठं मोठ्या माशांमध्ये देखील तो सुरक्षित राहतो,क्रामुळे समुद्रात मोठ मोठ्या माशांमध्ये देखीलत सुरक्षित राहते,9.38,55.56,0,6.27
sample_00888,D:\marathi-asr\data\vistaar_benchmarks\kathbath_noisy\marathi\wavs\844424930649739-823-m.wav,मधल्या फळीत एकाला मोठी खेळी करावी लागेल तर दुसऱ्याने डाव सावरला पाहिजे,मधल्याफईीत एकाला मोठी ठेळी करावी लागेल तर दुसराने दावसावरला पाहिजे,मधल्या फळीत एकाला मोठी खेळी करावी लागेल तर दुसऱ्याने डाव सावरला पाहिजे,मधल्याफईीत एकाला मोठी ठेळी करावी लागेल तर दुसराने दावसावरला पाहिजे,11.27,50.0,0,6.29
sample_00889,D:\marathi-asr\data\vistaar_benchmarks\kathbath_noisy\marathi\wavs\844424930394060-60-m.wav,हे घड्याळ गेल्या वर्षी आंतरराष्ट्रीय स्तरावर लॉन्च करण्यात आलं होतं,ठेळ घाडाळ गेल्यावराची आंतरराष्ट्रीय स्तरावर लाल करण्यात आल होतो,हे घड्याळ गेल्या वर्षी आंतरराष्ट्रीय स्तरावर लॉन्च करण्यात आलं होतं,ठेळ घाडाळ गेल्यावराची आंतरराष्ट्रीय स्तरावर लाल करण्यात आल होतो,20.9,70.0,0,4.64
sample_00890,D:\marathi-asr\data\vistaar_benchmarks\kathbath_noisy\marathi\wavs\844424930344964-60-m.wav,या चारही घटनांचे धागेदोरे एकमेकांत गुंतले असल्याचे विविध तपास यंत्रणांच्या तपासातून समोर आले आहे,ानिन घटनंकि ताती विशरितमिकात गुंडतले असल्याचे विविध तपास यंत्र क्या तपासा के सधर आले आहे,या चारही घटनांचे धागेदोरे एकमेकांत गुंतले असल्याचे विविध तपास यंत्रणांच्या तपासातून समोर आले आहे,ानिन घटनंकि ताती विशरितमिकात गुंडतले असल्याचे विविध तपास यंत्र क्या तपासा के सधर आले आहे,33.33,78.57,0,7.2
sample_00891,D:\marathi-asr\data\vistaar_benchmarks\kathbath_noisy\marathi\wavs\844424930331452-60-m.wav,तुम्ही बांगलादेशात जाऊन आल्यामुळे तेथे शक्तितत्त्व कार्यरत झाले आहे,तुम्ही बां्या देशात जाऊ आल्यामुळे एथे शक्तीतत्व कार्यारत झाले आहे,तुम्ही बांगलादेशात जाऊन आल्यामुळे तेथे शक्तितत्त्व कार्यरत झाले आहे,तुम्ही बां्या देशात जाऊ आल्यामुळे एथे शक्तीतत्व कार्यारत झाले आहे,14.93,66.67,0,4.92
sample_00892,D:\marathi-asr\data\vistaar_benchmarks\kathbath_noisy\marathi\wavs\844424930649722-823-m.wav,अगाथा ख्रिस्ती या लेखिकेच्या २७ इंग्रजी कादंबऱ्यांचा मराठी अनुवादही त्यांनी केला होता,अगाथा करिस्थी या देखिकेच्या सत्तावीस इंग्रजी कादंबरांचा मराठी अनुवादही त्यांनी केला होता,अगाथा ख्रिस्ती या लेखिकेच्या २७ इंग्रजी कादंबऱ्यांचा मराठी अनुवादही त्यांनी केला होता,अगाथा करिस्थी या देखिकेच्या सत्तावीस इंग्रजी कादंबरांचा मराठी अनुवादही त्यांनी केला होता,17.44,33.33,0,8.36
sample_00893,D:\marathi-asr\data\vistaar_benchmarks\kathbath_noisy\marathi\wavs\844424930649784-823-m.wav,नियमित मासिक पाळी येणं आणि ती नियंत्रित व आसविरहीत असणं गर्भधारणेसाठी आवश्यक आहे,नियमित मासिक कारीयन आणि की नियंत्रित व आसविरहितअसण गर्बधारणेसाठी आवश्यक आहे,नियमित मासिक पाळी येणं आणि ती नियंत्रित व आसविरहीत असणं गर्भधारणेसाठी आवश्यक आहे,नियमित मासिक कारीयन आणि की नियंत्रित व आसविरहितअसण गर्बधारणेसाठी आवश्यक आहे,13.75,46.15,0,8.22
sample_00894,D:\marathi-asr\data\vistaar_benchmarks\kathbath_noisy\marathi\wavs\844424930649756-823-m.wav,यावेळच्या विधानसभा निवडणुकीत आपल्या मुलामुळं वडिलांची प्रतिष्ठा पणाला लागलेली पाहायला मिळतेय,यावेळच्या विधानसभा निवडलुकेत आपल्या मुळामुळ वडिलांची प्रदिष्ट पणाला लागलेली पाहायला मिळते,यावेळच्या विधानसभा निवडणुकीत आपल्या मुलामुळं वडिलांची प्रतिष्ठा पणाला लागलेली पाहायला मिळतेय,यावेळच्या विधानसभा निवडलुकेत आपल्या मुळामुळ वडिलांची प्रदिष्ट पणाला लागलेली पाहायला मिळते,8.7,36.36,0,8.57
sample_00895,D:\marathi-asr\data\vistaar_benchmarks\kathbath_noisy\marathi\wavs\844424930649789-823-m.wav,जगभरातील अनेक देशांनी भारताला ऑक्सिजन सिलेंडर आणि ऑक्सिजन पुरवठ्यासाठी आवश्यक घटकांची वैद्यकीय मदत पाठवली होती,जगभरातील अनेक देशांनी भारताला ऑक्सिजन सिलिंडर आणि ऑक्सिजन पुरवठ्यासाठी आवश्यक घटकांची वैदखीय मदत पाठवली होती,जगभरातील अनेक देशांनी भारताला ऑक्सिजन सिलेंडर आणि ऑक्सिजन पुरवठ्यासाठी आवश्यक घटकांची वैद्यकीय मदत पाठवली होती,जगभरातील अनेक देशांनी भारताला ऑक्सिजन सिलिंडर आणि ऑक्सिजन पुरवठ्यासाठी आवश्यक घटकांची वैदखीय मदत पाठवली होती,3.64,13.33,0,10.94
sample_00896,D:\marathi-asr\data\vistaar_benchmarks\kathbath_noisy\marathi\wavs\844424930331410-60-m.wav,श्वानपथक घराभोवती घुटमळले असल्याने चोरट्यांंचा कोणताही पुरावा सापडला नाही,घरावती बूट मडल्य असल्याने चोवरा डांच्या कोणताही पुरावा सापडला नाहे,श्वानपथक घराभोवती घुटमळले असल्याने चोरट्यांंचा कोणताही पुरावा सापडला नाही,घरावती बूट मडल्य असल्याने चोवरा डांच्या कोणताही पुरावा सापडला नाहे,34.25,66.67,0,4.43
sample_00897,D:\marathi-asr\data\vistaar_benchmarks\kathbath_noisy\marathi\wavs\844424930329017-60-m.wav,त्यानंतर त्यांनी दत्तात्रय चौधरी यांच्याविरुद्ध लाचलुचपत प्रतिबंधक विभागात तक्रार केली,त त्ांली जातत्राचो परियांच्या विरुदलाच लूच्पत पतीबंधक विभागात तकरार केले,त्यानंतर त्यांनी दत्तात्रय चौधरी यांच्याविरुद्ध लाचलुचपत प्रतिबंधक विभागात तक्रार केली,त त्ांली जातत्राचो परियांच्या विरुदलाच लूच्पत पतीबंधक विभागात तकरार केले,37.21,90.0,0,6.25
sample_00898,D:\marathi-asr\data\vistaar_benchmarks\kathbath_noisy\marathi\wavs\844424930328987-60-m.wav,याचीच सगळ्यात जास्त चर्चा असताना आता शेवटच्या क्षणी आणखी एक ट्विस्ट आला आहे,यांची सगळ्यात जास्त ज्याज्या असाना आता शेवटच्या शनी आणकी एक फ्विट आला आहे,याचीच सगळ्यात जास्त चर्चा असताना आता शेवटच्या क्षणी आणखी एक ट्विस्ट आला आहे,यांची सगळ्यात जास्त ज्याज्या असाना आता शेवटच्या शनी आणकी एक फ्विट आला आहे,22.67,46.15,0,5.9
sample_00899,D:\marathi-asr\data\vistaar_benchmarks\kathbath_noisy\marathi\wavs\844424930819840-6-m.wav,योग्य वेळी त्यावर उपचार करणे हाच त्यावरचा उत्तम मार्ग आहे,योग्य वेळी त्यावर उपचार करणे हात त्यावरचा उत्तम मार्गा आहे,योग्य वेळी त्यावर उपचार करणे हाच त्यावरचा उत्तम मार्ग आहे,योग्य वेळी त्यावर उपचार करणे हात त्यावरचा उत्तम मार्गा आहे,3.51,20.0,0,4.71
sample_00900,D:\marathi-asr\data\vistaar_benchmarks\kathbath_noisy\marathi\wavs\844424930649779-823-m.wav,कितीही पर्याय आणि वाटा शोधल्या तरीही वाहतूक कोंडी कोणाला चुकलेली नाही,कितीही पर्याय आणि वाटा शोधया तरीजी वाहतू कोंडी कोणाला सुपलेली नाही,कितीही पर्याय आणि वाटा शोधल्या तरीही वाहतूक कोंडी कोणाला चुकलेली नाही,कितीही पर्याय आणि वाटा शोधया तरीजी वाहतू कोंडी कोणाला सुपलेली नाही,8.7,36.36,0,5.78
sample_00901,D:\marathi-asr\data\vistaar_benchmarks\kathbath_noisy\marathi\wavs\844424930649728-823-m.wav,शेतकऱ्यांना कर्जमाफी देण्यात यावी अशी विधिमंडळातील १५० पेक्षा जास्त सदस्यांची मागणी आहे,शेतक्यांना कर्ज माफी देण्यात यावी अशी विधीमंडळातील एक्शे पन्नासपेक्षा जास्त सदस्यांची मागणी आहे,शेतकऱ्यांना कर्जमाफी देण्यात यावी अशी विधिमंडळातील १५० पेक्षा जास्त सदस्यांची मागणी आहे,शेतक्यांना कर्ज माफी देण्यात यावी अशी विधीमंडळातील एक्शे पन्नासपेक्षा जास्त सदस्यांची मागणी आहे,17.05,50.0,0,9.03
sample_00902,D:\marathi-asr\data\vistaar_benchmarks\kathbath_noisy\marathi\wavs\844424930649798-823-m.wav,या अधिवेशनाचे कौतुक पुणे जिल्हयासह राज्यातील अनेक पत्रकारांनी केले,या अधिवेशणाचे कौतूक पुने जिलल्यासह राज्यातील अनेक पत्रकारांनी केले,या अधिवेशनाचे कौतुक पुणे जिल्हयासह राज्यातील अनेक पत्रकारांनी केले,या अधिवेशणाचे कौतूक पुने जिलल्यासह राज्यातील अनेक पत्रकारांनी केले,7.58,44.44,0,6.25
sample_00903,D:\marathi-asr\data\vistaar_benchmarks\kathbath_noisy\marathi\wavs\844424930329048-60-m.wav,पतिसेवा हीच तिची गुरुसेवा आणि गृहकृत्ये हेच तिचे यज्ञकृत्य होय,प्रति सेवा आहे तिचे गुरु सेवा आणि गुृवणूक कोते हे तिचे यद्य पृत्ते होहे,पतिसेवा हीच तिची गुरुसेवा आणि गृहकृत्ये हेच तिचे यज्ञकृत्य होय,प्रति सेवा आहे तिचे गुरु सेवा आणि गुृवणूक कोते हे तिचे यद्य पृत्ते होहे,40.32,120.0,0,6.78
sample_00904,D:\marathi-asr\data\vistaar_benchmarks\kathbath_noisy\marathi\wavs\844424930328459-60-m.wav,माझ्या कर्जाच्या सूट वर कंबर एक बाहुली वर घट्ट असेल तर,या कराज्याच्या सूतवतंबा एक लावली खट्ट असेलतर,माझ्या कर्जाच्या सूट वर कंबर एक बाहुली वर घट्ट असेल तर,या कराज्याच्या सूतवतंबा एक लावली खट्ट असेलतर,38.89,90.91,0,4.78
sample_00905,D:\marathi-asr\data\vistaar_benchmarks\kathbath_noisy\marathi\wavs\844424930649792-823-m.wav,श्रीलंकेतील हल्ल्याच्या एक महिनाआधीच त्याची कल्पना भारतीय गुप्तचर संस्थांनी दिली होती,श्वलंकेतील हाल्ल्याच्या एक महिना आधीज त्याची कल्पना भारतीय गुक्तच संस्थानी दिली होती,श्रीलंकेतील हल्ल्याच्या एक महिनाआधीच त्याची कल्पना भारतीय गुप्तचर संस्थांनी दिली होती,श्वलंकेतील हाल्ल्याच्या एक महिना आधीज त्याची कल्पना भारतीय गुक्तच संस्थानी दिली होती,9.41,54.55,0,7.83
sample_00906,D:\marathi-asr\data\vistaar_benchmarks\kathbath_noisy\marathi\wavs\844424930819816-6-m.wav,एकही एकही गोळी न चालवता चीनने आपले २० जवान मारले आहेत,एकाही एकही गोळील चालळता चिनगने आपले वीज जवाण मारले आहेत,एकही एकही गोळी न चालवता चीनने आपले २० जवान मारले आहेत,एकाही एकही गोळील चालळता चिनगने आपले वीज जवाण मारले आहेत,18.87,63.64,0,6.48
sample_00907,D:\marathi-asr\data\vistaar_benchmarks\kathbath_noisy\marathi\wavs\844424930394049-60-m.wav,डिजिटल विक्रीसाठी सरते शेवटी हे प्रमाणित केले गेले होते,टल विकासासाठी साध्ये शेवटी हे प्ामाणे केले गेले होते,डिजिटल विक्रीसाठी सरते शेवटी हे प्रमाणित केले गेले होते,टल विकासासाठी साध्ये शेवटी हे प्ामाणे केले गेले होते,25.45,44.44,0,4.64
sample_00908,D:\marathi-asr\data\vistaar_benchmarks\kathbath_noisy\marathi\wavs\844424930746734-6-m.wav,जामिनावर मुक्तता झालेल्या अशोकने पोलिसांवर गंभीर आरोप केले आहेत,जामिनावर मुक्तता झालेल्या आशोकने पोलिसांबर गंबीर आरोग केलेा आहेत,जामिनावर मुक्तता झालेल्या अशोकने पोलिसांवर गंभीर आरोप केले आहेत,जामिनावर मुक्तता झालेल्या आशोकने पोलिसांबर गंबीर आरोग केलेा आहेत,7.94,55.56,0,7.04
sample_00909,D:\marathi-asr\data\vistaar_benchmarks\kathbath_noisy\marathi\wavs\844424930331421-60-m.wav,नैराश्याने ग्रासलेल्या कदम याने २३ मार्च रोजी मंत्रालयाच्या दारात विष प्राशन केले होते,टशानेगरासलेल्या कदा मेिन्यतेवीस मार्जरोगी मंत्रालयाच्या दारात वी प्रासन केले होते,नैराश्याने ग्रासलेल्या कदम याने २३ मार्च रोजी मंत्रालयाच्या दारात विष प्राशन केले होते,टशानेगरासलेल्या कदा मेिन्यतेवीस मार्जरोगी मंत्रालयाच्या दारात वी प्रासन केले होते,27.91,69.23,0,5.99
sample_00910,D:\marathi-asr\data\vistaar_benchmarks\kathbath_noisy\marathi\wavs\844424930819814-6-m.wav,मात्र स्वीकृत सदस्य नियुक्तीसाठी सभा घेण्याचे टाळले जात होते,मात्र स्विकृत सदस्य नियुतीसाठी सभा घेण्याचे टाळले जात होते,मात्र स्वीकृत सदस्य नियुक्तीसाठी सभा घेण्याचे टाळले जात होते,मात्र स्विकृत सदस्य नियुतीसाठी सभा घेण्याचे टाळले जात होते,5.0,22.22,0,6.25
sample_00911,D:\marathi-asr\data\vistaar_benchmarks\kathbath_noisy\marathi\wavs\844424930649818-823-m.wav,त्यामुळे तीनशे रुपयाच्या खतांच्या गोणीबरोबरच दुसरी सुद्धा खताची गोणी खरेदी करावी लागत आहे,त्यामुळे तिनशय रुपयाच्या खतांच्या गोनीबरोबरच दुसरी सुधा खताची फुणी खरेदी करावी लागत आहे,त्यामुळे तीनशे रुपयाच्या खतांच्या गोणीबरोबरच दुसरी सुद्धा खताची गोणी खरेदी करावी लागत आहे,त्यामुळे तिनशय रुपयाच्या खतांच्या गोनीबरोबरच दुसरी सुधा खताची फुणी खरेदी करावी लागत आहे,7.87,30.77,0,8.8
sample_00912,D:\marathi-asr\data\vistaar_benchmarks\kathbath_noisy\marathi\wavs\844424930819873-6-m.wav,या चारही आरोपींच्या शवविच्छेदनाचे व्हिडीओ चित्रीकरणही करण्यात आले आहे,याचारही आरोकंच्या सववित्छिधनाचे विडियो चित्रीकरणही करण्यात आलेय आहे,या चारही आरोपींच्या शवविच्छेदनाचे व्हिडीओ चित्रीकरणही करण्यात आले आहे,याचारही आरोकंच्या सववित्छिधनाचे विडियो चित्रीकरणही करण्यात आलेय आहे,18.84,66.67,0,7.59
sample_00913,D:\marathi-asr\data\vistaar_benchmarks\kathbath_noisy\marathi\wavs\844424930819888-6-m.wav,करिनाच्या याच बर्थडे पार्टीचे फोटो आणि व्हिडीओ सोशल मीडियावर व्हायरल होत आहेत,करीणाचा यात बर्यपाटीचे पोटो आणि वेळीिओ सोषल मिर्यावर वारल होत आहे,करिनाच्या याच बर्थडे पार्टीचे फोटो आणि व्हिडीओ सोशल मीडियावर व्हायरल होत आहेत,करीणाचा यात बर्यपाटीचे पोटो आणि वेळीिओ सोषल मिर्यावर वारल होत आहे,32.47,83.33,0,6.52
sample_00914,D:\marathi-asr\data\vistaar_benchmarks\kathbath_noisy\marathi\wavs\844424930746708-6-m.wav,त्यामुळे बंगालची वाटचाल राष्ट्रपती राजवटीच्या दिशेनं सुरु आहे का असाही सवाल उपस्थित होतोय,त्यामुळे बददायची वाढता राष्ट्रय पती राजवटीच्या दिशेने सुरू आहे का असाही सभाल बसतेत,त्यामुळे बंगालची वाटचाल राष्ट्रपती राजवटीच्या दिशेनं सुरु आहे का असाही सवाल उपस्थित होतोय,त्यामुळे बददायची वाढता राष्ट्रय पती राजवटीच्या दिशेने सुरू आहे का असाही सभाल बसतेत,23.6,69.23,0,9.17
sample_00915,D:\marathi-asr\data\vistaar_benchmarks\kathbath_noisy\marathi\wavs\844424930345010-60-m.wav,ज्यावेळी त्याला अटक केली तेव्हा तो नशेत होता असेही पोलिसांनी सांगितले होते,ार.डी कानारक कनू सबास सं तर सरकाराच्या ्ेठी कार्ये साग विकने होते,ज्यावेळी त्याला अटक केली तेव्हा तो नशेत होता असेही पोलिसांनी सांगितले होते,ार डी कानारक कनू सबास सं तर सरकाराच्या ्ेठी कार्ये साग विकने होते,67.57,100.0,0,4.5
sample_00916,D:\marathi-asr\data\vistaar_benchmarks\kathbath_noisy\marathi\wavs\844424930329049-60-m.wav,एक दोन नव्हे तर तब्बल सोळा प्रकारच्या बुरशी नोटांवर असल्याचं उजेडात आलंय,तुमह नता कपा सोड्या प्काच्या बुरशी मोटवा अस्स तय आलआहे,एक दोन नव्हे तर तब्बल सोळा प्रकारच्या बुरशी नोटांवर असल्याचं उजेडात आलंय,तुमह नता कपा सोड्या प्काच्या बुरशी मोटवा अस्स तय आलआहे,55.56,91.67,0,4.57
sample_00917,D:\marathi-asr\data\vistaar_benchmarks\kathbath_noisy\marathi\wavs\844424930394137-60-m.wav,अभिजीतनं स्वाती चतुर्वेदी नावाच्या एका पत्रकाराविषयी अपमानजनक ट्विट्सची मालिकाच प्रसिद्ध केली होती,इितनस्वातीच्या तुवेधी नावाच्या एका पत्र काराविजे अपमानधनक प्िटर्सची मलिकाच्य प्रसिद्ध केली होती,अभिजीतनं स्वाती चतुर्वेदी नावाच्या एका पत्रकाराविषयी अपमानजनक ट्विट्सची मालिकाच प्रसिद्ध केली होती,इितनस्वातीच्या तुवेधी नावाच्या एका पत्र काराविजे अपमानधनक प्िटर्सची मलिकाच्य प्रसिद्ध केली होती,25.51,66.67,0,7.5
sample_00918,D:\marathi-asr\data\vistaar_benchmarks\kathbath_noisy\marathi\wavs\844424930819887-6-m.wav,सुहास पेडणेकर यांच्या अध्यक्षतेखाली राज्यस्तरीय समिती गठीत केली होती,स्हास पेरणेकर यांच्या अद्यक्षतेखाली राजस्तरीय समिती गटीक केली होती,सुहास पेडणेकर यांच्या अध्यक्षतेखाली राज्यस्तरीय समिती गठीत केली होती,स्हास पेरणेकर यांच्या अद्यक्षतेखाली राजस्तरीय समिती गटीक केली होती,10.29,55.56,0,8.01
sample_00919,D:\marathi-asr\data\vistaar_benchmarks\kathbath_noisy\marathi\wavs\844424930649781-823-m.wav,कंगनाच्या वडिलांनीही राज्यातील पोलिसांना पत्र लिहून सुरक्षा देण्याची मागणी केली,कंगनाच्या वडिलांनीही राज्यातील पोढिसांना पत्रलिवून सुरक्षा देण्याची मागणी केली,कंगनाच्या वडिलांनीही राज्यातील पोलिसांना पत्र लिहून सुरक्षा देण्याची मागणी केली,कंगनाच्या वडिलांनीही राज्यातील पोढिसांना पत्रलिवून सुरक्षा देण्याची मागणी केली,3.8,30.0,0,6.62
sample_00920,D:\marathi-asr\data\vistaar_benchmarks\kathbath_noisy\marathi\wavs\844424930323299-60-m.wav,या शेतकऱ्यांना कोरोनाच्या पार्श्वभूमीवर कोणताही दिलासा शासनाकडून देण्यात आलेला नाही,या शेतक्यांना करूनाच्या पाषूभुमीवर कोणत्याही दिलासा शासनाकडून देण्यात आलेला नाही,या शेतकऱ्यांना कोरोनाच्या पार्श्वभूमीवर कोणताही दिलासा शासनाकडून देण्यात आलेला नाही,या शेतक्यांना करूनाच्या पाषूभुमीवर कोणत्याही दिलासा शासनाकडून देण्यात आलेला नाही,14.29,40.0,0,6.15
sample_00921,D:\marathi-asr\data\vistaar_benchmarks\kathbath_noisy\marathi\wavs\844424930649748-823-m.wav,असे प्रश्न उपस्थित करत शेट्टी यांनी प्रशासनावर ताशेरे ओढले,असेप्रश्न उपस्थिकरत शेती यांनी प्रशासनावर ताशेरे ओडले,असे प्रश्न उपस्थित करत शेट्टी यांनी प्रशासनावर ताशेरे ओढले,असेप्रश्न उपस्थिकरत शेती यांनी प्रशासनावर ताशेरे ओडले,12.07,66.67,0,6.34
sample_00922,D:\marathi-asr\data\vistaar_benchmarks\kathbath_noisy\marathi\wavs\844424930649757-823-m.wav,हिंदुस्थान संघाचा माजी कर्णधार महेंद्र सिंह धोनी सध्या सुट्टीचा आनंद घेतोय,हिम्मयस्टान सांगाच्ा माझी करणदार महिब्रसींहतवनी सध्या सुटीचा आनंद घेतो,हिंदुस्थान संघाचा माजी कर्णधार महेंद्र सिंह धोनी सध्या सुट्टीचा आनंद घेतोय,हिम्मयस्टान सांगाच्ा माझी करणदार महिब्रसींहतवनी सध्या सुटीचा आनंद घेतो,29.73,81.82,0,7.29
sample_00923,D:\marathi-asr\data\vistaar_benchmarks\kathbath_noisy\marathi\wavs\844424930649743-823-m.wav,त्यामुळे चारा छावण्या सुरू करण्याची मागणी शेतकर्यांमधून सातत्याने होऊ लागली होती,त्यामुळे चारा छावणास सुरू करण्याची मागणी शेतक्यांमधून सातत त्याने होऊ लागली होती,त्यामुळे चारा छावण्या सुरू करण्याची मागणी शेतकर्यांमधून सातत्याने होऊ लागली होती,त्यामुळे चारा छावणास सुरू करण्याची मागणी शेतक्यांमधून सातत त्याने होऊ लागली होती,7.5,36.36,0,6.34
sample_00924,D:\marathi-asr\data\vistaar_benchmarks\kathbath_noisy\marathi\wavs\844424930329026-60-m.wav,प्रमुख खरीप हंगामातील सोयाबीन गेले तरी तुरीच्या उत्पादनातून काही प्रमाणात कसर भरून निघत असे,प्रमुखखरीप हंगामातील सोयाबीन गेले तारी तोरीच्या उत्पादनातून काही प्रमाणात कसर भरून विघत असे,प्रमुख खरीप हंगामातील सोयाबीन गेले तरी तुरीच्या उत्पादनातून काही प्रमाणात कसर भरून निघत असे,प्रमुखखरीप हंगामातील सोयाबीन गेले तारी तोरीच्या उत्पादनातून काही प्रमाणात कसर भरून विघत असे,4.4,35.71,0,7.08
sample_00925,D:\marathi-asr\data\vistaar_benchmarks\kathbath_noisy\marathi\wavs\844424930810101-6-m.wav,३ जुलैला वसईच्या विद्याविकासनि शाळेच्या आवारात एका मुलोचा मृतदेह नग्न अवस्थेत आढळला होता,इनजिलयना मसलच्या विद्यारकासनी साळेच्या आवारात एका मुला कर्गत दे मजनाव्थे आढ्याला होता,३ जुलैला वसईच्या विद्याविकासनि शाळेच्या आवारात एका मुलोचा मृतदेह नग्न अवस्थेत आढळला होता,इनजिलयना मसलच्या विद्यारकासनी साळेच्या आवारात एका मुला कर्गत दे मजनाव्थे आढ्याला होता,32.95,76.92,0,10.31
sample_00926,D:\marathi-asr\data\vistaar_benchmarks\kathbath_noisy\marathi\wavs\844424930819831-6-m.wav,रायुडूने याच संघ व्यवस्थापनाच्या ढिसाळ कारभारावर बोट ठेवत नाराजी व्यक्त केली होती,रायडीने यात संघ व्यवस्थापनाच्या दिसाळ कारभरावर बोटठेवत णाराची व्यक्त केली होते,रायुडूने याच संघ व्यवस्थापनाच्या ढिसाळ कारभारावर बोट ठेवत नाराजी व्यक्त केली होती,रायडीने यात संघ व्यवस्थापनाच्या दिसाळ कारभरावर बोटठेवत णाराची व्यक्त केली होते,11.11,66.67,0,8.43
sample_00927,D:\marathi-asr\data\vistaar_benchmarks\kathbath_noisy\marathi\wavs\844424930331388-60-m.wav,सगळ्यात जास्त शोधल्या जाणाऱ्या भारतीय कोचमध्ये बांगर हा पहिल्या क्रमांकावर आहे,जास्त सुविधल्या जाणा्या भारतीय कोषमध्ये बागबर हा पहिलया क्रमांकावर आहे,सगळ्यात जास्त शोधल्या जाणाऱ्या भारतीय कोचमध्ये बांगर हा पहिल्या क्रमांकावर आहे,जास्त सुविधल्या जाणा्या भारतीय कोषमध्ये बागबर हा पहिलया क्रमांकावर आहे,22.78,54.55,0,5.69
sample_00928,D:\marathi-asr\data\vistaar_benchmarks\kathbath_noisy\marathi\wavs\844424930649778-823-m.wav,या बैठकीला सुप्रिया सुळे आणि अजित पवारांचे धाकटे बंधू श्रीनिवास पवार देखील उपस्थित होते,याबैठतीला सुक्रिया सुये आणि अजिक पवारांचे धप्टे बंधू श्रीनेवास कवार हे देखील उपसित होते,या बैठकीला सुप्रिया सुळे आणि अजित पवारांचे धाकटे बंधू श्रीनिवास पवार देखील उपस्थित होते,याबैठतीला सुक्रिया सुये आणि अजिक पवारांचे धप्टे बंधू श्रीनेवास कवार हे देखील उपसित होते,16.09,71.43,0,7.64
sample_00929,D:\marathi-asr\data\vistaar_benchmarks\kathbath_noisy\marathi\wavs\844424930746775-6-m.wav,स्वतः पायलच्या आईने वेळोवेळी जाऊन प्रशासनाला जागे करण्याचा प्रयत्न केला,स्वत हा पा्यांच्या आईने वेळोवेळजम शासनाला जागी करण्याचा प्ायत निके,स्वतः पायलच्या आईने वेळोवेळी जाऊन प्रशासनाला जागे करण्याचा प्रयत्न केला,स्वत हा पा्यांच्या आईने वेळोवेळजम शासनाला जागी करण्याचा प्ायत निके,28.17,90.0,0,8.41
sample_00930,D:\marathi-asr\data\vistaar_benchmarks\kathbath_noisy\marathi\wavs\844424930649782-823-m.wav,मुलीने आधी स्वतःला राजकुमारी म्हणून पाहिले असले पाहिजे परंतु ती कार्य करीत नाही,मुलीने आधी स्वतःना राज्कमारे म्हणून पाहिले असले पाहिजे परंतूती कार्य करत नाही,मुलीने आधी स्वतःला राजकुमारी म्हणून पाहिले असले पाहिजे परंतु ती कार्य करीत नाही,मुलीने आधी स्वतःना राज्कमारे म्हणून पाहिले असले पाहिजे परंतूती कार्य करत नाही,8.86,38.46,0,6.43
sample_00931,D:\marathi-asr\data\vistaar_benchmarks\kathbath_noisy\marathi\wavs\844424930819862-6-m.wav,त्या गावात पाण्याची समस्या संपेपर्यंत हे टँकर सुरू राहणार आहेत,त्या गावात पाण्याची समस्या संपेपर्यंत झे टॅंचर सुरू रहणार आहे,त्या गावात पाण्याची समस्या संपेपर्यंत हे टँकर सुरू राहणार आहेत,त्या गावात पाण्याची समस्या संपेपर्यंत झे टॅंचर सुरू रहणार आहे,9.68,40.0,0,6.41
sample_00932,D:\marathi-asr\data\vistaar_benchmarks\kathbath_noisy\marathi\wavs\844424930331409-60-m.wav,त्यामुळेच तो तीन दिवसांपूर्वी केईएम रुग्णालयात दाखल झाला होता,त्यामुळे तो तीन दिवसापूर्वी ए.एम डु्णालयात दाखल झाला होता,त्यामुळेच तो तीन दिवसांपूर्वी केईएम रुग्णालयात दाखल झाला होता,त्यामुळे तो तीन दिवसापूर्वी ए एम डु्णालयात दाखल झाला होता,11.48,55.56,0,4.32
sample_00933,D:\marathi-asr\data\vistaar_benchmarks\kathbath_noisy\marathi\wavs\844424930328390-60-m.wav,खरे तर गंधक किती लागते याचा अंदाज शेतकरी बांधव लावू शकत नाही,पर्यकर गंद किती लागेल्याचा अंदाज शेतरी भांडव लावू शकत नाही,खरे तर गंधक किती लागते याचा अंदाज शेतकरी बांधव लावू शकत नाही,पर्यकर गंद किती लागेल्याचा अंदाज शेतरी भांडव लावू शकत नाही,20.0,58.33,0,4.97
sample_00934,D:\marathi-asr\data\vistaar_benchmarks\kathbath_noisy\marathi\wavs\844424930323319-60-m.wav,याप्रकरणी पोलिस आयुक्तांनी तीव्र नाराजी व्यक्त करत संबंधित पोलिस ठाण्याच्या प्रमुखाला वायरलेसवरूनच सुनावले,अप्रपारणे दुले साहित्रानि क्री बियाणाराजी व्यक्त करा संबंधि पोड स्थानाच्या कूरमुकाला वायर ्या सवरूण सुनवले,याप्रकरणी पोलिस आयुक्तांनी तीव्र नाराजी व्यक्त करत संबंधित पोलिस ठाण्याच्या प्रमुखाला वायरलेसवरूनच सुनावले,अप्रपारणे दुले साहित्रानि क्री बियाणाराजी व्यक्त करा संबंधि पोड स्थानाच्या कूरमुकाला वायर ्या सवरूण सुनवले,43.4,107.69,0,7.06
sample_00935,D:\marathi-asr\data\vistaar_benchmarks\kathbath_noisy\marathi\wavs\844424930819872-6-m.wav,सदर आक्षेपक मस्करी करण्याऐवजी सकारात्मकपणे या उपक्रमात सामील झाल्यास अधिक आनंद होईल,सदर आक्षेपत मस्तरी करण्याऐवजी सकारत्मपने उपग्रमात सामेली झाल्यास अधिक आनंद होई,सदर आक्षेपक मस्करी करण्याऐवजी सकारात्मकपणे या उपक्रमात सामील झाल्यास अधिक आनंद होईल,सदर आक्षेपत मस्तरी करण्याऐवजी सकारत्मपने उपग्रमात सामेली झाल्यास अधिक आनंद होई,14.46,58.33,0,9.98
sample_00936,D:\marathi-asr\data\vistaar_benchmarks\kathbath_noisy\marathi\wavs\844424930649752-823-m.wav,कानाच्या खालच्या पाळीपेक्षाही लहान असलेले टॉप्स रोजच्या वापरात घातले जातात,काणाच्या खालच्या पाळीपेक्षाही लहान असलेरेटॉक्स रोजच्या वापरा घातले जातात,कानाच्या खालच्या पाळीपेक्षाही लहान असलेले टॉप्स रोजच्या वापरात घातले जातात,काणाच्या खालच्या पाळीपेक्षाही लहान असलेरेटॉक्स रोजच्या वापरा घातले जातात,6.76,40.0,0,7.27
sample_00937,D:\marathi-asr\data\vistaar_benchmarks\kathbath_noisy\marathi\wavs\844424930819845-6-m.wav,मात्र नोकरीला लाथ मारुन त्यांनी आपले सारे जीवन बेरड रामोशी समाजाच्या उत्थानासाठी खर्ची घातले आहे,मात्र नोकरीला लाखमारन त्यांनी आपले सारेजीवन बेरडरामुशी समाजाच्या उुथानासाठी खर्जे घ्ातली आहे,मात्र नोकरीला लाथ मारुन त्यांनी आपले सारे जीवन बेरड रामोशी समाजाच्या उत्थानासाठी खर्ची घातले आहे,मात्र नोकरीला लाखमारन त्यांनी आपले सारेजीवन बेरडरामुशी समाजाच्या उुथानासाठी खर्जे घ्ातली आहे,12.5,60.0,0,10.96
sample_00938,D:\marathi-asr\data\vistaar_benchmarks\kathbath_noisy\marathi\wavs\844424930746739-6-m.wav,अनिकेत आणि त्याच्या मित्रांनी काही दिवसांपूर्वी व्हॉट्सऍपचा एक ग्रुप तयार केला,अनीकेत आणि त्याच्या मित्रांनी काही दिवसांपूर्वी वटसाचा एक रूप तयार केला,अनिकेत आणि त्याच्या मित्रांनी काही दिवसांपूर्वी व्हॉट्सऍपचा एक ग्रुप तयार केला,अनीकेत आणि त्याच्या मित्रांनी काही दिवसांपूर्वी वटसाचा एक रूप तयार केला,12.82,27.27,0,7.2
sample_00939,D:\marathi-asr\data\vistaar_benchmarks\kathbath_noisy\marathi\wavs\844424930394102-60-m.wav,एके दिवशी समोरच्या मुलांवर चिडलो आणि त्याच चिडलेल्या अवस्थेत रिक्षात बसलो,पशी समो्या मुलांवर चि्लो आणि त्यात चिलेल्या वस्थत रिक्चत बसलो,एके दिवशी समोरच्या मुलांवर चिडलो आणि त्याच चिडलेल्या अवस्थेत रिक्षात बसलो,पशी समो्या मुलांवर चि्लो आणि त्यात चिलेल्या वस्थत रिक्चत बसलो,21.92,72.73,0,5.43
sample_00940,D:\marathi-asr\data\vistaar_benchmarks\kathbath_noisy\marathi\wavs\844424930746784-6-m.wav,खासगी हाय प्रोफाइल फॅमिली पार्टीज मध्ये नग्न स्त्रीयांचे नृत्य आनंदाने मान्य होते,खाजगी हाय प्रफाईल पामेली पारटीस मध्ये लगनस्त्रियांचे ृत्त्य अनंदाने मान्े होते,खासगी हाय प्रोफाइल फॅमिली पार्टीज मध्ये नग्न स्त्रीयांचे नृत्य आनंदाने मान्य होते,खाजगी हाय प्रफाईल पामेली पारटीस मध्ये लगनस्त्रियांचे ृत्त्य अनंदाने मान्े होते,20.99,75.0,0,8.38
sample_00941,D:\marathi-asr\data\vistaar_benchmarks\kathbath_noisy\marathi\wavs\844424930746754-6-m.wav,एवढेच नाही तर शेरा सलमानच्या सांगण्यावरुन अनेकदा कॅटरिनाचा बॉडीगार्ड देखील बनला आहे,एवडेत नाही त शेरा सल्मांच्या सांगल्यावरन अनेकद कॅट्रिनाचा बडिगड देखील भंला आहे,एवढेच नाही तर शेरा सलमानच्या सांगण्यावरुन अनेकदा कॅटरिनाचा बॉडीगार्ड देखील बनला आहे,एवडेत नाही त शेरा सल्मांच्या सांगल्यावरन अनेकद कॅट्रिनाचा बडिगड देखील भंला आहे,19.28,66.67,0,8.48
sample_00942,D:\marathi-asr\data\vistaar_benchmarks\kathbath_noisy\marathi\wavs\844424930323269-60-m.wav,पण आधीच्या सरकारला हे काम वेळेत पूर्ण करता आले नसावे,पण आदीच्या सरकारला हे काम निडतच पूर्णू करता आणे नसाे,पण आधीच्या सरकारला हे काम वेळेत पूर्ण करता आले नसावे,पण आदीच्या सरकारला हे काम निडतच पूर्णू करता आणे नसाे,17.31,50.0,0,4.53
sample_00943,D:\marathi-asr\data\vistaar_benchmarks\kathbath_noisy\marathi\wavs\844424930328370-60-m.wav,त्याच्या या सवयी शूटिंगच्या दरम्यान मात्र मेकर्स साठी डोकेदुखी बनतात,त्याच्या या सवये शोटींसाठी दर्मयान महत्रमेकरसाठी धोकी रुपी बनतात,त्याच्या या सवयी शूटिंगच्या दरम्यान मात्र मेकर्स साठी डोकेदुखी बनतात,त्याच्या या सवये शोटींसाठी दर्मयान महत्रमेकरसाठी धोकी रुपी बनतात,29.41,70.0,0,5.15
sample_00944,D:\marathi-asr\data\vistaar_benchmarks\kathbath_noisy\marathi\wavs\844424930331403-60-m.wav,इमानेइतबारे व्यवसाय करणारा ह घटक तसा उपेक्षित राहिला आहे,आणि इतरबारे व्यवसाय करणारा हा वेटक तसाच पेक्षित राहिला आहे,इमानेइतबारे व्यवसाय करणारा ह घटक तसा उपेक्षित राहिला आहे,आणि इतरबारे व्यवसाय करणारा हा वेटक तसाच पेक्षित राहिला आहे,19.64,66.67,0,5.27
sample_00945,D:\marathi-asr\data\vistaar_benchmarks\kathbath_noisy\marathi\wavs\844424930394108-60-m.wav,यात विविध क्षेत्रातील तज्ञ डॉक्टर ध्वनिचित्र फितीच्या माध्यमातून मार्गदर्शन करणार आहेत,तात विविध क्षेत्राती तज ्ञे डॉक्टर दोनिक्षित्र कितीच्या माध्यमातून मार्गदर्शण करणार आहेत,यात विविध क्षेत्रातील तज्ञ डॉक्टर ध्वनिचित्र फितीच्या माध्यमातून मार्गदर्शन करणार आहेत,तात विविध क्षेत्राती तज ्ञे डॉक्टर दोनिक्षित्र कितीच्या माध्यमातून मार्गदर्शण करणार आहेत,13.95,63.64,0,5.92
sample_00946,D:\marathi-asr\data\vistaar_benchmarks\kathbath_noisy\marathi\wavs\844424930329036-60-m.wav,या वर्षभरातील खेळाडूंच्या कामगिरीच्या आधारे या चार खेळाडूंची निवड करण्यात आली आहे,याया वर्षभरातीन थेल्याड उंचत्या काम गिरीच्या आधारे याच्यार केळ्याडूनची निवडधरण्यात आली आहे,या वर्षभरातील खेळाडूंच्या कामगिरीच्या आधारे या चार खेळाडूंची निवड करण्यात आली आहे,याया वर्षभरातीन थेल्याड उंचत्या काम गिरीच्या आधारे याच्यार केळ्याडूनची निवडधरण्यात आली आहे,24.69,83.33,0,6.25
sample_00947,D:\marathi-asr\data\vistaar_benchmarks\kathbath_noisy\marathi\wavs\844424930746742-6-m.wav,त्यांनी राम जन्मभूमि ट्रस्टला पवित्र जल व माती सुपुर्द केली,पन रामजलम भुलीजासतया परिप्रचाव मातीची कर्ज केल,त्यांनी राम जन्मभूमि ट्रस्टला पवित्र जल व माती सुपुर्द केली,पन रामजलम भुलीजासतया परिप्रचाव मातीची कर्ज केल,55.93,100.0,0,6.64
sample_00948,D:\marathi-asr\data\vistaar_benchmarks\kathbath_noisy\marathi\wavs\844424930649794-823-m.wav,पण नंतर रुग्णसंख्या आटोक्यात आणण्यावर सगळा भर गेला आणि ही भीती नाहीशी झाली,पंडनंतर रूग्णसंख्या आटोक्यात आनन्यावर सगळ्याफर गेला आणि ही भीती नाहिशे झाली,पण नंतर रुग्णसंख्या आटोक्यात आणण्यावर सगळा भर गेला आणि ही भीती नाहीशी झाली,पंडनंतर रूग्णसंख्या आटोक्यात आनन्यावर सगळ्याफर गेला आणि ही भीती नाहिशे झाली,14.86,53.85,0,7.85
sample_00949,D:\marathi-asr\data\vistaar_benchmarks\kathbath_noisy\marathi\wavs\844424930810099-6-m.wav,सिंचन प्रकल्पांच्या या वाढलेल्या किंमतीबाबत मुख्यमंत्र्यांनी खुलासा करावा अशी मागणीही राष्ट्रवादीने केली आहे,सिंचन प्रकल्पांच्या या वाढलेल्या किंमतीबाबत मुख्य मंत्र्याननी खुलासा करावा अशी मागणे राष्ट्रवादीने केले आहे,सिंचन प्रकल्पांच्या या वाढलेल्या किंमतीबाबत मुख्यमंत्र्यांनी खुलासा करावा अशी मागणीही राष्ट्रवादीने केली आहे,सिंचन प्रकल्पांच्या या वाढलेल्या किंमतीबाबत मुख्य मंत्र्याननी खुलासा करावा अशी मागणे राष्ट्रवादीने केले आहे,5.56,30.77,0,9.64
sample_00950,D:\marathi-asr\data\vistaar_benchmarks\kathbath_noisy\marathi\wavs\844424930329007-60-m.wav,ही कविता लिहिल्यानंतर एक नवा अनुभव कवितेतून व्यक्त होण्यासाठी माझ्या मनात येऊन उभा राहिला,पी कविधा दि्यानंत एक मवा नुभापवितीतूनजेस्त बण्यासाठी मा्यामणात यऊल भर आा,ही कविता लिहिल्यानंतर एक नवा अनुभव कवितेतून व्यक्त होण्यासाठी माझ्या मनात येऊन उभा राहिला,पी कविधा दि्यानंत एक मवा नुभापवितीतूनजेस्त बण्यासाठी मा्यामणात यऊल भर आा,35.96,92.86,0,7.31
sample_00951,D:\marathi-asr\data\vistaar_benchmarks\kathbath_noisy\marathi\wavs\844424930746786-6-m.wav,यात काँग्रेसचा तोटा झाला असला तरी विशाल पाटलांना संधी तयार झाली आहे,यात कॉम्रेसचा तोटा झाला असला तरी विषाल पाटलांना संही तयार झाली आहे,यात काँग्रेसचा तोटा झाला असला तरी विशाल पाटलांना संधी तयार झाली आहे,यात कॉम्रेसचा तोटा झाला असला तरी विषाल पाटलांना संही तयार झाली आहे,7.46,25.0,0,7.34
sample_00952,D:\marathi-asr\data\vistaar_benchmarks\kathbath_noisy\marathi\wavs\844424930649759-823-m.wav,त्याचे नाव निहरेंदु मुखर्जी असून तो आयआयएम लखनऊ येथे एमबीएच्या द्वितीय वर्षात शिकत होता,त्याचे नाव मीहरेंदू मुखर्जी असून तो आय.आय.एमलफन येथे एम.रीय च्या ्वितीय वर्षात शिकत होता,त्याचे नाव निहरेंदु मुखर्जी असून तो आयआयएम लखनऊ येथे एमबीएच्या द्वितीय वर्षात शिकत होता,त्याचे नाव मीहरेंदू मुखर्जी असून तो आय आय एमलफन येथे एम रीय च्या ्वितीय वर्षात शिकत होता,14.94,57.14,0,9.1
sample_00953,D:\marathi-asr\data\vistaar_benchmarks\kathbath_noisy\marathi\wavs\844424930323267-60-m.wav,राज्य आणि देशातील जनतेला या गड किल्यांचे मोठे अप्रूप आहे,र्ट आणि देशातील जंतेल कड केल्यांचे मोठे उूप आहे,राज्य आणि देशातील जनतेला या गड किल्यांचे मोठे अप्रूप आहे,र्ट आणि देशातील जंतेल कड केल्यांचे मोठे उूप आहे,25.0,60.0,0,3.99
sample_00954,D:\marathi-asr\data\vistaar_benchmarks\kathbath_noisy\marathi\wavs\844424930328375-60-m.wav,आज ते महाराष्ट्रात येतील त्यानंतर त्यांच्याशी चर्चा केली जाणार आहे,आज्ट री महाष्ट्रा इेतीलच्यानंतरत्यंदेशी चयरचा केलीली जाणार आहे,आज ते महाराष्ट्रात येतील त्यानंतर त्यांच्याशी चर्चा केली जाणार आहे,आज्ट री महाष्ट्रा इेतीलच्यानंतरत्यंदेशी चयरचा केलीली जाणार आहे,30.3,80.0,0,4.48
sample_00955,D:\marathi-asr\data\vistaar_benchmarks\kathbath_noisy\marathi\wavs\844424930819804-6-m.wav,अंकित व्यवसायाने इंजिनीअर असून राजकारण ही आपली पॅशन असल्याचा उल्लेख त्याने केला आहे,अर्थिक व्यवसाय राजकराही आप्ती पाशून असल्याचा ्ले तालि केला,अंकित व्यवसायाने इंजिनीअर असून राजकारण ही आपली पॅशन असल्याचा उल्लेख त्याने केला आहे,अर्थिक व्यवसाय राजकराही आप्ती पाशून असल्याचा ्ले तालि केला,46.99,84.62,0,6.94
sample_00956,D:\marathi-asr\data\vistaar_benchmarks\kathbath_noisy\marathi\wavs\844424930394078-60-m.wav,केंद्रातील भाजप सरकारने सप्टेंबरमध्ये तीन कृषी कायदे पारित केले आहेत,केंद्रातील लाचूप सरकारने सक्टेंबर मध्ये तीन मची कायदे पारीत केले आहेत,केंद्रातील भाजप सरकारने सप्टेंबरमध्ये तीन कृषी कायदे पारित केले आहेत,केंद्रातील लाचूप सरकारने सक्टेंबर मध्ये तीन मची कायदे पारीत केले आहेत,13.24,50.0,0,4.67
sample_00957,D:\marathi-asr\data\vistaar_benchmarks\kathbath_noisy\marathi\wavs\844424930746737-6-m.wav,तेथे ते अवघे तीन ते चार क्विंटलपर्यंतच उत्पादन निघत आहे,तेथे ते औघे तीन तेचार क्ंटल पर्यंतच उत्पादन निघद आहे,तेथे ते अवघे तीन ते चार क्विंटलपर्यंतच उत्पादन निघत आहे,तेथे ते औघे तीन तेचार क्ंटल पर्यंतच उत्पादन निघद आहे,12.73,50.0,0,6.66
sample_00958,D:\marathi-asr\data\vistaar_benchmarks\kathbath_noisy\marathi\wavs\844424930328448-60-m.wav,एका विशिष्ट बाबतीत योग्य प्रतिजैविक पदार्थ कितीही तज्ज्ञ मालिका विश्लेषण फक्त निर्धारित केले जाऊ शकते,काविसिष्टय बाबपीक योग्यासाठीपायाकिकिरिटरकयातमले क परेसन पतकराणी घाहीत केले ज्याऊ,एका विशिष्ट बाबतीत योग्य प्रतिजैविक पदार्थ कितीही तज्ज्ञ मालिका विश्लेषण फक्त निर्धारित केले जाऊ शकते,काविसिष्टय बाबपीक योग्यासाठीपायाकिकिरिटरकयातमले क परेसन पतकराणी घाहीत केले ज्याऊ,64.36,93.33,0,7.8
sample_00959,D:\marathi-asr\data\vistaar_benchmarks\kathbath_noisy\marathi\wavs\844424930649770-823-m.wav,विधानसभेच्या तारखा जाहीर होण्यापूर्वी राज ठाकरे संपूर्ण महाराष्ट्र दौरा करणार आहेत,विधासहेच्या तारखा जाहिर होण्यापूर्वी राश्ठाकरे संपूर्ण महाराष्ट्र दौरास करणार आहे,विधानसभेच्या तारखा जाहीर होण्यापूर्वी राज ठाकरे संपूर्ण महाराष्ट्र दौरा करणार आहेत,विधासहेच्या तारखा जाहिर होण्यापूर्वी राश्ठाकरे संपूर्ण महाराष्ट्र दौरास करणार आहे,8.54,54.55,0,7.69
sample_00960,D:\marathi-asr\data\vistaar_benchmarks\kathbath_noisy\marathi\wavs\844424930328379-60-m.wav,या सगळ्या वादावर अखेर धर्मसेना यांनी मौन सोडलं आहे,या सगळ्या बातावर अके धर्मसेनय आणि मोल सोडल आहे,या सगळ्या वादावर अखेर धर्मसेना यांनी मौन सोडलं आहे,या सगळ्या बातावर अके धर्मसेनय आणि मोल सोडल आहे,26.0,66.67,0,3.88
sample_00961,D:\marathi-asr\data\vistaar_benchmarks\kathbath_noisy\marathi\wavs\844424930649814-823-m.wav,हा डेटा ग्राहक एका दिवसात वापरू शकतात किंवा वर्षभरही वापरु शकतात,हा डेटा ग्राहक एका दिवसात वापरू शकतात किंवा वर्षभरही वापरू शकतात,हा डेटा ग्राहक एका दिवसात वापरू शकतात किंवा वर्षभरही वापरु शकतात,हा डेटा ग्राहक एका दिवसात वापरू शकतात किंवा वर्षभरही वापरू शकतात,1.56,9.09,0,6.18
sample_00962,D:\marathi-asr\data\vistaar_benchmarks\kathbath_noisy\marathi\wavs\844424930819846-6-m.wav,आशिया खंडात अव्वल क्रमांक मिळवणारा तो सर्वात तरुण खेळाडू ठरला आहे,आशिया खंडात अवल प्रमांक मिळवणारातो सर्वात तरूणन फेळाडू ठरला आहे,आशिया खंडात अव्वल क्रमांक मिळवणारा तो सर्वात तरुण खेळाडू ठरला आहे,आशिया खंडात अवल प्रमांक मिळवणारातो सर्वात तरूणन फेळाडू ठरला आहे,10.77,54.55,0,6.25
sample_00963,D:\marathi-asr\data\vistaar_benchmarks\kathbath_noisy\marathi\wavs\844424930746730-6-m.wav,त्यामुळे जन्माने तृतीयपंथी असले तरी माझ्या मुलीमुळे मात्र मला आई होता आलं,त्यामुळे जन्माने तृतीय पंथी असल्य तरी माझ्या मुलीमुळे मात्रमाला आईी होता आल,त्यामुळे जन्माने तृतीयपंथी असले तरी माझ्या मुलीमुळे मात्र मला आई होता आलं,त्यामुळे जन्माने तृतीय पंथी असल्य तरी माझ्या मुलीमुळे मात्रमाला आईी होता आल,9.59,58.33,0,8.15
sample_00964,D:\marathi-asr\data\vistaar_benchmarks\kathbath_noisy\marathi\wavs\844424930649754-823-m.wav,या पुलावर प्रचंड उकाडा आहे आणि लोकांची स्थिती बिघडत चालली आहे,या फुलावर प्रचंड उकाडा आहे आणि लोकांची स्थितील बिघडत चाललू आहे,या पुलावर प्रचंड उकाडा आहे आणि लोकांची स्थिती बिघडत चालली आहे,या फुलावर प्रचंड उकाडा आहे आणि लोकांची स्थितील बिघडत चाललू आहे,4.92,27.27,0,6.18
sample_00965,D:\marathi-asr\data\vistaar_benchmarks\kathbath_noisy\marathi\wavs\844424930746773-6-m.wav,पण त्याच्या जातीमुळे आणि अंगभूत बंडखोरीमुळे प्रत्येक दरवाजा तोंडावर आपटून बंद केला जातो,पंत्याच्या जातीमुळे आणि अंगभूत बंडखोरीमुळे प्रत्येक दरवाचा तोंडावर आपटून बंद केला जातो,पण त्याच्या जातीमुळे आणि अंगभूत बंडखोरीमुळे प्रत्येक दरवाजा तोंडावर आपटून बंद केला जातो,पंत्याच्या जातीमुळे आणि अंगभूत बंडखोरीमुळे प्रत्येक दरवाचा तोंडावर आपटून बंद केला जातो,3.45,23.08,0,9.66
sample_00966,D:\marathi-asr\data\vistaar_benchmarks\kathbath_noisy\marathi\wavs\844424930649771-823-m.wav,तरीही खड्ड्यांचा जाच आणि धुळीचा त्रास सहन करत कोकणवासीयांचा प्रवास सुरूच आहे,तरीही खड्यांचा जाच आणि भुमहीचया त्रास सहंकर कोकनवासियांचा प्रवास सुरूज आहे,तरीही खड्ड्यांचा जाच आणि धुळीचा त्रास सहन करत कोकणवासीयांचा प्रवास सुरूच आहे,तरीही खड्यांचा जाच आणि भुमहीचया त्रास सहंकर कोकनवासियांचा प्रवास सुरूज आहे,15.79,50.0,0,8.31
sample_00967,D:\marathi-asr\data\vistaar_benchmarks\kathbath_noisy\marathi\wavs\844424930649772-823-m.wav,पण एबीपी माझाजवळ असलेल्या कागदपत्रावरून आजही अग्निशामक दलाने या जागेसाठीची गरज व्यक्त केल्याचं स्पष्ट होतंय,पण ए.वी.पी माझाजवळ असलेल्या कागदपत्रावरून आजही अगमिशामक्दलाने या जागेसाठीची गरज व्यक्त केल्याच स्पष्ट होत,पण एबीपी माझाजवळ असलेल्या कागदपत्रावरून आजही अग्निशामक दलाने या जागेसाठीची गरज व्यक्त केल्याचं स्पष्ट होतंय,पण ए वी पी माझाजवळ असलेल्या कागदपत्रावरून आजही अगमिशामक्दलाने या जागेसाठीची गरज व्यक्त केल्याच स्पष्ट होत,8.41,46.67,0,10.59
sample_00968,D:\marathi-asr\data\vistaar_benchmarks\kathbath_noisy\marathi\wavs\844424930819856-6-m.wav,कंपनीच्या १४९ रुपयांच्या प्लानमध्ये २८ दिवसांच्या व्हॅलिडिटीसह ४ जीबी डेटा मिळतोय,कंपनीच्या एकशे कंपन्नास रुपयांच्या पलांमध्ये अठळेश दिवसांच्या वर्यडिटीसह चारजेबिडेटा मिळतत,कंपनीच्या १४९ रुपयांच्या प्लानमध्ये २८ दिवसांच्या व्हॅलिडिटीसह ४ जीबी डेटा मिळतोय,कंपनीच्या एकशे कंपन्नास रुपयांच्या पलांमध्ये अठळेश दिवसांच्या वर्यडिटीसह चारजेबिडेटा मिळतत,40.74,81.82,0,9.73
sample_00969,D:\marathi-asr\data\vistaar_benchmarks\kathbath_noisy\marathi\wavs\844424930331456-60-m.wav,यामुळे काही प्रमाणात रुग्णसंख्या घटण्यास मदत झाल्याचे चित्र सध्या पाहायला मिळत आहे,यामुळे काही प्रमाणात किर्न संजया्गतम्यास मझत झाण्याचीपीत्रतक्रव्या पाहण्याला निदत आहे,यामुळे काही प्रमाणात रुग्णसंख्या घटण्यास मदत झाल्याचे चित्र सध्या पाहायला मिळत आहे,यामुळे काही प्रमाणात किर्न संजया्गतम्यास मझत झाण्याचीपीत्रतक्रव्या पाहण्याला निदत आहे,32.93,66.67,0,6.92
sample_00970,D:\marathi-asr\data\vistaar_benchmarks\kathbath_noisy\marathi\wavs\844424930323290-60-m.wav,पण आत्ता मराठा आरक्षणाला स्थगिती मिळाल्यानंतर त्याच्या मनात याबाबत दडपण असण्याची शक्यता आहे,फण आतामराठा आरचनलावस्थगीतीन मिळल्यानंतर तयंच्या महनात याबाबत दडपण असण्याची शक्यता आहे,पण आत्ता मराठा आरक्षणाला स्थगिती मिळाल्यानंतर त्याच्या मनात याबाबत दडपण असण्याची शक्यता आहे,फण आतामराठा आरचनलावस्थगीतीन मिळल्यानंतर तयंच्या महनात याबाबत दडपण असण्याची शक्यता आहे,17.58,61.54,0,6.99
sample_00971,D:\marathi-asr\data\vistaar_benchmarks\kathbath_noisy\marathi\wavs\844424930746772-6-m.wav,त्याचं अस्तित्व नष्ट करण्यापेक्षा त्यामागचं मूळ कारण नाहीसं करणं अधिक महत्त्वाचं असेल,त्याचा अस्तित तिंवा नष्ट करण्यापेक्षा त्या मागचं मूळ कारण नाहीसकरणा अधिक महत्वाचा असेल,त्याचं अस्तित्व नष्ट करण्यापेक्षा त्यामागचं मूळ कारण नाहीसं करणं अधिक महत्त्वाचं असेल,त्याचा अस्तित तिंवा नष्ट करण्यापेक्षा त्या मागचं मूळ कारण नाहीसकरणा अधिक महत्वाचा असेल,15.29,66.67,0,8.06
sample_00972,D:\marathi-asr\data\vistaar_benchmarks\kathbath_noisy\marathi\wavs\844424930649790-823-m.wav,पौष्टिक खाद्य आणि पोषण या विषयावरील सत्रात रवी महाजन या दोन्ही गोष्टींचे महत्त्व पटवून देतील,पौष्रिक खाद्य आणि पोषक या विषयावरील सत्रात रविमहाजन यादोन्ही गोष्टींचे महत्त्व पटठवून देतील,पौष्टिक खाद्य आणि पोषण या विषयावरील सत्रात रवी महाजन या दोन्ही गोष्टींचे महत्त्व पटवून देतील,पौष्रिक खाद्य आणि पोषक या विषयावरील सत्रात रविमहाजन यादोन्ही गोष्टींचे महत्त्व पटठवून देतील,6.52,46.67,0,8.57
sample_00973,D:\marathi-asr\data\vistaar_benchmarks\kathbath_noisy\marathi\wavs\844424930345020-60-m.wav,आयुष्यभर अनेक विवाहित स्त्रियांबरोबर शरीरसंबंध ठेवताना तो कोणातही भावनिकदृष्ट्या गुंतून न पडण्याची याची खबरदारी घेतो,्तवर अनेक विवायत स्रियांबरोबरषात्रीक समुंदा ठेवताना त कोणत्याही वाहविकदृष्ट्या गुंतूण्ण पडण्याची याची खबरदारे घेतो,आयुष्यभर अनेक विवाहित स्त्रियांबरोबर शरीरसंबंध ठेवताना तो कोणातही भावनिकदृष्ट्या गुंतून न पडण्याची याची खबरदारी घेतो,्तवर अनेक विवायत स्रियांबरोबरषात्रीक समुंदा ठेवताना त कोणत्याही वाहविकदृष्ट्या गुंतूण्ण पडण्याची याची खबरदारे घेतो,27.59,66.67,0,9.31
sample_00974,D:\marathi-asr\data\vistaar_benchmarks\kathbath_noisy\marathi\wavs\844424930819812-6-m.wav,दहा किलो पेटीच्या द्राक्षाला चारशे ते सातशे व सरासरी ५०० रुपयांचा दर मिळाला,दहा किलोपेटीच्या द्राक्षाला चारशेतेसाकशे व सरासरी पाशे रुपयांचा दर मिळाला,दहा किलो पेटीच्या द्राक्षाला चारशे ते सातशे व सरासरी ५०० रुपयांचा दर मिळाला,दहा किलोपेटीच्या द्राक्षाला चारशेतेसाकशे व सरासरी पाशे रुपयांचा दर मिळाला,10.67,46.15,0,8.27
sample_00975,D:\marathi-asr\data\vistaar_benchmarks\kathbath_noisy\marathi\wavs\844424930328405-60-m.wav,महत्त्वाचे म्हणजे घरगुती डाएट फॉलो केल्यास आरोग्यावर दुष्परिणाम होणार नाहीत,मअतिमध्यी गरगुती ए डायड फॉलो केल्याचा आरोग्यावर पूर दूष्परिणाम होणार नाही,महत्त्वाचे म्हणजे घरगुती डाएट फॉलो केल्यास आरोग्यावर दुष्परिणाम होणार नाहीत,मअतिमध्यी गरगुती ए डायड फॉलो केल्याचा आरोग्यावर पूर दूष्परिणाम होणार नाही,36.0,80.0,0,5.22
sample_00976,D:\marathi-asr\data\vistaar_benchmarks\kathbath_noisy\marathi\wavs\844424930746719-6-m.wav,मुंबईच्या तिन्ही रेल्वेमार्गावरील १०९ स्थानकांवरून रेल्वेने ७५ लाख मुंबईकर प्रवास करतात,मोंबईच्या तिनीरेले मार्गावरील एक्शेनस थानदांवरून रेलवेने पंचात तर लाभ मोबईतर प्रवास करता,मुंबईच्या तिन्ही रेल्वेमार्गावरील १०९ स्थानकांवरून रेल्वेने ७५ लाख मुंबईकर प्रवास करतात,मोंबईच्या तिनीरेले मार्गावरील एक्शेनस थानदांवरून रेलवेने पंचात तर लाभ मोबईतर प्रवास करता,33.33,100.0,0,9.87
sample_00977,D:\marathi-asr\data\vistaar_benchmarks\kathbath_noisy\marathi\wavs\844424930649787-823-m.wav,पण परिसरातील वेगवान गोलंदाज म्हणून त्याने सर्वांचं लक्ष वेधून घेतलं होतं,अण परिसरातील वेगवाण गोळंदास म्हणून त्याने सर्वांच लक्ष वेधून घेतलं होतं,पण परिसरातील वेगवान गोलंदाज म्हणून त्याने सर्वांचं लक्ष वेधून घेतलं होतं,अण परिसरातील वेगवाण गोळंदास म्हणून त्याने सर्वांच लक्ष वेधून घेतलं होतं,6.94,36.36,0,6.97
sample_00978,D:\marathi-asr\data\vistaar_benchmarks\kathbath_noisy\marathi\wavs\844424930819837-6-m.wav,रणवीर सिंगचा गली बॉय सिनेमाही चांगली कमाई करताना दिसत आहे,कहीरतुंचा गली बॉसीने माही चांगली कमाई करताना दिसता,रणवीर सिंगचा गली बॉय सिनेमाही चांगली कमाई करताना दिसत आहे,कहीरतुंचा गली बॉसीने माही चांगली कमाई करताना दिसता,26.32,60.0,0,5.71
sample_00979,D:\marathi-asr\data\vistaar_benchmarks\kathbath_noisy\marathi\wavs\844424930344999-60-m.wav,केदारनाथ या सिनेमातून ती बॉलीवूडमध्ये पदार्पण करणार असून तिच्यासोबत सुशांत सिंग राजपूतही दिसणार आहे,पात यास िजीमातून बी बॉलिवरमध्ये पजारसनचाना अफल पिशा ोवस वुशान फिंगडराचतरी लिचार आहेत,केदारनाथ या सिनेमातून ती बॉलीवूडमध्ये पदार्पण करणार असून तिच्यासोबत सुशांत सिंग राजपूतही दिसणार आहे,पात यास िजीमातून बी बॉलिवरमध्ये पजारसनचाना अफल पिशा ोवस वुशान फिंगडराचतरी लिचार आहेत,47.47,100.0,0,6.64
sample_00980,D:\marathi-asr\data\vistaar_benchmarks\kathbath_noisy\marathi\wavs\844424930328406-60-m.wav,मुंबई विद्यापीठात येत्या ३ ते ७ जानेवारीदरम्यान भारतीय विज्ञान परिषद होत आहे,मु्रीयबिटत एत्यात लिंते सात जानमध्ये दर्मयण भारतीय विग्ञांपविष्क रोत आहे,मुंबई विद्यापीठात येत्या ३ ते ७ जानेवारीदरम्यान भारतीय विज्ञान परिषद होत आहे,मु्रीयबिटत एत्यात लिंते सात जानमध्ये दर्मयण भारतीय विग्ञांपविष्क रोत आहे,51.32,83.33,0,5.13
sample_00981,D:\marathi-asr\data\vistaar_benchmarks\kathbath_noisy\marathi\wavs\844424930328378-60-m.wav,दहा दिवसांपूर्वीच याबाबत गिनिज बुक समितीशी संपर्क साधण्यात आला,दहा दिवसा पूर्वीज्या याबाबत गेनी बूोक समितीशी संपर्ग साधनात ला,दहा दिवसांपूर्वीच याबाबत गिनिज बुक समितीशी संपर्क साधण्यात आला,दहा दिवसा पूर्वीज्या याबाबत गेनी बूोक समितीशी संपर्ग साधनात ला,24.19,77.78,0,5.2
sample_00982,D:\marathi-asr\data\vistaar_benchmarks\kathbath_noisy\marathi\wavs\844424930328389-60-m.wav,एवढ्यात एक ६ वर्षाची मुलगी आणि तिची आई थिएटरच्या दिशेने गेल्या,यिवळ्यात एक सहा व्चाकीमही आणि किती आहे ती परुच्या दुसणी गेल्या,एवढ्यात एक ६ वर्षाची मुलगी आणि तिची आई थिएटरच्या दिशेने गेल्या,यिवळ्यात एक सहा व्चाकीमही आणि किती आहे ती परुच्या दुसणी गेल्या,43.55,81.82,0,5.18
sample_00983,D:\marathi-asr\data\vistaar_benchmarks\kathbath_noisy\marathi\wavs\844424930649817-823-m.wav,वरील उदाहरणाचा अभ्यास करा आणि नमुन्याची ऑडिओ फाईल ऐका,वरील उदाहणाचा अभभ्यास करा आणि नमुन्यांची ऑडीयो पाईल आहे का ?,वरील उदाहरणाचा अभ्यास करा आणि नमुन्याची ऑडिओ फाईल ऐका,वरील उदाहणाचा अभभ्यास करा आणि नमुन्यांची ऑडीयो पाईल आहे का,20.75,77.78,0,4.92
sample_00984,D:\marathi-asr\data\vistaar_benchmarks\kathbath_noisy\marathi\wavs\844424930323343-60-m.wav,आज एका पत्रकार परिषदेत ठाणे ग्रामीणचे पोलीस अधिक्षक शिवाजी राठोड यांनी ही माहिती दिली,ज एका ास्त्याता पजेपेतील थामनी चाना त के्े सागिकेय तस याढणी ला पवड् ा म्हजी माहती केले,आज एका पत्रकार परिषदेत ठाणे ग्रामीणचे पोलीस अधिक्षक शिवाजी राठोड यांनी ही माहिती दिली,ज एका ास्त्याता पजेपेतील थामनी चाना त के्े सागिकेय तस याढणी ला पवड् ा म्हजी माहती केले,67.06,114.29,0,6.22
sample_00985,D:\marathi-asr\data\vistaar_benchmarks\kathbath_noisy\marathi\wavs\844424930649800-823-m.wav,करिनानं २१ फेब्रुवारीला ब्रीच कँडी हॉस्पिटलमध्ये दुसऱ्या मुलाला जन्म दिला,अर्नान एक्वीस्केबरुवारेला ब्रीजस कॅंडी हास्पिटलमध्ये दुस्या मुलाला खन्म दिला,करिनानं २१ फेब्रुवारीला ब्रीच कँडी हॉस्पिटलमध्ये दुसऱ्या मुलाला जन्म दिला,अर्नान एक्वीस्केबरुवारेला ब्रीजस कॅंडी हास्पिटलमध्ये दुस्या मुलाला खन्म दिला,28.38,80.0,0,6.71
sample_00986,D:\marathi-asr\data\vistaar_benchmarks\kathbath_noisy\marathi\wavs\844424930649727-823-m.wav,मारुती सुझुकीच्या विक्रीत गेल्या तिमाहीत ४६ टक्के घट नोंदविली गेली आहे,मारती सुजुतीच्या विक्रीत गेण्याती माहित सेहचाईीस टक्के घट नोंदवली गेली आहे,मारुती सुझुकीच्या विक्रीत गेल्या तिमाहीत ४६ टक्के घट नोंदविली गेली आहे,मारती सुजुतीच्या विक्रीत गेण्याती माहित सेहचाईीस टक्के घट नोंदवली गेली आहे,24.29,54.55,0,7.15
sample_00987,D:\marathi-asr\data\vistaar_benchmarks\kathbath_noisy\marathi\wavs\844424930328437-60-m.wav,राहुल गांधींना निर्णय घेण्याचं पूर्णपणे स्वातंत्र्य देऊन त्यांना अध्यपद द्यावं यासाठी त्यांची मनधरणी सुरु आहे,राबियांना निमे घेण्याच्या आपूर्णपतसावतंत्र वीऊनत्यांना अरद्यक्ष पत्ति यावार्यासाठी बँकिमधदरणी सुरव आहे,राहुल गांधींना निर्णय घेण्याचं पूर्णपणे स्वातंत्र्य देऊन त्यांना अध्यपद द्यावं यासाठी त्यांची मनधरणी सुरु आहे,राबियांना निमे घेण्याच्या आपूर्णपतसावतंत्र वीऊनत्यांना अरद्यक्ष पत्ति यावार्यासाठी बँकिमधदरणी सुरव आहे,45.87,93.33,0,7.96
sample_00988,D:\marathi-asr\data\vistaar_benchmarks\kathbath_noisy\marathi\wavs\844424930746712-6-m.wav,ग्रामपंचायत सुधारणा विधेयकाला विरोधी पक्ष नेते देवेंद्र फडणवीस यांनी आक्षेप घेतला,ग्रामपंचात सुधारणा विधेकाला िरोदीपक्षणेते देवंद्र पडीस यानी अक्षे घेतला,ग्रामपंचायत सुधारणा विधेयकाला विरोधी पक्ष नेते देवेंद्र फडणवीस यांनी आक्षेप घेतला,ग्रामपंचात सुधारणा विधेकाला िरोदीपक्षणेते देवंद्र पडीस यानी अक्षे घेतला,17.28,81.82,0,8.78
sample_00989,D:\marathi-asr\data\vistaar_benchmarks\kathbath_noisy\marathi\wavs\844424930344946-60-m.wav,बर्याच लोकांना अचूकपणे शक्ती समजते जसे रॅकेट दिलेल्या स्विंगवर चेंडू देते,बरात लोकांना चुक पनणे शक्ते समत्य जासे रायकेट डिलेल्या्स विंबूव चेंडू देते,बर्याच लोकांना अचूकपणे शक्ती समजते जसे रॅकेट दिलेल्या स्विंगवर चेंडू देते,बरात लोकांना चुक पनणे शक्ते समत्य जासे रायकेट डिलेल्या्स विंबूव चेंडू देते,27.4,81.82,0,5.64
sample_00990,D:\marathi-asr\data\vistaar_benchmarks\kathbath_noisy\marathi\wavs\844424930746691-6-m.wav,शाहरुख राकेश शर्मा यांच्या बायोपिकसाठी अमेरिकेला प्रशिक्षण घेणार असल्याचेही समजते आहे,सार्ग राकेसर्मा यांच्या बायोपिकसाठी अमेरि केला प्रशिक्षण घेणार असल्याचेही समस्ये आहे,शाहरुख राकेश शर्मा यांच्या बायोपिकसाठी अमेरिकेला प्रशिक्षण घेणार असल्याचेही समजते आहे,सार्ग राकेसर्मा यांच्या बायोपिकसाठी अमेरि केला प्रशिक्षण घेणार असल्याचेही समस्ये आहे,12.94,54.55,0,8.22
sample_00991,D:\marathi-asr\data\vistaar_benchmarks\kathbath_noisy\marathi\wavs\844424930649807-823-m.wav,उसावर मातीचा थर बसल्याने काही शेतकरी उसाचा शेंडा तोडून वैरण म्हणून जनावरांना ऊस घालत आहेत,तसावर मातीचा कर बसल्याने काही शेतकरी उसाचा शेंडा कडून वैरण म्हून जनावरांना उसघालक आहे,उसावर मातीचा थर बसल्याने काही शेतकरी उसाचा शेंडा तोडून वैरण म्हणून जनावरांना ऊस घालत आहेत,तसावर मातीचा कर बसल्याने काही शेतकरी उसाचा शेंडा कडून वैरण म्हून जनावरांना उसघालक आहे,10.11,46.67,0,8.78
sample_00992,D:\marathi-asr\data\vistaar_benchmarks\kathbath_noisy\marathi\wavs\844424930345017-60-m.wav,या प्रशिक्षणाच्या माध्यमातून फुटबॉल जनसामान्यांपर्यंत पोहोचवण्याचा प्रयत्न करण्यात येणार आहे,चनाच्या माध्यमातून फुटबालजन सामान्यपर्यंत पोचवण्ाच्या प्रायत्न करण्यात येणार आहे,या प्रशिक्षणाच्या माध्यमातून फुटबॉल जनसामान्यांपर्यंत पोहोचवण्याचा प्रयत्न करण्यात येणार आहे,चनाच्या माध्यमातून फुटबालजन सामान्यपर्यंत पोचवण्ाच्या प्रायत्न करण्यात येणार आहे,25.0,60.0,0,5.46
sample_00993,D:\marathi-asr\data\vistaar_benchmarks\kathbath_noisy\marathi\wavs\844424930819864-6-m.wav,पण मनात असून सुद्धा ते ही गोष्ट आपल्या प्रेयसीला सांगू शकत नाहीत,पन्मणात असूनसुधा तेही गोष्ट आपल्या प्रेयसीला सांगू शकतत नाहीत,पण मनात असून सुद्धा ते ही गोष्ट आपल्या प्रेयसीला सांगू शकत नाहीत,पन्मणात असूनसुधा तेही गोष्ट आपल्या प्रेयसीला सांगू शकतत नाहीत,12.5,58.33,0,6.87
sample_00994,D:\marathi-asr\data\vistaar_benchmarks\kathbath_noisy\marathi\wavs\844424930819809-6-m.wav,प्रत्येक उच्चार कसा उच्चारला जाईल हे ऐकण्यासाठी शब्दांवर क्लिक करा,प्रत्येक उच्चार कसा उचारला जाईल हे ऐकण्यासाठी शब्दांवर प्लिक करा,प्रत्येक उच्चार कसा उच्चारला जाईल हे ऐकण्यासाठी शब्दांवर क्लिक करा,प्रत्येक उच्चार कसा उचारला जाईल हे ऐकण्यासाठी शब्दांवर प्लिक करा,4.55,20.0,0,5.97
sample_00995,D:\marathi-asr\data\vistaar_benchmarks\kathbath_noisy\marathi\wavs\844424930345028-60-m.wav,तिच्या लूक मध्ये एकच फरक आला आहे तो म्हणजे तिची हेअरस्टाईल होय,तिच्या दूपमध्ये एकच फरक आला आहे तो म्हणजे किकी हेस टारीन होईन,तिच्या लूक मध्ये एकच फरक आला आहे तो म्हणजे तिची हेअरस्टाईल होय,तिच्या दूपमध्ये एकच फरक आला आहे तो म्हणजे किकी हेस टारीन होईन,20.97,50.0,0,4.57
sample_00996,D:\marathi-asr\data\vistaar_benchmarks\kathbath_noisy\marathi\wavs\844424930649786-823-m.wav,लग्नाचे आमिष दाखवून दिलीपने अनेकदा शारीरिक संबंध प्रस्थापित केले,लगनाचे आमिश दाखू डिमिफुने अनेकदाशारीविक संबंध प्रस्थापित केले,लग्नाचे आमिष दाखवून दिलीपने अनेकदा शारीरिक संबंध प्रस्थापित केले,लगनाचे आमिश दाखू डिमिफुने अनेकदाशारीविक संबंध प्रस्थापित केले,17.19,66.67,0,6.04
sample_00997,D:\marathi-asr\data\vistaar_benchmarks\kathbath_noisy\marathi\wavs\844424930394058-60-m.wav,उलट एक हजारहून अधिक विस्थापितांना अटक करूनच त्यांना उद्घाटनाच्या कार्यक्रमाला पुढे जावे लागले,ख ट एक सल्यावरून अधिक विस्ता पितांना अटक करू न त्यांच्या उद्गाटरणांच्या कार्यकरमला पुढे ज्यावे लागेल,उलट एक हजारहून अधिक विस्थापितांना अटक करूनच त्यांना उद्घाटनाच्या कार्यक्रमाला पुढे जावे लागले,ख ट एक सल्यावरून अधिक विस्ता पितांना अटक करू न त्यांच्या उद्गाटरणांच्या कार्यकरमला पुढे ज्यावे लागेल,26.88,92.31,0,6.76
sample_00998,D:\marathi-asr\data\vistaar_benchmarks\kathbath_noisy\marathi\wavs\844424930331454-60-m.wav,हजारो वर्षांच्या कालखंडातील गुहेतील पेंटिंगमध्ये सींगवार प्राण्यांचे चिन्ह आढळतात,टरोवर्षाच्या कालनांत पालू ेतील पेंटीमध्ये सिंगावर प्राण्यांची चिन्न आढळतात,हजारो वर्षांच्या कालखंडातील गुहेतील पेंटिंगमध्ये सींगवार प्राण्यांचे चिन्ह आढळतात,टरोवर्षाच्या कालनांत पालू ेतील पेंटीमध्ये सिंगावर प्राण्यांची चिन्न आढळतात,28.4,88.89,0,6.04
sample_00999,D:\marathi-asr\data\vistaar_benchmarks\kathbath_noisy\marathi\wavs\844424930810095-6-m.wav,सहरसावर प्रत्येक रेल्वे थांबत नसली तरी इथं गाड्यांचा वेग कमी होतो,सहरसावर प्रत्येकगरेल्वे थांबत नसली रि इथे गाड्यांचा वेग कमी होतो,सहरसावर प्रत्येक रेल्वे थांबत नसली तरी इथं गाड्यांचा वेग कमी होतो,सहरसावर प्रत्येकगरेल्वे थांबत नसली रि इथे गाड्यांचा वेग कमी होतो,6.15,36.36,0,7.04
sample_01000,D:\marathi-asr\data\vistaar_benchmarks\kathbath_noisy\marathi\wavs\844424930746725-6-m.wav,कोल्हापूर शहरातील व्हीनस कॉर्नर परिसर बॅरिकेट्स लावून बंद करण्यात आला आहे,कोलापूर शहरातील जीनस्कॉर्नड परिसर बॅरकेटस लाउन बंद करण्यात आला आहे,कोल्हापूर शहरातील व्हीनस कॉर्नर परिसर बॅरिकेट्स लावून बंद करण्यात आला आहे,कोलापूर शहरातील जीनस्कॉर्नड परिसर बॅरकेटस लाउन बंद करण्यात आला आहे,15.07,45.45,0,7.2
sample_01001,D:\marathi-asr\data\vistaar_benchmarks\kathbath_noisy\marathi\wavs\844424930323283-60-m.wav,जिल्हाधिकारी राम यांनी जिल्हा पेट्रोल डिझेल पम्प असोसिएशनला पत्र लिहून हा निर्णय कळवला आहे,अाधिकारी रामनिशीलला पेटोडिजन कंप असूशियसंलापत्रलीहून हा निमे पढवला आहे,जिल्हाधिकारी राम यांनी जिल्हा पेट्रोल डिझेल पम्प असोसिएशनला पत्र लिहून हा निर्णय कळवला आहे,अाधिकारी रामनिशीलला पेटोडिजन कंप असूशियसंलापत्रलीहून हा निमे पढवला आहे,43.33,85.71,0,7.24
sample_01002,D:\marathi-asr\data\vistaar_benchmarks\kathbath_noisy\marathi\wavs\844424930328421-60-m.wav,पण पोलिसांनी अधिक चौकशी केल्यानंतर त्यांनी आपला गुन्हा मान्य केला,पण पोडीसांण् अधिक चोव कशी केल्यान ंतर त्यांनी आपला गुन्हा मान्य केला,पण पोलिसांनी अधिक चौकशी केल्यानंतर त्यांनी आपला गुन्हा मान्य केला,पण पोडीसांण् अधिक चोव कशी केल्यान ंतर त्यांनी आपला गुन्हा मान्य केला,12.31,50.0,0,4.76
sample_01003,D:\marathi-asr\data\vistaar_benchmarks\kathbath_noisy\marathi\wavs\844424930819839-6-m.wav,तसंच या दहशतवादी संघटनेने १६ एप्रिलला स्फोटकांनी भरलेली एक कार कतांनकुडीजवळील पालमुनाई येथे सोडली होती,तसच या दर्शत वाधी संघटलेने चोळा एप्रेला स्पवटकानी भरलेली एक कार अतांकुढीजवळ पालमु नाह जेतथेसोले होती,तसंच या दहशतवादी संघटनेने १६ एप्रिलला स्फोटकांनी भरलेली एक कार कतांनकुडीजवळील पालमुनाई येथे सोडली होती,तसच या दर्शत वाधी संघटलेने चोळा एप्रेला स्पवटकानी भरलेली एक कार अतांकुढीजवळ पालमु नाह जेतथेसोले होती,26.47,73.33,0,10.77
sample_01004,D:\marathi-asr\data\vistaar_benchmarks\kathbath_noisy\marathi\wavs\844424930819813-6-m.wav,सरकारचा पाच दिवसांचा आठवडा करण्याचा निर्णय निव्वळ मुर्खपणा आहे,सरकारचा पाच दिवसांचा आठवडा करण्याचा निर्णय लिव्ळ मुर्ठपणा आहा,सरकारचा पाच दिवसांचा आठवडा करण्याचा निर्णय निव्वळ मुर्खपणा आहे,सरकारचा पाच दिवसांचा आठवडा करण्याचा निर्णय लिव्ळ मुर्ठपणा आहा,6.45,33.33,0,6.41
sample_01005,D:\marathi-asr\data\vistaar_benchmarks\kathbath_noisy\marathi\wavs\844424930819790-6-m.wav,तर पंचगंगेच्या पाणी पातणीत वाढ होत असून ती धोका पातळीकडे जात आहे,तर पंच गंगेच्या पाणी पातीत वाढ होत असून ती धोका पातळेकडे जात आहे,तर पंचगंगेच्या पाणी पातणीत वाढ होत असून ती धोका पातळीकडे जात आहे,तर पंच गंगेच्या पाणी पातीत वाढ होत असून ती धोका पातळेकडे जात आहे,4.69,33.33,0,6.83
sample_01006,D:\marathi-asr\data\vistaar_benchmarks\kathbath_noisy\marathi\wavs\844424930746701-6-m.wav,पण त्यानंतरही थाटलेली दुकाने पाहता येथे अजून कठोर कारवाई होणे गरजेचे आहे,पंत्यानंतरही आटलेली दुकाने भाहता येथे असून कठर कार्वाई होले गरजेचे आहे,पण त्यानंतरही थाटलेली दुकाने पाहता येथे अजून कठोर कारवाई होणे गरजेचे आहे,पंत्यानंतरही आटलेली दुकाने भाहता येथे असून कठर कार्वाई होले गरजेचे आहे,12.5,66.67,0,7.76
sample_01007,D:\marathi-asr\data\vistaar_benchmarks\kathbath_noisy\marathi\wavs\844424930323289-60-m.wav,नशिबावर भरोसा ठेऊन संसार करणाऱ्या माणसाला त्याच्या मुलांविषयी काळजी नसते,पबरोसाठेहून चंसार करणा्या मांसाला ताच्या मुलाविषयी काढजी नसते,नशिबावर भरोसा ठेऊन संसार करणाऱ्या माणसाला त्याच्या मुलांविषयी काळजी नसते,पबरोसाठेहून चंसार करणा्या मांसाला ताच्या मुलाविषयी काढजी नसते,26.03,90.0,0,5.22
sample_01008,D:\marathi-asr\data\vistaar_benchmarks\kathbath_noisy\marathi\wavs\844424930344968-60-m.wav,तसेच बंदरातील नौकांना समुद्रात न जाण्याच्या सूचना मत्स्यविभागाकडून देण्यात आल्या आहेत,पंदरातं्लकणांना समुद्राहत न जानाच्या सूट्ना मत्त् विभागघडून जेण्यात आल्या आहेत,तसेच बंदरातील नौकांना समुद्रात न जाण्याच्या सूचना मत्स्यविभागाकडून देण्यात आल्या आहेत,पंदरातं्लकणांना समुद्राहत न जानाच्या सूट्ना मत्त् विभागघडून जेण्यात आल्या आहेत,27.06,81.82,0,6.32
sample_01009,D:\marathi-asr\data\vistaar_benchmarks\kathbath_noisy\marathi\wavs\844424930331416-60-m.wav,शारजाच्या मैदानावर आजच्या सामन्यात पंजाबने अखेर ख्रिस गेलला संधी दिली आहे,साज्याच्या मैदानावर आजच्या सामन्यात पंलाबमी अफेस्प्रीज गेलला संधी दिली आहे,शारजाच्या मैदानावर आजच्या सामन्यात पंजाबने अखेर ख्रिस गेलला संधी दिली आहे,साज्याच्या मैदानावर आजच्या सामन्यात पंलाबमी अफेस्प्रीज गेलला संधी दिली आहे,17.81,36.36,0,5.6
sample_01010,D:\marathi-asr\data\vistaar_benchmarks\kathbath_noisy\marathi\wavs\844424930649777-823-m.wav,दस का दम या कार्यक्रमाच्या म्युझिक व्हिडिओमध्ये सलमान खान नृत्य देखील करताना दिसणार आहे,दस्काद या कार्यक्रमाच्या म्युझिक विडियोमध्ये सल्मानखान नृत्य देखील करताना दिसणार आहे,दस का दम या कार्यक्रमाच्या म्युझिक व्हिडिओमध्ये सलमान खान नृत्य देखील करताना दिसणार आहे,दस्काद या कार्यक्रमाच्या म्युझिक विडियोमध्ये सल्मानखान नृत्य देखील करताना दिसणार आहे,10.34,42.86,0,7.76
sample_01011,D:\marathi-asr\data\vistaar_benchmarks\kathbath_noisy\marathi\wavs\844424930344958-60-m.wav,परंतु त्याची बाईक त्या जोरदार पाण्याच्या वेगात वाहून जाते,पतूसंची पाईत्या जिवरधार पाण्याच्या दिग्यात वाहून जाते,परंतु त्याची बाईक त्या जोरदार पाण्याच्या वेगात वाहून जाते,पतूसंची पाईत्या जिवरधार पाण्याच्या दिग्यात वाहून जाते,31.58,66.67,0,4.11
sample_01012,D:\marathi-asr\data\vistaar_benchmarks\kathbath_noisy\marathi\wavs\844424930746702-6-m.wav,आता यासंदर्भातील अंतिम निर्णय स्थानिक प्रशासन नव्हे तर मुख्यालय स्तरावर राज्य सरकार घेईल,आता या संदर्भातील आंती निर्ण स्थानिक प्रशासन नवे तर तन तरावर राज्य सरकार घे,आता यासंदर्भातील अंतिम निर्णय स्थानिक प्रशासन नव्हे तर मुख्यालय स्तरावर राज्य सरकार घेईल,आता या संदर्भातील आंती निर्ण स्थानिक प्रशासन नवे तर तन तरावर राज्य सरकार घे,21.59,61.54,0,7.73
sample_01013,D:\marathi-asr\data\vistaar_benchmarks\kathbath_noisy\marathi\wavs\844424930328989-60-m.wav,बाबा घर आणि हॉस्पिटल यांच्या चकरा मारायला लागतो आणि नवजात आई बाळाच्या संगोपनासाठी सज्ज होते,बाबागर आणि मस्फिटल याच्या च्ाकरा मारालाला पत् आणि नवजात आय वाळाच्या संगोपनासाठी सख्य होते,बाबा घर आणि हॉस्पिटल यांच्या चकरा मारायला लागतो आणि नवजात आई बाळाच्या संगोपनासाठी सज्ज होते,बाबागर आणि मस्फिटल याच्या च्ाकरा मारालाला पत् आणि नवजात आय वाळाच्या संगोपनासाठी सख्य होते,18.68,66.67,0,8.78
sample_01014,D:\marathi-asr\data\vistaar_benchmarks\kathbath_noisy\marathi\wavs\844424930649793-823-m.wav,तेथेच नंतर त्यांच्या स्मरणार्थ मोठे चर्च बांधण्यात आले आहे,तेथीच नंतर त्यांच्या समरार्थ मोठे चर्ज बाध्यात आले आहे,तेथेच नंतर त्यांच्या स्मरणार्थ मोठे चर्च बांधण्यात आले आहे,तेथीच नंतर त्यांच्या समरार्थ मोठे चर्ज बाध्यात आले आहे,10.34,44.44,0,5.57
sample_01015,D:\marathi-asr\data\vistaar_benchmarks\kathbath_noisy\marathi\wavs\844424930819858-6-m.wav,मात्र २०१८ मध्ये हे आव्हान जास्तच कठीण झाल्याचे दिसून येते,मात्र दोन हजाराठ्रामध्ये हे आवान जास्तच कठेण झाल्याच्या जिसून येते,मात्र २०१८ मध्ये हे आव्हान जास्तच कठीण झाल्याचे दिसून येते,मात्र दोन हजाराठ्रामध्ये हे आवान जास्तच कठेण झाल्याच्या जिसून येते,34.48,60.0,0,5.97
sample_01016,D:\marathi-asr\data\vistaar_benchmarks\kathbath_noisy\marathi\wavs\844424930649785-823-m.wav,त्यांनी जाहीर केले दळण दळून घेतले तर तितक्या रकमेची तिकीटे देणार,त्यांनी जाहित केले तरण दळून घेततले तर कितक्या लकमेचे ति किडे देणार ?,त्यांनी जाहीर केले दळण दळून घेतले तर तितक्या रकमेची तिकीटे देणार,त्यांनी जाहित केले तरण दळून घेततले तर कितक्या लकमेचे ति किडे देणार,17.19,63.64,0,5.76
sample_01017,D:\marathi-asr\data\vistaar_benchmarks\kathbath_noisy\marathi\wavs\844424930746736-6-m.wav,पवारांच्या या वक्तव्यामुळे राजकीय वर्तुळाची उत्सुकता ताणली गेली आहे,पवारांच्या या बक्तग्यामुळे राजिकीय वरतोळाची उचचुक्कात आंली घेली आहे,पवारांच्या या वक्तव्यामुळे राजकीय वर्तुळाची उत्सुकता ताणली गेली आहे,पवारांच्या या बक्तग्यामुळे राजिकीय वरतोळाची उचचुक्कात आंली घेली आहे,22.39,66.67,0,7.2
sample_01018,D:\marathi-asr\data\vistaar_benchmarks\kathbath_noisy\marathi\wavs\844424930323300-60-m.wav,२०१४ मध्ये गटाने पहिल्यांदा एका खासगी बॅंकेकडून एक लाख रुपये कर्ज घेतले,्या ठवदामध्ये गटाने पहिलांदा एका खाजगी बँकेकडूनक एकलाख ुपये कर्ज घेतले,२०१४ मध्ये गटाने पहिल्यांदा एका खासगी बॅंकेकडून एक लाख रुपये कर्ज घेतले,्या ठवदामध्ये गटाने पहिलांदा एका खाजगी बँकेकडूनक एकलाख ुपये कर्ज घेतले,22.54,66.67,0,5.67
sample_01019,D:\marathi-asr\data\vistaar_benchmarks\kathbath_noisy\marathi\wavs\844424930746692-6-m.wav,या सर्वांच्या सहाय्यानेच हा मैलाचा टप्पा आम्ही गाठू शकलो,या सर्वांच्या सहाय्यानेच हा महिलाचा टप्पा आम्ही घाठवू शकतो,या सर्वांच्या सहाय्यानेच हा मैलाचा टप्पा आम्ही गाठू शकलो,या सर्वांच्या सहाय्यानेच हा महिलाचा टप्पा आम्ही घाठवू शकतो,8.93,33.33,0,5.67
sample_01020,D:\marathi-asr\data\vistaar_benchmarks\kathbath_noisy\marathi\wavs\844424930746744-6-m.wav,तिथे तर मुलांना आवडेल अशी मरमेड आणि मोठा डायनोसॉर आहे,तिथेतर मुलांना आवडेल अशी मरवेळ आणि मोठा डायना सर आहे,तिथे तर मुलांना आवडेल अशी मरमेड आणि मोठा डायनोसॉर आहे,तिथेतर मुलांना आवडेल अशी मरवेळ आणि मोठा डायना सर आहे,11.32,50.0,0,5.78
sample_01021,D:\marathi-asr\data\vistaar_benchmarks\kathbath_noisy\marathi\wavs\844424930331397-60-m.wav,उद्योगधंद्याच्या ठिकाणी रसायने किंवा वायू वाहून नेण्यासाठीसुद्धा विशेष प्रकारची नळव्यवस्था केली जाते,जोग धंधाच्या टिकाणी रसायनि किंवा वायीव वाहून घेण्यासराठी सुद्धा विचेष प्रकारचे ना व्यवस्था केली जाते,उद्योगधंद्याच्या ठिकाणी रसायने किंवा वायू वाहून नेण्यासाठीसुद्धा विशेष प्रकारची नळव्यवस्था केली जाते,जोग धंधाच्या टिकाणी रसायनि किंवा वायीव वाहून घेण्यासराठी सुद्धा विचेष प्रकारचे ना व्यवस्था केली जाते,19.0,91.67,0,7.04
sample_01022,D:\marathi-asr\data\vistaar_benchmarks\kathbath_noisy\marathi\wavs\844424930649758-823-m.wav,अशा कोटिंग्जचे अगदी कमी तापमान उच्च लवचिकता द्वारे दर्शविले आहेत,अशा पोटिंग्सचे अगदी कमी तापमान उच्च ल वचिकताद्वारे दर्शत आहे,अशा कोटिंग्जचे अगदी कमी तापमान उच्च लवचिकता द्वारे दर्शविले आहेत,अशा पोटिंग्सचे अगदी कमी तापमान उच्च ल वचिकताद्वारे दर्शत आहे,14.06,50.0,0,6.04
sample_01023,D:\marathi-asr\data\vistaar_benchmarks\kathbath_noisy\marathi\wavs\844424930649753-823-m.wav,उरी सेक्टरमधील कालीगढ येथे तीन ते चार दहशतवादी घुसखोरीच्या प्रयत्नात असल्याची माहिती सुरक्षा दलास मिळाली,परीसेक्टरमध्ये कालीगड येते पेनपे चार दरशतवादी दुस्कोरीच्या प्र्यातना असल्याची माहिती सुरक्ष दलास मिळेल,उरी सेक्टरमधील कालीगढ येथे तीन ते चार दहशतवादी घुसखोरीच्या प्रयत्नात असल्याची माहिती सुरक्षा दलास मिळाली,परीसेक्टरमध्ये कालीगड येते पेनपे चार दरशतवादी दुस्कोरीच्या प्र्यातना असल्याची माहिती सुरक्ष दलास मिळेल,21.15,73.33,0,9.82
sample_01024,D:\marathi-asr\data\vistaar_benchmarks\kathbath_noisy\marathi\wavs\844424930394119-60-m.wav,लॉकडाउनमुळे घरात अडकलेल्या लोकांसाठी टेलिकम्युनिकेशन कंपन्या ऑफर देत आहेत,लावडोडमुळे घरात डकलेल्या लोकांसाठी केली कमून विकेशन कंपन्या ऑफर देत आहे,लॉकडाउनमुळे घरात अडकलेल्या लोकांसाठी टेलिकम्युनिकेशन कंपन्या ऑफर देत आहेत,लावडोडमुळे घरात डकलेल्या लोकांसाठी केली कमून विकेशन कंपन्या ऑफर देत आहे,19.18,66.67,0,5.13
sample_01025,D:\marathi-asr\data\vistaar_benchmarks\kathbath_noisy\marathi\wavs\844424930746720-6-m.wav,त्यामुळे या विस्तारात कोणाला संधी मिळणार याकडे लक्ष लागलं आहे,त्यामुळे या दिस्ता्या कोणाला संजी मिनार याकडे लक्ष लागला आहे?,त्यामुळे या विस्तारात कोणाला संधी मिळणार याकडे लक्ष लागलं आहे,त्यामुळे या दिस्ता्या कोणाला संजी मिनार याकडे लक्ष लागला आहे,13.11,40.0,0,6.04
sample_01026,D:\marathi-asr\data\vistaar_benchmarks\kathbath_noisy\marathi\wavs\844424930328373-60-m.wav,गेल्या ९ महिन्यांपासून प्लास्टिक उत्पादकांना याची जाणीव करुन देण्यात आली आहे,गेल्या नव महिन्यापासून प्लाष्ट्रिक उत्पादकरणा यांची जाणी करून देण्यात आली आहे,गेल्या ९ महिन्यांपासून प्लास्टिक उत्पादकांना याची जाणीव करुन देण्यात आली आहे,गेल्या नव महिन्यापासून प्लाष्ट्रिक उत्पादकरणा यांची जाणी करून देण्यात आली आहे,15.79,63.64,0,5.74
sample_01027,D:\marathi-asr\data\vistaar_benchmarks\kathbath_noisy\marathi\wavs\844424930328400-60-m.wav,मात्र ती गाडी आपल्याच कार्यकर्त्याची असल्याचे नंतर स्पष्ट झाले,मपती गाडी आपल्यात काराया करत्यांची असल्याचे नंतर स्रष्टी झाले,मात्र ती गाडी आपल्याच कार्यकर्त्याची असल्याचे नंतर स्पष्ट झाले,मपती गाडी आपल्यात काराया करत्यांची असल्याचे नंतर स्रष्टी झाले,20.97,66.67,0,4.48
sample_01028,D:\marathi-asr\data\vistaar_benchmarks\kathbath_noisy\marathi\wavs\844424930649738-823-m.wav,त्याची बहिण त्याला या कामी बरीच मदत करत असते,क्याची बही त्याला या कामी बरीच मदत करत असते,त्याची बहिण त्याला या कामी बरीच मदत करत असते,क्याची बही त्याला या कामी बरीच मदत करत असते,6.82,22.22,0,4.32
sample_01029,D:\marathi-asr\data\vistaar_benchmarks\kathbath_noisy\marathi\wavs\844424930328410-60-m.wav,लोहा पोलीस ठाण्यात तक्रारदाराच्या भावाविरुध्द एक गुन्हा दाखल आहे,लोहा पोलिस्टाना तक्रा दराच्या मारामदद्द एक ुन्ह दाखला आहे,लोहा पोलीस ठाण्यात तक्रारदाराच्या भावाविरुध्द एक गुन्हा दाखल आहे,लोहा पोलिस्टाना तक्रा दराच्या मारामदद्द एक ुन्ह दाखला आहे,29.69,66.67,0,4.37
sample_01030,D:\marathi-asr\data\vistaar_benchmarks\kathbath_noisy\marathi\wavs\844424930649803-823-m.wav,त्यापैकी महत्त्वाची कारणे म्हणजे अद्ययावत तांत्रिक उपलब्धता आणि व्यवहारातील जोखीमेबाबत सुरक्षितता,त्यापैकी महत्त्वाची कारणे म्हणजे अद्ययावत तांत्रिक उपलब्धता आणि व्यवहारातील जोखमीबाबत सुरक्षिततात,त्यापैकी महत्त्वाची कारणे म्हणजे अद्ययावत तांत्रिक उपलब्धता आणि व्यवहारातील जोखीमेबाबत सुरक्षितता,त्यापैकी महत्त्वाची कारणे म्हणजे अद्ययावत तांत्रिक उपलब्धता आणि व्यवहारातील जोखमीबाबत सुरक्षिततात,3.09,18.18,0,8.66
sample_01031,D:\marathi-asr\data\vistaar_benchmarks\kathbath_noisy\marathi\wavs\844424930344965-60-m.wav,त्यासाठी शासकीय मैदानावर मोठ्या संख्येने मूर्ती विक्रेत्यांनी दुकाने लावली होती,त्यासाठी शासकीय मैय्ानावर मोठ्या संतेमी मु्ती विकेतानी दुकाने लावली होते,त्यासाठी शासकीय मैदानावर मोठ्या संख्येने मूर्ती विक्रेत्यांनी दुकाने लावली होती,त्यासाठी शासकीय मैय्ानावर मोठ्या संतेमी मु्ती विकेतानी दुकाने लावली होते,18.99,50.0,0,5.18
sample_01032,D:\marathi-asr\data\vistaar_benchmarks\kathbath_noisy\marathi\wavs\844424930746724-6-m.wav,प्रस्तावित विधेयक ही अट शिथिल करून ती सहा वर्षांवर आणण्याची शिफारस करतं,ससतारित किठेय कीअट शितील करून वस्थांवर आढण्याची शीफारस करतात,प्रस्तावित विधेयक ही अट शिथिल करून ती सहा वर्षांवर आणण्याची शिफारस करतं,ससतारित किठेय कीअट शितील करून वस्थांवर आढण्याची शीफारस करतात,35.21,91.67,0,8.17
sample_01033,D:\marathi-asr\data\vistaar_benchmarks\kathbath_noisy\marathi\wavs\844424930331402-60-m.wav,उष्ण प्रदेशात जास्त तर थंड प्रदेशात थोडे कमी चालते,्ण प्रदेशात जास्त त थंड प्रदेशात थोडे कमी चालते,उष्ण प्रदेशात जास्त तर थंड प्रदेशात थोडे कमी चालते,्ण प्रदेशात जास्त त थंड प्रदेशात थोडे कमी चालते,6.0,22.22,0,3.76
sample_01034,D:\marathi-asr\data\vistaar_benchmarks\kathbath_noisy\marathi\wavs\844424930649751-823-m.wav,शिंदे हे पुन्हा कॅबिनेट मंत्री बनल्याने ठाणेकरांनी त्यांचे जल्लोषात स्वागत केले,शेंडे हे पुन्हा कॅबिनेट मंत्री बनल्याने थानेकरांनी त्यांचे जडूशात स्वागत केले,शिंदे हे पुन्हा कॅबिनेट मंत्री बनल्याने ठाणेकरांनी त्यांचे जल्लोषात स्वागत केले,शेंडे हे पुन्हा कॅबिनेट मंत्री बनल्याने थानेकरांनी त्यांचे जडूशात स्वागत केले,11.39,27.27,0,6.99
sample_01035,D:\marathi-asr\data\vistaar_benchmarks\kathbath_noisy\marathi\wavs\844424930746733-6-m.wav,मात्र आता रेल्वेत स्टंटचे व्हिडिओ व्हायरल केल्यास यावर रेल्वे पोलिसांची नजर असणार आहे,मात्र आधारेलवेत स्ट्रंडटचे विधिय वारण केल्यास यावर एेटपोटिसांची नजर असणार आहे,मात्र आता रेल्वेत स्टंटचे व्हिडिओ व्हायरल केल्यास यावर रेल्वे पोलिसांची नजर असणार आहे,मात्र आधारेलवेत स्ट्रंडटचे विधिय वारण केल्यास यावर एेटपोटिसांची नजर असणार आहे,24.71,53.85,0,7.78
sample_01036,D:\marathi-asr\data\vistaar_benchmarks\kathbath_noisy\marathi\wavs\844424930394084-60-m.wav,या वेळी चोरांनी १० लाख ७७ हजार ५०० रुपयांचे सोन्याचे दागिने लांबवले,अवेळी चेोरांनी दहा लाख सक्तत्तर हजार पाच्शीरुपयांचे सोन्याचे दार्मिने नांबवले,या वेळी चोरांनी १० लाख ७७ हजार ५०० रुपयांचे सोन्याचे दागिने लांबवले,अवेळी चेोरांनी दहा लाख सक्तत्तर हजार पाच्शीरुपयांचे सोन्याचे दार्मिने नांबवले,37.31,75.0,0,5.29
sample_01037,D:\marathi-asr\data\vistaar_benchmarks\kathbath_noisy\marathi\wavs\844424930746782-6-m.wav,पण मुजोर टोईंग कर्मचाऱ्यांनी तरुणीसह रिक्षाचालक आणि नागरिकांना रॉडने मारहाण केली,पणमुजर रोइंगकर्मचा्यांनी तरवनीसह रिक्षा चालक आणि नागरिकांना रॉडने माराहाणती,पण मुजोर टोईंग कर्मचाऱ्यांनी तरुणीसह रिक्षाचालक आणि नागरिकांना रॉडने मारहाण केली,पणमुजर रोइंगकर्मचा्यांनी तरवनीसह रिक्षा चालक आणि नागरिकांना रॉडने माराहाणती,18.52,72.73,0,10.15
sample_01038,D:\marathi-asr\data\vistaar_benchmarks\kathbath_noisy\marathi\wavs\844424930323308-60-m.wav,एकमेकांना सहकार्य केल्याने अनेक समस्या येण्याआधीच सुटतील व तुम्ही एक आनंदी नातं जगू शकाल,एक्मिकांना सहकार्या केल्याने अनेक समस्या येण्या आधी सुपतीलव तुम्ही एक म्हणंदी नात जकू शका,एकमेकांना सहकार्य केल्याने अनेक समस्या येण्याआधीच सुटतील व तुम्ही एक आनंदी नातं जगू शकाल,एक्मिकांना सहकार्या केल्याने अनेक समस्या येण्या आधी सुपतीलव तुम्ही एक म्हणंदी नात जकू शका,15.91,64.29,0,6.92
sample_01039,D:\marathi-asr\data\vistaar_benchmarks\kathbath_noisy\marathi\wavs\844424930328454-60-m.wav,यंदाच्या निवडणुकीत पहिल्यांदाच भाजपसमोर कडवं आव्हान निर्माण झालं आहे,पंदाच्या निवणुकीत पहिल्यांदाच भाजवा समुरकड व हामान निर्माण झाला आहे,यंदाच्या निवडणुकीत पहिल्यांदाच भाजपसमोर कडवं आव्हान निर्माण झालं आहे,पंदाच्या निवणुकीत पहिल्यांदाच भाजवा समुरकड व हामान निर्माण झाला आहे,20.59,77.78,0,4.85
sample_01040,D:\marathi-asr\data\vistaar_benchmarks\kathbath_noisy\marathi\wavs\844424930649745-823-m.wav,आपण देशातील सध्याच्या फॅशन त्यानुसार मुलांची नावे निवडू शकता,आपण देशातील सरध्याच्या काशननुसा मुलांची नावे निवडू शकता,आपण देशातील सध्याच्या फॅशन त्यानुसार मुलांची नावे निवडू शकता,आपण देशातील सरध्याच्या काशननुसा मुलांची नावे निवडू शकता,15.0,33.33,0,5.53
sample_01041,D:\marathi-asr\data\vistaar_benchmarks\kathbath_noisy\marathi\wavs\844424930810098-6-m.wav,त्याबरोबर गहाण ठेवलेल्या ऍसेट्सची किमत चढवून सांगितली गेली होती,त्याबरोबर गहाण ठेवलेल्या आशेसी किंमत चडवून सांगितले गेली होते,त्याबरोबर गहाण ठेवलेल्या ऍसेट्सची किमत चढवून सांगितली गेली होती,त्याबरोबर गहाण ठेवलेल्या आशेसी किंमत चडवून सांगितले गेली होते,14.29,55.56,0,6.69
sample_01042,D:\marathi-asr\data\vistaar_benchmarks\kathbath_noisy\marathi\wavs\844424930328966-60-m.wav,डिश अशक्तपणा विरुद्ध लढा हा एक खरा मदत होऊ शकते,देश शक्येच्यापणाविरितळा हा एक खरामदत होहऊ शकतो,डिश अशक्तपणा विरुद्ध लढा हा एक खरा मदत होऊ शकते,देश शक्येच्यापणाविरितळा हा एक खरामदत होहऊ शकतो,42.55,80.0,0,3.69
sample_01043,D:\marathi-asr\data\vistaar_benchmarks\kathbath_noisy\marathi\wavs\844424930649819-823-m.wav,मृत निजगौंडा यांचे नातेवाईक बेळगाव येथील इस्पितळात उपचार घेत आहेत,मृत निजडौंडा यांचे नातिवाई वेळगवलेथी इस्वितळा उपचार घेत आहेत,मृत निजगौंडा यांचे नातेवाईक बेळगाव येथील इस्पितळात उपचार घेत आहेत,मृत निजडौंडा यांचे नातिवाई वेळगवलेथी इस्वितळा उपचार घेत आहेत,15.38,50.0,0,7.22
sample_01044,D:\marathi-asr\data\vistaar_benchmarks\kathbath_noisy\marathi\wavs\844424930746770-6-m.wav,अभिषेकला हा सिनेमा एवढा आवडला की त्याने सिनेमाचे भरभरून कौतुक केले,अविशेकला हा सुविमा येवडा आवडला की त्याने सिनेमाचे भरवरून ततूक केले,अभिषेकला हा सिनेमा एवढा आवडला की त्याने सिनेमाचे भरभरून कौतुक केले,अविशेकला हा सुविमा येवडा आवडला की त्याने सिनेमाचे भरवरून ततूक केले,18.18,45.45,0,6.9
sample_01045,D:\marathi-asr\data\vistaar_benchmarks\kathbath_noisy\marathi\wavs\844424930328386-60-m.wav,केवळ प्रश्न विचारून मतदारसंघात विकासकामे केल्याची स्टंटबाजी करणे योग्य नाही,एवळप्रश्न विचारू मधार संघात विकास कामी केल्याचे स्टरड भाजी करणे योग्य नाही,केवळ प्रश्न विचारून मतदारसंघात विकासकामे केल्याची स्टंटबाजी करणे योग्य नाही,एवळप्रश्न विचारू मधार संघात विकास कामी केल्याचे स्टरड भाजी करणे योग्य नाही,18.67,90.0,0,5.13
sample_01046,D:\marathi-asr\data\vistaar_benchmarks\kathbath_noisy\marathi\wavs\844424930649804-823-m.wav,त्यानंतर राष्ट्रीय आणि आंतरराष्ट्रीय स्थरावर त्यांची अनेक एकल आणि समूह चित्रप्रदर्शन रसिकांच्या पसंतीस उतरली,त्यानंतत राष्ट्रीय आणि आंतरराष्ट्रीय स्तरावत ्यांची अनेक एकण आणि समुह चित्र प्रदर्शन रसिकांच्या कसरतीस फुतरली,त्यानंतर राष्ट्रीय आणि आंतरराष्ट्रीय स्थरावर त्यांची अनेक एकल आणि समूह चित्रप्रदर्शन रसिकांच्या पसंतीस उतरली,त्यानंतत राष्ट्रीय आणि आंतरराष्ट्रीय स्तरावत ्यांची अनेक एकण आणि समुह चित्र प्रदर्शन रसिकांच्या कसरतीस फुतरली,10.19,64.29,0,10.61
sample_01047,D:\marathi-asr\data\vistaar_benchmarks\kathbath_noisy\marathi\wavs\844424930649747-823-m.wav,याप्रकरणात दुरुगकर याच्यावर जेलरोड पोलिसांत फसवणुकीचा गुन्हा दाखल आहे,या प्रकरणात दुरहकर याच्यावर जेलरोड पोलिसात फसवणुकीचा गुन्हा दाखल आहे,याप्रकरणात दुरुगकर याच्यावर जेलरोड पोलिसांत फसवणुकीचा गुन्हा दाखल आहे,या प्रकरणात दुरहकर याच्यावर जेलरोड पोलिसात फसवणुकीचा गुन्हा दाखल आहे,5.8,44.44,0,7.69
sample_01048,D:\marathi-asr\data\vistaar_benchmarks\kathbath_noisy\marathi\wavs\844424930819882-6-m.wav,शॅम्पू व इतर केस आणि त्वचेच्या प्रसाधनांत ते खूप वापरले जाते,शॅमपू व इतर केस आणि त्वचेच्या प्रसाधनात ते खूप वापरले जाते,शॅम्पू व इतर केस आणि त्वचेच्या प्रसाधनांत ते खूप वापरले जाते,शॅमपू व इतर केस आणि त्वचेच्या प्रसाधनात ते खूप वापरले जाते,3.33,18.18,0,6.18
sample_01049,D:\marathi-asr\data\vistaar_benchmarks\kathbath_noisy\marathi\wavs\844424930746710-6-m.wav,वांद्रे आणि खार दरम्यान सिग्नल यंत्रणेत बिघाड झाला होता,वांजरे आणि खार दरण्यान सिंननियंत्रणेत बिगाड झाला,वांद्रे आणि खार दरम्यान सिग्नल यंत्रणेत बिघाड झाला होता,वांजरे आणि खार दरण्यान सिंननियंत्रणेत बिगाड झाला,23.64,66.67,0,6.06
sample_01050,D:\marathi-asr\data\vistaar_benchmarks\kathbath_noisy\marathi\wavs\844424930819869-6-m.wav,सध्या अमरनाथ यात्रेच्या सुरक्षिततेसाठी ४० हजार सैन्य तैनात असून त्यांच्या मदतीला या कंपन्या पाठवल्या आहेत,सध्या अंमरणात यात्रेच्या सुरक्षिते तेसाठी काळी हजार सं्य तहणात असून त्यांचया मदतीला या कंपन्या पाठवलेया आहे,सध्या अमरनाथ यात्रेच्या सुरक्षिततेसाठी ४० हजार सैन्य तैनात असून त्यांच्या मदतीला या कंपन्या पाठवल्या आहेत,सध्या अंमरणात यात्रेच्या सुरक्षिते तेसाठी काळी हजार सं्य तहणात असून त्यांचया मदतीला या कंपन्या पाठवलेया आहे,15.24,60.0,0,9.94
sample_01051,D:\marathi-asr\data\vistaar_benchmarks\kathbath_noisy\marathi\wavs\844424930649734-823-m.wav,यामध्ये बॉलिवूड आणि ड्रग्ज असा मोठा सापळा उघड होणार असल्याची चिन्ह आहेत,यामध्ये बॉलिफूर आणि ड्रक्स असा मोठा सापा उघड होणार असल्याची चिन्न आहेत,यामध्ये बॉलिवूड आणि ड्रग्ज असा मोठा सापळा उघड होणार असल्याची चिन्ह आहेत,यामध्ये बॉलिफूर आणि ड्रक्स असा मोठा सापा उघड होणार असल्याची चिन्न आहेत,8.45,33.33,0,6.64
sample_01052,D:\marathi-asr\data\vistaar_benchmarks\kathbath_noisy\marathi\wavs\844424930329009-60-m.wav,अवघ्या देशात वायरल झाला आणि अनेक जणांच्या तळपायाची आग मस्तकात गेली,अवग्या देशात वायरल झाला आणि अनेक जणांच्या तळपा्याची आप मस्तकात गेली,अवघ्या देशात वायरल झाला आणि अनेक जणांच्या तळपायाची आग मस्तकात गेली,अवग्या देशात वायरल झाला आणि अनेक जणांच्या तळपा्याची आप मस्तकात गेली,4.55,27.27,0,4.9
sample_01053,D:\marathi-asr\data\vistaar_benchmarks\kathbath_noisy\marathi\wavs\844424930746735-6-m.wav,याच भीतीने अनेक पोलिस आपल्या कुटुंबीयांपासून दूर राहत आहेत,याचविकीने अनेक पोलिस आपल्या कुटुंबियांपासून दूर राहत आहेत,याच भीतीने अनेक पोलिस आपल्या कुटुंबीयांपासून दूर राहत आहेत,याचविकीने अनेक पोलिस आपल्या कुटुंबियांपासून दूर राहत आहेत,8.62,33.33,0,5.62
sample_01054,D:\marathi-asr\data\vistaar_benchmarks\kathbath_noisy\marathi\wavs\844424930649725-823-m.wav,या फोटोमध्ये घटनास्थळी बिअरच्या बाटल्या आणि सिगारेटही पडलेल्या आहेत,या फोटोमध्ये घगनासय बियरच्या बाटल्या आणि सिगारेटेही पडलेल्या आहे,या फोटोमध्ये घटनास्थळी बिअरच्या बाटल्या आणि सिगारेटही पडलेल्या आहेत,या फोटोमध्ये घगनासय बियरच्या बाटल्या आणि सिगारेटेही पडलेल्या आहे,11.94,44.44,0,6.2
sample_01055,D:\marathi-asr\data\vistaar_benchmarks\kathbath_noisy\marathi\wavs\844424930649767-823-m.wav,दिल्ली पोलिसांच्या इतिहासात पहिल्यांदाच पोलिस आपल्या हक्कासाठी रस्त्यावर उतरलेले दिसले,विन्नी फोलिसांच्या इती हसात पहिन्यांदा पोलिस आपल्या हफ्कासाठी रसत्यावर उचरलेले दितले,दिल्ली पोलिसांच्या इतिहासात पहिल्यांदाच पोलिस आपल्या हक्कासाठी रस्त्यावर उतरलेले दिसले,विन्नी फोलिसांच्या इती हसात पहिन्यांदा पोलिस आपल्या हफ्कासाठी रसत्यावर उचरलेले दितले,15.12,90.0,0,6.99
sample_01056,D:\marathi-asr\data\vistaar_benchmarks\kathbath_noisy\marathi\wavs\844424930649788-823-m.wav,तर उरणमध्ये सरपंच पदासाठी एक जागा असून चार उमेदवार आहेत,टरउरणमध्ये स्सरपंचपदासाठी एक जागा असून चार मेगगा आहेत,तर उरणमध्ये सरपंच पदासाठी एक जागा असून चार उमेदवार आहेत,टरउरणमध्ये स्सरपंचपदासाठी एक जागा असून चार मेगगा आहेत,16.36,50.0,0,5.57
sample_01057,D:\marathi-asr\data\vistaar_benchmarks\kathbath_noisy\marathi\wavs\844424930746766-6-m.wav,शिवाय पॅसेंजर गाडय़ांना प्रवाशांची गर्दी लक्षात घेऊन डब्यांची संख्या वाढविणे आवश्यक आहे,शिवायपासून जर गाड्यांना प्रवाषांची गरदी लक्षात घेऊन डब्यांची संख्या वाढवणी आवश्यक आहे,शिवाय पॅसेंजर गाडय़ांना प्रवाशांची गर्दी लक्षात घेऊन डब्यांची संख्या वाढविणे आवश्यक आहे,शिवायपासून जर गाड्यांना प्रवाषांची गरदी लक्षात घेऊन डब्यांची संख्या वाढवणी आवश्यक आहे,12.64,50.0,0,9.31
sample_01058,D:\marathi-asr\data\vistaar_benchmarks\kathbath_noisy\marathi\wavs\844424930746743-6-m.wav,जे बलवान होते त्यांची शिकार करून त्यांची संख्या मर्यादित ठेवण्यास यश मिळविले,जे बलवान होते त्यांची शिकार करून त्यांची संख्या मर्यादीत ठेवण्याशियश मिळवले,जे बलवान होते त्यांची शिकार करून त्यांची संख्या मर्यादित ठेवण्यास यश मिळविले,जे बलवान होते त्यांची शिकार करून त्यांची संख्या मर्यादीत ठेवण्याशियश मिळवले,5.26,33.33,0,7.41
sample_01059,D:\marathi-asr\data\vistaar_benchmarks\kathbath_noisy\marathi\wavs\844424930323251-60-m.wav,बँकींग प्रणाली अधिक सक्षम आणि स्वच्छ करण्याचा सरकारचा निर्धार आहे,बँकिंग प्रणाली अधिक सक्षम आणि स्वच्छ करणाच्या सरकार ठरे धार आहेत,बँकींग प्रणाली अधिक सक्षम आणि स्वच्छ करण्याचा सरकारचा निर्धार आहे,बँकिंग प्रणाली अधिक सक्षम आणि स्वच्छ करणाच्या सरकार ठरे धार आहेत,18.46,60.0,0,5.15
sample_01060,D:\marathi-asr\data\vistaar_benchmarks\kathbath_noisy\marathi\wavs\844424930819824-6-m.wav,शेतकरी आंदोलनात भारत सरकारच्या भूमिकेवर त्यांनी प्रश्नचिन्ह उपस्थित केलं होतं,शेतकर्ीय आंदोळनात भारत सरकारचा भेमीवेवार त्याने परस्न किलना उपस्थित केला होतो,शेतकरी आंदोलनात भारत सरकारच्या भूमिकेवर त्यांनी प्रश्नचिन्ह उपस्थित केलं होतं,शेतकर्ीय आंदोळनात भारत सरकारचा भेमीवेवार त्याने परस्न किलना उपस्थित केला होतो,25.97,90.0,0,9.29
sample_01061,D:\marathi-asr\data\vistaar_benchmarks\kathbath_noisy\marathi\wavs\844424930331393-60-m.wav,सर्वात आधी कुणाला लस द्यावी यासंदर्भात अभ्यास देखील सुरु आहे,सर्वात अधि कुन्हाला लस घ्यावी या संदर्भात अप्यास देखील सुरू आहे,सर्वात आधी कुणाला लस द्यावी यासंदर्भात अभ्यास देखील सुरु आहे,सर्वात अधि कुन्हाला लस घ्यावी या संदर्भात अप्यास देखील सुरू आहे,15.0,70.0,0,4.5
sample_01062,D:\marathi-asr\data\vistaar_benchmarks\kathbath_noisy\marathi\wavs\844424930394056-60-m.wav,याचा व्हिडिओ दीपिकानं देखील शेअर केला आहे तो आवर्जून पाहण्यासारखा आहे,य वि्योती पिकांना देखील शेयार केला आहे तो आवरतून पाहण्यासारखा आहे,याचा व्हिडिओ दीपिकानं देखील शेअर केला आहे तो आवर्जून पाहण्यासारखा आहे,य वि्योती पिकांना देखील शेयार केला आहे तो आवरतून पाहण्यासारखा आहे,24.64,45.45,0,5.02
sample_01063,D:\marathi-asr\data\vistaar_benchmarks\kathbath_noisy\marathi\wavs\844424930819843-6-m.wav,प्रकाश आंबेडकरांची एकाधिकारशाही आणि त्यांना मनमानी कारभार यांमुळे त्यांनी राजीनामा दिला आहे,प्रकार संमेरकरांची एकाजीकारीसायिन आणि त्यांना मनमाली कारवाडे यामुळे त्यांनी गराजीना माझीला आहेत,प्रकाश आंबेडकरांची एकाधिकारशाही आणि त्यांना मनमानी कारभार यांमुळे त्यांनी राजीनामा दिला आहे,प्रकार संमेरकरांची एकाजीकारीसायिन आणि त्यांना मनमाली कारवाडे यामुळे त्यांनी गराजीना माझीला आहेत,24.18,75.0,0,9.17
sample_01064,D:\marathi-asr\data\vistaar_benchmarks\kathbath_noisy\marathi\wavs\844424933394792-566-m.wav,कोलमडून पडलं तरी थरथरत्या पायांनी परत उभं राहावं लागतं,कोनमंडू पळलतरी ठरतर ते पायानी परत ब रावालाग,कोलमडून पडलं तरी थरथरत्या पायांनी परत उभं राहावं लागतं,कोनमंडू पळलतरी ठरतर ते पायानी परत ब रावालाग,40.74,88.89,0,5.02
sample_01065,D:\marathi-asr\data\vistaar_benchmarks\kathbath_noisy\marathi\wavs\844424933373438-962-m.wav,मग ते तीघे निघण्यास दरवाज्याकडे जातात तेव्हा त्यांना क्झेनोफिलीयस लव्हगुड अडवतो,मागकेती जेनिकनेस दर ाज्याकडे जाता तेवा त्यांना एनज किती यसला कुठा आाढवत ?,मग ते तीघे निघण्यास दरवाज्याकडे जातात तेव्हा त्यांना क्झेनोफिलीयस लव्हगुड अडवतो,मागकेती जेनिकनेस दर ाज्याकडे जाता तेवा त्यांना एनज किती यसला कुठा आाढवत,45.57,109.09,0,5.99
sample_01066,D:\marathi-asr\data\vistaar_benchmarks\kathbath_noisy\marathi\wavs\844424933280428-817-m.wav,या आणि अशा अनेक गोष्टींमुळे जवळजवळ एक महिनाभर संपूर्ण शहरात चैतन्याचे वातावरण असते,या आणि अशा अनेक गोष्टीमुळे जगळजवळ एक महिन्यावर संपूर्ण शराचेतण्याचे वातार असते,या आणि अशा अनेक गोष्टींमुळे जवळजवळ एक महिनाभर संपूर्ण शहरात चैतन्याचे वातावरण असते,या आणि अशा अनेक गोष्टीमुळे जगळजवळ एक महिन्यावर संपूर्ण शराचेतण्याचे वातार असते,14.63,46.15,0,11.12
sample_01067,D:\marathi-asr\data\vistaar_benchmarks\kathbath_noisy\marathi\wavs\844424933379994-487-m.wav,तामिळशोट कोम इन पीर फजेर्डे घडले आणि यशस्वीरित्या धावले,तामीळ सोट कोम इन पिर हर्चेर डे घटले आणि सेसिरिग दावले,तामिळशोट कोम इन पीर फजेर्डे घडले आणि यशस्वीरित्या धावले,तामीळ सोट कोम इन पिर हर्चेर डे घटले आणि सेसिरिग दावले,36.36,88.89,0,5.87
sample_01068,D:\marathi-asr\data\vistaar_benchmarks\kathbath_noisy\marathi\wavs\844424933373457-962-m.wav,कौटिलीय अर्थशास्त्रात लोकायत हे आन्वीक्षिकी म्हणजे तर्कविद्येचा भाग असल्याचे म्हटले आहे,कोटीलीय अर्थशास्त्रात लोकायत हे आमिचिक म्हणजे तरकेविद्धीस भात असल्याची म्हटले आहे,कौटिलीय अर्थशास्त्रात लोकायत हे आन्वीक्षिकी म्हणजे तर्कविद्येचा भाग असल्याचे म्हटले आहे,कोटीलीय अर्थशास्त्रात लोकायत हे आमिचिक म्हणजे तरकेविद्धीस भात असल्याची म्हटले आहे,20.69,45.45,0,6.62
sample_01069,D:\marathi-asr\data\vistaar_benchmarks\kathbath_noisy\marathi\wavs\844424933394843-566-m.wav,विविध पायाभूत सुविधांवर परिणाम झाला आणि नुकसान झाले,करपाळमसमोठ्यावर परिणाम दाला आणि नुकसान झाले,विविध पायाभूत सुविधांवर परिणाम झाला आणि नुकसान झाले,करपाळमसमोठ्यावर परिणाम दाला आणि नुकसान झाले,37.25,50.0,0,3.48
sample_01070,D:\marathi-asr\data\vistaar_benchmarks\kathbath_noisy\marathi\wavs\844424933355983-1120-m.wav,तसेच २०२० उन्हाळी ऑलिंपिक स्पर्धेचे यजमानपद टोकियोला मिळाले आहे,असेत दोनहजरबीस उन्हाळी अलुंपिक्स परदेची येज मानपत तोखीयुला मिळले,तसेच २०२० उन्हाळी ऑलिंपिक स्पर्धेचे यजमानपद टोकियोला मिळाले आहे,असेत दोनहजरबीस उन्हाळी अलुंपिक्स परदेची येज मानपत तोखीयुला मिळले,47.62,88.89,0,6.48
sample_01071,D:\marathi-asr\data\vistaar_benchmarks\kathbath_noisy\marathi\wavs\844424933381600-676-m.wav,एका व्यक्तिने दुसऱ्या व्यक्तीचे मनोगत जाणण्यासाठी विचारलेले प्रश्न म्हणजेही मुलाखत होय,एका व्यक्तीनी दुस्या व्यक्तीचे मनबत धानण्यासाठी सार्िड प्रस्न म्हणजेी ुलागतहह,एका व्यक्तिने दुसऱ्या व्यक्तीचे मनोगत जाणण्यासाठी विचारलेले प्रश्न म्हणजेही मुलाखत होय,एका व्यक्तीनी दुस्या व्यक्तीचे मनबत धानण्यासाठी सार्िड प्रस्न म्हणजेी ुलागतहह,25.29,81.82,0,8.92
sample_01072,D:\marathi-asr\data\vistaar_benchmarks\kathbath_noisy\marathi\wavs\844424933373425-962-m.wav,नोवेंबर २००९ मध्ये विमान चालविणे प्रशिक्षन चालू झाले,नोगहीन ग्रतनहजार नालमध्ये विमांसाठेमे प्रशिक्षन चालू झाली,नोवेंबर २००९ मध्ये विमान चालविणे प्रशिक्षन चालू झाले,नोगहीन ग्रतनहजार नालमध्ये विमांसाठेमे प्रशिक्षन चालू झाली,46.15,75.0,0,4.3
sample_01073,D:\marathi-asr\data\vistaar_benchmarks\kathbath_noisy\marathi\wavs\844424933381584-676-m.wav,त्यांना ब्रायन लारा व सुनिल गावसकर यांच्या समवेत विसाव्या शतकातील महान क्रिकेटर म्हणून गौरवल्या जाते,त्यांना ब्रानलारा वसुनील गावस्कर यांच्या समवित विसाव्या शेतक्यातील मान पिकटर म्हणून गरविले जाते,त्यांना ब्रायन लारा व सुनिल गावसकर यांच्या समवेत विसाव्या शतकातील महान क्रिकेटर म्हणून गौरवल्या जाते,त्यांना ब्रानलारा वसुनील गावस्कर यांच्या समवित विसाव्या शेतक्यातील मान पिकटर म्हणून गरविले जाते,19.0,66.67,0,9.17
sample_01074,D:\marathi-asr\data\vistaar_benchmarks\kathbath_noisy\marathi\wavs\844424933394883-566-m.wav,मेक्सिको उत्तर अमेरिकेच्या ईशान्य भागात असून त्याचा आकार साधारणत त्रिकोणी आहे,सिक् उत्तर अमिरिकेते लशांन्या भागात सनदत्याचा आकारासाधारत्ति कोण आहे,मेक्सिको उत्तर अमेरिकेच्या ईशान्य भागात असून त्याचा आकार साधारणत त्रिकोणी आहे,सिक् उत्तर अमिरिकेते लशांन्या भागात सनदत्याचा आकारासाधारत्ति कोण आहे,29.87,72.73,0,4.78
sample_01075,D:\marathi-asr\data\vistaar_benchmarks\kathbath_noisy\marathi\wavs\844424933394862-566-m.wav,आपल्या हृदयीची ही व्यथा भीमाने सहजवश राजवाड्यात आलेल्या दमन ऋषींना सांगितली,्रेक वदिलीची येतरा बिमाझ्या शहज वरषराज्वाडा आलेल्या द्माून शेना सा हले,आपल्या हृदयीची ही व्यथा भीमाने सहजवश राजवाड्यात आलेल्या दमन ऋषींना सांगितली,्रेक वदिलीची येतरा बिमाझ्या शहज वरषराज्वाडा आलेल्या द्माून शेना सा हले,57.33,100.0,0,4.81
sample_01076,D:\marathi-asr\data\vistaar_benchmarks\kathbath_noisy\marathi\wavs\844424933394041-426-m.wav,त्या वेळी विला डो एस्परिटो सॅंटो नावाच्या पहिल्या गावात प्रथम स्थाईक होण्याचे काम सुरू झाले,त्यावेळी बिला दो एस्पोरिटो सेटू नावाच्या बहिल्यागा परथम स्थाईी होण्याचे काम सुरू झाले,त्या वेळी विला डो एस्परिटो सॅंटो नावाच्या पहिल्या गावात प्रथम स्थाईक होण्याचे काम सुरू झाले,त्यावेळी बिला दो एस्पोरिटो सेटू नावाच्या बहिल्यागा परथम स्थाईी होण्याचे काम सुरू झाले,15.38,66.67,0,8.73
sample_01077,D:\marathi-asr\data\vistaar_benchmarks\kathbath_noisy\marathi\wavs\844424933373449-962-m.wav,त्याच्या फार्माकोडायनामिक आणि फार्माकोकायनेटिक गुणधर्म ब्रॅंडेड औषधासारखेच असायला हवेत,त्यांच्या सारमा कोडा निविक आणि झारमाकोय कोकडणे टिक गुंधतणू ग्रांडेट ऑष्टस वसायला हवे,त्याच्या फार्माकोडायनामिक आणि फार्माकोकायनेटिक गुणधर्म ब्रॅंडेड औषधासारखेच असायला हवेत,त्यांच्या सारमा कोडा निविक आणि झारमाकोय कोकडणे टिक गुंधतणू ग्रांडेट ऑष्टस वसायला हवे,38.37,133.33,0,6.52
sample_01078,D:\marathi-asr\data\vistaar_benchmarks\kathbath_noisy\marathi\wavs\844424933355992-1120-m.wav,महाराजांची एक राजकन्या कमलाबाई हिचे लग्न जानोजी पालकरांशी झाले,मारजंची एक राजकन्या कमलपाई हीजे लग्न जाणूजी पालक्रांशी झाले,महाराजांची एक राजकन्या कमलाबाई हिचे लग्न जानोजी पालकरांशी झाले,मारजंची एक राजकन्या कमलपाई हीजे लग्न जाणूजी पालक्रांशी झाले,16.13,55.56,0,5.87
sample_01079,D:\marathi-asr\data\vistaar_benchmarks\kathbath_noisy\marathi\wavs\844424933356052-1120-m.wav,तर उद्घाटक म्हणून त्यावेळी सुप्रसिद्ध वक्तेविचारवंत दिवंगत प्रा,र उद्घाटक म्हणून यावडी सुपर सिद्ध व्यक्ती मचारबंतत दवितरा,तर उद्घाटक म्हणून त्यावेळी सुप्रसिद्ध वक्तेविचारवंत दिवंगत प्रा,र उद्घाटक म्हणून यावडी सुपर सिद्ध व्यक्ती मचारबंतत दवितरा,31.75,87.5,0,6.46
sample_01080,D:\marathi-asr\data\vistaar_benchmarks\kathbath_noisy\marathi\wavs\844424933394857-566-m.wav,त्यांनी स्थानिक राज्यव्यवस्था व शहाणा नेथन अशी दोन पुस्तके मराठीत लिहिली,कंनी स्थानि ्राज्य विस्ता वशाहना नेतनाशी दून पस्तती मार्ा ठी तेलीही,त्यांनी स्थानिक राज्यव्यवस्था व शहाणा नेथन अशी दोन पुस्तके मराठीत लिहिली,कंनी स्थानि ्राज्य विस्ता वशाहना नेतनाशी दून पस्तती मार्ा ठी तेलीही,41.67,100.0,0,4.71
sample_01081,D:\marathi-asr\data\vistaar_benchmarks\kathbath_noisy\marathi\wavs\844424933394794-566-m.wav,असे मानले जाते की मात्र स्तोत्र ऐकल्याने व्यक्तीला धनधान्य समृद्धी व पुत्रप्राप्ती होते,"असे मान्य जाते, किंमात्रश्र एक आणि व्यक्तीला दनधान्य समुृद्धीव उत्र प्रासरी होते",असे मानले जाते की मात्र स्तोत्र ऐकल्याने व्यक्तीला धनधान्य समृद्धी व पुत्रप्राप्ती होते,असे मान्य जाते किंमात्रश्र एक आणि व्यक्तीला दनधान्य समुृद्धीव उत्र प्रासरी होते,29.89,69.23,0,7.06
sample_01082,D:\marathi-asr\data\vistaar_benchmarks\kathbath_noisy\marathi\wavs\844424933381573-676-m.wav,समाजाचा घटक म्हणून जगणे हाही ईश्वरनिर्मित मानवी प्रकृतीचा भाग आहे,समाजाचा घटक म्हणून जगनी हही स्वनिवीम मांनवू रप्रतीचा भागाआ,समाजाचा घटक म्हणून जगणे हाही ईश्वरनिर्मित मानवी प्रकृतीचा भाग आहे,समाजाचा घटक म्हणून जगनी हही स्वनिवीम मांनवू रप्रतीचा भागाआ,27.69,70.0,0,8.06
sample_01083,D:\marathi-asr\data\vistaar_benchmarks\kathbath_noisy\marathi\wavs\844424933356039-1120-m.wav,बोरगाव चेक नंबर २ हे भारतातील महाराष्ट्र राज्यातील वर्धा जिल्ह्यातील कारंजा तालुक्यातील एक गाव आहे,एक यतूहे भारतातील मारात राज्यतील वर्दा जिल्यातील करांच्या चलकतीले कया,बोरगाव चेक नंबर २ हे भारतातील महाराष्ट्र राज्यातील वर्धा जिल्ह्यातील कारंजा तालुक्यातील एक गाव आहे,एक यतूहे भारतातील मारात राज्यतील वर्दा जिल्यातील करांच्या चलकतीले कया,46.94,93.33,0,5.99
sample_01084,D:\marathi-asr\data\vistaar_benchmarks\kathbath_noisy\marathi\wavs\844424933394842-566-m.wav,कोलंबिया विद्यापीठाला सादर केलेल्या एम ए च्या शोधनिबंधाचा विषय एन्शट इंडियन कॉमर्स होता,पलंबिय विद्येय पिकाला सादर केलेल्या एम.एच्या शुलधने बंधाच्या विषय एशन इंडिय कॉमर्स हवोता,कोलंबिया विद्यापीठाला सादर केलेल्या एम ए च्या शोधनिबंधाचा विषय एन्शट इंडियन कॉमर्स होता,पलंबिय विद्येय पिकाला सादर केलेल्या एम एच्या शुलधने बंधाच्या विषय एशन इंडिय कॉमर्स हवोता,22.99,69.23,0,6.25
sample_01085,D:\marathi-asr\data\vistaar_benchmarks\kathbath_noisy\marathi\wavs\844424933280431-817-m.wav,विविध शैक्षणिक व दळणवळणाच्या सुविधा बाजारपेठ शासकीय कार्यालये वैद्यकीय सुविधा इत्यादींमुळे कर्जत तालुका प्रसिद्ध आहे,विविध शं्शिव दरणवळणाच्या सुविधा बाजारपेक्शासकीय कार्याण्याचे वैद्यकीय सुविधा इत्यादींमुळे कर्ज तालुका प्रसिद्ध आहे,विविध शैक्षणिक व दळणवळणाच्या सुविधा बाजारपेठ शासकीय कार्यालये वैद्यकीय सुविधा इत्यादींमुळे कर्जत तालुका प्रसिद्ध आहे,विविध शं्शिव दरणवळणाच्या सुविधा बाजारपेक्शासकीय कार्याण्याचे वैद्यकीय सुविधा इत्यादींमुळे कर्ज तालुका प्रसिद्ध आहे,12.07,46.67,0,13.58
sample_01086,D:\marathi-asr\data\vistaar_benchmarks\kathbath_noisy\marathi\wavs\844424933379963-487-m.wav,महाराष्ट्र राष्ट्रभाषा सभेने दोनशेहून अधिक पुस्तके प्रकाशित केली आहेत,महाराष्ट्राष्ट्र भाशात सभेने दोन शेहून अधिक वस्तगीय प्रकारषित केली आहे,महाराष्ट्र राष्ट्रभाषा सभेने दोनशेहून अधिक पुस्तके प्रकाशित केली आहेत,महाराष्ट्राष्ट्र भाशात सभेने दोन शेहून अधिक वस्तगीय प्रकारषित केली आहे,20.29,77.78,0,5.34
sample_01087,D:\marathi-asr\data\vistaar_benchmarks\kathbath_noisy\marathi\wavs\844424933394872-566-m.wav,१ ते ३ उंची १ ते २ इतकीच १४,वक्ततीम्ंजी एके दोनित्की छोडा,१ ते ३ उंची १ ते २ इतकीच १४,वक्ततीम्ंजी एके दोनित्की छोडा,81.48,100.0,0,2.41
sample_01088,D:\marathi-asr\data\vistaar_benchmarks\kathbath_noisy\marathi\wavs\844424933373461-962-m.wav,या साहित्यप्रकाराच्या माध्यमातून हे प्रश्न पुढे आणले जातात,या सत्ये प्रकारच्या माधत्यमातून हेकशीा कुठी आरली जाता,या साहित्यप्रकाराच्या माध्यमातून हे प्रश्न पुढे आणले जातात,या सत्ये प्रकारच्या माधत्यमातून हेकशीा कुठी आरली जाता,32.76,87.5,0,3.97
sample_01089,D:\marathi-asr\data\vistaar_benchmarks\kathbath_noisy\marathi\wavs\844424933381614-676-m.wav,कंबोडियातील सर्वात लोकप्रिय पर्यटन आकर्षण असलेल्या अंगकोर मंदिराच्या जवळ असल्यामुळे हे शक्य झाले आहे,कबोडीयातील सर्वात लोकप्रिय पर्यटन आकर्शन अरलेल्या अंगकोत मनीराच्यादवळ असलेल्यामुळे हे शक्य झाले आहे,कंबोडियातील सर्वात लोकप्रिय पर्यटन आकर्षण असलेल्या अंगकोर मंदिराच्या जवळ असल्यामुळे हे शक्य झाले आहे,कबोडीयातील सर्वात लोकप्रिय पर्यटन आकर्शन अरलेल्या अंगकोत मनीराच्यादवळ असलेल्यामुळे हे शक्य झाले आहे,13.0,50.0,0,10.19
sample_01090,D:\marathi-asr\data\vistaar_benchmarks\kathbath_noisy\marathi\wavs\844424933381665-676-m.wav,त्यानंतर लवकरच ते राजकारणाकडे आकर्षित झाले आणि भारतीय राष्ट्रीय काँग्रेसमध्ये सामील झाले,यानंतर लवकरतेवात करनाकडे आकस झले आणि भारतीय रार्ीय कामगलेस मध्ये सामन झाले,त्यानंतर लवकरच ते राजकारणाकडे आकर्षित झाले आणि भारतीय राष्ट्रीय काँग्रेसमध्ये सामील झाले,यानंतर लवकरतेवात करनाकडे आकस झले आणि भारतीय रार्ीय कामगलेस मध्ये सामन झाले,29.55,83.33,0,7.06
sample_01091,D:\marathi-asr\data\vistaar_benchmarks\kathbath_noisy\marathi\wavs\844424933373460-962-m.wav,ब्रिटन झांबिया बुरुंडी झिंबाब्वे यांच्यासह अनेक देशांनी त्याचे चित्र असलेली टपाल तिकिटे छापली,"्ब्टन झालब या बुरूंडीजि,बांबि यांच्यास अनेक देशांनि त्यांची चित्र असलेली ता पासती किटे छाकली",ब्रिटन झांबिया बुरुंडी झिंबाब्वे यांच्यासह अनेक देशांनी त्याचे चित्र असलेली टपाल तिकिटे छापली,्ब्टन झालब या बुरूंडीजि बांबि यांच्यास अनेक देशांनि त्यांची चित्र असलेली ता पासती किटे छाकली,26.88,92.31,0,6.69
sample_01092,D:\marathi-asr\data\vistaar_benchmarks\kathbath_noisy\marathi\wavs\844424933355973-1120-m.wav,सॅॅंडहर्स्ट इथे काही काळ घालवल्यानंतर ते उच्च शिक्षणासाठी परदेशी गेले,सॅन हसलि ते काही कार्ड झालवल्यानंतर तेउच्च शिक्षणासाठी परकशी गेली,सॅॅंडहर्स्ट इथे काही काळ घालवल्यानंतर ते उच्च शिक्षणासाठी परदेशी गेले,सॅन हसलि ते काही कार्ड झालवल्यानंतर तेउच्च शिक्षणासाठी परकशी गेली,24.64,90.0,0,4.78
sample_01093,D:\marathi-asr\data\vistaar_benchmarks\kathbath_noisy\marathi\wavs\844424933394856-566-m.wav,या संस्थेतर्फे चालवल्या जाणाऱ्या राष्ट्रवाणी या साहित्यिक व समीक्षात्मक मासिक हिंदी पत्रिकेचे ते संपादक आहेत,तया संस्था दर्ख चालूरले जाणा्या राष्टर आणि यासायित्तिक वस मीशाकीला कमासी कुमक पद कते संकारधक आहे,या संस्थेतर्फे चालवल्या जाणाऱ्या राष्ट्रवाणी या साहित्यिक व समीक्षात्मक मासिक हिंदी पत्रिकेचे ते संपादक आहेत,तया संस्था दर्ख चालूरले जाणा्या राष्टर आणि यासायित्तिक वस मीशाकीला कमासी कुमक पद कते संकारधक आहे,44.95,106.67,0,7.29
sample_01094,D:\marathi-asr\data\vistaar_benchmarks\kathbath_noisy\marathi\wavs\844424933379906-487-m.wav,मिळालेले उत्तर २७ हून अधिक असल्यास त्यातून २७ कमी करून नक्षत्राचा क्रमांक मिळतो,मिळालेले उतर सतावीसून अधिक कसल्या त्यातून सत्ताहीस कमी करून नक्षत्राचा क्रमांक मिळतो,मिळालेले उत्तर २७ हून अधिक असल्यास त्यातून २७ कमी करून नक्षत्राचा क्रमांक मिळतो,मिळालेले उतर सतावीसून अधिक कसल्या त्यातून सत्ताहीस कमी करून नक्षत्राचा क्रमांक मिळतो,22.78,38.46,0,6.43
sample_01095,D:\marathi-asr\data\vistaar_benchmarks\kathbath_noisy\marathi\wavs\844424933355971-1120-m.wav,त्यानंतर खड्डे चांगली माती चार घमेली शेणखत २५ किलो सिंगल सुपर फॉस्फेट यांच्या मिश्रणाने भरावेत,त्यानंदर घटटेत झांगली मातीत चार पमिली शेणखत पंचीस्टिलो गल शुपडपास्प त यांचा मिस्रणाने भरावे,त्यानंतर खड्डे चांगली माती चार घमेली शेणखत २५ किलो सिंगल सुपर फॉस्फेट यांच्या मिश्रणाने भरावेत,त्यानंदर घटटेत झांगली मातीत चार पमिली शेणखत पंचीस्टिलो गल शुपडपास्प त यांचा मिस्रणाने भरावे,34.04,86.67,0,7.17
sample_01096,D:\marathi-asr\data\vistaar_benchmarks\kathbath_noisy\marathi\wavs\844424933373387-962-m.wav,गोविंदपूर हे भारतातील महाराष्ट्र राज्यातील यवतमाळ जिल्ह्यातील झरी जामणी तालुक्यातील एक गाव आहे,गोहिनपूर्ही भारतातीलहा राष्ट्र बँचय पी.ए नसीज्यातीसठी जमी कदतेतील एकज आहे,गोविंदपूर हे भारतातील महाराष्ट्र राज्यातील यवतमाळ जिल्ह्यातील झरी जामणी तालुक्यातील एक गाव आहे,गोहिनपूर्ही भारतातीलहा राष्ट्र बँचय पी ए नसीज्यातीसठी जमी कदतेतील एकज आहे,45.74,92.31,0,6.94
sample_01097,D:\marathi-asr\data\vistaar_benchmarks\kathbath_noisy\marathi\wavs\844424933394847-566-m.wav,हा किल्ला रायगड जिल्ह्यातील विस्तिर्ण डोंगररांगेत आहे आणि ट्रेकींगच्या दृष्टीने मध्यम श्रेणीचा आहे,आरकीला रायवरड वियत विस्टीन डोंग रांगे लाहे आणि त्रेकिंगच्या दुष्ट्यां मध्य सेवीच आहे,हा किल्ला रायगड जिल्ह्यातील विस्तिर्ण डोंगररांगेत आहे आणि ट्रेकींगच्या दृष्टीने मध्यम श्रेणीचा आहे,आरकीला रायवरड वियत विस्टीन डोंग रांगे लाहे आणि त्रेकिंगच्या दुष्ट्यां मध्य सेवीच आहे,38.78,84.62,0,5.76
sample_01098,D:\marathi-asr\data\vistaar_benchmarks\kathbath_noisy\marathi\wavs\844424933381625-676-m.wav,बोंबळेवाडी हे भारतातील महाराष्ट्र राज्यातील सांगली जिल्ह्यातील कडेगांव तालुक्यातील एक गाव आहे,भोंबड् वाढी हे वारतातील महाराष्ट्र राज्यातील चांगली जिल्यतीना फडे गाचालू केते ए जावआहे,बोंबळेवाडी हे भारतातील महाराष्ट्र राज्यातील सांगली जिल्ह्यातील कडेगांव तालुक्यातील एक गाव आहे,भोंबड् वाढी हे वारतातील महाराष्ट्र राज्यातील चांगली जिल्यतीना फडे गाचालू केते ए जावआहे,30.11,83.33,0,8.87
sample_01099,D:\marathi-asr\data\vistaar_benchmarks\kathbath_noisy\marathi\wavs\844424933394020-426-m.wav,नायक वरनभात लोन्चा कोन नाय कोन्चा हा परीतोश आणि रवी अधिकारी दिग्दर्शित मराठी चित्रपट आहे,नाय वरणवार लोमचा कोणनये कोणचा हा परितोष आणि रवीयाअधिकारी दिदशीतमराठीचि प्रपट आहे,नायक वरनभात लोन्चा कोन नाय कोन्चा हा परीतोश आणि रवी अधिकारी दिग्दर्शित मराठी चित्रपट आहे,नाय वरणवार लोमचा कोणनये कोणचा हा परितोष आणि रवीयाअधिकारी दिदशीतमराठीचि प्रपट आहे,28.41,80.0,0,9.96
sample_01100,D:\marathi-asr\data\vistaar_benchmarks\kathbath_noisy\marathi\wavs\844424933356054-1120-m.wav,अनुपुराण विश्वासार्ह नसल्याचे जदुनाथ सरकार आणि रियासतकार सरदेसाई यांनी म्हटले आहे,अनुपुरण विश्सारह असल्याचे जदूनात सरकार आणि यार सरकार सरदेस्यांनी म्हटले आहे,अनुपुराण विश्वासार्ह नसल्याचे जदुनाथ सरकार आणि रियासतकार सरदेसाई यांनी म्हटले आहे,अनुपुरण विश्सारह असल्याचे जदूनात सरकार आणि यार सरकार सरदेस्यांनी म्हटले आहे,18.52,63.64,0,7.71
sample_01101,D:\marathi-asr\data\vistaar_benchmarks\kathbath_noisy\marathi\wavs\844424933381618-676-m.wav,बेन एफ्लेकचे दिग्दर्शन व प्रमुख भूमिका असलेला हा चित्रपट १२ ऑक्टोबर २०१२ रोजी प्रदर्शित झाला,पन प्लेके किचर वाप्रमुख भणकालेलािर ्कमट्ाना ्ा तारावधी पदधत करा,बेन एफ्लेकचे दिग्दर्शन व प्रमुख भूमिका असलेला हा चित्रपट १२ ऑक्टोबर २०१२ रोजी प्रदर्शित झाला,पन प्लेके किचर वाप्रमुख भणकालेलािर ्कमट्ाना ्ा तारावधी पदधत करा,58.7,100.0,0,9.85
sample_01102,D:\marathi-asr\data\vistaar_benchmarks\kathbath_noisy\marathi\wavs\844424933373442-962-m.wav,संत तुकाविप्र यांच्या पणजोबा म्हणजे प्रल्हादपंता हे राजकिय व सामाजिक अस्थिरतेमूळे रहीमतपूर सोडून पंढरपूरला आले,"सं्य तुका विट्र यांच्या पंजप्रम्हणजेतनात तंतही राज किंवा सामाजिक अासते , तेयामुळे रनलापूरस्वटू कंदरपूरणा आले",संत तुकाविप्र यांच्या पणजोबा म्हणजे प्रल्हादपंता हे राजकिय व सामाजिक अस्थिरतेमूळे रहीमतपूर सोडून पंढरपूरला आले,सं्य तुका विट्र यांच्या पंजप्रम्हणजेतनात तंतही राज किंवा सामाजिक अासते तेयामुळे रनलापूरस्वटू कंदरपूरणा आले,41.82,86.67,0,8.01
sample_01103,D:\marathi-asr\data\vistaar_benchmarks\kathbath_noisy\marathi\wavs\844424933356020-1120-m.wav,तुळशीचं रोप प्रत्येक हिंदू घराची ओळख मानलं जातं,मुरशीचे रोप प्रत्येक सेंदू घराची ओळख मानली जातो,तुळशीचं रोप प्रत्येक हिंदू घराची ओळख मानलं जातं,मुरशीचे रोप प्रत्येक सेंदू घराची ओळख मानली जातो,14.89,50.0,0,3.62
sample_01104,D:\marathi-asr\data\vistaar_benchmarks\kathbath_noisy\marathi\wavs\844424933394031-426-m.wav,महिपतबुवा ताहराबादकर यांनी संत बोधलेबुवांचे चरित्र लिहिले आहे,महिपतबूवा ताहारापाटकर यांनी संत बोगलीुवांचे इचरीत्र लिले आहे,महिपतबुवा ताहराबादकर यांनी संत बोधलेबुवांचे चरित्र लिहिले आहे,महिपतबूवा ताहारापाटकर यांनी संत बोगलीुवांचे इचरीत्र लिले आहे,18.03,62.5,0,7.55
sample_01105,D:\marathi-asr\data\vistaar_benchmarks\kathbath_noisy\marathi\wavs\844424933394833-566-m.wav,हा किल्ला त्यांच्या मराठा राजवटीत छत्रपती शिवाजी महाराजांच्या उपयोग करून घेतला,मासिगा त्यांच्या मारा ठरालय ती त क्षेत्र प्रतीशिवाणी मानलांचे उपयोग्पयोग घितला,हा किल्ला त्यांच्या मराठा राजवटीत छत्रपती शिवाजी महाराजांच्या उपयोग करून घेतला,मासिगा त्यांच्या मारा ठरालय ती त क्षेत्र प्रतीशिवाणी मानलांचे उपयोग्पयोग घितला,46.15,100.0,0,4.88
sample_01106,D:\marathi-asr\data\vistaar_benchmarks\kathbath_noisy\marathi\wavs\844424933381576-676-m.wav,फ्रान्सच्या लुईस ब्रेल यांनी १८२१ साली ब्रेल लिपीची रचना केली,फरा्सच्याल ुी ब्रेलयांनी अठरासेककेसाली ब्रेलली.पीकी रचना केली,फ्रान्सच्या लुईस ब्रेल यांनी १८२१ साली ब्रेल लिपीची रचना केली,फरा्सच्याल ुी ब्रेलयांनी अठरासेककेसाली ब्रेलली पीकी रचना केली,32.79,80.0,0,7.06
sample_01107,D:\marathi-asr\data\vistaar_benchmarks\kathbath_noisy\marathi\wavs\844424933280500-817-m.wav,पाने जशी मोठी होतात तसा त्यांचा रंग गडद हिरवा होतो,पाणी जशीम मोठी होतात तसा त्यांचा रंन गळ द हिर्वा होतो,पाने जशी मोठी होतात तसा त्यांचा रंग गडद हिरवा होतो,पाणी जशीम मोठी होतात तसा त्यांचा रंन गळ द हिर्वा होतो,14.0,60.0,0,7.38
sample_01108,D:\marathi-asr\data\vistaar_benchmarks\kathbath_noisy\marathi\wavs\844424933356034-1120-m.wav,लगाम घालणे म्हणजे नियंत्रणात ठेवणे आवरणे अथवा हळू करणे अशा अर्थाने वापरण्यात येतो,लगाम घालले म्हणजे नियंत्रणता ठेवणे आवरणी अत्व हडू करणे अशा अर्थाने वापर्यातदेते,लगाम घालणे म्हणजे नियंत्रणात ठेवणे आवरणे अथवा हळू करणे अशा अर्थाने वापरण्यात येतो,लगाम घालले म्हणजे नियंत्रणता ठेवणे आवरणी अत्व हडू करणे अशा अर्थाने वापर्यातदेते,14.81,53.85,0,6.06
sample_01109,D:\marathi-asr\data\vistaar_benchmarks\kathbath_noisy\marathi\wavs\844424933373470-962-m.wav,ऑस्ट्रेलियाच्या सर्वप्रथम सामन्यात संघनायक असणाऱ्या डेव्ह ग्रेगरीनंतर असे करणारा तो पहिलाच ऑस्ट्रेलियन खेळाडू आहे,आशलियाच्या सर्वोप्रम सामन्या संगलाहे असल्यरा टेल घेगरीनंतर असे करणानाचा संताच आस्ट ब फे ड ढल आहे,ऑस्ट्रेलियाच्या सर्वप्रथम सामन्यात संघनायक असणाऱ्या डेव्ह ग्रेगरीनंतर असे करणारा तो पहिलाच ऑस्ट्रेलियन खेळाडू आहे,आशलियाच्या सर्वोप्रम सामन्या संगलाहे असल्यरा टेल घेगरीनंतर असे करणानाचा संताच आस्ट ब फे ड ढल आहे,42.11,100.0,0,8.22
sample_01110,D:\marathi-asr\data\vistaar_benchmarks\kathbath_noisy\marathi\wavs\844424933373434-962-m.wav,याशिवाय मंदिरावर लक्ष्मीविष्णुची आलिंगन अवस्थेतील मूर्तीसंहाररुपातील विष्णुब्रम्हदेवचामुंडा व भैरवाच्या मूर्तीही आहेत,याशिवा मंदी रावरलाशनेक शचे अधिंधना वस्थेतीं मोते सहरारोपातिलिश्लोब्रांमध्ये मच्या कंडांमोला ह रिवाच्या मळती आहेत,याशिवाय मंदिरावर लक्ष्मीविष्णुची आलिंगन अवस्थेतील मूर्तीसंहाररुपातील विष्णुब्रम्हदेवचामुंडा व भैरवाच्या मूर्तीही आहेत,याशिवा मंदी रावरलाशनेक शचे अधिंधना वस्थेतीं मोते सहरारोपातिलिश्लोब्रांमध्ये मच्या कंडांमोला ह रिवाच्या मळती आहेत,52.99,118.18,0,8.45
sample_01111,D:\marathi-asr\data\vistaar_benchmarks\kathbath_noisy\marathi\wavs\844424933379903-487-m.wav,या टॉलेमीचा पूर्वज पहिला टॉलेमी हा अलेक्झांडर द ग्रेट याच्या सैन्यात सेनानी होता,या टॉलिमीचा पूर्वट पहिलाटॉलिमी हा अनेक झंडर ग ग्रेट याच्या सहिन्यात शेलानी होता,या टॉलेमीचा पूर्वज पहिला टॉलेमी हा अलेक्झांडर द ग्रेट याच्या सैन्यात सेनानी होता,या टॉलिमीचा पूर्वट पहिलाटॉलिमी हा अनेक झंडर ग ग्रेट याच्या सहिन्यात शेलानी होता,15.0,69.23,0,6.2
sample_01112,D:\marathi-asr\data\vistaar_benchmarks\kathbath_noisy\marathi\wavs\844424933373384-962-m.wav,इ स १५२३ सालानंतर याचा कोठेही उल्लेख आढळत नाही,हशिल््सन पलना शेते विस्साला नंतर याचा कोठेी इलिक आढळत नाही,इ स १५२३ सालानंतर याचा कोठेही उल्लेख आढळत नाही,हशिल््सन पलना शेते विस्साला नंतर याचा कोठेी इलिक आढळत नाही,58.7,77.78,0,5.55
sample_01113,D:\marathi-asr\data\vistaar_benchmarks\kathbath_noisy\marathi\wavs\844424933356051-1120-m.wav,१९९० च्या लोक चळवळीमधील राजकारणात महिलांचा सक्रिय सहभाग नोंदला गेला होता,एकनेशी नबतचया लोक चरवरीमधील ासकरमाक महिलांच्या सक्रीय सरबात नंगला गेलावता,१९९० च्या लोक चळवळीमधील राजकारणात महिलांचा सक्रिय सहभाग नोंदला गेला होता,एकनेशी नबतचया लोक चरवरीमधील ासकरमाक महिलांच्या सक्रीय सरबात नंगला गेलावता,38.89,90.91,0,6.57
sample_01114,D:\marathi-asr\data\vistaar_benchmarks\kathbath_noisy\marathi\wavs\844424933394019-426-m.wav,तसेच नाट्यरसिकांसाठी अनेक नाट्यगृहे चित्रशिल्पहस्तकला प्रदर्शनांसाठी शासकीय व खासगी कलादालने मुंबईत आहेत,असे नॅक्टेरसिकांसाठी अनेक नट्टेकगृहे चित्रशिल्प हस्ततला प्रकेशनासाठी शासकीव खाजगीकलाडालने मुंबईत आहे,तसेच नाट्यरसिकांसाठी अनेक नाट्यगृहे चित्रशिल्पहस्तकला प्रदर्शनांसाठी शासकीय व खासगी कलादालने मुंबईत आहेत,असे नॅक्टेरसिकांसाठी अनेक नट्टेकगृहे चित्रशिल्प हस्ततला प्रकेशनासाठी शासकीव खाजगीकलाडालने मुंबईत आहे,21.15,83.33,0,11.52
sample_01115,D:\marathi-asr\data\vistaar_benchmarks\kathbath_noisy\marathi\wavs\844424933355989-1120-m.wav,पेशवाईतील मुत्सद्दी राजकारणी नाना फडणवीस यांचे योगदानही पुण्याच्या संदर्भात उल्लेखनीय आहे,एश्वायतीन वस्तुद्धी रास्कर निधाना पडंदिस्यांची युग्द ण फुण्याचा संदर्वात उल्लेखमी आहे,पेशवाईतील मुत्सद्दी राजकारणी नाना फडणवीस यांचे योगदानही पुण्याच्या संदर्भात उल्लेखनीय आहे,एश्वायतीन वस्तुद्धी रास्कर निधाना पडंदिस्यांची युग्द ण फुण्याचा संदर्वात उल्लेखमी आहे,40.45,90.91,0,7.34
sample_01116,D:\marathi-asr\data\vistaar_benchmarks\kathbath_noisy\marathi\wavs\844424933381652-676-m.wav,विष्णु पुराणानुसार यास्कचा शिष्य तैत्तीरी हा त्याचा जनक आहे,विश्णू पुरणां यासचा शिष्ा तै तीरी हात्याचा जनकग आहे,विष्णु पुराणानुसार यास्कचा शिष्य तैत्तीरी हा त्याचा जनक आहे,विश्णू पुरणां यासचा शिष्ा तै तीरी हात्याचा जनकग आहे,25.42,88.89,0,8.87
sample_01117,D:\marathi-asr\data\vistaar_benchmarks\kathbath_noisy\marathi\wavs\844424933381639-676-m.wav,शेवटच्या तिसऱ्या ओळीत यवाछि तो विजेया हो ऐवा असे स्पष्ट मराठीत कोरले आहे,हेवर्चा तिसव्याउडी यावाची चोविधेया फवा असेस ्वस्त मराटिक पोरल्यात,शेवटच्या तिसऱ्या ओळीत यवाछि तो विजेया हो ऐवा असे स्पष्ट मराठीत कोरले आहे,हेवर्चा तिसव्याउडी यावाची चोविधेया फवा असेस ्वस्त मराटिक पोरल्यात,46.58,100.0,0,10.26
sample_01118,D:\marathi-asr\data\vistaar_benchmarks\kathbath_noisy\marathi\wavs\844424933394825-566-m.wav,होडावडे हे भारतातील महाराष्ट्र राज्यातील दक्षिण कोकणातील सिंधुदुर्ग जिल्ह्यातील वेंगुर्ला तालुक्यातील एक गाव आहे,कळावली ही पारताची मास्रातल्या तील्याक शिम कोट नाकील किंजोन सल्याती चोदूधला दानकत दता,होडावडे हे भारतातील महाराष्ट्र राज्यातील दक्षिण कोकणातील सिंधुदुर्ग जिल्ह्यातील वेंगुर्ला तालुक्यातील एक गाव आहे,कळावली ही पारताची मास्रातल्या तील्याक शिम कोट नाकील किंजोन सल्याती चोदूधला दानकत दता,59.82,100.0,0,6.15
sample_01119,D:\marathi-asr\data\vistaar_benchmarks\kathbath_noisy\marathi\wavs\844424933356046-1120-m.wav,रांगोळी ही एक कला आहे आणि तिचा उगम धर्माच्या अनुबंधानेच झाला आहे असे मानले जाते,राहुडी हे एक कला आहे आणि तीच्या उगमदार्माच्या अनुबंधात मेच झाला हे असे मानले जेते,रांगोळी ही एक कला आहे आणि तिचा उगम धर्माच्या अनुबंधानेच झाला आहे असे मानले जाते,राहुडी हे एक कला आहे आणि तीच्या उगमदार्माच्या अनुबंधात मेच झाला हे असे मानले जेते,18.99,53.33,0,6.5
sample_01120,D:\marathi-asr\data\vistaar_benchmarks\kathbath_noisy\marathi\wavs\844424933280427-817-m.wav,महाराष्ट्र भाषा सभा ही भारतातील प्रमुख स्वयंसेवी हिंदी प्रचार संस्थांमध्ये अग्रगण्य आहे,महाराष्ट्र्री भाशासहा ही भारतातील प्रमुख स्सेविहनी प्चा संस्थेमध्ये आग्रलज्ञय आहे,महाराष्ट्र भाषा सभा ही भारतातील प्रमुख स्वयंसेवी हिंदी प्रचार संस्थांमध्ये अग्रगण्य आहे,महाराष्ट्र्री भाशासहा ही भारतातील प्रमुख स्सेविहनी प्चा संस्थेमध्ये आग्रलज्ञय आहे,25.29,66.67,0,12.14
sample_01121,D:\marathi-asr\data\vistaar_benchmarks\kathbath_noisy\marathi\wavs\844424933394799-566-m.wav,भावार्थः ह्या गोष्टीचा जो कोनी आदर करेल आचरणात आणेल स्वीकार करेल मी त्याचा रक्षण करेल,बावटीया गोष्टीच्या जोकोनह्यादर करेल तातानात आनेल सिकारकरेल मी त्याचा रक्षण करवे,भावार्थः ह्या गोष्टीचा जो कोनी आदर करेल आचरणात आणेल स्वीकार करेल मी त्याचा रक्षण करेल,बावटीया गोष्टीच्या जोकोनह्यादर करेल तातानात आनेल सिकारकरेल मी त्याचा रक्षण करवे,32.94,73.33,0,7.55
sample_01122,D:\marathi-asr\data\vistaar_benchmarks\kathbath_noisy\marathi\wavs\844424933280411-817-m.wav,बसरा हे इराक देशामधील एक प्रमुख शहर व सर्वात मोठे बंदर आहे,बसरा हे हिरा देशामधील एक क्रमुख्शहरव सर्वात मोठे बंदर आहे,बसरा हे इराक देशामधील एक प्रमुख शहर व सर्वात मोठे बंदर आहे,बसरा हे हिरा देशामधील एक क्रमुख्शहरव सर्वात मोठे बंदर आहे,10.34,33.33,0,8.52
sample_01123,D:\marathi-asr\data\vistaar_benchmarks\kathbath_noisy\marathi\wavs\844424933379993-487-m.wav,विशेषत लघुकथा आणि कादंबरी या कथनात्म साहित्यप्रकारांत विपुल लेखन केले आहे,विशेशत लगुकतया आणि खातांमर याखतनातम साहित्य प्रकारा दिपूल लकन केले आहे,विशेषत लघुकथा आणि कादंबरी या कथनात्म साहित्यप्रकारांत विपुल लेखन केले आहे,विशेशत लगुकतया आणि खातांमर याखतनातम साहित्य प्रकारा दिपूल लकन केले आहे,27.4,72.73,0,7.06
sample_01124,D:\marathi-asr\data\vistaar_benchmarks\kathbath_noisy\marathi\wavs\844424933381641-676-m.wav,शहरीकरणामध्ये लुप्त होऊ पहात असलेल्या ग्रामीण जीवनशैलीचे मूर्तिमंत नमुने येथे उभे केलेले आहेत,सरी करणावध्येललुक्कभपाता असलेल्या ग्रामीण जेवनचेहलिची मोत्तीमंत नमू्े एेपे उवी केलेले आहे,शहरीकरणामध्ये लुप्त होऊ पहात असलेल्या ग्रामीण जीवनशैलीचे मूर्तिमंत नमुने येथे उभे केलेले आहेत,सरी करणावध्येललुक्कभपाता असलेल्या ग्रामीण जेवनचेहलिची मोत्तीमंत नमू्े एेपे उवी केलेले आहे,32.26,76.92,0,9.82
sample_01125,D:\marathi-asr\data\vistaar_benchmarks\kathbath_noisy\marathi\wavs\844424933355998-1120-m.wav,स्टालिनग्राडच्या विजयानंतर लाल सैन्याने जर्मन सैन्याचा पाठपुरावा करण्यास सुरुवात केली,अरन ट्रॅकच् विज्यानंतर लाव केन्याले जर्मन शेन्याचया पाठ पुरावा करण्यास गतले,स्टालिनग्राडच्या विजयानंतर लाल सैन्याने जर्मन सैन्याचा पाठपुरावा करण्यास सुरुवात केली,अरन ट्रॅकच् विज्यानंतर लाव केन्याले जर्मन शेन्याचया पाठ पुरावा करण्यास गतले,36.47,100.0,0,6.18
sample_01126,D:\marathi-asr\data\vistaar_benchmarks\kathbath_noisy\marathi\wavs\844424933379936-487-m.wav,त्यांनी १३ व्या ते १७ व्या शतकादरम्यानच्या महाराष्ट्रातील प्रमुख वैष्णव संताबाबतचे चरित्रलेखन केले,त्या नीतीरग्याती सत्राव्या शतका दर्म्यांच्या महाराष्ट्रातील प्रमुख व्ष्नवसंताबाबत चीच्चा दित्रलिकन केले,त्यांनी १३ व्या ते १७ व्या शतकादरम्यानच्या महाराष्ट्रातील प्रमुख वैष्णव संताबाबतचे चरित्रलेखन केले,त्या नीतीरग्याती सत्राव्या शतका दर्म्यांच्या महाराष्ट्रातील प्रमुख व्ष्नवसंताबाबत चीच्चा दित्रलिकन केले,28.57,76.92,0,7.45
sample_01127,D:\marathi-asr\data\vistaar_benchmarks\kathbath_noisy\marathi\wavs\844424933355970-1120-m.wav,येथून अमेरिकेतील निवडक शहरांना थेट प्रवासी आणि मालवाहतूक सेवा उपलब्ध आहे,एतून अमेरिकितील निवडक शहरांना एक प्रवसीय आणि मालवाल तुक्सेवा उपलब् धआहे,येथून अमेरिकेतील निवडक शहरांना थेट प्रवासी आणि मालवाहतूक सेवा उपलब्ध आहे,एतून अमेरिकितील निवडक शहरांना एक प्रवसीय आणि मालवाल तुक्सेवा उपलब् धआहे,20.83,72.73,0,5.36
sample_01128,D:\marathi-asr\data\vistaar_benchmarks\kathbath_noisy\marathi\wavs\844424933394808-566-m.wav,आचार्य जैमिनी म्हणतात प्रत्यक्ष प्रमाण त्या वस्तूंचा उपलंभन करतो जो विद्यमान आहे,चॅरे जीमिनी मधता प्रत्यक्ष प्रमाण्या वस्तूंचया उतपलबं बन करतो किंो वित्या मान आहे,आचार्य जैमिनी म्हणतात प्रत्यक्ष प्रमाण त्या वस्तूंचा उपलंभन करतो जो विद्यमान आहे,चॅरे जीमिनी मधता प्रत्यक्ष प्रमाण्या वस्तूंचया उतपलबं बन करतो किंो वित्या मान आहे,27.5,83.33,0,5.27
sample_01129,D:\marathi-asr\data\vistaar_benchmarks\kathbath_noisy\marathi\wavs\844424933381591-676-m.wav,भारतात जे १६ जनपद होते त्या पैकी अवंती जनपद पण एक होते,भारतात जे सोळा वजंपतहे त्यापैकी अवंती जंपत पण एक होते,भारतात जे १६ जनपद होते त्या पैकी अवंती जनपद पण एक होते,भारतात जे सोळा वजंपतहे त्यापैकी अवंती जंपत पण एक होते,24.07,50.0,0,7.5
sample_01130,D:\marathi-asr\data\vistaar_benchmarks\kathbath_noisy\marathi\wavs\844424933379974-487-m.wav,तलावांचा तालुका अशी संपूर्ण राज्यात ओळख असलेल्या राधानगरी तालुक्यातील तलावांत पाणीसाठा समाधानकारक आहे,तलावांच्ा तालूका अशी संपूर्ण राज्यात ओळक असलेल्या राधा नकग्रीतालुकेतील तलवाण पाणीसाठा संमधन कारक आहे,तलावांचा तालुका अशी संपूर्ण राज्यात ओळख असलेल्या राधानगरी तालुक्यातील तलावांत पाणीसाठा समाधानकारक आहे,तलावांच्ा तालूका अशी संपूर्ण राज्यात ओळक असलेल्या राधा नकग्रीतालुकेतील तलवाण पाणीसाठा संमधन कारक आहे,16.83,61.54,0,8.03
sample_01131,D:\marathi-asr\data\vistaar_benchmarks\kathbath_noisy\marathi\wavs\844424933379925-487-m.wav,४ कृषी महाविद्यालय बदनापूर जिल्हा जालना स्थापना २०००,चार कृषी महा वि्यालय बदनापूरजिला ज्याना स्थापना दोनजार,४ कृषी महाविद्यालय बदनापूर जिल्हा जालना स्थापना २०००,चार कृषी महा वि्यालय बदनापूरजिला ज्याना स्थापना दोनजार,32.69,75.0,0,5.29
sample_01132,D:\marathi-asr\data\vistaar_benchmarks\kathbath_noisy\marathi\wavs\844424933381606-676-m.wav,१९९९ आणि इ स २००४ च्या लोकसभा निवडणुकांमध्ये त्यांनी त्याच मतदारसंघातून विजय मिळवला,एकोनिश्शीन नांन आणि विससीसन दोनजाच्ाच लोकसपन यवनुकांमध्ये त्यांनी त्यार मध्दार सांगातून ीिजी मिळवल,१९९९ आणि इ स २००४ च्या लोकसभा निवडणुकांमध्ये त्यांनी त्याच मतदारसंघातून विजय मिळवला,एकोनिश्शीन नांन आणि विससीसन दोनजाच्ाच लोकसपन यवनुकांमध्ये त्यांनी त्यार मध्दार सांगातून ीिजी मिळवल,51.81,100.0,0,9.59
sample_01133,D:\marathi-asr\data\vistaar_benchmarks\kathbath_noisy\marathi\wavs\844424933355990-1120-m.wav,कशाचीही चिंता नसताना वडिलांना विशाखापट्टणम इथल्या एका साखर कारखान्यात बोलावणे आले,पसतकीडी चंटर नस्टांना वडीलंना शयातपटामा कितल्या एक साखर कार केण्या लणी ठले,कशाचीही चिंता नसताना वडिलांना विशाखापट्टणम इथल्या एका साखर कारखान्यात बोलावणे आले,पसतकीडी चंटर नस्टांना वडीलंना शयातपटामा कितल्या एक साखर कार केण्या लणी ठले,45.68,100.0,0,6.36
sample_01134,D:\marathi-asr\data\vistaar_benchmarks\kathbath_noisy\marathi\wavs\844424933393993-426-m.wav,वाफेगाव हे भारताच्या महाराष्ट्र राज्यातील पुणे जिल्ह्यातील खेड तालुक्यातील एक गाव आहे,वारे गावहे भारताच्या महाराष्ट्री राज्यातील पूने जिन्यतली चेळे तअलुख्यातील एक गाव आहे,वाफेगाव हे भारताच्या महाराष्ट्र राज्यातील पुणे जिल्ह्यातील खेड तालुक्यातील एक गाव आहे,वारे गावहे भारताच्या महाराष्ट्री राज्यातील पूने जिन्यतली चेळे तअलुख्यातील एक गाव आहे,20.0,58.33,0,9.89
sample_01135,D:\marathi-asr\data\vistaar_benchmarks\kathbath_noisy\marathi\wavs\844424933393997-426-m.wav,निसाचे पती केल्पेश मेहता आणि मुलगा झोरान यांच्याबरोबर मुंबईत राहतात,मिसाची कतत कर्जे बँका आणि मुदा जोर ाण जयांच्याबरभर्मीबाईल राहतात,निसाचे पती केल्पेश मेहता आणि मुलगा झोरान यांच्याबरोबर मुंबईत राहतात,मिसाची कतत कर्जे बँका आणि मुदा जोर ाण जयांच्याबरभर्मीबाईल राहतात,37.31,80.0,0,7.36
sample_01136,D:\marathi-asr\data\vistaar_benchmarks\kathbath_noisy\marathi\wavs\844424933356043-1120-m.wav,सन १६७६ मध्ये दक्षिणदिग्विजयासाठी जातांना श्री समर्थांचा आशीर्वाद येथूनच घेऊनच छत्रपती शिवाजी महाराज पुढे गेले,सल फुळासेत छात्तरमध्ये दक्षिम दिगविजयासाठी जरतांनासही संमट्थांच्या आशिवन शेतू येवनक्सषत्र प्रीशीवाली माराचस पडे गेले,सन १६७६ मध्ये दक्षिणदिग्विजयासाठी जातांना श्री समर्थांचा आशीर्वाद येथूनच घेऊनच छत्रपती शिवाजी महाराज पुढे गेले,सल फुळासेत छात्तरमध्ये दक्षिम दिगविजयासाठी जरतांनासही संमट्थांच्या आशिवन शेतू येवनक्सषत्र प्रीशीवाली माराचस पडे गेले,47.27,93.33,0,9.54
sample_01137,D:\marathi-asr\data\vistaar_benchmarks\kathbath_noisy\marathi\wavs\844424933394788-566-m.wav,त्यानंतर कमल हासन आणि मामूट्टी यांना तीन पुरस्कार देण्यात आले आहेत,त्यानंतर कम हासन आणि मामुटी याना तीन पुरस्तार विम्यात आली आहे,त्यानंतर कमल हासन आणि मामूट्टी यांना तीन पुरस्कार देण्यात आले आहेत,त्यानंतर कम हासन आणि मामुटी याना तीन पुरस्तार विम्यात आली आहे,16.67,63.64,0,5.22
sample_01138,D:\marathi-asr\data\vistaar_benchmarks\kathbath_noisy\marathi\wavs\844424933381632-676-m.wav,या महाविद्यालयातील प्रवेश संयुक्त सीट वाटप प्राधिकरण जोएसएए च्या माध्यमातून घेतले जाते,या माणित्यालयतील प्रवेषतसित वाटक प्ाधीकरण जोोसेएच्या माधत्यमातून घेटले जाते,या महाविद्यालयातील प्रवेश संयुक्त सीट वाटप प्राधिकरण जोएसएए च्या माध्यमातून घेतले जाते,या माणित्यालयतील प्रवेषतसित वाटक प्ाधीकरण जोोसेएच्या माधत्यमातून घेटले जाते,26.74,83.33,0,10.45
sample_01139,D:\marathi-asr\data\vistaar_benchmarks\kathbath_noisy\marathi\wavs\844424933379959-487-m.wav,आत्महत्या म्हणजे सहेतुकपणे स्वतःच स्वतःचे आयुष्य संपविण्याचे कृत्य होय,आतमत्त म्हणजे सहे तुपणे स्वतः स्वतःच्या विषय संपवर्याचे मृत्तय होय,आत्महत्या म्हणजे सहेतुकपणे स्वतःच स्वतःचे आयुष्य संपविण्याचे कृत्य होय,आतमत्त म्हणजे सहे तुपणे स्वतः स्वतःच्या विषय संपवर्याचे मृत्तय होय,25.71,88.89,0,5.25
sample_01140,D:\marathi-asr\data\vistaar_benchmarks\kathbath_noisy\marathi\wavs\844424933379978-487-m.wav,त्याने या समुद्रास मार फिलिपिनास असे नाव दिले,याने या समुद्रास मार डीटीनाशहसे नावदिले,त्याने या समुद्रास मार फिलिपिनास असे नाव दिले,याने या समुद्रास मार डीटीनाशहसे नावदिले,26.67,62.5,0,4.39
sample_01141,D:\marathi-asr\data\vistaar_benchmarks\kathbath_noisy\marathi\wavs\844424933394834-566-m.wav,त्यामुळे ह्या किल्ल्याची रचना तीन वेगवेगळ्या भागांनी बनलेली आहे,एंबेया तिइंल्या चिरच्यातीन मिवेगळ्या बागांनी बनजली आहे,त्यामुळे ह्या किल्ल्याची रचना तीन वेगवेगळ्या भागांनी बनलेली आहे,एंबेया तिइंल्या चिरच्यातीन मिवेगळ्या बागांनी बनजली आहे,39.68,88.89,0,3.72
sample_01142,D:\marathi-asr\data\vistaar_benchmarks\kathbath_noisy\marathi\wavs\844424933373450-962-m.wav,बोरगेवाडी हे भारतातील महाराष्ट्र राज्यातील सातारा जिल्ह्यातील पाटण तालुक्यातील एक गाव आहे,बोरगीवाळी ही भारतातील माराष्ट्रा ज्याती साकाराजिलयातील पाठवतानी केती एकगा आहे,बोरगेवाडी हे भारतातील महाराष्ट्र राज्यातील सातारा जिल्ह्यातील पाटण तालुक्यातील एक गाव आहे,बोरगीवाळी ही भारतातील माराष्ट्रा ज्याती साकाराजिलयातील पाठवतानी केती एकगा आहे,28.09,83.33,0,5.85
sample_01143,D:\marathi-asr\data\vistaar_benchmarks\kathbath_noisy\marathi\wavs\844424933379940-487-m.wav,वने आणि खनिज संपत्तीची समृद्धी हे या राज्याचे वैशिष्ट्य आहे,वने आणि खनित संपत्तीचे समृ्धी हे या राज्याचे वरशिष्ट आहे,वने आणि खनिज संपत्तीची समृद्धी हे या राज्याचे वैशिष्ट्य आहे,वने आणि खनित संपत्तीचे समृ्धी हे या राज्याचे वरशिष्ट आहे,10.17,40.0,0,4.5
sample_01144,D:\marathi-asr\data\vistaar_benchmarks\kathbath_noisy\marathi\wavs\844424933381582-676-m.wav,१९११ मध्ये त्याच्या पत्नीचे आलिसचे आणि १९१४ मध्ये ज्यॉं या त्याच्या मुलाचे निधन झाले,कवृषी अक्रामध्ये त्याच्या पदनीतवेतादिसे आणि इरवीस करूताम्येकया यात्याच्या मुलाच निधांग,१९११ मध्ये त्याच्या पत्नीचे आलिसचे आणि १९१४ मध्ये ज्यॉं या त्याच्या मुलाचे निधन झाले,कवृषी अक्रामध्ये त्याच्या पदनीतवेतादिसे आणि इरवीस करूताम्येकया यात्याच्या मुलाच निधांग,48.81,85.71,0,10.5
sample_01145,D:\marathi-asr\data\vistaar_benchmarks\kathbath_noisy\marathi\wavs\844424933394844-566-m.wav,सन १९४९ वाळव्यात हुतात्म्यांची स्मारके म्हणून किसान शिक्षण संस्थेची स्थापना,सनेतुनहाशी कंपन्नास ्वाळवळतताधण्याची स मार्यमोकिसाशिक्षण संस्त्वेचीस्थाप,सन १९४९ वाळव्यात हुतात्म्यांची स्मारके म्हणून किसान शिक्षण संस्थेची स्थापना,सनेतुनहाशी कंपन्नास ्वाळवळतताधण्याची स मार्यमोकिसाशिक्षण संस्त्वेचीस्थाप,57.33,100.0,0,5.27
sample_01146,D:\marathi-asr\data\vistaar_benchmarks\kathbath_noisy\marathi\wavs\844424933356000-1120-m.wav,त्यांच्यात सोळा कुळे असून त्या बहिर्विवाहपद्धतीवर आधारलेल्या आहेत,सोळापुढे असून ्या भहीबिवाह पद्धतीवर,त्यांच्यात सोळा कुळे असून त्या बहिर्विवाहपद्धतीवर आधारलेल्या आहेत,सोळापुढे असून ्या भहीबिवाह पद्धतीवर,56.92,87.5,0,6.41
sample_01147,D:\marathi-asr\data\vistaar_benchmarks\kathbath_noisy\marathi\wavs\844424933356006-1120-m.wav,१८३९  २० जून इ स १९१७ हा अमेरिकन रसायशास्त्रज्ञ होता,अतासश एकूंचारीस वीस्च्यून इस्रशन एकोणिशे सत्रा हा अमेरिकन दरशान स्त्रज्ञव होता,१८३९ २० जून इ स १९१७ हा अमेरिकन रसायशास्त्रज्ञ होता,अतासश एकूंचारीस वीस्च्यून इस्रशन एकोणिशे सत्रा हा अमेरिकन दरशान स्त्रज्ञव होता,86.27,80.0,0,6.76
sample_01148,D:\marathi-asr\data\vistaar_benchmarks\kathbath_noisy\marathi\wavs\844424933394007-426-m.wav,यामध्ये चॉकलेट केक इ वेगवेगळे पदार्थ बनविले जातात,यामध्ये चॉकलेट थे इत्यादी वेगवेगळे पदार्थेव बनवले जातात,यामध्ये चॉकलेट केक इ वेगवेगळे पदार्थ बनविले जातात,यामध्ये चॉकलेट थे इत्यादी वेगवेगळे पदार्थेव बनवले जातात,22.45,50.0,0,5.48
sample_01149,D:\marathi-asr\data\vistaar_benchmarks\kathbath_noisy\marathi\wavs\844424933394813-566-m.wav,१९८१ मध्ये संत तुकारामया नाटकात संत सखूची भूमिका केली,एकमी शेतीशी मध्ये संतपुकर आणि यानात खाते संत सुपी केल,१९८१ मध्ये संत तुकारामया नाटकात संत सखूची भूमिका केली,एकमी शेतीशी मध्ये संतपुकर आणि यानात खाते संत सुपी केल,66.04,100.0,0,5.18
sample_01150,D:\marathi-asr\data\vistaar_benchmarks\kathbath_noisy\marathi\wavs\844424933356033-1120-m.wav,वागले की दुनिया ही मालिका प्रख्यात व्यंगचित्रकार आर के लक्ष्मण यांच्या कार्टूनवर आधारित होती,बागलीकी दुन्हया ही मालिका प्रक्याच वेगचीप्रकार आरकी लक्ष्मन्यांच्या काटूनवर आधारिच होती,वागले की दुनिया ही मालिका प्रख्यात व्यंगचित्रकार आर के लक्ष्मण यांच्या कार्टूनवर आधारित होती,बागलीकी दुन्हया ही मालिका प्रक्याच वेगचीप्रकार आरकी लक्ष्मन्यांच्या काटूनवर आधारिच होती,20.65,78.57,0,6.8
sample_01151,D:\marathi-asr\data\vistaar_benchmarks\kathbath_noisy\marathi\wavs\844424933379951-487-m.wav,चिचकुंभ हे भारतातील महाराष्ट्र राज्यातील वर्धा जिल्ह्यातील आष्टी तालुक्यातील एक गाव आहे,चिचकुंबळ हे भारतातील महाराष्र राज्यातील वर्द दिल्यातील ाष्टिका लुकेत् रेक गा आहे,चिचकुंभ हे भारतातील महाराष्ट्र राज्यातील वर्धा जिल्ह्यातील आष्टी तालुक्यातील एक गाव आहे,चिचकुंबळ हे भारतातील महाराष्र राज्यातील वर्द दिल्यातील ाष्टिका लुकेत् रेक गा आहे,25.29,66.67,0,6.22
sample_01152,D:\marathi-asr\data\vistaar_benchmarks\kathbath_noisy\marathi\wavs\844424933356053-1120-m.wav,शेतकरी मासिक हे महाराष्ट्र शासनाच्या कृषी विभागामार्फत कृषी आयुक्तालय पुणे येथून दरमहा प्रसिद्ध केले जाते,शेतकरी मासेक शे माष्ट्र शास्तनाच्या उृचिविव वी भाजारभारतत कृषी अळुकतलय मीतून दर महा प्रसुदध केली जाते,शेतकरी मासिक हे महाराष्ट्र शासनाच्या कृषी विभागामार्फत कृषी आयुक्तालय पुणे येथून दरमहा प्रसिद्ध केले जाते,शेतकरी मासेक शे माष्ट्र शास्तनाच्या उृचिविव वी भाजारभारतत कृषी अळुकतलय मीतून दर महा प्रसुदध केली जाते,34.29,86.67,0,7.94
sample_01153,D:\marathi-asr\data\vistaar_benchmarks\kathbath_noisy\marathi\wavs\844424933394866-566-m.wav,एनला तिच्या तेराव्या वाढदिवशी १२ जून १९४२ रोजी एक वही भेट मिळाली,यार्यानंदातीच्या तेरीव वाढदीशी बारात ुननिक माश बेचाळी स रधी ए पोई बेट मिळाली,एनला तिच्या तेराव्या वाढदिवशी १२ जून १९४२ रोजी एक वही भेट मिळाली,यार्यानंदातीच्या तेरीव वाढदीशी बारात ुननिक माश बेचाळी स रधी ए पोई बेट मिळाली,68.75,100.0,0,4.81
sample_01154,D:\marathi-asr\data\vistaar_benchmarks\kathbath_noisy\marathi\wavs\844424933373443-962-m.wav,आपल्या विचारांप्रमाणे आपण जगतो आणि वागतो त्या प्रमाणेच युद्धे आणि सरकारे त्याच विचारांचा परिपाक आहेत,आपलय विचार उप्रमधाने आतं तत्पा आणि ला क्या प्रमाणाचय उद्द आणि सारकारि त्याच विचारांचा पाणीपाक आहे,आपल्या विचारांप्रमाणे आपण जगतो आणि वागतो त्या प्रमाणेच युद्धे आणि सरकारे त्याच विचारांचा परिपाक आहेत,आपलय विचार उप्रमधाने आतं तत्पा आणि ला क्या प्रमाणाचय उद्द आणि सारकारि त्याच विचारांचा पाणीपाक आहे,30.0,80.0,0,6.34
sample_01155,D:\marathi-asr\data\vistaar_benchmarks\kathbath_noisy\marathi\wavs\844424933381613-676-m.wav,भारतीय महिला संघाने ऑस्ट्रेलियाविरूद्ध २००६ नंतर प्रथमच महिला कसोटी सामना खेळला,भारतीय महिल्ा संगाने आशेल्यावीनडीनदर सानंतर प्रतमच महिला त सोपे सामना फेडल,भारतीय महिला संघाने ऑस्ट्रेलियाविरूद्ध २००६ नंतर प्रथमच महिला कसोटी सामना खेळला,भारतीय महिल्ा संगाने आशेल्यावीनडीनदर सानंतर प्रतमच महिला त सोपे सामना फेडल,36.71,81.82,0,8.1
sample_01156,D:\marathi-asr\data\vistaar_benchmarks\kathbath_noisy\marathi\wavs\844424933356010-1120-m.wav,१८ ऑगस्ट २०१८ रोजी एडल्ट स्विमने हा हंगाम इंग्रजी भाषांतरित प्रकाशनाला सुरुवात केली,अ्टर रस दोनहझा अटारजी एडलशिमले हा हंगाम इंद्रजी भासांतरीत पकासनला सुवब कीली,१८ ऑगस्ट २०१८ रोजी एडल्ट स्विमने हा हंगाम इंग्रजी भाषांतरित प्रकाशनाला सुरुवात केली,अ्टर रस दोनहझा अटारजी एडलशिमले हा हंगाम इंद्रजी भासांतरीत पकासनला सुवब कीली,43.37,84.62,0,7.41
sample_01157,D:\marathi-asr\data\vistaar_benchmarks\kathbath_noisy\marathi\wavs\844424933355996-1120-m.wav,वावदरे हे भारतातील महाराष्ट्र राज्यातील सातारा जिल्ह्यातील सातारा तालुक्यातील एक गाव आहे,अवदरीह भारतूतील माष्ट्राजयतील सातर्रा जनलद्यातील सात्रातन केतली जावा,वावदरे हे भारतातील महाराष्ट्र राज्यातील सातारा जिल्ह्यातील सातारा तालुक्यातील एक गाव आहे,अवदरीह भारतूतील माष्ट्राजयतील सातर्रा जनलद्यातील सात्रातन केतली जावा,39.77,100.0,0,5.71
sample_01158,D:\marathi-asr\data\vistaar_benchmarks\kathbath_noisy\marathi\wavs\844424933394044-426-m.wav,दिवेघाटाच्या पायथ्याला अहिल्याबाई होळकर यांनी बांधलेला तलाव आहे,दीवझाटाच्या पाय्याला आहिल्या भाई होडकर यानी भांनलेला कलाव आहे,दिवेघाटाच्या पायथ्याला अहिल्याबाई होळकर यांनी बांधलेला तलाव आहे,दीवझाटाच्या पाय्याला आहिल्या भाई होडकर यानी भांनलेला कलाव आहे,19.05,100.0,0,5.53
sample_01159,D:\marathi-asr\data\vistaar_benchmarks\kathbath_noisy\marathi\wavs\844424933379944-487-m.wav,पौराणिक दंडकारण्य या प्रदेशात तसेच रामायण व महाभारतातील रंजक कथा दंडारण्यातून सादर केल्या जातात,अवरानिक दंडकार्यांने ह्या प्रदेशात तसे स्रामाण व मा भारतातील रंजक पतादनधरण्यातून सादन कले जात,पौराणिक दंडकारण्य या प्रदेशात तसेच रामायण व महाभारतातील रंजक कथा दंडारण्यातून सादर केल्या जातात,अवरानिक दंडकार्यांने ह्या प्रदेशात तसे स्रामाण व मा भारतातील रंजक पतादनधरण्यातून सादन कले जात,30.53,85.71,0,6.76
sample_01160,D:\marathi-asr\data\vistaar_benchmarks\kathbath_noisy\marathi\wavs\844424933379968-487-m.wav,कोचरे हे भारतातील महाराष्ट्र राज्यातील दक्षिण कोकणातील सिंधुदुर्ग जिल्ह्यातील वेंगुर्ला तालुक्यातील एक गाव आहे,कुतरे हे भारतातील महाराष्ट्रा ज्यातील क्षिण कोकणातील चींनिदुर्घ जिल्यातील वेगुरल्या तअलुकेतले गाव आहे,कोचरे हे भारतातील महाराष्ट्र राज्यातील दक्षिण कोकणातील सिंधुदुर्ग जिल्ह्यातील वेंगुर्ला तालुक्यातील एक गाव आहे,कुतरे हे भारतातील महाराष्ट्रा ज्यातील क्षिण कोकणातील चींनिदुर्घ जिल्यातील वेगुरल्या तअलुकेतले गाव आहे,21.82,64.29,0,6.32
sample_01161,D:\marathi-asr\data\vistaar_benchmarks\kathbath_noisy\marathi\wavs\844424933355961-1120-m.wav,चार्लेस कॉल्मोरे या गृहस्तांनी चर्च साठी जागा दिली,टामेस कॉरवरे हया प्रोस्तानी चर्चसाठी जागा दिली,चार्लेस कॉल्मोरे या गृहस्तांनी चर्च साठी जागा दिली,टामेस कॉरवरे हया प्रोस्तानी चर्चसाठी जागा दिली,30.0,75.0,0,3.72
sample_01162,D:\marathi-asr\data\vistaar_benchmarks\kathbath_noisy\marathi\wavs\844424933394850-566-m.wav,ऑगस्ट हा ग्रेगरी दिनदर्शिकेनुसार वर्षातील आठवा महिना आहे,ऑबस् आाड्रेगरी दिनद्य सिती मुसाय आहेशाठीलाखवा मना,ऑगस्ट हा ग्रेगरी दिनदर्शिकेनुसार वर्षातील आठवा महिना आहे,ऑबस् आाड्रेगरी दिनद्य सिती मुसाय आहेशाठीलाखवा मना,50.0,100.0,0,4.34
sample_01163,D:\marathi-asr\data\vistaar_benchmarks\kathbath_noisy\marathi\wavs\844424933381622-676-m.wav,ते सावित्री खानोलकर यांच्याकडील ज्ञानाने व कलाकुसरीने प्रभावित झाले होते,तेसागित्री घांल गर यांच्या कडेल ज्यानाने वकला सुरिने प्रभावित झाले होते,ते सावित्री खानोलकर यांच्याकडील ज्ञानाने व कलाकुसरीने प्रभावित झाले होते,तेसागित्री घांल गर यांच्या कडेल ज्यानाने वकला सुरिने प्रभावित झाले होते,20.83,80.0,0,7.57
sample_01164,D:\marathi-asr\data\vistaar_benchmarks\kathbath_noisy\marathi\wavs\844424933280436-817-m.wav,गावात असणारा बिअर बार बंद करण्यासाठी महिला आणि युवकांच्या पुढाकाराने मोठे आंदोलन उभे राहिले,गाव असणारा िअरबार अंदू करण्यासाठी महिला आणि वोकांचा प्रकारानमु्ते अंतुल रली,गावात असणारा बिअर बार बंद करण्यासाठी महिला आणि युवकांच्या पुढाकाराने मोठे आंदोलन उभे राहिले,गाव असणारा िअरबार अंदू करण्यासाठी महिला आणि वोकांचा प्रकारानमु्ते अंतुल रली,34.07,71.43,0,12.12
sample_01165,D:\marathi-asr\data\vistaar_benchmarks\kathbath_noisy\marathi\wavs\844424933394790-566-m.wav,मुख्यत महाराष्ट्रातील धुळे जळगाव नाशिक व नंदुरबार जिल्ह्यांमध्ये ठेलारी समाज आढळतो,वक्य्ा भारसातील दुडे दरजा नाशिक व नंबब दिलल्यामध्ये हेलाे का,मुख्यत महाराष्ट्रातील धुळे जळगाव नाशिक व नंदुरबार जिल्ह्यांमध्ये ठेलारी समाज आढळतो,वक्य्ा भारसातील दुडे दरजा नाशिक व नंबब दिलल्यामध्ये हेलाे का,48.78,81.82,0,6.83
sample_01166,D:\marathi-asr\data\vistaar_benchmarks\kathbath_noisy\marathi\wavs\844424933356023-1120-m.wav,जोधा अकबर हा २००८ साली प्रदर्शित झालेला एक हिंदी चित्रपट आहे,कापर हा दोनहजार आठसाली प्रदशीन झालेला एक संदीस्ित्रपीट आहे,जोधा अकबर हा २००८ साली प्रदर्शित झालेला एक हिंदी चित्रपट आहे,कापर हा दोनहजार आठसाली प्रदशीन झालेला एक संदीस्ित्रपीट आहे,41.67,63.64,0,4.62
sample_01167,D:\marathi-asr\data\vistaar_benchmarks\kathbath_noisy\marathi\wavs\844424933394025-426-m.wav,त्यांचा एक मित्र त्यांना म्हणाला होता की आत्मचरित्र लिहिणे ही पाश्चात्य लोकांची खासियत आहे,तयांचा एक मिप्र त्यांना म्हणाला होता की आत्मचारीक्रलिनेघी पाच्चक् लोकांची आसियत आहे,त्यांचा एक मित्र त्यांना म्हणाला होता की आत्मचरित्र लिहिणे ही पाश्चात्य लोकांची खासियत आहे,तयांचा एक मिप्र त्यांना म्हणाला होता की आत्मचारीक्रलिनेघी पाच्चक् लोकांची आसियत आहे,18.89,50.0,0,7.71
sample_01168,D:\marathi-asr\data\vistaar_benchmarks\kathbath_noisy\marathi\wavs\844424933280432-817-m.wav,बोईंग ही जगातली आघाडीची जेट विमान बनवणारी अमेरिकेची संयुक्त संस्थाने येथील कंपनी आहे,बलचगातील आधरीचीज विमा बनवणारी आवेरिकेची संजक्त संस्थेने एखील कंपनत आहे,बोईंग ही जगातली आघाडीची जेट विमान बनवणारी अमेरिकेची संयुक्त संस्थाने येथील कंपनी आहे,बलचगातील आधरीचीज विमा बनवणारी आवेरिकेची संजक्त संस्थेने एखील कंपनत आहे,32.14,84.62,0,11.7
sample_01169,D:\marathi-asr\data\vistaar_benchmarks\kathbath_noisy\marathi\wavs\844424933356031-1120-m.wav,हिचा शेवटचा भाग १ जुलै २०१७ रोजी प्रसारित झाला,च्या सेवेटसचा भाग एक जुली धु्ह्ा सुतला रोजी प्सारित झाला,हिचा शेवटचा भाग १ जुलै २०१७ रोजी प्रसारित झाला,च्या सेवेटसचा भाग एक जुली धु्ह्ा सुतला रोजी प्सारित झाला,47.83,77.78,0,3.95
sample_01170,D:\marathi-asr\data\vistaar_benchmarks\kathbath_noisy\marathi\wavs\844424933393998-426-m.wav,तेव्हा कांबळेंनी लगेच जवळच असलेल्या आपल्या एका विद्यार्थ्याला जवळ बोलवून विचारणाऱ्याला सांगितले हा अभिजीत देशपांडे,तेव्हा कामडीनी लगेच जवड असलेल्य आपल्या का विद्यार्थयाला जवड बणून िचारणा्याला साहितले हा भिजी देश पाढे,तेव्हा कांबळेंनी लगेच जवळच असलेल्या आपल्या एका विद्यार्थ्याला जवळ बोलवून विचारणाऱ्याला सांगितले हा अभिजीत देशपांडे,तेव्हा कामडीनी लगेच जवड असलेल्य आपल्या का विद्यार्थयाला जवड बणून िचारणा्याला साहितले हा भिजी देश पाढे,20.87,80.0,0,10.1
sample_01171,D:\marathi-asr\data\vistaar_benchmarks\kathbath_noisy\marathi\wavs\844424933356021-1120-m.wav,महागोंड हे कोल्हापूर जिल्ह्यातील आजरा या तालुक्याच्या गावापासून १६ किमी,महागोन हे कोलापूड झिलतील आजर हया त रख्यचया दावा पासून सोळा किमी,महागोंड हे कोल्हापूर जिल्ह्यातील आजरा या तालुक्याच्या गावापासून १६ किमी,महागोन हे कोलापूड झिलतील आजर हया त रख्यचया दावा पासून सोळा किमी,35.21,100.0,0,5.06
sample_01172,D:\marathi-asr\data\vistaar_benchmarks\kathbath_noisy\marathi\wavs\844424933381667-676-m.wav,त्यानंतर राजनने डेव्हिड टँकसोबत न्यूरॉन्सचे अनुक्रमिक सक्रियकरण दाखवण्यासाठी काम केले,क्यानंतर लाजनने देविट टॅक्सब निुरॉस् अनुप्रमिक सकरियतरण दाकवण्यासाठी काम केले,त्यानंतर राजनने डेव्हिड टँकसोबत न्यूरॉन्सचे अनुक्रमिक सक्रियकरण दाखवण्यासाठी काम केले,क्यानंतर लाजनने देविट टॅक्सब निुरॉस् अनुप्रमिक सकरियतरण दाकवण्यासाठी काम केले,24.71,80.0,0,10.22
sample_01173,D:\marathi-asr\data\vistaar_benchmarks\kathbath_noisy\marathi\wavs\844424933394791-566-m.wav,नोकरीत असतानाही ते १४ शाळांचे व्यवस्थापन करीत होते,नोकलीट अस्तांनाही ते शोदा शाण्यांची विस्थापन करित करते,नोकरीत असतानाही ते १४ शाळांचे व्यवस्थापन करीत होते,नोकलीट अस्तांनाही ते शोदा शाण्यांची विस्थापन करित करते,36.0,87.5,0,4.85
sample_01174,D:\marathi-asr\data\vistaar_benchmarks\kathbath_noisy\marathi\wavs\844424933355991-1120-m.wav,म्हणून तानाजीने किल्या चढायची सर्वात कठीण बाजू निवडली,म्हणून धानाचीनेखील्ला ्यटायची सर्वात कतीं बाजूनी वडली,म्हणून तानाजीने किल्या चढायची सर्वात कठीण बाजू निवडली,म्हणून धानाचीनेखील्ला ्यटायची सर्वात कतीं बाजूनी वडली,26.42,75.0,0,4.67
sample_01175,D:\marathi-asr\data\vistaar_benchmarks\kathbath_noisy\marathi\wavs\844424933379919-487-m.wav,बेराक्रुथ या शब्दाशी संबंधित खालील लेख उपलब्ध आहेत,पेराकृत या शब्दाशी संबंधित खालीललेक उपलब्ध आहेत,बेराक्रुथ या शब्दाशी संबंधित खालील लेख उपलब्ध आहेत,पेराकृत या शब्दाशी संबंधित खालीललेक उपलब्ध आहेत,14.0,37.5,0,4.5
sample_01176,D:\marathi-asr\data\vistaar_benchmarks\kathbath_noisy\marathi\wavs\844424933373477-962-m.wav,शहरातील महानगरपालिकेच्या सुविधा प्रशासनात आणि मुंबई काही उपनगरातील शेत्र ही जबाबदार आहे,शहरातील मानातर पालेकीच्या सुविधा प्रशासनात आणि मबई काहे पनागराते्टेक शातीचा वबदार आहे,शहरातील महानगरपालिकेच्या सुविधा प्रशासनात आणि मुंबई काही उपनगरातील शेत्र ही जबाबदार आहे,शहरातील मानातर पालेकीच्या सुविधा प्रशासनात आणि मबई काहे पनागराते्टेक शातीचा वबदार आहे,27.59,66.67,0,7.11
sample_01177,D:\marathi-asr\data\vistaar_benchmarks\kathbath_noisy\marathi\wavs\844424933381581-676-m.wav,त्यामुळे आणखी २ स्वतंत्र उमेदवारांच्या समर्थनाने भाजपाची संख्या ४५ वर गेली,त्यामुळे आणखीदून प्रतंचगारचा सम्आणा आणे पाटपाची संख्या पंत लेले करते,त्यामुळे आणखी २ स्वतंत्र उमेदवारांच्या समर्थनाने भाजपाची संख्या ४५ वर गेली,त्यामुळे आणखीदून प्रतंचगारचा सम्आणा आणे पाटपाची संख्या पंत लेले करते,50.0,81.82,0,8.89
sample_01178,D:\marathi-asr\data\vistaar_benchmarks\kathbath_noisy\marathi\wavs\844424933394885-566-m.wav,नॉर्थ कॅरोलिना पर्यायी उच्चार नॉर्थ कॅरोलायना हे अमेरिकेचे एक राज्य आहे,मक्ॅरोबीना बर्यारीच्या नोध क्ॅ रो लायना ही अमेरिकेचे एक राज्य आहे,नॉर्थ कॅरोलिना पर्यायी उच्चार नॉर्थ कॅरोलायना हे अमेरिकेचे एक राज्य आहे,मक्ॅरोबीना बर्यारीच्या नोध क्ॅ रो लायना ही अमेरिकेचे एक राज्य आहे,30.99,63.64,0,4.6
sample_01179,D:\marathi-asr\data\vistaar_benchmarks\kathbath_noisy\marathi\wavs\844424933355988-1120-m.wav,त्यावेळी त्या एलिफंटा वेरुळ आणि महाबलिपुरम येथील शिल्पकृती पाहण्यासाठी गेल्या,एवडी त्या एलिफंट वेरोट आणि महा बजीतूरन वेसिनशिल पूरृत्ती पाण्यासाी गेल्या,त्यावेळी त्या एलिफंटा वेरुळ आणि महाबलिपुरम येथील शिल्पकृती पाहण्यासाठी गेल्या,एवडी त्या एलिफंट वेरोट आणि महा बजीतूरन वेसिनशिल पूरृत्ती पाण्यासाी गेल्या,35.06,80.0,0,6.36
sample_01180,D:\marathi-asr\data\vistaar_benchmarks\kathbath_noisy\marathi\wavs\844424933373386-962-m.wav,मूळचे बुलढाणा जिल्ह्यातील जाधव हे खामगावला शारीरिक शिक्षणाचे शिक्षक होते,तुमूरचे गोळठाला दिल्याते जाद हे खांगा औजाशारी शिक्षणाचे शिक्षक तते,मूळचे बुलढाणा जिल्ह्यातील जाधव हे खामगावला शारीरिक शिक्षणाचे शिक्षक होते,तुमूरचे गोळठाला दिल्याते जाद हे खांगा औजाशारी शिक्षणाचे शिक्षक तते,34.72,70.0,0,6.2
sample_01181,D:\marathi-asr\data\vistaar_benchmarks\kathbath_noisy\marathi\wavs\844424933379941-487-m.wav,पंडित नेहरू यांच्या प्रेरणेने आणि दुरदृष्टीने नेशनल बुक ट्रस्ट या संस्थेचे निर्माण झाले आहे,पंडित निरु यांच्या प्रेलेने आणि दू दृष्टीने निशनलबूक त्रस्रीया संचेच निर्माण झाले आहे,पंडित नेहरू यांच्या प्रेरणेने आणि दुरदृष्टीने नेशनल बुक ट्रस्ट या संस्थेचे निर्माण झाले आहे,पंडित निरु यांच्या प्रेलेने आणि दू दृष्टीने निशनलबूक त्रस्रीया संचेच निर्माण झाले आहे,18.68,57.14,0,7.11
sample_01182,D:\marathi-asr\data\vistaar_benchmarks\kathbath_noisy\marathi\wavs\844424933373407-962-m.wav,२०१७ सालच्या डिसेंबर महिन्यात महाराष्ट्रात बीअरच्या बाटलीची किंमती ह्या २० ते २५ रुपयांनी वाढल्या,दनहजर सतरा सारक्षा डिसेंपट महिन्यात महा हष्ट्टरत बिअरच्या बाकडीची किंमत या आणि स ते पंकीसुरूक बँकी वाढले,२०१७ सालच्या डिसेंबर महिन्यात महाराष्ट्रात बीअरच्या बाटलीची किंमती ह्या २० ते २५ रुपयांनी वाढल्या,दनहजर सतरा सारक्षा डिसेंपट महिन्यात महा हष्ट्टरत बिअरच्या बाकडीची किंमत या आणि स ते पंकीसुरूक बँकी वाढले,46.39,107.14,0,8.08
sample_01183,D:\marathi-asr\data\vistaar_benchmarks\kathbath_noisy\marathi\wavs\844424933373474-962-m.wav,उत्कृष्ट गीतकारासाठी निदा फजली यांना फिल्मफेअर आणि झी सिनेचे नामांकन मिळाले होते,उद्कृष्ठगित गनांसाठी निधा फ्सलियांना अचेल फेअर आणि जी सीनीचे लामांकर मिळाले होते,उत्कृष्ट गीतकारासाठी निदा फजली यांना फिल्मफेअर आणि झी सिनेचे नामांकन मिळाले होते,उद्कृष्ठगित गनांसाठी निधा फ्सलियांना अचेल फेअर आणि जी सीनीचे लामांकर मिळाले होते,28.75,75.0,0,6.36
sample_01184,D:\marathi-asr\data\vistaar_benchmarks\kathbath_noisy\marathi\wavs\844424933394001-426-m.wav,महाराष्ट्राशिवाय उत्तरप्रदेश पंजाब बिहारहरियाना या उत्तर भारतीय राज्यात रिपब्लिकन पक्ष हा एक समर्थ पक्ष होता,महाराष्ट्रा शिवाय उत्तर प्रमेशकल्या बिहार हरियाणा या उत्तर भारतीय अजध्ञा डीपगलिकल पक्ष हा एक समर्थ पक्ष होतात,महाराष्ट्राशिवाय उत्तरप्रदेश पंजाब बिहारहरियाना या उत्तर भारतीय राज्यात रिपब्लिकन पक्ष हा एक समर्थ पक्ष होता,महाराष्ट्रा शिवाय उत्तर प्रमेशकल्या बिहार हरियाणा या उत्तर भारतीय अजध्ञा डीपगलिकल पक्ष हा एक समर्थ पक्ष होतात,19.44,60.0,0,10.5
sample_01185,D:\marathi-asr\data\vistaar_benchmarks\kathbath_noisy\marathi\wavs\844424933394042-426-m.wav,क्रिशन भील मार्च १ इ स १९६८ हा पाकिस्तानमधील हिंदू राजकारणी आहे,प्रिचन बिल मार्च एक इ्फिसन एकणंशय अडुसष्ट हा पकिस्थांमध्येल हिंदू राजकारणी आहे,क्रिशन भील मार्च १ इ स १९६८ हा पाकिस्तानमधील हिंदू राजकारणी आहे,प्रिचन बिल मार्च एक इ्फिसन एकणंशय अडुसष्ट हा पकिस्थांमध्येल हिंदू राजकारणी आहे,47.62,58.33,0,8.29
sample_01186,D:\marathi-asr\data\vistaar_benchmarks\kathbath_noisy\marathi\wavs\844424933373417-962-m.wav,यात वैदिक संहितामधील विकृतींचा विचार करणारे जे ग्रंथ आहेत त्याचा संग्रह आहे,याक्वेधिक सिंितामध्ये विक्ृतींचा विचारज करणारे जेकरंत आहे त्यांचा समरण आहे,यात वैदिक संहितामधील विकृतींचा विचार करणारे जे ग्रंथ आहेत त्याचा संग्रह आहे,याक्वेधिक सिंितामध्ये विक्ृतींचा विचारज करणारे जेकरंत आहे त्यांचा समरण आहे,28.0,83.33,0,6.36
sample_01187,D:\marathi-asr\data\vistaar_benchmarks\kathbath_noisy\marathi\wavs\844424933381653-676-m.wav,अंगावर पांढऱ्या रंगाने नक्षी वा रेषा काढलेल्या असतात,अंगावर पां्या गंदाने नक्शीवारेषा काढलेल्या असतात,अंगावर पांढऱ्या रंगाने नक्षी वा रेषा काढलेल्या असतात,अंगावर पां्या गंदाने नक्शीवारेषा काढलेल्या असतात,15.09,62.5,0,6.11
sample_01188,D:\marathi-asr\data\vistaar_benchmarks\kathbath_noisy\marathi\wavs\844424933394015-426-m.wav,बारामतीमध्ये होत असणाऱ्या विकासामुळे या ठिकाणी प्रवाशांची जास्त वर्दळ असते,भारामतीमध्ये ोत असणा्या विकासामुळे यात ठिकाणी प्रवा्षांची जास्त गरदळ असते,बारामतीमध्ये होत असणाऱ्या विकासामुळे या ठिकाणी प्रवाशांची जास्त वर्दळ असते,भारामतीमध्ये ोत असणा्या विकासामुळे यात ठिकाणी प्रवा्षांची जास्त गरदळ असते,12.0,60.0,0,6.78
sample_01189,D:\marathi-asr\data\vistaar_benchmarks\kathbath_noisy\marathi\wavs\844424933373379-962-m.wav,प्रकार दूर्वा गवती चहा कसाट बेर लवी दवणा मरवा कांडीचार भोबडा कारवी खवण्या,प्रकार दुर्व गवतीच्या कसा बेरलवी दवनावरवा काडीचा पोघड्यकारली खवणी,प्रकार दूर्वा गवती चहा कसाट बेर लवी दवणा मरवा कांडीचार भोबडा कारवी खवण्या,प्रकार दुर्व गवतीच्या कसा बेरलवी दवनावरवा काडीचा पोघड्यकारली खवणी,27.4,92.31,0,8.8
sample_01190,D:\marathi-asr\data\vistaar_benchmarks\kathbath_noisy\marathi\wavs\844424933394852-566-m.wav,त्यांच्याकडे विविध प्रकारची सैन्यदळे व वेढ्यासाठीची यंत्रे उपलब्ध आहेत,अयगडीन युग्य प्रकारची सेन्े दळवू वेळ्यासाठीकी अंत्र उपलब्ध,त्यांच्याकडे विविध प्रकारची सैन्यदळे व वेढ्यासाठीची यंत्रे उपलब्ध आहेत,अयगडीन युग्य प्रकारची सेन्े दळवू वेळ्यासाठीकी अंत्र उपलब्ध,44.29,77.78,0,3.99
sample_01191,D:\marathi-asr\data\vistaar_benchmarks\kathbath_noisy\marathi\wavs\844424933373440-962-m.wav,भारताच्या स्वातंत्र्यदिनी पंतप्रधान लाल किल्ल्यातील लोकांना संबोधित करतात,भारताच्या सातत्रेकिमि कंतप्रदान आरथतीलेतील लोकाना सबदित करतात,भारताच्या स्वातंत्र्यदिनी पंतप्रधान लाल किल्ल्यातील लोकांना संबोधित करतात,भारताच्या सातत्रेकिमि कंतप्रदान आरथतीलेतील लोकाना सबदित करतात,34.25,75.0,0,4.53
sample_01192,D:\marathi-asr\data\vistaar_benchmarks\kathbath_noisy\marathi\wavs\844424933373462-962-m.wav,सावळी हे भारताच्या महाराष्ट्र राज्यातील नांदेड जिल्ह्यातील बिलोली तालुक्यातील एक गाव आहे,सावडी ही भारताच्या माराषट्र पायच्या ीिंनां दिरझिल्यातील बिलोलीताणिपेतील एकगाव आहे,सावळी हे भारताच्या महाराष्ट्र राज्यातील नांदेड जिल्ह्यातील बिलोली तालुक्यातील एक गाव आहे,सावडी ही भारताच्या माराषट्र पायच्या ीिंनां दिरझिल्यातील बिलोलीताणिपेतील एकगाव आहे,28.41,83.33,0,5.27
sample_01193,D:\marathi-asr\data\vistaar_benchmarks\kathbath_noisy\marathi\wavs\844424933394853-566-m.wav,टॉप लेव्हल डोमेन हे सर्वात लोकप्रिय आणि सर्वात जास्त प्रमाणात वापरले जाणारे डोमेन नाव आहे,टॉपणेवल तोमीन ही सर्वात योक्की आणि सर्वात जस्त प्रमाणात वापरली दाणाया बमूकलाव आहे,टॉप लेव्हल डोमेन हे सर्वात लोकप्रिय आणि सर्वात जास्त प्रमाणात वापरले जाणारे डोमेन नाव आहे,टॉपणेवल तोमीन ही सर्वात योक्की आणि सर्वात जस्त प्रमाणात वापरली दाणाया बमूकलाव आहे,25.84,66.67,0,5.55
sample_01194,D:\marathi-asr\data\vistaar_benchmarks\kathbath_noisy\marathi\wavs\844424933381666-676-m.wav,या खेरीज अरुण फडके यांचे शुद्धलेखन ठेवा खिशात हे पुस्तकही उपयुक्त आहे,या खेरी अरून फडकी यांचे शेंगलिगंठेवा शिषात हेपूर्तपीी उपयुक्त आहे,या खेरीज अरुण फडके यांचे शुद्धलेखन ठेवा खिशात हे पुस्तकही उपयुक्त आहे,या खेरी अरून फडकी यांचे शेंगलिगंठेवा शिषात हेपूर्तपीी उपयुक्त आहे,27.54,66.67,0,7.96
sample_01195,D:\marathi-asr\data\vistaar_benchmarks\kathbath_noisy\marathi\wavs\844424933379915-487-m.wav,यांना ब्रदर रे किंवा द जीनियस या नावांनेही संबोधले जायचे,यानना प्रदार्थे किंवा दजीन य सनावानी समुल्धय गालचे,यांना ब्रदर रे किंवा द जीनियस या नावांनेही संबोधले जायचे,यानना प्रदार्थे किंवा दजीन य सनावानी समुल्धय गालचे,39.29,90.0,0,5.15
sample_01196,D:\marathi-asr\data\vistaar_benchmarks\kathbath_noisy\marathi\wavs\844424933394016-426-m.wav,पुरुष साक्षरता ६३२८ आहे तर स्त्री साक्षरता ४८२४ आहे,पुरू शाक्षरता साहाजारतीनशा ठवीस आहे तर स्री शाक्सषरता चार हजार अक्षा चोविस आहे,पुरुष साक्षरता ६३२८ आहे तर स्त्री साक्षरता ४८२४ आहे,पुरू शाक्षरता साहाजारतीनशा ठवीस आहे तर स्री शाक्सषरता चार हजार अक्षा चोविस आहे,86.27,111.11,0,8.1
sample_01197,D:\marathi-asr\data\vistaar_benchmarks\kathbath_noisy\marathi\wavs\844424933394874-566-m.wav,यादरम्यान उत्तर भारतातून येणाऱ्या फौजेचा प्रवासही मराठ्यांनी त्रास देत लांबवला,याजर्ञां्तवातात मिळणा्या पोदेच्या प्रवास ही माराठ्यानि चादेत लांबवला,यादरम्यान उत्तर भारतातून येणाऱ्या फौजेचा प्रवासही मराठ्यांनी त्रास देत लांबवला,याजर्ञां्तवातात मिळणा्या पोदेच्या प्रवास ही माराठ्यानि चादेत लांबवला,40.51,90.0,0,5.29
sample_01198,D:\marathi-asr\data\vistaar_benchmarks\kathbath_noisy\marathi\wavs\844424933381608-676-m.wav,इ स १७९७ पेशव्यांनी शिंदे घराण्याच्या ताब्यात दिला,इसवीसन सत्राशे सत्यांना पेश्व्यानीशिंधे घरण्याच्या काग्याद दिला,इ स १७९७ पेशव्यांनी शिंदे घराण्याच्या ताब्यात दिला,इसवीसन सत्राशे सत्यांना पेश्व्यानीशिंधे घरण्याच्या काग्याद दिला,54.0,87.5,0,6.62
sample_01199,D:\marathi-asr\data\vistaar_benchmarks\kathbath_noisy\marathi\wavs\844424933356016-1120-m.wav,विषाणूंचा अभ्यास करणाऱ्या शाखेला विषाणुशास्त्र म्हणतात तर या शास्त्राचा अभ्यास करणाऱ्या व्यक्तींना विषाणुशास्त्रज्ञ म्हणतात,विशनंचा अभ्यास करण्य्या शाखेला विषाण शास्त्र म्हणतात तर या शास्त्रात त करणा्या व्यक्तीना दिशणसासतद्ञ म्हणात,विषाणूंचा अभ्यास करणाऱ्या शाखेला विषाणुशास्त्र म्हणतात तर या शास्त्राचा अभ्यास करणाऱ्या व्यक्तींना विषाणुशास्त्रज्ञ म्हणतात,विशनंचा अभ्यास करण्य्या शाखेला विषाण शास्त्र म्हणतात तर या शास्त्रात त करणा्या व्यक्तीना दिशणसासतद्ञ म्हणात,23.2,71.43,0,8.41
sample_01200,D:\marathi-asr\data\vistaar_benchmarks\kathbath_noisy\marathi\wavs\844424933355999-1120-m.wav,ह्यावेळी बांगलादेश आणि श्रीलंकेविरुद्ध पराभव पदरी पडल्यामुळे गट फेरीतच भारताचे आव्हान संपुष्टात आले,जयावेडी बांगडयात देश आणि श्रिलंके विरिद ध परावो पद्दली पडल्यामुळे गटकेलीतच आ भारताचेा अवां स्पूष्टकारले,ह्यावेळी बांगलादेश आणि श्रीलंकेविरुद्ध पराभव पदरी पडल्यामुळे गट फेरीतच भारताचे आव्हान संपुष्टात आले,जयावेडी बांगडयात देश आणि श्रिलंके विरिद ध परावो पद्दली पडल्यामुळे गटकेलीतच आ भारताचेा अवां स्पूष्टकारले,32.32,107.69,0,7.45
sample_01201,D:\marathi-asr\data\vistaar_benchmarks\kathbath_noisy\marathi\wavs\844424933373448-962-m.wav,जयबाजीराव हे क्षत्रिय महादेव कोळी घराण्यातील वारस तथा प्रमुख राजे होते,जेैटाजीरावेक क्षेत्रीय महाआदि कोळी घरण्यात व्यवार अस्ततत प्रवह रायजे होते,जयबाजीराव हे क्षत्रिय महादेव कोळी घराण्यातील वारस तथा प्रमुख राजे होते,जेैटाजीरावेक क्षेत्रीय महाआदि कोळी घरण्यात व्यवार अस्ततत प्रवह रायजे होते,35.71,81.82,0,5.09
sample_01202,D:\marathi-asr\data\vistaar_benchmarks\kathbath_noisy\marathi\wavs\844424933381668-676-m.wav,नवी पेठ हा भारताच्या पुणे शहरातील एक भाग आहे,नगीपेट हा भारताच्या पु्णी शहरातल एक भागाआहत,नवी पेठ हा भारताच्या पुणे शहरातील एक भाग आहे,नगीपेट हा भारताच्या पु्णी शहरातल एक भागाआहत,18.18,66.67,0,5.53
sample_01203,D:\marathi-asr\data\vistaar_benchmarks\kathbath_noisy\marathi\wavs\844424933394010-426-m.wav,जगावेगळी पैज हा १९९२ मध्ये निर्मित एक मराठी चित्रपट आहे,जगावेगळी पेज हा एकोणशीय बॅनडमध्ये निर्मीत एक मराठी चित्रपत आहे,जगावेगळी पैज हा १९९२ मध्ये निर्मित एक मराठी चित्रपट आहे,जगावेगळी पेज हा एकोणशीय बॅनडमध्ये निर्मीत एक मराठी चित्रपत आहे,25.45,50.0,0,6.36
sample_01204,D:\marathi-asr\data\vistaar_benchmarks\kathbath_noisy\marathi\wavs\844424933394845-566-m.wav,मनोज जोशी हे तो दिवंगत अभिनेता राजेश जोशी याचा भाऊ आहे,मधदृषी हे तो दिवंगजाअभिने ताराज्यक दुशीयां चा लावल आहे,मनोज जोशी हे तो दिवंगत अभिनेता राजेश जोशी याचा भाऊ आहे,मधदृषी हे तो दिवंगजाअभिने ताराज्यक दुशीयां चा लावल आहे,40.74,72.73,0,4.13
sample_01205,D:\marathi-asr\data\vistaar_benchmarks\kathbath_noisy\marathi\wavs\844424933381649-676-m.wav,बुचाच्या झाडाची साल खरबरीत असून त्यावर जाड रेषा असतात आणि रंग पिवळसर तपकिरी असतो,दुषताच्या झाडा चिसा करभरीत असनच्यावर दा देटात आणि गंग किळच तपकेली असतो,बुचाच्या झाडाची साल खरबरीत असून त्यावर जाड रेषा असतात आणि रंग पिवळसर तपकिरी असतो,दुषताच्या झाडा चिसा करभरीत असनच्यावर दा देटात आणि गंग किळच तपकेली असतो,35.0,85.71,0,10.12
sample_01206,D:\marathi-asr\data\vistaar_benchmarks\kathbath_noisy\marathi\wavs\844424933355984-1120-m.wav,आयर्लंड महिलांनी तब्बल तीन वर्षांनंतर महिला वनडे सामने खेळले,आयबर महिल्यानी तपल तील वचनंतर महिला बंडे सांगनेत लले,आयर्लंड महिलांनी तब्बल तीन वर्षांनंतर महिला वनडे सामने खेळले,आयबर महिल्यानी तपल तील वचनंतर महिला बंडे सांगनेत लले,41.67,88.89,0,4.9
sample_01207,D:\marathi-asr\data\vistaar_benchmarks\kathbath_noisy\marathi\wavs\844424933280435-817-m.wav,डॉक्टर बाबासाहेब आंबेडकर यांच्या क्रांतिकारी तत्वज्ञानातून दलित साहित्य व दलित नाट्य जन्माला आले,रक्टर बाबास हे अंबेडकर ्यांच्या क्रांतिकारी तत्ोडन्ञानातूंदरीत साहित्यव दलीतने जन्माला आले,डॉक्टर बाबासाहेब आंबेडकर यांच्या क्रांतिकारी तत्वज्ञानातून दलित साहित्य व दलित नाट्य जन्माला आले,रक्टर बाबास हे अंबेडकर ्यांच्या क्रांतिकारी तत्ोडन्ञानातूंदरीत साहित्यव दलीतने जन्माला आले,20.83,84.62,0,11.24
sample_01208,D:\marathi-asr\data\vistaar_benchmarks\kathbath_noisy\marathi\wavs\844424933381638-676-m.wav,लढाईत विजयनगरची सरशी होत असताना रामरायाचे दोन मुसलमान सरदार त्याच्यावर उलटले,लडाईक विजे नगरची सरशी हक्च असताना भामरायाचे दोन मुसल्मान सळता त्याच्यावर उुलटले,लढाईत विजयनगरची सरशी होत असताना रामरायाचे दोन मुसलमान सरदार त्याच्यावर उलटले,लडाईक विजे नगरची सरशी हक्च असताना भामरायाचे दोन मुसल्मान सळता त्याच्यावर उुलटले,17.11,72.73,0,9.73
sample_01209,D:\marathi-asr\data\vistaar_benchmarks\kathbath_noisy\marathi\wavs\844424933381592-676-m.wav,पळशी हे भारतातील महाराष्ट्र राज्यातील सातारा जिल्ह्यातील खंडाळा तालुक्यातील एक गाव आहे,पडशी हे भारतातील महारास्र गाज्यती सातारा दिल्ते फंडळातालक्ेातील एक गाव आहे,पळशी हे भारतातील महाराष्ट्र राज्यातील सातारा जिल्ह्यातील खंडाळा तालुक्यातील एक गाव आहे,पडशी हे भारतातील महारास्र गाज्यती सातारा दिल्ते फंडळातालक्ेातील एक गाव आहे,22.09,50.0,0,8.03
sample_01210,D:\marathi-asr\data\vistaar_benchmarks\kathbath_noisy\marathi\wavs\844424933394036-426-m.wav,हि भुमीया जमातीत वापरली जाणारी मातीची जाती आहेत,ची भु्मीया जासतीतील वापरली जाणारी मातीची जाती आहे,हि भुमीया जमातीत वापरली जाणारी मातीची जाती आहेत,ची भु्मीया जासतीतील वापरली जाणारी मातीची जाती आहे,17.02,50.0,0,4.64
sample_01211,D:\marathi-asr\data\vistaar_benchmarks\kathbath_noisy\marathi\wavs\844424933355995-1120-m.wav,हा बुरूज जर ढासळला तर किल्ला शत्रूच्या हाती सापडून विनाश ओढवला जाऊ शकतो,आागुरोज जर फसडला तर कीला शस्त्रच्या सापडून विन्यास पोडेला जाऊ शकतो,हा बुरूज जर ढासळला तर किल्ला शत्रूच्या हाती सापडून विनाश ओढवला जाऊ शकतो,आागुरोज जर फसडला तर कीला शस्त्रच्या सापडून विन्यास पोडेला जाऊ शकतो,35.21,61.54,0,6.34
sample_01212,D:\marathi-asr\data\vistaar_benchmarks\kathbath_noisy\marathi\wavs\844424933381655-676-m.wav,क्रीडा कला शिक्षण व राजकीय क्षेत्रात तळोद्याचा नाव लौकीक आहे,क्रीडाकला शिक्षण वराजकीय क्षेत्रत ताळद्याचं नाव लौकिक आहे,क्रीडा कला शिक्षण व राजकीय क्षेत्रात तळोद्याचा नाव लौकीक आहे,क्रीडाकला शिक्षण वराजकीय क्षेत्रत ताळद्याचं नाव लौकिक आहे,11.67,70.0,0,7.73
sample_01213,D:\marathi-asr\data\vistaar_benchmarks\kathbath_noisy\marathi\wavs\844424933379954-487-m.wav,ज्ञानभाषा मराठी हा एक सोशल मीडिया समाज माध्यमावर कार्यरत असणारा समूह आहे,ज्ञानभाशामराठी हा एक सोशल मिरिया समाजमाध्यमावर कार्यरत असणारा समू आहे,ज्ञानभाषा मराठी हा एक सोशल मीडिया समाज माध्यमावर कार्यरत असणारा समूह आहे,ज्ञानभाशामराठी हा एक सोशल मिरिया समाजमाध्यमावर कार्यरत असणारा समू आहे,8.33,50.0,0,5.53
sample_01214,D:\marathi-asr\data\vistaar_benchmarks\kathbath_noisy\marathi\wavs\844424933394827-566-m.wav,रोमच्या आफ्रिका प्रांतात जन्मलेल्या पोपांपैकी हा पहिला पोप होता,तीच्या पलवि्ला ब्रा् वेरवनवीले कोणता पिते हा पया लागते ?,रोमच्या आफ्रिका प्रांतात जन्मलेल्या पोपांपैकी हा पहिला पोप होता,तीच्या पलवि्ला ब्रा् वेरवनवीले कोणता पिते हा पया लागते,61.9,100.0,0,3.58
sample_01215,D:\marathi-asr\data\vistaar_benchmarks\kathbath_noisy\marathi\wavs\844424933373383-962-m.wav,न्वाईश्वानस्टाइन हे जर्मनीतील बायर्न राज्यातील एक प्रमुख पर्यटन स्थळ आहे,मवाइनसर्स थाईन हजरमिनीकधायात खारत्यात चणक परटसत आहे,न्वाईश्वानस्टाइन हे जर्मनीतील बायर्न राज्यातील एक प्रमुख पर्यटन स्थळ आहे,मवाइनसर्स थाईन हजरमिनीकधायात खारत्यात चणक परटसत आहे,61.11,90.0,0,6.52
sample_01216,D:\marathi-asr\data\vistaar_benchmarks\kathbath_noisy\marathi\wavs\844424933394859-566-m.wav,ही सहसा १ लिटर ७५० मिली ३७५ मिली आणि १८० मिली बाटल्यांमध्ये उपलब्ध असते,दिसह इक रिटर साचे पनस निधी तीनशे ंत्तेमेली आणे शंची निकीतारख्यांमध्ये परोब असते,ही सहसा १ लिटर ७५० मिली ३७५ मिली आणि १८० मिली बाटल्यांमध्ये उपलब्ध असते,दिसह इक रिटर साचे पनस निधी तीनशे ंत्तेमेली आणे शंची निकीतारख्यांमध्ये परोब असते,63.38,92.86,0,5.97
sample_01217,D:\marathi-asr\data\vistaar_benchmarks\kathbath_noisy\marathi\wavs\844424933381574-676-m.wav,बापशेतवाडी हे भारताच्या महाराष्ट्र राज्यातील नांदेड जिल्ह्यातील मुखेड तालुक्यातील एक गाव आहे,बाकशेत्वाढी हे भारताच्या मारात्क राज्यतेल नांन्ेट घेाण्याची मुख्यडि टंतियासि्रिद्धा,बापशेतवाडी हे भारताच्या महाराष्ट्र राज्यातील नांदेड जिल्ह्यातील मुखेड तालुक्यातील एक गाव आहे,बाकशेत्वाढी हे भारताच्या मारात्क राज्यतेल नांन्ेट घेाण्याची मुख्यडि टंतियासि्रिद्धा,45.65,83.33,0,7.8
sample_01218,D:\marathi-asr\data\vistaar_benchmarks\kathbath_noisy\marathi\wavs\844424933373451-962-m.wav,१३ एप्रिलला इंचुरी येथे पोचलेल्या हजारो सत्याग्रहींनी मूठभर मीठ हातात घेऊन कायदेभंग केला,करयातील ला गंचरी येते पोसलेल्या हजार सत्तरीहग करणा गा जन काले,१३ एप्रिलला इंचुरी येथे पोचलेल्या हजारो सत्याग्रहींनी मूठभर मीठ हातात घेऊन कायदेभंग केला,करयातील ला गंचरी येते पोसलेल्या हजार सत्तरीहग करणा गा जन काले,53.41,100.0,0,6.2
sample_01219,D:\marathi-asr\data\vistaar_benchmarks\kathbath_noisy\marathi\wavs\844424933394047-426-m.wav,जिथेउपलब्ध आहे त्यांचेकरीता एक वाजवता येणारे ध्वनि सुद्धादिली आहे,जिथी उपलब्ध आहे त्याचे करिता एक वाजवता येणारे दोन्ही सुद्धा दिली आहे,जिथेउपलब्ध आहे त्यांचेकरीता एक वाजवता येणारे ध्वनि सुद्धादिली आहे,जिथी उपलब्ध आहे त्याचे करिता एक वाजवता येणारे दोन्ही सुद्धा दिली आहे,18.46,77.78,0,6.13
sample_01220,D:\marathi-asr\data\vistaar_benchmarks\kathbath_noisy\marathi\wavs\844424933381602-676-m.wav,या ग्रंथाचे प्रकाशन इ स १९४६ मध्ये झाले होते,लागग्रंताचे प्कारशन विश्वीसन एकोविसीचे चडीलमध्ये झाले होते,या ग्रंथाचे प्रकाशन इ स १९४६ मध्ये झाले होते,लागग्रंताचे प्कारशन विश्वीसन एकोविसीचे चडीलमध्ये झाले होते,56.82,77.78,0,6.64
sample_01221,D:\marathi-asr\data\vistaar_benchmarks\kathbath_noisy\marathi\wavs\844424933355979-1120-m.wav,ह्या हंगामामध्ये १९ शर्यती खेळवल्या गेल्या ज्यात ११ संघांच्या एकूण २४ चालकांनी सहभाग घेतला,या हंगामध्ये एकोणिशरेती केलवल्या गेल्या जात अप्ा संघाच्या एकूंचोहिस चारखांनी सहबग घेतला,ह्या हंगामामध्ये १९ शर्यती खेळवल्या गेल्या ज्यात ११ संघांच्या एकूण २४ चालकांनी सहभाग घेतला,या हंगामध्ये एकोणिशरेती केलवल्या गेल्या जात अप्ा संघाच्या एकूंचोहिस चारखांनी सहबग घेतला,33.33,85.71,0,6.97
sample_01222,D:\marathi-asr\data\vistaar_benchmarks\kathbath_noisy\marathi\wavs\844424933394006-426-m.wav,वेस्ट बँक प्रांत जॉर्डन नदीच्या पश्चिम काठावर वसला आहे,व्यज्टिगॅन्स प्राण जयाटंम्यीच्या पश्चिम काठावर वसला आहे,वेस्ट बँक प्रांत जॉर्डन नदीच्या पश्चिम काठावर वसला आहे,व्यज्टिगॅन्स प्राण जयाटंम्यीच्या पश्चिम काठावर वसला आहे,35.19,55.56,0,6.32
sample_01223,D:\marathi-asr\data\vistaar_benchmarks\kathbath_noisy\marathi\wavs\844424933355980-1120-m.wav,त्याच्या पलीकडून मुंबईआग्रा महामार्ग व धुळे शहराचे दर्शन होते,तंच्चपलिकडून मोंबई आग्रा महा मार्गबत थुडी शहराचे दर्शम,त्याच्या पलीकडून मुंबईआग्रा महामार्ग व धुळे शहराचे दर्शन होते,तंच्चपलिकडून मोंबई आग्रा महा मार्गबत थुडी शहराचे दर्शम,34.43,88.89,0,4.46
sample_01224,D:\marathi-asr\data\vistaar_benchmarks\kathbath_noisy\marathi\wavs\844424933393990-426-m.wav,कोको विषुववृत्तीय उष्ण आणि आर्द्र प्रदेशात पिकणारी वनस्पती आहे,को विश्वृत्तीय उष्ण आणि आद्र प्रदेशात पिकणारी वनस्पती आहे,कोको विषुववृत्तीय उष्ण आणि आर्द्र प्रदेशात पिकणारी वनस्पती आहे,को विश्वृत्तीय उष्ण आणि आद्र प्रदेशात पिकणारी वनस्पती आहे,11.29,33.33,0,10.63
sample_01225,D:\marathi-asr\data\vistaar_benchmarks\kathbath_noisy\marathi\wavs\844424933379946-487-m.wav,काही देशात जसे बल्गेरिया आणि रोमानिया येथे हा दिवस मातृदिन म्हणून साजरा केला जातो,चाही देशात से बल गेरिया आणि रोमनीया येते हा दिवस मात्ृती म्हणून सागर केला जातो,काही देशात जसे बल्गेरिया आणि रोमानिया येथे हा दिवस मातृदिन म्हणून साजरा केला जातो,चाही देशात से बल गेरिया आणि रोमनीया येते हा दिवस मात्ृती म्हणून सागर केला जातो,14.81,57.14,0,5.99
sample_01226,D:\marathi-asr\data\vistaar_benchmarks\kathbath_noisy\marathi\wavs\844424933394026-426-m.wav,जयेश्वर हे भारतातील महाराष्ट्र राज्यातील उत्तर कोकणातील पालघर जिल्ह्यातील जव्हार तालुक्यातील एक गाव आहे,"जयेशवर हे भारतातील माष्ट्र राज्यातील उत्तर पोकणाती , पालगर दिल्यातील जवहारतामच्यातील एक गाव आहे",जयेश्वर हे भारतातील महाराष्ट्र राज्यातील उत्तर कोकणातील पालघर जिल्ह्यातील जव्हार तालुक्यातील एक गाव आहे,जयेशवर हे भारतातील माष्ट्र राज्यातील उत्तर पोकणाती पालगर दिल्यातील जवहारतामच्यातील एक गाव आहे,14.56,50.0,0,9.57
sample_01227,D:\marathi-asr\data\vistaar_benchmarks\kathbath_noisy\marathi\wavs\844424933394840-566-m.wav,करकोचा हा पाणथळ जागेत रहाणाऱ्या पक्ष्यांचा गट असून ते दिसावयास बगळ्यासारखे असतात,करबुसा पांजळ भागेत लाणारं पक्ष्याचा झाडूसून पेवीसाव यात मगळ्ेा सातसत,करकोचा हा पाणथळ जागेत रहाणाऱ्या पक्ष्यांचा गट असून ते दिसावयास बगळ्यासारखे असतात,करबुसा पांजळ भागेत लाणारं पक्ष्याचा झाडूसून पेवीसाव यात मगळ्ेा सातसत,44.44,100.0,0,5.09
sample_01228,D:\marathi-asr\data\vistaar_benchmarks\kathbath_noisy\marathi\wavs\844424933373399-962-m.wav,पाडव्याच्या दिवशी पत्नी पतीला अंगाला उटणे आणि तेल लावते,पाज्याच्या विकचीपचकमी कसले ला अंगागा वसने आणि कीर ना ते,पाडव्याच्या दिवशी पत्नी पतीला अंगाला उटणे आणि तेल लावते,पाज्याच्या विकचीपचकमी कसले ला अंगागा वसने आणि कीर ना ते,41.82,100.0,0,4.92
sample_01229,D:\marathi-asr\data\vistaar_benchmarks\kathbath_noisy\marathi\wavs\844424933394822-566-m.wav,बोरीस्पिल आंतरराष्ट्रीय विमानतळ हा युक्रेनमधील सर्वात मोठा विमानतळ क्यीवच्या जवळच आहे,पोलिस्पी आंतरराष्ट्रीय विमा कर हायुक्रीमध्ये सर्वात मोठा विमान तळ केवीच्या गवळाच आहे,बोरीस्पिल आंतरराष्ट्रीय विमानतळ हा युक्रेनमधील सर्वात मोठा विमानतळ क्यीवच्या जवळच आहे,पोलिस्पी आंतरराष्ट्रीय विमा कर हायुक्रीमध्ये सर्वात मोठा विमान तळ केवीच्या गवळाच आहे,23.53,72.73,0,5.67
sample_01230,D:\marathi-asr\data\vistaar_benchmarks\kathbath_noisy\marathi\wavs\844424933280496-817-m.wav,कालका हे देखील येथील एक प्रमुख शहर आहे,कालका हेदेखील तेथील एक प्रमुख्शहर आहे,कालका हे देखील येथील एक प्रमुख शहर आहे,कालका हेदेखील तेथील एक प्रमुख्शहर आहे,7.89,62.5,0,5.69
sample_01231,D:\marathi-asr\data\vistaar_benchmarks\kathbath_noisy\marathi\wavs\844424933381654-676-m.wav,१९३२ मध्ये महात्मा गांधी व बाबासाहेब आंबेडकर यांच्यामध्ये पुणे करार झाला,पनिस्च पतमध्ये मातमझा वकाबत आमेटटे कोणत्यामये कत कर ?,१९३२ मध्ये महात्मा गांधी व बाबासाहेब आंबेडकर यांच्यामध्ये पुणे करार झाला,पनिस्च पतमध्ये मातमझा वकाबत आमेटटे कोणत्यामये कत कर,63.89,100.0,0,7.99
sample_01232,D:\marathi-asr\data\vistaar_benchmarks\kathbath_noisy\marathi\wavs\844424933394812-566-m.wav,या देवरांयामध्ये झाडावरचे फूलही निसर्गतःच खाली पडल्याशिवाय देवाला वाहिले जात नाही,बेअरा्यामध्ये झाडावरचू फुडेही निसर्गात्च खाली परल्या शिवाय देवाण वाहिले जात नाही,या देवरांयामध्ये झाडावरचे फूलही निसर्गतःच खाली पडल्याशिवाय देवाला वाहिले जात नाही,बेअरा्यामध्ये झाडावरचू फुडेही निसर्गात्च खाली परल्या शिवाय देवाण वाहिले जात नाही,19.75,72.73,0,5.67
sample_01233,D:\marathi-asr\data\vistaar_benchmarks\kathbath_noisy\marathi\wavs\844424933394032-426-m.wav,महाराष्ट्रात ही पूजा वैयक्तिक व सार्वजनिक रीत्याही करतात,महाराष्ट्रात ही तुला वैयक्तिक व सार्वजनिकक्रीव्याही करतात,महाराष्ट्रात ही पूजा वैयक्तिक व सार्वजनिक रीत्याही करतात,महाराष्ट्रात ही तुला वैयक्तिक व सार्वजनिकक्रीव्याही करतात,10.71,37.5,0,4.95
sample_01234,D:\marathi-asr\data\vistaar_benchmarks\kathbath_noisy\marathi\wavs\844424933280430-817-m.wav,कडापे हे भारतातील महाराष्ट्र राज्यातील मध्य कोकणातील रायगड जिल्ह्यातील माणगाव तालुक्यातील एक गाव आहे,कडापे हे भारतातील महाराष्ट्र राजच्यातीनमध्य कोहणातील रायकड जिल्लतील मांग तालुकयातील एक दा आहे,कडापे हे भारतातील महाराष्ट्र राज्यातील मध्य कोकणातील रायगड जिल्ह्यातील माणगाव तालुक्यातील एक गाव आहे,कडापे हे भारतातील महाराष्ट्र राजच्यातीनमध्य कोहणातील रायकड जिल्लतील मांग तालुकयातील एक दा आहे,15.0,57.14,0,12.7
sample_01235,D:\marathi-asr\data\vistaar_benchmarks\kathbath_noisy\marathi\wavs\844424933394886-566-m.wav,युरोपातील काही विद्यापीठांमधून त्यांनी केलेली चर्चा वादळी ठरली,एर्रो पासतिक काही विद्य वितामधून तॅन केलिली चर्चा वादीवल ठेले,युरोपातील काही विद्यापीठांमधून त्यांनी केलेली चर्चा वादळी ठरली,एर्रो पासतिक काही विद्य वितामधून तॅन केलिली चर्चा वादीवल ठेले,37.1,100.0,0,3.58
sample_01236,D:\marathi-asr\data\vistaar_benchmarks\kathbath_noisy\marathi\wavs\844424933394043-426-m.wav,यादव घराण्यातील दृढप्रहार राजाच्या काळात चांदवडला आर्थिक सुबत्ता मिळाली,याद घरण्यातील दूड प्रहा राजांच्या काळात चालवडला आर्थिक सुबत्ता मिळाली,यादव घराण्यातील दृढप्रहार राजाच्या काळात चांदवडला आर्थिक सुबत्ता मिळाली,याद घरण्यातील दूड प्रहा राजांच्या काळात चालवडला आर्थिक सुबत्ता मिळाली,12.68,66.67,0,7.27
sample_01237,D:\marathi-asr\data\vistaar_benchmarks\kathbath_noisy\marathi\wavs\844424933356009-1120-m.wav,स्वाभाविकच कोपर्निकसचे पालनपोषण सुसंस्कृत व धार्मिक वातावरणात झाले,सभवीचस उपरमि्स चे आन पुषन सहस्रृ संस्तृत्व धार्मिक वातवरणात झआली,स्वाभाविकच कोपर्निकसचे पालनपोषण सुसंस्कृत व धार्मिक वातावरणात झाले,सभवीचस उपरमि्स चे आन पुषन सहस्रृ संस्तृत्व धार्मिक वातवरणात झआली,45.45,112.5,0,5.74
sample_01238,D:\marathi-asr\data\vistaar_benchmarks\kathbath_noisy\marathi\wavs\844424933394871-566-m.wav,खोलघर हे भारताच्या महाराष्ट्र राज्यातील नंदुरबार जिल्ह्यातील नवापूर तालुक्यातील एक गाव आहे,कोल्य हे भारताचय माष्ट्या हे ्े ते मिंबवर दुधतीना कुड ताले किती कदावे ?,खोलघर हे भारताच्या महाराष्ट्र राज्यातील नंदुरबार जिल्ह्यातील नवापूर तालुक्यातील एक गाव आहे,कोल्य हे भारताचय माष्ट्या हे ्े ते मिंबवर दुधतीना कुड ताले किती कदावे,55.56,100.0,0,4.62
sample_01239,D:\marathi-asr\data\vistaar_benchmarks\kathbath_noisy\marathi\wavs\844424933394024-426-m.wav,उदयगिरीचा किल्ला भारताच्या तमिळनाडू राज्यातील कन्याकुमारी जिल्ह्यात असलेला एक किल्ला आहे,उभयैगिरीचा तिलला भारताच्या तामीळ नाव लाज्याती कनन्यागुमारी झिल्यात असलेला एक किला आहे,उदयगिरीचा किल्ला भारताच्या तमिळनाडू राज्यातील कन्याकुमारी जिल्ह्यात असलेला एक किल्ला आहे,उभयैगिरीचा तिलला भारताच्या तामीळ नाव लाज्याती कनन्यागुमारी झिल्यात असलेला एक किला आहे,20.45,72.73,0,7.57
sample_01240,D:\marathi-asr\data\vistaar_benchmarks\kathbath_noisy\marathi\wavs\844424933373427-962-m.wav,पुरुष साक्षरता ८९४८ आहे तर स्त्री साक्षरता ८३५७ आहे,पुरस्सा्शरता आडजलासेाठेशाहीस आहेत तस ते सं्शता आरजरती वशीसब्तय आहे,पुरुष साक्षरता ८९४८ आहे तर स्त्री साक्षरता ८३५७ आहे,पुरस्सा्शरता आडजलासेाठेशाहीस आहेत तस ते सं्शता आरजरती वशीसब्तय आहे,84.31,88.89,0,6.87
sample_01241,D:\marathi-asr\data\vistaar_benchmarks\kathbath_noisy\marathi\wavs\844424933280443-817-m.wav,हे कालामा अशा तत्वां चा सर्वथा त्याग करा,एकाला माशात त्वांचा सर्वदार द्याय करा,हे कालामा अशा तत्वां चा सर्वथा त्याग करा,एकाला माशात त्वांचा सर्वदार द्याय करा,32.5,87.5,0,3.74
sample_01242,D:\marathi-asr\data\vistaar_benchmarks\kathbath_noisy\marathi\wavs\844424933381619-676-m.wav,त्या प्रमाणात जातिवंत रोपांची शास्त्रीयादृष्ट्या निपज मोठ्या प्रमाणात होत नाही,्या प्रमाणात ज्यातीवंत लोकांची शास्त्रीया दृष्ट्या निपत मोठ्या प्रमाणात होत नाही,त्या प्रमाणात जातिवंत रोपांची शास्त्रीयादृष्ट्या निपज मोठ्या प्रमाणात होत नाही,्या प्रमाणात ज्यातीवंत लोकांची शास्त्रीया दृष्ट्या निपत मोठ्या प्रमाणात होत नाही,10.26,60.0,0,10.03
sample_01243,D:\marathi-asr\data\vistaar_benchmarks\kathbath_noisy\marathi\wavs\844424933355985-1120-m.wav,आधुनिक काळात विमानाचा शोध हे शिवकर बापूजी तळफदे यांनी साल १८९५ मध्ये लावला,आधुनिक काळात विवाणाच्या शोध हे शिवकर बापूजी टडफडे यांनीसाल अठराशी पंचानमध्ये लावला,आधुनिक काळात विमानाचा शोध हे शिवकर बापूजी तळफदे यांनी साल १८९५ मध्ये लावला,आधुनिक काळात विवाणाच्या शोध हे शिवकर बापूजी टडफडे यांनीसाल अठराशी पंचानमध्ये लावला,25.68,46.15,0,7.11
sample_01244,D:\marathi-asr\data\vistaar_benchmarks\kathbath_noisy\marathi\wavs\844424933381630-676-m.wav,यावरून राज सोनियाला पूर्वी पासून ओळखत असावा असा संकेत इतरांना मिळतो,यावर ूदात सोन्याला पूर्वीपासून आषक असावा असा संख्त पित्रांना मिळतो,यावरून राज सोनियाला पूर्वी पासून ओळखत असावा असा संकेत इतरांना मिळतो,यावर ूदात सोन्याला पूर्वीपासून आषक असावा असा संख्त पित्रांना मिळतो,23.88,72.73,0,7.71
sample_01245,D:\marathi-asr\data\vistaar_benchmarks\kathbath_noisy\marathi\wavs\844424933394810-566-m.wav,या ब्रिगेडची रचना दुसऱ्या महायुद्धादरम्यान ऑक्टोबर १९४१ मध्ये झाली,यरीन्िक्ती रचना दुस्या माहिउत्त दरण्यानापम रितना शेकतीचा विष मध्ये झाली,या ब्रिगेडची रचना दुसऱ्या महायुद्धादरम्यान ऑक्टोबर १९४१ मध्ये झाली,यरीन्िक्ती रचना दुस्या माहिउत्त दरण्यानापम रितना शेकतीचा विष मध्ये झाली,56.72,88.89,0,4.74
sample_01246,D:\marathi-asr\data\vistaar_benchmarks\kathbath_noisy\marathi\wavs\844424933373472-962-m.wav,देशातील सर्वाधिक लोकसंख्या असलेल्या या जिल्ह्यात एक लाखांपेक्षा अधिक व्यक्ती राहतात,देशातील सर्वाधिक लक्सर ्य असलेलया याजिल्यात एक ला कांपेक्षा अधिक व्यकती राहतात,देशातील सर्वाधिक लोकसंख्या असलेल्या या जिल्ह्यात एक लाखांपेक्षा अधिक व्यक्ती राहतात,देशातील सर्वाधिक लक्सर ्य असलेलया याजिल्यात एक ला कांपेक्षा अधिक व्यकती राहतात,14.46,63.64,0,5.69
sample_01247,D:\marathi-asr\data\vistaar_benchmarks\kathbath_noisy\marathi\wavs\844424933394017-426-m.wav,मात्र यावेळेस घाबरून ती स्वतः न जाता आपल्या एका दासीला व्यासांकडे पाठविते,मात्र यावेळेस गाबरून ती स्वतानन जाता आपल्या एकर जासीला व्यासाकडे पाठवते,मात्र यावेळेस घाबरून ती स्वतः न जाता आपल्या एका दासीला व्यासांकडे पाठविते,मात्र यावेळेस गाबरून ती स्वतानन जाता आपल्या एकर जासीला व्यासाकडे पाठवते,9.59,58.33,0,8.1
sample_01248,D:\marathi-asr\data\vistaar_benchmarks\kathbath_noisy\marathi\wavs\844424933356001-1120-m.wav,गोविंदा यांचा देशात खूप मोठा चाहता वर्ग आहे,मोहिंदा यांच्या देशात खूप मोठा चहाचा वर क आय,गोविंदा यांचा देशात खूप मोठा चाहता वर्ग आहे,मोहिंदा यांच्या देशात खूप मोठा चहाचा वर क आय,25.58,75.0,0,3.18
sample_01249,D:\marathi-asr\data\vistaar_benchmarks\kathbath_noisy\marathi\wavs\844424933394815-566-m.wav,त्याच्या आठ पाकळ्यात आठ दिवे लावावेत आणि हा दिवा देवाला अर्पण करावा असे सांगितले आहे,एकचा आत पाकडेता बिय लाट आणि हा बिवा दिवावापन्ण कराव्यअसू साहिता आहे,त्याच्या आठ पाकळ्यात आठ दिवे लावावेत आणि हा दिवा देवाला अर्पण करावा असे सांगितले आहे,एकचा आत पाकडेता बिय लाट आणि हा बिवा दिवावापन्ण कराव्यअसू साहिता आहे,42.86,80.0,0,4.95
sample_01250,D:\marathi-asr\data\vistaar_benchmarks\kathbath_noisy\marathi\wavs\844424933373382-962-m.wav,त्यात प्रशिक्षक पदुम बोरो यांनी तिची निवड केली,त्ॅक प्र शिक्षक पादुन बोरोन याणितीची निवडतील,त्यात प्रशिक्षक पदुम बोरो यांनी तिची निवड केली,त्ॅक प्र शिक्षक पादुन बोरोन याणितीची निवडतील,34.78,100.0,0,4.41
sample_01251,D:\marathi-asr\data\vistaar_benchmarks\kathbath_noisy\marathi\wavs\844424933356004-1120-m.wav,आधुनिक महाराष्ट्राचे शिल्पकार महाराष्ट्रातील हरितक्रांतीचे जनक वसंतराव नाईक यांच्या पासून पुसदमध्ये या कुटुंबाचा प्रभाव आहे,आधुनिक महाराष्ट्राचे शिल्पकार भाराष्ट्रच रितकांत्यांचे जना वसंत्रव माहित यांच्यापासून पुसतमध्ये या कुटुंबांचा पराबो आहे,आधुनिक महाराष्ट्राचे शिल्पकार महाराष्ट्रातील हरितक्रांतीचे जनक वसंतराव नाईक यांच्या पासून पुसदमध्ये या कुटुंबाचा प्रभाव आहे,आधुनिक महाराष्ट्राचे शिल्पकार भाराष्ट्रच रितकांत्यांचे जना वसंत्रव माहित यांच्यापासून पुसतमध्ये या कुटुंबांचा पराबो आहे,21.95,66.67,0,9.15
sample_01252,D:\marathi-asr\data\vistaar_benchmarks\kathbath_noisy\marathi\wavs\844424933394878-566-m.wav,सांस्कृतिक क्षेत्रात मात्र मेहकरात मोठी पोकळी निर्माण झाली होती,सारां्स्वितीक क्षेत्रात मात्रमहीकरात मोठी कोठणी विरमाण झाले होते,सांस्कृतिक क्षेत्रात मात्र मेहकरात मोठी पोकळी निर्माण झाली होती,सारां्स्वितीक क्षेत्रात मात्रमहीकरात मोठी कोठणी विरमाण झाले होते,25.4,77.78,0,4.16
sample_01253,D:\marathi-asr\data\vistaar_benchmarks\kathbath_noisy\marathi\wavs\844424933356007-1120-m.wav,काळिंजे हे भारतातील महाराष्ट्र राज्यातील मध्य कोकणातील रायगड जिल्ह्यातील श्रीवर्धन तालुक्यातील एक गाव आहे,काळींजी भारतातील माष्राजयतील मध्ये कोकनतील डायकेड जिल्यतील किरीवर्दनताल केकले जावय,काळिंजे हे भारतातील महाराष्ट्र राज्यातील मध्य कोकणातील रायगड जिल्ह्यातील श्रीवर्धन तालुक्यातील एक गाव आहे,काळींजी भारतातील माष्राजयतील मध्ये कोकनतील डायकेड जिल्यतील किरीवर्दनताल केकले जावय,39.05,92.86,0,7.11
sample_01254,D:\marathi-asr\data\vistaar_benchmarks\kathbath_noisy\marathi\wavs\844424933355969-1120-m.wav,अकादमीच्या प्रशिक्षण संचालक पदी रॉड मार्श यांची निवड केली गेली आहे,कादमीच्या प्रशूक्षण संचलक पधी रॉड बार्श्यांचे निवड केले गिगल्आा,अकादमीच्या प्रशिक्षण संचालक पदी रॉड मार्श यांची निवड केली गेली आहे,कादमीच्या प्रशूक्षण संचलक पधी रॉड बार्श्यांचे निवड केले गिगल्आा,21.21,81.82,0,5.8
sample_01255,D:\marathi-asr\data\vistaar_benchmarks\kathbath_noisy\marathi\wavs\844424933373388-962-m.wav,नारायणपूर हा भारताच्या छत्तीसगढ राज्यामधील एक जिल्हा आहे,नारायनपूर्हा भारताच्या छक्तीतले पायज्यामद्यतिक किल्ल आहे,नारायणपूर हा भारताच्या छत्तीसगढ राज्यामधील एक जिल्हा आहे,नारायनपूर्हा भारताच्या छक्तीतले पायज्यामद्यतिक किल्ल आहे,28.57,75.0,0,5.06
sample_01256,D:\marathi-asr\data\vistaar_benchmarks\kathbath_noisy\marathi\wavs\844424933373452-962-m.wav,तर्कापेक्षा तत्त्वाला आणि धनापेक्षा धर्माला प्रतिष्ठा असेल असा समाज स्वाध्यायींना बनवायचा आहे,रापेक्षा त्त्वाला आणि धेन्ापेक्षा धर्माला प्र्यिष्ट असेल असा समास्वा देहिंन बनवायचा आहे,तर्कापेक्षा तत्त्वाला आणि धनापेक्षा धर्माला प्रतिष्ठा असेल असा समाज स्वाध्यायींना बनवायचा आहे,रापेक्षा त्त्वाला आणि धेन्ापेक्षा धर्माला प्र्यिष्ट असेल असा समास्वा देहिंन बनवायचा आहे,20.43,50.0,0,6.22
sample_01257,D:\marathi-asr\data\vistaar_benchmarks\kathbath_noisy\marathi\wavs\844424933394860-566-m.wav,शीतयुद्ध समाप्त करण्यात व कोलची अत्यंत महत्त्वपूर्ण भुमिका होती,चेत वुद्येशामात्ये करण्यात पोईची या तिंत महत्व पून्हा भूमिगावते,शीतयुद्ध समाप्त करण्यात व कोलची अत्यंत महत्त्वपूर्ण भुमिका होती,चेत वुद्येशामात्ये करण्यात पोईची या तिंत महत्व पून्हा भूमिगावते,50.79,88.89,0,4.27
sample_01258,D:\marathi-asr\data\vistaar_benchmarks\kathbath_noisy\marathi\wavs\844424933381634-676-m.wav,त्यांतील एकाहून अधिक नावे असलेल्या रस्त्यांची ही जंत्री,बकतील एकाहून अधिक नावे असलेल्या रस्त्यांची शी जानते,त्यांतील एकाहून अधिक नावे असलेल्या रस्त्यांची ही जंत्री,बकतील एकाहून अधिक नावे असलेल्या रस्त्यांची शी जानते,20.0,37.5,0,5.76
sample_01259,D:\marathi-asr\data\vistaar_benchmarks\kathbath_noisy\marathi\wavs\844424933355994-1120-m.wav,यादव आणि डॉ राजेश वत्स आदी आघाडीच्या शास्त्रज्ञ विद्यार्थ्यांना मार्गदर्शन करण्यासाठी कॉलेजांना भेटी देतात,यादो आणि डॉक्ट राजेस्व आणिवागडीच्या शास्त्रत्य वितर्त्यंना मार्गदरशण करण्यासाठी कॉलिजांन भेट देतात,यादव आणि डॉ राजेश वत्स आदी आघाडीच्या शास्त्रज्ञ विद्यार्थ्यांना मार्गदर्शन करण्यासाठी कॉलेजांना भेटी देतात,यादो आणि डॉक्ट राजेस्व आणिवागडीच्या शास्त्रत्य वितर्त्यंना मार्गदरशण करण्यासाठी कॉलिजांन भेट देतात,26.42,78.57,0,7.59
sample_01260,D:\marathi-asr\data\vistaar_benchmarks\kathbath_noisy\marathi\wavs\844424933394824-566-m.wav,त्याचे क्रीडांगण सुमारे ९० फूट लांब बाय ११ फूट रुंद या आकारमानाचे असते,तिकीलिड्या बांसुमार्य अनोबत तुटला बाहयाका पूठूंडे या तामाण्याचे असते,त्याचे क्रीडांगण सुमारे ९० फूट लांब बाय ११ फूट रुंद या आकारमानाचे असते,तिकीलिड्या बांसुमार्य अनोबत तुटला बाहयाका पूठूंडे या तामाण्याचे असते,61.43,84.62,0,4.95
sample_01261,D:\marathi-asr\data\vistaar_benchmarks\kathbath_noisy\marathi\wavs\844424933379949-487-m.wav,सिम्पसन्स ह्या कार्टून मालिकेमध्ये तिने दिलेल्या आवाजासाठी त्यांना एमी पुरस्कार मिळाला होता,किंफसंटस या चारतून मालिकेमध्ये तीने दिलेल्या आवजासाठी त्यांना एमीप्रस्टर मिळार होत,सिम्पसन्स ह्या कार्टून मालिकेमध्ये तिने दिलेल्या आवाजासाठी त्यांना एमी पुरस्कार मिळाला होता,किंफसंटस या चारतून मालिकेमध्ये तीने दिलेल्या आवजासाठी त्यांना एमीप्रस्टर मिळार होत,21.98,75.0,0,7.01
sample_01262,D:\marathi-asr\data\vistaar_benchmarks\kathbath_noisy\marathi\wavs\844424933373400-962-m.wav,वान हे तुर्कस्तानमधील सर्वात मोठे सरोवर ह्या प्रांताच्या पश्चिमेस स्थित आहे,वा हेतर कस्तांमध्ये सर्वात मोठी सर्वर हा प्रात्याच्या पैची स्टित आहे,वान हे तुर्कस्तानमधील सर्वात मोठे सरोवर ह्या प्रांताच्या पश्चिमेस स्थित आहे,वा हेतर कस्तांमध्ये सर्वात मोठी सर्वर हा प्रात्याच्या पैची स्टित आहे,29.33,81.82,0,6.76
sample_01263,D:\marathi-asr\data\vistaar_benchmarks\kathbath_noisy\marathi\wavs\844424933355997-1120-m.wav,कोलंबिया जिल्हा मागे घेतल्यामुळे शहराचे एकूण क्षेत्रफळ ६८३४ चौरस मैल १७७० चौ,अलंब्या झिल्ला मागे घेतल्यामुळे शहराची एकून क्षेत्रपळ साजार आक्षचोौतीस्तौरसनेल सत्राशे सत्तरचो,कोलंबिया जिल्हा मागे घेतल्यामुळे शहराचे एकूण क्षेत्रफळ ६८३४ चौरस मैल १७७० चौ,अलंब्या झिल्ला मागे घेतल्यामुळे शहराची एकून क्षेत्रपळ साजार आक्षचोौतीस्तौरसनेल सत्राशे सत्तरचो,52.63,83.33,0,8.8
sample_01264,D:\marathi-asr\data\vistaar_benchmarks\kathbath_noisy\marathi\wavs\844424933394035-426-m.wav,मालदिवमध्ये एक बेट आणि त्यावर एक रिसॉर्ट आहे,मालतीवमध्ये एक बेठ आणे त्यावर एक रिसॉनट आहे,मालदिवमध्ये एक बेट आणि त्यावर एक रिसॉर्ट आहे,मालतीवमध्ये एक बेठ आणे त्यावर एक रिसॉनट आहे,13.64,50.0,0,4.57
sample_01265,D:\marathi-asr\data\vistaar_benchmarks\kathbath_noisy\marathi\wavs\844424933394817-566-m.wav,चे गेव्हारा याचा जन्म १४ जून १९२८ रोजी दक्षिण अमेरिकेतील अर्जेन्टिनामध्ये देशात झाला,"प नरनांपनाम सुर तनिकना सरक्ठा सुवेधी देक्षाणावेळेल त्राजील,तीनामध्धे प्सनजाता",चे गेव्हारा याचा जन्म १४ जून १९२८ रोजी दक्षिण अमेरिकेतील अर्जेन्टिनामध्ये देशात झाला,प नरनांपनाम सुर तनिकना सरक्ठा सुवेधी देक्षाणावेळेल त्राजील तीनामध्धे प्सनजाता,70.24,100.0,0,6.04
sample_01266,D:\marathi-asr\data\vistaar_benchmarks\kathbath_noisy\marathi\wavs\844424933379992-487-m.wav,शक्तिशाली मयासुराने सोने चांदी आणि लोखंड यांची तीन नगरे निर्माण केली,चक्तीच्ाली महयासुराने सोने चांली आणि लोकं याची तीन नगरी निर्माण केली,शक्तिशाली मयासुराने सोने चांदी आणि लोखंड यांची तीन नगरे निर्माण केली,चक्तीच्ाली महयासुराने सोने चांली आणि लोकं याची तीन नगरी निर्माण केली,14.71,54.55,0,6.2
sample_01267,D:\marathi-asr\data\vistaar_benchmarks\kathbath_noisy\marathi\wavs\844424933379916-487-m.wav,रिगोबेर्ट सॉंग बहानाग १ जुलै इ स १९७६ हा कडून आंतरराष्ट्रीय फुटबॉल खेळलेला खेळाडू आहे,रिगोबेट साम बहानान एकजिलेइस विसन एकोणिशी ्छषातर हा करडून ंतराष्ट्रीय ूरूभल केलेल्ा केडट व्ये,रिगोबेर्ट सॉंग बहानाग १ जुलै इ स १९७६ हा कडून आंतरराष्ट्रीय फुटबॉल खेळलेला खेळाडू आहे,रिगोबेट साम बहानान एकजिलेइस विसन एकोणिशी ्छषातर हा करडून ंतराष्ट्रीय ूरूभल केलेल्ा केडट व्ये,55.29,93.33,0,6.85
sample_01268,D:\marathi-asr\data\vistaar_benchmarks\kathbath_noisy\marathi\wavs\844424933394876-566-m.wav,मरणोपरान्त जीवनगौरव पुरस्कार हमीद दलवाई यांना अमेरिकेतील महाराष्ट्र फाऊंडेशनने २०१७ सालच्या जानेवारीमध्ये जीवनगौरव पुरस्कार दिला,मल्नफराजेयररशुल्ता आणि जरर याया आविजेची मारटपमाहेशनी जोण्या सप्रासाखीची आणणारी मजीअरूर उपुलता येला,मरणोपरान्त जीवनगौरव पुरस्कार हमीद दलवाई यांना अमेरिकेतील महाराष्ट्र फाऊंडेशनने २०१७ सालच्या जानेवारीमध्ये जीवनगौरव पुरस्कार दिला,मल्नफराजेयररशुल्ता आणि जरर याया आविजेची मारटपमाहेशनी जोण्या सप्रासाखीची आणणारी मजीअरूर उपुलता येला,68.75,100.0,0,9.36
sample_01269,D:\marathi-asr\data\vistaar_benchmarks\kathbath_noisy\marathi\wavs\844424933381588-676-m.wav,३१०० वर्षे जुने असलेले शिआन शहर प्राचीन चीनच्या चार राजधान्यांपैकी एक गणले जाते,वेकतिशेवरशे जुने असेले शियान शर क्राचिंचींच् चार रा यान्यांपैकी एक बनली जाते,३१०० वर्षे जुने असलेले शिआन शहर प्राचीन चीनच्या चार राजधान्यांपैकी एक गणले जाते,वेकतिशेवरशे जुने असेले शियान शर क्राचिंचींच् चार रा यान्यांपैकी एक बनली जाते,31.65,76.92,0,8.08
sample_01270,D:\marathi-asr\data\vistaar_benchmarks\kathbath_noisy\marathi\wavs\844424933373404-962-m.wav,तसेच मक्रध्वजाचे मंदिर हे केवळ एकमेव मंदिर महाराष्ट्रामध्ये चिंचवण येथे आहे,तसेसम कर्जाचज्याचमंदीर हएकव एक विळवांनी मार स्टामंदीची स्वन यते आहे,तसेच मक्रध्वजाचे मंदिर हे केवळ एकमेव मंदिर महाराष्ट्रामध्ये चिंचवण येथे आहे,तसेसम कर्जाचज्याचमंदीर हएकव एक विळवांनी मार स्टामंदीची स्वन यते आहे,56.0,90.91,0,6.32
sample_01271,D:\marathi-asr\data\vistaar_benchmarks\kathbath_noisy\marathi\wavs\844424933356030-1120-m.wav,त्यांचा जन्म मराठवाड्यातील नेकनूर जि बीड या गावी झाला,्यंच्याच्यानमा मारा ठड्यातील नेकमूट जी.बी यादावी झाला,त्यांचा जन्म मराठवाड्यातील नेकनूर जि बीड या गावी झाला,्यंच्याच्यानमा मारा ठड्यातील नेकमूट जी बी यादावी झाला,37.74,88.89,0,4.48
sample_01272,D:\marathi-asr\data\vistaar_benchmarks\kathbath_noisy\marathi\wavs\844424933379969-487-m.wav,जर याचे प्रमाण जास्त झाले तर नलिकेत अजून जास्ती कफ होतो व सर्दी होते,जर याचे प्रमाण जास्त झालेत कराली केत अजून जास्ती का पोत व सरदी होते,जर याचे प्रमाण जास्त झाले तर नलिकेत अजून जास्ती कफ होतो व सर्दी होते,जर याचे प्रमाण जास्त झालेत कराली केत अजून जास्ती का पोत व सरदी होते,14.71,42.86,0,5.62
sample_01273,D:\marathi-asr\data\vistaar_benchmarks\kathbath_noisy\marathi\wavs\844424933394046-426-m.wav,तिला ५० हून अधिक मानद पदवी आणि पुरस्कार मिळाले,तीला पन्नाशन अधिक मानत पधवी आणि तुरस्कर मिळाले,तिला ५० हून अधिक मानद पदवी आणि पुरस्कार मिळाले,तीला पन्नाशन अधिक मानत पधवी आणि तुरस्कर मिळाले,23.91,66.67,0,5.43
sample_01274,D:\marathi-asr\data\vistaar_benchmarks\kathbath_noisy\marathi\wavs\844424933373397-962-m.wav,त्याची वार्षिक वर्गणी १२ रुपये होती व ते शीला छापखाण्यात छापले जात असे,त्याची वार्षकवर जणे बारा रुपेहोती बतेशीलाच्या खण्यात छाकले जात असे,त्याची वार्षिक वर्गणी १२ रुपये होती व ते शीला छापखाण्यात छापले जात असे,त्याची वार्षकवर जणे बारा रुपेहोती बतेशीलाच्या खण्यात छाकले जात असे,28.57,76.92,0,6.2
sample_01275,D:\marathi-asr\data\vistaar_benchmarks\kathbath_noisy\marathi\wavs\844424933379912-487-m.wav,परंतु काही वर्षांपासुन या पक्ष्यांची संख्याच न उरल्याने स्थलांतर होत नाहि,परंतुकाही वर्षापासून ्या पक्षाची संख्याच ना उडलेलेय स्थलांतर होत नाही,परंतु काही वर्षांपासुन या पक्ष्यांची संख्याच न उरल्याने स्थलांतर होत नाहि,परंतुकाही वर्षापासून ्या पक्षाची संख्याच ना उडलेलेय स्थलांतर होत नाही,20.55,72.73,0,5.6
sample_01276,D:\marathi-asr\data\vistaar_benchmarks\kathbath_noisy\marathi\wavs\844424933373463-962-m.wav,बलिदानाचा घोडा पांढरा आणि काळे चट्टे असणारा आवश्यक आहे,बडिदालाचा गोळा कांटरा अनिक काढीसाठी असणाल आवश्यक आहे,बलिदानाचा घोडा पांढरा आणि काळे चट्टे असणारा आवश्यक आहे,बडिदालाचा गोळा कांटरा अनिक काढीसाठी असणाल आवश्यक आहे,35.19,77.78,0,3.95
sample_01277,D:\marathi-asr\data\vistaar_benchmarks\kathbath_noisy\marathi\wavs\844424933394882-566-m.wav,कारण संस्कृतमध्ये कल्कि शब्दाचा अर्थ घोडा असा होतो,आरसहस मध्ये कल्कीशमब्येचा अर्थ गोळा असाहोतो,कारण संस्कृतमध्ये कल्कि शब्दाचा अर्थ घोडा असा होतो,आरसहस मध्ये कल्कीशमब्येचा अर्थ गोळा असाहोतो,34.0,87.5,0,3.32
sample_01278,D:\marathi-asr\data\vistaar_benchmarks\kathbath_noisy\marathi\wavs\844424933356003-1120-m.wav,या जोडीनी पिंपळाचे झाडगेंड्यासारखा दिसणारा पशु कुबड असलेला बैल यांच्याही मृत्तिका प्रतिमा सापडल्या आहेत,याजुडीमी किंपळाचे झाट गेंड्या सारखार दिसणारा सु पक्षू उघडअसलेल्या बेल यांच्ाही वितिका पत्रिक सापडल्या आहे,या जोडीनी पिंपळाचे झाडगेंड्यासारखा दिसणारा पशु कुबड असलेला बैल यांच्याही मृत्तिका प्रतिमा सापडल्या आहेत,याजुडीमी किंपळाचे झाट गेंड्या सारखार दिसणारा सु पक्षू उघडअसलेल्या बेल यांच्ाही वितिका पत्रिक सापडल्या आहे,29.13,92.86,0,8.61
sample_01279,D:\marathi-asr\data\vistaar_benchmarks\kathbath_noisy\marathi\wavs\844424933394849-566-m.wav,राष्ट्रीय महामार्ग १ सी हा भारतातील एक छोटा राष्ट्रीय महामार्ग आहे,रष्ट्रीयमा मालवरेक्सही हा भारतातील एक छूरटरा रा्ट्रीय मामानत आहे,राष्ट्रीय महामार्ग १ सी हा भारतातील एक छोटा राष्ट्रीय महामार्ग आहे,रष्ट्रीयमा मालवरेक्सही हा भारतातील एक छूरटरा रा्ट्रीय मामानत आहे,28.79,63.64,0,4.41
sample_01280,D:\marathi-asr\data\vistaar_benchmarks\kathbath_noisy\marathi\wavs\844424933394863-566-m.wav,त्यामुळे वेबसाईट असो किंवा डॉक्युमेंटेशन त्यासाठी आमच्या या अनुभवाचा सर्वांना फायदाच होणार आहे,एब विकसायत सू श्य डोकपमी देशीम पसत यांचे वलूवाचे सरवाना फायदा सोमा,त्यामुळे वेबसाईट असो किंवा डॉक्युमेंटेशन त्यासाठी आमच्या या अनुभवाचा सर्वांना फायदाच होणार आहे,एब विकसायत सू श्य डोकपमी देशीम पसत यांचे वलूवाचे सरवाना फायदा सोमा,60.64,100.0,0,5.13
sample_01281,D:\marathi-asr\data\vistaar_benchmarks\kathbath_noisy\marathi\wavs\844424933394826-566-m.wav,अपस्माराला दडपण्यासाठी भगवान शंकराने नटराज हा अवतार धारण केला,कापसमारा दर पाडण्यासाठी बगवन शंकरन आणि मटरा सा उतर दारण केला,अपस्माराला दडपण्यासाठी भगवान शंकराने नटराज हा अवतार धारण केला,कापसमारा दर पाडण्यासाठी बगवन शंकरन आणि मटरा सा उतर दारण केला,37.7,111.11,0,4.32
sample_01282,D:\marathi-asr\data\vistaar_benchmarks\kathbath_noisy\marathi\wavs\844424933280456-817-m.wav,डिजिटल माध्यमांमध्ये आज मनसेच्या राजकारणाचा तरुण भाष्यकार अशी त्याची ओळख निर्माण झाली आहे,डिजिटल माध्यमामध्ये आज म्हणसेच्या राजकाराचा तरून पाचशकार अशुध्यांची ओळख निर्माण झाली आहे,डिजिटल माध्यमांमध्ये आज मनसेच्या राजकारणाचा तरुण भाष्यकार अशी त्याची ओळख निर्माण झाली आहे,डिजिटल माध्यमामध्ये आज म्हणसेच्या राजकाराचा तरून पाचशकार अशुध्यांची ओळख निर्माण झाली आहे,16.85,53.85,0,7.45
sample_01283,D:\marathi-asr\data\vistaar_benchmarks\kathbath_noisy\marathi\wavs\844424933355963-1120-m.wav,मेन हे अमेरिकेच्या ईशान्येकडील न्यू इंग्लंड प्रदेशामधील एक राज्य आहे,मेन हे अमेरिकेच्या इशानेकडील न्यइंलियन परंशामधील एक राज आहे,मेन हे अमेरिकेच्या ईशान्येकडील न्यू इंग्लंड प्रदेशामधील एक राज्य आहे,मेन हे अमेरिकेच्या इशानेकडील न्यइंलियन परंशामधील एक राज आहे,22.06,50.0,0,5.83
sample_01284,D:\marathi-asr\data\vistaar_benchmarks\kathbath_noisy\marathi\wavs\844424933381593-676-m.wav,रंगकाम पद्धतीच्या सुरुवातीच्या काळात धार्मिक अनुयायांचा मोठा प्रभाव होता उदा,रंगकाम पद्तीच्या सुरुवातीच्या काळात धार्बीक नुययांचा मोठा प्रभावोतादा,रंगकाम पद्धतीच्या सुरुवातीच्या काळात धार्मिक अनुयायांचा मोठा प्रभाव होता उदा,रंगकाम पद्तीच्या सुरुवातीच्या काळात धार्बीक नुययांचा मोठा प्रभावोतादा,11.84,60.0,0,7.78
sample_01285,D:\marathi-asr\data\vistaar_benchmarks\kathbath_noisy\marathi\wavs\844424933355965-1120-m.wav,दुसऱ्या कार्यकाळाच्या मुदतीतच ६ डिसेंबर १९५६ रोजी त्यांचे निधन झाले,दुस्या कार्य कारडाच्या मुदतीच साडीचं बरी पून शीचछा पांदोजीस त्यांची निदन झाले,दुसऱ्या कार्यकाळाच्या मुदतीतच ६ डिसेंबर १९५६ रोजी त्यांचे निधन झाले,दुस्या कार्य कारडाच्या मुदतीच साडीचं बरी पून शीचछा पांदोजीस त्यांची निदन झाले,42.65,110.0,0,5.46
sample_01286,D:\marathi-asr\data\vistaar_benchmarks\kathbath_noisy\marathi\wavs\844424933394005-426-m.wav,ललितकलादर्शने या नाटकाला यश मिळवून दिले आणि ते चार वर्षे रंगभूमीवर गाजत राहिले,नलितकला दर्शने यानातकाला यश मिळून दिले आणि तेचार वर्ष रंगभूमीवर गादत राहिले,ललितकलादर्शने या नाटकाला यश मिळवून दिले आणि ते चार वर्षे रंगभूमीवर गाजत राहिले,नलितकला दर्शने यानातकाला यश मिळून दिले आणि तेचार वर्ष रंगभूमीवर गादत राहिले,10.26,61.54,0,8.82
sample_01287,D:\marathi-asr\data\vistaar_benchmarks\kathbath_noisy\marathi\wavs\844424933280488-817-m.wav,नायजेरिया हॉकी संघ आंतरराष्ट्रीय हॉकी स्पर्धांमध्ये नायजेरियाचे प्रतिनिधित्व करणारा संघ आहे,नजेरच्या हफी सांग आंतरराष्ट्रीय आकी स्पर्धेमध्ये नारजरियाची प्रतिनिधित्व करणारा संग आहे,नायजेरिया हॉकी संघ आंतरराष्ट्रीय हॉकी स्पर्धांमध्ये नायजेरियाचे प्रतिनिधित्व करणारा संघ आहे,नजेरच्या हफी सांग आंतरराष्ट्रीय आकी स्पर्धेमध्ये नारजरियाची प्रतिनिधित्व करणारा संग आहे,17.58,63.64,0,10.05
sample_01288,D:\marathi-asr\data\vistaar_benchmarks\kathbath_noisy\marathi\wavs\844424933379966-487-m.wav,त्यांच्या बहुतेक भूमिका सामाजिक आशय असलेल्या कथेवर आधारलेल्या चित्रपटनाटकांतच आहेत,त्यांच्या बौुधिक भुमिका सामाजिक आशे असलेल्या कतेवर आधारकेल्या चित्रपठ नाटगाद आहे,त्यांच्या बहुतेक भूमिका सामाजिक आशय असलेल्या कथेवर आधारलेल्या चित्रपटनाटकांतच आहेत,त्यांच्या बौुधिक भुमिका सामाजिक आशे असलेल्या कतेवर आधारकेल्या चित्रपठ नाटगाद आहे,17.07,80.0,0,8.75
sample_01289,D:\marathi-asr\data\vistaar_benchmarks\kathbath_noisy\marathi\wavs\844424933379934-487-m.wav,हा समूह सिंधच्या काही भागात कमीतीव्रतेच्या बॉम्बस्फोटांना जबाबदार आहे,हा समु सिंदधाच्या काही भागात कमीतीव्ृरतेच्या बाणँड स पोटानाचे ऑपदार आहे,हा समूह सिंधच्या काही भागात कमीतीव्रतेच्या बॉम्बस्फोटांना जबाबदार आहे,हा समु सिंदधाच्या काही भागात कमीतीव्ृरतेच्या बाणँड स पोटानाचे ऑपदार आहे,26.09,77.78,0,5.71
sample_01290,D:\marathi-asr\data\vistaar_benchmarks\kathbath_noisy\marathi\wavs\844424933381590-676-m.wav,मुलांना रोज निराळा सकस पौष्टिक आहार दिला जातो,मुलांना रोजने झाडा ततत छोरी त आहार दिलाल,मुलांना रोज निराळा सकस पौष्टिक आहार दिला जातो,मुलांना रोजने झाडा ततत छोरी त आहार दिलाल,44.44,87.5,0,5.15
sample_01291,D:\marathi-asr\data\vistaar_benchmarks\kathbath_noisy\marathi\wavs\844424933381643-676-m.wav,सरस्वती वाचनालय हे येथील शंभर वर्षे पूर्ण झालेली प्रसिद्ध संस्था आहे,चार स्त्वतींवाचनाला करे एक कामबर वर्फेट्रेडीन डा लेक्डेट्लसिक दसमिकता,सरस्वती वाचनालय हे येथील शंभर वर्षे पूर्ण झालेली प्रसिद्ध संस्था आहे,चार स्त्वतींवाचनाला करे एक कामबर वर्फेट्रेडीन डा लेक्डेट्लसिक दसमिकता,67.65,100.0,0,6.5
sample_01292,D:\marathi-asr\data\vistaar_benchmarks\kathbath_noisy\marathi\wavs\844424933280470-817-m.wav,महाविद्यालय अंतर्गत संशोधन क्षेत्रात भरीव काम चालू आहे,महा विद्यालय अंतर्गत संशोधन क्षेत्रात भरूगाम चालू आहे,महाविद्यालय अंतर्गत संशोधन क्षेत्रात भरीव काम चालू आहे,महा विद्यालय अंतर्गत संशोधन क्षेत्रात भरूगाम चालू आहे,9.26,50.0,0,6.36
sample_01293,D:\marathi-asr\data\vistaar_benchmarks\kathbath_noisy\marathi\wavs\844424933379984-487-m.wav,सोमपूर हे भारताच्या महाराष्ट्र राज्यातील नाशिक जिल्ह्यातील सटाणा तालुक्यातील एक गाव आहे,सुंपूर हे भारताच्या माराष्ट्राजयातींनाशिक गिल्याकील सरताना तालुकेत्रे गाव आहे,सोमपूर हे भारताच्या महाराष्ट्र राज्यातील नाशिक जिल्ह्यातील सटाणा तालुक्यातील एक गाव आहे,सुंपूर हे भारताच्या माराष्ट्राजयातींनाशिक गिल्याकील सरताना तालुकेत्रे गाव आहे,26.44,66.67,0,5.78
sample_01294,D:\marathi-asr\data\vistaar_benchmarks\kathbath_noisy\marathi\wavs\844424933373458-962-m.wav,या कामास त्यांचे पेशवे मुख्य मंत्री बाळाजी विश्वनाथ यांची साथ मिळाली,या कामास त्यांचे पिशे मुख्यामध्ये बाडाची विश्णात ्यांची साठ मिळ आहे,या कामास त्यांचे पेशवे मुख्य मंत्री बाळाजी विश्वनाथ यांची साथ मिळाली,या कामास त्यांचे पिशे मुख्यामध्ये बाडाची विश्णात ्यांची साठ मिळ आहे,26.47,72.73,0,4.97
sample_01295,D:\marathi-asr\data\vistaar_benchmarks\kathbath_noisy\marathi\wavs\844424933373409-962-m.wav,मे ११३४ आणि फेब्रुवारी ११३७ च्या दरम्यान कधीतरी पोप इनोसंट तिसऱ्याने याला पादरी केले,मे आरशे चा अतीस आणि केब्रवारी आप्ाशे सनतीसच्या दर्यांकरी दरि फो इयसांत तिस्यानियाना कादरित केली,मे ११३४ आणि फेब्रुवारी ११३७ च्या दरम्यान कधीतरी पोप इनोसंट तिसऱ्याने याला पादरी केले,मे आरशे चा अतीस आणि केब्रवारी आप्ाशे सनतीसच्या दर्यांकरी दरि फो इयसांत तिस्यानियाना कादरित केली,55.29,100.0,0,8.08
sample_01296,D:\marathi-asr\data\vistaar_benchmarks\kathbath_noisy\marathi\wavs\844424933394039-426-m.wav,२०१४ सालापूर्वी हा जिल्हा आंध्र प्रदेश राज्याच्या अखत्यारीमध्ये होता,दोहजार चौदा सालापूर्वी हाजीन हा आंत्रप्रदेश राज्याच्या अकत्यारीमध्ये होता,२०१४ सालापूर्वी हा जिल्हा आंध्र प्रदेश राज्याच्या अखत्यारीमध्ये होता,दोहजार चौदा सालापूर्वी हाजीन हा आंत्रप्रदेश राज्याच्या अकत्यारीमध्ये होता,26.47,77.78,0,7.64
sample_01297,D:\marathi-asr\data\vistaar_benchmarks\kathbath_noisy\marathi\wavs\844424933356049-1120-m.wav,पहिल्या दोन उपजाती उच्च असून त्यांना राजकोरकू असेही म्हणतात,पह्या दोन खुपचयाती उतत सवणूक्यांना व्याजतुरतू असेही म्हणतात,पहिल्या दोन उपजाती उच्च असून त्यांना राजकोरकू असेही म्हणतात,पह्या दोन खुपचयाती उतत सवणूक्यांना व्याजतुरतू असेही म्हणतात,33.9,66.67,0,5.11
sample_01298,D:\marathi-asr\data\vistaar_benchmarks\kathbath_noisy\marathi\wavs\844424933356050-1120-m.wav,जेथे वाघ एकेकाळी सुखेनैव नांदत त्याजागी शेती औद्योगिकरण रस्ते घरणे गावे वसलेली,जेतीभात एकेकाडी सिकानी नांदत त्याजगी शेती औद्योगीकरण जास्ते करणे जावी बसली,जेथे वाघ एकेकाळी सुखेनैव नांदत त्याजागी शेती औद्योगिकरण रस्ते घरणे गावे वसलेली,जेतीभात एकेकाडी सिकानी नांदत त्याजगी शेती औद्योगीकरण जास्ते करणे जावी बसली,26.92,83.33,0,7.36
sample_01299,D:\marathi-asr\data\vistaar_benchmarks\kathbath_noisy\marathi\wavs\844424933373390-962-m.wav,पिंपळापूर हे भारतातील महाराष्ट्र राज्यातील यवतमाळ जिल्ह्यातील केळापूर तालुक्यातील एक गाव आहे,पिनपडापूर हे भारतातील मा राष्ट्र राज्यातील ियोध माळतील्या तेतकेल्या पूर्तादुख्येतील एकगा आहे,पिंपळापूर हे भारतातील महाराष्ट्र राज्यातील यवतमाळ जिल्ह्यातील केळापूर तालुक्यातील एक गाव आहे,पिनपडापूर हे भारतातील मा राष्ट्र राज्यातील ियोध माळतील्या तेतकेल्या पूर्तादुख्येतील एकगा आहे,29.35,75.0,0,6.76
sample_01300,D:\marathi-asr\data\vistaar_benchmarks\kathbath_noisy\marathi\wavs\844424933280447-817-m.wav,२३ लिंगायत निवृत्तीवादी नाही तर आशावादी आणि प्रवृत्तीवादी धर्म आहे,तेवीस लिंगाया निवृतींवादी नाही त राअशावधी आणि प्रवोतिवाह दर्मा आहे,२३ लिंगायत निवृत्तीवादी नाही तर आशावादी आणि प्रवृत्तीवादी धर्म आहे,तेवीस लिंगाया निवृतींवादी नाही त राअशावधी आणि प्रवोतिवाह दर्मा आहे,33.33,70.0,0,4.69
sample_01301,D:\marathi-asr\data\vistaar_benchmarks\kathbath_noisy\marathi\wavs\844424933379896-487-m.wav,या काळात येथे अनेक उच्चतम प्रतीची स्नेह सम्मेलणे झाली,त्या काळात येते अनेक उच्च तंप्रतीचीस्णेया सममेल नाह आली,या काळात येथे अनेक उच्चतम प्रतीची स्नेह सम्मेलणे झाली,त्या काळात येते अनेक उच्च तंप्रतीचीस्णेया सममेल नाह आली,32.08,77.78,0,6.99
sample_01302,D:\marathi-asr\data\vistaar_benchmarks\kathbath_noisy\marathi\wavs\844424933373393-962-m.wav,लहान असताना त्याने विज्ञान साठी खूप रस दर्शविला,लहाल असताना त्याणे विक्यांसाठी खूपरसदार शदे,लहान असताना त्याने विज्ञान साठी खूप रस दर्शविला,लहाल असताना त्याणे विक्यांसाठी खूपरसदार शदे,29.79,87.5,0,5.02
sample_01303,D:\marathi-asr\data\vistaar_benchmarks\kathbath_noisy\marathi\wavs\844424933379962-487-m.wav,ते शिवशाहीर बाबासाहेब पुरंदरे यांचे पुतणे आणि लेखिका चित्रलेखा पुरंदरे यांचे पती होत,तेशिवशयी बाबसायत पुरंदरियांच्ेा प्ने आणि लेख्रिकाची त्रडिग पुरण दरियांचे पती होते,ते शिवशाहीर बाबासाहेब पुरंदरे यांचे पुतणे आणि लेखिका चित्रलेखा पुरंदरे यांचे पती होत,तेशिवशयी बाबसायत पुरंदरियांच्ेा प्ने आणि लेख्रिकाची त्रडिग पुरण दरियांचे पती होते,34.52,84.62,0,7.29
sample_01304,D:\marathi-asr\data\vistaar_benchmarks\kathbath_noisy\marathi\wavs\844424933394003-426-m.wav,सादरी हे भारताच्या महाराष्ट्र राज्यातील नंदुरबार जिल्ह्यातील अक्राणी तालुक्यातील एक गाव आहे,साधरी हे भारताच्या माष्ट्र राज्यती नंदूरभर दि्यातील आकराणी तालूद्जातील एक गाव आहे,सादरी हे भारताच्या महाराष्ट्र राज्यातील नंदुरबार जिल्ह्यातील अक्राणी तालुक्यातील एक गाव आहे,साधरी हे भारताच्या माष्ट्र राज्यती नंदूरभर दि्यातील आकराणी तालूद्जातील एक गाव आहे,19.78,58.33,0,8.43
sample_01305,D:\marathi-asr\data\vistaar_benchmarks\kathbath_noisy\marathi\wavs\844424933373405-962-m.wav,हंगामी सरकार आणि समाजवादी विचारांच्या लोकांमध्ये लवकरच मतभेद सुरू झाले,हंगानी सरकार आणि समाजा धी विचा्यांच्या लोकांमध्ये लवपरास मध्ये सुरू झाले,हंगामी सरकार आणि समाजवादी विचारांच्या लोकांमध्ये लवकरच मतभेद सुरू झाले,हंगानी सरकार आणि समाजा धी विचा्यांच्या लोकांमध्ये लवपरास मध्ये सुरू झाले,18.57,60.0,0,6.01
sample_01306,D:\marathi-asr\data\vistaar_benchmarks\kathbath_noisy\marathi\wavs\844424933280458-817-m.wav,त्याच्या चार साथीदारांना प्रत्येकी १०१० वर्षांची शिक्षा सुनावली आहे,त्यांच्या सातीधराणा प्रत्येकी दहागा वर्चे चि्ा सुनावली आहे,त्याच्या चार साथीदारांना प्रत्येकी १०१० वर्षांची शिक्षा सुनावली आहे,त्यांच्या सातीधराणा प्रत्येकी दहागा वर्चे चि्ा सुनावली आहे,32.84,66.67,0,4.2
sample_01307,D:\marathi-asr\data\vistaar_benchmarks\kathbath_noisy\marathi\wavs\844424933356011-1120-m.wav,तथापि ऑगस्ट १९८३ मध्ये झालेल्या श्रीलंकेच्या संविधानातील सहाव्या दुरुस्तीच्या अंमलबजावणीने या आंदोलनाला असंवैधानिक ठरविले,ऑगस्टशेत्रांचीमध्ये झालेल्या शेधंतेच्या सविधानाततीलहव्यात दरष्ीच्या मूलबजवलीने या आंदलनला असवतीनिकर,तथापि ऑगस्ट १९८३ मध्ये झालेल्या श्रीलंकेच्या संविधानातील सहाव्या दुरुस्तीच्या अंमलबजावणीने या आंदोलनाला असंवैधानिक ठरविले,ऑगस्टशेत्रांचीमध्ये झालेल्या शेधंतेच्या सविधानाततीलहव्यात दरष्ीच्या मूलबजवलीने या आंदलनला असवतीनिकर,38.84,85.71,0,10.84
sample_01308,D:\marathi-asr\data\vistaar_benchmarks\kathbath_noisy\marathi\wavs\844424933356012-1120-m.wav,सिद्धेश्वर मंदिर सोलापूर हे सोलापूर जिल्ह्यातील एक मंदिर आहे,इिझेश्वर मंजील सोला पूर्णेस्तुला ते िल्यास िकीच माहितील आहे,सिद्धेश्वर मंदिर सोलापूर हे सोलापूर जिल्ह्यातील एक मंदिर आहे,इिझेश्वर मंजील सोला पूर्णेस्तुला ते िल्यास िकीच माहितील आहे,51.67,88.89,0,3.81
sample_01309,D:\marathi-asr\data\vistaar_benchmarks\kathbath_noisy\marathi\wavs\844424933356017-1120-m.wav,चिंचोणी बोटोणी हे भारतातील महाराष्ट्र राज्यातील यवतमाळ जिल्ह्यातील मारेगांव तालुक्यातील एक गाव आहे,चिंचनी बोटुनी हे भारतातील महाष्ट्रात जतील यक माड जिलदेखील मारय्ग तल केती ले जावय,चिंचोणी बोटोणी हे भारतातील महाराष्ट्र राज्यातील यवतमाळ जिल्ह्यातील मारेगांव तालुक्यातील एक गाव आहे,चिंचनी बोटुनी हे भारतातील महाष्ट्रात जतील यक माड जिलदेखील मारय्ग तल केती ले जावय,39.8,92.31,0,5.57
sample_01310,D:\marathi-asr\data\vistaar_benchmarks\kathbath_noisy\marathi\wavs\844424933381670-676-m.wav,पुरुष साक्षरता ६६२७ आहे तर स्त्री साक्षरता ४४८३ आहे,पुरू शाक्षरता साजन सासे सब्रीस आहे त वी साक्षलता चारजत्याशिप्रयांशी आहे,पुरुष साक्षरता ६६२७ आहे तर स्त्री साक्षरता ४४८३ आहे,पुरू शाक्षरता साजन सासे सब्रीस आहे त वी साक्षलता चारजत्याशिप्रयांशी आहे,78.43,100.0,0,8.34
sample_01311,D:\marathi-asr\data\vistaar_benchmarks\kathbath_noisy\marathi\wavs\844424933379973-487-m.wav,साउथ ऑस्ट्रेलिया राज्य पूर्णपणे ब्रिटिश साम्राज्याने वसवले होते,साौता अस्तेल लीय राज्य पूर्णपणेप्रितिच सांमराचने वसवले होते,साउथ ऑस्ट्रेलिया राज्य पूर्णपणे ब्रिटिश साम्राज्याने वसवले होते,साौता अस्तेल लीय राज्य पूर्णपणेप्रितिच सांमराचने वसवले होते,31.75,75.0,0,4.76
sample_01312,D:\marathi-asr\data\vistaar_benchmarks\kathbath_noisy\marathi\wavs\844424933373459-962-m.wav,स्तन्य दुधाची दुग्धपेढी निर्माण करण्यात त्यांचा पुढाकार होता,सतान्य दुधाची दुक्तपेटनिमा करल्यास त्यांचा पोटा का होता,स्तन्य दुधाची दुग्धपेढी निर्माण करण्यात त्यांचा पुढाकार होता,सतान्य दुधाची दुक्तपेटनिमा करल्यास त्यांचा पोटा का होता,26.67,75.0,0,4.57
sample_01313,D:\marathi-asr\data\vistaar_benchmarks\kathbath_noisy\marathi\wavs\844424933280457-817-m.wav,रायंदे हे भारतातील महाराष्ट्र राज्यातील मध्य कोकणातील रायगड जिल्ह्यातील अलिबाग तालुक्यातील एक गाव आहे,रायंत्ेही भारतातील महाराषाच्या र्जाखील मध्य कोकण्ातील रायगर जिल्याचील आली वर टालूचया तीनेए जाळ आहे,रायंदे हे भारतातील महाराष्ट्र राज्यातील मध्य कोकणातील रायगड जिल्ह्यातील अलिबाग तालुक्यातील एक गाव आहे,रायंत्ेही भारतातील महाराषाच्या र्जाखील मध्य कोकण्ातील रायगर जिल्याचील आली वर टालूचया तीनेए जाळ आहे,31.68,85.71,0,6.71
sample_01314,D:\marathi-asr\data\vistaar_benchmarks\kathbath_noisy\marathi\wavs\844424933381640-676-m.wav,इतर फाल्को प्रजातींप्रमाणे त्यांचे लांब पंख तसेच विशिष्ट लांब शेपटी आहे,इतर फालको रजतीन प्रमाणे त्यांचे लाभ पंक तसेच विशिष्ट लाम शेती आहे,इतर फाल्को प्रजातींप्रमाणे त्यांचे लांब पंख तसेच विशिष्ट लांब शेपटी आहे,इतर फालको रजतीन प्रमाणे त्यांचे लाभ पंक तसेच विशिष्ट लाम शेती आहे,18.31,63.64,0,7.55
sample_01315,D:\marathi-asr\data\vistaar_benchmarks\kathbath_noisy\marathi\wavs\844424933381609-676-m.wav,औरंगाबाद शहरातून ४ कलाकार मुंबईला आले त्यात प्रतीक्षा चंद्रकांत कुलकर्णी लेखक प्रदीप दळवी हे प्रमुख,"ऑवरंगवा शहरातून चार कलाकार , मोबईला आले त्यात प्र्यिक्ष चं्रकांतत्विकनी लेक प्रधिदळवी फप्रमुख",औरंगाबाद शहरातून ४ कलाकार मुंबईला आले त्यात प्रतीक्षा चंद्रकांत कुलकर्णी लेखक प्रदीप दळवी हे प्रमुख,ऑवरंगवा शहरातून चार कलाकार मोबईला आले त्यात प्र्यिक्ष चं्रकांतत्विकनी लेक प्रधिदळवी फप्रमुख,30.3,73.33,0,10.12
sample_01316,D:\marathi-asr\data\vistaar_benchmarks\kathbath_noisy\marathi\wavs\844424933373465-962-m.wav,हि शर्यत २०११ फॉर्म्युला वन हंगामाची १७ वी व शेवटची शर्यत आहे,हिशरेत तुंजा आकारा फार्मला वान हंगामाची सत्रा विवषय उद्ति शलत आहे,हि शर्यत २०११ फॉर्म्युला वन हंगामाची १७ वी व शेवटची शर्यत आहे,हिशरेत तुंजा आकारा फार्मला वान हंगामाची सत्रा विवषय उद्ति शलत आहे,59.02,83.33,0,5.18
sample_01317,D:\marathi-asr\data\vistaar_benchmarks\kathbath_noisy\marathi\wavs\844424933381605-676-m.wav,सतीश मोटलिंग जन्म २ ऑक्टोबर १९८२ हा एक भारतीय चित्रपट दिग्दर्शक आहे,सतिस मोटोलिंगजन गोन ापंबार कोनिशेय बँक शी हा एक भातीय चिक्रसट लिक दरशक आहे,सतीश मोटलिंग जन्म २ ऑक्टोबर १९८२ हा एक भारतीय चित्रपट दिग्दर्शक आहे,सतिस मोटोलिंगजन गोन ापंबार कोनिशेय बँक शी हा एक भातीय चिक्रसट लिक दरशक आहे,50.75,91.67,0,8.06
sample_01318,D:\marathi-asr\data\vistaar_benchmarks\kathbath_noisy\marathi\wavs\844424933356044-1120-m.wav,इ बँकिंगमुळे प्रत्येक वेळी ग्राहकांना बँकेत जाण्याची गरज पडत नाही,ई बँकिंगमुळे प्रत्येक वेळी ग्राहतांना बँकेत जाडाची गरज पडत नाही,इ बँकिंगमुळे प्रत्येक वेळी ग्राहकांना बँकेत जाण्याची गरज पडत नाही,ई बँकिंगमुळे प्रत्येक वेळी ग्राहतांना बँकेत जाडाची गरज पडत नाही,7.69,30.0,0,4.62
sample_01319,D:\marathi-asr\data\vistaar_benchmarks\kathbath_noisy\marathi\wavs\844424933356042-1120-m.wav,दिसते नासते काया माया ते अंतरी वसे ४,दिस्ते नसरे काळ्या माह्याती अंतरी ब्शीच्या,दिसते नासते काया माया ते अंतरी वसे ४,दिस्ते नसरे काळ्या माह्याती अंतरी ब्शीच्या,47.22,87.5,0,3.32
sample_01320,D:\marathi-asr\data\vistaar_benchmarks\kathbath_noisy\marathi\wavs\844424933379943-487-m.wav,आणि त्यांनी २००६ पासून पुण्यातील मोठ्या सोसायट्यांमधून रद्दी जमवून ती विकून निधी संकलनास सुरुवात केली,आणि त्यांनी दुनदर सहापासून तुमन्यातील मोठ्या सहसाय त्यामधून रग्दी जमानकी वितून निधी संतलनास सुरवात केल,आणि त्यांनी २००६ पासून पुण्यातील मोठ्या सोसायट्यांमधून रद्दी जमवून ती विकून निधी संकलनास सुरुवात केली,आणि त्यांनी दुनदर सहापासून तुमन्यातील मोठ्या सहसाय त्यामधून रग्दी जमानकी वितून निधी संतलनास सुरवात केल,23.76,73.33,0,7.27
sample_01321,D:\marathi-asr\data\vistaar_benchmarks\kathbath_noisy\marathi\wavs\844424933373412-962-m.wav,बटाटे नाचणी ज्वारी साबुदाणा पोहे उडीद मूग तांदूळ अशा अनेक प्रकारांचे पापड बनवले जातात,"बर्याटीनाची जवारी सामुदनाकोहे , ओडीत म्हणून तातवड्कशा अनेक प्रकारची पापर बनवले जातात",बटाटे नाचणी ज्वारी साबुदाणा पोहे उडीद मूग तांदूळ अशा अनेक प्रकारांचे पापड बनवले जातात,बर्याटीनाची जवारी सामुदनाकोहे ओडीत म्हणून तातवड्कशा अनेक प्रकारची पापर बनवले जातात,32.94,78.57,0,6.94
sample_01322,D:\marathi-asr\data\vistaar_benchmarks\kathbath_noisy\marathi\wavs\844424933381594-676-m.wav,दहिताणेवाडी हे भारतातील महाराष्ट्र राज्यातील सोलापूर जिल्ह्यातील अक्कलकोट तालुक्यातील एक गाव आहे,गहिताने वाटी हे भारतातील महाराष्ट्र राज्यातील सोलापूर दिलल्यातील अकल कोट टलकेती एक गाव आहे,दहिताणेवाडी हे भारतातील महाराष्ट्र राज्यातील सोलापूर जिल्ह्यातील अक्कलकोट तालुक्यातील एक गाव आहे,गहिताने वाटी हे भारतातील महाराष्ट्र राज्यातील सोलापूर दिलल्यातील अकल कोट टलकेती एक गाव आहे,17.71,50.0,0,8.71
sample_01323,D:\marathi-asr\data\vistaar_benchmarks\kathbath_noisy\marathi\wavs\844424933356032-1120-m.wav,या बंडाचे नेतृत्व जुन्नरच्या मावळतील देशमुखनाईक संताजी शेळकंदे यांनी केले,या बंडांचे नेतृत्व जुनरच्या मावडीतील देशू नाहत संतजी शर्कं दे याणी गेले,या बंडाचे नेतृत्व जुन्नरच्या मावळतील देशमुखनाईक संताजी शेळकंदे यांनी केले,या बंडांचे नेतृत्व जुनरच्या मावडीतील देशू नाहत संतजी शर्कं दे याणी गेले,23.29,100.0,0,6.66
sample_01324,D:\marathi-asr\data\vistaar_benchmarks\kathbath_noisy\marathi\wavs\844424933394814-566-m.wav,किल्ल्याच्या एका बाजूला सिद्धेश्वर तलावामुळे नैसर्गिकपणा आला आहे,कंड्या चेया एकया बाजारास तित्ले सर क्याला नलान न्यास्त दुत तया झा लाते,किल्ल्याच्या एका बाजूला सिद्धेश्वर तलावामुळे नैसर्गिकपणा आला आहे,कंड्या चेया एकया बाजारास तित्ले सर क्याला नलान न्यास्त दुत तया झा लाते,65.62,162.5,0,4.39
sample_01325,D:\marathi-asr\data\vistaar_benchmarks\kathbath_noisy\marathi\wavs\844424933356040-1120-m.wav,आटकळी हे भारताच्या महाराष्ट्र राज्यातील नांदेड जिल्ह्यातील बिलोली तालुक्यातील एक गाव आहे,ऑठपडी हे भारताच्या भारत राज्यातील गांजर जिलेतील बिलून तालू केतले जावाय,आटकळी हे भारताच्या महाराष्ट्र राज्यातील नांदेड जिल्ह्यातील बिलोली तालुक्यातील एक गाव आहे,ऑठपडी हे भारताच्या भारत राज्यातील गांजर जिलेतील बिलून तालू केतले जावाय,43.18,75.0,0,5.9
sample_01326,D:\marathi-asr\data\vistaar_benchmarks\kathbath_noisy\marathi\wavs\844424933356024-1120-m.wav,२६ जानेवारी २०१५ ला काही अवयव निकामी झाल्यामुळे निधन झाले,सगवीच्या नेवरी तोव हजार पांदराला काही अवयवनिका मी झाल्यामुळे निधन झाले,२६ जानेवारी २०१५ ला काही अवयव निकामी झाल्यामुळे निधन झाले,सगवीच्या नेवरी तोव हजार पांदराला काही अवयवनिका मी झाल्यामुळे निधन झाले,43.86,70.0,0,4.95
sample_01327,D:\marathi-asr\data\vistaar_benchmarks\kathbath_noisy\marathi\wavs\844424933356048-1120-m.wav,या पद्धतीचा गव्हाच्या शेतीला अमेरिकेत त्या वेळी फार उपयोग झाला,या पद्धतीच्या गव्हाच्या शेतीला अनेरिकित त्या वेळी फार उपयोग झाला,या पद्धतीचा गव्हाच्या शेतीला अमेरिकेत त्या वेळी फार उपयोग झाला,या पद्धतीच्या गव्हाच्या शेतीला अनेरिकित त्या वेळी फार उपयोग झाला,6.45,20.0,0,4.06
sample_01328,D:\marathi-asr\data\vistaar_benchmarks\kathbath_noisy\marathi\wavs\844424933394819-566-m.wav,यातूनही व्हर्टिगो चक्कर येणे वगैरे त्रास सुरू होतात,वयादापूर महिन्यावाठी बुचत कर अनेय वेगळत ना सुर होतो,यातूनही व्हर्टिगो चक्कर येणे वगैरे त्रास सुरू होतात,वयादापूर महिन्यावाठी बुचत कर अनेय वेगळत ना सुर होतो,68.63,112.5,0,3.65
sample_01329,D:\marathi-asr\data\vistaar_benchmarks\kathbath_noisy\marathi\wavs\844424933280455-817-m.wav,२००९ सालच्या ऑक्टोबरमध्ये बडोद्यात पहिल्यांदा मराठी साहित्य संमेलन भरले होते,दुन नऊसालच्या ऑक्टोवर मध्ये बडोजात पहिल्यांदा मराटी साहिते सामळ्य भरले होते,२००९ सालच्या ऑक्टोबरमध्ये बडोद्यात पहिल्यांदा मराठी साहित्य संमेलन भरले होते,दुन नऊसालच्या ऑक्टोवर मध्ये बडोजात पहिल्यांदा मराटी साहिते सामळ्य भरले होते,23.68,80.0,0,5.5
sample_01330,D:\marathi-asr\data\vistaar_benchmarks\kathbath_noisy\marathi\wavs\844424933379897-487-m.wav,परिसराच्या दरम्यान निळ्या पाण्याचे एक सुंदर तलाव आहे,परिसराच्या दन्यान निर्या पाण्याचे सुंदर्थलाव आहे,परिसराच्या दरम्यान निळ्या पाण्याचे एक सुंदर तलाव आहे,परिसराच्या दन्यान निर्या पाण्याचे सुंदर्थलाव आहे,15.38,62.5,0,5.32
sample_01331,D:\marathi-asr\data\vistaar_benchmarks\kathbath_noisy\marathi\wavs\844424933394037-426-m.wav,शब्द मूळचा विकेट गेट एक लहान गेट आहे,शग्त मुळचाविकेत देट एक लहान गेट आहे,शब्द मूळचा विकेट गेट एक लहान गेट आहे,शग्त मुळचाविकेत देट एक लहान गेट आहे,16.67,50.0,0,4.74
sample_01332,D:\marathi-asr\data\vistaar_benchmarks\kathbath_noisy\marathi\wavs\844424933394002-426-m.wav,सर्वात जवळील औषधनिर्माण महाविद्यालय ६३ किलोमीटर अंतरावर आहे,सर्वात जवडी औषध निर्माण महाीिद्यालय ्रिसेस्टकिलेमिटर अंत्रावत आहे,सर्वात जवळील औषधनिर्माण महाविद्यालय ६३ किलोमीटर अंतरावर आहे,सर्वात जवडी औषध निर्माण महाीिद्यालय ्रिसेस्टकिलेमिटर अंत्रावत आहे,27.12,75.0,0,6.87
sample_01333,D:\marathi-asr\data\vistaar_benchmarks\kathbath_noisy\marathi\wavs\844424933379981-487-m.wav,कासारी कुंभी तुळशी भोगावती व सरस्वती या नद्या मिळून पंचगंगा झाली आहे,कासारी कुंबी तुरशी भुगावती वर सरस्वती या नद्या मिळून पंच्ा गंगा झाली आहे,कासारी कुंभी तुळशी भोगावती व सरस्वती या नद्या मिळून पंचगंगा झाली आहे,कासारी कुंबी तुरशी भुगावती वर सरस्वती या नद्या मिळून पंच्ा गंगा झाली आहे,10.29,50.0,0,5.94
sample_01334,D:\marathi-asr\data\vistaar_benchmarks\kathbath_noisy\marathi\wavs\844424933381642-676-m.wav,मे १८१८ मध्ये कॅप्टन ग्रॅट याने हा किल्ला न लढताच जिंकला,बे अठरसटटरामध्ये कॅक्टन ग्रॅट याने हार किंलांना लडत हेंगल,मे १८१८ मध्ये कॅप्टन ग्रॅट याने हा किल्ला न लढताच जिंकला,बे अठरसटटरामध्ये कॅक्टन ग्रॅट याने हार किंलांना लडत हेंगल,39.29,81.82,0,6.85
sample_01335,D:\marathi-asr\data\vistaar_benchmarks\kathbath_noisy\marathi\wavs\844424933373475-962-m.wav,डॉ बाबासाहेब आंबेडकर मराठवाडा विद्यापीठात सिनेट सदस्या आहेत,"दा, किभातासे पांकिट केलदारात मालाविक्य किटसची नेसा दिस्य आहेत",डॉ बाबासाहेब आंबेडकर मराठवाडा विद्यापीठात सिनेट सदस्या आहेत,दा किभातासे पांकिट केलदारात मालाविक्य किटसची नेसा दिस्य आहेत,64.41,100.0,0,5.32
sample_01336,D:\marathi-asr\data\vistaar_benchmarks\kathbath_noisy\marathi\wavs\844424933356027-1120-m.wav,तृतीय रत्न मधील समकालीन वास्तव सांस्कृतिक मूलतत्त्ववाद हे त्यांचे लेखांचा विशेष परिचय आहे,वृतीय रत्नमधील संकलीवा्सह सांस्कृतिक गुलतत्त्ववा त्याची लेखांची विशेष करचे आहे,तृतीय रत्न मधील समकालीन वास्तव सांस्कृतिक मूलतत्त्ववाद हे त्यांचे लेखांचा विशेष परिचय आहे,वृतीय रत्नमधील संकलीवा्सह सांस्कृतिक गुलतत्त्ववा त्याची लेखांची विशेष करचे आहे,23.6,76.92,0,7.57
sample_01337,D:\marathi-asr\data\vistaar_benchmarks\kathbath_noisy\marathi\wavs\844424933394880-566-m.wav,आटपाडीपासून मुंबई पुणे हैदराबाद या महानगरापर्यंत थेट बस सेवा उपलब्ध आहे,आठपाळीपासून बईकू माहिद्र भत या महानाकला कणत्य ते पासे उपयलब्ध आहे,आटपाडीपासून मुंबई पुणे हैदराबाद या महानगरापर्यंत थेट बस सेवा उपलब्ध आहे,आठपाळीपासून बईकू माहिद्र भत या महानाकला कणत्य ते पासे उपयलब्ध आहे,47.89,81.82,0,4.97
sample_01338,D:\marathi-asr\data\vistaar_benchmarks\kathbath_noisy\marathi\wavs\844424933381572-676-m.wav,गतस्पर्धेमधील भारतीय पदक विजेता अभिनव बिंद्रा यंदा प्राथमिक फेरीतच गारद झाला,गचस कर्जेमधील भारतीय प्दधक निजेता अभिन दिंदरा यंदा काथन खयदीतक टागत दाल,गतस्पर्धेमधील भारतीय पदक विजेता अभिनव बिंद्रा यंदा प्राथमिक फेरीतच गारद झाला,गचस कर्जेमधील भारतीय प्दधक निजेता अभिन दिंदरा यंदा काथन खयदीतक टागत दाल,32.89,90.91,0,7.52
sample_01339,D:\marathi-asr\data\vistaar_benchmarks\kathbath_noisy\marathi\wavs\844424933381615-676-m.wav,क्रिकेट विश्वचषक २०१९ जुलै मध्ये संपन्न झाल्यावर एशेस मालिकेला सुरुवात होईल,प्रिटेट विस्पृटेश दोनहजारल पन्णीिलयमध्ये संपन्न झाल्याआशेसमाली केला सुरुवाच,क्रिकेट विश्वचषक २०१९ जुलै मध्ये संपन्न झाल्यावर एशेस मालिकेला सुरुवात होईल,प्रिटेट विस्पृटेश दोनहजारल पन्णीिलयमध्ये संपन्न झाल्याआशेसमाली केला सुरुवाच,49.33,90.91,0,9.01
sample_01340,D:\marathi-asr\data\vistaar_benchmarks\kathbath_noisy\marathi\wavs\844424933373389-962-m.wav,आंध्र कर्नाटक महाराष्ट्र मघ्यप्रदेश गुजरात राजस्थान आदि राज्यामध्ये या समाजाची मोठी लोकवस्ती आहे,कांद्रकरराटकमा राष्ट्र मध्य प्रदेशी वुत्रात ताजस्थाल खातीराज्यांमध्ये या समध्येच मोठी लोकोस्टी आहे,आंध्र कर्नाटक महाराष्ट्र मघ्यप्रदेश गुजरात राजस्थान आदि राज्यामध्ये या समाजाची मोठी लोकवस्ती आहे,कांद्रकरराटकमा राष्ट्र मध्य प्रदेशी वुत्रात ताजस्थाल खातीराज्यांमध्ये या समध्येच मोठी लोकोस्टी आहे,30.21,76.92,0,7.83
sample_01341,D:\marathi-asr\data\vistaar_benchmarks\kathbath_noisy\marathi\wavs\844424933381578-676-m.wav,त्या काळात साध्या ओळींनी बनविलेले ब्राऊझर वापरुन पानांवरील मजकूर बघता येत होता,त्या काळात साध्या ओळनी बनविलेले ्रावदर वापरून पानावरील मचपूर बकता येत होता,त्या काळात साध्या ओळींनी बनविलेले ब्राऊझर वापरुन पानांवरील मजकूर बघता येत होता,त्या काळात साध्या ओळनी बनविलेले ्रावदर वापरून पानावरील मचपूर बकता येत होता,12.82,50.0,0,8.34
sample_01342,D:\marathi-asr\data\vistaar_benchmarks\kathbath_noisy\marathi\wavs\844424933280476-817-m.wav,अधिक माहिती जाणून घेण्यासाठी रामसेज किल्ला पूर्ण इतिहास विसीट करा,अधिक माहिती जाणून घेण्यासाठी रामसेच किल्याला पूर्ण इतिहासविसित करा,अधिक माहिती जाणून घेण्यासाठी रामसेज किल्ला पूर्ण इतिहास विसीट करा,अधिक माहिती जाणून घेण्यासाठी रामसेच किल्याला पूर्ण इतिहासविसित करा,9.23,40.0,0,8.82
sample_01343,D:\marathi-asr\data\vistaar_benchmarks\kathbath_noisy\marathi\wavs\844424933356015-1120-m.wav,म्हणूनच येथे हकानी बाबा हे बेट अस्तित्वात आहे,वननजे ती सातानी बाबा हे बेग पस्लेतत आहे,म्हणूनच येथे हकानी बाबा हे बेट अस्तित्वात आहे,वननजे ती सातानी बाबा हे बेग पस्लेतत आहे,46.67,62.5,0,4.32
sample_01344,D:\marathi-asr\data\vistaar_benchmarks\kathbath_noisy\marathi\wavs\844424933379986-487-m.wav,कसोटी मालिकेत भारताने १० असा विजय मिळवला २ कसोटी सामने अनिर्णितावस्थेत संपले,कसोटी मालिकेत भारताने दहा असा विजे मिळवला दोन कसोधी सामने अननिविता वस्थेत संमपले,कसोटी मालिकेत भारताने १० असा विजय मिळवला २ कसोटी सामने अनिर्णितावस्थेत संपले,कसोटी मालिकेत भारताने दहा असा विजे मिळवला दोन कसोधी सामने अननिविता वस्थेत संमपले,18.42,58.33,0,7.96
sample_01345,D:\marathi-asr\data\vistaar_benchmarks\kathbath_noisy\marathi\wavs\844424933394013-426-m.wav,नदीचा विस्तृत पात्रे व झिलाणी या त्यांच्या निवासस्थानांचा उत्तरोत्तर संकोच होत आहे,नतीचा विस्तूत पात्रे वत झिलाणे या त्यांच्या निवास्थानाचा उत्तरात तर संकोज होत आहे,नदीचा विस्तृत पात्रे व झिलाणी या त्यांच्या निवासस्थानांचा उत्तरोत्तर संकोच होत आहे,नतीचा विस्तूत पात्रे वत झिलाणे या त्यांच्या निवास्थानाचा उत्तरात तर संकोज होत आहे,10.98,66.67,0,9.24
sample_01346,D:\marathi-asr\data\vistaar_benchmarks\kathbath_noisy\marathi\wavs\844424933280429-817-m.wav,नाट्यगृहाच्या आसनक्षमतेनुसार या प्रेक्षागृहात १०३२ प्रेक्षक बसू शकतात,न्येगृहाच्या आसं्षमतेनुसार ्या प्क्षद्रहा एकजा बदतीस प्रश्शम बरू शकतात,नाट्यगृहाच्या आसनक्षमतेनुसार या प्रेक्षागृहात १०३२ प्रेक्षक बसू शकतात,न्येगृहाच्या आसं्षमतेनुसार ्या प्क्षद्रहा एकजा बदतीस प्रश्शम बरू शकतात,37.68,100.0,0,11.01
sample_01347,D:\marathi-asr\data\vistaar_benchmarks\kathbath_noisy\marathi\wavs\844424933381616-676-m.wav,अजूनही प्रितचर्ड हा भारताकडूनच खेळला असल्याचे आंतरराष्ट्रीय ऑलिंपिक समिती मान्य करते,अजूनही डिक च हभारताकडूनच फेडला असल्याच्े आंतरराष्ट्रीय आलंपिक संमिकी मान येतत,अजूनही प्रितचर्ड हा भारताकडूनच खेळला असल्याचे आंतरराष्ट्रीय ऑलिंपिक समिती मान्य करते,अजूनही डिक च हभारताकडूनच फेडला असल्याच्े आंतरराष्ट्रीय आलंपिक संमिकी मान येतत,26.19,81.82,0,7.87
sample_01348,D:\marathi-asr\data\vistaar_benchmarks\kathbath_noisy\marathi\wavs\844424933394830-566-m.wav,सणासाठी घराची स्वच्छता आवराआवरी नवे पोशाख परिधान करणे असेही केले जाते,शळसाठी मसोपता आवरा आवरीनव् पोषाक परिबँकांनेसीही केले जाते,सणासाठी घराची स्वच्छता आवराआवरी नवे पोशाख परिधान करणे असेही केले जाते,शळसाठी मसोपता आवरा आवरीनव् पोषाक परिबँकांनेसीही केले जाते,42.03,81.82,0,4.97
sample_01349,D:\marathi-asr\data\vistaar_benchmarks\kathbath_noisy\marathi\wavs\844424933394809-566-m.wav,पानडोझरी हे भारतातील महाराष्ट्र राज्यातील सांगली जिल्ह्यातील जत तालुक्यातील एक गाव आहे,पांडोजरी ही भारतातीमा्टा ज्यातल सांगली दिल्यातील जात तालगतिले काय ?,पानडोझरी हे भारतातील महाराष्ट्र राज्यातील सांगली जिल्ह्यातील जत तालुक्यातील एक गाव आहे,पांडोजरी ही भारतातीमा्टा ज्यातल सांगली दिल्यातील जात तालगतिले काय,38.37,91.67,0,5.32
sample_01350,D:\marathi-asr\data\vistaar_benchmarks\kathbath_noisy\marathi\wavs\844424933381597-676-m.wav,भिवपुरी हे भारतातील महाराष्ट्र राज्यातील मध्य कोकणातील रायगड जिल्ह्यातील कर्जत तालुक्यातील एक गाव आहे,भि्वपूरी हे भारतातील महाराष्ट्र गाज्यातील माध्य कोपनात कॅले्रायगरड दिल्यातील कर्ज चलकेते तेकगात,भिवपुरी हे भारतातील महाराष्ट्र राज्यातील मध्य कोकणातील रायगड जिल्ह्यातील कर्जत तालुक्यातील एक गाव आहे,भि्वपूरी हे भारतातील महाराष्ट्र गाज्यातील माध्य कोपनात कॅले्रायगरड दिल्यातील कर्ज चलकेते तेकगात,31.68,78.57,0,9.5
sample_01351,D:\marathi-asr\data\vistaar_benchmarks\kathbath_noisy\marathi\wavs\844424933379995-487-m.wav,म्हणून विरेचन हेच साहित्यकृतीचे प्रयोजन ठरते असे काहींना वाटते,म्हणून विहरीचन हेच साहइत्यकृतीचे प्रजन ठरदे असि काही ना वाटते,म्हणून विरेचन हेच साहित्यकृतीचे प्रयोजन ठरते असे काहींना वाटते,म्हणून विहरीचन हेच साहइत्यकृतीचे प्रजन ठरदे असि काही ना वाटते,12.9,77.78,0,4.57
sample_01352,D:\marathi-asr\data\vistaar_benchmarks\kathbath_noisy\marathi\wavs\844424933373453-962-m.wav,हे संकेतस्थळ आता फक्त वाचनासाठी खुले आहे त्यांच्यामधील लेखांत आता भर टाकता येत नाही,एसनकि स्ट् आता फक्त भाढण्यासाठी कुली आाय त्याच्या मलीदेखांखाता भर टाकता येत नाही,हे संकेतस्थळ आता फक्त वाचनासाठी खुले आहे त्यांच्यामधील लेखांत आता भर टाकता येत नाही,एसनकि स्ट् आता फक्त भाढण्यासाठी कुली आाय त्याच्या मलीदेखांखाता भर टाकता येत नाही,31.33,57.14,0,5.92
sample_01353,D:\marathi-asr\data\vistaar_benchmarks\kathbath_noisy\marathi\wavs\844424933355993-1120-m.wav,चंदगड या तालुक्याच्या गावापासून साधारण ३० कि मी अंतरावर पारगड आहे,चंगड यातालुकाच्या जावापासून साधारण तीस कीमी अंत्रावर पारगड आहे,चंदगड या तालुक्याच्या गावापासून साधारण ३० कि मी अंतरावर पारगड आहे,चंगड यातालुकाच्या जावापासून साधारण तीस कीमी अंत्रावर पारगड आहे,16.92,72.73,0,5.18
sample_01354,D:\marathi-asr\data\vistaar_benchmarks\kathbath_noisy\marathi\wavs\844424933373396-962-m.wav,ते टाटा समूहामधील सर्वात तरुण मुख्य कार्यकारी अधिकारी आहेत,ते ठाटा समवामध्ये सर्वात तरण मुख्य ताही कार्यादिकारी आहे,ते टाटा समूहामधील सर्वात तरुण मुख्य कार्यकारी अधिकारी आहेत,ते ठाटा समवामध्ये सर्वात तरण मुख्य ताही कार्यादिकारी आहे,27.59,66.67,0,5.25
sample_01355,D:\marathi-asr\data\vistaar_benchmarks\kathbath_noisy\marathi\wavs\844424933381657-676-m.wav,३० डिसेंबर रोजी चाकण येथे येऊन पोहचला अशी बातमी स्मिथ यास कळली,तीर डिसेंबर रोजी साखन येतीयऊ पोचला अशिभातमी स्मी यास कडी,३० डिसेंबर रोजी चाकण येथे येऊन पोहचला अशी बातमी स्मिथ यास कळली,तीर डिसेंबर रोजी साखन येतीयऊ पोचला अशिभातमी स्मी यास कडी,30.65,75.0,0,7.27
sample_01356,D:\marathi-asr\data\vistaar_benchmarks\kathbath_noisy\marathi\wavs\844424933381604-676-m.wav,तापमानवाढ नोंदवण्यात आली असून इथलं हिमाच्छादन दरवषीर् २० सें मी चा थर टाकून देतंय,कापमानवाढ नोंगवण्यास आलि इतलईमा चयादंदरवरसीवीस सेंटिमिटचाखरटाकून येत्या,तापमानवाढ नोंदवण्यात आली असून इथलं हिमाच्छादन दरवषीर् २० सें मी चा थर टाकून देतंय,कापमानवाढ नोंगवण्यास आलि इतलईमा चयादंदरवरसीवीस सेंटिमिटचाखरटाकून येत्या,44.44,100.0,0,9.68
sample_01357,D:\marathi-asr\data\vistaar_benchmarks\kathbath_noisy\marathi\wavs\844424933394004-426-m.wav,पण काही अशिक्षित माणसे असा विचार करून कुत्र्यांना मारतात,पलकानी अशक्षित माणसे अचा विचार करून तुल्यांना मारगा,पण काही अशिक्षित माणसे असा विचार करून कुत्र्यांना मारतात,पलकानी अशक्षित माणसे अचा विचार करून तुल्यांना मारगा,19.64,66.67,0,6.39
sample_01358,D:\marathi-asr\data\vistaar_benchmarks\kathbath_noisy\marathi\wavs\844424933381646-676-m.wav,कांबळीवाडी हे भारतातील महाराष्ट्र राज्यातील दक्षिण कोकणातील सिंधुदुर्ग जिल्ह्यातील वेंगुर्ला तालुक्यातील एक गाव आहे,कांपडी वाढीहे भारतातील महाराष्ट्र गाज्यात दक्षिण कोकनातील क टर दि्यातील देंगूरला तलत्यातीले गावाआ,कांबळीवाडी हे भारतातील महाराष्ट्र राज्यातील दक्षिण कोकणातील सिंधुदुर्ग जिल्ह्यातील वेंगुर्ला तालुक्यातील एक गाव आहे,कांपडी वाढीहे भारतातील महाराष्ट्र गाज्यात दक्षिण कोकनातील क टर दि्यातील देंगूरला तलत्यातीले गावाआ,29.57,78.57,0,10.57
sample_01359,D:\marathi-asr\data\vistaar_benchmarks\kathbath_noisy\marathi\wavs\844424933373469-962-m.wav,या उपनिषदात शरीरस्थित आत्मतत्त्वाच्या आत्मदेवाच्या पूजेची व उपासनेची पद्धत समजावून दिलेली आहे,टा पनिषधात शरीस्थीत तमदतवाच्या अत्म येवाच्या पिकीचिवपासण्याची पद्धत समचांली देली आहे,या उपनिषदात शरीरस्थित आत्मतत्त्वाच्या आत्मदेवाच्या पूजेची व उपासनेची पद्धत समजावून दिलेली आहे,टा पनिषधात शरीस्थीत तमदतवाच्या अत्म येवाच्या पिकीचिवपासण्याची पद्धत समचांली देली आहे,33.33,83.33,0,7.38
sample_01360,D:\marathi-asr\data\vistaar_benchmarks\kathbath_noisy\marathi\wavs\844424933379960-487-m.wav,चौदा छोटे व प्रादेशिक पक्ष असलेली ही आघाडी तुरळक जागांवरून या निवडणुका लढवीत आहे,चौदा छोटे व प्रादेशिक पक्ष असलेली ही आगाडित रळळत झगामरून याणि वर्णू कलडगीत आहे,चौदा छोटे व प्रादेशिक पक्ष असलेली ही आघाडी तुरळक जागांवरून या निवडणुका लढवीत आहे,चौदा छोटे व प्रादेशिक पक्ष असलेली ही आगाडित रळळत झगामरून याणि वर्णू कलडगीत आहे,26.25,42.86,0,6.13
sample_01361,D:\marathi-asr\data\vistaar_benchmarks\kathbath_noisy\marathi\wavs\844424933394811-566-m.wav,९४ व्या अखिल भारतीय मराठी नाट्य संमेलनाचे ते अध्यक्ष होते,तुलाही अतिल भागती भाराठी ाग्टे संबदनाचे तेयाअदिश होते,९४ व्या अखिल भारतीय मराठी नाट्य संमेलनाचे ते अध्यक्ष होते,तुलाही अतिल भागती भाराठी ाग्टे संबदनाचे तेयाअदिश होते,47.37,90.0,0,3.65
sample_01362,D:\marathi-asr\data\vistaar_benchmarks\kathbath_noisy\marathi\wavs\844424933379956-487-m.wav,ही परीस्थिती पाहता ४ ते ५ दिवसात किल्ला कासमखानच्या हातात जाईल असे वाटत होते,ही परिस्थिती पाहातात चार थे पाच दिवसात किलला कासमखांच्या हतात जाैलसे वाटत होते,ही परीस्थिती पाहता ४ ते ५ दिवसात किल्ला कासमखानच्या हातात जाईल असे वाटत होते,ही परिस्थिती पाहातात चार थे पाच दिवसात किलला कासमखांच्या हतात जाैलसे वाटत होते,21.05,71.43,0,5.76
sample_01363,D:\marathi-asr\data\vistaar_benchmarks\kathbath_noisy\marathi\wavs\844424933355972-1120-m.wav,तिला ज्येष्ठा षष्टी वा सटवी निर्ऋती या नावांनीही ओळखतात,तिला ज्ष्ट सस्ट्रीवासठवी निृत्तीया नावानीही ओळखतात,तिला ज्येष्ठा षष्टी वा सटवी निर्ऋती या नावांनीही ओळखतात,तिला ज्ष्ट सस्ट्रीवासठवी निृत्तीया नावानीही ओळखतात,29.09,77.78,0,5.09
sample_01364,D:\marathi-asr\data\vistaar_benchmarks\kathbath_noisy\marathi\wavs\844424933373408-962-m.wav,पांगळ्या झालेल्या इटालियन आरमाराची ग्रीसमध्ये समुद्रमार्गे सैनिक पोचवण्याची कुवत कमी झाली,पांवळ्या झाणे्या एिकारीया मार्थिक रिसमध्ये समकरदतीतत्वचल्य्शित करी आहे,पांगळ्या झालेल्या इटालियन आरमाराची ग्रीसमध्ये समुद्रमार्गे सैनिक पोचवण्याची कुवत कमी झाली,पांवळ्या झाणे्या एिकारीया मार्थिक रिसमध्ये समकरदतीतत्वचल्य्शित करी आहे,56.18,100.0,0,7.08
sample_01365,D:\marathi-asr\data\vistaar_benchmarks\kathbath_noisy\marathi\wavs\844424933394802-566-m.wav,रशियन प्रीमियर लीगमध्ये खेळणारा एफ सी तोम तोम्स्क हा फुटबॉल संघ येथेच स्थित आहे,टेशियम प्रिनियल लिगमदे किणा्या एक सी्रमकमकसाखपसनभियेतेस्तित हे,रशियन प्रीमियर लीगमध्ये खेळणारा एफ सी तोम तोम्स्क हा फुटबॉल संघ येथेच स्थित आहे,टेशियम प्रिनियल लिगमदे किणा्या एक सी्रमकमकसाखपसनभियेतेस्तित हे,54.43,100.0,0,5.78
sample_01366,D:\marathi-asr\data\vistaar_benchmarks\kathbath_noisy\marathi\wavs\844424933381599-676-m.wav,सुमारे ३ दशके हिंदी सिनेमामध्ये कार्यरत राहिलेली याज्ञिक भारतामधील सर्वात यशस्वी पार्श्वगायिकांपैकी एक आहे,सुमारितीन दस्ते बुंधी सीनिमामध्ये कार्यरत रायलेी यादिक भारतामध्ये सर्वास यशेी पाश्गाई तापकी एक आहे,सुमारे ३ दशके हिंदी सिनेमामध्ये कार्यरत राहिलेली याज्ञिक भारतामधील सर्वात यशस्वी पार्श्वगायिकांपैकी एक आहे,सुमारितीन दस्ते बुंधी सीनिमामध्ये कार्यरत रायलेी यादिक भारतामध्ये सर्वास यशेी पाश्गाई तापकी एक आहे,31.13,85.71,0,11.42
sample_01367,D:\marathi-asr\data\vistaar_benchmarks\kathbath_noisy\marathi\wavs\844424933393988-426-m.wav,ख्रिस्ती मिशनरी चालविणाऱ्या ख्रिस्ती शाळांमध्ये अनेक मुले सक्रियपणे ख्रिसमस कार्यक्रमात सहभागी होतात,क्रिस्ती मिश्नरी चालवणार्या खिस्तिशाडांमध्ये अनेक मूले सक्रिय पणे फ्रिस्मज का्यक्रमात सहबागी होतात,ख्रिस्ती मिशनरी चालविणाऱ्या ख्रिस्ती शाळांमध्ये अनेक मुले सक्रियपणे ख्रिसमस कार्यक्रमात सहभागी होतात,क्रिस्ती मिश्नरी चालवणार्या खिस्तिशाडांमध्ये अनेक मूले सक्रिय पणे फ्रिस्मज का्यक्रमात सहबागी होतात,15.84,91.67,0,10.08
sample_01368,D:\marathi-asr\data\vistaar_benchmarks\kathbath_noisy\marathi\wavs\844424933280415-817-m.wav,एकदा लंडनमध्ये गणितज्ञ रॉजर पेनरोज यांचे भाषण ऐकायला स्टीफन हॉकिंग गेले,एकदा लंनमध्ये गनितत्ञ अचर पेनरोस ्यांची आषण आयकायला स्तीफण फॉकिंग गेले,एकदा लंडनमध्ये गणितज्ञ रॉजर पेनरोज यांचे भाषण ऐकायला स्टीफन हॉकिंग गेले,एकदा लंनमध्ये गनितत्ञ अचर पेनरोस ्यांची आषण आयकायला स्तीफण फॉकिंग गेले,22.54,81.82,0,10.61
sample_01369,D:\marathi-asr\data\vistaar_benchmarks\kathbath_noisy\marathi\wavs\844424933394804-566-m.wav,तामसवाडी हे भारताच्या महाराष्ट्र राज्यातील परभणी जिल्ह्यातील परभणी तालुक्यातील एक गाव आहे,सामसवारी हे भारताच्ेा महाराष्ट्र राज्यातील कर्वणी देनण्यातील परबं तालूग्याचे जाव आहे,तामसवाडी हे भारताच्या महाराष्ट्र राज्यातील परभणी जिल्ह्यातील परभणी तालुक्यातील एक गाव आहे,सामसवारी हे भारताच्ेा महाराष्ट्र राज्यातील कर्वणी देनण्यातील परबं तालूग्याचे जाव आहे,25.84,66.67,0,5.53
sample_01370,D:\marathi-asr\data\vistaar_benchmarks\kathbath_noisy\marathi\wavs\844424933280493-817-m.wav,शेवटी भव्य बुरुजात एक हनुमंताचे शिल्प कोरलेला चोर दरवाजा आहे,शेवती भंल्यबुजात एक अलूमंतांचे शुलद्ध कोरणेंना रड दर्वजा आहे,शेवटी भव्य बुरुजात एक हनुमंताचे शिल्प कोरलेला चोर दरवाजा आहे,शेवती भंल्यबुजात एक अलूमंतांचे शुलद्ध कोरणेंना रड दर्वजा आहे,35.0,80.0,0,9.38
sample_01371,D:\marathi-asr\data\vistaar_benchmarks\kathbath_noisy\marathi\wavs\844424933379938-487-m.wav,सध्याचा सोलापूर जिल्हा हा पूर्वी अहमदनगर पुणे व सातारा या जिल्ह्याचा भाग होता,सध्याचा सोलापूर जिला हा पूर््वी अवमट्नकरपूनेव साकार च्या जिल्याचा भाग होता,सध्याचा सोलापूर जिल्हा हा पूर्वी अहमदनगर पुणे व सातारा या जिल्ह्याचा भाग होता,सध्याचा सोलापूर जिला हा पूर््वी अवमट्नकरपूनेव साकार च्या जिल्याचा भाग होता,22.08,61.54,0,6.27
sample_01372,D:\marathi-asr\data\vistaar_benchmarks\kathbath_noisy\marathi\wavs\844424933394012-426-m.wav,वास्तु आरेखन शास्त्राऐवजी वास्तुशास्त्र या संकल्पनेबद्दल ते नाराज होते,वास्तू अरिखान शास्त्रा जी वास्तूशास्त्रीया संसतप्रेबद्दलते भाराच होते,वास्तु आरेखन शास्त्राऐवजी वास्तुशास्त्र या संकल्पनेबद्दल ते नाराज होते,वास्तू अरिखान शास्त्रा जी वास्तूशास्त्रीया संसतप्रेबद्दलते भाराच होते,22.86,88.89,0,8.41
sample_01373,D:\marathi-asr\data\vistaar_benchmarks\kathbath_noisy\marathi\wavs\844424933379929-487-m.wav,सध्या भारत देशामध्ये जगातील सर्वाधिक पारशीधर्मीय रहिवासी आहेत,सध्या भारत देशांमध्ये जगातील सर्वाधिक पारशीधर्मीय रवसी आहेत,सध्या भारत देशामध्ये जगातील सर्वाधिक पारशीधर्मीय रहिवासी आहेत,सध्या भारत देशांमध्ये जगातील सर्वाधिक पारशीधर्मीय रवसी आहेत,6.56,25.0,0,4.97
sample_01374,D:\marathi-asr\data\vistaar_benchmarks\kathbath_noisy\marathi\wavs\844424933379923-487-m.wav,धावटे हे भारतातील महाराष्ट्र राज्यातील मध्य कोकणातील रायगड जिल्ह्यातील पेण तालुक्यातील एक गाव आहे,धावतेळे भारतातील माष्ट्र ाजये कील निट्डेक कोकणातीलायकर जिल्लतील पेनंत लुकेतीनेक गाव आहे,धावटे हे भारतातील महाराष्ट्र राज्यातील मध्य कोकणातील रायगड जिल्ह्यातील पेण तालुक्यातील एक गाव आहे,धावतेळे भारतातील माष्ट्र ाजये कील निट्डेक कोकणातीलायकर जिल्लतील पेनंत लुकेतीनेक गाव आहे,35.05,78.57,0,6.64
sample_01375,D:\marathi-asr\data\vistaar_benchmarks\kathbath_noisy\marathi\wavs\844424933355977-1120-m.wav,चोरघडेंना हे नियमित व्यायाम करीत असून त्यांची शरीरयष्टी मजबूत होती,चोरकडे ना एनियमित ॅयमकरित असून त्यांचे शर्रेष्ट मजबूत होते,चोरघडेंना हे नियमित व्यायाम करीत असून त्यांची शरीरयष्टी मजबूत होती,चोरकडे ना एनियमित ॅयमकरित असून त्यांचे शर्रेष्ट मजबूत होते,25.76,80.0,0,5.74
sample_01376,D:\marathi-asr\data\vistaar_benchmarks\kathbath_noisy\marathi\wavs\844424933381663-676-m.wav,हा सण १३ किंवा १४ एप्रिलला साजरा केला जातो,हासन केरा किंवा जोौदा यक्रीलला सांगरा केला जातो,हा सण १३ किंवा १४ एप्रिलला साजरा केला जातो,हासन केरा किंवा जोौदा यक्रीलला सांगरा केला जातो,38.1,66.67,0,5.27
sample_01377,D:\marathi-asr\data\vistaar_benchmarks\kathbath_noisy\marathi\wavs\844424933373414-962-m.wav,पुण्यातले श्रीरंग गोडबोले आणि महाराष्ट्र कल्चरल सेंटर सध्या २०१६ साली बालनाट्यमहोत्सवाची ही चळवळ चालवत आहेत,उन्यातलेशी लंगोडबोली आणि ना राष्ट्र कं्च र असेंटर सध्या तोनला सळस नी बांलॅकटर मह सवा चीही इचर्वण सालवत आहे,पुण्यातले श्रीरंग गोडबोले आणि महाराष्ट्र कल्चरल सेंटर सध्या २०१६ साली बालनाट्यमहोत्सवाची ही चळवळ चालवत आहेत,उन्यातलेशी लंगोडबोली आणि ना राष्ट्र कं्च र असेंटर सध्या तोनला सळस नी बांलॅकटर मह सवा चीही इचर्वण सालवत आहे,40.19,120.0,0,9.1
sample_01378,D:\marathi-asr\data\vistaar_benchmarks\kathbath_noisy\marathi\wavs\844424933381635-676-m.wav,प्रतापगढ भारताच्या उत्तर प्रदेश राज्यातील एक शहर आहे,प्रताकगळ भाताच्या उत्तर प्रदेशलाज्य्ती एक,प्रतापगढ भारताच्या उत्तर प्रदेश राज्यातील एक शहर आहे,प्रताकगळ भाताच्या उत्तर प्रदेशलाज्य्ती एक,28.85,75.0,0,4.74
sample_01379,D:\marathi-asr\data\vistaar_benchmarks\kathbath_noisy\marathi\wavs\844424933381633-676-m.wav,लंडन हीथ्रो विमानतळ हा युनायटेड किंग्डम देशामधील सर्वात मोठा व प्रमुख आंतरराष्ट्रीय विमानतळ आहे,लंलन हित्र विमांतर हा इनाट्रट किंडम देशामधील सर्वात मोठा व प्रमुख आंतररष्ट्रीय विमंतळ आहे,लंडन हीथ्रो विमानतळ हा युनायटेड किंग्डम देशामधील सर्वात मोठा व प्रमुख आंतरराष्ट्रीय विमानतळ आहे,लंलन हित्र विमांतर हा इनाट्रट किंडम देशामधील सर्वात मोठा व प्रमुख आंतररष्ट्रीय विमंतळ आहे,17.89,50.0,0,9.08
sample_01380,D:\marathi-asr\data\vistaar_benchmarks\kathbath_noisy\marathi\wavs\844424933280491-817-m.wav,किंगकॉंग आपल्या पाशवी शक्तीसाठी आणि उद्धटपणासाठी कुप्रसिद्ध होता,ईकॉम आपल्या पशवी शक्तीसाठी आणि उद्यरपणासाठी रू प्रसिद्ध होता,किंगकॉंग आपल्या पाशवी शक्तीसाठी आणि उद्धटपणासाठी कुप्रसिद्ध होता,ईकॉम आपल्या पशवी शक्तीसाठी आणि उद्यरपणासाठी रू प्रसिद्ध होता,18.75,62.5,0,8.43
sample_01381,D:\marathi-asr\data\vistaar_benchmarks\kathbath_noisy\marathi\wavs\844424933280471-817-m.wav,१५ महिन्यांच्या विकासानंतर जानेवारी २०१८ मध्ये भाषा इंटरप्रिटर वापरासाठी तयार होते,पंधरा महिन्याच्या विकासानंतर जनेवरी दोन हजार आठरांमध्ये भाशा इंटरपि वापरासअती तयार होते,१५ महिन्यांच्या विकासानंतर जानेवारी २०१८ मध्ये भाषा इंटरप्रिटर वापरासाठी तयार होते,पंधरा महिन्याच्या विकासानंतर जनेवरी दोन हजार आठरांमध्ये भाशा इंटरपि वापरासअती तयार होते,34.15,81.82,0,12.65
sample_01382,D:\marathi-asr\data\vistaar_benchmarks\kathbath_noisy\marathi\wavs\844424933379964-487-m.wav,किर्लोस्करवर ब्रिटिशांची वक्रदृष्टी होतीच पण या पत्राने आगीत तेल ओतले गेले,किर्लोस्करवर ब्रिटिशानची वक्रदृष्टी होतीच पनियापत्राने आगित तेलोद्ले गेले,किर्लोस्करवर ब्रिटिशांची वक्रदृष्टी होतीच पण या पत्राने आगीत तेल ओतले गेले,किर्लोस्करवर ब्रिटिशानची वक्रदृष्टी होतीच पनियापत्राने आगित तेलोद्ले गेले,10.81,63.64,0,6.76
sample_01383,D:\marathi-asr\data\vistaar_benchmarks\kathbath_noisy\marathi\wavs\844424933379928-487-m.wav,मैदानी खेळ म्हणजे असे खेळ जे मैदानावर खेळले जातात,मदानिक थेड म्हणजे असेक शेटचे महजनावळ केले जातात,मैदानी खेळ म्हणजे असे खेळ जे मैदानावर खेळले जातात,मदानिक थेड म्हणजे असेक शेटचे महजनावळ केले जातात,32.65,77.78,0,4.27
sample_01384,D:\marathi-asr\data\vistaar_benchmarks\kathbath_noisy\marathi\wavs\844424933379914-487-m.wav,तिच टेंभू उपसा जलसिंचन योजना आशिया खंडातील सर्वात मोठी उपसा जलसिंचन योजना आहे,तीचो टेमबू साजल सिंचन योजना अशिय खंडाती सर्वात मोठी सायिकिल सिंचन योजना आहे,तिच टेंभू उपसा जलसिंचन योजना आशिया खंडातील सर्वात मोठी उपसा जलसिंचन योजना आहे,तीचो टेमबू साजल सिंचन योजना अशिय खंडाती सर्वात मोठी सायिकिल सिंचन योजना आहे,23.38,61.54,0,6.15
sample_01385,D:\marathi-asr\data\vistaar_benchmarks\kathbath_noisy\marathi\wavs\844424933379991-487-m.wav,गरमसूर हे भारतातील महाराष्ट्र राज्यातील वर्धा जिल्ह्यातील सेलू तालुक्यातील एक गाव आहे,गरम सूर हे भारतातील महाष्ट्रात जातील वर्द जिल्य ती सेलीत लुकेतीले गावय,गरमसूर हे भारतातील महाराष्ट्र राज्यातील वर्धा जिल्ह्यातील सेलू तालुक्यातील एक गाव आहे,गरम सूर हे भारतातील महाष्ट्रात जातील वर्द जिल्य ती सेलीत लुकेतीले गावय,31.76,91.67,0,5.43
sample_01386,D:\marathi-asr\data\vistaar_benchmarks\kathbath_noisy\marathi\wavs\844424933381650-676-m.wav,उदाहरणार्थ कॅफे दे ला रेजंस पॅरीस आणि सिम्पसन्स दिवान लंडन,दशासं तयॅपैसी लारजन तयादेसांगी सिपत जिवान लळत,उदाहरणार्थ कॅफे दे ला रेजंस पॅरीस आणि सिम्पसन्स दिवान लंडन,दशासं तयॅपैसी लारजन तयादेसांगी सिपत जिवान लळत,65.52,100.0,0,9.36
sample_01387,D:\marathi-asr\data\vistaar_benchmarks\kathbath_noisy\marathi\wavs\844424933394014-426-m.wav,हे द्रावण पिकांसाठी तसेच फळबागांसाठी पोषक तत्त्वांनी युक्त टॉनिक आहे,हेद्रा वळ पिकांसाठी तसेल फडबागांसाठी पोषक तत्वाणियुकतत्रअनिक आहे,हे द्रावण पिकांसाठी तसेच फळबागांसाठी पोषक तत्त्वांनी युक्त टॉनिक आहे,हेद्रा वळ पिकांसाठी तसेल फडबागांसाठी पोषक तत्वाणियुकतत्रअनिक आहे,22.06,70.0,0,7.24
sample_01388,D:\marathi-asr\data\vistaar_benchmarks\kathbath_noisy\marathi\wavs\844424933394820-566-m.wav,जास्त प्रमाणामध्ये ह्या प्रकारच्या सुविधेतून विद्युत ऊर्जा बनत नाही,रा्तपरमामळ या प्रकारच्या सुविधे तु विधितूर ज मानात नाही,जास्त प्रमाणामध्ये ह्या प्रकारच्या सुविधेतून विद्युत ऊर्जा बनत नाही,रा्तपरमामळ या प्रकारच्या सुविधे तु विधितूर ज मानात नाही,38.81,88.89,0,4.13
sample_01389,D:\marathi-asr\data\vistaar_benchmarks\kathbath_noisy\marathi\wavs\844424933280501-817-m.wav,पहिल्या टप्यात वायू इंधनाचे अतिउच्च तापमानावर ज्वलन साधारणपणे १२०० ते १४०० अंश सें,पहिल्या टक्कयात वायू इंधनाचे अति उच्च तामनवर जलन साधारणपनी बारा शे ते चौदाशी ऊषशे,पहिल्या टप्यात वायू इंधनाचे अतिउच्च तापमानावर ज्वलन साधारणपणे १२०० ते १४०० अंश सें,पहिल्या टक्कयात वायू इंधनाचे अति उच्च तामनवर जलन साधारणपनी बारा शे ते चौदाशी ऊषशे,32.93,84.62,0,11.98
sample_01390,D:\marathi-asr\data\vistaar_benchmarks\kathbath_noisy\marathi\wavs\844424933379910-487-m.wav,युद्धामुळे महागाई झाली आणि प्राधान्यक्रम किंमती स्थिरतेकडे वळले गेले,वुद्दामुळे महागाई झाली आणि प्राधान्यक्रम किंमती स्थिरतेकडे बडले गेले,युद्धामुळे महागाई झाली आणि प्राधान्यक्रम किंमती स्थिरतेकडे वळले गेले,वुद्दामुळे महागाई झाली आणि प्राधान्यक्रम किंमती स्थिरतेकडे बडले गेले,5.88,22.22,0,5.41
sample_01391,D:\marathi-asr\data\vistaar_benchmarks\kathbath_noisy\marathi\wavs\844424933379920-487-m.wav,पण त्वचा अधिक काळ अतिनील किरणांच्या सान्निध्यात राहिल्यास ते कठीण होते,फंत्वाच्या अधिक कार्ड अतिनित किटनांच्या सानितध्यात राहयल्यास तिकटी होते,पण त्वचा अधिक काळ अतिनील किरणांच्या सान्निध्यात राहिल्यास ते कठीण होते,फंत्वाच्या अधिक कार्ड अतिनित किटनांच्या सानितध्यात राहयल्यास तिकटी होते,30.0,81.82,0,5.57
sample_01392,D:\marathi-asr\data\vistaar_benchmarks\kathbath_noisy\marathi\wavs\844424933394795-566-m.wav,अटांडा अयिला युसुफ ४ नोव्हेंबर इ स १९८४ हा कडून आंतरराष्ट्रीय फुटबॉल खेळणारा खेळाडू आहे,अंटंट यालनी सूपचान बररीची सनिकण असू जो्य शेयाकवड आंतरराष्ट्रीय फू वरवा केणारया ाढ आहे,अटांडा अयिला युसुफ ४ नोव्हेंबर इ स १९८४ हा कडून आंतरराष्ट्रीय फुटबॉल खेळणारा खेळाडू आहे,अंटंट यालनी सूपचान बररीची सनिकण असू जो्य शेयाकवड आंतरराष्ट्रीय फू वरवा केणारया ाढ आहे,62.07,93.33,0,7.36
sample_01393,D:\marathi-asr\data\vistaar_benchmarks\kathbath_noisy\marathi\wavs\844424933356008-1120-m.wav,या सभामंडपात प्रत्येक कोपऱ्यात पूर्ण अखंड स्तंभ आहेत,या संगा मंडपात प्रतयेक पत्रात पूर्ण अकंड स्कांब आहे,या सभामंडपात प्रत्येक कोपऱ्यात पूर्ण अखंड स्तंभ आहेत,या संगा मंडपात प्रतयेक पत्रात पूर्ण अकंड स्कांब आहे,26.42,87.5,0,4.18
sample_01394,D:\marathi-asr\data\vistaar_benchmarks\kathbath_noisy\marathi\wavs\844424933280448-817-m.wav,कोव्ह फोर्ट हे अमेरिकेच्या युटा राज्यातील एक ठिकाण आहे,को फोटे आमेरिकेच्या युटा राज्यातीलेक टिकान आहे,कोव्ह फोर्ट हे अमेरिकेच्या युटा राज्यातील एक ठिकाण आहे,को फोटे आमेरिकेच्या युटा राज्यातीलेक टिकान आहे,22.22,77.78,0,3.55
sample_01395,D:\marathi-asr\data\vistaar_benchmarks\kathbath_noisy\marathi\wavs\844424933379918-487-m.wav,पूर्वी या पुरस्काराचे नाव डॉ बाबासाहेब आंबेडकर दलित मित्र पुरस्कार असे होते,पूर्वी या पुरस्तराचे नाव डॉक्टरबर च्राआमेट कर जलित मित्र पूरस्ताराअसे होते,पूर्वी या पुरस्काराचे नाव डॉ बाबासाहेब आंबेडकर दलित मित्र पुरस्कार असे होते,पूर्वी या पुरस्तराचे नाव डॉक्टरबर च्राआमेट कर जलित मित्र पूरस्ताराअसे होते,28.0,58.33,0,5.27
sample_01396,D:\marathi-asr\data\vistaar_benchmarks\kathbath_noisy\marathi\wavs\844424933280446-817-m.wav,सुरवातीला हा गड निजामाचा सरदार मुरारजोगदेव याच्याकड़े होता,सुर्वतीला हा गड निशामाच्या सरधार निरा जुग्यो वेच्शाग ड वहता,सुरवातीला हा गड निजामाचा सरदार मुरारजोगदेव याच्याकड़े होता,सुर्वतीला हा गड निशामाच्या सरधार निरा जुग्यो वेच्शाग ड वहता,37.93,100.0,0,4.78
sample_01397,D:\marathi-asr\data\vistaar_benchmarks\kathbath_noisy\marathi\wavs\844424933394793-566-m.wav,ह्या राळेसारख्या परिचित पदार्थाचे उत्पादन मलाया मलाक्का जावा सुमात्रा आदी देशांत होते,या राडूसारख्य खरेदी प्रदा्थांचे उत्पादन मला यम मलाका जावासमातरा आागी देशात कोू,ह्या राळेसारख्या परिचित पदार्थाचे उत्पादन मलाया मलाक्का जावा सुमात्रा आदी देशांत होते,या राडूसारख्य खरेदी प्रदा्थांचे उत्पादन मला यम मलाका जावासमातरा आागी देशात कोू,31.76,91.67,0,7.71
sample_01398,D:\marathi-asr\data\vistaar_benchmarks\kathbath_noisy\marathi\wavs\844424933394877-566-m.wav,महाराजानी कोल्हापूर बेळगाव या भागातील स्वातंत्र्यवीराना वेळोवेळी आर्थिक व इतर मदत केली,मारा बेडी फूल ला पूर विळे ला या बाजाती सातंत्र वेळ ान वळेगवेगळा आर्थिक प्यिता मदत केले,महाराजानी कोल्हापूर बेळगाव या भागातील स्वातंत्र्यवीराना वेळोवेळी आर्थिक व इतर मदत केली,मारा बेडी फूल ला पूर विळे ला या बाजाती सातंत्र वेळ ान वळेगवेगळा आर्थिक प्यिता मदत केले,44.19,125.0,0,5.46
sample_01399,D:\marathi-asr\data\vistaar_benchmarks\kathbath_noisy\marathi\wavs\844424933381603-676-m.wav,मिरची हे उष्ण कटिबंधीय अमेरिका येथील फळ आहे असे मानले जाते,मीजसी एक उष्ण प्रटिबंधीय अमेधिका एटर फळ आहे असे मानले जाते,मिरची हे उष्ण कटिबंधीय अमेरिका येथील फळ आहे असे मानले जाते,मीजसी एक उष्ण प्रटिबंधीय अमेधिका एटर फळ आहे असे मानले जाते,24.14,45.45,0,7.2
sample_01400,D:\marathi-asr\data\vistaar_benchmarks\kathbath_noisy\marathi\wavs\844424933379932-487-m.wav,२ ब्रह्मदेव रावणाला म्हणाले फक्त ह्या कुपीचे रक्षण कर,दोन द्रम्य राव्णाला म्हणाले फक्त ह्यात कुपीचे रक्षण कर,२ ब्रह्मदेव रावणाला म्हणाले फक्त ह्या कुपीचे रक्षण कर,दोन द्रम्य राव्णाला म्हणाले फक्त ह्यात कुपीचे रक्षण कर,20.75,44.44,0,5.53
sample_01401,D:\marathi-asr\data\vistaar_benchmarks\kathbath_noisy\marathi\wavs\844424933379955-487-m.wav,मंत्रालयाच्या कार्यक्षेत्रातील तीन व्यापक क्षेत्रे म्हणजे कृषी अन्न प्रक्रिया आणि सहकार,मंत्रालेयाच्याकारय क्षेत्रातील तीन व्यापक क्षेत्रीम्हणजे कृषी अन्न प्रक्रियाआणि सहकार,मंत्रालयाच्या कार्यक्षेत्रातील तीन व्यापक क्षेत्रे म्हणजे कृषी अन्न प्रक्रिया आणि सहकार,मंत्रालेयाच्याकारय क्षेत्रातील तीन व्यापक क्षेत्रीम्हणजे कृषी अन्न प्रक्रियाआणि सहकार,8.05,54.55,0,6.01
sample_01402,D:\marathi-asr\data\vistaar_benchmarks\kathbath_noisy\marathi\wavs\844424933373395-962-m.wav,तिसाव्या दशकात म्हणजे लग्नानंतर अल्पावधीतच त्यांच्या पतीचे निधन झाले,किसाव्यक शक्तात म्हणजे टकण्यानंतर आलपावाचीकस त्यांच्या खती कुमी कणत आहे,तिसाव्या दशकात म्हणजे लग्नानंतर अल्पावधीतच त्यांच्या पतीचे निधन झाले,किसाव्यक शक्तात म्हणजे टकण्यानंतर आलपावाचीकस त्यांच्या खती कुमी कणत आहे,41.18,88.89,0,6.13
sample_01403,D:\marathi-asr\data\vistaar_benchmarks\kathbath_noisy\marathi\wavs\844424933379917-487-m.wav,चर्चासत्र आयोजन मराठी विषयाच्या १ राज्यस्तरीय व २ राष्ट्रीय चर्चासत्रांचे यशस्वी संयोजन,चरच्या क्षेत्र आयोजन मला ठीविषयाच्या एक रातज्जास्त्रीयव दून राष्टरीय ्याच्या स्त्राची अशेस विसय योजन,चर्चासत्र आयोजन मराठी विषयाच्या १ राज्यस्तरीय व २ राष्ट्रीय चर्चासत्रांचे यशस्वी संयोजन,चरच्या क्षेत्र आयोजन मला ठीविषयाच्या एक रातज्जास्त्रीयव दून राष्टरीय ्याच्या स्त्राची अशेस विसय योजन,42.53,108.33,0,6.62
sample_01404,D:\marathi-asr\data\vistaar_benchmarks\kathbath_noisy\marathi\wavs\844424933394028-426-m.wav,अमेरिकेचा तिसरा राष्ट्राध्यक्ष थॉमस जेफरसनचे नाव ह्या शहराला देण्यात आले आहे,रिकीचा तिसरा राष्टरापेक्ष खामत्यपरसंचिनाव हया शरला केण्यात आले आहे,अमेरिकेचा तिसरा राष्ट्राध्यक्ष थॉमस जेफरसनचे नाव ह्या शहराला देण्यात आले आहे,रिकीचा तिसरा राष्टरापेक्ष खामत्यपरसंचिनाव हया शरला केण्यात आले आहे,28.95,72.73,0,7.06
sample_01405,D:\marathi-asr\data\vistaar_benchmarks\kathbath_noisy\marathi\wavs\844424933373444-962-m.wav,या प्रकल्पावर ३० सप्टेंबर २०१७ रोजी ट्रायल रन घेण्यात आला,या प्रकारपा वर ती स टप्केमल दोन जार सत्रा रजि क्रॅक्र क्रॅम देणना ता,या प्रकल्पावर ३० सप्टेंबर २०१७ रोजी ट्रायल रन घेण्यात आला,या प्रकारपा वर ती स टप्केमल दोन जार सत्रा रजि क्रॅक्र क्रॅम देणना ता,68.42,130.0,0,4.57
sample_01406,D:\marathi-asr\data\vistaar_benchmarks\kathbath_noisy\marathi\wavs\844424933394027-426-m.wav,याचे मुख्य प्रांगण पुण्यातील पौड रोड भागात आहे,किकी पानगळ ज्यातीबूरोड बागारत आहे,याचे मुख्य प्रांगण पुण्यातील पौड रोड भागात आहे,किकी पानगळ ज्यातीबूरोड बागारत आहे,54.35,87.5,0,5.43
sample_01407,D:\marathi-asr\data\vistaar_benchmarks\kathbath_noisy\marathi\wavs\844424933394879-566-m.wav,लिंगभाव पुरुषत्व व धर्म यांचा स्पष्ट संबंध आहे,वंगबा पूविस्त्व व दरम यांचा स्परष्ट सबंध आहे,लिंगभाव पुरुषत्व व धर्म यांचा स्पष्ट संबंध आहे,वंगबा पूविस्त्व व दरम यांचा स्परष्ट सबंध आहे,28.26,62.5,0,3.65
sample_01408,D:\marathi-asr\data\vistaar_benchmarks\kathbath_noisy\marathi\wavs\844424933355987-1120-m.wav,मधल्या पांढऱ्या पट्ट्याच्या मध्यभागी एल साल्व्हाडोरचे राष्ट्रीय चिन्ह दर्शवले आहे,मधल्या पांढ्या पट्यांच्या मध्यबागी एक साल्वडरचे राष्टरीय चीं न दर शवल्यआहे,मधल्या पांढऱ्या पट्ट्याच्या मध्यभागी एल साल्व्हाडोरचे राष्ट्रीय चिन्ह दर्शवले आहे,मधल्या पांढ्या पट्यांच्या मध्यबागी एक साल्वडरचे राष्टरीय चीं न दर शवल्यआहे,23.17,100.0,0,5.9
sample_01409,D:\marathi-asr\data\vistaar_benchmarks\kathbath_noisy\marathi\wavs\844424933381586-676-m.wav,शारिरीक आणि मानसिक थकवा जडपणा या भाजीने कमी होतो,सार्गिक आणि मानसिक्चका जडपणाया भाजीने कमी होतो,शारिरीक आणि मानसिक थकवा जडपणा या भाजीने कमी होतो,सार्गिक आणि मानसिक्चका जडपणाया भाजीने कमी होतो,16.67,55.56,0,6.25
sample_01410,D:\marathi-asr\data\vistaar_benchmarks\kathbath_noisy\marathi\wavs\844424933356002-1120-m.wav,भावबंधन एकच प्याला यांसारख्या नाटकांची तर आजही एव्हरग्रीन म्हणून जाहिरात केली जाते,भावबंधन एकच त्याला ग्ॅानसरख्या नाटकांची तर आजही एवर्गीन म्हणून जहरात केली जाते,भावबंधन एकच प्याला यांसारख्या नाटकांची तर आजही एव्हरग्रीन म्हणून जाहिरात केली जाते,भावबंधन एकच त्याला ग्ॅानसरख्या नाटकांची तर आजही एवर्गीन म्हणून जहरात केली जाते,14.63,33.33,0,6.18
sample_01411,D:\marathi-asr\data\vistaar_benchmarks\kathbath_noisy\marathi\wavs\844424933280478-817-m.wav,त्यामुळे आनंद व्यक्तिरेखा त्यानी उत्कृष्ट रित्या साकारून चित्रपट अजरामर केला,त्यामुळे अन व्यक्तीरीहा त्यानी कृष्टित्या साकरून चत्र हजरामर केला,त्यामुळे आनंद व्यक्तिरेखा त्यानी उत्कृष्ट रित्या साकारून चित्रपट अजरामर केला,त्यामुळे अन व्यक्तीरीहा त्यानी कृष्टित्या साकरून चत्र हजरामर केला,21.05,70.0,0,11.91
sample_01412,D:\marathi-asr\data\vistaar_benchmarks\kathbath_noisy\marathi\wavs\844424933394831-566-m.wav,धोंडेवाडी हे भारतातील महाराष्ट्र राज्यातील सांगली जिल्ह्यातील तासगांव तालुक्यातील एक गाव आहे,दोनेवाळी ने बारगेतू माश नागेतील चांगली दिले त ता भाव कारू यकेले काय ??,धोंडेवाडी हे भारतातील महाराष्ट्र राज्यातील सांगली जिल्ह्यातील तासगांव तालुक्यातील एक गाव आहे,दोनेवाळी ने बारगेतू माश नागेतील चांगली दिले त ता भाव कारू यकेले काय,56.52,108.33,0,5.25
sample_01413,D:\marathi-asr\data\vistaar_benchmarks\kathbath_noisy\marathi\wavs\844424933381617-676-m.wav,आळवण हे भारताच्या महाराष्ट्र राज्यातील नंदुरबार जिल्ह्यातील तळोदा तालुक्यातील एक गाव आहे,हळवनीहे भारताच्या मारात त वाज्यतील नंदूर भार तुडल्या तीतडूटा काली प्कील एकरावा,आळवण हे भारताच्या महाराष्ट्र राज्यातील नंदुरबार जिल्ह्यातील तळोदा तालुक्यातील एक गाव आहे,हळवनीहे भारताच्या मारात त वाज्यतील नंदूर भार तुडल्या तीतडूटा काली प्कील एकरावा,43.18,100.0,0,8.61
sample_01414,D:\marathi-asr\data\vistaar_benchmarks\kathbath_noisy\marathi\wavs\844424933379975-487-m.wav,कदाचित हिलाच प्राचीन काळात पुष्करिणी नावाने ओळखले जात असावे असे वाटते,पधाची फिलाच प्राचीन कळात बुसकरीही नावाणने ओळखले जात असा व्यासे वाटते,कदाचित हिलाच प्राचीन काळात पुष्करिणी नावाने ओळखले जात असावे असे वाटते,पधाची फिलाच प्राचीन कळात बुसकरीही नावाणने ओळखले जात असा व्यासे वाटते,23.19,63.64,0,5.11
sample_01415,D:\marathi-asr\data\vistaar_benchmarks\kathbath_noisy\marathi\wavs\844424933379948-487-m.wav,हा रस्ता फक्त १३ किमी चा असून बहुंताशी भाविक याच मार्गाने येणे पसंत करतात,आारष्ट्था प्धत्ते रातीनिवितरचा असून दोतांची भागीक याच मार्याने देने प्संत करतात,हा रस्ता फक्त १३ किमी चा असून बहुंताशी भाविक याच मार्गाने येणे पसंत करतात,आारष्ट्था प्धत्ते रातीनिवितरचा असून दोतांची भागीक याच मार्याने देने प्संत करतात,43.84,78.57,0,5.94
sample_01416,D:\marathi-asr\data\vistaar_benchmarks\kathbath_noisy\marathi\wavs\844424933394829-566-m.wav,मुसळवाडी हे भारतातील महाराष्ट्र राज्यातील वाशिम जिल्ह्यातील मालेगाव तालुक्यातील एक गाव आहे,सळाळी ही भारतातील माष्ट राज्याती वासून गिल्यातील माले गावताल ्येतीले काय,मुसळवाडी हे भारतातील महाराष्ट्र राज्यातील वाशिम जिल्ह्यातील मालेगाव तालुक्यातील एक गाव आहे,सळाळी ही भारतातील माष्ट राज्याती वासून गिल्यातील माले गावताल ्येतीले काय,34.44,91.67,0,5.6
sample_01417,D:\marathi-asr\data\vistaar_benchmarks\kathbath_noisy\marathi\wavs\844424933373403-962-m.wav,जयवर्धनेचे शानदार शतक आणि दिलशानच्या ५० धावांमुळे श्रीलंकेने २४२ धावा केल्या,जैवर्धानीची सारत कशषेतात आणि देशांच्या प्नास्था बागवडेशी ल्केनदनचे पिचरतावा केली,जयवर्धनेचे शानदार शतक आणि दिलशानच्या ५० धावांमुळे श्रीलंकेने २४२ धावा केल्या,जैवर्धानीची सारत कशषेतात आणि देशांच्या प्नास्था बागवडेशी ल्केनदनचे पिचरतावा केली,60.53,90.91,0,6.92
sample_01418,D:\marathi-asr\data\vistaar_benchmarks\kathbath_noisy\marathi\wavs\844424933280465-817-m.wav,सुख दुःखाचा प्रत्यक्ष अनुभव करणे म्हणजेच त्या एकप्रकारच्या संवेदनाच होय,सुख दुकाच्या प्रत्येकक् अनुभ करणारे म्हणजे त्या एक प्रकारचा सगवेधनच होय,सुख दुःखाचा प्रत्यक्ष अनुभव करणे म्हणजेच त्या एकप्रकारच्या संवेदनाच होय,सुख दुकाच्या प्रत्येकक् अनुभ करणारे म्हणजे त्या एक प्रकारचा सगवेधनच होय,23.94,80.0,0,8.38
sample_01419,D:\marathi-asr\data\vistaar_benchmarks\kathbath_noisy\marathi\wavs\844424933356019-1120-m.wav,मालेगाव हे भारताच्या महाराष्ट्र राज्यातील पुणे जिल्ह्यातील मुळशी तालुक्यातील एक गाव आहे,माले गवही भरताच्या भहाष्ट्रत जेखील निजिलेतील मुळशी ताल गेतीली का ?,मालेगाव हे भारताच्या महाराष्ट्र राज्यातील पुणे जिल्ह्यातील मुळशी तालुक्यातील एक गाव आहे,माले गवही भरताच्या भहाष्ट्रत जेखील निजिलेतील मुळशी ताल गेतीली का,44.83,91.67,0,4.85
sample_01420,D:\marathi-asr\data\vistaar_benchmarks\kathbath_noisy\marathi\wavs\844424933355967-1120-m.wav,संचालनाच्या दृष्टीने या रेल्वेस विभागीय रेल्वेचा दर्जा आहे,संचलनाच्या दृष्टीनियारेहे विभाग ीय रेल्वेचा दरचे आहे,संचालनाच्या दृष्टीने या रेल्वेस विभागीय रेल्वेचा दर्जा आहे,संचलनाच्या दृष्टीनियारेहे विभाग ीय रेल्वेचा दरचे आहे,20.69,75.0,0,3.95
sample_01421,D:\marathi-asr\data\vistaar_benchmarks\kathbath_noisy\marathi\wavs\844424933379927-487-m.wav,शिक्षक कृतिशील सुधारक नितळनिर्व्याज माणूस ही गुणविशेषणे त्यांना सार्थपणे लावली गेली,शिक्षक कृतीशील सुधारइिंिटर निर्व्याज माणूस हएक गुनवशी सणे त्यांना सारखपणे लावली देला,शिक्षक कृतिशील सुधारक नितळनिर्व्याज माणूस ही गुणविशेषणे त्यांना सार्थपणे लावली गेली,शिक्षक कृतीशील सुधारइिंिटर निर्व्याज माणूस हएक गुनवशी सणे त्यांना सारखपणे लावली देला,21.69,72.73,0,7.71
sample_01422,D:\marathi-asr\data\vistaar_benchmarks\kathbath_noisy\marathi\wavs\844424933379987-487-m.wav,सर्व खोल्यातून ऋतुमाना नुसार आवस्यक तापमान ठेवण्यासाठी वातानुकूलित सुविधा सेटेलाइट,सर्व खोल्यातून ृतुमानांुसार आवश्यक अपमाण ठेवण्यासाठी वारतानुकुलित सुविधाअसे केलाह,सर्व खोल्यातून ऋतुमाना नुसार आवस्यक तापमान ठेवण्यासाठी वातानुकूलित सुविधा सेटेलाइट,सर्व खोल्यातून ृतुमानांुसार आवश्यक अपमाण ठेवण्यासाठी वारतानुकुलित सुविधाअसे केलाह,17.07,70.0,0,6.71
sample_01423,D:\marathi-asr\data\vistaar_benchmarks\kathbath_noisy\marathi\wavs\844424933379967-487-m.wav,स्पेन अल्जीरिया इटली तुर्की पुर्तगाल आणि ग्रीस मध्ये याची शेती व्यावसायिक स्तर वर केली जाते,"स्पेन अल्जिरिया इकलीतूर की , पूर्तगाल आणि ग्रीसमध्ये याची शेती व्यवसायक स्तरवर केली जाते",स्पेन अल्जीरिया इटली तुर्की पुर्तगाल आणि ग्रीस मध्ये याची शेती व्यावसायिक स्तर वर केली जाते,स्पेन अल्जिरिया इकलीतूर की पूर्तगाल आणि ग्रीसमध्ये याची शेती व्यवसायक स्तरवर केली जाते,10.99,60.0,0,7.71
sample_01424,D:\marathi-asr\data\vistaar_benchmarks\kathbath_noisy\marathi\wavs\844424933381627-676-m.wav,१९८० आणि इ स २००९ च्या लोकसभा निवडणुकींमध्ये हिमाचल प्रदेश मधून लोकसभेवर निवडून गेले होते,"एकोणेश आंसे आणि इफीसंदोनजर्न ,च्या ्रोकसब निवलुकींगमध्ये विमाचर प्रदेश मधून लोकसगव्वर निवडून गेले होते",१९८० आणि इ स २००९ च्या लोकसभा निवडणुकींमध्ये हिमाचल प्रदेश मधून लोकसभेवर निवडून गेले होते,एकोणेश आंसे आणि इफीसंदोनजर्न च्या ्रोकसब निवलुकींगमध्ये विमाचर प्रदेश मधून लोकसगव्वर निवडून गेले होते,37.08,60.0,0,8.87
sample_01425,D:\marathi-asr\data\vistaar_benchmarks\kathbath_noisy\marathi\wavs\844424933280441-817-m.wav,विद्यापीठ कला विज्ञान वाणिज्य शिक्षण व्यवसाय प्रशासन व औषधनिर्माणशास्त्र या शाखांतील २७ पदव्यूत्तर पाठ्यक्रम चालवते,वित्यापेरीट कला विज्ञान वाणेचे शिक्षण व्यवसायव परशासन व औषध निर्ाण शास्त्र हया शयाखाते सत्तयश ्थलीत तर पाटेक्रम चालवते,विद्यापीठ कला विज्ञान वाणिज्य शिक्षण व्यवसाय प्रशासन व औषधनिर्माणशास्त्र या शाखांतील २७ पदव्यूत्तर पाठ्यक्रम चालवते,वित्यापेरीट कला विज्ञान वाणेचे शिक्षण व्यवसायव परशासन व औषध निर्ाण शास्त्र हया शयाखाते सत्तयश ्थलीत तर पाटेक्रम चालवते,27.83,86.67,0,8.06
sample_01426,D:\marathi-asr\data\vistaar_benchmarks\kathbath_noisy\marathi\wavs\844424933373436-962-m.wav,सर्वसामान्यांसाठी असणारा गीतेवरील ज्ञानेश्वरांचा हा टीकाग्रंथ मराठीतील सर्वश्रेष्ठ ग्रंथ आहे,सर्वासा मान्यासाठी असणारा नितीवरिकनिशरांचा ा पि कालनंत मदतीची सरक्षित टकडनता,सर्वसामान्यांसाठी असणारा गीतेवरील ज्ञानेश्वरांचा हा टीकाग्रंथ मराठीतील सर्वश्रेष्ठ ग्रंथ आहे,सर्वासा मान्यासाठी असणारा नितीवरिकनिशरांचा ा पि कालनंत मदतीची सरक्षित टकडनता,48.91,100.0,0,6.15
sample_01427,D:\marathi-asr\data\vistaar_benchmarks\kathbath_noisy\marathi\wavs\844424933355958-1120-m.wav,सातपुडा पर्वतरांग विंध्य पर्वतरांगांच्या दक्षिणेस समांतर असून नर्मदा नदीच्या खोऱ्याने मधला प्रदेश व्यापला आहे,ळपर्वतंगा वित्तीय पर्वत रांगांच्या दक्षिणेश समांतरसून व व्वेयरमधला प्रदेश वापल आहे,सातपुडा पर्वतरांग विंध्य पर्वतरांगांच्या दक्षिणेस समांतर असून नर्मदा नदीच्या खोऱ्याने मधला प्रदेश व्यापला आहे,ळपर्वतंगा वित्तीय पर्वत रांगांच्या दक्षिणेश समांतरसून व व्वेयरमधला प्रदेश वापल आहे,40.0,85.71,0,9.31
sample_01428,D:\marathi-asr\data\vistaar_benchmarks\kathbath_noisy\marathi\wavs\844424933379942-487-m.wav,तेव्हा गुरू हा चंद्र व शुक्रानंतरचा आकाशातील सर्वाधिक प्रकाशमान ग्रह बनतो,तेव्हा गुरू हा जंद्र वरशीप्राण अंतर ्या आकाशातील सर्वाधिक प्रकाश्मान ग्रह बनतो,तेव्हा गुरू हा चंद्र व शुक्रानंतरचा आकाशातील सर्वाधिक प्रकाशमान ग्रह बनतो,तेव्हा गुरू हा जंद्र वरशीप्राण अंतर ्या आकाशातील सर्वाधिक प्रकाश्मान ग्रह बनतो,15.07,45.45,0,5.69
sample_01429,D:\marathi-asr\data\vistaar_benchmarks\kathbath_noisy\marathi\wavs\844424933394030-426-m.wav,कॉलरा झाल्यानंतर रुग्णाला प्रथमतः उकळलेले पाणी दिले पाहिजे,कालूरा झाल्यानंतर रूगनाला प्रथंटहा उकडलेले पाणली पाहिजे,कॉलरा झाल्यानंतर रुग्णाला प्रथमतः उकळलेले पाणी दिले पाहिजे,कालूरा झाल्यानंतर रूगनाला प्रथंटहा उकडलेले पाणली पाहिजे,25.86,75.0,0,6.85
sample_01430,D:\marathi-asr\data\vistaar_benchmarks\kathbath_noisy\marathi\wavs\844424933356026-1120-m.wav,तो सिंह व त्याकडील मणी रूक्षराज जाम्बवंताच्या दृष्टीस पडतो,कृषी ह व त्या कडील मनी वृक्षरा रामुवतांच्या दुष्टीष पट,तो सिंह व त्याकडील मणी रूक्षराज जाम्बवंताच्या दृष्टीस पडतो,कृषी ह व त्या कडील मनी वृक्षरा रामुवतांच्या दुष्टीष पट,36.21,100.0,0,5.46
sample_01431,D:\marathi-asr\data\vistaar_benchmarks\kathbath_noisy\marathi\wavs\844424933394040-426-m.wav,त्यानंतर तीन वर्षे अमेरिकेत पोस्ट डॉक्टरल फेलोशिपअंतर्गत संशोधन केल्यावर ते भारतात परतले,त्यानंच पिन वर्षा अमेरिकेत पोस्त जास्वल हडृशीपंतर्गात संशोधन केल्यावर पे भारतात करतते,त्यानंतर तीन वर्षे अमेरिकेत पोस्ट डॉक्टरल फेलोशिपअंतर्गत संशोधन केल्यावर ते भारतात परतले,त्यानंच पिन वर्षा अमेरिकेत पोस्त जास्वल हडृशीपंतर्गात संशोधन केल्यावर पे भारतात करतते,23.86,66.67,0,8.08
sample_01432,D:\marathi-asr\data\vistaar_benchmarks\kathbath_noisy\marathi\wavs\844424933393989-426-m.wav,या पाणबुड्या ग्वादालकॅनालच्या नैऋत्येस ४ समुद्री मैल रांग लावून पाळत ठेवीत बसलेल्या होत्या,या पांबूड्या गवादाल कॅनलच्या नेरृत्तेच चयार समुद्रीमेल ्रांगलान पाळत ठेवीत बसलेल्या होत्या,या पाणबुड्या ग्वादालकॅनालच्या नैऋत्येस ४ समुद्री मैल रांग लावून पाळत ठेवीत बसलेल्या होत्या,या पांबूड्या गवादाल कॅनलच्या नेरृत्तेच चयार समुद्रीमेल ्रांगलान पाळत ठेवीत बसलेल्या होत्या,22.22,61.54,0,13.14
sample_01433,D:\marathi-asr\data\vistaar_benchmarks\kathbath_noisy\marathi\wavs\844424933394837-566-m.wav,बालीतील वर्णव्यवस्था जन्मावर आधारित नाही म्हणून एकाच कुटुंबात अनेक वर्णांच्या व्यक्ती असू शकतात,जरती वन व्यवस्था जमा हरासारित मान्ामा कशु तुंबात हाधमान्यांची वित्ती सू शकत,बालीतील वर्णव्यवस्था जन्मावर आधारित नाही म्हणून एकाच कुटुंबात अनेक वर्णांच्या व्यक्ती असू शकतात,जरती वन व्यवस्था जमा हरासारित मान्ामा कशु तुंबात हाधमान्यांची वित्ती सू शकत,49.47,100.0,0,5.43
sample_01434,D:\marathi-asr\data\vistaar_benchmarks\kathbath_noisy\marathi\wavs\844424933381624-676-m.wav,वासगडे हे भारतातील महाराष्ट्र राज्यातील सांगली जिल्ह्यातील पलुस तालुक्यातील एक गाव आहे,वासगडे हे भातातील महारत् बाज्यरतीत चांगली गिल्यातील फलनसस थल्याती एेक गाव आहे,वासगडे हे भारतातील महाराष्ट्र राज्यातील सांगली जिल्ह्यातील पलुस तालुक्यातील एक गाव आहे,वासगडे हे भातातील महारत् बाज्यरतीत चांगली गिल्यातील फलनसस थल्याती एेक गाव आहे,25.58,66.67,0,7.85
sample_01435,D:\marathi-asr\data\vistaar_benchmarks\kathbath_noisy\marathi\wavs\844424933394861-566-m.wav,चिखलवाडी हे भारतातील महाराष्ट्र राज्यातील दक्षिण कोकणातील रत्नागिरी जिल्ह्यातील रत्नागिरी तालुक्यातील एक गाव आहे,पिकरजाडी एक भारपोती माे्च्या ायज्यात उद्देक्शिण कोकण्यात उड्यत नहिरी दिल्याते ऑट नाहिरीतालेख ओलिक्ध आहे,चिखलवाडी हे भारतातील महाराष्ट्र राज्यातील दक्षिण कोकणातील रत्नागिरी जिल्ह्यातील रत्नागिरी तालुक्यातील एक गाव आहे,पिकरजाडी एक भारपोती माे्च्या ायज्यात उद्देक्शिण कोकण्यात उड्यत नहिरी दिल्याते ऑट नाहिरीतालेख ओलिक्ध आहे,50.89,92.86,0,5.99
sample_01436,D:\marathi-asr\data\vistaar_benchmarks\kathbath_noisy\marathi\wavs\844424933280440-817-m.wav,असे मानतात की जपानी माकीईची सुरुवात नारा काळात झाली,असे मानतात की जपानी माकीची सुरुवात नारा काळात झाली,असे मानतात की जपानी माकीईची सुरुवात नारा काळात झाली,असे मानतात की जपानी माकीची सुरुवात नारा काळात झाली,1.96,11.11,0,4.48
sample_01437,D:\marathi-asr\data\vistaar_benchmarks\kathbath_noisy\marathi\wavs\844424933379971-487-m.wav,डॉ गजानन यशवंत चिटणीस हे रॉयवादी विचारसरणीचे मराठी लेखक होते,डॉक्टर गजनन यास्व ताची पणीसे रायवादी विचार सर्नीच्या मराची लेख कोते,डॉ गजानन यशवंत चिटणीस हे रॉयवादी विचारसरणीचे मराठी लेखक होते,डॉक्टर गजनन यास्व ताची पणीसे रायवादी विचार सर्नीच्या मराची लेख कोते,41.67,110.0,0,6.04
sample_01438,D:\marathi-asr\data\vistaar_benchmarks\kathbath_noisy\marathi\wavs\844424933394818-566-m.wav,अशा प्रकारे मूळ अमेरिकन कंपनीने कोणत्याही प्रकारची मदत अथवा नुकसान भरपाई देण्यासाठी नकार दिला,माशया ्ा प्रकारा मुळ अमिर्कं कम फीन कोणत्याही प्रकारची मादतात्वा नुकसंभर पयद्यासाठी ना काळदिला,अशा प्रकारे मूळ अमेरिकन कंपनीने कोणत्याही प्रकारची मदत अथवा नुकसान भरपाई देण्यासाठी नकार दिला,माशया ्ा प्रकारा मुळ अमिर्कं कम फीन कोणत्याही प्रकारची मादतात्वा नुकसंभर पयद्यासाठी ना काळदिला,34.41,100.0,0,5.69
sample_01439,D:\marathi-asr\data\vistaar_benchmarks\kathbath_noisy\marathi\wavs\844424933379937-487-m.wav,या मासिकामध्ये श्रीअरविंद व श्रीमाताजी यांच्या इंग्रजी साहित्याचा अनुवाद प्रकाशित केला जातो,या मासिका मध्ये शरीयर विंलव्ष्वी मातात वियांच्या इंग्राची साहित्याचा अनुवात प्रकारषित केला जातो,या मासिकामध्ये श्रीअरविंद व श्रीमाताजी यांच्या इंग्रजी साहित्याचा अनुवाद प्रकाशित केला जातो,या मासिका मध्ये शरीयर विंलव्ष्वी मातात वियांच्या इंग्राची साहित्याचा अनुवात प्रकारषित केला जातो,20.88,75.0,0,6.94
sample_01440,D:\marathi-asr\data\vistaar_benchmarks\kathbath_noisy\marathi\wavs\844424933355982-1120-m.wav,शदाब खान ४ ऑक्टोबर १९९८ हयात हा पाकिस्तानच्या क्रिकेट संघाकडून खेळणारा खेळाडू आहे,शदाक खाळं चयार रअक्टोबरेएकोनि्षरख्यानव यात आपाफिस्तांच्य क्रचीक संगाकडून योजनारा चिडललू वआहे,शदाब खान ४ ऑक्टोबर १९९८ हयात हा पाकिस्तानच्या क्रिकेट संघाकडून खेळणारा खेळाडू आहे,शदाक खाळं चयार रअक्टोबरेएकोनि्षरख्यानव यात आपाफिस्तांच्य क्रचीक संगाकडून योजनारा चिडललू वआहे,53.09,100.0,0,6.85
sample_01441,D:\marathi-asr\data\vistaar_benchmarks\kathbath_noisy\marathi\wavs\844424933373401-962-m.wav,नेपाळच्या राजाने प्रसंग ओळखून आपली कन्या नरदेवाला दिली,मीपारच्या राज्यानिक्र संग वडकूना पी कंल्यानार देगागा दिली,नेपाळच्या राजाने प्रसंग ओळखून आपली कन्या नरदेवाला दिली,मीपारच्या राज्यानिक्र संग वडकूना पी कंल्यानार देगागा दिली,40.74,87.5,0,5.09
sample_01442,D:\marathi-asr\data\vistaar_benchmarks\kathbath_noisy\marathi\wavs\844424933355986-1120-m.wav,औरंगाबाद लेणी ही औरंगाबाद शहरातील बीबी का मकबरापासून उत्तरेला सुमारे दोन किलोमीटर अंतरावर आहे,अरंगबातलेनी तरमगवात चहरातील विवी त मगभरापासून उत्यायला सुमारे दून किलिविटर आंत्रावर आहेत,औरंगाबाद लेणी ही औरंगाबाद शहरातील बीबी का मकबरापासून उत्तरेला सुमारे दोन किलोमीटर अंतरावर आहे,अरंगबातलेनी तरमगवात चहरातील विवी त मगभरापासून उत्यायला सुमारे दून किलिविटर आंत्रावर आहेत,33.33,92.86,0,7.62
sample_01443,D:\marathi-asr\data\vistaar_benchmarks\kathbath_noisy\marathi\wavs\844424933379907-487-m.wav,हुसेंनसागर रेल्वेला एचई ब्रीद वाक्य अतिशय एलएएजीयू पडत,ुसेन सादर रेललेला ऐचाही बिध बाक्यादिसय एल.टमजी पडत,हुसेंनसागर रेल्वेला एचई ब्रीद वाक्य अतिशय एलएएजीयू पडत,ुसेन सादर रेललेला ऐचाही बिध बाक्यादिसय एल टमजी पडत,44.44,100.0,0,7.15
sample_01444,D:\marathi-asr\data\vistaar_benchmarks\kathbath_noisy\marathi\wavs\844424933381631-676-m.wav,म्हणून खाली दिलेल्या कार्याकरिता निश्चित योजना तयार कराव्या लागतात,म्हणून खाली दिलेल्या का्या करता नि स्थिट योजना तयार करा्या लागतात,म्हणून खाली दिलेल्या कार्याकरिता निश्चित योजना तयार कराव्या लागतात,म्हणून खाली दिलेल्या का्या करता नि स्थिट योजना तयार करा्या लागतात,12.12,55.56,0,6.06
sample_01445,D:\marathi-asr\data\vistaar_benchmarks\kathbath_noisy\marathi\wavs\844424933356013-1120-m.wav,गुलाम म्हणून एका कुटुंबातून दुसऱ्या कुटुंबात हस्तांतरित केले जात,फुला म्हणून एका कुटुंबातून दुस्या कुटुंबात हस्तांतरित केली जात,गुलाम म्हणून एका कुटुंबातून दुसऱ्या कुटुंबात हस्तांतरित केले जात,फुला म्हणून एका कुटुंबातून दुस्या कुटुंबात हस्तांतरित केली जात,7.69,33.33,0,4.92
sample_01446,D:\marathi-asr\data\vistaar_benchmarks\kathbath_noisy\marathi\wavs\844424933379911-487-m.wav,याबरोबरच कोवॅस संस्थेतर्फे जांभेकर बाईंनी अनेक उपक्रमांना सुरुवात केली आहे,जयाबरोबोरच पोड्यासंतेतर्के जांबली कर बाईनी अनि प्रमाणणा सुरुवात केली आहे,याबरोबरच कोवॅस संस्थेतर्फे जांभेकर बाईंनी अनेक उपक्रमांना सुरुवात केली आहे,जयाबरोबोरच पोड्यासंतेतर्के जांबली कर बाईनी अनि प्रमाणणा सुरुवात केली आहे,29.73,70.0,0,5.85
sample_01447,D:\marathi-asr\data\vistaar_benchmarks\kathbath_noisy\marathi\wavs\844424933394848-566-m.wav,यांची पत्नी भाग्यश्री साठे ठिपसे ही महिला इंटरनॅशनल मास्टर आहे,याची पटीबाज देशरीसाठे तिबसेही महिल ंके नॅशनल माष्टर आहे,यांची पत्नी भाग्यश्री साठे ठिपसे ही महिला इंटरनॅशनल मास्टर आहे,याची पटीबाज देशरीसाठे तिबसेही महिल ंके नॅशनल माष्टर आहे,33.87,90.0,0,4.25
sample_01448,D:\marathi-asr\data\vistaar_benchmarks\kathbath_noisy\marathi\wavs\844424933373381-962-m.wav,ते ऐकून तुमचा हा हेतु मी पुरवितो म्हणून गोरक्षाने त्यास सांगितले,ते एक कुंतुमचा हाहे तुम्ही पूर्वितू म्हणून गोरक्षाने त्यास सांगितले,ते ऐकून तुमचा हा हेतु मी पुरवितो म्हणून गोरक्षाने त्यास सांगितले,ते एक कुंतुमचा हाहे तुम्ही पूर्वितू म्हणून गोरक्षाने त्यास सांगितले,20.31,54.55,0,7.04
sample_01449,D:\marathi-asr\data\vistaar_benchmarks\kathbath_noisy\marathi\wavs\844424933280492-817-m.wav,जे राष्ट्रीय गुंणोत्तर च्या ५९५ पेक्षा जास्त आहे,जीय राष्ट्रीय गुणतकरच्या पाशेन पंजन पे्षात जास्त आहे,जे राष्ट्रीय गुंणोत्तर च्या ५९५ पेक्षा जास्त आहे,जीय राष्ट्रीय गुणतकरच्या पाशेन पंजन पे्षात जास्त आहे,39.58,62.5,0,7.13
sample_01450,D:\marathi-asr\data\vistaar_benchmarks\kathbath_noisy\marathi\wavs\844424933280474-817-m.wav,ही लिपी अजूनही तैवान हॉंगकॉंग आणि मकाव या चीनशेजारील भूभागांमध्ये प्रचलित आहे,हलपी आजूनीी तायवान फप् आण मकाव्याचीनीश चारील भुभागामध्ये प्रचलित आहे,ही लिपी अजूनही तैवान हॉंगकॉंग आणि मकाव या चीनशेजारील भूभागांमध्ये प्रचलित आहे,हलपी आजूनीी तायवान फप् आण मकाव्याचीनीश चारील भुभागामध्ये प्रचलित आहे,29.87,83.33,0,11.15
sample_01451,D:\marathi-asr\data\vistaar_benchmarks\kathbath_noisy\marathi\wavs\844424933280477-817-m.wav,आंबेगाव हे भारताच्या महाराष्ट्र राज्यातील पुणे जिल्ह्यातील हवेली तालुक्यातील एक गाव आहे,आम्बेगाव हे भांसताच्या महाराष्ट्र आज्यातीलपुणे जिल्ल्यातील हवेली चालुख्यातील एक काव आहे,आंबेगाव हे भारताच्या महाराष्ट्र राज्यातील पुणे जिल्ह्यातील हवेली तालुक्यातील एक गाव आहे,आम्बेगाव हे भांसताच्या महाराष्ट्र आज्यातीलपुणे जिल्ल्यातील हवेली चालुख्यातील एक काव आहे,12.64,58.33,0,10.68
sample_01452,D:\marathi-asr\data\vistaar_benchmarks\kathbath_noisy\marathi\wavs\844424933394816-566-m.wav,आपल्या कारकिर्दीची सुरुवात मॉडेलिंगमध्ये करणाऱ्या इलिआनाने आजवर अनेक तेलुगू चित्रपटांमध्ये कामे केली आहेत,आपल्या तार करदीची सुवात मोलीमध्ये करणावे ई.ईी.आआणि आधोर आणि तेवीचीतवापणे मध्ये काम केले आहेत,आपल्या कारकिर्दीची सुरुवात मॉडेलिंगमध्ये करणाऱ्या इलिआनाने आजवर अनेक तेलुगू चित्रपटांमध्ये कामे केली आहेत,आपल्या तार करदीची सुवात मोलीमध्ये करणावे ई ईी आआणि आधोर आणि तेवीचीतवापणे मध्ये काम केले आहेत,40.57,107.69,0,6.99
sample_01453,D:\marathi-asr\data\vistaar_benchmarks\kathbath_noisy\marathi\wavs\844424933280459-817-m.wav,गावात सर्वात जवळील कृषी उत्पन्न बाजार समिती १० किलोमीटरहून जास्त अंतरावर आहे,गावहत सर्वात जवी कृषी उत्प्न ाद्यासांठिती दहा किलोमेटरबून जास्त अंतरावर आहे,गावात सर्वात जवळील कृषी उत्पन्न बाजार समिती १० किलोमीटरहून जास्त अंतरावर आहे,गावहत सर्वात जवी कृषी उत्प्न ाद्यासांठिती दहा किलोमेटरबून जास्त अंतरावर आहे,22.37,58.33,0,5.53
sample_01454,D:\marathi-asr\data\vistaar_benchmarks\kathbath_noisy\marathi\wavs\844424933394011-426-m.wav,चिंचवळी हे भारतातील महाराष्ट्र राज्यातील दक्षिण कोकणातील सिंधुदुर्ग जिल्ह्यातील कणकवली तालुक्यातील एक गाव आहे,सिंचवळी हे भारतातील महाराष्ट्र राज्यातील दक्षीण कोकडात मसिंदू दूर्ध दिल्यातील कडकवली तालूख्यातील एक गाव आहे,चिंचवळी हे भारतातील महाराष्ट्र राज्यातील दक्षिण कोकणातील सिंधुदुर्ग जिल्ह्यातील कणकवली तालुक्यातील एक गाव आहे,सिंचवळी हे भारतातील महाराष्ट्र राज्यातील दक्षीण कोकडात मसिंदू दूर्ध दिल्यातील कडकवली तालूख्यातील एक गाव आहे,15.6,57.14,0,10.57
sample_01455,D:\marathi-asr\data\vistaar_benchmarks\kathbath_noisy\marathi\wavs\844424933394789-566-m.wav,पेटपार हे भारतातील महाराष्ट्र राज्यातील सातारा जिल्ह्यातील महाबळेश्वर तालुक्यातील एक गाव आहे,पेरपार ही फायपातीन भहाष्ट्र तरातती साठारतील लेतू मागरूस पादे केडे काम आहे,पेटपार हे भारतातील महाराष्ट्र राज्यातील सातारा जिल्ह्यातील महाबळेश्वर तालुक्यातील एक गाव आहे,पेरपार ही फायपातीन भहाष्ट्र तरातती साठारतील लेतू मागरूस पादे केडे काम आहे,53.26,91.67,0,6.97
sample_01456,D:\marathi-asr\data\vistaar_benchmarks\kathbath_noisy\marathi\wavs\844424933394796-566-m.wav,११ एप्रिल २००१ रोजी झालेल्या ह्या सामन्यात ऑस्ट्रेलियाने अमेरिकन सामोआला ३१० ने हरविले होते,राकक्रा एक्री दोनाजर एक रोज झाले या सांमन्यात सल्याआनि अमेनिकल सागुृ तीशेना णिहरले होते,११ एप्रिल २००१ रोजी झालेल्या ह्या सामन्यात ऑस्ट्रेलियाने अमेरिकन सामोआला ३१० ने हरविले होते,राकक्रा एक्री दोनाजर एक रोज झाले या सांमन्यात सल्याआनि अमेनिकल सागुृ तीशेना णिहरले होते,57.14,92.86,0,7.29
sample_01457,D:\marathi-asr\data\vistaar_benchmarks\kathbath_noisy\marathi\wavs\844424933394018-426-m.wav,याच दरम्यान त्यांच्या वडिलांचे निधन झाले १९०६ आणि ताराबाई पुणे सोडून मुंबईला आल्या,याज दर्म्यान त्यांच्या वडलांचे निधन झाले एकडेशी सहा आणि ताराबाय कुणे सोडून मोंबईला आल्य,याच दरम्यान त्यांच्या वडिलांचे निधन झाले १९०६ आणि ताराबाई पुणे सोडून मुंबईला आल्या,याज दर्म्यान त्यांच्या वडलांचे निधन झाले एकडेशी सहा आणि ताराबाय कुणे सोडून मोंबईला आल्य,20.73,69.23,0,8.66
sample_01458,D:\marathi-asr\data\vistaar_benchmarks\kathbath_noisy\marathi\wavs\844424933381629-676-m.wav,मराठीतील सर्व विरोधाभासी ध्वनींचा आयपीए चार्ट खाली दिला आहे,महारा ठेतीग सर्वविम हभास मनींचा आहती चा खायद गुा,मराठीतील सर्व विरोधाभासी ध्वनींचा आयपीए चार्ट खाली दिला आहे,महारा ठेतीग सर्वविम हभास मनींचा आहती चा खायद गुा,49.15,100.0,0,6.78
sample_01459,D:\marathi-asr\data\vistaar_benchmarks\kathbath_noisy\marathi\wavs\844424933356056-1120-m.wav,यासाठी पीएसएलव्ही सी २५ हे प्रक्षेपण अस्त्र वापरण्यात आले,यासाठी पी.एस एल.बी.सी क्ेंमटीफाय हे प्रक्शिपण अस्त्र वापरण्यात आले,यासाठी पीएसएलव्ही सी २५ हे प्रक्षेपण अस्त्र वापरण्यात आले,यासाठी पी एस एल बी सी क्ेंमटीफाय हे प्रक्शिपण अस्त्र वापरण्यात आले,29.82,66.67,0,5.9
sample_01460,D:\marathi-asr\data\vistaar_benchmarks\kathbath_noisy\marathi\wavs\844424933381656-676-m.wav,डॅव्हेनपोर्ट हे अमेरिकेची संयुक्त संस्थाने देशाच्या आयोवा राज्यातील एक शहर आहे,टॅमेनको्ड तेामेणिकेची संयुत्ध संस्थान देशाच्या आलोवराज्यातील्स हहे,डॅव्हेनपोर्ट हे अमेरिकेची संयुक्त संस्थाने देशाच्या आयोवा राज्यातील एक शहर आहे,टॅमेनको्ड तेामेणिकेची संयुत्ध संस्थान देशाच्या आलोवराज्यातील्स हहे,30.77,90.91,0,9.45
sample_01461,D:\marathi-asr\data\vistaar_benchmarks\kathbath_noisy\marathi\wavs\844424933379931-487-m.wav,सेनादलातून निवृत्त झाल्यानंतर १९९१ ला राजीव गांधींनी सुधीर सावंतांना राजकारणात आणले,सेनादला तून निवृत्त झाल्यानंतर एकोणीसे त्यांनवला राजी गंधिनी सुदीर सावंताना राज करणात आनले,सेनादलातून निवृत्त झाल्यानंतर १९९१ ला राजीव गांधींनी सुधीर सावंतांना राजकारणात आणले,सेनादला तून निवृत्त झाल्यानंतर एकोणीसे त्यांनवला राजी गंधिनी सुदीर सावंताना राज करणात आनले,28.92,100.0,0,6.62
sample_01462,D:\marathi-asr\data\vistaar_benchmarks\kathbath_noisy\marathi\wavs\844424933394038-426-m.wav,ज्यात महिलांच्या निवडणूक आणि राजकीय सहभागाला प्रोत्साहन देण्याची गरज आहे अधोरेखित करण्यात आले,ज्यात महल्यांच्या निवणूक आणि राजकीय सर्भागाला प्रोतसान देण्याची गरज आहे अदुर्चित करण्यात आले,ज्यात महिलांच्या निवडणूक आणि राजकीय सहभागाला प्रोत्साहन देण्याची गरज आहे अधोरेखित करण्यात आले,ज्यात महल्यांच्या निवणूक आणि राजकीय सर्भागाला प्रोतसान देण्याची गरज आहे अदुर्चित करण्यात आले,12.9,38.46,0,7.11
sample_01463,D:\marathi-asr\data\vistaar_benchmarks\kathbath_noisy\marathi\wavs\844424933394869-566-m.wav,त्यांनी डिजिटल आर्ट फाऊनडेशन ग्रुप ऑफ इंडिया ही चळवळ सुरू केली,अम्नी हमीचनाड आाउडीसंद्रोपाॉतिं द्यानी सर्वर सुरू केली,त्यांनी डिजिटल आर्ट फाऊनडेशन ग्रुप ऑफ इंडिया ही चळवळ सुरू केली,अम्नी हमीचनाड आाउडीसंद्रोपाॉतिं द्यानी सर्वर सुरू केली,62.9,81.82,0,3.62
sample_01464,D:\marathi-asr\data\vistaar_benchmarks\kathbath_noisy\marathi\wavs\844424933355968-1120-m.wav,पटवर्धन यांना हिंगणे येथील स्त्री शिक्षण संस्थेत पाठविण्यात आले,पटवर्धन ्यांना मीथली स्त्री शिक्षणसनचे पाठवियात आली,पटवर्धन यांना हिंगणे येथील स्त्री शिक्षण संस्थेत पाठविण्यात आले,पटवर्धन ्यांना मीथली स्त्री शिक्षणसनचे पाठवियात आली,33.33,77.78,0,5.13
sample_01465,D:\marathi-asr\data\vistaar_benchmarks\kathbath_noisy\marathi\wavs\844424933373418-962-m.wav,हे भारताच्या महाराष्ट्र राज्यातील वर्धा जिल्ह्यातील देवळी तालुक्यातील एक गांव आहे,ही भारताच्या महाष्ट्राज्ेातील भर्ताचीं ज्याच दीव्वितारखेतेल एग आहे,हे भारताच्या महाराष्ट्र राज्यातील वर्धा जिल्ह्यातील देवळी तालुक्यातील एक गांव आहे,ही भारताच्या महाष्ट्राज्ेातील भर्ताचीं ज्याच दीव्वितारखेतेल एग आहे,40.74,81.82,0,5.48
sample_01466,D:\marathi-asr\data\vistaar_benchmarks\kathbath_noisy\marathi\wavs\844424933373456-962-m.wav,पेय व्यवस्थेत सर्व वाईन्स मिक्स्ड स्पिरीटकॉक टेल्स उपलब्ध आहेत,पी.ए व्यवस्थेत सर्ववायसलिक्स् स्पिलि कॉपटे्स उपलब्ध आहेत,पेय व्यवस्थेत सर्व वाईन्स मिक्स्ड स्पिरीटकॉक टेल्स उपलब्ध आहेत,पी ए व्यवस्थेत सर्ववायसलिक्स् स्पिलि कॉपटे्स उपलब्ध आहेत,25.81,77.78,0,5.76
sample_01467,D:\marathi-asr\data\vistaar_benchmarks\kathbath_noisy\marathi\wavs\844424933394034-426-m.wav,नुसार केवळ पंतप्रधान आणि कॅबिनेट मंत्री दर्जाचे मंत्री केंद्रीय मंत्रिमंडळाचे सदस्य आहेत,नुसार किवळ पंतपर्ठा आण्यॅपनेटमंत्री दर्जाचे मंत्री केंद्रीय मत्यर मांटडाचे सदक्ष आहे,नुसार केवळ पंतप्रधान आणि कॅबिनेट मंत्री दर्जाचे मंत्री केंद्रीय मंत्रिमंडळाचे सदस्य आहेत,नुसार किवळ पंतपर्ठा आण्यॅपनेटमंत्री दर्जाचे मंत्री केंद्रीय मत्यर मांटडाचे सदक्ष आहे,22.73,75.0,0,7.45
sample_01468,D:\marathi-asr\data\vistaar_benchmarks\kathbath_noisy\marathi\wavs\844424933373476-962-m.wav,देवळे हे भारताच्या महाराष्ट्र राज्यातील पुणे जिल्ह्यातील मावळ तालुक्यातील एक गाव आहे,देवळे हे भारताच्या माराष्ट्र रायकेतील पुनेह जिलयातील मावडताले ्तील एका आहे,देवळे हे भारताच्या महाराष्ट्र राज्यातील पुणे जिल्ह्यातील मावळ तालुक्यातील एक गाव आहे,देवळे हे भारताच्या माराष्ट्र रायकेतील पुनेह जिलयातील मावडताले ्तील एका आहे,22.62,66.67,0,5.64
sample_01469,D:\marathi-asr\data\vistaar_benchmarks\kathbath_noisy\marathi\wavs\844424933373406-962-m.wav,या कमिशनसमोर बाबासाहेबांनी दिलेल्या साक्षीत आपल्याला दोनच गोष्टी विचारात घ्याव्या लागतील,या कमिशन समोरभागास्य बाडी दिलेल्या साक्षित आपल्याला तोलज बुष्टी विचारत चेयाना लागते,या कमिशनसमोर बाबासाहेबांनी दिलेल्या साक्षीत आपल्याला दोनच गोष्टी विचारात घ्याव्या लागतील,या कमिशन समोरभागास्य बाडी दिलेल्या साक्षित आपल्याला तोलज बुष्टी विचारत चेयाना लागते,26.14,81.82,0,6.25
sample_01470,D:\marathi-asr\data\vistaar_benchmarks\kathbath_noisy\marathi\wavs\844424933381611-676-m.wav,दिंडुक्कल किंवा दिंडीगुल हा भारताच्या तमिळनाडू राज्यातील जिल्हा आहे,झेंडूकल किंवा देंडीगूल हभाताच्या आमी नाडू राज्यातील गिला,दिंडुक्कल किंवा दिंडीगुल हा भारताच्या तमिळनाडू राज्यातील जिल्हा आहे,झेंडूकल किंवा देंडीगूल हभाताच्या आमी नाडू राज्यातील गिला,29.85,77.78,0,8.29
sample_01471,D:\marathi-asr\data\vistaar_benchmarks\kathbath_noisy\marathi\wavs\844424933355976-1120-m.wav,नागशेवडी हे भारताच्या महाराष्ट्र राज्यातील नाशिक जिल्ह्यातील सुरगाणा तालुक्यातील एक गाव आहे,नागशेवडी भार्ताच्या महाराष्रातच्य तील मासिक जिल्लतील सुधाना तालुकेतीलेगावत,नागशेवडी हे भारताच्या महाराष्ट्र राज्यातील नाशिक जिल्ह्यातील सुरगाणा तालुक्यातील एक गाव आहे,नागशेवडी भार्ताच्या महाराष्रातच्य तील मासिक जिल्लतील सुधाना तालुकेतीलेगावत,34.07,91.67,0,6.08
sample_01472,D:\marathi-asr\data\vistaar_benchmarks\kathbath_noisy\marathi\wavs\844424933394033-426-m.wav,गुरेवाडी हे भारताच्या महाराष्ट्र राज्यातील नाशिक जिल्ह्यातील सिन्नर तालुक्यातील एक गाव आहे,गुरेवाढी हे भारताच्या माराष्ट्र राज्यातीन नमासिक दिल्यातील सिं्नड तालख्यातील एक गाव आहे,गुरेवाडी हे भारताच्या महाराष्ट्र राज्यातील नाशिक जिल्ह्यातील सिन्नर तालुक्यातील एक गाव आहे,गुरेवाढी हे भारताच्या माराष्ट्र राज्यातीन नमासिक दिल्यातील सिं्नड तालख्यातील एक गाव आहे,13.33,58.33,0,7.08
sample_01473,D:\marathi-asr\data\vistaar_benchmarks\kathbath_noisy\marathi\wavs\844424933379988-487-m.wav,अपघातसमयी विमानात १४७ प्रवासी आणि ६ कर्मचारी होते,अपघात समय विमानात पेक्ष सत्ठिकाडीस प्रवासी आणि सहा कार्मिचारी होते,अपघातसमयी विमानात १४७ प्रवासी आणि ६ कर्मचारी होते,अपघात समय विमानात पेक्ष सत्ठिकाडीस प्रवासी आणि सहा कार्मिचारी होते,46.94,75.0,0,5.15
sample_01474,D:\marathi-asr\data\vistaar_benchmarks\kathbath_noisy\marathi\wavs\844424933373391-962-m.wav,कार्ले हे भारतातील महाराष्ट्र राज्यातील दक्षिण कोकणातील रत्नागिरी जिल्ह्यातील रत्नागिरी तालुक्यातील एक गाव आहे,काहले हे भारतातील महाराष्ट्र राज्याती दक्षण कोकणा तीवटयात नागेरी जिं्यातूल ्यात मगिरितानख्केपेची योजडर आहे,कार्ले हे भारतातील महाराष्ट्र राज्यातील दक्षिण कोकणातील रत्नागिरी जिल्ह्यातील रत्नागिरी तालुक्यातील एक गाव आहे,काहले हे भारतातील महाराष्ट्र राज्याती दक्षण कोकणा तीवटयात नागेरी जिं्यातूल ्यात मगिरितानख्केपेची योजडर आहे,33.64,71.43,0,7.85
sample_01475,D:\marathi-asr\data\vistaar_benchmarks\kathbath_noisy\marathi\wavs\844424933381583-676-m.wav,तरीही गवळी कुणबी आगरीकोळी समाजात परस्परात लग्न समारंभ होत नाहीत,तरीही गवडी कोंदी अगरीकोडी समाजात परस्परात लगना समारमम होत नाय,तरीही गवळी कुणबी आगरीकोळी समाजात परस्परात लग्न समारंभ होत नाहीत,तरीही गवडी कोंदी अगरीकोडी समाजात परस्परात लगना समारमम होत नाय,20.63,60.0,0,7.13
sample_01476,D:\marathi-asr\data\vistaar_benchmarks\kathbath_noisy\marathi\wavs\844424933379939-487-m.wav,महाराष्ट्र्रात भूजल सर्वेक्षण व विकास यंत्रणेच्या १९९५ च्या आकडेवारीनुसार ११ लाख ४३ हजार विहिरी आहेत,महाराष्ट्रात भुजल सर्विक्षण व विकास यंत्रनीच्या कोणिसशे पंचानावच्या आकडेवारीनुसार अकडाला त्रीचडी सदार वेरीय आहेत,महाराष्ट्र्रात भूजल सर्वेक्षण व विकास यंत्रणेच्या १९९५ च्या आकडेवारीनुसार ११ लाख ४३ हजार विहिरी आहेत,महाराष्ट्रात भुजल सर्विक्षण व विकास यंत्रनीच्या कोणिसशे पंचानावच्या आकडेवारीनुसार अकडाला त्रीचडी सदार वेरीय आहेत,38.0,73.33,0,8.29
sample_01477,D:\marathi-asr\data\vistaar_benchmarks\kathbath_noisy\marathi\wavs\844424933381596-676-m.wav,ह्या भूमिकेसाठी त्याला सर्वोत्तम पदार्पणासाठीच्या फिल्मफेअर पुरस्कारासाठी नामांकन मिळाले होते,हया भुमिकीसाठी त्याला सर्वोत्तम पदार्पणासाठीच्या फिनपर प्स्पतासाी नामंगन मिळाले होते,ह्या भूमिकेसाठी त्याला सर्वोत्तम पदार्पणासाठीच्या फिल्मफेअर पुरस्कारासाठी नामांकन मिळाले होते,हया भुमिकीसाठी त्याला सर्वोत्तम पदार्पणासाठीच्या फिनपर प्स्पतासाी नामंगन मिळाले होते,18.28,50.0,0,8.57
sample_01478,D:\marathi-asr\data\vistaar_benchmarks\kathbath_noisy\marathi\wavs\844424933381577-676-m.wav,बर्नार्ड सॅंडर्स जन्म ८ सप्टेंबर १९४१ हे एक अमेरिकन राजकारणी व विद्यमान सेनेटर आहेत,बनना संडरसजनमाट शक्टंबरिकनिशे कीसाडीसते मिरिकदतनि्व विधमाणस स्सेनिटर आहेत,बर्नार्ड सॅंडर्स जन्म ८ सप्टेंबर १९४१ हे एक अमेरिकन राजकारणी व विद्यमान सेनेटर आहेत,बनना संडरसजनमाट शक्टंबरिकनिशे कीसाडीसते मिरिकदतनि्व विधमाणस स्सेनिटर आहेत,56.63,92.86,0,9.47
sample_01479,D:\marathi-asr\data\vistaar_benchmarks\kathbath_noisy\marathi\wavs\844424933280434-817-m.wav,दुसऱ्या महायुद्धात नाझी जर्मनीचा पाडाव झाल्यानंतर नाझी पक्ष नष्ट पावला,दुस्या महालवितात नाझी जर्मनीचा पाढाव झाल्यानंतर नाझी पक्ष नस्त आवडा,दुसऱ्या महायुद्धात नाझी जर्मनीचा पाडाव झाल्यानंतर नाझी पक्ष नष्ट पावला,दुस्या महालवितात नाझी जर्मनीचा पाढाव झाल्यानंतर नाझी पक्ष नस्त आवडा,18.31,50.0,0,10.91
sample_01480,D:\marathi-asr\data\vistaar_benchmarks\kathbath_noisy\marathi\wavs\844424933280450-817-m.wav,आधुनिक काळातील दोहद्पूर्ती किंवा डोहाळेजेवण या प्रथांचे प्राचीन रूप या संस्कारात आहे असे मानले जाते,आजुनिकळातील दोगत पुरती किंवाड्वारे जेवनया प्रथांचे प्राची जूप ्या संस्थरात आहे असे मानले जाते,आधुनिक काळातील दोहद्पूर्ती किंवा डोहाळेजेवण या प्रथांचे प्राचीन रूप या संस्कारात आहे असे मानले जाते,आजुनिकळातील दोगत पुरती किंवाड्वारे जेवनया प्रथांचे प्राची जूप ्या संस्थरात आहे असे मानले जाते,21.21,66.67,0,7.27
sample_01481,D:\marathi-asr\data\vistaar_benchmarks\kathbath_noisy\marathi\wavs\844424933394807-566-m.wav,१८२६ मध्ये कॅप्टन किंगने दक्षिण अमेरिकेच्या संशोधनाची मोहीम काढली,आरथाशी सयस मधये ्ॅप्ं तींग ने दशिनाम्ये केच्या संशुधनाची म्ं झाले,१८२६ मध्ये कॅप्टन किंगने दक्षिण अमेरिकेच्या संशोधनाची मोहीम काढली,आरथाशी सयस मधये ्ॅप्ं तींग ने दशिनाम्ये केच्या संशुधनाची म्ं झाले,53.85,122.22,0,4.95
sample_01482,D:\marathi-asr\data\vistaar_benchmarks\kathbath_noisy\marathi\wavs\844424933280420-817-m.wav,वाशेरे हे भारताच्या महाराष्ट्र राज्यातील पुणे जिल्ह्यातील खेड तालुक्यातील एक गाव आहे,माशिरे हे भारताच्या महाराष्ट्र राज्यातील न चिल्यातील शेड अलुकातील एेक काव आहे,वाशेरे हे भारताच्या महाराष्ट्र राज्यातील पुणे जिल्ह्यातील खेड तालुक्यातील एक गाव आहे,माशिरे हे भारताच्या महाराष्ट्र राज्यातील न चिल्यातील शेड अलुकातील एेक काव आहे,19.05,58.33,0,9.52
sample_01483,D:\marathi-asr\data\vistaar_benchmarks\kathbath_noisy\marathi\wavs\844424933356005-1120-m.wav,१९७० च्या दशकात वसंतराव नाईक यांच्या सरकारमध्ये ते शिक्षणमंत्री होते,एकणीशे स्त्य च्या दषकात वसंत्राव नाहिकी यांच्या सरकारमध्ये ते शिक्यण मं्री होते,१९७० च्या दशकात वसंतराव नाईक यांच्या सरकारमध्ये ते शिक्षणमंत्री होते,एकणीशे स्त्य च्या दषकात वसंत्राव नाहिकी यांच्या सरकारमध्ये ते शिक्यण मं्री होते,29.41,70.0,0,5.53
sample_01484,D:\marathi-asr\data\vistaar_benchmarks\kathbath_noisy\marathi\wavs\844424933381610-676-m.wav,१६ सप्टेंबर १९३१ रोजी झालेल्या बैठकीत आंबेडकरांनी राज्यघटनेविषयी आपले विचार सविस्तरपणे व्यक्त केले,ळसप्टंबर इकोणिस्स््ती्रती झालेल्याबैटटककेत आमेटकरांनी दाज्यघटनविषयी आपल्या विचार सविस्तरपणे व्यक्त केल,१६ सप्टेंबर १९३१ रोजी झालेल्या बैठकीत आंबेडकरांनी राज्यघटनेविषयी आपले विचार सविस्तरपणे व्यक्त केले,ळसप्टंबर इकोणिस्स््ती्रती झालेल्याबैटटककेत आमेटकरांनी दाज्यघटनविषयी आपल्या विचार सविस्तरपणे व्यक्त केल,33.67,76.92,0,10.24
sample_01485,D:\marathi-asr\data\vistaar_benchmarks\kathbath_noisy\marathi\wavs\844424933356038-1120-m.wav,कुंथलगिरी जवळील धुळेसोलापूर या राष्ट्रीय महामार्गावरील सरमकुंडी फाटा येथील खवा पेढे प्रसिद्ध आहेत,सतीक जवळी दुधे सुरापूर्या ास् भागातवारी रसुती खाटायेतील सरभावते सु्ध आहे,कुंथलगिरी जवळील धुळेसोलापूर या राष्ट्रीय महामार्गावरील सरमकुंडी फाटा येथील खवा पेढे प्रसिद्ध आहेत,सतीक जवळी दुधे सुरापूर्या ास् भागातवारी रसुती खाटायेतील सरभावते सु्ध आहे,53.61,100.0,0,8.52
sample_01486,D:\marathi-asr\data\vistaar_benchmarks\kathbath_noisy\marathi\wavs\844424933373424-962-m.wav,यापैकी अमृत ही योजना काही बदलांसह जेएनएनयुआरएमचेच नवीन स्वरूप आहे,आापाची अंमृही योजना काहीबद्लांस जे.एन..एन.य्यू.आर पेमेचे ्लनिन स्वरूप आहेत,यापैकी अमृत ही योजना काही बदलांसह जेएनएनयुआरएमचेच नवीन स्वरूप आहे,आापाची अंमृही योजना काहीबद्लांस जे एन एन य्यू आर पेमेचे ्लनिन स्वरूप आहेत,40.0,120.0,0,7.64
sample_01487,D:\marathi-asr\data\vistaar_benchmarks\kathbath_noisy\marathi\wavs\844424933394008-426-m.wav,हे सम्राटासाठी तयार केले गेले होते आणि हे सुलेमानच्या राजगादीचे प्रतिरूप होते,हे समराटासाठी तयार केले गेले होते आणि हे सुलेमांच्या राजगातीचे प्रतिरूप होते,हे सम्राटासाठी तयार केले गेले होते आणि हे सुलेमानच्या राजगादीचे प्रतिरूप होते,हे समराटासाठी तयार केले गेले होते आणि हे सुलेमांच्या राजगातीचे प्रतिरूप होते,3.9,25.0,0,8.06
sample_01488,D:\marathi-asr\data\vistaar_benchmarks\kathbath_noisy\marathi\wavs\844424933381644-676-m.wav,याशिवाय त्यांनी बौद्ध आणि ख्रिश्चन धर्मग्रंथातील व्यक्तिरेखांचीही शिल्पे साकारली आहेत,याशिवाय त्यांनी बोद्द आणि क्रिस्तन धारमातील व्यक्ती वेकांचीचीशुल््फे साकारली आहेत,याशिवाय त्यांनी बौद्ध आणि ख्रिश्चन धर्मग्रंथातील व्यक्तिरेखांचीही शिल्पे साकारली आहेत,याशिवाय त्यांनी बोद्द आणि क्रिस्तन धारमातील व्यक्ती वेकांचीचीशुल््फे साकारली आहेत,24.71,50.0,0,7.83
sample_01489,D:\marathi-asr\data\vistaar_benchmarks\kathbath_noisy\marathi\wavs\844424933373394-962-m.wav,गंगेचा पूल नजीबाच्या ताब्यांत होता आणि तो तर अबदालीला उघड मदत करीत होता,गंगेचा फूल मजीबाच्या खां्यात वता आणि तो तर अभदालीन्या उपद मलत करित कोता,गंगेचा पूल नजीबाच्या ताब्यांत होता आणि तो तर अबदालीला उघड मदत करीत होता,गंगेचा फूल मजीबाच्या खां्यात वता आणि तो तर अभदालीन्या उपद मलत करित कोता,22.54,69.23,0,6.57
sample_01490,D:\marathi-asr\data\vistaar_benchmarks\kathbath_noisy\marathi\wavs\844424933373437-962-m.wav,तो मार्च १९८७ ते फेब्रुवारी १९९२ दरम्यान व त्यापूर्वी दोनवेळा पंतप्रधानपदावर होता,तुम ्महा्ट्टेकंशेय सध्यांची तिफेप्रवारे कृशी बँडनव दरम्ानव त्यापूर्वी दोनहवेळा कांतप्रदान्पदावर होता,तो मार्च १९८७ ते फेब्रुवारी १९९२ दरम्यान व त्यापूर्वी दोनवेळा पंतप्रधानपदावर होता,तुम ्महा्ट्टेकंशेय सध्यांची तिफेप्रवारे कृशी बँडनव दरम्ानव त्यापूर्वी दोनहवेळा कांतप्रदान्पदावर होता,51.85,83.33,0,7.15
sample_01491,D:\marathi-asr\data\vistaar_benchmarks\kathbath_noisy\marathi\wavs\844424933381607-676-m.wav,युट्रेख्टचा तह स्पेनच्या आधिपत्याखालील उत्तर नेदरलँड्सच्या प्रांतांचे एकीकरण करून नेदरलंडमध्ये समाविष्ट करण्यासाठी केला गेला,युक्रेचा तस्पेंच्या अधिपत्यखाले उत्त नितरल्याच्याप्रांतांचे एकीकरण करूननिदरलॅडमध्ये समाविष्ट करण्यासाठी केलागेल,युट्रेख्टचा तह स्पेनच्या आधिपत्याखालील उत्तर नेदरलँड्सच्या प्रांतांचे एकीकरण करून नेदरलंडमध्ये समाविष्ट करण्यासाठी केला गेला,युक्रेचा तस्पेंच्या अधिपत्यखाले उत्त नितरल्याच्याप्रांतांचे एकीकरण करूननिदरलॅडमध्ये समाविष्ट करण्यासाठी केलागेल,19.35,78.57,0,13.47
sample_01492,D:\marathi-asr\data\vistaar_benchmarks\kathbath_noisy\marathi\wavs\844424933381601-676-m.wav,कोहाळ हे भारतातील महाराष्ट्र राज्यातील यवतमाळ जिल्ह्यातील नेर तालुक्यातील एक गाव आहे,फवाळ हे भारतातील महाराष्टराज्या ती केवत माळजी देती मरतलत्तीीट जावाये,कोहाळ हे भारतातील महाराष्ट्र राज्यातील यवतमाळ जिल्ह्यातील नेर तालुक्यातील एक गाव आहे,फवाळ हे भारतातील महाराष्टराज्या ती केवत माळजी देती मरतलत्तीीट जावाये,42.86,83.33,0,7.38
sample_01493,D:\marathi-asr\data\vistaar_benchmarks\kathbath_noisy\marathi\wavs\844424933381669-676-m.wav,बाजूच्या खोलीवजा दालनांत काशी विश्वनाथ रामलक्ष्मण काळभैरव दत्तात्रेय नरसोबा यांच्या मूर्ती आहेत,बाजूच्या फोलीरजा डालनात काशीविषना लावलचमणपाळभयेर दतत्रे नसोबायांच्या मोठी आहे,बाजूच्या खोलीवजा दालनांत काशी विश्वनाथ रामलक्ष्मण काळभैरव दत्तात्रेय नरसोबा यांच्या मूर्ती आहेत,बाजूच्या फोलीरजा डालनात काशीविषना लावलचमणपाळभयेर दतत्रे नसोबायांच्या मोठी आहे,32.63,91.67,0,11.96
sample_01494,D:\marathi-asr\data\vistaar_benchmarks\kathbath_noisy\marathi\wavs\844424933379990-487-m.wav,पण चाईल्ड ऑफ द होलोकॉस्ट हे आत्मचरित्र नाही,पनचाइड ऑपद ओलोकास हे अत्मचरइिक्र नाही,पण चाईल्ड ऑफ द होलोकॉस्ट हे आत्मचरित्र नाही,पनचाइड ऑपद ओलोकास हे अत्मचरइिक्र नाही,34.88,75.0,0,5.36
sample_01495,D:\marathi-asr\data\vistaar_benchmarks\kathbath_noisy\marathi\wavs\844424933373468-962-m.wav,पुरुष साक्षरता ८९४० आहे तर स्त्री साक्षरता ७६५५ आहे,रोस साक्षेता आरि जर नोकसे चास आाहे तस ते सरषतसाधल्ा सांशिपांचा आकराहे,पुरुष साक्षरता ८९४० आहे तर स्त्री साक्षरता ७६५५ आहे,रोस साक्षेता आरि जर नोकसे चास आाहे तस ते सरषतसाधल्ा सांशिपांचा आकराहे,88.24,133.33,0,5.6
sample_01496,D:\marathi-asr\data\vistaar_benchmarks\kathbath_noisy\marathi\wavs\844424933379958-487-m.wav,ही मालिका वैभव नावाच्या सोळा वर्षाच्या विद्यार्थ्याच्या आयुष्याविषयी आहे जो कोटा येथे गेला आहे,ह मालिका वय बोग हावाच्या सोळा वर्षाच्या विद्यार्थेाच्या आविष्याविषयी आहे जोग गुठा येते गेला आहे,ही मालिका वैभव नावाच्या सोळा वर्षाच्या विद्यार्थ्याच्या आयुष्याविषयी आहे जो कोटा येथे गेला आहे,ह मालिका वय बोग हावाच्या सोळा वर्षाच्या विद्यार्थेाच्या आविष्याविषयी आहे जोग गुठा येते गेला आहे,17.02,64.29,0,6.97
sample_01497,D:\marathi-asr\data\vistaar_benchmarks\kathbath_noisy\marathi\wavs\844424933280469-817-m.wav,जमिनीतील सूक्ष्मजीवांची संख्या घटून त्या मृतप्राय झालेल्या आहेत,जमिनीतील सूक्ष्मजीवांची संख्या घटतू त्या मृत्यप्रायय झालेल्या आहे,जमिनीतील सूक्ष्मजीवांची संख्या घटून त्या मृतप्राय झालेल्या आहेत,जमिनीतील सूक्ष्मजीवांची संख्या घटतू त्या मृत्यप्रायय झालेल्या आहे,9.52,37.5,0,9.94
sample_01498,D:\marathi-asr\data\vistaar_benchmarks\kathbath_noisy\marathi\wavs\844424933356025-1120-m.wav,परिणामी येथील जनतेला इतर भागात स्थलांतर करावे लागणार आहे,परिणामी येतील जनतेला इतर भगास्थलांतर करावे लागणार आहे,परिणामी येथील जनतेला इतर भागात स्थलांतर करावे लागणार आहे,परिणामी येतील जनतेला इतर भगास्थलांतर करावे लागणार आहे,7.14,33.33,0,4.39
sample_01499,D:\marathi-asr\data\vistaar_benchmarks\kathbath_noisy\marathi\wavs\844424933379905-487-m.wav,मध्य युगातले कुठलेही नाणे त्यांना दाखवले की ते तत्काळ त्याची माहिती सांगत,मध्येयुघतले कुठलीही नाने त्यांच्या दाखवले किती सक्काळ त्याची माहिती सांगात,मध्य युगातले कुठलेही नाणे त्यांना दाखवले की ते तत्काळ त्याची माहिती सांगत,मध्येयुघतले कुठलीही नाने त्यांच्या दाखवले किती सक्काळ त्याची माहिती सांगात,19.18,75.0,0,6.55
sample_01500,D:\marathi-asr\data\vistaar_benchmarks\kathbath_noisy\marathi\wavs\844424933379957-487-m.wav,पहा महाराष्ट्रातील नाट्य संस्था नाट्यस्पर्धा एकपात्री नाटक अखिल भारतीय मराठी नाट्य संमेलन,हा माष्ट्रातील नाकी सरकारस्परधा एक पातरी न टक अतील भारतीय मरतीनाये सांगिलन,पहा महाराष्ट्रातील नाट्य संस्था नाट्यस्पर्धा एकपात्री नाटक अखिल भारतीय मराठी नाट्य संमेलन,हा माष्ट्रातील नाकी सरकारस्परधा एक पातरी न टक अतील भारतीय मरतीनाये सांगिलन,35.96,100.0,0,6.34
sample_01501,D:\marathi-asr\data\vistaar_benchmarks\kathbath_noisy\marathi\wavs\844424933381623-676-m.wav,इ स १९६० साली त्यांनी पुणे विद्यापीठातून संस्कृत व भाषाशास्त्र विषयात पदव्युत्तर शिक्षण पूर्ण केले,कृषिवसनी कनिशे साठसा ज्यन पुनिविद्यकिटा तुधांसूा मासशास्त्रविशयर पजिविततर शिक्षण पूर्ण के,इ स १९६० साली त्यांनी पुणे विद्यापीठातून संस्कृत व भाषाशास्त्र विषयात पदव्युत्तर शिक्षण पूर्ण केले,कृषिवसनी कनिशे साठसा ज्यन पुनिविद्यकिटा तुधांसूा मासशास्त्रविशयर पजिविततर शिक्षण पूर्ण के,53.06,86.67,0,10.7
sample_01502,D:\marathi-asr\data\vistaar_benchmarks\kathbath_noisy\marathi\wavs\844424933379913-487-m.wav,शहापूर हे मुंबईआग्रा राष्ट्रीय महामार्गावर मुंबई पासून ९० कि मी अंतरावर वसले आहे,सहासूरी हे मोमबळई ा गराराष्ट्रय मामारगार मोबळपासून नबत किलो वीतरंत्राले आहे,शहापूर हे मुंबईआग्रा राष्ट्रीय महामार्गावर मुंबई पासून ९० कि मी अंतरावर वसले आहे,सहासूरी हे मोमबळई ा गराराष्ट्रय मामारगार मोबळपासून नबत किलो वीतरंत्राले आहे,41.25,84.62,0,6.46
sample_01503,D:\marathi-asr\data\vistaar_benchmarks\kathbath_noisy\marathi\wavs\844424933394009-426-m.wav,मराठेशाहीतील हा अखेरचा पेशवा निष्कलंक चारित्र्याचा कर्तबगार पुरुष होता,बराटेशाहीतील हा खेडचापेश्वा निश्कलांक चारित्र्याचा अर्तदार पुरूश होता,मराठेशाहीतील हा अखेरचा पेशवा निष्कलंक चारित्र्याचा कर्तबगार पुरुष होता,बराटेशाहीतील हा खेडचापेश्वा निश्कलांक चारित्र्याचा अर्तदार पुरूश होता,18.57,66.67,0,8.34
sample_01504,D:\marathi-asr\data\vistaar_benchmarks\kathbath_noisy\marathi\wavs\844424933356018-1120-m.wav,याची स्थापना २००२ मध्ये झाली आणि एनएसएफयूएसए आणि आयआयटीके यांनी भांडवली उपकरणे घेतली,वर्स स्थापत्या दुनहजार दूनमध्ये झाली आणि एन.एस.एफ युस आणि आय.आय.टी.के यानी भांडवली उपकरणे घेत,याची स्थापना २००२ मध्ये झाली आणि एनएसएफयूएसए आणि आयआयटीके यांनी भांडवली उपकरणे घेतली,वर्स स्थापत्या दुनहजार दूनमध्ये झाली आणि एन एस एफ युस आणि आय आय टी के यानी भांडवली उपकरणे घेत,34.52,107.69,0,10.73
sample_01505,D:\marathi-asr\data\vistaar_benchmarks\kathbath_noisy\marathi\wavs\844424933394836-566-m.wav,द ल गोखले पूर्ण नाव दत्तात्रय लक्ष्मण गोखले जन्म १५ जुलै १८९९ मृत्यू,ेवी द्ुट्नुप मंना ा् टो फंडिस से महणे की जोिन्य कर्जा ु्ेारले क्त्या सनवण्या मानले विकिती,द ल गोखले पूर्ण नाव दत्तात्रय लक्ष्मण गोखले जन्म १५ जुलै १८९९ मृत्यू,ेवी द्ुट्नुप मंना ा् टो फंडिस से महणे की जोिन्य कर्जा ु्ेारले क्त्या सनवण्या मानले विकिती,107.35,123.08,0,5.76
sample_01506,D:\marathi-asr\data\vistaar_benchmarks\kathbath_noisy\marathi\wavs\844424933381636-676-m.wav,सी ए ओ ह्या दोन आंतरराष्ट्रीय संस्था जगातील हवाई वाहतूक नियंत्रित करतात,पी.एओ ह्या दोन आंतरराष्ट्रीय संस्था जगाती पवभात नियंत्रित करतात,सी ए ओ ह्या दोन आंतरराष्ट्रीय संस्था जगातील हवाई वाहतूक नियंत्रित करतात,पी एओ ह्या दोन आंतरराष्ट्रीय संस्था जगाती पवभात नियंत्रित करतात,15.49,50.0,0,8.22
sample_01507,D:\marathi-asr\data\vistaar_benchmarks\kathbath_noisy\marathi\wavs\844424933381664-676-m.wav,याचा चुलत भाऊ रेमन रीफर आणि काका फ्लॉईड रीफर हे वेस्ट इंडीजकडून क्रिकेट खेळले आहेत,याकार चलद भव वमारविपर आणि आतासायची फत तरवेश्थिंडित करून क्रिकेट ठडले आहे,याचा चुलत भाऊ रेमन रीफर आणि काका फ्लॉईड रीफर हे वेस्ट इंडीजकडून क्रिकेट खेळले आहेत,याकार चलद भव वमारविपर आणि आतासायची फत तरवेश्थिंडित करून क्रिकेट ठडले आहे,50.0,86.67,0,8.52
sample_01508,D:\marathi-asr\data\vistaar_benchmarks\kathbath_noisy\marathi\wavs\844424933381659-676-m.wav,देवकी पंडित यांनी अनेक दूरचित्रवाणी मालिकांची शीर्षकगीते गायिली आहेत,वकी पनणत आणि अनेक वृ्तीच आणि भारपांची पसक दरलि आते,देवकी पंडित यांनी अनेक दूरचित्रवाणी मालिकांची शीर्षकगीते गायिली आहेत,वकी पनणत आणि अनेक वृ्तीच आणि भारपांची पसक दरलि आते,58.82,100.0,0,7.99
sample_01509,D:\marathi-asr\data\vistaar_benchmarks\kathbath_noisy\marathi\wavs\844424933381571-676-m.wav,तिच्यात क्रंतिकारक बदल घडून आला आणि अबला की सबला हाच प्रश्न निर्माण झाला,तीच्यात क्रानपिकारक बदल गरूनाल आणि अपला की सबला आज प्रस्न निर्माणध,तिच्यात क्रंतिकारक बदल घडून आला आणि अबला की सबला हाच प्रश्न निर्माण झाला,तीच्यात क्रानपिकारक बदल गरूनाल आणि अपला की सबला आज प्रस्न निर्माणध,26.39,69.23,0,7.43
sample_01510,D:\marathi-asr\data\vistaar_benchmarks\kathbath_noisy\marathi\wavs\844424933280497-817-m.wav,संदीपच्या इलेक्ट्रॉनिक मीडियामधील कामाबद्दल विनोद राऊत सांगत होते,संगितच्या इलेक्ट्रॉनिक मिळियामधील कामाबद्दल मिनोजरा चांगत होते,संदीपच्या इलेक्ट्रॉनिक मीडियामधील कामाबद्दल विनोद राऊत सांगत होते,संगितच्या इलेक्ट्रॉनिक मिळियामधील कामाबद्दल मिनोजरा चांगत होते,16.92,62.5,0,8.82
sample_01511,D:\marathi-asr\data\vistaar_benchmarks\kathbath_noisy\marathi\wavs\844424933280494-817-m.wav,या देशाला सर्व बाजूनी समुद्रकिनारा लाभल्याने मासेमारी हा येथील महत्त्वाचा व्यवसाय आहे,या देशाला सर्वबाजूननी समुद्र घेणारा लागलाने मासेमारी हा तेथील महत्त्वाचा व्यवसाय आहे,या देशाला सर्व बाजूनी समुद्रकिनारा लाभल्याने मासेमारी हा येथील महत्त्वाचा व्यवसाय आहे,या देशाला सर्वबाजूननी समुद्र घेणारा लागलाने मासेमारी हा तेथील महत्त्वाचा व्यवसाय आहे,11.76,41.67,0,9.8
sample_01512,D:\marathi-asr\data\vistaar_benchmarks\kathbath_noisy\marathi\wavs\844424933355975-1120-m.wav,या दोन लेखांसाठी सातवळेकरांना इंग्रज सरकारने कारावासात धाडले,या दोन लोकांसाठी सातवेडीकरांना इंद्रजी सरकारने कारावसद्धा झाडले,या दोन लेखांसाठी सातवळेकरांना इंग्रज सरकारने कारावासात धाडले,या दोन लोकांसाठी सातवेडीकरांना इंद्रजी सरकारने कारावसद्धा झाडले,21.67,62.5,0,5.8
sample_01513,D:\marathi-asr\data\vistaar_benchmarks\kathbath_noisy\marathi\wavs\844424933379909-487-m.wav,औष्णिक विद्युत केंद्राची स्थापना झाल्यावर रहिवासी दरवर्षी वर्धापन दिन साजरा करतात,अषणिक विद्धी केंद्राचीस्थापना झाल्यावरईवाची दरव्शीवता पंजीन साध्रा करतात,औष्णिक विद्युत केंद्राची स्थापना झाल्यावर रहिवासी दरवर्षी वर्धापन दिन साजरा करतात,अषणिक विद्धी केंद्राचीस्थापना झाल्यावरईवाची दरव्शीवता पंजीन साध्रा करतात,29.63,90.91,0,5.2
sample_01514,D:\marathi-asr\data\vistaar_benchmarks\kathbath_noisy\marathi\wavs\844424933373432-962-m.wav,श्री आणि सरस्वती म्हणजेच विद्या व लक्ष्मी होय,सरीह आणि सरसाठी म्हणजे सवी त्या वनक सून हा,श्री आणि सरस्वती म्हणजेच विद्या व लक्ष्मी होय,सरीह आणि सरसाठी म्हणजे सवी त्या वनक सून हा,44.44,100.0,0,3.16
sample_01515,D:\marathi-asr\data\vistaar_benchmarks\kathbath_noisy\marathi\wavs\844424933379952-487-m.wav,परंतु समाजषास्त्राचे महत्व लक्षात घेताना या दोन्ही विचारांचा समन्वय साधणे गरजेचे आहे,परंतू समाशास्त्राचे महत्त्व लक्षत घेताना ह्या दुन्ह विचारांचा समानुव साधने घरजेचे आहे,परंतु समाजषास्त्राचे महत्व लक्षात घेताना या दोन्ही विचारांचा समन्वय साधणे गरजेचे आहे,परंतू समाशास्त्राचे महत्त्व लक्षत घेताना ह्या दुन्ह विचारांचा समानुव साधने घरजेचे आहे,17.86,75.0,0,6.08
sample_01516,D:\marathi-asr\data\vistaar_benchmarks\kathbath_noisy\marathi\wavs\844424933379922-487-m.wav,जीवनाच्या अखेरच्या काळात त्यांच्यावर झालेले आरोप आणि झालेली बदनामी दूर झाली,जीवनाच्या अखेरच्या काळात त्यांच्यावर झरेली आरोप आणि झालेली बदनामी दूर झाली,जीवनाच्या अखेरच्या काळात त्यांच्यावर झालेले आरोप आणि झालेली बदनामी दूर झाली,जीवनाच्या अखेरच्या काळात त्यांच्यावर झरेली आरोप आणि झालेली बदनामी दूर झाली,4.0,9.09,0,5.18
sample_01517,D:\marathi-asr\data\vistaar_benchmarks\kathbath_noisy\marathi\wavs\844424933379985-487-m.wav,१ जगन्नाथपुरी येथील रथयात्रा आषाढ शुक्ल द्वितीयेला सुरू होते,एक जगनात पूर् येतील रशषीयात्रा आशात शुक्ल वितीयला सुरू होते,१ जगन्नाथपुरी येथील रथयात्रा आषाढ शुक्ल द्वितीयेला सुरू होते,एक जगनात पूर् येतील रशषीयात्रा आशात शुक्ल वितीयला सुरू होते,28.33,77.78,0,4.85
sample_01518,D:\marathi-asr\data\vistaar_benchmarks\kathbath_noisy\marathi\wavs\844424933394838-566-m.wav,एकूण ५०३ लोकसंख्येपैकी २४८ पुरुष तर २५५ महिला आहेत,एकूण साशेसीं शोक्षंखके पिके दनषात ठी चाळीस पुरस्तय दरशेपां चामुळेल आहेत,एकूण ५०३ लोकसंख्येपैकी २४८ पुरुष तर २५५ महिला आहेत,एकूण साशेसीं शोक्षंखके पिके दनषात ठी चाळीस पुरस्तय दरशेपां चामुळेल आहेत,88.0,100.0,0,5.13
sample_01519,D:\marathi-asr\data\vistaar_benchmarks\kathbath_noisy\marathi\wavs\844424933379935-487-m.wav,पंचक्रोशीतील व बाहेरगावी कामधंद्यासाठी गेलेले लोक या दिवशी गावात येतात,पंच कृषीतील व बायारगावी काम धंद्यासाठी गेलेलेलो या दवशी गावात येतात,पंचक्रोशीतील व बाहेरगावी कामधंद्यासाठी गेलेले लोक या दिवशी गावात येतात,पंच कृषीतील व बायारगावी काम धंद्यासाठी गेलेलेलो या दवशी गावात येतात,15.71,70.0,0,6.04
sample_01520,D:\marathi-asr\data\vistaar_benchmarks\kathbath_noisy\marathi\wavs\844424933381651-676-m.wav,दरायस पळून गेल्यावर तोही बॅबिलोनला परतला आणि अलेक्झांडर बॅबिलोनला पोहोचल्यावर त्याने अलेक्झांडरचे मांडलिकत्व पत्करले,्रायास पडून गेल्या र्कोहिक बॅमिनंल परतला आणि लेज जयासनंला पोटल्या व त्याने अवेक बॅंडरचे मांडेलेकेत्वत करले,दरायस पळून गेल्यावर तोही बॅबिलोनला परतला आणि अलेक्झांडर बॅबिलोनला पोहोचल्यावर त्याने अलेक्झांडरचे मांडलिकत्व पत्करले,्रायास पडून गेल्या र्कोहिक बॅमिनंल परतला आणि लेज जयासनंला पोटल्या व त्याने अवेक बॅंडरचे मांडेलेकेत्वत करले,37.07,92.86,0,11.28
sample_01521,D:\marathi-asr\data\vistaar_benchmarks\kathbath_noisy\marathi\wavs\844424933394864-566-m.wav,त्यावेळी टेलिफोन ऑपरेटर बोर्ड कसा ऑपरेट करतात हे शिकून घेण्याची त्यांना तीव्र इच्छा झाली,तयारावतिलिफून ऑपलोतर बोल्ड कसा वपरत करत हे श कू घेण्याची जाण्यात्री विच्ा झाली,त्यावेळी टेलिफोन ऑपरेटर बोर्ड कसा ऑपरेट करतात हे शिकून घेण्याची त्यांना तीव्र इच्छा झाली,तयारावतिलिफून ऑपलोतर बोल्ड कसा वपरत करत हे श कू घेण्याची जाण्यात्री विच्ा झाली,37.5,78.57,0,5.22
sample_01522,D:\marathi-asr\data\vistaar_benchmarks\kathbath_noisy\marathi\wavs\844424933356047-1120-m.wav,कवी मुबारक शेख यांच्या अनेक कविता महाराष्ट्रात प्रसिद्ध आहेत,कवी मुबारक शेक यांचे अनेक कविता माराष्टरक प्सिद्ध आहे,कवी मुबारक शेख यांच्या अनेक कविता महाराष्ट्रात प्रसिद्ध आहेत,कवी मुबारक शेक यांचे अनेक कविता माराष्टरक प्सिद्ध आहे,16.67,55.56,0,3.88
sample_01523,D:\marathi-asr\data\vistaar_benchmarks\kathbath_noisy\marathi\wavs\844424933379982-487-m.wav,एक तर कंपनीवर असलेले कर्ज व शेकडो दावे,एकतर कंपनीवर असलेले कर्ज वर्षेत बोदावे,एक तर कंपनीवर असलेले कर्ज व शेकडो दावे,एकतर कंपनीवर असलेले कर्ज वर्षेत बोदावे,21.05,62.5,0,3.97
sample_01524,D:\marathi-asr\data\vistaar_benchmarks\kathbath_noisy\marathi\wavs\844424933379950-487-m.wav,देव आणि दानवांनी मंदार पर्वताची रवी व वासुकी सर्पाची दोरी करून समुद्रमंथन केले,"गुहव आणि भांडगांनी नंदार पर्गत ा, चु्ा विवगासूठी सरकारची गरी करीण कमनी ग्रमीणंकरि कवली",देव आणि दानवांनी मंदार पर्वताची रवी व वासुकी सर्पाची दोरी करून समुद्रमंथन केले,गुहव आणि भांडगांनी नंदार पर्गत ा चु्ा विवगासूठी सरकारची गरी करीण कमनी ग्रमीणंकरि कवली,50.0,100.0,0,6.64
sample_01525,D:\marathi-asr\data\vistaar_benchmarks\kathbath_noisy\marathi\wavs\844424933394851-566-m.wav,वाडवडिलांमध्ये शिक्षणाची कुठलीही परंपरा नसताना एन के ठाकरे आणि त्यांचे तीन भाऊ उच्चशिक्षित झाले,रळीलामुळे सिंचनाची पुठलीही पां परानअसतानायंक्य ठटाकडे आणि त्यांचे तिंब विष्य शिक्षित झाले,वाडवडिलांमध्ये शिक्षणाची कुठलीही परंपरा नसताना एन के ठाकरे आणि त्यांचे तीन भाऊ उच्चशिक्षित झाले,रळीलामुळे सिंचनाची पुठलीही पां परानअसतानायंक्य ठटाकडे आणि त्यांचे तिंब विष्य शिक्षित झाले,41.05,78.57,0,5.74
sample_01526,D:\marathi-asr\data\vistaar_benchmarks\kathbath_noisy\marathi\wavs\844424933379921-487-m.wav,अन्विता फलटणकर यांची स्वीटू ची मुख्य भूमिका करण्यासाठी निवड झाली,अनिवितधा फल्टन कर यांची स्वितू ची मुख्य उूमि्या करण्यासाठी निवड झाली,अन्विता फलटणकर यांची स्वीटू ची मुख्य भूमिका करण्यासाठी निवड झाली,अनिवितधा फल्टन कर यांची स्वितू ची मुख्य उूमि्या करण्यासाठी निवड झाली,15.62,50.0,0,5.83
sample_01527,D:\marathi-asr\data\vistaar_benchmarks\kathbath_noisy\marathi\wavs\844424933280442-817-m.wav,त्याने विज्ञानाच्या जवळपास सर्व क्षेत्रांचा अभ्यास केला होता,त्याने विज्ञाचया जवळ पातसर्व ्षत्रांचा अभ्यास किलावोता,त्याने विज्ञानाच्या जवळपास सर्व क्षेत्रांचा अभ्यास केला होता,त्याने विज्ञाचया जवळ पातसर्व ्षत्रांचा अभ्यास किलावोता,18.33,75.0,0,3.81
sample_01528,D:\marathi-asr\data\vistaar_benchmarks\kathbath_noisy\marathi\wavs\844424933394000-426-m.wav,याच व्यसनाने त्यांचा २९ जून १८७३ रोजी मृत्यू झाला,याक व्याजनाने त्याता एकोंती जून आठा क्षेत्रयात्तररोजी मुद्यी झाला,याच व्यसनाने त्यांचा २९ जून १८७३ रोजी मृत्यू झाला,याक व्याजनाने त्याता एकोंती जून आठा क्षेत्रयात्तररोजी मुद्यी झाला,63.27,77.78,0,6.9
sample_01529,D:\marathi-asr\data\vistaar_benchmarks\kathbath_noisy\marathi\wavs\844424933379901-487-m.wav,गावाच्या पूवेर्ला सहा किलोमीटरवर एक प्रचंड डोंगरी किल्ला होता,गावाच्या पूर्वीला सहा किलो मितरवर एक प्रचंड डोंगरी किला होता,गावाच्या पूवेर्ला सहा किलोमीटरवर एक प्रचंड डोंगरी किल्ला होता,गावाच्या पूर्वीला सहा किलो मितरवर एक प्रचंड डोंगरी किला होता,14.75,44.44,0,4.71
sample_01530,D:\marathi-asr\data\vistaar_benchmarks\kathbath_noisy\marathi\wavs\844424933381585-676-m.wav,बोंडगव्हाण हे भारताच्या महाराष्ट्र राज्यातील नांदेड जिल्ह्यातील माहूर तालुक्यातील एक गाव आहे,बों्डगवाण ही भारताच्या मारत सरर्नांदूळ जिजेती माऊस तलकेल ेता,बोंडगव्हाण हे भारताच्या महाराष्ट्र राज्यातील नांदेड जिल्ह्यातील माहूर तालुक्यातील एक गाव आहे,बों्डगवाण ही भारताच्या मारत सरर्नांदूळ जिजेती माऊस तलकेल ेता,51.09,91.67,0,8.24
sample_01531,D:\marathi-asr\data\vistaar_benchmarks\kathbath_noisy\marathi\wavs\844424933381598-676-m.wav,तसेच त्याला वैदिक धर्मात सांगितलेली कर्मे करण्याचाही अधिकार प्राप्त होतो,परसेस त्याला वैदिक धरमात सांगितले चरमे फरण्याचाठी अधिकात पापस होते,तसेच त्याला वैदिक धर्मात सांगितलेली कर्मे करण्याचाही अधिकार प्राप्त होतो,परसेस त्याला वैदिक धरमात सांगितले चरमे फरण्याचाठी अधिकात पापस होते,22.22,80.0,0,7.24
sample_01532,D:\marathi-asr\data\vistaar_benchmarks\kathbath_noisy\marathi\wavs\844424933394023-426-m.wav,थायी दंतकथेनुसार दुसित म्हणजे सात स्वर्गातील चौथा स्वर्ग,हाई दंतगतेनुसार भुशीत म्हणजे सात फर्गापी जोफास वर्ग,थायी दंतकथेनुसार दुसित म्हणजे सात स्वर्गातील चौथा स्वर्ग,हाई दंतगतेनुसार भुशीत म्हणजे सात फर्गापी जोफास वर्ग,32.14,75.0,0,6.59
sample_01533,D:\marathi-asr\data\vistaar_benchmarks\kathbath_noisy\marathi\wavs\844424933379983-487-m.wav,अंजू बॉबी जॉर्ज जन्म १९ एप्रिल १९७७ ही एक भारतीय एथलीट आहे,अंज्यकचार जनमायकोणीसे ब्रिले पुनशे सत्यातदरही तेक भारतीय,अंजू बॉबी जॉर्ज जन्म १९ एप्रिल १९७७ ही एक भारतीय एथलीट आहे,अंज्यकचार जनमायकोणीसे ब्रिले पुनशे सत्यातदरही तेक भारतीय,79.31,91.67,0,6.97
sample_01534,D:\marathi-asr\data\vistaar_benchmarks\kathbath_noisy\marathi\wavs\844424933381628-676-m.wav,एकूण १०३४३ लोकसंख्येपैकी ५०८६ पुरुष तर ५२५७ महिला आहेत,"एकूल दहा जारतीन सेत्रीच्याले लोकसंख्या पैकी पाचजर, सांचीक्तपाचदर दनससब्तःन महिला आहे",एकूण १०३४३ लोकसंख्येपैकी ५०८६ पुरुष तर ५२५७ महिला आहेत,एकूल दहा जारतीन सेत्रीच्याले लोकसंख्या पैकी पाचजर सांचीक्तपाचदर दनससब्तःन महिला आहे,96.3,111.11,0,9.68
sample_01535,D:\marathi-asr\data\vistaar_benchmarks\kathbath_noisy\marathi\wavs\844424933356055-1120-m.wav,या चारही मेडिकल स्टोअर्सना औषधी खरेदी आणि विक्री करण्यावर निर्बंध घालण्यात आले,या चारणी मेडिकल स्टोर्सना औषधी खरेदी आणि विक्री करणा्यावर निर्बंद धालण्यात आले,या चारही मेडिकल स्टोअर्सना औषधी खरेदी आणि विक्री करण्यावर निर्बंध घालण्यात आले,या चारणी मेडिकल स्टोर्सना औषधी खरेदी आणि विक्री करणा्यावर निर्बंद धालण्यात आले,6.41,41.67,0,6.43
sample_01536,D:\marathi-asr\data\vistaar_benchmarks\kathbath_noisy\marathi\wavs\844424933381645-676-m.wav,तोळेवाडी हे भारतातील महाराष्ट्र राज्यातील सातारा जिल्ह्यातील पाटण तालुक्यातील एक गाव आहे,उडे वडी हे भारतातील महाराट्स राज्यतील सातारा जिल्ल्यतून पटण खर्केतिले गाव आहे,तोळेवाडी हे भारतातील महाराष्ट्र राज्यातील सातारा जिल्ह्यातील पाटण तालुक्यातील एक गाव आहे,उडे वडी हे भारतातील महाराट्स राज्यतील सातारा जिल्ल्यतून पटण खर्केतिले गाव आहे,28.41,66.67,0,7.73
sample_01537,D:\marathi-asr\data\vistaar_benchmarks\kathbath_noisy\marathi\wavs\844424933393996-426-m.wav,हा पक्षी आकाराने तित्तिराएवढा असून याचे डोके जाड पाय काटकुळे चोच कबुतरासारखी असते,हापक्षी आकाराने तित्रायळासून याचे दोके झाड पायकाटकुडेचो गबदरासाठी असते,हा पक्षी आकाराने तित्तिराएवढा असून याचे डोके जाड पाय काटकुळे चोच कबुतरासारखी असते,हापक्षी आकाराने तित्रायळासून याचे दोके झाड पायकाटकुडेचो गबदरासाठी असते,23.46,76.92,0,11.26
sample_01538,D:\marathi-asr\data\vistaar_benchmarks\kathbath_noisy\marathi\wavs\844424933379953-487-m.wav,वाङ्मय रूची व वाङ्मय दर्जाचे प्रश्न भेडसावत आहेत,वानमल वची ग वानम दरजाचे प्रश्न भेट सावत आहेत,वाङ्मय रूची व वाङ्मय दर्जाचे प्रश्न भेडसावत आहेत,वानमल वची ग वानम दरजाचे प्रश्न भेट सावत आहेत,25.0,87.5,0,4.06
sample_01539,D:\marathi-asr\data\vistaar_benchmarks\kathbath_noisy\marathi\wavs\844424933373423-962-m.wav,हा रस्ता पुन्हा केव्हा व कसा सुरू होईल याबद्दल साशंकता आहे,हारस्थापला किंवा आवा कसा सुरू वेतीाबद साशकता हे,हा रस्ता पुन्हा केव्हा व कसा सुरू होईल याबद्दल साशंकता आहे,हारस्थापला किंवा आवा कसा सुरू वेतीाबद साशकता हे,41.38,81.82,0,4.88
sample_01540,D:\marathi-asr\data\vistaar_benchmarks\kathbath_noisy\marathi\wavs\844424933379947-487-m.wav,आकार संस्था असे उपक्रम भारतात अन्यत्र आणि परदेशांतही आयोजित करते,आकार संस्था असे उपक्रम भारतात अन्ियत्र आणि फरदेशनतीही अर्डित करते,आकार संस्था असे उपक्रम भारतात अन्यत्र आणि परदेशांतही आयोजित करते,आकार संस्था असे उपक्रम भारतात अन्ियत्र आणि फरदेशनतीही अर्डित करते,14.06,30.0,0,6.32
sample_01541,D:\marathi-asr\data\vistaar_benchmarks\kathbath_noisy\marathi\wavs\844424933355974-1120-m.wav,सिक्कीम संस्थान हे ब्रिटिश भारतातील एक स्वायत्त संस्थान होते,सित्तीव संसथान हे ब्रटीट भारतातील एक फयक्मक संस्थान होते,सिक्कीम संस्थान हे ब्रिटिश भारतातील एक स्वायत्त संस्थान होते,सित्तीव संसथान हे ब्रटीट भारतातील एक फयक्मक संस्थान होते,23.33,44.44,0,5.15
sample_01542,D:\marathi-asr\data\vistaar_benchmarks\kathbath_noisy\marathi\wavs\844424933394839-566-m.wav,१ एप्रिल २०१३ रोजी संस्थेचे कार्यालय पुण्यात आल्यानंतर माधवी वैद्य या महामंडळाच्या अध्यक्षा झाल्या होत्या,"एक एप्रील रोन हजर, ते्ा रुगी संत्थेचे कार्यालय पुण्यात आल्यानंतर मागी विध्धेया मामानळाच्या देक्षा जागे होत्या",१ एप्रिल २०१३ रोजी संस्थेचे कार्यालय पुण्यात आल्यानंतर माधवी वैद्य या महामंडळाच्या अध्यक्षा झाल्या होत्या,एक एप्रील रोन हजर ते्ा रुगी संत्थेचे कार्यालय पुण्यात आल्यानंतर मागी विध्धेया मामानळाच्या देक्षा जागे होत्या,34.29,86.67,0,6.8
sample_01543,D:\marathi-asr\data\vistaar_benchmarks\kathbath_noisy\marathi\wavs\844424933373421-962-m.wav,भारताच्या परराष्ट्र सचिवांनीही यासाठी इस्लामाबादला जाण्याची तयारी दाखविली,भारताच्या पडराष्टर सेजीवा नि यासाठी ईसलामा कादल्या जाण्याची तयारी दाखवले,भारताच्या परराष्ट्र सचिवांनीही यासाठी इस्लामाबादला जाण्याची तयारी दाखविली,भारताच्या पडराष्टर सेजीवा नि यासाठी ईसलामा कादल्या जाण्याची तयारी दाखवले,23.29,75.0,0,5.5
sample_01544,D:\marathi-asr\data\vistaar_benchmarks\kathbath_noisy\marathi\wavs\844424933379965-487-m.wav,युवराज हा २००८ साली प्रदर्शित झालेला एक भारतीय हिंदी चित्रपट आहे,यिव्ळाच हा दोनगार आठसारी प्रदक्षित झालेला एक भारतीय हिंधीचित्रपट आहे,युवराज हा २००८ साली प्रदर्शित झालेला एक भारतीय हिंदी चित्रपट आहे,यिव्ळाच हा दोनगार आठसारी प्रदक्षित झालेला एक भारतीय हिंधीचित्रपट आहे,26.56,54.55,0,5.25
sample_01545,D:\marathi-asr\data\vistaar_benchmarks\kathbath_noisy\marathi\wavs\844424933379930-487-m.wav,माणगंगा नदीवर वसलेले हे शहर ते माण तालुक्याचे प्रशासकीय केन्द्र आहे,मानगंगानधीवर बसलेले हे शेअर ते मानत लुकेाचे प्रसास्कीय केंद्र आहेत,माणगंगा नदीवर वसलेले हे शहर ते माण तालुक्याचे प्रशासकीय केन्द्र आहे,मानगंगानधीवर बसलेले हे शेअर ते मानत लुकेाचे प्रसास्कीय केंद्र आहेत,23.88,81.82,0,5.71
sample_01546,D:\marathi-asr\data\vistaar_benchmarks\kathbath_noisy\marathi\wavs\844424933356045-1120-m.wav,वडिलांचे मामा बाबा साठे हे भरत नाट्य मंदिरात मेकअपमन होते,वडिलांचे मायाबाबासाठे ह परत नट्ेमंजरा मिकपन करत,वडिलांचे मामा बाबा साठे हे भरत नाट्य मंदिरात मेकअपमन होते,वडिलांचे मायाबाबासाठे ह परत नट्ेमंजरा मिकपन करत,29.82,90.0,0,5.64
sample_01547,D:\marathi-asr\data\vistaar_benchmarks\kathbath_noisy\marathi\wavs\844424933394881-566-m.wav,२०११ च्या भारतीय जनगणनेनुसार गावात १५४ कुटुंबे राहतात,रजारातळ्याच्या भारतीय जंगनेनीनुसार गावा दे्षीच्ो फंड कुटुंबे राहतात,२०११ च्या भारतीय जनगणनेनुसार गावात १५४ कुटुंबे राहतात,रजारातळ्याच्या भारतीय जंगनेनीनुसार गावा दे्षीच्ो फंड कुटुंबे राहतात,49.06,75.0,0,4.57
sample_01548,D:\marathi-asr\data\vistaar_benchmarks\kathbath_noisy\marathi\wavs\844424933394875-566-m.wav,स्ट्रेप थ्रोटची लक्षणं कोणत्याही औषधांशिवायही ३ ते ५ दिवसात बरी व्हायला लागतात,स्रेट फटती लक्षण कोणत पद्यत किंवा ही तींते पास दिसात दर व्याजार करळतात,स्ट्रेप थ्रोटची लक्षणं कोणत्याही औषधांशिवायही ३ ते ५ दिवसात बरी व्हायला लागतात,स्रेट फटती लक्षण कोणत पद्यत किंवा ही तींते पास दिसात दर व्याजार करळतात,48.72,108.33,0,5.62
sample_01549,D:\marathi-asr\data\vistaar_benchmarks\kathbath_noisy\marathi\wavs\844424933373455-962-m.wav,हे कारंजे सातत्याने कार्यक्षम राहून तिथं आल्हाददायक सुवासिक आणि प्रणयकारक वातावरण तयार करत,एकारंजी साठित्यानेकारक्षम ग्रामी्दित अला दयक सुवासिक आणि प्रणेकार वातावरण तयार होते,हे कारंजे सातत्याने कार्यक्षम राहून तिथं आल्हाददायक सुवासिक आणि प्रणयकारक वातावरण तयार करत,एकारंजी साठित्यानेकारक्षम ग्रामी्दित अला दयक सुवासिक आणि प्रणेकार वातावरण तयार होते,31.11,69.23,0,7.38
sample_01550,D:\marathi-asr\data\vistaar_benchmarks\kathbath_noisy\marathi\wavs\844424933356028-1120-m.wav,पेब्लो शहर कॉलोराडोच्या दक्षिण भागात आर्कान्सा नदीच्या काठावर वसले असून ते डेन्व्हरच्या दक्षिणेस स्थित आहे,एब्लुशहर परोराडच्या दक्षिण भागात आकारसना नदीच्या काठ्यावर वसलेसूनते रेंवरच्या दक्षिण स्रित आहे,पेब्लो शहर कॉलोराडोच्या दक्षिण भागात आर्कान्सा नदीच्या काठावर वसले असून ते डेन्व्हरच्या दक्षिणेस स्थित आहे,एब्लुशहर परोराडच्या दक्षिण भागात आकारसना नदीच्या काठ्यावर वसलेसूनते रेंवरच्या दक्षिण स्रित आहे,24.53,73.33,0,9.45
sample_01551,D:\marathi-asr\data\vistaar_benchmarks\kathbath_noisy\marathi\wavs\844424933394787-566-m.wav,या समाजाने रोजगाराच्या संधी निर्माण करून देशाच्या अर्थव्यवस्थेला चालना दिली आहे,या समाजाने रोजजाराच्या संबी निमा करून देशाच्या अर्थव्यस्ारात चाला दिली आहे,या समाजाने रोजगाराच्या संधी निर्माण करून देशाच्या अर्थव्यवस्थेला चालना दिली आहे,या समाजाने रोजजाराच्या संबी निमा करून देशाच्या अर्थव्यस्ारात चाला दिली आहे,13.92,45.45,0,8.34
sample_01552,D:\marathi-asr\data\vistaar_benchmarks\kathbath_noisy\marathi\wavs\844424933379945-487-m.wav,अखिल भारतीय साहित्य संमेलन नांदेड १९८५ साली सरचिटणीस म्हणून कार्यरत होते,अखील भारतीय साहित्य समेलन नांगेळिकोनसशे पंचयांचीसाठी सर्चिकत नीस म्हणून कार्यारत होते,अखिल भारतीय साहित्य संमेलन नांदेड १९८५ साली सरचिटणीस म्हणून कार्यरत होते,अखील भारतीय साहित्य समेलन नांगेळिकोनसशे पंचयांचीसाठी सर्चिकत नीस म्हणून कार्यारत होते,36.11,63.64,0,5.97
sample_01553,D:\marathi-asr\data\vistaar_benchmarks\kathbath_noisy\marathi\wavs\844424933394823-566-m.wav,वादडे ओसरवाडी ताणाशी देदाळे बावडे आसनगाव कापशी साखरे ऐने गोवाणे दाभाळे ही जवळपासची गावे आहेत,"मागळीय असरवाढी ताणाशी दुदारे ,बावली हासंगाव , कापाशी साखरेीन गुवारे दाभारे ही जळ पाच्चीगावे आहे",वादडे ओसरवाडी ताणाशी देदाळे बावडे आसनगाव कापशी साखरे ऐने गोवाणे दाभाळे ही जवळपासची गावे आहेत,मागळीय असरवाढी ताणाशी दुदारे बावली हासंगाव कापाशी साखरेीन गुवारे दाभारे ही जळ पाच्चीगावे आहे,29.35,86.67,0,8.22
sample_01554,D:\marathi-asr\data\vistaar_benchmarks\kathbath_noisy\marathi\wavs\844424933356037-1120-m.wav,अष्टाध्यायीतील सूत्राचा अर्थ लावताना अधिकारसूत्रातील एखादे पद किंवा सबंध अधिकारसूत्र अध्याहृत धरण्यात येते,अस्टंज्यत यातील सूवतराच्या अर्थ लावतांना अधिकार सूत्रातील एखादेपत किंवा संबंध अधिकार सत्र अयद्यारी करण्यात येतो,अष्टाध्यायीतील सूत्राचा अर्थ लावताना अधिकारसूत्रातील एखादे पद किंवा सबंध अधिकारसूत्र अध्याहृत धरण्यात येते,अस्टंज्यत यातील सूवतराच्या अर्थ लावतांना अधिकार सूत्रातील एखादेपत किंवा संबंध अधिकार सत्र अयद्यारी करण्यात येतो,22.64,100.0,0,8.61
sample_01555,D:\marathi-asr\data\vistaar_benchmarks\kathbath_noisy\marathi\wavs\844424933280480-817-m.wav,नांदुर हे भारताच्या महाराष्ट्र राज्यातील नाशिक जिल्ह्यातील नांदगाव तालुक्यातील एक गाव आहे,लागू भारताच्या मारास राज्य बनाशि किल्यातदालका कागुदकी काव य?,नांदुर हे भारताच्या महाराष्ट्र राज्यातील नाशिक जिल्ह्यातील नांदगाव तालुक्यातील एक गाव आहे,लागू भारताच्या मारास राज्य बनाशि किल्यातदालका कागुदकी काव य,50.56,91.67,0,9.5
sample_01556,D:\marathi-asr\data\vistaar_benchmarks\kathbath_noisy\marathi\wavs\844424933356014-1120-m.wav,सत्त्वगुण किंवा अनेकदा सात्त्विकसात्विकसत्वसत्यसत्त्व ह्या नावांनी उल्लेख होणारा गुणधर्म किंवा सृष्टीचा गुण आहे,सत्त्वगून किंवा अनेकदासत्त्वस्विकसत्व सत्यस्त्व हया नावांने उलेख होणा्या गुणधर्म किंवा सृष्टीचा गुन्हे,सत्त्वगुण किंवा अनेकदा सात्त्विकसात्विकसत्वसत्यसत्त्व ह्या नावांनी उल्लेख होणारा गुणधर्म किंवा सृष्टीचा गुण आहे,सत्त्वगून किंवा अनेकदासत्त्वस्विकसत्व सत्यस्त्व हया नावांने उलेख होणा्या गुणधर्म किंवा सृष्टीचा गुन्हे,17.12,69.23,0,9.47
sample_01557,D:\marathi-asr\data\vistaar_benchmarks\kathbath_noisy\marathi\wavs\844424933379970-487-m.wav,याचे मुख्य कारण राजकीय अस्थिरता आणि वाढती कामगार संघटना होते,याचे मुख्य कारण जाजकी असलिता आणि वाढकी कांगर संघटना होते,याचे मुख्य कारण राजकीय अस्थिरता आणि वाढती कामगार संघटना होते,याचे मुख्य कारण जाजकी असलिता आणि वाढकी कांगर संघटना होते,13.33,40.0,0,5.22
sample_01558,D:\marathi-asr\data\vistaar_benchmarks\kathbath_noisy\marathi\wavs\844424933373385-962-m.wav,तुर्कानी काॅन्स्टॅन्टिनोपल जिंकल्याने युरोपीयांचे आशिया खंडाशी व्यापार करण्याचे मार्ग बंद झाले,तुडकांनी कंस्थेंतिंहा रजलकल्याने यरू.पी.आय ऐचची आशातर स्ेट परतारयाचे माध्य बन्य झाला,तुर्कानी काॅन्स्टॅन्टिनोपल जिंकल्याने युरोपीयांचे आशिया खंडाशी व्यापार करण्याचे मार्ग बंद झाले,तुडकांनी कंस्थेंतिंहा रजलकल्याने यरू पी आय ऐचची आशातर स्ेट परतारयाचे माध्य बन्य झाला,55.32,118.18,0,8.2
sample_01559,D:\marathi-asr\data\vistaar_benchmarks\kathbath_noisy\marathi\wavs\844424933379933-487-m.wav,पण या नौका फ्लेचरच्या मुख्य तांड्याचा भाग नव्हत्याच,पण या नवका फिचरच्या मुख्य तांद्यांच्या भाग नवत्यात,पण या नौका फ्लेचरच्या मुख्य तांड्याचा भाग नव्हत्याच,पण या नवका फिचरच्या मुख्य तांद्यांच्या भाग नवत्यात,21.57,50.0,0,4.99
sample_01560,D:\marathi-asr\data\vistaar_benchmarks\kathbath_noisy\marathi\wavs\844424933379898-487-m.wav,हिंगणवेढे हे भारताच्या महाराष्ट्र राज्यातील नाशिक जिल्ह्यातील नाशिक तालुक्यातील एक गाव आहे,इंगनविडे हेम भारताच्या माराष्ट्र गाज्यातील नाशिक दिलेतीत नाशिक कलुकेलीले का आहे,हिंगणवेढे हे भारताच्या महाराष्ट्र राज्यातील नाशिक जिल्ह्यातील नाशिक तालुक्यातील एक गाव आहे,इंगनविडे हेम भारताच्या माराष्ट्र गाज्यातील नाशिक दिलेतीत नाशिक कलुकेलीले का आहे,28.89,66.67,0,6.73
sample_01561,D:\marathi-asr\data\vistaar_benchmarks\kathbath_noisy\marathi\wavs\844424933394867-566-m.wav,त्याला पहिले आंतरराष्ट्रीय एकदिवसीय शतक नोंदवण्यासाठी ७९ सामने वाट पहावी लागली,मला पहिलेया आंतरराष्ट्रीयक विश्य स्वतत मिंलवण्यासाठी कोणेशी साम्े वाढ पाणी लागे,त्याला पहिले आंतरराष्ट्रीय एकदिवसीय शतक नोंदवण्यासाठी ७९ सामने वाट पहावी लागली,मला पहिलेया आंतरराष्ट्रीयक विश्य स्वतत मिंलवण्यासाठी कोणेशी साम्े वाढ पाणी लागे,41.03,100.0,0,4.88
sample_01562,D:\marathi-asr\data\vistaar_benchmarks\kathbath_noisy\marathi\wavs\844424933373433-962-m.wav,पाथर्डी हे भारताच्या महाराष्ट्र राज्यातील उस्मानाबाद जिल्ह्यातील कळंब तालुक्यातील एक गाव आहे,आतर.टी य भारताच्या महाराष्ट्री राहज्ेाते दुसल्याला मार्चिक यातेल पड्ंताडकेतील एक असते,पाथर्डी हे भारताच्या महाराष्ट्र राज्यातील उस्मानाबाद जिल्ह्यातील कळंब तालुक्यातील एक गाव आहे,आतर टी य भारताच्या महाराष्ट्री राहज्ेाते दुसल्याला मार्चिक यातेल पड्ंताडकेतील एक असते,46.74,91.67,0,5.74
sample_01563,D:\marathi-asr\data\vistaar_benchmarks\kathbath_noisy\marathi\wavs\844424933379904-487-m.wav,हेमा उपाध्याय जन्म १९७२११ डिसेंबर २०१५ हया मुंबईतील एक भारतीय कलाकार होत्या,विमा उपाद्य जनमा एेकोणसी बात तर अप्राडिशमबर दून दर पंडरा ह्यामोबाईल लेक भारतीय कालाकार होते,हेमा उपाध्याय जन्म १९७२११ डिसेंबर २०१५ हया मुंबईतील एक भारतीय कलाकार होत्या,विमा उपाद्य जनमा एेकोणसी बात तर अप्राडिशमबर दून दर पंडरा ह्यामोबाईल लेक भारतीय कालाकार होते,72.0,116.67,0,8.22
sample_01564,D:\marathi-asr\data\vistaar_benchmarks\kathbath_noisy\marathi\wavs\844424933379980-487-m.wav,तिच्या वडिलांनी पश्चिम आशियामध्ये चुनखडी उत्खनन सुरू केल्यानंतर दीवान दोन वर्षांची असताना बहारीनला गेली,तीच्या वडिलांनी पचछमाशल्या मध्ये तुनखधी उत्पन्ांची कल्यानंतर किवान दोन वर्षाची असताना बहारीनलार देला,तिच्या वडिलांनी पश्चिम आशियामध्ये चुनखडी उत्खनन सुरू केल्यानंतर दीवान दोन वर्षांची असताना बहारीनला गेली,तीच्या वडिलांनी पचछमाशल्या मध्ये तुनखधी उत्पन्ांची कल्यानंतर किवान दोन वर्षाची असताना बहारीनलार देला,24.27,78.57,0,7.76
sample_01565,D:\marathi-asr\data\vistaar_benchmarks\kathbath_noisy\marathi\wavs\844424933373392-962-m.wav,येथे सर्वात नवीन आणि सर्वात कमी शिखर आहे,केती सर्वात नवीन आणि सर्वात कमीशिकर आहे,येथे सर्वात नवीन आणि सर्वात कमी शिखर आहे,केती सर्वात नवीन आणि सर्वात कमीशिकर आहे,12.5,37.5,0,4.04
sample_01566,D:\marathi-asr\data\vistaar_benchmarks\kathbath_noisy\marathi\wavs\844424933373431-962-m.wav,गिम्प मायक्रोसॉफ्ट विंडोज किंवा ऍपलच्या मॅक ओएस एक्स डार्विन सारख्या अन्य कार्यप्रणालीसाठी ही उपलब्ध आहे,गिगलायप्रोसा फंडस किंवा डक पैच्या नँकवहसएक्स दर िसाख्या अन्नने करणारीसाठीी उपलब्ध आहे,गिम्प मायक्रोसॉफ्ट विंडोज किंवा ऍपलच्या मॅक ओएस एक्स डार्विन सारख्या अन्य कार्यप्रणालीसाठी ही उपलब्ध आहे,गिगलायप्रोसा फंडस किंवा डक पैच्या नँकवहसएक्स दर िसाख्या अन्नने करणारीसाठीी उपलब्ध आहे,41.35,80.0,0,7.78
sample_01567,D:\marathi-asr\data\vistaar_benchmarks\kathbath_noisy\marathi\wavs\844424933381647-676-m.wav,या पुतळ्यांची देखभालही केली जात नाही शहरात वाहतुकीला अडथळा ठरू शकणारेही बरेच पुतळे आहेत,या पिड्यांची वेगभालही केली जातने सहरात वाहतुकेला अडचणात खालू शकनाव्टी बरेतफडे आहे,या पुतळ्यांची देखभालही केली जात नाही शहरात वाहतुकीला अडथळा ठरू शकणारेही बरेच पुतळे आहेत,या पिड्यांची वेगभालही केली जातने सहरात वाहतुकेला अडचणात खालू शकनाव्टी बरेतफडे आहे,32.18,85.71,0,8.45
sample_01568,D:\marathi-asr\data\vistaar_benchmarks\kathbath_noisy\marathi\wavs\844424933394022-426-m.wav,हिंदी भाषेला राष्ट्रभाषा करण्याबाबत ते विशेष आग्रही होते,हंबी माशीला राष्र वाच्या करण्यावाबर पे विशेष आपणि होते,हिंदी भाषेला राष्ट्रभाषा करण्याबाबत ते विशेष आग्रही होते,हंबी माशीला राष्र वाच्या करण्यावाबर पे विशेष आपणि होते,35.71,87.5,0,5.15
sample_01569,D:\marathi-asr\data\vistaar_benchmarks\kathbath_noisy\marathi\wavs\844424933381648-676-m.wav,दिब्रुगडचा मोहनबारी विमानतळ हा रोइंगसाठी सर्वात जवळचा विमानतळ आहे,रीपबबुकोजचा मोलबार विमाट हारोहीसाठी सर्वात दरट्त विमंतळ आहे,दिब्रुगडचा मोहनबारी विमानतळ हा रोइंगसाठी सर्वात जवळचा विमानतळ आहे,रीपबबुकोजचा मोलबार विमाट हारोहीसाठी सर्वात दरट्त विमंतळ आहे,38.46,77.78,0,9.36
sample_01570,D:\marathi-asr\data\vistaar_benchmarks\kathbath_noisy\marathi\wavs\844424933393987-426-m.wav,१९९१ ते २००० दरम्यान येथे गृहयुद्ध चालू होते,एकणही शेत त्यांमध्ये दोन हजार दरम्यान यथेगृयुद्ध चालू होते,१९९१ ते २००० दरम्यान येथे गृहयुद्ध चालू होते,एकणही शेत त्यांमध्ये दोन हजार दरम्यान यथेगृयुद्ध चालू होते,63.64,87.5,0,14.65
sample_01571,D:\marathi-asr\data\vistaar_benchmarks\kathbath_noisy\marathi\wavs\844424933394029-426-m.wav,त्यांचे एका साळीयाने हे आत्मचरित्र पुण्याच्या पद्मगंधा प्रकाशनने प्रसिद्ध केले,त्यांचे एका साडीयाने ही अत्मचरीत्र पुन्याच्या पत्मगंला प्रकाशनाने प्रसिद्ध केले,त्यांचे एका साळीयाने हे आत्मचरित्र पुण्याच्या पद्मगंधा प्रकाशनने प्रसिद्ध केले,त्यांचे एका साडीयाने ही अत्मचरीत्र पुन्याच्या पत्मगंला प्रकाशनाने प्रसिद्ध केले,10.26,60.0,0,8.87
sample_01572,D:\marathi-asr\data\vistaar_benchmarks\kathbath_noisy\marathi\wavs\844424933393991-426-m.wav,त्यातील बांधकाम काळ्या पाषाणातील असून त्यावर अत्यंत सुबक व उठावदार नक्षीकाम करण्यात येत आहे,त्यातील बांका काळ्या पासनातीलसून त्यावर अत्यांत सुव व उभावदार नक्षि काम करण्यात यत आहे,त्यातील बांधकाम काळ्या पाषाणातील असून त्यावर अत्यंत सुबक व उठावदार नक्षीकाम करण्यात येत आहे,त्यातील बांका काळ्या पासनातीलसून त्यावर अत्यांत सुव व उभावदार नक्षि काम करण्यात यत आहे,15.38,64.29,0,10.12
sample_01573,D:\marathi-asr\data\vistaar_benchmarks\kathbath_noisy\marathi\wavs\844424933394821-566-m.wav,विशेषतः लहान मुलांच्या आजारावर हे फार उपयोगी पडतें,देसना लहान दोभांचया आजारावरगे फारलो सप पडते,विशेषतः लहान मुलांच्या आजारावर हे फार उपयोगी पडतें,देसना लहान दोभांचया आजारावरगे फारलो सप पडते,40.0,87.5,0,3.81
sample_01574,D:\marathi-asr\data\vistaar_benchmarks\kathbath_noisy\marathi\wavs\844424933280454-817-m.wav,कृष्णाजी नारायण आठल्ये यांनी सुमारे ४० पुस्तके लिहिली,कृष्णाची नाराळन आठले याने सुमारे चाळी स्वस्त केलेले,कृष्णाजी नारायण आठल्ये यांनी सुमारे ४० पुस्तके लिहिली,कृष्णाची नाराळन आठले याने सुमारे चाळी स्वस्त केलेले,37.74,87.5,0,4.18
sample_01575,D:\marathi-asr\data\vistaar_benchmarks\kathbath_noisy\marathi\wavs\844424933356022-1120-m.wav,या वयोगटातील मुलांची संख्या एकूण लोकसंखेच्या १२३६ आहे,या बयवघटातील मुलांची संख्या एकून लोकसंख्येंच्या बाराशी शत्तीस आहे,या वयोगटातील मुलांची संख्या एकूण लोकसंखेच्या १२३६ आहे,या बयवघटातील मुलांची संख्या एकून लोकसंख्येंच्या बाराशी शत्तीस आहे,37.74,62.5,0,5.32
sample_01576,D:\marathi-asr\data\vistaar_benchmarks\kathbath_noisy\marathi\wavs\844424933381595-676-m.wav,पाळोदी हे भारताच्या महाराष्ट्र राज्यातील परभणी जिल्ह्यातील मानवत तालुक्यातील एक गाव आहे,पाळूदी हे भारताच्या मारासून अ्यती परवनी जिगातील मानवत तलक्यते एक गा,पाळोदी हे भारताच्या महाराष्ट्र राज्यातील परभणी जिल्ह्यातील मानवत तालुक्यातील एक गाव आहे,पाळूदी हे भारताच्या मारासून अ्यती परवनी जिगातील मानवत तलक्यते एक गा,33.33,66.67,0,9.64
sample_01577,D:\marathi-asr\data\vistaar_benchmarks\kathbath_noisy\marathi\wavs\844424933381626-676-m.wav,जागृत हे वृत्तपत्र हे सत्यशोधक समाजाचा पुरस्कार करणारे होते,बॅगरूज हे ववुक्तपत्र आहे सत्य सुद्धक समाजाचा पृरस्तार करणाले होते,जागृत हे वृत्तपत्र हे सत्यशोधक समाजाचा पुरस्कार करणारे होते,बॅगरूज हे ववुक्तपत्र आहे सत्य सुद्धक समाजाचा पृरस्तार करणाले होते,28.81,77.78,0,6.46
sample_01578,D:\marathi-asr\data\vistaar_benchmarks\kathbath_noisy\marathi\wavs\844424933381589-676-m.wav,पटेल लोकसभेत कानडीतून भाषण देणारे पहिले खासदार होते,पटेल लोकसगळेत कांडितींग भासून देणारे पयले खयदार होते,पटेल लोकसभेत कानडीतून भाषण देणारे पहिले खासदार होते,पटेल लोकसगळेत कांडितींग भासून देणारे पयले खयदार होते,27.45,62.5,0,6.18
sample_01579,D:\marathi-asr\data\vistaar_benchmarks\kathbath_noisy\marathi\wavs\844424933356041-1120-m.wav,तर न्यायाची योग्य ती तत्त्वे ज्यांचे सर्वोत्तम परिणाम होतात त्या असतात,तर म्ाची योग्य तितत्वे त्यांचे सर्वोत्तम परिणाम होतात त्यास असतात,तर न्यायाची योग्य ती तत्त्वे ज्यांचे सर्वोत्तम परिणाम होतात त्या असतात,तर म्ाची योग्य तितत्वे त्यांचे सर्वोत्तम परिणाम होतात त्यास असतात,14.29,45.45,0,6.22
sample_01580,D:\marathi-asr\data\vistaar_benchmarks\kathbath_noisy\marathi\wavs\844424933280499-817-m.wav,सिएटलटॅकोमा आंतरराष्ट्रीय विमानतळ या कंपनीचे मुख्य ठाणे आहे,सीॲटलॉटोको मा आंतरराष्ट्रीय विमानतळात या कंपनीचे प्रमुख थाणे आहे,सिएटलटॅकोमा आंतरराष्ट्रीय विमानतळ या कंपनीचे मुख्य ठाणे आहे,सीॲटलॉटोको मा आंतरराष्ट्रीय विमानतळात या कंपनीचे प्रमुख थाणे आहे,22.03,62.5,0,8.89
sample_01581,D:\marathi-asr\data\vistaar_benchmarks\kathbath_noisy\marathi\wavs\844424933381660-676-m.wav,क हिंदू लोकसंख्येत विविध तत्वांचे संमिश्रण असतांनाही यात दृढ सांस्कृतिक एकता आहे,क हिंदू लोक संख्येत विविधतत्वांचे सम्मीशरण असतानाशील यातग्रोड सांरस्कृधिक यता आहे,क हिंदू लोकसंख्येत विविध तत्वांचे संमिश्रण असतांनाही यात दृढ सांस्कृतिक एकता आहे,क हिंदू लोक संख्येत विविधतत्वांचे सम्मीशरण असतानाशील यातग्रोड सांरस्कृधिक यता आहे,22.5,75.0,0,9.36
sample_01582,D:\marathi-asr\data\vistaar_benchmarks\kathbath_noisy\marathi\wavs\844424933379976-487-m.wav,विजेत्या पाकिस्तान संघाला ३० हजार अमेरिकन डॉलर पारितोषिक म्हणून मिळाले,विजेत्या पाकिस्तान संगाला ती हजार अमेरिकंन डॉलर पारी कोषिक म्हणून मिळाले,विजेत्या पाकिस्तान संघाला ३० हजार अमेरिकन डॉलर पारितोषिक म्हणून मिळाले,विजेत्या पाकिस्तान संगाला ती हजार अमेरिकंन डॉलर पारी कोषिक म्हणून मिळाले,10.0,50.0,0,5.02
sample_01583,D:\marathi-asr\data\vistaar_benchmarks\kathbath_noisy\marathi\wavs\844424933280487-817-m.wav,एका ढगाचे वजन जवळजवळ पाच लाख किलो म्हणजेच एका विमानाएवढे किंवा १०० हत्तींएवढे असते,एका ढगाचे वजन जवळजवळपाच लाख किलो म्हणजे एका विमाणयवळे किंवा शंभरातीवळे असते,एका ढगाचे वजन जवळजवळ पाच लाख किलो म्हणजेच एका विमानाएवढे किंवा १०० हत्तींएवढे असते,एका ढगाचे वजन जवळजवळपाच लाख किलो म्हणजे एका विमाणयवळे किंवा शंभरातीवळे असते,19.51,42.86,0,10.96
sample_01584,D:\marathi-asr\data\vistaar_benchmarks\kathbath_noisy\marathi\wavs\844424933379908-487-m.wav,हि संघटना ही भारतातील औषधशात्रज्ञांची सर्वात मोठी संस्था म्हणून उदयास येत आहे,तिसंघटना ही भारतातील औषक शास्त्रज्ञांची सर्वात मोठी सरसता म्हणून ग्याअस यत आहे,हि संघटना ही भारतातील औषधशात्रज्ञांची सर्वात मोठी संस्था म्हणून उदयास येत आहे,तिसंघटना ही भारतातील औषक शास्त्रज्ञांची सर्वात मोठी सरसता म्हणून ग्याअस यत आहे,16.88,58.33,0,5.41
sample_01585,D:\marathi-asr\data\vistaar_benchmarks\kathbath_noisy\marathi\wavs\844424933394798-566-m.wav,भगवानगडावर उत्सव विजयादशमीला पौष वि प्रतिपदाला प्रत्येक शुद्ध एकादशी याशिवाय कार्तिक पौर्णिमाला सुरू होतो,मवानवळावरत सविध्ाने तील पसवसतीपांना प्येकीदेत आणि क या सेवेचातिककप्रमा सलीह,भगवानगडावर उत्सव विजयादशमीला पौष वि प्रतिपदाला प्रत्येक शुद्ध एकादशी याशिवाय कार्तिक पौर्णिमाला सुरू होतो,मवानवळावरत सविध्ाने तील पसवसतीपांना प्येकीदेत आणि क या सेवेचातिककप्रमा सलीह,61.9,100.0,0,8.61
sample_01586,D:\marathi-asr\data\vistaar_benchmarks\kathbath_noisy\marathi\wavs\844424933394873-566-m.wav,स्थापत्यशास्त्र महाविद्यालयाच्या प्राचार्यांकडे सत्यशोधक समाजाने एक अर्ज केला,कप्त्येशास्नेमा विबिल्याच्या प्राचीयाकडे स्वत्ये शोद्धो साम्नेह कर्ज केला,स्थापत्यशास्त्र महाविद्यालयाच्या प्राचार्यांकडे सत्यशोधक समाजाने एक अर्ज केला,कप्त्येशास्नेमा विबिल्याच्या प्राचीयाकडे स्वत्ये शोद्धो साम्नेह कर्ज केला,45.45,87.5,0,4.6
sample_01587,D:\marathi-asr\data\vistaar_benchmarks\kathbath_noisy\marathi\wavs\844424933373415-962-m.wav,किणीतांडा हे भारताच्या महाराष्ट्र राज्यातील नांदेड जिल्ह्यातील देगलूर तालुक्यातील एक गाव आहे,कीनय ांड आहे भारतास महाराष्ट्र राज्या दिनांडेजिल्यात दे दुधताब टकल एका आहे,किणीतांडा हे भारताच्या महाराष्ट्र राज्यातील नांदेड जिल्ह्यातील देगलूर तालुक्यातील एक गाव आहे,कीनय ांड आहे भारतास महाराष्ट्र राज्या दिनांडेजिल्यात दे दुधताब टकल एका आहे,40.22,91.67,0,6.41
sample_01588,D:\marathi-asr\data\vistaar_benchmarks\kathbath_noisy\marathi\wavs\844424933379899-487-m.wav,जन्मकाली जन्मस्थळाच्या पूर्व क्षितिजावर जो आकाशाचा भाग राशी उदित असते त्या बिंदूस लग्न असे म्हणतात,जन्मकाळी जन्मस्थळाच्या गोक्शथतीतावर ज्योवा आकाशाच्या भातराशी विधी स त्याबीनदूउसलग्णा असे म्हणतात,जन्मकाली जन्मस्थळाच्या पूर्व क्षितिजावर जो आकाशाचा भाग राशी उदित असते त्या बिंदूस लग्न असे म्हणतात,जन्मकाळी जन्मस्थळाच्या गोक्शथतीतावर ज्योवा आकाशाच्या भातराशी विधी स त्याबीनदूउसलग्णा असे म्हणतात,33.67,80.0,0,7.76
sample_01589,D:\marathi-asr\data\vistaar_benchmarks\kathbath_noisy\marathi\wavs\844424933381587-676-m.wav,धरणाच्या पाणलोट क्षेत्रात बेसुमार वाळू उपसा केल्याने पर्यावरण धोक्यात आले आहे,धरणाच्या पानरोट क्षेत्रात बेसमारवाढ नुकसा केल्याने पर्यावरण लोक्याच आल्ये,धरणाच्या पाणलोट क्षेत्रात बेसुमार वाळू उपसा केल्याने पर्यावरण धोक्यात आले आहे,धरणाच्या पानरोट क्षेत्रात बेसमारवाढ नुकसा केल्याने पर्यावरण लोक्याच आल्ये,19.48,63.64,0,8.41
sample_01590,D:\marathi-asr\data\vistaar_benchmarks\kathbath_noisy\marathi\wavs\844424933355957-1120-m.wav,काहींच्या मते वटेश्वर म्हणजे चांगदेवांच्या अंतरंगात प्रकाशणारे ईश्वराचे रूप,काहीीच्या मोती वतेस्वर म्हणजे प्ाणिगेवंच्या अंतर्गात ततासमावी स्वरूपची वू,काहींच्या मते वटेश्वर म्हणजे चांगदेवांच्या अंतरंगात प्रकाशणारे ईश्वराचे रूप,काहीीच्या मोती वतेस्वर म्हणजे प्ाणिगेवंच्या अंतर्गात ततासमावी स्वरूपची वू,36.0,88.89,0,6.97
sample_01591,D:\marathi-asr\data\vistaar_benchmarks\kathbath_noisy\marathi\wavs\844424933394828-566-m.wav,नीडरजाक्सन इंग्लिश नाव लोअर सॅक्सनी हे जर्मनी देशामधील एक राज्य आहे,मुलल्यासमोली सनावलीवर सासननेदम देशानजूली रायते,नीडरजाक्सन इंग्लिश नाव लोअर सॅक्सनी हे जर्मनी देशामधील एक राज्य आहे,मुलल्यासमोली सनावलीवर सासननेदम देशानजूली रायते,64.18,100.0,0,4.41
sample_01592,D:\marathi-asr\data\vistaar_benchmarks\kathbath_noisy\marathi\wavs\844424933280414-817-m.wav,पुणे पुरंदर पैठण वैजापूर गंगापूर कंधार मंगरूळ उस्मानाबाद इत्यादी ठिकाणचे पीरांचे दर्गे सूफींचे आहेत,ी परंदर पैथन वैसापूर कंगा पूर कल्यारे कसमानापात इत्यादी पिकांचे िरांचेचे आहेत,पुणे पुरंदर पैठण वैजापूर गंगापूर कंधार मंगरूळ उस्मानाबाद इत्यादी ठिकाणचे पीरांचे दर्गे सूफींचे आहेत,ी परंदर पैथन वैसापूर कंगा पूर कल्यारे कसमानापात इत्यादी पिकांचे िरांचेचे आहेत,40.4,85.71,0,13.89
sample_01593,D:\marathi-asr\data\vistaar_benchmarks\kathbath_noisy\marathi\wavs\844424933393995-426-m.wav,उज्जैन लोकसभा मतदारसंघ भारताच्या मध्य प्रदेश राज्यातील मतदारसंघ आहे,उदत्यन लोक सभळामदार संघ भारताच्या मध्य प्रतेश राज्याती मधदार संगले आहे,उज्जैन लोकसभा मतदारसंघ भारताच्या मध्य प्रदेश राज्यातील मतदारसंघ आहे,उदत्यन लोक सभळामदार संघ भारताच्या मध्य प्रतेश राज्याती मधदार संगले आहे,23.88,88.89,0,9.15
sample_01594,D:\marathi-asr\data\vistaar_benchmarks\kathbath_noisy\marathi\wavs\844424933356035-1120-m.wav,गायकवाड यांनी १९६७ च्या निवडणुकीच्या वेळी कॉंग्रेसशी युती केली,गायबवाड याने एकूणसीचात्तरच्या निवडलुकीच्या वेळी पामरेसची युिती केली,गायकवाड यांनी १९६७ च्या निवडणुकीच्या वेळी कॉंग्रेसशी युती केली,गायबवाड याने एकूणसीचात्तरच्या निवडलुकीच्या वेळी पामरेसची युिती केली,37.1,77.78,0,5.29
sample_01595,D:\marathi-asr\data\vistaar_benchmarks\kathbath_noisy\marathi\wavs\844424933379977-487-m.wav,या प्रकारे अश्या रिकाम्या खाणींचा पुन्हा वापर होईल,जया प्रकारे अशारी कामत खाणिचा पुणा वापर होई,या प्रकारे अश्या रिकाम्या खाणींचा पुन्हा वापर होईल,जया प्रकारे अशारी कामत खाणिचा पुणा वापर होई,30.0,75.0,0,3.55
sample_01596,D:\marathi-asr\data\vistaar_benchmarks\kathbath_noisy\marathi\wavs\844424933394021-426-m.wav,२०१५ साली नागपुरात २३ वे पद्मगंधा साहित्य संमेलन भरले होते,दोन हजार पंदरासाली नापुर आत तेहीसाव्त पलमगंद असाहित ते समदत करले होते,२०१५ साली नागपुरात २३ वे पद्मगंधा साहित्य संमेलन भरले होते,दोन हजार पंदरासाली नापुर आत तेहीसाव्त पलमगंद असाहित ते समदत करले होते,63.79,110.0,0,6.48
sample_01597,D:\marathi-asr\data\vistaar_benchmarks\kathbath_noisy\marathi\wavs\844424933394884-566-m.wav,याचे वर्णन धम्मपदा मध्ये आणि याच सद्धम्मामार्गापासुन अनेक पंथाची उत्पति झाली आहे,याचे वाननदंम प्रदामध्ये आणि याचया स्मामार्यापासानेक पंथांची उपयत्ती ाआलेा,याचे वर्णन धम्मपदा मध्ये आणि याच सद्धम्मामार्गापासुन अनेक पंथाची उत्पति झाली आहे,याचे वाननदंम प्रदामध्ये आणि याचया स्मामार्यापासानेक पंथांची उपयत्ती ाआलेा,40.0,83.33,0,4.81
sample_01598,D:\marathi-asr\data\vistaar_benchmarks\kathbath_noisy\marathi\wavs\844424933394865-566-m.wav,हे निशांनधारी हॉटेल शाग्रीला हॉटेल आणि रिसॉर्टचे पहिले हॉटेल आहे,तिनशन नारी मध्ये साविन वटेल आणि विश्वती पलूनम ट केलआह,हे निशांनधारी हॉटेल शाग्रीला हॉटेल आणि रिसॉर्टचे पहिले हॉटेल आहे,तिनशन नारी मध्ये साविन वटेल आणि विश्वती पलूनम ट केलआह,57.81,90.0,0,3.6
sample_01599,D:\marathi-asr\data\vistaar_benchmarks\kathbath_noisy\marathi\wavs\844424933373429-962-m.wav,ग्राहकांच्या मागणीशिवाय उत्पादकांना उत्पादित करण्याच्या मुख्य हेतूंपैकी एक नसण्याची शक्यता असते ग्राहकांना विक्री करणे,ग्राहकांच्या मागमीशिवाय उत्पादकआंला उत्पादित करढण्याच्या मुख्य ी तपैकी एक नस्ाची शक्यता असणे ग्रा काणा विक्री कारे,ग्राहकांच्या मागणीशिवाय उत्पादकांना उत्पादित करण्याच्या मुख्य हेतूंपैकी एक नसण्याची शक्यता असते ग्राहकांना विक्री करणे,ग्राहकांच्या मागमीशिवाय उत्पादकआंला उत्पादित करढण्याच्या मुख्य ी तपैकी एक नस्ाची शक्यता असणे ग्रा काणा विक्री कारे,13.56,71.43,0,8.1
sample_01600,D:\marathi-asr\data\vistaar_benchmarks\kathbath_noisy\marathi\wavs\844424933381620-676-m.wav,द क्लिफ्टन क्रॉनिकल्स ही जेफ्री आर्चर यांनी लिहिलेल्या कादंबऱ्यांची मालिका आहे,डक्लिटन क्रॉनिकस ह जेक्री आर्चर्यांनी लिलेल्या कादंबर्यांची मालित आहे,द क्लिफ्टन क्रॉनिकल्स ही जेफ्री आर्चर यांनी लिहिलेल्या कादंबऱ्यांची मालिका आहे,डक्लिटन क्रॉनिकस ह जेक्री आर्चर्यांनी लिलेल्या कादंबर्यांची मालित आहे,17.72,90.91,0,9.17
sample_01601,D:\marathi-asr\data\vistaar_benchmarks\kathbath_noisy\marathi\wavs\844424933394854-566-m.wav,भारत देशामध्ये सर्व राज्यांचे राज्यप्रमुख राज्यपाल असतात उदा महाराष्ट्राचे राज्यपाल,भारत देशामध्ये सर्व रराज्यांचे राज्य प्मुख राज्य पलस्थात मदा मारष्ट्राके राजध्यपा,भारत देशामध्ये सर्व राज्यांचे राज्यप्रमुख राज्यपाल असतात उदा महाराष्ट्राचे राज्यपाल,भारत देशामध्ये सर्व रराज्यांचे राज्य प्मुख राज्य पलस्थात मदा मारष्ट्राके राजध्यपा,18.07,80.0,0,5.62
sample_01602,D:\marathi-asr\data\vistaar_benchmarks\kathbath_noisy\marathi\wavs\844424933355962-1120-m.wav,ह्या पक्षाचे निवासस्थान घनदाट जंगलेपानगळीची जंगले या ठिकाणी असते,यापक्षाने व्वस्थांसनडाड संदुधिट पांध व्क्रिया ठिकाणे असते,ह्या पक्षाचे निवासस्थान घनदाट जंगलेपानगळीची जंगले या ठिकाणी असते,यापक्षाने व्वस्थांसनडाड संदुधिट पांध व्क्रिया ठिकाणे असते,50.0,88.89,0,6.46
sample_01603,D:\marathi-asr\data\vistaar_benchmarks\kathbath_noisy\marathi\wavs\844424933280444-817-m.wav,अन्नद्रव्यांचे जमिनीतील प्रमाण अत्यंत कमी असल्याने खतमात्रा ५० नी व कमी असल्यास २५ नी वाढवतात,अन्नदर्यांचे जमिनीतील प्रमाण अत्यांत कमी असताने खत मात्रा पनणनास नी व कमी असल्यास पंजीस्नी वाढतात,अन्नद्रव्यांचे जमिनीतील प्रमाण अत्यंत कमी असल्याने खतमात्रा ५० नी व कमी असल्यास २५ नी वाढवतात,अन्नदर्यांचे जमिनीतील प्रमाण अत्यांत कमी असताने खत मात्रा पनणनास नी व कमी असल्यास पंजीस्नी वाढतात,21.51,60.0,0,7.71
sample_01604,D:\marathi-asr\data\vistaar_benchmarks\kathbath_noisy\marathi\wavs\844424933381580-676-m.wav,एअरटेल व्होडाफोन बीएसएनएल रिलायन्स आयडिया आणि टाटा डोकोमो या मोबाईल सेवा परतूरमध्ये आहेत,एरटेल मोडाफून बिसीनेलेलन्स आय.डिा आणि टाटा दो या मोबाईलल सेवा फल्तरूमध्ये आहे,एअरटेल व्होडाफोन बीएसएनएल रिलायन्स आयडिया आणि टाटा डोकोमो या मोबाईल सेवा परतूरमध्ये आहेत,एरटेल मोडाफून बिसीनेलेलन्स आय डिा आणि टाटा दो या मोबाईलल सेवा फल्तरूमध्ये आहे,31.82,69.23,0,11.96
sample_01605,D:\marathi-asr\data\vistaar_benchmarks\kathbath_noisy\marathi\wavs\844424933355981-1120-m.wav,हा जिल्हा १५ ऑगस्ट २०१३ रोजी साबरकांठा जिल्ह्यामधून वेगळा काढण्यात आला,तजीलला पंधरा अव्यास दोर हजार तेराहजी साभर्थांता जिल्यात वधून वेगला काढण्यात आले,हा जिल्हा १५ ऑगस्ट २०१३ रोजी साबरकांठा जिल्ह्यामधून वेगळा काढण्यात आला,तजीलला पंधरा अव्यास दोर हजार तेराहजी साभर्थांता जिल्यात वधून वेगला काढण्यात आले,54.29,100.0,0,5.69
sample_01606,D:\marathi-asr\data\vistaar_benchmarks\kathbath_noisy\marathi\wavs\844424933355978-1120-m.wav,ते १९९०  १९९५ व २००० साली बिहार विधानसभेवर निवडून गेले,एकविशी नवत शपंच्या नि्भ दोनजासाली हा विधांसगळेवर निरडूण गिली,ते १९९० १९९५ व २००० साली बिहार विधानसभेवर निवडून गेले,एकविशी नवत शपंच्या नि्भ दोनजासाली हा विधांसगळेवर निरडूण गिली,67.92,100.0,0,6.52
sample_01607,D:\marathi-asr\data\vistaar_benchmarks\kathbath_noisy\marathi\wavs\844424933280464-817-m.wav,हे आणि या पूर्वीची नवोदित मराठी साहित्य संमेलने,हेत आणिया उी नोचेत मराची साहित्ये साममिलिे,हे आणि या पूर्वीची नवोदित मराठी साहित्य संमेलने,हेत आणिया उी नोचेत मराची साहित्ये साममिलिे,38.3,100.0,0,6.11
sample_01608,D:\marathi-asr\data\vistaar_benchmarks\kathbath_noisy\marathi\wavs\844424933373441-962-m.wav,तेव्हापासून आजवर ७ व्यक्ती उत्तरखंडच्या मुख्यमंत्रीपदावर राहिल्या आहेत,तियापासून आजर सातेस की द्धारा त्यंच्या मुक्यमध्ये पदारत राहिले आहे,तेव्हापासून आजवर ७ व्यक्ती उत्तरखंडच्या मुख्यमंत्रीपदावर राहिल्या आहेत,तियापासून आजर सातेस की द्धारा त्यंच्या मुक्यमध्ये पदारत राहिले आहे,50.0,125.0,0,4.37
sample_01609,D:\marathi-asr\data\vistaar_benchmarks\kathbath_noisy\marathi\wavs\844424933373445-962-m.wav,कायुगा आणि सेनेका सरोवरे अमेरिकेतील सगळ्यांत खोल सरोवरांपैकी आहेत व यांचा तळ समुद्रसपाटीच्याही खाली आहे,कायग आणि सुनिक्या सरवारे यमेटी किती सकगळ्यातस खोल सरववरापैके आहे त तोयाजात तळ समुद्रे सपठीचाही खाली आहे,कायुगा आणि सेनेका सरोवरे अमेरिकेतील सगळ्यांत खोल सरोवरांपैकी आहेत व यांचा तळ समुद्रसपाटीच्याही खाली आहे,कायग आणि सुनिक्या सरवारे यमेटी किती सकगळ्यातस खोल सरववरापैके आहे त तोयाजात तळ समुद्रे सपठीचाही खाली आहे,31.07,80.0,0,8.27
sample_01610,D:\marathi-asr\data\vistaar_benchmarks\kathbath_noisy\marathi\wavs\844424933280437-817-m.wav,फक्त उत्तर प्रदेशी व बिहारी नागरिक येथील भाषा का शिकत नाहीत,फक्त तरपरदीशव बहारी नागरी येथील भाशा का शकत नाहीत,फक्त उत्तर प्रदेशी व बिहारी नागरिक येथील भाषा का शिकत नाहीत,फक्त तरपरदीशव बहारी नागरी येथील भाशा का शकत नाहीत,22.03,63.64,0,9.98
sample_01611,D:\marathi-asr\data\vistaar_benchmarks\kathbath_noisy\marathi\wavs\844424933373420-962-m.wav,कारण दिल्लीला ताळ्यावर आणेल असा तोच एकच परमप्रतापी पुरुष भारतात होता,कारण धी गेल्या ता्यावर आणि अस तोच एकच परफरता ती पूर्वी भारतात होता,कारण दिल्लीला ताळ्यावर आणेल असा तोच एकच परमप्रतापी पुरुष भारतात होता,कारण धी गेल्या ता्यावर आणि अस तोच एकच परफरता ती पूर्वी भारतात होता,29.41,72.73,0,6.06
sample_01612,D:\marathi-asr\data\vistaar_benchmarks\kathbath_noisy\marathi\wavs\844424933394045-426-m.wav,जून २०१९ मध्ये पटनाईक यांना पक्षाने राज्य प्रतिनिधी आणि राज्यसभेचे खासदार म्हणून उमेदवारी दिली,जुन दोन हजार एकणेसमध्ये पटनाइ क मंना पक्षांने राज्य प्रतिनिधी आणि रांचय सग्ळेचे खाजदार म्हणूनंबेद्वारे दिली,जून २०१९ मध्ये पटनाईक यांना पक्षाने राज्य प्रतिनिधी आणि राज्यसभेचे खासदार म्हणून उमेदवारी दिली,जुन दोन हजार एकणेसमध्ये पटनाइ क मंना पक्षांने राज्य प्रतिनिधी आणि रांचय सग्ळेचे खाजदार म्हणूनंबेद्वारे दिली,32.98,85.71,0,8.31
sample_01613,D:\marathi-asr\data\vistaar_benchmarks\kathbath_noisy\marathi\wavs\844424933355964-1120-m.wav,मांडवी खुर्द हे भारताच्या महाराष्ट्र राज्यातील नंदुरबार जिल्ह्यातील अक्राणी तालुक्यातील एक गाव आहे,मांवी कूड भारताच्या भाराष्ट्राजच्यतील नंतुर्भर जील्दतील पकरानी तलपेतली दावत,मांडवी खुर्द हे भारताच्या महाराष्ट्र राज्यातील नंदुरबार जिल्ह्यातील अक्राणी तालुक्यातील एक गाव आहे,मांवी कूड भारताच्या भाराष्ट्राजच्यतील नंतुर्भर जील्दतील पकरानी तलपेतली दावत,41.84,92.31,0,6.22
sample_01614,D:\marathi-asr\data\vistaar_benchmarks\kathbath_noisy\marathi\wavs\844424933373447-962-m.wav,इंग्लंड हा युनायटेड किंग्डमचा घटक देश एकूण ९ राजकीय प्रदेशांमध्ये विभागला गेला आहे,उं्ा हायी नवके कं्यांच्या घटक देशटी ननाव्याचीच्या प्रदेशांमवे कारतलिता आहे,इंग्लंड हा युनायटेड किंग्डमचा घटक देश एकूण ९ राजकीय प्रदेशांमध्ये विभागला गेला आहे,उं्ा हायी नवके कं्यांच्या घटक देशटी ननाव्याचीच्या प्रदेशांमवे कारतलिता आहे,56.1,84.62,0,5.78
sample_01615,D:\marathi-asr\data\vistaar_benchmarks\kathbath_noisy\marathi\wavs\844424933373380-962-m.wav,भारतपाक युद्धानंतर १९६५ साली ताश्कंद येथे तह झाला तेव्हा गाडगीळ तेथे होते,भारतकाक विद्यञानंतर एकनची पासचन कश्पनी येति तव झाल्या केवा गारकी विते होती,भारतपाक युद्धानंतर १९६५ साली ताश्कंद येथे तह झाला तेव्हा गाडगीळ तेथे होते,भारतकाक विद्यञानंतर एकनची पासचन कश्पनी येति तव झाल्या केवा गारकी विते होती,46.58,100.0,0,7.34
sample_01616,D:\marathi-asr\data\vistaar_benchmarks\kathbath_noisy\marathi\wavs\844424933379989-487-m.wav,या दिव्याकडे आकर्षित होऊन किडेपतंग त्या भांड्यात पडतात व मरतात,या दीवेकडे ाकर्षित होन कितीपतम त्या भांड्यात पटतात व मरतात,या दिव्याकडे आकर्षित होऊन किडेपतंग त्या भांड्यात पडतात व मरतात,या दीवेकडे ाकर्षित होन कितीपतम त्या भांड्यात पटतात व मरतात,17.74,50.0,0,5.53
sample_01617,D:\marathi-asr\data\vistaar_benchmarks\kathbath_noisy\marathi\wavs\844424933381612-676-m.wav,पाकिस्तानी वायुसेनेचा कामरा वायुसेना तळ येथून जवळ आहे,पाकिस्थानी माहेसेनेचा कामरा वायीसेनातळ येथून जवळ आहे,पाकिस्तानी वायुसेनेचा कामरा वायुसेना तळ येथून जवळ आहे,पाकिस्थानी माहेसेनेचा कामरा वायीसेनातळ येथून जवळ आहे,11.32,50.0,0,6.43
sample_01618,D:\marathi-asr\data\vistaar_benchmarks\kathbath_noisy\marathi\wavs\844424933381662-676-m.wav,त्याच उपयोग मासिक ग्रामसभा व इतर तात्कालिक सभासाठी केला जातो,त्यात दुपयोग मासिक रामसक वरीततात काही सभासाठी केला जात,त्याच उपयोग मासिक ग्रामसभा व इतर तात्कालिक सभासाठी केला जातो,त्यात दुपयोग मासिक रामसक वरीततात काही सभासाठी केला जात,26.67,70.0,0,6.76
sample_01619,D:\marathi-asr\data\vistaar_benchmarks\kathbath_noisy\marathi\wavs\844424933379924-487-m.wav,पुणे जिल्हातील शिवगंगागुंजवणी खोऱ्यात दारूबंदी आंदोलनाद्वारे ग्रामीण शक्तीचे संघटन सुरू झाले,तुमही जिल्यातील शील गंगाणू जवनीक खर्यात दार गंती ंतरा आकारे प्रामीण शक्केचे सघटन सुरू झाले,पुणे जिल्हातील शिवगंगागुंजवणी खोऱ्यात दारूबंदी आंदोलनाद्वारे ग्रामीण शक्तीचे संघटन सुरू झाले,तुमही जिल्यातील शील गंगाणू जवनीक खर्यात दार गंती ंतरा आकारे प्रामीण शक्केचे सघटन सुरू झाले,32.26,118.18,0,6.36
sample_01620,D:\marathi-asr\data\vistaar_benchmarks\kathbath_noisy\marathi\wavs\844424933381579-676-m.wav,दक्षिणेतील मलबार प्रांताचे लोकजीवन तिथली गूढविद्या याचेही मार्कोच्या पुस्तकात वर्णन आहे,दक्षिणेतील मलभारप्रांतांची लोकजीवन तिकलीगुविद याचे मात्येच्या पुस्चटात वगमान आहे,दक्षिणेतील मलबार प्रांताचे लोकजीवन तिथली गूढविद्या याचेही मार्कोच्या पुस्तकात वर्णन आहे,दक्षिणेतील मलभारप्रांतांची लोकजीवन तिकलीगुविद याचे मात्येच्या पुस्चटात वगमान आहे,24.14,72.73,0,10.54
sample_01621,D:\marathi-asr\data\vistaar_benchmarks\kathbath_noisy\marathi\wavs\844424933379972-487-m.wav,प्रत्येक हिंदूची रामचरितमानसवर अनन्य श्रद्धा आहे आणि तो हिंदूंचा पवित्र ग्रंथ आहे,प्रत्ये किंदूची रामचरित मानस्वर अनन्या शदा आहे आणि पोजिदूचा पवित्र गर्यंत आहे,प्रत्येक हिंदूची रामचरितमानसवर अनन्य श्रद्धा आहे आणि तो हिंदूंचा पवित्र ग्रंथ आहे,प्रत्ये किंदूची रामचरित मानस्वर अनन्या शदा आहे आणि पोजिदूचा पवित्र गर्यंत आहे,20.99,75.0,0,7.73
sample_01622,D:\marathi-asr\data\vistaar_benchmarks\kathbath_noisy\marathi\wavs\844424933379961-487-m.wav,शिवांगी पद्मिनी आणि तेजस्विनी या पंढरीनाथ कोल्हापुरे यांच्या तीन मुली आहेत,सिवांगी पद्धीनी आणि तेच्यास्विनी या पंदरीनात पुल्ला पूर् यांच्या तीन मूली आहेत,शिवांगी पद्मिनी आणि तेजस्विनी या पंढरीनाथ कोल्हापुरे यांच्या तीन मुली आहेत,सिवांगी पद्धीनी आणि तेच्यास्विनी या पंदरीनात पुल्ला पूर् यांच्या तीन मूली आहेत,21.62,63.64,0,5.46
sample_01623,D:\marathi-asr\data\vistaar_benchmarks\kathbath_noisy\marathi\wavs\844424933379902-487-m.wav,त्यानंतर अमेरिकन पत्रकार स्टॅन्लेने लिहिलेल्या प्रवासवर्णनाने युरोपियन लोकांच्या मनात आफ्रिकेविषयी आकर्षण निर्माण झाले,त्यानंतर अनेरिकनपत्रतार स्कॅ लिंलेले विहरिया प्रवास वर्णन आणि जिरोपिन लोकांच्या मणात आप्लिकेविषया पर्षन निर्माण झाले,त्यानंतर अमेरिकन पत्रकार स्टॅन्लेने लिहिलेल्या प्रवासवर्णनाने युरोपियन लोकांच्या मनात आफ्रिकेविषयी आकर्षण निर्माण झाले,त्यानंतर अनेरिकनपत्रतार स्कॅ लिंलेले विहरिया प्रवास वर्णन आणि जिरोपिन लोकांच्या मणात आप्लिकेविषया पर्षन निर्माण झाले,25.42,84.62,0,9.01
sample_01624,D:\marathi-asr\data\vistaar_benchmarks\kathbath_noisy\marathi\wavs\844424933393999-426-m.wav,मात्र चैत्र महिना हा अधिक मास असण्याचे प्रसंग फार थोडे आहेत,मात्रचेत्रमिना हारधिक मास असण्याचे प्रसंग फार थोडे आहेत,मात्र चैत्र महिना हा अधिक मास असण्याचे प्रसंग फार थोडे आहेत,मात्रचेत्रमिना हारधिक मास असण्याचे प्रसंग फार थोडे आहेत,10.17,45.45,0,6.87
sample_01625,D:\marathi-asr\data\vistaar_benchmarks\kathbath_noisy\marathi\wavs\844424933393992-426-m.wav,मुख्य कर्णधार कार्लोस ब्रेथवेटने दौऱ्यास सुरक्षेचे कारण सांगून जाण्याच नकार दिला,मुख्यतरनझार कारलस भेट घेतमे दोर्या सुरक्षिचे कारण सांगू झाड्यास नकार दिला,मुख्य कर्णधार कार्लोस ब्रेथवेटने दौऱ्यास सुरक्षेचे कारण सांगून जाण्याच नकार दिला,मुख्यतरनझार कारलस भेट घेतमे दोर्या सुरक्षिचे कारण सांगू झाड्यास नकार दिला,28.4,72.73,0,8.01
sample_01626,D:\marathi-asr\data\vistaar_benchmarks\kathbath_noisy\marathi\wavs\844424933355966-1120-m.wav,महादेवनगर हे भारताच्या महाराष्ट्र राज्यातील नाशिक जिल्ह्यातील निफाड तालुक्यातील एक गाव आहे,मात देवणगर ही भारताच्या माष्ट्रात चे तील नाशी चल्लतील मी पटतलकेतीली जावाहत,महादेवनगर हे भारताच्या महाराष्ट्र राज्यातील नाशिक जिल्ह्यातील निफाड तालुक्यातील एक गाव आहे,मात देवणगर ही भारताच्या माष्ट्रात चे तील नाशी चल्लतील मी पटतलकेतीली जावाहत,45.56,100.0,0,5.48
sample_01627,D:\marathi-asr\data\vistaar_benchmarks\kathbath_noisy\marathi\wavs\844424933379900-487-m.wav,लेखक शास्त्रज्ञ शिक्षण म्हणुन सकनी मोहन कारुपाईल प्रसिद्ध आहेत,लिकक शास्त्रज्ञ शिक्षण म्हणून सकनी मोहनका रुपायल प्रसिद्धा आहेत,लेखक शास्त्रज्ञ शिक्षण म्हणुन सकनी मोहन कारुपाईल प्रसिद्ध आहेत,लिकक शास्त्रज्ञ शिक्षण म्हणून सकनी मोहनका रुपायल प्रसिद्धा आहेत,11.29,55.56,0,5.32
sample_01628,D:\marathi-asr\data\vistaar_benchmarks\kathbath_noisy\marathi\wavs\844424933356036-1120-m.wav,इ स १९४८ मध्ये संघावर गांधीहत्या प्रकरणामुळे बंदी घालण्यात आली होती,इिशोषन एकोणेशी अर्टिजरमध्ये संगावर गांधी हत्त्या प्रकारणामुळे बंधी घालवन्यात आली होती,इ स १९४८ मध्ये संघावर गांधीहत्या प्रकरणामुळे बंदी घालण्यात आली होती,इिशोषन एकोणेशी अर्टिजरमध्ये संगावर गांधी हत्त्या प्रकारणामुळे बंधी घालवन्यात आली होती,40.3,81.82,0,6.48
sample_01629,D:\marathi-asr\data\vistaar_benchmarks\kathbath_noisy\marathi\wavs\844424933379979-487-m.wav,या कामासाठी रॉयल जिओग्राफीकल सोसायटीने सुवर्णपदक देऊन त्याचा सन्मान केला,जया कामासाठी रायल बिलोग्रॉ पिकल स्ोसायतीने सोवर्ण पदत देऊनत्याचा सरमान केला,या कामासाठी रॉयल जिओग्राफीकल सोसायटीने सुवर्णपदक देऊन त्याचा सन्मान केला,जया कामासाठी रायल बिलोग्रॉ पिकल स्ोसायतीने सोवर्ण पदत देऊनत्याचा सरमान केला,23.61,90.0,0,5.87
sample_01630,D:\marathi-asr\data\vistaar_benchmarks\kathbath_noisy\marathi\wavs\844424933393994-426-m.wav,बाबासाहेब आंबेडकरांनी इ स १९३५३६ या कालावधी दरम्यान लिहिलेले २० पानी आत्मचरित्र आहे,बाबासाय बांबडकरांनी इस्वीसन एपणंशपस्थित छत्तीस या कालावधी दरम्यान लिलेले वीस्पाणी आत्मचारिखरे आहे,बाबासाहेब आंबेडकरांनी इ स १९३५३६ या कालावधी दरम्यान लिहिलेले २० पानी आत्मचरित्र आहे,बाबासाय बांबडकरांनी इस्वीसन एपणंशपस्थित छत्तीस या कालावधी दरम्यान लिलेले वीस्पाणी आत्मचारिखरे आहे,45.78,69.23,0,11.61
