uid,wav_path,reference,prediction,normalized_ref,normalized_pred,norm_cer_percent,norm_wer_percent,exact_match,duration_sec
sample_00000,D:\marathi-asr\data\vistaar_benchmarks\kathbath\marathi\wavs\844424932828564-933-f.wav,१३ वर्षाची असताना तिला मिनी राष्ट्रीय बॅडमिंटन चॅम्पियनशिप जिंकली होती,तेरा वर्षांची असताना तिला मिनी राष्ट्रीय बॅडमिंटन चॅम्पियनशिप जिंकली होती,१३ वर्षाची असताना तिला मिनी राष्ट्रीय बॅडमिंटन चॅम्पियनशिप जिंकली होती,तेरा वर्षांची असताना तिला मिनी राष्ट्रीय बॅडमिंटन चॅम्पियनशिप जिंकली होती,7.14,20.0,0,5.29
sample_00001,D:\marathi-asr\data\vistaar_benchmarks\kathbath\marathi\wavs\844424932266749-980-f.wav,त्यामुळे रिक्षा चालकाने थेट नवी मुंबई पोलीस आयुक्तांकडे यासंदर्भात तक्रार केली,त्यामुळे रिक्षाचालकाने थेट नवी मुंबई पोलीस आयुक्तांकडे यासंदर्भात तक्रार केली,त्यामुळे रिक्षा चालकाने थेट नवी मुंबई पोलीस आयुक्तांकडे यासंदर्भात तक्रार केली,त्यामुळे रिक्षाचालकाने थेट नवी मुंबई पोलीस आयुक्तांकडे यासंदर्भात तक्रार केली,1.28,18.18,0,5.87
sample_00002,D:\marathi-asr\data\vistaar_benchmarks\kathbath\marathi\wavs\844424932372222-132-f.wav,हा चित्रपट वास्तववादी आणि त्याचबरोबर व्यावसायिकही आहे असं बोललं जातंय,हा चित्रपट वास्तववादी आणि त्याचबरोबर व्यावसायिकही आहे असं बोललं जात आहे,हा चित्रपट वास्तववादी आणि त्याचबरोबर व्यावसायिकही आहे असं बोललं जातंय,हा चित्रपट वास्तववादी आणि त्याचबरोबर व्यावसायिकही आहे असं बोललं जात आहे,5.8,20.0,0,6.92
sample_00003,D:\marathi-asr\data\vistaar_benchmarks\kathbath\marathi\wavs\844424932262362-809-f.wav,राने तयार असल्याने आता केवळ टोकण करण्याचे काम शिल्लक राहिले आहे,राणे तयार असल्याने आता केवळ टोकण करण्याचे काम शिल्लक राहिलेले आहे,राने तयार असल्याने आता केवळ टोकण करण्याचे काम शिल्लक राहिले आहे,राणे तयार असल्याने आता केवळ टोकण करण्याचे काम शिल्लक राहिलेले आहे,4.76,18.18,0,7.92
sample_00004,D:\marathi-asr\data\vistaar_benchmarks\kathbath\marathi\wavs\844424932330066-980-f.wav,दीर्घ पल्ल्याचे आलाप घेण्याची क्षमता यामुळे त्यांच्या गायनाला रसिकांची दाद मिळाली,दीर्घ पल्ल्यांची आलाप घेण्याची क्षमता यामुळे त्यांच्या गायनाला रसिकांची दाद मिळाली,दीर्घ पल्ल्याचे आलाप घेण्याची क्षमता यामुळे त्यांच्या गायनाला रसिकांची दाद मिळाली,दीर्घ पल्ल्यांची आलाप घेण्याची क्षमता यामुळे त्यांच्या गायनाला रसिकांची दाद मिळाली,2.47,9.09,0,5.48
sample_00005,D:\marathi-asr\data\vistaar_benchmarks\kathbath\marathi\wavs\844424932372246-132-f.wav,वेलिंग्टन कसोटीत भारताच्या खेळाडूंना वाऱ्यामुळे आणि उसळी घेणाऱ्या चेंडूंचा सामना करावा लागला होता,वेलिंग्टन कसोटीत भारताच्या खेळाडूंना वाऱ्यामुळे आणि उसळी घेणाऱ्या चेंडूंचा सामना करावा लागला होता,वेलिंग्टन कसोटीत भारताच्या खेळाडूंना वाऱ्यामुळे आणि उसळी घेणाऱ्या चेंडूंचा सामना करावा लागला होता,वेलिंग्टन कसोटीत भारताच्या खेळाडूंना वाऱ्यामुळे आणि उसळी घेणाऱ्या चेंडूंचा सामना करावा लागला होता,4.04,15.38,0,8.15
sample_00006,D:\marathi-asr\data\vistaar_benchmarks\kathbath\marathi\wavs\844424931570565-236-f.wav,दर अर्ध्या तासाने मुलांना डोळ्याचे व्यायाम करायला सांगायला हवेत,दर अर्ध्या तसाांनी मुलांना डोळ्याचे व्यायाम करायला सांगायला हवेत,दर अर्ध्या तासाने मुलांना डोळ्याचे व्यायाम करायला सांगायला हवेत,दर अर्ध्या तसाांनी मुलांना डोळ्याचे व्यायाम करायला सांगायला हवेत,6.35,11.11,0,5.32
sample_00007,D:\marathi-asr\data\vistaar_benchmarks\kathbath\marathi\wavs\844424930875888-954-f.wav,अशा सर्व परिस्थितीत केंद्राने आता महानगरपालिकेला या योजनेतून अनुदान देणे कमी केले आहे,अशा सर्व परिस्थितीत केंद्राने आता महानगरपालिकेला या योजनेतून अनुदान देणे कमी केले आहे,अशा सर्व परिस्थितीत केंद्राने आता महानगरपालिकेला या योजनेतून अनुदान देणे कमी केले आहे,अशा सर्व परिस्थितीत केंद्राने आता महानगरपालिकेला या योजनेतून अनुदान देणे कमी केले आहे,0.0,0.0,1,7.36
sample_00008,D:\marathi-asr\data\vistaar_benchmarks\kathbath\marathi\wavs\844424931130704-933-f.wav,पण लथीशाला शिक्षणाची खूप आवड होती आणि तिच्यात शिकण्याची जिद्द होती,पण लथिशाला शिक्षणाची खूप आवड होती आणि तिच्या शिकण्याची जिद्द होती,पण लथीशाला शिक्षणाची खूप आवड होती आणि तिच्यात शिकण्याची जिद्द होती,पण लथिशाला शिक्षणाची खूप आवड होती आणि तिच्या शिकण्याची जिद्द होती,3.03,18.18,0,4.97
sample_00009,D:\marathi-asr\data\vistaar_benchmarks\kathbath\marathi\wavs\844424930906986-972-f.wav,भालचंद्र कानगो त्याचे उद्घाटन करणार असून अध्यक्षस्थानी यूनियनचे राज्य अध्यक्ष सूकूमार दामले असतील,भालचंद्र कानगो त्यांचे उद्घाटन करणार असून अध्यक्षस्थानी युनियनचे राज्याध्यक्ष सुकुमार दामले असतील,भालचंद्र कानगो त्याचे उद्घाटन करणार असून अध्यक्षस्थानी यूनियनचे राज्य अध्यक्ष सूकूमार दामले असतील,भालचंद्र कानगो त्यांचे उद्घाटन करणार असून अध्यक्षस्थानी युनियनचे राज्याध्यक्ष सुकुमार दामले असतील,6.19,38.46,0,8.36
sample_00010,D:\marathi-asr\data\vistaar_benchmarks\kathbath\marathi\wavs\844424930875832-954-f.wav,एखाद्या कलेचं परीक्षण करण्यासाठी त्या कलेची जाण असण्यापेक्षा त्याचा अभ्यास असणं महत्त्वाचं आहे,एखादा्या कलेचं परीक्षण करण्यासाठी त्या कलेचं जाण असण्यापेक्षा त्याचा अभ्यास असणं महत्त्वाचं आहे,एखाद्या कलेचं परीक्षण करण्यासाठी त्या कलेची जाण असण्यापेक्षा त्याचा अभ्यास असणं महत्त्वाचं आहे,एखादा्या कलेचं परीक्षण करण्यासाठी त्या कलेचं जाण असण्यापेक्षा त्याचा अभ्यास असणं महत्त्वाचं आहे,2.13,15.38,0,7.31
sample_00011,D:\marathi-asr\data\vistaar_benchmarks\kathbath\marathi\wavs\844424932311883-980-f.wav,गर्भारपणात यकृताचे आजार का व कसे होऊ शकतात ते जाणून घेऊया,गर्भारपणात यकृताचे आजार का व कसे होऊ शकतात ते जाणून घेऊया,गर्भारपणात यकृताचे आजार का व कसे होऊ शकतात ते जाणून घेऊया,गर्भारपणात यकृताचे आजार का व कसे होऊ शकतात ते जाणून घेऊया,0.0,0.0,1,6.04
sample_00012,D:\marathi-asr\data\vistaar_benchmarks\kathbath\marathi\wavs\844424932311872-980-f.wav,जेणेकरून एक आशादायक सुरुवात होऊन लोकांचे तसेच देशातही मनोधैर्य वाढू लागेल,जेणेकरून एक आशादायक सुरुवात होऊन लोकांचे तसेच देशातही मनोधैर्य वाढू लागेल,जेणेकरून एक आशादायक सुरुवात होऊन लोकांचे तसेच देशातही मनोधैर्य वाढू लागेल,जेणेकरून एक आशादायक सुरुवात होऊन लोकांचे तसेच देशातही मनोधैर्य वाढू लागेल,0.0,0.0,1,5.8
sample_00013,D:\marathi-asr\data\vistaar_benchmarks\kathbath\marathi\wavs\844424931130726-933-f.wav,भाजपचे नेते आणि खासदार गोपीनाथ मुंडे यांना निवडणूक आयोगाचा दिलासा मिळाला आहे,भाजपचे नेते आणि खासदार गोपीनाथ मुंडे यांना निवडणूक आयोगाचा दिलासा मिळाला आहे,भाजपचे नेते आणि खासदार गोपीनाथ मुंडे यांना निवडणूक आयोगाचा दिलासा मिळाला आहे,भाजपचे नेते आणि खासदार गोपीनाथ मुंडे यांना निवडणूक आयोगाचा दिलासा मिळाला आहे,0.0,0.0,1,5.25
sample_00014,D:\marathi-asr\data\vistaar_benchmarks\kathbath\marathi\wavs\844424932337151-809-f.wav,गुढीच्या माध्यमातून स्वाती जोशी यांना सोलार एनर्जीचा वापर वाढवण्याच्या संदेश दिला आहे,गुढीच्या माध्यमातून स्वाती जोशी यांना सोलार एनर्जीचा वापर वाढवण्याचा संदेश दिला आहे,गुढीच्या माध्यमातून स्वाती जोशी यांना सोलार एनर्जीचा वापर वाढवण्याच्या संदेश दिला आहे,गुढीच्या माध्यमातून स्वाती जोशी यांना सोलार एनर्जीचा वापर वाढवण्याचा संदेश दिला आहे,2.35,8.33,0,8.82
sample_00015,D:\marathi-asr\data\vistaar_benchmarks\kathbath\marathi\wavs\844424932311898-980-f.wav,या वर्षी जानेवरी महिन्यात ताजिमा यांना हॉस्पिटलमध्ये दाखल करण्यात आलं होतं,यावर्षी जानेवारी महिन्यात ताझिमा यांना हॉस्पिटलमध्ये दाखल करण्यात आलं होतं,या वर्षी जानेवरी महिन्यात ताजिमा यांना हॉस्पिटलमध्ये दाखल करण्यात आलं होतं,यावर्षी जानेवारी महिन्यात ताझिमा यांना हॉस्पिटलमध्ये दाखल करण्यात आलं होतं,4.05,36.36,0,5.43
sample_00016,D:\marathi-asr\data\vistaar_benchmarks\kathbath\marathi\wavs\844424930557238-737-f.wav,त्यामुळे अशा प्रकारच्या तुलनेमुळे शिवरायांवर प्रेम करणाऱ्या शिवप्रेमींना राग येणे साहजिकच आहे,त्यामुळे अशा प्रकारच्या तुलनेमुळे शिवरायांवर प्रेम करणाऱ्या शिवप्रेमींना राग येणे साहजिकच आहे,त्यामुळे अशा प्रकारच्या तुलनेमुळे शिवरायांवर प्रेम करणाऱ्या शिवप्रेमींना राग येणे साहजिकच आहे,त्यामुळे अशा प्रकारच्या तुलनेमुळे शिवरायांवर प्रेम करणाऱ्या शिवप्रेमींना राग येणे साहजिकच आहे,2.13,8.33,0,7.34
sample_00017,D:\marathi-asr\data\vistaar_benchmarks\kathbath\marathi\wavs\844424932266694-980-f.wav,या स्पर्धेत पृथ्वी साव हा सातत्याने दमदार फलंदाजी करत होता,या स्पर्धेत पृथ्वी साव हा सातत्याने दमदार फलंदाजी करत होता,या स्पर्धेत पृथ्वी साव हा सातत्याने दमदार फलंदाजी करत होता,या स्पर्धेत पृथ्वी साव हा सातत्याने दमदार फलंदाजी करत होता,0.0,0.0,1,4.3
sample_00018,D:\marathi-asr\data\vistaar_benchmarks\kathbath\marathi\wavs\844424932311908-980-f.wav,मुंबईतील सर्वाधिक गजबजलेल्या स्थानकात छत्रपती शिवाजी महाराज टर्मिनस पाठोपाठ चर्चगेट रेल्वे स्थानकाचा समावेश होतो,मुंबईतील सर्वाधिक गजबजलेल्या स्थानकात छत्रपती शिवाजी महाराज टर्मिनस पाठोपाठ चर्चगेट रेल्वे स्थानकाचा समावेश होतो,मुंबईतील सर्वाधिक गजबजलेल्या स्थानकात छत्रपती शिवाजी महाराज टर्मिनस पाठोपाठ चर्चगेट रेल्वे स्थानकाचा समावेश होतो,मुंबईतील सर्वाधिक गजबजलेल्या स्थानकात छत्रपती शिवाजी महाराज टर्मिनस पाठोपाठ चर्चगेट रेल्वे स्थानकाचा समावेश होतो,0.0,0.0,1,8.17
sample_00019,D:\marathi-asr\data\vistaar_benchmarks\kathbath\marathi\wavs\844424931570515-236-f.wav,अमेरिकेचे परराष्ट्र मंत्री माईक पॉम्पिओ यांनी नुकतीच नरेंद्र मोदी यांची भेट घेतली होती,अमेरिकेचे परराष्ट्र मंत्री माईक पॉम्पिओ यांनी नुकतीच नरेंद्र मोदी यांची भेट घेतली होती,अमेरिकेचे परराष्ट्र मंत्री माईक पॉम्पिओ यांनी नुकतीच नरेंद्र मोदी यांची भेट घेतली होती,अमेरिकेचे परराष्ट्र मंत्री माईक पॉम्पिओ यांनी नुकतीच नरेंद्र मोदी यांची भेट घेतली होती,0.0,0.0,1,8.22
sample_00020,D:\marathi-asr\data\vistaar_benchmarks\kathbath\marathi\wavs\844424931570521-236-f.wav,गणपतीने १ तास २७ मिनिटे व ३३ सेकंद वेळ नोंदविली,गणपतीने एक तास सत्तावीस मिनिटे व तेतीस सेकंद वेळ नोंदविली,गणपतीने १ तास २७ मिनिटे व ३३ सेकंद वेळ नोंदविली,गणपतीने एक तास सत्तावीस मिनिटे व तेतीस सेकंद वेळ नोंदविली,31.91,30.0,0,5.99
sample_00021,D:\marathi-asr\data\vistaar_benchmarks\kathbath\marathi\wavs\844424932823401-715-f.wav,मलिष्काने गेल्या वर्षी उपहासात्मक गाण्यातून बीएमसीवर निशाणा साधला होता,मलिश्काने गेल्या वर्षी उपहासात्मक गाण्यातून बीएमसीवर निशाणा साधला होता,मलिष्काने गेल्या वर्षी उपहासात्मक गाण्यातून बीएमसीवर निशाणा साधला होता,मलिश्काने गेल्या वर्षी उपहासात्मक गाण्यातून बीएमसीवर निशाणा साधला होता,1.43,11.11,0,5.85
sample_00022,D:\marathi-asr\data\vistaar_benchmarks\kathbath\marathi\wavs\844424930557240-737-f.wav,पहिली गोष्ट मला खात्री आहे की मी संस्थात्मक उद्दीष्ट्यांना मार्केटिंगसाठी काम करतो,पहिली गोष्ट मला खात्री आहे की मी संस्थात्मक उद्दिष्टांना मार्केटिंगसाठी काम करतो,पहिली गोष्ट मला खात्री आहे की मी संस्थात्मक उद्दीष्ट्यांना मार्केटिंगसाठी काम करतो,पहिली गोष्ट मला खात्री आहे की मी संस्थात्मक उद्दिष्टांना मार्केटिंगसाठी काम करतो,3.66,8.33,0,6.78
sample_00023,D:\marathi-asr\data\vistaar_benchmarks\kathbath\marathi\wavs\844424930906948-972-f.wav,आता या कामात पालकमंत्री सुभाष देसाई यांनी लक्ष घातले आहे,आता या कामात पालकमंत्री सुभाष देसाई यांनी लक्ष घातले आहे,आता या कामात पालकमंत्री सुभाष देसाई यांनी लक्ष घातले आहे,आता या कामात पालकमंत्री सुभाष देसाई यांनी लक्ष घातले आहे,0.0,0.0,1,5.34
sample_00024,D:\marathi-asr\data\vistaar_benchmarks\kathbath\marathi\wavs\844424930557225-737-f.wav,अमेरिकेचे राष्ट्राध्यक्ष डोनाल्ड ट्रम्प दोन दिवसांच्या हिंदुस्थानच्या दौऱयावर आहेत,अमेरिकेचे राष्ट्राध्यक्ष डोनाल्ड ट्रम्प दोन दिवसांच्या हिंदुस्थानच्या दौऱ्यावर आहेत,अमेरिकेचे राष्ट्राध्यक्ष डोनाल्ड ट्रम्प दोन दिवसांच्या हिंदुस्थानच्या दौऱयावर आहेत,अमेरिकेचे राष्ट्राध्यक्ष डोनाल्ड ट्रम्प दोन दिवसांच्या हिंदुस्थानच्या दौऱ्यावर आहेत,2.41,11.11,0,6.13
sample_00025,D:\marathi-asr\data\vistaar_benchmarks\kathbath\marathi\wavs\844424930875851-954-f.wav,त्यांनी मला सांगितले की ऑफीस टायमिंग संपले आहे आणि दूतावास बंद करण्याची वेळ झाली आहे,त्यांनी मला सांगितले की हऑफिस टायमिंग संपले आहे आणि दूतावास बंद करण्याची वेळ झाली आहे,त्यांनी मला सांगितले की ऑफीस टायमिंग संपले आहे आणि दूतावास बंद करण्याची वेळ झाली आहे,त्यांनी मला सांगितले की हऑफिस टायमिंग संपले आहे आणि दूतावास बंद करण्याची वेळ झाली आहे,2.38,6.67,0,6.64
sample_00026,D:\marathi-asr\data\vistaar_benchmarks\kathbath\marathi\wavs\844424931570541-236-f.wav,त्यामुळे पुरस्कार प्राप्त शिक्षकांना पुरस्कार मिळाले मात्र वेतनवाढ देण्यात आलेली नव्हती,त्यामुळे पुरस्कारप्राप्त शिक्षकांना पुरस्कार मिळाले मात्र वेतनवाढ देण्यात आलेली नव्हती,त्यामुळे पुरस्कार प्राप्त शिक्षकांना पुरस्कार मिळाले मात्र वेतनवाढ देण्यात आलेली नव्हती,त्यामुळे पुरस्कारप्राप्त शिक्षकांना पुरस्कार मिळाले मात्र वेतनवाढ देण्यात आलेली नव्हती,1.15,18.18,0,7.41
sample_00027,D:\marathi-asr\data\vistaar_benchmarks\kathbath\marathi\wavs\844424931130670-933-f.wav,मात्र आतापर्यंत नवी मुंबईत उभ्या राहिलेल्या कोणत्याच मोठ्या प्रकल्पाला त्यांचे नाव देण्यात आलेले नाही,मात्र आतापर्यंत नवी मुंबईत उभ्या राहिलेल्या कोणत्याच मोठ्या प्रकल्पाचे त्यांचे नाव देण्यात आलेले नाही,मात्र आतापर्यंत नवी मुंबईत उभ्या राहिलेल्या कोणत्याच मोठ्या प्रकल्पाला त्यांचे नाव देण्यात आलेले नाही,मात्र आतापर्यंत नवी मुंबईत उभ्या राहिलेल्या कोणत्याच मोठ्या प्रकल्पाचे त्यांचे नाव देण्यात आलेले नाही,1.98,7.14,0,5.92
sample_00028,D:\marathi-asr\data\vistaar_benchmarks\kathbath\marathi\wavs\844424932311873-980-f.wav,दर दिवाळी ला बाई सगळ्यांना त्याच्या घरी भोजनाचे आमंत्रण देत,दर दिवाळीलाबाई सगळ्यांना त्यांच्या घरी भोजनाचे आमंत्रण देत,दर दिवाळी ला बाई सगळ्यांना त्याच्या घरी भोजनाचे आमंत्रण देत,दर दिवाळीलाबाई सगळ्यांना त्यांच्या घरी भोजनाचे आमंत्रण देत,5.08,40.0,0,4.43
sample_00029,D:\marathi-asr\data\vistaar_benchmarks\kathbath\marathi\wavs\844424930573313-737-f.wav,हत्या झालेल्या दोघीही सख्ख्या बहिणी असून आशा पाठक आणि उषा पाठक,हत्या झालेल्या दोघीही सक्या बहिणी असून आशा पाठक आणि उषा पाठक,हत्या झालेल्या दोघीही सख्ख्या बहिणी असून आशा पाठक आणि उषा पाठक,हत्या झालेल्या दोघीही सक्या बहिणी असून आशा पाठक आणि उषा पाठक,4.84,9.09,0,5.11
sample_00030,D:\marathi-asr\data\vistaar_benchmarks\kathbath\marathi\wavs\844424931570531-236-f.wav,पोलिसांना रेल्वेच्या नकाशाबरोबर अनेक पासपोर्ट आणि इतर साहित्य मिळाले,पोलिसांना रेल्वेच्या नकाशाबरोबर अनेक पासपोर्ट आणि इतर साहित्य मिळाले,पोलिसांना रेल्वेच्या नकाशाबरोबर अनेक पासपोर्ट आणि इतर साहित्य मिळाले,पोलिसांना रेल्वेच्या नकाशाबरोबर अनेक पासपोर्ट आणि इतर साहित्य मिळाले,0.0,0.0,1,6.8
sample_00031,D:\marathi-asr\data\vistaar_benchmarks\kathbath\marathi\wavs\844424930557214-737-f.wav,मागील वर्षीपेक्षा यावर्षी काही प्रमाणात मूर्तींची मागणी वाढल्याचे मूर्तिकारांतून सांगण्यात आले,मागील वर्षीपेक्षा यावर्षी काही प्रमाणात मूर्तींची मागणी वाढल्याचे मूर्तिकारांतून सांगण्यात आले,मागील वर्षीपेक्षा यावर्षी काही प्रमाणात मूर्तींची मागणी वाढल्याचे मूर्तिकारांतून सांगण्यात आले,मागील वर्षीपेक्षा यावर्षी काही प्रमाणात मूर्तींची मागणी वाढल्याचे मूर्तिकारांतून सांगण्यात आले,0.0,0.0,1,8.06
sample_00032,D:\marathi-asr\data\vistaar_benchmarks\kathbath\marathi\wavs\844424932372226-132-f.wav,महाराष्ट्र युवक काँग्रेसचे अध्यक्ष सत्यजित तांबे यांनी अर्णब विरोधात संगमनेर येथे तक्रार दिली,महाराष्ट्र युवक काँग्रेसचे अध्यक्ष सत्यजित तांबे यांनी अर्णबविरोधात संगमनेर येथे तक्रार दिली,महाराष्ट्र युवक काँग्रेसचे अध्यक्ष सत्यजित तांबे यांनी अर्णब विरोधात संगमनेर येथे तक्रार दिली,महाराष्ट्र युवक काँग्रेसचे अध्यक्ष सत्यजित तांबे यांनी अर्णबविरोधात संगमनेर येथे तक्रार दिली,1.08,15.38,0,7.31
sample_00033,D:\marathi-asr\data\vistaar_benchmarks\kathbath\marathi\wavs\844424932337176-809-f.wav,हा सगळा प्रकार संतापजनक असून पालकांवर अन्याय होत आहे,हा सगळा प्रकार संतापजनक असून पालकावर अन्याय होत आहे,हा सगळा प्रकार संतापजनक असून पालकांवर अन्याय होत आहे,हा सगळा प्रकार संतापजनक असून पालकावर अन्याय होत आहे,1.92,11.11,0,6.69
sample_00034,D:\marathi-asr\data\vistaar_benchmarks\kathbath\marathi\wavs\844424930906931-972-f.wav,गत सात दिवसांपासून बेस्ट कर्मचार्यांचा संप सुरू असून यामुळे मुंबईकर मोठ्या प्रमाणात त्रस्त झालेले आहेत,गत सात दिवसांपासून बेस्ट कर्मचाऱ्यांचा संप सुरू असून यामुळे मुंबईकर मोठ्या प्रमाणात त्रस्त झालेले आहेत,गत सात दिवसांपासून बेस्ट कर्मचार्यांचा संप सुरू असून यामुळे मुंबईकर मोठ्या प्रमाणात त्रस्त झालेले आहेत,गत सात दिवसांपासून बेस्ट कर्मचाऱ्यांचा संप सुरू असून यामुळे मुंबईकर मोठ्या प्रमाणात त्रस्त झालेले आहेत,0.98,6.67,0,8.78
sample_00035,D:\marathi-asr\data\vistaar_benchmarks\kathbath\marathi\wavs\844424932311935-980-f.wav,त्याचप्रमाणे युरोपियन वर्ल्ड कप पात्रता फेरीमध्येही त्याने १५ गोल केले,मोप्रमाणे युरोपियन वर्ल्डकप पात्रता फेरीमध्येही त्याने पंधरा गोल केले,त्याचप्रमाणे युरोपियन वर्ल्ड कप पात्रता फेरीमध्येही त्याने १५ गोल केले,मोप्रमाणे युरोपियन वर्ल्डकप पात्रता फेरीमध्येही त्याने पंधरा गोल केले,15.71,40.0,0,4.81
sample_00036,D:\marathi-asr\data\vistaar_benchmarks\kathbath\marathi\wavs\844424930573296-737-f.wav,बहुजन आणि मागास जातींना प्रतिनिधित्व देण्यासाठी ते यादीत जातीचा उल्लेख करतात,बहुजन आणि मागास जातींना प्रतिनिधित्व देण्यासाठी ते यादीत जातीचा उल्लेख करतात,बहुजन आणि मागास जातींना प्रतिनिधित्व देण्यासाठी ते यादीत जातीचा उल्लेख करतात,बहुजन आणि मागास जातींना प्रतिनिधित्व देण्यासाठी ते यादीत जातीचा उल्लेख करतात,0.0,0.0,1,5.6
sample_00037,D:\marathi-asr\data\vistaar_benchmarks\kathbath\marathi\wavs\844424930875889-954-f.wav,मुंबई विभागीय शिक्षण मंडळातून यंदा ३ लाख ३९ हजार ६७२ विद्यार्थी बारावीच्या परीक्षेला बसले आहेत,मुंबई विभागीय शिक्षणमंडळातून यंदा तीन लाख एकोणचाळीस हजार सहाशे बहात्तर विद्यार्थी बारावीच्या परीक्षेला बसले आहेत,मुंबई विभागीय शिक्षण मंडळातून यंदा ३ लाख ३९ हजार ६७२ विद्यार्थी बारावीच्या परीक्षेला बसले आहेत,मुंबई विभागीय शिक्षणमंडळातून यंदा तीन लाख एकोणचाळीस हजार सहाशे बहात्तर विद्यार्थी बारावीच्या परीक्षेला बसले आहेत,27.66,40.0,0,10.8
sample_00038,D:\marathi-asr\data\vistaar_benchmarks\kathbath\marathi\wavs\844424932262426-809-f.wav,साइडपल्स आणि गेस्टोन सारख्या आतील अवयवांना शरीराच्या तणाव आणि विरोधासाठी सर्वोत्तम कार्य करण्याची आवश्यकता असते,साइटपल्स आणि गेस्टॉनसारख्या अतिलवयांना शरीराच्या तणाव आणि विरोधासाठी सर्वोत्तम कार्य करण्याची आवश्यकता असते,साइडपल्स आणि गेस्टोन सारख्या आतील अवयवांना शरीराच्या तणाव आणि विरोधासाठी सर्वोत्तम कार्य करण्याची आवश्यकता असते,साइटपल्स आणि गेस्टॉनसारख्या अतिलवयांना शरीराच्या तणाव आणि विरोधासाठी सर्वोत्तम कार्य करण्याची आवश्यकता असते,7.21,33.33,0,10.03
sample_00039,D:\marathi-asr\data\vistaar_benchmarks\kathbath\marathi\wavs\844424931570604-236-f.wav,सध्या तलाठी पदाची निवड जिल्हा निवड मंडळामार्फत केली जाते,सध्या तलाठीी पदाची निवड जिल्हा निवड मंडळामार्फत केली जाते,सध्या तलाठी पदाची निवड जिल्हा निवड मंडळामार्फत केली जाते,सध्या तलाठीी पदाची निवड जिल्हा निवड मंडळामार्फत केली जाते,1.79,11.11,0,4.97
sample_00040,D:\marathi-asr\data\vistaar_benchmarks\kathbath\marathi\wavs\844424930557246-737-f.wav,साजूक तुपामधील गोडधोड लाडवापासून तेलामध्ये खरपूस तळलेल्या चकल्यांपर्यंत फराळाला मुंबईकरांची पंसती असतेच,साजूक तुपामधील गोडधोळ लाडवापासून तेलामध्ये खरपूस तळलेल्या चकलांपर्यंत फरायाला मुंबईकरांची पसंती असतेच,साजूक तुपामधील गोडधोड लाडवापासून तेलामध्ये खरपूस तळलेल्या चकल्यांपर्यंत फराळाला मुंबईकरांची पंसती असतेच,साजूक तुपामधील गोडधोळ लाडवापासून तेलामध्ये खरपूस तळलेल्या चकलांपर्यंत फरायाला मुंबईकरांची पसंती असतेच,5.83,33.33,0,8.8
sample_00041,D:\marathi-asr\data\vistaar_benchmarks\kathbath\marathi\wavs\844424932828558-933-f.wav,सध्या या कार्यक्रमासाठी जवानांचा जोरदार सराव सुरू असून जवान दिवस रात्र मेहनत घेत आहेत,सध्या या कार्यक्रमासाठी जवानांचा जोरदार सराव सुरू असून जवान दिवसरात्र मेहनत घेत आहेत,सध्या या कार्यक्रमासाठी जवानांचा जोरदार सराव सुरू असून जवान दिवस रात्र मेहनत घेत आहेत,सध्या या कार्यक्रमासाठी जवानांचा जोरदार सराव सुरू असून जवान दिवसरात्र मेहनत घेत आहेत,1.18,14.29,0,6.76
sample_00042,D:\marathi-asr\data\vistaar_benchmarks\kathbath\marathi\wavs\844424930902762-715-f.wav,देवेंद्र फडणवीस यांना बोलावून एकदा बैठक घेण्याचं नाटक सरकारने केलं,देवेंद्र फडणवीस यांना बोलावून एकदा बैठक घेण्याचं नाटक सरकारनं केलं,देवेंद्र फडणवीस यांना बोलावून एकदा बैठक घेण्याचं नाटक सरकारने केलं,देवेंद्र फडणवीस यांना बोलावून एकदा बैठक घेण्याचं नाटक सरकारनं केलं,1.52,10.0,0,5.27
sample_00043,D:\marathi-asr\data\vistaar_benchmarks\kathbath\marathi\wavs\844424932330018-980-f.wav,या परिस्थितीतून मार्ग काढण्यासाठी बीआरटी योजना राबविण्यात आली होती,या परिस्थितीतून मार्ग काढण्यासाठी बीआरटी योजना राबविण्यात आली होती,या परिस्थितीतून मार्ग काढण्यासाठी बीआरटी योजना राबविण्यात आली होती,या परिस्थितीतून मार्ग काढण्यासाठी बीआरटी योजना राबविण्यात आली होती,0.0,0.0,1,4.88
sample_00044,D:\marathi-asr\data\vistaar_benchmarks\kathbath\marathi\wavs\844424930557262-737-f.wav,यापूर्वी गुजरात मध्येही निवडणुका झाल्यानंतर अशाच प्रकारची दरवाढ करण्यात आली होती,यापूर्वी गुजरातमध्येही निवडणुका झाल्यानंतर अशाच प्रकारची दरवाढ करण्यात आली होती,यापूर्वी गुजरात मध्येही निवडणुका झाल्यानंतर अशाच प्रकारची दरवाढ करण्यात आली होती,यापूर्वी गुजरातमध्येही निवडणुका झाल्यानंतर अशाच प्रकारची दरवाढ करण्यात आली होती,1.25,18.18,0,6.2
sample_00045,D:\marathi-asr\data\vistaar_benchmarks\kathbath\marathi\wavs\844424932330064-980-f.wav,व्हिडीओ समोर आल्यानंतर दोघींना एप्रिल महिन्यात अटक केले होते,व्हिडीिओ समोर आल्यानंतर दोघींना एप्रिल महिन्यात अटक केले होते,व्हिडीओ समोर आल्यानंतर दोघींना एप्रिल महिन्यात अटक केले होते,व्हिडीिओ समोर आल्यानंतर दोघींना एप्रिल महिन्यात अटक केले होते,1.67,11.11,0,4.23
sample_00046,D:\marathi-asr\data\vistaar_benchmarks\kathbath\marathi\wavs\844424930834531-954-f.wav,आणखी धक्कादायक बाब म्हणजे हे गुन्हे करणारे आरोपी १८ ते ३० या वयोगटातील आहेत,आणखी धक्कादायक बाब म्हणजे हे गुन्हे करणारे आरोपी अठरा ते तीस या वयोगटातील आहेत,आणखी धक्कादायक बाब म्हणजे हे गुन्हे करणारे आरोपी १८ ते ३० या वयोगटातील आहेत,आणखी धक्कादायक बाब म्हणजे हे गुन्हे करणारे आरोपी अठरा ते तीस या वयोगटातील आहेत,9.33,14.29,0,6.27
sample_00047,D:\marathi-asr\data\vistaar_benchmarks\kathbath\marathi\wavs\844424932484409-573-f.wav,माहिती आणि प्रसारण मंत्री प्रकाश जावडेकर यांनी शनिवारी याची घोषणा केली,माहिती आणि प्रसारण मंत्री प्रकाश जावडेकर यांनी शनिवारी याची घोषणा केली,माहिती आणि प्रसारण मंत्री प्रकाश जावडेकर यांनी शनिवारी याची घोषणा केली,माहिती आणि प्रसारण मंत्री प्रकाश जावडेकर यांनी शनिवारी याची घोषणा केली,0.0,0.0,1,6.62
sample_00048,D:\marathi-asr\data\vistaar_benchmarks\kathbath\marathi\wavs\844424932311857-980-f.wav,अशी माहिती परराष्ट्र मंत्रालयाचे प्रवक्ते अनुराग श्रीवास्तव यांनी दिली,अशी माहिती परराष्ट्र मंत्रालयाचे प्रवक्ते अनुराग श्रीवास्तव यांनी दिली,अशी माहिती परराष्ट्र मंत्रालयाचे प्रवक्ते अनुराग श्रीवास्तव यांनी दिली,अशी माहिती परराष्ट्र मंत्रालयाचे प्रवक्ते अनुराग श्रीवास्तव यांनी दिली,0.0,0.0,1,5.83
sample_00049,D:\marathi-asr\data\vistaar_benchmarks\kathbath\marathi\wavs\844424932823412-715-f.wav,त्यातील एका धड्यात भाजप आणि शिवसेनेचे कौतुक करणारी माहिती देण्यात आली आहे,त्यातील एका धड्यात भाजप आणि शिवसेनेचे कौतुक करणारी माहिती देण्यात आली आहे,त्यातील एका धड्यात भाजप आणि शिवसेनेचे कौतुक करणारी माहिती देण्यात आली आहे,त्यातील एका धड्यात भाजप आणि शिवसेनेचे कौतुक करणारी माहिती देण्यात आली आहे,0.0,0.0,1,6.39
sample_00050,D:\marathi-asr\data\vistaar_benchmarks\kathbath\marathi\wavs\844424930906916-972-f.wav,लोकसभेत काँग्रेसने सपाटून मार खाल्ल्यानंतर राहुल गांधी यांनी पक्षाच्या अध्यक्षपदाचा राजीनामा दिला होता,लोकसभेत काँग्रेसने सपाटून मार खाल्ल्यानंतर राहुल गांधी यांनी पक्षाच्या अध्यक्षपदाचा राजीनामा दिला होता,लोकसभेत काँग्रेसने सपाटून मार खाल्ल्यानंतर राहुल गांधी यांनी पक्षाच्या अध्यक्षपदाचा राजीनामा दिला होता,लोकसभेत काँग्रेसने सपाटून मार खाल्ल्यानंतर राहुल गांधी यांनी पक्षाच्या अध्यक्षपदाचा राजीनामा दिला होता,0.0,0.0,1,8.29
sample_00051,D:\marathi-asr\data\vistaar_benchmarks\kathbath\marathi\wavs\844424932828540-933-f.wav,बेकायदा बांधकाम करून अनेक परप्रांतीयांना आश्रय देण्याचे काम केले जात असतानाही प्रशासन दुर्लक्ष करत असल्याच्या,बेकायदा बांधकाम करून अनेक परप्रांतीयांना आश्रय देण्याचे काम केले जात असतानाही प्रशासन दुर्लक्ष करत असल्याच्या,बेकायदा बांधकाम करून अनेक परप्रांतीयांना आश्रय देण्याचे काम केले जात असतानाही प्रशासन दुर्लक्ष करत असल्याच्या,बेकायदा बांधकाम करून अनेक परप्रांतीयांना आश्रय देण्याचे काम केले जात असतानाही प्रशासन दुर्लक्ष करत असल्याच्या,0.0,0.0,1,8.06
sample_00052,D:\marathi-asr\data\vistaar_benchmarks\kathbath\marathi\wavs\844424931570573-236-f.wav,सध्या येरोळ व पांढरवाडीला मोठ्या प्रमाणात पाणी टंचाईच्या संकटाला सामोरे जाण्याची वेळ आली आहे,सध्या येरोळ व पांढरवाडीला मोठ्या प्रमाणात पाणी टंचाईच्या संकटाला सामोरे जाण्याची वेळ आली आहे,सध्या येरोळ व पांढरवाडीला मोठ्या प्रमाणात पाणी टंचाईच्या संकटाला सामोरे जाण्याची वेळ आली आहे,सध्या येरोळ व पांढरवाडीला मोठ्या प्रमाणात पाणी टंचाईच्या संकटाला सामोरे जाण्याची वेळ आली आहे,0.0,0.0,1,8.59
sample_00053,D:\marathi-asr\data\vistaar_benchmarks\kathbath\marathi\wavs\844424932484419-573-f.wav,जगप्रसिद्ध लाल बीच एकपेशीय वनस्पती मुळे एक विलक्षण तेजस्वी रंग आहे,जगप्रसिद्ध लाल बीच एक पेशीय वनस्पतीमुळे एक विलक्षण तेजस्वी रंग आहे,जगप्रसिद्ध लाल बीच एकपेशीय वनस्पती मुळे एक विलक्षण तेजस्वी रंग आहे,जगप्रसिद्ध लाल बीच एक पेशीय वनस्पतीमुळे एक विलक्षण तेजस्वी रंग आहे,3.03,27.27,0,6.83
sample_00054,D:\marathi-asr\data\vistaar_benchmarks\kathbath\marathi\wavs\844424930834565-954-f.wav,हा सगळा खटाटोप टाळण्यासाठी शक्यतो पैसे देऊन खरेदी करा,हा सगळा खाटाटोप टाळण्यासाठी शक्यतो पैसे देऊन खरेदी करा,हा सगळा खटाटोप टाळण्यासाठी शक्यतो पैसे देऊन खरेदी करा,हा सगळा खाटाटोप टाळण्यासाठी शक्यतो पैसे देऊन खरेदी करा,1.89,11.11,0,5.69
sample_00055,D:\marathi-asr\data\vistaar_benchmarks\kathbath\marathi\wavs\844424932337211-809-f.wav,महाडिक हे भाजपचे तर पाटील हे काँग्रेसचे निष्ठावंत आहेत,महाडिक हे भाजपचे तर पाटील हे काँग्रेसचे निष्ठावंत आहेत,महाडिक हे भाजपचे तर पाटील हे काँग्रेसचे निष्ठावंत आहेत,महाडिक हे भाजपचे तर पाटील हे काँग्रेसचे निष्ठावंत आहेत,0.0,0.0,1,6.62
sample_00056,D:\marathi-asr\data\vistaar_benchmarks\kathbath\marathi\wavs\844424932330057-980-f.wav,विरोधी पक्षाने आज हरिभाऊ बागडेंविरोधात अविश्वासाचा प्रस्तावही दाखल केला आहे,विरोधी पक्षाने आज हरिभाऊ बागडेंविरोधात अविश्वासाचा प्रस्तावही दाखल केला आहे,विरोधी पक्षाने आज हरिभाऊ बागडेंविरोधात अविश्वासाचा प्रस्तावही दाखल केला आहे,विरोधी पक्षाने आज हरिभाऊ बागडेंविरोधात अविश्वासाचा प्रस्तावही दाखल केला आहे,0.0,0.0,1,6.06
sample_00057,D:\marathi-asr\data\vistaar_benchmarks\kathbath\marathi\wavs\844424930906921-972-f.wav,पण खॉंसाहेबांची भूमिका करणारे वसंतराव देशपांडे यांनी वेगळाच मुद्दा समोर आणला,पणखा साहेबांची भूमिका करणारेस वसंतराव देशपांडे यांनी वेगळा्याच मुद्दा समोर आणला,पण खॉंसाहेबांची भूमिका करणारे वसंतराव देशपांडे यांनी वेगळाच मुद्दा समोर आणला,पणखा साहेबांची भूमिका करणारेस वसंतराव देशपांडे यांनी वेगळा्याच मुद्दा समोर आणला,9.21,36.36,0,7.08
sample_00058,D:\marathi-asr\data\vistaar_benchmarks\kathbath\marathi\wavs\844424930557257-737-f.wav,यावरील सुनावणीवेळी सर्वोच्च न्यायालयाने शुक्रवारी केंद्र सरकारला नोटीस बजावली,यावरील सुनावणीवेळी सर्वोच्च न्यायालयाने शुक्रवारी केंद्र सरकारला नोटीस बजावली,यावरील सुनावणीवेळी सर्वोच्च न्यायालयाने शुक्रवारी केंद्र सरकारला नोटीस बजावली,यावरील सुनावणीवेळी सर्वोच्च न्यायालयाने शुक्रवारी केंद्र सरकारला नोटीस बजावली,0.0,0.0,1,5.99
sample_00059,D:\marathi-asr\data\vistaar_benchmarks\kathbath\marathi\wavs\844424932484422-573-f.wav,काहीवेळाने आशा सिंह यांच्या चालकानेही उपचार दरम्यान अखेरचा श्वास घेतला,काही वेळाने आशा सिह याचिया लाकानेही उपचारदरम्यान अखेरचा श्वास घेतला,काहीवेळाने आशा सिंह यांच्या चालकानेही उपचार दरम्यान अखेरचा श्वास घेतला,काही वेळाने आशा सिह याचिया लाकानेही उपचारदरम्यान अखेरचा श्वास घेतला,10.0,70.0,0,6.2
sample_00060,D:\marathi-asr\data\vistaar_benchmarks\kathbath\marathi\wavs\844424930902677-715-f.wav,तुकाराम मुंढे यांनी नाशिकच्या आयुक्तपदाचा कार्यभार हाती घेतल्यापासून पालिकेतील वादग्रस्त प्रकरणे बाहेर पडू लागली आहेत,तुकाराम मुंडे यांनी नाशिकच्या आयुक्तपदाचा कार्यभार हाती घेतल्यापासून पालिकेतील वादग्रस्त प्रकरणे बाहेर पडू लागली आहेत,तुकाराम मुंढे यांनी नाशिकच्या आयुक्तपदाचा कार्यभार हाती घेतल्यापासून पालिकेतील वादग्रस्त प्रकरणे बाहेर पडू लागली आहेत,तुकाराम मुंडे यांनी नाशिकच्या आयुक्तपदाचा कार्यभार हाती घेतल्यापासून पालिकेतील वादग्रस्त प्रकरणे बाहेर पडू लागली आहेत,0.85,6.67,0,9.26
sample_00061,D:\marathi-asr\data\vistaar_benchmarks\kathbath\marathi\wavs\844424930557212-737-f.wav,ऑनलाइन अर्ज करण्याची अखेरची तारीख १५ मार्च अशी आहे,ऑनलाइन अर्ज करण्याची अखेरची तारीख पंधरा मार्चशी आहे,ऑनलाइन अर्ज करण्याची अखेरची तारीख १५ मार्च अशी आहे,ऑनलाइन अर्ज करण्याची अखेरची तारीख पंधरा मार्चशी आहे,14.0,33.33,0,5.29
sample_00062,D:\marathi-asr\data\vistaar_benchmarks\kathbath\marathi\wavs\844424931570581-236-f.wav,हे सर्व मुख्यमंत्री देवेंद्र फडणवीस यांच्या आदेशानुसार होत असून,हे सर्व मुख्यमंत्री देवेंद्र फडणवीस यांच्या आदेशानुसार होत असून,हे सर्व मुख्यमंत्री देवेंद्र फडणवीस यांच्या आदेशानुसार होत असून,हे सर्व मुख्यमंत्री देवेंद्र फडणवीस यांच्या आदेशानुसार होत असून,0.0,0.0,1,5.83
sample_00063,D:\marathi-asr\data\vistaar_benchmarks\kathbath\marathi\wavs\844424932823347-715-f.wav,याबाबत शिवसेना खासदार अरविंद सावंत यांनी लोकसभेत आवाज उठवला,याबाबत शिवसेना खासदार अरविंद सावंत यांनी लोकसभेत आवाज उठवला,याबाबत शिवसेना खासदार अरविंद सावंत यांनी लोकसभेत आवाज उठवला,याबाबत शिवसेना खासदार अरविंद सावंत यांनी लोकसभेत आवाज उठवला,0.0,0.0,1,6.15
sample_00064,D:\marathi-asr\data\vistaar_benchmarks\kathbath\marathi\wavs\844424931130759-933-f.wav,साबीर शेख फक्त आमदार असताना कल्याणजवळच्या कोन गावातील एका चाळीत राहात होते,साबिर शेख फक्त आमदार असताना कल्याणजवळच्या कोट गावातील एका चाळीत राहत होते,साबीर शेख फक्त आमदार असताना कल्याणजवळच्या कोन गावातील एका चाळीत राहात होते,साबिर शेख फक्त आमदार असताना कल्याणजवळच्या कोट गावातील एका चाळीत राहत होते,4.05,25.0,0,5.25
sample_00065,D:\marathi-asr\data\vistaar_benchmarks\kathbath\marathi\wavs\844424932484377-573-f.wav,तत्काळ दाखले न मिळाल्यास तीव्र आंदोलन छेडणार असल्याचा इशारा त्यांनी दिला,तत्काळ दाखले न मिळण्यास तीव्र आंदोलन छिरणार असल्याचा इशारा त्यांनी दिला,तत्काळ दाखले न मिळाल्यास तीव्र आंदोलन छेडणार असल्याचा इशारा त्यांनी दिला,तत्काळ दाखले न मिळण्यास तीव्र आंदोलन छिरणार असल्याचा इशारा त्यांनी दिला,5.56,18.18,0,6.73
sample_00066,D:\marathi-asr\data\vistaar_benchmarks\kathbath\marathi\wavs\844424932337147-809-f.wav,१९९३ नंतर राज्यात कोणतेही नवीन धरण बाधण्यात आले नाही,एकोणीसशे त्र्याण्णव नंतर राज्यात कोणतेही नवीन धरण बांधण्यात आले नाही,१९९३ नंतर राज्यात कोणतेही नवीन धरण बाधण्यात आले नाही,एकोणीसशे त्र्याण्णव नंतर राज्यात कोणतेही नवीन धरण बांधण्यात आले नाही,38.46,33.33,0,7.41
sample_00067,D:\marathi-asr\data\vistaar_benchmarks\kathbath\marathi\wavs\844424932311929-980-f.wav,यावर धनगर आरक्षणासाठी आता राज्य मागासवर्ग आयोगाकडे जाण्याचा आवश्यकता नाही,यावर धनगर आरक्षणासाठी आता राज्य मागासवर्ग आयोगाकडे जाण्याची आवश्यकता नाही,यावर धनगर आरक्षणासाठी आता राज्य मागासवर्ग आयोगाकडे जाण्याचा आवश्यकता नाही,यावर धनगर आरक्षणासाठी आता राज्य मागासवर्ग आयोगाकडे जाण्याची आवश्यकता नाही,1.37,10.0,0,6.27
sample_00068,D:\marathi-asr\data\vistaar_benchmarks\kathbath\marathi\wavs\844424930906977-972-f.wav,शहाण्या माणसाला त्याचे वडील काही सांगत असले तर तो लक्षपूर्वक ऐकतो,शहाण्या माणसाला त्याचे वडील काही सांगत असले तर तो लक्षपूर्वक ऐकतो,शहाण्या माणसाला त्याचे वडील काही सांगत असले तर तो लक्षपूर्वक ऐकतो,शहाण्या माणसाला त्याचे वडील काही सांगत असले तर तो लक्षपूर्वक ऐकतो,0.0,0.0,1,5.97
sample_00069,D:\marathi-asr\data\vistaar_benchmarks\kathbath\marathi\wavs\844424932306063-980-f.wav,निवडणुकाधी झालेल्या फोडाफोडीच्या राजकारणाला राष्ट्रवादीनं न्यायालयात आव्हान दिले होते,निवडणुकाआधी झालेल्या तोडाफोडीच्या राजकारणाला राष्ट्रवादीनं न्यायालयात आव्हान दिले होते,निवडणुकाधी झालेल्या फोडाफोडीच्या राजकारणाला राष्ट्रवादीनं न्यायालयात आव्हान दिले होते,निवडणुकाआधी झालेल्या तोडाफोडीच्या राजकारणाला राष्ट्रवादीनं न्यायालयात आव्हान दिले होते,2.35,22.22,0,6.99
sample_00070,D:\marathi-asr\data\vistaar_benchmarks\kathbath\marathi\wavs\844424930902673-715-f.wav,आता तुम्हाला माहीत आहे एका जेवणातील प्रथिने किती शोषून घेतली जाते,आता तुम्हाला माहत आहे एका जेवणतील प्रथेने किती शोजून घेतली जाते,आता तुम्हाला माहीत आहे एका जेवणातील प्रथिने किती शोषून घेतली जाते,आता तुम्हाला माहत आहे एका जेवणतील प्रथेने किती शोजून घेतली जाते,6.15,36.36,0,5.04
sample_00071,D:\marathi-asr\data\vistaar_benchmarks\kathbath\marathi\wavs\844424930906919-972-f.wav,याला कारण भारतात सध्या अस्तित्वात असलेली सिमकार्ड त्यात चालणार नाहीत,याला कारण भारतात सध्या अस्तित्वात असलेली सिम कार्ड त्यात चालणार नाहीत,याला कारण भारतात सध्या अस्तित्वात असलेली सिमकार्ड त्यात चालणार नाहीत,याला कारण भारतात सध्या अस्तित्वात असलेली सिम कार्ड त्यात चालणार नाहीत,1.47,20.0,0,5.92
sample_00072,D:\marathi-asr\data\vistaar_benchmarks\kathbath\marathi\wavs\844424930868493-933-f.wav,सोमवारी त्यांनी दक्षिण कन्याकुमारी जिल्ह्यातील नागरकोइल येथील प्रचंड गर्दीच्या सभेला संबोधित केले,सोमवारी त्यांनी दक्षिण कन्याकुमारी जिल्ह्यातील नागरकोई येथील प्रचंड गर्दीच्या सभेला संबोधित केले,सोमवारी त्यांनी दक्षिण कन्याकुमारी जिल्ह्यातील नागरकोइल येथील प्रचंड गर्दीच्या सभेला संबोधित केले,सोमवारी त्यांनी दक्षिण कन्याकुमारी जिल्ह्यातील नागरकोई येथील प्रचंड गर्दीच्या सभेला संबोधित केले,2.06,8.33,0,8.59
sample_00073,D:\marathi-asr\data\vistaar_benchmarks\kathbath\marathi\wavs\844424930573332-737-f.wav,फुटाळा तलावावर व कृत्रिम तलावाच्या लगत निर्माल्य गोळा करण्याकरीता निर्माल्य कलशांची व्यवस्था करण्यात आली होती,फुटाळा तलावावर व कृत्रिम तलावाच्या लगत निर्माल्य गोळा करण्याकरिता निर्माल्य कलशांची व्यवस्था करण्यात आली होती,फुटाळा तलावावर व कृत्रिम तलावाच्या लगत निर्माल्य गोळा करण्याकरीता निर्माल्य कलशांची व्यवस्था करण्यात आली होती,फुटाळा तलावावर व कृत्रिम तलावाच्या लगत निर्माल्य गोळा करण्याकरिता निर्माल्य कलशांची व्यवस्था करण्यात आली होती,0.92,6.67,0,8.5
sample_00074,D:\marathi-asr\data\vistaar_benchmarks\kathbath\marathi\wavs\844424932311927-980-f.wav,उच्च तापमान उघड तेव्हा चीप ऑक्सिजन च्या प्रवेश न धुमसणे हळू सुरू,उच्च तापमान उघड तेव्हा चीप ऑक्सिजनच्या प्रवेशनं धुमसणे हळू सुरू,उच्च तापमान उघड तेव्हा चीप ऑक्सिजन च्या प्रवेश न धुमसणे हळू सुरू,उच्च तापमान उघड तेव्हा चीप ऑक्सिजनच्या प्रवेशनं धुमसणे हळू सुरू,4.69,33.33,0,6.32
sample_00075,D:\marathi-asr\data\vistaar_benchmarks\kathbath\marathi\wavs\844424930906947-972-f.wav,ही बाब लक्षात घेऊन डांबराला पर्याय असलेले तंत्रज्ञान महापालिकेकडून उपलब्ध करण्यावर भर दिला जात आहे,ही बाब लक्षात घेऊन डांबराला पर्याय असलेले तंत्रज्ञान महापालिकेकडून उपलब्ध करण्यावर भर दिला जात आहे,ही बाब लक्षात घेऊन डांबराला पर्याय असलेले तंत्रज्ञान महापालिकेकडून उपलब्ध करण्यावर भर दिला जात आहे,ही बाब लक्षात घेऊन डांबराला पर्याय असलेले तंत्रज्ञान महापालिकेकडून उपलब्ध करण्यावर भर दिला जात आहे,0.0,0.0,1,7.89
sample_00076,D:\marathi-asr\data\vistaar_benchmarks\kathbath\marathi\wavs\844424930906954-972-f.wav,प्रत्येक श्रेणीत तीन विजेत्यांना रोख रकमेची पारितोषिके दिली जाणार आहेत,प्रत्येक श्रेणीत तीन विजेत्यांना रोख रकमेची पारितोषिके दिली जाणार आहेत,प्रत्येक श्रेणीत तीन विजेत्यांना रोख रकमेची पारितोषिके दिली जाणार आहेत,प्रत्येक श्रेणीत तीन विजेत्यांना रोख रकमेची पारितोषिके दिली जाणार आहेत,0.0,0.0,1,5.64
sample_00077,D:\marathi-asr\data\vistaar_benchmarks\kathbath\marathi\wavs\844424932266747-980-f.wav,कर्णधार विराट कोहली आणि टीम इंडियाच्या खेळाडूंनी याबाबत केलेल्या मागणीला बीसीसीआयने परवानगी दिली आहे,कर्णधार विराट कोहली आणि टीम इंडियाच्या खेळाडूंनी याबाबत केलेल्या मागणीला बीसीसीआयने परवानगी दिली आहे,कर्णधार विराट कोहली आणि टीम इंडियाच्या खेळाडूंनी याबाबत केलेल्या मागणीला बीसीसीआयने परवानगी दिली आहे,कर्णधार विराट कोहली आणि टीम इंडियाच्या खेळाडूंनी याबाबत केलेल्या मागणीला बीसीसीआयने परवानगी दिली आहे,0.0,0.0,1,7.22
sample_00078,D:\marathi-asr\data\vistaar_benchmarks\kathbath\marathi\wavs\844424931570525-236-f.wav,आम्हाला खात्री आहे की काही टिपा आपल्या अपार्टमेंटला नक्कीच अनुरूप असतील,आम्हाला खात्री आहे की काही टिपा आपल्या अपार्टमेंटला नक्कीच अनुरूप असतील,आम्हाला खात्री आहे की काही टिपा आपल्या अपार्टमेंटला नक्कीच अनुरूप असतील,आम्हाला खात्री आहे की काही टिपा आपल्या अपार्टमेंटला नक्कीच अनुरूप असतील,0.0,0.0,1,6.64
sample_00079,D:\marathi-asr\data\vistaar_benchmarks\kathbath\marathi\wavs\844424930557229-737-f.wav,छ्ळणार्या विचारांपासून सुटका करुन घेण्याचा तो एकच मार्ग होता,छळणाऱ्या विचारांपासून सुटका करून घेण्याचा तो एकच मार्ग होता,छ्ळणार्या विचारांपासून सुटका करुन घेण्याचा तो एकच मार्ग होता,छळणाऱ्या विचारांपासून सुटका करून घेण्याचा तो एकच मार्ग होता,5.0,22.22,0,5.13
sample_00080,D:\marathi-asr\data\vistaar_benchmarks\kathbath\marathi\wavs\844424930557260-737-f.wav,शेतकऱ्यांनी चार महिने केलेली शेतीची मेहनत चांगली फळाला आली होती,शेतकऱ्यांनी चार महिने केलेली शेतीची मेहनत चांगली फळाला आली होती,शेतकऱ्यांनी चार महिने केलेली शेतीची मेहनत चांगली फळाला आली होती,शेतकऱ्यांनी चार महिने केलेली शेतीची मेहनत चांगली फळाला आली होती,3.12,10.0,0,5.46
sample_00081,D:\marathi-asr\data\vistaar_benchmarks\kathbath\marathi\wavs\844424932266738-980-f.wav,त्यांनी हे पुस्तक वस्तुनिष्ठदृष्टया लिहिले असते तर कदाचित अधिक प्रभावी ठरले असते,त्यांनी हे पुस्तक वस्तुनिष्ठदृष्ट्या लिहिले असते तर कदाचित अधिक प्रभावी ठरले असते,त्यांनी हे पुस्तक वस्तुनिष्ठदृष्टया लिहिले असते तर कदाचित अधिक प्रभावी ठरले असते,त्यांनी हे पुस्तक वस्तुनिष्ठदृष्ट्या लिहिले असते तर कदाचित अधिक प्रभावी ठरले असते,1.25,8.33,0,5.97
sample_00082,D:\marathi-asr\data\vistaar_benchmarks\kathbath\marathi\wavs\844424932372173-132-f.wav,देशाच्या सीमेचे रक्षण करण्यासाठी थापड यांनी आपली जिवाची बाजी लावली,देशाच्या सीमेचे रक्षण करण्यासाठी थापड यांनी आपली जीवाची बाजी लावली,देशाच्या सीमेचे रक्षण करण्यासाठी थापड यांनी आपली जिवाची बाजी लावली,देशाच्या सीमेचे रक्षण करण्यासाठी थापड यांनी आपली जीवाची बाजी लावली,1.52,10.0,0,6.27
sample_00083,D:\marathi-asr\data\vistaar_benchmarks\kathbath\marathi\wavs\844424930573349-737-f.wav,कंपनीला डिसेंबरमध्ये आयफोन विक्रीतून ५६ अब्ज डॉलरचे उत्पन्न मिळाल्याचे कुक यांनी सांगितले,कंपनीला डिसेंबरमध्ये आयफोन विक्रीतून छप्पन्न अब्ज डॉलरचे उत्पन्न मिळाल्याचे कुक यांनी सांगितले,कंपनीला डिसेंबरमध्ये आयफोन विक्रीतून ५६ अब्ज डॉलरचे उत्पन्न मिळाल्याचे कुक यांनी सांगितले,कंपनीला डिसेंबरमध्ये आयफोन विक्रीतून छप्पन्न अब्ज डॉलरचे उत्पन्न मिळाल्याचे कुक यांनी सांगितले,7.87,8.33,0,7.22
sample_00084,D:\marathi-asr\data\vistaar_benchmarks\kathbath\marathi\wavs\844424932372181-132-f.wav,कधी कोणत्या ना कोणत्या कारणावरून तिला खावा लागणारा ओरडाही तिचं मन दुखावणाराच असू शकतो,कधी कोणत्या ना कोणत्या कारणावरून तिला खावा लागणारा ओरडाही तिचं मन दुखवणाराच असू शकतो,कधी कोणत्या ना कोणत्या कारणावरून तिला खावा लागणारा ओरडाही तिचं मन दुखावणाराच असू शकतो,कधी कोणत्या ना कोणत्या कारणावरून तिला खावा लागणारा ओरडाही तिचं मन दुखवणाराच असू शकतो,1.18,7.14,0,7.08
sample_00085,D:\marathi-asr\data\vistaar_benchmarks\kathbath\marathi\wavs\844424932330020-980-f.wav,पुणे जिल्हय़ातील दौंड व इंदापूरमध्ये अवकाळी पावसामुळे पिकांचे नुकसान झाले आहे,पुणे जिल्ह्यातील दौड व इंदापूरमध्ये अवकाळी पावसामुळे पिकांचे नुकसान झाले आहे,पुणे जिल्हय़ातील दौंड व इंदापूरमध्ये अवकाळी पावसामुळे पिकांचे नुकसान झाले आहे,पुणे जिल्ह्यातील दौड व इंदापूरमध्ये अवकाळी पावसामुळे पिकांचे नुकसान झाले आहे,3.9,18.18,0,5.11
sample_00086,D:\marathi-asr\data\vistaar_benchmarks\kathbath\marathi\wavs\844424931130682-933-f.wav,पोलीस कडे तोडून ते एकमेकांच्या अंगावर धावून जाण्याचे प्रयत्न सुरू होते,पोलिसकडे तोडून ते एकमेकांच्या अंगावर धावून जाण्याचे प्रयत्न सुरू होते,पोलीस कडे तोडून ते एकमेकांच्या अंगावर धावून जाण्याचे प्रयत्न सुरू होते,पोलिसकडे तोडून ते एकमेकांच्या अंगावर धावून जाण्याचे प्रयत्न सुरू होते,2.86,18.18,0,4.95
sample_00087,D:\marathi-asr\data\vistaar_benchmarks\kathbath\marathi\wavs\844424932372163-132-f.wav,या व्यतिरिक्त पवारांनी मराठा आरक्षणावर काहीच भाष्य केलं नाही,याव्यतिरिक्त पवारांनी मराठा आरक्षणावर काहीच भाष्य केले नाही,या व्यतिरिक्त पवारांनी मराठा आरक्षणावर काहीच भाष्य केलं नाही,याव्यतिरिक्त पवारांनी मराठा आरक्षणावर काहीच भाष्य केले नाही,3.33,33.33,0,5.78
sample_00088,D:\marathi-asr\data\vistaar_benchmarks\kathbath\marathi\wavs\844424930557199-737-f.wav,रणबीर या शोमध्ये आला तर त्याची ही छोट्या पडद्यावरील पहिलीच एंट्री असेल,रणबीर या शोमध्ये आला तर त्याची ही छोट्या पडद्यावरील पहिली सेंट्री असेल,रणबीर या शोमध्ये आला तर त्याची ही छोट्या पडद्यावरील पहिलीच एंट्री असेल,रणबीर या शोमध्ये आला तर त्याची ही छोट्या पडद्यावरील पहिली सेंट्री असेल,4.29,16.67,0,5.87
sample_00089,D:\marathi-asr\data\vistaar_benchmarks\kathbath\marathi\wavs\844424932484370-573-f.wav,मिळणाऱ्या संधी उपलब्ध करणे आणि त्यात सुधार आणण्याची प्रत्यक्षात गरज असल्याचेही त्यांनी स्पष्ट केले,मिळण्याच्या संधी उपलब्ध करणे आणि त्यात सुधार आणण्याची प्रत्यक्षता गरज असल्याचेही त्यांनी स्पष्ट केले,मिळणाऱ्या संधी उपलब्ध करणे आणि त्यात सुधार आणण्याची प्रत्यक्षात गरज असल्याचेही त्यांनी स्पष्ट केले,मिळण्याच्या संधी उपलब्ध करणे आणि त्यात सुधार आणण्याची प्रत्यक्षता गरज असल्याचेही त्यांनी स्पष्ट केले,6.06,14.29,0,7.24
sample_00090,D:\marathi-asr\data\vistaar_benchmarks\kathbath\marathi\wavs\844424931218208-933-f.wav,राजनीतीच्या सशक्त कथेमुळेच हा चित्रपट स्वीकारल्याचे कतरीनाचे म्हणणे आहे,राजनीतीच्या सशक्त कथेमुळेच हा चित्रपट स्वीकारल्याचे कतिनाचे म्हणणे आहे,राजनीतीच्या सशक्त कथेमुळेच हा चित्रपट स्वीकारल्याचे कतरीनाचे म्हणणे आहे,राजनीतीच्या सशक्त कथेमुळेच हा चित्रपट स्वीकारल्याचे कतिनाचे म्हणणे आहे,2.82,11.11,0,6.01
sample_00091,D:\marathi-asr\data\vistaar_benchmarks\kathbath\marathi\wavs\844424931570556-236-f.wav,याने त्रस्त होऊन हे शेतकरी आता कंपनीच्या दारातच आंदोलनाला बसले आहेत,याने त्रस्त होऊन हे शेतकरी आता कंपनीच्या दारातच आंदोलनाला बसले आहेत,याने त्रस्त होऊन हे शेतकरी आता कंपनीच्या दारातच आंदोलनाला बसले आहेत,याने त्रस्त होऊन हे शेतकरी आता कंपनीच्या दारातच आंदोलनाला बसले आहेत,0.0,0.0,1,6.5
sample_00092,D:\marathi-asr\data\vistaar_benchmarks\kathbath\marathi\wavs\844424932828578-933-f.wav,या हेअर पॅकचा नियमित योग्य वापर केल्यास टाळूला येणारी खाज आणि अन्य समस्या दूर होतील,या हेअरपॅगचा नियमित योग्य वापर केल्यास टाळूला येणारी खाज आणि अन्य समस्या दूर होतील,या हेअर पॅकचा नियमित योग्य वापर केल्यास टाळूला येणारी खाज आणि अन्य समस्या दूर होतील,या हेअरपॅगचा नियमित योग्य वापर केल्यास टाळूला येणारी खाज आणि अन्य समस्या दूर होतील,2.41,13.33,0,6.18
sample_00093,D:\marathi-asr\data\vistaar_benchmarks\kathbath\marathi\wavs\844424930557228-737-f.wav,बुवाचे वाठार येथील महादेव सखाराम चौगुले यांना दीड एकर शेतजमीन आहे,बुवाचे वाठार येथील महादेव सखाराम चौगुले यांना दीड एकर शेतजमीन आहे,बुवाचे वाठार येथील महादेव सखाराम चौगुले यांना दीड एकर शेतजमीन आहे,बुवाचे वाठार येथील महादेव सखाराम चौगुले यांना दीड एकर शेतजमीन आहे,0.0,0.0,1,6.13
sample_00094,D:\marathi-asr\data\vistaar_benchmarks\kathbath\marathi\wavs\844424932823335-715-f.wav,त्यामुळे लग्नातील खर्चामध्ये कपात करणे किंवा वैध मार्गांनं कर्ज घेणे हा पर्याय त्यांच्याकडे उपलब्ध होता,त्यामुळे लग्नातील खर्चामध्ये कपात करणे किंवा वैद्यमार्गानें कर्ज घेणे हा पर्याय त्यांच्याकडे उपलब्ध होता,त्यामुळे लग्नातील खर्चामध्ये कपात करणे किंवा वैध मार्गांनं कर्ज घेणे हा पर्याय त्यांच्याकडे उपलब्ध होता,त्यामुळे लग्नातील खर्चामध्ये कपात करणे किंवा वैद्यमार्गानें कर्ज घेणे हा पर्याय त्यांच्याकडे उपलब्ध होता,4.85,13.33,0,8.57
sample_00095,D:\marathi-asr\data\vistaar_benchmarks\kathbath\marathi\wavs\844424932337148-809-f.wav,त्यासाठी इंडिया अगेन्स्ट करप्शननं अंतर्गत लोकपाल नियुक्त केला आहे,त्यासाठी इंडिया अगेन्स्ट करप्शन अंतर्गत लोकपाल नियुक्त केला आहे,त्यासाठी इंडिया अगेन्स्ट करप्शननं अंतर्गत लोकपाल नियुक्त केला आहे,त्यासाठी इंडिया अगेन्स्ट करप्शन अंतर्गत लोकपाल नियुक्त केला आहे,3.08,11.11,0,7.57
sample_00096,D:\marathi-asr\data\vistaar_benchmarks\kathbath\marathi\wavs\844424930875916-954-f.wav,या पार्श्वभूमीवर राज्यातील कॉंग्रेसमध्ये लवकरच मोठे फेरबदल होण्याची माहिती विश्वसनीय सूत्रांकडून समोर आली,या पार्श्वभूमीवर राज्यातील काँग्रेसमध्ये लवकरच मोठे फेरबदल होण्याची माहिती विश्वसनीय सूत्रांकडून समोर आली,या पार्श्वभूमीवर राज्यातील कॉंग्रेसमध्ये लवकरच मोठे फेरबदल होण्याची माहिती विश्वसनीय सूत्रांकडून समोर आली,या पार्श्वभूमीवर राज्यातील काँग्रेसमध्ये लवकरच मोठे फेरबदल होण्याची माहिती विश्वसनीय सूत्रांकडून समोर आली,1.9,7.69,0,8.38
sample_00097,D:\marathi-asr\data\vistaar_benchmarks\kathbath\marathi\wavs\844424930834544-954-f.wav,नागपंचमीच्या दिवशी येथे सरासरी दोन लाख भाविक दर्शनाला येतात,नागपंचमीच्या दिवशी येथे सरासरी दोन लाख भाविक दर्शनाला येतात,नागपंचमीच्या दिवशी येथे सरासरी दोन लाख भाविक दर्शनाला येतात,नागपंचमीच्या दिवशी येथे सरासरी दोन लाख भाविक दर्शनाला येतात,0.0,0.0,1,5.04
sample_00098,D:\marathi-asr\data\vistaar_benchmarks\kathbath\marathi\wavs\844424930906960-972-f.wav,ते अत्यंत सुपीक आहेत आणि लांब एक श्रीमंत हंगामानंतर उत्पादन वापरले गेले आहे,ते अत्यंत सुपीक आहेत आणि लांब एक श्रीमंत हंगामानंतर उत्पादन वापरले गेले आहे,ते अत्यंत सुपीक आहेत आणि लांब एक श्रीमंत हंगामानंतर उत्पादन वापरले गेले आहे,ते अत्यंत सुपीक आहेत आणि लांब एक श्रीमंत हंगामानंतर उत्पादन वापरले गेले आहे,0.0,0.0,1,6.69
sample_00099,D:\marathi-asr\data\vistaar_benchmarks\kathbath\marathi\wavs\844424932823408-715-f.wav,त्यामुळे कदाचित काहींचे घराचे स्वप्न साकार व्हायला हरकत नसावी,त्यामुळे कदाचित काहींचे घराचे स्वप्न साकारवायला हरकत नसावे,त्यामुळे कदाचित काहींचे घराचे स्वप्न साकार व्हायला हरकत नसावी,त्यामुळे कदाचित काहींचे घराचे स्वप्न साकारवायला हरकत नसावे,6.56,33.33,0,5.13
sample_00100,D:\marathi-asr\data\vistaar_benchmarks\kathbath\marathi\wavs\844424931570575-236-f.wav,अभिनेता सुशांतसिंह राजपूत याच्या आत्महत्येनंतर कंगना करणवर निशाणा साधला आहे,अभिनेता सुशांत सिंंग राजपूत याच्या आत्महत्येनंतर कंगना राणावतवर निशाणा साधला आहे,अभिनेता सुशांतसिंह राजपूत याच्या आत्महत्येनंतर कंगना करणवर निशाणा साधला आहे,अभिनेता सुशांत सिंंग राजपूत याच्या आत्महत्येनंतर कंगना राणावतवर निशाणा साधला आहे,10.67,30.0,0,7.13
sample_00101,D:\marathi-asr\data\vistaar_benchmarks\kathbath\marathi\wavs\844424930573293-737-f.wav,रिक्षांची संख्या जवळपास दुप्पट झाली असून त्याचा परिणाम व्यवसायावर झाला आहे,रिक्षांची संख्या जवळपास दुप्पट झाली असून त्याचा परिणाम व्यवसायावर झाला आहे,रिक्षांची संख्या जवळपास दुप्पट झाली असून त्याचा परिणाम व्यवसायावर झाला आहे,रिक्षांची संख्या जवळपास दुप्पट झाली असून त्याचा परिणाम व्यवसायावर झाला आहे,0.0,0.0,1,5.97
sample_00102,D:\marathi-asr\data\vistaar_benchmarks\kathbath\marathi\wavs\844424930573337-737-f.wav,नोटबंदी सारखे मनमानी निर्णय घेत मोदी सरकारने देशाचे कंबरडे मोडले आहे,नोटबंदीसारखे मनमानी निर्णय घेत मोदी सरकारने देशाचे कंबर्डे मोडले आहे,नोटबंदी सारखे मनमानी निर्णय घेत मोदी सरकारने देशाचे कंबरडे मोडले आहे,नोटबंदीसारखे मनमानी निर्णय घेत मोदी सरकारने देशाचे कंबर्डे मोडले आहे,2.94,27.27,0,5.57
sample_00103,D:\marathi-asr\data\vistaar_benchmarks\kathbath\marathi\wavs\844424932266664-980-f.wav,या चकमकीत दोन्ही देशांचे अनेक जवान जखमी झाल्याचे देखील म्हटले जात आहे,या चकमकीत दोन्ही देशांचे अनेक जवान जखमी झाल्याचे देखील म्हटले जात आहे,या चकमकीत दोन्ही देशांचे अनेक जवान जखमी झाल्याचे देखील म्हटले जात आहे,या चकमकीत दोन्ही देशांचे अनेक जवान जखमी झाल्याचे देखील म्हटले जात आहे,0.0,0.0,1,5.11
sample_00104,D:\marathi-asr\data\vistaar_benchmarks\kathbath\marathi\wavs\844424932266751-980-f.wav,कारण सत्तारुढ शिवसेनेने लोकसभेत या कायद्याच्या बाजूने मतदान केले होते,कारण सत्तारूढ शिवसेनेने लोकसभेत या कायद्याच्या बाजूने मतदान केले होते,कारण सत्तारुढ शिवसेनेने लोकसभेत या कायद्याच्या बाजूने मतदान केले होते,कारण सत्तारूढ शिवसेनेने लोकसभेत या कायद्याच्या बाजूने मतदान केले होते,1.45,10.0,0,5.9
sample_00105,D:\marathi-asr\data\vistaar_benchmarks\kathbath\marathi\wavs\844424932311847-980-f.wav,इटलीतील तोरिनो प्रांतातील उसास्को कम्यूनमधून आलेल्या आंतोनिओ आगू या इटालियनाने उसास्को शहराची स्थापना केली,इटलीतील तोरिनो प्रांतातील ओसास्को कममिनमधून आलेल्या आंतोनिओ आगो या इटालियनाने ओसास्को शहराची स्थापना केली,इटलीतील तोरिनो प्रांतातील उसास्को कम्यूनमधून आलेल्या आंतोनिओ आगू या इटालियनाने उसास्को शहराची स्थापना केली,इटलीतील तोरिनो प्रांतातील ओसास्को कममिनमधून आलेल्या आंतोनिओ आगो या इटालियनाने ओसास्को शहराची स्थापना केली,5.66,28.57,0,8.71
sample_00106,D:\marathi-asr\data\vistaar_benchmarks\kathbath\marathi\wavs\844424932484374-573-f.wav,त्यांची स्थिती काय आहे यावर लक्ष ठेवण्यासाठी उच्च न्यायालयाने पर्यावरणप्रेमींच्या मागणीवरून एक वृक्ष समिती नेमली,त्याची स्थिती काय आहे यावर लक्ष ठेवण्यासाठी उच्च न्यायालयाने पर्यावरणप्रेमीच्या मागणीवरून एक वृक्ष समिती नेमली,त्यांची स्थिती काय आहे यावर लक्ष ठेवण्यासाठी उच्च न्यायालयाने पर्यावरणप्रेमींच्या मागणीवरून एक वृक्ष समिती नेमली,त्याची स्थिती काय आहे यावर लक्ष ठेवण्यासाठी उच्च न्यायालयाने पर्यावरणप्रेमीच्या मागणीवरून एक वृक्ष समिती नेमली,1.79,13.33,0,9.52
sample_00107,D:\marathi-asr\data\vistaar_benchmarks\kathbath\marathi\wavs\844424931570594-236-f.wav,काही आठवड्यांपर्यंत हे जाग येणे चालू राहिले आणि मी काही कारणास्तव उदास होऊ लागलो,काही आठवड्यापर्यंत हे जाग येणे चालू राहिले आणि मी काही कारणास्त उदास होऊ लागलो,काही आठवड्यांपर्यंत हे जाग येणे चालू राहिले आणि मी काही कारणास्तव उदास होऊ लागलो,काही आठवड्यापर्यंत हे जाग येणे चालू राहिले आणि मी काही कारणास्त उदास होऊ लागलो,2.5,14.29,0,6.15
sample_00108,D:\marathi-asr\data\vistaar_benchmarks\kathbath\marathi\wavs\844424930875869-954-f.wav,याआधी रघुराम राजन यांनीही आंतरराष्ट्रीय नाणेनिधीचे प्रमुखपद भूषवले आहे,याआधी रघुराम राजन यांनी हे आंतरराष्ट्रीय नाणेनिधीचे प्रमुखपद भूषवले आहे,याआधी रघुराम राजन यांनीही आंतरराष्ट्रीय नाणेनिधीचे प्रमुखपद भूषवले आहे,याआधी रघुराम राजन यांनी हे आंतरराष्ट्रीय नाणेनिधीचे प्रमुखपद भूषवले आहे,2.86,22.22,0,6.76
sample_00109,D:\marathi-asr\data\vistaar_benchmarks\kathbath\marathi\wavs\844424931218201-933-f.wav,जर बोर्डवर अगदी थोडा फोड दिसला तर ते नवीनमध्ये बदलले पाहिजेत,जर बोर्डावर अगदी थोडा फोड दिसला तर ते नवीनमध्ये बदलले पाहिजेत,जर बोर्डवर अगदी थोडा फोड दिसला तर ते नवीनमध्ये बदलले पाहिजेत,जर बोर्डावर अगदी थोडा फोड दिसला तर ते नवीनमध्ये बदलले पाहिजेत,1.67,9.09,0,7.15
sample_00110,D:\marathi-asr\data\vistaar_benchmarks\kathbath\marathi\wavs\844424930902745-715-f.wav,तसेच दोघंही आपल्या कामामधून वेळात वेळ काढून मुलांना देखील पुरेसा वेळ देतात,तसेच दोघंही आपल्या कामामधून वेळात वेळ काढून मुलांना देेखील पुरेसा वेळ देतात,तसेच दोघंही आपल्या कामामधून वेळात वेळ काढून मुलांना देखील पुरेसा वेळ देतात,तसेच दोघंही आपल्या कामामधून वेळात वेळ काढून मुलांना देेखील पुरेसा वेळ देतात,1.35,8.33,0,5.74
sample_00111,D:\marathi-asr\data\vistaar_benchmarks\kathbath\marathi\wavs\844424932266741-980-f.wav,मात्र आता विधेयक आजच सभागृहात मांडलं जाणार असल्याचं विनोद तावडे यांनी स्पष्ट केलंय,मात्र आता विधेयक आजच सभागृहात मांडलं जाणार असल्याचं विनोद तावडे यांनी स्पष्ट केलंय,मात्र आता विधेयक आजच सभागृहात मांडलं जाणार असल्याचं विनोद तावडे यांनी स्पष्ट केलंय,मात्र आता विधेयक आजच सभागृहात मांडलं जाणार असल्याचं विनोद तावडे यांनी स्पष्ट केलंय,0.0,0.0,1,6.29
sample_00112,D:\marathi-asr\data\vistaar_benchmarks\kathbath\marathi\wavs\844424932330028-980-f.wav,शाळा आपल्याला भेटायला आणि आपल्या मुलाची मुलाखत हवी आहे,शाळा आपल्याला भेटायला आणि आपल्या मुलाची मुलाखत हवी आहे,शाळा आपल्याला भेटायला आणि आपल्या मुलाची मुलाखत हवी आहे,शाळा आपल्याला भेटायला आणि आपल्या मुलाची मुलाखत हवी आहे,0.0,0.0,1,4.16
sample_00113,D:\marathi-asr\data\vistaar_benchmarks\kathbath\marathi\wavs\844424931570577-236-f.wav,सहकार क्षेत्राकडे ग्रामीण तसेच कष्टकरी शेतकरी व व्यावसायिक आणि उद्योजक जोडले जातात,सहकार क्षेत्राकडे ग्रामीण तसेच कष्टकरी शेतकरी व व्यावसायिक आणि उद्योजक जोडले जातात,सहकार क्षेत्राकडे ग्रामीण तसेच कष्टकरी शेतकरी व व्यावसायिक आणि उद्योजक जोडले जातात,सहकार क्षेत्राकडे ग्रामीण तसेच कष्टकरी शेतकरी व व्यावसायिक आणि उद्योजक जोडले जातात,0.0,0.0,1,7.13
sample_00114,D:\marathi-asr\data\vistaar_benchmarks\kathbath\marathi\wavs\844424932266698-980-f.wav,चलनी नोटांप्रमाणे दिसणार्या त्या नोटा बनावट असल्याचे समोर आल्यानंतर सांगली पोलिसांनी कारवाईचा फास आवळला,चलदी नोटांप्रमाणे दिसणाऱ्या त्या नोटा बनावट असल्याचे समोर आल्यानंतर सांगली पोलिसांनी कारवाईचा फास आवडला,चलनी नोटांप्रमाणे दिसणार्या त्या नोटा बनावट असल्याचे समोर आल्यानंतर सांगली पोलिसांनी कारवाईचा फास आवळला,चलदी नोटांप्रमाणे दिसणाऱ्या त्या नोटा बनावट असल्याचे समोर आल्यानंतर सांगली पोलिसांनी कारवाईचा फास आवडला,2.91,21.43,0,8.2
sample_00115,D:\marathi-asr\data\vistaar_benchmarks\kathbath\marathi\wavs\844424932484407-573-f.wav,त्यालाच हलकं आणि छान वाटेल असं क्रिकेटरसिकांना हक्काने वाटत असे,त्यालाच हलक आणि छान वाटेल अस क्रिकेटर सिकांना हक्काने वाटत असे,त्यालाच हलकं आणि छान वाटेल असं क्रिकेटरसिकांना हक्काने वाटत असे,त्यालाच हलक आणि छान वाटेल अस क्रिकेटर सिकांना हक्काने वाटत असे,4.76,40.0,0,6.39
sample_00116,D:\marathi-asr\data\vistaar_benchmarks\kathbath\marathi\wavs\844424932262377-809-f.wav,मात्र या जमिनीच्या मोबदल्यात त्यांना केवळ ४ लाख रूपये देण्यात आले होते,मात्र या जमिनीच्या मोबदल्यात त्यांना केवळ चार लाख रुपये देण्यात आले होते,मात्र या जमिनीच्या मोबदल्यात त्यांना केवळ ४ लाख रूपये देण्यात आले होते,मात्र या जमिनीच्या मोबदल्यात त्यांना केवळ चार लाख रुपये देण्यात आले होते,5.71,16.67,0,8.38
sample_00117,D:\marathi-asr\data\vistaar_benchmarks\kathbath\marathi\wavs\844424932484359-573-f.wav,दुसर्या किंवा इतरांच्या कल्पनांचा दावा करणे हे वाड्ःमयचौर्य आहे,दुसऱ्यांच्या किंवा इतरांच्या कल्पनांचा दावा करणे हे वाढमाचर् आहे,दुसर्या किंवा इतरांच्या कल्पनांचा दावा करणे हे वाड्ःमयचौर्य आहे,दुसऱ्यांच्या किंवा इतरांच्या कल्पनांचा दावा करणे हे वाढमाचर् आहे,19.05,22.22,0,5.6
sample_00118,D:\marathi-asr\data\vistaar_benchmarks\kathbath\marathi\wavs\844424932311856-980-f.wav,तसेच कमी दाबाने पाणीपुरवठा होत असल्याने फक्त तळमजल्यावर जे राहतात त्यांनाच पाणी येते,तसेच कमी दाबाने पाणीपुरवठा होत असल्याने फक्त तळमजल्यावर जे राहतात त्यांनाच पाणी येते,तसेच कमी दाबाने पाणीपुरवठा होत असल्याने फक्त तळमजल्यावर जे राहतात त्यांनाच पाणी येते,तसेच कमी दाबाने पाणीपुरवठा होत असल्याने फक्त तळमजल्यावर जे राहतात त्यांनाच पाणी येते,0.0,0.0,1,6.78
sample_00119,D:\marathi-asr\data\vistaar_benchmarks\kathbath\marathi\wavs\844424930573363-737-f.wav,तुझी काय म्हणेल असं बेधडक उत्तर देत एलियानाने त्याची बोलती बंद केली,तुझी काय म्हणेल असं बेधडक उत्तर देत एलियानाने त्याची बोलती बंद केली,तुझी काय म्हणेल असं बेधडक उत्तर देत एलियानाने त्याची बोलती बंद केली,तुझी काय म्हणेल असं बेधडक उत्तर देत एलियानाने त्याची बोलती बंद केली,0.0,0.0,1,5.43
sample_00120,D:\marathi-asr\data\vistaar_benchmarks\kathbath\marathi\wavs\844424932330109-980-f.wav,ग्रामीण भागात तर पिकलेली करवंदे काढण्यासाठीचा आनंद काही औरच असतो,ग्रामीण भागात तर पिकलेली करवंदे काढण्यासाठीचा आनंद काही औवरच असतो,ग्रामीण भागात तर पिकलेली करवंदे काढण्यासाठीचा आनंद काही औरच असतो,ग्रामीण भागात तर पिकलेली करवंदे काढण्यासाठीचा आनंद काही औवरच असतो,1.56,10.0,0,4.81
sample_00121,D:\marathi-asr\data\vistaar_benchmarks\kathbath\marathi\wavs\844424930573315-737-f.wav,सोशल मीडिया अकाउंटला आधार कार्डाशी जोडण्याच्या खटल्याची आज सुप्रीम कोर्टात सुनावणी होणार आहे,सोशल मीडिया अकाऊंटला आधार कार्डाशी जोडण्याच्या खटल्याची आज सुप्रीम कोर्टात सुनावणी होणार आहे,सोशल मीडिया अकाउंटला आधार कार्डाशी जोडण्याच्या खटल्याची आज सुप्रीम कोर्टात सुनावणी होणार आहे,सोशल मीडिया अकाऊंटला आधार कार्डाशी जोडण्याच्या खटल्याची आज सुप्रीम कोर्टात सुनावणी होणार आहे,1.09,7.69,0,6.55
sample_00122,D:\marathi-asr\data\vistaar_benchmarks\kathbath\marathi\wavs\844424930875907-954-f.wav,चोवीस तासापेक्षा अधिक कालावधीपर्यंत त्याने कंटेनर एकाच जागेवर उभा केला,पास तासांपेक्षा अधिक कालावधीपर्यंत त्याने कंटेनर एकाच जागेवर हुभा केला,चोवीस तासापेक्षा अधिक कालावधीपर्यंत त्याने कंटेनर एकाच जागेवर उभा केला,पास तासांपेक्षा अधिक कालावधीपर्यंत त्याने कंटेनर एकाच जागेवर हुभा केला,10.0,30.0,0,5.25
sample_00123,D:\marathi-asr\data\vistaar_benchmarks\kathbath\marathi\wavs\844424931570542-236-f.wav,चेन्नई सुपर किंग्जचा कर्णधार धोनी आणि त्याचे सहकारी आयपीएलची जोरदार तयारी करत आहेत,चेन्नई सुपर किंग्जचा कर्णधार धोनी आणि त्याचे सहकारी आयपीएलची जोरदार तयारी करत आहेत,चेन्नई सुपर किंग्जचा कर्णधार धोनी आणि त्याचे सहकारी आयपीएलची जोरदार तयारी करत आहेत,चेन्नई सुपर किंग्जचा कर्णधार धोनी आणि त्याचे सहकारी आयपीएलची जोरदार तयारी करत आहेत,0.0,0.0,1,7.38
sample_00124,D:\marathi-asr\data\vistaar_benchmarks\kathbath\marathi\wavs\844424932823414-715-f.wav,परंतु याच दरम्यान एका गोविंदा पथकाने थर रचले,परंतु याच दरम्यान एका गोविंदा पथकाने रथ रचले,परंतु याच दरम्यान एका गोविंदा पथकाने थर रचले,परंतु याच दरम्यान एका गोविंदा पथकाने रथ रचले,4.55,12.5,0,4.9
sample_00125,D:\marathi-asr\data\vistaar_benchmarks\kathbath\marathi\wavs\844424932823342-715-f.wav,न्यायालयाच्या या निर्णयामुळेच मोबाईल कंपन्यांना ग्राहकांची आधारविषयक माहिती हटवावी लागेल,न्यायालयाच्या या निर्णयामुळेच मोबाईल कंपन्यांना ग्राहकांची आधारविषयक माहिती हटवावी लागेल,न्यायालयाच्या या निर्णयामुळेच मोबाईल कंपन्यांना ग्राहकांची आधारविषयक माहिती हटवावी लागेल,न्यायालयाच्या या निर्णयामुळेच मोबाईल कंपन्यांना ग्राहकांची आधारविषयक माहिती हटवावी लागेल,0.0,0.0,1,7.62
sample_00126,D:\marathi-asr\data\vistaar_benchmarks\kathbath\marathi\wavs\844424932823397-715-f.wav,न्यायालयाने हे आरक्षण वैध ठरवल्याने यशस्वी उमेदवारांना नियुक्ती देण्याचा मार्ग मोकळा झाला आहे,न्यायालयाने हे आरक्षण वैद्य ठरवल्याने यशस्वी उमेदवारांना नियुक्ती देण्याचा मार्ग मोकळा झाला आहे,न्यायालयाने हे आरक्षण वैध ठरवल्याने यशस्वी उमेदवारांना नियुक्ती देण्याचा मार्ग मोकळा झाला आहे,न्यायालयाने हे आरक्षण वैद्य ठरवल्याने यशस्वी उमेदवारांना नियुक्ती देण्याचा मार्ग मोकळा झाला आहे,3.23,7.69,0,7.2
sample_00127,D:\marathi-asr\data\vistaar_benchmarks\kathbath\marathi\wavs\844424930573359-737-f.wav,त्यामुळे या परिक्षा पुढे ढकलण्याची विनंती केंद्राला करण्यात आली आहे,त्यामुळे या परीक्षा पुढे ढकलण्याची विनंती केंद्राला करण्यात आली आहे,त्यामुळे या परिक्षा पुढे ढकलण्याची विनंती केंद्राला करण्यात आली आहे,त्यामुळे या परीक्षा पुढे ढकलण्याची विनंती केंद्राला करण्यात आली आहे,1.49,10.0,0,5.36
sample_00128,D:\marathi-asr\data\vistaar_benchmarks\kathbath\marathi\wavs\844424932330035-980-f.wav,संयुक्त राष्ट्र संघटनेने त्याला आंतरराष्ट्रीय दहशतवादी म्हणून घोषित केले आहे,संयुक्त राष्ट्र संघटनेने त्याला आंतरराष्ट्रीय दहशतवादी म्हणून घोषित केले आहे,संयुक्त राष्ट्र संघटनेने त्याला आंतरराष्ट्रीय दहशतवादी म्हणून घोषित केले आहे,संयुक्त राष्ट्र संघटनेने त्याला आंतरराष्ट्रीय दहशतवादी म्हणून घोषित केले आहे,0.0,0.0,1,5.99
sample_00129,D:\marathi-asr\data\vistaar_benchmarks\kathbath\marathi\wavs\844424932311891-980-f.wav,नालेसफाईच्या कामात भ्रष्टाचार झाल्याचा आरोप गटनेता गटनेता पेाटे यांनी केला,काळेसफाईच्या कामात भ्रष्टाचार झाल्याचा आरोप गटनेता पोटे यांनी केला,नालेसफाईच्या कामात भ्रष्टाचार झाल्याचा आरोप गटनेता गटनेता पेाटे यांनी केला,काळेसफाईच्या कामात भ्रष्टाचार झाल्याचा आरोप गटनेता पोटे यांनी केला,14.86,30.0,0,5.6
sample_00130,D:\marathi-asr\data\vistaar_benchmarks\kathbath\marathi\wavs\844424932311879-980-f.wav,परंतु विरोधी पक्षनेते उत्तम साखळकर यांनी हा ठरावच बोगस असल्याचा महासभेत गौप्यस्फोट केला,परंतु विरोधी पक्षनेते उत्तम साखळकर यांनी हा ठरावच बोगस असल्याचा महासभेत गौप्यस्फोट केला,परंतु विरोधी पक्षनेते उत्तम साखळकर यांनी हा ठरावच बोगस असल्याचा महासभेत गौप्यस्फोट केला,परंतु विरोधी पक्षनेते उत्तम साखळकर यांनी हा ठरावच बोगस असल्याचा महासभेत गौप्यस्फोट केला,0.0,0.0,1,7.5
sample_00131,D:\marathi-asr\data\vistaar_benchmarks\kathbath\marathi\wavs\844424932262390-809-f.wav,प्रियंका म्हणते अहो सचिनराव तुम्हांला पाहून काही तरी होतं,प्रियांका म्हणते अहो सचिन राव तु्हाला पाहून काहीतरी होतं,प्रियंका म्हणते अहो सचिनराव तुम्हांला पाहून काही तरी होतं,प्रियांका म्हणते अहो सचिन राव तु्हाला पाहून काहीतरी होतं,8.77,66.67,0,7.5
sample_00132,D:\marathi-asr\data\vistaar_benchmarks\kathbath\marathi\wavs\844424932372190-132-f.wav,तरतुदीएवढे काम पूर्ण केले असल्याचे कंत्राटदार सलीम शेख यांनी सांगितले,तरतुदी एवढे काम पूर्ण केले असल्याचे कंत्राटदार सलीम शेख यांनी सांगितले,तरतुदीएवढे काम पूर्ण केले असल्याचे कंत्राटदार सलीम शेख यांनी सांगितले,तरतुदी एवढे काम पूर्ण केले असल्याचे कंत्राटदार सलीम शेख यांनी सांगितले,1.45,20.0,0,5.71
sample_00133,D:\marathi-asr\data\vistaar_benchmarks\kathbath\marathi\wavs\844424930557283-737-f.wav,अशा कठीण प्रसंगात अडकलेल्या या कुटुंबाला शिवसेनेतर्फे तात्काळ मदत देण्यात आली आहे,अशा कठीण प्रसंगात अडकलेल्या या कुटुंबाला शिवसेनेतर्फे तात्काळ मदत देण्यात आली आहे,अशा कठीण प्रसंगात अडकलेल्या या कुटुंबाला शिवसेनेतर्फे तात्काळ मदत देण्यात आली आहे,अशा कठीण प्रसंगात अडकलेल्या या कुटुंबाला शिवसेनेतर्फे तात्काळ मदत देण्यात आली आहे,0.0,0.0,1,6.9
sample_00134,D:\marathi-asr\data\vistaar_benchmarks\kathbath\marathi\wavs\844424932372229-132-f.wav,इराण आणि अमेरिका यांच्यात गेल्या काही दिवसांपासून युद्धाची परिस्थिती निर्माण झाली आहे,इराण आणि अमेरिका यांच्यात गेल्या काही दिवसांपासून युद्धाची परिस्थिती निर्माण झाली आहे,इराण आणि अमेरिका यांच्यात गेल्या काही दिवसांपासून युद्धाची परिस्थिती निर्माण झाली आहे,इराण आणि अमेरिका यांच्यात गेल्या काही दिवसांपासून युद्धाची परिस्थिती निर्माण झाली आहे,0.0,0.0,1,7.24
sample_00135,D:\marathi-asr\data\vistaar_benchmarks\kathbath\marathi\wavs\844424930906966-972-f.wav,यावेळी चालकाची कधी नजर रस्त्यावर तर कधी मोबाईलवर होती,यावेळी चालकांची कधी नजर रस्त्यावर तर कधी मोबाईलवर होती,यावेळी चालकाची कधी नजर रस्त्यावर तर कधी मोबाईलवर होती,यावेळी चालकांची कधी नजर रस्त्यावर तर कधी मोबाईलवर होती,1.89,11.11,0,5.11
sample_00136,D:\marathi-asr\data\vistaar_benchmarks\kathbath\marathi\wavs\844424930834600-954-f.wav,ते तुमचे कर्तव्य आहे अधिकार आहेत अशा प्रकारचे उपदेश केले जातात,ते तुमचे कर्तव्य आहे अधिकार आहे अशे प्रकारचे उपदेश केले जातात,ते तुमचे कर्तव्य आहे अधिकार आहेत अशा प्रकारचे उपदेश केले जातात,ते तुमचे कर्तव्य आहे अधिकार आहे अशे प्रकारचे उपदेश केले जातात,3.23,18.18,0,5.32
sample_00137,D:\marathi-asr\data\vistaar_benchmarks\kathbath\marathi\wavs\844424932262440-809-f.wav,त्याने ४९ चेंडूत ३ षटकार आणि ९ चौकार मारले,त्याने एकोणपन्नास चेंडूत तीन षटकार आणि नऊ चौकार मारले,त्याने ४९ चेंडूत ३ षटकार आणि ९ चौकार मारले,त्याने एकोणपन्नास चेंडूत तीन षटकार आणि नऊ चौकार मारले,35.71,33.33,0,7.2
sample_00138,D:\marathi-asr\data\vistaar_benchmarks\kathbath\marathi\wavs\844424931130702-933-f.wav,डिलेनी उजव्या हाताने फलंदाजी करते तर उजव्या हाताने मध्यमगती गोलंदाजी करते,डिलेनी उजव्या हाताने फलंदाजी करते तर उजव्या हाताने मध्यम गती गोलंदाजी करते,डिलेनी उजव्या हाताने फलंदाजी करते तर उजव्या हाताने मध्यमगती गोलंदाजी करते,डिलेनी उजव्या हाताने फलंदाजी करते तर उजव्या हाताने मध्यम गती गोलंदाजी करते,1.37,18.18,0,5.39
sample_00139,D:\marathi-asr\data\vistaar_benchmarks\kathbath\marathi\wavs\844424930573374-737-f.wav,अशा आणीबाणीच्या प्रसंगीही वेळेवर आणि अचूक निर्णय करण्यात सामाजिक कार्यकर्त्यांचे आपत्ती व्यवस्थापन कौशल्य कामी येते,अशा आणीबाणीच्या प्रसंगीही वेळेवर आणि अचूक निर्णय करण्यात सामाजिक कार्यकर्त्यांचे आपत्तीव्यवस्थापन कौशल्य कामी येते,अशा आणीबाणीच्या प्रसंगीही वेळेवर आणि अचूक निर्णय करण्यात सामाजिक कार्यकर्त्यांचे आपत्ती व्यवस्थापन कौशल्य कामी येते,अशा आणीबाणीच्या प्रसंगीही वेळेवर आणि अचूक निर्णय करण्यात सामाजिक कार्यकर्त्यांचे आपत्तीव्यवस्थापन कौशल्य कामी येते,0.87,13.33,0,9.68
sample_00140,D:\marathi-asr\data\vistaar_benchmarks\kathbath\marathi\wavs\844424930875852-954-f.wav,लोकसभेत मंजूर झाल्यानंतर राज्यसभेत हे विधेयक बहुमताअभावी दोन वर्षे मंजुरीसाठी अडकले होते,लोकसभेत मंजूर झाल्यानंतर राज्यसभेत हे विधेयक बहुताअभावी दोन वर्ष मंजुरीसाठी अडकले होते,लोकसभेत मंजूर झाल्यानंतर राज्यसभेत हे विधेयक बहुमताअभावी दोन वर्षे मंजुरीसाठी अडकले होते,लोकसभेत मंजूर झाल्यानंतर राज्यसभेत हे विधेयक बहुताअभावी दोन वर्ष मंजुरीसाठी अडकले होते,2.27,16.67,0,8.22
sample_00141,D:\marathi-asr\data\vistaar_benchmarks\kathbath\marathi\wavs\844424932266733-980-f.wav,या बाबतीत नागरिकांनी पालिका प्रशासनाकडे तक्रार केली परंतु प्रशासनाने तात्पुरती मलपट्टी केली,याबाबतीत नागरिकांनी पालिका प्रशासनाकडे तक्रार केली परंतु प्रशासनाने तात्पुरते मलपट्टी केली,या बाबतीत नागरिकांनी पालिका प्रशासनाकडे तक्रार केली परंतु प्रशासनाने तात्पुरती मलपट्टी केली,याबाबतीत नागरिकांनी पालिका प्रशासनाकडे तक्रार केली परंतु प्रशासनाने तात्पुरते मलपट्टी केली,2.2,25.0,0,7.13
sample_00142,D:\marathi-asr\data\vistaar_benchmarks\kathbath\marathi\wavs\844424931570523-236-f.wav,यामुळे शिवसेनेने मोदी मंत्रिमंडळातून आपल्या एकमेव मंत्र्याचा राजीनामा दिला आहे,यामुळे शिवसेनेने मोदी मंत्रिमंडळातून आपल्या एकमेव मंत्र्याचा राजीनामा दिला आहे,यामुळे शिवसेनेने मोदी मंत्रिमंडळातून आपल्या एकमेव मंत्र्याचा राजीनामा दिला आहे,यामुळे शिवसेनेने मोदी मंत्रिमंडळातून आपल्या एकमेव मंत्र्याचा राजीनामा दिला आहे,0.0,0.0,1,7.66
sample_00143,D:\marathi-asr\data\vistaar_benchmarks\kathbath\marathi\wavs\844424932484397-573-f.wav,मुंबईतल्या पाच जणांचा तीन जून रोजी रत्नागिरीतील आरेवारे समुद्र किनाऱयावर बुडून मृत्यू झाला होता,मुंबईतल्या पाच जणांच तीन जून रोजी रत्नागिरीतील आरेवरे समुद्रकिनाऱ्यावर बुडून मृत्यू झाला होता,मुंबईतल्या पाच जणांचा तीन जून रोजी रत्नागिरीतील आरेवारे समुद्र किनाऱयावर बुडून मृत्यू झाला होता,मुंबईतल्या पाच जणांच तीन जून रोजी रत्नागिरीतील आरेवरे समुद्रकिनाऱ्यावर बुडून मृत्यू झाला होता,5.21,28.57,0,9.29
sample_00144,D:\marathi-asr\data\vistaar_benchmarks\kathbath\marathi\wavs\844424930868428-933-f.wav,ही पाणी गळती थांबविण्यासाठी महापालिकेकडून त्वरीत दुरुस्तीचे काम हाती घेण्यात आले,ही पाणीगर्दी थांबविण्यासाठी महापालिकेकडून त्वरित दुरुस्तीचे काम हाती घेण्यात आले,ही पाणी गळती थांबविण्यासाठी महापालिकेकडून त्वरीत दुरुस्तीचे काम हाती घेण्यात आले,ही पाणीगर्दी थांबविण्यासाठी महापालिकेकडून त्वरित दुरुस्तीचे काम हाती घेण्यात आले,6.25,27.27,0,6.71
sample_00145,D:\marathi-asr\data\vistaar_benchmarks\kathbath\marathi\wavs\844424931570537-236-f.wav,१९२५ साली हार्बर मार्गावर ४ डब्यांची चालवण्यात आलेली लोकल १२ डब्यांच्या मार्गावर आहे,एकोणीसशे पंचवीस साली हार्बर मार्गावर चार डब्यांची चालवण्यात आलेली लोकल बारा डब्यांच्या मार्गावर आहे,१९२५ साली हार्बर मार्गावर ४ डब्यांची चालवण्यात आलेली लोकल १२ डब्यांच्या मार्गावर आहे,एकोणीसशे पंचवीस साली हार्बर मार्गावर चार डब्यांची चालवण्यात आलेली लोकल बारा डब्यांच्या मार्गावर आहे,26.19,30.77,0,8.45
sample_00146,D:\marathi-asr\data\vistaar_benchmarks\kathbath\marathi\wavs\844424932311858-980-f.wav,धुळयात जिल्हाधिकारी कार्यालयाच्या आवारात खासदार हिना गावीत यांच्या गाडीची तोडफोड करण्यात आली होती,धुळ्यात जिल्हाधिकारी कार्यालयाच्या आवारात खासदार हिना गावित यांच्या गाडीची तोडफोड करण्यात आली होती,धुळयात जिल्हाधिकारी कार्यालयाच्या आवारात खासदार हिना गावीत यांच्या गाडीची तोडफोड करण्यात आली होती,धुळ्यात जिल्हाधिकारी कार्यालयाच्या आवारात खासदार हिना गावित यांच्या गाडीची तोडफोड करण्यात आली होती,2.06,15.38,0,7.73
sample_00147,D:\marathi-asr\data\vistaar_benchmarks\kathbath\marathi\wavs\844424932311876-980-f.wav,ग्रामीण भागात खेडोपाडी शिक्षण पोहचवण्यासाठी कायम स्वरूपी विनाअनुदानित शाळांची गरज होती,ग्रामीण भागात खेळोपाडी शिक्षण पोहोचवण्यासाठी कायमस्वरुपी विनाअनुदानित शाळांची गरज होती,ग्रामीण भागात खेडोपाडी शिक्षण पोहचवण्यासाठी कायम स्वरूपी विनाअनुदानित शाळांची गरज होती,ग्रामीण भागात खेळोपाडी शिक्षण पोहोचवण्यासाठी कायमस्वरुपी विनाअनुदानित शाळांची गरज होती,4.65,36.36,0,6.85
sample_00148,D:\marathi-asr\data\vistaar_benchmarks\kathbath\marathi\wavs\844424930902766-715-f.wav,तरी या आरोपींना पाहिल्याचे खोटे दूरध्वनी येणे अद्याप थांबलेले नाही,तरी या आरोपींना पहिल्याचे खोटे दूरध्वनी येणे अद्याप थांबलेले नाही,तरी या आरोपींना पाहिल्याचे खोटे दूरध्वनी येणे अद्याप थांबलेले नाही,तरी या आरोपींना पहिल्याचे खोटे दूरध्वनी येणे अद्याप थांबलेले नाही,1.52,10.0,0,5.29
sample_00149,D:\marathi-asr\data\vistaar_benchmarks\kathbath\marathi\wavs\844424931570555-236-f.wav,दिंडोरी तालुक्यातील जानोरी येथील आखरपाट वस्तीवरील शेतात शहामृग पक्षी आढळून आला,दिंडोरी तालुक्यातील जानोरी येथील आखारपाट वस्तीवरील शेतात शामरुप पक्षी आढळून आला,दिंडोरी तालुक्यातील जानोरी येथील आखरपाट वस्तीवरील शेतात शहामृग पक्षी आढळून आला,दिंडोरी तालुक्यातील जानोरी येथील आखारपाट वस्तीवरील शेतात शामरुप पक्षी आढळून आला,6.41,18.18,0,7.52
sample_00150,D:\marathi-asr\data\vistaar_benchmarks\kathbath\marathi\wavs\844424932330107-980-f.wav,आज ओबीसी महासंघाच्या नेत्यांनी आणि पदाधिकार्यांनी प्रलंबित प्रश्नांबाबत गृहमंत्री अनिल देशमुख यांची भेट घेतली,आज ओबीसी महासंघाच्या नेत्यांनी आणि पदाधिकाऱ्यांनी प्रलंबित प्रश्नाबाबत गृहमंत्री अनिल देशमुख यांची भेट घेतली,आज ओबीसी महासंघाच्या नेत्यांनी आणि पदाधिकार्यांनी प्रलंबित प्रश्नांबाबत गृहमंत्री अनिल देशमुख यांची भेट घेतली,आज ओबीसी महासंघाच्या नेत्यांनी आणि पदाधिकाऱ्यांनी प्रलंबित प्रश्नाबाबत गृहमंत्री अनिल देशमुख यांची भेट घेतली,1.83,14.29,0,8.13
sample_00151,D:\marathi-asr\data\vistaar_benchmarks\kathbath\marathi\wavs\844424932266722-980-f.wav,शेतकऱ्यांचा पाठीराखा म्हणून सरकार काम करणार असल्याची ग्वाही मुख्यमंत्री उद्धव ठाकरे यांनी दिली,शेतकऱ्यांचा पाठीराखा म्हणून सरकार काम करणार असल्याची ग्वाही मुख्यमंत्री उद्धव ठाकरे यांनी दिली,शेतकऱ्यांचा पाठीराखा म्हणून सरकार काम करणार असल्याची ग्वाही मुख्यमंत्री उद्धव ठाकरे यांनी दिली,शेतकऱ्यांचा पाठीराखा म्हणून सरकार काम करणार असल्याची ग्वाही मुख्यमंत्री उद्धव ठाकरे यांनी दिली,2.11,7.69,0,6.66
sample_00152,D:\marathi-asr\data\vistaar_benchmarks\kathbath\marathi\wavs\844424932311849-980-f.wav,दूध विक्रीचा सुद्धा व्यवसाय असल्याचे गणेश भोसलेंनी मोदींना सांगितले,दूध विक्रीचा सुद्धा व्यवसाय असल्याचे गणेश भोसलेंनी मोदींना सांगितले,दूध विक्रीचा सुद्धा व्यवसाय असल्याचे गणेश भोसलेंनी मोदींना सांगितले,दूध विक्रीचा सुद्धा व्यवसाय असल्याचे गणेश भोसलेंनी मोदींना सांगितले,0.0,0.0,1,4.99
sample_00153,D:\marathi-asr\data\vistaar_benchmarks\kathbath\marathi\wavs\844424932337117-809-f.wav,आणि मग १९८० साली औरंगाबादमध्ये उद्धवराव पाटील यांचा सत्कार झाला,आणि मग एकोणीसशे ऐंशी साली औरंगाबादमध्ये उद्धवराव पाटील यांचा सत्कार झाला,आणि मग १९८० साली औरंगाबादमध्ये उद्धवराव पाटील यांचा सत्कार झाला,आणि मग एकोणीसशे ऐंशी साली औरंगाबादमध्ये उद्धवराव पाटील यांचा सत्कार झाला,20.63,20.0,0,8.29
sample_00154,D:\marathi-asr\data\vistaar_benchmarks\kathbath\marathi\wavs\844424930906992-972-f.wav,देशाच्या केवळ पंचवीस टक्के लोकांनी तुमच्यावर विश्वास टाकला आहे हे विसरू नका,देशाच्या केवळ पंचवीस टक्के लोकांनी तुमच्यावर विश्वास टाकला आहे हे विसरू नका,देशाच्या केवळ पंचवीस टक्के लोकांनी तुमच्यावर विश्वास टाकला आहे हे विसरू नका,देशाच्या केवळ पंचवीस टक्के लोकांनी तुमच्यावर विश्वास टाकला आहे हे विसरू नका,0.0,0.0,1,6.83
sample_00155,D:\marathi-asr\data\vistaar_benchmarks\kathbath\marathi\wavs\844424932823349-715-f.wav,तिथून परतत असताना त्यांनी लिसाला शिक्षणाच्या मागे लागल्यामुळे कल्पकता कशी कमी होते ते पटवून सांगितले,तिथून परतत असताना त्यांनी लिसाला शिक्षणाच्या मागे लागल्यामुळे कल्पकता कशी कमी होते ते पटवून सांगितले,तिथून परतत असताना त्यांनी लिसाला शिक्षणाच्या मागे लागल्यामुळे कल्पकता कशी कमी होते ते पटवून सांगितले,तिथून परतत असताना त्यांनी लिसाला शिक्षणाच्या मागे लागल्यामुळे कल्पकता कशी कमी होते ते पटवून सांगितले,0.0,0.0,1,9.01
sample_00156,D:\marathi-asr\data\vistaar_benchmarks\kathbath\marathi\wavs\844424931218181-933-f.wav,मात्र रस्त्यावरील प्रचंड वाहनांमुळे सर्वच लोकांचे जीव धोक्यात आले आहेत,मात्र रस्त्यावरील प्रचंड वाहनामुळे सर्वात लोकांचे जीव धोक्यात आले आहेत,मात्र रस्त्यावरील प्रचंड वाहनांमुळे सर्वच लोकांचे जीव धोक्यात आले आहेत,मात्र रस्त्यावरील प्रचंड वाहनामुळे सर्वात लोकांचे जीव धोक्यात आले आहेत,4.29,20.0,0,6.01
sample_00157,D:\marathi-asr\data\vistaar_benchmarks\kathbath\marathi\wavs\844424930902770-715-f.wav,कोरोनाचा प्रादुर्भाव कसा टाळावा यासंबंधीची माहिती नागरिकांना नगरपरिषदेमार्फत दिली जाणार आहे,कोरोनाचा प्रादुर्भाव कसा टाळावा यासंबंधीची माहिती नागरिकांना नगरपिषदेमार्फत दिली जाणार आहे,कोरोनाचा प्रादुर्भाव कसा टाळावा यासंबंधीची माहिती नागरिकांना नगरपरिषदेमार्फत दिली जाणार आहे,कोरोनाचा प्रादुर्भाव कसा टाळावा यासंबंधीची माहिती नागरिकांना नगरपिषदेमार्फत दिली जाणार आहे,1.1,9.09,0,8.5
sample_00158,D:\marathi-asr\data\vistaar_benchmarks\kathbath\marathi\wavs\844424931130690-933-f.wav,ही महिला गर्भधारणा करू शकणार नसल्याची भीती डॉक्टरांनी व्यक्त केली,या महिला गर्भधारणा करू शकणार नसल्याची भीती डॉक्टरांनी व्यक्त केली,ही महिला गर्भधारणा करू शकणार नसल्याची भीती डॉक्टरांनी व्यक्त केली,या महिला गर्भधारणा करू शकणार नसल्याची भीती डॉक्टरांनी व्यक्त केली,3.08,10.0,0,4.64
sample_00159,D:\marathi-asr\data\vistaar_benchmarks\kathbath\marathi\wavs\844424930557267-737-f.wav,यानंतर सुरक्षादलांनी प्रत्युत्तर देताना गोळीबार सुरू केला आणि यात एकून तीन दहशतवादी ठार झाले,यानंतर सुरक्षा दलांनी प्रत्युत्तर देताना गोळीबार सुरू केला आणि यात एकूण तीन दहशतवादी ठार झाले,यानंतर सुरक्षादलांनी प्रत्युत्तर देताना गोळीबार सुरू केला आणि यात एकून तीन दहशतवादी ठार झाले,यानंतर सुरक्षा दलांनी प्रत्युत्तर देताना गोळीबार सुरू केला आणि यात एकूण तीन दहशतवादी ठार झाले,2.17,21.43,0,7.34
sample_00160,D:\marathi-asr\data\vistaar_benchmarks\kathbath\marathi\wavs\844424932823396-715-f.wav,त्यामुळं भावडांचं मोठ कुटुंब सांभाळणं कठीण जात होतं,त्यामुळे भावंडांचं मोठं कुटुंब सांभाळणं कठीण जात होतं,त्यामुळं भावडांचं मोठ कुटुंब सांभाळणं कठीण जात होतं,त्यामुळे भावंडांचं मोठं कुटुंब सांभाळणं कठीण जात होतं,5.88,37.5,0,4.6
sample_00161,D:\marathi-asr\data\vistaar_benchmarks\kathbath\marathi\wavs\844424930906940-972-f.wav,सुभाषबापूंच्या बंगल्यावरील सर्वात महत्त्वाची घडामोड म्हणजे शहर उत्तरमधील लिंगायत समाजाच्या महत्त्वाच्या कुटुंबातील अॅड,सुभाष बापूंच्या बंगल्यावरील सर्वात महत्त्वाची घडामोड म्हणजे शहर उत्तरमधील लिंगायत समाजाच्या महत्त्वाच्या कुटुंबातील ॅड,सुभाषबापूंच्या बंगल्यावरील सर्वात महत्त्वाची घडामोड म्हणजे शहर उत्तरमधील लिंगायत समाजाच्या महत्त्वाच्या कुटुंबातील अॅड,सुभाष बापूंच्या बंगल्यावरील सर्वात महत्त्वाची घडामोड म्हणजे शहर उत्तरमधील लिंगायत समाजाच्या महत्त्वाच्या कुटुंबातील ॅड,1.69,23.08,0,9.24
sample_00162,D:\marathi-asr\data\vistaar_benchmarks\kathbath\marathi\wavs\844424932266744-980-f.wav,बंगालच्या उपसागरात कमी दाबाचं क्षेत्र तयार झाल्यानं हवामानात वेगानं बदल होत आहे,बंगालच्या उपसागरात कमी दाबाचं क्षेत्र तयार झाल्यानं हवामानात वेगानं बदल होत आहे,बंगालच्या उपसागरात कमी दाबाचं क्षेत्र तयार झाल्यानं हवामानात वेगानं बदल होत आहे,बंगालच्या उपसागरात कमी दाबाचं क्षेत्र तयार झाल्यानं हवामानात वेगानं बदल होत आहे,0.0,0.0,1,6.85
sample_00163,D:\marathi-asr\data\vistaar_benchmarks\kathbath\marathi\wavs\844424930875918-954-f.wav,बांग्लादेशमधील लोकांचं सरासरी आयुर्मान ६९ वर्ष आहे,बंगाल देशमधील लोकांचं सरासरी आयुर्मान एकोणसत्तर वर्ष आहे,बांग्लादेशमधील लोकांचं सरासरी आयुर्मान ६९ वर्ष आहे,बंगाल देशमधील लोकांचं सरासरी आयुर्मान एकोणसत्तर वर्ष आहे,24.0,42.86,0,5.13
sample_00164,D:\marathi-asr\data\vistaar_benchmarks\kathbath\marathi\wavs\844424932828573-933-f.wav,ते संपूर्ण आयुष्यभर माझ्या पाठिशी खंबीरपणे उभे राहिले,ते संपूर्ण आयुष्यभर माझ्या पाठीशी खंबीरपणे उभे राहिले,ते संपूर्ण आयुष्यभर माझ्या पाठिशी खंबीरपणे उभे राहिले,ते संपूर्ण आयुष्यभर माझ्या पाठीशी खंबीरपणे उभे राहिले,1.89,12.5,0,3.9
sample_00165,D:\marathi-asr\data\vistaar_benchmarks\kathbath\marathi\wavs\844424932337168-809-f.wav,बाबा राम रहिम याला बलात्कार प्रकरणी दोषी ठरवण्यात आले आहे,बाबा राम रहीम याला बलात्कार प्रकरणी दोषी ठरवण्यात आले आहे,बाबा राम रहिम याला बलात्कार प्रकरणी दोषी ठरवण्यात आले आहे,बाबा राम रहीम याला बलात्कार प्रकरणी दोषी ठरवण्यात आले आहे,1.75,10.0,0,6.73
sample_00166,D:\marathi-asr\data\vistaar_benchmarks\kathbath\marathi\wavs\844424930868489-933-f.wav,केन नुकताच अमेरिकेच्या टेनेसीमधील नॉक्स कौंटी शहराचा मेयर अर्थात महापौर बनला आहे,केन नुकताच अमेरिकेच्या टेनिसीमधील नॉक्सकाॉंटी शहराचा मेयर अर्थात महापौर बनला आहे,केन नुकताच अमेरिकेच्या टेनेसीमधील नॉक्स कौंटी शहराचा मेयर अर्थात महापौर बनला आहे,केन नुकताच अमेरिकेच्या टेनिसीमधील नॉक्सकाॉंटी शहराचा मेयर अर्थात महापौर बनला आहे,5.0,25.0,0,8.41
sample_00167,D:\marathi-asr\data\vistaar_benchmarks\kathbath\marathi\wavs\844424932330025-980-f.wav,हरियाणातील तरूणांच्या रोजगाराच्या मुद्द्यावरून दुष्यत चौटाला यांनी आक्रमक भूमिका घेतली आहे,हरियाणातील तरुणांच्या रोजगाराच्या मुद्द्यावरून दुष्यत चौटाला यांनी आक्रमक भूमिका घेतली आहे,हरियाणातील तरूणांच्या रोजगाराच्या मुद्द्यावरून दुष्यत चौटाला यांनी आक्रमक भूमिका घेतली आहे,हरियाणातील तरुणांच्या रोजगाराच्या मुद्द्यावरून दुष्यत चौटाला यांनी आक्रमक भूमिका घेतली आहे,1.11,9.09,0,7.29
sample_00168,D:\marathi-asr\data\vistaar_benchmarks\kathbath\marathi\wavs\844424932372176-132-f.wav,राज्यात जलसंपदा खात्यासाठी १२ हजार ५९७ कोटी रुपयांची तरतूद करण्यात आली आहे,राज्यात जलसंपदा खात्यासाठी बारा हजार पाचशे सत्त्याण्णव कोटी रुपयांची तरतूद करण्यात आली आहे,राज्यात जलसंपदा खात्यासाठी १२ हजार ५९७ कोटी रुपयांची तरतूद करण्यात आली आहे,राज्यात जलसंपदा खात्यासाठी बारा हजार पाचशे सत्त्याण्णव कोटी रुपयांची तरतूद करण्यात आली आहे,28.38,25.0,0,7.34
sample_00169,D:\marathi-asr\data\vistaar_benchmarks\kathbath\marathi\wavs\844424930906951-972-f.wav,मोदी सरकारच्या पहिल्या तीन महिन्यात असं कोणतं ठोस काम दिसून पडत नाहीय,मोदी सरकारच्या पहिल्या तीन महिन्यात असं कोणतं ठोस काम दिसून पडत नाहीये,मोदी सरकारच्या पहिल्या तीन महिन्यात असं कोणतं ठोस काम दिसून पडत नाहीय,मोदी सरकारच्या पहिल्या तीन महिन्यात असं कोणतं ठोस काम दिसून पडत नाहीये,1.45,8.33,0,6.92
sample_00170,D:\marathi-asr\data\vistaar_benchmarks\kathbath\marathi\wavs\844424930573365-737-f.wav,त्यामुळे सरकारी कामकाजात अडथळा आणल्या प्रकरणी त्यांच्यावर गुन्हा दाखल करण्यात आला आहे,त्यामुळे सरकारी कामकाजात अडथळा आणल्याप्रकरणी त्यांच्यावर गुन्हा दाखल करण्यात आला आहे,त्यामुळे सरकारी कामकाजात अडथळा आणल्या प्रकरणी त्यांच्यावर गुन्हा दाखल करण्यात आला आहे,त्यामुळे सरकारी कामकाजात अडथळा आणल्याप्रकरणी त्यांच्यावर गुन्हा दाखल करण्यात आला आहे,1.18,16.67,0,6.13
sample_00171,D:\marathi-asr\data\vistaar_benchmarks\kathbath\marathi\wavs\844424931570596-236-f.wav,धनंजय मुंडेंसोबतच्या वादामुळे राष्ट्रवादीचे मोठे नेते सुरेश धस हे भाजपमध्ये दाखल झाले,धनंजय मुंडेसोबतच्या वादामुळे राष्ट्रवादीचे मोठे नेते सुरेश दस हे भाजपमध्ये दाखल झाले,धनंजय मुंडेंसोबतच्या वादामुळे राष्ट्रवादीचे मोठे नेते सुरेश धस हे भाजपमध्ये दाखल झाले,धनंजय मुंडेसोबतच्या वादामुळे राष्ट्रवादीचे मोठे नेते सुरेश दस हे भाजपमध्ये दाखल झाले,2.35,16.67,0,7.22
sample_00172,D:\marathi-asr\data\vistaar_benchmarks\kathbath\marathi\wavs\844424930834603-954-f.wav,असे मानले जाते की संकष्टी चतुर्थीला गणपतीची विधिवत पूजा केल्याने सर्व संकटांपासून मुक्ती मिळते,असे मानले जाते की संकष्टी चतुर्थीला गणपतीची विधिवत पूजा केल्याने सर्व संकटांपासून मुक्ती मिळते,असे मानले जाते की संकष्टी चतुर्थीला गणपतीची विधिवत पूजा केल्याने सर्व संकटांपासून मुक्ती मिळते,असे मानले जाते की संकष्टी चतुर्थीला गणपतीची विधिवत पूजा केल्याने सर्व संकटांपासून मुक्ती मिळते,0.0,0.0,1,8.15
sample_00173,D:\marathi-asr\data\vistaar_benchmarks\kathbath\marathi\wavs\844424930557287-737-f.wav,हा शब्द म्हणजे कॉन्लीलीने मध्य आशियातील प्रभावासाठी ब्रिटन व रशियादरम्यानच्या स्पर्धेचे वर्णन केले,हा शब्द म्हणजे कोनलीिलीने मध्य आशियातील प्रभावासाठी ब्रिटन व रशिया दरम्यानच्या स्पर्धेचे वर्णन केले,हा शब्द म्हणजे कॉन्लीलीने मध्य आशियातील प्रभावासाठी ब्रिटन व रशियादरम्यानच्या स्पर्धेचे वर्णन केले,हा शब्द म्हणजे कोनलीिलीने मध्य आशियातील प्रभावासाठी ब्रिटन व रशिया दरम्यानच्या स्पर्धेचे वर्णन केले,4.08,23.08,0,7.57
sample_00174,D:\marathi-asr\data\vistaar_benchmarks\kathbath\marathi\wavs\844424930868437-933-f.wav,तसेच या फोनमध्ये वायरलेस एफएम रेडिओ देण्यात आला आहे,तसेच या फोनमध्ये वायरलेस एफएम रेडिओ देण्यात आला आहे,तसेच या फोनमध्ये वायरलेस एफएम रेडिओ देण्यात आला आहे,तसेच या फोनमध्ये वायरलेस एफएम रेडिओ देण्यात आला आहे,0.0,0.0,1,5.11
sample_00175,D:\marathi-asr\data\vistaar_benchmarks\kathbath\marathi\wavs\844424932337142-809-f.wav,कल्याणहून आलेल्या दुरुस्ती पथकाने अर्ध्या तासाच्या प्रयत्नांनंतर रेल्वे रूळ व्यवस्थित केले,कल्याणहून आलेल्या दुरुस्ती पथकाने अर्ध्या तासाच्या प्रयत्नानंतर रेल्वे रूढ व्यवस्थित केले,कल्याणहून आलेल्या दुरुस्ती पथकाने अर्ध्या तासाच्या प्रयत्नांनंतर रेल्वे रूळ व्यवस्थित केले,कल्याणहून आलेल्या दुरुस्ती पथकाने अर्ध्या तासाच्या प्रयत्नानंतर रेल्वे रूढ व्यवस्थित केले,2.22,18.18,0,8.71
sample_00176,D:\marathi-asr\data\vistaar_benchmarks\kathbath\marathi\wavs\844424930834512-954-f.wav,गेल्या पाच वर्षात किती जणांना रोजगार दिला याची आकडेवारी त्यांनी जाहीर करावी,गेल्या पाच वर्षत किती जणांना रोजगार दिला यांची आकडेवारी त्यांना जाहीर करावी,गेल्या पाच वर्षात किती जणांना रोजगार दिला याची आकडेवारी त्यांनी जाहीर करावी,गेल्या पाच वर्षत किती जणांना रोजगार दिला यांची आकडेवारी त्यांना जाहीर करावी,4.0,25.0,0,5.94
sample_00177,D:\marathi-asr\data\vistaar_benchmarks\kathbath\marathi\wavs\844424931570511-236-f.wav,वनविभागाकडून त्याची विशेष माहिती लोकांसाठी दिली जाणे गरजेचे होते,वनविभागाकडून त्याची विशेष माहिती लोकांसाठी दिली जाणे गरजेचे होते,वनविभागाकडून त्याची विशेष माहिती लोकांसाठी दिली जाणे गरजेचे होते,वनविभागाकडून त्याची विशेष माहिती लोकांसाठी दिली जाणे गरजेचे होते,0.0,0.0,1,7.43
sample_00178,D:\marathi-asr\data\vistaar_benchmarks\kathbath\marathi\wavs\844424932372247-132-f.wav,मुलांना आईवडिलांना परदेशात नेण्याची इच्छा असली तरी पालकांची डोंबिवली सोडायची तयारी नसते,मुलांना आईवडिलांना परदेशात न्यायची इच्छा असली तरी पालकांची डोंबिवली सोडायची तयारी नसते,मुलांना आईवडिलांना परदेशात नेण्याची इच्छा असली तरी पालकांची डोंबिवली सोडायची तयारी नसते,मुलांना आईवडिलांना परदेशात न्यायची इच्छा असली तरी पालकांची डोंबिवली सोडायची तयारी नसते,3.45,8.33,0,7.64
sample_00179,D:\marathi-asr\data\vistaar_benchmarks\kathbath\marathi\wavs\844424932262388-809-f.wav,राज्यातील करोना बाधित रुग्णांची संख्या आता ५ हजारांच्या पुढं गेली आहे,राज्यातील करोना बाधित रुग्णांची संख्या आता पाच हजारांच्या पुढे गेली आहे,राज्यातील करोना बाधित रुग्णांची संख्या आता ५ हजारांच्या पुढं गेली आहे,राज्यातील करोना बाधित रुग्णांची संख्या आता पाच हजारांच्या पुढे गेली आहे,5.8,18.18,0,8.29
sample_00180,D:\marathi-asr\data\vistaar_benchmarks\kathbath\marathi\wavs\844424930868494-933-f.wav,त्रिपुरात सरकारचा गलथान कारभार चव्हाट्यावर आणल्यामुळे डावे अस्वस्थ आहेत,त्रिपुरा सरकारचा गलथान कारभार चव्हाठ्यावर आणण्यामुळेच डावे अस्वस्थ आहेत,त्रिपुरात सरकारचा गलथान कारभार चव्हाट्यावर आणल्यामुळे डावे अस्वस्थ आहेत,त्रिपुरा सरकारचा गलथान कारभार चव्हाठ्यावर आणण्यामुळेच डावे अस्वस्थ आहेत,5.63,33.33,0,6.2
sample_00181,D:\marathi-asr\data\vistaar_benchmarks\kathbath\marathi\wavs\844424932372201-132-f.wav,त्यामुळे हा प्रश्न पेटण्याची चिन्हे असून बामणोली परिसरातील गावे आक्रमक झाली आहेत,त्यामुळे हा प्रश्न पेटण्याची चिन्हे असून बमणोली परिसरातील गावे आक्रमक झाली आहेत,त्यामुळे हा प्रश्न पेटण्याची चिन्हे असून बामणोली परिसरातील गावे आक्रमक झाली आहेत,त्यामुळे हा प्रश्न पेटण्याची चिन्हे असून बमणोली परिसरातील गावे आक्रमक झाली आहेत,1.25,8.33,0,6.59
sample_00182,D:\marathi-asr\data\vistaar_benchmarks\kathbath\marathi\wavs\844424930902740-715-f.wav,कमी तीव्रतेच्या स्फोटामुळे काही कारच्या काचा फुटल्या असल्याचे सांगितले जात आहे,कमी तीव्रतेच्या स्फोटामुळे काही कारच्या काचा फुटल्या असल्याचे सांगितले जात आहे,कमी तीव्रतेच्या स्फोटामुळे काही कारच्या काचा फुटल्या असल्याचे सांगितले जात आहे,कमी तीव्रतेच्या स्फोटामुळे काही कारच्या काचा फुटल्या असल्याचे सांगितले जात आहे,0.0,0.0,1,6.85
sample_00183,D:\marathi-asr\data\vistaar_benchmarks\kathbath\marathi\wavs\844424930875884-954-f.wav,साईनाने या अंगठीचा फोटो तिच्या ट्विटर अकांउंटवरुन शेअर केला आहे,साईनाने या अंगठीचा फोटो तिच्या ट्विटर अकाउंटवरून शेअर केला आहे,साईनाने या अंगठीचा फोटो तिच्या ट्विटर अकांउंटवरुन शेअर केला आहे,साईनाने या अंगठीचा फोटो तिच्या ट्विटर अकाउंटवरून शेअर केला आहे,3.17,10.0,0,6.29
sample_00184,D:\marathi-asr\data\vistaar_benchmarks\kathbath\marathi\wavs\844424932311924-980-f.wav,या प्रवेश प्रक्रियेमुळे आर्थिक दुर्बल व मागास प्रवर्गातील असंख्य पालकांमध्ये संभ्रमावस्था निर्माण झाली होती,या प्रवेश प्रक्रियेमुळे आर्थिक दुर्बल व मागास प्रवर्गातील असंख्य पालकांमध्ये संभ्रमावस्था निर्माण झाली होती,या प्रवेश प्रक्रियेमुळे आर्थिक दुर्बल व मागास प्रवर्गातील असंख्य पालकांमध्ये संभ्रमावस्था निर्माण झाली होती,या प्रवेश प्रक्रियेमुळे आर्थिक दुर्बल व मागास प्रवर्गातील असंख्य पालकांमध्ये संभ्रमावस्था निर्माण झाली होती,0.0,0.0,1,7.45
sample_00185,D:\marathi-asr\data\vistaar_benchmarks\kathbath\marathi\wavs\844424930834601-954-f.wav,पण ग्राहकाचा आवाज संघटित नसल्याने त्याला यासंदर्भात काहीच करता येत नाही,पण ग्राहकाचा आवाज संघटित नसल्याने त्याला यासंदर्भात काहीच करता येत नाही,पण ग्राहकाचा आवाज संघटित नसल्याने त्याला यासंदर्भात काहीच करता येत नाही,पण ग्राहकाचा आवाज संघटित नसल्याने त्याला यासंदर्भात काहीच करता येत नाही,0.0,0.0,1,6.46
sample_00186,D:\marathi-asr\data\vistaar_benchmarks\kathbath\marathi\wavs\844424930868516-933-f.wav,पाकिस्तानमध्ये आज झालेल्या सार्वत्रिक निवडणुकीची मतमोजणी सुरु झाली आहे,पाकिस्तानमध्ये आज झालेल्या सार्वत्रिक निवडणुकीची मतमोजणी सुरू झाली आहे,पाकिस्तानमध्ये आज झालेल्या सार्वत्रिक निवडणुकीची मतमोजणी सुरु झाली आहे,पाकिस्तानमध्ये आज झालेल्या सार्वत्रिक निवडणुकीची मतमोजणी सुरू झाली आहे,1.43,11.11,0,5.76
sample_00187,D:\marathi-asr\data\vistaar_benchmarks\kathbath\marathi\wavs\844424930557237-737-f.wav,६ एप्रिल रोजी दादरवरून रात्री साडे नऊच्या सुमारास विरार ट्रेन पकडताना त्यांचं पाकिट चोरट्यांनी मारलं,सहा एप्रिल रोजी दादरवरून रात्री साडेनऊच्या सुमारास विराट टेन पकडताना त्यांचं पागीत चोरट्यांनी मारलं,६ एप्रिल रोजी दादरवरून रात्री साडे नऊच्या सुमारास विरार ट्रेन पकडताना त्यांचं पाकिट चोरट्यांनी मारलं,सहा एप्रिल रोजी दादरवरून रात्री साडेनऊच्या सुमारास विराट टेन पकडताना त्यांचं पागीत चोरट्यांनी मारलं,10.0,40.0,0,7.83
sample_00188,D:\marathi-asr\data\vistaar_benchmarks\kathbath\marathi\wavs\844424931570598-236-f.wav,परंतु असे वास्तव्यात काहीच चित्र नसल्याची खंत व्यक्त केली आहे,परंतु असे वास्तव्यात काहीच चित्र नसल्याची खंत व्यक्त केली आहे,परंतु असे वास्तव्यात काहीच चित्र नसल्याची खंत व्यक्त केली आहे,परंतु असे वास्तव्यात काहीच चित्र नसल्याची खंत व्यक्त केली आहे,0.0,0.0,1,5.18
sample_00189,D:\marathi-asr\data\vistaar_benchmarks\kathbath\marathi\wavs\844424930902742-715-f.wav,त्यामुळे धरणग्रस्तांवर पुन्हा आंदोलन करण्याची वेळ शासनाने आणली आहे,त्यामुळे धरणग्रस्तांवर पुन्हा आंदोलन करण्याची वेळ शासनाने आणली आहे,त्यामुळे धरणग्रस्तांवर पुन्हा आंदोलन करण्याची वेळ शासनाने आणली आहे,त्यामुळे धरणग्रस्तांवर पुन्हा आंदोलन करण्याची वेळ शासनाने आणली आहे,0.0,0.0,1,5.04
sample_00190,D:\marathi-asr\data\vistaar_benchmarks\kathbath\marathi\wavs\844424931130717-933-f.wav,यानंतर त्यांनी सर्वात आधी संगीतकार एआर रहमान यांच्याशी संपर्क साधला,त्यानंतर त्यांनी सर्वात आधी संगीतकार एआर रहमान यांच्याशी संपर्क साधला,यानंतर त्यांनी सर्वात आधी संगीतकार एआर रहमान यांच्याशी संपर्क साधला,त्यानंतर त्यांनी सर्वात आधी संगीतकार एआर रहमान यांच्याशी संपर्क साधला,2.99,10.0,0,4.6
sample_00191,D:\marathi-asr\data\vistaar_benchmarks\kathbath\marathi\wavs\844424930557263-737-f.wav,पहिल्या विचारधारेला पुढे नेणारा अधिक प्रगल्भ विचार हवा होता,पहिल्या विचारधारेला पुढे नेणारा अधिक प्रगल्प विचार हवा होता,पहिल्या विचारधारेला पुढे नेणारा अधिक प्रगल्भ विचार हवा होता,पहिल्या विचारधारेला पुढे नेणारा अधिक प्रगल्प विचार हवा होता,1.69,11.11,0,5.27
sample_00192,D:\marathi-asr\data\vistaar_benchmarks\kathbath\marathi\wavs\844424932330033-980-f.wav,त्यामुळे अखरे पालकांनी तिचा विकाससोबत विवाह करण्यास संमती दिली,त्यामुळे अखरे पालकांनी तिचा विकाससोबत विवाह करण्यास संमती दिली,त्यामुळे अखरे पालकांनी तिचा विकाससोबत विवाह करण्यास संमती दिली,त्यामुळे अखरे पालकांनी तिचा विकाससोबत विवाह करण्यास संमती दिली,0.0,0.0,1,4.6
sample_00193,D:\marathi-asr\data\vistaar_benchmarks\kathbath\marathi\wavs\844424932484403-573-f.wav,सोनिया गांधी यांना पाठवण्यात आलेल्या पत्राच्या वेळेवरून राहुल गांधी यांनी नेत्यांना सुनावले आहे,सोनिया गांधी यांना पाठवण्यात आलेल्या पत्राच्या वेळेवरून राहुल गांधी यांनी नेत्यांना सुनावले आहे,सोनिया गांधी यांना पाठवण्यात आलेल्या पत्राच्या वेळेवरून राहुल गांधी यांनी नेत्यांना सुनावले आहे,सोनिया गांधी यांना पाठवण्यात आलेल्या पत्राच्या वेळेवरून राहुल गांधी यांनी नेत्यांना सुनावले आहे,0.0,0.0,1,8.71
sample_00194,D:\marathi-asr\data\vistaar_benchmarks\kathbath\marathi\wavs\844424930868453-933-f.wav,वांद्रे न्यायालयात वकिली करत असताना अंधेरी पश्चिमेला वर्सोवा गावात एक घर त्यांनी खरेदी केले होते,वांद्रे न्यायालयात वकिली करत असताना अंधेरी पश्चिमेला वारसोवा गावात एक घर त्यांनी खरेदी केले,वांद्रे न्यायालयात वकिली करत असताना अंधेरी पश्चिमेला वर्सोवा गावात एक घर त्यांनी खरेदी केले होते,वांद्रे न्यायालयात वकिली करत असताना अंधेरी पश्चिमेला वारसोवा गावात एक घर त्यांनी खरेदी केले,7.29,13.33,0,8.08
sample_00195,D:\marathi-asr\data\vistaar_benchmarks\kathbath\marathi\wavs\844424931570527-236-f.wav,त्या दिवशीचा एक प्रसंग माझ्या मनावर कायमचा कोरला गेलेला आहे,त्या दिवशीचा एक प्रसंग माझ्या मनावर कायमचा कोरला गेलेला आहे,त्या दिवशीचा एक प्रसंग माझ्या मनावर कायमचा कोरला गेलेला आहे,त्या दिवशीचा एक प्रसंग माझ्या मनावर कायमचा कोरला गेलेला आहे,0.0,0.0,1,6.97
sample_00196,D:\marathi-asr\data\vistaar_benchmarks\kathbath\marathi\wavs\844424932266724-980-f.wav,देशात झालेल्या महिलांच्या सत्याग्रहांपैकी नागपुरातील सत्याग्रहात अत्याधिक महिलांचा सहभाग होता,देशात चाललेल्या महिलांच्या सत्याग्रहांपैकी नागपुरातील सत्याग्रहात अत्याधिक महिलांचा सहभाग होता,देशात झालेल्या महिलांच्या सत्याग्रहांपैकी नागपुरातील सत्याग्रहात अत्याधिक महिलांचा सहभाग होता,देशात चाललेल्या महिलांच्या सत्याग्रहांपैकी नागपुरातील सत्याग्रहात अत्याधिक महिलांचा सहभाग होता,2.15,10.0,0,6.34
sample_00197,D:\marathi-asr\data\vistaar_benchmarks\kathbath\marathi\wavs\844424932266671-980-f.wav,शेजारच्यांच्याच मदतीने तिने पोलीस ठाणे गाठले आणि या व्यक्तीविरोधात तक्रार दिली,शेजारच्याच्याच मदतीने तिने पोलीस ठाणे गाठले आणि या व्यक्तीविरोधात तक्रार दिली,शेजारच्यांच्याच मदतीने तिने पोलीस ठाणे गाठले आणि या व्यक्तीविरोधात तक्रार दिली,शेजारच्याच्याच मदतीने तिने पोलीस ठाणे गाठले आणि या व्यक्तीविरोधात तक्रार दिली,1.28,9.09,0,5.39
sample_00198,D:\marathi-asr\data\vistaar_benchmarks\kathbath\marathi\wavs\844424932266717-980-f.wav,आघाडीला उत्तमं यश मिळेल अशी आशाही त्यांनी व्यक्त केली,आघाडीला उत्तम यश मिळेल अशी आशाही त्यांनी व्यक्त केली,आघाडीला उत्तमं यश मिळेल अशी आशाही त्यांनी व्यक्त केली,आघाडीला उत्तम यश मिळेल अशी आशाही त्यांनी व्यक्त केली,1.89,11.11,0,4.2
sample_00199,D:\marathi-asr\data\vistaar_benchmarks\kathbath\marathi\wavs\844424930868434-933-f.wav,परंतु बागकाम व्यवसायामुळे माळी ही नवी जात वा माळी समाजाची निर्मिती झालेली असावी,परंतु बागकाम व्यवसायामुळे माळी ही नवीन जात वा माळी समाजाची निर्मिती झालेली असावी,परंतु बागकाम व्यवसायामुळे माळी ही नवी जात वा माळी समाजाची निर्मिती झालेली असावी,परंतु बागकाम व्यवसायामुळे माळी ही नवीन जात वा माळी समाजाची निर्मिती झालेली असावी,1.27,7.69,0,7.38
sample_00200,D:\marathi-asr\data\vistaar_benchmarks\kathbath\marathi\wavs\844424932372224-132-f.wav,त्यांनंतर प्रमुख नेत्यांनी जिल्हाधिकारी सूरज मांढरे यांना निवेदन दिले,त्यानंतर प्रमुख नेत्यांनी जिल्हाधिकारी सूरज मांढरे यांना निवेदन दिले,त्यांनंतर प्रमुख नेत्यांनी जिल्हाधिकारी सूरज मांढरे यांना निवेदन दिले,त्यानंतर प्रमुख नेत्यांनी जिल्हाधिकारी सूरज मांढरे यांना निवेदन दिले,1.45,11.11,0,6.08
sample_00201,D:\marathi-asr\data\vistaar_benchmarks\kathbath\marathi\wavs\844424930902749-715-f.wav,आज वैविध्यपूर्ण चायनीज खाणं पुरवणारं हे या भागातलं एकमेव चायनीज रेस्टॉरंट आहे,आज वैविध्यपूर्ण चायनीज खाणं पुरवणा्या हे या भागातलं एकमेव चायनीज रेस्टॉरंट आहे,आज वैविध्यपूर्ण चायनीज खाणं पुरवणारं हे या भागातलं एकमेव चायनीज रेस्टॉरंट आहे,आज वैविध्यपूर्ण चायनीज खाणं पुरवणा्या हे या भागातलं एकमेव चायनीज रेस्टॉरंट आहे,3.9,8.33,0,6.97
sample_00202,D:\marathi-asr\data\vistaar_benchmarks\kathbath\marathi\wavs\844424932372178-132-f.wav,इतकेच नव्हे तर या शिखर परिषदेसाठी काही अटीही अमेरिकेकडून टाकण्यात आल्या होत्या,इतकेच नव्हे तर या शिखर परिषदेसाठी काही अटीही अमेरिकेकडून टाकण्यात आल्या होत्या,इतकेच नव्हे तर या शिखर परिषदेसाठी काही अटीही अमेरिकेकडून टाकण्यात आल्या होत्या,इतकेच नव्हे तर या शिखर परिषदेसाठी काही अटीही अमेरिकेकडून टाकण्यात आल्या होत्या,0.0,0.0,1,6.36
sample_00203,D:\marathi-asr\data\vistaar_benchmarks\kathbath\marathi\wavs\844424932266678-980-f.wav,एखादेवेळी तिथल्या चराचरांना वा जंगली श्वापदांना पाण्याची गरज असावी म्हणून तू तेथे गेला असशील,एखाद्या वेळी तिथल्या चराचरांना वा जंगली शवापदांना पाण्याची गरज असावी म्हणून तू तेथे गेला असशील,एखादेवेळी तिथल्या चराचरांना वा जंगली श्वापदांना पाण्याची गरज असावी म्हणून तू तेथे गेला असशील,एखाद्या वेळी तिथल्या चराचरांना वा जंगली शवापदांना पाण्याची गरज असावी म्हणून तू तेथे गेला असशील,5.43,21.43,0,7.24
sample_00204,D:\marathi-asr\data\vistaar_benchmarks\kathbath\marathi\wavs\844424930834550-954-f.wav,त्यामुळे मला स्वतःलाच समजत नाही की त्यांना नेमकं काय म्हणायचं आहे,त्यामुळे मला स्वतःला समजत नाही की त्यांना नेमकं काय म्हणायचं आहे,त्यामुळे मला स्वतःलाच समजत नाही की त्यांना नेमकं काय म्हणायचं आहे,त्यामुळे मला स्वतःला समजत नाही की त्यांना नेमकं काय म्हणायचं आहे,1.54,9.09,0,5.25
sample_00205,D:\marathi-asr\data\vistaar_benchmarks\kathbath\marathi\wavs\844424932823410-715-f.wav,बाजाराच्या दिवशी शेतकरी व व्यापारी भाजीपाला विक्रीसाठी आणतात,बाजाराच्या दिवशी शेतकरी व व्यापारी भाजीपाला विक्रीसाठी आणतात,बाजाराच्या दिवशी शेतकरी व व्यापारी भाजीपाला विक्रीसाठी आणतात,बाजाराच्या दिवशी शेतकरी व व्यापारी भाजीपाला विक्रीसाठी आणतात,0.0,0.0,1,5.25
sample_00206,D:\marathi-asr\data\vistaar_benchmarks\kathbath\marathi\wavs\844424930573344-737-f.wav,त्यांनी लिहिलेली ही पत्रं आजच्या मुलांसाठी एक खास ठेवा आहेत,त्यांनी लिहिलेली ही पत्र आजच्या मुलांसाठी एक खास ठेबा आहेत,त्यांनी लिहिलेली ही पत्रं आजच्या मुलांसाठी एक खास ठेवा आहेत,त्यांनी लिहिलेली ही पत्र आजच्या मुलांसाठी एक खास ठेबा आहेत,3.39,20.0,0,4.48
sample_00207,D:\marathi-asr\data\vistaar_benchmarks\kathbath\marathi\wavs\844424932823348-715-f.wav,शंभर मिटर परिसरात कडक बंदोबस्त ठेवण्यात आला आहे,शंभर मीटर परिसरात कडक बंदोबस्त ठेवण्यात आला आहे,शंभर मिटर परिसरात कडक बंदोबस्त ठेवण्यात आला आहे,शंभर मीटर परिसरात कडक बंदोबस्त ठेवण्यात आला आहे,2.13,12.5,0,4.6
sample_00208,D:\marathi-asr\data\vistaar_benchmarks\kathbath\marathi\wavs\844424932823337-715-f.wav,मात्र त्या प्रकारे न झाल्याने या वेबसिरीजच्या दुसऱ्या भागाला रिलीज करण्यास उशीर होत आहे,मात्र त्याप्रकारे न झाल्याने या वेबसिरीिजच्या दुसऱ्या भागाला रिलीज करण्यास उशीर होत आहे,मात्र त्या प्रकारे न झाल्याने या वेबसिरीजच्या दुसऱ्या भागाला रिलीज करण्यास उशीर होत आहे,मात्र त्याप्रकारे न झाल्याने या वेबसिरीिजच्या दुसऱ्या भागाला रिलीज करण्यास उशीर होत आहे,4.55,28.57,0,7.15
sample_00209,D:\marathi-asr\data\vistaar_benchmarks\kathbath\marathi\wavs\844424932311863-980-f.wav,वैशाली आणि सचिन गायकवाड असे या प्राणीप्रेमी दाम्पत्याचे नाव आहे,वैशाली आणि सचिन गायकवाड असे या प्राणीप्रेमी दाां्पत्याचे नाव आहे,वैशाली आणि सचिन गायकवाड असे या प्राणीप्रेमी दाम्पत्याचे नाव आहे,वैशाली आणि सचिन गायकवाड असे या प्राणीप्रेमी दाां्पत्याचे नाव आहे,3.17,10.0,0,5.43
sample_00210,D:\marathi-asr\data\vistaar_benchmarks\kathbath\marathi\wavs\844424930906932-972-f.wav,तशी आणखी एक साहसी मोहीम मोसादने इराणमध्ये पार पाडली,तशी आणखी एक साहसी मोहीम मोसादने इराणमध्ये पार पाडली,तशी आणखी एक साहसी मोहीम मोसादने इराणमध्ये पार पाडली,तशी आणखी एक साहसी मोहीम मोसादने इराणमध्ये पार पाडली,0.0,0.0,1,6.18
sample_00211,D:\marathi-asr\data\vistaar_benchmarks\kathbath\marathi\wavs\844424932372184-132-f.wav,सध्या ४८ हजार ४३९ रुग्ण उपचाराधीन असल्याची माहिती राज्याच्या आरोग्य विभागाने दिली,सध्या अठ्ठेचाळीस हजार चारशे एकोणचाळीस रुग्ण उपचाराधीन असल्याची माहिती राज्याच्या आरोग्य विभागाने दिली,सध्या ४८ हजार ४३९ रुग्ण उपचाराधीन असल्याची माहिती राज्याच्या आरोग्य विभागाने दिली,सध्या अठ्ठेचाळीस हजार चारशे एकोणचाळीस रुग्ण उपचाराधीन असल्याची माहिती राज्याच्या आरोग्य विभागाने दिली,30.86,25.0,0,7.89
sample_00212,D:\marathi-asr\data\vistaar_benchmarks\kathbath\marathi\wavs\844424932337146-809-f.wav,तो एक रंग एक नवीन वर्षाचे सौंदर्य व्यवस्था करणे शक्य आहे,तो एक रंग एक नवीन वर्षाचे सौंदर्य व्यवस्था करणे शक्य आहे,तो एक रंग एक नवीन वर्षाचे सौंदर्य व्यवस्था करणे शक्य आहे,तो एक रंग एक नवीन वर्षाचे सौंदर्य व्यवस्था करणे शक्य आहे,0.0,0.0,1,7.01
sample_00213,D:\marathi-asr\data\vistaar_benchmarks\kathbath\marathi\wavs\844424932484435-573-f.wav,कंपनीने सफारीची पहिली युनिट दाखवण्यासाठी आपल्या पुण्यातील प्लांटमध्ये एक फ्लॅग ऑफ सेरेमनी केली होती,कंपनीने सफारीची पहिली युनिट दाखवण्यासाठी आपल्या पुण्यातील प्लांटमध्ये एक फ्लॅग ऑफ सेरेमनी केली होती,कंपनीने सफारीची पहिली युनिट दाखवण्यासाठी आपल्या पुण्यातील प्लांटमध्ये एक फ्लॅग ऑफ सेरेमनी केली होती,कंपनीने सफारीची पहिली युनिट दाखवण्यासाठी आपल्या पुण्यातील प्लांटमध्ये एक फ्लॅग ऑफ सेरेमनी केली होती,0.0,0.0,1,9.33
sample_00214,D:\marathi-asr\data\vistaar_benchmarks\kathbath\marathi\wavs\844424930834526-954-f.wav,म्हणूनच हे प्रकल्प देशभर पाहिजे तेवढय़ा प्रमाणात गतिशील झालेले नाहीत,म्हणूनच हे प्रकल्प देशभर पाहिजे तेवढ्या प्रमाणात गतिशील झालेले नाही,म्हणूनच हे प्रकल्प देशभर पाहिजे तेवढय़ा प्रमाणात गतिशील झालेले नाहीत,म्हणूनच हे प्रकल्प देशभर पाहिजे तेवढ्या प्रमाणात गतिशील झालेले नाही,4.41,20.0,0,5.46
sample_00215,D:\marathi-asr\data\vistaar_benchmarks\kathbath\marathi\wavs\844424932484360-573-f.wav,राज्यातील करोनाग्रस्तांची एकूण संख्या १ लाख ८० हजार २९८ इतकी झाली आहे,राज्यातील करोनाग्रस्तांची एकूण संख्या एक लाख असी हजार दो सो अठ्ठावन्न इतकी झाली आहे,राज्यातील करोनाग्रस्तांची एकूण संख्या १ लाख ८० हजार २९८ इतकी झाली आहे,राज्यातील करोनाग्रस्तांची एकूण संख्या एक लाख असी हजार दो सो अठ्ठावन्न इतकी झाली आहे,28.99,41.67,0,7.31
sample_00216,D:\marathi-asr\data\vistaar_benchmarks\kathbath\marathi\wavs\844424932266703-980-f.wav,या निवडणुकीत प्रियंका गांधी स्वतःच काँग्रेसकडून मुख्यमंत्रीपदाचा चेहरा असणार आहेत,या निवडणुकीत प्रियंका गांधी स्वतःच काँग्रेसकडून मुख्यमंत्रीपदाचा चेहरा असणार आहेत,या निवडणुकीत प्रियंका गांधी स्वतःच काँग्रेसकडून मुख्यमंत्रीपदाचा चेहरा असणार आहेत,या निवडणुकीत प्रियंका गांधी स्वतःच काँग्रेसकडून मुख्यमंत्रीपदाचा चेहरा असणार आहेत,0.0,0.0,1,5.78
sample_00217,D:\marathi-asr\data\vistaar_benchmarks\kathbath\marathi\wavs\844424932828539-933-f.wav,यंदा गुजरातच्या निवडणुकीत भाजपला त्याचा सढळपणे वापर करावा लागणार असे दिसते,यंदा गुजरातच्या निवडणुकीत भाजपला त्याचा सढळपणे वापर करावा लागणार असे दिसते,यंदा गुजरातच्या निवडणुकीत भाजपला त्याचा सढळपणे वापर करावा लागणार असे दिसते,यंदा गुजरातच्या निवडणुकीत भाजपला त्याचा सढळपणे वापर करावा लागणार असे दिसते,0.0,0.0,1,5.57
sample_00218,D:\marathi-asr\data\vistaar_benchmarks\kathbath\marathi\wavs\844424930557205-737-f.wav,तामिळनाडूचा विजय शंकर हा ऑस्ट्रेलियाविरुद्धच्या उर्वरीत दोन सामन्यांसाठी भारतीय संघात असेल,तामिळनाडूचा विजयशंकर हा ऑस्ट्रेलियाविरुद्धच्या उर्वरित दोन सामन्यांसाठी भारतीय संघात असेल,तामिळनाडूचा विजय शंकर हा ऑस्ट्रेलियाविरुद्धच्या उर्वरीत दोन सामन्यांसाठी भारतीय संघात असेल,तामिळनाडूचा विजयशंकर हा ऑस्ट्रेलियाविरुद्धच्या उर्वरित दोन सामन्यांसाठी भारतीय संघात असेल,2.22,27.27,0,8.06
sample_00219,D:\marathi-asr\data\vistaar_benchmarks\kathbath\marathi\wavs\844424932266686-980-f.wav,१९४६ साली सिनेसृष्टीत पदार्पण केलं तेव्हा त्यांना मराठी नीट बोलता येत नव्हतं,एकोणीसशे छेचाळीस साली सिनेसृष्टीत पदार्पण केलं तेव्हा त्यांना मराठी नीट बोलता येत नव्हतं,१९४६ साली सिनेसृष्टीत पदार्पण केलं तेव्हा त्यांना मराठी नीट बोलता येत नव्हतं,एकोणीसशे छेचाळीस साली सिनेसृष्टीत पदार्पण केलं तेव्हा त्यांना मराठी नीट बोलता येत नव्हतं,21.05,16.67,0,6.04
sample_00220,D:\marathi-asr\data\vistaar_benchmarks\kathbath\marathi\wavs\844424932266752-980-f.wav,यात टॅब किंमत आणि शैक्षणिक अभ्यासक्रम यावर रु ६२ कोटी खर्च अपेक्षित आहे,यात टॅप किंमत आणि शैक्षणिक अभ्यासक्रम यावर रुपये बासष्ट कोटी खर्च अपेक्षित आहेत,यात टॅब किंमत आणि शैक्षणिक अभ्यासक्रम यावर रु ६२ कोटी खर्च अपेक्षित आहे,यात टॅप किंमत आणि शैक्षणिक अभ्यासक्रम यावर रुपये बासष्ट कोटी खर्च अपेक्षित आहेत,15.49,30.77,0,7.5
sample_00221,D:\marathi-asr\data\vistaar_benchmarks\kathbath\marathi\wavs\844424932330090-980-f.wav,पोटची मुलगी हवी म्हणून महिलेने जावेमार्फेत तिच्या बहिणीच्या मुलीचे अपहरण केल्याची धक्कादायक घटना घडली आहे,बगची मुलगी हवी म्हणून महिलेने जावेमार्फत तिच्या बहिणीच्या मुलीचे अपहरण केल्याची धक्कादायक घटना घडली आहे,पोटची मुलगी हवी म्हणून महिलेने जावेमार्फेत तिच्या बहिणीच्या मुलीचे अपहरण केल्याची धक्कादायक घटना घडली आहे,बगची मुलगी हवी म्हणून महिलेने जावेमार्फत तिच्या बहिणीच्या मुलीचे अपहरण केल्याची धक्कादायक घटना घडली आहे,3.81,13.33,0,8.01
sample_00222,D:\marathi-asr\data\vistaar_benchmarks\kathbath\marathi\wavs\844424932484395-573-f.wav,पुणे स्फोटाबाबत केंद्रातील आणि राज्यातील सर्व एजन्सीज तपास करीत आहेत,पुणे सफोटाबाबत केंद्रातील आणि राज्यातील सर्व एजन्सीज तपास करीत आहे,पुणे स्फोटाबाबत केंद्रातील आणि राज्यातील सर्व एजन्सीज तपास करीत आहेत,पुणे सफोटाबाबत केंद्रातील आणि राज्यातील सर्व एजन्सीज तपास करीत आहे,2.94,20.0,0,6.92
sample_00223,D:\marathi-asr\data\vistaar_benchmarks\kathbath\marathi\wavs\844424931570571-236-f.wav,सर्वोच्च न्यायालयात आजपासून मराठा आरक्षण प्रकरणावर अंतिम सुनावणीला सुरुवात होती,सर्वोच्च न्यायालयात आजपासून मराठा आरक्षण प्रकरणावर अंतिम सुनावणीला सुरुवात होती,सर्वोच्च न्यायालयात आजपासून मराठा आरक्षण प्रकरणावर अंतिम सुनावणीला सुरुवात होती,सर्वोच्च न्यायालयात आजपासून मराठा आरक्षण प्रकरणावर अंतिम सुनावणीला सुरुवात होती,0.0,0.0,1,7.85
sample_00224,D:\marathi-asr\data\vistaar_benchmarks\kathbath\marathi\wavs\844424930573342-737-f.wav,पुण्यात अनेक महापालिकेच्या शाळांमध्ये शेल्टर सुरू करण्यात आली होती,पुण्यात अनेक महापालिकेच्या शाळांमध्ये शेल्टर सुरू करण्यात आली होती,पुण्यात अनेक महापालिकेच्या शाळांमध्ये शेल्टर सुरू करण्यात आली होती,पुण्यात अनेक महापालिकेच्या शाळांमध्ये शेल्टर सुरू करण्यात आली होती,0.0,0.0,1,5.13
sample_00225,D:\marathi-asr\data\vistaar_benchmarks\kathbath\marathi\wavs\844424932330098-980-f.wav,जेव्हा फॉर्म सुरू होतो तेव्हा एन्डोकॅरिझोसिसची खालील चिन्हे एका स्त्रीमध्ये नोंदवता येतात,जेव्हा फॉर्म सुरू होतो तेव्हा अॅँडोकॅरिझोसिसची खालील चिन्हे एका स्त्रीमध्ये नोंदवता येतात,जेव्हा फॉर्म सुरू होतो तेव्हा एन्डोकॅरिझोसिसची खालील चिन्हे एका स्त्रीमध्ये नोंदवता येतात,जेव्हा फॉर्म सुरू होतो तेव्हा अॅँडोकॅरिझोसिसची खालील चिन्हे एका स्त्रीमध्ये नोंदवता येतात,3.37,8.33,0,7.11
sample_00226,D:\marathi-asr\data\vistaar_benchmarks\kathbath\marathi\wavs\844424930573336-737-f.wav,निपाणी मतदारसंघात भाजपच्या विद्यमान आमदार शशिकला जोल्ले विजयी झाल्या,निपाणी मतदारसंघात भाजपच्या विद्यमान आमदार शशिकला जोल्ले विजयी झाल्या,निपाणी मतदारसंघात भाजपच्या विद्यमान आमदार शशिकला जोल्ले विजयी झाल्या,निपाणी मतदारसंघात भाजपच्या विद्यमान आमदार शशिकला जोल्ले विजयी झाल्या,0.0,0.0,1,5.69
sample_00227,D:\marathi-asr\data\vistaar_benchmarks\kathbath\marathi\wavs\844424932311941-980-f.wav,पुस्तकाची एकंदर रचना विद्यार्थामधील वैचारिक क्षमतेला आणि लॉजिकल थिंकिंगला चालना देणारी अशीच आहे,पुस्तकांची एकंदर रचना विद्यार्थ्यांमधील वैचारिक क्षमतेला आणि लॉजिकल थिंकिंगला चालना देणारी अशीच आहे,पुस्तकाची एकंदर रचना विद्यार्थामधील वैचारिक क्षमतेला आणि लॉजिकल थिंकिंगला चालना देणारी अशीच आहे,पुस्तकांची एकंदर रचना विद्यार्थ्यांमधील वैचारिक क्षमतेला आणि लॉजिकल थिंकिंगला चालना देणारी अशीच आहे,4.21,15.38,0,7.57
sample_00228,D:\marathi-asr\data\vistaar_benchmarks\kathbath\marathi\wavs\844424932823400-715-f.wav,नव्या नावाला मान्यता मिळावी याकरीता व्यवस्थापनाने पालिकेच्या शिक्षण विभागाकडे प्रस्ताव पाठवला आहे,नव्या नावाला मान्यता मिळावी याकरिता व्यवस्थापनाने पालिकेच्या शिक्षण विभागाकडे प्रस्ताव पाठवला आहे,नव्या नावाला मान्यता मिळावी याकरीता व्यवस्थापनाने पालिकेच्या शिक्षण विभागाकडे प्रस्ताव पाठवला आहे,नव्या नावाला मान्यता मिळावी याकरिता व्यवस्थापनाने पालिकेच्या शिक्षण विभागाकडे प्रस्ताव पाठवला आहे,1.03,8.33,0,8.2
sample_00229,D:\marathi-asr\data\vistaar_benchmarks\kathbath\marathi\wavs\844424930875875-954-f.wav,म्हणूनच मी त्यांचं नाव वगैरे आताच काही सांगत नाहीय,म्हणूनच मी त्यांचं नाव वगैरे आत्ताच काही सांगत नाही,म्हणूनच मी त्यांचं नाव वगैरे आताच काही सांगत नाहीय,म्हणूनच मी त्यांचं नाव वगैरे आत्ताच काही सांगत नाही,6.0,22.22,0,4.09
sample_00230,D:\marathi-asr\data\vistaar_benchmarks\kathbath\marathi\wavs\844424932311922-980-f.wav,मेरी कोम संयम सह खेळली आणि ती संधीची वाट पाहत होती,मेरी कोम संयमसह खेळली आणि ती संधीची वाट पाहत होती,मेरी कोम संयम सह खेळली आणि ती संधीची वाट पाहत होती,मेरी कोम संयमसह खेळली आणि ती संधीची वाट पाहत होती,2.0,18.18,0,3.83
sample_00231,D:\marathi-asr\data\vistaar_benchmarks\kathbath\marathi\wavs\844424930834581-954-f.wav,तत्कालीन विरोधी पक्षनेत्या सुषमा स्वराज यांनी हा मोठा घोटाळा असल्याचा आरोप केला होता,तत्कालीन विरोधी पक्षनेता सुष्मा स्वराज यांनी हा मोठा घोटाळा असल्याचा आरोप केला होता,तत्कालीन विरोधी पक्षनेत्या सुषमा स्वराज यांनी हा मोठा घोटाळा असल्याचा आरोप केला होता,तत्कालीन विरोधी पक्षनेता सुष्मा स्वराज यांनी हा मोठा घोटाळा असल्याचा आरोप केला होता,3.57,15.38,0,6.55
sample_00232,D:\marathi-asr\data\vistaar_benchmarks\kathbath\marathi\wavs\844424932330055-980-f.wav,त्यामुळे दोन महान खेळाडूंमधला अंतिम सामना बघण्याची प्रेक्षकांची संधी हुकली खरी,त्यामुळं दोन महान खेळाडूंमधला अंतिम सामना बघण्याची प्रेक्षकांची संधी हुकली खरी,त्यामुळे दोन महान खेळाडूंमधला अंतिम सामना बघण्याची प्रेक्षकांची संधी हुकली खरी,त्यामुळं दोन महान खेळाडूंमधला अंतिम सामना बघण्याची प्रेक्षकांची संधी हुकली खरी,1.28,9.09,0,6.83
sample_00233,D:\marathi-asr\data\vistaar_benchmarks\kathbath\marathi\wavs\844424932372172-132-f.wav,निरूपमांच्या नकारात्मक कार्यपद्धतीमुळे उमेदवार नियुक्ती प्रक्रिया आणि प्रचारातून बाहेर पडत असल्याचं त्यांनी म्हटलं आहे,निरुपमच्या नकारात्मक कार्यपद्धतीमुळे उमेदवार नियुक्ती प्रक्रिया आणि प्रचारातून बाहेर पडत असल्याचे त्यांनी म्हटले आहे,निरूपमांच्या नकारात्मक कार्यपद्धतीमुळे उमेदवार नियुक्ती प्रक्रिया आणि प्रचारातून बाहेर पडत असल्याचं त्यांनी म्हटलं आहे,निरुपमच्या नकारात्मक कार्यपद्धतीमुळे उमेदवार नियुक्ती प्रक्रिया आणि प्रचारातून बाहेर पडत असल्याचे त्यांनी म्हटले आहे,4.24,21.43,0,9.03
sample_00234,D:\marathi-asr\data\vistaar_benchmarks\kathbath\marathi\wavs\844424932372170-132-f.wav,गावकरी थट्टा मस्करीत एकमेकांना एकाच्या दोन करून कथा सांगतात,गावकरी थट्टामस्करीत एकमेकांना एकाच्या दोन करून कथा सांगतात,गावकरी थट्टा मस्करीत एकमेकांना एकाच्या दोन करून कथा सांगतात,गावकरी थट्टामस्करीत एकमेकांना एकाच्या दोन करून कथा सांगतात,1.69,22.22,0,5.69
sample_00235,D:\marathi-asr\data\vistaar_benchmarks\kathbath\marathi\wavs\844424930573347-737-f.wav,तुम्हाला कॅश किंवा परदेशी चलन घेऊन जाण्याची काळजी करण्याची गरज नाही,तुम्हाला कॅश किंवा परदेशी चलन घेऊन जाण्याची काळजी करण्याची गरज नाही,तुम्हाला कॅश किंवा परदेशी चलन घेऊन जाण्याची काळजी करण्याची गरज नाही,तुम्हाला कॅश किंवा परदेशी चलन घेऊन जाण्याची काळजी करण्याची गरज नाही,0.0,0.0,1,5.41
sample_00236,D:\marathi-asr\data\vistaar_benchmarks\kathbath\marathi\wavs\844424930868481-933-f.wav,त्या मुर्तीभोवती एक भला मोठा नाग वेटाळे घालून बसल्याचे खोदकाम करणाऱ्याला दिसून आले,त्या मूर्तीभोवती एक भला मोोठा नाक वेटोळे घालून बसल्याचे खोदकाम करणाऱ्याला दिसून आले,त्या मुर्तीभोवती एक भला मोठा नाग वेटाळे घालून बसल्याचे खोदकाम करणाऱ्याला दिसून आले,त्या मूर्तीभोवती एक भला मोोठा नाक वेटोळे घालून बसल्याचे खोदकाम करणाऱ्याला दिसून आले,7.23,38.46,0,6.69
sample_00237,D:\marathi-asr\data\vistaar_benchmarks\kathbath\marathi\wavs\844424930573345-737-f.wav,१६ मे रोजी संजय दत्तसह काही आरोपी टाडा न्यायालयात शरण आले होते,सोळा मे रोजी संजय दत्तसह काही आरोपी टाडा न्यायालयात शरण आले होते,१६ मे रोजी संजय दत्तसह काही आरोपी टाडा न्यायालयात शरण आले होते,सोळा मे रोजी संजय दत्तसह काही आरोपी टाडा न्यायालयात शरण आले होते,6.45,8.33,0,5.85
sample_00238,D:\marathi-asr\data\vistaar_benchmarks\kathbath\marathi\wavs\844424931570530-236-f.wav,एका मालगाडीच्या ड्रायव्हरने प्रसंगावधान राखून गाडी थांबवली आणि हा तुकडा बाजूला केला,एका मालगाडीच्या ड्रायव्हरने प्रसंगावधान राखून गाडी थांबवली आणि हा तुकडा बाजूला केला,एका मालगाडीच्या ड्रायव्हरने प्रसंगावधान राखून गाडी थांबवली आणि हा तुकडा बाजूला केला,एका मालगाडीच्या ड्रायव्हरने प्रसंगावधान राखून गाडी थांबवली आणि हा तुकडा बाजूला केला,0.0,0.0,1,7.69
sample_00239,D:\marathi-asr\data\vistaar_benchmarks\kathbath\marathi\wavs\844424931570561-236-f.wav,रात्री जागरण करणे किंवा रात्री उशिरा झोपणे हेदेखील शरीरास अपायकारक आहे,रात्री जागरण करणे किंवा रात्री उशिरा झोपणे हे देखील शरीरास अपायकारक आहे,रात्री जागरण करणे किंवा रात्री उशिरा झोपणे हेदेखील शरीरास अपायकारक आहे,रात्री जागरण करणे किंवा रात्री उशिरा झोपणे हे देखील शरीरास अपायकारक आहे,1.43,18.18,0,6.32
sample_00240,D:\marathi-asr\data\vistaar_benchmarks\kathbath\marathi\wavs\844424932330108-980-f.wav,भाजपकडून प्रज्ञासिंह यांना हिंदु चेहरा म्हणून पुढे आणण्याचा प्रयत्न सुरु आहे,भाजपकडून प्रज्ञासिंह यांना हिंदू चेहरा म्हणून पुढे आणण्याचा प्रयत्न सुरू आहे,भाजपकडून प्रज्ञासिंह यांना हिंदु चेहरा म्हणून पुढे आणण्याचा प्रयत्न सुरु आहे,भाजपकडून प्रज्ञासिंह यांना हिंदू चेहरा म्हणून पुढे आणण्याचा प्रयत्न सुरू आहे,2.63,18.18,0,5.62
sample_00241,D:\marathi-asr\data\vistaar_benchmarks\kathbath\marathi\wavs\844424932372160-132-f.wav,आतला टेम्परेचरचा नॉब थन्डीच्या दिवसात खुप हायला ठेवण्यात पोईन्ट नाही,आतला टेम्परेचरचा नॉब थंडीच्या दिवसत खूप हायला ठेवण्यात पॉईंट नाही,आतला टेम्परेचरचा नॉब थन्डीच्या दिवसात खुप हायला ठेवण्यात पोईन्ट नाही,आतला टेम्परेचरचा नॉब थंडीच्या दिवसत खूप हायला ठेवण्यात पॉईंट नाही,10.29,40.0,0,5.87
sample_00242,D:\marathi-asr\data\vistaar_benchmarks\kathbath\marathi\wavs\844424932330024-980-f.wav,आता संपूर्ण अभ्यासातील सर्वात अवघड कामाचा टप्पा सुरु झाला,आता संपूर्ण अभ्यासातील सर्वात अवघड कामाचा टप्पा सुरू झाला,आता संपूर्ण अभ्यासातील सर्वात अवघड कामाचा टप्पा सुरु झाला,आता संपूर्ण अभ्यासातील सर्वात अवघड कामाचा टप्पा सुरू झाला,1.75,11.11,0,4.57
sample_00243,D:\marathi-asr\data\vistaar_benchmarks\kathbath\marathi\wavs\844424932262452-809-f.wav,त्यानंतर सलमान खान आणि काँग्रेस अध्यक्ष राहुल यांच्या भेटीनंतरही चर्चा सुरू झाल्या,त्यानंतर सलमान खान आणि काँग्रेस अध्यक्ष राहुल यांच्या भेटीनंतरही चर्चा सुरू झाल्या,त्यानंतर सलमान खान आणि काँग्रेस अध्यक्ष राहुल यांच्या भेटीनंतरही चर्चा सुरू झाल्या,त्यानंतर सलमान खान आणि काँग्रेस अध्यक्ष राहुल यांच्या भेटीनंतरही चर्चा सुरू झाल्या,0.0,0.0,1,8.48
sample_00244,D:\marathi-asr\data\vistaar_benchmarks\kathbath\marathi\wavs\844424930557273-737-f.wav,याच निमित्ताने केंद्रीय गृहमंत्री अमित शहा सोलापूरमध्ये दाखल झाले होते,याच निमित्ताने केंद्रीय गृहमंत्री अमित शाहा सोलापूरमध्ये दाखल झाले होते,याच निमित्ताने केंद्रीय गृहमंत्री अमित शहा सोलापूरमध्ये दाखल झाले होते,याच निमित्ताने केंद्रीय गृहमंत्री अमित शाहा सोलापूरमध्ये दाखल झाले होते,1.43,10.0,0,5.39
sample_00245,D:\marathi-asr\data\vistaar_benchmarks\kathbath\marathi\wavs\844424931570572-236-f.wav,सध्या संपूर्ण देशभरात अवयवदानाबाबत लोकांमध्ये जागरूकता निर्माण करण्यात येत आहे,सध्या संपूर्ण देशभरात अवयवदानाबाबत लोकांमध्ये जागरूकता निर्माण करण्यात येत आहे,सध्या संपूर्ण देशभरात अवयवदानाबाबत लोकांमध्ये जागरूकता निर्माण करण्यात येत आहे,सध्या संपूर्ण देशभरात अवयवदानाबाबत लोकांमध्ये जागरूकता निर्माण करण्यात येत आहे,0.0,0.0,1,7.13
sample_00246,D:\marathi-asr\data\vistaar_benchmarks\kathbath\marathi\wavs\844424930875899-954-f.wav,कारण इंग्रजी ही मराठीचीच उपभाषा झाली आहे आजकाल त्यामुळे हे आवश्यक आहे,कारण इंग्रजी ही मराठीचीच उपभाषा झाली आहे आजकाल त्यामुळे हे आवश्यक आहे,कारण इंग्रजी ही मराठीचीच उपभाषा झाली आहे आजकाल त्यामुळे हे आवश्यक आहे,कारण इंग्रजी ही मराठीचीच उपभाषा झाली आहे आजकाल त्यामुळे हे आवश्यक आहे,0.0,0.0,1,6.08
sample_00247,D:\marathi-asr\data\vistaar_benchmarks\kathbath\marathi\wavs\844424930557279-737-f.wav,अभिनेता सिद्धार्थ शुक्लाच्या निधनामुळे केवळ मुंबईतच नव्हे तर संगमनगरीमध्ये सुद्धा खूपच शोककळा पसरली आहे,अभिनेता सिद्धार्थ शुक्लाच्या निधनामुळे केवळ मुंबईतच नव्हे तर संगमनगरीमध्ये सुुद्धा खूपच शोककळा पसरली आहे,अभिनेता सिद्धार्थ शुक्लाच्या निधनामुळे केवळ मुंबईतच नव्हे तर संगमनगरीमध्ये सुद्धा खूपच शोककळा पसरली आहे,अभिनेता सिद्धार्थ शुक्लाच्या निधनामुळे केवळ मुंबईतच नव्हे तर संगमनगरीमध्ये सुुद्धा खूपच शोककळा पसरली आहे,0.97,7.14,0,7.89
sample_00248,D:\marathi-asr\data\vistaar_benchmarks\kathbath\marathi\wavs\844424931570522-236-f.wav,केंद्र आणि राज्य शासनाच्या टाळेबंदी शिथिलीकरणानुसार १ जुलैपासून जिल्ह्यतील व्यवहार आणखी खुले होणे अपेक्षित होते,केंद्र आणि राज्य शासनाच्या टाळेबंदी शिथिलीकरणानुसार एक जुलैपासून जिल्ह्यातील व्यवहार आणखी खुले होणे अपेक्षित होते,केंद्र आणि राज्य शासनाच्या टाळेबंदी शिथिलीकरणानुसार १ जुलैपासून जिल्ह्यतील व्यवहार आणखी खुले होणे अपेक्षित होते,केंद्र आणि राज्य शासनाच्या टाळेबंदी शिथिलीकरणानुसार एक जुलैपासून जिल्ह्यातील व्यवहार आणखी खुले होणे अपेक्षित होते,2.7,13.33,0,10.29
sample_00249,D:\marathi-asr\data\vistaar_benchmarks\kathbath\marathi\wavs\844424930906979-972-f.wav,गेल्या महिन्याभरापासून कर्नाटक सरकारने राष्ट्रपती प्रणव मुखर्जीची वेळ घेण्यासाठी प्रयत्न चालवले होते,गेल्या महिना्याभरापासून कर्नाटक सरकारने राष्ट्रपती प्रणव मुखर्जींची वेळ घेण्यासाठी प्रयत्न चालवले होते,गेल्या महिन्याभरापासून कर्नाटक सरकारने राष्ट्रपती प्रणव मुखर्जीची वेळ घेण्यासाठी प्रयत्न चालवले होते,गेल्या महिना्याभरापासून कर्नाटक सरकारने राष्ट्रपती प्रणव मुखर्जींची वेळ घेण्यासाठी प्रयत्न चालवले होते,2.0,16.67,0,7.89
sample_00250,D:\marathi-asr\data\vistaar_benchmarks\kathbath\marathi\wavs\844424931130665-933-f.wav,देशातील अनेक धार्मिक स्थळे पर्यटनस्थळे बनल्यामुळे आज तेथील सात्त्विकता आणि चैतन्य न्यून झाले आहे,देशातील अनेक धारमीिक स्थळीपर्ंतन स्य हडल्यामुळे आज तेथे सातवी स आवि चैतन्य नून झाले आहे,देशातील अनेक धार्मिक स्थळे पर्यटनस्थळे बनल्यामुळे आज तेथील सात्त्विकता आणि चैतन्य न्यून झाले आहे,देशातील अनेक धारमीिक स्थळीपर्ंतन स्य हडल्यामुळे आज तेथे सातवी स आवि चैतन्य नून झाले आहे,25.0,64.29,0,6.83
sample_00251,D:\marathi-asr\data\vistaar_benchmarks\kathbath\marathi\wavs\844424932823361-715-f.wav,एअरटेलने त्यांच्या ग्राहकांना संभाव्य हल्ल्यापासून वाचण्यासाठी काही सुरक्षा उपाय आत्मसात करण्यास सांगितले आहे,एअरटेलने त्यांच्या ग्राहकांना संभाव्य हल्ल्यापासून वाचवण्यासाठी काही सुरक्षा उपाय आत्मसात करण्यास सांगितले आहे,एअरटेलने त्यांच्या ग्राहकांना संभाव्य हल्ल्यापासून वाचण्यासाठी काही सुरक्षा उपाय आत्मसात करण्यास सांगितले आहे,एअरटेलने त्यांच्या ग्राहकांना संभाव्य हल्ल्यापासून वाचवण्यासाठी काही सुरक्षा उपाय आत्मसात करण्यास सांगितले आहे,0.92,7.69,0,7.92
sample_00252,D:\marathi-asr\data\vistaar_benchmarks\kathbath\marathi\wavs\844424932372242-132-f.wav,मग उठून बसून घाम पुसला आणि तिथेच चुळबूळ करीत राहिल्या,मग उठून बसून घाम पुसला आणि तिथे चुळबुळ करीत राहिल्या,मग उठून बसून घाम पुसला आणि तिथेच चुळबूळ करीत राहिल्या,मग उठून बसून घाम पुसला आणि तिथे चुळबुळ करीत राहिल्या,3.77,20.0,0,5.27
sample_00253,D:\marathi-asr\data\vistaar_benchmarks\kathbath\marathi\wavs\844424930573361-737-f.wav,मॉर्निंग वॉक ला येणारे या त्रासाने फूटपाठ चा वापर न करता रस्त्यावर चालतात,मॉर्निंग वॉकला येणारे या त्रासाने फुटपाथचा वापर न करता रस्त्यावर चालतात,मॉर्निंग वॉक ला येणारे या त्रासाने फूटपाठ चा वापर न करता रस्त्यावर चालतात,मॉर्निंग वॉकला येणारे या त्रासाने फुटपाथचा वापर न करता रस्त्यावर चालतात,5.48,30.77,0,5.78
sample_00254,D:\marathi-asr\data\vistaar_benchmarks\kathbath\marathi\wavs\844424931570548-236-f.wav,रवीवारी पहाटे ५ ते ६ च्या सुमारास बाईक राईडिंग साठी त्याने घर सोडले,रविवारी पहाटे पाच ते सहाच्या सुमारास बाईक रायडिंगसाठी त्याने घर सोडले,रवीवारी पहाटे ५ ते ६ च्या सुमारास बाईक राईडिंग साठी त्याने घर सोडले,रविवारी पहाटे पाच ते सहाच्या सुमारास बाईक रायडिंगसाठी त्याने घर सोडले,13.43,46.15,0,5.97
sample_00255,D:\marathi-asr\data\vistaar_benchmarks\kathbath\marathi\wavs\844424930906993-972-f.wav,शनिवार २९ मे २०१० रोजी वयाच्या ८८ व्या वर्षी त्यांची त्याच हाॅस्पिटलमध्ये प्राणज्योत मालवली,शनिवारी एकोणतीस मे दोन हजार दहा रोजी वयाच्या अठ्ठयाऐंशीव्या वर्षी त्यांची त्याच हॉस्पिटलमध्ये प्राणज्योत मावली,शनिवार २९ मे २०१० रोजी वयाच्या ८८ व्या वर्षी त्यांची त्याच हाॅस्पिटलमध्ये प्राणज्योत मालवली,शनिवारी एकोणतीस मे दोन हजार दहा रोजी वयाच्या अठ्ठयाऐंशीव्या वर्षी त्यांची त्याच हॉस्पिटलमध्ये प्राणज्योत मावली,36.26,64.29,0,8.45
sample_00256,D:\marathi-asr\data\vistaar_benchmarks\kathbath\marathi\wavs\844424930906950-972-f.wav,अहमदाबादचे आमदार अर्जुनसिंह चौहान यांच्याकडे सर्वांत कमी संपत्ती आहे,अहमदाबादचे आमदार अर्जुनसिंह चौहान यांच्याकडे सर्वात कमी संपत्ती आहे,अहमदाबादचे आमदार अर्जुनसिंह चौहान यांच्याकडे सर्वांत कमी संपत्ती आहे,अहमदाबादचे आमदार अर्जुनसिंह चौहान यांच्याकडे सर्वात कमी संपत्ती आहे,1.47,11.11,0,6.25
sample_00257,D:\marathi-asr\data\vistaar_benchmarks\kathbath\marathi\wavs\844424931218203-933-f.wav,आरोग्यमंत्री राजेश टोपे या बंदीबाबतचा प्रस्ताव राज्य मंत्रिमंडळाच्या बैठकीत मांडण्याची शक्यता आहे,आरोग्यमंत्री राजेश टोपे या बंदीबाबतचा प्रस्ताव राज्य मंत्रिमंडळाच्या बैठकीत मांडण्याची शक्यता आहे,आरोग्यमंत्री राजेश टोपे या बंदीबाबतचा प्रस्ताव राज्य मंत्रिमंडळाच्या बैठकीत मांडण्याची शक्यता आहे,आरोग्यमंत्री राजेश टोपे या बंदीबाबतचा प्रस्ताव राज्य मंत्रिमंडळाच्या बैठकीत मांडण्याची शक्यता आहे,0.0,0.0,1,8.59
sample_00258,D:\marathi-asr\data\vistaar_benchmarks\kathbath\marathi\wavs\844424932823360-715-f.wav,आपण बँकेकडून काही मर्यादेपर्यंत कर्ज घेतल्यास त्यावर कोणतंही व्याज द्यावं लागणार नाही,आपण बँकेकडून काही मर्यादेपर्यंत कर्ज घेतल्यास त्यावर कोणतंही व्याज द्यावं लागणार नाही,आपण बँकेकडून काही मर्यादेपर्यंत कर्ज घेतल्यास त्यावर कोणतंही व्याज द्यावं लागणार नाही,आपण बँकेकडून काही मर्यादेपर्यंत कर्ज घेतल्यास त्यावर कोणतंही व्याज द्यावं लागणार नाही,0.0,0.0,1,6.85
sample_00259,D:\marathi-asr\data\vistaar_benchmarks\kathbath\marathi\wavs\844424932311895-980-f.wav,संख्येने विरोधी पक्ष कमी असला तरी अखंड महाराष्ट्रवादी जनता विरोधी पक्षांच्या पाठीमागे आहे,संख्येने विरोधी पक्ष कमी असला तरी अखंड महाराष्ट्रवादी जनता विरोधी पक्षाच्या पाठीमागे आहे,संख्येने विरोधी पक्ष कमी असला तरी अखंड महाराष्ट्रवादी जनता विरोधी पक्षांच्या पाठीमागे आहे,संख्येने विरोधी पक्ष कमी असला तरी अखंड महाराष्ट्रवादी जनता विरोधी पक्षाच्या पाठीमागे आहे,1.12,7.69,0,6.92
sample_00260,D:\marathi-asr\data\vistaar_benchmarks\kathbath\marathi\wavs\844424932266682-980-f.wav,२००६ मध्ये कंपनीने अजून ३६ नवी विमाने विकत घेतली,दोन हजार सहामध्ये कंपनीने अजून छत्तीस नवी विमाने विकत घेतली आहेत,२००६ मध्ये कंपनीने अजून ३६ नवी विमाने विकत घेतली,दोन हजार सहामध्ये कंपनीने अजून छत्तीस नवी विमाने विकत घेतली आहेत,45.83,55.56,0,4.97
sample_00261,D:\marathi-asr\data\vistaar_benchmarks\kathbath\marathi\wavs\844424932828583-933-f.wav,वाहतूक पूर्वपदावर येत असल्याचे वाहतूक पोलिसांनी सांगितले आहे,वाहतूक पूर्वपदावर येत असल्याचे वाहतूक पोलिसांनी सांगितले आहे,वाहतूक पूर्वपदावर येत असल्याचे वाहतूक पोलिसांनी सांगितले आहे,वाहतूक पूर्वपदावर येत असल्याचे वाहतूक पोलिसांनी सांगितले आहे,0.0,0.0,1,4.55
sample_00262,D:\marathi-asr\data\vistaar_benchmarks\kathbath\marathi\wavs\844424931570516-236-f.wav,ऊस भरलेली वाहने शेतात अडकण्याचा धोका असल्याने सखल भागात ऊसतोडणी रखडली आहे,ऊस भरलेली वाहने शेतात अडकण्याचा धोका असल्याने सखल भागात ऊसतोडणी रखडली आहे,ऊस भरलेली वाहने शेतात अडकण्याचा धोका असल्याने सखल भागात ऊसतोडणी रखडली आहे,ऊस भरलेली वाहने शेतात अडकण्याचा धोका असल्याने सखल भागात ऊसतोडणी रखडली आहे,0.0,0.0,1,8.29
sample_00263,D:\marathi-asr\data\vistaar_benchmarks\kathbath\marathi\wavs\844424932311878-980-f.wav,सध्या रक्तपेढीमध्ये रक्तांच्या बदली रक्त घेण्यासाठी गर्दी वाढत चालली आहे,सध्या रक्तपेढीमध्ये रक्तांच्या बदली रक्त घेण्यासाठी गर्दी वाढत चालली आहे,सध्या रक्तपेढीमध्ये रक्तांच्या बदली रक्त घेण्यासाठी गर्दी वाढत चालली आहे,सध्या रक्तपेढीमध्ये रक्तांच्या बदली रक्त घेण्यासाठी गर्दी वाढत चालली आहे,0.0,0.0,1,5.9
sample_00264,D:\marathi-asr\data\vistaar_benchmarks\kathbath\marathi\wavs\844424930557264-737-f.wav,त्या जोरावरच अनुच्छेद ३७० रद्द करण्याचा ऐतिहासिक निर्णय मोदी सरकारने घेतला,त्या जोरावरच अनुच्छेद तीनशे सत्तर रद्द करण्याचा ऐतिहासिक निर्णय मोदी सरकारने घेतला,त्या जोरावरच अनुच्छेद ३७० रद्द करण्याचा ऐतिहासिक निर्णय मोदी सरकारने घेतला,त्या जोरावरच अनुच्छेद तीनशे सत्तर रद्द करण्याचा ऐतिहासिक निर्णय मोदी सरकारने घेतला,14.86,18.18,0,6.59
sample_00265,D:\marathi-asr\data\vistaar_benchmarks\kathbath\marathi\wavs\844424932266707-980-f.wav,असं स्वच्छ झालेलं पाणी शेणमुक्त कसं करायचं याबद्दल काहीच लिहिलेलं नाही,असं स्वच्छ झालेलं पाणी शेणमुक्त कसं करायचं याबद्दल काहीच लिहिलेलं नाही,असं स्वच्छ झालेलं पाणी शेणमुक्त कसं करायचं याबद्दल काहीच लिहिलेलं नाही,असं स्वच्छ झालेलं पाणी शेणमुक्त कसं करायचं याबद्दल काहीच लिहिलेलं नाही,0.0,0.0,1,5.29
sample_00266,D:\marathi-asr\data\vistaar_benchmarks\kathbath\marathi\wavs\844424930573375-737-f.wav,वटसावित्री दिवशी सुवासिनी महिला वडाची पूजा करून आपल्या पतीच्या दीर्घायुष्यासाठी प्रार्थना करतात,वटसावित्री दिवशी सुवासिनी महिला वडाची पूजा करून आपल्या पतीच्या दीर्घायुष्यासाठी प्रार्थना करतात,वटसावित्री दिवशी सुवासिनी महिला वडाची पूजा करून आपल्या पतीच्या दीर्घायुष्यासाठी प्रार्थना करतात,वटसावित्री दिवशी सुवासिनी महिला वडाची पूजा करून आपल्या पतीच्या दीर्घायुष्यासाठी प्रार्थना करतात,0.0,0.0,1,7.8
sample_00267,D:\marathi-asr\data\vistaar_benchmarks\kathbath\marathi\wavs\844424932372179-132-f.wav,बाळाचं पहिलं दर्शन घ्यायला ती अगदी मनापासून उत्सुक होती,बाळाचं पहिलं दर्शन घ्यायला ती अगदी मनापासून उत्सुक होती,बाळाचं पहिलं दर्शन घ्यायला ती अगदी मनापासून उत्सुक होती,बाळाचं पहिलं दर्शन घ्यायला ती अगदी मनापासून उत्सुक होती,0.0,0.0,1,5.18
sample_00268,D:\marathi-asr\data\vistaar_benchmarks\kathbath\marathi\wavs\844424931130753-933-f.wav,पण तुम्हाला अंदाज आला असेल मी फ्रेंड्स कसं पाहत होतो,पण तुम्हाला अंदाज आला असेल मी फ्रेंड्स कसं पाहत होतो,पण तुम्हाला अंदाज आला असेल मी फ्रेंड्स कसं पाहत होतो,पण तुम्हाला अंदाज आला असेल मी फ्रेंड्स कसं पाहत होतो,0.0,0.0,1,3.2
sample_00269,D:\marathi-asr\data\vistaar_benchmarks\kathbath\marathi\wavs\844424931570520-236-f.wav,या मोर्चात भाजपचे लाल सिंह आणि चंद्रप्रकाश गंगा हेही समाविष्ट होते,या मोर्चात भाजपचे लालसिंह आणि चंद्रप्रकाश गंगा हेही समाविष्ट होते,या मोर्चात भाजपचे लाल सिंह आणि चंद्रप्रकाश गंगा हेही समाविष्ट होते,या मोर्चात भाजपचे लालसिंह आणि चंद्रप्रकाश गंगा हेही समाविष्ट होते,1.52,18.18,0,7.15
sample_00270,D:\marathi-asr\data\vistaar_benchmarks\kathbath\marathi\wavs\844424932372218-132-f.wav,त्यामुळे मार्केटमध्ये येणाऱ्या ग्राहकांची संख्या कमी झाली असून त्याचाही परिणाम या बाजारभावावर झाला आहे,त्यामुळे मार्केटमध्ये येणाऱ्या ग्राहकांची संख्या कमी झाली असून त्याचाही परिणाम या बाजारभाववर झाला आहे,त्यामुळे मार्केटमध्ये येणाऱ्या ग्राहकांची संख्या कमी झाली असून त्याचाही परिणाम या बाजारभावावर झाला आहे,त्यामुळे मार्केटमध्ये येणाऱ्या ग्राहकांची संख्या कमी झाली असून त्याचाही परिणाम या बाजारभाववर झाला आहे,2.91,14.29,0,8.29
sample_00271,D:\marathi-asr\data\vistaar_benchmarks\kathbath\marathi\wavs\844424932330061-980-f.wav,या डिस्काउंटद्वारे ग्राहक ४० हजार रुपयांची बचत करु शकतात,या डिस्काउंटद्वारे ग्राहक चाळीस हजार रुपयांची बचत करू शकतात,या डिस्काउंटद्वारे ग्राहक ४० हजार रुपयांची बचत करु शकतात,या डिस्काउंटद्वारे ग्राहक चाळीस हजार रुपयांची बचत करू शकतात,10.71,22.22,0,4.85
sample_00272,D:\marathi-asr\data\vistaar_benchmarks\kathbath\marathi\wavs\844424931130672-933-f.wav,तुरुंगात झालेली मैत्री एका नायजेरियन विद्यार्थ्यांला चांगलीच महागात पडली आहे,तुरुंगात झालेली मैत्री एका नायजेरियन विद्याथरात चांगलेच भागात पडली आहे,तुरुंगात झालेली मैत्री एका नायजेरियन विद्यार्थ्यांला चांगलीच महागात पडली आहे,तुरुंगात झालेली मैत्री एका नायजेरियन विद्याथरात चांगलेच भागात पडली आहे,13.16,30.0,0,4.55
sample_00273,D:\marathi-asr\data\vistaar_benchmarks\kathbath\marathi\wavs\844424932337118-809-f.wav,ह्या चित्रपटातून गौरी इंगवले ही अभिनेत्री पदार्पण करत आहे,ह्या चित्रपटातून गौरी इंगवले ही अभिनेत्री पदार्पण करत आहे,ह्या चित्रपटातून गौरी इंगवले ही अभिनेत्री पदार्पण करत आहे,ह्या चित्रपटातून गौरी इंगवले ही अभिनेत्री पदार्पण करत आहे,0.0,0.0,1,6.87
sample_00274,D:\marathi-asr\data\vistaar_benchmarks\kathbath\marathi\wavs\844424932372207-132-f.wav,कोळणींना मासेविक्रीसाठी डोक्यावर छप्पर बांधून देणे हे महापालिका प्रशासनाने कर्तव्य आहे,कोळणींना मासे विक्रीसाठी डोक्यावर छप्पर बांधून देणे हे महानगरपालिका प्रशासनाचे कर्तव्य आहे,कोळणींना मासेविक्रीसाठी डोक्यावर छप्पर बांधून देणे हे महापालिका प्रशासनाने कर्तव्य आहे,कोळणींना मासे विक्रीसाठी डोक्यावर छप्पर बांधून देणे हे महानगरपालिका प्रशासनाचे कर्तव्य आहे,5.81,36.36,0,7.59
sample_00275,D:\marathi-asr\data\vistaar_benchmarks\kathbath\marathi\wavs\844424930573343-737-f.wav,या विजयानंतर भारताचे माजी क्रिकेटपटू सुनिल गावसकर यांनी ऑस्ट्रेलियाचा कर्णधार टीम पेन याला सुनावलं आहे,या विजयानंतर भारताचे माजी क्रिकेटपटू सुनील गावसकर यांनी ऑस्ट्रेलियाचा कर्णधार टीम पेन याला सुनावलं आहे,या विजयानंतर भारताचे माजी क्रिकेटपटू सुनिल गावसकर यांनी ऑस्ट्रेलियाचा कर्णधार टीम पेन याला सुनावलं आहे,या विजयानंतर भारताचे माजी क्रिकेटपटू सुनील गावसकर यांनी ऑस्ट्रेलियाचा कर्णधार टीम पेन याला सुनावलं आहे,0.98,6.67,0,7.99
sample_00276,D:\marathi-asr\data\vistaar_benchmarks\kathbath\marathi\wavs\844424932262419-809-f.wav,कधी अफलातून कामगिरी करतात तर कधी पूर्णपणे ढेपाळून जातात,कधी अफलातून कामगिरी करतात तर कधी पूर्णपणे ढेपाळून जातात,कधी अफलातून कामगिरी करतात तर कधी पूर्णपणे ढेपाळून जातात,कधी अफलातून कामगिरी करतात तर कधी पूर्णपणे ढेपाळून जातात,0.0,0.0,1,6.76
sample_00277,D:\marathi-asr\data\vistaar_benchmarks\kathbath\marathi\wavs\844424930902747-715-f.wav,आनंदच्या चित्रांचं वैशिष्टय म्हणजे त्याने सुरुवातीपासून एकाच विषयावर चित्रं काढली आणि तो म्हणजे लहान मुलं,आनंदाच्या चित्राचं वैशिष्ट्य म्हणजे त्याने सुरुवातीपासून एकच विषयावर चित्र काढली आणि तो म्हणजे लहान मुल,आनंदच्या चित्रांचं वैशिष्टय म्हणजे त्याने सुरुवातीपासून एकाच विषयावर चित्रं काढली आणि तो म्हणजे लहान मुलं,आनंदाच्या चित्राचं वैशिष्ट्य म्हणजे त्याने सुरुवातीपासून एकच विषयावर चित्र काढली आणि तो म्हणजे लहान मुल,5.71,40.0,0,7.96
sample_00278,D:\marathi-asr\data\vistaar_benchmarks\kathbath\marathi\wavs\844424932828549-933-f.wav,दांडगे यांच्यावरील कारवाई मागे घेण्याची मागणी त्यांनी लावून धरली,दांडगे यांच्यावरील कारवाई मागे घेण्याची मागणी त्यांनी लावून धरली,दांडगे यांच्यावरील कारवाई मागे घेण्याची मागणी त्यांनी लावून धरली,दांडगे यांच्यावरील कारवाई मागे घेण्याची मागणी त्यांनी लावून धरली,0.0,0.0,1,4.95
sample_00279,D:\marathi-asr\data\vistaar_benchmarks\kathbath\marathi\wavs\844424932823385-715-f.wav,त्यावर उर्मिला मातोंडकरने सडेतोड उत्तर देत त्यांची बोलती बंद केली,त्यावर उर्मीिला मातोंड करणे सडेतोड उत्तर देत त्यांची बोलती बंद केली,त्यावर उर्मिला मातोंडकरने सडेतोड उत्तर देत त्यांची बोलती बंद केली,त्यावर उर्मीिला मातोंड करणे सडेतोड उत्तर देत त्यांची बोलती बंद केली,4.62,30.0,0,5.64
sample_00280,D:\marathi-asr\data\vistaar_benchmarks\kathbath\marathi\wavs\844424932828551-933-f.wav,तरुण भारत दिवाळा अंक ही वाचकासाठी एक मेजवानी आहे,तरुण भारत दिवाळी अंक ही वाचकासाठी एक मेजवानी आहे,तरुण भारत दिवाळा अंक ही वाचकासाठी एक मेजवानी आहे,तरुण भारत दिवाळी अंक ही वाचकासाठी एक मेजवानी आहे,2.08,11.11,0,4.53
sample_00281,D:\marathi-asr\data\vistaar_benchmarks\kathbath\marathi\wavs\844424932828536-933-f.wav,वाहनचोरी करणारी आंतरराज्यीय टोळी पकडण्यात रत्नागिरी पोलीसांना यश,वाहन चोरी करणारी आंतरराज्यय टोळी पकडण्यात रत्नागिरी पोलिसांना यश,वाहनचोरी करणारी आंतरराज्यीय टोळी पकडण्यात रत्नागिरी पोलीसांना यश,वाहन चोरी करणारी आंतरराज्यय टोळी पकडण्यात रत्नागिरी पोलिसांना यश,4.69,50.0,0,5.6
sample_00282,D:\marathi-asr\data\vistaar_benchmarks\kathbath\marathi\wavs\844424932311853-980-f.wav,वानरांसारखे भयानक चित्कार करणारा स्टाफ तैनात केला गेला मात्र त्या सर्वांना पुरून माकडे येथेच आहेत,वानरांसारखे भयानक चित्कार करणारा स्टाफ तैनात केला गेला मात्र त्या सर्वांना पुरून माकडे येथेच आहेत,वानरांसारखे भयानक चित्कार करणारा स्टाफ तैनात केला गेला मात्र त्या सर्वांना पुरून माकडे येथेच आहेत,वानरांसारखे भयानक चित्कार करणारा स्टाफ तैनात केला गेला मात्र त्या सर्वांना पुरून माकडे येथेच आहेत,0.0,0.0,1,7.92
sample_00283,D:\marathi-asr\data\vistaar_benchmarks\kathbath\marathi\wavs\844424932266721-980-f.wav,प्रत्येक संस्कृतीत संपूर्ण चिरंतन असणार्या प्रचल प्रतिनिधीचे मंडळ म्हणून वर्तुळ दिसते,प्रत्येक संस्कृतीत संपूर्ण चिरंतन असणाऱ्या प्रचार प्र्रतिनिधींचे मंडळ म्हणून वर्तूळ दिसते,प्रत्येक संस्कृतीत संपूर्ण चिरंतन असणार्या प्रचल प्रतिनिधीचे मंडळ म्हणून वर्तुळ दिसते,प्रत्येक संस्कृतीत संपूर्ण चिरंतन असणाऱ्या प्रचार प्र्रतिनिधींचे मंडळ म्हणून वर्तूळ दिसते,8.24,36.36,0,6.27
sample_00284,D:\marathi-asr\data\vistaar_benchmarks\kathbath\marathi\wavs\844424931030040-933-f.wav,हिने डेबी डझ डॅलस या सुरुवातीच्या काळातील रतिचित्रात भूमिका केली होती,हिने डेविडस डॅलस या सुरुवातीच्या काळातील रतचित्रात भूमिका केली आहे,हिने डेबी डझ डॅलस या सुरुवातीच्या काळातील रतिचित्रात भूमिका केली होती,हिने डेविडस डॅलस या सुरुवातीच्या काळातील रतचित्रात भूमिका केली आहे,13.04,36.36,0,6.39
sample_00285,D:\marathi-asr\data\vistaar_benchmarks\kathbath\marathi\wavs\844424932828567-933-f.wav,नागरिक विशेषतः विद्यार्थ्यांना पर्यावरणाची ओळख व्हावी यासाठी निसर्ग परिचय केंद्र या उद्यानात आहे,नागरिक विशेषत विद्यार्थ्यांना पर्यावरणाची ओळख व्हावी यासाठी निसर्ग परिचय केंद्र या उद्यानात आहे,नागरिक विशेषतः विद्यार्थ्यांना पर्यावरणाची ओळख व्हावी यासाठी निसर्ग परिचय केंद्र या उद्यानात आहे,नागरिक विशेषत विद्यार्थ्यांना पर्यावरणाची ओळख व्हावी यासाठी निसर्ग परिचय केंद्र या उद्यानात आहे,1.04,7.69,0,6.78
sample_00286,D:\marathi-asr\data\vistaar_benchmarks\kathbath\marathi\wavs\844424930875926-954-f.wav,मुन्रो बाद झाल्यानंतर सावध खेळणाऱ्या श्रेयस अय्यरने फटकेबाजी करायला सुरूवात केली,मुन्नोबाद झाल्यानंतर सावध खेळणाऱ्यांना श्रेयश अय्यरने फटाकेबाजी करायला सुरुवात केली,मुन्रो बाद झाल्यानंतर सावध खेळणाऱ्या श्रेयस अय्यरने फटकेबाजी करायला सुरूवात केली,मुन्नोबाद झाल्यानंतर सावध खेळणाऱ्यांना श्रेयश अय्यरने फटाकेबाजी करायला सुरुवात केली,12.35,54.55,0,6.97
sample_00287,D:\marathi-asr\data\vistaar_benchmarks\kathbath\marathi\wavs\844424932823404-715-f.wav,प्रवासातल्या वेळेचा सदुपयोग करत सागर देशमुखने दिग्दर्शकासोबत सीनचं वाचनही केलं,प्रवासातल्या वेळेचा सदुपयोग करत सागर देशमुखने दिग्दर्शकासोबत सीनचं वाचनही केलं,प्रवासातल्या वेळेचा सदुपयोग करत सागर देशमुखने दिग्दर्शकासोबत सीनचं वाचनही केलं,प्रवासातल्या वेळेचा सदुपयोग करत सागर देशमुखने दिग्दर्शकासोबत सीनचं वाचनही केलं,0.0,0.0,1,7.31
sample_00288,D:\marathi-asr\data\vistaar_benchmarks\kathbath\marathi\wavs\844424932828561-933-f.wav,तर फार मोठ्या प्रमाणात ट्रक चे सुद्धा नुकसान झाले आहे,तर फार मोठ्या प्रमाणात ट्रकचे सुद्धा नुकसान झाले आहे,तर फार मोठ्या प्रमाणात ट्रक चे सुद्धा नुकसान झाले आहे,तर फार मोठ्या प्रमाणात ट्रकचे सुद्धा नुकसान झाले आहे,1.89,20.0,0,4.27
sample_00289,D:\marathi-asr\data\vistaar_benchmarks\kathbath\marathi\wavs\844424932337207-809-f.wav,सिसली द्वीपाच्या कुशीत वसलेल्या ब्रोटेमध्ये जगातला सर्वात चांगला आणि सर्वात महाग पिस्त्याचं उत्पादन घेतलं जातं,सिस्लीद्वीपच्या कुशीत वसलेल्या ब्रोटमध्ये जगातलं सर्वात चांगलं आणि सर्वात महाग बिस्त्याचं उत्पादन घेतलं जातं,सिसली द्वीपाच्या कुशीत वसलेल्या ब्रोटेमध्ये जगातला सर्वात चांगला आणि सर्वात महाग पिस्त्याचं उत्पादन घेतलं जातं,सिस्लीद्वीपच्या कुशीत वसलेल्या ब्रोटमध्ये जगातलं सर्वात चांगलं आणि सर्वात महाग बिस्त्याचं उत्पादन घेतलं जातं,6.36,40.0,0,11.75
sample_00290,D:\marathi-asr\data\vistaar_benchmarks\kathbath\marathi\wavs\844424932828574-933-f.wav,सत्ता माणसाला बिघडवते आणि पूर्ण सत्ता सर्वनाश करते हे सत्य कधीही नाकारता येणार नाही,सत्ता माणसाला बिघडवते आणि पूर्ण सत्ता सर्वनाश करते हे सत्य कधीही नाकारता येणार नाही,सत्ता माणसाला बिघडवते आणि पूर्ण सत्ता सर्वनाश करते हे सत्य कधीही नाकारता येणार नाही,सत्ता माणसाला बिघडवते आणि पूर्ण सत्ता सर्वनाश करते हे सत्य कधीही नाकारता येणार नाही,0.0,0.0,1,7.34
sample_00291,D:\marathi-asr\data\vistaar_benchmarks\kathbath\marathi\wavs\844424930573383-737-f.wav,चंद्राशी संबंधित असलेली अनेक गूढ रहस्ये उलगडण्याचा प्रयत्न आणि तेथे तंत्रज्ञानाचे प्रयोगही केले जाण्र आहेत,चंद्रांशी संबंधित असलेली अनेक गुढ रहस्य उलगळण्याचा प्रयत्न आणि तेथे तंत्रज्ञानाचे प्रयोगही केले जात आहेत,चंद्राशी संबंधित असलेली अनेक गूढ रहस्ये उलगडण्याचा प्रयत्न आणि तेथे तंत्रज्ञानाचे प्रयोगही केले जाण्र आहेत,चंद्रांशी संबंधित असलेली अनेक गुढ रहस्य उलगळण्याचा प्रयत्न आणि तेथे तंत्रज्ञानाचे प्रयोगही केले जात आहेत,6.6,33.33,0,9.2
sample_00292,D:\marathi-asr\data\vistaar_benchmarks\kathbath\marathi\wavs\844424930557288-737-f.wav,मला मुंबईत सुरक्षित वाटतं आणि कुठलीही भीती न बाळगता हवं ते बोलता येतं,मला मुंबईत सुरक्षित वाटतं आणि कुठलीही भीतीनं बाळगता हवं ते बोलता येतं,मला मुंबईत सुरक्षित वाटतं आणि कुठलीही भीती न बाळगता हवं ते बोलता येतं,मला मुंबईत सुरक्षित वाटतं आणि कुठलीही भीतीनं बाळगता हवं ते बोलता येतं,2.9,15.38,0,5.41
sample_00293,D:\marathi-asr\data\vistaar_benchmarks\kathbath\marathi\wavs\844424931570509-236-f.wav,ह्या कैसरच्या विधानाने इंग्लडला एकूणच त्याच्या बद्दल शंका यायला सुरुवात झाली,या कैसच्या विधानाने इंग्लंडला एकूणच त्याच्याबद्दल शंका यायला सुरुवात झाली,ह्या कैसरच्या विधानाने इंग्लडला एकूणच त्याच्या बद्दल शंका यायला सुरुवात झाली,या कैसच्या विधानाने इंग्लंडला एकूणच त्याच्याबद्दल शंका यायला सुरुवात झाली,6.58,45.45,0,7.71
sample_00294,D:\marathi-asr\data\vistaar_benchmarks\kathbath\marathi\wavs\844424931570591-236-f.wav,खुद्द महेश भट्ट यांनी चित्रपटाचा पोस्टर प्रदर्शित केला आहे,खुद्द महेश भट यांनी चित्रपटाचा पोस्टर प्रदर्शित केला आहे,खुद्द महेश भट्ट यांनी चित्रपटाचा पोस्टर प्रदर्शित केला आहे,खुद्द महेश भट यांनी चित्रपटाचा पोस्टर प्रदर्शित केला आहे,3.45,11.11,0,5.43
sample_00295,D:\marathi-asr\data\vistaar_benchmarks\kathbath\marathi\wavs\844424930557215-737-f.wav,यामुळे त्यांना धीर मिळेल आणि आपण विनाकारण चिडचिड केल्याची त्यांना जाणीव होईल,यामुळे त्यांना धील मिळेल आणि आपण विनाकारण चिडचिड केल्याची त्यांना जाणीव होईल,यामुळे त्यांना धीर मिळेल आणि आपण विनाकारण चिडचिड केल्याची त्यांना जाणीव होईल,यामुळे त्यांना धील मिळेल आणि आपण विनाकारण चिडचिड केल्याची त्यांना जाणीव होईल,1.32,8.33,0,6.18
sample_00296,D:\marathi-asr\data\vistaar_benchmarks\kathbath\marathi\wavs\844424932262361-809-f.wav,याकडे जिल्हा प्रशासनाचे लक्ष वेधण्यासाठी शिवसेनेने मोठ्या खड्ड्यांमध्ये झाडे लावली,याकडे जिल्हा प्रशासनाचे लक्ष वेधण्यासाठी शिवसेनेने मोठ्या खड्ड्यामध्ये झाडी लावली,याकडे जिल्हा प्रशासनाचे लक्ष वेधण्यासाठी शिवसेनेने मोठ्या खड्ड्यांमध्ये झाडे लावली,याकडे जिल्हा प्रशासनाचे लक्ष वेधण्यासाठी शिवसेनेने मोठ्या खड्ड्यामध्ये झाडी लावली,2.44,20.0,0,9.06
sample_00297,D:\marathi-asr\data\vistaar_benchmarks\kathbath\marathi\wavs\844424932266723-980-f.wav,मराठी माणसाच्या चांगल्या तसेच कमकुवत बाजूही रणांगणामध्ये प्रकर्षानं चित्रित झालेल्या दिसतात,मराठी माणसाच्या चांगल्या तसेच कमकुवत बाजू ही रणांगणामध्ये प्रकर्षाने चित्रित झालेल्या दिसतात,मराठी माणसाच्या चांगल्या तसेच कमकुवत बाजूही रणांगणामध्ये प्रकर्षानं चित्रित झालेल्या दिसतात,मराठी माणसाच्या चांगल्या तसेच कमकुवत बाजू ही रणांगणामध्ये प्रकर्षाने चित्रित झालेल्या दिसतात,2.2,27.27,0,6.11
sample_00298,D:\marathi-asr\data\vistaar_benchmarks\kathbath\marathi\wavs\844424932823368-715-f.wav,टोल कर्मचाऱ्यांवर चाकूने हल्ला झाल्याची घटना संगमनेर तालुक्यात घडली आहे,टोल कर्मचाऱ्यांवर चाकूननेे हल्ला झाल्याची घटना संगमनेर तालुक्यात घडली आहे,टोल कर्मचाऱ्यांवर चाकूने हल्ला झाल्याची घटना संगमनेर तालुक्यात घडली आहे,टोल कर्मचाऱ्यांवर चाकूननेे हल्ला झाल्याची घटना संगमनेर तालुक्यात घडली आहे,5.56,20.0,0,5.85
sample_00299,D:\marathi-asr\data\vistaar_benchmarks\kathbath\marathi\wavs\844424930557275-737-f.wav,मनसेच्या कार्यकर्त्यांनी फेरीवाल्यांना मारहाण करण्यापूर्वी ठाणे महापालिकेच्या विरोधात आक्रमक होण्याची गरज असल्याचे त्यांनी स्पष्ट केले,मनसेच्या कार्यकर्त्यांनी फेरीवाल्यांना मारहाण करण्यापूर्वी ठाणे महापालिकेच्या विरोधात आक्रमक होण्याची गरज असल्याचे त्यांनी स्पष्ट केले,मनसेच्या कार्यकर्त्यांनी फेरीवाल्यांना मारहाण करण्यापूर्वी ठाणे महापालिकेच्या विरोधात आक्रमक होण्याची गरज असल्याचे त्यांनी स्पष्ट केले,मनसेच्या कार्यकर्त्यांनी फेरीवाल्यांना मारहाण करण्यापूर्वी ठाणे महापालिकेच्या विरोधात आक्रमक होण्याची गरज असल्याचे त्यांनी स्पष्ट केले,0.0,0.0,1,9.15
sample_00300,D:\marathi-asr\data\vistaar_benchmarks\kathbath\marathi\wavs\844424930906971-972-f.wav,तरी त्यावर त्यावेळेच्या हिंदुस्थान सरकारकडून अधिकृत प्रतिक्रिया व्यक्त झाली नाही,तरी त्यावर त्यावेळच्या हिंदुस्थान सरकारकडून अधिकृत प्रतिक्रिया व्यक्त झाली नाही,तरी त्यावर त्यावेळेच्या हिंदुस्थान सरकारकडून अधिकृत प्रतिक्रिया व्यक्त झाली नाही,तरी त्यावर त्यावेळच्या हिंदुस्थान सरकारकडून अधिकृत प्रतिक्रिया व्यक्त झाली नाही,1.25,10.0,0,6.66
sample_00301,D:\marathi-asr\data\vistaar_benchmarks\kathbath\marathi\wavs\844424931130680-933-f.wav,याप्रकरणी शहर पोलिसात अज्ञात चोरट्यावर गुन्हा नोंद करण्यात आला आहे,याप्रकरणी शहर पोलिसांात अज्ञात चोरट्यावर गुन्हा नोंद करण्यात आला आहे,याप्रकरणी शहर पोलिसात अज्ञात चोरट्यावर गुन्हा नोंद करण्यात आला आहे,याप्रकरणी शहर पोलिसांात अज्ञात चोरट्यावर गुन्हा नोंद करण्यात आला आहे,3.03,10.0,0,4.43
sample_00302,D:\marathi-asr\data\vistaar_benchmarks\kathbath\marathi\wavs\844424931570528-236-f.wav,नवीन नियमानुसार निवृत्तीच्या वेळी मिळणारा सर्व म्हणजे ६० टक्के निधी हा करमुक्त असेल,नवीन नियमानुसार निवृत्तीच्या वेळी मिळणारा सर्व म्हणजे साठ टक्के निधी हा करमुक्त असेल,नवीन नियमानुसार निवृत्तीच्या वेळी मिळणारा सर्व म्हणजे ६० टक्के निधी हा करमुक्त असेल,नवीन नियमानुसार निवृत्तीच्या वेळी मिळणारा सर्व म्हणजे साठ टक्के निधी हा करमुक्त असेल,3.61,7.69,0,8.03
sample_00303,D:\marathi-asr\data\vistaar_benchmarks\kathbath\marathi\wavs\844424930906981-972-f.wav,बाधित येणाऱ्या रुग्णांमध्ये सौम्य लक्षणे असल्याने बहुतांश रुग्ण गृह विलगीकरणात राहून उपचार घेत आहेत,बाधित येणाऱ्या रुग्णांमध्ये सौम्यलक्षणे असल्याने बहुतांश रुग्ण गृहविलगीकरणात राहून उपचार घेत आहेत,बाधित येणाऱ्या रुग्णांमध्ये सौम्य लक्षणे असल्याने बहुतांश रुग्ण गृह विलगीकरणात राहून उपचार घेत आहेत,बाधित येणाऱ्या रुग्णांमध्ये सौम्यलक्षणे असल्याने बहुतांश रुग्ण गृहविलगीकरणात राहून उपचार घेत आहेत,4.0,35.71,0,8.68
sample_00304,D:\marathi-asr\data\vistaar_benchmarks\kathbath\marathi\wavs\844424932823332-715-f.wav,मुलीच्या वडिलांच्या एका सहकाऱ्यानं पोलिसांना याबाबत खबर दिली,मुलीच्या वडिलांच्या एका सहकार्यानं पोलिसांना याबाबत खबर दिली,मुलीच्या वडिलांच्या एका सहकाऱ्यानं पोलिसांना याबाबत खबर दिली,मुलीच्या वडिलांच्या एका सहकार्यानं पोलिसांना याबाबत खबर दिली,1.64,12.5,0,5.97
sample_00305,D:\marathi-asr\data\vistaar_benchmarks\kathbath\marathi\wavs\844424932311919-980-f.wav,त्यांचा वापर करून आपल्याला तंत्रज्ञानाची क्षमता वाढवता आली तर नक्कीच फायदा होईल,त्यांचा वापर करून आपल्याला तंत्रज्ञानाची क्षमता वाढवता आली तर नक्कीच फायदा होईल,त्यांचा वापर करून आपल्याला तंत्रज्ञानाची क्षमता वाढवता आली तर नक्कीच फायदा होईल,त्यांचा वापर करून आपल्याला तंत्रज्ञानाची क्षमता वाढवता आली तर नक्कीच फायदा होईल,0.0,0.0,1,5.29
sample_00306,D:\marathi-asr\data\vistaar_benchmarks\kathbath\marathi\wavs\844424932330076-980-f.wav,बोरिवली ते ठाणे भुयारी मार्गामुळे ठाण्यातून बोरिवलीत जाण्यासाठी कमी वेळ लागेल असं सांगण्यात येत आहे,बोरीिवली ते ठाणे भुयारी मार्गामुळे ठाण्यातून बोरीिवलीत जाण्यासाठी कमी वेळ लागेल असं सांगण्यात येत आहे,बोरिवली ते ठाणे भुयारी मार्गामुळे ठाण्यातून बोरिवलीत जाण्यासाठी कमी वेळ लागेल असं सांगण्यात येत आहे,बोरीिवली ते ठाणे भुयारी मार्गामुळे ठाण्यातून बोरीिवलीत जाण्यासाठी कमी वेळ लागेल असं सांगण्यात येत आहे,2.02,13.33,0,7.43
sample_00307,D:\marathi-asr\data\vistaar_benchmarks\kathbath\marathi\wavs\844424932484386-573-f.wav,ऑस्ट्रेलियामध्ये जबरदस्त खेळ करणाऱे रोहित शर्मा आणि शिखर धवन सध्या फॉर्मात आहेत,ऑस्ट्रेलियामध्ये जबरदस्त खेळ करणारे रोहित शर्मा आणि शिखर धवन संध्या फारमात आहेत,ऑस्ट्रेलियामध्ये जबरदस्त खेळ करणाऱे रोहित शर्मा आणि शिखर धवन सध्या फॉर्मात आहेत,ऑस्ट्रेलियामध्ये जबरदस्त खेळ करणारे रोहित शर्मा आणि शिखर धवन संध्या फारमात आहेत,5.0,25.0,0,7.73
sample_00308,D:\marathi-asr\data\vistaar_benchmarks\kathbath\marathi\wavs\844424930875840-954-f.wav,काही दिवसांपूर्वी सतीश अरोडा यांनी निर्भया दिल्ली प्रकरणातील आरोपींना डेथ वॉरंट जारी केले होते,काही दिवसांपूर्वी शतीश अरोडा यांना निर्भया दिल्ली प्रकरणातील आरोपींना डेथ वॉरंट जारी केले होते,काही दिवसांपूर्वी सतीश अरोडा यांनी निर्भया दिल्ली प्रकरणातील आरोपींना डेथ वॉरंट जारी केले होते,काही दिवसांपूर्वी शतीश अरोडा यांना निर्भया दिल्ली प्रकरणातील आरोपींना डेथ वॉरंट जारी केले होते,2.13,14.29,0,8.92
sample_00309,D:\marathi-asr\data\vistaar_benchmarks\kathbath\marathi\wavs\844424930557227-737-f.wav,पण सध्याच्या शोध काढूण पर्याय सर्वोत्तम म्हणून ओळखले होते,पण सध्याच्या शोध काढून पर्या सर्वोत्तम म्हणून ओळखले होते,पण सध्याच्या शोध काढूण पर्याय सर्वोत्तम म्हणून ओळखले होते,पण सध्याच्या शोध काढून पर्या सर्वोत्तम म्हणून ओळखले होते,3.51,22.22,0,5.13
sample_00310,D:\marathi-asr\data\vistaar_benchmarks\kathbath\marathi\wavs\844424932266706-980-f.wav,मध्य प्रदेशाच्या सातपुडा पर्वतरांगातून येणारी तापी नदी मेळघाटातून जाते,मध्य प्रदेशाच्या सातपुडा पर्वतरांगांतून येणारी तापी नदी मेळघाटातून जाते,मध्य प्रदेशाच्या सातपुडा पर्वतरांगातून येणारी तापी नदी मेळघाटातून जाते,मध्य प्रदेशाच्या सातपुडा पर्वतरांगांतून येणारी तापी नदी मेळघाटातून जाते,1.43,11.11,0,5.67
sample_00311,D:\marathi-asr\data\vistaar_benchmarks\kathbath\marathi\wavs\844424932306064-980-f.wav,तिकडे पश्चिम बंगालच्या मुख्यमंत्री ममता बॅनर्जी यांनाही सौम्य हिंदुत्वाचा ठसका लागला आहे,तकडे पश्चिम बंगालच्या मुख्यमंत्री ममता बॅनर्जी यांनाही सौम्य हिंदुत्वाचा ठसका लागला आहे,तिकडे पश्चिम बंगालच्या मुख्यमंत्री ममता बॅनर्जी यांनाही सौम्य हिंदुत्वाचा ठसका लागला आहे,तकडे पश्चिम बंगालच्या मुख्यमंत्री ममता बॅनर्जी यांनाही सौम्य हिंदुत्वाचा ठसका लागला आहे,1.14,8.33,0,6.76
sample_00312,D:\marathi-asr\data\vistaar_benchmarks\kathbath\marathi\wavs\844424932330027-980-f.wav,सभेला उपस्थित राहण्यासाठी पहाटेपासूनच सभासदांनी प्रवेशद्वारावर रांगा लावल्या होत्या,सभेला उपस्थित राहण्यासाठी पहाटेपासूनच सभासदांनी प्रवेशद्वारावर रांगा लावल्या होत्या,सभेला उपस्थित राहण्यासाठी पहाटेपासूनच सभासदांनी प्रवेशद्वारावर रांगा लावल्या होत्या,सभेला उपस्थित राहण्यासाठी पहाटेपासूनच सभासदांनी प्रवेशद्वारावर रांगा लावल्या होत्या,0.0,0.0,1,6.57
sample_00313,D:\marathi-asr\data\vistaar_benchmarks\kathbath\marathi\wavs\844424932828575-933-f.wav,हा दावा फॅक्ट क्रेसेंडोच्या पडताळणी असत्य सिध्द झाला आहे,हा दावा फॅक्ट क्रेसेडोच्या परताणी असत्य सिद्ध झालं आहे,हा दावा फॅक्ट क्रेसेंडोच्या पडताळणी असत्य सिध्द झाला आहे,हा दावा फॅक्ट क्रेसेडोच्या परताणी असत्य सिद्ध झालं आहे,10.71,44.44,0,5.39
sample_00314,D:\marathi-asr\data\vistaar_benchmarks\kathbath\marathi\wavs\844424932484451-573-f.wav,आघाडी धर्माचे पालन करत सरकार चालविणे म्हणजे हलाहल पचविणे,आधाडी धर्माचे पालन करत सरकार चालविणे म्हणजे हलाहल पचविणे,आघाडी धर्माचे पालन करत सरकार चालविणे म्हणजे हलाहल पचविणे,आधाडी धर्माचे पालन करत सरकार चालविणे म्हणजे हलाहल पचविणे,1.79,11.11,0,6.78
sample_00315,D:\marathi-asr\data\vistaar_benchmarks\kathbath\marathi\wavs\844424932484402-573-f.wav,झकरबर्ग यांच्या लीक झालेल्या फोननंबरचा एक स्क्रीनशॉट व्हायरल झाला होता,झकरबर्ग यांच्या लीक झालेल्या नंबरांचा एक स्क्रीनशॉट व्हायरल झाला होता,झकरबर्ग यांच्या लीक झालेल्या फोननंबरचा एक स्क्रीनशॉट व्हायरल झाला होता,झकरबर्ग यांच्या लीक झालेल्या नंबरांचा एक स्क्रीनशॉट व्हायरल झाला होता,7.14,10.0,0,6.64
sample_00316,D:\marathi-asr\data\vistaar_benchmarks\kathbath\marathi\wavs\844424932330089-980-f.wav,नौका कंपनीच्या प्रवक्त्यांनी चालकदलाचे सर्व सदस्य सुखरुप असल्याचे स्पष्ट केले,नौका कंपनीच्या प्रवक्त्यांनी चालक दलाचे सर्व सदस्य सुखरूप असल्याचे स्पष्ट केले,नौका कंपनीच्या प्रवक्त्यांनी चालकदलाचे सर्व सदस्य सुखरुप असल्याचे स्पष्ट केले,नौका कंपनीच्या प्रवक्त्यांनी चालक दलाचे सर्व सदस्य सुखरूप असल्याचे स्पष्ट केले,2.6,30.0,0,6.15
sample_00317,D:\marathi-asr\data\vistaar_benchmarks\kathbath\marathi\wavs\844424931218238-933-f.wav,पिक विमा कंपन्यांनी शेतकऱ्यांकडून विमा हप्ता भरून घेतला आहे,पीक विमा कंपन्यांनी शेतकऱ्यांकडून विमा हप्ता भरून घेतला आहे,पिक विमा कंपन्यांनी शेतकऱ्यांकडून विमा हप्ता भरून घेतला आहे,पीक विमा कंपन्यांनी शेतकऱ्यांकडून विमा हप्ता भरून घेतला आहे,5.0,22.22,0,5.6
sample_00318,D:\marathi-asr\data\vistaar_benchmarks\kathbath\marathi\wavs\844424932330094-980-f.wav,या निकालामध्ये पदोन्नतीमध्ये आरक्षण नसावे असे सुचित करण्यात आले होते,या निकालामध्ये पदोन्नतीमध्ये आरक्षण नसावे असे सूचित करण्यात आले होते,या निकालामध्ये पदोन्नतीमध्ये आरक्षण नसावे असे सुचित करण्यात आले होते,या निकालामध्ये पदोन्नतीमध्ये आरक्षण नसावे असे सूचित करण्यात आले होते,1.47,10.0,0,5.27
sample_00319,D:\marathi-asr\data\vistaar_benchmarks\kathbath\marathi\wavs\844424930573298-737-f.wav,इस्लामपूर पोलिसांच्या सतर्कतेमुळे हा अट्टल चोरटा जेरबंद झाला आहे,इस्लामपूर पोलिसांच्या सतर्कतेमुळे हा अटल सोरटा जेलबंद झाला आहे,इस्लामपूर पोलिसांच्या सतर्कतेमुळे हा अट्टल चोरटा जेरबंद झाला आहे,इस्लामपूर पोलिसांच्या सतर्कतेमुळे हा अटल सोरटा जेलबंद झाला आहे,6.25,33.33,0,5.5
sample_00320,D:\marathi-asr\data\vistaar_benchmarks\kathbath\marathi\wavs\844424930906923-972-f.wav,या मॅचमध्ये हसन खान ५ रन्स करून आऊट झाला,या मॅचमध्ये हसन खान पाच रन्स करून आऊट झाला,या मॅचमध्ये हसन खान ५ रन्स करून आऊट झाला,या मॅचमध्ये हसन खान पाच रन्स करून आऊट झाला,7.5,11.11,0,4.85
sample_00321,D:\marathi-asr\data\vistaar_benchmarks\kathbath\marathi\wavs\844424932266740-980-f.wav,पण सध्याच्या घडीला लॉकडाऊन असल्या कारणांमुळे डॉक्टर त्यांच्याकडे येऊ शकत नाहीत,पण सध्याच्या घडीला लॉकडाऊन असल्या कारणामुळे डॉक्टर त्यांच्याकडे येऊ शकत नाहीत,पण सध्याच्या घडीला लॉकडाऊन असल्या कारणांमुळे डॉक्टर त्यांच्याकडे येऊ शकत नाहीत,पण सध्याच्या घडीला लॉकडाऊन असल्या कारणामुळे डॉक्टर त्यांच्याकडे येऊ शकत नाहीत,1.28,9.09,0,5.92
sample_00322,D:\marathi-asr\data\vistaar_benchmarks\kathbath\marathi\wavs\844424930834561-954-f.wav,एका नामवंत खाणमालकाने ती विकत घेतल्याचे भासवून हा व्यवहार सुरू झाला,एका नामवंत खानमालकाने ती विकत घेतल्याचे भासवून हा व्यवहार सुरू झाला,एका नामवंत खाणमालकाने ती विकत घेतल्याचे भासवून हा व्यवहार सुरू झाला,एका नामवंत खानमालकाने ती विकत घेतल्याचे भासवून हा व्यवहार सुरू झाला,1.49,9.09,0,6.69
sample_00323,D:\marathi-asr\data\vistaar_benchmarks\kathbath\marathi\wavs\844424932337138-809-f.wav,नोटबंदीला चार वर्ष पूर्ण झाल्यामुळे राहुल गांधी यांनी एक व्हिडीओ ट्वीट केला आहे,नोटबंदीला चार वर्ष पूर्ण झाल्यामुळे राहुल गांधी यांनी एक व्हिडीिओ ट्विट केला आहे,नोटबंदीला चार वर्ष पूर्ण झाल्यामुळे राहुल गांधी यांनी एक व्हिडीओ ट्वीट केला आहे,नोटबंदीला चार वर्ष पूर्ण झाल्यामुळे राहुल गांधी यांनी एक व्हिडीिओ ट्विट केला आहे,2.53,15.38,0,7.99
sample_00324,D:\marathi-asr\data\vistaar_benchmarks\kathbath\marathi\wavs\844424930573310-737-f.wav,त्यांच्यानंतर आता राष्ट्रवादीचे नेते आणि माजी उपमुख्यमंत्री छगन भुजबळ यांच्या घरवापसीच्या चर्चांनी जोर धरला आहे,त्यांच्यानंतर आता राष्ट्रवादीचे नेते आणि माजी उपमुख्यमंत्री छगन भुजबळ यांच्या घरवापसीच्या चर्चांनी जोर धरला आहे,त्यांच्यानंतर आता राष्ट्रवादीचे नेते आणि माजी उपमुख्यमंत्री छगन भुजबळ यांच्या घरवापसीच्या चर्चांनी जोर धरला आहे,त्यांच्यानंतर आता राष्ट्रवादीचे नेते आणि माजी उपमुख्यमंत्री छगन भुजबळ यांच्या घरवापसीच्या चर्चांनी जोर धरला आहे,0.0,0.0,1,8.38
sample_00325,D:\marathi-asr\data\vistaar_benchmarks\kathbath\marathi\wavs\844424930557261-737-f.wav,शिवाजी पार्कवर एक लाख चौरस फुट क्षेत्रफळाच्या मंडपात तात्पुरता निवारा,शिवाजी पार्कवर एक लाख चौरस फूट क्षेत्रफळाच्या मंडपात तात्पुरता निवारा,शिवाजी पार्कवर एक लाख चौरस फुट क्षेत्रफळाच्या मंडपात तात्पुरता निवारा,शिवाजी पार्कवर एक लाख चौरस फूट क्षेत्रफळाच्या मंडपात तात्पुरता निवारा,1.45,10.0,0,5.53
sample_00326,D:\marathi-asr\data\vistaar_benchmarks\kathbath\marathi\wavs\844424930906969-972-f.wav,अभिनेत्री अंकिता लोखंडेनं आपल्या इंस्टाग्रामवर तिचे काही खास फोटो शेअर केले आहेत,अभिनेत्री अंकिता लोखंडेनं आपल्या इनस्टाग्रामवर तिचे काही खास फोटो शेअर केले आहेत,अभिनेत्री अंकिता लोखंडेनं आपल्या इंस्टाग्रामवर तिचे काही खास फोटो शेअर केले आहेत,अभिनेत्री अंकिता लोखंडेनं आपल्या इनस्टाग्रामवर तिचे काही खास फोटो शेअर केले आहेत,1.25,8.33,0,6.66
sample_00327,D:\marathi-asr\data\vistaar_benchmarks\kathbath\marathi\wavs\844424930906961-972-f.wav,मेग लॅनिंगने तीन षटकार व नऊ चौकारांसह आपली देदीप्यमान खेळी सजवली,मेगलॅंगनीने तीन षटकार व नऊ चौकार असं आपली दैदिन्यमान खेळी सजवली,मेग लॅनिंगने तीन षटकार व नऊ चौकारांसह आपली देदीप्यमान खेळी सजवली,मेगलॅंगनीने तीन षटकार व नऊ चौकार असं आपली दैदिन्यमान खेळी सजवली,17.19,45.45,0,8.54
sample_00328,D:\marathi-asr\data\vistaar_benchmarks\kathbath\marathi\wavs\844424930875855-954-f.wav,आता मात्र युजरला ही सेवा हातातल्या मोबाईलवरूनही वापरता येणार आहे,आता मात्र युजरला ही सेवा हातातल्या मोबाईलावरूनही वापरता येणार आहे,आता मात्र युजरला ही सेवा हातातल्या मोबाईलवरूनही वापरता येणार आहे,आता मात्र युजरला ही सेवा हातातल्या मोबाईलावरूनही वापरता येणार आहे,1.56,10.0,0,6.48
sample_00329,D:\marathi-asr\data\vistaar_benchmarks\kathbath\marathi\wavs\844424932337124-809-f.wav,होळी तोंडावर आली तरीही बेस्ट कामगारांना पगार न मिळाल्याने कामगारांमध्ये प्रचंड नाराजी आहे,होळी तोंडावर आली तरीही बेस्ट कामगारांना पगार न मिळाल्याने कामगारांमध्ये प्रचंड नाराजी आहे,होळी तोंडावर आली तरीही बेस्ट कामगारांना पगार न मिळाल्याने कामगारांमध्ये प्रचंड नाराजी आहे,होळी तोंडावर आली तरीही बेस्ट कामगारांना पगार न मिळाल्याने कामगारांमध्ये प्रचंड नाराजी आहे,0.0,0.0,1,8.85
sample_00330,D:\marathi-asr\data\vistaar_benchmarks\kathbath\marathi\wavs\844424932266746-980-f.wav,रजनीकांत मागील पाच दशकांपासून दाक्षिणात्य चित्रपटसृष्टीतच नाही तर बॉलीवूडमध्येही उत्कृष्ट कामगिरी करत आहेत,रजनीकांत मागील पाच दशकांपासून दक्षिणात्य चित्रपटसृष्टीतच नाही तर बॉलिवूडमध्येही उत्कृष्ट कामगिरी करत आहेत,रजनीकांत मागील पाच दशकांपासून दाक्षिणात्य चित्रपटसृष्टीतच नाही तर बॉलीवूडमध्येही उत्कृष्ट कामगिरी करत आहेत,रजनीकांत मागील पाच दशकांपासून दक्षिणात्य चित्रपटसृष्टीतच नाही तर बॉलिवूडमध्येही उत्कृष्ट कामगिरी करत आहेत,1.89,15.38,0,8.01
sample_00331,D:\marathi-asr\data\vistaar_benchmarks\kathbath\marathi\wavs\844424931570539-236-f.wav,मुंबईः विधानसभा निवडणुकीसाठी उमेदवारांनी दाखल केलेल्या नामनिर्देशनपत्रांची आज राज्यभरात छाननी करण्यात आली,मुंबई विधानसभा निवडणुकीसाठी उमेदवारांनी दाखल केलेल्या नामनिर्देशनपत्रांची आज राज्यभरात छाननी करण्यात आली,मुंबईः विधानसभा निवडणुकीसाठी उमेदवारांनी दाखल केलेल्या नामनिर्देशनपत्रांची आज राज्यभरात छाननी करण्यात आली,मुंबई विधानसभा निवडणुकीसाठी उमेदवारांनी दाखल केलेल्या नामनिर्देशनपत्रांची आज राज्यभरात छाननी करण्यात आली,0.95,8.33,0,10.57
sample_00332,D:\marathi-asr\data\vistaar_benchmarks\kathbath\marathi\wavs\844424932823427-715-f.wav,धुक्याची जागा आता प्रखर प्रकाशाच्या किरणांनी घेतली होती,धुक्याची जागा आता प्रखर प्रकाशाच्या किरणाांने घेतली होती,धुक्याची जागा आता प्रखर प्रकाशाच्या किरणांनी घेतली होती,धुक्याची जागा आता प्रखर प्रकाशाच्या किरणाांने घेतली होती,3.64,12.5,0,4.88
sample_00333,D:\marathi-asr\data\vistaar_benchmarks\kathbath\marathi\wavs\844424932372169-132-f.wav,रोहितसह कोहली आणि रहाणेने थोडी फार चांगली फलंदाजी केली तरी लौकिकाला साजेशी नाही,रोहितसह कोहली आणि राहाणींनी थोडीफार चांगली फलंदाजी केली तरी लौकिकाला साजेशी नाही,रोहितसह कोहली आणि रहाणेने थोडी फार चांगली फलंदाजी केली तरी लौकिकाला साजेशी नाही,रोहितसह कोहली आणि राहाणींनी थोडीफार चांगली फलंदाजी केली तरी लौकिकाला साजेशी नाही,6.33,23.08,0,7.36
sample_00334,D:\marathi-asr\data\vistaar_benchmarks\kathbath\marathi\wavs\844424930573346-737-f.wav,त्यामुळे आज त्यांना शिवसेनेतून बाहेरचा रस्ता दाखवण्यात आल्याचे समजते,त्यामुळे आज त्यांना शिवसेनेतून बाहेरचा रस्ता दाखवण्यात आल्याचे समजते,त्यामुळे आज त्यांना शिवसेनेतून बाहेरचा रस्ता दाखवण्यात आल्याचे समजते,त्यामुळे आज त्यांना शिवसेनेतून बाहेरचा रस्ता दाखवण्यात आल्याचे समजते,0.0,0.0,1,5.06
sample_00335,D:\marathi-asr\data\vistaar_benchmarks\kathbath\marathi\wavs\844424930557222-737-f.wav,दोन भागात क्षेत्रफळाने महाराष्ट्रातील सर्वात मोठा जिल्हा असलेल्या नगर जिल्ह्याचे विभाजन होणार आहे,दोन भागातक्ष्षेत्रफळाने महाराष्ट्रातील सर्वात मोठा जिल्हा असलेल्या नगर जिल्ह्याचे विभाजन होणार आहे,दोन भागात क्षेत्रफळाने महाराष्ट्रातील सर्वात मोठा जिल्हा असलेल्या नगर जिल्ह्याचे विभाजन होणार आहे,दोन भागातक्ष्षेत्रफळाने महाराष्ट्रातील सर्वात मोठा जिल्हा असलेल्या नगर जिल्ह्याचे विभाजन होणार आहे,3.09,15.38,0,7.17
sample_00336,D:\marathi-asr\data\vistaar_benchmarks\kathbath\marathi\wavs\844424932372177-132-f.wav,परंतु श्रीनगरमध्ये बाहेरील जिल्ह्यातील तसेच विदेशातील दहशतवाद्यांच्या कुरापती सुरूच आहेत,परंतु श्रीनगरमध्ये बाहेरील जिल्ह्यातील तसेच विदेशातील दहशतवाद्यांच्या कुरापती सुरूच आहेत,परंतु श्रीनगरमध्ये बाहेरील जिल्ह्यातील तसेच विदेशातील दहशतवाद्यांच्या कुरापती सुरूच आहेत,परंतु श्रीनगरमध्ये बाहेरील जिल्ह्यातील तसेच विदेशातील दहशतवाद्यांच्या कुरापती सुरूच आहेत,0.0,0.0,1,7.73
sample_00337,D:\marathi-asr\data\vistaar_benchmarks\kathbath\marathi\wavs\844424930573376-737-f.wav,कर्नाटकच्या बंडखोर आमदारांना मुंबईत कडेकोड सुरक्षा व्यवस्थेत ठेवण्यात आले आहे,कर्नाटकच्या बंडखोर आमदारांना मुंबईत कडेकोड सुरक्षा व्यवस्थेत ठेवण्यात आले आहे,कर्नाटकच्या बंडखोर आमदारांना मुंबईत कडेकोड सुरक्षा व्यवस्थेत ठेवण्यात आले आहे,कर्नाटकच्या बंडखोर आमदारांना मुंबईत कडेकोड सुरक्षा व्यवस्थेत ठेवण्यात आले आहे,0.0,0.0,1,6.15
sample_00338,D:\marathi-asr\data\vistaar_benchmarks\kathbath\marathi\wavs\844424930902739-715-f.wav,या प्रकारामुळे काही काळ रंकाळा परिसरात वातावरण तंग होते,या प्रकारामुळे काही काळ रंकाळा परिसरात वातावरण तंग होते,या प्रकारामुळे काही काळ रंकाळा परिसरात वातावरण तंग होते,या प्रकारामुळे काही काळ रंकाळा परिसरात वातावरण तंग होते,0.0,0.0,1,5.06
sample_00339,D:\marathi-asr\data\vistaar_benchmarks\kathbath\marathi\wavs\844424932337183-809-f.wav,या व्हिडिओमध्ये एक कुटुंब आपल्या घरातील मृत व्यक्तीचा मृतदेह सायकलवरून नेताना दिसत आहेत,या व्हिडीिओमध्ये एक कुटुंब आपल्या घरातील मृत व्यक्तीचा मृतदेह सायकलवरून नेताना दिसत आहे,या व्हिडिओमध्ये एक कुटुंब आपल्या घरातील मृत व्यक्तीचा मृतदेह सायकलवरून नेताना दिसत आहेत,या व्हिडीिओमध्ये एक कुटुंब आपल्या घरातील मृत व्यक्तीचा मृतदेह सायकलवरून नेताना दिसत आहे,2.3,15.38,0,9.13
sample_00340,D:\marathi-asr\data\vistaar_benchmarks\kathbath\marathi\wavs\844424932823370-715-f.wav,विशेष म्हणजे सरकारने आंदोलकांना आझाद मार्च मागे घेण्याचे आवाहन केले,विशेष म्हणजे सरकारने आंदोलकांना आझाद मार्च मागे घेण्याचे आवाहन केले,विशेष म्हणजे सरकारने आंदोलकांना आझाद मार्च मागे घेण्याचे आवाहन केले,विशेष म्हणजे सरकारने आंदोलकांना आझाद मार्च मागे घेण्याचे आवाहन केले,0.0,0.0,1,5.39
sample_00341,D:\marathi-asr\data\vistaar_benchmarks\kathbath\marathi\wavs\844424930834527-954-f.wav,भाजप सरकारच्या नक्षलवाद आणि दहशतवादाविरोधातील मवाळ भूमिकेचाच हा परिणाम असल्याचा घणाघाती आरोप त्यांनी केला,भाजप सरकारच्या नक्षवाद आणि दहशतवादविरोधातील मावळ भूमिकेचा हा परिणाम असल्याचा घाताघाती आरोप त्यांनी केला,भाजप सरकारच्या नक्षलवाद आणि दहशतवादाविरोधातील मवाळ भूमिकेचाच हा परिणाम असल्याचा घणाघाती आरोप त्यांनी केला,भाजप सरकारच्या नक्षवाद आणि दहशतवादविरोधातील मावळ भूमिकेचा हा परिणाम असल्याचा घाताघाती आरोप त्यांनी केला,6.67,35.71,0,9.2
sample_00342,D:\marathi-asr\data\vistaar_benchmarks\kathbath\marathi\wavs\844424930557249-737-f.wav,ढोलकीफडाच्या तमाशाची समाप्ती भैरवीने होते व खेळ संपविला जातो,ढोलकीफळााच्या तमाशाची समाप्ती भैरवीने होते व खेळ संपविला जातो,ढोलकीफडाच्या तमाशाची समाप्ती भैरवीने होते व खेळ संपविला जातो,ढोलकीफळााच्या तमाशाची समाप्ती भैरवीने होते व खेळ संपविला जातो,3.33,11.11,0,6.13
sample_00343,D:\marathi-asr\data\vistaar_benchmarks\kathbath\marathi\wavs\844424932330074-980-f.wav,हे समजत नव्हते अनेकजण डिपीजवळील कठडय़ाला धडकून हा थरारक अपघाताचा शेवट झाला,समजत नव्हते अनेकजण डीपीजवळील कठड्याला धडकून हा थरारक अपघाताचा शेवट झाला,हे समजत नव्हते अनेकजण डिपीजवळील कठडय़ाला धडकून हा थरारक अपघाताचा शेवट झाला,समजत नव्हते अनेकजण डीपीजवळील कठड्याला धडकून हा थरारक अपघाताचा शेवट झाला,8.11,25.0,0,6.32
sample_00344,D:\marathi-asr\data\vistaar_benchmarks\kathbath\marathi\wavs\844424932372237-132-f.wav,अशात तिच्या ड्रेसवर अर्पिताची नजर पडली आणि तिने जॉर्जियाला बोलावून आपला दुपट्टा व्यवस्थित करायला सांगितला,अशात तिच्या ड्रेसवर अर्पिताची नजर पडली आणि तिने जॉर्जियाला बोलवून आपला दुपट्टा व्यवस्थित करायला सांगितला,अशात तिच्या ड्रेसवर अर्पिताची नजर पडली आणि तिने जॉर्जियाला बोलावून आपला दुपट्टा व्यवस्थित करायला सांगितला,अशात तिच्या ड्रेसवर अर्पिताची नजर पडली आणि तिने जॉर्जियाला बोलवून आपला दुपट्टा व्यवस्थित करायला सांगितला,0.95,6.67,0,8.45
sample_00345,D:\marathi-asr\data\vistaar_benchmarks\kathbath\marathi\wavs\844424930557192-737-f.wav,जैतापूरच्या धगधगत्या वातावरणात प्रत्यक्ष प्रकल्प स्थळावर जाऊन ताकद दाखवण्याचे काम राणेंनी केले,जैतापूरच्या धगधकत्या वातावरणात प्रत्यक्ष प्रकल्पस्थळावर जाऊन ताकद दाखवण्याचे काम राणेंनी केले,जैतापूरच्या धगधगत्या वातावरणात प्रत्यक्ष प्रकल्प स्थळावर जाऊन ताकद दाखवण्याचे काम राणेंनी केले,जैतापूरच्या धगधकत्या वातावरणात प्रत्यक्ष प्रकल्पस्थळावर जाऊन ताकद दाखवण्याचे काम राणेंनी केले,2.13,25.0,0,8.1
sample_00346,D:\marathi-asr\data\vistaar_benchmarks\kathbath\marathi\wavs\844424930573323-737-f.wav,विधान परिषदेमध्ये विरोधकांचं संख्याबळ जास्त असल्यामुळे ते गोंधळ घालतात,विधानपरिषदेमध्ये विरोधकांचं संख्याबल जास्त असल्यामुळे ते गोंधळ घालतात,विधान परिषदेमध्ये विरोधकांचं संख्याबळ जास्त असल्यामुळे ते गोंधळ घालतात,विधानपरिषदेमध्ये विरोधकांचं संख्याबल जास्त असल्यामुळे ते गोंधळ घालतात,2.86,33.33,0,5.69
sample_00347,D:\marathi-asr\data\vistaar_benchmarks\kathbath\marathi\wavs\844424932823375-715-f.wav,त्यानंतर राष्ट्रवादी काँग्रेस पुरग्रस्तांना मदत करण्यास उतरली होती,त्यानंतर राष्ट्रवादी काँग्रेस पूरग्रस्तांना मदत करण्यास उतरली होती,त्यानंतर राष्ट्रवादी काँग्रेस पुरग्रस्तांना मदत करण्यास उतरली होती,त्यानंतर राष्ट्रवादी काँग्रेस पूरग्रस्तांना मदत करण्यास उतरली होती,1.52,12.5,0,5.29
sample_00348,D:\marathi-asr\data\vistaar_benchmarks\kathbath\marathi\wavs\844424931130738-933-f.wav,त्याचबरोबर आज देवगड नगरपालिकेच्या भाजपच्या दोन नगरसेवकांनी शिवसेनेत प्रवेश केला आहे,त्याचबरोबर आज देवगड नगरपालिकेच्या भाजपच्या दोन नगरसेवकांनी शिवसेनेत प्रवेश केला,त्याचबरोबर आज देवगड नगरपालिकेच्या भाजपच्या दोन नगरसेवकांनी शिवसेनेत प्रवेश केला आहे,त्याचबरोबर आज देवगड नगरपालिकेच्या भाजपच्या दोन नगरसेवकांनी शिवसेनेत प्रवेश केला,4.82,9.09,0,5.64
sample_00349,D:\marathi-asr\data\vistaar_benchmarks\kathbath\marathi\wavs\844424932262445-809-f.wav,तंत्रज्ञानाने आपल्या आयुष्यात खूप बदल झालेले आहेत आणि त्यामुळे माणसाचे कष्ट वाचले आहेत,तंत्रज्ञानाने आपल्या आयुष्यात खूप बदल झालेले आहे आणि त्यामुळे माणसाचे कष्ट वाचले आहेत,तंत्रज्ञानाने आपल्या आयुष्यात खूप बदल झालेले आहेत आणि त्यामुळे माणसाचे कष्ट वाचले आहेत,तंत्रज्ञानाने आपल्या आयुष्यात खूप बदल झालेले आहे आणि त्यामुळे माणसाचे कष्ट वाचले आहेत,1.16,7.69,0,9.5
sample_00350,D:\marathi-asr\data\vistaar_benchmarks\kathbath\marathi\wavs\844424930573353-737-f.wav,नगराज मंजुळेंच्या सिनेमात शब्द कमी आणि कॅमेरा जास्त बोलताना दिसून येतो,नगराज मंजुळेच्या सिनेमात शब्द कमी आणि कॅमेरा जास्त बोलताना दिसून येतो,नगराज मंजुळेंच्या सिनेमात शब्द कमी आणि कॅमेरा जास्त बोलताना दिसून येतो,नगराज मंजुळेच्या सिनेमात शब्द कमी आणि कॅमेरा जास्त बोलताना दिसून येतो,1.43,9.09,0,6.69
sample_00351,D:\marathi-asr\data\vistaar_benchmarks\kathbath\marathi\wavs\844424930906922-972-f.wav,ऑनलाइन सुविधा झाल्यास काही ठराविक संख्येपर्यंत भाविकांना ही सुविधा दिली जाणार आहे,ऑनलाइन सुविधा झाल्यास काही ठराविक संख्येपर्यंत भाविकांना ही सुविधा दिली जाणार आहे,ऑनलाइन सुविधा झाल्यास काही ठराविक संख्येपर्यंत भाविकांना ही सुविधा दिली जाणार आहे,ऑनलाइन सुविधा झाल्यास काही ठराविक संख्येपर्यंत भाविकांना ही सुविधा दिली जाणार आहे,0.0,0.0,1,6.52
sample_00352,D:\marathi-asr\data\vistaar_benchmarks\kathbath\marathi\wavs\844424931218235-933-f.wav,पहाटे चार वाजता एटीएमबाहेर रांग लावल्याचा आपल्याला फायदा झाल्याचे गणेश गुप्ता हा स्थानिक सांगतो,पहाटेचार वाजता एटीएमबाहेर रांग लागल्याचा आपल्याला फायदा झाल्याचे गणेशगुप्ता हा स्थानिक सांगतो,पहाटे चार वाजता एटीएमबाहेर रांग लावल्याचा आपल्याला फायदा झाल्याचे गणेश गुप्ता हा स्थानिक सांगतो,पहाटेचार वाजता एटीएमबाहेर रांग लागल्याचा आपल्याला फायदा झाल्याचे गणेशगुप्ता हा स्थानिक सांगतो,3.16,35.71,0,7.87
sample_00353,D:\marathi-asr\data\vistaar_benchmarks\kathbath\marathi\wavs\844424930573304-737-f.wav,सर्व जण गोल उभे राहून या स्पर्धेचा आस्वाद घेतात,सर्वजण गोल उभे राहून या स्पर्धेचा आस्वाद घेतात,सर्व जण गोल उभे राहून या स्पर्धेचा आस्वाद घेतात,सर्वजण गोल उभे राहून या स्पर्धेचा आस्वाद घेतात,2.13,22.22,0,4.53
sample_00354,D:\marathi-asr\data\vistaar_benchmarks\kathbath\marathi\wavs\844424930868457-933-f.wav,मुंबई महापालिका निवडणुकीत भाजपा आणि शिवसेनेला बहुमताचा आकडा काही गाठता आलेला नाही,मुंबई महापालिका निवडणुकीत भाजपा आणि शिवसेनेला बहुमतांचा आकडा काही गाठता आलेला नाही,मुंबई महापालिका निवडणुकीत भाजपा आणि शिवसेनेला बहुमताचा आकडा काही गाठता आलेला नाही,मुंबई महापालिका निवडणुकीत भाजपा आणि शिवसेनेला बहुमतांचा आकडा काही गाठता आलेला नाही,1.23,8.33,0,6.73
sample_00355,D:\marathi-asr\data\vistaar_benchmarks\kathbath\marathi\wavs\844424930875879-954-f.wav,बिबट्याच्या हल्ल्यामुळे परिसरातील शेतकऱ्यांमध्ये भीतीचे वातावरण निर्माण झाले आहे,बिबट्याच्या हल्ल्यामुळे परिसरातील शेतकऱ्यांमध्ये भीतीचे वातावरण निर्माण झाले आहे,बिबट्याच्या हल्ल्यामुळे परिसरातील शेतकऱ्यांमध्ये भीतीचे वातावरण निर्माण झाले आहे,बिबट्याच्या हल्ल्यामुळे परिसरातील शेतकऱ्यांमध्ये भीतीचे वातावरण निर्माण झाले आहे,2.47,11.11,0,6.06
sample_00356,D:\marathi-asr\data\vistaar_benchmarks\kathbath\marathi\wavs\844424930902746-715-f.wav,राज्यातील घटक प्रमुखांना निधी वितरीत करताना अनेक अडचणींना सामोरे जावे लागत आहे,राज्यातील घटक प्रामुख्याना निधी वितरित करताना अनेक अडचणींना सामोरे जावे लागत आहे,राज्यातील घटक प्रमुखांना निधी वितरीत करताना अनेक अडचणींना सामोरे जावे लागत आहे,राज्यातील घटक प्रामुख्याना निधी वितरित करताना अनेक अडचणींना सामोरे जावे लागत आहे,6.41,16.67,0,7.31
sample_00357,D:\marathi-asr\data\vistaar_benchmarks\kathbath\marathi\wavs\844424930868452-933-f.wav,याचाच अर्थ देशात बँकांमध्ये मोठ्या प्रमाणात घोटाळे चालू आहेत,याचाच अर्थ देशात बँकांमध्ये मोठ्या प्रमाणात घोटाळे चालू आहेत,याचाच अर्थ देशात बँकांमध्ये मोठ्या प्रमाणात घोटाळे चालू आहेत,याचाच अर्थ देशात बँकांमध्ये मोठ्या प्रमाणात घोटाळे चालू आहेत,0.0,0.0,1,4.78
sample_00358,D:\marathi-asr\data\vistaar_benchmarks\kathbath\marathi\wavs\844424930906970-972-f.wav,केवळ ड्रेनेज व अन्य सुविधा तेथून जाणार असल्याने त्या क्षेत्राचा अंतर्भाव झाला आहे,केवळ ट्रेनेनेज व अन्य सुविधा येथून जाणार असल्याने या क्षेत्राचा अंतर्भाव झाला आहे,केवळ ड्रेनेज व अन्य सुविधा तेथून जाणार असल्याने त्या क्षेत्राचा अंतर्भाव झाला आहे,केवळ ट्रेनेनेज व अन्य सुविधा येथून जाणार असल्याने या क्षेत्राचा अंतर्भाव झाला आहे,7.41,23.08,0,7.36
sample_00359,D:\marathi-asr\data\vistaar_benchmarks\kathbath\marathi\wavs\844424930875841-954-f.wav,असामी खेळाडू लावलिना हिने ६९ किलो गटात भारताच्या पूजा ला मात देत विजय मिळविला,आसामी खेळाडू लाव लिनाईने एकोणसत्तर किलो गटात भारताच्या पूजाला मात देत विजय मिळविला,असामी खेळाडू लावलिना हिने ६९ किलो गटात भारताच्या पूजा ला मात देत विजय मिळविला,आसामी खेळाडू लाव लिनाईने एकोणसत्तर किलो गटात भारताच्या पूजाला मात देत विजय मिळविला,19.48,42.86,0,7.17
sample_00360,D:\marathi-asr\data\vistaar_benchmarks\kathbath\marathi\wavs\844424931030031-933-f.wav,पावसाळ्यात दरडी कोसळण्याची भीती असल्यामुळे मिनीट्रेन बंद ठेवली जाते,पावसाळ्यात दरडी कोसळण्याची भीती असल्यामुळे मिनी ट्रेन बंद ठेवली आहे,पावसाळ्यात दरडी कोसळण्याची भीती असल्यामुळे मिनीट्रेन बंद ठेवली जाते,पावसाळ्यात दरडी कोसळण्याची भीती असल्यामुळे मिनी ट्रेन बंद ठेवली आहे,5.97,33.33,0,4.85
sample_00361,D:\marathi-asr\data\vistaar_benchmarks\kathbath\marathi\wavs\844424932337210-809-f.wav,पुणे आणि भारतातील इतर विद्यापीठातही हे कोस्रेस उपलब्ध आहेत,पुणे आणि भारतातील इतर विद्यापीठातही हे कोर्सेस उपलब्ध आहेत,पुणे आणि भारतातील इतर विद्यापीठातही हे कोस्रेस उपलब्ध आहेत,पुणे आणि भारतातील इतर विद्यापीठातही हे कोर्सेस उपलब्ध आहेत,3.45,11.11,0,6.97
sample_00362,D:\marathi-asr\data\vistaar_benchmarks\kathbath\marathi\wavs\844424932828562-933-f.wav,आडत रद्द झाल्याने शेतकरी थेट शहरात माल पाठवत आहेत,आडत रद्द झाल्याने शेतकरी थेट शहरात माल पाठवत आहेत,आडत रद्द झाल्याने शेतकरी थेट शहरात माल पाठवत आहेत,आडत रद्द झाल्याने शेतकरी थेट शहरात माल पाठवत आहेत,0.0,0.0,1,4.43
sample_00363,D:\marathi-asr\data\vistaar_benchmarks\kathbath\marathi\wavs\844424930902744-715-f.wav,आषाढी एकादशीनिमित्त मांडलेल्या नयनमनोहर विशेष पूजेचे हजारो भाविकांनी मनोभावे दर्शन घेतले,आषाढी एकादशीनिमित्त मांडलेल्या नयन मनोहर विशेष पूजेचे हजारो भाविकांनी मनोभावे दर्शन घेतले,आषाढी एकादशीनिमित्त मांडलेल्या नयनमनोहर विशेष पूजेचे हजारो भाविकांनी मनोभावे दर्शन घेतले,आषाढी एकादशीनिमित्त मांडलेल्या नयन मनोहर विशेष पूजेचे हजारो भाविकांनी मनोभावे दर्शन घेतले,1.14,18.18,0,7.73
sample_00364,D:\marathi-asr\data\vistaar_benchmarks\kathbath\marathi\wavs\844424930906964-972-f.wav,२९ जून ते ५ जुलै असा या लॉकडाउनचा कालावधी असणार आहे,एकोणतीस जून ते पाच जुलै असा या लॉकडाऊनचा कालावधी असणार आहे,२९ जून ते ५ जुलै असा या लॉकडाउनचा कालावधी असणार आहे,एकोणतीस जून ते पाच जुलै असा या लॉकडाऊनचा कालावधी असणार आहे,21.57,27.27,0,5.57
sample_00365,D:\marathi-asr\data\vistaar_benchmarks\kathbath\marathi\wavs\844424930875911-954-f.wav,आधी सगळ्यांना लोणी लावून घेतलं की कितीही माणसं असतील तरी एकदम पटपट होतात,आधी सगळ्यांना लोणी लावून घेतलं की कितीही माणसं असतील तरी एकदम पटपट होतात,आधी सगळ्यांना लोणी लावून घेतलं की कितीही माणसं असतील तरी एकदम पटपट होतात,आधी सगळ्यांना लोणी लावून घेतलं की कितीही माणसं असतील तरी एकदम पटपट होतात,0.0,0.0,1,6.36
sample_00366,D:\marathi-asr\data\vistaar_benchmarks\kathbath\marathi\wavs\844424930834539-954-f.wav,पण आज सत्ताधारी या संस्था मोठ्या भांडवलदारांच्या हाती देत आहेत,पण आज सत्ताधारी या संस्था मोठ्या भांडवलदारांच्या हाती देत आहेत,पण आज सत्ताधारी या संस्था मोठ्या भांडवलदारांच्या हाती देत आहेत,पण आज सत्ताधारी या संस्था मोठ्या भांडवलदारांच्या हाती देत आहेत,0.0,0.0,1,5.62
sample_00367,D:\marathi-asr\data\vistaar_benchmarks\kathbath\marathi\wavs\844424931130748-933-f.wav,पंतप्रधानपदासाठी निवड झाल्यानंतर मोदी यांनी सर्वप्रथम सेंट्रल हॉलमध्ये खास आणलेल्या राज्यघटनेला नमन केले,पंतप्रधानपदासाठी निवड झाल्यानंतर मोदी यांनी सर्वप्रथम सेंट्रल हॉलमध्ये खास आणलेल्या राज्यघटनेला नमन केले,पंतप्रधानपदासाठी निवड झाल्यानंतर मोदी यांनी सर्वप्रथम सेंट्रल हॉलमध्ये खास आणलेल्या राज्यघटनेला नमन केले,पंतप्रधानपदासाठी निवड झाल्यानंतर मोदी यांनी सर्वप्रथम सेंट्रल हॉलमध्ये खास आणलेल्या राज्यघटनेला नमन केले,0.0,0.0,1,7.08
sample_00368,D:\marathi-asr\data\vistaar_benchmarks\kathbath\marathi\wavs\844424932330073-980-f.wav,फिर्यादी झाकीर इकरान हुसेन हे नृत्यदिग्दर्शक सुमित विनोद यांचे व्यवस्थापक आहेत,मयादी झाकीर हुसेन हे नृत्य दिग्दर्शक सुमित विनोद यांचे व्यवस्थापक आहेत,फिर्यादी झाकीर इकरान हुसेन हे नृत्यदिग्दर्शक सुमित विनोद यांचे व्यवस्थापक आहेत,मयादी झाकीर हुसेन हे नृत्य दिग्दर्शक सुमित विनोद यांचे व्यवस्थापक आहेत,14.1,36.36,0,6.04
sample_00369,D:\marathi-asr\data\vistaar_benchmarks\kathbath\marathi\wavs\844424930875874-954-f.wav,जोपर्यंत रुग्णाला उपचार मिळत नाही तोपर्यंत तो रुग्ण सांसर्गिक असतो,जोपर्यंत रुग्णाला उपचार मिळत नाही तोपर्यंत रुग्ण सांसर्गिक असतो,जोपर्यंत रुग्णाला उपचार मिळत नाही तोपर्यंत तो रुग्ण सांसर्गिक असतो,जोपर्यंत रुग्णाला उपचार मिळत नाही तोपर्यंत रुग्ण सांसर्गिक असतो,4.55,10.0,0,4.78
sample_00370,D:\marathi-asr\data\vistaar_benchmarks\kathbath\marathi\wavs\844424930834555-954-f.wav,शतकांपासून मूळ लोकगीतेला अनेक वेळा पुन्हा लिहीले गेले आहे,शतकांपासून मूळ लोकगीतेला अनेक वेळा पुन्हा लिहिलेली गेली आहे,शतकांपासून मूळ लोकगीतेला अनेक वेळा पुन्हा लिहीले गेले आहे,शतकांपासून मूळ लोकगीतेला अनेक वेळा पुन्हा लिहिलेली गेली आहे,7.02,22.22,0,5.48
sample_00371,D:\marathi-asr\data\vistaar_benchmarks\kathbath\marathi\wavs\844424930573312-737-f.wav,त्यानंतर भारत आणि वेस्ट इंडिज लढत झाली ती श्रीनगरमध्ये,त्यानंतर भारताने वेस्ट इंडिज लढत झाली ती श्रीनगरमध्ये,त्यानंतर भारत आणि वेस्ट इंडिज लढत झाली ती श्रीनगरमध्ये,त्यानंतर भारताने वेस्ट इंडिज लढत झाली ती श्रीनगरमध्ये,7.41,22.22,0,4.09
sample_00372,D:\marathi-asr\data\vistaar_benchmarks\kathbath\marathi\wavs\844424932484382-573-f.wav,आपले वडील राजकारणी असल्यामुळे या घटनेकडे विरोधी पक्षवाले नको तो चुकीचा आरोप करत आहेत,आपले वडील राजकारणी असल्यामुळे या घटनेकडे विरोधी पक्षवाले नको तो चुकाची आरोप करत आहेत,आपले वडील राजकारणी असल्यामुळे या घटनेकडे विरोधी पक्षवाले नको तो चुकीचा आरोप करत आहेत,आपले वडील राजकारणी असल्यामुळे या घटनेकडे विरोधी पक्षवाले नको तो चुकाची आरोप करत आहेत,2.38,7.14,0,8.96
sample_00373,D:\marathi-asr\data\vistaar_benchmarks\kathbath\marathi\wavs\844424932823336-715-f.wav,क्रिप्टो करन्सीवर लक्ष ठेवण्याची गरज लक्षात घेऊन अमेरिकेत कायदा आणण्याचा विचार चालू आहे,क्रिप्टोकरन्सवर लक्ष ठेवण्याची गरज लक्षात घेऊन अमेरिकेत कायदा आणण्याचा विचार चालू आहे,क्रिप्टो करन्सीवर लक्ष ठेवण्याची गरज लक्षात घेऊन अमेरिकेत कायदा आणण्याचा विचार चालू आहे,क्रिप्टोकरन्सवर लक्ष ठेवण्याची गरज लक्षात घेऊन अमेरिकेत कायदा आणण्याचा विचार चालू आहे,2.3,15.38,0,7.45
sample_00374,D:\marathi-asr\data\vistaar_benchmarks\kathbath\marathi\wavs\844424932823364-715-f.wav,ऑनलाइन मुल्यांकन करण्याचा निर्णय घेत मुंबई विद्यापीठाने सर्व विभागांचे निकाल उशीरा लावले,ऑनलाइन मूल्यांकन करण्याचा निर्णय घेत मुंबई विद्यापीठाने सर्व विभागांचे निकाल उशिरा लावले,ऑनलाइन मुल्यांकन करण्याचा निर्णय घेत मुंबई विद्यापीठाने सर्व विभागांचे निकाल उशीरा लावले,ऑनलाइन मूल्यांकन करण्याचा निर्णय घेत मुंबई विद्यापीठाने सर्व विभागांचे निकाल उशिरा लावले,2.27,16.67,0,6.97
sample_00375,D:\marathi-asr\data\vistaar_benchmarks\kathbath\marathi\wavs\844424931570557-236-f.wav,यावेळी त्यांनी जगदंबा देवी तसंच सेवालाल महाराजांच्या समाधीचे दर्शन घेतले,यावेळी त्यांनी जगदंबादवी तसंच सेवालाल महाराजांच्या समाधीचे दर्शन घेतले,यावेळी त्यांनी जगदंबा देवी तसंच सेवालाल महाराजांच्या समाधीचे दर्शन घेतले,यावेळी त्यांनी जगदंबादवी तसंच सेवालाल महाराजांच्या समाधीचे दर्शन घेतले,2.78,20.0,0,7.59
sample_00376,D:\marathi-asr\data\vistaar_benchmarks\kathbath\marathi\wavs\844424932262380-809-f.wav,दहावीला नापास झालो आणि खरोखर एका वडापावच्या गाडीवर हेल्पर म्हणून लागलो,दहावीला नापात झालो आणि खरोखर एका वडापावच्या गाडीवर हेल्पर म्हणून लागलो,दहावीला नापास झालो आणि खरोखर एका वडापावच्या गाडीवर हेल्पर म्हणून लागलो,दहावीला नापात झालो आणि खरोखर एका वडापावच्या गाडीवर हेल्पर म्हणून लागलो,1.43,9.09,0,8.45
sample_00377,D:\marathi-asr\data\vistaar_benchmarks\kathbath\marathi\wavs\844424931570607-236-f.wav,या प्रकरणातील एका आरोपीची पुनर्विचार याचिका सर्वोच्च न्यायालयानं स्वीकार केली आहे,या प्रकरणातील एका आरोपीची पुनर्विचार याचिका सर्वोच्च न्यायालयानं स्वीकार केली आहे,या प्रकरणातील एका आरोपीची पुनर्विचार याचिका सर्वोच्च न्यायालयानं स्वीकार केली आहे,या प्रकरणातील एका आरोपीची पुनर्विचार याचिका सर्वोच्च न्यायालयानं स्वीकार केली आहे,0.0,0.0,1,7.01
sample_00378,D:\marathi-asr\data\vistaar_benchmarks\kathbath\marathi\wavs\844424930902767-715-f.wav,तरीदेखील या मासेमारीवर प्रशासनाकडून कोणत्याही प्रकारची ठोस भूमिका घेतली जात नाही,तरी देखील या मासेममारीवर प्रशासनाकडून कोणत्याही प्रकारची ठोस भूमिका घेतली जात नाही,तरीदेखील या मासेमारीवर प्रशासनाकडून कोणत्याही प्रकारची ठोस भूमिका घेतली जात नाही,तरी देखील या मासेममारीवर प्रशासनाकडून कोणत्याही प्रकारची ठोस भूमिका घेतली जात नाही,2.5,27.27,0,6.73
sample_00379,D:\marathi-asr\data\vistaar_benchmarks\kathbath\marathi\wavs\844424932372195-132-f.wav,भारताला एक रन करता आला आणि ही मॅच टाय झाली,भारताला एक रन करता आला आणि ही मॅच टाय झाली,भारताला एक रन करता आला आणि ही मॅच टाय झाली,भारताला एक रन करता आला आणि ही मॅच टाय झाली,0.0,0.0,1,4.2
sample_00380,D:\marathi-asr\data\vistaar_benchmarks\kathbath\marathi\wavs\844424932828554-933-f.wav,पपईलाही कीडरोगांचा मोठा धोका संभवत असल्याने कीटकनाशकांची फवारणी योग्य वेळी करणे आवश्यक आहे,पपईलाही किडारोगांचा मोठा धोका संभवत असल्याने कीटकनाशकांची फवारणी योग्यवेेळी करणे आवश्यक आहे,पपईलाही कीडरोगांचा मोठा धोका संभवत असल्याने कीटकनाशकांची फवारणी योग्य वेळी करणे आवश्यक आहे,पपईलाही किडारोगांचा मोठा धोका संभवत असल्याने कीटकनाशकांची फवारणी योग्यवेेळी करणे आवश्यक आहे,4.44,23.08,0,7.22
sample_00381,D:\marathi-asr\data\vistaar_benchmarks\kathbath\marathi\wavs\844424932372220-132-f.wav,१९६९ साली मुंबईतील ऑस्ट्रेलियाविरुद्धच्या कसोटीत वेंकटराघवनला चुकीचा बाद दिला,एकोणीसशे एकोणसत्तर साली मुंबईतील ऑस्ट्रेलिया विरुद्धच्या कसोटीत व्यंकटराघवनला चुकीचा बाद दिला,१९६९ साली मुंबईतील ऑस्ट्रेलियाविरुद्धच्या कसोटीत वेंकटराघवनला चुकीचा बाद दिला,एकोणीसशे एकोणसत्तर साली मुंबईतील ऑस्ट्रेलिया विरुद्धच्या कसोटीत व्यंकटराघवनला चुकीचा बाद दिला,27.27,55.56,0,7.94
sample_00382,D:\marathi-asr\data\vistaar_benchmarks\kathbath\marathi\wavs\844424930573379-737-f.wav,त्यात माधवराव गायकवाड यांना मनमाड नगर परिषदेवर जनतेतून थेट नगराध्यक्ष होण्याचा मान मिळाला होता,त्यात माधवराव गायकवाड यांना मनमाड नगरपिषदेवर जनतेतून थेट नगराध्यक्ष होण्याचा मान मिळाला होता,त्यात माधवराव गायकवाड यांना मनमाड नगर परिषदेवर जनतेतून थेट नगराध्यक्ष होण्याचा मान मिळाला होता,त्यात माधवराव गायकवाड यांना मनमाड नगरपिषदेवर जनतेतून थेट नगराध्यक्ष होण्याचा मान मिळाला होता,2.13,14.29,0,8.43
sample_00383,D:\marathi-asr\data\vistaar_benchmarks\kathbath\marathi\wavs\844424930902743-715-f.wav,त्यामुळे येडींना आता कोणताच स्वतंत्र निर्णय घेता येणार नाही,त्यामुळे एडींना आता कोणताच स्वतंत्र निर्णय घेता येणार नाही,त्यामुळे येडींना आता कोणताच स्वतंत्र निर्णय घेता येणार नाही,त्यामुळे एडींना आता कोणताच स्वतंत्र निर्णय घेता येणार नाही,3.39,11.11,0,5.09
sample_00384,D:\marathi-asr\data\vistaar_benchmarks\kathbath\marathi\wavs\844424930902769-715-f.wav,लहान मूल म्हणजे मातीचा गोळा त्याला आपण कसे संस्कारक्षम बनवणार तसे ते बनणार,लहान मून म्हणजे मातीचा गोळा त्याला आपण कसे संसारक्षम बनवणार तसे ते बनणार,लहान मूल म्हणजे मातीचा गोळा त्याला आपण कसे संस्कारक्षम बनवणार तसे ते बनणार,लहान मून म्हणजे मातीचा गोळा त्याला आपण कसे संसारक्षम बनवणार तसे ते बनणार,4.05,15.38,0,5.94
sample_00385,D:\marathi-asr\data\vistaar_benchmarks\kathbath\marathi\wavs\844424932311854-980-f.wav,हे निरीक्षक भाजप अध्यक्ष अमित शहा यांना आपला अहवाल सादर करणार आहेत,हे निरीक्षक भाजप अध्यक्ष अमित शाहा यांना आपला अहवाल सादर करणार आहेत,हे निरीक्षक भाजप अध्यक्ष अमित शहा यांना आपला अहवाल सादर करणार आहेत,हे निरीक्षक भाजप अध्यक्ष अमित शाहा यांना आपला अहवाल सादर करणार आहेत,1.52,8.33,0,5.06
sample_00386,D:\marathi-asr\data\vistaar_benchmarks\kathbath\marathi\wavs\844424930834513-954-f.wav,तेवढ्यात माझा लोक बिरादरी शाळेतील जुना माडिया मित्र जुरू मला भेटला,तेवढ्यात माझा लोकबिरादारी शाळेतील जुना मिीडिया मित्र जुरू मला भेटला,तेवढ्यात माझा लोक बिरादरी शाळेतील जुना माडिया मित्र जुरू मला भेटला,तेवढ्यात माझा लोकबिरादारी शाळेतील जुना मिीडिया मित्र जुरू मला भेटला,6.06,27.27,0,5.55
sample_00387,D:\marathi-asr\data\vistaar_benchmarks\kathbath\marathi\wavs\844424930573326-737-f.wav,अनेक मान्यवरांच्या उपस्थितीत पंतप्रधान नरेंद्र मोदी यांच्या हस्ते हे भूमिपूजन होणार आहे,अनेक मान्यवरांच्या उपस्थितीत पंतप्रधान नरेंद्र मोदी यांच्या हस्ते हे भूमिपूजन होणार आहे,अनेक मान्यवरांच्या उपस्थितीत पंतप्रधान नरेंद्र मोदी यांच्या हस्ते हे भूमिपूजन होणार आहे,अनेक मान्यवरांच्या उपस्थितीत पंतप्रधान नरेंद्र मोदी यांच्या हस्ते हे भूमिपूजन होणार आहे,0.0,0.0,1,6.57
sample_00388,D:\marathi-asr\data\vistaar_benchmarks\kathbath\marathi\wavs\844424932311893-980-f.wav,खरेदीसाठी परिचय सुपर मार्केटमध्ये आलेली महिला चेंजिंग रुममध्ये गेली होती,खरेदीसाठी परिचय सुपर मार्केटमध्ये आलेली महिला चेंजिंग रूममध्ये गेली होती,खरेदीसाठी परिचय सुपर मार्केटमध्ये आलेली महिला चेंजिंग रुममध्ये गेली होती,खरेदीसाठी परिचय सुपर मार्केटमध्ये आलेली महिला चेंजिंग रूममध्ये गेली होती,1.39,10.0,0,5.18
sample_00389,D:\marathi-asr\data\vistaar_benchmarks\kathbath\marathi\wavs\844424932372251-132-f.wav,खड्डे चुकवताना चालकाचे वाहनावरील नियंत्रण सुटल्यामुळे बस पलटी झाली,खड्डे चुकवताना चालकाचे वाहनावरील नियंत्रण सुटल्यामुळे बस पलटी झाली,खड्डे चुकवताना चालकाचे वाहनावरील नियंत्रण सुटल्यामुळे बस पलटी झाली,खड्डे चुकवताना चालकाचे वाहनावरील नियंत्रण सुटल्यामुळे बस पलटी झाली,0.0,0.0,1,6.18
sample_00390,D:\marathi-asr\data\vistaar_benchmarks\kathbath\marathi\wavs\844424932262402-809-f.wav,या चित्रपटात भूमी पेडणेकर आणि राजकुमार राव यांची जोडी झळकणार आहे,या चित्रपटात भूमी पेडणेकर आणि राजकुमार राव यांची जोडी झडकणार आहे,या चित्रपटात भूमी पेडणेकर आणि राजकुमार राव यांची जोडी झळकणार आहे,या चित्रपटात भूमी पेडणेकर आणि राजकुमार राव यांची जोडी झडकणार आहे,1.56,9.09,0,7.96
sample_00391,D:\marathi-asr\data\vistaar_benchmarks\kathbath\marathi\wavs\844424930573381-737-f.wav,उलट आज पैशाच्या जोरावर हे नेते विविध पक्षांमध्ये मानाचं स्थान मिरवतायत,उलट आज पैशाच्या जोरावर हे नेते विविध पक्षांमध्ये मानाचं स्थान मिळवतायत,उलट आज पैशाच्या जोरावर हे नेते विविध पक्षांमध्ये मानाचं स्थान मिरवतायत,उलट आज पैशाच्या जोरावर हे नेते विविध पक्षांमध्ये मानाचं स्थान मिळवतायत,1.43,9.09,0,6.36
sample_00392,D:\marathi-asr\data\vistaar_benchmarks\kathbath\marathi\wavs\844424932311936-980-f.wav,कोंडली विधानसभा मतदारसंघ हा दिल्लीमधील एक विधानसभा मतदारसंघ आहे,कोंडली विधानसभा मतदारसंघ हा दिल्लीमधील एक विधानसभा मतदारसंघ आहे,कोंडली विधानसभा मतदारसंघ हा दिल्लीमधील एक विधानसभा मतदारसंघ आहे,कोंडली विधानसभा मतदारसंघ हा दिल्लीमधील एक विधानसभा मतदारसंघ आहे,0.0,0.0,1,5.2
sample_00393,D:\marathi-asr\data\vistaar_benchmarks\kathbath\marathi\wavs\844424930557242-737-f.wav,देशभरात सध्या ईव्हीएम हटवून पुन्हा मतदानासाठी मतपत्रिकेचा वापर केला जावा यासाठी मागणी जोर धरत आहे,देशभरात सध्या ईव्हीएम हटवून पुन्हा मतदानासाठी मतपत्रिकेचा वापर केला जावा यासाठी मागणी जोर धरत आहे,देशभरात सध्या ईव्हीएम हटवून पुन्हा मतदानासाठी मतपत्रिकेचा वापर केला जावा यासाठी मागणी जोर धरत आहे,देशभरात सध्या ईव्हीएम हटवून पुन्हा मतदानासाठी मतपत्रिकेचा वापर केला जावा यासाठी मागणी जोर धरत आहे,0.0,0.0,1,8.2
sample_00394,D:\marathi-asr\data\vistaar_benchmarks\kathbath\marathi\wavs\844424932330082-980-f.wav,ब्रिटिश सरकार क्रांतिकारकांना देत असलेल्या त्रासाची त्यांना संपूर्ण कल्पना होती,ब्रिटिश सरकार क्रांतिकारांना देत असलेल्या त्रासाची त्यांना संपूर्ण कल्पना होती,ब्रिटिश सरकार क्रांतिकारकांना देत असलेल्या त्रासाची त्यांना संपूर्ण कल्पना होती,ब्रिटिश सरकार क्रांतिकारांना देत असलेल्या त्रासाची त्यांना संपूर्ण कल्पना होती,1.27,10.0,0,5.6
sample_00395,D:\marathi-asr\data\vistaar_benchmarks\kathbath\marathi\wavs\844424932828542-933-f.wav,संशयितांविरुद्ध शाहूपुरी पोलिस ठाण्यात गुन्हा दाखल करण्यात आला आहे,संशयितांविरुद्ध शाहूपुरी पोलीस ठाण्यात गुन्हा दाखल करण्यात आला आहे,संशयितांविरुद्ध शाहूपुरी पोलिस ठाण्यात गुन्हा दाखल करण्यात आला आहे,संशयितांविरुद्ध शाहूपुरी पोलीस ठाण्यात गुन्हा दाखल करण्यात आला आहे,1.52,11.11,0,5.27
sample_00396,D:\marathi-asr\data\vistaar_benchmarks\kathbath\marathi\wavs\844424932828571-933-f.wav,हा दौरा अत्यंत यशस्वी ठरला अशी माहिती सरकारकडून देण्यात आली आहे,हा दौरा अत्यंत यशस्वी ठरला अशी माहिती सरकारकडून देण्यात आली आहे,हा दौरा अत्यंत यशस्वी ठरला अशी माहिती सरकारकडून देण्यात आली आहे,हा दौरा अत्यंत यशस्वी ठरला अशी माहिती सरकारकडून देण्यात आली आहे,0.0,0.0,1,5.57
sample_00397,D:\marathi-asr\data\vistaar_benchmarks\kathbath\marathi\wavs\844424930573292-737-f.wav,काही दिवसांपूर्वी सोशल मीडियावर ९ सेकंदाचा एक व्हिडिओ व्हायरल झाला होता,काही दिवसांपूर्वी सोशल मीडियावर नऊ सेकंदाचा एक व्हिडीिओ व्हायरल झाला होता,काही दिवसांपूर्वी सोशल मीडियावर ९ सेकंदाचा एक व्हिडिओ व्हायरल झाला होता,काही दिवसांपूर्वी सोशल मीडियावर नऊ सेकंदाचा एक व्हिडीिओ व्हायरल झाला होता,4.23,18.18,0,6.18
sample_00398,D:\marathi-asr\data\vistaar_benchmarks\kathbath\marathi\wavs\844424932372216-132-f.wav,मुळात आपल्याला स्वातंत्र्य मिळाले तेच अनेक गंभीर प्रश्न उत्पन्न करतच,मुळात आपल्याला स्वातंत्र्य मिळाले तेच अनेक गंभीर प्रश्न उत्पन्न करतच,मुळात आपल्याला स्वातंत्र्य मिळाले तेच अनेक गंभीर प्रश्न उत्पन्न करतच,मुळात आपल्याला स्वातंत्र्य मिळाले तेच अनेक गंभीर प्रश्न उत्पन्न करतच,0.0,0.0,1,5.43
sample_00399,D:\marathi-asr\data\vistaar_benchmarks\kathbath\marathi\wavs\844424932311937-980-f.wav,यामध्ये चाळींचा पुर्नर विकास केल्या नंतर जेवढा विकास करण्यात आला,त्यामध्ये चाळींचा पुनर्विकास केल्यानंतर जेवढा विकास करण्यात आला,यामध्ये चाळींचा पुर्नर विकास केल्या नंतर जेवढा विकास करण्यात आला,त्यामध्ये चाळींचा पुनर्विकास केल्यानंतर जेवढा विकास करण्यात आला,9.38,50.0,0,4.23
sample_00400,D:\marathi-asr\data\vistaar_benchmarks\kathbath\marathi\wavs\844424930557259-737-f.wav,खात्यांना किमान शिलकीची अट नसल्याने बँकांकडून त्यावर कोणतीही सुविधा देण्यात येत नव्हती,खात्यांना किमान शिल्कीची अट नसल्याने बँकांकडून त्यावर कोणतीही सुविधा देण्यात येत नव्हती,खात्यांना किमान शिलकीची अट नसल्याने बँकांकडून त्यावर कोणतीही सुविधा देण्यात येत नव्हती,खात्यांना किमान शिल्कीची अट नसल्याने बँकांकडून त्यावर कोणतीही सुविधा देण्यात येत नव्हती,1.16,8.33,0,6.48
sample_00401,D:\marathi-asr\data\vistaar_benchmarks\kathbath\marathi\wavs\844424930868446-933-f.wav,यामध्ये महाविकास आघाडीचे ५ तर भाजपाचे ४ उमेदवार निवडून येण्याची शक्यता आहे,या महाविकास आघाडीचे पाच तर भाजपचे चार उमेदवार निवडून येण्याची शक्यता आहे,यामध्ये महाविकास आघाडीचे ५ तर भाजपाचे ४ उमेदवार निवडून येण्याची शक्यता आहे,या महाविकास आघाडीचे पाच तर भाजपचे चार उमेदवार निवडून येण्याची शक्यता आहे,16.22,33.33,0,5.85
sample_00402,D:\marathi-asr\data\vistaar_benchmarks\kathbath\marathi\wavs\844424932484390-573-f.wav,निवडणुकीत भाजप पक्षाला बहुतम मिळणार असा अंदाज अनेक सर्व्हेतून व्यक्त केला गेला होता,निवडणुकीत भाजपा पक्षाला बहुमत मिळणार असा अंदाज अनेक सर्व हेतून व्यक्त केला गेला होता,निवडणुकीत भाजप पक्षाला बहुतम मिळणार असा अंदाज अनेक सर्व्हेतून व्यक्त केला गेला होता,निवडणुकीत भाजपा पक्षाला बहुमत मिळणार असा अंदाज अनेक सर्व हेतून व्यक्त केला गेला होता,4.82,30.77,0,8.52
sample_00403,D:\marathi-asr\data\vistaar_benchmarks\kathbath\marathi\wavs\844424932330016-980-f.wav,या चेकलिस्टनुसारच या संस्थांना अन्नाची सुरक्षा तसेच स्वच्छता ठेवावी लागणार आहे,एककलिस्टनुसारच या संस्थांना अन्नाची सुरक्षा तसेंच स्वच्छता ठेवावी लागणार आहे,या चेकलिस्टनुसारच या संस्थांना अन्नाची सुरक्षा तसेच स्वच्छता ठेवावी लागणार आहे,एककलिस्टनुसारच या संस्थांना अन्नाची सुरक्षा तसेंच स्वच्छता ठेवावी लागणार आहे,7.69,27.27,0,6.11
sample_00404,D:\marathi-asr\data\vistaar_benchmarks\kathbath\marathi\wavs\844424930557277-737-f.wav,यंदा आंबा बाजारपेठेतून येणारा महसूल २० ते ३० टक्क्यांनी खाली घसरला आहे,यंदा आंबा बाजारपेठेतून येणारा महसूल वीस ते तीस टक्क्यांनी खाली घसरला आहे,यंदा आंबा बाजारपेठेतून येणारा महसूल २० ते ३० टक्क्यांनी खाली घसरला आहे,यंदा आंबा बाजारपेठेतून येणारा महसूल वीस ते तीस टक्क्यांनी खाली घसरला आहे,8.57,16.67,0,6.11
sample_00405,D:\marathi-asr\data\vistaar_benchmarks\kathbath\marathi\wavs\844424932372252-132-f.wav,गेल्या वर्षी झालेल्या मोठ्या व्यवहारानुसार वॉलमार्टने फ्लिपकार्टमधील ७७ टक्के भांडवली हिस्सा विकत घेतला होता,गेल्या वर्षी झालेल्या मोठ्या व्यवहारानुसार वॉलमार्टने फ्लिपकार्टमधील सत्याहत्तर टक्के भांडवली हिस्सा विकत घेतला होता,गेल्या वर्षी झालेल्या मोठ्या व्यवहारानुसार वॉलमार्टने फ्लिपकार्टमधील ७७ टक्के भांडवली हिस्सा विकत घेतला होता,गेल्या वर्षी झालेल्या मोठ्या व्यवहारानुसार वॉलमार्टने फ्लिपकार्टमधील सत्याहत्तर टक्के भांडवली हिस्सा विकत घेतला होता,9.26,7.14,0,8.92
sample_00406,D:\marathi-asr\data\vistaar_benchmarks\kathbath\marathi\wavs\844424930868490-933-f.wav,पण त्यांच्या सीस्टीम मधे नक्की काय झालय ते समजल्या शिवाय फायदा नाही,पण त्यांच्या सिस्टीममध्ये नक्की काय झालंय ते समजल्याशिवाय फायदा नाही,पण त्यांच्या सीस्टीम मधे नक्की काय झालय ते समजल्या शिवाय फायदा नाही,पण त्यांच्या सिस्टीममध्ये नक्की काय झालंय ते समजल्याशिवाय फायदा नाही,8.96,41.67,0,5.29
sample_00407,D:\marathi-asr\data\vistaar_benchmarks\kathbath\marathi\wavs\844424930573330-737-f.wav,गाथाचित्रशती लेखन स्पर्धेतिल लेख वाचतावाचता माझ जुन सिनेमाप्रेम आणि आठवणी जाग्या झाल्या,गाथा चित्रशती लेखन स्पर्धेतील लेख वाचता वाचता माझा जुन सिनेमा प्रेम आणि आठवणी जाग्या झाल्या,गाथाचित्रशती लेखन स्पर्धेतिल लेख वाचतावाचता माझ जुन सिनेमाप्रेम आणि आठवणी जाग्या झाल्या,गाथा चित्रशती लेखन स्पर्धेतील लेख वाचता वाचता माझा जुन सिनेमा प्रेम आणि आठवणी जाग्या झाल्या,5.75,66.67,0,7.96
sample_00408,D:\marathi-asr\data\vistaar_benchmarks\kathbath\marathi\wavs\844424932330105-980-f.wav,घरगुती गणेशोत्सावासाठी गणेश मूर्ती खरेदीसाठी नागरिकांनी गर्दी केली होती,घरगुती गणेशोत्सवासाठी गणेश मूर्ती खरेदीसाठी नागरिकांनी गर्दी केली होती,घरगुती गणेशोत्सावासाठी गणेश मूर्ती खरेदीसाठी नागरिकांनी गर्दी केली होती,घरगुती गणेशोत्सवासाठी गणेश मूर्ती खरेदीसाठी नागरिकांनी गर्दी केली होती,1.41,11.11,0,5.43
sample_00409,D:\marathi-asr\data\vistaar_benchmarks\kathbath\marathi\wavs\844424931130752-933-f.wav,या गोपनीय बैठकीतील संवादाची ऑडीओ क्लिप प्रहार डिजिटलच्या हाती लागली आहे,या गोपनीय बैठकीतील संवादाची ऑडिओ क्लिप रहात डिजिटलच्या हाती लागली आहे,या गोपनीय बैठकीतील संवादाची ऑडीओ क्लिप प्रहार डिजिटलच्या हाती लागली आहे,या गोपनीय बैठकीतील संवादाची ऑडिओ क्लिप रहात डिजिटलच्या हाती लागली आहे,5.63,18.18,0,5.69
sample_00410,D:\marathi-asr\data\vistaar_benchmarks\kathbath\marathi\wavs\844424931570570-236-f.wav,१ जुलै २०१५ पासून सहकारी संस्थांच्या सर्वेक्षणाची मोहीम हाती घेण्यात आली,एक जुलै दोन हजार पंधरापासून सहकारी संस्थांच्या सर्वेक्षणाची मोहीम हाती घेण्यात आली,१ जुलै २०१५ पासून सहकारी संस्थांच्या सर्वेक्षणाची मोहीम हाती घेण्यात आली,एक जुलै दोन हजार पंधरापासून सहकारी संस्थांच्या सर्वेक्षणाची मोहीम हाती घेण्यात आली,20.83,36.36,0,6.34
sample_00411,D:\marathi-asr\data\vistaar_benchmarks\kathbath\marathi\wavs\844424932372240-132-f.wav,ड्रोन मानवी पेक्षा कमी वेळेत अधिक फोटो घेऊ शकतात,ड्रोन मानवीपेक्षा कमी वेळेत अधिक फोटो घेऊ शकतात,ड्रोन मानवी पेक्षा कमी वेळेत अधिक फोटो घेऊ शकतात,ड्रोन मानवीपेक्षा कमी वेळेत अधिक फोटो घेऊ शकतात,2.08,22.22,0,4.57
sample_00412,D:\marathi-asr\data\vistaar_benchmarks\kathbath\marathi\wavs\844424932823350-715-f.wav,तर दुसऱ्या व्यंगचित्रात राज ठाकरे हे हातत लाडू घेऊन उभे आहेत,तर दुसऱ्या व्यंगचित्रात राज ठाकरे हे हातात लाडू घेऊन उभे आहेत,तर दुसऱ्या व्यंगचित्रात राज ठाकरे हे हातत लाडू घेऊन उभे आहेत,तर दुसऱ्या व्यंगचित्रात राज ठाकरे हे हातात लाडू घेऊन उभे आहेत,4.92,18.18,0,5.11
sample_00413,D:\marathi-asr\data\vistaar_benchmarks\kathbath\marathi\wavs\844424930573382-737-f.wav,त्याकडे दुर्लक्ष करण्यासाठीच कंत्राटदार अभियंत्यांचे खिसे गरम करत असतो,त्याकडे दुर्लक्ष करण्यासाठीच कंत्राटदार अभियंत्यांचे खिस्से गरम करत असतो,त्याकडे दुर्लक्ष करण्यासाठीच कंत्राटदार अभियंत्यांचे खिसे गरम करत असतो,त्याकडे दुर्लक्ष करण्यासाठीच कंत्राटदार अभियंत्यांचे खिस्से गरम करत असतो,2.86,11.11,0,5.92
sample_00414,D:\marathi-asr\data\vistaar_benchmarks\kathbath\marathi\wavs\844424930902741-715-f.wav,एक टाइल उच्च दर्जाचे बिट खर्च जोरदार उच्च आहे,एक टाईल उच्च दर्जाचे बीट खर्च जोरदार उच्च आहे,एक टाइल उच्च दर्जाचे बिट खर्च जोरदार उच्च आहे,एक टाईल उच्च दर्जाचे बीट खर्च जोरदार उच्च आहे,4.44,22.22,0,4.43
sample_00415,D:\marathi-asr\data\vistaar_benchmarks\kathbath\marathi\wavs\844424930573339-737-f.wav,उमेदवारीसाठी इच्छुक असलेल्या महिला काँग्रेसच्या प्रदेशाध्यक्ष प्रतिमा कुतिन्हो उमेदवारी न मिळाल्याने नाराज होत्या,उमेदवारीसाठी इच्छुक असलेल्या महिला काँग्रेसच्या प्रदेशाध्यक्ष प्रतिमा कुत्तीननो उमेदवारी न मिळाल्याने नाराज होत्या,उमेदवारीसाठी इच्छुक असलेल्या महिला काँग्रेसच्या प्रदेशाध्यक्ष प्रतिमा कुतिन्हो उमेदवारी न मिळाल्याने नाराज होत्या,उमेदवारीसाठी इच्छुक असलेल्या महिला काँग्रेसच्या प्रदेशाध्यक्ष प्रतिमा कुत्तीननो उमेदवारी न मिळाल्याने नाराज होत्या,4.42,7.69,0,8.31
sample_00416,D:\marathi-asr\data\vistaar_benchmarks\kathbath\marathi\wavs\844424932484369-573-f.wav,बहुस्तरीय स्त्रीलिंगी शैली आणि डिझाइनमधील वांशिक डिझाईन्स लोकप्रियता गमावून बसतात आणि नवीन हंगामात प्रचलित राहतात,बहुस्तरीय स्त्रीलिंगी शैली आणि डिझाईनमधील वांशिक डिझाइन्स लोकप्रियता गमावून बसतात आणि नवीन हंगामात प्रचलित राहतात,बहुस्तरीय स्त्रीलिंगी शैली आणि डिझाइनमधील वांशिक डिझाईन्स लोकप्रियता गमावून बसतात आणि नवीन हंगामात प्रचलित राहतात,बहुस्तरीय स्त्रीलिंगी शैली आणि डिझाईनमधील वांशिक डिझाइन्स लोकप्रियता गमावून बसतात आणि नवीन हंगामात प्रचलित राहतात,1.77,13.33,0,10.33
sample_00417,D:\marathi-asr\data\vistaar_benchmarks\kathbath\marathi\wavs\844424931570574-236-f.wav,ही बस पाहून दिल्ली पोलिसांपासून आजूबाजूचे लोक आजही संतप्त आहेत,ही बस पाहून दिल्ली पोलिसांपासून आजूबाजूचे लोक आजही संतप्त आहेत,ही बस पाहून दिल्ली पोलिसांपासून आजूबाजूचे लोक आजही संतप्त आहेत,ही बस पाहून दिल्ली पोलिसांपासून आजूबाजूचे लोक आजही संतप्त आहेत,0.0,0.0,1,6.41
sample_00418,D:\marathi-asr\data\vistaar_benchmarks\kathbath\marathi\wavs\844424932828569-933-f.wav,मात्र लसीकरणांवर भर देण्यासाठी दुकानांमधील सर्व कर्मचाऱ्यांचे लसीकरण झालेलं असणं गरजेचं आहे,मात्र लसीकरणांवर भर देण्यासाठी दुकानांमधील सर्व कर्मचाऱ्यांचे लसीकरण झालेलं असणं गरजेचं आहे,मात्र लसीकरणांवर भर देण्यासाठी दुकानांमधील सर्व कर्मचाऱ्यांचे लसीकरण झालेलं असणं गरजेचं आहे,मात्र लसीकरणांवर भर देण्यासाठी दुकानांमधील सर्व कर्मचाऱ्यांचे लसीकरण झालेलं असणं गरजेचं आहे,2.17,8.33,0,6.94
sample_00419,D:\marathi-asr\data\vistaar_benchmarks\kathbath\marathi\wavs\844424930868510-933-f.wav,त्यासाठी महिन्याकाठी होणारा पाच ते सहा लाख रुपयांचा खर्च अनावश्यक असल्याचे सूत्रांचे म्हणणे आहे,त्यासाठी महिन्याकाठी होणारा पाच ते सहा लाख रुपयांचा खर्च अनावश्यक असल्याचे सुद्रांचे म्हणणे आहे,त्यासाठी महिन्याकाठी होणारा पाच ते सहा लाख रुपयांचा खर्च अनावश्यक असल्याचे सूत्रांचे म्हणणे आहे,त्यासाठी महिन्याकाठी होणारा पाच ते सहा लाख रुपयांचा खर्च अनावश्यक असल्याचे सुद्रांचे म्हणणे आहे,2.11,7.14,0,7.62
sample_00420,D:\marathi-asr\data\vistaar_benchmarks\kathbath\marathi\wavs\844424930875919-954-f.wav,काही दिवसांपासून पाठीच्या दुखण्याने त्यांना हैराण केल्यामुळे ते उपचार घेण्यासाठी अमेरिकेला गेले असल्याचे समजते,काही दिवसांपासून पाठीच्या दुखल्याने त्यांना हैराण केल्यामुळे ते उपचार घेण्यासाठी अमेरिकाला गेले असल्याचे समजते,काही दिवसांपासून पाठीच्या दुखण्याने त्यांना हैराण केल्यामुळे ते उपचार घेण्यासाठी अमेरिकेला गेले असल्याचे समजते,काही दिवसांपासून पाठीच्या दुखल्याने त्यांना हैराण केल्यामुळे ते उपचार घेण्यासाठी अमेरिकाला गेले असल्याचे समजते,1.82,14.29,0,9.08
sample_00421,D:\marathi-asr\data\vistaar_benchmarks\kathbath\marathi\wavs\844424932337202-809-f.wav,फायलिन चक्रीवादळामुळे ओडीशा आणि आंध्र प्रदेशच्या काही भागांत २४ तासांत मुसळधार पाऊस पडण्याची शक्यता आहे,फायलन चक्रीवादळामुळे ओडिसा आणि आंध्र प्र्रदेशच्या काही भागात चोवीस तासात मुसळधार पाऊस पडण्याची शक्यता आहे,फायलिन चक्रीवादळामुळे ओडीशा आणि आंध्र प्रदेशच्या काही भागांत २४ तासांत मुसळधार पाऊस पडण्याची शक्यता आहे,फायलन चक्रीवादळामुळे ओडिसा आणि आंध्र प्र्रदेशच्या काही भागात चोवीस तासात मुसळधार पाऊस पडण्याची शक्यता आहे,11.65,40.0,0,9.01
sample_00422,D:\marathi-asr\data\vistaar_benchmarks\kathbath\marathi\wavs\844424930906935-972-f.wav,अमिताभ बच्चन कौन बनेगा करोडपती सुरू असताना स्पर्धकाला मुघल बादशाह औरंगजेबाबाबत प्रश्न विचारण्यात आला,अमिताभ बच्चन कोण बने का करोडपती सुरू असताना स्पर्धकाला मुघल बादशा औरंगजेबेबाबत प्रश्न विचारण्यात आला,अमिताभ बच्चन कौन बनेगा करोडपती सुरू असताना स्पर्धकाला मुघल बादशाह औरंगजेबाबाबत प्रश्न विचारण्यात आला,अमिताभ बच्चन कोण बने का करोडपती सुरू असताना स्पर्धकाला मुघल बादशा औरंगजेबेबाबत प्रश्न विचारण्यात आला,6.0,35.71,0,8.68
sample_00423,D:\marathi-asr\data\vistaar_benchmarks\kathbath\marathi\wavs\844424931570601-236-f.wav,कल्याणमध्ये भाजपाच्या उमेदवाराला उमेदवारी दिल्यामुळे शिवसैनिक प्रचंड नाराज झाले आहेत,कल्याणमध्ये भाजपाच्या उमेदवाराला उमेदवारी दिल्यामुळे शिवसैनिक प्रचंड नाराज झाले आहेत,कल्याणमध्ये भाजपाच्या उमेदवाराला उमेदवारी दिल्यामुळे शिवसैनिक प्रचंड नाराज झाले आहेत,कल्याणमध्ये भाजपाच्या उमेदवाराला उमेदवारी दिल्यामुळे शिवसैनिक प्रचंड नाराज झाले आहेत,0.0,0.0,1,6.97
sample_00424,D:\marathi-asr\data\vistaar_benchmarks\kathbath\marathi\wavs\844424930875837-954-f.wav,या निवडणुकीमध्ये रंग भरण्यास सुरुवात झाली असून उमेदवारांचा प्रचारही सुरू झालेला आहे,या निवडणुकीमध्ये रंग भरण्यास सुरुवात झाली असूनही उमेदवारांचा प्रचारही सुरू झालेला आहे,या निवडणुकीमध्ये रंग भरण्यास सुरुवात झाली असून उमेदवारांचा प्रचारही सुरू झालेला आहे,या निवडणुकीमध्ये रंग भरण्यास सुरुवात झाली असूनही उमेदवारांचा प्रचारही सुरू झालेला आहे,2.41,8.33,0,7.36
sample_00425,D:\marathi-asr\data\vistaar_benchmarks\kathbath\marathi\wavs\844424930557282-737-f.wav,हे मानधन मिळावे यासाठी ही केस लावली गेली आहे,हे मानधन मिळावे यासाठी ही केस लावली गेली आहे,हे मानधन मिळावे यासाठी ही केस लावली गेली आहे,हे मानधन मिळावे यासाठी ही केस लावली गेली आहे,0.0,0.0,1,4.3
sample_00426,D:\marathi-asr\data\vistaar_benchmarks\kathbath\marathi\wavs\844424930868429-933-f.wav,ज्या राज्यांमध्ये आकडे कमी आहेत म्हणजे काही ती महान आहेत असा अर्थ होत नाही,ज्या राज्यांमध्ये आकडे कमी आहेत म्हणजे ती महान आहेत असा अर्थ होत नाही,ज्या राज्यांमध्ये आकडे कमी आहेत म्हणजे काही ती महान आहेत असा अर्थ होत नाही,ज्या राज्यांमध्ये आकडे कमी आहेत म्हणजे ती महान आहेत असा अर्थ होत नाही,6.76,7.14,0,5.92
sample_00427,D:\marathi-asr\data\vistaar_benchmarks\kathbath\marathi\wavs\844424930902680-715-f.wav,या कार्यक्रमात राहुल बजाज यांनी सरकारनेच देशात भय व अस्थिरता निर्माण केल्याचे सांगितले,या कार्यक्रमात राहुल बजाज यांनी सरकारनेचे देशाची भय व अस्थिरता निर्माण केल्याचे सांगितले आहे,या कार्यक्रमात राहुल बजाज यांनी सरकारनेच देशात भय व अस्थिरता निर्माण केल्याचे सांगितले,या कार्यक्रमात राहुल बजाज यांनी सरकारनेचे देशाची भय व अस्थिरता निर्माण केल्याचे सांगितले आहे,8.14,23.08,0,6.92
sample_00428,D:\marathi-asr\data\vistaar_benchmarks\kathbath\marathi\wavs\844424930573367-737-f.wav,त्याचबरोबर देशांतर्गत विमानसेवाही बुधवार मध्यरात्रीपासून बंद करण्यात आलेली आहे,त्याचबरोबर देशांतर्गत विमानसेवाही बुधवारमध्ये रात्रीपासून बंद करण्यात आलेली आहे,त्याचबरोबर देशांतर्गत विमानसेवाही बुधवार मध्यरात्रीपासून बंद करण्यात आलेली आहे,त्याचबरोबर देशांतर्गत विमानसेवाही बुधवारमध्ये रात्रीपासून बंद करण्यात आलेली आहे,3.85,22.22,0,6.71
sample_00429,D:\marathi-asr\data\vistaar_benchmarks\kathbath\marathi\wavs\844424931218220-933-f.wav,या व्हीडिओमध्ये पोलिस पुढे चालताना दिसत आहेत तर दंगलखोर त्यांच्या मागे गाड्यांना आग लावत आहेत,या व्हिडिओमध्ये पोलीस पुढे चालताना दिसत आहेत तर दंगलखोर त्यांच्या मागे गाड्यांना आग लावत आहेत,या व्हीडिओमध्ये पोलिस पुढे चालताना दिसत आहेत तर दंगलखोर त्यांच्या मागे गाड्यांना आग लावत आहेत,या व्हिडिओमध्ये पोलीस पुढे चालताना दिसत आहेत तर दंगलखोर त्यांच्या मागे गाड्यांना आग लावत आहेत,2.15,13.33,0,8.61
sample_00430,D:\marathi-asr\data\vistaar_benchmarks\kathbath\marathi\wavs\844424932262397-809-f.wav,हिवाळासाठी सफरचंदांपासून बनविलेल्या रसांसह रस भरपूर निरोगी पेयेसह मेन्यूची पुरवणी करण्यासाठी आनंदाने आश्चर्यचकित करेल,हिवाळ्यासाठी सफरचंदापासून बनविलेल्या रसासह रस भरून निरोगी पेयसह मेनूची पुरवणी करण्यासाठी आनंदाने आश्चर्यचकित करेल,हिवाळासाठी सफरचंदांपासून बनविलेल्या रसांसह रस भरपूर निरोगी पेयेसह मेन्यूची पुरवणी करण्यासाठी आनंदाने आश्चर्यचकित करेल,हिवाळ्यासाठी सफरचंदापासून बनविलेल्या रसासह रस भरून निरोगी पेयसह मेनूची पुरवणी करण्यासाठी आनंदाने आश्चर्यचकित करेल,7.69,42.86,0,13.33
sample_00431,D:\marathi-asr\data\vistaar_benchmarks\kathbath\marathi\wavs\844424932823359-715-f.wav,फूड ट्रक ही संकल्पना आपल्याकडे हळूहळू रुळू लागली आहे,फूड ट्रक ही संकल्पना आपल्याकडे हळूहळू रुळू लागली आहे,फूड ट्रक ही संकल्पना आपल्याकडे हळूहळू रुळू लागली आहे,फूड ट्रक ही संकल्पना आपल्याकडे हळूहळू रुळू लागली आहे,0.0,0.0,1,5.22
sample_00432,D:\marathi-asr\data\vistaar_benchmarks\kathbath\marathi\wavs\844424930906952-972-f.wav,सध्या हा तांदूळ सिमेंटमिश्रित असल्याची धक्कादायक बाब उजेडात आली आहे,सध्या हा तांदूळ सिमेंट मिश्रित असल्याची धक्कादायक बाब उजेडात आली आहे,सध्या हा तांदूळ सिमेंटमिश्रित असल्याची धक्कादायक बाब उजेडात आली आहे,सध्या हा तांदूळ सिमेंट मिश्रित असल्याची धक्कादायक बाब उजेडात आली आहे,1.49,20.0,0,6.57
sample_00433,D:\marathi-asr\data\vistaar_benchmarks\kathbath\marathi\wavs\844424930834563-954-f.wav,शासन आणि खासगी कंपन्यांच्या परस्पर समन्वयाने वंचित घटकांचा विकास करणे शक्य आहे,शासन आणि खासगी कंपन्यांच्या परस्पर समन्वयाने वंचित घटकांचा विकास करणे शक्य आहे,शासन आणि खासगी कंपन्यांच्या परस्पर समन्वयाने वंचित घटकांचा विकास करणे शक्य आहे,शासन आणि खासगी कंपन्यांच्या परस्पर समन्वयाने वंचित घटकांचा विकास करणे शक्य आहे,0.0,0.0,1,7.13
sample_00434,D:\marathi-asr\data\vistaar_benchmarks\kathbath\marathi\wavs\844424931030037-933-f.wav,या अहवालानुसार पुरुषांपेक्षा महिलांमध्ये सिगारेटमुळे होणाऱ्या नुकसानाचे प्रमाण अधिक असते,या अहवालानुसार पुरुषांपेक्षा महिलांमध्ये सिगारेटमुळे होणाऱ्या नुकसानाचे प्रमाण अधिक असते,या अहवालानुसार पुरुषांपेक्षा महिलांमध्ये सिगारेटमुळे होणाऱ्या नुकसानाचे प्रमाण अधिक असते,या अहवालानुसार पुरुषांपेक्षा महिलांमध्ये सिगारेटमुळे होणाऱ्या नुकसानाचे प्रमाण अधिक असते,2.25,10.0,0,6.48
sample_00435,D:\marathi-asr\data\vistaar_benchmarks\kathbath\marathi\wavs\844424932266708-980-f.wav,बेस्टने २०१० मध्ये आपली कागदी तिकीटे बंद करत मशीनद्वारे तिकीट वितरण करण्याचा निर्णय घेतला,अवेसने दोन हजार दहामध्ये आपली कागदी तिकिटे बंद करत मशीनद्वारे तिकीट वितरण करण्याचा निर्णय घेतला,बेस्टने २०१० मध्ये आपली कागदी तिकीटे बंद करत मशीनद्वारे तिकीट वितरण करण्याचा निर्णय घेतला,अवेसने दोन हजार दहामध्ये आपली कागदी तिकिटे बंद करत मशीनद्वारे तिकीट वितरण करण्याचा निर्णय घेतला,17.98,35.71,0,7.06
sample_00436,D:\marathi-asr\data\vistaar_benchmarks\kathbath\marathi\wavs\844424930557272-737-f.wav,करोनाच्या फैलावामुळे जगभरातील सर्व क्रीडा स्पर्धा स्थगित करण्यात आल्या आहेत,करोनाच्या फैलावामुळे जगभरातील सर्व क्रीडा स्पर्धा स्थगित करण्यात आल्या आहेत,करोनाच्या फैलावामुळे जगभरातील सर्व क्रीडा स्पर्धा स्थगित करण्यात आल्या आहेत,करोनाच्या फैलावामुळे जगभरातील सर्व क्रीडा स्पर्धा स्थगित करण्यात आल्या आहेत,0.0,0.0,1,5.6
sample_00437,D:\marathi-asr\data\vistaar_benchmarks\kathbath\marathi\wavs\844424930906980-972-f.wav,देशात प्रत्येक ठिकाणी या चित्रपटाविरोधात तीव्र आंदोलने व मोर्चे काढण्यात येत आहे,देशात प्रत्येक ठिकाणी या चित्रपटाविरोधात तीव्र आंदोलने व मोर्चे काढण्यात येत आहे,देशात प्रत्येक ठिकाणी या चित्रपटाविरोधात तीव्र आंदोलने व मोर्चे काढण्यात येत आहे,देशात प्रत्येक ठिकाणी या चित्रपटाविरोधात तीव्र आंदोलने व मोर्चे काढण्यात येत आहे,0.0,0.0,1,5.9
sample_00438,D:\marathi-asr\data\vistaar_benchmarks\kathbath\marathi\wavs\844424931130730-933-f.wav,भारततभरातून येणार्या भाविकांच्या उपस्थितीने तिरूवनंतपुरम नगरी सदैव गजबजलेली असते,भारतभरातून येणाऱ्या भाविकांच्या उपस्थितीने तिरुवनंतपुरम नगरी सदैव गजबजलेली असते,भारततभरातून येणार्या भाविकांच्या उपस्थितीने तिरूवनंतपुरम नगरी सदैव गजबजलेली असते,भारतभरातून येणाऱ्या भाविकांच्या उपस्थितीने तिरुवनंतपुरम नगरी सदैव गजबजलेली असते,3.75,33.33,0,7.2
sample_00439,D:\marathi-asr\data\vistaar_benchmarks\kathbath\marathi\wavs\844424932823362-715-f.wav,राष्ट्रीय मीडिया समोर हा मोदींचा पहिला परिचय होता,राष्ट्रीय मीडिया समोर हा मोदींचा पहिला परिचय होता,राष्ट्रीय मीडिया समोर हा मोदींचा पहिला परिचय होता,राष्ट्रीय मीडिया समोर हा मोदींचा पहिला परिचय होता,0.0,0.0,1,4.2
sample_00440,D:\marathi-asr\data\vistaar_benchmarks\kathbath\marathi\wavs\844424932484410-573-f.wav,असा प्रश्न चाहत्यांना पडला असताना बीसीसीआयनं याबाबत पहिल्यांदाच माहिती दिली आहे,असा प्रश्न चाहत्यांना पडला असताना बीसीसीआयने याबाबत पहिल्यांदाच माहिती दिली आहे,असा प्रश्न चाहत्यांना पडला असताना बीसीसीआयनं याबाबत पहिल्यांदाच माहिती दिली आहे,असा प्रश्न चाहत्यांना पडला असताना बीसीसीआयने याबाबत पहिल्यांदाच माहिती दिली आहे,1.27,9.09,0,7.57
sample_00441,D:\marathi-asr\data\vistaar_benchmarks\kathbath\marathi\wavs\844424932330056-980-f.wav,औरंगाबाद शहरात तिसऱ्या लाटेच्या पूर्वीच करोनाबाधित बालकांची संख्या वाढल्याचे चित्र आहे,औरंगाबाद शहरात तिसऱ्या लाटेच्यापूर्वीच कोरोनाबाधित बालकांची संख्या वाढल्याचे चित्र आहे,औरंगाबाद शहरात तिसऱ्या लाटेच्या पूर्वीच करोनाबाधित बालकांची संख्या वाढल्याचे चित्र आहे,औरंगाबाद शहरात तिसऱ्या लाटेच्यापूर्वीच कोरोनाबाधित बालकांची संख्या वाढल्याचे चित्र आहे,4.6,36.36,0,6.92
sample_00442,D:\marathi-asr\data\vistaar_benchmarks\kathbath\marathi\wavs\844424931130755-933-f.wav,शहर परीट समाजाच्यावतीने संत गाडगे महाराज चौक येथील राष्ट्रसंत गाडगे महाराज यांच्या पुतळ्याचे करण्यात आले,शहपेठ समाजाच्या वतीने संत गाडगे महाराज चौक येथील राष्ट्रसंत गाडगे महाराज यांच्या पुतळ्याचे करण्यात आले,शहर परीट समाजाच्यावतीने संत गाडगे महाराज चौक येथील राष्ट्रसंत गाडगे महाराज यांच्या पुतळ्याचे करण्यात आले,शहपेठ समाजाच्या वतीने संत गाडगे महाराज चौक येथील राष्ट्रसंत गाडगे महाराज यांच्या पुतळ्याचे करण्यात आले,5.77,20.0,0,7.38
sample_00443,D:\marathi-asr\data\vistaar_benchmarks\kathbath\marathi\wavs\844424931570578-236-f.wav,सायन फ्लायओव्हर ब्रिज अंशतः किंवा पूर्णपणे वाहतूकीसाठी बंद होणार आहे,सायान फ्लायओव्हर ब्रिज अंशत किंवा पूर्णपणे वाहतुकीसाठी बंद होणार आहे,सायन फ्लायओव्हर ब्रिज अंशतः किंवा पूर्णपणे वाहतूकीसाठी बंद होणार आहे,सायान फ्लायओव्हर ब्रिज अंशत किंवा पूर्णपणे वाहतुकीसाठी बंद होणार आहे,4.41,30.0,0,6.57
sample_00444,D:\marathi-asr\data\vistaar_benchmarks\kathbath\marathi\wavs\844424932823407-715-f.wav,रत्नागिरी ः जयस्तंभ येथे जिल्हाधिकारी कार्यालयासमोर भीमसैनिकांनी रास्तारोको करत जोरदार निदर्शने केली,रत्नागिरी जयस्तंभ येथे जिल्हाधिकारी कार्यालयासमोर भीमसैनिकांनी रास्ता रोको करत जोरदार निदर्शने केली,रत्नागिरी ः जयस्तंभ येथे जिल्हाधिकारी कार्यालयासमोर भीमसैनिकांनी रास्तारोको करत जोरदार निदर्शने केली,रत्नागिरी जयस्तंभ येथे जिल्हाधिकारी कार्यालयासमोर भीमसैनिकांनी रास्ता रोको करत जोरदार निदर्शने केली,3.0,25.0,0,9.13
sample_00445,D:\marathi-asr\data\vistaar_benchmarks\kathbath\marathi\wavs\844424930557247-737-f.wav,माझा हा सिनेमा कोणी पाहिला तर माझ्याशी कोणीही विवाह करू शकत नाही,माझा हा सिनेमा कोणी पाहिला तर माझ्याशी कोणीही विवाह करू शकत नाही,माझा हा सिनेमा कोणी पाहिला तर माझ्याशी कोणीही विवाह करू शकत नाही,माझा हा सिनेमा कोणी पाहिला तर माझ्याशी कोणीही विवाह करू शकत नाही,0.0,0.0,1,5.48
sample_00446,D:\marathi-asr\data\vistaar_benchmarks\kathbath\marathi\wavs\844424932823398-715-f.wav,इसिसवर आधारीत पोस्ट्सचा समावेश या संवादामध्ये होता त्यामुळे हा निर्णय घेण्यात आला आहे,इसिसवर आधारित पोस्टचा समावेश या संवादामध्ये होता त्यामुळे हा निर्णय घेण्यात आला आहे,इसिसवर आधारीत पोस्ट्सचा समावेश या संवादामध्ये होता त्यामुळे हा निर्णय घेण्यात आला आहे,इसिसवर आधारित पोस्टचा समावेश या संवादामध्ये होता त्यामुळे हा निर्णय घेण्यात आला आहे,3.53,15.38,0,6.34
sample_00447,D:\marathi-asr\data\vistaar_benchmarks\kathbath\marathi\wavs\844424931570517-236-f.wav,हे पत्र दि इंडियन सोसायटी ऑफ लेबर इकॉनॉमिकस आणि अन्य मान्यवरांनी पाठवले आहे,हे पत्र दि इंडियन सोसायटी ऑफ लेबर इकॉनॉमिक्स आणि अन्य मान्यवरांनी पाठवले आहे,हे पत्र दि इंडियन सोसायटी ऑफ लेबर इकॉनॉमिकस आणि अन्य मान्यवरांनी पाठवले आहे,हे पत्र दि इंडियन सोसायटी ऑफ लेबर इकॉनॉमिक्स आणि अन्य मान्यवरांनी पाठवले आहे,1.33,7.69,0,7.5
sample_00448,D:\marathi-asr\data\vistaar_benchmarks\kathbath\marathi\wavs\844424932266666-980-f.wav,मात्र बऱयाच खात्यांचे अधिकारी या कायद्याचे कर्तव्यभावनेने पालन करताना दिसत नाहीत,मात्र बऱ्याच खात्यांचे अधिकारी या कायद्यांचे कर्तव्यभावनेने पालन करताना दिसत नाही,मात्र बऱयाच खात्यांचे अधिकारी या कायद्याचे कर्तव्यभावनेने पालन करताना दिसत नाहीत,मात्र बऱ्याच खात्यांचे अधिकारी या कायद्यांचे कर्तव्यभावनेने पालन करताना दिसत नाही,4.94,27.27,0,5.85
sample_00449,D:\marathi-asr\data\vistaar_benchmarks\kathbath\marathi\wavs\844424932823421-715-f.wav,जानकर आणि पडळकर या चित्रपटात अभिनेत्याच्या रूपानेसुद्धा सर्वसामान्य जनतेवर होणार्या अन्यायाविरुद्ध संघर्ष करताना दिसणार आहेत,जानकर आणि पडळकर या चित्रपटात अभिनेत्यांच्या रूपानेसुद्धा सर्वसामान्य जनतेवर होणाऱ्या अन्यायाविरुद्ध संघर्ष करताना दिसणार आहेत,जानकर आणि पडळकर या चित्रपटात अभिनेत्याच्या रूपानेसुद्धा सर्वसामान्य जनतेवर होणार्या अन्यायाविरुद्ध संघर्ष करताना दिसणार आहेत,जानकर आणि पडळकर या चित्रपटात अभिनेत्यांच्या रूपानेसुद्धा सर्वसामान्य जनतेवर होणाऱ्या अन्यायाविरुद्ध संघर्ष करताना दिसणार आहेत,1.61,13.33,0,10.05
sample_00450,D:\marathi-asr\data\vistaar_benchmarks\kathbath\marathi\wavs\844424932262438-809-f.wav,परंतु मतलब पूर्ण झाल्यानंतर कार्यकर्ता संपवण्याचे धोरण मुरकुटे यांनी राबवले,परंतु मतलब पूर्ण झाल्यानंतर कार्यकर्ता संपण्याचे धोरण मुरकुटे यांनी राबवले,परंतु मतलब पूर्ण झाल्यानंतर कार्यकर्ता संपवण्याचे धोरण मुरकुटे यांनी राबवले,परंतु मतलब पूर्ण झाल्यानंतर कार्यकर्ता संपण्याचे धोरण मुरकुटे यांनी राबवले,1.33,10.0,0,9.4
sample_00451,D:\marathi-asr\data\vistaar_benchmarks\kathbath\marathi\wavs\844424930557196-737-f.wav,त्याला संगमनेर येथील शासकीय रुग्णालयात उपचारासाठी आणले असता त्याला वैद्यकीय अधिकार्यांनी मृत घोषित केले,त्याला संगमनेर येथील शासकीय रुग्णालयात उपचारासाठी आणले असता त्याला वैद्यकीय अधिकाऱ्यांनी मृत घोषित केले,त्याला संगमनेर येथील शासकीय रुग्णालयात उपचारासाठी आणले असता त्याला वैद्यकीय अधिकार्यांनी मृत घोषित केले,त्याला संगमनेर येथील शासकीय रुग्णालयात उपचारासाठी आणले असता त्याला वैद्यकीय अधिकाऱ्यांनी मृत घोषित केले,0.97,7.14,0,7.92
sample_00452,D:\marathi-asr\data\vistaar_benchmarks\kathbath\marathi\wavs\844424932372232-132-f.wav,जिल्हा प्रशासन संपूर्ण परिस्थितीवर लक्ष ठेवत असून ब्रम्हपुरी येथे तळ ठोकून आहे,जिल्हा प्रशासन संपूर्ण परिस्थितीवर लक्ष ठेवत असून ब्रह्मपुरी येथे तळ ठोकून आहे,जिल्हा प्रशासन संपूर्ण परिस्थितीवर लक्ष ठेवत असून ब्रम्हपुरी येथे तळ ठोकून आहे,जिल्हा प्रशासन संपूर्ण परिस्थितीवर लक्ष ठेवत असून ब्रह्मपुरी येथे तळ ठोकून आहे,2.56,8.33,0,6.69
sample_00453,D:\marathi-asr\data\vistaar_benchmarks\kathbath\marathi\wavs\844424932823343-715-f.wav,राजस्थान विधानसभेच्या एकूण २०० जागांपैकी १०७ जागा काँग्रेसकडे आहेत,राजस्थान विधानसभेच्या एकूण दोनशे जागांपैकी एकशे सात जागा काँग्रेसकडे आहेत,राजस्थान विधानसभेच्या एकूण २०० जागांपैकी १०७ जागा काँग्रेसकडे आहेत,राजस्थान विधानसभेच्या एकूण दोनशे जागांपैकी एकशे सात जागा काँग्रेसकडे आहेत,19.7,33.33,0,6.59
sample_00454,D:\marathi-asr\data\vistaar_benchmarks\kathbath\marathi\wavs\844424932266690-980-f.wav,भाजीपाला आणि फळ मार्केट सोडून इतर तीन मार्केट मधील व्यवहार माथाडी कामगारांनी बंद केले,भाजीपाला आणि फळ मार्केट सोडून इतर तीन मार्केटमधील व्यवहार माथाडी कामगारांनी बंद केले,भाजीपाला आणि फळ मार्केट सोडून इतर तीन मार्केट मधील व्यवहार माथाडी कामगारांनी बंद केले,भाजीपाला आणि फळ मार्केट सोडून इतर तीन मार्केटमधील व्यवहार माथाडी कामगारांनी बंद केले,1.18,14.29,0,6.52
sample_00455,D:\marathi-asr\data\vistaar_benchmarks\kathbath\marathi\wavs\844424930902750-715-f.wav,त्यामुळे राष्ट्रवादीला उमेदवारीचे वाटप करण्याला सुद्धा द्विधा निर्माण झाली आहे,त्यामुळे राष्ट्रवादीला उमेदवारीचे वाटप करण्याला सुुद्धा द्विधवा निर्माण झाली आहे,त्यामुळे राष्ट्रवादीला उमेदवारीचे वाटप करण्याला सुद्धा द्विधा निर्माण झाली आहे,त्यामुळे राष्ट्रवादीला उमेदवारीचे वाटप करण्याला सुुद्धा द्विधवा निर्माण झाली आहे,2.56,20.0,0,6.46
sample_00456,D:\marathi-asr\data\vistaar_benchmarks\kathbath\marathi\wavs\844424930573390-737-f.wav,खासगी क्षेत्रात आघाडीवर असणाऱ्या एचडीएफसी बँकेच्या ग्राहकांना सोमवारी प्रचंड मनस्तापास सामोरे जावे लागले,खासगी क्षेत्रात आघाडीवर असणाऱ्या एचडीएफसी बँकेच्या ग्राहकांना सोमवारी प्रचंड मनस्तापास सामोरे जावे लागले,खासगी क्षेत्रात आघाडीवर असणाऱ्या एचडीएफसी बँकेच्या ग्राहकांना सोमवारी प्रचंड मनस्तापास सामोरे जावे लागले,खासगी क्षेत्रात आघाडीवर असणाऱ्या एचडीएफसी बँकेच्या ग्राहकांना सोमवारी प्रचंड मनस्तापास सामोरे जावे लागले,1.9,7.69,0,8.57
sample_00457,D:\marathi-asr\data\vistaar_benchmarks\kathbath\marathi\wavs\844424932372165-132-f.wav,जुन्या कायद्याच्या आधारे आज देवस्थानांचा कारभार चालविणे कठीण होऊन बसले आहे,जुन्या कायद्याच्या आधारे आज देवस्थानाचा कारभार चालवणे कठीण होऊन बसले आहे,जुन्या कायद्याच्या आधारे आज देवस्थानांचा कारभार चालविणे कठीण होऊन बसले आहे,जुन्या कायद्याच्या आधारे आज देवस्थानाचा कारभार चालवणे कठीण होऊन बसले आहे,2.7,18.18,0,7.08
sample_00458,D:\marathi-asr\data\vistaar_benchmarks\kathbath\marathi\wavs\844424932330023-980-f.wav,फसवणूक करणार्याविरुध्द जेलरोड पोलिस ठाण्यात गुन्हा दाखल करण्यात आला आहे,फसवणूक करणाऱ्यांविरुद्ध जेलरोड पोलीस ठाण्यात गुन्हा दाखल करण्यात आला आहे,फसवणूक करणार्याविरुध्द जेलरोड पोलिस ठाण्यात गुन्हा दाखल करण्यात आला आहे,फसवणूक करणाऱ्यांविरुद्ध जेलरोड पोलीस ठाण्यात गुन्हा दाखल करण्यात आला आहे,7.04,20.0,0,5.55
sample_00459,D:\marathi-asr\data\vistaar_benchmarks\kathbath\marathi\wavs\844424932484375-573-f.wav,१९६५ सालापासून क्यूबामध्ये कॅस्ट्रो व त्याचा भाऊ राउल कास्त्रो ह्यांच्या नेतृत्वाखाली साम्यवादी प्रशासन अस्तित्वात आले,एकोणीससो प्यासष्ट सालापासून क्युबामध्ये कॅस्ट्रो व त्यांच्या भाऊ राॉयल कॅस्ट्रो ह्याच्या नेतृत्वाखाली साम्यवादी प्रशासन अस्तित्वात आले,१९६५ सालापासून क्यूबामध्ये कॅस्ट्रो व त्याचा भाऊ राउल कास्त्रो ह्यांच्या नेतृत्वाखाली साम्यवादी प्रशासन अस्तित्वात आले,एकोणीससो प्यासष्ट सालापासून क्युबामध्ये कॅस्ट्रो व त्यांच्या भाऊ राॉयल कॅस्ट्रो ह्याच्या नेतृत्वाखाली साम्यवादी प्रशासन अस्तित्वात आले,22.03,46.67,0,9.57
sample_00460,D:\marathi-asr\data\vistaar_benchmarks\kathbath\marathi\wavs\844424930573300-737-f.wav,पाकिस्तानच्या या वागणुकीचा शिवसेनेकडून तीव्र निषेध करण्यात आला आहे,पाकिस्तानच्या या वागणुकीचा शिवसेनेकडून तीव्र निषेध करण्यात आला आहे,पाकिस्तानच्या या वागणुकीचा शिवसेनेकडून तीव्र निषेध करण्यात आला आहे,पाकिस्तानच्या या वागणुकीचा शिवसेनेकडून तीव्र निषेध करण्यात आला आहे,0.0,0.0,1,5.22
sample_00461,D:\marathi-asr\data\vistaar_benchmarks\kathbath\marathi\wavs\844424930906999-972-f.wav,स्पार्टाकसचा एस्केप मार्ग ब्रिंडिसियम येथे थांबला गेला आणि तिसऱ्या रोमन ताकदीला मासेदोनियातून परत पाठवण्यात आले,स्पार्टाकसचा एक्सेप मार्ग ब्रिटिशियम येथे थांबला गेला आणि तिसऱ्या रोमन ताकदीला मासे दोनियातून परत पाठवण्यात आले,स्पार्टाकसचा एस्केप मार्ग ब्रिंडिसियम येथे थांबला गेला आणि तिसऱ्या रोमन ताकदीला मासेदोनियातून परत पाठवण्यात आले,स्पार्टाकसचा एक्सेप मार्ग ब्रिटिशियम येथे थांबला गेला आणि तिसऱ्या रोमन ताकदीला मासे दोनियातून परत पाठवण्यात आले,7.14,33.33,0,9.36
sample_00462,D:\marathi-asr\data\vistaar_benchmarks\kathbath\marathi\wavs\844424932311939-980-f.wav,१९५२ च्या सीआयडी चित्रपटामध्ये प्रथमच भानूंना कॉश्चूम डिझायनर म्हणून संधी मिळाली,एकोणीसशे बावन्च्या सीयाडी चित्रपटामध्ये प्रथमच भानूंना कॉस्च्यूम डिझायनर म्हणून संधी मिळाली,१९५२ च्या सीआयडी चित्रपटामध्ये प्रथमच भानूंना कॉश्चूम डिझायनर म्हणून संधी मिळाली,एकोणीसशे बावन्च्या सीयाडी चित्रपटामध्ये प्रथमच भानूंना कॉस्च्यूम डिझायनर म्हणून संधी मिळाली,22.5,36.36,0,5.94
sample_00463,D:\marathi-asr\data\vistaar_benchmarks\kathbath\marathi\wavs\844424932330038-980-f.wav,सराफ बाजारात थेट नदीप्रमाणे पाणी वाहिल्याने अनेक दुचाकी वाहून जाता जाता वाचवल्या,सराब बाजारात थेट नदीप्रमाणे पाणी वाहिल्याने अनेक दुचाकी वाहून जाता जातं वाचवल्या,सराफ बाजारात थेट नदीप्रमाणे पाणी वाहिल्याने अनेक दुचाकी वाहून जाता जाता वाचवल्या,सराब बाजारात थेट नदीप्रमाणे पाणी वाहिल्याने अनेक दुचाकी वाहून जाता जातं वाचवल्या,2.5,16.67,0,6.52
sample_00464,D:\marathi-asr\data\vistaar_benchmarks\kathbath\marathi\wavs\844424930573338-737-f.wav,यावेळी बच्चन सिंग यांनी पुणे पोलीस दल करीत असलेल्या विविध उपक्रमांविषयी उपस्थितांना माहिती दिली,यावेळी बच्चन सिंग यांनी पुणे पोलीस दल करीत असलेल्या विविध उपक्रमांविषयी उपस्थितांना माहिती दिली,यावेळी बच्चन सिंग यांनी पुणे पोलीस दल करीत असलेल्या विविध उपक्रमांविषयी उपस्थितांना माहिती दिली,यावेळी बच्चन सिंग यांनी पुणे पोलीस दल करीत असलेल्या विविध उपक्रमांविषयी उपस्थितांना माहिती दिली,0.0,0.0,1,7.01
sample_00465,D:\marathi-asr\data\vistaar_benchmarks\kathbath\marathi\wavs\844424932484444-573-f.wav,याद्वारे एकू २ हजार ७२५ जागा भरल्या जाणार आहेत,याद्वारे एकू दो हजार सात सो पच्चवीस जागा भरल्या जाणार आहेत,याद्वारे एकू २ हजार ७२५ जागा भरल्या जाणार आहेत,याद्वारे एकू दो हजार सात सो पच्चवीस जागा भरल्या जाणार आहेत,34.78,44.44,0,5.39
sample_00466,D:\marathi-asr\data\vistaar_benchmarks\kathbath\marathi\wavs\844424932372158-132-f.wav,एफआयआरमध्ये नाव आल्यानंतर लगेचच त्यांनी देशाबाहेर पलायन केल्याची गुजरात पोलिसांनी पुष्टी केली आहे,एफआयआरमध्ये नाव आल्यानंतर लगेचच त्यांनी देशाबाहेर पलायन केल्याची गुजरात पोलिसांनी पुष्टी केली आहे,एफआयआरमध्ये नाव आल्यानंतर लगेचच त्यांनी देशाबाहेर पलायन केल्याची गुजरात पोलिसांनी पुष्टी केली आहे,एफआयआरमध्ये नाव आल्यानंतर लगेचच त्यांनी देशाबाहेर पलायन केल्याची गुजरात पोलिसांनी पुष्टी केली आहे,0.0,0.0,1,8.1
sample_00467,D:\marathi-asr\data\vistaar_benchmarks\kathbath\marathi\wavs\844424931570512-236-f.wav,ममतांच्या सरकारच्या एक्सपायरी डेटमुळे राज्यात हिंसेचे तांडव सुरू आहे,ममतांच्या सरकारच्या एक्स्पायरी डेटमुळे राज्यात हिंसेचे तांडव सुरू आहे,ममतांच्या सरकारच्या एक्सपायरी डेटमुळे राज्यात हिंसेचे तांडव सुरू आहे,ममतांच्या सरकारच्या एक्स्पायरी डेटमुळे राज्यात हिंसेचे तांडव सुरू आहे,1.47,11.11,0,6.55
sample_00468,D:\marathi-asr\data\vistaar_benchmarks\kathbath\marathi\wavs\844424930557223-737-f.wav,त्यामुळे त्याच्यावर अधिक पैसे लावून मुंबईने त्याला संघात घेतलं होतं,त्यामुळे त्याच्यावर अधिक पैसे लावून मुंबईने त्याला संघात घेतलं होतं,त्यामुळे त्याच्यावर अधिक पैसे लावून मुंबईने त्याला संघात घेतलं होतं,त्यामुळे त्याच्यावर अधिक पैसे लावून मुंबईने त्याला संघात घेतलं होतं,0.0,0.0,1,5.41
sample_00469,D:\marathi-asr\data\vistaar_benchmarks\kathbath\marathi\wavs\844424932372182-132-f.wav,त्यानं २०१५ साली एक चित्रमालिका शब्दांनाच महत्त्व देऊन केली होती,त्यानं दोन हजार पंधरा साली एक चित्रमालिका शब्दांनाच महत्त्व देऊन केली होती,त्यानं २०१५ साली एक चित्रमालिका शब्दांनाच महत्त्व देऊन केली होती,त्यानं दोन हजार पंधरा साली एक चित्रमालिका शब्दांनाच महत्त्व देऊन केली होती,21.88,30.0,0,5.9
sample_00470,D:\marathi-asr\data\vistaar_benchmarks\kathbath\marathi\wavs\844424932262423-809-f.wav,तीन तलाक विषयी आज अखेर सर्वोच्च न्यायालयाचा निकाल लागला,तीन तलाक विषयी आज अखेर सर्वोच्च न्यायालयाचा निकाल लागला,तीन तलाक विषयी आज अखेर सर्वोच्च न्यायालयाचा निकाल लागला,तीन तलाक विषयी आज अखेर सर्वोच्च न्यायालयाचा निकाल लागला,0.0,0.0,1,5.71
sample_00471,D:\marathi-asr\data\vistaar_benchmarks\kathbath\marathi\wavs\844424931130749-933-f.wav,ते जिल्ह्यातील पक्षाचे एकमेव आमदार असल्याने ही शक्यता जास्त होती,ते जिल्ह्यातील पक्षाचे एकमेव आमदार असल्याने ही शक्यता जास्त होती,ते जिल्ह्यातील पक्षाचे एकमेव आमदार असल्याने ही शक्यता जास्त होती,ते जिल्ह्यातील पक्षाचे एकमेव आमदार असल्याने ही शक्यता जास्त होती,0.0,0.0,1,4.32
sample_00472,D:\marathi-asr\data\vistaar_benchmarks\kathbath\marathi\wavs\844424932330083-980-f.wav,त्यांना यापासुन रोखण्यासाठी येरवडा कारागृहात वेगवेगळ्या क्षेत्रातील मान्यवरांना कैंद्याना मार्गदर्शन करण्यासाठी बोलावलं जातं,त्यांना यापासून रोखण्यासाठी एरवडा कारागृहात वेगवेगळ्या क्षेत्रातील मान्यवरांना कैद्यांना मार्गदर्शन करण्यासाठी बोलवलं जातं,त्यांना यापासुन रोखण्यासाठी येरवडा कारागृहात वेगवेगळ्या क्षेत्रातील मान्यवरांना कैंद्याना मार्गदर्शन करण्यासाठी बोलावलं जातं,त्यांना यापासून रोखण्यासाठी एरवडा कारागृहात वेगवेगळ्या क्षेत्रातील मान्यवरांना कैद्यांना मार्गदर्शन करण्यासाठी बोलवलं जातं,4.84,30.77,0,9.03
sample_00473,D:\marathi-asr\data\vistaar_benchmarks\kathbath\marathi\wavs\844424932330095-980-f.wav,पण सकाळी त्यांचा ब्लडप्रेशर वाढल्याने आणि दम लागत असल्यामुळे डॉक्टरांची त्यांनी भेट घेतली,पण सकाळी त्यांचा ब्लड प्रेशर वाढल्याने आणि दम लागत असल्यामुळे डॉक्टरांची त्यांनी भेट घेतली,पण सकाळी त्यांचा ब्लडप्रेशर वाढल्याने आणि दम लागत असल्यामुळे डॉक्टरांची त्यांनी भेट घेतली,पण सकाळी त्यांचा ब्लड प्रेशर वाढल्याने आणि दम लागत असल्यामुळे डॉक्टरांची त्यांनी भेट घेतली,1.12,15.38,0,6.5
sample_00474,D:\marathi-asr\data\vistaar_benchmarks\kathbath\marathi\wavs\844424930557276-737-f.wav,एक पंतप्रधान आहे तर दुसरा पंतप्रधान होण्याची स्वप्न बाळगून आहे,एक पंतप्रधान आहे तर दुसरा्या पंतप्रधान होण्याची स्वप्न बाळगून आहे,एक पंतप्रधान आहे तर दुसरा पंतप्रधान होण्याची स्वप्न बाळगून आहे,एक पंतप्रधान आहे तर दुसरा्या पंतप्रधान होण्याची स्वप्न बाळगून आहे,4.84,10.0,0,5.41
sample_00475,D:\marathi-asr\data\vistaar_benchmarks\kathbath\marathi\wavs\844424932311859-980-f.wav,त्यानुसार या बोलार्डमधून दिव्यांगांची व्हिलचेअर व लहान मुलांसाठीची बाबागाडी जाण्याइतकी जागा सोडावी लागते,त्यानुसार या बोोलारडमधून दिव्यांगांची व्हीलचेअर व लहान मुलासाठीची बाबागाडी जाण्याइतकी जागा सोळाावी लागते,त्यानुसार या बोलार्डमधून दिव्यांगांची व्हिलचेअर व लहान मुलांसाठीची बाबागाडी जाण्याइतकी जागा सोडावी लागते,त्यानुसार या बोोलारडमधून दिव्यांगांची व्हीलचेअर व लहान मुलासाठीची बाबागाडी जाण्याइतकी जागा सोळाावी लागते,5.77,30.77,0,7.69
sample_00476,D:\marathi-asr\data\vistaar_benchmarks\kathbath\marathi\wavs\844424932828552-933-f.wav,तडीपार कारवाईची धार कमी झाल्याची कबुली पोलीस अधिकारी देत आहेत,तडीपार कारवाईची धार कमी झाल्याची कबुली पोलीस अधिकारी देत आहेत,तडीपार कारवाईची धार कमी झाल्याची कबुली पोलीस अधिकारी देत आहेत,तडीपार कारवाईची धार कमी झाल्याची कबुली पोलीस अधिकारी देत आहेत,0.0,0.0,1,4.9
sample_00477,D:\marathi-asr\data\vistaar_benchmarks\kathbath\marathi\wavs\844424932823416-715-f.wav,शिवाय शुभमन आणि शाहनील यांच्यात मैत्रीचं नातं देखील फार घटट् आहे,शिवाय शुभमन आणि शहनिल यांच्या मैत्रीचं नातं देखील फार घट्ट आहे,शिवाय शुभमन आणि शाहनील यांच्यात मैत्रीचं नातं देखील फार घटट् आहे,शिवाय शुभमन आणि शहनिल यांच्या मैत्रीचं नातं देखील फार घट्ट आहे,7.81,27.27,0,5.74
sample_00478,D:\marathi-asr\data\vistaar_benchmarks\kathbath\marathi\wavs\844424932262376-809-f.wav,या सगळ्या रस्सीखेचेत आणि सत्तेचा अंतिम टप्पा गाठला जाईपर्यंत वेगळेच चित्र उभे राहिले,या सगळ्या रस्सीखेचेत आणि सत्तेचा अंतिम टप्पा गाठला जाईपर्यंत वेगळेच चित्र उभे राहिले आहे,या सगळ्या रस्सीखेचेत आणि सत्तेचा अंतिम टप्पा गाठला जाईपर्यंत वेगळेच चित्र उभे राहिले,या सगळ्या रस्सीखेचेत आणि सत्तेचा अंतिम टप्पा गाठला जाईपर्यंत वेगळेच चित्र उभे राहिले आहे,4.76,7.69,0,10.31
sample_00479,D:\marathi-asr\data\vistaar_benchmarks\kathbath\marathi\wavs\844424931570546-236-f.wav,या व्हिडिओ बांग्लादेशच्या खेळाडूंनी भारतीय खेळाडूंच्या समोर जाऊन गैरवर्तणूक केल्याचे दिसत आहे,हा व्हिडीिओ बांगलादेशच्या खेळाडूंनी भारतीय खेळाडूंच्या समोर जाऊन गैरवर्तणूक केल्याचे दिसत आहे,या व्हिडिओ बांग्लादेशच्या खेळाडूंनी भारतीय खेळाडूंच्या समोर जाऊन गैरवर्तणूक केल्याचे दिसत आहे,हा व्हिडीिओ बांगलादेशच्या खेळाडूंनी भारतीय खेळाडूंच्या समोर जाऊन गैरवर्तणूक केल्याचे दिसत आहे,3.23,25.0,0,8.06
sample_00480,D:\marathi-asr\data\vistaar_benchmarks\kathbath\marathi\wavs\844424932311932-980-f.wav,यंदाही त्यांनी गिरगाव आणि संजय गांधी राष्ट्रीय उद्यानात हा उपक्रम राबवला आहे,यंदाही त्यांनी गिरगाव आणि संजय गांधी राष्ट्रीय उद्यानात हा उपक्रम राबवला आहे,यंदाही त्यांनी गिरगाव आणि संजय गांधी राष्ट्रीय उद्यानात हा उपक्रम राबवला आहे,यंदाही त्यांनी गिरगाव आणि संजय गांधी राष्ट्रीय उद्यानात हा उपक्रम राबवला आहे,0.0,0.0,1,5.48
sample_00481,D:\marathi-asr\data\vistaar_benchmarks\kathbath\marathi\wavs\844424930902737-715-f.wav,हे मॉडेल मध्ये अल्गोरिदम उचल विणकाम महिला परंपरागत टाच समान सॉक्स तर्ाचे आहे,हे मॉडेलमध्ये अल्गोरिदम उचलविणका महिला परंपरागत टाच समान सॉक्स तयारचे आहे,हे मॉडेल मध्ये अल्गोरिदम उचल विणकाम महिला परंपरागत टाच समान सॉक्स तर्ाचे आहे,हे मॉडेलमध्ये अल्गोरिदम उचलविणका महिला परंपरागत टाच समान सॉक्स तयारचे आहे,7.89,38.46,0,9.22
sample_00482,D:\marathi-asr\data\vistaar_benchmarks\kathbath\marathi\wavs\844424930875920-954-f.wav,सध्याच्या स्मार्टफोनच्या युगात टेलिकॉम कंपन्या ग्राहकांना आकर्षित करण्यासाठी वेगवेगळ्या ऑफर्स देत आहेत,सध्याच्या स्मार्टफोनच्या युगात टेलिकॉम कंपन्या ग्राहकांना आकर्षित करण्यासाठी वेगवेगळ्या ऑफर्स देत आहेत,सध्याच्या स्मार्टफोनच्या युगात टेलिकॉम कंपन्या ग्राहकांना आकर्षित करण्यासाठी वेगवेगळ्या ऑफर्स देत आहेत,सध्याच्या स्मार्टफोनच्या युगात टेलिकॉम कंपन्या ग्राहकांना आकर्षित करण्यासाठी वेगवेगळ्या ऑफर्स देत आहेत,0.0,0.0,1,7.17
sample_00483,D:\marathi-asr\data\vistaar_benchmarks\kathbath\marathi\wavs\844424930557218-737-f.wav,पहिले महायुद्ध सुरू झाल्यावर ब्रिटिश साम्राज्याला त्यांच्या बाजूने लढणारे सैन्य हवे होते,पहिले महायुद्ध सुरू झाल्यावर ब्रिटिश साम्राज्याला त्यांच्या बाजूने लढणारे सैन्य हवे होते,पहिले महायुद्ध सुरू झाल्यावर ब्रिटिश साम्राज्याला त्यांच्या बाजूने लढणारे सैन्य हवे होते,पहिले महायुद्ध सुरू झाल्यावर ब्रिटिश साम्राज्याला त्यांच्या बाजूने लढणारे सैन्य हवे होते,0.0,0.0,1,6.85
sample_00484,D:\marathi-asr\data\vistaar_benchmarks\kathbath\marathi\wavs\844424932823389-715-f.wav,पोलीसदेखील अशी प्रकरणे गांभीर्याने हाताळत नसल्याचे या प्रकरणातून स्पष्ट झाले आहे,पोलीसदखील अशी प्रकरणे गांभीर्याने हाताळत नसल्याचे या प्रकरणातून स्पष्ट झाले आहे,पोलीसदेखील अशी प्रकरणे गांभीर्याने हाताळत नसल्याचे या प्रकरणातून स्पष्ट झाले आहे,पोलीसदखील अशी प्रकरणे गांभीर्याने हाताळत नसल्याचे या प्रकरणातून स्पष्ट झाले आहे,1.25,9.09,0,6.46
sample_00485,D:\marathi-asr\data\vistaar_benchmarks\kathbath\marathi\wavs\844424932262453-809-f.wav,फक्त रशियन ऑर्थोडॉक्स धर्माचे लोकच संघटनेत पद ग्रहण करण्यास पात्र होते,फक्त रशियन ऑर्थडॉक्स धर्माचे लोकसंघटनेत पद ग्रहण करण्यास पात्र होते,फक्त रशियन ऑर्थोडॉक्स धर्माचे लोकच संघटनेत पद ग्रहण करण्यास पात्र होते,फक्त रशियन ऑर्थडॉक्स धर्माचे लोकसंघटनेत पद ग्रहण करण्यास पात्र होते,4.29,27.27,0,7.71
sample_00486,D:\marathi-asr\data\vistaar_benchmarks\kathbath\marathi\wavs\844424932828531-933-f.wav,या नात्याकडे आपल्याकडे अजूनही पराकोटीचं हृद्य नातं म्हणून पाहिलं जातं,या नात्याकडे आपल्याकडे अजूनही पराकोटीचं हृद्यत्त नातं म्हणून पाहिलं जातं,या नात्याकडे आपल्याकडे अजूनही पराकोटीचं हृद्य नातं म्हणून पाहिलं जातं,या नात्याकडे आपल्याकडे अजूनही पराकोटीचं हृद्यत्त नातं म्हणून पाहिलं जातं,4.35,10.0,0,5.83
sample_00487,D:\marathi-asr\data\vistaar_benchmarks\kathbath\marathi\wavs\844424932266716-980-f.wav,तरुण मुलीपासून ते तरुण मुलीच्या आई पर्यंत सर्व भूमिका तिने साकारल्या आहेत,तरुण मुलीपासून ते तरुण मुलीच्या आईपर्यंत सर्व भूमिका तिने साकारल्या आहेत,तरुण मुलीपासून ते तरुण मुलीच्या आई पर्यंत सर्व भूमिका तिने साकारल्या आहेत,तरुण मुलीपासून ते तरुण मुलीच्या आईपर्यंत सर्व भूमिका तिने साकारल्या आहेत,1.37,16.67,0,5.43
sample_00488,D:\marathi-asr\data\vistaar_benchmarks\kathbath\marathi\wavs\844424932823369-715-f.wav,डेवॉन थॉमसने ४० बॉलमध्ये ७१ रनची खेळी केली,डेवॉन थॉमसने चाळीस बॉलमध्ये एक्काहत्तर रनची खेळी केली,डेवॉन थॉमसने ४० बॉलमध्ये ७१ रनची खेळी केली,डेवॉन थॉमसने चाळीस बॉलमध्ये एक्काहत्तर रनची खेळी केली,35.71,25.0,0,4.76
sample_00489,D:\marathi-asr\data\vistaar_benchmarks\kathbath\marathi\wavs\844424931130716-933-f.wav,बॉलिवूडचा स्टार रणवीर सिंग ठरला लोकमत मोस्ट स्टायलिश सुपरस्टार अवॉर्डचा मानकरी,बॉलिवूडचा स्टार रणवीर सिंग ठरला लोकमत मोस्ट स्टायलिश सुपरस्टार अॅवॉर्डचा मानकरी,बॉलिवूडचा स्टार रणवीर सिंग ठरला लोकमत मोस्ट स्टायलिश सुपरस्टार अवॉर्डचा मानकरी,बॉलिवूडचा स्टार रणवीर सिंग ठरला लोकमत मोस्ट स्टायलिश सुपरस्टार अॅवॉर्डचा मानकरी,1.28,9.09,0,5.74
sample_00490,D:\marathi-asr\data\vistaar_benchmarks\kathbath\marathi\wavs\844424932262415-809-f.wav,सर्व नकाशे मंजूर झाले असून जोत्यापर्यंतच्या बांधकामाची परवानगी मिळाली आहे,सर्व नकाशे मंजूर झाले असून जोरतापर्यंतच्या बांधकामाची परवानगी मिळाली आहे,सर्व नकाशे मंजूर झाले असून जोत्यापर्यंतच्या बांधकामाची परवानगी मिळाली आहे,सर्व नकाशे मंजूर झाले असून जोरतापर्यंतच्या बांधकामाची परवानगी मिळाली आहे,4.11,10.0,0,8.27
sample_00491,D:\marathi-asr\data\vistaar_benchmarks\kathbath\marathi\wavs\844424932311886-980-f.wav,भाजप आणि काँग्रेसमध्ये रात्रभर जोरदार ड्रामा सुरू राहिलेला दिसला,भाजप आणि काँग्रेसमध्ये रात्रभर जोरदार ड्रामा सुरू राहिलेला दिसला,भाजप आणि काँग्रेसमध्ये रात्रभर जोरदार ड्रामा सुरू राहिलेला दिसला,भाजप आणि काँग्रेसमध्ये रात्रभर जोरदार ड्रामा सुरू राहिलेला दिसला,0.0,0.0,1,4.99
sample_00492,D:\marathi-asr\data\vistaar_benchmarks\kathbath\marathi\wavs\844424932337127-809-f.wav,त्यावेळी बोटे मोडण्याखेरीज शिवसेना नेते काहीही करू शकले नव्हते,त्यावेळी बोटे मोजण्याखेरीज शिवसेना नेते काही करू शकले नव्हते,त्यावेळी बोटे मोडण्याखेरीज शिवसेना नेते काहीही करू शकले नव्हते,त्यावेळी बोटे मोजण्याखेरीज शिवसेना नेते काही करू शकले नव्हते,4.84,22.22,0,6.87
sample_00493,D:\marathi-asr\data\vistaar_benchmarks\kathbath\marathi\wavs\844424930557255-737-f.wav,बुद्ध हे मार्ग ओळखण्याच्या अडचणींचा म्हणजे निब्बानाचा सिद्धांतही मांडतात,बुद्ध हे मार्ग ओळखण्याच्या अडचणींचा म्हणजे निबाणाचा सिद्धांतही मांडतात,बुद्ध हे मार्ग ओळखण्याच्या अडचणींचा म्हणजे निब्बानाचा सिद्धांतही मांडतात,बुद्ध हे मार्ग ओळखण्याच्या अडचणींचा म्हणजे निबाणाचा सिद्धांतही मांडतात,4.17,11.11,0,5.46
sample_00494,D:\marathi-asr\data\vistaar_benchmarks\kathbath\marathi\wavs\844424932266691-980-f.wav,राज्यात सध्या फक्त आणि फक्त ग्रामपंचायत निवडणुकांच्या निकालांची चर्चा आहे,राज्यात फक्त आणि फक्त ग्रामपंचायत निवडणुकांच्या निकालाची चर्चा आहे,राज्यात सध्या फक्त आणि फक्त ग्रामपंचायत निवडणुकांच्या निकालांची चर्चा आहे,राज्यात फक्त आणि फक्त ग्रामपंचायत निवडणुकांच्या निकालाची चर्चा आहे,9.59,20.0,0,5.09
sample_00495,D:\marathi-asr\data\vistaar_benchmarks\kathbath\marathi\wavs\844424932311844-980-f.wav,आदिवासी क्षेत्रात प्रादेशिक व्यवस्थापक महाराष्ट्र राज्य सहकारी आदिवासी विकास महामंडळ मर्या,आदिवासी क्षेत्रात प्रादेशिक व्यवस्थापक महाराष्ट्र राज्य सहकारी आदिवासी विकास महामंडळ मरय,आदिवासी क्षेत्रात प्रादेशिक व्यवस्थापक महाराष्ट्र राज्य सहकारी आदिवासी विकास महामंडळ मर्या,आदिवासी क्षेत्रात प्रादेशिक व्यवस्थापक महाराष्ट्र राज्य सहकारी आदिवासी विकास महामंडळ मरय,2.22,9.09,0,6.83
sample_00496,D:\marathi-asr\data\vistaar_benchmarks\kathbath\marathi\wavs\844424931218177-933-f.wav,राष्ट्रवादी काँग्रेस पार्टीच्या नेत्यांनी एक मुखाने हर्षवर्धन पाटील यांना दिला पाठिंबा,राष्ट्रवादी काँग्रेस पार्टीच्या नेत्यांनी एक मुूर्खाने हर्षवर्धन पाटील यांना दिला पाठिंबा,राष्ट्रवादी काँग्रेस पार्टीच्या नेत्यांनी एक मुखाने हर्षवर्धन पाटील यांना दिला पाठिंबा,राष्ट्रवादी काँग्रेस पार्टीच्या नेत्यांनी एक मुूर्खाने हर्षवर्धन पाटील यांना दिला पाठिंबा,3.49,9.09,0,8.22
sample_00497,D:\marathi-asr\data\vistaar_benchmarks\kathbath\marathi\wavs\844424930902734-715-f.wav,पैसे बघून अनेकांचे मन परिवर्तीत होतांना आपण चित्रपटात बघितले आहे,पैसे बघून अनेकांचे मन परिवर्तित होताना आपण चित्रपटात बघितले आहे,पैसे बघून अनेकांचे मन परिवर्तीत होतांना आपण चित्रपटात बघितले आहे,पैसे बघून अनेकांचे मन परिवर्तित होताना आपण चित्रपटात बघितले आहे,3.12,20.0,0,6.13
sample_00498,D:\marathi-asr\data\vistaar_benchmarks\kathbath\marathi\wavs\844424932330043-980-f.wav,त्यानुसार १३ जून रोजी प्रजापती ते थग घेऊन मुंबईच्या दिशेने रवाना झाला,त्यानुसार तेरा जून रोजी प्रजापती ते थक घेऊन मुंबईच्या दिशेने रवाना झाला,त्यानुसार १३ जून रोजी प्रजापती ते थग घेऊन मुंबईच्या दिशेने रवाना झाला,त्यानुसार तेरा जून रोजी प्रजापती ते थक घेऊन मुंबईच्या दिशेने रवाना झाला,7.25,16.67,0,5.71
sample_00499,D:\marathi-asr\data\vistaar_benchmarks\kathbath\marathi\wavs\844424932484372-573-f.wav,त्यामुळे इतक्या कमी कालावधीत त्यांच्याकडून ठोस निर्णय घेतले जाणे शक्य होत नाही,त्यामुळे इतक्या कमी कालावधीत त्याच्याकडून ठोस निर्णय घेतले जाणे शक्य होत नाही,त्यामुळे इतक्या कमी कालावधीत त्यांच्याकडून ठोस निर्णय घेतले जाणे शक्य होत नाही,त्यामुळे इतक्या कमी कालावधीत त्याच्याकडून ठोस निर्णय घेतले जाणे शक्य होत नाही,1.28,8.33,0,6.71
sample_00500,D:\marathi-asr\data\vistaar_benchmarks\kathbath\marathi\wavs\844424932262358-809-f.wav,ते ट्रॅक्टर मालकाने विना परवानगी पळवून नेल्याची बाब २ जानेवारी रोजी महसूलच्या लक्षात आली,ती ट्रॅक्टर मालकाने विना परवानगी पडवून नेल्याची बाब दोन जानेवारी रोजी महसूलच्या लक्षात आली,ते ट्रॅक्टर मालकाने विना परवानगी पळवून नेल्याची बाब २ जानेवारी रोजी महसूलच्या लक्षात आली,ती ट्रॅक्टर मालकाने विना परवानगी पडवून नेल्याची बाब दोन जानेवारी रोजी महसूलच्या लक्षात आली,5.68,21.43,0,10.17
sample_00501,D:\marathi-asr\data\vistaar_benchmarks\kathbath\marathi\wavs\844424930834579-954-f.wav,एकदा क्लॅप देताना चूक झाल्यानं केदार यांनी सर्वांसमोर राज कपूर यांच्या कानशीलात लगावली,एकदा क्लॅब देताना चूक झाल्यानं केदार यांनी सर्वांसमोर राज कपूर यांना कानशीलता लागवली,एकदा क्लॅप देताना चूक झाल्यानं केदार यांनी सर्वांसमोर राज कपूर यांच्या कानशीलात लगावली,एकदा क्लॅब देताना चूक झाल्यानं केदार यांनी सर्वांसमोर राज कपूर यांना कानशीलता लागवली,9.3,30.77,0,7.11
sample_00502,D:\marathi-asr\data\vistaar_benchmarks\kathbath\marathi\wavs\844424932330067-980-f.wav,संस्थेच्या वतीने गवाणकर यांचा मानपत्र देऊन गौरव करण्यात आला,संस्थेच्या वतीने गवनकर यांचा मानपत्र देऊन गौरव करण्यात आला,संस्थेच्या वतीने गवाणकर यांचा मानपत्र देऊन गौरव करण्यात आला,संस्थेच्या वतीने गवनकर यांचा मानपत्र देऊन गौरव करण्यात आला,3.39,11.11,0,5.09
sample_00503,D:\marathi-asr\data\vistaar_benchmarks\kathbath\marathi\wavs\844424932337115-809-f.wav,संजीव कुमार यांचे दोन भाऊही अशाच प्रकारे निधन पावले होते,संजीव कुमार यांचे दोन भाऊ अशाच प्रकारचे निधन पावले होते,संजीव कुमार यांचे दोन भाऊही अशाच प्रकारे निधन पावले होते,संजीव कुमार यांचे दोन भाऊ अशाच प्रकारचे निधन पावले होते,5.36,20.0,0,6.66
sample_00504,D:\marathi-asr\data\vistaar_benchmarks\kathbath\marathi\wavs\844424932311914-980-f.wav,असे प्रश्न उपस्थित करून नगराध्यक्षा जगनाडे आणि प्रशासनाला चांगलेच धारेवर धरले,असे प्रश्न उपस्थित करून नगराध्यक्षा जगनाडे यांनी प्रशासनाला चांगलेच धारेवर धरले,असे प्रश्न उपस्थित करून नगराध्यक्षा जगनाडे आणि प्रशासनाला चांगलेच धारेवर धरले,असे प्रश्न उपस्थित करून नगराध्यक्षा जगनाडे यांनी प्रशासनाला चांगलेच धारेवर धरले,6.49,9.09,0,6.13
sample_00505,D:\marathi-asr\data\vistaar_benchmarks\kathbath\marathi\wavs\844424932823354-715-f.wav,जगातल्या सर्वोत्तम ५ क्रीडा स्पर्धांमध्ये आयपीएलचा समावेश होतो,जगातल्या सर्वोत्तम पाच क्रीडाां स्पर्धांमध्ये आयपीएलचा समावेश होतो,जगातल्या सर्वोत्तम ५ क्रीडा स्पर्धांमध्ये आयपीएलचा समावेश होतो,जगातल्या सर्वोत्तम पाच क्रीडाां स्पर्धांमध्ये आयपीएलचा समावेश होतो,8.06,25.0,0,5.92
sample_00506,D:\marathi-asr\data\vistaar_benchmarks\kathbath\marathi\wavs\844424932372189-132-f.wav,ते १४ रोजी शपथ घेण्याची शक्यता वर्तविण्यात येत आहे,ते चौदा रोजी शपथ घेण्याची शक्यता वर्तवण्यात येत आहे,ते १४ रोजी शपथ घेण्याची शक्यता वर्तविण्यात येत आहे,ते चौदा रोजी शपथ घेण्याची शक्यता वर्तवण्यात येत आहे,10.0,22.22,0,4.57
sample_00507,D:\marathi-asr\data\vistaar_benchmarks\kathbath\marathi\wavs\844424930906974-972-f.wav,असं काही चुकीचं होताना दिसतं तेव्हा प्रत्येक वेळेस सामाजिक कार्यकर्ता बनून आपण वागू शकत नाही,असं काही चुकीचं होताना दिसतं तेव्हा प्रत्येक वेळेस सामाजिक कार्यकर्ता बनून आपण वागू शकत नाही,असं काही चुकीचं होताना दिसतं तेव्हा प्रत्येक वेळेस सामाजिक कार्यकर्ता बनून आपण वागू शकत नाही,असं काही चुकीचं होताना दिसतं तेव्हा प्रत्येक वेळेस सामाजिक कार्यकर्ता बनून आपण वागू शकत नाही,0.0,0.0,1,7.2
sample_00508,D:\marathi-asr\data\vistaar_benchmarks\kathbath\marathi\wavs\844424930902675-715-f.wav,रात्री झोपण्यापूर्वी एक छोटा चमचा मेथीचे दाणे रात्रभर पाण्यात भिजत ठेवा,रात्री झोपण्यापूर्वी एक छोटा चमचा मेथीचे दाणे रात्रभर पाण्यात भिजत ठेवा,रात्री झोपण्यापूर्वी एक छोटा चमचा मेथीचे दाणे रात्रभर पाण्यात भिजत ठेवा,रात्री झोपण्यापूर्वी एक छोटा चमचा मेथीचे दाणे रात्रभर पाण्यात भिजत ठेवा,0.0,0.0,1,5.92
sample_00509,D:\marathi-asr\data\vistaar_benchmarks\kathbath\marathi\wavs\844424931570526-236-f.wav,भाग्यश्रीच्या या प्रवासाला सुरुवात झाली ती २०१४ ची मटा श्रावणक्वीन झाल्यापासून,भाग्यश्रीच्या या प्रवासाला सुरुवात झाली ती दोन हजार चौदाची मटा श्रावण क्वीन झाल्यापासून,भाग्यश्रीच्या या प्रवासाला सुरुवात झाली ती २०१४ ची मटा श्रावणक्वीन झाल्यापासून,भाग्यश्रीच्या या प्रवासाला सुरुवात झाली ती दोन हजार चौदाची मटा श्रावण क्वीन झाल्यापासून,16.67,45.45,0,7.89
sample_00510,D:\marathi-asr\data\vistaar_benchmarks\kathbath\marathi\wavs\844424932823426-715-f.wav,अंगणातली पाणी तापवायची चुल पांढऱ्या मातीनं आज्जी सारवून काढायची,अंगणातली पाणी तापयची चूल पांढऱ्या मातीनं आजी सारवून काढायची,अंगणातली पाणी तापवायची चुल पांढऱ्या मातीनं आज्जी सारवून काढायची,अंगणातली पाणी तापयची चूल पांढऱ्या मातीनं आजी सारवून काढायची,10.94,44.44,0,5.74
sample_00511,D:\marathi-asr\data\vistaar_benchmarks\kathbath\marathi\wavs\844424932372202-132-f.wav,पालक सामान्य मानसिक विकासासाठी सर्व परिस्थिती होते की ते पाहू,पालक सामान्य मानसिक विकासासाठी सर्व परिस्थिती होते की ते पाहू,पालक सामान्य मानसिक विकासासाठी सर्व परिस्थिती होते की ते पाहू,पालक सामान्य मानसिक विकासासाठी सर्व परिस्थिती होते की ते पाहू,0.0,0.0,1,5.78
sample_00512,D:\marathi-asr\data\vistaar_benchmarks\kathbath\marathi\wavs\844424932823383-715-f.wav,फोनला ८ जीबी रॅम प्लस १२८ जीबी इंटरनल स्टोरेज मध्ये लाँच करणार,फोनला आठ जीबी रॅम प्लस एकशे अठ्ठावीस जीबी इंटरनल स्टोरेजमध्ये लाँच करणार,फोनला ८ जीबी रॅम प्लस १२८ जीबी इंटरनल स्टोरेज मध्ये लाँच करणार,फोनला आठ जीबी रॅम प्लस एकशे अठ्ठावीस जीबी इंटरनल स्टोरेजमध्ये लाँच करणार,25.81,41.67,0,5.9
sample_00513,D:\marathi-asr\data\vistaar_benchmarks\kathbath\marathi\wavs\844424930834552-954-f.wav,या समृध्दी महामार्गासाठी ५५ हजार कोटी रुपये खर्च येणार आहे,या समृद्धी महामार्गासाठी पंचावन्न हजार कोटी रुपये खर्च येणार आहे,या समृध्दी महामार्गासाठी ५५ हजार कोटी रुपये खर्च येणार आहे,या समृद्धी महामार्गासाठी पंचावन्न हजार कोटी रुपये खर्च येणार आहे,17.24,20.0,0,4.99
sample_00514,D:\marathi-asr\data\vistaar_benchmarks\kathbath\marathi\wavs\844424932823374-715-f.wav,मुस्लीम मोहल्ल्यांमध्ये ईदनिमित्त आनंदाचे आणि जल्लोषाचे वातावरण होते,मुस्लिम मोहल्यांमध्ये ईदनिमित्त आनंदाचे आणि जल्लोषचे वातावरण होते,मुस्लीम मोहल्ल्यांमध्ये ईदनिमित्त आनंदाचे आणि जल्लोषाचे वातावरण होते,मुस्लिम मोहल्यांमध्ये ईदनिमित्त आनंदाचे आणि जल्लोषचे वातावरण होते,5.88,37.5,0,5.87
sample_00515,D:\marathi-asr\data\vistaar_benchmarks\kathbath\marathi\wavs\844424930906945-972-f.wav,तू माझ्याकडे मोबाइल व बिल दे मी आतमध्ये जाऊन त्यांना दाखवतो असे सांगितले,तू माझ्याकडे मोबाईल व बिल दे मी आतमध्ये जाऊन त्यांना दाखवतो असे सांगितले,तू माझ्याकडे मोबाइल व बिल दे मी आतमध्ये जाऊन त्यांना दाखवतो असे सांगितले,तू माझ्याकडे मोबाईल व बिल दे मी आतमध्ये जाऊन त्यांना दाखवतो असे सांगितले,1.39,7.69,0,7.15
sample_00516,D:\marathi-asr\data\vistaar_benchmarks\kathbath\marathi\wavs\844424932828547-933-f.wav,ते असेही मानतात की प्रत्येकाचा भगवंताशी वैयक्तिक करार असणे आवश्यक आहे,ते असेही मानतात की प्रत्येकाचा भगवंताशी वैयक्तिक करार असणे आवश्यक आहे,ते असेही मानतात की प्रत्येकाचा भगवंताशी वैयक्तिक करार असणे आवश्यक आहे,ते असेही मानतात की प्रत्येकाचा भगवंताशी वैयक्तिक करार असणे आवश्यक आहे,0.0,0.0,1,5.48
sample_00517,D:\marathi-asr\data\vistaar_benchmarks\kathbath\marathi\wavs\844424932311862-980-f.wav,गेल्या वर्षीच्या मार्च महिन्यात शिल्पानं मालिकेच्या निर्मात्याविरोधात लैंगिक शोषणाची तक्रार नोंदवली होती,गेल्या वर्षीच्या मार्च महिन्यात शिल्पानं मालिकेच्या निर्मात्याविरोधात लैंगिक शोषणाची तक्रार नोंदवली होती,गेल्या वर्षीच्या मार्च महिन्यात शिल्पानं मालिकेच्या निर्मात्याविरोधात लैंगिक शोषणाची तक्रार नोंदवली होती,गेल्या वर्षीच्या मार्च महिन्यात शिल्पानं मालिकेच्या निर्मात्याविरोधात लैंगिक शोषणाची तक्रार नोंदवली होती,0.0,0.0,1,6.76
sample_00518,D:\marathi-asr\data\vistaar_benchmarks\kathbath\marathi\wavs\844424930875908-954-f.wav,अखेर त्यांच्या डोळ्यादेखत समूद्राच्या क्षीतीज समांतर रेषेत ती जहाजे नाहीसी झाली,अखेर त्यांच्या डोळ्यादखेत समुद्रांच्या शितीसमांतन रेषेत ती जहाजे नाहीशी झाली,अखेर त्यांच्या डोळ्यादेखत समूद्राच्या क्षीतीज समांतर रेषेत ती जहाजे नाहीसी झाली,अखेर त्यांच्या डोळ्यादखेत समुद्रांच्या शितीसमांतन रेषेत ती जहाजे नाहीशी झाली,15.19,45.45,0,5.78
sample_00519,D:\marathi-asr\data\vistaar_benchmarks\kathbath\marathi\wavs\844424930875887-954-f.wav,चेकोस्लोव्हाकियाच्या आक्रमणाच्या विरोधात दिग्दर्शित केलेल्या सर्वात निर्णायक कृत्यांमध्ये नतालिया गोरबनेव्हस्काया यांनी भाषण केले होते,एकोस्लो वाकियाच्या आक्रमणाच्याविरोधात दर्घषित केलेल्या सर्वात निर्णायक कर्तृत्वामध्ये नतालिया गोर्सबर्न वाकियाच्या यांनी भाषण केले होते,चेकोस्लोव्हाकियाच्या आक्रमणाच्या विरोधात दिग्दर्शित केलेल्या सर्वात निर्णायक कृत्यांमध्ये नतालिया गोरबनेव्हस्काया यांनी भाषण केले होते,एकोस्लो वाकियाच्या आक्रमणाच्याविरोधात दर्घषित केलेल्या सर्वात निर्णायक कर्तृत्वामध्ये नतालिया गोर्सबर्न वाकियाच्या यांनी भाषण केले होते,21.64,50.0,0,11.75
sample_00520,D:\marathi-asr\data\vistaar_benchmarks\kathbath\marathi\wavs\844424932823392-715-f.wav,आपल्या मिश्किल स्वभावासाठी आणि बोलण्यासाठी अजित पवार ओळखले जातात,आपल्या मिश्किल स्वभावासाठी आणि बोलण्यासाठी अजित पवार ओळखले जातात,आपल्या मिश्किल स्वभावासाठी आणि बोलण्यासाठी अजित पवार ओळखले जातात,आपल्या मिश्किल स्वभावासाठी आणि बोलण्यासाठी अजित पवार ओळखले जातात,0.0,0.0,1,5.57
sample_00521,D:\marathi-asr\data\vistaar_benchmarks\kathbath\marathi\wavs\844424932828548-933-f.wav,दुसरीकडे महानगरपालिका शालेय विद्यार्थ्यांना मोफत विविध महागड्या लस टोचण्याची मोहीम राबवत आहे,दुसरीकडे महानगरपालिका शालेय विद्यार्थ्यांना मोफत विविध महागड्या लस टोचण्याची मोहीम राबवत आहे,दुसरीकडे महानगरपालिका शालेय विद्यार्थ्यांना मोफत विविध महागड्या लस टोचण्याची मोहीम राबवत आहे,दुसरीकडे महानगरपालिका शालेय विद्यार्थ्यांना मोफत विविध महागड्या लस टोचण्याची मोहीम राबवत आहे,0.0,0.0,1,6.76
sample_00522,D:\marathi-asr\data\vistaar_benchmarks\kathbath\marathi\wavs\844424930834536-954-f.wav,त्यानंतर पोलिसांनी मध्यस्थी करीत रावणदहनाचा कार्यक्रम आयोजित करणाऱ्यांकडून रितसर परवानगी असल्याची माहिती आंदोलनकर्त्यांना दिली,त्यानंतर पोलिसांनी मध्यस्थी करी त्रावण दहनाचा कार्यक्रम आयोजित करणाऱ्यांकडून रीतसर परवानगी असण्याची माहिती आंदोलनकर्त्यांना दिली,त्यानंतर पोलिसांनी मध्यस्थी करीत रावणदहनाचा कार्यक्रम आयोजित करणाऱ्यांकडून रितसर परवानगी असल्याची माहिती आंदोलनकर्त्यांना दिली,त्यानंतर पोलिसांनी मध्यस्थी करी त्रावण दहनाचा कार्यक्रम आयोजित करणाऱ्यांकडून रीतसर परवानगी असण्याची माहिती आंदोलनकर्त्यांना दिली,5.51,42.86,0,9.47
sample_00523,D:\marathi-asr\data\vistaar_benchmarks\kathbath\marathi\wavs\844424932484365-573-f.wav,प्रशासनाकडून सुरू असलेल्या या विशेष नियोजनामुळे शैक्षणिक संस्था एसटीकडे आकर्षित होण्यास सुरुवात होताना दिसत आहे,प्रशासनाकडून सुरू असलेल्या या विशेष नियोजनामुळे शैक्षणिक संस्था एसटीकडे आकर्षित होण्यास सुरुवात होताना दिसत आहे,प्रशासनाकडून सुरू असलेल्या या विशेष नियोजनामुळे शैक्षणिक संस्था एसटीकडे आकर्षित होण्यास सुरुवात होताना दिसत आहे,प्रशासनाकडून सुरू असलेल्या या विशेष नियोजनामुळे शैक्षणिक संस्था एसटीकडे आकर्षित होण्यास सुरुवात होताना दिसत आहे,0.0,0.0,1,10.29
sample_00524,D:\marathi-asr\data\vistaar_benchmarks\kathbath\marathi\wavs\844424932266695-980-f.wav,विरारमधील फुलपाडा भागात अवैधरित्या साठवलेल्या गुटख्याच्या गोदामावर एफडीएने धाड टाकली,विरारमधील फुलपाळा भागात अवैधरित्या साठवलेल्या गुटख्याच्या गोदामावर एफडीएने धाड टाकली,विरारमधील फुलपाडा भागात अवैधरित्या साठवलेल्या गुटख्याच्या गोदामावर एफडीएने धाड टाकली,विरारमधील फुलपाळा भागात अवैधरित्या साठवलेल्या गुटख्याच्या गोदामावर एफडीएने धाड टाकली,1.19,10.0,0,6.92
sample_00525,D:\marathi-asr\data\vistaar_benchmarks\kathbath\marathi\wavs\844424930573380-737-f.wav,त्या पार्श्वभूमीवर ही योजना दिलासादायक असली तरी अखंड सुरू राहायला हवी,त्या पार्श्वभूमीवर ही योजना दिलासादायक असली तरी अखंड सुरू राहायला हवी,त्या पार्श्वभूमीवर ही योजना दिलासादायक असली तरी अखंड सुरू राहायला हवी,त्या पार्श्वभूमीवर ही योजना दिलासादायक असली तरी अखंड सुरू राहायला हवी,0.0,0.0,1,6.18
sample_00526,D:\marathi-asr\data\vistaar_benchmarks\kathbath\marathi\wavs\844424932266739-980-f.wav,तसंच रुपर टेक्नॉलॉजी मूर्तीमध्ये लागली असण्याचं तज्ज्ञांनी अमान्य केलं आहे,तसंच रुपर टेक्नॉलॉजी मूर्तीमध्ये लागली असण्याचं तज्ज्ञांनी अमान्य केलं आहे,तसंच रुपर टेक्नॉलॉजी मूर्तीमध्ये लागली असण्याचं तज्ज्ञांनी अमान्य केलं आहे,तसंच रुपर टेक्नॉलॉजी मूर्तीमध्ये लागली असण्याचं तज्ज्ञांनी अमान्य केलं आहे,0.0,0.0,1,5.92
sample_00527,D:\marathi-asr\data\vistaar_benchmarks\kathbath\marathi\wavs\844424932311907-980-f.wav,मुधापूर हे भारतातील महाराष्ट्र राज्यातील वर्धा जिल्ह्यातील वर्धा तालुक्यातील एक गाव आहे,मुधापूर हे भारतातील महाराष्ट्र राज्यातील वर्धा जिल्ह्यातील वर्धा तालुक्यातील एक गाव आहे,मुधापूर हे भारतातील महाराष्ट्र राज्यातील वर्धा जिल्ह्यातील वर्धा तालुक्यातील एक गाव आहे,मुधापूर हे भारतातील महाराष्ट्र राज्यातील वर्धा जिल्ह्यातील वर्धा तालुक्यातील एक गाव आहे,0.0,0.0,1,6.55
sample_00528,D:\marathi-asr\data\vistaar_benchmarks\kathbath\marathi\wavs\844424930834521-954-f.wav,तर यामध्ये सहभागी झालेल्या १८ जणांपैकी निम्म्या लोकांना केवळ गाणी ऐकण्यास सांगण्यात आले,तर यामध्ये सहभागी झालेल्या अठरा जणांपैकी निम्म्या लोकांना केवळ गाणी ऐकण्यास सांगण्यात आले,तर यामध्ये सहभागी झालेल्या १८ जणांपैकी निम्म्या लोकांना केवळ गाणी ऐकण्यास सांगण्यात आले,तर यामध्ये सहभागी झालेल्या अठरा जणांपैकी निम्म्या लोकांना केवळ गाणी ऐकण्यास सांगण्यात आले,4.6,7.69,0,6.64
sample_00529,D:\marathi-asr\data\vistaar_benchmarks\kathbath\marathi\wavs\844424932828585-933-f.wav,घरातली स्त्री ही अंगात आलेल्या अष्टभुजेचा अवतार धारण करते,घरातली स्त्रीहीी अंगात आलेल्या अष्टभुजेचा अवतार धारण करते,घरातली स्त्री ही अंगात आलेल्या अष्टभुजेचा अवतार धारण करते,घरातली स्त्रीहीी अंगात आलेल्या अष्टभुजेचा अवतार धारण करते,3.51,22.22,0,4.9
sample_00530,D:\marathi-asr\data\vistaar_benchmarks\kathbath\marathi\wavs\844424931218176-933-f.wav,ती तास शाळेच्या ग्रंथालयात बसून खर्च आणि विविध विषयांवर पुस्तके वाचा,ती तास शाळेच्या ग्रंथालयात बसून खर्च आणि विविध विषयांवर पुस्तके वाचा,ती तास शाळेच्या ग्रंथालयात बसून खर्च आणि विविध विषयांवर पुस्तके वाचा,ती तास शाळेच्या ग्रंथालयात बसून खर्च आणि विविध विषयांवर पुस्तके वाचा,0.0,0.0,1,8.03
sample_00531,D:\marathi-asr\data\vistaar_benchmarks\kathbath\marathi\wavs\844424931218191-933-f.wav,भारतीय टीमचे माजी कॅप्टन मन्सुर अली खान पतौडी यांचं निधन झालं,भारतीय टीमचे माजी कॅप्टन मन्सूर अली खानपतोडी यांचं निधन झालं,भारतीय टीमचे माजी कॅप्टन मन्सुर अली खान पतौडी यांचं निधन झालं,भारतीय टीमचे माजी कॅप्टन मन्सूर अली खानपतोडी यांचं निधन झालं,4.92,27.27,0,6.2
sample_00532,D:\marathi-asr\data\vistaar_benchmarks\kathbath\marathi\wavs\844424930834604-954-f.wav,कारण काही वेळानंतर मला संशय येऊ लागला की माझ्या पतीचे दुसऱ्या महिलेसोबत अफेअर सुरू आहे,कारण काही वेळानंतर मला संशय येऊ लागला की माझ्या पतीचे दुसऱ्या महिलेसोबत अफेअर सुरू आहे,कारण काही वेळानंतर मला संशय येऊ लागला की माझ्या पतीचे दुसऱ्या महिलेसोबत अफेअर सुरू आहे,कारण काही वेळानंतर मला संशय येऊ लागला की माझ्या पतीचे दुसऱ्या महिलेसोबत अफेअर सुरू आहे,2.3,6.67,0,7.34
sample_00533,D:\marathi-asr\data\vistaar_benchmarks\kathbath\marathi\wavs\844424930906996-972-f.wav,प्रश्न केवळ मतांचे प्रमाण आणि जागा किती प्रभावित होतात एवढाच नाही,प्रश्न केवळ मतांचे प्रमाण आणि जागा किती प्रभावित होतात एवढाच नाही,प्रश्न केवळ मतांचे प्रमाण आणि जागा किती प्रभावित होतात एवढाच नाही,प्रश्न केवळ मतांचे प्रमाण आणि जागा किती प्रभावित होतात एवढाच नाही,0.0,0.0,1,5.94
sample_00534,D:\marathi-asr\data\vistaar_benchmarks\kathbath\marathi\wavs\844424930868431-933-f.wav,पाणी गळतीवर साधासोपा उपाय म्हणजे त्या पाण्याची साठवण करून परिसरातील नागरिकांनी सोयीनुसार वापर करावा,पाणीगळतीवर साधा सो्पा उपाय म्हणजे त्या पाण्याची साठवण करून परिसरातील नागरिकांनी सोयीनुसार त्याचा वापर करावा,पाणी गळतीवर साधासोपा उपाय म्हणजे त्या पाण्याची साठवण करून परिसरातील नागरिकांनी सोयीनुसार वापर करावा,पाणीगळतीवर साधा सो्पा उपाय म्हणजे त्या पाण्याची साठवण करून परिसरातील नागरिकांनी सोयीनुसार त्याचा वापर करावा,10.1,28.57,0,9.54
sample_00535,D:\marathi-asr\data\vistaar_benchmarks\kathbath\marathi\wavs\844424932484453-573-f.wav,त्यामुळे सर्वोच्च न्यायालयाच्या बार असोशिएशनने त्यांच्या निरोप समासंभाचा कार्यक्रम आयोजित केला,त्यामुळे सर्वोच्च न्यायालयाच्या बार असोसिएशनने त्याच्या निरोप समाजभाचा कार्यक्रम आयोजित केला,त्यामुळे सर्वोच्च न्यायालयाच्या बार असोशिएशनने त्यांच्या निरोप समासंभाचा कार्यक्रम आयोजित केला,त्यामुळे सर्वोच्च न्यायालयाच्या बार असोसिएशनने त्याच्या निरोप समाजभाचा कार्यक्रम आयोजित केला,4.26,27.27,0,8.38
sample_00536,D:\marathi-asr\data\vistaar_benchmarks\kathbath\marathi\wavs\844424932330102-980-f.wav,उच्च आणि तंत्रशिक्षण मंत्री उदय सामंत यांनी याबाबतची माहिती पत्रकार परिषदेत दिली आहे,उच्च आणि तंत्रशिक्षण मंत्री उदय सामंत यांनी याबाबतची माहिती पत्रकार परिषदेत दिली आहे,उच्च आणि तंत्रशिक्षण मंत्री उदय सामंत यांनी याबाबतची माहिती पत्रकार परिषदेत दिली आहे,उच्च आणि तंत्रशिक्षण मंत्री उदय सामंत यांनी याबाबतची माहिती पत्रकार परिषदेत दिली आहे,0.0,0.0,1,6.57
sample_00537,D:\marathi-asr\data\vistaar_benchmarks\kathbath\marathi\wavs\844424932828570-933-f.wav,त्यामुळे पाऊस पडल्यानंतर गोडसर असा वास येतो त्याचा संबंध आपण पावसाशी जोडतो,त्यामुळे पाऊस पडल्यानंतर गोडसर असा वास येतो त्याचा संबंध आपण पावसाशी जोडतो,त्यामुळे पाऊस पडल्यानंतर गोडसर असा वास येतो त्याचा संबंध आपण पावसाशी जोडतो,त्यामुळे पाऊस पडल्यानंतर गोडसर असा वास येतो त्याचा संबंध आपण पावसाशी जोडतो,0.0,0.0,1,5.8
sample_00538,D:\marathi-asr\data\vistaar_benchmarks\kathbath\marathi\wavs\844424932828582-933-f.wav,भारताबाहेरील लसीचे खुल्या बाजारातील दरही पत्रकात नमूद करण्यात आलंय,भारताबाहेरील लसीचे खुल्या बाजारातील दरही पत्रकार नमूद करण्यात आले,भारताबाहेरील लसीचे खुल्या बाजारातील दरही पत्रकात नमूद करण्यात आलंय,भारताबाहेरील लसीचे खुल्या बाजारातील दरही पत्रकार नमूद करण्यात आले,4.55,22.22,0,6.87
sample_00539,D:\marathi-asr\data\vistaar_benchmarks\kathbath\marathi\wavs\844424930875834-954-f.wav,कोकण रेल्वेच्या या निर्णयामुळे पर्यटकांना मोठा दिलासा मिळणार आहे,कोकण रेल्वेच्या या निर्णयामुळे पर्यटकांना मोठा दिलासा मिळणार आहे,कोकण रेल्वेच्या या निर्णयामुळे पर्यटकांना मोठा दिलासा मिळणार आहे,कोकण रेल्वेच्या या निर्णयामुळे पर्यटकांना मोठा दिलासा मिळणार आहे,0.0,0.0,1,5.41
sample_00540,D:\marathi-asr\data\vistaar_benchmarks\kathbath\marathi\wavs\844424930557290-737-f.wav,अधिक तपास सहाय्यक पोलीस निरीक्षक संजय बोंबले करत आहेत,अधिक तपास सहाय्यक पोलीस निरीक्षक संजय बुमले करत आहेत,अधिक तपास सहाय्यक पोलीस निरीक्षक संजय बोंबले करत आहेत,अधिक तपास सहाय्यक पोलीस निरीक्षक संजय बुमले करत आहेत,5.66,11.11,0,4.83
sample_00541,D:\marathi-asr\data\vistaar_benchmarks\kathbath\marathi\wavs\844424932262403-809-f.wav,प्रामाणिकपणे रोज अर्धा तास जरी ध्यान केले तरी बाकी साडेतेवीस तास तुमचे मन प्रसन्न राहील,प्रामाणिकपणे रोज अर्धा तास जरी ध्यान केले तरी बाकी साडे तेवीस तास तुमचे मन प्रसन्न राहील,प्रामाणिकपणे रोज अर्धा तास जरी ध्यान केले तरी बाकी साडेतेवीस तास तुमचे मन प्रसन्न राहील,प्रामाणिकपणे रोज अर्धा तास जरी ध्यान केले तरी बाकी साडे तेवीस तास तुमचे मन प्रसन्न राहील,1.15,13.33,0,9.36
sample_00542,D:\marathi-asr\data\vistaar_benchmarks\kathbath\marathi\wavs\844424930906946-972-f.wav,नुकताच अभिनेत्री दिशा पटानीला आदित्य ठाकरेंसोबत पाहण्यात आले होते,नुकताच अभिनेत्री दिशा पटाणीला आदित्य ठाकरेसोबत पाहण्यात आले होते,नुकताच अभिनेत्री दिशा पटानीला आदित्य ठाकरेंसोबत पाहण्यात आले होते,नुकताच अभिनेत्री दिशा पटाणीला आदित्य ठाकरेसोबत पाहण्यात आले होते,3.08,22.22,0,6.06
sample_00543,D:\marathi-asr\data\vistaar_benchmarks\kathbath\marathi\wavs\844424930868512-933-f.wav,यामुळे सध्यातरी सीमा भागातील जनतेला आता पावसाचीच प्रतीक्षा करावी लागणार आहे,यामुळे सध्या तरी सीमा भागातील जनतेला आता पावसाची प्रतीक्षा करावी लागणार आहे,यामुळे सध्यातरी सीमा भागातील जनतेला आता पावसाचीच प्रतीक्षा करावी लागणार आहे,यामुळे सध्या तरी सीमा भागातील जनतेला आता पावसाची प्रतीक्षा करावी लागणार आहे,2.67,27.27,0,6.36
sample_00544,D:\marathi-asr\data\vistaar_benchmarks\kathbath\marathi\wavs\844424931570513-236-f.wav,परंतू या वेळेस आमची भुमिका स्पष्ठ करणार असल्याचे मत जिल्हाप्रमुख आनंद बाविस्कर यांनी व्यक्त केले,परंतु यावेळेस आमची भूमिका स्पष्ट करणार असल्याचे मत जिल्हाप्रमुख आनंद बाविसकर यांनी व्यक्त केले,परंतू या वेळेस आमची भुमिका स्पष्ठ करणार असल्याचे मत जिल्हाप्रमुख आनंद बाविस्कर यांनी व्यक्त केले,परंतु यावेळेस आमची भूमिका स्पष्ट करणार असल्याचे मत जिल्हाप्रमुख आनंद बाविसकर यांनी व्यक्त केले,5.21,40.0,0,9.29
sample_00545,D:\marathi-asr\data\vistaar_benchmarks\kathbath\marathi\wavs\844424932372162-132-f.wav,या मागणीवर अखेर शुक्रवारी मेघालय डेमोक्रेटिक अलायन्सच्या मंत्रिमंडळाने शिक्कामोर्तब केले,या मागणीवर अखेर शुक्रवारी मेघालय डेमोक्रॅटिक अलायन्सच्या मंत्रिमंडळाने शिक्कामोर्तब केले,या मागणीवर अखेर शुक्रवारी मेघालय डेमोक्रेटिक अलायन्सच्या मंत्रिमंडळाने शिक्कामोर्तब केले,या मागणीवर अखेर शुक्रवारी मेघालय डेमोक्रॅटिक अलायन्सच्या मंत्रिमंडळाने शिक्कामोर्तब केले,1.14,10.0,0,7.69
sample_00546,D:\marathi-asr\data\vistaar_benchmarks\kathbath\marathi\wavs\844424931218189-933-f.wav,या विद्यार्थ्यांनी गावच्या सरपंचांकडे अपुऱ्या मध्यान्ह भोजनाची तक्रार केली होती,या विद्यार्थ्यांनी गावच्या सरपंचाकडे अपुऱ्यामध्या भोजनाची तक्रार केली होती,या विद्यार्थ्यांनी गावच्या सरपंचांकडे अपुऱ्या मध्यान्ह भोजनाची तक्रार केली होती,या विद्यार्थ्यांनी गावच्या सरपंचाकडे अपुऱ्यामध्या भोजनाची तक्रार केली होती,8.75,30.0,0,7.66
sample_00547,D:\marathi-asr\data\vistaar_benchmarks\kathbath\marathi\wavs\844424932828586-933-f.wav,शब्द पेपर इजिप्तमधील नाईल नदीजवळ उदंड वाढणारी रीडी प्लांट कागदाई नावाच्या नावावरून बनले आहे,शब्दपेपर इजिप्तमधील नाईल नदीजवळ उदंड वाढणारी रिडी प्लांट कागदाई नावाच्या नावावरून बनले आहे,शब्द पेपर इजिप्तमधील नाईल नदीजवळ उदंड वाढणारी रीडी प्लांट कागदाई नावाच्या नावावरून बनले आहे,शब्दपेपर इजिप्तमधील नाईल नदीजवळ उदंड वाढणारी रिडी प्लांट कागदाई नावाच्या नावावरून बनले आहे,2.2,21.43,0,7.89
sample_00548,D:\marathi-asr\data\vistaar_benchmarks\kathbath\marathi\wavs\844424930573333-737-f.wav,या फोनसोबत जिओतर्फे डेटा ऑफर्स सुद्धा देण्यात येणार आहेत,या फोनसोबत जिओतर्फे डेटा ऑफर सुुद्धा देण्यात येणार आहेत,या फोनसोबत जिओतर्फे डेटा ऑफर्स सुद्धा देण्यात येणार आहेत,या फोनसोबत जिओतर्फे डेटा ऑफर सुुद्धा देण्यात येणार आहेत,5.36,22.22,0,4.83
sample_00549,D:\marathi-asr\data\vistaar_benchmarks\kathbath\marathi\wavs\844424932330053-980-f.wav,यामुळे महापालिकेकडे वेतन देण्यासाठी निधी नसल्याचे सांगून कामगारांचे वेतन देण्यास टाळाटाळ करण्यात येत आहे,यामुळे महापालिकेकडे वेतन देण्यासाठी निधी नसल्याचे सांगून कामगारांचे वेतन देण्यास टाळाटाळ करण्यात येत आहेत,यामुळे महापालिकेकडे वेतन देण्यासाठी निधी नसल्याचे सांगून कामगारांचे वेतन देण्यास टाळाटाळ करण्यात येत आहे,यामुळे महापालिकेकडे वेतन देण्यासाठी निधी नसल्याचे सांगून कामगारांचे वेतन देण्यास टाळाटाळ करण्यात येत आहेत,0.96,7.14,0,7.89
sample_00550,D:\marathi-asr\data\vistaar_benchmarks\kathbath\marathi\wavs\844424932311875-980-f.wav,उदयनराजेंच्या या भाषणावर आता पोलिस खाते नेमकी काय भुमिका घेणार याकडे सर्वांचे लक्ष लागले आहे,उदयनराजेंच्या या भाषणावर आता पोलीस खाते नेमकी काय भूमिका घेणार याकडे सर्वांचे लक्ष लागले आहे,उदयनराजेंच्या या भाषणावर आता पोलिस खाते नेमकी काय भुमिका घेणार याकडे सर्वांचे लक्ष लागले आहे,उदयनराजेंच्या या भाषणावर आता पोलीस खाते नेमकी काय भूमिका घेणार याकडे सर्वांचे लक्ष लागले आहे,2.17,13.33,0,7.45
sample_00551,D:\marathi-asr\data\vistaar_benchmarks\kathbath\marathi\wavs\844424931130701-933-f.wav,ठाणे ग्रामीण क्राईम शाखेने या हत्येचा अखेर छडा लावला,ठाणे ग्रामीण क्राईम शाखेने या हत्येचा अखे छडा लावला,ठाणे ग्रामीण क्राईम शाखेने या हत्येचा अखेर छडा लावला,ठाणे ग्रामीण क्राईम शाखेने या हत्येचा अखे छडा लावला,1.92,11.11,0,3.72
sample_00552,D:\marathi-asr\data\vistaar_benchmarks\kathbath\marathi\wavs\844424931570580-236-f.wav,या वेळी विविध देशांच्या नेत्यांसह पंतप्रधान नरेंद्र मोदी उपस्थित होते,यावेळी विविध देशांच्या नेत्यांसह पंतप्रधान नरेंद्र मोदी उपस्थित होते,या वेळी विविध देशांच्या नेत्यांसह पंतप्रधान नरेंद्र मोदी उपस्थित होते,यावेळी विविध देशांच्या नेत्यांसह पंतप्रधान नरेंद्र मोदी उपस्थित होते,1.45,20.0,0,6.76
sample_00553,D:\marathi-asr\data\vistaar_benchmarks\kathbath\marathi\wavs\844424932484439-573-f.wav,या नाटकांचे इंग्रजी तसंच इतर अनेक भारतीय भाषांमध्ये अनुवाद झाले आहेत,या नाटकांचे अंग्रेजी तसंच इतर अनेक भारतीय भाषांमध्ये अनुवाद झाले आहेत,या नाटकांचे इंग्रजी तसंच इतर अनेक भारतीय भाषांमध्ये अनुवाद झाले आहेत,या नाटकांचे अंग्रेजी तसंच इतर अनेक भारतीय भाषांमध्ये अनुवाद झाले आहेत,2.94,9.09,0,7.71
sample_00554,D:\marathi-asr\data\vistaar_benchmarks\kathbath\marathi\wavs\844424931570533-236-f.wav,राजकुमार हिरानीच्या या चित्रपटात शाहरुख खान आणि करीना कपूर खान बर्याच कालवधीनंतर एकत्र दिसणार आहेत,राजकुमार हिराणीच्या या चित्रपटात शाहरुख खान आणि करीना कपूर खान बऱ्याच कालावधीनंतर एकत्र दिसणार आहेत,राजकुमार हिरानीच्या या चित्रपटात शाहरुख खान आणि करीना कपूर खान बर्याच कालवधीनंतर एकत्र दिसणार आहेत,राजकुमार हिराणीच्या या चित्रपटात शाहरुख खान आणि करीना कपूर खान बऱ्याच कालावधीनंतर एकत्र दिसणार आहेत,3.06,20.0,0,8.36
sample_00555,D:\marathi-asr\data\vistaar_benchmarks\kathbath\marathi\wavs\844424932311912-980-f.wav,या निवडणुकीमध्ये स्वाभीमानी पक्ष आणि शेतकरी कामगार पक्षांच्या कामगिरीवर विजयीची सूत्र विसंबून आहेत,निवडणुकीमध्ये स्वाभिमानी पक्ष आणि शेतकरी कामगार पक्षांच्या कामगिरीवर विजयीची सूत्रं विसंबून आहेत,या निवडणुकीमध्ये स्वाभीमानी पक्ष आणि शेतकरी कामगार पक्षांच्या कामगिरीवर विजयीची सूत्र विसंबून आहेत,निवडणुकीमध्ये स्वाभिमानी पक्ष आणि शेतकरी कामगार पक्षांच्या कामगिरीवर विजयीची सूत्रं विसंबून आहेत,5.1,23.08,0,7.36
sample_00556,D:\marathi-asr\data\vistaar_benchmarks\kathbath\marathi\wavs\844424931570535-236-f.wav,अनेक शाळांतील विद्यार्थ्यांची खासगी रिक्षा आणि इतर वाहनांतून असुरक्षित वाहतूक करण्यात येत आहे,अनेक शाळांील विद्यार्थ्यांची खजगी रिक्षा आणि इतर वाहनातून असुरक्षित वाहतूक करण्यात येत आहे,अनेक शाळांतील विद्यार्थ्यांची खासगी रिक्षा आणि इतर वाहनांतून असुरक्षित वाहतूक करण्यात येत आहे,अनेक शाळांील विद्यार्थ्यांची खजगी रिक्षा आणि इतर वाहनातून असुरक्षित वाहतूक करण्यात येत आहे,4.3,23.08,0,6.59
sample_00557,D:\marathi-asr\data\vistaar_benchmarks\kathbath\marathi\wavs\844424932828577-933-f.wav,मात्र तरललैंगिक किंवा भारतापुरते बोलायचे तर हिजडे हे दोन्ही नसतात,मात्र तरललैंगिक किंवा भारतापुरते बोलायचे तर हिजडे हे दोन्ही नसतात,मात्र तरललैंगिक किंवा भारतापुरते बोलायचे तर हिजडे हे दोन्ही नसतात,मात्र तरललैंगिक किंवा भारतापुरते बोलायचे तर हिजडे हे दोन्ही नसतात,0.0,0.0,1,6.04
sample_00558,D:\marathi-asr\data\vistaar_benchmarks\kathbath\marathi\wavs\844424932311851-980-f.wav,या पाहणीत दोषी आढळणाऱ्या कंपन्यांवर तसेच विविध प्रकल्पांवर प्रदूषण नियंत्रण कायद्यानुसार कारवाई केली जाते,या पाहणीत दोषी आढळणाऱ्या कंपन्यांवर तसेच विविध प्रकल्पांवर प्रदूषण नियंत्रण कायद्यानुसार कारवाई केली जाते,या पाहणीत दोषी आढळणाऱ्या कंपन्यांवर तसेच विविध प्रकल्पांवर प्रदूषण नियंत्रण कायद्यानुसार कारवाई केली जाते,या पाहणीत दोषी आढळणाऱ्या कंपन्यांवर तसेच विविध प्रकल्पांवर प्रदूषण नियंत्रण कायद्यानुसार कारवाई केली जाते,1.89,7.14,0,7.55
sample_00559,D:\marathi-asr\data\vistaar_benchmarks\kathbath\marathi\wavs\844424932372211-132-f.wav,१९९५ मध्ये इम्रान खान यांनी जेमिमा गोल्डस्मिथ नावाच्या ब्रिटिश पत्रकार महिलेशी विवाह केला होता,एकोणीशे पंच्याण्णवमध्येध्ये इम्रान खान यांनी जेमिमा गोल्डस्मिथ नावाच्या ब्रिटिश पत्रकार महिलेशी विवाह केला होता,१९९५ मध्ये इम्रान खान यांनी जेमिमा गोल्डस्मिथ नावाच्या ब्रिटिश पत्रकार महिलेशी विवाह केला होता,एकोणीशे पंच्याण्णवमध्येध्ये इम्रान खान यांनी जेमिमा गोल्डस्मिथ नावाच्या ब्रिटिश पत्रकार महिलेशी विवाह केला होता,22.34,14.29,0,8.89
sample_00560,D:\marathi-asr\data\vistaar_benchmarks\kathbath\marathi\wavs\844424930834525-954-f.wav,सोळा वर्षीय काटनीस एव्हर्डेन आपल्या वडिलांना एका खाण अपघातात मरण पावले आहे,सोळा वर्षीय खाडणीस एवडेन आपल्या वडिलांना एका खान अपघातात मरण पावले आहे,सोळा वर्षीय काटनीस एव्हर्डेन आपल्या वडिलांना एका खाण अपघातात मरण पावले आहे,सोळा वर्षीय खाडणीस एवडेन आपल्या वडिलांना एका खान अपघातात मरण पावले आहे,10.81,25.0,0,6.57
sample_00561,D:\marathi-asr\data\vistaar_benchmarks\kathbath\marathi\wavs\844424932330084-980-f.wav,तुम्ही टीव्हीवर ऐकलं असेल की अमेरिकेचे राष्ट्राध्यक्ष डोनाल्ड ट्रम्प भारतात आले होते,टीव्हीवर ऐकलं असेल की अमेरिकेचे राष्ट्राध्यक्ष डोनाल्ड ट्रम्प भारतात आले होते,तुम्ही टीव्हीवर ऐकलं असेल की अमेरिकेचे राष्ट्राध्यक्ष डोनाल्ड ट्रम्प भारतात आले होते,टीव्हीवर ऐकलं असेल की अमेरिकेचे राष्ट्राध्यक्ष डोनाल्ड ट्रम्प भारतात आले होते,8.33,8.33,0,5.78
sample_00562,D:\marathi-asr\data\vistaar_benchmarks\kathbath\marathi\wavs\844424932330058-980-f.wav,श्रेयस अय्यर आणि सूर्यकुमार यादव या दोघांच्यात मोठी स्पर्धा असेल,श्रेयस अय्यर आणि सूर्यकुमार यादव या दोघांच्यात मोठी स्पर्धा असेल,श्रेयस अय्यर आणि सूर्यकुमार यादव या दोघांच्यात मोठी स्पर्धा असेल,श्रेयस अय्यर आणि सूर्यकुमार यादव या दोघांच्यात मोठी स्पर्धा असेल,0.0,0.0,1,5.57
sample_00563,D:\marathi-asr\data\vistaar_benchmarks\kathbath\marathi\wavs\844424930875880-954-f.wav,यावर्षी उत्तीर्ण झालेल्या विदयार्थ्यांनी व्यवसायच्या आणि संशोधनाच्या दृष्टीने प्रयत्न करणे गरजेचे आहे,यावर्षी उत्तीर्ण झालेल्या विद्यार्थ्यांनी व्यवसायाचा आणि संशोधनाच्या दृष्टीने प्रयत्न करणे गरजेचे आहे,यावर्षी उत्तीर्ण झालेल्या विदयार्थ्यांनी व्यवसायच्या आणि संशोधनाच्या दृष्टीने प्रयत्न करणे गरजेचे आहे,यावर्षी उत्तीर्ण झालेल्या विद्यार्थ्यांनी व्यवसायाचा आणि संशोधनाच्या दृष्टीने प्रयत्न करणे गरजेचे आहे,3.96,16.67,0,8.5
sample_00564,D:\marathi-asr\data\vistaar_benchmarks\kathbath\marathi\wavs\844424932823399-715-f.wav,इन्स्टंट मेसेजिंग अँप्लिकेशन नुकतंच तयार केलं असून त्याचं नाव बीम मेसेंजर आहे,इन्स्टंट मेसेंजिंग अॅप्लिकेशन नुकतंच तयार केलं असून त्याचं नाव बीम मेसेंजर आहे,इन्स्टंट मेसेजिंग अँप्लिकेशन नुकतंच तयार केलं असून त्याचं नाव बीम मेसेंजर आहे,इन्स्टंट मेसेंजिंग अॅप्लिकेशन नुकतंच तयार केलं असून त्याचं नाव बीम मेसेंजर आहे,2.6,16.67,0,6.32
sample_00565,D:\marathi-asr\data\vistaar_benchmarks\kathbath\marathi\wavs\844424930875917-954-f.wav,याचं कारण त्यांनी कीमोथेरपी आणि सर्जरीसारख्या पारंपारिक उपचारांऐवजी कॅन्सरच्या दुसऱ्या पर्यायी चिकित्सांवर अधिक विश्वास ठेवला,याचं कारण त्यांनी किमोथेरपी आणि सर्जरीसारख्या पारंपरिक उपचारांऐवजी कॅन्सरच्या दुसऱ्या पर्यायी चिकित्सात्मकवर अधिक विश्वास ठेवला,याचं कारण त्यांनी कीमोथेरपी आणि सर्जरीसारख्या पारंपारिक उपचारांऐवजी कॅन्सरच्या दुसऱ्या पर्यायी चिकित्सांवर अधिक विश्वास ठेवला,याचं कारण त्यांनी किमोथेरपी आणि सर्जरीसारख्या पारंपरिक उपचारांऐवजी कॅन्सरच्या दुसऱ्या पर्यायी चिकित्सात्मकवर अधिक विश्वास ठेवला,6.35,26.67,0,10.17
sample_00566,D:\marathi-asr\data\vistaar_benchmarks\kathbath\marathi\wavs\844424932337197-809-f.wav,यातच जारकीहोळी बंधूंनी काँग्रेस वरिष्ठांसमोर काही अटी ठेवल्या असून त्या पूर्ण करण्याची मागणी केली आहे,यातच जारकीहोडी बंधूंनी काँग्रेस वरिष्ठांसमोर काही अटी ठेवल्या असून त्या पूर्ण करण्याची मागणी केली आहे,यातच जारकीहोळी बंधूंनी काँग्रेस वरिष्ठांसमोर काही अटी ठेवल्या असून त्या पूर्ण करण्याची मागणी केली आहे,यातच जारकीहोडी बंधूंनी काँग्रेस वरिष्ठांसमोर काही अटी ठेवल्या असून त्या पूर्ण करण्याची मागणी केली आहे,0.99,6.67,0,14.72
sample_00567,D:\marathi-asr\data\vistaar_benchmarks\kathbath\marathi\wavs\844424932828559-933-f.wav,राज्यात करोनामुळे चिंतेचं वातावरण असताना त्यात अशी अस्थिरता निर्माण होता कामा नये,राज्यात कोरोनामुळे चिंतेचं वातावरण असताना त्यात अशी अस्थिरता निर्माण होता कामा नये,राज्यात करोनामुळे चिंतेचं वातावरण असताना त्यात अशी अस्थिरता निर्माण होता कामा नये,राज्यात कोरोनामुळे चिंतेचं वातावरण असताना त्यात अशी अस्थिरता निर्माण होता कामा नये,1.23,8.33,0,6.08
sample_00568,D:\marathi-asr\data\vistaar_benchmarks\kathbath\marathi\wavs\844424930573297-737-f.wav,तसेच नुकतीच अंघोळ झाल्यानंतर हातात ओली चड्डी घेऊन ते घरभर फिरत होते,तसेच नुकतीच चघोोल झाल्यानंतर हातात ओली चड्डी घेऊन ते घलबल फिरत होते,तसेच नुकतीच अंघोळ झाल्यानंतर हातात ओली चड्डी घेऊन ते घरभर फिरत होते,तसेच नुकतीच चघोोल झाल्यानंतर हातात ओली चड्डी घेऊन ते घलबल फिरत होते,10.45,16.67,0,5.46
sample_00569,D:\marathi-asr\data\vistaar_benchmarks\kathbath\marathi\wavs\844424930573385-737-f.wav,क्रिकेट इतकेच वेड कबड्डीने गेल्या काही वर्षांमध्ये संपूर्ण जगाला लावले आहे,क्रिकेट इतकेच वेळ कबड्डीने गेल्या काही वर्षांमध्ये संपूर्ण जगाला लावले आहे,क्रिकेट इतकेच वेड कबड्डीने गेल्या काही वर्षांमध्ये संपूर्ण जगाला लावले आहे,क्रिकेट इतकेच वेळ कबड्डीने गेल्या काही वर्षांमध्ये संपूर्ण जगाला लावले आहे,1.35,9.09,0,5.71
sample_00570,D:\marathi-asr\data\vistaar_benchmarks\kathbath\marathi\wavs\844424932262384-809-f.wav,विराट कोहलीच्या एका इन्स्टाग्राम पोस्टला मिळते एवढी मोठी रक्कम,विराट कोहलीच्या एका इनस्टाग्राम पोस्टला मिळते एवढी रक्कम,विराट कोहलीच्या एका इन्स्टाग्राम पोस्टला मिळते एवढी मोठी रक्कम,विराट कोहलीच्या एका इनस्टाग्राम पोस्टला मिळते एवढी रक्कम,9.68,22.22,0,6.18
sample_00571,D:\marathi-asr\data\vistaar_benchmarks\kathbath\marathi\wavs\844424932266712-980-f.wav,भाजप नेत्यांनी या विषयावरून राज्य सरकारवर निशाणा साधला आहे,भाजप नेत्यांनी या विषयावरून राज्य सरकारवर निशाणा साधला आहे,भाजप नेत्यांनी या विषयावरून राज्य सरकारवर निशाणा साधला आहे,भाजप नेत्यांनी या विषयावरून राज्य सरकारवर निशाणा साधला आहे,0.0,0.0,1,4.83
sample_00572,D:\marathi-asr\data\vistaar_benchmarks\kathbath\marathi\wavs\844424932823358-715-f.wav,बालसाहित्य पुरस्कार १४ नोव्हेंबर रोजी होणाऱ्या एका कार्यक्रमात प्रदान केले जातील,बालसाहित्य पुरस्कार चौदा नोव्हेंबर रोजी होणाऱ्या एका कार्यक्रमात प्रदान केले जातील,बालसाहित्य पुरस्कार १४ नोव्हेंबर रोजी होणाऱ्या एका कार्यक्रमात प्रदान केले जातील,बालसाहित्य पुरस्कार चौदा नोव्हेंबर रोजी होणाऱ्या एका कार्यक्रमात प्रदान केले जातील,7.41,18.18,0,6.76
sample_00573,D:\marathi-asr\data\vistaar_benchmarks\kathbath\marathi\wavs\844424932372198-132-f.wav,पुण्यात बलात्कार करून खून करण्यात आलेल्या नयना पुजारीच्या गुन्हेगारांनाही नुकतीच शिक्षा ठोठावण्यात आली आहे,पुण्यात बलात्कार करून खून करण्यात आलेल्या नैना पुजारीच्या गुन्हेगारांनाही नुकतीच शिक्षा ठोठवण्यात आली आहे,पुण्यात बलात्कार करून खून करण्यात आलेल्या नयना पुजारीच्या गुन्हेगारांनाही नुकतीच शिक्षा ठोठावण्यात आली आहे,पुण्यात बलात्कार करून खून करण्यात आलेल्या नैना पुजारीच्या गुन्हेगारांनाही नुकतीच शिक्षा ठोठवण्यात आली आहे,1.89,14.29,0,7.5
sample_00574,D:\marathi-asr\data\vistaar_benchmarks\kathbath\marathi\wavs\844424931570563-236-f.wav,मुख्यमंत्री उद्धव ठाकरे यांनी आज राज्याला संबोधित करताना याबाबत उल्लेखही केला,मुख्यमंत्री उद्धव ठाकरे यांनी आज राज्याला संबोधित करताना याबाबत उल्लेखही केला,मुख्यमंत्री उद्धव ठाकरे यांनी आज राज्याला संबोधित करताना याबाबत उल्लेखही केला,मुख्यमंत्री उद्धव ठाकरे यांनी आज राज्याला संबोधित करताना याबाबत उल्लेखही केला,0.0,0.0,1,6.76
sample_00575,D:\marathi-asr\data\vistaar_benchmarks\kathbath\marathi\wavs\844424932266713-980-f.wav,या घटनेने लोकसभा निवडणुकीच्या तोंडावर कुडाळातील राजकीय वातावरण तापले आहे,या घटनेने लोकसभा निवडणुकीच्या तोंडावर कुडाळील राजकीय वातावरण तापले आहे,या घटनेने लोकसभा निवडणुकीच्या तोंडावर कुडाळातील राजकीय वातावरण तापले आहे,या घटनेने लोकसभा निवडणुकीच्या तोंडावर कुडाळील राजकीय वातावरण तापले आहे,2.78,10.0,0,6.25
sample_00576,D:\marathi-asr\data\vistaar_benchmarks\kathbath\marathi\wavs\844424932266731-980-f.wav,अशाने नात्यातले प्रेम आणि आदर कमी होतो आणि संशय आणि निरादर वाढतो,अशाने नात्यातले प्रेम आणि आदर कमी होतो आणि संशय आणि निरादार वाढतो,अशाने नात्यातले प्रेम आणि आदर कमी होतो आणि संशय आणि निरादर वाढतो,अशाने नात्यातले प्रेम आणि आदर कमी होतो आणि संशय आणि निरादार वाढतो,1.56,8.33,0,5.85
sample_00577,D:\marathi-asr\data\vistaar_benchmarks\kathbath\marathi\wavs\844424930906914-972-f.wav,इंग्रजी भाषेचे आक्रमण आणि तिच्या ज्ञानाचे संपादन अशीदेखील लढाई सुरू आहे,इंग्रजी भाषेचे आक्रमण आणि तिच्या ज्ञानाचे संपादन अशी देखील लढाई सुरू आहे,इंग्रजी भाषेचे आक्रमण आणि तिच्या ज्ञानाचे संपादन अशीदेखील लढाई सुरू आहे,इंग्रजी भाषेचे आक्रमण आणि तिच्या ज्ञानाचे संपादन अशी देखील लढाई सुरू आहे,1.41,18.18,0,7.08
sample_00578,D:\marathi-asr\data\vistaar_benchmarks\kathbath\marathi\wavs\844424930875883-954-f.wav,परंतु हे सर्व गुणधर्म वेगवेगळ्या देशांच्या आणि युवकांच्या लाखो तरुणांना दिल्या जात आहेत,परंतु हे सर्व गुणधर्म वेगवेगळ्या देशांचा आणि युवकांच्या लाखो तरुणांना दिल्या जात आहेत,परंतु हे सर्व गुणधर्म वेगवेगळ्या देशांच्या आणि युवकांच्या लाखो तरुणांना दिल्या जात आहेत,परंतु हे सर्व गुणधर्म वेगवेगळ्या देशांचा आणि युवकांच्या लाखो तरुणांना दिल्या जात आहेत,2.3,7.69,0,6.85
sample_00579,D:\marathi-asr\data\vistaar_benchmarks\kathbath\marathi\wavs\844424931030047-933-f.wav,मुंबई महानगरपालिकेच्या वतीनं हे औषध धारावी आणि वरळी कोळीवाड्यातील नागरिकांना देण्यात येणार आहे,मुंबई महानगरपालिकेच्या वतीनं हे औषध धारावी आणि वरळी कोोळीवाड्यातील नागरिकांना देण्यात येणार आहे,मुंबई महानगरपालिकेच्या वतीनं हे औषध धारावी आणि वरळी कोळीवाड्यातील नागरिकांना देण्यात येणार आहे,मुंबई महानगरपालिकेच्या वतीनं हे औषध धारावी आणि वरळी कोोळीवाड्यातील नागरिकांना देण्यात येणार आहे,1.06,7.69,0,7.89
sample_00580,D:\marathi-asr\data\vistaar_benchmarks\kathbath\marathi\wavs\844424932828544-933-f.wav,या प्रकरणी घोटी पोलीस ठाण्यात चोरीचा गुन्हा दाखल करण्यात आला आहे,याप्रकरणी घोटी पोलीस ठाण्यात चोरीचा गुन्हा दाखल करण्यात आला आहे,या प्रकरणी घोटी पोलीस ठाण्यात चोरीचा गुन्हा दाखल करण्यात आला आहे,याप्रकरणी घोटी पोलीस ठाण्यात चोरीचा गुन्हा दाखल करण्यात आला आहे,1.56,18.18,0,4.43
sample_00581,D:\marathi-asr\data\vistaar_benchmarks\kathbath\marathi\wavs\844424932330026-980-f.wav,वीजदेयक थकित नसल्याचे प्रमाणपत्र सादर करीत नाहीत तोपर्यंत यांच्या निवासस्थानाचा ताबा संबंधित यंत्रणाही घेणार नाही,वीज देेयक थकीत नसल्याचे प्रमाणपत्र सादर करीत नाहीत तोपर्यंत यांच्या निवासस्थानाचा ताबा संबंधित यंत्रणाही घेणार नाही,वीजदेयक थकित नसल्याचे प्रमाणपत्र सादर करीत नाहीत तोपर्यंत यांच्या निवासस्थानाचा ताबा संबंधित यंत्रणाही घेणार नाही,वीज देेयक थकीत नसल्याचे प्रमाणपत्र सादर करीत नाहीत तोपर्यंत यांच्या निवासस्थानाचा ताबा संबंधित यंत्रणाही घेणार नाही,2.65,20.0,0,9.15
sample_00582,D:\marathi-asr\data\vistaar_benchmarks\kathbath\marathi\wavs\844424931130745-933-f.wav,दुसरं म्हणजे सरकारच्या असंवेदनशील भूमिकेमुळे काश्मिरी जनतेत पाकिस्तानबद्दल सहानुभूती निर्माण होत असल्याचं खोऱ्यात दिसतं,दुसरं म्हणजे सरकारच्या असंवेदनशील भूमिकेमुळे काश्मीर जनतेत पाकिस्तानाबद्दल सहानुभूती निर्माण होत असल्याचं खोऱ्यात दिसतं,दुसरं म्हणजे सरकारच्या असंवेदनशील भूमिकेमुळे काश्मिरी जनतेत पाकिस्तानबद्दल सहानुभूती निर्माण होत असल्याचं खोऱ्यात दिसतं,दुसरं म्हणजे सरकारच्या असंवेदनशील भूमिकेमुळे काश्मीर जनतेत पाकिस्तानाबद्दल सहानुभूती निर्माण होत असल्याचं खोऱ्यात दिसतं,4.17,21.43,0,7.64
sample_00583,D:\marathi-asr\data\vistaar_benchmarks\kathbath\marathi\wavs\844424930875913-954-f.wav,जेारदार पावसामुळे रेल्वे आणि वाहतूक सेवेवर परिणाम झाला होता,जोरदार पावसामुळे रेल्वे आणि वाहतूक सेवेवर परिणाम झाला होता,जेारदार पावसामुळे रेल्वे आणि वाहतूक सेवेवर परिणाम झाला होता,जोरदार पावसामुळे रेल्वे आणि वाहतूक सेवेवर परिणाम झाला होता,3.39,11.11,0,4.76
sample_00584,D:\marathi-asr\data\vistaar_benchmarks\kathbath\marathi\wavs\844424930875833-954-f.wav,त्यानंतर या नराधम पित्याने आपल्याच मुलीवर वारंवार अत्याचार केले,त्यानंतर या नराधम पित्याने आपल्याच मुलीवर वारंवार अत्याचार केले,त्यानंतर या नराधम पित्याने आपल्याच मुलीवर वारंवार अत्याचार केले,त्यानंतर या नराधम पित्याने आपल्याच मुलीवर वारंवार अत्याचार केले,0.0,0.0,1,6.01
sample_00585,D:\marathi-asr\data\vistaar_benchmarks\kathbath\marathi\wavs\844424932372235-132-f.wav,पीडित मुलींच्या कुटुंबीयांनी तक्रार केल्यानंतर कोथरुड पोलिसांनी या प्रकरणात गुन्हा दाखल केला,पीडित मुलींच्या कुटुंबियांनी तक्रार केल्यानंतर कोथरूड पोलिसांनी या प्रकरणात गुन्हा दाखल केला,पीडित मुलींच्या कुटुंबीयांनी तक्रार केल्यानंतर कोथरुड पोलिसांनी या प्रकरणात गुन्हा दाखल केला,पीडित मुलींच्या कुटुंबियांनी तक्रार केल्यानंतर कोथरूड पोलिसांनी या प्रकरणात गुन्हा दाखल केला,2.17,16.67,0,7.48
sample_00586,D:\marathi-asr\data\vistaar_benchmarks\kathbath\marathi\wavs\844424932823384-715-f.wav,या चार जणांच्या टोळीने एका बोगस कंपनीच्या नावाने बनावट स्टॅम्प पेपर तयार केले होते,या चार जणांच्या टोळीने एका बोगस कंपनीच्या नावाने बनावट स्टॅम्प पेपर तयार केले होते,या चार जणांच्या टोळीने एका बोगस कंपनीच्या नावाने बनावट स्टॅम्प पेपर तयार केले होते,या चार जणांच्या टोळीने एका बोगस कंपनीच्या नावाने बनावट स्टॅम्प पेपर तयार केले होते,0.0,0.0,1,6.46
sample_00587,D:\marathi-asr\data\vistaar_benchmarks\kathbath\marathi\wavs\844424930906953-972-f.wav,त्यांना दिलेल्या थांब्यापासून इतर रिक्षाचालकांना येण्यास परवानगी राहणार नाही,त्यांना दिलेल्या थांब्यापासून इतर रिक्षाचालकांना येण्यास परवानगी राहणार नाही,त्यांना दिलेल्या थांब्यापासून इतर रिक्षाचालकांना येण्यास परवानगी राहणार नाही,त्यांना दिलेल्या थांब्यापासून इतर रिक्षाचालकांना येण्यास परवानगी राहणार नाही,0.0,0.0,1,6.39
sample_00588,D:\marathi-asr\data\vistaar_benchmarks\kathbath\marathi\wavs\844424930868506-933-f.wav,त्यामुळे खरे तर काँग्रेसी नेतेमंडळींनी रात्रीचा दिवस करून निवडणुकीच्या कामाला लागणे गरजेचे होते,त्यामुळे खरे तरर काँग्रेस नेते मंडळींनी रात्रीचा दिवस करून निवडणुकीच्या कामाला लागणे गरजेचे होते,त्यामुळे खरे तर काँग्रेसी नेतेमंडळींनी रात्रीचा दिवस करून निवडणुकीच्या कामाला लागणे गरजेचे होते,त्यामुळे खरे तरर काँग्रेस नेते मंडळींनी रात्रीचा दिवस करून निवडणुकीच्या कामाला लागणे गरजेचे होते,3.16,30.77,0,7.01
sample_00589,D:\marathi-asr\data\vistaar_benchmarks\kathbath\marathi\wavs\844424932311848-980-f.wav,ही माहिती मिळताच पोलिसांनी तातडीने मशिद गाठली आणि रिकामी केली,माहिती मिळताच पोलिसांनी तातडीने मशीद गाठली आणि रिकामी केली,ही माहिती मिळताच पोलिसांनी तातडीने मशिद गाठली आणि रिकामी केली,माहिती मिळताच पोलिसांनी तातडीने मशीद गाठली आणि रिकामी केली,6.56,20.0,0,4.81
sample_00590,D:\marathi-asr\data\vistaar_benchmarks\kathbath\marathi\wavs\844424932262410-809-f.wav,मुलाला शोधण्यासाठी बाहेर पडलेली फॅनी मुलाला त्याच्या बापाबरोबर पाहते आणि तिला आश्चर्य वाटते,मुलाला शोधण्यासाठी बाहेर पडलेली फॅनी मुलाला त्याच्या बापाबरोबर पाहते आणि तिला आश्चर्य वाटते,मुलाला शोधण्यासाठी बाहेर पडलेली फॅनी मुलाला त्याच्या बापाबरोबर पाहते आणि तिला आश्चर्य वाटते,मुलाला शोधण्यासाठी बाहेर पडलेली फॅनी मुलाला त्याच्या बापाबरोबर पाहते आणि तिला आश्चर्य वाटते,0.0,0.0,1,9.2
sample_00591,D:\marathi-asr\data\vistaar_benchmarks\kathbath\marathi\wavs\844424932266709-980-f.wav,शरीरात जीवाणू आणि व्हायरसचे प्रवेश टाळण्यासाठी त्यांची त्वचा आणि श्लेष्म पडदा पूर्णपणे विकसित नाहीत,शरीरात जीवाणू आणि व्हायरसचे प्रवेश टाळण्यासाठी त्यांची त्वचा आणि श्लेष्प पडदा पूर्णपणे विकसित नाहीत,शरीरात जीवाणू आणि व्हायरसचे प्रवेश टाळण्यासाठी त्यांची त्वचा आणि श्लेष्म पडदा पूर्णपणे विकसित नाहीत,शरीरात जीवाणू आणि व्हायरसचे प्रवेश टाळण्यासाठी त्यांची त्वचा आणि श्लेष्प पडदा पूर्णपणे विकसित नाहीत,1.01,7.14,0,6.85
sample_00592,D:\marathi-asr\data\vistaar_benchmarks\kathbath\marathi\wavs\844424932262392-809-f.wav,हे तंत्रज्ञान काही नकारात्मक वैशिष्ट्ये एकटेच कठीण आहे बॉश,हे तंत्रज्ञान काही नकारात्मक वैशिष्ट्ये एकटेच कठीण आहे बॅश,हे तंत्रज्ञान काही नकारात्मक वैशिष्ट्ये एकटेच कठीण आहे बॉश,हे तंत्रज्ञान काही नकारात्मक वैशिष्ट्ये एकटेच कठीण आहे बॅश,1.72,11.11,0,8.59
sample_00593,D:\marathi-asr\data\vistaar_benchmarks\kathbath\marathi\wavs\844424932262446-809-f.wav,विद्यार्थ्यांना अधिक कुशल बनण्यासाठी विद्यापीठ अनुदान आयोग विविध शाखांची अध्यपन निष्पत्ती ठरवत आहे,विद्यार्थ्यांना अधिक कुशल बनवण्यासाठी विद्यापीठ अनुदान आयोग विविध शाखांचे अध्यापन निष्पत्ती ठरवत आहे,विद्यार्थ्यांना अधिक कुशल बनण्यासाठी विद्यापीठ अनुदान आयोग विविध शाखांची अध्यपन निष्पत्ती ठरवत आहे,विद्यार्थ्यांना अधिक कुशल बनवण्यासाठी विद्यापीठ अनुदान आयोग विविध शाखांचे अध्यापन निष्पत्ती ठरवत आहे,3.06,23.08,0,11.33
sample_00594,D:\marathi-asr\data\vistaar_benchmarks\kathbath\marathi\wavs\844424932828546-933-f.wav,ही छावणी काही महिन्यांपूर्वीच रिकामी करण्यात आली होती,ही छावणी काही महिन्यांपूर्वीच रिकामी करण्यात आली होती,ही छावणी काही महिन्यांपूर्वीच रिकामी करण्यात आली होती,ही छावणी काही महिन्यांपूर्वीच रिकामी करण्यात आली होती,0.0,0.0,1,3.88
sample_00595,D:\marathi-asr\data\vistaar_benchmarks\kathbath\marathi\wavs\844424932266665-980-f.wav,कोणत्याही लग्नात एक प्रौढ महिला इकडे तिकडे वावरताना दिसते,कोणत्याही लग्नात एक प्रौढ महिला इकडे तिकडे वावरताना दिसते,कोणत्याही लग्नात एक प्रौढ महिला इकडे तिकडे वावरताना दिसते,कोणत्याही लग्नात एक प्रौढ महिला इकडे तिकडे वावरताना दिसते,0.0,0.0,1,4.37
sample_00596,D:\marathi-asr\data\vistaar_benchmarks\kathbath\marathi\wavs\844424930906936-972-f.wav,पोलिसांपुढे दोघांचीही हिंमत खचली आणि त्यांनी आपला गुन्हा कबूल केला,पोलिसांपुढे दोघांचीही हिंमत खसली आणि त्यांनी आपला गुन्हा कबूल केला,पोलिसांपुढे दोघांचीही हिंमत खचली आणि त्यांनी आपला गुन्हा कबूल केला,पोलिसांपुढे दोघांचीही हिंमत खसली आणि त्यांनी आपला गुन्हा कबूल केला,1.52,10.0,0,5.71
sample_00597,D:\marathi-asr\data\vistaar_benchmarks\kathbath\marathi\wavs\844424932262433-809-f.wav,मुलाच्या मोकळ्या असलेल्या नाकपुडीवर बोट ठेवा आणि हलकेच मुलाच्या तोंडात फुंकर घाला,मुलाच्या मोकळ्या असलेल्या नागपुडीवर बोट ठेवा आणि हलक्याच मुलाच्या तोंडात फुंकर घाला,मुलाच्या मोकळ्या असलेल्या नाकपुडीवर बोट ठेवा आणि हलकेच मुलाच्या तोंडात फुंकर घाला,मुलाच्या मोकळ्या असलेल्या नागपुडीवर बोट ठेवा आणि हलक्याच मुलाच्या तोंडात फुंकर घाला,4.94,16.67,0,8.52
sample_00598,D:\marathi-asr\data\vistaar_benchmarks\kathbath\marathi\wavs\844424932823355-715-f.wav,सर्वोच्च न्यायालयात चांगले आणि निष्णात वकिलांनी युक्तीवाद केला आहे,सर्वोच्च न्यायालयात चांगले आणि निष्णात वकिलांनी युक्तिवाद केला आहे,सर्वोच्च न्यायालयात चांगले आणि निष्णात वकिलांनी युक्तीवाद केला आहे,सर्वोच्च न्यायालयात चांगले आणि निष्णात वकिलांनी युक्तिवाद केला आहे,1.52,11.11,0,5.53
sample_00599,D:\marathi-asr\data\vistaar_benchmarks\kathbath\marathi\wavs\844424930557239-737-f.wav,टूथपेस्ट समजून उंदराच्या विषाने दात घासल्याने एका महिलेला आपला जीव गमवावा लागला आहे,तूथपेस्ट समजून उंदर्यांच्या विषाने दात घासल्याने एका महिलेला आपला जीव गमवावा लागला आहे,टूथपेस्ट समजून उंदराच्या विषाने दात घासल्याने एका महिलेला आपला जीव गमवावा लागला आहे,तूथपेस्ट समजून उंदर्यांच्या विषाने दात घासल्याने एका महिलेला आपला जीव गमवावा लागला आहे,4.82,15.38,0,6.92
sample_00600,D:\marathi-asr\data\vistaar_benchmarks\kathbath\marathi\wavs\844424932484434-573-f.wav,गडहिंग्लज ही महाराष्ट्रातील एकमेव आयओ नामांकन प्राप्त नगरपालिका असल्याचेही त्यांनी सांगितले,गडहिंग्लज ही महाराष्ट्रातील एकमेव आयओ नामांकन प्राप्त नगरपालिका असल्याचेही त्यांनी सांगितले,गडहिंग्लज ही महाराष्ट्रातील एकमेव आयओ नामांकन प्राप्त नगरपालिका असल्याचेही त्यांनी सांगितले,गडहिंग्लज ही महाराष्ट्रातील एकमेव आयओ नामांकन प्राप्त नगरपालिका असल्याचेही त्यांनी सांगितले,0.0,0.0,1,9.15
sample_00601,D:\marathi-asr\data\vistaar_benchmarks\kathbath\marathi\wavs\844424931130725-933-f.wav,आता तत्त्वांसाठी जगणारी अभिनेत्री अशी तिची आणखी एक ओळख निर्माण झाली आहे,आता तत्त्वांसाठी जगणारी अभिनेत्री अशी तिची आणखीन एक नवीन ओळख निर्माण झाली आहे,आता तत्त्वांसाठी जगणारी अभिनेत्री अशी तिची आणखी एक ओळख निर्माण झाली आहे,आता तत्त्वांसाठी जगणारी अभिनेत्री अशी तिची आणखीन एक नवीन ओळख निर्माण झाली आहे,8.45,16.67,0,5.69
sample_00602,D:\marathi-asr\data\vistaar_benchmarks\kathbath\marathi\wavs\844424930573316-737-f.wav,त्यामुळे केसांचे आरोग्य सुधारण्यासाठी ते थंड व सौम्य पाण्याने केस धुवा,त्यामुळे केसांचे आरोग्य सुधारण्यासाठी ते थंड व सौम्य पाण्याने केस धुवा,त्यामुळे केसांचे आरोग्य सुधारण्यासाठी ते थंड व सौम्य पाण्याने केस धुवा,त्यामुळे केसांचे आरोग्य सुधारण्यासाठी ते थंड व सौम्य पाण्याने केस धुवा,0.0,0.0,1,5.32
sample_00603,D:\marathi-asr\data\vistaar_benchmarks\kathbath\marathi\wavs\844424931570599-236-f.wav,हळदीच्या चांगल्या उत्पादनासाठी चांगल्या प्रतिचं बेणं असणं गरजेचं असतं,हळदीच्या चांगल्या उत्पादनासाठी चांगल्या प्रतीचं बेणं असणं गरजेचं असतं,हळदीच्या चांगल्या उत्पादनासाठी चांगल्या प्रतिचं बेणं असणं गरजेचं असतं,हळदीच्या चांगल्या उत्पादनासाठी चांगल्या प्रतीचं बेणं असणं गरजेचं असतं,1.45,11.11,0,5.36
sample_00604,D:\marathi-asr\data\vistaar_benchmarks\kathbath\marathi\wavs\844424931570534-236-f.wav,माध्यमे लोकशाहीचा चौथा स्तंभ असून लोकांपर्यंत सर्वदूर पोहोचण्याचे सुलभ साधन आहे,माध्यमे लोकशाहीचा चौथा स्तंभ असून लोकांपर्यंत सर्वदूर पोहोचण्याचे सुलभ साधन आहे,माध्यमे लोकशाहीचा चौथा स्तंभ असून लोकांपर्यंत सर्वदूर पोहोचण्याचे सुलभ साधन आहे,माध्यमे लोकशाहीचा चौथा स्तंभ असून लोकांपर्यंत सर्वदूर पोहोचण्याचे सुलभ साधन आहे,0.0,0.0,1,8.89
sample_00605,D:\marathi-asr\data\vistaar_benchmarks\kathbath\marathi\wavs\844424932311842-980-f.wav,विजयवर्गीय यांची ट्विटर पोस्ट मोठ्या प्रमाणात व्हायरल होत आहे,विजय वर्गीय यांची ट्विटर पोस्ट मोठ्या प्रमाणात व्हायरल होत आहे,विजयवर्गीय यांची ट्विटर पोस्ट मोठ्या प्रमाणात व्हायरल होत आहे,विजय वर्गीय यांची ट्विटर पोस्ट मोठ्या प्रमाणात व्हायरल होत आहे,1.64,22.22,0,4.18
sample_00606,D:\marathi-asr\data\vistaar_benchmarks\kathbath\marathi\wavs\844424930875843-954-f.wav,लांब पल्ल्याचा प्रवास आरामदायी आणि कमी पैशात व्हावा याकरिता प्रवासी रेल्वेला सर्वाधिक पसंती देतात,लांब पल्ल्याचा प्रवास आरामदायक आणि कमी पैशात व्हावा याकरिता प्रवाशीी रेल्वेला सर्वादायिक पसंती देतात,लांब पल्ल्याचा प्रवास आरामदायी आणि कमी पैशात व्हावा याकरिता प्रवासी रेल्वेला सर्वाधिक पसंती देतात,लांब पल्ल्याचा प्रवास आरामदायक आणि कमी पैशात व्हावा याकरिता प्रवाशीी रेल्वेला सर्वादायिक पसंती देतात,6.19,21.43,0,8.48
sample_00607,D:\marathi-asr\data\vistaar_benchmarks\kathbath\marathi\wavs\844424932262411-809-f.wav,म्हणजे पेटल आगीतून त्यांना चालवे लागल्याची बाब या प्रात्यक्षिकात दिसून आली आहे,म्हणजेच पेटल आगीतून त्यांना चालवी लागण्याची बाब या प्रात्यक्षिकात दिसून आली आहे,म्हणजे पेटल आगीतून त्यांना चालवे लागल्याची बाब या प्रात्यक्षिकात दिसून आली आहे,म्हणजेच पेटल आगीतून त्यांना चालवी लागण्याची बाब या प्रात्यक्षिकात दिसून आली आहे,3.85,25.0,0,8.64
sample_00608,D:\marathi-asr\data\vistaar_benchmarks\kathbath\marathi\wavs\844424932266676-980-f.wav,बटव्यात बुटलेले बुटके बटन्स कोणत्याही मेकअपसह स्त्रियांशी सुसंगत असतील आणि विशिष्ट उत्साहची प्रतिमा देतात,बटव्यात बुटलेले बुटके बटन्स कोणत्याही मेकअपसह स्त्रियांशी सुसंगत असतील आणि विशिष्ट उत्साहाची प्रतिमा देतात,बटव्यात बुटलेले बुटके बटन्स कोणत्याही मेकअपसह स्त्रियांशी सुसंगत असतील आणि विशिष्ट उत्साहची प्रतिमा देतात,बटव्यात बुटलेले बुटके बटन्स कोणत्याही मेकअपसह स्त्रियांशी सुसंगत असतील आणि विशिष्ट उत्साहाची प्रतिमा देतात,0.95,7.14,0,7.83
sample_00609,D:\marathi-asr\data\vistaar_benchmarks\kathbath\marathi\wavs\844424930906943-972-f.wav,एकू ण ७४ पैकी ९ क्षेत्रांची फे ररचना करून सुधारणा करण्यात आली,एकूण चौऱ्यात्तर पैकी नऊ क्षेत्राची फेररचना करून सुधारणा करण्यात आली आहे,एकू ण ७४ पैकी ९ क्षेत्रांची फे ररचना करून सुधारणा करण्यात आली,एकूण चौऱ्यात्तर पैकी नऊ क्षेत्राची फेररचना करून सुधारणा करण्यात आली आहे,31.15,66.67,0,6.73
sample_00610,D:\marathi-asr\data\vistaar_benchmarks\kathbath\marathi\wavs\844424931570550-236-f.wav,दिल्ली येथे आयोजित परिषदेत त्यांनी एका चर्चासत्राचे अध्यक्षपद भूषविले होते,दिल्ली येथे आयोजित परिषदेत त्यांनी एका चर्चासत्राचे अध्यक्षपद भूषविले होते,दिल्ली येथे आयोजित परिषदेत त्यांनी एका चर्चासत्राचे अध्यक्षपद भूषविले होते,दिल्ली येथे आयोजित परिषदेत त्यांनी एका चर्चासत्राचे अध्यक्षपद भूषविले होते,0.0,0.0,1,6.8
sample_00611,D:\marathi-asr\data\vistaar_benchmarks\kathbath\marathi\wavs\844424930907004-972-f.wav,अनुभवी गार्डनर्स एक लसीकरण कसे करावे अनेक मार्ग माहीत आहे,अनुभवी गार्ड नर्स एक लसीकरण कसे करावे अनेक मार्ग माहीत आहे,अनुभवी गार्डनर्स एक लसीकरण कसे करावे अनेक मार्ग माहीत आहे,अनुभवी गार्ड नर्स एक लसीकरण कसे करावे अनेक मार्ग माहीत आहे,1.75,20.0,0,5.41
sample_00612,D:\marathi-asr\data\vistaar_benchmarks\kathbath\marathi\wavs\844424931130673-933-f.wav,रावसाहेब दानवे यांनी शेतकऱ्यांचा अपमान केला असल्याची टोकेची झोड देखील उठली आहे,रावसाहेब दानवे यांनी शेतकऱ्यांचा अपमान केला असल्याची टीकेची झोड देखील उठली आहे,रावसाहेब दानवे यांनी शेतकऱ्यांचा अपमान केला असल्याची टोकेची झोड देखील उठली आहे,रावसाहेब दानवे यांनी शेतकऱ्यांचा अपमान केला असल्याची टीकेची झोड देखील उठली आहे,3.8,16.67,0,5.13
sample_00613,D:\marathi-asr\data\vistaar_benchmarks\kathbath\marathi\wavs\844424932311938-980-f.wav,संबंधित महिलेने २२ आठवड्यांनंतर सोनोग्राफी केल्यानंतर गर्भामध्ये अनेक व्यंग असल्याचे डॉक्टरांच्या लक्षात आले,संबंधित महिलेने बावीस आठवड्यानंतर सोनोग्राफी केल्यानंतर गर्भामध्ये अनेक व्यंग असल्याचे डॉक्टरांच्या लक्षात आले,संबंधित महिलेने २२ आठवड्यांनंतर सोनोग्राफी केल्यानंतर गर्भामध्ये अनेक व्यंग असल्याचे डॉक्टरांच्या लक्षात आले,संबंधित महिलेने बावीस आठवड्यानंतर सोनोग्राफी केल्यानंतर गर्भामध्ये अनेक व्यंग असल्याचे डॉक्टरांच्या लक्षात आले,5.56,15.38,0,7.85
sample_00614,D:\marathi-asr\data\vistaar_benchmarks\kathbath\marathi\wavs\844424931130688-933-f.wav,यापूर्वीही मनसेने मराठी चित्रपटांना थिएटर आणि प्राईम टाइम मिळावा यासाठी आंदोलने केली आहेत,यापूर्वीही मनसेने मराठी चित्रपटांना थिएटर आणि प्राईम टाइम मिळावा यासाठी आंदोलन केली आहेत,यापूर्वीही मनसेने मराठी चित्रपटांना थिएटर आणि प्राईम टाइम मिळावा यासाठी आंदोलने केली आहेत,यापूर्वीही मनसेने मराठी चित्रपटांना थिएटर आणि प्राईम टाइम मिळावा यासाठी आंदोलन केली आहेत,1.12,7.69,0,6.04
sample_00615,D:\marathi-asr\data\vistaar_benchmarks\kathbath\marathi\wavs\844424932828538-933-f.wav,भाजप मुंबई अध्यक्ष मंगलप्रभात लोढा सलग सहाव्यांदा मलबार हिल मतदारसंघातून विजयी झाले,भाजप मुंबई अध्यक्ष मंगलप्रभात लोडा सलग सहाव्यांदा मलबार हिर मतदारसंघातून विजयी झाले,भाजप मुंबई अध्यक्ष मंगलप्रभात लोढा सलग सहाव्यांदा मलबार हिल मतदारसंघातून विजयी झाले,भाजप मुंबई अध्यक्ष मंगलप्रभात लोडा सलग सहाव्यांदा मलबार हिर मतदारसंघातून विजयी झाले,2.41,16.67,0,6.46
sample_00616,D:\marathi-asr\data\vistaar_benchmarks\kathbath\marathi\wavs\844424930834511-954-f.wav,कारण त्यांनी त्यांचं असं असणं स्वीकारलं होतं म्हणून त्यांना ते निभावता आलं,कारण त्यांनी त्यांचं असं असणं स्वीकारलं होतं म्हणून त्यांना ते निभवता आलं,कारण त्यांनी त्यांचं असं असणं स्वीकारलं होतं म्हणून त्यांना ते निभावता आलं,कारण त्यांनी त्यांचं असं असणं स्वीकारलं होतं म्हणून त्यांना ते निभवता आलं,1.35,8.33,0,5.53
sample_00617,D:\marathi-asr\data\vistaar_benchmarks\kathbath\marathi\wavs\844424932266689-980-f.wav,तेवढया वेळात या लफंग्यांनी ऑनलाईन खरेदीसाठी वेगवेगळी संकेतस्थळे उघडली व भरपूर खरेदी केली,तेवढ्या वेळात या लफंग्यांनी ऑनलाईन खरेदीसाठी वेगवेगळी संकेतस्थळे उघडली व भरपूर खरेदी केली,तेवढया वेळात या लफंग्यांनी ऑनलाईन खरेदीसाठी वेगवेगळी संकेतस्थळे उघडली व भरपूर खरेदी केली,तेवढ्या वेळात या लफंग्यांनी ऑनलाईन खरेदीसाठी वेगवेगळी संकेतस्थळे उघडली व भरपूर खरेदी केली,1.14,7.69,0,6.48
sample_00618,D:\marathi-asr\data\vistaar_benchmarks\kathbath\marathi\wavs\844424930906918-972-f.wav,ऑन साइट केस बाहेर पडले नजीकच्या भविष्यात एक नवीन वाढ झाली आहे,ऑन साइड केस बाहेर पडले नजीकच्या भविष्यात एक नवीन वाढ झाली आहे,ऑन साइट केस बाहेर पडले नजीकच्या भविष्यात एक नवीन वाढ झाली आहे,ऑन साइड केस बाहेर पडले नजीकच्या भविष्यात एक नवीन वाढ झाली आहे,1.64,8.33,0,5.99
sample_00619,D:\marathi-asr\data\vistaar_benchmarks\kathbath\marathi\wavs\844424932266735-980-f.wav,फॅन्सकडून या व्हिडीओवर कमेंट्स आणि लाइक्सचा वर्षाव होत आहे,फॅन्सकडून या व्हिडिओवर कमेंट्स आणि लाईक्सचा वर्षाव होत आहे,फॅन्सकडून या व्हिडीओवर कमेंट्स आणि लाइक्सचा वर्षाव होत आहे,फॅन्सकडून या व्हिडिओवर कमेंट्स आणि लाईक्सचा वर्षाव होत आहे,3.45,22.22,0,4.92
sample_00620,D:\marathi-asr\data\vistaar_benchmarks\kathbath\marathi\wavs\844424930557217-737-f.wav,९ डिसेंबर रोजी लक्ष्मी लॉन्स येथे चिंतन शिबीर होत आहे,नऊ डिसेंबर रोजी लक्ष्मी लोणस येथे चिंतन शिबिर होत आहे,९ डिसेंबर रोजी लक्ष्मी लॉन्स येथे चिंतन शिबीर होत आहे,नऊ डिसेंबर रोजी लक्ष्मी लोणस येथे चिंतन शिबिर होत आहे,11.32,30.0,0,5.39
sample_00621,D:\marathi-asr\data\vistaar_benchmarks\kathbath\marathi\wavs\844424931570543-236-f.wav,नागरीकांनी नाल्यामध्ये अथवा गटारीमध्ये कचरा व प्लॅस्टिक टाकू नये,नागरिकांनी नाल्यामध्ये अथवा गटारीमध्ये कचरा व प्लास्टिक टाकू नये,नागरीकांनी नाल्यामध्ये अथवा गटारीमध्ये कचरा व प्लॅस्टिक टाकू नये,नागरिकांनी नाल्यामध्ये अथवा गटारीमध्ये कचरा व प्लास्टिक टाकू नये,3.12,22.22,0,6.46
sample_00622,D:\marathi-asr\data\vistaar_benchmarks\kathbath\marathi\wavs\844424932311899-980-f.wav,अन्वय नाईक आत्महत्या प्रकरणाच्या पार्श्वभूमीवर अर्णब गोस्वामी गेल्या अनेक दिवसांपासून चांगलेच अडचणीत सापडले आहेत,अन्वय नाईक आत्महत्या प्रकरणाच्या पार्श्वभूमीवर अर्णब नाईक गेल्या अनेक दिवसांपासून चांगलेच अडचणीत सापडले आहेत,अन्वय नाईक आत्महत्या प्रकरणाच्या पार्श्वभूमीवर अर्णब गोस्वामी गेल्या अनेक दिवसांपासून चांगलेच अडचणीत सापडले आहेत,अन्वय नाईक आत्महत्या प्रकरणाच्या पार्श्वभूमीवर अर्णब नाईक गेल्या अनेक दिवसांपासून चांगलेच अडचणीत सापडले आहेत,6.25,7.14,0,8.13
sample_00623,D:\marathi-asr\data\vistaar_benchmarks\kathbath\marathi\wavs\844424932266755-980-f.wav,यातून अनेकदा आलेल्या नैराश्येतून आत्महत्येचाही विचार डोके वर काढतो,यातून अनेकदा आलेल्या नैराश्यतून आत्महत्येचाही विचार डोक्यावर काढतो,यातून अनेकदा आलेल्या नैराश्येतून आत्महत्येचाही विचार डोके वर काढतो,यातून अनेकदा आलेल्या नैराश्यतून आत्महत्येचाही विचार डोक्यावर काढतो,6.06,33.33,0,5.46
sample_00624,D:\marathi-asr\data\vistaar_benchmarks\kathbath\marathi\wavs\844424932372243-132-f.wav,व्हिवो कंपनीचा तगडा आणि खिशाला परवडणारा नवा स्मार्टफोन भारतीय बाजारात येतोय,व्हवो कंपनीचा तगडा आणि खिशाला परवडणारा नवा स्मार्टफोन भारतीय बाजारात येतोय,व्हिवो कंपनीचा तगडा आणि खिशाला परवडणारा नवा स्मार्टफोन भारतीय बाजारात येतोय,व्हवो कंपनीचा तगडा आणि खिशाला परवडणारा नवा स्मार्टफोन भारतीय बाजारात येतोय,1.33,9.09,0,6.43
sample_00625,D:\marathi-asr\data\vistaar_benchmarks\kathbath\marathi\wavs\844424932262443-809-f.wav,आत्ताही घाऊक बाजारात हापूस आंब्याच्या २५ ते ३० हजार पेट्यांची आवक होत आहे,आताही खाऊक बाजारात हापूस आंब्याच्या पंचवीस ते तीस हजार पेटींची आवक होत आहे,आत्ताही घाऊक बाजारात हापूस आंब्याच्या २५ ते ३० हजार पेट्यांची आवक होत आहे,आताही खाऊक बाजारात हापूस आंब्याच्या पंचवीस ते तीस हजार पेटींची आवक होत आहे,20.55,38.46,0,9.47
sample_00626,D:\marathi-asr\data\vistaar_benchmarks\kathbath\marathi\wavs\844424932330042-980-f.wav,ही हाणामारी जवळपास १५ ते २० मिनिटे सुरू होती,ही हानामारी जवळपास पंधरा ते वीस मिनिटे सुरू होती,ही हाणामारी जवळपास १५ ते २० मिनिटे सुरू होती,ही हानामारी जवळपास पंधरा ते वीस मिनिटे सुरू होती,20.45,33.33,0,4.32
sample_00627,D:\marathi-asr\data\vistaar_benchmarks\kathbath\marathi\wavs\844424932828566-933-f.wav,ते रिंगण युद्ध किंवा खेळायला मदत राजकीय संघर्ष नाही,ते रिंगण युद्ध किंवा खेळाला मदत राजकीय संघर्ष नाही,ते रिंगण युद्ध किंवा खेळायला मदत राजकीय संघर्ष नाही,ते रिंगण युद्ध किंवा खेळाला मदत राजकीय संघर्ष नाही,1.96,11.11,0,4.2
sample_00628,D:\marathi-asr\data\vistaar_benchmarks\kathbath\marathi\wavs\844424930834578-954-f.wav,आॅलिम्पिक पात्रता फेरीच्या अंतिम तारखेपूर्वी आठ स्पर्धा होणार आहेत,ऑलिम्पिक पात्रता फेरीच्या अंतिम तारखेपूर्वी आठ स्पर्धा होणार आहे,आॅलिम्पिक पात्रता फेरीच्या अंतिम तारखेपूर्वी आठ स्पर्धा होणार आहेत,ऑलिम्पिक पात्रता फेरीच्या अंतिम तारखेपूर्वी आठ स्पर्धा होणार आहे,4.55,22.22,0,5.64
sample_00629,D:\marathi-asr\data\vistaar_benchmarks\kathbath\marathi\wavs\844424931130724-933-f.wav,यंदा जानेवारी महिन्यापासून दुष्काळ पाचवीला पुजलेला असल्याप्रमाणे ठाण मांडून बसला आहे,यंदा जानेवारी महिन्यापासून दुष्काळ पाचवीला पुजलेला असल्याप्रमाणे थण मानून बसला आहे,यंदा जानेवारी महिन्यापासून दुष्काळ पाचवीला पुजलेला असल्याप्रमाणे ठाण मांडून बसला आहे,यंदा जानेवारी महिन्यापासून दुष्काळ पाचवीला पुजलेला असल्याप्रमाणे थण मानून बसला आहे,4.76,18.18,0,6.2
sample_00630,D:\marathi-asr\data\vistaar_benchmarks\kathbath\marathi\wavs\844424931570566-236-f.wav,त्यामध्येही श्री गुरूदेवदत्त कन्स्ट्रक्शन या ठेकेदारानेच निविदा दरापेक्षा लघुत्तम दर सादर केला,त्यामध्येही श्री गुरुदेव दत्त कन्स्ट्रक्शन या ठेकेदारानेच निविदा दरापेक्षा लघुत्तम दर सादर केला,त्यामध्येही श्री गुरूदेवदत्त कन्स्ट्रक्शन या ठेकेदारानेच निविदा दरापेक्षा लघुत्तम दर सादर केला,त्यामध्येही श्री गुरुदेव दत्त कन्स्ट्रक्शन या ठेकेदारानेच निविदा दरापेक्षा लघुत्तम दर सादर केला,2.13,16.67,0,9.1
sample_00631,D:\marathi-asr\data\vistaar_benchmarks\kathbath\marathi\wavs\844424931130675-933-f.wav,यावेळी पहिल्यांदाच युवासेना प्रमुख आदित्य ठाकरे वरळी मतदारसंघातून निवडणूक लढवत आहेत,यावेळी पहिल्यांदाच युवासेना प्रमुख आदित्य ठाकरे वरळी मतदारसंघातून निवडणूक लढवत आहेत,यावेळी पहिल्यांदाच युवासेना प्रमुख आदित्य ठाकरे वरळी मतदारसंघातून निवडणूक लढवत आहेत,यावेळी पहिल्यांदाच युवासेना प्रमुख आदित्य ठाकरे वरळी मतदारसंघातून निवडणूक लढवत आहेत,0.0,0.0,1,6.25
sample_00632,D:\marathi-asr\data\vistaar_benchmarks\kathbath\marathi\wavs\844424931570559-236-f.wav,यावेळी न्यायालयाने त्याला सहा दिवसांच्या पोलीस कोठडी सुनावली आहे,यावेळी न्यायालयाने त्याला सहा दिवसांच्या पोलीस कोठवडी सुनावली आहे,यावेळी न्यायालयाने त्याला सहा दिवसांच्या पोलीस कोठडी सुनावली आहे,यावेळी न्यायालयाने त्याला सहा दिवसांच्या पोलीस कोठवडी सुनावली आहे,1.56,11.11,0,5.83
sample_00633,D:\marathi-asr\data\vistaar_benchmarks\kathbath\marathi\wavs\844424930875867-954-f.wav,मात्र ह्या दोन्हीही बस थांब्यांना पक्षाच्या झेंड्याचा रंग दिला असल्याचे केलेल्या पोस्ट व्हायरल झाल्या आहेत,मात्र या दोन्ही बसतांब्यांना पक्षाच्या झेंड्यांचा रंग दिला असल्याचे केलेल्या पोस्ट व्हायरल झाल्या आहेत,मात्र ह्या दोन्हीही बस थांब्यांना पक्षाच्या झेंड्याचा रंग दिला असल्याचे केलेल्या पोस्ट व्हायरल झाल्या आहेत,मात्र या दोन्ही बसतांब्यांना पक्षाच्या झेंड्यांचा रंग दिला असल्याचे केलेल्या पोस्ट व्हायरल झाल्या आहेत,6.6,33.33,0,8.61
sample_00634,D:\marathi-asr\data\vistaar_benchmarks\kathbath\marathi\wavs\844424932266693-980-f.wav,त्यामुळे बुध्दीजीविच नव्हे तर तळागाळातील कष्टकरी जनतेवरही वर्तमानपत्राचा पगडा आहे,त्यामुळे बुद्धिजीवीच नव्हे तर तळागणातील कष्टकरी जनतेवरही वर्तमानपत्राचा पगडा आहे,त्यामुळे बुध्दीजीविच नव्हे तर तळागाळातील कष्टकरी जनतेवरही वर्तमानपत्राचा पगडा आहे,त्यामुळे बुद्धिजीवीच नव्हे तर तळागणातील कष्टकरी जनतेवरही वर्तमानपत्राचा पगडा आहे,7.41,20.0,0,6.43
sample_00635,D:\marathi-asr\data\vistaar_benchmarks\kathbath\marathi\wavs\844424930875915-954-f.wav,या प्रवासी सेवेसाठी नरिमन पॉइंट इथे जेट्टी उभारणं गरजेचं आहे,या प्रवासी सेवेसाठी नरिमन पॉइंट इथे जेट्टी उभारणं गरजेचं आहे,या प्रवासी सेवेसाठी नरिमन पॉइंट इथे जेट्टी उभारणं गरजेचं आहे,या प्रवासी सेवेसाठी नरिमन पॉइंट इथे जेट्टी उभारणं गरजेचं आहे,0.0,0.0,1,5.43
sample_00636,D:\marathi-asr\data\vistaar_benchmarks\kathbath\marathi\wavs\844424932484418-573-f.wav,या सिरीयल नंबरमध्ये नंबर आणि इंग्लिश अक्षरांचा देखील समावेश आहे,या सीरियल नंबरमध्ये नंबर आणि इंग्लिश अक्षरांचा देखील समावेश आहे,या सिरीयल नंबरमध्ये नंबर आणि इंग्लिश अक्षरांचा देखील समावेश आहे,या सीरियल नंबरमध्ये नंबर आणि इंग्लिश अक्षरांचा देखील समावेश आहे,3.17,10.0,0,6.27
sample_00637,D:\marathi-asr\data\vistaar_benchmarks\kathbath\marathi\wavs\844424930834582-954-f.wav,पुस्तकात समाविष्ट अकरा सामर्थ्यशाली स्त्रियांपैकी पाचजणी नोबेल पुरस्काराने गौरवण्यात आलेल्या आहेत,पुस्तकात समाविष्ट अकरा सामर्थ्यशाली स्त्रियांपैकी पाच जणी नोबेल पुरस्काराने गौरवण्यात आलेले आहेत,पुस्तकात समाविष्ट अकरा सामर्थ्यशाली स्त्रियांपैकी पाचजणी नोबेल पुरस्काराने गौरवण्यात आलेल्या आहेत,पुस्तकात समाविष्ट अकरा सामर्थ्यशाली स्त्रियांपैकी पाच जणी नोबेल पुरस्काराने गौरवण्यात आलेले आहेत,4.12,27.27,0,9.1
sample_00638,D:\marathi-asr\data\vistaar_benchmarks\kathbath\marathi\wavs\844424932484385-573-f.wav,हे आश्चर्य व्यक्त करावे असे वाटले म्हणून हा धागा उघडला आहे,हे आश्चर्य व्यक्त करावे असे वाटले म्हणून हा धागा उघडला आहे,हे आश्चर्य व्यक्त करावे असे वाटले म्हणून हा धागा उघडला आहे,हे आश्चर्य व्यक्त करावे असे वाटले म्हणून हा धागा उघडला आहे,0.0,0.0,1,5.92
sample_00639,D:\marathi-asr\data\vistaar_benchmarks\kathbath\marathi\wavs\844424930906962-972-f.wav,या धर्माला स्वतंत्र धर्म म्हणून मान्यता देण्यासाठी देशभरातील लिंगायत धर्म रस्त्यावर उतरला आहे,या धर्माला स्वतंत्र धर्म म्हणून मान्यता देण्यासाठी देशभरातील लिंगायत धर्म रस्त्यावर उतरला आहे,या धर्माला स्वतंत्र धर्म म्हणून मान्यता देण्यासाठी देशभरातील लिंगायत धर्म रस्त्यावर उतरला आहे,या धर्माला स्वतंत्र धर्म म्हणून मान्यता देण्यासाठी देशभरातील लिंगायत धर्म रस्त्यावर उतरला आहे,0.0,0.0,1,8.5
sample_00640,D:\marathi-asr\data\vistaar_benchmarks\kathbath\marathi\wavs\844424932311889-980-f.wav,राफेल विमानांची क्षमता केवळ संख्यात्मक मोजता येणार नाही तर गुणात्मक क्षमता देखील लक्षात घ्यावी लागेल,राफेल विमानांची क्षमता केवळ संख्यात्मक मोजता येणार नाही तर गुणात्मक क्षमता देखील लक्षात घ्यावी लागेल,राफेल विमानांची क्षमता केवळ संख्यात्मक मोजता येणार नाही तर गुणात्मक क्षमता देखील लक्षात घ्यावी लागेल,राफेल विमानांची क्षमता केवळ संख्यात्मक मोजता येणार नाही तर गुणात्मक क्षमता देखील लक्षात घ्यावी लागेल,0.0,0.0,1,6.25
sample_00641,D:\marathi-asr\data\vistaar_benchmarks\kathbath\marathi\wavs\844424930834528-954-f.wav,तेंदूचे फळ सुकवून ठेवतात आणि इतर महिन्यात गोड म्हणून खातात,तेंदूचे फळ सुकवून ठेवतात आणि इतर महिन्यात गोड म्हणून खातात,तेंदूचे फळ सुकवून ठेवतात आणि इतर महिन्यात गोड म्हणून खातात,तेंदूचे फळ सुकवून ठेवतात आणि इतर महिन्यात गोड म्हणून खातात,0.0,0.0,1,4.95
sample_00642,D:\marathi-asr\data\vistaar_benchmarks\kathbath\marathi\wavs\844424932330097-980-f.wav,पिंपळगाव रोठा गावातून आलेल्या खंडोबा पालखीचे स्वागत देवस्थानच्या वतीने अध्यक्ष अॅड,पिंपळगाव रोठा गावातून आलेल्या खंडोबा पालखीचे स्वागत देवस्थानच्या वतीने अध्यक्ष अॅड,पिंपळगाव रोठा गावातून आलेल्या खंडोबा पालखीचे स्वागत देवस्थानच्या वतीने अध्यक्ष अॅड,पिंपळगाव रोठा गावातून आलेल्या खंडोबा पालखीचे स्वागत देवस्थानच्या वतीने अध्यक्ष अॅड,0.0,0.0,1,7.22
sample_00643,D:\marathi-asr\data\vistaar_benchmarks\kathbath\marathi\wavs\844424931570600-236-f.wav,थंडीत खजूर तसेच खारीक खल्ल्याने त्याचे खूप फायदे आहेत,थंडीत खजूर तसेच खारीक खाल्ल्याने त्याचे खूप फायदे आहेत,थंडीत खजूर तसेच खारीक खल्ल्याने त्याचे खूप फायदे आहेत,थंडीत खजूर तसेच खारीक खाल्ल्याने त्याचे खूप फायदे आहेत,1.89,11.11,0,4.74
sample_00644,D:\marathi-asr\data\vistaar_benchmarks\kathbath\marathi\wavs\844424930875904-954-f.wav,या ठिकाणी त्यांनी केलेले नम्रतेचे नाटक अडवाणी यांच्या निर्धाराला धक्का देऊन गेले असावे,या ठिकाणी त्यांनी केलेले नम्रतेचे नाटक अडवाणी यांना निर्धाराला धक्का देऊन गेले असावे,या ठिकाणी त्यांनी केलेले नम्रतेचे नाटक अडवाणी यांच्या निर्धाराला धक्का देऊन गेले असावे,या ठिकाणी त्यांनी केलेले नम्रतेचे नाटक अडवाणी यांना निर्धाराला धक्का देऊन गेले असावे,3.49,7.69,0,7.48
sample_00645,D:\marathi-asr\data\vistaar_benchmarks\kathbath\marathi\wavs\844424932823402-715-f.wav,या सामन्यात बांगलादेशने विजयासाठी १६७ धावांचे लक्ष्य ठेवले होते,या सामन्यात बांगलादेशने विजयासाठी एकशे सदुसष्टठ धावांचे लक्ष ठेवले होते,या सामन्यात बांगलादेशने विजयासाठी १६७ धावांचे लक्ष्य ठेवले होते,या सामन्यात बांगलादेशने विजयासाठी एकशे सदुसष्टठ धावांचे लक्ष ठेवले होते,23.81,33.33,0,5.67
sample_00646,D:\marathi-asr\data\vistaar_benchmarks\kathbath\marathi\wavs\844424930834569-954-f.wav,बंदरं ही शहराला आर्थिक सुबत्ता आणतात आणि शहरातले लोकसंख्या शास्त्र ही बदलतात,बंदर ही शहराला हार्थिक शुभता आणतात आणि शहरातले लोकसंख्याशास्त्रही बदलतात,बंदरं ही शहराला आर्थिक सुबत्ता आणतात आणि शहरातले लोकसंख्या शास्त्र ही बदलतात,बंदर ही शहराला हार्थिक शुभता आणतात आणि शहरातले लोकसंख्याशास्त्रही बदलतात,11.84,50.0,0,6.27
sample_00647,D:\marathi-asr\data\vistaar_benchmarks\kathbath\marathi\wavs\844424932484392-573-f.wav,प्रौढांमध्ये तीव्र ब्राँकायटिसचे लोक उपायांचे उपचार करण्याच्या पद्धती आहेत,प्राणामध्ये तीव्र बायक्राटिसचे लोक उपायांचे उपचार करण्याच्या पद्धती आहेत,प्रौढांमध्ये तीव्र ब्राँकायटिसचे लोक उपायांचे उपचार करण्याच्या पद्धती आहेत,प्राणामध्ये तीव्र बायक्राटिसचे लोक उपायांचे उपचार करण्याच्या पद्धती आहेत,12.16,22.22,0,7.73
sample_00648,D:\marathi-asr\data\vistaar_benchmarks\kathbath\marathi\wavs\844424930557253-737-f.wav,याविषयी विविध वृत्तपत्र आणि माध्यमांमध्ये बातम्या प्रसिद्ध झाल्या आहेत,याविषयी विविध वृत्तपत्र आणि माध्यमांमध्ये बातम्या प्रसिद्ध झाल्या आहेत,याविषयी विविध वृत्तपत्र आणि माध्यमांमध्ये बातम्या प्रसिद्ध झाल्या आहेत,याविषयी विविध वृत्तपत्र आणि माध्यमांमध्ये बातम्या प्रसिद्ध झाल्या आहेत,0.0,0.0,1,5.6
sample_00649,D:\marathi-asr\data\vistaar_benchmarks\kathbath\marathi\wavs\844424930906998-972-f.wav,पंतप्रधानपदी निवड झाल्यानंतर त्यांनी काल आपल्या मंत्रिमंडळाची घोषणा केली,पंतप्रधानपदी निवड झाल्यानंतर त्यांनी काल आपल्या मंत्रिमंडळाची घोषणा केली,पंतप्रधानपदी निवड झाल्यानंतर त्यांनी काल आपल्या मंत्रिमंडळाची घोषणा केली,पंतप्रधानपदी निवड झाल्यानंतर त्यांनी काल आपल्या मंत्रिमंडळाची घोषणा केली,0.0,0.0,1,5.43
sample_00650,D:\marathi-asr\data\vistaar_benchmarks\kathbath\marathi\wavs\844424930573308-737-f.wav,राणी मुखर्जी सध्या आगामी चित्रपट मर्दानीच्या प्रमोशनमध्ये व्यग्र आहे,राणी मुखर्जी सध्या आगामी चित्रपट मलदानीच्या प्रमोशनमध्ये व्यग्र आहे,राणी मुखर्जी सध्या आगामी चित्रपट मर्दानीच्या प्रमोशनमध्ये व्यग्र आहे,राणी मुखर्जी सध्या आगामी चित्रपट मलदानीच्या प्रमोशनमध्ये व्यग्र आहे,2.94,11.11,0,5.32
sample_00651,D:\marathi-asr\data\vistaar_benchmarks\kathbath\marathi\wavs\844424932484383-573-f.wav,मुंबईत २०१७ मध्ये एक हजार ११५ गुन्हे घडले आहेत,मुंबईत दोन हजार सतरा म एक हजार एक से पंधरा गुन्हे घडले आहेत,मुंबईत २०१७ मध्ये एक हजार ११५ गुन्हे घडले आहेत,मुंबईत दोन हजार सतरा म एक हजार एक से पंधरा गुन्हे घडले आहेत,54.35,77.78,0,5.62
sample_00652,D:\marathi-asr\data\vistaar_benchmarks\kathbath\marathi\wavs\844424930573321-737-f.wav,मी असंही ऐकलंय की आधीच्या आरएफपी नुसार ऑगस्टा आपोआप डिस्क्वालिफाय होणार होती,मी असंही ऐकलंय की आधीच्या आरएफपीनुसार ऑगस्ट आपोआप डिस्क्वाॉलिफाय होणार होती,मी असंही ऐकलंय की आधीच्या आरएफपी नुसार ऑगस्टा आपोआप डिस्क्वालिफाय होणार होती,मी असंही ऐकलंय की आधीच्या आरएफपीनुसार ऑगस्ट आपोआप डिस्क्वाॉलिफाय होणार होती,3.95,33.33,0,6.34
sample_00653,D:\marathi-asr\data\vistaar_benchmarks\kathbath\marathi\wavs\844424930834540-954-f.wav,शेवंतीला सरासरी १०० रुपये दर मिळाल्याचे काळे यांनी सांगितले,शेवंतीला सरासरी शंभर रुपये दर मिळाल्याचे काळे यांनी सांगितले,शेवंतीला सरासरी १०० रुपये दर मिळाल्याचे काळे यांनी सांगितले,शेवंतीला सरासरी शंभर रुपये दर मिळाल्याचे काळे यांनी सांगितले,6.78,11.11,0,5.57
sample_00654,D:\marathi-asr\data\vistaar_benchmarks\kathbath\marathi\wavs\844424932484432-573-f.wav,त्यामुळे तिच्यावर किती मोठ्या प्रमाणात अत्याचार झाले असतील याबाबत अंदाज लावता येईल,त्यामुळे तिच्यावर किती मोठ्या प्रमाणात अत्याचार झाले असतील याबाबत अंदाज लावता येईल,त्यामुळे तिच्यावर किती मोठ्या प्रमाणात अत्याचार झाले असतील याबाबत अंदाज लावता येईल,त्यामुळे तिच्यावर किती मोठ्या प्रमाणात अत्याचार झाले असतील याबाबत अंदाज लावता येईल,0.0,0.0,1,8.41
sample_00655,D:\marathi-asr\data\vistaar_benchmarks\kathbath\marathi\wavs\844424931570589-236-f.wav,मराठवाड्यात आतापर्यंत पावसामुळे ४४ नागरिक मरण पावले असून सर्वाधिक १८ बळी नांदेडमध्ये गेले आहेत,मराठवाड्यात आतापर्यंत पावसामुळे चौवेचाळीस नागरिक मरण पावले असून सर्वाधिक अठरा बळी नांदेडमध्ये गेले आहेत,मराठवाड्यात आतापर्यंत पावसामुळे ४४ नागरिक मरण पावले असून सर्वाधिक १८ बळी नांदेडमध्ये गेले आहेत,मराठवाड्यात आतापर्यंत पावसामुळे चौवेचाळीस नागरिक मरण पावले असून सर्वाधिक अठरा बळी नांदेडमध्ये गेले आहेत,13.83,14.29,0,9.47
sample_00656,D:\marathi-asr\data\vistaar_benchmarks\kathbath\marathi\wavs\844424930573350-737-f.wav,नवी दिल्लीमध्ये भाजपच्या संसदीय समितीची बैठक पार पडली त्यावेळी मोदी बोलत होते,नवी दिल्लीमध्ये भाजपच्या संसदीय समितीची बैठक पार पडली त्यावेळी मोदी बोलत होते,नवी दिल्लीमध्ये भाजपच्या संसदीय समितीची बैठक पार पडली त्यावेळी मोदी बोलत होते,नवी दिल्लीमध्ये भाजपच्या संसदीय समितीची बैठक पार पडली त्यावेळी मोदी बोलत होते,0.0,0.0,1,6.27
sample_00657,D:\marathi-asr\data\vistaar_benchmarks\kathbath\marathi\wavs\844424932306062-980-f.wav,त्यामुळे राऊत यांच्या अडचणीत वाढ होण्याची शक्यता निर्माण झाली आहे,त्यामुळे राऊत यांच्या अडचणीत वाढ होण्याची शक्यता निर्माण झाली आहे,त्यामुळे राऊत यांच्या अडचणीत वाढ होण्याची शक्यता निर्माण झाली आहे,त्यामुळे राऊत यांच्या अडचणीत वाढ होण्याची शक्यता निर्माण झाली आहे,0.0,0.0,1,4.48
sample_00658,D:\marathi-asr\data\vistaar_benchmarks\kathbath\marathi\wavs\844424930557216-737-f.wav,मात्र अनेक ठिकाणच्या कचऱ्यामध्ये वापरलेले मास्क आढळून आले आहेत,मात्र अनेक ठिकाणच्या कचऱ्यामध्ये वापरलेले मांस आढळून आले आहेत,मात्र अनेक ठिकाणच्या कचऱ्यामध्ये वापरलेले मास्क आढळून आले आहेत,मात्र अनेक ठिकाणच्या कचऱ्यामध्ये वापरलेले मांस आढळून आले आहेत,7.94,22.22,0,5.85
sample_00659,D:\marathi-asr\data\vistaar_benchmarks\kathbath\marathi\wavs\844424931570544-236-f.wav,काहींनी जुने दागिने मोडून नवीन दागिने तयार करून घेतले आहे,काहींनी जुने दागिने मोडून नवीन दागिने तयार करून घेतले आहे,काहींनी जुने दागिने मोडून नवीन दागिने तयार करून घेतले आहे,काहींनी जुने दागिने मोडून नवीन दागिने तयार करून घेतले आहे,0.0,0.0,1,5.67
sample_00660,D:\marathi-asr\data\vistaar_benchmarks\kathbath\marathi\wavs\844424932262401-809-f.wav,सप्टेंबर महिन्यातील केवळ पंधरा दिवसांत तीन दरोड्यांनी जिल्हा हादरुन गेला होता,सप्टेंबर महिन्यातील केवळ पंधरा दिवसात तीन दधोरोडांनी जिल्हा हादरून गेला होता,सप्टेंबर महिन्यातील केवळ पंधरा दिवसांत तीन दरोड्यांनी जिल्हा हादरुन गेला होता,सप्टेंबर महिन्यातील केवळ पंधरा दिवसात तीन दधोरोडांनी जिल्हा हादरून गेला होता,7.79,27.27,0,8.54
sample_00661,D:\marathi-asr\data\vistaar_benchmarks\kathbath\marathi\wavs\844424932311865-980-f.wav,बर्याचदा अशा नकारात्मक पैलू संबंध आणि शांत भावनांना नष्ट करू शकतात,बऱ्याचदा अशा नकारात्मक पैलू संबंध आणि शांत भावनांना नष्ट करू शकतात,बर्याचदा अशा नकारात्मक पैलू संबंध आणि शांत भावनांना नष्ट करू शकतात,बऱ्याचदा अशा नकारात्मक पैलू संबंध आणि शांत भावनांना नष्ट करू शकतात,1.52,9.09,0,5.06
sample_00662,D:\marathi-asr\data\vistaar_benchmarks\kathbath\marathi\wavs\844424932484363-573-f.wav,जे जगले ते अनंत यातना भोगत मरणाची वाट पहात राहिले,जे जगले ते अनंत यातन भोगत मरणांची वाट पाहात राहिले,जे जगले ते अनंत यातना भोगत मरणाची वाट पहात राहिले,जे जगले ते अनंत यातन भोगत मरणांची वाट पाहात राहिले,6.12,30.0,0,5.39
sample_00663,D:\marathi-asr\data\vistaar_benchmarks\kathbath\marathi\wavs\844424930875864-954-f.wav,त्यामुळे सर्व शिक्षा अभियानांतर्गत शाळास्तरावर विद्यार्थ्यांना नेहमीच्या पद्धतीप्रमाणे पाठ्यपुस्तके मिळणार आहेत,त्यामुळे सर्व शिक्षा अभियानाअंतर्गत शाळास्तरावर विद्यार्थ्यांना नेहमीच्या पद्धतीप्रमाणे पाठ्यपुस्तके मिळणार आहेत,त्यामुळे सर्व शिक्षा अभियानांतर्गत शाळास्तरावर विद्यार्थ्यांना नेहमीच्या पद्धतीप्रमाणे पाठ्यपुस्तके मिळणार आहेत,त्यामुळे सर्व शिक्षा अभियानाअंतर्गत शाळास्तरावर विद्यार्थ्यांना नेहमीच्या पद्धतीप्रमाणे पाठ्यपुस्तके मिळणार आहेत,0.9,9.09,0,7.92
sample_00664,D:\marathi-asr\data\vistaar_benchmarks\kathbath\marathi\wavs\844424932262386-809-f.wav,अभिनेता सुशांत सिंग रजपूत या चित्रपटात प्रमुख भूमिकेत पहायला मिळणार आहे,अभिनेता सुशांत सिंग रजपूत या चित्रपटात प्रमुख भूमिकेत पाहायला मिळणार आहे,अभिनेता सुशांत सिंग रजपूत या चित्रपटात प्रमुख भूमिकेत पहायला मिळणार आहे,अभिनेता सुशांत सिंग रजपूत या चित्रपटात प्रमुख भूमिकेत पाहायला मिळणार आहे,1.41,9.09,0,7.96
sample_00665,D:\marathi-asr\data\vistaar_benchmarks\kathbath\marathi\wavs\844424930573328-737-f.wav,उदाहरणार्थ शरीराच्या आतमध्ये खाद्यपदार्थांची पचनप्रक्रिया होते आणि खाल्लेल्या अन्नाचे पाचक रसामध्ये रुपांतर होते,उदाहरणार्थ शरीराच्या आतमध्ये खाद्यपदार्थांची पचनक्रिया होते आणि खाल्लेल्या अन्नाचे पाचक रसामध्ये रूपांतर होते,उदाहरणार्थ शरीराच्या आतमध्ये खाद्यपदार्थांची पचनप्रक्रिया होते आणि खाल्लेल्या अन्नाचे पाचक रसामध्ये रुपांतर होते,उदाहरणार्थ शरीराच्या आतमध्ये खाद्यपदार्थांची पचनक्रिया होते आणि खाल्लेल्या अन्नाचे पाचक रसामध्ये रूपांतर होते,3.57,15.38,0,8.87
sample_00666,D:\marathi-asr\data\vistaar_benchmarks\kathbath\marathi\wavs\844424932262399-809-f.wav,नानोडा येथे घरांमध्ये पाणी शिरल्याने घरातील लोकांना सुरक्षित स्थळी स्थलांतर करण्यात आले,नानोडा येथे घरामध्ये पाणी शिरल्याने घरातील लोकांना सुरक्षितस्थळी स्थलांतर करण्यात आले,नानोडा येथे घरांमध्ये पाणी शिरल्याने घरातील लोकांना सुरक्षित स्थळी स्थलांतर करण्यात आले,नानोडा येथे घरामध्ये पाणी शिरल्याने घरातील लोकांना सुरक्षितस्थळी स्थलांतर करण्यात आले,2.3,25.0,0,8.75
sample_00667,D:\marathi-asr\data\vistaar_benchmarks\kathbath\marathi\wavs\844424932484406-573-f.wav,अशात मुंबईतील नाईट लाईफच्या पार्श्वभूमीवर सुरक्षा कशी दिली जाणार आहे याचा विचार केला जावा,अशात मुंबईतील नाईट लाईफच्या पार्शार्वभूमीवर सुरक्षा कशी दिली जाणार आहे याचा विचार केला जावा,अशात मुंबईतील नाईट लाईफच्या पार्श्वभूमीवर सुरक्षा कशी दिली जाणार आहे याचा विचार केला जावा,अशात मुंबईतील नाईट लाईफच्या पार्शार्वभूमीवर सुरक्षा कशी दिली जाणार आहे याचा विचार केला जावा,2.25,7.14,0,7.78
sample_00668,D:\marathi-asr\data\vistaar_benchmarks\kathbath\marathi\wavs\844424930906915-972-f.wav,त्यामुळे मोठ्या प्रमाणात भ्रष्टाचाराला खतपाणी मिळत असल्याचे सांगण्यात येते,त्यामुळे मोठ्या प्रमाणात भ्रष्टाचाराला खत पाणी मिळत असल्याचे सांगण्यात येते,त्यामुळे मोठ्या प्रमाणात भ्रष्टाचाराला खतपाणी मिळत असल्याचे सांगण्यात येते,त्यामुळे मोठ्या प्रमाणात भ्रष्टाचाराला खत पाणी मिळत असल्याचे सांगण्यात येते,1.35,22.22,0,6.43
sample_00669,D:\marathi-asr\data\vistaar_benchmarks\kathbath\marathi\wavs\844424930557291-737-f.wav,चांगल्या त्वचेचा पातळ पापुद्रा काढून त्यातल्या रंगपेशी प्रयोगशाळेत वेगळ्या केल्या जातात,चांगल्या त्वचेचा पातळ पापुत्र काढून त्यातला रंगपेशी प्रयोगशाळेत वेगळ्या केल्या जातात,चांगल्या त्वचेचा पातळ पापुद्रा काढून त्यातल्या रंगपेशी प्रयोगशाळेत वेगळ्या केल्या जातात,चांगल्या त्वचेचा पातळ पापुत्र काढून त्यातला रंगपेशी प्रयोगशाळेत वेगळ्या केल्या जातात,4.6,18.18,0,6.48
sample_00670,D:\marathi-asr\data\vistaar_benchmarks\kathbath\marathi\wavs\844424932484354-573-f.wav,मुलीच्या यशाबद्दल तिचे कौतुक करण्यासाठी वडील विजय भिसे घरी पेढे घेऊन आले,मुलीच्या यशाबद्दल तिचे कौतुक करण्यासाठी वडील विजय भिसे घरी पिढ येऊन आले,मुलीच्या यशाबद्दल तिचे कौतुक करण्यासाठी वडील विजय भिसे घरी पेढे घेऊन आले,मुलीच्या यशाबद्दल तिचे कौतुक करण्यासाठी वडील विजय भिसे घरी पिढ येऊन आले,4.17,16.67,0,8.66
sample_00671,D:\marathi-asr\data\vistaar_benchmarks\kathbath\marathi\wavs\844424932372154-132-f.wav,शेवटच्या तासात पुन्हा रिकव्हरी आल्याने बाजार वधारत बंद झाला,शेवटच्या तासात पुन्हा रिकवर्ही आल्याने बाजार वधारत बंद झाला,शेवटच्या तासात पुन्हा रिकव्हरी आल्याने बाजार वधारत बंद झाला,शेवटच्या तासात पुन्हा रिकवर्ही आल्याने बाजार वधारत बंद झाला,3.39,11.11,0,6.22
sample_00672,D:\marathi-asr\data\vistaar_benchmarks\kathbath\marathi\wavs\844424932311933-980-f.wav,मात्र प्रदेशाध्यक्ष पदाबाबत पक्ष जो निर्णय घेईल तो आम्हाला मान्य असेल,तर प्रदेशाध्यक्षपदाबाबत पक्ष जो निर्णय घेईल तो आम्हाला मान्य असेल,मात्र प्रदेशाध्यक्ष पदाबाबत पक्ष जो निर्णय घेईल तो आम्हाला मान्य असेल,तर प्रदेशाध्यक्षपदाबाबत पक्ष जो निर्णय घेईल तो आम्हाला मान्य असेल,5.8,27.27,0,5.53
sample_00673,D:\marathi-asr\data\vistaar_benchmarks\kathbath\marathi\wavs\844424932372199-132-f.wav,अतिवृष्टीनंतर ढगाळ वातावरणाचा फटका या वर्षी अतिवृष्टीमुळे शेतकऱ्यांना खरीपाचे म्हणावे तसे उत्पादन मिळालेले नाही,अतिवृष्टीनंतर ढगाळ वातावरणाचा फटका यावर्षी अतिवृष्टीमुळे शेतकऱ्यांना खरीिपाचे म्हणावे त असे उत्पादन मिळालेले नाही,अतिवृष्टीनंतर ढगाळ वातावरणाचा फटका या वर्षी अतिवृष्टीमुळे शेतकऱ्यांना खरीपाचे म्हणावे तसे उत्पादन मिळालेले नाही,अतिवृष्टीनंतर ढगाळ वातावरणाचा फटका यावर्षी अतिवृष्टीमुळे शेतकऱ्यांना खरीिपाचे म्हणावे त असे उत्पादन मिळालेले नाही,5.36,42.86,0,9.68
sample_00674,D:\marathi-asr\data\vistaar_benchmarks\kathbath\marathi\wavs\844424930906973-972-f.wav,धनंजय मुंडे यांचे दोन स्वीय सहाय्यक आणि गाडी चालकाला देखील कोरोना झाला होता,धनंजय मुंडे यांचे दोन स्वीय सहाय्यक आणि गाडी चालकाला देखील कोरोना झाला होता,धनंजय मुंडे यांचे दोन स्वीय सहाय्यक आणि गाडी चालकाला देखील कोरोना झाला होता,धनंजय मुंडे यांचे दोन स्वीय सहाय्यक आणि गाडी चालकाला देखील कोरोना झाला होता,0.0,0.0,1,6.71
sample_00675,D:\marathi-asr\data\vistaar_benchmarks\kathbath\marathi\wavs\844424931570579-236-f.wav,या विधानसभा निवडणुकांच्या निमित्ताने भारतीय जनतेने राज्यकर्त्यांना योग्य तो संदेश दिला आहे,या विधानसभा निवडणुकांच्या निमित्ताने भारतीय जनतेने राज्यकर्त्यांना योग्य तो संदेश दिला आहे,या विधानसभा निवडणुकांच्या निमित्ताने भारतीय जनतेने राज्यकर्त्यांना योग्य तो संदेश दिला आहे,या विधानसभा निवडणुकांच्या निमित्ताने भारतीय जनतेने राज्यकर्त्यांना योग्य तो संदेश दिला आहे,0.0,0.0,1,7.43
sample_00676,D:\marathi-asr\data\vistaar_benchmarks\kathbath\marathi\wavs\844424932484433-573-f.wav,आपण एक पूर्ण टाकी आणि एक रिक्त आरोप केले जाऊ शकते,आपण एक पूर्ण टाकी आणि एक रिक्त आरोप केले जाऊ शकते,आपण एक पूर्ण टाकी आणि एक रिक्त आरोप केले जाऊ शकते,आपण एक पूर्ण टाकी आणि एक रिक्त आरोप केले जाऊ शकते,0.0,0.0,1,4.92
sample_00677,D:\marathi-asr\data\vistaar_benchmarks\kathbath\marathi\wavs\844424932330063-980-f.wav,आता ढिगाऱ्याखाली अडकलेल्यांना बाहेर काढण्याचे मोठेच आव्हान यंत्रणांपुढे आहे,आता ढिगाऱ्याखाली अडकलेल्यांना बाहेर काढण्याचे मोठेच आव्हान यंत्रणांपुढे आहेत,आता ढिगाऱ्याखाली अडकलेल्यांना बाहेर काढण्याचे मोठेच आव्हान यंत्रणांपुढे आहे,आता ढिगाऱ्याखाली अडकलेल्यांना बाहेर काढण्याचे मोठेच आव्हान यंत्रणांपुढे आहेत,3.95,22.22,0,5.48
sample_00678,D:\marathi-asr\data\vistaar_benchmarks\kathbath\marathi\wavs\844424932311861-980-f.wav,संशयित आरोपी तबरेज मुश्रीफ याला आज गांधीनगर पोलिसांनी अटक करून न्यायालयात हजर केले,संशयित आरोपी तरबेज मुश्रीफ याला आज गांधीनगर पोलिसांनी अटक करून न्यायालयात हजर केले,संशयित आरोपी तबरेज मुश्रीफ याला आज गांधीनगर पोलिसांनी अटक करून न्यायालयात हजर केले,संशयित आरोपी तरबेज मुश्रीफ याला आज गांधीनगर पोलिसांनी अटक करून न्यायालयात हजर केले,2.44,7.69,0,6.73
sample_00679,D:\marathi-asr\data\vistaar_benchmarks\kathbath\marathi\wavs\844424932311866-980-f.wav,लेबनॉनमधील संयुक्त राष्ट्राच्या अंतरिम दलाने गुरुवारी याची पुष्टी दिली,लेब्नॉनमधील संयुक्त राष्ट्राच्या अंतरिम दलाने गुरुवारी याची पुष्टी दिली,लेबनॉनमधील संयुक्त राष्ट्राच्या अंतरिम दलाने गुरुवारी याची पुष्टी दिली,लेब्नॉनमधील संयुक्त राष्ट्राच्या अंतरिम दलाने गुरुवारी याची पुष्टी दिली,1.43,11.11,0,5.06
sample_00680,D:\marathi-asr\data\vistaar_benchmarks\kathbath\marathi\wavs\844424930557203-737-f.wav,घटना समोर आल्यानंतर एसएसपीनीं पोलीस निरीक्षकाला निलंबित केलं आहे,घटनासमोर आल्यानंतर एसएसपीनी पोलीस निरीक्षकाला निलंबित केलं आहे,घटना समोर आल्यानंतर एसएसपीनीं पोलीस निरीक्षकाला निलंबित केलं आहे,घटनासमोर आल्यानंतर एसएसपीनी पोलीस निरीक्षकाला निलंबित केलं आहे,3.12,33.33,0,6.39
sample_00681,D:\marathi-asr\data\vistaar_benchmarks\kathbath\marathi\wavs\844424930573314-737-f.wav,सध्याच्या परिस्थितीनुसार या चारही दोषींना वेगवेगळी शिक्षा होऊ शकते,सध्याच्या परिस्थितीनुसार या चारही दोषींना वेगवेगळी शिक्षा होऊ शकते,सध्याच्या परिस्थितीनुसार या चारही दोषींना वेगवेगळी शिक्षा होऊ शकते,सध्याच्या परिस्थितीनुसार या चारही दोषींना वेगवेगळी शिक्षा होऊ शकते,0.0,0.0,1,5.18
sample_00682,D:\marathi-asr\data\vistaar_benchmarks\kathbath\marathi\wavs\844424932311920-980-f.wav,अॅपलला मागे टाकत हुवाई कंपनीने दुसऱ्या स्थानकावर झेप घेतली आहे,अॅपलला मागे टाकत हुवाई कंपनीने दुसऱ्या स्थानकावर झेप घेतली आहे,अॅपलला मागे टाकत हुवाई कंपनीने दुसऱ्या स्थानकावर झेप घेतली आहे,अॅपलला मागे टाकत हुवाई कंपनीने दुसऱ्या स्थानकावर झेप घेतली आहे,3.17,10.0,0,4.83
sample_00683,D:\marathi-asr\data\vistaar_benchmarks\kathbath\marathi\wavs\844424931570587-236-f.wav,आपल्या जोडीदाराची आपणास योग्य प्रमाणात साथ मिळाल्याने आपण आव्हानांना मोठ्या धैर्याने सामोरे जाऊ शकाल,आपल्या जोडीदाराची आपणास योग्य प्रमाणात साथ मिळाल्याने आपण आव्हानांना मोठ्या धैर्याने सामोरे जाऊ शकाल,आपल्या जोडीदाराची आपणास योग्य प्रमाणात साथ मिळाल्याने आपण आव्हानांना मोठ्या धैर्याने सामोरे जाऊ शकाल,आपल्या जोडीदाराची आपणास योग्य प्रमाणात साथ मिळाल्याने आपण आव्हानांना मोठ्या धैर्याने सामोरे जाऊ शकाल,0.0,0.0,1,8.27
sample_00684,D:\marathi-asr\data\vistaar_benchmarks\kathbath\marathi\wavs\844424930906929-972-f.wav,मालगाडीचे अर्धे डब्बे नवी मुंबईच्या दिशेने आले तर मागील पाच डब्बे जलद मार्गावर राहिले,मालगाडीचे अर्धे डब्बे नवीन मुंबईच्या दिशेने आले तर मागील पाच डब्बे जलन मार्गावर राहिले,मालगाडीचे अर्धे डब्बे नवी मुंबईच्या दिशेने आले तर मागील पाच डब्बे जलद मार्गावर राहिले,मालगाडीचे अर्धे डब्बे नवीन मुंबईच्या दिशेने आले तर मागील पाच डब्बे जलन मार्गावर राहिले,2.35,14.29,0,6.87
sample_00685,D:\marathi-asr\data\vistaar_benchmarks\kathbath\marathi\wavs\844424932484378-573-f.wav,जिल्ह्याच्या राजकारणात जिल्हा परिषद व जिल्हा बँक ही दोन महत्त्वाची शक्तिस्थाने आहेत,जिल्हाच्या राजकारणात जिल्हा परिषद व जिल्हा बंक ही दोन महत्त्वाची शक्तस्थाने आहेत,जिल्ह्याच्या राजकारणात जिल्हा परिषद व जिल्हा बँक ही दोन महत्त्वाची शक्तिस्थाने आहेत,जिल्हाच्या राजकारणात जिल्हा परिषद व जिल्हा बंक ही दोन महत्त्वाची शक्तस्थाने आहेत,4.82,25.0,0,6.97
sample_00686,D:\marathi-asr\data\vistaar_benchmarks\kathbath\marathi\wavs\844424931218227-933-f.wav,या कार्यक्रमात अतिथी पहिल्या लग्नाच्या पहिल्यावहिल्या मुलाला भेट देण्यास महाग भेटी स्वीकारतात,या कार्यक्रमात अतिथी पहिल्या लग्नाच्या पहिल्यावहिल्या मुलाला भेट देण्यास महाग भेटी स्वीकारतात,या कार्यक्रमात अतिथी पहिल्या लग्नाच्या पहिल्यावहिल्या मुलाला भेट देण्यास महाग भेटी स्वीकारतात,या कार्यक्रमात अतिथी पहिल्या लग्नाच्या पहिल्यावहिल्या मुलाला भेट देण्यास महाग भेटी स्वीकारतात,0.0,0.0,1,8.99
sample_00687,D:\marathi-asr\data\vistaar_benchmarks\kathbath\marathi\wavs\844424932484355-573-f.wav,त्यानुसार आता पोस्टातील अल्पबचत योजनांमध्ये पाचशे व हजार रुपयांच्या जुन्या नोटांचा भरणा करता येणार नाही,त्यानुसार आता पोस्टल अल्पबचत योजनांमध्ये पाचशे हजार रुपयांच्या जुन्या नोटांच्या भरणा करता येणार नाही,त्यानुसार आता पोस्टातील अल्पबचत योजनांमध्ये पाचशे व हजार रुपयांच्या जुन्या नोटांचा भरणा करता येणार नाही,त्यानुसार आता पोस्टल अल्पबचत योजनांमध्ये पाचशे हजार रुपयांच्या जुन्या नोटांच्या भरणा करता येणार नाही,6.8,20.0,0,10.24
sample_00688,D:\marathi-asr\data\vistaar_benchmarks\kathbath\marathi\wavs\844424932828550-933-f.wav,शीख समुदायाचे संत भाईसाहब भजन आणि प्रवचन देत असतात,शीख समुदायाचे संत भाईसाब भजन आणि प्रवचन देत असतात,शीख समुदायाचे संत भाईसाहब भजन आणि प्रवचन देत असतात,शीख समुदायाचे संत भाईसाब भजन आणि प्रवचन देत असतात,2.0,11.11,0,4.67
sample_00689,D:\marathi-asr\data\vistaar_benchmarks\kathbath\marathi\wavs\844424930573303-737-f.wav,गिर्यारोहकांसाठी सर्वात भयानक वर्ष अशी याची नोंद इतिहासात आहे,गेल्या लोहकांसाठी सर्वात भयानक वर्ष अशी याची नोंद इतिहासात आहे,गिर्यारोहकांसाठी सर्वात भयानक वर्ष अशी याची नोंद इतिहासात आहे,गेल्या लोहकांसाठी सर्वात भयानक वर्ष अशी याची नोंद इतिहासात आहे,6.56,22.22,0,5.55
sample_00690,D:\marathi-asr\data\vistaar_benchmarks\kathbath\marathi\wavs\844424930902674-715-f.wav,गव्हाचे ६६५०३ हेक्टर असून त्यापैकी ११२०३ हेक्टरवर पेरणी झाली,गावाचे सासष्ट हजार पाचशे तीन हेक्टर असून त्यापैकी अकरा हजार दोनशे तीन हेक्टरवर पेरणी झाली,गव्हाचे ६६५०३ हेक्टर असून त्यापैकी ११२०३ हेक्टरवर पेरणी झाली,गावाचे सासष्ट हजार पाचशे तीन हेक्टर असून त्यापैकी अकरा हजार दोनशे तीन हेक्टरवर पेरणी झाली,68.33,100.0,0,8.01
sample_00691,D:\marathi-asr\data\vistaar_benchmarks\kathbath\marathi\wavs\844424930875868-954-f.wav,म्हणूनच अशा पेशंटची योग्य वेळेत लिम्फ नोड बायोप्सी होणे गरजेचे आहे,म्हणूनच अशा पेशंटची योग्य वेळेत लिम्फ नोड बायोप्सी होणे गरजेचे आहे,म्हणूनच अशा पेशंटची योग्य वेळेत लिम्फ नोड बायोप्सी होणे गरजेचे आहे,म्हणूनच अशा पेशंटची योग्य वेळेत लिम्फ नोड बायोप्सी होणे गरजेचे आहे,0.0,0.0,1,6.15
sample_00692,D:\marathi-asr\data\vistaar_benchmarks\kathbath\marathi\wavs\844424932372186-132-f.wav,मानवी संकल्पनांमध्ये बदल करण्यासह या घटकांचे एकत्रिकरण करून कला मध्ये सर्जनशील बदल घडवून आणल्या,मानवी संकल्पनांमध्ये बदल करण्यासह या घटकांचे एकत्रीकरण करून कलामध्ये सर्जनशील बदल घडवून आणल्या,मानवी संकल्पनांमध्ये बदल करण्यासह या घटकांचे एकत्रिकरण करून कला मध्ये सर्जनशील बदल घडवून आणल्या,मानवी संकल्पनांमध्ये बदल करण्यासह या घटकांचे एकत्रीकरण करून कलामध्ये सर्जनशील बदल घडवून आणल्या,2.11,21.43,0,9.61
sample_00693,D:\marathi-asr\data\vistaar_benchmarks\kathbath\marathi\wavs\844424931218187-933-f.wav,हवामान विभागाने मुंबई आणि ठाणे जिल्ह्यांसाठी ऑरेंज अलर्ट जारी केला आहे,हवामान विभागाने मुंबई आणि ठाणे जिल्ह्यासाठी ऑरेंज अलर्ट जारी केला आहे,हवामान विभागाने मुंबई आणि ठाणे जिल्ह्यांसाठी ऑरेंज अलर्ट जारी केला आहे,हवामान विभागाने मुंबई आणि ठाणे जिल्ह्यासाठी ऑरेंज अलर्ट जारी केला आहे,1.43,9.09,0,5.99
sample_00694,D:\marathi-asr\data\vistaar_benchmarks\kathbath\marathi\wavs\844424932372197-132-f.wav,एकेकाळी खलाशी आणि व्यापारी सोडले तर समुद्रकिनाऱ्यावर जाणं तसं बाकी लोकांमध्ये प्रचलित नव्हतं,एकेकाळी खलाशी आणि व्यापारी सोडले तर समुद्रकिनाऱ्यावर जाणं तसं बाकी लोकांमध्ये प्रचलित नव्हतं,एकेकाळी खलाशी आणि व्यापारी सोडले तर समुद्रकिनाऱ्यावर जाणं तसं बाकी लोकांमध्ये प्रचलित नव्हतं,एकेकाळी खलाशी आणि व्यापारी सोडले तर समुद्रकिनाऱ्यावर जाणं तसं बाकी लोकांमध्ये प्रचलित नव्हतं,2.15,7.69,0,7.41
sample_00695,D:\marathi-asr\data\vistaar_benchmarks\kathbath\marathi\wavs\844424932337116-809-f.wav,असा हा फ्लॉवर चांगला २० मिनिटे तरी ठेवून द्या,असा हा फ्लावर चांगल्या वीस मिनिटे तरी ठेवून द्या,असा हा फ्लॉवर चांगला २० मिनिटे तरी ठेवून द्या,असा हा फ्लावर चांगल्या वीस मिनिटे तरी ठेवून द्या,13.33,33.33,0,5.55
sample_00696,D:\marathi-asr\data\vistaar_benchmarks\kathbath\marathi\wavs\844424932311905-980-f.wav,अभिनेत्री आणि खासदार जया बच्चन यांच्या वक्तव्यानंतर कंगनाने कित्येक ट्वीट करत बच्चन कुटुंबावर निशाणा साधला,अभिनेत्री आणि खासदार जया बच्चन यांच्या वक्तव्यानंतर कंगनाने कित्येक ट्विट करत बच्चन कुटुंबावर निशाणा साधला,अभिनेत्री आणि खासदार जया बच्चन यांच्या वक्तव्यानंतर कंगनाने कित्येक ट्वीट करत बच्चन कुटुंबावर निशाणा साधला,अभिनेत्री आणि खासदार जया बच्चन यांच्या वक्तव्यानंतर कंगनाने कित्येक ट्विट करत बच्चन कुटुंबावर निशाणा साधला,0.94,6.67,0,7.38
sample_00697,D:\marathi-asr\data\vistaar_benchmarks\kathbath\marathi\wavs\844424932330068-980-f.wav,कोळशाचा तुकडा एका बुलबुलाचा वापर करुन मोठ्याने ध्वनी करा,कोळशाचा तुकडा एका बुलबुलाचा वापर करून मोठ्याने ध्वनी करा,कोळशाचा तुकडा एका बुलबुलाचा वापर करुन मोठ्याने ध्वनी करा,कोळशाचा तुकडा एका बुलबुलाचा वापर करून मोठ्याने ध्वनी करा,1.79,11.11,0,4.5
sample_00698,D:\marathi-asr\data\vistaar_benchmarks\kathbath\marathi\wavs\844424930875862-954-f.wav,स्वच्छतेचे महत्त्व पटवून देण्याची जबाबदारी प्रत्येकाने घेण्याची गरज आहे,स्वच्छतेचे महत्त्व पटवून देण्यासाठी जबाबदारी प्रत्येकाने घेण्याची गरज आहे,स्वच्छतेचे महत्त्व पटवून देण्याची जबाबदारी प्रत्येकाने घेण्याची गरज आहे,स्वच्छतेचे महत्त्व पटवून देण्यासाठी जबाबदारी प्रत्येकाने घेण्याची गरज आहे,4.23,11.11,0,5.78
sample_00699,D:\marathi-asr\data\vistaar_benchmarks\kathbath\marathi\wavs\844424930875846-954-f.wav,न्यायालयाचे घटनात्मक हक्कांचे संरक्षण करणे हे कर्तव्य असल्याचे आपल्या आदेशात न्यायालयाने म्हटले आहे,न्यायालयाचे घटनात्मक हक्काचे संरक्षण करणे हे कर्तव्य असल्याचे आपल्या आदेशात न्यायालयाने म्हटले आहे,न्यायालयाचे घटनात्मक हक्कांचे संरक्षण करणे हे कर्तव्य असल्याचे आपल्या आदेशात न्यायालयाने म्हटले आहे,न्यायालयाचे घटनात्मक हक्काचे संरक्षण करणे हे कर्तव्य असल्याचे आपल्या आदेशात न्यायालयाने म्हटले आहे,1.01,7.69,0,7.13
sample_00700,D:\marathi-asr\data\vistaar_benchmarks\kathbath\marathi\wavs\844424930906944-972-f.wav,परिणामी शासनास जो आर्थिक फटका बसतो तो त्यांना खडयातच टाकणारा असतो,परिणामी शासनास जो आर्थिक फटका बसतो तो त्यांना खड्ड्यातच टाकणारा असतो,परिणामी शासनास जो आर्थिक फटका बसतो तो त्यांना खडयातच टाकणारा असतो,परिणामी शासनास जो आर्थिक फटका बसतो तो त्यांना खड्ड्यातच टाकणारा असतो,4.62,9.09,0,7.36
sample_00701,D:\marathi-asr\data\vistaar_benchmarks\kathbath\marathi\wavs\844424932330070-980-f.wav,रणवीर व आलिया या चित्रपटाच्या निमित्ताने पहिल्यांदाच एकत्र काम करणार आहेत,रणवीर व आलिया या चित्रपटाच्या निमित्ताने पहिल्यांदाच एकत्र काम करणार आहेत,रणवीर व आलिया या चित्रपटाच्या निमित्ताने पहिल्यांदाच एकत्र काम करणार आहेत,रणवीर व आलिया या चित्रपटाच्या निमित्ताने पहिल्यांदाच एकत्र काम करणार आहेत,0.0,0.0,1,6.34
sample_00702,D:\marathi-asr\data\vistaar_benchmarks\kathbath\marathi\wavs\844424932823391-715-f.wav,लांडगे हे शिवसेनेत असले तरी ते असून नसल्यासारखी अशी त्यांची अवस्था झाली आहे,लांडके हे शिवसेनेत असले तरी ते असून नसल्यासारखी अशी त्यांची अवस्था झाली आहे,लांडगे हे शिवसेनेत असले तरी ते असून नसल्यासारखी अशी त्यांची अवस्था झाली आहे,लांडके हे शिवसेनेत असले तरी ते असून नसल्यासारखी अशी त्यांची अवस्था झाली आहे,1.33,7.69,0,6.11
sample_00703,D:\marathi-asr\data\vistaar_benchmarks\kathbath\marathi\wavs\844424932828581-933-f.wav,आपलं घरातलं काम करून या महिला शेतीकडेही तेवढंच लक्षं देत आहेत,आपल्या घरातलं काम करून या महिला शेतीकडेही तेवढंच लक्ष देत आहेत,आपलं घरातलं काम करून या महिला शेतीकडेही तेवढंच लक्षं देत आहेत,आपल्या घरातलं काम करून या महिला शेतीकडेही तेवढंच लक्ष देत आहेत,6.56,18.18,0,5.04
sample_00704,D:\marathi-asr\data\vistaar_benchmarks\kathbath\marathi\wavs\844424931130721-933-f.wav,योग्य रोपांची छाटणी झाडाची छाती टाळण्यासाठी आणि योग्य आकारास प्रोत्साहित करेल,योग्य रूपांची छाताती झाडाची छाती टाळण्यासाठी आणि योग्य आकारास प्रोत्साहित करेल,योग्य रोपांची छाटणी झाडाची छाती टाळण्यासाठी आणि योग्य आकारास प्रोत्साहित करेल,योग्य रूपांची छाताती झाडाची छाती टाळण्यासाठी आणि योग्य आकारास प्रोत्साहित करेल,5.19,18.18,0,5.53
sample_00705,D:\marathi-asr\data\vistaar_benchmarks\kathbath\marathi\wavs\844424930573301-737-f.wav,यासह मागील निवडणुकांमध्ये शांतता भंग करणाऱ्यांवर गुन्हे दखल आहेत,यासह मागील निवडणुकांमध्ये शांतता भंग करणाऱ्यांवर गुन्हे दखल आहेत,यासह मागील निवडणुकांमध्ये शांतता भंग करणाऱ्यांवर गुन्हे दखल आहेत,यासह मागील निवडणुकांमध्ये शांतता भंग करणाऱ्यांवर गुन्हे दखल आहेत,3.08,11.11,0,5.29
sample_00706,D:\marathi-asr\data\vistaar_benchmarks\kathbath\marathi\wavs\844424930573389-737-f.wav,संपूर्ण पावसाळा लोटला तरी एकदाही मोठा पाऊस न झाल्याने परिसरातील सर्वच जलस्त्रोत निकामी झाले आहेत,संपूर्ण पावसाळा लोटला तरी एकदाही मोठा पाऊस न झाल्याने परिसरातील सर्व जलस्रोत निकामी झाले आहेत,संपूर्ण पावसाळा लोटला तरी एकदाही मोठा पाऊस न झाल्याने परिसरातील सर्वच जलस्त्रोत निकामी झाले आहेत,संपूर्ण पावसाळा लोटला तरी एकदाही मोठा पाऊस न झाल्याने परिसरातील सर्व जलस्रोत निकामी झाले आहेत,3.12,13.33,0,8.52
sample_00707,D:\marathi-asr\data\vistaar_benchmarks\kathbath\marathi\wavs\844424930875857-954-f.wav,मला वाटतं की त्यांच्यामध्ये असणाऱ्या कोणत्याही वादावर ते तोडगा शोधतील,मला वाटतं की त्यांच्यामध्ये असणाऱ्या कोणत्याही वादावर ते तोडगा शोधतील,मला वाटतं की त्यांच्यामध्ये असणाऱ्या कोणत्याही वादावर ते तोडगा शोधतील,मला वाटतं की त्यांच्यामध्ये असणाऱ्या कोणत्याही वादावर ते तोडगा शोधतील,2.86,10.0,0,5.15
sample_00708,D:\marathi-asr\data\vistaar_benchmarks\kathbath\marathi\wavs\844424930906942-972-f.wav,आगामी दोन दिवस काही जिल्ह्यांत मुसळधार पाऊस पडण्याचा इशारा देण्यात आला आहे,आगामी दोन दिवस काही जिल्ह्यात मुसळधार पाऊस पडण्याचा इशारा देण्यात आला आहे,आगामी दोन दिवस काही जिल्ह्यांत मुसळधार पाऊस पडण्याचा इशारा देण्यात आला आहे,आगामी दोन दिवस काही जिल्ह्यात मुसळधार पाऊस पडण्याचा इशारा देण्यात आला आहे,1.35,8.33,0,5.8
sample_00709,D:\marathi-asr\data\vistaar_benchmarks\kathbath\marathi\wavs\844424930875906-954-f.wav,सर्व शहरी मित्या सोडून एकांतवासात राहायच्या रोमँटिक संकल्पनेचा एका रोमँटिक मितीनेच काटा काढला,सर्व शहरी मिित्या सोडून एकांतवासात राहणारा रोमॅंटिक संकल्पनेच्या एका रोमॅंटिक म्तीने काटा काढला,सर्व शहरी मित्या सोडून एकांतवासात राहायच्या रोमँटिक संकल्पनेचा एका रोमँटिक मितीनेच काटा काढला,सर्व शहरी मिित्या सोडून एकांतवासात राहणारा रोमॅंटिक संकल्पनेच्या एका रोमॅंटिक म्तीने काटा काढला,15.05,46.15,0,8.03
sample_00710,D:\marathi-asr\data\vistaar_benchmarks\kathbath\marathi\wavs\844424932311881-980-f.wav,आजमितीस पिण्याच्या पाण्याचा पुरवठा करण्यासाठी पाचशेंपेक्षा अधिक टँकर धावत आहेत,आजमी तीस पिण्याच्या पाण्याचा पुरवठा करण्यासाठी पाचशेपेक्षा अधिक टँकर धावत आहेत,आजमितीस पिण्याच्या पाण्याचा पुरवठा करण्यासाठी पाचशेंपेक्षा अधिक टँकर धावत आहेत,आजमी तीस पिण्याच्या पाण्याचा पुरवठा करण्यासाठी पाचशेपेक्षा अधिक टँकर धावत आहेत,3.85,30.0,0,6.15
sample_00711,D:\marathi-asr\data\vistaar_benchmarks\kathbath\marathi\wavs\844424932266660-980-f.wav,त्यामुळे त्या दिवशी मतदान ठवेल्यास कमी मतदान होण्याची शक्यता असायची,त्यामुळे त्या दिवशी मतदान ठेवल्यास कमी मतदान होण्याची शक्यता असावी,त्यामुळे त्या दिवशी मतदान ठवेल्यास कमी मतदान होण्याची शक्यता असायची,त्यामुळे त्या दिवशी मतदान ठेवल्यास कमी मतदान होण्याची शक्यता असावी,5.97,20.0,0,4.74
sample_00712,D:\marathi-asr\data\vistaar_benchmarks\kathbath\marathi\wavs\844424931570606-236-f.wav,केंद्रीय समितीच्या बैठकीत पुढील दोन दिवस या सर्व पैलूंवर विचार होणार आहे,केंद्रीय समितीच्या बैठकीत पुढील दोन दिवस या सर्व पैलूंवर विचार होणार आहे,केंद्रीय समितीच्या बैठकीत पुढील दोन दिवस या सर्व पैलूंवर विचार होणार आहे,केंद्रीय समितीच्या बैठकीत पुढील दोन दिवस या सर्व पैलूंवर विचार होणार आहे,0.0,0.0,1,5.53
sample_00713,D:\marathi-asr\data\vistaar_benchmarks\kathbath\marathi\wavs\844424931570536-236-f.wav,फुल टू टाइमपास असं या सिनेमाचं वर्णन करणं चुकीचं ठरणार नाही,फुल टू टाइम पास असं या सिनेमाचं वर्णन करणं चुकीचं ठरणार नाही,फुल टू टाइमपास असं या सिनेमाचं वर्णन करणं चुकीचं ठरणार नाही,फुल टू टाइम पास असं या सिनेमाचं वर्णन करणं चुकीचं ठरणार नाही,1.69,18.18,0,6.01
sample_00714,D:\marathi-asr\data\vistaar_benchmarks\kathbath\marathi\wavs\844424932828537-933-f.wav,भाईंदरमधील क्वॉरंटाईन केलेल्या नागरिकांना शहरातील एका इमारतीत ठेवण्यात आले आहे,भाईदरमधील क्वारंटाईन केलेल्या नागरिकांना शहरातील एका इमारतीत ठेवण्यात आले आहे,भाईंदरमधील क्वॉरंटाईन केलेल्या नागरिकांना शहरातील एका इमारतीत ठेवण्यात आले आहे,भाईदरमधील क्वारंटाईन केलेल्या नागरिकांना शहरातील एका इमारतीत ठेवण्यात आले आहे,2.56,20.0,0,6.13
sample_00715,D:\marathi-asr\data\vistaar_benchmarks\kathbath\marathi\wavs\844424932484373-573-f.wav,थंड पाण्याने मासे धुवून खार्या पाण्याने कोरडी पुसून टाका,थंड पाण्याने मासे धुवून खऱ्या पाण्याने कोरडी पुसून टाका,थंड पाण्याने मासे धुवून खार्या पाण्याने कोरडी पुसून टाका,थंड पाण्याने मासे धुवून खऱ्या पाण्याने कोरडी पुसून टाका,3.57,11.11,0,5.29
sample_00716,D:\marathi-asr\data\vistaar_benchmarks\kathbath\marathi\wavs\844424932337136-809-f.wav,पांझरा नदीला पुर आल्यामुळे या फरशीवरील वाहतूक बंद करण्याचा निर्णय जिल्हा प्रशासनाने घेतला आहे,पांजरा नदीला पूर आल्यामुळे या फरशीवरील वाहतूक बंद करण्याचा निर्णय जिल्हा प्र्रशासनाने घेतला आहे,पांझरा नदीला पुर आल्यामुळे या फरशीवरील वाहतूक बंद करण्याचा निर्णय जिल्हा प्रशासनाने घेतला आहे,पांजरा नदीला पूर आल्यामुळे या फरशीवरील वाहतूक बंद करण्याचा निर्णय जिल्हा प्र्रशासनाने घेतला आहे,4.3,21.43,0,10.05
sample_00717,D:\marathi-asr\data\vistaar_benchmarks\kathbath\marathi\wavs\844424930875859-954-f.wav,यासाठी त्याने पोस्ट केलेला व्हिडिओ कारणीभूत ठरल्याची चर्चा आहे,यासाठी त्यांनी पोस्ट केलेला व्हिडीिओ कारणीभूत ठरण्याची चर्चा आहे,यासाठी त्याने पोस्ट केलेला व्हिडिओ कारणीभूत ठरल्याची चर्चा आहे,यासाठी त्यांनी पोस्ट केलेला व्हिडीिओ कारणीभूत ठरण्याची चर्चा आहे,6.45,33.33,0,5.36
sample_00718,D:\marathi-asr\data\vistaar_benchmarks\kathbath\marathi\wavs\844424932823352-715-f.wav,प्रथम पूर्ण वाढवलेली यशस्वी भूमिका इतरांकडून पुढे आली,प्रथम पूर्ण वाढवलेली यशस्वी भूमिका इतरांकडून पुढे आली,प्रथम पूर्ण वाढवलेली यशस्वी भूमिका इतरांकडून पुढे आली,प्रथम पूर्ण वाढवलेली यशस्वी भूमिका इतरांकडून पुढे आली,0.0,0.0,1,5.2
sample_00719,D:\marathi-asr\data\vistaar_benchmarks\kathbath\marathi\wavs\844424930868505-933-f.wav,याआधी रोहित शर्माचा दक्षिण आफ्रिकेतला सर्वाधिक स्कोअर २३ रन्स होता,याआधी रोहित शर्माचा दक्षिण आफ्रिकेतला सर्वाधिक स्कोअर तेवीस रन्स होता,याआधी रोहित शर्माचा दक्षिण आफ्रिकेतला सर्वाधिक स्कोअर २३ रन्स होता,याआधी रोहित शर्माचा दक्षिण आफ्रिकेतला सर्वाधिक स्कोअर तेवीस रन्स होता,7.58,10.0,0,6.13
sample_00720,D:\marathi-asr\data\vistaar_benchmarks\kathbath\marathi\wavs\844424932828580-933-f.wav,या प्रक्रियेला राजकिय रंग देण्याचा काही राजकारण्यांनी प्रयत्न केला,या प्रक्रियेला राजकीय रंग देण्याचा काही राजकारण्यांनी प्रयत्न केला,या प्रक्रियेला राजकिय रंग देण्याचा काही राजकारण्यांनी प्रयत्न केला,या प्रक्रियेला राजकीय रंग देण्याचा काही राजकारण्यांनी प्रयत्न केला,1.52,11.11,0,5.11
sample_00721,D:\marathi-asr\data\vistaar_benchmarks\kathbath\marathi\wavs\844424932311884-980-f.wav,मान्सूनने कारवारपर्यंत मजल मारली असल्याची माहिती हवामान विभागाने दिली,मान्सूनने कारवारपर्यंत मजल मारली असल्याची माहिती हवामान विभागाने दिली,मान्सूनने कारवारपर्यंत मजल मारली असल्याची माहिती हवामान विभागाने दिली,मान्सूनने कारवारपर्यंत मजल मारली असल्याची माहिती हवामान विभागाने दिली,0.0,0.0,1,5.74
sample_00722,D:\marathi-asr\data\vistaar_benchmarks\kathbath\marathi\wavs\844424932372208-132-f.wav,सीएनजी एक किलो गॅस ३९ रुपये तर पेट्रोल एक लिटरसाठी ८० रुपये मोजावे लागतात,सीएनजी एक किलो गॅस एकोणचाळीस रुपये तर पेट्रोल एक लिटरसाठी ऐंशी रुपये मोजावे लागतात,सीएनजी एक किलो गॅस ३९ रुपये तर पेट्रोल एक लिटरसाठी ८० रुपये मोजावे लागतात,सीएनजी एक किलो गॅस एकोणचाळीस रुपये तर पेट्रोल एक लिटरसाठी ऐंशी रुपये मोजावे लागतात,17.81,14.29,0,7.66
sample_00723,D:\marathi-asr\data\vistaar_benchmarks\kathbath\marathi\wavs\844424931570568-236-f.wav,काँग्रेस आणि राष्ट्रवादीने आपले काही उमेदवार यापूर्वीच जाहीर केले होते,काँग्रेस आणि राष्ट्रवादीने आपले काही उमेदवार यापूर्वीच जाहीर केले होते,काँग्रेस आणि राष्ट्रवादीने आपले काही उमेदवार यापूर्वीच जाहीर केले होते,काँग्रेस आणि राष्ट्रवादीने आपले काही उमेदवार यापूर्वीच जाहीर केले होते,0.0,0.0,1,6.06
sample_00724,D:\marathi-asr\data\vistaar_benchmarks\kathbath\marathi\wavs\844424931570554-236-f.wav,ही माहिती नसल्याने दरातील तफावतीमुळे ग्राहक पेट्रोलपंप चालकांशी हुज्जत घालत असतात,ही माहिती नसल्याने दरातील तफावतीमुळे ग्राहक पेट्रोलपंप चालकांशी हुज्जात घालत असतात,ही माहिती नसल्याने दरातील तफावतीमुळे ग्राहक पेट्रोलपंप चालकांशी हुज्जत घालत असतात,ही माहिती नसल्याने दरातील तफावतीमुळे ग्राहक पेट्रोलपंप चालकांशी हुज्जात घालत असतात,1.23,9.09,0,7.41
sample_00725,D:\marathi-asr\data\vistaar_benchmarks\kathbath\marathi\wavs\844424932337208-809-f.wav,सचिन हा जगातील सर्वोत्कृष्ट खेळाडू असून त्याच्या धावांनी त्याने अनेक विक्रम रचले आहेत,सचिन हा जगातील सर्वत्कृष्ट खेळाडू असून त्याच्या धावांनी त्याने अनेक विक्रम रचले आहेत,सचिन हा जगातील सर्वोत्कृष्ट खेळाडू असून त्याच्या धावांनी त्याने अनेक विक्रम रचले आहेत,सचिन हा जगातील सर्वत्कृष्ट खेळाडू असून त्याच्या धावांनी त्याने अनेक विक्रम रचले आहेत,1.18,7.69,0,9.13
sample_00726,D:\marathi-asr\data\vistaar_benchmarks\kathbath\marathi\wavs\844424932828587-933-f.wav,याबाबत चौकशी करून व पंचनामा करून संबंधितांवर गुन्हा दाखल करण्यात आल्याची माहिती उपलब्ध झाली आहे,याबाबत चौकशी करून व पंचनामा करून संबंधितांवर गुन्हा दाखल करण्यात आल्याची माहिती उपलब्ध झाली आहे,याबाबत चौकशी करून व पंचनामा करून संबंधितांवर गुन्हा दाखल करण्यात आल्याची माहिती उपलब्ध झाली आहे,याबाबत चौकशी करून व पंचनामा करून संबंधितांवर गुन्हा दाखल करण्यात आल्याची माहिती उपलब्ध झाली आहे,0.0,0.0,1,8.03
sample_00727,D:\marathi-asr\data\vistaar_benchmarks\kathbath\marathi\wavs\844424932828545-933-f.wav,सरान्स्क या छोट्या शहरांत हे सामने होते होते,सरन्स या छोट्या शहरात हे सामने होत होते,सरान्स्क या छोट्या शहरांत हे सामने होते होते,सरन्स या छोट्या शहरात हे सामने होत होते,11.36,37.5,0,3.58
sample_00728,D:\marathi-asr\data\vistaar_benchmarks\kathbath\marathi\wavs\844424932823376-715-f.wav,या प्रकारे वनवासी आणि अर्जुन दोघेही त्या डुकरावर आपला आपला अधिकार गाजवायला लागले,याप्रकारे वनवासी आणि अर्जुन दोघेही त्या डुकरावर आपला अधिकार गाजवायला लागले,या प्रकारे वनवासी आणि अर्जुन दोघेही त्या डुकरावर आपला आपला अधिकार गाजवायला लागले,याप्रकारे वनवासी आणि अर्जुन दोघेही त्या डुकरावर आपला अधिकार गाजवायला लागले,7.5,23.08,0,5.99
sample_00729,D:\marathi-asr\data\vistaar_benchmarks\kathbath\marathi\wavs\844424931130740-933-f.wav,उद्धव ठाकरे यांनी जनतेने दिलेला निकाल स्वीकारणार आसल्याचं म्हटलं आहे,उद्धव ठाकरे यांनी जनतेला दिलेला निकाल स्वीकारणार असल्याचं म्हटलं आहे,उद्धव ठाकरे यांनी जनतेने दिलेला निकाल स्वीकारणार आसल्याचं म्हटलं आहे,उद्धव ठाकरे यांनी जनतेला दिलेला निकाल स्वीकारणार असल्याचं म्हटलं आहे,4.41,20.0,0,4.39
sample_00730,D:\marathi-asr\data\vistaar_benchmarks\kathbath\marathi\wavs\844424930875860-954-f.wav,विभागीय उपआयुक्त अर्जुन ओहोळ यांच्या मार्गदर्शनाखाली पथकाने ही कारवाई केली,विभागीय उपआयुक्त अर्जुन आहोळ यांच्या मार्गदर्शनाखाली पथकाने ही कारवाई केली,विभागीय उपआयुक्त अर्जुन ओहोळ यांच्या मार्गदर्शनाखाली पथकाने ही कारवाई केली,विभागीय उपआयुक्त अर्जुन आहोळ यांच्या मार्गदर्शनाखाली पथकाने ही कारवाई केली,1.35,10.0,0,6.64
sample_00731,D:\marathi-asr\data\vistaar_benchmarks\kathbath\marathi\wavs\844424931570585-236-f.wav,एका कंपनीने आपल्या कर्मचाऱ्यांच्या कुटुंबाशी नाते घट्ट करण्यासाठी एक खास प्रयोग केलाय,एका कंपनीने आपल्या कर्मचाऱ्यांच्या कुटुंबाशी नातेघट्ट करण्यासाठी एक खास प्रयोग केलाय,एका कंपनीने आपल्या कर्मचाऱ्यांच्या कुटुंबाशी नाते घट्ट करण्यासाठी एक खास प्रयोग केलाय,एका कंपनीने आपल्या कर्मचाऱ्यांच्या कुटुंबाशी नातेघट्ट करण्यासाठी एक खास प्रयोग केलाय,3.49,25.0,0,6.48
sample_00732,D:\marathi-asr\data\vistaar_benchmarks\kathbath\marathi\wavs\844424930906989-972-f.wav,अजित पवार यांनी या सभेमध्ये तरुण कार्यकर्त्यांमध्ये जान फुंकण्याचे काम केले,अजित पवार यांनी या सभेमध्ये तरुण कार्यकर्त्यांमध्ये जाण फुंकण्याचे काम केले,अजित पवार यांनी या सभेमध्ये तरुण कार्यकर्त्यांमध्ये जान फुंकण्याचे काम केले,अजित पवार यांनी या सभेमध्ये तरुण कार्यकर्त्यांमध्ये जाण फुंकण्याचे काम केले,1.33,9.09,0,6.18
sample_00733,D:\marathi-asr\data\vistaar_benchmarks\kathbath\marathi\wavs\844424931570549-236-f.wav,चीनमधील करोना व्हायरस भारतात येऊन आता दोन ते अडीच महिने झाले आहे,चीनमधील करोना व्हायरस भारतात येऊन आता दोन ते अडीच महिने झाले आहे,चीनमधील करोना व्हायरस भारतात येऊन आता दोन ते अडीच महिने झाले आहे,चीनमधील करोना व्हायरस भारतात येऊन आता दोन ते अडीच महिने झाले आहे,0.0,0.0,1,5.34
sample_00734,D:\marathi-asr\data\vistaar_benchmarks\kathbath\marathi\wavs\844424932828532-933-f.wav,तरीही ते कधीच आपल्या घेतलेल्या निर्णयापासून मागे हटले नाहीत,तरीही ते कधीच आपल्या घेतलेल्या निर्णयापासून मागे हटले नाहीत,तरीही ते कधीच आपल्या घेतलेल्या निर्णयापासून मागे हटले नाहीत,तरीही ते कधीच आपल्या घेतलेल्या निर्णयापासून मागे हटले नाहीत,0.0,0.0,1,4.32
sample_00735,D:\marathi-asr\data\vistaar_benchmarks\kathbath\marathi\wavs\844424930573373-737-f.wav,ऑक्सिजनचा सिलेंडर घेऊन एमआरआय विभागामध्ये गेलेले राजेश हे मशिनच्या विद्युतचुंबकीय क्षेत्राने खेचले गेले,ऑक्सिजनचा सिलेंडर घेऊन एमआरआय विभागामध्ये गेलेले राजेश हे मशीनच्या विद्युतचुंबकीय क्षेत्राने खेचले गेले,ऑक्सिजनचा सिलेंडर घेऊन एमआरआय विभागामध्ये गेलेले राजेश हे मशिनच्या विद्युतचुंबकीय क्षेत्राने खेचले गेले,ऑक्सिजनचा सिलेंडर घेऊन एमआरआय विभागामध्ये गेलेले राजेश हे मशीनच्या विद्युतचुंबकीय क्षेत्राने खेचले गेले,0.97,7.69,0,8.2
sample_00736,D:\marathi-asr\data\vistaar_benchmarks\kathbath\marathi\wavs\844424932311845-980-f.wav,त्रिपुराचे आता मुख्यमंत्री कोण होणार याकडे सर्वांचे लक्ष लागून राहिले आहे,मणिपुराचे आता मुख्यमंत्री कोण होणार याकडे सर्वांचे लक्ष लागून राहिले आहे,त्रिपुराचे आता मुख्यमंत्री कोण होणार याकडे सर्वांचे लक्ष लागून राहिले आहे,मणिपुराचे आता मुख्यमंत्री कोण होणार याकडे सर्वांचे लक्ष लागून राहिले आहे,4.11,9.09,0,5.46
sample_00737,D:\marathi-asr\data\vistaar_benchmarks\kathbath\marathi\wavs\844424931570608-236-f.wav,याच परंपरेचे सत्त्व घेऊन आज आश्वासक काव्यलेखन करणारे नाव म्हणजे सुदाम राठोड,याच परंपरेचे सत्त्व घेऊन आज आश्वासक काव्यलेखन करणारे नाव म्हणजे सुदाम राठोड,याच परंपरेचे सत्त्व घेऊन आज आश्वासक काव्यलेखन करणारे नाव म्हणजे सुदाम राठोड,याच परंपरेचे सत्त्व घेऊन आज आश्वासक काव्यलेखन करणारे नाव म्हणजे सुदाम राठोड,0.0,0.0,1,6.97
sample_00738,D:\marathi-asr\data\vistaar_benchmarks\kathbath\marathi\wavs\844424930834588-954-f.wav,चक्कर येईल का काय असं वाटायला लागलं,चक्कर येईल का काय असं वाटायला लागलं,चक्कर येईल का काय असं वाटायला लागलं,चक्कर येईल का काय असं वाटायला लागलं,0.0,0.0,1,3.53
sample_00739,D:\marathi-asr\data\vistaar_benchmarks\kathbath\marathi\wavs\844424931570519-236-f.wav,या खटल्यात देण्यात आलेल्या निकालाचा फेरविचार करण्यात यावा असे सीबीआयचे म्हणणे आहे,या खटल्यात देण्यात आलेल्या निकालाचा फेरविचार करण्यात यावा असे सीबीआयचे म्हणणे आहे,या खटल्यात देण्यात आलेल्या निकालाचा फेरविचार करण्यात यावा असे सीबीआयचे म्हणणे आहे,या खटल्यात देण्यात आलेल्या निकालाचा फेरविचार करण्यात यावा असे सीबीआयचे म्हणणे आहे,0.0,0.0,1,8.61
sample_00740,D:\marathi-asr\data\vistaar_benchmarks\kathbath\marathi\wavs\844424932266734-980-f.wav,ग्राम पंचायत निकालानंतरचा अजित पवारांचा हा पहिलाच बारामतीचा दौरा आहे,ग्रामपंचायत निकालानंतरचा अजित पवारांचा हा पहिलाच बारामतीचा दौरा आहे,ग्राम पंचायत निकालानंतरचा अजित पवारांचा हा पहिलाच बारामतीचा दौरा आहे,ग्रामपंचायत निकालानंतरचा अजित पवारांचा हा पहिलाच बारामतीचा दौरा आहे,1.47,20.0,0,5.62
sample_00741,D:\marathi-asr\data\vistaar_benchmarks\kathbath\marathi\wavs\844424932823341-715-f.wav,इसिसशी संपर्कात राहिल्या प्रकरणी एका महिलेला सर्वोच्च न्यायालयाने सात वर्षांची शिक्षा ठोठावली आहे,इसिसशी संपर्कात राहिलेल्या प्रकरणी एका महिलेला सर्वोच्च न्यायालयाने सात वर्षाची शिक्षा ठोठावली आहे,इसिसशी संपर्कात राहिल्या प्रकरणी एका महिलेला सर्वोच्च न्यायालयाने सात वर्षांची शिक्षा ठोठावली आहे,इसिसशी संपर्कात राहिलेल्या प्रकरणी एका महिलेला सर्वोच्च न्यायालयाने सात वर्षाची शिक्षा ठोठावली आहे,3.09,15.38,0,8.59
sample_00742,D:\marathi-asr\data\vistaar_benchmarks\kathbath\marathi\wavs\844424932266677-980-f.wav,पोलीसाइडनच्या अनेक मुलांनी अॅलेक्सीोन नावाचा एक प्लायडेड वापरला होता,पोली सायडनच्या अनेक मुलांनी अलेक्झिन नावाचा एक प्लायडेड वापरला होता,पोलीसाइडनच्या अनेक मुलांनी अॅलेक्सीोन नावाचा एक प्लायडेड वापरला होता,पोली सायडनच्या अनेक मुलांनी अलेक्झिन नावाचा एक प्लायडेड वापरला होता,8.82,33.33,0,4.81
sample_00743,D:\marathi-asr\data\vistaar_benchmarks\kathbath\marathi\wavs\844424930875892-954-f.wav,राज्यांना वाटप करण्यात येणारा निधी हा त्या त्या राज्यांच्या विकास आणि दरडोई उत्पन्नानुसार दिला जातो,राज्यांना वाटप करण्यात येणारा निधी हा त्या त्या राज्यांचा विकास आणि दरडोई उत्पन्नानुसार दिला जातो,राज्यांना वाटप करण्यात येणारा निधी हा त्या त्या राज्यांच्या विकास आणि दरडोई उत्पन्नानुसार दिला जातो,राज्यांना वाटप करण्यात येणारा निधी हा त्या त्या राज्यांचा विकास आणि दरडोई उत्पन्नानुसार दिला जातो,2.02,6.67,0,8.2
sample_00744,D:\marathi-asr\data\vistaar_benchmarks\kathbath\marathi\wavs\844424932823428-715-f.wav,चाळीसगाव आगाराल त्वरित नवीन बसेस मिळल्या नाहीतर भविष्यात मोठी दुर्घटना घडण्याची शक्यता आहे,चाळीसगाव आगारल त्वरित नवीन बसेस मिळाल्या नाही तर भविष्यात मोठी दुर्घटना घडण्याची शक्यता आहे,चाळीसगाव आगाराल त्वरित नवीन बसेस मिळल्या नाहीतर भविष्यात मोठी दुर्घटना घडण्याची शक्यता आहे,चाळीसगाव आगारल त्वरित नवीन बसेस मिळाल्या नाही तर भविष्यात मोठी दुर्घटना घडण्याची शक्यता आहे,3.33,30.77,0,7.36
sample_00745,D:\marathi-asr\data\vistaar_benchmarks\kathbath\marathi\wavs\844424932828553-933-f.wav,व्याज वापर नुकसान एकूण रक्कम विरुद्ध जमा केले जाईल,व्याजवापर नुकसान एकूण रक्कम विरुद्ध जमा केले जाईल,व्याज वापर नुकसान एकूण रक्कम विरुद्ध जमा केले जाईल,व्याजवापर नुकसान एकूण रक्कम विरुद्ध जमा केले जाईल,2.0,22.22,0,4.11
sample_00746,D:\marathi-asr\data\vistaar_benchmarks\kathbath\marathi\wavs\844424932372167-132-f.wav,आणि हा इतिहास राष्ट्रवादीच्या हल्लाबोलच्या माध्यमातून झाल्याशिवाय राहणार नाही,आणि हा इतिहास राष्ट्रवादीच्या हल्लाबोलच्या माध्यमातून झाल्याशिवाय राहणार नाही,आणि हा इतिहास राष्ट्रवादीच्या हल्लाबोलच्या माध्यमातून झाल्याशिवाय राहणार नाही,आणि हा इतिहास राष्ट्रवादीच्या हल्लाबोलच्या माध्यमातून झाल्याशिवाय राहणार नाही,0.0,0.0,1,6.25
sample_00747,D:\marathi-asr\data\vistaar_benchmarks\kathbath\marathi\wavs\844424932337135-809-f.wav,आयआयटी मद्रास कॅम्पसमध्ये बुधवारी गर्लफ्रेंडवरून दोन तरुणांमध्ये तुफान राडा झाला,आयआयटी मद्रास कॅम्पसमध्ये बुधवारी गर्लफ्रेंडवरून दोन तरुणांमध्ये तुफान राडा झाला,आयआयटी मद्रास कॅम्पसमध्ये बुधवारी गर्लफ्रेंडवरून दोन तरुणांमध्ये तुफान राडा झाला,आयआयटी मद्रास कॅम्पसमध्ये बुधवारी गर्लफ्रेंडवरून दोन तरुणांमध्ये तुफान राडा झाला,0.0,0.0,1,8.38
sample_00748,D:\marathi-asr\data\vistaar_benchmarks\kathbath\marathi\wavs\844424931130676-933-f.wav,कर्जत पुढील वर्षी होणाऱ्या कर्जत नगरपालिकेच्या सार्वत्रिक निवडणुकीची तयारी सुरू झाली आहे,कर्जत पुढील वर्षी होणाऱ्या कर्जत नगरपालिकेच्या सार्वत्रिक निवडणुकीची तयारी सुरू झाली आहे,कर्जत पुढील वर्षी होणाऱ्या कर्जत नगरपालिकेच्या सार्वत्रिक निवडणुकीची तयारी सुरू झाली आहे,कर्जत पुढील वर्षी होणाऱ्या कर्जत नगरपालिकेच्या सार्वत्रिक निवडणुकीची तयारी सुरू झाली आहे,2.25,8.33,0,6.83
sample_00749,D:\marathi-asr\data\vistaar_benchmarks\kathbath\marathi\wavs\844424932484448-573-f.wav,त्यांनी मुंबई पोलिसांचा तपास आणि पाटण्याच्या एसपीना क्वॉरन्टाईन करण्यावरही प्रश्न उपस्थित केले आहेत,याने मुंबई पोलिसचा तपास आणि पाटण्याच्या एसपीना क्वारंटाइन करण्यावरही प्रश्न उपस्थित केले आहेत,त्यांनी मुंबई पोलिसांचा तपास आणि पाटण्याच्या एसपीना क्वॉरन्टाईन करण्यावरही प्रश्न उपस्थित केले आहेत,याने मुंबई पोलिसचा तपास आणि पाटण्याच्या एसपीना क्वारंटाइन करण्यावरही प्रश्न उपस्थित केले आहेत,10.1,23.08,0,8.34
sample_00750,D:\marathi-asr\data\vistaar_benchmarks\kathbath\marathi\wavs\844424932262442-809-f.wav,मुख्य पान चालू घडामोडी खरीप पीक कर्ज वाटपात रत्नागिरी जिल्हा राज्यात दुसरा,मुख्य पान चालू घडामोडी खरीप पीक कर्जवाटपात रत्नागिरी जिल्हा राज्यात दुसरा,मुख्य पान चालू घडामोडी खरीप पीक कर्ज वाटपात रत्नागिरी जिल्हा राज्यात दुसरा,मुख्य पान चालू घडामोडी खरीप पीक कर्जवाटपात रत्नागिरी जिल्हा राज्यात दुसरा,1.35,16.67,0,8.54
sample_00751,D:\marathi-asr\data\vistaar_benchmarks\kathbath\marathi\wavs\844424932311928-980-f.wav,गेल्या दोन दिवसांत पंधरा ते वीस गाड्यांवर कारवाई करून गाड्या जप्त केल्या आहेत,गेल्या दोन दिवसांत पंधरा ते वीस गाड्यांवर कारवाई करून गाड्या जप्त केल्या आहेत,गेल्या दोन दिवसांत पंधरा ते वीस गाड्यांवर कारवाई करून गाड्या जप्त केल्या आहेत,गेल्या दोन दिवसांत पंधरा ते वीस गाड्यांवर कारवाई करून गाड्या जप्त केल्या आहेत,0.0,0.0,1,5.6
sample_00752,D:\marathi-asr\data\vistaar_benchmarks\kathbath\marathi\wavs\844424930902768-715-f.wav,पण दहा हजारांपैकी नऊ हजार पाचशे गेल्यावर कसे वाटेल तसे वाटत होते,पण दहा हजारांपैकी नऊ हजार पाचशे गेल्यावर कसे वाटेल तसे वाटत होते,पण दहा हजारांपैकी नऊ हजार पाचशे गेल्यावर कसे वाटेल तसे वाटत होते,पण दहा हजारांपैकी नऊ हजार पाचशे गेल्यावर कसे वाटेल तसे वाटत होते,0.0,0.0,1,5.83
sample_00753,D:\marathi-asr\data\vistaar_benchmarks\kathbath\marathi\wavs\844424932311864-980-f.wav,पण स्थानिक खासदार १४ पैकी केवळ दोन गावांना सोबत घेऊन या प्रकल्पाला विरोध करत आहेत,पण स्थानिक खासदार चौदापैकी केवळ दोन गावांना सोबत घेऊन या प्रकल्पाला विरोध करत आहेत,पण स्थानिक खासदार १४ पैकी केवळ दोन गावांना सोबत घेऊन या प्रकल्पाला विरोध करत आहेत,पण स्थानिक खासदार चौदापैकी केवळ दोन गावांना सोबत घेऊन या प्रकल्पाला विरोध करत आहेत,4.94,13.33,0,6.29
sample_00754,D:\marathi-asr\data\vistaar_benchmarks\kathbath\marathi\wavs\844424932311911-980-f.wav,आमच्यासाठी जे घडवले आहे ते प्रदर्शित करण्याची ही एक सुनियंत्र संधी आहे,त्याच्यासाठी जे घडवले आहे ते प्रदर्शित करण्याची ही एक सुनियंत्र संधी आहे,आमच्यासाठी जे घडवले आहे ते प्रदर्शित करण्याची ही एक सुनियंत्र संधी आहे,त्याच्यासाठी जे घडवले आहे ते प्रदर्शित करण्याची ही एक सुनियंत्र संधी आहे,5.71,8.33,0,5.27
sample_00755,D:\marathi-asr\data\vistaar_benchmarks\kathbath\marathi\wavs\844424932484440-573-f.wav,त्यामुळे या संपाचा फटका देशातल्या प्रमुख शहरातल्या प्रवाशांना बसणार आहे,त्यामुळे या संपाांचा फटका देशातल्या प्रमुख शहरातल्या प्रवाशांना बसणार आहे,त्यामुळे या संपाचा फटका देशातल्या प्रमुख शहरातल्या प्रवाशांना बसणार आहे,त्यामुळे या संपाांचा फटका देशातल्या प्रमुख शहरातल्या प्रवाशांना बसणार आहे,2.82,10.0,0,6.59
sample_00756,D:\marathi-asr\data\vistaar_benchmarks\kathbath\marathi\wavs\844424930875921-954-f.wav,आता दोघांवरही या महामुकाबल्यात भारतीय संघाला चांगली सुरुवात करून देण्याची जबाबदारी आहे,आता दोघांवरही या महामुकाबल्यात भारतीय संघाला चांगली सुरुवात करून देण्याची जबाबदारी आहे,आता दोघांवरही या महामुकाबल्यात भारतीय संघाला चांगली सुरुवात करून देण्याची जबाबदारी आहे,आता दोघांवरही या महामुकाबल्यात भारतीय संघाला चांगली सुरुवात करून देण्याची जबाबदारी आहे,0.0,0.0,1,6.85
sample_00757,D:\marathi-asr\data\vistaar_benchmarks\kathbath\marathi\wavs\844424932266663-980-f.wav,मुख्यमंत्री माझ्याच व्यासपीठावर असणार आहेत हे मला माहीत नव्हते,मुख्यमंत्री माझ्याच व्यासपीठावर असणार आहेत हे मला माहीत नव्हते,मुख्यमंत्री माझ्याच व्यासपीठावर असणार आहेत हे मला माहीत नव्हते,मुख्यमंत्री माझ्याच व्यासपीठावर असणार आहेत हे मला माहीत नव्हते,0.0,0.0,1,4.18
sample_00758,D:\marathi-asr\data\vistaar_benchmarks\kathbath\marathi\wavs\844424930573364-737-f.wav,भ्रष्टाचार करून रस्त्यांची कामे करायची असेच काम गेल्या अनेक वर्षापासून सुरू आहे,भ्रष्टाचार करून रस्त्यांची कामे करायची असेच काम गेल्या अनेक वर्षांपासून सुरू आहे,भ्रष्टाचार करून रस्त्यांची कामे करायची असेच काम गेल्या अनेक वर्षापासून सुरू आहे,भ्रष्टाचार करून रस्त्यांची कामे करायची असेच काम गेल्या अनेक वर्षांपासून सुरू आहे,1.27,8.33,0,6.18
sample_00759,D:\marathi-asr\data\vistaar_benchmarks\kathbath\marathi\wavs\844424931570545-236-f.wav,विधानसभा निवडणुकांसाठी सकाळपासूनच मतदान करण्यासाठी विविध मतदान केंद्रांवर नागरिकांनी तुरळक गर्दी केली होती,विधानसभा निवडणुकांसाठी सकाळपासूनच मतदान करण्यासाठी विविध मतदान केंद्रांवर नागरिकांनी तुरळक गर्दी केली होती,विधानसभा निवडणुकांसाठी सकाळपासूनच मतदान करण्यासाठी विविध मतदान केंद्रांवर नागरिकांनी तुरळक गर्दी केली होती,विधानसभा निवडणुकांसाठी सकाळपासूनच मतदान करण्यासाठी विविध मतदान केंद्रांवर नागरिकांनी तुरळक गर्दी केली होती,0.0,0.0,1,10.19
sample_00760,D:\marathi-asr\data\vistaar_benchmarks\kathbath\marathi\wavs\844424930573294-737-f.wav,ही सरासरी इतर कोणत्याही १९ वर्षांखालील क्रिकेट संघापेक्षा जास्त आहे,ही सरासरी इतर कोणत्याही एकोणीस वर्षांखालील क्रिकेट संघापेक्षा जास्त आहे,ही सरासरी इतर कोणत्याही १९ वर्षांखालील क्रिकेट संघापेक्षा जास्त आहे,ही सरासरी इतर कोणत्याही एकोणीस वर्षांखालील क्रिकेट संघापेक्षा जास्त आहे,8.96,10.0,0,6.27
sample_00761,D:\marathi-asr\data\vistaar_benchmarks\kathbath\marathi\wavs\844424932330051-980-f.wav,ज्वालाने देशाच्या सर्वोच्च नागरी सन्मानाच्या निवड प्रक्रीयेवर प्रश्नचिन्ह निर्माण केलं आहे,ज्वालाने देशाच्या सर्वोच्च नागरी सन्मानाच्या निवड प्रक्रियेवर प्रश्नचिन्ह निर्माण केलं आहे,ज्वालाने देशाच्या सर्वोच्च नागरी सन्मानाच्या निवड प्रक्रीयेवर प्रश्नचिन्ह निर्माण केलं आहे,ज्वालाने देशाच्या सर्वोच्च नागरी सन्मानाच्या निवड प्रक्रियेवर प्रश्नचिन्ह निर्माण केलं आहे,1.11,9.09,0,6.22
sample_00762,D:\marathi-asr\data\vistaar_benchmarks\kathbath\marathi\wavs\844424931130694-933-f.wav,शत्रूचा कडवा प्रतिकार करीत असताना एक तोफगोळा जवळच फुटल्याने शर्मांस वीर मरण आले,शत्रूचा कडवा प्रतिकार करीत असताना एक तोपगोळा जवळच फुटल्याने शर्मास वीरमरण आले,शत्रूचा कडवा प्रतिकार करीत असताना एक तोफगोळा जवळच फुटल्याने शर्मांस वीर मरण आले,शत्रूचा कडवा प्रतिकार करीत असताना एक तोपगोळा जवळच फुटल्याने शर्मास वीरमरण आले,3.8,30.77,0,5.5
sample_00763,D:\marathi-asr\data\vistaar_benchmarks\kathbath\marathi\wavs\844424930875848-954-f.wav,संपाचा फटका सर्वसामान्य लोकांना बसू नये म्हणून बेस्टने जादा गाड्या सोडल्या आहेत,संपाचा फटका सर्वसामान्य लोकांना बसू नये म्हणून बेस्टने जादा गाड्या सोडल्या आहेत,संपाचा फटका सर्वसामान्य लोकांना बसू नये म्हणून बेस्टने जादा गाड्या सोडल्या आहेत,संपाचा फटका सर्वसामान्य लोकांना बसू नये म्हणून बेस्टने जादा गाड्या सोडल्या आहेत,0.0,0.0,1,6.59
sample_00764,D:\marathi-asr\data\vistaar_benchmarks\kathbath\marathi\wavs\844424930573318-737-f.wav,या प्रकल्पाला स्थानिकांनी केलेल्या तीव्र विरोधामुळे सरकारने हा निर्णय घेतला आहे,या प्रकल्पाला स्थानिकांनी केलेल्या तीव्र विरोधामुळे सरकारने हा निर्णय घेतला आहे,या प्रकल्पाला स्थानिकांनी केलेल्या तीव्र विरोधामुळे सरकारने हा निर्णय घेतला आहे,या प्रकल्पाला स्थानिकांनी केलेल्या तीव्र विरोधामुळे सरकारने हा निर्णय घेतला आहे,0.0,0.0,1,5.8
sample_00765,D:\marathi-asr\data\vistaar_benchmarks\kathbath\marathi\wavs\844424930557211-737-f.wav,धुळे येथे राहणाऱ्या या बाळाच्या आईने बाळाला वैद्यकीय उपचार मिळावेत यासाठी खूप ठिकाणी धावपळ केली,धुळे येथे राहणाऱ्या या बाळाच्या आईने बाळाला वैद्यकीय उपचार मिळावेत यासाठी खूप ठिकाणी धावपळ केली,धुळे येथे राहणाऱ्या या बाळाच्या आईने बाळाला वैद्यकीय उपचार मिळावेत यासाठी खूप ठिकाणी धावपळ केली,धुळे येथे राहणाऱ्या या बाळाच्या आईने बाळाला वैद्यकीय उपचार मिळावेत यासाठी खूप ठिकाणी धावपळ केली,2.08,6.67,0,7.83
sample_00766,D:\marathi-asr\data\vistaar_benchmarks\kathbath\marathi\wavs\844424932337131-809-f.wav,त्यानंतर शहर पोलिसांनी त्यांच्याविरोधात पोलिसांत गुन्हा दाखल करून अधटराव यांना अटकही केलेली आहे,त्यानंतर शहर पोलिसांनी त्यांच्याविरोधात पोलिसांात गुन्हा दाखल करून अधटराव यांना अटक केली आहे,त्यानंतर शहर पोलिसांनी त्यांच्याविरोधात पोलिसांत गुन्हा दाखल करून अधटराव यांना अटकही केलेली आहे,त्यानंतर शहर पोलिसांनी त्यांच्याविरोधात पोलिसांात गुन्हा दाखल करून अधटराव यांना अटक केली आहे,5.26,23.08,0,9.17
sample_00767,D:\marathi-asr\data\vistaar_benchmarks\kathbath\marathi\wavs\844424932823378-715-f.wav,पण स्वतंत्र प्रशासकीय सेवेची मागणी करणे ही बाब मात्र तशी नाही,पण स्वतंत्र प्रशासकीय सेवेची मागणी करणे ही बाब मात्र तशी नाही,पण स्वतंत्र प्रशासकीय सेवेची मागणी करणे ही बाब मात्र तशी नाही,पण स्वतंत्र प्रशासकीय सेवेची मागणी करणे ही बाब मात्र तशी नाही,0.0,0.0,1,5.46
sample_00768,D:\marathi-asr\data\vistaar_benchmarks\kathbath\marathi\wavs\844424932330054-980-f.wav,याच्या सुरक्षेसाठी कॉर्निंग गोरिला ग्लास ५ चा वापर केला आहे,यांच्या सुरक्षेसाठी कॉर्निंगोरिला ग्लास पाचचा वापर केला आहे,याच्या सुरक्षेसाठी कॉर्निंग गोरिला ग्लास ५ चा वापर केला आहे,यांच्या सुरक्षेसाठी कॉर्निंगोरिला ग्लास पाचचा वापर केला आहे,10.17,50.0,0,4.97
sample_00769,D:\marathi-asr\data\vistaar_benchmarks\kathbath\marathi\wavs\844424930557221-737-f.wav,अगदी २ वर्षे पाण्यात राहणारे चतुरांचे डिंभ पण आहेतच,अगदी दोन वर्षे पाण्यात राहणारे चतुरांचे डिंब पण आहेतच,अगदी २ वर्षे पाण्यात राहणारे चतुरांचे डिंभ पण आहेतच,अगदी दोन वर्षे पाण्यात राहणारे चतुरांचे डिंब पण आहेतच,7.84,22.22,0,5.06
sample_00770,D:\marathi-asr\data\vistaar_benchmarks\kathbath\marathi\wavs\844424932372212-132-f.wav,त्यासोबतच सई ताम्हणकर आणि वैभव तत्त्ववादी यांचेही फोटो त्यांनी शेअर केले आहेत,त्यासोबतच सई तामणकर आणि वैभव तत्त्ववादी यांचेही फोटो त्यांनी शेअर केले आहेत,त्यासोबतच सई ताम्हणकर आणि वैभव तत्त्ववादी यांचेही फोटो त्यांनी शेअर केले आहेत,त्यासोबतच सई तामणकर आणि वैभव तत्त्ववादी यांचेही फोटो त्यांनी शेअर केले आहेत,2.6,8.33,0,7.11
sample_00771,D:\marathi-asr\data\vistaar_benchmarks\kathbath\marathi\wavs\844424931570510-236-f.wav,हे असे पदार्थ आहेत जे शरीराला सर्वात जास्त वेळ संपृक्तता आणि लाभ प्रदान करतात,हे असे पदार्थ आहेत जे शरीराला सर्वात जास्त वेळ संपृक्तता आणि लाभ प्रदान करतात,हे असे पदार्थ आहेत जे शरीराला सर्वात जास्त वेळ संपृक्तता आणि लाभ प्रदान करतात,हे असे पदार्थ आहेत जे शरीराला सर्वात जास्त वेळ संपृक्तता आणि लाभ प्रदान करतात,0.0,0.0,1,8.78
sample_00772,D:\marathi-asr\data\vistaar_benchmarks\kathbath\marathi\wavs\844424931570558-236-f.wav,एसटी कर्मचार्यांनी वेतनवाढीसाठी आंदोलन केले म्हणून त्यांच्याविरूद्ध सरकारचा राग आहे,एसटी कर्मचाऱ्यांनी वेतनवाढीसाठी आंदोलन केले म्हणून त्यांच्याविरुद्ध सरकारचा राग आहे,एसटी कर्मचार्यांनी वेतनवाढीसाठी आंदोलन केले म्हणून त्यांच्याविरूद्ध सरकारचा राग आहे,एसटी कर्मचाऱ्यांनी वेतनवाढीसाठी आंदोलन केले म्हणून त्यांच्याविरुद्ध सरकारचा राग आहे,2.41,20.0,0,6.92
sample_00773,D:\marathi-asr\data\vistaar_benchmarks\kathbath\marathi\wavs\844424930906963-972-f.wav,राष्ट्रवादीचे नेते एकनाथ खडसे उपचारांसाठी मुंबईकडे रवाना झाले आहेत,राष्ट्रवादीचे नेते एकनाथ खडसे उपचारासाठी मुंबईकडे रवाना झाले आहेत,राष्ट्रवादीचे नेते एकनाथ खडसे उपचारांसाठी मुंबईकडे रवाना झाले आहेत,राष्ट्रवादीचे नेते एकनाथ खडसे उपचारासाठी मुंबईकडे रवाना झाले आहेत,1.52,11.11,0,6.04
sample_00774,D:\marathi-asr\data\vistaar_benchmarks\kathbath\marathi\wavs\844424930902760-715-f.wav,मला ही गोष्ट माझ्या आई आणि मावशी विमला गुजराल यांनी सांगितली होती,मला ही गोष्ट माझ्या आई मावशी विमला गुजरात यांनी सांगितली होती,मला ही गोष्ट माझ्या आई आणि मावशी विमला गुजराल यांनी सांगितली होती,मला ही गोष्ट माझ्या आई मावशी विमला गुजरात यांनी सांगितली होती,7.69,16.67,0,4.11
sample_00775,D:\marathi-asr\data\vistaar_benchmarks\kathbath\marathi\wavs\844424931570603-236-f.wav,या निवडणुका म्हणजे पंतप्रधान नरेंद्र मोदी यांच्या सरकारची पूर्वपरीक्षा असेल,या निवडणुका म्हणजे पंतप्रधान नरेंद्र मोदी यांच्या सरकारची पूर्वपरीक्षा असेल,या निवडणुका म्हणजे पंतप्रधान नरेंद्र मोदी यांच्या सरकारची पूर्वपरीक्षा असेल,या निवडणुका म्हणजे पंतप्रधान नरेंद्र मोदी यांच्या सरकारची पूर्वपरीक्षा असेल,0.0,0.0,1,5.99
sample_00776,D:\marathi-asr\data\vistaar_benchmarks\kathbath\marathi\wavs\844424932823403-715-f.wav,गडकोट किल्ले हे तर छत्रपती शिवाजी महाराजांच्या इतिहासाचे साक्षीदारच आहेत,गडकोट किल्ले हे तर छत्रपती शिवाजी महाराजांच्या इतिहासाचे साक्षीदारच आहेत,गडकोट किल्ले हे तर छत्रपती शिवाजी महाराजांच्या इतिहासाचे साक्षीदारच आहेत,गडकोट किल्ले हे तर छत्रपती शिवाजी महाराजांच्या इतिहासाचे साक्षीदारच आहेत,0.0,0.0,1,5.87
sample_00777,D:\marathi-asr\data\vistaar_benchmarks\kathbath\marathi\wavs\844424932262431-809-f.wav,लेबनॉनमधून झालेला हल्ला हा पॅलेस्टिनी नागरिकांनी केला असल्याचा दावा करण्यात येत आहे,लेबनॉनमधून झालेला हल्ला हा पॉलिस्टीन नागरिकांनी केलेला असल्याचा दावा करण्यात येत आहे,लेबनॉनमधून झालेला हल्ला हा पॅलेस्टिनी नागरिकांनी केला असल्याचा दावा करण्यात येत आहे,लेबनॉनमधून झालेला हल्ला हा पॉलिस्टीन नागरिकांनी केलेला असल्याचा दावा करण्यात येत आहे,7.23,16.67,0,8.1
sample_00778,D:\marathi-asr\data\vistaar_benchmarks\kathbath\marathi\wavs\844424931130705-933-f.wav,त्यांचे सद्विचार जाणून घेण्यासाठी लोकमत भक्ती या युट्युब चॅनेलला सबस्क्राईब करा आणि फॉलो करा,त्यांचे सद्विचार जाणून घेण्यासाठी लोकमत भक्ती या यूट्यूब चॅनेलला सबस्क्राईब करा आणि फॉलो करा,त्यांचे सद्विचार जाणून घेण्यासाठी लोकमत भक्ती या युट्युब चॅनेलला सबस्क्राईब करा आणि फॉलो करा,त्यांचे सद्विचार जाणून घेण्यासाठी लोकमत भक्ती या यूट्यूब चॅनेलला सबस्क्राईब करा आणि फॉलो करा,2.17,7.14,0,6.64
sample_00779,D:\marathi-asr\data\vistaar_benchmarks\kathbath\marathi\wavs\844424932266672-980-f.wav,बुधवारी विवेक ओबेरॉयला जीवे मारण्याची धमकी आल्याची माहिती सूत्रांकडून मिळाली आहे,बुधवारी विवेक ओबेरॉयला जेवे मारण्याची धमकी आल्याची माहिती सूत्रांकडून मिळाली आहे,बुधवारी विवेक ओबेरॉयला जीवे मारण्याची धमकी आल्याची माहिती सूत्रांकडून मिळाली आहे,बुधवारी विवेक ओबेरॉयला जेवे मारण्याची धमकी आल्याची माहिती सूत्रांकडून मिळाली आहे,1.25,9.09,0,6.18
sample_00780,D:\marathi-asr\data\vistaar_benchmarks\kathbath\marathi\wavs\844424932262393-809-f.wav,डिसेंबर महिन्याच्या झालेल्या महासभेत नगरसेवकांनी अनेक विषयांवर प्रशासनाला धारेवर धरले,डिसेंबर महिन्याच्या झालेल्या महासभेत नगरसेवकांनी अनेक विषयांवर प्रशासनाला धारेवर धरले,डिसेंबर महिन्याच्या झालेल्या महासभेत नगरसेवकांनी अनेक विषयांवर प्रशासनाला धारेवर धरले,डिसेंबर महिन्याच्या झालेल्या महासभेत नगरसेवकांनी अनेक विषयांवर प्रशासनाला धारेवर धरले,0.0,0.0,1,10.38
sample_00781,D:\marathi-asr\data\vistaar_benchmarks\kathbath\marathi\wavs\844424932337160-809-f.wav,मात्र घराचे बांधकाम अपूर्ण असताना बांधकाम व्यावसायिक कामासाठी आणखी पैशांची मागणी करू लागला आहे,मात्र घराचे बांधकाम अपूर्ण असताना बांधकाम व्यावसायिक कामासाठी आणखीन पैशांची मागणी करू लागल्या आहे,मात्र घराचे बांधकाम अपूर्ण असताना बांधकाम व्यावसायिक कामासाठी आणखी पैशांची मागणी करू लागला आहे,मात्र घराचे बांधकाम अपूर्ण असताना बांधकाम व्यावसायिक कामासाठी आणखीन पैशांची मागणी करू लागल्या आहे,3.19,14.29,0,11.4
sample_00782,D:\marathi-asr\data\vistaar_benchmarks\kathbath\marathi\wavs\844424931570560-236-f.wav,त्यामळे बुर्हाणनगरवरील कर्डिले यांची एकहाती सत्ता कायम राहिली आहे,त्यामुळे बुरहान नगरावरील कार्डिले यांची एखााती सत्ता कायम राहिली आहे,त्यामळे बुर्हाणनगरवरील कर्डिले यांची एकहाती सत्ता कायम राहिली आहे,त्यामुळे बुरहान नगरावरील कार्डिले यांची एखााती सत्ता कायम राहिली आहे,12.31,55.56,0,6.76
sample_00783,D:\marathi-asr\data\vistaar_benchmarks\kathbath\marathi\wavs\844424932823429-715-f.wav,देशातल्या सर्वात स्वच्छ शहरांच्या यादीत नवी मुंबई शहराने तिसरं रँकिंग प्राप्त केलं आहे,देशातल्या सर्वात स्वच्छ शहरांच्या यादीत नवी मुंबई शहरांनी तिसरं रॅकिंग प्राप्त केलं आहे,देशातल्या सर्वात स्वच्छ शहरांच्या यादीत नवी मुंबई शहराने तिसरं रँकिंग प्राप्त केलं आहे,देशातल्या सर्वात स्वच्छ शहरांच्या यादीत नवी मुंबई शहरांनी तिसरं रॅकिंग प्राप्त केलं आहे,3.49,15.38,0,6.73
sample_00784,D:\marathi-asr\data\vistaar_benchmarks\kathbath\marathi\wavs\844424930834583-954-f.wav,सरकारी हस्तक्षेप लांबणीवर पडल्याने सध्या बाजारात कांदा भाव खात आहे,सरकारी हस्तक्षेप लांबणीवर पडलेल्या सध्या बाजारात कांदा भाव खात आहे,सरकारी हस्तक्षेप लांबणीवर पडल्याने सध्या बाजारात कांदा भाव खात आहे,सरकारी हस्तक्षेप लांबणीवर पडलेल्या सध्या बाजारात कांदा भाव खात आहे,6.06,10.0,0,5.76
sample_00785,D:\marathi-asr\data\vistaar_benchmarks\kathbath\marathi\wavs\844424930573327-737-f.wav,त्यावरून त्यांनी आपले आधार कार्ड गिरगावातील एका राष्ट्रीयीकृत बँकेच्या शाखेशी जोडले असल्याचे समजते,तावरंतांनी आपले आधार कार्ड गिरगावातील एका राष्ट्रीयकृत बँकेच्या शाखेशी जोडले असल्याचे समजते,त्यावरून त्यांनी आपले आधार कार्ड गिरगावातील एका राष्ट्रीयीकृत बँकेच्या शाखेशी जोडले असल्याचे समजते,तावरंतांनी आपले आधार कार्ड गिरगावातील एका राष्ट्रीयकृत बँकेच्या शाखेशी जोडले असल्याचे समजते,8.16,23.08,0,6.85
sample_00786,D:\marathi-asr\data\vistaar_benchmarks\kathbath\marathi\wavs\844424932330015-980-f.wav,अशी व्यवस्था करता येईल का असाही विचार केला जात आहे,अशी व्यवस्था करता येईल का असाही विचार केला जात आहे,अशी व्यवस्था करता येईल का असाही विचार केला जात आहे,अशी व्यवस्था करता येईल का असाही विचार केला जात आहे,0.0,0.0,1,4.39
sample_00787,D:\marathi-asr\data\vistaar_benchmarks\kathbath\marathi\wavs\844424932337171-809-f.wav,यामध्ये राज्यात सुमारे पाच हजारपेक्षा जास्त शिक्षक बोगस आढळले होते,यामध्ये राज्यात सुमारे पाच हजारपेक्षा जास्त शिक्षक बोगस आढळले होते,यामध्ये राज्यात सुमारे पाच हजारपेक्षा जास्त शिक्षक बोगस आढळले होते,यामध्ये राज्यात सुमारे पाच हजारपेक्षा जास्त शिक्षक बोगस आढळले होते,0.0,0.0,1,7.41
sample_00788,D:\marathi-asr\data\vistaar_benchmarks\kathbath\marathi\wavs\844424931570562-236-f.wav,जेणेकरून पुढे इमारतीचा भक्कमपणा टिकून इमारत कोसळण्याचे प्रकार कमी होतील,जेणेकरून पुढे इमारतीचा भक्कंपना टिकून इमारत कोसळण्याचे प्रकार कमी होतील,जेणेकरून पुढे इमारतीचा भक्कमपणा टिकून इमारत कोसळण्याचे प्रकार कमी होतील,जेणेकरून पुढे इमारतीचा भक्कंपना टिकून इमारत कोसळण्याचे प्रकार कमी होतील,2.82,10.0,0,6.46
sample_00789,D:\marathi-asr\data\vistaar_benchmarks\kathbath\marathi\wavs\844424930875831-954-f.wav,जाणून घेऊया काही रुचकर आणि पौष्टिक गोड पदार्थांच्या पाककृती,जाणून घेऊया काही रुचकर आणि पौष्टिक गोड पदार्थांच्या पाककृती,जाणून घेऊया काही रुचकर आणि पौष्टिक गोड पदार्थांच्या पाककृती,जाणून घेऊया काही रुचकर आणि पौष्टिक गोड पदार्थांच्या पाककृती,0.0,0.0,1,5.34
sample_00790,D:\marathi-asr\data\vistaar_benchmarks\kathbath\marathi\wavs\844424932828576-933-f.wav,नुकत्याच पडून गेलेल्या पावसानं जंगलाला एक ताजा सुवास येत होता,नुकत्याच पडून गेलेल्या पावसानं जंगलाला एक ताजा सुवास येत होता,नुकत्याच पडून गेलेल्या पावसानं जंगलाला एक ताजा सुवास येत होता,नुकत्याच पडून गेलेल्या पावसानं जंगलाला एक ताजा सुवास येत होता,0.0,0.0,1,4.48
sample_00791,D:\marathi-asr\data\vistaar_benchmarks\kathbath\marathi\wavs\844424932262412-809-f.wav,त्याचबरोबर तेथील स्थानिक शेतकरी यावेळी त्यांच्या उत्पादनाचे प्रदर्शन करतील,त्याचबरोबर येथील स्थानिक शेतकरी यावेळी त्यांच्या उत्पादनाचे प्रदर्शन करतील,त्याचबरोबर तेथील स्थानिक शेतकरी यावेळी त्यांच्या उत्पादनाचे प्रदर्शन करतील,त्याचबरोबर येथील स्थानिक शेतकरी यावेळी त्यांच्या उत्पादनाचे प्रदर्शन करतील,1.35,11.11,0,8.87
sample_00792,D:\marathi-asr\data\vistaar_benchmarks\kathbath\marathi\wavs\844424930557235-737-f.wav,अश्विनी बिद्रे गायब होण्यामागे वरिष्ठ पोलिस अधिकारी अभय कुरुंदकर यांचा हात असल्याचा आरोप आहे,अश्विनी बिद्रे गायब होण्यामागे वरिष्ठ पोिस अधिकारी अभय कुरुंदकर यांचा हात असल्याचा आरोप आहे,अश्विनी बिद्रे गायब होण्यामागे वरिष्ठ पोलिस अधिकारी अभय कुरुंदकर यांचा हात असल्याचा आरोप आहे,अश्विनी बिद्रे गायब होण्यामागे वरिष्ठ पोिस अधिकारी अभय कुरुंदकर यांचा हात असल्याचा आरोप आहे,1.09,7.14,0,7.52
sample_00793,D:\marathi-asr\data\vistaar_benchmarks\kathbath\marathi\wavs\844424932823334-715-f.wav,यावेळी येथील गावकरी व अरण्यविभाग आदींनी मगरीचा शोध घेऊन मगरीला जेरबंद केले,यावेळी येथील गावकरी व अरण्य विभाग आदींनी मगरीचा शोध घेऊन मगरीला जेरबंद केले,यावेळी येथील गावकरी व अरण्यविभाग आदींनी मगरीचा शोध घेऊन मगरीला जेरबंद केले,यावेळी येथील गावकरी व अरण्य विभाग आदींनी मगरीचा शोध घेऊन मगरीला जेरबंद केले,1.35,16.67,0,7.5
sample_00794,D:\marathi-asr\data\vistaar_benchmarks\kathbath\marathi\wavs\844424930573329-737-f.wav,म्हणजेच आधीच्या तुलनेत ही वैधता २९ दिवसाने कमी केली आहे,म्हणजेच आधीच्या तुलनेत ही वैधता एकोणतीस दिवसांनी कमी केली आहे,म्हणजेच आधीच्या तुलनेत ही वैधता २९ दिवसाने कमी केली आहे,म्हणजेच आधीच्या तुलनेत ही वैधता एकोणतीस दिवसांनी कमी केली आहे,16.36,20.0,0,5.09
sample_00795,D:\marathi-asr\data\vistaar_benchmarks\kathbath\marathi\wavs\844424932337163-809-f.wav,ग्रामसेवक संघटनेने मीना यांच्या कार्यपद्धतीविरोधात असहकार आंदोलन पुकारून त्यांच्या बदलीसाठी आक्रमक पवित्रा घेतला होता,ग्रामसेवक संघटनेने मीना यांच्या कार्यपद्धतीविरोधात असकार आंदोलन पुकारून त्यांच्या बदलीसाठी आक्रमक पवित्रा घेतला होता,ग्रामसेवक संघटनेने मीना यांच्या कार्यपद्धतीविरोधात असहकार आंदोलन पुकारून त्यांच्या बदलीसाठी आक्रमक पवित्रा घेतला होता,ग्रामसेवक संघटनेने मीना यांच्या कार्यपद्धतीविरोधात असकार आंदोलन पुकारून त्यांच्या बदलीसाठी आक्रमक पवित्रा घेतला होता,0.85,7.14,0,12.49
sample_00796,D:\marathi-asr\data\vistaar_benchmarks\kathbath\marathi\wavs\844424930557201-737-f.wav,परीक्षेमधील प्रश्नपत्रिकेत विचारलेले अत्यंत कठीण प्रश्न उच्च शिक्षितांनाही सोडवता येणार नाहीत असे होते,परीक्षेमध्ये प्रश्नपत्रिकेत विचारलेले अत्यंत कठीण प्रश्न उच्च शिक्षितांनाही सोडवता येणार नाहीत असे होते,परीक्षेमधील प्रश्नपत्रिकेत विचारलेले अत्यंत कठीण प्रश्न उच्च शिक्षितांनाही सोडवता येणार नाहीत असे होते,परीक्षेमध्ये प्रश्नपत्रिकेत विचारलेले अत्यंत कठीण प्रश्न उच्च शिक्षितांनाही सोडवता येणार नाहीत असे होते,2.94,7.69,0,8.8
sample_00797,D:\marathi-asr\data\vistaar_benchmarks\kathbath\marathi\wavs\844424932828565-933-f.wav,हिंगणघाटमधल्या जळीत प्रकरणाने सर्व राज्य हादरून गेलं होतं,हिंगणघाटमधल्या जळीत प्रकरणाने सर्व राज्य हादरून गेलं होतं,हिंगणघाटमधल्या जळीत प्रकरणाने सर्व राज्य हादरून गेलं होतं,हिंगणघाटमधल्या जळीत प्रकरणाने सर्व राज्य हादरून गेलं होतं,0.0,0.0,1,4.78
sample_00798,D:\marathi-asr\data\vistaar_benchmarks\kathbath\marathi\wavs\844424930875897-954-f.wav,त्यासाठी कोणत्याही प्रकारचा स्वतंत्र अर्ज सादर करण्याचे शासनाचे आदेश नाहीत,त्यासाठी कोणत्याही प्रकारचा स्वतंत्र्य अर्ज सादर करण्याचे शासनाचे आदेश नाही,त्यासाठी कोणत्याही प्रकारचा स्वतंत्र अर्ज सादर करण्याचे शासनाचे आदेश नाहीत,त्यासाठी कोणत्याही प्रकारचा स्वतंत्र्य अर्ज सादर करण्याचे शासनाचे आदेश नाही,4.05,20.0,0,5.97
sample_00799,D:\marathi-asr\data\vistaar_benchmarks\kathbath\marathi\wavs\844424930573324-737-f.wav,समाप्ती घेतले पाच श्रेणी एक खाली ठेवले लष्करी आयडी आहे कोणताही नागरिक,समाप्ती घेतले पाच श्रेणी एक खाली ठेवले लष्करी आयडी आहे कोणताही नागरिक,समाप्ती घेतले पाच श्रेणी एक खाली ठेवले लष्करी आयडी आहे कोणताही नागरिक,समाप्ती घेतले पाच श्रेणी एक खाली ठेवले लष्करी आयडी आहे कोणताही नागरिक,0.0,0.0,1,6.59
sample_00800,D:\marathi-asr\data\vistaar_benchmarks\kathbath\marathi\wavs\844424930834570-954-f.wav,पुढील संभाव्य गुंतागुंत स्तन ग्रंथीमध्ये सीलचे स्वरूप आहे,पुढील स्वभाव्य गुंतागुत स्तन ग्रंथीमध्ये सिीलचे स्वरूप आहे,पुढील संभाव्य गुंतागुंत स्तन ग्रंथीमध्ये सीलचे स्वरूप आहे,पुढील स्वभाव्य गुंतागुत स्तन ग्रंथीमध्ये सिीलचे स्वरूप आहे,7.02,37.5,0,5.76
sample_00801,D:\marathi-asr\data\vistaar_benchmarks\kathbath\marathi\wavs\844424931570518-236-f.wav,सत्ता स्थापनेसाठी झालेल्या वाटाघाटीनुसार यंदा भाजपाला सभापती पद मिळणार होते,सत्ता स्थापनेसाठी झालेल्या वाटाघाटीनुसार यंदा भाजपाला सभापतीपद मिळणार होते,सत्ता स्थापनेसाठी झालेल्या वाटाघाटीनुसार यंदा भाजपाला सभापती पद मिळणार होते,सत्ता स्थापनेसाठी झालेल्या वाटाघाटीनुसार यंदा भाजपाला सभापतीपद मिळणार होते,1.33,20.0,0,7.92
sample_00802,D:\marathi-asr\data\vistaar_benchmarks\kathbath\marathi\wavs\844424930557233-737-f.wav,निवडणूक आयोग पक्षपातीपणा करत असल्याचा गंभीर आरोप यावेळी काँग्रेस अध्यक्ष राहुल गांधी यांनी केला,निवडणूक आयोग पक्षपातीपणा करत असल्याचा गंभीर आरोप यावेळी काँग्रेस अध्यक्ष राहुल गांधी यांनी केला,निवडणूक आयोग पक्षपातीपणा करत असल्याचा गंभीर आरोप यावेळी काँग्रेस अध्यक्ष राहुल गांधी यांनी केला,निवडणूक आयोग पक्षपातीपणा करत असल्याचा गंभीर आरोप यावेळी काँग्रेस अध्यक्ष राहुल गांधी यांनी केला,0.0,0.0,1,7.24
sample_00803,D:\marathi-asr\data\vistaar_benchmarks\kathbath\marathi\wavs\844424930902751-715-f.wav,आरोपींनी संगनमत करून कशाचे तरी आमिष दाखवून मुलीला पळवून नेले,आरोपीने संगनमत करून कशाचे तरी आमिष दाखवून मुलीला पळवून नेले,आरोपींनी संगनमत करून कशाचे तरी आमिष दाखवून मुलीला पळवून नेले,आरोपीने संगनमत करून कशाचे तरी आमिष दाखवून मुलीला पळवून नेले,3.33,10.0,0,5.74
sample_00804,D:\marathi-asr\data\vistaar_benchmarks\kathbath\marathi\wavs\844424932823395-715-f.wav,त्यांनी रॉबर्ट मनी टेक्निकल हायस्कूल आणि कॉलेजमधून शिक्षण घेतलं,त्यांनी रॉबर्ट मनी टेक्निकल हायस्कूल आणि कॉलेजमधून शिक्षण घेतलं,त्यांनी रॉबर्ट मनी टेक्निकल हायस्कूल आणि कॉलेजमधून शिक्षण घेतलं,त्यांनी रॉबर्ट मनी टेक्निकल हायस्कूल आणि कॉलेजमधून शिक्षण घेतलं,0.0,0.0,1,5.11
sample_00805,D:\marathi-asr\data\vistaar_benchmarks\kathbath\marathi\wavs\844424930875903-954-f.wav,परिस्थितीमुळे तिचं जेमतेम शिक्षण त्या वेळच्या चौथीपर्यंत मांडवी परिसरातल्या नाना सुर्वे स्कूलमध्ये झालं,परिस्थितीमुळे तिचं जेमतेम शिक्षण त्यावेळेच्या चौथीपर्यंत मढवी परिसरातल्या नानासुर्वे स्कूलमध्ये झालं,परिस्थितीमुळे तिचं जेमतेम शिक्षण त्या वेळच्या चौथीपर्यंत मांडवी परिसरातल्या नाना सुर्वे स्कूलमध्ये झालं,परिस्थितीमुळे तिचं जेमतेम शिक्षण त्यावेळेच्या चौथीपर्यंत मढवी परिसरातल्या नानासुर्वे स्कूलमध्ये झालं,5.83,38.46,0,8.22
sample_00806,D:\marathi-asr\data\vistaar_benchmarks\kathbath\marathi\wavs\844424932337182-809-f.wav,अमेरिकेच्या आधुनिक अर्थव्यवस्थेला परिभाषित करणार्या अनेक महत्त्वपूर्ण कायदे आणि संस्था नवीन डील युगापर्यंत शोधू शकतात,अमेरिकेच्या आधुनिक अर्थव्यवस्थेला परिभाषित करणाऱ्या अनेक महत्त्वपूर्ण कायदे आणि संस्था नवीन डील युगापर्यंत शोधू शकतात,अमेरिकेच्या आधुनिक अर्थव्यवस्थेला परिभाषित करणार्या अनेक महत्त्वपूर्ण कायदे आणि संस्था नवीन डील युगापर्यंत शोधू शकतात,अमेरिकेच्या आधुनिक अर्थव्यवस्थेला परिभाषित करणाऱ्या अनेक महत्त्वपूर्ण कायदे आणि संस्था नवीन डील युगापर्यंत शोधू शकतात,0.85,6.67,0,11.8
sample_00807,D:\marathi-asr\data\vistaar_benchmarks\kathbath\marathi\wavs\844424930557202-737-f.wav,अनेक लोकांनी या युझरनने केलेल्या या भन्नाट तुलनेचे कौतुक केले आहे,अनेक लोकांनी या युझरने केलेल्या या भन्नात तुलनेचे कौतुक केले आहे,अनेक लोकांनी या युझरनने केलेल्या या भन्नाट तुलनेचे कौतुक केले आहे,अनेक लोकांनी या युझरने केलेल्या या भन्नात तुलनेचे कौतुक केले आहे,3.08,18.18,0,6.48
sample_00808,D:\marathi-asr\data\vistaar_benchmarks\kathbath\marathi\wavs\844424932311930-980-f.wav,युद्ध झालं तर भारताचं पारडं जड आहे असं मानलं जातंय,युद्ध झालं तर भारताचं पारडं जड आहे असं मानलं जातय,युद्ध झालं तर भारताचं पारडं जड आहे असं मानलं जातंय,युद्ध झालं तर भारताचं पारडं जड आहे असं मानलं जातय,2.0,10.0,0,3.58
sample_00809,D:\marathi-asr\data\vistaar_benchmarks\kathbath\marathi\wavs\844424930331383-60-m.wav,त्याच्या आईला आता बदल केवळ त्याच्यातच नाही तर सार्या विश्वातच होत आहे असे वाटते,त्यांच्या आईला आताबद्दल केवळ त्यांच्यातच नाही तर साऱ्या विश्वातच होत आहे असे वाटते,त्याच्या आईला आता बदल केवळ त्याच्यातच नाही तर सार्या विश्वातच होत आहे असे वाटते,त्यांच्या आईला आताबद्दल केवळ त्यांच्यातच नाही तर साऱ्या विश्वातच होत आहे असे वाटते,7.59,35.71,0,6.43
sample_00810,D:\marathi-asr\data\vistaar_benchmarks\kathbath\marathi\wavs\844424930746727-6-m.wav,बहीण भावाच्या स्नेहबंधनाचे पवित्र नाते जपणारा रक्षबांधन सगळीकडे साजरा होतो आहे,बहीणभावाच्या स्नेहबंधनाचे पवित्र नाते जपणारा रक्षाबंधन सगळीकडे साजरा होत आहे,बहीण भावाच्या स्नेहबंधनाचे पवित्र नाते जपणारा रक्षबांधन सगळीकडे साजरा होतो आहे,बहीणभावाच्या स्नेहबंधनाचे पवित्र नाते जपणारा रक्षाबंधन सगळीकडे साजरा होत आहे,5.13,36.36,0,8.96
sample_00811,D:\marathi-asr\data\vistaar_benchmarks\kathbath\marathi\wavs\844424930328984-60-m.wav,त्यामुळे या आजाराची लक्षणे आढळल्यास तात्काळ डॉक्टरांकडे जाणे गरजेचे आहे,त्यामुळे या आजाराची लक्षणे आढढळल्यास तात्काळ डॉक्टरांकडे जाणे गरजेचे आहे,त्यामुळे या आजाराची लक्षणे आढळल्यास तात्काळ डॉक्टरांकडे जाणे गरजेचे आहे,त्यामुळे या आजाराची लक्षणे आढढळल्यास तात्काळ डॉक्टरांकडे जाणे गरजेचे आहे,1.41,10.0,0,6.15
sample_00812,D:\marathi-asr\data\vistaar_benchmarks\kathbath\marathi\wavs\844424930329047-60-m.wav,रोहित शर्माने बेंगळुरूच्या टीमविरोधात यावर्षी जबरदस्त सुरुवात केली होती,रोहित शर्माने बेंगळुरूच्या टीमविरोधात यावर्षी जबरदस्त सुरुवात केली होती,रोहित शर्माने बेंगळुरूच्या टीमविरोधात यावर्षी जबरदस्त सुरुवात केली होती,रोहित शर्माने बेंगळुरूच्या टीमविरोधात यावर्षी जबरदस्त सुरुवात केली होती,0.0,0.0,1,4.69
sample_00813,D:\marathi-asr\data\vistaar_benchmarks\kathbath\marathi\wavs\844424930819815-6-m.wav,तसेच चाबहार बंदरात भाग घेण्याचे निमंत्रण चीन आणि पाकिस्तानला दिले आहे,तसेच चाबहार बंदरात भाग घेण्याचे निमंत्रण चीन आणि पाकिस्तानला दिले आहे,तसेच चाबहार बंदरात भाग घेण्याचे निमंत्रण चीन आणि पाकिस्तानला दिले आहे,तसेच चाबहार बंदरात भाग घेण्याचे निमंत्रण चीन आणि पाकिस्तानला दिले आहे,0.0,0.0,1,6.64
sample_00814,D:\marathi-asr\data\vistaar_benchmarks\kathbath\marathi\wavs\844424930746768-6-m.wav,तसेच या योजनेचा लाभ घेण्यासाठी रुग्णाला आधारकार्डची सक्ती असणार नाही,तसेच या योजनेचा लाभ घेण्यासाठी रुग्णाला आधार कार्डची सक्ती असणार नाही,तसेच या योजनेचा लाभ घेण्यासाठी रुग्णाला आधारकार्डची सक्ती असणार नाही,तसेच या योजनेचा लाभ घेण्यासाठी रुग्णाला आधार कार्डची सक्ती असणार नाही,1.47,20.0,0,7.71
sample_00815,D:\marathi-asr\data\vistaar_benchmarks\kathbath\marathi\wavs\844424930394091-60-m.wav,गेल्या काही महिन्यांपासून एअर इंडिया कार्बन उत्सर्जन कमी करण्यासाठी विविध उपाययोजना करत आहे,गेल्या काही महिन्यांपासून एअर इंडिया कार्बन उत्सर्जन कमी करण्यासाठी विविध उपाययोजना करत आहे,गेल्या काही महिन्यांपासून एअर इंडिया कार्बन उत्सर्जन कमी करण्यासाठी विविध उपाययोजना करत आहे,गेल्या काही महिन्यांपासून एअर इंडिया कार्बन उत्सर्जन कमी करण्यासाठी विविध उपाययोजना करत आहे,0.0,0.0,1,5.92
sample_00816,D:\marathi-asr\data\vistaar_benchmarks\kathbath\marathi\wavs\844424930394069-60-m.wav,पाचगणी आणि आजूबाजूच्या परिसरातील जमिनीच्या खरेदी विक्रीमध्ये मोठ्या प्रमाणमात बाहेरचे गुंड दहशत माजवतात,अिघणी आणि आजूबाजूच्या परिसरातील जमिनीच्या खरेदी विक्रीमध्ये मोठ्या प्रमाणात बाहेरचे गुंड दहशत माजवतात,पाचगणी आणि आजूबाजूच्या परिसरातील जमिनीच्या खरेदी विक्रीमध्ये मोठ्या प्रमाणमात बाहेरचे गुंड दहशत माजवतात,अिघणी आणि आजूबाजूच्या परिसरातील जमिनीच्या खरेदी विक्रीमध्ये मोठ्या प्रमाणात बाहेरचे गुंड दहशत माजवतात,4.85,15.38,0,7.17
sample_00817,D:\marathi-asr\data\vistaar_benchmarks\kathbath\marathi\wavs\844424930810096-6-m.wav,आता तो कुठून कुठून तिचे फोटो मिळवतो व मला पाठवतो,आता तो कुठून कुठून तिचे फोटो मिळवतो व मला पाठवतो,आता तो कुठून कुठून तिचे फोटो मिळवतो व मला पाठवतो,आता तो कुठून कुठून तिचे फोटो मिळवतो व मला पाठवतो,0.0,0.0,1,5.6
sample_00818,D:\marathi-asr\data\vistaar_benchmarks\kathbath\marathi\wavs\844424930746741-6-m.wav,लोकांच्या भीतीने आपण अपघात स्थळावरुन पळून गेल्याचे तो सांगतो,लोकांच्या भीतीने आपण अपघात स्थळावरून पळून गेल्याचे तो सांगतो,लोकांच्या भीतीने आपण अपघात स्थळावरुन पळून गेल्याचे तो सांगतो,लोकांच्या भीतीने आपण अपघात स्थळावरून पळून गेल्याचे तो सांगतो,1.67,11.11,0,6.66
sample_00819,D:\marathi-asr\data\vistaar_benchmarks\kathbath\marathi\wavs\844424930649797-823-m.wav,तुला हे ठाऊक आहे की मी कोणत्याही इमोशनल अत्याचाराला बळी पडणार नाही,तुला हे ठाऊक आहे की मी कोणत्याही इमोशनल अत्याचाराला बळी पडणार नाही,तुला हे ठाऊक आहे की मी कोणत्याही इमोशनल अत्याचाराला बळी पडणार नाही,तुला हे ठाऊक आहे की मी कोणत्याही इमोशनल अत्याचाराला बळी पडणार नाही,0.0,0.0,1,5.94
sample_00820,D:\marathi-asr\data\vistaar_benchmarks\kathbath\marathi\wavs\844424930323272-60-m.wav,१८४ ही छोटी धावसंख्या पाठलाग करताना वेस्ट इंडीजला डोंगराएवढी वाटू लागली,एकशे चौऱ्याऐंशी ही छोटी धावसंख्या पाठलाग करताना वेस्ट इंडिजला डोंगरा एवढी वाटू लागली,१८४ ही छोटी धावसंख्या पाठलाग करताना वेस्ट इंडीजला डोंगराएवढी वाटू लागली,एकशे चौऱ्याऐंशी ही छोटी धावसंख्या पाठलाग करताना वेस्ट इंडिजला डोंगरा एवढी वाटू लागली,23.94,45.45,0,5.5
sample_00821,D:\marathi-asr\data\vistaar_benchmarks\kathbath\marathi\wavs\844424930819798-6-m.wav,शुक्रवारी रात्री उशिरा दोन गवेरेडे पाणी पिण्यासाठी कोयना नदीवर आले होते,शुक्रवारी रात्री उशिरा दोन गवेरेडे पाणी पिण्यासाठी कोयना नदीवर आले होते,शुक्रवारी रात्री उशिरा दोन गवेरेडे पाणी पिण्यासाठी कोयना नदीवर आले होते,शुक्रवारी रात्री उशिरा दोन गवेरेडे पाणी पिण्यासाठी कोयना नदीवर आले होते,0.0,0.0,1,6.94
sample_00822,D:\marathi-asr\data\vistaar_benchmarks\kathbath\marathi\wavs\844424930394089-60-m.wav,बेस्टने फुकटय़ांविरोधात राबवलेल्या मोहिमेतून हा प्रकार समोर आला आहे,बेस्टनने फुकट्यांविरोधात राबवलेल्या मोहिमेतून हा प्रकार समोर आला आहे,बेस्टने फुकटय़ांविरोधात राबवलेल्या मोहिमेतून हा प्रकार समोर आला आहे,बेस्टनने फुकट्यांविरोधात राबवलेल्या मोहिमेतून हा प्रकार समोर आला आहे,4.48,22.22,0,4.83
sample_00823,D:\marathi-asr\data\vistaar_benchmarks\kathbath\marathi\wavs\844424930345016-60-m.wav,त्यावेळी धोनीने जडेजाला चहलकडे चेंडू फेकायला सांगितला आणि मिथून धावबाद झाला,त्या ोनीने जडेजाला चहलकडे चेंडू फेकायला सांगितला आणि मिथून धावबाद झाला,त्यावेळी धोनीने जडेजाला चहलकडे चेंडू फेकायला सांगितला आणि मिथून धावबाद झाला,त्या ोनीने जडेजाला चहलकडे चेंडू फेकायला सांगितला आणि मिथून धावबाद झाला,6.67,18.18,0,5.87
sample_00824,D:\marathi-asr\data\vistaar_benchmarks\kathbath\marathi\wavs\844424930394074-60-m.wav,या रेपो दरातल्या कपातीमुळे देशाच्या आर्थिक धोरणालाही थोडे वेगळे वळण लागू शकणार आहे,रेपो दरातल्या कपातीमुळे देशाच्या आर्थिक धोरणाला थोडे वेगळे वळण लागू शकणार आहेत,या रेपो दरातल्या कपातीमुळे देशाच्या आर्थिक धोरणालाही थोडे वेगळे वळण लागू शकणार आहे,रेपो दरातल्या कपातीमुळे देशाच्या आर्थिक धोरणाला थोडे वेगळे वळण लागू शकणार आहेत,7.32,23.08,0,6.59
sample_00825,D:\marathi-asr\data\vistaar_benchmarks\kathbath\marathi\wavs\844424930345000-60-m.wav,त्यांना असे वाटू लागते की त्यांनी असेच कपडे परिधान करावे जे त्यांच्या पार्टनरला आवडतात,त्यांना असे वाटू लागले की त्यांनी असेच कपडे परिधान करावे जे त्यांच्या पार्टनरला आवडतात,त्यांना असे वाटू लागते की त्यांनी असेच कपडे परिधान करावे जे त्यांच्या पार्टनरला आवडतात,त्यांना असे वाटू लागले की त्यांनी असेच कपडे परिधान करावे जे त्यांच्या पार्टनरला आवडतात,1.16,7.14,0,6.27
sample_00826,D:\marathi-asr\data\vistaar_benchmarks\kathbath\marathi\wavs\844424930819820-6-m.wav,त्यांच्या मुलाला काही पैशांची अडचण असेल तर त्याने तसं स्पष्ट आईशी बोलावं,त्यांच्या मुलाला काही पैशांची अडचण असेल तर त्यांने तसं स्पष्ट आईशी बोलावं,त्यांच्या मुलाला काही पैशांची अडचण असेल तर त्याने तसं स्पष्ट आईशी बोलावं,त्यांच्या मुलाला काही पैशांची अडचण असेल तर त्यांने तसं स्पष्ट आईशी बोलावं,1.39,8.33,0,7.55
sample_00827,D:\marathi-asr\data\vistaar_benchmarks\kathbath\marathi\wavs\844424930345002-60-m.wav,प्रारंभी उपस्थित मान्यवरांच्या हस्ते नटराजाच्या प्रतिमेचे पूजन करण्यात आले,पुपस्थित मान्यवरांच्या हस्ते नटराजाच्या प्रतिमेचे पूजन करण्यात आले,प्रारंभी उपस्थित मान्यवरांच्या हस्ते नटराजाच्या प्रतिमेचे पूजन करण्यात आले,पुपस्थित मान्यवरांच्या हस्ते नटराजाच्या प्रतिमेचे पूजन करण्यात आले,12.16,22.22,0,5.11
sample_00828,D:\marathi-asr\data\vistaar_benchmarks\kathbath\marathi\wavs\844424930649740-823-m.wav,राजकीय नेते व अधिकारी पाहणी करून निव्वळ आश्वासने देत आहेत,राजकीय नेते व अधिकारी पाहणी करून निव्वळ आश्वासने देत आहेत,राजकीय नेते व अधिकारी पाहणी करून निव्वळ आश्वासने देत आहेत,राजकीय नेते व अधिकारी पाहणी करून निव्वळ आश्वासने देत आहेत,0.0,0.0,1,5.76
sample_00829,D:\marathi-asr\data\vistaar_benchmarks\kathbath\marathi\wavs\844424930394095-60-m.wav,पालक आपल्या मुलांच्या विशिष्ट गरजा पूर्ण करण्यासाठी वैयक्तिक सामर्थ्य आणि कमतरता आणि शिबीर शिकवू शकतात,आपल्या मुलाच्या विशिष्ट गरजा पूर्ण करण्यासाठी व्यक्तित्व सामर्थ्य आणि कमतरता आणि शिबिर शिकवू शकतात,पालक आपल्या मुलांच्या विशिष्ट गरजा पूर्ण करण्यासाठी वैयक्तिक सामर्थ्य आणि कमतरता आणि शिबीर शिकवू शकतात,आपल्या मुलाच्या विशिष्ट गरजा पूर्ण करण्यासाठी व्यक्तित्व सामर्थ्य आणि कमतरता आणि शिबिर शिकवू शकतात,10.78,26.67,0,7.36
sample_00830,D:\marathi-asr\data\vistaar_benchmarks\kathbath\marathi\wavs\844424930331422-60-m.wav,त्यामुळे मोदींसाठी नेशन फऱ्स्ट नाही तर इलेक्शन फर्स्ट आहे,त्यामुळे मोदीसाठी नेशन फर्स्ट नाही तर इलेक्शन फर्स्ट आहे,त्यामुळे मोदींसाठी नेशन फऱ्स्ट नाही तर इलेक्शन फर्स्ट आहे,त्यामुळे मोदीसाठी नेशन फर्स्ट नाही तर इलेक्शन फर्स्ट आहे,3.45,22.22,0,4.3
sample_00831,D:\marathi-asr\data\vistaar_benchmarks\kathbath\marathi\wavs\844424930819884-6-m.wav,आळशी म्हणजे स्टिप्टिक पावडर आणि पेन्सिलमध्ये वापरल्या जाणार्या प्रमुख घटक,आळशी म्हणजे स्टिप्टिक पावडर आणि पेन्सिलमध्ये वापरल्या जाणाऱ्या प्रमुख घटक,आळशी म्हणजे स्टिप्टिक पावडर आणि पेन्सिलमध्ये वापरल्या जाणार्या प्रमुख घटक,आळशी म्हणजे स्टिप्टिक पावडर आणि पेन्सिलमध्ये वापरल्या जाणाऱ्या प्रमुख घटक,1.37,10.0,0,6.39
sample_00832,D:\marathi-asr\data\vistaar_benchmarks\kathbath\marathi\wavs\844424930323304-60-m.wav,काही दिवसांपूर्वीच ही घटना घडली असल्याचे म्हटले जात आहे,काही दिवसांपूर्वीच ही घटना घडली असल्याचे म्हटले जात आहे,काही दिवसांपूर्वीच ही घटना घडली असल्याचे म्हटले जात आहे,काही दिवसांपूर्वीच ही घटना घडली असल्याचे म्हटले जात आहे,0.0,0.0,1,3.81
sample_00833,D:\marathi-asr\data\vistaar_benchmarks\kathbath\marathi\wavs\844424930819830-6-m.wav,लोकसभा निवडणूकीत निवडून आलेल्या खासदारांचा शपथविधी सोमवारी पार पडला होता,लोकसभा निवडणुकीत निवडून आलेल्या खासदारांचा शपथविधी सोमवारी पार पडला होता,लोकसभा निवडणूकीत निवडून आलेल्या खासदारांचा शपथविधी सोमवारी पार पडला होता,लोकसभा निवडणुकीत निवडून आलेल्या खासदारांचा शपथविधी सोमवारी पार पडला होता,1.39,10.0,0,6.8
sample_00834,D:\marathi-asr\data\vistaar_benchmarks\kathbath\marathi\wavs\844424930345012-60-m.wav,यामुळे नुकसान भरपाई म्हणून कायमस्वरूपी जागा देण्याची विनंती केली,याकळी नुकसान भरपाई म्हणून कायमस्वरूपी जागा देण्याची विनंती केली,यामुळे नुकसान भरपाई म्हणून कायमस्वरूपी जागा देण्याची विनंती केली,याकळी नुकसान भरपाई म्हणून कायमस्वरूपी जागा देण्याची विनंती केली,4.69,11.11,0,4.53
sample_00835,D:\marathi-asr\data\vistaar_benchmarks\kathbath\marathi\wavs\844424930649729-823-m.wav,तर दुसरीकडे पिंपरीमध्ये स्वाभिमानी शेतकरी संघटनेच्या कार्यकर्त्यांनी आक्रमक होत अमूल दुधाचा ट्रक आढवला,तर दुसरीकडे पिंपरीमध्ये स्वाभिमानी शेतकरी संघटनेच्या कार्यकर्त्यांनी आक्रमक होत अमूल दुधाचा ट्रक अडवला,तर दुसरीकडे पिंपरीमध्ये स्वाभिमानी शेतकरी संघटनेच्या कार्यकर्त्यांनी आक्रमक होत अमूल दुधाचा ट्रक आढवला,तर दुसरीकडे पिंपरीमध्ये स्वाभिमानी शेतकरी संघटनेच्या कार्यकर्त्यांनी आक्रमक होत अमूल दुधाचा ट्रक अडवला,1.96,7.69,0,10.54
sample_00836,D:\marathi-asr\data\vistaar_benchmarks\kathbath\marathi\wavs\844424930746716-6-m.wav,२००४ व २००९ च्या लोकसभा निवडणुकीत ते पराभूत झाले,दोन हजार चार व दोन हजार नऊच्या लोकसभा निवडणुकीत ते पराभूत झाले,२००४ व २००९ च्या लोकसभा निवडणुकीत ते पराभूत झाले,दोन हजार चार व दोन हजार नऊच्या लोकसभा निवडणुकीत ते पराभूत झाले,45.83,66.67,0,6.94
sample_00837,D:\marathi-asr\data\vistaar_benchmarks\kathbath\marathi\wavs\844424930649730-823-m.wav,या अधिकार पत्रानुसार बँकेकडून शेतकर्याच्या खात्यातील रक्कम थेट शेतकर्यांच्या खात्यात जमा केली जाईल,या अधिकारपत्रानुसार बँकेकडून शेतकऱ्याच्या खात्यातील रक्कम थेट शेतकऱ्याच्या खात्यात जमा केली जाईल,या अधिकार पत्रानुसार बँकेकडून शेतकर्याच्या खात्यातील रक्कम थेट शेतकर्यांच्या खात्यात जमा केली जाईल,या अधिकारपत्रानुसार बँकेकडून शेतकऱ्याच्या खात्यातील रक्कम थेट शेतकऱ्याच्या खात्यात जमा केली जाईल,4.08,30.77,0,8.73
sample_00838,D:\marathi-asr\data\vistaar_benchmarks\kathbath\marathi\wavs\844424930649774-823-m.wav,म्हादई ही आमची जीवनदायिनी असून आम्ही तिच्याशी सरकारला खेळ खेळालया देणार नाही,म्हहादई ही आमची जीवनदायिनी असून आम्ही तिच्याशी सरकारला खेळ खेळायला देणार नाही,म्हादई ही आमची जीवनदायिनी असून आम्ही तिच्याशी सरकारला खेळ खेळालया देणार नाही,म्हहादई ही आमची जीवनदायिनी असून आम्ही तिच्याशी सरकारला खेळ खेळायला देणार नाही,3.95,16.67,0,7.45
sample_00839,D:\marathi-asr\data\vistaar_benchmarks\kathbath\marathi\wavs\844424930331400-60-m.wav,या प्रकरणाची पुढील सुनावणी ३१ जानेवारी रोजी होणार आहे,या प्रकरणाची पुढील सुनावणी एकतीस जानेवारी रोजी होणार आहे,या प्रकरणाची पुढील सुनावणी ३१ जानेवारी रोजी होणार आहे,या प्रकरणाची पुढील सुनावणी एकतीस जानेवारी रोजी होणार आहे,9.43,11.11,0,3.97
sample_00840,D:\marathi-asr\data\vistaar_benchmarks\kathbath\marathi\wavs\844424930819874-6-m.wav,आईच्या दुधावर जे अन्न खातात ते क्वचितच असे लहान आहेत,आईच्या दुधावर जे अन्न खातात ते क्वचितच असे लहान आहेत,आईच्या दुधावर जे अन्न खातात ते क्वचितच असे लहान आहेत,आईच्या दुधावर जे अन्न खातात ते क्वचितच असे लहान आहेत,0.0,0.0,1,5.83
sample_00841,D:\marathi-asr\data\vistaar_benchmarks\kathbath\marathi\wavs\844424930394059-60-m.wav,तर काही नेत्यांनी काँग्रेसची सूत्र पुन्हा राहुल गांधी यांच्याकडे सोपवण्याची मागणीही केली होती,तर काही नेत्यांनी काँग्रेसची सूत्रं पुन्हा राहुल गांधी यांच्याकडे सोपवण्याची मागणी केली होती,तर काही नेत्यांनी काँग्रेसची सूत्र पुन्हा राहुल गांधी यांच्याकडे सोपवण्याची मागणीही केली होती,तर काही नेत्यांनी काँग्रेसची सूत्रं पुन्हा राहुल गांधी यांच्याकडे सोपवण्याची मागणी केली होती,3.23,15.38,0,6.2
sample_00842,D:\marathi-asr\data\vistaar_benchmarks\kathbath\marathi\wavs\844424930649768-823-m.wav,रिझर्व्ह बँकेकडून रेपो दरात कपात केल्यानंतर बँकांकडून कर्जदर आणि ठेवीदरात कपात केली जात आहे,रिझर्व्ह बँकेकडून रेपो दरात कपात केल्यानंतर बँकांकडून कर्जदर आणि ठेवी दरात कपात केली जात आहे,रिझर्व्ह बँकेकडून रेपो दरात कपात केल्यानंतर बँकांकडून कर्जदर आणि ठेवीदरात कपात केली जात आहे,रिझर्व्ह बँकेकडून रेपो दरात कपात केल्यानंतर बँकांकडून कर्जदर आणि ठेवी दरात कपात केली जात आहे,1.1,14.29,0,9.45
sample_00843,D:\marathi-asr\data\vistaar_benchmarks\kathbath\marathi\wavs\844424930328383-60-m.wav,परभणीच्या ढालेगाव चेकपोस्टवर त्याला अडवलं असता तेथे ५ जण संपर्कात आले,परभणीच्या ढालेगाव चेकपोस्टवर त्याला अडवलत असतात तेथे पाच जण संपर्कात आले,परभणीच्या ढालेगाव चेकपोस्टवर त्याला अडवलं असता तेथे ५ जण संपर्कात आले,परभणीच्या ढालेगाव चेकपोस्टवर त्याला अडवलत असतात तेथे पाच जण संपर्कात आले,7.25,27.27,0,6.04
sample_00844,D:\marathi-asr\data\vistaar_benchmarks\kathbath\marathi\wavs\844424930328456-60-m.wav,महात्मा गांधींच्या या आवाहनानंतर महिलांनी त्यांचे दागिनेही दान केले होते,महात्मा गांधींच्या या आव्हानानंतर महिलांनी त्यांचे दागिने दान केले होते,महात्मा गांधींच्या या आवाहनानंतर महिलांनी त्यांचे दागिनेही दान केले होते,महात्मा गांधींच्या या आव्हानानंतर महिलांनी त्यांचे दागिने दान केले होते,5.56,20.0,0,5.6
sample_00845,D:\marathi-asr\data\vistaar_benchmarks\kathbath\marathi\wavs\844424930344961-60-m.wav,मात्र वाहतूक नेमकी कुठल्या वाहनातून होते याचा तपास मात्र लागणे अवघड आहे,मात्र वाहतूक नेमकी कुठल्या वाहनातून होते त्याचा तपास मात्र लागणे अवघड आहे,मात्र वाहतूक नेमकी कुठल्या वाहनातून होते याचा तपास मात्र लागणे अवघड आहे,मात्र वाहतूक नेमकी कुठल्या वाहनातून होते त्याचा तपास मात्र लागणे अवघड आहे,2.82,8.33,0,5.43
sample_00846,D:\marathi-asr\data\vistaar_benchmarks\kathbath\marathi\wavs\844424930746767-6-m.wav,३० जानेवारी १९९६ रोजी असा प्रस्ताव राष्ट्रपतींकडे पाठवण्यात आला होता,तीस जानेवारी एकोणीसशे शहाण्णव रोजी असा प्रस्ताव राष्ट्रपतींकडे पाठवण्यात आला होता,३० जानेवारी १९९६ रोजी असा प्रस्ताव राष्ट्रपतींकडे पाठवण्यात आला होता,तीस जानेवारी एकोणीसशे शहाण्णव रोजी असा प्रस्ताव राष्ट्रपतींकडे पाठवण्यात आला होता,27.94,30.0,0,8.31
sample_00847,D:\marathi-asr\data\vistaar_benchmarks\kathbath\marathi\wavs\844424930649795-823-m.wav,संजय यांचे भाऊ पोपट कवडेकर यांनी त्यांना अॅम्बुलन्सने कोल्हापूरला आणून खासगी रुग्णालयात दाखल केले आहे,संजय यांचे भाऊ पोपट कवडेकर यांनी त्यांना अॅम्ब्युलन्सने कोल्हापूरला आणून खासगी रुग्णालयात दाखल केले आहे,संजय यांचे भाऊ पोपट कवडेकर यांनी त्यांना अॅम्बुलन्सने कोल्हापूरला आणून खासगी रुग्णालयात दाखल केले आहे,संजय यांचे भाऊ पोपट कवडेकर यांनी त्यांना अॅम्ब्युलन्सने कोल्हापूरला आणून खासगी रुग्णालयात दाखल केले आहे,1.98,6.67,0,9.4
sample_00848,D:\marathi-asr\data\vistaar_benchmarks\kathbath\marathi\wavs\844424930649809-823-m.wav,आता ईशाची हुशारी प्रेक्षकांना प्रत्येक भागात पाहायला मिळणार आहे,आता ईशाची हुशारी प्रेक्षकांना प्रत्येक भागात पाहायला मिळणार आहे,आता ईशाची हुशारी प्रेक्षकांना प्रत्येक भागात पाहायला मिळणार आहे,आता ईशाची हुशारी प्रेक्षकांना प्रत्येक भागात पाहायला मिळणार आहे,0.0,0.0,1,5.46
sample_00849,D:\marathi-asr\data\vistaar_benchmarks\kathbath\marathi\wavs\844424930649776-823-m.wav,माझ नाव अरविंद असल्याचे सांगत नावात बदल करण्यासंदर्भात मी देव यांच्या पाठिमागे लागलो होतो,माझं नाव अरविंद असल्याचे सांगत नावात बदल करण्यासंदर्भात मी देव यांच्या पाठीमागे लागलो होतो,माझ नाव अरविंद असल्याचे सांगत नावात बदल करण्यासंदर्भात मी देव यांच्या पाठिमागे लागलो होतो,माझं नाव अरविंद असल्याचे सांगत नावात बदल करण्यासंदर्भात मी देव यांच्या पाठीमागे लागलो होतो,2.25,14.29,0,8.1
sample_00850,D:\marathi-asr\data\vistaar_benchmarks\kathbath\marathi\wavs\844424930649742-823-m.wav,ही बैठक संपल्यानंतर अविनाश अभ्यंकर यांनी माध्यमांशी संवाद साधला,ही बैठक संपल्यानंतर अविनाश अभ्यंकर यांनी माध्यमांशी संवाद साधला,ही बैठक संपल्यानंतर अविनाश अभ्यंकर यांनी माध्यमांशी संवाद साधला,ही बैठक संपल्यानंतर अविनाश अभ्यंकर यांनी माध्यमांशी संवाद साधला,0.0,0.0,1,6.48
sample_00851,D:\marathi-asr\data\vistaar_benchmarks\kathbath\marathi\wavs\844424930649749-823-m.wav,आता ही मुदत समाप्त होत आल्याने नोंदणी विभागाने या विषयी शासनाकडे प्रस्ताव पाठविला आहे,आता ही मुदत समाप्त होत आल्याने नोंदणी विभागाने याविषयी शासनाकडे प्रस्ताव पाठविला आहे,आता ही मुदत समाप्त होत आल्याने नोंदणी विभागाने या विषयी शासनाकडे प्रस्ताव पाठविला आहे,आता ही मुदत समाप्त होत आल्याने नोंदणी विभागाने याविषयी शासनाकडे प्रस्ताव पाठविला आहे,1.18,14.29,0,8.01
sample_00852,D:\marathi-asr\data\vistaar_benchmarks\kathbath\marathi\wavs\844424930344995-60-m.wav,नंतरच्या काळात तेथे विद्यापीठ स्थापन झालेल्या शिक्षण संस्थांतून इंग्रजीशिक्षित मुस्लीम तरुणांची एक पिढी निर्माण झाली,नंतरच्या काळात येथे विद्यापीठ स्थापन झालेल्या शिक्षण संंस्थानातून इंग्रजी शिक्षित मुस्लिम तरुणांची एक पिढी निर्माण झाली,नंतरच्या काळात तेथे विद्यापीठ स्थापन झालेल्या शिक्षण संस्थांतून इंग्रजीशिक्षित मुस्लीम तरुणांची एक पिढी निर्माण झाली,नंतरच्या काळात येथे विद्यापीठ स्थापन झालेल्या शिक्षण संंस्थानातून इंग्रजी शिक्षित मुस्लिम तरुणांची एक पिढी निर्माण झाली,5.17,33.33,0,7.89
sample_00853,D:\marathi-asr\data\vistaar_benchmarks\kathbath\marathi\wavs\844424930819852-6-m.wav,या मुंबईतून सुटणाऱ्या दोन राजधानी गाडया पश्चिम रेल्वेच्या मार्गाने गुजरात राज्यातून जातात,या मुंबईतून सुटणाऱ्या दोन राजधानी गाड्या पश्चिम रेल्वेच्या मार्गाने गुजरात राज्यातून जातात,या मुंबईतून सुटणाऱ्या दोन राजधानी गाडया पश्चिम रेल्वेच्या मार्गाने गुजरात राज्यातून जातात,या मुंबईतून सुटणाऱ्या दोन राजधानी गाड्या पश्चिम रेल्वेच्या मार्गाने गुजरात राज्यातून जातात,3.33,16.67,0,8.13
sample_00854,D:\marathi-asr\data\vistaar_benchmarks\kathbath\marathi\wavs\844424930649732-823-m.wav,लवकरच प्रकाशित होण्याच्या मार्गावर असलेल्या या कादंबरीच्या निर्मितीमागची खुद्द लेखकाने सांगितलेली गोष्ट,लवकरच प्रकाशित होण्याच्या मार्गावर असलेल्या या कादंबरीच्या निर्मितीमागची खुद्द लेखकाने सांगितलेली गोष्ट,लवकरच प्रकाशित होण्याच्या मार्गावर असलेल्या या कादंबरीच्या निर्मितीमागची खुद्द लेखकाने सांगितलेली गोष्ट,लवकरच प्रकाशित होण्याच्या मार्गावर असलेल्या या कादंबरीच्या निर्मितीमागची खुद्द लेखकाने सांगितलेली गोष्ट,0.0,0.0,1,9.85
sample_00855,D:\marathi-asr\data\vistaar_benchmarks\kathbath\marathi\wavs\844424930649802-823-m.wav,इरफान पठाणने याआधी २०१२ च्या श्रीलंकेच्या दौऱ्याचा उल्लेख केला होता,इरफान पठाणने याआधी दोन हजार बाराच्या श्रीलंकेच्या दौऱ्याचा उल्लेख केला होता,इरफान पठाणने याआधी २०१२ च्या श्रीलंकेच्या दौऱ्याचा उल्लेख केला होता,इरफान पठाणने याआधी दोन हजार बाराच्या श्रीलंकेच्या दौऱ्याचा उल्लेख केला होता,20.59,40.0,0,6.99
sample_00856,D:\marathi-asr\data\vistaar_benchmarks\kathbath\marathi\wavs\844424930746729-6-m.wav,प्रत्येक झोपडीत शौचालय बांधणे शक्य नसल्यानं कम्युनिटी टॉयलेट बांधण्यावर भर दिला जाणाराय,प्रत्येक झोपडीत शौचालय बांधणे शक्य नसल्यानं कम्युनिटी टॉयलेट बांधण्यावर भर दिला जाणार आहे,प्रत्येक झोपडीत शौचालय बांधणे शक्य नसल्यानं कम्युनिटी टॉयलेट बांधण्यावर भर दिला जाणाराय,प्रत्येक झोपडीत शौचालय बांधणे शक्य नसल्यानं कम्युनिटी टॉयलेट बांधण्यावर भर दिला जाणार आहे,4.6,16.67,0,8.71
sample_00857,D:\marathi-asr\data\vistaar_benchmarks\kathbath\marathi\wavs\844424930328436-60-m.wav,यावेळी पक्षानं पक्षावर नाही तर विरोधी पक्षातील एकेका सदस्यांवर लक्ष ठेऊन आपली नीती ठरवली होती,शवळी पक्षांं पक्षावर नाही तर विरोधी पक्षातील एकेका सदस्यांवर लक्ष ठेवून आपली नीतीही ठरवली होती,यावेळी पक्षानं पक्षावर नाही तर विरोधी पक्षातील एकेका सदस्यांवर लक्ष ठेऊन आपली नीती ठरवली होती,शवळी पक्षांं पक्षावर नाही तर विरोधी पक्षातील एकेका सदस्यांवर लक्ष ठेवून आपली नीतीही ठरवली होती,8.6,26.67,0,7.13
sample_00858,D:\marathi-asr\data\vistaar_benchmarks\kathbath\marathi\wavs\844424930323314-60-m.wav,यामुळे मुलाखतीदरम्यान उमेदवारांचा या घटकांकडे पाहण्याचा दृष्टिकोनही तपासला जातो,यामुळे मुलाखतीदरम्यान उमेदवाराच्या या घटकांकडे पाहण्याचा दृष्टिकोन तपासला जातो,यामुळे मुलाखतीदरम्यान उमेदवारांचा या घटकांकडे पाहण्याचा दृष्टिकोनही तपासला जातो,यामुळे मुलाखतीदरम्यान उमेदवाराच्या या घटकांकडे पाहण्याचा दृष्टिकोन तपासला जातो,6.33,22.22,0,5.62
sample_00859,D:\marathi-asr\data\vistaar_benchmarks\kathbath\marathi\wavs\844424930329014-60-m.wav,फुले आणि शोभेच्या झाडांच्या विविध तिच्या भरपूर कमलपुष्पाप्रमाणे आणि मासे दुर्मिळ प्रजाती एक तळे आहे,फुले आणि शोभेच्या झाडांच्या विविधतेच्या भरपूर कलमपुष्पाांप्रमाणे आणि मासेदुर्मिळ प्रजाती एकतळे आहेत,फुले आणि शोभेच्या झाडांच्या विविध तिच्या भरपूर कमलपुष्पाप्रमाणे आणि मासे दुर्मिळ प्रजाती एक तळे आहे,फुले आणि शोभेच्या झाडांच्या विविधतेच्या भरपूर कलमपुष्पाांप्रमाणे आणि मासेदुर्मिळ प्रजाती एकतळे आहेत,9.09,53.33,0,8.52
sample_00860,D:\marathi-asr\data\vistaar_benchmarks\kathbath\marathi\wavs\844424930649801-823-m.wav,शेजारच्या मदतीने पत्नीला खाली घेऊन तातडीने पाचोड येथील ग्रामीण रुग्णालयात दाखल करण्यात आले,शेजारच्या मदतीने पत्नीला खाली घेऊन तातडीने पाचोड येथील ग्रामीण रुग्णालयात दाखल करण्यात आले,शेजारच्या मदतीने पत्नीला खाली घेऊन तातडीने पाचोड येथील ग्रामीण रुग्णालयात दाखल करण्यात आले,शेजारच्या मदतीने पत्नीला खाली घेऊन तातडीने पाचोड येथील ग्रामीण रुग्णालयात दाखल करण्यात आले,0.0,0.0,1,7.69
sample_00861,D:\marathi-asr\data\vistaar_benchmarks\kathbath\marathi\wavs\844424930649755-823-m.wav,सावर्ली हे भारताच्या महाराष्ट्र राज्यातील पुणे जिल्ह्यातील आंबेगाव तालुक्यातील एक गाव आहे,सावर्ली हे भारताच्या महाराष्ट्र राज्यातील पुणे जिल्ह्यातील आंबेगाव तालुक्यातील एक गाव आहे,सावर्ली हे भारताच्या महाराष्ट्र राज्यातील पुणे जिल्ह्यातील आंबेगाव तालुक्यातील एक गाव आहे,सावर्ली हे भारताच्या महाराष्ट्र राज्यातील पुणे जिल्ह्यातील आंबेगाव तालुक्यातील एक गाव आहे,0.0,0.0,1,7.59
sample_00862,D:\marathi-asr\data\vistaar_benchmarks\kathbath\marathi\wavs\844424930819826-6-m.wav,लोकसभा निवडणुकीच्या सहाव्या टप्प्यात रविवारी दिल्लीत मतदान होणार आहे,लोकसभा निवडणुकीच्या सहाव्या टप्प्यात रविवारी दिल्लीत मतदान होणार आहे,लोकसभा निवडणुकीच्या सहाव्या टप्प्यात रविवारी दिल्लीत मतदान होणार आहे,लोकसभा निवडणुकीच्या सहाव्या टप्प्यात रविवारी दिल्लीत मतदान होणार आहे,0.0,0.0,1,5.55
sample_00863,D:\marathi-asr\data\vistaar_benchmarks\kathbath\marathi\wavs\844424930394072-60-m.wav,किंवा माजी एलिस्ताट गायक जस्टिन फ्रिसमन यांच्या चित्रांवर विचार करा,किंवा माझी एलिस्टन गायक आणि चस्टन फिसनमन यांच्या चित्रावर विचार करा,किंवा माजी एलिस्ताट गायक जस्टिन फ्रिसमन यांच्या चित्रांवर विचार करा,किंवा माझी एलिस्टन गायक आणि चस्टन फिसनमन यांच्या चित्रावर विचार करा,20.9,60.0,0,5.27
sample_00864,D:\marathi-asr\data\vistaar_benchmarks\kathbath\marathi\wavs\844424930819850-6-m.wav,जाता जाता त्यांनी सुमित भोसले यांच्या घराचा दरवाजा तोडण्याचा प्रयत्न केला,जाताजाता त्यांनी सुमित भोसले यांच्या घराचा दरवाजा तोडण्याचा प्रयत्न केला,जाता जाता त्यांनी सुमित भोसले यांच्या घराचा दरवाजा तोडण्याचा प्रयत्न केला,जाताजाता त्यांनी सुमित भोसले यांच्या घराचा दरवाजा तोडण्याचा प्रयत्न केला,1.37,18.18,0,7.04
sample_00865,D:\marathi-asr\data\vistaar_benchmarks\kathbath\marathi\wavs\844424930328376-60-m.wav,परळी वैजनाथ येथे पंकजा मुंडे यांनी स्वाभीमानी मेळाव्याचे आयोजन केले आहे,परळी वैजनाथ येथे पंकजा मुंडे यांनी स्वाभिमानी मेळाव्याचे आयोजन केले आहे,परळी वैजनाथ येथे पंकजा मुंडे यांनी स्वाभीमानी मेळाव्याचे आयोजन केले आहे,परळी वैजनाथ येथे पंकजा मुंडे यांनी स्वाभिमानी मेळाव्याचे आयोजन केले आहे,1.41,9.09,0,5.39
sample_00866,D:\marathi-asr\data\vistaar_benchmarks\kathbath\marathi\wavs\844424930746714-6-m.wav,यात पक्षांकडून पहिल्या क्रंमाकावर टेकचंद सावरकर तर दुसऱ्या क्रंमाकावर अनिल निधान यांचे नाव होते,यात पक्षांकडून पहिल्या क्रमांकावर टेकचंद सावरकर तर दुसऱ्या क्रमांकावर अनिल निधान यांचे नाव होते,यात पक्षांकडून पहिल्या क्रंमाकावर टेकचंद सावरकर तर दुसऱ्या क्रंमाकावर अनिल निधान यांचे नाव होते,यात पक्षांकडून पहिल्या क्रमांकावर टेकचंद सावरकर तर दुसऱ्या क्रमांकावर अनिल निधान यांचे नाव होते,6.25,21.43,0,10.73
sample_00867,D:\marathi-asr\data\vistaar_benchmarks\kathbath\marathi\wavs\844424930649816-823-m.wav,ही भिंत वारंवार तोडली जात असल्यामुळे महापालिकेने ही संरक्षक भिंत बांधण्याचा निर्णय घेतला,ही भिंत वारंवट तोडली जात असल्यामुळे महापालिकेने ही संरक्षण भिंत बांधण्याचा निर्णय घेतला,ही भिंत वारंवार तोडली जात असल्यामुळे महापालिकेने ही संरक्षक भिंत बांधण्याचा निर्णय घेतला,ही भिंत वारंवट तोडली जात असल्यामुळे महापालिकेने ही संरक्षण भिंत बांधण्याचा निर्णय घेतला,3.41,15.38,0,8.57
sample_00868,D:\marathi-asr\data\vistaar_benchmarks\kathbath\marathi\wavs\844424930328404-60-m.wav,या दुर्घटनेत मृत्युमुखी पडणाऱ्यांमध्ये रिक्षाचालक आणि अन्य एकाचा समावेश आहे,या दुर्घटनेत मृत्युमुखी पडणाऱ्यांमध्ये रिक्षाचालक आणि अन्य एकांचा समावेश आहे,या दुर्घटनेत मृत्युमुखी पडणाऱ्यांमध्ये रिक्षाचालक आणि अन्य एकाचा समावेश आहे,या दुर्घटनेत मृत्युमुखी पडणाऱ्यांमध्ये रिक्षाचालक आणि अन्य एकांचा समावेश आहे,3.95,20.0,0,5.46
sample_00869,D:\marathi-asr\data\vistaar_benchmarks\kathbath\marathi\wavs\844424930746740-6-m.wav,आज सकाळी ही याचिका सदावर्ते यांनी उच्च न्यायालय रजिस्ट्रारकडे सादर केली,आज सकाळी ही याचिका सदावर्ते यांनी उच्च न्यायालय रजिस्ट्राकडे सादर केली,आज सकाळी ही याचिका सदावर्ते यांनी उच्च न्यायालय रजिस्ट्रारकडे सादर केली,आज सकाळी ही याचिका सदावर्ते यांनी उच्च न्यायालय रजिस्ट्राकडे सादर केली,1.41,9.09,0,8.87
sample_00870,D:\marathi-asr\data\vistaar_benchmarks\kathbath\marathi\wavs\844424930328464-60-m.wav,लोक आता चित्रपटाच्या पडद्यावरून किंवा पुस्तकांमधून बाहेर पडत प्रत्यक्ष घडामोडी पाहू इच्छित आहेत,लोकं आता चित्रपटाच्या पडद्यांवरून किंवा पुस्तकांमधून बाहेर पडत प्रत्यक्ष घडामोडी पाहून इच्छित आहेत,लोक आता चित्रपटाच्या पडद्यावरून किंवा पुस्तकांमधून बाहेर पडत प्रत्यक्ष घडामोडी पाहू इच्छित आहेत,लोकं आता चित्रपटाच्या पडद्यांवरून किंवा पुस्तकांमधून बाहेर पडत प्रत्यक्ष घडामोडी पाहून इच्छित आहेत,3.16,23.08,0,7.85
sample_00871,D:\marathi-asr\data\vistaar_benchmarks\kathbath\marathi\wavs\844424930649741-823-m.wav,वरील सर्व ज्युदोपटू हे मिरजकर तिकटी येथील न्यू ज्युदो प्रशिक्षण केंद्रात सराव करत आहेत,वरील सर्व जुदोपटू हे मिरजकर तिखटी येथील न्यूजुदो प्रशिक्षण केंद्रात सराव करत आहेत,वरील सर्व ज्युदोपटू हे मिरजकर तिकटी येथील न्यू ज्युदो प्रशिक्षण केंद्रात सराव करत आहेत,वरील सर्व जुदोपटू हे मिरजकर तिखटी येथील न्यूजुदो प्रशिक्षण केंद्रात सराव करत आहेत,6.98,28.57,0,9.17
sample_00872,D:\marathi-asr\data\vistaar_benchmarks\kathbath\marathi\wavs\844424930649763-823-m.wav,गरीब व गरजूंसाठी दुपारी १२ ते २ वाजेपर्यंत शिवभोजन योजनेचा लाभ घेता येणार आहे,गरीब व गरजूंसाठी दुपारी बारा ते दोन वाजेपर्यंत शिवभोजन योजनेचा लाभ घेता येणार आहे,गरीब व गरजूंसाठी दुपारी १२ ते २ वाजेपर्यंत शिवभोजन योजनेचा लाभ घेता येणार आहे,गरीब व गरजूंसाठी दुपारी बारा ते दोन वाजेपर्यंत शिवभोजन योजनेचा लाभ घेता येणार आहे,9.09,14.29,0,8.31
sample_00873,D:\marathi-asr\data\vistaar_benchmarks\kathbath\marathi\wavs\844424930819865-6-m.wav,तर श्रीसंतने यशस्वी कमबॅक करत पहिल्या इनिंगमध्ये पाच विकेट्स घेतल्या,तर श्रीसंतने यशस्वी कमबॅक करत पहिल्या इनिंगमध्ये पाच विकेट घेतल्या,तर श्रीसंतने यशस्वी कमबॅक करत पहिल्या इनिंगमध्ये पाच विकेट्स घेतल्या,तर श्रीसंतने यशस्वी कमबॅक करत पहिल्या इनिंगमध्ये पाच विकेट घेतल्या,2.94,10.0,0,7.57
sample_00874,D:\marathi-asr\data\vistaar_benchmarks\kathbath\marathi\wavs\844424930649726-823-m.wav,मारिया लालझरे आणि हरबक भागवत अशी मृतांची नावं आहेत,मारिया लालझरे आणि हर््बक भागवत अशी मृतांची नावे आहेत,मारिया लालझरे आणि हरबक भागवत अशी मृतांची नावं आहेत,मारिया लालझरे आणि हर््बक भागवत अशी मृतांची नावे आहेत,6.0,22.22,0,5.85
sample_00875,D:\marathi-asr\data\vistaar_benchmarks\kathbath\marathi\wavs\844424930649723-823-m.wav,आपला एजंट फोन किंवा ईमेलद्वारे पोहोचणे किंवा संदेशांना प्रतिसाद देण्यासाठी बराच वेळ घेतो,आपला एजंट फोन किंवा ईमेलद्वारे पोहोचणे किंवा संदेशांना प्रतिसाद देण्यासाठी बराच वेळ घेतो,आपला एजंट फोन किंवा ईमेलद्वारे पोहोचणे किंवा संदेशांना प्रतिसाद देण्यासाठी बराच वेळ घेतो,आपला एजंट फोन किंवा ईमेलद्वारे पोहोचणे किंवा संदेशांना प्रतिसाद देण्यासाठी बराच वेळ घेतो,0.0,0.0,1,9.26
sample_00876,D:\marathi-asr\data\vistaar_benchmarks\kathbath\marathi\wavs\844424930649811-823-m.wav,त्यामुळे पाण्याविना अनेक शेतकर्यांना कांद्याची पेरणीच करता आली नव्हती,त्यामुळे पाण्याविना अनेक शेतकऱ्यांना कांद्यांची पेरणीच करता आली नव्हती,त्यामुळे पाण्याविना अनेक शेतकर्यांना कांद्याची पेरणीच करता आली नव्हती,त्यामुळे पाण्याविना अनेक शेतकऱ्यांना कांद्यांची पेरणीच करता आली नव्हती,2.9,22.22,0,6.13
sample_00877,D:\marathi-asr\data\vistaar_benchmarks\kathbath\marathi\wavs\844424930394107-60-m.wav,सुदृढ राहण्यासाठी पौष्टीक आहार आणि पुरेसं पाणी शरीरात जाणं अत्यंत गरजेचं आहे,सुदृष्ट राहण्यासाठी पौष्टिक आहार आणि पुरेसे पाणी शरीरात जाणे अत्यंत गरजेचे आहे,सुदृढ राहण्यासाठी पौष्टीक आहार आणि पुरेसं पाणी शरीरात जाणं अत्यंत गरजेचं आहे,सुदृष्ट राहण्यासाठी पौष्टिक आहार आणि पुरेसे पाणी शरीरात जाणे अत्यंत गरजेचे आहे,9.21,41.67,0,5.78
sample_00878,D:\marathi-asr\data\vistaar_benchmarks\kathbath\marathi\wavs\844424930746748-6-m.wav,एका परीने मोदींच्या नेतृत्वाची धाटणी वर सांगितलेल्या लोकशाहीच्या संस्कृतीत बसणारी नाही,एका परीने मोदींच्या नेतृत्वाची धाटणी व सांगितलेल्या लोकशाहीच्या संस्कृतीत बसणारी नाही,एका परीने मोदींच्या नेतृत्वाची धाटणी वर सांगितलेल्या लोकशाहीच्या संस्कृतीत बसणारी नाही,एका परीने मोदींच्या नेतृत्वाची धाटणी व सांगितलेल्या लोकशाहीच्या संस्कृतीत बसणारी नाही,1.16,9.09,0,9.36
sample_00879,D:\marathi-asr\data\vistaar_benchmarks\kathbath\marathi\wavs\844424930323301-60-m.wav,जितके शक्य असेल तितके जाणून घ्या आणि सतत प्रेरणा घ्या,जितके शक्य असेल तितके जाणून घ्या आणि सतत प्रेरणा घ्या,जितके शक्य असेल तितके जाणून घ्या आणि सतत प्रेरणा घ्या,जितके शक्य असेल तितके जाणून घ्या आणि सतत प्रेरणा घ्या,0.0,0.0,1,4.48
sample_00880,D:\marathi-asr\data\vistaar_benchmarks\kathbath\marathi\wavs\844424930329057-60-m.wav,याप्रकरणी भोसरी पोलिसांनी अज्ञात आरोपींविरोधात खुनाचा गुन्हा दाखल केला आहे,याप्रकरणी भोसरी पोलिसांनी अज्ञात आरोपांविरुद्ध खुनाचा गुन्हा दाखल केला आहे,याप्रकरणी भोसरी पोलिसांनी अज्ञात आरोपींविरोधात खुनाचा गुन्हा दाखल केला आहे,याप्रकरणी भोसरी पोलिसांनी अज्ञात आरोपांविरुद्ध खुनाचा गुन्हा दाखल केला आहे,6.76,10.0,0,5.92
sample_00881,D:\marathi-asr\data\vistaar_benchmarks\kathbath\marathi\wavs\844424930819855-6-m.wav,ती फक्त यशराज फिल्म्सच्या चित्रपटात काम करत आहे आणि चर्चेपासून अलिप्त रहात आहे,ती फक्त यशराज फिल्म्सच्या चित्रपटात काम करत आहे आणि चर्चेपासून अलिप्त राहत आहे,ती फक्त यशराज फिल्म्सच्या चित्रपटात काम करत आहे आणि चर्चेपासून अलिप्त रहात आहे,ती फक्त यशराज फिल्म्सच्या चित्रपटात काम करत आहे आणि चर्चेपासून अलिप्त राहत आहे,2.56,7.69,0,7.52
sample_00882,D:\marathi-asr\data\vistaar_benchmarks\kathbath\marathi\wavs\844424930323287-60-m.wav,कांद्याचे भाव उत्पादन खर्चापेक्षा कमी मिळत असल्याने देशभरातील शेतकरी पेटला आहे,कांद्याचे भाव उत्पादन खर्चापेक्षा कमी मिळत असल्याने देशभरातील शेतकरी पेटला आहे,कांद्याचे भाव उत्पादन खर्चापेक्षा कमी मिळत असल्याने देशभरातील शेतकरी पेटला आहे,कांद्याचे भाव उत्पादन खर्चापेक्षा कमी मिळत असल्याने देशभरातील शेतकरी पेटला आहे,0.0,0.0,1,5.92
sample_00883,D:\marathi-asr\data\vistaar_benchmarks\kathbath\marathi\wavs\844424930394068-60-m.wav,एसबीआयने आपल्या किमान शिल्लक नियमातही अनेकांना दिलासा दिला आहे,एसीबीआयने आपल्या किमान शुल्लक नियमातही अनेकांना दिलासा दिला आहे,एसबीआयने आपल्या किमान शिल्लक नियमातही अनेकांना दिलासा दिला आहे,एसीबीआयने आपल्या किमान शुल्लक नियमातही अनेकांना दिलासा दिला आहे,3.23,22.22,0,4.9
sample_00884,D:\marathi-asr\data\vistaar_benchmarks\kathbath\marathi\wavs\844424930331458-60-m.wav,अनेक गोष्टी माधुरी दीक्षित सोशल मीडियावर शेअर करत असते,अनेक गोष्टी माधुरी दीक्षित सोशल मीडियावर शेअर करत असते,अनेक गोष्टी माधुरी दीक्षित सोशल मीडियावर शेअर करत असते,अनेक गोष्टी माधुरी दीक्षित सोशल मीडियावर शेअर करत असते,0.0,0.0,1,3.83
sample_00885,D:\marathi-asr\data\vistaar_benchmarks\kathbath\marathi\wavs\844424930649799-823-m.wav,उंच इमारतीवरुन उडया मारतानाचे अनेक व्हिडिओ तुम्हाला त्यांच्या चॅनेलवर पाहायला मिळतील,उंच इमारतीवरून उड्या मारतानाचे अनेक व्हिडीिओ तुम्हाला त्यांच्या चॅनलवर पाहायला मिळतील,उंच इमारतीवरुन उडया मारतानाचे अनेक व्हिडिओ तुम्हाला त्यांच्या चॅनेलवर पाहायला मिळतील,उंच इमारतीवरून उड्या मारतानाचे अनेक व्हिडीिओ तुम्हाला त्यांच्या चॅनलवर पाहायला मिळतील,4.76,36.36,0,7.29
sample_00886,D:\marathi-asr\data\vistaar_benchmarks\kathbath\marathi\wavs\844424930394118-60-m.wav,भुजबळ गुरुजींच्या मार्गदर्शनाखाली प्रवीणने खेळामध्ये जिद्द आणि चिकाटीच्या जोरावर क्रीडा प्रबोधिनीतून यश मिळवले,भुबळ गुरुजींच्या मार्गदर्शनाखालील प्रवीणने खेळाांमध्ये जिद्द आणि चिकाटीच्या जोरावर क्रीडासबोधीतून यश मिळवले,भुजबळ गुरुजींच्या मार्गदर्शनाखाली प्रवीणने खेळामध्ये जिद्द आणि चिकाटीच्या जोरावर क्रीडा प्रबोधिनीतून यश मिळवले,भुबळ गुरुजींच्या मार्गदर्शनाखालील प्रवीणने खेळाांमध्ये जिद्द आणि चिकाटीच्या जोरावर क्रीडासबोधीतून यश मिळवले,9.09,38.46,0,7.52
sample_00887,D:\marathi-asr\data\vistaar_benchmarks\kathbath\marathi\wavs\844424930819844-6-m.wav,त्यामुळे समुद्रात मोठं मोठ्या माशांमध्ये देखील तो सुरक्षित राहतो,त्यामुळे समुद्रात मोठमोठ्या माशांमध्ये देखील तो सुरक्षित राहतो,त्यामुळे समुद्रात मोठं मोठ्या माशांमध्ये देखील तो सुरक्षित राहतो,त्यामुळे समुद्रात मोठमोठ्या माशांमध्ये देखील तो सुरक्षित राहतो,3.12,22.22,0,6.27
sample_00888,D:\marathi-asr\data\vistaar_benchmarks\kathbath\marathi\wavs\844424930649739-823-m.wav,मधल्या फळीत एकाला मोठी खेळी करावी लागेल तर दुसऱ्याने डाव सावरला पाहिजे,मधल्या फळीत एकाला मोठी खेळी करावी लागेल तर दुसऱ्याने डाव सावरला पाहिजे,मधल्या फळीत एकाला मोठी खेळी करावी लागेल तर दुसऱ्याने डाव सावरला पाहिजे,मधल्या फळीत एकाला मोठी खेळी करावी लागेल तर दुसऱ्याने डाव सावरला पाहिजे,2.82,8.33,0,6.29
sample_00889,D:\marathi-asr\data\vistaar_benchmarks\kathbath\marathi\wavs\844424930394060-60-m.wav,हे घड्याळ गेल्या वर्षी आंतरराष्ट्रीय स्तरावर लॉन्च करण्यात आलं होतं,हे घडाळ गेल्या वर्षी आंतरराष्ट्रीय स्तरावर लाँच करण्यात आल होतं,हे घड्याळ गेल्या वर्षी आंतरराष्ट्रीय स्तरावर लॉन्च करण्यात आलं होतं,हे घडाळ गेल्या वर्षी आंतरराष्ट्रीय स्तरावर लाँच करण्यात आल होतं,8.96,30.0,0,4.64
sample_00890,D:\marathi-asr\data\vistaar_benchmarks\kathbath\marathi\wavs\844424930344964-60-m.wav,या चारही घटनांचे धागेदोरे एकमेकांत गुंतले असल्याचे विविध तपास यंत्रणांच्या तपासातून समोर आले आहे,चारही घटनांचे धागेदोरे एकमेकांात गुंतले असल्याचे विविध तपास यंत्रज्ञाच्या तपासातून समोर आले आहे,या चारही घटनांचे धागेदोरे एकमेकांत गुंतले असल्याचे विविध तपास यंत्रणांच्या तपासातून समोर आले आहे,चारही घटनांचे धागेदोरे एकमेकांात गुंतले असल्याचे विविध तपास यंत्रज्ञाच्या तपासातून समोर आले आहे,8.33,21.43,0,7.2
sample_00891,D:\marathi-asr\data\vistaar_benchmarks\kathbath\marathi\wavs\844424930331452-60-m.wav,तुम्ही बांगलादेशात जाऊन आल्यामुळे तेथे शक्तितत्त्व कार्यरत झाले आहे,तुम्ही बांगलादेशात जाऊन आल्यामुळे तेथे शक्तितत्त्व कार्यरत झाले आहेत,तुम्ही बांगलादेशात जाऊन आल्यामुळे तेथे शक्तितत्त्व कार्यरत झाले आहे,तुम्ही बांगलादेशात जाऊन आल्यामुळे तेथे शक्तितत्त्व कार्यरत झाले आहेत,1.49,11.11,0,4.92
sample_00892,D:\marathi-asr\data\vistaar_benchmarks\kathbath\marathi\wavs\844424930649722-823-m.wav,अगाथा ख्रिस्ती या लेखिकेच्या २७ इंग्रजी कादंबऱ्यांचा मराठी अनुवादही त्यांनी केला होता,अगाथा ख्रिस्ती या लेखिकेच्या सत्तावीस इंग्रजी कादंबऱ्यांचा मराठी अनुवादही त्यांनी केला होता,अगाथा ख्रिस्ती या लेखिकेच्या २७ इंग्रजी कादंबऱ्यांचा मराठी अनुवादही त्यांनी केला होता,अगाथा ख्रिस्ती या लेखिकेच्या सत्तावीस इंग्रजी कादंबऱ्यांचा मराठी अनुवादही त्यांनी केला होता,11.63,16.67,0,8.36
sample_00893,D:\marathi-asr\data\vistaar_benchmarks\kathbath\marathi\wavs\844424930649784-823-m.wav,नियमित मासिक पाळी येणं आणि ती नियंत्रित व आसविरहीत असणं गर्भधारणेसाठी आवश्यक आहे,नियमित मासिक पाळी येणं आणि ती नियंत्रित व आसविरहित असणं गर्भधारणेसाठी आवश्यक आहे,नियमित मासिक पाळी येणं आणि ती नियंत्रित व आसविरहीत असणं गर्भधारणेसाठी आवश्यक आहे,नियमित मासिक पाळी येणं आणि ती नियंत्रित व आसविरहित असणं गर्भधारणेसाठी आवश्यक आहे,1.25,7.69,0,8.22
sample_00894,D:\marathi-asr\data\vistaar_benchmarks\kathbath\marathi\wavs\844424930649756-823-m.wav,यावेळच्या विधानसभा निवडणुकीत आपल्या मुलामुळं वडिलांची प्रतिष्ठा पणाला लागलेली पाहायला मिळतेय,यावेळच्या विधानसभा निवडणुकीत आपल्या मुलामुळं वडिलांची प्रतिष्ठा पणाला लागलेली पाहायला मिळते,यावेळच्या विधानसभा निवडणुकीत आपल्या मुलामुळं वडिलांची प्रतिष्ठा पणाला लागलेली पाहायला मिळतेय,यावेळच्या विधानसभा निवडणुकीत आपल्या मुलामुळं वडिलांची प्रतिष्ठा पणाला लागलेली पाहायला मिळते,1.09,9.09,0,8.57
sample_00895,D:\marathi-asr\data\vistaar_benchmarks\kathbath\marathi\wavs\844424930649789-823-m.wav,जगभरातील अनेक देशांनी भारताला ऑक्सिजन सिलेंडर आणि ऑक्सिजन पुरवठ्यासाठी आवश्यक घटकांची वैद्यकीय मदत पाठवली होती,जगभरातील अनेक देशांनी भारताला ऑक्सिजन सिलेंडर आणि ऑक्सिजन पुरवठ्यासाठी आवश्यक घटकांची वैद्यकीय मदत पाठवली होती,जगभरातील अनेक देशांनी भारताला ऑक्सिजन सिलेंडर आणि ऑक्सिजन पुरवठ्यासाठी आवश्यक घटकांची वैद्यकीय मदत पाठवली होती,जगभरातील अनेक देशांनी भारताला ऑक्सिजन सिलेंडर आणि ऑक्सिजन पुरवठ्यासाठी आवश्यक घटकांची वैद्यकीय मदत पाठवली होती,0.0,0.0,1,10.94
sample_00896,D:\marathi-asr\data\vistaar_benchmarks\kathbath\marathi\wavs\844424930331410-60-m.wav,श्वानपथक घराभोवती घुटमळले असल्याने चोरट्यांंचा कोणताही पुरावा सापडला नाही,शहानक घरावरती गुटमळले असल्याने चोराट्यांचा कोणताही पुरावा सापडला नाहीत,श्वानपथक घराभोवती घुटमळले असल्याने चोरट्यांंचा कोणताही पुरावा सापडला नाही,शहानक घरावरती गुटमळले असल्याने चोराट्यांचा कोणताही पुरावा सापडला नाहीत,15.07,55.56,0,4.43
sample_00897,D:\marathi-asr\data\vistaar_benchmarks\kathbath\marathi\wavs\844424930329017-60-m.wav,त्यानंतर त्यांनी दत्तात्रय चौधरी यांच्याविरुद्ध लाचलुचपत प्रतिबंधक विभागात तक्रार केली,त्यांतर त्यांनी दत्तात्रय चौधरी यांच्याविरुद्ध लाचलुचपत प्रतिबंधक विभागात तक्रार केली,त्यानंतर त्यांनी दत्तात्रय चौधरी यांच्याविरुद्ध लाचलुचपत प्रतिबंधक विभागात तक्रार केली,त्यांतर त्यांनी दत्तात्रय चौधरी यांच्याविरुद्ध लाचलुचपत प्रतिबंधक विभागात तक्रार केली,1.16,10.0,0,6.25
sample_00898,D:\marathi-asr\data\vistaar_benchmarks\kathbath\marathi\wavs\844424930328987-60-m.wav,याचीच सगळ्यात जास्त चर्चा असताना आता शेवटच्या क्षणी आणखी एक ट्विस्ट आला आहे,यांची सगळ्यात जास्त चर्चा असताना आता शेवटच्या शनी आणखी एक ट्विट आला आहे,याचीच सगळ्यात जास्त चर्चा असताना आता शेवटच्या क्षणी आणखी एक ट्विस्ट आला आहे,यांची सगळ्यात जास्त चर्चा असताना आता शेवटच्या शनी आणखी एक ट्विट आला आहे,10.67,23.08,0,5.9
sample_00899,D:\marathi-asr\data\vistaar_benchmarks\kathbath\marathi\wavs\844424930819840-6-m.wav,योग्य वेळी त्यावर उपचार करणे हाच त्यावरचा उत्तम मार्ग आहे,योग्य वेळी त्यावर उपचार करणे हाच त्यावरचा उत्तम मार्ग आहे,योग्य वेळी त्यावर उपचार करणे हाच त्यावरचा उत्तम मार्ग आहे,योग्य वेळी त्यावर उपचार करणे हाच त्यावरचा उत्तम मार्ग आहे,0.0,0.0,1,4.71
sample_00900,D:\marathi-asr\data\vistaar_benchmarks\kathbath\marathi\wavs\844424930649779-823-m.wav,कितीही पर्याय आणि वाटा शोधल्या तरीही वाहतूक कोंडी कोणाला चुकलेली नाही,कितीही पर्याय आणि वाटा शोधल्या तरीही वाहतूक कोंडी कोणाला चुकलेली नाही,कितीही पर्याय आणि वाटा शोधल्या तरीही वाहतूक कोंडी कोणाला चुकलेली नाही,कितीही पर्याय आणि वाटा शोधल्या तरीही वाहतूक कोंडी कोणाला चुकलेली नाही,0.0,0.0,1,5.78
sample_00901,D:\marathi-asr\data\vistaar_benchmarks\kathbath\marathi\wavs\844424930649728-823-m.wav,शेतकऱ्यांना कर्जमाफी देण्यात यावी अशी विधिमंडळातील १५० पेक्षा जास्त सदस्यांची मागणी आहे,शेतकऱ्यांना कर्जमाफी देण्यात यावी अशी विधिमंडळातील एकशे पन्नासपेक्षा जास्त सदस्यांची मागणी आहे,शेतकऱ्यांना कर्जमाफी देण्यात यावी अशी विधिमंडळातील १५० पेक्षा जास्त सदस्यांची मागणी आहे,शेतकऱ्यांना कर्जमाफी देण्यात यावी अशी विधिमंडळातील एकशे पन्नासपेक्षा जास्त सदस्यांची मागणी आहे,13.64,25.0,0,9.03
sample_00902,D:\marathi-asr\data\vistaar_benchmarks\kathbath\marathi\wavs\844424930649798-823-m.wav,या अधिवेशनाचे कौतुक पुणे जिल्हयासह राज्यातील अनेक पत्रकारांनी केले,या अधिवेशनाचे कौतुक पुणे जिल्ह्यासह राज्यातील अनेक पत्रकारांनी केले,या अधिवेशनाचे कौतुक पुणे जिल्हयासह राज्यातील अनेक पत्रकारांनी केले,या अधिवेशनाचे कौतुक पुणे जिल्ह्यासह राज्यातील अनेक पत्रकारांनी केले,1.52,11.11,0,6.25
sample_00903,D:\marathi-asr\data\vistaar_benchmarks\kathbath\marathi\wavs\844424930329048-60-m.wav,पतिसेवा हीच तिची गुरुसेवा आणि गृहकृत्ये हेच तिचे यज्ञकृत्य होय,प्रतिसेवा हीच तिची गुरुसेवा आणि गुरुकृते हेच तिचे यज्ञकृत्य होय,पतिसेवा हीच तिची गुरुसेवा आणि गृहकृत्ये हेच तिचे यज्ञकृत्य होय,प्रतिसेवा हीच तिची गुरुसेवा आणि गुरुकृते हेच तिचे यज्ञकृत्य होय,11.29,20.0,0,6.78
sample_00904,D:\marathi-asr\data\vistaar_benchmarks\kathbath\marathi\wavs\844424930328459-60-m.wav,माझ्या कर्जाच्या सूट वर कंबर एक बाहुली वर घट्ट असेल तर,माझ्या कर्जाच्या सूट वर कंब एक बाहुली घट्ट असेल तर,माझ्या कर्जाच्या सूट वर कंबर एक बाहुली वर घट्ट असेल तर,माझ्या कर्जाच्या सूट वर कंब एक बाहुली घट्ट असेल तर,7.41,18.18,0,4.78
sample_00905,D:\marathi-asr\data\vistaar_benchmarks\kathbath\marathi\wavs\844424930649792-823-m.wav,श्रीलंकेतील हल्ल्याच्या एक महिनाआधीच त्याची कल्पना भारतीय गुप्तचर संस्थांनी दिली होती,श्रीलंकेतील हल्ल्याच्या एक महिनाआधीच त्याची कल्पना भारतीय गुप्तचर संस्थांनी दिली होती,श्रीलंकेतील हल्ल्याच्या एक महिनाआधीच त्याची कल्पना भारतीय गुप्तचर संस्थांनी दिली होती,श्रीलंकेतील हल्ल्याच्या एक महिनाआधीच त्याची कल्पना भारतीय गुप्तचर संस्थांनी दिली होती,0.0,0.0,1,7.83
sample_00906,D:\marathi-asr\data\vistaar_benchmarks\kathbath\marathi\wavs\844424930819816-6-m.wav,एकही एकही गोळी न चालवता चीनने आपले २० जवान मारले आहेत,एकही एकही गोळी न चालवता चीनने आपले वीज जवान मारले आहेत,एकही एकही गोळी न चालवता चीनने आपले २० जवान मारले आहेत,एकही एकही गोळी न चालवता चीनने आपले वीज जवान मारले आहेत,5.66,9.09,0,6.48
sample_00907,D:\marathi-asr\data\vistaar_benchmarks\kathbath\marathi\wavs\844424930394049-60-m.wav,डिजिटल विक्रीसाठी सरते शेवटी हे प्रमाणित केले गेले होते,डिजिटल विकासासाठी सरते शेवटी हे प्रामाणिक केले गेले होते,डिजिटल विक्रीसाठी सरते शेवटी हे प्रमाणित केले गेले होते,डिजिटल विकासासाठी सरते शेवटी हे प्रामाणिक केले गेले होते,9.09,22.22,0,4.64
sample_00908,D:\marathi-asr\data\vistaar_benchmarks\kathbath\marathi\wavs\844424930746734-6-m.wav,जामिनावर मुक्तता झालेल्या अशोकने पोलिसांवर गंभीर आरोप केले आहेत,जामिनावर मुक्तता झालेल्या अशोकने पोलिसांवर गंभीर आरोप केले आहेत,जामिनावर मुक्तता झालेल्या अशोकने पोलिसांवर गंभीर आरोप केले आहेत,जामिनावर मुक्तता झालेल्या अशोकने पोलिसांवर गंभीर आरोप केले आहेत,0.0,0.0,1,7.04
sample_00909,D:\marathi-asr\data\vistaar_benchmarks\kathbath\marathi\wavs\844424930331421-60-m.wav,नैराश्याने ग्रासलेल्या कदम याने २३ मार्च रोजी मंत्रालयाच्या दारात विष प्राशन केले होते,निराशाने ग्रासलेल्या कदम यांनी तेवीस मार्च रोजी मंत्रालयाच्या दारात विषप्राशन केले होते,नैराश्याने ग्रासलेल्या कदम याने २३ मार्च रोजी मंत्रालयाच्या दारात विष प्राशन केले होते,निराशाने ग्रासलेल्या कदम यांनी तेवीस मार्च रोजी मंत्रालयाच्या दारात विषप्राशन केले होते,12.79,38.46,0,5.99
sample_00910,D:\marathi-asr\data\vistaar_benchmarks\kathbath\marathi\wavs\844424930819814-6-m.wav,मात्र स्वीकृत सदस्य नियुक्तीसाठी सभा घेण्याचे टाळले जात होते,मात्र स्वीकृत सदस्य नियुक्तीसाठी सभा घेण्याचे टाळले जात होते,मात्र स्वीकृत सदस्य नियुक्तीसाठी सभा घेण्याचे टाळले जात होते,मात्र स्वीकृत सदस्य नियुक्तीसाठी सभा घेण्याचे टाळले जात होते,0.0,0.0,1,6.25
sample_00911,D:\marathi-asr\data\vistaar_benchmarks\kathbath\marathi\wavs\844424930649818-823-m.wav,त्यामुळे तीनशे रुपयाच्या खतांच्या गोणीबरोबरच दुसरी सुद्धा खताची गोणी खरेदी करावी लागत आहे,त्यामुळे तीनशे रुपयाच्या खतांच्या गोणीबरोबरच दुसरीसुद्धा खताांची गोणी खरेदी करावी लागत आहे,त्यामुळे तीनशे रुपयाच्या खतांच्या गोणीबरोबरच दुसरी सुद्धा खताची गोणी खरेदी करावी लागत आहे,त्यामुळे तीनशे रुपयाच्या खतांच्या गोणीबरोबरच दुसरीसुद्धा खताांची गोणी खरेदी करावी लागत आहे,3.37,23.08,0,8.8
sample_00912,D:\marathi-asr\data\vistaar_benchmarks\kathbath\marathi\wavs\844424930819873-6-m.wav,या चारही आरोपींच्या शवविच्छेदनाचे व्हिडीओ चित्रीकरणही करण्यात आले आहे,या चारही आरोपींच्या शवविच्छेदनाचे व्हिडीिओ चित्रीकरणही करण्यात आले आहे,या चारही आरोपींच्या शवविच्छेदनाचे व्हिडीओ चित्रीकरणही करण्यात आले आहे,या चारही आरोपींच्या शवविच्छेदनाचे व्हिडीिओ चित्रीकरणही करण्यात आले आहे,1.45,11.11,0,7.59
sample_00913,D:\marathi-asr\data\vistaar_benchmarks\kathbath\marathi\wavs\844424930819888-6-m.wav,करिनाच्या याच बर्थडे पार्टीचे फोटो आणि व्हिडीओ सोशल मीडियावर व्हायरल होत आहेत,करीनाच्या याच बर्थडे पार्टीचे फोटो आणि व्हिडीिओ सोशल मीडियावर व्हायरल होत आहेत,करिनाच्या याच बर्थडे पार्टीचे फोटो आणि व्हिडीओ सोशल मीडियावर व्हायरल होत आहेत,करीनाच्या याच बर्थडे पार्टीचे फोटो आणि व्हिडीिओ सोशल मीडियावर व्हायरल होत आहेत,2.6,16.67,0,6.52
sample_00914,D:\marathi-asr\data\vistaar_benchmarks\kathbath\marathi\wavs\844424930746708-6-m.wav,त्यामुळे बंगालची वाटचाल राष्ट्रपती राजवटीच्या दिशेनं सुरु आहे का असाही सवाल उपस्थित होतोय,त्यामुळे बंगालची वाटचाल राष्ट्रपती राजवटीच्या दिशेने सुरू आहे का असाही सवाल उपस्थित होतोय,त्यामुळे बंगालची वाटचाल राष्ट्रपती राजवटीच्या दिशेनं सुरु आहे का असाही सवाल उपस्थित होतोय,त्यामुळे बंगालची वाटचाल राष्ट्रपती राजवटीच्या दिशेने सुरू आहे का असाही सवाल उपस्थित होतोय,2.25,15.38,0,9.17
sample_00915,D:\marathi-asr\data\vistaar_benchmarks\kathbath\marathi\wavs\844424930345010-60-m.wav,ज्यावेळी त्याला अटक केली तेव्हा तो नशेत होता असेही पोलिसांनी सांगितले होते,ज्यावेळी त्याला अटक केली तेव्हा तो नशेत होता असे पोलिसांनी सांगितले होते,ज्यावेळी त्याला अटक केली तेव्हा तो नशेत होता असेही पोलिसांनी सांगितले होते,ज्यावेळी त्याला अटक केली तेव्हा तो नशेत होता असे पोलिसांनी सांगितले होते,2.7,8.33,0,4.5
sample_00916,D:\marathi-asr\data\vistaar_benchmarks\kathbath\marathi\wavs\844424930329049-60-m.wav,एक दोन नव्हे तर तब्बल सोळा प्रकारच्या बुरशी नोटांवर असल्याचं उजेडात आलंय,दो नव्हेेत तब्बल सोळा प्रकारच्या बुरशी नोटांवर असल्याच्या उजेडात आला आहे,एक दोन नव्हे तर तब्बल सोळा प्रकारच्या बुरशी नोटांवर असल्याचं उजेडात आलंय,दो नव्हेेत तब्बल सोळा प्रकारच्या बुरशी नोटांवर असल्याच्या उजेडात आला आहे,19.44,58.33,0,4.57
sample_00917,D:\marathi-asr\data\vistaar_benchmarks\kathbath\marathi\wavs\844424930394137-60-m.wav,अभिजीतनं स्वाती चतुर्वेदी नावाच्या एका पत्रकाराविषयी अपमानजनक ट्विट्सची मालिकाच प्रसिद्ध केली होती,अभिजितन स्वाती चतुर्वेदी नावाच्या एका पत्रकाराविषयी अपमानजनक ट्विटरची मालिकाच प्रसिद्ध केली होती,अभिजीतनं स्वाती चतुर्वेदी नावाच्या एका पत्रकाराविषयी अपमानजनक ट्विट्सची मालिकाच प्रसिद्ध केली होती,अभिजितन स्वाती चतुर्वेदी नावाच्या एका पत्रकाराविषयी अपमानजनक ट्विटरची मालिकाच प्रसिद्ध केली होती,4.08,16.67,0,7.5
sample_00918,D:\marathi-asr\data\vistaar_benchmarks\kathbath\marathi\wavs\844424930819887-6-m.wav,सुहास पेडणेकर यांच्या अध्यक्षतेखाली राज्यस्तरीय समिती गठीत केली होती,सुहास पेडणेकर यांच्या अध्यक्षतेखाली राज्यस्तरीय समिती गठीत केली होती,सुहास पेडणेकर यांच्या अध्यक्षतेखाली राज्यस्तरीय समिती गठीत केली होती,सुहास पेडणेकर यांच्या अध्यक्षतेखाली राज्यस्तरीय समिती गठीत केली होती,0.0,0.0,1,8.01
sample_00919,D:\marathi-asr\data\vistaar_benchmarks\kathbath\marathi\wavs\844424930649781-823-m.wav,कंगनाच्या वडिलांनीही राज्यातील पोलिसांना पत्र लिहून सुरक्षा देण्याची मागणी केली,कंगनाच्या वडिलांनीही राज्यातील पोलिसांना पत्र लिहून सुरक्षा देण्याची मागणी केली,कंगनाच्या वडिलांनीही राज्यातील पोलिसांना पत्र लिहून सुरक्षा देण्याची मागणी केली,कंगनाच्या वडिलांनीही राज्यातील पोलिसांना पत्र लिहून सुरक्षा देण्याची मागणी केली,0.0,0.0,1,6.62
sample_00920,D:\marathi-asr\data\vistaar_benchmarks\kathbath\marathi\wavs\844424930323299-60-m.wav,या शेतकऱ्यांना कोरोनाच्या पार्श्वभूमीवर कोणताही दिलासा शासनाकडून देण्यात आलेला नाही,या शेतकऱ्यांना कोरोनाच्या पार्श्वभूमीवर कोणत्याही दिलासा शासनाकडून देण्यात आलेला नाही,या शेतकऱ्यांना कोरोनाच्या पार्श्वभूमीवर कोणताही दिलासा शासनाकडून देण्यात आलेला नाही,या शेतकऱ्यांना कोरोनाच्या पार्श्वभूमीवर कोणत्याही दिलासा शासनाकडून देण्यात आलेला नाही,4.76,20.0,0,6.15
sample_00921,D:\marathi-asr\data\vistaar_benchmarks\kathbath\marathi\wavs\844424930649748-823-m.wav,असे प्रश्न उपस्थित करत शेट्टी यांनी प्रशासनावर ताशेरे ओढले,असे प्रश्न उपस्थित करत शेट्टी यांनी प्रशासनावर ताशेरे ओढले,असे प्रश्न उपस्थित करत शेट्टी यांनी प्रशासनावर ताशेरे ओढले,असे प्रश्न उपस्थित करत शेट्टी यांनी प्रशासनावर ताशेरे ओढले,0.0,0.0,1,6.34
sample_00922,D:\marathi-asr\data\vistaar_benchmarks\kathbath\marathi\wavs\844424930649757-823-m.wav,हिंदुस्थान संघाचा माजी कर्णधार महेंद्र सिंह धोनी सध्या सुट्टीचा आनंद घेतोय,हिंदुस्थान संघाचा माजी कर्णधार महेंद्रसिंह धोनी सध्या सुट्टीचा आनंद घेतोय,हिंदुस्थान संघाचा माजी कर्णधार महेंद्र सिंह धोनी सध्या सुट्टीचा आनंद घेतोय,हिंदुस्थान संघाचा माजी कर्णधार महेंद्रसिंह धोनी सध्या सुट्टीचा आनंद घेतोय,1.35,18.18,0,7.29
sample_00923,D:\marathi-asr\data\vistaar_benchmarks\kathbath\marathi\wavs\844424930649743-823-m.wav,त्यामुळे चारा छावण्या सुरू करण्याची मागणी शेतकर्यांमधून सातत्याने होऊ लागली होती,त्यामुळे चारा छावण्यास सुरू करण्याची मागणी शेतकऱ्यांमधून सातत्याने होऊ लागली होती,त्यामुळे चारा छावण्या सुरू करण्याची मागणी शेतकर्यांमधून सातत्याने होऊ लागली होती,त्यामुळे चारा छावण्यास सुरू करण्याची मागणी शेतकऱ्यांमधून सातत्याने होऊ लागली होती,2.5,18.18,0,6.34
sample_00924,D:\marathi-asr\data\vistaar_benchmarks\kathbath\marathi\wavs\844424930329026-60-m.wav,प्रमुख खरीप हंगामातील सोयाबीन गेले तरी तुरीच्या उत्पादनातून काही प्रमाणात कसर भरून निघत असे,प्रमुख खरीप हंगामातील सोयाबीन गेले तरी तुरीच्या उत्पादनातून काही प्रमाणात कसर भरून निघत असे,प्रमुख खरीप हंगामातील सोयाबीन गेले तरी तुरीच्या उत्पादनातून काही प्रमाणात कसर भरून निघत असे,प्रमुख खरीप हंगामातील सोयाबीन गेले तरी तुरीच्या उत्पादनातून काही प्रमाणात कसर भरून निघत असे,0.0,0.0,1,7.08
sample_00925,D:\marathi-asr\data\vistaar_benchmarks\kathbath\marathi\wavs\844424930810101-6-m.wav,३ जुलैला वसईच्या विद्याविकासनि शाळेच्या आवारात एका मुलोचा मृतदेह नग्न अवस्थेत आढळला होता,तीन जुलैला वसईच्या विद्याविकासिनी शाळेच्या आवारात एका मुलाचा मृतदेह नग्नावस्थेत आढळला होता,३ जुलैला वसईच्या विद्याविकासनि शाळेच्या आवारात एका मुलोचा मृतदेह नग्न अवस्थेत आढळला होता,तीन जुलैला वसईच्या विद्याविकासिनी शाळेच्या आवारात एका मुलाचा मृतदेह नग्नावस्थेत आढळला होता,9.09,38.46,0,10.31
sample_00926,D:\marathi-asr\data\vistaar_benchmarks\kathbath\marathi\wavs\844424930819831-6-m.wav,रायुडूने याच संघ व्यवस्थापनाच्या ढिसाळ कारभारावर बोट ठेवत नाराजी व्यक्त केली होती,रायडूनूने याच संघ व्यवस्थापनाच्या ढिसाळ कारभारावर बोट ठेवत नाराजी व्यक्त केली होती,रायुडूने याच संघ व्यवस्थापनाच्या ढिसाळ कारभारावर बोट ठेवत नाराजी व्यक्त केली होती,रायडूनूने याच संघ व्यवस्थापनाच्या ढिसाळ कारभारावर बोट ठेवत नाराजी व्यक्त केली होती,3.7,8.33,0,8.43
sample_00927,D:\marathi-asr\data\vistaar_benchmarks\kathbath\marathi\wavs\844424930331388-60-m.wav,सगळ्यात जास्त शोधल्या जाणाऱ्या भारतीय कोचमध्ये बांगर हा पहिल्या क्रमांकावर आहे,सागत जास्त शोधल्या जाणाऱ्या भारतीय कोचमध्ये बांंगर हा पहिल्या क्रमांकावर आहेत,सगळ्यात जास्त शोधल्या जाणाऱ्या भारतीय कोचमध्ये बांगर हा पहिल्या क्रमांकावर आहे,सागत जास्त शोधल्या जाणाऱ्या भारतीय कोचमध्ये बांंगर हा पहिल्या क्रमांकावर आहेत,11.39,36.36,0,5.69
sample_00928,D:\marathi-asr\data\vistaar_benchmarks\kathbath\marathi\wavs\844424930649778-823-m.wav,या बैठकीला सुप्रिया सुळे आणि अजित पवारांचे धाकटे बंधू श्रीनिवास पवार देखील उपस्थित होते,या बैठकीला सुप्रिया सुळे आणि अजित पवारांचे धाकटे बंधू श्रीनिवास पवार हे देखील उपस्थित होते,या बैठकीला सुप्रिया सुळे आणि अजित पवारांचे धाकटे बंधू श्रीनिवास पवार देखील उपस्थित होते,या बैठकीला सुप्रिया सुळे आणि अजित पवारांचे धाकटे बंधू श्रीनिवास पवार हे देखील उपस्थित होते,3.45,7.14,0,7.64
sample_00929,D:\marathi-asr\data\vistaar_benchmarks\kathbath\marathi\wavs\844424930746775-6-m.wav,स्वतः पायलच्या आईने वेळोवेळी जाऊन प्रशासनाला जागे करण्याचा प्रयत्न केला,स्वतः पायलच्या आईने वेळोवेळी जाऊन प्रशासनाला जागे करण्याचा प्रयत्न केला,स्वतः पायलच्या आईने वेळोवेळी जाऊन प्रशासनाला जागे करण्याचा प्रयत्न केला,स्वतः पायलच्या आईने वेळोवेळी जाऊन प्रशासनाला जागे करण्याचा प्रयत्न केला,0.0,0.0,1,8.41
sample_00930,D:\marathi-asr\data\vistaar_benchmarks\kathbath\marathi\wavs\844424930649782-823-m.wav,मुलीने आधी स्वतःला राजकुमारी म्हणून पाहिले असले पाहिजे परंतु ती कार्य करीत नाही,मुलीने आधी स्वतःला राजकुमारी म्हणून पाहिले असले पाहिजे परंतु ती कार्य करत नाही,मुलीने आधी स्वतःला राजकुमारी म्हणून पाहिले असले पाहिजे परंतु ती कार्य करीत नाही,मुलीने आधी स्वतःला राजकुमारी म्हणून पाहिले असले पाहिजे परंतु ती कार्य करत नाही,1.27,7.69,0,6.43
sample_00931,D:\marathi-asr\data\vistaar_benchmarks\kathbath\marathi\wavs\844424930819862-6-m.wav,त्या गावात पाण्याची समस्या संपेपर्यंत हे टँकर सुरू राहणार आहेत,त्या गावात पाण्याची समस्या संपेपर्यंत हे टँकर सुरू राहणार आहेत,त्या गावात पाण्याची समस्या संपेपर्यंत हे टँकर सुरू राहणार आहेत,त्या गावात पाण्याची समस्या संपेपर्यंत हे टँकर सुरू राहणार आहेत,0.0,0.0,1,6.41
sample_00932,D:\marathi-asr\data\vistaar_benchmarks\kathbath\marathi\wavs\844424930331409-60-m.wav,त्यामुळेच तो तीन दिवसांपूर्वी केईएम रुग्णालयात दाखल झाला होता,त्यामुळेच तो तीन दिवसांपूर्वी एईएम रुग्णालयात दाखल झाला होता,त्यामुळेच तो तीन दिवसांपूर्वी केईएम रुग्णालयात दाखल झाला होता,त्यामुळेच तो तीन दिवसांपूर्वी एईएम रुग्णालयात दाखल झाला होता,3.28,11.11,0,4.32
sample_00933,D:\marathi-asr\data\vistaar_benchmarks\kathbath\marathi\wavs\844424930328390-60-m.wav,खरे तर गंधक किती लागते याचा अंदाज शेतकरी बांधव लावू शकत नाही,खरे तर गंधक किती लागेल याचा अंदाज शेतकरी बांधव लावू शकत नाही,खरे तर गंधक किती लागते याचा अंदाज शेतकरी बांधव लावू शकत नाही,खरे तर गंधक किती लागेल याचा अंदाज शेतकरी बांधव लावू शकत नाही,3.33,8.33,0,4.97
sample_00934,D:\marathi-asr\data\vistaar_benchmarks\kathbath\marathi\wavs\844424930323319-60-m.wav,याप्रकरणी पोलिस आयुक्तांनी तीव्र नाराजी व्यक्त करत संबंधित पोलिस ठाण्याच्या प्रमुखाला वायरलेसवरूनच सुनावले,याप्रकरणी पोिस आयुक्तांनी तीव्र नाराजी व्यक्त करत संबंधित पोिस ठाण्याच्या प्रमुखाला वायरलेसवरूनच सुनावले,याप्रकरणी पोलिस आयुक्तांनी तीव्र नाराजी व्यक्त करत संबंधित पोलिस ठाण्याच्या प्रमुखाला वायरलेसवरूनच सुनावले,याप्रकरणी पोिस आयुक्तांनी तीव्र नाराजी व्यक्त करत संबंधित पोिस ठाण्याच्या प्रमुखाला वायरलेसवरूनच सुनावले,1.89,15.38,0,7.06
sample_00935,D:\marathi-asr\data\vistaar_benchmarks\kathbath\marathi\wavs\844424930819872-6-m.wav,सदर आक्षेपक मस्करी करण्याऐवजी सकारात्मकपणे या उपक्रमात सामील झाल्यास अधिक आनंद होईल,सदर आक्षेपक मस्करी करण्याऐवजी सकारात्मकपणे उपक्रमात सामील झाल्यास अधिक आनंद होईल,सदर आक्षेपक मस्करी करण्याऐवजी सकारात्मकपणे या उपक्रमात सामील झाल्यास अधिक आनंद होईल,सदर आक्षेपक मस्करी करण्याऐवजी सकारात्मकपणे उपक्रमात सामील झाल्यास अधिक आनंद होईल,3.61,8.33,0,9.98
sample_00936,D:\marathi-asr\data\vistaar_benchmarks\kathbath\marathi\wavs\844424930649752-823-m.wav,कानाच्या खालच्या पाळीपेक्षाही लहान असलेले टॉप्स रोजच्या वापरात घातले जातात,कानाच्या खालच्या पाळीपेक्षाही लहान असलेले टॉप्स रोजच्या वापरात घातले जातात,कानाच्या खालच्या पाळीपेक्षाही लहान असलेले टॉप्स रोजच्या वापरात घातले जातात,कानाच्या खालच्या पाळीपेक्षाही लहान असलेले टॉप्स रोजच्या वापरात घातले जातात,0.0,0.0,1,7.27
sample_00937,D:\marathi-asr\data\vistaar_benchmarks\kathbath\marathi\wavs\844424930819845-6-m.wav,मात्र नोकरीला लाथ मारुन त्यांनी आपले सारे जीवन बेरड रामोशी समाजाच्या उत्थानासाठी खर्ची घातले आहे,मात्र नोकरीला लात मारून त्यांनी आपले सारे जीवन बेरड्रामोशी समाजाच्या उत्थानासाठी खर्च घातली आहे,मात्र नोकरीला लाथ मारुन त्यांनी आपले सारे जीवन बेरड रामोशी समाजाच्या उत्थानासाठी खर्ची घातले आहे,मात्र नोकरीला लात मारून त्यांनी आपले सारे जीवन बेरड्रामोशी समाजाच्या उत्थानासाठी खर्च घातली आहे,5.21,40.0,0,10.96
sample_00938,D:\marathi-asr\data\vistaar_benchmarks\kathbath\marathi\wavs\844424930746739-6-m.wav,अनिकेत आणि त्याच्या मित्रांनी काही दिवसांपूर्वी व्हॉट्सऍपचा एक ग्रुप तयार केला,अनिकेत आणि त्याच्या मित्रांनी काही दिवसांपूर्वी व्हॉट्सॅपचा एक ग्रुप तयार केला,अनिकेत आणि त्याच्या मित्रांनी काही दिवसांपूर्वी व्हॉट्सऍपचा एक ग्रुप तयार केला,अनिकेत आणि त्याच्या मित्रांनी काही दिवसांपूर्वी व्हॉट्सॅपचा एक ग्रुप तयार केला,1.28,9.09,0,7.2
sample_00939,D:\marathi-asr\data\vistaar_benchmarks\kathbath\marathi\wavs\844424930394102-60-m.wav,एके दिवशी समोरच्या मुलांवर चिडलो आणि त्याच चिडलेल्या अवस्थेत रिक्षात बसलो,एके दिवशी समोरच्या मुलांवरच चिडलो आणि त्या चिडलेल्या अवस्थेत रिक्षात बसलो,एके दिवशी समोरच्या मुलांवर चिडलो आणि त्याच चिडलेल्या अवस्थेत रिक्षात बसलो,एके दिवशी समोरच्या मुलांवरच चिडलो आणि त्या चिडलेल्या अवस्थेत रिक्षात बसलो,2.74,18.18,0,5.43
sample_00940,D:\marathi-asr\data\vistaar_benchmarks\kathbath\marathi\wavs\844424930746784-6-m.wav,खासगी हाय प्रोफाइल फॅमिली पार्टीज मध्ये नग्न स्त्रीयांचे नृत्य आनंदाने मान्य होते,खाजगी हाय प्रोफाईल फॅमिली पार्टीजमध्ये नग्न स्त्रियांचे नृत्य आनंदाने मान्य होते,खासगी हाय प्रोफाइल फॅमिली पार्टीज मध्ये नग्न स्त्रीयांचे नृत्य आनंदाने मान्य होते,खाजगी हाय प्रोफाईल फॅमिली पार्टीजमध्ये नग्न स्त्रियांचे नृत्य आनंदाने मान्य होते,4.94,41.67,0,8.38
sample_00941,D:\marathi-asr\data\vistaar_benchmarks\kathbath\marathi\wavs\844424930746754-6-m.wav,एवढेच नाही तर शेरा सलमानच्या सांगण्यावरुन अनेकदा कॅटरिनाचा बॉडीगार्ड देखील बनला आहे,एवढेच नाही तर शेरा सलमानच्या सांगण्यावरून अनेकदा कॅटरिनाचा बॉडीगार्ड देखील बनला आहे,एवढेच नाही तर शेरा सलमानच्या सांगण्यावरुन अनेकदा कॅटरिनाचा बॉडीगार्ड देखील बनला आहे,एवढेच नाही तर शेरा सलमानच्या सांगण्यावरून अनेकदा कॅटरिनाचा बॉडीगार्ड देखील बनला आहे,1.2,8.33,0,8.48
sample_00942,D:\marathi-asr\data\vistaar_benchmarks\kathbath\marathi\wavs\844424930323269-60-m.wav,पण आधीच्या सरकारला हे काम वेळेत पूर्ण करता आले नसावे,पण आधीच्या सरकारला हे काम वेळेतच पूर्ण करता आले नसावे,पण आधीच्या सरकारला हे काम वेळेत पूर्ण करता आले नसावे,पण आधीच्या सरकारला हे काम वेळेतच पूर्ण करता आले नसावे,1.92,10.0,0,4.53
sample_00943,D:\marathi-asr\data\vistaar_benchmarks\kathbath\marathi\wavs\844424930328370-60-m.wav,त्याच्या या सवयी शूटिंगच्या दरम्यान मात्र मेकर्स साठी डोकेदुखी बनतात,त्याच्या या सवय शूटिंगसाठी दरम्यान मात्र मेकर्ससाठी डोकेदुखी बनतात,त्याच्या या सवयी शूटिंगच्या दरम्यान मात्र मेकर्स साठी डोकेदुखी बनतात,त्याच्या या सवय शूटिंगसाठी दरम्यान मात्र मेकर्ससाठी डोकेदुखी बनतात,8.82,40.0,0,5.15
sample_00944,D:\marathi-asr\data\vistaar_benchmarks\kathbath\marathi\wavs\844424930331403-60-m.wav,इमानेइतबारे व्यवसाय करणारा ह घटक तसा उपेक्षित राहिला आहे,इवमाने इतर बारे व्यवसाय करणारा हा घटक तसाच उपेक्षित राहिला आहे,इमानेइतबारे व्यवसाय करणारा ह घटक तसा उपेक्षित राहिला आहे,इवमाने इतर बारे व्यवसाय करणारा हा घटक तसाच उपेक्षित राहिला आहे,10.71,55.56,0,5.27
sample_00945,D:\marathi-asr\data\vistaar_benchmarks\kathbath\marathi\wavs\844424930394108-60-m.wav,यात विविध क्षेत्रातील तज्ञ डॉक्टर ध्वनिचित्र फितीच्या माध्यमातून मार्गदर्शन करणार आहेत,यात विविध क्षेत्रातील तज्ज्ञ डॉ धोनी चित्रफितीच्या माध्यमातून मार्गदर्शन करणार आहेत,यात विविध क्षेत्रातील तज्ञ डॉक्टर ध्वनिचित्र फितीच्या माध्यमातून मार्गदर्शन करणार आहेत,यात विविध क्षेत्रातील तज्ज्ञ डॉ धोनी चित्रफितीच्या माध्यमातून मार्गदर्शन करणार आहेत,12.79,36.36,0,5.92
sample_00946,D:\marathi-asr\data\vistaar_benchmarks\kathbath\marathi\wavs\844424930329036-60-m.wav,या वर्षभरातील खेळाडूंच्या कामगिरीच्या आधारे या चार खेळाडूंची निवड करण्यात आली आहे,या वर्षभरातील खेळाडूंच्या कामगिरीच्या आधारे या चार खेळाडूंची निवड करण्यात आली आहे,या वर्षभरातील खेळाडूंच्या कामगिरीच्या आधारे या चार खेळाडूंची निवड करण्यात आली आहे,या वर्षभरातील खेळाडूंच्या कामगिरीच्या आधारे या चार खेळाडूंची निवड करण्यात आली आहे,0.0,0.0,1,6.25
sample_00947,D:\marathi-asr\data\vistaar_benchmarks\kathbath\marathi\wavs\844424930746742-6-m.wav,त्यांनी राम जन्मभूमि ट्रस्टला पवित्र जल व माती सुपुर्द केली,त्यांनी राम जन्मभूमी ट्रस्टला पवित्र जल व माती सुपूर्द केली,त्यांनी राम जन्मभूमि ट्रस्टला पवित्र जल व माती सुपुर्द केली,त्यांनी राम जन्मभूमी ट्रस्टला पवित्र जल व माती सुपूर्द केली,3.39,20.0,0,6.64
sample_00948,D:\marathi-asr\data\vistaar_benchmarks\kathbath\marathi\wavs\844424930649794-823-m.wav,पण नंतर रुग्णसंख्या आटोक्यात आणण्यावर सगळा भर गेला आणि ही भीती नाहीशी झाली,पण नंतर रुग्णसंख्या आटोक्यात आणण्यावर सगळा भर गेला आणि ही भीती नाहीशी झाली,पण नंतर रुग्णसंख्या आटोक्यात आणण्यावर सगळा भर गेला आणि ही भीती नाहीशी झाली,पण नंतर रुग्णसंख्या आटोक्यात आणण्यावर सगळा भर गेला आणि ही भीती नाहीशी झाली,0.0,0.0,1,7.85
sample_00949,D:\marathi-asr\data\vistaar_benchmarks\kathbath\marathi\wavs\844424930810099-6-m.wav,सिंचन प्रकल्पांच्या या वाढलेल्या किंमतीबाबत मुख्यमंत्र्यांनी खुलासा करावा अशी मागणीही राष्ट्रवादीने केली आहे,सिंचन प्रकल्पांच्या या वाढलेल्या किंमतीबाबत मुख्यमंत्र्यांनी खुलासा करावा अशी मागणीही राष्ट्रवादींनी केली आहे,सिंचन प्रकल्पांच्या या वाढलेल्या किंमतीबाबत मुख्यमंत्र्यांनी खुलासा करावा अशी मागणीही राष्ट्रवादीने केली आहे,सिंचन प्रकल्पांच्या या वाढलेल्या किंमतीबाबत मुख्यमंत्र्यांनी खुलासा करावा अशी मागणीही राष्ट्रवादींनी केली आहे,1.85,7.69,0,9.64
sample_00950,D:\marathi-asr\data\vistaar_benchmarks\kathbath\marathi\wavs\844424930329007-60-m.wav,ही कविता लिहिल्यानंतर एक नवा अनुभव कवितेतून व्यक्त होण्यासाठी माझ्या मनात येऊन उभा राहिला,ही कविता लिहिल्यानंतर एक नवा अनुभव कवितेतून व्यक्त होण्यासाठी माझ्या मनात येऊन उभा राहिला,ही कविता लिहिल्यानंतर एक नवा अनुभव कवितेतून व्यक्त होण्यासाठी माझ्या मनात येऊन उभा राहिला,ही कविता लिहिल्यानंतर एक नवा अनुभव कवितेतून व्यक्त होण्यासाठी माझ्या मनात येऊन उभा राहिला,0.0,0.0,1,7.31
sample_00951,D:\marathi-asr\data\vistaar_benchmarks\kathbath\marathi\wavs\844424930746786-6-m.wav,यात काँग्रेसचा तोटा झाला असला तरी विशाल पाटलांना संधी तयार झाली आहे,यात काँग्रेसचा तोटा झाला असला तरी विशाल पाटलांना संधी तयार झाली आहे,यात काँग्रेसचा तोटा झाला असला तरी विशाल पाटलांना संधी तयार झाली आहे,यात काँग्रेसचा तोटा झाला असला तरी विशाल पाटलांना संधी तयार झाली आहे,0.0,0.0,1,7.34
sample_00952,D:\marathi-asr\data\vistaar_benchmarks\kathbath\marathi\wavs\844424930649759-823-m.wav,त्याचे नाव निहरेंदु मुखर्जी असून तो आयआयएम लखनऊ येथे एमबीएच्या द्वितीय वर्षात शिकत होता,त्याचे नाव निहरेंदू मुखर्जी असून तो आयआयएम लखनौ येथे एमबीएच्या द्वितीय वर्षांात शिकत होता,त्याचे नाव निहरेंदु मुखर्जी असून तो आयआयएम लखनऊ येथे एमबीएच्या द्वितीय वर्षात शिकत होता,त्याचे नाव निहरेंदू मुखर्जी असून तो आयआयएम लखनौ येथे एमबीएच्या द्वितीय वर्षांात शिकत होता,4.6,21.43,0,9.1
sample_00953,D:\marathi-asr\data\vistaar_benchmarks\kathbath\marathi\wavs\844424930323267-60-m.wav,राज्य आणि देशातील जनतेला या गड किल्यांचे मोठे अप्रूप आहे,राज्य आणि देशातील जनतेला गड किल्ल्यांचे मोठे अप्रूप आहे,राज्य आणि देशातील जनतेला या गड किल्यांचे मोठे अप्रूप आहे,राज्य आणि देशातील जनतेला गड किल्ल्यांचे मोठे अप्रूप आहे,8.93,20.0,0,3.99
sample_00954,D:\marathi-asr\data\vistaar_benchmarks\kathbath\marathi\wavs\844424930328375-60-m.wav,आज ते महाराष्ट्रात येतील त्यानंतर त्यांच्याशी चर्चा केली जाणार आहे,आज ते महाराष्ट्रात येतील त्यानंतर त्यांच्याशी चर्चा केली जाणार आहेत,आज ते महाराष्ट्रात येतील त्यानंतर त्यांच्याशी चर्चा केली जाणार आहे,आज ते महाराष्ट्रात येतील त्यानंतर त्यांच्याशी चर्चा केली जाणार आहेत,1.52,10.0,0,4.48
sample_00955,D:\marathi-asr\data\vistaar_benchmarks\kathbath\marathi\wavs\844424930819804-6-m.wav,अंकित व्यवसायाने इंजिनीअर असून राजकारण ही आपली पॅशन असल्याचा उल्लेख त्याने केला आहे,अंकित व्यवसायाने इंजिनिअर असून राजकारण ही आपली पॅशन असल्याचा उल्लेख त्याने केला आहे,अंकित व्यवसायाने इंजिनीअर असून राजकारण ही आपली पॅशन असल्याचा उल्लेख त्याने केला आहे,अंकित व्यवसायाने इंजिनिअर असून राजकारण ही आपली पॅशन असल्याचा उल्लेख त्याने केला आहे,1.2,7.69,0,6.94
sample_00956,D:\marathi-asr\data\vistaar_benchmarks\kathbath\marathi\wavs\844424930394078-60-m.wav,केंद्रातील भाजप सरकारने सप्टेंबरमध्ये तीन कृषी कायदे पारित केले आहेत,केंद्रातील भाजप सरकारने सप्टेंबरमध्ये तीन कृषी कायदे पारित केले आहेत,केंद्रातील भाजप सरकारने सप्टेंबरमध्ये तीन कृषी कायदे पारित केले आहेत,केंद्रातील भाजप सरकारने सप्टेंबरमध्ये तीन कृषी कायदे पारित केले आहेत,0.0,0.0,1,4.67
sample_00957,D:\marathi-asr\data\vistaar_benchmarks\kathbath\marathi\wavs\844424930746737-6-m.wav,तेथे ते अवघे तीन ते चार क्विंटलपर्यंतच उत्पादन निघत आहे,तेथे ते अवघे तीन ते चार क्विंटल पर्यंतच उत्पादन निघत आहे,तेथे ते अवघे तीन ते चार क्विंटलपर्यंतच उत्पादन निघत आहे,तेथे ते अवघे तीन ते चार क्विंटल पर्यंतच उत्पादन निघत आहे,1.82,20.0,0,6.66
sample_00958,D:\marathi-asr\data\vistaar_benchmarks\kathbath\marathi\wavs\844424930328448-60-m.wav,एका विशिष्ट बाबतीत योग्य प्रतिजैविक पदार्थ कितीही तज्ज्ञ मालिका विश्लेषण फक्त निर्धारित केले जाऊ शकते,एका विशिष्ट बाबतीत योग्य प्रतिजैविक पदार्थ कितीही तज्ज्ञ मलिका विश्लेषण फक्त निर्धारित केले जाऊ शकते,एका विशिष्ट बाबतीत योग्य प्रतिजैविक पदार्थ कितीही तज्ज्ञ मालिका विश्लेषण फक्त निर्धारित केले जाऊ शकते,एका विशिष्ट बाबतीत योग्य प्रतिजैविक पदार्थ कितीही तज्ज्ञ मलिका विश्लेषण फक्त निर्धारित केले जाऊ शकते,0.99,6.67,0,7.8
sample_00959,D:\marathi-asr\data\vistaar_benchmarks\kathbath\marathi\wavs\844424930649770-823-m.wav,विधानसभेच्या तारखा जाहीर होण्यापूर्वी राज ठाकरे संपूर्ण महाराष्ट्र दौरा करणार आहेत,विधानसभेच्या तारखा जाहीर होण्यापूर्वी राज ठाकरे संपूर्ण महाराष्ट्र दौरा करणार आहेत,विधानसभेच्या तारखा जाहीर होण्यापूर्वी राज ठाकरे संपूर्ण महाराष्ट्र दौरा करणार आहेत,विधानसभेच्या तारखा जाहीर होण्यापूर्वी राज ठाकरे संपूर्ण महाराष्ट्र दौरा करणार आहेत,0.0,0.0,1,7.69
sample_00960,D:\marathi-asr\data\vistaar_benchmarks\kathbath\marathi\wavs\844424930328379-60-m.wav,या सगळ्या वादावर अखेर धर्मसेना यांनी मौन सोडलं आहे,या सगळ्या वादावर अखेर धर्मसेना यांनी मौन सोडलं आहे,या सगळ्या वादावर अखेर धर्मसेना यांनी मौन सोडलं आहे,या सगळ्या वादावर अखेर धर्मसेना यांनी मौन सोडलं आहे,0.0,0.0,1,3.88
sample_00961,D:\marathi-asr\data\vistaar_benchmarks\kathbath\marathi\wavs\844424930649814-823-m.wav,हा डेटा ग्राहक एका दिवसात वापरू शकतात किंवा वर्षभरही वापरु शकतात,हा डेटा ग्राहक एका दिवसात वापरू शकतात किंवा वर्षभरही वापरू शकतात,हा डेटा ग्राहक एका दिवसात वापरू शकतात किंवा वर्षभरही वापरु शकतात,हा डेटा ग्राहक एका दिवसात वापरू शकतात किंवा वर्षभरही वापरू शकतात,1.56,9.09,0,6.18
sample_00962,D:\marathi-asr\data\vistaar_benchmarks\kathbath\marathi\wavs\844424930819846-6-m.wav,आशिया खंडात अव्वल क्रमांक मिळवणारा तो सर्वात तरुण खेळाडू ठरला आहे,आशिया खंडात अव्वल क्रमांक मिळवणारा तो सर्वात तरुण खेळाडू ठरला आहे,आशिया खंडात अव्वल क्रमांक मिळवणारा तो सर्वात तरुण खेळाडू ठरला आहे,आशिया खंडात अव्वल क्रमांक मिळवणारा तो सर्वात तरुण खेळाडू ठरला आहे,0.0,0.0,1,6.25
sample_00963,D:\marathi-asr\data\vistaar_benchmarks\kathbath\marathi\wavs\844424930746730-6-m.wav,त्यामुळे जन्माने तृतीयपंथी असले तरी माझ्या मुलीमुळे मात्र मला आई होता आलं,त्यामुळे जन्माने तृतीयपंथी असले तरी माझ्या मुलीमुळे मात्र मला आई होता आलं,त्यामुळे जन्माने तृतीयपंथी असले तरी माझ्या मुलीमुळे मात्र मला आई होता आलं,त्यामुळे जन्माने तृतीयपंथी असले तरी माझ्या मुलीमुळे मात्र मला आई होता आलं,0.0,0.0,1,8.15
sample_00964,D:\marathi-asr\data\vistaar_benchmarks\kathbath\marathi\wavs\844424930649754-823-m.wav,या पुलावर प्रचंड उकाडा आहे आणि लोकांची स्थिती बिघडत चालली आहे,या पुलावर प्रचंड उकाडा आहे आणि लोकांची स्थिती बिघडत चालली आहे,या पुलावर प्रचंड उकाडा आहे आणि लोकांची स्थिती बिघडत चालली आहे,या पुलावर प्रचंड उकाडा आहे आणि लोकांची स्थिती बिघडत चालली आहे,0.0,0.0,1,6.18
sample_00965,D:\marathi-asr\data\vistaar_benchmarks\kathbath\marathi\wavs\844424930746773-6-m.wav,पण त्याच्या जातीमुळे आणि अंगभूत बंडखोरीमुळे प्रत्येक दरवाजा तोंडावर आपटून बंद केला जातो,पण त्याच्या जातीमुळे आणि अंगभूत बंडखोरीमुळे प्रत्येक दरवाजा तोंडावर आपटून बंद केला जातो,पण त्याच्या जातीमुळे आणि अंगभूत बंडखोरीमुळे प्रत्येक दरवाजा तोंडावर आपटून बंद केला जातो,पण त्याच्या जातीमुळे आणि अंगभूत बंडखोरीमुळे प्रत्येक दरवाजा तोंडावर आपटून बंद केला जातो,0.0,0.0,1,9.66
sample_00966,D:\marathi-asr\data\vistaar_benchmarks\kathbath\marathi\wavs\844424930649771-823-m.wav,तरीही खड्ड्यांचा जाच आणि धुळीचा त्रास सहन करत कोकणवासीयांचा प्रवास सुरूच आहे,तरीही खड्ड्यांचा जाच आणि धुळीचा त्रास सहन करत कोकणवासियांचा प्रवास सुरूच आहे,तरीही खड्ड्यांचा जाच आणि धुळीचा त्रास सहन करत कोकणवासीयांचा प्रवास सुरूच आहे,तरीही खड्ड्यांचा जाच आणि धुळीचा त्रास सहन करत कोकणवासियांचा प्रवास सुरूच आहे,1.32,8.33,0,8.31
sample_00967,D:\marathi-asr\data\vistaar_benchmarks\kathbath\marathi\wavs\844424930649772-823-m.wav,पण एबीपी माझाजवळ असलेल्या कागदपत्रावरून आजही अग्निशामक दलाने या जागेसाठीची गरज व्यक्त केल्याचं स्पष्ट होतंय,पण एबीपी माझाजवळ असलेल्या कागदपत्रावरून आजही अग्निशामक दलाने या जागेसाठीची गरज व्यक्त केल्याचं स्पष्ट होतंय,पण एबीपी माझाजवळ असलेल्या कागदपत्रावरून आजही अग्निशामक दलाने या जागेसाठीची गरज व्यक्त केल्याचं स्पष्ट होतंय,पण एबीपी माझाजवळ असलेल्या कागदपत्रावरून आजही अग्निशामक दलाने या जागेसाठीची गरज व्यक्त केल्याचं स्पष्ट होतंय,0.0,0.0,1,10.59
sample_00968,D:\marathi-asr\data\vistaar_benchmarks\kathbath\marathi\wavs\844424930819856-6-m.wav,कंपनीच्या १४९ रुपयांच्या प्लानमध्ये २८ दिवसांच्या व्हॅलिडिटीसह ४ जीबी डेटा मिळतोय,कंपनीच्या एकशे एकोणपन्नास रुपयांच्या प्लॅनमध्ये अठ्ठावीस दिवसांच्या व्हॅलिडिटीसह चार जीबी डेटा मिळतोय,कंपनीच्या १४९ रुपयांच्या प्लानमध्ये २८ दिवसांच्या व्हॅलिडिटीसह ४ जीबी डेटा मिळतोय,कंपनीच्या एकशे एकोणपन्नास रुपयांच्या प्लॅनमध्ये अठ्ठावीस दिवसांच्या व्हॅलिडिटीसह चार जीबी डेटा मिळतोय,33.33,45.45,0,9.73
sample_00969,D:\marathi-asr\data\vistaar_benchmarks\kathbath\marathi\wavs\844424930331456-60-m.wav,यामुळे काही प्रमाणात रुग्णसंख्या घटण्यास मदत झाल्याचे चित्र सध्या पाहायला मिळत आहे,यामुळे काही प्रमाणात रुग्णसंख्या घटण्यास मदत झाल्याचे चित्र सध्या पाहायला मिळत आहेत,यामुळे काही प्रमाणात रुग्णसंख्या घटण्यास मदत झाल्याचे चित्र सध्या पाहायला मिळत आहे,यामुळे काही प्रमाणात रुग्णसंख्या घटण्यास मदत झाल्याचे चित्र सध्या पाहायला मिळत आहेत,1.22,8.33,0,6.92
sample_00970,D:\marathi-asr\data\vistaar_benchmarks\kathbath\marathi\wavs\844424930323290-60-m.wav,पण आत्ता मराठा आरक्षणाला स्थगिती मिळाल्यानंतर त्याच्या मनात याबाबत दडपण असण्याची शक्यता आहे,पण आता मराठा आरक्षणाला स्थगिती मिळाल्यानंतर त्यांच्या मनात याबाबत दडपण असण्याची शक्यता आहे,पण आत्ता मराठा आरक्षणाला स्थगिती मिळाल्यानंतर त्याच्या मनात याबाबत दडपण असण्याची शक्यता आहे,पण आता मराठा आरक्षणाला स्थगिती मिळाल्यानंतर त्यांच्या मनात याबाबत दडपण असण्याची शक्यता आहे,3.3,15.38,0,6.99
sample_00971,D:\marathi-asr\data\vistaar_benchmarks\kathbath\marathi\wavs\844424930746772-6-m.wav,त्याचं अस्तित्व नष्ट करण्यापेक्षा त्यामागचं मूळ कारण नाहीसं करणं अधिक महत्त्वाचं असेल,त्याचं अस्तित्व नष्ट करण्यापेक्षा त्यामागचं मूळ कारण नाहीसं करणं अधिक महत्त्वाचं असेल,त्याचं अस्तित्व नष्ट करण्यापेक्षा त्यामागचं मूळ कारण नाहीसं करणं अधिक महत्त्वाचं असेल,त्याचं अस्तित्व नष्ट करण्यापेक्षा त्यामागचं मूळ कारण नाहीसं करणं अधिक महत्त्वाचं असेल,0.0,0.0,1,8.06
sample_00972,D:\marathi-asr\data\vistaar_benchmarks\kathbath\marathi\wavs\844424930649790-823-m.wav,पौष्टिक खाद्य आणि पोषण या विषयावरील सत्रात रवी महाजन या दोन्ही गोष्टींचे महत्त्व पटवून देतील,पौष्टिक खाद्य आणि पोषण या विषयावरील सत्रात रवी महाजन या दोन्ही गोष्टींचे महत्त्व पटवून देतील,पौष्टिक खाद्य आणि पोषण या विषयावरील सत्रात रवी महाजन या दोन्ही गोष्टींचे महत्त्व पटवून देतील,पौष्टिक खाद्य आणि पोषण या विषयावरील सत्रात रवी महाजन या दोन्ही गोष्टींचे महत्त्व पटवून देतील,0.0,0.0,1,8.57
sample_00973,D:\marathi-asr\data\vistaar_benchmarks\kathbath\marathi\wavs\844424930345020-60-m.wav,आयुष्यभर अनेक विवाहित स्त्रियांबरोबर शरीरसंबंध ठेवताना तो कोणातही भावनिकदृष्ट्या गुंतून न पडण्याची याची खबरदारी घेतो,आभर अनेक विवाहित स्त्रियांबरोबर शारीरिक संबंध ठेवताना तो कोणत्याही भावनिकदृष्ट्या गुंतून न पडण्याची याची खबरदारी घेतो,आयुष्यभर अनेक विवाहित स्त्रियांबरोबर शरीरसंबंध ठेवताना तो कोणातही भावनिकदृष्ट्या गुंतून न पडण्याची याची खबरदारी घेतो,आभर अनेक विवाहित स्त्रियांबरोबर शारीरिक संबंध ठेवताना तो कोणत्याही भावनिकदृष्ट्या गुंतून न पडण्याची याची खबरदारी घेतो,11.21,26.67,0,9.31
sample_00974,D:\marathi-asr\data\vistaar_benchmarks\kathbath\marathi\wavs\844424930819812-6-m.wav,दहा किलो पेटीच्या द्राक्षाला चारशे ते सातशे व सरासरी ५०० रुपयांचा दर मिळाला,दहा किलो पेटीच्या द्राक्षाला चारशे ते सातशे व सरासरी पाचशे रुपयांचा दर मिळाला,दहा किलो पेटीच्या द्राक्षाला चारशे ते सातशे व सरासरी ५०० रुपयांचा दर मिळाला,दहा किलो पेटीच्या द्राक्षाला चारशे ते सातशे व सरासरी पाचशे रुपयांचा दर मिळाला,6.67,7.69,0,8.27
sample_00975,D:\marathi-asr\data\vistaar_benchmarks\kathbath\marathi\wavs\844424930328405-60-m.wav,महत्त्वाचे म्हणजे घरगुती डाएट फॉलो केल्यास आरोग्यावर दुष्परिणाम होणार नाहीत,महत्त्वाचे म्हणजे घरगुती डाएट फॉलो केल्यास आरोग्यावर दुष्परिणाम होणार नाहीत,महत्त्वाचे म्हणजे घरगुती डाएट फॉलो केल्यास आरोग्यावर दुष्परिणाम होणार नाहीत,महत्त्वाचे म्हणजे घरगुती डाएट फॉलो केल्यास आरोग्यावर दुष्परिणाम होणार नाहीत,0.0,0.0,1,5.22
sample_00976,D:\marathi-asr\data\vistaar_benchmarks\kathbath\marathi\wavs\844424930746719-6-m.wav,मुंबईच्या तिन्ही रेल्वेमार्गावरील १०९ स्थानकांवरून रेल्वेने ७५ लाख मुंबईकर प्रवास करतात,मुंबईच्या तिन्ही रेल्वेमार्गावरील एकशे नऊ स्थानकांवरून रेल्वेने पंचाहत्तर लाख मुंबईकर प्रवास करतात,मुंबईच्या तिन्ही रेल्वेमार्गावरील १०९ स्थानकांवरून रेल्वेने ७५ लाख मुंबईकर प्रवास करतात,मुंबईच्या तिन्ही रेल्वेमार्गावरील एकशे नऊ स्थानकांवरून रेल्वेने पंचाहत्तर लाख मुंबईकर प्रवास करतात,18.39,27.27,0,9.87
sample_00977,D:\marathi-asr\data\vistaar_benchmarks\kathbath\marathi\wavs\844424930649787-823-m.wav,पण परिसरातील वेगवान गोलंदाज म्हणून त्याने सर्वांचं लक्ष वेधून घेतलं होतं,पण परिसरातील वेगवान गोलंदाज म्हणून त्याने सर्वांचं लक्ष वेधून घेतलं होतं,पण परिसरातील वेगवान गोलंदाज म्हणून त्याने सर्वांचं लक्ष वेधून घेतलं होतं,पण परिसरातील वेगवान गोलंदाज म्हणून त्याने सर्वांचं लक्ष वेधून घेतलं होतं,0.0,0.0,1,6.97
sample_00978,D:\marathi-asr\data\vistaar_benchmarks\kathbath\marathi\wavs\844424930819837-6-m.wav,रणवीर सिंगचा गली बॉय सिनेमाही चांगली कमाई करताना दिसत आहे,रणवीर सिंगचा गली बॉय सिनेमाही चांगली कमाई करताना दिसत आहे,रणवीर सिंगचा गली बॉय सिनेमाही चांगली कमाई करताना दिसत आहे,रणवीर सिंगचा गली बॉय सिनेमाही चांगली कमाई करताना दिसत आहे,0.0,0.0,1,5.71
sample_00979,D:\marathi-asr\data\vistaar_benchmarks\kathbath\marathi\wavs\844424930344999-60-m.wav,केदारनाथ या सिनेमातून ती बॉलीवूडमध्ये पदार्पण करणार असून तिच्यासोबत सुशांत सिंग राजपूतही दिसणार आहे,केदारनाथ या सिनेमातून ती बॉलिवूडमध्ये पदार्पण करणार असून तिच्यासोबत सुशांत सिंंग राजपूतही दिसणार आहेत,केदारनाथ या सिनेमातून ती बॉलीवूडमध्ये पदार्पण करणार असून तिच्यासोबत सुशांत सिंग राजपूतही दिसणार आहे,केदारनाथ या सिनेमातून ती बॉलिवूडमध्ये पदार्पण करणार असून तिच्यासोबत सुशांत सिंंग राजपूतही दिसणार आहेत,3.03,21.43,0,6.64
sample_00980,D:\marathi-asr\data\vistaar_benchmarks\kathbath\marathi\wavs\844424930328406-60-m.wav,मुंबई विद्यापीठात येत्या ३ ते ७ जानेवारीदरम्यान भारतीय विज्ञान परिषद होत आहे,मुंबई विद्यापीठात येत्या तीन ते सात जानेवारी दरम्यान भारतीय विज्ञान परिषपद होत आहेत,मुंबई विद्यापीठात येत्या ३ ते ७ जानेवारीदरम्यान भारतीय विज्ञान परिषद होत आहे,मुंबई विद्यापीठात येत्या तीन ते सात जानेवारी दरम्यान भारतीय विज्ञान परिषपद होत आहेत,11.84,50.0,0,5.13
sample_00981,D:\marathi-asr\data\vistaar_benchmarks\kathbath\marathi\wavs\844424930328378-60-m.wav,दहा दिवसांपूर्वीच याबाबत गिनिज बुक समितीशी संपर्क साधण्यात आला,दहा दिवसांपूर्वीच्या याबाबत गिनीज बुक समितीशी संपर्क साधण्यात आला,दहा दिवसांपूर्वीच याबाबत गिनिज बुक समितीशी संपर्क साधण्यात आला,दहा दिवसांपूर्वीच्या याबाबत गिनीज बुक समितीशी संपर्क साधण्यात आला,6.45,22.22,0,5.2
sample_00982,D:\marathi-asr\data\vistaar_benchmarks\kathbath\marathi\wavs\844424930328389-60-m.wav,एवढ्यात एक ६ वर्षाची मुलगी आणि तिची आई थिएटरच्या दिशेने गेल्या,एवढ्यात एक सहा वर्षांची मुलगी आणि तिची आई थिएटरच्या दिशेने गेल्या,एवढ्यात एक ६ वर्षाची मुलगी आणि तिची आई थिएटरच्या दिशेने गेल्या,एवढ्यात एक सहा वर्षांची मुलगी आणि तिची आई थिएटरच्या दिशेने गेल्या,6.45,18.18,0,5.18
sample_00983,D:\marathi-asr\data\vistaar_benchmarks\kathbath\marathi\wavs\844424930649817-823-m.wav,वरील उदाहरणाचा अभ्यास करा आणि नमुन्याची ऑडिओ फाईल ऐका,वरील उदाहरणाचा अभ्यास करा आणि नमुन्यांची ऑडिओ फाईल ऐका,वरील उदाहरणाचा अभ्यास करा आणि नमुन्याची ऑडिओ फाईल ऐका,वरील उदाहरणाचा अभ्यास करा आणि नमुन्यांची ऑडिओ फाईल ऐका,1.89,11.11,0,4.92
sample_00984,D:\marathi-asr\data\vistaar_benchmarks\kathbath\marathi\wavs\844424930323343-60-m.wav,आज एका पत्रकार परिषदेत ठाणे ग्रामीणचे पोलीस अधिक्षक शिवाजी राठोड यांनी ही माहिती दिली,आज एका पत्रकार परिषदेत ठाणे ग्रामीणचे पोलीस अधीक्षक शिवाजी राठोड यांनी ही माहिती दिली,आज एका पत्रकार परिषदेत ठाणे ग्रामीणचे पोलीस अधिक्षक शिवाजी राठोड यांनी ही माहिती दिली,आज एका पत्रकार परिषदेत ठाणे ग्रामीणचे पोलीस अधीक्षक शिवाजी राठोड यांनी ही माहिती दिली,1.18,7.14,0,6.22
sample_00985,D:\marathi-asr\data\vistaar_benchmarks\kathbath\marathi\wavs\844424930649800-823-m.wav,करिनानं २१ फेब्रुवारीला ब्रीच कँडी हॉस्पिटलमध्ये दुसऱ्या मुलाला जन्म दिला,करीनानं एकवीस फेब्रुवारीला ब्रिच कॅनडी हॉस्पिटलमध्ये दुसऱ्या मुलाला जन्म दिला,करिनानं २१ फेब्रुवारीला ब्रीच कँडी हॉस्पिटलमध्ये दुसऱ्या मुलाला जन्म दिला,करीनानं एकवीस फेब्रुवारीला ब्रिच कॅनडी हॉस्पिटलमध्ये दुसऱ्या मुलाला जन्म दिला,14.86,50.0,0,6.71
sample_00986,D:\marathi-asr\data\vistaar_benchmarks\kathbath\marathi\wavs\844424930649727-823-m.wav,मारुती सुझुकीच्या विक्रीत गेल्या तिमाहीत ४६ टक्के घट नोंदविली गेली आहे,मारुती सुझुकीच्या विक्रीत गेल्या तिमाहीत सेहेचाळीस टक्के घट नोंदवली गेली आहे,मारुती सुझुकीच्या विक्रीत गेल्या तिमाहीत ४६ टक्के घट नोंदविली गेली आहे,मारुती सुझुकीच्या विक्रीत गेल्या तिमाहीत सेहेचाळीस टक्के घट नोंदवली गेली आहे,14.29,18.18,0,7.15
sample_00987,D:\marathi-asr\data\vistaar_benchmarks\kathbath\marathi\wavs\844424930328437-60-m.wav,राहुल गांधींना निर्णय घेण्याचं पूर्णपणे स्वातंत्र्य देऊन त्यांना अध्यपद द्यावं यासाठी त्यांची मनधरणी सुरु आहे,राहुल गांधी यांना निर्णय घेण्याच्या पूर्णपणे स्वातंत्र्य देऊन त्यांना अध्यक्षपद घ्यावा यासाठी त्यांची मनधरणी सुरू आहेत,राहुल गांधींना निर्णय घेण्याचं पूर्णपणे स्वातंत्र्य देऊन त्यांना अध्यपद द्यावं यासाठी त्यांची मनधरणी सुरु आहे,राहुल गांधी यांना निर्णय घेण्याच्या पूर्णपणे स्वातंत्र्य देऊन त्यांना अध्यक्षपद घ्यावा यासाठी त्यांची मनधरणी सुरू आहेत,11.93,46.67,0,7.96
sample_00988,D:\marathi-asr\data\vistaar_benchmarks\kathbath\marathi\wavs\844424930746712-6-m.wav,ग्रामपंचायत सुधारणा विधेयकाला विरोधी पक्ष नेते देवेंद्र फडणवीस यांनी आक्षेप घेतला,ग्रामपंचायत सुधारणा विधेयकाला विरोधी पक्षनेते देवेंद्र फडणवीस यांनी आक्षेप घेतला,ग्रामपंचायत सुधारणा विधेयकाला विरोधी पक्ष नेते देवेंद्र फडणवीस यांनी आक्षेप घेतला,ग्रामपंचायत सुधारणा विधेयकाला विरोधी पक्षनेते देवेंद्र फडणवीस यांनी आक्षेप घेतला,1.23,18.18,0,8.78
sample_00989,D:\marathi-asr\data\vistaar_benchmarks\kathbath\marathi\wavs\844424930344946-60-m.wav,बर्याच लोकांना अचूकपणे शक्ती समजते जसे रॅकेट दिलेल्या स्विंगवर चेंडू देते,बऱ्याच लोकांना अचूकपणे शक्ती समजते जसे रॅकेट दिलेल्या स्विंगवर चेंडू देते,बर्याच लोकांना अचूकपणे शक्ती समजते जसे रॅकेट दिलेल्या स्विंगवर चेंडू देते,बऱ्याच लोकांना अचूकपणे शक्ती समजते जसे रॅकेट दिलेल्या स्विंगवर चेंडू देते,1.37,9.09,0,5.64
sample_00990,D:\marathi-asr\data\vistaar_benchmarks\kathbath\marathi\wavs\844424930746691-6-m.wav,शाहरुख राकेश शर्मा यांच्या बायोपिकसाठी अमेरिकेला प्रशिक्षण घेणार असल्याचेही समजते आहे,शाहरुख राकेश शर्मा यांच्या बायोपिकसाठी अमेरिकेला प्रशिक्षण घेणार असल्याचेही समजते आहे,शाहरुख राकेश शर्मा यांच्या बायोपिकसाठी अमेरिकेला प्रशिक्षण घेणार असल्याचेही समजते आहे,शाहरुख राकेश शर्मा यांच्या बायोपिकसाठी अमेरिकेला प्रशिक्षण घेणार असल्याचेही समजते आहे,0.0,0.0,1,8.22
sample_00991,D:\marathi-asr\data\vistaar_benchmarks\kathbath\marathi\wavs\844424930649807-823-m.wav,उसावर मातीचा थर बसल्याने काही शेतकरी उसाचा शेंडा तोडून वैरण म्हणून जनावरांना ऊस घालत आहेत,ऊसावर मातीचा थर बसल्याने काही शेतकरी ऊसाचा शेंडा तोडून वैरण म्हणून जनावरांना ऊस घालत आहेत,उसावर मातीचा थर बसल्याने काही शेतकरी उसाचा शेंडा तोडून वैरण म्हणून जनावरांना ऊस घालत आहेत,ऊसावर मातीचा थर बसल्याने काही शेतकरी ऊसाचा शेंडा तोडून वैरण म्हणून जनावरांना ऊस घालत आहेत,2.25,13.33,0,8.78
sample_00992,D:\marathi-asr\data\vistaar_benchmarks\kathbath\marathi\wavs\844424930345017-60-m.wav,या प्रशिक्षणाच्या माध्यमातून फुटबॉल जनसामान्यांपर्यंत पोहोचवण्याचा प्रयत्न करण्यात येणार आहे,या प्रिक्षणाच्या माध्यमातून फुटबॉलजन सामान्यांपर्यंत पोहोचवण्याचा प्रयत्न करण्यात येणार आहे,या प्रशिक्षणाच्या माध्यमातून फुटबॉल जनसामान्यांपर्यंत पोहोचवण्याचा प्रयत्न करण्यात येणार आहे,या प्रिक्षणाच्या माध्यमातून फुटबॉलजन सामान्यांपर्यंत पोहोचवण्याचा प्रयत्न करण्यात येणार आहे,3.26,30.0,0,5.46
sample_00993,D:\marathi-asr\data\vistaar_benchmarks\kathbath\marathi\wavs\844424930819864-6-m.wav,पण मनात असून सुद्धा ते ही गोष्ट आपल्या प्रेयसीला सांगू शकत नाहीत,पण मनात असून सुुद्धा तेही गोष्ट आपल्या प्रेयसीला सांगू शकत नाहीत,पण मनात असून सुद्धा ते ही गोष्ट आपल्या प्रेयसीला सांगू शकत नाहीत,पण मनात असून सुुद्धा तेही गोष्ट आपल्या प्रेयसीला सांगू शकत नाहीत,3.12,25.0,0,6.87
sample_00994,D:\marathi-asr\data\vistaar_benchmarks\kathbath\marathi\wavs\844424930819809-6-m.wav,प्रत्येक उच्चार कसा उच्चारला जाईल हे ऐकण्यासाठी शब्दांवर क्लिक करा,प्रत्येक उच्चार कसा उच्चारला जाईल हे ऐकण्यासाठी शब्दांवर क्लिक करा,प्रत्येक उच्चार कसा उच्चारला जाईल हे ऐकण्यासाठी शब्दांवर क्लिक करा,प्रत्येक उच्चार कसा उच्चारला जाईल हे ऐकण्यासाठी शब्दांवर क्लिक करा,0.0,0.0,1,5.97
sample_00995,D:\marathi-asr\data\vistaar_benchmarks\kathbath\marathi\wavs\844424930345028-60-m.wav,तिच्या लूक मध्ये एकच फरक आला आहे तो म्हणजे तिची हेअरस्टाईल होय,तिच्या लूकमध्ये एकच फरक आला आहे तो म्हणजे तिची हेअरस्टाईल होय,तिच्या लूक मध्ये एकच फरक आला आहे तो म्हणजे तिची हेअरस्टाईल होय,तिच्या लूकमध्ये एकच फरक आला आहे तो म्हणजे तिची हेअरस्टाईल होय,1.61,16.67,0,4.57
sample_00996,D:\marathi-asr\data\vistaar_benchmarks\kathbath\marathi\wavs\844424930649786-823-m.wav,लग्नाचे आमिष दाखवून दिलीपने अनेकदा शारीरिक संबंध प्रस्थापित केले,लग्नाचे आमिष दाखवून दिलीपने अनेकदा शारीरिक संबंध प्रस्थापित केले,लग्नाचे आमिष दाखवून दिलीपने अनेकदा शारीरिक संबंध प्रस्थापित केले,लग्नाचे आमिष दाखवून दिलीपने अनेकदा शारीरिक संबंध प्रस्थापित केले,0.0,0.0,1,6.04
sample_00997,D:\marathi-asr\data\vistaar_benchmarks\kathbath\marathi\wavs\844424930394058-60-m.wav,उलट एक हजारहून अधिक विस्थापितांना अटक करूनच त्यांना उद्घाटनाच्या कार्यक्रमाला पुढे जावे लागले,उलट एकच हजारहून अधिक विस्थापितांना अटक करूनच त्यांच्या उद्घाटनांच्या कार्यक्रमाला पुढे जावे लागेल,उलट एक हजारहून अधिक विस्थापितांना अटक करूनच त्यांना उद्घाटनाच्या कार्यक्रमाला पुढे जावे लागले,उलट एकच हजारहून अधिक विस्थापितांना अटक करूनच त्यांच्या उद्घाटनांच्या कार्यक्रमाला पुढे जावे लागेल,7.53,30.77,0,6.76
sample_00998,D:\marathi-asr\data\vistaar_benchmarks\kathbath\marathi\wavs\844424930331454-60-m.wav,हजारो वर्षांच्या कालखंडातील गुहेतील पेंटिंगमध्ये सींगवार प्राण्यांचे चिन्ह आढळतात,हजारो वर्षाच्या कालखंडाखालील गुहेतील पेंटिंगमध्ये सिंगावर प्राण्यांचे चिन्ह आढळतात,हजारो वर्षांच्या कालखंडातील गुहेतील पेंटिंगमध्ये सींगवार प्राण्यांचे चिन्ह आढळतात,हजारो वर्षाच्या कालखंडाखालील गुहेतील पेंटिंगमध्ये सिंगावर प्राण्यांचे चिन्ह आढळतात,8.64,33.33,0,6.04
sample_00999,D:\marathi-asr\data\vistaar_benchmarks\kathbath\marathi\wavs\844424930810095-6-m.wav,सहरसावर प्रत्येक रेल्वे थांबत नसली तरी इथं गाड्यांचा वेग कमी होतो,सहर्सावर प्रत्येक रेल्वे थांबत नसली तरी इथे गाड्यांचा वेग कमी होतो,सहरसावर प्रत्येक रेल्वे थांबत नसली तरी इथं गाड्यांचा वेग कमी होतो,सहर्सावर प्रत्येक रेल्वे थांबत नसली तरी इथे गाड्यांचा वेग कमी होतो,3.08,18.18,0,7.04
sample_01000,D:\marathi-asr\data\vistaar_benchmarks\kathbath\marathi\wavs\844424930746725-6-m.wav,कोल्हापूर शहरातील व्हीनस कॉर्नर परिसर बॅरिकेट्स लावून बंद करण्यात आला आहे,कोल्हापूर शहरातील व्हीनस कॉर्नर परिसर बॅरिकेड्स लावून बंद करण्यात आला आहे,कोल्हापूर शहरातील व्हीनस कॉर्नर परिसर बॅरिकेट्स लावून बंद करण्यात आला आहे,कोल्हापूर शहरातील व्हीनस कॉर्नर परिसर बॅरिकेड्स लावून बंद करण्यात आला आहे,1.37,9.09,0,7.2
sample_01001,D:\marathi-asr\data\vistaar_benchmarks\kathbath\marathi\wavs\844424930323283-60-m.wav,जिल्हाधिकारी राम यांनी जिल्हा पेट्रोल डिझेल पम्प असोसिएशनला पत्र लिहून हा निर्णय कळवला आहे,जिल्हाधिकारी राम यांनी जिल्हा पेट्रोल डिझेल पंप असोसिएशनला पत्र लिहून हा निर्णय कढवला आहे,जिल्हाधिकारी राम यांनी जिल्हा पेट्रोल डिझेल पम्प असोसिएशनला पत्र लिहून हा निर्णय कळवला आहे,जिल्हाधिकारी राम यांनी जिल्हा पेट्रोल डिझेल पंप असोसिएशनला पत्र लिहून हा निर्णय कढवला आहे,3.33,14.29,0,7.24
sample_01002,D:\marathi-asr\data\vistaar_benchmarks\kathbath\marathi\wavs\844424930328421-60-m.wav,पण पोलिसांनी अधिक चौकशी केल्यानंतर त्यांनी आपला गुन्हा मान्य केला,पण पोलिसांनी अधिक चौकशी केल्यानंतर त्यांनी आपला गुन्हा मान्य केला,पण पोलिसांनी अधिक चौकशी केल्यानंतर त्यांनी आपला गुन्हा मान्य केला,पण पोलिसांनी अधिक चौकशी केल्यानंतर त्यांनी आपला गुन्हा मान्य केला,0.0,0.0,1,4.76
sample_01003,D:\marathi-asr\data\vistaar_benchmarks\kathbath\marathi\wavs\844424930819839-6-m.wav,तसंच या दहशतवादी संघटनेने १६ एप्रिलला स्फोटकांनी भरलेली एक कार कतांनकुडीजवळील पालमुनाई येथे सोडली होती,तसंच या दहशतवादी संघटनेने सोळा एप्रिलला स्फोटकांनी भरलेली एक कार कतानकुडीजवळ पालमुनाई येथे सोडली होती,तसंच या दहशतवादी संघटनेने १६ एप्रिलला स्फोटकांनी भरलेली एक कार कतांनकुडीजवळील पालमुनाई येथे सोडली होती,तसंच या दहशतवादी संघटनेने सोळा एप्रिलला स्फोटकांनी भरलेली एक कार कतानकुडीजवळ पालमुनाई येथे सोडली होती,6.86,13.33,0,10.77
sample_01004,D:\marathi-asr\data\vistaar_benchmarks\kathbath\marathi\wavs\844424930819813-6-m.wav,सरकारचा पाच दिवसांचा आठवडा करण्याचा निर्णय निव्वळ मुर्खपणा आहे,सरकारचा पाच दिवसांचा आठवडा करण्याचा निर्णय निव्वळ मूर्खपणा आहे,सरकारचा पाच दिवसांचा आठवडा करण्याचा निर्णय निव्वळ मुर्खपणा आहे,सरकारचा पाच दिवसांचा आठवडा करण्याचा निर्णय निव्वळ मूर्खपणा आहे,1.61,11.11,0,6.41
sample_01005,D:\marathi-asr\data\vistaar_benchmarks\kathbath\marathi\wavs\844424930819790-6-m.wav,तर पंचगंगेच्या पाणी पातणीत वाढ होत असून ती धोका पातळीकडे जात आहे,तर पंचगंगेच्या पाणीपातीत वाढ होत असून ती धोका पातळीकडे जात आहे,तर पंचगंगेच्या पाणी पातणीत वाढ होत असून ती धोका पातळीकडे जात आहे,तर पंचगंगेच्या पाणीपातीत वाढ होत असून ती धोका पातळीकडे जात आहे,3.12,16.67,0,6.83
sample_01006,D:\marathi-asr\data\vistaar_benchmarks\kathbath\marathi\wavs\844424930746701-6-m.wav,पण त्यानंतरही थाटलेली दुकाने पाहता येथे अजून कठोर कारवाई होणे गरजेचे आहे,पण त्यानंतरही थाटलेली दुकाने पाहता येथे अजून कठोर कारवाई होणे गरजेचे आहे,पण त्यानंतरही थाटलेली दुकाने पाहता येथे अजून कठोर कारवाई होणे गरजेचे आहे,पण त्यानंतरही थाटलेली दुकाने पाहता येथे अजून कठोर कारवाई होणे गरजेचे आहे,0.0,0.0,1,7.76
sample_01007,D:\marathi-asr\data\vistaar_benchmarks\kathbath\marathi\wavs\844424930323289-60-m.wav,नशिबावर भरोसा ठेऊन संसार करणाऱ्या माणसाला त्याच्या मुलांविषयी काळजी नसते,नशिबावर भरोसा ठेवून संसार करणाऱ्या माणसाला त्याच्या मुलाविषयी काळजी नसते,नशिबावर भरोसा ठेऊन संसार करणाऱ्या माणसाला त्याच्या मुलांविषयी काळजी नसते,नशिबावर भरोसा ठेवून संसार करणाऱ्या माणसाला त्याच्या मुलाविषयी काळजी नसते,6.85,30.0,0,5.22
sample_01008,D:\marathi-asr\data\vistaar_benchmarks\kathbath\marathi\wavs\844424930344968-60-m.wav,तसेच बंदरातील नौकांना समुद्रात न जाण्याच्या सूचना मत्स्यविभागाकडून देण्यात आल्या आहेत,तल बंदरातील नोकरनंना समुद्रात न जाण्याच्या सूचना मत्स्य विभागाकडून देण्यात आल्या आहेत,तसेच बंदरातील नौकांना समुद्रात न जाण्याच्या सूचना मत्स्यविभागाकडून देण्यात आल्या आहेत,तल बंदरातील नोकरनंना समुद्रात न जाण्याच्या सूचना मत्स्य विभागाकडून देण्यात आल्या आहेत,8.24,36.36,0,6.32
sample_01009,D:\marathi-asr\data\vistaar_benchmarks\kathbath\marathi\wavs\844424930331416-60-m.wav,शारजाच्या मैदानावर आजच्या सामन्यात पंजाबने अखेर ख्रिस गेलला संधी दिली आहे,शारजाच्या मैदानावर आजच्या सामन्यात पंजाबने अखेर स् क्र्रीज गेलला संधी दिली आहे,शारजाच्या मैदानावर आजच्या सामन्यात पंजाबने अखेर ख्रिस गेलला संधी दिली आहे,शारजाच्या मैदानावर आजच्या सामन्यात पंजाबने अखेर स् क्र्रीज गेलला संधी दिली आहे,10.96,18.18,0,5.6
sample_01010,D:\marathi-asr\data\vistaar_benchmarks\kathbath\marathi\wavs\844424930649777-823-m.wav,दस का दम या कार्यक्रमाच्या म्युझिक व्हिडिओमध्ये सलमान खान नृत्य देखील करताना दिसणार आहे,दसका दम या कार्यक्रमाच्या म्युझिक व्हिडीिओमध्ये सलमान खान नृत्यदेखील करताना दिसणार आहे,दस का दम या कार्यक्रमाच्या म्युझिक व्हिडिओमध्ये सलमान खान नृत्य देखील करताना दिसणार आहे,दसका दम या कार्यक्रमाच्या म्युझिक व्हिडीिओमध्ये सलमान खान नृत्यदेखील करताना दिसणार आहे,3.45,35.71,0,7.76
sample_01011,D:\marathi-asr\data\vistaar_benchmarks\kathbath\marathi\wavs\844424930344958-60-m.wav,परंतु त्याची बाईक त्या जोरदार पाण्याच्या वेगात वाहून जाते,परंतु त्यांची बाईक त्या जोरदार पाण्याच्या वेगात वाहून जाते,परंतु त्याची बाईक त्या जोरदार पाण्याच्या वेगात वाहून जाते,परंतु त्यांची बाईक त्या जोरदार पाण्याच्या वेगात वाहून जाते,1.75,11.11,0,4.11
sample_01012,D:\marathi-asr\data\vistaar_benchmarks\kathbath\marathi\wavs\844424930746702-6-m.wav,आता यासंदर्भातील अंतिम निर्णय स्थानिक प्रशासन नव्हे तर मुख्यालय स्तरावर राज्य सरकार घेईल,आता यासंदर्भातील अंतिम निर्णय स्थानिक प्रशासन नव्हे तर मुख्यालय स्तरावर राज्य सरकार घेईल,आता यासंदर्भातील अंतिम निर्णय स्थानिक प्रशासन नव्हे तर मुख्यालय स्तरावर राज्य सरकार घेईल,आता यासंदर्भातील अंतिम निर्णय स्थानिक प्रशासन नव्हे तर मुख्यालय स्तरावर राज्य सरकार घेईल,0.0,0.0,1,7.73
sample_01013,D:\marathi-asr\data\vistaar_benchmarks\kathbath\marathi\wavs\844424930328989-60-m.wav,बाबा घर आणि हॉस्पिटल यांच्या चकरा मारायला लागतो आणि नवजात आई बाळाच्या संगोपनासाठी सज्ज होते,बाबा घर आणि हॉस्पिटल याच्या चक्र मारायला लागतो आणि नवजात आई बाळाच्या संगोपनासाठी सज्ज होते,बाबा घर आणि हॉस्पिटल यांच्या चकरा मारायला लागतो आणि नवजात आई बाळाच्या संगोपनासाठी सज्ज होते,बाबा घर आणि हॉस्पिटल याच्या चक्र मारायला लागतो आणि नवजात आई बाळाच्या संगोपनासाठी सज्ज होते,3.3,13.33,0,8.78
sample_01014,D:\marathi-asr\data\vistaar_benchmarks\kathbath\marathi\wavs\844424930649793-823-m.wav,तेथेच नंतर त्यांच्या स्मरणार्थ मोठे चर्च बांधण्यात आले आहे,तेथेच नंतर त्यांच्या स्मरणार्थ मोठे चर्च बांधण्यात आले आहे,तेथेच नंतर त्यांच्या स्मरणार्थ मोठे चर्च बांधण्यात आले आहे,तेथेच नंतर त्यांच्या स्मरणार्थ मोठे चर्च बांधण्यात आले आहे,0.0,0.0,1,5.57
sample_01015,D:\marathi-asr\data\vistaar_benchmarks\kathbath\marathi\wavs\844424930819858-6-m.wav,मात्र २०१८ मध्ये हे आव्हान जास्तच कठीण झाल्याचे दिसून येते,मात्र दोन हजार अठरामध्ये हे आव्हान जास्तच कठीण झाल्याचे दिसून येते,मात्र २०१८ मध्ये हे आव्हान जास्तच कठीण झाल्याचे दिसून येते,मात्र दोन हजार अठरामध्ये हे आव्हान जास्तच कठीण झाल्याचे दिसून येते,20.69,30.0,0,5.97
sample_01016,D:\marathi-asr\data\vistaar_benchmarks\kathbath\marathi\wavs\844424930649785-823-m.wav,त्यांनी जाहीर केले दळण दळून घेतले तर तितक्या रकमेची तिकीटे देणार,त्यांनी जाहीर केले दळणदळून घेतले तर तितक्या रकमेची तिकीटे देणार,त्यांनी जाहीर केले दळण दळून घेतले तर तितक्या रकमेची तिकीटे देणार,त्यांनी जाहीर केले दळणदळून घेतले तर तितक्या रकमेची तिकीटे देणार,1.56,18.18,0,5.76
sample_01017,D:\marathi-asr\data\vistaar_benchmarks\kathbath\marathi\wavs\844424930746736-6-m.wav,पवारांच्या या वक्तव्यामुळे राजकीय वर्तुळाची उत्सुकता ताणली गेली आहे,पवारांच्या या वक्तव्यामुळे राजकीय वर्तुळाची उत्सुकता ताणली गेली आहे,पवारांच्या या वक्तव्यामुळे राजकीय वर्तुळाची उत्सुकता ताणली गेली आहे,पवारांच्या या वक्तव्यामुळे राजकीय वर्तुळाची उत्सुकता ताणली गेली आहे,0.0,0.0,1,7.2
sample_01018,D:\marathi-asr\data\vistaar_benchmarks\kathbath\marathi\wavs\844424930323300-60-m.wav,२०१४ मध्ये गटाने पहिल्यांदा एका खासगी बॅंकेकडून एक लाख रुपये कर्ज घेतले,दोन हजार चौदामध्ये गटाने पहिल्यांदा एका खासगी बँकेकडून एक लाख रुपये कर्ज घेतले,२०१४ मध्ये गटाने पहिल्यांदा एका खासगी बॅंकेकडून एक लाख रुपये कर्ज घेतले,दोन हजार चौदामध्ये गटाने पहिल्यांदा एका खासगी बँकेकडून एक लाख रुपये कर्ज घेतले,19.72,33.33,0,5.67
sample_01019,D:\marathi-asr\data\vistaar_benchmarks\kathbath\marathi\wavs\844424930746692-6-m.wav,या सर्वांच्या सहाय्यानेच हा मैलाचा टप्पा आम्ही गाठू शकलो,या सर्वांच्या सहाय्यानेच हा महिलाचा टप्पा आम्ही गाठू शकलो,या सर्वांच्या सहाय्यानेच हा मैलाचा टप्पा आम्ही गाठू शकलो,या सर्वांच्या सहाय्यानेच हा महिलाचा टप्पा आम्ही गाठू शकलो,3.57,11.11,0,5.67
sample_01020,D:\marathi-asr\data\vistaar_benchmarks\kathbath\marathi\wavs\844424930746744-6-m.wav,तिथे तर मुलांना आवडेल अशी मरमेड आणि मोठा डायनोसॉर आहे,तिथे तर मुलांना आवडेल अशी मरवेड आणि मोठा डायनासॉर आहे,तिथे तर मुलांना आवडेल अशी मरमेड आणि मोठा डायनोसॉर आहे,तिथे तर मुलांना आवडेल अशी मरवेड आणि मोठा डायनासॉर आहे,3.77,20.0,0,5.78
sample_01021,D:\marathi-asr\data\vistaar_benchmarks\kathbath\marathi\wavs\844424930331397-60-m.wav,उद्योगधंद्याच्या ठिकाणी रसायने किंवा वायू वाहून नेण्यासाठीसुद्धा विशेष प्रकारची नळव्यवस्था केली जाते,उद्योगधंद्याच्या ठिकाणी रासायनिक किंवा वायू वाहून नेण्यासाठी सुद्धा विशेष प्रकारची नळव्यवस्था केली जाते,उद्योगधंद्याच्या ठिकाणी रसायने किंवा वायू वाहून नेण्यासाठीसुद्धा विशेष प्रकारची नळव्यवस्था केली जाते,उद्योगधंद्याच्या ठिकाणी रासायनिक किंवा वायू वाहून नेण्यासाठी सुद्धा विशेष प्रकारची नळव्यवस्था केली जाते,4.0,25.0,0,7.04
sample_01022,D:\marathi-asr\data\vistaar_benchmarks\kathbath\marathi\wavs\844424930649758-823-m.wav,अशा कोटिंग्जचे अगदी कमी तापमान उच्च लवचिकता द्वारे दर्शविले आहेत,अशा कोटिंग्जचे अगदी कमी तापमान उच्च लवचिकताद्वारे दर्शविले आहेत,अशा कोटिंग्जचे अगदी कमी तापमान उच्च लवचिकता द्वारे दर्शविले आहेत,अशा कोटिंग्जचे अगदी कमी तापमान उच्च लवचिकताद्वारे दर्शविले आहेत,1.56,20.0,0,6.04
sample_01023,D:\marathi-asr\data\vistaar_benchmarks\kathbath\marathi\wavs\844424930649753-823-m.wav,उरी सेक्टरमधील कालीगढ येथे तीन ते चार दहशतवादी घुसखोरीच्या प्रयत्नात असल्याची माहिती सुरक्षा दलास मिळाली,उरी सेक्टरमधील कालीगड येथे तीन ते चार दहशतवादी घुसखोरीच्या प्रयत्नात असल्याची माहिती सुरक्षा दलास मिळाली,उरी सेक्टरमधील कालीगढ येथे तीन ते चार दहशतवादी घुसखोरीच्या प्रयत्नात असल्याची माहिती सुरक्षा दलास मिळाली,उरी सेक्टरमधील कालीगड येथे तीन ते चार दहशतवादी घुसखोरीच्या प्रयत्नात असल्याची माहिती सुरक्षा दलास मिळाली,0.96,6.67,0,9.82
sample_01024,D:\marathi-asr\data\vistaar_benchmarks\kathbath\marathi\wavs\844424930394119-60-m.wav,लॉकडाउनमुळे घरात अडकलेल्या लोकांसाठी टेलिकम्युनिकेशन कंपन्या ऑफर देत आहेत,लॉकडाऊनमुळे घरात अडकलेल्या लोकांसाठी टेलिकम्युनिकेशन कंपन्या ऑफर देत आहेत,लॉकडाउनमुळे घरात अडकलेल्या लोकांसाठी टेलिकम्युनिकेशन कंपन्या ऑफर देत आहेत,लॉकडाऊनमुळे घरात अडकलेल्या लोकांसाठी टेलिकम्युनिकेशन कंपन्या ऑफर देत आहेत,1.37,11.11,0,5.13
sample_01025,D:\marathi-asr\data\vistaar_benchmarks\kathbath\marathi\wavs\844424930746720-6-m.wav,त्यामुळे या विस्तारात कोणाला संधी मिळणार याकडे लक्ष लागलं आहे,त्यामुळे या विस्तारात कोणाला संधी मिळणार याकडे लक्ष लागलं आहे,त्यामुळे या विस्तारात कोणाला संधी मिळणार याकडे लक्ष लागलं आहे,त्यामुळे या विस्तारात कोणाला संधी मिळणार याकडे लक्ष लागलं आहे,0.0,0.0,1,6.04
sample_01026,D:\marathi-asr\data\vistaar_benchmarks\kathbath\marathi\wavs\844424930328373-60-m.wav,गेल्या ९ महिन्यांपासून प्लास्टिक उत्पादकांना याची जाणीव करुन देण्यात आली आहे,गेल्या नऊ महिन्यांपासून प्लॅस्टिक उत्पादकांना यांची जाणीव करून देण्यात आली आहे,गेल्या ९ महिन्यांपासून प्लास्टिक उत्पादकांना याची जाणीव करुन देण्यात आली आहे,गेल्या नऊ महिन्यांपासून प्लॅस्टिक उत्पादकांना यांची जाणीव करून देण्यात आली आहे,6.58,36.36,0,5.74
sample_01027,D:\marathi-asr\data\vistaar_benchmarks\kathbath\marathi\wavs\844424930328400-60-m.wav,मात्र ती गाडी आपल्याच कार्यकर्त्याची असल्याचे नंतर स्पष्ट झाले,मात्र ती गाडी आपल्याच कार्यकर्त्यांची असल्याचे नंतर स्पष्ट झाले,मात्र ती गाडी आपल्याच कार्यकर्त्याची असल्याचे नंतर स्पष्ट झाले,मात्र ती गाडी आपल्याच कार्यकर्त्यांची असल्याचे नंतर स्पष्ट झाले,1.61,11.11,0,4.48
sample_01028,D:\marathi-asr\data\vistaar_benchmarks\kathbath\marathi\wavs\844424930649738-823-m.wav,त्याची बहिण त्याला या कामी बरीच मदत करत असते,त्याची बहीण त्याला या कामी बरीच मदत करत असते,त्याची बहिण त्याला या कामी बरीच मदत करत असते,त्याची बहीण त्याला या कामी बरीच मदत करत असते,2.27,11.11,0,4.32
sample_01029,D:\marathi-asr\data\vistaar_benchmarks\kathbath\marathi\wavs\844424930328410-60-m.wav,लोहा पोलीस ठाण्यात तक्रारदाराच्या भावाविरुध्द एक गुन्हा दाखल आहे,लोहा पोलीस ठाण्यात तक्रारदाराच्या भावाविरुद्ध एक गुन्हा दाखल आहे,लोहा पोलीस ठाण्यात तक्रारदाराच्या भावाविरुध्द एक गुन्हा दाखल आहे,लोहा पोलीस ठाण्यात तक्रारदाराच्या भावाविरुद्ध एक गुन्हा दाखल आहे,3.12,11.11,0,4.37
sample_01030,D:\marathi-asr\data\vistaar_benchmarks\kathbath\marathi\wavs\844424930649803-823-m.wav,त्यापैकी महत्त्वाची कारणे म्हणजे अद्ययावत तांत्रिक उपलब्धता आणि व्यवहारातील जोखीमेबाबत सुरक्षितता,त्यापैकी महत्त्वाची कारणे म्हणजे अद्ययावत तांत्रिक उपलब्धता आणि व्यवहारातील जोखमेबाबत सुरक्षितता,त्यापैकी महत्त्वाची कारणे म्हणजे अद्ययावत तांत्रिक उपलब्धता आणि व्यवहारातील जोखीमेबाबत सुरक्षितता,त्यापैकी महत्त्वाची कारणे म्हणजे अद्ययावत तांत्रिक उपलब्धता आणि व्यवहारातील जोखमेबाबत सुरक्षितता,1.03,9.09,0,8.66
sample_01031,D:\marathi-asr\data\vistaar_benchmarks\kathbath\marathi\wavs\844424930344965-60-m.wav,त्यासाठी शासकीय मैदानावर मोठ्या संख्येने मूर्ती विक्रेत्यांनी दुकाने लावली होती,त्यासाठी शासकीय मैदानावर मोठ्या संख्येने मूर्ती विक्रेत्यांनी दुकाने लावली होती,त्यासाठी शासकीय मैदानावर मोठ्या संख्येने मूर्ती विक्रेत्यांनी दुकाने लावली होती,त्यासाठी शासकीय मैदानावर मोठ्या संख्येने मूर्ती विक्रेत्यांनी दुकाने लावली होती,0.0,0.0,1,5.18
sample_01032,D:\marathi-asr\data\vistaar_benchmarks\kathbath\marathi\wavs\844424930746724-6-m.wav,प्रस्तावित विधेयक ही अट शिथिल करून ती सहा वर्षांवर आणण्याची शिफारस करतं,प्रस्तावित विधेयक ही अट शिथिल करून ती सहा वर्षांवर आणण्याची शिफारस करतं,प्रस्तावित विधेयक ही अट शिथिल करून ती सहा वर्षांवर आणण्याची शिफारस करतं,प्रस्तावित विधेयक ही अट शिथिल करून ती सहा वर्षांवर आणण्याची शिफारस करतं,0.0,0.0,1,8.17
sample_01033,D:\marathi-asr\data\vistaar_benchmarks\kathbath\marathi\wavs\844424930331402-60-m.wav,उष्ण प्रदेशात जास्त तर थंड प्रदेशात थोडे कमी चालते,उष्ण प्रदेशात जास्त तर थंड प्रदेशात थोडे कमी चालते,उष्ण प्रदेशात जास्त तर थंड प्रदेशात थोडे कमी चालते,उष्ण प्रदेशात जास्त तर थंड प्रदेशात थोडे कमी चालते,0.0,0.0,1,3.76
sample_01034,D:\marathi-asr\data\vistaar_benchmarks\kathbath\marathi\wavs\844424930649751-823-m.wav,शिंदे हे पुन्हा कॅबिनेट मंत्री बनल्याने ठाणेकरांनी त्यांचे जल्लोषात स्वागत केले,शिंदे हे पुन्हा कॅबिनेट मंत्री बनल्याने ठाणेकरांनी त्यांचे जल्लोषात स्वागत केले,शिंदे हे पुन्हा कॅबिनेट मंत्री बनल्याने ठाणेकरांनी त्यांचे जल्लोषात स्वागत केले,शिंदे हे पुन्हा कॅबिनेट मंत्री बनल्याने ठाणेकरांनी त्यांचे जल्लोषात स्वागत केले,0.0,0.0,1,6.99
sample_01035,D:\marathi-asr\data\vistaar_benchmarks\kathbath\marathi\wavs\844424930746733-6-m.wav,मात्र आता रेल्वेत स्टंटचे व्हिडिओ व्हायरल केल्यास यावर रेल्वे पोलिसांची नजर असणार आहे,मात्र आता रेल्वेत स्टंटचे व्हिडीिओ व्हायरल केल्यास यावर रेल्वे पोलिसांची नजर असणार आहे,मात्र आता रेल्वेत स्टंटचे व्हिडिओ व्हायरल केल्यास यावर रेल्वे पोलिसांची नजर असणार आहे,मात्र आता रेल्वेत स्टंटचे व्हिडीिओ व्हायरल केल्यास यावर रेल्वे पोलिसांची नजर असणार आहे,1.18,7.69,0,7.78
sample_01036,D:\marathi-asr\data\vistaar_benchmarks\kathbath\marathi\wavs\844424930394084-60-m.wav,या वेळी चोरांनी १० लाख ७७ हजार ५०० रुपयांचे सोन्याचे दागिने लांबवले,यावेळी चोरांनी दहा लाख सत्याहत्तर हजार पाचशे रुपयांचे सोन्याचे दागिने लांबवले,या वेळी चोरांनी १० लाख ७७ हजार ५०० रुपयांचे सोन्याचे दागिने लांबवले,यावेळी चोरांनी दहा लाख सत्याहत्तर हजार पाचशे रुपयांचे सोन्याचे दागिने लांबवले,28.36,41.67,0,5.29
sample_01037,D:\marathi-asr\data\vistaar_benchmarks\kathbath\marathi\wavs\844424930746782-6-m.wav,पण मुजोर टोईंग कर्मचाऱ्यांनी तरुणीसह रिक्षाचालक आणि नागरिकांना रॉडने मारहाण केली,पण मुजोर टोईंग कर्मचाऱ्यांनी तरुणीसह रिक्षाचालक आणि नागरिकांना रॉडने मारहाण केली,पण मुजोर टोईंग कर्मचाऱ्यांनी तरुणीसह रिक्षाचालक आणि नागरिकांना रॉडने मारहाण केली,पण मुजोर टोईंग कर्मचाऱ्यांनी तरुणीसह रिक्षाचालक आणि नागरिकांना रॉडने मारहाण केली,2.47,9.09,0,10.15
sample_01038,D:\marathi-asr\data\vistaar_benchmarks\kathbath\marathi\wavs\844424930323308-60-m.wav,एकमेकांना सहकार्य केल्याने अनेक समस्या येण्याआधीच सुटतील व तुम्ही एक आनंदी नातं जगू शकाल,एकमेकांना सहकार्य केल्याने अनेक समस्या येण्याआधी सुटतील व तुम्ही एक आनंदी नातं जगू शकाल,एकमेकांना सहकार्य केल्याने अनेक समस्या येण्याआधीच सुटतील व तुम्ही एक आनंदी नातं जगू शकाल,एकमेकांना सहकार्य केल्याने अनेक समस्या येण्याआधी सुटतील व तुम्ही एक आनंदी नातं जगू शकाल,1.14,7.14,0,6.92
sample_01039,D:\marathi-asr\data\vistaar_benchmarks\kathbath\marathi\wavs\844424930328454-60-m.wav,यंदाच्या निवडणुकीत पहिल्यांदाच भाजपसमोर कडवं आव्हान निर्माण झालं आहे,यंदाच्या निवडणुकीत पहिल्यांदाच भाजपासमोर कडवा अवाल निर्माण झाला आहे,यंदाच्या निवडणुकीत पहिल्यांदाच भाजपसमोर कडवं आव्हान निर्माण झालं आहे,यंदाच्या निवडणुकीत पहिल्यांदाच भाजपासमोर कडवा अवाल निर्माण झाला आहे,10.29,44.44,0,4.85
sample_01040,D:\marathi-asr\data\vistaar_benchmarks\kathbath\marathi\wavs\844424930649745-823-m.wav,आपण देशातील सध्याच्या फॅशन त्यानुसार मुलांची नावे निवडू शकता,आपण देशातील सध्याच्या फॅशननुसार मुलांची नावे निवडू शकता,आपण देशातील सध्याच्या फॅशन त्यानुसार मुलांची नावे निवडू शकता,आपण देशातील सध्याच्या फॅशननुसार मुलांची नावे निवडू शकता,8.33,22.22,0,5.53
sample_01041,D:\marathi-asr\data\vistaar_benchmarks\kathbath\marathi\wavs\844424930810098-6-m.wav,त्याबरोबर गहाण ठेवलेल्या ऍसेट्सची किमत चढवून सांगितली गेली होती,त्याबरोबर गहाण ठेवलेल्या अॅसिड्सची किंमत चढवून सांगितली गेली होती,त्याबरोबर गहाण ठेवलेल्या ऍसेट्सची किमत चढवून सांगितली गेली होती,त्याबरोबर गहाण ठेवलेल्या अॅसिड्सची किंमत चढवून सांगितली गेली होती,7.94,22.22,0,6.69
sample_01042,D:\marathi-asr\data\vistaar_benchmarks\kathbath\marathi\wavs\844424930328966-60-m.wav,डिश अशक्तपणा विरुद्ध लढा हा एक खरा मदत होऊ शकते,डिश शक्यतपणाविरुद्ध लढा हा एक खरा मदत होऊ शकतो,डिश अशक्तपणा विरुद्ध लढा हा एक खरा मदत होऊ शकते,डिश शक्यतपणाविरुद्ध लढा हा एक खरा मदत होऊ शकतो,8.51,30.0,0,3.69
sample_01043,D:\marathi-asr\data\vistaar_benchmarks\kathbath\marathi\wavs\844424930649819-823-m.wav,मृत निजगौंडा यांचे नातेवाईक बेळगाव येथील इस्पितळात उपचार घेत आहेत,मृत निजगौंडा यांचे नातेवाई बेळगाव येथील इस्पितळात उपचार घेत आहेत,मृत निजगौंडा यांचे नातेवाईक बेळगाव येथील इस्पितळात उपचार घेत आहेत,मृत निजगौंडा यांचे नातेवाई बेळगाव येथील इस्पितळात उपचार घेत आहेत,1.54,10.0,0,7.22
sample_01044,D:\marathi-asr\data\vistaar_benchmarks\kathbath\marathi\wavs\844424930746770-6-m.wav,अभिषेकला हा सिनेमा एवढा आवडला की त्याने सिनेमाचे भरभरून कौतुक केले,अभिषेकला हा सिनेमा एवढा आवडला की त्याने सिनेमाचे भरभरून कौतुक केले,अभिषेकला हा सिनेमा एवढा आवडला की त्याने सिनेमाचे भरभरून कौतुक केले,अभिषेकला हा सिनेमा एवढा आवडला की त्याने सिनेमाचे भरभरून कौतुक केले,0.0,0.0,1,6.9
sample_01045,D:\marathi-asr\data\vistaar_benchmarks\kathbath\marathi\wavs\844424930328386-60-m.wav,केवळ प्रश्न विचारून मतदारसंघात विकासकामे केल्याची स्टंटबाजी करणे योग्य नाही,केवळ प्रश्न विचारून मतदारसंघात विकासकामे केल्याचे स्टंडबाजी करणे योग्य नाही,केवळ प्रश्न विचारून मतदारसंघात विकासकामे केल्याची स्टंटबाजी करणे योग्य नाही,केवळ प्रश्न विचारून मतदारसंघात विकासकामे केल्याचे स्टंडबाजी करणे योग्य नाही,2.67,20.0,0,5.13
sample_01046,D:\marathi-asr\data\vistaar_benchmarks\kathbath\marathi\wavs\844424930649804-823-m.wav,त्यानंतर राष्ट्रीय आणि आंतरराष्ट्रीय स्थरावर त्यांची अनेक एकल आणि समूह चित्रप्रदर्शन रसिकांच्या पसंतीस उतरली,त्यानंतर राष्ट्रीय आणि आंतरराष्ट्रीय स्तरावर त्यांची अनेक एकल आणि समूह चित्रप्रदर्शन रसिकांच्या पसंतीस उतरली,त्यानंतर राष्ट्रीय आणि आंतरराष्ट्रीय स्थरावर त्यांची अनेक एकल आणि समूह चित्रप्रदर्शन रसिकांच्या पसंतीस उतरली,त्यानंतर राष्ट्रीय आणि आंतरराष्ट्रीय स्तरावर त्यांची अनेक एकल आणि समूह चित्रप्रदर्शन रसिकांच्या पसंतीस उतरली,0.93,7.14,0,10.61
sample_01047,D:\marathi-asr\data\vistaar_benchmarks\kathbath\marathi\wavs\844424930649747-823-m.wav,याप्रकरणात दुरुगकर याच्यावर जेलरोड पोलिसांत फसवणुकीचा गुन्हा दाखल आहे,या प्रकरणात दुर्गकर याच्यावर जेलरोड पोलिसांात फसवणुकीचा गुन्हा दाखल आहे,याप्रकरणात दुरुगकर याच्यावर जेलरोड पोलिसांत फसवणुकीचा गुन्हा दाखल आहे,या प्रकरणात दुर्गकर याच्यावर जेलरोड पोलिसांात फसवणुकीचा गुन्हा दाखल आहे,4.35,44.44,0,7.69
sample_01048,D:\marathi-asr\data\vistaar_benchmarks\kathbath\marathi\wavs\844424930819882-6-m.wav,शॅम्पू व इतर केस आणि त्वचेच्या प्रसाधनांत ते खूप वापरले जाते,शॅम्पू व इतर केस आणि त्वचेच्या प्रसाधनात ते खूप वापरले जाते,शॅम्पू व इतर केस आणि त्वचेच्या प्रसाधनांत ते खूप वापरले जाते,शॅम्पू व इतर केस आणि त्वचेच्या प्रसाधनात ते खूप वापरले जाते,1.67,9.09,0,6.18
sample_01049,D:\marathi-asr\data\vistaar_benchmarks\kathbath\marathi\wavs\844424930746710-6-m.wav,वांद्रे आणि खार दरम्यान सिग्नल यंत्रणेत बिघाड झाला होता,वांद्रे आणि खार दरम्यान सिग्नल यंत्रणेत बिघाड झाला होता,वांद्रे आणि खार दरम्यान सिग्नल यंत्रणेत बिघाड झाला होता,वांद्रे आणि खार दरम्यान सिग्नल यंत्रणेत बिघाड झाला होता,0.0,0.0,1,6.06
sample_01050,D:\marathi-asr\data\vistaar_benchmarks\kathbath\marathi\wavs\844424930819869-6-m.wav,सध्या अमरनाथ यात्रेच्या सुरक्षिततेसाठी ४० हजार सैन्य तैनात असून त्यांच्या मदतीला या कंपन्या पाठवल्या आहेत,सध्या अमरनाथ यात्रेच्या सुरक्षिततेसाठी चाळीस हजार सैन्य तैनात असून त्यांच्या मदतीला या कंपन्या पाठवल्या आहेत,सध्या अमरनाथ यात्रेच्या सुरक्षिततेसाठी ४० हजार सैन्य तैनात असून त्यांच्या मदतीला या कंपन्या पाठवल्या आहेत,सध्या अमरनाथ यात्रेच्या सुरक्षिततेसाठी चाळीस हजार सैन्य तैनात असून त्यांच्या मदतीला या कंपन्या पाठवल्या आहेत,4.76,6.67,0,9.94
sample_01051,D:\marathi-asr\data\vistaar_benchmarks\kathbath\marathi\wavs\844424930649734-823-m.wav,यामध्ये बॉलिवूड आणि ड्रग्ज असा मोठा सापळा उघड होणार असल्याची चिन्ह आहेत,यामध्ये बॉलिवूड आणि ड्रग्ज असा मोठा सापळा उघड होणार असल्याची चिन्ह आहेत,यामध्ये बॉलिवूड आणि ड्रग्ज असा मोठा सापळा उघड होणार असल्याची चिन्ह आहेत,यामध्ये बॉलिवूड आणि ड्रग्ज असा मोठा सापळा उघड होणार असल्याची चिन्ह आहेत,0.0,0.0,1,6.64
sample_01052,D:\marathi-asr\data\vistaar_benchmarks\kathbath\marathi\wavs\844424930329009-60-m.wav,अवघ्या देशात वायरल झाला आणि अनेक जणांच्या तळपायाची आग मस्तकात गेली,अवघ्या देशात व्हायरल झाला आणि अनेक जणांच्या तडपायाची आग मस्तकात गेली,अवघ्या देशात वायरल झाला आणि अनेक जणांच्या तळपायाची आग मस्तकात गेली,अवघ्या देशात व्हायरल झाला आणि अनेक जणांच्या तडपायाची आग मस्तकात गेली,4.55,18.18,0,4.9
sample_01053,D:\marathi-asr\data\vistaar_benchmarks\kathbath\marathi\wavs\844424930746735-6-m.wav,याच भीतीने अनेक पोलिस आपल्या कुटुंबीयांपासून दूर राहत आहेत,याच भीतीने अनेक पोलीस आपल्या कुटुंबियांपासून दूर राहत आहेत,याच भीतीने अनेक पोलिस आपल्या कुटुंबीयांपासून दूर राहत आहेत,याच भीतीने अनेक पोलीस आपल्या कुटुंबियांपासून दूर राहत आहेत,3.45,22.22,0,5.62
sample_01054,D:\marathi-asr\data\vistaar_benchmarks\kathbath\marathi\wavs\844424930649725-823-m.wav,या फोटोमध्ये घटनास्थळी बिअरच्या बाटल्या आणि सिगारेटही पडलेल्या आहेत,या फोटोमध्ये घटनास्थळी बिअरच्या बाटल्या आणि सिगारेटही पडलेल्या आहेत,या फोटोमध्ये घटनास्थळी बिअरच्या बाटल्या आणि सिगारेटही पडलेल्या आहेत,या फोटोमध्ये घटनास्थळी बिअरच्या बाटल्या आणि सिगारेटही पडलेल्या आहेत,0.0,0.0,1,6.2
sample_01055,D:\marathi-asr\data\vistaar_benchmarks\kathbath\marathi\wavs\844424930649767-823-m.wav,दिल्ली पोलिसांच्या इतिहासात पहिल्यांदाच पोलिस आपल्या हक्कासाठी रस्त्यावर उतरलेले दिसले,दिल्ली पोलिसांच्या इतिहासात पहिल्यांदाच पोलीस आपल्या हक्कासाठी रस्त्यावर उतरलेले दिसले,दिल्ली पोलिसांच्या इतिहासात पहिल्यांदाच पोलिस आपल्या हक्कासाठी रस्त्यावर उतरलेले दिसले,दिल्ली पोलिसांच्या इतिहासात पहिल्यांदाच पोलीस आपल्या हक्कासाठी रस्त्यावर उतरलेले दिसले,1.16,10.0,0,6.99
sample_01056,D:\marathi-asr\data\vistaar_benchmarks\kathbath\marathi\wavs\844424930649788-823-m.wav,तर उरणमध्ये सरपंच पदासाठी एक जागा असून चार उमेदवार आहेत,तर उरणमध्ये सरपंच पदासाठी एक जागा असून चार उमेदवार आहेत,तर उरणमध्ये सरपंच पदासाठी एक जागा असून चार उमेदवार आहेत,तर उरणमध्ये सरपंच पदासाठी एक जागा असून चार उमेदवार आहेत,0.0,0.0,1,5.57
sample_01057,D:\marathi-asr\data\vistaar_benchmarks\kathbath\marathi\wavs\844424930746766-6-m.wav,शिवाय पॅसेंजर गाडय़ांना प्रवाशांची गर्दी लक्षात घेऊन डब्यांची संख्या वाढविणे आवश्यक आहे,शिवाय पॅसेंजर गाड्यांना प्रवाशांची गर्दी लक्षात घेऊन डब्यांची संख्या वाढविणे आवश्यक आहे,शिवाय पॅसेंजर गाडय़ांना प्रवाशांची गर्दी लक्षात घेऊन डब्यांची संख्या वाढविणे आवश्यक आहे,शिवाय पॅसेंजर गाड्यांना प्रवाशांची गर्दी लक्षात घेऊन डब्यांची संख्या वाढविणे आवश्यक आहे,2.3,8.33,0,9.31
sample_01058,D:\marathi-asr\data\vistaar_benchmarks\kathbath\marathi\wavs\844424930746743-6-m.wav,जे बलवान होते त्यांची शिकार करून त्यांची संख्या मर्यादित ठेवण्यास यश मिळविले,जे बलवान होते त्यांची शिकार करून त्यांची संख्या मर्यादित ठेवण्यास यश मिळवले,जे बलवान होते त्यांची शिकार करून त्यांची संख्या मर्यादित ठेवण्यास यश मिळविले,जे बलवान होते त्यांची शिकार करून त्यांची संख्या मर्यादित ठेवण्यास यश मिळवले,1.32,8.33,0,7.41
sample_01059,D:\marathi-asr\data\vistaar_benchmarks\kathbath\marathi\wavs\844424930323251-60-m.wav,बँकींग प्रणाली अधिक सक्षम आणि स्वच्छ करण्याचा सरकारचा निर्धार आहे,बँकिंग प्रणाली अधिक सक्षम आणि स्वच्छ करण्याचा सरकारच्या निर्धार आहेत,बँकींग प्रणाली अधिक सक्षम आणि स्वच्छ करण्याचा सरकारचा निर्धार आहे,बँकिंग प्रणाली अधिक सक्षम आणि स्वच्छ करण्याचा सरकारच्या निर्धार आहेत,6.15,30.0,0,5.15
sample_01060,D:\marathi-asr\data\vistaar_benchmarks\kathbath\marathi\wavs\844424930819824-6-m.wav,शेतकरी आंदोलनात भारत सरकारच्या भूमिकेवर त्यांनी प्रश्नचिन्ह उपस्थित केलं होतं,शेतकरी आंदोलनात भारत सरकारच्या भूमिकेवर त्यांनी प्रश्नचिन्ह उपस्थित केलं होतं,शेतकरी आंदोलनात भारत सरकारच्या भूमिकेवर त्यांनी प्रश्नचिन्ह उपस्थित केलं होतं,शेतकरी आंदोलनात भारत सरकारच्या भूमिकेवर त्यांनी प्रश्नचिन्ह उपस्थित केलं होतं,0.0,0.0,1,9.29
sample_01061,D:\marathi-asr\data\vistaar_benchmarks\kathbath\marathi\wavs\844424930331393-60-m.wav,सर्वात आधी कुणाला लस द्यावी यासंदर्भात अभ्यास देखील सुरु आहे,सर्वात आधी कुणाला लस घ्यावी यासंदर्भात अभ्यास देखील सुरू आहे,सर्वात आधी कुणाला लस द्यावी यासंदर्भात अभ्यास देखील सुरु आहे,सर्वात आधी कुणाला लस घ्यावी यासंदर्भात अभ्यास देखील सुरू आहे,3.33,20.0,0,4.5
sample_01062,D:\marathi-asr\data\vistaar_benchmarks\kathbath\marathi\wavs\844424930394056-60-m.wav,याचा व्हिडिओ दीपिकानं देखील शेअर केला आहे तो आवर्जून पाहण्यासारखा आहे,हा व्हिडिओ दीपिकांना देखील शेअर केला आहे तो आवर्जून पाहण्यासारखा आहे,याचा व्हिडिओ दीपिकानं देखील शेअर केला आहे तो आवर्जून पाहण्यासारखा आहे,हा व्हिडिओ दीपिकांना देखील शेअर केला आहे तो आवर्जून पाहण्यासारखा आहे,7.25,18.18,0,5.02
sample_01063,D:\marathi-asr\data\vistaar_benchmarks\kathbath\marathi\wavs\844424930819843-6-m.wav,प्रकाश आंबेडकरांची एकाधिकारशाही आणि त्यांना मनमानी कारभार यांमुळे त्यांनी राजीनामा दिला आहे,प्रकाश आंबेडकरांची एकाधिकारीशाही आणि त्यांना मनमानी कारभार यांमुळे त्यांनी राजीनामा दिला आहे,प्रकाश आंबेडकरांची एकाधिकारशाही आणि त्यांना मनमानी कारभार यांमुळे त्यांनी राजीनामा दिला आहे,प्रकाश आंबेडकरांची एकाधिकारीशाही आणि त्यांना मनमानी कारभार यांमुळे त्यांनी राजीनामा दिला आहे,1.1,8.33,0,9.17
sample_01064,D:\marathi-asr\data\vistaar_benchmarks\kathbath\marathi\wavs\844424933394792-566-m.wav,कोलमडून पडलं तरी थरथरत्या पायांनी परत उभं राहावं लागतं,कोणमंडून पडलं तरी थरथरत्या पायांनी परत उभं राहावं लागतं,कोलमडून पडलं तरी थरथरत्या पायांनी परत उभं राहावं लागतं,कोणमंडून पडलं तरी थरथरत्या पायांनी परत उभं राहावं लागतं,3.7,11.11,0,5.02
sample_01065,D:\marathi-asr\data\vistaar_benchmarks\kathbath\marathi\wavs\844424933373438-962-m.wav,मग ते तीघे निघण्यास दरवाज्याकडे जातात तेव्हा त्यांना क्झेनोफिलीयस लव्हगुड अडवतो,मग ते तिघे निघण्यास दरवाज्याकडे जातात तेव्हा त्यांना केनझोफिलियन्स लव्ह गुड आडवतं,मग ते तीघे निघण्यास दरवाज्याकडे जातात तेव्हा त्यांना क्झेनोफिलीयस लव्हगुड अडवतो,मग ते तिघे निघण्यास दरवाज्याकडे जातात तेव्हा त्यांना केनझोफिलियन्स लव्ह गुड आडवतं,12.66,45.45,0,5.99
sample_01066,D:\marathi-asr\data\vistaar_benchmarks\kathbath\marathi\wavs\844424933280428-817-m.wav,या आणि अशा अनेक गोष्टींमुळे जवळजवळ एक महिनाभर संपूर्ण शहरात चैतन्याचे वातावरण असते,या आणि अशा अनेक गोष्टींमुळे जवळजवळ एक महिनाभर संपूर्ण शहरात चैतन्याचे वातावरण असते,या आणि अशा अनेक गोष्टींमुळे जवळजवळ एक महिनाभर संपूर्ण शहरात चैतन्याचे वातावरण असते,या आणि अशा अनेक गोष्टींमुळे जवळजवळ एक महिनाभर संपूर्ण शहरात चैतन्याचे वातावरण असते,0.0,0.0,1,11.12
sample_01067,D:\marathi-asr\data\vistaar_benchmarks\kathbath\marathi\wavs\844424933379994-487-m.wav,तामिळशोट कोम इन पीर फजेर्डे घडले आणि यशस्वीरित्या धावले,तामिळ शोट कोम इन पीर फर्जेर डे घडले आणि यशस्वीरित्या धावले,तामिळशोट कोम इन पीर फजेर्डे घडले आणि यशस्वीरित्या धावले,तामिळ शोट कोम इन पीर फर्जेर डे घडले आणि यशस्वीरित्या धावले,7.27,44.44,0,5.87
sample_01068,D:\marathi-asr\data\vistaar_benchmarks\kathbath\marathi\wavs\844424933373457-962-m.wav,कौटिलीय अर्थशास्त्रात लोकायत हे आन्वीक्षिकी म्हणजे तर्कविद्येचा भाग असल्याचे म्हटले आहे,कोटिलीिय अर्थशास्त्रात लोकायत हे अन्वेक्षित म्हणजे तर्कविद्येचा भाग असल्याचे म्हटले आहे,कौटिलीय अर्थशास्त्रात लोकायत हे आन्वीक्षिकी म्हणजे तर्कविद्येचा भाग असल्याचे म्हटले आहे,कोटिलीिय अर्थशास्त्रात लोकायत हे अन्वेक्षित म्हणजे तर्कविद्येचा भाग असल्याचे म्हटले आहे,6.9,18.18,0,6.62
sample_01069,D:\marathi-asr\data\vistaar_benchmarks\kathbath\marathi\wavs\844424933394843-566-m.wav,विविध पायाभूत सुविधांवर परिणाम झाला आणि नुकसान झाले,विविध पायाभूत सुविधांवर परिणाम झाला आणि नुकसान झाले,विविध पायाभूत सुविधांवर परिणाम झाला आणि नुकसान झाले,विविध पायाभूत सुविधांवर परिणाम झाला आणि नुकसान झाले,0.0,0.0,1,3.48
sample_01070,D:\marathi-asr\data\vistaar_benchmarks\kathbath\marathi\wavs\844424933355983-1120-m.wav,तसेच २०२० उन्हाळी ऑलिंपिक स्पर्धेचे यजमानपद टोकियोला मिळाले आहे,तसेच दोन हजार वीस उन्हाळी ऑलिम्पिक स्पर्धेचे यजमानपद टोकियोला मिळाले आहे,तसेच २०२० उन्हाळी ऑलिंपिक स्पर्धेचे यजमानपद टोकियोला मिळाले आहे,तसेच दोन हजार वीस उन्हाळी ऑलिम्पिक स्पर्धेचे यजमानपद टोकियोला मिळाले आहे,22.22,44.44,0,6.48
sample_01071,D:\marathi-asr\data\vistaar_benchmarks\kathbath\marathi\wavs\844424933381600-676-m.wav,एका व्यक्तिने दुसऱ्या व्यक्तीचे मनोगत जाणण्यासाठी विचारलेले प्रश्न म्हणजेही मुलाखत होय,एका व्यक्तीने दुसऱ्या व्यक्तीचे मनोगत जाण्यासाठी विचारलेले प्रश्न म्हणजे ही मुलाखत होय,एका व्यक्तिने दुसऱ्या व्यक्तीचे मनोगत जाणण्यासाठी विचारलेले प्रश्न म्हणजेही मुलाखत होय,एका व्यक्तीने दुसऱ्या व्यक्तीचे मनोगत जाण्यासाठी विचारलेले प्रश्न म्हणजे ही मुलाखत होय,5.75,45.45,0,8.92
sample_01072,D:\marathi-asr\data\vistaar_benchmarks\kathbath\marathi\wavs\844424933373425-962-m.wav,नोवेंबर २००९ मध्ये विमान चालविणे प्रशिक्षन चालू झाले,नोव्हेंबर दोन हजार नऊ मध्ये विमान चालने प्रशिक्षण चालू झाले,नोवेंबर २००९ मध्ये विमान चालविणे प्रशिक्षन चालू झाले,नोव्हेंबर दोन हजार नऊ मध्ये विमान चालने प्रशिक्षण चालू झाले,32.69,75.0,0,4.3
sample_01073,D:\marathi-asr\data\vistaar_benchmarks\kathbath\marathi\wavs\844424933381584-676-m.wav,त्यांना ब्रायन लारा व सुनिल गावसकर यांच्या समवेत विसाव्या शतकातील महान क्रिकेटर म्हणून गौरवल्या जाते,त्यांना ब्रायन लारा व सुनील गावसकर यांच्यासमवेत विसाव्या शतकातील महान क्रिकेटर म्हणून गौरविले जाते,त्यांना ब्रायन लारा व सुनिल गावसकर यांच्या समवेत विसाव्या शतकातील महान क्रिकेटर म्हणून गौरवल्या जाते,त्यांना ब्रायन लारा व सुनील गावसकर यांच्यासमवेत विसाव्या शतकातील महान क्रिकेटर म्हणून गौरविले जाते,6.0,26.67,0,9.17
sample_01074,D:\marathi-asr\data\vistaar_benchmarks\kathbath\marathi\wavs\844424933394883-566-m.wav,मेक्सिको उत्तर अमेरिकेच्या ईशान्य भागात असून त्याचा आकार साधारणत त्रिकोणी आहे,मेक्सिको उत्तर अमेरिकेच्या ईशान्य भागात असून त्याचा आकार साधारण त्रिकोण आहे,मेक्सिको उत्तर अमेरिकेच्या ईशान्य भागात असून त्याचा आकार साधारणत त्रिकोणी आहे,मेक्सिको उत्तर अमेरिकेच्या ईशान्य भागात असून त्याचा आकार साधारण त्रिकोण आहे,2.6,18.18,0,4.78
sample_01075,D:\marathi-asr\data\vistaar_benchmarks\kathbath\marathi\wavs\844424933394862-566-m.wav,आपल्या हृदयीची ही व्यथा भीमाने सहजवश राजवाड्यात आलेल्या दमन ऋषींना सांगितली,आपल्या हृदयीची व्यथा भीमाने सहज वर्ष राजवाड्यात आलेल्या दमन ऋषींना सांगितले,आपल्या हृदयीची ही व्यथा भीमाने सहजवश राजवाड्यात आलेल्या दमन ऋषींना सांगितली,आपल्या हृदयीची व्यथा भीमाने सहज वर्ष राजवाड्यात आलेल्या दमन ऋषींना सांगितले,10.67,36.36,0,4.81
sample_01076,D:\marathi-asr\data\vistaar_benchmarks\kathbath\marathi\wavs\844424933394041-426-m.wav,त्या वेळी विला डो एस्परिटो सॅंटो नावाच्या पहिल्या गावात प्रथम स्थाईक होण्याचे काम सुरू झाले,त्यावेळी वि्हला डो एस्पोरिटो सेटो नावाच्या पहिल्या गावात प्रथम स्थायिक होण्याचे काम सुरू झाले,त्या वेळी विला डो एस्परिटो सॅंटो नावाच्या पहिल्या गावात प्रथम स्थाईक होण्याचे काम सुरू झाले,त्यावेळी वि्हला डो एस्पोरिटो सेटो नावाच्या पहिल्या गावात प्रथम स्थायिक होण्याचे काम सुरू झाले,8.79,40.0,0,8.73
sample_01077,D:\marathi-asr\data\vistaar_benchmarks\kathbath\marathi\wavs\844424933373449-962-m.wav,त्याच्या फार्माकोडायनामिक आणि फार्माकोकायनेटिक गुणधर्म ब्रॅंडेड औषधासारखेच असायला हवेत,त्यांच्या फार्माकोडायनिमिक आणि फार्माकोकोकायनेटिक गुंधर्म ब्रँडेड औषधासारखेच असायला हवे,त्याच्या फार्माकोडायनामिक आणि फार्माकोकायनेटिक गुणधर्म ब्रॅंडेड औषधासारखेच असायला हवेत,त्यांच्या फार्माकोडायनिमिक आणि फार्माकोकोकायनेटिक गुंधर्म ब्रँडेड औषधासारखेच असायला हवे,9.3,66.67,0,6.52
sample_01078,D:\marathi-asr\data\vistaar_benchmarks\kathbath\marathi\wavs\844424933355992-1120-m.wav,महाराजांची एक राजकन्या कमलाबाई हिचे लग्न जानोजी पालकरांशी झाले,महाराजांची एक राजकन्या कमलाबाई हिचे लग्न जानोजी पालकरांशी झाले,महाराजांची एक राजकन्या कमलाबाई हिचे लग्न जानोजी पालकरांशी झाले,महाराजांची एक राजकन्या कमलाबाई हिचे लग्न जानोजी पालकरांशी झाले,0.0,0.0,1,5.87
sample_01079,D:\marathi-asr\data\vistaar_benchmarks\kathbath\marathi\wavs\844424933356052-1120-m.wav,तर उद्घाटक म्हणून त्यावेळी सुप्रसिद्ध वक्तेविचारवंत दिवंगत प्रा,तर उद्घाटक म्हणून त्यावेळी सुप्रसिद्ध व्यक्ती विचारवंत दवंगत प्रा,तर उद्घाटक म्हणून त्यावेळी सुप्रसिद्ध वक्तेविचारवंत दिवंगत प्रा,तर उद्घाटक म्हणून त्यावेळी सुप्रसिद्ध व्यक्ती विचारवंत दवंगत प्रा,7.94,37.5,0,6.46
sample_01080,D:\marathi-asr\data\vistaar_benchmarks\kathbath\marathi\wavs\844424933394857-566-m.wav,त्यांनी स्थानिक राज्यव्यवस्था व शहाणा नेथन अशी दोन पुस्तके मराठीत लिहिली,त्यांनी स्थानिक राज्यव्यवस्था व शहाना नेत्यां अशी दोन पुस्तके मराठीत लिहिली,त्यांनी स्थानिक राज्यव्यवस्था व शहाणा नेथन अशी दोन पुस्तके मराठीत लिहिली,त्यांनी स्थानिक राज्यव्यवस्था व शहाना नेत्यां अशी दोन पुस्तके मराठीत लिहिली,8.33,18.18,0,4.71
sample_01081,D:\marathi-asr\data\vistaar_benchmarks\kathbath\marathi\wavs\844424933394794-566-m.wav,असे मानले जाते की मात्र स्तोत्र ऐकल्याने व्यक्तीला धनधान्य समृद्धी व पुत्रप्राप्ती होते,असे मानले जाते की मात्र स्रोत एकऐले आणि व्यक्तीला धनधान्य समृद्धी व कुत्रप्राप्ती होते,असे मानले जाते की मात्र स्तोत्र ऐकल्याने व्यक्तीला धनधान्य समृद्धी व पुत्रप्राप्ती होते,असे मानले जाते की मात्र स्रोत एकऐले आणि व्यक्तीला धनधान्य समृद्धी व कुत्रप्राप्ती होते,12.64,30.77,0,7.06
sample_01082,D:\marathi-asr\data\vistaar_benchmarks\kathbath\marathi\wavs\844424933381573-676-m.wav,समाजाचा घटक म्हणून जगणे हाही ईश्वरनिर्मित मानवी प्रकृतीचा भाग आहे,समाजाचा घटक म्हणून जगणे हाही ईश्वरनिर्मित मानवी प्रकृतीचा भाग आहे,समाजाचा घटक म्हणून जगणे हाही ईश्वरनिर्मित मानवी प्रकृतीचा भाग आहे,समाजाचा घटक म्हणून जगणे हाही ईश्वरनिर्मित मानवी प्रकृतीचा भाग आहे,0.0,0.0,1,8.06
sample_01083,D:\marathi-asr\data\vistaar_benchmarks\kathbath\marathi\wavs\844424933356039-1120-m.wav,बोरगाव चेक नंबर २ हे भारतातील महाराष्ट्र राज्यातील वर्धा जिल्ह्यातील कारंजा तालुक्यातील एक गाव आहे,बोरगाव चेक नंबर दोन हे भारतातील महाराष्ट्र राज्यातील वर्धा जिल्ह्यातील करंजा तालुक्यातील एक गाव आहे,बोरगाव चेक नंबर २ हे भारतातील महाराष्ट्र राज्यातील वर्धा जिल्ह्यातील कारंजा तालुक्यातील एक गाव आहे,बोरगाव चेक नंबर दोन हे भारतातील महाराष्ट्र राज्यातील वर्धा जिल्ह्यातील करंजा तालुक्यातील एक गाव आहे,4.08,13.33,0,5.99
sample_01084,D:\marathi-asr\data\vistaar_benchmarks\kathbath\marathi\wavs\844424933394842-566-m.wav,कोलंबिया विद्यापीठाला सादर केलेल्या एम ए च्या शोधनिबंधाचा विषय एन्शट इंडियन कॉमर्स होता,कोलंबिय विद्यापीठाला सादर केलेल्या एमएच्या शोधनिबंधाच्या विषयी एशियंट इंडियन कॉमर्स होता,कोलंबिया विद्यापीठाला सादर केलेल्या एम ए च्या शोधनिबंधाचा विषय एन्शट इंडियन कॉमर्स होता,कोलंबिय विद्यापीठाला सादर केलेल्या एमएच्या शोधनिबंधाच्या विषयी एशियंट इंडियन कॉमर्स होता,11.49,53.85,0,6.25
sample_01085,D:\marathi-asr\data\vistaar_benchmarks\kathbath\marathi\wavs\844424933280431-817-m.wav,विविध शैक्षणिक व दळणवळणाच्या सुविधा बाजारपेठ शासकीय कार्यालये वैद्यकीय सुविधा इत्यादींमुळे कर्जत तालुका प्रसिद्ध आहे,विविध शैक्षणिक व दळणवळणाच्या सुविधा बाजारपेठ शासकीय कार्यालयाचे वैद्यकीय सुविधा इत्यादींमुळे कर्जत तालुका प्रसिद्ध आहे,विविध शैक्षणिक व दळणवळणाच्या सुविधा बाजारपेठ शासकीय कार्यालये वैद्यकीय सुविधा इत्यादींमुळे कर्जत तालुका प्रसिद्ध आहे,विविध शैक्षणिक व दळणवळणाच्या सुविधा बाजारपेठ शासकीय कार्यालयाचे वैद्यकीय सुविधा इत्यादींमुळे कर्जत तालुका प्रसिद्ध आहे,1.72,6.67,0,13.58
sample_01086,D:\marathi-asr\data\vistaar_benchmarks\kathbath\marathi\wavs\844424933379963-487-m.wav,महाराष्ट्र राष्ट्रभाषा सभेने दोनशेहून अधिक पुस्तके प्रकाशित केली आहेत,महाराष्ट्र राष्ट्रभाषा सभेने दोनशेहून अधिक पुस्तके प्रकाशित केली आहेत,महाराष्ट्र राष्ट्रभाषा सभेने दोनशेहून अधिक पुस्तके प्रकाशित केली आहेत,महाराष्ट्र राष्ट्रभाषा सभेने दोनशेहून अधिक पुस्तके प्रकाशित केली आहेत,0.0,0.0,1,5.34
sample_01087,D:\marathi-asr\data\vistaar_benchmarks\kathbath\marathi\wavs\844424933394872-566-m.wav,१ ते ३ उंची १ ते २ इतकीच १४,एक ते तीन उंची एक ते दोन इतकीच चौदा,१ ते ३ उंची १ ते २ इतकीच १४,एक ते तीन उंची एक ते दोन इतकीच चौदा,51.85,55.56,0,2.41
sample_01088,D:\marathi-asr\data\vistaar_benchmarks\kathbath\marathi\wavs\844424933373461-962-m.wav,या साहित्यप्रकाराच्या माध्यमातून हे प्रश्न पुढे आणले जातात,या साहित्य प्रकारच्या माध्यमातून हे प्रश्न पुढे आणले जातात,या साहित्यप्रकाराच्या माध्यमातून हे प्रश्न पुढे आणले जातात,या साहित्य प्रकारच्या माध्यमातून हे प्रश्न पुढे आणले जातात,3.45,25.0,0,3.97
sample_01089,D:\marathi-asr\data\vistaar_benchmarks\kathbath\marathi\wavs\844424933381614-676-m.wav,कंबोडियातील सर्वात लोकप्रिय पर्यटन आकर्षण असलेल्या अंगकोर मंदिराच्या जवळ असल्यामुळे हे शक्य झाले आहे,कंबोडियातील सर्वात लोकप्रिय पर्यटन आकर्षण असलेल्या अंगकोर मंदिराच्या जवळ असलेल्यामुळे हे शक्य झाले आहे,कंबोडियातील सर्वात लोकप्रिय पर्यटन आकर्षण असलेल्या अंगकोर मंदिराच्या जवळ असल्यामुळे हे शक्य झाले आहे,कंबोडियातील सर्वात लोकप्रिय पर्यटन आकर्षण असलेल्या अंगकोर मंदिराच्या जवळ असलेल्यामुळे हे शक्य झाले आहे,2.0,7.14,0,10.19
sample_01090,D:\marathi-asr\data\vistaar_benchmarks\kathbath\marathi\wavs\844424933381665-676-m.wav,त्यानंतर लवकरच ते राजकारणाकडे आकर्षित झाले आणि भारतीय राष्ट्रीय काँग्रेसमध्ये सामील झाले,त्यानंतर लवकरच ते राजकारणाकडे आकर्षित झाले आणि भारतीय राष्ट्रीय काँग्रेसमध्ये सामील झाले,त्यानंतर लवकरच ते राजकारणाकडे आकर्षित झाले आणि भारतीय राष्ट्रीय काँग्रेसमध्ये सामील झाले,त्यानंतर लवकरच ते राजकारणाकडे आकर्षित झाले आणि भारतीय राष्ट्रीय काँग्रेसमध्ये सामील झाले,0.0,0.0,1,7.06
sample_01091,D:\marathi-asr\data\vistaar_benchmarks\kathbath\marathi\wavs\844424933373460-962-m.wav,ब्रिटन झांबिया बुरुंडी झिंबाब्वे यांच्यासह अनेक देशांनी त्याचे चित्र असलेली टपाल तिकिटे छापली,ब्रिटन झांबिया बुरुंडी झिम्बां्बिया यांच्यासह अनेक देशांनी त्यांचे चित्र असलेली टपाल तिकीटे छापली,ब्रिटन झांबिया बुरुंडी झिंबाब्वे यांच्यासह अनेक देशांनी त्याचे चित्र असलेली टपाल तिकिटे छापली,ब्रिटन झांबिया बुरुंडी झिम्बां्बिया यांच्यासह अनेक देशांनी त्यांचे चित्र असलेली टपाल तिकीटे छापली,9.68,23.08,0,6.69
sample_01092,D:\marathi-asr\data\vistaar_benchmarks\kathbath\marathi\wavs\844424933355973-1120-m.wav,सॅॅंडहर्स्ट इथे काही काळ घालवल्यानंतर ते उच्च शिक्षणासाठी परदेशी गेले,सॅडहर्स इथे काही काळ घालवल्यानंतर ते उच्च शिक्षणासाठी परदेशी गेले,सॅॅंडहर्स्ट इथे काही काळ घालवल्यानंतर ते उच्च शिक्षणासाठी परदेशी गेले,सॅडहर्स इथे काही काळ घालवल्यानंतर ते उच्च शिक्षणासाठी परदेशी गेले,5.8,10.0,0,4.78
sample_01093,D:\marathi-asr\data\vistaar_benchmarks\kathbath\marathi\wavs\844424933394856-566-m.wav,या संस्थेतर्फे चालवल्या जाणाऱ्या राष्ट्रवाणी या साहित्यिक व समीक्षात्मक मासिक हिंदी पत्रिकेचे ते संपादक आहेत,या संस्थेतर्फे चालवल्या जाणाऱ्या राष्ट्रवाणी या साहित्यिक व संशात्मक मासिक हिंदी पत्रिकेचे ते संपादक आहेत,या संस्थेतर्फे चालवल्या जाणाऱ्या राष्ट्रवाणी या साहित्यिक व समीक्षात्मक मासिक हिंदी पत्रिकेचे ते संपादक आहेत,या संस्थेतर्फे चालवल्या जाणाऱ्या राष्ट्रवाणी या साहित्यिक व संशात्मक मासिक हिंदी पत्रिकेचे ते संपादक आहेत,6.42,13.33,0,7.29
sample_01094,D:\marathi-asr\data\vistaar_benchmarks\kathbath\marathi\wavs\844424933379906-487-m.wav,मिळालेले उत्तर २७ हून अधिक असल्यास त्यातून २७ कमी करून नक्षत्राचा क्रमांक मिळतो,मिळालेले उत्तर सत्तावीसहून अधिक असल्यास त्यातून सत्तावीस कमी करून नक्षत्राचा क्रमांक मिळतो,मिळालेले उत्तर २७ हून अधिक असल्यास त्यातून २७ कमी करून नक्षत्राचा क्रमांक मिळतो,मिळालेले उत्तर सत्तावीसहून अधिक असल्यास त्यातून सत्तावीस कमी करून नक्षत्राचा क्रमांक मिळतो,20.25,23.08,0,6.43
sample_01095,D:\marathi-asr\data\vistaar_benchmarks\kathbath\marathi\wavs\844424933355971-1120-m.wav,त्यानंतर खड्डे चांगली माती चार घमेली शेणखत २५ किलो सिंगल सुपर फॉस्फेट यांच्या मिश्रणाने भरावेत,त्यानंतर खड्डे चांगली मातीत चार घमेली शेणखत पंचवीस किलो सिंगल सुपरफास्टफेट यांच्या मिश्रणाने भरावेत,त्यानंतर खड्डे चांगली माती चार घमेली शेणखत २५ किलो सिंगल सुपर फॉस्फेट यांच्या मिश्रणाने भरावेत,त्यानंतर खड्डे चांगली मातीत चार घमेली शेणखत पंचवीस किलो सिंगल सुपरफास्टफेट यांच्या मिश्रणाने भरावेत,10.64,26.67,0,7.17
sample_01096,D:\marathi-asr\data\vistaar_benchmarks\kathbath\marathi\wavs\844424933373387-962-m.wav,गोविंदपूर हे भारतातील महाराष्ट्र राज्यातील यवतमाळ जिल्ह्यातील झरी जामणी तालुक्यातील एक गाव आहे,गोविंदपूर हे भारतातील महाराष्ट्र राज्यातील यवतमाळ जिल्ह्यातील झरी जमणी तालुक्यातील एक गाव आहे,गोविंदपूर हे भारतातील महाराष्ट्र राज्यातील यवतमाळ जिल्ह्यातील झरी जामणी तालुक्यातील एक गाव आहे,गोविंदपूर हे भारतातील महाराष्ट्र राज्यातील यवतमाळ जिल्ह्यातील झरी जमणी तालुक्यातील एक गाव आहे,1.06,7.69,0,6.94
sample_01097,D:\marathi-asr\data\vistaar_benchmarks\kathbath\marathi\wavs\844424933394847-566-m.wav,हा किल्ला रायगड जिल्ह्यातील विस्तिर्ण डोंगररांगेत आहे आणि ट्रेकींगच्या दृष्टीने मध्यम श्रेणीचा आहे,हा किल्ला रायगड जिल्ह्यातील विस्तीर्ण डोंगर रांगेत आहे आणि ट्रेकिंगच्या दृष्टीने मध्यम श्रेणीचा आहे,हा किल्ला रायगड जिल्ह्यातील विस्तिर्ण डोंगररांगेत आहे आणि ट्रेकींगच्या दृष्टीने मध्यम श्रेणीचा आहे,हा किल्ला रायगड जिल्ह्यातील विस्तीर्ण डोंगर रांगेत आहे आणि ट्रेकिंगच्या दृष्टीने मध्यम श्रेणीचा आहे,3.06,30.77,0,5.76
sample_01098,D:\marathi-asr\data\vistaar_benchmarks\kathbath\marathi\wavs\844424933381625-676-m.wav,बोंबळेवाडी हे भारतातील महाराष्ट्र राज्यातील सांगली जिल्ह्यातील कडेगांव तालुक्यातील एक गाव आहे,बोंबडेवाडी हे भारतातील महाराष्ट्र राज्यातील सांगली जिल्ह्यातील कडेगाव तालुक्यातील एक गाव आहे,बोंबळेवाडी हे भारतातील महाराष्ट्र राज्यातील सांगली जिल्ह्यातील कडेगांव तालुक्यातील एक गाव आहे,बोंबडेवाडी हे भारतातील महाराष्ट्र राज्यातील सांगली जिल्ह्यातील कडेगाव तालुक्यातील एक गाव आहे,2.15,16.67,0,8.87
sample_01099,D:\marathi-asr\data\vistaar_benchmarks\kathbath\marathi\wavs\844424933394020-426-m.wav,नायक वरनभात लोन्चा कोन नाय कोन्चा हा परीतोश आणि रवी अधिकारी दिग्दर्शित मराठी चित्रपट आहे,नायक वरणभात लोणचा कोण्नाई कोणचा हा परितोष आणि रवी अधिकारी दिग्दर्शित मराठी चित्रपट आहे,नायक वरनभात लोन्चा कोन नाय कोन्चा हा परीतोश आणि रवी अधिकारी दिग्दर्शित मराठी चित्रपट आहे,नायक वरणभात लोणचा कोण्नाई कोणचा हा परितोष आणि रवी अधिकारी दिग्दर्शित मराठी चित्रपट आहे,11.36,40.0,0,9.96
sample_01100,D:\marathi-asr\data\vistaar_benchmarks\kathbath\marathi\wavs\844424933356054-1120-m.wav,अनुपुराण विश्वासार्ह नसल्याचे जदुनाथ सरकार आणि रियासतकार सरदेसाई यांनी म्हटले आहे,अनुपुरण विश्वासार्ह नसल्याचे जदुनाथ सरकार आणि रियाझ सरकार सरदेसाई यांनी म्हटले आहे,अनुपुराण विश्वासार्ह नसल्याचे जदुनाथ सरकार आणि रियासतकार सरदेसाई यांनी म्हटले आहे,अनुपुरण विश्वासार्ह नसल्याचे जदुनाथ सरकार आणि रियाझ सरकार सरदेसाई यांनी म्हटले आहे,4.94,27.27,0,7.71
sample_01101,D:\marathi-asr\data\vistaar_benchmarks\kathbath\marathi\wavs\844424933381618-676-m.wav,बेन एफ्लेकचे दिग्दर्शन व प्रमुख भूमिका असलेला हा चित्रपट १२ ऑक्टोबर २०१२ रोजी प्रदर्शित झाला,बेन ॅफ्लेसचे दिग्दर्शन व प्रमुख भूमिका असलेला हा चित्रपट बारा ऑक्टोंबर दोन हजार बारा रोजी प्रदर्शित झाला,बेन एफ्लेकचे दिग्दर्शन व प्रमुख भूमिका असलेला हा चित्रपट १२ ऑक्टोबर २०१२ रोजी प्रदर्शित झाला,बेन ॅफ्लेसचे दिग्दर्शन व प्रमुख भूमिका असलेला हा चित्रपट बारा ऑक्टोंबर दोन हजार बारा रोजी प्रदर्शित झाला,21.74,40.0,0,9.85
sample_01102,D:\marathi-asr\data\vistaar_benchmarks\kathbath\marathi\wavs\844424933373442-962-m.wav,संत तुकाविप्र यांच्या पणजोबा म्हणजे प्रल्हादपंता हे राजकिय व सामाजिक अस्थिरतेमूळे रहीमतपूर सोडून पंढरपूरला आले,संत तुकाविप्र यांच्या पंजोबा म्हणजे प्रल्हाद पंत हे राजकीय व सामाजिक अस्थिरतेमुळे रहणीिमागपूर सोडून पंढरपूरला आले,संत तुकाविप्र यांच्या पणजोबा म्हणजे प्रल्हादपंता हे राजकिय व सामाजिक अस्थिरतेमूळे रहीमतपूर सोडून पंढरपूरला आले,संत तुकाविप्र यांच्या पंजोबा म्हणजे प्रल्हाद पंत हे राजकीय व सामाजिक अस्थिरतेमुळे रहणीिमागपूर सोडून पंढरपूरला आले,8.18,40.0,0,8.01
sample_01103,D:\marathi-asr\data\vistaar_benchmarks\kathbath\marathi\wavs\844424933356020-1120-m.wav,तुळशीचं रोप प्रत्येक हिंदू घराची ओळख मानलं जातं,तुळशीच रोप प्रत्येक हिंदू घराची ओळख मानलं जातं,तुळशीचं रोप प्रत्येक हिंदू घराची ओळख मानलं जातं,तुळशीच रोप प्रत्येक हिंदू घराची ओळख मानलं जातं,2.13,12.5,0,3.62
sample_01104,D:\marathi-asr\data\vistaar_benchmarks\kathbath\marathi\wavs\844424933394031-426-m.wav,महिपतबुवा ताहराबादकर यांनी संत बोधलेबुवांचे चरित्र लिहिले आहे,महिपद्बुवा तहारा बाातकर यांनी संत बोदलेबुवांचे चरित्र लिहिले आहे,महिपतबुवा ताहराबादकर यांनी संत बोधलेबुवांचे चरित्र लिहिले आहे,महिपद्बुवा तहारा बाातकर यांनी संत बोदलेबुवांचे चरित्र लिहिले आहे,13.11,50.0,0,7.55
sample_01105,D:\marathi-asr\data\vistaar_benchmarks\kathbath\marathi\wavs\844424933394833-566-m.wav,हा किल्ला त्यांच्या मराठा राजवटीत छत्रपती शिवाजी महाराजांच्या उपयोग करून घेतला,हा किल्ला त्यांच्या मराठा राजवटीत छत्रपती शिवाजी महाराजांचा उपयोग करून घेतला,हा किल्ला त्यांच्या मराठा राजवटीत छत्रपती शिवाजी महाराजांच्या उपयोग करून घेतला,हा किल्ला त्यांच्या मराठा राजवटीत छत्रपती शिवाजी महाराजांचा उपयोग करून घेतला,2.56,9.09,0,4.88
sample_01106,D:\marathi-asr\data\vistaar_benchmarks\kathbath\marathi\wavs\844424933381576-676-m.wav,फ्रान्सच्या लुईस ब्रेल यांनी १८२१ साली ब्रेल लिपीची रचना केली,फ्रान्सच्या लुईस ब्रेल यांनी अठराशे एकवीस साली ब्रेल लिपीची रचना केली,फ्रान्सच्या लुईस ब्रेल यांनी १८२१ साली ब्रेल लिपीची रचना केली,फ्रान्सच्या लुईस ब्रेल यांनी अठराशे एकवीस साली ब्रेल लिपीची रचना केली,19.67,20.0,0,7.06
sample_01107,D:\marathi-asr\data\vistaar_benchmarks\kathbath\marathi\wavs\844424933280500-817-m.wav,पाने जशी मोठी होतात तसा त्यांचा रंग गडद हिरवा होतो,पाने जशी मोठी होतात तसा त्यांचा रंग गळद हिरवा होतो,पाने जशी मोठी होतात तसा त्यांचा रंग गडद हिरवा होतो,पाने जशी मोठी होतात तसा त्यांचा रंग गळद हिरवा होतो,2.0,10.0,0,7.38
sample_01108,D:\marathi-asr\data\vistaar_benchmarks\kathbath\marathi\wavs\844424933356034-1120-m.wav,लगाम घालणे म्हणजे नियंत्रणात ठेवणे आवरणे अथवा हळू करणे अशा अर्थाने वापरण्यात येतो,लगाम घालणे म्हणजे नियंत्रणता ठेवणे आवरणे अथवा हळू करणे अशा अर्थाने वापरण्यात येतो,लगाम घालणे म्हणजे नियंत्रणात ठेवणे आवरणे अथवा हळू करणे अशा अर्थाने वापरण्यात येतो,लगाम घालणे म्हणजे नियंत्रणता ठेवणे आवरणे अथवा हळू करणे अशा अर्थाने वापरण्यात येतो,2.47,7.69,0,6.06
sample_01109,D:\marathi-asr\data\vistaar_benchmarks\kathbath\marathi\wavs\844424933373470-962-m.wav,ऑस्ट्रेलियाच्या सर्वप्रथम सामन्यात संघनायक असणाऱ्या डेव्ह ग्रेगरीनंतर असे करणारा तो पहिलाच ऑस्ट्रेलियन खेळाडू आहे,ऑस्ट्रेलियाच्या सर्वप्रथम सामन्यात संघनायक असणाऱ्या डेव्ह गेगरीनंतर असे करणारा तो पहिलाच ऑस्ट्रेलियन खेळाडू आहे,ऑस्ट्रेलियाच्या सर्वप्रथम सामन्यात संघनायक असणाऱ्या डेव्ह ग्रेगरीनंतर असे करणारा तो पहिलाच ऑस्ट्रेलियन खेळाडू आहे,ऑस्ट्रेलियाच्या सर्वप्रथम सामन्यात संघनायक असणाऱ्या डेव्ह गेगरीनंतर असे करणारा तो पहिलाच ऑस्ट्रेलियन खेळाडू आहे,3.51,14.29,0,8.22
sample_01110,D:\marathi-asr\data\vistaar_benchmarks\kathbath\marathi\wavs\844424933373434-962-m.wav,याशिवाय मंदिरावर लक्ष्मीविष्णुची आलिंगन अवस्थेतील मूर्तीसंहाररुपातील विष्णुब्रम्हदेवचामुंडा व भैरवाच्या मूर्तीही आहेत,याशिवाय मंदिरावर लक्ष्मी विष्णूंची अलिंगनावस्थेतील मूर्तीसंग्राह रूपातील विष्णू ब्रह्मदेवाच्या मुंडा व भैरवाच्या मूर्तीही आहेत,याशिवाय मंदिरावर लक्ष्मीविष्णुची आलिंगन अवस्थेतील मूर्तीसंहाररुपातील विष्णुब्रम्हदेवचामुंडा व भैरवाच्या मूर्तीही आहेत,याशिवाय मंदिरावर लक्ष्मी विष्णूंची अलिंगनावस्थेतील मूर्तीसंग्राह रूपातील विष्णू ब्रह्मदेवाच्या मुंडा व भैरवाच्या मूर्तीही आहेत,17.09,72.73,0,8.45
sample_01111,D:\marathi-asr\data\vistaar_benchmarks\kathbath\marathi\wavs\844424933379903-487-m.wav,या टॉलेमीचा पूर्वज पहिला टॉलेमी हा अलेक्झांडर द ग्रेट याच्या सैन्यात सेनानी होता,या टॉलिमीचा पूर्वज पहिला टॉलिमी हा अलेक्झांडर द ग्रेट याच्या सैन्यात सेनानी होता,या टॉलेमीचा पूर्वज पहिला टॉलेमी हा अलेक्झांडर द ग्रेट याच्या सैन्यात सेनानी होता,या टॉलिमीचा पूर्वज पहिला टॉलिमी हा अलेक्झांडर द ग्रेट याच्या सैन्यात सेनानी होता,2.5,15.38,0,6.2
sample_01112,D:\marathi-asr\data\vistaar_benchmarks\kathbath\marathi\wavs\844424933373384-962-m.wav,इ स १५२३ सालानंतर याचा कोठेही उल्लेख आढळत नाही,इसवी सन पंधराशे तेवीस सालानंतर याचा कोुठेही उल्लेख आढळत नाही,इ स १५२३ सालानंतर याचा कोठेही उल्लेख आढळत नाही,इसवी सन पंधराशे तेवीस सालानंतर याचा कोुठेही उल्लेख आढळत नाही,39.13,55.56,0,5.55
sample_01113,D:\marathi-asr\data\vistaar_benchmarks\kathbath\marathi\wavs\844424933356051-1120-m.wav,१९९० च्या लोक चळवळीमधील राजकारणात महिलांचा सक्रिय सहभाग नोंदला गेला होता,एकोणीसशे नव्वदच्या लोक चळवळीमधील राजकारणात महिलांचा सक्रिय सहभाग नोंदला गेला होता,१९९० च्या लोक चळवळीमधील राजकारणात महिलांचा सक्रिय सहभाग नोंदला गेला होता,एकोणीसशे नव्वदच्या लोक चळवळीमधील राजकारणात महिलांचा सक्रिय सहभाग नोंदला गेला होता,18.06,18.18,0,6.57
sample_01114,D:\marathi-asr\data\vistaar_benchmarks\kathbath\marathi\wavs\844424933394019-426-m.wav,तसेच नाट्यरसिकांसाठी अनेक नाट्यगृहे चित्रशिल्पहस्तकला प्रदर्शनांसाठी शासकीय व खासगी कलादालने मुंबईत आहेत,तसेच नाट्यरसिकांसाठी अनेक नाट्यगृहे चित्रशिल्प हस्तकला प्रदर्शनासाठी शासकीय व खासगी कला दालने मुंबईत आहे,तसेच नाट्यरसिकांसाठी अनेक नाट्यगृहे चित्रशिल्पहस्तकला प्रदर्शनांसाठी शासकीय व खासगी कलादालने मुंबईत आहेत,तसेच नाट्यरसिकांसाठी अनेक नाट्यगृहे चित्रशिल्प हस्तकला प्रदर्शनासाठी शासकीय व खासगी कला दालने मुंबईत आहे,3.85,50.0,0,11.52
sample_01115,D:\marathi-asr\data\vistaar_benchmarks\kathbath\marathi\wavs\844424933355989-1120-m.wav,पेशवाईतील मुत्सद्दी राजकारणी नाना फडणवीस यांचे योगदानही पुण्याच्या संदर्भात उल्लेखनीय आहे,पेशवाईतील मुसुद्दी राजकारणी नाना फडणवीस यांचे योगदानही पुण्याच्या संदर्भात उल्लेखनीय आहे,पेशवाईतील मुत्सद्दी राजकारणी नाना फडणवीस यांचे योगदानही पुण्याच्या संदर्भात उल्लेखनीय आहे,पेशवाईतील मुसुद्दी राजकारणी नाना फडणवीस यांचे योगदानही पुण्याच्या संदर्भात उल्लेखनीय आहे,3.37,9.09,0,7.34
sample_01116,D:\marathi-asr\data\vistaar_benchmarks\kathbath\marathi\wavs\844424933381652-676-m.wav,विष्णु पुराणानुसार यास्कचा शिष्य तैत्तीरी हा त्याचा जनक आहे,विष्णुपुराणानुसार यास्कचा शिष्य तैतिरी हा त्याचा जनक आहे,विष्णु पुराणानुसार यास्कचा शिष्य तैत्तीरी हा त्याचा जनक आहे,विष्णुपुराणानुसार यास्कचा शिष्य तैतिरी हा त्याचा जनक आहे,6.78,33.33,0,8.87
sample_01117,D:\marathi-asr\data\vistaar_benchmarks\kathbath\marathi\wavs\844424933381639-676-m.wav,शेवटच्या तिसऱ्या ओळीत यवाछि तो विजेया हो ऐवा असे स्पष्ट मराठीत कोरले आहे,हेवटच्या तिसऱ्या उओडीत यावाची तो विजया होयवा असे स्पष्ट मराठीत कोरले आहे,शेवटच्या तिसऱ्या ओळीत यवाछि तो विजेया हो ऐवा असे स्पष्ट मराठीत कोरले आहे,हेवटच्या तिसऱ्या उओडीत यावाची तो विजया होयवा असे स्पष्ट मराठीत कोरले आहे,15.07,53.85,0,10.26
sample_01118,D:\marathi-asr\data\vistaar_benchmarks\kathbath\marathi\wavs\844424933394825-566-m.wav,होडावडे हे भारतातील महाराष्ट्र राज्यातील दक्षिण कोकणातील सिंधुदुर्ग जिल्ह्यातील वेंगुर्ला तालुक्यातील एक गाव आहे,कोळावेळे हे भारतातील महाराष्ट्र राज्यातील दक्षिण कोकणातील सिंधुदुर्ग जिल्ह्यातीलगुर्लाळ तालुक्यातील एक गाव आहे,होडावडे हे भारतातील महाराष्ट्र राज्यातील दक्षिण कोकणातील सिंधुदुर्ग जिल्ह्यातील वेंगुर्ला तालुक्यातील एक गाव आहे,कोळावेळे हे भारतातील महाराष्ट्र राज्यातील दक्षिण कोकणातील सिंधुदुर्ग जिल्ह्यातीलगुर्लाळ तालुक्यातील एक गाव आहे,8.04,21.43,0,6.15
sample_01119,D:\marathi-asr\data\vistaar_benchmarks\kathbath\marathi\wavs\844424933356046-1120-m.wav,रांगोळी ही एक कला आहे आणि तिचा उगम धर्माच्या अनुबंधानेच झाला आहे असे मानले जाते,रांगोळी ही एक कला आहे आणि तिचा उगम धर्माच्या अनुबंधानेच झाला आहे असे मानले जाते,रांगोळी ही एक कला आहे आणि तिचा उगम धर्माच्या अनुबंधानेच झाला आहे असे मानले जाते,रांगोळी ही एक कला आहे आणि तिचा उगम धर्माच्या अनुबंधानेच झाला आहे असे मानले जाते,0.0,0.0,1,6.5
sample_01120,D:\marathi-asr\data\vistaar_benchmarks\kathbath\marathi\wavs\844424933280427-817-m.wav,महाराष्ट्र भाषा सभा ही भारतातील प्रमुख स्वयंसेवी हिंदी प्रचार संस्थांमध्ये अग्रगण्य आहे,महाराष्ट्र भाषा सभा ही भारतातील प्रमुख स्वयंसेवी हिंदी प्रचार संस्थेमध्ये अग्रगण्य आहे,महाराष्ट्र भाषा सभा ही भारतातील प्रमुख स्वयंसेवी हिंदी प्रचार संस्थांमध्ये अग्रगण्य आहे,महाराष्ट्र भाषा सभा ही भारतातील प्रमुख स्वयंसेवी हिंदी प्रचार संस्थेमध्ये अग्रगण्य आहे,2.3,8.33,0,12.14
sample_01121,D:\marathi-asr\data\vistaar_benchmarks\kathbath\marathi\wavs\844424933394799-566-m.wav,भावार्थः ह्या गोष्टीचा जो कोनी आदर करेल आचरणात आणेल स्वीकार करेल मी त्याचा रक्षण करेल,भावार्थ या गोष्टीचा जो कोणी आदर करेल राजणत आणल स्वीकार करेल मी त्याचं रक्षण करेल,भावार्थः ह्या गोष्टीचा जो कोनी आदर करेल आचरणात आणेल स्वीकार करेल मी त्याचा रक्षण करेल,भावार्थ या गोष्टीचा जो कोणी आदर करेल राजणत आणल स्वीकार करेल मी त्याचं रक्षण करेल,11.76,40.0,0,7.55
sample_01122,D:\marathi-asr\data\vistaar_benchmarks\kathbath\marathi\wavs\844424933280411-817-m.wav,बसरा हे इराक देशामधील एक प्रमुख शहर व सर्वात मोठे बंदर आहे,बसरा हे इराक देशामधील एक प्रमुख शहर व सर्वात मोठे बंदर आहे,बसरा हे इराक देशामधील एक प्रमुख शहर व सर्वात मोठे बंदर आहे,बसरा हे इराक देशामधील एक प्रमुख शहर व सर्वात मोठे बंदर आहे,0.0,0.0,1,8.52
sample_01123,D:\marathi-asr\data\vistaar_benchmarks\kathbath\marathi\wavs\844424933379993-487-m.wav,विशेषत लघुकथा आणि कादंबरी या कथनात्म साहित्यप्रकारांत विपुल लेखन केले आहे,विशेषत लघुकथा आणि कादंबरी या कथनात्मक साहित्यप्रकारांत विपुल लेखन केले आहे,विशेषत लघुकथा आणि कादंबरी या कथनात्म साहित्यप्रकारांत विपुल लेखन केले आहे,विशेषत लघुकथा आणि कादंबरी या कथनात्मक साहित्यप्रकारांत विपुल लेखन केले आहे,1.37,9.09,0,7.06
sample_01124,D:\marathi-asr\data\vistaar_benchmarks\kathbath\marathi\wavs\844424933381641-676-m.wav,शहरीकरणामध्ये लुप्त होऊ पहात असलेल्या ग्रामीण जीवनशैलीचे मूर्तिमंत नमुने येथे उभे केलेले आहेत,शहरीकरणामध्ये लुप्त होऊ पाहता असलेल्या ग्रामीण जीवनशैलीचे मूर्तिमंत नमुने येथे उभे केलेले आहेत,शहरीकरणामध्ये लुप्त होऊ पहात असलेल्या ग्रामीण जीवनशैलीचे मूर्तिमंत नमुने येथे उभे केलेले आहेत,शहरीकरणामध्ये लुप्त होऊ पाहता असलेल्या ग्रामीण जीवनशैलीचे मूर्तिमंत नमुने येथे उभे केलेले आहेत,3.23,7.69,0,9.82
sample_01125,D:\marathi-asr\data\vistaar_benchmarks\kathbath\marathi\wavs\844424933355998-1120-m.wav,स्टालिनग्राडच्या विजयानंतर लाल सैन्याने जर्मन सैन्याचा पाठपुरावा करण्यास सुरुवात केली,स्टार्लिन ग्रॅडच्या विजयानंतर लाल सैन्याने जर्मन सैन्याचा पाठपुरावा करण्यास सुरुवात केली,स्टालिनग्राडच्या विजयानंतर लाल सैन्याने जर्मन सैन्याचा पाठपुरावा करण्यास सुरुवात केली,स्टार्लिन ग्रॅडच्या विजयानंतर लाल सैन्याने जर्मन सैन्याचा पाठपुरावा करण्यास सुरुवात केली,4.71,20.0,0,6.18
sample_01126,D:\marathi-asr\data\vistaar_benchmarks\kathbath\marathi\wavs\844424933379936-487-m.wav,त्यांनी १३ व्या ते १७ व्या शतकादरम्यानच्या महाराष्ट्रातील प्रमुख वैष्णव संताबाबतचे चरित्रलेखन केले,त्यांनी तेराव्या ते सतराव्या शतकादरम्यानच्या महाराष्ट्रातील प्रमुख वैष्णव सताबाबतचे चरित्रलेखन केले,त्यांनी १३ व्या ते १७ व्या शतकादरम्यानच्या महाराष्ट्रातील प्रमुख वैष्णव संताबाबतचे चरित्रलेखन केले,त्यांनी तेराव्या ते सतराव्या शतकादरम्यानच्या महाराष्ट्रातील प्रमुख वैष्णव सताबाबतचे चरित्रलेखन केले,9.18,38.46,0,7.45
sample_01127,D:\marathi-asr\data\vistaar_benchmarks\kathbath\marathi\wavs\844424933355970-1120-m.wav,येथून अमेरिकेतील निवडक शहरांना थेट प्रवासी आणि मालवाहतूक सेवा उपलब्ध आहे,येथून अमेरिकेतील निवडक शहरांना थेट प्रवासी आणि मालवाहतूक सेवा उपलब्ध आहे,येथून अमेरिकेतील निवडक शहरांना थेट प्रवासी आणि मालवाहतूक सेवा उपलब्ध आहे,येथून अमेरिकेतील निवडक शहरांना थेट प्रवासी आणि मालवाहतूक सेवा उपलब्ध आहे,0.0,0.0,1,5.36
sample_01128,D:\marathi-asr\data\vistaar_benchmarks\kathbath\marathi\wavs\844424933394808-566-m.wav,आचार्य जैमिनी म्हणतात प्रत्यक्ष प्रमाण त्या वस्तूंचा उपलंभन करतो जो विद्यमान आहे,आचार्य जयमिनी म्हणतात प्रत्यक्ष प्र्रमाण त्या वस्तूंचे उपलंबन करतो जो विद्यमान आहे,आचार्य जैमिनी म्हणतात प्रत्यक्ष प्रमाण त्या वस्तूंचा उपलंभन करतो जो विद्यमान आहे,आचार्य जयमिनी म्हणतात प्रत्यक्ष प्र्रमाण त्या वस्तूंचे उपलंबन करतो जो विद्यमान आहे,6.25,33.33,0,5.27
sample_01129,D:\marathi-asr\data\vistaar_benchmarks\kathbath\marathi\wavs\844424933381591-676-m.wav,भारतात जे १६ जनपद होते त्या पैकी अवंती जनपद पण एक होते,भारतात जे सोळा जनपद होते त्यापैकी अवंती जनपद पण एक होते,भारतात जे १६ जनपद होते त्या पैकी अवंती जनपद पण एक होते,भारतात जे सोळा जनपद होते त्यापैकी अवंती जनपद पण एक होते,9.26,25.0,0,7.5
sample_01130,D:\marathi-asr\data\vistaar_benchmarks\kathbath\marathi\wavs\844424933379974-487-m.wav,तलावांचा तालुका अशी संपूर्ण राज्यात ओळख असलेल्या राधानगरी तालुक्यातील तलावांत पाणीसाठा समाधानकारक आहे,तलावांचा तालुका अशी संपूर्ण राज्यात ओळख असलेल्या राधानगरी तालुक्यातील तलावां पाणीसाठा समाधानकारक आहे,तलावांचा तालुका अशी संपूर्ण राज्यात ओळख असलेल्या राधानगरी तालुक्यातील तलावांत पाणीसाठा समाधानकारक आहे,तलावांचा तालुका अशी संपूर्ण राज्यात ओळख असलेल्या राधानगरी तालुक्यातील तलावां पाणीसाठा समाधानकारक आहे,0.99,7.69,0,8.03
sample_01131,D:\marathi-asr\data\vistaar_benchmarks\kathbath\marathi\wavs\844424933379925-487-m.wav,४ कृषी महाविद्यालय बदनापूर जिल्हा जालना स्थापना २०००,चार कृषी महाविद्यालय बदनापूर जिल्हा जालना स्थापना दोन हजार,४ कृषी महाविद्यालय बदनापूर जिल्हा जालना स्थापना २०००,चार कृषी महाविद्यालय बदनापूर जिल्हा जालना स्थापना दोन हजार,21.15,37.5,0,5.29
sample_01132,D:\marathi-asr\data\vistaar_benchmarks\kathbath\marathi\wavs\844424933381606-676-m.wav,१९९९ आणि इ स २००४ च्या लोकसभा निवडणुकांमध्ये त्यांनी त्याच मतदारसंघातून विजय मिळवला,एकोणीसशे नव्याण्णव आणि इसवी सन दोन हजार चारच्या लोकसभा निवडणुकांमध्ये त्यांनी त्याच मतदारसंघातून विजय मिळवला,१९९९ आणि इ स २००४ च्या लोकसभा निवडणुकांमध्ये त्यांनी त्याच मतदारसंघातून विजय मिळवला,एकोणीसशे नव्याण्णव आणि इसवी सन दोन हजार चारच्या लोकसभा निवडणुकांमध्ये त्यांनी त्याच मतदारसंघातून विजय मिळवला,39.76,53.85,0,9.59
sample_01133,D:\marathi-asr\data\vistaar_benchmarks\kathbath\marathi\wavs\844424933355990-1120-m.wav,कशाचीही चिंता नसताना वडिलांना विशाखापट्टणम इथल्या एका साखर कारखान्यात बोलावणे आले,कशाचीही चिंता नसताना वडिलांना विशाखापट्टणम इथल्या एक साखर कारखान्यात बोलावण्यात आले,कशाचीही चिंता नसताना वडिलांना विशाखापट्टणम इथल्या एका साखर कारखान्यात बोलावणे आले,कशाचीही चिंता नसताना वडिलांना विशाखापट्टणम इथल्या एक साखर कारखान्यात बोलावण्यात आले,6.17,18.18,0,6.36
sample_01134,D:\marathi-asr\data\vistaar_benchmarks\kathbath\marathi\wavs\844424933393993-426-m.wav,वाफेगाव हे भारताच्या महाराष्ट्र राज्यातील पुणे जिल्ह्यातील खेड तालुक्यातील एक गाव आहे,वाफे गाव हे भारताच्या महाराष्ट्र राज्यातील पुणे जिल्ह्यातील खेडे तालुक्यातील एक गाव आहे,वाफेगाव हे भारताच्या महाराष्ट्र राज्यातील पुणे जिल्ह्यातील खेड तालुक्यातील एक गाव आहे,वाफे गाव हे भारताच्या महाराष्ट्र राज्यातील पुणे जिल्ह्यातील खेडे तालुक्यातील एक गाव आहे,2.35,25.0,0,9.89
sample_01135,D:\marathi-asr\data\vistaar_benchmarks\kathbath\marathi\wavs\844424933393997-426-m.wav,निसाचे पती केल्पेश मेहता आणि मुलगा झोरान यांच्याबरोबर मुंबईत राहतात,निसाचे पती कल्पेश मेहता आणि मुलगा जोरान यांच्याबरोबर मुंबईत राहतात,निसाचे पती केल्पेश मेहता आणि मुलगा झोरान यांच्याबरोबर मुंबईत राहतात,निसाचे पती कल्पेश मेहता आणि मुलगा जोरान यांच्याबरोबर मुंबईत राहतात,2.99,20.0,0,7.36
sample_01136,D:\marathi-asr\data\vistaar_benchmarks\kathbath\marathi\wavs\844424933356043-1120-m.wav,सन १६७६ मध्ये दक्षिणदिग्विजयासाठी जातांना श्री समर्थांचा आशीर्वाद येथूनच घेऊनच छत्रपती शिवाजी महाराज पुढे गेले,सन सोळाशे शहातत्तरमध्ये दक्षिण दिग्विजयासाठी जाताना श्री समर्थांचा आशीर्वाद येथून घेऊनच छत्रपती शिवाजी महाराज पुढे गेले,सन १६७६ मध्ये दक्षिणदिग्विजयासाठी जातांना श्री समर्थांचा आशीर्वाद येथूनच घेऊनच छत्रपती शिवाजी महाराज पुढे गेले,सन सोळाशे शहातत्तरमध्ये दक्षिण दिग्विजयासाठी जाताना श्री समर्थांचा आशीर्वाद येथून घेऊनच छत्रपती शिवाजी महाराज पुढे गेले,15.45,40.0,0,9.54
sample_01137,D:\marathi-asr\data\vistaar_benchmarks\kathbath\marathi\wavs\844424933394788-566-m.wav,त्यानंतर कमल हासन आणि मामूट्टी यांना तीन पुरस्कार देण्यात आले आहेत,त्यानंतर कमल हासन आणि मामुमुट्टी यांना तीन पुरस्कार देण्यात आले आहेत,त्यानंतर कमल हासन आणि मामूट्टी यांना तीन पुरस्कार देण्यात आले आहेत,त्यानंतर कमल हासन आणि मामुमुट्टी यांना तीन पुरस्कार देण्यात आले आहेत,4.55,9.09,0,5.22
sample_01138,D:\marathi-asr\data\vistaar_benchmarks\kathbath\marathi\wavs\844424933381632-676-m.wav,या महाविद्यालयातील प्रवेश संयुक्त सीट वाटप प्राधिकरण जोएसएए च्या माध्यमातून घेतले जाते,या महाविद्यालयातील प्रवेशयुक्त सीटवाटप प्राधिकरण जोएसएएच्या माध्यमातून घेतले जाते,या महाविद्यालयातील प्रवेश संयुक्त सीट वाटप प्राधिकरण जोएसएए च्या माध्यमातून घेतले जाते,या महाविद्यालयातील प्रवेशयुक्त सीटवाटप प्राधिकरण जोएसएएच्या माध्यमातून घेतले जाते,5.81,50.0,0,10.45
sample_01139,D:\marathi-asr\data\vistaar_benchmarks\kathbath\marathi\wavs\844424933379959-487-m.wav,आत्महत्या म्हणजे सहेतुकपणे स्वतःच स्वतःचे आयुष्य संपविण्याचे कृत्य होय,आत्महत्या म्हणजे सहेेतुकपणे स्वतःच स्वतःचे आयुष्य संपविण्याचे कृत्य होय,आत्महत्या म्हणजे सहेतुकपणे स्वतःच स्वतःचे आयुष्य संपविण्याचे कृत्य होय,आत्महत्या म्हणजे सहेेतुकपणे स्वतःच स्वतःचे आयुष्य संपविण्याचे कृत्य होय,1.43,11.11,0,5.25
sample_01140,D:\marathi-asr\data\vistaar_benchmarks\kathbath\marathi\wavs\844424933379978-487-m.wav,त्याने या समुद्रास मार फिलिपिनास असे नाव दिले,त्याने या समुद्रास मार फिलिपिनास असे नाव दिले,त्याने या समुद्रास मार फिलिपिनास असे नाव दिले,त्याने या समुद्रास मार फिलिपिनास असे नाव दिले,0.0,0.0,1,4.39
sample_01141,D:\marathi-asr\data\vistaar_benchmarks\kathbath\marathi\wavs\844424933394834-566-m.wav,त्यामुळे ह्या किल्ल्याची रचना तीन वेगवेगळ्या भागांनी बनलेली आहे,त्यामुळे या किल्ल्याची रचना तीन वेगवेगळ्या भागांनी बनलेली आहे,त्यामुळे ह्या किल्ल्याची रचना तीन वेगवेगळ्या भागांनी बनलेली आहे,त्यामुळे या किल्ल्याची रचना तीन वेगवेगळ्या भागांनी बनलेली आहे,3.17,11.11,0,3.72
sample_01142,D:\marathi-asr\data\vistaar_benchmarks\kathbath\marathi\wavs\844424933373450-962-m.wav,बोरगेवाडी हे भारतातील महाराष्ट्र राज्यातील सातारा जिल्ह्यातील पाटण तालुक्यातील एक गाव आहे,बोरगेवाडी हे भारतातील महाराष्ट्र राज्यातील सातारा जिल्ह्यातील पाटण तालुक्यातील एक गाव आहे,बोरगेवाडी हे भारतातील महाराष्ट्र राज्यातील सातारा जिल्ह्यातील पाटण तालुक्यातील एक गाव आहे,बोरगेवाडी हे भारतातील महाराष्ट्र राज्यातील सातारा जिल्ह्यातील पाटण तालुक्यातील एक गाव आहे,0.0,0.0,1,5.85
sample_01143,D:\marathi-asr\data\vistaar_benchmarks\kathbath\marathi\wavs\844424933379940-487-m.wav,वने आणि खनिज संपत्तीची समृद्धी हे या राज्याचे वैशिष्ट्य आहे,वने आणि खनिज संपत्तीची समृद्धी हे या राज्याचे वैशिष्ट्य आहे,वने आणि खनिज संपत्तीची समृद्धी हे या राज्याचे वैशिष्ट्य आहे,वने आणि खनिज संपत्तीची समृद्धी हे या राज्याचे वैशिष्ट्य आहे,0.0,0.0,1,4.5
sample_01144,D:\marathi-asr\data\vistaar_benchmarks\kathbath\marathi\wavs\844424933381582-676-m.wav,१९११ मध्ये त्याच्या पत्नीचे आलिसचे आणि १९१४ मध्ये ज्यॉं या त्याच्या मुलाचे निधन झाले,एकोणीसशे अकरामध्ये त्याच्या पत्नीचे अलिसचे आणि एकोणीशे चौदामध्ये जँँ या त्याच्या मुलाचे निधन झाले,१९११ मध्ये त्याच्या पत्नीचे आलिसचे आणि १९१४ मध्ये ज्यॉं या त्याच्या मुलाचे निधन झाले,एकोणीसशे अकरामध्ये त्याच्या पत्नीचे अलिसचे आणि एकोणीशे चौदामध्ये जँँ या त्याच्या मुलाचे निधन झाले,33.33,42.86,0,10.5
sample_01145,D:\marathi-asr\data\vistaar_benchmarks\kathbath\marathi\wavs\844424933394844-566-m.wav,सन १९४९ वाळव्यात हुतात्म्यांची स्मारके म्हणून किसान शिक्षण संस्थेची स्थापना,सन एकोणीसशे एकोणपन्नास वाळवयात हुतात्म्याची स्मारक आहे म्हणून किसान शिक्षण संस्थेची स्थापना,सन १९४९ वाळव्यात हुतात्म्यांची स्मारके म्हणून किसान शिक्षण संस्थेची स्थापना,सन एकोणीसशे एकोणपन्नास वाळवयात हुतात्म्याची स्मारक आहे म्हणून किसान शिक्षण संस्थेची स्थापना,32.0,60.0,0,5.27
sample_01146,D:\marathi-asr\data\vistaar_benchmarks\kathbath\marathi\wavs\844424933356000-1120-m.wav,त्यांच्यात सोळा कुळे असून त्या बहिर्विवाहपद्धतीवर आधारलेल्या आहेत,त्यांच्यात सोळाा कुडे असून त्या बहिर्विवाह पद्धतीवर आधारलेल्या आहेत,त्यांच्यात सोळा कुळे असून त्या बहिर्विवाहपद्धतीवर आधारलेल्या आहेत,त्यांच्यात सोळाा कुडे असून त्या बहिर्विवाह पद्धतीवर आधारलेल्या आहेत,4.62,50.0,0,6.41
sample_01147,D:\marathi-asr\data\vistaar_benchmarks\kathbath\marathi\wavs\844424933356006-1120-m.wav,१८३९  २० जून इ स १९१७ हा अमेरिकन रसायशास्त्रज्ञ होता,अठराशे एकोणचाळीस वीस जून इसवी सन एकोणीसशे सतरा हा अमेरिकन रसायनशास्त्रज्ञ होता,१८३९ २० जून इ स १९१७ हा अमेरिकन रसायशास्त्रज्ञ होता,अठराशे एकोणचाळीस वीस जून इसवी सन एकोणीसशे सतरा हा अमेरिकन रसायनशास्त्रज्ञ होता,72.55,80.0,0,6.76
sample_01148,D:\marathi-asr\data\vistaar_benchmarks\kathbath\marathi\wavs\844424933394007-426-m.wav,यामध्ये चॉकलेट केक इ वेगवेगळे पदार्थ बनविले जातात,यामध्ये चॉकलेट केक इत्यादी वेगवेगळे पदार्थ बनविले जातात,यामध्ये चॉकलेट केक इ वेगवेगळे पदार्थ बनविले जातात,यामध्ये चॉकलेट केक इत्यादी वेगवेगळे पदार्थ बनविले जातात,12.24,12.5,0,5.48
sample_01149,D:\marathi-asr\data\vistaar_benchmarks\kathbath\marathi\wavs\844424933394813-566-m.wav,१९८१ मध्ये संत तुकारामया नाटकात संत सखूची भूमिका केली,एकोणीसशे एक््याऐंशी मध्ये संत तुकाराम या नाटकातील संतसकीीची भूमिका,१९८१ मध्ये संत तुकारामया नाटकात संत सखूची भूमिका केली,एकोणीसशे एक््याऐंशी मध्ये संत तुकाराम या नाटकातील संतसकीीची भूमिका,58.49,77.78,0,5.18
sample_01150,D:\marathi-asr\data\vistaar_benchmarks\kathbath\marathi\wavs\844424933356033-1120-m.wav,वागले की दुनिया ही मालिका प्रख्यात व्यंगचित्रकार आर के लक्ष्मण यांच्या कार्टूनवर आधारित होती,वागले की दुनिया ही मालिका प्रख्यात व्यगचित्रकार आर के लक्ष्मण यांच्या कार्टूनवर आधारित होती,वागले की दुनिया ही मालिका प्रख्यात व्यंगचित्रकार आर के लक्ष्मण यांच्या कार्टूनवर आधारित होती,वागले की दुनिया ही मालिका प्रख्यात व्यगचित्रकार आर के लक्ष्मण यांच्या कार्टूनवर आधारित होती,1.09,7.14,0,6.8
sample_01151,D:\marathi-asr\data\vistaar_benchmarks\kathbath\marathi\wavs\844424933379951-487-m.wav,चिचकुंभ हे भारतातील महाराष्ट्र राज्यातील वर्धा जिल्ह्यातील आष्टी तालुक्यातील एक गाव आहे,चिचकुंभ हे भारतातील महाराष्ट्र राज्यातील वर्धा जिल्ह्यातील आष्टी तालुक्यातील एक गाव आहे,चिचकुंभ हे भारतातील महाराष्ट्र राज्यातील वर्धा जिल्ह्यातील आष्टी तालुक्यातील एक गाव आहे,चिचकुंभ हे भारतातील महाराष्ट्र राज्यातील वर्धा जिल्ह्यातील आष्टी तालुक्यातील एक गाव आहे,0.0,0.0,1,6.22
sample_01152,D:\marathi-asr\data\vistaar_benchmarks\kathbath\marathi\wavs\844424933356053-1120-m.wav,शेतकरी मासिक हे महाराष्ट्र शासनाच्या कृषी विभागामार्फत कृषी आयुक्तालय पुणे येथून दरमहा प्रसिद्ध केले जाते,शेतकरी मासिक हे महाराष्ट्र शासनाच्या कृषी विभागामार्फत कृषी आयुक्तालय पुणे येथून दरमहा प्रसिद्ध केली जाते,शेतकरी मासिक हे महाराष्ट्र शासनाच्या कृषी विभागामार्फत कृषी आयुक्तालय पुणे येथून दरमहा प्रसिद्ध केले जाते,शेतकरी मासिक हे महाराष्ट्र शासनाच्या कृषी विभागामार्फत कृषी आयुक्तालय पुणे येथून दरमहा प्रसिद्ध केली जाते,0.95,6.67,0,7.94
sample_01153,D:\marathi-asr\data\vistaar_benchmarks\kathbath\marathi\wavs\844424933394866-566-m.wav,एनला तिच्या तेराव्या वाढदिवशी १२ जून १९४२ रोजी एक वही भेट मिळाली,या चॅनलला तिच्या तेरव्या वाढदिवशी बारा जून एकोणीसशे बेचाळीस रोजी एक वही भेट मिळाली,एनला तिच्या तेराव्या वाढदिवशी १२ जून १९४२ रोजी एक वही भेट मिळाली,या चॅनलला तिच्या तेरव्या वाढदिवशी बारा जून एकोणीसशे बेचाळीस रोजी एक वही भेट मिळाली,42.19,50.0,0,4.81
sample_01154,D:\marathi-asr\data\vistaar_benchmarks\kathbath\marathi\wavs\844424933373443-962-m.wav,आपल्या विचारांप्रमाणे आपण जगतो आणि वागतो त्या प्रमाणेच युद्धे आणि सरकारे त्याच विचारांचा परिपाक आहेत,आपल्या विचारांप्रमाणे आपण जगतो आणि वागतो त्याप्रमाणेच योद्धे आणि सरकारी त्याच विचारांचा परारिपाक आहेत,आपल्या विचारांप्रमाणे आपण जगतो आणि वागतो त्या प्रमाणेच युद्धे आणि सरकारे त्याच विचारांचा परिपाक आहेत,आपल्या विचारांप्रमाणे आपण जगतो आणि वागतो त्याप्रमाणेच योद्धे आणि सरकारी त्याच विचारांचा परारिपाक आहेत,5.0,33.33,0,6.34
sample_01155,D:\marathi-asr\data\vistaar_benchmarks\kathbath\marathi\wavs\844424933381613-676-m.wav,भारतीय महिला संघाने ऑस्ट्रेलियाविरूद्ध २००६ नंतर प्रथमच महिला कसोटी सामना खेळला,भारतीय महिला संघाने ऑस्ट्रेलियाविरुद्ध दोन हजार सहा नंतर प्रथमच महिला कसोटी सामना खेळला,भारतीय महिला संघाने ऑस्ट्रेलियाविरूद्ध २००६ नंतर प्रथमच महिला कसोटी सामना खेळला,भारतीय महिला संघाने ऑस्ट्रेलियाविरुद्ध दोन हजार सहा नंतर प्रथमच महिला कसोटी सामना खेळला,16.46,36.36,0,8.1
sample_01156,D:\marathi-asr\data\vistaar_benchmarks\kathbath\marathi\wavs\844424933356010-1120-m.wav,१८ ऑगस्ट २०१८ रोजी एडल्ट स्विमने हा हंगाम इंग्रजी भाषांतरित प्रकाशनाला सुरुवात केली,अठरा ऑगस्ट दोन हजार अठरा रोजी एडल्ट स्वीमने हा हंगाम इंग्रजी भाषांतरित प्रकाशनाला सुरुवात केली,१८ ऑगस्ट २०१८ रोजी एडल्ट स्विमने हा हंगाम इंग्रजी भाषांतरित प्रकाशनाला सुरुवात केली,अठरा ऑगस्ट दोन हजार अठरा रोजी एडल्ट स्वीमने हा हंगाम इंग्रजी भाषांतरित प्रकाशनाला सुरुवात केली,21.69,38.46,0,7.41
sample_01157,D:\marathi-asr\data\vistaar_benchmarks\kathbath\marathi\wavs\844424933355996-1120-m.wav,वावदरे हे भारतातील महाराष्ट्र राज्यातील सातारा जिल्ह्यातील सातारा तालुक्यातील एक गाव आहे,वावदरे हे भारतातील महाराष्ट्र राज्यातील सातारा जिल्ह्यातील सातारा तालुक्यातील एक गाव आहे,वावदरे हे भारतातील महाराष्ट्र राज्यातील सातारा जिल्ह्यातील सातारा तालुक्यातील एक गाव आहे,वावदरे हे भारतातील महाराष्ट्र राज्यातील सातारा जिल्ह्यातील सातारा तालुक्यातील एक गाव आहे,0.0,0.0,1,5.71
sample_01158,D:\marathi-asr\data\vistaar_benchmarks\kathbath\marathi\wavs\844424933394044-426-m.wav,दिवेघाटाच्या पायथ्याला अहिल्याबाई होळकर यांनी बांधलेला तलाव आहे,दिवे घाटाच्या पायथ्याला अहिल्याबाई होडकर यांनी बांधलेला तलाव आहे,दिवेघाटाच्या पायथ्याला अहिल्याबाई होळकर यांनी बांधलेला तलाव आहे,दिवे घाटाच्या पायथ्याला अहिल्याबाई होडकर यांनी बांधलेला तलाव आहे,3.17,37.5,0,5.53
sample_01159,D:\marathi-asr\data\vistaar_benchmarks\kathbath\marathi\wavs\844424933379944-487-m.wav,पौराणिक दंडकारण्य या प्रदेशात तसेच रामायण व महाभारतातील रंजक कथा दंडारण्यातून सादर केल्या जातात,पौराणिक दंडकारण्य या प्रदेशात तसेच रामायण व महाभारतातील रंजक कथा दंडारण्यातून सादर केल्या जातात,पौराणिक दंडकारण्य या प्रदेशात तसेच रामायण व महाभारतातील रंजक कथा दंडारण्यातून सादर केल्या जातात,पौराणिक दंडकारण्य या प्रदेशात तसेच रामायण व महाभारतातील रंजक कथा दंडारण्यातून सादर केल्या जातात,0.0,0.0,1,6.76
sample_01160,D:\marathi-asr\data\vistaar_benchmarks\kathbath\marathi\wavs\844424933379968-487-m.wav,कोचरे हे भारतातील महाराष्ट्र राज्यातील दक्षिण कोकणातील सिंधुदुर्ग जिल्ह्यातील वेंगुर्ला तालुक्यातील एक गाव आहे,कोचरे हे भारतातील महाराष्ट्र राज्यातील दक्षिण कोकणातील सिंधुदुर्ग जिल्ह्यातील वेंगुर्ला तालुक्यातील एक गाव आहे,कोचरे हे भारतातील महाराष्ट्र राज्यातील दक्षिण कोकणातील सिंधुदुर्ग जिल्ह्यातील वेंगुर्ला तालुक्यातील एक गाव आहे,कोचरे हे भारतातील महाराष्ट्र राज्यातील दक्षिण कोकणातील सिंधुदुर्ग जिल्ह्यातील वेंगुर्ला तालुक्यातील एक गाव आहे,0.0,0.0,1,6.32
sample_01161,D:\marathi-asr\data\vistaar_benchmarks\kathbath\marathi\wavs\844424933355961-1120-m.wav,चार्लेस कॉल्मोरे या गृहस्तांनी चर्च साठी जागा दिली,चार्लेस कॉलमोरे या ग्रस्थांनी चर्चेसाठी जागा दिली,चार्लेस कॉल्मोरे या गृहस्तांनी चर्च साठी जागा दिली,चार्लेस कॉलमोरे या ग्रस्थांनी चर्चेसाठी जागा दिली,10.0,50.0,0,3.72
sample_01162,D:\marathi-asr\data\vistaar_benchmarks\kathbath\marathi\wavs\844424933394850-566-m.wav,ऑगस्ट हा ग्रेगरी दिनदर्शिकेनुसार वर्षातील आठवा महिना आहे,ऑगस्ट हा ग्रेगरी दिनदर्शिकेनुसार वर्षातील आठवा महिना आहे,ऑगस्ट हा ग्रेगरी दिनदर्शिकेनुसार वर्षातील आठवा महिना आहे,ऑगस्ट हा ग्रेगरी दिनदर्शिकेनुसार वर्षातील आठवा महिना आहे,0.0,0.0,1,4.34
sample_01163,D:\marathi-asr\data\vistaar_benchmarks\kathbath\marathi\wavs\844424933381622-676-m.wav,ते सावित्री खानोलकर यांच्याकडील ज्ञानाने व कलाकुसरीने प्रभावित झाले होते,ते सावित्री खानोलकर यांच्याकडील ज्ञानाने व कलाकुसुरीने प्रभावित झाले होते,ते सावित्री खानोलकर यांच्याकडील ज्ञानाने व कलाकुसरीने प्रभावित झाले होते,ते सावित्री खानोलकर यांच्याकडील ज्ञानाने व कलाकुसुरीने प्रभावित झाले होते,1.39,10.0,0,7.57
sample_01164,D:\marathi-asr\data\vistaar_benchmarks\kathbath\marathi\wavs\844424933280436-817-m.wav,गावात असणारा बिअर बार बंद करण्यासाठी महिला आणि युवकांच्या पुढाकाराने मोठे आंदोलन उभे राहिले,गावात असणारा बिअर बार बंद करण्यासाठी महिला आणि युवकांच्या पुढाकाराने मोठे आंदोलन उभे राहिले,गावात असणारा बिअर बार बंद करण्यासाठी महिला आणि युवकांच्या पुढाकाराने मोठे आंदोलन उभे राहिले,गावात असणारा बिअर बार बंद करण्यासाठी महिला आणि युवकांच्या पुढाकाराने मोठे आंदोलन उभे राहिले,0.0,0.0,1,12.12
sample_01165,D:\marathi-asr\data\vistaar_benchmarks\kathbath\marathi\wavs\844424933394790-566-m.wav,मुख्यत महाराष्ट्रातील धुळे जळगाव नाशिक व नंदुरबार जिल्ह्यांमध्ये ठेलारी समाज आढळतो,मुख्यतः महाराष्ट्रातील धुळे जळगाव नाशिक व नंदुरबार जिल्ह्यांमध्ये ठेलारी समाज आढळला,मुख्यत महाराष्ट्रातील धुळे जळगाव नाशिक व नंदुरबार जिल्ह्यांमध्ये ठेलारी समाज आढळतो,मुख्यतः महाराष्ट्रातील धुळे जळगाव नाशिक व नंदुरबार जिल्ह्यांमध्ये ठेलारी समाज आढळला,3.66,18.18,0,6.83
sample_01166,D:\marathi-asr\data\vistaar_benchmarks\kathbath\marathi\wavs\844424933356023-1120-m.wav,जोधा अकबर हा २००८ साली प्रदर्शित झालेला एक हिंदी चित्रपट आहे,जोधा अकबर हा दोन हजार आठ साली प्रदर्शित झालेला एक हिंदी चित्रपट आहे,जोधा अकबर हा २००८ साली प्रदर्शित झालेला एक हिंदी चित्रपट आहे,जोधा अकबर हा दोन हजार आठ साली प्रदर्शित झालेला एक हिंदी चित्रपट आहे,18.33,27.27,0,4.62
sample_01167,D:\marathi-asr\data\vistaar_benchmarks\kathbath\marathi\wavs\844424933394025-426-m.wav,त्यांचा एक मित्र त्यांना म्हणाला होता की आत्मचरित्र लिहिणे ही पाश्चात्य लोकांची खासियत आहे,त्यांचा एक मित्र त्यांना म्हणाला होता की आत्मचरित्र लिहिणे ही पाश्चात्य लोकांची खासियत आहे,त्यांचा एक मित्र त्यांना म्हणाला होता की आत्मचरित्र लिहिणे ही पाश्चात्य लोकांची खासियत आहे,त्यांचा एक मित्र त्यांना म्हणाला होता की आत्मचरित्र लिहिणे ही पाश्चात्य लोकांची खासियत आहे,0.0,0.0,1,7.71
sample_01168,D:\marathi-asr\data\vistaar_benchmarks\kathbath\marathi\wavs\844424933280432-817-m.wav,बोईंग ही जगातली आघाडीची जेट विमान बनवणारी अमेरिकेची संयुक्त संस्थाने येथील कंपनी आहे,बोईंग ही जगातील आघाडीची जेट विमान बनवणारी अमेरिकेची संयुक्त संस्थेने येथील कंपनी आहे,बोईंग ही जगातली आघाडीची जेट विमान बनवणारी अमेरिकेची संयुक्त संस्थाने येथील कंपनी आहे,बोईंग ही जगातील आघाडीची जेट विमान बनवणारी अमेरिकेची संयुक्त संस्थेने येथील कंपनी आहे,3.57,15.38,0,11.7
sample_01169,D:\marathi-asr\data\vistaar_benchmarks\kathbath\marathi\wavs\844424933356031-1120-m.wav,हिचा शेवटचा भाग १ जुलै २०१७ रोजी प्रसारित झाला,हिच्या शेवटचा भाग एक जुलै दोन हजार सतरा रोजी प्रसारित झाला,हिचा शेवटचा भाग १ जुलै २०१७ रोजी प्रसारित झाला,हिच्या शेवटचा भाग एक जुलै दोन हजार सतरा रोजी प्रसारित झाला,36.96,55.56,0,3.95
sample_01170,D:\marathi-asr\data\vistaar_benchmarks\kathbath\marathi\wavs\844424933393998-426-m.wav,तेव्हा कांबळेंनी लगेच जवळच असलेल्या आपल्या एका विद्यार्थ्याला जवळ बोलवून विचारणाऱ्याला सांगितले हा अभिजीत देशपांडे,तेव्हा कांबडींनी लगेच जवळ असलेल्या आपल्या एका विद्यार्थ्याला जवळ बोलून विचारणाऱ्याला सांगितले हा अभिजित देशपांडे,तेव्हा कांबळेंनी लगेच जवळच असलेल्या आपल्या एका विद्यार्थ्याला जवळ बोलवून विचारणाऱ्याला सांगितले हा अभिजीत देशपांडे,तेव्हा कांबडींनी लगेच जवळ असलेल्या आपल्या एका विद्यार्थ्याला जवळ बोलून विचारणाऱ्याला सांगितले हा अभिजित देशपांडे,6.09,33.33,0,10.1
sample_01171,D:\marathi-asr\data\vistaar_benchmarks\kathbath\marathi\wavs\844424933356021-1120-m.wav,महागोंड हे कोल्हापूर जिल्ह्यातील आजरा या तालुक्याच्या गावापासून १६ किमी,महागोंड हे कोल्हापूर जिल्ह्यातील आजरा या तालुक्याच्या गावापासून सोळा किमी,महागोंड हे कोल्हापूर जिल्ह्यातील आजरा या तालुक्याच्या गावापासून १६ किमी,महागोंड हे कोल्हापूर जिल्ह्यातील आजरा या तालुक्याच्या गावापासून सोळा किमी,5.63,10.0,0,5.06
sample_01172,D:\marathi-asr\data\vistaar_benchmarks\kathbath\marathi\wavs\844424933381667-676-m.wav,त्यानंतर राजनने डेव्हिड टँकसोबत न्यूरॉन्सचे अनुक्रमिक सक्रियकरण दाखवण्यासाठी काम केले,त्यानंतर राजनने डेव्हिड टॅकसोबत न्युरॉन्सचे अनुक्रमिक सक्रयकरण दाखवण्यासाठी काम केले,त्यानंतर राजनने डेव्हिड टँकसोबत न्यूरॉन्सचे अनुक्रमिक सक्रियकरण दाखवण्यासाठी काम केले,त्यानंतर राजनने डेव्हिड टॅकसोबत न्युरॉन्सचे अनुक्रमिक सक्रयकरण दाखवण्यासाठी काम केले,3.53,30.0,0,10.22
sample_01173,D:\marathi-asr\data\vistaar_benchmarks\kathbath\marathi\wavs\844424933394791-566-m.wav,नोकरीत असतानाही ते १४ शाळांचे व्यवस्थापन करीत होते,नोकरीत असतानाही ते चौदा शाळांचे व्यवस्थापन करीत होते,नोकरीत असतानाही ते १४ शाळांचे व्यवस्थापन करीत होते,नोकरीत असतानाही ते चौदा शाळांचे व्यवस्थापन करीत होते,8.0,12.5,0,4.85
sample_01174,D:\marathi-asr\data\vistaar_benchmarks\kathbath\marathi\wavs\844424933355991-1120-m.wav,म्हणून तानाजीने किल्या चढायची सर्वात कठीण बाजू निवडली,म्हणून तानाजीने किल्ला चढायची सर्वात कठीण बाजू निवडली,म्हणून तानाजीने किल्या चढायची सर्वात कठीण बाजू निवडली,म्हणून तानाजीने किल्ला चढायची सर्वात कठीण बाजू निवडली,1.89,12.5,0,4.67
sample_01175,D:\marathi-asr\data\vistaar_benchmarks\kathbath\marathi\wavs\844424933379919-487-m.wav,बेराक्रुथ या शब्दाशी संबंधित खालील लेख उपलब्ध आहेत,वेराकृत या शब्दाशी संबंधित खालील लेख उपलब्ध आहेत,बेराक्रुथ या शब्दाशी संबंधित खालील लेख उपलब्ध आहेत,वेराकृत या शब्दाशी संबंधित खालील लेख उपलब्ध आहेत,10.0,12.5,0,4.5
sample_01176,D:\marathi-asr\data\vistaar_benchmarks\kathbath\marathi\wavs\844424933373477-962-m.wav,शहरातील महानगरपालिकेच्या सुविधा प्रशासनात आणि मुंबई काही उपनगरातील शेत्र ही जबाबदार आहे,शहरातील महानगरपालिकेच्या सुविधा प्रशासनात आणि मुंबई काही उपनगरातील क्षेत्रही जबाबदार आहेत,शहरातील महानगरपालिकेच्या सुविधा प्रशासनात आणि मुंबई काही उपनगरातील शेत्र ही जबाबदार आहे,शहरातील महानगरपालिकेच्या सुविधा प्रशासनात आणि मुंबई काही उपनगरातील क्षेत्रही जबाबदार आहेत,5.75,25.0,0,7.11
sample_01177,D:\marathi-asr\data\vistaar_benchmarks\kathbath\marathi\wavs\844424933381581-676-m.wav,त्यामुळे आणखी २ स्वतंत्र उमेदवारांच्या समर्थनाने भाजपाची संख्या ४५ वर गेली,त्यामुळे आणखी दोन स्वतंत्र उमेदवारांच्या समर्थनाने भाजपाची संख्या पंचेचाळीसवर गेली,त्यामुळे आणखी २ स्वतंत्र उमेदवारांच्या समर्थनाने भाजपाची संख्या ४५ वर गेली,त्यामुळे आणखी दोन स्वतंत्र उमेदवारांच्या समर्थनाने भाजपाची संख्या पंचेचाळीसवर गेली,16.22,27.27,0,8.89
sample_01178,D:\marathi-asr\data\vistaar_benchmarks\kathbath\marathi\wavs\844424933394885-566-m.wav,नॉर्थ कॅरोलिना पर्यायी उच्चार नॉर्थ कॅरोलायना हे अमेरिकेचे एक राज्य आहे,नॉर्थ कॅरोलिना पर्यारी उच्चार नॉर्थ कॅरोलायना हे अमेरिकेचे एक राज्य आहे,नॉर्थ कॅरोलिना पर्यायी उच्चार नॉर्थ कॅरोलायना हे अमेरिकेचे एक राज्य आहे,नॉर्थ कॅरोलिना पर्यारी उच्चार नॉर्थ कॅरोलायना हे अमेरिकेचे एक राज्य आहे,1.41,9.09,0,4.6
sample_01179,D:\marathi-asr\data\vistaar_benchmarks\kathbath\marathi\wavs\844424933355988-1120-m.wav,त्यावेळी त्या एलिफंटा वेरुळ आणि महाबलिपुरम येथील शिल्पकृती पाहण्यासाठी गेल्या,त्यावेळी त्या एलिफंटावेेरोूड आणि महाबलपुरम येथील शिल्पवृत्ती पाहण्यासाठी गेल्या,त्यावेळी त्या एलिफंटा वेरुळ आणि महाबलिपुरम येथील शिल्पकृती पाहण्यासाठी गेल्या,त्यावेळी त्या एलिफंटावेेरोूड आणि महाबलपुरम येथील शिल्पवृत्ती पाहण्यासाठी गेल्या,11.69,40.0,0,6.36
sample_01180,D:\marathi-asr\data\vistaar_benchmarks\kathbath\marathi\wavs\844424933373386-962-m.wav,मूळचे बुलढाणा जिल्ह्यातील जाधव हे खामगावला शारीरिक शिक्षणाचे शिक्षक होते,मुळचे बुलढाणा जिल्ह्यातील जाधव हे खामगावला शारीरिक शिक्षणाचे शिक्षक होते,मूळचे बुलढाणा जिल्ह्यातील जाधव हे खामगावला शारीरिक शिक्षणाचे शिक्षक होते,मुळचे बुलढाणा जिल्ह्यातील जाधव हे खामगावला शारीरिक शिक्षणाचे शिक्षक होते,1.39,10.0,0,6.2
sample_01181,D:\marathi-asr\data\vistaar_benchmarks\kathbath\marathi\wavs\844424933379941-487-m.wav,पंडित नेहरू यांच्या प्रेरणेने आणि दुरदृष्टीने नेशनल बुक ट्रस्ट या संस्थेचे निर्माण झाले आहे,पंडित नेहरू यांच्या प्रेरणेने आणि दूरदृष्टीने नॅशनल बुक ट्रस्ट या संस्थेचे निर्माण झाले आहे,पंडित नेहरू यांच्या प्रेरणेने आणि दुरदृष्टीने नेशनल बुक ट्रस्ट या संस्थेचे निर्माण झाले आहे,पंडित नेहरू यांच्या प्रेरणेने आणि दूरदृष्टीने नॅशनल बुक ट्रस्ट या संस्थेचे निर्माण झाले आहे,2.2,14.29,0,7.11
sample_01182,D:\marathi-asr\data\vistaar_benchmarks\kathbath\marathi\wavs\844424933373407-962-m.wav,२०१७ सालच्या डिसेंबर महिन्यात महाराष्ट्रात बीअरच्या बाटलीची किंमती ह्या २० ते २५ रुपयांनी वाढल्या,दोन हजार सतरा सालच्या डिसेंबर महिन्यात महाराष्ट्रात बिअरच्या बाटलीची किंमत या वस ते पंचवीस रुपयांनी वाढल्या,२०१७ सालच्या डिसेंबर महिन्यात महाराष्ट्रात बीअरच्या बाटलीची किंमती ह्या २० ते २५ रुपयांनी वाढल्या,दोन हजार सतरा सालच्या डिसेंबर महिन्यात महाराष्ट्रात बिअरच्या बाटलीची किंमत या वस ते पंचवीस रुपयांनी वाढल्या,25.77,57.14,0,8.08
sample_01183,D:\marathi-asr\data\vistaar_benchmarks\kathbath\marathi\wavs\844424933373474-962-m.wav,उत्कृष्ट गीतकारासाठी निदा फजली यांना फिल्मफेअर आणि झी सिनेचे नामांकन मिळाले होते,उत्कृष्ट गीतकारांसाठी निदाा फजली यांना फिल्मफेअर आणि जी सिनेचे नामांकन मिळाले होते,उत्कृष्ट गीतकारासाठी निदा फजली यांना फिल्मफेअर आणि झी सिनेचे नामांकन मिळाले होते,उत्कृष्ट गीतकारांसाठी निदाा फजली यांना फिल्मफेअर आणि जी सिनेचे नामांकन मिळाले होते,3.75,25.0,0,6.36
sample_01184,D:\marathi-asr\data\vistaar_benchmarks\kathbath\marathi\wavs\844424933394001-426-m.wav,महाराष्ट्राशिवाय उत्तरप्रदेश पंजाब बिहारहरियाना या उत्तर भारतीय राज्यात रिपब्लिकन पक्ष हा एक समर्थ पक्ष होता,महाराष्ट्राशिवाय उत्तर प्रदेश पंजाब बिहार हरियाणा या उत्तर भारतीय राज्यात रिपब्लिकन पक्ष हा एक समर्थ पक्ष होता,महाराष्ट्राशिवाय उत्तरप्रदेश पंजाब बिहारहरियाना या उत्तर भारतीय राज्यात रिपब्लिकन पक्ष हा एक समर्थ पक्ष होता,महाराष्ट्राशिवाय उत्तर प्रदेश पंजाब बिहार हरियाणा या उत्तर भारतीय राज्यात रिपब्लिकन पक्ष हा एक समर्थ पक्ष होता,2.78,26.67,0,10.5
sample_01185,D:\marathi-asr\data\vistaar_benchmarks\kathbath\marathi\wavs\844424933394042-426-m.wav,क्रिशन भील मार्च १ इ स १९६८ हा पाकिस्तानमधील हिंदू राजकारणी आहे,ख्रिश्चन बिल मार्च एक इसवी सन एकोणीसशे अडुसष्टष्ट हा पाकिस्तानमधील हिंदू राजकारणी आहे,क्रिशन भील मार्च १ इ स १९६८ हा पाकिस्तानमधील हिंदू राजकारणी आहे,ख्रिश्चन बिल मार्च एक इसवी सन एकोणीसशे अडुसष्टष्ट हा पाकिस्तानमधील हिंदू राजकारणी आहे,47.62,58.33,0,8.29
sample_01186,D:\marathi-asr\data\vistaar_benchmarks\kathbath\marathi\wavs\844424933373417-962-m.wav,यात वैदिक संहितामधील विकृतींचा विचार करणारे जे ग्रंथ आहेत त्याचा संग्रह आहे,यात वैदिकसहितामधील विकृतींचा विचार करणारे जे ग्रंथ आहेत त्यांचा संग्रह आहे,यात वैदिक संहितामधील विकृतींचा विचार करणारे जे ग्रंथ आहेत त्याचा संग्रह आहे,यात वैदिकसहितामधील विकृतींचा विचार करणारे जे ग्रंथ आहेत त्यांचा संग्रह आहे,4.0,25.0,0,6.36
sample_01187,D:\marathi-asr\data\vistaar_benchmarks\kathbath\marathi\wavs\844424933381653-676-m.wav,अंगावर पांढऱ्या रंगाने नक्षी वा रेषा काढलेल्या असतात,अंगावर पांढऱ्या रंगाने नक्षी व रेषा काढलेल्या असतात,अंगावर पांढऱ्या रंगाने नक्षी वा रेषा काढलेल्या असतात,अंगावर पांढऱ्या रंगाने नक्षी व रेषा काढलेल्या असतात,5.66,25.0,0,6.11
sample_01188,D:\marathi-asr\data\vistaar_benchmarks\kathbath\marathi\wavs\844424933394015-426-m.wav,बारामतीमध्ये होत असणाऱ्या विकासामुळे या ठिकाणी प्रवाशांची जास्त वर्दळ असते,बारामतीमध्ये होत असणाऱ्या विकासामुळे या ठिकाणी प्रवाशांची जास्त वर्दळ असते,बारामतीमध्ये होत असणाऱ्या विकासामुळे या ठिकाणी प्रवाशांची जास्त वर्दळ असते,बारामतीमध्ये होत असणाऱ्या विकासामुळे या ठिकाणी प्रवाशांची जास्त वर्दळ असते,2.67,10.0,0,6.78
sample_01189,D:\marathi-asr\data\vistaar_benchmarks\kathbath\marathi\wavs\844424933373379-962-m.wav,प्रकार दूर्वा गवती चहा कसाट बेर लवी दवणा मरवा कांडीचार भोबडा कारवी खवण्या,प्रकार दुर्वा गवती चहा कसाटबीर लवी दवना मरवा कांडी चार बोबडा कारवी खवण्या,प्रकार दूर्वा गवती चहा कसाट बेर लवी दवणा मरवा कांडीचार भोबडा कारवी खवण्या,प्रकार दुर्वा गवती चहा कसाटबीर लवी दवना मरवा कांडी चार बोबडा कारवी खवण्या,8.22,53.85,0,8.8
sample_01190,D:\marathi-asr\data\vistaar_benchmarks\kathbath\marathi\wavs\844424933394852-566-m.wav,त्यांच्याकडे विविध प्रकारची सैन्यदळे व वेढ्यासाठीची यंत्रे उपलब्ध आहेत,त्यांच्याकडे विविध प्रकारची सैन्यदळे व वेळ्यासाठीची यंत्रे उपलब्ध आहेत,त्यांच्याकडे विविध प्रकारची सैन्यदळे व वेढ्यासाठीची यंत्रे उपलब्ध आहेत,त्यांच्याकडे विविध प्रकारची सैन्यदळे व वेळ्यासाठीची यंत्रे उपलब्ध आहेत,1.43,11.11,0,3.99
sample_01191,D:\marathi-asr\data\vistaar_benchmarks\kathbath\marathi\wavs\844424933373440-962-m.wav,भारताच्या स्वातंत्र्यदिनी पंतप्रधान लाल किल्ल्यातील लोकांना संबोधित करतात,भारताच्या स्वातंत्र्यदिनही पंतप्रधान लाल किल्ल्यातील लोकांना संबोधित करतात,भारताच्या स्वातंत्र्यदिनी पंतप्रधान लाल किल्ल्यातील लोकांना संबोधित करतात,भारताच्या स्वातंत्र्यदिनही पंतप्रधान लाल किल्ल्यातील लोकांना संबोधित करतात,1.37,12.5,0,4.53
sample_01192,D:\marathi-asr\data\vistaar_benchmarks\kathbath\marathi\wavs\844424933373462-962-m.wav,सावळी हे भारताच्या महाराष्ट्र राज्यातील नांदेड जिल्ह्यातील बिलोली तालुक्यातील एक गाव आहे,सावळी हे भारताच्या महाराष्ट्र राज्यातील नांदेड जिल्ह्यातील बिलोली तालुक्यातील एक गाव आहे,सावळी हे भारताच्या महाराष्ट्र राज्यातील नांदेड जिल्ह्यातील बिलोली तालुक्यातील एक गाव आहे,सावळी हे भारताच्या महाराष्ट्र राज्यातील नांदेड जिल्ह्यातील बिलोली तालुक्यातील एक गाव आहे,0.0,0.0,1,5.27
sample_01193,D:\marathi-asr\data\vistaar_benchmarks\kathbath\marathi\wavs\844424933394853-566-m.wav,टॉप लेव्हल डोमेन हे सर्वात लोकप्रिय आणि सर्वात जास्त प्रमाणात वापरले जाणारे डोमेन नाव आहे,टॉप लेव्हल डोमेन हे सर्वात लोकप्रिय आणि सर्वात जास्त प्रमाणात वापरल्या जाणारे डोमेन नाव आहे,टॉप लेव्हल डोमेन हे सर्वात लोकप्रिय आणि सर्वात जास्त प्रमाणात वापरले जाणारे डोमेन नाव आहे,टॉप लेव्हल डोमेन हे सर्वात लोकप्रिय आणि सर्वात जास्त प्रमाणात वापरल्या जाणारे डोमेन नाव आहे,3.37,6.67,0,5.55
sample_01194,D:\marathi-asr\data\vistaar_benchmarks\kathbath\marathi\wavs\844424933381666-676-m.wav,या खेरीज अरुण फडके यांचे शुद्धलेखन ठेवा खिशात हे पुस्तकही उपयुक्त आहे,याखेरीज अरुण फडके यांचे शुद्धलेखन ठेवा खिशात हे पुस्तकही उपयुक्त आहे,या खेरीज अरुण फडके यांचे शुद्धलेखन ठेवा खिशात हे पुस्तकही उपयुक्त आहे,याखेरीज अरुण फडके यांचे शुद्धलेखन ठेवा खिशात हे पुस्तकही उपयुक्त आहे,1.45,16.67,0,7.96
sample_01195,D:\marathi-asr\data\vistaar_benchmarks\kathbath\marathi\wavs\844424933379915-487-m.wav,यांना ब्रदर रे किंवा द जीनियस या नावांनेही संबोधले जायचे,यांना ब्रदर रे किंवा द जिनियस या नावाने समोरले जायचे,यांना ब्रदर रे किंवा द जीनियस या नावांनेही संबोधले जायचे,यांना ब्रदर रे किंवा द जिनियस या नावाने समोरले जायचे,12.5,30.0,0,5.15
sample_01196,D:\marathi-asr\data\vistaar_benchmarks\kathbath\marathi\wavs\844424933394016-426-m.wav,पुरुष साक्षरता ६३२८ आहे तर स्त्री साक्षरता ४८२४ आहे,पुरुष साक्षरता सहा हजार तीनशे अठ्ठावीस आहे तर स्त्री साक्षरता चार हजार आठशे चोवीस आहे,पुरुष साक्षरता ६३२८ आहे तर स्त्री साक्षरता ४८२४ आहे,पुरुष साक्षरता सहा हजार तीनशे अठ्ठावीस आहे तर स्त्री साक्षरता चार हजार आठशे चोवीस आहे,82.35,88.89,0,8.1
sample_01197,D:\marathi-asr\data\vistaar_benchmarks\kathbath\marathi\wavs\844424933394874-566-m.wav,यादरम्यान उत्तर भारतातून येणाऱ्या फौजेचा प्रवासही मराठ्यांनी त्रास देत लांबवला,या दरम्यान उत्तर भारतातून येणाऱ्या फौजेचा प्रवासही मराठ्यांनी त्रास देत लांबवला,यादरम्यान उत्तर भारतातून येणाऱ्या फौजेचा प्रवासही मराठ्यांनी त्रास देत लांबवला,या दरम्यान उत्तर भारतातून येणाऱ्या फौजेचा प्रवासही मराठ्यांनी त्रास देत लांबवला,3.8,30.0,0,5.29
sample_01198,D:\marathi-asr\data\vistaar_benchmarks\kathbath\marathi\wavs\844424933381608-676-m.wav,इ स १७९७ पेशव्यांनी शिंदे घराण्याच्या ताब्यात दिला,येसवी सन सतराशे सत्त्याण्णव पेशव्यांनी शिंदे घराण्याच्या ताब्यात दिला,इ स १७९७ पेशव्यांनी शिंदे घराण्याच्या ताब्यात दिला,येसवी सन सतराशे सत्त्याण्णव पेशव्यांनी शिंदे घराण्याच्या ताब्यात दिला,48.0,50.0,0,6.62
sample_01199,D:\marathi-asr\data\vistaar_benchmarks\kathbath\marathi\wavs\844424933356016-1120-m.wav,विषाणूंचा अभ्यास करणाऱ्या शाखेला विषाणुशास्त्र म्हणतात तर या शास्त्राचा अभ्यास करणाऱ्या व्यक्तींना विषाणुशास्त्रज्ञ म्हणतात,विषाणूंचा अभ्यास करणाऱ्या शाखेला विषाणूशास्त्र म्हणतात तर या शास्त्राचा अभ्यास करणाऱ्या व्यक्तींना विषाणूशास्त्रज्ञ म्हणतात,विषाणूंचा अभ्यास करणाऱ्या शाखेला विषाणुशास्त्र म्हणतात तर या शास्त्राचा अभ्यास करणाऱ्या व्यक्तींना विषाणुशास्त्रज्ञ म्हणतात,विषाणूंचा अभ्यास करणाऱ्या शाखेला विषाणूशास्त्र म्हणतात तर या शास्त्राचा अभ्यास करणाऱ्या व्यक्तींना विषाणूशास्त्रज्ञ म्हणतात,4.8,28.57,0,8.41
sample_01200,D:\marathi-asr\data\vistaar_benchmarks\kathbath\marathi\wavs\844424933355999-1120-m.wav,ह्यावेळी बांगलादेश आणि श्रीलंकेविरुद्ध पराभव पदरी पडल्यामुळे गट फेरीतच भारताचे आव्हान संपुष्टात आले,यावेळी बांगलादेश आणि श्रीलंकेविरुद्ध पराभवपदरी पडल्यामुळे गटफेरीतच भारताचे आव्हान संपुष्टात आले,ह्यावेळी बांगलादेश आणि श्रीलंकेविरुद्ध पराभव पदरी पडल्यामुळे गट फेरीतच भारताचे आव्हान संपुष्टात आले,यावेळी बांगलादेश आणि श्रीलंकेविरुद्ध पराभवपदरी पडल्यामुळे गटफेरीतच भारताचे आव्हान संपुष्टात आले,4.04,38.46,0,7.45
sample_01201,D:\marathi-asr\data\vistaar_benchmarks\kathbath\marathi\wavs\844424933373448-962-m.wav,जयबाजीराव हे क्षत्रिय महादेव कोळी घराण्यातील वारस तथा प्रमुख राजे होते,जयबाजीराव हे क्षत्रिय महादेव कोळी घराण्यातील वारस तथा प्रमुख राजे होते,जयबाजीराव हे क्षत्रिय महादेव कोळी घराण्यातील वारस तथा प्रमुख राजे होते,जयबाजीराव हे क्षत्रिय महादेव कोळी घराण्यातील वारस तथा प्रमुख राजे होते,0.0,0.0,1,5.09
sample_01202,D:\marathi-asr\data\vistaar_benchmarks\kathbath\marathi\wavs\844424933381668-676-m.wav,नवी पेठ हा भारताच्या पुणे शहरातील एक भाग आहे,नवी पेठ हा भारताच्या पुणे शहरातील एक भाग आहे,नवी पेठ हा भारताच्या पुणे शहरातील एक भाग आहे,नवी पेठ हा भारताच्या पुणे शहरातील एक भाग आहे,0.0,0.0,1,5.53
sample_01203,D:\marathi-asr\data\vistaar_benchmarks\kathbath\marathi\wavs\844424933394010-426-m.wav,जगावेगळी पैज हा १९९२ मध्ये निर्मित एक मराठी चित्रपट आहे,जगावेेगडी पेज हा एकोणीसशे ब्याण्णव मध्ये निर्मित एक मराठी चित्रपट आहे,जगावेगळी पैज हा १९९२ मध्ये निर्मित एक मराठी चित्रपट आहे,जगावेेगडी पेज हा एकोणीसशे ब्याण्णव मध्ये निर्मित एक मराठी चित्रपट आहे,36.36,40.0,0,6.36
sample_01204,D:\marathi-asr\data\vistaar_benchmarks\kathbath\marathi\wavs\844424933394845-566-m.wav,मनोज जोशी हे तो दिवंगत अभिनेता राजेश जोशी याचा भाऊ आहे,मनोज जोशी हे तो दिवंगत अभिनेता राजेश जोशी यांचा भाऊ आहे,मनोज जोशी हे तो दिवंगत अभिनेता राजेश जोशी याचा भाऊ आहे,मनोज जोशी हे तो दिवंगत अभिनेता राजेश जोशी यांचा भाऊ आहे,1.85,9.09,0,4.13
sample_01205,D:\marathi-asr\data\vistaar_benchmarks\kathbath\marathi\wavs\844424933381649-676-m.wav,बुचाच्या झाडाची साल खरबरीत असून त्यावर जाड रेषा असतात आणि रंग पिवळसर तपकिरी असतो,बुचाच्या झाडाची साल खरबरीत असून त्यावर जाडरेषा असतात आणि रंगपिवळसर तपकिरी असतो,बुचाच्या झाडाची साल खरबरीत असून त्यावर जाड रेषा असतात आणि रंग पिवळसर तपकिरी असतो,बुचाच्या झाडाची साल खरबरीत असून त्यावर जाडरेषा असतात आणि रंगपिवळसर तपकिरी असतो,2.5,28.57,0,10.12
sample_01206,D:\marathi-asr\data\vistaar_benchmarks\kathbath\marathi\wavs\844424933355984-1120-m.wav,आयर्लंड महिलांनी तब्बल तीन वर्षांनंतर महिला वनडे सामने खेळले,आयर्लंड महिलांनी तब्बल तीन वर्षांनंतर महिला वन डे सामने खेळले,आयर्लंड महिलांनी तब्बल तीन वर्षांनंतर महिला वनडे सामने खेळले,आयर्लंड महिलांनी तब्बल तीन वर्षांनंतर महिला वन डे सामने खेळले,1.67,22.22,0,4.9
sample_01207,D:\marathi-asr\data\vistaar_benchmarks\kathbath\marathi\wavs\844424933280435-817-m.wav,डॉक्टर बाबासाहेब आंबेडकर यांच्या क्रांतिकारी तत्वज्ञानातून दलित साहित्य व दलित नाट्य जन्माला आले,डॉ बाबासाहेब आंबेडकर ह्यांच्या क्रांतिकारी तत्त्वज्ञानातून दलित साहित्य व दलितनाट्य जन्माला आले,डॉक्टर बाबासाहेब आंबेडकर यांच्या क्रांतिकारी तत्वज्ञानातून दलित साहित्य व दलित नाट्य जन्माला आले,डॉ बाबासाहेब आंबेडकर ह्यांच्या क्रांतिकारी तत्त्वज्ञानातून दलित साहित्य व दलितनाट्य जन्माला आले,9.38,38.46,0,11.24
sample_01208,D:\marathi-asr\data\vistaar_benchmarks\kathbath\marathi\wavs\844424933381638-676-m.wav,लढाईत विजयनगरची सरशी होत असताना रामरायाचे दोन मुसलमान सरदार त्याच्यावर उलटले,लढाईत विजयनगरची सरशी होत असताना रामरायाचे दोन मुसलमान शर्धक त्याच्यावर उलटले,लढाईत विजयनगरची सरशी होत असताना रामरायाचे दोन मुसलमान सरदार त्याच्यावर उलटले,लढाईत विजयनगरची सरशी होत असताना रामरायाचे दोन मुसलमान शर्धक त्याच्यावर उलटले,5.26,9.09,0,9.73
sample_01209,D:\marathi-asr\data\vistaar_benchmarks\kathbath\marathi\wavs\844424933381592-676-m.wav,पळशी हे भारतातील महाराष्ट्र राज्यातील सातारा जिल्ह्यातील खंडाळा तालुक्यातील एक गाव आहे,पळशी हे भारतातील महाराष्ट्र राज्यातील सातारा जिल्ह्यातील खंडाळा तालुक्यातील एक गाव आहे,पळशी हे भारतातील महाराष्ट्र राज्यातील सातारा जिल्ह्यातील खंडाळा तालुक्यातील एक गाव आहे,पळशी हे भारतातील महाराष्ट्र राज्यातील सातारा जिल्ह्यातील खंडाळा तालुक्यातील एक गाव आहे,0.0,0.0,1,8.03
sample_01210,D:\marathi-asr\data\vistaar_benchmarks\kathbath\marathi\wavs\844424933394036-426-m.wav,हि भुमीया जमातीत वापरली जाणारी मातीची जाती आहेत,ही भूमी या जातीतील वापरली जाणारी मातीची जाती आहेत,हि भुमीया जमातीत वापरली जाणारी मातीची जाती आहेत,ही भूमी या जातीतील वापरली जाणारी मातीची जाती आहेत,12.77,50.0,0,4.64
sample_01211,D:\marathi-asr\data\vistaar_benchmarks\kathbath\marathi\wavs\844424933355995-1120-m.wav,हा बुरूज जर ढासळला तर किल्ला शत्रूच्या हाती सापडून विनाश ओढवला जाऊ शकतो,हा बुरुज जर ठढासळला तर किल्ला शत्रूच्या हाती सापडून विनाश ओढवला जाऊ शकतो,हा बुरूज जर ढासळला तर किल्ला शत्रूच्या हाती सापडून विनाश ओढवला जाऊ शकतो,हा बुरुज जर ठढासळला तर किल्ला शत्रूच्या हाती सापडून विनाश ओढवला जाऊ शकतो,2.82,15.38,0,6.34
sample_01212,D:\marathi-asr\data\vistaar_benchmarks\kathbath\marathi\wavs\844424933381655-676-m.wav,क्रीडा कला शिक्षण व राजकीय क्षेत्रात तळोद्याचा नाव लौकीक आहे,क्रीडा कला शिक्षण व राजकीय क्षेत्रात ताळोद्याच नाव लौकिक आहे,क्रीडा कला शिक्षण व राजकीय क्षेत्रात तळोद्याचा नाव लौकीक आहे,क्रीडा कला शिक्षण व राजकीय क्षेत्रात ताळोद्याच नाव लौकिक आहे,5.0,20.0,0,7.73
sample_01213,D:\marathi-asr\data\vistaar_benchmarks\kathbath\marathi\wavs\844424933379954-487-m.wav,ज्ञानभाषा मराठी हा एक सोशल मीडिया समाज माध्यमावर कार्यरत असणारा समूह आहे,ज्ञान भााषा मराठी हा एक सोशल मीडिया समाजमाध्यमावर कार्यरत असणारा समूह आहे,ज्ञानभाषा मराठी हा एक सोशल मीडिया समाज माध्यमावर कार्यरत असणारा समूह आहे,ज्ञान भााषा मराठी हा एक सोशल मीडिया समाजमाध्यमावर कार्यरत असणारा समूह आहे,4.17,33.33,0,5.53
sample_01214,D:\marathi-asr\data\vistaar_benchmarks\kathbath\marathi\wavs\844424933394827-566-m.wav,रोमच्या आफ्रिका प्रांतात जन्मलेल्या पोपांपैकी हा पहिला पोप होता,आमच्या आफ्रिका प्रांतात जनमलेल्या पंपापिके हा पहिला पोप होता,रोमच्या आफ्रिका प्रांतात जन्मलेल्या पोपांपैकी हा पहिला पोप होता,आमच्या आफ्रिका प्रांतात जनमलेल्या पंपापिके हा पहिला पोप होता,11.11,33.33,0,3.58
sample_01215,D:\marathi-asr\data\vistaar_benchmarks\kathbath\marathi\wavs\844424933373383-962-m.wav,न्वाईश्वानस्टाइन हे जर्मनीतील बायर्न राज्यातील एक प्रमुख पर्यटन स्थळ आहे,न्वाइन शॉनस्टाईन हे जर्मनीतील बायर्न राज्यातील एक प्रमुख पर्यटन स्थळ आहे,न्वाईश्वानस्टाइन हे जर्मनीतील बायर्न राज्यातील एक प्रमुख पर्यटन स्थळ आहे,न्वाइन शॉनस्टाईन हे जर्मनीतील बायर्न राज्यातील एक प्रमुख पर्यटन स्थळ आहे,8.33,20.0,0,6.52
sample_01216,D:\marathi-asr\data\vistaar_benchmarks\kathbath\marathi\wavs\844424933394859-566-m.wav,ही सहसा १ लिटर ७५० मिली ३७५ मिली आणि १८० मिली बाटल्यांमध्ये उपलब्ध असते,ही सहजा एक लिटर सातशे पन्नास मिली तीनशे पंच्याहत्तर मिली आणि एकशेऐंशी मिली बाटल्यांमध्ये उपलब्ध असते,ही सहसा १ लिटर ७५० मिली ३७५ मिली आणि १८० मिली बाटल्यांमध्ये उपलब्ध असते,ही सहजा एक लिटर सातशे पन्नास मिली तीनशे पंच्याहत्तर मिली आणि एकशेऐंशी मिली बाटल्यांमध्ये उपलब्ध असते,56.34,50.0,0,5.97
sample_01217,D:\marathi-asr\data\vistaar_benchmarks\kathbath\marathi\wavs\844424933381574-676-m.wav,बापशेतवाडी हे भारताच्या महाराष्ट्र राज्यातील नांदेड जिल्ह्यातील मुखेड तालुक्यातील एक गाव आहे,बापसेटवाडी हे भारताच्या महाराष्ट्र राज्यातील नांदेड जिल्ह्यातील मुखेड तालुक्यातील एक गाव आहे,बापशेतवाडी हे भारताच्या महाराष्ट्र राज्यातील नांदेड जिल्ह्यातील मुखेड तालुक्यातील एक गाव आहे,बापसेटवाडी हे भारताच्या महाराष्ट्र राज्यातील नांदेड जिल्ह्यातील मुखेड तालुक्यातील एक गाव आहे,2.17,8.33,0,7.8
sample_01218,D:\marathi-asr\data\vistaar_benchmarks\kathbath\marathi\wavs\844424933373451-962-m.wav,१३ एप्रिलला इंचुरी येथे पोचलेल्या हजारो सत्याग्रहींनी मूठभर मीठ हातात घेऊन कायदेभंग केला,तेरा एप्रिलला एंच्युरी येथे पोहोचलेल्या हजारो सत्याग्रहींनी मुठभर मीठ हातात घेऊन कायदेभंग केला,१३ एप्रिलला इंचुरी येथे पोचलेल्या हजारो सत्याग्रहींनी मूठभर मीठ हातात घेऊन कायदेभंग केला,तेरा एप्रिलला एंच्युरी येथे पोहोचलेल्या हजारो सत्याग्रहींनी मुठभर मीठ हातात घेऊन कायदेभंग केला,11.36,30.77,0,6.2
sample_01219,D:\marathi-asr\data\vistaar_benchmarks\kathbath\marathi\wavs\844424933394047-426-m.wav,जिथेउपलब्ध आहे त्यांचेकरीता एक वाजवता येणारे ध्वनि सुद्धादिली आहे,जिथे उपलब्ध आहे त्याचेकरिता एक वाजवता येणारे ध्वनीसुद्धा दिली आहे,जिथेउपलब्ध आहे त्यांचेकरीता एक वाजवता येणारे ध्वनि सुद्धादिली आहे,जिथे उपलब्ध आहे त्याचेकरिता एक वाजवता येणारे ध्वनीसुद्धा दिली आहे,9.23,55.56,0,6.13
sample_01220,D:\marathi-asr\data\vistaar_benchmarks\kathbath\marathi\wavs\844424933381602-676-m.wav,या ग्रंथाचे प्रकाशन इ स १९४६ मध्ये झाले होते,या ग्रंथाचे प्रकाशन इसवी सन एकोणीसशे छेहेचाळीस मध्ये झाले होते,या ग्रंथाचे प्रकाशन इ स १९४६ मध्ये झाले होते,या ग्रंथाचे प्रकाशन इसवी सन एकोणीसशे छेहेचाळीस मध्ये झाले होते,50.0,44.44,0,6.64
sample_01221,D:\marathi-asr\data\vistaar_benchmarks\kathbath\marathi\wavs\844424933355979-1120-m.wav,ह्या हंगामामध्ये १९ शर्यती खेळवल्या गेल्या ज्यात ११ संघांच्या एकूण २४ चालकांनी सहभाग घेतला,या हंगामामध्ये एकोणीस शर्यती खेळवल्या गेल्या जात अकरा संघांच्या एकूण चोवीस चालकांनी सहभाग घेतला,ह्या हंगामामध्ये १९ शर्यती खेळवल्या गेल्या ज्यात ११ संघांच्या एकूण २४ चालकांनी सहभाग घेतला,या हंगामामध्ये एकोणीस शर्यती खेळवल्या गेल्या जात अकरा संघांच्या एकूण चोवीस चालकांनी सहभाग घेतला,21.11,35.71,0,6.97
sample_01222,D:\marathi-asr\data\vistaar_benchmarks\kathbath\marathi\wavs\844424933394006-426-m.wav,वेस्ट बँक प्रांत जॉर्डन नदीच्या पश्चिम काठावर वसला आहे,वेस्ट बँग प्रांत जॉर्डन नदीच्या पश्चिम काठावर वसला आहे,वेस्ट बँक प्रांत जॉर्डन नदीच्या पश्चिम काठावर वसला आहे,वेस्ट बँग प्रांत जॉर्डन नदीच्या पश्चिम काठावर वसला आहे,1.85,11.11,0,6.32
sample_01223,D:\marathi-asr\data\vistaar_benchmarks\kathbath\marathi\wavs\844424933355980-1120-m.wav,त्याच्या पलीकडून मुंबईआग्रा महामार्ग व धुळे शहराचे दर्शन होते,त्यांच्या पलीकडून मुंबई आग्रा महामार्ग व धुळे शहराचे दर्शन होते,त्याच्या पलीकडून मुंबईआग्रा महामार्ग व धुळे शहराचे दर्शन होते,त्यांच्या पलीकडून मुंबई आग्रा महामार्ग व धुळे शहराचे दर्शन होते,3.28,33.33,0,4.46
sample_01224,D:\marathi-asr\data\vistaar_benchmarks\kathbath\marathi\wavs\844424933393990-426-m.wav,कोको विषुववृत्तीय उष्ण आणि आर्द्र प्रदेशात पिकणारी वनस्पती आहे,को विश्ववृत्तीय उष्ण आणि आर्द्र प्रदेशात पिकणारी वनस्पती आहे,कोको विषुववृत्तीय उष्ण आणि आर्द्र प्रदेशात पिकणारी वनस्पती आहे,को विश्ववृत्तीय उष्ण आणि आर्द्र प्रदेशात पिकणारी वनस्पती आहे,6.45,22.22,0,10.63
sample_01225,D:\marathi-asr\data\vistaar_benchmarks\kathbath\marathi\wavs\844424933379946-487-m.wav,काही देशात जसे बल्गेरिया आणि रोमानिया येथे हा दिवस मातृदिन म्हणून साजरा केला जातो,काही देशांत जसे बल्गेरिया आणि रोमानिया येथे हा दिवस मातृदिन म्हणून साजरा केला जातो,काही देशात जसे बल्गेरिया आणि रोमानिया येथे हा दिवस मातृदिन म्हणून साजरा केला जातो,काही देशांत जसे बल्गेरिया आणि रोमानिया येथे हा दिवस मातृदिन म्हणून साजरा केला जातो,1.23,7.14,0,5.99
sample_01226,D:\marathi-asr\data\vistaar_benchmarks\kathbath\marathi\wavs\844424933394026-426-m.wav,जयेश्वर हे भारतातील महाराष्ट्र राज्यातील उत्तर कोकणातील पालघर जिल्ह्यातील जव्हार तालुक्यातील एक गाव आहे,जयेश्वर हे भारतातील महाराष्ट्र राज्यातील उत्तर कोकणातील पालघर जिल्ह्यातील जवहार तालुक्यातील एक गाव आहे,जयेश्वर हे भारतातील महाराष्ट्र राज्यातील उत्तर कोकणातील पालघर जिल्ह्यातील जव्हार तालुक्यातील एक गाव आहे,जयेश्वर हे भारतातील महाराष्ट्र राज्यातील उत्तर कोकणातील पालघर जिल्ह्यातील जवहार तालुक्यातील एक गाव आहे,0.97,7.14,0,9.57
sample_01227,D:\marathi-asr\data\vistaar_benchmarks\kathbath\marathi\wavs\844424933394840-566-m.wav,करकोचा हा पाणथळ जागेत रहाणाऱ्या पक्ष्यांचा गट असून ते दिसावयास बगळ्यासारखे असतात,कर्गोचा हा पानथळ जागेत राहणाऱ्या पक्ष्यांचा गट असून ते दिसाव यास बगळसारखे असतात,करकोचा हा पाणथळ जागेत रहाणाऱ्या पक्ष्यांचा गट असून ते दिसावयास बगळ्यासारखे असतात,कर्गोचा हा पानथळ जागेत राहणाऱ्या पक्ष्यांचा गट असून ते दिसाव यास बगळसारखे असतात,13.58,50.0,0,5.09
sample_01228,D:\marathi-asr\data\vistaar_benchmarks\kathbath\marathi\wavs\844424933373399-962-m.wav,पाडव्याच्या दिवशी पत्नी पतीला अंगाला उटणे आणि तेल लावते,पाडव्याच्या दिवशी पत्नी पतीला अंगाला उठणे आणि तेल लावते,पाडव्याच्या दिवशी पत्नी पतीला अंगाला उटणे आणि तेल लावते,पाडव्याच्या दिवशी पत्नी पतीला अंगाला उठणे आणि तेल लावते,1.82,11.11,0,4.92
sample_01229,D:\marathi-asr\data\vistaar_benchmarks\kathbath\marathi\wavs\844424933394822-566-m.wav,बोरीस्पिल आंतरराष्ट्रीय विमानतळ हा युक्रेनमधील सर्वात मोठा विमानतळ क्यीवच्या जवळच आहे,बोरिस्पिील आंतरराष्ट्रीय विमानतळ हा युक्रेनमधील सर्वात मोठा विमानतळ किवीच्या जवळच आहे,बोरीस्पिल आंतरराष्ट्रीय विमानतळ हा युक्रेनमधील सर्वात मोठा विमानतळ क्यीवच्या जवळच आहे,बोरिस्पिील आंतरराष्ट्रीय विमानतळ हा युक्रेनमधील सर्वात मोठा विमानतळ किवीच्या जवळच आहे,5.88,18.18,0,5.67
sample_01230,D:\marathi-asr\data\vistaar_benchmarks\kathbath\marathi\wavs\844424933280496-817-m.wav,कालका हे देखील येथील एक प्रमुख शहर आहे,कालका हे देखील येथील एक प्रमुख शहर आहे,कालका हे देखील येथील एक प्रमुख शहर आहे,कालका हे देखील येथील एक प्रमुख शहर आहे,0.0,0.0,1,5.69
sample_01231,D:\marathi-asr\data\vistaar_benchmarks\kathbath\marathi\wavs\844424933381654-676-m.wav,१९३२ मध्ये महात्मा गांधी व बाबासाहेब आंबेडकर यांच्यामध्ये पुणे करार झाला,एकोणीसशे बत्तीसमध्येध्ये महात्मा गांधी व बाबासाहेब आंबेडकर यांच्यामध्ये पुणे करार झाला,१९३२ मध्ये महात्मा गांधी व बाबासाहेब आंबेडकर यांच्यामध्ये पुणे करार झाला,एकोणीसशे बत्तीसमध्येध्ये महात्मा गांधी व बाबासाहेब आंबेडकर यांच्यामध्ये पुणे करार झाला,25.0,18.18,0,7.99
sample_01232,D:\marathi-asr\data\vistaar_benchmarks\kathbath\marathi\wavs\844424933394812-566-m.wav,या देवरांयामध्ये झाडावरचे फूलही निसर्गतःच खाली पडल्याशिवाय देवाला वाहिले जात नाही,या देवारायामध्ये झाडावरचे फुलेही निसर्गातच खाली पडल्याशिवाय देवाला वाहिले जात नाही,या देवरांयामध्ये झाडावरचे फूलही निसर्गतःच खाली पडल्याशिवाय देवाला वाहिले जात नाही,या देवारायामध्ये झाडावरचे फुलेही निसर्गातच खाली पडल्याशिवाय देवाला वाहिले जात नाही,7.41,27.27,0,5.67
sample_01233,D:\marathi-asr\data\vistaar_benchmarks\kathbath\marathi\wavs\844424933394032-426-m.wav,महाराष्ट्रात ही पूजा वैयक्तिक व सार्वजनिक रीत्याही करतात,महाराष्ट्रात ही पूजा वैयक्तिक व सार्वजनिकरित्याही करतात,महाराष्ट्रात ही पूजा वैयक्तिक व सार्वजनिक रीत्याही करतात,महाराष्ट्रात ही पूजा वैयक्तिक व सार्वजनिकरित्याही करतात,3.57,25.0,0,4.95
sample_01234,D:\marathi-asr\data\vistaar_benchmarks\kathbath\marathi\wavs\844424933280430-817-m.wav,कडापे हे भारतातील महाराष्ट्र राज्यातील मध्य कोकणातील रायगड जिल्ह्यातील माणगाव तालुक्यातील एक गाव आहे,कडापे हे भारतातील महाराष्ट्र राज्यातील मध्य कोकणातील रायगड जिल्ह्यातील माणगाव तालुक्यातील एक गाव आहे,कडापे हे भारतातील महाराष्ट्र राज्यातील मध्य कोकणातील रायगड जिल्ह्यातील माणगाव तालुक्यातील एक गाव आहे,कडापे हे भारतातील महाराष्ट्र राज्यातील मध्य कोकणातील रायगड जिल्ह्यातील माणगाव तालुक्यातील एक गाव आहे,0.0,0.0,1,12.7
sample_01235,D:\marathi-asr\data\vistaar_benchmarks\kathbath\marathi\wavs\844424933394886-566-m.wav,युरोपातील काही विद्यापीठांमधून त्यांनी केलेली चर्चा वादळी ठरली,युरोपातील काही विद्यापीठांमधून त्यांनी केलेली चर्चा वादळी ठरली,युरोपातील काही विद्यापीठांमधून त्यांनी केलेली चर्चा वादळी ठरली,युरोपातील काही विद्यापीठांमधून त्यांनी केलेली चर्चा वादळी ठरली,0.0,0.0,1,3.58
sample_01236,D:\marathi-asr\data\vistaar_benchmarks\kathbath\marathi\wavs\844424933394043-426-m.wav,यादव घराण्यातील दृढप्रहार राजाच्या काळात चांदवडला आर्थिक सुबत्ता मिळाली,यादव घराण्यातील दृढ प्रहार राजांच्या काळात चांदवडला आर्थिक सुबत्ता मिळाली,यादव घराण्यातील दृढप्रहार राजाच्या काळात चांदवडला आर्थिक सुबत्ता मिळाली,यादव घराण्यातील दृढ प्रहार राजांच्या काळात चांदवडला आर्थिक सुबत्ता मिळाली,2.82,33.33,0,7.27
sample_01237,D:\marathi-asr\data\vistaar_benchmarks\kathbath\marathi\wavs\844424933356009-1120-m.wav,स्वाभाविकच कोपर्निकसचे पालनपोषण सुसंस्कृत व धार्मिक वातावरणात झाले,स्वाभाविकच गोपर्णिकसचे पालनपोषण सहज सुसंस्कृत व धार्मिक वातावरणात झाले,स्वाभाविकच कोपर्निकसचे पालनपोषण सुसंस्कृत व धार्मिक वातावरणात झाले,स्वाभाविकच गोपर्णिकसचे पालनपोषण सहज सुसंस्कृत व धार्मिक वातावरणात झाले,9.09,25.0,0,5.74
sample_01238,D:\marathi-asr\data\vistaar_benchmarks\kathbath\marathi\wavs\844424933394871-566-m.wav,खोलघर हे भारताच्या महाराष्ट्र राज्यातील नंदुरबार जिल्ह्यातील नवापूर तालुक्यातील एक गाव आहे,खोलगेर हे भारताच्या महाराष्ट्र राज्यातील नंदुरबार जिल्ह्यातील नळपूर तालुक्यातील एक गाव आहे,खोलघर हे भारताच्या महाराष्ट्र राज्यातील नंदुरबार जिल्ह्यातील नवापूर तालुक्यातील एक गाव आहे,खोलगेर हे भारताच्या महाराष्ट्र राज्यातील नंदुरबार जिल्ह्यातील नळपूर तालुक्यातील एक गाव आहे,4.44,16.67,0,4.62
sample_01239,D:\marathi-asr\data\vistaar_benchmarks\kathbath\marathi\wavs\844424933394024-426-m.wav,उदयगिरीचा किल्ला भारताच्या तमिळनाडू राज्यातील कन्याकुमारी जिल्ह्यात असलेला एक किल्ला आहे,उदयगिरीचा किल्ला भारताच्या तामिळनाडू राज्यातील कन्याकुमारी जिल्ह्यात असलेला एक किल्ला आहे,उदयगिरीचा किल्ला भारताच्या तमिळनाडू राज्यातील कन्याकुमारी जिल्ह्यात असलेला एक किल्ला आहे,उदयगिरीचा किल्ला भारताच्या तामिळनाडू राज्यातील कन्याकुमारी जिल्ह्यात असलेला एक किल्ला आहे,1.14,9.09,0,7.57
sample_01240,D:\marathi-asr\data\vistaar_benchmarks\kathbath\marathi\wavs\844424933373427-962-m.wav,पुरुष साक्षरता ८९४८ आहे तर स्त्री साक्षरता ८३५७ आहे,पुरुष साक्षरता आठ हजार नऊशे अठ्ठेचाळीस आहे तर स्त्री साक्षरता आठ हजार तीनशे सत्तास आहे,पुरुष साक्षरता ८९४८ आहे तर स्त्री साक्षरता ८३५७ आहे,पुरुष साक्षरता आठ हजार नऊशे अठ्ठेचाळीस आहे तर स्त्री साक्षरता आठ हजार तीनशे सत्तास आहे,84.31,88.89,0,6.87
sample_01241,D:\marathi-asr\data\vistaar_benchmarks\kathbath\marathi\wavs\844424933280443-817-m.wav,हे कालामा अशा तत्वां चा सर्वथा त्याग करा,हे कालामा अशा तत्त्वांचा सर्वदा त्याग करा,हे कालामा अशा तत्वां चा सर्वथा त्याग करा,हे कालामा अशा तत्त्वांचा सर्वदा त्याग करा,10.0,37.5,0,3.74
sample_01242,D:\marathi-asr\data\vistaar_benchmarks\kathbath\marathi\wavs\844424933381619-676-m.wav,त्या प्रमाणात जातिवंत रोपांची शास्त्रीयादृष्ट्या निपज मोठ्या प्रमाणात होत नाही,त्या प्रमाणात जातिवंत रूपांची शास्त्रीयदृष्ट्या निपज मोठ्या प्रमाणात होत नाही,त्या प्रमाणात जातिवंत रोपांची शास्त्रीयादृष्ट्या निपज मोठ्या प्रमाणात होत नाही,त्या प्रमाणात जातिवंत रूपांची शास्त्रीयदृष्ट्या निपज मोठ्या प्रमाणात होत नाही,2.56,20.0,0,10.03
sample_01243,D:\marathi-asr\data\vistaar_benchmarks\kathbath\marathi\wavs\844424933355985-1120-m.wav,आधुनिक काळात विमानाचा शोध हे शिवकर बापूजी तळफदे यांनी साल १८९५ मध्ये लावला,आधुनिक काळात विमानाचा शोध हे शिवकर बापूजी तडफड यांनी साल अठराशे पंच्याण्णव मध्ये लावला,आधुनिक काळात विमानाचा शोध हे शिवकर बापूजी तळफदे यांनी साल १८९५ मध्ये लावला,आधुनिक काळात विमानाचा शोध हे शिवकर बापूजी तडफड यांनी साल अठराशे पंच्याण्णव मध्ये लावला,27.03,23.08,0,7.11
sample_01244,D:\marathi-asr\data\vistaar_benchmarks\kathbath\marathi\wavs\844424933381630-676-m.wav,यावरून राज सोनियाला पूर्वी पासून ओळखत असावा असा संकेत इतरांना मिळतो,यावरून राजसोनियाला पूर्वीपासून ओळखत असावा असा संकेत इतरांना मिळतो,यावरून राज सोनियाला पूर्वी पासून ओळखत असावा असा संकेत इतरांना मिळतो,यावरून राजसोनियाला पूर्वीपासून ओळखत असावा असा संकेत इतरांना मिळतो,2.99,36.36,0,7.71
sample_01245,D:\marathi-asr\data\vistaar_benchmarks\kathbath\marathi\wavs\844424933394810-566-m.wav,या ब्रिगेडची रचना दुसऱ्या महायुद्धादरम्यान ऑक्टोबर १९४१ मध्ये झाली,या ब्रिगेडची रचना दुसऱ्या महायुद्धादरम्यान ऑक्टोबर एकोणीसशे एक्केचाळीस मध्ये झाली,या ब्रिगेडची रचना दुसऱ्या महायुद्धादरम्यान ऑक्टोबर १९४१ मध्ये झाली,या ब्रिगेडची रचना दुसऱ्या महायुद्धादरम्यान ऑक्टोबर एकोणीसशे एक्केचाळीस मध्ये झाली,31.34,33.33,0,4.74
sample_01246,D:\marathi-asr\data\vistaar_benchmarks\kathbath\marathi\wavs\844424933373472-962-m.wav,देशातील सर्वाधिक लोकसंख्या असलेल्या या जिल्ह्यात एक लाखांपेक्षा अधिक व्यक्ती राहतात,देशातील सर्वाधिक लोकसंख्या असलेल्या या जिल्ह्यात एक लाखांपेक्षा अधिक व्यक्ती राहतात,देशातील सर्वाधिक लोकसंख्या असलेल्या या जिल्ह्यात एक लाखांपेक्षा अधिक व्यक्ती राहतात,देशातील सर्वाधिक लोकसंख्या असलेल्या या जिल्ह्यात एक लाखांपेक्षा अधिक व्यक्ती राहतात,0.0,0.0,1,5.69
sample_01247,D:\marathi-asr\data\vistaar_benchmarks\kathbath\marathi\wavs\844424933394017-426-m.wav,मात्र यावेळेस घाबरून ती स्वतः न जाता आपल्या एका दासीला व्यासांकडे पाठविते,मात्र यावेळेस घाबरून ती स्वता न जाता आपल्या एका दासीला व्यासाकडे पाठवतेे,मात्र यावेळेस घाबरून ती स्वतः न जाता आपल्या एका दासीला व्यासांकडे पाठविते,मात्र यावेळेस घाबरून ती स्वता न जाता आपल्या एका दासीला व्यासाकडे पाठवतेे,5.48,25.0,0,8.1
sample_01248,D:\marathi-asr\data\vistaar_benchmarks\kathbath\marathi\wavs\844424933356001-1120-m.wav,गोविंदा यांचा देशात खूप मोठा चाहता वर्ग आहे,गोविंदा यांच्या देशात खूप मोठा चहाचा वर्ग आहे,गोविंदा यांचा देशात खूप मोठा चाहता वर्ग आहे,गोविंदा यांच्या देशात खूप मोठा चहाचा वर्ग आहे,11.63,25.0,0,3.18
sample_01249,D:\marathi-asr\data\vistaar_benchmarks\kathbath\marathi\wavs\844424933394815-566-m.wav,त्याच्या आठ पाकळ्यात आठ दिवे लावावेत आणि हा दिवा देवाला अर्पण करावा असे सांगितले आहे,त्या त्याच्या आठ पाकड्यात आठ दिवे लावावेत आणि हा दिवा देवाला उपन्न करावा असं सांगत आहे,त्याच्या आठ पाकळ्यात आठ दिवे लावावेत आणि हा दिवा देवाला अर्पण करावा असे सांगितले आहे,त्या त्याच्या आठ पाकड्यात आठ दिवे लावावेत आणि हा दिवा देवाला उपन्न करावा असं सांगत आहे,17.86,33.33,0,4.95
sample_01250,D:\marathi-asr\data\vistaar_benchmarks\kathbath\marathi\wavs\844424933373382-962-m.wav,त्यात प्रशिक्षक पदुम बोरो यांनी तिची निवड केली,त्यात प्रशिक्षक पदुम बोरो यांनी तिची निवड केली,त्यात प्रशिक्षक पदुम बोरो यांनी तिची निवड केली,त्यात प्रशिक्षक पदुम बोरो यांनी तिची निवड केली,0.0,0.0,1,4.41
sample_01251,D:\marathi-asr\data\vistaar_benchmarks\kathbath\marathi\wavs\844424933356004-1120-m.wav,आधुनिक महाराष्ट्राचे शिल्पकार महाराष्ट्रातील हरितक्रांतीचे जनक वसंतराव नाईक यांच्या पासून पुसदमध्ये या कुटुंबाचा प्रभाव आहे,आधुनिक महाराष्ट्राचे शिल्पकार महाराष्ट्राच्या हरितक्रांत्यांचे जनक वसंतराव नाईक यांच्यापासून पुसदमध्ये या कुटुंबांचा पराभव आहे,आधुनिक महाराष्ट्राचे शिल्पकार महाराष्ट्रातील हरितक्रांतीचे जनक वसंतराव नाईक यांच्या पासून पुसदमध्ये या कुटुंबाचा प्रभाव आहे,आधुनिक महाराष्ट्राचे शिल्पकार महाराष्ट्राच्या हरितक्रांत्यांचे जनक वसंतराव नाईक यांच्यापासून पुसदमध्ये या कुटुंबांचा पराभव आहे,10.57,40.0,0,9.15
sample_01252,D:\marathi-asr\data\vistaar_benchmarks\kathbath\marathi\wavs\844424933394878-566-m.wav,सांस्कृतिक क्षेत्रात मात्र मेहकरात मोठी पोकळी निर्माण झाली होती,सांस्कृतिक क्षेत्रात मात्र मेहघरात मोठी पोकळी निर्माण झाली होती,सांस्कृतिक क्षेत्रात मात्र मेहकरात मोठी पोकळी निर्माण झाली होती,सांस्कृतिक क्षेत्रात मात्र मेहघरात मोठी पोकळी निर्माण झाली होती,1.59,11.11,0,4.16
sample_01253,D:\marathi-asr\data\vistaar_benchmarks\kathbath\marathi\wavs\844424933356007-1120-m.wav,काळिंजे हे भारतातील महाराष्ट्र राज्यातील मध्य कोकणातील रायगड जिल्ह्यातील श्रीवर्धन तालुक्यातील एक गाव आहे,काळिंजे हे भारतातील महाराष्ट्र राज्यातील मध्य कोकणातील रायगड जिल्ह्यातील श्रीवर्धन तालुक्यातील एक गाव आहे,काळिंजे हे भारतातील महाराष्ट्र राज्यातील मध्य कोकणातील रायगड जिल्ह्यातील श्रीवर्धन तालुक्यातील एक गाव आहे,काळिंजे हे भारतातील महाराष्ट्र राज्यातील मध्य कोकणातील रायगड जिल्ह्यातील श्रीवर्धन तालुक्यातील एक गाव आहे,0.0,0.0,1,7.11
sample_01254,D:\marathi-asr\data\vistaar_benchmarks\kathbath\marathi\wavs\844424933355969-1120-m.wav,अकादमीच्या प्रशिक्षण संचालक पदी रॉड मार्श यांची निवड केली गेली आहे,अकादमीच्या प्रशिक्षण संचालक प दि रॉडमार्स यांची निवड केली गेली आहे,अकादमीच्या प्रशिक्षण संचालक पदी रॉड मार्श यांची निवड केली गेली आहे,अकादमीच्या प्रशिक्षण संचालक प दि रॉडमार्स यांची निवड केली गेली आहे,6.06,27.27,0,5.8
sample_01255,D:\marathi-asr\data\vistaar_benchmarks\kathbath\marathi\wavs\844424933373388-962-m.wav,नारायणपूर हा भारताच्या छत्तीसगढ राज्यामधील एक जिल्हा आहे,नारायणपूर हा भारताच्या छत्तीसगड राज्यामधील एक जिल्हा आहे,नारायणपूर हा भारताच्या छत्तीसगढ राज्यामधील एक जिल्हा आहे,नारायणपूर हा भारताच्या छत्तीसगड राज्यामधील एक जिल्हा आहे,1.79,12.5,0,5.06
sample_01256,D:\marathi-asr\data\vistaar_benchmarks\kathbath\marathi\wavs\844424933373452-962-m.wav,तर्कापेक्षा तत्त्वाला आणि धनापेक्षा धर्माला प्रतिष्ठा असेल असा समाज स्वाध्यायींना बनवायचा आहे,जर्कापेक्षा तत्त्वाला आणि धनापेक्षा धर्माला प्रतिष्ठा असेल असा समाज स्वाध्यायींना बनवायचा आहे,तर्कापेक्षा तत्त्वाला आणि धनापेक्षा धर्माला प्रतिष्ठा असेल असा समाज स्वाध्यायींना बनवायचा आहे,जर्कापेक्षा तत्त्वाला आणि धनापेक्षा धर्माला प्रतिष्ठा असेल असा समाज स्वाध्यायींना बनवायचा आहे,1.08,8.33,0,6.22
sample_01257,D:\marathi-asr\data\vistaar_benchmarks\kathbath\marathi\wavs\844424933394860-566-m.wav,शीतयुद्ध समाप्त करण्यात व कोलची अत्यंत महत्त्वपूर्ण भुमिका होती,शीतयुद्ध समाप्त करण्यात व कोोलची अत्यंत महत्त्वपूर्ण भूमिका होती,शीतयुद्ध समाप्त करण्यात व कोलची अत्यंत महत्त्वपूर्ण भुमिका होती,शीतयुद्ध समाप्त करण्यात व कोोलची अत्यंत महत्त्वपूर्ण भूमिका होती,3.17,22.22,0,4.27
sample_01258,D:\marathi-asr\data\vistaar_benchmarks\kathbath\marathi\wavs\844424933381634-676-m.wav,त्यांतील एकाहून अधिक नावे असलेल्या रस्त्यांची ही जंत्री,त्यांतील एकाहून अधिक नावे असलेल्या रस्त्यांची ही जंत्री,त्यांतील एकाहून अधिक नावे असलेल्या रस्त्यांची ही जंत्री,त्यांतील एकाहून अधिक नावे असलेल्या रस्त्यांची ही जंत्री,0.0,0.0,1,5.76
sample_01259,D:\marathi-asr\data\vistaar_benchmarks\kathbath\marathi\wavs\844424933355994-1120-m.wav,यादव आणि डॉ राजेश वत्स आदी आघाडीच्या शास्त्रज्ञ विद्यार्थ्यांना मार्गदर्शन करण्यासाठी कॉलेजांना भेटी देतात,यादव आणि डॉ राजेश्वस आदी आघाडीच्या शास्त्रज्ञ विद्यार्थ्यांना मार्गदर्शन करण्यासाठी कॉलेजांना भेट देतात,यादव आणि डॉ राजेश वत्स आदी आघाडीच्या शास्त्रज्ञ विद्यार्थ्यांना मार्गदर्शन करण्यासाठी कॉलेजांना भेटी देतात,यादव आणि डॉ राजेश्वस आदी आघाडीच्या शास्त्रज्ञ विद्यार्थ्यांना मार्गदर्शन करण्यासाठी कॉलेजांना भेट देतात,3.77,21.43,0,7.59
sample_01260,D:\marathi-asr\data\vistaar_benchmarks\kathbath\marathi\wavs\844424933394824-566-m.wav,त्याचे क्रीडांगण सुमारे ९० फूट लांब बाय ११ फूट रुंद या आकारमानाचे असते,त्यांचे क्रीडागण सुमारे नव्वद फूट लांबा आणि अकरा फूट रुंद या आकारमानाचे असते,त्याचे क्रीडांगण सुमारे ९० फूट लांब बाय ११ फूट रुंद या आकारमानाचे असते,त्यांचे क्रीडागण सुमारे नव्वद फूट लांबा आणि अकरा फूट रुंद या आकारमानाचे असते,21.43,46.15,0,4.95
sample_01261,D:\marathi-asr\data\vistaar_benchmarks\kathbath\marathi\wavs\844424933379949-487-m.wav,सिम्पसन्स ह्या कार्टून मालिकेमध्ये तिने दिलेल्या आवाजासाठी त्यांना एमी पुरस्कार मिळाला होता,सिम्पसन्स या कार्टून मालिकेमध्ये तिने दिलेल्या आवाजासाठी त्यांना एमई पुरस्कार मिळाला होता,सिम्पसन्स ह्या कार्टून मालिकेमध्ये तिने दिलेल्या आवाजासाठी त्यांना एमी पुरस्कार मिळाला होता,सिम्पसन्स या कार्टून मालिकेमध्ये तिने दिलेल्या आवाजासाठी त्यांना एमई पुरस्कार मिळाला होता,3.3,16.67,0,7.01
sample_01262,D:\marathi-asr\data\vistaar_benchmarks\kathbath\marathi\wavs\844424933373400-962-m.wav,वान हे तुर्कस्तानमधील सर्वात मोठे सरोवर ह्या प्रांताच्या पश्चिमेस स्थित आहे,वान हे तुर्कस्तानमधील सर्वात मोठे सरोवर हा प्रांताच्या पश्चिमे स्थित आहे,वान हे तुर्कस्तानमधील सर्वात मोठे सरोवर ह्या प्रांताच्या पश्चिमेस स्थित आहे,वान हे तुर्कस्तानमधील सर्वात मोठे सरोवर हा प्रांताच्या पश्चिमे स्थित आहे,4.0,18.18,0,6.76
sample_01263,D:\marathi-asr\data\vistaar_benchmarks\kathbath\marathi\wavs\844424933355997-1120-m.wav,कोलंबिया जिल्हा मागे घेतल्यामुळे शहराचे एकूण क्षेत्रफळ ६८३४ चौरस मैल १७७० चौ,कोलंबिया जिल्ह्यामागे घेतल्यामुळे शहराचे एकूण क्षेत्रफळ सहा हजार आठशे चौतीस चौरस मेल सतराशे सत्तर चौ,कोलंबिया जिल्हा मागे घेतल्यामुळे शहराचे एकूण क्षेत्रफळ ६८३४ चौरस मैल १७७० चौ,कोलंबिया जिल्ह्यामागे घेतल्यामुळे शहराचे एकूण क्षेत्रफळ सहा हजार आठशे चौतीस चौरस मेल सतराशे सत्तर चौ,46.05,75.0,0,8.8
sample_01264,D:\marathi-asr\data\vistaar_benchmarks\kathbath\marathi\wavs\844424933394035-426-m.wav,मालदिवमध्ये एक बेट आणि त्यावर एक रिसॉर्ट आहे,मालदीव मध्ये एक बेट आणि त्यावर एक रिसॉर््ट आहे,मालदिवमध्ये एक बेट आणि त्यावर एक रिसॉर्ट आहे,मालदीव मध्ये एक बेट आणि त्यावर एक रिसॉर््ट आहे,6.82,37.5,0,4.57
sample_01265,D:\marathi-asr\data\vistaar_benchmarks\kathbath\marathi\wavs\844424933394817-566-m.wav,चे गेव्हारा याचा जन्म १४ जून १९२८ रोजी दक्षिण अमेरिकेतील अर्जेन्टिनामध्ये देशात झाला,शक यवराजांचा जन्म चौदा जून एकोणीसशे अठ्ठावीस रोजी दक्षिण अमेरिकेतील अर्जेंटिनामध्ये देशात झाला,चे गेव्हारा याचा जन्म १४ जून १९२८ रोजी दक्षिण अमेरिकेतील अर्जेन्टिनामध्ये देशात झाला,शक यवराजांचा जन्म चौदा जून एकोणीसशे अठ्ठावीस रोजी दक्षिण अमेरिकेतील अर्जेंटिनामध्ये देशात झाला,39.29,53.85,0,6.04
sample_01266,D:\marathi-asr\data\vistaar_benchmarks\kathbath\marathi\wavs\844424933379992-487-m.wav,शक्तिशाली मयासुराने सोने चांदी आणि लोखंड यांची तीन नगरे निर्माण केली,शक्तिशाली मैसुराने सोनेचांदी आणि लोखंड याची तीन नगरी निर्माण केली,शक्तिशाली मयासुराने सोने चांदी आणि लोखंड यांची तीन नगरे निर्माण केली,शक्तिशाली मैसुराने सोनेचांदी आणि लोखंड याची तीन नगरी निर्माण केली,7.35,45.45,0,6.2
sample_01267,D:\marathi-asr\data\vistaar_benchmarks\kathbath\marathi\wavs\844424933379916-487-m.wav,रिगोबेर्ट सॉंग बहानाग १ जुलै इ स १९७६ हा कडून आंतरराष्ट्रीय फुटबॉल खेळलेला खेळाडू आहे,रिगोबेट सॉग बहानान एक जुलै इसवी सन एकोणीसशे शह्तर हाकडून आंतरराष्ट्रीय फुटबॉल खेळलेला खेळाडू आहे,रिगोबेर्ट सॉंग बहानाग १ जुलै इ स १९७६ हा कडून आंतरराष्ट्रीय फुटबॉल खेळलेला खेळाडू आहे,रिगोबेट सॉग बहानान एक जुलै इसवी सन एकोणीसशे शह्तर हाकडून आंतरराष्ट्रीय फुटबॉल खेळलेला खेळाडू आहे,28.24,60.0,0,6.85
sample_01268,D:\marathi-asr\data\vistaar_benchmarks\kathbath\marathi\wavs\844424933394876-566-m.wav,मरणोपरान्त जीवनगौरव पुरस्कार हमीद दलवाई यांना अमेरिकेतील महाराष्ट्र फाऊंडेशनने २०१७ सालच्या जानेवारीमध्ये जीवनगौरव पुरस्कार दिला,मरणोपराण जीवनगौरव पुरस्कार हमीद दलवाई यांना अमेरिकेतील महाराष्ट्र फाउंडेशनने दोन हजार सतरा सालच्या जानेवारीमध्ये जीवनगौरव पुरस्कार दिला,मरणोपरान्त जीवनगौरव पुरस्कार हमीद दलवाई यांना अमेरिकेतील महाराष्ट्र फाऊंडेशनने २०१७ सालच्या जानेवारीमध्ये जीवनगौरव पुरस्कार दिला,मरणोपराण जीवनगौरव पुरस्कार हमीद दलवाई यांना अमेरिकेतील महाराष्ट्र फाउंडेशनने दोन हजार सतरा सालच्या जानेवारीमध्ये जीवनगौरव पुरस्कार दिला,13.28,33.33,0,9.36
sample_01269,D:\marathi-asr\data\vistaar_benchmarks\kathbath\marathi\wavs\844424933381588-676-m.wav,३१०० वर्षे जुने असलेले शिआन शहर प्राचीन चीनच्या चार राजधान्यांपैकी एक गणले जाते,एकतीसशे वर्षे जुने असलेले शियान शहर प्राचीन चीनच्या चार राजधान्यांपैकी एक गणले जाते,३१०० वर्षे जुने असलेले शिआन शहर प्राचीन चीनच्या चार राजधान्यांपैकी एक गणले जाते,एकतीसशे वर्षे जुने असलेले शियान शहर प्राचीन चीनच्या चार राजधान्यांपैकी एक गणले जाते,11.39,15.38,0,8.08
sample_01270,D:\marathi-asr\data\vistaar_benchmarks\kathbath\marathi\wavs\844424933373404-962-m.wav,तसेच मक्रध्वजाचे मंदिर हे केवळ एकमेव मंदिर महाराष्ट्रामध्ये चिंचवण येथे आहे,तसेच मकरध्वजाचे मंदिर हे केवळ एकमेव मंदिर महाराष्ट्रामध्येंदचीच वन्यते आहे,तसेच मक्रध्वजाचे मंदिर हे केवळ एकमेव मंदिर महाराष्ट्रामध्ये चिंचवण येथे आहे,तसेच मकरध्वजाचे मंदिर हे केवळ एकमेव मंदिर महाराष्ट्रामध्येंदचीच वन्यते आहे,13.33,36.36,0,6.32
sample_01271,D:\marathi-asr\data\vistaar_benchmarks\kathbath\marathi\wavs\844424933356030-1120-m.wav,त्यांचा जन्म मराठवाड्यातील नेकनूर जि बीड या गावी झाला,त्यांचा जन्म मराठवाड्यातील नेकनूर जी बीड या गावी झाला,त्यांचा जन्म मराठवाड्यातील नेकनूर जि बीड या गावी झाला,त्यांचा जन्म मराठवाड्यातील नेकनूर जी बीड या गावी झाला,1.89,11.11,0,4.48
sample_01272,D:\marathi-asr\data\vistaar_benchmarks\kathbath\marathi\wavs\844424933379969-487-m.wav,जर याचे प्रमाण जास्त झाले तर नलिकेत अजून जास्ती कफ होतो व सर्दी होते,जर याचे प्रमाण जास्त झाले तर नलिकेत अजून जास्त कप होतो व सर्दी होते,जर याचे प्रमाण जास्त झाले तर नलिकेत अजून जास्ती कफ होतो व सर्दी होते,जर याचे प्रमाण जास्त झाले तर नलिकेत अजून जास्त कप होतो व सर्दी होते,2.94,14.29,0,5.62
sample_01273,D:\marathi-asr\data\vistaar_benchmarks\kathbath\marathi\wavs\844424933394046-426-m.wav,तिला ५० हून अधिक मानद पदवी आणि पुरस्कार मिळाले,तिला पन्नासहून अधिक मानद पदवी आणि पुरस्कार मिळाले,तिला ५० हून अधिक मानद पदवी आणि पुरस्कार मिळाले,तिला पन्नासहून अधिक मानद पदवी आणि पुरस्कार मिळाले,13.04,22.22,0,5.43
sample_01274,D:\marathi-asr\data\vistaar_benchmarks\kathbath\marathi\wavs\844424933373397-962-m.wav,त्याची वार्षिक वर्गणी १२ रुपये होती व ते शीला छापखाण्यात छापले जात असे,त्याची वार्षिक वर्गने बारा रुपये होती व ते शिला छापखान्यात छापले जात असे,त्याची वार्षिक वर्गणी १२ रुपये होती व ते शीला छापखाण्यात छापले जात असे,त्याची वार्षिक वर्गने बारा रुपये होती व ते शिला छापखान्यात छापले जात असे,11.43,30.77,0,6.2
sample_01275,D:\marathi-asr\data\vistaar_benchmarks\kathbath\marathi\wavs\844424933379912-487-m.wav,परंतु काही वर्षांपासुन या पक्ष्यांची संख्याच न उरल्याने स्थलांतर होत नाहि,परंतु काही वर्षांपासून या पक्ष्यांची संख्याच न उरलेल्याने स्थलांतर होत नाही,परंतु काही वर्षांपासुन या पक्ष्यांची संख्याच न उरल्याने स्थलांतर होत नाहि,परंतु काही वर्षांपासून या पक्ष्यांची संख्याच न उरलेल्याने स्थलांतर होत नाही,5.48,27.27,0,5.6
sample_01276,D:\marathi-asr\data\vistaar_benchmarks\kathbath\marathi\wavs\844424933373463-962-m.wav,बलिदानाचा घोडा पांढरा आणि काळे चट्टे असणारा आवश्यक आहे,बलिदानाचा घोडा पांढरा आणि काढ चट्टे असणार आवश्यक आहे,बलिदानाचा घोडा पांढरा आणि काळे चट्टे असणारा आवश्यक आहे,बलिदानाचा घोडा पांढरा आणि काढ चट्टे असणार आवश्यक आहे,5.56,22.22,0,3.95
sample_01277,D:\marathi-asr\data\vistaar_benchmarks\kathbath\marathi\wavs\844424933394882-566-m.wav,कारण संस्कृतमध्ये कल्कि शब्दाचा अर्थ घोडा असा होतो,कारण संस्कृतमध्ये कलकी शब्दाचा अर्थ गोळा असा होतो,कारण संस्कृतमध्ये कल्कि शब्दाचा अर्थ घोडा असा होतो,कारण संस्कृतमध्ये कलकी शब्दाचा अर्थ गोळा असा होतो,8.0,25.0,0,3.32
sample_01278,D:\marathi-asr\data\vistaar_benchmarks\kathbath\marathi\wavs\844424933356003-1120-m.wav,या जोडीनी पिंपळाचे झाडगेंड्यासारखा दिसणारा पशु कुबड असलेला बैल यांच्याही मृत्तिका प्रतिमा सापडल्या आहेत,या जोडीने पिंपळाचे झाडगेंड्यासारखा दिसणारा असू पशू कुबड असलेल्या बेल यांच्याही मृतिका पत्रिका सापडल्या आहेत,या जोडीनी पिंपळाचे झाडगेंड्यासारखा दिसणारा पशु कुबड असलेला बैल यांच्याही मृत्तिका प्रतिमा सापडल्या आहेत,या जोडीने पिंपळाचे झाडगेंड्यासारखा दिसणारा असू पशू कुबड असलेल्या बेल यांच्याही मृतिका पत्रिका सापडल्या आहेत,13.59,50.0,0,8.61
sample_01279,D:\marathi-asr\data\vistaar_benchmarks\kathbath\marathi\wavs\844424933394849-566-m.wav,राष्ट्रीय महामार्ग १ सी हा भारतातील एक छोटा राष्ट्रीय महामार्ग आहे,राष्ट्रीय महामार्गावर रेक्सी हा भारतातील एक छोटा राष्ट्रीय महामार्ग आहे,राष्ट्रीय महामार्ग १ सी हा भारतातील एक छोटा राष्ट्रीय महामार्ग आहे,राष्ट्रीय महामार्गावर रेक्सी हा भारतातील एक छोटा राष्ट्रीय महामार्ग आहे,10.61,27.27,0,4.41
sample_01280,D:\marathi-asr\data\vistaar_benchmarks\kathbath\marathi\wavs\844424933394863-566-m.wav,त्यामुळे वेबसाईट असो किंवा डॉक्युमेंटेशन त्यासाठी आमच्या या अनुभवाचा सर्वांना फायदाच होणार आहे,त्यामुळे वेबसाईट असो किंवा डॉक्युमेंटेशन त्यासाठी आमचा या अनुभवाचा सर्वांना फायदाच होणार आहे,त्यामुळे वेबसाईट असो किंवा डॉक्युमेंटेशन त्यासाठी आमच्या या अनुभवाचा सर्वांना फायदाच होणार आहे,त्यामुळे वेबसाईट असो किंवा डॉक्युमेंटेशन त्यासाठी आमचा या अनुभवाचा सर्वांना फायदाच होणार आहे,2.13,7.69,0,5.13
sample_01281,D:\marathi-asr\data\vistaar_benchmarks\kathbath\marathi\wavs\844424933394826-566-m.wav,अपस्माराला दडपण्यासाठी भगवान शंकराने नटराज हा अवतार धारण केला,आपस माराग दर पाडण्यासाठी भगवान शंकररानी नटरास हा अवतार धारण केला,अपस्माराला दडपण्यासाठी भगवान शंकराने नटराज हा अवतार धारण केला,आपस माराग दर पाडण्यासाठी भगवान शंकररानी नटरास हा अवतार धारण केला,18.03,66.67,0,4.32
sample_01282,D:\marathi-asr\data\vistaar_benchmarks\kathbath\marathi\wavs\844424933280456-817-m.wav,डिजिटल माध्यमांमध्ये आज मनसेच्या राजकारणाचा तरुण भाष्यकार अशी त्याची ओळख निर्माण झाली आहे,डिजिटल माध्यमांमध्ये आज मनसेच्या राजकारणाचा तरुण भाष्यकार अशी त्यांची ओळख निर्माण झाली आहे,डिजिटल माध्यमांमध्ये आज मनसेच्या राजकारणाचा तरुण भाष्यकार अशी त्याची ओळख निर्माण झाली आहे,डिजिटल माध्यमांमध्ये आज मनसेच्या राजकारणाचा तरुण भाष्यकार अशी त्यांची ओळख निर्माण झाली आहे,1.12,7.69,0,7.45
sample_01283,D:\marathi-asr\data\vistaar_benchmarks\kathbath\marathi\wavs\844424933355963-1120-m.wav,मेन हे अमेरिकेच्या ईशान्येकडील न्यू इंग्लंड प्रदेशामधील एक राज्य आहे,मेन हे अमेरिकेच्या ईशान्येकडील न्यू इंग्लंड प्रदेशामधील एक राज्य आहे,मेन हे अमेरिकेच्या ईशान्येकडील न्यू इंग्लंड प्रदेशामधील एक राज्य आहे,मेन हे अमेरिकेच्या ईशान्येकडील न्यू इंग्लंड प्रदेशामधील एक राज्य आहे,0.0,0.0,1,5.83
sample_01284,D:\marathi-asr\data\vistaar_benchmarks\kathbath\marathi\wavs\844424933381593-676-m.wav,रंगकाम पद्धतीच्या सुरुवातीच्या काळात धार्मिक अनुयायांचा मोठा प्रभाव होता उदा,रंगकाम पद्धतीच्या सुरुवातीच्या काळात धार्मिक अनुयायांचा मोठा प्रभाव होता उदा,रंगकाम पद्धतीच्या सुरुवातीच्या काळात धार्मिक अनुयायांचा मोठा प्रभाव होता उदा,रंगकाम पद्धतीच्या सुरुवातीच्या काळात धार्मिक अनुयायांचा मोठा प्रभाव होता उदा,0.0,0.0,1,7.78
sample_01285,D:\marathi-asr\data\vistaar_benchmarks\kathbath\marathi\wavs\844424933355965-1120-m.wav,दुसऱ्या कार्यकाळाच्या मुदतीतच ६ डिसेंबर १९५६ रोजी त्यांचे निधन झाले,दुसऱ्या कार्यकाळाच्या मुदतीस सहा डिसेंबर एकोणीसशे छप्पन रोजी त्यांचे निधन झाले,दुसऱ्या कार्यकाळाच्या मुदतीतच ६ डिसेंबर १९५६ रोजी त्यांचे निधन झाले,दुसऱ्या कार्यकाळाच्या मुदतीस सहा डिसेंबर एकोणीसशे छप्पन रोजी त्यांचे निधन झाले,30.88,50.0,0,5.46
sample_01286,D:\marathi-asr\data\vistaar_benchmarks\kathbath\marathi\wavs\844424933394005-426-m.wav,ललितकलादर्शने या नाटकाला यश मिळवून दिले आणि ते चार वर्षे रंगभूमीवर गाजत राहिले,ललित कला दर्शने या नाटकाला यश मिळवून दिले आणि ते चार वर्ष रंगभूमीवर गाजत राहिले,ललितकलादर्शने या नाटकाला यश मिळवून दिले आणि ते चार वर्षे रंगभूमीवर गाजत राहिले,ललित कला दर्शने या नाटकाला यश मिळवून दिले आणि ते चार वर्ष रंगभूमीवर गाजत राहिले,3.85,30.77,0,8.82
sample_01287,D:\marathi-asr\data\vistaar_benchmarks\kathbath\marathi\wavs\844424933280488-817-m.wav,नायजेरिया हॉकी संघ आंतरराष्ट्रीय हॉकी स्पर्धांमध्ये नायजेरियाचे प्रतिनिधित्व करणारा संघ आहे,नायजेरिया हॉकी संघ आंतरराष्ट्रीय हॉकी स्पर्धेमध्ये नायजेरियाचे प्रतिनिधित्व करणारा संघ आहे,नायजेरिया हॉकी संघ आंतरराष्ट्रीय हॉकी स्पर्धांमध्ये नायजेरियाचे प्रतिनिधित्व करणारा संघ आहे,नायजेरिया हॉकी संघ आंतरराष्ट्रीय हॉकी स्पर्धेमध्ये नायजेरियाचे प्रतिनिधित्व करणारा संघ आहे,2.2,9.09,0,10.05
sample_01288,D:\marathi-asr\data\vistaar_benchmarks\kathbath\marathi\wavs\844424933379966-487-m.wav,त्यांच्या बहुतेक भूमिका सामाजिक आशय असलेल्या कथेवर आधारलेल्या चित्रपटनाटकांतच आहेत,त्यांच्या बहुतेक भूमिका सामाजिक आशय असलेल्या कथेवर आधारलेल्या चित्रपट नाटकातच आहे,त्यांच्या बहुतेक भूमिका सामाजिक आशय असलेल्या कथेवर आधारलेल्या चित्रपटनाटकांतच आहेत,त्यांच्या बहुतेक भूमिका सामाजिक आशय असलेल्या कथेवर आधारलेल्या चित्रपट नाटकातच आहे,3.66,30.0,0,8.75
sample_01289,D:\marathi-asr\data\vistaar_benchmarks\kathbath\marathi\wavs\844424933379934-487-m.wav,हा समूह सिंधच्या काही भागात कमीतीव्रतेच्या बॉम्बस्फोटांना जबाबदार आहे,हा समूह सिंधच्या काही भागात कमी तीव्रतेच्या बॉम्बस्फोटांना जबाबदार आहे,हा समूह सिंधच्या काही भागात कमीतीव्रतेच्या बॉम्बस्फोटांना जबाबदार आहे,हा समूह सिंधच्या काही भागात कमी तीव्रतेच्या बॉम्बस्फोटांना जबाबदार आहे,1.45,22.22,0,5.71
sample_01290,D:\marathi-asr\data\vistaar_benchmarks\kathbath\marathi\wavs\844424933381590-676-m.wav,मुलांना रोज निराळा सकस पौष्टिक आहार दिला जातो,मुलांना रोज निराळा सकस पौष्टिक आहार दिला जातो,मुलांना रोज निराळा सकस पौष्टिक आहार दिला जातो,मुलांना रोज निराळा सकस पौष्टिक आहार दिला जातो,0.0,0.0,1,5.15
sample_01291,D:\marathi-asr\data\vistaar_benchmarks\kathbath\marathi\wavs\844424933381643-676-m.wav,सरस्वती वाचनालय हे येथील शंभर वर्षे पूर्ण झालेली प्रसिद्ध संस्था आहे,सरस्वती वाचनालय हे येथील शंभर वर्षे पूर्ण झालेली प्रसिद्ध संस्था आहे,सरस्वती वाचनालय हे येथील शंभर वर्षे पूर्ण झालेली प्रसिद्ध संस्था आहे,सरस्वती वाचनालय हे येथील शंभर वर्षे पूर्ण झालेली प्रसिद्ध संस्था आहे,0.0,0.0,1,6.5
sample_01292,D:\marathi-asr\data\vistaar_benchmarks\kathbath\marathi\wavs\844424933280470-817-m.wav,महाविद्यालय अंतर्गत संशोधन क्षेत्रात भरीव काम चालू आहे,महाविद्यालय अंतर्गत संशोधन क्षेत्रात भरीव काम चालू आहे,महाविद्यालय अंतर्गत संशोधन क्षेत्रात भरीव काम चालू आहे,महाविद्यालय अंतर्गत संशोधन क्षेत्रात भरीव काम चालू आहे,0.0,0.0,1,6.36
sample_01293,D:\marathi-asr\data\vistaar_benchmarks\kathbath\marathi\wavs\844424933379984-487-m.wav,सोमपूर हे भारताच्या महाराष्ट्र राज्यातील नाशिक जिल्ह्यातील सटाणा तालुक्यातील एक गाव आहे,सोमपूर हे भारताच्या महाराष्ट्र राज्यातील नाशिक जिल्ह्यातील सटाणा तालुक्यातील एक गाव आहे,सोमपूर हे भारताच्या महाराष्ट्र राज्यातील नाशिक जिल्ह्यातील सटाणा तालुक्यातील एक गाव आहे,सोमपूर हे भारताच्या महाराष्ट्र राज्यातील नाशिक जिल्ह्यातील सटाणा तालुक्यातील एक गाव आहे,0.0,0.0,1,5.78
sample_01294,D:\marathi-asr\data\vistaar_benchmarks\kathbath\marathi\wavs\844424933373458-962-m.wav,या कामास त्यांचे पेशवे मुख्य मंत्री बाळाजी विश्वनाथ यांची साथ मिळाली,या कामास त्यांची पेशवे मुख्यमंत्री बाळाजी विश्वनाथ यांची साथ मिळाली,या कामास त्यांचे पेशवे मुख्य मंत्री बाळाजी विश्वनाथ यांची साथ मिळाली,या कामास त्यांची पेशवे मुख्यमंत्री बाळाजी विश्वनाथ यांची साथ मिळाली,2.94,27.27,0,4.97
sample_01295,D:\marathi-asr\data\vistaar_benchmarks\kathbath\marathi\wavs\844424933373409-962-m.wav,मे ११३४ आणि फेब्रुवारी ११३७ च्या दरम्यान कधीतरी पोप इनोसंट तिसऱ्याने याला पादरी केले,मे अकराशे चौतीस आणि फेब्रुवारी अकराशे सदतीसच्या दरम्यान कधीतरी पोप इनोसंट तिसऱ्याने याला पादरी केली,मे ११३४ आणि फेब्रुवारी ११३७ च्या दरम्यान कधीतरी पोप इनोसंट तिसऱ्याने याला पादरी केले,मे अकराशे चौतीस आणि फेब्रुवारी अकराशे सदतीसच्या दरम्यान कधीतरी पोप इनोसंट तिसऱ्याने याला पादरी केली,30.59,42.86,0,8.08
sample_01296,D:\marathi-asr\data\vistaar_benchmarks\kathbath\marathi\wavs\844424933394039-426-m.wav,२०१४ सालापूर्वी हा जिल्हा आंध्र प्रदेश राज्याच्या अखत्यारीमध्ये होता,दोन हजार चौदा सालापूर्वी हा जिल्हा आंध्र प्रदेश राज्याच्या अख्त्यारिममध्ये होता,२०१४ सालापूर्वी हा जिल्हा आंध्र प्रदेश राज्याच्या अखत्यारीमध्ये होता,दोन हजार चौदा सालापूर्वी हा जिल्हा आंध्र प्रदेश राज्याच्या अख्त्यारिममध्ये होता,23.53,44.44,0,7.64
sample_01297,D:\marathi-asr\data\vistaar_benchmarks\kathbath\marathi\wavs\844424933356049-1120-m.wav,पहिल्या दोन उपजाती उच्च असून त्यांना राजकोरकू असेही म्हणतात,पहिल्या दोन उपजाती उच्च असून त्यांना राजकुरकु असेही म्हणतात,पहिल्या दोन उपजाती उच्च असून त्यांना राजकोरकू असेही म्हणतात,पहिल्या दोन उपजाती उच्च असून त्यांना राजकुरकु असेही म्हणतात,3.39,11.11,0,5.11
sample_01298,D:\marathi-asr\data\vistaar_benchmarks\kathbath\marathi\wavs\844424933356050-1120-m.wav,जेथे वाघ एकेकाळी सुखेनैव नांदत त्याजागी शेती औद्योगिकरण रस्ते घरणे गावे वसलेली,जेथे वाघ एकेकाळी सुखाने नांदत त्या जागी शेती औद्योगीकरण रस्ते घरणे गावे बसली,जेथे वाघ एकेकाळी सुखेनैव नांदत त्याजागी शेती औद्योगिकरण रस्ते घरणे गावे वसलेली,जेथे वाघ एकेकाळी सुखाने नांदत त्या जागी शेती औद्योगीकरण रस्ते घरणे गावे बसली,10.26,41.67,0,7.36
sample_01299,D:\marathi-asr\data\vistaar_benchmarks\kathbath\marathi\wavs\844424933373390-962-m.wav,पिंपळापूर हे भारतातील महाराष्ट्र राज्यातील यवतमाळ जिल्ह्यातील केळापूर तालुक्यातील एक गाव आहे,पिंपळापूर हे भारतातील महाराष्ट्र राज्यातील यवतमाळ जिल्ह्यातील केळापूर तालुक्यातील एक गाव आहे,पिंपळापूर हे भारतातील महाराष्ट्र राज्यातील यवतमाळ जिल्ह्यातील केळापूर तालुक्यातील एक गाव आहे,पिंपळापूर हे भारतातील महाराष्ट्र राज्यातील यवतमाळ जिल्ह्यातील केळापूर तालुक्यातील एक गाव आहे,0.0,0.0,1,6.76
sample_01300,D:\marathi-asr\data\vistaar_benchmarks\kathbath\marathi\wavs\844424933280447-817-m.wav,२३ लिंगायत निवृत्तीवादी नाही तर आशावादी आणि प्रवृत्तीवादी धर्म आहे,तेवीस लिंगायत निवृत्तीवादी नाही तर आशावादी आणि प्रवृत्तीवादी धर्म आहे,२३ लिंगायत निवृत्तीवादी नाही तर आशावादी आणि प्रवृत्तीवादी धर्म आहे,तेवीस लिंगायत निवृत्तीवादी नाही तर आशावादी आणि प्रवृत्तीवादी धर्म आहे,7.58,10.0,0,4.69
sample_01301,D:\marathi-asr\data\vistaar_benchmarks\kathbath\marathi\wavs\844424933379896-487-m.wav,या काळात येथे अनेक उच्चतम प्रतीची स्नेह सम्मेलणे झाली,या काळात येथे अनेक उच्चतम प्रतीची स्नेह संमेलनं झाली,या काळात येथे अनेक उच्चतम प्रतीची स्नेह सम्मेलणे झाली,या काळात येथे अनेक उच्चतम प्रतीची स्नेह संमेलनं झाली,7.55,11.11,0,6.99
sample_01302,D:\marathi-asr\data\vistaar_benchmarks\kathbath\marathi\wavs\844424933373393-962-m.wav,लहान असताना त्याने विज्ञान साठी खूप रस दर्शविला,लहान असताना त्याने विज्ञासाठी खूप रस दर्शविला,लहान असताना त्याने विज्ञान साठी खूप रस दर्शविला,लहान असताना त्याने विज्ञासाठी खूप रस दर्शविला,4.26,25.0,0,5.02
sample_01303,D:\marathi-asr\data\vistaar_benchmarks\kathbath\marathi\wavs\844424933379962-487-m.wav,ते शिवशाहीर बाबासाहेब पुरंदरे यांचे पुतणे आणि लेखिका चित्रलेखा पुरंदरे यांचे पती होत,ते शिवशाहीर बाबासाहेब पुरंदरे यांचे पुतणे आणि लेखिका चित्रलेखा पुरंदरे यांचे पती होते,ते शिवशाहीर बाबासाहेब पुरंदरे यांचे पुतणे आणि लेखिका चित्रलेखा पुरंदरे यांचे पती होत,ते शिवशाहीर बाबासाहेब पुरंदरे यांचे पुतणे आणि लेखिका चित्रलेखा पुरंदरे यांचे पती होते,1.19,7.69,0,7.29
sample_01304,D:\marathi-asr\data\vistaar_benchmarks\kathbath\marathi\wavs\844424933394003-426-m.wav,सादरी हे भारताच्या महाराष्ट्र राज्यातील नंदुरबार जिल्ह्यातील अक्राणी तालुक्यातील एक गाव आहे,सादरी हे भारताच्या महाराष्ट्र राज्यातील नंदुरबार जिल्ह्यातील आक्राणी तालुक्यातील एक गाव आहे,सादरी हे भारताच्या महाराष्ट्र राज्यातील नंदुरबार जिल्ह्यातील अक्राणी तालुक्यातील एक गाव आहे,सादरी हे भारताच्या महाराष्ट्र राज्यातील नंदुरबार जिल्ह्यातील आक्राणी तालुक्यातील एक गाव आहे,1.1,8.33,0,8.43
sample_01305,D:\marathi-asr\data\vistaar_benchmarks\kathbath\marathi\wavs\844424933373405-962-m.wav,हंगामी सरकार आणि समाजवादी विचारांच्या लोकांमध्ये लवकरच मतभेद सुरू झाले,हंगामी सरकार आणि समाजवादी विचारांच्या लोकांमध्ये लवकरच मतभेद सुरू झाले,हंगामी सरकार आणि समाजवादी विचारांच्या लोकांमध्ये लवकरच मतभेद सुरू झाले,हंगामी सरकार आणि समाजवादी विचारांच्या लोकांमध्ये लवकरच मतभेद सुरू झाले,0.0,0.0,1,6.01
sample_01306,D:\marathi-asr\data\vistaar_benchmarks\kathbath\marathi\wavs\844424933280458-817-m.wav,त्याच्या चार साथीदारांना प्रत्येकी १०१० वर्षांची शिक्षा सुनावली आहे,त्यांच्या साथीदारांना प्रत्येकी दहा दहा वर्षे शिक्षा सुनावली आहे,त्याच्या चार साथीदारांना प्रत्येकी १०१० वर्षांची शिक्षा सुनावली आहे,त्यांच्या साथीदारांना प्रत्येकी दहा दहा वर्षे शिक्षा सुनावली आहे,23.88,55.56,0,4.2
sample_01307,D:\marathi-asr\data\vistaar_benchmarks\kathbath\marathi\wavs\844424933356011-1120-m.wav,तथापि ऑगस्ट १९८३ मध्ये झालेल्या श्रीलंकेच्या संविधानातील सहाव्या दुरुस्तीच्या अंमलबजावणीने या आंदोलनाला असंवैधानिक ठरविले,तथापि ऑगस्ट एकोणीशे त्र्याऐंशीमध्ये झालेल्या श्रीलंकेच्या संविधानातील सहाव्या दुरुस्तीच्या अंमलबजावणीने या आंदोलनाला असंवैधानिक ठरवले,तथापि ऑगस्ट १९८३ मध्ये झालेल्या श्रीलंकेच्या संविधानातील सहाव्या दुरुस्तीच्या अंमलबजावणीने या आंदोलनाला असंवैधानिक ठरविले,तथापि ऑगस्ट एकोणीशे त्र्याऐंशीमध्ये झालेल्या श्रीलंकेच्या संविधानातील सहाव्या दुरुस्तीच्या अंमलबजावणीने या आंदोलनाला असंवैधानिक ठरवले,14.88,21.43,0,10.84
sample_01308,D:\marathi-asr\data\vistaar_benchmarks\kathbath\marathi\wavs\844424933356012-1120-m.wav,सिद्धेश्वर मंदिर सोलापूर हे सोलापूर जिल्ह्यातील एक मंदिर आहे,सिद्धेश्वर मंदिर सोलापूर हे सोलापूर जिल्ह्यातील एक मंदिर आहे,सिद्धेश्वर मंदिर सोलापूर हे सोलापूर जिल्ह्यातील एक मंदिर आहे,सिद्धेश्वर मंदिर सोलापूर हे सोलापूर जिल्ह्यातील एक मंदिर आहे,0.0,0.0,1,3.81
sample_01309,D:\marathi-asr\data\vistaar_benchmarks\kathbath\marathi\wavs\844424933356017-1120-m.wav,चिंचोणी बोटोणी हे भारतातील महाराष्ट्र राज्यातील यवतमाळ जिल्ह्यातील मारेगांव तालुक्यातील एक गाव आहे,चिंचुणी बोटुणी हे भारतातील महाराष्ट्र राज्यातील यवतमाळ जिल्ह्यातील मारेगाव तालुक्यातील एक गाव आहे,चिंचोणी बोटोणी हे भारतातील महाराष्ट्र राज्यातील यवतमाळ जिल्ह्यातील मारेगांव तालुक्यातील एक गाव आहे,चिंचुणी बोटुणी हे भारतातील महाराष्ट्र राज्यातील यवतमाळ जिल्ह्यातील मारेगाव तालुक्यातील एक गाव आहे,3.06,23.08,0,5.57
sample_01310,D:\marathi-asr\data\vistaar_benchmarks\kathbath\marathi\wavs\844424933381670-676-m.wav,पुरुष साक्षरता ६६२७ आहे तर स्त्री साक्षरता ४४८३ आहे,पुरुष साक्षरता सहा हजार सहाशे सत्तावीस आहे तर स्त्री साक्षरता चार हजार चारशे त्र्याऐंशी आहे,पुरुष साक्षरता ६६२७ आहे तर स्त्री साक्षरता ४४८३ आहे,पुरुष साक्षरता सहा हजार सहाशे सत्तावीस आहे तर स्त्री साक्षरता चार हजार चारशे त्र्याऐंशी आहे,94.12,88.89,0,8.34
sample_01311,D:\marathi-asr\data\vistaar_benchmarks\kathbath\marathi\wavs\844424933379973-487-m.wav,साउथ ऑस्ट्रेलिया राज्य पूर्णपणे ब्रिटिश साम्राज्याने वसवले होते,साऊथ ऑस्ट्रेलिया राज्य पूर्णपणे ब्रिटिश साम्राज्याने वसवले होते,साउथ ऑस्ट्रेलिया राज्य पूर्णपणे ब्रिटिश साम्राज्याने वसवले होते,साऊथ ऑस्ट्रेलिया राज्य पूर्णपणे ब्रिटिश साम्राज्याने वसवले होते,1.59,12.5,0,4.76
sample_01312,D:\marathi-asr\data\vistaar_benchmarks\kathbath\marathi\wavs\844424933373459-962-m.wav,स्तन्य दुधाची दुग्धपेढी निर्माण करण्यात त्यांचा पुढाकार होता,स्थान्य दुधाची दुग्धपेढी निर्माण करण्यात त्यांचा पुढाकार होता,स्तन्य दुधाची दुग्धपेढी निर्माण करण्यात त्यांचा पुढाकार होता,स्थान्य दुधाची दुग्धपेढी निर्माण करण्यात त्यांचा पुढाकार होता,3.33,12.5,0,4.57
sample_01313,D:\marathi-asr\data\vistaar_benchmarks\kathbath\marathi\wavs\844424933280457-817-m.wav,रायंदे हे भारतातील महाराष्ट्र राज्यातील मध्य कोकणातील रायगड जिल्ह्यातील अलिबाग तालुक्यातील एक गाव आहे,रायंदे हे भारतातील महाराष्ट्र राज्यातील मध्य कोकणातील रायगड जिल्ह्यातील अलिबाग तालुक्यातील एक गाव आहे,रायंदे हे भारतातील महाराष्ट्र राज्यातील मध्य कोकणातील रायगड जिल्ह्यातील अलिबाग तालुक्यातील एक गाव आहे,रायंदे हे भारतातील महाराष्ट्र राज्यातील मध्य कोकणातील रायगड जिल्ह्यातील अलिबाग तालुक्यातील एक गाव आहे,0.0,0.0,1,6.71
sample_01314,D:\marathi-asr\data\vistaar_benchmarks\kathbath\marathi\wavs\844424933381640-676-m.wav,इतर फाल्को प्रजातींप्रमाणे त्यांचे लांब पंख तसेच विशिष्ट लांब शेपटी आहे,इतर फालको प्रजातींप्रमाणे त्यांचे लांब पंख तसेच विशिष्ट लांब शेपटी आहे,इतर फाल्को प्रजातींप्रमाणे त्यांचे लांब पंख तसेच विशिष्ट लांब शेपटी आहे,इतर फालको प्रजातींप्रमाणे त्यांचे लांब पंख तसेच विशिष्ट लांब शेपटी आहे,1.41,9.09,0,7.55
sample_01315,D:\marathi-asr\data\vistaar_benchmarks\kathbath\marathi\wavs\844424933381609-676-m.wav,औरंगाबाद शहरातून ४ कलाकार मुंबईला आले त्यात प्रतीक्षा चंद्रकांत कुलकर्णी लेखक प्रदीप दळवी हे प्रमुख,औरंगाबाद शहरातून चार कलाकार मुंबईला आले त्यात प्रतीक्षा चंद्रकांत कुलकर्णी लेखक प्रदीप दळवी हे प्रमुख,औरंगाबाद शहरातून ४ कलाकार मुंबईला आले त्यात प्रतीक्षा चंद्रकांत कुलकर्णी लेखक प्रदीप दळवी हे प्रमुख,औरंगाबाद शहरातून चार कलाकार मुंबईला आले त्यात प्रतीक्षा चंद्रकांत कुलकर्णी लेखक प्रदीप दळवी हे प्रमुख,3.03,6.67,0,10.12
sample_01316,D:\marathi-asr\data\vistaar_benchmarks\kathbath\marathi\wavs\844424933373465-962-m.wav,हि शर्यत २०११ फॉर्म्युला वन हंगामाची १७ वी व शेवटची शर्यत आहे,ही शर्यत दोन हजार अकरा फॉर्म्यला वन हंगामाची सतरावी व शेवटची शर्यत आहे,हि शर्यत २०११ फॉर्म्युला वन हंगामाची १७ वी व शेवटची शर्यत आहे,ही शर्यत दोन हजार अकरा फॉर्म्यला वन हंगामाची सतरावी व शेवटची शर्यत आहे,31.15,58.33,0,5.18
sample_01317,D:\marathi-asr\data\vistaar_benchmarks\kathbath\marathi\wavs\844424933381605-676-m.wav,सतीश मोटलिंग जन्म २ ऑक्टोबर १९८२ हा एक भारतीय चित्रपट दिग्दर्शक आहे,सतीश मोटलिंग जन्म दोन ऑक्टोंबर एकोणीसशे ब्याऐंशी हा एक भारतीय चित्रपट दिग्दर्शक आहे,सतीश मोटलिंग जन्म २ ऑक्टोबर १९८२ हा एक भारतीय चित्रपट दिग्दर्शक आहे,सतीश मोटलिंग जन्म दोन ऑक्टोंबर एकोणीसशे ब्याऐंशी हा एक भारतीय चित्रपट दिग्दर्शक आहे,31.34,33.33,0,8.06
sample_01318,D:\marathi-asr\data\vistaar_benchmarks\kathbath\marathi\wavs\844424933356044-1120-m.wav,इ बँकिंगमुळे प्रत्येक वेळी ग्राहकांना बँकेत जाण्याची गरज पडत नाही,ई बँकिंगमुळे प्रत्येकवेेळी ग्राहकांना बँकेत जाण्याची गरज पडत नाही,इ बँकिंगमुळे प्रत्येक वेळी ग्राहकांना बँकेत जाण्याची गरज पडत नाही,ई बँकिंगमुळे प्रत्येकवेेळी ग्राहकांना बँकेत जाण्याची गरज पडत नाही,4.62,30.0,0,4.62
sample_01319,D:\marathi-asr\data\vistaar_benchmarks\kathbath\marathi\wavs\844424933356042-1120-m.wav,दिसते नासते काया माया ते अंतरी वसे ४,दिसते नासते काया माया ते अंतरे वसे चार,दिसते नासते काया माया ते अंतरी वसे ४,दिसते नासते काया माया ते अंतरे वसे चार,11.11,25.0,0,3.32
sample_01320,D:\marathi-asr\data\vistaar_benchmarks\kathbath\marathi\wavs\844424933379943-487-m.wav,आणि त्यांनी २००६ पासून पुण्यातील मोठ्या सोसायट्यांमधून रद्दी जमवून ती विकून निधी संकलनास सुरुवात केली,आणि त्यांनी दोन हजार सहापासून पुण्यातील मोठ्या सोसायट्यांमधून रद्दी जमावून ती विकून निधी संकलनास सुरुवात केली,आणि त्यांनी २००६ पासून पुण्यातील मोठ्या सोसायट्यांमधून रद्दी जमवून ती विकून निधी संकलनास सुरुवात केली,आणि त्यांनी दोन हजार सहापासून पुण्यातील मोठ्या सोसायट्यांमधून रद्दी जमावून ती विकून निधी संकलनास सुरुवात केली,11.88,26.67,0,7.27
sample_01321,D:\marathi-asr\data\vistaar_benchmarks\kathbath\marathi\wavs\844424933373412-962-m.wav,बटाटे नाचणी ज्वारी साबुदाणा पोहे उडीद मूग तांदूळ अशा अनेक प्रकारांचे पापड बनवले जातात,बटाटे नाचणी ज्वारी साबुदाणा पोहे उडीद मूग तांदूळ अशा अनेक प्रकारचे पापड बनवले जातात,बटाटे नाचणी ज्वारी साबुदाणा पोहे उडीद मूग तांदूळ अशा अनेक प्रकारांचे पापड बनवले जातात,बटाटे नाचणी ज्वारी साबुदाणा पोहे उडीद मूग तांदूळ अशा अनेक प्रकारचे पापड बनवले जातात,2.35,7.14,0,6.94
sample_01322,D:\marathi-asr\data\vistaar_benchmarks\kathbath\marathi\wavs\844424933381594-676-m.wav,दहिताणेवाडी हे भारतातील महाराष्ट्र राज्यातील सोलापूर जिल्ह्यातील अक्कलकोट तालुक्यातील एक गाव आहे,दहतानेवाडी हे भारतातील महाराष्ट्र राज्यातील सोलापूर जिल्ह्यातील अक्कलकोट तालुक्यातील एक गाव आहे,दहिताणेवाडी हे भारतातील महाराष्ट्र राज्यातील सोलापूर जिल्ह्यातील अक्कलकोट तालुक्यातील एक गाव आहे,दहतानेवाडी हे भारतातील महाराष्ट्र राज्यातील सोलापूर जिल्ह्यातील अक्कलकोट तालुक्यातील एक गाव आहे,2.08,8.33,0,8.71
sample_01323,D:\marathi-asr\data\vistaar_benchmarks\kathbath\marathi\wavs\844424933356032-1120-m.wav,या बंडाचे नेतृत्व जुन्नरच्या मावळतील देशमुखनाईक संताजी शेळकंदे यांनी केले,या बंडांचे नेतृत्व जुन्नरच्या मावळीतील देशमुूख नाईक संताजी शेळकंदे यांनी केले,या बंडाचे नेतृत्व जुन्नरच्या मावळतील देशमुखनाईक संताजी शेळकंदे यांनी केले,या बंडांचे नेतृत्व जुन्नरच्या मावळीतील देशमुूख नाईक संताजी शेळकंदे यांनी केले,5.48,40.0,0,6.66
sample_01324,D:\marathi-asr\data\vistaar_benchmarks\kathbath\marathi\wavs\844424933394814-566-m.wav,किल्ल्याच्या एका बाजूला सिद्धेश्वर तलावामुळे नैसर्गिकपणा आला आहे,किल्ल्याच्या एका बाजूला सिद्धेश्वर तलावामुळे नैसर्गिकपणा आला आहे,किल्ल्याच्या एका बाजूला सिद्धेश्वर तलावामुळे नैसर्गिकपणा आला आहे,किल्ल्याच्या एका बाजूला सिद्धेश्वर तलावामुळे नैसर्गिकपणा आला आहे,0.0,0.0,1,4.39
sample_01325,D:\marathi-asr\data\vistaar_benchmarks\kathbath\marathi\wavs\844424933356040-1120-m.wav,आटकळी हे भारताच्या महाराष्ट्र राज्यातील नांदेड जिल्ह्यातील बिलोली तालुक्यातील एक गाव आहे,आटकळी हे भारताच्या महाराष्ट्र राज्यातील नांदेड जिल्ह्यातील बिलोली तालुक्यातील एक गाव आहे,आटकळी हे भारताच्या महाराष्ट्र राज्यातील नांदेड जिल्ह्यातील बिलोली तालुक्यातील एक गाव आहे,आटकळी हे भारताच्या महाराष्ट्र राज्यातील नांदेड जिल्ह्यातील बिलोली तालुक्यातील एक गाव आहे,0.0,0.0,1,5.9
sample_01326,D:\marathi-asr\data\vistaar_benchmarks\kathbath\marathi\wavs\844424933356024-1120-m.wav,२६ जानेवारी २०१५ ला काही अवयव निकामी झाल्यामुळे निधन झाले,सव्वीस जानेवारी दोन हजार पंधराला काही अवयव निकामी झाल्यामुळे निधन झाले,२६ जानेवारी २०१५ ला काही अवयव निकामी झाल्यामुळे निधन झाले,सव्वीस जानेवारी दोन हजार पंधराला काही अवयव निकामी झाल्यामुळे निधन झाले,33.33,40.0,0,4.95
sample_01327,D:\marathi-asr\data\vistaar_benchmarks\kathbath\marathi\wavs\844424933356048-1120-m.wav,या पद्धतीचा गव्हाच्या शेतीला अमेरिकेत त्या वेळी फार उपयोग झाला,या पद्धतीच्या गव्हाच्या शेतीला अमेरिकेत त्यावेळी फार उपयोग झाला,या पद्धतीचा गव्हाच्या शेतीला अमेरिकेत त्या वेळी फार उपयोग झाला,या पद्धतीच्या गव्हाच्या शेतीला अमेरिकेत त्यावेळी फार उपयोग झाला,4.84,30.0,0,4.06
sample_01328,D:\marathi-asr\data\vistaar_benchmarks\kathbath\marathi\wavs\844424933394819-566-m.wav,यातूनही व्हर्टिगो चक्कर येणे वगैरे त्रास सुरू होतात,यातूनही वर्टिगो चक्कर येणे वगैरे त्रास सुरू होतो,यातूनही व्हर्टिगो चक्कर येणे वगैरे त्रास सुरू होतात,यातूनही वर्टिगो चक्कर येणे वगैरे त्रास सुरू होतो,7.84,25.0,0,3.65
sample_01329,D:\marathi-asr\data\vistaar_benchmarks\kathbath\marathi\wavs\844424933280455-817-m.wav,२००९ सालच्या ऑक्टोबरमध्ये बडोद्यात पहिल्यांदा मराठी साहित्य संमेलन भरले होते,दोन हजार नऊ सालच्या ऑक्टोबरमध्ये बडोद्यात पहिल्यांदा मराठी साहित्य संमेलन भरले होते,२००९ सालच्या ऑक्टोबरमध्ये बडोद्यात पहिल्यांदा मराठी साहित्य संमेलन भरले होते,दोन हजार नऊ सालच्या ऑक्टोबरमध्ये बडोद्यात पहिल्यांदा मराठी साहित्य संमेलन भरले होते,14.47,30.0,0,5.5
sample_01330,D:\marathi-asr\data\vistaar_benchmarks\kathbath\marathi\wavs\844424933379897-487-m.wav,परिसराच्या दरम्यान निळ्या पाण्याचे एक सुंदर तलाव आहे,परिसराच्या दरम्यान निळ्या पाण्याचे एक सुंदर तलाव आहे,परिसराच्या दरम्यान निळ्या पाण्याचे एक सुंदर तलाव आहे,परिसराच्या दरम्यान निळ्या पाण्याचे एक सुंदर तलाव आहे,0.0,0.0,1,5.32
sample_01331,D:\marathi-asr\data\vistaar_benchmarks\kathbath\marathi\wavs\844424933394037-426-m.wav,शब्द मूळचा विकेट गेट एक लहान गेट आहे,शब्द मुूढचा विकेट गेट एक लहान गेट आहे,शब्द मूळचा विकेट गेट एक लहान गेट आहे,शब्द मुूढचा विकेट गेट एक लहान गेट आहे,5.56,12.5,0,4.74
sample_01332,D:\marathi-asr\data\vistaar_benchmarks\kathbath\marathi\wavs\844424933394002-426-m.wav,सर्वात जवळील औषधनिर्माण महाविद्यालय ६३ किलोमीटर अंतरावर आहे,सर्वात जवळील औषध निर्माण महाविद्यालय त्रेसष्ट किलोमीटर अंतरावर आहे,सर्वात जवळील औषधनिर्माण महाविद्यालय ६३ किलोमीटर अंतरावर आहे,सर्वात जवळील औषध निर्माण महाविद्यालय त्रेसष्ट किलोमीटर अंतरावर आहे,15.25,37.5,0,6.87
sample_01333,D:\marathi-asr\data\vistaar_benchmarks\kathbath\marathi\wavs\844424933379981-487-m.wav,कासारी कुंभी तुळशी भोगावती व सरस्वती या नद्या मिळून पंचगंगा झाली आहे,कासारी कुंभी तुळशी भोगावती व सरस्वती या नद्या मिळून पंचगंगा झाली आहे,कासारी कुंभी तुळशी भोगावती व सरस्वती या नद्या मिळून पंचगंगा झाली आहे,कासारी कुंभी तुळशी भोगावती व सरस्वती या नद्या मिळून पंचगंगा झाली आहे,0.0,0.0,1,5.94
sample_01334,D:\marathi-asr\data\vistaar_benchmarks\kathbath\marathi\wavs\844424933381642-676-m.wav,मे १८१८ मध्ये कॅप्टन ग्रॅट याने हा किल्ला न लढताच जिंकला,मे अठराशे अठरामध्ये कॅप्टन ग्रॅट याने हाय किल्ला न लढताच जिंकला,मे १८१८ मध्ये कॅप्टन ग्रॅट याने हा किल्ला न लढताच जिंकला,मे अठराशे अठरामध्ये कॅप्टन ग्रॅट याने हाय किल्ला न लढताच जिंकला,19.64,27.27,0,6.85
sample_01335,D:\marathi-asr\data\vistaar_benchmarks\kathbath\marathi\wavs\844424933373475-962-m.wav,डॉ बाबासाहेब आंबेडकर मराठवाडा विद्यापीठात सिनेट सदस्या आहेत,डॉ बाबासाहेब आंबेडकर मराठवाडा विद्यापीठात सिनिअर सदस्य आहेत,डॉ बाबासाहेब आंबेडकर मराठवाडा विद्यापीठात सिनेट सदस्या आहेत,डॉ बाबासाहेब आंबेडकर मराठवाडा विद्यापीठात सिनिअर सदस्य आहेत,6.78,25.0,0,5.32
sample_01336,D:\marathi-asr\data\vistaar_benchmarks\kathbath\marathi\wavs\844424933356027-1120-m.wav,तृतीय रत्न मधील समकालीन वास्तव सांस्कृतिक मूलतत्त्ववाद हे त्यांचे लेखांचा विशेष परिचय आहे,तृतीय रत्नमधील समकालीन वास्तव सांस्कृतिक मूलतत्त्वावाद हे त्यांचे लेखांचे विशेष परिचय आहे,तृतीय रत्न मधील समकालीन वास्तव सांस्कृतिक मूलतत्त्ववाद हे त्यांचे लेखांचा विशेष परिचय आहे,तृतीय रत्नमधील समकालीन वास्तव सांस्कृतिक मूलतत्त्वावाद हे त्यांचे लेखांचे विशेष परिचय आहे,3.37,30.77,0,7.57
sample_01337,D:\marathi-asr\data\vistaar_benchmarks\kathbath\marathi\wavs\844424933394880-566-m.wav,आटपाडीपासून मुंबई पुणे हैदराबाद या महानगरापर्यंत थेट बस सेवा उपलब्ध आहे,आठ पाडीपासून मुंबई पुणे हैदराबाद या महानगरापर्यंत थेट बससेवा उपलब्ध आहे,आटपाडीपासून मुंबई पुणे हैदराबाद या महानगरापर्यंत थेट बस सेवा उपलब्ध आहे,आठ पाडीपासून मुंबई पुणे हैदराबाद या महानगरापर्यंत थेट बससेवा उपलब्ध आहे,4.23,36.36,0,4.97
sample_01338,D:\marathi-asr\data\vistaar_benchmarks\kathbath\marathi\wavs\844424933381572-676-m.wav,गतस्पर्धेमधील भारतीय पदक विजेता अभिनव बिंद्रा यंदा प्राथमिक फेरीतच गारद झाला,गतस्पर्धेमधील भारतीय पदक विजेता अभिनव बिंद्रा यांंदा प्राथमिक फेरीतच गारज झाला,गतस्पर्धेमधील भारतीय पदक विजेता अभिनव बिंद्रा यंदा प्राथमिक फेरीतच गारद झाला,गतस्पर्धेमधील भारतीय पदक विजेता अभिनव बिंद्रा यांंदा प्राथमिक फेरीतच गारज झाला,3.95,18.18,0,7.52
sample_01339,D:\marathi-asr\data\vistaar_benchmarks\kathbath\marathi\wavs\844424933381615-676-m.wav,क्रिकेट विश्वचषक २०१९ जुलै मध्ये संपन्न झाल्यावर एशेस मालिकेला सुरुवात होईल,क्रिकेट विश्वचषक दोन हजार एकोणीस जुलैमध्ये संपन्न झाल्यावर आयसएस मालिकेला सुरुवात होई,क्रिकेट विश्वचषक २०१९ जुलै मध्ये संपन्न झाल्यावर एशेस मालिकेला सुरुवात होईल,क्रिकेट विश्वचषक दोन हजार एकोणीस जुलैमध्ये संपन्न झाल्यावर आयसएस मालिकेला सुरुवात होई,28.0,54.55,0,9.01
sample_01340,D:\marathi-asr\data\vistaar_benchmarks\kathbath\marathi\wavs\844424933373389-962-m.wav,आंध्र कर्नाटक महाराष्ट्र मघ्यप्रदेश गुजरात राजस्थान आदि राज्यामध्ये या समाजाची मोठी लोकवस्ती आहे,आंध्र कर्नाटक महाराष्ट्र मध्य प्र्रदेश गुजरात राजस्थान आदी राज्यांमध्ये या समाजाची मोठी लोकवस्ती आहे,आंध्र कर्नाटक महाराष्ट्र मघ्यप्रदेश गुजरात राजस्थान आदि राज्यामध्ये या समाजाची मोठी लोकवस्ती आहे,आंध्र कर्नाटक महाराष्ट्र मध्य प्र्रदेश गुजरात राजस्थान आदी राज्यांमध्ये या समाजाची मोठी लोकवस्ती आहे,6.25,30.77,0,7.83
sample_01341,D:\marathi-asr\data\vistaar_benchmarks\kathbath\marathi\wavs\844424933381578-676-m.wav,त्या काळात साध्या ओळींनी बनविलेले ब्राऊझर वापरुन पानांवरील मजकूर बघता येत होता,त्या काळात साध्या होओळींनी बनविलेले ब्राऊझर वापरून पानांवरील मजकूर बघता येत होता,त्या काळात साध्या ओळींनी बनविलेले ब्राऊझर वापरुन पानांवरील मजकूर बघता येत होता,त्या काळात साध्या होओळींनी बनविलेले ब्राऊझर वापरून पानांवरील मजकूर बघता येत होता,3.85,16.67,0,8.34
sample_01342,D:\marathi-asr\data\vistaar_benchmarks\kathbath\marathi\wavs\844424933280476-817-m.wav,अधिक माहिती जाणून घेण्यासाठी रामसेज किल्ला पूर्ण इतिहास विसीट करा,अधिक माहिती जाणून घेण्यासाठी रामसेच किल्ल्याला पूर्ण इतिहास व्हसिट करा,अधिक माहिती जाणून घेण्यासाठी रामसेज किल्ला पूर्ण इतिहास विसीट करा,अधिक माहिती जाणून घेण्यासाठी रामसेच किल्ल्याला पूर्ण इतिहास व्हसिट करा,12.31,30.0,0,8.82
sample_01343,D:\marathi-asr\data\vistaar_benchmarks\kathbath\marathi\wavs\844424933356015-1120-m.wav,म्हणूनच येथे हकानी बाबा हे बेट अस्तित्वात आहे,म्हणूनच येथे हकानी बाबा हे बेट अस्तित्वात आहे,म्हणूनच येथे हकानी बाबा हे बेट अस्तित्वात आहे,म्हणूनच येथे हकानी बाबा हे बेट अस्तित्वात आहे,0.0,0.0,1,4.32
sample_01344,D:\marathi-asr\data\vistaar_benchmarks\kathbath\marathi\wavs\844424933379986-487-m.wav,कसोटी मालिकेत भारताने १० असा विजय मिळवला २ कसोटी सामने अनिर्णितावस्थेत संपले,कसोटी मालिकेत भारताने दहा असा विजय मिळवला दोन कसोटी सामने अनिर्णितावस्थेत संपले,कसोटी मालिकेत भारताने १० असा विजय मिळवला २ कसोटी सामने अनिर्णितावस्थेत संपले,कसोटी मालिकेत भारताने दहा असा विजय मिळवला दोन कसोटी सामने अनिर्णितावस्थेत संपले,7.89,16.67,0,7.96
sample_01345,D:\marathi-asr\data\vistaar_benchmarks\kathbath\marathi\wavs\844424933394013-426-m.wav,नदीचा विस्तृत पात्रे व झिलाणी या त्यांच्या निवासस्थानांचा उत्तरोत्तर संकोच होत आहे,नदीच्या विस्तृत पात्रे व झिलाणी या त्यांच्या निवासस्थानाचा उत्तरात्तर संकोच होत आहे,नदीचा विस्तृत पात्रे व झिलाणी या त्यांच्या निवासस्थानांचा उत्तरोत्तर संकोच होत आहे,नदीच्या विस्तृत पात्रे व झिलाणी या त्यांच्या निवासस्थानाचा उत्तरात्तर संकोच होत आहे,4.88,25.0,0,9.24
sample_01346,D:\marathi-asr\data\vistaar_benchmarks\kathbath\marathi\wavs\844424933280429-817-m.wav,नाट्यगृहाच्या आसनक्षमतेनुसार या प्रेक्षागृहात १०३२ प्रेक्षक बसू शकतात,नाट्यगृहाच्या आसनक्ष्षमतेनुसार या प्रेक्षकगृहात एक हजार बत्तीस प्रेक्षक बसू शकतात,नाट्यगृहाच्या आसनक्षमतेनुसार या प्रेक्षागृहात १०३२ प्रेक्षक बसू शकतात,नाट्यगृहाच्या आसनक्ष्षमतेनुसार या प्रेक्षकगृहात एक हजार बत्तीस प्रेक्षक बसू शकतात,24.64,62.5,0,11.01
sample_01347,D:\marathi-asr\data\vistaar_benchmarks\kathbath\marathi\wavs\844424933381616-676-m.wav,अजूनही प्रितचर्ड हा भारताकडूनच खेळला असल्याचे आंतरराष्ट्रीय ऑलिंपिक समिती मान्य करते,अजूनही प्रीितचड हा भारताकडूनच खेळला असल्याचे आंतरराष्ट्रीय ऑलिम्पिक समिती मान्य करते,अजूनही प्रितचर्ड हा भारताकडूनच खेळला असल्याचे आंतरराष्ट्रीय ऑलिंपिक समिती मान्य करते,अजूनही प्रीितचड हा भारताकडूनच खेळला असल्याचे आंतरराष्ट्रीय ऑलिम्पिक समिती मान्य करते,5.95,18.18,0,7.87
sample_01348,D:\marathi-asr\data\vistaar_benchmarks\kathbath\marathi\wavs\844424933394830-566-m.wav,सणासाठी घराची स्वच्छता आवराआवरी नवे पोशाख परिधान करणे असेही केले जाते,शांसाठी घराची स्वच्छता आवराआवर नवे पोशाख परिधान करण्यासही केले जाते,सणासाठी घराची स्वच्छता आवराआवरी नवे पोशाख परिधान करणे असेही केले जाते,शांसाठी घराची स्वच्छता आवराआवर नवे पोशाख परिधान करण्यासही केले जाते,11.59,36.36,0,4.97
sample_01349,D:\marathi-asr\data\vistaar_benchmarks\kathbath\marathi\wavs\844424933394809-566-m.wav,पानडोझरी हे भारतातील महाराष्ट्र राज्यातील सांगली जिल्ह्यातील जत तालुक्यातील एक गाव आहे,पांडोझरी हे भारतातील महाराष्ट्र राज्यातील सांगली जिल्ह्यातील जत तालुक्यातील एक गाव आहे,पानडोझरी हे भारतातील महाराष्ट्र राज्यातील सांगली जिल्ह्यातील जत तालुक्यातील एक गाव आहे,पांडोझरी हे भारतातील महाराष्ट्र राज्यातील सांगली जिल्ह्यातील जत तालुक्यातील एक गाव आहे,1.16,8.33,0,5.32
sample_01350,D:\marathi-asr\data\vistaar_benchmarks\kathbath\marathi\wavs\844424933381597-676-m.wav,भिवपुरी हे भारतातील महाराष्ट्र राज्यातील मध्य कोकणातील रायगड जिल्ह्यातील कर्जत तालुक्यातील एक गाव आहे,भिवपुरी हे भारतातील महाराष्ट्र राज्यातील मध्य कोकणातील रायगड जिल्ह्यातील कर्जत तालुक्यातील एक गाव आहे,भिवपुरी हे भारतातील महाराष्ट्र राज्यातील मध्य कोकणातील रायगड जिल्ह्यातील कर्जत तालुक्यातील एक गाव आहे,भिवपुरी हे भारतातील महाराष्ट्र राज्यातील मध्य कोकणातील रायगड जिल्ह्यातील कर्जत तालुक्यातील एक गाव आहे,0.0,0.0,1,9.5
sample_01351,D:\marathi-asr\data\vistaar_benchmarks\kathbath\marathi\wavs\844424933379995-487-m.wav,म्हणून विरेचन हेच साहित्यकृतीचे प्रयोजन ठरते असे काहींना वाटते,म्हणून विरेचन हेच साहित्यकृतीचे प्रयोजन ठरते असे काहींना वाटते,म्हणून विरेचन हेच साहित्यकृतीचे प्रयोजन ठरते असे काहींना वाटते,म्हणून विरेचन हेच साहित्यकृतीचे प्रयोजन ठरते असे काहींना वाटते,0.0,0.0,1,4.57
sample_01352,D:\marathi-asr\data\vistaar_benchmarks\kathbath\marathi\wavs\844424933373453-962-m.wav,हे संकेतस्थळ आता फक्त वाचनासाठी खुले आहे त्यांच्यामधील लेखांत आता भर टाकता येत नाही,हे संकेतस्थळ आता फक्त वाचण्यासाठी खुले आहे त्यांच्यामधील लेखांत आता भर टाकता येत नाही,हे संकेतस्थळ आता फक्त वाचनासाठी खुले आहे त्यांच्यामधील लेखांत आता भर टाकता येत नाही,हे संकेतस्थळ आता फक्त वाचण्यासाठी खुले आहे त्यांच्यामधील लेखांत आता भर टाकता येत नाही,3.61,7.14,0,5.92
sample_01353,D:\marathi-asr\data\vistaar_benchmarks\kathbath\marathi\wavs\844424933355993-1120-m.wav,चंदगड या तालुक्याच्या गावापासून साधारण ३० कि मी अंतरावर पारगड आहे,चंदगड या तालुक्याच्या गावापासून साधारण तीस किमी अंतरावर पारगड आहे,चंदगड या तालुक्याच्या गावापासून साधारण ३० कि मी अंतरावर पारगड आहे,चंदगड या तालुक्याच्या गावापासून साधारण तीस किमी अंतरावर पारगड आहे,6.15,27.27,0,5.18
sample_01354,D:\marathi-asr\data\vistaar_benchmarks\kathbath\marathi\wavs\844424933373396-962-m.wav,ते टाटा समूहामधील सर्वात तरुण मुख्य कार्यकारी अधिकारी आहेत,ते टाटा समूहामधील सर्वात तरुण मुख्य कार्यकारी अधिकारी आहेत,ते टाटा समूहामधील सर्वात तरुण मुख्य कार्यकारी अधिकारी आहेत,ते टाटा समूहामधील सर्वात तरुण मुख्य कार्यकारी अधिकारी आहेत,0.0,0.0,1,5.25
sample_01355,D:\marathi-asr\data\vistaar_benchmarks\kathbath\marathi\wavs\844424933381657-676-m.wav,३० डिसेंबर रोजी चाकण येथे येऊन पोहचला अशी बातमी स्मिथ यास कळली,तीर डिसेंबर रोजी चाकण येथे येऊन पोहोचला अशी बातमी स्मिथ यास पडली,३० डिसेंबर रोजी चाकण येथे येऊन पोहचला अशी बातमी स्मिथ यास कळली,तीर डिसेंबर रोजी चाकण येथे येऊन पोहोचला अशी बातमी स्मिथ यास पडली,9.68,25.0,0,7.27
sample_01356,D:\marathi-asr\data\vistaar_benchmarks\kathbath\marathi\wavs\844424933381604-676-m.wav,तापमानवाढ नोंदवण्यात आली असून इथलं हिमाच्छादन दरवषीर् २० सें मी चा थर टाकून देतंय,तापमान वाढ नोंदवण्यात आली असून इथलं इमाचचादन दरवर्षी वीस सेंटीमीटरचा थर टाकून देते,तापमानवाढ नोंदवण्यात आली असून इथलं हिमाच्छादन दरवषीर् २० सें मी चा थर टाकून देतंय,तापमान वाढ नोंदवण्यात आली असून इथलं इमाचचादन दरवर्षी वीस सेंटीमीटरचा थर टाकून देते,22.22,64.29,0,9.68
sample_01357,D:\marathi-asr\data\vistaar_benchmarks\kathbath\marathi\wavs\844424933394004-426-m.wav,पण काही अशिक्षित माणसे असा विचार करून कुत्र्यांना मारतात,पण काही अशिक्षित माणसे असा विचार करून कुत्र्यांना मारतात,पण काही अशिक्षित माणसे असा विचार करून कुत्र्यांना मारतात,पण काही अशिक्षित माणसे असा विचार करून कुत्र्यांना मारतात,0.0,0.0,1,6.39
sample_01358,D:\marathi-asr\data\vistaar_benchmarks\kathbath\marathi\wavs\844424933381646-676-m.wav,कांबळीवाडी हे भारतातील महाराष्ट्र राज्यातील दक्षिण कोकणातील सिंधुदुर्ग जिल्ह्यातील वेंगुर्ला तालुक्यातील एक गाव आहे,कांबडीवाडी हे भारतातील महाराष्ट्र राज्यातील दक्षिण कोकणातील सिंधुदुर्ग जिल्ह्यातील वेंगुर्ला तालुक्यातील एक गाव आहे,कांबळीवाडी हे भारतातील महाराष्ट्र राज्यातील दक्षिण कोकणातील सिंधुदुर्ग जिल्ह्यातील वेंगुर्ला तालुक्यातील एक गाव आहे,कांबडीवाडी हे भारतातील महाराष्ट्र राज्यातील दक्षिण कोकणातील सिंधुदुर्ग जिल्ह्यातील वेंगुर्ला तालुक्यातील एक गाव आहे,0.87,7.14,0,10.57
sample_01359,D:\marathi-asr\data\vistaar_benchmarks\kathbath\marathi\wavs\844424933373469-962-m.wav,या उपनिषदात शरीरस्थित आत्मतत्त्वाच्या आत्मदेवाच्या पूजेची व उपासनेची पद्धत समजावून दिलेली आहे,या उपनिषदात शरीरस्थित आत्मतत्त्वाच्या आत्मदेवाच्या पूजेची व उपासनेची पद्धत समजावून दिलेली आहे,या उपनिषदात शरीरस्थित आत्मतत्त्वाच्या आत्मदेवाच्या पूजेची व उपासनेची पद्धत समजावून दिलेली आहे,या उपनिषदात शरीरस्थित आत्मतत्त्वाच्या आत्मदेवाच्या पूजेची व उपासनेची पद्धत समजावून दिलेली आहे,0.0,0.0,1,7.38
sample_01360,D:\marathi-asr\data\vistaar_benchmarks\kathbath\marathi\wavs\844424933379960-487-m.wav,चौदा छोटे व प्रादेशिक पक्ष असलेली ही आघाडी तुरळक जागांवरून या निवडणुका लढवीत आहे,चौदा छोटे व प्रादेशिक पक्ष असलेली ही आघाडी तुरळक जागांवरून या निवडणुका लढवीत आहे,चौदा छोटे व प्रादेशिक पक्ष असलेली ही आघाडी तुरळक जागांवरून या निवडणुका लढवीत आहे,चौदा छोटे व प्रादेशिक पक्ष असलेली ही आघाडी तुरळक जागांवरून या निवडणुका लढवीत आहे,0.0,0.0,1,6.13
sample_01361,D:\marathi-asr\data\vistaar_benchmarks\kathbath\marathi\wavs\844424933394811-566-m.wav,९४ व्या अखिल भारतीय मराठी नाट्य संमेलनाचे ते अध्यक्ष होते,शौराव्या अखिल भारतीय मराठी नाट्य संमेलनाचे ते अध्यक्ष होते,९४ व्या अखिल भारतीय मराठी नाट्य संमेलनाचे ते अध्यक्ष होते,शौराव्या अखिल भारतीय मराठी नाट्य संमेलनाचे ते अध्यक्ष होते,7.02,20.0,0,3.65
sample_01362,D:\marathi-asr\data\vistaar_benchmarks\kathbath\marathi\wavs\844424933379956-487-m.wav,ही परीस्थिती पाहता ४ ते ५ दिवसात किल्ला कासमखानच्या हातात जाईल असे वाटत होते,ही परिस्थिती पाहता चार ते पाच दिवसांत किल्ला कासमखानच्या हातात जाईल असे वाटत होते,ही परीस्थिती पाहता ४ ते ५ दिवसात किल्ला कासमखानच्या हातात जाईल असे वाटत होते,ही परिस्थिती पाहता चार ते पाच दिवसांत किल्ला कासमखानच्या हातात जाईल असे वाटत होते,10.53,28.57,0,5.76
sample_01363,D:\marathi-asr\data\vistaar_benchmarks\kathbath\marathi\wavs\844424933355972-1120-m.wav,तिला ज्येष्ठा षष्टी वा सटवी निर्ऋती या नावांनीही ओळखतात,तिला ज्येष्ठषष्टी वा सठवी निवृत्ती या नावांनीही ओळखतात,तिला ज्येष्ठा षष्टी वा सटवी निर्ऋती या नावांनीही ओळखतात,तिला ज्येष्ठषष्टी वा सठवी निवृत्ती या नावांनीही ओळखतात,12.73,44.44,0,5.09
sample_01364,D:\marathi-asr\data\vistaar_benchmarks\kathbath\marathi\wavs\844424933373408-962-m.wav,पांगळ्या झालेल्या इटालियन आरमाराची ग्रीसमध्ये समुद्रमार्गे सैनिक पोचवण्याची कुवत कमी झाली,पांगळ्या झालेल्या इटालियन आरमारची ग्रीसमध्ये समुद्रमार्गे सैनिक पोहोचवण्याची कुवत कमी झाली,पांगळ्या झालेल्या इटालियन आरमाराची ग्रीसमध्ये समुद्रमार्गे सैनिक पोचवण्याची कुवत कमी झाली,पांगळ्या झालेल्या इटालियन आरमारची ग्रीसमध्ये समुद्रमार्गे सैनिक पोहोचवण्याची कुवत कमी झाली,3.37,18.18,0,7.08
sample_01365,D:\marathi-asr\data\vistaar_benchmarks\kathbath\marathi\wavs\844424933394802-566-m.wav,रशियन प्रीमियर लीगमध्ये खेळणारा एफ सी तोम तोम्स्क हा फुटबॉल संघ येथेच स्थित आहे,एशियन प्रीमियर लीगमध्ये खेळणारा एफसी तोम तोमक सा फुटबॉल संघ येथे स्थित आहे,रशियन प्रीमियर लीगमध्ये खेळणारा एफ सी तोम तोम्स्क हा फुटबॉल संघ येथेच स्थित आहे,एशियन प्रीमियर लीगमध्ये खेळणारा एफसी तोम तोमक सा फुटबॉल संघ येथे स्थित आहे,8.86,42.86,0,5.78
sample_01366,D:\marathi-asr\data\vistaar_benchmarks\kathbath\marathi\wavs\844424933381599-676-m.wav,सुमारे ३ दशके हिंदी सिनेमामध्ये कार्यरत राहिलेली याज्ञिक भारतामधील सर्वात यशस्वी पार्श्वगायिकांपैकी एक आहे,सुमारे तीन दशके हिंदी सिनेमांमध्ये कार्यरत राहिलेली याज्ञिक भारतामधील सर्वात यशस्वी पार्श्वगायिकांपैकी एक आहे,सुमारे ३ दशके हिंदी सिनेमामध्ये कार्यरत राहिलेली याज्ञिक भारतामधील सर्वात यशस्वी पार्श्वगायिकांपैकी एक आहे,सुमारे तीन दशके हिंदी सिनेमांमध्ये कार्यरत राहिलेली याज्ञिक भारतामधील सर्वात यशस्वी पार्श्वगायिकांपैकी एक आहे,3.77,14.29,0,11.42
sample_01367,D:\marathi-asr\data\vistaar_benchmarks\kathbath\marathi\wavs\844424933393988-426-m.wav,ख्रिस्ती मिशनरी चालविणाऱ्या ख्रिस्ती शाळांमध्ये अनेक मुले सक्रियपणे ख्रिसमस कार्यक्रमात सहभागी होतात,ख्रिस्ती मिशनरी चालवणाऱ्या ख्रिस्ती शाळाांमध्ये अनेक मुले सक्रियपणे ख्रिसमस कार्यक्रमात सहभागी होतात,ख्रिस्ती मिशनरी चालविणाऱ्या ख्रिस्ती शाळांमध्ये अनेक मुले सक्रियपणे ख्रिसमस कार्यक्रमात सहभागी होतात,ख्रिस्ती मिशनरी चालवणाऱ्या ख्रिस्ती शाळाांमध्ये अनेक मुले सक्रियपणे ख्रिसमस कार्यक्रमात सहभागी होतात,3.96,16.67,0,10.08
sample_01368,D:\marathi-asr\data\vistaar_benchmarks\kathbath\marathi\wavs\844424933280415-817-m.wav,एकदा लंडनमध्ये गणितज्ञ रॉजर पेनरोज यांचे भाषण ऐकायला स्टीफन हॉकिंग गेले,एकदा लंडनमध्ये गणितज्ञ रॉजर्र पेनरोझ यांचे भाषण ऐकायला स्टीफन हॉकिंग गेले,एकदा लंडनमध्ये गणितज्ञ रॉजर पेनरोज यांचे भाषण ऐकायला स्टीफन हॉकिंग गेले,एकदा लंडनमध्ये गणितज्ञ रॉजर्र पेनरोझ यांचे भाषण ऐकायला स्टीफन हॉकिंग गेले,4.23,18.18,0,10.61
sample_01369,D:\marathi-asr\data\vistaar_benchmarks\kathbath\marathi\wavs\844424933394804-566-m.wav,तामसवाडी हे भारताच्या महाराष्ट्र राज्यातील परभणी जिल्ह्यातील परभणी तालुक्यातील एक गाव आहे,तामसवाडे हे भारताच्या महाराष्ट्र राज्यातील परभणी जिल्ह्यातील परभणी तालुक्याचे एक गाव आहे,तामसवाडी हे भारताच्या महाराष्ट्र राज्यातील परभणी जिल्ह्यातील परभणी तालुक्यातील एक गाव आहे,तामसवाडे हे भारताच्या महाराष्ट्र राज्यातील परभणी जिल्ह्यातील परभणी तालुक्याचे एक गाव आहे,4.49,16.67,0,5.53
sample_01370,D:\marathi-asr\data\vistaar_benchmarks\kathbath\marathi\wavs\844424933280493-817-m.wav,शेवटी भव्य बुरुजात एक हनुमंताचे शिल्प कोरलेला चोर दरवाजा आहे,शेवटी भव्य बुर्जात एक हनुमंताचे शिल्प कोरलेला चोर दरवाजा आहे,शेवटी भव्य बुरुजात एक हनुमंताचे शिल्प कोरलेला चोर दरवाजा आहे,शेवटी भव्य बुर्जात एक हनुमंताचे शिल्प कोरलेला चोर दरवाजा आहे,1.67,10.0,0,9.38
sample_01371,D:\marathi-asr\data\vistaar_benchmarks\kathbath\marathi\wavs\844424933379938-487-m.wav,सध्याचा सोलापूर जिल्हा हा पूर्वी अहमदनगर पुणे व सातारा या जिल्ह्याचा भाग होता,सध्याचा सोलापूर जिल्हा हा पूर्वी अहमदनगर पुणे व सातारा या जिल्ह्याचा भाग होता,सध्याचा सोलापूर जिल्हा हा पूर्वी अहमदनगर पुणे व सातारा या जिल्ह्याचा भाग होता,सध्याचा सोलापूर जिल्हा हा पूर्वी अहमदनगर पुणे व सातारा या जिल्ह्याचा भाग होता,0.0,0.0,1,6.27
sample_01372,D:\marathi-asr\data\vistaar_benchmarks\kathbath\marathi\wavs\844424933394012-426-m.wav,वास्तु आरेखन शास्त्राऐवजी वास्तुशास्त्र या संकल्पनेबद्दल ते नाराज होते,वास्तु आरेखानशास्त्राऐवजी वास्तुशास्त्र या संकल्पनेबद्दल ते नाराज होते,वास्तु आरेखन शास्त्राऐवजी वास्तुशास्त्र या संकल्पनेबद्दल ते नाराज होते,वास्तु आरेखानशास्त्राऐवजी वास्तुशास्त्र या संकल्पनेबद्दल ते नाराज होते,2.86,22.22,0,8.41
sample_01373,D:\marathi-asr\data\vistaar_benchmarks\kathbath\marathi\wavs\844424933379929-487-m.wav,सध्या भारत देशामध्ये जगातील सर्वाधिक पारशीधर्मीय रहिवासी आहेत,सध्या भारत देशामध्ये जगातील सर्वाधिक फारशी धर्मीय रहिवासी आहेत,सध्या भारत देशामध्ये जगातील सर्वाधिक पारशीधर्मीय रहिवासी आहेत,सध्या भारत देशामध्ये जगातील सर्वाधिक फारशी धर्मीय रहिवासी आहेत,3.28,25.0,0,4.97
sample_01374,D:\marathi-asr\data\vistaar_benchmarks\kathbath\marathi\wavs\844424933379923-487-m.wav,धावटे हे भारतातील महाराष्ट्र राज्यातील मध्य कोकणातील रायगड जिल्ह्यातील पेण तालुक्यातील एक गाव आहे,धावटे हे भारतातील महाराष्ट्र राज्यातील मध्य कोकणातील रायगड जिल्ह्यातील पेण तालुक्यातील एक गाव आहे,धावटे हे भारतातील महाराष्ट्र राज्यातील मध्य कोकणातील रायगड जिल्ह्यातील पेण तालुक्यातील एक गाव आहे,धावटे हे भारतातील महाराष्ट्र राज्यातील मध्य कोकणातील रायगड जिल्ह्यातील पेण तालुक्यातील एक गाव आहे,0.0,0.0,1,6.64
sample_01375,D:\marathi-asr\data\vistaar_benchmarks\kathbath\marathi\wavs\844424933355977-1120-m.wav,चोरघडेंना हे नियमित व्यायाम करीत असून त्यांची शरीरयष्टी मजबूत होती,चोरघडेंना हे नियमित व्यायाम करीत असून त्यांचे शरीरेष्ट्ठ मजबूत होती,चोरघडेंना हे नियमित व्यायाम करीत असून त्यांची शरीरयष्टी मजबूत होती,चोरघडेंना हे नियमित व्यायाम करीत असून त्यांचे शरीरेष्ट्ठ मजबूत होती,6.06,20.0,0,5.74
sample_01376,D:\marathi-asr\data\vistaar_benchmarks\kathbath\marathi\wavs\844424933381663-676-m.wav,हा सण १३ किंवा १४ एप्रिलला साजरा केला जातो,हा सण तेरा किंवा चौदा एप्रिलला साजरा केला जातो,हा सण १३ किंवा १४ एप्रिलला साजरा केला जातो,हा सण तेरा किंवा चौदा एप्रिलला साजरा केला जातो,19.05,22.22,0,5.27
sample_01377,D:\marathi-asr\data\vistaar_benchmarks\kathbath\marathi\wavs\844424933373414-962-m.wav,पुण्यातले श्रीरंग गोडबोले आणि महाराष्ट्र कल्चरल सेंटर सध्या २०१६ साली बालनाट्यमहोत्सवाची ही चळवळ चालवत आहेत,पुण्यातले श्रीरंग उडबोले आणि महाराष्ट्र कल्चरल सेंटर सध्या दोन हजार सोळा साली भलनाट्यमहोत्सवाचीही चळवळ चालवत आहे,पुण्यातले श्रीरंग गोडबोले आणि महाराष्ट्र कल्चरल सेंटर सध्या २०१६ साली बालनाट्यमहोत्सवाची ही चळवळ चालवत आहेत,पुण्यातले श्रीरंग उडबोले आणि महाराष्ट्र कल्चरल सेंटर सध्या दोन हजार सोळा साली भलनाट्यमहोत्सवाचीही चळवळ चालवत आहे,17.76,46.67,0,9.1
sample_01378,D:\marathi-asr\data\vistaar_benchmarks\kathbath\marathi\wavs\844424933381635-676-m.wav,प्रतापगढ भारताच्या उत्तर प्रदेश राज्यातील एक शहर आहे,प्रतापगड भारताच्या उत्तर प्रदेश राज्यातील एक शहर आहे,प्रतापगढ भारताच्या उत्तर प्रदेश राज्यातील एक शहर आहे,प्रतापगड भारताच्या उत्तर प्रदेश राज्यातील एक शहर आहे,1.92,12.5,0,4.74
sample_01379,D:\marathi-asr\data\vistaar_benchmarks\kathbath\marathi\wavs\844424933381633-676-m.wav,लंडन हीथ्रो विमानतळ हा युनायटेड किंग्डम देशामधील सर्वात मोठा व प्रमुख आंतरराष्ट्रीय विमानतळ आहे,लंडन हिथ्रो विमानतळ हा युनायटेड किंग्डम देशामधील सर्वात मोठा व प्रमुख आंतरराष्ट्रीय विमानतळ आहे,लंडन हीथ्रो विमानतळ हा युनायटेड किंग्डम देशामधील सर्वात मोठा व प्रमुख आंतरराष्ट्रीय विमानतळ आहे,लंडन हिथ्रो विमानतळ हा युनायटेड किंग्डम देशामधील सर्वात मोठा व प्रमुख आंतरराष्ट्रीय विमानतळ आहे,1.05,7.14,0,9.08
sample_01380,D:\marathi-asr\data\vistaar_benchmarks\kathbath\marathi\wavs\844424933280491-817-m.wav,किंगकॉंग आपल्या पाशवी शक्तीसाठी आणि उद्धटपणासाठी कुप्रसिद्ध होता,किंगकाँग आपल्या पाश्वी शक्तीसाठी आणि उद्धटपणासाठी कुप्रसिद्ध होता,किंगकॉंग आपल्या पाशवी शक्तीसाठी आणि उद्धटपणासाठी कुप्रसिद्ध होता,किंगकाँग आपल्या पाश्वी शक्तीसाठी आणि उद्धटपणासाठी कुप्रसिद्ध होता,4.69,25.0,0,8.43
sample_01381,D:\marathi-asr\data\vistaar_benchmarks\kathbath\marathi\wavs\844424933280471-817-m.wav,१५ महिन्यांच्या विकासानंतर जानेवारी २०१८ मध्ये भाषा इंटरप्रिटर वापरासाठी तयार होते,पंधरा महिन्याच्या विकासानंतर जानेवारी दोन हजार अठरा म भाषा इंटरप्रियट वापरासाठी तयार होते,१५ महिन्यांच्या विकासानंतर जानेवारी २०१८ मध्ये भाषा इंटरप्रिटर वापरासाठी तयार होते,पंधरा महिन्याच्या विकासानंतर जानेवारी दोन हजार अठरा म भाषा इंटरप्रियट वापरासाठी तयार होते,26.83,63.64,0,12.65
sample_01382,D:\marathi-asr\data\vistaar_benchmarks\kathbath\marathi\wavs\844424933379964-487-m.wav,किर्लोस्करवर ब्रिटिशांची वक्रदृष्टी होतीच पण या पत्राने आगीत तेल ओतले गेले,किर्लोस्करवर ब्रिटिशांची वक्रदृष्टी होतीच पण या पत्राने आगीत ते लोटले गेले,किर्लोस्करवर ब्रिटिशांची वक्रदृष्टी होतीच पण या पत्राने आगीत तेल ओतले गेले,किर्लोस्करवर ब्रिटिशांची वक्रदृष्टी होतीच पण या पत्राने आगीत ते लोटले गेले,5.41,18.18,0,6.76
sample_01383,D:\marathi-asr\data\vistaar_benchmarks\kathbath\marathi\wavs\844424933379928-487-m.wav,मैदानी खेळ म्हणजे असे खेळ जे मैदानावर खेळले जातात,मैदानी खेळ म्हणजे असे खेळ जे मैदानावर खेळले जातात,मैदानी खेळ म्हणजे असे खेळ जे मैदानावर खेळले जातात,मैदानी खेळ म्हणजे असे खेळ जे मैदानावर खेळले जातात,0.0,0.0,1,4.27
sample_01384,D:\marathi-asr\data\vistaar_benchmarks\kathbath\marathi\wavs\844424933379914-487-m.wav,तिच टेंभू उपसा जलसिंचन योजना आशिया खंडातील सर्वात मोठी उपसा जलसिंचन योजना आहे,तिचटेंभू उपसा जलसिंचन योजना आशिया खंडातील सर्वात मोठी उपसा जलसिंचन योजना आहे,तिच टेंभू उपसा जलसिंचन योजना आशिया खंडातील सर्वात मोठी उपसा जलसिंचन योजना आहे,तिचटेंभू उपसा जलसिंचन योजना आशिया खंडातील सर्वात मोठी उपसा जलसिंचन योजना आहे,1.3,15.38,0,6.15
sample_01385,D:\marathi-asr\data\vistaar_benchmarks\kathbath\marathi\wavs\844424933379991-487-m.wav,गरमसूर हे भारतातील महाराष्ट्र राज्यातील वर्धा जिल्ह्यातील सेलू तालुक्यातील एक गाव आहे,गरमसूर हे भारतातील महाराष्ट्र राज्यातील वर्धा जिल्ह्यातील सेलू तालुक्यातील एक गाव आहे,गरमसूर हे भारतातील महाराष्ट्र राज्यातील वर्धा जिल्ह्यातील सेलू तालुक्यातील एक गाव आहे,गरमसूर हे भारतातील महाराष्ट्र राज्यातील वर्धा जिल्ह्यातील सेलू तालुक्यातील एक गाव आहे,0.0,0.0,1,5.43
sample_01386,D:\marathi-asr\data\vistaar_benchmarks\kathbath\marathi\wavs\844424933381650-676-m.wav,उदाहरणार्थ कॅफे दे ला रेजंस पॅरीस आणि सिम्पसन्स दिवान लंडन,उदाहरणार्थ कॅफे दे ला रेजन्स पॅरिस आणि सिम्पसन्स दिवान लंडन,उदाहरणार्थ कॅफे दे ला रेजंस पॅरीस आणि सिम्पसन्स दिवान लंडन,उदाहरणार्थ कॅफे दे ला रेजन्स पॅरिस आणि सिम्पसन्स दिवान लंडन,5.17,20.0,0,9.36
sample_01387,D:\marathi-asr\data\vistaar_benchmarks\kathbath\marathi\wavs\844424933394014-426-m.wav,हे द्रावण पिकांसाठी तसेच फळबागांसाठी पोषक तत्त्वांनी युक्त टॉनिक आहे,हे द्रावण पिकांसाठी तसेच फळबागांसाठी पोषक तत्त्वाांने युक्त टॉनिक आहे,हे द्रावण पिकांसाठी तसेच फळबागांसाठी पोषक तत्त्वांनी युक्त टॉनिक आहे,हे द्रावण पिकांसाठी तसेच फळबागांसाठी पोषक तत्त्वाांने युक्त टॉनिक आहे,2.94,10.0,0,7.24
sample_01388,D:\marathi-asr\data\vistaar_benchmarks\kathbath\marathi\wavs\844424933394820-566-m.wav,जास्त प्रमाणामध्ये ह्या प्रकारच्या सुविधेतून विद्युत ऊर्जा बनत नाही,जास्त प्रमाणामध्ये या प्रकारच्या सुविधेतून विद्युत ऊर्जा बनत नाही,जास्त प्रमाणामध्ये ह्या प्रकारच्या सुविधेतून विद्युत ऊर्जा बनत नाही,जास्त प्रमाणामध्ये या प्रकारच्या सुविधेतून विद्युत ऊर्जा बनत नाही,2.99,11.11,0,4.13
sample_01389,D:\marathi-asr\data\vistaar_benchmarks\kathbath\marathi\wavs\844424933280501-817-m.wav,पहिल्या टप्यात वायू इंधनाचे अतिउच्च तापमानावर ज्वलन साधारणपणे १२०० ते १४०० अंश सें,पहिल्या टप्प्यात वायू इंधनाचे अतिउच्च तापमानावर ज्वलन साधारणपणे बाराशे ते चौदाशे अंशशे,पहिल्या टप्यात वायू इंधनाचे अतिउच्च तापमानावर ज्वलन साधारणपणे १२०० ते १४०० अंश सें,पहिल्या टप्प्यात वायू इंधनाचे अतिउच्च तापमानावर ज्वलन साधारणपणे बाराशे ते चौदाशे अंशशे,20.73,38.46,0,11.98
sample_01390,D:\marathi-asr\data\vistaar_benchmarks\kathbath\marathi\wavs\844424933379910-487-m.wav,युद्धामुळे महागाई झाली आणि प्राधान्यक्रम किंमती स्थिरतेकडे वळले गेले,युद्धामुळे महागाई झाली आणि प्राधान्यक्रम किंमती स्थिरतेकडे वळले गेले,युद्धामुळे महागाई झाली आणि प्राधान्यक्रम किंमती स्थिरतेकडे वळले गेले,युद्धामुळे महागाई झाली आणि प्राधान्यक्रम किंमती स्थिरतेकडे वळले गेले,0.0,0.0,1,5.41
sample_01391,D:\marathi-asr\data\vistaar_benchmarks\kathbath\marathi\wavs\844424933379920-487-m.wav,पण त्वचा अधिक काळ अतिनील किरणांच्या सान्निध्यात राहिल्यास ते कठीण होते,पण त्वचा अधिक काळ अतिल किरणांच्या सान्निध्यात राहिल्यास ते कठीण होते,पण त्वचा अधिक काळ अतिनील किरणांच्या सान्निध्यात राहिल्यास ते कठीण होते,पण त्वचा अधिक काळ अतिल किरणांच्या सान्निध्यात राहिल्यास ते कठीण होते,2.86,9.09,0,5.57
sample_01392,D:\marathi-asr\data\vistaar_benchmarks\kathbath\marathi\wavs\844424933394795-566-m.wav,अटांडा अयिला युसुफ ४ नोव्हेंबर इ स १९८४ हा कडून आंतरराष्ट्रीय फुटबॉल खेळणारा खेळाडू आहे,अंटांटा यायाला युसुफ चार नोव्हेंबर इसवी सन एकोणीसशे चौर्याऐंशी हाकडून आंतरराष्ट्रीय फुटबॉल खेळणारा खेळाडू आहे,अटांडा अयिला युसुफ ४ नोव्हेंबर इ स १९८४ हा कडून आंतरराष्ट्रीय फुटबॉल खेळणारा खेळाडू आहे,अंटांटा यायाला युसुफ चार नोव्हेंबर इसवी सन एकोणीसशे चौर्याऐंशी हाकडून आंतरराष्ट्रीय फुटबॉल खेळणारा खेळाडू आहे,35.63,53.33,0,7.36
sample_01393,D:\marathi-asr\data\vistaar_benchmarks\kathbath\marathi\wavs\844424933356008-1120-m.wav,या सभामंडपात प्रत्येक कोपऱ्यात पूर्ण अखंड स्तंभ आहेत,या संभामंडपात प्रत्येक कोपऱ्यात पूर्ण अखंड स्तंभ आहेत,या सभामंडपात प्रत्येक कोपऱ्यात पूर्ण अखंड स्तंभ आहेत,या संभामंडपात प्रत्येक कोपऱ्यात पूर्ण अखंड स्तंभ आहेत,5.66,25.0,0,4.18
sample_01394,D:\marathi-asr\data\vistaar_benchmarks\kathbath\marathi\wavs\844424933280448-817-m.wav,कोव्ह फोर्ट हे अमेरिकेच्या युटा राज्यातील एक ठिकाण आहे,को फोर्ट हे अमेरिकेच्या युटा राज्यातील एक ठिकाण आहे,कोव्ह फोर्ट हे अमेरिकेच्या युटा राज्यातील एक ठिकाण आहे,को फोर्ट हे अमेरिकेच्या युटा राज्यातील एक ठिकाण आहे,5.56,11.11,0,3.55
sample_01395,D:\marathi-asr\data\vistaar_benchmarks\kathbath\marathi\wavs\844424933379918-487-m.wav,पूर्वी या पुरस्काराचे नाव डॉ बाबासाहेब आंबेडकर दलित मित्र पुरस्कार असे होते,पूर्वी या पुरस्काराचे नाव डॉ बाबासाहेब आंबेडकर दलित मित्र पुरस्कार असे होते,पूर्वी या पुरस्काराचे नाव डॉ बाबासाहेब आंबेडकर दलित मित्र पुरस्कार असे होते,पूर्वी या पुरस्काराचे नाव डॉ बाबासाहेब आंबेडकर दलित मित्र पुरस्कार असे होते,0.0,0.0,1,5.27
sample_01396,D:\marathi-asr\data\vistaar_benchmarks\kathbath\marathi\wavs\844424933280446-817-m.wav,सुरवातीला हा गड निजामाचा सरदार मुरारजोगदेव याच्याकड़े होता,सुरुवातीला हा गड निजामाच्या सरदार मुरार जोगदेव यांच्याकडे होता,सुरवातीला हा गड निजामाचा सरदार मुरारजोगदेव याच्याकड़े होता,सुरुवातीला हा गड निजामाच्या सरदार मुरार जोगदेव यांच्याकडे होता,10.34,62.5,0,4.78
sample_01397,D:\marathi-asr\data\vistaar_benchmarks\kathbath\marathi\wavs\844424933394793-566-m.wav,ह्या राळेसारख्या परिचित पदार्थाचे उत्पादन मलाया मलाक्का जावा सुमात्रा आदी देशांत होते,या राळेसारख्या परिचित पदार्थांचे उत्पादन मलाया मलाक्का जाावा सुमात्रा आदी देशांात होते,ह्या राळेसारख्या परिचित पदार्थाचे उत्पादन मलाया मलाक्का जावा सुमात्रा आदी देशांत होते,या राळेसारख्या परिचित पदार्थांचे उत्पादन मलाया मलाक्का जाावा सुमात्रा आदी देशांात होते,5.88,33.33,0,7.71
sample_01398,D:\marathi-asr\data\vistaar_benchmarks\kathbath\marathi\wavs\844424933394877-566-m.wav,महाराजानी कोल्हापूर बेळगाव या भागातील स्वातंत्र्यवीराना वेळोवेळी आर्थिक व इतर मदत केली,महाराजांनी कोल्हापूर बेळगाव या भागातील स्वातंत्र्यवीरांना वेळोवेळू आर्थिक व इतर मदत केली,महाराजानी कोल्हापूर बेळगाव या भागातील स्वातंत्र्यवीराना वेळोवेळी आर्थिक व इतर मदत केली,महाराजांनी कोल्हापूर बेळगाव या भागातील स्वातंत्र्यवीरांना वेळोवेळू आर्थिक व इतर मदत केली,3.49,25.0,0,5.46
sample_01399,D:\marathi-asr\data\vistaar_benchmarks\kathbath\marathi\wavs\844424933381603-676-m.wav,मिरची हे उष्ण कटिबंधीय अमेरिका येथील फळ आहे असे मानले जाते,मिरची हे उष्ण कटिबंधीय अमेरिका येथील फळ आहे असे मानले जाते,मिरची हे उष्ण कटिबंधीय अमेरिका येथील फळ आहे असे मानले जाते,मिरची हे उष्ण कटिबंधीय अमेरिका येथील फळ आहे असे मानले जाते,0.0,0.0,1,7.2
sample_01400,D:\marathi-asr\data\vistaar_benchmarks\kathbath\marathi\wavs\844424933379932-487-m.wav,२ ब्रह्मदेव रावणाला म्हणाले फक्त ह्या कुपीचे रक्षण कर,दोन ब्रह्मदेव रावणाला म्हणाले फक्त ह्या कृपेचे रक्षण कर,२ ब्रह्मदेव रावणाला म्हणाले फक्त ह्या कुपीचे रक्षण कर,दोन ब्रह्मदेव रावणाला म्हणाले फक्त ह्या कृपेचे रक्षण कर,9.43,22.22,0,5.53
sample_01401,D:\marathi-asr\data\vistaar_benchmarks\kathbath\marathi\wavs\844424933379955-487-m.wav,मंत्रालयाच्या कार्यक्षेत्रातील तीन व्यापक क्षेत्रे म्हणजे कृषी अन्न प्रक्रिया आणि सहकार,मंत्रालयाच्या कार्यक्षेत्रातील तीन व्यापक क्षेत्रे म्हणजे कृषी अन्न प्रक्रिया आणि सहकार,मंत्रालयाच्या कार्यक्षेत्रातील तीन व्यापक क्षेत्रे म्हणजे कृषी अन्न प्रक्रिया आणि सहकार,मंत्रालयाच्या कार्यक्षेत्रातील तीन व्यापक क्षेत्रे म्हणजे कृषी अन्न प्रक्रिया आणि सहकार,0.0,0.0,1,6.01
sample_01402,D:\marathi-asr\data\vistaar_benchmarks\kathbath\marathi\wavs\844424933373395-962-m.wav,तिसाव्या दशकात म्हणजे लग्नानंतर अल्पावधीतच त्यांच्या पतीचे निधन झाले,तिसाव्या शतकात म्हणजे लग्नानंतर अल्पावधीतच त्यांच्या पतीचे निधन झाले,तिसाव्या दशकात म्हणजे लग्नानंतर अल्पावधीतच त्यांच्या पतीचे निधन झाले,तिसाव्या शतकात म्हणजे लग्नानंतर अल्पावधीतच त्यांच्या पतीचे निधन झाले,2.94,11.11,0,6.13
sample_01403,D:\marathi-asr\data\vistaar_benchmarks\kathbath\marathi\wavs\844424933379917-487-m.wav,चर्चासत्र आयोजन मराठी विषयाच्या १ राज्यस्तरीय व २ राष्ट्रीय चर्चासत्रांचे यशस्वी संयोजन,चर्चासत्र आयोजन मराठी विषयाच्या एक राज्यस्तरीय व दोन राष्ट्रीय चर्चासत्राचे यशस्वी संयोजन,चर्चासत्र आयोजन मराठी विषयाच्या १ राज्यस्तरीय व २ राष्ट्रीय चर्चासत्रांचे यशस्वी संयोजन,चर्चासत्र आयोजन मराठी विषयाच्या एक राज्यस्तरीय व दोन राष्ट्रीय चर्चासत्राचे यशस्वी संयोजन,6.9,25.0,0,6.62
sample_01404,D:\marathi-asr\data\vistaar_benchmarks\kathbath\marathi\wavs\844424933394028-426-m.wav,अमेरिकेचा तिसरा राष्ट्राध्यक्ष थॉमस जेफरसनचे नाव ह्या शहराला देण्यात आले आहे,अमेरिकेचा तिसरा राष्ट्राध्यक्ष थॉमस जेफरसनचे नाव ह्या शहराला देण्यात आले आहे,अमेरिकेचा तिसरा राष्ट्राध्यक्ष थॉमस जेफरसनचे नाव ह्या शहराला देण्यात आले आहे,अमेरिकेचा तिसरा राष्ट्राध्यक्ष थॉमस जेफरसनचे नाव ह्या शहराला देण्यात आले आहे,0.0,0.0,1,7.06
sample_01405,D:\marathi-asr\data\vistaar_benchmarks\kathbath\marathi\wavs\844424933373444-962-m.wav,या प्रकल्पावर ३० सप्टेंबर २०१७ रोजी ट्रायल रन घेण्यात आला,या प्रकल्पावर तीस सप्टेंबर दोन हजार सतरा रोजी ट्रायल रन घेण्यात आला,या प्रकल्पावर ३० सप्टेंबर २०१७ रोजी ट्रायल रन घेण्यात आला,या प्रकल्पावर तीस सप्टेंबर दोन हजार सतरा रोजी ट्रायल रन घेण्यात आला,28.07,40.0,0,4.57
sample_01406,D:\marathi-asr\data\vistaar_benchmarks\kathbath\marathi\wavs\844424933394027-426-m.wav,याचे मुख्य प्रांगण पुण्यातील पौड रोड भागात आहे,यांचे मुख्य प्रांगण पुण्यातील पोड रोड भागात आहे,याचे मुख्य प्रांगण पुण्यातील पौड रोड भागात आहे,यांचे मुख्य प्रांगण पुण्यातील पोड रोड भागात आहे,4.35,25.0,0,5.43
sample_01407,D:\marathi-asr\data\vistaar_benchmarks\kathbath\marathi\wavs\844424933394879-566-m.wav,लिंगभाव पुरुषत्व व धर्म यांचा स्पष्ट संबंध आहे,लिंगभाव पुरुस्त्व व धर्म यांचा स्पष्ट संबंध आहे,लिंगभाव पुरुषत्व व धर्म यांचा स्पष्ट संबंध आहे,लिंगभाव पुरुस्त्व व धर्म यांचा स्पष्ट संबंध आहे,4.35,12.5,0,3.65
sample_01408,D:\marathi-asr\data\vistaar_benchmarks\kathbath\marathi\wavs\844424933355987-1120-m.wav,मधल्या पांढऱ्या पट्ट्याच्या मध्यभागी एल साल्व्हाडोरचे राष्ट्रीय चिन्ह दर्शवले आहे,मधल्या पांढऱ्यापट्ट्यांच्या मध्यभागी एक साल्वोडरचे राष्ट्रीय चिन्ह दर्शवले आहे,मधल्या पांढऱ्या पट्ट्याच्या मध्यभागी एल साल्व्हाडोरचे राष्ट्रीय चिन्ह दर्शवले आहे,मधल्या पांढऱ्यापट्ट्यांच्या मध्यभागी एक साल्वोडरचे राष्ट्रीय चिन्ह दर्शवले आहे,10.98,40.0,0,5.9
sample_01409,D:\marathi-asr\data\vistaar_benchmarks\kathbath\marathi\wavs\844424933381586-676-m.wav,शारिरीक आणि मानसिक थकवा जडपणा या भाजीने कमी होतो,शारीरिक आणि मानसिक थकवा जडपणा या भाजीने कमी होतो,शारिरीक आणि मानसिक थकवा जडपणा या भाजीने कमी होतो,शारीरिक आणि मानसिक थकवा जडपणा या भाजीने कमी होतो,4.17,11.11,0,6.25
sample_01410,D:\marathi-asr\data\vistaar_benchmarks\kathbath\marathi\wavs\844424933356002-1120-m.wav,भावबंधन एकच प्याला यांसारख्या नाटकांची तर आजही एव्हरग्रीन म्हणून जाहिरात केली जाते,भावबंधन एकच प्याला यांसारख्या नाटकांची तर आजही एव्हरग्रीन म्हणून जाहिरात केली जाते,भावबंधन एकच प्याला यांसारख्या नाटकांची तर आजही एव्हरग्रीन म्हणून जाहिरात केली जाते,भावबंधन एकच प्याला यांसारख्या नाटकांची तर आजही एव्हरग्रीन म्हणून जाहिरात केली जाते,0.0,0.0,1,6.18
sample_01411,D:\marathi-asr\data\vistaar_benchmarks\kathbath\marathi\wavs\844424933280478-817-m.wav,त्यामुळे आनंद व्यक्तिरेखा त्यानी उत्कृष्ट रित्या साकारून चित्रपट अजरामर केला,त्यामुळे आनंद व्यक्तिरेखा त्यांनी उत्कृष्टरित्या साकारून चित्रपट अजरामर केला,त्यामुळे आनंद व्यक्तिरेखा त्यानी उत्कृष्ट रित्या साकारून चित्रपट अजरामर केला,त्यामुळे आनंद व्यक्तिरेखा त्यांनी उत्कृष्टरित्या साकारून चित्रपट अजरामर केला,2.63,30.0,0,11.91
sample_01412,D:\marathi-asr\data\vistaar_benchmarks\kathbath\marathi\wavs\844424933394831-566-m.wav,धोंडेवाडी हे भारतातील महाराष्ट्र राज्यातील सांगली जिल्ह्यातील तासगांव तालुक्यातील एक गाव आहे,दडोंडेवाळी हे भारतातील महाराष्ट्र राज्यातील सांगली जिल्ह्यातील तासगाव तालुक्यातील एक गाव आहे,धोंडेवाडी हे भारतातील महाराष्ट्र राज्यातील सांगली जिल्ह्यातील तासगांव तालुक्यातील एक गाव आहे,दडोंडेवाळी हे भारतातील महाराष्ट्र राज्यातील सांगली जिल्ह्यातील तासगाव तालुक्यातील एक गाव आहे,4.35,16.67,0,5.25
sample_01413,D:\marathi-asr\data\vistaar_benchmarks\kathbath\marathi\wavs\844424933381617-676-m.wav,आळवण हे भारताच्या महाराष्ट्र राज्यातील नंदुरबार जिल्ह्यातील तळोदा तालुक्यातील एक गाव आहे,आळवण हे भारताच्या महाराष्ट्र राज्यातील नंदुरबार जिल्ह्यातील तळोदा तालुक्यातील एक गाव आहे,आळवण हे भारताच्या महाराष्ट्र राज्यातील नंदुरबार जिल्ह्यातील तळोदा तालुक्यातील एक गाव आहे,आळवण हे भारताच्या महाराष्ट्र राज्यातील नंदुरबार जिल्ह्यातील तळोदा तालुक्यातील एक गाव आहे,0.0,0.0,1,8.61
sample_01414,D:\marathi-asr\data\vistaar_benchmarks\kathbath\marathi\wavs\844424933379975-487-m.wav,कदाचित हिलाच प्राचीन काळात पुष्करिणी नावाने ओळखले जात असावे असे वाटते,कदाचित हिलाच प्राचीन काळात पुष्करीिणी नावाने ओळखले जात असावे असे वाटते,कदाचित हिलाच प्राचीन काळात पुष्करिणी नावाने ओळखले जात असावे असे वाटते,कदाचित हिलाच प्राचीन काळात पुष्करीिणी नावाने ओळखले जात असावे असे वाटते,1.45,9.09,0,5.11
sample_01415,D:\marathi-asr\data\vistaar_benchmarks\kathbath\marathi\wavs\844424933379948-487-m.wav,हा रस्ता फक्त १३ किमी चा असून बहुंताशी भाविक याच मार्गाने येणे पसंत करतात,हा रस्ता फक्त तेरा किलोमीटरचा असून बहुतांशी भाविक याच मार्गाने येणे पसंत करतात,हा रस्ता फक्त १३ किमी चा असून बहुंताशी भाविक याच मार्गाने येणे पसंत करतात,हा रस्ता फक्त तेरा किलोमीटरचा असून बहुतांशी भाविक याच मार्गाने येणे पसंत करतात,13.7,28.57,0,5.94
sample_01416,D:\marathi-asr\data\vistaar_benchmarks\kathbath\marathi\wavs\844424933394829-566-m.wav,मुसळवाडी हे भारतातील महाराष्ट्र राज्यातील वाशिम जिल्ह्यातील मालेगाव तालुक्यातील एक गाव आहे,उसळवाडी हे भारतातील महाराष्ट्र राज्यातील वाशिम जिल्ह्यातील मालेगाव तालुक्यातील एक गाव आहे,मुसळवाडी हे भारतातील महाराष्ट्र राज्यातील वाशिम जिल्ह्यातील मालेगाव तालुक्यातील एक गाव आहे,उसळवाडी हे भारतातील महाराष्ट्र राज्यातील वाशिम जिल्ह्यातील मालेगाव तालुक्यातील एक गाव आहे,2.22,8.33,0,5.6
sample_01417,D:\marathi-asr\data\vistaar_benchmarks\kathbath\marathi\wavs\844424933373403-962-m.wav,जयवर्धनेचे शानदार शतक आणि दिलशानच्या ५० धावांमुळे श्रीलंकेने २४२ धावा केल्या,जयवर्धनेचे शानदार शतक आणि दिलशानच्या पन्नास धावांमुळे श्रीलंकेने दोनशे बेचाळी धावा केल्या,जयवर्धनेचे शानदार शतक आणि दिलशानच्या ५० धावांमुळे श्रीलंकेने २४२ धावा केल्या,जयवर्धनेचे शानदार शतक आणि दिलशानच्या पन्नास धावांमुळे श्रीलंकेने दोनशे बेचाळी धावा केल्या,23.68,27.27,0,6.92
sample_01418,D:\marathi-asr\data\vistaar_benchmarks\kathbath\marathi\wavs\844424933280465-817-m.wav,सुख दुःखाचा प्रत्यक्ष अनुभव करणे म्हणजेच त्या एकप्रकारच्या संवेदनाच होय,सुखदुःखाचा प्रत्यक्ष अनुभव करणारे म्हणजेच त्या एक प्रकारचा संवेदनाच होय,सुख दुःखाचा प्रत्यक्ष अनुभव करणे म्हणजेच त्या एकप्रकारच्या संवेदनाच होय,सुखदुःखाचा प्रत्यक्ष अनुभव करणारे म्हणजेच त्या एक प्रकारचा संवेदनाच होय,8.45,50.0,0,8.38
sample_01419,D:\marathi-asr\data\vistaar_benchmarks\kathbath\marathi\wavs\844424933356019-1120-m.wav,मालेगाव हे भारताच्या महाराष्ट्र राज्यातील पुणे जिल्ह्यातील मुळशी तालुक्यातील एक गाव आहे,मालेगाव हे भारताच्या महाराष्ट्र राज्यातील पुणे जिल्ह्यातील मुळशी तालुक्यातील एक गाव आहे,मालेगाव हे भारताच्या महाराष्ट्र राज्यातील पुणे जिल्ह्यातील मुळशी तालुक्यातील एक गाव आहे,मालेगाव हे भारताच्या महाराष्ट्र राज्यातील पुणे जिल्ह्यातील मुळशी तालुक्यातील एक गाव आहे,0.0,0.0,1,4.85
sample_01420,D:\marathi-asr\data\vistaar_benchmarks\kathbath\marathi\wavs\844424933355967-1120-m.wav,संचालनाच्या दृष्टीने या रेल्वेस विभागीय रेल्वेचा दर्जा आहे,संचालनाच्या दृष्टीने या रेल्वेस विभागीय रेल्वेचा दर्जा आहे,संचालनाच्या दृष्टीने या रेल्वेस विभागीय रेल्वेचा दर्जा आहे,संचालनाच्या दृष्टीने या रेल्वेस विभागीय रेल्वेचा दर्जा आहे,0.0,0.0,1,3.95
sample_01421,D:\marathi-asr\data\vistaar_benchmarks\kathbath\marathi\wavs\844424933379927-487-m.wav,शिक्षक कृतिशील सुधारक नितळनिर्व्याज माणूस ही गुणविशेषणे त्यांना सार्थपणे लावली गेली,शिक्षक कृतशील सुधारक नितळनिर्व्याज माणूस ही गुणविशेष नेत्यांना सार्थपणे लावली गेली,शिक्षक कृतिशील सुधारक नितळनिर्व्याज माणूस ही गुणविशेषणे त्यांना सार्थपणे लावली गेली,शिक्षक कृतशील सुधारक नितळनिर्व्याज माणूस ही गुणविशेष नेत्यांना सार्थपणे लावली गेली,4.82,27.27,0,7.71
sample_01422,D:\marathi-asr\data\vistaar_benchmarks\kathbath\marathi\wavs\844424933379987-487-m.wav,सर्व खोल्यातून ऋतुमाना नुसार आवस्यक तापमान ठेवण्यासाठी वातानुकूलित सुविधा सेटेलाइट,सर्व खोल्यातून ऋतुवानानुसार आवश्यक तापमान ठेवण्यासाठी वातानुकूलित सुविधा सॅटेलाइट,सर्व खोल्यातून ऋतुमाना नुसार आवस्यक तापमान ठेवण्यासाठी वातानुकूलित सुविधा सेटेलाइट,सर्व खोल्यातून ऋतुवानानुसार आवश्यक तापमान ठेवण्यासाठी वातानुकूलित सुविधा सॅटेलाइट,4.88,40.0,0,6.71
sample_01423,D:\marathi-asr\data\vistaar_benchmarks\kathbath\marathi\wavs\844424933379967-487-m.wav,स्पेन अल्जीरिया इटली तुर्की पुर्तगाल आणि ग्रीस मध्ये याची शेती व्यावसायिक स्तर वर केली जाते,स्पेन अल्जेरिया इटली तुर्की पोर्तगाल आणि ग्रीसमध्ये याची शेती व्यावसायिक स्तरावरर केली जाते,स्पेन अल्जीरिया इटली तुर्की पुर्तगाल आणि ग्रीस मध्ये याची शेती व्यावसायिक स्तर वर केली जाते,स्पेन अल्जेरिया इटली तुर्की पोर्तगाल आणि ग्रीसमध्ये याची शेती व्यावसायिक स्तरावरर केली जाते,5.49,40.0,0,7.71
sample_01424,D:\marathi-asr\data\vistaar_benchmarks\kathbath\marathi\wavs\844424933381627-676-m.wav,१९८० आणि इ स २००९ च्या लोकसभा निवडणुकींमध्ये हिमाचल प्रदेश मधून लोकसभेवर निवडून गेले होते,एकोणीसशे ऐंशी आणि इसवी सन दोन हजार नऊच्या लोकसभा निवडणुकीमध्ये हिमाचल प्रदेशमधून लोकसभेवर निवडून गेले होते,१९८० आणि इ स २००९ च्या लोकसभा निवडणुकींमध्ये हिमाचल प्रदेश मधून लोकसभेवर निवडून गेले होते,एकोणीसशे ऐंशी आणि इसवी सन दोन हजार नऊच्या लोकसभा निवडणुकीमध्ये हिमाचल प्रदेशमधून लोकसभेवर निवडून गेले होते,32.58,66.67,0,8.87
sample_01425,D:\marathi-asr\data\vistaar_benchmarks\kathbath\marathi\wavs\844424933280441-817-m.wav,विद्यापीठ कला विज्ञान वाणिज्य शिक्षण व्यवसाय प्रशासन व औषधनिर्माणशास्त्र या शाखांतील २७ पदव्यूत्तर पाठ्यक्रम चालवते,विद्यापीठ कला विज्ञान वाणिज्य शिक्षण व्यवसाय व प्रशासन व औषध नििर्माणशास्त्र या शाखातील सत्तावीस पदव्युत्तर पाठ्यक्रम चालवते,विद्यापीठ कला विज्ञान वाणिज्य शिक्षण व्यवसाय प्रशासन व औषधनिर्माणशास्त्र या शाखांतील २७ पदव्यूत्तर पाठ्यक्रम चालवते,विद्यापीठ कला विज्ञान वाणिज्य शिक्षण व्यवसाय व प्रशासन व औषध नििर्माणशास्त्र या शाखातील सत्तावीस पदव्युत्तर पाठ्यक्रम चालवते,12.17,40.0,0,8.06
sample_01426,D:\marathi-asr\data\vistaar_benchmarks\kathbath\marathi\wavs\844424933373436-962-m.wav,सर्वसामान्यांसाठी असणारा गीतेवरील ज्ञानेश्वरांचा हा टीकाग्रंथ मराठीतील सर्वश्रेष्ठ ग्रंथ आहे,सर्वसामान्यांसाठी असणार्या गीतेवरील ज्ञानेश्वरांचा हा टीका ग्रंथ मराठीतील सर्वश्रेष्ठ ग्रंथ आहे,सर्वसामान्यांसाठी असणारा गीतेवरील ज्ञानेश्वरांचा हा टीकाग्रंथ मराठीतील सर्वश्रेष्ठ ग्रंथ आहे,सर्वसामान्यांसाठी असणार्या गीतेवरील ज्ञानेश्वरांचा हा टीका ग्रंथ मराठीतील सर्वश्रेष्ठ ग्रंथ आहे,3.26,30.0,0,6.15
sample_01427,D:\marathi-asr\data\vistaar_benchmarks\kathbath\marathi\wavs\844424933355958-1120-m.wav,सातपुडा पर्वतरांग विंध्य पर्वतरांगांच्या दक्षिणेस समांतर असून नर्मदा नदीच्या खोऱ्याने मधला प्रदेश व्यापला आहे,सातपुडा पर्वतरांगा विध पर्वतरांगांच्या दक्षिणेस समांतर असून नर्मदा नदीच्या खोऱ्याने मधला प्रदेश व्यापला आहे,सातपुडा पर्वतरांग विंध्य पर्वतरांगांच्या दक्षिणेस समांतर असून नर्मदा नदीच्या खोऱ्याने मधला प्रदेश व्यापला आहे,सातपुडा पर्वतरांगा विध पर्वतरांगांच्या दक्षिणेस समांतर असून नर्मदा नदीच्या खोऱ्याने मधला प्रदेश व्यापला आहे,5.45,21.43,0,9.31
sample_01428,D:\marathi-asr\data\vistaar_benchmarks\kathbath\marathi\wavs\844424933379942-487-m.wav,तेव्हा गुरू हा चंद्र व शुक्रानंतरचा आकाशातील सर्वाधिक प्रकाशमान ग्रह बनतो,तेव्हा गुरु हा चंद्र व शुक्रानंतरचा आकाशातील सर्वाधिक प्रकाशमान ग्रह बनतो,तेव्हा गुरू हा चंद्र व शुक्रानंतरचा आकाशातील सर्वाधिक प्रकाशमान ग्रह बनतो,तेव्हा गुरु हा चंद्र व शुक्रानंतरचा आकाशातील सर्वाधिक प्रकाशमान ग्रह बनतो,1.37,9.09,0,5.69
sample_01429,D:\marathi-asr\data\vistaar_benchmarks\kathbath\marathi\wavs\844424933394030-426-m.wav,कॉलरा झाल्यानंतर रुग्णाला प्रथमतः उकळलेले पाणी दिले पाहिजे,कालोरा झाल्यानंतर रुग्णाला प्रथमतः उकललेले पाणी दिले पाहिजे,कॉलरा झाल्यानंतर रुग्णाला प्रथमतः उकळलेले पाणी दिले पाहिजे,कालोरा झाल्यानंतर रुग्णाला प्रथमतः उकललेले पाणी दिले पाहिजे,5.17,25.0,0,6.85
sample_01430,D:\marathi-asr\data\vistaar_benchmarks\kathbath\marathi\wavs\844424933356026-1120-m.wav,तो सिंह व त्याकडील मणी रूक्षराज जाम्बवंताच्या दृष्टीस पडतो,तो सिंह व त्याकडील मणी वृक्षराज जांबवतांच्या दृष्टीस पडतो,तो सिंह व त्याकडील मणी रूक्षराज जाम्बवंताच्या दृष्टीस पडतो,तो सिंह व त्याकडील मणी वृक्षराज जांबवतांच्या दृष्टीस पडतो,10.34,22.22,0,5.46
sample_01431,D:\marathi-asr\data\vistaar_benchmarks\kathbath\marathi\wavs\844424933394040-426-m.wav,त्यानंतर तीन वर्षे अमेरिकेत पोस्ट डॉक्टरल फेलोशिपअंतर्गत संशोधन केल्यावर ते भारतात परतले,त्यानंतर तीन वर्षे अमेरिकेत पोस्ट डॉक्टरल फेलोशिप अंतर्गत संशोधन केल्यावर ते भारतात परतले,त्यानंतर तीन वर्षे अमेरिकेत पोस्ट डॉक्टरल फेलोशिपअंतर्गत संशोधन केल्यावर ते भारतात परतले,त्यानंतर तीन वर्षे अमेरिकेत पोस्ट डॉक्टरल फेलोशिप अंतर्गत संशोधन केल्यावर ते भारतात परतले,1.14,16.67,0,8.08
sample_01432,D:\marathi-asr\data\vistaar_benchmarks\kathbath\marathi\wavs\844424933393989-426-m.wav,या पाणबुड्या ग्वादालकॅनालच्या नैऋत्येस ४ समुद्री मैल रांग लावून पाळत ठेवीत बसलेल्या होत्या,या पाणबुड्या गावादाल कॅनलच्या नैऋत्यस चार समुद्री मेल रांग लावून पाडत ठेवीत बसलेल्या होत्या,या पाणबुड्या ग्वादालकॅनालच्या नैऋत्येस ४ समुद्री मैल रांग लावून पाळत ठेवीत बसलेल्या होत्या,या पाणबुड्या गावादाल कॅनलच्या नैऋत्यस चार समुद्री मेल रांग लावून पाडत ठेवीत बसलेल्या होत्या,10.0,46.15,0,13.14
sample_01433,D:\marathi-asr\data\vistaar_benchmarks\kathbath\marathi\wavs\844424933394837-566-m.wav,बालीतील वर्णव्यवस्था जन्मावर आधारित नाही म्हणून एकाच कुटुंबात अनेक वर्णांच्या व्यक्ती असू शकतात,पादती वना व्यस्थ जन्मावर आधारितत नाही म्हणून एकाच कुटुंबात अनेक वनांचे व्यक्ती असू शकतात,बालीतील वर्णव्यवस्था जन्मावर आधारित नाही म्हणून एकाच कुटुंबात अनेक वर्णांच्या व्यक्ती असू शकतात,पादती वना व्यस्थ जन्मावर आधारितत नाही म्हणून एकाच कुटुंबात अनेक वनांचे व्यक्ती असू शकतात,16.84,38.46,0,5.43
sample_01434,D:\marathi-asr\data\vistaar_benchmarks\kathbath\marathi\wavs\844424933381624-676-m.wav,वासगडे हे भारतातील महाराष्ट्र राज्यातील सांगली जिल्ह्यातील पलुस तालुक्यातील एक गाव आहे,वासगडे हे भारतातील महाराष्ट्र राज्यातील सांगली जिल्ह्यातील पलूस तालुक्यातील एक गाव आहे,वासगडे हे भारतातील महाराष्ट्र राज्यातील सांगली जिल्ह्यातील पलुस तालुक्यातील एक गाव आहे,वासगडे हे भारतातील महाराष्ट्र राज्यातील सांगली जिल्ह्यातील पलूस तालुक्यातील एक गाव आहे,1.16,8.33,0,7.85
sample_01435,D:\marathi-asr\data\vistaar_benchmarks\kathbath\marathi\wavs\844424933394861-566-m.wav,चिखलवाडी हे भारतातील महाराष्ट्र राज्यातील दक्षिण कोकणातील रत्नागिरी जिल्ह्यातील रत्नागिरी तालुक्यातील एक गाव आहे,चिकलवाडी हे भारतातील महाराष्ट्र राज्यातील दक्षिण कोकणातील रत्नागिरी जिल्ह्यातील रत्नागिरी तालुक्यातील एक गाव आहे,चिखलवाडी हे भारतातील महाराष्ट्र राज्यातील दक्षिण कोकणातील रत्नागिरी जिल्ह्यातील रत्नागिरी तालुक्यातील एक गाव आहे,चिकलवाडी हे भारतातील महाराष्ट्र राज्यातील दक्षिण कोकणातील रत्नागिरी जिल्ह्यातील रत्नागिरी तालुक्यातील एक गाव आहे,0.89,7.14,0,5.99
sample_01436,D:\marathi-asr\data\vistaar_benchmarks\kathbath\marathi\wavs\844424933280440-817-m.wav,असे मानतात की जपानी माकीईची सुरुवात नारा काळात झाली,असे मानतात की जपानी माखीयेची सुरुवात नारा काळात झाली,असे मानतात की जपानी माकीईची सुरुवात नारा काळात झाली,असे मानतात की जपानी माखीयेची सुरुवात नारा काळात झाली,5.88,11.11,0,4.48
sample_01437,D:\marathi-asr\data\vistaar_benchmarks\kathbath\marathi\wavs\844424933379971-487-m.wav,डॉ गजानन यशवंत चिटणीस हे रॉयवादी विचारसरणीचे मराठी लेखक होते,डॉ गजानन यशवंत चिटणीस हे रायवादी विचारसरणीचे मराठी लेखक होते,डॉ गजानन यशवंत चिटणीस हे रॉयवादी विचारसरणीचे मराठी लेखक होते,डॉ गजानन यशवंत चिटणीस हे रायवादी विचारसरणीचे मराठी लेखक होते,1.67,10.0,0,6.04
sample_01438,D:\marathi-asr\data\vistaar_benchmarks\kathbath\marathi\wavs\844424933394818-566-m.wav,अशा प्रकारे मूळ अमेरिकन कंपनीने कोणत्याही प्रकारची मदत अथवा नुकसान भरपाई देण्यासाठी नकार दिला,अशाश प्र्रकारे मूळ अमेरिकन कंपनीने कोणत्याही प्रकारची मदत अथवा नुकसान भरपाई देण्यासाठी नाकार दिला,अशा प्रकारे मूळ अमेरिकन कंपनीने कोणत्याही प्रकारची मदत अथवा नुकसान भरपाई देण्यासाठी नकार दिला,अशाश प्र्रकारे मूळ अमेरिकन कंपनीने कोणत्याही प्रकारची मदत अथवा नुकसान भरपाई देण्यासाठी नाकार दिला,4.3,21.43,0,5.69
sample_01439,D:\marathi-asr\data\vistaar_benchmarks\kathbath\marathi\wavs\844424933379937-487-m.wav,या मासिकामध्ये श्रीअरविंद व श्रीमाताजी यांच्या इंग्रजी साहित्याचा अनुवाद प्रकाशित केला जातो,या मासिकामध्ये श्री अरविंद व श्रीमाताजी यांच्या इंग्रजी साहित्याचा अनुवाद प्रकाशित केला जातो,या मासिकामध्ये श्रीअरविंद व श्रीमाताजी यांच्या इंग्रजी साहित्याचा अनुवाद प्रकाशित केला जातो,या मासिकामध्ये श्री अरविंद व श्रीमाताजी यांच्या इंग्रजी साहित्याचा अनुवाद प्रकाशित केला जातो,1.1,16.67,0,6.94
sample_01440,D:\marathi-asr\data\vistaar_benchmarks\kathbath\marathi\wavs\844424933355982-1120-m.wav,शदाब खान ४ ऑक्टोबर १९९८ हयात हा पाकिस्तानच्या क्रिकेट संघाकडून खेळणारा खेळाडू आहे,शदाब खान चार ऑक्टोंबर एकोणीसशे अठ्ठ्याण्णव यात हा पाकिस्तानच्या क्रिकेट संघाकडून खेळणारा खेळाडू आहे,शदाब खान ४ ऑक्टोबर १९९८ हयात हा पाकिस्तानच्या क्रिकेट संघाकडून खेळणारा खेळाडू आहे,शदाब खान चार ऑक्टोंबर एकोणीसशे अठ्ठ्याण्णव यात हा पाकिस्तानच्या क्रिकेट संघाकडून खेळणारा खेळाडू आहे,29.63,38.46,0,6.85
sample_01441,D:\marathi-asr\data\vistaar_benchmarks\kathbath\marathi\wavs\844424933373401-962-m.wav,नेपाळच्या राजाने प्रसंग ओळखून आपली कन्या नरदेवाला दिली,नेपाळच्या राजाने प्रसंग ओळखून आपली कन्या नरदेवाला दिली,नेपाळच्या राजाने प्रसंग ओळखून आपली कन्या नरदेवाला दिली,नेपाळच्या राजाने प्रसंग ओळखून आपली कन्या नरदेवाला दिली,0.0,0.0,1,5.09
sample_01442,D:\marathi-asr\data\vistaar_benchmarks\kathbath\marathi\wavs\844424933355986-1120-m.wav,औरंगाबाद लेणी ही औरंगाबाद शहरातील बीबी का मकबरापासून उत्तरेला सुमारे दोन किलोमीटर अंतरावर आहे,औरंगाबाद लेणी ही औरंगाबाद शहरातील विब का मकबरापासून उत्तरेला सुमारे दोन किलोमीटर अंतरावर आहे,औरंगाबाद लेणी ही औरंगाबाद शहरातील बीबी का मकबरापासून उत्तरेला सुमारे दोन किलोमीटर अंतरावर आहे,औरंगाबाद लेणी ही औरंगाबाद शहरातील विब का मकबरापासून उत्तरेला सुमारे दोन किलोमीटर अंतरावर आहे,3.23,7.14,0,7.62
sample_01443,D:\marathi-asr\data\vistaar_benchmarks\kathbath\marathi\wavs\844424933379907-487-m.wav,हुसेंनसागर रेल्वेला एचई ब्रीद वाक्य अतिशय एलएएजीयू पडत,हुसेैनसागर रेल्वेला एचआई ब्रीद वाक्य अतिशय एलएलजीयू पडत,हुसेंनसागर रेल्वेला एचई ब्रीद वाक्य अतिशय एलएएजीयू पडत,हुसेैनसागर रेल्वेला एचआई ब्रीद वाक्य अतिशय एलएलजीयू पडत,5.56,37.5,0,7.15
sample_01444,D:\marathi-asr\data\vistaar_benchmarks\kathbath\marathi\wavs\844424933381631-676-m.wav,म्हणून खाली दिलेल्या कार्याकरिता निश्चित योजना तयार कराव्या लागतात,म्हणून खाली दिलेल्या कार्यकता निश्चित योजना तयार कराव्या लागतात,म्हणून खाली दिलेल्या कार्याकरिता निश्चित योजना तयार कराव्या लागतात,म्हणून खाली दिलेल्या कार्यकता निश्चित योजना तयार कराव्या लागतात,4.55,11.11,0,6.06
sample_01445,D:\marathi-asr\data\vistaar_benchmarks\kathbath\marathi\wavs\844424933356013-1120-m.wav,गुलाम म्हणून एका कुटुंबातून दुसऱ्या कुटुंबात हस्तांतरित केले जात,गुलाम म्हणून एका कुटुंबातून दुसऱ्या कुटुंबात हस्तांतरित केले जाते,गुलाम म्हणून एका कुटुंबातून दुसऱ्या कुटुंबात हस्तांतरित केले जात,गुलाम म्हणून एका कुटुंबातून दुसऱ्या कुटुंबात हस्तांतरित केले जाते,4.62,22.22,0,4.92
sample_01446,D:\marathi-asr\data\vistaar_benchmarks\kathbath\marathi\wavs\844424933379911-487-m.wav,याबरोबरच कोवॅस संस्थेतर्फे जांभेकर बाईंनी अनेक उपक्रमांना सुरुवात केली आहे,याबरोबरच कोवॅस संस्थेतर्फे जांभेकरबाईंनी अनेक उपक्रमांना सुरुवात केली आहे,याबरोबरच कोवॅस संस्थेतर्फे जांभेकर बाईंनी अनेक उपक्रमांना सुरुवात केली आहे,याबरोबरच कोवॅस संस्थेतर्फे जांभेकरबाईंनी अनेक उपक्रमांना सुरुवात केली आहे,1.35,20.0,0,5.85
sample_01447,D:\marathi-asr\data\vistaar_benchmarks\kathbath\marathi\wavs\844424933394848-566-m.wav,यांची पत्नी भाग्यश्री साठे ठिपसे ही महिला इंटरनॅशनल मास्टर आहे,यांची पत्नी भाग्यश्री साठे ठिपसे ही महिला इंटरनॅशनल मास्टर आहे,यांची पत्नी भाग्यश्री साठे ठिपसे ही महिला इंटरनॅशनल मास्टर आहे,यांची पत्नी भाग्यश्री साठे ठिपसे ही महिला इंटरनॅशनल मास्टर आहे,0.0,0.0,1,4.25
sample_01448,D:\marathi-asr\data\vistaar_benchmarks\kathbath\marathi\wavs\844424933373381-962-m.wav,ते ऐकून तुमचा हा हेतु मी पुरवितो म्हणून गोरक्षाने त्यास सांगितले,ते ऐकून तुमचा हा हेतू मी पुरवितो म्हणून गोरक्षाने त्यास सांगितले,ते ऐकून तुमचा हा हेतु मी पुरवितो म्हणून गोरक्षाने त्यास सांगितले,ते ऐकून तुमचा हा हेतू मी पुरवितो म्हणून गोरक्षाने त्यास सांगितले,1.56,9.09,0,7.04
sample_01449,D:\marathi-asr\data\vistaar_benchmarks\kathbath\marathi\wavs\844424933280492-817-m.wav,जे राष्ट्रीय गुंणोत्तर च्या ५९५ पेक्षा जास्त आहे,जे राष्ट्रीय गुणोत्तरच्या पाचशे पंच्याण्णव पेक्षा जास्त आहे,जे राष्ट्रीय गुंणोत्तर च्या ५९५ पेक्षा जास्त आहे,जे राष्ट्रीय गुणोत्तरच्या पाचशे पंच्याण्णव पेक्षा जास्त आहे,35.42,37.5,0,7.13
sample_01450,D:\marathi-asr\data\vistaar_benchmarks\kathbath\marathi\wavs\844424933280474-817-m.wav,ही लिपी अजूनही तैवान हॉंगकॉंग आणि मकाव या चीनशेजारील भूभागांमध्ये प्रचलित आहे,ही लिपी अजूनही ताैवान हाँगकाँग आणि मकाव या िनी शेजारील भूभागांमध्ये प्रचलित आहे,ही लिपी अजूनही तैवान हॉंगकॉंग आणि मकाव या चीनशेजारील भूभागांमध्ये प्रचलित आहे,ही लिपी अजूनही ताैवान हाँगकाँग आणि मकाव या िनी शेजारील भूभागांमध्ये प्रचलित आहे,10.39,33.33,0,11.15
sample_01451,D:\marathi-asr\data\vistaar_benchmarks\kathbath\marathi\wavs\844424933280477-817-m.wav,आंबेगाव हे भारताच्या महाराष्ट्र राज्यातील पुणे जिल्ह्यातील हवेली तालुक्यातील एक गाव आहे,आंबेगाव हे भारताच्या महाराष्ट्र राज्यातील पुणे जिल्ह्यातील हवेली तालुक्यातील एक गाव आहे,आंबेगाव हे भारताच्या महाराष्ट्र राज्यातील पुणे जिल्ह्यातील हवेली तालुक्यातील एक गाव आहे,आंबेगाव हे भारताच्या महाराष्ट्र राज्यातील पुणे जिल्ह्यातील हवेली तालुक्यातील एक गाव आहे,0.0,0.0,1,10.68
sample_01452,D:\marathi-asr\data\vistaar_benchmarks\kathbath\marathi\wavs\844424933394816-566-m.wav,आपल्या कारकिर्दीची सुरुवात मॉडेलिंगमध्ये करणाऱ्या इलिआनाने आजवर अनेक तेलुगू चित्रपटांमध्ये कामे केली आहेत,आपल्या कारकिर्दीची सुरुवात मोॉडलिंगमध्ये करणाऱ्या ई लीआने आधवर अनेक तेलुगू चित्रपटांमध्ये काम केले आहेत,आपल्या कारकिर्दीची सुरुवात मॉडेलिंगमध्ये करणाऱ्या इलिआनाने आजवर अनेक तेलुगू चित्रपटांमध्ये कामे केली आहेत,आपल्या कारकिर्दीची सुरुवात मोॉडलिंगमध्ये करणाऱ्या ई लीआने आधवर अनेक तेलुगू चित्रपटांमध्ये काम केले आहेत,11.32,53.85,0,6.99
sample_01453,D:\marathi-asr\data\vistaar_benchmarks\kathbath\marathi\wavs\844424933280459-817-m.wav,गावात सर्वात जवळील कृषी उत्पन्न बाजार समिती १० किलोमीटरहून जास्त अंतरावर आहे,गावात सर्वात जवळील कृषी उत्पन्न बाजार समिती दहा किलोमीटरहून जास्त अंतरावर आहे,गावात सर्वात जवळील कृषी उत्पन्न बाजार समिती १० किलोमीटरहून जास्त अंतरावर आहे,गावात सर्वात जवळील कृषी उत्पन्न बाजार समिती दहा किलोमीटरहून जास्त अंतरावर आहे,3.95,8.33,0,5.53
sample_01454,D:\marathi-asr\data\vistaar_benchmarks\kathbath\marathi\wavs\844424933394011-426-m.wav,चिंचवळी हे भारतातील महाराष्ट्र राज्यातील दक्षिण कोकणातील सिंधुदुर्ग जिल्ह्यातील कणकवली तालुक्यातील एक गाव आहे,चिंचवडी हे भारतातील महाराष्ट्र राज्यातील दक्षिण कोकणातील सिंधुदुर्ग जिल्ह्यातील कणकवली तालुक्यातील एक गाव आहे,चिंचवळी हे भारतातील महाराष्ट्र राज्यातील दक्षिण कोकणातील सिंधुदुर्ग जिल्ह्यातील कणकवली तालुक्यातील एक गाव आहे,चिंचवडी हे भारतातील महाराष्ट्र राज्यातील दक्षिण कोकणातील सिंधुदुर्ग जिल्ह्यातील कणकवली तालुक्यातील एक गाव आहे,0.92,7.14,0,10.57
sample_01455,D:\marathi-asr\data\vistaar_benchmarks\kathbath\marathi\wavs\844424933394789-566-m.wav,पेटपार हे भारतातील महाराष्ट्र राज्यातील सातारा जिल्ह्यातील महाबळेश्वर तालुक्यातील एक गाव आहे,पेटपार हे भारतातील महाराष्ट्र राज्यातील सातारा जिल्ह्यातील महाबळेश्वर तालुक्यातील एक गाव आहे,पेटपार हे भारतातील महाराष्ट्र राज्यातील सातारा जिल्ह्यातील महाबळेश्वर तालुक्यातील एक गाव आहे,पेटपार हे भारतातील महाराष्ट्र राज्यातील सातारा जिल्ह्यातील महाबळेश्वर तालुक्यातील एक गाव आहे,0.0,0.0,1,6.97
sample_01456,D:\marathi-asr\data\vistaar_benchmarks\kathbath\marathi\wavs\844424933394796-566-m.wav,११ एप्रिल २००१ रोजी झालेल्या ह्या सामन्यात ऑस्ट्रेलियाने अमेरिकन सामोआला ३१० ने हरविले होते,अकरा एप्रिल दोन हजार एक रोजी झालेल्या या सामन्यात ऑस्ट्रेलियाने अमेरिकन सामूहाला तीनशे दहाने हरवले होते,११ एप्रिल २००१ रोजी झालेल्या ह्या सामन्यात ऑस्ट्रेलियाने अमेरिकन सामोआला ३१० ने हरविले होते,अकरा एप्रिल दोन हजार एक रोजी झालेल्या या सामन्यात ऑस्ट्रेलियाने अमेरिकन सामूहाला तीनशे दहाने हरवले होते,31.87,64.29,0,7.29
sample_01457,D:\marathi-asr\data\vistaar_benchmarks\kathbath\marathi\wavs\844424933394018-426-m.wav,याच दरम्यान त्यांच्या वडिलांचे निधन झाले १९०६ आणि ताराबाई पुणे सोडून मुंबईला आल्या,याच दरम्यान त्यांच्या वडिलांचे निधन झाले एकोणीसशे सहा आणि ताराबाई पुणे सोडून मुंबईला आल्या,याच दरम्यान त्यांच्या वडिलांचे निधन झाले १९०६ आणि ताराबाई पुणे सोडून मुंबईला आल्या,याच दरम्यान त्यांच्या वडिलांचे निधन झाले एकोणीसशे सहा आणि ताराबाई पुणे सोडून मुंबईला आल्या,14.63,15.38,0,8.66
sample_01458,D:\marathi-asr\data\vistaar_benchmarks\kathbath\marathi\wavs\844424933381629-676-m.wav,मराठीतील सर्व विरोधाभासी ध्वनींचा आयपीए चार्ट खाली दिला आहे,मराठीतील सर्व विरोधाभाषी ध्वनींचा आयपीए चार्ट खाली दिला आहे,मराठीतील सर्व विरोधाभासी ध्वनींचा आयपीए चार्ट खाली दिला आहे,मराठीतील सर्व विरोधाभाषी ध्वनींचा आयपीए चार्ट खाली दिला आहे,1.69,11.11,0,6.78
sample_01459,D:\marathi-asr\data\vistaar_benchmarks\kathbath\marathi\wavs\844424933356056-1120-m.wav,यासाठी पीएसएलव्ही सी २५ हे प्रक्षेपण अस्त्र वापरण्यात आले,यासाठी पीएसएलव्ही सी ट्वेंटी फाय हे प्रक्षेपण असस्त्र वापरण्यात आले,यासाठी पीएसएलव्ही सी २५ हे प्रक्षेपण अस्त्र वापरण्यात आले,यासाठी पीएसएलव्ही सी ट्वेंटी फाय हे प्रक्षेपण असस्त्र वापरण्यात आले,21.05,33.33,0,5.9
sample_01460,D:\marathi-asr\data\vistaar_benchmarks\kathbath\marathi\wavs\844424933381656-676-m.wav,डॅव्हेनपोर्ट हे अमेरिकेची संयुक्त संस्थाने देशाच्या आयोवा राज्यातील एक शहर आहे,डॅव्हेन पोर्ट हे अमेरिकेची संयुक्त संस्थाने देशाच्या अयोव राज्यातील एक शहर आहे,डॅव्हेनपोर्ट हे अमेरिकेची संयुक्त संस्थाने देशाच्या आयोवा राज्यातील एक शहर आहे,डॅव्हेन पोर्ट हे अमेरिकेची संयुक्त संस्थाने देशाच्या अयोव राज्यातील एक शहर आहे,3.85,27.27,0,9.45
sample_01461,D:\marathi-asr\data\vistaar_benchmarks\kathbath\marathi\wavs\844424933379931-487-m.wav,सेनादलातून निवृत्त झाल्यानंतर १९९१ ला राजीव गांधींनी सुधीर सावंतांना राजकारणात आणले,सेनादलातून निवृत्त झाल्यानंतर एकोणीसशे एक््याण्णवला राजीव गांधींनी सुधीर सावंतांना राजकारणात आणले,सेनादलातून निवृत्त झाल्यानंतर १९९१ ला राजीव गांधींनी सुधीर सावंतांना राजकारणात आणले,सेनादलातून निवृत्त झाल्यानंतर एकोणीसशे एक््याण्णवला राजीव गांधींनी सुधीर सावंतांना राजकारणात आणले,21.69,18.18,0,6.62
sample_01462,D:\marathi-asr\data\vistaar_benchmarks\kathbath\marathi\wavs\844424933394038-426-m.wav,ज्यात महिलांच्या निवडणूक आणि राजकीय सहभागाला प्रोत्साहन देण्याची गरज आहे अधोरेखित करण्यात आले,ज्यात महिलांच्या निवडणूक आणि राजकीय सहभागाला प्रोत्साहन देण्याची गरज आहे अधोरेखित करण्यात आले,ज्यात महिलांच्या निवडणूक आणि राजकीय सहभागाला प्रोत्साहन देण्याची गरज आहे अधोरेखित करण्यात आले,ज्यात महिलांच्या निवडणूक आणि राजकीय सहभागाला प्रोत्साहन देण्याची गरज आहे अधोरेखित करण्यात आले,0.0,0.0,1,7.11
sample_01463,D:\marathi-asr\data\vistaar_benchmarks\kathbath\marathi\wavs\844424933394869-566-m.wav,त्यांनी डिजिटल आर्ट फाऊनडेशन ग्रुप ऑफ इंडिया ही चळवळ सुरू केली,त्यांनी डिजिटल आर्ट फाउंडेशन ग्रुप ऑफ इंडिया ही चळवळ सुरू केली,त्यांनी डिजिटल आर्ट फाऊनडेशन ग्रुप ऑफ इंडिया ही चळवळ सुरू केली,त्यांनी डिजिटल आर्ट फाउंडेशन ग्रुप ऑफ इंडिया ही चळवळ सुरू केली,3.23,9.09,0,3.62
sample_01464,D:\marathi-asr\data\vistaar_benchmarks\kathbath\marathi\wavs\844424933355968-1120-m.wav,पटवर्धन यांना हिंगणे येथील स्त्री शिक्षण संस्थेत पाठविण्यात आले,पटवर्धन यांना हिंगणे येथील स्त्री शिक्षण संस्थेत पाठविण्यात आले,पटवर्धन यांना हिंगणे येथील स्त्री शिक्षण संस्थेत पाठविण्यात आले,पटवर्धन यांना हिंगणे येथील स्त्री शिक्षण संस्थेत पाठविण्यात आले,0.0,0.0,1,5.13
sample_01465,D:\marathi-asr\data\vistaar_benchmarks\kathbath\marathi\wavs\844424933373418-962-m.wav,हे भारताच्या महाराष्ट्र राज्यातील वर्धा जिल्ह्यातील देवळी तालुक्यातील एक गांव आहे,हे भारताच्या महाराष्ट्र राज्यातील वर्धा जिल्ह्यातील देवळी तालुक्यातील एक गाव आहे,हे भारताच्या महाराष्ट्र राज्यातील वर्धा जिल्ह्यातील देवळी तालुक्यातील एक गांव आहे,हे भारताच्या महाराष्ट्र राज्यातील वर्धा जिल्ह्यातील देवळी तालुक्यातील एक गाव आहे,1.23,9.09,0,5.48
sample_01466,D:\marathi-asr\data\vistaar_benchmarks\kathbath\marathi\wavs\844424933373456-962-m.wav,पेय व्यवस्थेत सर्व वाईन्स मिक्स्ड स्पिरीटकॉक टेल्स उपलब्ध आहेत,पेय व्यवस्थेत सर्व वाइन्स मिक्स्ड स्पिरिट कॉकटेल्स उपलब्ध आहेत,पेय व्यवस्थेत सर्व वाईन्स मिक्स्ड स्पिरीटकॉक टेल्स उपलब्ध आहेत,पेय व्यवस्थेत सर्व वाइन्स मिक्स्ड स्पिरिट कॉकटेल्स उपलब्ध आहेत,6.45,33.33,0,5.76
sample_01467,D:\marathi-asr\data\vistaar_benchmarks\kathbath\marathi\wavs\844424933394034-426-m.wav,नुसार केवळ पंतप्रधान आणि कॅबिनेट मंत्री दर्जाचे मंत्री केंद्रीय मंत्रिमंडळाचे सदस्य आहेत,नुसार केवळ पंतप्रधान आणि कॅबिनेट मंत्री दर्जाचे मंत्री केंद्रीय मंत्रिमंडळाचे सदस्य आहेत,नुसार केवळ पंतप्रधान आणि कॅबिनेट मंत्री दर्जाचे मंत्री केंद्रीय मंत्रिमंडळाचे सदस्य आहेत,नुसार केवळ पंतप्रधान आणि कॅबिनेट मंत्री दर्जाचे मंत्री केंद्रीय मंत्रिमंडळाचे सदस्य आहेत,0.0,0.0,1,7.45
sample_01468,D:\marathi-asr\data\vistaar_benchmarks\kathbath\marathi\wavs\844424933373476-962-m.wav,देवळे हे भारताच्या महाराष्ट्र राज्यातील पुणे जिल्ह्यातील मावळ तालुक्यातील एक गाव आहे,देवळे हे भारताच्या महाराष्ट्र राज्यातील पुणे जिल्ह्यातील मावळ तालुक्यातील एक गाव आहे,देवळे हे भारताच्या महाराष्ट्र राज्यातील पुणे जिल्ह्यातील मावळ तालुक्यातील एक गाव आहे,देवळे हे भारताच्या महाराष्ट्र राज्यातील पुणे जिल्ह्यातील मावळ तालुक्यातील एक गाव आहे,0.0,0.0,1,5.64
sample_01469,D:\marathi-asr\data\vistaar_benchmarks\kathbath\marathi\wavs\844424933373406-962-m.wav,या कमिशनसमोर बाबासाहेबांनी दिलेल्या साक्षीत आपल्याला दोनच गोष्टी विचारात घ्याव्या लागतील,या कमिशनसमोर बाबासाहेबांनी दिलेल्या साक्षीत आपल्याला दोनच गोष्टी विचारात घ्याव्या लागतील,या कमिशनसमोर बाबासाहेबांनी दिलेल्या साक्षीत आपल्याला दोनच गोष्टी विचारात घ्याव्या लागतील,या कमिशनसमोर बाबासाहेबांनी दिलेल्या साक्षीत आपल्याला दोनच गोष्टी विचारात घ्याव्या लागतील,0.0,0.0,1,6.25
sample_01470,D:\marathi-asr\data\vistaar_benchmarks\kathbath\marathi\wavs\844424933381611-676-m.wav,दिंडुक्कल किंवा दिंडीगुल हा भारताच्या तमिळनाडू राज्यातील जिल्हा आहे,दिंडुक्कल किंवा दिंडीिगुल हा भारताच्या तामिळनाडू राज्यातील जिल्हा आहे,दिंडुक्कल किंवा दिंडीगुल हा भारताच्या तमिळनाडू राज्यातील जिल्हा आहे,दिंडुक्कल किंवा दिंडीिगुल हा भारताच्या तामिळनाडू राज्यातील जिल्हा आहे,2.99,22.22,0,8.29
sample_01471,D:\marathi-asr\data\vistaar_benchmarks\kathbath\marathi\wavs\844424933355976-1120-m.wav,नागशेवडी हे भारताच्या महाराष्ट्र राज्यातील नाशिक जिल्ह्यातील सुरगाणा तालुक्यातील एक गाव आहे,नागशेवडी हे भारताच्या महाराष्ट्र राज्यातील नाशिक जिल्ह्यातील सुरगाणा तालुक्यातील एक गाव आहे,नागशेवडी हे भारताच्या महाराष्ट्र राज्यातील नाशिक जिल्ह्यातील सुरगाणा तालुक्यातील एक गाव आहे,नागशेवडी हे भारताच्या महाराष्ट्र राज्यातील नाशिक जिल्ह्यातील सुरगाणा तालुक्यातील एक गाव आहे,0.0,0.0,1,6.08
sample_01472,D:\marathi-asr\data\vistaar_benchmarks\kathbath\marathi\wavs\844424933394033-426-m.wav,गुरेवाडी हे भारताच्या महाराष्ट्र राज्यातील नाशिक जिल्ह्यातील सिन्नर तालुक्यातील एक गाव आहे,घुरेवाडी हे भारताच्या महाराष्ट्र राज्यातील नाशिक जिल्ह्यातील सिन्नर तालुक्यातील एक गाव आहे,गुरेवाडी हे भारताच्या महाराष्ट्र राज्यातील नाशिक जिल्ह्यातील सिन्नर तालुक्यातील एक गाव आहे,घुरेवाडी हे भारताच्या महाराष्ट्र राज्यातील नाशिक जिल्ह्यातील सिन्नर तालुक्यातील एक गाव आहे,1.11,8.33,0,7.08
sample_01473,D:\marathi-asr\data\vistaar_benchmarks\kathbath\marathi\wavs\844424933379988-487-m.wav,अपघातसमयी विमानात १४७ प्रवासी आणि ६ कर्मचारी होते,अपघात समयी विमानात एकशे सत्तेचाळीस प्रवासी आणि सहा कर्मचारी होते,अपघातसमयी विमानात १४७ प्रवासी आणि ६ कर्मचारी होते,अपघात समयी विमानात एकशे सत्तेचाळीस प्रवासी आणि सहा कर्मचारी होते,38.78,62.5,0,5.15
sample_01474,D:\marathi-asr\data\vistaar_benchmarks\kathbath\marathi\wavs\844424933373391-962-m.wav,कार्ले हे भारतातील महाराष्ट्र राज्यातील दक्षिण कोकणातील रत्नागिरी जिल्ह्यातील रत्नागिरी तालुक्यातील एक गाव आहे,कार्ले हे भारतातील महाराष्ट्र राज्यातील दक्षिण कोकणातील रत्नागिरी जिल्ह्यातील रत्नागिरी तालुक्यातील एक गाव आहे,कार्ले हे भारतातील महाराष्ट्र राज्यातील दक्षिण कोकणातील रत्नागिरी जिल्ह्यातील रत्नागिरी तालुक्यातील एक गाव आहे,कार्ले हे भारतातील महाराष्ट्र राज्यातील दक्षिण कोकणातील रत्नागिरी जिल्ह्यातील रत्नागिरी तालुक्यातील एक गाव आहे,0.0,0.0,1,7.85
sample_01475,D:\marathi-asr\data\vistaar_benchmarks\kathbath\marathi\wavs\844424933381583-676-m.wav,तरीही गवळी कुणबी आगरीकोळी समाजात परस्परात लग्न समारंभ होत नाहीत,तरीही गवळी कुणबी अगरीिकोडी समाजात परस्परात लग्न समारंभ होत नाहीत,तरीही गवळी कुणबी आगरीकोळी समाजात परस्परात लग्न समारंभ होत नाहीत,तरीही गवळी कुणबी अगरीिकोडी समाजात परस्परात लग्न समारंभ होत नाहीत,4.76,10.0,0,7.13
sample_01476,D:\marathi-asr\data\vistaar_benchmarks\kathbath\marathi\wavs\844424933379939-487-m.wav,महाराष्ट्र्रात भूजल सर्वेक्षण व विकास यंत्रणेच्या १९९५ च्या आकडेवारीनुसार ११ लाख ४३ हजार विहिरी आहेत,महाराष्ट्रात भूजल सर्वेक्षण व विकास यंत्रणेच्या एकोणीसशे पंच्याण्णवच्या आकडेवारीनुसार अकरा लाख त्रेचाळीस हजार विहिरी आहेत,महाराष्ट्र्रात भूजल सर्वेक्षण व विकास यंत्रणेच्या १९९५ च्या आकडेवारीनुसार ११ लाख ४३ हजार विहिरी आहेत,महाराष्ट्रात भूजल सर्वेक्षण व विकास यंत्रणेच्या एकोणीसशे पंच्याण्णवच्या आकडेवारीनुसार अकरा लाख त्रेचाळीस हजार विहिरी आहेत,33.0,33.33,0,8.29
sample_01477,D:\marathi-asr\data\vistaar_benchmarks\kathbath\marathi\wavs\844424933381596-676-m.wav,ह्या भूमिकेसाठी त्याला सर्वोत्तम पदार्पणासाठीच्या फिल्मफेअर पुरस्कारासाठी नामांकन मिळाले होते,ह्या भूमिकेसाठी त्याला सर्वोत्तम पदार्पणासाठीच्या फिल्मफेअर पुरस्कारासाठी नामांकन मिळाले होते,ह्या भूमिकेसाठी त्याला सर्वोत्तम पदार्पणासाठीच्या फिल्मफेअर पुरस्कारासाठी नामांकन मिळाले होते,ह्या भूमिकेसाठी त्याला सर्वोत्तम पदार्पणासाठीच्या फिल्मफेअर पुरस्कारासाठी नामांकन मिळाले होते,0.0,0.0,1,8.57
sample_01478,D:\marathi-asr\data\vistaar_benchmarks\kathbath\marathi\wavs\844424933381577-676-m.wav,बर्नार्ड सॅंडर्स जन्म ८ सप्टेंबर १९४१ हे एक अमेरिकन राजकारणी व विद्यमान सेनेटर आहेत,बर्न सँडर्स जन्म आठ सप्टेंबर एकोणीसशे एकेचाळीस हे एक अमेरिकन राजकारणी व विद्यमान सेनेटर आहेत,बर्नार्ड सॅंडर्स जन्म ८ सप्टेंबर १९४१ हे एक अमेरिकन राजकारणी व विद्यमान सेनेटर आहेत,बर्न सँडर्स जन्म आठ सप्टेंबर एकोणीसशे एकेचाळीस हे एक अमेरिकन राजकारणी व विद्यमान सेनेटर आहेत,30.12,35.71,0,9.47
sample_01479,D:\marathi-asr\data\vistaar_benchmarks\kathbath\marathi\wavs\844424933280434-817-m.wav,दुसऱ्या महायुद्धात नाझी जर्मनीचा पाडाव झाल्यानंतर नाझी पक्ष नष्ट पावला,दुसऱ्या महायुद्धात नाझी जर्मनीचा पाडाव झाल्यानंतर नाझी पक्ष नष्ट पावला,दुसऱ्या महायुद्धात नाझी जर्मनीचा पाडाव झाल्यानंतर नाझी पक्ष नष्ट पावला,दुसऱ्या महायुद्धात नाझी जर्मनीचा पाडाव झाल्यानंतर नाझी पक्ष नष्ट पावला,2.82,10.0,0,10.91
sample_01480,D:\marathi-asr\data\vistaar_benchmarks\kathbath\marathi\wavs\844424933280450-817-m.wav,आधुनिक काळातील दोहद्पूर्ती किंवा डोहाळेजेवण या प्रथांचे प्राचीन रूप या संस्कारात आहे असे मानले जाते,आधुनिक काळातील दोहत्पूर्ती किंवा डोहाळे जेवण या प्रथांचे प्राचीन रूप या संस्कारात आहे असे मानले जाते,आधुनिक काळातील दोहद्पूर्ती किंवा डोहाळेजेवण या प्रथांचे प्राचीन रूप या संस्कारात आहे असे मानले जाते,आधुनिक काळातील दोहत्पूर्ती किंवा डोहाळे जेवण या प्रथांचे प्राचीन रूप या संस्कारात आहे असे मानले जाते,2.02,20.0,0,7.27
sample_01481,D:\marathi-asr\data\vistaar_benchmarks\kathbath\marathi\wavs\844424933394807-566-m.wav,१८२६ मध्ये कॅप्टन किंगने दक्षिण अमेरिकेच्या संशोधनाची मोहीम काढली,अठराशे सोवीसमध्ये कॅप्टन किंगने दक्षिण अमेरिकेच्या संशोधनाची मोहीम काढली,१८२६ मध्ये कॅप्टन किंगने दक्षिण अमेरिकेच्या संशोधनाची मोहीम काढली,अठराशे सोवीसमध्ये कॅप्टन किंगने दक्षिण अमेरिकेच्या संशोधनाची मोहीम काढली,16.92,22.22,0,4.95
sample_01482,D:\marathi-asr\data\vistaar_benchmarks\kathbath\marathi\wavs\844424933280420-817-m.wav,वाशेरे हे भारताच्या महाराष्ट्र राज्यातील पुणे जिल्ह्यातील खेड तालुक्यातील एक गाव आहे,वाशेरे हे भारताच्या महाराष्ट्र राज्यातील पुणे जिल्ह्यातील खेड तालुक्यातील एक गाव आहे,वाशेरे हे भारताच्या महाराष्ट्र राज्यातील पुणे जिल्ह्यातील खेड तालुक्यातील एक गाव आहे,वाशेरे हे भारताच्या महाराष्ट्र राज्यातील पुणे जिल्ह्यातील खेड तालुक्यातील एक गाव आहे,0.0,0.0,1,9.52
sample_01483,D:\marathi-asr\data\vistaar_benchmarks\kathbath\marathi\wavs\844424933356005-1120-m.wav,१९७० च्या दशकात वसंतराव नाईक यांच्या सरकारमध्ये ते शिक्षणमंत्री होते,एकोणीसशे सत्तरच्या दशकात वसंतराव नाईक यांच्या सरकारमध्ये ते शिक्षणमंत्री होते,१९७० च्या दशकात वसंतराव नाईक यांच्या सरकारमध्ये ते शिक्षणमंत्री होते,एकोणीसशे सत्तरच्या दशकात वसंतराव नाईक यांच्या सरकारमध्ये ते शिक्षणमंत्री होते,19.12,20.0,0,5.53
sample_01484,D:\marathi-asr\data\vistaar_benchmarks\kathbath\marathi\wavs\844424933381610-676-m.wav,१६ सप्टेंबर १९३१ रोजी झालेल्या बैठकीत आंबेडकरांनी राज्यघटनेविषयी आपले विचार सविस्तरपणे व्यक्त केले,सोळा सप्टेंबर एकोणीसशे एकतीस रोजी झालेल्या बैठकीत आंबेडकरांनी राज्यघटनेविषयी आपले विचार सविस्तरपणे व्यक्त केले,१६ सप्टेंबर १९३१ रोजी झालेल्या बैठकीत आंबेडकरांनी राज्यघटनेविषयी आपले विचार सविस्तरपणे व्यक्त केले,सोळा सप्टेंबर एकोणीसशे एकतीस रोजी झालेल्या बैठकीत आंबेडकरांनी राज्यघटनेविषयी आपले विचार सविस्तरपणे व्यक्त केले,18.37,23.08,0,10.24
sample_01485,D:\marathi-asr\data\vistaar_benchmarks\kathbath\marathi\wavs\844424933356038-1120-m.wav,कुंथलगिरी जवळील धुळेसोलापूर या राष्ट्रीय महामार्गावरील सरमकुंडी फाटा येथील खवा पेढे प्रसिद्ध आहेत,कुंथलगिरी जवळील धुळे सोलापूर या राष्ट्रीय महामार्गावरील सरमकुंडी फाटा येथील खवावेटे प्रसिद्ध आहे,कुंथलगिरी जवळील धुळेसोलापूर या राष्ट्रीय महामार्गावरील सरमकुंडी फाटा येथील खवा पेढे प्रसिद्ध आहेत,कुंथलगिरी जवळील धुळे सोलापूर या राष्ट्रीय महामार्गावरील सरमकुंडी फाटा येथील खवावेटे प्रसिद्ध आहे,5.15,38.46,0,8.52
sample_01486,D:\marathi-asr\data\vistaar_benchmarks\kathbath\marathi\wavs\844424933373424-962-m.wav,यापैकी अमृत ही योजना काही बदलांसह जेएनएनयुआरएमचेच नवीन स्वरूप आहे,यापैकी अमृत ही योजना काही बदलांसह जेएनएएनयूआरएएमएचेच नवीन स्वरूप आहे,यापैकी अमृत ही योजना काही बदलांसह जेएनएनयुआरएमचेच नवीन स्वरूप आहे,यापैकी अमृत ही योजना काही बदलांसह जेएनएएनयूआरएएमएचेच नवीन स्वरूप आहे,6.15,10.0,0,7.64
sample_01487,D:\marathi-asr\data\vistaar_benchmarks\kathbath\marathi\wavs\844424933394008-426-m.wav,हे सम्राटासाठी तयार केले गेले होते आणि हे सुलेमानच्या राजगादीचे प्रतिरूप होते,हे सम्राटासाठी तयार केले गेले होते आणि हे सुलेमानच्या राजगादीचे प्रतिरूप होते,हे सम्राटासाठी तयार केले गेले होते आणि हे सुलेमानच्या राजगादीचे प्रतिरूप होते,हे सम्राटासाठी तयार केले गेले होते आणि हे सुलेमानच्या राजगादीचे प्रतिरूप होते,0.0,0.0,1,8.06
sample_01488,D:\marathi-asr\data\vistaar_benchmarks\kathbath\marathi\wavs\844424933381644-676-m.wav,याशिवाय त्यांनी बौद्ध आणि ख्रिश्चन धर्मग्रंथातील व्यक्तिरेखांचीही शिल्पे साकारली आहेत,याशिवाय त्यांनी बौद्ध आणि ख्रिश्चन धर्मातील व्यक्तिरेकांशीही शिल्पे साकारली आहेत,याशिवाय त्यांनी बौद्ध आणि ख्रिश्चन धर्मग्रंथातील व्यक्तिरेखांचीही शिल्पे साकारली आहेत,याशिवाय त्यांनी बौद्ध आणि ख्रिश्चन धर्मातील व्यक्तिरेकांशीही शिल्पे साकारली आहेत,8.24,20.0,0,7.83
sample_01489,D:\marathi-asr\data\vistaar_benchmarks\kathbath\marathi\wavs\844424933373394-962-m.wav,गंगेचा पूल नजीबाच्या ताब्यांत होता आणि तो तर अबदालीला उघड मदत करीत होता,गंगेचा पूल नजीबाच्या ताब्यात होता आणि तो तर अबदालीला उघड मदत करीत होता,गंगेचा पूल नजीबाच्या ताब्यांत होता आणि तो तर अबदालीला उघड मदत करीत होता,गंगेचा पूल नजीबाच्या ताब्यात होता आणि तो तर अबदालीला उघड मदत करीत होता,1.41,7.69,0,6.57
sample_01490,D:\marathi-asr\data\vistaar_benchmarks\kathbath\marathi\wavs\844424933373437-962-m.wav,तो मार्च १९८७ ते फेब्रुवारी १९९२ दरम्यान व त्यापूर्वी दोनवेळा पंतप्रधानपदावर होता,तो मार्च एकोणीसशे सत्याऐंशी ते फेब्रुवारी एकोणीसशे ब्याण्णव दरम्यान व त्यापूर्वी दोनवेेळा पंतप्रधानपदावर होता,तो मार्च १९८७ ते फेब्रुवारी १९९२ दरम्यान व त्यापूर्वी दोनवेळा पंतप्रधानपदावर होता,तो मार्च एकोणीसशे सत्याऐंशी ते फेब्रुवारी एकोणीसशे ब्याण्णव दरम्यान व त्यापूर्वी दोनवेेळा पंतप्रधानपदावर होता,44.44,41.67,0,7.15
sample_01491,D:\marathi-asr\data\vistaar_benchmarks\kathbath\marathi\wavs\844424933381607-676-m.wav,युट्रेख्टचा तह स्पेनच्या आधिपत्याखालील उत्तर नेदरलँड्सच्या प्रांतांचे एकीकरण करून नेदरलंडमध्ये समाविष्ट करण्यासाठी केला गेला,लुट्रेक्टचा त स्पेनच्या आधिपत्याखालील उत्तर नेदरलँड्सच्या प्रांतांचे एकीकरण करून नेदरलँड्मध्ये समाविष्ट करण्यासाठी केला गेला,युट्रेख्टचा तह स्पेनच्या आधिपत्याखालील उत्तर नेदरलँड्सच्या प्रांतांचे एकीकरण करून नेदरलंडमध्ये समाविष्ट करण्यासाठी केला गेला,लुट्रेक्टचा त स्पेनच्या आधिपत्याखालील उत्तर नेदरलँड्सच्या प्रांतांचे एकीकरण करून नेदरलँड्मध्ये समाविष्ट करण्यासाठी केला गेला,4.03,21.43,0,13.47
sample_01492,D:\marathi-asr\data\vistaar_benchmarks\kathbath\marathi\wavs\844424933381601-676-m.wav,कोहाळ हे भारतातील महाराष्ट्र राज्यातील यवतमाळ जिल्ह्यातील नेर तालुक्यातील एक गाव आहे,कुवाड हे भारतातील महाराष्ट्र राज्यातील यवतमाळ जिल्ह्यातील नेर तालुक्यातील एक गाव आहे,कोहाळ हे भारतातील महाराष्ट्र राज्यातील यवतमाळ जिल्ह्यातील नेर तालुक्यातील एक गाव आहे,कुवाड हे भारतातील महाराष्ट्र राज्यातील यवतमाळ जिल्ह्यातील नेर तालुक्यातील एक गाव आहे,3.57,8.33,0,7.38
sample_01493,D:\marathi-asr\data\vistaar_benchmarks\kathbath\marathi\wavs\844424933381669-676-m.wav,बाजूच्या खोलीवजा दालनांत काशी विश्वनाथ रामलक्ष्मण काळभैरव दत्तात्रेय नरसोबा यांच्या मूर्ती आहेत,बाजूच्या खोलीवजा दलनाथ काशीविश्वनाथ रामलक्ष्मण काळभैरव दत्तात्रेय नरसोबा यांच्या मूर्ती आहेत,बाजूच्या खोलीवजा दालनांत काशी विश्वनाथ रामलक्ष्मण काळभैरव दत्तात्रेय नरसोबा यांच्या मूर्ती आहेत,बाजूच्या खोलीवजा दलनाथ काशीविश्वनाथ रामलक्ष्मण काळभैरव दत्तात्रेय नरसोबा यांच्या मूर्ती आहेत,4.21,25.0,0,11.96
sample_01494,D:\marathi-asr\data\vistaar_benchmarks\kathbath\marathi\wavs\844424933379990-487-m.wav,पण चाईल्ड ऑफ द होलोकॉस्ट हे आत्मचरित्र नाही,पण चाइल्ड ऑफ द होलोकास्ट हे आत्मचरित्र नाही,पण चाईल्ड ऑफ द होलोकॉस्ट हे आत्मचरित्र नाही,पण चाइल्ड ऑफ द होलोकास्ट हे आत्मचरित्र नाही,4.65,25.0,0,5.36
sample_01495,D:\marathi-asr\data\vistaar_benchmarks\kathbath\marathi\wavs\844424933373468-962-m.wav,पुरुष साक्षरता ८९४० आहे तर स्त्री साक्षरता ७६५५ आहे,पुरुष साक्षरता आठ हजार नऊशे चाळीस आहे तर स्त्री साक्षरता सात हजार सहाशे पंचावन्न आहे,पुरुष साक्षरता ८९४० आहे तर स्त्री साक्षरता ७६५५ आहे,पुरुष साक्षरता आठ हजार नऊशे चाळीस आहे तर स्त्री साक्षरता सात हजार सहाशे पंचावन्न आहे,80.39,88.89,0,5.6
sample_01496,D:\marathi-asr\data\vistaar_benchmarks\kathbath\marathi\wavs\844424933379958-487-m.wav,ही मालिका वैभव नावाच्या सोळा वर्षाच्या विद्यार्थ्याच्या आयुष्याविषयी आहे जो कोटा येथे गेला आहे,ही मालिका वैभव नावाच्या सोळा वर्षाच्या विद्यार्थ्याच्या आयुष्याविषयी आहे जो कोटा येथे गेला आहे,ही मालिका वैभव नावाच्या सोळा वर्षाच्या विद्यार्थ्याच्या आयुष्याविषयी आहे जो कोटा येथे गेला आहे,ही मालिका वैभव नावाच्या सोळा वर्षाच्या विद्यार्थ्याच्या आयुष्याविषयी आहे जो कोटा येथे गेला आहे,0.0,0.0,1,6.97
sample_01497,D:\marathi-asr\data\vistaar_benchmarks\kathbath\marathi\wavs\844424933280469-817-m.wav,जमिनीतील सूक्ष्मजीवांची संख्या घटून त्या मृतप्राय झालेल्या आहेत,जमिनीतील सूक्ष्मजीवांची संख्या घटून त्या मृत्यूप्राय्य झालेल्या आहेत,जमिनीतील सूक्ष्मजीवांची संख्या घटून त्या मृतप्राय झालेल्या आहेत,जमिनीतील सूक्ष्मजीवांची संख्या घटून त्या मृत्यूप्राय्य झालेल्या आहेत,7.94,12.5,0,9.94
sample_01498,D:\marathi-asr\data\vistaar_benchmarks\kathbath\marathi\wavs\844424933356025-1120-m.wav,परिणामी येथील जनतेला इतर भागात स्थलांतर करावे लागणार आहे,परिणामी येथील जनतेला इतर भागात स्थलांतर करावे लागणार आहे,परिणामी येथील जनतेला इतर भागात स्थलांतर करावे लागणार आहे,परिणामी येथील जनतेला इतर भागात स्थलांतर करावे लागणार आहे,0.0,0.0,1,4.39
sample_01499,D:\marathi-asr\data\vistaar_benchmarks\kathbath\marathi\wavs\844424933379905-487-m.wav,मध्य युगातले कुठलेही नाणे त्यांना दाखवले की ते तत्काळ त्याची माहिती सांगत,मध्ययुगातले कुठलेही नाणे त्यांच्या दाखवले की ते तत्काळ त्याची माहिती सांगत,मध्य युगातले कुठलेही नाणे त्यांना दाखवले की ते तत्काळ त्याची माहिती सांगत,मध्ययुगातले कुठलेही नाणे त्यांच्या दाखवले की ते तत्काळ त्याची माहिती सांगत,5.48,25.0,0,6.55
sample_01500,D:\marathi-asr\data\vistaar_benchmarks\kathbath\marathi\wavs\844424933379957-487-m.wav,पहा महाराष्ट्रातील नाट्य संस्था नाट्यस्पर्धा एकपात्री नाटक अखिल भारतीय मराठी नाट्य संमेलन,पहा महाराष्ट्रातील नाट्यसंस्था नाट्यस्पर्धा एकपात्री नाटक अखिल भारतीय मराठी नाट्य संमेलन,पहा महाराष्ट्रातील नाट्य संस्था नाट्यस्पर्धा एकपात्री नाटक अखिल भारतीय मराठी नाट्य संमेलन,पहा महाराष्ट्रातील नाट्यसंस्था नाट्यस्पर्धा एकपात्री नाटक अखिल भारतीय मराठी नाट्य संमेलन,1.12,16.67,0,6.34
sample_01501,D:\marathi-asr\data\vistaar_benchmarks\kathbath\marathi\wavs\844424933381623-676-m.wav,इ स १९६० साली त्यांनी पुणे विद्यापीठातून संस्कृत व भाषाशास्त्र विषयात पदव्युत्तर शिक्षण पूर्ण केले,इसवी सन एकोणीसशे साठ साली त्यांनी पुणे विद्यापीठातून संस्कृत व भाषाशास्त्र विषयात पदव्युत्तर शिक्षण पूर्ण केले,इ स १९६० साली त्यांनी पुणे विद्यापीठातून संस्कृत व भाषाशास्त्र विषयात पदव्युत्तर शिक्षण पूर्ण केले,इसवी सन एकोणीसशे साठ साली त्यांनी पुणे विद्यापीठातून संस्कृत व भाषाशास्त्र विषयात पदव्युत्तर शिक्षण पूर्ण केले,16.33,26.67,0,10.7
sample_01502,D:\marathi-asr\data\vistaar_benchmarks\kathbath\marathi\wavs\844424933379913-487-m.wav,शहापूर हे मुंबईआग्रा राष्ट्रीय महामार्गावर मुंबई पासून ९० कि मी अंतरावर वसले आहे,शहापूर हे मुंबई आग्रा राष्ट्रीय महामार्गावर मुंबईपासून नव्वद किलोमीटर अंतरावर वसलेले आहे,शहापूर हे मुंबईआग्रा राष्ट्रीय महामार्गावर मुंबई पासून ९० कि मी अंतरावर वसले आहे,शहापूर हे मुंबई आग्रा राष्ट्रीय महामार्गावर मुंबईपासून नव्वद किलोमीटर अंतरावर वसलेले आहे,16.25,61.54,0,6.46
sample_01503,D:\marathi-asr\data\vistaar_benchmarks\kathbath\marathi\wavs\844424933394009-426-m.wav,मराठेशाहीतील हा अखेरचा पेशवा निष्कलंक चारित्र्याचा कर्तबगार पुरुष होता,मराठेशाहीतील हा अखेरचा पेशवा निष्कलंक चारित्र्याचा कर्तबगार पुरुष होता,मराठेशाहीतील हा अखेरचा पेशवा निष्कलंक चारित्र्याचा कर्तबगार पुरुष होता,मराठेशाहीतील हा अखेरचा पेशवा निष्कलंक चारित्र्याचा कर्तबगार पुरुष होता,0.0,0.0,1,8.34
sample_01504,D:\marathi-asr\data\vistaar_benchmarks\kathbath\marathi\wavs\844424933356018-1120-m.wav,याची स्थापना २००२ मध्ये झाली आणि एनएसएफयूएसए आणि आयआयटीके यांनी भांडवली उपकरणे घेतली,यांची स्थापना दोन हजार दोनमध्येध्ये झाली आणि एनएसएफ यूएफएसए आणि आयआयटीके यांनी भांडवली उपकरणे घेतली,याची स्थापना २००२ मध्ये झाली आणि एनएसएफयूएसए आणि आयआयटीके यांनी भांडवली उपकरणे घेतली,यांची स्थापना दोन हजार दोनमध्येध्ये झाली आणि एनएसएफ यूएफएसए आणि आयआयटीके यांनी भांडवली उपकरणे घेतली,22.62,46.15,0,10.73
sample_01505,D:\marathi-asr\data\vistaar_benchmarks\kathbath\marathi\wavs\844424933394836-566-m.wav,द ल गोखले पूर्ण नाव दत्तात्रय लक्ष्मण गोखले जन्म १५ जुलै १८९९ मृत्यू,सबल गोखले पुन्हा नाव दत्तात्रय लक्ष्मण गोखले जन्म पंधरा जुलै अठराशे नव्याण्णव मृत्यू,द ल गोखले पूर्ण नाव दत्तात्रय लक्ष्मण गोखले जन्म १५ जुलै १८९९ मृत्यू,सबल गोखले पुन्हा नाव दत्तात्रय लक्ष्मण गोखले जन्म पंधरा जुलै अठराशे नव्याण्णव मृत्यू,39.71,46.15,0,5.76
sample_01506,D:\marathi-asr\data\vistaar_benchmarks\kathbath\marathi\wavs\844424933381636-676-m.wav,सी ए ओ ह्या दोन आंतरराष्ट्रीय संस्था जगातील हवाई वाहतूक नियंत्रित करतात,सीएओ ह्या दोन आंतरराष्ट्रीय संस्था जगातील हवाई वाहतूक नियंत्रित करतात,सी ए ओ ह्या दोन आंतरराष्ट्रीय संस्था जगातील हवाई वाहतूक नियंत्रित करतात,सीएओ ह्या दोन आंतरराष्ट्रीय संस्था जगातील हवाई वाहतूक नियंत्रित करतात,2.82,25.0,0,8.22
sample_01507,D:\marathi-asr\data\vistaar_benchmarks\kathbath\marathi\wavs\844424933381664-676-m.wav,याचा चुलत भाऊ रेमन रीफर आणि काका फ्लॉईड रीफर हे वेस्ट इंडीजकडून क्रिकेट खेळले आहेत,याचा चुलत भाऊ रेमन रिफर आणि काका फ्लाइट रिफर हे वेस्ट इंडिजकडून क्रिकेट खेळले आहेत,याचा चुलत भाऊ रेमन रीफर आणि काका फ्लॉईड रीफर हे वेस्ट इंडीजकडून क्रिकेट खेळले आहेत,याचा चुलत भाऊ रेमन रिफर आणि काका फ्लाइट रिफर हे वेस्ट इंडिजकडून क्रिकेट खेळले आहेत,7.32,26.67,0,8.52
sample_01508,D:\marathi-asr\data\vistaar_benchmarks\kathbath\marathi\wavs\844424933381659-676-m.wav,देवकी पंडित यांनी अनेक दूरचित्रवाणी मालिकांची शीर्षकगीते गायिली आहेत,देव ककी पंडित यांनी अनेक दूरचित्र आणि मालिकांची शीर्षकगीते गायली आहेत,देवकी पंडित यांनी अनेक दूरचित्रवाणी मालिकांची शीर्षकगीते गायिली आहेत,देव ककी पंडित यांनी अनेक दूरचित्र आणि मालिकांची शीर्षकगीते गायली आहेत,8.82,55.56,0,7.99
sample_01509,D:\marathi-asr\data\vistaar_benchmarks\kathbath\marathi\wavs\844424933381571-676-m.wav,तिच्यात क्रंतिकारक बदल घडून आला आणि अबला की सबला हाच प्रश्न निर्माण झाला,तिच्यात क्रांतिकारक बदल घडून आला आणि अबला की सबला हाच प्रश्न निर्माण झाला,तिच्यात क्रंतिकारक बदल घडून आला आणि अबला की सबला हाच प्रश्न निर्माण झाला,तिच्यात क्रांतिकारक बदल घडून आला आणि अबला की सबला हाच प्रश्न निर्माण झाला,1.39,7.69,0,7.43
sample_01510,D:\marathi-asr\data\vistaar_benchmarks\kathbath\marathi\wavs\844424933280497-817-m.wav,संदीपच्या इलेक्ट्रॉनिक मीडियामधील कामाबद्दल विनोद राऊत सांगत होते,संदीपच्या इलेक्ट्रॉनिक मीडियामधील कामाबद्दल विनोद राऊत सांगत होते,संदीपच्या इलेक्ट्रॉनिक मीडियामधील कामाबद्दल विनोद राऊत सांगत होते,संदीपच्या इलेक्ट्रॉनिक मीडियामधील कामाबद्दल विनोद राऊत सांगत होते,0.0,0.0,1,8.82
sample_01511,D:\marathi-asr\data\vistaar_benchmarks\kathbath\marathi\wavs\844424933280494-817-m.wav,या देशाला सर्व बाजूनी समुद्रकिनारा लाभल्याने मासेमारी हा येथील महत्त्वाचा व्यवसाय आहे,या देशाला सर्व बाजूंनी समुद्र घेणारा लाभलाने मासेमारी हा तेथील महत्त्वाचा व्यवसाय आहे,या देशाला सर्व बाजूनी समुद्रकिनारा लाभल्याने मासेमारी हा येथील महत्त्वाचा व्यवसाय आहे,या देशाला सर्व बाजूंनी समुद्र घेणारा लाभलाने मासेमारी हा तेथील महत्त्वाचा व्यवसाय आहे,9.41,41.67,0,9.8
sample_01512,D:\marathi-asr\data\vistaar_benchmarks\kathbath\marathi\wavs\844424933355975-1120-m.wav,या दोन लेखांसाठी सातवळेकरांना इंग्रज सरकारने कारावासात धाडले,या दोन लोकांसाठी सातवेडेकरांना इंग्रजी सरकारने कारावासात धाडले,या दोन लेखांसाठी सातवळेकरांना इंग्रज सरकारने कारावासात धाडले,या दोन लोकांसाठी सातवेडेकरांना इंग्रजी सरकारने कारावासात धाडले,8.33,37.5,0,5.8
sample_01513,D:\marathi-asr\data\vistaar_benchmarks\kathbath\marathi\wavs\844424933379909-487-m.wav,औष्णिक विद्युत केंद्राची स्थापना झाल्यावर रहिवासी दरवर्षी वर्धापन दिन साजरा करतात,औष्णिक विद्युत केंद्रांची स्थापना झाल्यावर रहिवासी दरवर्षी वर्धापन दिन साजरा करतात,औष्णिक विद्युत केंद्राची स्थापना झाल्यावर रहिवासी दरवर्षी वर्धापन दिन साजरा करतात,औष्णिक विद्युत केंद्रांची स्थापना झाल्यावर रहिवासी दरवर्षी वर्धापन दिन साजरा करतात,1.23,9.09,0,5.2
sample_01514,D:\marathi-asr\data\vistaar_benchmarks\kathbath\marathi\wavs\844424933373432-962-m.wav,श्री आणि सरस्वती म्हणजेच विद्या व लक्ष्मी होय,स्त्री आणि सरस्वती म्हणजेच विद्या व लक्ष्मी होय,श्री आणि सरस्वती म्हणजेच विद्या व लक्ष्मी होय,स्त्री आणि सरस्वती म्हणजेच विद्या व लक्ष्मी होय,6.67,12.5,0,3.16
sample_01515,D:\marathi-asr\data\vistaar_benchmarks\kathbath\marathi\wavs\844424933379952-487-m.wav,परंतु समाजषास्त्राचे महत्व लक्षात घेताना या दोन्ही विचारांचा समन्वय साधणे गरजेचे आहे,परंतु समाजशास्त्राचे महत्त्व लक्षात घेताना या दोन्ही विचारांचा समन्वय साधणे गरजेचे आहे,परंतु समाजषास्त्राचे महत्व लक्षात घेताना या दोन्ही विचारांचा समन्वय साधणे गरजेचे आहे,परंतु समाजशास्त्राचे महत्त्व लक्षात घेताना या दोन्ही विचारांचा समन्वय साधणे गरजेचे आहे,3.57,16.67,0,6.08
sample_01516,D:\marathi-asr\data\vistaar_benchmarks\kathbath\marathi\wavs\844424933379922-487-m.wav,जीवनाच्या अखेरच्या काळात त्यांच्यावर झालेले आरोप आणि झालेली बदनामी दूर झाली,जीवनाच्या अखेरच्या काळात त्यांच्यावर झालेले आरोप आणि झालेली बदनामी दूर झाली,जीवनाच्या अखेरच्या काळात त्यांच्यावर झालेले आरोप आणि झालेली बदनामी दूर झाली,जीवनाच्या अखेरच्या काळात त्यांच्यावर झालेले आरोप आणि झालेली बदनामी दूर झाली,0.0,0.0,1,5.18
sample_01517,D:\marathi-asr\data\vistaar_benchmarks\kathbath\marathi\wavs\844424933379985-487-m.wav,१ जगन्नाथपुरी येथील रथयात्रा आषाढ शुक्ल द्वितीयेला सुरू होते,एक जगन्नाथपुरी येथील रथयात्रा अषा शुक्ल द्वितीयेला सुरू होते,१ जगन्नाथपुरी येथील रथयात्रा आषाढ शुक्ल द्वितीयेला सुरू होते,एक जगन्नाथपुरी येथील रथयात्रा अषा शुक्ल द्वितीयेला सुरू होते,6.67,22.22,0,4.85
sample_01518,D:\marathi-asr\data\vistaar_benchmarks\kathbath\marathi\wavs\844424933394838-566-m.wav,एकूण ५०३ लोकसंख्येपैकी २४८ पुरुष तर २५५ महिला आहेत,एकूण पाचशे तीन लोकसंख्येपैकी दोनशे अठ्ठेचाळीस पुरुष तर दोनशे पंचावन्न महिला आहेत,एकूण ५०३ लोकसंख्येपैकी २४८ पुरुष तर २५५ महिला आहेत,एकूण पाचशे तीन लोकसंख्येपैकी दोनशे अठ्ठेचाळीस पुरुष तर दोनशे पंचावन्न महिला आहेत,78.0,66.67,0,5.13
sample_01519,D:\marathi-asr\data\vistaar_benchmarks\kathbath\marathi\wavs\844424933379935-487-m.wav,पंचक्रोशीतील व बाहेरगावी कामधंद्यासाठी गेलेले लोक या दिवशी गावात येतात,पंचक्रोशीतील व बाहेरगावी कामधंद्यासाठी गेलेले लोक या दिवशी गावात येतात,पंचक्रोशीतील व बाहेरगावी कामधंद्यासाठी गेलेले लोक या दिवशी गावात येतात,पंचक्रोशीतील व बाहेरगावी कामधंद्यासाठी गेलेले लोक या दिवशी गावात येतात,0.0,0.0,1,6.04
sample_01520,D:\marathi-asr\data\vistaar_benchmarks\kathbath\marathi\wavs\844424933381651-676-m.wav,दरायस पळून गेल्यावर तोही बॅबिलोनला परतला आणि अलेक्झांडर बॅबिलोनला पोहोचल्यावर त्याने अलेक्झांडरचे मांडलिकत्व पत्करले,दरायास पळून गेल्यावर तोही बॅबिलॉनला परतला आणि अलेक्झांडर बॅबिलॉनला पोहोचल्यावर त्याने अलेक्झांडरचे मांडलिकत्व पत्करले,दरायस पळून गेल्यावर तोही बॅबिलोनला परतला आणि अलेक्झांडर बॅबिलोनला पोहोचल्यावर त्याने अलेक्झांडरचे मांडलिकत्व पत्करले,दरायास पळून गेल्यावर तोही बॅबिलॉनला परतला आणि अलेक्झांडर बॅबिलॉनला पोहोचल्यावर त्याने अलेक्झांडरचे मांडलिकत्व पत्करले,2.59,21.43,0,11.28
sample_01521,D:\marathi-asr\data\vistaar_benchmarks\kathbath\marathi\wavs\844424933394864-566-m.wav,त्यावेळी टेलिफोन ऑपरेटर बोर्ड कसा ऑपरेट करतात हे शिकून घेण्याची त्यांना तीव्र इच्छा झाली,त्यावेळी टेलिफोन ऑपरेटर बोर्ड कसा ऑपरेट करत हे शिकून घेण्याची ज्ञनात रिवीवेच्छा झाली,त्यावेळी टेलिफोन ऑपरेटर बोर्ड कसा ऑपरेट करतात हे शिकून घेण्याची त्यांना तीव्र इच्छा झाली,त्यावेळी टेलिफोन ऑपरेटर बोर्ड कसा ऑपरेट करत हे शिकून घेण्याची ज्ञनात रिवीवेच्छा झाली,14.77,28.57,0,5.22
sample_01522,D:\marathi-asr\data\vistaar_benchmarks\kathbath\marathi\wavs\844424933356047-1120-m.wav,कवी मुबारक शेख यांच्या अनेक कविता महाराष्ट्रात प्रसिद्ध आहेत,कवी मुबारक शेख यांच्या अनेक कविता महाराष्ट्रात प्रसिद्ध आहेत,कवी मुबारक शेख यांच्या अनेक कविता महाराष्ट्रात प्रसिद्ध आहेत,कवी मुबारक शेख यांच्या अनेक कविता महाराष्ट्रात प्रसिद्ध आहेत,0.0,0.0,1,3.88
sample_01523,D:\marathi-asr\data\vistaar_benchmarks\kathbath\marathi\wavs\844424933379982-487-m.wav,एक तर कंपनीवर असलेले कर्ज व शेकडो दावे,एकतर कंपनीवर असलेले कर्ज व शेकडो दावे,एक तर कंपनीवर असलेले कर्ज व शेकडो दावे,एकतर कंपनीवर असलेले कर्ज व शेकडो दावे,2.63,25.0,0,3.97
sample_01524,D:\marathi-asr\data\vistaar_benchmarks\kathbath\marathi\wavs\844424933379950-487-m.wav,देव आणि दानवांनी मंदार पर्वताची रवी व वासुकी सर्पाची दोरी करून समुद्रमंथन केले,देव आणि दानवांनी मंदार पर्वताची रवी व वासुकी सर्पाची दोरी करून समुद्रमंथन केले,देव आणि दानवांनी मंदार पर्वताची रवी व वासुकी सर्पाची दोरी करून समुद्रमंथन केले,देव आणि दानवांनी मंदार पर्वताची रवी व वासुकी सर्पाची दोरी करून समुद्रमंथन केले,0.0,0.0,1,6.64
sample_01525,D:\marathi-asr\data\vistaar_benchmarks\kathbath\marathi\wavs\844424933394851-566-m.wav,वाडवडिलांमध्ये शिक्षणाची कुठलीही परंपरा नसताना एन के ठाकरे आणि त्यांचे तीन भाऊ उच्चशिक्षित झाले,या वडिलामध्ये शिक्षणाची कुठलीही परंपरा नसताना एन के ठाकरे आणि त्यांचे तीन भाहुउच्च शिक्षित झाले,वाडवडिलांमध्ये शिक्षणाची कुठलीही परंपरा नसताना एन के ठाकरे आणि त्यांचे तीन भाऊ उच्चशिक्षित झाले,या वडिलामध्ये शिक्षणाची कुठलीही परंपरा नसताना एन के ठाकरे आणि त्यांचे तीन भाहुउच्च शिक्षित झाले,6.32,28.57,0,5.74
sample_01526,D:\marathi-asr\data\vistaar_benchmarks\kathbath\marathi\wavs\844424933379921-487-m.wav,अन्विता फलटणकर यांची स्वीटू ची मुख्य भूमिका करण्यासाठी निवड झाली,अन्विता फलटणकर यांची स्वीटूची मुख्य भूमिका करण्यासाठी निवड झाली,अन्विता फलटणकर यांची स्वीटू ची मुख्य भूमिका करण्यासाठी निवड झाली,अन्विता फलटणकर यांची स्वीटूची मुख्य भूमिका करण्यासाठी निवड झाली,1.56,20.0,0,5.83
sample_01527,D:\marathi-asr\data\vistaar_benchmarks\kathbath\marathi\wavs\844424933280442-817-m.wav,त्याने विज्ञानाच्या जवळपास सर्व क्षेत्रांचा अभ्यास केला होता,त्याने विज्ञानाच्या जवळपास सर्व क्षेत्रांचा अभ्यास केला होता,त्याने विज्ञानाच्या जवळपास सर्व क्षेत्रांचा अभ्यास केला होता,त्याने विज्ञानाच्या जवळपास सर्व क्षेत्रांचा अभ्यास केला होता,0.0,0.0,1,3.81
sample_01528,D:\marathi-asr\data\vistaar_benchmarks\kathbath\marathi\wavs\844424933394000-426-m.wav,याच व्यसनाने त्यांचा २९ जून १८७३ रोजी मृत्यू झाला,याच व्यासनाने त्याचा एकोणतीस जून अठराशे त्र्याहत्तर रोजी मृत्यू झाला,याच व्यसनाने त्यांचा २९ जून १८७३ रोजी मृत्यू झाला,याच व्यासनाने त्याचा एकोणतीस जून अठराशे त्र्याहत्तर रोजी मृत्यू झाला,55.1,55.56,0,6.9
sample_01529,D:\marathi-asr\data\vistaar_benchmarks\kathbath\marathi\wavs\844424933379901-487-m.wav,गावाच्या पूवेर्ला सहा किलोमीटरवर एक प्रचंड डोंगरी किल्ला होता,गावाच्या पूर्वेला सहा किलोमीटरवर एक प्रचंड डोंगरी किल्ला होता,गावाच्या पूवेर्ला सहा किलोमीटरवर एक प्रचंड डोंगरी किल्ला होता,गावाच्या पूर्वेला सहा किलोमीटरवर एक प्रचंड डोंगरी किल्ला होता,6.56,11.11,0,4.71
sample_01530,D:\marathi-asr\data\vistaar_benchmarks\kathbath\marathi\wavs\844424933381585-676-m.wav,बोंडगव्हाण हे भारताच्या महाराष्ट्र राज्यातील नांदेड जिल्ह्यातील माहूर तालुक्यातील एक गाव आहे,बोंडगव्हाण हे भारताच्या महाराष्ट्र राज्यातील नांदेड जिल्ह्यातील माहूर तालुक्यातील एक गाव आहे,बोंडगव्हाण हे भारताच्या महाराष्ट्र राज्यातील नांदेड जिल्ह्यातील माहूर तालुक्यातील एक गाव आहे,बोंडगव्हाण हे भारताच्या महाराष्ट्र राज्यातील नांदेड जिल्ह्यातील माहूर तालुक्यातील एक गाव आहे,0.0,0.0,1,8.24
sample_01531,D:\marathi-asr\data\vistaar_benchmarks\kathbath\marathi\wavs\844424933381598-676-m.wav,तसेच त्याला वैदिक धर्मात सांगितलेली कर्मे करण्याचाही अधिकार प्राप्त होतो,तसेच त्याला वैदिक धर्मात सांगितलेली कर्मे करण्याचाही अधिकार प्राप्त होतो,तसेच त्याला वैदिक धर्मात सांगितलेली कर्मे करण्याचाही अधिकार प्राप्त होतो,तसेच त्याला वैदिक धर्मात सांगितलेली कर्मे करण्याचाही अधिकार प्राप्त होतो,0.0,0.0,1,7.24
sample_01532,D:\marathi-asr\data\vistaar_benchmarks\kathbath\marathi\wavs\844424933394023-426-m.wav,थायी दंतकथेनुसार दुसित म्हणजे सात स्वर्गातील चौथा स्वर्ग,स्थायी दंतकथेनुसार दूषित म्हणजे सात स्वर्गातील चौथा स्वर्ग,थायी दंतकथेनुसार दुसित म्हणजे सात स्वर्गातील चौथा स्वर्ग,स्थायी दंतकथेनुसार दूषित म्हणजे सात स्वर्गातील चौथा स्वर्ग,7.14,25.0,0,6.59
sample_01533,D:\marathi-asr\data\vistaar_benchmarks\kathbath\marathi\wavs\844424933379983-487-m.wav,अंजू बॉबी जॉर्ज जन्म १९ एप्रिल १९७७ ही एक भारतीय एथलीट आहे,अंजू बॉबी जॉर्ज जन्म एकोणीस एप्रिल एकोणीसशे सत्याहत्तर ही एक भारतीय अॅथलीट आहे,अंजू बॉबी जॉर्ज जन्म १९ एप्रिल १९७७ ही एक भारतीय एथलीट आहे,अंजू बॉबी जॉर्ज जन्म एकोणीस एप्रिल एकोणीसशे सत्याहत्तर ही एक भारतीय अॅथलीट आहे,46.55,33.33,0,6.97
sample_01534,D:\marathi-asr\data\vistaar_benchmarks\kathbath\marathi\wavs\844424933381628-676-m.wav,एकूण १०३४३ लोकसंख्येपैकी ५०८६ पुरुष तर ५२५७ महिला आहेत,एकूण दहा हजार तीनशे त्रेचाळीस लोकसंख्येपैकी पाच हजार शहाऐंशी पुरुष तर पाच हजार दोनशे सत्तावन्न महिला आहेत,एकूण १०३४३ लोकसंख्येपैकी ५०८६ पुरुष तर ५२५७ महिला आहेत,एकूण दहा हजार तीनशे त्रेचाळीस लोकसंख्येपैकी पाच हजार शहाऐंशी पुरुष तर पाच हजार दोनशे सत्तावन्न महिला आहेत,118.52,122.22,0,9.68
sample_01535,D:\marathi-asr\data\vistaar_benchmarks\kathbath\marathi\wavs\844424933356055-1120-m.wav,या चारही मेडिकल स्टोअर्सना औषधी खरेदी आणि विक्री करण्यावर निर्बंध घालण्यात आले,या चारही मेडिकल स्टोअर्सना औषधी खरेदी आणि विक्री करणाऱ्यावर निर्बंध घालण्यात आले,या चारही मेडिकल स्टोअर्सना औषधी खरेदी आणि विक्री करण्यावर निर्बंध घालण्यात आले,या चारही मेडिकल स्टोअर्सना औषधी खरेदी आणि विक्री करणाऱ्यावर निर्बंध घालण्यात आले,2.56,8.33,0,6.43
sample_01536,D:\marathi-asr\data\vistaar_benchmarks\kathbath\marathi\wavs\844424933381645-676-m.wav,तोळेवाडी हे भारतातील महाराष्ट्र राज्यातील सातारा जिल्ह्यातील पाटण तालुक्यातील एक गाव आहे,तडेवाडी हे भारतातील महाराष्ट्र राज्यातील सातारा जिल्ह्यातील पाटण तालुक्यातील एक गाव आहे,तोळेवाडी हे भारतातील महाराष्ट्र राज्यातील सातारा जिल्ह्यातील पाटण तालुक्यातील एक गाव आहे,तडेवाडी हे भारतातील महाराष्ट्र राज्यातील सातारा जिल्ह्यातील पाटण तालुक्यातील एक गाव आहे,2.27,8.33,0,7.73
sample_01537,D:\marathi-asr\data\vistaar_benchmarks\kathbath\marathi\wavs\844424933393996-426-m.wav,हा पक्षी आकाराने तित्तिराएवढा असून याचे डोके जाड पाय काटकुळे चोच कबुतरासारखी असते,हा पक्षी आकाराने तितरा एवढा असून याचे डोके झाड पाय काटकुडे चोच कबतरासारखी असते,हा पक्षी आकाराने तित्तिराएवढा असून याचे डोके जाड पाय काटकुळे चोच कबुतरासारखी असते,हा पक्षी आकाराने तितरा एवढा असून याचे डोके झाड पाय काटकुडे चोच कबतरासारखी असते,8.64,38.46,0,11.26
sample_01538,D:\marathi-asr\data\vistaar_benchmarks\kathbath\marathi\wavs\844424933379953-487-m.wav,वाङ्मय रूची व वाङ्मय दर्जाचे प्रश्न भेडसावत आहेत,वाङ्मय रुची व वाङ्मय दर्जाचे प्रश्न भेटसावत आहेत,वाङ्मय रूची व वाङ्मय दर्जाचे प्रश्न भेडसावत आहेत,वाङ्मय रुची व वाङ्मय दर्जाचे प्रश्न भेटसावत आहेत,4.17,25.0,0,4.06
sample_01539,D:\marathi-asr\data\vistaar_benchmarks\kathbath\marathi\wavs\844424933373423-962-m.wav,हा रस्ता पुन्हा केव्हा व कसा सुरू होईल याबद्दल साशंकता आहे,हा रस्ता पुन्हा केव्हा व कसा सुरू होईल याबद्दल असशंकता आहे,हा रस्ता पुन्हा केव्हा व कसा सुरू होईल याबद्दल साशंकता आहे,हा रस्ता पुन्हा केव्हा व कसा सुरू होईल याबद्दल असशंकता आहे,3.45,9.09,0,4.88
sample_01540,D:\marathi-asr\data\vistaar_benchmarks\kathbath\marathi\wavs\844424933379947-487-m.wav,आकार संस्था असे उपक्रम भारतात अन्यत्र आणि परदेशांतही आयोजित करते,आकार संंस्था असे उपक्रम भारतात अन्यत्र आणि परदेशांही आयोजित करते,आकार संस्था असे उपक्रम भारतात अन्यत्र आणि परदेशांतही आयोजित करते,आकार संंस्था असे उपक्रम भारतात अन्यत्र आणि परदेशांही आयोजित करते,3.12,20.0,0,6.32
sample_01541,D:\marathi-asr\data\vistaar_benchmarks\kathbath\marathi\wavs\844424933355974-1120-m.wav,सिक्कीम संस्थान हे ब्रिटिश भारतातील एक स्वायत्त संस्थान होते,सिक्कीम संस्थान हे ब्रिटिश भारतातील एक स्वायत्मक संस्थान होते,सिक्कीम संस्थान हे ब्रिटिश भारतातील एक स्वायत्त संस्थान होते,सिक्कीम संस्थान हे ब्रिटिश भारतातील एक स्वायत्मक संस्थान होते,3.33,11.11,0,5.15
sample_01542,D:\marathi-asr\data\vistaar_benchmarks\kathbath\marathi\wavs\844424933394839-566-m.wav,१ एप्रिल २०१३ रोजी संस्थेचे कार्यालय पुण्यात आल्यानंतर माधवी वैद्य या महामंडळाच्या अध्यक्षा झाल्या होत्या,एक एप्रिल दोन हजार तेरा रोजी संस्थेचे कार्यालय पुण्यात आल्यानंतर माधवी वैद्य या महामंडळाच्या अध्यक्षा झाल्या होत्या,१ एप्रिल २०१३ रोजी संस्थेचे कार्यालय पुण्यात आल्यानंतर माधवी वैद्य या महामंडळाच्या अध्यक्षा झाल्या होत्या,एक एप्रिल दोन हजार तेरा रोजी संस्थेचे कार्यालय पुण्यात आल्यानंतर माधवी वैद्य या महामंडळाच्या अध्यक्षा झाल्या होत्या,14.29,26.67,0,6.8
sample_01543,D:\marathi-asr\data\vistaar_benchmarks\kathbath\marathi\wavs\844424933373421-962-m.wav,भारताच्या परराष्ट्र सचिवांनीही यासाठी इस्लामाबादला जाण्याची तयारी दाखविली,भारताच्या परराष्ट्र सचिवांनी यासाठी इस्लामाबादला जाण्याची तयारी दाखवली,भारताच्या परराष्ट्र सचिवांनीही यासाठी इस्लामाबादला जाण्याची तयारी दाखविली,भारताच्या परराष्ट्र सचिवांनी यासाठी इस्लामाबादला जाण्याची तयारी दाखवली,4.11,25.0,0,5.5
sample_01544,D:\marathi-asr\data\vistaar_benchmarks\kathbath\marathi\wavs\844424933379965-487-m.wav,युवराज हा २००८ साली प्रदर्शित झालेला एक भारतीय हिंदी चित्रपट आहे,युवराज हा दोन हजार आठ साली प्रदर्शित झालेला एक भारतीय हिंदी चित्रपट आहे,युवराज हा २००८ साली प्रदर्शित झालेला एक भारतीय हिंदी चित्रपट आहे,युवराज हा दोन हजार आठ साली प्रदर्शित झालेला एक भारतीय हिंदी चित्रपट आहे,17.19,27.27,0,5.25
sample_01545,D:\marathi-asr\data\vistaar_benchmarks\kathbath\marathi\wavs\844424933379930-487-m.wav,माणगंगा नदीवर वसलेले हे शहर ते माण तालुक्याचे प्रशासकीय केन्द्र आहे,मानगंगा नदीवर वसलेले हे शहर ते मान तालुक्याचे प्रशासकीय केंद्र आहे,माणगंगा नदीवर वसलेले हे शहर ते माण तालुक्याचे प्रशासकीय केन्द्र आहे,मानगंगा नदीवर वसलेले हे शहर ते मान तालुक्याचे प्रशासकीय केंद्र आहे,5.97,27.27,0,5.71
sample_01546,D:\marathi-asr\data\vistaar_benchmarks\kathbath\marathi\wavs\844424933356045-1120-m.wav,वडिलांचे मामा बाबा साठे हे भरत नाट्य मंदिरात मेकअपमन होते,वडिलांची माया बाबा साठे हे भरतनाट्य मंदिरात मेकअपन होतं,वडिलांचे मामा बाबा साठे हे भरत नाट्य मंदिरात मेकअपमन होते,वडिलांची माया बाबा साठे हे भरतनाट्य मंदिरात मेकअपन होतं,8.77,60.0,0,5.64
sample_01547,D:\marathi-asr\data\vistaar_benchmarks\kathbath\marathi\wavs\844424933394881-566-m.wav,२०११ च्या भारतीय जनगणनेनुसार गावात १५४ कुटुंबे राहतात,दोन हजार अकराच्या भारतीय जनगणनेनुसार गावात एकशे चौपन्ड कुटुंबीय राहतात,२०११ च्या भारतीय जनगणनेनुसार गावात १५४ कुटुंबे राहतात,दोन हजार अकराच्या भारतीय जनगणनेनुसार गावात एकशे चौपन्ड कुटुंबीय राहतात,47.17,75.0,0,4.57
sample_01548,D:\marathi-asr\data\vistaar_benchmarks\kathbath\marathi\wavs\844424933394875-566-m.wav,स्ट्रेप थ्रोटची लक्षणं कोणत्याही औषधांशिवायही ३ ते ५ दिवसात बरी व्हायला लागतात,स्ट्रेथोडची लक्षणं कोणत्याही औषधाशिवायही तीन ते पाच दिवसांत बरे व्हायला लागतात,स्ट्रेप थ्रोटची लक्षणं कोणत्याही औषधांशिवायही ३ ते ५ दिवसात बरी व्हायला लागतात,स्ट्रेथोडची लक्षणं कोणत्याही औषधाशिवायही तीन ते पाच दिवसांत बरे व्हायला लागतात,17.95,58.33,0,5.62
sample_01549,D:\marathi-asr\data\vistaar_benchmarks\kathbath\marathi\wavs\844424933373455-962-m.wav,हे कारंजे सातत्याने कार्यक्षम राहून तिथं आल्हाददायक सुवासिक आणि प्रणयकारक वातावरण तयार करत,हे कारण जे सातत्याने कार्यक्षम राहून तिथं अलाददायक सुवासिक आणि प्रणयकारक वातावरण तयार होते,हे कारंजे सातत्याने कार्यक्षम राहून तिथं आल्हाददायक सुवासिक आणि प्रणयकारक वातावरण तयार करत,हे कारण जे सातत्याने कार्यक्षम राहून तिथं अलाददायक सुवासिक आणि प्रणयकारक वातावरण तयार होते,8.89,30.77,0,7.38
sample_01550,D:\marathi-asr\data\vistaar_benchmarks\kathbath\marathi\wavs\844424933356028-1120-m.wav,पेब्लो शहर कॉलोराडोच्या दक्षिण भागात आर्कान्सा नदीच्या काठावर वसले असून ते डेन्व्हरच्या दक्षिणेस स्थित आहे,पेब्लो शहर कॉलोराडच्या दक्षिण भागात आकारस्ना नदीच्या काठावर वसले असून ते डेनव्हरच्या दक्षिणेस्थित आहे,पेब्लो शहर कॉलोराडोच्या दक्षिण भागात आर्कान्सा नदीच्या काठावर वसले असून ते डेन्व्हरच्या दक्षिणेस स्थित आहे,पेब्लो शहर कॉलोराडच्या दक्षिण भागात आकारस्ना नदीच्या काठावर वसले असून ते डेनव्हरच्या दक्षिणेस्थित आहे,8.49,33.33,0,9.45
sample_01551,D:\marathi-asr\data\vistaar_benchmarks\kathbath\marathi\wavs\844424933394787-566-m.wav,या समाजाने रोजगाराच्या संधी निर्माण करून देशाच्या अर्थव्यवस्थेला चालना दिली आहे,या समाजाने रोजगाराच्या संधी निर्माण करून देशाच्या अर्थव्यवस्थेला चालना दिली आहे,या समाजाने रोजगाराच्या संधी निर्माण करून देशाच्या अर्थव्यवस्थेला चालना दिली आहे,या समाजाने रोजगाराच्या संधी निर्माण करून देशाच्या अर्थव्यवस्थेला चालना दिली आहे,0.0,0.0,1,8.34
sample_01552,D:\marathi-asr\data\vistaar_benchmarks\kathbath\marathi\wavs\844424933379945-487-m.wav,अखिल भारतीय साहित्य संमेलन नांदेड १९८५ साली सरचिटणीस म्हणून कार्यरत होते,अखिल भारतीय साहित्य संमेलन नांदेड एकोणीसशे पंच्याऐंशी साली सरचिटणीस म्हणून कार्यरत होते,अखिल भारतीय साहित्य संमेलन नांदेड १९८५ साली सरचिटणीस म्हणून कार्यरत होते,अखिल भारतीय साहित्य संमेलन नांदेड एकोणीसशे पंच्याऐंशी साली सरचिटणीस म्हणून कार्यरत होते,26.39,18.18,0,5.97
sample_01553,D:\marathi-asr\data\vistaar_benchmarks\kathbath\marathi\wavs\844424933394823-566-m.wav,वादडे ओसरवाडी ताणाशी देदाळे बावडे आसनगाव कापशी साखरे ऐने गोवाणे दाभाळे ही जवळपासची गावे आहेत,वादळे ओसरवाडी तानाशी देदाळे बावळे आसनगाव कापाशी साख्रीे ऐनगोवाळे दाभाळे ही जवळपासची गावे आहेत,वादडे ओसरवाडी ताणाशी देदाळे बावडे आसनगाव कापशी साखरे ऐने गोवाणे दाभाळे ही जवळपासची गावे आहेत,वादळे ओसरवाडी तानाशी देदाळे बावळे आसनगाव कापाशी साख्रीे ऐनगोवाळे दाभाळे ही जवळपासची गावे आहेत,9.78,46.67,0,8.22
sample_01554,D:\marathi-asr\data\vistaar_benchmarks\kathbath\marathi\wavs\844424933356037-1120-m.wav,अष्टाध्यायीतील सूत्राचा अर्थ लावताना अधिकारसूत्रातील एखादे पद किंवा सबंध अधिकारसूत्र अध्याहृत धरण्यात येते,अष्टांध्याातयातील सूत्राचा अर्थ लावताना अधिकारसूत्रातील एखादे पद किंवा संबंध अधिकारसूत्र अधारित करण्यात येतो,अष्टाध्यायीतील सूत्राचा अर्थ लावताना अधिकारसूत्रातील एखादे पद किंवा सबंध अधिकारसूत्र अध्याहृत धरण्यात येते,अष्टांध्याातयातील सूत्राचा अर्थ लावताना अधिकारसूत्रातील एखादे पद किंवा संबंध अधिकारसूत्र अधारित करण्यात येतो,10.38,38.46,0,8.61
sample_01555,D:\marathi-asr\data\vistaar_benchmarks\kathbath\marathi\wavs\844424933280480-817-m.wav,नांदुर हे भारताच्या महाराष्ट्र राज्यातील नाशिक जिल्ह्यातील नांदगाव तालुक्यातील एक गाव आहे,नांदूर हे भारताच्या महाराष्ट्र राज्यातील नाशिक जिल्ह्यातील नांदगाव तालुक्यातील एक गाव आहे,नांदुर हे भारताच्या महाराष्ट्र राज्यातील नाशिक जिल्ह्यातील नांदगाव तालुक्यातील एक गाव आहे,नांदूर हे भारताच्या महाराष्ट्र राज्यातील नाशिक जिल्ह्यातील नांदगाव तालुक्यातील एक गाव आहे,1.12,8.33,0,9.5
sample_01556,D:\marathi-asr\data\vistaar_benchmarks\kathbath\marathi\wavs\844424933356014-1120-m.wav,सत्त्वगुण किंवा अनेकदा सात्त्विकसात्विकसत्वसत्यसत्त्व ह्या नावांनी उल्लेख होणारा गुणधर्म किंवा सृष्टीचा गुण आहे,सत्त्वगुण किंवा अनेकदा सत्त्व कीविकसत्वसत्यसत्त्व या्या नावाांने उल्लेख होणारऱ्या गुणधर्म किंवा सृष्टीचा गुण आहे,सत्त्वगुण किंवा अनेकदा सात्त्विकसात्विकसत्वसत्यसत्त्व ह्या नावांनी उल्लेख होणारा गुणधर्म किंवा सृष्टीचा गुण आहे,सत्त्वगुण किंवा अनेकदा सत्त्व कीविकसत्वसत्यसत्त्व या्या नावाांने उल्लेख होणारऱ्या गुणधर्म किंवा सृष्टीचा गुण आहे,11.71,38.46,0,9.47
sample_01557,D:\marathi-asr\data\vistaar_benchmarks\kathbath\marathi\wavs\844424933379970-487-m.wav,याचे मुख्य कारण राजकीय अस्थिरता आणि वाढती कामगार संघटना होते,याचे मुख्य कारण राजकीय अस्थिरता आणि वाढती कामगार संघटना होते,याचे मुख्य कारण राजकीय अस्थिरता आणि वाढती कामगार संघटना होते,याचे मुख्य कारण राजकीय अस्थिरता आणि वाढती कामगार संघटना होते,0.0,0.0,1,5.22
sample_01558,D:\marathi-asr\data\vistaar_benchmarks\kathbath\marathi\wavs\844424933373385-962-m.wav,तुर्कानी काॅन्स्टॅन्टिनोपल जिंकल्याने युरोपीयांचे आशिया खंडाशी व्यापार करण्याचे मार्ग बंद झाले,तुर्कांनी कॉन्स्टनटिनोपल जिंकल्याने युरोपियाचे आशिया खंडाशी व्यापार करण्याचे मार्ग बंद झाले,तुर्कानी काॅन्स्टॅन्टिनोपल जिंकल्याने युरोपीयांचे आशिया खंडाशी व्यापार करण्याचे मार्ग बंद झाले,तुर्कांनी कॉन्स्टनटिनोपल जिंकल्याने युरोपियाचे आशिया खंडाशी व्यापार करण्याचे मार्ग बंद झाले,7.45,27.27,0,8.2
sample_01559,D:\marathi-asr\data\vistaar_benchmarks\kathbath\marathi\wavs\844424933379933-487-m.wav,पण या नौका फ्लेचरच्या मुख्य तांड्याचा भाग नव्हत्याच,पण या नौका फ्लेचरच्या मुख्य तांड्यांचा भाग नव्हत्याच,पण या नौका फ्लेचरच्या मुख्य तांड्याचा भाग नव्हत्याच,पण या नौका फ्लेचरच्या मुख्य तांड्यांचा भाग नव्हत्याच,1.96,12.5,0,4.99
sample_01560,D:\marathi-asr\data\vistaar_benchmarks\kathbath\marathi\wavs\844424933379898-487-m.wav,हिंगणवेढे हे भारताच्या महाराष्ट्र राज्यातील नाशिक जिल्ह्यातील नाशिक तालुक्यातील एक गाव आहे,हिंगणवेढ हे भारताच्या महाराष्ट्र राज्यातील नाशिक जिल्ह्यातील नाशिक तालुक्यातील एक गाव आहे,हिंगणवेढे हे भारताच्या महाराष्ट्र राज्यातील नाशिक जिल्ह्यातील नाशिक तालुक्यातील एक गाव आहे,हिंगणवेढ हे भारताच्या महाराष्ट्र राज्यातील नाशिक जिल्ह्यातील नाशिक तालुक्यातील एक गाव आहे,1.11,8.33,0,6.73
sample_01561,D:\marathi-asr\data\vistaar_benchmarks\kathbath\marathi\wavs\844424933394867-566-m.wav,त्याला पहिले आंतरराष्ट्रीय एकदिवसीय शतक नोंदवण्यासाठी ७९ सामने वाट पहावी लागली,त्याला पहिले आंतरराष्ट्रीय एकदिवसीय शतक नोंदवण्यासाठी कुणीशी सामने वाट पाहावे लागले,त्याला पहिले आंतरराष्ट्रीय एकदिवसीय शतक नोंदवण्यासाठी ७९ सामने वाट पहावी लागली,त्याला पहिले आंतरराष्ट्रीय एकदिवसीय शतक नोंदवण्यासाठी कुणीशी सामने वाट पाहावे लागले,11.54,27.27,0,4.88
sample_01562,D:\marathi-asr\data\vistaar_benchmarks\kathbath\marathi\wavs\844424933373433-962-m.wav,पाथर्डी हे भारताच्या महाराष्ट्र राज्यातील उस्मानाबाद जिल्ह्यातील कळंब तालुक्यातील एक गाव आहे,पाथर्डी हे भारताच्या महाराष्ट्र राज्यातील उस्मानाबाद जिल्ह्यातील कळंब तालुक्यातील एक गाव आहे,पाथर्डी हे भारताच्या महाराष्ट्र राज्यातील उस्मानाबाद जिल्ह्यातील कळंब तालुक्यातील एक गाव आहे,पाथर्डी हे भारताच्या महाराष्ट्र राज्यातील उस्मानाबाद जिल्ह्यातील कळंब तालुक्यातील एक गाव आहे,0.0,0.0,1,5.74
sample_01563,D:\marathi-asr\data\vistaar_benchmarks\kathbath\marathi\wavs\844424933379904-487-m.wav,हेमा उपाध्याय जन्म १९७२११ डिसेंबर २०१५ हया मुंबईतील एक भारतीय कलाकार होत्या,हेमा उपाध्याय जन्म एकोणीसशे बहात्तर अकरा डिसेंबर दोन हजार पंधरा ह मुंबईतील एक भारतीय कलाकार होते,हेमा उपाध्याय जन्म १९७२११ डिसेंबर २०१५ हया मुंबईतील एक भारतीय कलाकार होत्या,हेमा उपाध्याय जन्म एकोणीसशे बहात्तर अकरा डिसेंबर दोन हजार पंधरा ह मुंबईतील एक भारतीय कलाकार होते,50.67,66.67,0,8.22
sample_01564,D:\marathi-asr\data\vistaar_benchmarks\kathbath\marathi\wavs\844424933379980-487-m.wav,तिच्या वडिलांनी पश्चिम आशियामध्ये चुनखडी उत्खनन सुरू केल्यानंतर दीवान दोन वर्षांची असताना बहारीनला गेली,तिच्या वडिलांनी पश्चिम आशियामध्ये चुनखडी उत्खनन सुरू केल्यानंतर दिवाण दोन वर्षांची असताना बहारीनला गेली,तिच्या वडिलांनी पश्चिम आशियामध्ये चुनखडी उत्खनन सुरू केल्यानंतर दीवान दोन वर्षांची असताना बहारीनला गेली,तिच्या वडिलांनी पश्चिम आशियामध्ये चुनखडी उत्खनन सुरू केल्यानंतर दिवाण दोन वर्षांची असताना बहारीनला गेली,1.94,7.14,0,7.76
sample_01565,D:\marathi-asr\data\vistaar_benchmarks\kathbath\marathi\wavs\844424933373392-962-m.wav,येथे सर्वात नवीन आणि सर्वात कमी शिखर आहे,येथे सर्वात नवीन आणि सर्वात कमी शिखर आहे,येथे सर्वात नवीन आणि सर्वात कमी शिखर आहे,येथे सर्वात नवीन आणि सर्वात कमी शिखर आहे,0.0,0.0,1,4.04
sample_01566,D:\marathi-asr\data\vistaar_benchmarks\kathbath\marathi\wavs\844424933373431-962-m.wav,गिम्प मायक्रोसॉफ्ट विंडोज किंवा ऍपलच्या मॅक ओएस एक्स डार्विन सारख्या अन्य कार्यप्रणालीसाठी ही उपलब्ध आहे,गिम्प मायक्रोसॉफ्ट विंडोज किंवा अॅपलच्या मॅक्रोएसएक्स डारर्विनसारख्या अन्य कार्यप्रणालीसाठीही उपलब्ध आहे,गिम्प मायक्रोसॉफ्ट विंडोज किंवा ऍपलच्या मॅक ओएस एक्स डार्विन सारख्या अन्य कार्यप्रणालीसाठी ही उपलब्ध आहे,गिम्प मायक्रोसॉफ्ट विंडोज किंवा अॅपलच्या मॅक्रोएसएक्स डारर्विनसारख्या अन्य कार्यप्रणालीसाठीही उपलब्ध आहे,8.65,53.33,0,7.78
sample_01567,D:\marathi-asr\data\vistaar_benchmarks\kathbath\marathi\wavs\844424933381647-676-m.wav,या पुतळ्यांची देखभालही केली जात नाही शहरात वाहतुकीला अडथळा ठरू शकणारेही बरेच पुतळे आहेत,या पुतळ्यांची देखभालही केली जात नाही शहरात वाहतुकीला अडथळा ठरू शकणारेही बरेच पुतळे आहेत,या पुतळ्यांची देखभालही केली जात नाही शहरात वाहतुकीला अडथळा ठरू शकणारेही बरेच पुतळे आहेत,या पुतळ्यांची देखभालही केली जात नाही शहरात वाहतुकीला अडथळा ठरू शकणारेही बरेच पुतळे आहेत,0.0,0.0,1,8.45
sample_01568,D:\marathi-asr\data\vistaar_benchmarks\kathbath\marathi\wavs\844424933394022-426-m.wav,हिंदी भाषेला राष्ट्रभाषा करण्याबाबत ते विशेष आग्रही होते,हिंदी भाषेला राष्ट्रभाषा करण्याबाबत ते विशेष आग्रही होते,हिंदी भाषेला राष्ट्रभाषा करण्याबाबत ते विशेष आग्रही होते,हिंदी भाषेला राष्ट्रभाषा करण्याबाबत ते विशेष आग्रही होते,0.0,0.0,1,5.15
sample_01569,D:\marathi-asr\data\vistaar_benchmarks\kathbath\marathi\wavs\844424933381648-676-m.wav,दिब्रुगडचा मोहनबारी विमानतळ हा रोइंगसाठी सर्वात जवळचा विमानतळ आहे,दिब्रुगोटचा मौनबारी विमानतळ हा रोईंगसाठी सर्वात जवळचा विमानतळ आहे,दिब्रुगडचा मोहनबारी विमानतळ हा रोइंगसाठी सर्वात जवळचा विमानतळ आहे,दिब्रुगोटचा मौनबारी विमानतळ हा रोईंगसाठी सर्वात जवळचा विमानतळ आहे,7.69,33.33,0,9.36
sample_01570,D:\marathi-asr\data\vistaar_benchmarks\kathbath\marathi\wavs\844424933393987-426-m.wav,१९९१ ते २००० दरम्यान येथे गृहयुद्ध चालू होते,एकोणीशे एक््याण्णव ते दोन हजार दरम्यान येथे गृहयुद्ध चालू होते,१९९१ ते २००० दरम्यान येथे गृहयुद्ध चालू होते,एकोणीशे एक््याण्णव ते दोन हजार दरम्यान येथे गृहयुद्ध चालू होते,59.09,50.0,0,14.65
sample_01571,D:\marathi-asr\data\vistaar_benchmarks\kathbath\marathi\wavs\844424933394029-426-m.wav,त्यांचे एका साळीयाने हे आत्मचरित्र पुण्याच्या पद्मगंधा प्रकाशनने प्रसिद्ध केले,त्यांचे एका साडियाने हे आत्मचरित्र पुण्याच्या पद्मगंधा प्रकाशनाने प्रसिद्ध केले,त्यांचे एका साळीयाने हे आत्मचरित्र पुण्याच्या पद्मगंधा प्रकाशनने प्रसिद्ध केले,त्यांचे एका साडियाने हे आत्मचरित्र पुण्याच्या पद्मगंधा प्रकाशनाने प्रसिद्ध केले,3.85,20.0,0,8.87
sample_01572,D:\marathi-asr\data\vistaar_benchmarks\kathbath\marathi\wavs\844424933393991-426-m.wav,त्यातील बांधकाम काळ्या पाषाणातील असून त्यावर अत्यंत सुबक व उठावदार नक्षीकाम करण्यात येत आहे,त्यातील बांधकाम काड्यापाशणातील असून त्यावर अत्यंत सुबक व उठावदार नक्षीकाम करण्यात येत आहे,त्यातील बांधकाम काळ्या पाषाणातील असून त्यावर अत्यंत सुबक व उठावदार नक्षीकाम करण्यात येत आहे,त्यातील बांधकाम काड्यापाशणातील असून त्यावर अत्यंत सुबक व उठावदार नक्षीकाम करण्यात येत आहे,4.4,14.29,0,10.12
sample_01573,D:\marathi-asr\data\vistaar_benchmarks\kathbath\marathi\wavs\844424933394821-566-m.wav,विशेषतः लहान मुलांच्या आजारावर हे फार उपयोगी पडतें,विशेषतः लहान मुलांच्या आजारावर हे फार उपयोगी पडते,विशेषतः लहान मुलांच्या आजारावर हे फार उपयोगी पडतें,विशेषतः लहान मुलांच्या आजारावर हे फार उपयोगी पडते,2.0,12.5,0,3.81
sample_01574,D:\marathi-asr\data\vistaar_benchmarks\kathbath\marathi\wavs\844424933280454-817-m.wav,कृष्णाजी नारायण आठल्ये यांनी सुमारे ४० पुस्तके लिहिली,कृष्णाजी नारायण आठल्ले यांनी सुमारे चाळीस पुस्तके लिहिली,कृष्णाजी नारायण आठल्ये यांनी सुमारे ४० पुस्तके लिहिली,कृष्णाजी नारायण आठल्ले यांनी सुमारे चाळीस पुस्तके लिहिली,11.32,25.0,0,4.18
sample_01575,D:\marathi-asr\data\vistaar_benchmarks\kathbath\marathi\wavs\844424933356022-1120-m.wav,या वयोगटातील मुलांची संख्या एकूण लोकसंखेच्या १२३६ आहे,या वयोगटातील मुलांची संख्या एकूण लोकसंख्येच्या बाराशे छत्तीस आहे,या वयोगटातील मुलांची संख्या एकूण लोकसंखेच्या १२३६ आहे,या वयोगटातील मुलांची संख्या एकूण लोकसंख्येच्या बाराशे छत्तीस आहे,28.3,37.5,0,5.32
sample_01576,D:\marathi-asr\data\vistaar_benchmarks\kathbath\marathi\wavs\844424933381595-676-m.wav,पाळोदी हे भारताच्या महाराष्ट्र राज्यातील परभणी जिल्ह्यातील मानवत तालुक्यातील एक गाव आहे,पाळुदी हे भारताच्या महाराष्ट्र राज्यातील परभणी जिल्ह्यातील मानवत तालुक्यातील एक गाव आहे,पाळोदी हे भारताच्या महाराष्ट्र राज्यातील परभणी जिल्ह्यातील मानवत तालुक्यातील एक गाव आहे,पाळुदी हे भारताच्या महाराष्ट्र राज्यातील परभणी जिल्ह्यातील मानवत तालुक्यातील एक गाव आहे,1.15,8.33,0,9.64
sample_01577,D:\marathi-asr\data\vistaar_benchmarks\kathbath\marathi\wavs\844424933381626-676-m.wav,जागृत हे वृत्तपत्र हे सत्यशोधक समाजाचा पुरस्कार करणारे होते,जागृत हे वृत्तपत्र हे सत्यशोधक समाजाचा पुरस्कार करणारे होते,जागृत हे वृत्तपत्र हे सत्यशोधक समाजाचा पुरस्कार करणारे होते,जागृत हे वृत्तपत्र हे सत्यशोधक समाजाचा पुरस्कार करणारे होते,0.0,0.0,1,6.46
sample_01578,D:\marathi-asr\data\vistaar_benchmarks\kathbath\marathi\wavs\844424933381589-676-m.wav,पटेल लोकसभेत कानडीतून भाषण देणारे पहिले खासदार होते,पटेल लोकसभेत कांडीतून भाषण देणारे पहिले खासदार होते,पटेल लोकसभेत कानडीतून भाषण देणारे पहिले खासदार होते,पटेल लोकसभेत कांडीतून भाषण देणारे पहिले खासदार होते,1.96,12.5,0,6.18
sample_01579,D:\marathi-asr\data\vistaar_benchmarks\kathbath\marathi\wavs\844424933356041-1120-m.wav,तर न्यायाची योग्य ती तत्त्वे ज्यांचे सर्वोत्तम परिणाम होतात त्या असतात,तर न्यायाचे योग्य ती तत्त्वे त्यांचे सर्वोत्तम परिणाम होतात त्यास असतात,तर न्यायाची योग्य ती तत्त्वे ज्यांचे सर्वोत्तम परिणाम होतात त्या असतात,तर न्यायाचे योग्य ती तत्त्वे त्यांचे सर्वोत्तम परिणाम होतात त्यास असतात,4.29,27.27,0,6.22
sample_01580,D:\marathi-asr\data\vistaar_benchmarks\kathbath\marathi\wavs\844424933280499-817-m.wav,सिएटलटॅकोमा आंतरराष्ट्रीय विमानतळ या कंपनीचे मुख्य ठाणे आहे,सी अॅटलॉटोकोमा आंतरराष्ट्रीय विमानतळात या कंपनीचे प्रमुख ठाणे आहे,सिएटलटॅकोमा आंतरराष्ट्रीय विमानतळ या कंपनीचे मुख्य ठाणे आहे,सी अॅटलॉटोकोमा आंतरराष्ट्रीय विमानतळात या कंपनीचे प्रमुख ठाणे आहे,22.03,50.0,0,8.89
sample_01581,D:\marathi-asr\data\vistaar_benchmarks\kathbath\marathi\wavs\844424933381660-676-m.wav,क हिंदू लोकसंख्येत विविध तत्वांचे संमिश्रण असतांनाही यात दृढ सांस्कृतिक एकता आहे,कहििंदू लोकसंख्येत विविध तत्त्वांचे संमिश्रण असतानाही यात दृढ सांस्कृतिक एकता आहे,क हिंदू लोकसंख्येत विविध तत्वांचे संमिश्रण असतांनाही यात दृढ सांस्कृतिक एकता आहे,कहििंदू लोकसंख्येत विविध तत्त्वांचे संमिश्रण असतानाही यात दृढ सांस्कृतिक एकता आहे,6.25,33.33,0,9.36
sample_01582,D:\marathi-asr\data\vistaar_benchmarks\kathbath\marathi\wavs\844424933379976-487-m.wav,विजेत्या पाकिस्तान संघाला ३० हजार अमेरिकन डॉलर पारितोषिक म्हणून मिळाले,विजेत्या पाकिस्तान संघाला तीस हजार अमेरिकन डॉलर पारितोषिक म्हणून मिळाले,विजेत्या पाकिस्तान संघाला ३० हजार अमेरिकन डॉलर पारितोषिक म्हणून मिळाले,विजेत्या पाकिस्तान संघाला तीस हजार अमेरिकन डॉलर पारितोषिक म्हणून मिळाले,4.29,10.0,0,5.02
sample_01583,D:\marathi-asr\data\vistaar_benchmarks\kathbath\marathi\wavs\844424933280487-817-m.wav,एका ढगाचे वजन जवळजवळ पाच लाख किलो म्हणजेच एका विमानाएवढे किंवा १०० हत्तींएवढे असते,एका ढगाचे वजन जवळजवळ पाच लाख किलो म्हणजेच एका विमानाएवढे किंवा शंभर हाती एवढे असते,एका ढगाचे वजन जवळजवळ पाच लाख किलो म्हणजेच एका विमानाएवढे किंवा १०० हत्तींएवढे असते,एका ढगाचे वजन जवळजवळ पाच लाख किलो म्हणजेच एका विमानाएवढे किंवा शंभर हाती एवढे असते,8.54,21.43,0,10.96
sample_01584,D:\marathi-asr\data\vistaar_benchmarks\kathbath\marathi\wavs\844424933379908-487-m.wav,हि संघटना ही भारतातील औषधशात्रज्ञांची सर्वात मोठी संस्था म्हणून उदयास येत आहे,ही संघटना ही भारतातील औषधशास्त्रज्ञांची सर्वात मोठी संस्था म्हणून उदयासी येत आहे,हि संघटना ही भारतातील औषधशात्रज्ञांची सर्वात मोठी संस्था म्हणून उदयास येत आहे,ही संघटना ही भारतातील औषधशास्त्रज्ञांची सर्वात मोठी संस्था म्हणून उदयासी येत आहे,5.19,25.0,0,5.41
sample_01585,D:\marathi-asr\data\vistaar_benchmarks\kathbath\marathi\wavs\844424933394798-566-m.wav,भगवानगडावर उत्सव विजयादशमीला पौष वि प्रतिपदाला प्रत्येक शुद्ध एकादशी याशिवाय कार्तिक पौर्णिमाला सुरू होतो,भगवानगडावर उत्सव विजयादशमीला पौश्वी प्र्रतिपादाला प्रत्येक शुद्ध एकादशी याशिवाय कार्तिक पौर्णिमाला सुरू होतो,भगवानगडावर उत्सव विजयादशमीला पौष वि प्रतिपदाला प्रत्येक शुद्ध एकादशी याशिवाय कार्तिक पौर्णिमाला सुरू होतो,भगवानगडावर उत्सव विजयादशमीला पौश्वी प्र्रतिपादाला प्रत्येक शुद्ध एकादशी याशिवाय कार्तिक पौर्णिमाला सुरू होतो,5.71,21.43,0,8.61
sample_01586,D:\marathi-asr\data\vistaar_benchmarks\kathbath\marathi\wavs\844424933394873-566-m.wav,स्थापत्यशास्त्र महाविद्यालयाच्या प्राचार्यांकडे सत्यशोधक समाजाने एक अर्ज केला,तात्पत्यशास्त्रीय महाविद्यालयाच्या प्राचार्याकडे सत्यशोधक समाजाने एक अर्ज केला,स्थापत्यशास्त्र महाविद्यालयाच्या प्राचार्यांकडे सत्यशोधक समाजाने एक अर्ज केला,तात्पत्यशास्त्रीय महाविद्यालयाच्या प्राचार्याकडे सत्यशोधक समाजाने एक अर्ज केला,9.09,25.0,0,4.6
sample_01587,D:\marathi-asr\data\vistaar_benchmarks\kathbath\marathi\wavs\844424933373415-962-m.wav,किणीतांडा हे भारताच्या महाराष्ट्र राज्यातील नांदेड जिल्ह्यातील देगलूर तालुक्यातील एक गाव आहे,किनीतांडा हे भारताच्या महाराष्ट्र राज्यातील नांदेड जिल्ह्यातील देगलूर तालुक्यातील एक गाव आहे,किणीतांडा हे भारताच्या महाराष्ट्र राज्यातील नांदेड जिल्ह्यातील देगलूर तालुक्यातील एक गाव आहे,किनीतांडा हे भारताच्या महाराष्ट्र राज्यातील नांदेड जिल्ह्यातील देगलूर तालुक्यातील एक गाव आहे,1.09,8.33,0,6.41
sample_01588,D:\marathi-asr\data\vistaar_benchmarks\kathbath\marathi\wavs\844424933379899-487-m.wav,जन्मकाली जन्मस्थळाच्या पूर्व क्षितिजावर जो आकाशाचा भाग राशी उदित असते त्या बिंदूस लग्न असे म्हणतात,जन्मकाळी जन्मस्थळाच्या पूर्वक्षषितीजवळ जो आकाशाचा भाग राशी उदित असते त्या बिंदूस लग्न असे म्हणतात,जन्मकाली जन्मस्थळाच्या पूर्व क्षितिजावर जो आकाशाचा भाग राशी उदित असते त्या बिंदूस लग्न असे म्हणतात,जन्मकाळी जन्मस्थळाच्या पूर्वक्षषितीजवळ जो आकाशाचा भाग राशी उदित असते त्या बिंदूस लग्न असे म्हणतात,6.12,20.0,0,7.76
sample_01589,D:\marathi-asr\data\vistaar_benchmarks\kathbath\marathi\wavs\844424933381587-676-m.wav,धरणाच्या पाणलोट क्षेत्रात बेसुमार वाळू उपसा केल्याने पर्यावरण धोक्यात आले आहे,धरणाच्या पानरोट क्षेत्रात बेसुमार वाळू उपसा केल्याने पर्यावरण धोक्यात आले आहे,धरणाच्या पाणलोट क्षेत्रात बेसुमार वाळू उपसा केल्याने पर्यावरण धोक्यात आले आहे,धरणाच्या पानरोट क्षेत्रात बेसुमार वाळू उपसा केल्याने पर्यावरण धोक्यात आले आहे,2.6,9.09,0,8.41
sample_01590,D:\marathi-asr\data\vistaar_benchmarks\kathbath\marathi\wavs\844424933355957-1120-m.wav,काहींच्या मते वटेश्वर म्हणजे चांगदेवांच्या अंतरंगात प्रकाशणारे ईश्वराचे रूप,काहींच्या मते वटेश्वर म्हणजे चांगदेवांच्या अंतर्गात प्रकाशणारे ईश्वरूपाचे रूप,काहींच्या मते वटेश्वर म्हणजे चांगदेवांच्या अंतरंगात प्रकाशणारे ईश्वराचे रूप,काहींच्या मते वटेश्वर म्हणजे चांगदेवांच्या अंतर्गात प्रकाशणारे ईश्वरूपाचे रूप,4.0,22.22,0,6.97
sample_01591,D:\marathi-asr\data\vistaar_benchmarks\kathbath\marathi\wavs\844424933394828-566-m.wav,नीडरजाक्सन इंग्लिश नाव लोअर सॅक्सनी हे जर्मनी देशामधील एक राज्य आहे,नटर जॅक्सन इंग्लिश नाव लोअर सॅक्सिन हे जर्मनी देशामधील एक राज्य आहे,नीडरजाक्सन इंग्लिश नाव लोअर सॅक्सनी हे जर्मनी देशामधील एक राज्य आहे,नटर जॅक्सन इंग्लिश नाव लोअर सॅक्सिन हे जर्मनी देशामधील एक राज्य आहे,8.96,27.27,0,4.41
sample_01592,D:\marathi-asr\data\vistaar_benchmarks\kathbath\marathi\wavs\844424933280414-817-m.wav,पुणे पुरंदर पैठण वैजापूर गंगापूर कंधार मंगरूळ उस्मानाबाद इत्यादी ठिकाणचे पीरांचे दर्गे सूफींचे आहेत,पुणे पुरंदर पैठण वैजापूर गंगापूर कंधार मंगळुरू उस्मानाबाद इत्यादी ठिकाणचे पिरांचे दर्गे सफीचे आहेत,पुणे पुरंदर पैठण वैजापूर गंगापूर कंधार मंगरूळ उस्मानाबाद इत्यादी ठिकाणचे पीरांचे दर्गे सूफींचे आहेत,पुणे पुरंदर पैठण वैजापूर गंगापूर कंधार मंगळुरू उस्मानाबाद इत्यादी ठिकाणचे पिरांचे दर्गे सफीचे आहेत,6.06,21.43,0,13.89
sample_01593,D:\marathi-asr\data\vistaar_benchmarks\kathbath\marathi\wavs\844424933393995-426-m.wav,उज्जैन लोकसभा मतदारसंघ भारताच्या मध्य प्रदेश राज्यातील मतदारसंघ आहे,उज्जैन लोकसभा मतदारसंघ भारताच्या मध्य प्रदेश राज्यातील मतदारसंघ आहे,उज्जैन लोकसभा मतदारसंघ भारताच्या मध्य प्रदेश राज्यातील मतदारसंघ आहे,उज्जैन लोकसभा मतदारसंघ भारताच्या मध्य प्रदेश राज्यातील मतदारसंघ आहे,0.0,0.0,1,9.15
sample_01594,D:\marathi-asr\data\vistaar_benchmarks\kathbath\marathi\wavs\844424933356035-1120-m.wav,गायकवाड यांनी १९६७ च्या निवडणुकीच्या वेळी कॉंग्रेसशी युती केली,गायकवाड यांनी एकोणीसशे शहात्तरच्या निवडणुकीच्या वेळी काँग्रेसची युती केली,गायकवाड यांनी १९६७ च्या निवडणुकीच्या वेळी कॉंग्रेसशी युती केली,गायकवाड यांनी एकोणीसशे शहात्तरच्या निवडणुकीच्या वेळी काँग्रेसची युती केली,29.03,33.33,0,5.29
sample_01595,D:\marathi-asr\data\vistaar_benchmarks\kathbath\marathi\wavs\844424933379977-487-m.wav,या प्रकारे अश्या रिकाम्या खाणींचा पुन्हा वापर होईल,या प्रकारे अशा रिकाम्या खाणींचा पुन्हा वापर होईल,या प्रकारे अश्या रिकाम्या खाणींचा पुन्हा वापर होईल,या प्रकारे अशा रिकाम्या खाणींचा पुन्हा वापर होईल,4.0,12.5,0,3.55
sample_01596,D:\marathi-asr\data\vistaar_benchmarks\kathbath\marathi\wavs\844424933394021-426-m.wav,२०१५ साली नागपुरात २३ वे पद्मगंधा साहित्य संमेलन भरले होते,दोन हजार पंधरा साली नागपुरात तेविसावे पद्मगधा साहित्य संमेलन भरले होते,२०१५ साली नागपुरात २३ वे पद्मगंधा साहित्य संमेलन भरले होते,दोन हजार पंधरा साली नागपुरात तेविसावे पद्मगधा साहित्य संमेलन भरले होते,36.21,60.0,0,6.48
sample_01597,D:\marathi-asr\data\vistaar_benchmarks\kathbath\marathi\wavs\844424933394884-566-m.wav,याचे वर्णन धम्मपदा मध्ये आणि याच सद्धम्मामार्गापासुन अनेक पंथाची उत्पति झाली आहे,याचे वन धम्मपदामध्ये आणि याच्या सदमा मार्गापासून अनेक पंथांची उत्पत््ती झाली आहे,याचे वर्णन धम्मपदा मध्ये आणि याच सद्धम्मामार्गापासुन अनेक पंथाची उत्पति झाली आहे,याचे वन धम्मपदामध्ये आणि याच्या सदमा मार्गापासून अनेक पंथांची उत्पत््ती झाली आहे,22.5,66.67,0,4.81
sample_01598,D:\marathi-asr\data\vistaar_benchmarks\kathbath\marathi\wavs\844424933394865-566-m.wav,हे निशांनधारी हॉटेल शाग्रीला हॉटेल आणि रिसॉर्टचे पहिले हॉटेल आहे,हे निशानदारे हॉटेल शागरीला हॉटेल आणि रिसॉर्टचे पहिले हॉटेल आहे,हे निशांनधारी हॉटेल शाग्रीला हॉटेल आणि रिसॉर्टचे पहिले हॉटेल आहे,हे निशानदारे हॉटेल शागरीला हॉटेल आणि रिसॉर्टचे पहिले हॉटेल आहे,6.25,20.0,0,3.6
sample_01599,D:\marathi-asr\data\vistaar_benchmarks\kathbath\marathi\wavs\844424933373429-962-m.wav,ग्राहकांच्या मागणीशिवाय उत्पादकांना उत्पादित करण्याच्या मुख्य हेतूंपैकी एक नसण्याची शक्यता असते ग्राहकांना विक्री करणे,ग्राहकांच्या मागणीशिवाय उत्पादकांना उत्पादित करण्याच्या मुख्य हेतूपैकी एक नसण्याची शक्यता असणे ग्राहकांना विक्री करणे,ग्राहकांच्या मागणीशिवाय उत्पादकांना उत्पादित करण्याच्या मुख्य हेतूंपैकी एक नसण्याची शक्यता असते ग्राहकांना विक्री करणे,ग्राहकांच्या मागणीशिवाय उत्पादकांना उत्पादित करण्याच्या मुख्य हेतूपैकी एक नसण्याची शक्यता असणे ग्राहकांना विक्री करणे,1.69,14.29,0,8.1
sample_01600,D:\marathi-asr\data\vistaar_benchmarks\kathbath\marathi\wavs\844424933381620-676-m.wav,द क्लिफ्टन क्रॉनिकल्स ही जेफ्री आर्चर यांनी लिहिलेल्या कादंबऱ्यांची मालिका आहे,द क्लिप्टन क्रॉनिकल्स ही जेफरी आर्चर यांनी लिहिलेल्या कादंबऱ्यांची मालिका आहे,द क्लिफ्टन क्रॉनिकल्स ही जेफ्री आर्चर यांनी लिहिलेल्या कादंबऱ्यांची मालिका आहे,द क्लिप्टन क्रॉनिकल्स ही जेफरी आर्चर यांनी लिहिलेल्या कादंबऱ्यांची मालिका आहे,5.06,27.27,0,9.17
sample_01601,D:\marathi-asr\data\vistaar_benchmarks\kathbath\marathi\wavs\844424933394854-566-m.wav,भारत देशामध्ये सर्व राज्यांचे राज्यप्रमुख राज्यपाल असतात उदा महाराष्ट्राचे राज्यपाल,भारत देशामध्ये सर्व राज्यांचे राज्यप्रमुख राज्यपाल असतात उद्या महाराष्ट्राचे राज्यपाल,भारत देशामध्ये सर्व राज्यांचे राज्यप्रमुख राज्यपाल असतात उदा महाराष्ट्राचे राज्यपाल,भारत देशामध्ये सर्व राज्यांचे राज्यप्रमुख राज्यपाल असतात उद्या महाराष्ट्राचे राज्यपाल,2.41,10.0,0,5.62
sample_01602,D:\marathi-asr\data\vistaar_benchmarks\kathbath\marathi\wavs\844424933355962-1120-m.wav,ह्या पक्षाचे निवासस्थान घनदाट जंगलेपानगळीची जंगले या ठिकाणी असते,या पक्षाने निवासस्थान घनदााट जंगली पानघटीची जंगली या ठिकाणी असते,ह्या पक्षाचे निवासस्थान घनदाट जंगलेपानगळीची जंगले या ठिकाणी असते,या पक्षाने निवासस्थान घनदााट जंगली पानघटीची जंगली या ठिकाणी असते,14.06,66.67,0,6.46
sample_01603,D:\marathi-asr\data\vistaar_benchmarks\kathbath\marathi\wavs\844424933280444-817-m.wav,अन्नद्रव्यांचे जमिनीतील प्रमाण अत्यंत कमी असल्याने खतमात्रा ५० नी व कमी असल्यास २५ नी वाढवतात,अन्नद्रव्यांचे जमिनीतील प्रमाण अत्यंत कमी असल्याने खतमात्रा पन्नासनी व कमी असल्यास पंचवीसनी वाढतात,अन्नद्रव्यांचे जमिनीतील प्रमाण अत्यंत कमी असल्याने खतमात्रा ५० नी व कमी असल्यास २५ नी वाढवतात,अन्नद्रव्यांचे जमिनीतील प्रमाण अत्यंत कमी असल्याने खतमात्रा पन्नासनी व कमी असल्यास पंचवीसनी वाढतात,13.98,33.33,0,7.71
sample_01604,D:\marathi-asr\data\vistaar_benchmarks\kathbath\marathi\wavs\844424933381580-676-m.wav,एअरटेल व्होडाफोन बीएसएनएल रिलायन्स आयडिया आणि टाटा डोकोमो या मोबाईल सेवा परतूरमध्ये आहेत,एअरटेल वोडाफोन बीएसएनएल रिलायन्स आयडिया आणि टाटा डोकोमो या मोबाईल सेवा परतरूममध्ये आहेत,एअरटेल व्होडाफोन बीएसएनएल रिलायन्स आयडिया आणि टाटा डोकोमो या मोबाईल सेवा परतूरमध्ये आहेत,एअरटेल वोडाफोन बीएसएनएल रिलायन्स आयडिया आणि टाटा डोकोमो या मोबाईल सेवा परतरूममध्ये आहेत,4.55,15.38,0,11.96
sample_01605,D:\marathi-asr\data\vistaar_benchmarks\kathbath\marathi\wavs\844424933355981-1120-m.wav,हा जिल्हा १५ ऑगस्ट २०१३ रोजी साबरकांठा जिल्ह्यामधून वेगळा काढण्यात आला,हा जिल्हा पंधरा ऑगस्ट दोन हजार तेरा रोजी साबरकांठा जिल्ह्यामधून वेगळा काढण्यात आला,हा जिल्हा १५ ऑगस्ट २०१३ रोजी साबरकांठा जिल्ह्यामधून वेगळा काढण्यात आला,हा जिल्हा पंधरा ऑगस्ट दोन हजार तेरा रोजी साबरकांठा जिल्ह्यामधून वेगळा काढण्यात आला,25.71,36.36,0,5.69
sample_01606,D:\marathi-asr\data\vistaar_benchmarks\kathbath\marathi\wavs\844424933355978-1120-m.wav,ते १९९०  १९९५ व २००० साली बिहार विधानसभेवर निवडून गेले,ते एकोणीशे नव्वद एकोणीशे पंच्याण्णव व दोन हजार साली बिहार विधानसभेवर निवडून गेले,ते १९९० १९९५ व २००० साली बिहार विधानसभेवर निवडून गेले,ते एकोणीशे नव्वद एकोणीशे पंच्याण्णव व दोन हजार साली बिहार विधानसभेवर निवडून गेले,73.58,60.0,0,6.52
sample_01607,D:\marathi-asr\data\vistaar_benchmarks\kathbath\marathi\wavs\844424933280464-817-m.wav,हे आणि या पूर्वीची नवोदित मराठी साहित्य संमेलने,हे आणि यापूर्वीची नवोदित मराठी साहित्य संमेलने आहे,हे आणि या पूर्वीची नवोदित मराठी साहित्य संमेलने,हे आणि यापूर्वीची नवोदित मराठी साहित्य संमेलने आहे,10.64,37.5,0,6.11
sample_01608,D:\marathi-asr\data\vistaar_benchmarks\kathbath\marathi\wavs\844424933373441-962-m.wav,तेव्हापासून आजवर ७ व्यक्ती उत्तरखंडच्या मुख्यमंत्रीपदावर राहिल्या आहेत,तेव्हापासून आजवर सात व्यक्ती उत्तराखंडच्या मुख्यमंत्रीपदावर राहिले आहेत,तेव्हापासून आजवर ७ व्यक्ती उत्तरखंडच्या मुख्यमंत्रीपदावर राहिल्या आहेत,तेव्हापासून आजवर सात व्यक्ती उत्तराखंडच्या मुख्यमंत्रीपदावर राहिले आहेत,10.0,37.5,0,4.37
sample_01609,D:\marathi-asr\data\vistaar_benchmarks\kathbath\marathi\wavs\844424933373445-962-m.wav,कायुगा आणि सेनेका सरोवरे अमेरिकेतील सगळ्यांत खोल सरोवरांपैकी आहेत व यांचा तळ समुद्रसपाटीच्याही खाली आहे,कायुगा आणि सिनेका सरोवर हे अमेरिकेतल्या सगळ्यात खोल सरोवराांपैकी आहेत व याचा तळ समुद्रसपाटीच्याही खाली आहे,कायुगा आणि सेनेका सरोवरे अमेरिकेतील सगळ्यांत खोल सरोवरांपैकी आहेत व यांचा तळ समुद्रसपाटीच्याही खाली आहे,कायुगा आणि सिनेका सरोवर हे अमेरिकेतल्या सगळ्यात खोल सरोवराांपैकी आहेत व याचा तळ समुद्रसपाटीच्याही खाली आहे,9.71,46.67,0,8.27
sample_01610,D:\marathi-asr\data\vistaar_benchmarks\kathbath\marathi\wavs\844424933280437-817-m.wav,फक्त उत्तर प्रदेशी व बिहारी नागरिक येथील भाषा का शिकत नाहीत,फक्त उत्तर प्रदेशी व बिहारी नागरिक येथील भाषा का शिकत नाहीत,फक्त उत्तर प्रदेशी व बिहारी नागरिक येथील भाषा का शिकत नाहीत,फक्त उत्तर प्रदेशी व बिहारी नागरिक येथील भाषा का शिकत नाहीत,0.0,0.0,1,9.98
sample_01611,D:\marathi-asr\data\vistaar_benchmarks\kathbath\marathi\wavs\844424933373420-962-m.wav,कारण दिल्लीला ताळ्यावर आणेल असा तोच एकच परमप्रतापी पुरुष भारतात होता,कारण दिलीला तळ्यावर आणेल असा तोच एकच परप्रतापी पूर्वी भारतात होता,कारण दिल्लीला ताळ्यावर आणेल असा तोच एकच परमप्रतापी पुरुष भारतात होता,कारण दिलीला तळ्यावर आणेल असा तोच एकच परप्रतापी पूर्वी भारतात होता,11.76,36.36,0,6.06
sample_01612,D:\marathi-asr\data\vistaar_benchmarks\kathbath\marathi\wavs\844424933394045-426-m.wav,जून २०१९ मध्ये पटनाईक यांना पक्षाने राज्य प्रतिनिधी आणि राज्यसभेचे खासदार म्हणून उमेदवारी दिली,जून दोन हजार एकोणीसमध्ये पटनाईक यांना पक्षांने राज्यप्रतिनिधी आणि राज्यसभेचे खासदार म्हणून उमेदवारी दिली,जून २०१९ मध्ये पटनाईक यांना पक्षाने राज्य प्रतिनिधी आणि राज्यसभेचे खासदार म्हणून उमेदवारी दिली,जून दोन हजार एकोणीसमध्ये पटनाईक यांना पक्षांने राज्यप्रतिनिधी आणि राज्यसभेचे खासदार म्हणून उमेदवारी दिली,17.02,42.86,0,8.31
sample_01613,D:\marathi-asr\data\vistaar_benchmarks\kathbath\marathi\wavs\844424933355964-1120-m.wav,मांडवी खुर्द हे भारताच्या महाराष्ट्र राज्यातील नंदुरबार जिल्ह्यातील अक्राणी तालुक्यातील एक गाव आहे,मांडवी खुर्द हे भारताच्या महाराष्ट्र राज्यातील नंदुरबार जिल्ह्यातील अक्राणी तालुक्यातील एक गाव आहे,मांडवी खुर्द हे भारताच्या महाराष्ट्र राज्यातील नंदुरबार जिल्ह्यातील अक्राणी तालुक्यातील एक गाव आहे,मांडवी खुर्द हे भारताच्या महाराष्ट्र राज्यातील नंदुरबार जिल्ह्यातील अक्राणी तालुक्यातील एक गाव आहे,0.0,0.0,1,6.22
sample_01614,D:\marathi-asr\data\vistaar_benchmarks\kathbath\marathi\wavs\844424933373447-962-m.wav,इंग्लंड हा युनायटेड किंग्डमचा घटक देश एकूण ९ राजकीय प्रदेशांमध्ये विभागला गेला आहे,इंग्लंड हा युनायटेड किंगडमचा घटक देश एकूण नवराजकीय प्रदेशांमध्ये विभागला गेला आहे,इंग्लंड हा युनायटेड किंग्डमचा घटक देश एकूण ९ राजकीय प्रदेशांमध्ये विभागला गेला आहे,इंग्लंड हा युनायटेड किंगडमचा घटक देश एकूण नवराजकीय प्रदेशांमध्ये विभागला गेला आहे,3.66,23.08,0,5.78
sample_01615,D:\marathi-asr\data\vistaar_benchmarks\kathbath\marathi\wavs\844424933373380-962-m.wav,भारतपाक युद्धानंतर १९६५ साली ताश्कंद येथे तह झाला तेव्हा गाडगीळ तेथे होते,भारत पाक युद्धानंतर एकोणीसशे पासष्ट साली ताश्कनी येथे तह झाला तेव्हा गाडगिड येथे होते,भारतपाक युद्धानंतर १९६५ साली ताश्कंद येथे तह झाला तेव्हा गाडगीळ तेथे होते,भारत पाक युद्धानंतर एकोणीसशे पासष्ट साली ताश्कनी येथे तह झाला तेव्हा गाडगिड येथे होते,28.77,58.33,0,7.34
sample_01616,D:\marathi-asr\data\vistaar_benchmarks\kathbath\marathi\wavs\844424933379989-487-m.wav,या दिव्याकडे आकर्षित होऊन किडेपतंग त्या भांड्यात पडतात व मरतात,या दिव्याकडे आकर्षित होऊन किडेपतंग त्या भांड्यात पडतात व मरतात,या दिव्याकडे आकर्षित होऊन किडेपतंग त्या भांड्यात पडतात व मरतात,या दिव्याकडे आकर्षित होऊन किडेपतंग त्या भांड्यात पडतात व मरतात,0.0,0.0,1,5.53
sample_01617,D:\marathi-asr\data\vistaar_benchmarks\kathbath\marathi\wavs\844424933381612-676-m.wav,पाकिस्तानी वायुसेनेचा कामरा वायुसेना तळ येथून जवळ आहे,पाकिस्तानी वायुसेनेचा कामरा वायुसेना तळ येथून जवळ आहे,पाकिस्तानी वायुसेनेचा कामरा वायुसेना तळ येथून जवळ आहे,पाकिस्तानी वायुसेनेचा कामरा वायुसेना तळ येथून जवळ आहे,0.0,0.0,1,6.43
sample_01618,D:\marathi-asr\data\vistaar_benchmarks\kathbath\marathi\wavs\844424933381662-676-m.wav,त्याच उपयोग मासिक ग्रामसभा व इतर तात्कालिक सभासाठी केला जातो,त्याच उपयोग मासिक ग्रामसभा व इतर तात्कालिक सभांसाठी केला जातो,त्याच उपयोग मासिक ग्रामसभा व इतर तात्कालिक सभासाठी केला जातो,त्याच उपयोग मासिक ग्रामसभा व इतर तात्कालिक सभांसाठी केला जातो,1.67,10.0,0,6.76
sample_01619,D:\marathi-asr\data\vistaar_benchmarks\kathbath\marathi\wavs\844424933379924-487-m.wav,पुणे जिल्हातील शिवगंगागुंजवणी खोऱ्यात दारूबंदी आंदोलनाद्वारे ग्रामीण शक्तीचे संघटन सुरू झाले,पुणे जिल्ह्यातील शिवगंगा गुंजवणी खोऱ्यात दारुबंदी आंदोलनाद्वारे ग्रामीण शक्तीचे संघटन सुरू झाले,पुणे जिल्हातील शिवगंगागुंजवणी खोऱ्यात दारूबंदी आंदोलनाद्वारे ग्रामीण शक्तीचे संघटन सुरू झाले,पुणे जिल्ह्यातील शिवगंगा गुंजवणी खोऱ्यात दारुबंदी आंदोलनाद्वारे ग्रामीण शक्तीचे संघटन सुरू झाले,6.45,45.45,0,6.36
sample_01620,D:\marathi-asr\data\vistaar_benchmarks\kathbath\marathi\wavs\844424933381579-676-m.wav,दक्षिणेतील मलबार प्रांताचे लोकजीवन तिथली गूढविद्या याचेही मार्कोच्या पुस्तकात वर्णन आहे,दक्षिणेतील मलबार प्रांतांचे लोकजीवन तिथली गुणविदय याचेही मार्कोच्या पुस्तकात वर्णन आहे,दक्षिणेतील मलबार प्रांताचे लोकजीवन तिथली गूढविद्या याचेही मार्कोच्या पुस्तकात वर्णन आहे,दक्षिणेतील मलबार प्रांतांचे लोकजीवन तिथली गुणविदय याचेही मार्कोच्या पुस्तकात वर्णन आहे,5.75,18.18,0,10.54
sample_01621,D:\marathi-asr\data\vistaar_benchmarks\kathbath\marathi\wavs\844424933379972-487-m.wav,प्रत्येक हिंदूची रामचरितमानसवर अनन्य श्रद्धा आहे आणि तो हिंदूंचा पवित्र ग्रंथ आहे,प्रत्येक हिंदूची रामचरित मानसवर अनन्य श्रद्धा आहे आणि तो हिंदूचा पवित्र ग्रंथ आहे,प्रत्येक हिंदूची रामचरितमानसवर अनन्य श्रद्धा आहे आणि तो हिंदूंचा पवित्र ग्रंथ आहे,प्रत्येक हिंदूची रामचरित मानसवर अनन्य श्रद्धा आहे आणि तो हिंदूचा पवित्र ग्रंथ आहे,2.47,25.0,0,7.73
sample_01622,D:\marathi-asr\data\vistaar_benchmarks\kathbath\marathi\wavs\844424933379961-487-m.wav,शिवांगी पद्मिनी आणि तेजस्विनी या पंढरीनाथ कोल्हापुरे यांच्या तीन मुली आहेत,शिवांगी पद्दिनी आणि तेजस्विनी या पंढरीनाथ कोल्हापुरे यांच्या तीन मुली आहेत,शिवांगी पद्मिनी आणि तेजस्विनी या पंढरीनाथ कोल्हापुरे यांच्या तीन मुली आहेत,शिवांगी पद्दिनी आणि तेजस्विनी या पंढरीनाथ कोल्हापुरे यांच्या तीन मुली आहेत,1.35,9.09,0,5.46
sample_01623,D:\marathi-asr\data\vistaar_benchmarks\kathbath\marathi\wavs\844424933379902-487-m.wav,त्यानंतर अमेरिकन पत्रकार स्टॅन्लेने लिहिलेल्या प्रवासवर्णनाने युरोपियन लोकांच्या मनात आफ्रिकेविषयी आकर्षण निर्माण झाले,त्यानंतर अमेरिकन पत्रकार स्थॅलेने लिहिल्या प्रवास वर्णनाने युरोपियन लोकांच्या मनात आफ्रिकेविषयी आकर्षण निर्माण झाले,त्यानंतर अमेरिकन पत्रकार स्टॅन्लेने लिहिलेल्या प्रवासवर्णनाने युरोपियन लोकांच्या मनात आफ्रिकेविषयी आकर्षण निर्माण झाले,त्यानंतर अमेरिकन पत्रकार स्थॅलेने लिहिल्या प्रवास वर्णनाने युरोपियन लोकांच्या मनात आफ्रिकेविषयी आकर्षण निर्माण झाले,5.08,30.77,0,9.01
sample_01624,D:\marathi-asr\data\vistaar_benchmarks\kathbath\marathi\wavs\844424933393999-426-m.wav,मात्र चैत्र महिना हा अधिक मास असण्याचे प्रसंग फार थोडे आहेत,मात्र चैत्र महिना हा अधिक मास असण्याचे प्रसंग फार थोडे आहेत,मात्र चैत्र महिना हा अधिक मास असण्याचे प्रसंग फार थोडे आहेत,मात्र चैत्र महिना हा अधिक मास असण्याचे प्रसंग फार थोडे आहेत,0.0,0.0,1,6.87
sample_01625,D:\marathi-asr\data\vistaar_benchmarks\kathbath\marathi\wavs\844424933393992-426-m.wav,मुख्य कर्णधार कार्लोस ब्रेथवेटने दौऱ्यास सुरक्षेचे कारण सांगून जाण्याच नकार दिला,मुख्य कर्णधार कार्लस ब्रेथवेटने दौऱ्या सुरक्षेचे कारण सांगून जाण्यास नकार दिला,मुख्य कर्णधार कार्लोस ब्रेथवेटने दौऱ्यास सुरक्षेचे कारण सांगून जाण्याच नकार दिला,मुख्य कर्णधार कार्लस ब्रेथवेटने दौऱ्या सुरक्षेचे कारण सांगून जाण्यास नकार दिला,6.17,27.27,0,8.01
sample_01626,D:\marathi-asr\data\vistaar_benchmarks\kathbath\marathi\wavs\844424933355966-1120-m.wav,महादेवनगर हे भारताच्या महाराष्ट्र राज्यातील नाशिक जिल्ह्यातील निफाड तालुक्यातील एक गाव आहे,महादेवनगर हे भारताच्या महाराष्ट्र राज्यातील नाशिक जिल्ह्यातील निफाड तालुक्यातील एक गाव आहे,महादेवनगर हे भारताच्या महाराष्ट्र राज्यातील नाशिक जिल्ह्यातील निफाड तालुक्यातील एक गाव आहे,महादेवनगर हे भारताच्या महाराष्ट्र राज्यातील नाशिक जिल्ह्यातील निफाड तालुक्यातील एक गाव आहे,0.0,0.0,1,5.48
sample_01627,D:\marathi-asr\data\vistaar_benchmarks\kathbath\marathi\wavs\844424933379900-487-m.wav,लेखक शास्त्रज्ञ शिक्षण म्हणुन सकनी मोहन कारुपाईल प्रसिद्ध आहेत,लेखकशास्त्रज्ञ शिक्षण म्हणून सकनी मोहन कारुपाईल प्रसिद्ध आहे,लेखक शास्त्रज्ञ शिक्षण म्हणुन सकनी मोहन कारुपाईल प्रसिद्ध आहेत,लेखकशास्त्रज्ञ शिक्षण म्हणून सकनी मोहन कारुपाईल प्रसिद्ध आहे,4.84,44.44,0,5.32
sample_01628,D:\marathi-asr\data\vistaar_benchmarks\kathbath\marathi\wavs\844424933356036-1120-m.wav,इ स १९४८ मध्ये संघावर गांधीहत्या प्रकरणामुळे बंदी घालण्यात आली होती,इसवी सन एकोणीसशे अठ्ठेचाळीमध्ये संघावर गांधी हत्या प्रकरणामुळे बंदी घालण्यात आली होती,इ स १९४८ मध्ये संघावर गांधीहत्या प्रकरणामुळे बंदी घालण्यात आली होती,इसवी सन एकोणीसशे अठ्ठेचाळीमध्ये संघावर गांधी हत्या प्रकरणामुळे बंदी घालण्यात आली होती,32.84,54.55,0,6.48
sample_01629,D:\marathi-asr\data\vistaar_benchmarks\kathbath\marathi\wavs\844424933379979-487-m.wav,या कामासाठी रॉयल जिओग्राफीकल सोसायटीने सुवर्णपदक देऊन त्याचा सन्मान केला,या कामासाठी रॉयल जिओग्राफिकल सोसायटीने सुवर्णपदक देऊन त्याचा सन्मान केला,या कामासाठी रॉयल जिओग्राफीकल सोसायटीने सुवर्णपदक देऊन त्याचा सन्मान केला,या कामासाठी रॉयल जिओग्राफिकल सोसायटीने सुवर्णपदक देऊन त्याचा सन्मान केला,1.39,10.0,0,5.87
sample_01630,D:\marathi-asr\data\vistaar_benchmarks\kathbath\marathi\wavs\844424933393994-426-m.wav,बाबासाहेब आंबेडकरांनी इ स १९३५३६ या कालावधी दरम्यान लिहिलेले २० पानी आत्मचरित्र आहे,बाबासाहेब आंबेडकरांनी इसवी सन एकोणीशे पस्तीस छत्तीस या कालावधी दरम्यान लिहिलेले विसवाणी आत्मचारित्र्य आहे,बाबासाहेब आंबेडकरांनी इ स १९३५३६ या कालावधी दरम्यान लिहिलेले २० पानी आत्मचरित्र आहे,बाबासाहेब आंबेडकरांनी इसवी सन एकोणीशे पस्तीस छत्तीस या कालावधी दरम्यान लिहिलेले विसवाणी आत्मचारित्र्य आहे,39.76,61.54,0,11.61
