
--- Launching stage2_moe at 2026-09-24 02:36:25 ---

[stage2_moe: 3-Dialect MoE] Initializing on device: cuda (NVIDIA RTX A5000)
[Tokenizer] Loaded vocabulary with 105 tokens

[Upcycling] Loading Pre-trained checkpoint: runs\no-splitformer-moe-only\checkpoints\stage1_pretrain\best_model.pt
[Upcycling] Converting Conformer blocks [4, 5, 6, 7, 8, 9, 10, 11] to 3-Dialect MoE...
[Upcycling] Successfully upcycled 8 Conformer blocks to 3-Dialect MoE!
[Stage 4] Freezing universal backbone (Layers 1-4) & Combining Shared FFN trunks...
[Parameters] Trainable Dialect MoE Parameters: 12,714,579 / 32,893,523 (38.7%)
[Dataset] Loading cached speaker split from: moe\respin_split_cache.json
[stage2_moe] Telemetry initialized.
  - Checkpoints: D:\marathi-asr\runs\no-splitformer-moe-only\checkpoints\stage2_moe
  - CSV Logging: D:\marathi-asr\runs\no-splitformer-moe-only\csvs\stage2_moe_metrics.csv
  - JSONL Trace: D:\marathi-asr\runs\no-splitformer-moe-only\logs\stage2_moe_telemetry.jsonl

[stage2_moe] Starting 3-Dialect MoE Training (Target Steps: 30000, Batch Size: 64)
  Phase 4A (Metadata-Guided Hard Routing): Steps 1 to 7500
  Phase 4B (Dynamic Soft/Top-1 Routing): Steps 7501 to 30000
  Saving semantically to: 'D:\marathi-asr\runs\no-splitformer-moe-only\checkpoints\stage2_moe'

Traceback (most recent call last):
  File "D:\marathi-asr\moe\train_moe.py", line 271, in <module>
    train_moe_stage4(
    ~~~~~~~~~~~~~~~~^
        run_dir=args.run_dir,
        ^^^^^^^^^^^^^^^^^^^^^
    ...<11 lines>...
        stage_name=args.stage_name,
        ^^^^^^^^^^^^^^^^^^^^^^^^^^^
    )
    ^
  File "D:\marathi-asr\moe\train_moe.py", line 145, in train_moe_stage4
    audio_lens = batch["audio_lens"].to(device, non_blocking=True)
                 ~~~~~^^^^^^^^^^^^^^
KeyError: 'audio_lens'

--- Launching stage2_moe at 2026-09-24 02:38:53 ---

[stage2_moe: 3-Dialect MoE] Initializing on device: cuda (NVIDIA RTX A5000)
[Tokenizer] Loaded vocabulary with 105 tokens

[Upcycling] Loading Pre-trained checkpoint: runs\no-splitformer-moe-only\checkpoints\stage1_pretrain\best_model.pt
[Upcycling] Converting Conformer blocks [4, 5, 6, 7, 8, 9, 10, 11] to 3-Dialect MoE...
[Upcycling] Successfully upcycled 8 Conformer blocks to 3-Dialect MoE!
[Stage 4] Freezing universal backbone (Layers 1-4) & Combining Shared FFN trunks...
[Parameters] Trainable Dialect MoE Parameters: 12,714,579 / 32,893,523 (38.7%)
[Dataset] Loading cached speaker split from: moe\respin_split_cache.json
[stage2_moe] Telemetry initialized.
  - Checkpoints: D:\marathi-asr\runs\no-splitformer-moe-only\checkpoints\stage2_moe
  - CSV Logging: D:\marathi-asr\runs\no-splitformer-moe-only\csvs\stage2_moe_metrics.csv
  - JSONL Trace: D:\marathi-asr\runs\no-splitformer-moe-only\logs\stage2_moe_telemetry.jsonl

[stage2_moe] Starting 3-Dialect MoE Training (Target Steps: 30000, Batch Size: 64)
  Phase 4A (Metadata-Guided Hard Routing): Steps 1 to 7500
  Phase 4B (Dynamic Soft/Top-1 Routing): Steps 7501 to 30000
  Saving semantically to: 'D:\marathi-asr\runs\no-splitformer-moe-only\checkpoints\stage2_moe'

Step      1/30000 | Phase: 4A (Hard Routing) | CTC Loss: 10.4486 | Aux Loss: 8.2854 | CER: 2.828 | Throughput:  17.7 aud-s/s | LR: 0.00e+00
  [Ref ]: बँकेत बिल कसा भरुचा ?...
  [Pred]: क्षृॣ.मथॣज्ञॣझ६ज्ञॣ७ञज्ञ७्.म4म.म1़"थ७"क्ष४क्ष०क्षभक्षपक्षाक्ष,क्षभक्षक...

Step     25/30000 | Phase: 4A (Hard Routing) | CTC Loss: 11.6464 | Aux Loss: 8.5469 | CER: 1.781 | Throughput:  45.5 aud-s/s | LR: 1.20e-06
  [Ref ]: यू.पी.आय कसा वापरूचा ?...
  [Pred]: 9४9४म४मश9म़श७८म".७म9म9७"श9४9४9४9ॉ9४9ॉ9श9४9ॉ9ॉ9ॉ9श9...

Step     50/30000 | Phase: 4A (Hard Routing) | CTC Loss: 11.7642 | Aux Loss: 9.0277 | CER: 1.420 | Throughput:  67.9 aud-s/s | LR: 2.50e-06
  [Ref ]: ठेव नी गुंतवणूकचे काय आजुन प्रकार आसत काय ?...
  [Pred]: 9क्ष9क्ष9क्ष9७9ॡञ७ऌ4०9७9७9७त9ृ०क्ष9ञत७त9ृल9ॡ०रठ०ठ9ठ०़०ड०ठ०9...

Step     75/30000 | Phase: 4A (Hard Routing) | CTC Loss: 12.0264 | Aux Loss: 8.2656 | CER: 2.414 | Throughput:  84.2 aud-s/s | LR: 3.70e-06
  [Ref ]: अकाई बेरी एक महाग फळ आहे...
  [Pred]: ऌ".".२."."थ.5य.ए"थ".".श"."थ.ऐ.ू.५ूय.2".ंॄ"थ.थ1थ5थ."थश्थ"थ."यॄ."."."ॡ"१...

Step    100/30000 | Phase: 4A (Hard Routing) | CTC Loss: 12.5450 | Aux Loss: 9.1894 | CER: 3.344 | Throughput: 109.1 aud-s/s | LR: 5.00e-06
  [Ref ]: पाईप जोडण्याच्या नवनविन पध्दतीमुळे सिंचनाचे काम सोपे झाले आहे...
  [Pred]: ्७्ृॡ3७ञ्ूछ्4्७६्ॡ६ॡ७ॡ७ॡ्ॡ६ॡ.७छतॡ4ॡ4ॡ1्ॡ्छ६ॡ4ॡत७ञॡछ६ॡ७4ृ७34त७छ4७ृ७ॡ4७4...

Step    125/30000 | Phase: 4A (Hard Routing) | CTC Loss: 13.0433 | Aux Loss: 8.4672 | CER: 2.004 | Throughput:  62.0 aud-s/s | LR: 6.20e-06
  [Ref ]: विमा कोण कोण काढू शकता ?...
  [Pred]: शज्ञ1चशज्ञशफ2०म०म०५०़द५3ड०मय'ट़०'यड़०य़५०५़ड०ध०आ'०3य़...

Step    150/30000 | Phase: 4A (Hard Routing) | CTC Loss: 11.6161 | Aux Loss: 8.3078 | CER: 1.709 | Throughput:  74.3 aud-s/s | LR: 7.50e-06
  [Ref ]: गाजराच्या पिकाला मोटारने पाणी देणे योग्य आहे का ?...
  [Pred]: म४म.म"म़७"म७म1म"म७म६1़मथमक्षम६म़ऐमॣ.म़मथम1म़मक्ष़०'़०'़ड०य०आध०य०'०़य़०...

Step    175/30000 | Phase: 4A (Hard Routing) | CTC Loss: 11.8691 | Aux Loss: 8.4984 | CER: 1.751 | Throughput: 110.1 aud-s/s | LR: 8.70e-06
  [Ref ]: बिम्याचे कुंते फायदे हाय मले कस कळन ?...
  [Pred]: िथि४1४थयॠॄॠिॠॄॠॄिस६4य"य1ि1य1थॣ4य414"यॅय"4"14"चि४1िसचसॠ४1ट1यॠटसिट1ट1ट1४...

Step    200/30000 | Phase: 4A (Hard Routing) | CTC Loss: 12.5653 | Aux Loss: 8.2654 | CER: 4.069 | Throughput: 131.3 aud-s/s | LR: 1.00e-05
  [Ref ]: भूविकास बँकेत प्रामुख्याने जमीनीच्या कर्जाला महत्त्व दिले जाते...
  [Pred]: 5र9यल४य४लयरयलय४9४9य४रध४"४9४यर४यरयलय1४ॄय9रय४यॄय9रय४यर1४यर४9४"य४य९9य४य४य...

Step    225/30000 | Phase: 4A (Hard Routing) | CTC Loss: 12.7527 | Aux Loss: 8.4575 | CER: 2.886 | Throughput:  54.2 aud-s/s | LR: 1.12e-05
  [Ref ]: कर्ज कोणाक पण मेलता काय ?...
  [Pred]: ़ूंज्ञूंआंूज्ञसमआस.स सआंशआशसआ9आ़आॠआ़५म3०१़१०डमय०म०3य८य3य०यधय०धम3ड०य़५फ...

Step    250/30000 | Phase: 4A (Hard Routing) | CTC Loss: 11.7076 | Aux Loss: 8.7499 | CER: 1.763 | Throughput:  68.1 aud-s/s | LR: 1.25e-05
  [Ref ]: गिलकानं भरीत भारी चव देस...
  [Pred]: 1ॣ1्शसौि1शौशच1ी1ज्ञचशचश1ौशच1ष161शचशच1ूश1ॣ1च1ँू1331ष41४पयॡय'०ध'०़५य3०५०...

Step    275/30000 | Phase: 4A (Hard Routing) | CTC Loss: 11.7421 | Aux Loss: 8.4006 | CER: 2.124 | Throughput:  95.4 aud-s/s | LR: 1.37e-05
  [Ref ]: रेशीम विभागाकडूनही रेशीम उत्पादनासाठी आवश्यक ती मदत केली जाते...
  [Pred]: 1"ं"1"4"1."4"4"1"४लै5ल9ल9िल5ॅल95ै919ल9191959ल91...

Step    300/30000 | Phase: 4A (Hard Routing) | CTC Loss: 12.1185 | Aux Loss: 8.5536 | CER: 1.725 | Throughput:  91.0 aud-s/s | LR: 1.50e-05
  [Ref ]: त्याच्या कंपनीचा चक्रवाढ व्याजाचा ग्राफ बऱ्यापैकी खाली आलेला आहे...
  [Pred]: ृदृॲृॲृज्ञृॲृॲृॲृदज्ञदृॠआृॲृॲृदृृॲृॲ-ृॲृ़ॲृॲ़ृ़ॲृॠृदृदृॲदृदृ़़ृ़ृदृ़द़...

Step    325/30000 | Phase: 4A (Hard Routing) | CTC Loss: 11.6808 | Aux Loss: 8.4666 | CER: 1.726 | Throughput:  29.1 aud-s/s | LR: 1.62e-05
  [Ref ]: गायचा दूध बरा काय म्हशीचा ?...
  [Pred]: श्७7७्७्७्ं७इ्७्७"त9जकज7०'५य०य०ठ०यड०यधमय०य०५'ध०यम3यमय०र...

Step    350/30000 | Phase: 4A (Hard Routing) | CTC Loss: 11.4111 | Aux Loss: 8.7398 | CER: 1.474 | Throughput:  31.9 aud-s/s | LR: 1.75e-05
  [Ref ]: कमी पाण्याचे पीक कोनचे रायते ?...
  [Pred]: ०े०६०े०६े०६ृ.ी६ृ७६ृीेीृ६०६ृ०६े६े७ृेृ६०६०६०ेक्षेॲ०ॲ०ॲक्ष०६े०े०े०क्ष०ॲ०६...

Step    375/30000 | Phase: 4A (Hard Routing) | CTC Loss: 11.3920 | Aux Loss: 8.5832 | CER: 1.385 | Throughput:  52.4 aud-s/s | LR: 1.87e-05
  [Ref ]: व्यवसाय सुरु करूक कर्ज काढूचा असा तर किती टक्के व्याज बसतला ?...
  [Pred]: आआआमआॡक्षआूआ४आूआमआूंआऐूमआ3आआूआऐआूआमआम?मआमऐिआआ3आऐआआ४आ...

Step    400/30000 | Phase: 4A (Hard Routing) | CTC Loss: 11.0335 | Aux Loss: 8.6986 | CER: 2.192 | Throughput: 125.4 aud-s/s | LR: 2.00e-05
  [Ref ]: दुधाळ जनावरांच्या आरोग्यासाठी आणि लसीकरणासाठी व्यवस्था करावी लागते...
  [Pred]: ँमशीमीम4मीॡज्ञीम4म4ीज्ञीमआ4ी.िमीमीम4ज्ञमीमीमृ4मीशीम4ीम4ीज्ञशम4ीम4ीज्ञ्...

Step    425/30000 | Phase: 4A (Hard Routing) | CTC Loss: 11.8559 | Aux Loss: 8.1542 | CER: 2.056 | Throughput:  34.8 aud-s/s | LR: 2.12e-05
  [Ref ]: लाभार्थी कसा जोडता येता ?...
  [Pred]: ॠयृॣ1च५1चशृशॲश4चशृशश़फीर'रयरमय०यडयडयर०य़मयआयमयरय०यध०य य'य...

Step    450/30000 | Phase: 4A (Hard Routing) | CTC Loss: 11.0503 | Aux Loss: 8.3687 | CER: 1.443 | Throughput:  39.5 aud-s/s | LR: 2.25e-05
  [Ref ]: मले हर मईन्याप्रमाणं कर्ज भेटन का ?...
  [Pred]: 3ॣ41मममददॣदॣममृमम़ददॣपपद४ादद...

Step    475/30000 | Phase: 4A (Hard Routing) | CTC Loss: 10.5215 | Aux Loss: 8.5324 | CER: 1.327 | Throughput:  96.6 aud-s/s | LR: 2.37e-05
  [Ref ]: अर्जुनाच्या झाडावर टसर रेशीम तयार होते...
  [Pred]: भआभआशआ9आशीआज्ञशेज्ञेभीआज्ञीज्ञढज्ञआज्ञशज्ञशआशज्ञशज्ञआभआज्ञशशआषआज्ञआज्ञ...

Step    500/30000 | Phase: 4A (Hard Routing) | CTC Loss: 10.8914 | Aux Loss: 8.1883 | CER: 2.792 | Throughput: 142.4 aud-s/s | LR: 2.50e-05
  [Ref ]: माका नोकरी लागली काय मगे माझा महिला बचत खाता पगाराच्या खात्यात बदलूक व...
  [Pred]: ए .. ं ं ७. ूंू ् ू ं् ् ूं ७ंू . .् ं ् .् ूं  ् ् ्ं . ्. ॡ्   त्. ू...

Step    525/30000 | Phase: 4A (Hard Routing) | CTC Loss: 10.7854 | Aux Loss: 8.1281 | CER: 1.116 | Throughput:  51.4 aud-s/s | LR: 2.62e-05
  [Ref ]: योजना काय आसत ?...
  [Pred]: यमयआयमयआयरयडय५य०आय१यध...

Step    550/30000 | Phase: 4A (Hard Routing) | CTC Loss: 10.3313 | Aux Loss: 8.1109 | CER: 0.948 | Throughput:  69.3 aud-s/s | LR: 2.75e-05
  [Ref ]: कृषी बाजारात खरेदी करण्यासाठी सर्वात चांगली सूट भेटेल का ?...
  [Pred]: ं७ं७.७ीृ७ृ७छं७ॡछत७छ.े७त७1७.छ७ृ.ृ.७ृ.७ृ्६.७.ीत०मय०यडयमयमयमयरय५य...

Step    575/30000 | Phase: 4A (Hard Routing) | CTC Loss: 10.0776 | Aux Loss: 8.3992 | CER: 1.385 | Throughput:  98.0 aud-s/s | LR: 2.87e-05
  [Ref ]: ॲक्सिस बँकेचे टॅक्स सेवर एफ.डी सुरू करून देतात...
  [Pred]: ऋरतॡरतक७कॡम७रमरतर७रीशर७रॡ.शकर७रकरकरॡरतरॡरकर.तर9रतरकॡतरतॡतक्षतकरतॡर9तकॡ...

Step    600/30000 | Phase: 4A (Hard Routing) | CTC Loss: 9.7629 | Aux Loss: 8.2220 | CER: 1.113 | Throughput: 119.2 aud-s/s | LR: 3.00e-05
  [Ref ]: ए.टी.एम कार्ड क्रेडीट किंवा डेबिट कार्ड नसता...
  [Pred]: यमयडयययरयरयमयरयययमयरयरय...

Step    625/30000 | Phase: 4A (Hard Routing) | CTC Loss: 8.9596 | Aux Loss: 8.3754 | CER: 1.159 | Throughput:  66.0 aud-s/s | LR: 3.12e-05
  [Ref ]: मक्याले पानी कस द्याव ?...
  [Pred]:  ्  ययययययययय...

Step    650/30000 | Phase: 4A (Hard Routing) | CTC Loss: 8.7110 | Aux Loss: 8.1455 | CER: 1.010 | Throughput:  85.5 aud-s/s | LR: 3.25e-05
  [Ref ]: महिन्यात विम्याचो हप्तो किती भरायचो ?...
  [Pred]: यरयय...

Step    675/30000 | Phase: 4A (Hard Routing) | CTC Loss: 8.0225 | Aux Loss: 8.4079 | CER: 1.215 | Throughput: 121.7 aud-s/s | LR: 3.37e-05
  [Ref ]: ज्याचं बँकेत खातं नसणं त्याईले यू.पी.आय न पैसे कसे पाठवा लागन ?...
  [Pred]: ेेॲेेेे६...

Step    700/30000 | Phase: 4A (Hard Routing) | CTC Loss: 7.7626 | Aux Loss: 8.2984 | CER: 1.378 | Throughput: 118.8 aud-s/s | LR: 3.50e-05
  [Ref ]: युटिलिटी बिला आणि पेमेंट म्हंजे नक्की काय आसा ?...
  [Pred]: ...

Step    725/30000 | Phase: 4A (Hard Routing) | CTC Loss: 7.5312 | Aux Loss: 8.1639 | CER: 1.029 | Throughput:  21.8 aud-s/s | LR: 3.62e-05
  [Ref ]: पीक रोटेशन कसा करूचा ?...
  [Pred]: यययययय...

Step    750/30000 | Phase: 4A (Hard Routing) | CTC Loss: 7.3452 | Aux Loss: 8.1538 | CER: 1.003 | Throughput:  85.7 aud-s/s | LR: 3.75e-05
  [Ref ]: आज मिरचेचो भाव कसो आसा ?...
  [Pred]: यय यययर...

Step    775/30000 | Phase: 4A (Hard Routing) | CTC Loss: 7.5665 | Aux Loss: 8.3474 | CER: 0.979 | Throughput: 115.4 aud-s/s | LR: 3.87e-05
  [Ref ]: चुनखडी असलेल्या जमिनीचा पी.एच लेव्हल किती रायते ?...
  [Pred]: ...

Step    800/30000 | Phase: 4A (Hard Routing) | CTC Loss: 8.2329 | Aux Loss: 9.4710 | CER: 1.847 | Throughput: 135.8 aud-s/s | LR: 4.00e-05
  [Ref ]: पेरूच्या पानांमागे येणारी पांढरी बुरशी घालवण्यासाठी कोणत्या औषधाची फवा...
  [Pred]: यययययययययययय यययययययय यरययययययययययययययरययययययययययययययययययययययययययययययय...

Step    825/30000 | Phase: 4A (Hard Routing) | CTC Loss: 6.7932 | Aux Loss: 8.6376 | CER: 1.246 | Throughput:  40.3 aud-s/s | LR: 4.12e-05
  [Ref ]: बचत विम्याचा व्याज किती असता ?...
  [Pred]: य...

Step    850/30000 | Phase: 4A (Hard Routing) | CTC Loss: 6.3696 | Aux Loss: 8.1573 | CER: 1.104 | Throughput:  95.5 aud-s/s | LR: 4.25e-05
  [Ref ]: भारतातील बहुतेक मजूर प्रवासी आहेत...
  [Pred]: शीशयआीशी ेीशन्ीीशी ीीीा ी शिी् ी ीचीशचशचीयचीयरयरयरयरय  ी...

Step    875/30000 | Phase: 4A (Hard Routing) | CTC Loss: 6.3419 | Aux Loss: 8.1444 | CER: 1.058 | Throughput: 105.7 aud-s/s | LR: 4.37e-05
  [Ref ]: नीरज , माहित आहे का एरोपोनिक्स मुळे ऑक्सिजन थेट मुळांवर वापरला जातो...
  [Pred]: ...

Step    900/30000 | Phase: 4A (Hard Routing) | CTC Loss: 6.1396 | Aux Loss: 8.6349 | CER: 1.277 | Throughput: 140.5 aud-s/s | LR: 4.50e-05
  [Ref ]: एन.जी.ओ मा पैसा कमावाना करता जावानं न्हयी...
  [Pred]: ययययययययययययययययय...

Step    925/30000 | Phase: 4A (Hard Routing) | CTC Loss: 5.5616 | Aux Loss: 8.2812 | CER: 0.985 | Throughput:  53.5 aud-s/s | LR: 4.62e-05
  [Ref ]: खाता व्यवस्थापित कसा करतत ?...
  [Pred]: ...

Step    950/30000 | Phase: 4A (Hard Routing) | CTC Loss: 5.6147 | Aux Loss: 8.0967 | CER: 1.204 | Throughput:  39.0 aud-s/s | LR: 4.75e-05
  [Ref ]: पीक विकण्यापूर्वी मार्गदर्शन उपलब्ध आहे का ?...
  [Pred]: ...

Step    975/30000 | Phase: 4A (Hard Routing) | CTC Loss: 5.5075 | Aux Loss: 8.2691 | CER: 1.104 | Throughput:  38.6 aud-s/s | LR: 4.87e-05
  [Ref ]: मोनॉक्रोपिगमा कायम एकच पीक लेतस...
  [Pred]: ...

Step   1000/30000 | Phase: 4A (Hard Routing) | CTC Loss: 5.6251 | Aux Loss: 8.4458 | CER: 1.300 | Throughput:  75.5 aud-s/s | LR: 5.00e-05
  [Ref ]: मी घेतलाला कर्ज फेड करूची तारिक वाढवन मेलतली काय ?...
  [Pred]: ...

  🌟 New Best Model! cer = 1.3000 (Saved to best_model.pt)
  [Checkpoint] Step 1000 saved to runs\no-splitformer-moe-only\checkpoints\stage2_moe
Step   1025/30000 | Phase: 4A (Hard Routing) | CTC Loss: 5.2565 | Aux Loss: 8.1941 | CER: 1.083 | Throughput:  61.3 aud-s/s | LR: 5.12e-05
  [Ref ]: के.वाय.सी म्हंजे काय ?...
  [Pred]: ...

Step   1050/30000 | Phase: 4A (Hard Routing) | CTC Loss: 5.2638 | Aux Loss: 8.1829 | CER: 1.024 | Throughput:  76.4 aud-s/s | LR: 5.25e-05
  [Ref ]: या आठवड्यात मिरचीची सरासरी किंमत किती आहे ?...
  [Pred]: कयकतेतेतकतकतकतयतकतकतकतशतकतकतक  य य य  य य य य...

Step   1075/30000 | Phase: 4A (Hard Routing) | CTC Loss: 5.2609 | Aux Loss: 8.2217 | CER: 1.099 | Throughput: 132.1 aud-s/s | LR: 5.37e-05
  [Ref ]: बाजारावर परिणाम होऊ शकता कारण किंमत हलवूची गरज हा...
  [Pred]: ...

Step   1100/30000 | Phase: 4A (Hard Routing) | CTC Loss: 5.3646 | Aux Loss: 8.5838 | CER: 1.793 | Throughput:  63.7 aud-s/s | LR: 5.50e-05
  [Ref ]: मोहितने सांगितले की नांगरणीच्या साधनांचे चार प्रकार असतात...
  [Pred]: यिज्ञशेशचशयरशेयशरेयशयशचेरयशचशचेरशचशचशरयशेयशेरशचेरयचशरयशेचरशचरयेचयेरयृश...

Step   1125/30000 | Phase: 4A (Hard Routing) | CTC Loss: 5.0232 | Aux Loss: 8.1184 | CER: 1.100 | Throughput:  36.0 aud-s/s | LR: 5.62e-05
  [Ref ]: कर्ज कसा काडूचा ?...
  [Pred]: ...

Step   1150/30000 | Phase: 4A (Hard Routing) | CTC Loss: 5.5840 | Aux Loss: 8.1049 | CER: 1.191 | Throughput:  84.7 aud-s/s | LR: 5.75e-05
  [Ref ]: कांदा किती वेळ गोदामात ठेवता येतो ?...
  [Pred]: ेाे येय े येतेशाेा्ी श ्सेसश शे् सेशे सशेीसाशिशे शचशे स र र े श    य य...

Step   1175/30000 | Phase: 4A (Hard Routing) | CTC Loss: 4.9971 | Aux Loss: 8.1415 | CER: 1.071 | Throughput: 132.5 aud-s/s | LR: 5.87e-05
  [Ref ]: खता एकतर घन गोळ्या किंवा द्रव फवारणीतसून वापरली जातत...
  [Pred]: ...

Step   1200/30000 | Phase: 4A (Hard Routing) | CTC Loss: 4.9746 | Aux Loss: 8.3429 | CER: 1.376 | Throughput: 168.0 aud-s/s | LR: 6.00e-05
  [Ref ]: बाँड मार्केट डेट मार्केट किंवा क्रेडिट मार्केट हे देखील एक आर्थिक बाजा...
  [Pred]: ...

Step   1225/30000 | Phase: 4A (Hard Routing) | CTC Loss: 4.9875 | Aux Loss: 8.2954 | CER: 1.000 | Throughput:  99.7 aud-s/s | LR: 6.12e-05
  [Ref ]: एल.आय.सी विम्याचे किती प्रकार आसत ?...
  [Pred]: ...

Step   1250/30000 | Phase: 4A (Hard Routing) | CTC Loss: 4.8803 | Aux Loss: 8.2902 | CER: 0.996 | Throughput:  42.2 aud-s/s | LR: 6.25e-05
  [Ref ]: पोषक तत्वे खरबूज खावावर भेटतस...
  [Pred]: ...

Step   1275/30000 | Phase: 4A (Hard Routing) | CTC Loss: 4.8787 | Aux Loss: 8.0635 | CER: 0.981 | Throughput: 115.2 aud-s/s | LR: 6.37e-05
  [Ref ]: मले इलेक्ट्रिक बिल ऑनलाईन पायता येईन का ?...
  [Pred]: ...

Step   1300/30000 | Phase: 4A (Hard Routing) | CTC Loss: 4.9731 | Aux Loss: 8.3550 | CER: 1.453 | Throughput: 163.0 aud-s/s | LR: 6.50e-05
  [Ref ]: हवामानबदलामुळे होणारे नुकसान व पीक कर्ज यांचा परस्पर संबंध असतो का ?...
  [Pred]: ...

Step   1325/30000 | Phase: 4A (Hard Routing) | CTC Loss: 4.7947 | Aux Loss: 8.2310 | CER: 1.012 | Throughput:  76.1 aud-s/s | LR: 6.62e-05
  [Ref ]: क्रेडिट कार्ड कसा वापरूचा ?...
  [Pred]: ...

Step   1350/30000 | Phase: 4A (Hard Routing) | CTC Loss: 4.5622 | Aux Loss: 8.2745 | CER: 0.991 | Throughput:  85.7 aud-s/s | LR: 6.75e-05
  [Ref ]: सागरी विम्याचे हप्ते कसे असतील ?...
  [Pred]: ताीत्कत त तकत तक्त्तक ्त तकतकतकतकत  क    ...

Step   1375/30000 | Phase: 4A (Hard Routing) | CTC Loss: 4.5614 | Aux Loss: 8.1508 | CER: 0.985 | Throughput: 125.7 aud-s/s | LR: 6.87e-05
  [Ref ]: श्रावण बाळ योजनेसाठी कुनाले अर्ज करता येते ?...
  [Pred]: ...

Step   1400/30000 | Phase: 4A (Hard Routing) | CTC Loss: 4.7630 | Aux Loss: 8.3819 | CER: 0.947 | Throughput: 139.1 aud-s/s | LR: 7.00e-05
  [Ref ]: आम्ही भविष्यासाठी सोन्याची नाणी खरेदी करुन ठेवली आहेत...
  [Pred]:  ा या य य ा य य य ा त य याय         ...

Step   1425/30000 | Phase: 4A (Hard Routing) | CTC Loss: 4.6430 | Aux Loss: 8.5516 | CER: 0.979 | Throughput:  80.5 aud-s/s | LR: 7.12e-05
  [Ref ]: डेबिट म्हणजे काय ?...
  [Pred]: ...

Step   1450/30000 | Phase: 4A (Hard Routing) | CTC Loss: 4.5142 | Aux Loss: 8.2304 | CER: 0.941 | Throughput:  89.3 aud-s/s | LR: 7.25e-05
  [Ref ]: यू.पी.आय न आलेले पैसे मले कसे पायता येईन ?...
  [Pred]: ...

Step   1475/30000 | Phase: 4A (Hard Routing) | CTC Loss: 4.4881 | Aux Loss: 8.4001 | CER: 0.972 | Throughput: 118.4 aud-s/s | LR: 7.37e-05
  [Ref ]: बियाणा ईकत घेताना शेतकऱ्यानं कसली काळजी घेऊक होई ?...
  [Pred]: ...

Step   1500/30000 | Phase: 4A (Hard Routing) | CTC Loss: 4.4701 | Aux Loss: 8.3551 | CER: 0.942 | Throughput: 153.6 aud-s/s | LR: 7.50e-05
  [Ref ]: कालांतराने , लोक आता सेंद्रिय बागकामातून पिकवलेल्या भाज्यांना प्राधान्...
  [Pred]: ...

Step   1525/30000 | Phase: 4A (Hard Routing) | CTC Loss: 4.3971 | Aux Loss: 8.1413 | CER: 0.962 | Throughput:  81.1 aud-s/s | LR: 7.62e-05
  [Ref ]: सिबिल स्कोअर कमी आहे कर्ज मिळेल का ?...
  [Pred]:  ्च ा् ् ् ्ााय ा ्चाा...

Step   1550/30000 | Phase: 4A (Hard Routing) | CTC Loss: 4.4039 | Aux Loss: 8.0816 | CER: 0.979 | Throughput:  88.4 aud-s/s | LR: 7.75e-05
  [Ref ]: मला उद्या छाटणीसाठी शेतात जायचे आहे...
  [Pred]: ...

Step   1575/30000 | Phase: 4A (Hard Routing) | CTC Loss: 4.4095 | Aux Loss: 8.0304 | CER: 0.947 | Throughput: 145.7 aud-s/s | LR: 7.87e-05
  [Ref ]: शेळ्यांची खयची जात सगळ्यात जास्त दूध देता ?...
  [Pred]: ...

Step   1600/30000 | Phase: 4A (Hard Routing) | CTC Loss: 4.3296 | Aux Loss: 8.4611 | CER: 0.966 | Throughput: 172.7 aud-s/s | LR: 8.00e-05
  [Ref ]: मले माय इलेक्ट्रिक बिल भराचं हाय , ते मले कस पायता येईन ?...
  [Pred]: ...

Step   1625/30000 | Phase: 4A (Hard Routing) | CTC Loss: 4.2712 | Aux Loss: 8.1888 | CER: 0.922 | Throughput:  84.5 aud-s/s | LR: 8.12e-05
  [Ref ]: जमा केलेलो पैसो खय गुंतवायचो ?...
  [Pred]: ...

Step   1650/30000 | Phase: 4A (Hard Routing) | CTC Loss: 4.2131 | Aux Loss: 8.0962 | CER: 0.960 | Throughput:  90.8 aud-s/s | LR: 8.25e-05
  [Ref ]: बिम्याचे कुंते फायदे हाय मले कस कळन ?...
  [Pred]: ...

Step   1675/30000 | Phase: 4A (Hard Routing) | CTC Loss: 4.1634 | Aux Loss: 8.0086 | CER: 0.954 | Throughput:  77.3 aud-s/s | LR: 8.37e-05
  [Ref ]: सरकारी बजेट सरकारी विधिमंडळ मा मांडतस...
  [Pred]: ...

Step   1700/30000 | Phase: 4A (Hard Routing) | CTC Loss: 4.1895 | Aux Loss: 8.1045 | CER: 0.965 | Throughput: 146.4 aud-s/s | LR: 8.50e-05
  [Ref ]: राष्ट्रीय ग्रामीण जीवन योजना हाई ग्रामीण विकास मंत्रालय गरीबसना ईकास स...
  [Pred]: ...

Step   1725/30000 | Phase: 4A (Hard Routing) | CTC Loss: 4.1280 | Aux Loss: 8.1575 | CER: 0.983 | Throughput:  83.5 aud-s/s | LR: 8.62e-05
  [Ref ]: ठेवीचो प्रकार काय असा ?...
  [Pred]: ...

Step   1750/30000 | Phase: 4A (Hard Routing) | CTC Loss: 4.0646 | Aux Loss: 8.0149 | CER: 0.919 | Throughput: 142.7 aud-s/s | LR: 8.75e-05
  [Ref ]: पेपाल खात्यात चार हजार रुपये पाठवा...
  [Pred]: ाााा  ाा ााााााा...

Step   1775/30000 | Phase: 4A (Hard Routing) | CTC Loss: 4.0325 | Aux Loss: 8.0235 | CER: 0.980 | Throughput: 110.7 aud-s/s | LR: 8.87e-05
  [Ref ]: मी एका फाउंडेशनसाठी बिना नफ्याचा पण काम केलय आसय...
  [Pred]: ...

Step   1800/30000 | Phase: 4A (Hard Routing) | CTC Loss: 4.1798 | Aux Loss: 9.0388 | CER: 1.000 | Throughput: 105.0 aud-s/s | LR: 9.00e-05
  [Ref ]: सॅलड म्हनीसन कच्च्या फय भाज्यास्मा बीट , काकडी , गाजर आणि टमाटाले मागण...
  [Pred]: ...

Step   1825/30000 | Phase: 4A (Hard Routing) | CTC Loss: 4.1513 | Aux Loss: 8.1349 | CER: 0.966 | Throughput:  78.5 aud-s/s | LR: 9.12e-05
  [Ref ]: ठेवी कशी भरूची ?...
  [Pred]: ...

Step   1850/30000 | Phase: 4A (Hard Routing) | CTC Loss: 4.1446 | Aux Loss: 8.1001 | CER: 0.975 | Throughput:  46.2 aud-s/s | LR: 9.25e-05
  [Ref ]: शेती समुदायात पशुपालनाचो एक महत्त्व पूर्ण हिस्सो असा...
  [Pred]: ...

Step   1875/30000 | Phase: 4A (Hard Routing) | CTC Loss: 3.9324 | Aux Loss: 8.0735 | CER: 0.957 | Throughput: 158.3 aud-s/s | LR: 9.37e-05
  [Ref ]: शेतीतील नुकसानीमुळे शेतकऱ्यांवर कर्जाचा बोजा वाढत आहे...
  [Pred]: ााा...

Step   1900/30000 | Phase: 4A (Hard Routing) | CTC Loss: 3.9203 | Aux Loss: 8.9529 | CER: 0.998 | Throughput: 147.4 aud-s/s | LR: 9.50e-05
  [Ref ]: मातीयेतली पोषकद्रव्या कशी सुधारुक होई ?...
  [Pred]: ...

Step   1925/30000 | Phase: 4A (Hard Routing) | CTC Loss: 3.9583 | Aux Loss: 8.1063 | CER: 1.000 | Throughput:  89.3 aud-s/s | LR: 9.62e-05
  [Ref ]: ठेवी म्हटल्या काय ?...
  [Pred]: ...

Step   1950/30000 | Phase: 4A (Hard Routing) | CTC Loss: 3.8824 | Aux Loss: 8.1068 | CER: 1.000 | Throughput:  33.1 aud-s/s | LR: 9.75e-05
  [Ref ]: आर.टी.जी.एस करासाठी चेक जरुरीचा हाय काय ?...
  [Pred]: ...

Step   1975/30000 | Phase: 4A (Hard Routing) | CTC Loss: 3.9769 | Aux Loss: 8.0812 | CER: 0.990 | Throughput: 118.6 aud-s/s | LR: 9.87e-05
  [Ref ]: बागांमधील शोभेच्या रोपांची छाटणी हेज कटरने केली जाते...
  [Pred]:     ...

Step   2000/30000 | Phase: 4A (Hard Routing) | CTC Loss: 3.9307 | Aux Loss: 8.2401 | CER: 0.983 | Throughput: 157.5 aud-s/s | LR: 1.00e-04
  [Ref ]: वापरण्यापूर्वी या जमीनेचे व्यवस्थित मोजमाप करुन नोंद करुन ठेवा...
  [Pred]: ...

  🌟 New Best Model! cer = 0.9833 (Saved to best_model.pt)
  [Checkpoint] Step 2000 saved to runs\no-splitformer-moe-only\checkpoints\stage2_moe
Step   2025/30000 | Phase: 4A (Hard Routing) | CTC Loss: 3.9308 | Aux Loss: 8.2384 | CER: 1.000 | Throughput:  77.6 aud-s/s | LR: 1.00e-04
  [Ref ]: बँकेत बिल कसा भरुचा ?...
  [Pred]: ...

Step   2050/30000 | Phase: 4A (Hard Routing) | CTC Loss: 3.9189 | Aux Loss: 8.0863 | CER: 0.923 | Throughput:  78.6 aud-s/s | LR: 1.00e-04
  [Ref ]: पाच एकर गव्हासाठी किती प्रमाणात फवारणीसाठी खत लागेल ?...
  [Pred]: ...

Step   2075/30000 | Phase: 4A (Hard Routing) | CTC Loss: 3.9120 | Aux Loss: 8.0333 | CER: 0.920 | Throughput: 123.0 aud-s/s | LR: 1.00e-04
  [Ref ]: बाजारात ब्रॉयलर चिकनची किंमत किती आहे ?...
  [Pred]:    ...

Step   2100/30000 | Phase: 4A (Hard Routing) | CTC Loss: 3.9124 | Aux Loss: 8.6187 | CER: 0.989 | Throughput:  78.2 aud-s/s | LR: 1.00e-04
  [Ref ]: ई विमा खाता अर्जदारांका विनामूल्यो दिला जाता...
  [Pred]: ...

Step   2125/30000 | Phase: 4A (Hard Routing) | CTC Loss: 3.7731 | Aux Loss: 8.1406 | CER: 0.946 | Throughput:  77.4 aud-s/s | LR: 1.00e-04
  [Ref ]: शिक्षणाक कीतक्या कर्ज मिलात ?...
  [Pred]:  ...

Step   2150/30000 | Phase: 4A (Hard Routing) | CTC Loss: 4.1008 | Aux Loss: 8.0704 | CER: 0.977 | Throughput:  85.5 aud-s/s | LR: 1.00e-04
  [Ref ]: स्थायी पिकेसमा चहा काफी याबी येतंस...
  [Pred]: ...

Step   2175/30000 | Phase: 4A (Hard Routing) | CTC Loss: 3.7660 | Aux Loss: 8.1101 | CER: 0.978 | Throughput: 129.9 aud-s/s | LR: 1.00e-04
  [Ref ]: मले लहान धंदा चालू करासाठी कर्जाचा फारम कसा भरा लागन ?...
  [Pred]: ...

Step   2200/30000 | Phase: 4A (Hard Routing) | CTC Loss: 3.7941 | Aux Loss: 8.7191 | CER: 0.962 | Throughput:  64.5 aud-s/s | LR: 1.00e-04
  [Ref ]: मी प्रधानमंत्री जन विकास योजनेसाठी अर्ज करू शकतो का ?...
  [Pred]:            ...

Step   2225/30000 | Phase: 4A (Hard Routing) | CTC Loss: 3.7565 | Aux Loss: 8.0833 | CER: 0.988 | Throughput:  92.6 aud-s/s | LR: 1.00e-04
  [Ref ]: विमो किती कालावधीचो असता ?...
  [Pred]: ...

Step   2250/30000 | Phase: 4A (Hard Routing) | CTC Loss: 3.8170 | Aux Loss: 8.1782 | CER: 0.976 | Throughput: 143.5 aud-s/s | LR: 1.00e-04
  [Ref ]: युटिलिटी बिले ऑनलाईन भरता येतील का ?...
  [Pred]: ...

Step   2275/30000 | Phase: 4A (Hard Routing) | CTC Loss: 3.6505 | Aux Loss: 8.0208 | CER: 0.978 | Throughput: 129.0 aud-s/s | LR: 1.00e-04
  [Ref ]: फार्म ट्रक ह्या कृषी वाहतुकीसाठी नियुक्त केलेला वाहन असा...
  [Pred]: ...

Step   2300/30000 | Phase: 4A (Hard Routing) | CTC Loss: 3.7692 | Aux Loss: 8.0834 | CER: 1.000 | Throughput: 173.3 aud-s/s | LR: 1.00e-04
  [Ref ]: अठराव्या ते विसाव्या शतकापर्यंत कताई खेचराचा मोठ्या प्रमाणावर वापर केल...
  [Pred]: ...

Step   2325/30000 | Phase: 4A (Hard Routing) | CTC Loss: 3.6799 | Aux Loss: 8.1880 | CER: 0.980 | Throughput:  93.2 aud-s/s | LR: 1.00e-04
  [Ref ]: माझा कर्ज किती वेळासाठी हा ?...
  [Pred]: ...

Step   2350/30000 | Phase: 4A (Hard Routing) | CTC Loss: 3.6580 | Aux Loss: 8.0720 | CER: 0.967 | Throughput: 102.5 aud-s/s | LR: 1.00e-04
  [Ref ]: कर्ज मिळविण्यासाठी कोणत्या कागदपत्रांची गरज असते ?...
  [Pred]: ...

Step   2375/30000 | Phase: 4A (Hard Routing) | CTC Loss: 3.6886 | Aux Loss: 8.1619 | CER: 0.977 | Throughput: 131.4 aud-s/s | LR: 1.00e-04
  [Ref ]: ठेव , गुंतवणूक सारखीच आहे का ?...
  [Pred]: ...

Step   2400/30000 | Phase: 4A (Hard Routing) | CTC Loss: 3.6488 | Aux Loss: 8.5451 | CER: 0.981 | Throughput: 171.6 aud-s/s | LR: 1.00e-04
  [Ref ]: एक महत्त्वाचा यंत्र आसा जा पाणगवताक कापून पाण्याचो रस्तो साफ करता...
  [Pred]: ...

Step   2425/30000 | Phase: 4A (Hard Routing) | CTC Loss: 3.7052 | Aux Loss: 8.1906 | CER: 0.981 | Throughput:  48.4 aud-s/s | LR: 1.00e-04
  [Ref ]: यू.पी.आय सेवा म्हटल्या काय ?...
  [Pred]: ...

Step   2450/30000 | Phase: 4A (Hard Routing) | CTC Loss: 3.6504 | Aux Loss: 8.0213 | CER: 0.981 | Throughput:  98.7 aud-s/s | LR: 1.00e-04
  [Ref ]: बुरशीजन्य कीटकाच्या प्रादुर्भावामूळे फळगळती होऊ शकतली काय ?...
  [Pred]: ...

Step   2475/30000 | Phase: 4A (Hard Routing) | CTC Loss: 3.6261 | Aux Loss: 8.0293 | CER: 0.967 | Throughput: 122.9 aud-s/s | LR: 1.00e-04
  [Ref ]: पिकविक्रीपर्यंत पीक साठवणीसाठी पीक संरक्षण विमा मिळू शकतो का ?...
  [Pred]: ...

Step   2500/30000 | Phase: 4A (Hard Routing) | CTC Loss: 3.6039 | Aux Loss: 8.2643 | CER: 1.000 | Throughput: 183.2 aud-s/s | LR: 1.00e-04
  [Ref ]: म्हशीचं दूध कमी झालं त कोनाले सांगू कोनाले विचारू ?...
  [Pred]: ...

Step   2525/30000 | Phase: 4A (Hard Routing) | CTC Loss: 3.6019 | Aux Loss: 8.0339 | CER: 0.975 | Throughput:  81.0 aud-s/s | LR: 1.00e-04
  [Ref ]: ठेवी कशी भरूची ?...
  [Pred]: ...

Step   2550/30000 | Phase: 4A (Hard Routing) | CTC Loss: 3.6128 | Aux Loss: 8.1108 | CER: 0.995 | Throughput: 134.5 aud-s/s | LR: 1.00e-04
  [Ref ]: त्यातील सर्वात महत्त्वाचा कीटक म्हणजे रेशीम किडा...
  [Pred]:   ...

Step   2575/30000 | Phase: 4A (Hard Routing) | CTC Loss: 3.5916 | Aux Loss: 8.1400 | CER: 0.996 | Throughput: 158.5 aud-s/s | LR: 1.00e-04
  [Ref ]: गृह विमो , ह्यो एक प्रकारचो मालमत्तेचो विमो असा ज्यो खाजगी निवासस्थान ...
  [Pred]: ...

Step   2600/30000 | Phase: 4A (Hard Routing) | CTC Loss: 3.5887 | Aux Loss: 8.3625 | CER: 1.000 | Throughput:  98.1 aud-s/s | LR: 1.00e-04
  [Ref ]: बँक खात्याचे के.वाय.सी याच्यासाठीच केले जाता कि गिरायकांची ओळख पटोक व्...
  [Pred]: ...

Step   2625/30000 | Phase: 4A (Hard Routing) | CTC Loss: 3.5842 | Aux Loss: 8.3153 | CER: 0.974 | Throughput:  81.2 aud-s/s | LR: 1.00e-04
  [Ref ]: योजना काय आसत ?...
  [Pred]: ...

Step   2650/30000 | Phase: 4A (Hard Routing) | CTC Loss: 3.5489 | Aux Loss: 8.0395 | CER: 0.975 | Throughput: 104.3 aud-s/s | LR: 1.00e-04
  [Ref ]: मध आणि कॉफी लावल्याने त्वचा उजळते...
  [Pred]:            ...

Step   2675/30000 | Phase: 4A (Hard Routing) | CTC Loss: 3.5687 | Aux Loss: 8.0975 | CER: 1.000 | Throughput: 127.2 aud-s/s | LR: 1.00e-04
  [Ref ]: मले चार एकर वावरावर कितीक कृषी कर्ज भेटन ?...
  [Pred]: ...

Step   2700/30000 | Phase: 4A (Hard Routing) | CTC Loss: 3.5383 | Aux Loss: 8.1812 | CER: 0.936 | Throughput:  67.0 aud-s/s | LR: 1.00e-04
  [Ref ]: हर मईन्याले कितीक कर्ज वापिस करू सकतो ?...
  [Pred]: ...

Step   2725/30000 | Phase: 4A (Hard Routing) | CTC Loss: 3.5747 | Aux Loss: 8.0572 | CER: 0.984 | Throughput:  73.3 aud-s/s | LR: 1.00e-04
  [Ref ]: यू.पी.आय सेवा कशी काम करता ?...
  [Pred]:  ...

Step   2750/30000 | Phase: 4A (Hard Routing) | CTC Loss: 3.5387 | Aux Loss: 8.0088 | CER: 0.977 | Throughput:  93.8 aud-s/s | LR: 1.00e-04
  [Ref ]: बिम्याचा दावा कसा करा लागते ?...
  [Pred]: ...

Step   2775/30000 | Phase: 4A (Hard Routing) | CTC Loss: 3.5288 | Aux Loss: 8.0309 | CER: 1.000 | Throughput: 121.9 aud-s/s | LR: 1.00e-04
  [Ref ]: फरसबीच्या चांगल्या उत्पन्नासाठी काळ्या चिकन मातीची गरज असता...
  [Pred]: ...

Step   2800/30000 | Phase: 4A (Hard Routing) | CTC Loss: 3.5239 | Aux Loss: 8.4183 | CER: 0.982 | Throughput: 173.6 aud-s/s | LR: 1.00e-04
  [Ref ]: दुधी भोपळा चा ज्युस वजन कमी करण्यासाठी घेतला जातो...
  [Pred]: ...

Step   2825/30000 | Phase: 4A (Hard Routing) | CTC Loss: 3.5230 | Aux Loss: 8.1448 | CER: 1.000 | Throughput:  88.8 aud-s/s | LR: 1.00e-04
  [Ref ]: ऑनलाइन बिला कशी भरूची ?...
  [Pred]: ...

Step   2850/30000 | Phase: 4A (Hard Routing) | CTC Loss: 3.5027 | Aux Loss: 8.3118 | CER: 0.985 | Throughput: 103.5 aud-s/s | LR: 9.99e-05
  [Ref ]: योग्य सरकारी बजेटचा लाभ लोकांना मिळाला पाहिजे...
  [Pred]: ...

Step   2875/30000 | Phase: 4A (Hard Routing) | CTC Loss: 3.5169 | Aux Loss: 8.0384 | CER: 1.000 | Throughput: 131.0 aud-s/s | LR: 9.99e-05
  [Ref ]: एका महिन्यासाठी मुदत ठेव ठेवता येते का ?...
  [Pred]: ...

Step   2900/30000 | Phase: 4A (Hard Routing) | CTC Loss: 3.4968 | Aux Loss: 8.0554 | CER: 1.000 | Throughput:  66.6 aud-s/s | LR: 9.99e-05
  [Ref ]: यू.पी.आय न मले विजेचं बिल भरता यीन का ?...
  [Pred]: ...

Step   2925/30000 | Phase: 4A (Hard Routing) | CTC Loss: 3.5236 | Aux Loss: 8.0612 | CER: 0.984 | Throughput:  80.5 aud-s/s | LR: 9.99e-05
  [Ref ]: क्रेडिट कार्ड का हाय ?...
  [Pred]: ...

Step   2950/30000 | Phase: 4A (Hard Routing) | CTC Loss: 3.5018 | Aux Loss: 8.1272 | CER: 0.997 | Throughput:  43.8 aud-s/s | LR: 9.99e-05
  [Ref ]: पिवळ्या ठिपक्याचा रोग कोणता ?...
  [Pred]: ...

Step   2975/30000 | Phase: 4A (Hard Routing) | CTC Loss: 3.5069 | Aux Loss: 8.0783 | CER: 1.000 | Throughput:  53.5 aud-s/s | LR: 9.99e-05
  [Ref ]: कोलममध्ये सर्वोत्तम उच्च पिकणारे बियाणे कोणते ?...
  [Pred]: ...

Step   3000/30000 | Phase: 4A (Hard Routing) | CTC Loss: 3.5507 | Aux Loss: 8.2478 | CER: 1.000 | Throughput: 195.8 aud-s/s | LR: 9.99e-05
  [Ref ]: प्रधानमंत्री उज्वला योजनेमार्फत गॅस सिलिंडर कसो घेऊचो ?...
  [Pred]: ...

  [Checkpoint] Step 3000 saved to runs\no-splitformer-moe-only\checkpoints\stage2_moe
Step   3025/30000 | Phase: 4A (Hard Routing) | CTC Loss: 3.4815 | Aux Loss: 8.0483 | CER: 0.987 | Throughput: 103.1 aud-s/s | LR: 9.99e-05
  [Ref ]: पीक विमा कुठे काढतात ?...
  [Pred]: ...

Step   3050/30000 | Phase: 4A (Hard Routing) | CTC Loss: 3.5225 | Aux Loss: 8.0120 | CER: 0.959 | Throughput: 122.1 aud-s/s | LR: 9.99e-05
  [Ref ]: यू.पी.आय सेवेचा लाभ कोणकोणत्या कामासाठी होतो ?...
  [Pred]: ...

Step   3075/30000 | Phase: 4A (Hard Routing) | CTC Loss: 3.4947 | Aux Loss: 8.0386 | CER: 1.000 | Throughput:  70.4 aud-s/s | LR: 9.99e-05
  [Ref ]: पंतपरधान कृषी सिंचन योजनामा पाणीनी बचत व्हस...
  [Pred]: ...

Step   3100/30000 | Phase: 4A (Hard Routing) | CTC Loss: 3.4930 | Aux Loss: 8.1051 | CER: 0.994 | Throughput: 194.1 aud-s/s | LR: 9.99e-05
  [Ref ]: जमिनीच्या नोंदी ऑनलाईन तपासणे हे सर्वात सोपे काम आहे...
  [Pred]: ...

Step   3125/30000 | Phase: 4A (Hard Routing) | CTC Loss: 3.4768 | Aux Loss: 8.0463 | CER: 1.000 | Throughput:  77.7 aud-s/s | LR: 9.99e-05
  [Ref ]: कर्ज कसा फेडुचा ?...
  [Pred]: ...

Step   3150/30000 | Phase: 4A (Hard Routing) | CTC Loss: 3.5032 | Aux Loss: 8.2049 | CER: 1.000 | Throughput: 105.3 aud-s/s | LR: 9.99e-05
  [Ref ]: सरकार जो बाँड जाहीर करता तेंका सरकारी बाँड म्हणतत...
  [Pred]: ...

Step   3175/30000 | Phase: 4A (Hard Routing) | CTC Loss: 3.5118 | Aux Loss: 8.0275 | CER: 0.997 | Throughput: 136.1 aud-s/s | LR: 9.99e-05
  [Ref ]: मक्याच्या पीक वाढीसाठी कोणत्या पोषक घटकांचे वापर होतो ?...
  [Pred]: ...

Step   3200/30000 | Phase: 4A (Hard Routing) | CTC Loss: 3.5051 | Aux Loss: 8.3702 | CER: 1.000 | Throughput: 161.7 aud-s/s | LR: 9.99e-05
  [Ref ]: जनावरांना योग्य आहार देण्यासाठी वेळोवेळी जनजागृती मोहीम राबविली जाते...
  [Pred]: ...

Step   3225/30000 | Phase: 4A (Hard Routing) | CTC Loss: 3.4680 | Aux Loss: 8.0959 | CER: 0.988 | Throughput:  87.3 aud-s/s | LR: 9.99e-05
  [Ref ]: विमा कशासाठी उघडलो जाता ?...
  [Pred]: ...

Step   3250/30000 | Phase: 4A (Hard Routing) | CTC Loss: 3.4649 | Aux Loss: 8.0436 | CER: 0.956 | Throughput:  89.8 aud-s/s | LR: 9.99e-05
  [Ref ]: ई.टी.एफ मध्ये गुंतवणूक करण्याचे फायदे कोणते ?...
  [Pred]: ...

Step   3275/30000 | Phase: 4A (Hard Routing) | CTC Loss: 3.4677 | Aux Loss: 8.0130 | CER: 0.995 | Throughput: 129.9 aud-s/s | LR: 9.99e-05
  [Ref ]: कापसाचे वजन करण्यासाठी कोणते साधन वापरले जाते ?...
  [Pred]: ...

Step   3300/30000 | Phase: 4A (Hard Routing) | CTC Loss: 3.4644 | Aux Loss: 8.5637 | CER: 1.000 | Throughput: 144.7 aud-s/s | LR: 9.99e-05
  [Ref ]: पर्माकल्चर हा कायमस्वरूपी शेतीचा एक प्रकार आहे...
  [Pred]: ...

Step   3325/30000 | Phase: 4A (Hard Routing) | CTC Loss: 3.4929 | Aux Loss: 8.0435 | CER: 0.991 | Throughput:  92.1 aud-s/s | LR: 9.99e-05
  [Ref ]: फळबागांना मोटारने पाणी द्यावे का ?...
  [Pred]: ...

Step   3350/30000 | Phase: 4A (Hard Routing) | CTC Loss: 3.4946 | Aux Loss: 8.0888 | CER: 1.000 | Throughput:  37.2 aud-s/s | LR: 9.99e-05
  [Ref ]: डेबिट कार्डचे काय फायदे आहेत ?...
  [Pred]: ...

Step   3375/30000 | Phase: 4A (Hard Routing) | CTC Loss: 3.4551 | Aux Loss: 8.1272 | CER: 0.993 | Throughput: 176.2 aud-s/s | LR: 9.99e-05
  [Ref ]: नॉन बँकिंग वित्तीय कंपन्या कोणत्या उद्योगांना कर्ज देतात ?...
  [Pred]: ...

Step   3400/30000 | Phase: 4A (Hard Routing) | CTC Loss: 3.4688 | Aux Loss: 8.1905 | CER: 1.000 | Throughput: 161.5 aud-s/s | LR: 9.99e-05
  [Ref ]: शैक्षणिक कर्जाचा लाभ मला कशाप्रकारे घेता येऊ शकतो ?...
  [Pred]: ...

Step   3425/30000 | Phase: 4A (Hard Routing) | CTC Loss: 3.4627 | Aux Loss: 8.1692 | CER: 1.000 | Throughput:  95.5 aud-s/s | LR: 9.99e-05
  [Ref ]: मातीचे प्रकार किती आसत ?...
  [Pred]: ...

Step   3450/30000 | Phase: 4A (Hard Routing) | CTC Loss: 3.4731 | Aux Loss: 8.0282 | CER: 1.000 | Throughput:  58.5 aud-s/s | LR: 9.98e-05
  [Ref ]: उष्ण हवामानाचा टोमॅटोवर काय परिणाम होतो ?...
  [Pred]: ...

Step   3475/30000 | Phase: 4A (Hard Routing) | CTC Loss: 3.4772 | Aux Loss: 8.0310 | CER: 1.000 | Throughput: 144.5 aud-s/s | LR: 9.98e-05
  [Ref ]: आता सबसिडी हटवल्याने सिलिंडरचे भाव गगनाला भिडले आहेत...
  [Pred]: ...

Step   3500/30000 | Phase: 4A (Hard Routing) | CTC Loss: 3.4605 | Aux Loss: 8.2016 | CER: 1.000 | Throughput: 191.3 aud-s/s | LR: 9.98e-05
  [Ref ]: डी.ए.पी सगळ्यात चांगलं खत हाये का ?...
  [Pred]: ...

Step   3525/30000 | Phase: 4A (Hard Routing) | CTC Loss: 3.4439 | Aux Loss: 8.0514 | CER: 1.000 | Throughput:  88.2 aud-s/s | LR: 9.98e-05
  [Ref ]: बँकेत बिल कसा भरुचा ?...
  [Pred]: ...

Step   3550/30000 | Phase: 4A (Hard Routing) | CTC Loss: 3.4429 | Aux Loss: 8.0373 | CER: 1.000 | Throughput: 140.6 aud-s/s | LR: 9.98e-05
  [Ref ]: काळी मातीमध्ये कोणते पिके येते ?...
  [Pred]: ...

Step   3575/30000 | Phase: 4A (Hard Routing) | CTC Loss: 3.4373 | Aux Loss: 8.1113 | CER: 1.000 | Throughput: 188.9 aud-s/s | LR: 9.98e-05
  [Ref ]: लेबर चेक पैशाप्रमाणे ट्रान्सफर करता येत नाही...
  [Pred]: ...

Step   3600/30000 | Phase: 4A (Hard Routing) | CTC Loss: 3.4501 | Aux Loss: 8.1103 | CER: 1.000 | Throughput: 188.0 aud-s/s | LR: 9.98e-05
  [Ref ]: राष्ट्रीय उत्पन्न आणि एकूण रोजगार विश्लेषणाचे मुख्य लक्ष मॅक्रोइकॉनॉमि...
  [Pred]: ...

Step   3625/30000 | Phase: 4A (Hard Routing) | CTC Loss: 3.4497 | Aux Loss: 8.2076 | CER: 1.000 | Throughput:  96.8 aud-s/s | LR: 9.98e-05
  [Ref ]: सोयाबीनचो भाव काय आसा ?...
  [Pred]: ...

Step   3650/30000 | Phase: 4A (Hard Routing) | CTC Loss: 3.4451 | Aux Loss: 8.1316 | CER: 1.000 | Throughput:  97.3 aud-s/s | LR: 9.98e-05
  [Ref ]: किती प्रकारचे कर्जदार असतात...
  [Pred]: ...

Step   3675/30000 | Phase: 4A (Hard Routing) | CTC Loss: 3.4304 | Aux Loss: 8.0676 | CER: 0.997 | Throughput: 129.7 aud-s/s | LR: 9.98e-05
  [Ref ]: मी माझे काही पैसे म्युच्युअल फंडात गुंतवले आहेत...
  [Pred]:  ...

Step   3700/30000 | Phase: 4A (Hard Routing) | CTC Loss: 3.4363 | Aux Loss: 8.0890 | CER: 1.000 | Throughput: 211.0 aud-s/s | LR: 9.98e-05
  [Ref ]: पेपल दोन हजार दोनात आय.पी.ओ द्वारा सार्वजनिक झाला...
  [Pred]: ...

Step   3725/30000 | Phase: 4A (Hard Routing) | CTC Loss: 3.4156 | Aux Loss: 8.4254 | CER: 0.944 | Throughput:  98.9 aud-s/s | LR: 9.98e-05
  [Ref ]: विमा कसो भरूचो ?...
  [Pred]: ...

Step   3750/30000 | Phase: 4A (Hard Routing) | CTC Loss: 3.4118 | Aux Loss: 8.0263 | CER: 1.000 | Throughput: 129.3 aud-s/s | LR: 9.98e-05
  [Ref ]: मातीचे प्रकार किती आहे ते सांगा...
  [Pred]: ...

Step   3775/30000 | Phase: 4A (Hard Routing) | CTC Loss: 3.4218 | Aux Loss: 7.9989 | CER: 0.981 | Throughput: 132.9 aud-s/s | LR: 9.98e-05
  [Ref ]: दुधाची पाइपलाइन साफ करण्यासाठीही मशीनचा वापर केला जातो...
  [Pred]: ...

Step   3800/30000 | Phase: 4A (Hard Routing) | CTC Loss: 3.4409 | Aux Loss: 8.2376 | CER: 1.000 | Throughput: 177.4 aud-s/s | LR: 9.98e-05
  [Ref ]: नापीक जमीन सुपीक करण्यासाठी काय उपयोग करावे ?...
  [Pred]: ...

Step   3825/30000 | Phase: 4A (Hard Routing) | CTC Loss: 3.4456 | Aux Loss: 8.0202 | CER: 0.997 | Throughput:  98.0 aud-s/s | LR: 9.98e-05
  [Ref ]: उत्पादन म्हणजे काय असा ?...
  [Pred]: ...

Step   3850/30000 | Phase: 4A (Hard Routing) | CTC Loss: 3.4166 | Aux Loss: 8.0791 | CER: 1.000 | Throughput: 108.3 aud-s/s | LR: 9.97e-05
  [Ref ]: दुधाक वर उचलूक वॅक्यूम वापरतत...
  [Pred]: ...

Step   3875/30000 | Phase: 4A (Hard Routing) | CTC Loss: 3.4498 | Aux Loss: 8.1045 | CER: 1.000 | Throughput: 137.4 aud-s/s | LR: 9.97e-05
  [Ref ]: शाश्वत शेती हे एकात्मिक शेतीचे उदाहरण आहे...
  [Pred]: ...

Step   3900/30000 | Phase: 4A (Hard Routing) | CTC Loss: 3.4376 | Aux Loss: 8.0819 | CER: 1.000 | Throughput: 226.6 aud-s/s | LR: 9.97e-05
  [Ref ]: कृषी भौतिकी मध्ये शेती सोबत भैतिकीचा उपयोग केला जातो...
  [Pred]: ...

Step   3925/30000 | Phase: 4A (Hard Routing) | CTC Loss: 3.4219 | Aux Loss: 8.1494 | CER: 0.977 | Throughput:  85.0 aud-s/s | LR: 9.97e-05
  [Ref ]: ऑनलाइन रिचार्ज कसा करूचा ?...
  [Pred]:    ...

Step   3950/30000 | Phase: 4A (Hard Routing) | CTC Loss: 3.4261 | Aux Loss: 8.0086 | CER: 0.979 | Throughput: 162.7 aud-s/s | LR: 9.97e-05
  [Ref ]: विम्याचे हप्ते कसे भरूचो शकतो ?...
  [Pred]:    ...

Step   3975/30000 | Phase: 4A (Hard Routing) | CTC Loss: 3.4242 | Aux Loss: 8.0447 | CER: 0.988 | Throughput: 165.4 aud-s/s | LR: 9.97e-05
  [Ref ]: बाराही महिने उत्पादन घेता येईल अशी पिके कोणती ?...
  [Pred]: ...

Step   4000/30000 | Phase: 4A (Hard Routing) | CTC Loss: 3.4222 | Aux Loss: 8.1159 | CER: 1.000 | Throughput: 201.0 aud-s/s | LR: 9.97e-05
  [Ref ]: परकीय चलन बाजारात देखील वेगळ्या प्रकारची गर्दी असते...
  [Pred]: ...

  [Checkpoint] Step 4000 saved to runs\no-splitformer-moe-only\checkpoints\stage2_moe
Step   4025/30000 | Phase: 4A (Hard Routing) | CTC Loss: 3.4253 | Aux Loss: 8.0349 | CER: 0.934 | Throughput: 102.6 aud-s/s | LR: 9.97e-05
  [Ref ]: विमाचे प्रकार किती असतत ?...
  [Pred]:   ...

Step   4050/30000 | Phase: 4A (Hard Routing) | CTC Loss: 3.4070 | Aux Loss: 8.1298 | CER: 0.998 | Throughput: 103.8 aud-s/s | LR: 9.97e-05
  [Ref ]: संत्र्याचा आकार वाढवाले कोणतं खत वापराव ?...
  [Pred]: ...

Step   4075/30000 | Phase: 4A (Hard Routing) | CTC Loss: 3.4022 | Aux Loss: 8.0751 | CER: 0.997 | Throughput: 120.2 aud-s/s | LR: 9.97e-05
  [Ref ]: वांग्याच्या पिकावरचं शेंडे अळी मारनारं औषध कोनचं ?...
  [Pred]: ...

Step   4100/30000 | Phase: 4A (Hard Routing) | CTC Loss: 3.4007 | Aux Loss: 8.2822 | CER: 0.996 | Throughput: 219.9 aud-s/s | LR: 9.97e-05
  [Ref ]: इंडिया पोस्ट लगेचच पैसे सादर करते आदेश , तात्काळ वर लाईन धन हस्तांतरण ...
  [Pred]: ...

Step   4125/30000 | Phase: 4A (Hard Routing) | CTC Loss: 3.4196 | Aux Loss: 8.2127 | CER: 0.991 | Throughput:  89.0 aud-s/s | LR: 9.97e-05
  [Ref ]: ठेवी कशी भरूची ?...
  [Pred]: ...

Step   4150/30000 | Phase: 4A (Hard Routing) | CTC Loss: 3.3964 | Aux Loss: 8.0398 | CER: 0.992 | Throughput:  49.8 aud-s/s | LR: 9.97e-05
  [Ref ]: खयची खयची बिया आम्ही सरायत लावक शकतु ?...
  [Pred]: ...

Step   4175/30000 | Phase: 4A (Hard Routing) | CTC Loss: 3.3985 | Aux Loss: 8.0367 | CER: 0.998 | Throughput: 130.9 aud-s/s | LR: 9.97e-05
  [Ref ]: पी.एम.जे.जे.बि योजना विकत घेऊक बॅन्क खाता गरजेचा असा...
  [Pred]:  ...

Step   4200/30000 | Phase: 4A (Hard Routing) | CTC Loss: 3.4033 | Aux Loss: 8.1786 | CER: 1.000 | Throughput: 245.1 aud-s/s | LR: 9.96e-05
  [Ref ]: पोटाशना वापर पोटाशियम खतंस करता करतंस...
  [Pred]: ...

Step   4225/30000 | Phase: 4A (Hard Routing) | CTC Loss: 3.3855 | Aux Loss: 8.2035 | CER: 0.991 | Throughput: 117.7 aud-s/s | LR: 9.96e-05
  [Ref ]: कर्ज कितक्या मेलाक शकता ?...
  [Pred]:  ...

Step   4250/30000 | Phase: 4A (Hard Routing) | CTC Loss: 3.4019 | Aux Loss: 8.0865 | CER: 0.988 | Throughput: 117.7 aud-s/s | LR: 9.96e-05
  [Ref ]: मले शिलिंडरचं बिल बघसाठी का करा लागन ?...
  [Pred]:   ...

Step   4275/30000 | Phase: 4A (Hard Routing) | CTC Loss: 3.3939 | Aux Loss: 8.0301 | CER: 0.973 | Throughput: 148.9 aud-s/s | LR: 9.96e-05
  [Ref ]: आपण रोपांची लावणी कधी करायची ?...
  [Pred]: ा...

Step   4300/30000 | Phase: 4A (Hard Routing) | CTC Loss: 3.4005 | Aux Loss: 8.1246 | CER: 0.994 | Throughput: 280.3 aud-s/s | LR: 9.96e-05
  [Ref ]: जीवन प्रमाण पेंशन उपभोक्त्यांका एक बायोमेट्रीक सक्षम डिजीटल सेवा हा...
  [Pred]:  ...

Step   4325/30000 | Phase: 4A (Hard Routing) | CTC Loss: 3.4009 | Aux Loss: 8.1012 | CER: 0.977 | Throughput: 111.3 aud-s/s | LR: 9.96e-05
  [Ref ]: मला वाहनकर्ज मिळेल का ?...
  [Pred]: ...

Step   4350/30000 | Phase: 4A (Hard Routing) | CTC Loss: 3.4088 | Aux Loss: 8.0213 | CER: 1.000 | Throughput: 122.0 aud-s/s | LR: 9.96e-05
  [Ref ]: मला नवीन व्यवसाय सुरू करण्यासाठी कर्ज मिळेल का ?...
  [Pred]: ...

Step   4375/30000 | Phase: 4A (Hard Routing) | CTC Loss: 3.4020 | Aux Loss: 8.1304 | CER: 0.993 | Throughput: 146.6 aud-s/s | LR: 9.96e-05
  [Ref ]: मोहितच्या मते , रोख प्रवाहाचा फायदा सर्वसामान्यांनाही होतो...
  [Pred]: ...

Step   4400/30000 | Phase: 4A (Hard Routing) | CTC Loss: 3.3957 | Aux Loss: 8.1985 | CER: 0.998 | Throughput: 249.1 aud-s/s | LR: 9.96e-05
  [Ref ]: पीक विकुच्यासाठी गावातल्या शेतकऱ्यांनी कसले कसले मार्ग काढले ?...
  [Pred]: ...

Step   4425/30000 | Phase: 4A (Hard Routing) | CTC Loss: 3.3920 | Aux Loss: 8.1901 | CER: 0.984 | Throughput: 100.1 aud-s/s | LR: 9.96e-05
  [Ref ]: म्या...
  [Pred]: ...

Step   4450/30000 | Phase: 4A (Hard Routing) | CTC Loss: 3.3973 | Aux Loss: 8.0969 | CER: 0.995 | Throughput: 112.0 aud-s/s | LR: 9.96e-05
  [Ref ]: लंडनमध्ये सिक्युरिटीज ट्रेडिंग लय होता...
  [Pred]: ?...

Step   4475/30000 | Phase: 4A (Hard Routing) | CTC Loss: 3.3784 | Aux Loss: 8.2072 | CER: 0.991 | Throughput: 171.0 aud-s/s | LR: 9.96e-05
  [Ref ]: खाता व्यवस्थापित कसा करतत ?...
  [Pred]: ...

Step   4500/30000 | Phase: 4A (Hard Routing) | CTC Loss: 3.3906 | Aux Loss: 8.0731 | CER: 1.000 | Throughput: 213.3 aud-s/s | LR: 9.95e-05
  [Ref ]: हळद पिकात सुरुवातीचे खत व अन्नद्रव्य व्यवस्थापन कसे करायचे ?...
  [Pred]: ...

Step   4525/30000 | Phase: 4A (Hard Routing) | CTC Loss: 3.3970 | Aux Loss: 8.2289 | CER: 0.914 | Throughput: 104.1 aud-s/s | LR: 9.95e-05
  [Ref ]: चांगली पीक खयला हा ?...
  [Pred]: ा ा...

Step   4550/30000 | Phase: 4A (Hard Routing) | CTC Loss: 3.3938 | Aux Loss: 8.0601 | CER: 0.986 | Throughput: 130.3 aud-s/s | LR: 9.95e-05
  [Ref ]: भारतात रिलायन्सचे अनेक शोरूम्स आहेत...
  [Pred]: ...

Step   4575/30000 | Phase: 4A (Hard Routing) | CTC Loss: 3.3989 | Aux Loss: 8.2100 | CER: 1.000 | Throughput: 132.3 aud-s/s | LR: 9.95e-05
  [Ref ]: अल्प मुदतीसाठी पैशांची बचत कशी करतलव ?...
  [Pred]: ...

Step   4600/30000 | Phase: 4A (Hard Routing) | CTC Loss: 3.3909 | Aux Loss: 8.1148 | CER: 0.996 | Throughput: 209.2 aud-s/s | LR: 9.95e-05
  [Ref ]: मत्स्यपालन क्रेडीट कार्ड बनवूक आधार कार्ड , पॅन कार्ड , फोटोची गरज असत...
  [Pred]:  ...

Step   4625/30000 | Phase: 4A (Hard Routing) | CTC Loss: 3.3925 | Aux Loss: 8.0569 | CER: 0.956 | Throughput:  89.6 aud-s/s | LR: 9.95e-05
  [Ref ]: मोजमाप म्हणजे काय असा ?...
  [Pred]:  ...

Step   4650/30000 | Phase: 4A (Hard Routing) | CTC Loss: 3.3777 | Aux Loss: 8.0785 | CER: 0.997 | Throughput:  81.2 aud-s/s | LR: 9.95e-05
  [Ref ]: आमीरसाठी लाइफ इन्शुरन्स दाखवा...
  [Pred]: ...

Step   4675/30000 | Phase: 4A (Hard Routing) | CTC Loss: 3.3821 | Aux Loss: 8.1098 | CER: 1.000 | Throughput: 174.7 aud-s/s | LR: 9.95e-05
  [Ref ]: हिंदू संस्कृतीत गायीच्या शेणाक पवित्र मानतत...
  [Pred]: ?...

Step   4700/30000 | Phase: 4A (Hard Routing) | CTC Loss: 3.3995 | Aux Loss: 8.1008 | CER: 1.000 | Throughput: 229.3 aud-s/s | LR: 9.95e-05
  [Ref ]: प्रधानमंत्री आवास योजनेचा फॉर्म कसा भरायचा ?...
  [Pred]: ...

Step   4725/30000 | Phase: 4A (Hard Routing) | CTC Loss: 3.3680 | Aux Loss: 8.1031 | CER: 0.914 | Throughput:  92.4 aud-s/s | LR: 9.95e-05
  [Ref ]: ठेवी म्हटल्या काय ?...
  [Pred]:  ा ा?...

Step   4750/30000 | Phase: 4A (Hard Routing) | CTC Loss: 3.3707 | Aux Loss: 8.0309 | CER: 0.976 | Throughput: 120.7 aud-s/s | LR: 9.94e-05
  [Ref ]: सोन्यावर कर्ज मिळवू कसा ?...
  [Pred]: ?...

Step   4775/30000 | Phase: 4A (Hard Routing) | CTC Loss: 3.3867 | Aux Loss: 8.0021 | CER: 0.974 | Throughput: 158.6 aud-s/s | LR: 9.94e-05
  [Ref ]: गुंतवणुकीसाठी अनेक जण या बँकांचा आधार घेतात...
  [Pred]: ...

Step   4800/30000 | Phase: 4A (Hard Routing) | CTC Loss: 3.4020 | Aux Loss: 8.2762 | CER: 0.986 | Throughput: 193.9 aud-s/s | LR: 9.94e-05
  [Ref ]: पासबूक सोबत नसेल तर खात्यामधील शिल्लक तपासता येते का ?...
  [Pred]: ...

Step   4825/30000 | Phase: 4A (Hard Routing) | CTC Loss: 3.3674 | Aux Loss: 8.0592 | CER: 0.884 | Throughput:  86.2 aud-s/s | LR: 9.94e-05
  [Ref ]: माका गाडीचा कर्ज मिळात काय ?...
  [Pred]: ााा ा ा?...

Step   4850/30000 | Phase: 4A (Hard Routing) | CTC Loss: 3.3575 | Aux Loss: 8.0393 | CER: 0.874 | Throughput:  48.1 aud-s/s | LR: 9.94e-05
  [Ref ]: मला हजार रुपये मासिक कर्ज मिळू शकते का ?...
  [Pred]: ाा    ?...

Step   4875/30000 | Phase: 4A (Hard Routing) | CTC Loss: 3.3710 | Aux Loss: 8.0661 | CER: 0.994 | Throughput: 153.7 aud-s/s | LR: 9.94e-05
  [Ref ]: काही नैसर्गिक तंतूंचा उपयोग औषधांमध्येही केला जातो...
  [Pred]: ...

Step   4900/30000 | Phase: 4A (Hard Routing) | CTC Loss: 3.3978 | Aux Loss: 8.2085 | CER: 0.986 | Throughput: 146.1 aud-s/s | LR: 9.94e-05
  [Ref ]: तसेच भारतातील काही म्युच्युअल सेव्हिंग बँकांची नावे सांगा...
  [Pred]: ाााा...

Step   4925/30000 | Phase: 4A (Hard Routing) | CTC Loss: 3.3611 | Aux Loss: 8.1545 | CER: 0.922 | Throughput:  80.2 aud-s/s | LR: 9.94e-05
  [Ref ]: युटिलिटी म्हणजे काय ?...
  [Pred]: ...

Step   4950/30000 | Phase: 4A (Hard Routing) | CTC Loss: 3.3845 | Aux Loss: 7.9846 | CER: 0.941 | Throughput: 148.5 aud-s/s | LR: 9.94e-05
  [Ref ]: मांसासाठी ते ससे पाळतात...
  [Pred]:  ...

Step   4975/30000 | Phase: 4A (Hard Routing) | CTC Loss: 3.3659 | Aux Loss: 8.0480 | CER: 0.968 | Throughput: 154.5 aud-s/s | LR: 9.94e-05
  [Ref ]: मातीमंदी शेणखत कोनच्या मइन्यामंधी टाकाव ?...
  [Pred]: ा  ा ...

Step   5000/30000 | Phase: 4A (Hard Routing) | CTC Loss: 3.3953 | Aux Loss: 8.2304 | CER: 0.993 | Throughput: 246.1 aud-s/s | LR: 9.93e-05
  [Ref ]: सोहनने नवीन ए.टी.एम कार्डसाठी बँकेकडे अर्ज केला आहे...
  [Pred]: ...

  [Checkpoint] Step 5000 saved to runs\no-splitformer-moe-only\checkpoints\stage2_moe
Step   5025/30000 | Phase: 4A (Hard Routing) | CTC Loss: 3.3601 | Aux Loss: 8.2850 | CER: 0.904 | Throughput: 112.1 aud-s/s | LR: 9.93e-05
  [Ref ]: मोजमाप म्हणजे काय असा ?...
  [Pred]: ाा  ााा?...

Step   5050/30000 | Phase: 4A (Hard Routing) | CTC Loss: 3.3646 | Aux Loss: 8.0374 | CER: 0.927 | Throughput: 113.3 aud-s/s | LR: 9.93e-05
  [Ref ]: मी वैयक्तिक कर्जासाठी अर्ज करू शकतो का ?...
  [Pred]: ...

Step   5075/30000 | Phase: 4A (Hard Routing) | CTC Loss: 3.3609 | Aux Loss: 8.0757 | CER: 0.982 | Throughput: 148.7 aud-s/s | LR: 9.93e-05
  [Ref ]: सेंद्रिय शेतीसाठी जास्त खर्च होत नाही...
  [Pred]: ...

Step   5100/30000 | Phase: 4A (Hard Routing) | CTC Loss: 3.3601 | Aux Loss: 8.1358 | CER: 0.957 | Throughput: 128.7 aud-s/s | LR: 9.93e-05
  [Ref ]: डिजिटल वित्तीय सेवांले विस्तृत श्रेणीमा कव्हर करस...
  [Pred]: ...

Step   5125/30000 | Phase: 4A (Hard Routing) | CTC Loss: 3.3529 | Aux Loss: 8.1476 | CER: 0.948 | Throughput: 121.5 aud-s/s | LR: 9.93e-05
  [Ref ]: व्हते...
  [Pred]: ?...

Step   5150/30000 | Phase: 4A (Hard Routing) | CTC Loss: 3.3639 | Aux Loss: 8.1148 | CER: 0.908 | Throughput: 126.8 aud-s/s | LR: 9.93e-05
  [Ref ]: पासबुक एंट्री कशी करुची असता ?...
  [Pred]: ााा?...

Step   5175/30000 | Phase: 4A (Hard Routing) | CTC Loss: 3.3629 | Aux Loss: 8.1030 | CER: 0.915 | Throughput: 167.8 aud-s/s | LR: 9.93e-05
  [Ref ]: कर्जाची तारीख कधी येता ह्या कसा तपासतत ?...
  [Pred]: ााा ााा?...

Step   5200/30000 | Phase: 4A (Hard Routing) | CTC Loss: 3.3704 | Aux Loss: 8.1037 | CER: 0.943 | Throughput: 196.0 aud-s/s | LR: 9.93e-05
  [Ref ]: भारतात तंबाखूचे पीक शून्य दशलक्ष ते पाच दशलक्ष हेक्टर क्षेत्रात घेतले ...
  [Pred]: ााााााा ाााााााा...

Step   5225/30000 | Phase: 4A (Hard Routing) | CTC Loss: 3.3555 | Aux Loss: 8.3068 | CER: 0.889 | Throughput: 111.3 aud-s/s | LR: 9.92e-05
  [Ref ]: ऑफलाईन कर्ज कसा फेडूचा ?...
  [Pred]:  ?...

Step   5250/30000 | Phase: 4A (Hard Routing) | CTC Loss: 3.3397 | Aux Loss: 8.0290 | CER: 0.923 | Throughput: 127.0 aud-s/s | LR: 9.92e-05
  [Ref ]: घरगुती कीटकनाशका कशी बनवूची ?...
  [Pred]: ाा    ?...

Step   5275/30000 | Phase: 4A (Hard Routing) | CTC Loss: 3.3408 | Aux Loss: 8.1628 | CER: 0.990 | Throughput: 160.1 aud-s/s | LR: 9.92e-05
  [Ref ]: बोंडअळीसाठी प्रतिबंधात्मक उपाय काय आहेत ?...
  [Pred]: ...

Step   5300/30000 | Phase: 4A (Hard Routing) | CTC Loss: 3.3628 | Aux Loss: 8.1964 | CER: 0.992 | Throughput: 219.2 aud-s/s | LR: 9.92e-05
  [Ref ]: एक व्यवहार खाता , ज्याका चेकिंग खाता , चालू खाता असा सुद्धा म्हणतत...
  [Pred]: ...

Step   5325/30000 | Phase: 4A (Hard Routing) | CTC Loss: 3.3576 | Aux Loss: 8.1473 | CER: 0.898 | Throughput: 118.6 aud-s/s | LR: 9.92e-05
  [Ref ]: डिजिटल वजन कसा करतत ?...
  [Pred]: ााा ?...

Step   5350/30000 | Phase: 4A (Hard Routing) | CTC Loss: 3.3392 | Aux Loss: 8.0256 | CER: 0.948 | Throughput: 149.4 aud-s/s | LR: 9.92e-05
  [Ref ]: भारतात किती प्रकारचा कापूस आढळतो ?...
  [Pred]: ...

Step   5375/30000 | Phase: 4A (Hard Routing) | CTC Loss: 3.3500 | Aux Loss: 8.0698 | CER: 0.879 | Throughput: 129.4 aud-s/s | LR: 9.92e-05
  [Ref ]: दूध वाढावे म्हणून गाईला कोणते खाद्य द्यावे ?...
  [Pred]: ााााा ा...

Step   5400/30000 | Phase: 4A (Hard Routing) | CTC Loss: 3.3497 | Aux Loss: 8.2141 | CER: 0.970 | Throughput: 200.4 aud-s/s | LR: 9.92e-05
  [Ref ]: खात्यात किती पैसा हाय ते मेसेज न मायती पडन का ?...
  [Pred]: ?...

Step   5425/30000 | Phase: 4A (Hard Routing) | CTC Loss: 3.3471 | Aux Loss: 8.1264 | CER: 0.954 | Throughput: 116.6 aud-s/s | LR: 9.91e-05
  [Ref ]: विपणन म्हणजे काय असा ?...
  [Pred]: ...

Step   5450/30000 | Phase: 4A (Hard Routing) | CTC Loss: 3.3333 | Aux Loss: 8.1269 | CER: 0.889 | Throughput: 125.3 aud-s/s | LR: 9.91e-05
  [Ref ]: कविनी जतिनले ईचारं की कर्ज कोठे काढतंस...
  [Pred]: ाा...

Step   5475/30000 | Phase: 4A (Hard Routing) | CTC Loss: 3.3399 | Aux Loss: 8.0516 | CER: 0.948 | Throughput: 123.3 aud-s/s | LR: 9.91e-05
  [Ref ]: पशूंची शेती करूक रवंथ करणाऱ्या ढोरांचो उपयोग करतत...
  [Pred]:  काा काा?...

Step   5500/30000 | Phase: 4A (Hard Routing) | CTC Loss: 3.3413 | Aux Loss: 8.2794 | CER: 0.936 | Throughput: 222.4 aud-s/s | LR: 9.91e-05
  [Ref ]: बँकिंग दलाल हे पद मिळवण्यासाठी बँकिंग दलालची परीक्षा पास करावी लागते...
  [Pred]: ...

Step   5525/30000 | Phase: 4A (Hard Routing) | CTC Loss: 3.3156 | Aux Loss: 8.1119 | CER: 0.815 | Throughput:  95.1 aud-s/s | LR: 9.91e-05
  [Ref ]: शेंगे लाल मातीयेत येतत काय ?...
  [Pred]: ा    ?...

Step   5550/30000 | Phase: 4A (Hard Routing) | CTC Loss: 3.3223 | Aux Loss: 8.2369 | CER: 0.902 | Throughput: 120.4 aud-s/s | LR: 9.91e-05
  [Ref ]: डेबिट कार्डचा वापर भरनं सोप हाय का ?...
  [Pred]: ा ाााा...

Step   5575/30000 | Phase: 4A (Hard Routing) | CTC Loss: 3.3447 | Aux Loss: 8.1196 | CER: 0.874 | Throughput: 141.7 aud-s/s | LR: 9.91e-05
  [Ref ]: प्रधानमंत्री आवास योजना कमी व्याजार तीन लाखातागत कर्ज देता...
  [Pred]: ाा ा ाा ा  का...

Step   5600/30000 | Phase: 4A (Hard Routing) | CTC Loss: 3.3310 | Aux Loss: 8.1060 | CER: 0.911 | Throughput: 195.7 aud-s/s | LR: 9.91e-05
  [Ref ]: रब्बी हंगामात घेतले जाणारे पीक यांत्रिक पद्धतीने कसे करावे ?...
  [Pred]: ...

Step   5625/30000 | Phase: 4A (Hard Routing) | CTC Loss: 3.3034 | Aux Loss: 8.0769 | CER: 0.831 | Throughput: 112.2 aud-s/s | LR: 9.90e-05
  [Ref ]: बाग म्हणजे झाडा किंवा झुडपा लावणा...
  [Pred]: ा कााा   ाा  ?...

Step   5650/30000 | Phase: 4A (Hard Routing) | CTC Loss: 3.3282 | Aux Loss: 8.0481 | CER: 0.971 | Throughput: 129.4 aud-s/s | LR: 9.90e-05
  [Ref ]: तरल जैव इंधन एक महत्त्वाचो स्त्रोत असा...
  [Pred]:  ?...

Step   5675/30000 | Phase: 4A (Hard Routing) | CTC Loss: 3.2936 | Aux Loss: 8.0536 | CER: 0.828 | Throughput: 146.0 aud-s/s | LR: 9.90e-05
  [Ref ]: राष्ट्रीय कृषि विकास योजनेबद्दल जरा विस्ताराने सांगा...
  [Pred]: ...

Step   5700/30000 | Phase: 4A (Hard Routing) | CTC Loss: 3.3289 | Aux Loss: 8.2383 | CER: 0.943 | Throughput: 238.1 aud-s/s | LR: 9.90e-05
  [Ref ]: बिग फोर ऑडिटर प्रोफेशनल सर्व्हिसेस नेटवर्क म्हणून पण ओळखला जाता...
  [Pred]: का ा       ाा?...

Step   5725/30000 | Phase: 4A (Hard Routing) | CTC Loss: 3.2888 | Aux Loss: 8.1380 | CER: 0.752 | Throughput: 119.3 aud-s/s | LR: 9.90e-05
  [Ref ]: खरीप हंगामातले पिकं कोनते ?...
  [Pred]: ा ााा  काे ?...

Step   5750/30000 | Phase: 4A (Hard Routing) | CTC Loss: 3.2724 | Aux Loss: 8.0581 | CER: 0.829 | Throughput:  98.5 aud-s/s | LR: 9.90e-05
  [Ref ]: बँकेचं मिनी स्टेटमेन्ट कसं बघता येईल ?...
  [Pred]: ा ाा ा ा ा ा ा...

Step   5775/30000 | Phase: 4A (Hard Routing) | CTC Loss: 3.2728 | Aux Loss: 8.1372 | CER: 0.845 | Throughput:  55.4 aud-s/s | LR: 9.90e-05
  [Ref ]: तुरीवरच्या अळीसाठी कोनतं कीटकनाशक हाये ?...
  [Pred]: ाााा  ा?...

Step   5800/30000 | Phase: 4A (Hard Routing) | CTC Loss: 3.2786 | Aux Loss: 8.2361 | CER: 0.957 | Throughput: 224.7 aud-s/s | LR: 9.89e-05
  [Ref ]: हिवाळ्यामंदी मक्याले उगवाले उशीर काऊन लागते ?...
  [Pred]: ा?...

Step   5825/30000 | Phase: 4A (Hard Routing) | CTC Loss: 3.2882 | Aux Loss: 8.1884 | CER: 0.793 | Throughput:  90.3 aud-s/s | LR: 9.89e-05
  [Ref ]: यंत्रा कशी वापरूची ?...
  [Pred]: ् का ा स ...

Step   5850/30000 | Phase: 4A (Hard Routing) | CTC Loss: 3.2958 | Aux Loss: 8.0744 | CER: 0.909 | Throughput: 133.9 aud-s/s | LR: 9.89e-05
  [Ref ]: पतसंस्थेत सर्व प्रकारच्या कर्जाची सुविधाही दिली जाते...
  [Pred]: ...

Step   5875/30000 | Phase: 4A (Hard Routing) | CTC Loss: 3.2719 | Aux Loss: 8.1009 | CER: 0.872 | Throughput:  33.0 aud-s/s | LR: 9.89e-05
  [Ref ]: शहरमा गायी म्हशीस्ना गोठा राह्यना ते ताजं दूध इकता येस...
  [Pred]: ाा  ाा?...

Step   5900/30000 | Phase: 4A (Hard Routing) | CTC Loss: 3.2645 | Aux Loss: 8.2120 | CER: 0.945 | Throughput: 128.0 aud-s/s | LR: 9.89e-05
  [Ref ]: मालमत्तेचा विमा विकण्यासाठी विमा सल्लागार दररोज माझ्या मागे येत राहतो...
  [Pred]: ...

Step   5925/30000 | Phase: 4A (Hard Routing) | CTC Loss: 3.2454 | Aux Loss: 8.0953 | CER: 0.910 | Throughput: 111.3 aud-s/s | LR: 9.89e-05
  [Ref ]: एन.ई.एफ.टी म्हणजे काय ?...
  [Pred]: क ...

Step   5950/30000 | Phase: 4A (Hard Routing) | CTC Loss: 3.2370 | Aux Loss: 8.0524 | CER: 0.821 | Throughput: 124.6 aud-s/s | LR: 9.89e-05
  [Ref ]: के.वाय.सी साठी कोणती कागदपत्रे आवश्यक आहेत ?...
  [Pred]: ...

Step   5975/30000 | Phase: 4A (Hard Routing) | CTC Loss: 3.2420 | Aux Loss: 8.2073 | CER: 0.922 | Throughput: 151.9 aud-s/s | LR: 9.88e-05
  [Ref ]: जगभरात शेळीच्या तीनशेहून अधिक प्रजाती आढळतात...
  [Pred]:  साा सेा...

Step   6000/30000 | Phase: 4A (Hard Routing) | CTC Loss: 3.2402 | Aux Loss: 8.1949 | CER: 0.978 | Throughput:  52.3 aud-s/s | LR: 9.88e-05
  [Ref ]: यु.पी.आय पेमेंटच्या ऍपवरुन वीज बिल भरता येते का ?...
  [Pred]: ...

  🌟 New Best Model! cer = 0.9781 (Saved to best_model.pt)
  [Checkpoint] Step 6000 saved to runs\no-splitformer-moe-only\checkpoints\stage2_moe
Step   6025/30000 | Phase: 4A (Hard Routing) | CTC Loss: 3.2294 | Aux Loss: 8.0435 | CER: 0.773 | Throughput: 126.8 aud-s/s | LR: 9.88e-05
  [Ref ]: कर्जाची मर्यादा काय असता ?...
  [Pred]: क कमा  ाा ?...

Step   6050/30000 | Phase: 4A (Hard Routing) | CTC Loss: 3.2543 | Aux Loss: 8.0926 | CER: 0.920 | Throughput: 129.2 aud-s/s | LR: 9.88e-05
  [Ref ]: कोणते पशुखाद्य चांगले आहे ?...
  [Pred]: ...

Step   6075/30000 | Phase: 4A (Hard Routing) | CTC Loss: 3.2207 | Aux Loss: 8.1527 | CER: 0.803 | Throughput: 111.1 aud-s/s | LR: 9.88e-05
  [Ref ]: माझ्या बहिणीला काहिही गिरवी न ठेवता शेतीसाठी कर्ज कसे मिळेल ?...
  [Pred]:   मा  का स क का...

Step   6100/30000 | Phase: 4A (Hard Routing) | CTC Loss: 3.2208 | Aux Loss: 8.1143 | CER: 0.921 | Throughput: 287.5 aud-s/s | LR: 9.88e-05
  [Ref ]: शेवटच्या दहा व्यवहारांच्या मिनी स्टेटमेंट मुळे ग्राहकांना बरीच सुविधा ...
  [Pred]: ेाे ेम म ाका  ?...

Step   6125/30000 | Phase: 4A (Hard Routing) | CTC Loss: 3.2071 | Aux Loss: 8.1705 | CER: 0.853 | Throughput: 118.6 aud-s/s | LR: 9.88e-05
  [Ref ]: यू.पी.आय सेवा कशी काम करता ?...
  [Pred]: ्ााा का?...

Step   6150/30000 | Phase: 4A (Hard Routing) | CTC Loss: 3.2184 | Aux Loss: 8.1669 | CER: 0.951 | Throughput: 169.5 aud-s/s | LR: 9.87e-05
  [Ref ]: मोहनने बँकेत होणारी फसवणूक पकडून दिली...
  [Pred]: ...

Step   6175/30000 | Phase: 4A (Hard Routing) | CTC Loss: 3.1997 | Aux Loss: 8.0978 | CER: 0.838 | Throughput: 203.4 aud-s/s | LR: 9.87e-05
  [Ref ]: गुंतवणूक बँकिंग सेवांद्वारे आपल्याला काय समजते ?...
  [Pred]: ...

Step   6200/30000 | Phase: 4A (Hard Routing) | CTC Loss: 3.2172 | Aux Loss: 8.3712 | CER: 0.925 | Throughput: 146.4 aud-s/s | LR: 9.87e-05
  [Ref ]: आर्थिक सेवेचो लाभ घेवच्यासाठी अर्जाक कसले कागदपत्र लागतत ?...
  [Pred]: ाा का कक ?...

Step   6225/30000 | Phase: 4A (Hard Routing) | CTC Loss: 3.2171 | Aux Loss: 8.0609 | CER: 0.754 | Throughput:  78.9 aud-s/s | LR: 9.87e-05
  [Ref ]: तुका पैशाची बचत करूक हवी...
  [Pred]: ा ्   कस  ?...

Step   6250/30000 | Phase: 4A (Hard Routing) | CTC Loss: 3.1855 | Aux Loss: 8.1006 | CER: 0.726 | Throughput:  57.7 aud-s/s | LR: 9.87e-05
  [Ref ]: सामाजिक क्षेत्रात कोणकोणत्या योजना आहेत ?...
  [Pred]: ...

Step   6275/30000 | Phase: 4A (Hard Routing) | CTC Loss: 3.2160 | Aux Loss: 8.1836 | CER: 0.869 | Throughput: 194.6 aud-s/s | LR: 9.87e-05
  [Ref ]: काका वाटाणे पिकणार आहे लवकर शेंगा तोडणं सुरू करा...
  [Pred]: काकाा मकक समा ा ?...

Step   6300/30000 | Phase: 4A (Hard Routing) | CTC Loss: 3.1731 | Aux Loss: 8.1021 | CER: 0.829 | Throughput: 218.6 aud-s/s | LR: 9.86e-05
  [Ref ]: साठवण केलेल्या फळावर रोग पडतो का ? तसे होत असल्यास रोग पडू नये म्हणून ...
  [Pred]: सक ककस्ासम ा...

Step   6325/30000 | Phase: 4A (Hard Routing) | CTC Loss: 3.2044 | Aux Loss: 8.1269 | CER: 0.811 | Throughput: 162.2 aud-s/s | LR: 9.86e-05
  [Ref ]: शेंगे दुष्काळ भागाक येऊ शकतत काय ?...
  [Pred]: म च क ा ?...

Step   6350/30000 | Phase: 4A (Hard Routing) | CTC Loss: 3.2274 | Aux Loss: 8.1966 | CER: 0.900 | Throughput: 144.0 aud-s/s | LR: 9.86e-05
  [Ref ]: फेरोमेन सापळे म्हंजे काय ?...
  [Pred]:   ाा?...

Step   6375/30000 | Phase: 4A (Hard Routing) | CTC Loss: 3.1725 | Aux Loss: 8.1448 | CER: 0.860 | Throughput: 163.5 aud-s/s | LR: 9.86e-05
  [Ref ]: खता पिकाक बराबर आसत काय ?...
  [Pred]: काकाया ा सकाा?...

Step   6400/30000 | Phase: 4A (Hard Routing) | CTC Loss: 3.1869 | Aux Loss: 8.1680 | CER: 0.837 | Throughput: 216.8 aud-s/s | LR: 9.86e-05
  [Ref ]: देशातील उद्योगांच्या विकासासाठी शेअर बाजार आवश्यक आहे हे तुम्हाला माही...
  [Pred]: सा्क ससा ाकेस स...

Step   6425/30000 | Phase: 4A (Hard Routing) | CTC Loss: 3.1494 | Aux Loss: 8.0802 | CER: 0.745 | Throughput:  99.1 aud-s/s | LR: 9.86e-05
  [Ref ]: उपकरण काय असता ?...
  [Pred]: कमा का?...

Step   6450/30000 | Phase: 4A (Hard Routing) | CTC Loss: 3.1540 | Aux Loss: 8.0524 | CER: 0.787 | Throughput: 129.3 aud-s/s | LR: 9.86e-05
  [Ref ]: मान्सून साधारणतः जून ते सप्टेंबर या काळात सक्रिय असतो...
  [Pred]: काीकाकाा ्े ्क ाा का कक ?...

Step   6475/30000 | Phase: 4A (Hard Routing) | CTC Loss: 3.1367 | Aux Loss: 8.3985 | CER: 0.873 | Throughput: 182.3 aud-s/s | LR: 9.85e-05
  [Ref ]: मध्यम जमीनीत पराटीचं वान निवडतानी कोनचं वान निवडाले पायजे ?...
  [Pred]: ाामके?...

Step   6500/30000 | Phase: 4A (Hard Routing) | CTC Loss: 3.1470 | Aux Loss: 8.0859 | CER: 0.805 | Throughput: 193.0 aud-s/s | LR: 9.85e-05
  [Ref ]: महेशनी त्याना काकाले सार्वभौमत्वना बारामा इचारं...
  [Pred]: सीकाकाकाेये सयावाका् ्ामीसा...

Step   6525/30000 | Phase: 4A (Hard Routing) | CTC Loss: 3.1509 | Aux Loss: 8.0124 | CER: 0.740 | Throughput: 105.3 aud-s/s | LR: 9.85e-05
  [Ref ]: भात कित्क्या दरात विकला जा ?...
  [Pred]: क्े ा ीक ?...

Step   6550/30000 | Phase: 4A (Hard Routing) | CTC Loss: 3.1134 | Aux Loss: 8.2669 | CER: 0.791 | Throughput: 196.5 aud-s/s | LR: 9.85e-05
  [Ref ]: जास्त पावसामुळे आमचे भाताचे पीक उध्वस्त झाले...
  [Pred]: ...

Step   6575/30000 | Phase: 4A (Hard Routing) | CTC Loss: 3.1027 | Aux Loss: 8.1151 | CER: 0.799 | Throughput: 157.4 aud-s/s | LR: 9.85e-05
  [Ref ]: होय , आपण आपले क्रेडिट कार्ड बिल ऑनलाइन देखील भरू शकता...
  [Pred]: ...

Step   6600/30000 | Phase: 4A (Hard Routing) | CTC Loss: 3.1528 | Aux Loss: 8.3535 | CER: 0.956 | Throughput: 232.8 aud-s/s | LR: 9.85e-05
  [Ref ]: फोन पे वर आपला आय.एफ.एस.सी कोड चुकीचा दाखविला आहे...
  [Pred]: ...

Step   6625/30000 | Phase: 4A (Hard Routing) | CTC Loss: 3.1408 | Aux Loss: 8.1089 | CER: 0.806 | Throughput:  79.9 aud-s/s | LR: 9.84e-05
  [Ref ]: ऊसाक खयली माती व्हयी ?...
  [Pred]: कपाकमक ?...

Step   6650/30000 | Phase: 4A (Hard Routing) | CTC Loss: 3.1269 | Aux Loss: 8.0978 | CER: 0.815 | Throughput: 119.5 aud-s/s | LR: 9.84e-05
  [Ref ]: क्रेडिट कार्डची पिन कोड कसो बदलुचा ?...
  [Pred]: क सीक्ी ककसा म ा ?...

Step   6675/30000 | Phase: 4A (Hard Routing) | CTC Loss: 3.1306 | Aux Loss: 8.0779 | CER: 0.846 | Throughput: 200.9 aud-s/s | LR: 9.84e-05
  [Ref ]: गुलाब आणि चमेली ची रोप झुडुपाच्या अंतर्गत येतात...
  [Pred]: ा ाी केेसीेीया क  े क?...

Step   6700/30000 | Phase: 4A (Hard Routing) | CTC Loss: 3.1539 | Aux Loss: 8.1993 | CER: 0.895 | Throughput: 307.9 aud-s/s | LR: 9.84e-05
  [Ref ]: दोडक , दुधी भोपळ्याच्या परिवाराची एक भाजी म्हणून ओळखली जाते...
  [Pred]: मासाीमम...

Step   6725/30000 | Phase: 4A (Hard Routing) | CTC Loss: 3.1204 | Aux Loss: 8.4034 | CER: 0.765 | Throughput: 116.4 aud-s/s | LR: 9.84e-05
  [Ref ]: कर्जाची मर्यादा काय असता ?...
  [Pred]: कककीमा ी का ा ा?...

Step   6750/30000 | Phase: 4A (Hard Routing) | CTC Loss: 3.1476 | Aux Loss: 8.2122 | CER: 0.914 | Throughput:  97.0 aud-s/s | LR: 9.84e-05
  [Ref ]: कृषी बाजारात कोण कोणता माल उपलब्ध आहे ?...
  [Pred]: ा...

Step   6775/30000 | Phase: 4A (Hard Routing) | CTC Loss: 3.1568 | Aux Loss: 8.0528 | CER: 0.870 | Throughput: 171.2 aud-s/s | LR: 9.83e-05
  [Ref ]: कृषी बाजारावर खरेदी करण्यासाठी सर्वात चांगली गोष्ट कोणती आहे ?...
  [Pred]: ...

Step   6800/30000 | Phase: 4A (Hard Routing) | CTC Loss: 3.1546 | Aux Loss: 8.3530 | CER: 0.894 | Throughput:  54.4 aud-s/s | LR: 9.83e-05
  [Ref ]: पीकसह पाण्याच्या परस्पर संवादावर हवामानाचा काय परिणाम होतो ?...
  [Pred]: ...

Step   6825/30000 | Phase: 4A (Hard Routing) | CTC Loss: 3.1155 | Aux Loss: 8.1083 | CER: 0.829 | Throughput: 120.9 aud-s/s | LR: 9.83e-05
  [Ref ]: उपकरण काय असता ?...
  [Pred]: तकाजाा?...

Step   6850/30000 | Phase: 4A (Hard Routing) | CTC Loss: 3.1227 | Aux Loss: 8.0610 | CER: 0.860 | Throughput: 135.6 aud-s/s | LR: 9.83e-05
  [Ref ]: जाळे हे मासेमारीच्या भांडयापैकी एक आहे...
  [Pred]: ्ा वासे प  ा  वे े का?...

Step   6875/30000 | Phase: 4A (Hard Routing) | CTC Loss: 3.1168 | Aux Loss: 8.0581 | CER: 0.783 | Throughput: 182.7 aud-s/s | LR: 9.83e-05
  [Ref ]: फायनान्स मध्ये करियर करणे रोमांचित आणि फायदेशीर आहे...
  [Pred]: कासमान कलासा  माेका कापेे म?...

Step   6900/30000 | Phase: 4A (Hard Routing) | CTC Loss: 3.0723 | Aux Loss: 8.2331 | CER: 0.753 | Throughput: 199.4 aud-s/s | LR: 9.82e-05
  [Ref ]: विविध कीटकांच्या उत्पादनामुळे रेशीम इत्यादी कापड उद्योगांना चालना मिळत...
  [Pred]: ाा ...

Step   6925/30000 | Phase: 4A (Hard Routing) | CTC Loss: 3.0866 | Aux Loss: 8.0707 | CER: 0.749 | Throughput:  30.8 aud-s/s | LR: 9.82e-05
  [Ref ]: तुषार सिंचनाचे तोटे खयले ?...
  [Pred]: कस   र क क ा ा ?...

Step   6950/30000 | Phase: 4A (Hard Routing) | CTC Loss: 3.1329 | Aux Loss: 8.2497 | CER: 0.840 | Throughput: 150.9 aud-s/s | LR: 9.82e-05
  [Ref ]: टोमॅटो व मिरची आंतरपीक म्हणून एकत्रित लावता येऊ शकते का ?...
  [Pred]: प मेसाक्ी माे कातेा के?...

Step   6975/30000 | Phase: 4A (Hard Routing) | CTC Loss: 3.0984 | Aux Loss: 8.0390 | CER: 0.821 | Throughput: 162.8 aud-s/s | LR: 9.82e-05
  [Ref ]: शेतमालाच्या भावाविषयी मला माहिती कोठे मिळेल ?...
  [Pred]: से पया स म मीसे ी मान ककाम...

Step   7000/30000 | Phase: 4A (Hard Routing) | CTC Loss: 3.0797 | Aux Loss: 8.2885 | CER: 0.879 | Throughput: 105.4 aud-s/s | LR: 9.82e-05
  [Ref ]: विम्याचे हफ्ते मधेच थांबवले तर काय होते ?...
  [Pred]: ...

  🌟 New Best Model! cer = 0.8788 (Saved to best_model.pt)
  [Checkpoint] Step 7000 saved to runs\no-splitformer-moe-only\checkpoints\stage2_moe
Step   7025/30000 | Phase: 4A (Hard Routing) | CTC Loss: 3.0647 | Aux Loss: 8.2127 | CER: 0.879 | Throughput: 112.9 aud-s/s | LR: 9.82e-05
  [Ref ]: रोटावेटर कोनच्या कंपनीचं घ्यावं ?...
  [Pred]: पाला?...

Step   7050/30000 | Phase: 4A (Hard Routing) | CTC Loss: 3.0641 | Aux Loss: 8.2408 | CER: 0.751 | Throughput: 189.6 aud-s/s | LR: 9.81e-05
  [Ref ]: ऑनलाइन खाता उघडताना खयला ता संकेतस्थळ वापरूचा ?...
  [Pred]: क्का काकल कासाक च ा पसा ?...

Step   7075/30000 | Phase: 4A (Hard Routing) | CTC Loss: 3.1206 | Aux Loss: 8.0574 | CER: 0.829 | Throughput: 160.6 aud-s/s | LR: 9.81e-05
  [Ref ]: मसूर दाळीच्या पिकाच्या लागवडीसाठी जमीन तणमुक्त असावी लागते...
  [Pred]: स म कासकाताकतीकस की पकसव  ?...

Step   7100/30000 | Phase: 4A (Hard Routing) | CTC Loss: 3.0646 | Aux Loss: 8.1603 | CER: 0.874 | Throughput: 177.9 aud-s/s | LR: 9.81e-05
  [Ref ]: पैसे पाठवासाठी आर.टी.जी.एस करन हेच सोप रायते का ?...
  [Pred]: चकाे ् ाातीकवच?...

Step   7125/30000 | Phase: 4A (Hard Routing) | CTC Loss: 3.0632 | Aux Loss: 8.4466 | CER: 0.700 | Throughput: 113.5 aud-s/s | LR: 9.81e-05
  [Ref ]: भाताची साठवूनक कशी करतत ?...
  [Pred]: का्ाजी का य च त   ?...

Step   7150/30000 | Phase: 4A (Hard Routing) | CTC Loss: 3.1092 | Aux Loss: 8.0931 | CER: 0.864 | Throughput: 141.0 aud-s/s | LR: 9.81e-05
  [Ref ]: आपण आपले पैसे एकदा शॉर्ट टर्म डिपॉझिट खात्यात गुंतवा...
  [Pred]: ...

Step   7175/30000 | Phase: 4A (Hard Routing) | CTC Loss: 3.0614 | Aux Loss: 8.3506 | CER: 0.904 | Throughput:  42.2 aud-s/s | LR: 9.80e-05
  [Ref ]: आपण मला माझ्या चेकची स्थिती सांगाल का ?...
  [Pred]: ...

Step   7200/30000 | Phase: 4A (Hard Routing) | CTC Loss: 3.0794 | Aux Loss: 8.1953 | CER: 0.891 | Throughput: 210.4 aud-s/s | LR: 9.80e-05
  [Ref ]: कापणीनंतर भाजीपाला स्वच्छ ठिकाणी न ठेवल्यास त्यावर जीवाणूवाढतात...
  [Pred]: ा...

Step   7225/30000 | Phase: 4A (Hard Routing) | CTC Loss: 3.0872 | Aux Loss: 8.0401 | CER: 0.791 | Throughput: 103.1 aud-s/s | LR: 9.80e-05
  [Ref ]: वजन म्हणजे काय असता ?...
  [Pred]: क सोकय ?...

Step   7250/30000 | Phase: 4A (Hard Routing) | CTC Loss: 3.0743 | Aux Loss: 8.2149 | CER: 0.891 | Throughput: 156.3 aud-s/s | LR: 9.80e-05
  [Ref ]: ट्रॅक्टर घ्यायले सरकारच्या योजनेतून किती सबसिडी भेटन ?...
  [Pred]:  ा साकद?...

Step   7275/30000 | Phase: 4A (Hard Routing) | CTC Loss: 3.1094 | Aux Loss: 8.1760 | CER: 0.838 | Throughput: 197.9 aud-s/s | LR: 9.80e-05
  [Ref ]: कांद्याले पानी द्याले पाच एच.पी ची मोटार मोटी व्हईन का ?...
  [Pred]: क्े काल मा कासचे म मत न ?...

Step   7300/30000 | Phase: 4A (Hard Routing) | CTC Loss: 3.0830 | Aux Loss: 8.1492 | CER: 0.775 | Throughput:  63.7 aud-s/s | LR: 9.80e-05
  [Ref ]: कॉर्पोरेशनचो राखून ठेवलेला कमाई ह्या कॉर्पोरेशनचो संचित निव्वळ उत्पन्न...
  [Pred]: बजचाकर ला कामा्ा कारकचच ्ोचीीलकलता...

Step   7325/30000 | Phase: 4A (Hard Routing) | CTC Loss: 3.1085 | Aux Loss: 8.2877 | CER: 0.686 | Throughput: 102.1 aud-s/s | LR: 9.79e-05
  [Ref ]: हवामान बदल म्हणजे काय आसा ?...
  [Pred]: ामाली कय जी ा स?...

Step   7350/30000 | Phase: 4A (Hard Routing) | CTC Loss: 3.0756 | Aux Loss: 8.0395 | CER: 0.803 | Throughput: 121.3 aud-s/s | LR: 9.79e-05
  [Ref ]: सालोट मिरची गावात खूप आवडता...
  [Pred]: सानीका ा की का ?...

Step   7375/30000 | Phase: 4A (Hard Routing) | CTC Loss: 3.0595 | Aux Loss: 8.0999 | CER: 0.830 | Throughput: 201.3 aud-s/s | LR: 9.79e-05
  [Ref ]: उस लावतानी मध्यम जमिनीत कोनचा ऊस ठीक राहीन ?...
  [Pred]: काक त ककतक?...

Step   7400/30000 | Phase: 4A (Hard Routing) | CTC Loss: 3.0893 | Aux Loss: 8.1828 | CER: 0.877 | Throughput: 261.2 aud-s/s | LR: 9.79e-05
  [Ref ]: आर्थिक साधनाचे मूल्यांकन करण्यासाठी संदर्भ दर वापरला जातो...
  [Pred]: सकातीसा माच ाकसासाकतीसक म?...

Step   7425/30000 | Phase: 4A (Hard Routing) | CTC Loss: 3.0505 | Aux Loss: 8.3405 | CER: 0.673 | Throughput: 133.6 aud-s/s | LR: 9.79e-05
  [Ref ]: विमा म्हटल्या काय ?...
  [Pred]: ा वीे ात?...

Step   7450/30000 | Phase: 4A (Hard Routing) | CTC Loss: 3.1244 | Aux Loss: 8.0794 | CER: 0.747 | Throughput:  42.8 aud-s/s | LR: 9.78e-05
  [Ref ]: बाजार भावात रोज चढउतार व्हता काय ?...
  [Pred]:  वामा के काक क ?...

Step   7475/30000 | Phase: 4A (Hard Routing) | CTC Loss: 3.0511 | Aux Loss: 8.1384 | CER: 0.777 | Throughput: 176.4 aud-s/s | LR: 9.78e-05
  [Ref ]: सुरेंद्रने क्रेडिटचा सल्ला घेऊन आपले कर्ज फेडले...
  [Pred]: ककलेतन कतमाजक के सलेन?...

Step   7500/30000 | Phase: 4A (Hard Routing) | CTC Loss: 3.0437 | Aux Loss: 8.1652 | CER: 0.870 | Throughput: 200.1 aud-s/s | LR: 9.78e-05
  [Ref ]: हिवाळ्यामंदी कडक थंडीत पिकाचे संरक्षण कसे करा लागन ?...
  [Pred]: पय मनी  कगे कतसस कासा ताे त?...

Step   7525/30000 | Phase: 4B (Dynamic MoE) | CTC Loss: 2.9240 | Aux Loss: 8.2333 | CER: 0.670 | Throughput:  89.5 aud-s/s | LR: 9.78e-05
  [Ref ]: पीक रोटेशन कसा करूचा ?...
  [Pred]: पि मा का जा व चा ?...

Step   7550/30000 | Phase: 4B (Dynamic MoE) | CTC Loss: 2.9558 | Aux Loss: 8.2142 | CER: 0.724 | Throughput:  61.1 aud-s/s | LR: 9.78e-05
  [Ref ]: रिचार्ज केला की ऑफर्स भेटात मा ?...
  [Pred]: चा  ााकसक  ?...

Step   7575/30000 | Phase: 4B (Dynamic MoE) | CTC Loss: 2.9810 | Aux Loss: 8.0720 | CER: 0.889 | Throughput: 187.4 aud-s/s | LR: 9.77e-05
  [Ref ]: हया आम्याच्या जातीनिसून कसली जात बरी आनी कशी लाऊची ?...
  [Pred]: वक...

Step   7600/30000 | Phase: 4B (Dynamic MoE) | CTC Loss: 2.9379 | Aux Loss: 8.2041 | CER: 0.741 | Throughput: 230.5 aud-s/s | LR: 9.77e-05
  [Ref ]: सिंचनाचा दर्जा वाढवण्यासाठी आपण आणि मी सर्व शेतकऱ्यांशी बोलू शकतो...
  [Pred]: कजमाााानस आाकआाच तकाचीमचक?...

Step   7625/30000 | Phase: 4B (Dynamic MoE) | CTC Loss: 2.9507 | Aux Loss: 8.1697 | CER: 0.689 | Throughput:  71.8 aud-s/s | LR: 9.77e-05
  [Ref ]: मुदत ठेवीचो प्रकार काय असा ?...
  [Pred]: रसे ाकयीयात आास?...

Step   7650/30000 | Phase: 4B (Dynamic MoE) | CTC Loss: 2.9285 | Aux Loss: 8.6712 | CER: 0.732 | Throughput: 132.8 aud-s/s | LR: 9.77e-05
  [Ref ]: मले मोबाईल रिचार्ज कराचा हाय , होईनं का ?...
  [Pred]: म मसा जकााचा मामा?...

Step   7675/30000 | Phase: 4B (Dynamic MoE) | CTC Loss: 2.9035 | Aux Loss: 8.8183 | CER: 0.763 | Throughput: 164.8 aud-s/s | LR: 9.77e-05
  [Ref ]: आपण आपला पंजीकृत शेयर दुसरासले ईकू शकतस का ?...
  [Pred]: कके काके वसय मस े क मसकतेा?...

Step   7700/30000 | Phase: 4B (Dynamic MoE) | CTC Loss: 2.8300 | Aux Loss: 8.5271 | CER: 0.831 | Throughput: 235.2 aud-s/s | LR: 9.76e-05
  [Ref ]: शहरी शेती आर्थिक आणि सामाजिक विकासाच्या विविध स्तरांचे प्रतिबिंबित करू...
  [Pred]: ससीासकनमकतमेकेका ीममकत?...

Step   7725/30000 | Phase: 4B (Dynamic MoE) | CTC Loss: 2.8992 | Aux Loss: 8.5661 | CER: 0.718 | Throughput: 112.8 aud-s/s | LR: 9.76e-05
  [Ref ]: गुरा उत्तम पाळीव गोवंश असत...
  [Pred]: ववका काली ेस ?...

Step   7750/30000 | Phase: 4B (Dynamic MoE) | CTC Loss: 2.9009 | Aux Loss: 8.5062 | CER: 0.770 | Throughput:  95.8 aud-s/s | LR: 9.76e-05
  [Ref ]: टोमॅटोचे पीक कोणत्या हंगामात घेतात ?...
  [Pred]: म चीक ीकास?...

Step   7775/30000 | Phase: 4B (Dynamic MoE) | CTC Loss: 2.9038 | Aux Loss: 8.2059 | CER: 0.746 | Throughput: 127.0 aud-s/s | LR: 9.76e-05
  [Ref ]: घास लागवडीसाठी प्रति एकर किती युरिया लागेल ?...
  [Pred]: क ?...

Step   7800/30000 | Phase: 4B (Dynamic MoE) | CTC Loss: 2.9145 | Aux Loss: 8.4811 | CER: 0.820 | Throughput: 236.1 aud-s/s | LR: 9.76e-05
  [Ref ]: दरपत्रक आयात निर्यातीवर लावला जाणारा टॅक्स म्हणजे कर आहे...
  [Pred]: मस कानस कमामामआवकाक?...

Step   7825/30000 | Phase: 4B (Dynamic MoE) | CTC Loss: 2.9048 | Aux Loss: 8.2362 | CER: 0.746 | Throughput: 138.8 aud-s/s | LR: 9.75e-05
  [Ref ]: गहूची साठवण कशी करावी ?...
  [Pred]:  मचस का?...

Step   7850/30000 | Phase: 4B (Dynamic MoE) | CTC Loss: 2.9334 | Aux Loss: 8.4976 | CER: 0.735 | Throughput: 131.2 aud-s/s | LR: 9.75e-05
  [Ref ]: कर्जाचो विविध प्रकार असु शकतत काय ?...
  [Pred]:  मारकासमेे कका ास कक?...

Step   7875/30000 | Phase: 4B (Dynamic MoE) | CTC Loss: 2.9410 | Aux Loss: 9.5512 | CER: 0.794 | Throughput: 143.4 aud-s/s | LR: 9.75e-05
  [Ref ]: रोहित फळात होणार्या सामान्य आजारांविषयी संशोधन करीत आहे...
  [Pred]: सकामस  ...

Step   7900/30000 | Phase: 4B (Dynamic MoE) | CTC Loss: 2.9061 | Aux Loss: 10.0800 | CER: 0.747 | Throughput:  78.7 aud-s/s | LR: 9.75e-05
  [Ref ]: आर.बी.आय चे नियम लक्षात घेऊन कंपन्या त्यांचे काम करतात...
  [Pred]: काीकाच ना  कााा का ता?...


--- Launching stage2_moe at 2026-09-24 08:38:06 ---

[stage2_moe: 3-Dialect MoE] Initializing on device: cuda (NVIDIA RTX A5000)
[Tokenizer] Loaded vocabulary with 105 tokens

[Upcycling] Loading Pre-trained checkpoint: runs\no-splitformer-moe-only\checkpoints\stage1_pretrain\best_model.pt
[Upcycling] Converting Conformer blocks [4, 5, 6, 7, 8, 9, 10, 11] to 3-Dialect MoE...
[Upcycling] Successfully upcycled 8 Conformer blocks to 3-Dialect MoE!
[Stage 4] Setting up differential LR — backbone (Layers 1-4) at 1/10 LR, MoE + CTC at full LR...
[Parameters] Trainable: 32,838,529 / 32,838,529 (100.0%)
  Backbone (1/10 LR): 7,995,392 params
  MoE + CTC (full LR): 24,843,137 params
[Dataset] Loading cached speaker split from: moe\respin_split_cache.json

--- Launching stage2_moe at 2026-09-24 16:07:10 ---

[stage2_moe: 3-Dialect MoE] Initializing on device: cuda (NVIDIA RTX A5000)
[Tokenizer] Loaded vocabulary with 105 tokens

[Upcycling] Loading Pre-trained checkpoint: runs\no-splitformer-moe-only\checkpoints\stage1_pretrain\best_model.pt
[Upcycling] Converting Conformer blocks [4, 5, 6, 7, 8, 9, 10, 11] to 3-Dialect MoE...
[Upcycling] Successfully upcycled 8 Conformer blocks to 3-Dialect MoE!
[Stage 4] Setting up differential LR — backbone (Layers 1-4) at 1/10 LR, MoE + CTC at full LR...
[Parameters] Trainable: 32,838,529 / 32,838,529 (100.0%)
  Backbone (1/10 LR): 7,995,392 params
  MoE + CTC (full LR): 24,843,137 params
[Dataset] Loading cached speaker split from: moe\respin_split_cache.json
[stage2_moe] Telemetry initialized.
  - Checkpoints: D:\marathi-asr\runs\no-splitformer-moe-only\checkpoints\stage2_moe
  - CSV Logging: D:\marathi-asr\runs\no-splitformer-moe-only\csvs\stage2_moe_metrics.csv
  - JSONL Trace: D:\marathi-asr\runs\no-splitformer-moe-only\logs\stage2_moe_telemetry.jsonl

[stage2_moe] Starting 3-Dialect MoE Training (Target Steps: 30000, Batch Size: 64)
  Phase 0  (CTC Warmup — no MoE routing): Steps 1 to 3000
  Phase 4A (Metadata-Guided Hard Routing): Steps 3001 to 10500
  Phase 4B (Dynamic Soft/Top-1 Routing): Steps 10501 to 30000
  Saving semantically to: 'D:\marathi-asr\runs\no-splitformer-moe-only\checkpoints\stage2_moe'

Step      1/30000 | Phase: 0 (CTC Warmup) | CTC Loss: 10.1787 | Aux Loss: 0.0000 | CER: 1.484 | Throughput:  19.7 aud-s/s | LR: 0.00e+00
  [Ref ]: ई कॉमर्सचा कार्य काय असा ?...
  [Pred]: ि३।ै२ैज्ञिैिटॅैँॣ२ँै।ैॅै५२ि।ि३ृ३क३कषक३ि३क३क...

D:\marathi-asr\.venv\Lib\site-packages\torch\optim\lr_scheduler.py:227: UserWarning: Detected call of `lr_scheduler.step()` before `optimizer.step()`. In PyTorch 1.1.0 and later, you should call them in the opposite order: `optimizer.step()` before `lr_scheduler.step()`.  Failure to do this will result in PyTorch skipping the first value of the learning rate schedule. See more details at https://pytorch.org/docs/stable/optim.html#how-to-adjust-learning-rate
  warnings.warn(
Step     25/30000 | Phase: 0 (CTC Warmup) | CTC Loss: 11.4000 | Aux Loss: 0.0000 | CER: 1.261 | Throughput:  49.9 aud-s/s | LR: 1.20e-07
  [Ref ]: ई कॉमर्स व्यवसाय म्हणजे काय असा ?...
  [Pred]: .ॅ३ॅँॉ १ ैँ८ ० ॉँध 5धैक्षै ै३...

Step     50/30000 | Phase: 0 (CTC Warmup) | CTC Loss: 12.3147 | Aux Loss: 0.0000 | CER: 1.541 | Throughput:  70.6 aud-s/s | LR: 2.50e-07
  [Ref ]: अपघात विम्याचा सर्वात सामान्य प्रकार म्हणजे वाहन विमा...
  [Pred]: ३ैूै३ँ5ीै73षैक्ष8ॅैबैक्ष7ैख5ै73ैडूल7ैब8३ैँख7ख.खीख.ी.ख375ै ख३ैक्षै३ृ३ृ३...

Step     75/30000 | Phase: 0 (CTC Warmup) | CTC Loss: 11.9186 | Aux Loss: 0.0000 | CER: 2.144 | Throughput:  91.3 aud-s/s | LR: 3.70e-07
  [Ref ]: फी तपासून बघा , अर्ज सादर करुच्या आधी आपला कर्ज रेकॉर्ड तपासा...
  [Pred]: ूृगृगवग3ग।ग3ग5िव3षग।ग9गधाधगॣट३ागू3धगषग।गधूध9धवषगदथगवग3वग3टगधग3ग3ट3ग३ूृ...

Step    100/30000 | Phase: 0 (CTC Warmup) | CTC Loss: 13.1239 | Aux Loss: 0.0000 | CER: 4.549 | Throughput:  80.1 aud-s/s | LR: 5.00e-07
  [Ref ]: मले पंतप्रधान योजनेसाठी अर्ज कसा कसा करता येईन ?...
  [Pred]: 26ैॣैक्ाै2ै५ैक्षै2ैभै6ूंै५ै५ै8ैक्ष6ै2ै५ै6262कैॣ2ै2कै५262ै५क्षैक्षैभ626...

Step    125/30000 | Phase: 0 (CTC Warmup) | CTC Loss: 11.4220 | Aux Loss: 0.0000 | CER: 1.491 | Throughput:  32.5 aud-s/s | LR: 6.20e-07
  [Ref ]: बिल पे कसा करुचा ?...
  [Pred]: ँटैज्ञै5ज्ञ5ट5ै5ै5ैँ5ै ऐ5५5क्षँ ँ1५1ॢ1च1५1...

Step    150/30000 | Phase: 0 (CTC Warmup) | CTC Loss: 11.2404 | Aux Loss: 0.0000 | CER: 1.124 | Throughput:  35.4 aud-s/s | LR: 7.50e-07
  [Ref ]: मले बँक खात्याची मायती डाऊनलोड करासाठी बँकेत जा लागन का ?...
  [Pred]: 8एस7  ल7लॠस 77सए7ड7 7ल ल7 7 77ं7ंएसलस8स़सए8सऽसङृसॣसऽलसऽसएस...

Step    175/30000 | Phase: 0 (CTC Warmup) | CTC Loss: 10.3035 | Aux Loss: 0.0000 | CER: 1.401 | Throughput:  39.4 aud-s/s | LR: 8.70e-07
  [Ref ]: बँकिंग एजंट ह्यो मोबाईल बँकिंगचो कणो असा...
  [Pred]: ि िधि ि ि।ँि ि ि िख।ि।िधिटिईि।ि ढ 5 ि ोिगृ ।। ६ ि  ृि ढ ृ ृलृ ृूृ ...

Step    200/30000 | Phase: 0 (CTC Warmup) | CTC Loss: 10.9186 | Aux Loss: 0.0000 | CER: 1.096 | Throughput: 113.7 aud-s/s | LR: 1.00e-06
  [Ref ]: मी माझ्या बहिणीला दुसऱ्या शहरात आर.टी.जी.एस किंवा एन.इ.एफ.टी द्वारे दे...
  [Pred]: ॠििॠिसिॠ8...

Step    225/30000 | Phase: 0 (CTC Warmup) | CTC Loss: 8.4891 | Aux Loss: 0.0000 | CER: 1.000 | Throughput:  48.3 aud-s/s | LR: 1.12e-06
  [Ref ]: विमा कसो भरूचो ?...
  [Pred]: ग...

Step    250/30000 | Phase: 0 (CTC Warmup) | CTC Loss: 7.0387 | Aux Loss: 0.0000 | CER: 0.992 | Throughput:  69.7 aud-s/s | LR: 1.25e-06
  [Ref ]: क्रेडिट कार्ड घ्यासाठी मले खात्यात किती पैसे ठेवा लागन ?...
  [Pred]: ...

Step    275/30000 | Phase: 0 (CTC Warmup) | CTC Loss: 5.9294 | Aux Loss: 0.0000 | CER: 1.000 | Throughput: 271.4 aud-s/s | LR: 1.37e-06
  [Ref ]: चालू खाता आणि बचत खाता दोघवले पण बचत खात्यातच येतत...
  [Pred]: ...

Step    300/30000 | Phase: 0 (CTC Warmup) | CTC Loss: 4.7859 | Aux Loss: 0.0000 | CER: 1.000 | Throughput: 114.4 aud-s/s | LR: 1.50e-06
  [Ref ]: ज्यो गोष्टी ईकले जातत त्येंका माल म्हणतत , ह्या तर तुका माहीतच आसा...
  [Pred]: ...

Step    325/30000 | Phase: 0 (CTC Warmup) | CTC Loss: 4.8521 | Aux Loss: 0.0000 | CER: 1.000 | Throughput: 189.5 aud-s/s | LR: 1.62e-06
  [Ref ]: पावसात खयली पीका चांगली येतली ?...
  [Pred]: ...

Step    350/30000 | Phase: 0 (CTC Warmup) | CTC Loss: 4.1911 | Aux Loss: 0.0000 | CER: 1.000 | Throughput:  77.2 aud-s/s | LR: 1.75e-06
  [Ref ]: पपईची लागवड करायची रायल्यास कोनची जमीन निवडा लागन ?...
  [Pred]: ...

Step    375/30000 | Phase: 0 (CTC Warmup) | CTC Loss: 3.9845 | Aux Loss: 0.0000 | CER: 1.000 | Throughput: 114.0 aud-s/s | LR: 1.87e-06
  [Ref ]: ठिबक सिंचनामुळे झाडाची व रोपांची चांगली वाढ होऊ शकते का ?...
  [Pred]: ...

Step    400/30000 | Phase: 0 (CTC Warmup) | CTC Loss: 3.8685 | Aux Loss: 0.0000 | CER: 1.000 | Throughput: 123.4 aud-s/s | LR: 2.00e-06
  [Ref ]: भारतीत कर कायदो आणि नियमांचा भंग झालो तर कायदेशीर कार्यवाही होता...
  [Pred]: ...

Step    425/30000 | Phase: 0 (CTC Warmup) | CTC Loss: 3.7822 | Aux Loss: 0.0000 | CER: 1.000 | Throughput: 239.0 aud-s/s | LR: 2.12e-06
  [Ref ]: बचत खाता म्हटल्या काय ?...
  [Pred]: ...

Step    450/30000 | Phase: 0 (CTC Warmup) | CTC Loss: 3.7443 | Aux Loss: 0.0000 | CER: 1.000 | Throughput:  72.1 aud-s/s | LR: 2.25e-06
  [Ref ]: कांद्यांच्या पिकावर फवारणीसाठी काय करावे कृपया सुचवावे...
  [Pred]: ...

Step    475/30000 | Phase: 0 (CTC Warmup) | CTC Loss: 3.6930 | Aux Loss: 0.0000 | CER: 1.000 | Throughput: 104.2 aud-s/s | LR: 2.37e-06
  [Ref ]: जगभरात विविध प्रकारचे द्राक्षे उपस्थित आहेत...
  [Pred]: ...

Step    500/30000 | Phase: 0 (CTC Warmup) | CTC Loss: 3.6650 | Aux Loss: 0.0000 | CER: 1.000 | Throughput:  96.3 aud-s/s | LR: 2.50e-06
  [Ref ]: मले वावराच्या कामासाठी कृषी कर्ज पायजे असनं त काय कराव लागन ?...
  [Pred]: ...

Step    525/30000 | Phase: 0 (CTC Warmup) | CTC Loss: 3.7918 | Aux Loss: 0.0000 | CER: 1.000 | Throughput: 214.6 aud-s/s | LR: 2.62e-06
  [Ref ]: कर्ज फेडूक नाय तर ?...
  [Pred]: ...

Step    550/30000 | Phase: 0 (CTC Warmup) | CTC Loss: 3.6400 | Aux Loss: 0.0000 | CER: 1.000 | Throughput:  29.4 aud-s/s | LR: 2.75e-06
  [Ref ]: आता खेचर पशुधन पाळणेही शक्य झाले आहे...
  [Pred]: ...

Step    575/30000 | Phase: 0 (CTC Warmup) | CTC Loss: 3.6255 | Aux Loss: 0.0000 | CER: 1.000 | Throughput: 114.0 aud-s/s | LR: 2.87e-06
  [Ref ]: गोदामात तांदूळ किती दिवस साठवून ठेवू शकतो ?...
  [Pred]: ...

Step    600/30000 | Phase: 0 (CTC Warmup) | CTC Loss: 3.6035 | Aux Loss: 0.0000 | CER: 1.000 | Throughput:  78.9 aud-s/s | LR: 3.00e-06
  [Ref ]: मले माया फोनवरून बिम्याचा मइन्याचा हप्ता भरता येते का ?...
  [Pred]: ...

Step    625/30000 | Phase: 0 (CTC Warmup) | CTC Loss: 3.5641 | Aux Loss: 0.0000 | CER: 1.000 | Throughput:  64.8 aud-s/s | LR: 3.12e-06
  [Ref ]: डेबिट कार्ड म्हणजे काय ?...
  [Pred]: ...

Step    650/30000 | Phase: 0 (CTC Warmup) | CTC Loss: 3.5661 | Aux Loss: 0.0000 | CER: 1.000 | Throughput: 105.1 aud-s/s | LR: 3.25e-06
  [Ref ]: मी नवीन डेबिट कार्डसाठी निवेदन दिले आहे...
  [Pred]: ...

Step    675/30000 | Phase: 0 (CTC Warmup) | CTC Loss: 3.5482 | Aux Loss: 0.0000 | CER: 1.000 | Throughput:  80.2 aud-s/s | LR: 3.37e-06
  [Ref ]: एस.बी.आय मध्ये खाजगी खाते उघडण्यासाठी काही वेळ लागतो का ?...
  [Pred]: ...

Step    700/30000 | Phase: 0 (CTC Warmup) | CTC Loss: 3.5485 | Aux Loss: 0.0000 | CER: 1.000 | Throughput:  76.9 aud-s/s | LR: 3.50e-06
  [Ref ]: मले माह्या मोबाईलवरून दुसऱ्या बँक खात्यात यू.पी.आय न पैसे पाठोता येईन ...
  [Pred]: ...

Step    725/30000 | Phase: 0 (CTC Warmup) | CTC Loss: 3.5178 | Aux Loss: 0.0000 | CER: 1.000 | Throughput: 146.5 aud-s/s | LR: 3.62e-06
  [Ref ]: तंत्र म्हणजे काय असा ?...
  [Pred]: ...

Step    750/30000 | Phase: 0 (CTC Warmup) | CTC Loss: 3.5216 | Aux Loss: 0.0000 | CER: 1.000 | Throughput:  40.9 aud-s/s | LR: 3.75e-06
  [Ref ]: गुंतवणुकीच्या कामगिरीवरून आपल्याला काय समजते ?...
  [Pred]: ...

Step    775/30000 | Phase: 0 (CTC Warmup) | CTC Loss: 3.4945 | Aux Loss: 0.0000 | CER: 1.000 | Throughput:  96.0 aud-s/s | LR: 3.87e-06
  [Ref ]: मोबाइल बँकिंग मार्फत आपण पैसे हस्तांतरण करू शकतो का ?...
  [Pred]: ...

Step    800/30000 | Phase: 0 (CTC Warmup) | CTC Loss: 3.5061 | Aux Loss: 0.0000 | CER: 1.000 | Throughput:  96.5 aud-s/s | LR: 4.00e-06
  [Ref ]: बॅकले धोका दिसन लुबाडनारा कर्मचारी लवकरच सापडी जास...
  [Pred]: ...

Step    825/30000 | Phase: 0 (CTC Warmup) | CTC Loss: 3.4763 | Aux Loss: 0.0000 | CER: 1.000 | Throughput: 548.8 aud-s/s | LR: 4.12e-06
  [Ref ]: भात कित्क्या दरात विकला जा ?...
  [Pred]: ...

Step    850/30000 | Phase: 0 (CTC Warmup) | CTC Loss: 3.4639 | Aux Loss: 0.0000 | CER: 1.000 | Throughput:  81.1 aud-s/s | LR: 4.25e-06
  [Ref ]: व्याज घ्यासाठी मले कोंते कागद लागन ?...
  [Pred]: ...

Step    875/30000 | Phase: 0 (CTC Warmup) | CTC Loss: 3.4334 | Aux Loss: 0.0000 | CER: 1.000 | Throughput:  63.6 aud-s/s | LR: 4.37e-06
  [Ref ]: तुम्ही मला होम लोनची माहिती देऊ शकता का ?...
  [Pred]: ...

Step    900/30000 | Phase: 0 (CTC Warmup) | CTC Loss: 3.4219 | Aux Loss: 0.0000 | CER: 1.000 | Throughput:  98.6 aud-s/s | LR: 4.50e-06
  [Ref ]: रीपर बाइंडर त्याच्या वापरासाठी गुरेढोरे किंवा मशीनशी जोडलेले असते...
  [Pred]: ...

Step    925/30000 | Phase: 0 (CTC Warmup) | CTC Loss: 3.4102 | Aux Loss: 0.0000 | CER: 0.969 | Throughput:  38.1 aud-s/s | LR: 4.62e-06
  [Ref ]: सूक्ष्म वित्त म्हणजे काय ?...
  [Pred]: ?...

Step    950/30000 | Phase: 0 (CTC Warmup) | CTC Loss: 3.3895 | Aux Loss: 0.0000 | CER: 0.982 | Throughput:  80.1 aud-s/s | LR: 4.75e-06
  [Ref ]: पांढऱ्या मातीत आंब्याची लागवड करता येईल का ?...
  [Pred]: ?...

Step    975/30000 | Phase: 0 (CTC Warmup) | CTC Loss: 3.3918 | Aux Loss: 0.0000 | CER: 0.992 | Throughput:  96.6 aud-s/s | LR: 4.87e-06
  [Ref ]: कास्तकाराइच्या कोल्ड स्टोरेजची सोय कुटी होते ?...
  [Pred]: ?...

Step   1000/30000 | Phase: 0 (CTC Warmup) | CTC Loss: 3.3776 | Aux Loss: 0.0000 | CER: 0.993 | Throughput: 134.0 aud-s/s | LR: 5.00e-06
  [Ref ]: सामाजिक योजनेसाठी मी केलेल्या अर्जाची स्थिती जाणून घेण्यासाठी काय कराव...
  [Pred]: ?...

  🌟 New Best Model! cer = 0.9934 (Saved to best_model.pt)
  [Checkpoint] Step 1000 saved to runs\no-splitformer-moe-only\checkpoints\stage2_moe
Step   1025/30000 | Phase: 0 (CTC Warmup) | CTC Loss: 3.3690 | Aux Loss: 0.0000 | CER: 0.955 | Throughput: 723.0 aud-s/s | LR: 5.12e-06
  [Ref ]: बँकेत बिल कसा भरुचा ?...
  [Pred]: ?...

Step   1050/30000 | Phase: 0 (CTC Warmup) | CTC Loss: 3.3508 | Aux Loss: 0.0000 | CER: 0.964 | Throughput:  34.7 aud-s/s | LR: 5.25e-06
  [Ref ]: वार्षिकीचो उपयोग करान अनुजने मोटरसायकल घेतल्यान...
  [Pred]:  ?...

Step   1075/30000 | Phase: 0 (CTC Warmup) | CTC Loss: 3.3598 | Aux Loss: 0.0000 | CER: 0.980 | Throughput:  60.6 aud-s/s | LR: 5.37e-06
  [Ref ]: यू.पी.आय न वापरता क्यू.आर कोडने व्यवहार करता येतो का ?...
  [Pred]: ?...

Step   1100/30000 | Phase: 0 (CTC Warmup) | CTC Loss: 3.3488 | Aux Loss: 0.0000 | CER: 0.989 | Throughput: 133.9 aud-s/s | LR: 5.50e-06
  [Ref ]: ऑनलाइन डायरेक्ट डिपॉझिट करताना तुम्हाला माझा खाते क्रमांक देखील टाकावा...
  [Pred]: ?...

Step   1125/30000 | Phase: 0 (CTC Warmup) | CTC Loss: 3.3291 | Aux Loss: 0.0000 | CER: 0.932 | Throughput: 220.2 aud-s/s | LR: 5.62e-06
  [Ref ]: बोंड अळीचं जीवनचक्र कस रायते ?...
  [Pred]:  ?...

Step   1150/30000 | Phase: 0 (CTC Warmup) | CTC Loss: 3.3233 | Aux Loss: 0.0000 | CER: 0.947 | Throughput:  33.4 aud-s/s | LR: 5.75e-06
  [Ref ]: सुकृतीन तिचा घर भाड्यान खरेदी केल्यान...
  [Pred]:  ?...

Step   1175/30000 | Phase: 0 (CTC Warmup) | CTC Loss: 3.3340 | Aux Loss: 0.0000 | CER: 0.961 | Throughput:  50.0 aud-s/s | LR: 5.87e-06
  [Ref ]: पूर्ण परागकण झाडाला सुपिकता देते आणि फळे वाढवते...
  [Pred]:  ?...

Step   1200/30000 | Phase: 0 (CTC Warmup) | CTC Loss: 3.3258 | Aux Loss: 0.0000 | CER: 0.975 | Throughput:  52.6 aud-s/s | LR: 6.00e-06
  [Ref ]: मी डिजिटल आणि सोशल मीडिया मार्केटिंग विशेषज्ञ म्हणून जाहिरात केली आहे...
  [Pred]:  ?...

Step   1225/30000 | Phase: 0 (CTC Warmup) | CTC Loss: 3.3174 | Aux Loss: 0.0000 | CER: 0.934 | Throughput: 642.7 aud-s/s | LR: 6.12e-06
  [Ref ]: वैभव वीळ्याची किंमत किती हा ?...
  [Pred]:  ?...

Step   1250/30000 | Phase: 0 (CTC Warmup) | CTC Loss: 3.2959 | Aux Loss: 0.0000 | CER: 0.954 | Throughput: 343.5 aud-s/s | LR: 6.25e-06
  [Ref ]: मेथीच्या लागवडीसाठी जमीन कशी तयार करावी ?...
  [Pred]:  ?...

Step   1275/30000 | Phase: 0 (CTC Warmup) | CTC Loss: 3.3175 | Aux Loss: 0.0000 | CER: 0.963 | Throughput: 131.0 aud-s/s | LR: 6.37e-06
  [Ref ]: मेंढ्यांच्या शरीरावर केस असतात ज्यातून लोकर मिळते...
  [Pred]: त ?...

Step   1300/30000 | Phase: 0 (CTC Warmup) | CTC Loss: 3.3246 | Aux Loss: 0.0000 | CER: 0.983 | Throughput: 134.0 aud-s/s | LR: 6.50e-06
  [Ref ]: वाढत्या व्याजदराशी निगडीत असलेली जोखीम लक्षात घेऊन , बॉण्ड किमतीत घसरण...
  [Pred]:  ?...

Step   1325/30000 | Phase: 0 (CTC Warmup) | CTC Loss: 3.2993 | Aux Loss: 0.0000 | CER: 0.907 | Throughput: 321.4 aud-s/s | LR: 6.62e-06
  [Ref ]: गुलाबाची फुले सुकून गेली...
  [Pred]:  ?...

Step   1350/30000 | Phase: 0 (CTC Warmup) | CTC Loss: 3.2973 | Aux Loss: 0.0000 | CER: 0.934 | Throughput: 126.4 aud-s/s | LR: 6.75e-06
  [Ref ]: मुदत ठेव आणि आवर्ती ठेव यामधील फरक काय आहे ?...
  [Pred]: ा ?...

Step   1375/30000 | Phase: 0 (CTC Warmup) | CTC Loss: 3.3004 | Aux Loss: 0.0000 | CER: 0.947 | Throughput: 104.3 aud-s/s | LR: 6.87e-06
  [Ref ]: प्रत्येक व्यक्तीसाठी वैयक्तिक अपघात विमा महत्त्वाचा आहे...
  [Pred]: ा ?...

Step   1400/30000 | Phase: 0 (CTC Warmup) | CTC Loss: 3.3038 | Aux Loss: 0.0000 | CER: 0.964 | Throughput:  85.7 aud-s/s | LR: 7.00e-06
  [Ref ]: एफडीचो कालावधी सात , पंधरा किंवा पंचेचाळीस दिवसांपर्यंत बदलू शकता...
  [Pred]: ा ?...

Step   1425/30000 | Phase: 0 (CTC Warmup) | CTC Loss: 3.2858 | Aux Loss: 0.0000 | CER: 0.881 | Throughput:  27.8 aud-s/s | LR: 7.12e-06
  [Ref ]: कर्ज कितक्या मेलाक शकता ?...
  [Pred]: ा ?...

Step   1450/30000 | Phase: 0 (CTC Warmup) | CTC Loss: 3.2844 | Aux Loss: 0.0000 | CER: 0.918 | Throughput:  43.4 aud-s/s | LR: 7.25e-06
  [Ref ]: कीड कमी करण्यासाठी कापसात काय घालावे ?...
  [Pred]: का ?...

Step   1475/30000 | Phase: 0 (CTC Warmup) | CTC Loss: 3.2788 | Aux Loss: 0.0000 | CER: 0.930 | Throughput: 103.4 aud-s/s | LR: 7.37e-06
  [Ref ]: लाईटाचा बिल ऑफिसातच येवन भरुचा लागता ?...
  [Pred]: मा ?...

Step   1500/30000 | Phase: 0 (CTC Warmup) | CTC Loss: 3.2786 | Aux Loss: 0.0000 | CER: 0.960 | Throughput:  71.7 aud-s/s | LR: 7.50e-06
  [Ref ]: कीड नियंत्रणासाठी उसात कोणते फेरोमोन सापळे वापरले जातात ?...
  [Pred]: मा ?...

Step   1525/30000 | Phase: 0 (CTC Warmup) | CTC Loss: 3.2769 | Aux Loss: 0.0000 | CER: 0.851 | Throughput:  43.2 aud-s/s | LR: 7.62e-06
  [Ref ]: विपणन म्हणजे काय असा ?...
  [Pred]: म ा ?...

Step   1550/30000 | Phase: 0 (CTC Warmup) | CTC Loss: 3.2711 | Aux Loss: 0.0000 | CER: 0.916 | Throughput:  63.0 aud-s/s | LR: 7.75e-06
  [Ref ]: तूर उधळी रोखासाठी कोनची फवारनी कराव ?...
  [Pred]: का ?...

Step   1575/30000 | Phase: 0 (CTC Warmup) | CTC Loss: 3.2756 | Aux Loss: 0.0000 | CER: 0.931 | Throughput: 203.0 aud-s/s | LR: 7.87e-06
  [Ref ]: औद्योगिक स्तरावर आता आधुनिक मशीनद्वारे खाद्य तयार केले जाते...
  [Pred]: क का ?...

Step   1600/30000 | Phase: 0 (CTC Warmup) | CTC Loss: 3.2704 | Aux Loss: 0.0000 | CER: 0.946 | Throughput:  95.3 aud-s/s | LR: 8.00e-06
  [Ref ]: एफ.डी.आय कमी कॉर्पोरेट दरांना प्रोत्साहन देऊ शकते...
  [Pred]: मा ?...

Step   1625/30000 | Phase: 0 (CTC Warmup) | CTC Loss: 3.2529 | Aux Loss: 0.0000 | CER: 0.833 | Throughput: 804.2 aud-s/s | LR: 8.12e-06
  [Ref ]: ज्वारीचे प्रकार सांगा...
  [Pred]: मा ?...

Step   1650/30000 | Phase: 0 (CTC Warmup) | CTC Loss: 3.2391 | Aux Loss: 0.0000 | CER: 0.888 | Throughput:  75.0 aud-s/s | LR: 8.25e-06
  [Ref ]: डेबिट कार्डमध्ये पैसे फसवणूक होत नाही ना ?...
  [Pred]: म आा ?...

Step   1675/30000 | Phase: 0 (CTC Warmup) | CTC Loss: 3.2384 | Aux Loss: 0.0000 | CER: 0.910 | Throughput:  61.0 aud-s/s | LR: 8.37e-06
  [Ref ]: कमी खर्चात चांगल्या शेतीसाठी लहान कृषी यंत्रांवर उपचार करा...
  [Pred]: म ?...

Step   1700/30000 | Phase: 0 (CTC Warmup) | CTC Loss: 3.2548 | Aux Loss: 0.0000 | CER: 0.928 | Throughput: 134.7 aud-s/s | LR: 8.50e-06
  [Ref ]: खूप मोठ्या प्रमाणात पिकलेले कांदे योग्य पद्धत वापरुन खूप दिवसांसाठी टि...
  [Pred]: मककक क  क क क ?...

Step   1725/30000 | Phase: 0 (CTC Warmup) | CTC Loss: 3.1865 | Aux Loss: 0.0000 | CER: 0.791 | Throughput: 554.2 aud-s/s | LR: 8.62e-06
  [Ref ]: के.वाय.सी म्हणजे काय ?...
  [Pred]: मक  क  का ?...

Step   1750/30000 | Phase: 0 (CTC Warmup) | CTC Loss: 3.1506 | Aux Loss: 0.0000 | CER: 0.763 | Throughput:  93.5 aud-s/s | LR: 8.75e-06
  [Ref ]: मला दहा हजार रुपये मासिक कर्ज मिळू शकेल का ?...
  [Pred]: मय क मक  क का ?...

Step   1775/30000 | Phase: 0 (CTC Warmup) | CTC Loss: 3.1426 | Aux Loss: 0.0000 | CER: 0.781 | Throughput: 120.1 aud-s/s | LR: 8.87e-06
  [Ref ]: डिजीटल मार्केटिंगाक तुमका एस.ई.ओ खूप मदत करता...
  [Pred]: मका क क कक क क कसा क कक ?...

Step   1800/30000 | Phase: 0 (CTC Warmup) | CTC Loss: 3.1087 | Aux Loss: 0.0000 | CER: 0.790 | Throughput:  65.4 aud-s/s | LR: 9.00e-06
  [Ref ]: खरीप व रब्बी हंगामाच्या मध्ये उन्हाळी हंगामाची पिके घेतली जातात का ?...
  [Pred]: ककाम काकक ककक क मय क कक ?...

Step   1825/30000 | Phase: 0 (CTC Warmup) | CTC Loss: 3.0867 | Aux Loss: 0.0000 | CER: 0.662 | Throughput: 776.4 aud-s/s | LR: 9.12e-06
  [Ref ]: आजचो बाजार भाव काय आसा ?...
  [Pred]: क काकाका काक क का ?...

Step   1850/30000 | Phase: 0 (CTC Warmup) | CTC Loss: 3.0662 | Aux Loss: 0.0000 | CER: 0.719 | Throughput: 197.6 aud-s/s | LR: 9.25e-06
  [Ref ]: शेतीच्या साधनांचे चार वर्गीकरण काय आहे ?...
  [Pred]: म क का कक क क क क ?...

Step   1875/30000 | Phase: 0 (CTC Warmup) | CTC Loss: 3.0649 | Aux Loss: 0.0000 | CER: 0.740 | Throughput: 134.6 aud-s/s | LR: 9.37e-06
  [Ref ]: मी मंडईतील कांदा प्रति क्विंटल किती दराने विकू ?...
  [Pred]: म यास का क का क क का का याय कहा ?...

Step   1900/30000 | Phase: 0 (CTC Warmup) | CTC Loss: 3.0479 | Aux Loss: 0.0000 | CER: 0.762 | Throughput:  92.5 aud-s/s | LR: 9.50e-06
  [Ref ]: डेरिव्हेटिव्ह मार्केटमधील काउंटर आणि ऑप्सन दोन प्रकारे व्यापार केला जा...
  [Pred]: ममकक यया याकका का कका या काय काकात का क के...

Step   1925/30000 | Phase: 0 (CTC Warmup) | CTC Loss: 3.0360 | Aux Loss: 0.0000 | CER: 0.693 | Throughput: 414.4 aud-s/s | LR: 9.62e-06
  [Ref ]: यू.पी.आय चो वापर कधीपण करू शकतव ?...
  [Pred]: का काकाय का का का का ?...

Step   1950/30000 | Phase: 0 (CTC Warmup) | CTC Loss: 3.0270 | Aux Loss: 0.0000 | CER: 0.713 | Throughput: 445.3 aud-s/s | LR: 9.75e-06
  [Ref ]: पऱ्हाटीची कोनची जात चांगली रायते ?...
  [Pred]: म का ककका काक क का ह ?...

Step   1975/30000 | Phase: 0 (CTC Warmup) | CTC Loss: 3.0224 | Aux Loss: 0.0000 | CER: 0.755 | Throughput: 819.2 aud-s/s | LR: 9.87e-06
  [Ref ]: मोती , कोळंबी शेती इत्यादींना जलचर असेही म्हणतात...
  [Pred]: म कक क क का य का कक कका ?...

Step   2000/30000 | Phase: 0 (CTC Warmup) | CTC Loss: 3.0248 | Aux Loss: 0.0000 | CER: 0.728 | Throughput:  94.4 aud-s/s | LR: 1.00e-05
  [Ref ]: माका फायनांस पडल्यार पण फायदो झालेलो...
  [Pred]: म याय याया क का काया क क े...

  🌟 New Best Model! cer = 0.7276 (Saved to best_model.pt)
  [Checkpoint] Step 2000 saved to runs\no-splitformer-moe-only\checkpoints\stage2_moe
Step   2025/30000 | Phase: 0 (CTC Warmup) | CTC Loss: 2.9979 | Aux Loss: 0.0000 | CER: 0.706 | Throughput:  49.4 aud-s/s | LR: 1.00e-05
  [Ref ]: कापूस येचुक खयला यंत्र वापरू ?...
  [Pred]: कतका क कक क क का ?...

Step   2050/30000 | Phase: 0 (CTC Warmup) | CTC Loss: 2.9924 | Aux Loss: 0.0000 | CER: 0.731 | Throughput:  85.4 aud-s/s | LR: 1.00e-05
  [Ref ]: रब्बी हंगामाच्या अखेरीस कोणते महिने येतात ?...
  [Pred]: मय का का का का क का ?...

Step   2075/30000 | Phase: 0 (CTC Warmup) | CTC Loss: 2.9963 | Aux Loss: 0.0000 | CER: 0.771 | Throughput: 163.6 aud-s/s | LR: 1.00e-05
  [Ref ]: सामाजिक क्षेत्रात कोणकोणत्या योजना आहेत ?...
  [Pred]: मयक क का क क क कय क का ?...

Step   2100/30000 | Phase: 0 (CTC Warmup) | CTC Loss: 3.0023 | Aux Loss: 0.0000 | CER: 0.723 | Throughput: 125.9 aud-s/s | LR: 1.00e-05
  [Ref ]: माती मान गरमाट रहावा मुये भोपयान बि लवकरे उगी जास...
  [Pred]: म का  यका का क का का क हा े...

Step   2125/30000 | Phase: 0 (CTC Warmup) | CTC Loss: 2.9735 | Aux Loss: 0.0000 | CER: 0.693 | Throughput: 297.5 aud-s/s | LR: 1.00e-05
  [Ref ]: उपकरण काय असता ?...
  [Pred]: मक क क क त ?...

Step   2150/30000 | Phase: 0 (CTC Warmup) | CTC Loss: 2.9647 | Aux Loss: 0.0000 | CER: 0.718 | Throughput: 120.5 aud-s/s | LR: 1.00e-05
  [Ref ]: पीक रोटेशन करूक खयली पीका चांगली हत ?...
  [Pred]: म कालकतच कार यरा कक क क क ?...

Step   2175/30000 | Phase: 0 (CTC Warmup) | CTC Loss: 2.9823 | Aux Loss: 0.0000 | CER: 0.727 | Throughput: 125.1 aud-s/s | LR: 1.00e-05
  [Ref ]: संत्र्याच्या पिकाले शेनखत किती टन अस कस टाकाले पायजे ?...
  [Pred]: मका यातकसाकसा माया कातत कत क क का क ा?...

Step   2200/30000 | Phase: 0 (CTC Warmup) | CTC Loss: 2.9718 | Aux Loss: 0.0000 | CER: 0.717 | Throughput: 131.1 aud-s/s | LR: 1.00e-05
  [Ref ]: एकदा मी एकाचा ई.एम.आय मोजताना चूक केली होती...
  [Pred]: मक मा कय क का य या कक क क े...

Step   2225/30000 | Phase: 0 (CTC Warmup) | CTC Loss: 2.9696 | Aux Loss: 0.0000 | CER: 0.704 | Throughput: 744.2 aud-s/s | LR: 1.00e-05
  [Ref ]: यू.पी.आय करून काय फायदो ?...
  [Pred]: म क का क ह ?...

Step   2250/30000 | Phase: 0 (CTC Warmup) | CTC Loss: 2.9484 | Aux Loss: 0.0000 | CER: 0.712 | Throughput: 256.8 aud-s/s | LR: 1.00e-05
  [Ref ]: शेतकरी ले देश ना अन्नदाता म्हणतस...
  [Pred]: मयकचीी म कया कात कत क का ?...

Step   2275/30000 | Phase: 0 (CTC Warmup) | CTC Loss: 2.9472 | Aux Loss: 0.0000 | CER: 0.733 | Throughput: 106.5 aud-s/s | LR: 1.00e-05
  [Ref ]: चलनवाढीच्या काळात बँक अर्थ व्यवस्थेत चलनविषयक धोरण आणतत...
  [Pred]: मययच काचा काया क क क क य काका?...

Step   2300/30000 | Phase: 0 (CTC Warmup) | CTC Loss: 2.9427 | Aux Loss: 0.0000 | CER: 0.789 | Throughput: 112.9 aud-s/s | LR: 1.00e-05
  [Ref ]: भारतातून पैसे असलेले लोक कंपनी वित्तचा खूप वापर करतात...
  [Pred]: म कक का कयतकय कत कक कत क ा?...

Step   2325/30000 | Phase: 0 (CTC Warmup) | CTC Loss: 2.9490 | Aux Loss: 0.0000 | CER: 0.648 | Throughput: 706.3 aud-s/s | LR: 1.00e-05
  [Ref ]: लाल्या रोग कायनं येते ?...
  [Pred]: क का क क का ?...

Step   2350/30000 | Phase: 0 (CTC Warmup) | CTC Loss: 2.9537 | Aux Loss: 0.0000 | CER: 0.710 | Throughput: 108.4 aud-s/s | LR: 1.00e-05
  [Ref ]: बँक खाते नसलेल्या व्यक्तीला पैसे पाठवता येतील का ?...
  [Pred]: म क कयी काती का क कककक कत ता ?...

Step   2375/30000 | Phase: 0 (CTC Warmup) | CTC Loss: 2.9325 | Aux Loss: 0.0000 | CER: 0.756 | Throughput: 152.0 aud-s/s | LR: 1.00e-05
  [Ref ]: युटिलिटी बिला आणि पेमेंट म्हंजे नक्की काय आसा ?...
  [Pred]: म म मया ययया काी क क का क?...

Step   2400/30000 | Phase: 0 (CTC Warmup) | CTC Loss: 2.9150 | Aux Loss: 0.0000 | CER: 0.739 | Throughput:  50.1 aud-s/s | LR: 1.00e-05
  [Ref ]: माझे झेंडूचे उत्पादन किती वेळ साठवून ठेवू शकतो ?...
  [Pred]: म यके म क कयत क क क कह ?...

Step   2425/30000 | Phase: 0 (CTC Warmup) | CTC Loss: 2.9063 | Aux Loss: 0.0000 | CER: 0.669 | Throughput: 137.9 aud-s/s | LR: 1.00e-05
  [Ref ]: क्रेडिट म्हणजे काय ?...
  [Pred]: क क क ता ?...

Step   2450/30000 | Phase: 0 (CTC Warmup) | CTC Loss: 2.9029 | Aux Loss: 0.0000 | CER: 0.745 | Throughput: 130.7 aud-s/s | LR: 1.00e-05
  [Ref ]: मुरमाड जमीनीत कोनकोनची अडचन येते ?...
  [Pred]: म य मा क कय कत का कक ?...

Step   2475/30000 | Phase: 0 (CTC Warmup) | CTC Loss: 2.8933 | Aux Loss: 0.0000 | CER: 0.705 | Throughput: 117.9 aud-s/s | LR: 1.00e-05
  [Ref ]: कांद्याला कोंब नाई आलं पायजे म्हनून का कराच पायजे ?...
  [Pred]: कया कय म की यमक क क कव ?...

Step   2500/30000 | Phase: 0 (CTC Warmup) | CTC Loss: 2.9092 | Aux Loss: 0.0000 | CER: 0.710 | Throughput: 130.9 aud-s/s | LR: 1.00e-05
  [Ref ]: प्राण्यांचे पोषण हे प्राण्यांच्या आहारातील पोषक गरजांवर लक्ष केंद्रित ...
  [Pred]: मरच कस चे क याया ता कसात काया वा स पकस क ?...

Step   2525/30000 | Phase: 0 (CTC Warmup) | CTC Loss: 2.8742 | Aux Loss: 0.0000 | CER: 0.688 | Throughput: 535.0 aud-s/s | LR: 1.00e-05
  [Ref ]: शेंगे लाल मातीयेत येतत काय ?...
  [Pred]: कचा ककक कक कहा ?...

Step   2550/30000 | Phase: 0 (CTC Warmup) | CTC Loss: 2.8447 | Aux Loss: 0.0000 | CER: 0.681 | Throughput:  58.1 aud-s/s | LR: 1.00e-05
  [Ref ]: मला संबंधित कर्ज घेण्याची गरज आहे...
  [Pred]: मासा मयी कररयी मे मा क क काता ?...

Step   2575/30000 | Phase: 0 (CTC Warmup) | CTC Loss: 2.7982 | Aux Loss: 0.0000 | CER: 0.690 | Throughput: 164.4 aud-s/s | LR: 1.00e-05
  [Ref ]: हिवाळ्यामंदी कडक थंडीत पिकाचे संरक्षण कसे करा लागन ?...
  [Pred]: मया मलयाा प मकी काया कारा काकात कालार ?...

Step   2600/30000 | Phase: 0 (CTC Warmup) | CTC Loss: 2.7725 | Aux Loss: 0.0000 | CER: 0.732 | Throughput: 105.5 aud-s/s | LR: 1.00e-05
  [Ref ]: कृषी विपणन हे शेतमालाच्या खरेदी विक्रीचे माध्यम आहे...
  [Pred]: मसा कत मया सातनमया कातात वकय माया मल?...

Step   2625/30000 | Phase: 0 (CTC Warmup) | CTC Loss: 2.6883 | Aux Loss: 0.0000 | CER: 0.602 | Throughput: 343.3 aud-s/s | LR: 1.00e-05
  [Ref ]: पीक विमा कसा भेटतो ?...
  [Pred]: ककीयाकाका व का ?...

Step   2650/30000 | Phase: 0 (CTC Warmup) | CTC Loss: 2.6774 | Aux Loss: 0.0000 | CER: 0.663 | Throughput: 168.2 aud-s/s | LR: 1.00e-05
  [Ref ]: वडिलांच्या सरकारी बॉण्डची अंतिम तारीख जवळ आली आहे...
  [Pred]: कयायी ककयी मती माती काये चा व ला ?...

Step   2675/30000 | Phase: 0 (CTC Warmup) | CTC Loss: 2.6975 | Aux Loss: 0.0000 | CER: 0.668 | Throughput: 142.4 aud-s/s | LR: 1.00e-05
  [Ref ]: क्रेडिट कार्डची मर्यादा वाढवण्यासाठी कोणती प्रक्रिया आहे ?...
  [Pred]: मयी काची मायनरनना सरी कात क पया आह ?...

Step   2700/30000 | Phase: 0 (CTC Warmup) | CTC Loss: 2.6573 | Aux Loss: 0.0000 | CER: 0.749 | Throughput:  99.8 aud-s/s | LR: 1.00e-05
  [Ref ]: गोदामाचे तापमान किती पाहिजे ? म्हणजे माल खराब होणार नाही ?...
  [Pred]: ममना पठी का्यदि काण यीन पी कासया मा मतीत...

Step   2725/30000 | Phase: 0 (CTC Warmup) | CTC Loss: 2.5744 | Aux Loss: 0.0000 | CER: 0.651 | Throughput: 652.4 aud-s/s | LR: 1.00e-05
  [Ref ]: विमा कसो भरूचो ?...
  [Pred]: कमाकक वरता ?...

Step   2750/30000 | Phase: 0 (CTC Warmup) | CTC Loss: 2.5796 | Aux Loss: 0.0000 | CER: 0.626 | Throughput: 162.8 aud-s/s | LR: 1.00e-05
  [Ref ]: वाटाणा पिकाचा हंगाम किती दिवसांचा असतो ?...
  [Pred]: मातादतीकाकामनजा किती ली सातक ?...

Step   2775/30000 | Phase: 0 (CTC Warmup) | CTC Loss: 2.4978 | Aux Loss: 0.0000 | CER: 0.639 | Throughput: 113.1 aud-s/s | LR: 1.00e-05
  [Ref ]: क्रेडिट कार्ड काढण्यासाठी उत्पन्न मर्यादा काय आहे ?...
  [Pred]: मेकी कार पा साती मल ला मरलारा का लहे?...

Step   2800/30000 | Phase: 0 (CTC Warmup) | CTC Loss: 2.5147 | Aux Loss: 0.0000 | CER: 0.649 | Throughput: 149.5 aud-s/s | LR: 1.00e-05
  [Ref ]: माय एका बँकेत खात हाय , त मले दुसऱ्या खात्यात पैसे कसे पाठवता येईन ?...
  [Pred]: केसाम्ति कता हा कमली कस्ा कता परचे कच कासतात?...

Step   2825/30000 | Phase: 0 (CTC Warmup) | CTC Loss: 2.5265 | Aux Loss: 0.0000 | CER: 0.620 | Throughput: 641.6 aud-s/s | LR: 1.00e-05
  [Ref ]: विमा कोण कोण काढू शकता ?...
  [Pred]: मका क कर सतता ?...

Step   2850/30000 | Phase: 0 (CTC Warmup) | CTC Loss: 2.4673 | Aux Loss: 0.0000 | CER: 0.627 | Throughput: 139.5 aud-s/s | LR: 9.99e-06
  [Ref ]: कुसुम योजनेवर सरकार किती खर्च करत आहे ?...
  [Pred]: मसारी यासन्नी सरतारकिती काज कला ज त ?...

Step   2875/30000 | Phase: 0 (CTC Warmup) | CTC Loss: 2.4180 | Aux Loss: 0.0000 | CER: 0.539 | Throughput: 130.9 aud-s/s | LR: 9.99e-06
  [Ref ]: एन.इ.एफ.टी ह्या मनी ट्रान्सफरचो सर्वात सोपो आणि सर्वाधिक आवडलेलो प्रका...
  [Pred]: कनीयकतीया आा मनया पससावासो परसा रादी ावणीन कर कास...

Step   2900/30000 | Phase: 0 (CTC Warmup) | CTC Loss: 2.4546 | Aux Loss: 0.0000 | CER: 0.542 | Throughput: 107.0 aud-s/s | LR: 9.99e-06
  [Ref ]: तुमका माहीत आसा का , मिरीस्टिकाच्या झाडाच्या बियांका जायफळ म्हणतत ?...
  [Pred]: म मायी कसा काानीरी पिता्चा मारा्या बी का साय क मत?...

Step   2925/30000 | Phase: 0 (CTC Warmup) | CTC Loss: 2.4723 | Aux Loss: 0.0000 | CER: 0.633 | Throughput: 183.8 aud-s/s | LR: 9.99e-06
  [Ref ]: निधी हस्तांतरण कसल्या कसल्या प्रकारे चलता ?...
  [Pred]: किजाची प्र्काकरा का आार काह ?...

Step   2950/30000 | Phase: 0 (CTC Warmup) | CTC Loss: 2.4626 | Aux Loss: 0.0000 | CER: 0.560 | Throughput:  86.1 aud-s/s | LR: 9.99e-06
  [Ref ]: विलंबित देयके जगभरात मान्य आहेत...
  [Pred]: कीवने्केय पचे रयात मानयाहेत ?...

Step   2975/30000 | Phase: 0 (CTC Warmup) | CTC Loss: 2.4281 | Aux Loss: 0.0000 | CER: 0.666 | Throughput: 153.3 aud-s/s | LR: 9.99e-06
  [Ref ]: तुमका माहित हा काय की शेअर भांडवलासून व्यापार सुरू करू शकताव ?...
  [Pred]: मतराया तातयात्तीची आर्यागरया तियाका लरबली करशेत?...

Step   3000/30000 | Phase: 0 (CTC Warmup) | CTC Loss: 2.3539 | Aux Loss: 0.0000 | CER: 0.608 | Throughput: 167.2 aud-s/s | LR: 9.99e-06
  [Ref ]: शेतकरीनी अपेक्सा रहास की त्यानी जिमीन भारी जिमीन राव्हाले जोयजे...
  [Pred]: कतकनीमे कत चारासठीतती जमनी कारी जमनेरे जे आयचे...

  🌟 New Best Model! cer = 0.6078 (Saved to best_model.pt)
  [Checkpoint] Step 3000 saved to runs\no-splitformer-moe-only\checkpoints\stage2_moe
Step   3025/30000 | Phase: 4A (Hard Routing) | CTC Loss: 2.4252 | Aux Loss: 16.7950 | CER: 0.656 | Throughput: 684.0 aud-s/s | LR: 9.99e-06
  [Ref ]: तंत्र म्हणजे काय असा ?...
  [Pred]: म कती कासा ?...

Step   3050/30000 | Phase: 4A (Hard Routing) | CTC Loss: 2.3734 | Aux Loss: 12.2379 | CER: 0.574 | Throughput: 100.2 aud-s/s | LR: 9.99e-06
  [Ref ]: मी यू.पी.आय माझ्या मोबाईलावर घेवक शकतय काय ?...
  [Pred]: ीमिक्या माय मदा आाये सते ला ?...

Step   3075/30000 | Phase: 4A (Hard Routing) | CTC Loss: 2.2807 | Aux Loss: 10.0822 | CER: 0.546 | Throughput: 165.0 aud-s/s | LR: 9.99e-06
  [Ref ]: रेशीम किड्यापासून रेशीम तयार केले जाते...
  [Pred]: मचीन क्राकस वरेशीनचा कल जाते ?...

Step   3100/30000 | Phase: 4A (Hard Routing) | CTC Loss: 2.3226 | Aux Loss: 9.0804 | CER: 0.602 | Throughput: 138.9 aud-s/s | LR: 9.99e-06
  [Ref ]: मले माह्या मोबाईलवर माह्या खात्याची पुरी मायती डाऊनलोड करता येते का ?...
  [Pred]: ले मलमोबा वरन मा काताची पोरी मासती बाव कतायते का...

Step   3125/30000 | Phase: 4A (Hard Routing) | CTC Loss: 2.3358 | Aux Loss: 8.7921 | CER: 0.549 | Throughput:  43.5 aud-s/s | LR: 9.99e-06
  [Ref ]: डेबिट म्हणजे काय ?...
  [Pred]: किजीविक माणचे का ?...

Step   3150/30000 | Phase: 4A (Hard Routing) | CTC Loss: 2.3433 | Aux Loss: 9.8724 | CER: 0.626 | Throughput: 221.8 aud-s/s | LR: 9.99e-06
  [Ref ]: वांग्याच्या पिकावर बोकड्या रोग काऊन येतो ?...
  [Pred]: ायेसा पितावा मि करय व का मये क ?...

Step   3175/30000 | Phase: 4A (Hard Routing) | CTC Loss: 2.3754 | Aux Loss: 9.8260 | CER: 0.672 | Throughput: 182.1 aud-s/s | LR: 9.99e-06
  [Ref ]: सणांसाठी ल्हान कर्जा माका खय मेळतली ?...
  [Pred]: कसारासाठी कारीर कायामाार हत ?...

Step   3200/30000 | Phase: 4A (Hard Routing) | CTC Loss: 2.2495 | Aux Loss: 8.1445 | CER: 0.558 | Throughput: 120.3 aud-s/s | LR: 9.99e-06
  [Ref ]: बचत खाते पगाराच्या खात्यात रूपांतरित करण्यासाठी बँकेत अर्ज करावा लागतो...
  [Pred]: मचत खाते तेवाराचा काता्तकरतरेत कर्नासाठी मशी कररजे करा वायत...

Step   3225/30000 | Phase: 4A (Hard Routing) | CTC Loss: 2.2785 | Aux Loss: 8.2448 | CER: 0.677 | Throughput: 688.6 aud-s/s | LR: 9.99e-06
  [Ref ]: माझ्या खात्यात कितके रुपये आसत ?...
  [Pred]: डाकाक कि को रता ?...

Step   3250/30000 | Phase: 4A (Hard Routing) | CTC Loss: 2.2772 | Aux Loss: 8.1822 | CER: 0.555 | Throughput:  55.0 aud-s/s | LR: 9.99e-06
  [Ref ]: शिक्षणाचा कर्ज साधो माणूस घेऊ शकता काय ?...
  [Pred]: िक्य वचा कर्जे साज मावे चेून जकता का?...

Step   3275/30000 | Phase: 4A (Hard Routing) | CTC Loss: 2.2132 | Aux Loss: 8.1142 | CER: 0.523 | Throughput: 132.3 aud-s/s | LR: 9.99e-06
  [Ref ]: शिक्षणासाठी कर्ज घेण्याची काय प्रक्रिया आहे ?...
  [Pred]: सकावासाठि करच वमीचि का पोत्ये आहे ?...

Step   3300/30000 | Phase: 4A (Hard Routing) | CTC Loss: 2.1993 | Aux Loss: 8.1355 | CER: 0.656 | Throughput: 145.0 aud-s/s | LR: 9.99e-06
  [Ref ]: कर्ज घेताना कर्ज घेवची पात्रता आसा काय ह्या कसा तपासतात ?...
  [Pred]: करजा बितय करजा पची परकर कारसा पाय ये कसाठ कसता...

Step   3325/30000 | Phase: 4A (Hard Routing) | CTC Loss: 2.2457 | Aux Loss: 8.0539 | CER: 0.628 | Throughput: 185.4 aud-s/s | LR: 9.99e-06
  [Ref ]: के.वाय.सी किदयाक करूची ?...
  [Pred]: कुकाका बाय करजे ?...

Step   3350/30000 | Phase: 4A (Hard Routing) | CTC Loss: 2.2104 | Aux Loss: 8.0489 | CER: 0.538 | Throughput: 119.5 aud-s/s | LR: 9.99e-06
  [Ref ]: कार्यरत भांडवल एक वित्तीय मेट्रीक हा...
  [Pred]: वारेरा बतवच बिकी भती का ?...

Step   3375/30000 | Phase: 4A (Hard Routing) | CTC Loss: 2.1606 | Aux Loss: 8.0446 | CER: 0.525 | Throughput: 128.4 aud-s/s | LR: 9.99e-06
  [Ref ]: शेतीक लागणारे मशीनी घेवक खयचो ऍप घेवक होयो ?...
  [Pred]: मरी किरी याबार मसीनक काचाय के वय ?...

Step   3400/30000 | Phase: 4A (Hard Routing) | CTC Loss: 2.2744 | Aux Loss: 8.2349 | CER: 0.552 | Throughput: 127.5 aud-s/s | LR: 9.99e-06
  [Ref ]: बँकेतून बिले दिल्यावर त्याच्यावर काही शुल्क आकारले जाईल का ?...
  [Pred]: बांते कबिले विलवर का्यावरकर सुी क अतरेजा क...

Step   3425/30000 | Phase: 4A (Hard Routing) | CTC Loss: 2.2151 | Aux Loss: 8.0011 | CER: 0.536 | Throughput: 653.1 aud-s/s | LR: 9.99e-06
  [Ref ]: मुदत ठेवीचो प्रकार काय असा ?...
  [Pred]: पजा कीरीसा ्र कर कायआसा ?...

Step   3450/30000 | Phase: 4A (Hard Routing) | CTC Loss: 2.3330 | Aux Loss: 8.0074 | CER: 0.593 | Throughput: 143.1 aud-s/s | LR: 9.98e-06
  [Ref ]: सीताफळ लागवडीची पद्धत सांगावी ?...
  [Pred]: श कप बारापाजी तस सारात ?...

Step   3475/30000 | Phase: 4A (Hard Routing) | CTC Loss: 2.1560 | Aux Loss: 8.0113 | CER: 0.598 | Throughput: 231.3 aud-s/s | LR: 9.98e-06
  [Ref ]: मातीमंदी शेणखत कोनच्या मइन्यामंधी टाकाव ?...
  [Pred]: ब वनली शेल कोका मलला मले कता ?...

Step   3500/30000 | Phase: 4A (Hard Routing) | CTC Loss: 2.2051 | Aux Loss: 8.3736 | CER: 0.598 | Throughput: 110.6 aud-s/s | LR: 9.98e-06
  [Ref ]: हेई टेडरमुळे शेतातील गवत उपटून ते लवकर सुकण्यासही मदत होते...
  [Pred]: य पा्तामायचे कात्र वातत पंन कना असत्नासेणना कातो ते...

Step   3525/30000 | Phase: 4A (Hard Routing) | CTC Loss: 2.1425 | Aux Loss: 7.9850 | CER: 0.529 | Throughput: 544.5 aud-s/s | LR: 9.98e-06
  [Ref ]: मायावर कितीक कर्ज बाकी हाय ?...
  [Pred]: मानाया क की काज जाते य ?...

Step   3550/30000 | Phase: 4A (Hard Routing) | CTC Loss: 2.1330 | Aux Loss: 8.0621 | CER: 0.528 | Throughput:  94.1 aud-s/s | LR: 9.98e-06
  [Ref ]: लॅटराइट मातीत कोणते पीक घेतले जाते ?...
  [Pred]: पकया मातीत कोण्य पिजेल ले साते ?...

Step   3575/30000 | Phase: 4A (Hard Routing) | CTC Loss: 2.1345 | Aux Loss: 7.9979 | CER: 0.540 | Throughput: 223.2 aud-s/s | LR: 9.98e-06
  [Ref ]: डेबिट कार्डचो पासवर्ड बदलु शकतव काय ?...
  [Pred]: बयाकर्णाचो पासज वरज शकतव काय ?...

Step   3600/30000 | Phase: 4A (Hard Routing) | CTC Loss: 2.0895 | Aux Loss: 8.1314 | CER: 0.542 | Throughput:  99.0 aud-s/s | LR: 9.98e-06
  [Ref ]: कुपन दिल्यार तुमका पुढच्या खरेदीवर थोडी सूट मिळात...
  [Pred]: कुतबिरिरारतणका करतास सारजी खली स सा ...

Step   3625/30000 | Phase: 4A (Hard Routing) | CTC Loss: 2.0918 | Aux Loss: 7.9983 | CER: 0.534 | Throughput: 165.7 aud-s/s | LR: 9.98e-06
  [Ref ]: गुंतवणूक कशी करूची ?...
  [Pred]: मंकानो कशी रेती ?...

Step   3650/30000 | Phase: 4A (Hard Routing) | CTC Loss: 2.1505 | Aux Loss: 8.0109 | CER: 0.607 | Throughput: 108.6 aud-s/s | LR: 9.98e-06
  [Ref ]: मले माया केबलचं बिल कस देता येईन ?...
  [Pred]: मलवाह चेबोचकी कक कायेली ?...

Step   3675/30000 | Phase: 4A (Hard Routing) | CTC Loss: 2.0641 | Aux Loss: 8.0328 | CER: 0.560 | Throughput: 267.9 aud-s/s | LR: 9.98e-06
  [Ref ]: इंडियन बँकेत खाजगी कर्जावरील व्याजदर किती आहे ?...
  [Pred]: काविकी बाे कणी कत मानाज किता आेे?...

Step   3700/30000 | Phase: 4A (Hard Routing) | CTC Loss: 2.0623 | Aux Loss: 8.1442 | CER: 0.518 | Throughput: 122.9 aud-s/s | LR: 9.98e-06
  [Ref ]: अमेझॉन पेमधून तुम्ही थर्ड पार्टी वेबसाइटसाठी पैसे देऊ शकता...
  [Pred]: आमजा कमन कने कपातीवक्सासाठी कस्ले शता...

Step   3725/30000 | Phase: 4A (Hard Routing) | CTC Loss: 2.1503 | Aux Loss: 8.0528 | CER: 0.636 | Throughput: 131.4 aud-s/s | LR: 9.98e-06
  [Ref ]: यू.पी.आय नक्की काय आसता ?...
  [Pred]: ककी काकी काय ता ?...

Step   3750/30000 | Phase: 4A (Hard Routing) | CTC Loss: 2.0962 | Aux Loss: 8.0008 | CER: 0.479 | Throughput:  66.4 aud-s/s | LR: 9.98e-06
  [Ref ]: माका शेअरसाठी कर्ज काढूचा असा ता मी कसा काढू ?...
  [Pred]: माकाशी  कापी कर्ज कणूया असाता क कसा क ?...

Step   3775/30000 | Phase: 4A (Hard Routing) | CTC Loss: 2.0730 | Aux Loss: 8.0363 | CER: 0.563 | Throughput: 209.8 aud-s/s | LR: 9.98e-06
  [Ref ]: महाराष्ट्रात सूतगिरण्या भरपूर आहेत...
  [Pred]: महरषसुती दील्लाया गरकल आहे ...

Step   3800/30000 | Phase: 4A (Hard Routing) | CTC Loss: 2.0362 | Aux Loss: 8.4280 | CER: 0.561 | Throughput: 116.8 aud-s/s | LR: 9.98e-06
  [Ref ]: बाजरी पांढऱ्या , पिवळ्या , तपकिरी , राखाडी आणि निळ्या वांगी रंग अश्या ...
  [Pred]: मतरी कं्या की वेातत पजी पपाले मिजिमात मांजे रंजार अस मिता ासतांमदे वोत...

Step   3825/30000 | Phase: 4A (Hard Routing) | CTC Loss: 2.0439 | Aux Loss: 8.0115 | CER: 0.617 | Throughput: 650.8 aud-s/s | LR: 9.98e-06
  [Ref ]: कर्ज कोणाक पण मेलता काय ?...
  [Pred]: कर ज्रा की मेयचा कात ?...

Step   3850/30000 | Phase: 4A (Hard Routing) | CTC Loss: 2.2068 | Aux Loss: 8.0607 | CER: 0.624 | Throughput: 127.7 aud-s/s | LR: 9.97e-06
  [Ref ]: डिफर्ड पेमेंटचो मानक ह्या पैशाचो कार्य असा...
  [Pred]: यमीकी मचचो वाजेलेा परचेसो पातका सा ?...

Step   3875/30000 | Phase: 4A (Hard Routing) | CTC Loss: 2.0849 | Aux Loss: 7.9919 | CER: 0.609 | Throughput: 193.8 aud-s/s | LR: 9.97e-06
  [Ref ]: ठेवी खात्यात पैसे घालूक कोण पात्र आसा ?...
  [Pred]: क कसय काता ...

Step   3900/30000 | Phase: 4A (Hard Routing) | CTC Loss: 2.0102 | Aux Loss: 8.0789 | CER: 0.545 | Throughput: 126.2 aud-s/s | LR: 9.97e-06
  [Ref ]: दोनी हंगामात घेता येईन अशा पिकाइची नावं कोनची ?...
  [Pred]: रोली हलामान हिते वेल आसा खतितायची लाव पोनचे...

Step   3925/30000 | Phase: 4A (Hard Routing) | CTC Loss: 2.0914 | Aux Loss: 8.0159 | CER: 0.645 | Throughput: 121.1 aud-s/s | LR: 9.97e-06
  [Ref ]: कर्ज येळेवर फेडूक होया काय ?...
  [Pred]: वया वर कणे कलता ?...

Step   3950/30000 | Phase: 4A (Hard Routing) | CTC Loss: 2.0378 | Aux Loss: 8.0176 | CER: 0.475 | Throughput: 181.0 aud-s/s | LR: 9.97e-06
  [Ref ]: जमीन सुपीक करण्यासाठी शेणखताचा उपयोग करावा का ?...
  [Pred]: जमिमशीती कार्यासा ठे्यां स कसवते कर जावा ?...

Step   3975/30000 | Phase: 4A (Hard Routing) | CTC Loss: 2.0397 | Aux Loss: 8.0248 | CER: 0.499 | Throughput: 177.8 aud-s/s | LR: 9.97e-06
  [Ref ]: बर्याच बँकर्सना बोनस खूप लवकर मिळतो...
  [Pred]: मरत जांकरसमा बोणस कत लक विते...

Step   4000/30000 | Phase: 4A (Hard Routing) | CTC Loss: 2.2539 | Aux Loss: 8.3625 | CER: 0.719 | Throughput: 117.8 aud-s/s | LR: 9.97e-06
  [Ref ]: बचत खाते उघडून आपण आपल्या बचतीच्या रकमेवर व्याज मिळवू शकतो...
  [Pred]: मची त्त प रर तरत पचाती्चाररी कर प्सतरू शततत...

  [Checkpoint] Step 4000 saved to runs\no-splitformer-moe-only\checkpoints\stage2_moe
Step   4025/30000 | Phase: 4A (Hard Routing) | CTC Loss: 1.9564 | Aux Loss: 8.0423 | CER: 0.447 | Throughput: 534.2 aud-s/s | LR: 9.97e-06
  [Ref ]: हाइब्रीड म्हनजे का होते ?...
  [Pred]: हायब्रेर मंचे कावते ?...

Step   4050/30000 | Phase: 4A (Hard Routing) | CTC Loss: 2.0397 | Aux Loss: 8.0200 | CER: 0.564 | Throughput:  29.0 aud-s/s | LR: 9.97e-06
  [Ref ]: खाजगी कर्जासाठी बँकेत खाते आवश्यक असते...
  [Pred]: म बवसाठी बाकीत खाते काते कयाते ?...

Step   4075/30000 | Phase: 4A (Hard Routing) | CTC Loss: 2.0466 | Aux Loss: 8.0138 | CER: 0.499 | Throughput: 234.5 aud-s/s | LR: 9.97e-06
  [Ref ]: टरबूजच्या बियांमध्ये आढळणारे झिंक वृद्धत्वाची प्रक्रिया कमी करू शकते...
  [Pred]: रबुच्या बी आंमद् आ नारेजी परुज काची कया कनी करू शकते...

Step   4100/30000 | Phase: 4A (Hard Routing) | CTC Loss: 2.0267 | Aux Loss: 8.1372 | CER: 0.638 | Throughput: 115.2 aud-s/s | LR: 9.97e-06
  [Ref ]: शेळ्यांना संक्रमणाच्या आजारांपासून वाचवण्यासाठी स्वच्छतेकडे लक्ष देणे ...
  [Pred]: शे एआं्या सांतरमनयाय् ाजा रांतकसु म्जनीयासाठी सण्या तिपरी बक्षी बिवी ब...

Step   4125/30000 | Phase: 4A (Hard Routing) | CTC Loss: 2.0375 | Aux Loss: 8.0151 | CER: 0.546 | Throughput: 531.9 aud-s/s | LR: 9.97e-06
  [Ref ]: विमा धन काय असता ?...
  [Pred]: म घल क असताय ?...

Step   4150/30000 | Phase: 4A (Hard Routing) | CTC Loss: 2.0227 | Aux Loss: 8.0174 | CER: 0.607 | Throughput:  38.4 aud-s/s | LR: 9.97e-06
  [Ref ]: कर्जासाठी मला ऑनलाईन अर्ज करण्याची गरज आहे का ?...
  [Pred]: कजााठी मला कोलेन मणजा कण्यची मरत त का?...

Step   4175/30000 | Phase: 4A (Hard Routing) | CTC Loss: 1.9789 | Aux Loss: 8.0231 | CER: 0.411 | Throughput: 190.9 aud-s/s | LR: 9.97e-06
  [Ref ]: पीक रोटेशन केल्याने फायदा होतो का ? त्याने जमिनीची धूप होणार नाही ना ?...
  [Pred]: एिकोडीशन करलाली पाता उतू काताय्ा समियेची तोकोबार न आहे ला...

Step   4200/30000 | Phase: 4A (Hard Routing) | CTC Loss: 1.9570 | Aux Loss: 8.2640 | CER: 0.597 | Throughput: 127.9 aud-s/s | LR: 9.96e-06
  [Ref ]: बिग फोरचा ग्राहक बनून तुम्हाला काही फायदा झाला ?...
  [Pred]: बी करचरपरही मन पम्या काय करगासाव ?...

Step   4225/30000 | Phase: 4A (Hard Routing) | CTC Loss: 1.9966 | Aux Loss: 8.0650 | CER: 0.573 | Throughput: 631.0 aud-s/s | LR: 9.96e-06
  [Ref ]: तंत्र म्हणजे काय असा ?...
  [Pred]: सका मनते का असा ?...

Step   4250/30000 | Phase: 4A (Hard Routing) | CTC Loss: 2.0290 | Aux Loss: 8.0255 | CER: 0.450 | Throughput:  70.9 aud-s/s | LR: 9.96e-06
  [Ref ]: भारतात द्राक्षांचे अनेक प्रकार आहेत...
  [Pred]: माट दा स जसंच आहिक्तक हेती ...

Step   4275/30000 | Phase: 4A (Hard Routing) | CTC Loss: 1.9330 | Aux Loss: 8.0218 | CER: 0.414 | Throughput:  57.7 aud-s/s | LR: 9.96e-06
  [Ref ]: जोरदार पाऊस आणि जंगली प्राणी पिकात संकटा निर्माण करतत...
  [Pred]: जोरतर कावू साठी जमली पाईीपिका संपरता लिमान करत ?...

Step   4300/30000 | Phase: 4A (Hard Routing) | CTC Loss: 1.9933 | Aux Loss: 8.0809 | CER: 0.590 | Throughput: 125.9 aud-s/s | LR: 9.96e-06
  [Ref ]: गॅसचे बिल भरले आहे की नाही हे कुठे तपासता येईल ?...
  [Pred]: द त बिल मुणले आयाकीनाह हेपूकरासता येल ?...

Step   4325/30000 | Phase: 4A (Hard Routing) | CTC Loss: 1.9861 | Aux Loss: 8.0387 | CER: 0.479 | Throughput: 453.9 aud-s/s | LR: 9.96e-06
  [Ref ]: कर्ज कसा फेडुचा ?...
  [Pred]: कर्चा कसा की कोचा ?...

Step   4350/30000 | Phase: 4A (Hard Routing) | CTC Loss: 1.9366 | Aux Loss: 8.0235 | CER: 0.595 | Throughput: 140.7 aud-s/s | LR: 9.96e-06
  [Ref ]: काश्मिरी लोकरीपासून कपडे बनवले जातात...
  [Pred]: कनरी नपरी पासा तप्ड कराले जाता ?...

Step   4375/30000 | Phase: 4A (Hard Routing) | CTC Loss: 1.9453 | Aux Loss: 8.0241 | CER: 0.542 | Throughput:  52.1 aud-s/s | LR: 9.96e-06
  [Ref ]: पैसे जमा करण्यासाठी पिगी बँक हा एक चांगला पर्याय आहे...
  [Pred]: पसम कर्यासाठी पी दि बँयन खा एेक चांला कर्या आहे?...

Step   4400/30000 | Phase: 4A (Hard Routing) | CTC Loss: 1.9658 | Aux Loss: 8.3111 | CER: 0.647 | Throughput:  59.4 aud-s/s | LR: 9.96e-06
  [Ref ]: हवामानाचा अंदाज वेधशाळा किती दिवसा पयले देऊ शकते ?...
  [Pred]: ममालाचा कदादवादीसाणाता विनसा कले बेनू शक केका...

Step   4425/30000 | Phase: 4A (Hard Routing) | CTC Loss: 1.9729 | Aux Loss: 8.0616 | CER: 0.546 | Throughput: 653.3 aud-s/s | LR: 9.96e-06
  [Ref ]: कर्ज ऑनलाइन कसा काडूचा ?...
  [Pred]: कता  जा चा सा करसा ?...

Step   4450/30000 | Phase: 4A (Hard Routing) | CTC Loss: 1.8955 | Aux Loss: 8.0071 | CER: 0.511 | Throughput: 141.7 aud-s/s | LR: 9.96e-06
  [Ref ]: माजाकडे पुरासा दाईत्वा कव्हारेज असा काय ?...
  [Pred]: मयी कुर्स बाइित्व तरजी असाकाय ?...

Step   4475/30000 | Phase: 4A (Hard Routing) | CTC Loss: 1.8955 | Aux Loss: 8.0446 | CER: 0.609 | Throughput: 154.8 aud-s/s | LR: 9.96e-06
  [Ref ]: माझा भाऊ शहरामध्ये गुंतवणूक बँकर च्या रूपात काम करतो...
  [Pred]: माजा कसारमडी संतमी बँपरवातास कान कत?...

Step   4500/30000 | Phase: 4A (Hard Routing) | CTC Loss: 1.8548 | Aux Loss: 8.0716 | CER: 0.388 | Throughput:  64.5 aud-s/s | LR: 9.95e-06
  [Ref ]: मले कपड्याच्या दुकानात क्रेडिट कार्ड वापरता येईन का ?...
  [Pred]: मएे क प्रया्च गू कावस तरेती काड वापर तायईईन का ?...

Step   4525/30000 | Phase: 4A (Hard Routing) | CTC Loss: 1.8956 | Aux Loss: 8.0117 | CER: 0.437 | Throughput: 636.2 aud-s/s | LR: 9.95e-06
  [Ref ]: रिचार्ज कसा करायचा ?...
  [Pred]: कसा करयचा ?...

Step   4550/30000 | Phase: 4A (Hard Routing) | CTC Loss: 1.9513 | Aux Loss: 8.0275 | CER: 0.535 | Throughput: 234.0 aud-s/s | LR: 9.95e-06
  [Ref ]: पिकावर युरीया चा शिडकाव कसा कराचा ?...
  [Pred]: पिकारे जिलयाका सेदा कतका ?...

Step   4575/30000 | Phase: 4A (Hard Routing) | CTC Loss: 1.8801 | Aux Loss: 8.0183 | CER: 0.442 | Throughput:  60.4 aud-s/s | LR: 9.95e-06
  [Ref ]: कमी पानी लागनारं पिक कोनचं ?...
  [Pred]: कही पयही जायारा पे कोनच त ?...

Step   4600/30000 | Phase: 4A (Hard Routing) | CTC Loss: 1.9242 | Aux Loss: 8.0626 | CER: 0.398 | Throughput: 144.5 aud-s/s | LR: 9.95e-06
  [Ref ]: पी.एम कुसुम योजनामा सोलर पंप बसाडी देतस...
  [Pred]: तीए कूस ययजनामा सला कका बासादे देतस ...

Step   4625/30000 | Phase: 4A (Hard Routing) | CTC Loss: 1.8789 | Aux Loss: 8.0208 | CER: 0.407 | Throughput: 673.5 aud-s/s | LR: 9.95e-06
  [Ref ]: ऑफलाईन कर्ज कसा फेडूचा ?...
  [Pred]: माकरा ची कर्ज कसा पडूचा ?...

Step   4650/30000 | Phase: 4A (Hard Routing) | CTC Loss: 1.8856 | Aux Loss: 8.0450 | CER: 0.601 | Throughput:  85.0 aud-s/s | LR: 9.95e-06
  [Ref ]: शेतीमंदी इलेक्ट्रॉनिक वस्तूचा वापर कराचा का ?...
  [Pred]: कीकमनीले टमानी करससां परकरासाका ?...

Step   4675/30000 | Phase: 4A (Hard Routing) | CTC Loss: 1.8677 | Aux Loss: 8.0208 | CER: 0.534 | Throughput: 240.5 aud-s/s | LR: 9.95e-06
  [Ref ]: रमेशने उन्हाळी पिकात टरबूजाचे उत्पादन घेतले...
  [Pred]: रामँ ने रारे किता त मना केव पाकर वेते...

Step   4700/30000 | Phase: 4A (Hard Routing) | CTC Loss: 1.8922 | Aux Loss: 8.0443 | CER: 0.454 | Throughput: 165.0 aud-s/s | LR: 9.95e-06
  [Ref ]: फेअर ट्रेड लेबलिंग संस्था फाइनने विकसित केलेली फेअर ट्रेडची व्याख्या व...
  [Pred]: हयर्डे एेबनिन सस्ता आायमी विकसे केलीक पेयवे पैची ब्य्य वाला ते...

Step   4725/30000 | Phase: 4A (Hard Routing) | CTC Loss: 1.8960 | Aux Loss: 8.0443 | CER: 0.533 | Throughput: 170.6 aud-s/s | LR: 9.95e-06
  [Ref ]: यू.पी.आय चो पूर्ण अर्थ काय ?...
  [Pred]: यिपे. क का रता ?...

Step   4750/30000 | Phase: 4A (Hard Routing) | CTC Loss: 1.9024 | Aux Loss: 8.0403 | CER: 0.344 | Throughput:  95.7 aud-s/s | LR: 9.94e-06
  [Ref ]: भात लावण्यासाठी कोणते उपकरण वापरावे लागेल ?...
  [Pred]: आात वण्यासाठी कोंती उपवरा मोकालेजाजे ?...

Step   4775/30000 | Phase: 4A (Hard Routing) | CTC Loss: 1.8307 | Aux Loss: 7.9909 | CER: 0.559 | Throughput: 181.8 aud-s/s | LR: 9.94e-06
  [Ref ]: मी कार्डशिवाय ए.टी.एम मधून पैसे काढण्याची सुविधा सुरू केली...
  [Pred]: मिकरशवा ए्टीनमि पसा काचा सोवध्या सरूकेल?...

Step   4800/30000 | Phase: 4A (Hard Routing) | CTC Loss: 1.9223 | Aux Loss: 8.0954 | CER: 0.485 | Throughput:  83.2 aud-s/s | LR: 9.94e-06
  [Ref ]: रब्बी हंगामाक खयला पीक चांगला होईत ?...
  [Pred]: मरपी आ आममा खयला पेचांलावय...

Step   4825/30000 | Phase: 4A (Hard Routing) | CTC Loss: 1.8274 | Aux Loss: 8.0165 | CER: 0.455 | Throughput:  51.8 aud-s/s | LR: 9.94e-06
  [Ref ]: गुंतवणूक खय खय करू शकतव ?...
  [Pred]: मजाना खायया करू शकता ?...

Step   4850/30000 | Phase: 4A (Hard Routing) | CTC Loss: 1.9133 | Aux Loss: 8.0290 | CER: 0.499 | Throughput: 393.2 aud-s/s | LR: 9.94e-06
  [Ref ]: कर्ज कितके दिवसात फेडूचा लागता ?...
  [Pred]: ा कितचे दिकात खडूच लाता ?...

Step   4875/30000 | Phase: 4A (Hard Routing) | CTC Loss: 1.9117 | Aux Loss: 8.0265 | CER: 0.488 | Throughput: 256.6 aud-s/s | LR: 9.94e-06
  [Ref ]: हा एक कर आहे जो सरकार लोकांच्या उत्पन्नातून घेते...
  [Pred]: माए कामाहिचे सरकार रोपांच्या पित्कनातून जेते?...

Step   4900/30000 | Phase: 4A (Hard Routing) | CTC Loss: 1.9547 | Aux Loss: 8.0576 | CER: 0.675 | Throughput:  53.9 aud-s/s | LR: 9.94e-06
  [Ref ]: स्टॉक ब्रोकर आपल्याकडसून जी फी घेतत त्येका ब्रोकरेज म्हणतत...
  [Pred]: क बोक कय करसस्त हेया कपर साता?...

Step   4925/30000 | Phase: 4A (Hard Routing) | CTC Loss: 1.8940 | Aux Loss: 8.0145 | CER: 0.504 | Throughput: 782.2 aud-s/s | LR: 9.94e-06
  [Ref ]: वांग्यांची लागवड कशी करावी ?...
  [Pred]: बानयची ान कसे करावे ?...

Step   4950/30000 | Phase: 4A (Hard Routing) | CTC Loss: 1.8434 | Aux Loss: 8.0301 | CER: 0.465 | Throughput: 121.5 aud-s/s | LR: 9.94e-06
  [Ref ]: माझे खाते पाहून मी कर्ज मिळवण्यास पात्र आहे काय ?...
  [Pred]: आजे खामाहनी पज विरनया पापा यल का ?...

Step   4975/30000 | Phase: 4A (Hard Routing) | CTC Loss: 1.8561 | Aux Loss: 8.0268 | CER: 0.555 | Throughput: 222.9 aud-s/s | LR: 9.94e-06
  [Ref ]: मोत्यांच्या लागवडीमुळे शेतकऱ्यांचे उत्पन्न वाढते...
  [Pred]: मोयाच्या लागडि मये शककर् चोउपरे वाढते...

Step   5000/30000 | Phase: 4A (Hard Routing) | CTC Loss: 1.8410 | Aux Loss: 8.0748 | CER: 0.443 | Throughput: 177.9 aud-s/s | LR: 9.93e-06
  [Ref ]: एफ.डी.आय चा वैशिष्ट्य म्हणजे येका देशातलो व्यवसाय उपक्रमाचो मालकी एखाद...
  [Pred]: एेट.बियायचावशितमये खदेचयात सु वेोचा उपचा माचो मात कज्याचा करदर नी कलता...

  🌟 New Best Model! cer = 0.4434 (Saved to best_model.pt)
  [Checkpoint] Step 5000 saved to runs\no-splitformer-moe-only\checkpoints\stage2_moe
Step   5025/30000 | Phase: 4A (Hard Routing) | CTC Loss: 1.8276 | Aux Loss: 8.0611 | CER: 0.549 | Throughput: 688.5 aud-s/s | LR: 9.93e-06
  [Ref ]: विमा म्हटल्या काय ?...
  [Pred]: कमण केयचा ?...

Step   5050/30000 | Phase: 4A (Hard Routing) | CTC Loss: 1.8869 | Aux Loss: 8.0230 | CER: 0.486 | Throughput:  82.9 aud-s/s | LR: 9.93e-06
  [Ref ]: दुभते जनावरं मिळाले कोनकोनचे कागद लागन ?...
  [Pred]: ते जनावर कन का कोनचे जागर लवा ?...

Step   5075/30000 | Phase: 4A (Hard Routing) | CTC Loss: 1.8359 | Aux Loss: 8.0133 | CER: 0.514 | Throughput: 214.6 aud-s/s | LR: 9.93e-06
  [Ref ]: बँकांच्या सुविधा ज्यांना लाभत नाही अशा लोकांसाठी ही बँक आहे...
  [Pred]: बँंकांच्या समिदारजयना वाबद नाल्यासा रपचमही बँां आहे...

Step   5100/30000 | Phase: 4A (Hard Routing) | CTC Loss: 1.8391 | Aux Loss: 8.0623 | CER: 0.427 | Throughput: 122.1 aud-s/s | LR: 9.93e-06
  [Ref ]: क्रेडिट कार्डचो अर्ज करुच्या खातीर काय करूचा पडता ?...
  [Pred]: रेडिट का चो पज करूच्च्याखाती कायदचा परता ?...

Step   5125/30000 | Phase: 4A (Hard Routing) | CTC Loss: 1.7696 | Aux Loss: 8.0107 | CER: 0.522 | Throughput: 670.9 aud-s/s | LR: 9.93e-06
  [Ref ]: तुषार सिंचनाचे फायदे कोनचे हाये ?...
  [Pred]: सा संत्ाचे का्दे कोनत के ?...

Step   5150/30000 | Phase: 4A (Hard Routing) | CTC Loss: 1.8720 | Aux Loss: 7.9971 | CER: 0.600 | Throughput: 143.2 aud-s/s | LR: 9.93e-06
  [Ref ]: तण नष्ट करण्यासाठी रसायनांचा वापर केला जातो...
  [Pred]: ात पष्ट करयायायचा सायडाचा वापन केला कात?...

Step   5175/30000 | Phase: 4A (Hard Routing) | CTC Loss: 1.8709 | Aux Loss: 8.0281 | CER: 0.541 | Throughput: 161.7 aud-s/s | LR: 9.93e-06
  [Ref ]: शेळ्यांची खयची जात सगळ्यात जास्त दूध देता ?...
  [Pred]: सयासा कच्या दात्चारणा जास कद घेता ?...

Step   5200/30000 | Phase: 4A (Hard Routing) | CTC Loss: 1.7834 | Aux Loss: 8.0676 | CER: 0.411 | Throughput: 152.4 aud-s/s | LR: 9.93e-06
  [Ref ]: सोहेल राजकुमारला कामगार तपासणीच्या इतिहासाबद्दल विचारले...
  [Pred]: सो राट्कुमारला कांगार कयनीच्या एकी्यासा बदन कनाले ईेता ...

Step   5225/30000 | Phase: 4A (Hard Routing) | CTC Loss: 1.7948 | Aux Loss: 8.0926 | CER: 0.542 | Throughput: 601.9 aud-s/s | LR: 9.92e-06
  [Ref ]: रिचार्ज कसा करायचा ?...
  [Pred]: िचे कका करयचा ?...

Step   5250/30000 | Phase: 4A (Hard Routing) | CTC Loss: 1.8862 | Aux Loss: 8.0164 | CER: 0.465 | Throughput: 189.5 aud-s/s | LR: 9.92e-06
  [Ref ]: यु.पी.आय म्हणजे काय ?...
  [Pred]: यो.पीक काय म्हणचे काये ?...

Step   5275/30000 | Phase: 4A (Hard Routing) | CTC Loss: 1.7634 | Aux Loss: 8.0046 | CER: 0.386 | Throughput: 114.8 aud-s/s | LR: 9.92e-06
  [Ref ]: सिंचनामुळे पर्यावरणातील जलप्रदूषणही वाढत आहे...
  [Pred]: सिंयना मिईी परयवानातीक केकटर गुशंमी वारत आहे...

Step   5300/30000 | Phase: 4A (Hard Routing) | CTC Loss: 1.8092 | Aux Loss: 8.0754 | CER: 0.515 | Throughput: 109.0 aud-s/s | LR: 9.92e-06
  [Ref ]: म्हशीच्या शेणाचा उपयोग अगरबत्ती किंवा इतर काही वस्तू बनविण्यासाठी होतो...
  [Pred]: मतीचया सेीचा पेगार्रक्तीचीव वकर पाय वस्ती बारवण्यासाठी वोटो का ?...

Step   5325/30000 | Phase: 4A (Hard Routing) | CTC Loss: 1.7315 | Aux Loss: 8.0245 | CER: 0.498 | Throughput: 655.7 aud-s/s | LR: 9.92e-06
  [Ref ]: बुरशीनाशक औषधे कोणती आहेत ?...
  [Pred]: सष न्यासा मा केली कारते आहे ?...

Step   5350/30000 | Phase: 4A (Hard Routing) | CTC Loss: 1.7924 | Aux Loss: 8.0025 | CER: 0.415 | Throughput: 266.1 aud-s/s | LR: 9.92e-06
  [Ref ]: शेती समुदायात पशुपालनाचो एक महत्त्व पूर्ण हिस्सो असा...
  [Pred]: शितीचा हदआात पशी पाल्याचो री भाास्ना पणन शो अस?...

Step   5375/30000 | Phase: 4A (Hard Routing) | CTC Loss: 1.7480 | Aux Loss: 7.9936 | CER: 0.474 | Throughput: 361.1 aud-s/s | LR: 9.92e-06
  [Ref ]: महसूल हा आपल्या दैनंदिन जीवनाचा अविभाज्य भाग आहे...
  [Pred]: मल खहा पल्याद् दिं जिन्नाचया अली कंचे भा आहे...

Step   5400/30000 | Phase: 4A (Hard Routing) | CTC Loss: 1.7786 | Aux Loss: 8.0446 | CER: 0.587 | Throughput: 130.3 aud-s/s | LR: 9.92e-06
  [Ref ]: मी काल बँकेत ठेवी खाते उघडले आणि के.वाय.सी चा अर्जही भरला आहे...
  [Pred]: मी क बात पिबी खतंबडे केएसाता आजानी गिले आहेत...

Step   5425/30000 | Phase: 4A (Hard Routing) | CTC Loss: 1.8884 | Aux Loss: 8.0261 | CER: 0.590 | Throughput: 220.7 aud-s/s | LR: 9.91e-06
  [Ref ]: बिल पे कसा करुचा ?...
  [Pred]: .वीय आस ाय ?...

Step   5450/30000 | Phase: 4A (Hard Routing) | CTC Loss: 1.8168 | Aux Loss: 8.0257 | CER: 0.431 | Throughput: 255.4 aud-s/s | LR: 9.91e-06
  [Ref ]: कर्ज फेडूक नाय तर काय प्रोब्लेम जाता ?...
  [Pred]: कर्ज केडक मायका काय पोलन जाता ?...

Step   5475/30000 | Phase: 4A (Hard Routing) | CTC Loss: 1.8634 | Aux Loss: 8.0111 | CER: 0.521 | Throughput: 158.6 aud-s/s | LR: 9.91e-06
  [Ref ]: एफ.ए.ओ चे मुख्य प्रशासकीय अधिकारी म्हणून काम करते...
  [Pred]: एह.टी रोचे ची प्रषस्ते अदे काले मन काम कत ?...

Step   5500/30000 | Phase: 4A (Hard Routing) | CTC Loss: 1.7983 | Aux Loss: 8.0301 | CER: 0.534 | Throughput:  83.6 aud-s/s | LR: 9.91e-06
  [Ref ]: मोबाईल रिचार्ज , लाईट बिल यांसारखी बिला आम्ही यू.पी.आय सेवेतून करू शकत...
  [Pred]: जिबारवीचया लाय बिल्याकरक विना आमी उोप्यासा सप करू शकतता...

Step   5525/30000 | Phase: 4A (Hard Routing) | CTC Loss: 1.7970 | Aux Loss: 8.0609 | CER: 0.567 | Throughput: 472.8 aud-s/s | LR: 9.91e-06
  [Ref ]: ऑनलाइन विमो कसो काढायचो ?...
  [Pred]: ज मी मा कसीलायचा ?...

Step   5550/30000 | Phase: 4A (Hard Routing) | CTC Loss: 1.8113 | Aux Loss: 8.0275 | CER: 0.675 | Throughput: 473.7 aud-s/s | LR: 9.91e-06
  [Ref ]: ह्या देशी आणि आंतरराष्ट्रीय व्यापार देवघेव दोन्हींशी संबंधित आसा...
  [Pred]: बनाया कर वा कर स्सा का च ला व्या ना हवी क्या मदी कसा...

Step   5575/30000 | Phase: 4A (Hard Routing) | CTC Loss: 1.6963 | Aux Loss: 8.0155 | CER: 0.456 | Throughput: 160.3 aud-s/s | LR: 9.91e-06
  [Ref ]: ई कॉमर्सच्या माध्यमातून दिवस रात्र व्यवसाय करता येतो का ?...
  [Pred]: कामर्ता माध्ये मातू बिवत लात्रा येवगारा करता ये यो का ?...

Step   5600/30000 | Phase: 4A (Hard Routing) | CTC Loss: 1.7212 | Aux Loss: 8.0862 | CER: 0.519 | Throughput:  97.3 aud-s/s | LR: 9.91e-06
  [Ref ]: नागिन किड टमाट्यावर आली नाही पाहिजे त्याले काय करा लागन ?...
  [Pred]: किमातीम्की लितण्यास्य् हव संगी माल काती कारले काय करावाहा...

Step   5625/30000 | Phase: 4A (Hard Routing) | CTC Loss: 1.8233 | Aux Loss: 8.0773 | CER: 0.613 | Throughput: 474.0 aud-s/s | LR: 9.90e-06
  [Ref ]: बँकेत बिल कसा भरुचा ?...
  [Pred]: मँके बिलकार काचा क ?...

Step   5650/30000 | Phase: 4A (Hard Routing) | CTC Loss: 1.8383 | Aux Loss: 8.0077 | CER: 0.441 | Throughput: 255.7 aud-s/s | LR: 9.90e-06
  [Ref ]: आपण कधी म्युच्युअल फंडात पैसे गुंतवले आहेत का ?...
  [Pred]: आपकरदीमुट्कोण करात पैशे गलोले आहे का ?...

Step   5675/30000 | Phase: 4A (Hard Routing) | CTC Loss: 1.9230 | Aux Loss: 8.0146 | CER: 0.497 | Throughput: 182.4 aud-s/s | LR: 9.90e-06
  [Ref ]: सागरी विम्याचे हप्ते कसे असतील ?...
  [Pred]: सडली बिताचेय.ते कसी आहेती ?...

Step   5700/30000 | Phase: 4A (Hard Routing) | CTC Loss: 1.7714 | Aux Loss: 7.9951 | CER: 0.514 | Throughput:  89.1 aud-s/s | LR: 9.90e-06
  [Ref ]: एफ.डी ना फॉर्म भरानी टाईमले साक्षीदारनं दुसरी बँकमा खातं व्हयी ते चालस...
  [Pred]: य.बिना पोणगरा येटानली सकषीदारमधदसे बँल पखात माहती तालस का...

Step   5725/30000 | Phase: 4A (Hard Routing) | CTC Loss: 1.7381 | Aux Loss: 8.0562 | CER: 0.506 | Throughput: 498.2 aud-s/s | LR: 9.90e-06
  [Ref ]: व्याज दर काय आस्तलो ?...
  [Pred]: ला जर काय आस ?...

Step   5750/30000 | Phase: 4A (Hard Routing) | CTC Loss: 1.7519 | Aux Loss: 8.0540 | CER: 0.636 | Throughput: 159.3 aud-s/s | LR: 9.90e-06
  [Ref ]: बँकिंगच्या अभ्यासाशी संबंधित विषय म्हणजे पैसा...
  [Pred]: बागीदादकी सांमलेत मिसे मल जता...

Step   5775/30000 | Phase: 4A (Hard Routing) | CTC Loss: 1.8723 | Aux Loss: 7.9999 | CER: 0.552 | Throughput: 236.1 aud-s/s | LR: 9.90e-06
  [Ref ]: काटेदार करवंदा मसाला लाऊन तळून खातत...
  [Pred]: आपेदार करना मललाककामंठ अत ?...

Step   5800/30000 | Phase: 4A (Hard Routing) | CTC Loss: 1.7682 | Aux Loss: 8.0461 | CER: 0.393 | Throughput: 122.9 aud-s/s | LR: 9.89e-06
  [Ref ]: हानीकारक तणा ची कापणी केली नाही तर , आपल्याला शेतीमध्ये नुकसान होऊ शकत...
  [Pred]: हाणी कारतकरणाची कापनी कतीनाही तर आपलयला शेती मध्ये मुकसा होऊू शकतो...

Step   5825/30000 | Phase: 4A (Hard Routing) | CTC Loss: 1.7215 | Aux Loss: 8.0637 | CER: 0.467 | Throughput: 481.7 aud-s/s | LR: 9.89e-06
  [Ref ]: चवळी पीक कसा लावचा ?...
  [Pred]: चोवलती कसा र ?...

Step   5850/30000 | Phase: 4A (Hard Routing) | CTC Loss: 1.7562 | Aux Loss: 7.9928 | CER: 0.374 | Throughput: 554.9 aud-s/s | LR: 9.89e-06
  [Ref ]: क्रेडिट कार्डचे डिटेल्स ए.टी.एम मशीनद्वारे कसे बघू शकतो ?...
  [Pred]: रुडिक कारचे बिटस ए मशीन द्वार कसे भाव शकत...

Step   5875/30000 | Phase: 4A (Hard Routing) | CTC Loss: 1.7448 | Aux Loss: 8.0075 | CER: 0.377 | Throughput:  60.7 aud-s/s | LR: 9.89e-06
  [Ref ]: बासमती तांदळातील जास्त उत्पन्न देणारा प्रकार कोणता ?...
  [Pred]: बासमदि तांगवाती ्जास्तउत पणा देनार ्रकार कोणका ?...

Step   5900/30000 | Phase: 4A (Hard Routing) | CTC Loss: 1.7546 | Aux Loss: 8.0734 | CER: 0.485 | Throughput: 130.4 aud-s/s | LR: 9.89e-06
  [Ref ]: येवसायना शिक्सनमा जबाबदारीनं भान येवाले जोयजे अशा ईषय शिकाडतस...
  [Pred]: एनसलाना शक्संम झवाग दारिने मानी य वालाजजे असना उशमाश...

Step   5925/30000 | Phase: 4A (Hard Routing) | CTC Loss: 1.7695 | Aux Loss: 8.0860 | CER: 0.550 | Throughput: 202.3 aud-s/s | LR: 9.89e-06
  [Ref ]: क्रेडिट कार्ड का हाय ?...
  [Pred]: करडक काड काय ाते ?...

Step   5950/30000 | Phase: 4A (Hard Routing) | CTC Loss: 1.7014 | Aux Loss: 8.0102 | CER: 0.325 | Throughput: 143.4 aud-s/s | LR: 9.89e-06
  [Ref ]: हिरवे खत पिकासाठी फायदेशीर आहे...
  [Pred]: एरिमे खत पिकासाठी कायतेसीर आहे...

Step   5975/30000 | Phase: 4A (Hard Routing) | CTC Loss: 1.8707 | Aux Loss: 8.0376 | CER: 0.506 | Throughput: 141.8 aud-s/s | LR: 9.88e-06
  [Ref ]: ठिबक सिंचनचा फायदा काय राह्यतो ?...
  [Pred]: किबक सितकचा सराद काय रा हते ?...

Step   6000/30000 | Phase: 4A (Hard Routing) | CTC Loss: 1.6883 | Aux Loss: 8.0384 | CER: 0.513 | Throughput: 120.3 aud-s/s | LR: 9.88e-06
  [Ref ]: क्रेडिट कार्डची कालबाह्यता तारीख सहसा सोळा अंकी खाते क्रमांकाच्या तळाश...
  [Pred]: मयीट कार्किकार मागेरासारीक सवसा सवा माती खाती कामासाठे तराची चापलील ल्...

  [Checkpoint] Step 6000 saved to runs\no-splitformer-moe-only\checkpoints\stage2_moe
Step   6025/30000 | Phase: 4A (Hard Routing) | CTC Loss: 1.8299 | Aux Loss: 8.0860 | CER: 0.560 | Throughput: 622.8 aud-s/s | LR: 9.88e-06
  [Ref ]: शिक्षणाक कीतक्या कर्ज मिलात ?...
  [Pred]: शेशणा कित्ा ककायाजा ?...

Step   6050/30000 | Phase: 4A (Hard Routing) | CTC Loss: 1.7083 | Aux Loss: 8.0006 | CER: 0.402 | Throughput: 425.8 aud-s/s | LR: 9.88e-06
  [Ref ]: गहू काढण्यासाठी कोणते मशीन वापरावे ?...
  [Pred]: गहू आाढड्दसाती कोते मसीन माप्रावे ?...

Step   6075/30000 | Phase: 4A (Hard Routing) | CTC Loss: 1.6699 | Aux Loss: 8.0054 | CER: 0.380 | Throughput: 185.2 aud-s/s | LR: 9.88e-06
  [Ref ]: पोषण तत्व एक पारदर्शक पदार्थ असा तो जेली बनवूक वापरतत...
  [Pred]: कसंत्ो एत पार दर्सत नारता आसाय जोल केजिनी वनमा वत...

Step   6100/30000 | Phase: 4A (Hard Routing) | CTC Loss: 1.7358 | Aux Loss: 8.0409 | CER: 0.446 | Throughput: 144.5 aud-s/s | LR: 9.88e-06
  [Ref ]: ऑनलाइन फ्लिपकार्ट वर वेगवेगळ्या प्रकारचे पिगी बँक उपलब्ध आहेत...
  [Pred]: ऑनलान केत कारट वरवयतनल्या पर्चे डिक तिकी बँ कोपलब्द आहेत...

Step   6125/30000 | Phase: 4A (Hard Routing) | CTC Loss: 1.8060 | Aux Loss: 8.0497 | CER: 0.455 | Throughput: 486.8 aud-s/s | LR: 9.88e-06
  [Ref ]: विम्याक अर्ज कसो करायचो ?...
  [Pred]: विळव्या का्काकचो कराय चाक  ?...

Step   6150/30000 | Phase: 4A (Hard Routing) | CTC Loss: 1.7317 | Aux Loss: 8.0050 | CER: 0.486 | Throughput: 259.8 aud-s/s | LR: 9.87e-06
  [Ref ]: श्यामचे काका एका कंपनीचे शेअर होल्डर आहेत...
  [Pred]: ारची पाता एेका कंपरीचे शेवन भारा हेत ...

Step   6175/30000 | Phase: 4A (Hard Routing) | CTC Loss: 1.6958 | Aux Loss: 8.0099 | CER: 0.381 | Throughput: 160.5 aud-s/s | LR: 9.87e-06
  [Ref ]: मोटरीने दिल्या जाणाऱ्या पाण्याचे मोजमाप करता येईल का ?...
  [Pred]: मोट्रीने देलय काराल्या पाती मोजमा करता येईल का...

Step   6200/30000 | Phase: 4A (Hard Routing) | CTC Loss: 1.6581 | Aux Loss: 8.0341 | CER: 0.400 | Throughput: 122.4 aud-s/s | LR: 9.87e-06
  [Ref ]: शेतीबाबत केंद्र आणि राज्य सरकारा येगयेगळे धोरण चालवतत...
  [Pred]: शिकी बवत कंज् णिनाचोसाकारा हग विम्ही आज चालवता...

Step   6225/30000 | Phase: 4A (Hard Routing) | CTC Loss: 1.7661 | Aux Loss: 8.0684 | CER: 0.455 | Throughput: 486.3 aud-s/s | LR: 9.87e-06
  [Ref ]: तो खेकड्या सारखा दिसतो...
  [Pred]: क खिप्ी कार ा जसते ?...

Step   6250/30000 | Phase: 4A (Hard Routing) | CTC Loss: 1.8024 | Aux Loss: 8.0133 | CER: 0.606 | Throughput: 275.2 aud-s/s | LR: 9.87e-06
  [Ref ]: कास्तकाराइच्या मालाची किंमत नेहमी चढ उतार काऊन होते ?...
  [Pred]: सताकरी ेमानानी मन मनी जेम कारो...

Step   6275/30000 | Phase: 4A (Hard Routing) | CTC Loss: 1.7578 | Aux Loss: 8.0407 | CER: 0.469 | Throughput: 121.8 aud-s/s | LR: 9.87e-06
  [Ref ]: मोहन म्हणाला की , पोस्टपेड मोबाइल रिचार्ज महाग झाला आहे...
  [Pred]: मोहन मनायेत चीकपर मोपदेचाची महग जाला आहे...

Step   6300/30000 | Phase: 4A (Hard Routing) | CTC Loss: 1.6824 | Aux Loss: 8.1951 | CER: 0.474 | Throughput:  45.9 aud-s/s | LR: 9.86e-06
  [Ref ]: गहू लोम्बावर आल्यावर तुषार सिंचन बिनकामाचं ठराचं कारन का असन ?...
  [Pred]: पिमी लोगग्याला लण्याला पुसासींजा बिंकामाचया व्ळणाचाताल का असन...

Step   6325/30000 | Phase: 4A (Hard Routing) | CTC Loss: 1.7240 | Aux Loss: 8.0741 | CER: 0.466 | Throughput: 383.9 aud-s/s | LR: 9.86e-06
  [Ref ]: रिचार्ज कसा करायचा ?...
  [Pred]: वचा कसा करयतचा ?...

Step   6350/30000 | Phase: 4A (Hard Routing) | CTC Loss: 1.6827 | Aux Loss: 8.0121 | CER: 0.390 | Throughput: 491.3 aud-s/s | LR: 9.86e-06
  [Ref ]: द्राक्ष काढणीसाठी कोणते उपकरण उपयुक्त आहे ?...
  [Pred]: क्षेका्चीसाठी कोणतय उपपरा लोपलेती आहे ?...

Step   6375/30000 | Phase: 4A (Hard Routing) | CTC Loss: 1.7448 | Aux Loss: 8.0172 | CER: 0.591 | Throughput: 400.9 aud-s/s | LR: 9.86e-06
  [Ref ]: बाजारात नेण्याचा वाहतूक खर्च कसा कमी करावा ?...
  [Pred]: बााजा लात केण्ाजा माती कर्ज कसे कही करा वे ?...

Step   6400/30000 | Phase: 4A (Hard Routing) | CTC Loss: 1.7084 | Aux Loss: 8.0068 | CER: 0.464 | Throughput:  90.3 aud-s/s | LR: 9.86e-06
  [Ref ]: पीक रोटेशन पद्धतीनं नाही घेतलं तर काय होईन ?...
  [Pred]: एकरटेशेन दसातीना नाही घेतनातर काय मोईन ?...

Step   6425/30000 | Phase: 4A (Hard Routing) | CTC Loss: 1.7042 | Aux Loss: 8.0444 | CER: 0.357 | Throughput: 682.6 aud-s/s | LR: 9.86e-06
  [Ref ]: दादा हेज काय शे ?...
  [Pred]: दादा हीज कायजी ?...

Step   6450/30000 | Phase: 4A (Hard Routing) | CTC Loss: 1.7491 | Aux Loss: 8.0319 | CER: 0.460 | Throughput:  36.5 aud-s/s | LR: 9.86e-06
  [Ref ]: टरबूजाची लागवड कोनत्या हंगामात कराव ?...
  [Pred]: कतबची जागोर कते ाअंदभातता ?...

Step   6475/30000 | Phase: 4A (Hard Routing) | CTC Loss: 1.6678 | Aux Loss: 8.0125 | CER: 0.467 | Throughput: 866.8 aud-s/s | LR: 9.85e-06
  [Ref ]: पहाडी शेतीने पर्यावरण आणि सांस्कृतिक दृष्ट्या दोन्ही भागांना आकार दिला...
  [Pred]: यातिले पर्यावर नानी सांस्रतिक क्येदुनी बागान ाआकार दिला...

Step   6500/30000 | Phase: 4A (Hard Routing) | CTC Loss: 1.6565 | Aux Loss: 8.0784 | CER: 0.368 | Throughput:  51.2 aud-s/s | LR: 9.85e-06
  [Ref ]: गुरांमध्ये प्रजनन क्षमता वाढवण्यासाठी शेतकरी मुवीस हार्मोनचा वापर करता...
  [Pred]: गुरन महय तजनीक शमता वाढवण्यासाठी शेतकरी मोणीसहामूंतर वापर करता...

Step   6525/30000 | Phase: 4A (Hard Routing) | CTC Loss: 1.6930 | Aux Loss: 8.0878 | CER: 0.580 | Throughput:  28.4 aud-s/s | LR: 9.85e-06
  [Ref ]: आज हवामान किती आसा ?...
  [Pred]: खर्जा काका किक कय आसा ?...

Step   6550/30000 | Phase: 4A (Hard Routing) | CTC Loss: 1.5851 | Aux Loss: 8.0231 | CER: 0.368 | Throughput:  43.3 aud-s/s | LR: 9.85e-06
  [Ref ]: सगळं शेन खत वापरुन शेती करता येईन का ?...
  [Pred]: सगडा शेनखयत वाप्रन शेती करता येई का ?...

Step   6575/30000 | Phase: 4A (Hard Routing) | CTC Loss: 1.6647 | Aux Loss: 8.0052 | CER: 0.384 | Throughput: 158.1 aud-s/s | LR: 9.85e-06
  [Ref ]: मी व्यवस्थापकाला माझ्या खात्याला सॅलरी खात्यात रूपांतरित करण्यास सांगि...
  [Pred]: हमव कापकाला माझ्या खात्याला स्यानेणी खात्यात उपांकरिक कयस सा हिते...

Step   6600/30000 | Phase: 4A (Hard Routing) | CTC Loss: 1.7459 | Aux Loss: 8.0384 | CER: 0.521 | Throughput: 116.8 aud-s/s | LR: 9.85e-06
  [Ref ]: पोस्टपेड कनेक्शन म्हणजे तुम्ही तुमच्यो फोनची सेवा वापरलानंतर पैसो देता...
  [Pred]: उोस्टेडगनि्शन मध्जे खसुम्चो फोची सेताना पाये अ्त पैसे येत...

Step   6625/30000 | Phase: 4A (Hard Routing) | CTC Loss: 1.6303 | Aux Loss: 8.0264 | CER: 0.586 | Throughput: 504.3 aud-s/s | LR: 9.84e-06
  [Ref ]: कर्ज फेडूक नाय तर ?...
  [Pred]: कर्जा शक क नाय कर ?...

Step   6650/30000 | Phase: 4A (Hard Routing) | CTC Loss: 1.6196 | Aux Loss: 8.0155 | CER: 0.399 | Throughput: 133.5 aud-s/s | LR: 9.84e-06
  [Ref ]: मोहनचे वडील येस बँकेत व्यवस्थापक आहेत...
  [Pred]: होहनचे वडील अ पाकेत वेयवस्टाप कावे ?...

Step   6675/30000 | Phase: 4A (Hard Routing) | CTC Loss: 1.6575 | Aux Loss: 8.0315 | CER: 0.454 | Throughput: 286.9 aud-s/s | LR: 9.84e-06
  [Ref ]: पगार खास करून जेव्हा ते शिक्षण , कायदा किंवा वैद्यकीय क्षेत्रांमध्ये अ...
  [Pred]: पगा खास कान जेमातते शिक्षन कायदाती वाळयजे के शेक्रम्े आाता...

Step   6700/30000 | Phase: 4A (Hard Routing) | CTC Loss: 1.6100 | Aux Loss: 8.0256 | CER: 0.363 | Throughput:  45.7 aud-s/s | LR: 9.84e-06
  [Ref ]: आपण मनाप्रमाणे व्यवहाराची मर्यादा निश्चित करू शकतो...
  [Pred]: आपर मलना प्रमाले वेवराची वल्या दानीचेत करू शकतो...

Step   6725/30000 | Phase: 4A (Hard Routing) | CTC Loss: 1.6462 | Aux Loss: 8.0426 | CER: 0.343 | Throughput: 658.0 aud-s/s | LR: 9.84e-06
  [Ref ]: के.वाय.सी कायले म्हनते ?...
  [Pred]: के.वाय.ची कायले म्हनते ?...

Step   6750/30000 | Phase: 4A (Hard Routing) | CTC Loss: 1.6660 | Aux Loss: 8.0317 | CER: 0.457 | Throughput: 103.5 aud-s/s | LR: 9.84e-06
  [Ref ]: खता पिकाक पोषक आसत काय ह्या कसा बगायचा ?...
  [Pred]: खतत का कारूशे वासुत काय हा पर काले सा ?...

Step   6775/30000 | Phase: 4A (Hard Routing) | CTC Loss: 1.6071 | Aux Loss: 8.0134 | CER: 0.407 | Throughput:  77.7 aud-s/s | LR: 9.83e-06
  [Ref ]: मले विणकामासाठी किती रुपयानं कर्ज भेटन ?...
  [Pred]: मलेबीन काम्यासाठठी कितीरपयआने कर्ज भेट ?...

Step   6800/30000 | Phase: 4A (Hard Routing) | CTC Loss: 1.6531 | Aux Loss: 8.0124 | CER: 0.528 | Throughput: 113.2 aud-s/s | LR: 9.83e-06
  [Ref ]: नर्सरी ही अशी जागा आहे जिथे वनस्पतींचा प्रचार आणि विकास केला जातो...
  [Pred]: मसक अशि कादा आरणेजी तेवापती चापाच्या स बिकस केल जाते...

Step   6825/30000 | Phase: 4A (Hard Routing) | CTC Loss: 1.6280 | Aux Loss: 8.0681 | CER: 0.388 | Throughput: 609.5 aud-s/s | LR: 9.83e-06
  [Ref ]: कर्ज फेडूक नाय तर ?...
  [Pred]: कर्ज कडूक माहत ?...

Step   6850/30000 | Phase: 4A (Hard Routing) | CTC Loss: 1.6777 | Aux Loss: 7.9929 | CER: 0.444 | Throughput: 190.3 aud-s/s | LR: 9.83e-06
  [Ref ]: खयल्या हंगामातली शेती जास्त फायद्याची ठरता ?...
  [Pred]: खरले हंगा मातेती शि तया्ा खाय देजी करता ...

Step   6875/30000 | Phase: 4A (Hard Routing) | CTC Loss: 1.6880 | Aux Loss: 8.0120 | CER: 0.317 | Throughput: 137.5 aud-s/s | LR: 9.83e-06
  [Ref ]: दुकानदार कास्तकाराइसोबत फोनवर चर्चा कशी करन ?...
  [Pred]: दुकांडा पास्ता कारा ेसेजत कोम चात कैशी ठेरनत ?...

Step   6900/30000 | Phase: 4A (Hard Routing) | CTC Loss: 1.6854 | Aux Loss: 8.0321 | CER: 0.378 | Throughput: 171.9 aud-s/s | LR: 9.82e-06
  [Ref ]: वस्तू गहाण ठेवून मला सहामाही कर्ज मिळेल का ?...
  [Pred]: वस्ठोजान क्रोड र सहनाई कर्ज मिळलता...

Step   6925/30000 | Phase: 4A (Hard Routing) | CTC Loss: 1.6149 | Aux Loss: 8.0322 | CER: 0.419 | Throughput: 482.1 aud-s/s | LR: 9.82e-06
  [Ref ]: गुंतवणूक योजना खयचे खयचे आसत ?...
  [Pred]: गुजा मनत्ा ा कायचे कैयच असत ?...

Step   6950/30000 | Phase: 4A (Hard Routing) | CTC Loss: 1.5891 | Aux Loss: 8.0106 | CER: 0.395 | Throughput:  66.2 aud-s/s | LR: 9.82e-06
  [Ref ]: छोट्या धंद्यासाठी मले कितीक रुपयानं कर्ज भेटन ?...
  [Pred]: सोता बंद्यासाठासाले किती की कायनं कर्ज भेता ?...

Step   6975/30000 | Phase: 4A (Hard Routing) | CTC Loss: 1.7025 | Aux Loss: 8.0546 | CER: 0.578 | Throughput: 156.2 aud-s/s | LR: 9.82e-06
  [Ref ]: पशुधन विमा योजना केंद्र सरकारने सुरू केली होती...
  [Pred]: पन गली स केंरासाकरणी सते लेते?...

Step   7000/30000 | Phase: 4A (Hard Routing) | CTC Loss: 1.6974 | Aux Loss: 8.0611 | CER: 0.416 | Throughput: 168.4 aud-s/s | LR: 9.82e-06
  [Ref ]: मोकयी चोकयी जागावर जितला झाडे लायीसन जगाडश्यात तितलं वनीकरण वाढी...
  [Pred]: मुपतोपी गायादा वण जिकला झाळीन लाईी सं्या करष्यात किकलावणीपरम माहली...

  🌟 New Best Model! cer = 0.4163 (Saved to best_model.pt)
  [Checkpoint] Step 7000 saved to runs\no-splitformer-moe-only\checkpoints\stage2_moe
Step   7025/30000 | Phase: 4A (Hard Routing) | CTC Loss: 1.7379 | Aux Loss: 8.1038 | CER: 0.570 | Throughput: 619.3 aud-s/s | LR: 9.82e-06
  [Ref ]: आम्याची झाडा कशी लयतत ?...
  [Pred]: मवजा या ी यायता ?...

Step   7050/30000 | Phase: 4A (Hard Routing) | CTC Loss: 1.7482 | Aux Loss: 8.0666 | CER: 0.555 | Throughput: 241.8 aud-s/s | LR: 9.81e-06
  [Ref ]: खरिप हंगामात कोनचे पिकं घेतले जाते ?...
  [Pred]: गरी मसवत मोने काना वेतले जात...

Step   7075/30000 | Phase: 4A (Hard Routing) | CTC Loss: 1.7157 | Aux Loss: 8.0357 | CER: 0.487 | Throughput: 228.3 aud-s/s | LR: 9.81e-06
  [Ref ]: भारताच्या पश्चिम भागात दरवर्षी पेक्षा कीतको पाऊस कमी पडता ?...
  [Pred]: भरताचया पतचीन बादात देर वरशिपेक्षा तिक किता अस्ले परत ?...

Step   7100/30000 | Phase: 4A (Hard Routing) | CTC Loss: 1.6384 | Aux Loss: 8.0226 | CER: 0.373 | Throughput:  92.7 aud-s/s | LR: 9.81e-06
  [Ref ]: फायदो करून बरी बाजारपेठ कशी सोदुची ?...
  [Pred]: सायदन मण बरी बासाकेर कशी स मची ?...

Step   7125/30000 | Phase: 4A (Hard Routing) | CTC Loss: 1.6447 | Aux Loss: 8.0518 | CER: 0.620 | Throughput: 478.4 aud-s/s | LR: 9.81e-06
  [Ref ]: फायबर...
  [Pred]: करत ?...

Step   7150/30000 | Phase: 4A (Hard Routing) | CTC Loss: 1.6107 | Aux Loss: 8.0390 | CER: 0.560 | Throughput: 163.9 aud-s/s | LR: 9.81e-06
  [Ref ]: करदात्याच्या उत्पन्नाच्या स्लॅबनुसार दरवर्षी आयकर भरलो जाता...
  [Pred]: कयाया पनाचया स त्लाक मोसा ककाचा आकार मणाला...

Step   7175/30000 | Phase: 4A (Hard Routing) | CTC Loss: 1.6691 | Aux Loss: 8.0287 | CER: 0.299 | Throughput: 212.4 aud-s/s | LR: 9.80e-06
  [Ref ]: क्रेडिट कार्डमध्ये मिळणारी खर्च मर्यादा कशी वाढवता येईल ?...
  [Pred]: प्रेडिट कारबती मिळणारी कर्च मर्यादा कशी वाढवता येई ?...

Step   7200/30000 | Phase: 4A (Hard Routing) | CTC Loss: 1.5370 | Aux Loss: 7.9865 | CER: 0.434 | Throughput: 112.9 aud-s/s | LR: 9.80e-06
  [Ref ]: जमिनीचा पोत सुधारण्यासाठी कोणते खत वापरावे ?...
  [Pred]: रोनीच्या प सुराण्यावाडी कोणती कणतवाले ?...

Step   7225/30000 | Phase: 4A (Hard Routing) | CTC Loss: 1.6611 | Aux Loss: 8.0998 | CER: 0.430 | Throughput: 466.7 aud-s/s | LR: 9.80e-06
  [Ref ]: मातीचे प्रकार कितके आसत ?...
  [Pred]: काजजा क्रकर किकतीय आसा ?...

Step   7250/30000 | Phase: 4A (Hard Routing) | CTC Loss: 1.6716 | Aux Loss: 8.0576 | CER: 0.519 | Throughput: 146.5 aud-s/s | LR: 9.80e-06
  [Ref ]: नवरा बायकोचा विमा काढता येतो का ?...
  [Pred]: बमाचा तणम करू शितो का ?...

Step   7275/30000 | Phase: 4A (Hard Routing) | CTC Loss: 1.6946 | Aux Loss: 8.0028 | CER: 0.471 | Throughput: 178.5 aud-s/s | LR: 9.80e-06
  [Ref ]: मोहनने सोहनला मायक्रो क्रेडिटबाबत सांगितले...
  [Pred]: जननस सोहनला माहि ककेजे काबज ताणते...

Step   7300/30000 | Phase: 4A (Hard Routing) | CTC Loss: 1.5534 | Aux Loss: 8.0520 | CER: 0.365 | Throughput: 172.1 aud-s/s | LR: 9.80e-06
  [Ref ]: फोन करून कंप्लेंट करूक मेलतली असो तुमचो नंबर माका दिया ?...
  [Pred]: कोन करूक कंपलेट करूक मेतली असो तुमचनंबर ला खातल्या...

Step   7325/30000 | Phase: 4A (Hard Routing) | CTC Loss: 1.5598 | Aux Loss: 8.0575 | CER: 0.415 | Throughput: 639.8 aud-s/s | LR: 9.79e-06
  [Ref ]: ठेवी म्हटल्या काय ?...
  [Pred]: की म्ाचा ?...

Step   7350/30000 | Phase: 4A (Hard Routing) | CTC Loss: 1.6688 | Aux Loss: 8.0008 | CER: 0.466 | Throughput: 124.4 aud-s/s | LR: 9.79e-06
  [Ref ]: शेतीमध्ये कोणती मूलभूत रसायने वापरली जातात ?...
  [Pred]: शेती मध्यात पो्चे व र भतरासायनेव ा जाता...

Step   7375/30000 | Phase: 4A (Hard Routing) | CTC Loss: 1.6364 | Aux Loss: 8.0042 | CER: 0.378 | Throughput: 125.1 aud-s/s | LR: 9.79e-06
  [Ref ]: रोपांच्या विकासासाठी खाद्याची गरज असते...
  [Pred]: प्रमांचे एपासासाठे खर्येची गेरज असता ?...

Step   7400/30000 | Phase: 4A (Hard Routing) | CTC Loss: 1.5955 | Aux Loss: 8.0360 | CER: 0.498 | Throughput: 119.3 aud-s/s | LR: 9.79e-06
  [Ref ]: इ पीक पहानीचं ॲप कास्तकाराइच्या खरोखर फायद्याचं हाये का ?...
  [Pred]: मी पीक क्रारण परया अस्त कारायचया चर्ब भादा पहाका?...

Step   7425/30000 | Phase: 4A (Hard Routing) | CTC Loss: 1.6709 | Aux Loss: 8.0430 | CER: 0.547 | Throughput: 685.6 aud-s/s | LR: 9.79e-06
  [Ref ]: कर्ज कसा काडूचा ?...
  [Pred]: पाक ककचा ?...

Step   7450/30000 | Phase: 4A (Hard Routing) | CTC Loss: 1.6385 | Aux Loss: 8.0202 | CER: 0.484 | Throughput: 155.9 aud-s/s | LR: 9.78e-06
  [Ref ]: सात कृषी पद्धती कोणत्या आहेत ?...
  [Pred]: मसी प्ती कोश कालेल ?...

Step   7475/30000 | Phase: 4A (Hard Routing) | CTC Loss: 1.5875 | Aux Loss: 8.0436 | CER: 0.517 | Throughput: 231.0 aud-s/s | LR: 9.78e-06
  [Ref ]: शेळी पालन योजनेसाठी किती बकऱ्या पायजे ?...
  [Pred]: शेय कलाणय हज्ासाठी किती क किती बकारपायहे ?...

Step   7500/30000 | Phase: 4A (Hard Routing) | CTC Loss: 1.7012 | Aux Loss: 8.0576 | CER: 0.310 | Throughput: 105.8 aud-s/s | LR: 9.78e-06
  [Ref ]: आजीविका एन.आर.एल.एम बरोबर अनेकांनी आपले उद्योगधंदे सुरू केले आहेत...
  [Pred]: आजी विका एनार्ेलामि बरबर आणे कांने आपले उ्दोग दंदे साकेले आहेत...

Step   7525/30000 | Phase: 4A (Hard Routing) | CTC Loss: 1.6722 | Aux Loss: 8.0550 | CER: 0.570 | Throughput: 653.6 aud-s/s | LR: 9.78e-06
  [Ref ]: घर घेण्यासाठी कोणती योजना आहे ?...
  [Pred]: बल ला मामन कज आहा ?...

Step   7550/30000 | Phase: 4A (Hard Routing) | CTC Loss: 1.5773 | Aux Loss: 8.0305 | CER: 0.495 | Throughput: 278.9 aud-s/s | LR: 9.78e-06
  [Ref ]: यु.पी.आय पेमेंट अडकल्यावर काय करतात ?...
  [Pred]: यो.पी.आ पेविटटण्या चावर काय करता ...

Step   7575/30000 | Phase: 4A (Hard Routing) | CTC Loss: 1.5349 | Aux Loss: 8.0148 | CER: 0.391 | Throughput: 124.5 aud-s/s | LR: 9.77e-06
  [Ref ]: आम्ही रस्ते समतल करण्यासाठी रोड रोलर वापरतो...
  [Pred]: आमीरचे समतर कंसाठी गोठवया वाते...

Step   7600/30000 | Phase: 4A (Hard Routing) | CTC Loss: 1.5144 | Aux Loss: 8.0978 | CER: 0.347 | Throughput:  33.5 aud-s/s | LR: 9.77e-06
  [Ref ]: समुद्र शेवाळापासुन चेन्नईला लागून असलेल्या समुद्रात बरीच स्वच्छता झाल्...
  [Pred]: समद्र सेवाडा पासूंकीमी ला लाहू रक्ते ल्या समिला भरी कत्याकार हाये्रे व...

Step   7625/30000 | Phase: 4A (Hard Routing) | CTC Loss: 1.7027 | Aux Loss: 8.0487 | CER: 0.477 | Throughput: 176.9 aud-s/s | LR: 9.77e-06
  [Ref ]: वातावरण म्हणजे काय असा ?...
  [Pred]: सोवरा म्हणजे कायच ?...

Step   7650/30000 | Phase: 4A (Hard Routing) | CTC Loss: 1.6888 | Aux Loss: 8.0278 | CER: 0.421 | Throughput: 112.2 aud-s/s | LR: 9.77e-06
  [Ref ]: सागरी विम्याचे हप्ते कसे असतील ?...
  [Pred]: साणी विल्याची मात्त सकते?...

Step   7675/30000 | Phase: 4A (Hard Routing) | CTC Loss: 1.5359 | Aux Loss: 8.0258 | CER: 0.316 | Throughput:  56.0 aud-s/s | LR: 9.77e-06
  [Ref ]: मला औद्योगिक कर्जावर किती टक्के व्याज भरावे लागेल ?...
  [Pred]: मला ऑ्ज कजवत किती पकके व्याल वारावलागे ?...

Step   7700/30000 | Phase: 4A (Hard Routing) | CTC Loss: 1.5820 | Aux Loss: 8.0323 | CER: 0.449 | Throughput:  88.7 aud-s/s | LR: 9.76e-06
  [Ref ]: प्रगतीशील कर आकारणीमुळे आर्थिक विषमता कमी होते...
  [Pred]: क्रगतीशीदर आपपतनि मोळे आर्थिक विशीतस कमे होहणते...

Step   7725/30000 | Phase: 4A (Hard Routing) | CTC Loss: 1.5603 | Aux Loss: 8.0340 | CER: 0.521 | Throughput: 623.9 aud-s/s | LR: 9.76e-06
  [Ref ]: उफणणी म्हणजे काय असतां ?...
  [Pred]: पिटमिणू मली काय असता ?...

Step   7750/30000 | Phase: 4A (Hard Routing) | CTC Loss: 1.6731 | Aux Loss: 8.0062 | CER: 0.424 | Throughput:  53.7 aud-s/s | LR: 9.76e-06
  [Ref ]: कृषी उपकरणाची किमती काय आसत ?...
  [Pred]: रृषी रप्करणा कातीची काय आस ?...

Step   7775/30000 | Phase: 4A (Hard Routing) | CTC Loss: 1.6162 | Aux Loss: 8.0323 | CER: 0.420 | Throughput: 189.4 aud-s/s | LR: 9.76e-06
  [Ref ]: खरा तर लिलीचा झाड लिलियम प्रकारचो असता...
  [Pred]: खराचा की तेचा काड विणी यं्रारचो असत?...

Step   7800/30000 | Phase: 4A (Hard Routing) | CTC Loss: 1.6203 | Aux Loss: 8.0574 | CER: 0.391 | Throughput: 121.9 aud-s/s | LR: 9.76e-06
  [Ref ]: शेती कामाले लहान ट्रॅक्टर परवडीनं की मोठं ?...
  [Pred]: शेती कामाले लाहान प्ाटर परवरन की मोतो...

Step   7825/30000 | Phase: 4A (Hard Routing) | CTC Loss: 1.6703 | Aux Loss: 8.0478 | CER: 0.492 | Throughput:  67.0 aud-s/s | LR: 9.75e-06
  [Ref ]: विमा कशासाठी उघडलो जाता ?...
  [Pred]: मा कसो साठी कारला आसत ?...

Step   7850/30000 | Phase: 4A (Hard Routing) | CTC Loss: 1.5629 | Aux Loss: 8.0090 | CER: 0.550 | Throughput: 291.1 aud-s/s | LR: 9.75e-06
  [Ref ]: काही काळ मी सुध्धा त्याला कर्ज दिले होते...
  [Pred]: काह काढणी सुठात क कर सा कोते ?...

Step   7875/30000 | Phase: 4A (Hard Routing) | CTC Loss: 1.6740 | Aux Loss: 8.0213 | CER: 0.413 | Throughput: 148.8 aud-s/s | LR: 9.75e-06
  [Ref ]: सध्या क्रेडिट कार्ड आणि डेबिट कार्डची चलती आहे...
  [Pred]: सद्द्या प्रेडिट फा्ड आंगेलेबिटकाची चंके आहे...

Step   7900/30000 | Phase: 4A (Hard Routing) | CTC Loss: 1.5869 | Aux Loss: 8.0302 | CER: 0.378 | Throughput: 125.2 aud-s/s | LR: 9.75e-06
  [Ref ]: मानकांच्या बदल्यात तू काय खरेदी करू शकतो ?...
  [Pred]: मान काच्या बधण्या तरू काय ठययदी खरवू शकतो ?...

Step   7925/30000 | Phase: 4A (Hard Routing) | CTC Loss: 1.5860 | Aux Loss: 8.0315 | CER: 0.292 | Throughput: 646.5 aud-s/s | LR: 9.74e-06
  [Ref ]: मका कसा मोजावा ?...
  [Pred]: सोतार कसा मिहणजा वास ?...

Step   7950/30000 | Phase: 4A (Hard Routing) | CTC Loss: 1.6325 | Aux Loss: 8.0529 | CER: 0.554 | Throughput: 129.6 aud-s/s | LR: 9.74e-06
  [Ref ]: राम काल बँकिंग एजंटला भेटायला जाणार होता...
  [Pred]: र क मेकीयेजन पोप्ेकाला जाडा ससो ता ?...

Step   7975/30000 | Phase: 4A (Hard Routing) | CTC Loss: 1.5848 | Aux Loss: 8.0146 | CER: 0.357 | Throughput: 236.4 aud-s/s | LR: 9.74e-06
  [Ref ]: वित्त ह्या पैसो आणि गुंतवणुकीच्या व्यवस्थापन , निर्मिती आणि अभ्यासासाठ...
  [Pred]: विद्तया पैसा ना कण कीच त अस्सा पनेरमीची आ्यापर कते ए सन ्या?...

Step   8000/30000 | Phase: 4A (Hard Routing) | CTC Loss: 1.5809 | Aux Loss: 8.0068 | CER: 0.383 | Throughput: 115.2 aud-s/s | LR: 9.74e-06
  [Ref ]: कीटकनाशकांचा वापर शेतातील कीड मारण्यासाठी होतो असे मोहिते म्हणाले...
  [Pred]: केटक ्ा्शेकंतवापर शेेतातिल कीड भरण्यासाठी होतव अस महीत मुणजाते...

  🌟 New Best Model! cer = 0.3825 (Saved to best_model.pt)
  [Checkpoint] Step 8000 saved to runs\no-splitformer-moe-only\checkpoints\stage2_moe
Step   8025/30000 | Phase: 4A (Hard Routing) | CTC Loss: 1.7084 | Aux Loss: 8.0470 | CER: 0.484 | Throughput: 645.0 aud-s/s | LR: 9.74e-06
  [Ref ]: बँकेत किती प्रकारची खाती असतत ?...
  [Pred]: बँकेत कि प्रकाक खाची असत ?...

Step   8050/30000 | Phase: 4A (Hard Routing) | CTC Loss: 1.5867 | Aux Loss: 8.0550 | CER: 0.551 | Throughput:  24.3 aud-s/s | LR: 9.73e-06
  [Ref ]: दुसऱ्या खात्यात एका वेळी किती पैसे पाठवू शकतो ?...
  [Pred]: मुजबा  साकातून काजावी किती पवा साका शता ?...

Step   8075/30000 | Phase: 4A (Hard Routing) | CTC Loss: 1.4826 | Aux Loss: 8.0044 | CER: 0.342 | Throughput: 280.3 aud-s/s | LR: 9.73e-06
  [Ref ]: माका शेअरसाठी कर्ज काढूचा असा ता मी कसा काढू ?...
  [Pred]: माकाशेरसाठी कर्ज काढचा असा तामी कसा काढू ?...

Step   8100/30000 | Phase: 4A (Hard Routing) | CTC Loss: 1.5944 | Aux Loss: 8.1415 | CER: 0.533 | Throughput:  74.8 aud-s/s | LR: 9.73e-06
  [Ref ]: कच्चा केयीसना वापर भाजी आणि लोणचं बनाडाना करता करतंस...
  [Pred]: कतचा के लापर भाजी यडी ल चबनाडना कत करतस...

Step   8125/30000 | Phase: 4A (Hard Routing) | CTC Loss: 1.5687 | Aux Loss: 8.0696 | CER: 0.505 | Throughput: 687.7 aud-s/s | LR: 9.73e-06
  [Ref ]: कोकनचो हवामान कसा आसा ?...
  [Pred]: ठेकयचे आला कत  ?...

Step   8150/30000 | Phase: 4A (Hard Routing) | CTC Loss: 1.5246 | Aux Loss: 8.0031 | CER: 0.291 | Throughput: 162.0 aud-s/s | LR: 9.73e-06
  [Ref ]: सिंचनासाठी एकरी किती पाणी वापरले जाते ?...
  [Pred]: सिकाचा मिकरीक डी पा वापरव लाते...

Step   8175/30000 | Phase: 4A (Hard Routing) | CTC Loss: 1.5068 | Aux Loss: 8.0252 | CER: 0.452 | Throughput: 226.9 aud-s/s | LR: 9.72e-06
  [Ref ]: माझे आणि माझ्या पत्नीचे संयुक्त खाते आता बंद झाले आहे...
  [Pred]: ही आणि मातयपतनेजेसा उक्त खाती ाता बल झले आहे...

Step   8200/30000 | Phase: 4A (Hard Routing) | CTC Loss: 1.5565 | Aux Loss: 8.0307 | CER: 0.315 | Throughput:  54.0 aud-s/s | LR: 9.72e-06
  [Ref ]: देशाची चलन परिस्थिती कशी सुधारता येईल , यावर अर्थमंत्र्यांनी चर्चा केल...
  [Pred]: देशाचा कीन पर्स्किती पशी सुदापाय व्या अर्था मंत्यांची असर्जा कीली...

Step   8225/30000 | Phase: 4A (Hard Routing) | CTC Loss: 1.5348 | Aux Loss: 8.0725 | CER: 0.499 | Throughput: 499.0 aud-s/s | LR: 9.72e-06
  [Ref ]: विमा म्हटल्या काय ?...
  [Pred]: यिव वहसा का ?...

Step   8250/30000 | Phase: 4A (Hard Routing) | CTC Loss: 1.6479 | Aux Loss: 8.0266 | CER: 0.412 | Throughput: 197.7 aud-s/s | LR: 9.72e-06
  [Ref ]: मले गावातल्या गावात मोजमाप कस भेटन ?...
  [Pred]: मले गावार ला लान मोत कस भेटन ?...

Step   8275/30000 | Phase: 4A (Hard Routing) | CTC Loss: 1.5659 | Aux Loss: 8.0105 | CER: 0.533 | Throughput: 134.9 aud-s/s | LR: 9.71e-06
  [Ref ]: गव्हाची पेरनीलायक चांगली जात कोनची ?...
  [Pred]: माची पे मि आायप चांलीचात कशी ?...

Step   8300/30000 | Phase: 4A (Hard Routing) | CTC Loss: 1.5825 | Aux Loss: 8.0032 | CER: 0.376 | Throughput: 116.7 aud-s/s | LR: 9.71e-06
  [Ref ]: तलावांमध्ये कोळंबी संवर्धनासाठी वर्षभर पुरेसा पाणीसाठा ठेवावा...
  [Pred]: तला वनमये कोळयांबि सहरधनासाठी बया कै्या पाढेसा्व ेवावा...

Step   8325/30000 | Phase: 4A (Hard Routing) | CTC Loss: 1.5875 | Aux Loss: 8.1066 | CER: 0.369 | Throughput: 643.2 aud-s/s | LR: 9.71e-06
  [Ref ]: सालभरात किती हंगाम येते ?...
  [Pred]: सांगराक किती हंम भिते ?...

Step   8350/30000 | Phase: 4A (Hard Routing) | CTC Loss: 1.4847 | Aux Loss: 8.0187 | CER: 0.375 | Throughput: 333.3 aud-s/s | LR: 9.71e-06
  [Ref ]: कोणत्या वातावरणात सर्वात चांगली पिके येतात ?...
  [Pred]: कोणत्या वाकावणा ववात चांगी किते का ?...

Step   8375/30000 | Phase: 4A (Hard Routing) | CTC Loss: 1.5784 | Aux Loss: 8.0382 | CER: 0.506 | Throughput: 116.5 aud-s/s | LR: 9.70e-06
  [Ref ]: भारत हा फ्रेंच बीन्सचा जगातील तिसरा सर्वात मोठा उत्पादक देश आहे...
  [Pred]: भरलाविकष्पिसचया बातन चशरासापाचात मलत देसक आहे...

Step   8400/30000 | Phase: 4A (Hard Routing) | CTC Loss: 1.5471 | Aux Loss: 8.0489 | CER: 0.496 | Throughput:  78.0 aud-s/s | LR: 9.70e-06
  [Ref ]: मला प्रधानमंत्री योजनेचा लाभ घेण्यासाठी काय अर्ज करावा लागेल ?...
  [Pred]: मला पधारमोत्री योज्ेा चागा बिण्यासाठी काय अर्ज कला भलावे ?...

Step   8425/30000 | Phase: 4A (Hard Routing) | CTC Loss: 1.5282 | Aux Loss: 8.0969 | CER: 0.556 | Throughput: 624.5 aud-s/s | LR: 9.70e-06
  [Ref ]: ऑनलाइन लाईट बिल कसा भरायचा ?...
  [Pred]: ऑोनबाईइ ऑायक मेका स  ?...

Step   8450/30000 | Phase: 4A (Hard Routing) | CTC Loss: 1.6081 | Aux Loss: 8.0348 | CER: 0.483 | Throughput:  97.0 aud-s/s | LR: 9.70e-06
  [Ref ]: मी क्रॉस परागीकरण कसे रोखू शकतो ?...
  [Pred]: ्रॉकाय परा कशे परूपा शकते ?...

Step   8475/30000 | Phase: 4A (Hard Routing) | CTC Loss: 1.6026 | Aux Loss: 8.0242 | CER: 0.458 | Throughput: 221.2 aud-s/s | LR: 9.70e-06
  [Ref ]: रासायनिक शेती करतांनी जास्तीत जास्त कितीक साल एकच एक पीक घेता येईन ?...
  [Pred]: मासानिक शेती करताले जयास्ती आास्तत कितीक सा ले्प रेक की घेटा येक ?...

Step   8500/30000 | Phase: 4A (Hard Routing) | CTC Loss: 1.5993 | Aux Loss: 8.0290 | CER: 0.438 | Throughput: 127.8 aud-s/s | LR: 9.69e-06
  [Ref ]: बाँड मार्केट साधारणपणे इक्विटी मार्केटपेक्षा कमी अस्थिर असता...
  [Pred]: बन मार्क्रट चागारंत्रमिवेच मार्यट पेरक्सपम नी अस्त अससा...

Step   8525/30000 | Phase: 4A (Hard Routing) | CTC Loss: 1.5692 | Aux Loss: 8.1151 | CER: 0.400 | Throughput: 571.3 aud-s/s | LR: 9.69e-06
  [Ref ]: वजन म्हणजे काय असता ?...
  [Pred]: खजन म्े ा सता ?...

Step   8550/30000 | Phase: 4A (Hard Routing) | CTC Loss: 1.5789 | Aux Loss: 8.0314 | CER: 0.537 | Throughput: 241.6 aud-s/s | LR: 9.69e-06
  [Ref ]: उडदाचा बिया कसा पेरूचा ?...
  [Pred]: कुडजा कामी याकक आता ?...

Step   8575/30000 | Phase: 4A (Hard Routing) | CTC Loss: 1.6015 | Aux Loss: 8.0245 | CER: 0.458 | Throughput: 292.2 aud-s/s | LR: 9.69e-06
  [Ref ]: माझा डेबिट कार्ड मी बाहेरच्या देशात वापरू शकतय काय ?...
  [Pred]: आजा ठेटकाड पिबायादिशात बाकर शती करालाय ...

Step   8600/30000 | Phase: 4A (Hard Routing) | CTC Loss: 1.4665 | Aux Loss: 8.0214 | CER: 0.374 | Throughput: 140.3 aud-s/s | LR: 9.68e-06
  [Ref ]: रोहित सेंद्रिय फलोत्पादनाच्या क्षेत्रात उत्तम काम करतो आहे...
  [Pred]: रहेत सेंग्रिय परूत पादनाच्या क्षेात उुप्यन ताम करतो आहे...

Step   8625/30000 | Phase: 4A (Hard Routing) | CTC Loss: 1.5000 | Aux Loss: 8.0365 | CER: 0.365 | Throughput: 641.5 aud-s/s | LR: 9.68e-06
  [Ref ]: बिल पे कसा करुचा ?...
  [Pred]: क पे कसा मोतूच ?...

Step   8650/30000 | Phase: 4A (Hard Routing) | CTC Loss: 1.4986 | Aux Loss: 8.0179 | CER: 0.326 | Throughput:  87.1 aud-s/s | LR: 9.68e-06
  [Ref ]: पैसा काढ्याचं कार्ड घेण्यासाठी मले काय करा लागन ?...
  [Pred]: पैसा काडाचया कारडड घेण्यासाठी मले पकारा लागन ?...

Step   8675/30000 | Phase: 4A (Hard Routing) | CTC Loss: 1.6346 | Aux Loss: 8.0327 | CER: 0.443 | Throughput: 198.1 aud-s/s | LR: 9.68e-06
  [Ref ]: अडुळसा झुडूपाची वाढ कितक्या मीटर पर्यंत वाढता ?...
  [Pred]: वाढुवसा लुकाची वातीत्या मितर परेतो वासता...

Step   8700/30000 | Phase: 4A (Hard Routing) | CTC Loss: 1.5534 | Aux Loss: 8.0330 | CER: 0.359 | Throughput: 132.3 aud-s/s | LR: 9.67e-06
  [Ref ]: जिरे हा एक पदार्थ आहे जो जवळजवळ सर्व भाज्यांमध्ये वापरला जातो...
  [Pred]: जीरे हा एक पदात हे गोग जवरतव सर्वो भाच्यन पादे वापडला जातो...

Step   8725/30000 | Phase: 4A (Hard Routing) | CTC Loss: 1.4872 | Aux Loss: 8.0882 | CER: 0.354 | Throughput: 645.4 aud-s/s | LR: 9.67e-06
  [Ref ]: ठेवीचे कितके प्रकार आसत ?...
  [Pred]: खेवीची क्का ्राकाराआगत ?...

Step   8750/30000 | Phase: 4A (Hard Routing) | CTC Loss: 1.5591 | Aux Loss: 8.0314 | CER: 0.509 | Throughput: 108.9 aud-s/s | LR: 9.67e-06
  [Ref ]: परावर्तनाच्या बाबतीत काय करणे योग्य आहे...
  [Pred]: पला मतनाच्या बागतीत काय कज पपहेले ?...

Step   8775/30000 | Phase: 4A (Hard Routing) | CTC Loss: 1.6578 | Aux Loss: 8.0564 | CER: 0.477 | Throughput: 186.6 aud-s/s | LR: 9.67e-06
  [Ref ]: राष्ट्रीय अन्न सुरक्षा योजनेअंतर्गत राजुच्या वडिलांना तांदूळ मिळाला...
  [Pred]: आास्े आनस्र्शे येजनेया सा्तराजीचा उदधाना कागू मिळाा...

Step   8800/30000 | Phase: 4A (Hard Routing) | CTC Loss: 1.5286 | Aux Loss: 8.0784 | CER: 0.515 | Throughput: 119.8 aud-s/s | LR: 9.66e-06
  [Ref ]: शेतात एकाच वेळी अनेक प्रकारचे धान्य वापरणे देखील पिकांच्या विविधतेत ये...
  [Pred]: शता एेकसेयनि प्रकाराज घतला पर्ा देखी पिकांचू वामिद्धत तेत लाते...

Step   8825/30000 | Phase: 4A (Hard Routing) | CTC Loss: 1.5192 | Aux Loss: 8.0238 | CER: 0.403 | Throughput: 655.3 aud-s/s | LR: 9.66e-06
  [Ref ]: ठेव बंद कशी करायची ?...
  [Pred]: येयबांत कीक करयची ?...

Step   8850/30000 | Phase: 4A (Hard Routing) | CTC Loss: 1.4417 | Aux Loss: 8.0067 | CER: 0.408 | Throughput: 140.9 aud-s/s | LR: 9.66e-06
  [Ref ]: कर्ज घेऊक काय काय कागदपत्र लागतली ?...
  [Pred]: कर्ज येक काय का कागद पत् वेगतललो ?...

Step   8875/30000 | Phase: 4A (Hard Routing) | CTC Loss: 1.5166 | Aux Loss: 8.0262 | CER: 0.504 | Throughput: 148.1 aud-s/s | LR: 9.66e-06
  [Ref ]: बाजारात नेण्याचा वाहतूक खर्च कसा कमी करावा ?...
  [Pred]: एेवारा मि्यातर वहतूत फोता कसाे कम करायगा ?...

Step   8900/30000 | Phase: 4A (Hard Routing) | CTC Loss: 1.4442 | Aux Loss: 8.0898 | CER: 0.324 | Throughput: 117.4 aud-s/s | LR: 9.65e-06
  [Ref ]: जर मी माझ्या खात्यात एक लाख रुपये जमा केलय तर माका महिन्याक कितक्या क्...
  [Pred]: जरमी माझ्या खात्य कालाकरुपये जामात पत्रमाका माहिल्या कितच्याक्रिडिट मि...

Step   8925/30000 | Phase: 4A (Hard Routing) | CTC Loss: 1.5046 | Aux Loss: 8.0507 | CER: 0.335 | Throughput: 478.4 aud-s/s | LR: 9.65e-06
  [Ref ]: यू.पी.आय वापराले सोप हाय का ?...
  [Pred]: यू.ी.आय वापरन सता ायका ?...

Step   8950/30000 | Phase: 4A (Hard Routing) | CTC Loss: 1.5478 | Aux Loss: 7.9998 | CER: 0.336 | Throughput: 239.7 aud-s/s | LR: 9.65e-06
  [Ref ]: भारत देशाची आर्थिक प्रणाली मोप चांगली असा...
  [Pred]: बयात देशाच्या आर्थिक प्ॅणालिमूक चांगली आसा...

Step   8975/30000 | Phase: 4A (Hard Routing) | CTC Loss: 1.5672 | Aux Loss: 8.0005 | CER: 0.249 | Throughput: 247.9 aud-s/s | LR: 9.65e-06
  [Ref ]: कीड नियंत्रणासाठी कोणती फवारणी करावी ?...
  [Pred]: किट मियंत्रणावसाठी कोणती फवारणी कलावी ?...

Step   9000/30000 | Phase: 4A (Hard Routing) | CTC Loss: 1.6074 | Aux Loss: 8.1000 | CER: 0.600 | Throughput: 171.0 aud-s/s | LR: 9.64e-06
  [Ref ]: कुंडीत फुलझाडे न लावता भाजीपाल्याची लागवड करून भाजीपाला उत्पादन घेतले ...
  [Pred]: कडि समीनमा ताजची मयी आणितीक समी ती शते?...

  [Checkpoint] Step 9000 saved to runs\no-splitformer-moe-only\checkpoints\stage2_moe
Step   9025/30000 | Phase: 4A (Hard Routing) | CTC Loss: 1.5003 | Aux Loss: 8.0483 | CER: 0.343 | Throughput: 659.1 aud-s/s | LR: 9.64e-06
  [Ref ]: गुंतवणूक म्हटल्या काय ?...
  [Pred]: गत्त नू मोटतली काय ?...

Step   9050/30000 | Phase: 4A (Hard Routing) | CTC Loss: 1.5058 | Aux Loss: 7.9999 | CER: 0.292 | Throughput: 427.3 aud-s/s | LR: 9.64e-06
  [Ref ]: शेतीक लागणारे मशीनी घेवक खयचो ऍप घेवक होयो ?...
  [Pred]: शेती किलानारे मैशनी केव खयचो रॅक चेवहोळ ?...

Step   9075/30000 | Phase: 4A (Hard Routing) | CTC Loss: 1.5433 | Aux Loss: 8.0170 | CER: 0.435 | Throughput: 571.8 aud-s/s | LR: 9.64e-06
  [Ref ]: जीवन ज्योती योजनेत बिमा धारकाले किती फायदा भेटन ?...
  [Pred]: जिवं क योरजने बिमा भासताले केती वायदा भेटन ?...

Step   9100/30000 | Phase: 4A (Hard Routing) | CTC Loss: 1.4962 | Aux Loss: 8.0245 | CER: 0.347 | Throughput: 101.6 aud-s/s | LR: 9.63e-06
  [Ref ]: मले माय इलेक्ट्रिक बिल भराचं हाय , ते मले कस पायता येईन ?...
  [Pred]: मले माया किले ट्रिट्विल बराचं हाय ती मले कस पायता येईन ?...

Step   9125/30000 | Phase: 4A (Hard Routing) | CTC Loss: 1.5749 | Aux Loss: 8.0927 | CER: 0.383 | Throughput: 625.9 aud-s/s | LR: 9.63e-06
  [Ref ]: उपकरण काय असता ?...
  [Pred]: बककाय असता ?...

Step   9150/30000 | Phase: 4A (Hard Routing) | CTC Loss: 1.5495 | Aux Loss: 8.0191 | CER: 0.492 | Throughput: 441.2 aud-s/s | LR: 9.63e-06
  [Ref ]: मी यू.पी.आय माझ्या मोबाईलावर घेवक शकतय काय ?...
  [Pred]: मीन.पी.आय ाजान करजाज कक शकतरव ?...

Step   9175/30000 | Phase: 4A (Hard Routing) | CTC Loss: 1.4443 | Aux Loss: 8.0102 | CER: 0.319 | Throughput: 191.7 aud-s/s | LR: 9.63e-06
  [Ref ]: आत्ताच त्या चलनांना दाखल करण्याविषयी चिंता करू नका...
  [Pred]: स्तास्टा  चलनन नागाखर करण्यावशे किंता क  ?...

Step   9200/30000 | Phase: 4A (Hard Routing) | CTC Loss: 1.4854 | Aux Loss: 8.0909 | CER: 0.573 | Throughput: 110.1 aud-s/s | LR: 9.62e-06
  [Ref ]: बॅकहो वापरून मऊ माती एका ठिकाणाहून दुसऱ्या ठिकाणी हलवली जाते...
  [Pred]: बँकवपमतीगाकेणाना कती आाणी मलमले जाता...

Step   9225/30000 | Phase: 4A (Hard Routing) | CTC Loss: 1.5405 | Aux Loss: 8.0429 | CER: 0.438 | Throughput: 639.4 aud-s/s | LR: 9.62e-06
  [Ref ]: फायबर...
  [Pred]: वात...

Step   9250/30000 | Phase: 4A (Hard Routing) | CTC Loss: 1.5103 | Aux Loss: 8.0294 | CER: 0.436 | Throughput: 113.6 aud-s/s | LR: 9.62e-06
  [Ref ]: विलंबित देयके जगभरात मान्य आहेत...
  [Pred]: मचीक डीएची जच मंल्य आहेत...

Step   9275/30000 | Phase: 4A (Hard Routing) | CTC Loss: 1.5286 | Aux Loss: 8.0343 | CER: 0.453 | Throughput: 763.1 aud-s/s | LR: 9.62e-06
  [Ref ]: कोणत्या प्रकारची शेती पद्धत परवडणारी आहे ?...
  [Pred]: कोणतया प्रकाची शेती कद्द कर्नावा हे ?...

Step   9300/30000 | Phase: 4A (Hard Routing) | CTC Loss: 1.4792 | Aux Loss: 8.0204 | CER: 0.444 | Throughput:  51.1 aud-s/s | LR: 9.61e-06
  [Ref ]: कृषी कायद्याने शेतकऱ्यांचे उत्पन्न वाढले पाहिजे आणि पर्यावरणपूरक शेतील...
  [Pred]: कृषी काढजनी शेट्कारांचय उपना वाढी का्यानी पल्यावरणा पुरक शेतीला परचा द...

Step   9325/30000 | Phase: 4A (Hard Routing) | CTC Loss: 1.5442 | Aux Loss: 8.0545 | CER: 0.522 | Throughput: 669.0 aud-s/s | LR: 9.61e-06
  [Ref ]: विम्याचे किती प्रकार आहेत ?...
  [Pred]: मिातीविक प्रक र आह ...

Step   9350/30000 | Phase: 4A (Hard Routing) | CTC Loss: 1.4311 | Aux Loss: 8.0284 | CER: 0.418 | Throughput: 190.4 aud-s/s | LR: 9.61e-06
  [Ref ]: अर्थमंत्र्यांनी याचा अर्थसंकल्प मंजूर केला आहे...
  [Pred]: रंट्रवियाचा र्थसाठी प म्हजेर केल आहे...

Step   9375/30000 | Phase: 4A (Hard Routing) | CTC Loss: 1.4594 | Aux Loss: 8.0235 | CER: 0.295 | Throughput: 155.1 aud-s/s | LR: 9.61e-06
  [Ref ]: बागायती शेती करायले सेंद्रिय खत आवश्यक हाये का ?...
  [Pred]: बुळायची शेती करायले सेंरिय ख फावय हाय का ?...

Step   9400/30000 | Phase: 4A (Hard Routing) | CTC Loss: 1.3962 | Aux Loss: 8.0721 | CER: 0.353 | Throughput: 100.5 aud-s/s | LR: 9.60e-06
  [Ref ]: शिकनारा पोरंसले शिक्शननं कर्ज भेटाकरता उत्पन्नना दाखला जोडना पडस...
  [Pred]: शित्नाडा परसल्य शिक्षनन कर्ज वेटया करता उत्पनिना कापला जोना पडस...

Step   9425/30000 | Phase: 4A (Hard Routing) | CTC Loss: 1.4552 | Aux Loss: 8.0512 | CER: 0.299 | Throughput: 174.6 aud-s/s | LR: 9.60e-06
  [Ref ]: रिचार्ज कसा करूचा ?...
  [Pred]: यरजा कसा करूचा ?...

Step   9450/30000 | Phase: 4A (Hard Routing) | CTC Loss: 1.5042 | Aux Loss: 8.0151 | CER: 0.468 | Throughput:  37.4 aud-s/s | LR: 9.60e-06
  [Ref ]: मोत्यांची लागवड फार प्राचीन काळापासून केली जाते...
  [Pred]: मटीय लाग् रार कारय कावासन केली जाते ?...

Step   9475/30000 | Phase: 4A (Hard Routing) | CTC Loss: 1.4925 | Aux Loss: 8.0279 | CER: 0.361 | Throughput: 149.9 aud-s/s | LR: 9.60e-06
  [Ref ]: मी माझ्या भावाच्या सिक्युरिटीज तारणावर स्वाक्षरी केली आहे...
  [Pred]: मी माझ्या झागाच्या सुतरिटी पारनावर स काक्षिरी केली हा...

Step   9500/30000 | Phase: 4A (Hard Routing) | CTC Loss: 1.4709 | Aux Loss: 8.0166 | CER: 0.240 | Throughput: 211.8 aud-s/s | LR: 9.59e-06
  [Ref ]: मी माझ्या पिकांची जलद वाढ कशी करू शकतो ?...
  [Pred]: मी माझ्या पिकारची जलातवार कशी करू शकतो ?...

Step   9525/30000 | Phase: 4A (Hard Routing) | CTC Loss: 1.4563 | Aux Loss: 8.1060 | CER: 0.417 | Throughput: 133.1 aud-s/s | LR: 9.59e-06
  [Ref ]: इन्शुरन्सचो अर्थ काय असा ?...
  [Pred]: जीणाचो र्ता काय आस ?...

Step   9550/30000 | Phase: 4A (Hard Routing) | CTC Loss: 1.4638 | Aux Loss: 8.0340 | CER: 0.468 | Throughput:  28.9 aud-s/s | LR: 9.59e-06
  [Ref ]: कर्ज मिळविण्यासाठी साधारण किती वेळ लागेल ?...
  [Pred]: करजयविल्ा गती सादारन किठे बललाव्स...

Step   9575/30000 | Phase: 4A (Hard Routing) | CTC Loss: 1.4570 | Aux Loss: 8.0052 | CER: 0.373 | Throughput: 115.6 aud-s/s | LR: 9.59e-06
  [Ref ]: फुलकोबी पिकाची पेरणी सप्टेंबर ते फेब्रुवारी महिन्यात केली जाते...
  [Pred]: कूण कोधी पिकाचे पेरनीसपी कते फेबडोवारे महंात केली जाते...

Step   9600/30000 | Phase: 4A (Hard Routing) | CTC Loss: 1.4884 | Aux Loss: 8.0410 | CER: 0.386 | Throughput: 185.0 aud-s/s | LR: 9.58e-06
  [Ref ]: रोहनने मला यू.पी.आय सेवा सुरू करण्याचा तपशील विचारला...
  [Pred]: रोजननमला यो.पी.यआसवासून परणाचा कक्षीर विचारले...

Step   9625/30000 | Phase: 4A (Hard Routing) | CTC Loss: 1.4751 | Aux Loss: 8.0723 | CER: 0.402 | Throughput: 134.4 aud-s/s | LR: 9.58e-06
  [Ref ]: वजनाचे किती प्रकार आसत ?...
  [Pred]: कका ्ाशी किती प्का आस ?...

Step   9650/30000 | Phase: 4A (Hard Routing) | CTC Loss: 1.5057 | Aux Loss: 8.0340 | CER: 0.551 | Throughput: 122.1 aud-s/s | LR: 9.58e-06
  [Ref ]: टोमॅटोवर कोणते किटक रोग पडू शकतात ?...
  [Pred]: लोमाझ्यावर कण ते दीय करवावकश करता ?...

Step   9675/30000 | Phase: 4A (Hard Routing) | CTC Loss: 1.4517 | Aux Loss: 8.0531 | CER: 0.398 | Throughput:  39.2 aud-s/s | LR: 9.57e-06
  [Ref ]: कीटक व्यवस्थापनाचे दोन मुद्दे खयचे आसत ?...
  [Pred]:  केटरव्यवस्थापरकची दोन मोती खयची आस ?...

Step   9700/30000 | Phase: 4A (Hard Routing) | CTC Loss: 1.4449 | Aux Loss: 8.0348 | CER: 0.361 | Throughput: 307.7 aud-s/s | LR: 9.57e-06
  [Ref ]: फळझाडा लहान , लांब , गोलाकार अश्या अनेक प्रकारची असू शकतत...
  [Pred]: फरजाडात लहान लाम कोला कार आजा आणिक प्रकारती असू शकतत...

Step   9725/30000 | Phase: 4A (Hard Routing) | CTC Loss: 1.4452 | Aux Loss: 8.0645 | CER: 0.308 | Throughput: 110.6 aud-s/s | LR: 9.57e-06
  [Ref ]: मोती अनेक रंगांचे असतात...
  [Pred]: पीयअन्य रागान असतात...

Step   9750/30000 | Phase: 4A (Hard Routing) | CTC Loss: 1.4664 | Aux Loss: 8.0610 | CER: 0.492 | Throughput: 109.0 aud-s/s | LR: 9.57e-06
  [Ref ]: सगळ्यात चांगलो ट्रॅक्टर कसल्या कंपनीचो मिळता ?...
  [Pred]: माय सांगव ्रटर कसलया कंक रचा मेळता ?...

Step   9775/30000 | Phase: 4A (Hard Routing) | CTC Loss: 1.5307 | Aux Loss: 8.0120 | CER: 0.380 | Throughput: 179.1 aud-s/s | LR: 9.56e-06
  [Ref ]: कमी वेळचं कर्ज कस मिळवाचं ?...
  [Pred]: कमीली वेडचाव कर्च कसा केमनत ?...

Step   9800/30000 | Phase: 4A (Hard Routing) | CTC Loss: 1.4407 | Aux Loss: 8.0118 | CER: 0.298 | Throughput: 284.4 aud-s/s | LR: 9.56e-06
  [Ref ]: ढगाळ हवामानात कोणकोणत्या पिकांची अधिक काळजी घ्यायला हवी ?...
  [Pred]: दजार हवामारात कोण कोणत्या पिकांची आधि कायही कयाय ला हवी ?...

Step   9825/30000 | Phase: 4A (Hard Routing) | CTC Loss: 1.4132 | Aux Loss: 8.0765 | CER: 0.455 | Throughput:  36.7 aud-s/s | LR: 9.56e-06
  [Ref ]: डिजिटल वजन कसा करतत ?...
  [Pred]: विचीचयन म्त्ा का काकारतत ?...

Step   9850/30000 | Phase: 4A (Hard Routing) | CTC Loss: 1.4621 | Aux Loss: 8.0177 | CER: 0.541 | Throughput: 127.7 aud-s/s | LR: 9.55e-06
  [Ref ]: यु.पी.आय ने एक लाख रुपये पाठवू शकतो का ?...
  [Pred]: य.पी.आय देरीच वाकुपाय माठू शकतो का ?...

Step   9875/30000 | Phase: 4A (Hard Routing) | CTC Loss: 1.5227 | Aux Loss: 8.0402 | CER: 0.360 | Throughput: 179.1 aud-s/s | LR: 9.55e-06
  [Ref ]: माझ्या बँक खात्यातील तपशील बघून मला किमान किती कर्ज उपलब्ध होऊ शकते ?...
  [Pred]: माझ्या काताकागाल पक्षन दगूमल्या की माणिकिता कर्ज उल भऊू शकता ?...

Step   9900/30000 | Phase: 4A (Hard Routing) | CTC Loss: 1.5021 | Aux Loss: 8.0616 | CER: 0.366 | Throughput: 195.0 aud-s/s | LR: 9.55e-06
  [Ref ]: बँकिंग गुप्तता , वैकल्पिकरित्या आर्थिक गोपनीयता , बँकिंग विवेक म्हणून ...
  [Pred]: बँडिगगुत्पतका वय कया पिकिलिता आर्ते गोकममपाब्याकिंग मेवेाक बलो ळगली जा...

Step   9925/30000 | Phase: 4A (Hard Routing) | CTC Loss: 1.5466 | Aux Loss: 8.0662 | CER: 0.306 | Throughput: 137.1 aud-s/s | LR: 9.55e-06
  [Ref ]: कर्ज कसा फेडुचा ?...
  [Pred]: कर्ज कसा ठेडूचा ?...

Step   9950/30000 | Phase: 4A (Hard Routing) | CTC Loss: 1.6295 | Aux Loss: 8.0103 | CER: 0.605 | Throughput: 126.1 aud-s/s | LR: 9.54e-06
  [Ref ]: हरभरा पिकासाठी चांगले तणनाशक कोणते , कोठे मिळेल ?...
  [Pred]: हमा हे्ासाी चागाती माला ाश्शीक कोणते किती मिळेल ?...

Step   9975/30000 | Phase: 4A (Hard Routing) | CTC Loss: 1.3787 | Aux Loss: 8.0488 | CER: 0.387 | Throughput: 196.0 aud-s/s | LR: 9.54e-06
  [Ref ]: कोडो बाजरी एक अत्यधिक पौष्टिक अन्न आसा...
  [Pred]: यवाजरे अध्थरिनी पोषटी जना आसा ?...

Step  10000/30000 | Phase: 4A (Hard Routing) | CTC Loss: 1.4735 | Aux Loss: 8.0485 | CER: 0.364 | Throughput:  85.3 aud-s/s | LR: 9.54e-06
  [Ref ]: सोयाबीनचे उत्पादन खराब होण्याअगोदर ते किती वेळ गोदामात ठेवणे योग्य आहे...
  [Pred]: सोयाबीनचा उत्पादन खरा होळया आपदर्त किती सरना ठेवी योग्यी आहे ?...

  🌟 New Best Model! cer = 0.3644 (Saved to best_model.pt)
  [Checkpoint] Step 10000 saved to runs\no-splitformer-moe-only\checkpoints\stage2_moe
Step  10025/30000 | Phase: 4A (Hard Routing) | CTC Loss: 1.4521 | Aux Loss: 8.0494 | CER: 0.255 | Throughput: 168.9 aud-s/s | LR: 9.54e-06
  [Ref ]: ट्रॅक्टराची किंमत काय आसा ?...
  [Pred]: रे्राची जिमात काय असा ?...

Step  10050/30000 | Phase: 4A (Hard Routing) | CTC Loss: 1.5401 | Aux Loss: 8.0222 | CER: 0.604 | Throughput: 142.1 aud-s/s | LR: 9.53e-06
  [Ref ]: ऊस वाढ ही खयच्या ऋतूत चांगली होता ?...
  [Pred]: पसकरस्कचीर कग कागी ोता?...

Step  10075/30000 | Phase: 4A (Hard Routing) | CTC Loss: 1.4974 | Aux Loss: 8.0273 | CER: 0.312 | Throughput: 150.9 aud-s/s | LR: 9.53e-06
  [Ref ]: सेंद्रिय शेतीमध्ये बागायती शेती वाढवू शकतो का ?...
  [Pred]: संद्रिय शेती मध्ये बागायाती शेती वाढलू शकतो का ?...

Step  10100/30000 | Phase: 4A (Hard Routing) | CTC Loss: 1.4377 | Aux Loss: 8.0787 | CER: 0.322 | Throughput: 201.6 aud-s/s | LR: 9.53e-06
  [Ref ]: तुमले एकाधिक बँक फोनवरीन डेबिट कार्ड ब्लॉक करानी परवानगी देस...
  [Pred]: तुंडी एकाधीक बाक फूनव डेबिक कार्ड बाग कराणी करवानकितेस...

Step  10125/30000 | Phase: 4A (Hard Routing) | CTC Loss: 1.4934 | Aux Loss: 8.1317 | CER: 0.551 | Throughput: 155.7 aud-s/s | LR: 9.52e-06
  [Ref ]: ठेवीचे कितके प्रकार आसत ?...
  [Pred]: करकी का कार अस ?...

Step  10150/30000 | Phase: 4A (Hard Routing) | CTC Loss: 1.4561 | Aux Loss: 8.0251 | CER: 0.476 | Throughput: 114.9 aud-s/s | LR: 9.52e-06
  [Ref ]: एका महिन्यासाठी मुदत ठेव ठेवता येते का ?...
  [Pred]: एकाक्ासाठी मुदत पण ठेवता यहे का ?...

Step  10175/30000 | Phase: 4A (Hard Routing) | CTC Loss: 1.3512 | Aux Loss: 8.0142 | CER: 0.324 | Throughput: 149.4 aud-s/s | LR: 9.52e-06
  [Ref ]: मी नेमाटोड कुठून खरेदी करू ?...
  [Pred]: मीही मेमा कवर कोठून खात करू ?...

Step  10200/30000 | Phase: 4A (Hard Routing) | CTC Loss: 1.4509 | Aux Loss: 8.3575 | CER: 0.438 | Throughput:  60.8 aud-s/s | LR: 9.51e-06
  [Ref ]: हे धोके आर्थिक अनिश्चिततेसह विविध स्रोतांमधून उद्भवतात...
  [Pred]: हेदु.की. आय थिक आनिचित ते सहवेे तस्तेकानंदर उजहे ता...

Step  10225/30000 | Phase: 4A (Hard Routing) | CTC Loss: 1.5251 | Aux Loss: 8.0673 | CER: 0.398 | Throughput: 732.2 aud-s/s | LR: 9.51e-06
  [Ref ]: के.वाय.सी म्हणजे काय ?...
  [Pred]: के.ववसू म्हणे काय ?...

Step  10250/30000 | Phase: 4A (Hard Routing) | CTC Loss: 1.4854 | Aux Loss: 8.0461 | CER: 0.380 | Throughput: 106.7 aud-s/s | LR: 9.51e-06
  [Ref ]: डेबिट कार्डसाठी कोणता अर्ज करावा लागेल ?...
  [Pred]: डबिट कार्ासाठी कोणत्या अर्ज करावर यालेल ?...

Step  10275/30000 | Phase: 4A (Hard Routing) | CTC Loss: 1.4396 | Aux Loss: 8.0139 | CER: 0.302 | Throughput: 142.0 aud-s/s | LR: 9.51e-06
  [Ref ]: माझ्या मशीन खरेदीचा खर्च कोणत्या सरकारी योजनेत घेतला जातो ?...
  [Pred]: माझ्या मोता खर देचर खर्च कोणय सरतारी मोजन्य केत्ला जातो ?...

Step  10300/30000 | Phase: 4A (Hard Routing) | CTC Loss: 1.3717 | Aux Loss: 8.0276 | CER: 0.315 | Throughput: 151.4 aud-s/s | LR: 9.50e-06
  [Ref ]: मला प्रधानमंत्री योजनेचा लाभ घेण्यासाठी काय अर्ज करावा लागेल ?...
  [Pred]: मला परकार म्ंत्येजने साना मिण्यासाठी काय अर्ज कतावा लागेल ?...

Step  10325/30000 | Phase: 4A (Hard Routing) | CTC Loss: 1.5533 | Aux Loss: 8.0661 | CER: 0.490 | Throughput: 715.8 aud-s/s | LR: 9.50e-06
  [Ref ]: बीजप्रक्रिया म्हणजे काय ?...
  [Pred]: बी शे्ी म्येर आहे ?...

Step  10350/30000 | Phase: 4A (Hard Routing) | CTC Loss: 1.4197 | Aux Loss: 8.0030 | CER: 0.243 | Throughput: 220.8 aud-s/s | LR: 9.50e-06
  [Ref ]: लाल मातीमध्ये भुईमुगाच्या शेंगा लावू शकतो का ?...
  [Pred]: गाल मातीमध्यी भळी मुभाच्या सेन्ना लावऊू शकतो का ?...

Step  10375/30000 | Phase: 4A (Hard Routing) | CTC Loss: 1.4141 | Aux Loss: 8.0362 | CER: 0.365 | Throughput: 147.1 aud-s/s | LR: 9.49e-06
  [Ref ]: नोंदणीकृत शेअर मध्ये ह्यो फायदो असा राजू...
  [Pred]: दोमनी पिकषेअर येजे फाय्द आसा लातो ?...

Step  10400/30000 | Phase: 4A (Hard Routing) | CTC Loss: 1.4004 | Aux Loss: 8.0223 | CER: 0.351 | Throughput: 166.8 aud-s/s | LR: 9.49e-06
  [Ref ]: पोस्ट ऑफिसमध्ये जोखीममुक्त व्याजदराची योजना आहे , हे खरं आहे का ?...
  [Pred]: पस्टपीस मध्ये जोक्खे वक्ता वरकराचे योजनाआहे ए हर आहे का ?...

Step  10425/30000 | Phase: 4A (Hard Routing) | CTC Loss: 1.4044 | Aux Loss: 8.0901 | CER: 0.437 | Throughput: 740.0 aud-s/s | LR: 9.49e-06
  [Ref ]: मित्र किडी कशी ओळखाची ?...
  [Pred]: माये कारी केशे टाचे ?...

Step  10450/30000 | Phase: 4A (Hard Routing) | CTC Loss: 1.4391 | Aux Loss: 8.0230 | CER: 0.492 | Throughput: 163.5 aud-s/s | LR: 9.49e-06
  [Ref ]: मातीचा प्रकार कश्याप्रकारे पिकांवर परिणाम करतो ?...
  [Pred]: माढीषाका लाबाचावाकबा नवई पविणान करतो?...

Step  10475/30000 | Phase: 4A (Hard Routing) | CTC Loss: 1.3862 | Aux Loss: 8.0451 | CER: 0.322 | Throughput: 168.7 aud-s/s | LR: 9.48e-06
  [Ref ]: ऑनलाईन काय ऑफलाईन मशीनी घेतलेले बरे आसतात ?...
  [Pred]: ऑनलाइन काय ऑफलाइन मशनी घेतलेले बरत आसतत...

Step  10500/30000 | Phase: 4A (Hard Routing) | CTC Loss: 1.5367 | Aux Loss: 8.0453 | CER: 0.353 | Throughput: 175.9 aud-s/s | LR: 9.48e-06
  [Ref ]: भारत आपली सेनावर आणि राखनवर गनच पैसा लाई राहिना...
  [Pred]: कारत अलीशेनावर आणि घा थनंवर गनास पैसा लायव रयना...

Step  10525/30000 | Phase: 4B (Dynamic MoE) | CTC Loss: 1.7051 | Aux Loss: 8.0377 | CER: 0.354 | Throughput: 649.9 aud-s/s | LR: 9.48e-06
  [Ref ]: सेंद्रिय शेती कशी करायची ?...
  [Pred]: सेंबरी साती कसे कराय जा ?...

Step  10550/30000 | Phase: 4B (Dynamic MoE) | CTC Loss: 1.4910 | Aux Loss: 8.0197 | CER: 0.513 | Throughput: 144.3 aud-s/s | LR: 9.47e-06
  [Ref ]: विम्याचा हप्ता बँक खात्यामधून वजा होऊ शकतो का ?...
  [Pred]: मीचया उत्त प काजा का कर्जा माऊ शकतो का ?...

Step  10575/30000 | Phase: 4B (Dynamic MoE) | CTC Loss: 1.4993 | Aux Loss: 8.0324 | CER: 0.360 | Throughput: 172.8 aud-s/s | LR: 9.47e-06
  [Ref ]: कृषी अधिकारी सांगा होतो , विस्तृत कृषी किंवा विस्तृत शेती ही येक कृषी ...
  [Pred]: पृष्या दिकरी सांदवातोकप कशी द्वलस्थी शेतीी एकेशे पां बागले असात...

Step  10600/30000 | Phase: 4B (Dynamic MoE) | CTC Loss: 1.4393 | Aux Loss: 8.0260 | CER: 0.339 | Throughput: 221.1 aud-s/s | LR: 9.47e-06
  [Ref ]: मधाक हृदय आजारांवर उपयोगी मनाला जाता...
  [Pred]: मधा रुबे आसवनवर उपयोगी मनाला जाता...

Step  10625/30000 | Phase: 4B (Dynamic MoE) | CTC Loss: 1.6331 | Aux Loss: 8.0823 | CER: 0.466 | Throughput: 677.3 aud-s/s | LR: 9.46e-06
  [Ref ]: गुंतवणूक कशी करूची ?...
  [Pred]: करमी कसी करूचा ?...

Step  10650/30000 | Phase: 4B (Dynamic MoE) | CTC Loss: 1.4673 | Aux Loss: 8.0450 | CER: 0.354 | Throughput: 151.1 aud-s/s | LR: 9.46e-06
  [Ref ]: डेबिट कार्डद्वारे एकावेळी किती पैसे देता येतात ?...
  [Pred]: डेबिट कार्कारे एका वेळ किती पैशे दे येतात ?...

Step  10675/30000 | Phase: 4B (Dynamic MoE) | CTC Loss: 1.4012 | Aux Loss: 8.0315 | CER: 0.344 | Throughput: 155.9 aud-s/s | LR: 9.46e-06
  [Ref ]: खत म्हणून रसायनांचा अतिवापर जमिनीच्या गुणवत्तेसाठी चांगला नाही...
  [Pred]: खतमननज सायनंकाठ्वाकर्जमनी सेत्थेसाठी संग हाढ...

Step  10700/30000 | Phase: 4B (Dynamic MoE) | CTC Loss: 1.5127 | Aux Loss: 8.0380 | CER: 0.305 | Throughput: 162.7 aud-s/s | LR: 9.46e-06
  [Ref ]: मी रासायनिक खतांचो वापर करून पोषक व्यवस्थापन करू शकताव काय ?...
  [Pred]: मी रासायनिक खतांचो ापर करून कोषक योस्थापन करू शकताव का ?...

Step  10725/30000 | Phase: 4B (Dynamic MoE) | CTC Loss: 1.5084 | Aux Loss: 8.0802 | CER: 0.500 | Throughput: 672.3 aud-s/s | LR: 9.45e-06
  [Ref ]: विमा धन काय असता ?...
  [Pred]: मिमा काक असता ?...

Step  10750/30000 | Phase: 4B (Dynamic MoE) | CTC Loss: 1.5122 | Aux Loss: 8.0684 | CER: 0.457 | Throughput: 257.4 aud-s/s | LR: 9.45e-06
  [Ref ]: शिक्षणाचा कर्ज साधो माणूस घेऊ शकता काय ?...
  [Pred]: किलनाचा कर्जाला दोहानस घेऊ शकता ?...

Step  10775/30000 | Phase: 4B (Dynamic MoE) | CTC Loss: 1.4421 | Aux Loss: 8.0303 | CER: 0.544 | Throughput: 367.5 aud-s/s | LR: 9.45e-06
  [Ref ]: पाणथळ जमीनीमंदी पावसाळ्यात कोनचे पिक उगवते ?...
  [Pred]: मातकनिम काय तचे पिक वाढते ?...

Step  10800/30000 | Phase: 4B (Dynamic MoE) | CTC Loss: 1.5082 | Aux Loss: 8.0212 | CER: 0.295 | Throughput: 130.0 aud-s/s | LR: 9.44e-06
  [Ref ]: जर्मनीमध्ये बाह्य भांडवल बाजार तुलनेने अविकसित आहे...
  [Pred]: जरमनमधये बाजे भांडवल बाजार थुल्ेले आवि कसीत आये...

Step  10825/30000 | Phase: 4B (Dynamic MoE) | CTC Loss: 1.4705 | Aux Loss: 8.0660 | CER: 0.522 | Throughput: 420.1 aud-s/s | LR: 9.44e-06
  [Ref ]: याज म्हंजी भाडानी किंमत...
  [Pred]: याज मंजे भाढानीक का ?...

Step  10850/30000 | Phase: 4B (Dynamic MoE) | CTC Loss: 1.4024 | Aux Loss: 8.0111 | CER: 0.416 | Throughput: 109.6 aud-s/s | LR: 9.44e-06
  [Ref ]: अंतर विमो प्रामुख्यान दोन प्रकारे केलो जाता...
  [Pred]: अंतार निमो प्रहोत केनना सी द वारे देले जाता...

Step  10875/30000 | Phase: 4B (Dynamic MoE) | CTC Loss: 1.4064 | Aux Loss: 8.0297 | CER: 0.354 | Throughput: 320.4 aud-s/s | LR: 9.43e-06
  [Ref ]: माझी मावशी बोराचा लोणचा खूप आवडीन बनवता...
  [Pred]: माझीमा शिवराचलवसाखूत आवडीं बनहता...

Step  10900/30000 | Phase: 4B (Dynamic MoE) | CTC Loss: 1.4469 | Aux Loss: 8.0198 | CER: 0.324 | Throughput: 138.8 aud-s/s | LR: 9.43e-06
  [Ref ]: मी मोबाईल फोनवर दररोजचे बाजाराचे भाव कशा प्रकारे पाहू शकेल ?...
  [Pred]: मी बॉपाईल टोर वार धरवतची ग्वामरचे भहाव कशे प्रकारे पावू शतते ?...

Step  10925/30000 | Phase: 4B (Dynamic MoE) | CTC Loss: 1.4637 | Aux Loss: 8.0299 | CER: 0.329 | Throughput: 459.4 aud-s/s | LR: 9.43e-06
  [Ref ]: डेबिट कार्ड म्हटल्या काय ?...
  [Pred]: ावूट कास म्टला काय ?...

Step  10950/30000 | Phase: 4B (Dynamic MoE) | CTC Loss: 1.4790 | Aux Loss: 8.0446 | CER: 0.500 | Throughput: 181.3 aud-s/s | LR: 9.42e-06
  [Ref ]: मी वैयक्तिक कर्जासाठी अर्ज करू शकतो का ?...
  [Pred]: मी वायक तिक कर्जाव कर्ज करू शकतो का ?...

Step  10975/30000 | Phase: 4B (Dynamic MoE) | CTC Loss: 1.4510 | Aux Loss: 8.0339 | CER: 0.385 | Throughput: 225.0 aud-s/s | LR: 9.42e-06
  [Ref ]: व्यापार वित्त क्रेडिट पत्र , हमी किंवा विम्याच्या स्वरूपात दिसून येते...
  [Pred]: रि्तक्रेलेट पत्र हमी मवा विम्याच्या वरुपाद देस येते...

Step  11000/30000 | Phase: 4B (Dynamic MoE) | CTC Loss: 1.4060 | Aux Loss: 8.0455 | CER: 0.305 | Throughput: 108.7 aud-s/s | LR: 9.42e-06
  [Ref ]: हा राष्ट्रीय विमा बेरोजगारांना मदत करण्यासाठी सुद्धा ओळखला जातो...
  [Pred]: मारष्रे विमदेवउत अरनाम पत्तण्ासाठी सुत ळतला आगात...

  🌟 New Best Model! cer = 0.3047 (Saved to best_model.pt)
  [Checkpoint] Step 11000 saved to runs\no-splitformer-moe-only\checkpoints\stage2_moe
Step  11025/30000 | Phase: 4B (Dynamic MoE) | CTC Loss: 1.4125 | Aux Loss: 8.0844 | CER: 0.337 | Throughput: 436.4 aud-s/s | LR: 9.41e-06
  [Ref ]: म्या बचत खाता कसा उघडू शकतय ?...
  [Pred]: मबाचेा काता जा करू शकते ?...

Step  11050/30000 | Phase: 4B (Dynamic MoE) | CTC Loss: 1.4348 | Aux Loss: 8.0211 | CER: 0.450 | Throughput: 279.4 aud-s/s | LR: 9.41e-06
  [Ref ]: माया शेतामंदी मिर्चीले लई बार यायले का करू ?...
  [Pred]: माया शेता मजीन मिरकिले जमनार आायले काय करू ?...

Step  11075/30000 | Phase: 4B (Dynamic MoE) | CTC Loss: 1.3646 | Aux Loss: 8.0407 | CER: 0.384 | Throughput: 287.1 aud-s/s | LR: 9.41e-06
  [Ref ]: माझा बॉसच या शेअर्सचा शेअरहोल्डर आहे...
  [Pred]: माझ्या ब्ॉसची आसेस्चा शेर होडडर आहे...

Step  11100/30000 | Phase: 4B (Dynamic MoE) | CTC Loss: 1.3781 | Aux Loss: 8.0565 | CER: 0.309 | Throughput: 123.0 aud-s/s | LR: 9.40e-06
  [Ref ]: रमेश , लोकर मध्ये केराटिन ची मात्रा भरपूर केराटिन असते...
  [Pred]: अरमीस लोकर म्ं्ये केराटींची मात्र भरपू केराटीन असते...

Step  11125/30000 | Phase: 4B (Dynamic MoE) | CTC Loss: 1.4290 | Aux Loss: 8.0790 | CER: 0.353 | Throughput: 447.8 aud-s/s | LR: 9.40e-06
  [Ref ]: कर्ज फेडूक कित्की मुदत दितात ?...
  [Pred]: क पडूक किची म्दा देतात ?...

Step  11150/30000 | Phase: 4B (Dynamic MoE) | CTC Loss: 1.5141 | Aux Loss: 8.0196 | CER: 0.380 | Throughput: 193.9 aud-s/s | LR: 9.40e-06
  [Ref ]: मला कर्जाच्या ई.एम.आय ची गणना करायला शिकायचे आहे...
  [Pred]: मला कर्जा चा हियामात ती घल्याना कर्ा कशी कायचे आहे ?...

Step  11175/30000 | Phase: 4B (Dynamic MoE) | CTC Loss: 1.4764 | Aux Loss: 8.0350 | CER: 0.399 | Throughput: 307.4 aud-s/s | LR: 9.40e-06
  [Ref ]: नदीच्या काठावरील शेतीमंदी पूर आला त का करा लागन ?...
  [Pred]: मधीच्या काटठावरील शेतीन म्ंड कालात का पारा लागन ?...

Step  11200/30000 | Phase: 4B (Dynamic MoE) | CTC Loss: 1.5607 | Aux Loss: 8.0578 | CER: 0.628 | Throughput: 121.5 aud-s/s | LR: 9.39e-06
  [Ref ]: दवापायी सोल्याच्या पिकावर कोनचा परिनाम व्हते ?...
  [Pred]: च वापल शोतच्या पिकावर कणचा परे ?...

Step  11225/30000 | Phase: 4B (Dynamic MoE) | CTC Loss: 1.3935 | Aux Loss: 8.0554 | CER: 0.438 | Throughput: 276.9 aud-s/s | LR: 9.39e-06
  [Ref ]: ऑनलाइन लाईट बिल कसा भरायचा ?...
  [Pred]: ंदाय से स स पळ रा ?...

Step  11250/30000 | Phase: 4B (Dynamic MoE) | CTC Loss: 1.4377 | Aux Loss: 8.0095 | CER: 0.281 | Throughput: 269.1 aud-s/s | LR: 9.39e-06
  [Ref ]: कर्ज ह्या किती वर्षात फेडून हव्या ?...
  [Pred]: कर्चा ्या किती वार्षात तेडू काव्या ?...

Step  11275/30000 | Phase: 4B (Dynamic MoE) | CTC Loss: 1.4736 | Aux Loss: 8.0467 | CER: 0.426 | Throughput: 404.1 aud-s/s | LR: 9.38e-06
  [Ref ]: अडचणीत पटकण पायजे असन तर कोनचा पर्याय हाय ?...
  [Pred]: रचने प्टट आाधी असनकर कोमाका पर् हाहे...

Step  11300/30000 | Phase: 4B (Dynamic MoE) | CTC Loss: 1.3797 | Aux Loss: 8.0382 | CER: 0.350 | Throughput: 144.9 aud-s/s | LR: 9.38e-06
  [Ref ]: खतांचा मानवांसह पर्यावरणावर काय परिणाम होतो ?...
  [Pred]: कनचा माडवान सह परियावरतच काय परणा ह ?...

Step  11325/30000 | Phase: 4B (Dynamic MoE) | CTC Loss: 1.3982 | Aux Loss: 8.0618 | CER: 0.356 | Throughput: 463.7 aud-s/s | LR: 9.38e-06
  [Ref ]: ऑनलाइन रिचार्ज कसा करूचा ?...
  [Pred]: क खाचया कसे कघरूचा ?...

Step  11350/30000 | Phase: 4B (Dynamic MoE) | CTC Loss: 1.4436 | Aux Loss: 8.0178 | CER: 0.358 | Throughput:  32.9 aud-s/s | LR: 9.37e-06
  [Ref ]: तन कापनीले किती व्होल्टचं बॅटरी यंत्र वापरतात ?...
  [Pred]: कन कातणीने किती त ब्ॅटीयंक्र अरते ?...

Step  11375/30000 | Phase: 4B (Dynamic MoE) | CTC Loss: 1.4213 | Aux Loss: 8.0442 | CER: 0.346 | Throughput: 293.7 aud-s/s | LR: 9.37e-06
  [Ref ]: खत म्हणून अधिक रसायनांचा वापर करून ते लोकांच्या आरोग्याशी खेळतात...
  [Pred]: ीउकती कनान्ांचा वापर करधोतये लोकांच्या अरग्येशि कत...

Step  11400/30000 | Phase: 4B (Dynamic MoE) | CTC Loss: 1.4145 | Aux Loss: 8.0393 | CER: 0.435 | Throughput: 106.5 aud-s/s | LR: 9.37e-06
  [Ref ]: नॅशनल फुटबॉल लीग मधल्या काही संघांनी विकलांगता विम्याचो उपयोग केल्यानी...
  [Pred]: बसनल फुरवलीन प्याकालीमनानी उकमांगता वि कोणतयो केलनया...

Step  11425/30000 | Phase: 4B (Dynamic MoE) | CTC Loss: 1.5184 | Aux Loss: 8.0668 | CER: 0.501 | Throughput: 279.5 aud-s/s | LR: 9.36e-06
  [Ref ]: ऑनलाइन ठेव कशी उघडायची ?...
  [Pred]:  ठे कसे फरडायचे ?...

Step  11450/30000 | Phase: 4B (Dynamic MoE) | CTC Loss: 1.4349 | Aux Loss: 8.0245 | CER: 0.181 | Throughput: 174.2 aud-s/s | LR: 9.36e-06
  [Ref ]: एस.बी.आय बँकेत कर्जासाठी ऑनलाइन अर्जही करू शकता...
  [Pred]: युसलीय बँकेत कर्ासाठी ऑनलाईन नर्ज कर शक ?...

Step  11475/30000 | Phase: 4B (Dynamic MoE) | CTC Loss: 1.3783 | Aux Loss: 8.0228 | CER: 0.405 | Throughput: 298.7 aud-s/s | LR: 9.36e-06
  [Ref ]: तुमची चेकबुक उघड्यावर कधीही टाकू नका , चेक फसवणूक होऊ शकता...
  [Pred]: मााकितीसकू मवडनावर करी ताकाकापाचेत पसमा वऊ शकता...

Step  11500/30000 | Phase: 4B (Dynamic MoE) | CTC Loss: 1.3981 | Aux Loss: 8.0338 | CER: 0.459 | Throughput: 143.1 aud-s/s | LR: 9.35e-06
  [Ref ]: रोपाची पाना आनी कोवरी खाणाऱ्या किडीक मारूच्या खाती कसला किटकनाशक वापरा...
  [Pred]: रटाची पाण्या अणि कोडी क्डावे कीली कशे खातय कसला पिटण माशा कापरायेई ?...

Step  11525/30000 | Phase: 4B (Dynamic MoE) | CTC Loss: 1.4506 | Aux Loss: 8.0840 | CER: 0.400 | Throughput: 432.6 aud-s/s | LR: 9.35e-06
  [Ref ]: आर्थिक सेवा म्हटल्या काय ?...
  [Pred]: रा किता ऑहटल्या काय ?...

Step  11550/30000 | Phase: 4B (Dynamic MoE) | CTC Loss: 1.4929 | Aux Loss: 8.0102 | CER: 0.313 | Throughput: 190.2 aud-s/s | LR: 9.35e-06
  [Ref ]: मी माझे कर्ज मुदतीच्या आधी फेडू शकते का ?...
  [Pred]: माशेत कर्ज मूजतीचा पि केरू शकते का ?...

Step  11575/30000 | Phase: 4B (Dynamic MoE) | CTC Loss: 1.5216 | Aux Loss: 8.0416 | CER: 0.473 | Throughput: 307.3 aud-s/s | LR: 9.34e-06
  [Ref ]: कांदा लागवडीसाठी योग्य जमीन तयार कशी करावी ?...
  [Pred]: कांदा लागवडीसाठी योये समीन त्यार का रावे ?...

Step  11600/30000 | Phase: 4B (Dynamic MoE) | CTC Loss: 1.4013 | Aux Loss: 8.0447 | CER: 0.412 | Throughput: 126.7 aud-s/s | LR: 9.34e-06
  [Ref ]: परदेशात पैसे पाठवायचे असतील तर शुल्क कसे आकारले जाते ?...
  [Pred]: पर देजा पैसे पाययाचीलतशी कशे अकरले जाते ?...

Step  11625/30000 | Phase: 4B (Dynamic MoE) | CTC Loss: 1.4265 | Aux Loss: 8.0341 | CER: 0.317 | Throughput: 472.1 aud-s/s | LR: 9.34e-06
  [Ref ]: यू.पी.आय सेवा कशी काम करता ?...
  [Pred]: यू.पी.य ेव कशी कां करुता ?...

Step  11650/30000 | Phase: 4B (Dynamic MoE) | CTC Loss: 1.4188 | Aux Loss: 8.0173 | CER: 0.362 | Throughput: 178.5 aud-s/s | LR: 9.33e-06
  [Ref ]: तुम्ही घरबसल्या नेट बँकिंगसाठी नोंदणी करू शकता...
  [Pred]: तुमी हर्बस वाने बँकवासाठी महंने करू शकता ?...

Step  11675/30000 | Phase: 4B (Dynamic MoE) | CTC Loss: 1.4468 | Aux Loss: 8.0200 | CER: 0.308 | Throughput: 127.5 aud-s/s | LR: 9.33e-06
  [Ref ]: बिगर शेती धारकाले बँक कर्ज देऊ शकते का ?...
  [Pred]: बग सेते भरका चायात बँन कर्ज भेऊ शकते का ?...

Step  11700/30000 | Phase: 4B (Dynamic MoE) | CTC Loss: 1.3638 | Aux Loss: 8.0503 | CER: 0.389 | Throughput:  52.7 aud-s/s | LR: 9.33e-06
  [Ref ]: यावेळी नवीन वर्षात अनेक कंपन्या कपड्यांवर सूट देणार आहेत...
  [Pred]: यागळीनीवन वर्षात अनि कंतनी कट्यांवर फोप लेलार आहेत...

Step  11725/30000 | Phase: 4B (Dynamic MoE) | CTC Loss: 1.4114 | Aux Loss: 8.0786 | CER: 0.420 | Throughput: 480.0 aud-s/s | LR: 9.32e-06
  [Ref ]: म्या...
  [Pred]: ा...

Step  11750/30000 | Phase: 4B (Dynamic MoE) | CTC Loss: 1.4915 | Aux Loss: 8.0049 | CER: 0.428 | Throughput: 178.2 aud-s/s | LR: 9.32e-06
  [Ref ]: सणांसाठी छोटी कर्जे कुठे मिळतील ?...
  [Pred]: सन्वासाठी छोटी कर्ज का मिळते ?...

Step  11775/30000 | Phase: 4B (Dynamic MoE) | CTC Loss: 1.5563 | Aux Loss: 8.0454 | CER: 0.514 | Throughput: 294.9 aud-s/s | LR: 9.32e-06
  [Ref ]: यू.पी.आय चालणारं कोनचं पेमेंट ॲप हाय , हे मले कस मालूम पडन ?...
  [Pred]: कूृ.पी.आ आर मीचा कमादा फााेा माले क मर?...

Step  11800/30000 | Phase: 4B (Dynamic MoE) | CTC Loss: 1.4244 | Aux Loss: 8.0465 | CER: 0.268 | Throughput: 133.0 aud-s/s | LR: 9.31e-06
  [Ref ]: खाच्या तेलाची किमत अचानक काऊन वाढते ?...
  [Pred]: खाच्या तेलाची किंमत पचयानक काऊ वाढते ?...

Step  11825/30000 | Phase: 4B (Dynamic MoE) | CTC Loss: 1.4212 | Aux Loss: 8.0639 | CER: 0.464 | Throughput: 421.1 aud-s/s | LR: 9.31e-06
  [Ref ]: उत्पादन म्हणजे काय असा ?...
  [Pred]: द क्हणजे काय असा ?...

Step  11850/30000 | Phase: 4B (Dynamic MoE) | CTC Loss: 1.4581 | Aux Loss: 8.0238 | CER: 0.341 | Throughput: 189.3 aud-s/s | LR: 9.31e-06
  [Ref ]: माय कर्ज कितीक बाकी हाय , हे मले कस मायती पडन ?...
  [Pred]: माया मया किती बाती हाय ही मले कसा मायिती भडत ?...

Step  11875/30000 | Phase: 4B (Dynamic MoE) | CTC Loss: 1.4418 | Aux Loss: 8.0215 | CER: 0.362 | Throughput: 289.4 aud-s/s | LR: 9.30e-06
  [Ref ]: कर्जाची फेड करताना काय प्रोब्लेम नाय मा जा ?...
  [Pred]: कर्जाची पेड करताना का आहि कप्य ायेमा का ?...

Step  11900/30000 | Phase: 4B (Dynamic MoE) | CTC Loss: 1.3983 | Aux Loss: 8.0468 | CER: 0.435 | Throughput: 143.2 aud-s/s | LR: 9.30e-06
  [Ref ]: मले किराणा दुकानात टाकाचे हाय तर मले कितीक कर्ज भेटू सकते ?...
  [Pred]: मले केत्यानां तुप्ाना टाकची हा  तर मलेई कितीक कर्ज भेटू शकते ?...

Step  11925/30000 | Phase: 4B (Dynamic MoE) | CTC Loss: 1.4624 | Aux Loss: 8.0750 | CER: 0.413 | Throughput: 463.1 aud-s/s | LR: 9.29e-06
  [Ref ]: ऑनलाइन रिचार्ज कसा करूचा ?...
  [Pred]: ऑनला ा क्ट कसा करू ?...

Step  11950/30000 | Phase: 4B (Dynamic MoE) | CTC Loss: 1.5411 | Aux Loss: 8.0075 | CER: 0.425 | Throughput: 276.0 aud-s/s | LR: 9.29e-06
  [Ref ]: दरवर्षी रेल्वेमंत्री रेल्वे अर्थसंकल्प सादर करतत...
  [Pred]: जेरवा सीरेवीजेजिनेसा कोणतेक परजर करतात...

Step  11975/30000 | Phase: 4B (Dynamic MoE) | CTC Loss: 1.4822 | Aux Loss: 8.0201 | CER: 0.421 | Throughput: 206.4 aud-s/s | LR: 9.29e-06
  [Ref ]: मोबाइलचे रिचार्ज घरबसल्या कसे करता येईल ?...
  [Pred]: मोब टेर चार फिडवरच कसे करता येईन ?...

Step  12000/30000 | Phase: 4B (Dynamic MoE) | CTC Loss: 1.4160 | Aux Loss: 8.0538 | CER: 0.553 | Throughput: 132.8 aud-s/s | LR: 9.28e-06
  [Ref ]: सोना ह्यो सगळ्यात सुरक्षित गुंतवणुकीचो प्रकार मानलो जाता...
  [Pred]: सुना हेसवितचि गुंटण कीती पत माली जयतात...

  [Checkpoint] Step 12000 saved to runs\no-splitformer-moe-only\checkpoints\stage2_moe
Step  12025/30000 | Phase: 4B (Dynamic MoE) | CTC Loss: 1.4234 | Aux Loss: 8.0252 | CER: 0.336 | Throughput: 390.4 aud-s/s | LR: 9.28e-06
  [Ref ]: बँकेकडून घेतलेल्या कर्जाचे मला किती व्याज भरावे लागेल ?...
  [Pred]: बँकेकरून घेटले ल्याकर्जाची मला किती कता परावे लागे ?...

Step  12050/30000 | Phase: 4B (Dynamic MoE) | CTC Loss: 1.4788 | Aux Loss: 8.0459 | CER: 0.320 | Throughput: 125.3 aud-s/s | LR: 9.28e-06
  [Ref ]: ई कॉमर्स कश्या प्रकारे काम करता आणि आमी कश्या प्रकारे वापराक शकतू ?...
  [Pred]: ई कोमस कशा प्रकारेकाम करता आणि आमी कशया प्रकारे वापरकतो ?...

Step  12075/30000 | Phase: 4B (Dynamic MoE) | CTC Loss: 1.3772 | Aux Loss: 8.0317 | CER: 0.377 | Throughput: 445.4 aud-s/s | LR: 9.27e-06
  [Ref ]: खाता व्यवस्थापित करून काय फायदो ?...
  [Pred]: ख्ा वस्था पिक कमी ाय ा दो ?...

Step  12100/30000 | Phase: 4B (Dynamic MoE) | CTC Loss: 1.4143 | Aux Loss: 8.0135 | CER: 0.328 | Throughput: 177.1 aud-s/s | LR: 9.27e-06
  [Ref ]: मुदत ठेवीत गुंतवणूक केल्यास फायदो काय आसा ?...
  [Pred]: मदत ठेविक कंतवणूक कस फायदो काय असा ?...

Step  12125/30000 | Phase: 4B (Dynamic MoE) | CTC Loss: 1.3894 | Aux Loss: 8.0180 | CER: 0.356 | Throughput: 368.7 aud-s/s | LR: 9.27e-06
  [Ref ]: कमी पान्यात गव्हाचं पीक घ्यासाठी कोनच्या जातीचा गहू निवडा लागन ?...
  [Pred]: कमी अन्य गोवाचा पीक घ्यासाठी कोनलयजचीचा गनी रा लागन ?...

Step  12150/30000 | Phase: 4B (Dynamic MoE) | CTC Loss: 1.4263 | Aux Loss: 8.0263 | CER: 0.276 | Throughput: 102.7 aud-s/s | LR: 9.26e-06
  [Ref ]: मध ह्यो फक्त एक गोड पदार्थ मानलो जायत होतो जो लोकांसाठी फायदेशीर आसा...
  [Pred]: मर होपत्त इककोडपदर केमाणडो चा एक उोतोक जो लोकांसाठी फादीशीर आसा...

Step  12175/30000 | Phase: 4B (Dynamic MoE) | CTC Loss: 1.3306 | Aux Loss: 8.0461 | CER: 0.130 | Throughput: 305.5 aud-s/s | LR: 9.26e-06
  [Ref ]: हवामान बदल म्हणजे काय आसा ?...
  [Pred]: हववनबतन म्हणजे काय आसा ?...

Step  12200/30000 | Phase: 4B (Dynamic MoE) | CTC Loss: 1.2964 | Aux Loss: 8.0159 | CER: 0.363 | Throughput: 191.7 aud-s/s | LR: 9.26e-06
  [Ref ]: मला मालमत्ता कर म्हणून दोन हजार भरावे लागले...
  [Pred]: मला मामाक ता कर वमत नजार भराव लागील ...

Step  12225/30000 | Phase: 4B (Dynamic MoE) | CTC Loss: 1.2581 | Aux Loss: 8.0343 | CER: 0.380 | Throughput: 338.5 aud-s/s | LR: 9.25e-06
  [Ref ]: वांग्याच्या पिकावर फवारनी किती रोजानं कराच पायजे ?...
  [Pred]: मांयाच्या पिकावर ठवरा किती रोजान कराच पायजे ?...

Step  12250/30000 | Phase: 4B (Dynamic MoE) | CTC Loss: 1.3593 | Aux Loss: 8.0402 | CER: 0.423 | Throughput: 135.5 aud-s/s | LR: 9.25e-06
  [Ref ]: मले माया घरचे विज बिल ऑनलाईन भरता येईन का ?...
  [Pred]: मली बयागरचेबी रि ऑनलाईन भरता येईन का ?...

Step  12275/30000 | Phase: 4B (Dynamic MoE) | CTC Loss: 1.3903 | Aux Loss: 8.0228 | CER: 0.331 | Throughput: 443.5 aud-s/s | LR: 9.25e-06
  [Ref ]: बँक ट्रान्सफर म्हणजे काय ?...
  [Pred]: बँक टांस र म्हजे काय ?...

Step  12300/30000 | Phase: 4B (Dynamic MoE) | CTC Loss: 1.4936 | Aux Loss: 8.0175 | CER: 0.381 | Throughput: 189.4 aud-s/s | LR: 9.24e-06
  [Ref ]: सेंद्रिय शेतीचा खर्च थोडा जास्त आहे...
  [Pred]: शेंद्रिय शेतीच्या खरचा कवा जास्ता आहे?...

Step  12325/30000 | Phase: 4B (Dynamic MoE) | CTC Loss: 1.3979 | Aux Loss: 8.0171 | CER: 0.421 | Throughput: 373.3 aud-s/s | LR: 9.24e-06
  [Ref ]: केंद्रबिंदू सिंचनामुळे आपली शेती आधुनिक आणि परिपूर्ण बनते...
  [Pred]: केवाय सूंचनानावी आपक शेत वादरी हनिी परी कर्ा कोणते ?...

Step  12350/30000 | Phase: 4B (Dynamic MoE) | CTC Loss: 1.3840 | Aux Loss: 8.0080 | CER: 0.385 | Throughput: 127.0 aud-s/s | LR: 9.23e-06
  [Ref ]: गुंतवणुकीच्या क्षेत्रात नोकरी करणाऱ्या व्यक्तिक एन.आय.एस.एम परिक्षा प...
  [Pred]: उुदवणकेच्या शेत्रात नोकरी करंमाया मात्ती एन.आय.एएस बेयंपरिक्ष कमासोची ...

Step  12375/30000 | Phase: 4B (Dynamic MoE) | CTC Loss: 1.3517 | Aux Loss: 8.0261 | CER: 0.296 | Throughput: 275.9 aud-s/s | LR: 9.23e-06
  [Ref ]: सामाजिक योजना कायले म्हंते ?...
  [Pred]: सामाती योचा ाहे म्हते ?...

Step  12400/30000 | Phase: 4B (Dynamic MoE) | CTC Loss: 1.4474 | Aux Loss: 8.0133 | CER: 0.382 | Throughput: 312.7 aud-s/s | LR: 9.23e-06
  [Ref ]: माझ्या झिरो बॅलन्स खात्याचा क्रमांक कळू शकेल का ?...
  [Pred]: माझया वाा गाला साकास कनांका मळून शकेल का ?...

Step  12425/30000 | Phase: 4B (Dynamic MoE) | CTC Loss: 1.3865 | Aux Loss: 8.0342 | CER: 0.386 | Throughput: 286.7 aud-s/s | LR: 9.22e-06
  [Ref ]: सरकारी बजेटला सहसा विधिमंडळाच्या मान्यतेची आवश्यकता असते...
  [Pred]: रकारी बजेटला ससाविधिमारणाच्या मययेच्या आवश्यकत असते...

Step  12450/30000 | Phase: 4B (Dynamic MoE) | CTC Loss: 1.3411 | Aux Loss: 8.0334 | CER: 0.339 | Throughput: 132.3 aud-s/s | LR: 9.22e-06
  [Ref ]: तुमका माहीत आसा काय ? , संचारासाठी लेबलिंग आवश्यक आसा...
  [Pred]: उुंक माही दास काय संचजरासाठी लेबली आव्ष कस...

Step  12475/30000 | Phase: 4B (Dynamic MoE) | CTC Loss: 1.4968 | Aux Loss: 8.0321 | CER: 0.541 | Throughput: 254.1 aud-s/s | LR: 9.22e-06
  [Ref ]: विमा कसो भरूचो ?...
  [Pred]: मिमा परसा कये का ?...

Step  12500/30000 | Phase: 4B (Dynamic MoE) | CTC Loss: 1.4694 | Aux Loss: 8.0289 | CER: 0.415 | Throughput: 143.2 aud-s/s | LR: 9.21e-06
  [Ref ]: वातावरणाच्या बदलामुळे पावट्यावर काय परिणाम होतो ?...
  [Pred]: वाटामायाच्या बदला मरे च्जेवरकाय करयना होतो ?...

Step  12525/30000 | Phase: 4B (Dynamic MoE) | CTC Loss: 1.4367 | Aux Loss: 8.0815 | CER: 0.535 | Throughput: 369.4 aud-s/s | LR: 9.21e-06
  [Ref ]: मुदतीच्या अगोदर मी कर्ज भरल्यास व्याजदरात मला सूट मिळेल का ?...
  [Pred]: ममयाच्या पदरन कार्या मसून्या फाय करा मडासूठले काय ?...

Step  12550/30000 | Phase: 4B (Dynamic MoE) | CTC Loss: 1.4279 | Aux Loss: 8.0158 | CER: 0.300 | Throughput: 129.4 aud-s/s | LR: 9.21e-06
  [Ref ]: बँकेतून कर्ज घ्याचे टायमाले मले साक्षीदार अन लागन का ?...
  [Pred]: बँकेती कर्ज घ्ाचे तायबाला मले साक्षिदार अनू लागन ता...

Step  12575/30000 | Phase: 4B (Dynamic MoE) | CTC Loss: 1.4853 | Aux Loss: 8.1010 | CER: 0.452 | Throughput: 426.1 aud-s/s | LR: 9.20e-06
  [Ref ]: कर्ज कसा काडूचा ?...
  [Pred]: कजी कसा कडूचो ?...

Step  12600/30000 | Phase: 4B (Dynamic MoE) | CTC Loss: 1.4039 | Aux Loss: 8.0297 | CER: 0.430 | Throughput: 239.7 aud-s/s | LR: 9.20e-06
  [Ref ]: यू.पी.आय मध्ये कोणते तंत्रज्ञान वापरले जाते ?...
  [Pred]: यू.पी.आय मध्ये कोणती संत्रत ्या मापरले जाते ?...

Step  12625/30000 | Phase: 4B (Dynamic MoE) | CTC Loss: 1.2456 | Aux Loss: 8.0613 | CER: 0.309 | Throughput: 305.2 aud-s/s | LR: 9.19e-06
  [Ref ]: सिंचन प्रणालीचे किती प्रकार आहे ते सांगा...
  [Pred]: सिंचन फराणीचे किती प्रकार आणे ते सांगगा ?...

Step  12650/30000 | Phase: 4B (Dynamic MoE) | CTC Loss: 1.3596 | Aux Loss: 8.0205 | CER: 0.288 | Throughput: 106.3 aud-s/s | LR: 9.19e-06
  [Ref ]: अंडी घालणारे किटक कोणते , ते कसे ओळखावे त्याचा पिकावर काय परिणाम होऊ श...
  [Pred]: ऑंबांडी हांमवारे किटक कोणते तेकसे वळठावे त्याचा पी कांवर काय प्रिणा मह...

Step  12675/30000 | Phase: 4B (Dynamic MoE) | CTC Loss: 1.4699 | Aux Loss: 8.0292 | CER: 0.206 | Throughput: 470.9 aud-s/s | LR: 9.19e-06
  [Ref ]: बँकेतून पैसे कसे काढूचे ?...
  [Pred]: बँकेतू पैसे कसे काढूच ?...

Step  12700/30000 | Phase: 4B (Dynamic MoE) | CTC Loss: 1.4097 | Aux Loss: 8.0087 | CER: 0.375 | Throughput: 186.4 aud-s/s | LR: 9.18e-06
  [Ref ]: सध्या बाजारात पुदिन्याची किंमत किती आहे ?...
  [Pred]: सता ब्याजारा पुदण्याची किंमत किती आह ?...

Step  12725/30000 | Phase: 4B (Dynamic MoE) | CTC Loss: 1.3968 | Aux Loss: 8.0455 | CER: 0.274 | Throughput: 342.0 aud-s/s | LR: 9.18e-06
  [Ref ]: द्राक्षांच्या पिकांक कीड लागता नये म्हणान कसली काळजी घेऊक होई ?...
  [Pred]: द्राक्षांच्या पिकां किलाक त नाये वरान कसले काळजीक लेते ?...

Step  12750/30000 | Phase: 4B (Dynamic MoE) | CTC Loss: 1.3645 | Aux Loss: 8.0265 | CER: 0.297 | Throughput: 103.9 aud-s/s | LR: 9.18e-06
  [Ref ]: माझ्या गावात फणसाची खूप मोठी झाडं आहेत , फणसाची भाजी बनवून खाल्ली जाते...
  [Pred]: माझ्या गावात थां्शाची खुपमोती झाणा आहेत पंमसाची माजी बनऊून आाली जाते...

Step  12775/30000 | Phase: 4B (Dynamic MoE) | CTC Loss: 1.4410 | Aux Loss: 8.0399 | CER: 0.404 | Throughput: 427.0 aud-s/s | LR: 9.17e-06
  [Ref ]: क्रेडिट म्हणजे काय ?...
  [Pred]: मूट म्हणजे काय ?...

Step  12800/30000 | Phase: 4B (Dynamic MoE) | CTC Loss: 1.3781 | Aux Loss: 8.0076 | CER: 0.457 | Throughput: 146.6 aud-s/s | LR: 9.17e-06
  [Ref ]: क्रस्टेशियन समुद्री जनावर आहे जसं की , झिंगे...
  [Pred]: प्रणची यच तरी वलावर आहे जासाती जिनदे...

Step  12825/30000 | Phase: 4B (Dynamic MoE) | CTC Loss: 1.5252 | Aux Loss: 8.0227 | CER: 0.282 | Throughput: 362.8 aud-s/s | LR: 9.17e-06
  [Ref ]: समुद्रात पडलेल्या जाळ्यांमध्ये व्हेल , शार्क आदी माशे अडकतात...
  [Pred]: समुद्रत पडलेल्या जाळ्यांमध्ये  सारत आधि मसी अ...

Step  12850/30000 | Phase: 4B (Dynamic MoE) | CTC Loss: 1.3262 | Aux Loss: 8.0546 | CER: 0.372 | Throughput: 105.9 aud-s/s | LR: 9.16e-06
  [Ref ]: अरेबिक काफी सरवासमा भारी काफी शे , परशिद्ध कॉफी शे...
  [Pred]: आरडि कापी शर्वासमा वारी कापी शे पर सिंध कातीशे...

Step  12875/30000 | Phase: 4B (Dynamic MoE) | CTC Loss: 1.3362 | Aux Loss: 8.0857 | CER: 0.371 | Throughput: 413.0 aud-s/s | LR: 9.16e-06
  [Ref ]: यंत्रा कशी वापरूची ?...
  [Pred]: मंत्राकशी ापरती वत ?...

Step  12900/30000 | Phase: 4B (Dynamic MoE) | CTC Loss: 1.3840 | Aux Loss: 8.0095 | CER: 0.295 | Throughput: 192.2 aud-s/s | LR: 9.15e-06
  [Ref ]: डेबिट कार्डची एका दिवसाची किती लिमिट असते ?...
  [Pred]: डेबिटका्डची एकत याची कितीकीिविट असते ?...

Step  12925/30000 | Phase: 4B (Dynamic MoE) | CTC Loss: 1.3594 | Aux Loss: 8.0107 | CER: 0.297 | Throughput: 283.7 aud-s/s | LR: 9.15e-06
  [Ref ]: मी ऑनलाईन शेतीची साधना आणि उपकरणा कशी मागव शकतय ?...
  [Pred]: ऑनलाइन शेतीचे साधना णिव पकारना कशी मागवू शकतो ?...

Step  12950/30000 | Phase: 4B (Dynamic MoE) | CTC Loss: 1.4059 | Aux Loss: 8.0506 | CER: 0.431 | Throughput:  97.8 aud-s/s | LR: 9.15e-06
  [Ref ]: कागद तयार करणाऱ्या कंपन्यांमधून निघणारे वायू आपले पर्यावरण प्रदूषित कर...
  [Pred]: कापत तया करमा्या गंक्े मन निक्ाती वाहवप्करेवलन पदू शकेता...

Step  12975/30000 | Phase: 4B (Dynamic MoE) | CTC Loss: 1.3745 | Aux Loss: 8.0443 | CER: 0.318 | Throughput: 446.5 aud-s/s | LR: 9.14e-06
  [Ref ]: शेतीच्या पद्धती किती आहेत ?...
  [Pred]: सजचा काधक कसूच हत ?...

Step  13000/30000 | Phase: 4B (Dynamic MoE) | CTC Loss: 1.2986 | Aux Loss: 8.0426 | CER: 0.300 | Throughput: 136.3 aud-s/s | LR: 9.14e-06
  [Ref ]: इराण मोठ्या प्रमाणावर हिंग पिकवतो...
  [Pred]: प मख्या पमानाआवर शनंग पिक वतो...

  🌟 New Best Model! cer = 0.2996 (Saved to best_model.pt)
  [Checkpoint] Step 13000 saved to runs\no-splitformer-moe-only\checkpoints\stage2_moe
Step  13025/30000 | Phase: 4B (Dynamic MoE) | CTC Loss: 1.3632 | Aux Loss: 8.0541 | CER: 0.318 | Throughput: 281.7 aud-s/s | LR: 9.13e-06
  [Ref ]: जैवइंधन हे एक इंधन आहे जे बायोमासपासून कमी कालावधीत तयार केले जाते...
  [Pred]: हावहमन मतानना हीचे बायामास पासन कामी कराधधी तयर केली जातो...

Step  13050/30000 | Phase: 4B (Dynamic MoE) | CTC Loss: 1.3345 | Aux Loss: 8.0259 | CER: 0.284 | Throughput: 130.8 aud-s/s | LR: 9.13e-06
  [Ref ]: भारत सरकारची प्रधानमंत्री जीवन ज्योती विमा योजना एक जीवन विमा योजना अस...
  [Pred]: भारत सरकारची प्रटानमंत्री जीगांचे ती विमा योचना एक जिवन विमा योजना आसा...

Step  13075/30000 | Phase: 4B (Dynamic MoE) | CTC Loss: 1.5965 | Aux Loss: 8.0731 | CER: 0.458 | Throughput: 465.8 aud-s/s | LR: 9.13e-06
  [Ref ]: फेरोमेन सापळे म्हंजे काय ?...
  [Pred]: लन साट्यम्हणजे काय ?...

Step  13100/30000 | Phase: 4B (Dynamic MoE) | CTC Loss: 1.4590 | Aux Loss: 8.0209 | CER: 0.397 | Throughput: 136.4 aud-s/s | LR: 9.12e-06
  [Ref ]: तिळाचे तेल आपल्या आरोग्यासाठी फायदेशीर आहे...
  [Pred]: कळायचीबीन आपल्या आरोग्यसाठी फायदेशीर आहे...

Step  13125/30000 | Phase: 4B (Dynamic MoE) | CTC Loss: 1.3972 | Aux Loss: 8.0211 | CER: 0.263 | Throughput: 382.0 aud-s/s | LR: 9.12e-06
  [Ref ]: रेन वॉटर हार्वेस्टिंग म्हणजे पावसाच्या पाण्याच्या पुनर्वापरासाठी त्याच...
  [Pred]: कल माटार हावरेष्तीकन म्धणये पावस्साच्या पारांच्या उदद वापरासाी कांचो स...

Step  13150/30000 | Phase: 4B (Dynamic MoE) | CTC Loss: 1.2828 | Aux Loss: 8.0480 | CER: 0.256 | Throughput: 110.0 aud-s/s | LR: 9.12e-06
  [Ref ]: हिवाळ्यात धुके पडल्यावर कांदा पिकावर काय परिणाम होतो ?...
  [Pred]: वाढ्यात धुके पडल्याव कांदा पिकावर काय परिनाम होतो ?...

Step  13175/30000 | Phase: 4B (Dynamic MoE) | CTC Loss: 1.4989 | Aux Loss: 8.0442 | CER: 0.368 | Throughput: 397.8 aud-s/s | LR: 9.11e-06
  [Ref ]: योजना काय आसत ?...
  [Pred]: युजिवा काय स ?...

Step  13200/30000 | Phase: 4B (Dynamic MoE) | CTC Loss: 1.4322 | Aux Loss: 8.0189 | CER: 0.434 | Throughput: 106.0 aud-s/s | LR: 9.11e-06
  [Ref ]: गाडी घेण्यासाठी कर्ज मिळेल का ?...
  [Pred]: गाडी यालासाती क्र मिळेल का ?...

Step  13225/30000 | Phase: 4B (Dynamic MoE) | CTC Loss: 1.3550 | Aux Loss: 8.0464 | CER: 0.338 | Throughput: 353.0 aud-s/s | LR: 9.10e-06
  [Ref ]: मालकीचे भांडवल आणि कर्जदारांकडून घेतलेले कर्ज...
  [Pred]: बकीचे भांडवल आण कर कारांकडून घेतलेले करुज...

Step  13250/30000 | Phase: 4B (Dynamic MoE) | CTC Loss: 1.3788 | Aux Loss: 8.0303 | CER: 0.368 | Throughput: 100.1 aud-s/s | LR: 9.10e-06
  [Ref ]: खात्यांचा तक्ता तयार करण्यासाठी अकाउंटंटची आवश्यकता असते...
  [Pred]: खात्यांचीपक्ततावा करण्यासाठी परकांकमची आवश शक्ता असते...

Step  13275/30000 | Phase: 4B (Dynamic MoE) | CTC Loss: 1.2669 | Aux Loss: 8.0703 | CER: 0.279 | Throughput: 107.3 aud-s/s | LR: 9.10e-06
  [Ref ]: व्याज दर काय आस्तलो ?...
  [Pred]: ल्यजदर काय असतलो ?...

Step  13300/30000 | Phase: 4B (Dynamic MoE) | CTC Loss: 1.2943 | Aux Loss: 8.0176 | CER: 0.475 | Throughput: 184.8 aud-s/s | LR: 9.09e-06
  [Ref ]: माझ्या देयकाच्या वॉरंटची तारीख संपलेली आहे...
  [Pred]: मया देए काच्या वरंची तारीक संकीली आहे...

Step  13325/30000 | Phase: 4B (Dynamic MoE) | CTC Loss: 1.3329 | Aux Loss: 8.0641 | CER: 0.455 | Throughput: 303.2 aud-s/s | LR: 9.09e-06
  [Ref ]: यु.ए.एस मध्ये मार्जिनाक औपचारिकपणे परफॉर्मन्स बाँड म्हणतत...
  [Pred]: य असमध्येमाजून नवा्री पनेया प्रपां मोलज बान म्ळणतत...

Step  13350/30000 | Phase: 4B (Dynamic MoE) | CTC Loss: 1.2660 | Aux Loss: 8.0146 | CER: 0.270 | Throughput: 119.0 aud-s/s | LR: 9.08e-06
  [Ref ]: भारतीय योजनासपासून भारत ना लोकेसले छोट्या छोट्या सुविधासनी पण फायदा कर...
  [Pred]: मारती योजनासपासून भारतमा लो कासले छोट्या छोटा सू विधास नीपन फायदाकरी द...

Step  13375/30000 | Phase: 4B (Dynamic MoE) | CTC Loss: 1.4466 | Aux Loss: 8.0348 | CER: 0.502 | Throughput: 385.2 aud-s/s | LR: 9.08e-06
  [Ref ]: कर्ज येळेवर फेडूक होया काय ?...
  [Pred]:  कर्ज चावन फडूक य ता ?...

Step  13400/30000 | Phase: 4B (Dynamic MoE) | CTC Loss: 1.4579 | Aux Loss: 8.0242 | CER: 0.366 | Throughput: 189.8 aud-s/s | LR: 9.08e-06
  [Ref ]: शेळी पालनाले कोनच्या जागेची निवड करावी ?...
  [Pred]: शेती पासणी कोणत्या जाधीची निती करावी ?...

Step  13425/30000 | Phase: 4B (Dynamic MoE) | CTC Loss: 1.4250 | Aux Loss: 8.0229 | CER: 0.411 | Throughput: 274.7 aud-s/s | LR: 9.07e-06
  [Ref ]: माझे आजोबा आम्हाला फक्त ए.टी.एम मधून पैसे पाठवत असत...
  [Pred]: माझे आज बमला खात्ते एकम म्धू कैसे पाठरतस ?...

Step  13450/30000 | Phase: 4B (Dynamic MoE) | CTC Loss: 1.3973 | Aux Loss: 8.0070 | CER: 0.340 | Throughput:  98.3 aud-s/s | LR: 9.07e-06
  [Ref ]: पडताळणीसाठी ग्राहक त्यांची के.वाय.सी कागदपत्रे , पत्ता आणि ओळखीचा पुरा...
  [Pred]: मटाण्यासाठी ्राहाक कांची कि.वाळयची काददपत्रे या आणि एकीच्या पुरावासाबर...

Step  13475/30000 | Phase: 4B (Dynamic MoE) | CTC Loss: 1.2964 | Aux Loss: 8.0416 | CER: 0.220 | Throughput: 468.1 aud-s/s | LR: 9.07e-06
  [Ref ]: खाती व्यवस्थापित कशी करूची ?...
  [Pred]: खाती व्यवस्थापेकसे करची ?...

Step  13500/30000 | Phase: 4B (Dynamic MoE) | CTC Loss: 1.3743 | Aux Loss: 8.0225 | CER: 0.317 | Throughput: 199.2 aud-s/s | LR: 9.06e-06
  [Ref ]: भात कापणीसाठी कोणते यंत्र आहेत का ?...
  [Pred]: भारता प्रकाटी कोणत यंत्र आहेत का ?...

Step  13525/30000 | Phase: 4B (Dynamic MoE) | CTC Loss: 1.3402 | Aux Loss: 8.0439 | CER: 0.402 | Throughput: 294.8 aud-s/s | LR: 9.06e-06
  [Ref ]: पेन्शन योजनेसाठी कितीक वय असनं जरुरीच हाय ?...
  [Pred]: पेचं नमसाएी क कवा असन जडवरी हायच...

Step  13550/30000 | Phase: 4B (Dynamic MoE) | CTC Loss: 1.3956 | Aux Loss: 8.0642 | CER: 0.351 | Throughput: 125.1 aud-s/s | LR: 9.05e-06
  [Ref ]: पासबुक पी.डी.एफ फॉरमॅटमध्ये आहे जे सहज डाउनलोड करता येते...
  [Pred]: पाबू .बी.ए हरल्यात मध्ये आहे दी फड बायब परता यहे...

Step  13575/30000 | Phase: 4B (Dynamic MoE) | CTC Loss: 1.3895 | Aux Loss: 8.0350 | CER: 0.510 | Throughput: 462.3 aud-s/s | LR: 9.05e-06
  [Ref ]: तुषार सिंचन भुईमुगाक चांगला हा काय ?...
  [Pred]: कजासा की बिमवा कायता ?...

Step  13600/30000 | Phase: 4B (Dynamic MoE) | CTC Loss: 1.3693 | Aux Loss: 8.0045 | CER: 0.356 | Throughput: 180.9 aud-s/s | LR: 9.05e-06
  [Ref ]: कमी पाण्यात आम्ही खयला पीक चांगला घेव शकताव ?...
  [Pred]: कमी पाण्याकाती ल्या ात चांला ठरू शकता ?...

Step  13625/30000 | Phase: 4B (Dynamic MoE) | CTC Loss: 1.3781 | Aux Loss: 8.0886 | CER: 0.391 | Throughput: 305.8 aud-s/s | LR: 9.04e-06
  [Ref ]: पतसंस्था या एकप्रकारे सहकारी बँका मानल्या जातात...
  [Pred]: पत सवस्ता जया एक प्रकाणे सेरकान बँका मजलेा जात...

Step  13650/30000 | Phase: 4B (Dynamic MoE) | CTC Loss: 1.3163 | Aux Loss: 8.0714 | CER: 0.357 | Throughput: 132.0 aud-s/s | LR: 9.04e-06
  [Ref ]: सरकारी अर्थसंकल्प हा सरकारने तयार केलेला कागदजत्र आहे...
  [Pred]: सर्तरी अर्ज संकर्ता कना सरकारने तय कवेलया कादत जत्रा आहे...

Step  13675/30000 | Phase: 4B (Dynamic MoE) | CTC Loss: 1.4131 | Aux Loss: 8.0433 | CER: 0.551 | Throughput: 439.5 aud-s/s | LR: 9.03e-06
  [Ref ]: विमा काढूचे फायदे काय आसत ?...
  [Pred]: ्ा े व्शे कस काये का ?...

Step  13700/30000 | Phase: 4B (Dynamic MoE) | CTC Loss: 1.3530 | Aux Loss: 8.0441 | CER: 0.361 | Throughput: 193.5 aud-s/s | LR: 9.03e-06
  [Ref ]: मोहन अर्थशास्त्रात पीएचडी करत आहे...
  [Pred]: मुह आार थूशास्रात पियाजनी करत हे...

Step  13725/30000 | Phase: 4B (Dynamic MoE) | CTC Loss: 1.4320 | Aux Loss: 8.0463 | CER: 0.471 | Throughput: 289.2 aud-s/s | LR: 9.03e-06
  [Ref ]: बचत खात्याच्या प्रक्रियेविषयी मला माहिती मिळू शकते का ?...
  [Pred]: बचत खात्याच्या पवमला मायती ये शकते का ?...

Step  13750/30000 | Phase: 4B (Dynamic MoE) | CTC Loss: 1.3589 | Aux Loss: 8.0228 | CER: 0.278 | Throughput: 115.0 aud-s/s | LR: 9.02e-06
  [Ref ]: भविष्य निर्वाह निधीची रक्कम व्यक्तीच्या निवृत्तीच्या वेळी गोळा केली जा...
  [Pred]: बविश्षानिर्वाह निधीची रकम ्याकतीच्या न्वगुध तीचा वेडी गोडा केली जाते...

Step  13775/30000 | Phase: 4B (Dynamic MoE) | CTC Loss: 1.3191 | Aux Loss: 8.0479 | CER: 0.426 | Throughput: 104.1 aud-s/s | LR: 9.02e-06
  [Ref ]: बिल पे कसा करुचा ?...
  [Pred]: बिल बडा कर असा ?...

Step  13800/30000 | Phase: 4B (Dynamic MoE) | CTC Loss: 1.2898 | Aux Loss: 8.0281 | CER: 0.435 | Throughput: 122.4 aud-s/s | LR: 9.01e-06
  [Ref ]: पैसे गुंतवासाठी मले कोंता फारम भरा लागन ?...
  [Pred]: बरज गुंतवासाठी मले कोनचा फादम करा लागन ?...

Step  13825/30000 | Phase: 4B (Dynamic MoE) | CTC Loss: 1.5073 | Aux Loss: 8.0400 | CER: 0.567 | Throughput: 369.0 aud-s/s | LR: 9.01e-06
  [Ref ]: पिकांक खयले आजार व्हतत ?...
  [Pred]: पकरकले कलया क  शत ?...

Step  13850/30000 | Phase: 4B (Dynamic MoE) | CTC Loss: 1.3268 | Aux Loss: 8.0644 | CER: 0.307 | Throughput:  66.8 aud-s/s | LR: 9.00e-06
  [Ref ]: नारळाच्या झाडांका जो रोटो लागता तो वर्सून आणि खालसून पण लागता तो कसो क...
  [Pred]: माराच्या झाडांक जो रोटोलाक ट तुवर सो आणि खाययनपलनाग कतो कसा काढा ?...

Step  13875/30000 | Phase: 4B (Dynamic MoE) | CTC Loss: 1.3992 | Aux Loss: 8.1066 | CER: 0.502 | Throughput: 485.4 aud-s/s | LR: 9.00e-06
  [Ref ]: बिम्याचे परकार कितीक हाय ?...
  [Pred]: मिमवाची कर्जा क हा ?...

Step  13900/30000 | Phase: 4B (Dynamic MoE) | CTC Loss: 1.4457 | Aux Loss: 8.0116 | CER: 0.401 | Throughput:  29.0 aud-s/s | LR: 9.00e-06
  [Ref ]: तलावांमध्ये पाळलेल्या माशांची किंमत कशी ठरवायची ?...
  [Pred]: सला काये पाळ्याता मासंकी किंमक कशी ठरवारची ?...

Step  13925/30000 | Phase: 4B (Dynamic MoE) | CTC Loss: 1.2728 | Aux Loss: 8.0502 | CER: 0.313 | Throughput: 292.0 aud-s/s | LR: 8.99e-06
  [Ref ]: माझे मका पिकाचे उत्पादन किती वेळ गोदामात साठवू शकतो ?...
  [Pred]: माझ्झा माकायातती उतपादून कितीवा वोवाना सात ठवू शकतो ?...

Step  13950/30000 | Phase: 4B (Dynamic MoE) | CTC Loss: 1.2750 | Aux Loss: 8.0570 | CER: 0.227 | Throughput: 134.8 aud-s/s | LR: 8.99e-06
  [Ref ]: राजीव म्हणाला की , ग्रीन हाउसमुळे झाडांना फारसे ऊन मिळत नाही...
  [Pred]: राजी मिहणाला की वेळमाऊूसमुळे झाडाम फर्षे गन मिळत नही...

Step  13975/30000 | Phase: 4B (Dynamic MoE) | CTC Loss: 1.3791 | Aux Loss: 8.0737 | CER: 0.392 | Throughput: 410.4 aud-s/s | LR: 8.98e-06
  [Ref ]: विमा कसो भरूचो ?...
  [Pred]: विमाका कर भरुचो ?...

Step  14000/30000 | Phase: 4B (Dynamic MoE) | CTC Loss: 1.3551 | Aux Loss: 8.0150 | CER: 0.390 | Throughput: 190.8 aud-s/s | LR: 8.98e-06
  [Ref ]: मले कर्जाचा हप्ता भरासाठी किती रूपयाची किस्त पडन ?...
  [Pred]: मले र्ताच ाप्य कवरामाठी किती क्र्ते शेतीशशतका ?...

  [Checkpoint] Step 14000 saved to runs\no-splitformer-moe-only\checkpoints\stage2_moe
Step  14025/30000 | Phase: 4B (Dynamic MoE) | CTC Loss: 1.3874 | Aux Loss: 8.0567 | CER: 0.420 | Throughput: 278.1 aud-s/s | LR: 8.98e-06
  [Ref ]: हुंडी किंवा हुंडी ह्या मध्ययुगीन भारतात विकसित झालेला आर्थिक साधन असा...
  [Pred]: डिकवउट बीया आमध्येरी मातार कया तरला मा्ती चाधल आसा...

Step  14050/30000 | Phase: 4B (Dynamic MoE) | CTC Loss: 1.3204 | Aux Loss: 8.0410 | CER: 0.289 | Throughput:  81.3 aud-s/s | LR: 8.97e-06
  [Ref ]: पावस आणि वादळामुळे माती एका जागेवरसून दुसऱ्या जागी व्हावता , तेका मातय...
  [Pred]: आावस आनहा ्यामळे माते करा जेवस्सन मुचयार ाजीन ववचा तसमात किती बत म्हणत...

Step  14075/30000 | Phase: 4B (Dynamic MoE) | CTC Loss: 1.3268 | Aux Loss: 8.0549 | CER: 0.519 | Throughput: 429.2 aud-s/s | LR: 8.97e-06
  [Ref ]: सर्व वाहनांचा विमा उतरवणे बंधनकारक आहे...
  [Pred]: कक...

Step  14100/30000 | Phase: 4B (Dynamic MoE) | CTC Loss: 1.3269 | Aux Loss: 8.0203 | CER: 0.477 | Throughput:  89.1 aud-s/s | LR: 8.96e-06
  [Ref ]: मला बँकेत न जाता बिले भरता येतील का ?...
  [Pred]: गहा कतीकर साठा किही भरता ये का ?...

Step  14125/30000 | Phase: 4B (Dynamic MoE) | CTC Loss: 1.2661 | Aux Loss: 8.0322 | CER: 0.488 | Throughput: 344.6 aud-s/s | LR: 8.96e-06
  [Ref ]: शेणखत आणि लेंडी खतांमुळे जमिनीची धूप थांबेल का ?...
  [Pred]: शेंयाणी मंदे खातवानमुले जेमिन्याची बकता भिळता...

Step  14150/30000 | Phase: 4B (Dynamic MoE) | CTC Loss: 1.3371 | Aux Loss: 8.0265 | CER: 0.384 | Throughput: 143.6 aud-s/s | LR: 8.96e-06
  [Ref ]: सगळ्यात जोरात वजन वाढणारी कोंबडी कोनची ?...
  [Pred]: सगाल्यात जरात वजन वाढणारी कोंडी कोनची ?...

Step  14175/30000 | Phase: 4B (Dynamic MoE) | CTC Loss: 1.4353 | Aux Loss: 8.0741 | CER: 0.495 | Throughput: 397.9 aud-s/s | LR: 8.95e-06
  [Ref ]: यु.पी.आय म्हणजे काय ?...
  [Pred]: यं.पी क्हसा कायय ?...

Step  14200/30000 | Phase: 4B (Dynamic MoE) | CTC Loss: 1.3657 | Aux Loss: 8.0094 | CER: 0.247 | Throughput: 186.1 aud-s/s | LR: 8.95e-06
  [Ref ]: एका दिवसात तू किती पैसे देऊ शकतस ?...
  [Pred]: एका दवसात तू किती कसे होऊू शकतो ?...

Step  14225/30000 | Phase: 4B (Dynamic MoE) | CTC Loss: 1.4000 | Aux Loss: 8.0297 | CER: 0.309 | Throughput: 261.5 aud-s/s | LR: 8.94e-06
  [Ref ]: वजन काटो म्हणजे काय असता ?...
  [Pred]: मजन फांटम्हणजे काय असता ?...

Step  14250/30000 | Phase: 4B (Dynamic MoE) | CTC Loss: 1.3070 | Aux Loss: 8.0786 | CER: 0.372 | Throughput:  79.6 aud-s/s | LR: 8.94e-06
  [Ref ]: भारतात डेरीतल्या जनावरांचे आणखी बरे जाती वाढवचो सरकारचो विचार आसा...
  [Pred]: भारता डे ए्याचनावरांचे आणिकिवरीजाती वाढवचो सरकारच विखर असा...

Step  14275/30000 | Phase: 4B (Dynamic MoE) | CTC Loss: 1.3325 | Aux Loss: 8.0516 | CER: 0.349 | Throughput: 467.4 aud-s/s | LR: 8.94e-06
  [Ref ]: ऑनलाईन पैसे देण सोप हाय का ?...
  [Pred]: ऑनलाईन पैसे देना सु काय ?...

Step  14300/30000 | Phase: 4B (Dynamic MoE) | CTC Loss: 1.2633 | Aux Loss: 8.0245 | CER: 0.417 | Throughput: 194.4 aud-s/s | LR: 8.93e-06
  [Ref ]: सर्वाधिक व्याजदर जोखीम बाँडवर आहे...
  [Pred]: सर्वाधि किल तर जो खिम बोंबर आहे...

Step  14325/30000 | Phase: 4B (Dynamic MoE) | CTC Loss: 1.3208 | Aux Loss: 8.0417 | CER: 0.309 | Throughput: 385.1 aud-s/s | LR: 8.93e-06
  [Ref ]: रोहनने शेतीतील शाश्वततेवर प्रभाव पाडणाऱ्या घटकांसाठी जबाबदार घटक ओळखले...
  [Pred]: रोहनिनी शेती तील सासूते प्रबाण हा्या व्क्कांसाठी जावउंतर्गटे करतले आहे...

Step  14350/30000 | Phase: 4B (Dynamic MoE) | CTC Loss: 1.3384 | Aux Loss: 8.0991 | CER: 0.360 | Throughput: 131.7 aud-s/s | LR: 8.92e-06
  [Ref ]: मोनोक्रॉपिंग म्हणजे एका वर्षात एकाच ठिकाणी वेगवेगळी फुले उगवणे...
  [Pred]: मना मबीं म्ये एका वरषात एकाच स्टिकानि वे वळेगडे फूलेल मने...

Step  14375/30000 | Phase: 4B (Dynamic MoE) | CTC Loss: 1.2804 | Aux Loss: 8.0679 | CER: 0.586 | Throughput: 460.2 aud-s/s | LR: 8.92e-06
  [Ref ]: के.वाय.सी म्हणजे काय ?...
  [Pred]: ी कसी माहणजे का काय ?...

Step  14400/30000 | Phase: 4B (Dynamic MoE) | CTC Loss: 1.3209 | Aux Loss: 8.0239 | CER: 0.320 | Throughput: 284.3 aud-s/s | LR: 8.91e-06
  [Ref ]: व्याज घ्यासाठी मले कोंते कागद लागन ?...
  [Pred]: लाज घयासाठी मले कोंते कागद लागन ?...

Step  14425/30000 | Phase: 4B (Dynamic MoE) | CTC Loss: 1.3353 | Aux Loss: 8.0203 | CER: 0.412 | Throughput: 367.7 aud-s/s | LR: 8.91e-06
  [Ref ]: आपण कधी बांबूचा पेला वापरला आहे का ?...
  [Pred]: आपसधी बामचा केला वापरला आहे का ?...

Step  14450/30000 | Phase: 4B (Dynamic MoE) | CTC Loss: 1.3102 | Aux Loss: 8.0267 | CER: 0.297 | Throughput: 138.1 aud-s/s | LR: 8.91e-06
  [Ref ]: सामुदायिक बँकांच्या अनेक शाखा आणि कार्यालयेही आहेत...
  [Pred]: सामुदायक बँकेचा अणे पकरा आणि करेलेी आहेत...

Step  14475/30000 | Phase: 4B (Dynamic MoE) | CTC Loss: 1.3399 | Aux Loss: 8.0097 | CER: 0.529 | Throughput: 436.1 aud-s/s | LR: 8.90e-06
  [Ref ]: योजना काय आसत ?...
  [Pred]: म.काय ह ?...

Step  14500/30000 | Phase: 4B (Dynamic MoE) | CTC Loss: 1.3260 | Aux Loss: 8.0130 | CER: 0.328 | Throughput: 147.5 aud-s/s | LR: 8.90e-06
  [Ref ]: राम काल बँकिंग एजंटला भेटायला जाणार होता...
  [Pred]: राम का्ल बँकिनेजेट्ला बेकाच पानव होता...

Step  14525/30000 | Phase: 4B (Dynamic MoE) | CTC Loss: 1.4213 | Aux Loss: 8.0141 | CER: 0.367 | Throughput: 197.6 aud-s/s | LR: 8.89e-06
  [Ref ]: शेतीविषयक वेबसाइट आहे का ?...
  [Pred]: शेती दिशयट वेटसाईट हहे क ?...

Step  14550/30000 | Phase: 4B (Dynamic MoE) | CTC Loss: 1.2860 | Aux Loss: 8.0164 | CER: 0.248 | Throughput: 102.9 aud-s/s | LR: 8.89e-06
  [Ref ]: ऑनलाइन अटल पेन्शन योजनेसाठी कोणत्या गोष्टी आवश्यक आहेत ?...
  [Pred]: ऑननलान ऑनलाइन ाआटम पेश योोजनेसाठी कोणत्या उ्केय वअसध आहे ?...

Step  14575/30000 | Phase: 4B (Dynamic MoE) | CTC Loss: 1.3055 | Aux Loss: 8.0312 | CER: 0.390 | Throughput: 459.1 aud-s/s | LR: 8.88e-06
  [Ref ]: कर्जाक अर्ज कसो करूचो ?...
  [Pred]: कर्जया अर्ज कसो कूचो ?...

Step  14600/30000 | Phase: 4B (Dynamic MoE) | CTC Loss: 1.3246 | Aux Loss: 8.0150 | CER: 0.336 | Throughput: 116.2 aud-s/s | LR: 8.88e-06
  [Ref ]: बकरीचं वजन कस वाढवाव ?...
  [Pred]: बकरीचे वसेन कश वाढागे ?...

Step  14625/30000 | Phase: 4B (Dynamic MoE) | CTC Loss: 1.4050 | Aux Loss: 8.0481 | CER: 0.290 | Throughput: 385.5 aud-s/s | LR: 8.88e-06
  [Ref ]: मला कर्जांची आवश्यकता असल्यास ते मिळू शकते का ?...
  [Pred]: मला कर्जकी आव्यतता असल्यस पे मिळू शकते का ?...

Step  14650/30000 | Phase: 4B (Dynamic MoE) | CTC Loss: 1.2525 | Aux Loss: 8.0369 | CER: 0.342 | Throughput: 111.6 aud-s/s | LR: 8.87e-06
  [Ref ]: गायीने दूध देणे बंद केले तर वासरांना दुग्धशाळेत ठेवले जात नाही...
  [Pred]: गाईनेदूध डेनेबंड केले टर बागतंना गुद्देसाळे खले जातनाही...

Step  14675/30000 | Phase: 4B (Dynamic MoE) | CTC Loss: 1.3104 | Aux Loss: 8.0295 | CER: 0.420 | Throughput: 465.5 aud-s/s | LR: 8.87e-06
  [Ref ]: एन.पी.के कशाक वापरतत ?...
  [Pred]: या पीके कसे वाप ?...

Step  14700/30000 | Phase: 4B (Dynamic MoE) | CTC Loss: 1.3529 | Aux Loss: 8.0151 | CER: 0.337 | Throughput: 294.8 aud-s/s | LR: 8.86e-06
  [Ref ]: क्रेडिट कार्डसाठी उत्त्पन्न मर्यादा काय आहे ?...
  [Pred]: केेडिट कार्डासाठी उत्पन्न मले कयाता काय ?...

Step  14725/30000 | Phase: 4B (Dynamic MoE) | CTC Loss: 1.2596 | Aux Loss: 8.0238 | CER: 0.225 | Throughput: 378.0 aud-s/s | LR: 8.86e-06
  [Ref ]: बँकेत माझे पैसे सुरक्षित राहतील याची खात्री देऊ शकाल का ?...
  [Pred]: डँकेत माझे पैसे सुरक्षित्र आठिव व्याची खात्री देऊू शकार का ?...

Step  14750/30000 | Phase: 4B (Dynamic MoE) | CTC Loss: 1.2420 | Aux Loss: 8.0319 | CER: 0.258 | Throughput: 137.0 aud-s/s | LR: 8.85e-06
  [Ref ]: एक किलोग्रॅम मेथीचे बी किती एकरमध्ये लावावे ?...
  [Pred]: एक किलोग्रॅा मतीचे बीक किती एकरमध्ये लावावेय ?...

Step  14775/30000 | Phase: 4B (Dynamic MoE) | CTC Loss: 1.3382 | Aux Loss: 8.0316 | CER: 0.316 | Throughput: 457.4 aud-s/s | LR: 8.85e-06
  [Ref ]: मिरच्यांची किंमत किती आसा ?...
  [Pred]: वरजाचये किमात किती आसा ?...

Step  14800/30000 | Phase: 4B (Dynamic MoE) | CTC Loss: 1.2779 | Aux Loss: 8.0211 | CER: 0.453 | Throughput: 177.5 aud-s/s | LR: 8.85e-06
  [Ref ]: मिया घेतलेले कर्ज मला परत फेडूचा असा त्यासाठी काय काय करून होया ?...
  [Pred]: माये सुल करचा का वात पर ा्ासाठी किती काया घडून ?...

Step  14825/30000 | Phase: 4B (Dynamic MoE) | CTC Loss: 1.3322 | Aux Loss: 8.0345 | CER: 0.261 | Throughput: 265.0 aud-s/s | LR: 8.84e-06
  [Ref ]: समुद्रनी खेतीमा मासाना संगे कोणता जीव पायतस ?...
  [Pred]: समुद्रणी हेतनामासाना संगय कोणत्ा जेव पायतस ?...

Step  14850/30000 | Phase: 4B (Dynamic MoE) | CTC Loss: 1.3474 | Aux Loss: 8.0239 | CER: 0.480 | Throughput: 118.9 aud-s/s | LR: 8.84e-06
  [Ref ]: एन.पी.के खतामध्ये तीन पोषक तत्व म्हणजे नायट्रोजन , फॉस्फरस आणि पोटॅशिय...
  [Pred]: टी येखा ता म्लेतीनप शे तेक ्ामले नावत ्यम  कराजाने पद् तिा हाे...

Step  14875/30000 | Phase: 4B (Dynamic MoE) | CTC Loss: 1.2648 | Aux Loss: 8.0667 | CER: 0.342 | Throughput: 433.6 aud-s/s | LR: 8.83e-06
  [Ref ]: ई.एम.आय म्हणजे काय विषय आसता ?...
  [Pred]: बाना म्हणजे गारू्षी असता...

Step  14900/30000 | Phase: 4B (Dynamic MoE) | CTC Loss: 1.3530 | Aux Loss: 8.0605 | CER: 0.576 | Throughput: 182.7 aud-s/s | LR: 8.83e-06
  [Ref ]: खजूर मला खुप आवडतं ते चवीमध्ये गोड असत...
  [Pred]: करमिलाख प्य कतीलाचीवाणा बा असता...

Step  14925/30000 | Phase: 4B (Dynamic MoE) | CTC Loss: 1.3492 | Aux Loss: 8.0090 | CER: 0.360 | Throughput: 304.5 aud-s/s | LR: 8.82e-06
  [Ref ]: रोजच्या जीवनात ई कामर्सचे फायदे कसे समजून घ्याव ?...
  [Pred]: रीच्या जेवनातीम्चे पायले पसे संमन घ्या ?...

Step  14950/30000 | Phase: 4B (Dynamic MoE) | CTC Loss: 1.2636 | Aux Loss: 8.0248 | CER: 0.271 | Throughput:  94.2 aud-s/s | LR: 8.82e-06
  [Ref ]: आर्थिक विश्लेषक भविष्यातली अनिश्चिततेवरून सगळा सांगता...
  [Pred]: आार्किक विषारषत तविशातकी कनीक चिकतेवर्वूक सळा संगता...

Step  14975/30000 | Phase: 4B (Dynamic MoE) | CTC Loss: 1.3388 | Aux Loss: 8.0298 | CER: 0.486 | Throughput: 241.7 aud-s/s | LR: 8.82e-06
  [Ref ]: योजना काय आसत ?...
  [Pred]: माल आसा ?...

Step  15000/30000 | Phase: 4B (Dynamic MoE) | CTC Loss: 1.2967 | Aux Loss: 8.0310 | CER: 0.358 | Throughput: 188.3 aud-s/s | LR: 8.81e-06
  [Ref ]: लोक अन्न मिळवतात आणि मांस विकून पैसे कमवतात...
  [Pred]: प आन्न मुळस आणिन मास ाते परसे काम होतत...

  [Checkpoint] Step 15000 saved to runs\no-splitformer-moe-only\checkpoints\stage2_moe
Step  15025/30000 | Phase: 4B (Dynamic MoE) | CTC Loss: 1.2515 | Aux Loss: 8.0703 | CER: 0.320 | Throughput: 359.2 aud-s/s | LR: 8.81e-06
  [Ref ]: मी काश्मीर मध्ये पाहिलं की मेंढ्यांच्या लोकर पासून भव्य शाली बनवल्या ज...
  [Pred]: शकासनूनमध्ये फायल कीमेंढ्यांचा लकर पणून होबेसाधी बनाला जात...

Step  15050/30000 | Phase: 4B (Dynamic MoE) | CTC Loss: 1.2928 | Aux Loss: 8.0312 | CER: 0.225 | Throughput: 121.4 aud-s/s | LR: 8.80e-06
  [Ref ]: निव्वळ वर्तमान मूल्याचा अंदाज आपल्याला कसा लावता येईल ?...
  [Pred]: निवळ वर्टमा मूल्याचा अंदात आपल्याला कसा लावता येईल ?...

Step  15075/30000 | Phase: 4B (Dynamic MoE) | CTC Loss: 1.3317 | Aux Loss: 8.1021 | CER: 0.467 | Throughput: 444.9 aud-s/s | LR: 8.80e-06
  [Ref ]: के.वाय.सी कायले म्हनते ?...
  [Pred]: ठीवायसा फाये रतो ?...

Step  15100/30000 | Phase: 4B (Dynamic MoE) | CTC Loss: 1.3098 | Aux Loss: 8.0298 | CER: 0.270 | Throughput: 182.5 aud-s/s | LR: 8.79e-06
  [Ref ]: तुषार सिंचनाचे पाइप किती ठोकळ घ्याले पायजे ?...
  [Pred]: कपर सिंच्या ठीपाय टितीट मुपळ घ्याले पायजे ?...

Step  15125/30000 | Phase: 4B (Dynamic MoE) | CTC Loss: 1.3436 | Aux Loss: 8.0274 | CER: 0.266 | Throughput:  45.8 aud-s/s | LR: 8.79e-06
  [Ref ]: ई कॉमर्सविषयी मला माहिती कशी मिळेल ? त्याचे काही प्रकार आहेत का ?...
  [Pred]: कॉमर्सेशे मला माहिती कशी मळतयाचे काही प्रकार आहेत का ?...

Step  15150/30000 | Phase: 4B (Dynamic MoE) | CTC Loss: 1.3564 | Aux Loss: 8.0230 | CER: 0.236 | Throughput:  94.5 aud-s/s | LR: 8.78e-06
  [Ref ]: आर.टी.जी.एस करासाठी माय खात असनं जरुरीच हाय का ?...
  [Pred]: आर.ी.जी.एस करासाठी मय खात् असल्ा जरुरीच हाय का ?...

Step  15175/30000 | Phase: 4B (Dynamic MoE) | CTC Loss: 1.3961 | Aux Loss: 8.0407 | CER: 0.398 | Throughput: 411.5 aud-s/s | LR: 8.78e-06
  [Ref ]: विमा म्हटल्या काय ?...
  [Pred]: विमानक्ा काय ?...

Step  15200/30000 | Phase: 4B (Dynamic MoE) | CTC Loss: 1.3402 | Aux Loss: 8.0285 | CER: 0.393 | Throughput: 189.2 aud-s/s | LR: 8.78e-06
  [Ref ]: रजिस्टर्ड नंबरवर ओ.टी.पी पाठवतत...
  [Pred]: राजीसाठीत नंबवर ओपचे पाठवतत...

Step  15225/30000 | Phase: 4B (Dynamic MoE) | CTC Loss: 1.2761 | Aux Loss: 8.0190 | CER: 0.379 | Throughput: 133.4 aud-s/s | LR: 8.77e-06
  [Ref ]: आमच्या घरात लाकडी चौकटीत वाळवी आहे...
  [Pred]: अम्याघनात लागडीचां कोटीत वाळाली आयते...

Step  15250/30000 | Phase: 4B (Dynamic MoE) | CTC Loss: 1.2588 | Aux Loss: 8.0426 | CER: 0.220 | Throughput: 104.5 aud-s/s | LR: 8.77e-06
  [Ref ]: मी बँकेत जाऊन माझ्या लाभारतीयांका हटवू शकतय काय ?...
  [Pred]: मी बँकेत जाऊन माझज्या लाभार्तीयांका हठवू शकतय काय ?...

Step  15275/30000 | Phase: 4B (Dynamic MoE) | CTC Loss: 1.2543 | Aux Loss: 8.0689 | CER: 0.175 | Throughput: 444.9 aud-s/s | LR: 8.76e-06
  [Ref ]: कर्ज कसा काडूचा ?...
  [Pred]: कर्ज कसा काडुूचा ?...

Step  15300/30000 | Phase: 4B (Dynamic MoE) | CTC Loss: 1.3304 | Aux Loss: 8.0216 | CER: 0.430 | Throughput: 180.8 aud-s/s | LR: 8.76e-06
  [Ref ]: रेती मिक्स असलेल्या मातीत कंदमुळे , गाजर रताळी होतील का ?...
  [Pred]: ब्ता केल्याआठी कल्न मयेगा जरताय होतईल का ?...

Step  15325/30000 | Phase: 4B (Dynamic MoE) | CTC Loss: 1.2354 | Aux Loss: 8.0280 | CER: 0.279 | Throughput: 297.3 aud-s/s | LR: 8.75e-06
  [Ref ]: पावसात खयली पीका चांगली येतली ?...
  [Pred]: पाऊसानी खयदी पिका चांगदे येफटली...

Step  15350/30000 | Phase: 4B (Dynamic MoE) | CTC Loss: 1.2307 | Aux Loss: 8.0841 | CER: 0.416 | Throughput: 116.9 aud-s/s | LR: 8.75e-06
  [Ref ]: आय.एम.पी.एस हस्तांतरण कसे करावे ?...
  [Pred]: आ.एम.पी.एस अस्तन तरण कसे करावे ?...

Step  15375/30000 | Phase: 4B (Dynamic MoE) | CTC Loss: 1.2941 | Aux Loss: 8.0196 | CER: 0.443 | Throughput: 449.0 aud-s/s | LR: 8.74e-06
  [Ref ]: ई कॉमर्स म्हणजे काय ?...
  [Pred]: पी कार ्स म्हणजे काय ?...

Step  15400/30000 | Phase: 4B (Dynamic MoE) | CTC Loss: 1.3020 | Aux Loss: 8.0230 | CER: 0.346 | Throughput: 128.0 aud-s/s | LR: 8.74e-06
  [Ref ]: एक एकर ज्वारीसाठी किती युरियाचा वापर होतो ?...
  [Pred]: एक पीकर्जवारीसाठी किती इिरियाचा वापरोतो ?...

Step  15425/30000 | Phase: 4B (Dynamic MoE) | CTC Loss: 1.2252 | Aux Loss: 8.0421 | CER: 0.315 | Throughput: 386.6 aud-s/s | LR: 8.74e-06
  [Ref ]: माझी शिल्लक रक्कम जाणून घेण्यासाठी कोणकोणत्या पद्धती आहेत ?...
  [Pred]: आा केल्लपरतकर्जानून घेण्यासाठी कोणकोणत्या परद्धती आहे ?...

Step  15450/30000 | Phase: 4B (Dynamic MoE) | CTC Loss: 1.3925 | Aux Loss: 8.0449 | CER: 0.370 | Throughput: 128.1 aud-s/s | LR: 8.73e-06
  [Ref ]: बजारवर परिणाम व्हवामा मालमत्तानी उलाढालना मोठा हिस्सा रहास...
  [Pred]: म्याजारवर परण्यं मम मालमत्तानी उनेडहालया रोठायसर हास...

Step  15475/30000 | Phase: 4B (Dynamic MoE) | CTC Loss: 1.3075 | Aux Loss: 8.0175 | CER: 0.357 | Throughput: 420.9 aud-s/s | LR: 8.73e-06
  [Ref ]: विमा धन काय असता ?...
  [Pred]: विमा दान काय असता ?...

Step  15500/30000 | Phase: 4B (Dynamic MoE) | CTC Loss: 1.3543 | Aux Loss: 8.0273 | CER: 0.405 | Throughput:  71.7 aud-s/s | LR: 8.72e-06
  [Ref ]: आपला यू.पी.आय पिन खूप सोपा ठेवू नका...
  [Pred]: आकला यू.पी.आय पीएन कू सेपाठा वला का ?...

Step  15525/30000 | Phase: 4B (Dynamic MoE) | CTC Loss: 1.2914 | Aux Loss: 8.0211 | CER: 0.264 | Throughput: 278.6 aud-s/s | LR: 8.72e-06
  [Ref ]: आजकाल ए.टी.एम मधूनही बँक स्टेटमेंट काढता येते...
  [Pred]: आजकार ए.टी.एम मधून ही बँक सेटमिट काढता येते...

Step  15550/30000 | Phase: 4B (Dynamic MoE) | CTC Loss: 1.2939 | Aux Loss: 8.0461 | CER: 0.272 | Throughput: 132.2 aud-s/s | LR: 8.71e-06
  [Ref ]: पैशाचे मूल्य हे उत्पादन , सेवा वितरण , संचालक मंडळ निवडणे यासाठी वापरल...
  [Pred]: म्याची मुलेय ले उत्पादन सेवा वित्रां संचा्क मंडरणी वरणयाच्यासाठी वापरल...

Step  15575/30000 | Phase: 4B (Dynamic MoE) | CTC Loss: 1.3629 | Aux Loss: 8.0381 | CER: 0.441 | Throughput: 464.9 aud-s/s | LR: 8.71e-06
  [Ref ]: योजना म्हटल्या काय ?...
  [Pred]: कयस म्जा का ?...

Step  15600/30000 | Phase: 4B (Dynamic MoE) | CTC Loss: 1.2830 | Aux Loss: 8.0239 | CER: 0.225 | Throughput: 188.2 aud-s/s | LR: 8.70e-06
  [Ref ]: मी माझ्या बागेत गुलाब आणि चमेलीची झाडे लावली आहे...
  [Pred]: मी माझ्या बागेत गुल्ला भनी चमिलीची झाडे लावबी आह...

Step  15625/30000 | Phase: 4B (Dynamic MoE) | CTC Loss: 1.2693 | Aux Loss: 8.0418 | CER: 0.289 | Throughput: 333.1 aud-s/s | LR: 8.70e-06
  [Ref ]: कार्बन शोषून घेण्यासाठी कृषी वनांचा वनीकरण सुरू हा...
  [Pred]: आरभर सोसन घिण्यासाठी कृषी भनारचा वनी करसत का ?...

Step  15650/30000 | Phase: 4B (Dynamic MoE) | CTC Loss: 1.2286 | Aux Loss: 8.0492 | CER: 0.303 | Throughput:  43.7 aud-s/s | LR: 8.69e-06
  [Ref ]: खोदाई यंत्राचा एक प्रकार , किंवा खोदणारा , ज्यात दोन भाग असतात...
  [Pred]: खदाईी यंत्राचा एक प्रकार किंवाक खूद्नार्ा जयात दोन भागसतात...

Step  15675/30000 | Phase: 4B (Dynamic MoE) | CTC Loss: 1.2729 | Aux Loss: 8.0313 | CER: 0.324 | Throughput: 229.1 aud-s/s | LR: 8.69e-06
  [Ref ]: ठेवीचो प्रकार काय असा ?...
  [Pred]: शेविती प्रकर काय असा ?...

Step  15700/30000 | Phase: 4B (Dynamic MoE) | CTC Loss: 1.3590 | Aux Loss: 8.0297 | CER: 0.380 | Throughput: 184.9 aud-s/s | LR: 8.69e-06
  [Ref ]: मातीचा प्रकार कश्याप्रकारे पिकांवर परिणाम करतो ?...
  [Pred]: मातीच्याप्रकारका का पाला सांवर पटनाम करतो...

Step  15725/30000 | Phase: 4B (Dynamic MoE) | CTC Loss: 1.3164 | Aux Loss: 8.0395 | CER: 0.459 | Throughput: 326.4 aud-s/s | LR: 8.68e-06
  [Ref ]: माझ्यासारखा छोटा शेतकरी पीक विम्यासाठी पात्र आहे का ?...
  [Pred]: माझ्या स प्रतात चोट शेतकरी पीक वेयासाठी पात्र आे का ?...

Step  15750/30000 | Phase: 4B (Dynamic MoE) | CTC Loss: 1.2871 | Aux Loss: 8.0428 | CER: 0.264 | Throughput: 105.2 aud-s/s | LR: 8.68e-06
  [Ref ]: आजच्या काळात इलेक्ट्रॉनिक फंड ट्रान्स्फरविषयी प्रत्येकाला माहिती असणे ...
  [Pred]: आजच्या काळातीनि तोनिक फंडट्रास करिशी श्तीकर माहीत असणि गतीचे आहे...

Step  15775/30000 | Phase: 4B (Dynamic MoE) | CTC Loss: 1.3691 | Aux Loss: 8.0268 | CER: 0.519 | Throughput: 450.8 aud-s/s | LR: 8.67e-06
  [Ref ]: विमा म्हटल्या काय ?...
  [Pred]: किम्े म्हणजे  ?...

Step  15800/30000 | Phase: 4B (Dynamic MoE) | CTC Loss: 1.2400 | Aux Loss: 8.0246 | CER: 0.418 | Throughput: 188.3 aud-s/s | LR: 8.67e-06
  [Ref ]: टाटा कंपनी नवा उद्योगसले भांडवल पुरावस...
  [Pred]: टॅरट कंपनीनवा उग्योवगरच कानवड परस...

Step  15825/30000 | Phase: 4B (Dynamic MoE) | CTC Loss: 1.1559 | Aux Loss: 8.0234 | CER: 0.232 | Throughput: 271.8 aud-s/s | LR: 8.66e-06
  [Ref ]: मी बचत खाते किंवा मनी मार्केट खाते उघडावे का ?...
  [Pred]: मीबचेत खाते केम मनी मरतीक्के वकलेा आहे ?...

Step  15850/30000 | Phase: 4B (Dynamic MoE) | CTC Loss: 1.2218 | Aux Loss: 8.0729 | CER: 0.332 | Throughput: 108.4 aud-s/s | LR: 8.66e-06
  [Ref ]: मेंढ्यांना वाढ आणि उत्पादनासाठी पाण्याची ऊर्जेची गरज असते...
  [Pred]: वेंढ्यांना वाळ आणि उत्पदनासाठी पाण्याची वरजेची गरज असते...

Step  15875/30000 | Phase: 4B (Dynamic MoE) | CTC Loss: 1.3433 | Aux Loss: 8.0294 | CER: 0.370 | Throughput: 267.2 aud-s/s | LR: 8.65e-06
  [Ref ]: विमा धन काय असता ?...
  [Pred]: मीमधा काय असता ?...

Step  15900/30000 | Phase: 4B (Dynamic MoE) | CTC Loss: 1.2285 | Aux Loss: 8.0320 | CER: 0.363 | Throughput: 190.6 aud-s/s | LR: 8.65e-06
  [Ref ]: शेअर्समध्ये गुंतवणूक करून तुम्ही खूप पैसे वाचवू शकतास...
  [Pred]: शेअर्स मध्ये गूनतपू करून दमचे पैस वाचवू शकतस...

Step  15925/30000 | Phase: 4B (Dynamic MoE) | CTC Loss: 1.2417 | Aux Loss: 8.0516 | CER: 0.352 | Throughput: 387.6 aud-s/s | LR: 8.64e-06
  [Ref ]: मागच्या गर्मीत गुप्ताजींनी सुट्टीत फिरूक जाउच्या आधी यात्रा विमा केलो ...
  [Pred]: माचा गरमेन उोत्या ेने सठी रे लाऊच्या रा्की पात्रमी माकील होतो...

Step  15950/30000 | Phase: 4B (Dynamic MoE) | CTC Loss: 1.2429 | Aux Loss: 8.0239 | CER: 0.318 | Throughput: 120.2 aud-s/s | LR: 8.64e-06
  [Ref ]: भारताची कृषि निर्यात तीन मोठ्या श्रेणीं मध्ये विभागली जाता...
  [Pred]: भारताची कृषीनिरीया ती मोठ्या स्रेणी मोते विभागल जाता...

Step  15975/30000 | Phase: 4B (Dynamic MoE) | CTC Loss: 1.2770 | Aux Loss: 8.0504 | CER: 0.417 | Throughput: 412.0 aud-s/s | LR: 8.63e-06
  [Ref ]: खाते कसल्या कसल्या प्रकारची असतत ?...
  [Pred]: कर्जे कयस्जे कसत र काूचे ?...

Step  16000/30000 | Phase: 4B (Dynamic MoE) | CTC Loss: 1.2845 | Aux Loss: 8.0311 | CER: 0.425 | Throughput: 184.2 aud-s/s | LR: 8.63e-06
  [Ref ]: शेतकऱ्यांना आर्थिक मदत कोण करते ?...
  [Pred]: शेतक्यांवार्थिकाद कोण काते ?...

  [Checkpoint] Step 16000 saved to runs\no-splitformer-moe-only\checkpoints\stage2_moe
Step  16025/30000 | Phase: 4B (Dynamic MoE) | CTC Loss: 1.2862 | Aux Loss: 8.0328 | CER: 0.309 | Throughput: 288.5 aud-s/s | LR: 8.63e-06
  [Ref ]: वित्तीय सेवा कितीक परकारच्या असतात व मले त्या कशा भेटन ?...
  [Pred]: वित्ीया सेवा किती तरकात जाअस्तात्व मले ता कसा भेटन ?...

Step  16050/30000 | Phase: 4B (Dynamic MoE) | CTC Loss: 1.3597 | Aux Loss: 8.0282 | CER: 0.318 | Throughput: 133.7 aud-s/s | LR: 8.62e-06
  [Ref ]: खूप जास्त माल एका जागेसून दुसऱ्या जागेक पाठवूक तुमका सरकारकडना परवानगी...
  [Pred]: कुरजास्त मा एका सादी सन पु्यासाठी पाच उतुन्त सार कर पनना करमांती व्यची...

Step  16075/30000 | Phase: 4B (Dynamic MoE) | CTC Loss: 1.2584 | Aux Loss: 8.0273 | CER: 0.276 | Throughput: 425.7 aud-s/s | LR: 8.62e-06
  [Ref ]: आजचो हवामान अंदाज काय आसा ?...
  [Pred]: आजचो वमान अंदाज काय आसा ?...

Step  16100/30000 | Phase: 4B (Dynamic MoE) | CTC Loss: 1.2559 | Aux Loss: 8.0444 | CER: 0.327 | Throughput: 187.9 aud-s/s | LR: 8.61e-06
  [Ref ]: आर.टी.जी.एस कसा करायचा ?...
  [Pred]: आर.टी.जी.अज कसा पर्त करायचा ?...

Step  16125/30000 | Phase: 4B (Dynamic MoE) | CTC Loss: 1.2028 | Aux Loss: 8.0375 | CER: 0.303 | Throughput: 281.9 aud-s/s | LR: 8.61e-06
  [Ref ]: अंडी उत्पादनात भारत हा जगातील तिसऱ्या क्रमांकाचा देश आहे...
  [Pred]: अयाशित्पासनात भहार खा्याव विस्र्या समन का क देश...

Step  16150/30000 | Phase: 4B (Dynamic MoE) | CTC Loss: 1.2674 | Aux Loss: 8.0262 | CER: 0.271 | Throughput: 104.1 aud-s/s | LR: 8.60e-06
  [Ref ]: सर्व कंपन्यांनी आपले भागभांडवल जाहीर करणे बंधनकारक आहे...
  [Pred]: सर्व कंपर्यांने आपले भाग भांडवरजाहेर कने बंदन तारख आहे...

Step  16175/30000 | Phase: 4B (Dynamic MoE) | CTC Loss: 1.2912 | Aux Loss: 8.0714 | CER: 0.302 | Throughput: 407.3 aud-s/s | LR: 8.60e-06
  [Ref ]: कर्ज कितक्या मेलाक शकता ?...
  [Pred]: कर्ज कितकयर विळा शकता ?...

Step  16200/30000 | Phase: 4B (Dynamic MoE) | CTC Loss: 1.2773 | Aux Loss: 8.0327 | CER: 0.387 | Throughput: 176.6 aud-s/s | LR: 8.59e-06
  [Ref ]: सुपारीचा उत्त्पन खयच्या जमिनीत करूचा असता ?...
  [Pred]: सुपाद कयका्या खाच्या जमीत कयचा असता ?...

Step  16225/30000 | Phase: 4B (Dynamic MoE) | CTC Loss: 1.3264 | Aux Loss: 8.0487 | CER: 0.435 | Throughput: 172.5 aud-s/s | LR: 8.59e-06
  [Ref ]: आपले मियेल चेक जर वटना नै ते काय करानं ?...
  [Pred]: आपले बिलचे जरवडनाकत काय करण ?...

Step  16250/30000 | Phase: 4B (Dynamic MoE) | CTC Loss: 1.2965 | Aux Loss: 8.0242 | CER: 0.351 | Throughput: 116.5 aud-s/s | LR: 8.58e-06
  [Ref ]: शेतीले पुरक जोडधंदा शेळीपालन करायचा राह्यल्यास कोनच्या योजनेतून होईन ?...
  [Pred]: शितीने पुर सोड तंनाशेत शपालन कराचराहल्यास कोनच्या योज्नेतून होहई...

Step  16275/30000 | Phase: 4B (Dynamic MoE) | CTC Loss: 1.3090 | Aux Loss: 8.0301 | CER: 0.277 | Throughput: 344.6 aud-s/s | LR: 8.58e-06
  [Ref ]: के.वाय.सी महत्त्वपुर्ण किद्याक ?...
  [Pred]: पीासी महरजू कुर्ा किडद्यात ?...

Step  16300/30000 | Phase: 4B (Dynamic MoE) | CTC Loss: 1.1931 | Aux Loss: 8.0363 | CER: 0.388 | Throughput: 270.2 aud-s/s | LR: 8.57e-06
  [Ref ]: सोला निघाल्यावर थो काऊन मरते ?...
  [Pred]: सोर्ा मिमल्ा सोतवमर कह ?...

Step  16325/30000 | Phase: 4B (Dynamic MoE) | CTC Loss: 1.3194 | Aux Loss: 8.0404 | CER: 0.232 | Throughput: 294.2 aud-s/s | LR: 8.57e-06
  [Ref ]: निधी हस्तांतरणाक खयचे खयचे ऑनलाइन गोष्टी निगडीत आसत ?...
  [Pred]: ती अस्तंकरणा खयतचे गैचे ऑपान वोष्टी निविडीत आस ?...

Step  16350/30000 | Phase: 4B (Dynamic MoE) | CTC Loss: 1.2271 | Aux Loss: 8.0340 | CER: 0.255 | Throughput: 131.2 aud-s/s | LR: 8.56e-06
  [Ref ]: रोहित हा सार्वजनिक वित्त मधील तज्ञ आहे...
  [Pred]: रोहित हा सार्वचजनिक वित्पम्ये तरली आहे...

Step  16375/30000 | Phase: 4B (Dynamic MoE) | CTC Loss: 1.2684 | Aux Loss: 8.0427 | CER: 0.476 | Throughput: 486.6 aud-s/s | LR: 8.56e-06
  [Ref ]: विपणन म्हणजे काय असा ?...
  [Pred]: यिपक्या म्ह्धे काय आसा ?...

Step  16400/30000 | Phase: 4B (Dynamic MoE) | CTC Loss: 1.2902 | Aux Loss: 8.0311 | CER: 0.446 | Throughput: 180.0 aud-s/s | LR: 8.55e-06
  [Ref ]: ट्रॅक्टर खरेदीसाठी सरकारी अनुदान मिळणार का ?...
  [Pred]: एे पर्देासाठी सारव रिया मोदान मे ार का ?...

Step  16425/30000 | Phase: 4B (Dynamic MoE) | CTC Loss: 1.2949 | Aux Loss: 8.0546 | CER: 0.291 | Throughput: 295.9 aud-s/s | LR: 8.55e-06
  [Ref ]: क्रेडिट कार्डवरून फसवणूक झाल्यास कुठे तक्रार करावी ?...
  [Pred]: क्रेडिट कार्डडवरून पसूणूक झाल्स कोशेत करार करावी ?...

Step  16450/30000 | Phase: 4B (Dynamic MoE) | CTC Loss: 1.2348 | Aux Loss: 8.0332 | CER: 0.362 | Throughput: 105.0 aud-s/s | LR: 8.55e-06
  [Ref ]: कितीक परकारचं कर्ज रायते अस ते कस भेटते , हे कस मालूम पडनं ?...
  [Pred]: पितिक पर कर्ज कर्ज र्या कि अासाठी अस पडले वेकसा मारम कडव ?...

Step  16475/30000 | Phase: 4B (Dynamic MoE) | CTC Loss: 1.1875 | Aux Loss: 8.0181 | CER: 0.296 | Throughput: 186.7 aud-s/s | LR: 8.54e-06
  [Ref ]: ठेवीचो प्रकार काय असा ?...
  [Pred]: शिचे प्रकारचा असा ?...

Step  16500/30000 | Phase: 4B (Dynamic MoE) | CTC Loss: 1.2724 | Aux Loss: 8.0341 | CER: 0.385 | Throughput: 197.3 aud-s/s | LR: 8.54e-06
  [Ref ]: के.वाय.सी अपडेट करू साठी किती मुदत आसा ?...
  [Pred]: के.वाय.सी अबेट करूसये किती मध आसा ?...

Step  16525/30000 | Phase: 4B (Dynamic MoE) | CTC Loss: 1.3372 | Aux Loss: 8.0277 | CER: 0.274 | Throughput: 386.5 aud-s/s | LR: 8.53e-06
  [Ref ]: बजारमा आज काल गनच भाज्या येतीस...
  [Pred]: बाजारना आप कार जून बहच्य येते...

Step  16550/30000 | Phase: 4B (Dynamic MoE) | CTC Loss: 1.2274 | Aux Loss: 8.0602 | CER: 0.373 | Throughput: 107.6 aud-s/s | LR: 8.53e-06
  [Ref ]: शेळ्यांचा वापर ड्रायव्हिंग आणि पॅकिंगसाठी केला जातो...
  [Pred]: शेयंच वापर लयपी.आय एचिंवसाठी केला जातो...

Step  16575/30000 | Phase: 4B (Dynamic MoE) | CTC Loss: 1.3170 | Aux Loss: 8.0700 | CER: 0.517 | Throughput: 451.9 aud-s/s | LR: 8.52e-06
  [Ref ]: वातावरण म्हणजे काय आसा ?...
  [Pred]: व म्हणजे का चा ?...

Step  16600/30000 | Phase: 4B (Dynamic MoE) | CTC Loss: 1.1960 | Aux Loss: 8.0286 | CER: 0.288 | Throughput: 130.7 aud-s/s | LR: 8.52e-06
  [Ref ]: कर्जासाठी ऑनलाइन अर्ज करण्यासाठी किती शुल्क आहे ?...
  [Pred]: के ऑनलाईन अर्ज करण्यासाठी किती सुल आहे ?...

Step  16625/30000 | Phase: 4B (Dynamic MoE) | CTC Loss: 1.3299 | Aux Loss: 8.0313 | CER: 0.466 | Throughput: 311.3 aud-s/s | LR: 8.51e-06
  [Ref ]: शेयर बाजारात गेल्यावरच कंपनीन गुंतवणुकीचो विचार करूक हवो...
  [Pred]: शेयार मादा वालिला मानी परी म्हेनतणि कतनचा काक...

Step  16650/30000 | Phase: 4B (Dynamic MoE) | CTC Loss: 1.2854 | Aux Loss: 8.0177 | CER: 0.303 | Throughput: 132.2 aud-s/s | LR: 8.51e-06
  [Ref ]: पैसे गुंतवाच्या वेळेसं मले ऑफलाईन अर्ज भरा लागन का ?...
  [Pred]: पैसे गुंतवायच्या वेडस मले ऑलनलाईन कर्ज भर लागन का ?...

Step  16675/30000 | Phase: 4B (Dynamic MoE) | CTC Loss: 1.1957 | Aux Loss: 8.0427 | CER: 0.207 | Throughput: 497.0 aud-s/s | LR: 8.50e-06
  [Ref ]: गुंतवणूक म्हटल्या काय ?...
  [Pred]: गुंतवणवूम ह्हल्या काय ?...

Step  16700/30000 | Phase: 4B (Dynamic MoE) | CTC Loss: 1.3030 | Aux Loss: 8.0457 | CER: 0.424 | Throughput: 192.7 aud-s/s | LR: 8.50e-06
  [Ref ]: डेबिट कार्डनं मले दिवसाले कितीक पैसे काढता येईन ?...
  [Pred]: बेट कर्डन मले दि किती पैसे खता येईन ?...

Step  16725/30000 | Phase: 4B (Dynamic MoE) | CTC Loss: 1.3791 | Aux Loss: 8.0202 | CER: 0.446 | Throughput: 328.9 aud-s/s | LR: 8.49e-06
  [Ref ]: जलीय कृषि खारसाण ओडीसाच्या आतलो राष्टीय उद्यान असा...
  [Pred]: पशेता सकाण ओडीसाठा आपलराप्रय उ्यान असा...

Step  16750/30000 | Phase: 4B (Dynamic MoE) | CTC Loss: 1.2872 | Aux Loss: 8.0388 | CER: 0.336 | Throughput: 132.6 aud-s/s | LR: 8.49e-06
  [Ref ]: दोन एकर शेतीत बटाटा पीक किती येवू शकते ? त्याचे मोजमाप कसे करावे ?...
  [Pred]: दुनिकर शेतीत बकटात पिट किती येऊ शकते त्याचे मनत पसे करावे ?...

Step  16775/30000 | Phase: 4B (Dynamic MoE) | CTC Loss: 1.3068 | Aux Loss: 8.0480 | CER: 0.298 | Throughput: 419.9 aud-s/s | LR: 8.48e-06
  [Ref ]: मातीचे प्रकार किती आसत ?...
  [Pred]: मातीचेप्रकारकिती आसतत ?...

Step  16800/30000 | Phase: 4B (Dynamic MoE) | CTC Loss: 1.2491 | Aux Loss: 8.0243 | CER: 0.372 | Throughput: 172.9 aud-s/s | LR: 8.48e-06
  [Ref ]: गुंठयामध्ये जमीन कशी मोजूची असता ?...
  [Pred]: मुठ्यामात्ये जमान कशी मती असता ?...

Step  16825/30000 | Phase: 4B (Dynamic MoE) | CTC Loss: 1.2535 | Aux Loss: 8.0060 | CER: 0.263 | Throughput: 346.1 aud-s/s | LR: 8.47e-06
  [Ref ]: मी ग्राहकाला कर्जासाठी कायकाय प्रश्न विचारावे ?...
  [Pred]: महाकाला कर्जासाठी काय काय परसणे विचारावे ?...

Step  16850/30000 | Phase: 4B (Dynamic MoE) | CTC Loss: 1.3360 | Aux Loss: 8.1219 | CER: 0.277 | Throughput:  84.3 aud-s/s | LR: 8.47e-06
  [Ref ]: तुरंत पैसे पाठवाचे असन तर कोनच्या परकारे पाठोता येईन ?...
  [Pred]: कर पैसे पाठवाच्या असनक कंच्या परकारे पाठवता येईन ?...

Step  16875/30000 | Phase: 4B (Dynamic MoE) | CTC Loss: 1.2785 | Aux Loss: 8.0947 | CER: 0.482 | Throughput: 422.2 aud-s/s | LR: 8.46e-06
  [Ref ]: एन.पी.के कशाक वापरतत ?...
  [Pred]: पिक कषे वापरूच ?...

Step  16900/30000 | Phase: 4B (Dynamic MoE) | CTC Loss: 1.1902 | Aux Loss: 8.0090 | CER: 0.350 | Throughput: 145.6 aud-s/s | LR: 8.46e-06
  [Ref ]: आमच्या घरात मी एकटाच कर्ता व्यक्ती आहे , तर मला कर्ज मिळू शकते का ?...
  [Pred]: आमच्या गरात मी गिलटस करता बेकी आह त्र माला क ज ळऊ हकते का ?...

Step  16925/30000 | Phase: 4B (Dynamic MoE) | CTC Loss: 1.2746 | Aux Loss: 8.0340 | CER: 0.197 | Throughput: 269.5 aud-s/s | LR: 8.45e-06
  [Ref ]: दुभत्या जनावरांका खयचा खाद्य देऊक व्हया ?...
  [Pred]: दुब्या जनावरन खयच खते घेऊक हाया ?...

Step  16950/30000 | Phase: 4B (Dynamic MoE) | CTC Loss: 1.2023 | Aux Loss: 8.0299 | CER: 0.159 | Throughput: 111.1 aud-s/s | LR: 8.45e-06
  [Ref ]: कोणत्याही प्रकारचे कर्ज घेण्यापूर्वी त्यावेळचा संदर्भ दर तपासून पहा...
  [Pred]: कोणत्याही प्रकारचे कर्ज घेण्यापु्वी त्यावेयचा संदर्ब दर तपासन पहा ?...

Step  16975/30000 | Phase: 4B (Dynamic MoE) | CTC Loss: 1.3586 | Aux Loss: 8.1089 | CER: 0.332 | Throughput: 392.9 aud-s/s | LR: 8.44e-06
  [Ref ]: कर्जाचा व्याज कीती असता ?...
  [Pred]: कर्ज चा म्ाज किती असत ?...

Step  17000/30000 | Phase: 4B (Dynamic MoE) | CTC Loss: 1.2201 | Aux Loss: 8.0009 | CER: 0.353 | Throughput: 177.1 aud-s/s | LR: 8.44e-06
  [Ref ]: धान्य सवंगल्यावर साठवून कस ठेवाच ?...
  [Pred]: धानी सगनलरक साठवड कसा केलाचो ?...

  [Checkpoint] Step 17000 saved to runs\no-splitformer-moe-only\checkpoints\stage2_moe
Step  17025/30000 | Phase: 4B (Dynamic MoE) | CTC Loss: 1.2365 | Aux Loss: 8.0357 | CER: 0.318 | Throughput: 339.9 aud-s/s | LR: 8.43e-06
  [Ref ]: ज्वारीच्या पिकावरील रोग कमी करण्यासाठी काय करावे लागेल ?...
  [Pred]: ज्वारीशे पिकावरंतठरूग कमी करण्यासाठी कण करावे लागे ...

Step  17050/30000 | Phase: 4B (Dynamic MoE) | CTC Loss: 1.2256 | Aux Loss: 8.0342 | CER: 0.270 | Throughput: 126.7 aud-s/s | LR: 8.43e-06
  [Ref ]: कापनी यंत्र घ्याचं असन त कस घ्याव ? त्याच्या वापराची मायती सांगा...
  [Pred]: कापणी यंत्र घ्याचो सुंत पोसु ज्याच्या वापराची माहिती झांला...

Step  17075/30000 | Phase: 4B (Dynamic MoE) | CTC Loss: 1.2628 | Aux Loss: 8.0952 | CER: 0.483 | Throughput: 393.2 aud-s/s | LR: 8.42e-06
  [Ref ]: यंत्रा कशाक वापुरूची ?...
  [Pred]: तंता कका ापरूचा ?...

Step  17100/30000 | Phase: 4B (Dynamic MoE) | CTC Loss: 1.1784 | Aux Loss: 8.0406 | CER: 0.185 | Throughput: 187.4 aud-s/s | LR: 8.42e-06
  [Ref ]: गव्हाच्या पिकात किती अंतर ठेवाव म्हनजे आवक जास्त होईन ?...
  [Pred]: गहाच्या पिकात किती अंतर ठेवावा म्हणजे आवग जास्त होईन ?...

Step  17125/30000 | Phase: 4B (Dynamic MoE) | CTC Loss: 1.1918 | Aux Loss: 8.0217 | CER: 0.345 | Throughput: 298.9 aud-s/s | LR: 8.41e-06
  [Ref ]: संपूर्ण कारभाराच्या दृष्टिकोनातून हा सगळ्यात मोठा बाजार आहे...
  [Pred]: सं्यण कारभाराचये दिती तोना तून हा सगळ्यास मोठा बतर आहे...

Step  17150/30000 | Phase: 4B (Dynamic MoE) | CTC Loss: 1.2289 | Aux Loss: 8.2602 | CER: 0.292 | Throughput:  40.3 aud-s/s | LR: 8.41e-06
  [Ref ]: माझ्या मुलाला अजून मिलेनियल एंटरप्रेन्युअरशिप विषयी काहीही माहित नाही...
  [Pred]: माझ्या खुलागाजून बिलय नियत एंचर प्ेणीवरशिक किष काहीही माहीत नाहे...

Step  17175/30000 | Phase: 4B (Dynamic MoE) | CTC Loss: 1.2536 | Aux Loss: 8.1194 | CER: 0.339 | Throughput: 384.2 aud-s/s | LR: 8.40e-06
  [Ref ]: कर्ज कसा करूचा ?...
  [Pred]: रा्ज कसा करूचा ?...

Step  17200/30000 | Phase: 4B (Dynamic MoE) | CTC Loss: 1.2329 | Aux Loss: 8.0171 | CER: 0.240 | Throughput: 179.1 aud-s/s | LR: 8.40e-06
  [Ref ]: वित्तीय लेखा मानक मंडळ कसे कार्य करते ?...
  [Pred]: यशीय एेए खामाना मंल कसे कारे करतो ?...

Step  17225/30000 | Phase: 4B (Dynamic MoE) | CTC Loss: 1.2220 | Aux Loss: 8.0333 | CER: 0.262 | Throughput: 350.4 aud-s/s | LR: 8.39e-06
  [Ref ]: जर तुम्ही एका महिन्यात कर्ज भरले नाही तर बँक तुमचं घर जप्त करेल...
  [Pred]: जर तुम्ही रल मान्यात कर्ज भरले ना हीतर बँ तुंच कर वसप करे...

Step  17250/30000 | Phase: 4B (Dynamic MoE) | CTC Loss: 1.2437 | Aux Loss: 8.0814 | CER: 0.255 | Throughput: 119.3 aud-s/s | LR: 8.39e-06
  [Ref ]: बिम्याचे कुंते फायदे हाय मले कस कळन ?...
  [Pred]: बिम्याचे कोते फायदे हे मले कस कढन ?...

Step  17275/30000 | Phase: 4B (Dynamic MoE) | CTC Loss: 1.3084 | Aux Loss: 8.0236 | CER: 0.292 | Throughput: 424.6 aud-s/s | LR: 8.38e-06
  [Ref ]: आजचो बाजार भाव काय आसा ?...
  [Pred]: आपतो पच भाव काय असा ?...

Step  17300/30000 | Phase: 4B (Dynamic MoE) | CTC Loss: 1.1540 | Aux Loss: 8.0100 | CER: 0.291 | Throughput: 185.5 aud-s/s | LR: 8.38e-06
  [Ref ]: ऊसाची शेती करूक कसली उपकरणा वापरतत ?...
  [Pred]: ऊसाची शेतीत क कसले उपकारयणा वापरतत ?...

Step  17325/30000 | Phase: 4B (Dynamic MoE) | CTC Loss: 1.1401 | Aux Loss: 8.0205 | CER: 0.262 | Throughput: 312.1 aud-s/s | LR: 8.37e-06
  [Ref ]: आर्थिक गुंतवणुकीमध्ये जोखिमेला खूप महत्त्व आहे...
  [Pred]: आर्थिक गुंतवणुकीमध्ये जोषी मिलाक खूपमत ह आये...

Step  17350/30000 | Phase: 4B (Dynamic MoE) | CTC Loss: 1.2596 | Aux Loss: 8.1200 | CER: 0.371 | Throughput:  61.0 aud-s/s | LR: 8.37e-06
  [Ref ]: मातयेत कैर पुरलो तर मातयेची सुपीकता की वेळेन वाडतली ?...
  [Pred]: जियट कर पूरवटर मातीची शेती का िवेन वाढतली ?...

Step  17375/30000 | Phase: 4B (Dynamic MoE) | CTC Loss: 1.3100 | Aux Loss: 8.0171 | CER: 0.410 | Throughput: 421.2 aud-s/s | LR: 8.36e-06
  [Ref ]: क्रेडिट कार्ड काय असता ?...
  [Pred]: ठेडी काकय असता ?...

Step  17400/30000 | Phase: 4B (Dynamic MoE) | CTC Loss: 1.2688 | Aux Loss: 8.0144 | CER: 0.434 | Throughput: 182.3 aud-s/s | LR: 8.36e-06
  [Ref ]: मी जमीन भाडेतत्त्वावर घेतली आहे...
  [Pred]: मी जमीन भाले तक्रचर घाली आहे...

Step  17425/30000 | Phase: 4B (Dynamic MoE) | CTC Loss: 1.2747 | Aux Loss: 8.0242 | CER: 0.249 | Throughput: 321.7 aud-s/s | LR: 8.35e-06
  [Ref ]: सामाजिक योजनांचो फायदो कसो घेवचो ?...
  [Pred]: सामाजिक योजनांचो फायदो कसो घेऊचा ?...

Step  17450/30000 | Phase: 4B (Dynamic MoE) | CTC Loss: 1.2510 | Aux Loss: 8.0409 | CER: 0.361 | Throughput: 126.6 aud-s/s | LR: 8.35e-06
  [Ref ]: पशूकिसान क्रेडिट कार्ड ना परतेक शेतकरीले फायदा व्हस...
  [Pred]: पसुतीचल्करेलेता जना परचे य्करी लेकायल ह्सस...

Step  17475/30000 | Phase: 4B (Dynamic MoE) | CTC Loss: 1.2305 | Aux Loss: 8.0182 | CER: 0.316 | Throughput: 459.8 aud-s/s | LR: 8.34e-06
  [Ref ]: ऑनलाइन बिला कशी भरूची ?...
  [Pred]: ऑनलाइन िला कशी बरुची ?...

Step  17500/30000 | Phase: 4B (Dynamic MoE) | CTC Loss: 1.3236 | Aux Loss: 8.0326 | CER: 0.334 | Throughput: 304.1 aud-s/s | LR: 8.34e-06
  [Ref ]: पूर्वी भारतात काळी मिरी जास्त वापरली जायची...
  [Pred]: पुरी भातात कवीर जास्त वापरल लायची ?...

Step  17525/30000 | Phase: 4B (Dynamic MoE) | CTC Loss: 1.2224 | Aux Loss: 8.0342 | CER: 0.408 | Throughput:  93.0 aud-s/s | LR: 8.33e-06
  [Ref ]: बँक आपल्याला आर्थिक मदत करू शकते...
  [Pred]: उध आपल्याला आर्थिक मकर्षा आते ?...

Step  17550/30000 | Phase: 4B (Dynamic MoE) | CTC Loss: 1.2540 | Aux Loss: 8.0156 | CER: 0.370 | Throughput: 106.7 aud-s/s | LR: 8.33e-06
  [Ref ]: नैसर्गिक रबर झाडांपासून तयार होता तर कृत्रिम रबर वेगवेगळ्या प्रक्रियां...
  [Pred]: किसल युरव काडांपा सूनटा रतनापा वलवरा वीने च प्रतििया नोधय होता...

Step  17575/30000 | Phase: 4B (Dynamic MoE) | CTC Loss: 1.2068 | Aux Loss: 8.0406 | CER: 0.381 | Throughput: 323.3 aud-s/s | LR: 8.32e-06
  [Ref ]: पिकांसाठी किती पाणी वापरले जाते ?...
  [Pred]: कुपीासाठी किती पल ापरडू हते ?...

Step  17600/30000 | Phase: 4B (Dynamic MoE) | CTC Loss: 1.3216 | Aux Loss: 8.0469 | CER: 0.386 | Throughput: 158.5 aud-s/s | LR: 8.32e-06
  [Ref ]: सेंद्रिय शेतीतले कामाच्या गोष्टी कोनच्या ?...
  [Pred]:  सेंद्रिया शेतीतले ककचा ग्ती कोनच्य ?...

Step  17625/30000 | Phase: 4B (Dynamic MoE) | CTC Loss: 1.1593 | Aux Loss: 8.0532 | CER: 0.292 | Throughput: 292.1 aud-s/s | LR: 8.31e-06
  [Ref ]: बिमा काढाचे टायमाले मले कोंते कागद लागन ?...
  [Pred]: बिमा काळडाकचे टायमले मले कोंते कादा लागन ?...

Step  17650/30000 | Phase: 4B (Dynamic MoE) | CTC Loss: 1.2558 | Aux Loss: 8.0202 | CER: 0.253 | Throughput: 123.4 aud-s/s | LR: 8.31e-06
  [Ref ]: माझे वडील गावातील शेतजमिनीवर शेती करून आपला उदरनिर्वाह करतात...
  [Pred]: माझ्ये मध्ये जााती शेचनी निव शेतीकरी आपल्या उदर हिर वाह करतात...

Step  17675/30000 | Phase: 4B (Dynamic MoE) | CTC Loss: 1.2680 | Aux Loss: 8.0405 | CER: 0.365 | Throughput: 430.2 aud-s/s | LR: 8.30e-06
  [Ref ]: ऑनलाइन ठेव कशी उघडतलाव ?...
  [Pred]: ऑनलाइन ठेव कशी उघडटकतला ?...

Step  17700/30000 | Phase: 4B (Dynamic MoE) | CTC Loss: 1.1620 | Aux Loss: 8.0196 | CER: 0.262 | Throughput: 177.2 aud-s/s | LR: 8.30e-06
  [Ref ]: मला कृषी विपणन क्षेत्रात माझे करिअर करायचे आहे...
  [Pred]: माला कृषी विपनन ्शेतात माझे पर्य करायचे आहे...

Step  17725/30000 | Phase: 4B (Dynamic MoE) | CTC Loss: 1.2498 | Aux Loss: 8.0355 | CER: 0.292 | Throughput: 222.9 aud-s/s | LR: 8.29e-06
  [Ref ]: नवीन डेबिट कार्डसाठी मी अर्ज कसा करू ?...
  [Pred]: नडिन डेबिट कार्डसाठी नी अर्ज कसा करू ?...

Step  17750/30000 | Phase: 4B (Dynamic MoE) | CTC Loss: 1.2465 | Aux Loss: 8.0095 | CER: 0.364 | Throughput:  83.3 aud-s/s | LR: 8.29e-06
  [Ref ]: काळ्या मातीत कोणकोणती पिके घेऊ शकतो ?...
  [Pred]: काळ्या मारथिक कोणकोणती किते घेऊ शकतो ?...

Step  17775/30000 | Phase: 4B (Dynamic MoE) | CTC Loss: 1.2481 | Aux Loss: 8.0394 | CER: 0.285 | Throughput: 139.0 aud-s/s | LR: 8.28e-06
  [Ref ]: एन.इ.एफ.टी किती वेळात होते ?...
  [Pred]: जन.एफ.ी.किटे ओडा जाते  ?...

Step  17800/30000 | Phase: 4B (Dynamic MoE) | CTC Loss: 1.3092 | Aux Loss: 8.0079 | CER: 0.346 | Throughput: 181.8 aud-s/s | LR: 8.28e-06
  [Ref ]: सांगा बरं रबर उत्पादनात भारत कितव्या नंबर वर आहे ?...
  [Pred]: सागा वरचावर उत्पादनात बक कल्यानंबर्वर आहे...

Step  17825/30000 | Phase: 4B (Dynamic MoE) | CTC Loss: 1.2130 | Aux Loss: 8.0287 | CER: 0.209 | Throughput: 322.2 aud-s/s | LR: 8.27e-06
  [Ref ]: चालू खात्याची माहिती कसा बगायचा ?...
  [Pred]: चालू खात्ाची आाहिती कसा बगायचा ?...

Step  17850/30000 | Phase: 4B (Dynamic MoE) | CTC Loss: 1.2790 | Aux Loss: 8.0535 | CER: 0.322 | Throughput: 123.0 aud-s/s | LR: 8.27e-06
  [Ref ]: पैसो निर्मितीक पैसा देणा असा सुद्धा म्हणतत...
  [Pred]: पैसोदलमेपीक पैसा देणा  अशया सुद्धा म्हणतत...

Step  17875/30000 | Phase: 4B (Dynamic MoE) | CTC Loss: 1.2590 | Aux Loss: 8.0856 | CER: 0.522 | Throughput: 439.5 aud-s/s | LR: 8.26e-06
  [Ref ]: सोयाबीनचो भाव काय आसा ?...
  [Pred]: सामूचो भाकाय असा ?...

Step  17900/30000 | Phase: 4B (Dynamic MoE) | CTC Loss: 1.2187 | Aux Loss: 8.0564 | CER: 0.436 | Throughput:  25.8 aud-s/s | LR: 8.26e-06
  [Ref ]: माझ्या पे.टी.एमचे के.वाय.सी अजून झालेले नाही...
  [Pred]: माझ्या पायी तचे कक माली झाले आहे...

Step  17925/30000 | Phase: 4B (Dynamic MoE) | CTC Loss: 1.2572 | Aux Loss: 8.0505 | CER: 0.434 | Throughput: 290.3 aud-s/s | LR: 8.25e-06
  [Ref ]: कर्जासाठी ऑनलाइन अर्ज करण्यासाठी फी कुठे जमा करावी ?...
  [Pred]: कर्जाती ऑनलाइन अर्ज भरण्यासाठी चो कोणत्रि यमा लले ?...

Step  17950/30000 | Phase: 4B (Dynamic MoE) | CTC Loss: 1.2513 | Aux Loss: 8.0412 | CER: 0.352 | Throughput: 141.5 aud-s/s | LR: 8.25e-06
  [Ref ]: मले किती बँकेत बचत खात खोलता येते ?...
  [Pred]: मले किती बँके बचतकायी कोलता येते ?...

Step  17975/30000 | Phase: 4B (Dynamic MoE) | CTC Loss: 1.2467 | Aux Loss: 8.0126 | CER: 0.394 | Throughput: 210.1 aud-s/s | LR: 8.24e-06
  [Ref ]: शिक्षणाचा कर्ज कसा घेऊचा हा ?...
  [Pred]: कापन कर्ाचा घिव का ?...

Step  18000/30000 | Phase: 4B (Dynamic MoE) | CTC Loss: 1.3109 | Aux Loss: 8.0551 | CER: 0.363 | Throughput: 137.2 aud-s/s | LR: 8.24e-06
  [Ref ]: मला दिवाळीसाठी कर्ज मिळेल का ?...
  [Pred]: मला दिव्ायसाठी कर्ज मिळेल का ?...

  [Checkpoint] Step 18000 saved to runs\no-splitformer-moe-only\checkpoints\stage2_moe
Step  18025/30000 | Phase: 4B (Dynamic MoE) | CTC Loss: 1.1781 | Aux Loss: 8.0197 | CER: 0.300 | Throughput:  58.8 aud-s/s | LR: 8.23e-06
  [Ref ]: मला शासकीय योजने अंतर्गत बी बियाणे मिळू शकतात का ?...
  [Pred]: मलाशास्के योजनेनंतरग्बी यजाना मिू शकतात का ?...

Step  18050/30000 | Phase: 4B (Dynamic MoE) | CTC Loss: 1.2753 | Aux Loss: 8.0822 | CER: 0.371 | Throughput: 113.7 aud-s/s | LR: 8.23e-06
  [Ref ]: पैसा बाजारात उद्योगविषयक कागदपत्रांची विक्री पण केली जावक शकता...
  [Pred]: कयसा वाजार्त तुन्येन मिशय सादनत्रांची  ककडीपणतेे जावक शकता...

Step  18075/30000 | Phase: 4B (Dynamic MoE) | CTC Loss: 1.1892 | Aux Loss: 8.0471 | CER: 0.258 | Throughput: 444.4 aud-s/s | LR: 8.22e-06
  [Ref ]: मायावर कितीक कर्ज बाकी हाय ?...
  [Pred]: मार कितीक कर्ज माती आह ?...

Step  18100/30000 | Phase: 4B (Dynamic MoE) | CTC Loss: 1.2468 | Aux Loss: 8.0494 | CER: 0.451 | Throughput: 192.5 aud-s/s | LR: 8.22e-06
  [Ref ]: मले बचत खात ऑनलाईन खोलन सोपं पडन की ऑफलाईन ?...
  [Pred]: मया बचताता कानी कर्ना सोप बडं के आह...

Step  18125/30000 | Phase: 4B (Dynamic MoE) | CTC Loss: 1.2625 | Aux Loss: 8.0200 | CER: 0.273 | Throughput: 296.7 aud-s/s | LR: 8.21e-06
  [Ref ]: कूपन किरकोळ विक्रेत्याला विक्री वाढवण्यासाठी मदत करते...
  [Pred]: कुपणचेरकर वितरेकानाविरी वाढकण्यासाठी मुदत करा...

Step  18150/30000 | Phase: 4B (Dynamic MoE) | CTC Loss: 1.2054 | Aux Loss: 8.0269 | CER: 0.245 | Throughput: 101.4 aud-s/s | LR: 8.21e-06
  [Ref ]: तुम्हाला तुमची स्वतःची संख्या वापरायची किंवा व्यवस्थापित करायची आहे का...
  [Pred]: तुम्हाला तुमची स्ाची संच्या वापळ्ाची किंवा व्यवस्थातीक करायची आहे का ?...

Step  18175/30000 | Phase: 4B (Dynamic MoE) | CTC Loss: 1.2723 | Aux Loss: 8.0835 | CER: 0.326 | Throughput: 371.0 aud-s/s | LR: 8.20e-06
  [Ref ]: ठेवी कशी भरूची ?...
  [Pred]: केवी कशी भरुूची ?...

Step  18200/30000 | Phase: 4B (Dynamic MoE) | CTC Loss: 1.2373 | Aux Loss: 8.0355 | CER: 0.232 | Throughput: 181.0 aud-s/s | LR: 8.20e-06
  [Ref ]: मी बराच टाईमले गुगल पे वरथून पैसा टाकस...
  [Pred]: मी करास्ट्यांले गुगत पे वर्तून कतत आहा...

Step  18225/30000 | Phase: 4B (Dynamic MoE) | CTC Loss: 1.2614 | Aux Loss: 8.0286 | CER: 0.260 | Throughput: 158.9 aud-s/s | LR: 8.19e-06
  [Ref ]: घास लागवडीसाठी प्रति एकर किती युरिया लागेल ?...
  [Pred]: भास लागवडीसाठी प्र्तिएकर किती ओो रिया लागे ?...

Step  18250/30000 | Phase: 4B (Dynamic MoE) | CTC Loss: 1.1465 | Aux Loss: 8.0179 | CER: 0.251 | Throughput: 107.0 aud-s/s | LR: 8.19e-06
  [Ref ]: सोहनला आर्थिक व्यापाराविषयी सविस्तर माहिती देण्यात आली...
  [Pred]: सोहनला आर्थिक व्यापाराविशयीक सविस्तर माहिती येद्याप आली...

Step  18275/30000 | Phase: 4B (Dynamic MoE) | CTC Loss: 1.1003 | Aux Loss: 8.0330 | CER: 0.264 | Throughput: 246.6 aud-s/s | LR: 8.18e-06
  [Ref ]: आजचो शिल्लक कीतक्या आसा ?...
  [Pred]: आर्त शिल्लक किती आसा ?...

Step  18300/30000 | Phase: 4B (Dynamic MoE) | CTC Loss: 1.2244 | Aux Loss: 8.0161 | CER: 0.342 | Throughput: 183.7 aud-s/s | LR: 8.17e-06
  [Ref ]: बाजार भावात रोज चढउतार व्हता काय ?...
  [Pred]: बाजा भवात रोकपतर होता काय ?...

Step  18325/30000 | Phase: 4B (Dynamic MoE) | CTC Loss: 1.2601 | Aux Loss: 8.0427 | CER: 0.322 | Throughput: 356.2 aud-s/s | LR: 8.17e-06
  [Ref ]: भारतात कोणत्या प्रकारचे शेतकरी जास्त आहेत ?...
  [Pred]: बरचत कोणत्या ्रकारची शेतकरी ासत आहेत ?...

Step  18350/30000 | Phase: 4B (Dynamic MoE) | CTC Loss: 1.2427 | Aux Loss: 8.0315 | CER: 0.289 | Throughput: 115.4 aud-s/s | LR: 8.16e-06
  [Ref ]: आजही मासेमारीसाठी पारंपरिक बोटींचा वापर केला जात आहे...
  [Pred]: आलसी वाशी वाहीसाठी आरंपरी बोटींचा वापर केलालात आहे...

Step  18375/30000 | Phase: 4B (Dynamic MoE) | CTC Loss: 1.2631 | Aux Loss: 8.0858 | CER: 0.364 | Throughput: 431.0 aud-s/s | LR: 8.16e-06
  [Ref ]: गुंतवणूक कशी करूची ?...
  [Pred]: कवणक कशी करूची ?...

Step  18400/30000 | Phase: 4B (Dynamic MoE) | CTC Loss: 1.2778 | Aux Loss: 8.0123 | CER: 0.323 | Throughput: 183.4 aud-s/s | LR: 8.15e-06
  [Ref ]: मी काल एक नवीन बचत खाते उघडले आहे...
  [Pred]: मी कालेक नेवून बचत खाते उघल आहे...

Step  18425/30000 | Phase: 4B (Dynamic MoE) | CTC Loss: 1.1887 | Aux Loss: 8.0290 | CER: 0.288 | Throughput: 223.5 aud-s/s | LR: 8.15e-06
  [Ref ]: रुहानीने चार लाख रुपये देणगी म्हणून दिले...
  [Pred]: ृहा निने चयार लाकरुपय देनगी म्हणून दिले...

Step  18450/30000 | Phase: 4B (Dynamic MoE) | CTC Loss: 1.3186 | Aux Loss: 8.0435 | CER: 0.410 | Throughput: 119.1 aud-s/s | LR: 8.14e-06
  [Ref ]: हिरव्या वाटण्याचे गवत पशुखाद्यासाठी वापरले जाते...
  [Pred]: येन्या भाता ज्याति  कपर पशु कात्रमसाठी मपरली जाते...

Step  18475/30000 | Phase: 4B (Dynamic MoE) | CTC Loss: 1.2825 | Aux Loss: 8.0290 | CER: 0.212 | Throughput: 224.3 aud-s/s | LR: 8.14e-06
  [Ref ]: आज हवामान किती आसा ?...
  [Pred]: आजजो वामान किती आसात ?...

Step  18500/30000 | Phase: 4B (Dynamic MoE) | CTC Loss: 1.1542 | Aux Loss: 8.0339 | CER: 0.217 | Throughput: 279.2 aud-s/s | LR: 8.13e-06
  [Ref ]: बिग फोर काय करते ?...
  [Pred]: बीकह काय करते ?...

Step  18525/30000 | Phase: 4B (Dynamic MoE) | CTC Loss: 1.3092 | Aux Loss: 8.0145 | CER: 0.345 | Throughput: 168.1 aud-s/s | LR: 8.13e-06
  [Ref ]: बचत खात्यार बँक आमका किती टक्के व्याजदर देतली ?...
  [Pred]: बचत खातार बँक अंका किता वके व्याज दर देतकली...

Step  18550/30000 | Phase: 4B (Dynamic MoE) | CTC Loss: 1.1619 | Aux Loss: 8.0489 | CER: 0.286 | Throughput:  55.9 aud-s/s | LR: 8.12e-06
  [Ref ]: माझ्या वांग्याच्या पिकामध्ये बुरोगाल लक्षणे कोणती आहेत ?...
  [Pred]: माझ्या भारगेच्या पिकामध्ये पुरू काय नक्षणे कोणती आहेत ?...

Step  18575/30000 | Phase: 4B (Dynamic MoE) | CTC Loss: 1.3997 | Aux Loss: 8.0339 | CER: 0.358 | Throughput: 420.3 aud-s/s | LR: 8.12e-06
  [Ref ]: सूक्ष्म वित्त म्हणजे काय ?...
  [Pred]: ूसोह्त हणय काय ?...

Step  18600/30000 | Phase: 4B (Dynamic MoE) | CTC Loss: 1.3345 | Aux Loss: 8.0220 | CER: 0.456 | Throughput: 173.9 aud-s/s | LR: 8.11e-06
  [Ref ]: कापणी यंत्राला हार्वेस्टर असे म्हणतात...
  [Pred]: क्रप्ड ंतो ल फललाससो अस म्हणतेत...

Step  18625/30000 | Phase: 4B (Dynamic MoE) | CTC Loss: 1.1334 | Aux Loss: 8.0111 | CER: 0.229 | Throughput: 121.7 aud-s/s | LR: 8.11e-06
  [Ref ]: सामाजिक योजनांचो फायदो कसो घेवचो ?...
  [Pred]: सामाचो योजनाचो फायजो कसो उघचो ?...

Step  18650/30000 | Phase: 4B (Dynamic MoE) | CTC Loss: 1.2009 | Aux Loss: 8.0009 | CER: 0.267 | Throughput: 129.5 aud-s/s | LR: 8.10e-06
  [Ref ]: मांसासाठी वाढवलेले कोकरे चार ते बारा महिन्यांच्या दरम्यान मारले जातात...
  [Pred]: मासा माती वाढवलेले कोकळेच्याआर्ते भारा महन्यचा दरभा माली जातात...

Step  18675/30000 | Phase: 4B (Dynamic MoE) | CTC Loss: 1.2699 | Aux Loss: 8.0707 | CER: 0.409 | Throughput: 449.3 aud-s/s | LR: 8.10e-06
  [Ref ]: योजना कशे तयार करतात ?...
  [Pred]: माझ्या मि कशी तार करचो ?...

Step  18700/30000 | Phase: 4B (Dynamic MoE) | CTC Loss: 1.2374 | Aux Loss: 8.0319 | CER: 0.498 | Throughput: 163.4 aud-s/s | LR: 8.09e-06
  [Ref ]: माझे ए.टी.एम कार्ड हरविल्यास ते मला ब्लॉक कसे करता येईल ?...
  [Pred]: माझीएतन कर हारा ्यस तीमेला पोक करते...

Step  18725/30000 | Phase: 4B (Dynamic MoE) | CTC Loss: 1.1508 | Aux Loss: 8.0360 | CER: 0.322 | Throughput: 289.7 aud-s/s | LR: 8.09e-06
  [Ref ]: लियेल कर्ज येयवर फेड ते गहाण ठियेल जमीन सोडी लेता यस...
  [Pred]: ली एरकारजजे वरस्थे रटेकक किती यं्त नेक सवडी घेत आहेत...

Step  18750/30000 | Phase: 4B (Dynamic MoE) | CTC Loss: 1.1861 | Aux Loss: 8.0368 | CER: 0.225 | Throughput: 121.8 aud-s/s | LR: 8.08e-06
  [Ref ]: लहान शेतकरी शेतजमीन खरेदी करण्यासाठी कर्ज घेण्यास पात्र आहेत का ?...
  [Pred]: लाळ शेतकरी चे जमीन खरेदी करण्यासाठी कर्ज घेण्यस्पत्र आहेतआा...

Step  18775/30000 | Phase: 4B (Dynamic MoE) | CTC Loss: 1.2047 | Aux Loss: 8.0383 | CER: 0.258 | Throughput: 434.7 aud-s/s | LR: 8.07e-06
  [Ref ]: कर्ज म्हणजे नेमक्या काय ?...
  [Pred]: कर्ज िनमे जेन का काय ?...

Step  18800/30000 | Phase: 4B (Dynamic MoE) | CTC Loss: 1.1485 | Aux Loss: 8.0440 | CER: 0.333 | Throughput: 144.8 aud-s/s | LR: 8.07e-06
  [Ref ]: हरसाली पीक विम्याची रक्कम काऊन मियत नाई ?...
  [Pred]: रपाला ती बीयाके रतन का मिळत मई...

Step  18825/30000 | Phase: 4B (Dynamic MoE) | CTC Loss: 1.1608 | Aux Loss: 8.0188 | CER: 0.229 | Throughput: 376.4 aud-s/s | LR: 8.06e-06
  [Ref ]: शेतात ऊसाची मळी टाकल्यास त्याचा काय फायदा होतो , पीक चांगले येईल का ?...
  [Pred]: शेतात ऊुसाची मये ट आपल्यस ताका काय फायदा उोतो पीक चांगला येईल का ?...

Step  18850/30000 | Phase: 4B (Dynamic MoE) | CTC Loss: 1.3361 | Aux Loss: 8.1124 | CER: 0.499 | Throughput: 111.2 aud-s/s | LR: 8.06e-06
  [Ref ]: स्टॉकब्रोकरला बऱ्यापैकी सावधगिरी बाळगणे आवश्यक असते...
  [Pred]: स्टपकर्ला बरयपिकी सामन्की भरा आापी येक असत...

Step  18875/30000 | Phase: 4B (Dynamic MoE) | CTC Loss: 1.2660 | Aux Loss: 8.0178 | CER: 0.406 | Throughput: 452.2 aud-s/s | LR: 8.05e-06
  [Ref ]: डिजिटल वजन कसा करतत ?...
  [Pred]: डेजिच्यन ्राजन कसा करता ?...

Step  18900/30000 | Phase: 4B (Dynamic MoE) | CTC Loss: 1.3325 | Aux Loss: 8.0094 | CER: 0.433 | Throughput: 278.5 aud-s/s | LR: 8.05e-06
  [Ref ]: माझ्या एका मित्राला आवर्ती ठेव खात्याबद्दल सर्व माहिती ठाऊक आहे...
  [Pred]: मारेएकमीत्रलावरतीठील खाच्या बदे सरूक माहये काव आहे...

Step  18925/30000 | Phase: 4B (Dynamic MoE) | CTC Loss: 1.2516 | Aux Loss: 8.0104 | CER: 0.241 | Throughput: 350.8 aud-s/s | LR: 8.04e-06
  [Ref ]: विमाची रक्कम मोबाईलातसून भरुक मेळता काय ?...
  [Pred]: विमाची रक्काममो बायलास तसून भरुक मेळता का ?...

Step  18950/30000 | Phase: 4B (Dynamic MoE) | CTC Loss: 1.2590 | Aux Loss: 8.0303 | CER: 0.324 | Throughput: 136.8 aud-s/s | LR: 8.04e-06
  [Ref ]: मी फरवरी मईन्यात कितीक पैसा खर्च केला , हे मले कसे पायता येईल ?...
  [Pred]: मी फर्वरी मईन्यात किती पैसा खर्च केला हे मले कसे पायता येईन ?...

Step  18975/30000 | Phase: 4B (Dynamic MoE) | CTC Loss: 1.2756 | Aux Loss: 8.0566 | CER: 0.435 | Throughput: 466.3 aud-s/s | LR: 8.03e-06
  [Ref ]: रिचार्ज कसा करूचा ?...
  [Pred]: रीचर्ज कसा करुचा हा ?...

Step  19000/30000 | Phase: 4B (Dynamic MoE) | CTC Loss: 1.1872 | Aux Loss: 8.0167 | CER: 0.235 | Throughput: 162.1 aud-s/s | LR: 8.03e-06
  [Ref ]: सिबिल स्कोअर कमी असेल तर मला कर्ज मिळू शकेल का ?...
  [Pred]: ठेबिल सापा कमी असंतर मा कर्ज मिळू शकेल का ?...

  🌟 New Best Model! cer = 0.2345 (Saved to best_model.pt)
  [Checkpoint] Step 19000 saved to runs\no-splitformer-moe-only\checkpoints\stage2_moe
Step  19025/30000 | Phase: 4B (Dynamic MoE) | CTC Loss: 1.2735 | Aux Loss: 8.0393 | CER: 0.404 | Throughput: 167.0 aud-s/s | LR: 8.02e-06
  [Ref ]: इ कामर्सचे फायदे अस नुकसान का हाये...
  [Pred]: पकांमर््याचे पाकाचे असा कण काय हहे ?...

Step  19050/30000 | Phase: 4B (Dynamic MoE) | CTC Loss: 1.1808 | Aux Loss: 8.0461 | CER: 0.165 | Throughput: 132.5 aud-s/s | LR: 8.02e-06
  [Ref ]: मला माझ्या मजुरांच्या खात्यात ऑनलाइन पैसे जमा करता येतील का ?...
  [Pred]: मला माझ्या मजुरांच्या खात्यात ऑनलाईन पैसे जमा करता येतील का ?...

Step  19075/30000 | Phase: 4B (Dynamic MoE) | CTC Loss: 1.2260 | Aux Loss: 8.0392 | CER: 0.428 | Throughput: 410.0 aud-s/s | LR: 8.01e-06
  [Ref ]: केळीचे जाती खयचे खयचे आसत ?...
  [Pred]: ठेमी ा कसी ारता लाचा ?...

Step  19100/30000 | Phase: 4B (Dynamic MoE) | CTC Loss: 1.1338 | Aux Loss: 8.0236 | CER: 0.301 | Throughput: 191.2 aud-s/s | LR: 8.00e-06
  [Ref ]: सिंचन पद्धतीमुळे खरोखर फायदा होतो का ?...
  [Pred]: सिंचन बद्ततमाळ खरोकर फायदा होतो का ?...

Step  19125/30000 | Phase: 4B (Dynamic MoE) | CTC Loss: 1.2439 | Aux Loss: 8.0298 | CER: 0.294 | Throughput: 240.0 aud-s/s | LR: 8.00e-06
  [Ref ]: खरीप हंगामात आपण कोणती कोणती पीक घेऊ शकतो ?...
  [Pred]: खरीप हंगामात आपण कोणती कोणती पेवा घेऊ शकतो ?...

Step  19150/30000 | Phase: 4B (Dynamic MoE) | CTC Loss: 1.2861 | Aux Loss: 8.0564 | CER: 0.281 | Throughput:  82.9 aud-s/s | LR: 7.99e-06
  [Ref ]: आजच्या सारखा पैसा नसताना द्रव्य मुद्रेचा वापर केला जायचा...
  [Pred]: आप्या सारखा पैसा जसतना द्रेगब मुद्रीचा वापर कलाजाचा...

Step  19175/30000 | Phase: 4B (Dynamic MoE) | CTC Loss: 1.1299 | Aux Loss: 8.0421 | CER: 0.333 | Throughput: 454.4 aud-s/s | LR: 7.99e-06
  [Ref ]: वातावरण म्हणजे काय आसा ?...
  [Pred]: गुतोवण क्हणजे काय सता ?...

Step  19200/30000 | Phase: 4B (Dynamic MoE) | CTC Loss: 1.2430 | Aux Loss: 8.0410 | CER: 0.403 | Throughput:  67.4 aud-s/s | LR: 7.98e-06
  [Ref ]: पयलो म्या ब्रॉडबँडच्या मालकीच्या वेबसाइटवर जातयं...
  [Pred]: पैलोन्यादोवर बँक्या मारतीच्या रेचा करू का...

Step  19225/30000 | Phase: 4B (Dynamic MoE) | CTC Loss: 1.2751 | Aux Loss: 8.0162 | CER: 0.340 | Throughput:  68.1 aud-s/s | LR: 7.98e-06
  [Ref ]: एका एकर शेतीमध्ये किती टन ऊस उत्पादन होऊ शकतो ? त्याचे मोजमाप कसे कराव...
  [Pred]: एका एक शेती मधणे किती टँकवू स उत्पादन मोशकत्याचे क कसे करावे ?...

Step  19250/30000 | Phase: 4B (Dynamic MoE) | CTC Loss: 1.2890 | Aux Loss: 8.0187 | CER: 0.265 | Throughput:  68.6 aud-s/s | LR: 7.97e-06
  [Ref ]: यंत्राद्वारे कोणकोणत्या पिकांची कापणी , तोडणी , मळणी करु शकतो , असे यं...
  [Pred]: ाद्वारे कोणकोणत्या पिकांची कापणी तोणे माणी करू सकतसवत्र कोणते ?...

Step  19275/30000 | Phase: 4B (Dynamic MoE) | CTC Loss: 1.1540 | Aux Loss: 8.0381 | CER: 0.312 | Throughput: 353.1 aud-s/s | LR: 7.97e-06
  [Ref ]: योजना म्हटल्या काय ?...
  [Pred]: योजनम्हल्याकाय ?...

Step  19300/30000 | Phase: 4B (Dynamic MoE) | CTC Loss: 1.1415 | Aux Loss: 8.0088 | CER: 0.283 | Throughput: 299.2 aud-s/s | LR: 7.96e-06
  [Ref ]: नयराचं पानी कोनच्या पद्धतीनं ओलाव ?...
  [Pred]: मराचं पानी कोनच्या पद्धतीनोव लाव ?...

Step  19325/30000 | Phase: 4B (Dynamic MoE) | CTC Loss: 1.1351 | Aux Loss: 8.0351 | CER: 0.245 | Throughput: 284.7 aud-s/s | LR: 7.96e-06
  [Ref ]: नीरज , माहित आहे का एरोपोनिक्स मुळे ऑक्सिजन थेट मुळांवर वापरला जातो...
  [Pred]: यज माहि् ेचे काय र कोणस मूळ ऑप्सीजिन केट मळाद्वर वापरला जातो...

Step  19350/30000 | Phase: 4B (Dynamic MoE) | CTC Loss: 1.1703 | Aux Loss: 8.0482 | CER: 0.299 | Throughput: 134.1 aud-s/s | LR: 7.95e-06
  [Ref ]: यू.पी.आय न पैसे पाठवले , ते माया खात्यात जमा होईन का ?...
  [Pred]: यू.पी.आय न पैैसे पाठले ते माया खात्यत जमा होईन का ?...

Step  19375/30000 | Phase: 4B (Dynamic MoE) | CTC Loss: 1.1387 | Aux Loss: 8.0645 | CER: 0.175 | Throughput: 443.2 aud-s/s | LR: 7.94e-06
  [Ref ]: के.वाय.सी म्हणजे काय ?...
  [Pred]: के.वाय.सी म्हजे काय ?...

Step  19400/30000 | Phase: 4B (Dynamic MoE) | CTC Loss: 1.1649 | Aux Loss: 8.0555 | CER: 0.297 | Throughput: 173.3 aud-s/s | LR: 7.94e-06
  [Ref ]: अकाई बोरा ही लहान गडद जांभळी फळा आसतत...
  [Pred]: कायबोराची लहान गड चांबळी फळा असतत...

Step  19425/30000 | Phase: 4B (Dynamic MoE) | CTC Loss: 1.1684 | Aux Loss: 8.0238 | CER: 0.351 | Throughput: 309.0 aud-s/s | LR: 7.93e-06
  [Ref ]: मीया मक्याच्या रोपाच्या वेळी कशी काळजी घेव ?...
  [Pred]: मिया मात्याच्या रकच्या मलनी कशे कायजी  ?...

Step  19450/30000 | Phase: 4B (Dynamic MoE) | CTC Loss: 1.1558 | Aux Loss: 8.0063 | CER: 0.248 | Throughput:  63.7 aud-s/s | LR: 7.93e-06
  [Ref ]: बाजरी वल्या जागेत साठवली तर काय होताला ?...
  [Pred]: बागारीवलल्या जागीत साठवलेली तर काय हत ?...

Step  19475/30000 | Phase: 4B (Dynamic MoE) | CTC Loss: 1.1788 | Aux Loss: 8.0764 | CER: 0.378 | Throughput:  92.5 aud-s/s | LR: 7.92e-06
  [Ref ]: तुरीच्या पिकाले किती बार येते ?...
  [Pred]: तुर्या किकाे की ारके ?...

Step  19500/30000 | Phase: 4B (Dynamic MoE) | CTC Loss: 1.1709 | Aux Loss: 8.0382 | CER: 0.358 | Throughput: 153.0 aud-s/s | LR: 7.92e-06
  [Ref ]: कन्व्हेयर बेल्ट रोलरच्या सहाय्याने चालवला जातो...
  [Pred]: मवीअर बंटरोड य सांहयानेचा लवला जातो...

Step  19525/30000 | Phase: 4B (Dynamic MoE) | CTC Loss: 1.3120 | Aux Loss: 8.0402 | CER: 0.374 | Throughput: 281.3 aud-s/s | LR: 7.91e-06
  [Ref ]: शॉर्ट पोझिशन मिळवण्याचे अनेक मार्ग आहेत...
  [Pred]: सोट मचीशन मळावण्याचे अनेक मोतक आहेत...

Step  19550/30000 | Phase: 4B (Dynamic MoE) | CTC Loss: 1.3151 | Aux Loss: 8.0405 | CER: 0.404 | Throughput: 109.9 aud-s/s | LR: 7.91e-06
  [Ref ]: मोबाईलातसून आमी मार्केटिंग करूक शकतू काय ?...
  [Pred]: मबालासू आपीक मर्केटीक कर शेकतो का ?...

Step  19575/30000 | Phase: 4B (Dynamic MoE) | CTC Loss: 1.2376 | Aux Loss: 8.0498 | CER: 0.196 | Throughput: 257.2 aud-s/s | LR: 7.90e-06
  [Ref ]: विमा म्हणजे नेमक्या काय आसा ?...
  [Pred]: विवा म्हजे म्ंट्े काय असा ?...

Step  19600/30000 | Phase: 4B (Dynamic MoE) | CTC Loss: 1.2428 | Aux Loss: 8.0396 | CER: 0.325 | Throughput: 273.1 aud-s/s | LR: 7.89e-06
  [Ref ]: सामाजिक मदत मिळवण्यास माझी पात्रता आहे का ?...
  [Pred]: ेधित मदत निळ्यारवडण्यास म या त्रत आहे का ?...

Step  19625/30000 | Phase: 4B (Dynamic MoE) | CTC Loss: 1.1965 | Aux Loss: 8.0390 | CER: 0.315 | Throughput: 298.9 aud-s/s | LR: 7.89e-06
  [Ref ]: खासगी बॅन्कांवर खासगी लोकांची सत्ता असता...
  [Pred]: खफ् संकानवर खहीलेपाच सप्ता असतो...

Step  19650/30000 | Phase: 4B (Dynamic MoE) | CTC Loss: 1.1303 | Aux Loss: 8.0296 | CER: 0.300 | Throughput:  74.5 aud-s/s | LR: 7.88e-06
  [Ref ]: कर्जा मेळाक साठी पुरावो म्हणून माका खयचो कागदपत्र दाखवुची लागतली ?...
  [Pred]: कर्जा मिळाकसाठी कुरव म्हून भाका खयचे कागदपत्रे जाखरची लागतेली ?...

Step  19675/30000 | Phase: 4B (Dynamic MoE) | CTC Loss: 1.1649 | Aux Loss: 8.0276 | CER: 0.279 | Throughput: 261.1 aud-s/s | LR: 7.88e-06
  [Ref ]: चिकण मातीत खयली शेती बरी होता ?...
  [Pred]: चीकनमतीत केली शेती मिळका ?...

Step  19700/30000 | Phase: 4B (Dynamic MoE) | CTC Loss: 1.2512 | Aux Loss: 8.0132 | CER: 0.419 | Throughput: 166.2 aud-s/s | LR: 7.87e-06
  [Ref ]: मले कर्जाचा खात क्रमांक कळन का ?...
  [Pred]: मजे कर्जाजात खात विमांके कमणत ?...

Step  19725/30000 | Phase: 4B (Dynamic MoE) | CTC Loss: 1.1209 | Aux Loss: 8.0453 | CER: 0.224 | Throughput: 251.8 aud-s/s | LR: 7.87e-06
  [Ref ]: त्याच्या लागवडीसाठी अधिक पाणी शोषून घेणारी माती लागते...
  [Pred]: ्यांच्या लागवडीसाठी मधीकवेशोतून घेणारी माकी लागते...

Step  19750/30000 | Phase: 4B (Dynamic MoE) | CTC Loss: 1.1705 | Aux Loss: 8.0307 | CER: 0.258 | Throughput: 128.6 aud-s/s | LR: 7.86e-06
  [Ref ]: तागाची लागवड उष्ण व सौम्य हवामानात केली जाता असा सुधीर सांगा होतो...
  [Pred]: तागाची नागते उष्णव संन हवामालत केली जात असा सुधे सांगदा होतो...

Step  19775/30000 | Phase: 4B (Dynamic MoE) | CTC Loss: 1.2555 | Aux Loss: 8.0545 | CER: 0.239 | Throughput: 458.2 aud-s/s | LR: 7.86e-06
  [Ref ]: कर्जाचा व्याज कीती असता ?...
  [Pred]: कर्जाचा ्यज किती आसा ?...

Step  19800/30000 | Phase: 4B (Dynamic MoE) | CTC Loss: 1.1348 | Aux Loss: 8.0369 | CER: 0.255 | Throughput: 165.9 aud-s/s | LR: 7.85e-06
  [Ref ]: कास्तकाराइच्या मालाची किंमत यकसारखी काऊन राहत नाई ?...
  [Pred]: कास्तकराच्या मलाची कावात यपसर के काऊनड रहत नाही...

Step  19825/30000 | Phase: 4B (Dynamic MoE) | CTC Loss: 1.1243 | Aux Loss: 8.0635 | CER: 0.212 | Throughput:  58.1 aud-s/s | LR: 7.85e-06
  [Ref ]: कोंबडीच्या वजन वाढीसाठी कोणते पशुखाद्य चांगले ?...
  [Pred]: कोबडीच्ा बजन वाढी्ाठी कोणते कशीखर्य चांगले ?...

Step  19850/30000 | Phase: 4B (Dynamic MoE) | CTC Loss: 1.2077 | Aux Loss: 8.0502 | CER: 0.364 | Throughput: 101.2 aud-s/s | LR: 7.84e-06
  [Ref ]: राहुलने एकपीक शेती मुळे जमिनीच्या होणार्या नुकसानी बद्दल सांगितले...
  [Pred]: रानेएपीक शेतीमुळळी जमिीच्या ख पणुक्षानद द चाआहेते...

Step  19875/30000 | Phase: 4B (Dynamic MoE) | CTC Loss: 1.1244 | Aux Loss: 8.0091 | CER: 0.332 | Throughput: 201.4 aud-s/s | LR: 7.83e-06
  [Ref ]: यू.पी.आय वरसून पैसे कसे पाठवचे ?...
  [Pred]: वदपीयर वयशानी के कसे पाठवचे ?...

Step  19900/30000 | Phase: 4B (Dynamic MoE) | CTC Loss: 1.1965 | Aux Loss: 8.0216 | CER: 0.444 | Throughput: 286.0 aud-s/s | LR: 7.83e-06
  [Ref ]: पीक संरक्षण यंत्रणेसाठी कर्ज मिळते का ?...
  [Pred]: रनियंत्रणीसाठी कर्ज मिळेत का ?...

Step  19925/30000 | Phase: 4B (Dynamic MoE) | CTC Loss: 1.1667 | Aux Loss: 8.0296 | CER: 0.174 | Throughput: 339.8 aud-s/s | LR: 7.82e-06
  [Ref ]: शेतीत आज महिलांचा योगदान पासट ता सत्तर टक्के आसा...
  [Pred]: शेतीत काच महिनांचा योगधानपासटता सतकरप्क्र आसा...

Step  19950/30000 | Phase: 4B (Dynamic MoE) | CTC Loss: 1.1543 | Aux Loss: 8.0243 | CER: 0.313 | Throughput: 109.4 aud-s/s | LR: 7.82e-06
  [Ref ]: मला शेतीसाठी ट्रॅक्टर घ्यायचा आहे , मी कोणत्या योजने अंतर्गत व कोणत्या...
  [Pred]: मला शेती सेरे टरक्र क्या आहे मनी कोणतये योजने आंतर ग ह कोणत्या ाण्ायाच...

Step  19975/30000 | Phase: 4B (Dynamic MoE) | CTC Loss: 1.2725 | Aux Loss: 8.0248 | CER: 0.552 | Throughput: 250.3 aud-s/s | LR: 7.81e-06
  [Ref ]: कर्जाची मर्यादा काय असता ?...
  [Pred]: कर्जची ा्येडे काता  ?...

Step  20000/30000 | Phase: 4B (Dynamic MoE) | CTC Loss: 1.2057 | Aux Loss: 8.0177 | CER: 0.341 | Throughput: 175.7 aud-s/s | LR: 7.81e-06
  [Ref ]: बचत खाता मा पैसा ठेवामुडे त्यानावर व्याज चांगलं भेटस...
  [Pred]: बचत खाता मो पाईसा ठेवा कोण त्यानकरव्या चांगलं भेट...

  [Checkpoint] Step 20000 saved to runs\no-splitformer-moe-only\checkpoints\stage2_moe
Step  20025/30000 | Phase: 4B (Dynamic MoE) | CTC Loss: 1.1478 | Aux Loss: 8.0166 | CER: 0.319 | Throughput: 343.1 aud-s/s | LR: 7.80e-06
  [Ref ]: कोणत्याही योजनेक काय काय कागदपत्र लागतत ?...
  [Pred]: कणतयारा हे योजने काय काय कागदतात्र लगत ?...

Step  20050/30000 | Phase: 4B (Dynamic MoE) | CTC Loss: 1.2068 | Aux Loss: 8.0190 | CER: 0.227 | Throughput: 130.7 aud-s/s | LR: 7.79e-06
  [Ref ]: हिरवळीच्या खताची झाडे शेतात नांगरून जमिनीत मिसळली जातात , जी शेतात खत ...
  [Pred]: प्रवळीच्या खात्याती  शेतात नांगरी जमिनित नुसळे जाकरजीशेत त्कप मेणटकाम ...

Step  20075/30000 | Phase: 4B (Dynamic MoE) | CTC Loss: 1.3873 | Aux Loss: 8.0383 | CER: 0.503 | Throughput: 470.3 aud-s/s | LR: 7.79e-06
  [Ref ]: गुंतवणूक म्हटल्या काय ?...
  [Pred]: गुक कणून म्हटलेय क्य ?...

Step  20100/30000 | Phase: 4B (Dynamic MoE) | CTC Loss: 1.1233 | Aux Loss: 8.0126 | CER: 0.272 | Throughput: 142.9 aud-s/s | LR: 7.78e-06
  [Ref ]: फळांमध्ये पडणाऱ्या सामान्य रोगांचे वर्णन करा...
  [Pred]: वायामरीक पण्नार या सामान्यि ोवष वर्ण्न काा...

Step  20125/30000 | Phase: 4B (Dynamic MoE) | CTC Loss: 1.1918 | Aux Loss: 8.0420 | CER: 0.363 | Throughput: 144.5 aud-s/s | LR: 7.78e-06
  [Ref ]: मी डिजिटल मनीच्या माध्यमातून दहा लाख रुपये गुनगुनला उधार दिले...
  [Pred]: मेटीजीटरल महणीच्या माचीाती धाला क्रकायेगून दून लावद कले...

Step  20150/30000 | Phase: 4B (Dynamic MoE) | CTC Loss: 1.0884 | Aux Loss: 8.0567 | CER: 0.240 | Throughput: 107.6 aud-s/s | LR: 7.77e-06
  [Ref ]: एन.बी.एफ.सी ना जास्तीच्या सुविधा देण्यासाठी उपयुक्त ठरेल का ?...
  [Pred]: पिन.डएफ.सीना जास्टीच्या सुलिता देण्यासाठी उपयोगत ठेरेल का ?...

Step  20175/30000 | Phase: 4B (Dynamic MoE) | CTC Loss: 1.0978 | Aux Loss: 8.0415 | CER: 0.265 | Throughput: 419.4 aud-s/s | LR: 7.77e-06
  [Ref ]: विमा धन काय असता ?...
  [Pred]: विमा धन काय असता ?...

Step  20200/30000 | Phase: 4B (Dynamic MoE) | CTC Loss: 1.2677 | Aux Loss: 8.0123 | CER: 0.360 | Throughput: 122.2 aud-s/s | LR: 7.76e-06
  [Ref ]: ऊसाची शेती करूक कसली उपकरणा वापरतत ?...
  [Pred]: ऊसादा शोती गड कसा उपापरना वापरे ?...

Step  20225/30000 | Phase: 4B (Dynamic MoE) | CTC Loss: 1.2065 | Aux Loss: 8.0197 | CER: 0.403 | Throughput: 357.8 aud-s/s | LR: 7.76e-06
  [Ref ]: खाता व्यवस्थापित करूचा म्हणजे नक्की काय करूचा ?...
  [Pred]: खाता व्यवस्थरते कररचा आम्हणयेन की काय करुचा ?...

Step  20250/30000 | Phase: 4B (Dynamic MoE) | CTC Loss: 1.1079 | Aux Loss: 8.1358 | CER: 0.139 | Throughput:  73.9 aud-s/s | LR: 7.75e-06
  [Ref ]: झाड लायल्या ओप्रात त्याच्या वाढीसाठी कसले घटक गरजेचे असत ?...
  [Pred]: लाड लायल्या वकरात त्याच्या वाढीसाठी कसले घटक गरकीचे असत ?...

Step  20275/30000 | Phase: 4B (Dynamic MoE) | CTC Loss: 1.1013 | Aux Loss: 8.0179 | CER: 0.275 | Throughput: 246.2 aud-s/s | LR: 7.74e-06
  [Ref ]: यू.पी.आय कसा वापरूचा ?...
  [Pred]: वू.पआय कसा उापरूचा ?...

Step  20300/30000 | Phase: 4B (Dynamic MoE) | CTC Loss: 1.3077 | Aux Loss: 8.0788 | CER: 0.406 | Throughput: 184.4 aud-s/s | LR: 7.74e-06
  [Ref ]: यु.पी.आय चे फायदे काय ?...
  [Pred]: यू.पी.आय चे किते वाढत हे ?...

Step  20325/30000 | Phase: 4B (Dynamic MoE) | CTC Loss: 1.1663 | Aux Loss: 8.0181 | CER: 0.228 | Throughput:  73.7 aud-s/s | LR: 7.73e-06
  [Ref ]: कर्जे कर्जदारांना आणि सरकारला सावकार म्हणून लाभ देतात...
  [Pred]: कर्जीटेर्जकारणंन आणि सरतारल्ा सावकार म्नी मादि कात...

Step  20350/30000 | Phase: 4B (Dynamic MoE) | CTC Loss: 1.2211 | Aux Loss: 8.0444 | CER: 0.235 | Throughput:  86.7 aud-s/s | LR: 7.73e-06
  [Ref ]: आंतरराष्ट्रिय कर पद्धती पेक्षा दुप्पट करपद्धतीची समस्या निर्माण होता...
  [Pred]: आंतरष्ट्टीय कर पद्धती पेशा दुक्पत कर्पद्धतीची समस्ा विर माळहता...

Step  20375/30000 | Phase: 4B (Dynamic MoE) | CTC Loss: 1.2039 | Aux Loss: 8.0308 | CER: 0.340 | Throughput: 466.1 aud-s/s | LR: 7.72e-06
  [Ref ]: कोनची फवारणी कराव ?...
  [Pred]: कोनची फाळ कासा ?...

Step  20400/30000 | Phase: 4B (Dynamic MoE) | CTC Loss: 1.2727 | Aux Loss: 8.0233 | CER: 0.319 | Throughput: 181.0 aud-s/s | LR: 7.72e-06
  [Ref ]: बटाट्यासाठी कोणती माती योग्य आहे ?...
  [Pred]: काठ्यासाठी कोणती बती योग्य आहे ?...

Step  20425/30000 | Phase: 4B (Dynamic MoE) | CTC Loss: 1.2357 | Aux Loss: 8.0152 | CER: 0.258 | Throughput: 343.5 aud-s/s | LR: 7.71e-06
  [Ref ]: अन्नद्रव्यांची समस्या दूर करण्यास निफा मदत करते...
  [Pred]: नदाव्यांची संमस्या दूर करण्यास नी फामुदत करते...

Step  20450/30000 | Phase: 4B (Dynamic MoE) | CTC Loss: 1.0859 | Aux Loss: 8.0344 | CER: 0.232 | Throughput:  68.8 aud-s/s | LR: 7.70e-06
  [Ref ]: माया खात्यात कितीक बाकी हाय , हे मले मेसेजन पायता येईन का ?...
  [Pred]: माया खात्यात कितीक बाकी हायक , तेमले मेलेजिन पायता येईन का ?...

Step  20475/30000 | Phase: 4B (Dynamic MoE) | CTC Loss: 1.1660 | Aux Loss: 8.0130 | CER: 0.295 | Throughput:  51.5 aud-s/s | LR: 7.70e-06
  [Ref ]: सूत्रकृमीनाशक सस्पेंशनचा काय उपयोग आहे ?...
  [Pred]: आरा क्से कतेती कोच ?...

Step  20500/30000 | Phase: 4B (Dynamic MoE) | CTC Loss: 1.1703 | Aux Loss: 8.0173 | CER: 0.274 | Throughput: 184.3 aud-s/s | LR: 7.69e-06
  [Ref ]: मला माझ्या खात्यामध्ये किती पैसे आहेत ते सांगू शकता का ?...
  [Pred]: मला माझ्या खात्ताना किंती पैसे आहे ते सांगू शकता का ?...

Step  20525/30000 | Phase: 4B (Dynamic MoE) | CTC Loss: 1.2151 | Aux Loss: 8.0074 | CER: 0.289 | Throughput: 256.1 aud-s/s | LR: 7.69e-06
  [Ref ]: आर्थिक अर्थशास्त्राचा अभ्यास आपणच करत आहात का ?...
  [Pred]: रृथी क्जसस्त्राचा आभभ्स ापणस करता हात ...

Step  20550/30000 | Phase: 4B (Dynamic MoE) | CTC Loss: 1.1597 | Aux Loss: 8.0552 | CER: 0.189 | Throughput: 101.2 aud-s/s | LR: 7.68e-06
  [Ref ]: कृषी बाजारांमध्ये इंद्रायणीचे कोणते बियाणे चांगले असते ?...
  [Pred]: कृषी बाजारामध्ये इंग्रायणीचे कोणते बियाचे तांगले असते ?...

Step  20575/30000 | Phase: 4B (Dynamic MoE) | CTC Loss: 1.2042 | Aux Loss: 8.0592 | CER: 0.321 | Throughput: 429.4 aud-s/s | LR: 7.68e-06
  [Ref ]: वजनाचे किती प्रकार आसत ?...
  [Pred]: क्ज बे क् कार आतत ?...

Step  20600/30000 | Phase: 4B (Dynamic MoE) | CTC Loss: 1.1767 | Aux Loss: 8.0205 | CER: 0.194 | Throughput:  99.1 aud-s/s | LR: 7.67e-06
  [Ref ]: अन्नासाठी पाळलेल्या मेंढ्यांची कतरणी केली जाते...
  [Pred]: अं्ासाठी पाले ल्या मेंढ्यांची पकरणी किली जाते...

Step  20625/30000 | Phase: 4B (Dynamic MoE) | CTC Loss: 1.2443 | Aux Loss: 8.0330 | CER: 0.291 | Throughput:  46.9 aud-s/s | LR: 7.66e-06
  [Ref ]: पिकाच्या वाढीले राईझोबीआमचे महत्व काय रायते ?...
  [Pred]: एकच्या वाढीले रा छोटी आमची मत्त कायला यते...

Step  20650/30000 | Phase: 4B (Dynamic MoE) | CTC Loss: 1.1193 | Aux Loss: 8.0299 | CER: 0.295 | Throughput: 133.7 aud-s/s | LR: 7.66e-06
  [Ref ]: ऑनलाइन व्यवहारासाठी डेबिट किंवा क्रेडिट कार्ड निष्क्रिय केले जाऊ शकतात...
  [Pred]: ऑलाइन लमारासाठी बभट केमा क्रेडिट कार्ड निस्क्रे केर हेू शकतात...

Step  20675/30000 | Phase: 4B (Dynamic MoE) | CTC Loss: 1.2596 | Aux Loss: 8.0304 | CER: 0.289 | Throughput: 182.1 aud-s/s | LR: 7.65e-06
  [Ref ]: रेशीमकिडा...
  [Pred]: रेषणकेा...

Step  20700/30000 | Phase: 4B (Dynamic MoE) | CTC Loss: 1.2303 | Aux Loss: 8.0015 | CER: 0.280 | Throughput: 172.8 aud-s/s | LR: 7.65e-06
  [Ref ]: कोल्ड स्टोरेज करूचा असला तर कसा करायचा ?...
  [Pred]: कोस्सोरेशकरूचे असला तर कसा करायचा ?...

Step  20725/30000 | Phase: 4B (Dynamic MoE) | CTC Loss: 1.2550 | Aux Loss: 8.0497 | CER: 0.401 | Throughput: 314.6 aud-s/s | LR: 7.64e-06
  [Ref ]: येताना कोरल चमेलीची फुले पूजेसाठी घेऊन ये...
  [Pred]:  एताला कोडलच्मेलीचमले पुज साठी क मिे ?...

Step  20750/30000 | Phase: 4B (Dynamic MoE) | CTC Loss: 1.1531 | Aux Loss: 8.0119 | CER: 0.311 | Throughput: 105.9 aud-s/s | LR: 7.64e-06
  [Ref ]: आम्लीकरण घटक हे एक अजैविक रसायन आहे जे इंजेक्शनद्वारे मानवी शरीरात टाक...
  [Pred]: आम्हीकरंबटचे अजया विक्रासाठी आहे जीजक्संवारे मान विशरी वा टाकले जाते...

Step  20775/30000 | Phase: 4B (Dynamic MoE) | CTC Loss: 1.2702 | Aux Loss: 8.1078 | CER: 0.431 | Throughput: 424.8 aud-s/s | LR: 7.63e-06
  [Ref ]: मातीचे प्रकार किती आसत ?...
  [Pred]: माीचा प्रकार किती आसता ?...

Step  20800/30000 | Phase: 4B (Dynamic MoE) | CTC Loss: 1.0856 | Aux Loss: 8.0294 | CER: 0.331 | Throughput: 181.9 aud-s/s | LR: 7.62e-06
  [Ref ]: मी मंडईतील कांदा प्रति क्विंटल किती दराने विकू ?...
  [Pred]: मी म्ायची कलापती फुं्तरल किती कराणे भिको ?...

Step  20825/30000 | Phase: 4B (Dynamic MoE) | CTC Loss: 1.2322 | Aux Loss: 8.0552 | CER: 0.253 | Throughput: 277.7 aud-s/s | LR: 7.62e-06
  [Ref ]: शैक्षणिक कर्जासाठी ऑनलाईन अर्ज कसा करता येईल ?...
  [Pred]: शेक्षणि कर्जसाठी ऑनलाईन भर्ज कसा करता येईल ?...

Step  20850/30000 | Phase: 4B (Dynamic MoE) | CTC Loss: 1.2514 | Aux Loss: 8.0087 | CER: 0.233 | Throughput: 102.1 aud-s/s | LR: 7.61e-06
  [Ref ]: एरोपोनिक्स पद्धतीच्या वापरामुळे श्रम आणि खर्च दोन्ही कमी होतात...
  [Pred]: एरुफॉनिक स पद्धतीच्या वापरामणाे त्राम आणे ख्चात जोने कमीन होता...

Step  20875/30000 | Phase: 4B (Dynamic MoE) | CTC Loss: 1.1972 | Aux Loss: 8.0496 | CER: 0.286 | Throughput: 360.6 aud-s/s | LR: 7.61e-06
  [Ref ]: म्या...
  [Pred]: मा...

Step  20900/30000 | Phase: 4B (Dynamic MoE) | CTC Loss: 1.2386 | Aux Loss: 8.0553 | CER: 0.452 | Throughput: 250.6 aud-s/s | LR: 7.60e-06
  [Ref ]: मोठे उद्योगपती आपला आयकर लवकर जमा करत नाहीत...
  [Pred]: क.ती आपला एकका चे वा करत ह ?...

Step  20925/30000 | Phase: 4B (Dynamic MoE) | CTC Loss: 1.2296 | Aux Loss: 8.0861 | CER: 0.540 | Throughput: 275.9 aud-s/s | LR: 7.60e-06
  [Ref ]: चलनवाढनामुये पैसासनं सामायिक मूल्य कमी व्हस...
  [Pred]: रम हामन आा पजरा सरला मल कमी ह्हस...

Step  20950/30000 | Phase: 4B (Dynamic MoE) | CTC Loss: 1.2384 | Aux Loss: 8.0273 | CER: 0.312 | Throughput:  85.9 aud-s/s | LR: 7.59e-06
  [Ref ]: दोन एकर जमिनीसाठी एन.पी.के चे प्रमाण किती असावे ?...
  [Pred]: दोन एको जमनीसाठी एन.पी के चे प्रमाण किती असावे ?...

Step  20975/30000 | Phase: 4B (Dynamic MoE) | CTC Loss: 1.1704 | Aux Loss: 8.0709 | CER: 0.548 | Throughput: 416.7 aud-s/s | LR: 7.58e-06
  [Ref ]: चाफा...
  [Pred]: माक...

Step  21000/30000 | Phase: 4B (Dynamic MoE) | CTC Loss: 1.1791 | Aux Loss: 8.0195 | CER: 0.150 | Throughput:  44.3 aud-s/s | LR: 7.58e-06
  [Ref ]: जनावरांका संतुलित आहार कसो पुरवायचो ?...
  [Pred]: जनावारांकासंतूली आार कसू पुरवायचो...

  🌟 New Best Model! cer = 0.1502 (Saved to best_model.pt)
  [Checkpoint] Step 21000 saved to runs\no-splitformer-moe-only\checkpoints\stage2_moe
Step  21025/30000 | Phase: 4B (Dynamic MoE) | CTC Loss: 1.2571 | Aux Loss: 8.0701 | CER: 0.442 | Throughput: 342.1 aud-s/s | LR: 7.57e-06
  [Ref ]: आपल्या व्यवसायात देवाणघेवाण करण्याचे माध्यम काय असेल ?...
  [Pred]: आपल्या व्यवसाया दोमाननवड करण्याचा  काय सोन ?...

Step  21050/30000 | Phase: 4B (Dynamic MoE) | CTC Loss: 1.2249 | Aux Loss: 8.0207 | CER: 0.309 | Throughput: 140.8 aud-s/s | LR: 7.57e-06
  [Ref ]: व्यावसायिक बँका विविध प्रकारची कर्जा आणि अग्रिम प्रदान करतत...
  [Pred]: व्यवसायक बँका देवेन प्रकारची कर्जा आणि कक्रीम प्रकन करतत...

Step  21075/30000 | Phase: 4B (Dynamic MoE) | CTC Loss: 1.1751 | Aux Loss: 8.0403 | CER: 0.360 | Throughput: 120.6 aud-s/s | LR: 7.56e-06
  [Ref ]: कर्ज कितक्या दिवसात मेळता ?...
  [Pred]: अर्ज कितक्ेा दिवसा काेल का ?...

Step  21100/30000 | Phase: 4B (Dynamic MoE) | CTC Loss: 1.3142 | Aux Loss: 8.0210 | CER: 0.363 | Throughput:  38.8 aud-s/s | LR: 7.55e-06
  [Ref ]: सामाजिक उद्योजकतेच्या लोकप्रियतेमागे अनेक कारणा आसत...
  [Pred]: समाचजिक योद्ये शाठी का वो पूर्यत्त या जे ानात काळणा आसत...

Step  21125/30000 | Phase: 4B (Dynamic MoE) | CTC Loss: 1.1481 | Aux Loss: 8.0375 | CER: 0.336 | Throughput: 192.1 aud-s/s | LR: 7.55e-06
  [Ref ]: मी जर रोज पासबूक अपडेट केले तर मला पैसे भरावे लागतील का ?...
  [Pred]: मीदर होस पाला कप बित केले त्रमला पैसे भराव अागतेल का ?...

Step  21150/30000 | Phase: 4B (Dynamic MoE) | CTC Loss: 1.1641 | Aux Loss: 8.0105 | CER: 0.276 | Throughput: 115.5 aud-s/s | LR: 7.54e-06
  [Ref ]: तत्त्वज्ञान , धोरणे आणि पद्धतींनी या उद्दिष्टांमध्ये योगदान दिले आहे...
  [Pred]: रत्कटनान धोडणे अणि पद्धतीनीने ह्या उगिस्टानमध्ये योगदान दिले आहे...

Step  21175/30000 | Phase: 4B (Dynamic MoE) | CTC Loss: 1.3336 | Aux Loss: 8.0470 | CER: 0.360 | Throughput: 393.0 aud-s/s | LR: 7.54e-06
  [Ref ]: ऑनलाइन रिचार्ज कसा करूचा ?...
  [Pred]: मला िशा्कासा करूचा का  ?...

Step  21200/30000 | Phase: 4B (Dynamic MoE) | CTC Loss: 1.2402 | Aux Loss: 8.0435 | CER: 0.220 | Throughput: 142.5 aud-s/s | LR: 7.53e-06
  [Ref ]: पराटीची किंमत वाढन का ?...
  [Pred]: पराटीची किंम वाढन का ?...

Step  21225/30000 | Phase: 4B (Dynamic MoE) | CTC Loss: 1.2168 | Aux Loss: 8.0341 | CER: 0.261 | Throughput: 344.4 aud-s/s | LR: 7.53e-06
  [Ref ]: शिक्षणाचो कर्ज घेणारो माणूस भारताचो नागरिक असूक हवो काय ?...
  [Pred]: शिक्षणाचो कर्जचाच मानस कारताचा नागरि असो होतो काय ?...

Step  21250/30000 | Phase: 4B (Dynamic MoE) | CTC Loss: 1.1442 | Aux Loss: 8.0346 | CER: 0.190 | Throughput: 124.9 aud-s/s | LR: 7.52e-06
  [Ref ]: अस्वल अळीचा बंदोबस्त करायले काय करावे लागन ?...
  [Pred]: रासवर पैीचा बंदबस्त करायले काय करावे लागन ?...

Step  21275/30000 | Phase: 4B (Dynamic MoE) | CTC Loss: 1.1116 | Aux Loss: 8.0463 | CER: 0.237 | Throughput: 291.5 aud-s/s | LR: 7.51e-06
  [Ref ]: सूक्ष्म वित्त म्हणजे काय ?...
  [Pred]: सिस्ा यित म्हणजये काय ?...

Step  21300/30000 | Phase: 4B (Dynamic MoE) | CTC Loss: 1.1495 | Aux Loss: 8.0075 | CER: 0.203 | Throughput: 141.6 aud-s/s | LR: 7.51e-06
  [Ref ]: महिन्याला किती मुद्दल फेडावी लागेल ?...
  [Pred]: महिन्याला किती उदद केडावीन लागेल ?...

Step  21325/30000 | Phase: 4B (Dynamic MoE) | CTC Loss: 1.2550 | Aux Loss: 8.0305 | CER: 0.343 | Throughput: 162.4 aud-s/s | LR: 7.50e-06
  [Ref ]: फारम भरताना मायी सयी अस फोटो लागन का ?...
  [Pred]: वारम भरतांना वायेचाही असो करा लागन का ?...

Step  21350/30000 | Phase: 4B (Dynamic MoE) | CTC Loss: 1.1083 | Aux Loss: 8.0371 | CER: 0.227 | Throughput: 107.0 aud-s/s | LR: 7.50e-06
  [Ref ]: अनामिका शहरात रवान पण शहरी भाज्यांची शेती करता...
  [Pred]: पना मिका शहरात्रवाण पणड शवरी बाजाची शेती करता...

Step  21375/30000 | Phase: 4B (Dynamic MoE) | CTC Loss: 1.2438 | Aux Loss: 8.1069 | CER: 0.435 | Throughput: 249.9 aud-s/s | LR: 7.49e-06
  [Ref ]: आपल्या खात्यातले पैसे कशे चेक करुचे ?...
  [Pred]: आापल्या खात्यतल पैसे क ्ेा करुचे ?...

Step  21400/30000 | Phase: 4B (Dynamic MoE) | CTC Loss: 1.3379 | Aux Loss: 8.0373 | CER: 0.404 | Throughput: 162.7 aud-s/s | LR: 7.48e-06
  [Ref ]: धुवारापाई पिकावर का परीनाम होते ?...
  [Pred]: ाया पाईी पिकावर का करीला जातले ?...

Step  21425/30000 | Phase: 4B (Dynamic MoE) | CTC Loss: 1.1380 | Aux Loss: 8.0190 | CER: 0.410 | Throughput: 383.3 aud-s/s | LR: 7.48e-06
  [Ref ]: पट्टीदार नांगरणी कशी करायची हे आपल्याला माहीत आहे का ?...
  [Pred]: अट्टिदर लांगरनी करयेले आपल्याला माहित आहे का ?...

Step  21450/30000 | Phase: 4B (Dynamic MoE) | CTC Loss: 1.1438 | Aux Loss: 8.0063 | CER: 0.258 | Throughput: 108.0 aud-s/s | LR: 7.47e-06
  [Ref ]: मी येक मानूस मेंढया चाराले ठेवा...
  [Pred]: मी एकमालूस कोंद्या कारावेठा ?...

Step  21475/30000 | Phase: 4B (Dynamic MoE) | CTC Loss: 1.1872 | Aux Loss: 8.0387 | CER: 0.383 | Throughput: 408.1 aud-s/s | LR: 7.47e-06
  [Ref ]: के.वाय.सी म्हणजे काय ?...
  [Pred]: वे.वाय.सी म्हणजे काय ?...

Step  21500/30000 | Phase: 4B (Dynamic MoE) | CTC Loss: 1.0937 | Aux Loss: 8.0370 | CER: 0.385 | Throughput: 192.5 aud-s/s | LR: 7.46e-06
  [Ref ]: सोयाबीन पिकासाठी कोणते खत योग्य आहे ?...
  [Pred]: कनिक पिकासाठी कोणते खत योगे आहे ?...

Step  21525/30000 | Phase: 4B (Dynamic MoE) | CTC Loss: 1.2458 | Aux Loss: 8.0514 | CER: 0.352 | Throughput: 351.8 aud-s/s | LR: 7.46e-06
  [Ref ]: मी घेतलाला कर्ज फेड करूची तारिक वाढवन मेलतली काय ?...
  [Pred]: मी घेतलेला कर्जंफरेड करूची तएेक वाडवन मिवतली काय ?...

Step  21550/30000 | Phase: 4B (Dynamic MoE) | CTC Loss: 1.2118 | Aux Loss: 8.0267 | CER: 0.445 | Throughput:  66.2 aud-s/s | LR: 7.45e-06
  [Ref ]: आज शेतकऱ्यांसमोर कोणती आव्हाने आहेत ?...
  [Pred]: आज्चितकरासमलत कोणती ववाणे आहे ?...

Step  21575/30000 | Phase: 4B (Dynamic MoE) | CTC Loss: 1.2436 | Aux Loss: 8.1144 | CER: 0.644 | Throughput: 402.7 aud-s/s | LR: 7.44e-06
  [Ref ]: कर्जाक अर्ज कसो करूचो ?...
  [Pred]: कर्ज कर्ज कसा प ?...

Step  21600/30000 | Phase: 4B (Dynamic MoE) | CTC Loss: 1.1719 | Aux Loss: 8.0260 | CER: 0.409 | Throughput: 186.3 aud-s/s | LR: 7.44e-06
  [Ref ]: तारण फसवणूक हा एक प्रकारचा गुन्हा आहे...
  [Pred]: नपसोवणू हा ककच गुही...

Step  21625/30000 | Phase: 4B (Dynamic MoE) | CTC Loss: 1.0221 | Aux Loss: 8.0275 | CER: 0.148 | Throughput: 292.3 aud-s/s | LR: 7.43e-06
  [Ref ]: आर्थिक परिस्थिती वैयक्तिकरित्या योग्य ठेवण्यासाठी वैयक्तिक वित्त आवश्य...
  [Pred]: आर्थिक पर्सिती वायक्तिक केत्ा योग्य ठेवण्यासाठी वैय्ती कित्ता आवश्यक आ...

Step  21650/30000 | Phase: 4B (Dynamic MoE) | CTC Loss: 1.1316 | Aux Loss: 8.0233 | CER: 0.248 | Throughput: 132.6 aud-s/s | LR: 7.43e-06
  [Ref ]: वाहन विमा वाहन चोरी आणि नुकसानी विरूद्ध आर्थिक सुरक्षा प्रदान करते...
  [Pred]: वाहन विमा वाहचोळी आणी दुकसानी विरोद आर्थिक सुवष्य प्रधार करते...

Step  21675/30000 | Phase: 4B (Dynamic MoE) | CTC Loss: 1.1956 | Aux Loss: 8.0257 | CER: 0.319 | Throughput: 423.3 aud-s/s | LR: 7.42e-06
  [Ref ]: क्रेडिट म्हणजे काय ?...
  [Pred]: क्रेडिट म्हणजे काय ?...

Step  21700/30000 | Phase: 4B (Dynamic MoE) | CTC Loss: 1.1156 | Aux Loss: 8.0394 | CER: 0.408 | Throughput: 106.8 aud-s/s | LR: 7.41e-06
  [Ref ]: ब्रोकोलीची शेती थंड वातावरणात केली जाते...
  [Pred]: पुग्रकरीची शेती थंड वापाररमात केली जाते...

Step  21725/30000 | Phase: 4B (Dynamic MoE) | CTC Loss: 1.0525 | Aux Loss: 8.0312 | CER: 0.254 | Throughput: 289.1 aud-s/s | LR: 7.41e-06
  [Ref ]: ज्यामध्ये कर्जदार कर्जासाठी तारणा साठी काही मालमत्ता गहाण ठेवता...
  [Pred]: ज्या मध्ये कर्ज वरकर्जाठ करण्यासाठी काही माताक ाणद...

Step  21750/30000 | Phase: 4B (Dynamic MoE) | CTC Loss: 1.2181 | Aux Loss: 8.0478 | CER: 0.328 | Throughput: 110.8 aud-s/s | LR: 7.40e-06
  [Ref ]: चार्टर्ड अकाऊंटले कायदानं ज्ञानबी रहास का...
  [Pred]: चारटलट पकंुपले कायदामा वलांबू प असता...

Step  21775/30000 | Phase: 4B (Dynamic MoE) | CTC Loss: 1.1190 | Aux Loss: 8.0317 | CER: 0.440 | Throughput: 261.1 aud-s/s | LR: 7.40e-06
  [Ref ]: क्रेडिट म्हणजे काय ?...
  [Pred]: क्रेडेट काय सा ?...

Step  21800/30000 | Phase: 4B (Dynamic MoE) | CTC Loss: 1.1154 | Aux Loss: 8.0130 | CER: 0.402 | Throughput: 201.1 aud-s/s | LR: 7.39e-06
  [Ref ]: पश्चिम बंगालमध्ये माझ्या मित्राची कापसाची गिरणी आहे...
  [Pred]: न बंगांमध्ये माझ्यामि क्रचा राक्साची जने आहे...

Step  21825/30000 | Phase: 4B (Dynamic MoE) | CTC Loss: 1.2084 | Aux Loss: 8.0131 | CER: 0.403 | Throughput: 371.3 aud-s/s | LR: 7.38e-06
  [Ref ]: पीक विम्याचा लाभ मिळण्यासाठी मला कोणते नियम पूर्ण करावे लागतील ?...
  [Pred]: पीक विम्याचा ला क्ासाठी मला कोणते निम पूर्ण करावे लागले ?...

Step  21850/30000 | Phase: 4B (Dynamic MoE) | CTC Loss: 1.2268 | Aux Loss: 8.0331 | CER: 0.249 | Throughput: 133.2 aud-s/s | LR: 7.38e-06
  [Ref ]: रब्बी पिकांचा काळ ऑक्टोबर ते फेब्रुवारी दरम्यान असतो...
  [Pred]: रब्बी पिकांचया काळ ऑक्टोबरथे सेद्रृवाळी दकणा असतो...

Step  21875/30000 | Phase: 4B (Dynamic MoE) | CTC Loss: 1.1322 | Aux Loss: 8.0301 | CER: 0.283 | Throughput: 386.5 aud-s/s | LR: 7.37e-06
  [Ref ]: काही तण खूप हानिकारक असतत...
  [Pred]: हाईीटॉणन खोपानी करक वअसत...

Step  21900/30000 | Phase: 4B (Dynamic MoE) | CTC Loss: 1.1677 | Aux Loss: 8.0247 | CER: 0.309 | Throughput: 184.6 aud-s/s | LR: 7.37e-06
  [Ref ]: कापडाच्या दुकानासाठी कितीक कर्ज भेटन ?...
  [Pred]: आपल्याचय बकनासाठी कितीक कर्ज भेटन ?...

Step  21925/30000 | Phase: 4B (Dynamic MoE) | CTC Loss: 1.1910 | Aux Loss: 8.0531 | CER: 0.311 | Throughput: 284.5 aud-s/s | LR: 7.36e-06
  [Ref ]: गाजराची लागवड जमिनीच्या आत पेरून केली जाते...
  [Pred]: गागाची लवर जमिनीचापत तेरून घेली जाते...

Step  21950/30000 | Phase: 4B (Dynamic MoE) | CTC Loss: 1.2152 | Aux Loss: 8.0765 | CER: 0.468 | Throughput: 134.8 aud-s/s | LR: 7.35e-06
  [Ref ]: आय बॅनमुळे हे खाते कोणत्या देशाचे आहे हे कळते...
  [Pred]: आायू बँनमुळे ए खाते कोणते माणजे आाहे ह कळती ?...

Step  21975/30000 | Phase: 4B (Dynamic MoE) | CTC Loss: 1.2360 | Aux Loss: 8.0264 | CER: 0.314 | Throughput: 229.5 aud-s/s | LR: 7.35e-06
  [Ref ]: यू.पी.आय सेवा म्हणजे काय ?...
  [Pred]: यू.पी.आय समा म्हणे काय ?...

Step  22000/30000 | Phase: 4B (Dynamic MoE) | CTC Loss: 1.2125 | Aux Loss: 8.0073 | CER: 0.214 | Throughput: 129.0 aud-s/s | LR: 7.34e-06
  [Ref ]: यु.पी.आय वरून पैसे कसे पाठवायचे ?...
  [Pred]: यू.पी.आय वर रपैसे कसे पाठवायचे ?...

  [Checkpoint] Step 22000 saved to runs\no-splitformer-moe-only\checkpoints\stage2_moe
Step  22025/30000 | Phase: 4B (Dynamic MoE) | CTC Loss: 1.1490 | Aux Loss: 8.0304 | CER: 0.393 | Throughput: 149.8 aud-s/s | LR: 7.34e-06
  [Ref ]: एकावेळी माझ्या खात्यातून कितीवेळा रक्कम काढता येईल ?...
  [Pred]: एकामळे माझ्या खात्यातून किती वेळासक पडतात येईल ?...

Step  22050/30000 | Phase: 4B (Dynamic MoE) | CTC Loss: 1.0810 | Aux Loss: 8.0464 | CER: 0.207 | Throughput: 122.5 aud-s/s | LR: 7.33e-06
  [Ref ]: रेफर दरा चा उपयोग इतर व्याजदरांना निर्धारित करण्यासाठी केला जातो...
  [Pred]: ्रेपफेक करजणा उपयोग इत व्याजदरयांना निधरित करण्ासाठी किला जातो...

Step  22075/30000 | Phase: 4B (Dynamic MoE) | CTC Loss: 1.2407 | Aux Loss: 8.0405 | CER: 0.266 | Throughput: 363.0 aud-s/s | LR: 7.32e-06
  [Ref ]: ऊसाक खयली माती व्हयी ?...
  [Pred]: ऊसा खयेणी महत हिती ?...

Step  22100/30000 | Phase: 4B (Dynamic MoE) | CTC Loss: 1.1706 | Aux Loss: 8.0103 | CER: 0.318 | Throughput:  85.2 aud-s/s | LR: 7.32e-06
  [Ref ]: आर्थिक सेवा कोणाकडन पुरविली जाता ?...
  [Pred]: आर्थिक सकोनाकडम पिळवली जाता...

Step  22125/30000 | Phase: 4B (Dynamic MoE) | CTC Loss: 1.2346 | Aux Loss: 8.0663 | CER: 0.417 | Throughput: 226.6 aud-s/s | LR: 7.31e-06
  [Ref ]: ठिबक सिंचन किंवा ट्रिकल इरिगेशन ही सूक्ष्म सिंचन प्रणाली असा...
  [Pred]: ठिव मतत कया ्रकाण इहेसल ह सुष्वसचन काढवणले आसा...

Step  22150/30000 | Phase: 4B (Dynamic MoE) | CTC Loss: 1.1338 | Aux Loss: 8.0212 | CER: 0.240 | Throughput: 139.2 aud-s/s | LR: 7.31e-06
  [Ref ]: बेपार तितला जास्त शे टैक्स कमीमुडे फायदा व्हस...
  [Pred]: डेपार किकलात जास्त शे टक्स्ट कमीमुळे फायद व्हस...

Step  22175/30000 | Phase: 4B (Dynamic MoE) | CTC Loss: 1.1380 | Aux Loss: 8.0137 | CER: 0.370 | Throughput: 433.5 aud-s/s | LR: 7.30e-06
  [Ref ]: ठेवी म्हटल्या काय ?...
  [Pred]: ठेवी म्हण का ?...

Step  22200/30000 | Phase: 4B (Dynamic MoE) | CTC Loss: 1.1298 | Aux Loss: 8.0093 | CER: 0.232 | Throughput: 166.4 aud-s/s | LR: 7.29e-06
  [Ref ]: बिम्याचा दावा करा साठी मले का करा लागन ?...
  [Pred]: भिम्याचया बावण वासाठी मले काय करा लागन ?...

Step  22225/30000 | Phase: 4B (Dynamic MoE) | CTC Loss: 1.1237 | Aux Loss: 8.0155 | CER: 0.367 | Throughput: 359.8 aud-s/s | LR: 7.29e-06
  [Ref ]: कितकोसो वेळ लागत निधी हस्तांतरण हौक ?...
  [Pred]: कितीचो वळ लागत निध्कसां ता हो ?...

Step  22250/30000 | Phase: 4B (Dynamic MoE) | CTC Loss: 1.1167 | Aux Loss: 8.0398 | CER: 0.271 | Throughput:  63.9 aud-s/s | LR: 7.28e-06
  [Ref ]: नेट बँकिंगनं मले माह्या खाल्ल पैसा कितीक उरला थे पायता यीन काय ?...
  [Pred]: ने बँकिंगा मले माह्या खयला पैसा किती पुडला ठे पायता येईन का ?...

Step  22275/30000 | Phase: 4B (Dynamic MoE) | CTC Loss: 1.1468 | Aux Loss: 8.0586 | CER: 0.336 | Throughput: 383.4 aud-s/s | LR: 7.28e-06
  [Ref ]: खाते शुल्क काय आहे ?...
  [Pred]: चेशीलकर काय आहेत ?...

Step  22300/30000 | Phase: 4B (Dynamic MoE) | CTC Loss: 1.2141 | Aux Loss: 8.0113 | CER: 0.217 | Throughput: 180.1 aud-s/s | LR: 7.27e-06
  [Ref ]: पशुपालनाला चालना देण्यासाठी प्रजनन आवश्यक आहे...
  [Pred]: वशुपालनांने सालला देण्यासाठी प्रजच न आवश्यक आहे...

Step  22325/30000 | Phase: 4B (Dynamic MoE) | CTC Loss: 1.2534 | Aux Loss: 8.0872 | CER: 0.590 | Throughput: 347.9 aud-s/s | LR: 7.26e-06
  [Ref ]: ए.टी.एम कार्ड हरवला तर लगेच बँकेत कळवुक हव्या...
  [Pred]: ए.प.य एलाना कवरच काच क कहे ...

Step  22350/30000 | Phase: 4B (Dynamic MoE) | CTC Loss: 1.0657 | Aux Loss: 8.0205 | CER: 0.307 | Throughput: 129.9 aud-s/s | LR: 7.26e-06
  [Ref ]: आर्थिक जोखीम टाळुसाठी एक विशेष वर्गीकरण तयार केला जाता...
  [Pred]: आारथिक जोखिम पाळसाठी एक विशाष कदीकरण तयार केला जाता...

Step  22375/30000 | Phase: 4B (Dynamic MoE) | CTC Loss: 1.0424 | Aux Loss: 8.0094 | CER: 0.266 | Throughput: 207.8 aud-s/s | LR: 7.25e-06
  [Ref ]: लाभार्थी कसा जोडता येता ?...
  [Pred]: गाांची कसा ोघरतायेचा ?...

Step  22400/30000 | Phase: 4B (Dynamic MoE) | CTC Loss: 1.0354 | Aux Loss: 8.0149 | CER: 0.191 | Throughput: 173.9 aud-s/s | LR: 7.25e-06
  [Ref ]: सामाजिक योजनेचा फायदा घ्यासाठी मले काय लागन ?...
  [Pred]: सामाजिक योजनेचा खायदा घ्यासाठी मले काय लागान ?...


--- Launching stage2_moe at 2026-09-25 07:09:18 ---

[stage2_moe: 3-Dialect MoE] Initializing on device: cuda (NVIDIA RTX A5000)
[Tokenizer] Loaded vocabulary with 105 tokens

[Upcycling] Loading Pre-trained checkpoint: runs\no-splitformer-moe-only\checkpoints\stage1_pretrain\best_model.pt
[Upcycling] Converting Conformer blocks [4, 5, 6, 7, 8, 9, 10, 11] to 3-Dialect MoE...
[Upcycling] Successfully upcycled 8 Conformer blocks to 3-Dialect MoE!
[Stage 4] Setting up differential LR — backbone (Layers 1-4) at 1/10 LR, MoE + CTC at full LR...
[Parameters] Trainable: 32,838,529 / 32,838,529 (100.0%)
  Backbone (1/10 LR): 7,995,392 params
  MoE + CTC (full LR): 24,843,137 params
[Dataset] Loading cached speaker split from: moe\respin_split_cache.json
[stage2_moe] Telemetry initialized.
  - Checkpoints: D:\marathi-asr\runs\no-splitformer-moe-only\checkpoints\stage2_moe
  - CSV Logging: D:\marathi-asr\runs\no-splitformer-moe-only\csvs\stage2_moe_metrics.csv
  - JSONL Trace: D:\marathi-asr\runs\no-splitformer-moe-only\logs\stage2_moe_telemetry.jsonl
[Resume] Resuming stage2_moe from: runs\no-splitformer-moe-only\checkpoints\stage2_moe\stage2_moe_step_22000.pt

[stage2_moe] Starting 3-Dialect MoE Training (Target Steps: 60000, Batch Size: 64)
  Phase 0  (CTC Warmup — no MoE routing): Steps 1 to 3000
  Phase 4A (Metadata-Guided Hard Routing): Steps 3001 to 10500
  Phase 4B (Dynamic Soft/Top-1 Routing): Steps 10501 to 60000
  Saving semantically to: 'D:\marathi-asr\runs\no-splitformer-moe-only\checkpoints\stage2_moe'

Step  22025/60000 | Phase: 4B (Dynamic MoE) | CTC Loss: 1.1507 | Aux Loss: 8.0305 | CER: 0.452 | Throughput: 149.6 aud-s/s | LR: 9.31e-06
  [Ref ]: बास्ट...
  [Pred]: मा...

Step  22050/60000 | Phase: 4B (Dynamic MoE) | CTC Loss: 1.1977 | Aux Loss: 8.0164 | CER: 0.408 | Throughput: 152.2 aud-s/s | LR: 9.30e-06
  [Ref ]: इराण मोठ्या प्रमाणावर हिंग पिकवतो...
  [Pred]: मा मया प्रमाणावर हींग पिकवतो...

Step  22075/60000 | Phase: 4B (Dynamic MoE) | CTC Loss: 1.1447 | Aux Loss: 8.0410 | CER: 0.182 | Throughput: 121.9 aud-s/s | LR: 9.30e-06
  [Ref ]: गुंतवणुकीवरील व्याज कोणत्या किमतीवर काढले जाते ?...
  [Pred]: गुंतवणूक केवरे व्याज कोणत्या किंतीवर काढले जाते ?...

Step  22100/60000 | Phase: 4B (Dynamic MoE) | CTC Loss: 1.1697 | Aux Loss: 8.0838 | CER: 0.526 | Throughput: 257.0 aud-s/s | LR: 9.30e-06
  [Ref ]: माका माझ्या व्यापारासाठी एका गुंतवणूकदारान दोन करोडचा अनुदान दिल्यान...
  [Pred]: साका माझ्या कयासाठी एका गुंतवणूक करा तून करोडचा आणि दत...

Step  22125/60000 | Phase: 4B (Dynamic MoE) | CTC Loss: 1.1360 | Aux Loss: 8.0188 | CER: 0.223 | Throughput:  45.3 aud-s/s | LR: 9.30e-06
  [Ref ]: क्रेडिट कार्ड म्हणजे काय ?...
  [Pred]: क्रेडिट केडी म्हणजे काय ?...

Step  22150/60000 | Phase: 4B (Dynamic MoE) | CTC Loss: 1.0812 | Aux Loss: 8.0285 | CER: 0.194 | Throughput: 157.9 aud-s/s | LR: 9.30e-06
  [Ref ]: सेंद्रिय शेती कशी केली जाते ?...
  [Pred]: सेंद्रिय शेती कशी केली जाते ?...

Step  22175/60000 | Phase: 4B (Dynamic MoE) | CTC Loss: 1.1577 | Aux Loss: 8.0380 | CER: 0.271 | Throughput: 197.5 aud-s/s | LR: 9.30e-06
  [Ref ]: गेल्या वर्षी उसाचे पीक उत्तम आले होते...
  [Pred]: घेल्यावरची वसाची पीक उप्तन आले होत?...

Step  22200/60000 | Phase: 4B (Dynamic MoE) | CTC Loss: 1.0952 | Aux Loss: 8.0228 | CER: 0.239 | Throughput: 224.5 aud-s/s | LR: 9.29e-06
  [Ref ]: क्रस्टेशियन्सचे शरीर विभागलेले आहे , जे तीन प्रदेशांमध्ये विभागलेले आह...
  [Pred]: क्स्टेशी हसती स्तरि उधागेले आणि जेती ड्रेशांमध्ये विगा गेले आहे...

Step  22225/60000 | Phase: 4B (Dynamic MoE) | CTC Loss: 1.1055 | Aux Loss: 8.0476 | CER: 0.196 | Throughput: 152.1 aud-s/s | LR: 9.29e-06
  [Ref ]: ठेवी कशी भरूची ?...
  [Pred]: ठेवी कश करुची ?...

Step  22250/60000 | Phase: 4B (Dynamic MoE) | CTC Loss: 1.1778 | Aux Loss: 8.0279 | CER: 0.377 | Throughput: 185.1 aud-s/s | LR: 9.29e-06
  [Ref ]: पालीमध्ये खेरी जातीच्या मेंढ्या आढळतात...
  [Pred]: मालीमध्ये केली जाती चांलल्य आहे ?...

Step  22275/60000 | Phase: 4B (Dynamic MoE) | CTC Loss: 1.1862 | Aux Loss: 8.0418 | CER: 0.368 | Throughput: 149.4 aud-s/s | LR: 9.29e-06
  [Ref ]: मी दीर्घ कालावधीसाठी गुंतवणूक करू शकते का ?...
  [Pred]: मी कर्ज कालावधीसाठी गुंतवणूक कर्ज हते का ?...

Step  22300/60000 | Phase: 4B (Dynamic MoE) | CTC Loss: 1.1572 | Aux Loss: 8.0683 | CER: 0.202 | Throughput: 260.4 aud-s/s | LR: 9.29e-06
  [Ref ]: ऊस लागवडीची शेती केल्याचे फायदे काय आहेत ?...
  [Pred]: ऊस लावडीची शेती केचे फायदे हाय आहेत ?...

Step  22325/60000 | Phase: 4B (Dynamic MoE) | CTC Loss: 1.1424 | Aux Loss: 8.0406 | CER: 0.344 | Throughput: 142.8 aud-s/s | LR: 9.29e-06
  [Ref ]: ऑनलाइन लाईट बिल कसा भरायचा ?...
  [Pred]: ऑनलाईन रचा बिल कसा भरायचा ?...

Step  22350/60000 | Phase: 4B (Dynamic MoE) | CTC Loss: 1.2089 | Aux Loss: 8.0072 | CER: 0.217 | Throughput: 131.0 aud-s/s | LR: 9.28e-06
  [Ref ]: एखाद्याला ऑनलाइन पेमेंट कसा करायचा ?...
  [Pred]: पिखादना ऑनलाईन फेत कसा करायचा ?...

Step  22375/60000 | Phase: 4B (Dynamic MoE) | CTC Loss: 1.1289 | Aux Loss: 8.0281 | CER: 0.343 | Throughput: 254.0 aud-s/s | LR: 9.28e-06
  [Ref ]: खाद्य कंपन्यांची अन्न सुरक्षेची जबाबदारी असली पाहिजे...
  [Pred]: म्य कंपनीची ंनसुरेषचे जवदादे असली पाहिजे...

Step  22400/60000 | Phase: 4B (Dynamic MoE) | CTC Loss: 1.1196 | Aux Loss: 8.0434 | CER: 0.204 | Throughput: 152.3 aud-s/s | LR: 9.28e-06
  [Ref ]: भुईमुंगनी लागवड उंडायामा चांगला लाग देस का पावसाळामा...
  [Pred]: भुईी मोंनी लागवर उंडायामा चांगला लाभ देस का पावसालाना ...

Step  22425/60000 | Phase: 4B (Dynamic MoE) | CTC Loss: 1.0438 | Aux Loss: 8.0251 | CER: 0.222 | Throughput: 149.6 aud-s/s | LR: 9.28e-06
  [Ref ]: ठेवी म्हटल्या काय ?...
  [Pred]: ठेवी म्हटल्या काय ?...

Step  22450/60000 | Phase: 4B (Dynamic MoE) | CTC Loss: 1.2017 | Aux Loss: 8.0200 | CER: 0.239 | Throughput: 150.1 aud-s/s | LR: 9.28e-06
  [Ref ]: ठेवीचे पैसे कधीही वापरले जाऊ शकतात...
  [Pred]: ठेवीचे पैसे कधीची वापरला जाऊ शकतात ...

Step  22475/60000 | Phase: 4B (Dynamic MoE) | CTC Loss: 1.1564 | Aux Loss: 8.0287 | CER: 0.349 | Throughput: 213.3 aud-s/s | LR: 9.28e-06
  [Ref ]: माझ्या सूर्यफुलाच्या पिकाक मी सेंद्रिय खत देवू ?...
  [Pred]: वायी सूर्य फुलाचशयाअतकासी चेंदर यखत घे...

Step  22500/60000 | Phase: 4B (Dynamic MoE) | CTC Loss: 1.0267 | Aux Loss: 8.0686 | CER: 0.283 | Throughput: 108.2 aud-s/s | LR: 9.27e-06
  [Ref ]: दोन किंवा अधिक व्यक्तीं मधील कायदेशीररित्या लागू करण्यायोग्य करार...
  [Pred]: दोनशिवा अधिक वरक्तीमधील फायदेशे हेत्या लागू करणे योग्य करास...

Step  22525/60000 | Phase: 4B (Dynamic MoE) | CTC Loss: 1.1328 | Aux Loss: 8.0333 | CER: 0.268 | Throughput: 692.1 aud-s/s | LR: 9.27e-06
  [Ref ]: रिचार्ज कसा करूचा ?...
  [Pred]: बिचा्ज कसा करूचा ?...

Step  22550/60000 | Phase: 4B (Dynamic MoE) | CTC Loss: 1.2536 | Aux Loss: 8.0404 | CER: 0.403 | Throughput: 161.9 aud-s/s | LR: 9.27e-06
  [Ref ]: वन्यजीव शेतीला अनेक आजार होण्याची शक्यता असते...
  [Pred]: पननयचीशेचेका बाजार वक्शितला असते?...

Step  22575/60000 | Phase: 4B (Dynamic MoE) | CTC Loss: 1.1341 | Aux Loss: 8.0337 | CER: 0.258 | Throughput:  44.7 aud-s/s | LR: 9.27e-06
  [Ref ]: कर्ज वापस करतांनी माया खात्यातून जास्तीचे पैसे काटल्या जाईन का ?...
  [Pred]: कर्ज ऑपर कर तांही मा खत्यातून प्क्तीचे पोृसे काठाता येईन का ?...

Step  22600/60000 | Phase: 4B (Dynamic MoE) | CTC Loss: 1.1664 | Aux Loss: 8.0468 | CER: 0.291 | Throughput: 346.3 aud-s/s | LR: 9.27e-06
  [Ref ]: सेंद्रीय आणि बिगर संस्थात्मक शेतीमध्ये या उपकरणाचा वापर केला जातो...
  [Pred]: शेंद्रिय आणि बिलरशास्तापना शेतींमध्ये गाउकण्नाचा वापर वेला जातो...

Step  22625/60000 | Phase: 4B (Dynamic MoE) | CTC Loss: 1.1054 | Aux Loss: 8.0300 | CER: 0.334 | Throughput: 157.3 aud-s/s | LR: 9.27e-06
  [Ref ]: के.वाय.सी अद्ययावत कशी करुची ?...
  [Pred]: म यत्ते ावत कसी करूच ?...

Step  22650/60000 | Phase: 4B (Dynamic MoE) | CTC Loss: 1.1364 | Aux Loss: 8.0115 | CER: 0.251 | Throughput:  43.9 aud-s/s | LR: 9.26e-06
  [Ref ]: कमी पाणी पुरवठ्याने जमिनीची क्षारता वाढते...
  [Pred]: कमी पाणी कुरूठ्याने जमिनीची शारता वाढते...

Step  22675/60000 | Phase: 4B (Dynamic MoE) | CTC Loss: 1.1267 | Aux Loss: 8.0381 | CER: 0.208 | Throughput: 189.5 aud-s/s | LR: 9.26e-06
  [Ref ]: आर्थिक सेवेंचो लाभ घेवच्यासाठी वेगळे पैसे भरुचे लागतत काय ?...
  [Pred]: आर्थिक सिविचून लाभ घेयवच्यासाठी मरेने पैसे भरुचे येतत काय ?...

Step  22700/60000 | Phase: 4B (Dynamic MoE) | CTC Loss: 1.0811 | Aux Loss: 8.0378 | CER: 0.259 | Throughput: 263.7 aud-s/s | LR: 9.26e-06
  [Ref ]: रब्बी हंगामात पिकांची वाढ करूसाठी काय करून हव्या ?...
  [Pred]: रब्बी हंगामात किकांची वार करूसाठी काय करुक हाव्या ?...

Step  22725/60000 | Phase: 4B (Dynamic MoE) | CTC Loss: 1.1237 | Aux Loss: 8.0360 | CER: 0.395 | Throughput: 144.7 aud-s/s | LR: 9.26e-06
  [Ref ]: म्या...
  [Pred]: ...

Step  22750/60000 | Phase: 4B (Dynamic MoE) | CTC Loss: 1.0919 | Aux Loss: 8.0511 | CER: 0.315 | Throughput: 145.7 aud-s/s | LR: 9.26e-06
  [Ref ]: रमेश कृषी शास्त्राचे शिक्षण घेत आहे...
  [Pred]: कराकाती ्ास्त्राचे शिक्षण घेत आहे...

Step  22775/60000 | Phase: 4B (Dynamic MoE) | CTC Loss: 1.1005 | Aux Loss: 8.0278 | CER: 0.249 | Throughput: 220.8 aud-s/s | LR: 9.25e-06
  [Ref ]: संत्र्याच्या झाडावर किडीले लगाम घालासाठी कोनचे साधनं वापरा लागन ?...
  [Pred]: संत्यच्या झाडावर किडीले लगा भहाला माठी कोनचे साधन वापरा लागन ?...

Step  22800/60000 | Phase: 4B (Dynamic MoE) | CTC Loss: 1.0983 | Aux Loss: 8.0359 | CER: 0.287 | Throughput: 258.7 aud-s/s | LR: 9.25e-06
  [Ref ]: कापसावर लाल्या रोग पडल्यावर काय उपाययोजना करावी ?...
  [Pred]: आापचसावर लाल्यार भोत पडबवर कसे उपाय योजना करावी ?...

Step  22825/60000 | Phase: 4B (Dynamic MoE) | CTC Loss: 1.2016 | Aux Loss: 8.0798 | CER: 0.346 | Throughput:  90.5 aud-s/s | LR: 9.25e-06
  [Ref ]: कर्ज कितक्या मेलाक शकता ?...
  [Pred]: ककिच्या मिळू शकता ?...

Step  22850/60000 | Phase: 4B (Dynamic MoE) | CTC Loss: 1.0909 | Aux Loss: 8.0239 | CER: 0.364 | Throughput: 152.8 aud-s/s | LR: 9.25e-06
  [Ref ]: चक्रवाढ व्याज तर नाही ना लागणार ?...
  [Pred]: सक्रय वार व्यासक मांहीनाल वला...

Step  22875/60000 | Phase: 4B (Dynamic MoE) | CTC Loss: 1.1053 | Aux Loss: 8.0214 | CER: 0.269 | Throughput: 211.4 aud-s/s | LR: 9.25e-06
  [Ref ]: कोनच्या वर्षापर्यंत बिमा काढला म्हंजे फायदा व्हते ?...
  [Pred]: कोनच्या वर्षापरंत विमाताळ म्हंजे फायदा होते ?...

Step  22900/60000 | Phase: 4B (Dynamic MoE) | CTC Loss: 1.1814 | Aux Loss: 8.0282 | CER: 0.324 | Throughput: 239.7 aud-s/s | LR: 9.25e-06
  [Ref ]: भाड्याने खरेदी योजनेच्या मदतीने खरेदीदारांचे ओझे कमी केले जाते...
  [Pred]: भाडयाणे खरेती योजनेच्यामदातीणी खरेची दाांची अजज कमी केले जाते...

Step  22925/60000 | Phase: 4B (Dynamic MoE) | CTC Loss: 1.1071 | Aux Loss: 8.0211 | CER: 0.143 | Throughput: 155.8 aud-s/s | LR: 9.24e-06
  [Ref ]: रिचार्ज कसा करूचा ?...
  [Pred]: रिचार्ज कसा करूचा ?...

Step  22950/60000 | Phase: 4B (Dynamic MoE) | CTC Loss: 1.0993 | Aux Loss: 8.0031 | CER: 0.336 | Throughput:  95.9 aud-s/s | LR: 9.24e-06
  [Ref ]: मले वावरावर कर्ज भेटासाठी कोंते कागद जोडा लागन ?...
  [Pred]: मले वार कर्ज भेटासाठी कोंते कागद करा लागन ?...

Step  22975/60000 | Phase: 4B (Dynamic MoE) | CTC Loss: 1.2506 | Aux Loss: 8.0165 | CER: 0.318 | Throughput: 174.1 aud-s/s | LR: 9.24e-06
  [Ref ]: मुरमाड मातीत कोणकोणते पीक घेतले पाहिजे ?...
  [Pred]: मुरमा्ा मातीत कोण कोणत्यासठी काच पाहिजे ?...

Step  23000/60000 | Phase: 4B (Dynamic MoE) | CTC Loss: 1.1836 | Aux Loss: 8.0356 | CER: 0.291 | Throughput:  73.9 aud-s/s | LR: 9.24e-06
  [Ref ]: फुलशेती क्षेत्रात वंश प्रजननाद्वारे फुलांच्या नवीन जाती देखील उगवल्या ...
  [Pred]: पुषेती शेतवर व्य प्रधनम्ये ल्ारे पकाच्यामदीन जाती बिकेल उघण्ा जातात...

  🌟 New Best Model! cer = 0.2905 (Saved to best_model.pt)
  [Checkpoint] Step 23000 saved to runs\no-splitformer-moe-only\checkpoints\stage2_moe
Step  23025/60000 | Phase: 4B (Dynamic MoE) | CTC Loss: 1.1613 | Aux Loss: 8.0276 | CER: 0.317 | Throughput: 155.5 aud-s/s | LR: 9.24e-06
  [Ref ]: संत्रा पिकाले किती भाव हाये ?...
  [Pred]: यल्चा कती किती बावहायच ?...

Step  23050/60000 | Phase: 4B (Dynamic MoE) | CTC Loss: 1.1126 | Aux Loss: 8.0117 | CER: 0.258 | Throughput: 190.6 aud-s/s | LR: 9.24e-06
  [Ref ]: मासिक कर्जाच्या उपलब्धतेसाठी काही सुविधा आहे का ?...
  [Pred]: मासिक कर्जाचे उ्पम योजणेसाठी कायकाविता आहे का ?...

Step  23075/60000 | Phase: 4B (Dynamic MoE) | CTC Loss: 1.2166 | Aux Loss: 8.0509 | CER: 0.308 | Throughput: 288.1 aud-s/s | LR: 9.23e-06
  [Ref ]: हवामान बदलाचा शेतीवर परिणाम होतो का ?...
  [Pred]: हवामान झदाचा शेतीवर पर्ण होतो का ?...

Step  23100/60000 | Phase: 4B (Dynamic MoE) | CTC Loss: 1.2259 | Aux Loss: 8.0538 | CER: 0.314 | Throughput: 252.5 aud-s/s | LR: 9.23e-06
  [Ref ]: धान्याचा ओलावा गरजेनुसार नियंत्रित करून किडे आणि कुजण्यापासून संरक्षण ...
  [Pred]: धान्याचो वलाभर जनसा नेयंत्रर कुडल केडयाठी खूज्नपासू संरेशण करता येते...

Step  23125/60000 | Phase: 4B (Dynamic MoE) | CTC Loss: 1.2016 | Aux Loss: 8.0450 | CER: 0.364 | Throughput: 106.7 aud-s/s | LR: 9.23e-06
  [Ref ]: मावा कायच्यानं येते ?...
  [Pred]: मला क्जे मिय ?...

Step  23150/60000 | Phase: 4B (Dynamic MoE) | CTC Loss: 1.1746 | Aux Loss: 8.0214 | CER: 0.422 | Throughput: 140.6 aud-s/s | LR: 9.23e-06
  [Ref ]: मायाकडे काम असन तर मले किती किस्त पडन ?...
  [Pred]: माया खाता कगवातर म किती किस्त केळन ?...

Step  23175/60000 | Phase: 4B (Dynamic MoE) | CTC Loss: 1.1221 | Aux Loss: 8.0813 | CER: 0.385 | Throughput: 131.0 aud-s/s | LR: 9.23e-06
  [Ref ]: मित्र किडी कशी ओळखाची ?...
  [Pred]: मित्र कडी कशी कता करूची ?...

Step  23200/60000 | Phase: 4B (Dynamic MoE) | CTC Loss: 1.0854 | Aux Loss: 8.0235 | CER: 0.269 | Throughput: 238.9 aud-s/s | LR: 9.22e-06
  [Ref ]: मी आपल्या गायिंका आजारांपासून वाचवूसाठी लस दिलेली आसा...
  [Pred]: मी अल नागाळींका आजारापासूनमवा्वसाठी यस दिलेली आसा...

Step  23225/60000 | Phase: 4B (Dynamic MoE) | CTC Loss: 1.2100 | Aux Loss: 8.1106 | CER: 0.460 | Throughput: 203.8 aud-s/s | LR: 9.22e-06
  [Ref ]: निधी हस्तांतरण म्हटल्या काय ?...
  [Pred]: विन कसंतरण म्णये कस ?...

Step  23250/60000 | Phase: 4B (Dynamic MoE) | CTC Loss: 1.2399 | Aux Loss: 8.0457 | CER: 0.351 | Throughput: 157.1 aud-s/s | LR: 9.22e-06
  [Ref ]: बँकेत काही तारण न ठेवता अल्प मुदतीचे कर्ज मिळेल का ?...
  [Pred]: बँकेत का्वारणंमये का कोनजतीचे कात ते...

Step  23275/60000 | Phase: 4B (Dynamic MoE) | CTC Loss: 1.1171 | Aux Loss: 8.0559 | CER: 0.387 | Throughput: 165.2 aud-s/s | LR: 9.22e-06
  [Ref ]: फायनान्स मध्ये करियर करणे रोमांचित आणि फायदेशीर आहे...
  [Pred]: अरमानसवरीकरीयर करणे रोहित आणि पदेशीर आहे...

Step  23300/60000 | Phase: 4B (Dynamic MoE) | CTC Loss: 1.1491 | Aux Loss: 8.0431 | CER: 0.517 | Throughput:  81.1 aud-s/s | LR: 9.22e-06
  [Ref ]: मले माया बँक खात्याची एक वर्षाची मायती पाहिजे हाय , ते मले कसी भेटनं ?...
  [Pred]: मले मया बँक खात्याची एक वसाची महती कार्ज हाय, ते मले कस भेटन ?...

Step  23325/60000 | Phase: 4B (Dynamic MoE) | CTC Loss: 1.1204 | Aux Loss: 8.0406 | CER: 0.261 | Throughput: 175.7 aud-s/s | LR: 9.22e-06
  [Ref ]: आर्थिक सेवा कोण पुरयता ?...
  [Pred]: आर्थिकसो व कण पु यतो?...

Step  23350/60000 | Phase: 4B (Dynamic MoE) | CTC Loss: 1.1479 | Aux Loss: 8.0097 | CER: 0.304 | Throughput: 138.5 aud-s/s | LR: 9.21e-06
  [Ref ]: कोणती शेती पद्धती चांगली आहे ?...
  [Pred]: कोणती शेती प्रकाची चांगली आहे ?...

Step  23375/60000 | Phase: 4B (Dynamic MoE) | CTC Loss: 1.1006 | Aux Loss: 8.0707 | CER: 0.355 | Throughput: 197.0 aud-s/s | LR: 9.21e-06
  [Ref ]: सोनूने मला सांगितले की सरकारी बाँडवर निश्चित व्याजदर मिळतो...
  [Pred]: सोन्न म्णासाठीतलेची सरकरी वंडवरनी चीत व्याजर मिळतो...

Step  23400/60000 | Phase: 4B (Dynamic MoE) | CTC Loss: 1.1451 | Aux Loss: 8.0272 | CER: 0.233 | Throughput: 651.3 aud-s/s | LR: 9.21e-06
  [Ref ]: पीक लावाना जमिननी सुपीकता टिकाले जोयजे म्हणीसन कायजी लेतस...
  [Pred]: पीक लावाना जमीननी सुपिक्ता ठिकाल्या जोलजे म्हीसन कायजे येते...

Step  23425/60000 | Phase: 4B (Dynamic MoE) | CTC Loss: 1.0295 | Aux Loss: 8.0153 | CER: 0.313 | Throughput: 254.6 aud-s/s | LR: 9.21e-06
  [Ref ]: सोयाबीनचो भाव काय आसा ?...
  [Pred]: चार स पो भाव का आचसा ?...

Step  23450/60000 | Phase: 4B (Dynamic MoE) | CTC Loss: 1.0922 | Aux Loss: 8.0237 | CER: 0.386 | Throughput: 117.9 aud-s/s | LR: 9.21e-06
  [Ref ]: टोमॅटोवर कोणते किटक रोग पडू शकतात ?...
  [Pred]: कमॅइ डवर कोचे कि् कर पडू शकतात ?...

Step  23475/60000 | Phase: 4B (Dynamic MoE) | CTC Loss: 1.0673 | Aux Loss: 8.0262 | CER: 0.329 | Throughput: 123.1 aud-s/s | LR: 9.20e-06
  [Ref ]: बचत खाता उघडताना काय कागदपत्रा लागतत ?...
  [Pred]: बचत खाता उघडत्याना काय गगपत्र लागतत ?...

Step  23500/60000 | Phase: 4B (Dynamic MoE) | CTC Loss: 1.0069 | Aux Loss: 8.0657 | CER: 0.234 | Throughput: 157.4 aud-s/s | LR: 9.20e-06
  [Ref ]: मी माझ्या खात्यातील पैसे दुसऱ्या देशात पण पाठवू शकतो का ?...
  [Pred]: मी माझ्या खात्यातो पैसे दुस्या देशात पण पाठवू शकतो का ?...

Step  23525/60000 | Phase: 4B (Dynamic MoE) | CTC Loss: 1.2561 | Aux Loss: 8.0146 | CER: 0.379 | Throughput:  29.3 aud-s/s | LR: 9.20e-06
  [Ref ]: ठेवीचे इतके महत्व का आहे ?...
  [Pred]: ठेवीचे किक्के म्धवो का आस ?...

Step  23550/60000 | Phase: 4B (Dynamic MoE) | CTC Loss: 1.2347 | Aux Loss: 8.0397 | CER: 0.291 | Throughput: 149.3 aud-s/s | LR: 9.20e-06
  [Ref ]: आर.टी.जी.एस करतांनी मले जास्तीचे पैसे भरा लागन का ?...
  [Pred]: आरट्टीचारस कर पारनी म्णे जा्केडी वरी भा लान का ?...

Step  23575/60000 | Phase: 4B (Dynamic MoE) | CTC Loss: 1.2025 | Aux Loss: 8.0195 | CER: 0.296 | Throughput: 450.1 aud-s/s | LR: 9.20e-06
  [Ref ]: माका चतुर्थीक कर्ज मेळात काय ?...
  [Pred]: माका चतोर थित कर्ज मिळा काय ?...

Step  23600/60000 | Phase: 4B (Dynamic MoE) | CTC Loss: 1.1130 | Aux Loss: 8.1231 | CER: 0.275 | Throughput: 171.6 aud-s/s | LR: 9.20e-06
  [Ref ]: भारत आणि जगात मोतीचा उत्पादन समुद्र किनारी होता...
  [Pred]: भाजतानीच्या गात मोहतीचा उत्पादन समुद्रा केणारी हा...

Step  23625/60000 | Phase: 4B (Dynamic MoE) | CTC Loss: 1.1209 | Aux Loss: 8.1015 | CER: 0.367 | Throughput: 127.6 aud-s/s | LR: 9.19e-06
  [Ref ]: ऑनलाइन रिचार्ज कसा करूचा ?...
  [Pred]: ऑनलाइरिचात कस करुचो ?...

Step  23650/60000 | Phase: 4B (Dynamic MoE) | CTC Loss: 1.1793 | Aux Loss: 8.0433 | CER: 0.275 | Throughput: 135.7 aud-s/s | LR: 9.19e-06
  [Ref ]: कमॉडिटी बाजार सामान्य माणसाची गरज आहे...
  [Pred]: ावरिती भातात सामाना मानशाचे दल जाते...

Step  23675/60000 | Phase: 4B (Dynamic MoE) | CTC Loss: 1.0864 | Aux Loss: 8.0650 | CER: 0.279 | Throughput: 187.7 aud-s/s | LR: 9.19e-06
  [Ref ]: झाड लायल्या ओप्रात त्याच्या वाढीसाठी कसले घटक गरजेचे असत ?...
  [Pred]: झाड या उपलातताच्यावाणीसाठी कसली पटम रयजीचे आसत...

Step  23700/60000 | Phase: 4B (Dynamic MoE) | CTC Loss: 1.0251 | Aux Loss: 8.0322 | CER: 0.228 | Throughput: 246.8 aud-s/s | LR: 9.19e-06
  [Ref ]: पृथ्वीवरील झाडे आणि प्राणी आपल्याला नैसर्गिक फायबर देतात...
  [Pred]: प्रकवरी ह्ाडे अनिकाणी आप्याला नैसविक फादे हत देतात...

Step  23725/60000 | Phase: 4B (Dynamic MoE) | CTC Loss: 1.0610 | Aux Loss: 8.0620 | CER: 0.217 | Throughput: 269.6 aud-s/s | LR: 9.19e-06
  [Ref ]: मक्याले पानी कस द्याव ?...
  [Pred]: मख्येाले पानी कस द्याव ?...

Step  23750/60000 | Phase: 4B (Dynamic MoE) | CTC Loss: 1.1253 | Aux Loss: 8.0203 | CER: 0.384 | Throughput: 584.6 aud-s/s | LR: 9.18e-06
  [Ref ]: पाच एकर शेती मध्ये किती किलोग्रॅम केळीची रोपे लागतील ?...
  [Pred]: पात एकर शेतीमध्ये कीती म कम ठेवीची करे लागतेल?...

Step  23775/60000 | Phase: 4B (Dynamic MoE) | CTC Loss: 1.0992 | Aux Loss: 8.0859 | CER: 0.375 | Throughput: 181.2 aud-s/s | LR: 9.18e-06
  [Ref ]: वित्तीय सेवा कितीक परकारच्या असतात व मले त्या कशा भेटन ?...
  [Pred]: क्या सेवा कितीक करजाचा मतयातव मले त्या कशा भेटन ?...

Step  23800/60000 | Phase: 4B (Dynamic MoE) | CTC Loss: 1.1341 | Aux Loss: 8.0790 | CER: 0.408 | Throughput: 180.6 aud-s/s | LR: 9.18e-06
  [Ref ]: सोनं बँकमा ठेवावर कित्ला टक्का कर्ज माफ भेटस ?...
  [Pred]: सन मलावर कितला टक्क कर जरत देतस ...

Step  23825/60000 | Phase: 4B (Dynamic MoE) | CTC Loss: 1.0784 | Aux Loss: 8.0701 | CER: 0.291 | Throughput: 520.3 aud-s/s | LR: 9.18e-06
  [Ref ]: सुपरिक खयचा हवामान होया ?...
  [Pred]: कया खायचा मांन ा ?...

Step  23850/60000 | Phase: 4B (Dynamic MoE) | CTC Loss: 1.1036 | Aux Loss: 8.0354 | CER: 0.277 | Throughput: 126.4 aud-s/s | LR: 9.18e-06
  [Ref ]: बिगर शेती धारकाले बँक कर्ज देऊ शकते का ?...
  [Pred]: बिवर सिती दमाले बँक वर्ज देऊ शकते का ?...

Step  23875/60000 | Phase: 4B (Dynamic MoE) | CTC Loss: 1.1094 | Aux Loss: 8.0411 | CER: 0.211 | Throughput: 202.7 aud-s/s | LR: 9.18e-06
  [Ref ]: राष्ट्रीय कुटुंब अर्थसहाय्य योजनेसाठी अर्ज कसा करावा ?...
  [Pred]: क्रष्ट्रीय पटूंम अर्कसा योजनेसाठी अर्ज कसा का ?...

Step  23900/60000 | Phase: 4B (Dynamic MoE) | CTC Loss: 1.0876 | Aux Loss: 8.0418 | CER: 0.258 | Throughput: 212.6 aud-s/s | LR: 9.17e-06
  [Ref ]: राजू रबराच्या झाडाची उंची त्रेचाळीस मीटर असून सहा ते सात वर्षांनी झाड ...
  [Pred]: राजी राग्रात साया शिमचे ट्रजेडेट निट वसन सहा तीसाठ वर्शानी झाडपविील उत...

Step  23925/60000 | Phase: 4B (Dynamic MoE) | CTC Loss: 1.1018 | Aux Loss: 8.0295 | CER: 0.272 | Throughput: 180.5 aud-s/s | LR: 9.17e-06
  [Ref ]: के.वाय.सी म्हंनजे का होते ?...
  [Pred]: के.सा.सी म्हंणजे काय होते ?...

Step  23950/60000 | Phase: 4B (Dynamic MoE) | CTC Loss: 1.1767 | Aux Loss: 8.0358 | CER: 0.270 | Throughput: 165.2 aud-s/s | LR: 9.17e-06
  [Ref ]: यू.पी.आय पिन कशासाठी वापरला जातो ?...
  [Pred]: यू.पी.आय पिन कशासाठी वापरला जातो ?...

Step  23975/60000 | Phase: 4B (Dynamic MoE) | CTC Loss: 1.0921 | Aux Loss: 8.0370 | CER: 0.320 | Throughput: 124.0 aud-s/s | LR: 9.17e-06
  [Ref ]: एक हेक्टर मक्याच्या पिकांका गरजेच्या खतांचो प्रमाण कसो वापरतत ?...
  [Pred]: एग्या मत्याच्या पिकाक वर्ज काताराचो प्रमा कका वापरतात...

Step  24000/60000 | Phase: 4B (Dynamic MoE) | CTC Loss: 1.1050 | Aux Loss: 8.0110 | CER: 0.301 | Throughput: 238.9 aud-s/s | LR: 9.17e-06
  [Ref ]: खाजगी निधीचे हस्तांतरण करता येते का ?...
  [Pred]: खराजगी मितीची असतांतरण ू करता येते का ?...

  [Checkpoint] Step 24000 saved to runs\no-splitformer-moe-only\checkpoints\stage2_moe
Step  24025/60000 | Phase: 4B (Dynamic MoE) | CTC Loss: 1.2269 | Aux Loss: 8.0900 | CER: 0.532 | Throughput: 544.6 aud-s/s | LR: 9.16e-06
  [Ref ]: विम्याक अर्ज कसो करायचो ?...
  [Pred]: समााया बवा कसा कायचा ?...

Step  24050/60000 | Phase: 4B (Dynamic MoE) | CTC Loss: 1.1193 | Aux Loss: 8.0142 | CER: 0.295 | Throughput:  49.6 aud-s/s | LR: 9.16e-06
  [Ref ]: खात्यातील जमा रकमेवर किती व्याजदर मिळेल ?...
  [Pred]: माच्याचील जमा रकमेवर किती वायज केळेल ?...

Step  24075/60000 | Phase: 4B (Dynamic MoE) | CTC Loss: 1.1070 | Aux Loss: 8.0373 | CER: 0.240 | Throughput: 214.2 aud-s/s | LR: 9.16e-06
  [Ref ]: कच्च्या मुळ्याची कोशिंबीर खाल्ल्यास आरोग्यास हितकारक आहे...
  [Pred]: कच्यामुळ्याची कोशीलर खरण्या आरोग कसा कर आहे...

Step  24100/60000 | Phase: 4B (Dynamic MoE) | CTC Loss: 1.1221 | Aux Loss: 8.0781 | CER: 0.303 | Throughput: 176.9 aud-s/s | LR: 9.16e-06
  [Ref ]: सार्वजनिक मालमत्तेच्या मदतीने लोकांच्या हिताचे काम केले जाते...
  [Pred]: सार्वोजनिक मालमृत्यच्या मदतीने लोकांच्या इत्ाचे काम केले जाते...

Step  24125/60000 | Phase: 4B (Dynamic MoE) | CTC Loss: 1.2016 | Aux Loss: 8.0637 | CER: 0.525 | Throughput: 172.9 aud-s/s | LR: 9.16e-06
  [Ref ]: ठेव बंद कशी करायची ?...
  [Pred]: कमां कसी करायचा ?...

Step  24150/60000 | Phase: 4B (Dynamic MoE) | CTC Loss: 1.0938 | Aux Loss: 8.0183 | CER: 0.271 | Throughput: 139.0 aud-s/s | LR: 9.16e-06
  [Ref ]: गाडी ओढण्यासाठी बेल किंवा घोडा वापरला जातो...
  [Pred]: गाडी होरण्यासाठी बेल किंवा भोला वापरला जातो ...

Step  24175/60000 | Phase: 4B (Dynamic MoE) | CTC Loss: 1.0690 | Aux Loss: 8.0153 | CER: 0.317 | Throughput: 131.7 aud-s/s | LR: 9.15e-06
  [Ref ]: तुमचा नवीन व्यवसाय सुरू करण्यासाठी दीर्घ आर्थिक मदत होते...
  [Pred]: सुंच्या नावी म्ळ्यवसाय सुरू काढण्यासाठी विरग आरक बाजर होते...

Step  24200/60000 | Phase: 4B (Dynamic MoE) | CTC Loss: 1.1296 | Aux Loss: 8.0244 | CER: 0.305 | Throughput: 120.5 aud-s/s | LR: 9.15e-06
  [Ref ]: मला एक वर्षासाठी बँकेत पैसे ठेवायचे आहेत त्याची प्रक्रिया काय ?...
  [Pred]: मला एका वरण्ासाठी बँकेत पैके ठेवायचे आहे त्याची प्रक्रियता...

Step  24225/60000 | Phase: 4B (Dynamic MoE) | CTC Loss: 1.2717 | Aux Loss: 8.0429 | CER: 0.616 | Throughput: 109.0 aud-s/s | LR: 9.15e-06
  [Ref ]: के.वाय.सी म्हणजे काय आसा ?...
  [Pred]: मीमी चे म्ज कय आसत ?...

Step  24250/60000 | Phase: 4B (Dynamic MoE) | CTC Loss: 1.1145 | Aux Loss: 8.0231 | CER: 0.274 | Throughput: 140.6 aud-s/s | LR: 9.15e-06
  [Ref ]: धुवारापाई पिकावर का परीनाम होते ?...
  [Pred]: दुहारा पाई बिकयावर का परिराल देते ?...

Step  24275/60000 | Phase: 4B (Dynamic MoE) | CTC Loss: 1.1521 | Aux Loss: 8.0277 | CER: 0.262 | Throughput: 229.0 aud-s/s | LR: 9.15e-06
  [Ref ]: सेंद्रिय शेतीतून आर्थिक प्रगती होते का ?...
  [Pred]: सग्रिय शेतीतीन आर्थिक प्रगती होत का ?...

Step  24300/60000 | Phase: 4B (Dynamic MoE) | CTC Loss: 1.1105 | Aux Loss: 8.0090 | CER: 0.252 | Throughput: 117.2 aud-s/s | LR: 9.14e-06
  [Ref ]: नायट्रोजन खत म्हंजी युरिया शे...
  [Pred]: नाय ग्रोच्य सवतत महजी जरिया शे...

Step  24325/60000 | Phase: 4B (Dynamic MoE) | CTC Loss: 1.1572 | Aux Loss: 8.0261 | CER: 0.159 | Throughput: 646.9 aud-s/s | LR: 9.14e-06
  [Ref ]: कोणते पशुखाद्य चांगले आहे ?...
  [Pred]: कोणतेो पशुपा्ी चांगले ?...

Step  24350/60000 | Phase: 4B (Dynamic MoE) | CTC Loss: 1.0662 | Aux Loss: 8.0124 | CER: 0.229 | Throughput: 138.1 aud-s/s | LR: 9.14e-06
  [Ref ]: ॲपवरून बिल पेमेंट आणि रिचार्ज करता येते...
  [Pred]: यापोरून बिल पेमें आणि रिचा कता येतो...

Step  24375/60000 | Phase: 4B (Dynamic MoE) | CTC Loss: 1.0320 | Aux Loss: 8.0258 | CER: 0.188 | Throughput: 193.8 aud-s/s | LR: 9.14e-06
  [Ref ]: आठवड्याक वाढणारो पिकांचो रेट मी खडे चेक करू शकतय ?...
  [Pred]: आठवड्यावाढनारपकांचो रे टुमी ख चे करू शकतो ?...

Step  24400/60000 | Phase: 4B (Dynamic MoE) | CTC Loss: 1.0368 | Aux Loss: 8.0228 | CER: 0.305 | Throughput: 179.9 aud-s/s | LR: 9.14e-06
  [Ref ]: कुक्कुटपालनाच्या चांगल्या जातीपासून शंभर आठवड्यांपर्यंत अंडी मिळू शकता...
  [Pred]: कुकुट पालनाची साया  शन संदरा टोडेन पर्यंत अनले भरू शकतात...

Step  24425/60000 | Phase: 4B (Dynamic MoE) | CTC Loss: 1.1601 | Aux Loss: 8.0310 | CER: 0.282 | Throughput: 470.1 aud-s/s | LR: 9.14e-06
  [Ref ]: किती रुपयांचा हप्ता असेल ?...
  [Pred]: कितरोक ककका हेल ?...

Step  24450/60000 | Phase: 4B (Dynamic MoE) | CTC Loss: 1.0663 | Aux Loss: 8.0431 | CER: 0.381 | Throughput: 120.9 aud-s/s | LR: 9.13e-06
  [Ref ]: शाळा शिकासाठी कर्ज भेटन का ?...
  [Pred]: कावास शिपासाठी पळचो का का ?...

Step  24475/60000 | Phase: 4B (Dynamic MoE) | CTC Loss: 1.0940 | Aux Loss: 8.0367 | CER: 0.250 | Throughput: 155.7 aud-s/s | LR: 9.13e-06
  [Ref ]: मायापाशी एक एकर शेत हाये , मले पीककर्ज मिळायले काय करावं लागन ?...
  [Pred]: मायापाशी ए एकर शेती हाय मचे पिक कर्ज मिळाले काय करावं लागन ?...

Step  24500/60000 | Phase: 4B (Dynamic MoE) | CTC Loss: 1.1094 | Aux Loss: 8.0299 | CER: 0.246 | Throughput: 217.8 aud-s/s | LR: 9.13e-06
  [Ref ]: पगार ह्यो पैसो हा , जो दर म्हयन्याक एखाद्याक तेच्या मालकाकडून दिलो जात...
  [Pred]: कवार य पैसेहा बगर महिने एखा व्यक तेच्या मालका कडून दिले जाता...

Step  24525/60000 | Phase: 4B (Dynamic MoE) | CTC Loss: 1.1373 | Aux Loss: 8.1479 | CER: 0.461 | Throughput: 581.0 aud-s/s | LR: 9.13e-06
  [Ref ]: विमा कोण कोण काढू शकता ?...
  [Pred]: क काण का काय सचा ?...

Step  24550/60000 | Phase: 4B (Dynamic MoE) | CTC Loss: 1.1856 | Aux Loss: 8.0326 | CER: 0.341 | Throughput: 169.5 aud-s/s | LR: 9.13e-06
  [Ref ]: मले माह्या खात नंबर सांगु सकता का ?...
  [Pred]: मली माया घात मंबर सांगू शकता का ?...

Step  24575/60000 | Phase: 4B (Dynamic MoE) | CTC Loss: 1.1291 | Aux Loss: 8.0385 | CER: 0.203 | Throughput: 167.2 aud-s/s | LR: 9.12e-06
  [Ref ]: एका दिवसात मला किती पैसे ट्रान्सफर करता येतील ?...
  [Pred]: एकी दिवसात मला किती पैसे ट्रवपर करता येतील ?...

Step  24600/60000 | Phase: 4B (Dynamic MoE) | CTC Loss: 1.0067 | Aux Loss: 8.0188 | CER: 0.257 | Throughput: 176.1 aud-s/s | LR: 9.12e-06
  [Ref ]: एक मेट्रिक टन मिरची उतरवण्याकरता मजूर शुल्क किती आहे ?...
  [Pred]: एक मेट्रिक्टनमिरचे उत्पाळ्याकरथामजूल शल्ण किती आहे ?...

Step  24625/60000 | Phase: 4B (Dynamic MoE) | CTC Loss: 1.1579 | Aux Loss: 8.0386 | CER: 0.254 | Throughput: 596.6 aud-s/s | LR: 9.12e-06
  [Ref ]: डेबिट म्हणजे काय ?...
  [Pred]: बिबिक म्हणजे काय ?...

Step  24650/60000 | Phase: 4B (Dynamic MoE) | CTC Loss: 1.1285 | Aux Loss: 8.0224 | CER: 0.424 | Throughput: 155.7 aud-s/s | LR: 9.12e-06
  [Ref ]: तांदूळ आणि गहू सर्वात जास्त पंजाब आणि हरियाणामध्ये वाढतात...
  [Pred]: रा एिकन साराठीचो कोंत्याजी योजेी ला द्दी माळत...

Step  24675/60000 | Phase: 4B (Dynamic MoE) | CTC Loss: 1.1315 | Aux Loss: 8.0314 | CER: 0.462 | Throughput: 196.7 aud-s/s | LR: 9.12e-06
  [Ref ]: आपण बाजारातून पैशाएवजी काहीही वस्तु खरेदी करू शकता...
  [Pred]: आपण बावारात तायासा अर्जक आहीही वस्टी खर करू शकता...

Step  24700/60000 | Phase: 4B (Dynamic MoE) | CTC Loss: 1.2056 | Aux Loss: 8.0645 | CER: 0.318 | Throughput: 170.5 aud-s/s | LR: 9.11e-06
  [Ref ]: बॅकमा जमा पैसा कसानीच पूर्व सुचना न देता काढता येतस...
  [Pred]: रयज माझना पैसा कसानीसकुर्व सिचनान मिका कारता येतस...

Step  24725/60000 | Phase: 4B (Dynamic MoE) | CTC Loss: 1.1451 | Aux Loss: 8.0191 | CER: 0.455 | Throughput:  92.9 aud-s/s | LR: 9.11e-06
  [Ref ]: दुष्काळात खयला पीक चांगला येता ?...
  [Pred]: दीसकाळ कायनला कितक जाता ?...

Step  24750/60000 | Phase: 4B (Dynamic MoE) | CTC Loss: 1.1416 | Aux Loss: 8.0484 | CER: 0.469 | Throughput: 157.2 aud-s/s | LR: 9.11e-06
  [Ref ]: या शेअर मध्ये कार्यान्वित धोका किती आहे ?...
  [Pred]: आा म कालेन सोबा क?...

Step  24775/60000 | Phase: 4B (Dynamic MoE) | CTC Loss: 1.1358 | Aux Loss: 8.0547 | CER: 0.485 | Throughput: 305.8 aud-s/s | LR: 9.11e-06
  [Ref ]: मी लाल मातीत मोहरी किंवा कापूस लावू शकतो का ?...
  [Pred]: मीला मा कोरेग केंवल्या कमाज काू शकतो का ?...

Step  24800/60000 | Phase: 4B (Dynamic MoE) | CTC Loss: 1.1457 | Aux Loss: 8.0795 | CER: 0.298 | Throughput: 165.2 aud-s/s | LR: 9.11e-06
  [Ref ]: जागतिक व्यापार संघटचे मुख्य कार्य काय आहे ?...
  [Pred]: ज्यामटील व्यापर संनटचे मुक्खे कार्य का आहे ?...

Step  24825/60000 | Phase: 4B (Dynamic MoE) | CTC Loss: 1.1396 | Aux Loss: 8.0259 | CER: 0.223 | Throughput: 129.6 aud-s/s | LR: 9.10e-06
  [Ref ]: बँकेत बिल कसा भरुचा ?...
  [Pred]: बँकेत बिल कसा भरूचा ?...

Step  24850/60000 | Phase: 4B (Dynamic MoE) | CTC Loss: 1.1364 | Aux Loss: 8.0187 | CER: 0.248 | Throughput: 305.6 aud-s/s | LR: 9.10e-06
  [Ref ]: वैयक्तिक कर्ज मिळेल का ?...
  [Pred]: वेरकिक कर्ज मिळेलेका ?...

Step  24875/60000 | Phase: 4B (Dynamic MoE) | CTC Loss: 1.0687 | Aux Loss: 8.0261 | CER: 0.293 | Throughput: 196.2 aud-s/s | LR: 9.10e-06
  [Ref ]: लोके पैसा सुरक्षित रावाना करता ब्यांकमा जमा करतस...
  [Pred]: जोगकीय पैसा सुरक्षेत्रामाना कदा ोग कमा जमा करतस...

Step  24900/60000 | Phase: 4B (Dynamic MoE) | CTC Loss: 1.0705 | Aux Loss: 8.0398 | CER: 0.325 | Throughput: 453.3 aud-s/s | LR: 9.10e-06
  [Ref ]: चीन एकविसाव्या शतकालो चहाचो अव्वल उत्पादक बनलो असा...
  [Pred]: ती अकलीकमा शकतात बोतहा को हव उतपादद बंल हता...

Step  24925/60000 | Phase: 4B (Dynamic MoE) | CTC Loss: 1.2120 | Aux Loss: 8.0287 | CER: 0.411 | Throughput:  56.2 aud-s/s | LR: 9.10e-06
  [Ref ]: कर्जाची मर्यादा काय असता ?...
  [Pred]: र्ाची हणजादा काय असतात ?...

Step  24950/60000 | Phase: 4B (Dynamic MoE) | CTC Loss: 1.0617 | Aux Loss: 8.0311 | CER: 0.366 | Throughput: 132.0 aud-s/s | LR: 9.10e-06
  [Ref ]: माझे झेंडूचे उत्पादन किती वेळ साठवून ठेवू शकतो ?...
  [Pred]: माझी झेडू उत्पादन किती वेळ ाठवूण ठेवू शकतो ?...

Step  24975/60000 | Phase: 4B (Dynamic MoE) | CTC Loss: 1.2903 | Aux Loss: 8.0235 | CER: 0.338 | Throughput: 234.3 aud-s/s | LR: 9.09e-06
  [Ref ]: पानी जैविक , स्वाद विरहित व पारदर्शी पदार्थ आहे...
  [Pred]: पाणी देहि ववा सकची जवण भार बकि मदाचा आहे...

Step  25000/60000 | Phase: 4B (Dynamic MoE) | CTC Loss: 1.1262 | Aux Loss: 8.0420 | CER: 0.325 | Throughput: 159.1 aud-s/s | LR: 9.09e-06
  [Ref ]: इतर जीन्स देखील काही झाडांमध्ये जोडल्या जाऊ शकतात...
  [Pred]: मिट जीस दिखील आय झारयांमध्या दोजल जेऊ शकता...

  [Checkpoint] Step 25000 saved to runs\no-splitformer-moe-only\checkpoints\stage2_moe
Step  25025/60000 | Phase: 4B (Dynamic MoE) | CTC Loss: 1.0895 | Aux Loss: 8.0214 | CER: 0.339 | Throughput: 107.3 aud-s/s | LR: 9.09e-06
  [Ref ]: ठेवी म्हटल्या काय ?...
  [Pred]: ठेवी म्हटले काय ?...

Step  25050/60000 | Phase: 4B (Dynamic MoE) | CTC Loss: 1.0280 | Aux Loss: 8.0324 | CER: 0.186 | Throughput: 189.5 aud-s/s | LR: 9.09e-06
  [Ref ]: मला पन्नास हजार रुपये कर्ज मिळेल का ?...
  [Pred]: मला पण्नास जार ुपईे कर्ज मिळेल का ?...

Step  25075/60000 | Phase: 4B (Dynamic MoE) | CTC Loss: 1.2390 | Aux Loss: 8.0176 | CER: 0.239 | Throughput: 153.8 aud-s/s | LR: 9.09e-06
  [Ref ]: ऑनलाइन अर्ज भरताना चुका जाले तर ते सारके करुक मेळतत काय ?...
  [Pred]: ऑनलाइन अर्जभरता सुकाजाले तरेसारकेस करूक हिेत काय ?...

Step  25100/60000 | Phase: 4B (Dynamic MoE) | CTC Loss: 1.0745 | Aux Loss: 8.0254 | CER: 0.331 | Throughput: 447.0 aud-s/s | LR: 9.08e-06
  [Ref ]: तरलता जोखीम एक आर्थिक जोखीम आहे जी विशिष्ट कालावधीसाठी उद्भवते...
  [Pred]: तरलत य खिने क आर्थि जोख आहजी विशेष्ट कालारदेसाठी उज्घेते...

Step  25125/60000 | Phase: 4B (Dynamic MoE) | CTC Loss: 1.1035 | Aux Loss: 8.0583 | CER: 0.306 | Throughput: 143.4 aud-s/s | LR: 9.08e-06
  [Ref ]: इन्शुरन्सचो अर्थ काय असा ?...
  [Pred]: इिंचिुरनच अार्थ काय आसा ?...

Step  25150/60000 | Phase: 4B (Dynamic MoE) | CTC Loss: 1.1679 | Aux Loss: 8.0175 | CER: 0.278 | Throughput: 119.7 aud-s/s | LR: 9.08e-06
  [Ref ]: पिकांक खयले आजार व्हतत ?...
  [Pred]: पिकाक खयल्य वकार भ्हतत ?...

Step  25175/60000 | Phase: 4B (Dynamic MoE) | CTC Loss: 1.1236 | Aux Loss: 8.0473 | CER: 0.343 | Throughput: 155.5 aud-s/s | LR: 9.08e-06
  [Ref ]: बहुतेक आंतरबँक कर्जांचो परिपक्वता कालावधी एक आठवडो किंवा त्यापेक्षा कम...
  [Pred]: मियत ऑकनान कर्जांचो परि कवाचा फालदसादी ले वाठेड त वातार पक्षा कमी असता...

Step  25200/60000 | Phase: 4B (Dynamic MoE) | CTC Loss: 1.1385 | Aux Loss: 8.0130 | CER: 0.392 | Throughput: 183.5 aud-s/s | LR: 9.08e-06
  [Ref ]: आपल्या देशात सरकार डी.ए.पी खतावर पंच्याहत्तर टक्के सब्सिडी देते...
  [Pred]: आक्या दाशेत सरकार डिले.पी कतावण मताती दिकेसुचली जातेा...

Step  25225/60000 | Phase: 4B (Dynamic MoE) | CTC Loss: 1.0628 | Aux Loss: 8.0533 | CER: 0.247 | Throughput: 208.5 aud-s/s | LR: 9.07e-06
  [Ref ]: पीक रोटेशन कसा करूचा ?...
  [Pred]: पिक रोटक्शन कसे करूचा ?...

Step  25250/60000 | Phase: 4B (Dynamic MoE) | CTC Loss: 1.0731 | Aux Loss: 8.0247 | CER: 0.244 | Throughput: 144.9 aud-s/s | LR: 9.07e-06
  [Ref ]: पिकावर अळी कधी पडते , ति कशी ओळखावी ?...
  [Pred]: पिकाावर अणी कधीपरते ती कशी ओखहावी ?...

Step  25275/60000 | Phase: 4B (Dynamic MoE) | CTC Loss: 1.0492 | Aux Loss: 8.0112 | CER: 0.330 | Throughput: 198.4 aud-s/s | LR: 9.07e-06
  [Ref ]: धान्यांका कीड लागू नये म्हणून त्याका काय लावतत ?...
  [Pred]: दनदांकाढ लाबूनयये म्हून ते का काय लागतत ?...

Step  25300/60000 | Phase: 4B (Dynamic MoE) | CTC Loss: 1.1713 | Aux Loss: 8.0351 | CER: 0.264 | Throughput: 214.4 aud-s/s | LR: 9.07e-06
  [Ref ]: बिल ऑनलाइन भरले जावे यासाठी काय अर्ज करावा लागेल ?...
  [Pred]: बिल ऑनलाईन मधले जा वे्यासाठी काय अर्ज करावा लागेल ?...

Step  25325/60000 | Phase: 4B (Dynamic MoE) | CTC Loss: 1.1417 | Aux Loss: 8.0218 | CER: 0.303 | Throughput: 491.8 aud-s/s | LR: 9.07e-06
  [Ref ]: मेथीचा बाजारभाव किती आहे ?...
  [Pred]: र बा्ा किल सा ?...

Step  25350/60000 | Phase: 4B (Dynamic MoE) | CTC Loss: 1.1406 | Aux Loss: 8.0176 | CER: 0.207 | Throughput: 100.7 aud-s/s | LR: 9.06e-06
  [Ref ]: शेतकरी त्याच्या गरजा भागविण्यासाठी लागवड करतो...
  [Pred]: तकरी त्याच्या गर्ज भाजविण्यासाठी लागवड करतो...

Step  25375/60000 | Phase: 4B (Dynamic MoE) | CTC Loss: 1.1229 | Aux Loss: 8.0288 | CER: 0.365 | Throughput: 184.5 aud-s/s | LR: 9.06e-06
  [Ref ]: गहाणखत ह्या सामान्य कायद्याचो कायदेशीर साधन असा...
  [Pred]: गह कृठ असामाहहि आह चोकितिशी साध ता...

Step  25400/60000 | Phase: 4B (Dynamic MoE) | CTC Loss: 1.1540 | Aux Loss: 8.0457 | CER: 0.419 | Throughput: 116.9 aud-s/s | LR: 9.06e-06
  [Ref ]: बुरशीजन्य कीटकाच्या प्रादुर्भावामूळे फळगळती होऊ शकतली काय ?...
  [Pred]: पाषे केना क्ा बचत पात्रभवमुहे फळयनाती व शकतली आाय...

Step  25425/60000 | Phase: 4B (Dynamic MoE) | CTC Loss: 1.1263 | Aux Loss: 8.0539 | CER: 0.535 | Throughput: 122.7 aud-s/s | LR: 9.06e-06
  [Ref ]: डेबिट म्हणजे काय ?...
  [Pred]: ठेवट म्हणजा कायचा ?...

Step  25450/60000 | Phase: 4B (Dynamic MoE) | CTC Loss: 1.1172 | Aux Loss: 8.0249 | CER: 0.295 | Throughput: 195.2 aud-s/s | LR: 9.06e-06
  [Ref ]: डेबिट कार्डचे काय फायदे आहेत ?...
  [Pred]: डेबिट कार्डचे काय फायक आहेत ?...

Step  25475/60000 | Phase: 4B (Dynamic MoE) | CTC Loss: 1.0973 | Aux Loss: 8.0197 | CER: 0.230 | Throughput: 122.0 aud-s/s | LR: 9.05e-06
  [Ref ]: एन.बी.एफ.सी ना जास्तीच्या सुविधा देण्यासाठी उपयुक्त ठरेल का ?...
  [Pred]: टी.एक.सीना जास्तीच्या सुविधा देण्साठीन उपीक पदल...

Step  25500/60000 | Phase: 4B (Dynamic MoE) | CTC Loss: 1.0561 | Aux Loss: 8.0300 | CER: 0.265 | Throughput: 174.9 aud-s/s | LR: 9.05e-06
  [Ref ]: कितीक परकारचं कर्ज रायते अस ते कस भेटते , हे कस मालूम पडनं ?...
  [Pred]: कितीक क्रकारचं कर्ज रायते अस ते कसत भेट हे कर बाले न पडन ?...

Step  25525/60000 | Phase: 4B (Dynamic MoE) | CTC Loss: 1.0286 | Aux Loss: 8.0311 | CER: 0.414 | Throughput: 575.2 aud-s/s | LR: 9.05e-06
  [Ref ]: बिल पे कसा करुचा ?...
  [Pred]:  स्ाफोता ?...

Step  25550/60000 | Phase: 4B (Dynamic MoE) | CTC Loss: 1.1335 | Aux Loss: 8.0191 | CER: 0.331 | Throughput:  26.5 aud-s/s | LR: 9.05e-06
  [Ref ]: कर्ज घ्यासाठी कोनची कागद लागते ?...
  [Pred]: कर्ज घ्यासाठी कोनची कागाद लागते ?...

Step  25575/60000 | Phase: 4B (Dynamic MoE) | CTC Loss: 1.1161 | Aux Loss: 8.0498 | CER: 0.231 | Throughput: 580.1 aud-s/s | LR: 9.05e-06
  [Ref ]: अंकुर फुटल्यावरच नवीन वनस्पती तयार होण्यास सुरूवात होते...
  [Pred]: सकर पूटला वस नधून वानस्पती कयारानत सुर्वात होते...

Step  25600/60000 | Phase: 4B (Dynamic MoE) | CTC Loss: 1.1707 | Aux Loss: 8.0490 | CER: 0.224 | Throughput:  99.4 aud-s/s | LR: 9.05e-06
  [Ref ]: वित्तीय संस्थांत व्यवसाय ऑपरेशन्सचो विस्तृत श्रेणी समाविष्ट असता...
  [Pred]: वित्तीय संथा तीयवसाय अपरशनचो विष्त्ृत ठेवीन समाज ट असता...

Step  25625/60000 | Phase: 4B (Dynamic MoE) | CTC Loss: 1.1088 | Aux Loss: 8.0409 | CER: 0.242 | Throughput: 493.7 aud-s/s | LR: 9.04e-06
  [Ref ]: उसाच्या शेतीक पाणी मोप लागता...
  [Pred]: खार्जय शेतीती काणी मोत  ?...

Step  25650/60000 | Phase: 4B (Dynamic MoE) | CTC Loss: 1.0687 | Aux Loss: 8.0272 | CER: 0.331 | Throughput: 145.6 aud-s/s | LR: 9.04e-06
  [Ref ]: टॅक्स जास्त असल्यामुळे गरीब लोकं त्रस्त आहेत...
  [Pred]: पज ास्तासल्या मळे दरीत लोकचो असता ह...

Step  25675/60000 | Phase: 4B (Dynamic MoE) | CTC Loss: 1.0900 | Aux Loss: 8.0362 | CER: 0.247 | Throughput: 840.3 aud-s/s | LR: 9.04e-06
  [Ref ]: सोयाबीन लागवडीसाठी युरियाचा वापर केला जातो का ?...
  [Pred]: पया चा लागवडीसाठी युरियाचा वापर केला जातो का ?...

Step  25700/60000 | Phase: 4B (Dynamic MoE) | CTC Loss: 1.0717 | Aux Loss: 8.0365 | CER: 0.292 | Throughput:  29.3 aud-s/s | LR: 9.04e-06
  [Ref ]: वस्तू आणि सेवा करामध्ये भारत सरकारने पाळलेल्या नियमांचा विचार केला जात...
  [Pred]: पस्टू आणि सेवा कडामध्ये भारत सरकारने करलयानिय मांच्या विजार केला जातो...

Step  25725/60000 | Phase: 4B (Dynamic MoE) | CTC Loss: 1.0274 | Aux Loss: 8.0627 | CER: 0.238 | Throughput: 620.5 aud-s/s | LR: 9.04e-06
  [Ref ]: माझ्या खात्यात कितके रुपये आसत ?...
  [Pred]: माझ्या खत क ा कपये आसत ?...

Step  25750/60000 | Phase: 4B (Dynamic MoE) | CTC Loss: 1.1096 | Aux Loss: 8.0179 | CER: 0.192 | Throughput: 609.3 aud-s/s | LR: 9.03e-06
  [Ref ]: ग्राइंडर मशिनच्या सहाय्याने धान्य बारीक केले जाते...
  [Pred]: ग्रॅनडेर मसूंचे सागनन धांनगार के...

Step  25775/60000 | Phase: 4B (Dynamic MoE) | CTC Loss: 1.0909 | Aux Loss: 8.0351 | CER: 0.292 | Throughput:  80.8 aud-s/s | LR: 9.03e-06
  [Ref ]: काढणी नंतर पीक साठवणीसाठी योग्य आहे की नाही कसे ओळखावे ?...
  [Pred]: मीन पीक साठवणीसाठी युपी.आय ची नाय कसे ओळखावे ?...

Step  25800/60000 | Phase: 4B (Dynamic MoE) | CTC Loss: 0.9576 | Aux Loss: 8.0331 | CER: 0.327 | Throughput:  75.1 aud-s/s | LR: 9.03e-06
  [Ref ]: प्रॉफीटची रक्कम ही मिळकतीच्या वेळेच्या खर्चापेक्षा जास्त असा...
  [Pred]: प्रॉकिकचीरक्कमहीनिकतीच्या वोत पकाच कैची जास्त असा...

Step  25825/60000 | Phase: 4B (Dynamic MoE) | CTC Loss: 1.0959 | Aux Loss: 8.0504 | CER: 0.236 | Throughput: 663.6 aud-s/s | LR: 9.03e-06
  [Ref ]: व्याज दर काय आस्तलो ?...
  [Pred]: व्यकदर काय असतला ?...

Step  25850/60000 | Phase: 4B (Dynamic MoE) | CTC Loss: 1.0865 | Aux Loss: 8.0313 | CER: 0.354 | Throughput: 523.1 aud-s/s | LR: 9.03e-06
  [Ref ]: नैसर्गिक रबर रबरच्या झाडांतना मिळवतत...
  [Pred]: नासारगिक रोबर रग्राक खालकना वावतत...

Step  25875/60000 | Phase: 4B (Dynamic MoE) | CTC Loss: 1.1952 | Aux Loss: 8.0127 | CER: 0.356 | Throughput:  71.6 aud-s/s | LR: 9.02e-06
  [Ref ]: मोठ्या उद्योगांना क्रेडिटचे कमी एक्सपोजर असण्याची शक्यता आहे...
  [Pred]: मोठा उद्योगांना क्रेडिट ची कमी एस पोजर असणनाी शक्ते का ?...

Step  25900/60000 | Phase: 4B (Dynamic MoE) | CTC Loss: 1.1022 | Aux Loss: 8.0485 | CER: 0.235 | Throughput:  24.7 aud-s/s | LR: 9.02e-06
  [Ref ]: संकरीत बियाणे हे दुसऱ्यावर्षी वापरता येईन का ?...
  [Pred]: संकरीत बियाने हे दुस्या वर्षी वापरता येईन का ?...

Step  25925/60000 | Phase: 4B (Dynamic MoE) | CTC Loss: 1.1206 | Aux Loss: 8.0587 | CER: 0.279 | Throughput: 302.5 aud-s/s | LR: 9.02e-06
  [Ref ]: योजना म्हटल्या काय ?...
  [Pred]: विरना म्हटजे काय ?...

Step  25950/60000 | Phase: 4B (Dynamic MoE) | CTC Loss: 1.1183 | Aux Loss: 8.0584 | CER: 0.248 | Throughput: 265.5 aud-s/s | LR: 9.02e-06
  [Ref ]: हरियाणामध्ये सर्वाधिक गहू आणि तांदूळ पिकवले जातात...
  [Pred]: हरयाणन मध्ये सु्वाधिक गव ाणि तांदुपकवडले जाता...

Step  25975/60000 | Phase: 4B (Dynamic MoE) | CTC Loss: 1.1204 | Aux Loss: 8.0279 | CER: 0.378 | Throughput: 173.1 aud-s/s | LR: 9.02e-06
  [Ref ]: रोटेशनल ग्राझिंगमध्ये , जनावरांना कुरणाच्या काही भागात हलवले जाते...
  [Pred]: केटनाला गराजसम्या जनावरंना करनीच्या खळी मागतालवली लाते...

Step  26000/60000 | Phase: 4B (Dynamic MoE) | CTC Loss: 1.0411 | Aux Loss: 8.0496 | CER: 0.237 | Throughput:  91.5 aud-s/s | LR: 9.01e-06
  [Ref ]: एन.इ.एफ.टी , आर.टी.जी.एस आणि आय.एम.पी.एस यामधील फरक काय आहे ?...
  [Pred]: एक.एफ.टी आर.टी.जी.ए साआणि आएम.पी.एस एामध्येल खर क आहे...

  🌟 New Best Model! cer = 0.2372 (Saved to best_model.pt)
  [Checkpoint] Step 26000 saved to runs\no-splitformer-moe-only\checkpoints\stage2_moe
Step  26025/60000 | Phase: 4B (Dynamic MoE) | CTC Loss: 1.1577 | Aux Loss: 8.0602 | CER: 0.422 | Throughput: 490.7 aud-s/s | LR: 9.01e-06
  [Ref ]: कर्ज कसा फेडुचा ?...
  [Pred]: कर्ज कसा फेडूा ?...

Step  26050/60000 | Phase: 4B (Dynamic MoE) | CTC Loss: 1.1265 | Aux Loss: 8.0227 | CER: 0.230 | Throughput: 293.9 aud-s/s | LR: 9.01e-06
  [Ref ]: जामनी जेली आपले घर बनाडता यस...
  [Pred]: जामनी येलेफ्लेगघरबनाडता येस...

Step  26075/60000 | Phase: 4B (Dynamic MoE) | CTC Loss: 1.1522 | Aux Loss: 8.0428 | CER: 0.335 | Throughput: 935.7 aud-s/s | LR: 9.01e-06
  [Ref ]: बाहेरच्या देशात असलेल्याक पैसे कसे पाठवचे ?...
  [Pred]: मारच्या दुशात असल्य मात पैसे कसे पाराचे ?...

Step  26100/60000 | Phase: 4B (Dynamic MoE) | CTC Loss: 1.0422 | Aux Loss: 8.1174 | CER: 0.193 | Throughput:  11.6 aud-s/s | LR: 9.01e-06
  [Ref ]: शासन शेतकरिसले शेत मशीनना किमतीसवर अनुदान देस...
  [Pred]: शाशन शेतकनीसले शेत मोशनना किमतीसवर अनुदान देस...

Step  26125/60000 | Phase: 4B (Dynamic MoE) | CTC Loss: 1.0820 | Aux Loss: 8.0319 | CER: 0.321 | Throughput: 482.3 aud-s/s | LR: 9.00e-06
  [Ref ]: ठेवी म्हटल्या काय ?...
  [Pred]: ठेव म्हणज्े काय ?...

Step  26150/60000 | Phase: 4B (Dynamic MoE) | CTC Loss: 1.1374 | Aux Loss: 8.0365 | CER: 0.310 | Throughput:  68.4 aud-s/s | LR: 9.00e-06
  [Ref ]: कास्तकाराइले शेतीचं मार्गदर्शन कुठून भेटन ?...
  [Pred]: कातकरळीबे शेतीचा कार्जदाशी कर भेठ ?...

Step  26175/60000 | Phase: 4B (Dynamic MoE) | CTC Loss: 1.2096 | Aux Loss: 8.0587 | CER: 0.351 | Throughput: 731.3 aud-s/s | LR: 9.00e-06
  [Ref ]: दोन एकर जमीनीसाठी एन.पी.के चे प्रमाण किती असावे ?...
  [Pred]: य कर्जमिेसाठी ए.टी.केएचे प्रमाण किती आसत ?...

Step  26200/60000 | Phase: 4B (Dynamic MoE) | CTC Loss: 1.0629 | Aux Loss: 8.1244 | CER: 0.436 | Throughput:  59.6 aud-s/s | LR: 9.00e-06
  [Ref ]: तुमका माहित असा हायसिंथ मुळात हलक्या निळा किंवा जांभळा फुल असा...
  [Pred]: ुमकमाईसहाई सिंत प्रजारीकेया आणिलया किं मलान फिवलह...

Step  26225/60000 | Phase: 4B (Dynamic MoE) | CTC Loss: 1.1653 | Aux Loss: 8.0349 | CER: 0.344 | Throughput: 432.3 aud-s/s | LR: 9.00e-06
  [Ref ]: बचत खाता म्हटल्या काय ?...
  [Pred]: बिरयि के म्हल्या काय ?...


--- Launching stage2_moe at 2026-09-27 08:00:32 ---

[stage2_moe: 3-Dialect MoE] Initializing on device: cuda (NVIDIA RTX A5000)
[Tokenizer] Loaded vocabulary with 105 tokens

[Upcycling] Loading Pre-trained checkpoint: runs\no-splitformer-moe-only\checkpoints\stage1_pretrain\best_model.pt
[Upcycling] Converting Conformer blocks [4, 5, 6, 7, 8, 9, 10, 11] to 3-Dialect MoE...
[Upcycling] Successfully upcycled 8 Conformer blocks to 3-Dialect MoE!
[Stage 4] Setting up differential LR — backbone (Layers 1-4) at 1/10 LR, MoE + CTC at full LR...
[Parameters] Trainable: 32,838,529 / 32,838,529 (100.0%)
  Backbone (1/10 LR): 7,995,392 params
  MoE + CTC (full LR): 24,843,137 params
[Dataset] Loading cached speaker split from: moe\respin_split_cache.json
[stage2_moe] Telemetry initialized.
  - Checkpoints: D:\marathi-asr\runs\no-splitformer-moe-only\checkpoints\stage2_moe
  - CSV Logging: D:\marathi-asr\runs\no-splitformer-moe-only\csvs\stage2_moe_metrics.csv
  - JSONL Trace: D:\marathi-asr\runs\no-splitformer-moe-only\logs\stage2_moe_telemetry.jsonl
[Resume] Resuming stage2_moe from: runs\no-splitformer-moe-only\checkpoints\stage2_moe\stage2_moe_step_26000.pt

[stage2_moe] Starting 3-Dialect MoE Training (Target Steps: 60000, Batch Size: 64)
  Phase 0  (CTC Warmup — no MoE routing): Steps 1 to 3000
  Phase 4A (Metadata-Guided Hard Routing): Steps 3001 to 10500
  Phase 4B (Dynamic Soft/Top-1 Routing): Steps 10501 to 60000
  Saving semantically to: 'D:\marathi-asr\runs\no-splitformer-moe-only\checkpoints\stage2_moe'

Step  26025/60000 | Phase: 4B (Dynamic MoE) | CTC Loss: 1.1006 | Aux Loss: 8.0579 | CER: 0.388 | Throughput: 123.9 aud-s/s | LR: 9.01e-06
  [Ref ]: चांगली पीक खयला हा ?...
  [Pred]: सांगली पेक किती ा ...

Step  26050/60000 | Phase: 4B (Dynamic MoE) | CTC Loss: 1.1052 | Aux Loss: 8.0389 | CER: 0.290 | Throughput:  47.2 aud-s/s | LR: 9.01e-06
  [Ref ]: मला सहा महिन्यांचे स्टेटमेंट मिळेल का ?...
  [Pred]: मला सामिन्यांचा सतमन मिळेल का ?...

Step  26075/60000 | Phase: 4B (Dynamic MoE) | CTC Loss: 1.1311 | Aux Loss: 8.0173 | CER: 0.270 | Throughput: 196.8 aud-s/s | LR: 9.01e-06
  [Ref ]: आपले कोणत्याही ऑफशोअर बँकेत खाते आहे का ?...
  [Pred]: आपले कोणत्याही कॉपस बके खाते आहेा ?...

Step  26100/60000 | Phase: 4B (Dynamic MoE) | CTC Loss: 1.0631 | Aux Loss: 8.0537 | CER: 0.322 | Throughput: 238.4 aud-s/s | LR: 9.01e-06
  [Ref ]: डेबिट हा लेखा प्रणालीतील प्रत्येक व्यवहाराचा एक पैलू आहे...
  [Pred]: डदुठा एेका परणारीचील प्रत्तेक वेवरचा एक परू आहे...

Step  26125/60000 | Phase: 4B (Dynamic MoE) | CTC Loss: 1.1763 | Aux Loss: 8.0605 | CER: 0.201 | Throughput: 166.0 aud-s/s | LR: 9.00e-06
  [Ref ]: विमाचो फायदो काय ?...
  [Pred]: विमाच फायदो काय ?...

Step  26150/60000 | Phase: 4B (Dynamic MoE) | CTC Loss: 1.0516 | Aux Loss: 8.0738 | CER: 0.436 | Throughput: 126.7 aud-s/s | LR: 9.00e-06
  [Ref ]: मोहनने मुलांना आज कागद निर्मितीचा इतिहास सांगितला...
  [Pred]: मयामलन नाज कामन घेण्मी केासा इिटी असावा ता...

Step  26175/60000 | Phase: 4B (Dynamic MoE) | CTC Loss: 1.0435 | Aux Loss: 8.0265 | CER: 0.204 | Throughput: 192.2 aud-s/s | LR: 9.00e-06
  [Ref ]: ॲमेझॉन रबर हे व्यवसायासाठी अत्यंत महत्त्वाचे मानले जाते...
  [Pred]: एणि गुंतलगरवी व्यवसायानाची अप्टेड बर ्पासे माध्ले जाते...

Step  26200/60000 | Phase: 4B (Dynamic MoE) | CTC Loss: 1.0802 | Aux Loss: 8.0373 | CER: 0.274 | Throughput: 241.2 aud-s/s | LR: 9.00e-06
  [Ref ]: गृह कर्ज पात्रतेचो अर्ज भरुच्यासाठी खयचे खयचे कागदपत्र लागतत ?...
  [Pred]: मह कर्ज पात्रतेतचोअर्ज भरूच्यासाठी खैयचे खयचे कागदपत्र लागतत ?...

Step  26225/60000 | Phase: 4B (Dynamic MoE) | CTC Loss: 1.1229 | Aux Loss: 8.0437 | CER: 0.659 | Throughput:  27.6 aud-s/s | LR: 9.00e-06
  [Ref ]: उफणणी म्हणजे काय असतां ?...
  [Pred]: का का ककेसा ?...

Step  26250/60000 | Phase: 4B (Dynamic MoE) | CTC Loss: 1.0015 | Aux Loss: 8.0219 | CER: 0.253 | Throughput: 100.0 aud-s/s | LR: 8.99e-06
  [Ref ]: मला दहा हजार रुपये मासिक कर्ज मिळू शकेल का ?...
  [Pred]: मला दा अरजिचु पे मा्सिक कर्ज मिळू शकेल काय ?...

Step  26275/60000 | Phase: 4B (Dynamic MoE) | CTC Loss: 1.0604 | Aux Loss: 8.0318 | CER: 0.253 | Throughput: 196.8 aud-s/s | LR: 8.99e-06
  [Ref ]: म्या वाचलंय की , सीताफळात पोटॅशियम बऱ्या प्रमाणात आसता...
  [Pred]: बाचलयकी सिता फळात कोटेशि अंबर्य प्रमाणर असता...

Step  26300/60000 | Phase: 4B (Dynamic MoE) | CTC Loss: 1.1151 | Aux Loss: 8.0542 | CER: 0.321 | Throughput: 304.8 aud-s/s | LR: 8.99e-06
  [Ref ]: कर्जावर लागलेला दंड कमी करता येईल का ?...
  [Pred]: करलावरलाचला दनड कमी करता येईल का ?...

Step  26325/60000 | Phase: 4B (Dynamic MoE) | CTC Loss: 1.0708 | Aux Loss: 8.0253 | CER: 0.295 | Throughput: 147.3 aud-s/s | LR: 8.99e-06
  [Ref ]: सूक्ष्म वित्त म्हणजे काय ?...
  [Pred]: चाता वित्त म्हणजे काय ?...

Step  26350/60000 | Phase: 4B (Dynamic MoE) | CTC Loss: 1.0937 | Aux Loss: 8.0260 | CER: 0.382 | Throughput:  45.5 aud-s/s | LR: 8.99e-06
  [Ref ]: झेंडू फुलांचा बहर जलद गतीने कसा वाढवता येईल ?...
  [Pred]: जबुकरनचाती जलदपतीने कसा वकरता येईल ?...

Step  26375/60000 | Phase: 4B (Dynamic MoE) | CTC Loss: 1.2075 | Aux Loss: 8.0322 | CER: 0.321 | Throughput: 202.3 aud-s/s | LR: 8.98e-06
  [Ref ]: कांदा पिकाची वाढ आपण लवकरात लवकर कशी करू शकतो ?...
  [Pred]: सांदा पिकाची वाढ आपवण लवकरत लवकर कशी करू शकतो ?...

Step  26400/60000 | Phase: 4B (Dynamic MoE) | CTC Loss: 1.0968 | Aux Loss: 8.0216 | CER: 0.323 | Throughput: 183.9 aud-s/s | LR: 8.98e-06
  [Ref ]: आपण अनेक दुकानांमध्ये फक्त पेटीएमद्वारे पैसे पाठवू शकता...
  [Pred]: आप मलाई बुगावाचा वते ठेव्वारे न्या सरकाता शकता...

Step  26425/60000 | Phase: 4B (Dynamic MoE) | CTC Loss: 0.9997 | Aux Loss: 8.0248 | CER: 0.362 | Throughput: 121.4 aud-s/s | LR: 8.98e-06
  [Ref ]: कापसाची मोजणी कशी करावी ?...
  [Pred]: कापसाची मतीत कशी कर्यावी ?...

Step  26450/60000 | Phase: 4B (Dynamic MoE) | CTC Loss: 1.1189 | Aux Loss: 8.0367 | CER: 0.343 | Throughput: 141.4 aud-s/s | LR: 8.98e-06
  [Ref ]: ब्रेड बनवण्यासाठी यीस्ट घेऊन या...
  [Pred]: गळ बलवण्याची की  किक्ती घेऊनी होत ?...

Step  26475/60000 | Phase: 4B (Dynamic MoE) | CTC Loss: 1.1808 | Aux Loss: 8.0470 | CER: 0.435 | Throughput: 921.7 aud-s/s | LR: 8.98e-06
  [Ref ]: दुधाळू जनावराइले वला अस सुका चारा किती द्या लागन ?...
  [Pred]: दिजमो जनावरायले  मले आसाच वकया किती द्या लाते ?...

Step  26500/60000 | Phase: 4B (Dynamic MoE) | CTC Loss: 1.0811 | Aux Loss: 8.0219 | CER: 0.209 | Throughput: 263.2 aud-s/s | LR: 8.97e-06
  [Ref ]: पुऱ्या घरात मी ऐकला पैसे कमवत असन तर मले कर्ज घेता येईन का ?...
  [Pred]: पोर्या घरात मी एक्रा पैसे काममत असन तर म्ले कर्ज घेता येईन का ?...

Step  26525/60000 | Phase: 4B (Dynamic MoE) | CTC Loss: 1.0251 | Aux Loss: 8.0391 | CER: 0.199 | Throughput: 134.1 aud-s/s | LR: 8.97e-06
  [Ref ]: बँकेत चेक कसो भरायचो ?...
  [Pred]: बँकेत चेक कसा करायचो ?...

Step  26550/60000 | Phase: 4B (Dynamic MoE) | CTC Loss: 1.1104 | Aux Loss: 8.0202 | CER: 0.281 | Throughput: 131.0 aud-s/s | LR: 8.97e-06
  [Ref ]: सीड मनी स्वतःचे भांडवल तयार करतो...
  [Pred]: फाटमाटा खताचे भावल तयार करतो...

Step  26575/60000 | Phase: 4B (Dynamic MoE) | CTC Loss: 1.0391 | Aux Loss: 8.0139 | CER: 0.309 | Throughput: 200.4 aud-s/s | LR: 8.97e-06
  [Ref ]: तुमच्या क्रेडीट कार्ड स्टेटमेंट मध्ये दोन बिलाचे ऑप्शन दिसतले...
  [Pred]: सुमच्या क्डेडिट कार् टेटनेटसरे दो ककांच संगित कलेल...

Step  26600/60000 | Phase: 4B (Dynamic MoE) | CTC Loss: 1.1089 | Aux Loss: 8.0606 | CER: 0.287 | Throughput: 275.8 aud-s/s | LR: 8.97e-06
  [Ref ]: माझो शेजारी रमेश तेच्याकडे सात एकर हॉर्म हा...
  [Pred]: माझू शे झारीरेमे स्टेच्या कड  एक ह हेन हा ?...

Step  26625/60000 | Phase: 4B (Dynamic MoE) | CTC Loss: 1.0104 | Aux Loss: 8.0274 | CER: 0.214 | Throughput: 134.2 aud-s/s | LR: 8.96e-06
  [Ref ]: उपकरणे खैयची खैयची आसत ?...
  [Pred]: उप्काणन खयचे खयचे आसत ?...

Step  26650/60000 | Phase: 4B (Dynamic MoE) | CTC Loss: 1.1470 | Aux Loss: 8.0127 | CER: 0.170 | Throughput: 116.6 aud-s/s | LR: 8.96e-06
  [Ref ]: खयच्या किटकांमुळे फळझाडांचा नुकसान होता ?...
  [Pred]: खयच्या कीटकांमुळे फरझाडांचा नुकसान होता ?...

Step  26675/60000 | Phase: 4B (Dynamic MoE) | CTC Loss: 1.1779 | Aux Loss: 8.0098 | CER: 0.328 | Throughput: 165.0 aud-s/s | LR: 8.96e-06
  [Ref ]: भारतीय कर कायद्याबद्दल लोकांना साक्षर करण्याची गरज आहे...
  [Pred]: भारतात कर कायदयबद्दल मरमा साक्षूर करण्याची गरज आहे...

Step  26700/60000 | Phase: 4B (Dynamic MoE) | CTC Loss: 1.0217 | Aux Loss: 8.0250 | CER: 0.200 | Throughput: 206.3 aud-s/s | LR: 8.96e-06
  [Ref ]: ज्या मध्ये उत्पादनाचा प्रमाण किंवा किंमत कमी असता त्याका लघु व्यवसाय म...
  [Pred]: यामध्ये उत्पादनचा प्रमाण किंमा किंमत कमी असता तका लगू व्यवसाय म्हणतत...

Step  26725/60000 | Phase: 4B (Dynamic MoE) | CTC Loss: 1.0997 | Aux Loss: 8.0409 | CER: 0.412 | Throughput: 145.8 aud-s/s | LR: 8.96e-06
  [Ref ]: कमी वेळात भात शेती कशी करुची ?...
  [Pred]: मीया पाा काती कशी करता ?...

Step  26750/60000 | Phase: 4B (Dynamic MoE) | CTC Loss: 1.0524 | Aux Loss: 8.0198 | CER: 0.286 | Throughput: 103.2 aud-s/s | LR: 8.95e-06
  [Ref ]: ऑनलाइन के.वाय.सी अपडेट करता येते का ?...
  [Pred]: ऑनलाइन के.वायससी अबई करता येते का ?...

Step  26775/60000 | Phase: 4B (Dynamic MoE) | CTC Loss: 1.0599 | Aux Loss: 8.0400 | CER: 0.239 | Throughput: 166.0 aud-s/s | LR: 8.95e-06
  [Ref ]: कारल्याचा वेल मंडप कायचा करावा लागन ?...
  [Pred]: कारल्याचा वेल मंद कायचा कवा लागन ?...

Step  26800/60000 | Phase: 4B (Dynamic MoE) | CTC Loss: 1.1886 | Aux Loss: 8.0051 | CER: 0.361 | Throughput: 219.4 aud-s/s | LR: 8.95e-06
  [Ref ]: आर्थिक उद्योगाच्या कर्मचाऱ्यांना , बँकेमध्ये काम करणाऱ्या लोकांना बोनस...
  [Pred]: आर्थिक उद्योगाच्या कर्म चराचा बँकेमध्ये काम करणना्ा रो्ाना गूनस कोनत्य...

Step  26825/60000 | Phase: 4B (Dynamic MoE) | CTC Loss: 1.1842 | Aux Loss: 8.0123 | CER: 0.457 | Throughput: 118.1 aud-s/s | LR: 8.95e-06
  [Ref ]: कर्ज कसा करूचा ?...
  [Pred]: कर्ज कूे क ?...

Step  26850/60000 | Phase: 4B (Dynamic MoE) | CTC Loss: 1.1133 | Aux Loss: 8.0268 | CER: 0.281 | Throughput: 150.4 aud-s/s | LR: 8.95e-06
  [Ref ]: सोंडे या कीटकांचा बंदोबस्त करायले का करावं लागीन ?...
  [Pred]: सोंडीया कीटकांना बंनबस कराये कहाहा ता लागे ...

Step  26875/60000 | Phase: 4B (Dynamic MoE) | CTC Loss: 1.0528 | Aux Loss: 8.0125 | CER: 0.346 | Throughput: 208.1 aud-s/s | LR: 8.94e-06
  [Ref ]: एखादो हप्तो भरुक वेळ लागलो तर काय होतला ?...
  [Pred]: पिकादो होप्तो भ वेळ लाला काय होतला ?...

Step  26900/60000 | Phase: 4B (Dynamic MoE) | CTC Loss: 1.0195 | Aux Loss: 8.0696 | CER: 0.371 | Throughput: 188.4 aud-s/s | LR: 8.94e-06
  [Ref ]: बिल ऑनलाइन दर महिन्याला बँकेतून वजा झाल्यावर मला मेसेज येईल का ?...
  [Pred]: बिल ऑनलाइन दर मनाला बँकेतून बझा झा्ी मला मसाेज येईल का ?...

Step  26925/60000 | Phase: 4B (Dynamic MoE) | CTC Loss: 1.0795 | Aux Loss: 8.0511 | CER: 0.173 | Throughput: 125.8 aud-s/s | LR: 8.94e-06
  [Ref ]: उपकरण काय असता ?...
  [Pred]: उतकरण का असता ?...

Step  26950/60000 | Phase: 4B (Dynamic MoE) | CTC Loss: 1.0591 | Aux Loss: 8.0133 | CER: 0.284 | Throughput: 144.5 aud-s/s | LR: 8.94e-06
  [Ref ]: आम्ही आपल्या दैनंदिन जीवनात कागद वापरतो...
  [Pred]: तुम्मी आपल्या देन माठी कोण्यात कागद वापरतो...

Step  26975/60000 | Phase: 4B (Dynamic MoE) | CTC Loss: 1.0618 | Aux Loss: 8.0360 | CER: 0.302 | Throughput: 241.5 aud-s/s | LR: 8.93e-06
  [Ref ]: गुराढोरांका पोषक चारो आवश्यक हा तेव्हाच ती निरोगी रवतली...
  [Pred]: गुराढवरंका पषक चारा वश्यकाते वती प दिलवत...

Step  27000/60000 | Phase: 4B (Dynamic MoE) | CTC Loss: 1.0723 | Aux Loss: 8.0751 | CER: 0.326 | Throughput: 181.5 aud-s/s | LR: 8.93e-06
  [Ref ]: काळ्या मातीत पराटीच्या कोनच्या जातीची लागवड कराव ?...
  [Pred]:  काळ्यामती परबीच्या कोनच्या जातीची लागवड करव ?...

  🌟 New Best Model! cer = 0.3258 (Saved to best_model.pt)
  [Checkpoint] Step 27000 saved to runs\no-splitformer-moe-only\checkpoints\stage2_moe
Step  27025/60000 | Phase: 4B (Dynamic MoE) | CTC Loss: 1.1278 | Aux Loss: 8.0904 | CER: 0.305 | Throughput: 114.1 aud-s/s | LR: 8.93e-06
  [Ref ]: चाफा...
  [Pred]: चाता...

Step  27050/60000 | Phase: 4B (Dynamic MoE) | CTC Loss: 1.1029 | Aux Loss: 8.0416 | CER: 0.359 | Throughput:  50.5 aud-s/s | LR: 8.93e-06
  [Ref ]: खयच्या मातीयेक काळी पृथ्वी म्हणतत ?...
  [Pred]: खयच्या मातीत काय मृखरे मत ?...

Step  27075/60000 | Phase: 4B (Dynamic MoE) | CTC Loss: 1.1199 | Aux Loss: 8.0120 | CER: 0.244 | Throughput: 280.2 aud-s/s | LR: 8.93e-06
  [Ref ]: तुम्हाला माहित आहे का की बाजारात चंदन खूप महाग आहे ?...
  [Pred]: तुम्हाला माहीता एका ही बाजारा चंद सरी महाग आहे...

Step  27100/60000 | Phase: 4B (Dynamic MoE) | CTC Loss: 0.9720 | Aux Loss: 8.0159 | CER: 0.321 | Throughput: 311.4 aud-s/s | LR: 8.92e-06
  [Ref ]: व्यावसायिक बँका मध्यम व्यवसायांना ठेवी खाती आणि कर्जासह बँकिंग सेवा दे...
  [Pred]: व्यावससायिक बँकांमध्यी न्यवस्थाव सेवीसाठी आणि कर्जमय बँकिंग सेवा देतत...

Step  27125/60000 | Phase: 4B (Dynamic MoE) | CTC Loss: 1.0707 | Aux Loss: 8.0311 | CER: 0.298 | Throughput:  36.6 aud-s/s | LR: 8.92e-06
  [Ref ]: कोबीचे किती प्रकार आहेत ?...
  [Pred]: कोबीची किती ्रकरायत ?...

Step  27150/60000 | Phase: 4B (Dynamic MoE) | CTC Loss: 0.9261 | Aux Loss: 8.0210 | CER: 0.333 | Throughput: 130.8 aud-s/s | LR: 8.92e-06
  [Ref ]: जास्ती पैशे मिळतील असो सामाजिक योजना सांगा ?...
  [Pred]: जासती पैशे मेहतील अस सामा्य योना सांगा...

Step  27175/60000 | Phase: 4B (Dynamic MoE) | CTC Loss: 1.0832 | Aux Loss: 8.0314 | CER: 0.361 | Throughput: 344.2 aud-s/s | LR: 8.92e-06
  [Ref ]: मी माझ्या झेंडूचा बहर जलद कसा बनवू शकतो ?...
  [Pred]: ममी बचातेवीचा बहर जलत कसा बमू शकते ?...

Step  27200/60000 | Phase: 4B (Dynamic MoE) | CTC Loss: 1.0471 | Aux Loss: 8.1011 | CER: 0.247 | Throughput: 229.0 aud-s/s | LR: 8.92e-06
  [Ref ]: शेतकरी हेल्पलाईन क्रमांकावर बियाणे निवडूसाठी सल्लो दिलो जाता...
  [Pred]: शेतकरी हेटलाइन करांकावर बियाण निवूसाठी सल्ल दिवा...

Step  27225/60000 | Phase: 4B (Dynamic MoE) | CTC Loss: 1.0341 | Aux Loss: 8.0245 | CER: 0.249 | Throughput: 123.5 aud-s/s | LR: 8.91e-06
  [Ref ]: क्रेडिट म्हणजे काय ?...
  [Pred]: के्ट म्हणजे काय ?...

Step  27250/60000 | Phase: 4B (Dynamic MoE) | CTC Loss: 1.0316 | Aux Loss: 8.0171 | CER: 0.119 | Throughput:  47.8 aud-s/s | LR: 8.91e-06
  [Ref ]: कंपनीचे भागभांडवल वाढले आहे...
  [Pred]: कंपनीचे भाग भांडवलन वाढले आहे...

Step  27275/60000 | Phase: 4B (Dynamic MoE) | CTC Loss: 0.9994 | Aux Loss: 8.0372 | CER: 0.333 | Throughput: 151.6 aud-s/s | LR: 8.91e-06
  [Ref ]: शेत जमिनीवर कर्ज घेऊचा झाल्यास काय कागदपत्र लागतली ?...
  [Pred]: सेप्धमिनीवर कर्ज घेवऊचा झाल्यास काय कागदपा कर ातली ?...

Step  27300/60000 | Phase: 4B (Dynamic MoE) | CTC Loss: 1.1459 | Aux Loss: 8.0015 | CER: 0.277 | Throughput: 197.3 aud-s/s | LR: 8.91e-06
  [Ref ]: दूध उद्योग हा प्रामुख्याने गाई म्हशींवर अवलंबून आहे...
  [Pred]: दोध उुयोग हाप्रामीच्यानी गाई महशींवर अवलंबून आहे...

Step  27325/60000 | Phase: 4B (Dynamic MoE) | CTC Loss: 1.0685 | Aux Loss: 8.0146 | CER: 0.373 | Throughput: 165.6 aud-s/s | LR: 8.91e-06
  [Ref ]: वजन म्हणजे काय असता ?...
  [Pred]: बचान म्हणजे कायल का ?...

Step  27350/60000 | Phase: 4B (Dynamic MoE) | CTC Loss: 1.0565 | Aux Loss: 8.0321 | CER: 0.182 | Throughput: 117.8 aud-s/s | LR: 8.90e-06
  [Ref ]: पैसे ट्रान्सफर करण्यासाठी जलद व सुरक्षित पर्याय कोणता ?...
  [Pred]: पसुट्रां्फर कारण्यासाठी गलद वपर्षित पार्ये कोणता ?...

Step  27375/60000 | Phase: 4B (Dynamic MoE) | CTC Loss: 1.0949 | Aux Loss: 8.0265 | CER: 0.261 | Throughput: 294.0 aud-s/s | LR: 8.90e-06
  [Ref ]: चलनवाढीमुळे प्रत्येक युनिट कमी वस्तू आणि सेवा खरेदी करतात...
  [Pred]: सालन वाडी मे शक्ते किडिट कमी वस्तू आनि सेवा खरेदी करतात...

Step  27400/60000 | Phase: 4B (Dynamic MoE) | CTC Loss: 0.9897 | Aux Loss: 8.0489 | CER: 0.254 | Throughput: 149.4 aud-s/s | LR: 8.90e-06
  [Ref ]: मेंढ्यांपासून मिळणार्या लोकरीपासून लोकरीचे मऊ धागे काढले जातात...
  [Pred]: मेंढ्ालपासन मिणार या क्रीपासून रोकरीचेा मुऊूद धि काढले जातात...

Step  27425/60000 | Phase: 4B (Dynamic MoE) | CTC Loss: 1.1578 | Aux Loss: 8.0394 | CER: 0.479 | Throughput: 105.7 aud-s/s | LR: 8.90e-06
  [Ref ]: विमा घेतल्याचो फाईदो काय ?...
  [Pred]: विा बे कीचो फायतो का ?...

Step  27450/60000 | Phase: 4B (Dynamic MoE) | CTC Loss: 1.1632 | Aux Loss: 8.0333 | CER: 0.177 | Throughput: 139.0 aud-s/s | LR: 8.90e-06
  [Ref ]: मी माझे मोबाइल बिल ऑनलाइन भरू शकते का ?...
  [Pred]: मी माझा मोबाई बिल ऑनाईन भरू शकते का ?...

Step  27475/60000 | Phase: 4B (Dynamic MoE) | CTC Loss: 1.0064 | Aux Loss: 8.0299 | CER: 0.289 | Throughput: 154.9 aud-s/s | LR: 8.89e-06
  [Ref ]: गहू काढण्याआधी किती दिवस पाणी देणे बंद करावे ?...
  [Pred]: गह काढण्ातीतीची दिवस थाप गेणंबंद करावे ?...

Step  27500/60000 | Phase: 4B (Dynamic MoE) | CTC Loss: 1.1519 | Aux Loss: 8.0742 | CER: 0.196 | Throughput: 156.4 aud-s/s | LR: 8.89e-06
  [Ref ]: सरकार , आंतरराष्ट्रीय व्यवहार , अंदाज आणि अपेक्षा हे बाजाराच्या ताकदीच...
  [Pred]: सरकार अआंतरष्रीय व्यवार अनदाजाणिय पेक्षेल बाजाराच्या ताकतीचे घटक आसत...

Step  27525/60000 | Phase: 4B (Dynamic MoE) | CTC Loss: 1.0384 | Aux Loss: 8.0390 | CER: 0.196 | Throughput: 109.6 aud-s/s | LR: 8.89e-06
  [Ref ]: डिजिटल वजन कसा करतत ?...
  [Pred]: ठेमीचर बाजार कसार करतो ?...

Step  27550/60000 | Phase: 4B (Dynamic MoE) | CTC Loss: 1.0995 | Aux Loss: 8.0172 | CER: 0.492 | Throughput:  88.6 aud-s/s | LR: 8.89e-06
  [Ref ]: कृष्णा पेंशनना पैसा लेवाले ब्यांकमा गया...
  [Pred]: पोसनी प्यन्शेना कायेलेयव्ाले बाका हा का ?...

Step  27575/60000 | Phase: 4B (Dynamic MoE) | CTC Loss: 1.0377 | Aux Loss: 8.0084 | CER: 0.246 | Throughput: 210.6 aud-s/s | LR: 8.89e-06
  [Ref ]: माका कर्ज फेडूक आजुन किती पैशे देऊचे उरले हत ?...
  [Pred]: माका कर्ज फ आजून किती पैसे देवाचे वरले हत ?...

Step  27600/60000 | Phase: 4B (Dynamic MoE) | CTC Loss: 1.1195 | Aux Loss: 8.1566 | CER: 0.398 | Throughput: 209.6 aud-s/s | LR: 8.88e-06
  [Ref ]: संत्रा पिकाच्या फटाफट वाढीसाठी कोनचे उपाव करा लागन ?...
  [Pred]: संद पिकचपडाकट वाढीली कोनचे उपाय करा लागन ?...

Step  27625/60000 | Phase: 4B (Dynamic MoE) | CTC Loss: 1.1176 | Aux Loss: 8.0485 | CER: 0.344 | Throughput: 149.3 aud-s/s | LR: 8.88e-06
  [Ref ]: आम्याची झाडा कशी लयतत ?...
  [Pred]: खरेची झाडाक कशी आत ?...

Step  27650/60000 | Phase: 4B (Dynamic MoE) | CTC Loss: 1.1751 | Aux Loss: 8.0227 | CER: 0.321 | Throughput:  90.1 aud-s/s | LR: 8.88e-06
  [Ref ]: हर महिन्याले माह्या खात्यातून कर्जाचे कितीक पैसे कटन ?...
  [Pred]: मंल्ाले मा्या खात्यातन कर्जाची किती पैैसे वाटन ?...

Step  27675/60000 | Phase: 4B (Dynamic MoE) | CTC Loss: 1.1475 | Aux Loss: 8.0289 | CER: 0.282 | Throughput: 173.5 aud-s/s | LR: 8.88e-06
  [Ref ]: माया स्कोर शून्य असन तर मले कर्ज भेटन का ?...
  [Pred]: माया कोर सनसन तर मले कर्ज भेटन का ?...

Step  27700/60000 | Phase: 4B (Dynamic MoE) | CTC Loss: 0.9679 | Aux Loss: 8.0379 | CER: 0.183 | Throughput: 174.0 aud-s/s | LR: 8.87e-06
  [Ref ]: काजूचा उत्त्पन कसल्या मातीत करुचा असता ?...
  [Pred]: काजूचा उत्पनन कसल्या माककीत कर्चा असता ?...

Step  27725/60000 | Phase: 4B (Dynamic MoE) | CTC Loss: 1.1446 | Aux Loss: 8.0161 | CER: 0.167 | Throughput: 131.3 aud-s/s | LR: 8.87e-06
  [Ref ]: ठेवी कशी भरूची ?...
  [Pred]: ठेवी कशी भरूची ?...

Step  27750/60000 | Phase: 4B (Dynamic MoE) | CTC Loss: 0.9196 | Aux Loss: 8.0334 | CER: 0.106 | Throughput: 100.4 aud-s/s | LR: 8.87e-06
  [Ref ]: के.वाय.सी साठी आवश्यक कागदपत्रे कोणती आहेत ?...
  [Pred]: के.वाय.सी साठी आवश्यक कागदपत्रे कोणती आहेत ?...

Step  27775/60000 | Phase: 4B (Dynamic MoE) | CTC Loss: 0.9843 | Aux Loss: 8.0522 | CER: 0.315 | Throughput: 162.1 aud-s/s | LR: 8.87e-06
  [Ref ]: शेणखत आणि लेंडी खतांमुळे जमिनीची धूप थांबेल का ?...
  [Pred]: शेणखतांनी मांडी खता माये जमिनीची धोप फंले आते...

Step  27800/60000 | Phase: 4B (Dynamic MoE) | CTC Loss: 0.9805 | Aux Loss: 8.0196 | CER: 0.263 | Throughput: 133.2 aud-s/s | LR: 8.87e-06
  [Ref ]: सरासरीपेक्षा जर पाउस कमी पडत व्हई ते सिंचन पध्दत फायदानी ठरस...
  [Pred]: सरासरीपेक्षा जरपाऊस कमी परत हाई तेशंचन पद्धत फायदेनी ठस...

Step  27825/60000 | Phase: 4B (Dynamic MoE) | CTC Loss: 1.0562 | Aux Loss: 8.0492 | CER: 0.412 | Throughput:  89.3 aud-s/s | LR: 8.86e-06
  [Ref ]: विमा म्हटल्या काय ?...
  [Pred]: लाम्य ाय ?...

Step  27850/60000 | Phase: 4B (Dynamic MoE) | CTC Loss: 0.9471 | Aux Loss: 8.0494 | CER: 0.288 | Throughput:  90.1 aud-s/s | LR: 8.86e-06
  [Ref ]: ऑनलाईन गुंतवणूक करण्यासाठी प्रक्रिया कशी आहे ?...
  [Pred]: ऑनलाइन भुतणूक करण्यासाठी प्रकिरियाआदुशी आहे...

Step  27875/60000 | Phase: 4B (Dynamic MoE) | CTC Loss: 1.0946 | Aux Loss: 8.0495 | CER: 0.247 | Throughput: 130.0 aud-s/s | LR: 8.86e-06
  [Ref ]: सामाजिक योजनेसून माका किती पैशे मिळतीत ?...
  [Pred]: सामाजिक जोजनेसून माका किती पैसे मती ?...

Step  27900/60000 | Phase: 4B (Dynamic MoE) | CTC Loss: 1.0546 | Aux Loss: 8.0268 | CER: 0.290 | Throughput: 157.6 aud-s/s | LR: 8.86e-06
  [Ref ]: इष्टतम उत्पादनासाठी शेतकरी चराईची अनेक भिन्न धोरणे वापरू शकतात...
  [Pred]: कष्टकान उबकनासाठी शेतकरी जराईची अनेक दिन्न धोरणे वाढू शकतात...

Step  27925/60000 | Phase: 4B (Dynamic MoE) | CTC Loss: 1.0923 | Aux Loss: 8.0170 | CER: 0.275 | Throughput: 198.3 aud-s/s | LR: 8.86e-06
  [Ref ]: हवामानाचा अंदाज कसा घ्यावा ?...
  [Pred]: होवबानाचा पण तास कसा घेावे ?...

Step  27950/60000 | Phase: 4B (Dynamic MoE) | CTC Loss: 1.0953 | Aux Loss: 8.0262 | CER: 0.345 | Throughput: 113.4 aud-s/s | LR: 8.85e-06
  [Ref ]: आंतरबँक कर्ज बाजारालाही काही कायदे आहेत का ?...
  [Pred]: संसरमर कया बाजाराणवेकरी कायदे होकता ?...

Step  27975/60000 | Phase: 4B (Dynamic MoE) | CTC Loss: 1.0755 | Aux Loss: 8.0179 | CER: 0.250 | Throughput: 159.0 aud-s/s | LR: 8.85e-06
  [Ref ]: बाजरी हे पीक कोणत्या हंगामात चांगल्या प्रकारे येऊ शकते ?...
  [Pred]: बाजामातीक कोणत्या हंगामात चागले प्रा ेवऊ शकते ?...

Step  28000/60000 | Phase: 4B (Dynamic MoE) | CTC Loss: 1.0987 | Aux Loss: 8.0285 | CER: 0.189 | Throughput:  74.1 aud-s/s | LR: 8.85e-06
  [Ref ]: यू.पी.आय मधून स्वत च्या खात्यात पैसे पाठवण्यासाठी काय करावे लागणार आहे...
  [Pred]: यू.पी.आय मधून सवताच्या खात्यात पैसे पाठवण्यासाठी काय करावे लागणार आहे ...

  🌟 New Best Model! cer = 0.1895 (Saved to best_model.pt)
  [Checkpoint] Step 28000 saved to runs\no-splitformer-moe-only\checkpoints\stage2_moe
Step  28025/60000 | Phase: 4B (Dynamic MoE) | CTC Loss: 1.1970 | Aux Loss: 8.0544 | CER: 0.502 | Throughput: 103.0 aud-s/s | LR: 8.85e-06
  [Ref ]: आज लय पाऊस पडतलो हा काय ?...
  [Pred]: ऑाआय फरका भरच लाल काय ?...

Step  28050/60000 | Phase: 4B (Dynamic MoE) | CTC Loss: 1.0892 | Aux Loss: 8.0181 | CER: 0.265 | Throughput: 632.4 aud-s/s | LR: 8.84e-06
  [Ref ]: आभासी कार्ड हरवण्याची कोणतीही भीती नाही...
  [Pred]: वाभासिक कार् परवण्याची कोणती ही घेतीला आहे ?...

Step  28075/60000 | Phase: 4B (Dynamic MoE) | CTC Loss: 1.1252 | Aux Loss: 8.0245 | CER: 0.317 | Throughput: 177.8 aud-s/s | LR: 8.84e-06
  [Ref ]: भारत आणि पुरा जगमा च्या हावू पेवानी गोट शे...
  [Pred]: माकाा दुराच गमाचा हाऊ पेवानी कोटशे...

Step  28100/60000 | Phase: 4B (Dynamic MoE) | CTC Loss: 1.0655 | Aux Loss: 8.0200 | CER: 0.139 | Throughput: 155.1 aud-s/s | LR: 8.84e-06
  [Ref ]: संत्र्याच्या बागीचाले पयलं पानी पट दिलं त चालन का ?...
  [Pred]: संत्र्याच्या बागीच्याले पयल पानी पड बिल चालन का ?...

Step  28125/60000 | Phase: 4B (Dynamic MoE) | CTC Loss: 1.0310 | Aux Loss: 8.0137 | CER: 0.298 | Throughput: 110.7 aud-s/s | LR: 8.84e-06
  [Ref ]: विमा धन काय असता ?...
  [Pred]: विमा धन काय असता ?...

Step  28150/60000 | Phase: 4B (Dynamic MoE) | CTC Loss: 1.2684 | Aux Loss: 8.0151 | CER: 0.472 | Throughput:  95.1 aud-s/s | LR: 8.84e-06
  [Ref ]: भारत सरकारने सर्व नागरिकांसाठी नवीन पेन्शन योजना सुरू केली आहे...
  [Pred]: भरा सरकारी सर्वत यी ज्यासाठी यगीन पेनचेन मिला वरतेले...

Step  28175/60000 | Phase: 4B (Dynamic MoE) | CTC Loss: 1.1207 | Aux Loss: 8.0363 | CER: 0.263 | Throughput:  82.9 aud-s/s | LR: 8.83e-06
  [Ref ]: जर मी स्वतः मिर्ची घेवून बाजारात बसलय तर माका फायदो होयत काय ?...
  [Pred]: जरमीयतामाची घन बाजाराक्डसले तर माका फायदो होयईत का ?...

Step  28200/60000 | Phase: 4B (Dynamic MoE) | CTC Loss: 1.0620 | Aux Loss: 8.0193 | CER: 0.266 | Throughput:  57.9 aud-s/s | LR: 8.83e-06
  [Ref ]: मला कृषी विपणन क्षेत्रात माझे करिअर करायचे आहे...
  [Pred]: मला कृषी वुप्णन शेतीचा माझे करीये करायची आहे ?...

Step  28225/60000 | Phase: 4B (Dynamic MoE) | CTC Loss: 1.1300 | Aux Loss: 8.0241 | CER: 0.279 | Throughput:  98.6 aud-s/s | LR: 8.83e-06
  [Ref ]: माझ्या फोनचा बिल किती इला ?...
  [Pred]: मला काचा बिल किती इला ?...

Step  28250/60000 | Phase: 4B (Dynamic MoE) | CTC Loss: 1.0973 | Aux Loss: 8.0149 | CER: 0.173 | Throughput: 121.0 aud-s/s | LR: 8.83e-06
  [Ref ]: माझ्या खात्यात किती पैसे जमा झाले आसत ?...
  [Pred]: माझ्या खात्यात किती पैसे जमा झालेा आसत ?...

Step  28275/60000 | Phase: 4B (Dynamic MoE) | CTC Loss: 1.0959 | Aux Loss: 8.0130 | CER: 0.323 | Throughput:  44.2 aud-s/s | LR: 8.83e-06
  [Ref ]: आर्थिक नियमनमा ग्राहकस्ले संरक्षण भेटस पण कशं...
  [Pred]: आर्थिक निय मम ग्रहकसल रक्षण भेटस पनक श...

Step  28300/60000 | Phase: 4B (Dynamic MoE) | CTC Loss: 0.9437 | Aux Loss: 8.0364 | CER: 0.229 | Throughput: 184.2 aud-s/s | LR: 8.82e-06
  [Ref ]: कमी खर्चात ऊसाचे अधिक उत्पादन घेण्यासाठी कोणते खत वापरावे ?...
  [Pred]: कमी खर्जात ऊसाचे अधिक उत्पादन घेण्यासाठी कोणते खत वापरावे ?...

Step  28325/60000 | Phase: 4B (Dynamic MoE) | CTC Loss: 1.0470 | Aux Loss: 8.0538 | CER: 0.173 | Throughput: 120.4 aud-s/s | LR: 8.82e-06
  [Ref ]: पॉलिसी अंतर्गत हमी काय आसा ?...
  [Pred]: कडिसेन तर्ज कमीकाय असा ?...

Step  28350/60000 | Phase: 4B (Dynamic MoE) | CTC Loss: 1.0186 | Aux Loss: 8.0407 | CER: 0.339 | Throughput: 113.0 aud-s/s | LR: 8.82e-06
  [Ref ]: आरोग्य बिमा काढासाठी मले काय करा लागन ?...
  [Pred]: आरो्गये विमा काढासाठी मले का कप लागन ?...

Step  28375/60000 | Phase: 4B (Dynamic MoE) | CTC Loss: 1.1040 | Aux Loss: 8.0575 | CER: 0.398 | Throughput:  65.8 aud-s/s | LR: 8.82e-06
  [Ref ]: मी आज युनियन बँकेत दोन हजार रुपये जमा केले आहेत...
  [Pred]: मजनन बँकत दोन हहजा रुपे गन केले आ...

Step  28400/60000 | Phase: 4B (Dynamic MoE) | CTC Loss: 1.0298 | Aux Loss: 8.0549 | CER: 0.168 | Throughput: 180.2 aud-s/s | LR: 8.81e-06
  [Ref ]: माझा पहिला जोडखाता आसा त्याका वैयक्तिक करूचा असा ता मी कसा करू ?...
  [Pred]: माका पयला दोड खता श्या तरका गैययक्ति करूच अचासल कसा कडू ?...

Step  28425/60000 | Phase: 4B (Dynamic MoE) | CTC Loss: 1.0918 | Aux Loss: 8.0328 | CER: 0.395 | Throughput:  62.8 aud-s/s | LR: 8.81e-06
  [Ref ]: एन.पी.के कशाक वापरतत ?...
  [Pred]: एस.पीक ार ककसा ापरत ?...

Step  28450/60000 | Phase: 4B (Dynamic MoE) | CTC Loss: 1.1558 | Aux Loss: 8.0207 | CER: 0.239 | Throughput: 116.1 aud-s/s | LR: 8.81e-06
  [Ref ]: मला मागील वर्षाचे खाते विवरण पत्र मिळेल का ?...
  [Pred]: मला मागील वर्षासेरपविवरंपत्र मिळेल का ?...

Step  28475/60000 | Phase: 4B (Dynamic MoE) | CTC Loss: 0.9342 | Aux Loss: 8.0181 | CER: 0.270 | Throughput: 148.2 aud-s/s | LR: 8.81e-06
  [Ref ]: कुठलीही वस्तू तारण न ठेवता मला कर्ज मिळू शकते का ?...
  [Pred]: कोकलीही वयस्ततारणन ठवता मला कर्ज मिळूश शकते का ?...

Step  28500/60000 | Phase: 4B (Dynamic MoE) | CTC Loss: 1.0923 | Aux Loss: 8.0302 | CER: 0.273 | Throughput: 184.8 aud-s/s | LR: 8.81e-06
  [Ref ]: बचत खाते उघडून आपण आपल्या बचतीच्या रकमेवर व्याज मिळवू शकतो...
  [Pred]: बचत खते उकणू ह आापण्या बचतीचरातनेवर गयाल दिळाऊ शकतो...

Step  28525/60000 | Phase: 4B (Dynamic MoE) | CTC Loss: 1.0077 | Aux Loss: 8.0389 | CER: 0.392 | Throughput:  97.8 aud-s/s | LR: 8.80e-06
  [Ref ]: विमा कशासाठी उघडलो जाता ?...
  [Pred]: वि्च साम उघरडला जाता ?...

Step  28550/60000 | Phase: 4B (Dynamic MoE) | CTC Loss: 1.0967 | Aux Loss: 8.0277 | CER: 0.336 | Throughput: 114.5 aud-s/s | LR: 8.80e-06
  [Ref ]: मी या महिन्याचे कर्ज फेडले...
  [Pred]: यया वम्याची कर्ज फेडने ?...

Step  28575/60000 | Phase: 4B (Dynamic MoE) | CTC Loss: 0.9985 | Aux Loss: 8.0125 | CER: 0.210 | Throughput: 167.8 aud-s/s | LR: 8.80e-06
  [Ref ]: झिंक खत पिकाच्या वाढीसाठी कोन्या कामाचं हाये ?...
  [Pred]: झींकत पिकाच्या वाढीसाठी को्या का माच्े आहाते ?...

Step  28600/60000 | Phase: 4B (Dynamic MoE) | CTC Loss: 1.0887 | Aux Loss: 8.0549 | CER: 0.318 | Throughput: 191.1 aud-s/s | LR: 8.80e-06
  [Ref ]: माका तुमच्या बँकेत बचत खाता उघडूचा असा ?...
  [Pred]: माकातुमच्या बँकेत बचत खाता उघडूचा असा...

Step  28625/60000 | Phase: 4B (Dynamic MoE) | CTC Loss: 1.0296 | Aux Loss: 8.0319 | CER: 0.329 | Throughput:  89.6 aud-s/s | LR: 8.80e-06
  [Ref ]: ठेवी म्हटल्या काय ?...
  [Pred]: वय  म्य काय ?...

Step  28650/60000 | Phase: 4B (Dynamic MoE) | CTC Loss: 1.0190 | Aux Loss: 8.0189 | CER: 0.148 | Throughput:  90.4 aud-s/s | LR: 8.79e-06
  [Ref ]: डिजिटल वजन कसा करतत ?...
  [Pred]: बिफिटल बचन कसा करता ?...

Step  28675/60000 | Phase: 4B (Dynamic MoE) | CTC Loss: 0.9791 | Aux Loss: 8.0145 | CER: 0.291 | Throughput:  60.4 aud-s/s | LR: 8.79e-06
  [Ref ]: फळ थंड करण्याची आवश्यकता का आहे ?...
  [Pred]: फ्ो कविल करण्याचे अवड का आहे ?...

Step  28700/60000 | Phase: 4B (Dynamic MoE) | CTC Loss: 1.0677 | Aux Loss: 8.0262 | CER: 0.285 | Throughput: 175.5 aud-s/s | LR: 8.79e-06
  [Ref ]: एक हेक्टर मक्याच्या पिकांका गरजेच्या खतांचो प्रमाण कसो वापरतत ?...
  [Pred]: ट हक्टर म्ेच्या पिकांता गरदीच्या खतांचो प्रमाण कसो वापरतत ?...

Step  28725/60000 | Phase: 4B (Dynamic MoE) | CTC Loss: 0.9727 | Aux Loss: 8.0658 | CER: 0.136 | Throughput:  21.4 aud-s/s | LR: 8.79e-06
  [Ref ]: रिचार्ज कसा करायचा ?...
  [Pred]: विशार्ज कसा काखायचा ?...

Step  28750/60000 | Phase: 4B (Dynamic MoE) | CTC Loss: 1.0711 | Aux Loss: 8.0376 | CER: 0.285 | Throughput: 132.2 aud-s/s | LR: 8.78e-06
  [Ref ]: केळाच्या पिकाच्या चांगल्या वाढीसाठी कोनचं खत वापरा लागन ?...
  [Pred]: स्याच्या पिकाच्ा चांगल्या वागीसाठी कोनते कस वापरा लागन ?...

Step  28775/60000 | Phase: 4B (Dynamic MoE) | CTC Loss: 1.0322 | Aux Loss: 8.0172 | CER: 0.278 | Throughput: 167.7 aud-s/s | LR: 8.78e-06
  [Ref ]: जास्त पाऊस असला त शेतीमंदी काय उपाययोजना करा लागन ?...
  [Pred]: जास्त पाऊ अस ला क चे पीमंदी का पा योजना कता लागन ?...

Step  28800/60000 | Phase: 4B (Dynamic MoE) | CTC Loss: 1.0612 | Aux Loss: 8.2342 | CER: 0.386 | Throughput: 151.9 aud-s/s | LR: 8.78e-06
  [Ref ]: दुभत्या जनावरांका खयचा खाद्य देऊक व्हया ?...
  [Pred]: तुक्के जनावेळक खयचया खते देवक कय ?...

Step  28825/60000 | Phase: 4B (Dynamic MoE) | CTC Loss: 0.9914 | Aux Loss: 8.0463 | CER: 0.181 | Throughput:  79.6 aud-s/s | LR: 8.78e-06
  [Ref ]: के.वाय.सी किदयाक करूची ?...
  [Pred]: के.वाय.सी किड्याक करूची ?...

Step  28850/60000 | Phase: 4B (Dynamic MoE) | CTC Loss: 0.9678 | Aux Loss: 8.0073 | CER: 0.258 | Throughput: 141.9 aud-s/s | LR: 8.78e-06
  [Ref ]: बाजरीचे पीक आपण लवकरात लवकर कसे घेऊ शकतो ?...
  [Pred]: भाजरीचेत आपण लवकरात लवकर कसे घेऊ शकतो ?...

Step  28875/60000 | Phase: 4B (Dynamic MoE) | CTC Loss: 1.1015 | Aux Loss: 8.0539 | CER: 0.427 | Throughput:  54.7 aud-s/s | LR: 8.77e-06
  [Ref ]: ढगाळ वातावरणामंदी कोनची फवारनी कराव ?...
  [Pred]: ढार खातावलामं्देी कोनचे फवारगिक कराव ?...

Step  28900/60000 | Phase: 4B (Dynamic MoE) | CTC Loss: 1.0729 | Aux Loss: 8.0598 | CER: 0.383 | Throughput: 173.2 aud-s/s | LR: 8.77e-06
  [Ref ]: तुम्ही तुमच्या फोनवरून कृषी उपकरणे खरेदी करण्यासाठी ऐप्स देखील वापरू श...
  [Pred]: मु्ही दुमच्या पवरू पकर कराेची करढण्यासाठी कदेके वापरू शकतो ?...

Step  28925/60000 | Phase: 4B (Dynamic MoE) | CTC Loss: 1.0326 | Aux Loss: 8.0366 | CER: 0.371 | Throughput:  73.6 aud-s/s | LR: 8.77e-06
  [Ref ]: ट्रॅक्टर उपकरण काय असा ?...
  [Pred]: कार्ज उपकपरण काय असा ?...

Step  28950/60000 | Phase: 4B (Dynamic MoE) | CTC Loss: 1.1173 | Aux Loss: 8.0069 | CER: 0.113 | Throughput: 174.8 aud-s/s | LR: 8.77e-06
  [Ref ]: संत्रा , मोसंबीवर फवारा माराले कोनचा पंप चांगला रायते ?...
  [Pred]: संत्र मोसंमबियर घवा्य माराले कोनचंा फवपत चंमदा रायते ?...

Step  28975/60000 | Phase: 4B (Dynamic MoE) | CTC Loss: 1.0138 | Aux Loss: 8.0211 | CER: 0.247 | Throughput: 167.8 aud-s/s | LR: 8.77e-06
  [Ref ]: मले माया दोन एकर वावरावर कितीक कर्ज भेटन ?...
  [Pred]: मले माया दो्ा ातर वावरावर कितीक कर्ज भेटन ?...

Step  29000/60000 | Phase: 4B (Dynamic MoE) | CTC Loss: 1.0263 | Aux Loss: 8.0349 | CER: 0.153 | Throughput: 181.5 aud-s/s | LR: 8.76e-06
  [Ref ]: स्कॉलरशिप भेटासाठी मले खात खोलने गरजेचे हाय तर कुणाशी संपर्क करा लागन ...
  [Pred]: कॉरसिक भेटासाठी मले खात खोलनेय भोरजेच्े हाय कर कोनाशी संपर्क करा लागन ...

  🌟 New Best Model! cer = 0.1535 (Saved to best_model.pt)
  [Checkpoint] Step 29000 saved to runs\no-splitformer-moe-only\checkpoints\stage2_moe
Step  29025/60000 | Phase: 4B (Dynamic MoE) | CTC Loss: 1.0833 | Aux Loss: 8.0257 | CER: 0.271 | Throughput: 121.7 aud-s/s | LR: 8.76e-06
  [Ref ]: यू.पी.आय वरसून पैसे कसे पाठवचे ?...
  [Pred]: यू.पी.आय वरसून पैसे कसा करच ?...

Step  29050/60000 | Phase: 4B (Dynamic MoE) | CTC Loss: 1.0127 | Aux Loss: 8.0276 | CER: 0.239 | Throughput: 113.4 aud-s/s | LR: 8.76e-06
  [Ref ]: पैसे पाठवण्याच्या दोन पद्धती कोणत्या आहेत ?...
  [Pred]:  वाठवणाच्या दन पद्धती कोणतात ?...

Step  29075/60000 | Phase: 4B (Dynamic MoE) | CTC Loss: 1.0879 | Aux Loss: 8.0342 | CER: 0.322 | Throughput: 130.6 aud-s/s | LR: 8.76e-06
  [Ref ]: सिस्टमॅटिकली इंपॉर्टंट एन.बी.एफ.सी म्हणजे काय ?...
  [Pred]: सत्प नाशिकलिम ट्टब्ट संबि.एफ.सी हजत...

Step  29100/60000 | Phase: 4B (Dynamic MoE) | CTC Loss: 1.0720 | Aux Loss: 8.0702 | CER: 0.235 | Throughput: 193.1 aud-s/s | LR: 8.75e-06
  [Ref ]: मी आरोग्य विम्यासाठी अर्ज करू शकतो का ?...
  [Pred]: मी रग्य विमासाठी अर्ज करू शकतो का ?...

Step  29125/60000 | Phase: 4B (Dynamic MoE) | CTC Loss: 1.0084 | Aux Loss: 8.0244 | CER: 0.269 | Throughput: 170.4 aud-s/s | LR: 8.75e-06
  [Ref ]: वैभव वीळ्याची किंमत किती हा ?...
  [Pred]: वभव विया ची चीमाहकीत का ?...

Step  29150/60000 | Phase: 4B (Dynamic MoE) | CTC Loss: 0.9059 | Aux Loss: 8.0190 | CER: 0.143 | Throughput: 106.6 aud-s/s | LR: 8.75e-06
  [Ref ]: ऑनलाईन पद्धतीनं बी बिमा भरता येते का ?...
  [Pred]: नलाइन पधतीन बि मा भरता येते का ?...

Step  29175/60000 | Phase: 4B (Dynamic MoE) | CTC Loss: 1.0094 | Aux Loss: 8.0385 | CER: 0.380 | Throughput: 179.8 aud-s/s | LR: 8.75e-06
  [Ref ]: राहुलचे वडील सूती कापड बिनण्याचा काम करतात...
  [Pred]: रागू चे माल सुधीनर बि्न याचा काम करतात...

Step  29200/60000 | Phase: 4B (Dynamic MoE) | CTC Loss: 1.1214 | Aux Loss: 8.0374 | CER: 0.277 | Throughput: 161.5 aud-s/s | LR: 8.75e-06
  [Ref ]: सवलतीचे कर्ज हे कमी व्याजदरावर उपलब्ध असलेले कर्ज आहे...
  [Pred]: सनतीचे कर्ज हे कमी व्याजदरावरा उपलगड सलेले कर्ज आहे...

Step  29225/60000 | Phase: 4B (Dynamic MoE) | CTC Loss: 1.0920 | Aux Loss: 8.0177 | CER: 0.245 | Throughput:  26.2 aud-s/s | LR: 8.74e-06
  [Ref ]: योजना काय आसत ?...
  [Pred]: येईना का अस ?...

Step  29250/60000 | Phase: 4B (Dynamic MoE) | CTC Loss: 1.0054 | Aux Loss: 8.0181 | CER: 0.314 | Throughput: 139.0 aud-s/s | LR: 8.74e-06
  [Ref ]: कर्जाची परतफेड करण्याच्या विविध पद्धती कोणत्या आहेत ?...
  [Pred]: कर्जाची परतफेड कारण्याच्य विकत पद्धताकल ळेत...

Step  29275/60000 | Phase: 4B (Dynamic MoE) | CTC Loss: 1.0680 | Aux Loss: 8.0293 | CER: 0.223 | Throughput: 163.1 aud-s/s | LR: 8.74e-06
  [Ref ]: डेरिव्हेटिव्ह मार्केटचे सहभागी कोण आहेत हे आपल्याला माहित आहे का ?...
  [Pred]: डेरीशेतीू मार्केटचे सरका जी तोन आहे हे आल्याला पाहीत आहे...

Step  29300/60000 | Phase: 4B (Dynamic MoE) | CTC Loss: 0.9928 | Aux Loss: 8.0423 | CER: 0.161 | Throughput: 188.0 aud-s/s | LR: 8.74e-06
  [Ref ]: विश्व व्यापार संघटनेचे सचिव आणि महासंचालक जनेवा मध्ये राहतात...
  [Pred]: उिशू व्यापा संघटनेचे स्तीवानणी महा संतपालन तनिवामध्ये रातात...

Step  29325/60000 | Phase: 4B (Dynamic MoE) | CTC Loss: 1.0285 | Aux Loss: 8.0381 | CER: 0.395 | Throughput: 142.5 aud-s/s | LR: 8.73e-06
  [Ref ]: खयच्या कार्डचा रिचार्ज स्वस्त आसा ?...
  [Pred]: खयच्या खचा पी चाय चा अतस ?...

Step  29350/60000 | Phase: 4B (Dynamic MoE) | CTC Loss: 1.0096 | Aux Loss: 8.0335 | CER: 0.313 | Throughput: 127.0 aud-s/s | LR: 8.73e-06
  [Ref ]: गुनगुनच्या घरी मधमाश्यांनी पोळं बनवले होते...
  [Pred]: रीन मधमा शेनी फोळ परले होते...

Step  29375/60000 | Phase: 4B (Dynamic MoE) | CTC Loss: 1.1109 | Aux Loss: 8.0473 | CER: 0.326 | Throughput: 152.6 aud-s/s | LR: 8.73e-06
  [Ref ]: बँकेवर दरोडा पडू नये यासाठी बँका खूप प्रयत्न करतात...
  [Pred]: तन दगारा पडूनाही आसाठी नायी  परजना करतात...

Step  29400/60000 | Phase: 4B (Dynamic MoE) | CTC Loss: 1.0226 | Aux Loss: 8.0499 | CER: 0.311 | Throughput: 175.3 aud-s/s | LR: 8.73e-06
  [Ref ]: सोयनं जीवन जगाकरता मानूसले एक हजार मेंढ्यास्नी गरज लागस...
  [Pred]: सोययेजीवन जगातर किमानुसले कतर मेढ्यासनी गर लागस...

Step  29425/60000 | Phase: 4B (Dynamic MoE) | CTC Loss: 1.1210 | Aux Loss: 8.0252 | CER: 0.381 | Throughput: 116.0 aud-s/s | LR: 8.73e-06
  [Ref ]: तंत्र म्हणजे काय असा ?...
  [Pred]: र्स्र म्हजे काय आसा ?...

Step  29450/60000 | Phase: 4B (Dynamic MoE) | CTC Loss: 1.0564 | Aux Loss: 8.0190 | CER: 0.234 | Throughput:  37.7 aud-s/s | LR: 8.72e-06
  [Ref ]: बँक खाते उघडण्यासाठी कोणती कागदपत्रे लागतील ?...
  [Pred]: लीमाठे वउघडण्यासाठी कोणकोती कागदपत्रे लागतेल ?...

Step  29475/60000 | Phase: 4B (Dynamic MoE) | CTC Loss: 1.0464 | Aux Loss: 8.0344 | CER: 0.182 | Throughput: 155.2 aud-s/s | LR: 8.72e-06
  [Ref ]: पीक वातावरणावर सिंचनाचे अनेक प्रकार अवलंबून आहेत का ?...
  [Pred]: पक वातावानावर किचनाचे अनेक प्रकरा लोंबूना येतका...

Step  29500/60000 | Phase: 4B (Dynamic MoE) | CTC Loss: 1.1250 | Aux Loss: 8.0245 | CER: 0.215 | Throughput: 171.7 aud-s/s | LR: 8.72e-06
  [Ref ]: त्याची बँक गहाण कर्ज आणि लवकर व्यावसायिक कर्ज करून देऊ शकते...
  [Pred]: त्यनचि बँक गहान कर्ज आणि लवकर व्यावसाित कर्ज करून देऊ शकते...

Step  29525/60000 | Phase: 4B (Dynamic MoE) | CTC Loss: 0.9943 | Aux Loss: 8.0471 | CER: 0.371 | Throughput: 598.4 aud-s/s | LR: 8.72e-06
  [Ref ]: कापूस कोणत्या हंगामात घ्यायला हवा ?...
  [Pred]: कापूसाक हगामत देता का  ?...

Step  29550/60000 | Phase: 4B (Dynamic MoE) | CTC Loss: 0.9550 | Aux Loss: 8.0472 | CER: 0.213 | Throughput: 453.2 aud-s/s | LR: 8.71e-06
  [Ref ]: कोलममध्ये सर्वोत्तम उच्च पिकणारे बियाणे कोणते ?...
  [Pred]: मध्ये ग्वाचू मोचे पीकतनारे बियाणे कोणते ?...

Step  29575/60000 | Phase: 4B (Dynamic MoE) | CTC Loss: 1.0006 | Aux Loss: 8.0381 | CER: 0.239 | Throughput: 375.7 aud-s/s | LR: 8.71e-06
  [Ref ]: सामाजिक क्षेत्राच्या योजना घेवुक पात्र ठरतव काय ?...
  [Pred]: सामाजिक शेताच्या योजनांचेोप पासे ठर ला का ?...

Step  29600/60000 | Phase: 4B (Dynamic MoE) | CTC Loss: 1.0459 | Aux Loss: 8.0360 | CER: 0.203 | Throughput:  36.0 aud-s/s | LR: 8.71e-06
  [Ref ]: गुरांच्या पालनपोषण आणि प्रजननासाठी हराची शेती केली जाता...
  [Pred]: पुरांच्या पालन पोषीध आाणि प्रजरण्यासाठी हराची शेती केली जाता...

Step  29625/60000 | Phase: 4B (Dynamic MoE) | CTC Loss: 1.0226 | Aux Loss: 8.0246 | CER: 0.261 | Throughput: 554.5 aud-s/s | LR: 8.71e-06
  [Ref ]: माझ्या फोनचा बिल किती इला ?...
  [Pred]: माझ्या कोना केत किती इिला ?...

Step  29650/60000 | Phase: 4B (Dynamic MoE) | CTC Loss: 1.0796 | Aux Loss: 8.0180 | CER: 0.314 | Throughput: 502.4 aud-s/s | LR: 8.71e-06
  [Ref ]: सामाजिक योजनेचा लाभ मला कसा घेता येईल ?...
  [Pred]: सामाजिकयोजनेचा लाभ मला कसा किता ?...

Step  29675/60000 | Phase: 4B (Dynamic MoE) | CTC Loss: 0.9648 | Aux Loss: 8.0260 | CER: 0.142 | Throughput: 248.6 aud-s/s | LR: 8.70e-06
  [Ref ]: तुम्हाला माहित आहे का की शेंगदाणा ही वनस्पती प्रोटीनचे स्त्रोत आहे...
  [Pred]: तुम्हाला माहित आहे का ची शेंधाने वनस्पतिक प्रोटें चेस्त्रोत आहे...

Step  29700/60000 | Phase: 4B (Dynamic MoE) | CTC Loss: 1.0573 | Aux Loss: 8.0289 | CER: 0.450 | Throughput:  48.1 aud-s/s | LR: 8.70e-06
  [Ref ]: मी काही शेळ्यांचे दूध घालणार आहे आणि काही चीज बनवायला सुरुवात करणार आह...
  [Pred]: मी काय शुर्यांच्य दध्ध मा्या हाकायचीस वााले सवत्क मा जाह...

Step  29725/60000 | Phase: 4B (Dynamic MoE) | CTC Loss: 1.0474 | Aux Loss: 8.0133 | CER: 0.351 | Throughput: 598.1 aud-s/s | LR: 8.70e-06
  [Ref ]: उपकरणे खैयची खैयची आसत ?...
  [Pred]: उपकणे खयची खयची असतत ?...

Step  29750/60000 | Phase: 4B (Dynamic MoE) | CTC Loss: 0.9217 | Aux Loss: 8.0298 | CER: 0.247 | Throughput: 474.5 aud-s/s | LR: 8.70e-06
  [Ref ]: कर्जाच्या अर्जासोबत कोणती कागदपत्रे द्यावी लागतील ?...
  [Pred]: कर्जाच्या अर्जसोबत कोणती कागदपत्र द्यावी लागतील ?...

Step  29775/60000 | Phase: 4B (Dynamic MoE) | CTC Loss: 0.9685 | Aux Loss: 8.0277 | CER: 0.280 | Throughput: 277.9 aud-s/s | LR: 8.69e-06
  [Ref ]: कर्ज भरण्याची तारीख मी बदलू शकतो का ?...
  [Pred]: कर् भरण्याची कादमी बदरू शकतू का ?...

Step  29800/60000 | Phase: 4B (Dynamic MoE) | CTC Loss: 1.0096 | Aux Loss: 8.0276 | CER: 0.307 | Throughput:  44.8 aud-s/s | LR: 8.69e-06
  [Ref ]: परदेशात पैसे पाठवायचे असतील तर शुल्क कसे आकारले जाते ?...
  [Pred]: पनेशत पैसे पाठवाचे कसते दर शुल्क कसे कघरवले जाते ?...

Step  29825/60000 | Phase: 4B (Dynamic MoE) | CTC Loss: 1.0942 | Aux Loss: 8.0314 | CER: 0.288 | Throughput: 521.8 aud-s/s | LR: 8.69e-06
  [Ref ]: वजन म्हणजे काय असता ?...
  [Pred]: फवजन म्हणजे काय असता ?...

Step  29850/60000 | Phase: 4B (Dynamic MoE) | CTC Loss: 1.1033 | Aux Loss: 8.0180 | CER: 0.261 | Throughput: 418.0 aud-s/s | LR: 8.69e-06
  [Ref ]: रेशमचे किडे रेशम बनवूक वापरतत...
  [Pred]: देशांचे किडे रेशम ब वापर...

Step  29875/60000 | Phase: 4B (Dynamic MoE) | CTC Loss: 1.1705 | Aux Loss: 8.0531 | CER: 0.498 | Throughput: 368.6 aud-s/s | LR: 8.69e-06
  [Ref ]: माझ्याकडे तीन लाख रुपये आर्थिक भांडवल म्हणून सुरक्षित आहेत...
  [Pred]: मरज पड्यती दोजि रुपया आस्थिक भांडणू सुरक्षित आहे...

Step  29900/60000 | Phase: 4B (Dynamic MoE) | CTC Loss: 1.0783 | Aux Loss: 8.0920 | CER: 0.379 | Throughput: 100.9 aud-s/s | LR: 8.68e-06
  [Ref ]: सिंचन योजनांमध्ये पर्यावरणीय परिणाम कमी करताना आर्थिक समस्या सोडवणे सम...
  [Pred]: सिंचन योजनामा पर्यावरणीयापर्याण कमी करताना अर्थिक समास्या सोडवणे समांश...

Step  29925/60000 | Phase: 4B (Dynamic MoE) | CTC Loss: 0.9137 | Aux Loss: 8.0156 | CER: 0.235 | Throughput: 273.8 aud-s/s | LR: 8.68e-06
  [Ref ]: कर्जाची मर्यादा काय असता ?...
  [Pred]: कर्जची र्यदा का का ?...

Step  29950/60000 | Phase: 4B (Dynamic MoE) | CTC Loss: 1.0267 | Aux Loss: 8.0328 | CER: 0.204 | Throughput: 491.4 aud-s/s | LR: 8.68e-06
  [Ref ]: भाडेपट्टा हाई एक व्यवस्था शे...
  [Pred]: भारकतपा हाई एक्य वस्था आशे...

Step  29975/60000 | Phase: 4B (Dynamic MoE) | CTC Loss: 1.0056 | Aux Loss: 8.0226 | CER: 0.301 | Throughput: 140.1 aud-s/s | LR: 8.68e-06
  [Ref ]: माका तुम्ही घर बांधूक किती कर्ज देवू शकतास ?...
  [Pred]: मला तुम्मी कर गांतव किती कर्ज देऊ शकतास ?...

Step  30000/60000 | Phase: 4B (Dynamic MoE) | CTC Loss: 1.1701 | Aux Loss: 8.0593 | CER: 0.272 | Throughput:  54.6 aud-s/s | LR: 8.67e-06
  [Ref ]: वस्तू आणि भांडवलाच्या हालचालींचे नियमन करण्याच्या अधिकारातून आंतरराष्ट...
  [Pred]: पडममाणे वाढडवलयचया आासारि चे निमन कर्याचीा अधिकाराती ा्पानतरे वित्त उप...

  [Checkpoint] Step 30000 saved to runs\no-splitformer-moe-only\checkpoints\stage2_moe
Step  30025/60000 | Phase: 4B (Dynamic MoE) | CTC Loss: 1.0464 | Aux Loss: 8.0261 | CER: 0.271 | Throughput: 428.8 aud-s/s | LR: 8.67e-06
  [Ref ]: विमा म्हणजे नेमक्या काय आसा ?...
  [Pred]: विमा म्हज ेाक्या काय अससा ?...

Step  30050/60000 | Phase: 4B (Dynamic MoE) | CTC Loss: 1.1478 | Aux Loss: 8.0153 | CER: 0.378 | Throughput: 273.7 aud-s/s | LR: 8.67e-06
  [Ref ]: धान्यांका कीड लागू नये म्हणून त्याका काय लावतत ?...
  [Pred]: गाण्याच्या डी लिजे ्हणून कवे काय लावतत ?...

Step  30075/60000 | Phase: 4B (Dynamic MoE) | CTC Loss: 0.9912 | Aux Loss: 8.0183 | CER: 0.231 | Throughput: 249.7 aud-s/s | LR: 8.67e-06
  [Ref ]: भाज्यांव्यतिरिक्त मटार , फळाचे तुकडे हे पण माशांना खायला आवडतं...
  [Pred]: भाझालय क तमटारपाळा तेफुकडे ही पणमासांना खाला आवडतो...

Step  30100/60000 | Phase: 4B (Dynamic MoE) | CTC Loss: 1.0331 | Aux Loss: 8.0188 | CER: 0.247 | Throughput:  81.7 aud-s/s | LR: 8.66e-06
  [Ref ]: भारतात गहू , हरभरा , बटाटा , वाटाणा ही रब्बीची मुख्य पिके मानली जातात...
  [Pred]: भता गह हररा बटाटा वाताना ही रब्बीची निक्या पिके मांनली असतात...

Step  30125/60000 | Phase: 4B (Dynamic MoE) | CTC Loss: 1.0562 | Aux Loss: 8.0302 | CER: 0.443 | Throughput: 353.9 aud-s/s | LR: 8.66e-06
  [Ref ]: रिचार्ज कसा करायचा ?...
  [Pred]: ब कस ककायचा ?...

Step  30150/60000 | Phase: 4B (Dynamic MoE) | CTC Loss: 1.0845 | Aux Loss: 8.0332 | CER: 0.455 | Throughput: 366.0 aud-s/s | LR: 8.66e-06
  [Ref ]: शेतीपीक नुकसान भरपाई विम्याचा लाभ मला कसा घेता येईल ?...
  [Pred]: शेतीपीक नुबसान करकारया या्ेा लाभ मला कसा देता येईल ?...

Step  30175/60000 | Phase: 4B (Dynamic MoE) | CTC Loss: 0.9353 | Aux Loss: 8.0456 | CER: 0.180 | Throughput: 627.6 aud-s/s | LR: 8.66e-06
  [Ref ]: कर्ज घेतल्यावर परतफेडीचा कालावधी किती महिन्यांचा असेल ?...
  [Pred]: कर्ज घेतल्यवर परत फेडीशा कालावधे किती महिन्याचा असेल ?...

Step  30200/60000 | Phase: 4B (Dynamic MoE) | CTC Loss: 1.0607 | Aux Loss: 8.0373 | CER: 0.223 | Throughput:  66.7 aud-s/s | LR: 8.66e-06
  [Ref ]: जागतिक बौद्धिक संपदा संघटना संयुक्त राष्ट्रांचा एक भाग आहे...
  [Pred]: ाता वातकचातता सहतले सर्थ रष्ट्टमच एक भात आहे...

Step  30225/60000 | Phase: 4B (Dynamic MoE) | CTC Loss: 1.0466 | Aux Loss: 8.0288 | CER: 0.221 | Throughput: 513.1 aud-s/s | LR: 8.65e-06
  [Ref ]: आजचो हवामान अंदाज काय आसा ?...
  [Pred]: आजचो हमान अंदाज काय  ?...

Step  30250/60000 | Phase: 4B (Dynamic MoE) | CTC Loss: 1.0291 | Aux Loss: 8.0171 | CER: 0.347 | Throughput: 159.4 aud-s/s | LR: 8.65e-06
  [Ref ]: रासायनिक खताने पिके चांगली येतात का ?...
  [Pred]: रासायनिक काणे रके चांगली येतात का ?...

Step  30275/60000 | Phase: 4B (Dynamic MoE) | CTC Loss: 1.0464 | Aux Loss: 8.0545 | CER: 0.179 | Throughput: 657.5 aud-s/s | LR: 8.65e-06
  [Ref ]: टी.वि रिचार्ज ऑनलाइन केला तरी चलात मा ?...
  [Pred]: ठेवी रिचार्ज ऑनलाइन कला तरीच लात मा ?...

Step  30300/60000 | Phase: 4B (Dynamic MoE) | CTC Loss: 0.9981 | Aux Loss: 8.0052 | CER: 0.171 | Throughput: 119.5 aud-s/s | LR: 8.65e-06
  [Ref ]: बँकेचे कर्ज न घेता इतर कोणत्या योजनांद्वारे मला पैसे मिळू शकतात ?...
  [Pred]: बँकेचे कर्जना घेया इतर कोणत्या योजनांद्वारे मला पैसे मिळू शकतात ?...

Step  30325/60000 | Phase: 4B (Dynamic MoE) | CTC Loss: 1.0213 | Aux Loss: 8.0296 | CER: 0.189 | Throughput: 592.3 aud-s/s | LR: 8.64e-06
  [Ref ]: के.वाय.सी कायले म्हनते ?...
  [Pred]: केकव.वाय.सी पायले म्हनते ?...

Step  30350/60000 | Phase: 4B (Dynamic MoE) | CTC Loss: 0.9365 | Aux Loss: 8.0123 | CER: 0.229 | Throughput: 130.4 aud-s/s | LR: 8.64e-06
  [Ref ]: बँक दरोड्यांसाठी प्रत्येक देशात अनेक कायदे करण्यात आले आहेत...
  [Pred]: ऑँक कर्ज जिडे साती प्लत्रेिे सु्ाआणून कारेद काण्ण आले आहे...

Step  30375/60000 | Phase: 4B (Dynamic MoE) | CTC Loss: 1.0315 | Aux Loss: 8.0310 | CER: 0.264 | Throughput: 249.2 aud-s/s | LR: 8.64e-06
  [Ref ]: कमी खर्चात ऊसाचे अधिक उत्पादन घेण्यासाठी कोणते खत वापरावे ?...
  [Pred]: कमी खर्चा दिवसाची अरि पाधन घेण्यासाठी कोणते खतर वापरवे ?...

Step  30400/60000 | Phase: 4B (Dynamic MoE) | CTC Loss: 1.0137 | Aux Loss: 8.0311 | CER: 0.222 | Throughput:  30.8 aud-s/s | LR: 8.64e-06
  [Ref ]: भात पिकाची लागवड बरी होऊक होई म्हणान प्रति एकर किती किलोग्रॅम खत मारुक...
  [Pred]: भात पिकाची लागवड बरीवो वहीम्हनांप्रतीएखरती किलोग्रॅमखत मारो वहर...

Step  30425/60000 | Phase: 4B (Dynamic MoE) | CTC Loss: 1.1003 | Aux Loss: 8.0335 | CER: 0.437 | Throughput: 500.6 aud-s/s | LR: 8.64e-06
  [Ref ]: मका कसा मोजावा ?...
  [Pred]: वका कशी कवा ?...

Step  30450/60000 | Phase: 4B (Dynamic MoE) | CTC Loss: 0.9907 | Aux Loss: 8.0370 | CER: 0.260 | Throughput: 483.0 aud-s/s | LR: 8.63e-06
  [Ref ]: लाभार्थी जोडणे म्हणजे काय आसा ?...
  [Pred]: नवारथीचोनने म्हणजे काय असा ?...

Step  30475/60000 | Phase: 4B (Dynamic MoE) | CTC Loss: 1.1000 | Aux Loss: 8.0326 | CER: 0.261 | Throughput: 876.4 aud-s/s | LR: 8.63e-06
  [Ref ]: ऊसासाठी सिंचन पद्धत वापरली जाते का ?...
  [Pred]: ऊसाखाटीाचच पदधत वापरली जाते का ?...

Step  30500/60000 | Phase: 4B (Dynamic MoE) | CTC Loss: 0.9832 | Aux Loss: 8.0265 | CER: 0.236 | Throughput:  90.1 aud-s/s | LR: 8.63e-06
  [Ref ]: माझ्या मोबाईलवर खात्यातील रकमेची माहिती एस.एम.एस द्वारे मिळू शकते का ?...
  [Pred]: माझ्या मोबाईलवर खात्याते पशेची माहिती एस.एम.एस द्वारे मळ शकते का ?...

Step  30525/60000 | Phase: 4B (Dynamic MoE) | CTC Loss: 0.9764 | Aux Loss: 8.0431 | CER: 0.286 | Throughput: 224.2 aud-s/s | LR: 8.63e-06
  [Ref ]: आम्ही मिरचेंची लागवड कधी करूची ?...
  [Pred]: मे बर्चींची ागवर करी करुची ?...

Step  30550/60000 | Phase: 4B (Dynamic MoE) | CTC Loss: 1.0390 | Aux Loss: 8.0144 | CER: 0.204 | Throughput: 477.8 aud-s/s | LR: 8.62e-06
  [Ref ]: हवामान बदलाचो पिकावर खयचो परिणाम होता ?...
  [Pred]: हवामान बजिधाचे पक्यावर खयचे परिणाम होता ?...

Step  30575/60000 | Phase: 4B (Dynamic MoE) | CTC Loss: 0.9443 | Aux Loss: 8.0253 | CER: 0.255 | Throughput: 262.2 aud-s/s | LR: 8.62e-06
  [Ref ]: मी काडलय त्या कर्जावरती महिन्याक कीतक्या व्याज लागला ?...
  [Pred]: मी काढलेयाच्या कर्जावर्ती महना कितकय व्याज लागलात ?...

Step  30600/60000 | Phase: 4B (Dynamic MoE) | CTC Loss: 1.0135 | Aux Loss: 8.0503 | CER: 0.492 | Throughput:  54.8 aud-s/s | LR: 8.62e-06
  [Ref ]: खडकाळ जमीनीमंदी पिके घेणे शक्य हाये का ? असेल तर कोनचे पीक घेता येईन ?...
  [Pred]: कृकाजाविनीमंधदी पिकेजनेशतके तेका वसे उतनकचे पिती घेता येई...

Step  30625/60000 | Phase: 4B (Dynamic MoE) | CTC Loss: 1.0627 | Aux Loss: 8.0291 | CER: 0.326 | Throughput: 636.1 aud-s/s | LR: 8.62e-06
  [Ref ]: मी दोन वर्षांचे कर्ज घेतले आहे...
  [Pred]: विका पर्सलतीक कर्ज केती आाये ?...

Step  30650/60000 | Phase: 4B (Dynamic MoE) | CTC Loss: 0.9827 | Aux Loss: 8.0197 | CER: 0.380 | Throughput: 465.3 aud-s/s | LR: 8.61e-06
  [Ref ]: अल्प मुदतीसाठी पैशांची बचत कशी करतलव ?...
  [Pred]: अल्प मुदतीसाठी पैशांची खतत पकाचे करता हे...

Step  30675/60000 | Phase: 4B (Dynamic MoE) | CTC Loss: 1.0861 | Aux Loss: 8.0257 | CER: 0.350 | Throughput: 760.7 aud-s/s | LR: 8.61e-06
  [Ref ]: माझ्या मित्राच्या मतानुसार रिअल इस्टेट मध्ये मोप नोकर्यो हत...
  [Pred]: माझ्या मित्ाच्या मातांनसाठी केली शेमध्ये होऊ क क कन ?...

Step  30700/60000 | Phase: 4B (Dynamic MoE) | CTC Loss: 0.9578 | Aux Loss: 8.1041 | CER: 0.292 | Throughput:  28.6 aud-s/s | LR: 8.61e-06
  [Ref ]: ट्रस्ट फंड ह्यो एखाद्यो व्यक्तीक संस्थेसाठी मालमत्ता ठेवूक कायदोशीर सं...
  [Pred]: ्रस पड य् एकरदो व्यक्तिक संस्थेसाठी माहिमत्ता घेऊ काय दोश संस्थ सापन क...

Step  30725/60000 | Phase: 4B (Dynamic MoE) | CTC Loss: 1.0309 | Aux Loss: 8.0382 | CER: 0.121 | Throughput: 387.7 aud-s/s | LR: 8.61e-06
  [Ref ]: खाता व्यवस्थापित कसा करतत ?...
  [Pred]: ातावयवस्थापित कसा करच ?...

Step  30750/60000 | Phase: 4B (Dynamic MoE) | CTC Loss: 0.9920 | Aux Loss: 8.0178 | CER: 0.215 | Throughput: 559.7 aud-s/s | LR: 8.61e-06
  [Ref ]: सागरी विम्याचे हप्ते कसे असतील ?...
  [Pred]: सय विम्याचे हफ्ते कसो असतील ?...

Step  30775/60000 | Phase: 4B (Dynamic MoE) | CTC Loss: 1.0956 | Aux Loss: 8.0435 | CER: 0.328 | Throughput: 275.6 aud-s/s | LR: 8.60e-06
  [Ref ]: जमिन विकास बँक देखील शेयर भांडवलाची सेवा प्रदान करता...
  [Pred]: गमीनिरस बँकेख्ला शेअर मांडवलाची सिवआप्राजालकरता...

Step  30800/60000 | Phase: 4B (Dynamic MoE) | CTC Loss: 1.0586 | Aux Loss: 8.0324 | CER: 0.284 | Throughput:  80.5 aud-s/s | LR: 8.60e-06
  [Ref ]: मुदतीच्या अगोदर मी कर्ज भरल्यास व्याजदरात मला सूट मिळेल का ?...
  [Pred]: मदतीचा आगदरमी कर्जवआसल्यासदारात मलासस्क मिळेल का ?...

Step  30825/60000 | Phase: 4B (Dynamic MoE) | CTC Loss: 0.9540 | Aux Loss: 8.0456 | CER: 0.130 | Throughput: 261.2 aud-s/s | LR: 8.60e-06
  [Ref ]: महसूल विभागाचे काम कसे चालते ?...
  [Pred]: महसून नुबागाचे काम कशी चालते ?...

Step  30850/60000 | Phase: 4B (Dynamic MoE) | CTC Loss: 0.9879 | Aux Loss: 8.0130 | CER: 0.234 | Throughput: 323.3 aud-s/s | LR: 8.60e-06
  [Ref ]: क्रेडिट कार्डवर जास्तीत जास्त किती कर्ज घेऊ शकतो ?...
  [Pred]: क्रेडिट कार्डवर जास्तीत जस्ता किती कर्ज घे होऊ शकते ?...

Step  30875/60000 | Phase: 4B (Dynamic MoE) | CTC Loss: 0.9776 | Aux Loss: 8.0285 | CER: 0.257 | Throughput:  97.2 aud-s/s | LR: 8.59e-06
  [Ref ]: डेबिट कार्डमध्ये पैसे फसवणूक होत नाही ना ?...
  [Pred]: डेबिट कार्ड मध्ले पैसाठठवणूक फत नाहे का ?...

Step  30900/60000 | Phase: 4B (Dynamic MoE) | CTC Loss: 1.0425 | Aux Loss: 8.0124 | CER: 0.237 | Throughput: 127.0 aud-s/s | LR: 8.59e-06
  [Ref ]: कोणत्याही प्रकारच्या जमिनीत चण्याची लागवड करता येते...
  [Pred]: कोणत्याही प्रकारच्या जमिवीत सण्याची लागवड करता येते ?...

Step  30925/60000 | Phase: 4B (Dynamic MoE) | CTC Loss: 1.0974 | Aux Loss: 8.0300 | CER: 0.438 | Throughput: 374.8 aud-s/s | LR: 8.59e-06
  [Ref ]: यू.पी.आय ने पैशे कशे पाठवूचे ?...
  [Pred]: यू.पी.आय क कसे पाटवूचे ?...

Step  30950/60000 | Phase: 4B (Dynamic MoE) | CTC Loss: 0.9532 | Aux Loss: 8.0268 | CER: 0.281 | Throughput: 387.6 aud-s/s | LR: 8.59e-06
  [Ref ]: मशरुमचे आयुष्य वाढवण्यासाठी कोणते उपाय करावेत ?...
  [Pred]: पशूंची आईशेय वाढवण्यासाठी कोणते उपय करावेत ?...

Step  30975/60000 | Phase: 4B (Dynamic MoE) | CTC Loss: 1.0362 | Aux Loss: 8.0664 | CER: 0.335 | Throughput: 279.4 aud-s/s | LR: 8.58e-06
  [Ref ]: कम्युनिटी डेव्हलपमेंट बँक हा बँकेचा एक महत्त्वाचा प्रकार आहे...
  [Pred]: कॉमॅार्टी लेवलोक में ो बँक हा बँकि तूक मह्ास प्रकार आहे...

Step  31000/60000 | Phase: 4B (Dynamic MoE) | CTC Loss: 1.1136 | Aux Loss: 8.1113 | CER: 0.243 | Throughput:  85.0 aud-s/s | LR: 8.58e-06
  [Ref ]: प्राण्यांचे निवासस्थान स्वच्छ व हवेशीर असावे जेणेकरून जनावरांना आजार ह...
  [Pred]: प्रार्यांचे निवासेस्सानस्वच्य भजावेशी रासावेयके नेक ककानावराला जारहनहे...

  [Checkpoint] Step 31000 saved to runs\no-splitformer-moe-only\checkpoints\stage2_moe
Step  31025/60000 | Phase: 4B (Dynamic MoE) | CTC Loss: 1.0066 | Aux Loss: 8.0486 | CER: 0.321 | Throughput: 249.7 aud-s/s | LR: 8.58e-06
  [Ref ]: एन.बी.एफ.सी म्हणजे काय ?...
  [Pred]: ए.र.सी म्हणजे काय ?...

Step  31050/60000 | Phase: 4B (Dynamic MoE) | CTC Loss: 0.8903 | Aux Loss: 8.0164 | CER: 0.085 | Throughput: 130.5 aud-s/s | LR: 8.58e-06
  [Ref ]: मले माया खात्यातून पैसे कसे गुंतवता येईन ?...
  [Pred]: मले माया खात्यातून पैसे कसे गुंतवता येईनन ?...

Step  31075/60000 | Phase: 4B (Dynamic MoE) | CTC Loss: 1.0726 | Aux Loss: 8.0114 | CER: 0.291 | Throughput: 784.8 aud-s/s | LR: 8.58e-06
  [Ref ]: शेतीच्या कामासाठी कोनचा ट्रॅक्टर चांगला राहीन ?...
  [Pred]: सेतीया कांासाठी कोना त्याक्क चांगलया राहनी ?...

Step  31100/60000 | Phase: 4B (Dynamic MoE) | CTC Loss: 0.9955 | Aux Loss: 8.0403 | CER: 0.164 | Throughput:  99.6 aud-s/s | LR: 8.57e-06
  [Ref ]: ऑक्टोबर ते डिसेंबर या काळात मोत्यांच्या लागवडीची योग्य वेळ मानली जाते...
  [Pred]: मक्त भरतेडिशेंभरी यकाळात मोत्यांच्या लागवडीची योग्य वे मानली जाते...

Step  31125/60000 | Phase: 4B (Dynamic MoE) | CTC Loss: 0.9699 | Aux Loss: 8.0203 | CER: 0.354 | Throughput: 622.9 aud-s/s | LR: 8.57e-06
  [Ref ]: आमच्या शेतात ऊसाचे पीक आहे...
  [Pred]: क्या दे शेता कर्ाराचे पिक आहे ?...

Step  31150/60000 | Phase: 4B (Dynamic MoE) | CTC Loss: 0.9934 | Aux Loss: 8.0179 | CER: 0.317 | Throughput: 132.5 aud-s/s | LR: 8.57e-06
  [Ref ]: खाता उगडूच्यासाठी काय कागदपत्रा लागतत ?...
  [Pred]: खाता उडूच्यासाठी क काय कागदपत्रे लागतत ?...

Step  31175/60000 | Phase: 4B (Dynamic MoE) | CTC Loss: 1.0356 | Aux Loss: 8.0325 | CER: 0.120 | Throughput: 269.2 aud-s/s | LR: 8.57e-06
  [Ref ]: नद्या , नाले आणि तलावांमध्ये गोड पाणी असते...
  [Pred]: नध्यानाले आणि इतलांमध्ये गोड पाणी असते...

Step  31200/60000 | Phase: 4B (Dynamic MoE) | CTC Loss: 0.9959 | Aux Loss: 8.0171 | CER: 0.256 | Throughput:  48.1 aud-s/s | LR: 8.56e-06
  [Ref ]: मधमाख्या आपलं पोयं वावरना जोगेनी जागांवरच तयार करतीस...
  [Pred]: मोगमाथ्या आपलं पोवावर मझोबन जागावर तयार करतेस...

Step  31225/60000 | Phase: 4B (Dynamic MoE) | CTC Loss: 1.0660 | Aux Loss: 8.0447 | CER: 0.253 | Throughput: 452.9 aud-s/s | LR: 8.56e-06
  [Ref ]: बचत खाता म्हटल्या काय ?...
  [Pred]: कत खता ्हल्ा काय ?...

Step  31250/60000 | Phase: 4B (Dynamic MoE) | CTC Loss: 0.9946 | Aux Loss: 8.0198 | CER: 0.171 | Throughput: 403.8 aud-s/s | LR: 8.56e-06
  [Ref ]: वीस गुंठे भाताला सुफला किती घालावा ?...
  [Pred]: विश मोत्य भाताला सुस किती घालावा ?...

Step  31275/60000 | Phase: 4B (Dynamic MoE) | CTC Loss: 0.9919 | Aux Loss: 8.0078 | CER: 0.335 | Throughput: 272.0 aud-s/s | LR: 8.56e-06
  [Ref ]: पैसे खात्यामध्ये जमा केल्यावर मला मोबाइलवर मेसेज येत नाही ?...
  [Pred]: पैशी खात्यामध्ये जमा केल्या बरला मुदकनाशेज येत नाही...

Step  31300/60000 | Phase: 4B (Dynamic MoE) | CTC Loss: 0.9669 | Aux Loss: 8.1087 | CER: 0.204 | Throughput:  37.7 aud-s/s | LR: 8.55e-06
  [Ref ]: संकृती आणि कलेच्या माध्यमातना समाजात बदल घडवुन आणता येता...
  [Pred]: स्कृती आणि कलेच्या माध्यमातना समाजक बदल घेरवून आरता येता...

Step  31325/60000 | Phase: 4B (Dynamic MoE) | CTC Loss: 0.8989 | Aux Loss: 8.0307 | CER: 0.539 | Throughput: 161.0 aud-s/s | LR: 8.55e-06
  [Ref ]: क्रेडिट कार्ड म्हटल्या काय ?...
  [Pred]: कर्ड म्हटल्या काय  ?...

Step  31350/60000 | Phase: 4B (Dynamic MoE) | CTC Loss: 1.0137 | Aux Loss: 8.0219 | CER: 0.147 | Throughput: 453.0 aud-s/s | LR: 8.55e-06
  [Ref ]: एका एकर शेतीले किती टन शेन खत द्या लागन ?...
  [Pred]: मराच्ा शेती किती सन शेन कत ्ा लागन ?...

Step  31375/60000 | Phase: 4B (Dynamic MoE) | CTC Loss: 0.9565 | Aux Loss: 8.0236 | CER: 0.234 | Throughput: 276.4 aud-s/s | LR: 8.55e-06
  [Ref ]: जळालेल्या झाडाची रखा कीटकनाशकांच्या रुपात वापरली तर परिणाम जातली काय ?...
  [Pred]: कका येजा झाडाची राखा गेट नास्केंच्या रुपात पर लित कर पारयनाम ातली काय ...

Step  31400/60000 | Phase: 4B (Dynamic MoE) | CTC Loss: 1.0724 | Aux Loss: 8.0703 | CER: 0.316 | Throughput:  64.2 aud-s/s | LR: 8.54e-06
  [Ref ]: कीड नियंत्रणासाठी उसात कोणते फेरोमोन सापळे वापरले जातात ?...
  [Pred]: केड नियंत्रणासाठी कुसत कोणतये फेरमोन सापळे करकेले जाता ?...

Step  31425/60000 | Phase: 4B (Dynamic MoE) | CTC Loss: 0.9831 | Aux Loss: 8.0306 | CER: 0.218 | Throughput: 472.2 aud-s/s | LR: 8.54e-06
  [Ref ]: रिचार्ज कसा करायचा ?...
  [Pred]: लिरत कसा करायचा ?...

Step  31450/60000 | Phase: 4B (Dynamic MoE) | CTC Loss: 1.0698 | Aux Loss: 8.0117 | CER: 0.378 | Throughput: 146.1 aud-s/s | LR: 8.54e-06
  [Ref ]: अल्प मुदतीसाठी पैशांची बचत कशी करतलव ?...
  [Pred]: अल्प मुददतीवाषा पैसांचे बचत कशी करताले ?...

Step  31475/60000 | Phase: 4B (Dynamic MoE) | CTC Loss: 1.0402 | Aux Loss: 8.0217 | CER: 0.315 | Throughput: 176.4 aud-s/s | LR: 8.54e-06
  [Ref ]: बचत खात्याला इंग्रजीमध्ये सेविंग अकाउंट म्हटलं जातं...
  [Pred]: बचत खात्याला इनदरजीमध्ये सेविंन अपाउूट म्हठला जात...

Step  31500/60000 | Phase: 4B (Dynamic MoE) | CTC Loss: 1.0848 | Aux Loss: 8.0604 | CER: 0.184 | Throughput:  38.3 aud-s/s | LR: 8.54e-06
  [Ref ]: माझ्या जमिनीत बुरशीचे प्रमाण वाढवण्यासाठी मी काय करू शकतो ?...
  [Pred]: माझ्या जमिनीत गुतीच प्रमाण वाढवण्यासाठीमी काय करू शकतो ?...

Step  31525/60000 | Phase: 4B (Dynamic MoE) | CTC Loss: 1.0758 | Aux Loss: 8.0352 | CER: 0.494 | Throughput: 612.4 aud-s/s | LR: 8.53e-06
  [Ref ]: ठेव बंद कशी करायची ?...
  [Pred]: कज नाव्श का...

Step  31550/60000 | Phase: 4B (Dynamic MoE) | CTC Loss: 0.9964 | Aux Loss: 8.0492 | CER: 0.356 | Throughput: 320.2 aud-s/s | LR: 8.53e-06
  [Ref ]: खयचा ऍप वापरू शकतू ही सगळी बीला भरु शकतय ?...
  [Pred]: कावच्या आज कका करुजीसाठी दिला भरू शकतवय ?...

Step  31575/60000 | Phase: 4B (Dynamic MoE) | CTC Loss: 1.1586 | Aux Loss: 8.0111 | CER: 0.249 | Throughput: 196.7 aud-s/s | LR: 8.53e-06
  [Ref ]: जास्त खत टाकलं म्हनजे जास्त पिकते हे म्हन खरी हाये का ?...
  [Pred]: जास्त खत पाकला म्हणजे जास्त पिकते वेमन झारी हाव...

Step  31600/60000 | Phase: 4B (Dynamic MoE) | CTC Loss: 1.1536 | Aux Loss: 8.0902 | CER: 0.414 | Throughput:  40.3 aud-s/s | LR: 8.53e-06
  [Ref ]: लाल्या रोगासाठी कोनचं खत टाका लागन ?...
  [Pred]: मलाल्यावरूच्यासाठी करच्ा खतटाका लागन ?...

Step  31625/60000 | Phase: 4B (Dynamic MoE) | CTC Loss: 1.0822 | Aux Loss: 8.0334 | CER: 0.319 | Throughput: 339.4 aud-s/s | LR: 8.52e-06
  [Ref ]: ऊसाक खयली माती व्हयी ?...
  [Pred]: ऊसाक खयली माहती व्हय ?...

Step  31650/60000 | Phase: 4B (Dynamic MoE) | CTC Loss: 1.0835 | Aux Loss: 8.0378 | CER: 0.407 | Throughput: 135.9 aud-s/s | LR: 8.52e-06
  [Ref ]: गाईच्या दुधात फॅटचा प्रमाण वाढवुक काय करायचा ?...
  [Pred]: करीच्या दुधा खचार लात वाढून काय ायचा ?...

Step  31675/60000 | Phase: 4B (Dynamic MoE) | CTC Loss: 0.9749 | Aux Loss: 8.0524 | CER: 0.462 | Throughput: 475.6 aud-s/s | LR: 8.52e-06
  [Ref ]: तुम्हाला माहीत आहे का की प्राधान्य दिलेला स्टॉक सामान्य स्टॉकपेक्षा श्...
  [Pred]: मो्हला माणीत आहि का ती प्रधारणे दिलेचा ाप सामान्य स्टरक्पेकश सेशता...

Step  31700/60000 | Phase: 4B (Dynamic MoE) | CTC Loss: 0.9854 | Aux Loss: 8.0311 | CER: 0.224 | Throughput: 111.9 aud-s/s | LR: 8.52e-06
  [Ref ]: ट्रॅक्टरच्या साधनाईवर सध्या सरकार कडून काही अनुदान रायते का ?...
  [Pred]: परत्याच्या साधनायवर सध्ये परकारकडून काय अनुदार याते का ?...

Step  31725/60000 | Phase: 4B (Dynamic MoE) | CTC Loss: 1.1336 | Aux Loss: 8.0709 | CER: 0.470 | Throughput: 601.8 aud-s/s | LR: 8.51e-06
  [Ref ]: विमाचो फायदो काय ?...
  [Pred]: विम्याचीो काय दस काय ?...

Step  31750/60000 | Phase: 4B (Dynamic MoE) | CTC Loss: 0.9990 | Aux Loss: 8.0090 | CER: 0.202 | Throughput: 448.0 aud-s/s | LR: 8.51e-06
  [Ref ]: ऊसाची मळी हे खत शेतीसाठी उपयुक्त आहे का ?...
  [Pred]: काची महिले खयची विसाठी उपक ्वारे का ?...

Step  31775/60000 | Phase: 4B (Dynamic MoE) | CTC Loss: 0.9992 | Aux Loss: 8.0203 | CER: 0.326 | Throughput: 626.7 aud-s/s | LR: 8.51e-06
  [Ref ]: सेंद्रिय शेती ही अर्थशास्त्रातली सगळ्यात महागडी शेती आसा...
  [Pred]: सेंद्रिय शतीही अर्थशास्रातली सरवा महांगडी शेती असा...

Step  31800/60000 | Phase: 4B (Dynamic MoE) | CTC Loss: 0.9533 | Aux Loss: 8.0571 | CER: 0.225 | Throughput: 147.7 aud-s/s | LR: 8.51e-06
  [Ref ]: फॉक्स्टेल बाजरी चवीक चांगली आणि लाभदायी असता...
  [Pred]: पक्टेल बाजरी जवीत चांगली आणे लावी असता...

Step  31825/60000 | Phase: 4B (Dynamic MoE) | CTC Loss: 1.0282 | Aux Loss: 8.0244 | CER: 0.179 | Throughput: 372.9 aud-s/s | LR: 8.50e-06
  [Ref ]: लेट ब्लाइट खयले पिकांका होता ?...
  [Pred]:  बँकट खयल्े पिकांका होता ?...

Step  31850/60000 | Phase: 4B (Dynamic MoE) | CTC Loss: 0.9177 | Aux Loss: 8.0455 | CER: 0.168 | Throughput: 405.3 aud-s/s | LR: 8.50e-06
  [Ref ]: डी.ए.पी सगळ्यात चांगलं खत हाये का ?...
  [Pred]: डीयए.पी सागळ्या चांगलं खावत हाये का ?...

Step  31875/60000 | Phase: 4B (Dynamic MoE) | CTC Loss: 0.9091 | Aux Loss: 8.0335 | CER: 0.149 | Throughput: 582.0 aud-s/s | LR: 8.50e-06
  [Ref ]: सिंडिकेट कर्जात जास्तीत जास्त किती बँकांची भागीदारी असू शकते ?...
  [Pred]: शेंडिकेट कर्जा जास्तीत जास्त किती बँकांची भागीधागले असू शकते ?...

Step  31900/60000 | Phase: 4B (Dynamic MoE) | CTC Loss: 1.1683 | Aux Loss: 8.0722 | CER: 0.502 | Throughput:  48.0 aud-s/s | LR: 8.50e-06
  [Ref ]: पप्पा मी स्टॉक मार्केट मध्ये गुंतवणूक केली आहे...
  [Pred]: अा एष काककपणेकडीकण क आहे...

Step  31925/60000 | Phase: 4B (Dynamic MoE) | CTC Loss: 1.0246 | Aux Loss: 8.0281 | CER: 0.171 | Throughput: 574.0 aud-s/s | LR: 8.50e-06
  [Ref ]: बँकेत बिल कसा भरुचा ?...
  [Pred]: बँकेत बिल कसा करुचा ?...

Step  31950/60000 | Phase: 4B (Dynamic MoE) | CTC Loss: 0.9887 | Aux Loss: 8.0145 | CER: 0.168 | Throughput: 403.4 aud-s/s | LR: 8.49e-06
  [Ref ]: मोबाइलचे पेमेंट कसे करतात ?...
  [Pred]: मोबाईलचया पेमेंट कसे करतात ?...

Step  31975/60000 | Phase: 4B (Dynamic MoE) | CTC Loss: 0.9919 | Aux Loss: 8.0194 | CER: 0.170 | Throughput: 694.3 aud-s/s | LR: 8.49e-06
  [Ref ]: म्होवरीची बिया साधारण एक ते दोन मिलिमीटर व्यासाची असतत...
  [Pred]: मोरीची बिया साधारण एकय दोन निलेमीट रेर व्यवसाची अा...

Step  32000/60000 | Phase: 4B (Dynamic MoE) | CTC Loss: 1.1572 | Aux Loss: 8.0321 | CER: 0.313 | Throughput:  24.7 aud-s/s | LR: 8.49e-06
  [Ref ]: फोन पे चा वापर करून आपण आपल्या बिल च पेमेंट करू शकतो...
  [Pred]: कोनपे चा वापरपूरन आपण आपले बिलचा डेमेंट करू शकतो...

  [Checkpoint] Step 32000 saved to runs\no-splitformer-moe-only\checkpoints\stage2_moe
Step  32025/60000 | Phase: 4B (Dynamic MoE) | CTC Loss: 1.1219 | Aux Loss: 8.0217 | CER: 0.378 | Throughput: 557.5 aud-s/s | LR: 8.49e-06
  [Ref ]: रोहिणीला टर्म लोन मिळाले...
  [Pred]:  ...

Step  32050/60000 | Phase: 4B (Dynamic MoE) | CTC Loss: 0.9583 | Aux Loss: 8.0186 | CER: 0.295 | Throughput: 158.9 aud-s/s | LR: 8.48e-06
  [Ref ]: सीव्हीड वास्तविकपणे जलीय वनस्पतींचा संदर्भ देते...
  [Pred]: सिविट वास्त विक क काली वनस्पतींचया संदरज काते...

Step  32075/60000 | Phase: 4B (Dynamic MoE) | CTC Loss: 1.0200 | Aux Loss: 8.0227 | CER: 0.367 | Throughput: 494.4 aud-s/s | LR: 8.48e-06
  [Ref ]: इजाइच्या कडकडाटाची बतावनी कोनचे मोबाईल ॲप देईन ?...
  [Pred]: किरीजाच्या कपरडचीा जातामी कोनचे उबाल याप दे ?...

Step  32100/60000 | Phase: 4B (Dynamic MoE) | CTC Loss: 1.0419 | Aux Loss: 8.0600 | CER: 0.152 | Throughput:  56.3 aud-s/s | LR: 8.48e-06
  [Ref ]: शेतकरी रामूने आपल्या मुलाला सर्व शेतकऱ्यांच्या सणाबद्दल सांगितले...
  [Pred]: शेतकरी रामुने आपल्या मुलाला सर्व शेतक्यांच्या सनाबद्दल सांगितले...

Step  32125/60000 | Phase: 4B (Dynamic MoE) | CTC Loss: 1.1763 | Aux Loss: 8.0119 | CER: 0.467 | Throughput: 370.5 aud-s/s | LR: 8.48e-06
  [Ref ]: यु.पी.आय नंबर म्हणजे काय ?...
  [Pred]: यू.ी.आयंपर क्का ?...

Step  32150/60000 | Phase: 4B (Dynamic MoE) | CTC Loss: 0.9978 | Aux Loss: 8.0143 | CER: 0.208 | Throughput: 397.6 aud-s/s | LR: 8.47e-06
  [Ref ]: माझ्या बचत खात्याची मला ई मेलद्वारे माहिती मिळेल का ?...
  [Pred]: माझ्या बचेत खात्याची मला नट क्ारे माहिती मिळेल का ?...

Step  32175/60000 | Phase: 4B (Dynamic MoE) | CTC Loss: 1.0297 | Aux Loss: 8.0150 | CER: 0.243 | Throughput: 344.2 aud-s/s | LR: 8.47e-06
  [Ref ]: राष्ट्रीय उत्पन्नातील बदलाला सुद्धा आर्थिक विकास असे म्हणतात...
  [Pred]: आष्ट्रीय उत्तन्नयल्याला सुद्धा आर्थिक विकसास म्हणतत...

Step  32200/60000 | Phase: 4B (Dynamic MoE) | CTC Loss: 1.0113 | Aux Loss: 8.0159 | CER: 0.266 | Throughput: 169.9 aud-s/s | LR: 8.47e-06
  [Ref ]: कॅनरा बँकेत खाते उघडण्यासाठी मी कोणती कागदपत्रे घेऊ ?...
  [Pred]: कांद्ळा बँकात खाते उघडण्यासाठी मी कोणते कागद परा जे ?...

Step  32225/60000 | Phase: 4B (Dynamic MoE) | CTC Loss: 1.0422 | Aux Loss: 8.0068 | CER: 0.297 | Throughput: 348.9 aud-s/s | LR: 8.47e-06
  [Ref ]: क्रेडिट स्कोअर म्हणजे काय ?...
  [Pred]: फिडिट स्कोअर म्हणजे काय ?...

Step  32250/60000 | Phase: 4B (Dynamic MoE) | CTC Loss: 0.9364 | Aux Loss: 8.0216 | CER: 0.195 | Throughput: 446.6 aud-s/s | LR: 8.46e-06
  [Ref ]: शेतीमध्ये साठवण सुविधा काय आहेत ?...
  [Pred]: शेतीमध्ये साठवून सुर्धक काय आहेत ?...

Step  32275/60000 | Phase: 4B (Dynamic MoE) | CTC Loss: 1.0677 | Aux Loss: 8.0281 | CER: 0.182 | Throughput: 301.4 aud-s/s | LR: 8.46e-06
  [Ref ]: काळी माती जास्त सुपीक काऊन रायते ?...
  [Pred]: काळी माती जास्त शेती काऊनन  राहते ?...

Step  32300/60000 | Phase: 4B (Dynamic MoE) | CTC Loss: 0.9829 | Aux Loss: 8.0525 | CER: 0.296 | Throughput:  35.5 aud-s/s | LR: 8.46e-06
  [Ref ]: क्रिसॅन्थेमम हे एक अतिशय सुंदर सजावटीचे फुलांचे झाड आहे...
  [Pred]: बँनठेमो हे एकादिशे सुंध सतावटीची फुलांचे झाड आहे...

Step  32325/60000 | Phase: 4B (Dynamic MoE) | CTC Loss: 0.9472 | Aux Loss: 8.0458 | CER: 0.304 | Throughput: 629.6 aud-s/s | LR: 8.46e-06
  [Ref ]: केबलचा बिल कसा भरायचा ?...
  [Pred]: बनचा बिल कसा कराचा ?...

Step  32350/60000 | Phase: 4B (Dynamic MoE) | CTC Loss: 1.1386 | Aux Loss: 8.0161 | CER: 0.283 | Throughput: 396.5 aud-s/s | LR: 8.45e-06
  [Ref ]: राघवेंद्र यांनी बैठकीत कापसाच्या प्रकारांवर चर्चा केली...
  [Pred]: रागवेंद्रियानी बैतीीक कापचा वफळावर कता केली...

Step  32375/60000 | Phase: 4B (Dynamic MoE) | CTC Loss: 1.0038 | Aux Loss: 8.0120 | CER: 0.319 | Throughput: 126.0 aud-s/s | LR: 8.45e-06
  [Ref ]: लाकडा जाळण्याचो लोगिग मध्ये वेगळी पद्धत असा...
  [Pred]: लाकय म मयदररोगिकमध्ये वेगळी पर्बत आसा...

Step  32400/60000 | Phase: 4B (Dynamic MoE) | CTC Loss: 1.0177 | Aux Loss: 8.0331 | CER: 0.268 | Throughput: 113.7 aud-s/s | LR: 8.45e-06
  [Ref ]: कृषी कायद्याने शेतकऱ्यांचे उत्पन्न वाढले पाहिजे आणि पर्यावरणपूरक शेतील...
  [Pred]: कृषी कायद्यानपरयांचे उत्पन्न वाढले पाहजे आणि पर्यावरत तुरक शेतीला पोसा...

Step  32425/60000 | Phase: 4B (Dynamic MoE) | CTC Loss: 1.0065 | Aux Loss: 8.0291 | CER: 0.314 | Throughput: 406.7 aud-s/s | LR: 8.45e-06
  [Ref ]: माझी बकरी रोगाने मेली...
  [Pred]: माझया काक्री योगानी मिल...

Step  32450/60000 | Phase: 4B (Dynamic MoE) | CTC Loss: 0.9587 | Aux Loss: 8.0271 | CER: 0.339 | Throughput: 363.6 aud-s/s | LR: 8.44e-06
  [Ref ]: दुष्काळात कोणकोणती रोपे लावली पाहिजे ?...
  [Pred]: बुत तळात कोणकोणती गटी वनपावे ?...

Step  32475/60000 | Phase: 4B (Dynamic MoE) | CTC Loss: 1.1000 | Aux Loss: 8.0339 | CER: 0.361 | Throughput: 551.5 aud-s/s | LR: 8.44e-06
  [Ref ]: व्यवहार खात्याचा उपयोग करणे अगदी सोपे आहे...
  [Pred]: विनभारत खात्याचा उपलोगकरणे अददी सोपे हे...

Step  32500/60000 | Phase: 4B (Dynamic MoE) | CTC Loss: 0.9712 | Aux Loss: 8.0060 | CER: 0.210 | Throughput: 192.1 aud-s/s | LR: 8.44e-06
  [Ref ]: कोणकोणत्या सामाजिक योजना आहेत हे सांगाल का ?...
  [Pred]: कोणकोणत्य सामाजिक योजना आहेत हे सांग का ?...

Step  32525/60000 | Phase: 4B (Dynamic MoE) | CTC Loss: 1.0498 | Aux Loss: 8.0242 | CER: 0.164 | Throughput: 257.9 aud-s/s | LR: 8.44e-06
  [Ref ]: गुंतवणूक करताना काय करुचा ?...
  [Pred]: गुंतवणूक कारताना काय करूचा ?...

Step  32550/60000 | Phase: 4B (Dynamic MoE) | CTC Loss: 1.0569 | Aux Loss: 8.0216 | CER: 0.388 | Throughput: 575.9 aud-s/s | LR: 8.44e-06
  [Ref ]: मी माझ्या एक्या खात्यासून दुसऱ्या खात्यात पैसे कशे पाठउक शकतय ?...
  [Pred]: मी माझ्य त्या खात्यातून दुस्या खाठत पैसे कशे प माक शकतय ?...

Step  32575/60000 | Phase: 4B (Dynamic MoE) | CTC Loss: 0.9338 | Aux Loss: 8.0204 | CER: 0.418 | Throughput: 322.0 aud-s/s | LR: 8.43e-06
  [Ref ]: सरकारी अर्थसंकल्पावर संसदेत गदारोळ होऊन चर्चा झाली...
  [Pred]: समायाकरी संक्री करससेतत देतरनाचेचे झाढ...

Step  32600/60000 | Phase: 4B (Dynamic MoE) | CTC Loss: 0.9322 | Aux Loss: 8.1871 | CER: 0.108 | Throughput:   8.1 aud-s/s | LR: 8.43e-06
  [Ref ]: तुम्हाला माहिती आहे का की स्टेट बँक ऑफ इंडिया ही सार्वजनिक बँकांपैकी स...
  [Pred]: तुम्हाला माहिती आहे का किस्टेट बँकऑ फिक ियाही सर्वजनिक बँका परती सर्वा...

Step  32625/60000 | Phase: 4B (Dynamic MoE) | CTC Loss: 1.0821 | Aux Loss: 8.0413 | CER: 0.203 | Throughput: 325.2 aud-s/s | LR: 8.43e-06
  [Ref ]: के.वाय.सी म्हणजे काय आहे ?...
  [Pred]: चेप म्हणजे काय आहे ?...

Step  32650/60000 | Phase: 4B (Dynamic MoE) | CTC Loss: 0.9716 | Aux Loss: 8.0169 | CER: 0.267 | Throughput: 290.8 aud-s/s | LR: 8.43e-06
  [Ref ]: द्राक्ष पिकाच्या फलधारणेसाठी कोणता हंगाम योग्य असतो ?...
  [Pred]: राक्षा पिकाच्या फल धागणेासाठी कोणतय हंगामाता लागतो ?...

Step  32675/60000 | Phase: 4B (Dynamic MoE) | CTC Loss: 0.9886 | Aux Loss: 8.0334 | CER: 0.299 | Throughput: 176.4 aud-s/s | LR: 8.42e-06
  [Ref ]: भविष्यातील मूल्यावरील व्याजावरच व्याज आकारले जाते...
  [Pred]: भविष्यातील मुलयनी व्याजावराच व्याजस ाआकारले जाते...

Step  32700/60000 | Phase: 4B (Dynamic MoE) | CTC Loss: 0.9697 | Aux Loss: 8.0632 | CER: 0.279 | Throughput:  36.8 aud-s/s | LR: 8.42e-06
  [Ref ]: माया खात्यात कितीक पैसे बाकी हाय हे मले मॅसेजन समजनं का ?...
  [Pred]: मा्या खात्यात कितीक पैसे बाकी हा मते मले मसे जन मन का ?...

Step  32725/60000 | Phase: 4B (Dynamic MoE) | CTC Loss: 1.0108 | Aux Loss: 8.0152 | CER: 0.243 | Throughput: 265.3 aud-s/s | LR: 8.42e-06
  [Ref ]: कर्ज कीती घेऊ शकतत ?...
  [Pred]: कर्ज किती घेऊ शकत ?...

Step  32750/60000 | Phase: 4B (Dynamic MoE) | CTC Loss: 0.9392 | Aux Loss: 8.0162 | CER: 0.289 | Throughput: 333.2 aud-s/s | LR: 8.42e-06
  [Ref ]: माका कमीत कमी टक्क्याच्या व्याज दरान कर्ज मेलात काय ?...
  [Pred]:  कमी की टक्याच्या व्याजदराण कर्ज मिळता का ?...

Step  32775/60000 | Phase: 4B (Dynamic MoE) | CTC Loss: 0.9254 | Aux Loss: 8.0141 | CER: 0.242 | Throughput: 210.7 aud-s/s | LR: 8.41e-06
  [Ref ]: भुईमुगावर नियंत्रणासाठी कोणते सापळे वापरले जातात ?...
  [Pred]: भुईमवावर ियंत्रणासाठी कोचे सापळे वापरले जाता...

Step  32800/60000 | Phase: 4B (Dynamic MoE) | CTC Loss: 1.0216 | Aux Loss: 8.0718 | CER: 0.203 | Throughput:  38.3 aud-s/s | LR: 8.41e-06
  [Ref ]: पी.एम किसान योजनेच्या मदतीने सीताराम यांच्या खात्यात दोन हजारांची रक्क...
  [Pred]: पी.एम किसान योजनेच्या मदतीने शीतारा म्यांच्या खात्यात द जगाची रक्कमली...

Step  32825/60000 | Phase: 4B (Dynamic MoE) | CTC Loss: 0.9592 | Aux Loss: 8.0368 | CER: 0.177 | Throughput: 239.0 aud-s/s | LR: 8.41e-06
  [Ref ]: ऑनलाईन खाता कसा उगडूचा ?...
  [Pred]: ऑनलाइन खाता कसा उघडूचा ?...

Step  32850/60000 | Phase: 4B (Dynamic MoE) | CTC Loss: 0.9633 | Aux Loss: 8.0298 | CER: 0.248 | Throughput: 524.3 aud-s/s | LR: 8.41e-06
  [Ref ]: बिमा काढला तर करात सूट भेटन काय ?...
  [Pred]: डिमा काढला तर का सूड भिटन  ?...

Step  32875/60000 | Phase: 4B (Dynamic MoE) | CTC Loss: 0.9322 | Aux Loss: 8.0115 | CER: 0.239 | Throughput: 135.3 aud-s/s | LR: 8.40e-06
  [Ref ]: पाऊस बाराही महिने पडत असल्यामुळे कोणत्या पद्धतीचा अवलंब करावा ?...
  [Pred]: पाऊस बाराळी मिन्य पडत असल्यामुळे कोणत्या पद्धतीचा अवलंब करावा ?...

Step  32900/60000 | Phase: 4B (Dynamic MoE) | CTC Loss: 0.9599 | Aux Loss: 8.0495 | CER: 0.229 | Throughput: 102.4 aud-s/s | LR: 8.40e-06
  [Ref ]: माका वीस हजार चा कर्ज हव्या ता माका किती वेळा क मिळात ?...
  [Pred]: वाकानी सराचा कर्ज हव्या ता काण किती व्यळाक म्ळास ?...

Step  32925/60000 | Phase: 4B (Dynamic MoE) | CTC Loss: 1.0756 | Aux Loss: 8.0481 | CER: 0.500 | Throughput: 516.8 aud-s/s | LR: 8.40e-06
  [Ref ]: उपकरण काय असता ?...
  [Pred]: उपो पर् कज ता ?...

Step  32950/60000 | Phase: 4B (Dynamic MoE) | CTC Loss: 0.9778 | Aux Loss: 8.0304 | CER: 0.214 | Throughput: 145.5 aud-s/s | LR: 8.40e-06
  [Ref ]: दोन्ही देशांमध्ये सार्वत्रिक बँकांद्वारे करार झाला आहे...
  [Pred]: ोनने देशामधये सर्रात्रिक बँपंबर करब जाना आहे...

Step  32975/60000 | Phase: 4B (Dynamic MoE) | CTC Loss: 0.9972 | Aux Loss: 8.0297 | CER: 0.331 | Throughput: 608.8 aud-s/s | LR: 8.39e-06
  [Ref ]: दामीनी ॲप वर खरोखर विजाइच्या कडकडाटाची सूचना मिळन का ?...
  [Pred]: आागीनिय यवर करभर विसाच्या फरकानातांची शोष्ना वरता...

Step  33000/60000 | Phase: 4B (Dynamic MoE) | CTC Loss: 1.0077 | Aux Loss: 8.0737 | CER: 0.277 | Throughput:  65.6 aud-s/s | LR: 8.39e-06
  [Ref ]: शेतकऱ्यांका त्यांचा पिकयलेल्या पीकांच्या उत्पन्नार होयो तितको फायदो जा...
  [Pred]: शेत्यांका त्यांचा पिकालेल्या पिकांच्ा उपपणार ओळतीकको फादे जाताहे तिलान...

  [Checkpoint] Step 33000 saved to runs\no-splitformer-moe-only\checkpoints\stage2_moe
Step  33025/60000 | Phase: 4B (Dynamic MoE) | CTC Loss: 1.0542 | Aux Loss: 8.0545 | CER: 0.521 | Throughput: 546.1 aud-s/s | LR: 8.39e-06
  [Ref ]: रेशीमकिडा...
  [Pred]: क कम केडा ?...

Step  33050/60000 | Phase: 4B (Dynamic MoE) | CTC Loss: 1.0238 | Aux Loss: 8.0148 | CER: 0.207 | Throughput: 333.6 aud-s/s | LR: 8.39e-06
  [Ref ]: भांडवली बाजार बचतकर्त्यांची संपत्ती त्यांच्यापर्यंत पोहोचवतात...
  [Pred]: भांदवरी बाजार पचित परतंची संपतीतीेंच्या रंत ोच होतत...

Step  33075/60000 | Phase: 4B (Dynamic MoE) | CTC Loss: 0.9531 | Aux Loss: 8.0167 | CER: 0.199 | Throughput: 130.6 aud-s/s | LR: 8.38e-06
  [Ref ]: नैनो यूरिया कस वापराले पायजे ?...
  [Pred]: मोमन हिचा कस वापराले पाय ?...

Step  33100/60000 | Phase: 4B (Dynamic MoE) | CTC Loss: 1.0263 | Aux Loss: 8.0504 | CER: 0.469 | Throughput:  36.1 aud-s/s | LR: 8.38e-06
  [Ref ]: माझ्या मोबाइलद्वारे मी रोज बाजारपेठेची माहिती पाहू शकतो का ?...
  [Pred]: माझ्या मयान द्वारे नर रेस बजनपठाची माहिती परू शकआ का...

Step  33125/60000 | Phase: 4B (Dynamic MoE) | CTC Loss: 0.8957 | Aux Loss: 8.0201 | CER: 0.096 | Throughput: 479.8 aud-s/s | LR: 8.38e-06
  [Ref ]: शेती कर्ज योजना काय असा ?...
  [Pred]: शेती कर्ज योजना काय असा ?...

Step  33150/60000 | Phase: 4B (Dynamic MoE) | CTC Loss: 1.0433 | Aux Loss: 8.0237 | CER: 0.135 | Throughput: 465.3 aud-s/s | LR: 8.38e-06
  [Ref ]: भात कापणीसाठी कोणते यंत्र आहेत का ?...
  [Pred]: भात कापणीसाठी कोणतेा यंत्र आहेत का ?...

Step  33175/60000 | Phase: 4B (Dynamic MoE) | CTC Loss: 0.9505 | Aux Loss: 8.0156 | CER: 0.197 | Throughput: 243.4 aud-s/s | LR: 8.37e-06
  [Ref ]: बिमा हर मईन्याले भरता येते का ?...
  [Pred]: बिमा हर मिन्याले भरता येते का ?...

Step  33200/60000 | Phase: 4B (Dynamic MoE) | CTC Loss: 0.9383 | Aux Loss: 8.0272 | CER: 0.305 | Throughput:  34.0 aud-s/s | LR: 8.37e-06
  [Ref ]: कृषी गोल्ड लोनसाठी ऑनलाइन अर्ज करा गोल्ड लोनसाठी सर्वोत्तम कर्ज शोधा...
  [Pred]: कृषीक गोवेवसाठी आजल्यान अ्जकरां कमणीसाठी गवत्तम कारजय सुधा...

Step  33225/60000 | Phase: 4B (Dynamic MoE) | CTC Loss: 1.0310 | Aux Loss: 8.0128 | CER: 0.373 | Throughput: 253.4 aud-s/s | LR: 8.37e-06
  [Ref ]: मगर मासे खाते...
  [Pred]: मजर मानती जातेका...

Step  33250/60000 | Phase: 4B (Dynamic MoE) | CTC Loss: 1.0959 | Aux Loss: 8.0403 | CER: 0.484 | Throughput: 107.0 aud-s/s | LR: 8.37e-06
  [Ref ]: ई कॉमर्सच्या माध्यमातून फसवणूक झाल्यास काय करावे ?...
  [Pred]: ईक कॉमर्चा माणू कत तवणूक झाला काी करावे ?...

Step  33275/60000 | Phase: 4B (Dynamic MoE) | CTC Loss: 0.9667 | Aux Loss: 8.0318 | CER: 0.264 | Throughput: 259.0 aud-s/s | LR: 8.36e-06
  [Ref ]: मड्डा सिंचन पद्धतीत कालव्यामधसून सिंचन केला जाता...
  [Pred]: माझ्या सिंचन पद्धती काला मत सिंचन केला जाता...

Step  33300/60000 | Phase: 4B (Dynamic MoE) | CTC Loss: 1.0334 | Aux Loss: 8.0457 | CER: 0.207 | Throughput:  39.4 aud-s/s | LR: 8.36e-06
  [Ref ]: नैसर्गिक रबर झाडांपासून तयार होता तर कृत्रिम रबर वेगवेगळ्या प्रक्रियां...
  [Pred]: नैसर्गिक्रब झाडांपासन व्यार ह्ोतात तर कोट्लिब बवर वेगोगळ्या प्रकरेयानी...

Step  33325/60000 | Phase: 4B (Dynamic MoE) | CTC Loss: 0.9664 | Aux Loss: 8.0377 | CER: 0.219 | Throughput: 510.0 aud-s/s | LR: 8.36e-06
  [Ref ]: दगडी मातीत खयला पीक घेव शकताव ?...
  [Pred]: मिा माती खयला पिकवू लकता ?...

Step  33350/60000 | Phase: 4B (Dynamic MoE) | CTC Loss: 1.0043 | Aux Loss: 8.0185 | CER: 0.289 | Throughput: 420.2 aud-s/s | LR: 8.36e-06
  [Ref ]: ऑनलाइन कर्जासाठी अर्ज करण्याची पद्धत काय आहे ?...
  [Pred]: ऑनलाइन कर्जासाठी अर्ज करण्याचे फार्द काय आहे ?...

Step  33375/60000 | Phase: 4B (Dynamic MoE) | CTC Loss: 0.9205 | Aux Loss: 8.0485 | CER: 0.219 | Throughput: 274.6 aud-s/s | LR: 8.35e-06
  [Ref ]: व्यवसायातील तरलता आवश्यकतेपेक्षा जास्त किंवा कमी असू नये...
  [Pred]: औषयतील करां का आवेश यक्त पेक्या जास्त किवा कमी असून कता...

Step  33400/60000 | Phase: 4B (Dynamic MoE) | CTC Loss: 0.9985 | Aux Loss: 8.0340 | CER: 0.217 | Throughput:  50.6 aud-s/s | LR: 8.35e-06
  [Ref ]: सॅलड म्हनीसन कच्च्या फय भाज्यास्मा बीट , काकडी , गाजर आणि टमाटाले मागण...
  [Pred]: सालट मनी संकच्च्या फयभाजासमा दीड कापरी गाजर आणि तमाटाले मागनी शे...

Step  33425/60000 | Phase: 4B (Dynamic MoE) | CTC Loss: 0.9474 | Aux Loss: 8.0382 | CER: 0.251 | Throughput: 591.8 aud-s/s | LR: 8.35e-06
  [Ref ]: ऑनलाइन पे करुन फायदो काय ?...
  [Pred]: ऑनलाइन पेक े फायदो काय ?...

Step  33450/60000 | Phase: 4B (Dynamic MoE) | CTC Loss: 0.9690 | Aux Loss: 8.0154 | CER: 0.181 | Throughput: 412.9 aud-s/s | LR: 8.35e-06
  [Ref ]: क्रेडिट कार्ड मले कोठ कोठ वापरता येईन ?...
  [Pred]: क्रेडिट कार्ड ले कोठ कुठ वापरता येईन ?...

Step  33475/60000 | Phase: 4B (Dynamic MoE) | CTC Loss: 0.9706 | Aux Loss: 8.0315 | CER: 0.263 | Throughput: 831.7 aud-s/s | LR: 8.34e-06
  [Ref ]: सोंडे , घुंग पिकाले लागू नये म्हनून का कराच पायजे ?...
  [Pred]: सोंडे गुंवडकाले लागू नये म्हणून का कराच पायजे ?...

Step  33500/60000 | Phase: 4B (Dynamic MoE) | CTC Loss: 1.0325 | Aux Loss: 8.0359 | CER: 0.251 | Throughput: 110.2 aud-s/s | LR: 8.34e-06
  [Ref ]: मले ऑनलाईन खातं खोलाचं हाय तर कस खोलू ?...
  [Pred]: मले ऑनलाइन खातं फलायचे ह तर कसा खलू ?...

Step  33525/60000 | Phase: 4B (Dynamic MoE) | CTC Loss: 1.0806 | Aux Loss: 8.0455 | CER: 0.307 | Throughput: 563.5 aud-s/s | LR: 8.34e-06
  [Ref ]: भाताची साठवूनक कशी करतत ?...
  [Pred]: खताची करणूक कशी करतत ?...

Step  33550/60000 | Phase: 4B (Dynamic MoE) | CTC Loss: 1.0355 | Aux Loss: 8.0555 | CER: 0.417 | Throughput: 511.6 aud-s/s | LR: 8.34e-06
  [Ref ]: पराटीले नंतर चांगला भाव भेटीन का ?...
  [Pred]: परटीवेवा्थीसांगला करसकता ?...

Step  33575/60000 | Phase: 4B (Dynamic MoE) | CTC Loss: 1.0154 | Aux Loss: 8.0346 | CER: 0.324 | Throughput: 244.8 aud-s/s | LR: 8.34e-06
  [Ref ]: व्याजाचे पैसे माया खात्यात जमा व्हासाठी कितीक दिवस लागन ?...
  [Pred]: वर्जाचे पैसे माया खात्यात जमा वासाठी किती मिे कागन ?...

Step  33600/60000 | Phase: 4B (Dynamic MoE) | CTC Loss: 1.0501 | Aux Loss: 8.0199 | CER: 0.337 | Throughput: 147.2 aud-s/s | LR: 8.33e-06
  [Ref ]: बाजरी पांढऱ्या , पिवळ्या , तपकिरी , राखाडी आणि निळ्या वांगी रंग अश्या ...
  [Pred]: बाजरीपां्डल्यापि यात किविलामावनेळेवन घेरो अ वियवदर खिटामध्ये गाहोतत...

Step  33625/60000 | Phase: 4B (Dynamic MoE) | CTC Loss: 0.9264 | Aux Loss: 8.0325 | CER: 0.201 | Throughput: 421.6 aud-s/s | LR: 8.33e-06
  [Ref ]: उपकरणे खैयची खैयची आसत ?...
  [Pred]: उककण खयचे खयचय आसत ?...

Step  33650/60000 | Phase: 4B (Dynamic MoE) | CTC Loss: 1.0030 | Aux Loss: 8.0220 | CER: 0.332 | Throughput: 343.4 aud-s/s | LR: 8.33e-06
  [Ref ]: बागायती शेती करायले सेंद्रिय खत आवश्यक हाये का ?...
  [Pred]: मागायती शेती कराली यंद्रे खत आवश्यक क ?...

Step  33675/60000 | Phase: 4B (Dynamic MoE) | CTC Loss: 0.9531 | Aux Loss: 8.0220 | CER: 0.325 | Throughput: 196.4 aud-s/s | LR: 8.33e-06
  [Ref ]: भारतीय बॅन्क सरकारच्या अनुसार योजना आणतत...
  [Pred]: भारतीय ब्यक प्रकरच्या वनुसान योजना सतत...

Step  33700/60000 | Phase: 4B (Dynamic MoE) | CTC Loss: 1.0362 | Aux Loss: 8.1751 | CER: 0.358 | Throughput:  31.3 aud-s/s | LR: 8.32e-06
  [Ref ]: व्यापारी बँकेच्या विपरीत मध्यवर्ती बँकेची मौद्रिक आधार वाढवुची मक्तेदा...
  [Pred]: र्यपारी बँसेच् वापरित प्ायि वर्ती वाजणेची म्रीगखा दारि कणची लक्ककय असत...

Step  33725/60000 | Phase: 4B (Dynamic MoE) | CTC Loss: 0.9906 | Aux Loss: 8.0132 | CER: 0.256 | Throughput: 616.1 aud-s/s | LR: 8.32e-06
  [Ref ]: मुदत ठेवीचो प्रकार काय असा ?...
  [Pred]: मोदत फेिीचोप्रकार काय असा ?...

Step  33750/60000 | Phase: 4B (Dynamic MoE) | CTC Loss: 1.0398 | Aux Loss: 8.0285 | CER: 0.375 | Throughput: 497.6 aud-s/s | LR: 8.32e-06
  [Ref ]: टोमॅटो काढणीनंतर किती दिवसांनी खराब होतात ?...
  [Pred]: टमॅाच्या कागी मातर किती िवस रेवेपादा हतत ?...

Step  33775/60000 | Phase: 4B (Dynamic MoE) | CTC Loss: 1.0795 | Aux Loss: 8.0485 | CER: 0.464 | Throughput: 804.5 aud-s/s | LR: 8.32e-06
  [Ref ]: वनस्पतीत पुनरुत्पादन कसा होता ?...
  [Pred]: मनला यकलेत हा उणरकपारत कसे हता ?...

Step  33800/60000 | Phase: 4B (Dynamic MoE) | CTC Loss: 0.9127 | Aux Loss: 8.0285 | CER: 0.156 | Throughput:  62.9 aud-s/s | LR: 8.31e-06
  [Ref ]: दिल एक औषधी झुडूप आहे ज्याचा उपयोग केल्याने पचनक्रिया सुधारते...
  [Pred]: दिलेक औषिधी जुरू पाय त्याचा उपयोग केल्याने प्चंच्या सुधारते...

Step  33825/60000 | Phase: 4B (Dynamic MoE) | CTC Loss: 0.9954 | Aux Loss: 8.0476 | CER: 0.303 | Throughput: 331.5 aud-s/s | LR: 8.31e-06
  [Ref ]: सोला कायनं पेराव ?...
  [Pred]: सोला कायनं पेर हा ?...

Step  33850/60000 | Phase: 4B (Dynamic MoE) | CTC Loss: 0.9313 | Aux Loss: 8.0273 | CER: 0.174 | Throughput: 386.2 aud-s/s | LR: 8.31e-06
  [Ref ]: खात्यामध्ये आलेला चेक पास झाला का ?...
  [Pred]: खात्याबी आललाची फाय झाला का ...

Step  33875/60000 | Phase: 4B (Dynamic MoE) | CTC Loss: 0.9528 | Aux Loss: 8.0265 | CER: 0.245 | Throughput: 677.1 aud-s/s | LR: 8.31e-06
  [Ref ]: के.वाय.सी अद्ययावत कशी करुची ?...
  [Pred]: के.वाय.सी अद्यायवर कशी करुचे ?...

Step  33900/60000 | Phase: 4B (Dynamic MoE) | CTC Loss: 1.0007 | Aux Loss: 8.0925 | CER: 0.282 | Throughput:  33.9 aud-s/s | LR: 8.30e-06
  [Ref ]: बँक खात्यामध्ये पैसे नसले तरी क्रेडिट कार्डद्वारे व्यवहार करता येतो का...
  [Pred]: बँक खात्यामचे पैसे मसले करी क्रेडिट कार्डद्वारे व्यवहार करता येतो का ?...

Step  33925/60000 | Phase: 4B (Dynamic MoE) | CTC Loss: 1.0079 | Aux Loss: 8.0197 | CER: 0.413 | Throughput: 553.4 aud-s/s | LR: 8.30e-06
  [Ref ]: कर्ज कसा फेडुचा ?...
  [Pred]: कर्ज कसा फेडूचा ?...

Step  33950/60000 | Phase: 4B (Dynamic MoE) | CTC Loss: 1.0068 | Aux Loss: 8.0072 | CER: 0.218 | Throughput: 235.8 aud-s/s | LR: 8.30e-06
  [Ref ]: शत्रु किडे अन मित्र किडे कसे ओळखता येईन ?...
  [Pred]: मंत्र कीडे अनन नितर की दे कसे वापरता येईल ?...

Step  33975/60000 | Phase: 4B (Dynamic MoE) | CTC Loss: 0.9556 | Aux Loss: 8.0147 | CER: 0.269 | Throughput: 628.0 aud-s/s | LR: 8.30e-06
  [Ref ]: शिक्षणासाठी कर्ज घेण्याची काय प्रक्रिया आहे ?...
  [Pred]: शिक्षणसाटी अर्ज घेण्याची काय प्रक्रिया आहे ?...

Step  34000/60000 | Phase: 4B (Dynamic MoE) | CTC Loss: 1.0008 | Aux Loss: 8.0472 | CER: 0.269 | Throughput:  45.1 aud-s/s | LR: 8.29e-06
  [Ref ]: बीटरूटमझार अँटिऑक्सिडेंट गुणधर्म शेतंस ज्या मानवी आरोग्यनाकरता चांगलं ...
  [Pred]: बी रृकममझार एंटरॉक सिडिं गुन्ती तमनी जय मन्वी आरोग्यना करता चांगलं रहस...

  [Checkpoint] Step 34000 saved to runs\no-splitformer-moe-only\checkpoints\stage2_moe
Step  34025/60000 | Phase: 4B (Dynamic MoE) | CTC Loss: 0.9520 | Aux Loss: 8.0352 | CER: 0.280 | Throughput: 575.0 aud-s/s | LR: 8.29e-06
  [Ref ]: ऑनलाइन जोड खाता कसा उघडायचा ?...
  [Pred]: ऑनलान रेा सा कस घडायचा ?...

Step  34050/60000 | Phase: 4B (Dynamic MoE) | CTC Loss: 0.9246 | Aux Loss: 8.0198 | CER: 0.256 | Throughput: 382.7 aud-s/s | LR: 8.29e-06
  [Ref ]: आता मार्केटमध्ये सर्वात जास्त कशाला भाव आहे ?...
  [Pred]: आता मार्केटमधे सर्वात जास्ता भाहा कसा लाहे ?...

Step  34075/60000 | Phase: 4B (Dynamic MoE) | CTC Loss: 0.9821 | Aux Loss: 8.0320 | CER: 0.195 | Throughput: 910.8 aud-s/s | LR: 8.29e-06
  [Ref ]: आपल्याला गांजाची कापणी कशी करतात हे माहीत आहे का ?...
  [Pred]: आपलयाला जांच्याची कापणी कशी करतात ही माहीत आहे का ?...

Step  34100/60000 | Phase: 4B (Dynamic MoE) | CTC Loss: 1.0108 | Aux Loss: 8.0235 | CER: 0.350 | Throughput:  73.1 aud-s/s | LR: 8.28e-06
  [Ref ]: बापले जर नवकरी नशी तधय पोर्याले शिकानीकरता करजं भेटस का ?...
  [Pred]: म माजत लावकलीनाशी तदे पोड्याले शिकार करता कर्ज भेटस का ?...

Step  34125/60000 | Phase: 4B (Dynamic MoE) | CTC Loss: 1.0284 | Aux Loss: 8.0327 | CER: 0.254 | Throughput: 596.9 aud-s/s | LR: 8.28e-06
  [Ref ]: ई कॉमर्स म्हणजे काय ?...
  [Pred]: ई ॉमिट म्हणजे काय ?...

Step  34150/60000 | Phase: 4B (Dynamic MoE) | CTC Loss: 1.0633 | Aux Loss: 8.0114 | CER: 0.297 | Throughput: 515.2 aud-s/s | LR: 8.28e-06
  [Ref ]: कर्जाची परतफेड कीती महिन्याची असतली ?...
  [Pred]: कर्जाची परतफेल किती महिन्याचे असताहे ?...

Step  34175/60000 | Phase: 4B (Dynamic MoE) | CTC Loss: 0.9571 | Aux Loss: 8.0102 | CER: 0.255 | Throughput: 174.9 aud-s/s | LR: 8.28e-06
  [Ref ]: शेतकरीले डिजीटल खातं उघाडानी करता पॅनकार्ड लागी का ?...
  [Pred]: मिजकरी  डि जिटल खातं घड णे करता बॅ कारड हेईन का ?...

Step  34200/60000 | Phase: 4B (Dynamic MoE) | CTC Loss: 0.9892 | Aux Loss: 8.0599 | CER: 0.200 | Throughput: 140.7 aud-s/s | LR: 8.27e-06
  [Ref ]: आत मध्ये बघण्याच आणखी एक कारण आहे ते म्हणजे , वाढती क्रेडिट जोखीम...
  [Pred]: खतामध्ये भरण्याचारांही ए कार आहे ते मंजे वार्सिफलेट जोखीन...

Step  34225/60000 | Phase: 4B (Dynamic MoE) | CTC Loss: 0.9900 | Aux Loss: 8.0195 | CER: 0.170 | Throughput: 526.6 aud-s/s | LR: 8.27e-06
  [Ref ]: एन.बी.एफ.सी म्हणजे काय ?...
  [Pred]: एन.बी.एफ.सी म्हणजे काय ?...

Step  34250/60000 | Phase: 4B (Dynamic MoE) | CTC Loss: 0.9741 | Aux Loss: 8.0132 | CER: 0.263 | Throughput: 127.5 aud-s/s | LR: 8.27e-06
  [Ref ]: माझ्या खात्यातील पैसे मी दुसऱ्या बँकेतून काढता येतील का ?...
  [Pred]: माझ्या खात्यातील पेसीन दुस्या बँकेतच वाढता येतील का ?...

Step  34275/60000 | Phase: 4B (Dynamic MoE) | CTC Loss: 1.0190 | Aux Loss: 8.0387 | CER: 0.324 | Throughput: 221.4 aud-s/s | LR: 8.27e-06
  [Ref ]: क्रेडिट कार्डवरून फसवणूक झाल्यास कुठे तक्रार करावी ?...
  [Pred]: क्रेडिट कार्डचोपकून झाल्यास कुठी कारव करावी ?...

Step  34300/60000 | Phase: 4B (Dynamic MoE) | CTC Loss: 1.1565 | Aux Loss: 8.0542 | CER: 0.297 | Throughput:  88.6 aud-s/s | LR: 8.26e-06
  [Ref ]: द्रव खताचा वापर वनस्पतीं साठी पोषक तत्वांनी युक्त खत म्हणून केला जातो...
  [Pred]: ग्राह हताच्या वापरवनस्पतीनिसाठी दोषी वप्रणेही उ्त पतबन केला जाते...

Step  34325/60000 | Phase: 4B (Dynamic MoE) | CTC Loss: 1.0145 | Aux Loss: 8.0267 | CER: 0.308 | Throughput: 362.4 aud-s/s | LR: 8.26e-06
  [Ref ]: कर्ज कसा काडूचा ?...
  [Pred]: कर्ज क के कूचा ?...

Step  34350/60000 | Phase: 4B (Dynamic MoE) | CTC Loss: 0.9665 | Aux Loss: 8.0259 | CER: 0.192 | Throughput: 567.0 aud-s/s | LR: 8.26e-06
  [Ref ]: मध औषधी गुणांनी परिपुर्ण असा आणि औषधा बनवुक वापरलो जाता...
  [Pred]: मभा्षा ीिकणाअणी परीतम्ा असा णि औसध बनवक क कता...

Step  34375/60000 | Phase: 4B (Dynamic MoE) | CTC Loss: 0.9542 | Aux Loss: 8.0241 | CER: 0.280 | Throughput: 103.0 aud-s/s | LR: 8.25e-06
  [Ref ]: सामाजिक क्षेत्रांत लहान पोरानसाठी कसले योजना आसत ?...
  [Pred]: सामजन क्षेत्रात लान गोरंसाठी कसले योजना आस ?...

Step  34400/60000 | Phase: 4B (Dynamic MoE) | CTC Loss: 0.9898 | Aux Loss: 8.0199 | CER: 0.181 | Throughput: 128.0 aud-s/s | LR: 8.25e-06
  [Ref ]: माझ्या कर्जाचो अजून किती ई.एम.आय भरूचो असा ?...
  [Pred]: माझ्या कर्जाचो अर्ज किती ई.एन.आय भरूचो आसा ?...

Step  34425/60000 | Phase: 4B (Dynamic MoE) | CTC Loss: 1.0152 | Aux Loss: 8.0271 | CER: 0.248 | Throughput:  22.5 aud-s/s | LR: 8.25e-06
  [Ref ]: के.वाय.सी म्हणजे काय आसा ?...
  [Pred]: के.वाय.सी म्हणंजे काय असा ?...

Step  34450/60000 | Phase: 4B (Dynamic MoE) | CTC Loss: 1.0027 | Aux Loss: 8.0492 | CER: 0.193 | Throughput:  53.1 aud-s/s | LR: 8.25e-06
  [Ref ]: यावेळी एकूण आर्थिक भांडवल किती होते ?...
  [Pred]: यावेळेकूर आर्थिक काटडवाल किती अत ?...

Step  34475/60000 | Phase: 4B (Dynamic MoE) | CTC Loss: 1.0256 | Aux Loss: 8.0246 | CER: 0.221 | Throughput: 201.6 aud-s/s | LR: 8.24e-06
  [Ref ]: बदामाच्या झाडाला कोणता कलम केल्यावर झाडाला चांगले फळ येईल ?...
  [Pred]: मोबागामायीवाठ कोणते करमाम फिल झरवला सांगी कोली ?...

Step  34500/60000 | Phase: 4B (Dynamic MoE) | CTC Loss: 0.9885 | Aux Loss: 8.0652 | CER: 0.240 | Throughput: 113.9 aud-s/s | LR: 8.24e-06
  [Ref ]: आरोग्य विमा काढण्यासाठी वयाची अट काय आहे ?...
  [Pred]: आरयोग्य विमा काढण्यासाठी पयाची अ काय आहे ?...

Step  34525/60000 | Phase: 4B (Dynamic MoE) | CTC Loss: 1.1144 | Aux Loss: 8.0160 | CER: 0.383 | Throughput: 395.7 aud-s/s | LR: 8.24e-06
  [Ref ]: यू.पी.आय पिन म्हणजे काय ?...
  [Pred]: यू.पी.आरि म्हणजे काय ?...

Step  34550/60000 | Phase: 4B (Dynamic MoE) | CTC Loss: 1.1036 | Aux Loss: 8.0137 | CER: 0.247 | Throughput: 171.0 aud-s/s | LR: 8.24e-06
  [Ref ]: मी रूमचा किराया रूम मालकाले ऑनलाईन कसा पाठवू ?...
  [Pred]: कुनचे करयरूमायकायले ऑनलाईन कसा कासान ?...

Step  34575/60000 | Phase: 4B (Dynamic MoE) | CTC Loss: 0.9564 | Aux Loss: 8.0495 | CER: 0.325 | Throughput: 123.7 aud-s/s | LR: 8.23e-06
  [Ref ]: ज्वारी खरीप हंगामात लावता येते का ?...
  [Pred]: ला खरीप हंगामा खता येते का ?...

Step  34600/60000 | Phase: 4B (Dynamic MoE) | CTC Loss: 1.0024 | Aux Loss: 8.0396 | CER: 0.252 | Throughput:  89.8 aud-s/s | LR: 8.23e-06
  [Ref ]: मोहनने बँकेतून दोन लाख रुपयांचे कर्ज घेतले आहे...
  [Pred]: मोहनने बँकेतून दोन ला खपयांचे कर्ज दिची आहय...

Step  34625/60000 | Phase: 4B (Dynamic MoE) | CTC Loss: 0.9264 | Aux Loss: 8.0218 | CER: 0.192 | Throughput: 481.4 aud-s/s | LR: 8.23e-06
  [Ref ]: ऑनलाइन खाता कसा उघडायचा ?...
  [Pred]: ऑनलाइन खाता कसा उघडायचा ?...

Step  34650/60000 | Phase: 4B (Dynamic MoE) | CTC Loss: 1.0012 | Aux Loss: 8.0391 | CER: 0.311 | Throughput: 125.0 aud-s/s | LR: 8.23e-06
  [Ref ]: कॉलेजच्या अभ्यासासाठी तेंका तेंची गाडी विकूची लागली हुती...
  [Pred]: गराच्या ब्ा साठ्ी िका त्यांची गाडी वेकसी ला...

Step  34675/60000 | Phase: 4B (Dynamic MoE) | CTC Loss: 1.0768 | Aux Loss: 8.0279 | CER: 0.330 | Throughput: 204.0 aud-s/s | LR: 8.22e-06
  [Ref ]: सुनीता विचारीत होता , खयच्या प्रकारच्या गुंतवणुकीत जास्तीचो परतावा मिळ...
  [Pred]: सोयारीच्यारी तवता खयच्या ख्रकाच्या गुंतवूणू कया जास्कितेपा काव मिळता ?...

Step  34700/60000 | Phase: 4B (Dynamic MoE) | CTC Loss: 1.0506 | Aux Loss: 8.0172 | CER: 0.290 | Throughput: 129.1 aud-s/s | LR: 8.22e-06
  [Ref ]: भारत देश येक मर्यादानावर पारतिनिधिक पैसा छापत नयी...
  [Pred]: मया देश एेटमर्या दानावर अरते निधीन पैसा छोपत नैय...

Step  34725/60000 | Phase: 4B (Dynamic MoE) | CTC Loss: 0.9500 | Aux Loss: 8.0253 | CER: 0.325 | Throughput: 570.9 aud-s/s | LR: 8.22e-06
  [Ref ]: वजनाचे किती प्रकार आसत ?...
  [Pred]: मा किती प्रकार आसत ?...

Step  34750/60000 | Phase: 4B (Dynamic MoE) | CTC Loss: 1.0375 | Aux Loss: 8.0465 | CER: 0.281 | Throughput: 156.7 aud-s/s | LR: 8.22e-06
  [Ref ]: मामा करातून मिळालेल्या पैशाला काय म्हणतात ?...
  [Pred]: नामा कराबून मिळाले  तच्यात काय म्हणतात ?...

Step  34775/60000 | Phase: 4B (Dynamic MoE) | CTC Loss: 0.9725 | Aux Loss: 8.0251 | CER: 0.371 | Throughput: 192.2 aud-s/s | LR: 8.21e-06
  [Ref ]: बँकमा वैयक्तिक खातं काढानी टाईमले पॅनकार्ड आवश्यक शे का ?...
  [Pred]: बकामा बाईजती खात्या प्रदाण काढला ले  तंकर आवश्यक शे का ?...

Step  34800/60000 | Phase: 4B (Dynamic MoE) | CTC Loss: 1.0221 | Aux Loss: 8.0683 | CER: 0.256 | Throughput:  79.6 aud-s/s | LR: 8.21e-06
  [Ref ]: मला समजले की भारताचे अर्थ मंत्रालय दिल्लीत आहे...
  [Pred]: मला समाजलेकी भारताचेा अर्थू मंत्राना पिलिणेत हे...

Step  34825/60000 | Phase: 4B (Dynamic MoE) | CTC Loss: 0.9948 | Aux Loss: 8.0363 | CER: 0.495 | Throughput: 254.3 aud-s/s | LR: 8.21e-06
  [Ref ]: रिचार्ज कसा करायचा ?...
  [Pred]: पव पसे करच ?...

Step  34850/60000 | Phase: 4B (Dynamic MoE) | CTC Loss: 1.0077 | Aux Loss: 8.0052 | CER: 0.137 | Throughput: 568.7 aud-s/s | LR: 8.21e-06
  [Ref ]: मोबाईल वर मी माया शेतीचं क्षेत्र कस मोजू ?...
  [Pred]: मोबाईलवरमी माया शेतीची क्षेत्र कस मोजू ?...

Step  34875/60000 | Phase: 4B (Dynamic MoE) | CTC Loss: 1.0014 | Aux Loss: 8.0123 | CER: 0.195 | Throughput: 146.7 aud-s/s | LR: 8.20e-06
  [Ref ]: खयचा मोबाईल ऍप्लिकेशन यवस्तित होया ?...
  [Pred]: खयचा मोबाईली अपली केशान यवस्तीत होका ?...

Step  34900/60000 | Phase: 4B (Dynamic MoE) | CTC Loss: 0.8873 | Aux Loss: 8.0333 | CER: 0.190 | Throughput:  86.0 aud-s/s | LR: 8.20e-06
  [Ref ]: सोयाबीनचे उत्पादन खराब होण्याअगोदर ते किती वेळ गोदामात ठेवणे योग्य आहे...
  [Pred]: सोयाबीनचे उत्पादन खराब होण्या अगदर ते किती वेळेग गोदामात ठेवणी योग्य आ...

Step  34925/60000 | Phase: 4B (Dynamic MoE) | CTC Loss: 1.1054 | Aux Loss: 8.0334 | CER: 0.480 | Throughput: 559.1 aud-s/s | LR: 8.20e-06
  [Ref ]: विमा म्हटल्या काय ?...
  [Pred]: विमाम्हचज काका ?...

Step  34950/60000 | Phase: 4B (Dynamic MoE) | CTC Loss: 1.0246 | Aux Loss: 8.0267 | CER: 0.477 | Throughput: 318.0 aud-s/s | LR: 8.20e-06
  [Ref ]: फेरोमेन सापळे टाकूचो खर्च किती हा ?...
  [Pred]: फेरो मचा पडा कुधक काती हाय ?...

Step  34975/60000 | Phase: 4B (Dynamic MoE) | CTC Loss: 1.0811 | Aux Loss: 8.0137 | CER: 0.263 | Throughput: 180.0 aud-s/s | LR: 8.19e-06
  [Ref ]: रमेश आणि हुंडी यांच्यात पैशाशी संबंधित वाद झाला होता...
  [Pred]: रमेश आणि मूंबीयनच्यात पैशकाशी संनित वाढ झाला हो का ?...

Step  35000/60000 | Phase: 4B (Dynamic MoE) | CTC Loss: 0.9616 | Aux Loss: 8.0226 | CER: 0.133 | Throughput: 103.1 aud-s/s | LR: 8.19e-06
  [Ref ]: एन.बी.एफ.सी च्या माध्यमातून काही फसवणूक वगैरे होना नाय मा ?...
  [Pred]: एन.बी.एफ.सी च्या माध्यमातून काही फसवणूक वजरी होना नाय मा?...

  🌟 New Best Model! cer = 0.1328 (Saved to best_model.pt)
  [Checkpoint] Step 35000 saved to runs\no-splitformer-moe-only\checkpoints\stage2_moe
Step  35025/60000 | Phase: 4B (Dynamic MoE) | CTC Loss: 0.8993 | Aux Loss: 8.0312 | CER: 0.128 | Throughput: 188.0 aud-s/s | LR: 8.19e-06
  [Ref ]: केबलचा बिल कसा भरायचा ?...
  [Pred]: केबलचा ियतचा सा भरायचो ?...

Step  35050/60000 | Phase: 4B (Dynamic MoE) | CTC Loss: 0.9274 | Aux Loss: 8.0148 | CER: 0.201 | Throughput: 540.9 aud-s/s | LR: 8.19e-06
  [Ref ]: संत्र्याच्या चांगल्या उत्पन्नासाठी कोनची माती चांगली राहिनं ?...
  [Pred]: संतर्या चांगला उत्न्यासठी कोनती माती चांगली राहे ?...

Step  35075/60000 | Phase: 4B (Dynamic MoE) | CTC Loss: 0.9414 | Aux Loss: 8.0658 | CER: 0.282 | Throughput: 203.1 aud-s/s | LR: 8.18e-06
  [Ref ]: भारतीय शेतकऱ्यांसाठी सामाजिक क्षेत्रात कोणत्या प्रकारच्या विविध योजना ...
  [Pred]: भारतकीय शेतक्यांसाठी चा माजिक्षेत्रात कर् ा चा मा जो योजना उपलब्ध आहेत...

Step  35100/60000 | Phase: 4B (Dynamic MoE) | CTC Loss: 1.0631 | Aux Loss: 8.0342 | CER: 0.472 | Throughput:  90.6 aud-s/s | LR: 8.18e-06
  [Ref ]: स्टेट बँक ऑफ इंडियाच्या पटना शाखेतून नव्या नोटा काढता येणार आहेत...
  [Pred]: टीट नियाच्या पपरसाखीत कनाल्यारटा कारता लेना आहत...

Step  35125/60000 | Phase: 4B (Dynamic MoE) | CTC Loss: 0.8850 | Aux Loss: 8.0171 | CER: 0.260 | Throughput: 576.4 aud-s/s | LR: 8.18e-06
  [Ref ]: एखाद्याला ऑनलाइन पेमेंट कसा करायचा ?...
  [Pred]: पिकाचा ला नलाइन जेमें कसा कारायचा ?...

Step  35150/60000 | Phase: 4B (Dynamic MoE) | CTC Loss: 0.9690 | Aux Loss: 8.0271 | CER: 0.222 | Throughput: 453.5 aud-s/s | LR: 8.18e-06
  [Ref ]: जगातील चहा कंपन्यांची यादी खूप मोठी आहे...
  [Pred]: काचतच्ा कंपण्यांची याची मोत किती आहे...

Step  35175/60000 | Phase: 4B (Dynamic MoE) | CTC Loss: 1.0573 | Aux Loss: 8.0507 | CER: 0.300 | Throughput: 199.2 aud-s/s | LR: 8.17e-06
  [Ref ]: माझ्या उत्पादनात ओलावा नसल्याची खात्री कशी करावी ?...
  [Pred]: माझ्या उत्पादनात ओलाव नुस्याची खात्र कशी करावी ?...

Step  35200/60000 | Phase: 4B (Dynamic MoE) | CTC Loss: 0.9551 | Aux Loss: 8.0711 | CER: 0.242 | Throughput:  86.6 aud-s/s | LR: 8.17e-06
  [Ref ]: भुईमूगासाठी अल्कधर्मी किंवा आम्लधर्मी जमीन योग्य असते का ?...
  [Pred]: भुईमुगासाठी अंकधरमी किंवा आम्लघरमी जमीन यगय असते का ?...

Step  35225/60000 | Phase: 4B (Dynamic MoE) | CTC Loss: 1.0082 | Aux Loss: 8.0589 | CER: 0.375 | Throughput: 494.0 aud-s/s | LR: 8.17e-06
  [Ref ]: चांगली पीक खयला हा ?...
  [Pred]: करेडिटका खयहा ?...

Step  35250/60000 | Phase: 4B (Dynamic MoE) | CTC Loss: 0.9733 | Aux Loss: 8.0117 | CER: 0.303 | Throughput: 531.4 aud-s/s | LR: 8.17e-06
  [Ref ]: सोन्यात गुंतवलेला पैसा कधीही वाया जात नाही...
  [Pred]: सया गुंतवलेला पैसा ठीही वराजत नही...

Step  35275/60000 | Phase: 4B (Dynamic MoE) | CTC Loss: 1.0524 | Aux Loss: 8.0228 | CER: 0.150 | Throughput: 171.5 aud-s/s | LR: 8.16e-06
  [Ref ]: कर्जाची परतफेड एकरकमी करू शकतो का ?...
  [Pred]: कर्जाची परतफेड एक रेकमी करू शकतो का ?...

Step  35300/60000 | Phase: 4B (Dynamic MoE) | CTC Loss: 1.0322 | Aux Loss: 8.0374 | CER: 0.300 | Throughput: 129.3 aud-s/s | LR: 8.16e-06
  [Ref ]: बहुतेक अंदाज टीव्हीवर सांगितले जातात आणि खरे ठरतात...
  [Pred]: बौतिक अंदस तिमीवर सांगितले जातार आणि खरीप ठरतात...

Step  35325/60000 | Phase: 4B (Dynamic MoE) | CTC Loss: 1.0700 | Aux Loss: 8.0423 | CER: 0.296 | Throughput: 489.0 aud-s/s | LR: 8.16e-06
  [Ref ]: लाभार्थी कसा जोडता येता ?...
  [Pred]: आभार्थी कसा जडा ?...

Step  35350/60000 | Phase: 4B (Dynamic MoE) | CTC Loss: 0.9961 | Aux Loss: 8.0242 | CER: 0.303 | Throughput: 563.2 aud-s/s | LR: 8.16e-06
  [Ref ]: बागायती शेतीवर जास्त कर्ज काऊन मिळते ?...
  [Pred]: बाकायती शेतीवर जास्त कर्ज काऊ हत ?...

Step  35375/60000 | Phase: 4B (Dynamic MoE) | CTC Loss: 1.0297 | Aux Loss: 8.0428 | CER: 0.335 | Throughput:  57.0 aud-s/s | LR: 8.15e-06
  [Ref ]: शेती ही अशी जमीन आहे , जी शेतीच्या कामासाठी वापरली जाते...
  [Pred]: शेतीची अशी जमिननसकशेपीच्या कामासाठी वापरली जाते...

Step  35400/60000 | Phase: 4B (Dynamic MoE) | CTC Loss: 0.9392 | Aux Loss: 8.0353 | CER: 0.344 | Throughput: 106.0 aud-s/s | LR: 8.15e-06
  [Ref ]: एन्थेरिया असामा फिलोसामिया हे रिसिनी रेशीमच्या किड्यांचे नाव आह...
  [Pred]: एनथरनीवसमा फुलेचा नया ही विसीमेरे सिंच क्ल्यंत ना आहे...

Step  35425/60000 | Phase: 4B (Dynamic MoE) | CTC Loss: 1.0258 | Aux Loss: 8.0268 | CER: 0.347 | Throughput: 618.2 aud-s/s | LR: 8.15e-06
  [Ref ]: मले कितीक कर्ज भेटन ?...
  [Pred]: कती का्जद भेटा ?...

Step  35450/60000 | Phase: 4B (Dynamic MoE) | CTC Loss: 0.9631 | Aux Loss: 8.0367 | CER: 0.268 | Throughput:  57.4 aud-s/s | LR: 8.14e-06
  [Ref ]: सेंद्रिय शेतीमुये विषारी पदार्थसना वापर कमी व्हयी...
  [Pred]: सेंद्रिय शेतीमुे देषारी बदार थसना वापर कमी होईय...

Step  35475/60000 | Phase: 4B (Dynamic MoE) | CTC Loss: 1.0278 | Aux Loss: 8.0137 | CER: 0.229 | Throughput: 201.4 aud-s/s | LR: 8.14e-06
  [Ref ]: मायावर कितीक कर्ज बाकी हाय , हे मले सांगान का ?...
  [Pred]: मायाव किती कर्ज बकी हयहे मा्य सांगान का ?...

Step  35500/60000 | Phase: 4B (Dynamic MoE) | CTC Loss: 1.0199 | Aux Loss: 8.0260 | CER: 0.218 | Throughput:  81.6 aud-s/s | LR: 8.14e-06
  [Ref ]: ग्रामीण अर्थव्यवस्थेसाठी पाळीव प्राणी म्हणून मेंढी महत्त्वाची आहे...
  [Pred]: र्राहाण अर्थव्वस्थेसाठी पायत आनी म्हणून मेंढी महत्त्वाची आहे...

Step  35525/60000 | Phase: 4B (Dynamic MoE) | CTC Loss: 1.0612 | Aux Loss: 8.0398 | CER: 0.458 | Throughput: 571.3 aud-s/s | LR: 8.14e-06
  [Ref ]: व्याज दर काय आस्तलो ?...
  [Pred]: कार्ज का की त ?...

Step  35550/60000 | Phase: 4B (Dynamic MoE) | CTC Loss: 0.9122 | Aux Loss: 8.0229 | CER: 0.184 | Throughput:  27.5 aud-s/s | LR: 8.13e-06
  [Ref ]: मोहनने बँकेत होणारी फसवणूक पकडून दिली...
  [Pred]: मोहनने बँकेत जागारी फसवणक पकडून दिली...

Step  35575/60000 | Phase: 4B (Dynamic MoE) | CTC Loss: 1.1526 | Aux Loss: 8.0241 | CER: 0.325 | Throughput: 127.3 aud-s/s | LR: 8.13e-06
  [Ref ]: एअरटेल बँकेतपण के.वाय.सी अपडेट करणा जरुरी हा...
  [Pred]: यट बँक चेत पल के.वाय.सी गडकरनाच जरवे हा...

Step  35600/60000 | Phase: 4B (Dynamic MoE) | CTC Loss: 1.0555 | Aux Loss: 8.0571 | CER: 0.206 | Throughput:  87.4 aud-s/s | LR: 8.13e-06
  [Ref ]: पी.एम किसान योजनेचो जवळजवळ तीन कोटी शेतकऱ्यांका फायदो झालेलो आसा...
  [Pred]: पिटं किसा योजनेचो गव जपतीन घोटी शेतक्यांको फायदो घालेलो आसा...

Step  35625/60000 | Phase: 4B (Dynamic MoE) | CTC Loss: 1.0375 | Aux Loss: 8.0454 | CER: 0.176 | Throughput: 573.0 aud-s/s | LR: 8.13e-06
  [Ref ]: ठेवीचे कितके प्रकार आसत ?...
  [Pred]: ठेवीचे कितके प्रकार आसत ?...

Step  35650/60000 | Phase: 4B (Dynamic MoE) | CTC Loss: 1.0065 | Aux Loss: 8.0354 | CER: 0.499 | Throughput: 469.0 aud-s/s | LR: 8.12e-06
  [Ref ]: बियाणा शेतात पेरुसाठी ट्रॅक्टर च्या मागे प्लांटर बसवला जाता...
  [Pred]: कनेशेपा प्नाचे झी टेक्टरचे बत उपय साला असता...

Step  35675/60000 | Phase: 4B (Dynamic MoE) | CTC Loss: 0.9385 | Aux Loss: 8.0139 | CER: 0.279 | Throughput: 280.3 aud-s/s | LR: 8.12e-06
  [Ref ]: भारताला हरितगृहाद्वारे आयातीचा चांगला फायदा होत आहे...
  [Pred]: भारता ला वडी करवतवारे आ क्या चंगला फायदा होत आहे...

Step  35700/60000 | Phase: 4B (Dynamic MoE) | CTC Loss: 0.9644 | Aux Loss: 8.0279 | CER: 0.258 | Throughput: 151.6 aud-s/s | LR: 8.12e-06
  [Ref ]: बजारमझार जितली गुंतवणुक वाढी तितली देशनी अर्थयवस्था मजबूत व्हयी...
  [Pred]: बजारलगार जितली दिंतवणूक जयकती दीसनी वाढ्थि यवा स मब्धत होन...

Step  35725/60000 | Phase: 4B (Dynamic MoE) | CTC Loss: 0.9278 | Aux Loss: 8.0398 | CER: 0.157 | Throughput: 579.1 aud-s/s | LR: 8.12e-06
  [Ref ]: डेबिट कार्डचे प्रकार कीतके आसत ?...
  [Pred]: डेबिट कार्चे प्रार किती आसत ?...

Step  35750/60000 | Phase: 4B (Dynamic MoE) | CTC Loss: 0.9255 | Aux Loss: 8.0251 | CER: 0.246 | Throughput: 576.0 aud-s/s | LR: 8.11e-06
  [Ref ]: कापणी केल्यानंतर धान्य कसे साठवून ठेवावे ?...
  [Pred]: काजी केल्यानंतर धान्या कसे साठवण ठघेवावे ?...

Step  35775/60000 | Phase: 4B (Dynamic MoE) | CTC Loss: 0.9832 | Aux Loss: 8.0227 | CER: 0.224 | Throughput: 113.5 aud-s/s | LR: 8.11e-06
  [Ref ]: बाजरीचे उत्पादन वाढविण्यासाठी सरकारने कोणती पावले उचलली आहेत ?...
  [Pred]: मकाचचे उत्पादन वाढविण्यासाठी सरकार कोणती कावली उचले आहे ?...

Step  35800/60000 | Phase: 4B (Dynamic MoE) | CTC Loss: 0.9452 | Aux Loss: 8.0431 | CER: 0.098 | Throughput: 167.5 aud-s/s | LR: 8.11e-06
  [Ref ]: कर दिवच्यापासून वाचूच्यासाठी विदेशात ऑफशोअर बँकेत पैशे ठेयतत...
  [Pred]: करदुंच्या पासून वातूच्यासाठी विदेशात ऑफशो बँकेत पैशे देळतत...

Step  35825/60000 | Phase: 4B (Dynamic MoE) | CTC Loss: 0.9349 | Aux Loss: 8.0190 | CER: 0.437 | Throughput: 125.8 aud-s/s | LR: 8.11e-06
  [Ref ]: गॅस बिल ऑनलाइन भरुक मिळता काय ?...
  [Pred]:  बिलऑ ाई बरू मेळता का ?...

Step  35850/60000 | Phase: 4B (Dynamic MoE) | CTC Loss: 1.0017 | Aux Loss: 8.0215 | CER: 0.299 | Throughput: 155.9 aud-s/s | LR: 8.10e-06
  [Ref ]: गांडूळ खताने जमीन भुसभुशीत होते का ?...
  [Pred]: एकारं बू खताने जव पपसूध म्हणजे काय ?...

Step  35875/60000 | Phase: 4B (Dynamic MoE) | CTC Loss: 0.9966 | Aux Loss: 8.0235 | CER: 0.259 | Throughput: 246.6 aud-s/s | LR: 8.10e-06
  [Ref ]: माझा खाता तपासून बघा मी किती पैशे काढू शकतय ?...
  [Pred]: माझ्या खात्यातापासून बगारणी किती पैसे कवू शकता ?...

Step  35900/60000 | Phase: 4B (Dynamic MoE) | CTC Loss: 0.8239 | Aux Loss: 8.0190 | CER: 0.127 | Throughput: 115.5 aud-s/s | LR: 8.10e-06
  [Ref ]: नैसर्गिक रित्या शेती करणारा सेंद्रिय खत वापरतस...
  [Pred]: नैसर्गिक करित्या शेती करणारा सेंद्रिय खत वापरतस...

Step  35925/60000 | Phase: 4B (Dynamic MoE) | CTC Loss: 0.9860 | Aux Loss: 8.0115 | CER: 0.348 | Throughput: 578.1 aud-s/s | LR: 8.10e-06
  [Ref ]: बिल ऑनलाइन कसा भरायचा ?...
  [Pred]: वि ा र कसा भरायचा ?...

Step  35950/60000 | Phase: 4B (Dynamic MoE) | CTC Loss: 0.8851 | Aux Loss: 8.0116 | CER: 0.122 | Throughput: 544.4 aud-s/s | LR: 8.09e-06
  [Ref ]: पेरणी कराच्या पयले बियान्याले का लावाव ?...
  [Pred]: पीरणी कराच्या पहैले बियाले का लावव ?...

Step  35975/60000 | Phase: 4B (Dynamic MoE) | CTC Loss: 0.9122 | Aux Loss: 8.0129 | CER: 0.133 | Throughput: 137.1 aud-s/s | LR: 8.09e-06
  [Ref ]: थ्याच जमिनीत यकसारखे पिकं किती वरसं घ्याले पायजे ?...
  [Pred]: ्यात जमिनीत एकसाचे पीक किती वरज तेघ्ाले पायिजे ?...

Step  36000/60000 | Phase: 4B (Dynamic MoE) | CTC Loss: 1.0070 | Aux Loss: 8.0385 | CER: 0.201 | Throughput:  80.6 aud-s/s | LR: 8.09e-06
  [Ref ]: कर्ज काढासाठी मले ऑनलाईन फारम कोठून भरावा लागन ?...
  [Pred]: कर्ज काढासाठी मले ऑनलाईन फारम कोखून भरावा लागन ?...

  [Checkpoint] Step 36000 saved to runs\no-splitformer-moe-only\checkpoints\stage2_moe
Step  36025/60000 | Phase: 4B (Dynamic MoE) | CTC Loss: 0.8820 | Aux Loss: 8.0132 | CER: 0.192 | Throughput: 344.2 aud-s/s | LR: 8.09e-06
  [Ref ]: बँकेत किती प्रकारची खाती आसतात ?...
  [Pred]: माती किती प्रकारची खाती असत ?...

Step  36050/60000 | Phase: 4B (Dynamic MoE) | CTC Loss: 1.0222 | Aux Loss: 8.0307 | CER: 0.416 | Throughput: 219.8 aud-s/s | LR: 8.08e-06
  [Ref ]: दुष्काळामुळे बियाणांची कमतरता येते...
  [Pred]: दुष्काळ बियाणयांची कम करता येते ?...

Step  36075/60000 | Phase: 4B (Dynamic MoE) | CTC Loss: 0.9612 | Aux Loss: 8.0432 | CER: 0.203 | Throughput: 178.5 aud-s/s | LR: 8.08e-06
  [Ref ]: लग्नासाठी कर्ज मिळेल का ?...
  [Pred]: लग्नासाठी कर्ज मिळेल का ?...

Step  36100/60000 | Phase: 4B (Dynamic MoE) | CTC Loss: 1.0864 | Aux Loss: 8.0237 | CER: 0.354 | Throughput: 124.0 aud-s/s | LR: 8.08e-06
  [Ref ]: माया खात्यात कितीक बाकी हाय , हे मले मेसेजन पायता येईन का ?...
  [Pred]: माया खात्यात कितीक बाकी हाय , हे मले मासेल पायता येईन का ?...

Step  36125/60000 | Phase: 4B (Dynamic MoE) | CTC Loss: 0.9158 | Aux Loss: 8.0077 | CER: 0.270 | Throughput: 567.1 aud-s/s | LR: 8.07e-06
  [Ref ]: डेबिट कार्ड कसा वापरुचा ?...
  [Pred]: ड्ेडिट करडस वापरू ता ?...

Step  36150/60000 | Phase: 4B (Dynamic MoE) | CTC Loss: 1.0037 | Aux Loss: 8.0180 | CER: 0.211 | Throughput: 157.4 aud-s/s | LR: 8.07e-06
  [Ref ]: मी माझ्या खात्याची माहिती ऑनलाईन अक्सेस करूक शकतय काय ?...
  [Pred]: मी माझ्या खात्याची मायिती ऑनलाइन ासात केू शकतय काय ?...

Step  36175/60000 | Phase: 4B (Dynamic MoE) | CTC Loss: 0.9157 | Aux Loss: 8.0208 | CER: 0.315 | Throughput: 184.0 aud-s/s | LR: 8.07e-06
  [Ref ]: माझ्या खात्यातील निधी दुसऱ्या देशात हस्तांतर करता येते का ?...
  [Pred]: पाया करया माते तु्या देशाती  नंतरणण करता येते का ?...

Step  36200/60000 | Phase: 4B (Dynamic MoE) | CTC Loss: 1.1227 | Aux Loss: 8.1677 | CER: 0.497 | Throughput:  75.9 aud-s/s | LR: 8.07e-06
  [Ref ]: माझ्या खात्यातील निधी दुसऱ्या देशात हस्तांतर करता येते का ?...
  [Pred]: मझ्याखाद्यातनिती रुस्या दे्यातस्गांतर क करता येतो का ?...

Step  36225/60000 | Phase: 4B (Dynamic MoE) | CTC Loss: 1.0707 | Aux Loss: 8.0451 | CER: 0.492 | Throughput: 621.0 aud-s/s | LR: 8.06e-06
  [Ref ]: ई कॉमर्सचा कार्य काय असा ?...
  [Pred]: वजामी.ची कराय काय आस ?...

Step  36250/60000 | Phase: 4B (Dynamic MoE) | CTC Loss: 0.9708 | Aux Loss: 8.0236 | CER: 0.286 | Throughput: 548.0 aud-s/s | LR: 8.06e-06
  [Ref ]: मोसंबीची पॅकेजिंग वाहतूक कशाप्रकारे करता येईल ?...
  [Pred]: मोसंबीचे पाकेचेग वहतू कशाकस वाकरता ?...

Step  36275/60000 | Phase: 4B (Dynamic MoE) | CTC Loss: 0.8925 | Aux Loss: 8.0183 | CER: 0.282 | Throughput: 181.2 aud-s/s | LR: 8.06e-06
  [Ref ]: पेटीएमसारख्या मोबाइल वॉलेट आणि यु.पी.आय यामधला फरक काय आहे ?...
  [Pred]: केमसारख्या मो्ये वलड्य आणि यू.पी.आय या मधला फरक काय आहे ?...

Step  36300/60000 | Phase: 4B (Dynamic MoE) | CTC Loss: 0.9798 | Aux Loss: 8.0447 | CER: 0.246 | Throughput:  46.4 aud-s/s | LR: 8.06e-06
  [Ref ]: रोहितने विचारले की , आपल्याला व्यवसायातील अडथळ्यांबद्दल काय माहित आहे ...
  [Pred]: रोहंदी विचारले आपल्याला व्यवसायती लटतनाब्तन काय माहिती आहे ?...

Step  36325/60000 | Phase: 4B (Dynamic MoE) | CTC Loss: 0.9615 | Aux Loss: 8.0343 | CER: 0.113 | Throughput: 605.5 aud-s/s | LR: 8.05e-06
  [Ref ]: विमाचो फायदो काय ?...
  [Pred]: विमाचो फायदो काय ?...

Step  36350/60000 | Phase: 4B (Dynamic MoE) | CTC Loss: 1.0659 | Aux Loss: 8.0181 | CER: 0.369 | Throughput: 402.2 aud-s/s | LR: 8.05e-06
  [Ref ]: माझ्या डेबिट कार्डाचा पिन नंबर बदलला आहे...
  [Pred]: माझ्या डेबिट र्डजापी नंबर भाल आहे...

Step  36375/60000 | Phase: 4B (Dynamic MoE) | CTC Loss: 0.9828 | Aux Loss: 8.0539 | CER: 0.201 | Throughput: 124.7 aud-s/s | LR: 8.05e-06
  [Ref ]: लेखा संशोधनाद्वारे कंपनीचा नफा आणि तोटा शोधला जाऊ शकतो...
  [Pred]: विस्था संचधनाधारे कंपनीा नका आणि तूटास्ोज ला वू शकतो...

Step  36400/60000 | Phase: 4B (Dynamic MoE) | CTC Loss: 0.9691 | Aux Loss: 8.0840 | CER: 0.154 | Throughput:  99.0 aud-s/s | LR: 8.05e-06
  [Ref ]: अंतराळात एरोपोनिक्स चा प्रकार एकोणिसाठ च्या दशकात पहिल्यांदा केला गेला...
  [Pred]: आंतरळात यडोपोनुक्चा प्रकार एकोरिसाठच्या दश्कात पिल्यंदा केला गेला...

Step  36425/60000 | Phase: 4B (Dynamic MoE) | CTC Loss: 1.0742 | Aux Loss: 8.0665 | CER: 0.460 | Throughput:  24.5 aud-s/s | LR: 8.04e-06
  [Ref ]: डेबिट कार्ड म्हटल्या काय ?...
  [Pred]: ऑालट लान मडला का ?...

Step  36450/60000 | Phase: 4B (Dynamic MoE) | CTC Loss: 0.9586 | Aux Loss: 8.0240 | CER: 0.195 | Throughput: 265.0 aud-s/s | LR: 8.04e-06
  [Ref ]: थ्या मातीत खतं कोनचे वापरा लागन ?...
  [Pred]: सामातीत खत कोनचे वापरा लागन ?...

Step  36475/60000 | Phase: 4B (Dynamic MoE) | CTC Loss: 0.9061 | Aux Loss: 8.1037 | CER: 0.277 | Throughput: 192.4 aud-s/s | LR: 8.04e-06
  [Ref ]: आजच्या काळात अनेकांना शेअर मार्केटचे ज्ञान मिळाले आहे...
  [Pred]: मजच्या काळात बँकांना शेअर मार्केटचे जमन वळले आहे...

Step  36500/60000 | Phase: 4B (Dynamic MoE) | CTC Loss: 0.9380 | Aux Loss: 8.0480 | CER: 0.209 | Throughput: 100.7 aud-s/s | LR: 8.03e-06
  [Ref ]: एक बॅग पराटी साठी खताचं प्रमान किती राहाले पायजे ?...
  [Pred]: एेक ब्ॅक पाटीसाठी खताच प्रमान किती रायाले पायिजे ?...

Step  36525/60000 | Phase: 4B (Dynamic MoE) | CTC Loss: 0.9957 | Aux Loss: 8.0886 | CER: 0.390 | Throughput: 432.7 aud-s/s | LR: 8.03e-06
  [Ref ]: शेंगे लाल मातीयेत येतत काय ?...
  [Pred]: किसेंची कागज कते भेतक ?...

Step  36550/60000 | Phase: 4B (Dynamic MoE) | CTC Loss: 0.9424 | Aux Loss: 8.0146 | CER: 0.176 | Throughput: 176.4 aud-s/s | LR: 8.03e-06
  [Ref ]: क्रेडिट कार्ड म्हंजे नक्की काय आसा ?...
  [Pred]: क्रेडिट कार्ड म्हशेनचाकी काय असा ?...

Step  36575/60000 | Phase: 4B (Dynamic MoE) | CTC Loss: 1.0187 | Aux Loss: 8.0323 | CER: 0.271 | Throughput: 191.1 aud-s/s | LR: 8.03e-06
  [Ref ]: घसरते व्याजदर आणि गुंतवणूक याचे उत्तम पर्याय कोणते ?...
  [Pred]: गसत ते यागर आणि गुंतवणूक यातेही उत्तंपरिती महणते...

Step  36600/60000 | Phase: 4B (Dynamic MoE) | CTC Loss: 1.0341 | Aux Loss: 8.0501 | CER: 0.195 | Throughput:  88.0 aud-s/s | LR: 8.02e-06
  [Ref ]: कवा कवा मोबाईल वर सांगितलेला हवामानाचा अंदाज चुकीचा काऊन ठरते ?...
  [Pred]: कवा कंवा मोबाईल वर सांगितलेल्ा हा मनाचा अंदया चुकीचा काऊन ठरते...

Step  36625/60000 | Phase: 4B (Dynamic MoE) | CTC Loss: 0.9297 | Aux Loss: 8.0502 | CER: 0.338 | Throughput: 642.4 aud-s/s | LR: 8.02e-06
  [Ref ]: व्याज दर काय आस्तलो ?...
  [Pred]: म्यॅादर काय लो ?...

Step  36650/60000 | Phase: 4B (Dynamic MoE) | CTC Loss: 0.9821 | Aux Loss: 8.0227 | CER: 0.368 | Throughput: 165.9 aud-s/s | LR: 8.02e-06
  [Ref ]: जलसंकट ह्यो आपणासाठी चिंतेचो इषय आसा...
  [Pred]: तल संकम आपल्यासाठी कोमतो पैशे असा...

Step  36675/60000 | Phase: 4B (Dynamic MoE) | CTC Loss: 0.9332 | Aux Loss: 8.0244 | CER: 0.082 | Throughput:  49.7 aud-s/s | LR: 8.02e-06
  [Ref ]: आधुनिक शेतीत हायब्रिड बियाणाचे उत्पादन मोठ्या प्रमाणात केले जाते...
  [Pred]: आधुनिक शेतीत हाबरी बियाणाचे उत्पादन मोठ्या प्रमात केले जाते...

Step  36700/60000 | Phase: 4B (Dynamic MoE) | CTC Loss: 0.8352 | Aux Loss: 8.0278 | CER: 0.154 | Throughput:  76.9 aud-s/s | LR: 8.01e-06
  [Ref ]: शिक्षिकेने मोबाईलवरून यू.पी.आय चा वापर करून फी जमा केली...
  [Pred]: शिक्षकने मोबाईलवरून यू.पी.आय चा वापर करून फी जमा केली...

Step  36725/60000 | Phase: 4B (Dynamic MoE) | CTC Loss: 0.9933 | Aux Loss: 8.0281 | CER: 0.513 | Throughput: 334.0 aud-s/s | LR: 8.01e-06
  [Ref ]: रेशीमकिडा...
  [Pred]: रोजट म्हणजे काय ?...

Step  36750/60000 | Phase: 4B (Dynamic MoE) | CTC Loss: 0.9696 | Aux Loss: 8.0368 | CER: 0.315 | Throughput: 175.1 aud-s/s | LR: 8.01e-06
  [Ref ]: कर्ज मेलाच्या खातिर कीतको वेळ लागतलो ?...
  [Pred]: कर्जका कका कितको व्ज लागतलो ?...

Step  36775/60000 | Phase: 4B (Dynamic MoE) | CTC Loss: 0.9450 | Aux Loss: 8.0499 | CER: 0.292 | Throughput: 203.6 aud-s/s | LR: 8.01e-06
  [Ref ]: तुका माहीत हा काय लवंग ह्या मूळचा इंडोनेशियातला झाड आसा...
  [Pred]: तुका माहे झाटाइ लया मोचा इंडोनशेसला झाड असा...

Step  36800/60000 | Phase: 4B (Dynamic MoE) | CTC Loss: 0.8726 | Aux Loss: 8.0514 | CER: 0.145 | Throughput: 117.8 aud-s/s | LR: 8.00e-06
  [Ref ]: तामिळनाडु समुद्री शेवाळीची शेती करण्यात सगळ्यात पुढे असा...
  [Pred]: कामी नाडू समुद्रे सवाइजची शेती करणाच व्या पुड्ेा आसा...

Step  36825/60000 | Phase: 4B (Dynamic MoE) | CTC Loss: 1.0731 | Aux Loss: 8.0468 | CER: 0.222 | Throughput: 371.1 aud-s/s | LR: 8.00e-06
  [Ref ]: कडुलिंबाचे झाड सुकून गेले...
  [Pred]: वमिंबाचील झाड सेतीन घेता...

Step  36850/60000 | Phase: 4B (Dynamic MoE) | CTC Loss: 1.0585 | Aux Loss: 8.0224 | CER: 0.318 | Throughput: 138.9 aud-s/s | LR: 8.00e-06
  [Ref ]: रासायनिक कीटकनाशका कितक्या प्रमाणात वापरूची ?...
  [Pred]: रातनीक कीटकनाशका कित ककामळ वापरुची ?...

Step  36875/60000 | Phase: 4B (Dynamic MoE) | CTC Loss: 1.0300 | Aux Loss: 8.0101 | CER: 0.221 | Throughput: 176.9 aud-s/s | LR: 8.00e-06
  [Ref ]: मुलींले फायदा होईन अशा काही सामाजिक योजना हाय का ?...
  [Pred]: मुलेले फायदा हवोयेन अशा काह सपाजिक योजना हाय का ?...

Step  36900/60000 | Phase: 4B (Dynamic MoE) | CTC Loss: 1.0472 | Aux Loss: 8.0264 | CER: 0.157 | Throughput:  75.2 aud-s/s | LR: 7.99e-06
  [Ref ]: काश्मीरी लोकर सामान्यतः काश्मीरी म्हणून ओळखली जाता...
  [Pred]: काशमिरी लोकर सामान्यटहा ाशमिरी म्हणून ओळखली जाता...

Step  36925/60000 | Phase: 4B (Dynamic MoE) | CTC Loss: 1.0191 | Aux Loss: 8.0254 | CER: 0.395 | Throughput: 279.2 aud-s/s | LR: 7.99e-06
  [Ref ]: विमा धन काय असता ?...
  [Pred]: क येल काय अस ता ?...

Step  36950/60000 | Phase: 4B (Dynamic MoE) | CTC Loss: 1.0327 | Aux Loss: 8.0135 | CER: 0.293 | Throughput: 128.6 aud-s/s | LR: 7.99e-06
  [Ref ]: चवळीच्या शेंगा किडू नये म्हणून कोणती काळजी घ्यावी लागते ?...
  [Pred]: गहीच्या सेंतय मळ म्हणून कोणती काळजी घ्याे लागतात ?...

Step  36975/60000 | Phase: 4B (Dynamic MoE) | CTC Loss: 0.9675 | Aux Loss: 8.0172 | CER: 0.307 | Throughput: 171.6 aud-s/s | LR: 7.98e-06
  [Ref ]: एक बॅग पराटी साठी खताचं प्रमान किती राहाले पायजे ?...
  [Pred]: पीक्या पराट्यासाठी खताचं प्रमाण किती राहिले पाहयजे ?...

Step  37000/60000 | Phase: 4B (Dynamic MoE) | CTC Loss: 1.0122 | Aux Loss: 8.0432 | CER: 0.280 | Throughput: 104.9 aud-s/s | LR: 7.98e-06
  [Ref ]: अतिवृष्टी आणि अवकाळी पावसामुळे पिकांचेही मोठे नुकसान होते...
  [Pred]: आति कृष्टी आणि अपही पावसामुळे पिकांचेही मोठे नुकसान होते...

  [Checkpoint] Step 37000 saved to runs\no-splitformer-moe-only\checkpoints\stage2_moe
Step  37025/60000 | Phase: 4B (Dynamic MoE) | CTC Loss: 0.8714 | Aux Loss: 8.0254 | CER: 0.142 | Throughput: 502.9 aud-s/s | LR: 7.98e-06
  [Ref ]: सूक्ष्म वित्त म्हणजे काय ?...
  [Pred]: तकषो वित्त म्हणजे काय ?...

Step  37050/60000 | Phase: 4B (Dynamic MoE) | CTC Loss: 0.8223 | Aux Loss: 8.0198 | CER: 0.221 | Throughput: 185.9 aud-s/s | LR: 7.98e-06
  [Ref ]: आपण दररोजचे बाजारभाव कोठे पाहू शकतो ?...
  [Pred]: आपनधाच लोच्ची बाजेभाव कोठे पाहू शकतो ?...

Step  37075/60000 | Phase: 4B (Dynamic MoE) | CTC Loss: 0.9010 | Aux Loss: 8.0166 | CER: 0.110 | Throughput:  36.9 aud-s/s | LR: 7.97e-06
  [Ref ]: कीड नियंत्रणासाठी काय करावे ?...
  [Pred]: कीडनीयंत्रनाअसाठी काय करावे ?...

Step  37100/60000 | Phase: 4B (Dynamic MoE) | CTC Loss: 1.0291 | Aux Loss: 8.0736 | CER: 0.190 | Throughput: 120.5 aud-s/s | LR: 7.97e-06
  [Ref ]: राष्ट्रीय उत्पन्नामध्ये प्रतिव्यक्ती उत्पन्नाची वाढ आर्थिक विकास असतो...
  [Pred]: राष्ट्रीय उत्पन्नामध्ये प्रतिवित्ती उत्पनाची वाढ आर्थिक विकास असतो...

Step  37125/60000 | Phase: 4B (Dynamic MoE) | CTC Loss: 0.9960 | Aux Loss: 8.0224 | CER: 0.223 | Throughput: 556.0 aud-s/s | LR: 7.97e-06
  [Ref ]: मका कसा मोजावा ?...
  [Pred]: मका कसा मोता ?...

Step  37150/60000 | Phase: 4B (Dynamic MoE) | CTC Loss: 0.9915 | Aux Loss: 8.0175 | CER: 0.218 | Throughput: 212.5 aud-s/s | LR: 7.97e-06
  [Ref ]: मला सोन्याचे दागिने गहाण ठेवल्यावर कर्ज मिळेल का ?...
  [Pred]: मले पोने्शेत ागीने गहण ठेड्यार कर्ज मिळेल का ?...

Step  37175/60000 | Phase: 4B (Dynamic MoE) | CTC Loss: 0.9350 | Aux Loss: 8.0229 | CER: 0.165 | Throughput: 132.6 aud-s/s | LR: 7.96e-06
  [Ref ]: भारत हावू कृषिप्रधान संस्कृतीना देश शे...
  [Pred]: भारत हाव कृषी प्रकान संस्क्र तेसतेस शे...

Step  37200/60000 | Phase: 4B (Dynamic MoE) | CTC Loss: 0.9376 | Aux Loss: 8.0146 | CER: 0.147 | Throughput: 128.0 aud-s/s | LR: 7.96e-06
  [Ref ]: दमट हवामानात खयली शेती करूची ?...
  [Pred]: दमत हवामानात खयली शेती व करुची ?...

Step  37225/60000 | Phase: 4B (Dynamic MoE) | CTC Loss: 0.9571 | Aux Loss: 8.0253 | CER: 0.363 | Throughput: 598.2 aud-s/s | LR: 7.96e-06
  [Ref ]: उपकरण काय असता ?...
  [Pred]: उपरण काय असता ?...

Step  37250/60000 | Phase: 4B (Dynamic MoE) | CTC Loss: 1.1193 | Aux Loss: 8.0198 | CER: 0.316 | Throughput: 111.0 aud-s/s | LR: 7.96e-06
  [Ref ]: आज मी भेंडी आणि बटाट्याची भाजी बनवली...
  [Pred]: आजमी भेंढी आणि ब्ते का कमामिी ...

Step  37275/60000 | Phase: 4B (Dynamic MoE) | CTC Loss: 1.0194 | Aux Loss: 8.0504 | CER: 0.367 | Throughput: 146.2 aud-s/s | LR: 7.95e-06
  [Ref ]: फायनान्शियल स्टेटस ची माहिती ठराविक पद्धतीन दाखवली जाता...
  [Pred]: नयाजी स्टेटस किती पसविक पद्धती नकवली जातात...

Step  37300/60000 | Phase: 4B (Dynamic MoE) | CTC Loss: 0.9209 | Aux Loss: 8.0330 | CER: 0.201 | Throughput: 103.3 aud-s/s | LR: 7.95e-06
  [Ref ]: एफ.आई ही आर्थिक आणि आर्थिक व्यवहारांच्या व्यवसायात गुंतलेली कंपनी आहे...
  [Pred]: एफ.आय ही आर्थिक आणि आर्थिक सकारांच्या व्यवसात गुंतलेली कंपनी आहे...

Step  37325/60000 | Phase: 4B (Dynamic MoE) | CTC Loss: 0.9603 | Aux Loss: 8.0403 | CER: 0.295 | Throughput: 478.2 aud-s/s | LR: 7.95e-06
  [Ref ]: आर्थिक सेवा म्हटल्या काय ?...
  [Pred]: मल पिक्ावा म्हटल्या काय ?...

Step  37350/60000 | Phase: 4B (Dynamic MoE) | CTC Loss: 1.0997 | Aux Loss: 8.0273 | CER: 0.333 | Throughput: 470.0 aud-s/s | LR: 7.94e-06
  [Ref ]: खातं खोलल्यावर मले पासबुक भेटन का ?...
  [Pred]: खाता मलावर मले पाका भेटन का ?...

Step  37375/60000 | Phase: 4B (Dynamic MoE) | CTC Loss: 0.9435 | Aux Loss: 8.0167 | CER: 0.203 | Throughput: 136.6 aud-s/s | LR: 7.94e-06
  [Ref ]: वित्तीय संस्था आकार , व्याप्ती आणि भूगोल यांमध्ये भिन्न असतात...
  [Pred]: यिती.य सयता आकार व्याब्तीय आणिक उडल्यामध्ये भिनम करतात...

Step  37400/60000 | Phase: 4B (Dynamic MoE) | CTC Loss: 1.1209 | Aux Loss: 8.0726 | CER: 0.304 | Throughput: 133.4 aud-s/s | LR: 7.94e-06
  [Ref ]: वस्तू आणि सेवा करामध्ये भारत सरकारने पाळलेल्या नियमांचा विचार केला जात...
  [Pred]: कास्त आणि सेवा करांमध्ये खरसारगसने काढली आणि सुमनसा मिचार लिलान...

Step  37425/60000 | Phase: 4B (Dynamic MoE) | CTC Loss: 1.0370 | Aux Loss: 8.0162 | CER: 0.259 | Throughput: 377.7 aud-s/s | LR: 7.94e-06
  [Ref ]: दुष्काळात खयला पीक चांगला येता ?...
  [Pred]: दस्माराका कला पिक सांगा येता ?...

Step  37450/60000 | Phase: 4B (Dynamic MoE) | CTC Loss: 0.9337 | Aux Loss: 8.0166 | CER: 0.173 | Throughput: 597.8 aud-s/s | LR: 7.93e-06
  [Ref ]: सागरी विम्याचे हप्ते कसे असतील ?...
  [Pred]: सागरी विम्याचे हप्ते कस लसतील ?...

Step  37475/60000 | Phase: 4B (Dynamic MoE) | CTC Loss: 0.9223 | Aux Loss: 8.0228 | CER: 0.323 | Throughput: 167.3 aud-s/s | LR: 7.93e-06
  [Ref ]: आजकाल अनेक बँका डिजिटल आर्थिक सेवा पुरवतात...
  [Pred]: आजका अनेक बँका टेजिक आ्थिक सेवा परतत...

Step  37500/60000 | Phase: 4B (Dynamic MoE) | CTC Loss: 0.9242 | Aux Loss: 8.0085 | CER: 0.280 | Throughput: 184.7 aud-s/s | LR: 7.93e-06
  [Ref ]: वावरमा सिंचन स्प्रिंकलरना वापर करा ते पाणीनं नेमबन नियोजन करता येस...
  [Pred]: वावरमा सिंचन स्टिलतललरना वापर कराते पाणी मरन बन योजन कातायस...

Step  37525/60000 | Phase: 4B (Dynamic MoE) | CTC Loss: 0.9223 | Aux Loss: 8.0260 | CER: 0.214 | Throughput: 543.4 aud-s/s | LR: 7.93e-06
  [Ref ]: वांग्यांची लागवड कशी करावी ?...
  [Pred]: वाों्याची लागवड कशी  ?...

Step  37550/60000 | Phase: 4B (Dynamic MoE) | CTC Loss: 1.0541 | Aux Loss: 8.0245 | CER: 0.365 | Throughput: 552.2 aud-s/s | LR: 7.92e-06
  [Ref ]: पावसामुळे अंजीराची पिके उध्वस्त झाली आहेत...
  [Pred]: पालसामाहन यातजुराची पिकव देची झाली हेत...

Step  37575/60000 | Phase: 4B (Dynamic MoE) | CTC Loss: 0.9890 | Aux Loss: 8.0286 | CER: 0.242 | Throughput: 188.8 aud-s/s | LR: 7.92e-06
  [Ref ]: सागरी जहाजाने मोठ्या प्रमाणात माल पाठवणे थोडे कठीण आहे...
  [Pred]: सागरी च हजाने मोठ्याप माल पटवले थोडे कटी नाआहे...

Step  37600/60000 | Phase: 4B (Dynamic MoE) | CTC Loss: 1.0055 | Aux Loss: 8.0260 | CER: 0.198 | Throughput: 116.3 aud-s/s | LR: 7.92e-06
  [Ref ]: तण ही एक वनस्पती आहे जी विशिष्ट परिस्थितीत अवांछित मानली जाते...
  [Pred]: तन ही एक वनस्पती आ हि विशिष्ट पैससेची फवांचेक मानली जाते...

Step  37625/60000 | Phase: 4B (Dynamic MoE) | CTC Loss: 0.9789 | Aux Loss: 8.0261 | CER: 0.273 | Throughput: 622.3 aud-s/s | LR: 7.91e-06
  [Ref ]: कर्जाक अर्ज कसो करूचो ?...
  [Pred]: कर्जाचा रिजा कसो भरूचो ?...

Step  37650/60000 | Phase: 4B (Dynamic MoE) | CTC Loss: 0.9719 | Aux Loss: 8.0230 | CER: 0.207 | Throughput: 109.8 aud-s/s | LR: 7.91e-06
  [Ref ]: मला पंतप्रधान आवास योजनेचा लाभ कसा घेता येईल ?...
  [Pred]: मला कंत प्राजाना हवा योजनेचा लाभ कसा भता येईल ?...

Step  37675/60000 | Phase: 4B (Dynamic MoE) | CTC Loss: 0.9756 | Aux Loss: 8.0333 | CER: 0.262 | Throughput: 149.0 aud-s/s | LR: 7.91e-06
  [Ref ]: कृषी बाजारात कृषी साधनांवर अधिक सूट मिळेल का ?...
  [Pred]: कृषी बाजारात कृषी साधनावर अधिक साडू मिळेल का ?...

Step  37700/60000 | Phase: 4B (Dynamic MoE) | CTC Loss: 0.8971 | Aux Loss: 8.0343 | CER: 0.118 | Throughput:  48.5 aud-s/s | LR: 7.91e-06
  [Ref ]: ज्या खतात फॉस्फरसचे प्राबल्य असते त्याला फॉस्फेट खत असे म्हणतात...
  [Pred]: ज्याखतात फॉस्परचे ट्राबललय असते त्याला कॉस्पेट खत असे म्हणता...

Step  37725/60000 | Phase: 4B (Dynamic MoE) | CTC Loss: 0.9110 | Aux Loss: 8.0381 | CER: 0.231 | Throughput: 347.8 aud-s/s | LR: 7.90e-06
  [Ref ]: त्या ऍपवर आमका सूट गावतली काय ?...
  [Pred]: गयापवर आमका सूड ालतली काय ?...

Step  37750/60000 | Phase: 4B (Dynamic MoE) | CTC Loss: 0.9632 | Aux Loss: 8.0209 | CER: 0.193 | Throughput: 131.7 aud-s/s | LR: 7.90e-06
  [Ref ]: कर्ज वेळेवर भरणे महत्वाचे आहे...
  [Pred]: कर्ज बेळेवर भरणे मतक्चे आहे...

Step  37775/60000 | Phase: 4B (Dynamic MoE) | CTC Loss: 0.8743 | Aux Loss: 8.0232 | CER: 0.338 | Throughput: 159.9 aud-s/s | LR: 7.90e-06
  [Ref ]: रमेशने उन्हाळी पिकात टरबूजाचे उत्पादन घेतले...
  [Pred]: रमीशनी उोन्गाळी पिक सटर भूजाचे उत्पादन घेतले...

Step  37800/60000 | Phase: 4B (Dynamic MoE) | CTC Loss: 0.9203 | Aux Loss: 8.0276 | CER: 0.262 | Throughput: 126.7 aud-s/s | LR: 7.90e-06
  [Ref ]: प्रथम आपण मधमाश्यांच्या पोळ्यापासून पोळ्याचा बाहेरचा भाग विलग करा...
  [Pred]: प्खाआपण बधमाशाच्या पोड्यापासून तोड्याच्या भाहिचा भाग बिलग का...

Step  37825/60000 | Phase: 4B (Dynamic MoE) | CTC Loss: 0.9814 | Aux Loss: 8.0672 | CER: 0.287 | Throughput: 550.8 aud-s/s | LR: 7.89e-06
  [Ref ]: कर्ज फेडूक नाय तर ?...
  [Pred]: कर्ज करढूत म्य का ?...

Step  37850/60000 | Phase: 4B (Dynamic MoE) | CTC Loss: 0.9411 | Aux Loss: 8.0226 | CER: 0.234 | Throughput:  34.3 aud-s/s | LR: 7.89e-06
  [Ref ]: नॉन बँकिंग क्षेत्रात व्यवहार कसे करतात ?...
  [Pred]: नहान बँकिंग क्षेत्रातलेभवार कसे करचे ?...

Step  37875/60000 | Phase: 4B (Dynamic MoE) | CTC Loss: 1.1380 | Aux Loss: 8.0594 | CER: 0.394 | Throughput:  51.3 aud-s/s | LR: 7.89e-06
  [Ref ]: जास्त प्रमाणात भांगेच्या बिया काढूक भारतात प्रतिबंध असा...
  [Pred]: ्जास्त प्रमाणात बँाकेच्या बियासरत प्रतिबंधर असा...

Step  37900/60000 | Phase: 4B (Dynamic MoE) | CTC Loss: 0.9413 | Aux Loss: 8.0489 | CER: 0.287 | Throughput:  71.4 aud-s/s | LR: 7.88e-06
  [Ref ]: शेतकरी शेतात कष्ट करता आणि थोड्याशा मिळकतीत आपला जीवन जगता...
  [Pred]: शेतकरी शषेतात कृष्ट करता आणि सुडश्या विकतीत लाजून जकता...

Step  37925/60000 | Phase: 4B (Dynamic MoE) | CTC Loss: 0.9011 | Aux Loss: 8.0168 | CER: 0.193 | Throughput: 605.3 aud-s/s | LR: 7.88e-06
  [Ref ]: कोनची गाय वापराली पाहिजे ?...
  [Pred]: कोनची काक वापरली पायिजे ?...

Step  37950/60000 | Phase: 4B (Dynamic MoE) | CTC Loss: 1.0117 | Aux Loss: 8.0260 | CER: 0.213 | Throughput: 586.3 aud-s/s | LR: 7.88e-06
  [Ref ]: मनाजोडे दहा चेक वालं चेकबुक शे...
  [Pred]: म्हाजडे दहा चेक वाणाचेकबुक शे...

Step  37975/60000 | Phase: 4B (Dynamic MoE) | CTC Loss: 0.9589 | Aux Loss: 8.0190 | CER: 0.232 | Throughput: 186.0 aud-s/s | LR: 7.88e-06
  [Ref ]: सेंद्रिय शेतीतून आर्थिक प्रगती होते का ?...
  [Pred]: सेंद्रिय शेतीतून आर्थिक पदत होते का ?...

Step  38000/60000 | Phase: 4B (Dynamic MoE) | CTC Loss: 0.9217 | Aux Loss: 8.0177 | CER: 0.136 | Throughput:  64.3 aud-s/s | LR: 7.87e-06
  [Ref ]: द्राक्षे कोणत्या मातीत चांगल्या प्रकारे येऊ शकतात ?...
  [Pred]: द्राक्षे कोणत्या मातीतचाल्याप्रकारे येऊ शकतात ?...

  [Checkpoint] Step 38000 saved to runs\no-splitformer-moe-only\checkpoints\stage2_moe
Step  38025/60000 | Phase: 4B (Dynamic MoE) | CTC Loss: 0.9548 | Aux Loss: 8.0208 | CER: 0.301 | Throughput: 184.7 aud-s/s | LR: 7.87e-06
  [Ref ]: यावर्षी माझ्या वडिलांनी बटाट्याची चांगली साठवणूक केली आहे...
  [Pred]: हबीयावर शिन कडेलिनेबरटेक्स चांगली सापाणूक केली आहे...

Step  38050/60000 | Phase: 4B (Dynamic MoE) | CTC Loss: 0.9631 | Aux Loss: 8.0736 | CER: 0.311 | Throughput:  89.2 aud-s/s | LR: 7.87e-06
  [Ref ]: वन्य मासेमारीला कधीकधी कॅप्चर फिशरीज असेही म्हणतात...
  [Pred]: य अफार मारेला कधी प्धीच्या चर्थिशरीस पसही मगता...

Step  38075/60000 | Phase: 4B (Dynamic MoE) | CTC Loss: 0.9604 | Aux Loss: 8.0251 | CER: 0.145 | Throughput: 294.4 aud-s/s | LR: 7.87e-06
  [Ref ]: मला तंत्र शेअर आवडतात...
  [Pred]: मले तंत्ृशीर आवडतेत...

Step  38100/60000 | Phase: 4B (Dynamic MoE) | CTC Loss: 0.9957 | Aux Loss: 8.0081 | CER: 0.184 | Throughput: 396.4 aud-s/s | LR: 7.86e-06
  [Ref ]: चेकच्या स्थितीची माहिती ऑनलाइन मिळवली जाऊ शकते...
  [Pred]: शेव्ए स्थितीची माहिती ऑनलाईन मिळवली जाऊ शकते...

Step  38125/60000 | Phase: 4B (Dynamic MoE) | CTC Loss: 0.8452 | Aux Loss: 8.0290 | CER: 0.278 | Throughput: 137.5 aud-s/s | LR: 7.86e-06
  [Ref ]: विमाची रक्कम मोबाईलातसून भरुक मेळता काय ?...
  [Pred]: विमाची रक्कम क्यालासून भरुक मिळता काय ?...

Step  38150/60000 | Phase: 4B (Dynamic MoE) | CTC Loss: 0.8721 | Aux Loss: 8.0364 | CER: 0.255 | Throughput:  66.0 aud-s/s | LR: 7.86e-06
  [Ref ]: ऑनलाईन नेटबँकिंगना तु तुझ्या डेबीट कार्डचो पिन बदलु शकत...
  [Pred]: ऑनलाइन नेत बँकेतना  तुतुच्या डेबिट कार्डचो पिन बदलू शकतात...

Step  38175/60000 | Phase: 4B (Dynamic MoE) | CTC Loss: 0.9405 | Aux Loss: 8.0269 | CER: 0.251 | Throughput: 528.8 aud-s/s | LR: 7.85e-06
  [Ref ]: वजन म्हणजे काय असता ?...
  [Pred]: वजन म्हणजे काय अाूचा ?...

Step  38200/60000 | Phase: 4B (Dynamic MoE) | CTC Loss: 0.8724 | Aux Loss: 8.0157 | CER: 0.166 | Throughput: 617.3 aud-s/s | LR: 7.85e-06
  [Ref ]: मले हफ्त्यानं कर्ज भरता येईन का आनी कस भरा लागन ?...
  [Pred]: मले हप्यान कर्ज बंतये ल का नी कस भरा लागन ?...

Step  38225/60000 | Phase: 4B (Dynamic MoE) | CTC Loss: 0.8966 | Aux Loss: 8.0475 | CER: 0.274 | Throughput: 874.2 aud-s/s | LR: 7.85e-06
  [Ref ]: हा तुम्ही , घरथूनच आरामशीर डिजिटल मार्केटिंग करू शकतस...
  [Pred]: आमथी ्मी घरतुनच सरा्शीन डिजिटल मार्फेटिंग करू शकत...

Step  38250/60000 | Phase: 4B (Dynamic MoE) | CTC Loss: 0.9600 | Aux Loss: 8.0118 | CER: 0.286 | Throughput:  73.8 aud-s/s | LR: 7.85e-06
  [Ref ]: संशोधन संस्था केंद्राने करण वंदना या गव्हाचे नवीन वाण सादर केले आहे...
  [Pred]: संशधन संस्थय केंद्रांनी करण जना सवा चे नेबीन मान साधर केल्या आहे...

Step  38275/60000 | Phase: 4B (Dynamic MoE) | CTC Loss: 0.9881 | Aux Loss: 8.0833 | CER: 0.240 | Throughput: 576.2 aud-s/s | LR: 7.84e-06
  [Ref ]: डेबिट म्हणजे काय ?...
  [Pred]: डेबिट म्हणजे काय ?...

Step  38300/60000 | Phase: 4B (Dynamic MoE) | CTC Loss: 0.9540 | Aux Loss: 8.0363 | CER: 0.307 | Throughput: 509.5 aud-s/s | LR: 7.84e-06
  [Ref ]: पाऊसना वावर साठे चांगलं फायदानं ठरस...
  [Pred]: मगना वावरसाठे चांगलं परयान करस...

Step  38325/60000 | Phase: 4B (Dynamic MoE) | CTC Loss: 0.9468 | Aux Loss: 8.0405 | CER: 0.267 | Throughput: 249.3 aud-s/s | LR: 7.84e-06
  [Ref ]: के.वाय.सी अपडेट करताना माझा फोन बंद झाला...
  [Pred]: के.वाय.सी अपडेट करताना ककोन बले झाला ?...

Step  38350/60000 | Phase: 4B (Dynamic MoE) | CTC Loss: 0.9003 | Aux Loss: 8.0678 | CER: 0.135 | Throughput:  91.1 aud-s/s | LR: 7.84e-06
  [Ref ]: वाहन विमा ज्याका कार विमा , मोटार विमा किंवा वाहन विमा असा सुद्धा म्हण...
  [Pred]: वाहर विमा ज्याका कार्विम मोटार रिम किंवा वाहान विमा असा सुद्धा म्हणतत...

Step  38375/60000 | Phase: 4B (Dynamic MoE) | CTC Loss: 0.8905 | Aux Loss: 8.0339 | CER: 0.213 | Throughput:  45.7 aud-s/s | LR: 7.83e-06
  [Ref ]: खरीप पिके कोणती ?...
  [Pred]: मरीप पिके कोण आहे ?...

Step  38400/60000 | Phase: 4B (Dynamic MoE) | CTC Loss: 1.0341 | Aux Loss: 8.0152 | CER: 0.207 | Throughput:  68.5 aud-s/s | LR: 7.83e-06
  [Ref ]: यू.पी.आय वापराची सोपी पद्धत हाय का ?...
  [Pred]: यू.पी.आय वापराची शेती पद्धल हाय का ?...

Step  38425/60000 | Phase: 4B (Dynamic MoE) | CTC Loss: 0.9986 | Aux Loss: 8.0438 | CER: 0.177 | Throughput: 167.3 aud-s/s | LR: 7.83e-06
  [Ref ]: पी.एम किसान एफ.पी.ओ योजनाच्यात शेतकऱ्यांका काय मिळता ?...
  [Pred]: पी.एम तिसात प पीओयोजनाच्या शेतक्यांका काय मिळता ?...

Step  38450/60000 | Phase: 4B (Dynamic MoE) | CTC Loss: 1.0190 | Aux Loss: 8.0120 | CER: 0.312 | Throughput: 139.3 aud-s/s | LR: 7.82e-06
  [Ref ]: मी शेअर बाजाराला माझे लक्ष्य मार्केट बनवण्याचा विचार करत आहे...
  [Pred]: म्सअर बाजाराला माझेलेश्च्य भारकेट बनवमतींचार करत आहे...

Step  38475/60000 | Phase: 4B (Dynamic MoE) | CTC Loss: 0.9553 | Aux Loss: 8.0237 | CER: 0.303 | Throughput: 627.9 aud-s/s | LR: 7.82e-06
  [Ref ]: निधी हस्तांतर कसा करू शकतू ?...
  [Pred]: यं दी वस्तारी कसा करुू शकतो ?...

Step  38500/60000 | Phase: 4B (Dynamic MoE) | CTC Loss: 0.9909 | Aux Loss: 8.0172 | CER: 0.238 | Throughput: 308.7 aud-s/s | LR: 7.82e-06
  [Ref ]: जीवन विम्यासाठी कोणती कागदपत्रे आवश्यक असतात ?...
  [Pred]: जीवन विम्यासाठी कोणते कागदर काय वश्याप असतात ?...

Step  38525/60000 | Phase: 4B (Dynamic MoE) | CTC Loss: 0.9242 | Aux Loss: 8.0480 | CER: 0.220 | Throughput: 171.8 aud-s/s | LR: 7.82e-06
  [Ref ]: आम्हाला शाळेत रोज सकाळी केळी आणि पेरू दिले जायचे...
  [Pred]: आम्हाला काडे त रोजी सकाळी केडी यांनी कदू दिले जायचे...

Step  38550/60000 | Phase: 4B (Dynamic MoE) | CTC Loss: 0.9061 | Aux Loss: 8.0616 | CER: 0.276 | Throughput:  71.9 aud-s/s | LR: 7.81e-06
  [Ref ]: काही तज्ञ आर्थिक संस्थांच्या जिनसीकरणाकडे कल देतात...
  [Pred]: काही टब आर्थिक संस्थांच्या दण्यासी करण्यापुडे पर देतात...

Step  38575/60000 | Phase: 4B (Dynamic MoE) | CTC Loss: 0.9100 | Aux Loss: 8.0258 | CER: 0.210 | Throughput: 636.0 aud-s/s | LR: 7.81e-06
  [Ref ]: कर्ज कसा फेडुचा ?...
  [Pred]: कर्ज कसा काडूचा ?...

Step  38600/60000 | Phase: 4B (Dynamic MoE) | CTC Loss: 0.8261 | Aux Loss: 8.0163 | CER: 0.237 | Throughput: 631.9 aud-s/s | LR: 7.81e-06
  [Ref ]: कांदा कोणत्या हंगामात लावता येतो ?...
  [Pred]: काजमा फोननना हिंगामाचा लावता येतो ?...

Step  38625/60000 | Phase: 4B (Dynamic MoE) | CTC Loss: 0.8778 | Aux Loss: 8.0471 | CER: 0.217 | Throughput: 192.5 aud-s/s | LR: 7.81e-06
  [Ref ]: सिंचन पध्दतीत पाणयाची बचत जाता मा ?...
  [Pred]: सिंचन पद्धतीत पाण्याची बचत जाता का ?...

Step  38650/60000 | Phase: 4B (Dynamic MoE) | CTC Loss: 0.9568 | Aux Loss: 8.0461 | CER: 0.248 | Throughput:  48.0 aud-s/s | LR: 7.80e-06
  [Ref ]: ह्या देशी आणि आंतरराष्ट्रीय व्यापार देवघेव दोन्हींशी संबंधित आसा...
  [Pred]: ह्यातेशी आणि अंतर्ष्रीय व पाद व्यो,जोदोननीही संबंधित आसा...

Step  38675/60000 | Phase: 4B (Dynamic MoE) | CTC Loss: 0.8700 | Aux Loss: 8.0480 | CER: 0.456 | Throughput: 547.6 aud-s/s | LR: 7.80e-06
  [Ref ]: कर्ज कसा फेडुचा ?...
  [Pred]: क् कसा केडूचा ?...

Step  38700/60000 | Phase: 4B (Dynamic MoE) | CTC Loss: 0.9163 | Aux Loss: 8.0142 | CER: 0.168 | Throughput: 560.8 aud-s/s | LR: 7.80e-06
  [Ref ]: ट्रेडिंग सिक्युरिटीज ह्यो सिक्युरिटीजचो एक प्रकार असा...
  [Pred]: ट्रेडिग सि क्रविटी चहय सिक्रिटेतचर  प्रकार असा...

Step  38725/60000 | Phase: 4B (Dynamic MoE) | CTC Loss: 0.9505 | Aux Loss: 8.0126 | CER: 0.277 | Throughput: 199.0 aud-s/s | LR: 7.79e-06
  [Ref ]: कवक आणि बैक्टेरिया मुळे होणारे रोग नुकसानीचा कारण बनतत...
  [Pred]: कह आणि ट्ॅक्ट्या वियामुळामबारा व भतसानपाकारण नलतत...

Step  38750/60000 | Phase: 4B (Dynamic MoE) | CTC Loss: 0.9423 | Aux Loss: 8.0313 | CER: 0.142 | Throughput:  90.4 aud-s/s | LR: 7.79e-06
  [Ref ]: क्रेडिट कार्ड आणि डेबिट कार्ड यामध्ये काय फरक आहे ?...
  [Pred]: क्रेडिट कार्ड आणि डेबिट कार्ड यामध्ये काय फ्रत आहे ?...

Step  38775/60000 | Phase: 4B (Dynamic MoE) | CTC Loss: 0.9475 | Aux Loss: 8.0145 | CER: 0.296 | Throughput: 631.1 aud-s/s | LR: 7.79e-06
  [Ref ]: उत्पादन म्हणजे काय असा ?...
  [Pred]: कतकाधन म्हणजे काय अस ?...

Step  38800/60000 | Phase: 4B (Dynamic MoE) | CTC Loss: 0.9375 | Aux Loss: 8.0471 | CER: 0.266 | Throughput: 688.4 aud-s/s | LR: 7.79e-06
  [Ref ]: टमाट्यावरील रोग प्रतीकारक औषध हाये का ?...
  [Pred]: टमाट्यामुळे ी रोप्रतच करष आहे का ?...

Step  38825/60000 | Phase: 4B (Dynamic MoE) | CTC Loss: 0.9934 | Aux Loss: 8.0262 | CER: 0.331 | Throughput: 134.8 aud-s/s | LR: 7.78e-06
  [Ref ]: मले इलेक्ट्रिक बिल ऑनलाईन पायता येईन का ?...
  [Pred]: मले एलन बिल ऑनलाईन पायता येईन का ?...

Step  38850/60000 | Phase: 4B (Dynamic MoE) | CTC Loss: 0.9690 | Aux Loss: 8.0145 | CER: 0.135 | Throughput: 138.8 aud-s/s | LR: 7.78e-06
  [Ref ]: नॉन बँकिंगनं किती रुपयापर्यंत कर्ज काढता येते ?...
  [Pred]: नॉन बँकिंगगन किती रुपयानपर्यांता कर्ज काढता येते ?...

Step  38875/60000 | Phase: 4B (Dynamic MoE) | CTC Loss: 0.9853 | Aux Loss: 8.0173 | CER: 0.263 | Throughput: 612.9 aud-s/s | LR: 7.78e-06
  [Ref ]: यू.पी.आय कसा वापरूचा ?...
  [Pred]: यू.पी.आय कसाय कारूचा ?...

Step  38900/60000 | Phase: 4B (Dynamic MoE) | CTC Loss: 1.0203 | Aux Loss: 8.1343 | CER: 0.388 | Throughput: 136.0 aud-s/s | LR: 7.78e-06
  [Ref ]: बिमा काढला तर करात सूट भेटन काय ?...
  [Pred]: विमा काढला ता त सुट पटन काय ?...

Step  38925/60000 | Phase: 4B (Dynamic MoE) | CTC Loss: 1.0860 | Aux Loss: 8.0178 | CER: 0.265 | Throughput: 455.6 aud-s/s | LR: 7.77e-06
  [Ref ]: कर्ज भरण्याची तारीख निघून गेली आहे त्यावर किती दंड लागला आहे ?...
  [Pred]: कर्ज भकण्याची तारिख नेगून घेली र त र किती बेंड लागल आहे ?...

Step  38950/60000 | Phase: 4B (Dynamic MoE) | CTC Loss: 0.8750 | Aux Loss: 8.0138 | CER: 0.137 | Throughput:  78.0 aud-s/s | LR: 7.77e-06
  [Ref ]: पिकांना उगवण्यासाठी वापर केल्या गेलेल्या जमिनीला शेती म्हणतात...
  [Pred]: पिकांना उगवण्यासाठी वापर केल्या गेलेल्या जमिनीला शेती म्हणतात...

Step  38975/60000 | Phase: 4B (Dynamic MoE) | CTC Loss: 0.8530 | Aux Loss: 8.0145 | CER: 0.247 | Throughput: 163.4 aud-s/s | LR: 7.77e-06
  [Ref ]: क्रॉस चेक म्हणजे काय ?...
  [Pred]: क्रज चेट म्हणजे काय ?...

Step  39000/60000 | Phase: 4B (Dynamic MoE) | CTC Loss: 0.9176 | Aux Loss: 8.0125 | CER: 0.227 | Throughput: 142.7 aud-s/s | LR: 7.76e-06
  [Ref ]: ऑनलाइन बचत खाता उघडूचे फायदे काय आसत ?...
  [Pred]: ऑनलाइन बचत खत बघडचे फायदे काय आसत ?...

  [Checkpoint] Step 39000 saved to runs\no-splitformer-moe-only\checkpoints\stage2_moe
Step  39025/60000 | Phase: 4B (Dynamic MoE) | CTC Loss: 0.9103 | Aux Loss: 8.0343 | CER: 0.297 | Throughput: 201.2 aud-s/s | LR: 7.76e-06
  [Ref ]: जमिनीचा पोत सुधारण्यासाठी कोणते खत वापरावे ?...
  [Pred]: जमिनीचा पूट सुधारण्यासाठी कोणते खत वापरावे ?...

Step  39050/60000 | Phase: 4B (Dynamic MoE) | CTC Loss: 0.8891 | Aux Loss: 8.0221 | CER: 0.238 | Throughput:  54.9 aud-s/s | LR: 7.76e-06
  [Ref ]: सरकारच्या विरोधामुळे कर भरुक नकार देणा म्हणजे कर प्रतिकार...
  [Pred]: सरकारच्या युरोधदामुळे तेन भरू नकार देणा म्हणजे कर म्रतिका?...

Step  39075/60000 | Phase: 4B (Dynamic MoE) | CTC Loss: 0.9530 | Aux Loss: 8.0377 | CER: 0.261 | Throughput: 647.9 aud-s/s | LR: 7.76e-06
  [Ref ]: आर.टी.जी.एस काय रायते ?...
  [Pred]: आर.टी.जी.एस काय असा ?...

Step  39100/60000 | Phase: 4B (Dynamic MoE) | CTC Loss: 0.9658 | Aux Loss: 8.0271 | CER: 0.212 | Throughput: 576.0 aud-s/s | LR: 7.75e-06
  [Ref ]: युरिया खत पिकात सिंचनच्या नंतर टाकतात...
  [Pred]: पुरिया कर पकात सिंचनाच्ानंतर टागतात ?...

Step  39125/60000 | Phase: 4B (Dynamic MoE) | CTC Loss: 0.9769 | Aux Loss: 8.0540 | CER: 0.403 | Throughput: 440.2 aud-s/s | LR: 7.75e-06
  [Ref ]: मले पंतप्रधान योजनेसाठी ऑनलाईन फारम भरता येईन का ?...
  [Pred]: मले मला मक कासाठी ऑनलाईन फारम भरता येईन का ?...

Step  39150/60000 | Phase: 4B (Dynamic MoE) | CTC Loss: 0.9793 | Aux Loss: 8.0213 | CER: 0.270 | Throughput: 120.8 aud-s/s | LR: 7.75e-06
  [Ref ]: सगळ्या प्रकारची पाळीव जनावरां आपल्या खयल्या ना खयल्या उपेगाची आसततच...
  [Pred]: साग्यापकाचे पायो जणाराण पल्या आा ना खयलया उपयोगाची आसत तर स...

Step  39175/60000 | Phase: 4B (Dynamic MoE) | CTC Loss: 0.8732 | Aux Loss: 8.0693 | CER: 0.323 | Throughput: 477.8 aud-s/s | LR: 7.74e-06
  [Ref ]: के.वाय.सी म्हणजे काय ?...
  [Pred]: के.वाय.सी म्हणजे काय ?...

Step  39200/60000 | Phase: 4B (Dynamic MoE) | CTC Loss: 0.9264 | Aux Loss: 8.0360 | CER: 0.457 | Throughput: 264.4 aud-s/s | LR: 7.74e-06
  [Ref ]: ई कॉमर्सची वेबसाईट बनवक किततो खर्च येतलो ?...
  [Pred]: एका वर्सी शेड बनवू त बके जातला ?...

Step  39225/60000 | Phase: 4B (Dynamic MoE) | CTC Loss: 1.0203 | Aux Loss: 8.0483 | CER: 0.273 | Throughput: 184.6 aud-s/s | LR: 7.74e-06
  [Ref ]: स्वयंसेवी संस्थेचे स्वरूप स्वतंत्र आहे...
  [Pred]: पोहन सेवी खैचेचे सरक्ष कंत्र आहे...

Step  39250/60000 | Phase: 4B (Dynamic MoE) | CTC Loss: 0.9636 | Aux Loss: 8.0207 | CER: 0.173 | Throughput:  97.5 aud-s/s | LR: 7.74e-06
  [Ref ]: बिमा काढासाठी मले कोनची कोनची कागदपत्र लागन ?...
  [Pred]: बिमा काढण्यासाठी मले फोनची कोनची कागदपत्र लागन ?...

Step  39275/60000 | Phase: 4B (Dynamic MoE) | CTC Loss: 1.0060 | Aux Loss: 8.0391 | CER: 0.259 | Throughput: 284.0 aud-s/s | LR: 7.73e-06
  [Ref ]: विमा म्हणजे काय ?...
  [Pred]: विमीट म्हणजे काय ?...

Step  39300/60000 | Phase: 4B (Dynamic MoE) | CTC Loss: 0.9608 | Aux Loss: 8.0101 | CER: 0.322 | Throughput:  86.6 aud-s/s | LR: 7.73e-06
  [Ref ]: मला प्रधानमंत्री आवास योजनेचा लाभ मिळू शकतो का ?...
  [Pred]: मला प्रधानमं्रे आमवा ि मध्यलचा कर् मिळू शकते का ?...

Step  39325/60000 | Phase: 4B (Dynamic MoE) | CTC Loss: 0.8610 | Aux Loss: 8.0099 | CER: 0.207 | Throughput: 147.0 aud-s/s | LR: 7.73e-06
  [Ref ]: मनी मार्केट हा अर्थ व्यवस्थेचा एक घटक आहे...
  [Pred]: मद्य सापे हा अर्थ व्यवस्थेचा एक घोटाक कआह ?...

Step  39350/60000 | Phase: 4B (Dynamic MoE) | CTC Loss: 0.8719 | Aux Loss: 8.0154 | CER: 0.216 | Throughput: 115.9 aud-s/s | LR: 7.73e-06
  [Ref ]: शहरी भागात केल्या जाणार्या शेतीला शहरी शेती असे म्हणतात...
  [Pred]: शहरी भागात केल्या जाला गद्या शेतीला शहरी शेती असे म्हणतात...

Step  39375/60000 | Phase: 4B (Dynamic MoE) | CTC Loss: 0.9505 | Aux Loss: 8.0323 | CER: 0.187 | Throughput: 480.6 aud-s/s | LR: 7.72e-06
  [Ref ]: कर्जाचो व्याज कीती असताला ?...
  [Pred]: ककरजा कारव्रज किती असतला ?...

Step  39400/60000 | Phase: 4B (Dynamic MoE) | CTC Loss: 1.0726 | Aux Loss: 8.0402 | CER: 0.311 | Throughput: 310.8 aud-s/s | LR: 7.72e-06
  [Ref ]: आमच्या शेतासाठी योग्य खते सांगा...
  [Pred]: आब्ब शेतासाठी योग्क कितेस सांगा...

Step  39425/60000 | Phase: 4B (Dynamic MoE) | CTC Loss: 0.9590 | Aux Loss: 8.0085 | CER: 0.304 | Throughput: 156.0 aud-s/s | LR: 7.72e-06
  [Ref ]: अर्थव्यवस्थेची स्थिती अत्यंत खालावली आहे...
  [Pred]: आर्थि व्यवस्थेची स्थिती त्पांत खालवली आहे...

Step  39450/60000 | Phase: 4B (Dynamic MoE) | CTC Loss: 0.8985 | Aux Loss: 8.1915 | CER: 0.103 | Throughput:  49.2 aud-s/s | LR: 7.71e-06
  [Ref ]: एन.इ.एफ.टी आणि आर.टी.जी.एस म्हणजे काय व कसे वापरायचे ?...
  [Pred]: एनइ.एफ.टी आणि आर.टी.जी.एस म्हणजे काय व कसी वापरायचे ?...

Step  39475/60000 | Phase: 4B (Dynamic MoE) | CTC Loss: 0.8523 | Aux Loss: 8.0455 | CER: 0.226 | Throughput: 625.4 aud-s/s | LR: 7.71e-06
  [Ref ]: तांदळाची साठवण कशी करावी ?...
  [Pred]: ककाची साठवणूक कशी करावी ?...

Step  39500/60000 | Phase: 4B (Dynamic MoE) | CTC Loss: 0.8868 | Aux Loss: 8.0227 | CER: 0.241 | Throughput:  57.1 aud-s/s | LR: 7.71e-06
  [Ref ]: कृषी कर्जासाठी अर्ज कसा करावा ?...
  [Pred]: किष करु्जासाठी अर्ज कसा करावे ?...

Step  39525/60000 | Phase: 4B (Dynamic MoE) | CTC Loss: 0.9774 | Aux Loss: 8.0252 | CER: 0.300 | Throughput:  97.3 aud-s/s | LR: 7.71e-06
  [Ref ]: कांदा लागवडीसाठी कोणता हंगाम योग्य आहे ?...
  [Pred]: करांदा लागवडीसाठी कोणता ंगाम योग्य आहे ?...

Step  39550/60000 | Phase: 4B (Dynamic MoE) | CTC Loss: 0.8830 | Aux Loss: 8.0061 | CER: 0.205 | Throughput:  45.9 aud-s/s | LR: 7.70e-06
  [Ref ]: कृषी बाजारात खरेदी करण्यासाठी सर्वात चांगली गोष्ट कोणती आहे ?...
  [Pred]: कृषी बाजारात नेदी करण्यासाठी सर्वात चांगले पस्त कोणते आहे ?...

Step  39575/60000 | Phase: 4B (Dynamic MoE) | CTC Loss: 0.9289 | Aux Loss: 8.0128 | CER: 0.307 | Throughput: 118.9 aud-s/s | LR: 7.70e-06
  [Ref ]: व्याज दर काय आस्तलो ?...
  [Pred]: व्याज दर काय असा ?...

Step  39600/60000 | Phase: 4B (Dynamic MoE) | CTC Loss: 0.8939 | Aux Loss: 8.0111 | CER: 0.253 | Throughput:  58.8 aud-s/s | LR: 7.70e-06
  [Ref ]: थंड हवामानाचा माझ्या गव्हावर कोणता परिणाम होईल ?...
  [Pred]: ल वामानाचा मल्या गयावर कोणता परिणाम होईल ?...

Step  39625/60000 | Phase: 4B (Dynamic MoE) | CTC Loss: 0.9300 | Aux Loss: 8.0402 | CER: 0.266 | Throughput: 138.4 aud-s/s | LR: 7.69e-06
  [Ref ]: वार्षिकीचो उपयोग करान अनुजने मोटरसायकल घेतल्यान...
  [Pred]: वलशिकीचो उपयोग कराण अनूदनी मोटर सायिक घेतले...

Step  39650/60000 | Phase: 4B (Dynamic MoE) | CTC Loss: 0.9438 | Aux Loss: 8.0253 | CER: 0.333 | Throughput: 117.9 aud-s/s | LR: 7.69e-06
  [Ref ]: अनेक प्रकारची तंत्रे आणि वैशिष्ट्ये कृषी क्षेत्रात येतात...
  [Pred]: अनेक प्रकारची इतनमत्रीयाणिमुयेशसटेक मृशीषेतरा देतात...

Step  39675/60000 | Phase: 4B (Dynamic MoE) | CTC Loss: 1.0505 | Aux Loss: 8.0121 | CER: 0.185 | Throughput: 156.0 aud-s/s | LR: 7.69e-06
  [Ref ]: ऑनलाईन कर्ज मिळू शकेल का ?...
  [Pred]: ऑनलाइन कर्ज मिळू शकेल का ?...

Step  39700/60000 | Phase: 4B (Dynamic MoE) | CTC Loss: 0.9813 | Aux Loss: 8.0293 | CER: 0.268 | Throughput: 249.1 aud-s/s | LR: 7.69e-06
  [Ref ]: जेली खायला खूप चविष्ट आहे मला जेलीची चव आवडते...
  [Pred]: जेलीखायला कूप चविस्टाप माजरीचतावाव...

Step  39725/60000 | Phase: 4B (Dynamic MoE) | CTC Loss: 0.9352 | Aux Loss: 8.0254 | CER: 0.354 | Throughput: 156.8 aud-s/s | LR: 7.68e-06
  [Ref ]: माझ्या भावाला बँकर्सच्या बोनस अंतर्गत एकावन्न हजार रुपये मिळाले...
  [Pred]: माझ्या मा्या बँक ास्या गो्ण संतर्गत ीत काऊन आहजर रुपये मिळल...

Step  39750/60000 | Phase: 4B (Dynamic MoE) | CTC Loss: 1.0171 | Aux Loss: 8.0241 | CER: 0.223 | Throughput: 153.1 aud-s/s | LR: 7.68e-06
  [Ref ]: बँकेने कर्ज जोखीम व्यवस्थापन नीती देखील तयार केले आहे...
  [Pred]: बँकेनेक कर्ज जोखीम व्यवस्थापन निती देखील तयार केली आहे...

Step  39775/60000 | Phase: 4B (Dynamic MoE) | CTC Loss: 1.0221 | Aux Loss: 8.0380 | CER: 0.151 | Throughput: 636.3 aud-s/s | LR: 7.68e-06
  [Ref ]: ऑनलाइन लाईट बिल कसा भरायचा ?...
  [Pred]: ऑनलाइन लाई बिल कसो भरायचा ?...

Step  39800/60000 | Phase: 4B (Dynamic MoE) | CTC Loss: 0.8649 | Aux Loss: 8.0191 | CER: 0.208 | Throughput: 566.7 aud-s/s | LR: 7.67e-06
  [Ref ]: एन.ई.एफ.टी करण्यासाठी काय करावे लागते ?...
  [Pred]: एन.इ.एफ.टी करण्यासाठी काय करा लागते ?...

Step  39825/60000 | Phase: 4B (Dynamic MoE) | CTC Loss: 0.9269 | Aux Loss: 8.0108 | CER: 0.183 | Throughput: 293.9 aud-s/s | LR: 7.67e-06
  [Ref ]: माती खयच्या गुणधर्मान बनलेली असता ?...
  [Pred]: माती खयच्या गोण ठेवात बतलेनी असता ?...

Step  39850/60000 | Phase: 4B (Dynamic MoE) | CTC Loss: 0.8691 | Aux Loss: 8.0298 | CER: 0.121 | Throughput:  51.2 aud-s/s | LR: 7.67e-06
  [Ref ]: संपर्क क्रमांक वापरून सुद्धा यू.पी.आय ट्रान्सफर केला जाऊ शकता...
  [Pred]: संपर्क कप्रमांक वापरून सधा यू.पी.आय च्रान्सफर केला जाऊ शकता...

Step  39875/60000 | Phase: 4B (Dynamic MoE) | CTC Loss: 1.0551 | Aux Loss: 8.0130 | CER: 0.173 | Throughput: 352.2 aud-s/s | LR: 7.67e-06
  [Ref ]: वजन म्हणजे काय असता ?...
  [Pred]: कर्ज म्हणजे काय असता ?...

Step  39900/60000 | Phase: 4B (Dynamic MoE) | CTC Loss: 1.0127 | Aux Loss: 8.0338 | CER: 0.259 | Throughput: 171.7 aud-s/s | LR: 7.66e-06
  [Ref ]: तुका पैशाची बचत करूक हवी...
  [Pred]: तोका पशाची पत कर खस ?...

Step  39925/60000 | Phase: 4B (Dynamic MoE) | CTC Loss: 0.9508 | Aux Loss: 8.0450 | CER: 0.345 | Throughput: 161.8 aud-s/s | LR: 7.66e-06
  [Ref ]: भुईमुंग किती वेळात अस कोनच्या हंगामात निगते ?...
  [Pred]: गुगु पिते ्ळात अस कोनच्या हंगामात निनते ?...

Step  39950/60000 | Phase: 4B (Dynamic MoE) | CTC Loss: 0.9462 | Aux Loss: 8.0283 | CER: 0.357 | Throughput:  88.3 aud-s/s | LR: 7.66e-06
  [Ref ]: शेतीमुये गनच लोके तुमनाशी जोडावतंस...
  [Pred]: शेतीमुये जनत मोठे पन्माशी गेडा वेतस...

Step  39975/60000 | Phase: 4B (Dynamic MoE) | CTC Loss: 0.8933 | Aux Loss: 8.0157 | CER: 0.232 | Throughput: 168.4 aud-s/s | LR: 7.66e-06
  [Ref ]: बिल पे कसा करुचा ?...
  [Pred]: बिल पैे कसा रूचा ?...

Step  40000/60000 | Phase: 4B (Dynamic MoE) | CTC Loss: 0.9343 | Aux Loss: 8.0368 | CER: 0.303 | Throughput: 528.7 aud-s/s | LR: 7.65e-06
  [Ref ]: व्याज दराची जोखीम कशी निश्चित केली पाहिजे...
  [Pred]: दया काराची जोखीमकशणी किती किव राची ?...

  [Checkpoint] Step 40000 saved to runs\no-splitformer-moe-only\checkpoints\stage2_moe
Step  40025/60000 | Phase: 4B (Dynamic MoE) | CTC Loss: 0.9222 | Aux Loss: 8.0349 | CER: 0.215 | Throughput:  91.0 aud-s/s | LR: 7.65e-06
  [Ref ]: मोहनच्या वडिलांच्या मते , भारतीय अर्थव्यवस्थेत सुधारणा होण्याची गरज आह...
  [Pred]: तोहच्या वडलानाच् आाते भत त्यपचा व्यवस्था सुधणामुय भरतआ...

Step  40050/60000 | Phase: 4B (Dynamic MoE) | CTC Loss: 0.8861 | Aux Loss: 8.0221 | CER: 0.275 | Throughput: 175.0 aud-s/s | LR: 7.65e-06
  [Ref ]: यू.पी.आय कराच्या टायमाले मले समोरच्या व्यक्तीचा क्यू.आर कोड लागनच का ?...
  [Pred]: यू.पी.आय कराच्या टायमालेम्ये समा्या व्यक्तिकक्यू.आर खोट लागनकका ?...

Step  40075/60000 | Phase: 4B (Dynamic MoE) | CTC Loss: 1.0433 | Aux Loss: 8.0528 | CER: 0.258 | Throughput: 594.3 aud-s/s | LR: 7.64e-06
  [Ref ]: गव्हाचे वजन किती झाले आहे ?...
  [Pred]: गवाचा व्जद कसी झाली आहे ?...

Step  40100/60000 | Phase: 4B (Dynamic MoE) | CTC Loss: 1.0035 | Aux Loss: 8.0185 | CER: 0.387 | Throughput: 453.7 aud-s/s | LR: 7.64e-06
  [Ref ]: ए.टी.एम कार्डच्या साह्याने कॅशशिवायही शॉपिंग करता येते...
  [Pred]: .टिम कार्च्या सामाकॅय शिवायही कत कोणते...

Step  40125/60000 | Phase: 4B (Dynamic MoE) | CTC Loss: 0.9606 | Aux Loss: 8.0071 | CER: 0.183 | Throughput: 173.7 aud-s/s | LR: 7.64e-06
  [Ref ]: एका महिन्यासाठी मुदत ठेव ठेवता येते का ?...
  [Pred]: एका महिन्यासाठी मुदत गुठवता येते का ?...

Step  40150/60000 | Phase: 4B (Dynamic MoE) | CTC Loss: 0.9588 | Aux Loss: 8.0523 | CER: 0.162 | Throughput: 145.4 aud-s/s | LR: 7.64e-06
  [Ref ]: बँकर्स बँकेच्याही जगभरात अनेक शाखा आहेत...
  [Pred]: बँकर्स बँकेच्याही जगभरात अनेकक्षाखा आहे...

Step  40175/60000 | Phase: 4B (Dynamic MoE) | CTC Loss: 0.9745 | Aux Loss: 8.0450 | CER: 0.247 | Throughput: 603.1 aud-s/s | LR: 7.63e-06
  [Ref ]: ई कॉमर्सचो फायदो काय असा ?...
  [Pred]: ईीकॉमर्सचो मायलो का ?...

Step  40200/60000 | Phase: 4B (Dynamic MoE) | CTC Loss: 0.8360 | Aux Loss: 8.0178 | CER: 0.283 | Throughput: 104.2 aud-s/s | LR: 7.63e-06
  [Ref ]: व्यापारी बँकेकडना तुका कर्ज पण मिळात...
  [Pred]: व्यापारी बँकेकडना तुका कर्ज करह्या ?...

Step  40225/60000 | Phase: 4B (Dynamic MoE) | CTC Loss: 0.9752 | Aux Loss: 8.0424 | CER: 0.411 | Throughput: 159.3 aud-s/s | LR: 7.63e-06
  [Ref ]: ज्वारी खरीप हंगामात लावता येते का ?...
  [Pred]: जतीक खरीप हंगामम लावता येते का ?...

Step  40250/60000 | Phase: 4B (Dynamic MoE) | CTC Loss: 0.9536 | Aux Loss: 8.0502 | CER: 0.217 | Throughput:  78.5 aud-s/s | LR: 7.62e-06
  [Ref ]: रोटावेटरवर सरकार किती ऑफर देतं ?...
  [Pred]: रोटान इटरव सिकार किती वफर देतत ?...

Step  40275/60000 | Phase: 4B (Dynamic MoE) | CTC Loss: 0.8658 | Aux Loss: 8.0463 | CER: 0.134 | Throughput: 625.6 aud-s/s | LR: 7.62e-06
  [Ref ]: कर्ज कसा काडूचा ?...
  [Pred]: कर्ज कसा काढूचा ?...

Step  40300/60000 | Phase: 4B (Dynamic MoE) | CTC Loss: 0.8817 | Aux Loss: 8.0145 | CER: 0.298 | Throughput: 492.8 aud-s/s | LR: 7.62e-06
  [Ref ]: संत्रा , मोसंबीवर फवारा माराले कोनचा पंप चांगला रायते ?...
  [Pred]: संत् योसंबीयअर फारामाराले कोनचा पंप चांगला रायते ?...

Step  40325/60000 | Phase: 4B (Dynamic MoE) | CTC Loss: 0.8972 | Aux Loss: 8.0327 | CER: 0.231 | Throughput: 244.4 aud-s/s | LR: 7.62e-06
  [Ref ]: भारतातव मासळीचो खप दिवसेंदिवस वाढता आसा...
  [Pred]: भारतायो हासयीची खूप पसल गऊस वढता आसा...

Step  40350/60000 | Phase: 4B (Dynamic MoE) | CTC Loss: 0.9339 | Aux Loss: 8.0129 | CER: 0.213 | Throughput:  77.9 aud-s/s | LR: 7.61e-06
  [Ref ]: अहो पिंटू , आमचा भारत फक्त दूध नव्हे तर जूटच्या अग्रभागी आहे...
  [Pred]: अवोपेंटू आमचा मारा फत्त दूधलावतर जुटच्या अंग्र नागी आहे...

Step  40375/60000 | Phase: 4B (Dynamic MoE) | CTC Loss: 1.0634 | Aux Loss: 8.0268 | CER: 0.338 | Throughput: 514.3 aud-s/s | LR: 7.61e-06
  [Ref ]: गुंतवणूक खय खय करू शकतव ?...
  [Pred]: गुनता ा काय करू शकतवा ?...

Step  40400/60000 | Phase: 4B (Dynamic MoE) | CTC Loss: 1.0268 | Aux Loss: 8.0189 | CER: 0.238 | Throughput: 307.2 aud-s/s | LR: 7.61e-06
  [Ref ]: कोणताही व्यवसाय सुरू करण्यासाठी बरेच जोखीम घ्यावे लागतात...
  [Pred]: कोणत्ा ी रवसाय सोव करण्यासाठी बत जशीन ्ावे लागता ?...

Step  40425/60000 | Phase: 4B (Dynamic MoE) | CTC Loss: 0.9066 | Aux Loss: 8.0172 | CER: 0.296 | Throughput: 173.4 aud-s/s | LR: 7.60e-06
  [Ref ]: माझा शेतीमाल मी कंपनीला विकू शकतो का ?...
  [Pred]: माझासाची मालमी कंपनीला विकू शकतो का ?...

Step  40450/60000 | Phase: 4B (Dynamic MoE) | CTC Loss: 0.9083 | Aux Loss: 8.0164 | CER: 0.235 | Throughput:  97.5 aud-s/s | LR: 7.60e-06
  [Ref ]: कार्ड चुकून , चोरीक गेल्यावर तुम्ही तुमचो ए.टी.एम कार्ड ब्लॉक करू शकता...
  [Pred]: आार टपनतरी केल्यामर कम्ही तंतर एटी.एम कर वापर शकता...

Step  40475/60000 | Phase: 4B (Dynamic MoE) | CTC Loss: 0.8814 | Aux Loss: 8.0473 | CER: 0.183 | Throughput: 657.3 aud-s/s | LR: 7.60e-06
  [Ref ]: ठेवी कशी भरूची ?...
  [Pred]: ठेवी कशी कारूची ?...

Step  40500/60000 | Phase: 4B (Dynamic MoE) | CTC Loss: 0.8885 | Aux Loss: 8.0156 | CER: 0.255 | Throughput:  61.9 aud-s/s | LR: 7.60e-06
  [Ref ]: रोहनला सॉव्हरेन वेल्थ फंडाविषयी काहीच समजत नाही...
  [Pred]: रोला सावर शे फंडारीशी काहीत न संबत नाही...

Step  40525/60000 | Phase: 4B (Dynamic MoE) | CTC Loss: 0.9588 | Aux Loss: 8.0151 | CER: 0.236 | Throughput: 216.8 aud-s/s | LR: 7.59e-06
  [Ref ]: शेतात ऊसाची मळी टाकल्यास त्याचा काय फायदा होतो , पीक चांगले येईल का ?...
  [Pred]: शेता रिसाची मळे टापल्या त्याचा काय साठी मोटो पीक चांगले येईल का ?...

Step  40550/60000 | Phase: 4B (Dynamic MoE) | CTC Loss: 0.8885 | Aux Loss: 8.0977 | CER: 0.116 | Throughput:  54.8 aud-s/s | LR: 7.59e-06
  [Ref ]: फळांका जो किडे लागतत तेनका उपाय काय ?...
  [Pred]: फळांका जो किडे लागतत तेनका उपाय काय ?...

Step  40575/60000 | Phase: 4B (Dynamic MoE) | CTC Loss: 0.8950 | Aux Loss: 8.0400 | CER: 0.185 | Throughput: 673.8 aud-s/s | LR: 7.59e-06
  [Ref ]: मिनी स्टेटमेन्ट म्हणजे काय ?...
  [Pred]: मी स्टेटमेन्ट म्हणजे काय ?...

Step  40600/60000 | Phase: 4B (Dynamic MoE) | CTC Loss: 0.8345 | Aux Loss: 8.0323 | CER: 0.277 | Throughput: 102.3 aud-s/s | LR: 7.58e-06
  [Ref ]: हिवाळ्यात कीटकनाशका कीतक्या प्रमाणात प्रभावी असतत ?...
  [Pred]: विवा ळ्यकतीठकनाशलाक कितक्या प्रयात कभावी असतत ?...

Step  40625/60000 | Phase: 4B (Dynamic MoE) | CTC Loss: 0.8746 | Aux Loss: 8.0195 | CER: 0.170 | Throughput:  59.6 aud-s/s | LR: 7.58e-06
  [Ref ]: प्रत्येक देशातील बँका देशाच्या अर्थ व्यवस्थेवर नियंत्रण ठेवतात...
  [Pred]: यकीसक्ीली बँका देशाच्या अत्थ व्यवस्थेवर णियंत्रण ठेवतात...

Step  40650/60000 | Phase: 4B (Dynamic MoE) | CTC Loss: 0.9136 | Aux Loss: 8.0131 | CER: 0.133 | Throughput: 103.1 aud-s/s | LR: 7.58e-06
  [Ref ]: शेतकऱ्यांसाठी काही कर्जाच्या योजना आहेत का ?...
  [Pred]: शेतक्यांसाठी काही कर्जाचे योजना आहे का ?...

Step  40675/60000 | Phase: 4B (Dynamic MoE) | CTC Loss: 0.8996 | Aux Loss: 8.0256 | CER: 0.227 | Throughput: 614.0 aud-s/s | LR: 7.58e-06
  [Ref ]: बँकेत किती प्रकारची खाती आसतात ?...
  [Pred]: बँकेत किती प्रकारची खाती आसतत ?...

Step  40700/60000 | Phase: 4B (Dynamic MoE) | CTC Loss: 0.9922 | Aux Loss: 8.0139 | CER: 0.204 | Throughput: 601.1 aud-s/s | LR: 7.57e-06
  [Ref ]: कार्यरत भांडवल एक वित्तीय मेट्रीक हा...
  [Pred]: कारी ल भांडवन चे वित्तीय भेट...

Step  40725/60000 | Phase: 4B (Dynamic MoE) | CTC Loss: 1.0409 | Aux Loss: 8.0154 | CER: 0.123 | Throughput: 160.8 aud-s/s | LR: 7.57e-06
  [Ref ]: एक एकर भुईमुगाला किती शेणखत टाकावे ?...
  [Pred]: एक एकर भुईमुगाला किती शेणखतटाकावे ?...

Step  40750/60000 | Phase: 4B (Dynamic MoE) | CTC Loss: 0.8669 | Aux Loss: 8.0338 | CER: 0.155 | Throughput: 103.4 aud-s/s | LR: 7.57e-06
  [Ref ]: नोंदणीकृत शेअर धारक नंतर शेअर विकू शकतो किंवा नव्या धारकाला देऊ शकतो...
  [Pred]: अंनि कृ शेअरधारक नन शेअर विकू शकतो किवा नव्या ारकाला देऊ शकतो...

Step  40775/60000 | Phase: 4B (Dynamic MoE) | CTC Loss: 1.0373 | Aux Loss: 8.0219 | CER: 0.269 | Throughput: 596.1 aud-s/s | LR: 7.56e-06
  [Ref ]: यू.पी.आय सेवेचा अर्थ काय ?...
  [Pred]: यि.पआय सेवेचा अरथ काय ?...

Step  40800/60000 | Phase: 4B (Dynamic MoE) | CTC Loss: 0.9134 | Aux Loss: 8.0492 | CER: 0.336 | Throughput: 111.7 aud-s/s | LR: 7.56e-06
  [Ref ]: कांद्यासाठी किती किलोग्रॅम शेनखत वापरा लागन ?...
  [Pred]: कांद्यासाठी किती कि लुग्रम सिंकत वापराा ?...

Step  40825/60000 | Phase: 4B (Dynamic MoE) | CTC Loss: 0.9172 | Aux Loss: 8.0371 | CER: 0.169 | Throughput: 142.8 aud-s/s | LR: 7.56e-06
  [Ref ]: आम्ही रस्ते समतल करण्यासाठी रोड रोलर वापरतो...
  [Pred]: मी रस्ती संथन करण्यासाठी रोप रोनल वापरते...

Step  40850/60000 | Phase: 4B (Dynamic MoE) | CTC Loss: 0.9699 | Aux Loss: 8.0418 | CER: 0.380 | Throughput: 127.2 aud-s/s | LR: 7.56e-06
  [Ref ]: परागकणच्या प्रकारात इतर काही प्राण्यांचा समावेश करण्याचा सरकार विचार क...
  [Pred]: करत कमाच्या प्रकार रिकर करणी प्राम त  करम र करण्याचा सरपार हजार करी के...

Step  40875/60000 | Phase: 4B (Dynamic MoE) | CTC Loss: 0.8744 | Aux Loss: 8.0494 | CER: 0.367 | Throughput: 499.6 aud-s/s | LR: 7.55e-06
  [Ref ]: शाळा शिकासाठी कर्ज हाय का ?...
  [Pred]: कव्ा सिठी कसी कू राचा ?...

Step  40900/60000 | Phase: 4B (Dynamic MoE) | CTC Loss: 0.9538 | Aux Loss: 8.0258 | CER: 0.201 | Throughput: 141.3 aud-s/s | LR: 7.55e-06
  [Ref ]: शेतीची झीज न होण्यासाठी काय करावे ?...
  [Pred]: शेतीची जेस न होण्यासाठी काय करावे ?...

Step  40925/60000 | Phase: 4B (Dynamic MoE) | CTC Loss: 0.9250 | Aux Loss: 8.0368 | CER: 0.220 | Throughput: 284.1 aud-s/s | LR: 7.55e-06
  [Ref ]: मी घेतलाला कर्ज फेड करूची तारिक वाढवन मेलतली काय ?...
  [Pred]: मी घेतलाला कर्ज फेड करुची तारीख कज मेळतली काय ?...

Step  40950/60000 | Phase: 4B (Dynamic MoE) | CTC Loss: 0.9880 | Aux Loss: 8.0318 | CER: 0.397 | Throughput: 118.7 aud-s/s | LR: 7.54e-06
  [Ref ]: जागतिक बौद्धिक संपदा संघटना संयुक्त राष्ट्रांचा एक भाग आहे...
  [Pred]: जर पौ्तिक संपधा संघटना सयुक्त राष्ट्र्राचा लठा आहे...

Step  40975/60000 | Phase: 4B (Dynamic MoE) | CTC Loss: 0.9289 | Aux Loss: 8.0664 | CER: 0.372 | Throughput: 189.6 aud-s/s | LR: 7.54e-06
  [Ref ]: विमा काढूचे फायदे काय आसत ?...
  [Pred]: विमाकाच प्जा काय आसत ?...

Step  41000/60000 | Phase: 4B (Dynamic MoE) | CTC Loss: 0.9078 | Aux Loss: 8.0081 | CER: 0.113 | Throughput: 531.2 aud-s/s | LR: 7.54e-06
  [Ref ]: रब्बी हंगामात ज्वारीची चांगली वाढ होते का ?...
  [Pred]: रब्बी हंगामातद्वारेचीचागलीवाढ होते का ?...

  🌟 New Best Model! cer = 0.1131 (Saved to best_model.pt)
  [Checkpoint] Step 41000 saved to runs\no-splitformer-moe-only\checkpoints\stage2_moe
Step  41025/60000 | Phase: 4B (Dynamic MoE) | CTC Loss: 0.8556 | Aux Loss: 8.0277 | CER: 0.220 | Throughput: 214.7 aud-s/s | LR: 7.54e-06
  [Ref ]: बँक माका जादात जादा किती दिवसाचो येळ देयीत कर्जासाठी ?...
  [Pred]: बँक माका जागा चरा किती दिवसाचा येक दीत कर्जासाठी ?...

Step  41050/60000 | Phase: 4B (Dynamic MoE) | CTC Loss: 0.8405 | Aux Loss: 8.0194 | CER: 0.356 | Throughput: 172.6 aud-s/s | LR: 7.53e-06
  [Ref ]: कर्ज मिळवण्यासाठी पुरावा म्हणून मला कोणती कागदपत्रे दाखवावी लागतील ?...
  [Pred]: कर्ज मिवण्यासाठी पुरावा मनामला कोणती कागद म्ये टागवावी लागतेल ?...

Step  41075/60000 | Phase: 4B (Dynamic MoE) | CTC Loss: 0.9740 | Aux Loss: 8.0451 | CER: 0.131 | Throughput: 631.3 aud-s/s | LR: 7.53e-06
  [Ref ]: क्रेडिट कार्ड का हाय ?...
  [Pred]: क्रेडिट कार्ड काय आहे ?...

Step  41100/60000 | Phase: 4B (Dynamic MoE) | CTC Loss: 0.9634 | Aux Loss: 8.0270 | CER: 0.135 | Throughput: 565.6 aud-s/s | LR: 7.53e-06
  [Ref ]: कीड नियंत्रणासाठी कोणती फवारणी करावी ?...
  [Pred]: कीड नियात्रणासाठी कोणती फवरणी करावी ?...

Step  41125/60000 | Phase: 4B (Dynamic MoE) | CTC Loss: 0.8873 | Aux Loss: 8.0199 | CER: 0.317 | Throughput: 156.0 aud-s/s | LR: 7.52e-06
  [Ref ]: बचत ठेवीमध्ये पैसे गुंतवावे का ?...
  [Pred]: बचतठेवीवतात पैसे गुंतवावे का ?...

Step  41150/60000 | Phase: 4B (Dynamic MoE) | CTC Loss: 0.9571 | Aux Loss: 8.0077 | CER: 0.158 | Throughput:  91.5 aud-s/s | LR: 7.52e-06
  [Ref ]: खाद्य तयार करून आपण आपल्या जनावरांसाठी अधिक दूध मिळवू शकतो...
  [Pred]: खाद्य तया करून आपण आपल्या जनावरसाठी अधिक दूध मिळू शकतो...

Step  41175/60000 | Phase: 4B (Dynamic MoE) | CTC Loss: 0.9501 | Aux Loss: 8.0160 | CER: 0.255 | Throughput:  71.7 aud-s/s | LR: 7.52e-06
  [Ref ]: डेबिट म्हणजे काय ?...
  [Pred]: डेबिट फ्र्डे क ?...

Step  41200/60000 | Phase: 4B (Dynamic MoE) | CTC Loss: 0.8967 | Aux Loss: 8.0139 | CER: 0.183 | Throughput: 269.6 aud-s/s | LR: 7.52e-06
  [Ref ]: मला कॉल करता येईल असा नंबर आहे का ?...
  [Pred]: मला कॉड कर्ता येईल असा नंबर आहे का ?...

Step  41225/60000 | Phase: 4B (Dynamic MoE) | CTC Loss: 1.0346 | Aux Loss: 8.0125 | CER: 0.153 | Throughput: 167.3 aud-s/s | LR: 7.51e-06
  [Ref ]: पिकावरील रोगाची लक्षणे कशी ओळखावी , खबरदारी कशी घ्यावी ?...
  [Pred]: पिकावळील र्रहाची शक्षणे कशी ओळखाविकबदारी कशी घ्वची ?...

Step  41250/60000 | Phase: 4B (Dynamic MoE) | CTC Loss: 0.8234 | Aux Loss: 8.0604 | CER: 0.196 | Throughput: 134.2 aud-s/s | LR: 7.51e-06
  [Ref ]: भारतमा हरितक्रांतीना जनक एम.एस स्वामिनाथन शेतस...
  [Pred]: भारतामा हरिक प्रादीना जलक एम एसपालीलास शेतस...

Step  41275/60000 | Phase: 4B (Dynamic MoE) | CTC Loss: 0.9181 | Aux Loss: 8.0241 | CER: 0.314 | Throughput: 415.5 aud-s/s | LR: 7.51e-06
  [Ref ]: ऊसाक खयली माती व्हयी ?...
  [Pred]: सा खयका माहती ह्हयी ?...

Step  41300/60000 | Phase: 4B (Dynamic MoE) | CTC Loss: 0.9443 | Aux Loss: 8.0207 | CER: 0.303 | Throughput: 145.0 aud-s/s | LR: 7.50e-06
  [Ref ]: खनिजे आणि पोषक द्रव्यांनी शैवाल समृद्ध असतं...
  [Pred]: हनिज आणि प्रोषक ब्रजानुषायीवा समध असते...

Step  41325/60000 | Phase: 4B (Dynamic MoE) | CTC Loss: 0.8896 | Aux Loss: 8.0490 | CER: 0.296 | Throughput: 188.3 aud-s/s | LR: 7.50e-06
  [Ref ]: मले माय इलेक्ट्रिक बिल ऑनलाईन भरता येईन का ?...
  [Pred]: मले माय इईलेक्रिक बिल ऑनलाईन भरता येईन का ?...

Step  41350/60000 | Phase: 4B (Dynamic MoE) | CTC Loss: 0.8692 | Aux Loss: 8.0206 | CER: 0.210 | Throughput:  72.6 aud-s/s | LR: 7.50e-06
  [Ref ]: पाच एकर शेतजमिनीसाठी एन.पी.के चे प्रमाण किती असते ?...
  [Pred]: पाजेकर शेत जमिनीसाठी पीकेचे ंप्रमाण किती असते ?...

Step  41375/60000 | Phase: 4B (Dynamic MoE) | CTC Loss: 0.9528 | Aux Loss: 8.0228 | CER: 0.281 | Throughput: 489.9 aud-s/s | LR: 7.50e-06
  [Ref ]: आम्याची झाडा कशी लयतत ?...
  [Pred]: र काची ाडू कशी कयत ?...

Traceback (most recent call last):
  File "D:\marathi-asr\moe\train_moe.py", line 287, in <module>
    train_moe_stage4(
    ~~~~~~~~~~~~~~~~^
        run_dir=args.run_dir,
        ^^^^^^^^^^^^^^^^^^^^^
    ...<12 lines>...
        stage_name=args.stage_name,
        ^^^^^^^^^^^^^^^^^^^^^^^^^^^
    )
    ^
  File "D:\marathi-asr\moe\train_moe.py", line 190, in train_moe_stage4
    scaler.scale(loss_scaled).backward()
    ~~~~~~~~~~~~~~~~~~~~~~~~~~~~~~~~~~^^
  File "D:\marathi-asr\.venv\Lib\site-packages\torch\_tensor.py", line 626, in backward
    torch.autograd.backward(
    ~~~~~~~~~~~~~~~~~~~~~~~^
        self, gradient, retain_graph, create_graph, inputs=inputs
        ^^^^^^^^^^^^^^^^^^^^^^^^^^^^^^^^^^^^^^^^^^^^^^^^^^^^^^^^^
    )
    ^
  File "D:\marathi-asr\.venv\Lib\site-packages\torch\autograd\__init__.py", line 347, in backward
    _engine_run_backward(
    ~~~~~~~~~~~~~~~~~~~~^
        tensors,
        ^^^^^^^^
    ...<5 lines>...
        accumulate_grad=True,
        ^^^^^^^^^^^^^^^^^^^^^
    )
    ^
  File "D:\marathi-asr\.venv\Lib\site-packages\torch\autograd\graph.py", line 823, in _engine_run_backward
    return Variable._execution_engine.run_backward(  # Calls into the C++ engine to run the backward pass
           ~~~~~~~~~~~~~~~~~~~~~~~~~~~~~~~~~~~~~~~^^^^^^^^^^^^^^^^^^^^^^^^^^^^^^^^^^^^^^^^^^^^^^^^^^^^^^^
        t_outputs, *args, **kwargs
        ^^^^^^^^^^^^^^^^^^^^^^^^^^
    )  # Calls into the C++ engine to run the backward pass
    ^
torch.OutOfMemoryError: CUDA out of memory. Tried to allocate 1.01 GiB. GPU 0 has a total capacity of 23.99 GiB of which 0 bytes is free. Of the allocated memory 50.65 GiB is allocated by PyTorch, and 2.52 GiB is reserved by PyTorch but unallocated. If reserved but unallocated memory is large try setting PYTORCH_CUDA_ALLOC_CONF=expandable_segments:True to avoid fragmentation.  See documentation for Memory Management  (https://pytorch.org/docs/stable/notes/cuda.html#environment-variables)

--- Launching stage2_moe at 2026-09-27 19:01:52 ---

[stage2_moe: 3-Dialect MoE] Initializing on device: cuda (NVIDIA RTX A5000)
[Tokenizer] Loaded vocabulary with 105 tokens

[Upcycling] Loading Pre-trained checkpoint: runs\no-splitformer-moe-only\checkpoints\stage1_pretrain\best_model.pt
D:\marathi-asr\.venv\Lib\site-packages\torch\_utils.py:99: UserWarning: expandable_segments not supported on this platform (Triggered internally at C:\actions-runner\_work\pytorch\pytorch\pytorch\c10/cuda/CUDAAllocatorConfig.h:28.)
  untyped_storage = torch.UntypedStorage(self.size(), device=device)
[Upcycling] Converting Conformer blocks [4, 5, 6, 7, 8, 9, 10, 11] to 3-Dialect MoE...
[Upcycling] Successfully upcycled 8 Conformer blocks to 3-Dialect MoE!
[Stage 4] Setting up differential LR — backbone (Layers 1-4) at 1/10 LR, MoE + CTC at full LR...
[Parameters] Trainable: 32,838,529 / 32,838,529 (100.0%)
  Backbone (1/10 LR): 7,995,392 params
  MoE + CTC (full LR): 24,843,137 params
[Dataset] Loading cached speaker split from: moe\respin_split_cache.json
[stage2_moe] Telemetry initialized.
  - Checkpoints: D:\marathi-asr\runs\no-splitformer-moe-only\checkpoints\stage2_moe
  - CSV Logging: D:\marathi-asr\runs\no-splitformer-moe-only\csvs\stage2_moe_metrics.csv
  - JSONL Trace: D:\marathi-asr\runs\no-splitformer-moe-only\logs\stage2_moe_telemetry.jsonl
[Resume] Resuming stage2_moe from: runs\no-splitformer-moe-only\checkpoints\stage2_moe\stage2_moe_step_41000.pt

[stage2_moe] Starting 3-Dialect MoE Training (Target Steps: 60000, Batch Size: 64)
  Phase 0  (CTC Warmup — no MoE routing): Steps 1 to 3000
  Phase 4A (Metadata-Guided Hard Routing): Steps 3001 to 10500
  Phase 4B (Dynamic Soft/Top-1 Routing): Steps 10501 to 60000
  Saving semantically to: 'D:\marathi-asr\runs\no-splitformer-moe-only\checkpoints\stage2_moe'

Step  41025/60000 | Phase: 4B (Dynamic MoE) | CTC Loss: 0.9145 | Aux Loss: 8.0887 | CER: 0.434 | Throughput:  37.0 aud-s/s | LR: 7.54e-06
  [Ref ]: कर्ज ह्या किती वर्षात फेडून हव्या ?...
  [Pred]: कर्या किती वर्था क ?...

Step  41050/60000 | Phase: 4B (Dynamic MoE) | CTC Loss: 0.9150 | Aux Loss: 8.0168 | CER: 0.256 | Throughput: 109.4 aud-s/s | LR: 7.53e-06
  [Ref ]: बँक खात्याचे अपडेट मेसेजद्वारे मिळेल का ?...
  [Pred]: म खात्याचे अफडे कसेजस्वारे मिळेल का ?...

Step  41075/60000 | Phase: 4B (Dynamic MoE) | CTC Loss: 0.9586 | Aux Loss: 8.0207 | CER: 0.265 | Throughput: 200.1 aud-s/s | LR: 7.53e-06
  [Ref ]: मी ग्राहकाला कर्जासाठी कायकाय प्रश्न विचारावे ?...
  [Pred]: क्मी ग्राहतयाला कर्जासाठी कोणत्या प्रश्नी विचारावे ?...

Step  41100/60000 | Phase: 4B (Dynamic MoE) | CTC Loss: 0.9058 | Aux Loss: 8.0128 | CER: 0.246 | Throughput: 211.1 aud-s/s | LR: 7.53e-06
  [Ref ]: मधमाश्यांच्या पोळमधे एक प्रकारे जाळीची संरचना असते त्या मध्ये मधमाशा र...
  [Pred]: मधमाशूनच्या परणीधे एक प्रकारे जाळीची स्रूच ना सत त्यामध्ये नधमाशीा अतो...

Step  41125/60000 | Phase: 4B (Dynamic MoE) | CTC Loss: 0.9655 | Aux Loss: 8.0198 | CER: 0.246 | Throughput: 108.6 aud-s/s | LR: 7.52e-06
  [Ref ]: विमा म्हटल्या काय ?...
  [Pred]: विमा म्हटल्या काय ?...

Step  41150/60000 | Phase: 4B (Dynamic MoE) | CTC Loss: 0.9518 | Aux Loss: 8.0250 | CER: 0.344 | Throughput:  91.8 aud-s/s | LR: 7.52e-06
  [Ref ]: माझे खाते सुरळीतपणे चालू राहण्यासाठी काय करावे लागेल ?...
  [Pred]: माझ्े खात्य सुरूक कया सरू ाण्यासाठी काय करा लागेल ?...

Step  41175/60000 | Phase: 4B (Dynamic MoE) | CTC Loss: 0.8937 | Aux Loss: 8.0232 | CER: 0.215 | Throughput:  54.6 aud-s/s | LR: 7.52e-06
  [Ref ]: रोपवाटिकेचे वेगवेगळे घटक कोणते आहेत ?...
  [Pred]: रोपवा.टीके चे वये वैघटी कोणते आहेत ?...

Step  41200/60000 | Phase: 4B (Dynamic MoE) | CTC Loss: 0.8673 | Aux Loss: 8.0065 | CER: 0.159 | Throughput: 191.8 aud-s/s | LR: 7.52e-06
  [Ref ]: सोयाबीनचे पीक काढण्यासाठी कोणते यंत्र वापरले जाते ?...
  [Pred]: सोयाबीनचे पिक काढण्यासाठी कोणते यंत्र वापरले जाते ?...

Step  41225/60000 | Phase: 4B (Dynamic MoE) | CTC Loss: 0.8467 | Aux Loss: 8.0137 | CER: 0.262 | Throughput: 123.3 aud-s/s | LR: 7.51e-06
  [Ref ]: चांगली पीक खयला हा ?...
  [Pred]: तं्या कती खयला  ?...

Step  41250/60000 | Phase: 4B (Dynamic MoE) | CTC Loss: 0.9690 | Aux Loss: 8.0362 | CER: 0.327 | Throughput: 141.3 aud-s/s | LR: 7.51e-06
  [Ref ]: मनी मार्केट म्हणजे असंघटित बाजार...
  [Pred]:  मार्केट म्हणजे कसबटीत बाता...

Step  41275/60000 | Phase: 4B (Dynamic MoE) | CTC Loss: 0.9258 | Aux Loss: 8.0200 | CER: 0.185 | Throughput: 203.0 aud-s/s | LR: 7.51e-06
  [Ref ]: बंधक उधारकर्ता आपल्या घराक गहाण ठेवणारी व्यक्ती असता...
  [Pred]: बुंधक उदार करता आपल्य घरात गहान ठेवणारी युक्त असता...

Step  41300/60000 | Phase: 4B (Dynamic MoE) | CTC Loss: 0.7544 | Aux Loss: 8.0447 | CER: 0.162 | Throughput: 214.2 aud-s/s | LR: 7.50e-06
  [Ref ]: हवामान खात्याच्या मायतीसाठी कोनचं ॲप वापराव ?...
  [Pred]: हवारान खात्याच्या मायतीसाठी कोनचं आप वापराव ?...

Step  41325/60000 | Phase: 4B (Dynamic MoE) | CTC Loss: 0.8852 | Aux Loss: 8.0246 | CER: 0.431 | Throughput: 120.9 aud-s/s | LR: 7.50e-06
  [Ref ]: गुंतवणुक खेतुर करूची ?...
  [Pred]: लानू कस करूची ?...

Step  41350/60000 | Phase: 4B (Dynamic MoE) | CTC Loss: 0.8186 | Aux Loss: 8.0074 | CER: 0.220 | Throughput: 142.9 aud-s/s | LR: 7.50e-06
  [Ref ]: मी कधीच किनिस्टेल खाल्लेले नाही...
  [Pred]: ए कजेचेकीनस्टेल खा माले नाही...

Step  41375/60000 | Phase: 4B (Dynamic MoE) | CTC Loss: 0.9082 | Aux Loss: 8.0313 | CER: 0.127 | Throughput: 143.6 aud-s/s | LR: 7.50e-06
  [Ref ]: भांडवली बाजारात एक वर्ष किंवा त्याहून अधिक काळ पैसो दिलो जाता...
  [Pred]: भांडवली बाजारात एक वर्षि किंव ठ्ावून आनिका पैसा दिला जाता...

Step  41400/60000 | Phase: 4B (Dynamic MoE) | CTC Loss: 0.9534 | Aux Loss: 8.0368 | CER: 0.290 | Throughput: 200.0 aud-s/s | LR: 7.49e-06
  [Ref ]: गाजराच्या पिकाला मोटारने पाणी देणे योग्य आहे का ?...
  [Pred]: गाजराच्या पिकाला मोठ्रनी पाही देणी योग्य आहे का ?...

Step  41425/60000 | Phase: 4B (Dynamic MoE) | CTC Loss: 0.9936 | Aux Loss: 8.0292 | CER: 0.376 | Throughput: 142.6 aud-s/s | LR: 7.49e-06
  [Ref ]: ऊसात कोनकोनची किड येते ?...
  [Pred]: ऊसात कोणतया पी क येतेे ?...

Step  41450/60000 | Phase: 4B (Dynamic MoE) | CTC Loss: 0.9062 | Aux Loss: 8.0273 | CER: 0.128 | Throughput: 205.1 aud-s/s | LR: 7.49e-06
  [Ref ]: यू.पी.आय चो वापर कधीपण करू शकतव ?...
  [Pred]: यू.पी.आय चो वापर कधी पण करू अकतो ?...

Step  41475/60000 | Phase: 4B (Dynamic MoE) | CTC Loss: 0.8038 | Aux Loss: 8.0286 | CER: 0.187 | Throughput: 141.8 aud-s/s | LR: 7.48e-06
  [Ref ]: मातयेत शेण घातला तर मातयेची सुपीकता वाढते काय ?...
  [Pred]: मातीयच शेण घातलाल माहतीची सुपीकतत अढते का ?...

Step  41500/60000 | Phase: 4B (Dynamic MoE) | CTC Loss: 0.9097 | Aux Loss: 8.0116 | CER: 0.200 | Throughput: 225.1 aud-s/s | LR: 7.48e-06
  [Ref ]: अलीकडे विविध पीकांच्या काढणीसाठी खयाच्या यंत्राचो वापर करतत ?...
  [Pred]: मलीकडे विविध पिकांच्या काढण्यासाठी खयच्या यांत्राचो वापर करतत ?...

Step  41525/60000 | Phase: 4B (Dynamic MoE) | CTC Loss: 0.8860 | Aux Loss: 8.0112 | CER: 0.160 | Throughput:  80.5 aud-s/s | LR: 7.48e-06
  [Ref ]: विमा धन काय असता ?...
  [Pred]: विमा धन काय असता ?...

Step  41550/60000 | Phase: 4B (Dynamic MoE) | CTC Loss: 0.9027 | Aux Loss: 8.0127 | CER: 0.243 | Throughput: 131.9 aud-s/s | LR: 7.47e-06
  [Ref ]: किसान क्रेडिट कार्ड योजनेचो फायदो काय होता ?...
  [Pred]: किसा क्रेिट कार्ड योजनेतचो फायदो काय सा ?...

Step  41575/60000 | Phase: 4B (Dynamic MoE) | CTC Loss: 0.9602 | Aux Loss: 8.0299 | CER: 0.230 | Throughput: 221.9 aud-s/s | LR: 7.47e-06
  [Ref ]: भारतातील कृषी आधारित सहकारी संस्थांमधून शेतकऱ्यांका भरपूर लाभ मिळता हा...
  [Pred]: भारताद र्प्रा आधदारित संस्करी संवस्थांमधू शी वकर्यांका भरपूर लाभ मिळता...

Step  41600/60000 | Phase: 4B (Dynamic MoE) | CTC Loss: 1.0295 | Aux Loss: 8.0229 | CER: 0.215 | Throughput: 199.8 aud-s/s | LR: 7.47e-06
  [Ref ]: मोहन यांनी सांगितले की कापणी आणि मानवी वापर यांच्या दरम्यान कापणीनंतरच...
  [Pred]: मोहन आनि साहिदेकी कॉणी आणि मानी वापयांच्या कर्यां कापण्यालम किती नुकसन...

Step  41625/60000 | Phase: 4B (Dynamic MoE) | CTC Loss: 0.9832 | Aux Loss: 8.0178 | CER: 0.474 | Throughput: 129.4 aud-s/s | LR: 7.47e-06
  [Ref ]: विमा म्हटल्या काय ?...
  [Pred]: ना फ ा ...

Step  41650/60000 | Phase: 4B (Dynamic MoE) | CTC Loss: 0.8669 | Aux Loss: 8.0277 | CER: 0.293 | Throughput:  94.6 aud-s/s | LR: 7.46e-06
  [Ref ]: जैविक बागकामात झाडांच्या विकासात नैसर्गिक खतांचो वापर होता...
  [Pred]: गेली ह कामा झाणाच्या िकासात नेकाचा खता वापर होता...

Step  41675/60000 | Phase: 4B (Dynamic MoE) | CTC Loss: 0.9255 | Aux Loss: 8.0165 | CER: 0.143 | Throughput: 297.7 aud-s/s | LR: 7.46e-06
  [Ref ]: कर्ज देखील एक प्रकारचे पुढे ढकललेले देय आहे...
  [Pred]: कर्ज देएक प्रकारचे पुरे ढकललाले देय आहे...

Step  41700/60000 | Phase: 4B (Dynamic MoE) | CTC Loss: 0.9257 | Aux Loss: 8.0383 | CER: 0.355 | Throughput: 143.4 aud-s/s | LR: 7.46e-06
  [Ref ]: तुम्हाला माहित आहे का की यु.पी.आई आंतर बँक व्यवहार सुलभ करते ?...
  [Pred]: तुम्हाला मात आहे का हे यू.पी.आयय आंतरबाक आवर सोलक कडते ?...

Step  41725/60000 | Phase: 4B (Dynamic MoE) | CTC Loss: 0.9776 | Aux Loss: 8.0073 | CER: 0.260 | Throughput: 153.6 aud-s/s | LR: 7.45e-06
  [Ref ]: खात्यातले पैसे कसे काडूचे ?...
  [Pred]: खात्यातले पैसे कसे काढूचे ?...

Step  41750/60000 | Phase: 4B (Dynamic MoE) | CTC Loss: 0.9561 | Aux Loss: 8.0629 | CER: 0.354 | Throughput: 209.3 aud-s/s | LR: 7.45e-06
  [Ref ]: माका माझ्या शहराबाहेर रव्हनाऱ्या माझ्या भावाक पैसे पाठवुचे आसा...
  [Pred]: माझ्या शार्ा बारापरमाणा्यर माझ्या काचा खैते पार्वतले सा...

Step  41775/60000 | Phase: 4B (Dynamic MoE) | CTC Loss: 0.9512 | Aux Loss: 8.0190 | CER: 0.175 | Throughput: 220.4 aud-s/s | LR: 7.45e-06
  [Ref ]: शेतकऱ्यांना ट्रॅक्टर खरीदीसाठी काही विशेष योजना आहे का ?...
  [Pred]: शेतीराना ट्रॅक्टर करेजीसाठी काही विशेष योज्ध आहे का ?...

Step  41800/60000 | Phase: 4B (Dynamic MoE) | CTC Loss: 0.8304 | Aux Loss: 8.0674 | CER: 0.177 | Throughput: 268.2 aud-s/s | LR: 7.45e-06
  [Ref ]: कांदो काढुन ती चार दिवस वाळऊ शकतव काय ?...
  [Pred]: आंद काढून ती चार तीवस वाढवू शकतव काय ?...

Step  41825/60000 | Phase: 4B (Dynamic MoE) | CTC Loss: 0.9534 | Aux Loss: 8.0159 | CER: 0.243 | Throughput: 143.7 aud-s/s | LR: 7.44e-06
  [Ref ]: खताचे कितके प्रकार असतत ?...
  [Pred]: खात्ाच यक्य काय आसत ?...

Step  41850/60000 | Phase: 4B (Dynamic MoE) | CTC Loss: 0.9971 | Aux Loss: 8.0173 | CER: 0.137 | Throughput:  95.1 aud-s/s | LR: 7.44e-06
  [Ref ]: पैसे पाठवासाठी आर.टी.जी.एसचं सोप पडते का ?...
  [Pred]: पैशा पाठवासाठी आय.टी.ी.एस चा सोप पड के आये...

Step  41875/60000 | Phase: 4B (Dynamic MoE) | CTC Loss: 1.0175 | Aux Loss: 8.0253 | CER: 0.362 | Throughput: 208.5 aud-s/s | LR: 7.44e-06
  [Ref ]: जेलीने सगळ्या प्रकारचा भुसा शेतामधून ट्रॉली मध्ये टाकला जातो...
  [Pred]: तीही सगळ्या प्रकार साय शेतामोधून वाळीमध्ये टाकला जातो...

Step  41900/60000 | Phase: 4B (Dynamic MoE) | CTC Loss: 0.9387 | Aux Loss: 8.0407 | CER: 0.267 | Throughput: 218.5 aud-s/s | LR: 7.43e-06
  [Ref ]: यंत्राद्वारे कोणकोणत्या पिकांची कापणी , तोडणी , मळणी करु शकतो , असे यं...
  [Pred]: यंत्रा द्वारे कोणत्याच्या पिकांचे आापणी तोडनी मटे करू शकतो असे यंत्र क...

Step  41925/60000 | Phase: 4B (Dynamic MoE) | CTC Loss: 0.8019 | Aux Loss: 8.0408 | CER: 0.247 | Throughput: 583.0 aud-s/s | LR: 7.43e-06
  [Ref ]: क्रेडिट कार्डाची लिमिट कितीक रुपयाची रायते ?...
  [Pred]: क्रेिटका्डची ी म कसत र ग्ची आहे ?...

Step  41950/60000 | Phase: 4B (Dynamic MoE) | CTC Loss: 0.8888 | Aux Loss: 8.0417 | CER: 0.126 | Throughput: 183.3 aud-s/s | LR: 7.43e-06
  [Ref ]: कर्ज कवापर्यंत वापिस करन जरुरी रायते ?...
  [Pred]: कर्ज कवाप्यंत वापी सन जरली जायते...

Step  41975/60000 | Phase: 4B (Dynamic MoE) | CTC Loss: 0.9297 | Aux Loss: 8.0368 | CER: 0.351 | Throughput:  98.6 aud-s/s | LR: 7.43e-06
  [Ref ]: मरसराईजडं कापूसनं कापड टिकाले भक्कम शे...
  [Pred]: बार ्रइसड कॉपूसन कतपकाली बककम ?...

Step  42000/60000 | Phase: 4B (Dynamic MoE) | CTC Loss: 0.9376 | Aux Loss: 8.0390 | CER: 0.254 | Throughput: 230.3 aud-s/s | LR: 7.42e-06
  [Ref ]: मले किती रूपयापर्यंतचं कृषी कर्ज भेटन , त्यासाठी मले ऑनलाईन फारम भरा ल...
  [Pred]: मले निवयापरे चुकरशी कर जनाोन त्यासाठी मले ऑनलाईन फारम भरा लागन का ?...

  🌟 New Best Model! cer = 0.2538 (Saved to best_model.pt)
  [Checkpoint] Step 42000 saved to runs\no-splitformer-moe-only\checkpoints\stage2_moe
Step  42025/60000 | Phase: 4B (Dynamic MoE) | CTC Loss: 0.8632 | Aux Loss: 8.0164 | CER: 0.154 | Throughput: 222.7 aud-s/s | LR: 7.42e-06
  [Ref ]: चांगली पीक खयला हा ?...
  [Pred]: चांगले पीक खय हा ?...

Step  42050/60000 | Phase: 4B (Dynamic MoE) | CTC Loss: 0.9445 | Aux Loss: 8.0100 | CER: 0.373 | Throughput: 157.4 aud-s/s | LR: 7.42e-06
  [Ref ]: शिक्षणाचा कर्ज कसा घेऊचा हा ?...
  [Pred]: शिक्षणाठे कर्ज कसा जेडचाा ?...

Step  42075/60000 | Phase: 4B (Dynamic MoE) | CTC Loss: 0.8227 | Aux Loss: 8.0254 | CER: 0.160 | Throughput: 197.9 aud-s/s | LR: 7.41e-06
  [Ref ]: नागिन किड टमाट्यावर आली नाही पाहिजे त्याले काय करा लागन ?...
  [Pred]: नागू कू माटर आली नेपाजी त्याले काय करा लागन ?...

Step  42100/60000 | Phase: 4B (Dynamic MoE) | CTC Loss: 0.8893 | Aux Loss: 8.0140 | CER: 0.232 | Throughput: 101.2 aud-s/s | LR: 7.41e-06
  [Ref ]: चिंच व आंबा हि फळे तोडण्यासाठी बाजारात कोणते यंत्र उपलब्ध आहे ?...
  [Pred]: चिंचव बाही फाये तोडण्यासाठी बाजारात कोणते यंत्र उपलब्ध आहे ?...

Step  42125/60000 | Phase: 4B (Dynamic MoE) | CTC Loss: 0.9983 | Aux Loss: 8.0217 | CER: 0.183 | Throughput: 671.5 aud-s/s | LR: 7.41e-06
  [Ref ]: कृषीमित्राच कर्ज स्वरूप काय असा ?...
  [Pred]: सजनित्राचो कर्ज सोरु काय असा ?...

Step  42150/60000 | Phase: 4B (Dynamic MoE) | CTC Loss: 0.9416 | Aux Loss: 8.0180 | CER: 0.275 | Throughput: 275.5 aud-s/s | LR: 7.41e-06
  [Ref ]: हायब्रिड प्रकार म्हणजे काय ?...
  [Pred]: करेड प्रकार म्हणजे काय ?...

Step  42175/60000 | Phase: 4B (Dynamic MoE) | CTC Loss: 1.1146 | Aux Loss: 8.0480 | CER: 0.490 | Throughput: 151.0 aud-s/s | LR: 7.40e-06
  [Ref ]: मूग आणि चवळी या पिकांमध्ये खैयच्या कीटकांचो प्रभाव जास्त असता ?...
  [Pred]: मुपीयचामुळ या पिकामध्यी कहच्या कीटकांचो प्रव्या जास्तता ?...

Step  42200/60000 | Phase: 4B (Dynamic MoE) | CTC Loss: 0.9579 | Aux Loss: 8.0076 | CER: 0.288 | Throughput:  82.5 aud-s/s | LR: 7.40e-06
  [Ref ]: इक्विटी धारक त्याच्यो मालकीचो हिस्सो किंवा जारीकर्त्याचो अंशात्मक भाग ...
  [Pred]: इक्मेटी दारो त्याच्ो माल्तीचो हशोकिंवा गारी करताचो औंषात महबाग असा...

Step  42225/60000 | Phase: 4B (Dynamic MoE) | CTC Loss: 0.8651 | Aux Loss: 8.0300 | CER: 0.169 | Throughput: 636.0 aud-s/s | LR: 7.40e-06
  [Ref ]: काजुची कलमा केव्हा लावची ?...
  [Pred]: ककाजीची कल्म वलावती ?...

Step  42250/60000 | Phase: 4B (Dynamic MoE) | CTC Loss: 0.8944 | Aux Loss: 8.0259 | CER: 0.208 | Throughput: 596.0 aud-s/s | LR: 7.39e-06
  [Ref ]: के.वाय.सी करताना काय कागदपत्रा लागतत ?...
  [Pred]: के.वाय.सी कर्याना काय कागदपत्रा लागत ?...

Step  42275/60000 | Phase: 4B (Dynamic MoE) | CTC Loss: 0.8428 | Aux Loss: 8.0138 | CER: 0.159 | Throughput: 275.2 aud-s/s | LR: 7.39e-06
  [Ref ]: डेबिट कार्डचा पिन बदलासाठी फारम कसा भरा लागन ?...
  [Pred]: डेबिट कार्डचा पिन बरलासाठी फारम कसा भरावा ?...

Step  42300/60000 | Phase: 4B (Dynamic MoE) | CTC Loss: 0.8781 | Aux Loss: 8.0315 | CER: 0.149 | Throughput: 104.3 aud-s/s | LR: 7.39e-06
  [Ref ]: मला सामाजिक योजनेतून शिष्यवृत्ती मिळू शकेल का ?...
  [Pred]: मला समाजिक योजनातून शि्ष वृती मिळू शकेल का ?...

Step  42325/60000 | Phase: 4B (Dynamic MoE) | CTC Loss: 0.9299 | Aux Loss: 8.0138 | CER: 0.394 | Throughput: 584.8 aud-s/s | LR: 7.38e-06
  [Ref ]: द्राक्षावर कोणता रोग पडतो ?...
  [Pred]: द्रेक्षाअवर बाजप पडत...

Step  42350/60000 | Phase: 4B (Dynamic MoE) | CTC Loss: 0.8788 | Aux Loss: 8.0397 | CER: 0.254 | Throughput: 575.3 aud-s/s | LR: 7.38e-06
  [Ref ]: केळीवर थंड वातावरणाचा परिणाम होतो का ?...
  [Pred]: वेळवर कर्न वाठावरणाचा परिणाम होतो का ?...

Step  42375/60000 | Phase: 4B (Dynamic MoE) | CTC Loss: 0.8862 | Aux Loss: 8.0323 | CER: 0.170 | Throughput: 196.1 aud-s/s | LR: 7.38e-06
  [Ref ]: वॉर बॉण्ड्स कधीकधी व्हिक्टरी बॉण्ड्स म्हणून संबोधला जाता...
  [Pred]: ्ॉर बॉकस कधीकची युक्टीी बां्स म्हणून संबवटल्या जाता...

Step  42400/60000 | Phase: 4B (Dynamic MoE) | CTC Loss: 0.8846 | Aux Loss: 8.0068 | CER: 0.263 | Throughput:  82.8 aud-s/s | LR: 7.38e-06
  [Ref ]: राजू शेतकऱ्यांना स्वस्त दरामध्ये कर्ज उपलब्ध करून देण्याचं काम करतो...
  [Pred]: राजू शेतक्यांना पका दारामध्ये कर्ज उपलब्ध करून देण्याचा काम करतो...

Step  42425/60000 | Phase: 4B (Dynamic MoE) | CTC Loss: 0.8482 | Aux Loss: 8.0154 | CER: 0.150 | Throughput: 576.3 aud-s/s | LR: 7.37e-06
  [Ref ]: गाडयेक कर्ज मेलतला काय ?...
  [Pred]: गाडीेक कर्ज मेलतला काय ?...

Step  42450/60000 | Phase: 4B (Dynamic MoE) | CTC Loss: 0.8790 | Aux Loss: 8.0287 | CER: 0.347 | Throughput: 322.8 aud-s/s | LR: 7.37e-06
  [Ref ]: भुईमुगाचा पीक खयच्या मातीत घेतत ?...
  [Pred]: भुईमुगाचा पीक खयच्य काप घतत ?...

Step  42475/60000 | Phase: 4B (Dynamic MoE) | CTC Loss: 0.8468 | Aux Loss: 8.0413 | CER: 0.306 | Throughput: 306.7 aud-s/s | LR: 7.37e-06
  [Ref ]: एकात्मिक कीटक व्यवस्थापन कशाक महत्वाचे आसत ?...
  [Pred]: केकॅक मिक कीटक व्यवस्थापन कशेात हत्त्वाचीर आसत ?...

Step  42500/60000 | Phase: 4B (Dynamic MoE) | CTC Loss: 1.0022 | Aux Loss: 8.0555 | CER: 0.290 | Throughput:  89.8 aud-s/s | LR: 7.36e-06
  [Ref ]: काटकसरीचे दुकान वसूल झाल्यावर अंदाज उपयोगी ठरू शकतो...
  [Pred]: काप पसरीची दुतकान मेशीन झाल्यावर अंदा उपयगी ठरू शकतो...

Step  42525/60000 | Phase: 4B (Dynamic MoE) | CTC Loss: 0.9603 | Aux Loss: 8.0318 | CER: 0.319 | Throughput: 356.0 aud-s/s | LR: 7.36e-06
  [Ref ]: सहकारी बँकेचे सभासद होणे अत्यंत सोपे मानले जाते...
  [Pred]: ...

Step  42550/60000 | Phase: 4B (Dynamic MoE) | CTC Loss: 0.9519 | Aux Loss: 8.0657 | CER: 0.403 | Throughput: 567.8 aud-s/s | LR: 7.36e-06
  [Ref ]: सुरेंद्रने क्रेडिटचा सल्ला घेऊन आपले कर्ज फेडले...
  [Pred]: प्ाला क्रेडिट चाव लागवन आपल्ा पर्व फाडला...

Step  42575/60000 | Phase: 4B (Dynamic MoE) | CTC Loss: 0.8937 | Aux Loss: 8.0144 | CER: 0.167 | Throughput:  41.3 aud-s/s | LR: 7.36e-06
  [Ref ]: लॅटराइट मातीत कोणते पीक घेतले जाते ?...
  [Pred]: नॅक्राइ खातीत कोणते पीक घेतले जाते ?...

Step  42600/60000 | Phase: 4B (Dynamic MoE) | CTC Loss: 0.9143 | Aux Loss: 8.0054 | CER: 0.187 | Throughput: 102.9 aud-s/s | LR: 7.35e-06
  [Ref ]: हवामान पुर्वानुमानात दुसरी पद्धत उपग्रह तंत्रज्ञानाची हा...
  [Pred]: हवामान परवन म्हनात दिसरी पद्दतल उत्पग्रातंतजनिना केका...

Step  42625/60000 | Phase: 4B (Dynamic MoE) | CTC Loss: 1.0555 | Aux Loss: 8.0793 | CER: 0.504 | Throughput: 577.8 aud-s/s | LR: 7.35e-06
  [Ref ]: म्या...
  [Pred]: ा...

Step  42650/60000 | Phase: 4B (Dynamic MoE) | CTC Loss: 0.9571 | Aux Loss: 8.0619 | CER: 0.290 | Throughput: 614.7 aud-s/s | LR: 7.35e-06
  [Ref ]: अकाउंटिंग च्या इतिहासात सगळ्यात महत्त्वाचे चार घटना हूते...
  [Pred]: मतायया इतिहसात सगळ्यात महत्वतीच चार घटना होते...

Step  42675/60000 | Phase: 4B (Dynamic MoE) | CTC Loss: 0.8990 | Aux Loss: 8.0117 | CER: 0.260 | Throughput: 339.8 aud-s/s | LR: 7.34e-06
  [Ref ]: ऊसासाठी ठिबक सिंचन कि तुषार सिंचन पद्धत योग्य आहे ?...
  [Pred]: ऊसाठारी ठिबक सिंचन तुषार सिंचन पद्धत योग्य आहे ?...

Step  42700/60000 | Phase: 4B (Dynamic MoE) | CTC Loss: 0.9410 | Aux Loss: 8.0166 | CER: 0.272 | Throughput:  74.8 aud-s/s | LR: 7.34e-06
  [Ref ]: धान्याची पिका सुकल्यावर ती कापून गाड्यात भरली जातात...
  [Pred]: भाराची पिकार शिकल्यासाती कापून वाढान परली जाा ?...

Step  42725/60000 | Phase: 4B (Dynamic MoE) | CTC Loss: 0.9311 | Aux Loss: 8.0335 | CER: 0.395 | Throughput: 639.2 aud-s/s | LR: 7.34e-06
  [Ref ]: गांजा हे वार्षिक पीक आहे...
  [Pred]: ग वेवास शिक्ती काय ?...

Step  42750/60000 | Phase: 4B (Dynamic MoE) | CTC Loss: 0.9491 | Aux Loss: 8.0238 | CER: 0.475 | Throughput: 370.9 aud-s/s | LR: 7.33e-06
  [Ref ]: नॉन बँकिंगनं किती रुपयापर्यंत कर्ज काढता येते ?...
  [Pred]: नास बँकिंगवरन किती रिककेकठ कर्ज केता येते ?...

Step  42775/60000 | Phase: 4B (Dynamic MoE) | CTC Loss: 0.9055 | Aux Loss: 8.0528 | CER: 0.123 | Throughput: 206.0 aud-s/s | LR: 7.33e-06
  [Ref ]: पावसाचा सर्वाधिक जास्त फटका कुठल्या भागात होतो ?...
  [Pred]: पावसाचा सर्वाधिक जास्त फटका कोणतल्या भागात होतो ?...

Step  42800/60000 | Phase: 4B (Dynamic MoE) | CTC Loss: 0.9518 | Aux Loss: 8.1604 | CER: 0.299 | Throughput:  37.1 aud-s/s | LR: 7.33e-06
  [Ref ]: गहू आणि तांदळाच्या पेंढ्यापासून लवचिक फायबर बनवले जाते...
  [Pred]: गहू आणि तांदळाच्या पेंढ्यांपासून ्वचिक पाबर बनवले जाते...

Step  42825/60000 | Phase: 4B (Dynamic MoE) | CTC Loss: 0.9324 | Aux Loss: 8.0056 | CER: 0.246 | Throughput: 546.9 aud-s/s | LR: 7.33e-06
  [Ref ]: सोयाबीनचे संकरित जाती खयले ?...
  [Pred]: तळाबींची सांधारी खाती खयते ?...

Step  42850/60000 | Phase: 4B (Dynamic MoE) | CTC Loss: 0.9572 | Aux Loss: 8.0395 | CER: 0.228 | Throughput: 713.8 aud-s/s | LR: 7.32e-06
  [Ref ]: आपले मियेल चेक जर वटना नै ते काय करानं ?...
  [Pred]: आपल्या पबेत शेतजर वटना नैह ते काय कराना ?...

Step  42875/60000 | Phase: 4B (Dynamic MoE) | CTC Loss: 1.0345 | Aux Loss: 8.0720 | CER: 0.224 | Throughput: 195.8 aud-s/s | LR: 7.32e-06
  [Ref ]: माझे वडील हिवाळ्यात दररोज भरपूर शेंगदाने घेऊन येतत...
  [Pred]: माझेवडे हिवाळ्या दररोज घरपूरसताय घेऊन येत ?...

Step  42900/60000 | Phase: 4B (Dynamic MoE) | CTC Loss: 0.8548 | Aux Loss: 8.0256 | CER: 0.179 | Throughput: 110.4 aud-s/s | LR: 7.32e-06
  [Ref ]: भारतातून काळा पैसा बाहेर काढण्यासाठी सरकारने नोटाबंदी कर लावला...
  [Pred]: भारतातून का ा पैसा भायर काढण्यासाठी सरका ने मोटामंदी कर लावला...

Step  42925/60000 | Phase: 4B (Dynamic MoE) | CTC Loss: 0.9337 | Aux Loss: 8.0305 | CER: 0.282 | Throughput: 561.1 aud-s/s | LR: 7.31e-06
  [Ref ]: शेती कर्ज योजना काय असा ?...
  [Pred]: शेकारणा्यी योजना काय आसा ?...

Step  42950/60000 | Phase: 4B (Dynamic MoE) | CTC Loss: 0.9409 | Aux Loss: 8.0067 | CER: 0.375 | Throughput: 746.4 aud-s/s | LR: 7.31e-06
  [Ref ]: क्रेडिट कार्डची पिन कोड कसो बदलुचा ?...
  [Pred]: क्रेडबिट कार्डची पिनकोड कसो बदलोवचा ?...

Step  42975/60000 | Phase: 4B (Dynamic MoE) | CTC Loss: 0.8575 | Aux Loss: 8.0040 | CER: 0.197 | Throughput:  82.5 aud-s/s | LR: 7.31e-06
  [Ref ]: कृषी कर्जासाठी मी पात्र आहे अथवा नाही , हे मला कसे समजेल ?...
  [Pred]: सकृषी कर्जयासाठी ही पात्र आहे अत वा नाही यये ्ाला कसे समजेल ?...

Step  43000/60000 | Phase: 4B (Dynamic MoE) | CTC Loss: 1.0327 | Aux Loss: 8.0437 | CER: 0.253 | Throughput:  45.5 aud-s/s | LR: 7.31e-06
  [Ref ]: निर्णय घेतलेले देय कर्जाच्या प्रवेशावर आणि कायद्याच्या नियमांवर आधारित...
  [Pred]: निरना घेतलेले देहया कर्जाच्या प्रवेशावर आणि कायद्याचया नियवानवरआधरले आ...

  🌟 New Best Model! cer = 0.2528 (Saved to best_model.pt)
  [Checkpoint] Step 43000 saved to runs\no-splitformer-moe-only\checkpoints\stage2_moe
Step  43025/60000 | Phase: 4B (Dynamic MoE) | CTC Loss: 0.8732 | Aux Loss: 8.0408 | CER: 0.237 | Throughput: 143.4 aud-s/s | LR: 7.30e-06
  [Ref ]: ऑनलाइन ठेव कशी उघडायची ?...
  [Pred]: ऑनलाइन फरेम कसे उघडायचे ?...

Step  43050/60000 | Phase: 4B (Dynamic MoE) | CTC Loss: 0.9359 | Aux Loss: 8.0271 | CER: 0.235 | Throughput: 125.9 aud-s/s | LR: 7.30e-06
  [Ref ]: यू.पी.आय पिन कशासाठी वापरला जातो ?...
  [Pred]: यू.पी.आय पिव कशासाठी वापरला जातो ?...

Step  43075/60000 | Phase: 4B (Dynamic MoE) | CTC Loss: 0.8487 | Aux Loss: 8.0301 | CER: 0.140 | Throughput: 203.1 aud-s/s | LR: 7.30e-06
  [Ref ]: अनाज दळण्यासाठी ग्राइंडर मशीनचा वापर केला जातो...
  [Pred]: अनाज दण्यासाठी लेंडर मशूनचा वापर केला जातो...

Step  43100/60000 | Phase: 4B (Dynamic MoE) | CTC Loss: 0.9001 | Aux Loss: 8.0707 | CER: 0.207 | Throughput:  90.9 aud-s/s | LR: 7.29e-06
  [Ref ]: अमितने आज भारतीय अर्थव्यवस्थेवर जबरदस्त भाषण केले...
  [Pred]: अमितनी आजभारतीय अर्थव्यवस्थीवर जबागत्सवाशन केली...

Step  43125/60000 | Phase: 4B (Dynamic MoE) | CTC Loss: 0.9079 | Aux Loss: 8.0191 | CER: 0.173 | Throughput: 127.0 aud-s/s | LR: 7.29e-06
  [Ref ]: खात्यातले पैसे कशे काडूचा ?...
  [Pred]: खा्याते पैसे कसा काढूचा ?...

Step  43150/60000 | Phase: 4B (Dynamic MoE) | CTC Loss: 0.9664 | Aux Loss: 8.0116 | CER: 0.231 | Throughput:  93.1 aud-s/s | LR: 7.29e-06
  [Ref ]: मी माझी सर्व कामे धनादेशानेच करतो...
  [Pred]: मी माही सर्व पामी सना देशानेच करत...

Step  43175/60000 | Phase: 4B (Dynamic MoE) | CTC Loss: 0.8671 | Aux Loss: 8.0504 | CER: 0.215 | Throughput: 165.8 aud-s/s | LR: 7.28e-06
  [Ref ]: कितकोसो वेळ लागत निधी हस्तांतरण हौक ?...
  [Pred]: कीतकोस य लावत निधी हस्तांतरण का ?...

Step  43200/60000 | Phase: 4B (Dynamic MoE) | CTC Loss: 0.9684 | Aux Loss: 8.1053 | CER: 0.130 | Throughput: 204.7 aud-s/s | LR: 7.28e-06
  [Ref ]: पाककृतींमध्ये वापरले जाते किंवा काजू पनीर मध्ये प्रक्रिया केली जाते...
  [Pred]: पाक कृतीमध्ये वापरले जाते किंवहा काचो पं्नीरमध्ये प्रक्रिया केली जाती...

Step  43225/60000 | Phase: 4B (Dynamic MoE) | CTC Loss: 0.9467 | Aux Loss: 8.0210 | CER: 0.152 | Throughput: 625.2 aud-s/s | LR: 7.28e-06
  [Ref ]: रिचार्ज कसा करूचा ?...
  [Pred]: रेरेचार्ज कसा करुचा ?...

Step  43250/60000 | Phase: 4B (Dynamic MoE) | CTC Loss: 0.9144 | Aux Loss: 8.0128 | CER: 0.352 | Throughput:  31.6 aud-s/s | LR: 7.28e-06
  [Ref ]: आजोबांचा आरोग्य विमा काढता येईल का ?...
  [Pred]: आबर रांचा आव्य ऑनदार लळेईन का ?...

Step  43275/60000 | Phase: 4B (Dynamic MoE) | CTC Loss: 0.9712 | Aux Loss: 8.0693 | CER: 0.355 | Throughput: 154.5 aud-s/s | LR: 7.27e-06
  [Ref ]: फारम भरताना मायी सयी अस फोटो लागन का ?...
  [Pred]: फारं भरतानं रिसही अस कोटो लागन का ?...

Step  43300/60000 | Phase: 4B (Dynamic MoE) | CTC Loss: 0.8424 | Aux Loss: 8.0351 | CER: 0.186 | Throughput: 222.1 aud-s/s | LR: 7.27e-06
  [Ref ]: शेतकर्याइपर्यंत ऑनलाईन शेतीचं मार्गदर्शन कस पोहोचन ?...
  [Pred]: शेत कर्यायखरेद ऑनलाईन शेतीचं मार्ग दर्षन कस खोऊचन ?...

Step  43325/60000 | Phase: 4B (Dynamic MoE) | CTC Loss: 0.8410 | Aux Loss: 8.0164 | CER: 0.102 | Throughput: 145.4 aud-s/s | LR: 7.27e-06
  [Ref ]: ठेव बंद कशी करतलव ?...
  [Pred]: ठेव बंद कशी कारतलो ?...

Step  43350/60000 | Phase: 4B (Dynamic MoE) | CTC Loss: 0.8822 | Aux Loss: 8.0170 | CER: 0.284 | Throughput: 129.0 aud-s/s | LR: 7.26e-06
  [Ref ]: धुवारापाई पिकावर का परीनाम होते ?...
  [Pred]: दूवारापाचे कावत का परकाणाम होते ?...

Step  43375/60000 | Phase: 4B (Dynamic MoE) | CTC Loss: 0.9337 | Aux Loss: 8.0184 | CER: 0.312 | Throughput: 181.2 aud-s/s | LR: 7.26e-06
  [Ref ]: एका एकराच्या टमाटरात किती खत वापराले पायजे ?...
  [Pred]: एका एक्रांच्या टहातजवी काती खात खर पायजे ?...

Step  43400/60000 | Phase: 4B (Dynamic MoE) | CTC Loss: 0.8471 | Aux Loss: 8.0709 | CER: 0.170 | Throughput: 247.5 aud-s/s | LR: 7.26e-06
  [Ref ]: यंत्राद्वारे कोणकोणत्या पिकांची कापणी , तोडणी , मळणी करु शकतो , असे यं...
  [Pred]: यंद्राद्वारे कोणकोणत्या पिकांची कापणी केणी मळणी करू शकतो असे यंत्र कोण...

Step  43425/60000 | Phase: 4B (Dynamic MoE) | CTC Loss: 0.9258 | Aux Loss: 8.0288 | CER: 0.310 | Throughput: 120.7 aud-s/s | LR: 7.26e-06
  [Ref ]: कर्ज कितके दिवसात फेडूचा लागता ?...
  [Pred]: कर्ज किती कारद कर्चा लागता ?...

Step  43450/60000 | Phase: 4B (Dynamic MoE) | CTC Loss: 0.8692 | Aux Loss: 8.0167 | CER: 0.201 | Throughput: 133.6 aud-s/s | LR: 7.25e-06
  [Ref ]: कर्ज करारावर दोन्ही पक्ष परस्पर संमतीन स्वाक्षरी करतत...
  [Pred]: कर्ज करारावा दय पक्षप्रस्पर समच सकचली करतात...

Step  43475/60000 | Phase: 4B (Dynamic MoE) | CTC Loss: 0.8887 | Aux Loss: 8.0284 | CER: 0.206 | Throughput: 278.1 aud-s/s | LR: 7.25e-06
  [Ref ]: कर्जसाठी ऑनलाईन फारम भरला तर चालन का ?...
  [Pred]: कर्जसाठी ऑनलाईन फारम भरलाच र चालन का ?...

Step  43500/60000 | Phase: 4B (Dynamic MoE) | CTC Loss: 0.9938 | Aux Loss: 8.0128 | CER: 0.497 | Throughput: 214.8 aud-s/s | LR: 7.25e-06
  [Ref ]: सामाजिक सुरक्षा योगदान कर भविष्याचे सामाजिक फायदे मिळवून घेण्यासाठी जम...
  [Pred]: समाजिक तलशबाकर पविशचे सामाजिक फायदा म्हणून घेण्यासाठी जमा करावा लागते...

Step  43525/60000 | Phase: 4B (Dynamic MoE) | CTC Loss: 1.0086 | Aux Loss: 8.0179 | CER: 0.321 | Throughput: 138.7 aud-s/s | LR: 7.24e-06
  [Ref ]: हवामान म्हणजे काय असता ?...
  [Pred]: हवावान म्हणजे काय असता ?...

Step  43550/60000 | Phase: 4B (Dynamic MoE) | CTC Loss: 1.0053 | Aux Loss: 8.0192 | CER: 0.258 | Throughput: 129.8 aud-s/s | LR: 7.24e-06
  [Ref ]: डेबिट आणि क्रेडिट एकाच बँक फंड खात्यात केले जाते...
  [Pred]: डेबिट आणि क्रेडि काड च फोन खात्यात केले जाते...

Step  43575/60000 | Phase: 4B (Dynamic MoE) | CTC Loss: 0.9308 | Aux Loss: 8.0185 | CER: 0.196 | Throughput: 193.6 aud-s/s | LR: 7.24e-06
  [Ref ]: नुकसान भरपाई विमा योजनेची माहिती मिळू शकते का ?...
  [Pred]: नकसान भरपाईी विमा योजनेची माहिती मिळू शकते का ?...

Step  43600/60000 | Phase: 4B (Dynamic MoE) | CTC Loss: 0.8940 | Aux Loss: 8.0514 | CER: 0.200 | Throughput: 273.8 aud-s/s | LR: 7.23e-06
  [Ref ]: दरवर्षी दिल्या जाणाऱ्या अर्थसंकल्पाला भारताचे अर्थ मंत्रालय तयार करते...
  [Pred]: दरवर्षी दिलया जाणारया अर्थ संकल्पाला भारताचे अर्थमंत्राले तयार करते...

Step  43625/60000 | Phase: 4B (Dynamic MoE) | CTC Loss: 0.8411 | Aux Loss: 8.0132 | CER: 0.316 | Throughput:  27.9 aud-s/s | LR: 7.23e-06
  [Ref ]: योजना काय आसत ?...
  [Pred]: म्न का?...

Step  43650/60000 | Phase: 4B (Dynamic MoE) | CTC Loss: 0.8423 | Aux Loss: 8.0425 | CER: 0.278 | Throughput: 119.2 aud-s/s | LR: 7.23e-06
  [Ref ]: सगळं शेन खत वापरुन शेती करता येईन का ?...
  [Pred]: सगळा शेणखत वपी शाती करता येईन का ?...

Step  43675/60000 | Phase: 4B (Dynamic MoE) | CTC Loss: 0.8804 | Aux Loss: 8.0231 | CER: 0.187 | Throughput: 171.1 aud-s/s | LR: 7.23e-06
  [Ref ]: शेतात कीटकनाशक फवारण्यासाठी शेतकरी फवारणी यंत्राचा वापर करतात...
  [Pred]: शेतात कीटकनाशक ववारण्यासाठी एिकल फवारणी यंत्राचा वापर करता?...

Step  43700/60000 | Phase: 4B (Dynamic MoE) | CTC Loss: 0.8222 | Aux Loss: 8.0601 | CER: 0.215 | Throughput: 235.6 aud-s/s | LR: 7.22e-06
  [Ref ]: सिंचन जलस्रोत म्हणजे भूजल , पृष्ठ भागावरील पाणी , निचरा तलाव , पाऊस आण...
  [Pred]: सिंचन जलस्त्रत म्हणे गुजल पृष्टमागावरील पाणी निच्यातला भाऊूस आंगी नगरप...

Step  43725/60000 | Phase: 4B (Dynamic MoE) | CTC Loss: 0.9635 | Aux Loss: 8.0181 | CER: 0.229 | Throughput: 131.5 aud-s/s | LR: 7.22e-06
  [Ref ]: यंत्रा कशी वापरूची ?...
  [Pred]: यंत्रा कची अत ?...

Step  43750/60000 | Phase: 4B (Dynamic MoE) | CTC Loss: 0.9295 | Aux Loss: 8.0140 | CER: 0.164 | Throughput: 118.2 aud-s/s | LR: 7.22e-06
  [Ref ]: मुख्यमंत्री दुर्घटना योजना फुकट असा काय ?...
  [Pred]: मुख्यमंत्रे दुरघटहाय योजना फुकड आसा काय ?...

Step  43775/60000 | Phase: 4B (Dynamic MoE) | CTC Loss: 0.8790 | Aux Loss: 8.0117 | CER: 0.286 | Throughput: 131.1 aud-s/s | LR: 7.21e-06
  [Ref ]: सफेद हरभऱ्याचो वापर बटाटो छोलेच्या भाजीत पण केलो जाता...
  [Pred]: सोपी ठारवण्याचो वापराा साठवो थोलेच्या भाजीत पण केलो जाता...

Step  43800/60000 | Phase: 4B (Dynamic MoE) | CTC Loss: 0.8582 | Aux Loss: 8.0086 | CER: 0.175 | Throughput: 242.0 aud-s/s | LR: 7.21e-06
  [Ref ]: प्रीतमच्या कंपनीन नया वर्सात राखून ठेयलल्या कमायत वाढ केली आसा...
  [Pred]: प्ितमच्या कंपनी नया वर्साग्राखून लल्या कमाळयातद वाढ केली असा...

Step  43825/60000 | Phase: 4B (Dynamic MoE) | CTC Loss: 0.9585 | Aux Loss: 8.0384 | CER: 0.245 | Throughput: 129.6 aud-s/s | LR: 7.21e-06
  [Ref ]: मुदत ठेवीचो प्रकार काय असा ?...
  [Pred]: मुदतचेच प्रकार काय आसा ?...

Step  43850/60000 | Phase: 4B (Dynamic MoE) | CTC Loss: 0.8982 | Aux Loss: 8.0127 | CER: 0.180 | Throughput:  89.7 aud-s/s | LR: 7.20e-06
  [Ref ]: अल्कधर्मी जमिनीत भुईमूगासाठी कोणती काळजी घ्यावी ?...
  [Pred]: अल पकर मी जमिनीत भुर मुगासाठी कोणती काळजी घ्यावी ?...

Step  43875/60000 | Phase: 4B (Dynamic MoE) | CTC Loss: 0.8744 | Aux Loss: 8.0171 | CER: 0.141 | Throughput: 162.0 aud-s/s | LR: 7.20e-06
  [Ref ]: भारत सरकारने अनेक राष्ट्रीय विमा योजनाही चालवल्या आहेत...
  [Pred]: मभारत सरकारने अनेक रा्सायक विमा योजनाही चालवल्य आहेत का ?...

Step  43900/60000 | Phase: 4B (Dynamic MoE) | CTC Loss: 0.8703 | Aux Loss: 8.0099 | CER: 0.284 | Throughput: 112.4 aud-s/s | LR: 7.20e-06
  [Ref ]: एक मोठ्या मिल मध्ये स्पिनींग खच्चर मशीनका बघितलंय...
  [Pred]: एक मो्ठ्या बिलमध्येसपिनिं कच्च्ार वश्णमका बगीत ला ह...

Step  43925/60000 | Phase: 4B (Dynamic MoE) | CTC Loss: 0.9255 | Aux Loss: 8.0172 | CER: 0.412 | Throughput: 670.7 aud-s/s | LR: 7.20e-06
  [Ref ]: ठेवी कशी भरूची ?...
  [Pred]: कमा ् क्क ?...

Step  43950/60000 | Phase: 4B (Dynamic MoE) | CTC Loss: 0.9127 | Aux Loss: 8.0222 | CER: 0.191 | Throughput: 106.7 aud-s/s | LR: 7.19e-06
  [Ref ]: यू.पी.आय वर मिळालेले पेमेंट मी कसे तपासू ?...
  [Pred]: यू.पी.आय वर न्ालेले पामे नही कसे तपासू ?...

Step  43975/60000 | Phase: 4B (Dynamic MoE) | CTC Loss: 0.8789 | Aux Loss: 8.0112 | CER: 0.150 | Throughput: 205.3 aud-s/s | LR: 7.19e-06
  [Ref ]: पी.एम.ए.वाय शहरी यादी किंवा पी.एम.ए.वाय ग्रामीण यादी असू शकते...
  [Pred]: पी.एम के.वाय शवरी अदी किंवा पी.एम. एवाय ग्रामीण येदी स आते...

Step  44000/60000 | Phase: 4B (Dynamic MoE) | CTC Loss: 0.8501 | Aux Loss: 8.0328 | CER: 0.310 | Throughput:  62.3 aud-s/s | LR: 7.19e-06
  [Ref ]: कृत्रिम साखळीची संकल्पना पुनरुत्पादनाच्या नियंत्रण आणि व्यवस्थापनामध्य...
  [Pred]: करृतूम स्ठनी संकल्पना फुनडपयादनाच्या नियंत्र आणि व्या स्थापनामध्ये वाप...

  [Checkpoint] Step 44000 saved to runs\no-splitformer-moe-only\checkpoints\stage2_moe
Step  44025/60000 | Phase: 4B (Dynamic MoE) | CTC Loss: 0.8102 | Aux Loss: 8.0133 | CER: 0.142 | Throughput: 140.0 aud-s/s | LR: 7.18e-06
  [Ref ]: क्यू.आर कोडमध्ये गुप्त माहिती असते...
  [Pred]: क्यू.आर कोरनात फोक्ट माहती असते ?...

Step  44050/60000 | Phase: 4B (Dynamic MoE) | CTC Loss: 0.8857 | Aux Loss: 8.0175 | CER: 0.240 | Throughput: 138.1 aud-s/s | LR: 7.18e-06
  [Ref ]: माती मधला जंतु आपोआप जन्मले येतस...
  [Pred]: मातीमधला जनतू आप जलमये येतस...

Step  44075/60000 | Phase: 4B (Dynamic MoE) | CTC Loss: 0.7953 | Aux Loss: 8.0083 | CER: 0.089 | Throughput: 580.8 aud-s/s | LR: 7.18e-06
  [Ref ]: विपणनाची कार्या काय काय आसत ?...
  [Pred]: विपणाची कार्या काय काय आसत ?...

Step  44100/60000 | Phase: 4B (Dynamic MoE) | CTC Loss: 0.8989 | Aux Loss: 8.0275 | CER: 0.132 | Throughput: 325.1 aud-s/s | LR: 7.17e-06
  [Ref ]: ऊस , तंबाखू , मॅगी , कापूस कमी प्रमाणात आणि फळा पण तयार होतत...
  [Pred]: ऊस तंबाखूऊ नकी कापूस कमी प्रमाणात आणि फळाआपण तयार होतत...

Step  44125/60000 | Phase: 4B (Dynamic MoE) | CTC Loss: 0.9381 | Aux Loss: 8.0266 | CER: 0.268 | Throughput: 351.4 aud-s/s | LR: 7.17e-06
  [Ref ]: चाफा...
  [Pred]: चाफा...

Step  44150/60000 | Phase: 4B (Dynamic MoE) | CTC Loss: 0.9529 | Aux Loss: 8.0352 | CER: 0.327 | Throughput: 133.8 aud-s/s | LR: 7.17e-06
  [Ref ]: कॉफीन्या बिया सुखाडीसन भुकटी बनाडतस...
  [Pred]: मोटिने बियाय सुखाडेसान गुठे बनारतस...

Step  44175/60000 | Phase: 4B (Dynamic MoE) | CTC Loss: 0.8629 | Aux Loss: 8.0091 | CER: 0.328 | Throughput: 670.2 aud-s/s | LR: 7.17e-06
  [Ref ]: स्क्वॅश ही अशी भाजी हा जी संपूर्ण जगभर आढळता...
  [Pred]: सक्रॉयशीही अशि भारतले हाजी संपर  लक्कर आढळता...

Step  44200/60000 | Phase: 4B (Dynamic MoE) | CTC Loss: 0.9179 | Aux Loss: 8.0622 | CER: 0.159 | Throughput: 102.5 aud-s/s | LR: 7.16e-06
  [Ref ]: मनी मार्केट अल्प मुदतीच्या आर्थिक मालमत्ता खरेदीचे केंद्र मानले जाते...
  [Pred]: मनी मार्केट अल्प मुदतीच्या आ्थिक मालमत्ा खरेतीचे केंद मनले जाते...

Step  44225/60000 | Phase: 4B (Dynamic MoE) | CTC Loss: 0.8916 | Aux Loss: 8.0213 | CER: 0.147 | Throughput: 554.0 aud-s/s | LR: 7.16e-06
  [Ref ]: डेबिट कार्ड कसा वापरुचा ?...
  [Pred]: डेबिट कार्ड कसा वापरूचा ?...

Step  44250/60000 | Phase: 4B (Dynamic MoE) | CTC Loss: 0.9161 | Aux Loss: 8.0351 | CER: 0.266 | Throughput: 130.4 aud-s/s | LR: 7.16e-06
  [Ref ]: शेतकरी त्यांची पीके कोणत्या महिन्यात काढतात ?...
  [Pred]: शेतकरी त्रची पिके कोणततवा महिे हातत ?...

Step  44275/60000 | Phase: 4B (Dynamic MoE) | CTC Loss: 0.8745 | Aux Loss: 8.0283 | CER: 0.180 | Throughput: 541.0 aud-s/s | LR: 7.15e-06
  [Ref ]: कृषी बाजारावर विकायला काय काय असते ?...
  [Pred]: कृषी बाजारावर मी कायला काय काय असते ?...

Step  44300/60000 | Phase: 4B (Dynamic MoE) | CTC Loss: 0.9289 | Aux Loss: 8.0126 | CER: 0.272 | Throughput: 116.4 aud-s/s | LR: 7.15e-06
  [Ref ]: दुकानदार आता वैयक्तिक खात्याचा उपयोग हिशोब करण्यासाठी करत आहे...
  [Pred]: दुकामा ्यक्तिगत खाताचा उपयोग ही सोब करण्यासाठी करत आहे...

Step  44325/60000 | Phase: 4B (Dynamic MoE) | CTC Loss: 0.9370 | Aux Loss: 8.0349 | CER: 0.227 | Throughput: 280.9 aud-s/s | LR: 7.15e-06
  [Ref ]: डिजिटल वजन कसा करतत ?...
  [Pred]: निजीचा् बजन कसा करत ?...

Step  44350/60000 | Phase: 4B (Dynamic MoE) | CTC Loss: 0.9566 | Aux Loss: 8.0493 | CER: 0.233 | Throughput: 100.8 aud-s/s | LR: 7.14e-06
  [Ref ]: ठेवी खात्यात पैसे घालूक कोण पात्र आसा ?...
  [Pred]: ठेमी खात्यात पैसे घालुक कोण युत्र आसा ?...

Step  44375/60000 | Phase: 4B (Dynamic MoE) | CTC Loss: 0.9804 | Aux Loss: 8.0372 | CER: 0.379 | Throughput: 432.5 aud-s/s | LR: 7.14e-06
  [Ref ]: कोलोकेसियाची पाने व्हिटॅमिन एचा उत्कृष्ट स्रोत आहेत...
  [Pred]: रोफेटियाची पाणे विटरि यचीीकृ रोट्र आहे...

Step  44400/60000 | Phase: 4B (Dynamic MoE) | CTC Loss: 0.9684 | Aux Loss: 8.0299 | CER: 0.230 | Throughput: 183.5 aud-s/s | LR: 7.14e-06
  [Ref ]: गरम पाण्यात रेशीम किडा मरतो आणि रेशीम धागा वेगळा होतो...
  [Pred]: रपान्यत रेशेमकलाम पाण्लेशी बागाव्े रावतो...

Step  44425/60000 | Phase: 4B (Dynamic MoE) | CTC Loss: 0.9361 | Aux Loss: 8.0187 | CER: 0.313 | Throughput: 336.9 aud-s/s | LR: 7.14e-06
  [Ref ]: चाफा...
  [Pred]: चफा...

Step  44450/60000 | Phase: 4B (Dynamic MoE) | CTC Loss: 0.9447 | Aux Loss: 8.0197 | CER: 0.208 | Throughput: 169.2 aud-s/s | LR: 7.13e-06
  [Ref ]: कर्जाचा व्याज किती बसतला ?...
  [Pred]: कर्ज्ाचया व्याज किती बसुघलाग ?...

Step  44475/60000 | Phase: 4B (Dynamic MoE) | CTC Loss: 1.0185 | Aux Loss: 8.0337 | CER: 0.347 | Throughput: 695.0 aud-s/s | LR: 7.13e-06
  [Ref ]: यु.पी.आय सेटअप कसे करायचे आणि क्यू.आर कोड कसा बनवायचा ?...
  [Pred]: युपी.आय सेतपलसे करायचे आनि क्यू.आर कोड कसा बनवायचा ?...

Step  44500/60000 | Phase: 4B (Dynamic MoE) | CTC Loss: 0.8692 | Aux Loss: 8.0358 | CER: 0.185 | Throughput: 163.4 aud-s/s | LR: 7.13e-06
  [Ref ]: शेतकरी मुलांची मुले शेतात काम करणाऱ्या आई आणि वडिलांना मदत करतात...
  [Pred]: शेतकरी मुलांची मुरे शेतात काम करणारया आही आनि वडीलांनं मदत करत...

Step  44525/60000 | Phase: 4B (Dynamic MoE) | CTC Loss: 0.9365 | Aux Loss: 8.0362 | CER: 0.155 | Throughput: 465.0 aud-s/s | LR: 7.12e-06
  [Ref ]: मका कसा मोजावा ?...
  [Pred]: माका कसा मोज्ावा ?...

Step  44550/60000 | Phase: 4B (Dynamic MoE) | CTC Loss: 0.9592 | Aux Loss: 8.0163 | CER: 0.152 | Throughput: 161.5 aud-s/s | LR: 7.12e-06
  [Ref ]: ऑनलाइन अर्ज भरताना कागदपत्रे कशी जोडावीत ?...
  [Pred]: ऑनलाइन अर्ज करताना कागदपत्रे कशी जोडावीत ?...

Step  44575/60000 | Phase: 4B (Dynamic MoE) | CTC Loss: 0.9156 | Aux Loss: 8.0352 | CER: 0.430 | Throughput: 226.3 aud-s/s | LR: 7.12e-06
  [Ref ]: कर्ज भरण्याची तारीख निघून गेली आहे त्यावर किती दंड लागला आहे ?...
  [Pred]: कर्ज मात्याचे कारीक मोवन गेल्याचेवर तीव कान लांला आहे...

Step  44600/60000 | Phase: 4B (Dynamic MoE) | CTC Loss: 0.9486 | Aux Loss: 8.0010 | CER: 0.151 | Throughput: 148.5 aud-s/s | LR: 7.11e-06
  [Ref ]: समाज कल्याणचा स्कॉलरशिप फारम भरासाठी कुनाले भेटा लागन ?...
  [Pred]: समाज कलल्यांचा स्कॉलर्सी फारम भरासाठी कुनाले भेटा लागन ?...

Step  44625/60000 | Phase: 4B (Dynamic MoE) | CTC Loss: 0.8876 | Aux Loss: 8.0183 | CER: 0.305 | Throughput: 321.4 aud-s/s | LR: 7.11e-06
  [Ref ]: कर्ज ऑनलाइन फेडूक मेलता काय ?...
  [Pred]: कज ऑनलाइन फेवक फेयता काय ?...

Step  44650/60000 | Phase: 4B (Dynamic MoE) | CTC Loss: 0.8154 | Aux Loss: 8.0286 | CER: 0.190 | Throughput: 139.2 aud-s/s | LR: 7.11e-06
  [Ref ]: कर्ज परतफेडीचे धोरण काय आहे ?...
  [Pred]: कर्ज परतफेडीचे धोरण काय आहे ?...

Step  44675/60000 | Phase: 4B (Dynamic MoE) | CTC Loss: 0.8570 | Aux Loss: 8.0299 | CER: 0.202 | Throughput: 752.4 aud-s/s | LR: 7.11e-06
  [Ref ]: नांगरणीसाठी घोडे , बैल , खेचरे इत्यादी जोडले जातात...
  [Pred]: नांगरणीसाठी घोळे बैल खेचरे इिततादे जोडखले जातात...

Step  44700/60000 | Phase: 4B (Dynamic MoE) | CTC Loss: 0.8689 | Aux Loss: 8.0119 | CER: 0.165 | Throughput: 143.3 aud-s/s | LR: 7.10e-06
  [Ref ]: जास्त कापणीमुळे संसाधनांचे प्रमाण कमी होते...
  [Pred]: जास्त कापणीमुळे सहस्साखनाचे प्रमाण कस होजते...

Step  44725/60000 | Phase: 4B (Dynamic MoE) | CTC Loss: 0.8863 | Aux Loss: 8.0130 | CER: 0.260 | Throughput: 366.0 aud-s/s | LR: 7.10e-06
  [Ref ]: गुंतवणीचो फायदो काय असा ?...
  [Pred]: मुतवणूचाचो फार्दो काय आसा ?...

Step  44750/60000 | Phase: 4B (Dynamic MoE) | CTC Loss: 0.9259 | Aux Loss: 8.0187 | CER: 0.248 | Throughput: 117.8 aud-s/s | LR: 7.10e-06
  [Ref ]: कास्तकाराइले पूरक व्यवसाय कोनचा ?...
  [Pred]: कास्तकाराइना पुरू पेनसा कोनूचा ?...

Step  44775/60000 | Phase: 4B (Dynamic MoE) | CTC Loss: 0.8863 | Aux Loss: 8.0442 | CER: 0.219 | Throughput:  45.7 aud-s/s | LR: 7.09e-06
  [Ref ]: अंडे देणारी कोंबडी तिच्या चरम स्थितीत दिवसाक एक अंडा देता...
  [Pred]: अंड्या दिणारी पतीकीता तरमस्थिती दिवसत एकंद्ा येतात...

Step  44800/60000 | Phase: 4B (Dynamic MoE) | CTC Loss: 0.8483 | Aux Loss: 8.0224 | CER: 0.178 | Throughput: 127.9 aud-s/s | LR: 7.09e-06
  [Ref ]: काढलेल्या पिकाच्या साठवणूक व वितरणाचे योग्य साधन काय ?...
  [Pred]: काढलेल्या पिकांच्या साठवहो वितरणाची योग्य कारन काय ?...

Step  44825/60000 | Phase: 4B (Dynamic MoE) | CTC Loss: 0.9249 | Aux Loss: 8.0259 | CER: 0.423 | Throughput: 364.5 aud-s/s | LR: 7.09e-06
  [Ref ]: सोयाबीनचो भाव काय आसा ?...
  [Pred]: सोयारबीचोजो काय असा ?...

Step  44850/60000 | Phase: 4B (Dynamic MoE) | CTC Loss: 0.8991 | Aux Loss: 8.0245 | CER: 0.196 | Throughput: 171.2 aud-s/s | LR: 7.08e-06
  [Ref ]: पीक रोटेशनचा फायदा होतो का ?...
  [Pred]: पीक क लिपेशनच फायदा होतो का ?...

Step  44875/60000 | Phase: 4B (Dynamic MoE) | CTC Loss: 0.8294 | Aux Loss: 8.0282 | CER: 0.181 | Throughput: 585.0 aud-s/s | LR: 7.08e-06
  [Ref ]: विद्यार्थांच्या उज्ज्वल भविष्यासाठी विद्यार्थी कर्ज दिले जाते...
  [Pred]: विदधार्पांच्या वजन विषासाठी विद्यार्थिक गर्च दिले जाते...

Step  44900/60000 | Phase: 4B (Dynamic MoE) | CTC Loss: 0.9863 | Aux Loss: 8.0425 | CER: 0.184 | Throughput:  97.7 aud-s/s | LR: 7.08e-06
  [Ref ]: अटल पेन्शन योजना स्वावलंबन योजना म्हणूनही ओळखली जाता...
  [Pred]: टटर पेन्शन योजनासवनंबन योजना म्हणूनेही ओळखली जाता...

Step  44925/60000 | Phase: 4B (Dynamic MoE) | CTC Loss: 0.8604 | Aux Loss: 8.0421 | CER: 0.310 | Throughput: 292.4 aud-s/s | LR: 7.08e-06
  [Ref ]: विमा कसो भरूचो ?...
  [Pred]: कि कशी भरूचा ?...

Step  44950/60000 | Phase: 4B (Dynamic MoE) | CTC Loss: 0.8532 | Aux Loss: 8.0181 | CER: 0.179 | Throughput: 164.3 aud-s/s | LR: 7.07e-06
  [Ref ]: मला शेती परवाना कधी मिळेल ?...
  [Pred]: मला शेती परवाही मधी मिळेल?...

Step  44975/60000 | Phase: 4B (Dynamic MoE) | CTC Loss: 0.9723 | Aux Loss: 8.0270 | CER: 0.284 | Throughput: 332.2 aud-s/s | LR: 7.07e-06
  [Ref ]: आवर्ती जमा खात्यातून वेळेआधी कसे पैसे काढू ?...
  [Pred]: आरन बा खात्यातून वेळेाधी कसे पैसे काढू ?...

Step  45000/60000 | Phase: 4B (Dynamic MoE) | CTC Loss: 0.8919 | Aux Loss: 8.0307 | CER: 0.133 | Throughput:  75.3 aud-s/s | LR: 7.07e-06
  [Ref ]: प्रातिनिधिक धनले मौल्यवान धातूसना मायक भौतिक आधार शे...
  [Pred]: प्रातीनिधीक धनले मवले वान धातूसन मायक भहतेक आढार शे...

  🌟 New Best Model! cer = 0.1325 (Saved to best_model.pt)
  [Checkpoint] Step 45000 saved to runs\no-splitformer-moe-only\checkpoints\stage2_moe
Step  45025/60000 | Phase: 4B (Dynamic MoE) | CTC Loss: 0.7965 | Aux Loss: 8.0241 | CER: 0.190 | Throughput: 164.1 aud-s/s | LR: 7.06e-06
  [Ref ]: कर्जाची परतफेड कशी करुची ?...
  [Pred]: कर्जाची परातफेड कशी करूची ?...

Step  45050/60000 | Phase: 4B (Dynamic MoE) | CTC Loss: 0.9082 | Aux Loss: 8.0452 | CER: 0.400 | Throughput: 107.1 aud-s/s | LR: 7.06e-06
  [Ref ]: पीअर टू पीअर लोन देऊन तुम्ही व्याज मिळवू शकता...
  [Pred]: मी बिया लवन कितीती ात देवू शकता ?...

Step  45075/60000 | Phase: 4B (Dynamic MoE) | CTC Loss: 0.8853 | Aux Loss: 8.0401 | CER: 0.266 | Throughput: 195.4 aud-s/s | LR: 7.06e-06
  [Ref ]: निधी ट्रान्सफरसाठी एका बँक खात्यातून दुसऱ्या बँक खात्यात पैसे जमा करता...
  [Pred]: विध कर्जपरसाठी एिका बँक खात्यातूनदुस्या बँखात्यत पैसेतजा ापरता येतील क...

Step  45100/60000 | Phase: 4B (Dynamic MoE) | CTC Loss: 0.9046 | Aux Loss: 8.0319 | CER: 0.090 | Throughput:  72.4 aud-s/s | LR: 7.05e-06
  [Ref ]: मले माह्या मोबाईलवर माह्या खात्याची पुरी मायती डाऊनलोड करता येते का ?...
  [Pred]: मले माया मोबाईलवर माया खात्याचे पुरी मायती डाउनलोड करता येते का ?...

Step  45125/60000 | Phase: 4B (Dynamic MoE) | CTC Loss: 0.8077 | Aux Loss: 8.0239 | CER: 0.309 | Throughput:  28.6 aud-s/s | LR: 7.05e-06
  [Ref ]: मिरच्यांची किंमत किती आसा ?...
  [Pred]: मिचीचा किंमत किती आसा ?...

Step  45150/60000 | Phase: 4B (Dynamic MoE) | CTC Loss: 0.8738 | Aux Loss: 8.0175 | CER: 0.257 | Throughput:  99.1 aud-s/s | LR: 7.05e-06
  [Ref ]: कागद उद्योगांका बळ देऊन आपण आपली आर्थिक स्थिती सुधारू शकताव...
  [Pred]: खाज गोता ाया बल डेमांटू आपल्या काये कर्ज दरू शकता...

Step  45175/60000 | Phase: 4B (Dynamic MoE) | CTC Loss: 0.8434 | Aux Loss: 8.0433 | CER: 0.285 | Throughput: 176.7 aud-s/s | LR: 7.04e-06
  [Ref ]: सोयाबीन पिकासाठी कोणते खत योग्य आहे ?...
  [Pred]: सुयाबी पिकासाठी कोणते क योग्य ाये ?...

Step  45200/60000 | Phase: 4B (Dynamic MoE) | CTC Loss: 0.9192 | Aux Loss: 8.0056 | CER: 0.166 | Throughput: 203.2 aud-s/s | LR: 7.04e-06
  [Ref ]: अनेकदा देशी कोंबड्या वर्षाला दीडशे ते दोनशे अंडी घालतात...
  [Pred]: अनेक दा देशी कोंबड्या मर्षाना दिळी शेती दोनशी अंडी घालतात...

Step  45225/60000 | Phase: 4B (Dynamic MoE) | CTC Loss: 0.8802 | Aux Loss: 8.0495 | CER: 0.258 | Throughput: 140.8 aud-s/s | LR: 7.04e-06
  [Ref ]: गुंतवणुक खेतुर करूची ?...
  [Pred]: गंतवणूाक की केरक घेलीचा ?...

Step  45250/60000 | Phase: 4B (Dynamic MoE) | CTC Loss: 0.9479 | Aux Loss: 8.0243 | CER: 0.212 | Throughput:  74.0 aud-s/s | LR: 7.04e-06
  [Ref ]: क्रेडिट कार्डद्वारे महिन्यातून मी किती वेळा रक्कम काढू शकतो ?...
  [Pred]: क्रेट कार्डद्वारी मिन्यातून्मी किती वेळारक्कम करा कातो ?...

Step  45275/60000 | Phase: 4B (Dynamic MoE) | CTC Loss: 0.8352 | Aux Loss: 8.0257 | CER: 0.209 | Throughput: 188.3 aud-s/s | LR: 7.03e-06
  [Ref ]: माझी गॅस , वीज , पाणी इत्यादि बिले मी कशी भरु शकतो ?...
  [Pred]: बँक ॅसवेस पाणी इत्यादेबिल वी कशी भरू शकता ?...

Step  45300/60000 | Phase: 4B (Dynamic MoE) | CTC Loss: 0.8082 | Aux Loss: 8.0187 | CER: 0.280 | Throughput: 148.5 aud-s/s | LR: 7.03e-06
  [Ref ]: किसान क्रेडिट कार्डच्या मदतीने आपल्याला कर्ज काढणे सोयीचे होईल...
  [Pred]: प्रसा क्रेडिट कार्डच्या म्तीना आपनाना कर्ज काढ कोनच मते ?...

Step  45325/60000 | Phase: 4B (Dynamic MoE) | CTC Loss: 0.8765 | Aux Loss: 8.0233 | CER: 0.294 | Throughput: 186.4 aud-s/s | LR: 7.03e-06
  [Ref ]: कर्ज ऑनलाइन फेडूक मेलता काय ?...
  [Pred]: अर्ज ऑनलाइन फरक मेता काय ?...

Step  45350/60000 | Phase: 4B (Dynamic MoE) | CTC Loss: 0.9103 | Aux Loss: 8.0156 | CER: 0.101 | Throughput: 141.3 aud-s/s | LR: 7.02e-06
  [Ref ]: डेट्रेडिंगमा व्यापारी कोनफाईन पैसा उधार ले...
  [Pred]: मेट्रविंगमा व्यापारी कोण फाईन पैसा उधारले...

Step  45375/60000 | Phase: 4B (Dynamic MoE) | CTC Loss: 0.9098 | Aux Loss: 8.0355 | CER: 0.194 | Throughput: 146.6 aud-s/s | LR: 7.02e-06
  [Ref ]: ई पेपर च्या माध्यमातून खरेदी विक्री होते का ?...
  [Pred]: म एकरच्या माध्य मातून यादी विक्री होते का ?...

Step  45400/60000 | Phase: 4B (Dynamic MoE) | CTC Loss: 0.9568 | Aux Loss: 8.0387 | CER: 0.191 | Throughput: 149.4 aud-s/s | LR: 7.02e-06
  [Ref ]: माझे शेजारी शेती प्रदूषण पसरवण्यासाठी अन्नधान्य रस्त्यावर सोडतात...
  [Pred]: माझ्ेा शेजारी शेती प्रदुशां पसरवण्यासाठी अन्नधान्य रस्त्यावर सोडतात...

Step  45425/60000 | Phase: 4B (Dynamic MoE) | CTC Loss: 0.9608 | Aux Loss: 8.0161 | CER: 0.238 | Throughput: 144.0 aud-s/s | LR: 7.01e-06
  [Ref ]: बोंड अळी केव्हा पडू शकते ?...
  [Pred]: बोल अळी केवा करू शकतय ?...

Step  45450/60000 | Phase: 4B (Dynamic MoE) | CTC Loss: 0.8682 | Aux Loss: 8.0137 | CER: 0.226 | Throughput: 115.7 aud-s/s | LR: 7.01e-06
  [Ref ]: यु.पी.आय आय.डी वापरून कसे पेमेंट करावे ?...
  [Pred]: यू.पी.आय आय.डी वापरून कसे पेमॅट करे ?...

Step  45475/60000 | Phase: 4B (Dynamic MoE) | CTC Loss: 0.9118 | Aux Loss: 8.0541 | CER: 0.268 | Throughput: 225.4 aud-s/s | LR: 7.01e-06
  [Ref ]: जर ओळखपत्र नसेल तर खाते उघडता येईल का ?...
  [Pred]: जर रळख तत्रनसब खाते उघडता येल कका ?...

Step  45500/60000 | Phase: 4B (Dynamic MoE) | CTC Loss: 0.8508 | Aux Loss: 8.0154 | CER: 0.152 | Throughput:  63.9 aud-s/s | LR: 7.01e-06
  [Ref ]: माझे वार्षिक उत्त्पन्न दोन लाखांपेक्षा कमी आहे , मला क्रेडिट कार्ड मिळ...
  [Pred]: माझे वार्षिक उत्पन्न दोन लाखांपेक्षा कमी आहे माला क्रेडिट कार्ड मिळेल ...

Step  45525/60000 | Phase: 4B (Dynamic MoE) | CTC Loss: 0.8717 | Aux Loss: 8.0452 | CER: 0.146 | Throughput: 173.5 aud-s/s | LR: 7.00e-06
  [Ref ]: खता पिकाक बराबर आसत काय ?...
  [Pred]: खता पिकां पर्याबवर आसत का ?...

Step  45550/60000 | Phase: 4B (Dynamic MoE) | CTC Loss: 0.8695 | Aux Loss: 8.0406 | CER: 0.351 | Throughput: 120.8 aud-s/s | LR: 7.00e-06
  [Ref ]: परजीवींमुळे माशांना पांढरे डाग पडतात...
  [Pred]: सरजीवीमुळे माश्ांना दाग पडतात...

Step  45575/60000 | Phase: 4B (Dynamic MoE) | CTC Loss: 0.8398 | Aux Loss: 8.0086 | CER: 0.164 | Throughput: 186.3 aud-s/s | LR: 7.00e-06
  [Ref ]: मी माझे बिल किती दिवसांत भरू शकतो ?...
  [Pred]: मी माझे बिल किती दिवसान भरू शकतो ?...

Step  45600/60000 | Phase: 4B (Dynamic MoE) | CTC Loss: 0.8879 | Aux Loss: 8.0074 | CER: 0.332 | Throughput: 234.8 aud-s/s | LR: 6.99e-06
  [Ref ]: डायरेक्ट डेबिट म्हणजे ग्राहकाच्या खात्यातून इलेक्ट्रॉनिक पैसे काढणे...
  [Pred]: रेन डेबिट म्हणजे ग्राहकाजय खात्यातून  पैष काढणे...

Step  45625/60000 | Phase: 4B (Dynamic MoE) | CTC Loss: 0.8241 | Aux Loss: 8.0280 | CER: 0.134 | Throughput:  23.9 aud-s/s | LR: 6.99e-06
  [Ref ]: कसल्या प्रकारची वजना आसतत ?...
  [Pred]: कसल्या प्रारची मजला असता ?...

Step  45650/60000 | Phase: 4B (Dynamic MoE) | CTC Loss: 0.8326 | Aux Loss: 8.0188 | CER: 0.358 | Throughput: 109.1 aud-s/s | LR: 6.99e-06
  [Ref ]: रुहानीने चार लाख रुपये देणगी म्हणून दिले...
  [Pred]: गुहानने चारला खूपे जनी कली दिले...

Step  45675/60000 | Phase: 4B (Dynamic MoE) | CTC Loss: 0.8468 | Aux Loss: 8.0147 | CER: 0.236 | Throughput: 176.7 aud-s/s | LR: 6.98e-06
  [Ref ]: पांढरी माशी पिकामंदी कोनत्या पायरीले नुकसान करते ?...
  [Pred]: पांढ्ीवशी पिकातीहे कोणत्या बायारीले नुकसान करते ?...

Step  45700/60000 | Phase: 4B (Dynamic MoE) | CTC Loss: 0.8488 | Aux Loss: 8.0193 | CER: 0.257 | Throughput:  71.6 aud-s/s | LR: 6.98e-06
  [Ref ]: मी बँकेत जाऊन माझ्या लाभारतीयांका हटवू शकतय काय ?...
  [Pred]: मी बँकेत जऊन च्या लाभार्थीयंकाू शकतय काय ?...

Step  45725/60000 | Phase: 4B (Dynamic MoE) | CTC Loss: 0.9337 | Aux Loss: 8.0176 | CER: 0.360 | Throughput: 641.1 aud-s/s | LR: 6.98e-06
  [Ref ]: शेती करण्याची साधने कोणती ?...
  [Pred]: शेती कर्याचा क आहेत ?...

Step  45750/60000 | Phase: 4B (Dynamic MoE) | CTC Loss: 0.8712 | Aux Loss: 8.0389 | CER: 0.358 | Throughput: 256.3 aud-s/s | LR: 6.97e-06
  [Ref ]: गव्हाचे पीक कोणत्या हंगामात घेतात ?...
  [Pred]: मयाचे पीक कोणत्या हंगामात घेता ?...

