
--- Launching stage1_pretrain at 2026-09-23 17:29:18 ---
2026-09-23T17:29:23.451 [Engine] Initializing on device: cuda (NVIDIA RTX A5000)
2026-09-23T17:29:23.454 [Engine] Semantic Checkpoint Directory: runs\no-splitformer-moe-only\checkpoints\stage1_pretrain (Stage: 'pretrain')
[stage1_pretrain] Telemetry initialized.
  - Checkpoints: D:\marathi-asr\runs\no-splitformer-moe-only\checkpoints\stage1_pretrain
  - CSV Logging: D:\marathi-asr\runs\no-splitformer-moe-only\csvs\stage1_pretrain_metrics.csv
  - JSONL Trace: D:\marathi-asr\runs\no-splitformer-moe-only\logs\stage1_pretrain_telemetry.jsonl
2026-09-23T17:29:23.950 [Model] Conformer Backbone parameters: 20,475,712 (20.48 M)
2026-09-23T17:29:25.785 [Data] Initializing CachedRelayedStream (Cache Dir: 'data_cache/pretrain', Chunk: 10000 samples)...
2026-09-23T17:29:25.786 [Training] Beginning pretraining run 'stage1_pretrain' for 5 epochs (Max Steps Cap: 50000)...


===========================================================================
2026-09-23T17:29:25.786 [Epoch 1/5] Commencing Training Pass
===========================================================================

[Network Relay] Opening remote dataset stream for shard 00000...
[Network Relay] Local cache exhausted. Relaying to network for next 10000 samples...
[Network Relay] Cached 10000 samples to chunk_00000.pt (4677.7 MB)
2026-09-23T17:35:05.308 [E1 Step     1] | Masked L1: 8.2163 | SNR: -0.04 dB | Eff. Rank: 237.5 | GradNorm: 28.20 | Throughput: 107.6 aud-s/s | LR: 3.00e-07
2026-09-23T17:35:08.111  [Artifact] Saved spectrogram plot -> runs\no-splitformer-moe-only\plots\recon_step_000001.png
2026-09-23T17:35:16.409 [E1 Step    25] | Masked L1: 8.7329 | SNR:  0.21 dB | Eff. Rank: 240.8 | GradNorm: 17.09 | Throughput: 875.0 aud-s/s | LR: 7.50e-06
2026-09-23T17:35:24.538 [E1 Step    50] | Masked L1: 7.4048 | SNR:  0.47 dB | Eff. Rank: 245.9 | GradNorm: 10.47 | Throughput: 1272.4 aud-s/s | LR: 1.50e-05
2026-09-23T17:35:32.402 [E1 Step    75] | Masked L1: 7.3011 | SNR:  0.75 dB | Eff. Rank: 247.0 | GradNorm: 10.12 | Throughput: 1579.2 aud-s/s | LR: 2.25e-05
2026-09-23T17:35:39.997 [E1 Step   100] | Masked L1: 6.8607 | SNR:  0.99 dB | Eff. Rank: 246.1 | GradNorm: 8.29 | Throughput: 1256.1 aud-s/s | LR: 3.00e-05
2026-09-23T17:35:42.231  [Artifact] Saved spectrogram plot -> runs\no-splitformer-moe-only\plots\recon_step_000100.png
2026-09-23T17:35:50.166 [E1 Step   125] | Masked L1: 7.7271 | SNR:  1.44 dB | Eff. Rank: 241.2 | GradNorm: 10.27 | Throughput: 967.4 aud-s/s | LR: 3.75e-05
[Network Relay] Local cache exhausted. Relaying to network for next 10000 samples...
2026-09-23T17:35:57.934 [E1 Step   150] | Masked L1: 6.5038 | SNR:  1.90 dB | Eff. Rank: 212.7 | GradNorm: 8.45 | Throughput: 1285.6 aud-s/s | LR: 4.50e-05
[Network Relay] Cached 10000 samples to chunk_00001.pt (4952.3 MB)
2026-09-23T17:41:17.286 [E1 Step   175] | Masked L1: 6.5647 | SNR:  2.46 dB | Eff. Rank: 211.2 | GradNorm: 8.38 | Throughput: 1420.4 aud-s/s | LR: 5.25e-05
2026-09-23T17:41:24.701 [E1 Step   200] | Masked L1: 5.5478 | SNR:  3.32 dB | Eff. Rank: 187.8 | GradNorm: 6.75 | Throughput: 1488.1 aud-s/s | LR: 6.00e-05
2026-09-23T17:41:27.211  [Artifact] Saved spectrogram plot -> runs\no-splitformer-moe-only\plots\recon_step_000200.png
2026-09-23T17:41:34.896 [E1 Step   225] | Masked L1: 5.4440 | SNR:  3.98 dB | Eff. Rank: 160.0 | GradNorm: 7.19 | Throughput: 1241.6 aud-s/s | LR: 6.75e-05
2026-09-23T17:41:42.374 [E1 Step   250] | Masked L1: 4.5876 | SNR:  4.71 dB | Eff. Rank: 140.7 | GradNorm: 10.44 | Throughput: 1450.6 aud-s/s | LR: 7.50e-05
2026-09-23T17:41:42.572 >>> [Phase 3 Gate Check @ Step 250] Short Loss: 4.5715 | Long Loss: 4.5458 | Degradation Ratio: 0.994 | Gate Passed: NO

2026-09-23T17:41:50.085 [E1 Step   275] | Masked L1: 4.3097 | SNR:  5.65 dB | Eff. Rank: 142.3 | GradNorm: 7.52 | Throughput: 1493.3 aud-s/s | LR: 8.25e-05
2026-09-23T17:41:57.518 [E1 Step   300] | Masked L1: 3.4318 | SNR:  7.13 dB | Eff. Rank: 123.1 | GradNorm: 7.91 | Throughput: 1281.1 aud-s/s | LR: 9.00e-05
2026-09-23T17:41:59.660  [Artifact] Saved spectrogram plot -> runs\no-splitformer-moe-only\plots\recon_step_000300.png
[Network Relay] Local cache exhausted. Relaying to network for next 10000 samples...
[Network Relay] Cached 10000 samples to chunk_00002.pt (4678.5 MB)
2026-09-23T17:46:49.565 [E1 Step   325] | Masked L1: 3.3862 | SNR:  8.35 dB | Eff. Rank: 128.6 | GradNorm: 10.26 | Throughput: 1226.6 aud-s/s | LR: 9.75e-05
2026-09-23T17:46:57.178 [E1 Step   350] | Masked L1: 2.4903 | SNR:  9.00 dB | Eff. Rank: 117.0 | GradNorm: 3.44 | Throughput: 1712.2 aud-s/s | LR: 1.05e-04
2026-09-23T17:47:04.618 [E1 Step   375] | Masked L1: 2.3968 | SNR: 10.55 dB | Eff. Rank: 119.1 | GradNorm: 6.68 | Throughput: 1274.5 aud-s/s | LR: 1.12e-04
2026-09-23T17:47:12.107 [E1 Step   400] | Masked L1: 1.5818 | SNR: 12.57 dB | Eff. Rank: 117.5 | GradNorm: 4.01 | Throughput: 1351.7 aud-s/s | LR: 1.20e-04
2026-09-23T17:47:14.311  [Artifact] Saved spectrogram plot -> runs\no-splitformer-moe-only\plots\recon_step_000400.png
2026-09-23T17:47:21.911 [E1 Step   425] | Masked L1: 1.4240 | SNR: 11.97 dB | Eff. Rank: 110.4 | GradNorm: 6.44 | Throughput: 1436.2 aud-s/s | LR: 1.27e-04
2026-09-23T17:47:29.307 [E1 Step   450] | Masked L1: 1.2080 | SNR: 13.20 dB | Eff. Rank: 109.7 | GradNorm: 7.02 | Throughput: 1149.4 aud-s/s | LR: 1.35e-04
[Network Relay] Local cache exhausted. Relaying to network for next 10000 samples...
[Network Relay] Cached 10000 samples to chunk_00003.pt (4602.1 MB)
2026-09-23T17:51:54.205 [E1 Step   475] | Masked L1: 1.3868 | SNR: 11.92 dB | Eff. Rank: 109.3 | GradNorm: 14.63 | Throughput: 1529.2 aud-s/s | LR: 1.42e-04
2026-09-23T17:52:01.654 [E1 Step   500] | Masked L1: 1.3541 | SNR: 12.22 dB | Eff. Rank: 113.3 | GradNorm: 9.93 | Throughput: 1317.1 aud-s/s | LR: 1.50e-04
2026-09-23T17:52:03.697  [Artifact] Saved spectrogram plot -> runs\no-splitformer-moe-only\plots\recon_step_000500.png
2026-09-23T17:52:03.961 >>> [Phase 3 Gate Check @ Step 500] Short Loss: 1.6033 | Long Loss: 1.8851 | Degradation Ratio: 1.176 | Gate Passed: NO

2026-09-23T17:52:11.240 [E1 Step   525] | Masked L1: 1.3165 | SNR: 12.23 dB | Eff. Rank: 105.8 | GradNorm: 15.54 | Throughput: 1336.5 aud-s/s | LR: 1.57e-04
2026-09-23T17:52:18.848 [E1 Step   550] | Masked L1: 1.5279 | SNR: 11.41 dB | Eff. Rank: 109.5 | GradNorm: 6.91 | Throughput: 1403.7 aud-s/s | LR: 1.65e-04
2026-09-23T17:52:26.175 [E1 Step   575] | Masked L1: 1.3166 | SNR: 12.39 dB | Eff. Rank: 108.5 | GradNorm: 4.85 | Throughput: 1509.6 aud-s/s | LR: 1.72e-04
2026-09-23T17:52:33.591 [E1 Step   600] | Masked L1: 1.2508 | SNR: 12.54 dB | Eff. Rank: 104.7 | GradNorm: 11.12 | Throughput: 1270.8 aud-s/s | LR: 1.80e-04
2026-09-23T17:52:35.705  [Artifact] Saved spectrogram plot -> runs\no-splitformer-moe-only\plots\recon_step_000600.png
[Network Relay] Local cache exhausted. Relaying to network for next 10000 samples...
2026-09-23T17:52:44.127 [E1 Step   625] | Masked L1: 1.3992 | SNR: 12.14 dB | Eff. Rank: 105.2 | GradNorm: 4.80 | Throughput: 1030.0 aud-s/s | LR: 1.87e-04
[Network Relay] Cached 10000 samples to chunk_00004.pt (4524.6 MB)
2026-09-23T17:57:38.000 [E1 Step   650] | Masked L1: 1.1389 | SNR: 13.40 dB | Eff. Rank: 105.7 | GradNorm: 4.90 | Throughput: 1288.7 aud-s/s | LR: 1.95e-04
2026-09-23T17:57:45.527 [E1 Step   675] | Masked L1: 1.0954 | SNR: 13.56 dB | Eff. Rank: 109.4 | GradNorm: 8.13 | Throughput: 1135.9 aud-s/s | LR: 2.02e-04
2026-09-23T17:57:52.871 [E1 Step   700] | Masked L1: 1.1251 | SNR: 13.63 dB | Eff. Rank: 110.3 | GradNorm: 3.43 | Throughput: 1143.2 aud-s/s | LR: 2.10e-04
2026-09-23T17:57:55.231  [Artifact] Saved spectrogram plot -> runs\no-splitformer-moe-only\plots\recon_step_000700.png
2026-09-23T17:58:02.828 [E1 Step   725] | Masked L1: 1.1138 | SNR: 13.43 dB | Eff. Rank:  98.9 | GradNorm: 1.86 | Throughput: 1365.8 aud-s/s | LR: 2.17e-04
2026-09-23T17:58:10.227 [E1 Step   750] | Masked L1: 1.2665 | SNR: 13.30 dB | Eff. Rank: 106.8 | GradNorm: 4.81 | Throughput: 1390.7 aud-s/s | LR: 2.25e-04
2026-09-23T17:58:10.343 >>> [Phase 3 Gate Check @ Step 750] Short Loss: 1.4560 | Long Loss: 1.8217 | Degradation Ratio: 1.251 | Gate Passed: NO

[Network Relay] Local cache exhausted. Relaying to network for next 10000 samples...
2026-09-23T17:58:18.150 [E1 Step   775] | Masked L1: 1.2252 | SNR: 13.19 dB | Eff. Rank: 112.8 | GradNorm: 5.74 | Throughput: 826.3 aud-s/s | LR: 2.32e-04
[Network Relay] Cached 10000 samples to chunk_00005.pt (4605.8 MB)
2026-09-23T18:02:51.937 [E1 Step   800] | Masked L1: 1.1418 | SNR: 13.66 dB | Eff. Rank: 106.9 | GradNorm: 5.48 | Throughput: 1295.1 aud-s/s | LR: 2.40e-04
2026-09-23T18:02:54.343  [Artifact] Saved spectrogram plot -> runs\no-splitformer-moe-only\plots\recon_step_000800.png
2026-09-23T18:03:02.034 [E1 Step   825] | Masked L1: 0.8234 | SNR: 15.34 dB | Eff. Rank:  98.4 | GradNorm: 2.23 | Throughput: 1128.9 aud-s/s | LR: 2.47e-04
2026-09-23T18:03:09.392 [E1 Step   850] | Masked L1: 1.1110 | SNR: 13.49 dB | Eff. Rank: 101.8 | GradNorm: 6.93 | Throughput: 1293.4 aud-s/s | LR: 2.55e-04
2026-09-23T18:03:16.794 [E1 Step   875] | Masked L1: 1.0810 | SNR: 13.71 dB | Eff. Rank: 110.4 | GradNorm: 3.42 | Throughput: 1230.3 aud-s/s | LR: 2.62e-04
2026-09-23T18:03:24.195 [E1 Step   900] | Masked L1: 0.9106 | SNR: 14.68 dB | Eff. Rank: 110.9 | GradNorm: 4.40 | Throughput: 1052.0 aud-s/s | LR: 2.70e-04
2026-09-23T18:03:26.581  [Artifact] Saved spectrogram plot -> runs\no-splitformer-moe-only\plots\recon_step_000900.png
2026-09-23T18:03:34.258 [E1 Step   925] | Masked L1: 0.9820 | SNR: 14.53 dB | Eff. Rank: 112.1 | GradNorm: 4.60 | Throughput: 1145.6 aud-s/s | LR: 2.77e-04
[Network Relay] Local cache exhausted. Relaying to network for next 10000 samples...
[Network Relay] Cached 10000 samples to chunk_00006.pt (5011.9 MB)
2026-09-23T18:07:56.491 [E1 Step   950] | Masked L1: 1.1448 | SNR: 13.24 dB | Eff. Rank: 103.2 | GradNorm: 2.16 | Throughput: 1461.5 aud-s/s | LR: 2.85e-04
2026-09-23T18:08:04.544 [E1 Step   975] | Masked L1: 1.1510 | SNR: 13.09 dB | Eff. Rank: 109.1 | GradNorm: 4.23 | Throughput: 1418.3 aud-s/s | LR: 2.92e-04
2026-09-23T18:08:12.427 [E1 Step  1000] | Masked L1: 1.1007 | SNR: 13.68 dB | Eff. Rank: 109.2 | GradNorm: 2.31 | Throughput: 1334.5 aud-s/s | LR: 3.00e-04
2026-09-23T18:08:14.884  [Artifact] Saved spectrogram plot -> runs\no-splitformer-moe-only\plots\recon_step_001000.png
2026-09-23T18:08:15.176 >>> [Phase 3 Gate Check @ Step 1000] Short Loss: 1.2754 | Long Loss: 1.5264 | Degradation Ratio: 1.197 | Gate Passed: YES

  🌟 New Best Model! masked_l1 = 1.1007 (Saved to best_model.pt)
2026-09-23T18:08:16.599  [Semantic Checkpoint] Saved to runs\no-splitformer-moe-only\checkpoints\stage1_pretrain

2026-09-23T18:08:24.168 [E1 Step  1025] | Masked L1: 1.1514 | SNR: 13.65 dB | Eff. Rank: 110.3 | GradNorm: 2.89 | Throughput: 1366.6 aud-s/s | LR: 3.00e-04
2026-09-23T18:08:31.619 [E1 Step  1050] | Masked L1: 0.9490 | SNR: 14.62 dB | Eff. Rank: 109.4 | GradNorm: 2.74 | Throughput: 1211.4 aud-s/s | LR: 3.00e-04
2026-09-23T18:08:38.914 [E1 Step  1075] | Masked L1: 1.1753 | SNR: 13.21 dB | Eff. Rank: 108.4 | GradNorm: 1.60 | Throughput: 1490.6 aud-s/s | LR: 3.00e-04
[Network Relay] Local cache exhausted. Relaying to network for next 10000 samples...
[Network Relay] Cached 10000 samples to chunk_00007.pt (4228.9 MB)
2026-09-23T18:12:33.843 [E1 Step  1100] | Masked L1: 1.1407 | SNR: 12.80 dB | Eff. Rank: 110.6 | GradNorm: 2.87 | Throughput: 1383.8 aud-s/s | LR: 3.00e-04
2026-09-23T18:12:36.343  [Artifact] Saved spectrogram plot -> runs\no-splitformer-moe-only\plots\recon_step_001100.png
2026-09-23T18:12:43.965 [E1 Step  1125] | Masked L1: 1.0532 | SNR: 13.78 dB | Eff. Rank: 103.2 | GradNorm: 3.27 | Throughput: 1361.3 aud-s/s | LR: 3.00e-04
2026-09-23T18:12:51.348 [E1 Step  1150] | Masked L1: 1.1607 | SNR: 13.24 dB | Eff. Rank: 109.5 | GradNorm: 2.88 | Throughput: 1428.1 aud-s/s | LR: 3.00e-04
2026-09-23T18:12:58.846 [E1 Step  1175] | Masked L1: 1.0972 | SNR: 13.63 dB | Eff. Rank: 107.5 | GradNorm: 2.69 | Throughput: 1446.1 aud-s/s | LR: 3.00e-04
2026-09-23T18:13:06.280 [E1 Step  1200] | Masked L1: 0.9543 | SNR: 14.64 dB | Eff. Rank: 105.8 | GradNorm: 4.62 | Throughput: 1153.5 aud-s/s | LR: 3.00e-04
2026-09-23T18:13:08.502  [Artifact] Saved spectrogram plot -> runs\no-splitformer-moe-only\plots\recon_step_001200.png
2026-09-23T18:13:15.767 [E1 Step  1225] | Masked L1: 0.9156 | SNR: 14.85 dB | Eff. Rank: 107.2 | GradNorm: 1.73 | Throughput: 1198.3 aud-s/s | LR: 3.00e-04
[Network Relay] Local cache exhausted. Relaying to network for next 10000 samples...
2026-09-23T18:13:24.200 [E1 Step  1250] | Masked L1: 0.8245 | SNR: 15.59 dB | Eff. Rank: 112.2 | GradNorm: 1.32 | Throughput: 721.5 aud-s/s | LR: 3.00e-04
2026-09-23T18:13:24.461 >>> [Phase 3 Gate Check @ Step 1250] Short Loss: 1.2973 | Long Loss: 1.5861 | Degradation Ratio: 1.223 | Gate Passed: YES

[Network Relay] Cached 10000 samples to chunk_00008.pt (4511.5 MB)
2026-09-23T18:17:54.838 [E1 Step  1275] | Masked L1: 0.8953 | SNR: 15.34 dB | Eff. Rank: 105.7 | GradNorm: 2.98 | Throughput: 1191.7 aud-s/s | LR: 3.00e-04
2026-09-23T18:18:02.288 [E1 Step  1300] | Masked L1: 0.9138 | SNR: 14.97 dB | Eff. Rank: 107.3 | GradNorm: 1.98 | Throughput: 1338.4 aud-s/s | LR: 3.00e-04
2026-09-23T18:18:04.610  [Artifact] Saved spectrogram plot -> runs\no-splitformer-moe-only\plots\recon_step_001300.png
2026-09-23T18:18:12.347 [E1 Step  1325] | Masked L1: 1.0277 | SNR: 14.11 dB | Eff. Rank: 107.2 | GradNorm: 1.14 | Throughput: 1499.7 aud-s/s | LR: 3.00e-04
2026-09-23T18:18:19.638 [E1 Step  1350] | Masked L1: 0.9545 | SNR: 14.82 dB | Eff. Rank: 109.2 | GradNorm: 2.23 | Throughput: 1261.8 aud-s/s | LR: 3.00e-04
2026-09-23T18:18:27.069 [E1 Step  1375] | Masked L1: 1.0233 | SNR: 14.26 dB | Eff. Rank: 110.6 | GradNorm: 1.50 | Throughput: 1445.8 aud-s/s | LR: 3.00e-04
[Network Relay] Local cache exhausted. Relaying to network for next 10000 samples...
2026-09-23T18:18:34.860 [E1 Step  1400] | Masked L1: 0.9537 | SNR: 14.61 dB | Eff. Rank: 113.1 | GradNorm: 1.31 | Throughput: 689.6 aud-s/s | LR: 3.00e-04
2026-09-23T18:18:37.864  [Artifact] Saved spectrogram plot -> runs\no-splitformer-moe-only\plots\recon_step_001400.png
[Network Relay] Cached 10000 samples to chunk_00009.pt (5054.4 MB)
2026-09-23T18:23:55.927 [E1 Step  1425] | Masked L1: 0.8374 | SNR: 15.38 dB | Eff. Rank: 108.4 | GradNorm: 1.36 | Throughput: 1104.3 aud-s/s | LR: 3.00e-04
2026-09-23T18:24:03.384 [E1 Step  1450] | Masked L1: 0.8608 | SNR: 15.15 dB | Eff. Rank: 109.3 | GradNorm: 1.77 | Throughput: 1110.4 aud-s/s | LR: 3.00e-04
2026-09-23T18:24:10.767 [E1 Step  1475] | Masked L1: 1.0727 | SNR: 13.55 dB | Eff. Rank: 104.2 | GradNorm: 3.33 | Throughput: 1484.8 aud-s/s | LR: 3.00e-04
2026-09-23T18:24:18.197 [E1 Step  1500] | Masked L1: 1.0011 | SNR: 14.27 dB | Eff. Rank: 106.5 | GradNorm: 1.37 | Throughput: 1394.3 aud-s/s | LR: 3.00e-04
2026-09-23T18:24:20.642  [Artifact] Saved spectrogram plot -> runs\no-splitformer-moe-only\plots\recon_step_001500.png
2026-09-23T18:24:20.906 >>> [Phase 3 Gate Check @ Step 1500] Short Loss: 1.0676 | Long Loss: 1.4106 | Degradation Ratio: 1.321 | Gate Passed: YES

2026-09-23T18:24:28.501 [E1 Step  1525] | Masked L1: 1.0583 | SNR: 13.92 dB | Eff. Rank: 113.5 | GradNorm: 2.02 | Throughput: 1454.0 aud-s/s | LR: 3.00e-04
2026-09-23T18:24:36.114 [E1 Step  1550] | Masked L1: 1.1356 | SNR: 13.06 dB | Eff. Rank: 110.7 | GradNorm: 1.95 | Throughput: 1441.5 aud-s/s | LR: 3.00e-04
[Network Relay] Local cache exhausted. Relaying to network for next 10000 samples...
[Network Relay] Cached 10000 samples to chunk_00010.pt (5558.6 MB)
2026-09-23T18:29:55.089 [E1 Step  1575] | Masked L1: 0.9613 | SNR: 14.36 dB | Eff. Rank: 107.9 | GradNorm: 1.78 | Throughput: 1377.3 aud-s/s | LR: 3.00e-04
2026-09-23T18:30:02.640 [E1 Step  1600] | Masked L1: 0.9568 | SNR: 14.48 dB | Eff. Rank: 111.5 | GradNorm: 2.25 | Throughput: 1518.6 aud-s/s | LR: 3.00e-04
2026-09-23T18:30:05.037  [Artifact] Saved spectrogram plot -> runs\no-splitformer-moe-only\plots\recon_step_001600.png
2026-09-23T18:30:12.732 [E1 Step  1625] | Masked L1: 1.1223 | SNR: 13.26 dB | Eff. Rank: 110.1 | GradNorm: 1.74 | Throughput: 1699.4 aud-s/s | LR: 3.00e-04
2026-09-23T18:30:20.247 [E1 Step  1650] | Masked L1: 1.0824 | SNR: 13.56 dB | Eff. Rank: 106.0 | GradNorm: 1.44 | Throughput: 1630.7 aud-s/s | LR: 3.00e-04
2026-09-23T18:30:27.753 [E1 Step  1675] | Masked L1: 1.1467 | SNR: 13.19 dB | Eff. Rank: 113.8 | GradNorm: 2.25 | Throughput: 1503.0 aud-s/s | LR: 3.00e-04
2026-09-23T18:30:35.199 [E1 Step  1700] | Masked L1: 0.9705 | SNR: 14.32 dB | Eff. Rank: 109.4 | GradNorm: 1.74 | Throughput: 1430.3 aud-s/s | LR: 3.00e-04
2026-09-23T18:30:37.563  [Artifact] Saved spectrogram plot -> runs\no-splitformer-moe-only\plots\recon_step_001700.png
[Network Relay] Local cache exhausted. Relaying to network for next 10000 samples...
[Network Relay] Cached 10000 samples to chunk_00011.pt (5347.2 MB)
2026-09-23T18:36:08.320 [E1 Step  1725] | Masked L1: 1.1679 | SNR: 12.61 dB | Eff. Rank: 108.9 | GradNorm: 1.97 | Throughput: 1693.8 aud-s/s | LR: 3.00e-04
2026-09-23T18:36:15.825 [E1 Step  1750] | Masked L1: 1.3404 | SNR: 12.00 dB | Eff. Rank: 112.5 | GradNorm: 3.32 | Throughput: 1742.2 aud-s/s | LR: 3.00e-04
2026-09-23T18:36:15.940 >>> [Phase 3 Gate Check @ Step 1750] Short Loss: 1.1011 | Long Loss: 1.4105 | Degradation Ratio: 1.281 | Gate Passed: YES

2026-09-23T18:36:23.552 [E1 Step  1775] | Masked L1: 0.8618 | SNR: 15.64 dB | Eff. Rank: 113.9 | GradNorm: 2.15 | Throughput: 1164.4 aud-s/s | LR: 3.00e-04
2026-09-23T18:36:31.152 [E1 Step  1800] | Masked L1: 0.9501 | SNR: 14.30 dB | Eff. Rank: 104.7 | GradNorm: 1.57 | Throughput: 1474.0 aud-s/s | LR: 3.00e-04
2026-09-23T18:36:33.699  [Artifact] Saved spectrogram plot -> runs\no-splitformer-moe-only\plots\recon_step_001800.png
2026-09-23T18:36:41.530 [E1 Step  1825] | Masked L1: 0.8850 | SNR: 14.84 dB | Eff. Rank: 109.0 | GradNorm: 1.24 | Throughput: 1344.6 aud-s/s | LR: 3.00e-04
2026-09-23T18:36:49.053 [E1 Step  1850] | Masked L1: 0.9958 | SNR: 14.02 dB | Eff. Rank: 111.4 | GradNorm: 1.60 | Throughput: 1459.8 aud-s/s | LR: 3.00e-04
[Network Relay] Local cache exhausted. Relaying to network for next 10000 samples...
2026-09-23T18:36:58.321 [E1 Step  1875] | Masked L1: 0.6447 | SNR: 17.09 dB | Eff. Rank: 104.4 | GradNorm: 0.74 | Throughput: 676.7 aud-s/s | LR: 3.00e-04
[Network Relay] Cached 10000 samples to chunk_00012.pt (4497.2 MB)
2026-09-23T18:41:32.765 [E1 Step  1900] | Masked L1: 0.8530 | SNR: 15.48 dB | Eff. Rank: 111.8 | GradNorm: 1.34 | Throughput: 1295.0 aud-s/s | LR: 3.00e-04
2026-09-23T18:41:35.266  [Artifact] Saved spectrogram plot -> runs\no-splitformer-moe-only\plots\recon_step_001900.png
2026-09-23T18:41:42.905 [E1 Step  1925] | Masked L1: 0.7948 | SNR: 15.67 dB | Eff. Rank: 115.1 | GradNorm: 1.32 | Throughput: 1158.8 aud-s/s | LR: 3.00e-04
2026-09-23T18:41:50.315 [E1 Step  1950] | Masked L1: 0.7645 | SNR: 15.93 dB | Eff. Rank: 104.5 | GradNorm: 1.70 | Throughput: 1209.1 aud-s/s | LR: 3.00e-04
2026-09-23T18:41:57.815 [E1 Step  1975] | Masked L1: 1.0393 | SNR: 13.57 dB | Eff. Rank: 109.7 | GradNorm: 2.83 | Throughput: 1623.1 aud-s/s | LR: 3.00e-04
2026-09-23T18:42:05.321 [E1 Step  2000] | Masked L1: 0.8238 | SNR: 15.59 dB | Eff. Rank: 108.4 | GradNorm: 1.62 | Throughput: 1203.2 aud-s/s | LR: 3.00e-04
2026-09-23T18:42:07.647  [Artifact] Saved spectrogram plot -> runs\no-splitformer-moe-only\plots\recon_step_002000.png
2026-09-23T18:42:07.931 >>> [Phase 3 Gate Check @ Step 2000] Short Loss: 1.0724 | Long Loss: 1.3675 | Degradation Ratio: 1.275 | Gate Passed: YES

  🌟 New Best Model! masked_l1 = 0.8238 (Saved to best_model.pt)
2026-09-23T18:42:08.860  [Semantic Checkpoint] Saved to runs\no-splitformer-moe-only\checkpoints\stage1_pretrain

[Network Relay] Local cache exhausted. Relaying to network for next 10000 samples...
2026-09-23T18:42:16.728 [E1 Step  2025] | Masked L1: 1.0930 | SNR: 13.48 dB | Eff. Rank: 119.8 | GradNorm: 2.06 | Throughput: 832.9 aud-s/s | LR: 3.00e-04
[Network Relay] Cached 10000 samples to chunk_00013.pt (4367.8 MB)
2026-09-23T18:46:10.381 [E1 Step  2050] | Masked L1: 0.9504 | SNR: 14.57 dB | Eff. Rank: 118.5 | GradNorm: 1.71 | Throughput: 1388.9 aud-s/s | LR: 3.00e-04
2026-09-23T18:46:17.550 [E1 Step  2075] | Masked L1: 0.8309 | SNR: 15.34 dB | Eff. Rank: 106.3 | GradNorm: 1.54 | Throughput: 1341.8 aud-s/s | LR: 3.00e-04
2026-09-23T18:46:24.666 [E1 Step  2100] | Masked L1: 0.9622 | SNR: 14.41 dB | Eff. Rank: 108.5 | GradNorm: 2.35 | Throughput: 1603.8 aud-s/s | LR: 3.00e-04
2026-09-23T18:46:26.709  [Artifact] Saved spectrogram plot -> runs\no-splitformer-moe-only\plots\recon_step_002100.png
2026-09-23T18:46:34.121 [E1 Step  2125] | Masked L1: 0.7679 | SNR: 16.05 dB | Eff. Rank: 110.5 | GradNorm: 1.72 | Throughput: 1189.4 aud-s/s | LR: 3.00e-04
2026-09-23T18:46:41.438 [E1 Step  2150] | Masked L1: 0.6891 | SNR: 16.43 dB | Eff. Rank: 110.9 | GradNorm: 0.89 | Throughput: 1037.6 aud-s/s | LR: 3.00e-04
2026-09-23T18:46:48.828 [E1 Step  2175] | Masked L1: 0.6304 | SNR: 17.02 dB | Eff. Rank: 113.7 | GradNorm: 1.68 | Throughput: 917.2 aud-s/s | LR: 3.00e-04
[Network Relay] Local cache exhausted. Relaying to network for next 10000 samples...
[Network Relay] Cached 10000 samples to chunk_00014.pt (4241.7 MB)
2026-09-23T18:51:15.973 [E1 Step  2200] | Masked L1: 0.9570 | SNR: 14.35 dB | Eff. Rank: 111.4 | GradNorm: 2.04 | Throughput: 1368.7 aud-s/s | LR: 3.00e-04
2026-09-23T18:51:18.348  [Artifact] Saved spectrogram plot -> runs\no-splitformer-moe-only\plots\recon_step_002200.png
2026-09-23T18:51:25.852 [E1 Step  2225] | Masked L1: 0.8622 | SNR: 15.03 dB | Eff. Rank: 113.4 | GradNorm: 1.66 | Throughput: 1074.6 aud-s/s | LR: 3.00e-04
2026-09-23T18:51:33.281 [E1 Step  2250] | Masked L1: 0.8068 | SNR: 15.68 dB | Eff. Rank: 108.4 | GradNorm: 1.52 | Throughput: 1188.6 aud-s/s | LR: 3.00e-04
2026-09-23T18:51:33.398 >>> [Phase 3 Gate Check @ Step 2250] Short Loss: 1.0963 | Long Loss: 1.3629 | Degradation Ratio: 1.243 | Gate Passed: YES

2026-09-23T18:51:41.171 [E1 Step  2275] | Masked L1: 0.7712 | SNR: 15.79 dB | Eff. Rank: 108.0 | GradNorm: 1.86 | Throughput: 1106.4 aud-s/s | LR: 2.99e-04
2026-09-23T18:51:48.706 [E1 Step  2300] | Masked L1: 0.8697 | SNR: 14.86 dB | Eff. Rank: 114.8 | GradNorm: 1.92 | Throughput: 1228.0 aud-s/s | LR: 2.99e-04
2026-09-23T18:51:51.070  [Artifact] Saved spectrogram plot -> runs\no-splitformer-moe-only\plots\recon_step_002300.png
2026-09-23T18:51:58.507 [E1 Step  2325] | Masked L1: 0.6687 | SNR: 16.83 dB | Eff. Rank: 104.6 | GradNorm: 1.34 | Throughput: 1125.5 aud-s/s | LR: 2.99e-04
[Network Relay] Local cache exhausted. Relaying to network for next 10000 samples...
[Network Relay] Cached 10000 samples to chunk_00015.pt (4151.1 MB)
2026-09-23T18:56:05.604 [E1 Step  2350] | Masked L1: 0.9983 | SNR: 14.27 dB | Eff. Rank: 119.1 | GradNorm: 2.80 | Throughput: 1490.5 aud-s/s | LR: 2.99e-04
2026-09-23T18:56:12.873 [E1 Step  2375] | Masked L1: 0.7337 | SNR: 15.54 dB | Eff. Rank: 108.0 | GradNorm: 1.44 | Throughput: 1100.2 aud-s/s | LR: 2.99e-04
2026-09-23T18:56:20.103 [E1 Step  2400] | Masked L1: 0.8254 | SNR: 15.43 dB | Eff. Rank: 112.0 | GradNorm: 1.51 | Throughput: 1178.1 aud-s/s | LR: 2.99e-04
2026-09-23T18:56:22.524  [Artifact] Saved spectrogram plot -> runs\no-splitformer-moe-only\plots\recon_step_002400.png
2026-09-23T18:56:30.130 [E1 Step  2425] | Masked L1: 1.0615 | SNR: 13.58 dB | Eff. Rank: 114.7 | GradNorm: 2.02 | Throughput: 1141.4 aud-s/s | LR: 2.99e-04
2026-09-23T18:56:37.542 [E1 Step  2450] | Masked L1: 0.7661 | SNR: 15.83 dB | Eff. Rank: 111.4 | GradNorm: 2.91 | Throughput: 1053.9 aud-s/s | LR: 2.99e-04
2026-09-23T18:56:45.054 [E1 Step  2475] | Masked L1: 0.7758 | SNR: 15.93 dB | Eff. Rank: 115.8 | GradNorm: 1.04 | Throughput: 1013.1 aud-s/s | LR: 2.99e-04
[Network Relay] Local cache exhausted. Relaying to network for next 10000 samples...
2026-09-23T18:56:53.887 [E1 Step  2500] | Masked L1: 0.9181 | SNR: 14.69 dB | Eff. Rank: 116.9 | GradNorm: 1.09 | Throughput: 929.5 aud-s/s | LR: 2.99e-04
2026-09-23T18:56:56.673  [Artifact] Saved spectrogram plot -> runs\no-splitformer-moe-only\plots\recon_step_002500.png
2026-09-23T18:56:57.027 >>> [Phase 3 Gate Check @ Step 2500] Short Loss: 1.0030 | Long Loss: 1.2755 | Degradation Ratio: 1.272 | Gate Passed: YES

[Network Relay] Cached 10000 samples to chunk_00016.pt (4193.2 MB)
2026-09-23T19:00:39.704 [E1 Step  2525] | Masked L1: 0.8324 | SNR: 15.66 dB | Eff. Rank: 118.4 | GradNorm: 1.69 | Throughput: 1164.8 aud-s/s | LR: 2.99e-04
2026-09-23T19:00:46.979 [E1 Step  2550] | Masked L1: 0.8361 | SNR: 15.36 dB | Eff. Rank: 117.5 | GradNorm: 1.43 | Throughput: 1200.7 aud-s/s | LR: 2.99e-04
2026-09-23T19:00:54.352 [E1 Step  2575] | Masked L1: 0.8053 | SNR: 15.54 dB | Eff. Rank: 114.8 | GradNorm: 1.31 | Throughput: 1044.6 aud-s/s | LR: 2.99e-04
2026-09-23T19:01:01.754 [E1 Step  2600] | Masked L1: 0.8944 | SNR: 15.17 dB | Eff. Rank: 115.7 | GradNorm: 1.11 | Throughput: 1427.0 aud-s/s | LR: 2.99e-04
2026-09-23T19:01:04.122  [Artifact] Saved spectrogram plot -> runs\no-splitformer-moe-only\plots\recon_step_002600.png
2026-09-23T19:01:11.686 [E1 Step  2625] | Masked L1: 0.8529 | SNR: 15.07 dB | Eff. Rank: 111.5 | GradNorm: 1.04 | Throughput: 1322.4 aud-s/s | LR: 2.99e-04
[Network Relay] Local cache exhausted. Relaying to network for next 10000 samples...
2026-09-23T19:01:19.621 [E1 Step  2650] | Masked L1: 0.8544 | SNR: 15.33 dB | Eff. Rank: 115.8 | GradNorm: 1.29 | Throughput: 668.5 aud-s/s | LR: 2.99e-04
[Network Relay] Cached 10000 samples to chunk_00017.pt (4360.3 MB)
2026-09-23T19:05:46.405 [E1 Step  2675] | Masked L1: 0.7630 | SNR: 15.92 dB | Eff. Rank: 113.9 | GradNorm: 1.39 | Throughput: 1089.9 aud-s/s | LR: 2.99e-04
2026-09-23T19:05:53.644 [E1 Step  2700] | Masked L1: 0.8933 | SNR: 15.23 dB | Eff. Rank: 115.7 | GradNorm: 1.66 | Throughput: 1332.8 aud-s/s | LR: 2.99e-04
2026-09-23T19:05:55.908  [Artifact] Saved spectrogram plot -> runs\no-splitformer-moe-only\plots\recon_step_002700.png
2026-09-23T19:06:03.307 [E1 Step  2725] | Masked L1: 0.6637 | SNR: 17.04 dB | Eff. Rank: 113.6 | GradNorm: 1.06 | Throughput: 998.4 aud-s/s | LR: 2.99e-04
2026-09-23T19:06:10.643 [E1 Step  2750] | Masked L1: 1.0794 | SNR: 13.62 dB | Eff. Rank: 116.0 | GradNorm: 1.78 | Throughput: 1579.9 aud-s/s | LR: 2.99e-04
2026-09-23T19:06:10.758 >>> [Phase 3 Gate Check @ Step 2750] Short Loss: 0.9977 | Long Loss: 1.2844 | Degradation Ratio: 1.287 | Gate Passed: YES

2026-09-23T19:06:17.971 [E1 Step  2775] | Masked L1: 0.7219 | SNR: 16.49 dB | Eff. Rank: 110.2 | GradNorm: 1.73 | Throughput: 1171.0 aud-s/s | LR: 2.99e-04
2026-09-23T19:06:25.332 [E1 Step  2800] | Masked L1: 0.9630 | SNR: 14.18 dB | Eff. Rank: 110.0 | GradNorm: 1.77 | Throughput: 1361.0 aud-s/s | LR: 2.99e-04
2026-09-23T19:06:27.527  [Artifact] Saved spectrogram plot -> runs\no-splitformer-moe-only\plots\recon_step_002800.png
[Network Relay] Local cache exhausted. Relaying to network for next 10000 samples...
[Network Relay] Cached 10000 samples to chunk_00018.pt (5254.0 MB)
2026-09-23T19:11:46.733 [E1 Step  2825] | Masked L1: 0.8924 | SNR: 14.92 dB | Eff. Rank: 116.5 | GradNorm: 1.04 | Throughput: 1229.8 aud-s/s | LR: 2.99e-04
2026-09-23T19:11:54.013 [E1 Step  2850] | Masked L1: 0.8390 | SNR: 15.31 dB | Eff. Rank: 112.8 | GradNorm: 1.18 | Throughput: 1352.8 aud-s/s | LR: 2.99e-04
2026-09-23T19:12:01.558 [E1 Step  2875] | Masked L1: 1.0325 | SNR: 13.91 dB | Eff. Rank: 119.3 | GradNorm: 2.33 | Throughput: 1644.8 aud-s/s | LR: 2.99e-04
2026-09-23T19:12:09.166 [E1 Step  2900] | Masked L1: 0.9046 | SNR: 14.82 dB | Eff. Rank: 111.4 | GradNorm: 0.99 | Throughput: 1564.7 aud-s/s | LR: 2.99e-04
2026-09-23T19:12:11.947  [Artifact] Saved spectrogram plot -> runs\no-splitformer-moe-only\plots\recon_step_002900.png
2026-09-23T19:12:19.869 [E1 Step  2925] | Masked L1: 0.8807 | SNR: 15.23 dB | Eff. Rank: 117.3 | GradNorm: 1.15 | Throughput: 1491.7 aud-s/s | LR: 2.99e-04
2026-09-23T19:12:27.338 [E1 Step  2950] | Masked L1: 0.8862 | SNR: 15.29 dB | Eff. Rank: 119.3 | GradNorm: 2.57 | Throughput: 1334.5 aud-s/s | LR: 2.99e-04
[Network Relay] Local cache exhausted. Relaying to network for next 10000 samples...
[Network Relay] Cached 10000 samples to chunk_00019.pt (4570.5 MB)
2026-09-23T19:16:51.132 [E1 Step  2975] | Masked L1: 0.9603 | SNR: 14.46 dB | Eff. Rank: 115.7 | GradNorm: 1.37 | Throughput: 1552.0 aud-s/s | LR: 2.99e-04
2026-09-23T19:16:58.510 [E1 Step  3000] | Masked L1: 0.8282 | SNR: 15.36 dB | Eff. Rank: 111.8 | GradNorm: 0.85 | Throughput: 1623.1 aud-s/s | LR: 2.99e-04
2026-09-23T19:17:00.625  [Artifact] Saved spectrogram plot -> runs\no-splitformer-moe-only\plots\recon_step_003000.png
2026-09-23T19:17:00.875 >>> [Phase 3 Gate Check @ Step 3000] Short Loss: 0.9660 | Long Loss: 1.2558 | Degradation Ratio: 1.300 | Gate Passed: YES

2026-09-23T19:17:01.366  [Semantic Checkpoint] Saved to runs\no-splitformer-moe-only\checkpoints\stage1_pretrain

2026-09-23T19:17:08.773 [E1 Step  3025] | Masked L1: 0.8652 | SNR: 15.12 dB | Eff. Rank: 118.1 | GradNorm: 1.28 | Throughput: 1324.5 aud-s/s | LR: 2.99e-04
2026-09-23T19:17:16.280 [E1 Step  3050] | Masked L1: 0.6921 | SNR: 16.93 dB | Eff. Rank: 112.9 | GradNorm: 1.95 | Throughput: 1039.9 aud-s/s | LR: 2.99e-04
2026-09-23T19:17:23.646 [E1 Step  3075] | Masked L1: 0.8744 | SNR: 15.26 dB | Eff. Rank: 117.7 | GradNorm: 2.41 | Throughput: 1305.6 aud-s/s | LR: 2.99e-04
2026-09-23T19:17:31.081 [E1 Step  3100] | Masked L1: 0.7758 | SNR: 15.74 dB | Eff. Rank: 114.3 | GradNorm: 0.87 | Throughput: 1227.7 aud-s/s | LR: 2.99e-04
2026-09-23T19:17:33.451  [Artifact] Saved spectrogram plot -> runs\no-splitformer-moe-only\plots\recon_step_003100.png
[Network Relay] Local cache exhausted. Relaying to network for next 10000 samples...
2026-09-23T19:17:42.732 [E1 Step  3125] | Masked L1: 1.0396 | SNR: 13.97 dB | Eff. Rank: 120.5 | GradNorm: 1.19 | Throughput: 866.2 aud-s/s | LR: 2.99e-04
[Network Relay] Cached 10000 samples to chunk_00020.pt (4517.0 MB)
2026-09-23T19:21:56.089 [E1 Step  3150] | Masked L1: 0.8129 | SNR: 15.37 dB | Eff. Rank: 112.1 | GradNorm: 2.18 | Throughput: 1160.4 aud-s/s | LR: 2.99e-04
2026-09-23T19:22:03.476 [E1 Step  3175] | Masked L1: 0.6640 | SNR: 16.87 dB | Eff. Rank: 112.5 | GradNorm: 0.97 | Throughput: 1132.9 aud-s/s | LR: 2.99e-04
2026-09-23T19:22:10.580 [E1 Step  3200] | Masked L1: 0.7565 | SNR: 16.04 dB | Eff. Rank: 114.9 | GradNorm: 1.23 | Throughput: 1236.3 aud-s/s | LR: 2.99e-04
2026-09-23T19:22:12.744  [Artifact] Saved spectrogram plot -> runs\no-splitformer-moe-only\plots\recon_step_003200.png
2026-09-23T19:22:20.216 [E1 Step  3225] | Masked L1: 0.9239 | SNR: 14.66 dB | Eff. Rank: 115.4 | GradNorm: 1.78 | Throughput: 1467.1 aud-s/s | LR: 2.98e-04
2026-09-23T19:22:27.692 [E1 Step  3250] | Masked L1: 0.9101 | SNR: 15.21 dB | Eff. Rank: 122.7 | GradNorm: 3.80 | Throughput: 1624.9 aud-s/s | LR: 2.98e-04
2026-09-23T19:22:27.806 >>> [Phase 3 Gate Check @ Step 3250] Short Loss: 0.9280 | Long Loss: 1.2848 | Degradation Ratio: 1.384 | Gate Passed: YES

[Network Relay] Local cache exhausted. Relaying to network for next 10000 samples...
2026-09-23T19:22:35.716 [E1 Step  3275] | Masked L1: 0.8904 | SNR: 14.85 dB | Eff. Rank: 114.9 | GradNorm: 0.99 | Throughput: 944.3 aud-s/s | LR: 2.98e-04
[Network Relay] Cached 10000 samples to chunk_00021.pt (4618.4 MB)
2026-09-23T19:27:44.852 [E1 Step  3300] | Masked L1: 0.7832 | SNR: 15.86 dB | Eff. Rank: 117.1 | GradNorm: 0.82 | Throughput: 1294.2 aud-s/s | LR: 2.98e-04
2026-09-23T19:27:47.286  [Artifact] Saved spectrogram plot -> runs\no-splitformer-moe-only\plots\recon_step_003300.png
2026-09-23T19:27:55.016 [E1 Step  3325] | Masked L1: 0.7892 | SNR: 16.08 dB | Eff. Rank: 116.7 | GradNorm: 1.78 | Throughput: 1253.3 aud-s/s | LR: 2.98e-04
2026-09-23T19:28:02.333 [E1 Step  3350] | Masked L1: 0.7627 | SNR: 16.04 dB | Eff. Rank: 113.4 | GradNorm: 1.36 | Throughput: 1174.8 aud-s/s | LR: 2.98e-04
2026-09-23T19:28:09.760 [E1 Step  3375] | Masked L1: 0.7859 | SNR: 15.68 dB | Eff. Rank: 116.6 | GradNorm: 1.73 | Throughput: 1262.4 aud-s/s | LR: 2.98e-04
2026-09-23T19:28:17.247 [E1 Step  3400] | Masked L1: 0.8090 | SNR: 15.72 dB | Eff. Rank: 119.3 | GradNorm: 0.85 | Throughput: 1376.7 aud-s/s | LR: 2.98e-04
2026-09-23T19:28:19.649  [Artifact] Saved spectrogram plot -> runs\no-splitformer-moe-only\plots\recon_step_003400.png
2026-09-23T19:28:27.631 [E1 Step  3425] | Masked L1: 0.9213 | SNR: 14.57 dB | Eff. Rank: 116.3 | GradNorm: 0.76 | Throughput: 1617.9 aud-s/s | LR: 2.98e-04
[Network Relay] Local cache exhausted. Relaying to network for next 10000 samples...
[Network Relay] Cached 10000 samples to chunk_00022.pt (5306.9 MB)
2026-09-23T19:33:42.402 [E1 Step  3450] | Masked L1: 0.9658 | SNR: 14.60 dB | Eff. Rank: 117.4 | GradNorm: 1.13 | Throughput: 1623.0 aud-s/s | LR: 2.98e-04
2026-09-23T19:33:49.871 [E1 Step  3475] | Masked L1: 0.8741 | SNR: 15.29 dB | Eff. Rank: 117.6 | GradNorm: 0.95 | Throughput: 1526.1 aud-s/s | LR: 2.98e-04
2026-09-23T19:33:57.302 [E1 Step  3500] | Masked L1: 0.9612 | SNR: 14.14 dB | Eff. Rank: 116.9 | GradNorm: 1.18 | Throughput: 1662.5 aud-s/s | LR: 2.98e-04
2026-09-23T19:33:59.557  [Artifact] Saved spectrogram plot -> runs\no-splitformer-moe-only\plots\recon_step_003500.png
2026-09-23T19:33:59.845 >>> [Phase 3 Gate Check @ Step 3500] Short Loss: 0.9138 | Long Loss: 1.2500 | Degradation Ratio: 1.368 | Gate Passed: YES

2026-09-23T19:34:07.435 [E1 Step  3525] | Masked L1: 1.0179 | SNR: 14.00 dB | Eff. Rank: 122.4 | GradNorm: 1.79 | Throughput: 1448.1 aud-s/s | LR: 2.98e-04
2026-09-23T19:34:15.220 [E1 Step  3550] | Masked L1: 0.8664 | SNR: 15.21 dB | Eff. Rank: 115.9 | GradNorm: 2.30 | Throughput: 1434.5 aud-s/s | LR: 2.98e-04
2026-09-23T19:34:22.752 [E1 Step  3575] | Masked L1: 0.8358 | SNR: 15.58 dB | Eff. Rank: 115.1 | GradNorm: 1.62 | Throughput: 1445.5 aud-s/s | LR: 2.98e-04
[Network Relay] Local cache exhausted. Relaying to network for next 10000 samples...

--- Launching stage1_pretrain at 2026-09-23 21:10:48 ---
2026-09-23T21:11:00.141 [Engine] Initializing on device: cuda (NVIDIA RTX A5000)
2026-09-23T21:11:00.144 [Engine] Semantic Checkpoint Directory: runs\no-splitformer-moe-only\checkpoints\stage1_pretrain (Stage: 'pretrain')
[stage1_pretrain] Telemetry initialized.
  - Checkpoints: D:\marathi-asr\runs\no-splitformer-moe-only\checkpoints\stage1_pretrain
  - CSV Logging: D:\marathi-asr\runs\no-splitformer-moe-only\csvs\stage1_pretrain_metrics.csv
  - JSONL Trace: D:\marathi-asr\runs\no-splitformer-moe-only\logs\stage1_pretrain_telemetry.jsonl
2026-09-23T21:11:00.676 [Model] Conformer Backbone parameters: 20,475,712 (20.48 M)
2026-09-23T21:11:06.144 [Resume] Loading checkpoint from runs\no-splitformer-moe-only\checkpoints\stage1_pretrain\stage1_pretrain_step_3000.pt...
2026-09-23T21:11:06.756 [Resume] Resumed from epoch 1, step 3000 (304.32 hrs processed)
2026-09-23T21:11:06.756 [Data] Initializing CachedRelayedStream (Cache Dir: 'data_cache/pretrain', Chunk: 10000 samples)...
2026-09-23T21:11:06.757 [Training] Beginning pretraining run 'stage1_pretrain' for 5 epochs (Max Steps Cap: 50000)...


===========================================================================
2026-09-23T21:11:06.757 [Epoch 1/5] Commencing Training Pass
===========================================================================

[Network Relay] Opening remote dataset stream for shard 00000...
[Network Relay] Local cache exhausted. Relaying to network for next 10000 samples...
[Network Relay] Cached 10000 samples to chunk_00000.pt (4677.7 MB)
2026-09-23T21:16:54.585 [E1 Step  3025] | Masked L1: 0.7546 | SNR: 16.24 dB | Eff. Rank: 118.4 | GradNorm: 1.36 | Throughput: 926.8 aud-s/s | LR: 2.99e-04
2026-09-23T21:17:03.208 [E1 Step  3050] | Masked L1: 1.1061 | SNR: 13.38 dB | Eff. Rank: 119.6 | GradNorm: 4.70 | Throughput: 1289.9 aud-s/s | LR: 2.99e-04
2026-09-23T21:17:11.587 [E1 Step  3075] | Masked L1: 1.0964 | SNR: 13.63 dB | Eff. Rank: 117.7 | GradNorm: 1.31 | Throughput: 1499.9 aud-s/s | LR: 2.99e-04
2026-09-23T21:17:19.801 [E1 Step  3100] | Masked L1: 0.8163 | SNR: 15.21 dB | Eff. Rank: 109.9 | GradNorm: 0.93 | Throughput: 1166.2 aud-s/s | LR: 2.99e-04
2026-09-23T21:17:22.008  [Artifact] Saved spectrogram plot -> runs\no-splitformer-moe-only\plots\recon_step_003100.png
2026-09-23T21:17:30.381 [E1 Step  3125] | Masked L1: 0.6919 | SNR: 16.58 dB | Eff. Rank: 115.4 | GradNorm: 1.69 | Throughput: 923.0 aud-s/s | LR: 2.99e-04
[Network Relay] Local cache exhausted. Relaying to network for next 10000 samples...
2026-09-23T21:17:40.118 [E1 Step  3150] | Masked L1: 1.0055 | SNR: 13.97 dB | Eff. Rank: 114.4 | GradNorm: 1.34 | Throughput: 1109.7 aud-s/s | LR: 2.99e-04
[Network Relay] Cached 10000 samples to chunk_00001.pt (4952.3 MB)
2026-09-23T21:22:51.026 [E1 Step  3175] | Masked L1: 1.0043 | SNR: 14.13 dB | Eff. Rank: 119.3 | GradNorm: 1.76 | Throughput: 1293.2 aud-s/s | LR: 2.99e-04
2026-09-23T21:22:59.238 [E1 Step  3200] | Masked L1: 1.0683 | SNR: 13.77 dB | Eff. Rank: 119.5 | GradNorm: 1.11 | Throughput: 1328.1 aud-s/s | LR: 2.99e-04
2026-09-23T21:23:01.865  [Artifact] Saved spectrogram plot -> runs\no-splitformer-moe-only\plots\recon_step_003200.png
2026-09-23T21:23:10.328 [E1 Step  3225] | Masked L1: 0.8999 | SNR: 14.85 dB | Eff. Rank: 118.2 | GradNorm: 1.34 | Throughput: 1122.2 aud-s/s | LR: 2.98e-04
2026-09-23T21:23:18.633 [E1 Step  3250] | Masked L1: 1.0043 | SNR: 13.81 dB | Eff. Rank: 115.0 | GradNorm: 1.24 | Throughput: 1359.8 aud-s/s | LR: 2.98e-04
2026-09-23T21:23:18.792 >>> [Phase 3 Gate Check @ Step 3250] Short Loss: 0.9586 | Long Loss: 1.3138 | Degradation Ratio: 1.370 | Gate Passed: YES

2026-09-23T21:23:27.084 [E1 Step  3275] | Masked L1: 1.0178 | SNR: 13.92 dB | Eff. Rank: 119.4 | GradNorm: 1.48 | Throughput: 1374.4 aud-s/s | LR: 2.98e-04
2026-09-23T21:23:35.478 [E1 Step  3300] | Masked L1: 0.8717 | SNR: 14.82 dB | Eff. Rank: 116.6 | GradNorm: 1.55 | Throughput: 1091.9 aud-s/s | LR: 2.98e-04
2026-09-23T21:23:37.506  [Artifact] Saved spectrogram plot -> runs\no-splitformer-moe-only\plots\recon_step_003300.png
[Network Relay] Local cache exhausted. Relaying to network for next 10000 samples...
[Network Relay] Cached 10000 samples to chunk_00002.pt (4678.5 MB)
2026-09-23T21:28:17.151 [E1 Step  3325] | Masked L1: 0.8148 | SNR: 15.68 dB | Eff. Rank: 121.5 | GradNorm: 1.52 | Throughput: 1013.8 aud-s/s | LR: 2.98e-04
2026-09-23T21:28:25.518 [E1 Step  3350] | Masked L1: 0.9326 | SNR: 14.30 dB | Eff. Rank: 111.8 | GradNorm: 1.21 | Throughput: 1473.7 aud-s/s | LR: 2.98e-04
2026-09-23T21:28:33.810 [E1 Step  3375] | Masked L1: 0.8293 | SNR: 15.68 dB | Eff. Rank: 119.3 | GradNorm: 1.20 | Throughput: 1106.7 aud-s/s | LR: 2.98e-04
2026-09-23T21:28:42.228 [E1 Step  3400] | Masked L1: 0.8200 | SNR: 16.06 dB | Eff. Rank: 117.5 | GradNorm: 3.71 | Throughput: 1151.3 aud-s/s | LR: 2.98e-04
2026-09-23T21:28:44.564  [Artifact] Saved spectrogram plot -> runs\no-splitformer-moe-only\plots\recon_step_003400.png
2026-09-23T21:28:52.951 [E1 Step  3425] | Masked L1: 0.9553 | SNR: 14.60 dB | Eff. Rank: 117.1 | GradNorm: 1.13 | Throughput: 1169.4 aud-s/s | LR: 2.98e-04
2026-09-23T21:29:01.310 [E1 Step  3450] | Masked L1: 0.7022 | SNR: 16.55 dB | Eff. Rank: 119.2 | GradNorm: 0.86 | Throughput: 999.3 aud-s/s | LR: 2.98e-04
[Network Relay] Local cache exhausted. Relaying to network for next 10000 samples...
[Network Relay] Cached 10000 samples to chunk_00003.pt (4602.1 MB)
2026-09-23T21:33:14.625 [E1 Step  3475] | Masked L1: 0.9069 | SNR: 14.95 dB | Eff. Rank: 117.5 | GradNorm: 1.06 | Throughput: 1411.2 aud-s/s | LR: 2.98e-04
2026-09-23T21:33:22.855 [E1 Step  3500] | Masked L1: 0.8960 | SNR: 14.65 dB | Eff. Rank: 120.9 | GradNorm: 1.38 | Throughput: 1189.1 aud-s/s | LR: 2.98e-04
2026-09-23T21:33:24.917  [Artifact] Saved spectrogram plot -> runs\no-splitformer-moe-only\plots\recon_step_003500.png
2026-09-23T21:33:25.155 >>> [Phase 3 Gate Check @ Step 3500] Short Loss: 0.9359 | Long Loss: 1.2509 | Degradation Ratio: 1.337 | Gate Passed: YES

2026-09-23T21:33:33.117 [E1 Step  3525] | Masked L1: 0.8554 | SNR: 15.30 dB | Eff. Rank: 118.3 | GradNorm: 1.25 | Throughput: 1206.5 aud-s/s | LR: 2.98e-04
2026-09-23T21:33:41.214 [E1 Step  3550] | Masked L1: 0.9480 | SNR: 14.44 dB | Eff. Rank: 120.6 | GradNorm: 1.33 | Throughput: 1268.8 aud-s/s | LR: 2.98e-04
2026-09-23T21:33:49.263 [E1 Step  3575] | Masked L1: 0.8651 | SNR: 15.38 dB | Eff. Rank: 117.9 | GradNorm: 1.31 | Throughput: 1380.7 aud-s/s | LR: 2.98e-04
2026-09-23T21:33:57.458 [E1 Step  3600] | Masked L1: 0.8262 | SNR: 15.66 dB | Eff. Rank: 117.9 | GradNorm: 0.97 | Throughput: 1085.3 aud-s/s | LR: 2.98e-04
2026-09-23T21:33:59.794  [Artifact] Saved spectrogram plot -> runs\no-splitformer-moe-only\plots\recon_step_003600.png
[Network Relay] Local cache exhausted. Relaying to network for next 10000 samples...
2026-09-23T21:34:11.989 [E1 Step  3625] | Masked L1: 0.9472 | SNR: 14.64 dB | Eff. Rank: 120.1 | GradNorm: 2.20 | Throughput: 824.9 aud-s/s | LR: 2.98e-04
[Network Relay] Cached 10000 samples to chunk_00004.pt (4524.6 MB)
2026-09-23T21:39:01.847 [E1 Step  3650] | Masked L1: 0.8262 | SNR: 15.53 dB | Eff. Rank: 116.9 | GradNorm: 1.30 | Throughput: 1111.6 aud-s/s | LR: 2.98e-04
2026-09-23T21:39:10.054 [E1 Step  3675] | Masked L1: 0.7236 | SNR: 16.37 dB | Eff. Rank: 120.4 | GradNorm: 1.39 | Throughput: 1001.8 aud-s/s | LR: 2.98e-04
2026-09-23T21:39:18.219 [E1 Step  3700] | Masked L1: 0.7187 | SNR: 16.54 dB | Eff. Rank: 118.5 | GradNorm: 1.31 | Throughput: 993.5 aud-s/s | LR: 2.98e-04
2026-09-23T21:39:20.609  [Artifact] Saved spectrogram plot -> runs\no-splitformer-moe-only\plots\recon_step_003700.png
2026-09-23T21:39:28.916 [E1 Step  3725] | Masked L1: 0.7966 | SNR: 15.44 dB | Eff. Rank: 115.6 | GradNorm: 0.98 | Throughput: 1285.2 aud-s/s | LR: 2.98e-04
2026-09-23T21:39:37.364 [E1 Step  3750] | Masked L1: 0.8875 | SNR: 15.39 dB | Eff. Rank: 119.7 | GradNorm: 3.09 | Throughput: 1219.0 aud-s/s | LR: 2.98e-04
2026-09-23T21:39:37.490 >>> [Phase 3 Gate Check @ Step 3750] Short Loss: 0.9249 | Long Loss: 1.2599 | Degradation Ratio: 1.362 | Gate Passed: YES

[Network Relay] Local cache exhausted. Relaying to network for next 10000 samples...
2026-09-23T21:39:48.769 [E1 Step  3775] | Masked L1: 0.9178 | SNR: 15.08 dB | Eff. Rank: 119.2 | GradNorm: 1.07 | Throughput: 706.2 aud-s/s | LR: 2.98e-04
[Network Relay] Cached 10000 samples to chunk_00005.pt (4605.8 MB)
2026-09-23T21:44:40.585 [E1 Step  3800] | Masked L1: 0.7819 | SNR: 16.19 dB | Eff. Rank: 119.1 | GradNorm: 1.05 | Throughput: 1183.5 aud-s/s | LR: 2.98e-04
2026-09-23T21:44:42.927  [Artifact] Saved spectrogram plot -> runs\no-splitformer-moe-only\plots\recon_step_003800.png
2026-09-23T21:44:51.260 [E1 Step  3825] | Masked L1: 0.6066 | SNR: 17.46 dB | Eff. Rank: 109.6 | GradNorm: 0.89 | Throughput: 946.6 aud-s/s | LR: 2.98e-04
2026-09-23T21:44:59.430 [E1 Step  3850] | Masked L1: 0.7518 | SNR: 16.07 dB | Eff. Rank: 114.5 | GradNorm: 0.93 | Throughput: 1207.9 aud-s/s | LR: 2.98e-04
2026-09-23T21:45:07.516 [E1 Step  3875] | Masked L1: 0.7895 | SNR: 15.78 dB | Eff. Rank: 119.7 | GradNorm: 1.32 | Throughput: 1097.7 aud-s/s | LR: 2.97e-04
2026-09-23T21:45:15.674 [E1 Step  3900] | Masked L1: 0.7023 | SNR: 16.53 dB | Eff. Rank: 117.1 | GradNorm: 1.76 | Throughput: 967.8 aud-s/s | LR: 2.97e-04
2026-09-23T21:45:18.037  [Artifact] Saved spectrogram plot -> runs\no-splitformer-moe-only\plots\recon_step_003900.png
2026-09-23T21:45:26.445 [E1 Step  3925] | Masked L1: 0.7664 | SNR: 16.04 dB | Eff. Rank: 122.1 | GradNorm: 1.46 | Throughput: 980.0 aud-s/s | LR: 2.97e-04
[Network Relay] Local cache exhausted. Relaying to network for next 10000 samples...
[Network Relay] Cached 10000 samples to chunk_00006.pt (5011.9 MB)
2026-09-23T21:49:45.858 [E1 Step  3950] | Masked L1: 0.8644 | SNR: 15.17 dB | Eff. Rank: 116.8 | GradNorm: 0.98 | Throughput: 1390.9 aud-s/s | LR: 2.97e-04
2026-09-23T21:49:54.173 [E1 Step  3975] | Masked L1: 0.8872 | SNR: 14.94 dB | Eff. Rank: 115.8 | GradNorm: 1.20 | Throughput: 1405.2 aud-s/s | LR: 2.97e-04
2026-09-23T21:50:02.483 [E1 Step  4000] | Masked L1: 0.8528 | SNR: 15.37 dB | Eff. Rank: 117.4 | GradNorm: 1.30 | Throughput: 1200.0 aud-s/s | LR: 2.97e-04
2026-09-23T21:50:05.042  [Artifact] Saved spectrogram plot -> runs\no-splitformer-moe-only\plots\recon_step_004000.png
2026-09-23T21:50:05.332 >>> [Phase 3 Gate Check @ Step 4000] Short Loss: 0.8793 | Long Loss: 1.2253 | Degradation Ratio: 1.393 | Gate Passed: YES

  🌟 New Best Model! masked_l1 = 0.8528 (Saved to best_model.pt)
2026-09-23T21:50:06.383  [Semantic Checkpoint] Saved to runs\no-splitformer-moe-only\checkpoints\stage1_pretrain

2026-09-23T21:50:14.815 [E1 Step  4025] | Masked L1: 0.8792 | SNR: 15.35 dB | Eff. Rank: 119.4 | GradNorm: 1.16 | Throughput: 1153.1 aud-s/s | LR: 2.97e-04
2026-09-23T21:50:23.019 [E1 Step  4050] | Masked L1: 0.7305 | SNR: 16.44 dB | Eff. Rank: 113.3 | GradNorm: 2.29 | Throughput: 1094.3 aud-s/s | LR: 2.97e-04
2026-09-23T21:50:31.052 [E1 Step  4075] | Masked L1: 0.9009 | SNR: 14.94 dB | Eff. Rank: 120.5 | GradNorm: 1.53 | Throughput: 1337.0 aud-s/s | LR: 2.97e-04
[Network Relay] Local cache exhausted. Relaying to network for next 10000 samples...
[Network Relay] Cached 10000 samples to chunk_00007.pt (4228.9 MB)
2026-09-23T21:54:22.659 [E1 Step  4100] | Masked L1: 0.8896 | SNR: 14.62 dB | Eff. Rank: 115.0 | GradNorm: 1.43 | Throughput: 1235.4 aud-s/s | LR: 2.97e-04
2026-09-23T21:54:25.139  [Artifact] Saved spectrogram plot -> runs\no-splitformer-moe-only\plots\recon_step_004100.png
2026-09-23T21:54:33.562 [E1 Step  4125] | Masked L1: 0.7226 | SNR: 16.33 dB | Eff. Rank: 115.3 | GradNorm: 1.06 | Throughput: 1225.3 aud-s/s | LR: 2.97e-04
2026-09-23T21:54:42.099 [E1 Step  4150] | Masked L1: 0.8834 | SNR: 15.15 dB | Eff. Rank: 120.1 | GradNorm: 1.10 | Throughput: 1224.2 aud-s/s | LR: 2.97e-04
2026-09-23T21:54:50.412 [E1 Step  4175] | Masked L1: 0.8180 | SNR: 15.50 dB | Eff. Rank: 118.5 | GradNorm: 1.15 | Throughput: 1284.6 aud-s/s | LR: 2.97e-04
2026-09-23T21:54:58.577 [E1 Step  4200] | Masked L1: 0.7240 | SNR: 16.49 dB | Eff. Rank: 115.0 | GradNorm: 1.19 | Throughput: 1025.0 aud-s/s | LR: 2.97e-04
2026-09-23T21:55:00.809  [Artifact] Saved spectrogram plot -> runs\no-splitformer-moe-only\plots\recon_step_004200.png
2026-09-23T21:55:08.739 [E1 Step  4225] | Masked L1: 0.7185 | SNR: 16.57 dB | Eff. Rank: 119.9 | GradNorm: 1.03 | Throughput: 1084.8 aud-s/s | LR: 2.97e-04
[Network Relay] Local cache exhausted. Relaying to network for next 10000 samples...
2026-09-23T21:55:21.169 [E1 Step  4250] | Masked L1: 0.6740 | SNR: 17.00 dB | Eff. Rank: 116.6 | GradNorm: 1.48 | Throughput: 575.7 aud-s/s | LR: 2.97e-04
2026-09-23T21:55:21.442 >>> [Phase 3 Gate Check @ Step 4250] Short Loss: 0.9336 | Long Loss: 1.2706 | Degradation Ratio: 1.361 | Gate Passed: YES

[Network Relay] Cached 10000 samples to chunk_00008.pt (4511.5 MB)
2026-09-23T21:59:44.606 [E1 Step  4275] | Masked L1: 0.6639 | SNR: 16.99 dB | Eff. Rank: 117.2 | GradNorm: 1.44 | Throughput: 1023.4 aud-s/s | LR: 2.97e-04
2026-09-23T21:59:52.847 [E1 Step  4300] | Masked L1: 0.7128 | SNR: 16.72 dB | Eff. Rank: 118.5 | GradNorm: 1.17 | Throughput: 1208.9 aud-s/s | LR: 2.97e-04
2026-09-23T21:59:55.012  [Artifact] Saved spectrogram plot -> runs\no-splitformer-moe-only\plots\recon_step_004300.png
2026-09-23T22:00:03.464 [E1 Step  4325] | Masked L1: 0.8227 | SNR: 15.70 dB | Eff. Rank: 121.6 | GradNorm: 0.88 | Throughput: 1333.6 aud-s/s | LR: 2.97e-04
2026-09-23T22:00:11.643 [E1 Step  4350] | Masked L1: 0.7774 | SNR: 16.22 dB | Eff. Rank: 121.7 | GradNorm: 0.94 | Throughput: 1084.1 aud-s/s | LR: 2.97e-04
2026-09-23T22:00:19.853 [E1 Step  4375] | Masked L1: 0.8200 | SNR: 15.81 dB | Eff. Rank: 120.4 | GradNorm: 1.32 | Throughput: 1342.0 aud-s/s | LR: 2.97e-04
[Network Relay] Local cache exhausted. Relaying to network for next 10000 samples...
2026-09-23T22:00:31.286 [E1 Step  4400] | Masked L1: 0.7622 | SNR: 16.18 dB | Eff. Rank: 118.5 | GradNorm: 1.21 | Throughput: 659.5 aud-s/s | LR: 2.96e-04
2026-09-23T22:00:34.079  [Artifact] Saved spectrogram plot -> runs\no-splitformer-moe-only\plots\recon_step_004400.png
[Network Relay] Cached 10000 samples to chunk_00009.pt (5054.4 MB)
2026-09-23T22:05:50.212 [E1 Step  4425] | Masked L1: 0.6720 | SNR: 16.82 dB | Eff. Rank: 120.0 | GradNorm: 1.01 | Throughput: 1003.0 aud-s/s | LR: 2.96e-04
2026-09-23T22:05:58.447 [E1 Step  4450] | Masked L1: 0.7473 | SNR: 15.98 dB | Eff. Rank: 118.9 | GradNorm: 1.50 | Throughput: 1048.8 aud-s/s | LR: 2.96e-04
2026-09-23T22:06:06.555 [E1 Step  4475] | Masked L1: 0.8629 | SNR: 15.09 dB | Eff. Rank: 117.3 | GradNorm: 0.99 | Throughput: 1313.8 aud-s/s | LR: 2.96e-04
2026-09-23T22:06:14.731 [E1 Step  4500] | Masked L1: 0.8407 | SNR: 15.46 dB | Eff. Rank: 119.1 | GradNorm: 1.01 | Throughput: 1265.5 aud-s/s | LR: 2.96e-04
2026-09-23T22:06:17.089  [Artifact] Saved spectrogram plot -> runs\no-splitformer-moe-only\plots\recon_step_004500.png
2026-09-23T22:06:17.352 >>> [Phase 3 Gate Check @ Step 4500] Short Loss: 0.8860 | Long Loss: 1.1416 | Degradation Ratio: 1.288 | Gate Passed: YES

2026-09-23T22:06:25.733 [E1 Step  4525] | Masked L1: 0.8838 | SNR: 15.13 dB | Eff. Rank: 121.4 | GradNorm: 1.00 | Throughput: 1313.5 aud-s/s | LR: 2.96e-04
2026-09-23T22:06:34.147 [E1 Step  4550] | Masked L1: 0.9330 | SNR: 14.43 dB | Eff. Rank: 121.0 | GradNorm: 1.46 | Throughput: 1366.4 aud-s/s | LR: 2.96e-04
[Network Relay] Local cache exhausted. Relaying to network for next 10000 samples...
[Network Relay] Cached 10000 samples to chunk_00010.pt (5558.6 MB)
2026-09-23T22:11:37.073 [E1 Step  4575] | Masked L1: 0.7969 | SNR: 15.72 dB | Eff. Rank: 117.3 | GradNorm: 0.93 | Throughput: 1214.4 aud-s/s | LR: 2.96e-04
2026-09-23T22:11:45.363 [E1 Step  4600] | Masked L1: 0.8513 | SNR: 15.34 dB | Eff. Rank: 119.6 | GradNorm: 1.34 | Throughput: 1302.9 aud-s/s | LR: 2.96e-04
2026-09-23T22:11:47.704  [Artifact] Saved spectrogram plot -> runs\no-splitformer-moe-only\plots\recon_step_004600.png
2026-09-23T22:11:56.040 [E1 Step  4625] | Masked L1: 0.9523 | SNR: 14.55 dB | Eff. Rank: 117.2 | GradNorm: 1.25 | Throughput: 1543.6 aud-s/s | LR: 2.96e-04
2026-09-23T22:12:04.222 [E1 Step  4650] | Masked L1: 0.8803 | SNR: 14.93 dB | Eff. Rank: 116.9 | GradNorm: 0.89 | Throughput: 1486.3 aud-s/s | LR: 2.96e-04
2026-09-23T22:12:12.427 [E1 Step  4675] | Masked L1: 0.9377 | SNR: 14.58 dB | Eff. Rank: 120.4 | GradNorm: 1.65 | Throughput: 1359.4 aud-s/s | LR: 2.96e-04
2026-09-23T22:12:20.592 [E1 Step  4700] | Masked L1: 0.7666 | SNR: 15.93 dB | Eff. Rank: 117.3 | GradNorm: 1.16 | Throughput: 1306.2 aud-s/s | LR: 2.96e-04
2026-09-23T22:12:22.594  [Artifact] Saved spectrogram plot -> runs\no-splitformer-moe-only\plots\recon_step_004700.png
[Network Relay] Local cache exhausted. Relaying to network for next 10000 samples...
[Network Relay] Cached 10000 samples to chunk_00011.pt (5347.2 MB)
2026-09-23T22:18:04.097 [E1 Step  4725] | Masked L1: 0.9834 | SNR: 13.83 dB | Eff. Rank: 116.1 | GradNorm: 1.05 | Throughput: 1484.9 aud-s/s | LR: 2.96e-04
2026-09-23T22:18:12.389 [E1 Step  4750] | Masked L1: 1.1117 | SNR: 13.27 dB | Eff. Rank: 120.9 | GradNorm: 1.12 | Throughput: 1560.1 aud-s/s | LR: 2.96e-04
2026-09-23T22:18:12.518 >>> [Phase 3 Gate Check @ Step 4750] Short Loss: 0.8861 | Long Loss: 1.2614 | Degradation Ratio: 1.424 | Gate Passed: YES

2026-09-23T22:18:20.936 [E1 Step  4775] | Masked L1: 0.6935 | SNR: 17.02 dB | Eff. Rank: 122.2 | GradNorm: 1.24 | Throughput: 1098.2 aud-s/s | LR: 2.96e-04
2026-09-23T22:18:29.316 [E1 Step  4800] | Masked L1: 0.7881 | SNR: 15.59 dB | Eff. Rank: 112.3 | GradNorm: 1.48 | Throughput: 1336.5 aud-s/s | LR: 2.96e-04
2026-09-23T22:18:31.854  [Artifact] Saved spectrogram plot -> runs\no-splitformer-moe-only\plots\recon_step_004800.png
2026-09-23T22:18:40.770 [E1 Step  4825] | Masked L1: 0.7017 | SNR: 16.51 dB | Eff. Rank: 116.4 | GradNorm: 1.09 | Throughput: 1172.4 aud-s/s | LR: 2.96e-04
2026-09-23T22:18:49.039 [E1 Step  4850] | Masked L1: 0.8693 | SNR: 14.88 dB | Eff. Rank: 115.7 | GradNorm: 1.00 | Throughput: 1303.6 aud-s/s | LR: 2.95e-04
[Network Relay] Local cache exhausted. Relaying to network for next 10000 samples...
2026-09-23T22:19:03.919 [E1 Step  4875] | Masked L1: 0.5595 | SNR: 17.98 dB | Eff. Rank: 112.1 | GradNorm: 1.30 | Throughput: 559.3 aud-s/s | LR: 2.95e-04
[Network Relay] Cached 10000 samples to chunk_00012.pt (4497.2 MB)
2026-09-23T22:23:15.929 [E1 Step  4900] | Masked L1: 0.7473 | SNR: 16.41 dB | Eff. Rank: 119.1 | GradNorm: 1.62 | Throughput: 1174.6 aud-s/s | LR: 2.95e-04
2026-09-23T22:23:18.455  [Artifact] Saved spectrogram plot -> runs\no-splitformer-moe-only\plots\recon_step_004900.png
2026-09-23T22:23:27.011 [E1 Step  4925] | Masked L1: 0.6635 | SNR: 16.74 dB | Eff. Rank: 120.4 | GradNorm: 1.42 | Throughput: 1102.0 aud-s/s | LR: 2.95e-04
2026-09-23T22:23:35.166 [E1 Step  4950] | Masked L1: 0.6602 | SNR: 16.82 dB | Eff. Rank: 110.9 | GradNorm: 1.22 | Throughput: 1042.3 aud-s/s | LR: 2.95e-04
2026-09-23T22:23:43.461 [E1 Step  4975] | Masked L1: 0.8683 | SNR: 14.83 dB | Eff. Rank: 115.6 | GradNorm: 1.71 | Throughput: 1409.1 aud-s/s | LR: 2.95e-04
2026-09-23T22:23:51.777 [E1 Step  5000] | Masked L1: 0.6957 | SNR: 16.69 dB | Eff. Rank: 114.3 | GradNorm: 1.01 | Throughput: 1021.7 aud-s/s | LR: 2.95e-04
2026-09-23T22:23:54.125  [Artifact] Saved spectrogram plot -> runs\no-splitformer-moe-only\plots\recon_step_005000.png
2026-09-23T22:23:54.407 >>> [Phase 3 Gate Check @ Step 5000] Short Loss: 0.8682 | Long Loss: 1.1724 | Degradation Ratio: 1.350 | Gate Passed: YES

  🌟 New Best Model! masked_l1 = 0.6957 (Saved to best_model.pt)
2026-09-23T22:23:55.617  [Semantic Checkpoint] Saved to runs\no-splitformer-moe-only\checkpoints\stage1_pretrain

2026-09-23T22:24:06.273 [E1 Step  5025] | Masked L1: 0.9156 | SNR: 14.54 dB | Eff. Rank: 124.9 | GradNorm: 1.60 | Throughput: 1169.8 aud-s/s | LR: 2.95e-04
2026-09-23T22:25:28.574 [E1 Step  5050] | Masked L1: 0.7988 | SNR: 15.87 dB | Eff. Rank: 122.8 | GradNorm: 1.80 | Throughput: 1172.0 aud-s/s | LR: 2.95e-04
2026-09-23T22:25:36.580 [E1 Step  5075] | Masked L1: 0.7803 | SNR: 15.52 dB | Eff. Rank: 113.9 | GradNorm: 1.81 | Throughput: 1192.6 aud-s/s | LR: 2.95e-04
2026-09-23T22:25:44.496 [E1 Step  5100] | Masked L1: 0.8351 | SNR: 15.25 dB | Eff. Rank: 116.0 | GradNorm: 1.17 | Throughput: 1433.1 aud-s/s | LR: 2.95e-04
2026-09-23T22:25:46.612  [Artifact] Saved spectrogram plot -> runs\no-splitformer-moe-only\plots\recon_step_005100.png
2026-09-23T22:25:54.820 [E1 Step  5125] | Masked L1: 0.6628 | SNR: 17.10 dB | Eff. Rank: 114.5 | GradNorm: 1.40 | Throughput: 1078.2 aud-s/s | LR: 2.95e-04
2026-09-23T22:26:02.950 [E1 Step  5150] | Masked L1: 0.6192 | SNR: 17.04 dB | Eff. Rank: 117.7 | GradNorm: 0.91 | Throughput: 945.4 aud-s/s | LR: 2.95e-04
2026-09-23T22:26:11.166 [E1 Step  5175] | Masked L1: 0.5811 | SNR: 17.61 dB | Eff. Rank: 120.8 | GradNorm: 1.04 | Throughput: 824.1 aud-s/s | LR: 2.95e-04
2026-09-23T22:27:39.261 [E1 Step  5200] | Masked L1: 0.7873 | SNR: 15.44 dB | Eff. Rank: 117.6 | GradNorm: 1.00 | Throughput: 1285.0 aud-s/s | LR: 2.95e-04
2026-09-23T22:27:41.383  [Artifact] Saved spectrogram plot -> runs\no-splitformer-moe-only\plots\recon_step_005200.png
2026-09-23T22:27:49.467 [E1 Step  5225] | Masked L1: 0.7370 | SNR: 16.02 dB | Eff. Rank: 115.4 | GradNorm: 1.25 | Throughput: 1022.8 aud-s/s | LR: 2.95e-04
2026-09-23T22:27:57.478 [E1 Step  5250] | Masked L1: 0.6726 | SNR: 16.83 dB | Eff. Rank: 119.9 | GradNorm: 1.22 | Throughput: 1104.8 aud-s/s | LR: 2.94e-04
2026-09-23T22:27:57.592 >>> [Phase 3 Gate Check @ Step 5250] Short Loss: 0.8505 | Long Loss: 1.2071 | Degradation Ratio: 1.419 | Gate Passed: YES

2026-09-23T22:28:05.718 [E1 Step  5275] | Masked L1: 0.6171 | SNR: 17.13 dB | Eff. Rank: 113.6 | GradNorm: 1.32 | Throughput: 1002.6 aud-s/s | LR: 2.94e-04
2026-09-23T22:28:13.816 [E1 Step  5300] | Masked L1: 0.7039 | SNR: 16.34 dB | Eff. Rank: 119.8 | GradNorm: 0.98 | Throughput: 1115.0 aud-s/s | LR: 2.94e-04
2026-09-23T22:28:15.904  [Artifact] Saved spectrogram plot -> runs\no-splitformer-moe-only\plots\recon_step_005300.png
2026-09-23T22:28:23.944 [E1 Step  5325] | Masked L1: 0.5684 | SNR: 17.76 dB | Eff. Rank: 111.1 | GradNorm: 0.92 | Throughput: 1056.1 aud-s/s | LR: 2.94e-04
2026-09-23T22:29:50.137 [E1 Step  5350] | Masked L1: 0.8169 | SNR: 15.79 dB | Eff. Rank: 122.7 | GradNorm: 1.12 | Throughput: 1264.8 aud-s/s | LR: 2.94e-04
2026-09-23T22:29:58.137 [E1 Step  5375] | Masked L1: 0.6342 | SNR: 16.94 dB | Eff. Rank: 111.5 | GradNorm: 1.12 | Throughput: 989.7 aud-s/s | LR: 2.94e-04
2026-09-23T22:30:06.072 [E1 Step  5400] | Masked L1: 0.6813 | SNR: 16.66 dB | Eff. Rank: 118.9 | GradNorm: 1.15 | Throughput: 1063.0 aud-s/s | LR: 2.94e-04
2026-09-23T22:30:08.774  [Artifact] Saved spectrogram plot -> runs\no-splitformer-moe-only\plots\recon_step_005400.png
2026-09-23T22:30:17.110 [E1 Step  5425] | Masked L1: 0.8967 | SNR: 14.91 dB | Eff. Rank: 121.4 | GradNorm: 1.46 | Throughput: 1015.2 aud-s/s | LR: 2.94e-04
2026-09-23T22:30:25.328 [E1 Step  5450] | Masked L1: 0.6439 | SNR: 16.82 dB | Eff. Rank: 117.1 | GradNorm: 1.22 | Throughput: 947.5 aud-s/s | LR: 2.94e-04
2026-09-23T22:30:33.630 [E1 Step  5475] | Masked L1: 0.6350 | SNR: 17.20 dB | Eff. Rank: 118.5 | GradNorm: 1.33 | Throughput: 852.6 aud-s/s | LR: 2.94e-04
2026-09-23T22:31:52.063 [E1 Step  5500] | Masked L1: 0.8208 | SNR: 15.32 dB | Eff. Rank: 121.6 | GradNorm: 1.21 | Throughput:   8.4 aud-s/s | LR: 2.94e-04
2026-09-23T22:31:54.227  [Artifact] Saved spectrogram plot -> runs\no-splitformer-moe-only\plots\recon_step_005500.png
2026-09-23T22:31:54.526 >>> [Phase 3 Gate Check @ Step 5500] Short Loss: 0.8012 | Long Loss: 1.1965 | Degradation Ratio: 1.493 | Gate Passed: YES

2026-09-23T22:32:02.474 [E1 Step  5525] | Masked L1: 0.6985 | SNR: 16.81 dB | Eff. Rank: 122.5 | GradNorm: 1.05 | Throughput: 1085.6 aud-s/s | LR: 2.94e-04
2026-09-23T22:32:10.405 [E1 Step  5550] | Masked L1: 0.7380 | SNR: 16.03 dB | Eff. Rank: 123.0 | GradNorm: 1.20 | Throughput: 1109.3 aud-s/s | LR: 2.94e-04
2026-09-23T22:32:18.423 [E1 Step  5575] | Masked L1: 0.7338 | SNR: 16.36 dB | Eff. Rank: 118.2 | GradNorm: 1.63 | Throughput: 1015.6 aud-s/s | LR: 2.94e-04
2026-09-23T22:32:26.483 [E1 Step  5600] | Masked L1: 0.7397 | SNR: 16.64 dB | Eff. Rank: 119.0 | GradNorm: 1.01 | Throughput: 1311.5 aud-s/s | LR: 2.94e-04
2026-09-23T22:32:28.665  [Artifact] Saved spectrogram plot -> runs\no-splitformer-moe-only\plots\recon_step_005600.png
2026-09-23T22:32:36.882 [E1 Step  5625] | Masked L1: 0.7647 | SNR: 15.90 dB | Eff. Rank: 116.3 | GradNorm: 1.18 | Throughput: 1204.1 aud-s/s | LR: 2.93e-04
2026-09-23T22:32:49.594 [E1 Step  5650] | Masked L1: 0.7287 | SNR: 16.24 dB | Eff. Rank: 119.0 | GradNorm: 1.06 | Throughput: 1151.5 aud-s/s | LR: 2.93e-04
2026-09-23T22:34:10.478 [E1 Step  5675] | Masked L1: 0.6726 | SNR: 16.53 dB | Eff. Rank: 119.9 | GradNorm: 1.10 | Throughput: 986.5 aud-s/s | LR: 2.93e-04
2026-09-23T22:34:18.430 [E1 Step  5700] | Masked L1: 0.7568 | SNR: 16.35 dB | Eff. Rank: 121.8 | GradNorm: 1.29 | Throughput: 1253.8 aud-s/s | LR: 2.93e-04
2026-09-23T22:34:20.573  [Artifact] Saved spectrogram plot -> runs\no-splitformer-moe-only\plots\recon_step_005700.png
2026-09-23T22:34:28.624 [E1 Step  5725] | Masked L1: 0.5904 | SNR: 17.71 dB | Eff. Rank: 115.1 | GradNorm: 1.12 | Throughput: 899.9 aud-s/s | LR: 2.93e-04
2026-09-23T22:34:36.650 [E1 Step  5750] | Masked L1: 0.9658 | SNR: 14.37 dB | Eff. Rank: 122.5 | GradNorm: 0.91 | Throughput: 1399.2 aud-s/s | LR: 2.93e-04
2026-09-23T22:34:36.766 >>> [Phase 3 Gate Check @ Step 5750] Short Loss: 0.8130 | Long Loss: 1.2172 | Degradation Ratio: 1.497 | Gate Passed: YES

2026-09-23T22:34:44.825 [E1 Step  5775] | Masked L1: 0.5903 | SNR: 18.01 dB | Eff. Rank: 116.2 | GradNorm: 1.09 | Throughput: 1052.4 aud-s/s | LR: 2.93e-04
2026-09-23T22:34:53.058 [E1 Step  5800] | Masked L1: 0.8300 | SNR: 15.30 dB | Eff. Rank: 115.0 | GradNorm: 1.23 | Throughput: 1236.4 aud-s/s | LR: 2.93e-04
2026-09-23T22:34:55.342  [Artifact] Saved spectrogram plot -> runs\no-splitformer-moe-only\plots\recon_step_005800.png
2026-09-23T22:36:32.365 [E1 Step  5825] | Masked L1: 0.7791 | SNR: 15.82 dB | Eff. Rank: 119.5 | GradNorm: 1.03 | Throughput: 1100.9 aud-s/s | LR: 2.93e-04
2026-09-23T22:36:40.380 [E1 Step  5850] | Masked L1: 0.7271 | SNR: 16.29 dB | Eff. Rank: 117.8 | GradNorm: 0.98 | Throughput: 1290.1 aud-s/s | LR: 2.93e-04
2026-09-23T22:36:48.657 [E1 Step  5875] | Masked L1: 0.8741 | SNR: 15.02 dB | Eff. Rank: 121.0 | GradNorm: 0.84 | Throughput: 1492.1 aud-s/s | LR: 2.93e-04
2026-09-23T22:36:56.920 [E1 Step  5900] | Masked L1: 0.8084 | SNR: 15.49 dB | Eff. Rank: 117.7 | GradNorm: 0.74 | Throughput: 1464.4 aud-s/s | LR: 2.93e-04
2026-09-23T22:36:59.201  [Artifact] Saved spectrogram plot -> runs\no-splitformer-moe-only\plots\recon_step_005900.png
2026-09-23T22:37:07.753 [E1 Step  5925] | Masked L1: 0.7563 | SNR: 16.25 dB | Eff. Rank: 119.7 | GradNorm: 0.91 | Throughput: 1343.4 aud-s/s | LR: 2.93e-04
2026-09-23T22:37:15.928 [E1 Step  5950] | Masked L1: 0.7637 | SNR: 16.34 dB | Eff. Rank: 122.5 | GradNorm: 1.06 | Throughput: 1251.4 aud-s/s | LR: 2.93e-04
2026-09-23T22:38:43.585 [E1 Step  5975] | Masked L1: 0.8223 | SNR: 15.51 dB | Eff. Rank: 119.4 | GradNorm: 0.70 | Throughput: 1397.4 aud-s/s | LR: 2.92e-04
2026-09-23T22:38:51.736 [E1 Step  6000] | Masked L1: 0.7733 | SNR: 15.81 dB | Eff. Rank: 116.7 | GradNorm: 1.05 | Throughput: 1352.3 aud-s/s | LR: 2.92e-04
2026-09-23T22:38:53.823  [Artifact] Saved spectrogram plot -> runs\no-splitformer-moe-only\plots\recon_step_006000.png
2026-09-23T22:38:54.105 >>> [Phase 3 Gate Check @ Step 6000] Short Loss: 0.8748 | Long Loss: 1.2344 | Degradation Ratio: 1.411 | Gate Passed: YES

2026-09-23T22:38:54.590  [Semantic Checkpoint] Saved to runs\no-splitformer-moe-only\checkpoints\stage1_pretrain

2026-09-23T22:39:02.676 [E1 Step  6025] | Masked L1: 0.7627 | SNR: 16.01 dB | Eff. Rank: 121.9 | GradNorm: 1.10 | Throughput: 1220.8 aud-s/s | LR: 2.92e-04
2026-09-23T22:39:10.848 [E1 Step  6050] | Masked L1: 0.6263 | SNR: 17.53 dB | Eff. Rank: 117.6 | GradNorm: 1.36 | Throughput: 953.1 aud-s/s | LR: 2.92e-04
2026-09-23T22:39:18.833 [E1 Step  6075] | Masked L1: 0.7826 | SNR: 16.16 dB | Eff. Rank: 121.2 | GradNorm: 0.86 | Throughput: 1157.9 aud-s/s | LR: 2.92e-04
2026-09-23T22:39:27.003 [E1 Step  6100] | Masked L1: 0.6810 | SNR: 16.63 dB | Eff. Rank: 115.8 | GradNorm: 1.02 | Throughput: 1112.0 aud-s/s | LR: 2.92e-04
2026-09-23T22:39:29.166  [Artifact] Saved spectrogram plot -> runs\no-splitformer-moe-only\plots\recon_step_006100.png
2026-09-23T22:40:11.687 [E1 Step  6125] | Masked L1: 0.9504 | SNR: 14.62 dB | Eff. Rank: 121.8 | GradNorm: 1.06 | Throughput: 1402.3 aud-s/s | LR: 2.92e-04
2026-09-23T22:41:05.896 [E1 Step  6150] | Masked L1: 0.7195 | SNR: 16.14 dB | Eff. Rank: 115.0 | GradNorm: 1.35 | Throughput: 1051.2 aud-s/s | LR: 2.92e-04
2026-09-23T22:41:13.950 [E1 Step  6175] | Masked L1: 0.6095 | SNR: 17.36 dB | Eff. Rank: 112.7 | GradNorm: 1.59 | Throughput: 1022.1 aud-s/s | LR: 2.92e-04
2026-09-23T22:41:21.815 [E1 Step  6200] | Masked L1: 0.6871 | SNR: 16.60 dB | Eff. Rank: 117.6 | GradNorm: 1.02 | Throughput: 1127.1 aud-s/s | LR: 2.92e-04
2026-09-23T22:41:23.977  [Artifact] Saved spectrogram plot -> runs\no-splitformer-moe-only\plots\recon_step_006200.png
2026-09-23T22:41:32.359 [E1 Step  6225] | Masked L1: 0.8088 | SNR: 15.63 dB | Eff. Rank: 117.8 | GradNorm: 0.90 | Throughput: 1322.7 aud-s/s | LR: 2.92e-04
2026-09-23T22:41:40.534 [E1 Step  6250] | Masked L1: 0.7825 | SNR: 16.26 dB | Eff. Rank: 123.5 | GradNorm: 1.02 | Throughput: 1461.8 aud-s/s | LR: 2.92e-04
2026-09-23T22:41:40.658 >>> [Phase 3 Gate Check @ Step 6250] Short Loss: 0.8077 | Long Loss: 1.2962 | Degradation Ratio: 1.605 | Gate Passed: YES

2026-09-23T22:41:52.587 [E1 Step  6275] | Masked L1: 0.7712 | SNR: 15.78 dB | Eff. Rank: 118.1 | GradNorm: 0.95 | Throughput: 1376.0 aud-s/s | LR: 2.92e-04
2026-09-23T22:43:18.360 [E1 Step  6300] | Masked L1: 0.6979 | SNR: 16.59 dB | Eff. Rank: 122.2 | GradNorm: 1.05 | Throughput: 1118.0 aud-s/s | LR: 2.91e-04
2026-09-23T22:43:20.747  [Artifact] Saved spectrogram plot -> runs\no-splitformer-moe-only\plots\recon_step_006300.png
2026-09-23T22:43:28.950 [E1 Step  6325] | Masked L1: 0.7097 | SNR: 16.75 dB | Eff. Rank: 117.5 | GradNorm: 1.04 | Throughput: 1059.6 aud-s/s | LR: 2.91e-04
2026-09-23T22:43:37.056 [E1 Step  6350] | Masked L1: 0.6760 | SNR: 16.80 dB | Eff. Rank: 115.8 | GradNorm: 1.07 | Throughput: 1036.6 aud-s/s | LR: 2.91e-04
2026-09-23T22:43:45.117 [E1 Step  6375] | Masked L1: 0.7035 | SNR: 16.47 dB | Eff. Rank: 118.7 | GradNorm: 0.89 | Throughput: 1187.1 aud-s/s | LR: 2.91e-04
2026-09-23T22:43:53.361 [E1 Step  6400] | Masked L1: 0.7483 | SNR: 16.23 dB | Eff. Rank: 120.7 | GradNorm: 0.82 | Throughput: 1188.3 aud-s/s | LR: 2.91e-04
2026-09-23T22:43:55.469  [Artifact] Saved spectrogram plot -> runs\no-splitformer-moe-only\plots\recon_step_006400.png
2026-09-23T22:44:03.951 [E1 Step  6425] | Masked L1: 0.8215 | SNR: 15.32 dB | Eff. Rank: 118.9 | GradNorm: 0.74 | Throughput: 1496.8 aud-s/s | LR: 2.91e-04
2026-09-23T22:45:36.070 [E1 Step  6450] | Masked L1: 0.8693 | SNR: 15.34 dB | Eff. Rank: 119.6 | GradNorm: 1.10 | Throughput: 1479.4 aud-s/s | LR: 2.91e-04
2026-09-23T22:45:44.230 [E1 Step  6475] | Masked L1: 0.7877 | SNR: 15.92 dB | Eff. Rank: 120.5 | GradNorm: 0.88 | Throughput: 1412.4 aud-s/s | LR: 2.91e-04
2026-09-23T22:45:52.454 [E1 Step  6500] | Masked L1: 0.8815 | SNR: 14.77 dB | Eff. Rank: 118.2 | GradNorm: 1.36 | Throughput: 1492.4 aud-s/s | LR: 2.91e-04
2026-09-23T22:45:54.598  [Artifact] Saved spectrogram plot -> runs\no-splitformer-moe-only\plots\recon_step_006500.png
2026-09-23T22:45:54.872 >>> [Phase 3 Gate Check @ Step 6500] Short Loss: 0.8380 | Long Loss: 1.2271 | Degradation Ratio: 1.464 | Gate Passed: YES

2026-09-23T22:46:03.173 [E1 Step  6525] | Masked L1: 0.9686 | SNR: 14.22 dB | Eff. Rank: 122.6 | GradNorm: 1.53 | Throughput: 1356.7 aud-s/s | LR: 2.91e-04
2026-09-23T22:46:11.461 [E1 Step  6550] | Masked L1: 0.7898 | SNR: 15.87 dB | Eff. Rank: 116.0 | GradNorm: 1.50 | Throughput: 1323.4 aud-s/s | LR: 2.91e-04
2026-09-23T22:46:19.714 [E1 Step  6575] | Masked L1: 0.7762 | SNR: 15.95 dB | Eff. Rank: 117.2 | GradNorm: 1.44 | Throughput: 1308.8 aud-s/s | LR: 2.91e-04
[Network Relay] Local cache exhausted. Relaying to network for next 10000 samples...
[Network Relay] Cached 10000 samples to chunk_00023.pt (4367.8 MB)
2026-09-23T22:50:24.786 [E1 Step  6600] | Masked L1: 0.6396 | SNR: 17.18 dB | Eff. Rank: 119.7 | GradNorm: 1.24 | Throughput: 1033.6 aud-s/s | LR: 2.90e-04
2026-09-23T22:50:27.280  [Artifact] Saved spectrogram plot -> runs\no-splitformer-moe-only\plots\recon_step_006600.png
2026-09-23T22:50:35.284 [E1 Step  6625] | Masked L1: 0.7206 | SNR: 16.43 dB | Eff. Rank: 115.4 | GradNorm: 0.90 | Throughput: 1157.9 aud-s/s | LR: 2.90e-04
2026-09-23T22:50:43.248 [E1 Step  6650] | Masked L1: 0.7095 | SNR: 16.66 dB | Eff. Rank: 116.5 | GradNorm: 0.86 | Throughput: 1138.5 aud-s/s | LR: 2.90e-04
2026-09-23T22:50:51.195 [E1 Step  6675] | Masked L1: 0.7869 | SNR: 15.62 dB | Eff. Rank: 115.0 | GradNorm: 1.48 | Throughput: 1345.8 aud-s/s | LR: 2.90e-04
2026-09-23T22:50:59.246 [E1 Step  6700] | Masked L1: 0.8637 | SNR: 14.96 dB | Eff. Rank: 117.1 | GradNorm: 1.18 | Throughput: 1430.3 aud-s/s | LR: 2.90e-04
2026-09-23T22:51:01.201  [Artifact] Saved spectrogram plot -> runs\no-splitformer-moe-only\plots\recon_step_006700.png
2026-09-23T22:51:09.316 [E1 Step  6725] | Masked L1: 0.6794 | SNR: 16.61 dB | Eff. Rank: 115.8 | GradNorm: 0.99 | Throughput: 1155.9 aud-s/s | LR: 2.90e-04
[Network Relay] Local cache exhausted. Relaying to network for next 10000 samples...
2026-09-23T22:51:21.793 [E1 Step  6750] | Masked L1: 0.8197 | SNR: 15.42 dB | Eff. Rank: 119.6 | GradNorm: 0.97 | Throughput: 745.0 aud-s/s | LR: 2.90e-04
2026-09-23T22:51:22.030 >>> [Phase 3 Gate Check @ Step 6750] Short Loss: 0.7923 | Long Loss: 1.1287 | Degradation Ratio: 1.425 | Gate Passed: YES

'The read operation timed out' thrown while requesting GET https://huggingface.co/datasets/ai4bharat/Shrutilipi/resolve/f4beb2f2cfaeae5a8fc28808f85165fec1cb19b3/marathi/train-00021-of-00085.parquet
Retrying in 1s [Retry 1/5].
[Network Relay] Cached 10000 samples to chunk_00024.pt (4241.7 MB)
2026-09-23T22:56:19.716 [E1 Step  6775] | Masked L1: 0.5852 | SNR: 17.50 dB | Eff. Rank: 117.0 | GradNorm: 1.03 | Throughput: 955.0 aud-s/s | LR: 2.90e-04
2026-09-23T22:56:27.776 [E1 Step  6800] | Masked L1: 0.8248 | SNR: 15.06 dB | Eff. Rank: 114.2 | GradNorm: 1.47 | Throughput: 1261.9 aud-s/s | LR: 2.90e-04
2026-09-23T22:56:30.133  [Artifact] Saved spectrogram plot -> runs\no-splitformer-moe-only\plots\recon_step_006800.png
2026-09-23T22:56:38.518 [E1 Step  6825] | Masked L1: 0.7400 | SNR: 16.12 dB | Eff. Rank: 121.2 | GradNorm: 1.32 | Throughput: 1139.4 aud-s/s | LR: 2.90e-04
2026-09-23T22:56:46.758 [E1 Step  6850] | Masked L1: 0.6836 | SNR: 16.68 dB | Eff. Rank: 121.8 | GradNorm: 0.97 | Throughput: 1103.7 aud-s/s | LR: 2.90e-04
2026-09-23T22:56:54.946 [E1 Step  6875] | Masked L1: 0.5694 | SNR: 18.23 dB | Eff. Rank: 117.2 | GradNorm: 1.02 | Throughput: 999.0 aud-s/s | LR: 2.89e-04
[Network Relay] Local cache exhausted. Relaying to network for next 10000 samples...
2026-09-23T22:57:06.256 [E1 Step  6900] | Masked L1: 0.6212 | SNR: 17.27 dB | Eff. Rank: 112.5 | GradNorm: 0.83 | Throughput: 586.6 aud-s/s | LR: 2.89e-04
2026-09-23T22:57:09.287  [Artifact] Saved spectrogram plot -> runs\no-splitformer-moe-only\plots\recon_step_006900.png
[Network Relay] Cached 10000 samples to chunk_00025.pt (4151.1 MB)
2026-09-23T23:01:58.260 [E1 Step  6925] | Masked L1: 0.5946 | SNR: 18.01 dB | Eff. Rank: 120.5 | GradNorm: 1.25 | Throughput: 892.1 aud-s/s | LR: 2.89e-04
2026-09-23T23:02:06.387 [E1 Step  6950] | Masked L1: 0.6274 | SNR: 17.37 dB | Eff. Rank: 113.3 | GradNorm: 1.50 | Throughput: 924.3 aud-s/s | LR: 2.89e-04
2026-09-23T23:02:14.425 [E1 Step  6975] | Masked L1: 0.7436 | SNR: 16.01 dB | Eff. Rank: 114.7 | GradNorm: 1.05 | Throughput: 1198.0 aud-s/s | LR: 2.89e-04
2026-09-23T23:02:22.586 [E1 Step  7000] | Masked L1: 0.5998 | SNR: 17.63 dB | Eff. Rank: 119.5 | GradNorm: 1.11 | Throughput: 876.5 aud-s/s | LR: 2.89e-04
2026-09-23T23:02:24.845  [Artifact] Saved spectrogram plot -> runs\no-splitformer-moe-only\plots\recon_step_007000.png
2026-09-23T23:02:25.091 >>> [Phase 3 Gate Check @ Step 7000] Short Loss: 0.8525 | Long Loss: 1.1742 | Degradation Ratio: 1.377 | Gate Passed: YES

  🌟 New Best Model! masked_l1 = 0.5998 (Saved to best_model.pt)
2026-09-23T23:02:26.170  [Semantic Checkpoint] Saved to runs\no-splitformer-moe-only\checkpoints\stage1_pretrain

2026-09-23T23:02:34.398 [E1 Step  7025] | Masked L1: 0.7564 | SNR: 15.85 dB | Eff. Rank: 120.8 | GradNorm: 1.32 | Throughput: 919.5 aud-s/s | LR: 2.89e-04
2026-09-23T23:02:42.707 [E1 Step  7050] | Masked L1: 0.5615 | SNR: 17.97 dB | Eff. Rank: 112.3 | GradNorm: 1.40 | Throughput: 954.8 aud-s/s | LR: 2.89e-04
[Network Relay] Local cache exhausted. Relaying to network for next 10000 samples...
[Network Relay] Cached 10000 samples to chunk_00026.pt (4193.2 MB)
2026-09-23T23:07:41.861 [E1 Step  7075] | Masked L1: 0.7452 | SNR: 16.16 dB | Eff. Rank: 113.2 | GradNorm: 1.41 | Throughput: 1387.4 aud-s/s | LR: 2.89e-04
2026-09-23T23:07:49.857 [E1 Step  7100] | Masked L1: 0.5681 | SNR: 18.25 dB | Eff. Rank: 117.6 | GradNorm: 1.07 | Throughput: 925.8 aud-s/s | LR: 2.89e-04
2026-09-23T23:07:52.146  [Artifact] Saved spectrogram plot -> runs\no-splitformer-moe-only\plots\recon_step_007100.png
2026-09-23T23:08:00.444 [E1 Step  7125] | Masked L1: 0.5469 | SNR: 18.09 dB | Eff. Rank: 116.5 | GradNorm: 1.01 | Throughput: 971.0 aud-s/s | LR: 2.89e-04
2026-09-23T23:08:08.655 [E1 Step  7150] | Masked L1: 0.6207 | SNR: 17.19 dB | Eff. Rank: 116.7 | GradNorm: 0.95 | Throughput: 966.6 aud-s/s | LR: 2.88e-04
2026-09-23T23:08:16.818 [E1 Step  7175] | Masked L1: 0.7971 | SNR: 15.55 dB | Eff. Rank: 121.2 | GradNorm: 1.30 | Throughput: 1046.1 aud-s/s | LR: 2.88e-04
2026-09-23T23:08:25.002 [E1 Step  7200] | Masked L1: 0.6331 | SNR: 17.16 dB | Eff. Rank: 116.0 | GradNorm: 0.88 | Throughput: 1033.1 aud-s/s | LR: 2.88e-04
2026-09-23T23:08:27.303  [Artifact] Saved spectrogram plot -> runs\no-splitformer-moe-only\plots\recon_step_007200.png
[Network Relay] Local cache exhausted. Relaying to network for next 10000 samples...
[Network Relay] Cached 10000 samples to chunk_00027.pt (4360.3 MB)
'peer closed connection without sending complete message body (received 15286000 bytes, expected 16143272)' thrown while requesting GET https://huggingface.co/datasets/ai4bharat/Shrutilipi/resolve/f4beb2f2cfaeae5a8fc28808f85165fec1cb19b3/marathi/train-00025-of-00085.parquet
Retrying in 1s [Retry 1/5].
'peer closed connection without sending complete message body (received 14942084 bytes, expected 21889489)' thrown while requesting GET https://huggingface.co/datasets/ARTPARK-IISc/Vaani/resolve/9e6ed4f94f7060e633cbc500480623ae7521522c/audio/Marathi/train-00030-of-00232.parquet
Retrying in 1s [Retry 1/5].
2026-09-23T23:14:50.093 [E1 Step  7225] | Masked L1: 0.6840 | SNR: 16.47 dB | Eff. Rank: 117.9 | GradNorm: 0.99 | Throughput: 900.3 aud-s/s | LR: 2.88e-04
2026-09-23T23:14:58.124 [E1 Step  7250] | Masked L1: 0.7808 | SNR: 15.82 dB | Eff. Rank: 115.0 | GradNorm: 1.34 | Throughput: 1049.5 aud-s/s | LR: 2.88e-04
2026-09-23T23:14:58.244 >>> [Phase 3 Gate Check @ Step 7250] Short Loss: 0.8011 | Long Loss: 1.1589 | Degradation Ratio: 1.447 | Gate Passed: YES

2026-09-23T23:15:06.226 [E1 Step  7275] | Masked L1: 0.7470 | SNR: 16.03 dB | Eff. Rank: 122.8 | GradNorm: 1.47 | Throughput: 1220.7 aud-s/s | LR: 2.88e-04
2026-09-23T23:15:14.180 [E1 Step  7300] | Masked L1: 0.7510 | SNR: 15.96 dB | Eff. Rank: 118.5 | GradNorm: 0.83 | Throughput: 1167.9 aud-s/s | LR: 2.88e-04
2026-09-23T23:15:16.371  [Artifact] Saved spectrogram plot -> runs\no-splitformer-moe-only\plots\recon_step_007300.png
2026-09-23T23:15:24.314 [E1 Step  7325] | Masked L1: 0.7101 | SNR: 16.73 dB | Eff. Rank: 120.1 | GradNorm: 1.15 | Throughput: 991.2 aud-s/s | LR: 2.88e-04
2026-09-23T23:15:32.480 [E1 Step  7350] | Masked L1: 1.0462 | SNR: 13.99 dB | Eff. Rank: 118.2 | GradNorm: 1.33 | Throughput: 1478.3 aud-s/s | LR: 2.88e-04
[Network Relay] Local cache exhausted. Relaying to network for next 10000 samples...
2026-09-23T23:15:45.423 [E1 Step  7375] | Masked L1: 0.8534 | SNR: 14.94 dB | Eff. Rank: 116.2 | GradNorm: 1.63 | Throughput: 614.3 aud-s/s | LR: 2.88e-04
[Network Relay] Cached 10000 samples to chunk_00028.pt (5254.0 MB)
'peer closed connection without sending complete message body (received 18289620 bytes, expected 20522309)' thrown while requesting GET https://huggingface.co/datasets/ARTPARK-IISc/Vaani/resolve/9e6ed4f94f7060e633cbc500480623ae7521522c/audio/Marathi/train-00032-of-00232.parquet
Retrying in 1s [Retry 1/5].
2026-09-23T23:24:33.507 [E1 Step  7400] | Masked L1: 0.7276 | SNR: 16.25 dB | Eff. Rank: 115.3 | GradNorm: 1.10 | Throughput: 1215.0 aud-s/s | LR: 2.88e-04
2026-09-23T23:24:35.612  [Artifact] Saved spectrogram plot -> runs\no-splitformer-moe-only\plots\recon_step_007400.png
2026-09-23T23:24:43.819 [E1 Step  7425] | Masked L1: 0.8918 | SNR: 14.83 dB | Eff. Rank: 118.7 | GradNorm: 0.95 | Throughput: 1462.9 aud-s/s | LR: 2.87e-04
2026-09-23T23:24:52.059 [E1 Step  7450] | Masked L1: 0.8476 | SNR: 15.44 dB | Eff. Rank: 119.9 | GradNorm: 1.06 | Throughput: 1514.9 aud-s/s | LR: 2.87e-04
2026-09-23T23:25:00.368 [E1 Step  7475] | Masked L1: 0.9433 | SNR: 14.07 dB | Eff. Rank: 119.5 | GradNorm: 1.07 | Throughput: 1625.2 aud-s/s | LR: 2.87e-04
2026-09-23T23:25:08.564 [E1 Step  7500] | Masked L1: 0.8018 | SNR: 15.70 dB | Eff. Rank: 117.6 | GradNorm: 1.22 | Throughput: 1160.2 aud-s/s | LR: 2.87e-04
2026-09-23T23:25:10.717  [Artifact] Saved spectrogram plot -> runs\no-splitformer-moe-only\plots\recon_step_007500.png
2026-09-23T23:25:11.015 >>> [Phase 3 Gate Check @ Step 7500] Short Loss: 0.8215 | Long Loss: 1.2084 | Degradation Ratio: 1.471 | Gate Passed: YES

[Network Relay] Local cache exhausted. Relaying to network for next 10000 samples...
2026-09-23T23:25:23.187 [E1 Step  7525] | Masked L1: 0.7424 | SNR: 16.41 dB | Eff. Rank: 120.0 | GradNorm: 1.14 | Throughput: 1242.0 aud-s/s | LR: 2.87e-04
[Network Relay] Cached 10000 samples to chunk_00029.pt (4570.5 MB)
2026-09-23T23:31:07.392 [E1 Step  7550] | Masked L1: 0.7548 | SNR: 16.28 dB | Eff. Rank: 115.2 | GradNorm: 1.32 | Throughput: 1173.6 aud-s/s | LR: 2.87e-04
2026-09-23T23:31:15.565 [E1 Step  7575] | Masked L1: 0.8758 | SNR: 15.20 dB | Eff. Rank: 121.0 | GradNorm: 0.97 | Throughput: 1470.5 aud-s/s | LR: 2.87e-04
2026-09-23T23:31:23.720 [E1 Step  7600] | Masked L1: 0.7346 | SNR: 16.18 dB | Eff. Rank: 121.1 | GradNorm: 1.06 | Throughput: 1186.2 aud-s/s | LR: 2.87e-04
2026-09-23T23:31:26.146  [Artifact] Saved spectrogram plot -> runs\no-splitformer-moe-only\plots\recon_step_007600.png
2026-09-23T23:31:34.507 [E1 Step  7625] | Masked L1: 0.5558 | SNR: 17.94 dB | Eff. Rank: 115.0 | GradNorm: 1.13 | Throughput: 1008.9 aud-s/s | LR: 2.87e-04
2026-09-23T23:31:42.737 [E1 Step  7650] | Masked L1: 0.7306 | SNR: 16.09 dB | Eff. Rank: 116.7 | GradNorm: 1.05 | Throughput: 1093.3 aud-s/s | LR: 2.87e-04
2026-09-23T23:31:50.806 [E1 Step  7675] | Masked L1: 0.7478 | SNR: 15.66 dB | Eff. Rank: 115.1 | GradNorm: 1.23 | Throughput: 1012.3 aud-s/s | LR: 2.86e-04
[Network Relay] Local cache exhausted. Relaying to network for next 10000 samples...
[Network Relay] Cached 10000 samples to chunk_00030.pt (4517.0 MB)
2026-09-23T23:37:03.946 [E1 Step  7700] | Masked L1: 0.9482 | SNR: 14.38 dB | Eff. Rank: 121.3 | GradNorm: 0.99 | Throughput: 1362.8 aud-s/s | LR: 2.86e-04
2026-09-23T23:37:06.111  [Artifact] Saved spectrogram plot -> runs\no-splitformer-moe-only\plots\recon_step_007700.png
2026-09-23T23:37:14.323 [E1 Step  7725] | Masked L1: 0.6268 | SNR: 17.90 dB | Eff. Rank: 117.8 | GradNorm: 0.95 | Throughput: 1064.3 aud-s/s | LR: 2.86e-04
2026-09-23T23:37:22.325 [E1 Step  7750] | Masked L1: 0.5922 | SNR: 17.68 dB | Eff. Rank: 119.4 | GradNorm: 1.11 | Throughput: 1045.4 aud-s/s | LR: 2.86e-04
2026-09-23T23:37:22.438 >>> [Phase 3 Gate Check @ Step 7750] Short Loss: 0.7784 | Long Loss: 1.1813 | Degradation Ratio: 1.518 | Gate Passed: YES

2026-09-23T23:37:30.507 [E1 Step  7775] | Masked L1: 0.7631 | SNR: 15.95 dB | Eff. Rank: 122.3 | GradNorm: 0.88 | Throughput: 1185.6 aud-s/s | LR: 2.86e-04
2026-09-23T23:37:38.710 [E1 Step  7800] | Masked L1: 0.7243 | SNR: 16.40 dB | Eff. Rank: 119.2 | GradNorm: 1.00 | Throughput: 1321.3 aud-s/s | LR: 2.86e-04
2026-09-23T23:37:41.030  [Artifact] Saved spectrogram plot -> runs\no-splitformer-moe-only\plots\recon_step_007800.png
2026-09-23T23:37:49.309 [E1 Step  7825] | Masked L1: 0.6706 | SNR: 17.01 dB | Eff. Rank: 117.4 | GradNorm: 0.81 | Throughput: 1151.0 aud-s/s | LR: 2.86e-04
[Network Relay] Local cache exhausted. Relaying to network for next 10000 samples...
[Network Relay] Cached 10000 samples to chunk_00031.pt (4618.4 MB)
2026-09-23T23:43:31.624 [E1 Step  7850] | Masked L1: 0.7799 | SNR: 15.77 dB | Eff. Rank: 124.2 | GradNorm: 1.03 | Throughput: 1081.0 aud-s/s | LR: 2.86e-04
2026-09-23T23:43:39.903 [E1 Step  7875] | Masked L1: 0.7802 | SNR: 15.73 dB | Eff. Rank: 125.0 | GradNorm: 1.11 | Throughput: 1089.3 aud-s/s | LR: 2.86e-04
2026-09-23T23:43:47.997 [E1 Step  7900] | Masked L1: 0.6699 | SNR: 16.85 dB | Eff. Rank: 119.8 | GradNorm: 1.09 | Throughput: 1076.5 aud-s/s | LR: 2.86e-04
2026-09-23T23:43:50.462  [Artifact] Saved spectrogram plot -> runs\no-splitformer-moe-only\plots\recon_step_007900.png
2026-09-23T23:43:58.856 [E1 Step  7925] | Masked L1: 0.7136 | SNR: 16.61 dB | Eff. Rank: 123.2 | GradNorm: 1.03 | Throughput: 959.7 aud-s/s | LR: 2.85e-04
2026-09-23T23:44:07.171 [E1 Step  7950] | Masked L1: 0.7191 | SNR: 16.24 dB | Eff. Rank: 121.7 | GradNorm: 1.03 | Throughput: 1104.9 aud-s/s | LR: 2.85e-04
2026-09-23T23:44:15.503 [E1 Step  7975] | Masked L1: 0.6360 | SNR: 17.19 dB | Eff. Rank: 116.9 | GradNorm: 0.85 | Throughput: 1234.1 aud-s/s | LR: 2.85e-04
[Network Relay] Local cache exhausted. Relaying to network for next 10000 samples...
2026-09-23T23:44:30.014 [E1 Step  8000] | Masked L1: 0.7089 | SNR: 16.44 dB | Eff. Rank: 117.3 | GradNorm: 1.21 | Throughput: 729.4 aud-s/s | LR: 2.85e-04
2026-09-23T23:44:33.548  [Artifact] Saved spectrogram plot -> runs\no-splitformer-moe-only\plots\recon_step_008000.png
2026-09-23T23:44:33.984 >>> [Phase 3 Gate Check @ Step 8000] Short Loss: 0.7795 | Long Loss: 1.2659 | Degradation Ratio: 1.624 | Gate Passed: YES

2026-09-23T23:44:34.939  [Semantic Checkpoint] Saved to runs\no-splitformer-moe-only\checkpoints\stage1_pretrain

[Network Relay] Cached 10000 samples to chunk_00032.pt (5306.9 MB)
2026-09-23T23:52:33.382 [E1 Step  8025] | Masked L1: 0.7220 | SNR: 16.50 dB | Eff. Rank: 118.6 | GradNorm: 0.95 | Throughput: 1267.5 aud-s/s | LR: 2.85e-04
2026-09-23T23:52:41.582 [E1 Step  8050] | Masked L1: 0.8175 | SNR: 15.42 dB | Eff. Rank: 124.0 | GradNorm: 1.12 | Throughput: 1291.9 aud-s/s | LR: 2.85e-04
2026-09-23T23:52:49.716 [E1 Step  8075] | Masked L1: 0.6991 | SNR: 16.44 dB | Eff. Rank: 115.7 | GradNorm: 0.71 | Throughput: 1372.6 aud-s/s | LR: 2.85e-04
2026-09-23T23:52:57.912 [E1 Step  8100] | Masked L1: 0.9478 | SNR: 14.19 dB | Eff. Rank: 122.4 | GradNorm: 1.17 | Throughput: 1455.9 aud-s/s | LR: 2.85e-04
2026-09-23T23:53:00.167  [Artifact] Saved spectrogram plot -> runs\no-splitformer-moe-only\plots\recon_step_008100.png
2026-09-23T23:53:08.730 [E1 Step  8125] | Masked L1: 0.7122 | SNR: 16.30 dB | Eff. Rank: 119.6 | GradNorm: 1.00 | Throughput: 1127.2 aud-s/s | LR: 2.85e-04
[Network Relay] Local cache exhausted. Relaying to network for next 10000 samples...
2026-09-23T23:53:21.188 [E1 Step  8150] | Masked L1: 0.8680 | SNR: 14.98 dB | Eff. Rank: 120.5 | GradNorm: 0.95 | Throughput: 893.2 aud-s/s | LR: 2.85e-04
'The read operation timed out' thrown while requesting GET https://huggingface.co/datasets/ARTPARK-IISc/Vaani/resolve/9e6ed4f94f7060e633cbc500480623ae7521522c/audio/Marathi/train-00039-of-00232.parquet
Retrying in 1s [Retry 1/5].
[Network Relay Warning] Failed to save chunk_00033.pt: [enforce fail at inline_container.cc:626] . unexpected pos 128 vs 0
2026-09-24T00:00:22.186 [E1 Step  8175] | Masked L1: 0.6961 | SNR: 17.00 dB | Eff. Rank: 120.8 | GradNorm: 1.01 | Throughput: 1276.7 aud-s/s | LR: 2.84e-04
2026-09-24T00:00:30.481 [E1 Step  8200] | Masked L1: 0.8482 | SNR: 15.62 dB | Eff. Rank: 123.3 | GradNorm: 1.36 | Throughput: 1382.7 aud-s/s | LR: 2.84e-04
2026-09-24T00:00:32.848  [Artifact] Saved spectrogram plot -> runs\no-splitformer-moe-only\plots\recon_step_008200.png
2026-09-24T00:00:41.409 [E1 Step  8225] | Masked L1: 0.8585 | SNR: 14.95 dB | Eff. Rank: 119.3 | GradNorm: 1.25 | Throughput: 1460.6 aud-s/s | LR: 2.84e-04
2026-09-24T00:00:49.789 [E1 Step  8250] | Masked L1: 0.7867 | SNR: 15.10 dB | Eff. Rank: 112.7 | GradNorm: 1.24 | Throughput: 1518.1 aud-s/s | LR: 2.84e-04
2026-09-24T00:00:49.910 >>> [Phase 3 Gate Check @ Step 8250] Short Loss: 0.8115 | Long Loss: 1.1766 | Degradation Ratio: 1.450 | Gate Passed: YES

2026-09-24T00:00:58.288 [E1 Step  8275] | Masked L1: 0.9618 | SNR: 13.94 dB | Eff. Rank: 119.0 | GradNorm: 1.22 | Throughput: 1356.9 aud-s/s | LR: 2.84e-04
2026-09-24T00:01:06.622 [E1 Step  8300] | Masked L1: 0.7330 | SNR: 16.39 dB | Eff. Rank: 115.9 | GradNorm: 0.99 | Throughput: 1249.8 aud-s/s | LR: 2.84e-04
2026-09-24T00:01:09.145  [Artifact] Saved spectrogram plot -> runs\no-splitformer-moe-only\plots\recon_step_008300.png
[Network Relay] Local cache exhausted. Relaying to network for next 10000 samples...
'The read operation timed out' thrown while requesting GET https://huggingface.co/datasets/ARTPARK-IISc/Vaani/resolve/9e6ed4f94f7060e633cbc500480623ae7521522c/audio/Marathi/train-00042-of-00232.parquet
Retrying in 1s [Retry 1/5].
'The read operation timed out' thrown while requesting GET https://huggingface.co/datasets/ARTPARK-IISc/Vaani/resolve/9e6ed4f94f7060e633cbc500480623ae7521522c/audio/Marathi/train-00042-of-00232.parquet
Retrying in 1s [Retry 1/5].
[Network Relay] Cached 10000 samples to chunk_00034.pt (4898.7 MB)
2026-09-24T00:08:23.925 [E1 Step  8325] | Masked L1: 0.9902 | SNR: 14.03 dB | Eff. Rank: 121.8 | GradNorm: 1.19 | Throughput: 1447.6 aud-s/s | LR: 2.84e-04
2026-09-24T00:08:31.976 [E1 Step  8350] | Masked L1: 0.8755 | SNR: 15.05 dB | Eff. Rank: 121.3 | GradNorm: 1.25 | Throughput: 1342.2 aud-s/s | LR: 2.84e-04
2026-09-24T00:08:40.045 [E1 Step  8375] | Masked L1: 0.8013 | SNR: 15.93 dB | Eff. Rank: 120.5 | GradNorm: 0.97 | Throughput: 1346.0 aud-s/s | LR: 2.84e-04
2026-09-24T00:08:48.139 [E1 Step  8400] | Masked L1: 0.7056 | SNR: 16.77 dB | Eff. Rank: 119.1 | GradNorm: 1.50 | Throughput: 1157.8 aud-s/s | LR: 2.83e-04
2026-09-24T00:08:50.242  [Artifact] Saved spectrogram plot -> runs\no-splitformer-moe-only\plots\recon_step_008400.png
2026-09-24T00:08:58.556 [E1 Step  8425] | Masked L1: 0.7644 | SNR: 16.01 dB | Eff. Rank: 123.5 | GradNorm: 1.21 | Throughput: 1256.8 aud-s/s | LR: 2.83e-04
2026-09-24T00:09:06.716 [E1 Step  8450] | Masked L1: 0.7345 | SNR: 16.54 dB | Eff. Rank: 120.1 | GradNorm: 0.98 | Throughput: 1212.9 aud-s/s | LR: 2.83e-04
[Network Relay] Local cache exhausted. Relaying to network for next 10000 samples...
[Network Relay] Cached 10000 samples to chunk_00035.pt (4513.8 MB)
2026-09-24T00:15:08.322 [E1 Step  8475] | Masked L1: 0.7438 | SNR: 16.31 dB | Eff. Rank: 120.2 | GradNorm: 0.97 | Throughput: 1296.4 aud-s/s | LR: 2.83e-04
2026-09-24T00:15:16.547 [E1 Step  8500] | Masked L1: 0.7633 | SNR: 15.93 dB | Eff. Rank: 119.2 | GradNorm: 0.90 | Throughput: 1173.4 aud-s/s | LR: 2.83e-04
2026-09-24T00:15:18.746  [Artifact] Saved spectrogram plot -> runs\no-splitformer-moe-only\plots\recon_step_008500.png
2026-09-24T00:15:19.044 >>> [Phase 3 Gate Check @ Step 8500] Short Loss: 0.7724 | Long Loss: 1.1319 | Degradation Ratio: 1.465 | Gate Passed: YES

2026-09-24T00:15:27.339 [E1 Step  8525] | Masked L1: 0.7973 | SNR: 15.77 dB | Eff. Rank: 120.8 | GradNorm: 0.85 | Throughput: 1488.2 aud-s/s | LR: 2.83e-04
2026-09-24T00:15:35.502 [E1 Step  8550] | Masked L1: 0.6434 | SNR: 17.39 dB | Eff. Rank: 116.9 | GradNorm: 1.12 | Throughput: 1218.5 aud-s/s | LR: 2.83e-04
2026-09-24T00:15:43.914 [E1 Step  8575] | Masked L1: 0.8013 | SNR: 15.49 dB | Eff. Rank: 117.6 | GradNorm: 1.01 | Throughput: 1160.9 aud-s/s | LR: 2.83e-04
2026-09-24T00:15:51.823 [E1 Step  8600] | Masked L1: 0.5380 | SNR: 17.93 dB | Eff. Rank: 120.9 | GradNorm: 1.23 | Throughput: 821.4 aud-s/s | LR: 2.83e-04
2026-09-24T00:15:54.015  [Artifact] Saved spectrogram plot -> runs\no-splitformer-moe-only\plots\recon_step_008600.png
[Network Relay] Local cache exhausted. Relaying to network for next 10000 samples...
2026-09-24T00:16:07.943 [E1 Step  8625] | Masked L1: 0.5961 | SNR: 18.07 dB | Eff. Rank: 121.2 | GradNorm: 1.29 | Throughput: 638.8 aud-s/s | LR: 2.82e-04
'The read operation timed out' thrown while requesting GET https://huggingface.co/datasets/ARTPARK-IISc/Vaani/resolve/9e6ed4f94f7060e633cbc500480623ae7521522c/audio/Marathi/train-00045-of-00232.parquet
Retrying in 1s [Retry 1/5].
'The read operation timed out' thrown while requesting GET https://huggingface.co/datasets/ARTPARK-IISc/Vaani/resolve/9e6ed4f94f7060e633cbc500480623ae7521522c/audio/Marathi/train-00045-of-00232.parquet
Retrying in 2s [Retry 2/5].
[Network Relay] Cached 10000 samples to chunk_00036.pt (4352.2 MB)
2026-09-24T00:22:13.842 [E1 Step  8650] | Masked L1: 0.6234 | SNR: 17.21 dB | Eff. Rank: 118.0 | GradNorm: 0.99 | Throughput: 1055.3 aud-s/s | LR: 2.82e-04
2026-09-24T00:22:21.969 [E1 Step  8675] | Masked L1: 0.7444 | SNR: 16.15 dB | Eff. Rank: 123.0 | GradNorm: 1.03 | Throughput: 1185.0 aud-s/s | LR: 2.82e-04
2026-09-24T00:22:30.068 [E1 Step  8700] | Masked L1: 0.6501 | SNR: 17.07 dB | Eff. Rank: 118.9 | GradNorm: 1.02 | Throughput: 1010.4 aud-s/s | LR: 2.82e-04
2026-09-24T00:22:32.646  [Artifact] Saved spectrogram plot -> runs\no-splitformer-moe-only\plots\recon_step_008700.png
2026-09-24T00:22:40.946 [E1 Step  8725] | Masked L1: 0.8128 | SNR: 15.59 dB | Eff. Rank: 124.0 | GradNorm: 1.63 | Throughput: 1292.7 aud-s/s | LR: 2.82e-04
2026-09-24T00:22:48.902 [E1 Step  8750] | Masked L1: 0.9078 | SNR: 14.39 dB | Eff. Rank: 120.3 | GradNorm: 0.78 | Throughput: 1518.5 aud-s/s | LR: 2.82e-04
2026-09-24T00:22:49.014 >>> [Phase 3 Gate Check @ Step 8750] Short Loss: 0.7960 | Long Loss: 1.2055 | Degradation Ratio: 1.514 | Gate Passed: YES

[Network Relay] Local cache exhausted. Relaying to network for next 10000 samples...
2026-09-24T00:23:01.027 [E1 Step  8775] | Masked L1: 0.5790 | SNR: 18.08 dB | Eff. Rank: 116.9 | GradNorm: 1.26 | Throughput: 512.1 aud-s/s | LR: 2.82e-04
[Network Relay] Cached 10000 samples to chunk_00037.pt (4437.5 MB)
2026-09-24T00:28:59.858 [E1 Step  8800] | Masked L1: 0.7517 | SNR: 16.16 dB | Eff. Rank: 118.4 | GradNorm: 1.13 | Throughput: 1249.9 aud-s/s | LR: 2.82e-04
2026-09-24T00:29:02.389  [Artifact] Saved spectrogram plot -> runs\no-splitformer-moe-only\plots\recon_step_008800.png
2026-09-24T00:29:10.756 [E1 Step  8825] | Masked L1: 0.7586 | SNR: 16.10 dB | Eff. Rank: 119.3 | GradNorm: 1.17 | Throughput: 1084.6 aud-s/s | LR: 2.82e-04
2026-09-24T00:29:18.830 [E1 Step  8850] | Masked L1: 0.7204 | SNR: 16.18 dB | Eff. Rank: 117.0 | GradNorm: 1.09 | Throughput: 1060.5 aud-s/s | LR: 2.81e-04
2026-09-24T00:29:26.908 [E1 Step  8875] | Masked L1: 0.6626 | SNR: 17.05 dB | Eff. Rank: 118.9 | GradNorm: 1.10 | Throughput: 1137.2 aud-s/s | LR: 2.81e-04
2026-09-24T00:29:34.889 [E1 Step  8900] | Masked L1: 0.7334 | SNR: 16.61 dB | Eff. Rank: 125.9 | GradNorm: 1.30 | Throughput: 1141.0 aud-s/s | LR: 2.81e-04
2026-09-24T00:29:36.893  [Artifact] Saved spectrogram plot -> runs\no-splitformer-moe-only\plots\recon_step_008900.png
2026-09-24T00:29:45.082 [E1 Step  8925] | Masked L1: 0.6882 | SNR: 16.66 dB | Eff. Rank: 116.7 | GradNorm: 1.24 | Throughput: 1029.4 aud-s/s | LR: 2.81e-04
[Network Relay] Local cache exhausted. Relaying to network for next 10000 samples...
[Network Relay] Cached 10000 samples to chunk_00038.pt (4649.0 MB)
2026-09-24T00:36:13.835 [E1 Step  8950] | Masked L1: 0.6914 | SNR: 16.39 dB | Eff. Rank: 113.4 | GradNorm: 1.18 | Throughput: 1178.8 aud-s/s | LR: 2.81e-04
2026-09-24T00:36:22.105 [E1 Step  8975] | Masked L1: 0.7069 | SNR: 16.40 dB | Eff. Rank: 115.6 | GradNorm: 1.18 | Throughput: 1023.3 aud-s/s | LR: 2.81e-04
2026-09-24T00:36:30.247 [E1 Step  9000] | Masked L1: 0.7705 | SNR: 16.02 dB | Eff. Rank: 121.9 | GradNorm: 1.25 | Throughput: 1218.8 aud-s/s | LR: 2.81e-04
2026-09-24T00:36:32.540  [Artifact] Saved spectrogram plot -> runs\no-splitformer-moe-only\plots\recon_step_009000.png
2026-09-24T00:36:32.839 >>> [Phase 3 Gate Check @ Step 9000] Short Loss: 0.7709 | Long Loss: 1.1206 | Degradation Ratio: 1.454 | Gate Passed: YES

2026-09-24T00:36:33.412  [Semantic Checkpoint] Saved to runs\no-splitformer-moe-only\checkpoints\stage1_pretrain

2026-09-24T00:36:41.740 [E1 Step  9025] | Masked L1: 0.8393 | SNR: 15.41 dB | Eff. Rank: 117.5 | GradNorm: 1.17 | Throughput: 1228.2 aud-s/s | LR: 2.81e-04
2026-09-24T00:36:50.199 [E1 Step  9050] | Masked L1: 0.8581 | SNR: 14.87 dB | Eff. Rank: 123.8 | GradNorm: 1.19 | Throughput: 1294.8 aud-s/s | LR: 2.80e-04
2026-09-24T00:36:58.430 [E1 Step  9075] | Masked L1: 0.7731 | SNR: 15.84 dB | Eff. Rank: 123.1 | GradNorm: 1.48 | Throughput: 1221.5 aud-s/s | LR: 2.80e-04
[Network Relay] Local cache exhausted. Relaying to network for next 10000 samples...
[Network Relay] Cached 10000 samples to chunk_00039.pt (4202.6 MB)
2026-09-24T00:41:22.409 [E1 Step  9100] | Masked L1: 0.5949 | SNR: 18.05 dB | Eff. Rank: 120.8 | GradNorm: 1.31 | Throughput: 1177.7 aud-s/s | LR: 2.80e-04
2026-09-24T00:41:24.590  [Artifact] Saved spectrogram plot -> runs\no-splitformer-moe-only\plots\recon_step_009100.png
2026-09-24T00:41:32.809 [E1 Step  9125] | Masked L1: 0.5957 | SNR: 17.61 dB | Eff. Rank: 121.5 | GradNorm: 1.06 | Throughput: 938.0 aud-s/s | LR: 2.80e-04
2026-09-24T00:41:40.840 [E1 Step  9150] | Masked L1: 0.5890 | SNR: 17.42 dB | Eff. Rank: 121.5 | GradNorm: 0.94 | Throughput: 1044.1 aud-s/s | LR: 2.80e-04
2026-09-24T00:41:48.933 [E1 Step  9175] | Masked L1: 0.4678 | SNR: 19.23 dB | Eff. Rank: 117.8 | GradNorm: 1.05 | Throughput: 850.0 aud-s/s | LR: 2.80e-04
2026-09-24T00:41:56.984 [E1 Step  9200] | Masked L1: 0.6162 | SNR: 17.44 dB | Eff. Rank: 115.9 | GradNorm: 1.08 | Throughput: 1133.5 aud-s/s | LR: 2.80e-04
2026-09-24T00:41:58.934  [Artifact] Saved spectrogram plot -> runs\no-splitformer-moe-only\plots\recon_step_009200.png
2026-09-24T00:42:07.151 [E1 Step  9225] | Masked L1: 0.7640 | SNR: 16.02 dB | Eff. Rank: 122.0 | GradNorm: 0.90 | Throughput: 1212.2 aud-s/s | LR: 2.80e-04
[Network Relay] Local cache exhausted. Relaying to network for next 10000 samples...
2026-09-24T00:42:20.580 [E1 Step  9250] | Masked L1: 0.7314 | SNR: 16.15 dB | Eff. Rank: 119.1 | GradNorm: 1.17 | Throughput: 768.1 aud-s/s | LR: 2.80e-04
2026-09-24T00:42:20.699 >>> [Phase 3 Gate Check @ Step 9250] Short Loss: 0.7569 | Long Loss: 1.1875 | Degradation Ratio: 1.569 | Gate Passed: YES

[Network Relay] Cached 10000 samples to chunk_00040.pt (4526.4 MB)
2026-09-24T00:48:54.384 [E1 Step  9275] | Masked L1: 0.6599 | SNR: 17.13 dB | Eff. Rank: 121.7 | GradNorm: 0.92 | Throughput: 1166.6 aud-s/s | LR: 2.79e-04
2026-09-24T00:49:02.487 [E1 Step  9300] | Masked L1: 0.6875 | SNR: 16.77 dB | Eff. Rank: 120.3 | GradNorm: 0.92 | Throughput: 1116.0 aud-s/s | LR: 2.79e-04
2026-09-24T00:49:04.668  [Artifact] Saved spectrogram plot -> runs\no-splitformer-moe-only\plots\recon_step_009300.png
2026-09-24T00:49:12.980 [E1 Step  9325] | Masked L1: 0.7261 | SNR: 16.59 dB | Eff. Rank: 120.7 | GradNorm: 0.95 | Throughput: 1168.7 aud-s/s | LR: 2.79e-04
2026-09-24T00:49:20.896 [E1 Step  9350] | Masked L1: 0.6762 | SNR: 17.07 dB | Eff. Rank: 123.9 | GradNorm: 1.06 | Throughput: 1107.2 aud-s/s | LR: 2.79e-04
2026-09-24T00:49:29.175 [E1 Step  9375] | Masked L1: 0.8717 | SNR: 14.93 dB | Eff. Rank: 119.7 | GradNorm: 1.12 | Throughput: 1603.7 aud-s/s | LR: 2.79e-04
[Network Relay] Local cache exhausted. Relaying to network for next 10000 samples...
2026-09-24T00:49:41.017 [E1 Step  9400] | Masked L1: 0.8259 | SNR: 15.33 dB | Eff. Rank: 120.5 | GradNorm: 1.38 | Throughput: 783.9 aud-s/s | LR: 2.79e-04
2026-09-24T00:49:44.588  [Artifact] Saved spectrogram plot -> runs\no-splitformer-moe-only\plots\recon_step_009400.png
[Network Relay] Cached 10000 samples to chunk_00041.pt (4701.6 MB)
2026-09-24T00:55:42.735 [E1 Step  9425] | Masked L1: 0.9707 | SNR: 14.24 dB | Eff. Rank: 122.9 | GradNorm: 1.26 | Throughput: 1516.7 aud-s/s | LR: 2.79e-04
2026-09-24T00:55:50.878 [E1 Step  9450] | Masked L1: 0.8387 | SNR: 15.51 dB | Eff. Rank: 126.4 | GradNorm: 1.04 | Throughput: 1349.4 aud-s/s | LR: 2.79e-04
2026-09-24T00:55:58.978 [E1 Step  9475] | Masked L1: 0.7226 | SNR: 16.38 dB | Eff. Rank: 124.4 | GradNorm: 1.05 | Throughput: 1197.8 aud-s/s | LR: 2.78e-04
2026-09-24T00:56:07.047 [E1 Step  9500] | Masked L1: 0.5425 | SNR: 18.28 dB | Eff. Rank: 119.6 | GradNorm: 1.24 | Throughput: 976.2 aud-s/s | LR: 2.78e-04
2026-09-24T00:56:09.125  [Artifact] Saved spectrogram plot -> runs\no-splitformer-moe-only\plots\recon_step_009500.png
2026-09-24T00:56:09.425 >>> [Phase 3 Gate Check @ Step 9500] Short Loss: 0.7636 | Long Loss: 1.1856 | Degradation Ratio: 1.553 | Gate Passed: YES

2026-09-24T00:56:17.514 [E1 Step  9525] | Masked L1: 0.5829 | SNR: 17.66 dB | Eff. Rank: 121.2 | GradNorm: 0.83 | Throughput: 950.4 aud-s/s | LR: 2.78e-04
2026-09-24T00:56:25.585 [E1 Step  9550] | Masked L1: 0.8525 | SNR: 15.23 dB | Eff. Rank: 123.9 | GradNorm: 1.03 | Throughput: 1307.7 aud-s/s | LR: 2.78e-04
[Network Relay] Local cache exhausted. Relaying to network for next 10000 samples...
'The read operation timed out' thrown while requesting GET https://huggingface.co/datasets/ARTPARK-IISc/Vaani/resolve/9e6ed4f94f7060e633cbc500480623ae7521522c/audio/Marathi/train-00054-of-00232.parquet
Retrying in 1s [Retry 1/5].
[Network Relay] Cached 10000 samples to chunk_00042.pt (4499.2 MB)
2026-09-24T01:01:00.484 [E1 Step  9575] | Masked L1: 0.6422 | SNR: 16.99 dB | Eff. Rank: 121.6 | GradNorm: 2.01 | Throughput: 1068.6 aud-s/s | LR: 2.78e-04
2026-09-24T01:01:08.512 [E1 Step  9600] | Masked L1: 0.7281 | SNR: 16.39 dB | Eff. Rank: 125.6 | GradNorm: 1.08 | Throughput: 1053.7 aud-s/s | LR: 2.78e-04
2026-09-24T01:01:10.462  [Artifact] Saved spectrogram plot -> runs\no-splitformer-moe-only\plots\recon_step_009600.png
2026-09-24T01:01:18.660 [E1 Step  9625] | Masked L1: 0.6797 | SNR: 16.95 dB | Eff. Rank: 123.4 | GradNorm: 1.12 | Throughput: 1197.9 aud-s/s | LR: 2.78e-04
2026-09-24T01:01:26.619 [E1 Step  9650] | Masked L1: 0.7468 | SNR: 16.17 dB | Eff. Rank: 120.4 | GradNorm: 0.97 | Throughput: 1125.8 aud-s/s | LR: 2.78e-04
2026-09-24T01:01:34.650 [E1 Step  9675] | Masked L1: 0.6398 | SNR: 17.09 dB | Eff. Rank: 119.8 | GradNorm: 0.99 | Throughput: 1063.6 aud-s/s | LR: 2.77e-04
2026-09-24T01:01:42.641 [E1 Step  9700] | Masked L1: 0.8512 | SNR: 14.93 dB | Eff. Rank: 122.9 | GradNorm: 1.42 | Throughput: 1324.3 aud-s/s | LR: 2.77e-04
2026-09-24T01:01:44.620  [Artifact] Saved spectrogram plot -> runs\no-splitformer-moe-only\plots\recon_step_009700.png
[Network Relay] Local cache exhausted. Relaying to network for next 10000 samples...
[Network Relay] Cached 10000 samples to chunk_00043.pt (4571.6 MB)
2026-09-24T01:07:25.374 [E1 Step  9725] | Masked L1: 0.9488 | SNR: 14.41 dB | Eff. Rank: 123.4 | GradNorm: 1.16 | Throughput: 1338.6 aud-s/s | LR: 2.77e-04
2026-09-24T01:07:33.254 [E1 Step  9750] | Masked L1: 0.6181 | SNR: 17.35 dB | Eff. Rank: 120.5 | GradNorm: 1.08 | Throughput: 1054.7 aud-s/s | LR: 2.77e-04
2026-09-24T01:07:33.369 >>> [Phase 3 Gate Check @ Step 9750] Short Loss: 0.7346 | Long Loss: 1.0593 | Degradation Ratio: 1.442 | Gate Passed: YES

2026-09-24T01:07:41.588 [E1 Step  9775] | Masked L1: 0.6299 | SNR: 17.04 dB | Eff. Rank: 113.7 | GradNorm: 1.18 | Throughput: 1106.6 aud-s/s | LR: 2.77e-04
2026-09-24T01:07:50.119 [E1 Step  9800] | Masked L1: 0.8163 | SNR: 15.56 dB | Eff. Rank: 120.4 | GradNorm: 1.09 | Throughput: 1124.1 aud-s/s | LR: 2.77e-04
2026-09-24T01:07:52.739  [Artifact] Saved spectrogram plot -> runs\no-splitformer-moe-only\plots\recon_step_009800.png
2026-09-24T01:08:01.347 [E1 Step  9825] | Masked L1: 0.5971 | SNR: 17.56 dB | Eff. Rank: 121.8 | GradNorm: 0.89 | Throughput: 986.2 aud-s/s | LR: 2.77e-04
2026-09-24T01:08:09.716 [E1 Step  9850] | Masked L1: 0.6809 | SNR: 16.86 dB | Eff. Rank: 117.6 | GradNorm: 1.06 | Throughput: 1220.1 aud-s/s | LR: 2.76e-04
[Network Relay] Local cache exhausted. Relaying to network for next 10000 samples...
2026-09-24T01:08:25.137 [E1 Step  9875] | Masked L1: 0.8054 | SNR: 15.51 dB | Eff. Rank: 120.5 | GradNorm: 1.02 | Throughput: 682.1 aud-s/s | LR: 2.76e-04
[Network Relay] Cached 10000 samples to chunk_00044.pt (4655.6 MB)
2026-09-24T01:13:32.837 [E1 Step  9900] | Masked L1: 0.7696 | SNR: 16.08 dB | Eff. Rank: 122.3 | GradNorm: 0.80 | Throughput: 1199.2 aud-s/s | LR: 2.76e-04
2026-09-24T01:13:35.139  [Artifact] Saved spectrogram plot -> runs\no-splitformer-moe-only\plots\recon_step_009900.png
2026-09-24T01:13:43.403 [E1 Step  9925] | Masked L1: 0.6238 | SNR: 17.43 dB | Eff. Rank: 117.0 | GradNorm: 1.05 | Throughput: 996.1 aud-s/s | LR: 2.76e-04
2026-09-24T01:13:51.576 [E1 Step  9950] | Masked L1: 0.6261 | SNR: 17.18 dB | Eff. Rank: 119.3 | GradNorm: 0.98 | Throughput: 1050.3 aud-s/s | LR: 2.76e-04
2026-09-24T01:13:59.805 [E1 Step  9975] | Masked L1: 0.7099 | SNR: 16.23 dB | Eff. Rank: 116.6 | GradNorm: 0.94 | Throughput: 1438.7 aud-s/s | LR: 2.76e-04
2026-09-24T01:14:07.998 [E1 Step 10000] | Masked L1: 0.6601 | SNR: 16.80 dB | Eff. Rank: 124.3 | GradNorm: 0.93 | Throughput: 1178.7 aud-s/s | LR: 2.76e-04
2026-09-24T01:14:10.039  [Artifact] Saved spectrogram plot -> runs\no-splitformer-moe-only\plots\recon_step_010000.png
2026-09-24T01:14:10.317 >>> [Phase 3 Gate Check @ Step 10000] Short Loss: 0.7075 | Long Loss: 1.1474 | Degradation Ratio: 1.622 | Gate Passed: YES

2026-09-24T01:14:10.843  [Semantic Checkpoint] Saved to runs\no-splitformer-moe-only\checkpoints\stage1_pretrain

2026-09-24T01:14:10.843  [Early Stop] New best masked_l1: 0.660144
[Network Relay] Local cache exhausted. Relaying to network for next 10000 samples...
2026-09-24T01:14:23.913 [E1 Step 10025] | Masked L1: 0.7436 | SNR: 16.72 dB | Eff. Rank: 128.0 | GradNorm: 1.17 | Throughput: 705.4 aud-s/s | LR: 2.76e-04
[Network Relay] Cached 10000 samples to chunk_00045.pt (4882.4 MB)
2026-09-24T01:20:19.587 [E1 Step 10050] | Masked L1: 0.6635 | SNR: 16.78 dB | Eff. Rank: 120.3 | GradNorm: 1.03 | Throughput: 1107.3 aud-s/s | LR: 2.75e-04
2026-09-24T01:20:27.671 [E1 Step 10075] | Masked L1: 0.8056 | SNR: 15.64 dB | Eff. Rank: 125.5 | GradNorm: 1.02 | Throughput: 1150.8 aud-s/s | LR: 2.75e-04
2026-09-24T01:20:35.913 [E1 Step 10100] | Masked L1: 0.6060 | SNR: 17.58 dB | Eff. Rank: 121.0 | GradNorm: 1.29 | Throughput: 1084.2 aud-s/s | LR: 2.75e-04
2026-09-24T01:20:37.907  [Artifact] Saved spectrogram plot -> runs\no-splitformer-moe-only\plots\recon_step_010100.png
2026-09-24T01:20:46.083 [E1 Step 10125] | Masked L1: 0.7800 | SNR: 15.74 dB | Eff. Rank: 121.6 | GradNorm: 0.78 | Throughput: 1283.1 aud-s/s | LR: 2.75e-04
2026-09-24T01:20:54.470 [E1 Step 10150] | Masked L1: 0.9011 | SNR: 15.06 dB | Eff. Rank: 125.3 | GradNorm: 1.04 | Throughput: 1461.2 aud-s/s | LR: 2.75e-04
2026-09-24T01:21:02.723 [E1 Step 10175] | Masked L1: 0.8467 | SNR: 15.20 dB | Eff. Rank: 122.5 | GradNorm: 1.23 | Throughput: 1193.8 aud-s/s | LR: 2.75e-04
[Network Relay] Local cache exhausted. Relaying to network for next 10000 samples...
[Network Relay] Cached 10000 samples to chunk_00046.pt (5137.6 MB)
2026-09-24T01:26:37.723 [E1 Step 10200] | Masked L1: 0.9351 | SNR: 14.91 dB | Eff. Rank: 123.4 | GradNorm: 1.30 | Throughput: 1545.4 aud-s/s | LR: 2.75e-04
2026-09-24T01:26:40.053  [Artifact] Saved spectrogram plot -> runs\no-splitformer-moe-only\plots\recon_step_010200.png
2026-09-24T01:26:48.431 [E1 Step 10225] | Masked L1: 0.8066 | SNR: 15.29 dB | Eff. Rank: 120.4 | GradNorm: 0.81 | Throughput: 1550.9 aud-s/s | LR: 2.75e-04
2026-09-24T01:26:56.653 [E1 Step 10250] | Masked L1: 0.7515 | SNR: 16.08 dB | Eff. Rank: 120.0 | GradNorm: 0.90 | Throughput: 1317.2 aud-s/s | LR: 2.74e-04
2026-09-24T01:26:56.765 >>> [Phase 3 Gate Check @ Step 10250] Short Loss: 0.7213 | Long Loss: 1.2765 | Degradation Ratio: 1.770 | Gate Passed: YES

2026-09-24T01:27:04.872 [E1 Step 10275] | Masked L1: 0.7110 | SNR: 16.26 dB | Eff. Rank: 116.8 | GradNorm: 1.47 | Throughput: 1478.3 aud-s/s | LR: 2.74e-04
2026-09-24T01:27:12.807 [E1 Step 10300] | Masked L1: 0.7422 | SNR: 16.22 dB | Eff. Rank: 122.4 | GradNorm: 1.12 | Throughput: 1077.5 aud-s/s | LR: 2.74e-04
2026-09-24T01:27:14.887  [Artifact] Saved spectrogram plot -> runs\no-splitformer-moe-only\plots\recon_step_010300.png
2026-09-24T01:27:23.107 [E1 Step 10325] | Masked L1: 0.6583 | SNR: 17.09 dB | Eff. Rank: 123.9 | GradNorm: 1.03 | Throughput: 1175.5 aud-s/s | LR: 2.74e-04
[Network Relay] Local cache exhausted. Relaying to network for next 10000 samples...
[Network Relay] Cached 10000 samples to chunk_00047.pt (5095.0 MB)
2026-09-24T01:34:44.563 [E1 Step 10350] | Masked L1: 0.8336 | SNR: 15.26 dB | Eff. Rank: 123.5 | GradNorm: 1.21 | Throughput: 1344.4 aud-s/s | LR: 2.74e-04
2026-09-24T01:34:52.536 [E1 Step 10375] | Masked L1: 0.8305 | SNR: 15.39 dB | Eff. Rank: 124.1 | GradNorm: 1.42 | Throughput: 1146.3 aud-s/s | LR: 2.74e-04
2026-09-24T01:35:00.735 [E1 Step 10400] | Masked L1: 0.8972 | SNR: 14.93 dB | Eff. Rank: 126.6 | GradNorm: 0.64 | Throughput: 1823.7 aud-s/s | LR: 2.74e-04
2026-09-24T01:35:02.996  [Artifact] Saved spectrogram plot -> runs\no-splitformer-moe-only\plots\recon_step_010400.png
2026-09-24T01:35:11.484 [E1 Step 10425] | Masked L1: 0.6945 | SNR: 16.99 dB | Eff. Rank: 120.6 | GradNorm: 0.78 | Throughput: 1173.8 aud-s/s | LR: 2.73e-04
2026-09-24T01:35:19.521 [E1 Step 10450] | Masked L1: 0.7861 | SNR: 15.51 dB | Eff. Rank: 120.0 | GradNorm: 1.12 | Throughput: 1239.2 aud-s/s | LR: 2.73e-04
2026-09-24T01:35:27.801 [E1 Step 10475] | Masked L1: 0.8514 | SNR: 15.35 dB | Eff. Rank: 124.2 | GradNorm: 1.19 | Throughput: 1372.1 aud-s/s | LR: 2.73e-04
[Network Relay] Local cache exhausted. Relaying to network for next 10000 samples...
2026-09-24T01:35:41.985 [E1 Step 10500] | Masked L1: 0.8160 | SNR: 15.63 dB | Eff. Rank: 123.3 | GradNorm: 0.87 | Throughput: 890.0 aud-s/s | LR: 2.73e-04
2026-09-24T01:35:45.551  [Artifact] Saved spectrogram plot -> runs\no-splitformer-moe-only\plots\recon_step_010500.png
2026-09-24T01:35:45.997 >>> [Phase 3 Gate Check @ Step 10500] Short Loss: 0.7712 | Long Loss: 1.0501 | Degradation Ratio: 1.362 | Gate Passed: YES

[Network Relay] Cached 10000 samples to chunk_00048.pt (4879.9 MB)
2026-09-24T01:42:32.924 [E1 Step 10525] | Masked L1: 0.6527 | SNR: 16.74 dB | Eff. Rank: 119.8 | GradNorm: 1.03 | Throughput: 1054.7 aud-s/s | LR: 2.73e-04
2026-09-24T01:42:41.138 [E1 Step 10550] | Masked L1: 0.8286 | SNR: 15.14 dB | Eff. Rank: 123.3 | GradNorm: 0.90 | Throughput: 1217.2 aud-s/s | LR: 2.73e-04
2026-09-24T01:42:49.069 [E1 Step 10575] | Masked L1: 0.5101 | SNR: 18.31 dB | Eff. Rank: 119.8 | GradNorm: 1.04 | Throughput: 861.7 aud-s/s | LR: 2.73e-04
2026-09-24T01:42:57.125 [E1 Step 10600] | Masked L1: 0.8009 | SNR: 15.40 dB | Eff. Rank: 121.1 | GradNorm: 1.02 | Throughput: 1299.2 aud-s/s | LR: 2.72e-04
2026-09-24T01:42:59.417  [Artifact] Saved spectrogram plot -> runs\no-splitformer-moe-only\plots\recon_step_010600.png
2026-09-24T01:43:07.903 [E1 Step 10625] | Masked L1: 0.8184 | SNR: 15.77 dB | Eff. Rank: 124.9 | GradNorm: 0.95 | Throughput: 1524.3 aud-s/s | LR: 2.72e-04
[Network Relay] Local cache exhausted. Relaying to network for next 10000 samples...
2026-09-24T01:43:20.133 [E1 Step 10650] | Masked L1: 0.7906 | SNR: 15.73 dB | Eff. Rank: 120.2 | GradNorm: 0.83 | Throughput: 735.2 aud-s/s | LR: 2.72e-04
[Network Relay] Cached 10000 samples to chunk_00049.pt (4777.7 MB)
2026-09-24T01:48:06.955 [E1 Step 10675] | Masked L1: 0.8117 | SNR: 16.08 dB | Eff. Rank: 128.4 | GradNorm: 1.72 | Throughput: 1525.0 aud-s/s | LR: 2.72e-04
2026-09-24T01:48:15.082 [E1 Step 10700] | Masked L1: 0.8506 | SNR: 15.27 dB | Eff. Rank: 121.8 | GradNorm: 1.17 | Throughput: 1425.4 aud-s/s | LR: 2.72e-04
2026-09-24T01:48:17.251  [Artifact] Saved spectrogram plot -> runs\no-splitformer-moe-only\plots\recon_step_010700.png
2026-09-24T01:48:25.386 [E1 Step 10725] | Masked L1: 1.0300 | SNR: 13.56 dB | Eff. Rank: 124.2 | GradNorm: 1.15 | Throughput: 1445.3 aud-s/s | LR: 2.72e-04
2026-09-24T01:48:33.482 [E1 Step 10750] | Masked L1: 0.6296 | SNR: 17.33 dB | Eff. Rank: 120.9 | GradNorm: 1.03 | Throughput: 1207.0 aud-s/s | LR: 2.72e-04
2026-09-24T01:48:33.609 >>> [Phase 3 Gate Check @ Step 10750] Short Loss: 0.7474 | Long Loss: 1.0702 | Degradation Ratio: 1.432 | Gate Passed: YES

2026-09-24T01:48:41.553 [E1 Step 10775] | Masked L1: 0.5508 | SNR: 18.05 dB | Eff. Rank: 120.6 | GradNorm: 0.88 | Throughput: 1041.9 aud-s/s | LR: 2.71e-04
2026-09-24T01:48:49.657 [E1 Step 10800] | Masked L1: 0.6135 | SNR: 17.50 dB | Eff. Rank: 123.5 | GradNorm: 1.04 | Throughput: 1021.1 aud-s/s | LR: 2.71e-04
2026-09-24T01:48:51.740  [Artifact] Saved spectrogram plot -> runs\no-splitformer-moe-only\plots\recon_step_010800.png
[Network Relay] Local cache exhausted. Relaying to network for next 10000 samples...
[Network Relay] Cached 10000 samples to chunk_00050.pt (4489.8 MB)
2026-09-24T01:54:47.770 [E1 Step 10825] | Masked L1: 0.5941 | SNR: 17.65 dB | Eff. Rank: 122.1 | GradNorm: 1.12 | Throughput: 943.5 aud-s/s | LR: 2.71e-04
2026-09-24T01:54:56.176 [E1 Step 10850] | Masked L1: 0.6052 | SNR: 17.42 dB | Eff. Rank: 118.2 | GradNorm: 1.04 | Throughput: 1004.0 aud-s/s | LR: 2.71e-04
2026-09-24T01:55:04.308 [E1 Step 10875] | Masked L1: 0.9633 | SNR: 14.21 dB | Eff. Rank: 125.7 | GradNorm: 1.51 | Throughput: 1426.0 aud-s/s | LR: 2.71e-04
2026-09-24T01:55:12.559 [E1 Step 10900] | Masked L1: 0.7058 | SNR: 16.53 dB | Eff. Rank: 124.3 | GradNorm: 1.08 | Throughput: 1234.6 aud-s/s | LR: 2.71e-04
2026-09-24T01:55:14.999  [Artifact] Saved spectrogram plot -> runs\no-splitformer-moe-only\plots\recon_step_010900.png
2026-09-24T01:55:23.426 [E1 Step 10925] | Masked L1: 0.6196 | SNR: 17.44 dB | Eff. Rank: 125.1 | GradNorm: 0.89 | Throughput: 1001.6 aud-s/s | LR: 2.71e-04
2026-09-24T01:55:31.676 [E1 Step 10950] | Masked L1: 0.8367 | SNR: 14.80 dB | Eff. Rank: 121.9 | GradNorm: 1.08 | Throughput: 1282.9 aud-s/s | LR: 2.70e-04
[Network Relay] Local cache exhausted. Relaying to network for next 10000 samples...
[Network Relay] Cached 10000 samples to chunk_00051.pt (4305.4 MB)
2026-09-24T02:00:53.536 [E1 Step 10975] | Masked L1: 0.5595 | SNR: 18.12 dB | Eff. Rank: 124.5 | GradNorm: 1.03 | Throughput: 1034.1 aud-s/s | LR: 2.70e-04
2026-09-24T02:01:01.627 [E1 Step 11000] | Masked L1: 0.7985 | SNR: 15.79 dB | Eff. Rank: 125.6 | GradNorm: 0.89 | Throughput: 1309.9 aud-s/s | LR: 2.70e-04
2026-09-24T02:01:03.740  [Artifact] Saved spectrogram plot -> runs\no-splitformer-moe-only\plots\recon_step_011000.png
2026-09-24T02:01:04.012 >>> [Phase 3 Gate Check @ Step 11000] Short Loss: 0.7583 | Long Loss: 1.0627 | Degradation Ratio: 1.401 | Gate Passed: YES

2026-09-24T02:01:04.500  [Semantic Checkpoint] Saved to runs\no-splitformer-moe-only\checkpoints\stage1_pretrain

2026-09-24T02:01:04.500  [Early Stop] No improvement (1/2)
2026-09-24T02:01:12.572 [E1 Step 11025] | Masked L1: 0.6102 | SNR: 17.13 dB | Eff. Rank: 119.3 | GradNorm: 1.02 | Throughput: 1051.4 aud-s/s | LR: 2.70e-04
2026-09-24T02:01:20.636 [E1 Step 11050] | Masked L1: 0.7372 | SNR: 16.07 dB | Eff. Rank: 124.5 | GradNorm: 1.18 | Throughput: 1232.4 aud-s/s | LR: 2.70e-04
2026-09-24T02:01:28.801 [E1 Step 11075] | Masked L1: 0.7245 | SNR: 16.33 dB | Eff. Rank: 120.7 | GradNorm: 1.29 | Throughput: 1035.6 aud-s/s | LR: 2.70e-04
2026-09-24T02:01:36.791 [E1 Step 11100] | Masked L1: 0.8386 | SNR: 15.19 dB | Eff. Rank: 123.2 | GradNorm: 0.94 | Throughput: 1298.5 aud-s/s | LR: 2.70e-04
2026-09-24T02:01:39.068  [Artifact] Saved spectrogram plot -> runs\no-splitformer-moe-only\plots\recon_step_011100.png
[Network Relay] Local cache exhausted. Relaying to network for next 10000 samples...
2026-09-24T02:01:53.755 [E1 Step 11125] | Masked L1: 0.6125 | SNR: 17.50 dB | Eff. Rank: 121.3 | GradNorm: 1.01 | Throughput: 517.5 aud-s/s | LR: 2.69e-04
[Network Relay] Cached 10000 samples to chunk_00052.pt (4429.0 MB)
2026-09-24T02:06:30.496 [E1 Step 11150] | Masked L1: 0.6317 | SNR: 17.13 dB | Eff. Rank: 123.1 | GradNorm: 1.28 | Throughput: 1135.7 aud-s/s | LR: 2.69e-04
2026-09-24T02:06:38.438 [E1 Step 11175] | Masked L1: 0.7272 | SNR: 16.50 dB | Eff. Rank: 124.3 | GradNorm: 0.96 | Throughput: 1183.1 aud-s/s | LR: 2.69e-04
2026-09-24T02:06:46.290 [E1 Step 11200] | Masked L1: 0.6576 | SNR: 17.18 dB | Eff. Rank: 123.9 | GradNorm: 1.23 | Throughput: 1035.1 aud-s/s | LR: 2.69e-04
2026-09-24T02:06:48.298  [Artifact] Saved spectrogram plot -> runs\no-splitformer-moe-only\plots\recon_step_011200.png
2026-09-24T02:06:56.450 [E1 Step 11225] | Masked L1: 0.7536 | SNR: 16.07 dB | Eff. Rank: 119.8 | GradNorm: 1.22 | Throughput: 1154.2 aud-s/s | LR: 2.69e-04
2026-09-24T02:07:04.421 [E1 Step 11250] | Masked L1: 0.7772 | SNR: 16.13 dB | Eff. Rank: 127.9 | GradNorm: 1.15 | Throughput: 1270.9 aud-s/s | LR: 2.69e-04
2026-09-24T02:07:04.539 >>> [Phase 3 Gate Check @ Step 11250] Short Loss: 0.7398 | Long Loss: 1.2238 | Degradation Ratio: 1.654 | Gate Passed: YES

[Network Relay] Local cache exhausted. Relaying to network for next 10000 samples...
2026-09-24T02:07:17.119 [E1 Step 11275] | Masked L1: 0.7548 | SNR: 16.14 dB | Eff. Rank: 123.4 | GradNorm: 0.95 | Throughput: 520.5 aud-s/s | LR: 2.69e-04
[Network Relay] Cached 10000 samples to chunk_00053.pt (4356.8 MB)
2026-09-24T02:12:46.016 [E1 Step 11300] | Masked L1: 0.6009 | SNR: 17.64 dB | Eff. Rank: 121.5 | GradNorm: 1.73 | Throughput: 1041.9 aud-s/s | LR: 2.68e-04
2026-09-24T02:12:48.411  [Artifact] Saved spectrogram plot -> runs\no-splitformer-moe-only\plots\recon_step_011300.png
2026-09-24T02:12:56.791 [E1 Step 11325] | Masked L1: 0.6272 | SNR: 17.39 dB | Eff. Rank: 118.9 | GradNorm: 1.29 | Throughput: 1039.6 aud-s/s | LR: 2.68e-04
2026-09-24T02:13:04.920 [E1 Step 11350] | Masked L1: 0.6416 | SNR: 17.22 dB | Eff. Rank: 117.9 | GradNorm: 0.94 | Throughput: 1033.6 aud-s/s | LR: 2.68e-04
2026-09-24T02:13:12.910 [E1 Step 11375] | Masked L1: 0.7031 | SNR: 16.49 dB | Eff. Rank: 124.4 | GradNorm: 1.50 | Throughput: 1107.9 aud-s/s | LR: 2.68e-04
2026-09-24T02:13:20.943 [E1 Step 11400] | Masked L1: 0.7902 | SNR: 15.60 dB | Eff. Rank: 122.4 | GradNorm: 0.95 | Throughput: 1123.1 aud-s/s | LR: 2.68e-04
2026-09-24T02:13:22.948  [Artifact] Saved spectrogram plot -> runs\no-splitformer-moe-only\plots\recon_step_011400.png
2026-09-24T02:13:31.107 [E1 Step 11425] | Masked L1: 0.6772 | SNR: 16.70 dB | Eff. Rank: 118.9 | GradNorm: 1.06 | Throughput: 1071.4 aud-s/s | LR: 2.68e-04
[Network Relay] Local cache exhausted. Relaying to network for next 10000 samples...
[Network Relay] Cached 10000 samples to chunk_00054.pt (4449.0 MB)
2026-09-24T02:19:21.128 [E1 Step 11450] | Masked L1: 0.7289 | SNR: 16.04 dB | Eff. Rank: 119.3 | GradNorm: 1.00 | Throughput: 1053.6 aud-s/s | LR: 2.68e-04
2026-09-24T02:19:29.234 [E1 Step 11475] | Masked L1: 0.6548 | SNR: 17.14 dB | Eff. Rank: 120.5 | GradNorm: 0.96 | Throughput: 1197.1 aud-s/s | LR: 2.67e-04
2026-09-24T02:19:37.291 [E1 Step 11500] | Masked L1: 0.6024 | SNR: 17.55 dB | Eff. Rank: 123.1 | GradNorm: 1.01 | Throughput: 1038.5 aud-s/s | LR: 2.67e-04
2026-09-24T02:19:39.648  [Artifact] Saved spectrogram plot -> runs\no-splitformer-moe-only\plots\recon_step_011500.png
2026-09-24T02:19:39.927 >>> [Phase 3 Gate Check @ Step 11500] Short Loss: 0.7154 | Long Loss: 1.1622 | Degradation Ratio: 1.624 | Gate Passed: YES

2026-09-24T02:19:48.137 [E1 Step 11525] | Masked L1: 0.7291 | SNR: 16.53 dB | Eff. Rank: 125.7 | GradNorm: 1.01 | Throughput: 1313.1 aud-s/s | LR: 2.67e-04
2026-09-24T02:19:56.140 [E1 Step 11550] | Masked L1: 0.8640 | SNR: 15.20 dB | Eff. Rank: 121.0 | GradNorm: 1.11 | Throughput: 1305.5 aud-s/s | LR: 2.67e-04
2026-09-24T02:20:04.276 [E1 Step 11575] | Masked L1: 0.7150 | SNR: 16.43 dB | Eff. Rank: 120.7 | GradNorm: 1.06 | Throughput: 1107.4 aud-s/s | LR: 2.67e-04
[Network Relay] Local cache exhausted. Relaying to network for next 10000 samples...
[Network Relay] Cached 10000 samples to chunk_00055.pt (4534.3 MB)
2026-09-24T02:24:33.684 [E1 Step 11600] | Masked L1: 0.6940 | SNR: 16.29 dB | Eff. Rank: 117.2 | GradNorm: 1.20 | Throughput: 985.5 aud-s/s | LR: 2.67e-04
2026-09-24T02:24:36.177  [Artifact] Saved spectrogram plot -> runs\no-splitformer-moe-only\plots\recon_step_011600.png
2026-09-24T02:24:44.603 [E1 Step 11625] | Masked L1: 0.5884 | SNR: 18.02 dB | Eff. Rank: 117.6 | GradNorm: 1.24 | Throughput: 923.5 aud-s/s | LR: 2.67e-04
2026-09-24T02:24:52.892 [E1 Step 11650] | Masked L1: 0.8865 | SNR: 14.93 dB | Eff. Rank: 123.3 | GradNorm: 0.88 | Throughput: 1328.2 aud-s/s | LR: 2.66e-04
2026-09-24T02:25:01.235 [E1 Step 11675] | Masked L1: 0.6902 | SNR: 16.59 dB | Eff. Rank: 121.2 | GradNorm: 0.97 | Throughput: 975.6 aud-s/s | LR: 2.66e-04
2026-09-24T02:25:09.614 [E1 Step 11700] | Masked L1: 0.7746 | SNR: 15.79 dB | Eff. Rank: 122.4 | GradNorm: 1.11 | Throughput: 1192.7 aud-s/s | LR: 2.66e-04
2026-09-24T02:25:12.003  [Artifact] Saved spectrogram plot -> runs\no-splitformer-moe-only\plots\recon_step_011700.png
2026-09-24T02:25:20.486 [E1 Step 11725] | Masked L1: 0.7309 | SNR: 16.07 dB | Eff. Rank: 123.6 | GradNorm: 0.91 | Throughput: 1199.2 aud-s/s | LR: 2.66e-04
[Network Relay] Local cache exhausted. Relaying to network for next 10000 samples...
2026-09-24T02:25:33.946 [E1 Step 11750] | Masked L1: 0.7029 | SNR: 16.57 dB | Eff. Rank: 122.5 | GradNorm: 1.08 | Throughput: 1084.7 aud-s/s | LR: 2.66e-04
2026-09-24T02:25:34.078 >>> [Phase 3 Gate Check @ Step 11750] Short Loss: 0.7450 | Long Loss: 1.1072 | Degradation Ratio: 1.486 | Gate Passed: YES

[Network Relay] Cached 10000 samples to chunk_00056.pt (4522.8 MB)
2026-09-24T02:30:16.252 [E1 Step 11775] | Masked L1: 0.7201 | SNR: 16.32 dB | Eff. Rank: 125.7 | GradNorm: 0.81 | Throughput: 1204.7 aud-s/s | LR: 2.66e-04
2026-09-24T02:30:24.663 [E1 Step 11800] | Masked L1: 0.7685 | SNR: 15.89 dB | Eff. Rank: 123.7 | GradNorm: 1.06 | Throughput: 1129.8 aud-s/s | LR: 2.65e-04
2026-09-24T02:30:27.147  [Artifact] Saved spectrogram plot -> runs\no-splitformer-moe-only\plots\recon_step_011800.png
2026-09-24T02:30:35.634 [E1 Step 11825] | Masked L1: 0.8573 | SNR: 14.96 dB | Eff. Rank: 125.8 | GradNorm: 1.10 | Throughput: 1032.4 aud-s/s | LR: 2.65e-04
2026-09-24T02:30:43.781 [E1 Step 11850] | Masked L1: 0.6432 | SNR: 16.96 dB | Eff. Rank: 121.3 | GradNorm: 0.97 | Throughput: 1170.3 aud-s/s | LR: 2.65e-04
2026-09-24T02:30:51.888 [E1 Step 11875] | Masked L1: 0.7395 | SNR: 16.11 dB | Eff. Rank: 122.9 | GradNorm: 0.97 | Throughput: 1112.3 aud-s/s | LR: 2.65e-04
[Network Relay] Local cache exhausted. Relaying to network for next 10000 samples...
2026-09-24T02:31:04.710 [E1 Step 11900] | Masked L1: 0.6332 | SNR: 17.39 dB | Eff. Rank: 124.5 | GradNorm: 1.12 | Throughput: 569.6 aud-s/s | LR: 2.65e-04
2026-09-24T02:31:07.816  [Artifact] Saved spectrogram plot -> runs\no-splitformer-moe-only\plots\recon_step_011900.png
[Network Relay] Cached 10000 samples to chunk_00057.pt (4459.7 MB)
2026-09-24T02:35:48.008 [E1 Step 11925] | Masked L1: 0.6870 | SNR: 16.45 dB | Eff. Rank: 118.8 | GradNorm: 1.08 | Throughput: 1099.1 aud-s/s | LR: 2.65e-04
2026-09-24T02:35:56.300 [E1 Step 11950] | Masked L1: 0.7467 | SNR: 15.90 dB | Eff. Rank: 126.7 | GradNorm: 0.98 | Throughput: 1281.2 aud-s/s | LR: 2.65e-04
2026-09-24T02:36:04.339 [E1 Step 11975] | Masked L1: 0.7299 | SNR: 16.20 dB | Eff. Rank: 125.8 | GradNorm: 1.09 | Throughput: 1259.5 aud-s/s | LR: 2.64e-04
2026-09-24T02:36:12.483 [E1 Step 12000] | Masked L1: 0.6880 | SNR: 16.82 dB | Eff. Rank: 123.7 | GradNorm: 0.88 | Throughput: 1133.5 aud-s/s | LR: 2.64e-04
2026-09-24T02:36:14.804  [Artifact] Saved spectrogram plot -> runs\no-splitformer-moe-only\plots\recon_step_012000.png
2026-09-24T02:36:15.117 >>> [Phase 3 Gate Check @ Step 12000] Short Loss: 0.7424 | Long Loss: 1.0746 | Degradation Ratio: 1.447 | Gate Passed: YES

2026-09-24T02:36:15.617  [Semantic Checkpoint] Saved to runs\no-splitformer-moe-only\checkpoints\stage1_pretrain

2026-09-24T02:36:15.617  [Early Stop] No improvement (2/2)
2026-09-24T02:36:15.617 [Early Stop] Triggered! Stopping training.

2026-09-24T02:36:15.716 [Epoch 1/5 Complete] Steps: 9,000 | Cumulative steps: 12,000 | Processed: 1210.90 hrs
2026-09-24T02:36:16.576 [Limit Reached] Stopping pretraining loop.

2026-09-24T02:36:16.576 [Completed] Pretraining finished! Processed 1210.90 hours of speech across 5 epochs.
'[WinError 10038] An operation was attempted on something that is not a socket' thrown while requesting GET https://huggingface.co/datasets/ARTPARK-IISc/Vaani/resolve/9e6ed4f94f7060e633cbc500480623ae7521522c/audio/Marathi/train-00081-of-00232.parquet
Retrying in 1s [Retry 1/5].

--- Launching stage1_pretrain at 2026-09-24 08:40:53 ---
2026-09-24T08:41:08.166 [Engine] Initializing on device: cuda (NVIDIA RTX A5000)
2026-09-24T08:41:08.170 [Engine] Semantic Checkpoint Directory: runs\no-splitformer-moe-only\checkpoints\stage1_pretrain (Stage: 'pretrain')
[stage1_pretrain] Telemetry initialized.
  - Checkpoints: D:\marathi-asr\runs\no-splitformer-moe-only\checkpoints\stage1_pretrain
  - CSV Logging: D:\marathi-asr\runs\no-splitformer-moe-only\csvs\stage1_pretrain_metrics.csv
  - JSONL Trace: D:\marathi-asr\runs\no-splitformer-moe-only\logs\stage1_pretrain_telemetry.jsonl
2026-09-24T08:41:08.660 [Model] Conformer Backbone parameters: 20,475,712 (20.48 M)
2026-09-24T08:41:12.081 [Resume] Loading checkpoint from runs\no-splitformer-moe-only\checkpoints\stage1_pretrain\stage1_pretrain_step_12000.pt...
2026-09-24T08:41:16.119 [Resume] Resumed from epoch 1, step 12000 (1210.90 hrs processed)
2026-09-24T08:41:16.119 [Data] Initializing CachedRelayedStream (Cache Dir: 'data_cache/pretrain', Chunk: 10000 samples)...
2026-09-24T08:41:16.120 [Training] Beginning pretraining run 'stage1_pretrain' for 5 epochs (Max Steps Cap: 50000)...


===========================================================================
2026-09-24T08:41:16.120 [Epoch 1/5] Commencing Training Pass
===========================================================================

[Network Relay] Opening remote dataset stream for shard 00000...
[Network Relay] Local cache exhausted. Relaying to network for next 10000 samples...
[Network Relay] Cached 10000 samples to chunk_00000.pt (4677.7 MB)
2026-09-24T08:47:04.819 [E1 Step 12025] | Masked L1: 0.6187 | SNR: 17.57 dB | Eff. Rank: 122.5 | GradNorm: 0.97 | Throughput: 881.4 aud-s/s | LR: 2.64e-04
2026-09-24T08:47:13.822 [E1 Step 12050] | Masked L1: 0.8584 | SNR: 15.14 dB | Eff. Rank: 124.8 | GradNorm: 1.46 | Throughput: 1193.2 aud-s/s | LR: 2.64e-04
2026-09-24T08:47:22.296 [E1 Step 12075] | Masked L1: 0.8797 | SNR: 15.03 dB | Eff. Rank: 127.3 | GradNorm: 0.95 | Throughput: 1496.1 aud-s/s | LR: 2.64e-04
2026-09-24T08:47:30.434 [E1 Step 12100] | Masked L1: 0.6679 | SNR: 16.59 dB | Eff. Rank: 116.2 | GradNorm: 0.95 | Throughput: 1158.6 aud-s/s | LR: 2.64e-04
2026-09-24T08:47:33.229  [Artifact] Saved spectrogram plot -> runs\no-splitformer-moe-only\plots\recon_step_012100.png
2026-09-24T08:47:41.647 [E1 Step 12125] | Masked L1: 0.5512 | SNR: 18.08 dB | Eff. Rank: 123.6 | GradNorm: 1.07 | Throughput: 908.0 aud-s/s | LR: 2.63e-04
[Network Relay] Local cache exhausted. Relaying to network for next 10000 samples...
2026-09-24T08:47:51.455 [E1 Step 12150] | Masked L1: 0.7869 | SNR: 15.53 dB | Eff. Rank: 123.6 | GradNorm: 1.06 | Throughput: 1128.2 aud-s/s | LR: 2.63e-04
[Network Relay] Cached 10000 samples to chunk_00001.pt (4952.3 MB)
2026-09-24T08:53:01.572 [E1 Step 12175] | Masked L1: 0.7910 | SNR: 15.64 dB | Eff. Rank: 122.8 | GradNorm: 1.06 | Throughput: 1269.9 aud-s/s | LR: 2.63e-04
2026-09-24T08:53:09.799 [E1 Step 12200] | Masked L1: 0.8378 | SNR: 15.43 dB | Eff. Rank: 126.4 | GradNorm: 0.93 | Throughput: 1330.1 aud-s/s | LR: 2.63e-04
2026-09-24T08:53:12.575  [Artifact] Saved spectrogram plot -> runs\no-splitformer-moe-only\plots\recon_step_012200.png
2026-09-24T08:53:21.241 [E1 Step 12225] | Masked L1: 0.7388 | SNR: 16.08 dB | Eff. Rank: 121.8 | GradNorm: 1.11 | Throughput: 1036.7 aud-s/s | LR: 2.63e-04
2026-09-24T08:53:29.596 [E1 Step 12250] | Masked L1: 0.8327 | SNR: 14.99 dB | Eff. Rank: 122.8 | GradNorm: 1.10 | Throughput: 1289.4 aud-s/s | LR: 2.63e-04
2026-09-24T08:53:30.378 >>> [Phase 3 Gate Check @ Step 12250] Short Loss: 0.7244 | Long Loss: 1.0583 | Degradation Ratio: 1.461 | Gate Passed: YES

2026-09-24T08:53:38.797 [E1 Step 12275] | Masked L1: 0.8076 | SNR: 15.30 dB | Eff. Rank: 126.5 | GradNorm: 0.99 | Throughput: 1195.3 aud-s/s | LR: 2.62e-04
2026-09-24T08:53:47.260 [E1 Step 12300] | Masked L1: 0.7699 | SNR: 15.60 dB | Eff. Rank: 121.5 | GradNorm: 1.04 | Throughput: 1173.0 aud-s/s | LR: 2.62e-04
2026-09-24T08:53:49.432  [Artifact] Saved spectrogram plot -> runs\no-splitformer-moe-only\plots\recon_step_012300.png
[Network Relay] Local cache exhausted. Relaying to network for next 10000 samples...
[Network Relay] Cached 10000 samples to chunk_00002.pt (4678.5 MB)
2026-09-24T08:58:47.131 [E1 Step 12325] | Masked L1: 0.6875 | SNR: 16.70 dB | Eff. Rank: 123.8 | GradNorm: 1.03 | Throughput: 1102.3 aud-s/s | LR: 2.62e-04
2026-09-24T08:58:55.491 [E1 Step 12350] | Masked L1: 0.7967 | SNR: 15.31 dB | Eff. Rank: 121.8 | GradNorm: 1.01 | Throughput: 1496.2 aud-s/s | LR: 2.62e-04
2026-09-24T08:59:03.833 [E1 Step 12375] | Masked L1: 0.6262 | SNR: 17.32 dB | Eff. Rank: 124.3 | GradNorm: 0.98 | Throughput: 1117.1 aud-s/s | LR: 2.62e-04
2026-09-24T08:59:12.157 [E1 Step 12400] | Masked L1: 0.6560 | SNR: 17.35 dB | Eff. Rank: 126.2 | GradNorm: 1.04 | Throughput: 1204.6 aud-s/s | LR: 2.62e-04
2026-09-24T08:59:14.559  [Artifact] Saved spectrogram plot -> runs\no-splitformer-moe-only\plots\recon_step_012400.png
2026-09-24T08:59:23.099 [E1 Step 12425] | Masked L1: 0.8215 | SNR: 15.46 dB | Eff. Rank: 124.7 | GradNorm: 1.16 | Throughput: 1124.3 aud-s/s | LR: 2.62e-04
2026-09-24T08:59:31.436 [E1 Step 12450] | Masked L1: 0.5956 | SNR: 17.67 dB | Eff. Rank: 124.4 | GradNorm: 0.88 | Throughput: 956.6 aud-s/s | LR: 2.61e-04
[Network Relay] Local cache exhausted. Relaying to network for next 10000 samples...
[Network Relay] Cached 10000 samples to chunk_00003.pt (4602.1 MB)
2026-09-24T09:03:49.642 [E1 Step 12475] | Masked L1: 0.7599 | SNR: 16.12 dB | Eff. Rank: 124.9 | GradNorm: 1.02 | Throughput: 1402.9 aud-s/s | LR: 2.61e-04
2026-09-24T09:03:57.878 [E1 Step 12500] | Masked L1: 0.7973 | SNR: 15.44 dB | Eff. Rank: 126.7 | GradNorm: 1.27 | Throughput: 1185.1 aud-s/s | LR: 2.61e-04
2026-09-24T09:03:59.996  [Artifact] Saved spectrogram plot -> runs\no-splitformer-moe-only\plots\recon_step_012500.png
2026-09-24T09:04:00.258 >>> [Phase 3 Gate Check @ Step 12500] Short Loss: 0.7533 | Long Loss: 1.0961 | Degradation Ratio: 1.455 | Gate Passed: YES

2026-09-24T09:04:08.340 [E1 Step 12525] | Masked L1: 0.6928 | SNR: 16.72 dB | Eff. Rank: 122.1 | GradNorm: 1.13 | Throughput: 1156.6 aud-s/s | LR: 2.61e-04
2026-09-24T09:04:16.554 [E1 Step 12550] | Masked L1: 0.7815 | SNR: 15.66 dB | Eff. Rank: 126.1 | GradNorm: 1.15 | Throughput: 1258.3 aud-s/s | LR: 2.61e-04
2026-09-24T09:04:24.757 [E1 Step 12575] | Masked L1: 0.7448 | SNR: 16.54 dB | Eff. Rank: 117.4 | GradNorm: 0.91 | Throughput: 1350.9 aud-s/s | LR: 2.61e-04
2026-09-24T09:04:33.062 [E1 Step 12600] | Masked L1: 0.7355 | SNR: 16.43 dB | Eff. Rank: 122.1 | GradNorm: 1.01 | Throughput: 1099.1 aud-s/s | LR: 2.60e-04
2026-09-24T09:04:35.622  [Artifact] Saved spectrogram plot -> runs\no-splitformer-moe-only\plots\recon_step_012600.png
[Network Relay] Local cache exhausted. Relaying to network for next 10000 samples...
2026-09-24T09:04:48.010 [E1 Step 12625] | Masked L1: 0.8149 | SNR: 15.52 dB | Eff. Rank: 124.3 | GradNorm: 1.10 | Throughput: 821.4 aud-s/s | LR: 2.60e-04
[Network Relay] Cached 10000 samples to chunk_00004.pt (4524.6 MB)
2026-09-24T09:09:48.438 [E1 Step 12650] | Masked L1: 0.6776 | SNR: 16.93 dB | Eff. Rank: 119.1 | GradNorm: 0.96 | Throughput: 1130.4 aud-s/s | LR: 2.60e-04
2026-09-24T09:09:56.729 [E1 Step 12675] | Masked L1: 0.6168 | SNR: 17.19 dB | Eff. Rank: 125.5 | GradNorm: 1.03 | Throughput: 938.6 aud-s/s | LR: 2.60e-04
2026-09-24T09:10:05.032 [E1 Step 12700] | Masked L1: 0.6401 | SNR: 17.08 dB | Eff. Rank: 123.8 | GradNorm: 1.25 | Throughput: 1027.1 aud-s/s | LR: 2.60e-04
2026-09-24T09:10:07.422  [Artifact] Saved spectrogram plot -> runs\no-splitformer-moe-only\plots\recon_step_012700.png
2026-09-24T09:10:15.898 [E1 Step 12725] | Masked L1: 0.6722 | SNR: 16.62 dB | Eff. Rank: 120.6 | GradNorm: 0.92 | Throughput: 1272.1 aud-s/s | LR: 2.60e-04
2026-09-24T09:10:24.202 [E1 Step 12750] | Masked L1: 0.7256 | SNR: 16.58 dB | Eff. Rank: 123.2 | GradNorm: 1.46 | Throughput: 1234.0 aud-s/s | LR: 2.59e-04
2026-09-24T09:10:24.320 >>> [Phase 3 Gate Check @ Step 12750] Short Loss: 0.7185 | Long Loss: 1.0902 | Degradation Ratio: 1.517 | Gate Passed: YES

[Network Relay] Local cache exhausted. Relaying to network for next 10000 samples...
2026-09-24T09:10:35.858 [E1 Step 12775] | Masked L1: 0.7498 | SNR: 16.45 dB | Eff. Rank: 123.8 | GradNorm: 1.17 | Throughput: 762.6 aud-s/s | LR: 2.59e-04
[Network Relay] Cached 10000 samples to chunk_00005.pt (4605.8 MB)
2026-09-24T09:15:14.143 [E1 Step 12800] | Masked L1: 0.6377 | SNR: 17.34 dB | Eff. Rank: 125.9 | GradNorm: 0.91 | Throughput: 1163.7 aud-s/s | LR: 2.59e-04
2026-09-24T09:15:16.462  [Artifact] Saved spectrogram plot -> runs\no-splitformer-moe-only\plots\recon_step_012800.png
2026-09-24T09:15:24.899 [E1 Step 12825] | Masked L1: 0.5021 | SNR: 18.75 dB | Eff. Rank: 113.3 | GradNorm: 0.95 | Throughput: 932.5 aud-s/s | LR: 2.59e-04
2026-09-24T09:15:33.102 [E1 Step 12850] | Masked L1: 0.6698 | SNR: 16.71 dB | Eff. Rank: 122.0 | GradNorm: 1.21 | Throughput: 1160.5 aud-s/s | LR: 2.59e-04
2026-09-24T09:15:41.360 [E1 Step 12875] | Masked L1: 0.6731 | SNR: 16.76 dB | Eff. Rank: 126.0 | GradNorm: 1.07 | Throughput: 972.7 aud-s/s | LR: 2.59e-04
2026-09-24T09:15:49.583 [E1 Step 12900] | Masked L1: 0.5757 | SNR: 17.90 dB | Eff. Rank: 114.3 | GradNorm: 1.21 | Throughput: 926.4 aud-s/s | LR: 2.58e-04
2026-09-24T09:15:52.049  [Artifact] Saved spectrogram plot -> runs\no-splitformer-moe-only\plots\recon_step_012900.png
2026-09-24T09:16:00.543 [E1 Step 12925] | Masked L1: 0.6631 | SNR: 16.99 dB | Eff. Rank: 123.6 | GradNorm: 0.96 | Throughput: 989.6 aud-s/s | LR: 2.58e-04
[Network Relay] Local cache exhausted. Relaying to network for next 10000 samples...
[Network Relay Warning] Failed to save chunk_00006.pt: [enforce fail at inline_container.cc:626] . unexpected pos 128 vs 0
2026-09-24T09:19:39.534 [E1 Step 12950] | Masked L1: 0.7327 | SNR: 16.26 dB | Eff. Rank: 123.7 | GradNorm: 0.79 | Throughput: 1369.9 aud-s/s | LR: 2.58e-04
2026-09-24T09:19:47.952 [E1 Step 12975] | Masked L1: 0.7343 | SNR: 16.22 dB | Eff. Rank: 121.9 | GradNorm: 0.85 | Throughput: 1371.6 aud-s/s | LR: 2.58e-04
2026-09-24T09:19:56.316 [E1 Step 13000] | Masked L1: 0.7134 | SNR: 16.62 dB | Eff. Rank: 120.2 | GradNorm: 0.96 | Throughput: 1192.8 aud-s/s | LR: 2.58e-04
2026-09-24T09:19:58.804  [Artifact] Saved spectrogram plot -> runs\no-splitformer-moe-only\plots\recon_step_013000.png
2026-09-24T09:19:59.088 >>> [Phase 3 Gate Check @ Step 13000] Short Loss: 0.7185 | Long Loss: 1.1547 | Degradation Ratio: 1.607 | Gate Passed: YES

  🌟 New Best Model! masked_l1 = 0.7134 (Saved to best_model.pt)
2026-09-24T09:20:01.013  [Semantic Checkpoint] Saved to runs\no-splitformer-moe-only\checkpoints\stage1_pretrain

2026-09-24T09:20:01.013  [Early Stop] New best masked_l1: 0.713428
2026-09-24T09:20:09.647 [E1 Step 13025] | Masked L1: 0.7430 | SNR: 16.43 dB | Eff. Rank: 123.8 | GradNorm: 0.93 | Throughput: 1178.1 aud-s/s | LR: 2.58e-04
2026-09-24T09:20:17.943 [E1 Step 13050] | Masked L1: 0.5942 | SNR: 17.91 dB | Eff. Rank: 120.0 | GradNorm: 0.97 | Throughput: 1065.3 aud-s/s | LR: 2.57e-04
2026-09-24T09:20:26.176 [E1 Step 13075] | Masked L1: 0.7844 | SNR: 15.87 dB | Eff. Rank: 121.8 | GradNorm: 0.89 | Throughput: 1305.2 aud-s/s | LR: 2.57e-04
[Network Relay] Local cache exhausted. Relaying to network for next 10000 samples...
[Network Relay Warning] Failed to save chunk_00007.pt: [enforce fail at inline_container.cc:626] . unexpected pos 128 vs 0
2026-09-24T09:23:50.722 [E1 Step 13100] | Masked L1: 0.7559 | SNR: 15.80 dB | Eff. Rank: 119.4 | GradNorm: 0.96 | Throughput: 1070.8 aud-s/s | LR: 2.57e-04
2026-09-24T09:23:53.044  [Artifact] Saved spectrogram plot -> runs\no-splitformer-moe-only\plots\recon_step_013100.png
2026-09-24T09:24:01.643 [E1 Step 13125] | Masked L1: 0.6552 | SNR: 16.50 dB | Eff. Rank: 119.5 | GradNorm: 1.16 | Throughput: 1180.2 aud-s/s | LR: 2.57e-04
2026-09-24T09:24:10.298 [E1 Step 13150] | Masked L1: 0.7445 | SNR: 16.26 dB | Eff. Rank: 128.2 | GradNorm: 1.27 | Throughput: 1294.8 aud-s/s | LR: 2.57e-04
2026-09-24T09:24:18.394 [E1 Step 13175] | Masked L1: 0.6873 | SNR: 16.64 dB | Eff. Rank: 124.4 | GradNorm: 0.94 | Throughput: 1298.7 aud-s/s | LR: 2.57e-04
2026-09-24T09:24:26.622 [E1 Step 13200] | Masked L1: 0.6225 | SNR: 17.43 dB | Eff. Rank: 115.3 | GradNorm: 1.02 | Throughput: 1040.7 aud-s/s | LR: 2.56e-04
2026-09-24T09:24:28.889  [Artifact] Saved spectrogram plot -> runs\no-splitformer-moe-only\plots\recon_step_013200.png
2026-09-24T09:24:36.950 [E1 Step 13225] | Masked L1: 0.6336 | SNR: 17.42 dB | Eff. Rank: 124.3 | GradNorm: 0.89 | Throughput: 1073.5 aud-s/s | LR: 2.56e-04
[Network Relay] Local cache exhausted. Relaying to network for next 10000 samples...
2026-09-24T09:24:49.467 [E1 Step 13250] | Masked L1: 0.5560 | SNR: 18.17 dB | Eff. Rank: 121.5 | GradNorm: 1.06 | Throughput: 561.0 aud-s/s | LR: 2.56e-04
2026-09-24T09:24:49.731 >>> [Phase 3 Gate Check @ Step 13250] Short Loss: 0.7252 | Long Loss: 1.0439 | Degradation Ratio: 1.439 | Gate Passed: YES

[Network Relay Warning] Failed to save chunk_00008.pt: [enforce fail at inline_container.cc:626] . unexpected pos 128 vs 0
2026-09-24T09:28:40.750 [E1 Step 13275] | Masked L1: 0.5892 | SNR: 17.67 dB | Eff. Rank: 120.5 | GradNorm: 1.14 | Throughput: 1077.2 aud-s/s | LR: 2.56e-04
2026-09-24T09:28:49.097 [E1 Step 13300] | Masked L1: 0.6197 | SNR: 17.64 dB | Eff. Rank: 121.0 | GradNorm: 0.93 | Throughput: 1217.6 aud-s/s | LR: 2.56e-04
2026-09-24T09:28:51.388  [Artifact] Saved spectrogram plot -> runs\no-splitformer-moe-only\plots\recon_step_013300.png
2026-09-24T09:28:59.973 [E1 Step 13325] | Masked L1: 0.6869 | SNR: 16.83 dB | Eff. Rank: 128.7 | GradNorm: 0.80 | Throughput: 1357.7 aud-s/s | LR: 2.56e-04
2026-09-24T09:29:08.582 [E1 Step 13350] | Masked L1: 0.6880 | SNR: 17.07 dB | Eff. Rank: 127.7 | GradNorm: 1.19 | Throughput: 1049.0 aud-s/s | LR: 2.55e-04
2026-09-24T09:29:17.399 [E1 Step 13375] | Masked L1: 0.7089 | SNR: 16.84 dB | Eff. Rank: 123.1 | GradNorm: 0.86 | Throughput: 1278.3 aud-s/s | LR: 2.55e-04
[Network Relay] Local cache exhausted. Relaying to network for next 10000 samples...
2026-09-24T09:29:29.566 [E1 Step 13400] | Masked L1: 0.6413 | SNR: 17.39 dB | Eff. Rank: 126.4 | GradNorm: 0.90 | Throughput: 568.0 aud-s/s | LR: 2.55e-04
2026-09-24T09:29:32.695  [Artifact] Saved spectrogram plot -> runs\no-splitformer-moe-only\plots\recon_step_013400.png
[Network Relay] Cached 10000 samples to chunk_00009.pt (5054.4 MB)
2026-09-24T09:34:39.317 [E1 Step 13425] | Masked L1: 0.5732 | SNR: 17.76 dB | Eff. Rank: 124.6 | GradNorm: 1.25 | Throughput: 908.8 aud-s/s | LR: 2.55e-04
2026-09-24T09:34:48.373 [E1 Step 13450] | Masked L1: 0.6153 | SNR: 17.41 dB | Eff. Rank: 121.1 | GradNorm: 0.89 | Throughput: 925.0 aud-s/s | LR: 2.55e-04
2026-09-24T09:34:57.188 [E1 Step 13475] | Masked L1: 0.7206 | SNR: 16.29 dB | Eff. Rank: 124.5 | GradNorm: 0.76 | Throughput: 1184.3 aud-s/s | LR: 2.55e-04
2026-09-24T09:35:06.134 [E1 Step 13500] | Masked L1: 0.7026 | SNR: 16.70 dB | Eff. Rank: 124.3 | GradNorm: 1.06 | Throughput: 1210.7 aud-s/s | LR: 2.54e-04
2026-09-24T09:35:08.754  [Artifact] Saved spectrogram plot -> runs\no-splitformer-moe-only\plots\recon_step_013500.png
2026-09-24T09:35:09.013 >>> [Phase 3 Gate Check @ Step 13500] Short Loss: 0.7037 | Long Loss: 1.1205 | Degradation Ratio: 1.592 | Gate Passed: YES

2026-09-24T09:35:18.176 [E1 Step 13525] | Masked L1: 0.8002 | SNR: 15.76 dB | Eff. Rank: 124.9 | GradNorm: 0.88 | Throughput: 1107.0 aud-s/s | LR: 2.54e-04
2026-09-24T09:35:30.207 [E1 Step 13550] | Masked L1: 0.8429 | SNR: 15.18 dB | Eff. Rank: 124.4 | GradNorm: 0.83 | Throughput: 1249.9 aud-s/s | LR: 2.54e-04
[Network Relay] Local cache exhausted. Relaying to network for next 10000 samples...
[Network Relay] Cached 10000 samples to chunk_00010.pt (5558.6 MB)
2026-09-24T09:40:44.417 [E1 Step 13575] | Masked L1: 0.7118 | SNR: 16.43 dB | Eff. Rank: 124.2 | GradNorm: 1.05 | Throughput: 1204.1 aud-s/s | LR: 2.54e-04
2026-09-24T09:40:52.924 [E1 Step 13600] | Masked L1: 0.6921 | SNR: 16.71 dB | Eff. Rank: 120.9 | GradNorm: 0.87 | Throughput: 1274.5 aud-s/s | LR: 2.54e-04
2026-09-24T09:40:55.318  [Artifact] Saved spectrogram plot -> runs\no-splitformer-moe-only\plots\recon_step_013600.png
2026-09-24T09:41:03.905 [E1 Step 13625] | Masked L1: 0.8061 | SNR: 15.69 dB | Eff. Rank: 123.8 | GradNorm: 0.95 | Throughput: 1541.8 aud-s/s | LR: 2.53e-04
2026-09-24T09:41:12.267 [E1 Step 13650] | Masked L1: 0.7536 | SNR: 15.93 dB | Eff. Rank: 123.1 | GradNorm: 0.73 | Throughput: 1448.2 aud-s/s | LR: 2.53e-04
2026-09-24T09:41:20.871 [E1 Step 13675] | Masked L1: 0.8329 | SNR: 15.41 dB | Eff. Rank: 124.4 | GradNorm: 1.08 | Throughput: 1173.0 aud-s/s | LR: 2.53e-04
2026-09-24T09:41:29.440 [E1 Step 13700] | Masked L1: 0.6878 | SNR: 16.53 dB | Eff. Rank: 124.3 | GradNorm: 0.84 | Throughput: 1244.6 aud-s/s | LR: 2.53e-04
2026-09-24T09:41:31.688  [Artifact] Saved spectrogram plot -> runs\no-splitformer-moe-only\plots\recon_step_013700.png
[Network Relay] Local cache exhausted. Relaying to network for next 10000 samples...
[Network Relay] Cached 10000 samples to chunk_00011.pt (5347.2 MB)
'[SSL: UNEXPECTED_EOF_WHILE_READING] EOF occurred in violation of protocol (_ssl.c:1032)' thrown while requesting GET https://huggingface.co/datasets/ARTPARK-IISc/Vaani/resolve/9e6ed4f94f7060e633cbc500480623ae7521522c/audio/Marathi/train-00020-of-00232.parquet
Retrying in 1s [Retry 1/5].
'[WinError 10038] An operation was attempted on something that is not a socket' thrown while requesting GET https://huggingface.co/datasets/ai4bharat/Shrutilipi/resolve/f4beb2f2cfaeae5a8fc28808f85165fec1cb19b3/marathi/train-00017-of-00085.parquet
Retrying in 1s [Retry 1/5].
2026-09-24T09:47:24.222 [E1 Step 13725] | Masked L1: 0.8504 | SNR: 14.90 dB | Eff. Rank: 123.4 | GradNorm: 0.91 | Throughput: 1462.1 aud-s/s | LR: 2.53e-04
2026-09-24T09:47:32.773 [E1 Step 13750] | Masked L1: 0.9474 | SNR: 14.45 dB | Eff. Rank: 129.1 | GradNorm: 0.89 | Throughput: 1500.6 aud-s/s | LR: 2.53e-04
2026-09-24T09:47:32.919 >>> [Phase 3 Gate Check @ Step 13750] Short Loss: 0.7356 | Long Loss: 1.1832 | Degradation Ratio: 1.608 | Gate Passed: YES

2026-09-24T09:47:41.436 [E1 Step 13775] | Masked L1: 0.6334 | SNR: 17.65 dB | Eff. Rank: 126.6 | GradNorm: 1.14 | Throughput: 1038.8 aud-s/s | LR: 2.52e-04
2026-09-24T09:47:50.192 [E1 Step 13800] | Masked L1: 0.6987 | SNR: 16.24 dB | Eff. Rank: 118.1 | GradNorm: 0.94 | Throughput: 1307.7 aud-s/s | LR: 2.52e-04
2026-09-24T09:47:53.098  [Artifact] Saved spectrogram plot -> runs\no-splitformer-moe-only\plots\recon_step_013800.png
2026-09-24T09:48:02.549 [E1 Step 13825] | Masked L1: 0.6176 | SNR: 17.35 dB | Eff. Rank: 120.3 | GradNorm: 0.94 | Throughput: 828.8 aud-s/s | LR: 2.52e-04
2026-09-24T09:48:11.926 [E1 Step 13850] | Masked L1: 0.7724 | SNR: 15.77 dB | Eff. Rank: 120.9 | GradNorm: 0.91 | Throughput: 1180.9 aud-s/s | LR: 2.52e-04
[Network Relay] Local cache exhausted. Relaying to network for next 10000 samples...
2026-09-24T09:48:27.514 [E1 Step 13875] | Masked L1: 0.4732 | SNR: 19.05 dB | Eff. Rank: 118.0 | GradNorm: 1.11 | Throughput: 535.5 aud-s/s | LR: 2.52e-04
[Network Relay] Cached 10000 samples to chunk_00012.pt (4497.2 MB)
2026-09-24T09:53:01.099 [E1 Step 13900] | Masked L1: 0.6866 | SNR: 16.91 dB | Eff. Rank: 124.9 | GradNorm: 0.90 | Throughput: 1159.6 aud-s/s | LR: 2.52e-04
2026-09-24T09:53:03.758  [Artifact] Saved spectrogram plot -> runs\no-splitformer-moe-only\plots\recon_step_013900.png
2026-09-24T09:53:12.333 [E1 Step 13925] | Masked L1: 0.5675 | SNR: 17.74 dB | Eff. Rank: 123.3 | GradNorm: 1.09 | Throughput: 1024.6 aud-s/s | LR: 2.51e-04
2026-09-24T09:53:21.174 [E1 Step 13950] | Masked L1: 0.5810 | SNR: 17.64 dB | Eff. Rank: 115.9 | GradNorm: 0.86 | Throughput: 940.8 aud-s/s | LR: 2.51e-04
2026-09-24T09:53:29.898 [E1 Step 13975] | Masked L1: 0.7460 | SNR: 15.92 dB | Eff. Rank: 121.1 | GradNorm: 0.87 | Throughput: 1180.3 aud-s/s | LR: 2.51e-04
2026-09-24T09:53:39.587 [E1 Step 14000] | Masked L1: 0.6006 | SNR: 17.70 dB | Eff. Rank: 118.6 | GradNorm: 0.96 | Throughput: 887.1 aud-s/s | LR: 2.51e-04
2026-09-24T09:53:42.256  [Artifact] Saved spectrogram plot -> runs\no-splitformer-moe-only\plots\recon_step_014000.png
2026-09-24T09:53:42.538 >>> [Phase 3 Gate Check @ Step 14000] Short Loss: 0.7429 | Long Loss: 1.1732 | Degradation Ratio: 1.579 | Gate Passed: YES

  🌟 New Best Model! masked_l1 = 0.6006 (Saved to best_model.pt)
2026-09-24T09:53:43.867  [Semantic Checkpoint] Saved to runs\no-splitformer-moe-only\checkpoints\stage1_pretrain

2026-09-24T09:53:43.867  [Early Stop] New best masked_l1: 0.600648
[Network Relay] Local cache exhausted. Relaying to network for next 10000 samples...
2026-09-24T09:53:56.562 [E1 Step 14025] | Masked L1: 0.8028 | SNR: 15.30 dB | Eff. Rank: 127.6 | GradNorm: 1.04 | Throughput: 613.0 aud-s/s | LR: 2.51e-04
[Network Relay] Cached 10000 samples to chunk_00013.pt (4367.8 MB)
2026-09-24T09:57:49.718 [E1 Step 14050] | Masked L1: 0.6705 | SNR: 17.01 dB | Eff. Rank: 127.2 | GradNorm: 1.24 | Throughput: 1232.8 aud-s/s | LR: 2.50e-04
2026-09-24T09:57:57.739 [E1 Step 14075] | Masked L1: 0.6380 | SNR: 17.09 dB | Eff. Rank: 116.3 | GradNorm: 1.07 | Throughput: 1082.2 aud-s/s | LR: 2.50e-04
2026-09-24T09:58:05.818 [E1 Step 14100] | Masked L1: 0.7386 | SNR: 16.15 dB | Eff. Rank: 120.0 | GradNorm: 1.26 | Throughput: 1415.4 aud-s/s | LR: 2.50e-04
2026-09-24T09:58:08.021  [Artifact] Saved spectrogram plot -> runs\no-splitformer-moe-only\plots\recon_step_014100.png
2026-09-24T09:58:16.616 [E1 Step 14125] | Masked L1: 0.5547 | SNR: 18.29 dB | Eff. Rank: 117.7 | GradNorm: 1.42 | Throughput: 1044.2 aud-s/s | LR: 2.50e-04
2026-09-24T09:58:25.936 [E1 Step 14150] | Masked L1: 0.5385 | SNR: 18.08 dB | Eff. Rank: 123.7 | GradNorm: 1.07 | Throughput: 814.4 aud-s/s | LR: 2.50e-04
2026-09-24T09:58:35.276 [E1 Step 14175] | Masked L1: 0.4995 | SNR: 18.60 dB | Eff. Rank: 123.2 | GradNorm: 1.05 | Throughput: 706.9 aud-s/s | LR: 2.50e-04
[Network Relay] Local cache exhausted. Relaying to network for next 10000 samples...
[Network Relay] Cached 10000 samples to chunk_00014.pt (4241.7 MB)
2026-09-24T10:03:13.038 [E1 Step 14200] | Masked L1: 0.7141 | SNR: 16.08 dB | Eff. Rank: 122.5 | GradNorm: 1.55 | Throughput: 1170.5 aud-s/s | LR: 2.49e-04
2026-09-24T10:03:15.610  [Artifact] Saved spectrogram plot -> runs\no-splitformer-moe-only\plots\recon_step_014200.png
2026-09-24T10:03:24.585 [E1 Step 14225] | Masked L1: 0.6674 | SNR: 16.61 dB | Eff. Rank: 115.7 | GradNorm: 1.18 | Throughput: 873.1 aud-s/s | LR: 2.49e-04
2026-09-24T10:03:33.651 [E1 Step 14250] | Masked L1: 0.6058 | SNR: 17.49 dB | Eff. Rank: 125.9 | GradNorm: 0.94 | Throughput: 1024.7 aud-s/s | LR: 2.49e-04
2026-09-24T10:03:33.794 >>> [Phase 3 Gate Check @ Step 14250] Short Loss: 0.7385 | Long Loss: 1.0999 | Degradation Ratio: 1.489 | Gate Passed: YES

2026-09-24T10:03:42.999 [E1 Step 14275] | Masked L1: 0.5348 | SNR: 18.23 dB | Eff. Rank: 116.8 | GradNorm: 0.97 | Throughput: 891.9 aud-s/s | LR: 2.49e-04
2026-09-24T10:03:52.693 [E1 Step 14300] | Masked L1: 0.6407 | SNR: 16.94 dB | Eff. Rank: 125.7 | GradNorm: 1.04 | Throughput: 916.9 aud-s/s | LR: 2.49e-04
2026-09-24T10:03:55.336  [Artifact] Saved spectrogram plot -> runs\no-splitformer-moe-only\plots\recon_step_014300.png
2026-09-24T10:04:04.394 [E1 Step 14325] | Masked L1: 0.5053 | SNR: 18.70 dB | Eff. Rank: 115.8 | GradNorm: 0.80 | Throughput: 975.9 aud-s/s | LR: 2.49e-04
[Network Relay] Local cache exhausted. Relaying to network for next 10000 samples...
[Network Relay] Cached 10000 samples to chunk_00015.pt (4151.1 MB)
2026-09-24T10:08:28.502 [E1 Step 14350] | Masked L1: 0.7048 | SNR: 16.68 dB | Eff. Rank: 130.2 | GradNorm: 0.90 | Throughput: 1142.2 aud-s/s | LR: 2.48e-04
2026-09-24T10:08:37.800 [E1 Step 14375] | Masked L1: 0.5421 | SNR: 17.90 dB | Eff. Rank: 114.5 | GradNorm: 0.90 | Throughput: 819.2 aud-s/s | LR: 2.48e-04
2026-09-24T10:08:47.479 [E1 Step 14400] | Masked L1: 0.6052 | SNR: 17.47 dB | Eff. Rank: 123.5 | GradNorm: 1.43 | Throughput: 876.2 aud-s/s | LR: 2.48e-04
2026-09-24T10:08:50.222  [Artifact] Saved spectrogram plot -> runs\no-splitformer-moe-only\plots\recon_step_014400.png
2026-09-24T10:08:59.568 [E1 Step 14425] | Masked L1: 0.8266 | SNR: 15.47 dB | Eff. Rank: 126.2 | GradNorm: 0.95 | Throughput: 871.4 aud-s/s | LR: 2.48e-04
2026-09-24T10:09:08.698 [E1 Step 14450] | Masked L1: 0.5253 | SNR: 18.13 dB | Eff. Rank: 122.0 | GradNorm: 1.07 | Throughput: 765.7 aud-s/s | LR: 2.48e-04
2026-09-24T10:09:17.925 [E1 Step 14475] | Masked L1: 0.5719 | SNR: 17.85 dB | Eff. Rank: 120.7 | GradNorm: 1.02 | Throughput: 697.6 aud-s/s | LR: 2.47e-04
[Network Relay] Local cache exhausted. Relaying to network for next 10000 samples...
2026-09-24T10:09:33.235 [E1 Step 14500] | Masked L1: 0.7342 | SNR: 15.99 dB | Eff. Rank: 127.1 | GradNorm: 1.01 | Throughput: 508.6 aud-s/s | LR: 2.47e-04
2026-09-24T10:09:37.189  [Artifact] Saved spectrogram plot -> runs\no-splitformer-moe-only\plots\recon_step_014500.png
2026-09-24T10:09:37.634 >>> [Phase 3 Gate Check @ Step 14500] Short Loss: 0.7242 | Long Loss: 1.0871 | Degradation Ratio: 1.501 | Gate Passed: YES

[Network Relay] Cached 10000 samples to chunk_00016.pt (4193.2 MB)
2026-09-24T10:13:46.033 [E1 Step 14525] | Masked L1: 0.6463 | SNR: 17.29 dB | Eff. Rank: 127.2 | GradNorm: 1.33 | Throughput: 856.0 aud-s/s | LR: 2.47e-04
2026-09-24T10:13:55.056 [E1 Step 14550] | Masked L1: 0.6218 | SNR: 17.27 dB | Eff. Rank: 129.8 | GradNorm: 1.13 | Throughput: 983.0 aud-s/s | LR: 2.47e-04
2026-09-24T10:14:04.119 [E1 Step 14575] | Masked L1: 0.6346 | SNR: 17.08 dB | Eff. Rank: 123.5 | GradNorm: 1.23 | Throughput: 912.5 aud-s/s | LR: 2.47e-04
2026-09-24T10:14:13.114 [E1 Step 14600] | Masked L1: 0.6663 | SNR: 17.21 dB | Eff. Rank: 125.5 | GradNorm: 0.87 | Throughput: 1126.9 aud-s/s | LR: 2.46e-04
2026-09-24T10:14:15.652  [Artifact] Saved spectrogram plot -> runs\no-splitformer-moe-only\plots\recon_step_014600.png
2026-09-24T10:14:24.716 [E1 Step 14625] | Masked L1: 0.6838 | SNR: 16.62 dB | Eff. Rank: 120.6 | GradNorm: 1.06 | Throughput: 1021.4 aud-s/s | LR: 2.46e-04
[Network Relay] Local cache exhausted. Relaying to network for next 10000 samples...
2026-09-24T10:14:37.350 [E1 Step 14650] | Masked L1: 0.6537 | SNR: 17.08 dB | Eff. Rank: 124.0 | GradNorm: 0.82 | Throughput: 521.4 aud-s/s | LR: 2.46e-04
[Network Relay] Cached 10000 samples to chunk_00017.pt (4360.3 MB)
2026-09-24T10:19:06.499 [E1 Step 14675] | Masked L1: 0.5527 | SNR: 17.99 dB | Eff. Rank: 125.7 | GradNorm: 0.96 | Throughput: 896.0 aud-s/s | LR: 2.46e-04
2026-09-24T10:19:15.005 [E1 Step 14700] | Masked L1: 0.6685 | SNR: 17.16 dB | Eff. Rank: 126.0 | GradNorm: 1.01 | Throughput: 1060.0 aud-s/s | LR: 2.46e-04
2026-09-24T10:19:17.410  [Artifact] Saved spectrogram plot -> runs\no-splitformer-moe-only\plots\recon_step_014700.png
2026-09-24T10:19:26.092 [E1 Step 14725] | Masked L1: 0.5309 | SNR: 18.32 dB | Eff. Rank: 118.6 | GradNorm: 1.06 | Throughput: 856.8 aud-s/s | LR: 2.46e-04
2026-09-24T10:19:34.579 [E1 Step 14750] | Masked L1: 0.8732 | SNR: 15.03 dB | Eff. Rank: 127.9 | GradNorm: 0.80 | Throughput: 1291.1 aud-s/s | LR: 2.45e-04
2026-09-24T10:19:34.704 >>> [Phase 3 Gate Check @ Step 14750] Short Loss: 0.7150 | Long Loss: 1.1350 | Degradation Ratio: 1.587 | Gate Passed: YES

2026-09-24T10:19:43.142 [E1 Step 14775] | Masked L1: 0.5127 | SNR: 18.97 dB | Eff. Rank: 122.2 | GradNorm: 1.17 | Throughput: 997.2 aud-s/s | LR: 2.45e-04
2026-09-24T10:19:51.776 [E1 Step 14800] | Masked L1: 0.7081 | SNR: 16.37 dB | Eff. Rank: 123.9 | GradNorm: 0.80 | Throughput: 1172.7 aud-s/s | LR: 2.45e-04
2026-09-24T10:19:54.078  [Artifact] Saved spectrogram plot -> runs\no-splitformer-moe-only\plots\recon_step_014800.png
[Network Relay] Local cache exhausted. Relaying to network for next 10000 samples...
[Network Relay] Cached 10000 samples to chunk_00018.pt (5254.0 MB)
2026-09-24T10:25:20.465 [E1 Step 14825] | Masked L1: 0.7121 | SNR: 16.41 dB | Eff. Rank: 126.6 | GradNorm: 0.99 | Throughput: 1014.5 aud-s/s | LR: 2.45e-04
2026-09-24T10:25:29.066 [E1 Step 14850] | Masked L1: 0.6555 | SNR: 16.98 dB | Eff. Rank: 123.8 | GradNorm: 0.95 | Throughput: 1204.9 aud-s/s | LR: 2.45e-04
2026-09-24T10:25:38.008 [E1 Step 14875] | Masked L1: 0.8148 | SNR: 15.51 dB | Eff. Rank: 125.9 | GradNorm: 0.87 | Throughput: 1364.0 aud-s/s | LR: 2.44e-04
2026-09-24T10:25:46.940 [E1 Step 14900] | Masked L1: 0.7328 | SNR: 16.04 dB | Eff. Rank: 125.6 | GradNorm: 0.76 | Throughput: 1369.9 aud-s/s | LR: 2.44e-04
2026-09-24T10:25:49.498  [Artifact] Saved spectrogram plot -> runs\no-splitformer-moe-only\plots\recon_step_014900.png
2026-09-24T10:25:58.712 [E1 Step 14925] | Masked L1: 0.7233 | SNR: 16.54 dB | Eff. Rank: 126.0 | GradNorm: 0.78 | Throughput: 1220.7 aud-s/s | LR: 2.44e-04
2026-09-24T10:26:07.558 [E1 Step 14950] | Masked L1: 0.6873 | SNR: 17.03 dB | Eff. Rank: 128.5 | GradNorm: 0.98 | Throughput: 1135.9 aud-s/s | LR: 2.44e-04
[Network Relay] Local cache exhausted. Relaying to network for next 10000 samples...
[Network Relay] Cached 10000 samples to chunk_00019.pt (4570.5 MB)
2026-09-24T10:30:26.713 [E1 Step 14975] | Masked L1: 0.7569 | SNR: 16.15 dB | Eff. Rank: 126.8 | GradNorm: 0.83 | Throughput: 1286.2 aud-s/s | LR: 2.44e-04
2026-09-24T10:30:35.491 [E1 Step 15000] | Masked L1: 0.7075 | SNR: 16.39 dB | Eff. Rank: 121.8 | GradNorm: 0.86 | Throughput: 1326.4 aud-s/s | LR: 2.44e-04
2026-09-24T10:30:38.121  [Artifact] Saved spectrogram plot -> runs\no-splitformer-moe-only\plots\recon_step_015000.png
2026-09-24T10:30:38.421 >>> [Phase 3 Gate Check @ Step 15000] Short Loss: 0.7355 | Long Loss: 1.1078 | Degradation Ratio: 1.506 | Gate Passed: YES

2026-09-24T10:30:38.972  [Semantic Checkpoint] Saved to runs\no-splitformer-moe-only\checkpoints\stage1_pretrain

2026-09-24T10:30:38.972  [Early Stop] No improvement (1/5)
2026-09-24T10:30:47.745 [E1 Step 15025] | Masked L1: 0.6631 | SNR: 16.90 dB | Eff. Rank: 125.8 | GradNorm: 1.02 | Throughput: 1144.3 aud-s/s | LR: 2.43e-04
2026-09-24T10:30:56.266 [E1 Step 15050] | Masked L1: 0.5335 | SNR: 18.65 dB | Eff. Rank: 122.8 | GradNorm: 0.97 | Throughput: 917.8 aud-s/s | LR: 2.43e-04
2026-09-24T10:31:04.718 [E1 Step 15075] | Masked L1: 0.6961 | SNR: 16.79 dB | Eff. Rank: 125.3 | GradNorm: 1.01 | Throughput: 1073.2 aud-s/s | LR: 2.43e-04
2026-09-24T10:31:13.232 [E1 Step 15100] | Masked L1: 0.6262 | SNR: 17.16 dB | Eff. Rank: 123.7 | GradNorm: 0.93 | Throughput: 1054.5 aud-s/s | LR: 2.43e-04
2026-09-24T10:31:15.943  [Artifact] Saved spectrogram plot -> runs\no-splitformer-moe-only\plots\recon_step_015100.png
[Network Relay] Local cache exhausted. Relaying to network for next 10000 samples...
2026-09-24T10:31:31.028 [E1 Step 15125] | Masked L1: 0.8576 | SNR: 15.24 dB | Eff. Rank: 128.7 | GradNorm: 1.03 | Throughput: 683.5 aud-s/s | LR: 2.43e-04
[Network Relay] Cached 10000 samples to chunk_00020.pt (4517.0 MB)
2026-09-24T10:35:42.305 [E1 Step 15150] | Masked L1: 0.6857 | SNR: 16.44 dB | Eff. Rank: 119.4 | GradNorm: 0.91 | Throughput: 1025.8 aud-s/s | LR: 2.42e-04
2026-09-24T10:35:50.614 [E1 Step 15175] | Masked L1: 0.5276 | SNR: 18.26 dB | Eff. Rank: 120.3 | GradNorm: 1.04 | Throughput: 1000.2 aud-s/s | LR: 2.42e-04
2026-09-24T10:35:58.621 [E1 Step 15200] | Masked L1: 0.6112 | SNR: 17.32 dB | Eff. Rank: 123.2 | GradNorm: 0.96 | Throughput: 1108.8 aud-s/s | LR: 2.42e-04
2026-09-24T10:36:00.878  [Artifact] Saved spectrogram plot -> runs\no-splitformer-moe-only\plots\recon_step_015200.png
2026-09-24T10:36:09.315 [E1 Step 15225] | Masked L1: 0.7468 | SNR: 16.11 dB | Eff. Rank: 122.5 | GradNorm: 1.14 | Throughput: 1289.2 aud-s/s | LR: 2.42e-04
2026-09-24T10:36:17.616 [E1 Step 15250] | Masked L1: 0.7309 | SNR: 16.56 dB | Eff. Rank: 128.2 | GradNorm: 0.93 | Throughput: 1433.4 aud-s/s | LR: 2.42e-04
2026-09-24T10:36:17.731 >>> [Phase 3 Gate Check @ Step 15250] Short Loss: 0.7023 | Long Loss: 1.0778 | Degradation Ratio: 1.535 | Gate Passed: YES

[Network Relay] Local cache exhausted. Relaying to network for next 10000 samples...
2026-09-24T10:36:29.929 [E1 Step 15275] | Masked L1: 0.7174 | SNR: 16.35 dB | Eff. Rank: 125.1 | GradNorm: 0.78 | Throughput: 698.9 aud-s/s | LR: 2.41e-04
[Network Relay] Cached 10000 samples to chunk_00021.pt (4618.4 MB)
2026-09-24T10:41:40.955 [E1 Step 15300] | Masked L1: 0.6577 | SNR: 16.81 dB | Eff. Rank: 129.5 | GradNorm: 1.12 | Throughput: 1143.6 aud-s/s | LR: 2.41e-04
2026-09-24T10:41:43.421  [Artifact] Saved spectrogram plot -> runs\no-splitformer-moe-only\plots\recon_step_015300.png
2026-09-24T10:41:51.963 [E1 Step 15325] | Masked L1: 0.6497 | SNR: 17.27 dB | Eff. Rank: 123.4 | GradNorm: 0.93 | Throughput: 1053.9 aud-s/s | LR: 2.41e-04
2026-09-24T10:42:00.285 [E1 Step 15350] | Masked L1: 0.6170 | SNR: 17.44 dB | Eff. Rank: 123.7 | GradNorm: 0.88 | Throughput: 1018.1 aud-s/s | LR: 2.41e-04
2026-09-24T10:42:08.605 [E1 Step 15375] | Masked L1: 0.6260 | SNR: 17.14 dB | Eff. Rank: 125.1 | GradNorm: 0.94 | Throughput: 1127.8 aud-s/s | LR: 2.41e-04
2026-09-24T10:42:17.151 [E1 Step 15400] | Masked L1: 0.6810 | SNR: 16.83 dB | Eff. Rank: 128.3 | GradNorm: 0.77 | Throughput: 1212.5 aud-s/s | LR: 2.40e-04
2026-09-24T10:42:19.649  [Artifact] Saved spectrogram plot -> runs\no-splitformer-moe-only\plots\recon_step_015400.png
2026-09-24T10:42:28.337 [E1 Step 15425] | Masked L1: 0.7680 | SNR: 15.74 dB | Eff. Rank: 124.8 | GradNorm: 0.73 | Throughput: 1429.4 aud-s/s | LR: 2.40e-04
[Network Relay] Local cache exhausted. Relaying to network for next 10000 samples...
[Network Relay] Cached 10000 samples to chunk_00022.pt (5306.9 MB)
2026-09-24T10:48:10.756 [E1 Step 15450] | Masked L1: 0.7906 | SNR: 15.87 dB | Eff. Rank: 124.0 | GradNorm: 0.89 | Throughput: 1363.8 aud-s/s | LR: 2.40e-04
2026-09-24T10:48:19.176 [E1 Step 15475] | Masked L1: 0.7129 | SNR: 16.53 dB | Eff. Rank: 127.3 | GradNorm: 0.77 | Throughput: 1308.9 aud-s/s | LR: 2.40e-04
2026-09-24T10:48:27.612 [E1 Step 15500] | Masked L1: 0.8203 | SNR: 15.21 dB | Eff. Rank: 125.8 | GradNorm: 0.96 | Throughput: 1456.2 aud-s/s | LR: 2.40e-04
2026-09-24T10:48:29.894  [Artifact] Saved spectrogram plot -> runs\no-splitformer-moe-only\plots\recon_step_015500.png
2026-09-24T10:48:30.174 >>> [Phase 3 Gate Check @ Step 15500] Short Loss: 0.7227 | Long Loss: 1.0626 | Degradation Ratio: 1.470 | Gate Passed: YES

2026-09-24T10:48:38.720 [E1 Step 15525] | Masked L1: 0.8236 | SNR: 15.26 dB | Eff. Rank: 128.7 | GradNorm: 1.43 | Throughput: 1327.7 aud-s/s | LR: 2.40e-04
2026-09-24T10:48:47.252 [E1 Step 15550] | Masked L1: 0.7067 | SNR: 16.50 dB | Eff. Rank: 124.5 | GradNorm: 0.75 | Throughput: 1264.1 aud-s/s | LR: 2.39e-04
2026-09-24T10:48:55.821 [E1 Step 15575] | Masked L1: 0.6645 | SNR: 17.12 dB | Eff. Rank: 122.6 | GradNorm: 0.94 | Throughput: 1260.0 aud-s/s | LR: 2.39e-04
[Network Relay] Local cache exhausted. Relaying to network for next 10000 samples...
[Network Relay] Cached 10000 samples to chunk_00023.pt (5436.8 MB)
2026-09-24T10:54:14.358 [E1 Step 15600] | Masked L1: 0.6912 | SNR: 16.68 dB | Eff. Rank: 124.4 | GradNorm: 1.16 | Throughput: 1329.8 aud-s/s | LR: 2.39e-04
2026-09-24T10:54:16.908  [Artifact] Saved spectrogram plot -> runs\no-splitformer-moe-only\plots\recon_step_015600.png
2026-09-24T10:54:25.578 [E1 Step 15625] | Masked L1: 0.8238 | SNR: 15.67 dB | Eff. Rank: 127.6 | GradNorm: 1.61 | Throughput: 1471.4 aud-s/s | LR: 2.39e-04
2026-09-24T10:54:34.193 [E1 Step 15650] | Masked L1: 0.5875 | SNR: 17.78 dB | Eff. Rank: 118.3 | GradNorm: 0.87 | Throughput: 1142.5 aud-s/s | LR: 2.39e-04
2026-09-24T10:54:42.887 [E1 Step 15675] | Masked L1: 0.7834 | SNR: 15.83 dB | Eff. Rank: 123.1 | GradNorm: 0.87 | Throughput: 1406.5 aud-s/s | LR: 2.38e-04
2026-09-24T10:54:51.518 [E1 Step 15700] | Masked L1: 0.6697 | SNR: 17.01 dB | Eff. Rank: 123.6 | GradNorm: 0.96 | Throughput: 1266.7 aud-s/s | LR: 2.38e-04
2026-09-24T10:54:54.107  [Artifact] Saved spectrogram plot -> runs\no-splitformer-moe-only\plots\recon_step_015700.png
2026-09-24T10:55:02.852 [E1 Step 15725] | Masked L1: 0.6254 | SNR: 17.70 dB | Eff. Rank: 128.7 | GradNorm: 0.83 | Throughput: 1196.9 aud-s/s | LR: 2.38e-04
[Network Relay] Local cache exhausted. Relaying to network for next 10000 samples...
2026-09-24T10:55:18.705 [E1 Step 15750] | Masked L1: 0.6966 | SNR: 16.52 dB | Eff. Rank: 125.8 | GradNorm: 0.74 | Throughput: 730.8 aud-s/s | LR: 2.38e-04
2026-09-24T10:55:19.030 >>> [Phase 3 Gate Check @ Step 15750] Short Loss: 0.7090 | Long Loss: 1.1242 | Degradation Ratio: 1.586 | Gate Passed: YES

[Network Relay] Cached 10000 samples to chunk_00024.pt (4898.7 MB)
2026-09-24T11:00:35.195 [E1 Step 15775] | Masked L1: 0.7587 | SNR: 15.68 dB | Eff. Rank: 125.0 | GradNorm: 0.90 | Throughput: 1494.5 aud-s/s | LR: 2.38e-04
2026-09-24T11:00:43.398 [E1 Step 15800] | Masked L1: 0.6617 | SNR: 16.73 dB | Eff. Rank: 124.4 | GradNorm: 1.03 | Throughput: 1084.4 aud-s/s | LR: 2.37e-04
2026-09-24T11:00:45.725  [Artifact] Saved spectrogram plot -> runs\no-splitformer-moe-only\plots\recon_step_015800.png
2026-09-24T11:00:54.310 [E1 Step 15825] | Masked L1: 0.8507 | SNR: 15.39 dB | Eff. Rank: 125.7 | GradNorm: 1.16 | Throughput: 1258.8 aud-s/s | LR: 2.37e-04
2026-09-24T11:01:02.664 [E1 Step 15850] | Masked L1: 0.4805 | SNR: 19.39 dB | Eff. Rank: 129.2 | GradNorm: 0.95 | Throughput: 886.8 aud-s/s | LR: 2.37e-04
2026-09-24T11:01:11.195 [E1 Step 15875] | Masked L1: 0.7868 | SNR: 15.90 dB | Eff. Rank: 125.0 | GradNorm: 1.24 | Throughput: 1061.5 aud-s/s | LR: 2.37e-04
[Network Relay] Local cache exhausted. Relaying to network for next 10000 samples...
2026-09-24T11:01:24.103 [E1 Step 15900] | Masked L1: 0.6863 | SNR: 17.11 dB | Eff. Rank: 122.8 | GradNorm: 0.92 | Throughput: 721.8 aud-s/s | LR: 2.37e-04
2026-09-24T11:01:27.360  [Artifact] Saved spectrogram plot -> runs\no-splitformer-moe-only\plots\recon_step_015900.png
[Network Relay] Cached 10000 samples to chunk_00025.pt (4513.8 MB)
2026-09-24T11:06:37.457 [E1 Step 15925] | Masked L1: 0.7597 | SNR: 15.77 dB | Eff. Rank: 124.8 | GradNorm: 1.15 | Throughput: 914.0 aud-s/s | LR: 2.36e-04
2026-09-24T11:06:45.947 [E1 Step 15950] | Masked L1: 0.6648 | SNR: 16.72 dB | Eff. Rank: 126.7 | GradNorm: 0.93 | Throughput: 1113.7 aud-s/s | LR: 2.36e-04
2026-09-24T11:06:54.261 [E1 Step 15975] | Masked L1: 0.5663 | SNR: 18.12 dB | Eff. Rank: 127.4 | GradNorm: 1.02 | Throughput: 837.9 aud-s/s | LR: 2.36e-04
2026-09-24T11:07:02.733 [E1 Step 16000] | Masked L1: 0.5377 | SNR: 17.42 dB | Eff. Rank: 121.1 | GradNorm: 1.09 | Throughput: 833.5 aud-s/s | LR: 2.36e-04
2026-09-24T11:07:05.125  [Artifact] Saved spectrogram plot -> runs\no-splitformer-moe-only\plots\recon_step_016000.png
2026-09-24T11:07:05.424 >>> [Phase 3 Gate Check @ Step 16000] Short Loss: 0.7022 | Long Loss: 1.0084 | Degradation Ratio: 1.436 | Gate Passed: YES

  🌟 New Best Model! masked_l1 = 0.5377 (Saved to best_model.pt)
2026-09-24T11:07:06.566  [Semantic Checkpoint] Saved to runs\no-splitformer-moe-only\checkpoints\stage1_pretrain

2026-09-24T11:07:06.566  [Early Stop] New best masked_l1: 0.537679
2026-09-24T11:07:14.886 [E1 Step 16025] | Masked L1: 0.6484 | SNR: 17.30 dB | Eff. Rank: 128.2 | GradNorm: 1.02 | Throughput: 1019.6 aud-s/s | LR: 2.36e-04
2026-09-24T11:07:23.001 [E1 Step 16050] | Masked L1: 0.4232 | SNR: 19.88 dB | Eff. Rank: 122.2 | GradNorm: 0.95 | Throughput: 862.3 aud-s/s | LR: 2.35e-04
[Network Relay] Local cache exhausted. Relaying to network for next 10000 samples...
[Network Relay] Cached 10000 samples to chunk_00026.pt (4352.2 MB)
2026-09-24T11:11:57.970 [E1 Step 16075] | Masked L1: 0.5681 | SNR: 18.03 dB | Eff. Rank: 125.8 | GradNorm: 1.15 | Throughput: 915.8 aud-s/s | LR: 2.35e-04
2026-09-24T11:12:06.389 [E1 Step 16100] | Masked L1: 0.4392 | SNR: 19.45 dB | Eff. Rank: 128.3 | GradNorm: 1.12 | Throughput: 888.7 aud-s/s | LR: 2.35e-04
2026-09-24T11:12:08.699  [Artifact] Saved spectrogram plot -> runs\no-splitformer-moe-only\plots\recon_step_016100.png
2026-09-24T11:12:17.228 [E1 Step 16125] | Masked L1: 0.7572 | SNR: 15.87 dB | Eff. Rank: 128.3 | GradNorm: 1.18 | Throughput: 1124.0 aud-s/s | LR: 2.35e-04
2026-09-24T11:12:25.777 [E1 Step 16150] | Masked L1: 0.7708 | SNR: 15.95 dB | Eff. Rank: 130.1 | GradNorm: 0.95 | Throughput: 1229.2 aud-s/s | LR: 2.35e-04
2026-09-24T11:12:34.105 [E1 Step 16175] | Masked L1: 0.7437 | SNR: 16.23 dB | Eff. Rank: 126.0 | GradNorm: 0.90 | Throughput: 1058.2 aud-s/s | LR: 2.34e-04
2026-09-24T11:12:42.575 [E1 Step 16200] | Masked L1: 0.6104 | SNR: 17.26 dB | Eff. Rank: 126.2 | GradNorm: 1.19 | Throughput: 976.4 aud-s/s | LR: 2.34e-04
2026-09-24T11:12:44.733  [Artifact] Saved spectrogram plot -> runs\no-splitformer-moe-only\plots\recon_step_016200.png
[Network Relay] Local cache exhausted. Relaying to network for next 10000 samples...
[Network Relay] Cached 10000 samples to chunk_00027.pt (4437.5 MB)
2026-09-24T11:17:23.305 [E1 Step 16225] | Masked L1: 0.8341 | SNR: 15.66 dB | Eff. Rank: 127.3 | GradNorm: 1.57 | Throughput: 1411.4 aud-s/s | LR: 2.34e-04
2026-09-24T11:17:31.443 [E1 Step 16250] | Masked L1: 0.7501 | SNR: 15.60 dB | Eff. Rank: 125.2 | GradNorm: 1.14 | Throughput: 1101.0 aud-s/s | LR: 2.34e-04
2026-09-24T11:17:31.562 >>> [Phase 3 Gate Check @ Step 16250] Short Loss: 0.7039 | Long Loss: 1.0703 | Degradation Ratio: 1.521 | Gate Passed: YES

2026-09-24T11:17:39.980 [E1 Step 16275] | Masked L1: 0.5852 | SNR: 17.81 dB | Eff. Rank: 120.3 | GradNorm: 0.73 | Throughput: 1173.9 aud-s/s | LR: 2.34e-04
2026-09-24T11:17:48.072 [E1 Step 16300] | Masked L1: 0.5453 | SNR: 18.15 dB | Eff. Rank: 121.6 | GradNorm: 0.93 | Throughput: 924.6 aud-s/s | LR: 2.33e-04
2026-09-24T11:17:50.125  [Artifact] Saved spectrogram plot -> runs\no-splitformer-moe-only\plots\recon_step_016300.png
2026-09-24T11:17:58.382 [E1 Step 16325] | Masked L1: 0.6485 | SNR: 17.38 dB | Eff. Rank: 125.8 | GradNorm: 0.95 | Throughput: 1110.7 aud-s/s | LR: 2.33e-04
2026-09-24T11:18:06.539 [E1 Step 16350] | Masked L1: 0.6650 | SNR: 16.54 dB | Eff. Rank: 126.3 | GradNorm: 0.98 | Throughput: 1065.4 aud-s/s | LR: 2.33e-04
[Network Relay] Local cache exhausted. Relaying to network for next 10000 samples...
2026-09-24T11:18:20.968 [E1 Step 16375] | Masked L1: 0.6555 | SNR: 16.57 dB | Eff. Rank: 126.9 | GradNorm: 1.07 | Throughput: 592.5 aud-s/s | LR: 2.33e-04
[Network Relay] Cached 10000 samples to chunk_00028.pt (4649.0 MB)
2026-09-24T11:23:31.327 [E1 Step 16400] | Masked L1: 0.6532 | SNR: 16.77 dB | Eff. Rank: 123.1 | GradNorm: 0.85 | Throughput: 1083.8 aud-s/s | LR: 2.33e-04
2026-09-24T11:23:33.638  [Artifact] Saved spectrogram plot -> runs\no-splitformer-moe-only\plots\recon_step_016400.png
2026-09-24T11:23:42.188 [E1 Step 16425] | Masked L1: 0.6158 | SNR: 17.61 dB | Eff. Rank: 122.6 | GradNorm: 1.06 | Throughput: 1029.6 aud-s/s | LR: 2.32e-04
2026-09-24T11:23:50.715 [E1 Step 16450] | Masked L1: 0.6341 | SNR: 17.32 dB | Eff. Rank: 123.5 | GradNorm: 0.99 | Throughput: 1059.2 aud-s/s | LR: 2.32e-04
2026-09-24T11:23:59.315 [E1 Step 16475] | Masked L1: 0.7892 | SNR: 15.75 dB | Eff. Rank: 123.1 | GradNorm: 0.81 | Throughput: 1358.5 aud-s/s | LR: 2.32e-04
2026-09-24T11:24:07.871 [E1 Step 16500] | Masked L1: 0.7976 | SNR: 15.51 dB | Eff. Rank: 127.7 | GradNorm: 1.20 | Throughput: 1076.6 aud-s/s | LR: 2.32e-04
2026-09-24T11:24:10.565  [Artifact] Saved spectrogram plot -> runs\no-splitformer-moe-only\plots\recon_step_016500.png
2026-09-24T11:24:10.889 >>> [Phase 3 Gate Check @ Step 16500] Short Loss: 0.6983 | Long Loss: 0.9827 | Degradation Ratio: 1.407 | Gate Passed: YES

[Network Relay] Local cache exhausted. Relaying to network for next 10000 samples...
2026-09-24T11:24:23.511 [E1 Step 16525] | Masked L1: 0.6700 | SNR: 16.54 dB | Eff. Rank: 119.6 | GradNorm: 0.90 | Throughput: 504.8 aud-s/s | LR: 2.32e-04
[Network Relay] Cached 10000 samples to chunk_00029.pt (4202.6 MB)
2026-09-24T11:28:19.472 [E1 Step 16550] | Masked L1: 0.7304 | SNR: 16.29 dB | Eff. Rank: 127.0 | GradNorm: 1.07 | Throughput: 1189.4 aud-s/s | LR: 2.31e-04
2026-09-24T11:28:27.851 [E1 Step 16575] | Masked L1: 0.5603 | SNR: 18.15 dB | Eff. Rank: 122.0 | GradNorm: 0.96 | Throughput: 924.6 aud-s/s | LR: 2.31e-04
2026-09-24T11:28:36.395 [E1 Step 16600] | Masked L1: 0.4518 | SNR: 19.65 dB | Eff. Rank: 118.2 | GradNorm: 1.00 | Throughput: 922.9 aud-s/s | LR: 2.31e-04
2026-09-24T11:28:38.504  [Artifact] Saved spectrogram plot -> runs\no-splitformer-moe-only\plots\recon_step_016600.png
2026-09-24T11:28:46.994 [E1 Step 16625] | Masked L1: 0.8538 | SNR: 15.26 dB | Eff. Rank: 133.9 | GradNorm: 1.12 | Throughput: 1370.0 aud-s/s | LR: 2.31e-04
2026-09-24T11:28:55.235 [E1 Step 16650] | Masked L1: 0.7103 | SNR: 16.40 dB | Eff. Rank: 126.2 | GradNorm: 0.82 | Throughput: 1141.6 aud-s/s | LR: 2.31e-04
2026-09-24T11:29:03.518 [E1 Step 16675] | Masked L1: 0.6363 | SNR: 17.39 dB | Eff. Rank: 126.1 | GradNorm: 0.99 | Throughput: 1222.8 aud-s/s | LR: 2.30e-04
[Network Relay] Local cache exhausted. Relaying to network for next 10000 samples...
[Network Relay] Cached 10000 samples to chunk_00030.pt (4526.4 MB)
2026-09-24T11:34:09.673 [E1 Step 16700] | Masked L1: 0.8376 | SNR: 15.35 dB | Eff. Rank: 133.6 | GradNorm: 1.00 | Throughput: 1286.6 aud-s/s | LR: 2.30e-04
2026-09-24T11:34:12.110  [Artifact] Saved spectrogram plot -> runs\no-splitformer-moe-only\plots\recon_step_016700.png
2026-09-24T11:34:20.701 [E1 Step 16725] | Masked L1: 0.5931 | SNR: 17.45 dB | Eff. Rank: 124.9 | GradNorm: 1.03 | Throughput: 1012.9 aud-s/s | LR: 2.30e-04
2026-09-24T11:34:29.083 [E1 Step 16750] | Masked L1: 0.6407 | SNR: 17.06 dB | Eff. Rank: 125.6 | GradNorm: 1.00 | Throughput: 976.7 aud-s/s | LR: 2.30e-04
2026-09-24T11:34:29.207 >>> [Phase 3 Gate Check @ Step 16750] Short Loss: 0.7401 | Long Loss: 1.0764 | Degradation Ratio: 1.454 | Gate Passed: YES

2026-09-24T11:34:37.492 [E1 Step 16775] | Masked L1: 0.5494 | SNR: 18.53 dB | Eff. Rank: 124.5 | GradNorm: 1.12 | Throughput: 974.2 aud-s/s | LR: 2.30e-04
2026-09-24T11:34:45.602 [E1 Step 16800] | Masked L1: 0.6221 | SNR: 17.24 dB | Eff. Rank: 117.9 | GradNorm: 0.97 | Throughput: 1071.1 aud-s/s | LR: 2.29e-04
2026-09-24T11:34:48.045  [Artifact] Saved spectrogram plot -> runs\no-splitformer-moe-only\plots\recon_step_016800.png
2026-09-24T11:34:56.531 [E1 Step 16825] | Masked L1: 0.7244 | SNR: 16.40 dB | Eff. Rank: 126.9 | GradNorm: 0.75 | Throughput: 1341.4 aud-s/s | LR: 2.29e-04
[Network Relay] Local cache exhausted. Relaying to network for next 10000 samples...
[Network Relay] Cached 10000 samples to chunk_00031.pt (4701.6 MB)
2026-09-24T11:40:12.035 [E1 Step 16850] | Masked L1: 0.6395 | SNR: 17.35 dB | Eff. Rank: 123.9 | GradNorm: 0.86 | Throughput: 1229.5 aud-s/s | LR: 2.29e-04
2026-09-24T11:40:20.487 [E1 Step 16875] | Masked L1: 0.5100 | SNR: 18.44 dB | Eff. Rank: 130.3 | GradNorm: 0.97 | Throughput: 853.5 aud-s/s | LR: 2.29e-04
2026-09-24T11:40:28.923 [E1 Step 16900] | Masked L1: 0.8353 | SNR: 15.56 dB | Eff. Rank: 131.3 | GradNorm: 0.80 | Throughput: 1422.3 aud-s/s | LR: 2.29e-04
2026-09-24T11:40:31.402  [Artifact] Saved spectrogram plot -> runs\no-splitformer-moe-only\plots\recon_step_016900.png
2026-09-24T11:40:40.161 [E1 Step 16925] | Masked L1: 0.7249 | SNR: 16.11 dB | Eff. Rank: 129.8 | GradNorm: 0.96 | Throughput: 1130.7 aud-s/s | LR: 2.28e-04
2026-09-24T11:40:48.683 [E1 Step 16950] | Masked L1: 0.7704 | SNR: 15.99 dB | Eff. Rank: 131.4 | GradNorm: 0.91 | Throughput: 1272.2 aud-s/s | LR: 2.28e-04
2026-09-24T11:40:57.129 [E1 Step 16975] | Masked L1: 0.7414 | SNR: 16.20 dB | Eff. Rank: 131.9 | GradNorm: 0.93 | Throughput: 1203.3 aud-s/s | LR: 2.28e-04
[Network Relay] Local cache exhausted. Relaying to network for next 10000 samples...
2026-09-24T11:41:12.785 [E1 Step 17000] | Masked L1: 0.7817 | SNR: 16.27 dB | Eff. Rank: 123.9 | GradNorm: 1.07 | Throughput: 676.1 aud-s/s | LR: 2.28e-04
2026-09-24T11:41:16.321  [Artifact] Saved spectrogram plot -> runs\no-splitformer-moe-only\plots\recon_step_017000.png
2026-09-24T11:41:16.758 >>> [Phase 3 Gate Check @ Step 17000] Short Loss: 0.7399 | Long Loss: 1.0828 | Degradation Ratio: 1.463 | Gate Passed: YES

2026-09-24T11:41:17.686  [Semantic Checkpoint] Saved to runs\no-splitformer-moe-only\checkpoints\stage1_pretrain

2026-09-24T11:41:17.686  [Early Stop] No improvement (1/5)
[Network Relay] Cached 10000 samples to chunk_00032.pt (4499.2 MB)
2026-09-24T11:45:44.074 [E1 Step 17025] | Masked L1: 0.9162 | SNR: 15.37 dB | Eff. Rank: 132.1 | GradNorm: 0.85 | Throughput: 1460.2 aud-s/s | LR: 2.28e-04
2026-09-24T11:45:52.252 [E1 Step 17050] | Masked L1: 0.7190 | SNR: 16.52 dB | Eff. Rank: 128.6 | GradNorm: 1.10 | Throughput: 1207.0 aud-s/s | LR: 2.27e-04
2026-09-24T11:46:00.341 [E1 Step 17075] | Masked L1: 0.6913 | SNR: 16.40 dB | Eff. Rank: 129.5 | GradNorm: 0.98 | Throughput: 1100.8 aud-s/s | LR: 2.27e-04
2026-09-24T11:46:08.617 [E1 Step 17100] | Masked L1: 0.7399 | SNR: 16.30 dB | Eff. Rank: 131.9 | GradNorm: 0.90 | Throughput: 1230.2 aud-s/s | LR: 2.27e-04
2026-09-24T11:46:10.703  [Artifact] Saved spectrogram plot -> runs\no-splitformer-moe-only\plots\recon_step_017100.png
2026-09-24T11:46:19.089 [E1 Step 17125] | Masked L1: 0.7198 | SNR: 16.28 dB | Eff. Rank: 125.8 | GradNorm: 1.05 | Throughput: 1066.0 aud-s/s | LR: 2.27e-04
[Network Relay] Local cache exhausted. Relaying to network for next 10000 samples...
2026-09-24T11:46:31.587 [E1 Step 17150] | Masked L1: 0.7712 | SNR: 15.91 dB | Eff. Rank: 129.8 | GradNorm: 1.24 | Throughput: 1107.5 aud-s/s | LR: 2.27e-04

--- Launching stage1_pretrain at 2026-09-24 11:58:58 ---
2026-09-24T11:59:11.173 [Engine] Initializing on device: cuda (NVIDIA RTX A5000)
2026-09-24T11:59:11.177 [Engine] Semantic Checkpoint Directory: runs\no-splitformer-moe-only\checkpoints\stage1_pretrain (Stage: 'pretrain')
[stage1_pretrain] Telemetry initialized.
  - Checkpoints: D:\marathi-asr\runs\no-splitformer-moe-only\checkpoints\stage1_pretrain
  - CSV Logging: D:\marathi-asr\runs\no-splitformer-moe-only\csvs\stage1_pretrain_metrics.csv
  - JSONL Trace: D:\marathi-asr\runs\no-splitformer-moe-only\logs\stage1_pretrain_telemetry.jsonl
2026-09-24T11:59:11.695 [Model] Conformer Backbone parameters: 20,475,712 (20.48 M)
2026-09-24T11:59:17.768 [Resume] Loading checkpoint from runs\no-splitformer-moe-only\checkpoints\stage1_pretrain\stage1_pretrain_step_17000.pt...
2026-09-24T11:59:18.499 [Resume] Resumed from epoch 1, step 17000 (1717.78 hrs processed)
2026-09-24T11:59:18.499 [Data] Initializing CachedRelayedStream (Cache Dir: 'data_cache/pretrain', Chunk: 10000 samples)...
2026-09-24T11:59:18.499 [Training] Beginning pretraining run 'stage1_pretrain' for 5 epochs (Max Steps Cap: 50000)...


===========================================================================
2026-09-24T11:59:18.500 [Epoch 1/5] Commencing Training Pass
===========================================================================

[Network Relay] Opening remote dataset stream for shard 00000...
[Network Relay] Local cache exhausted. Relaying to network for next 10000 samples...
[Network Relay] Cached 10000 samples to chunk_00000.pt (4677.7 MB)
[Cache Quota] Evicted 5 oldest cache shards to stay within 10 limit.
2026-09-24T12:05:27.996 [E1 Step 17025] | Masked L1: 0.5991 | SNR: 17.82 dB | Eff. Rank: 124.9 | GradNorm: 1.20 | Throughput: 873.6 aud-s/s | LR: 2.28e-04
2026-09-24T12:05:36.730 [E1 Step 17050] | Masked L1: 0.7810 | SNR: 15.82 dB | Eff. Rank: 127.7 | GradNorm: 0.88 | Throughput: 1231.6 aud-s/s | LR: 2.27e-04
2026-09-24T12:05:45.186 [E1 Step 17075] | Masked L1: 0.8641 | SNR: 15.15 dB | Eff. Rank: 130.3 | GradNorm: 0.86 | Throughput: 1445.8 aud-s/s | LR: 2.27e-04
2026-09-24T12:05:53.412 [E1 Step 17100] | Masked L1: 0.6445 | SNR: 16.86 dB | Eff. Rank: 122.6 | GradNorm: 1.16 | Throughput: 1142.6 aud-s/s | LR: 2.27e-04
2026-09-24T12:05:55.784  [Artifact] Saved spectrogram plot -> runs\no-splitformer-moe-only\plots\recon_step_017100.png
2026-09-24T12:06:04.294 [E1 Step 17125] | Masked L1: 0.5335 | SNR: 18.37 dB | Eff. Rank: 127.1 | GradNorm: 1.03 | Throughput: 892.9 aud-s/s | LR: 2.27e-04
[Network Relay] Local cache exhausted. Relaying to network for next 10000 samples...
2026-09-24T12:06:14.403 [E1 Step 17150] | Masked L1: 0.7576 | SNR: 15.76 dB | Eff. Rank: 128.3 | GradNorm: 1.04 | Throughput: 1060.5 aud-s/s | LR: 2.27e-04
[Network Relay] Cached 10000 samples to chunk_00001.pt (4952.3 MB)
[Cache Quota] Evicted 1 oldest cache shards to stay within 10 limit.
2026-09-24T12:11:44.295 [E1 Step 17175] | Masked L1: 0.8010 | SNR: 15.57 dB | Eff. Rank: 125.7 | GradNorm: 0.96 | Throughput: 1124.9 aud-s/s | LR: 2.26e-04
2026-09-24T12:11:52.753 [E1 Step 17200] | Masked L1: 0.8280 | SNR: 15.59 dB | Eff. Rank: 131.3 | GradNorm: 0.83 | Throughput: 1244.7 aud-s/s | LR: 2.26e-04
2026-09-24T12:11:55.557  [Artifact] Saved spectrogram plot -> runs\no-splitformer-moe-only\plots\recon_step_017200.png
2026-09-24T12:12:04.541 [E1 Step 17225] | Masked L1: 0.7228 | SNR: 16.21 dB | Eff. Rank: 125.8 | GradNorm: 1.07 | Throughput: 1025.5 aud-s/s | LR: 2.26e-04
2026-09-24T12:12:13.033 [E1 Step 17250] | Masked L1: 0.7977 | SNR: 15.22 dB | Eff. Rank: 128.3 | GradNorm: 1.17 | Throughput: 1300.7 aud-s/s | LR: 2.26e-04
2026-09-24T12:12:13.198 >>> [Phase 3 Gate Check @ Step 17250] Short Loss: 0.7178 | Long Loss: 0.9943 | Degradation Ratio: 1.385 | Gate Passed: YES

2026-09-24T12:12:21.852 [E1 Step 17275] | Masked L1: 0.7856 | SNR: 15.47 dB | Eff. Rank: 131.0 | GradNorm: 1.04 | Throughput: 1298.9 aud-s/s | LR: 2.25e-04
2026-09-24T12:12:30.579 [E1 Step 17300] | Masked L1: 0.7202 | SNR: 16.07 dB | Eff. Rank: 127.8 | GradNorm: 0.99 | Throughput: 1139.0 aud-s/s | LR: 2.25e-04
2026-09-24T12:12:32.761  [Artifact] Saved spectrogram plot -> runs\no-splitformer-moe-only\plots\recon_step_017300.png
[Network Relay] Local cache exhausted. Relaying to network for next 10000 samples...
[Network Relay] Cached 10000 samples to chunk_00002.pt (4678.5 MB)
[Cache Quota] Evicted 1 oldest cache shards to stay within 10 limit.
2026-09-24T12:17:27.893 [E1 Step 17325] | Masked L1: 0.6391 | SNR: 17.20 dB | Eff. Rank: 128.7 | GradNorm: 0.93 | Throughput: 1076.2 aud-s/s | LR: 2.25e-04
2026-09-24T12:17:36.857 [E1 Step 17350] | Masked L1: 0.7425 | SNR: 15.83 dB | Eff. Rank: 128.0 | GradNorm: 0.82 | Throughput: 1491.8 aud-s/s | LR: 2.25e-04
2026-09-24T12:17:45.386 [E1 Step 17375] | Masked L1: 0.6196 | SNR: 17.38 dB | Eff. Rank: 128.1 | GradNorm: 0.97 | Throughput: 1104.6 aud-s/s | LR: 2.25e-04
2026-09-24T12:17:54.069 [E1 Step 17400] | Masked L1: 0.6177 | SNR: 17.72 dB | Eff. Rank: 130.1 | GradNorm: 0.78 | Throughput: 1157.7 aud-s/s | LR: 2.24e-04
2026-09-24T12:17:56.890  [Artifact] Saved spectrogram plot -> runs\no-splitformer-moe-only\plots\recon_step_017400.png
2026-09-24T12:18:05.770 [E1 Step 17425] | Masked L1: 0.7934 | SNR: 15.74 dB | Eff. Rank: 128.4 | GradNorm: 1.11 | Throughput: 1284.4 aud-s/s | LR: 2.24e-04
2026-09-24T12:18:14.549 [E1 Step 17450] | Masked L1: 0.5948 | SNR: 17.60 dB | Eff. Rank: 128.5 | GradNorm: 0.90 | Throughput: 999.2 aud-s/s | LR: 2.24e-04
[Network Relay] Local cache exhausted. Relaying to network for next 10000 samples...
[Network Relay] Cached 10000 samples to chunk_00003.pt (4602.1 MB)
[Cache Quota] Evicted 1 oldest cache shards to stay within 10 limit.
2026-09-24T12:22:32.736 [E1 Step 17475] | Masked L1: 0.7488 | SNR: 16.19 dB | Eff. Rank: 129.9 | GradNorm: 0.80 | Throughput: 1278.7 aud-s/s | LR: 2.24e-04
2026-09-24T12:22:41.055 [E1 Step 17500] | Masked L1: 0.7582 | SNR: 15.64 dB | Eff. Rank: 130.1 | GradNorm: 1.19 | Throughput: 1076.6 aud-s/s | LR: 2.24e-04
2026-09-24T12:22:43.280  [Artifact] Saved spectrogram plot -> runs\no-splitformer-moe-only\plots\recon_step_017500.png
2026-09-24T12:22:43.553 >>> [Phase 3 Gate Check @ Step 17500] Short Loss: 0.7296 | Long Loss: 1.1524 | Degradation Ratio: 1.579 | Gate Passed: YES

2026-09-24T12:22:51.707 [E1 Step 17525] | Masked L1: 0.6498 | SNR: 17.20 dB | Eff. Rank: 126.9 | GradNorm: 1.03 | Throughput: 1169.0 aud-s/s | LR: 2.23e-04
2026-09-24T12:23:00.042 [E1 Step 17550] | Masked L1: 0.7496 | SNR: 16.06 dB | Eff. Rank: 129.7 | GradNorm: 0.95 | Throughput: 1236.9 aud-s/s | LR: 2.23e-04
2026-09-24T12:23:08.312 [E1 Step 17575] | Masked L1: 0.7229 | SNR: 16.80 dB | Eff. Rank: 120.4 | GradNorm: 0.88 | Throughput: 1342.1 aud-s/s | LR: 2.23e-04
2026-09-24T12:23:16.738 [E1 Step 17600] | Masked L1: 0.7111 | SNR: 16.55 dB | Eff. Rank: 126.4 | GradNorm: 0.87 | Throughput: 1119.3 aud-s/s | LR: 2.23e-04
2026-09-24T12:23:19.203  [Artifact] Saved spectrogram plot -> runs\no-splitformer-moe-only\plots\recon_step_017600.png
[Network Relay] Local cache exhausted. Relaying to network for next 10000 samples...
2026-09-24T12:23:31.994 [E1 Step 17625] | Masked L1: 0.7638 | SNR: 16.00 dB | Eff. Rank: 127.0 | GradNorm: 0.90 | Throughput: 743.4 aud-s/s | LR: 2.23e-04
[Network Relay] Cached 10000 samples to chunk_00004.pt (4524.6 MB)
[Cache Quota] Evicted 1 oldest cache shards to stay within 10 limit.
2026-09-24T12:28:50.678 [E1 Step 17650] | Masked L1: 0.6525 | SNR: 17.22 dB | Eff. Rank: 122.8 | GradNorm: 0.94 | Throughput: 1138.7 aud-s/s | LR: 2.22e-04
2026-09-24T12:28:59.120 [E1 Step 17675] | Masked L1: 0.5856 | SNR: 17.63 dB | Eff. Rank: 130.5 | GradNorm: 1.01 | Throughput: 980.3 aud-s/s | LR: 2.22e-04
2026-09-24T12:29:07.525 [E1 Step 17700] | Masked L1: 0.6216 | SNR: 17.33 dB | Eff. Rank: 127.9 | GradNorm: 1.03 | Throughput: 963.5 aud-s/s | LR: 2.22e-04
2026-09-24T12:29:10.130  [Artifact] Saved spectrogram plot -> runs\no-splitformer-moe-only\plots\recon_step_017700.png
2026-09-24T12:29:18.700 [E1 Step 17725] | Masked L1: 0.6614 | SNR: 16.62 dB | Eff. Rank: 123.6 | GradNorm: 0.88 | Throughput: 1234.0 aud-s/s | LR: 2.22e-04
2026-09-24T12:29:27.207 [E1 Step 17750] | Masked L1: 0.6840 | SNR: 17.01 dB | Eff. Rank: 126.9 | GradNorm: 1.38 | Throughput: 1159.4 aud-s/s | LR: 2.22e-04
2026-09-24T12:29:27.327 >>> [Phase 3 Gate Check @ Step 17750] Short Loss: 0.6754 | Long Loss: 1.0462 | Degradation Ratio: 1.549 | Gate Passed: YES

[Network Relay] Local cache exhausted. Relaying to network for next 10000 samples...
2026-09-24T12:29:38.909 [E1 Step 17775] | Masked L1: 0.7251 | SNR: 16.50 dB | Eff. Rank: 128.2 | GradNorm: 1.07 | Throughput: 796.2 aud-s/s | LR: 2.21e-04
[Network Relay] Cached 10000 samples to chunk_00005.pt (4605.8 MB)
[Cache Quota] Evicted 1 oldest cache shards to stay within 10 limit.
2026-09-24T12:34:26.937 [E1 Step 17800] | Masked L1: 0.6364 | SNR: 17.24 dB | Eff. Rank: 129.8 | GradNorm: 0.99 | Throughput: 1117.2 aud-s/s | LR: 2.21e-04
2026-09-24T12:34:29.550  [Artifact] Saved spectrogram plot -> runs\no-splitformer-moe-only\plots\recon_step_017800.png
2026-09-24T12:34:38.190 [E1 Step 17825] | Masked L1: 0.4849 | SNR: 18.97 dB | Eff. Rank: 116.3 | GradNorm: 0.88 | Throughput: 978.5 aud-s/s | LR: 2.21e-04
2026-09-24T12:34:46.656 [E1 Step 17850] | Masked L1: 0.6308 | SNR: 17.30 dB | Eff. Rank: 127.0 | GradNorm: 0.85 | Throughput: 1083.8 aud-s/s | LR: 2.21e-04
2026-09-24T12:34:55.169 [E1 Step 17875] | Masked L1: 0.6348 | SNR: 17.15 dB | Eff. Rank: 129.5 | GradNorm: 0.97 | Throughput: 1009.5 aud-s/s | LR: 2.20e-04
2026-09-24T12:35:03.637 [E1 Step 17900] | Masked L1: 0.5571 | SNR: 18.15 dB | Eff. Rank: 118.1 | GradNorm: 0.96 | Throughput: 906.0 aud-s/s | LR: 2.20e-04
2026-09-24T12:35:06.084  [Artifact] Saved spectrogram plot -> runs\no-splitformer-moe-only\plots\recon_step_017900.png
2026-09-24T12:35:14.979 [E1 Step 17925] | Masked L1: 0.6334 | SNR: 17.36 dB | Eff. Rank: 126.3 | GradNorm: 1.06 | Throughput: 871.7 aud-s/s | LR: 2.20e-04
[Network Relay] Local cache exhausted. Relaying to network for next 10000 samples...
[Network Relay] Cached 10000 samples to chunk_00006.pt (5011.9 MB)
[Cache Quota] Evicted 1 oldest cache shards to stay within 10 limit.
2026-09-24T12:39:42.392 [E1 Step 17950] | Masked L1: 0.7037 | SNR: 16.60 dB | Eff. Rank: 128.8 | GradNorm: 0.81 | Throughput: 1364.1 aud-s/s | LR: 2.20e-04
2026-09-24T12:39:51.015 [E1 Step 17975] | Masked L1: 0.6958 | SNR: 16.60 dB | Eff. Rank: 125.7 | GradNorm: 0.88 | Throughput: 1245.7 aud-s/s | LR: 2.20e-04
2026-09-24T12:39:59.591 [E1 Step 18000] | Masked L1: 0.7136 | SNR: 16.57 dB | Eff. Rank: 124.7 | GradNorm: 0.97 | Throughput: 1180.8 aud-s/s | LR: 2.19e-04
2026-09-24T12:40:02.238  [Artifact] Saved spectrogram plot -> runs\no-splitformer-moe-only\plots\recon_step_018000.png
2026-09-24T12:40:02.573 >>> [Phase 3 Gate Check @ Step 18000] Short Loss: 0.7101 | Long Loss: 1.0712 | Degradation Ratio: 1.509 | Gate Passed: YES

  🌟 New Best Model! masked_l1 = 0.7136 (Saved to best_model.pt)
2026-09-24T12:40:03.749  [Semantic Checkpoint] Saved to runs\no-splitformer-moe-only\checkpoints\stage1_pretrain

2026-09-24T12:40:03.749  [Early Stop] New best masked_l1: 0.713639
2026-09-24T12:40:12.331 [E1 Step 18025] | Masked L1: 0.7065 | SNR: 16.82 dB | Eff. Rank: 126.8 | GradNorm: 0.86 | Throughput: 1187.3 aud-s/s | LR: 2.19e-04
2026-09-24T12:40:20.821 [E1 Step 18050] | Masked L1: 0.5648 | SNR: 18.36 dB | Eff. Rank: 124.8 | GradNorm: 1.08 | Throughput: 1020.2 aud-s/s | LR: 2.19e-04
2026-09-24T12:40:29.127 [E1 Step 18075] | Masked L1: 0.7616 | SNR: 16.14 dB | Eff. Rank: 124.8 | GradNorm: 1.09 | Throughput: 1219.1 aud-s/s | LR: 2.19e-04
[Network Relay] Local cache exhausted. Relaying to network for next 10000 samples...
[Network Relay] Cached 10000 samples to chunk_00007.pt (4228.9 MB)
[Cache Quota] Evicted 1 oldest cache shards to stay within 10 limit.
2026-09-24T12:44:31.342 [E1 Step 18100] | Masked L1: 0.7599 | SNR: 15.67 dB | Eff. Rank: 124.2 | GradNorm: 0.92 | Throughput: 1185.8 aud-s/s | LR: 2.19e-04
2026-09-24T12:44:34.163  [Artifact] Saved spectrogram plot -> runs\no-splitformer-moe-only\plots\recon_step_018100.png
2026-09-24T12:44:42.851 [E1 Step 18125] | Masked L1: 0.6176 | SNR: 17.13 dB | Eff. Rank: 123.8 | GradNorm: 0.98 | Throughput: 1190.9 aud-s/s | LR: 2.18e-04
2026-09-24T12:44:51.234 [E1 Step 18150] | Masked L1: 0.7120 | SNR: 16.45 dB | Eff. Rank: 132.4 | GradNorm: 1.06 | Throughput: 1259.7 aud-s/s | LR: 2.18e-04
2026-09-24T12:45:00.037 [E1 Step 18175] | Masked L1: 0.6910 | SNR: 16.56 dB | Eff. Rank: 129.9 | GradNorm: 1.01 | Throughput: 1191.9 aud-s/s | LR: 2.18e-04
2026-09-24T12:45:08.320 [E1 Step 18200] | Masked L1: 0.6114 | SNR: 17.52 dB | Eff. Rank: 119.0 | GradNorm: 1.09 | Throughput: 1010.5 aud-s/s | LR: 2.18e-04
2026-09-24T12:45:10.690  [Artifact] Saved spectrogram plot -> runs\no-splitformer-moe-only\plots\recon_step_018200.png
2026-09-24T12:45:18.873 [E1 Step 18225] | Masked L1: 0.6063 | SNR: 17.65 dB | Eff. Rank: 129.7 | GradNorm: 0.94 | Throughput: 1057.2 aud-s/s | LR: 2.17e-04
[Network Relay] Local cache exhausted. Relaying to network for next 10000 samples...
2026-09-24T12:45:32.203 [E1 Step 18250] | Masked L1: 0.5544 | SNR: 18.18 dB | Eff. Rank: 125.7 | GradNorm: 0.93 | Throughput: 522.3 aud-s/s | LR: 2.17e-04
2026-09-24T12:45:32.507 >>> [Phase 3 Gate Check @ Step 18250] Short Loss: 0.7283 | Long Loss: 1.0704 | Degradation Ratio: 1.470 | Gate Passed: YES

[Network Relay] Cached 10000 samples to chunk_00008.pt (4511.5 MB)
[Cache Quota] Evicted 1 oldest cache shards to stay within 10 limit.
2026-09-24T12:50:12.018 [E1 Step 18275] | Masked L1: 0.5725 | SNR: 17.90 dB | Eff. Rank: 124.2 | GradNorm: 0.85 | Throughput: 994.3 aud-s/s | LR: 2.17e-04
2026-09-24T12:50:20.442 [E1 Step 18300] | Masked L1: 0.6012 | SNR: 17.84 dB | Eff. Rank: 124.8 | GradNorm: 0.73 | Throughput: 1162.9 aud-s/s | LR: 2.17e-04
2026-09-24T12:50:22.669  [Artifact] Saved spectrogram plot -> runs\no-splitformer-moe-only\plots\recon_step_018300.png
2026-09-24T12:50:31.401 [E1 Step 18325] | Masked L1: 0.6621 | SNR: 17.14 dB | Eff. Rank: 133.1 | GradNorm: 0.77 | Throughput: 1288.5 aud-s/s | LR: 2.17e-04
2026-09-24T12:50:39.724 [E1 Step 18350] | Masked L1: 0.6816 | SNR: 17.03 dB | Eff. Rank: 132.0 | GradNorm: 1.03 | Throughput: 1006.2 aud-s/s | LR: 2.16e-04
2026-09-24T12:50:48.123 [E1 Step 18375] | Masked L1: 0.7010 | SNR: 16.87 dB | Eff. Rank: 128.2 | GradNorm: 0.85 | Throughput: 1312.6 aud-s/s | LR: 2.16e-04
[Network Relay] Local cache exhausted. Relaying to network for next 10000 samples...
2026-09-24T12:50:59.921 [E1 Step 18400] | Masked L1: 0.6377 | SNR: 17.35 dB | Eff. Rank: 129.9 | GradNorm: 0.80 | Throughput: 578.0 aud-s/s | LR: 2.16e-04
2026-09-24T12:51:03.022  [Artifact] Saved spectrogram plot -> runs\no-splitformer-moe-only\plots\recon_step_018400.png
[Network Relay] Cached 10000 samples to chunk_00009.pt (5054.4 MB)
[Cache Quota] Evicted 1 oldest cache shards to stay within 10 limit.
2026-09-24T12:56:22.450 [E1 Step 18425] | Masked L1: 0.5546 | SNR: 18.11 dB | Eff. Rank: 128.3 | GradNorm: 0.81 | Throughput: 962.7 aud-s/s | LR: 2.16e-04
2026-09-24T12:56:30.999 [E1 Step 18450] | Masked L1: 0.6015 | SNR: 17.51 dB | Eff. Rank: 124.3 | GradNorm: 0.87 | Throughput: 1019.6 aud-s/s | LR: 2.16e-04
2026-09-24T12:56:39.675 [E1 Step 18475] | Masked L1: 0.6822 | SNR: 16.62 dB | Eff. Rank: 128.8 | GradNorm: 0.68 | Throughput: 1261.5 aud-s/s | LR: 2.15e-04
2026-09-24T12:56:48.197 [E1 Step 18500] | Masked L1: 0.7067 | SNR: 16.69 dB | Eff. Rank: 128.4 | GradNorm: 0.96 | Throughput: 1202.7 aud-s/s | LR: 2.15e-04
2026-09-24T12:56:51.217  [Artifact] Saved spectrogram plot -> runs\no-splitformer-moe-only\plots\recon_step_018500.png
2026-09-24T12:56:51.514 >>> [Phase 3 Gate Check @ Step 18500] Short Loss: 0.7009 | Long Loss: 1.1201 | Degradation Ratio: 1.598 | Gate Passed: YES

2026-09-24T12:57:00.364 [E1 Step 18525] | Masked L1: 0.7712 | SNR: 16.14 dB | Eff. Rank: 126.9 | GradNorm: 1.24 | Throughput: 1124.1 aud-s/s | LR: 2.15e-04
2026-09-24T12:57:09.163 [E1 Step 18550] | Masked L1: 0.8143 | SNR: 15.41 dB | Eff. Rank: 128.4 | GradNorm: 0.81 | Throughput: 1367.7 aud-s/s | LR: 2.15e-04
[Network Relay] Local cache exhausted. Relaying to network for next 10000 samples...
[Network Relay] Cached 10000 samples to chunk_00010.pt (5558.6 MB)
[Cache Quota] Evicted 1 oldest cache shards to stay within 10 limit.
2026-09-24T13:02:27.941 [E1 Step 18575] | Masked L1: 0.6732 | SNR: 16.84 dB | Eff. Rank: 127.9 | GradNorm: 0.76 | Throughput: 1229.1 aud-s/s | LR: 2.14e-04
2026-09-24T13:02:36.408 [E1 Step 18600] | Masked L1: 0.6734 | SNR: 16.91 dB | Eff. Rank: 124.6 | GradNorm: 0.91 | Throughput: 1293.1 aud-s/s | LR: 2.14e-04
2026-09-24T13:02:38.902  [Artifact] Saved spectrogram plot -> runs\no-splitformer-moe-only\plots\recon_step_018600.png
2026-09-24T13:02:47.432 [E1 Step 18625] | Masked L1: 0.7751 | SNR: 15.95 dB | Eff. Rank: 127.1 | GradNorm: 1.03 | Throughput: 1511.7 aud-s/s | LR: 2.14e-04
2026-09-24T13:02:55.798 [E1 Step 18650] | Masked L1: 0.7221 | SNR: 16.17 dB | Eff. Rank: 127.6 | GradNorm: 0.91 | Throughput: 1454.2 aud-s/s | LR: 2.14e-04
2026-09-24T13:03:04.169 [E1 Step 18675] | Masked L1: 0.8069 | SNR: 15.66 dB | Eff. Rank: 128.7 | GradNorm: 0.83 | Throughput: 1319.7 aud-s/s | LR: 2.14e-04
2026-09-24T13:03:12.516 [E1 Step 18700] | Masked L1: 0.6560 | SNR: 16.86 dB | Eff. Rank: 128.0 | GradNorm: 0.91 | Throughput: 1261.9 aud-s/s | LR: 2.13e-04
2026-09-24T13:03:15.059  [Artifact] Saved spectrogram plot -> runs\no-splitformer-moe-only\plots\recon_step_018700.png
[Network Relay] Local cache exhausted. Relaying to network for next 10000 samples...
[Network Relay] Cached 10000 samples to chunk_00011.pt (5347.2 MB)
[Cache Quota] Evicted 1 oldest cache shards to stay within 10 limit.
2026-09-24T13:09:08.332 [E1 Step 18725] | Masked L1: 0.8303 | SNR: 15.04 dB | Eff. Rank: 128.8 | GradNorm: 0.81 | Throughput: 1437.4 aud-s/s | LR: 2.13e-04
2026-09-24T13:09:16.814 [E1 Step 18750] | Masked L1: 0.9289 | SNR: 14.63 dB | Eff. Rank: 133.6 | GradNorm: 0.99 | Throughput: 1573.2 aud-s/s | LR: 2.13e-04
2026-09-24T13:09:16.930 >>> [Phase 3 Gate Check @ Step 18750] Short Loss: 0.6819 | Long Loss: 1.0498 | Degradation Ratio: 1.539 | Gate Passed: YES

2026-09-24T13:09:25.526 [E1 Step 18775] | Masked L1: 0.6185 | SNR: 17.81 dB | Eff. Rank: 129.9 | GradNorm: 1.02 | Throughput: 1051.0 aud-s/s | LR: 2.13e-04
2026-09-24T13:09:34.052 [E1 Step 18800] | Masked L1: 0.6723 | SNR: 16.53 dB | Eff. Rank: 121.3 | GradNorm: 0.78 | Throughput: 1303.8 aud-s/s | LR: 2.12e-04
2026-09-24T13:09:36.338  [Artifact] Saved spectrogram plot -> runs\no-splitformer-moe-only\plots\recon_step_018800.png
2026-09-24T13:09:45.065 [E1 Step 18825] | Masked L1: 0.6092 | SNR: 17.47 dB | Eff. Rank: 123.9 | GradNorm: 0.93 | Throughput: 1140.1 aud-s/s | LR: 2.12e-04
2026-09-24T13:09:53.597 [E1 Step 18850] | Masked L1: 0.7332 | SNR: 16.18 dB | Eff. Rank: 125.7 | GradNorm: 0.83 | Throughput: 1284.6 aud-s/s | LR: 2.12e-04
[Network Relay] Local cache exhausted. Relaying to network for next 10000 samples...
2026-09-24T13:10:09.913 [E1 Step 18875] | Masked L1: 0.4652 | SNR: 19.33 dB | Eff. Rank: 121.4 | GradNorm: 0.90 | Throughput: 527.8 aud-s/s | LR: 2.12e-04
[Network Relay] Cached 10000 samples to chunk_00012.pt (4497.2 MB)
[Cache Quota] Evicted 1 oldest cache shards to stay within 10 limit.
2026-09-24T13:14:32.041 [E1 Step 18900] | Masked L1: 0.6472 | SNR: 17.46 dB | Eff. Rank: 129.9 | GradNorm: 0.95 | Throughput: 1133.5 aud-s/s | LR: 2.12e-04
2026-09-24T13:14:34.604  [Artifact] Saved spectrogram plot -> runs\no-splitformer-moe-only\plots\recon_step_018900.png
2026-09-24T13:14:43.270 [E1 Step 18925] | Masked L1: 0.5524 | SNR: 17.89 dB | Eff. Rank: 127.5 | GradNorm: 1.02 | Throughput: 1060.4 aud-s/s | LR: 2.11e-04
2026-09-24T13:14:51.756 [E1 Step 18950] | Masked L1: 0.5538 | SNR: 17.93 dB | Eff. Rank: 120.5 | GradNorm: 0.96 | Throughput: 1037.8 aud-s/s | LR: 2.11e-04
2026-09-24T13:15:00.294 [E1 Step 18975] | Masked L1: 0.7389 | SNR: 15.94 dB | Eff. Rank: 124.7 | GradNorm: 0.75 | Throughput: 1378.2 aud-s/s | LR: 2.11e-04
2026-09-24T13:15:08.813 [E1 Step 19000] | Masked L1: 0.5984 | SNR: 17.65 dB | Eff. Rank: 122.6 | GradNorm: 0.93 | Throughput: 1021.7 aud-s/s | LR: 2.11e-04
2026-09-24T13:15:11.312  [Artifact] Saved spectrogram plot -> runs\no-splitformer-moe-only\plots\recon_step_019000.png
2026-09-24T13:15:11.559 >>> [Phase 3 Gate Check @ Step 19000] Short Loss: 0.7243 | Long Loss: 1.0358 | Degradation Ratio: 1.430 | Gate Passed: YES

  🌟 New Best Model! masked_l1 = 0.5984 (Saved to best_model.pt)
2026-09-24T13:15:12.660  [Semantic Checkpoint] Saved to runs\no-splitformer-moe-only\checkpoints\stage1_pretrain

2026-09-24T13:15:12.660  [Early Stop] New best masked_l1: 0.598352
[Network Relay] Local cache exhausted. Relaying to network for next 10000 samples...
2026-09-24T13:15:25.041 [E1 Step 19025] | Masked L1: 0.7411 | SNR: 15.86 dB | Eff. Rank: 131.2 | GradNorm: 1.06 | Throughput: 583.3 aud-s/s | LR: 2.10e-04
[Network Relay] Cached 10000 samples to chunk_00013.pt (4367.8 MB)
[Cache Quota] Evicted 1 oldest cache shards to stay within 10 limit.
2026-09-24T13:19:27.491 [E1 Step 19050] | Masked L1: 0.6436 | SNR: 17.21 dB | Eff. Rank: 130.2 | GradNorm: 1.08 | Throughput: 1220.1 aud-s/s | LR: 2.10e-04
2026-09-24T13:19:35.649 [E1 Step 19075] | Masked L1: 0.6144 | SNR: 17.32 dB | Eff. Rank: 119.0 | GradNorm: 1.04 | Throughput: 1171.9 aud-s/s | LR: 2.10e-04
2026-09-24T13:19:43.850 [E1 Step 19100] | Masked L1: 0.7371 | SNR: 16.07 dB | Eff. Rank: 122.9 | GradNorm: 1.03 | Throughput: 1385.4 aud-s/s | LR: 2.10e-04
2026-09-24T13:19:46.106  [Artifact] Saved spectrogram plot -> runs\no-splitformer-moe-only\plots\recon_step_019100.png
2026-09-24T13:19:54.508 [E1 Step 19125] | Masked L1: 0.5493 | SNR: 18.27 dB | Eff. Rank: 121.5 | GradNorm: 1.11 | Throughput: 1044.6 aud-s/s | LR: 2.10e-04
2026-09-24T13:20:02.785 [E1 Step 19150] | Masked L1: 0.5169 | SNR: 18.33 dB | Eff. Rank: 126.6 | GradNorm: 0.99 | Throughput: 915.5 aud-s/s | LR: 2.09e-04
2026-09-24T13:20:11.207 [E1 Step 19175] | Masked L1: 0.4747 | SNR: 18.97 dB | Eff. Rank: 126.6 | GradNorm: 1.03 | Throughput: 813.8 aud-s/s | LR: 2.09e-04
[Network Relay] Local cache exhausted. Relaying to network for next 10000 samples...
[Network Relay] Cached 10000 samples to chunk_00014.pt (4241.7 MB)
[Cache Quota] Evicted 1 oldest cache shards to stay within 10 limit.
2026-09-24T13:25:22.029 [E1 Step 19200] | Masked L1: 0.6628 | SNR: 16.74 dB | Eff. Rank: 125.9 | GradNorm: 0.89 | Throughput: 1061.1 aud-s/s | LR: 2.09e-04
2026-09-24T13:25:25.171  [Artifact] Saved spectrogram plot -> runs\no-splitformer-moe-only\plots\recon_step_019200.png
2026-09-24T13:25:34.426 [E1 Step 19225] | Masked L1: 0.6449 | SNR: 16.86 dB | Eff. Rank: 120.5 | GradNorm: 1.35 | Throughput: 556.6 aud-s/s | LR: 2.09e-04
2026-09-24T13:25:44.196 [E1 Step 19250] | Masked L1: 0.5936 | SNR: 17.58 dB | Eff. Rank: 128.9 | GradNorm: 0.96 | Throughput: 1074.8 aud-s/s | LR: 2.09e-04
2026-09-24T13:25:44.317 >>> [Phase 3 Gate Check @ Step 19250] Short Loss: 0.7060 | Long Loss: 1.0280 | Degradation Ratio: 1.456 | Gate Passed: YES

2026-09-24T13:25:54.028 [E1 Step 19275] | Masked L1: 0.5159 | SNR: 18.54 dB | Eff. Rank: 119.3 | GradNorm: 0.98 | Throughput: 785.8 aud-s/s | LR: 2.08e-04
2026-09-24T13:26:02.754 [E1 Step 19300] | Masked L1: 0.6005 | SNR: 17.39 dB | Eff. Rank: 129.8 | GradNorm: 1.07 | Throughput: 1034.9 aud-s/s | LR: 2.08e-04
2026-09-24T13:26:05.534  [Artifact] Saved spectrogram plot -> runs\no-splitformer-moe-only\plots\recon_step_019300.png
2026-09-24T13:26:14.087 [E1 Step 19325] | Masked L1: 0.4989 | SNR: 18.83 dB | Eff. Rank: 118.5 | GradNorm: 1.01 | Throughput: 1042.0 aud-s/s | LR: 2.08e-04
[Network Relay] Local cache exhausted. Relaying to network for next 10000 samples...
[Network Relay] Cached 10000 samples to chunk_00015.pt (4151.1 MB)
[Cache Quota] Evicted 1 oldest cache shards to stay within 10 limit.
2026-09-24T13:30:37.134 [E1 Step 19350] | Masked L1: 0.6816 | SNR: 17.01 dB | Eff. Rank: 133.2 | GradNorm: 0.94 | Throughput: 1165.0 aud-s/s | LR: 2.08e-04
2026-09-24T13:30:45.860 [E1 Step 19375] | Masked L1: 0.5464 | SNR: 17.60 dB | Eff. Rank: 117.9 | GradNorm: 1.09 | Throughput: 873.3 aud-s/s | LR: 2.07e-04
2026-09-24T13:30:54.513 [E1 Step 19400] | Masked L1: 0.5689 | SNR: 17.73 dB | Eff. Rank: 127.6 | GradNorm: 1.05 | Throughput: 951.4 aud-s/s | LR: 2.07e-04
2026-09-24T13:30:57.377  [Artifact] Saved spectrogram plot -> runs\no-splitformer-moe-only\plots\recon_step_019400.png
2026-09-24T13:31:06.373 [E1 Step 19425] | Masked L1: 0.7868 | SNR: 15.82 dB | Eff. Rank: 129.3 | GradNorm: 0.89 | Throughput: 880.9 aud-s/s | LR: 2.07e-04
2026-09-24T13:31:15.328 [E1 Step 19450] | Masked L1: 0.5193 | SNR: 18.07 dB | Eff. Rank: 125.6 | GradNorm: 0.94 | Throughput: 943.0 aud-s/s | LR: 2.07e-04
2026-09-24T13:31:23.857 [E1 Step 19475] | Masked L1: 0.5549 | SNR: 18.15 dB | Eff. Rank: 125.8 | GradNorm: 1.03 | Throughput: 793.5 aud-s/s | LR: 2.07e-04
[Network Relay] Local cache exhausted. Relaying to network for next 10000 samples...
2026-09-24T13:31:39.043 [E1 Step 19500] | Masked L1: 0.7169 | SNR: 16.25 dB | Eff. Rank: 131.5 | GradNorm: 0.87 | Throughput: 519.0 aud-s/s | LR: 2.06e-04
2026-09-24T13:31:42.572  [Artifact] Saved spectrogram plot -> runs\no-splitformer-moe-only\plots\recon_step_019500.png
2026-09-24T13:31:42.906 >>> [Phase 3 Gate Check @ Step 19500] Short Loss: 0.6909 | Long Loss: 1.1008 | Degradation Ratio: 1.593 | Gate Passed: YES

[Network Relay] Cached 10000 samples to chunk_00016.pt (4193.2 MB)
[Cache Quota] Evicted 1 oldest cache shards to stay within 10 limit.
2026-09-24T13:35:48.214 [E1 Step 19525] | Masked L1: 0.6192 | SNR: 17.43 dB | Eff. Rank: 128.2 | GradNorm: 1.15 | Throughput: 965.3 aud-s/s | LR: 2.06e-04
2026-09-24T13:35:56.907 [E1 Step 19550] | Masked L1: 0.6344 | SNR: 16.99 dB | Eff. Rank: 134.4 | GradNorm: 0.99 | Throughput: 983.1 aud-s/s | LR: 2.06e-04
2026-09-24T13:36:05.674 [E1 Step 19575] | Masked L1: 0.5884 | SNR: 17.41 dB | Eff. Rank: 127.8 | GradNorm: 1.12 | Throughput: 812.6 aud-s/s | LR: 2.06e-04
2026-09-24T13:36:14.468 [E1 Step 19600] | Masked L1: 0.6517 | SNR: 17.46 dB | Eff. Rank: 129.6 | GradNorm: 0.94 | Throughput: 1188.6 aud-s/s | LR: 2.05e-04
2026-09-24T13:36:17.369  [Artifact] Saved spectrogram plot -> runs\no-splitformer-moe-only\plots\recon_step_019600.png
2026-09-24T13:36:26.143 [E1 Step 19625] | Masked L1: 0.6910 | SNR: 16.52 dB | Eff. Rank: 125.5 | GradNorm: 0.91 | Throughput: 1088.6 aud-s/s | LR: 2.05e-04
[Network Relay] Local cache exhausted. Relaying to network for next 10000 samples...
2026-09-24T13:36:39.405 [E1 Step 19650] | Masked L1: 0.6198 | SNR: 17.37 dB | Eff. Rank: 127.5 | GradNorm: 0.90 | Throughput: 428.3 aud-s/s | LR: 2.05e-04
[Network Relay] Cached 10000 samples to chunk_00017.pt (4360.3 MB)
[Cache Quota] Evicted 1 oldest cache shards to stay within 10 limit.
2026-09-24T13:41:31.440 [E1 Step 19675] | Masked L1: 0.5481 | SNR: 17.99 dB | Eff. Rank: 129.0 | GradNorm: 1.02 | Throughput: 901.9 aud-s/s | LR: 2.05e-04
2026-09-24T13:41:40.008 [E1 Step 19700] | Masked L1: 0.6391 | SNR: 17.42 dB | Eff. Rank: 129.5 | GradNorm: 0.91 | Throughput: 1029.5 aud-s/s | LR: 2.05e-04
2026-09-24T13:41:42.708  [Artifact] Saved spectrogram plot -> runs\no-splitformer-moe-only\plots\recon_step_019700.png
2026-09-24T13:41:51.463 [E1 Step 19725] | Masked L1: 0.5051 | SNR: 18.81 dB | Eff. Rank: 123.1 | GradNorm: 0.83 | Throughput: 883.3 aud-s/s | LR: 2.04e-04
2026-09-24T13:41:59.759 [E1 Step 19750] | Masked L1: 0.8385 | SNR: 15.27 dB | Eff. Rank: 133.1 | GradNorm: 1.03 | Throughput: 1332.9 aud-s/s | LR: 2.04e-04
2026-09-24T13:41:59.896 >>> [Phase 3 Gate Check @ Step 19750] Short Loss: 0.7132 | Long Loss: 1.0671 | Degradation Ratio: 1.496 | Gate Passed: YES

2026-09-24T13:42:08.246 [E1 Step 19775] | Masked L1: 0.5063 | SNR: 18.82 dB | Eff. Rank: 127.5 | GradNorm: 1.07 | Throughput: 975.9 aud-s/s | LR: 2.04e-04
2026-09-24T13:42:16.669 [E1 Step 19800] | Masked L1: 0.6878 | SNR: 16.58 dB | Eff. Rank: 127.3 | GradNorm: 0.97 | Throughput: 1198.0 aud-s/s | LR: 2.04e-04
2026-09-24T13:42:19.486  [Artifact] Saved spectrogram plot -> runs\no-splitformer-moe-only\plots\recon_step_019800.png
[Network Relay] Local cache exhausted. Relaying to network for next 10000 samples...
[Network Relay] Cached 10000 samples to chunk_00018.pt (5254.0 MB)
[Cache Quota] Evicted 1 oldest cache shards to stay within 10 limit.
2026-09-24T13:48:14.381 [E1 Step 19825] | Masked L1: 0.6788 | SNR: 16.74 dB | Eff. Rank: 131.3 | GradNorm: 1.07 | Throughput: 1038.6 aud-s/s | LR: 2.03e-04
2026-09-24T13:48:22.819 [E1 Step 19850] | Masked L1: 0.6491 | SNR: 17.02 dB | Eff. Rank: 128.1 | GradNorm: 0.85 | Throughput: 1247.5 aud-s/s | LR: 2.03e-04
2026-09-24T13:48:31.609 [E1 Step 19875] | Masked L1: 0.7915 | SNR: 15.82 dB | Eff. Rank: 130.2 | GradNorm: 0.71 | Throughput: 1309.3 aud-s/s | LR: 2.03e-04
2026-09-24T13:48:40.277 [E1 Step 19900] | Masked L1: 0.7003 | SNR: 16.60 dB | Eff. Rank: 129.5 | GradNorm: 0.74 | Throughput: 1436.1 aud-s/s | LR: 2.03e-04
2026-09-24T13:48:42.996  [Artifact] Saved spectrogram plot -> runs\no-splitformer-moe-only\plots\recon_step_019900.png
2026-09-24T13:48:51.827 [E1 Step 19925] | Masked L1: 0.6721 | SNR: 16.99 dB | Eff. Rank: 129.7 | GradNorm: 0.72 | Throughput: 1289.8 aud-s/s | LR: 2.02e-04
2026-09-24T13:49:00.290 [E1 Step 19950] | Masked L1: 0.6763 | SNR: 17.19 dB | Eff. Rank: 132.8 | GradNorm: 1.14 | Throughput: 1160.8 aud-s/s | LR: 2.02e-04
[Network Relay] Local cache exhausted. Relaying to network for next 10000 samples...
[Network Relay] Cached 10000 samples to chunk_00019.pt (4570.5 MB)
[Cache Quota] Evicted 1 oldest cache shards to stay within 10 limit.
2026-09-24T13:53:43.383 [E1 Step 19975] | Masked L1: 0.7222 | SNR: 16.51 dB | Eff. Rank: 130.7 | GradNorm: 0.75 | Throughput: 1222.9 aud-s/s | LR: 2.02e-04
2026-09-24T13:53:52.076 [E1 Step 20000] | Masked L1: 0.7065 | SNR: 16.32 dB | Eff. Rank: 125.1 | GradNorm: 0.74 | Throughput: 1390.8 aud-s/s | LR: 2.02e-04
2026-09-24T13:53:54.798  [Artifact] Saved spectrogram plot -> runs\no-splitformer-moe-only\plots\recon_step_020000.png
2026-09-24T13:53:55.111 >>> [Phase 3 Gate Check @ Step 20000] Short Loss: 0.7209 | Long Loss: 1.0943 | Degradation Ratio: 1.518 | Gate Passed: YES

2026-09-24T13:53:55.760  [Semantic Checkpoint] Saved to runs\no-splitformer-moe-only\checkpoints\stage1_pretrain

2026-09-24T13:53:55.760  [Early Stop] No improvement (1/5)
2026-09-24T13:54:04.294 [E1 Step 20025] | Masked L1: 0.6745 | SNR: 16.79 dB | Eff. Rank: 129.1 | GradNorm: 1.06 | Throughput: 1174.9 aud-s/s | LR: 2.02e-04
2026-09-24T13:54:13.164 [E1 Step 20050] | Masked L1: 0.5313 | SNR: 18.76 dB | Eff. Rank: 126.4 | GradNorm: 0.89 | Throughput: 891.4 aud-s/s | LR: 2.01e-04
2026-09-24T13:54:21.796 [E1 Step 20075] | Masked L1: 0.6800 | SNR: 17.09 dB | Eff. Rank: 129.6 | GradNorm: 0.91 | Throughput: 1126.5 aud-s/s | LR: 2.01e-04
2026-09-24T13:54:30.486 [E1 Step 20100] | Masked L1: 0.6034 | SNR: 17.30 dB | Eff. Rank: 126.7 | GradNorm: 0.86 | Throughput: 1027.1 aud-s/s | LR: 2.01e-04
2026-09-24T13:54:33.272  [Artifact] Saved spectrogram plot -> runs\no-splitformer-moe-only\plots\recon_step_020100.png
[Network Relay] Local cache exhausted. Relaying to network for next 10000 samples...
2026-09-24T13:54:50.127 [E1 Step 20125] | Masked L1: 0.8423 | SNR: 15.29 dB | Eff. Rank: 132.9 | GradNorm: 0.95 | Throughput: 559.2 aud-s/s | LR: 2.01e-04
[Network Relay] Cached 10000 samples to chunk_00020.pt (4517.0 MB)
[Cache Quota] Evicted 1 oldest cache shards to stay within 10 limit.
2026-09-24T13:59:13.651 [E1 Step 20150] | Masked L1: 0.6707 | SNR: 16.43 dB | Eff. Rank: 124.3 | GradNorm: 1.10 | Throughput: 989.2 aud-s/s | LR: 2.00e-04
2026-09-24T13:59:22.415 [E1 Step 20175] | Masked L1: 0.5254 | SNR: 18.32 dB | Eff. Rank: 123.4 | GradNorm: 0.98 | Throughput: 998.4 aud-s/s | LR: 2.00e-04
2026-09-24T13:59:30.516 [E1 Step 20200] | Masked L1: 0.5955 | SNR: 17.45 dB | Eff. Rank: 126.9 | GradNorm: 1.02 | Throughput: 1099.8 aud-s/s | LR: 2.00e-04
2026-09-24T13:59:33.029  [Artifact] Saved spectrogram plot -> runs\no-splitformer-moe-only\plots\recon_step_020200.png
2026-09-24T13:59:41.413 [E1 Step 20225] | Masked L1: 0.7164 | SNR: 16.48 dB | Eff. Rank: 127.3 | GradNorm: 0.81 | Throughput: 1285.2 aud-s/s | LR: 2.00e-04
2026-09-24T13:59:49.792 [E1 Step 20250] | Masked L1: 0.7074 | SNR: 16.93 dB | Eff. Rank: 132.6 | GradNorm: 0.82 | Throughput: 1430.6 aud-s/s | LR: 2.00e-04
2026-09-24T13:59:49.923 >>> [Phase 3 Gate Check @ Step 20250] Short Loss: 0.7154 | Long Loss: 1.0744 | Degradation Ratio: 1.502 | Gate Passed: YES

[Network Relay] Local cache exhausted. Relaying to network for next 10000 samples...
2026-09-24T14:00:03.071 [E1 Step 20275] | Masked L1: 0.6916 | SNR: 16.64 dB | Eff. Rank: 129.5 | GradNorm: 0.76 | Throughput: 579.3 aud-s/s | LR: 1.99e-04
[Network Relay] Cached 10000 samples to chunk_00021.pt (4618.4 MB)
[Cache Quota] Evicted 1 oldest cache shards to stay within 10 limit.
2026-09-24T14:05:15.532 [E1 Step 20300] | Masked L1: 0.5931 | SNR: 17.60 dB | Eff. Rank: 132.9 | GradNorm: 0.84 | Throughput: 1121.7 aud-s/s | LR: 1.99e-04
2026-09-24T14:05:18.406  [Artifact] Saved spectrogram plot -> runs\no-splitformer-moe-only\plots\recon_step_020300.png
2026-09-24T14:05:27.534 [E1 Step 20325] | Masked L1: 0.6293 | SNR: 17.57 dB | Eff. Rank: 128.2 | GradNorm: 0.91 | Throughput: 1047.1 aud-s/s | LR: 1.99e-04
2026-09-24T14:05:36.151 [E1 Step 20350] | Masked L1: 0.5862 | SNR: 17.77 dB | Eff. Rank: 128.0 | GradNorm: 1.05 | Throughput: 987.9 aud-s/s | LR: 1.99e-04
2026-09-24T14:05:44.764 [E1 Step 20375] | Masked L1: 0.6494 | SNR: 16.82 dB | Eff. Rank: 129.6 | GradNorm: 0.83 | Throughput: 1131.8 aud-s/s | LR: 1.98e-04
2026-09-24T14:05:53.540 [E1 Step 20400] | Masked L1: 0.6761 | SNR: 16.90 dB | Eff. Rank: 132.6 | GradNorm: 0.76 | Throughput: 1238.1 aud-s/s | LR: 1.98e-04
2026-09-24T14:05:56.333  [Artifact] Saved spectrogram plot -> runs\no-splitformer-moe-only\plots\recon_step_020400.png
2026-09-24T14:06:05.497 [E1 Step 20425] | Masked L1: 0.7423 | SNR: 15.97 dB | Eff. Rank: 129.2 | GradNorm: 0.73 | Throughput: 1451.1 aud-s/s | LR: 1.98e-04
[Network Relay] Local cache exhausted. Relaying to network for next 10000 samples...
[Network Relay] Cached 10000 samples to chunk_00022.pt (5306.9 MB)
[Cache Quota] Evicted 1 oldest cache shards to stay within 10 limit.
2026-09-24T14:11:48.260 [E1 Step 20450] | Masked L1: 0.7621 | SNR: 16.18 dB | Eff. Rank: 128.4 | GradNorm: 0.86 | Throughput: 1380.0 aud-s/s | LR: 1.98e-04
2026-09-24T14:11:56.866 [E1 Step 20475] | Masked L1: 0.6859 | SNR: 16.74 dB | Eff. Rank: 132.0 | GradNorm: 0.73 | Throughput: 1280.2 aud-s/s | LR: 1.97e-04
2026-09-24T14:12:05.554 [E1 Step 20500] | Masked L1: 0.8025 | SNR: 15.37 dB | Eff. Rank: 129.7 | GradNorm: 0.85 | Throughput: 1371.6 aud-s/s | LR: 1.97e-04
2026-09-24T14:12:08.193  [Artifact] Saved spectrogram plot -> runs\no-splitformer-moe-only\plots\recon_step_020500.png
2026-09-24T14:12:08.445 >>> [Phase 3 Gate Check @ Step 20500] Short Loss: 0.7129 | Long Loss: 1.0904 | Degradation Ratio: 1.529 | Gate Passed: YES

2026-09-24T14:12:17.116 [E1 Step 20525] | Masked L1: 0.8038 | SNR: 15.51 dB | Eff. Rank: 133.0 | GradNorm: 1.02 | Throughput: 1250.5 aud-s/s | LR: 1.97e-04
2026-09-24T14:12:25.826 [E1 Step 20550] | Masked L1: 0.6687 | SNR: 17.02 dB | Eff. Rank: 128.5 | GradNorm: 0.79 | Throughput: 1272.3 aud-s/s | LR: 1.97e-04
2026-09-24T14:12:34.615 [E1 Step 20575] | Masked L1: 0.6344 | SNR: 17.48 dB | Eff. Rank: 126.1 | GradNorm: 0.99 | Throughput: 1180.7 aud-s/s | LR: 1.97e-04
2026-09-24T14:14:51.193 [E1 Step 20600] | Masked L1: 0.6974 | SNR: 16.62 dB | Eff. Rank: 128.6 | GradNorm: 0.81 | Throughput: 1368.3 aud-s/s | LR: 1.96e-04
2026-09-24T14:14:54.237  [Artifact] Saved spectrogram plot -> runs\no-splitformer-moe-only\plots\recon_step_020600.png
2026-09-24T14:15:03.567 [E1 Step 20625] | Masked L1: 0.8059 | SNR: 15.86 dB | Eff. Rank: 131.9 | GradNorm: 0.95 | Throughput: 1483.3 aud-s/s | LR: 1.96e-04
2026-09-24T14:15:12.657 [E1 Step 20650] | Masked L1: 0.5897 | SNR: 17.65 dB | Eff. Rank: 123.6 | GradNorm: 1.06 | Throughput: 994.8 aud-s/s | LR: 1.96e-04
2026-09-24T14:15:21.437 [E1 Step 20675] | Masked L1: 0.7783 | SNR: 15.81 dB | Eff. Rank: 127.0 | GradNorm: 0.92 | Throughput: 1351.1 aud-s/s | LR: 1.96e-04
2026-09-24T14:15:30.026 [E1 Step 20700] | Masked L1: 0.6730 | SNR: 16.89 dB | Eff. Rank: 126.4 | GradNorm: 0.93 | Throughput: 1282.2 aud-s/s | LR: 1.95e-04
2026-09-24T14:15:32.990  [Artifact] Saved spectrogram plot -> runs\no-splitformer-moe-only\plots\recon_step_020700.png
2026-09-24T14:15:41.555 [E1 Step 20725] | Masked L1: 0.6105 | SNR: 17.74 dB | Eff. Rank: 131.8 | GradNorm: 1.02 | Throughput: 1206.3 aud-s/s | LR: 1.95e-04
2026-09-24T14:16:27.813 [E1 Step 20750] | Masked L1: 0.6703 | SNR: 16.76 dB | Eff. Rank: 130.2 | GradNorm: 0.69 | Throughput: 696.3 aud-s/s | LR: 1.95e-04
2026-09-24T14:16:27.957 >>> [Phase 3 Gate Check @ Step 20750] Short Loss: 0.7265 | Long Loss: 1.0628 | Degradation Ratio: 1.463 | Gate Passed: YES

2026-09-24T14:17:47.858 [E1 Step 20775] | Masked L1: 0.7308 | SNR: 15.88 dB | Eff. Rank: 128.8 | GradNorm: 0.80 | Throughput: 1476.1 aud-s/s | LR: 1.95e-04
2026-09-24T14:17:56.103 [E1 Step 20800] | Masked L1: 0.6171 | SNR: 17.34 dB | Eff. Rank: 127.0 | GradNorm: 1.26 | Throughput: 1074.3 aud-s/s | LR: 1.95e-04
2026-09-24T14:17:58.816  [Artifact] Saved spectrogram plot -> runs\no-splitformer-moe-only\plots\recon_step_020800.png
2026-09-24T14:18:07.309 [E1 Step 20825] | Masked L1: 0.8208 | SNR: 15.56 dB | Eff. Rank: 128.1 | GradNorm: 0.96 | Throughput: 1257.9 aud-s/s | LR: 1.94e-04
2026-09-24T14:18:15.769 [E1 Step 20850] | Masked L1: 0.4747 | SNR: 19.44 dB | Eff. Rank: 132.7 | GradNorm: 0.96 | Throughput: 903.7 aud-s/s | LR: 1.94e-04
2026-09-24T14:18:24.303 [E1 Step 20875] | Masked L1: 0.7397 | SNR: 16.41 dB | Eff. Rank: 127.3 | GradNorm: 0.98 | Throughput: 1151.6 aud-s/s | LR: 1.94e-04
2026-09-24T14:18:49.871 [E1 Step 20900] | Masked L1: 0.6826 | SNR: 17.16 dB | Eff. Rank: 126.8 | GradNorm: 1.81 | Throughput: 1392.6 aud-s/s | LR: 1.94e-04
2026-09-24T14:19:03.586  [Artifact] Saved spectrogram plot -> runs\no-splitformer-moe-only\plots\recon_step_020900.png
2026-09-24T14:20:13.833 [E1 Step 20925] | Masked L1: 0.7229 | SNR: 16.04 dB | Eff. Rank: 129.0 | GradNorm: 0.98 | Throughput: 1034.2 aud-s/s | LR: 1.93e-04
2026-09-24T14:20:22.139 [E1 Step 20950] | Masked L1: 0.6546 | SNR: 16.78 dB | Eff. Rank: 130.1 | GradNorm: 0.86 | Throughput: 1213.0 aud-s/s | LR: 1.93e-04
2026-09-24T14:20:30.323 [E1 Step 20975] | Masked L1: 0.5538 | SNR: 18.12 dB | Eff. Rank: 131.1 | GradNorm: 1.35 | Throughput: 904.6 aud-s/s | LR: 1.93e-04
2026-09-24T14:20:38.665 [E1 Step 21000] | Masked L1: 0.4990 | SNR: 18.02 dB | Eff. Rank: 122.4 | GradNorm: 0.98 | Throughput: 877.8 aud-s/s | LR: 1.93e-04
2026-09-24T14:20:41.234  [Artifact] Saved spectrogram plot -> runs\no-splitformer-moe-only\plots\recon_step_021000.png
2026-09-24T14:20:41.483 >>> [Phase 3 Gate Check @ Step 21000] Short Loss: 0.6743 | Long Loss: 1.1233 | Degradation Ratio: 1.666 | Gate Passed: YES

  🌟 New Best Model! masked_l1 = 0.4990 (Saved to best_model.pt)
2026-09-24T14:20:42.632  [Semantic Checkpoint] Saved to runs\no-splitformer-moe-only\checkpoints\stage1_pretrain

2026-09-24T14:20:42.632  [Early Stop] New best masked_l1: 0.498950
2026-09-24T14:20:50.948 [E1 Step 21025] | Masked L1: 0.6157 | SNR: 17.56 dB | Eff. Rank: 132.2 | GradNorm: 0.98 | Throughput: 1154.9 aud-s/s | LR: 1.92e-04
2026-09-24T14:20:59.175 [E1 Step 21050] | Masked L1: 0.4251 | SNR: 19.83 dB | Eff. Rank: 125.1 | GradNorm: 1.01 | Throughput: 839.9 aud-s/s | LR: 1.92e-04
2026-09-24T14:22:36.755 [E1 Step 21075] | Masked L1: 0.5634 | SNR: 18.06 dB | Eff. Rank: 128.4 | GradNorm: 1.17 | Throughput: 896.5 aud-s/s | LR: 1.92e-04
2026-09-24T14:22:45.067 [E1 Step 21100] | Masked L1: 0.4428 | SNR: 19.39 dB | Eff. Rank: 131.4 | GradNorm: 1.02 | Throughput: 866.5 aud-s/s | LR: 1.92e-04
2026-09-24T14:22:47.604  [Artifact] Saved spectrogram plot -> runs\no-splitformer-moe-only\plots\recon_step_021100.png
2026-09-24T14:22:56.084 [E1 Step 21125] | Masked L1: 0.7440 | SNR: 16.03 dB | Eff. Rank: 132.8 | GradNorm: 0.86 | Throughput: 1105.2 aud-s/s | LR: 1.92e-04
2026-09-24T14:23:04.547 [E1 Step 21150] | Masked L1: 0.7370 | SNR: 16.21 dB | Eff. Rank: 133.6 | GradNorm: 0.91 | Throughput: 1198.3 aud-s/s | LR: 1.91e-04
2026-09-24T14:23:12.724 [E1 Step 21175] | Masked L1: 0.7233 | SNR: 16.28 dB | Eff. Rank: 129.9 | GradNorm: 1.11 | Throughput: 1149.6 aud-s/s | LR: 1.91e-04
2026-09-24T14:23:21.243 [E1 Step 21200] | Masked L1: 0.6040 | SNR: 17.27 dB | Eff. Rank: 130.6 | GradNorm: 0.95 | Throughput: 931.1 aud-s/s | LR: 1.91e-04
2026-09-24T14:23:23.734  [Artifact] Saved spectrogram plot -> runs\no-splitformer-moe-only\plots\recon_step_021200.png
2026-09-24T14:25:09.259 [E1 Step 21225] | Masked L1: 0.8318 | SNR: 15.69 dB | Eff. Rank: 130.5 | GradNorm: 0.94 | Throughput: 1384.7 aud-s/s | LR: 1.91e-04
2026-09-24T14:25:17.562 [E1 Step 21250] | Masked L1: 0.7118 | SNR: 16.02 dB | Eff. Rank: 129.3 | GradNorm: 0.99 | Throughput: 1176.5 aud-s/s | LR: 1.90e-04
2026-09-24T14:25:17.702 >>> [Phase 3 Gate Check @ Step 21250] Short Loss: 0.6954 | Long Loss: 1.0317 | Degradation Ratio: 1.483 | Gate Passed: YES

2026-09-24T14:25:26.097 [E1 Step 21275] | Masked L1: 0.5525 | SNR: 18.32 dB | Eff. Rank: 124.1 | GradNorm: 0.74 | Throughput: 1231.9 aud-s/s | LR: 1.90e-04
2026-09-24T14:25:34.481 [E1 Step 21300] | Masked L1: 0.5126 | SNR: 18.60 dB | Eff. Rank: 125.7 | GradNorm: 1.03 | Throughput: 875.6 aud-s/s | LR: 1.90e-04
2026-09-24T14:25:37.196  [Artifact] Saved spectrogram plot -> runs\no-splitformer-moe-only\plots\recon_step_021300.png
2026-09-24T14:25:45.798 [E1 Step 21325] | Masked L1: 0.6263 | SNR: 17.61 dB | Eff. Rank: 129.7 | GradNorm: 0.78 | Throughput: 1077.8 aud-s/s | LR: 1.90e-04
2026-09-24T14:25:54.311 [E1 Step 21350] | Masked L1: 0.6580 | SNR: 16.61 dB | Eff. Rank: 130.4 | GradNorm: 1.22 | Throughput: 1010.9 aud-s/s | LR: 1.89e-04
2026-09-24T14:26:09.272 [E1 Step 21375] | Masked L1: 0.6273 | SNR: 16.87 dB | Eff. Rank: 128.7 | GradNorm: 1.01 | Throughput: 1061.5 aud-s/s | LR: 1.89e-04
2026-09-24T14:27:50.828 [E1 Step 21400] | Masked L1: 0.6517 | SNR: 16.80 dB | Eff. Rank: 127.9 | GradNorm: 0.95 | Throughput: 1074.5 aud-s/s | LR: 1.89e-04
2026-09-24T14:27:53.591  [Artifact] Saved spectrogram plot -> runs\no-splitformer-moe-only\plots\recon_step_021400.png
2026-09-24T14:28:02.138 [E1 Step 21425] | Masked L1: 0.5998 | SNR: 17.75 dB | Eff. Rank: 126.4 | GradNorm: 1.07 | Throughput: 1051.3 aud-s/s | LR: 1.89e-04
2026-09-24T14:28:10.458 [E1 Step 21450] | Masked L1: 0.6485 | SNR: 17.14 dB | Eff. Rank: 128.3 | GradNorm: 1.04 | Throughput: 1069.4 aud-s/s | LR: 1.89e-04
2026-09-24T14:28:18.871 [E1 Step 21475] | Masked L1: 0.7568 | SNR: 16.00 dB | Eff. Rank: 128.3 | GradNorm: 0.74 | Throughput: 1412.4 aud-s/s | LR: 1.88e-04
2026-09-24T14:28:27.416 [E1 Step 21500] | Masked L1: 0.7842 | SNR: 15.65 dB | Eff. Rank: 131.8 | GradNorm: 1.14 | Throughput: 1068.7 aud-s/s | LR: 1.88e-04
2026-09-24T14:28:30.080  [Artifact] Saved spectrogram plot -> runs\no-splitformer-moe-only\plots\recon_step_021500.png
2026-09-24T14:28:30.331 >>> [Phase 3 Gate Check @ Step 21500] Short Loss: 0.6732 | Long Loss: 1.0759 | Degradation Ratio: 1.598 | Gate Passed: YES

2026-09-24T14:29:00.088 [E1 Step 21525] | Masked L1: 0.6367 | SNR: 16.80 dB | Eff. Rank: 123.7 | GradNorm: 0.80 | Throughput: 1323.3 aud-s/s | LR: 1.88e-04
2026-09-24T14:30:16.461 [E1 Step 21550] | Masked L1: 0.7330 | SNR: 16.21 dB | Eff. Rank: 131.3 | GradNorm: 0.82 | Throughput: 1153.0 aud-s/s | LR: 1.88e-04
2026-09-24T14:30:24.750 [E1 Step 21575] | Masked L1: 0.5305 | SNR: 18.53 dB | Eff. Rank: 125.1 | GradNorm: 0.99 | Throughput: 968.4 aud-s/s | LR: 1.87e-04
2026-09-24T14:30:33.022 [E1 Step 21600] | Masked L1: 0.4401 | SNR: 19.86 dB | Eff. Rank: 123.0 | GradNorm: 0.93 | Throughput: 924.3 aud-s/s | LR: 1.87e-04
2026-09-24T14:30:35.421  [Artifact] Saved spectrogram plot -> runs\no-splitformer-moe-only\plots\recon_step_021600.png
2026-09-24T14:30:43.922 [E1 Step 21625] | Masked L1: 0.8203 | SNR: 15.57 dB | Eff. Rank: 137.6 | GradNorm: 0.88 | Throughput: 1384.9 aud-s/s | LR: 1.87e-04
2026-09-24T14:30:52.156 [E1 Step 21650] | Masked L1: 0.6991 | SNR: 16.53 dB | Eff. Rank: 130.1 | GradNorm: 0.78 | Throughput: 1040.1 aud-s/s | LR: 1.87e-04
2026-09-24T14:31:00.417 [E1 Step 21675] | Masked L1: 0.6343 | SNR: 17.29 dB | Eff. Rank: 129.9 | GradNorm: 0.95 | Throughput: 1215.3 aud-s/s | LR: 1.86e-04
2026-09-24T14:32:32.016 [E1 Step 21700] | Masked L1: 0.8285 | SNR: 15.34 dB | Eff. Rank: 136.5 | GradNorm: 0.85 | Throughput: 1411.2 aud-s/s | LR: 1.86e-04
2026-09-24T14:32:34.537  [Artifact] Saved spectrogram plot -> runs\no-splitformer-moe-only\plots\recon_step_021700.png
2026-09-24T14:32:42.996 [E1 Step 21725] | Masked L1: 0.5950 | SNR: 17.41 dB | Eff. Rank: 129.5 | GradNorm: 0.86 | Throughput: 1030.1 aud-s/s | LR: 1.86e-04
2026-09-24T14:32:51.250 [E1 Step 21750] | Masked L1: 0.6053 | SNR: 17.47 dB | Eff. Rank: 129.5 | GradNorm: 0.99 | Throughput: 973.5 aud-s/s | LR: 1.86e-04
2026-09-24T14:32:51.371 >>> [Phase 3 Gate Check @ Step 21750] Short Loss: 0.7266 | Long Loss: 1.0429 | Degradation Ratio: 1.435 | Gate Passed: YES

2026-09-24T14:32:59.513 [E1 Step 21775] | Masked L1: 0.5401 | SNR: 18.73 dB | Eff. Rank: 127.8 | GradNorm: 0.81 | Throughput: 961.0 aud-s/s | LR: 1.85e-04
2026-09-24T14:33:07.778 [E1 Step 21800] | Masked L1: 0.5755 | SNR: 17.80 dB | Eff. Rank: 121.6 | GradNorm: 0.88 | Throughput: 1083.1 aud-s/s | LR: 1.85e-04
2026-09-24T14:33:10.258  [Artifact] Saved spectrogram plot -> runs\no-splitformer-moe-only\plots\recon_step_021800.png
2026-09-24T14:33:18.933 [E1 Step 21825] | Masked L1: 0.6950 | SNR: 16.64 dB | Eff. Rank: 131.0 | GradNorm: 0.72 | Throughput: 1340.8 aud-s/s | LR: 1.85e-04
2026-09-24T14:35:07.368 [E1 Step 21850] | Masked L1: 0.6345 | SNR: 17.41 dB | Eff. Rank: 128.3 | GradNorm: 0.79 | Throughput: 1220.9 aud-s/s | LR: 1.85e-04
2026-09-24T14:35:15.747 [E1 Step 21875] | Masked L1: 0.4894 | SNR: 18.60 dB | Eff. Rank: 133.3 | GradNorm: 1.03 | Throughput: 875.5 aud-s/s | LR: 1.85e-04
2026-09-24T14:35:24.119 [E1 Step 21900] | Masked L1: 0.8263 | SNR: 15.70 dB | Eff. Rank: 135.1 | GradNorm: 0.70 | Throughput: 1454.4 aud-s/s | LR: 1.84e-04
2026-09-24T14:35:26.690  [Artifact] Saved spectrogram plot -> runs\no-splitformer-moe-only\plots\recon_step_021900.png
2026-09-24T14:35:35.250 [E1 Step 21925] | Masked L1: 0.7038 | SNR: 16.33 dB | Eff. Rank: 133.7 | GradNorm: 0.87 | Throughput: 1276.1 aud-s/s | LR: 1.84e-04
2026-09-24T14:35:43.667 [E1 Step 21950] | Masked L1: 0.7779 | SNR: 15.83 dB | Eff. Rank: 136.1 | GradNorm: 1.13 | Throughput: 1262.0 aud-s/s | LR: 1.84e-04
2026-09-24T14:35:52.016 [E1 Step 21975] | Masked L1: 0.7278 | SNR: 16.19 dB | Eff. Rank: 135.8 | GradNorm: 0.95 | Throughput: 1179.4 aud-s/s | LR: 1.84e-04
2026-09-24T14:36:35.170 [E1 Step 22000] | Masked L1: 0.7856 | SNR: 16.19 dB | Eff. Rank: 128.7 | GradNorm: 0.99 | Throughput: 1353.4 aud-s/s | LR: 1.83e-04
2026-09-24T14:37:33.940  [Artifact] Saved spectrogram plot -> runs\no-splitformer-moe-only\plots\recon_step_022000.png
2026-09-24T14:37:34.392 >>> [Phase 3 Gate Check @ Step 22000] Short Loss: 0.6678 | Long Loss: 1.0353 | Degradation Ratio: 1.550 | Gate Passed: YES

2026-09-24T14:37:34.924  [Semantic Checkpoint] Saved to runs\no-splitformer-moe-only\checkpoints\stage1_pretrain

2026-09-24T14:37:34.924  [Early Stop] No improvement (1/5)
2026-09-24T14:37:43.336 [E1 Step 22025] | Masked L1: 0.8787 | SNR: 15.58 dB | Eff. Rank: 135.1 | GradNorm: 0.97 | Throughput: 1554.8 aud-s/s | LR: 1.83e-04
2026-09-24T14:37:51.565 [E1 Step 22050] | Masked L1: 0.7608 | SNR: 16.08 dB | Eff. Rank: 132.7 | GradNorm: 0.89 | Throughput: 1187.7 aud-s/s | LR: 1.83e-04
2026-09-24T14:37:59.766 [E1 Step 22075] | Masked L1: 0.6551 | SNR: 16.75 dB | Eff. Rank: 133.5 | GradNorm: 0.94 | Throughput: 1134.0 aud-s/s | LR: 1.83e-04
2026-09-24T14:38:08.114 [E1 Step 22100] | Masked L1: 0.7506 | SNR: 16.22 dB | Eff. Rank: 135.6 | GradNorm: 0.86 | Throughput: 1279.6 aud-s/s | LR: 1.82e-04
2026-09-24T14:38:10.877  [Artifact] Saved spectrogram plot -> runs\no-splitformer-moe-only\plots\recon_step_022100.png
2026-09-24T14:38:19.246 [E1 Step 22125] | Masked L1: 0.6987 | SNR: 16.44 dB | Eff. Rank: 129.1 | GradNorm: 1.00 | Throughput: 1081.9 aud-s/s | LR: 1.82e-04
[Network Relay] Local cache exhausted. Relaying to network for next 10000 samples...
2026-09-24T14:38:34.540 [E1 Step 22150] | Masked L1: 0.7175 | SNR: 16.41 dB | Eff. Rank: 134.1 | GradNorm: 1.08 | Throughput: 569.2 aud-s/s | LR: 1.82e-04
'timed out' thrown while requesting GET https://huggingface.co/datasets/ai4bharat/Shrutilipi/resolve/f4beb2f2cfaeae5a8fc28808f85165fec1cb19b3/marathi/train-00033-of-00085.parquet
Retrying in 1s [Retry 1/5].
'timed out' thrown while requesting GET https://huggingface.co/datasets/ARTPARK-IISc/Vaani/resolve/9e6ed4f94f7060e633cbc500480623ae7521522c/audio/Marathi/train-00040-of-00232.parquet
Retrying in 1s [Retry 1/5].
'timed out' thrown while requesting GET https://huggingface.co/datasets/ai4bharat/Shrutilipi/resolve/f4beb2f2cfaeae5a8fc28808f85165fec1cb19b3/marathi/train-00033-of-00085.parquet
'timed out' thrown while requesting GET https://huggingface.co/datasets/ARTPARK-IISc/Vaani/resolve/9e6ed4f94f7060e633cbc500480623ae7521522c/audio/Marathi/train-00040-of-00232.parquet
Retrying in 2s [Retry 2/5].
Retrying in 2s [Retry 2/5].
'timed out' thrown while requesting GET https://huggingface.co/datasets/ai4bharat/Shrutilipi/resolve/f4beb2f2cfaeae5a8fc28808f85165fec1cb19b3/marathi/train-00033-of-00085.parquet
'timed out' thrown while requesting GET https://huggingface.co/datasets/ARTPARK-IISc/Vaani/resolve/9e6ed4f94f7060e633cbc500480623ae7521522c/audio/Marathi/train-00040-of-00232.parquet
Retrying in 4s [Retry 3/5].
Retrying in 4s [Retry 3/5].
'timed out' thrown while requesting GET https://huggingface.co/datasets/ai4bharat/Shrutilipi/resolve/f4beb2f2cfaeae5a8fc28808f85165fec1cb19b3/marathi/train-00033-of-00085.parquet
'timed out' thrown while requesting GET https://huggingface.co/datasets/ARTPARK-IISc/Vaani/resolve/9e6ed4f94f7060e633cbc500480623ae7521522c/audio/Marathi/train-00040-of-00232.parquet
Retrying in 8s [Retry 4/5].
Retrying in 8s [Retry 4/5].
'timed out' thrown while requesting GET https://huggingface.co/datasets/ARTPARK-IISc/Vaani/resolve/9e6ed4f94f7060e633cbc500480623ae7521522c/audio/Marathi/train-00040-of-00232.parquet
'timed out' thrown while requesting GET https://huggingface.co/datasets/ai4bharat/Shrutilipi/resolve/f4beb2f2cfaeae5a8fc28808f85165fec1cb19b3/marathi/train-00033-of-00085.parquet
Retrying in 8s [Retry 5/5].
Retrying in 8s [Retry 5/5].
'timed out' thrown while requesting GET https://huggingface.co/datasets/ai4bharat/Shrutilipi/resolve/f4beb2f2cfaeae5a8fc28808f85165fec1cb19b3/marathi/train-00033-of-00085.parquet
'timed out' thrown while requesting GET https://huggingface.co/datasets/ARTPARK-IISc/Vaani/resolve/9e6ed4f94f7060e633cbc500480623ae7521522c/audio/Marathi/train-00040-of-00232.parquet
[Network Error] timed out. Backing off for 2.0s (retry 1/6)...
[Network Relay] Reached end of remote stream.
[Network Relay] Cached 5756 samples to chunk_00033.pt (3195.0 MB)
[Cache Quota] Evicted 1 oldest cache shards to stay within 10 limit.
2026-09-24T14:45:27.786 [E1 Step 22175] | Masked L1: 0.6159 | SNR: 17.84 dB | Eff. Rank: 130.1 | GradNorm: 0.80 | Throughput: 1327.9 aud-s/s | LR: 1.82e-04
2026-09-24T14:45:36.206 [E1 Step 22200] | Masked L1: 0.7314 | SNR: 16.67 dB | Eff. Rank: 132.4 | GradNorm: 1.10 | Throughput: 1385.2 aud-s/s | LR: 1.82e-04
2026-09-24T14:45:38.503  [Artifact] Saved spectrogram plot -> runs\no-splitformer-moe-only\plots\recon_step_022200.png
2026-09-24T14:45:47.027 [E1 Step 22225] | Masked L1: 0.7605 | SNR: 15.78 dB | Eff. Rank: 128.6 | GradNorm: 0.85 | Throughput: 1470.3 aud-s/s | LR: 1.81e-04
[Dataset] Epoch 1 stream completed. Processed 335,756 samples.
[Prefetcher] Stream pass completed.

2026-09-24T14:45:57.939 [Epoch 1/5 Complete] Steps: 5,247 | Cumulative steps: 22,247 | Processed: 2250.75 hrs

===========================================================================
2026-09-24T14:45:58.494 [Epoch 2/5] Commencing Training Pass
===========================================================================

[Network Relay] Opening remote dataset stream for shard 00000...
[Network Relay] Local cache exhausted. Relaying to network for next 10000 samples...
[Network Relay] Cached 10000 samples to chunk_00000.pt (4677.7 MB)
[Cache Quota] Evicted 1 oldest cache shards to stay within 10 limit.
2026-09-24T14:51:31.619 [E2 Step 22250] | Masked L1: 0.7300 | SNR: 16.29 dB | Eff. Rank: 132.1 | GradNorm: 0.97 | Throughput: 1126.0 aud-s/s | LR: 1.81e-04
2026-09-24T14:51:31.753 >>> [Phase 3 Gate Check @ Step 22250] Short Loss: 0.6797 | Long Loss: 1.1077 | Degradation Ratio: 1.630 | Gate Passed: YES

2026-09-24T14:51:40.498 [E2 Step 22275] | Masked L1: 0.8024 | SNR: 15.50 dB | Eff. Rank: 133.5 | GradNorm: 0.99 | Throughput: 1221.3 aud-s/s | LR: 1.81e-04
2026-09-24T14:51:49.249 [E2 Step 22300] | Masked L1: 0.7274 | SNR: 16.26 dB | Eff. Rank: 132.5 | GradNorm: 0.84 | Throughput: 1118.0 aud-s/s | LR: 1.81e-04
2026-09-24T14:51:52.135  [Artifact] Saved spectrogram plot -> runs\no-splitformer-moe-only\plots\recon_step_022300.png
2026-09-24T14:52:01.199 [E2 Step 22325] | Masked L1: 0.6871 | SNR: 16.71 dB | Eff. Rank: 127.1 | GradNorm: 0.77 | Throughput: 1280.0 aud-s/s | LR: 1.80e-04
2026-09-24T14:52:09.644 [E2 Step 22350] | Masked L1: 0.7342 | SNR: 16.14 dB | Eff. Rank: 129.0 | GradNorm: 0.89 | Throughput: 1418.5 aud-s/s | LR: 1.80e-04
2026-09-24T14:52:18.149 [E2 Step 22375] | Masked L1: 0.6880 | SNR: 16.47 dB | Eff. Rank: 129.6 | GradNorm: 1.25 | Throughput: 1080.2 aud-s/s | LR: 1.80e-04
[Network Relay] Local cache exhausted. Relaying to network for next 10000 samples...
2026-09-24T14:52:32.516 [E2 Step 22400] | Masked L1: 0.5345 | SNR: 18.22 dB | Eff. Rank: 127.5 | GradNorm: 0.86 | Throughput: 435.9 aud-s/s | LR: 1.80e-04
2026-09-24T14:52:35.869  [Artifact] Saved spectrogram plot -> runs\no-splitformer-moe-only\plots\recon_step_022400.png
[Network Relay] Cached 10000 samples to chunk_00001.pt (4952.3 MB)
[Cache Quota] Evicted 1 oldest cache shards to stay within 10 limit.
2026-09-24T14:58:00.341 [E2 Step 22425] | Masked L1: 0.7340 | SNR: 16.62 dB | Eff. Rank: 134.3 | GradNorm: 0.90 | Throughput: 1487.3 aud-s/s | LR: 1.79e-04
2026-09-24T14:58:08.892 [E2 Step 22450] | Masked L1: 0.8742 | SNR: 14.76 dB | Eff. Rank: 129.5 | GradNorm: 0.94 | Throughput: 1184.7 aud-s/s | LR: 1.79e-04
2026-09-24T14:58:17.530 [E2 Step 22475] | Masked L1: 0.7017 | SNR: 16.37 dB | Eff. Rank: 126.5 | GradNorm: 0.78 | Throughput: 1154.0 aud-s/s | LR: 1.79e-04
2026-09-24T14:58:26.312 [E2 Step 22500] | Masked L1: 0.7567 | SNR: 16.24 dB | Eff. Rank: 132.0 | GradNorm: 0.74 | Throughput: 1261.1 aud-s/s | LR: 1.79e-04
2026-09-24T14:58:29.074  [Artifact] Saved spectrogram plot -> runs\no-splitformer-moe-only\plots\recon_step_022500.png
2026-09-24T14:58:29.383 >>> [Phase 3 Gate Check @ Step 22500] Short Loss: 0.7007 | Long Loss: 1.0408 | Degradation Ratio: 1.485 | Gate Passed: YES

2026-09-24T14:58:38.161 [E2 Step 22525] | Masked L1: 0.8851 | SNR: 14.51 dB | Eff. Rank: 134.1 | GradNorm: 0.91 | Throughput: 1398.4 aud-s/s | LR: 1.78e-04
2026-09-24T14:58:46.704 [E2 Step 22550] | Masked L1: 0.8584 | SNR: 15.13 dB | Eff. Rank: 133.5 | GradNorm: 1.24 | Throughput: 1299.8 aud-s/s | LR: 1.78e-04
[Network Relay] Local cache exhausted. Relaying to network for next 10000 samples...
[Network Relay] Cached 10000 samples to chunk_00002.pt (4678.5 MB)
[Cache Quota] Evicted 1 oldest cache shards to stay within 10 limit.
2026-09-24T15:03:55.209 [E2 Step 22575] | Masked L1: 0.7712 | SNR: 15.66 dB | Eff. Rank: 132.4 | GradNorm: 0.82 | Throughput: 1275.5 aud-s/s | LR: 1.78e-04
2026-09-24T15:04:03.997 [E2 Step 22600] | Masked L1: 0.7030 | SNR: 16.68 dB | Eff. Rank: 134.3 | GradNorm: 0.90 | Throughput: 1020.5 aud-s/s | LR: 1.78e-04
2026-09-24T15:04:06.769  [Artifact] Saved spectrogram plot -> runs\no-splitformer-moe-only\plots\recon_step_022600.png
2026-09-24T15:04:15.590 [E2 Step 22625] | Masked L1: 0.6980 | SNR: 16.56 dB | Eff. Rank: 135.7 | GradNorm: 0.87 | Throughput: 1126.5 aud-s/s | LR: 1.77e-04
2026-09-24T15:04:24.532 [E2 Step 22650] | Masked L1: 0.6514 | SNR: 17.16 dB | Eff. Rank: 135.3 | GradNorm: 0.87 | Throughput: 1185.7 aud-s/s | LR: 1.77e-04
2026-09-24T15:04:33.264 [E2 Step 22675] | Masked L1: 0.7820 | SNR: 15.82 dB | Eff. Rank: 134.9 | GradNorm: 0.83 | Throughput: 1407.2 aud-s/s | LR: 1.77e-04
2026-09-24T15:04:41.971 [E2 Step 22700] | Masked L1: 0.6826 | SNR: 16.62 dB | Eff. Rank: 133.2 | GradNorm: 0.97 | Throughput: 961.1 aud-s/s | LR: 1.77e-04
2026-09-24T15:04:44.776  [Artifact] Saved spectrogram plot -> runs\no-splitformer-moe-only\plots\recon_step_022700.png
[Network Relay] Local cache exhausted. Relaying to network for next 10000 samples...
[Network Relay] Cached 10000 samples to chunk_00003.pt (4602.1 MB)
[Cache Quota] Evicted 1 oldest cache shards to stay within 10 limit.
2026-09-24T15:09:28.101 [E2 Step 22725] | Masked L1: 0.6476 | SNR: 17.06 dB | Eff. Rank: 127.3 | GradNorm: 0.70 | Throughput: 1425.8 aud-s/s | LR: 1.77e-04
2026-09-24T15:09:36.422 [E2 Step 22750] | Masked L1: 0.5753 | SNR: 17.85 dB | Eff. Rank: 126.7 | GradNorm: 1.00 | Throughput: 861.2 aud-s/s | LR: 1.76e-04
2026-09-24T15:09:36.538 >>> [Phase 3 Gate Check @ Step 22750] Short Loss: 0.6892 | Long Loss: 1.1830 | Degradation Ratio: 1.716 | Gate Passed: YES

2026-09-24T15:09:44.768 [E2 Step 22775] | Masked L1: 0.6043 | SNR: 17.46 dB | Eff. Rank: 134.4 | GradNorm: 0.96 | Throughput: 981.5 aud-s/s | LR: 1.76e-04
2026-09-24T15:09:53.140 [E2 Step 22800] | Masked L1: 0.6743 | SNR: 16.75 dB | Eff. Rank: 132.0 | GradNorm: 1.00 | Throughput: 1251.4 aud-s/s | LR: 1.76e-04
2026-09-24T15:09:55.462  [Artifact] Saved spectrogram plot -> runs\no-splitformer-moe-only\plots\recon_step_022800.png
2026-09-24T15:10:03.959 [E2 Step 22825] | Masked L1: 0.7780 | SNR: 16.01 dB | Eff. Rank: 135.1 | GradNorm: 1.00 | Throughput: 1417.8 aud-s/s | LR: 1.76e-04
2026-09-24T15:10:12.244 [E2 Step 22850] | Masked L1: 0.6545 | SNR: 16.96 dB | Eff. Rank: 127.5 | GradNorm: 1.02 | Throughput: 1218.0 aud-s/s | LR: 1.75e-04
[Network Relay] Local cache exhausted. Relaying to network for next 10000 samples...
[Network Relay] Cached 10000 samples to chunk_00004.pt (4524.6 MB)
[Cache Quota] Evicted 1 oldest cache shards to stay within 10 limit.
2026-09-24T15:15:38.080 [E2 Step 22875] | Masked L1: 0.6530 | SNR: 17.04 dB | Eff. Rank: 132.3 | GradNorm: 0.99 | Throughput: 1117.1 aud-s/s | LR: 1.75e-04
2026-09-24T15:15:46.481 [E2 Step 22900] | Masked L1: 0.6584 | SNR: 17.19 dB | Eff. Rank: 133.7 | GradNorm: 1.11 | Throughput: 1054.7 aud-s/s | LR: 1.75e-04
2026-09-24T15:15:49.557  [Artifact] Saved spectrogram plot -> runs\no-splitformer-moe-only\plots\recon_step_022900.png
2026-09-24T15:15:58.579 [E2 Step 22925] | Masked L1: 0.5976 | SNR: 17.74 dB | Eff. Rank: 132.1 | GradNorm: 0.89 | Throughput: 977.1 aud-s/s | LR: 1.75e-04
2026-09-24T15:16:07.150 [E2 Step 22950] | Masked L1: 0.7650 | SNR: 15.90 dB | Eff. Rank: 136.0 | GradNorm: 1.08 | Throughput: 1267.6 aud-s/s | LR: 1.74e-04
2026-09-24T15:16:15.737 [E2 Step 22975] | Masked L1: 0.7673 | SNR: 15.63 dB | Eff. Rank: 124.5 | GradNorm: 1.11 | Throughput: 1195.2 aud-s/s | LR: 1.74e-04
2026-09-24T15:16:24.267 [E2 Step 23000] | Masked L1: 0.5912 | SNR: 17.72 dB | Eff. Rank: 133.6 | GradNorm: 0.89 | Throughput: 1069.3 aud-s/s | LR: 1.74e-04
2026-09-24T15:16:27.069  [Artifact] Saved spectrogram plot -> runs\no-splitformer-moe-only\plots\recon_step_023000.png
2026-09-24T15:16:27.442 >>> [Phase 3 Gate Check @ Step 23000] Short Loss: 0.6644 | Long Loss: 1.0279 | Degradation Ratio: 1.547 | Gate Passed: YES

2026-09-24T15:16:28.038  [Semantic Checkpoint] Saved to runs\no-splitformer-moe-only\checkpoints\stage1_pretrain

2026-09-24T15:16:28.038  [Early Stop] No improvement (2/5)
[Network Relay] Local cache exhausted. Relaying to network for next 10000 samples...
2026-09-24T15:16:42.527 [E2 Step 23025] | Masked L1: 0.6788 | SNR: 16.74 dB | Eff. Rank: 133.6 | GradNorm: 1.13 | Throughput: 643.2 aud-s/s | LR: 1.74e-04
[Network Relay] Cached 10000 samples to chunk_00005.pt (4605.8 MB)
[Cache Quota] Evicted 1 oldest cache shards to stay within 10 limit.
2026-09-24T15:21:46.074 [E2 Step 23050] | Masked L1: 0.5802 | SNR: 18.01 dB | Eff. Rank: 131.0 | GradNorm: 1.32 | Throughput: 1049.6 aud-s/s | LR: 1.73e-04
2026-09-24T15:21:54.553 [E2 Step 23075] | Masked L1: 0.7527 | SNR: 15.53 dB | Eff. Rank: 129.7 | GradNorm: 1.01 | Throughput: 1193.3 aud-s/s | LR: 1.73e-04
2026-09-24T15:22:03.243 [E2 Step 23100] | Masked L1: 0.7334 | SNR: 16.39 dB | Eff. Rank: 137.3 | GradNorm: 1.00 | Throughput: 1291.7 aud-s/s | LR: 1.73e-04
2026-09-24T15:22:06.082  [Artifact] Saved spectrogram plot -> runs\no-splitformer-moe-only\plots\recon_step_023100.png
2026-09-24T15:22:14.768 [E2 Step 23125] | Masked L1: 0.6466 | SNR: 16.69 dB | Eff. Rank: 124.3 | GradNorm: 1.00 | Throughput: 930.4 aud-s/s | LR: 1.73e-04
2026-09-24T15:22:23.510 [E2 Step 23150] | Masked L1: 0.6249 | SNR: 17.31 dB | Eff. Rank: 123.4 | GradNorm: 0.89 | Throughput: 1191.2 aud-s/s | LR: 1.73e-04
2026-09-24T15:22:32.295 [E2 Step 23175] | Masked L1: 0.6351 | SNR: 17.22 dB | Eff. Rank: 131.8 | GradNorm: 1.13 | Throughput: 954.9 aud-s/s | LR: 1.72e-04
[Network Relay] Local cache exhausted. Relaying to network for next 10000 samples...
[Network Relay] Cached 10000 samples to chunk_00006.pt (5011.9 MB)
[Cache Quota] Evicted 1 oldest cache shards to stay within 10 limit.
2026-09-24T15:27:32.767 [E2 Step 23200] | Masked L1: 0.7363 | SNR: 16.22 dB | Eff. Rank: 132.4 | GradNorm: 0.81 | Throughput: 1339.1 aud-s/s | LR: 1.72e-04
2026-09-24T15:27:35.811  [Artifact] Saved spectrogram plot -> runs\no-splitformer-moe-only\plots\recon_step_023200.png
2026-09-24T15:27:44.735 [E2 Step 23225] | Masked L1: 0.6703 | SNR: 16.86 dB | Eff. Rank: 131.6 | GradNorm: 0.84 | Throughput: 1234.5 aud-s/s | LR: 1.72e-04
2026-09-24T15:27:53.413 [E2 Step 23250] | Masked L1: 0.7089 | SNR: 16.50 dB | Eff. Rank: 134.4 | GradNorm: 1.04 | Throughput: 1188.4 aud-s/s | LR: 1.72e-04
2026-09-24T15:27:53.533 >>> [Phase 3 Gate Check @ Step 23250] Short Loss: 0.6857 | Long Loss: 1.0897 | Degradation Ratio: 1.589 | Gate Passed: YES

2026-09-24T15:28:02.340 [E2 Step 23275] | Masked L1: 0.6718 | SNR: 16.77 dB | Eff. Rank: 131.5 | GradNorm: 0.79 | Throughput: 1095.1 aud-s/s | LR: 1.71e-04
2026-09-24T15:28:10.995 [E2 Step 23300] | Masked L1: 0.6409 | SNR: 17.01 dB | Eff. Rank: 129.6 | GradNorm: 0.92 | Throughput: 1110.4 aud-s/s | LR: 1.71e-04
2026-09-24T15:28:13.790  [Artifact] Saved spectrogram plot -> runs\no-splitformer-moe-only\plots\recon_step_023300.png
2026-09-24T15:28:22.158 [E2 Step 23325] | Masked L1: 0.6189 | SNR: 17.46 dB | Eff. Rank: 129.9 | GradNorm: 0.92 | Throughput: 1103.2 aud-s/s | LR: 1.71e-04
[Network Relay] Local cache exhausted. Relaying to network for next 10000 samples...
[Network Relay] Cached 10000 samples to chunk_00007.pt (4228.9 MB)
[Cache Quota] Evicted 1 oldest cache shards to stay within 10 limit.
2026-09-24T15:32:37.260 [E2 Step 23350] | Masked L1: 0.7265 | SNR: 16.24 dB | Eff. Rank: 133.7 | GradNorm: 0.85 | Throughput: 1173.1 aud-s/s | LR: 1.71e-04
2026-09-24T15:32:45.762 [E2 Step 23375] | Masked L1: 0.6838 | SNR: 16.73 dB | Eff. Rank: 132.7 | GradNorm: 0.87 | Throughput: 1104.6 aud-s/s | LR: 1.70e-04
2026-09-24T15:32:54.350 [E2 Step 23400] | Masked L1: 0.4637 | SNR: 18.92 dB | Eff. Rank: 124.3 | GradNorm: 0.86 | Throughput: 821.7 aud-s/s | LR: 1.70e-04
2026-09-24T15:32:57.128  [Artifact] Saved spectrogram plot -> runs\no-splitformer-moe-only\plots\recon_step_023400.png
2026-09-24T15:33:05.999 [E2 Step 23425] | Masked L1: 0.6473 | SNR: 17.23 dB | Eff. Rank: 128.1 | GradNorm: 1.41 | Throughput: 995.9 aud-s/s | LR: 1.70e-04
2026-09-24T15:33:14.348 [E2 Step 23450] | Masked L1: 0.5724 | SNR: 17.99 dB | Eff. Rank: 129.4 | GradNorm: 1.00 | Throughput: 941.6 aud-s/s | LR: 1.70e-04
2026-09-24T15:33:22.429 [E2 Step 23475] | Masked L1: 0.5711 | SNR: 17.97 dB | Eff. Rank: 130.6 | GradNorm: 0.85 | Throughput: 1023.0 aud-s/s | LR: 1.69e-04
[Network Relay] Local cache exhausted. Relaying to network for next 10000 samples...
[Network Relay] Cached 10000 samples to chunk_00008.pt (4511.5 MB)
[Cache Quota] Evicted 1 oldest cache shards to stay within 10 limit.
2026-09-24T15:39:02.433 [E2 Step 23500] | Masked L1: 0.5746 | SNR: 17.73 dB | Eff. Rank: 124.1 | GradNorm: 1.04 | Throughput: 898.8 aud-s/s | LR: 1.69e-04
2026-09-24T15:39:05.480  [Artifact] Saved spectrogram plot -> runs\no-splitformer-moe-only\plots\recon_step_023500.png
2026-09-24T15:39:05.815 >>> [Phase 3 Gate Check @ Step 23500] Short Loss: 0.6708 | Long Loss: 1.0516 | Degradation Ratio: 1.568 | Gate Passed: YES

2026-09-24T15:39:14.293 [E2 Step 23525] | Masked L1: 0.6482 | SNR: 17.19 dB | Eff. Rank: 132.9 | GradNorm: 1.03 | Throughput: 1090.5 aud-s/s | LR: 1.69e-04
2026-09-24T15:39:22.998 [E2 Step 23550] | Masked L1: 0.6960 | SNR: 16.55 dB | Eff. Rank: 135.2 | GradNorm: 1.03 | Throughput: 976.2 aud-s/s | LR: 1.69e-04
2026-09-24T15:39:31.633 [E2 Step 23575] | Masked L1: 0.7388 | SNR: 16.29 dB | Eff. Rank: 131.0 | GradNorm: 1.00 | Throughput: 1149.5 aud-s/s | LR: 1.68e-04
2026-09-24T15:39:40.271 [E2 Step 23600] | Masked L1: 0.5518 | SNR: 18.24 dB | Eff. Rank: 125.5 | GradNorm: 0.85 | Throughput: 937.4 aud-s/s | LR: 1.68e-04
2026-09-24T15:39:42.605  [Artifact] Saved spectrogram plot -> runs\no-splitformer-moe-only\plots\recon_step_023600.png
2026-09-24T15:39:50.992 [E2 Step 23625] | Masked L1: 0.5857 | SNR: 17.89 dB | Eff. Rank: 128.8 | GradNorm: 0.78 | Throughput: 1101.8 aud-s/s | LR: 1.68e-04
[Network Relay] Local cache exhausted. Relaying to network for next 10000 samples...
2026-09-24T15:40:05.672 [E2 Step 23650] | Masked L1: 0.5860 | SNR: 17.97 dB | Eff. Rank: 132.4 | GradNorm: 0.92 | Throughput: 507.0 aud-s/s | LR: 1.68e-04
[Network Relay] Cached 10000 samples to chunk_00009.pt (5054.4 MB)
[Cache Quota] Evicted 1 oldest cache shards to stay within 10 limit.
2026-09-24T15:45:51.314 [E2 Step 23675] | Masked L1: 0.6285 | SNR: 17.31 dB | Eff. Rank: 128.5 | GradNorm: 0.91 | Throughput: 1205.2 aud-s/s | LR: 1.68e-04
2026-09-24T15:45:59.996 [E2 Step 23700] | Masked L1: 0.6501 | SNR: 16.88 dB | Eff. Rank: 123.0 | GradNorm: 0.96 | Throughput: 1053.2 aud-s/s | LR: 1.67e-04
2026-09-24T15:46:02.719  [Artifact] Saved spectrogram plot -> runs\no-splitformer-moe-only\plots\recon_step_023700.png
2026-09-24T15:46:11.483 [E2 Step 23725] | Masked L1: 0.6996 | SNR: 16.58 dB | Eff. Rank: 134.0 | GradNorm: 0.79 | Throughput: 1323.9 aud-s/s | LR: 1.67e-04
2026-09-24T15:46:20.158 [E2 Step 23750] | Masked L1: 0.6508 | SNR: 16.83 dB | Eff. Rank: 129.9 | GradNorm: 1.15 | Throughput: 969.4 aud-s/s | LR: 1.67e-04
2026-09-24T15:46:20.278 >>> [Phase 3 Gate Check @ Step 23750] Short Loss: 0.6787 | Long Loss: 1.0319 | Degradation Ratio: 1.520 | Gate Passed: YES

2026-09-24T15:46:29.129 [E2 Step 23775] | Masked L1: 0.7900 | SNR: 15.54 dB | Eff. Rank: 131.3 | GradNorm: 0.86 | Throughput: 1157.6 aud-s/s | LR: 1.67e-04
2026-09-24T15:46:37.857 [E2 Step 23800] | Masked L1: 0.6804 | SNR: 16.76 dB | Eff. Rank: 130.9 | GradNorm: 0.73 | Throughput: 1290.4 aud-s/s | LR: 1.66e-04
2026-09-24T15:46:40.706  [Artifact] Saved spectrogram plot -> runs\no-splitformer-moe-only\plots\recon_step_023800.png
[Network Relay] Local cache exhausted. Relaying to network for next 10000 samples...
[Network Relay] Cached 10000 samples to chunk_00010.pt (5558.6 MB)
[Cache Quota] Evicted 1 oldest cache shards to stay within 10 limit.
2026-09-24T15:52:02.475 [E2 Step 23825] | Masked L1: 0.8834 | SNR: 15.17 dB | Eff. Rank: 136.6 | GradNorm: 0.79 | Throughput: 1396.3 aud-s/s | LR: 1.66e-04
2026-09-24T15:52:11.238 [E2 Step 23850] | Masked L1: 0.8050 | SNR: 15.60 dB | Eff. Rank: 133.4 | GradNorm: 0.82 | Throughput: 1411.1 aud-s/s | LR: 1.66e-04
2026-09-24T15:52:19.769 [E2 Step 23875] | Masked L1: 0.6464 | SNR: 17.27 dB | Eff. Rank: 130.0 | GradNorm: 0.80 | Throughput: 1201.8 aud-s/s | LR: 1.66e-04
2026-09-24T15:52:28.290 [E2 Step 23900] | Masked L1: 0.5727 | SNR: 17.87 dB | Eff. Rank: 122.3 | GradNorm: 1.13 | Throughput: 1176.3 aud-s/s | LR: 1.65e-04
2026-09-24T15:52:30.732  [Artifact] Saved spectrogram plot -> runs\no-splitformer-moe-only\plots\recon_step_023900.png
2026-09-24T15:52:39.371 [E2 Step 23925] | Masked L1: 0.7510 | SNR: 16.08 dB | Eff. Rank: 128.6 | GradNorm: 0.77 | Throughput: 1358.3 aud-s/s | LR: 1.65e-04
2026-09-24T15:52:47.832 [E2 Step 23950] | Masked L1: 0.9580 | SNR: 13.74 dB | Eff. Rank: 131.5 | GradNorm: 0.83 | Throughput: 1499.7 aud-s/s | LR: 1.65e-04
[Network Relay] Local cache exhausted. Relaying to network for next 10000 samples...
[Network Relay] Cached 10000 samples to chunk_00011.pt (5347.2 MB)
[Cache Quota] Evicted 1 oldest cache shards to stay within 10 limit.
2026-09-24T15:58:51.038 [E2 Step 23975] | Masked L1: 0.6609 | SNR: 17.13 dB | Eff. Rank: 131.6 | GradNorm: 0.88 | Throughput: 1181.8 aud-s/s | LR: 1.65e-04
2026-09-24T15:58:59.700 [E2 Step 24000] | Masked L1: 0.9371 | SNR: 14.37 dB | Eff. Rank: 139.4 | GradNorm: 0.84 | Throughput: 1504.5 aud-s/s | LR: 1.64e-04
2026-09-24T15:59:02.393  [Artifact] Saved spectrogram plot -> runs\no-splitformer-moe-only\plots\recon_step_024000.png
2026-09-24T15:59:02.702 >>> [Phase 3 Gate Check @ Step 24000] Short Loss: 0.6847 | Long Loss: 0.9693 | Degradation Ratio: 1.416 | Gate Passed: YES

2026-09-24T15:59:03.365  [Semantic Checkpoint] Saved to runs\no-splitformer-moe-only\checkpoints\stage1_pretrain

2026-09-24T15:59:03.365  [Early Stop] No improvement (3/5)
2026-09-24T15:59:12.051 [E2 Step 24025] | Masked L1: 0.7565 | SNR: 16.17 dB | Eff. Rank: 133.2 | GradNorm: 1.20 | Throughput: 1321.8 aud-s/s | LR: 1.64e-04
2026-09-24T15:59:20.732 [E2 Step 24050] | Masked L1: 0.6804 | SNR: 16.58 dB | Eff. Rank: 131.8 | GradNorm: 0.72 | Throughput: 1227.2 aud-s/s | LR: 1.64e-04
2026-09-24T15:59:29.549 [E2 Step 24075] | Masked L1: 0.4835 | SNR: 19.21 dB | Eff. Rank: 132.1 | GradNorm: 1.03 | Throughput: 901.4 aud-s/s | LR: 1.64e-04
2026-09-24T15:59:38.323 [E2 Step 24100] | Masked L1: 0.5605 | SNR: 18.73 dB | Eff. Rank: 130.9 | GradNorm: 0.73 | Throughput: 1244.1 aud-s/s | LR: 1.63e-04
2026-09-24T15:59:41.016  [Artifact] Saved spectrogram plot -> runs\no-splitformer-moe-only\plots\recon_step_024100.png
[Network Relay] Local cache exhausted. Relaying to network for next 10000 samples...
'The read operation timed out' thrown while requesting GET https://huggingface.co/datasets/ARTPARK-IISc/Vaani/resolve/9e6ed4f94f7060e633cbc500480623ae7521522c/audio/Marathi/train-00021-of-00232.parquet
Retrying in 1s [Retry 1/5].
'The read operation timed out' thrown while requesting GET https://huggingface.co/datasets/ai4bharat/Shrutilipi/resolve/f4beb2f2cfaeae5a8fc28808f85165fec1cb19b3/marathi/train-00018-of-00085.parquet
Retrying in 1s [Retry 1/5].
'timed out' thrown while requesting GET https://huggingface.co/datasets/ARTPARK-IISc/Vaani/resolve/9e6ed4f94f7060e633cbc500480623ae7521522c/audio/Marathi/train-00021-of-00232.parquet
Retrying in 2s [Retry 2/5].
'timed out' thrown while requesting GET https://huggingface.co/datasets/ai4bharat/Shrutilipi/resolve/f4beb2f2cfaeae5a8fc28808f85165fec1cb19b3/marathi/train-00018-of-00085.parquet
Retrying in 2s [Retry 2/5].
'timed out' thrown while requesting GET https://huggingface.co/datasets/ARTPARK-IISc/Vaani/resolve/9e6ed4f94f7060e633cbc500480623ae7521522c/audio/Marathi/train-00021-of-00232.parquet
Retrying in 4s [Retry 3/5].
'timed out' thrown while requesting GET https://huggingface.co/datasets/ai4bharat/Shrutilipi/resolve/f4beb2f2cfaeae5a8fc28808f85165fec1cb19b3/marathi/train-00018-of-00085.parquet
Retrying in 4s [Retry 3/5].
'[Errno 11001] getaddrinfo failed' thrown while requesting GET https://huggingface.co/datasets/ARTPARK-IISc/Vaani/resolve/9e6ed4f94f7060e633cbc500480623ae7521522c/audio/Marathi/train-00021-of-00232.parquet
Retrying in 8s [Retry 4/5].
'[Errno 11001] getaddrinfo failed' thrown while requesting GET https://huggingface.co/datasets/ai4bharat/Shrutilipi/resolve/f4beb2f2cfaeae5a8fc28808f85165fec1cb19b3/marathi/train-00018-of-00085.parquet
Retrying in 8s [Retry 4/5].
'[Errno 11001] getaddrinfo failed' thrown while requesting GET https://huggingface.co/datasets/ARTPARK-IISc/Vaani/resolve/9e6ed4f94f7060e633cbc500480623ae7521522c/audio/Marathi/train-00021-of-00232.parquet
Retrying in 8s [Retry 5/5].
'[Errno 11001] getaddrinfo failed' thrown while requesting GET https://huggingface.co/datasets/ai4bharat/Shrutilipi/resolve/f4beb2f2cfaeae5a8fc28808f85165fec1cb19b3/marathi/train-00018-of-00085.parquet
Retrying in 8s [Retry 5/5].
'[Errno 11001] getaddrinfo failed' thrown while requesting GET https://huggingface.co/datasets/ai4bharat/Shrutilipi/resolve/f4beb2f2cfaeae5a8fc28808f85165fec1cb19b3/marathi/train-00018-of-00085.parquet
'[Errno 11001] getaddrinfo failed' thrown while requesting GET https://huggingface.co/datasets/ARTPARK-IISc/Vaani/resolve/9e6ed4f94f7060e633cbc500480623ae7521522c/audio/Marathi/train-00021-of-00232.parquet
[Network Error] [Errno 11001] getaddrinfo failed. Backing off for 2.0s (retry 1/6)...
[Network Relay] Reached end of remote stream.
[Network Relay] Cached 7452 samples to chunk_00012.pt (3403.8 MB)
[Cache Quota] Evicted 1 oldest cache shards to stay within 10 limit.
2026-09-24T16:05:10.150 [E2 Step 24125] | Masked L1: 0.5168 | SNR: 18.18 dB | Eff. Rank: 131.8 | GradNorm: 0.98 | Throughput: 864.1 aud-s/s | LR: 1.63e-04
2026-09-24T16:05:18.097 [E2 Step 24150] | Masked L1: 0.5079 | SNR: 18.50 dB | Eff. Rank: 125.1 | GradNorm: 0.80 | Throughput: 1058.7 aud-s/s | LR: 1.63e-04
2026-09-24T16:05:26.320 [E2 Step 24175] | Masked L1: 0.6261 | SNR: 17.83 dB | Eff. Rank: 126.8 | GradNorm: 0.76 | Throughput: 1234.1 aud-s/s | LR: 1.63e-04
2026-09-24T16:05:34.547 [E2 Step 24200] | Masked L1: 0.6807 | SNR: 17.05 dB | Eff. Rank: 135.3 | GradNorm: 1.06 | Throughput: 1126.3 aud-s/s | LR: 1.62e-04
2026-09-24T16:05:36.727  [Artifact] Saved spectrogram plot -> runs\no-splitformer-moe-only\plots\recon_step_024200.png
2026-09-24T16:05:45.010 [E2 Step 24225] | Masked L1: 0.5554 | SNR: 18.29 dB | Eff. Rank: 129.7 | GradNorm: 0.95 | Throughput: 1013.9 aud-s/s | LR: 1.62e-04
[Dataset] Epoch 2 stream completed. Processed 127,452 samples.
[Prefetcher] Stream pass completed.

2026-09-24T16:05:52.722 [Epoch 2/5 Complete] Steps: 1,992 | Cumulative steps: 24,239 | Processed: 2457.88 hrs

===========================================================================
2026-09-24T16:05:53.254 [Epoch 3/5] Commencing Training Pass
===========================================================================

[Network Relay] Opening remote dataset stream for shard 00000...
[Network Relay] Local cache exhausted. Relaying to network for next 10000 samples...
'[Errno 11001] getaddrinfo failed' thrown while requesting HEAD https://huggingface.co/datasets/ai4bharat/Shrutilipi/resolve/f4beb2f2cfaeae5a8fc28808f85165fec1cb19b3/Shrutilipi.py
Retrying in 1s [Retry 1/5].
'[Errno 11001] getaddrinfo failed' thrown while requesting HEAD https://huggingface.co/datasets/ai4bharat/Shrutilipi/resolve/f4beb2f2cfaeae5a8fc28808f85165fec1cb19b3/Shrutilipi.py
Retrying in 2s [Retry 2/5].
'[Errno 11001] getaddrinfo failed' thrown while requesting HEAD https://huggingface.co/datasets/ai4bharat/Shrutilipi/resolve/f4beb2f2cfaeae5a8fc28808f85165fec1cb19b3/Shrutilipi.py
Retrying in 4s [Retry 3/5].
'[Errno 11001] getaddrinfo failed' thrown while requesting HEAD https://huggingface.co/datasets/ai4bharat/Shrutilipi/resolve/f4beb2f2cfaeae5a8fc28808f85165fec1cb19b3/Shrutilipi.py
Retrying in 8s [Retry 4/5].
'[Errno 11001] getaddrinfo failed' thrown while requesting HEAD https://huggingface.co/datasets/ai4bharat/Shrutilipi/resolve/f4beb2f2cfaeae5a8fc28808f85165fec1cb19b3/Shrutilipi.py
Retrying in 8s [Retry 5/5].
'[Errno 11001] getaddrinfo failed' thrown while requesting HEAD https://huggingface.co/datasets/ai4bharat/Shrutilipi/resolve/f4beb2f2cfaeae5a8fc28808f85165fec1cb19b3/Shrutilipi.py
[Network Error] [Errno 11001] getaddrinfo failed. Backing off for 2.0s (retry 1/6)...
[Network Relay] Reached end of remote stream.
[Cache] Chunk 0 unavailable (attempt 1/3). Trying next...
[Dataset] Epoch 3 stream completed. Processed 0 samples.
[Prefetcher] Stream pass completed.

2026-09-24T16:07:02.802 [Epoch 3/5 Complete] Steps: 0 | Cumulative steps: 24,239 | Processed: 2457.88 hrs

===========================================================================
2026-09-24T16:07:03.902 [Epoch 4/5] Commencing Training Pass
===========================================================================

[Dataset] Epoch 4 stream completed. Processed 0 samples.
[Prefetcher] Stream pass completed.

2026-09-24T16:07:03.904 [Epoch 4/5 Complete] Steps: 0 | Cumulative steps: 24,239 | Processed: 2457.88 hrs

===========================================================================
2026-09-24T16:07:04.704 [Epoch 5/5] Commencing Training Pass
===========================================================================

[Dataset] Epoch 5 stream completed. Processed 0 samples.
[Prefetcher] Stream pass completed.

2026-09-24T16:07:04.706 [Epoch 5/5 Complete] Steps: 0 | Cumulative steps: 24,239 | Processed: 2457.88 hrs

2026-09-24T16:07:05.417 [Completed] Pretraining finished! Processed 2457.88 hours of speech across 5 epochs.
