step,timestamp,reward_mean,reward_std,reward_min,reward_max,dynamic_cer,expert_cer_e0,expert_cer_e1,expert_cer_e2,oracle_expert_cer,router_load_e0,router_load_e1,router_load_e2,dialect_acc,loss_total,loss_grpo_surr,loss_ctc,router_entropy,clip_fraction,advantage_spread,grad_norm,lr_router,throughput_aud_s_per_s,step_time_sec
1,1790886771.4896674,-0.5356,0.0712,-0.8231,-0.2338,0.3765,0.455,0.3622,0.3949,0.3314,0.3451,0.3286,0.3263,0.0,0.2524,-0.0,1.3707,1.085,0.0,2.28,0.0,0.0,11.1,4.7
2,1790886772.3090541,-0.5355,0.0407,-0.6724,-0.3674,0.465,0.4126,0.3663,0.4125,0.3505,0.3416,0.3297,0.3286,0.0,0.3437,-0.0,1.8267,1.082,0.0,2.309,0.0,0.0,80.8,0.8
3,1790886773.1179225,-0.5704,0.0898,-0.8256,-0.295,0.474,0.475,0.5087,0.3253,0.3253,0.3393,0.3301,0.3307,0.0,0.3219,-0.0,1.718,1.083,0.0,2.241,0.0,0.0,95.8,0.8
4,1790886773.7498941,-0.4558,0.0529,-0.7556,-0.1968,0.2711,0.359,0.3154,0.3052,0.2772,0.3432,0.3319,0.3249,0.0,0.1637,-0.0,0.927,1.086,0.0,2.307,0.0,0.0,155.8,0.62
5,1790886774.5290833,-0.5107,0.0343,-0.7455,-0.2489,0.3813,0.3725,0.3929,0.3716,0.3399,0.3408,0.3332,0.326,0.0,0.2763,-0.0,1.4899,1.085,0.0,2.308,0.0,0.0,67.3,0.77
6,1790886775.3262208,-0.5066,0.1057,-0.811,-0.1968,0.3623,0.489,0.3687,0.2746,0.271,0.341,0.3326,0.3265,0.0,0.2607,-0.0,1.4121,1.084,0.0,2.295,0.0,0.0,85.3,0.79
7,1790886775.9617019,-0.4925,0.0517,-0.6375,-0.2988,0.3563,0.3411,0.3217,0.4033,0.3046,0.3436,0.3308,0.3256,0.0,0.2291,-0.0,1.2538,1.083,0.0,2.289,0.0,0.0,128.0,0.63
8,1790886776.686362,-0.4869,0.0517,-0.676,-0.283,0.2873,0.2971,0.3924,0.3585,0.2882,0.3419,0.3342,0.3239,0.0,0.1758,-0.0,0.9873,1.085,0.0,2.309,0.399,6.666666666666667e-07,149.6,0.72
9,1790886777.2521093,-0.6049,0.106,-0.8591,-0.3106,0.4561,0.3653,0.5916,0.438,0.3579,0.3418,0.3282,0.33,0.0,0.286,-0.0,1.5382,1.082,0.0,2.267,0.0,6.666666666666667e-07,95.7,0.56
10,1790886777.8487728,-0.4584,0.0662,-0.7147,-0.1897,0.2978,0.3231,0.3833,0.2838,0.2684,0.3439,0.3323,0.3239,0.0,0.2057,-0.0,1.1371,1.085,0.0,2.293,0.0,6.666666666666667e-07,120.3,0.59
11,1790886778.4566736,-0.3865,0.0454,-0.6598,-0.1813,0.2984,0.2953,0.2831,0.254,0.2343,0.3437,0.3318,0.3245,0.0,0.1933,-0.0,1.075,1.084,0.0,2.309,0.0,6.666666666666667e-07,144.8,0.6
12,1790886779.0594187,-0.4253,0.0417,-0.7485,-0.1553,0.2962,0.3183,0.2743,0.2969,0.263,0.3424,0.3313,0.3263,0.0,0.2058,-0.0,1.1375,1.086,0.0,2.284,0.0,6.666666666666667e-07,198.4,0.59
13,1790886779.6227944,-0.5916,0.0921,-0.8802,-0.2731,0.428,0.5227,0.497,0.352,0.352,0.3465,0.3251,0.3284,0.0,0.2946,-0.0,1.5813,1.082,0.0,2.309,0.0,6.666666666666667e-07,98.0,0.56
14,1790886780.1977553,-0.4926,0.0501,-0.7517,-0.2471,0.3599,0.3339,0.394,0.3677,0.3137,0.3471,0.3281,0.3248,0.0,0.2511,-0.0,1.3639,1.083,0.0,2.303,0.0,6.666666666666667e-07,112.5,0.57
15,1790886780.6996298,-0.4375,0.0578,-0.6412,-0.1711,0.377,0.2914,0.3469,0.2666,0.2429,0.344,0.3307,0.3254,0.0,0.2518,-0.0,1.3674,1.084,0.0,2.298,0.0,6.666666666666667e-07,156.3,0.49
16,1790886781.316991,-0.5155,0.078,-1.0329,-0.1794,0.465,0.4507,0.4177,0.3103,0.3103,0.3384,0.3309,0.3307,0.0,0.3403,-0.0,1.8098,1.084,0.0,2.273,0.821,1.3333333333333334e-06,175.6,0.61
17,1790886781.872124,-0.5195,0.1003,-0.8318,-0.1509,0.4547,0.425,0.463,0.285,0.285,0.3414,0.3281,0.3305,0.0,0.3212,-0.0,1.7142,1.083,0.0,2.306,0.0,1.3333333333333334e-06,102.4,0.55
18,1790886782.4351013,-0.5285,0.0516,-0.7412,-0.2972,0.382,0.3841,0.3881,0.4089,0.3361,0.341,0.3346,0.3245,0.0,0.2743,-0.0,1.4799,1.083,0.0,2.306,0.0,1.3333333333333334e-06,128.5,0.56
19,1790886782.9567778,-0.4732,0.0804,-0.9109,-0.2408,0.3648,0.4279,0.2984,0.2969,0.2695,0.3393,0.3362,0.3245,0.0,0.2348,-0.0,1.2823,1.083,0.0,2.303,0.0,1.3333333333333334e-06,164.3,0.51
20,1790886783.5125146,-0.3923,0.0601,-0.6734,-0.0648,0.3357,0.2579,0.345,0.2344,0.2245,0.3409,0.3295,0.3297,0.0,0.208,-0.0,1.1485,1.085,0.0,2.304,0.0,1.3333333333333334e-06,190.9,0.55
21,1790886784.0807948,-0.5443,0.1234,-0.8643,-0.2707,0.3604,0.3599,0.5632,0.3164,0.2946,0.3435,0.3295,0.327,0.0,0.2643,0.0,1.4301,1.084,0.0,2.309,0.0,1.3333333333333334e-06,92.3,0.56
22,1790886784.6486714,-0.4398,0.0675,-0.7556,-0.1562,0.3845,0.3869,0.3047,0.2819,0.2676,0.3456,0.3303,0.3241,0.0,0.2448,-0.0,1.332,1.082,0.0,2.213,0.0,1.3333333333333334e-06,119.4,0.56
23,1790886785.2332032,-0.5001,0.0926,-0.8417,-0.1797,0.4159,0.3166,0.3163,0.4861,0.2966,0.3422,0.3342,0.3236,0.0,0.292,0.0,1.5683,1.083,0.0,2.287,0.0,1.3333333333333334e-06,141.2,0.57
24,1790886785.8656018,-0.4682,0.0548,-0.7188,-0.2128,0.3018,0.3758,0.3603,0.2889,0.2828,0.3399,0.3343,0.3258,0.0,0.2025,-0.0,1.1209,1.085,0.0,2.308,0.625,2.0000000000000003e-06,176.3,0.62
25,1790886786.4113576,-0.5398,0.0698,-0.7979,-0.3233,0.4044,0.4393,0.455,0.3442,0.3418,0.3382,0.3358,0.326,0.0,0.2912,-0.0,1.5645,1.083,0.0,2.309,0.0,2.0000000000000003e-06,95.2,0.54
26,1790886790.848394,-0.4763,0.0857,-0.786,-0.1225,0.3897,0.4342,0.2641,0.3539,0.2641,0.3431,0.3308,0.3261,0.0,0.2547,-0.0,1.3817,1.083,0.0,2.293,0.0,2.0000000000000003e-06,87.5,0.75
27,1790886791.369,-0.5186,0.0556,-0.744,-0.312,0.3812,0.3771,0.4099,0.3507,0.322,0.3413,0.3373,0.3214,0.0,0.2496,-0.0,1.356,1.082,0.0,2.307,0.0,2.0000000000000003e-06,156.0,0.51
28,1790886791.9327385,-0.3746,0.046,-0.7764,-0.1984,0.2863,0.2601,0.2998,0.2388,0.2207,0.3408,0.3312,0.328,0.0,0.1972,-0.0,1.0948,1.086,0.0,2.305,0.0,2.0000000000000003e-06,184.3,0.55
29,1790886792.4815836,-0.5386,0.0752,-0.7958,-0.3082,0.4529,0.4716,0.3354,0.4125,0.3306,0.3444,0.3306,0.325,0.0,0.3103,-0.0,1.6596,1.082,0.0,2.305,0.0,2.0000000000000003e-06,110.3,0.54
30,1790886793.0251346,-0.4686,0.0552,-0.7592,-0.2224,0.3667,0.3474,0.3713,0.2925,0.2712,0.3492,0.3249,0.3259,0.0,0.2625,-0.0,1.4206,1.082,0.0,2.259,0.0,2.0000000000000003e-06,139.7,0.53
31,1790886793.5756998,-0.4211,0.0441,-0.6659,-0.3065,0.3552,0.3002,0.3393,0.2555,0.2454,0.3454,0.3283,0.3263,0.0,0.2291,-0.0,1.2541,1.084,0.0,2.247,0.0,2.0000000000000003e-06,158.3,0.54
32,1790886794.1987364,-0.488,0.0606,-0.8597,-0.2557,0.2965,0.4022,0.3506,0.305,0.2921,0.3424,0.3306,0.327,0.0,0.2022,-0.0,1.1197,1.086,0.0,2.309,0.78,2.666666666666667e-06,166.7,0.61
33,1790886794.707576,-0.5947,0.0587,-0.8167,-0.2462,0.5217,0.5001,0.4483,0.4245,0.3979,0.3403,0.326,0.3337,0.0,0.3992,-0.0,2.1042,1.084,0.0,2.309,0.0,2.666666666666667e-06,99.1,0.5
34,1790886795.270369,-0.4572,0.0619,-0.6921,-0.1472,0.4368,0.2904,0.3686,0.3422,0.272,0.3426,0.3275,0.3298,0.0,0.3137,-0.0,1.6768,1.084,0.0,2.297,0.0,2.666666666666667e-06,111.5,0.56
35,1790886795.8129196,-0.4872,0.0311,-0.68,-0.3108,0.4041,0.347,0.3568,0.3687,0.3205,0.345,0.3318,0.3232,0.0,0.2967,-0.0,1.5919,1.081,0.0,2.28,0.0,2.666666666666667e-06,140.9,0.53
36,1790886796.4063945,-0.4972,0.0472,-0.7764,-0.1964,0.2876,0.3495,0.3312,0.4109,0.3218,0.3429,0.3304,0.3266,0.0,0.196,-0.0,1.0885,1.084,0.0,2.28,0.0,2.666666666666667e-06,170.0,0.59
37,1790886796.9887443,-0.5861,0.0709,-0.8626,-0.3472,0.43,0.4312,0.5189,0.3981,0.3771,0.3461,0.323,0.3308,0.0,0.3078,-0.0,1.6473,1.084,0.0,2.309,0.0,2.666666666666667e-06,87.2,0.57
38,1790886797.561365,-0.4575,0.056,-0.7194,-0.1897,0.3944,0.3523,0.3596,0.2849,0.2838,0.3427,0.3291,0.3282,0.0,0.2772,-0.0,1.4943,1.084,0.0,2.306,0.0,2.666666666666667e-06,120.3,0.56
39,1790886798.1382182,-0.4485,0.106,-0.8844,-0.1039,0.3812,0.4388,0.2356,0.3174,0.2356,0.3443,0.3277,0.328,0.0,0.2633,-0.0,1.4249,1.083,0.0,2.309,0.0,2.666666666666667e-06,138.5,0.57
40,1790886798.7141023,-0.4213,0.0666,-0.6648,-0.1106,0.3558,0.3062,0.3527,0.2507,0.2394,0.3364,0.3368,0.3268,0.0,0.2345,-0.0,1.281,1.084,0.0,2.309,0.392,3.3333333333333333e-06,184.3,0.57
41,1790886799.2726898,-0.477,0.0545,-0.7138,-0.2205,0.4579,0.33,0.3754,0.3402,0.2947,0.3399,0.331,0.3292,0.0,0.3187,-0.0,1.7018,1.081,0.0,2.29,0.0,3.3333333333333333e-06,108.3,0.55
42,1790886799.8304281,-0.4763,0.0433,-0.7578,-0.202,0.4578,0.3703,0.3382,0.3398,0.3107,0.3376,0.334,0.3283,0.0,0.3138,-0.0,1.6772,1.08,0.0,2.309,0.0,3.3333333333333333e-06,126.1,0.55
43,1790886800.4106596,-0.4958,0.0445,-0.6586,-0.2781,0.3244,0.3671,0.3929,0.3298,0.3176,0.3409,0.3341,0.325,0.0,0.2158,-0.0,1.1872,1.084,0.0,2.296,0.0,3.3333333333333333e-06,139.3,0.57
44,1790886801.019504,-0.5036,0.0844,-0.8146,-0.2953,0.3439,0.4709,0.3192,0.3116,0.2964,0.342,0.3279,0.3301,0.0,0.225,-0.0,1.2337,1.085,0.0,2.216,0.0,3.3333333333333333e-06,168.1,0.6
45,1790886801.5821438,-0.586,0.0689,-0.83,-0.316,0.4303,0.4287,0.4107,0.5032,0.3824,0.3406,0.3318,0.3276,0.0,0.3094,-0.0,1.6552,1.083,0.0,2.307,0.0,3.3333333333333333e-06,97.9,0.55
46,1790886802.1501553,-0.3774,0.0537,-0.6224,-0.1577,0.2834,0.2967,0.207,0.2784,0.2008,0.3451,0.3298,0.3251,0.0,0.1838,-0.0,1.0276,1.086,0.0,2.258,0.0,3.3333333333333333e-06,124.1,0.56
47,1790886802.740708,-0.449,0.057,-0.7571,-0.238,0.4033,0.2831,0.3773,0.3077,0.2689,0.3412,0.3339,0.3249,0.0,0.2657,-0.0,1.437,1.083,0.0,2.308,0.0,3.3333333333333333e-06,148.2,0.58
48,1790886803.320323,-0.526,0.1239,-0.8659,-0.219,0.3069,0.541,0.3561,0.2804,0.279,0.3452,0.3311,0.3236,0.0,0.2107,-0.0,1.1622,1.085,0.0,2.24,0.541,4.000000000000001e-06,183.7,0.57
49,1790886803.8228571,-0.6018,0.092,-0.9047,-0.3075,0.3555,0.361,0.5266,0.5012,0.3505,0.342,0.3303,0.3278,0.0,0.2463,0.0,1.34,1.084,0.0,2.309,0.0,4.000000000000001e-06,104.9,0.5
50,1790886804.3460224,-0.5055,0.0614,-0.7775,-0.1962,0.4844,0.3873,0.4005,0.3039,0.3028,0.3408,0.325,0.3342,0.0,0.3401,0.0,1.8088,1.082,0.0,2.309,0.0,4.000000000000001e-06,132.5,0.52
51,1790886806.8918264,-0.4783,0.1054,-0.8674,-0.1566,0.3891,0.4265,0.2312,0.4021,0.2312,0.3467,0.33,0.3233,0.0,0.2516,-0.0,1.3664,1.082,0.0,2.281,0.0,4.000000000000001e-06,117.8,0.74
52,1790886807.4995334,-0.5032,0.0512,-0.8257,-0.2257,0.3734,0.3533,0.4192,0.3453,0.323,0.3406,0.3304,0.329,0.0,0.2624,-0.0,1.4205,1.084,0.0,2.287,0.0,4.000000000000001e-06,193.4,0.6
53,1790886808.0346367,-0.5342,0.0782,-0.7633,-0.2433,0.4276,0.4212,0.4719,0.325,0.3186,0.3459,0.3267,0.3274,0.0,0.3045,-0.0,1.6308,1.084,0.0,2.28,0.0,4.000000000000001e-06,96.0,0.53
54,1790886808.5726855,-0.4877,0.0645,-0.6708,-0.1527,0.3248,0.3125,0.4065,0.3574,0.3004,0.3435,0.3316,0.3248,0.0,0.2125,-0.0,1.1711,1.084,0.0,2.309,0.0,4.000000000000001e-06,122.0,0.53
55,1790886809.1285703,-0.5083,0.0479,-0.8605,-0.2619,0.431,0.3681,0.3965,0.3547,0.3233,0.3428,0.3306,0.3265,0.0,0.2812,-0.0,1.5141,1.082,0.0,2.302,0.0,4.000000000000001e-06,140.4,0.55
56,1790886809.7221968,-0.4596,0.0854,-0.8786,-0.2285,0.2744,0.3064,0.2474,0.426,0.2474,0.3434,0.3334,0.3233,0.0,0.1694,-0.0,0.9556,1.086,0.0,2.308,0.416,4.666666666666667e-06,174.2,0.59
57,1790886810.274405,-0.5322,0.0384,-0.8442,-0.2939,0.5095,0.4267,0.389,0.3947,0.3615,0.3422,0.321,0.3368,0.0,0.394,-0.0,2.0782,1.081,0.0,2.301,0.0,4.666666666666667e-06,102.3,0.54
58,1790886810.8173354,-0.4932,0.0552,-0.7141,-0.2925,0.3091,0.3912,0.3677,0.3174,0.303,0.341,0.336,0.323,0.0,0.2109,-0.0,1.163,1.083,0.0,2.309,0.0,4.666666666666667e-06,121.1,0.53
59,1790886811.3855278,-0.428,0.0879,-0.7356,-0.2366,0.251,0.3076,0.2109,0.3926,0.2109,0.3452,0.3326,0.3222,0.0,0.1526,-0.0,0.8713,1.085,0.0,2.309,0.0,4.666666666666667e-06,146.0,0.56
60,1790886811.993519,-0.4126,0.0636,-0.7024,-0.2255,0.4499,0.3479,0.2471,0.2787,0.2345,0.3416,0.3302,0.3282,0.0,0.2927,-0.0,1.5716,1.082,0.0,2.293,0.0,4.666666666666667e-06,178.8,0.6
61,1790886812.551923,-0.5847,0.0583,-0.775,-0.2961,0.4236,0.4102,0.4382,0.5123,0.3959,0.3403,0.3281,0.3317,0.0,0.3208,-0.0,1.7126,1.084,0.0,2.309,0.0,4.666666666666667e-06,99.5,0.55
62,1790886813.0863795,-0.5616,0.0773,-0.8366,-0.1918,0.3757,0.4241,0.5155,0.3524,0.345,0.3455,0.3336,0.3209,0.0,0.2642,-0.0,1.4294,1.082,0.0,2.306,0.0,4.666666666666667e-06,131.4,0.53
63,1790886813.668796,-0.4118,0.0477,-0.6611,-0.1688,0.3744,0.2697,0.2864,0.325,0.2504,0.3458,0.3311,0.3231,0.0,0.2398,-0.0,1.3074,1.082,0.0,2.309,0.0,4.666666666666667e-06,139.4,0.57
64,1790886814.2149153,-0.487,0.0568,-0.8695,-0.2296,0.3996,0.3108,0.4108,0.325,0.2994,0.3419,0.3305,0.3276,0.0,0.2648,-0.0,1.4323,1.083,0.0,2.295,0.179,5.333333333333334e-06,191.1,0.54
65,1790886814.7892144,-0.5454,0.0607,-0.8439,-0.3272,0.3785,0.3846,0.4239,0.4321,0.3569,0.3415,0.3289,0.3296,0.0,0.3102,-0.0,1.6597,1.085,0.0,2.309,0.0,5.333333333333334e-06,101.2,0.57
66,1790886815.3913147,-0.5258,0.0964,-0.9913,-0.2646,0.3373,0.44,0.295,0.4521,0.2924,0.3454,0.3289,0.3257,0.0,0.2149,-0.0,1.1828,1.085,0.0,2.308,0.0,5.333333333333334e-06,113.4,0.59
67,1790886815.985032,-0.5254,0.078,-0.8362,-0.2906,0.3059,0.4455,0.3152,0.4041,0.3085,0.3388,0.3336,0.3276,0.0,0.2088,-0.0,1.1523,1.084,0.0,2.285,0.0,5.333333333333334e-06,142.9,0.58
68,1790886817.350551,-0.421,0.0461,-0.6649,-0.209,0.3315,0.2638,0.2877,0.346,0.2533,0.3435,0.335,0.3215,0.0,0.2161,-0.0,1.1888,1.082,0.0,2.295,0.0,5.333333333333334e-06,72.2,1.36
69,1790886818.234528,-0.486,0.0865,-0.7613,-0.1957,0.3518,0.4446,0.3587,0.2873,0.2816,0.3454,0.3277,0.3268,0.0,0.2429,-0.0,1.3227,1.085,0.0,2.267,0.0,5.333333333333334e-06,59.1,0.87
70,1790886818.8344646,-0.5277,0.0707,-0.8693,-0.1957,0.4454,0.3744,0.339,0.4624,0.3209,0.339,0.3329,0.3282,0.0,0.3236,-0.0,1.7262,1.081,0.0,2.302,0.0,5.333333333333334e-06,114.5,0.59
71,1790886819.7536864,-0.5064,0.072,-0.777,-0.2489,0.5541,0.3229,0.3534,0.4591,0.3026,0.3373,0.3282,0.3345,0.0,0.3819,-0.0,2.0178,1.081,0.0,2.305,0.0,5.333333333333334e-06,82.9,0.91
72,1790886820.3078268,-0.4499,0.0955,-0.7703,-0.1612,0.2896,0.2568,0.4359,0.2582,0.2354,0.3434,0.3315,0.3251,0.0,0.1874,-0.0,1.0455,1.085,0.0,2.111,0.566,6e-06,172.4,0.55
73,1790886820.8724413,-0.5073,0.0665,-0.7587,-0.2917,0.3846,0.4278,0.3388,0.3717,0.3153,0.3407,0.3315,0.3278,0.0,0.2479,-0.0,1.3479,1.085,0.0,2.255,0.0,6e-06,106.5,0.56
74,1790886821.5022082,-0.5327,0.0842,-0.9041,-0.3025,0.3102,0.4809,0.3849,0.351,0.3252,0.344,0.3299,0.326,0.0,0.2241,-0.0,1.2289,1.085,0.0,2.305,0.0,6e-06,111.8,0.62
75,1790886822.3476856,-0.4503,0.0516,-0.6609,-0.1409,0.4019,0.3508,0.3376,0.2875,0.2668,0.3435,0.3294,0.3271,0.0,0.269,-0.0,1.4535,1.083,0.0,2.309,0.0,6e-06,94.9,0.84
76,1790886824.8420935,-0.4652,0.0658,-0.9076,-0.2101,0.3183,0.3123,0.4075,0.2841,0.2742,0.3382,0.332,0.3299,0.0,0.219,-0.0,1.2036,1.084,0.0,2.309,0.0,6e-06,144.6,0.77
77,1790886825.3581688,-0.5779,0.0724,-0.9459,-0.3174,0.4598,0.4202,0.3954,0.5074,0.3695,0.345,0.3227,0.3322,0.0,0.3255,-0.0,1.7354,1.081,0.0,2.308,0.0,6e-06,105.9,0.51
78,1790886825.9165428,-0.4799,0.0568,-0.6639,-0.1202,0.5417,0.3158,0.4038,0.3297,0.2962,0.3425,0.3255,0.332,0.0,0.3744,-0.0,1.9799,1.081,0.0,2.254,0.0,6e-06,122.5,0.55
79,1790886826.4709208,-0.4637,0.0773,-0.8102,-0.1861,0.3674,0.317,0.4286,0.2683,0.2683,0.3459,0.33,0.3241,0.0,0.2383,-0.0,1.2998,1.082,0.0,2.303,0.0,6e-06,147.1,0.55
80,1790886827.0774226,-0.4905,0.0884,-0.84,-0.1825,0.2616,0.4529,0.2766,0.3171,0.2604,0.343,0.3304,0.3266,0.0,0.1573,-0.0,0.8952,1.086,0.0,2.278,0.618,6.666666666666667e-06,183.3,0.6
81,1790886827.603068,-0.5834,0.0694,-0.7864,-0.2698,0.4115,0.4055,0.5289,0.4169,0.3845,0.3421,0.3268,0.3311,0.0,0.2729,-0.0,1.4732,1.085,0.0,2.296,0.0,6.666666666666667e-06,99.7,0.52
82,1790886828.1725678,-0.5076,0.0492,-0.7465,-0.2477,0.3975,0.3897,0.3989,0.3549,0.3272,0.3435,0.3276,0.3289,0.0,0.2848,-0.0,1.5325,1.083,0.0,2.309,0.0,6.666666666666667e-06,108.5,0.56
83,1790886828.7278433,-0.4572,0.0409,-0.6357,-0.2542,0.3885,0.3162,0.3005,0.3532,0.2829,0.3447,0.332,0.3233,0.0,0.2632,-0.0,1.4242,1.082,0.0,2.301,0.0,6.666666666666667e-06,136.8,0.55
84,1790886829.3172486,-0.3888,0.0355,-0.5637,-0.188,0.258,0.2647,0.2649,0.255,0.2263,0.3425,0.3359,0.3217,0.0,0.161,-0.0,0.9134,1.085,0.0,2.304,0.0,6.666666666666667e-06,184.3,0.58
85,1790886829.8534956,-0.5115,0.0876,-0.8734,-0.2023,0.4979,0.4575,0.2959,0.3996,0.2959,0.3345,0.3339,0.3316,0.0,0.3545,-0.0,1.881,1.083,0.0,2.295,0.0,6.666666666666667e-06,105.2,0.53
86,1790886830.3871887,-0.5571,0.0695,-0.8762,-0.2926,0.4196,0.3924,0.3835,0.4904,0.3634,0.3424,0.3292,0.3284,0.0,0.2824,-0.0,1.5203,1.083,0.0,2.3,0.0,6.666666666666667e-06,127.5,0.53
87,1790886830.921907,-0.4366,0.0549,-0.6628,-0.1283,0.3419,0.314,0.2793,0.3562,0.2605,0.3437,0.3339,0.3224,0.0,0.2249,-0.0,1.2329,1.085,0.0,2.289,0.0,6.666666666666667e-06,143.4,0.53
88,1790886831.5347462,-0.4212,0.0803,-0.8327,-0.1206,0.2696,0.2647,0.2521,0.3888,0.2336,0.3437,0.3324,0.324,0.0,0.175,0.0,0.9834,1.086,0.0,2.258,0.369,7.333333333333334e-06,164.8,0.6
89,1790886832.0659127,-0.5922,0.0616,-0.9272,-0.3012,0.4785,0.508,0.4506,0.4042,0.3845,0.3398,0.3273,0.3329,0.0,0.3697,-0.0,1.957,1.082,0.0,2.304,0.0,7.333333333333334e-06,105.2,0.52
90,1790886832.5783012,-0.5025,0.0602,-0.6669,-0.1713,0.5337,0.3934,0.3346,0.3756,0.3148,0.3391,0.3308,0.33,0.0,0.3712,-0.0,1.964,1.08,0.0,2.307,0.0,7.333333333333334e-06,131.8,0.5
91,1790886833.1323504,-0.4631,0.0434,-0.7029,-0.2718,0.2964,0.3518,0.3322,0.3306,0.2921,0.3431,0.3314,0.3255,0.0,0.1979,-0.0,1.0979,1.084,0.0,2.309,0.0,7.333333333333334e-06,143.0,0.55
92,1790886833.8019335,-0.3883,0.0466,-0.6284,-0.0978,0.3151,0.2497,0.2652,0.299,0.226,0.3375,0.3352,0.3273,0.0,0.2069,-0.0,1.1431,1.085,0.0,2.303,0.0,7.333333333333334e-06,151.3,0.66
93,1790886834.3024898,-0.5105,0.0513,-0.7962,-0.3299,0.4415,0.4289,0.3411,0.3494,0.3213,0.344,0.3271,0.3288,0.0,0.3524,-0.0,1.8705,1.083,0.0,2.298,0.0,7.333333333333334e-06,109.3,0.49
94,1790886835.0031168,-0.4678,0.0466,-0.7734,-0.2499,0.3555,0.3044,0.3716,0.3377,0.2889,0.3418,0.332,0.3262,0.0,0.2229,0.0,1.2229,1.083,0.0,2.297,0.0,7.333333333333334e-06,98.8,0.69
95,1790886835.8777406,-0.4222,0.0552,-0.7176,-0.1225,0.264,0.2654,0.3499,0.2787,0.251,0.3416,0.3333,0.325,0.0,0.1795,-0.0,1.0059,1.085,0.0,2.309,0.0,7.333333333333334e-06,90.4,0.87
96,1790886836.5378053,-0.3845,0.0426,-0.5606,-0.1422,0.4086,0.2784,0.2976,0.2456,0.2282,0.3371,0.3307,0.3322,0.0,0.2753,-0.0,1.4848,1.084,0.0,2.302,0.37,8.000000000000001e-06,160.2,0.65
97,1790886837.0189831,-0.5255,0.0464,-0.8167,-0.2853,0.4357,0.4222,0.3929,0.3743,0.3442,0.339,0.3307,0.3303,0.0,0.291,-0.0,1.5631,1.083,0.0,2.309,0.0,8.000000000000001e-06,115.8,0.47
98,1790886837.7402215,-0.485,0.0576,-0.7232,-0.1952,0.4339,0.3964,0.3571,0.322,0.3023,0.3432,0.3305,0.3263,0.0,0.3191,0.0,1.7036,1.082,0.0,2.253,0.0,8.000000000000001e-06,95.9,0.71
99,1790886838.3348758,-0.4558,0.0671,-0.6894,-0.2443,0.2701,0.2918,0.414,0.2873,0.2651,0.3442,0.3317,0.3241,0.0,0.1588,-0.0,0.9024,1.085,0.0,2.305,0.0,8.000000000000001e-06,136.4,0.59
100,1790886839.6611679,-0.4764,0.0395,-0.8706,-0.2179,0.4207,0.3666,0.329,0.3189,0.2989,0.3396,0.329,0.3314,0.0,0.283,-0.0,1.5232,1.083,0.0,2.305,0.0,8.000000000000001e-06,76.0,1.32
101,1790886842.1712177,-0.543,0.052,-0.8725,-0.2867,0.3269,0.3783,0.4523,0.393,0.3597,0.343,0.3307,0.3262,0.0,0.224,-0.0,1.2287,1.085,0.0,2.307,0.0,8.000000000000001e-06,71.9,0.82
102,1790886842.7432864,-0.5508,0.0693,-0.8329,-0.275,0.4288,0.3655,0.4088,0.4732,0.3457,0.3435,0.3306,0.3259,0.0,0.288,-0.0,1.5481,1.082,0.0,2.308,0.0,8.000000000000001e-06,129.3,0.56
103,1790886843.3116841,-0.4316,0.0525,-0.6016,-0.1295,0.326,0.3063,0.2674,0.3465,0.2516,0.3396,0.3355,0.3249,0.0,0.2064,-0.0,1.1405,1.084,0.0,2.309,0.0,8.000000000000001e-06,153.5,0.56
104,1790886843.8653216,-0.4472,0.0916,-0.8035,-0.1317,0.3279,0.3495,0.2316,0.4077,0.2211,0.3417,0.33,0.3283,0.0,0.2097,-0.0,1.157,1.084,0.0,2.306,0.148,8.666666666666668e-06,212.6,0.54
105,1790886844.3961754,-0.5539,0.1456,-0.9278,-0.2825,0.4275,0.345,0.3208,0.6,0.2941,0.3349,0.3328,0.3323,0.0,0.3145,-0.0,1.681,1.086,0.0,2.281,0.0,8.666666666666668e-06,109.7,0.52
106,1790886844.9268355,-0.5468,0.0732,-0.8122,-0.1664,0.3625,0.4635,0.4244,0.3425,0.33,0.3439,0.3296,0.3266,0.0,0.2533,-0.0,1.3748,1.083,0.0,2.299,0.0,8.666666666666668e-06,141.4,0.52
107,1790886845.4382298,-0.5162,0.1005,-0.8204,-0.2313,0.4879,0.4549,0.2803,0.4153,0.2784,0.3438,0.3268,0.3294,0.0,0.3509,-0.0,1.8623,1.08,0.0,2.286,0.0,8.666666666666668e-06,166.8,0.5
108,1790886846.0212033,-0.4813,0.0675,-0.7622,-0.1712,0.3142,0.3067,0.4319,0.3282,0.2881,0.3406,0.3333,0.3261,0.0,0.2088,-0.0,1.1523,1.084,0.0,2.306,0.0,8.666666666666668e-06,188.9,0.58
109,1790886846.5876358,-0.5625,0.051,-0.9179,-0.2425,0.4036,0.417,0.4202,0.4559,0.3748,0.3384,0.3338,0.3278,0.0,0.2953,-0.0,1.5848,1.085,0.0,2.309,0.0,8.666666666666668e-06,99.3,0.56
110,1790886847.1439328,-0.4612,0.0384,-0.671,-0.2095,0.3479,0.3452,0.3473,0.2972,0.2917,0.3418,0.3307,0.3275,0.0,0.2394,-0.0,1.3055,1.083,0.0,2.306,0.0,8.666666666666668e-06,116.7,0.55
111,1790886847.7052987,-0.4811,0.0525,-0.6661,-0.1714,0.3973,0.3753,0.303,0.3658,0.2952,0.3419,0.3311,0.327,0.0,0.2856,-0.0,1.5362,1.082,0.0,2.303,0.0,8.666666666666668e-06,133.1,0.55
112,1790886848.2727518,-0.3542,0.0349,-0.5737,-0.0749,0.2198,0.2452,0.2523,0.2176,0.2025,0.3401,0.3279,0.332,0.0,0.1409,-0.0,0.8131,1.087,0.0,2.307,0.312,9.333333333333334e-06,177.5,0.56
113,1790886848.7908406,-0.4698,0.0417,-0.7697,-0.2359,0.3072,0.3808,0.3365,0.3304,0.307,0.3454,0.3285,0.3262,0.0,0.2403,-0.0,1.31,1.085,0.0,2.288,0.0,9.333333333333334e-06,98.6,0.51
114,1790886849.2818382,-0.4585,0.0533,-0.7833,-0.1934,0.3553,0.3129,0.3084,0.3861,0.2897,0.3435,0.3303,0.3262,0.0,0.2587,-0.0,1.4018,1.084,0.0,2.275,0.0,9.333333333333334e-06,139.0,0.48
115,1790886849.8373632,-0.5638,0.0679,-0.7789,-0.328,0.433,0.4917,0.3794,0.428,0.3651,0.3396,0.3306,0.3299,0.0,0.2924,-0.0,1.5701,1.083,0.0,2.273,0.0,9.333333333333334e-06,147.9,0.55
116,1790886850.3946307,-0.5909,0.1732,-0.9379,-0.2459,0.4718,0.4291,0.277,0.6626,0.277,0.3375,0.3328,0.3297,0.0,0.3103,-0.0,1.6597,1.082,0.0,2.277,0.0,9.333333333333334e-06,202.5,0.55
117,1790886850.9450235,-0.5381,0.0524,-0.7707,-0.3085,0.5201,0.4463,0.3957,0.374,0.3491,0.3385,0.3277,0.3338,0.0,0.3871,-0.0,2.0439,1.083,0.0,2.308,0.0,9.333333333333334e-06,93.1,0.54
118,1790886851.8314183,-0.5201,0.0753,-0.7816,-0.1539,0.4114,0.4686,0.3582,0.348,0.3238,0.3389,0.3302,0.3309,0.0,0.2903,-0.0,1.5598,1.084,0.0,2.299,0.0,9.333333333333334e-06,79.5,0.88
119,1790886852.4275641,-0.455,0.0337,-0.642,-0.2964,0.3353,0.3034,0.3244,0.3296,0.2786,0.3408,0.3336,0.3256,0.0,0.2246,-0.0,1.2313,1.084,0.0,2.3,0.0,9.333333333333334e-06,139.3,0.59
120,1790886853.180924,-0.5157,0.0549,-0.9365,-0.1433,0.3187,0.3623,0.3557,0.4222,0.3312,0.3407,0.3366,0.3227,0.0,0.2255,-0.0,1.236,1.084,0.0,2.273,0.648,1e-05,143.0,0.74
121,1790886853.809087,-0.5665,0.0622,-0.8137,-0.1796,0.4099,0.4443,0.421,0.4422,0.3679,0.3418,0.3306,0.3276,0.0,0.2942,-0.0,1.579,1.082,0.0,2.298,0.0,1e-05,93.5,0.62
122,1790886854.427297,-0.5769,0.0513,-0.8486,-0.3533,0.41,0.399,0.4994,0.4284,0.3917,0.3409,0.3318,0.3273,0.0,0.3066,-0.0,1.6411,1.082,0.0,2.309,0.0,1e-05,110.7,0.61
123,1790886854.9843433,-0.4128,0.0474,-0.6875,-0.1577,0.2696,0.3311,0.2817,0.2755,0.2556,0.3438,0.3336,0.3226,0.0,0.1543,-0.0,0.8802,1.085,0.0,2.309,0.0,1e-05,151.0,0.55
124,1790886855.688495,-0.4775,0.0348,-0.6907,-0.2438,0.4194,0.3537,0.3408,0.3252,0.3084,0.3417,0.33,0.3284,0.0,0.2876,-0.0,1.5465,1.082,0.0,2.284,0.0,1e-05,142.6,0.7
125,1790886856.3061135,-0.5426,0.0644,-0.8687,-0.32,0.4547,0.4607,0.405,0.3833,0.3532,0.3385,0.3292,0.3323,0.0,0.3105,-0.0,1.6607,1.084,0.0,2.309,0.0,1e-05,84.8,0.61
126,1790886858.762536,-0.5229,0.0596,-0.7854,-0.2847,0.3836,0.4042,0.3652,0.4052,0.3355,0.3461,0.3241,0.3297,0.0,0.2704,-0.0,1.4604,1.083,0.0,2.306,0.0,1e-05,92.4,0.73
127,1790886859.3580575,-0.4523,0.0631,-0.7673,-0.2265,0.3636,0.3467,0.2674,0.3676,0.264,0.3422,0.3318,0.3259,0.0,0.2421,-0.0,1.3189,1.082,0.0,2.303,0.0,1e-05,143.8,0.59
128,1790886859.8897858,-0.3837,0.0335,-0.6448,-0.1255,0.2611,0.2859,0.2455,0.2632,0.2358,0.3386,0.3343,0.3271,0.0,0.1561,-0.0,0.8891,1.086,0.0,2.309,0.494,1.0666666666666667e-05,220.5,0.52
129,1790886860.3898542,-0.4727,0.0715,-0.7606,-0.2917,0.446,0.4074,0.3106,0.3066,0.2789,0.3408,0.3251,0.3342,0.0,0.3697,-0.0,1.9567,1.083,0.0,2.306,0.0,1.0666666666666667e-05,102.7,0.49
130,1790886860.981554,-0.4504,0.059,-0.6423,-0.2243,0.3681,0.3662,0.3062,0.3131,0.2721,0.3421,0.3295,0.3284,0.0,0.2431,-0.0,1.3236,1.083,0.0,2.309,0.0,1.0666666666666667e-05,105.3,0.58
131,1790886861.532237,-0.4203,0.0506,-0.6213,-0.1623,0.3814,0.348,0.2813,0.2547,0.2484,0.3398,0.3337,0.3265,0.0,0.2485,-0.0,1.3509,1.084,0.0,2.306,0.0,1.0666666666666667e-05,150.0,0.54
132,1790886862.2106833,-0.5118,0.0658,-0.7887,-0.245,0.3453,0.3807,0.3004,0.4327,0.2996,0.337,0.3308,0.3321,0.0,0.2197,-0.0,1.2072,1.085,0.0,2.309,0.0,1.0666666666666667e-05,177.1,0.67
133,1790886862.72719,-0.5291,0.0729,-0.8929,-0.3507,0.434,0.3987,0.4566,0.3422,0.3287,0.3381,0.3309,0.331,0.0,0.2724,-0.0,1.4704,1.084,0.0,2.308,0.0,1.0666666666666667e-05,104.2,0.51
134,1790886863.2721524,-0.5453,0.102,-0.9625,-0.2204,0.3954,0.4986,0.432,0.3054,0.2952,0.3365,0.3346,0.329,0.0,0.2572,-0.0,1.3945,1.084,0.0,2.261,0.0,1.0666666666666667e-05,128.8,0.54
135,1790886864.0884998,-0.5645,0.0675,-0.9214,-0.3556,0.3312,0.3916,0.4193,0.4621,0.3501,0.3376,0.3384,0.324,0.0,0.2125,-0.0,1.171,1.083,0.0,2.23,0.0,1.0666666666666667e-05,98.3,0.81
136,1790886864.7356267,-0.4333,0.049,-0.6117,-0.2319,0.3076,0.2824,0.3577,0.2744,0.2641,0.3403,0.3317,0.3279,0.0,0.1949,-0.0,1.0832,1.085,0.0,2.305,0.653,1.1333333333333334e-05,169.0,0.64
137,1790886865.287681,-0.5904,0.0719,-0.8231,-0.2867,0.3382,0.5138,0.4594,0.4029,0.3882,0.3398,0.331,0.3293,0.0,0.2437,-0.0,1.3268,1.084,0.0,2.309,0.0,1.1333333333333334e-05,87.4,0.55
138,1790886865.989524,-0.4802,0.0477,-0.643,-0.3119,0.3668,0.3617,0.3256,0.3642,0.307,0.3443,0.3275,0.3281,0.0,0.2497,-0.0,1.3566,1.083,0.0,2.304,0.0,1.1333333333333334e-05,90.4,0.69
139,1790886866.5535078,-0.4846,0.0746,-0.7357,-0.2985,0.3645,0.3205,0.4256,0.312,0.2803,0.3394,0.3317,0.3289,0.0,0.2636,-0.0,1.4264,1.083,0.0,2.309,0.0,1.1333333333333334e-05,125.7,0.56
140,1790886867.471667,-0.432,0.0358,-0.7113,-0.0991,0.3242,0.302,0.3166,0.3005,0.2713,0.3389,0.3283,0.3328,0.0,0.2177,-0.0,1.1969,1.086,0.0,2.296,0.0,1.1333333333333334e-05,103.3,0.91
141,1790886868.1040556,-0.5755,0.0846,-0.7786,-0.2355,0.4061,0.4993,0.346,0.4686,0.3432,0.3444,0.3276,0.328,0.0,0.3101,0.0,1.6587,1.084,0.0,2.302,0.0,1.1333333333333334e-05,96.7,0.63
142,1790886868.8138154,-0.5026,0.0945,-0.95,-0.3141,0.453,0.4888,0.2968,0.3416,0.2947,0.3351,0.3323,0.3327,0.0,0.3353,-0.0,1.785,1.084,0.0,2.305,0.0,1.1333333333333334e-05,102.7,0.7
143,1790886869.392766,-0.4623,0.0352,-0.6938,-0.2774,0.3149,0.3359,0.3504,0.3177,0.3048,0.3401,0.3324,0.3275,0.0,0.1899,-0.0,1.0579,1.085,0.0,2.309,0.0,1.1333333333333334e-05,145.3,0.57
144,1790886870.1972194,-0.5085,0.0757,-0.9045,-0.2418,0.3268,0.4403,0.3797,0.3216,0.3039,0.3374,0.3318,0.3308,0.0,0.2175,-0.0,1.196,1.085,0.0,2.299,0.635,1.2e-05,132.6,0.79
145,1790886870.7518752,-0.5185,0.0548,-0.7915,-0.3114,0.3426,0.3634,0.3935,0.4144,0.3403,0.3353,0.3358,0.3289,0.0,0.2437,-0.0,1.3273,1.086,0.0,2.295,0.0,1.2e-05,96.3,0.55
146,1790886871.308822,-0.5421,0.0474,-0.8342,-0.3102,0.374,0.4103,0.385,0.4206,0.3518,0.3418,0.3291,0.3291,0.0,0.2601,-0.0,1.4088,1.084,0.0,2.295,0.0,1.2e-05,120.9,0.55
147,1790886871.9032145,-0.4176,0.041,-0.644,-0.1861,0.2614,0.2985,0.2718,0.3257,0.2535,0.3445,0.3315,0.324,0.0,0.1724,-0.0,0.9705,1.085,0.0,2.304,0.0,1.2e-05,138.4,0.59
148,1790886872.492745,-0.5797,0.1375,-1.021,-0.3101,0.3746,0.6174,0.3852,0.3257,0.3094,0.3375,0.3345,0.328,0.0,0.2466,-0.0,1.3415,1.083,0.0,2.148,0.0,1.2e-05,187.5,0.58
149,1790886873.0563297,-0.5474,0.0583,-0.7846,-0.3319,0.3448,0.3843,0.4476,0.4039,0.3496,0.3458,0.3307,0.3235,0.0,0.2359,-0.0,1.288,1.085,0.0,2.276,0.0,1.2e-05,105.2,0.56
150,1790886873.856065,-0.5823,0.0448,-0.8731,-0.3105,0.4772,0.4431,0.4152,0.4806,0.3951,0.3407,0.328,0.3314,0.0,0.3628,-0.0,1.9223,1.081,0.0,2.285,0.0,1.2e-05,87.9,0.79
151,1790886876.3178062,-0.5265,0.051,-0.7851,-0.2236,0.3343,0.3899,0.4008,0.3902,0.3458,0.3412,0.3333,0.3255,0.0,0.2192,-0.0,1.2043,1.083,0.0,2.277,0.0,1.2e-05,108.1,0.75
152,1790886876.857568,-0.4925,0.0578,-0.6546,-0.1781,0.3345,0.3747,0.3913,0.3016,0.2955,0.3386,0.3294,0.332,0.0,0.215,-0.0,1.1836,1.086,0.0,2.309,0.182,1.2666666666666668e-05,195.0,0.53
153,1790886877.4121094,-0.4748,0.0981,-0.7457,-0.2235,0.3715,0.431,0.3735,0.2525,0.2484,0.3377,0.33,0.3323,0.0,0.2636,-0.0,1.4263,1.084,0.0,2.288,0.0,1.2666666666666668e-05,88.1,0.55
154,1790886877.958967,-0.4523,0.062,-0.8601,-0.1966,0.4307,0.3446,0.3294,0.3164,0.2739,0.3413,0.331,0.3277,0.0,0.2745,-0.0,1.4807,1.082,0.0,2.289,0.0,1.2666666666666668e-05,121.4,0.54
155,1790886878.4812584,-0.5209,0.0619,-0.7602,-0.276,0.305,0.3417,0.4502,0.3659,0.3241,0.3404,0.3328,0.3268,0.0,0.2165,-0.0,1.1907,1.083,0.0,2.275,0.0,1.2666666666666668e-05,143.2,0.51
156,1790886879.0163004,-0.4463,0.0557,-0.7496,-0.2003,0.3102,0.2642,0.3333,0.3696,0.2626,0.3425,0.3296,0.3278,0.0,0.1925,0.0,1.071,1.085,0.0,2.309,0.0,1.2666666666666668e-05,196.6,0.53
157,1790886879.5828109,-0.4696,0.06,-0.7257,-0.1626,0.3519,0.3,0.3533,0.3852,0.288,0.3405,0.3313,0.3282,0.0,0.2456,-0.0,1.3363,1.085,0.0,2.308,0.0,1.2666666666666668e-05,92.4,0.56
158,1790886880.1344533,-0.5371,0.0648,-0.8114,-0.3116,0.3251,0.355,0.3906,0.4636,0.3347,0.3423,0.331,0.3267,0.0,0.2125,-0.0,1.1708,1.083,0.0,2.303,0.0,1.2666666666666668e-05,130.9,0.54
159,1790886880.6841424,-0.4103,0.0378,-0.7245,-0.1997,0.3032,0.2759,0.2739,0.3264,0.2554,0.339,0.3335,0.3274,0.0,0.1982,-0.0,1.0995,1.085,0.0,2.305,0.0,1.2666666666666668e-05,164.7,0.54
160,1790886881.301999,-0.4645,0.0854,-0.7367,-0.2812,0.2939,0.3596,0.2507,0.393,0.2507,0.3396,0.3316,0.3288,0.0,0.1883,-0.0,1.05,1.085,0.0,2.306,0.429,1.3333333333333333e-05,171.3,0.61
161,1790886881.8600464,-0.5335,0.0513,-0.7957,-0.3324,0.4248,0.4019,0.4176,0.396,0.3502,0.3391,0.3321,0.3288,0.0,0.2985,-0.0,1.6009,1.084,0.0,2.285,0.0,1.3333333333333333e-05,89.1,0.55
162,1790886882.4503615,-0.5397,0.0844,-0.7722,-0.2571,0.3301,0.4595,0.469,0.3165,0.3165,0.3376,0.3353,0.3272,0.0,0.2211,-0.0,1.2136,1.083,0.0,2.237,0.0,1.3333333333333333e-05,109.7,0.58
163,1790886883.0100868,-0.4545,0.0629,-0.8079,-0.1345,0.3692,0.2979,0.3963,0.2947,0.2747,0.342,0.3263,0.3317,0.0,0.2465,-0.0,1.341,1.084,0.0,2.307,0.0,1.3333333333333333e-05,141.9,0.55
164,1790886883.5765479,-0.4829,0.0562,-0.7952,-0.2176,0.416,0.3228,0.387,0.3602,0.2944,0.3374,0.3279,0.3347,0.0,0.2852,-0.0,1.5346,1.084,0.0,2.294,0.0,1.3333333333333333e-05,194.6,0.56
165,1790886884.0998917,-0.4953,0.0529,-0.7952,-0.2374,0.3756,0.3591,0.3482,0.4023,0.3148,0.3366,0.3295,0.3339,0.0,0.2501,-0.0,1.359,1.084,0.0,2.306,0.0,1.3333333333333333e-05,102.7,0.52
166,1790886884.602024,-0.4729,0.0403,-0.6805,-0.2962,0.437,0.3532,0.3345,0.3562,0.312,0.3386,0.332,0.3294,0.0,0.2963,-0.0,1.5898,1.081,0.0,2.273,0.0,1.3333333333333333e-05,133.8,0.49
167,1790886885.1239817,-0.5765,0.1236,-0.8874,-0.1914,0.4127,0.4099,0.3077,0.5797,0.3077,0.3367,0.3377,0.3255,0.0,0.2811,-0.0,1.5139,1.083,0.0,2.309,0.0,1.3333333333333333e-05,141.5,0.51
168,1790886885.7229278,-0.4043,0.0712,-0.622,-0.0952,0.2853,0.356,0.2297,0.2618,0.2261,0.3437,0.3312,0.3251,0.0,0.1839,-0.0,1.0278,1.084,0.0,2.212,0.141,1.4000000000000001e-05,151.4,0.59
169,1790886886.403166,-0.5273,0.0463,-0.8017,-0.3194,0.4336,0.3927,0.3912,0.3975,0.3522,0.3386,0.3293,0.3321,0.0,0.3228,-0.0,1.7224,1.083,0.0,2.309,0.0,1.4000000000000001e-05,85.4,0.67
170,1790886887.0386083,-0.5305,0.1238,-0.9603,-0.1561,0.2921,0.5329,0.3781,0.2893,0.2823,0.3413,0.3311,0.3276,0.0,0.1855,-0.0,1.0361,1.085,0.0,2.295,0.0,1.4000000000000001e-05,105.0,0.63
171,1790886887.7834697,-0.5393,0.1078,-0.9051,-0.2439,0.3793,0.3078,0.532,0.3625,0.2967,0.3418,0.3284,0.3297,0.0,0.2648,-0.0,1.432,1.083,0.0,2.269,0.0,1.4000000000000001e-05,112.6,0.73
172,1790886888.3981173,-0.5754,0.0679,-0.8704,-0.2163,0.4516,0.4073,0.5073,0.4014,0.3666,0.3321,0.3358,0.3321,0.0,0.3016,-0.0,1.6161,1.083,0.0,2.307,0.0,1.4000000000000001e-05,181.4,0.61
173,1790886888.9671044,-0.4747,0.0525,-0.8052,-0.1951,0.4484,0.3159,0.3193,0.4098,0.3042,0.338,0.3289,0.3331,0.0,0.3232,-0.0,1.7242,1.082,0.0,2.309,0.0,1.4000000000000001e-05,94.8,0.56
174,1790886889.5133085,-0.537,0.089,-0.8444,-0.2023,0.3945,0.3376,0.3658,0.5165,0.3266,0.3425,0.3294,0.328,0.0,0.2675,-0.0,1.4459,1.083,0.0,2.309,0.0,1.4000000000000001e-05,117.3,0.54
175,1790886890.068889,-0.4619,0.0547,-0.6926,-0.2608,0.3679,0.3304,0.3776,0.2902,0.2781,0.3382,0.3332,0.3286,0.0,0.2245,-0.0,1.2311,1.084,0.0,2.302,0.0,1.4000000000000001e-05,132.1,0.55
176,1790886892.7011979,-0.4604,0.075,-0.7833,-0.1778,0.4779,0.4103,0.3272,0.2715,0.2632,0.3326,0.3325,0.335,0.0,0.3352,-0.0,1.7844,1.081,0.0,2.308,0.355,1.4666666666666668e-05,147.3,0.71
177,1790886893.2339966,-0.5944,0.1034,-0.8932,-0.3017,0.5564,0.3663,0.4141,0.5842,0.355,0.3346,0.3239,0.3415,0.0,0.4037,-0.0,2.1268,1.083,0.0,2.305,0.0,1.4666666666666668e-05,103.4,0.52
178,1790886893.736644,-0.5636,0.0945,-0.914,-0.2636,0.3881,0.4921,0.3188,0.4705,0.3188,0.3389,0.329,0.3322,0.0,0.2769,-0.0,1.4927,1.084,0.0,2.162,0.0,1.4666666666666668e-05,137.7,0.5
179,1790886894.3176777,-0.4419,0.0593,-0.7604,-0.2346,0.3621,0.2922,0.3888,0.2838,0.2713,0.338,0.3344,0.3276,0.0,0.2319,0.0,1.2679,1.084,0.0,2.277,0.0,1.4666666666666668e-05,160.1,0.57
180,1790886894.9026632,-0.4116,0.0477,-0.784,-0.1873,0.3189,0.2787,0.2749,0.3173,0.2452,0.3371,0.3329,0.33,0.0,0.21,0.0,1.1584,1.084,0.0,2.308,0.0,1.4666666666666668e-05,200.6,0.58
181,1790886895.4285667,-0.541,0.0557,-0.7946,-0.2485,0.3765,0.4469,0.3964,0.3889,0.3558,0.3398,0.3304,0.3297,0.0,0.2485,-0.0,1.3507,1.084,0.0,2.283,0.0,1.4666666666666668e-05,96.1,0.52
182,1790886895.981793,-0.5248,0.0675,-0.7038,-0.2948,0.3162,0.4438,0.3966,0.325,0.3226,0.3402,0.3314,0.3284,0.0,0.2063,-0.0,1.1403,1.086,0.0,2.308,0.0,1.4666666666666668e-05,120.4,0.54
183,1790886896.5180147,-0.5646,0.0511,-0.75,-0.3586,0.3044,0.387,0.4293,0.4523,0.3696,0.3418,0.3339,0.3243,0.0,0.2077,-0.0,1.1471,1.084,0.0,2.309,0.0,1.4666666666666668e-05,150.4,0.53
184,1790886897.1242037,-0.5126,0.0807,-0.7581,-0.1635,0.5689,0.4488,0.3951,0.2991,0.2991,0.3316,0.3293,0.3392,0.0,0.3854,-0.0,2.0351,1.082,0.0,2.293,0.263,1.5333333333333334e-05,157.5,0.6
185,1790886897.6320343,-0.5104,0.0383,-0.8897,-0.2791,0.43,0.3835,0.3886,0.3668,0.3432,0.3403,0.3255,0.3343,0.0,0.3013,-0.0,1.6148,1.084,0.0,2.309,0.0,1.5333333333333334e-05,114.6,0.5
186,1790886898.2319984,-0.4907,0.037,-0.7269,-0.2854,0.3379,0.3943,0.3495,0.3412,0.3319,0.3359,0.3343,0.3298,0.0,0.2383,-0.0,1.3,1.086,0.0,2.277,0.0,1.5333333333333334e-05,114.3,0.59
187,1790886898.7797341,-0.4348,0.094,-0.7354,-0.1461,0.3258,0.2948,0.232,0.4136,0.2267,0.3405,0.3285,0.331,0.0,0.2069,-0.0,1.143,1.085,0.0,2.305,0.0,1.5333333333333334e-05,156.2,0.54
188,1790886899.5359895,-0.457,0.0332,-0.6318,-0.2853,0.3836,0.3115,0.3256,0.3303,0.2895,0.3339,0.333,0.3331,0.0,0.2534,-0.0,1.3757,1.085,0.0,2.309,0.0,1.5333333333333334e-05,151.6,0.75
189,1790886900.1222773,-0.6566,0.0578,-0.8611,-0.476,0.3565,0.4887,0.5137,0.554,0.4641,0.3366,0.333,0.3304,0.0,0.2514,-0.0,1.3653,1.083,0.0,2.309,0.0,1.5333333333333334e-05,87.2,0.58
190,1790886900.6619065,-0.4719,0.0595,-0.7529,-0.202,0.3457,0.3092,0.4098,0.3429,0.2926,0.3393,0.3317,0.329,0.0,0.2247,-0.0,1.2319,1.085,0.0,2.301,0.0,1.5333333333333334e-05,124.1,0.53
191,1790886901.2232115,-0.3577,0.0831,-0.5886,-0.0348,0.279,0.317,0.2461,0.17,0.1601,0.3366,0.3351,0.3283,0.0,0.187,-0.0,1.0437,1.085,0.0,2.276,0.0,1.5333333333333334e-05,138.6,0.55
192,1790886901.9892535,-0.5058,0.0441,-0.7448,-0.2737,0.3863,0.4058,0.327,0.3632,0.318,0.3378,0.331,0.3312,0.0,0.2722,-0.0,1.4696,1.086,0.0,2.309,0.225,1.6000000000000003e-05,131.5,0.76
193,1790886902.5993092,-0.5509,0.0884,-0.8955,-0.3253,0.3794,0.3891,0.3557,0.52,0.3426,0.3403,0.3329,0.3268,0.0,0.2641,-0.0,1.429,1.083,0.0,2.239,0.0,1.6000000000000003e-05,82.1,0.6
194,1790886903.228337,-0.4685,0.045,-0.7006,-0.1937,0.4028,0.3495,0.3462,0.34,0.3022,0.338,0.332,0.33,0.0,0.2873,-0.0,1.5447,1.084,0.0,2.297,0.0,1.6000000000000003e-05,100.4,0.62
195,1790886903.8242598,-0.6414,0.1123,-0.9132,-0.2562,0.381,0.5662,0.5759,0.3662,0.3662,0.3308,0.3382,0.331,0.0,0.2602,-0.0,1.4092,1.083,0.0,2.307,0.0,1.6000000000000003e-05,124.3,0.59
196,1790886904.6328616,-0.3409,0.0382,-0.54,-0.16,0.2496,0.2262,0.2154,0.2241,0.1865,0.3381,0.3318,0.3301,0.0,0.1533,-0.0,0.875,1.086,0.0,2.295,0.0,1.6000000000000003e-05,124.5,0.8
197,1790886905.228889,-0.517,0.0486,-0.7457,-0.3123,0.3649,0.3988,0.3679,0.3942,0.3374,0.3389,0.3295,0.3316,0.0,0.2753,-0.0,1.4849,1.084,0.0,2.298,0.0,1.6000000000000003e-05,86.5,0.59
198,1790886905.9722555,-0.4527,0.0806,-0.6095,-0.1552,0.4147,0.3771,0.3728,0.2372,0.2372,0.3338,0.3348,0.3314,0.0,0.2734,-0.0,1.4754,1.084,0.0,2.305,0.0,1.6000000000000003e-05,94.3,0.74
199,1790886906.622168,-0.5654,0.1299,-0.9318,-0.2436,0.3832,0.3788,0.3116,0.5967,0.3116,0.3402,0.3303,0.3295,0.0,0.2718,-0.0,1.4673,1.083,0.0,2.213,0.0,1.6000000000000003e-05,122.9,0.64
200,1790886907.489836,-0.3901,0.0373,-0.6887,-0.2071,0.3187,0.2494,0.3019,0.2724,0.2398,0.3348,0.3331,0.3322,0.0,0.2137,-0.0,1.1769,1.085,0.0,2.299,0.143,1.6666666666666667e-05,131.5,0.86
201,1790886909.9650817,-0.4943,0.0389,-0.6816,-0.2083,0.2888,0.371,0.3694,0.3477,0.3256,0.3417,0.329,0.3292,0.0,0.226,-0.0,1.2387,1.085,0.0,2.309,0.0,1.6666666666666667e-05,81.8,0.7
202,1790886910.5568063,-0.5328,0.0505,-0.9375,-0.3122,0.3586,0.4181,0.3785,0.4108,0.3493,0.3376,0.3334,0.329,0.0,0.2609,-0.0,1.4131,1.084,0.0,2.308,0.0,1.6666666666666667e-05,122.1,0.58
203,1790886911.0959988,-0.4205,0.0475,-0.6475,-0.1488,0.3354,0.292,0.2924,0.3035,0.2487,0.3339,0.3359,0.3302,0.0,0.2031,-0.0,1.1243,1.085,0.0,2.309,0.0,1.6666666666666667e-05,150.3,0.53
204,1790886911.6379251,-0.4922,0.051,-0.7471,-0.2733,0.3906,0.4031,0.34,0.3416,0.3071,0.3339,0.3341,0.332,0.0,0.2503,-0.0,1.3598,1.084,0.0,2.309,0.0,1.6666666666666667e-05,190.4,0.53
205,1790886912.1628692,-0.501,0.0505,-0.719,-0.3003,0.3772,0.3805,0.3893,0.3556,0.3199,0.3349,0.3316,0.3335,0.0,0.2743,-0.0,1.4798,1.085,0.0,2.276,0.0,1.6666666666666667e-05,112.9,0.52
206,1790886912.7178197,-0.4386,0.0591,-0.6568,-0.0531,0.3425,0.3435,0.3481,0.2857,0.2659,0.335,0.3392,0.3258,0.0,0.2312,-0.0,1.2643,1.083,0.0,2.307,0.0,1.6666666666666667e-05,131.5,0.55
207,1790886913.3075736,-0.4693,0.0691,-0.8303,-0.13,0.3578,0.4058,0.3104,0.3326,0.2858,0.3373,0.3356,0.3271,0.0,0.2438,-0.0,1.3271,1.084,0.0,2.309,0.0,1.6666666666666667e-05,137.2,0.58
208,1790886913.89675,-0.3803,0.0631,-0.7246,-0.1409,0.2253,0.3027,0.2253,0.2703,0.2108,0.3379,0.3359,0.3262,0.0,0.1318,-0.0,0.7675,1.085,0.0,2.248,0.485,1.7333333333333336e-05,188.2,0.58
209,1790886914.432575,-0.5907,0.0646,-0.8674,-0.3561,0.3668,0.4488,0.4047,0.5149,0.3891,0.3431,0.3279,0.3291,0.0,0.2768,-0.0,1.4925,1.085,0.0,2.301,0.0,1.7333333333333336e-05,88.4,0.53
210,1790886915.0061753,-0.565,0.0633,-0.75,-0.2972,0.3414,0.4661,0.428,0.3898,0.3658,0.337,0.335,0.328,0.0,0.2328,-0.0,1.2727,1.085,0.0,2.304,0.0,1.7333333333333336e-05,105.3,0.57
211,1790886915.5483775,-0.4107,0.0384,-0.6454,-0.2333,0.3125,0.2972,0.2874,0.2824,0.2527,0.3356,0.3302,0.3342,0.0,0.2109,-0.0,1.1631,1.085,0.0,2.309,0.0,1.7333333333333336e-05,129.5,0.53
212,1790886916.1317787,-0.412,0.0652,-0.6044,-0.2062,0.3366,0.3423,0.2455,0.293,0.2296,0.3348,0.337,0.3282,0.0,0.2337,-0.0,1.2768,1.082,0.0,2.304,0.0,1.7333333333333336e-05,163.5,0.58
213,1790886916.7473495,-0.5951,0.0576,-0.7986,-0.3665,0.4427,0.5048,0.4617,0.4058,0.3928,0.3388,0.3295,0.3317,0.0,0.3213,-0.0,1.7147,1.082,0.0,2.293,0.0,1.7333333333333336e-05,87.0,0.61
214,1790886917.482794,-0.5131,0.059,-0.7007,-0.3108,0.3024,0.3404,0.4272,0.3712,0.3222,0.3408,0.3315,0.3277,0.0,0.1987,-0.0,1.1018,1.085,0.0,2.306,0.0,1.7333333333333336e-05,91.4,0.73
215,1790886918.2425954,-0.4787,0.0583,-0.7885,-0.2313,0.3394,0.3512,0.4049,0.2973,0.2927,0.3433,0.3287,0.328,0.0,0.2209,-0.0,1.2128,1.084,0.0,2.308,0.0,1.7333333333333336e-05,105.8,0.75
216,1790886918.8995917,-0.4917,0.0446,-0.7263,-0.1976,0.4458,0.3826,0.3333,0.3666,0.3087,0.3327,0.334,0.3333,0.0,0.316,-0.0,1.6883,1.081,0.0,2.282,0.446,1.8e-05,163.0,0.65
217,1790886919.660737,-0.4874,0.043,-0.8484,-0.2071,0.385,0.3547,0.3821,0.352,0.3172,0.3347,0.3307,0.3346,0.0,0.2856,-0.0,1.5365,1.085,0.0,2.295,0.0,1.8e-05,67.1,0.75
218,1790886920.2316988,-0.4676,0.0464,-0.7142,-0.1846,0.4573,0.3673,0.3115,0.331,0.2889,0.3388,0.3273,0.334,0.0,0.3219,-0.0,1.7179,1.082,0.0,2.309,0.0,1.8e-05,119.2,0.56
219,1790886920.8192165,-0.4581,0.062,-0.7302,-0.2421,0.4747,0.3742,0.293,0.3272,0.2669,0.3314,0.337,0.3317,0.0,0.338,-0.0,1.7982,1.083,0.0,2.309,0.0,1.8e-05,140.3,0.58
220,1790886921.592997,-0.4792,0.0371,-0.7477,-0.2687,0.4909,0.3474,0.3392,0.34,0.3057,0.3327,0.3325,0.3348,0.0,0.3463,-0.0,1.8399,1.083,0.0,2.303,0.0,1.8e-05,141.4,0.77
221,1790886922.2814054,-0.574,0.0592,-0.8029,-0.2231,0.3927,0.3964,0.4867,0.4284,0.3692,0.3408,0.3293,0.3299,0.0,0.2524,-0.0,1.3702,1.084,0.0,2.309,0.0,1.8e-05,75.8,0.68
222,1790886922.9030726,-0.5442,0.0457,-0.8221,-0.3013,0.3682,0.3824,0.437,0.3921,0.3604,0.3391,0.3332,0.3278,0.0,0.2576,-0.0,1.3962,1.084,0.0,2.309,0.0,1.8e-05,107.9,0.61
223,1790886923.648502,-0.4932,0.0811,-0.7269,-0.2642,0.4048,0.4526,0.3088,0.3164,0.2906,0.3374,0.3344,0.3282,0.0,0.2672,-0.0,1.4445,1.083,0.0,2.292,0.0,1.8e-05,106.1,0.74
224,1790886924.255997,-0.5278,0.0819,-0.7955,-0.2616,0.3812,0.4814,0.3821,0.3179,0.316,0.3314,0.3368,0.3318,0.0,0.2553,-0.0,1.3848,1.085,0.0,2.228,0.517,1.866666666666667e-05,151.5,0.6
225,1790886924.9429839,-0.6215,0.0588,-0.9192,-0.3742,0.3985,0.4866,0.4698,0.4985,0.4264,0.3327,0.3394,0.3278,0.0,0.2974,-0.0,1.5952,1.085,0.0,2.286,0.0,1.866666666666667e-05,76.7,0.68
226,1790886927.2486825,-0.5803,0.0654,-0.7306,-0.3817,0.4676,0.3961,0.4437,0.4981,0.3693,0.3333,0.3364,0.3303,0.0,0.3449,-0.0,1.8325,1.081,0.0,2.309,0.0,1.866666666666667e-05,113.4,0.61
227,1790886927.7497034,-0.4407,0.0354,-0.6309,-0.2438,0.3801,0.3073,0.3244,0.2957,0.2761,0.3369,0.3358,0.3273,0.0,0.26,-0.0,1.4085,1.083,0.0,2.309,0.0,1.866666666666667e-05,169.6,0.49
228,1790886928.3523414,-0.3325,0.043,-0.5312,-0.1482,0.2369,0.2394,0.2121,0.2277,0.1845,0.3338,0.3347,0.3315,0.0,0.1381,-0.0,0.799,1.086,0.0,2.301,0.0,1.866666666666667e-05,193.9,0.59
229,1790886928.8681293,-0.4279,0.0723,-0.675,-0.1707,0.2126,0.3385,0.3536,0.2425,0.2361,0.3384,0.3307,0.3309,0.0,0.1412,-0.0,0.8147,1.086,0.0,2.307,0.0,1.866666666666667e-05,106.3,0.51
230,1790886929.4040956,-0.4794,0.0549,-0.7864,-0.1958,0.4816,0.3843,0.3254,0.3539,0.3008,0.3284,0.3373,0.3343,0.0,0.3099,-0.0,1.6575,1.082,0.0,2.299,0.0,1.866666666666667e-05,125.8,0.53
231,1790886930.0070744,-0.5234,0.0535,-0.9278,-0.2955,0.4502,0.418,0.3518,0.4246,0.3366,0.3299,0.337,0.3331,0.0,0.3026,-0.0,1.6211,1.082,0.0,2.263,0.0,1.866666666666667e-05,137.0,0.59
232,1790886930.589159,-0.4199,0.035,-0.74,-0.1764,0.2603,0.3017,0.2758,0.3191,0.2644,0.3306,0.3399,0.3296,0.0,0.1695,-0.0,0.9561,1.086,0.0,2.309,0.326,1.9333333333333333e-05,179.0,0.57
233,1790886931.1376445,-0.528,0.0784,-0.8375,-0.2333,0.5196,0.4532,0.3548,0.4055,0.3276,0.3316,0.3279,0.3405,0.0,0.36,-0.0,1.9083,1.083,0.0,2.297,0.0,1.9333333333333333e-05,91.9,0.54
234,1790886931.6531565,-0.5285,0.0565,-0.9047,-0.2329,0.5674,0.3584,0.4623,0.3746,0.3452,0.3332,0.3236,0.3432,0.0,0.4343,-0.0,2.2797,1.082,0.0,2.303,0.0,1.9333333333333333e-05,122.9,0.51
235,1790886932.2030532,-0.526,0.0755,-0.9,-0.2808,0.4093,0.4635,0.3744,0.3443,0.3179,0.3336,0.3336,0.3328,0.0,0.2772,-0.0,1.4941,1.083,0.0,2.309,0.0,1.9333333333333333e-05,140.5,0.54
236,1790886932.8712735,-0.4923,0.1043,-0.8597,-0.2218,0.3232,0.2779,0.3331,0.4869,0.2643,0.3324,0.3365,0.3312,0.0,0.2135,-0.0,1.176,1.084,0.0,2.281,0.0,1.9333333333333333e-05,137.5,0.66
237,1790886933.4689407,-0.5281,0.1008,-0.8335,-0.2812,0.4321,0.3403,0.5222,0.3266,0.3085,0.3327,0.3342,0.3331,0.0,0.3022,-0.0,1.6192,1.084,0.0,2.269,0.0,1.9333333333333333e-05,85.1,0.59
238,1790886933.9950683,-0.4931,0.0633,-0.7561,-0.3069,0.3389,0.2908,0.3796,0.413,0.2866,0.3357,0.3351,0.3292,0.0,0.2174,-0.0,1.1952,1.084,0.0,2.285,0.0,1.9333333333333333e-05,124.4,0.52
239,1790886934.5922103,-0.5258,0.0549,-0.7598,-0.2267,0.395,0.4513,0.3641,0.3703,0.3448,0.3332,0.3402,0.3267,0.0,0.2974,-0.0,1.5952,1.083,0.0,2.301,0.0,1.9333333333333333e-05,133.9,0.59
240,1790886935.4698682,-0.3938,0.0317,-0.6896,-0.1825,0.3435,0.2749,0.2474,0.2944,0.2445,0.3285,0.3374,0.3341,0.0,0.2368,-0.0,1.2923,1.085,0.0,2.305,0.164,2e-05,116.9,0.87
241,1790886936.0406873,-0.6068,0.0487,-0.9181,-0.2873,0.3545,0.4671,0.4968,0.4471,0.4217,0.3342,0.3327,0.3332,0.0,0.233,-0.0,1.2734,1.085,0.0,2.309,0.0,2e-05,105.1,0.56
242,1790886936.8037014,-0.4968,0.0608,-0.7593,-0.2642,0.4885,0.4282,0.3319,0.3575,0.3123,0.3287,0.3329,0.3384,0.0,0.353,0.0,1.8734,1.083,0.0,2.309,0.0,2e-05,90.9,0.76
243,1790886937.533758,-0.4654,0.0299,-0.6715,-0.2769,0.3807,0.3439,0.3469,0.3237,0.3108,0.3331,0.3359,0.331,0.0,0.2596,-0.0,1.4062,1.082,0.0,2.297,0.0,2e-05,113.2,0.72
244,1790886938.1928298,-0.4094,0.0868,-0.7705,-0.1722,0.2838,0.2417,0.2258,0.388,0.2171,0.3322,0.3326,0.3353,0.0,0.1868,-0.0,1.0426,1.086,0.0,2.126,0.0,2e-05,156.3,0.65
245,1790886938.7532225,-0.477,0.0535,-0.7278,-0.2023,0.3109,0.3851,0.3391,0.3463,0.3005,0.3337,0.3323,0.334,0.0,0.2122,-0.0,1.1693,1.085,0.0,2.306,0.0,2e-05,96.1,0.55
246,1790886939.3898518,-0.5191,0.0469,-0.7418,-0.2059,0.3997,0.4352,0.3629,0.3833,0.3516,0.336,0.3319,0.3321,0.0,0.306,-0.0,1.6385,1.083,0.0,2.305,0.0,2e-05,104.4,0.63
247,1790886939.9674642,-0.5003,0.0426,-0.699,-0.2445,0.382,0.3678,0.3601,0.3919,0.3284,0.336,0.3357,0.3283,0.0,0.2514,-0.0,1.3653,1.083,0.0,2.304,0.0,2e-05,136.7,0.57
248,1790886940.8307538,-0.4747,0.1272,-0.8026,-0.2248,0.3605,0.5015,0.2817,0.2599,0.246,0.3301,0.3331,0.3369,0.0,0.2369,-0.0,1.2933,1.085,0.0,2.077,0.641,2.0666666666666666e-05,117.7,0.85
249,1790886941.4132845,-0.5584,0.0765,-0.8802,-0.2562,0.4319,0.3824,0.5137,0.3687,0.3554,0.3359,0.3308,0.3333,0.0,0.3347,-0.0,1.7818,1.085,0.0,2.309,0.0,2.0666666666666666e-05,88.8,0.57
250,1790886942.0906832,-0.4385,0.0542,-0.7346,-0.2365,0.2843,0.3232,0.2699,0.3319,0.255,0.3338,0.3345,0.3317,0.0,0.1851,-0.0,1.0342,1.085,0.0,2.295,0.0,2.0666666666666666e-05,94.7,0.67
251,1790886944.495327,-0.4736,0.051,-0.6703,-0.2562,0.3814,0.3706,0.3577,0.2868,0.283,0.3354,0.3354,0.3292,0.0,0.273,-0.0,1.4735,1.082,0.0,2.277,0.0,2.0666666666666666e-05,103.9,0.74
252,1790886945.0520036,-0.3125,0.0437,-0.4805,-0.1162,0.2556,0.1716,0.2361,0.2107,0.166,0.3314,0.3383,0.3303,0.0,0.1477,-0.0,0.8472,1.086,0.0,2.289,0.0,2.0666666666666666e-05,191.8,0.55
253,1790886945.5806515,-0.4513,0.0745,-0.7602,-0.1762,0.3496,0.3924,0.2727,0.33,0.2633,0.3341,0.333,0.3329,0.0,0.2448,-0.0,1.3324,1.085,0.0,2.273,0.0,2.0666666666666666e-05,105.5,0.52
254,1790886946.0697458,-0.5486,0.174,-0.8863,-0.2347,0.3824,0.6427,0.2957,0.3233,0.2846,0.3312,0.3374,0.3314,0.0,0.2605,-0.0,1.4109,1.083,0.0,2.056,0.0,2.0666666666666666e-05,153.5,0.48
255,1790886946.5814524,-0.3418,0.0346,-0.5878,-0.1686,0.4111,0.2154,0.2434,0.2311,0.1962,0.3308,0.337,0.3322,0.0,0.27,-0.0,1.458,1.083,0.0,2.304,0.0,2.0666666666666666e-05,163.3,0.5
256,1790886947.3649683,-0.4569,0.0643,-0.9027,-0.1629,0.2867,0.403,0.3124,0.2787,0.2699,0.3336,0.3387,0.3277,0.0,0.1994,-0.0,1.1053,1.085,0.0,2.285,0.587,2.1333333333333335e-05,145.1,0.77
257,1790886947.8603134,-0.5099,0.0499,-0.7722,-0.2924,0.3983,0.396,0.365,0.3911,0.3296,0.3324,0.3331,0.3346,0.0,0.2724,-0.0,1.4707,1.086,0.0,2.295,0.0,2.1333333333333335e-05,113.0,0.49
258,1790886948.5224588,-0.4833,0.0357,-0.6882,-0.2497,0.4156,0.3671,0.3275,0.3551,0.314,0.3313,0.336,0.3327,0.0,0.2918,-0.0,1.5673,1.082,0.0,2.289,0.0,2.1333333333333335e-05,112.2,0.65
259,1790886949.1918473,-0.4327,0.0913,-0.8387,-0.0887,0.2885,0.3872,0.3104,0.2347,0.228,0.3326,0.335,0.3324,0.0,0.1833,-0.0,1.0248,1.085,0.0,2.304,0.0,2.1333333333333335e-05,130.9,0.66
260,1790886949.793204,-0.43,0.0401,-0.7105,-0.2588,0.3204,0.3129,0.3217,0.2911,0.2725,0.3335,0.3339,0.3326,0.0,0.2035,-0.0,1.1262,1.086,0.0,2.282,0.0,2.1333333333333335e-05,177.9,0.59
261,1790886950.3444912,-0.5533,0.0478,-0.7971,-0.3358,0.544,0.4357,0.4061,0.416,0.3717,0.3321,0.3295,0.3384,0.0,0.3737,-0.0,1.977,1.083,0.0,2.269,0.0,2.1333333333333335e-05,102.0,0.54
262,1790886950.9148393,-0.6501,0.0553,-0.8537,-0.4336,0.4892,0.4788,0.5548,0.4986,0.4417,0.3307,0.3355,0.3338,0.0,0.3465,-0.0,1.8408,1.081,0.0,2.234,0.0,2.1333333333333335e-05,122.3,0.56
263,1790886951.5033424,-0.4484,0.0517,-0.87,-0.1884,0.3824,0.3241,0.3326,0.3217,0.2763,0.3284,0.3383,0.3333,0.0,0.2656,-0.0,1.4363,1.083,0.0,2.309,0.0,2.1333333333333335e-05,139.5,0.58
264,1790886952.2356925,-0.4379,0.0377,-0.8967,-0.1733,0.2776,0.3478,0.2995,0.3096,0.2844,0.3306,0.3351,0.3343,0.0,0.1952,-0.0,1.0845,1.085,0.0,2.306,0.443,2.2000000000000003e-05,141.5,0.72
265,1790886952.7674072,-0.5776,0.0888,-0.8687,-0.2564,0.445,0.5233,0.3549,0.4573,0.3473,0.3352,0.3295,0.3353,0.0,0.3448,-0.0,1.8323,1.083,0.0,2.289,0.0,2.2000000000000003e-05,101.2,0.52
266,1790886953.5131183,-0.5209,0.0561,-0.7517,-0.2884,0.3697,0.4134,0.3423,0.4053,0.3264,0.3314,0.3327,0.3359,0.0,0.2597,-0.0,1.4069,1.085,0.0,2.292,0.0,2.2000000000000003e-05,93.2,0.74
267,1790886954.1201766,-0.5262,0.0794,-0.8201,-0.1672,0.3584,0.3798,0.4849,0.3264,0.3192,0.3317,0.3398,0.3284,0.0,0.2295,-0.0,1.2559,1.083,0.0,2.279,0.0,2.2000000000000003e-05,136.0,0.6
268,1790886954.808914,-0.4851,0.0372,-0.8401,-0.2871,0.3327,0.3367,0.3621,0.3601,0.3084,0.3266,0.3384,0.3349,0.0,0.2122,-0.0,1.1697,1.084,0.0,2.309,0.0,2.2000000000000003e-05,148.1,0.68
269,1790886955.3496292,-0.4576,0.0503,-0.6854,-0.1987,0.4081,0.3718,0.2907,0.3384,0.28,0.3333,0.3323,0.3345,0.0,0.2755,-0.0,1.4859,1.085,0.0,2.309,0.0,2.2000000000000003e-05,103.1,0.53
270,1790886955.8883052,-0.5301,0.1205,-0.876,-0.29,0.3504,0.5513,0.3328,0.3256,0.299,0.3297,0.3382,0.3321,0.0,0.2359,-0.0,1.2882,1.085,0.0,2.121,0.0,2.2000000000000003e-05,129.6,0.53
271,1790886956.5660722,-0.4991,0.0796,-0.8433,-0.2964,0.286,0.4302,0.3892,0.2933,0.2785,0.3304,0.3383,0.3313,0.0,0.1762,-0.0,0.9897,1.086,0.0,2.278,0.0,2.2000000000000003e-05,121.4,0.67
272,1790886957.2710562,-0.501,0.0718,-0.9147,-0.2112,0.4524,0.2899,0.4063,0.4108,0.2899,0.3243,0.3338,0.3419,0.0,0.3093,-0.0,1.6547,1.084,0.0,2.296,0.374,2.2666666666666668e-05,159.1,0.7
273,1790886958.254936,-0.5286,0.0553,-0.828,-0.3291,0.4091,0.4017,0.4257,0.3738,0.3414,0.3301,0.3345,0.3353,0.0,0.3038,-0.0,1.6273,1.082,0.0,2.29,0.0,2.2666666666666668e-05,52.5,0.98
274,1790886959.101604,-0.4455,0.0431,-0.8265,-0.2318,0.442,0.3255,0.2913,0.3421,0.2784,0.3302,0.3337,0.3361,0.0,0.2997,-0.0,1.6066,1.083,0.0,2.275,0.0,2.2666666666666668e-05,83.0,0.84
275,1790886959.6497436,-0.5343,0.0525,-0.8942,-0.1946,0.2966,0.3516,0.4526,0.4094,0.3439,0.3322,0.3371,0.3307,0.0,0.1869,-0.0,1.043,1.086,0.0,2.299,0.0,2.2666666666666668e-05,163.3,0.54
276,1790886962.3197665,-0.5556,0.1412,-0.9,-0.205,0.2795,0.5028,0.2546,0.5197,0.2546,0.3284,0.3366,0.335,0.0,0.1646,-0.0,0.9314,1.085,0.0,2.246,0.0,2.2666666666666668e-05,154.0,0.72
277,1790886962.8369408,-0.4992,0.0737,-0.7161,-0.2413,0.3982,0.3698,0.3319,0.4182,0.304,0.3359,0.3274,0.3367,0.0,0.272,-0.0,1.4684,1.084,0.0,2.3,0.0,2.2666666666666668e-05,102.9,0.51
278,1790886963.332365,-0.4107,0.0982,-0.8013,-0.0972,0.2836,0.3796,0.1989,0.291,0.194,0.3327,0.3358,0.3315,0.0,0.1884,-0.0,1.0503,1.086,0.0,2.309,0.0,2.2666666666666668e-05,142.0,0.49
279,1790886963.8537207,-0.4748,0.0629,-0.6652,-0.2918,0.2423,0.3903,0.3682,0.2918,0.2799,0.3296,0.3411,0.3293,0.0,0.1582,0.0,0.8994,1.085,0.0,2.289,0.0,2.2666666666666668e-05,170.7,0.51
280,1790886964.4511454,-0.4217,0.0425,-0.7125,-0.175,0.378,0.3005,0.3154,0.2861,0.2588,0.3283,0.3362,0.3355,0.0,0.2671,-0.0,1.4435,1.082,0.0,2.301,0.233,2.3333333333333336e-05,196.8,0.59
281,1790886965.0134127,-0.5198,0.0417,-0.7269,-0.3632,0.4081,0.3891,0.401,0.3658,0.3423,0.3293,0.3376,0.3331,0.0,0.2686,-0.0,1.451,1.082,0.0,2.309,0.0,2.3333333333333336e-05,102.2,0.55
282,1790886965.5600882,-0.5745,0.0601,-0.8663,-0.2837,0.4526,0.4099,0.4853,0.4118,0.375,0.326,0.3415,0.3325,0.0,0.2953,-0.0,1.5848,1.081,0.0,2.305,0.0,2.3333333333333336e-05,129.4,0.54
283,1790886966.1396499,-0.4805,0.1291,-0.8167,-0.1742,0.2932,0.3788,0.4832,0.2179,0.2179,0.3266,0.3452,0.3283,0.0,0.1812,-0.0,1.0143,1.084,0.0,2.305,0.0,2.3333333333333336e-05,148.4,0.57
284,1790886966.7393053,-0.3858,0.0462,-0.5612,-0.1575,0.2634,0.2991,0.2318,0.2778,0.2309,0.3258,0.3405,0.3336,0.0,0.1751,-0.0,0.9838,1.085,0.0,2.305,0.0,2.3333333333333336e-05,178.7,0.59
285,1790886967.3098311,-0.5753,0.0859,-0.8375,-0.2261,0.4301,0.4519,0.4899,0.4026,0.3539,0.3305,0.3375,0.332,0.0,0.3008,-0.0,1.6125,1.083,0.0,2.297,0.0,2.3333333333333336e-05,91.0,0.56
286,1790886967.8644133,-0.5095,0.0709,-0.8897,-0.3177,0.3376,0.4138,0.4234,0.3016,0.2984,0.3311,0.3364,0.3325,0.0,0.2335,-0.0,1.2762,1.085,0.0,2.296,0.0,2.3333333333333336e-05,124.7,0.54
287,1790886968.4232197,-0.4484,0.0456,-0.6546,-0.1659,0.5709,0.3346,0.2814,0.3474,0.2711,0.3297,0.333,0.3373,0.0,0.3886,-0.0,2.0511,1.08,0.0,2.291,0.0,2.3333333333333336e-05,135.4,0.55
288,1790886969.00689,-0.4228,0.0608,-0.6364,-0.2445,0.2428,0.2481,0.3229,0.2962,0.2269,0.3259,0.3405,0.3337,0.0,0.1534,-0.0,0.8759,1.086,0.0,2.281,0.468,2.4e-05,165.3,0.58
289,1790886969.5528517,-0.612,0.1187,-0.9278,-0.2473,0.6258,0.4148,0.392,0.6236,0.3674,0.3261,0.3264,0.3475,0.0,0.4718,-0.0,2.4669,1.081,0.0,2.297,0.0,2.4e-05,97.5,0.54
290,1790886970.1082232,-0.4693,0.0447,-0.7468,-0.1674,0.4118,0.3379,0.3331,0.3438,0.2865,0.3257,0.3359,0.3384,0.0,0.2858,-0.0,1.5375,1.084,0.0,2.305,0.0,2.4e-05,122.5,0.55
291,1790886970.6427624,-0.5178,0.0616,-0.8366,-0.2893,0.4093,0.3283,0.4518,0.3774,0.3204,0.3291,0.3349,0.336,0.0,0.2791,-0.0,1.5038,1.083,0.0,2.307,0.0,2.4e-05,149.2,0.53
292,1790886971.3243582,-0.5053,0.0861,-0.74,-0.2505,0.3604,0.3817,0.2933,0.4505,0.2917,0.3263,0.3372,0.3365,0.0,0.2592,-0.0,1.4047,1.085,0.0,2.305,0.0,2.4e-05,150.2,0.67
293,1790886972.1124256,-0.4981,0.0737,-0.8085,-0.2489,0.351,0.348,0.4189,0.3362,0.2979,0.3347,0.3312,0.3341,0.0,0.2583,-0.0,1.4,1.084,0.0,2.304,0.0,2.4e-05,66.0,0.78
294,1790886972.8268087,-0.4577,0.0604,-0.6611,-0.2315,0.3542,0.3522,0.2729,0.3726,0.2664,0.3329,0.3336,0.3335,0.0,0.2299,-0.0,1.2579,1.084,0.0,2.276,0.0,2.4e-05,98.4,0.71
295,1790886973.504426,-0.4908,0.0449,-0.644,-0.34,0.3475,0.3366,0.3894,0.3682,0.3218,0.3335,0.3352,0.3312,0.0,0.2447,-0.0,1.3319,1.084,0.0,2.309,0.0,2.4e-05,123.0,0.67
296,1790886974.3186383,-0.4926,0.1,-0.9385,-0.2409,0.3048,0.3269,0.4802,0.2745,0.2691,0.3274,0.3365,0.3362,0.0,0.2083,-0.0,1.1501,1.085,0.0,2.227,0.409,2.466666666666667e-05,133.7,0.8
297,1790886974.8537753,-0.5719,0.0642,-0.8662,-0.2754,0.488,0.3856,0.4791,0.4384,0.3689,0.3246,0.334,0.3414,0.0,0.3496,-0.0,1.8564,1.083,0.0,2.297,0.0,2.466666666666667e-05,99.1,0.53
298,1790886975.32391,-0.4048,0.0666,-0.7816,-0.1143,0.3619,0.358,0.2694,0.2562,0.2396,0.3279,0.3357,0.3364,0.0,0.2338,-0.0,1.2775,1.084,0.0,2.304,0.0,2.466666666666667e-05,150.6,0.46
299,1790886976.1607144,-0.5773,0.1001,-0.8623,-0.2522,0.3224,0.4838,0.3273,0.526,0.3273,0.3283,0.3401,0.3316,0.0,0.2202,-0.0,1.2096,1.083,0.0,2.283,0.0,2.466666666666667e-05,98.5,0.83
300,1790886976.779152,-0.3785,0.0329,-0.5303,-0.1586,0.5511,0.2526,0.2747,0.2433,0.2254,0.3257,0.3354,0.3389,0.0,0.3882,-0.0,2.0494,1.081,0.0,2.298,0.0,2.466666666666667e-05,162.9,0.61
301,1790886979.2675831,-0.509,0.0438,-0.8,-0.3102,0.4098,0.4057,0.3655,0.3778,0.3343,0.3282,0.3328,0.339,0.0,0.3048,-0.0,1.6325,1.083,0.0,2.309,0.0,2.466666666666667e-05,74.9,0.7
302,1790886979.8562784,-0.5261,0.0763,-0.7602,-0.1725,0.6652,0.3399,0.4641,0.3824,0.3277,0.3223,0.3279,0.3498,0.0,0.4984,0.0,2.5999,1.08,0.0,2.302,0.0,2.466666666666667e-05,110.0,0.58
303,1790886980.417647,-0.5175,0.0607,-0.7971,-0.3213,0.3785,0.3617,0.3387,0.4429,0.325,0.3257,0.3398,0.3345,0.0,0.2632,-0.0,1.4245,1.083,0.0,2.309,0.0,2.466666666666667e-05,137.9,0.55
304,1790886980.9499016,-0.3767,0.0465,-0.5814,-0.2331,0.2624,0.2972,0.2366,0.2532,0.2232,0.3238,0.3388,0.3375,0.0,0.1805,-0.0,1.011,1.086,0.0,2.303,0.321,2.5333333333333337e-05,194.7,0.52
305,1790886981.4624557,-0.5545,0.0784,-0.7269,-0.29,0.5101,0.333,0.4845,0.4345,0.3274,0.3231,0.3379,0.3391,0.0,0.3787,-0.0,2.0018,1.081,0.0,2.274,0.0,2.5333333333333337e-05,102.6,0.5
306,1790886982.0103095,-0.4164,0.0541,-0.6289,-0.1167,0.3795,0.3197,0.2362,0.334,0.2362,0.3244,0.3409,0.3347,0.0,0.2496,-0.0,1.3564,1.082,0.0,2.292,0.0,2.5333333333333337e-05,128.0,0.54
307,1790886982.5298479,-0.5323,0.0685,-0.897,-0.3103,0.2957,0.3751,0.4733,0.3504,0.3341,0.3277,0.3414,0.331,0.0,0.2021,-0.0,1.1189,1.084,0.0,2.307,0.0,2.5333333333333337e-05,155.1,0.51
308,1790886983.141396,-0.5538,0.109,-0.8589,-0.1288,0.4111,0.522,0.2901,0.4393,0.2901,0.3175,0.3411,0.3414,0.0,0.2645,-0.0,1.4311,1.084,0.0,2.247,0.0,2.5333333333333337e-05,160.3,0.6
309,1790886983.680154,-0.5525,0.0563,-0.8955,-0.1934,0.4823,0.3959,0.3797,0.4916,0.3654,0.3304,0.3318,0.3378,0.0,0.3459,-0.0,1.8381,1.084,0.0,2.303,0.0,2.5333333333333337e-05,96.3,0.53
310,1790886984.253133,-0.5146,0.1123,-0.8367,-0.2046,0.3304,0.3132,0.5306,0.3146,0.2853,0.3257,0.3415,0.3328,0.0,0.2145,-0.0,1.1808,1.084,0.0,2.13,0.0,2.5333333333333337e-05,119.5,0.56
311,1790886984.8371482,-0.5549,0.064,-0.94,-0.3557,0.3539,0.4697,0.4053,0.3627,0.3548,0.3298,0.3345,0.3356,0.0,0.2304,-0.0,1.2607,1.085,0.0,2.284,0.0,2.5333333333333337e-05,137.6,0.58
312,1790886985.4996274,-0.4645,0.0758,-0.7452,-0.2705,0.4028,0.42,0.2905,0.2851,0.2676,0.3177,0.3432,0.339,0.0,0.2654,-0.0,1.4355,1.083,0.0,2.296,0.25,2.6000000000000002e-05,171.8,0.65
313,1790886986.0498817,-0.4828,0.0555,-0.65,-0.2843,0.3566,0.3576,0.3445,0.3843,0.3157,0.331,0.3315,0.3376,0.0,0.2557,-0.0,1.387,1.085,0.0,2.293,0.0,2.6000000000000002e-05,90.5,0.54
314,1790886986.5456824,-0.5836,0.0538,-0.7879,-0.3143,0.3483,0.399,0.484,0.4423,0.3771,0.3257,0.337,0.3374,0.0,0.2512,-0.0,1.3643,1.085,0.0,2.309,0.0,2.6000000000000002e-05,127.9,0.49
315,1790886987.3642874,-0.4975,0.0787,-0.7289,-0.2837,0.3139,0.4138,0.4051,0.2776,0.2712,0.3252,0.3433,0.3315,0.0,0.1927,-0.0,1.072,1.085,0.0,2.207,0.0,2.6000000000000002e-05,100.2,0.81
316,1790886988.060201,-0.4694,0.0375,-0.9312,-0.2823,0.4152,0.2981,0.3478,0.3297,0.2879,0.3245,0.3396,0.3359,0.0,0.2757,-0.0,1.4871,1.084,0.0,2.307,0.0,2.6000000000000002e-05,157.8,0.69
317,1790886988.7581036,-0.5197,0.0575,-0.8167,-0.2319,0.3463,0.4087,0.4124,0.3507,0.3258,0.324,0.3387,0.3373,0.0,0.2473,-0.0,1.345,1.084,0.0,2.276,0.0,2.6000000000000002e-05,77.0,0.69
318,1790886989.2946508,-0.4659,0.0499,-0.6443,-0.2052,0.3612,0.302,0.3749,0.3386,0.286,0.327,0.3383,0.3347,0.0,0.2434,-0.0,1.3252,1.084,0.0,2.301,0.0,2.6000000000000002e-05,130.7,0.53
319,1790886989.853028,-0.5096,0.0525,-0.9029,-0.2742,0.3257,0.3719,0.3486,0.4285,0.328,0.3183,0.3461,0.3357,0.0,0.2776,-0.0,1.4963,1.084,0.0,2.307,0.0,2.6000000000000002e-05,144.2,0.55
320,1790886990.5977528,-0.4534,0.0358,-0.8926,-0.2818,0.3102,0.3241,0.3211,0.3402,0.292,0.3267,0.3371,0.3362,0.0,0.2181,-0.0,1.1989,1.084,0.0,2.255,0.382,2.6666666666666667e-05,150.9,0.73
321,1790886991.1632993,-0.6309,0.0971,-0.8833,-0.382,0.3913,0.4856,0.5918,0.4006,0.383,0.3243,0.3377,0.338,0.0,0.2687,-0.0,1.4517,1.084,0.0,2.288,0.0,2.6666666666666667e-05,90.7,0.56
322,1790886991.7169032,-0.4785,0.0599,-0.6968,-0.1935,0.266,0.4088,0.2917,0.3459,0.2874,0.3295,0.3394,0.3311,0.0,0.1684,-0.0,0.9504,1.086,0.0,2.294,0.0,2.6666666666666667e-05,122.1,0.55
323,1790886992.3152099,-0.5573,0.0515,-0.9211,-0.2341,0.3721,0.3905,0.3986,0.4696,0.365,0.3302,0.3346,0.3353,0.0,0.2396,-0.0,1.3064,1.085,0.0,2.309,0.0,2.6666666666666667e-05,134.9,0.59
324,1790886993.1239793,-0.5154,0.0512,-0.7883,-0.2869,0.3244,0.3548,0.3765,0.4158,0.3259,0.3214,0.3436,0.335,0.0,0.2128,-0.0,1.1724,1.084,0.0,2.302,0.0,2.6666666666666667e-05,123.5,0.8
325,1790886993.6908836,-0.5111,0.0843,-0.8244,-0.15,0.3917,0.3373,0.3392,0.4691,0.3188,0.3265,0.3363,0.3372,0.0,0.287,-0.0,1.5435,1.084,0.0,2.184,0.0,2.6666666666666667e-05,105.6,0.56
326,1790886996.2477934,-0.4588,0.057,-0.6511,-0.119,0.3448,0.3484,0.3678,0.2907,0.2742,0.3257,0.34,0.3343,0.0,0.2324,-0.0,1.2704,1.083,0.0,2.307,0.0,2.6666666666666667e-05,99.2,0.74
327,1790886996.7748537,-0.4661,0.0377,-0.6955,-0.267,0.4395,0.3708,0.3165,0.3256,0.2989,0.321,0.3385,0.3405,0.0,0.3118,-0.0,1.6671,1.082,0.0,2.287,0.0,2.6666666666666667e-05,158.6,0.52
328,1790886997.3865066,-0.4754,0.0466,-0.7873,-0.2432,0.4308,0.3653,0.3136,0.357,0.3031,0.3223,0.3382,0.3395,0.0,0.2892,-0.0,1.5546,1.083,0.0,2.309,0.33,2.733333333333333e-05,172.6,0.6
329,1790886997.9355295,-0.5274,0.0403,-0.7429,-0.1671,0.3575,0.3621,0.4302,0.4021,0.353,0.3255,0.3376,0.3369,0.0,0.2169,-0.0,1.1933,1.085,0.0,2.309,0.0,2.733333333333333e-05,98.0,0.54
330,1790886998.448512,-0.5316,0.077,-0.8274,-0.1977,0.3806,0.3964,0.3278,0.483,0.3245,0.3242,0.3402,0.3356,0.0,0.2709,-0.0,1.463,1.083,0.0,2.285,0.0,2.733333333333333e-05,136.5,0.5
331,1790886998.9413145,-0.4056,0.0434,-0.65,-0.1921,0.3571,0.2626,0.3131,0.2873,0.2433,0.3223,0.3413,0.3365,0.0,0.234,-0.0,1.2785,1.083,0.0,2.309,0.0,2.733333333333333e-05,166.1,0.48
332,1790886999.5334356,-0.3947,0.0344,-0.5944,-0.2039,0.3973,0.2793,0.2601,0.2765,0.243,0.3191,0.3386,0.3423,0.0,0.2745,-0.0,1.4806,1.083,0.0,2.27,0.0,2.733333333333333e-05,190.6,0.58
333,1790887000.103279,-0.5481,0.0555,-0.8601,-0.3169,0.3641,0.4204,0.4493,0.3735,0.3521,0.3278,0.34,0.3322,0.0,0.2902,-0.0,1.5593,1.084,0.0,2.309,0.0,2.733333333333333e-05,95.0,0.56
334,1790887000.6692631,-0.4214,0.0952,-0.7199,-0.1424,0.4286,0.2859,0.4147,0.2229,0.2201,0.3267,0.3351,0.3382,0.0,0.2883,-0.0,1.5497,1.083,0.0,2.309,0.0,2.733333333333333e-05,123.1,0.56
335,1790887001.1919832,-0.5214,0.099,-0.8803,-0.2644,0.3745,0.3485,0.3089,0.5053,0.2938,0.3235,0.3382,0.3383,0.0,0.2364,-0.0,1.2902,1.082,0.0,2.307,0.0,2.733333333333333e-05,165.1,0.51
336,1790887001.8033574,-0.427,0.0409,-0.7017,-0.1907,0.2958,0.2846,0.2737,0.3246,0.2595,0.3237,0.3391,0.3372,0.0,0.2054,-0.0,1.1353,1.085,0.0,2.299,0.337,2.8000000000000003e-05,184.1,0.6
337,1790887002.2842705,-0.5605,0.0604,-0.8333,-0.3167,0.4723,0.495,0.3779,0.4108,0.3692,0.322,0.3337,0.3443,0.0,0.3434,-0.0,1.8252,1.083,0.0,2.308,0.0,2.8000000000000003e-05,117.9,0.47
338,1790887002.8310995,-0.5222,0.0547,-0.7218,-0.3182,0.5314,0.4152,0.3467,0.4239,0.3429,0.3233,0.3367,0.3399,0.0,0.3814,-0.0,2.0151,1.082,0.0,2.306,0.0,2.8000000000000003e-05,130.0,0.54
339,1790887003.3847303,-0.4819,0.0802,-0.7163,-0.2845,0.4674,0.45,0.3217,0.3095,0.2916,0.3212,0.3405,0.3383,0.0,0.3119,-0.0,1.6678,1.082,0.0,2.292,0.0,2.8000000000000003e-05,153.3,0.55
340,1790887003.9212434,-0.4651,0.0713,-0.7853,-0.1477,0.3343,0.4177,0.2905,0.3051,0.2799,0.3212,0.3411,0.3376,0.0,0.2223,-0.0,1.2201,1.085,0.0,2.309,0.0,2.8000000000000003e-05,200.4,0.53
341,1790887004.4328036,-0.6576,0.0554,-0.9708,-0.3164,0.494,0.5503,0.5544,0.4654,0.4603,0.3212,0.3351,0.3437,0.0,0.3446,-0.0,1.8313,1.083,0.0,2.309,0.0,2.8000000000000003e-05,102.4,0.5
342,1790887004.9761043,-0.5096,0.0801,-0.9047,-0.1796,0.3963,0.4512,0.3831,0.332,0.3072,0.3234,0.3388,0.3378,0.0,0.2743,-0.0,1.4797,1.083,0.0,2.301,0.0,2.8000000000000003e-05,121.5,0.54
343,1790887005.563841,-0.4922,0.088,-0.8352,-0.2473,0.3581,0.3293,0.2937,0.468,0.2867,0.3206,0.3416,0.3378,0.0,0.2352,-0.0,1.2841,1.083,0.0,2.309,0.0,2.8000000000000003e-05,129.6,0.58
344,1790887006.4370844,-0.5151,0.1041,-0.948,-0.231,0.5028,0.5027,0.2813,0.3766,0.2777,0.3158,0.3368,0.3474,0.0,0.3396,-0.0,1.806,1.082,0.0,2.305,1.234,2.8666666666666668e-05,117.7,0.87
345,1790887006.9935873,-0.6127,0.0895,-0.9308,-0.2833,0.4334,0.4898,0.3809,0.5551,0.3716,0.3239,0.3383,0.3379,0.0,0.316,-0.0,1.6885,1.083,0.0,2.278,0.0,2.8666666666666668e-05,91.1,0.55
346,1790887007.5788114,-0.5184,0.0548,-0.8583,-0.2083,0.4128,0.4154,0.3395,0.4078,0.3284,0.3265,0.3361,0.3374,0.0,0.2901,-0.0,1.559,1.083,0.0,2.308,0.0,2.8666666666666668e-05,115.2,0.58
347,1790887008.2861574,-0.4764,0.042,-0.6822,-0.2179,0.3927,0.3396,0.33,0.3769,0.3049,0.32,0.3395,0.3405,0.0,0.273,-0.0,1.4734,1.084,0.0,2.294,0.0,2.8666666666666668e-05,114.7,0.7
348,1790887009.1875722,-0.4819,0.1177,-0.8201,-0.1573,0.315,0.3294,0.2394,0.4852,0.2394,0.3234,0.3386,0.338,0.0,0.1965,-0.0,1.0912,1.085,0.0,2.28,0.0,2.8666666666666668e-05,116.5,0.89
349,1790887009.9996376,-0.4386,0.0541,-0.6929,-0.1966,0.2978,0.311,0.344,0.2961,0.2734,0.3242,0.3389,0.3368,0.0,0.197,-0.0,1.0934,1.085,0.0,2.306,0.0,2.8666666666666668e-05,69.5,0.8
350,1790887010.6067362,-0.5212,0.0466,-0.7538,-0.2985,0.3492,0.3642,0.3858,0.4233,0.3439,0.3248,0.3411,0.3341,0.0,0.2274,-0.0,1.2454,1.084,0.0,2.302,0.0,2.8666666666666668e-05,107.2,0.6
351,1790887013.0019093,-0.5428,0.1353,-0.95,-0.1779,0.303,0.5797,0.3609,0.3035,0.292,0.3242,0.3412,0.3346,0.0,0.2089,-0.0,1.1529,1.084,0.0,2.197,0.0,2.8666666666666668e-05,119.3,0.64
352,1790887013.5043397,-0.4275,0.0543,-0.7394,-0.2497,0.3137,0.3257,0.3073,0.2702,0.2529,0.3193,0.3423,0.3384,0.0,0.1991,-0.0,1.1042,1.085,0.0,2.3,0.609,2.9333333333333336e-05,191.4,0.49
353,1790887013.9947016,-0.5883,0.0626,-0.8332,-0.3548,0.5267,0.453,0.5084,0.4018,0.3863,0.3198,0.3376,0.3425,0.0,0.4041,-0.0,2.1287,1.082,0.0,2.291,0.0,2.9333333333333336e-05,118.0,0.48
354,1790887014.4729135,-0.5228,0.0559,-0.83,-0.2682,0.3467,0.4097,0.4009,0.344,0.3411,0.3235,0.3405,0.336,0.0,0.2279,-0.0,1.248,1.085,0.0,2.306,0.0,2.9333333333333336e-05,148.2,0.47
355,1790887014.9792075,-0.4202,0.0511,-0.5636,-0.2489,0.3377,0.332,0.2674,0.2982,0.2456,0.3195,0.3418,0.3387,0.0,0.2142,-0.0,1.1795,1.084,0.0,2.275,0.0,2.9333333333333336e-05,158.3,0.5
356,1790887015.477011,-0.5688,0.0997,-0.8052,-0.2828,0.3016,0.5302,0.3384,0.4152,0.3317,0.3158,0.3436,0.3405,0.0,0.1869,-0.0,1.0427,1.084,0.0,2.309,0.0,2.9333333333333336e-05,216.7,0.49
357,1790887015.968906,-0.4921,0.0529,-0.761,-0.2034,0.4619,0.4017,0.3539,0.3468,0.3154,0.3189,0.341,0.3401,0.0,0.3211,-0.0,1.7136,1.084,0.0,2.303,0.0,2.9333333333333336e-05,102.8,0.48
358,1790887016.500852,-0.4846,0.0594,-0.9776,-0.2031,0.4466,0.3608,0.3975,0.3169,0.3078,0.3237,0.3381,0.3383,0.0,0.304,-0.0,1.6283,1.083,0.0,2.226,0.0,2.9333333333333336e-05,124.8,0.52
359,1790887017.0866656,-0.3932,0.0431,-0.7006,-0.1093,0.337,0.301,0.2564,0.2804,0.2384,0.3222,0.3376,0.3402,0.0,0.2399,-0.0,1.3083,1.085,0.0,2.307,0.0,2.9333333333333336e-05,148.4,0.58
360,1790887017.70501,-0.3335,0.0399,-0.6421,-0.1289,0.2573,0.2269,0.2453,0.2078,0.1919,0.316,0.3448,0.3393,0.0,0.169,-0.0,0.9536,1.084,0.0,2.298,0.635,3e-05,190.0,0.61
361,1790887018.477432,-0.4892,0.0647,-1.15,-0.1702,0.4106,0.3786,0.3351,0.4042,0.3151,0.3241,0.3329,0.3429,0.0,0.2067,-0.0,1.1417,1.083,0.0,2.309,0.0,3e-05,64.4,0.76
362,1790887019.3090672,-0.4983,0.0555,-0.769,-0.2619,0.3358,0.391,0.3867,0.3273,0.3106,0.3264,0.337,0.3366,0.0,0.0077,-0.2484,1.3887,1.083,0.0,4.132,0.0,3e-05,77.0,0.82
363,1790887020.0535474,-0.4119,0.0488,-0.6103,-0.2369,0.2641,0.2959,0.2713,0.3179,0.2487,0.3258,0.3417,0.3325,0.0,0.1618,-0.0,0.9177,1.086,0.0,2.292,0.0,3e-05,107.1,0.74
364,1790887020.7690988,-0.427,0.0297,-0.6092,-0.2514,0.2946,0.3069,0.3167,0.284,0.2785,0.3163,0.3465,0.3371,0.0,0.1882,-0.0,1.0494,1.085,0.0,2.301,0.0,3e-05,168.1,0.71
365,1790887021.3416548,-0.4583,0.0474,-0.7372,-0.2634,0.4527,0.3523,0.3468,0.3152,0.2923,0.3228,0.3357,0.3414,0.0,0.3235,-0.0,1.7258,1.083,0.0,2.29,0.0,3e-05,94.9,0.57
366,1790887021.8565404,-0.565,0.0577,-0.8577,-0.3667,0.3726,0.399,0.3915,0.4927,0.3785,0.3252,0.3407,0.3342,0.0,0.2603,-0.0,1.4096,1.083,0.0,2.277,0.0,3e-05,135.1,0.51
367,1790887022.4359083,-0.4242,0.0461,-0.7772,-0.2194,0.3117,0.2778,0.343,0.2921,0.259,0.3256,0.3403,0.3341,0.0,0.2091,-0.0,1.1539,1.083,0.0,2.286,0.0,3e-05,131.2,0.57
368,1790887023.1896136,-0.3317,0.0379,-0.5403,-0.1846,0.3098,0.2483,0.2004,0.2003,0.1837,0.3138,0.3443,0.3419,0.0,0.1979,-0.0,1.098,1.083,0.0,2.306,0.277,3.066666666666667e-05,138.7,0.75
369,1790887023.7369592,-0.563,0.071,-0.8821,-0.3162,0.3996,0.5005,0.4247,0.3635,0.355,0.323,0.3323,0.3447,0.0,0.2715,-0.0,1.466,1.084,0.0,2.309,0.0,3.066666666666667e-05,94.7,0.54
370,1790887024.4394884,-0.501,0.0692,-0.7548,-0.2805,0.4041,0.4318,0.3816,0.3085,0.2978,0.319,0.3414,0.3396,0.0,0.2984,-0.0,1.6,1.082,0.0,2.296,0.0,3.066666666666667e-05,93.1,0.69
371,1790887025.1301699,-0.3816,0.0757,-0.698,-0.1827,0.2684,0.1941,0.2715,0.3391,0.1812,0.3157,0.3465,0.3378,0.0,0.1816,-0.0,1.0165,1.084,0.0,2.249,0.0,3.066666666666667e-05,117.2,0.68
372,1790887025.9047062,-0.4657,0.0521,-0.8352,-0.2216,0.2618,0.3131,0.3296,0.3635,0.2836,0.315,0.3463,0.3387,0.0,0.1736,-0.0,0.9765,1.085,0.0,2.305,0.0,3.066666666666667e-05,140.1,0.77
373,1790887026.4566603,-0.5628,0.064,-0.8164,-0.2177,0.4274,0.4648,0.4561,0.3747,0.3713,0.3209,0.3396,0.3395,0.0,0.3068,-0.0,1.6421,1.083,0.0,2.308,0.0,3.066666666666667e-05,99.2,0.54
374,1790887027.068681,-0.5268,0.0713,-0.7889,-0.3112,0.3853,0.4727,0.3451,0.3614,0.3233,0.3192,0.3449,0.3359,0.0,0.2697,-0.0,1.4566,1.083,0.0,2.309,0.0,3.066666666666667e-05,108.9,0.6
375,1790887027.6332655,-0.4515,0.0615,-0.7318,-0.1841,0.3988,0.3584,0.2977,0.3251,0.2717,0.3223,0.3392,0.3385,0.0,0.2693,-0.0,1.4548,1.083,0.0,2.276,0.0,3.066666666666667e-05,140.5,0.56
376,1790887030.28453,-0.5073,0.0424,-0.8722,-0.275,0.3043,0.3888,0.3476,0.3944,0.3295,0.3163,0.3448,0.339,0.0,0.1924,-0.0,1.0704,1.085,0.0,2.299,0.541,3.1333333333333334e-05,151.3,0.64
377,1790887030.8241205,-0.5425,0.0945,-0.7804,-0.2587,0.4163,0.4932,0.3634,0.3854,0.3275,0.3205,0.3362,0.3432,0.0,0.2913,-0.0,1.565,1.084,0.0,2.298,0.0,3.1333333333333334e-05,99.5,0.53
378,1790887031.3557694,-0.5284,0.107,-0.8755,-0.3006,0.2046,0.4145,0.3015,0.4736,0.2892,0.322,0.3456,0.3324,0.0,0.1251,-0.0,0.7338,1.085,0.0,2.278,0.0,3.1333333333333334e-05,120.8,0.52
379,1790887031.877991,-0.4286,0.0713,-0.7944,-0.2091,0.2831,0.3088,0.3748,0.2526,0.2419,0.3181,0.3458,0.3361,0.0,0.184,-0.0,1.0285,1.085,0.0,2.305,0.0,3.1333333333333334e-05,139.2,0.51
380,1790887032.4742785,-0.4605,0.0927,-0.8821,-0.1514,0.3245,0.4324,0.2611,0.3219,0.2492,0.3127,0.3497,0.3376,0.0,0.2188,0.0,1.2022,1.084,0.0,2.309,0.0,3.1333333333333334e-05,165.2,0.59
381,1790887032.9921987,-0.5849,0.077,-0.8722,-0.2685,0.3802,0.4817,0.4428,0.4082,0.3688,0.319,0.3394,0.3416,0.0,0.2727,-0.0,1.472,1.086,0.0,2.304,0.0,3.1333333333333334e-05,102.5,0.51
382,1790887033.5375733,-0.5801,0.0352,-0.8591,-0.428,0.3754,0.4546,0.434,0.4355,0.4042,0.3216,0.3414,0.337,0.0,0.2449,-0.0,1.3327,1.082,0.0,2.298,0.0,3.1333333333333334e-05,122.9,0.54
383,1790887034.1303167,-0.4007,0.0474,-0.6685,-0.17,0.3613,0.2868,0.3146,0.2575,0.2446,0.318,0.3442,0.3377,0.0,0.2459,-0.0,1.3376,1.083,0.0,2.301,0.0,3.1333333333333334e-05,132.5,0.58
384,1790887034.7521503,-0.5337,0.0588,-0.7816,-0.1757,0.3198,0.4318,0.3573,0.4179,0.3439,0.3167,0.3462,0.3371,0.0,0.2091,-0.0,1.1536,1.084,0.0,2.304,0.565,3.2000000000000005e-05,162.6,0.61
385,1790887035.2678635,-0.4574,0.0598,-0.7991,-0.2083,0.376,0.3351,0.3664,0.3058,0.2707,0.3169,0.3399,0.3432,0.0,0.257,-0.0,1.3934,1.084,0.0,2.295,0.0,3.2000000000000005e-05,102.2,0.51
386,1790887035.7833567,-0.4094,0.0516,-0.6169,-0.2243,0.2973,0.2703,0.2658,0.3512,0.2492,0.3231,0.3437,0.3332,0.0,0.1958,-0.0,1.0874,1.085,0.0,2.289,0.0,3.2000000000000005e-05,128.9,0.51
387,1790887036.2879329,-0.4988,0.0693,-0.7616,-0.189,0.3236,0.4572,0.357,0.3179,0.3113,0.3203,0.347,0.3326,0.0,0.2244,-0.0,1.2304,1.084,0.0,2.299,0.0,3.2000000000000005e-05,156.2,0.5
388,1790887036.9890065,-0.357,0.033,-0.6602,-0.0599,0.2701,0.2734,0.2382,0.2447,0.2196,0.3151,0.3453,0.3396,0.0,0.1758,-0.0,0.9874,1.085,0.0,2.302,0.0,3.2000000000000005e-05,150.6,0.69
389,1790887037.486195,-0.5032,0.068,-0.8833,-0.1794,0.3468,0.3489,0.3662,0.4304,0.3183,0.3217,0.3395,0.3389,0.0,0.2505,-0.0,1.3609,1.084,0.0,2.289,0.0,3.2000000000000005e-05,109.3,0.49
390,1790887038.2568235,-0.5507,0.1412,-0.8713,-0.2493,0.3344,0.2909,0.5914,0.3651,0.2885,0.3175,0.3476,0.3348,0.0,0.2045,-0.0,1.1312,1.084,0.0,2.235,0.0,3.2000000000000005e-05,89.3,0.76
391,1790887038.8324144,-0.4786,0.0905,-0.823,-0.2849,0.4891,0.2909,0.3011,0.4639,0.2756,0.3148,0.3416,0.3436,0.0,0.333,-0.0,1.7732,1.082,0.0,2.165,0.0,3.2000000000000005e-05,138.2,0.57
392,1790887039.5087478,-0.4887,0.0271,-0.643,-0.2186,0.4015,0.3579,0.3521,0.3444,0.3277,0.311,0.3453,0.3438,0.0,0.2631,-0.0,1.4236,1.083,0.0,2.307,0.164,3.266666666666667e-05,167.1,0.67
393,1790887039.9798927,-0.5615,0.0519,-0.7882,-0.3076,0.3493,0.3955,0.4329,0.4441,0.3697,0.3172,0.343,0.3398,0.0,0.291,-0.0,1.5632,1.083,0.0,2.29,0.0,3.266666666666667e-05,107.7,0.46
394,1790887040.8006027,-0.4845,0.0514,-0.7622,-0.3006,0.3432,0.3931,0.3443,0.3425,0.3088,0.3167,0.3501,0.3332,0.0,0.2427,-0.0,1.322,1.083,0.0,2.309,0.0,3.266666666666667e-05,79.2,0.81
395,1790887041.3351314,-0.4959,0.0636,-0.828,-0.2818,0.4007,0.3691,0.3152,0.408,0.2978,0.3128,0.3436,0.3435,0.0,0.2756,-0.0,1.4864,1.083,0.0,2.309,0.0,3.266666666666667e-05,152.9,0.53
396,1790887042.1792698,-0.3639,0.0406,-0.5975,-0.1721,0.4714,0.2323,0.2844,0.2444,0.217,0.3123,0.3452,0.3424,0.0,0.3304,-0.0,1.76,1.079,0.0,2.303,0.0,3.266666666666667e-05,120.4,0.83
397,1790887042.767008,-0.4479,0.0484,-0.6486,-0.2515,0.4242,0.2816,0.3515,0.3486,0.2777,0.3148,0.3391,0.3461,0.0,0.2943,-0.0,1.5797,1.085,0.0,2.309,0.0,3.266666666666667e-05,89.7,0.58
398,1790887043.3352797,-0.5093,0.1023,-0.8412,-0.105,0.3666,0.3408,0.3099,0.5049,0.3012,0.3196,0.3425,0.3379,0.0,0.2562,-0.0,1.3892,1.084,0.0,2.143,0.0,3.266666666666667e-05,122.6,0.56
399,1790887043.9772263,-0.4102,0.051,-0.665,-0.2032,0.2736,0.3371,0.2721,0.273,0.2459,0.3117,0.3492,0.339,0.0,0.1865,0.0,1.0409,1.083,0.0,2.271,0.0,3.266666666666667e-05,127.3,0.63
400,1790887044.5874135,-0.4905,0.079,-0.8626,-0.2955,0.4145,0.3405,0.3011,0.4536,0.2934,0.3143,0.3424,0.3434,0.0,0.2717,-0.0,1.4669,1.084,0.0,2.267,0.598,3.3333333333333335e-05,165.1,0.6
401,1790887047.223353,-0.5316,0.0469,-0.7276,-0.382,0.4505,0.4099,0.4066,0.3907,0.3561,0.3087,0.3437,0.3476,0.0,0.3373,-0.0,1.7946,1.083,0.0,2.308,0.0,3.3333333333333335e-05,74.1,0.67
402,1790887047.7441752,-0.5217,0.0649,-0.8397,-0.275,0.4977,0.3473,0.3913,0.4291,0.3266,0.3113,0.3437,0.345,0.0,0.3531,-0.0,1.8737,1.082,0.0,2.283,0.0,3.3333333333333335e-05,122.0,0.51
403,1790887048.2704122,-0.4729,0.0501,-0.6716,-0.2176,0.3851,0.3519,0.3544,0.3471,0.3015,0.3134,0.346,0.3407,0.0,0.2518,-0.0,1.3672,1.083,0.0,2.301,0.0,3.3333333333333335e-05,160.4,0.52
404,1790887048.7976756,-0.5842,0.1299,-0.8782,-0.2723,0.3246,0.5044,0.5532,0.302,0.302,0.312,0.3487,0.3393,0.0,0.216,-0.0,1.1885,1.084,0.0,2.284,0.0,3.3333333333333335e-05,192.5,0.52
405,1790887049.3181849,-0.5538,0.0607,-0.8389,-0.2542,0.4265,0.391,0.479,0.4037,0.3566,0.3168,0.342,0.3412,0.0,0.3436,-0.0,1.8263,1.082,0.0,2.28,0.0,3.3333333333333335e-05,100.4,0.51
406,1790887049.8638506,-0.5906,0.0667,-0.7803,-0.3894,0.3481,0.3829,0.4908,0.4856,0.3778,0.3139,0.3516,0.3345,0.0,0.2444,-0.0,1.3299,1.082,0.0,2.309,0.0,3.3333333333333335e-05,122.0,0.54
407,1790887050.4398718,-0.4057,0.0349,-0.6171,-0.2315,0.325,0.313,0.2773,0.2817,0.2605,0.3223,0.3448,0.3329,0.0,0.2095,-0.0,1.1554,1.082,0.0,2.295,0.0,3.3333333333333335e-05,137.6,0.57
408,1790887051.0688872,-0.4994,0.0716,-0.8104,-0.2523,0.2725,0.3028,0.4049,0.3968,0.2907,0.3113,0.3498,0.3389,0.0,0.1887,-0.0,1.052,1.084,0.0,2.295,0.607,3.4000000000000007e-05,173.9,0.62
409,1790887051.5806382,-0.5032,0.0759,-0.766,-0.2813,0.5132,0.3883,0.3238,0.4317,0.3083,0.3095,0.3455,0.345,0.0,0.3714,-0.0,1.9651,1.082,0.0,2.304,0.0,3.4000000000000007e-05,110.2,0.5
410,1790887052.1175272,-0.4082,0.0551,-0.6898,-0.2621,0.2908,0.3468,0.2706,0.2604,0.2436,0.3153,0.3467,0.338,0.0,0.1841,-0.0,1.0289,1.083,0.0,2.299,0.0,3.4000000000000007e-05,133.4,0.53
411,1790887052.68831,-0.5748,0.0503,-0.8244,-0.2704,0.4002,0.4511,0.4017,0.4706,0.3863,0.3119,0.3477,0.3404,0.0,0.2806,-0.0,1.5112,1.082,0.0,2.306,0.0,3.4000000000000007e-05,140.8,0.56
412,1790887053.2959018,-0.4415,0.0584,-0.7481,-0.1771,0.3654,0.2864,0.2903,0.3857,0.2636,0.3093,0.3441,0.3466,0.0,0.2413,-0.0,1.3149,1.084,0.0,2.309,0.0,3.4000000000000007e-05,175.3,0.6
413,1790887053.8351316,-0.509,0.0529,-0.8309,-0.2264,0.3488,0.3671,0.3677,0.4031,0.3277,0.3154,0.3429,0.3417,0.0,0.2497,-0.0,1.357,1.085,0.0,2.309,0.0,3.4000000000000007e-05,102.0,0.53
414,1790887054.3902156,-0.5009,0.0788,-0.7971,-0.2542,0.3837,0.3085,0.4535,0.3484,0.2909,0.3117,0.3491,0.3391,0.0,0.2649,-0.0,1.4328,1.083,0.0,2.304,0.0,3.4000000000000007e-05,123.9,0.55
415,1790887054.9536738,-0.4199,0.0795,-0.7442,-0.1259,0.2235,0.3123,0.3507,0.2414,0.2275,0.314,0.3477,0.3383,0.0,0.1368,-0.0,0.7923,1.085,0.0,2.309,0.0,3.4000000000000007e-05,150.4,0.55
416,1790887055.5325818,-0.4568,0.0701,-0.7889,-0.2213,0.4122,0.4024,0.3131,0.2771,0.2568,0.3078,0.3476,0.3447,0.0,0.2695,-0.0,1.4558,1.082,0.0,2.302,0.261,3.466666666666667e-05,179.0,0.57
417,1790887056.090982,-0.4713,0.0551,-0.6917,-0.2667,0.3851,0.3884,0.2946,0.3524,0.2921,0.3158,0.3442,0.34,0.0,0.2683,-0.0,1.45,1.084,0.0,2.297,0.0,3.466666666666667e-05,104.5,0.55
418,1790887056.5935037,-0.4984,0.0625,-0.7437,-0.2583,0.3221,0.4228,0.3449,0.344,0.3089,0.3182,0.3438,0.3381,0.0,0.2242,0.0,1.2293,1.084,0.0,2.302,0.0,3.466666666666667e-05,140.0,0.49
419,1790887057.1802862,-0.4467,0.068,-0.6972,-0.2374,0.3633,0.2944,0.279,0.4013,0.2645,0.3117,0.3458,0.3425,0.0,0.2317,-0.0,1.2667,1.084,0.0,2.246,0.0,3.466666666666667e-05,143.1,0.58
420,1790887057.7853184,-0.4886,0.0972,-0.8022,-0.279,0.311,0.2934,0.3061,0.4803,0.2785,0.3075,0.3541,0.3384,0.0,0.1936,-0.0,1.0762,1.082,0.0,2.225,0.0,3.466666666666667e-05,185.0,0.6
421,1790887058.3284862,-0.5703,0.0425,-0.8167,-0.35,0.3726,0.4244,0.4463,0.444,0.3842,0.3132,0.3445,0.3423,0.0,0.286,-0.0,1.5382,1.084,0.0,2.301,0.0,3.466666666666667e-05,91.8,0.53
422,1790887058.881909,-0.5093,0.1069,-0.8621,-0.2625,0.3896,0.507,0.3056,0.3394,0.2967,0.3147,0.3402,0.3451,0.0,0.2637,-0.0,1.4267,1.084,0.0,2.285,0.0,3.466666666666667e-05,123.7,0.54
423,1790887059.4518108,-0.4624,0.0855,-0.7946,-0.1561,0.3214,0.4025,0.3783,0.2444,0.2444,0.3141,0.3488,0.3371,0.0,0.2112,-0.0,1.1645,1.084,0.0,2.271,0.0,3.466666666666667e-05,139.6,0.56
424,1790887060.0531197,-0.441,0.0489,-0.6045,-0.3,0.3264,0.2772,0.3013,0.3467,0.2604,0.3062,0.3509,0.3428,0.0,0.2269,-0.0,1.2428,1.082,0.0,2.296,0.573,3.5333333333333336e-05,176.7,0.59
425,1790887060.5513556,-0.4605,0.0596,-0.7769,-0.1486,0.3603,0.3563,0.3675,0.2971,0.2691,0.3121,0.3459,0.342,0.0,0.2444,-0.0,1.3302,1.084,0.0,2.305,0.0,3.5333333333333336e-05,117.6,0.49
426,1790887063.0772889,-0.493,0.04,-0.6786,-0.3436,0.4186,0.3541,0.3941,0.3359,0.3205,0.3164,0.3425,0.3411,0.0,0.3004,-0.0,1.61,1.082,0.0,2.279,0.0,3.5333333333333336e-05,87.4,0.77
427,1790887063.6155596,-0.5261,0.0512,-0.742,-0.2813,0.3409,0.3842,0.4494,0.342,0.3348,0.3172,0.3467,0.336,0.0,0.2308,-0.0,1.2621,1.082,0.0,2.308,0.0,3.5333333333333336e-05,153.9,0.53
428,1790887064.1237586,-0.4637,0.0341,-0.6803,-0.2749,0.3162,0.3144,0.3583,0.3318,0.2963,0.309,0.3473,0.3437,0.0,0.2093,-0.0,1.1547,1.084,0.0,2.297,0.0,3.5333333333333336e-05,202.1,0.5
429,1790887064.674917,-0.5248,0.0737,-0.8619,-0.1679,0.3709,0.3534,0.4793,0.3488,0.3222,0.3151,0.3414,0.3436,0.0,0.2596,-0.0,1.4064,1.085,0.0,2.184,0.0,3.5333333333333336e-05,95.5,0.54
430,1790887065.133472,-0.4942,0.071,-0.7152,-0.204,0.3619,0.4041,0.3822,0.3067,0.2992,0.3127,0.3499,0.3374,0.0,0.2501,-0.0,1.3589,1.083,0.0,2.305,0.0,3.5333333333333336e-05,149.9,0.45
431,1790887065.7006185,-0.3741,0.0326,-0.594,-0.2375,0.4097,0.2482,0.2714,0.2609,0.2296,0.3116,0.347,0.3414,0.0,0.2501,-0.0,1.3587,1.083,0.0,2.302,0.0,3.5333333333333336e-05,136.6,0.56
432,1790887066.2763305,-0.4519,0.0415,-0.7375,-0.1689,0.455,0.3418,0.3323,0.3055,0.2875,0.3068,0.3478,0.3454,0.0,0.3011,-0.0,1.6137,1.081,0.0,2.302,0.794,3.6e-05,168.8,0.57
433,1790887066.824925,-0.5418,0.0898,-0.8661,-0.2833,0.3409,0.474,0.4345,0.3399,0.3272,0.3122,0.345,0.3427,0.0,0.2305,-0.0,1.2608,1.085,0.0,2.298,0.0,3.6e-05,100.9,0.54
434,1790887067.3799927,-0.5198,0.0854,-0.7769,-0.1869,0.3255,0.3524,0.3338,0.4954,0.314,0.3141,0.3484,0.3375,0.0,0.2187,-0.0,1.2018,1.084,0.0,2.282,0.0,3.6e-05,118.0,0.55
435,1790887067.9114954,-0.4507,0.06,-0.6917,-0.2192,0.4262,0.3554,0.3166,0.3004,0.2691,0.3103,0.3474,0.3423,0.0,0.2954,-0.0,1.585,1.082,0.0,2.305,0.0,3.6e-05,141.0,0.52
436,1790887068.4945843,-0.4265,0.0377,-0.6112,-0.2265,0.2709,0.2807,0.3144,0.3199,0.2637,0.306,0.3562,0.3378,0.0,0.1967,-0.0,1.0919,1.083,0.0,2.307,0.0,3.6e-05,161.8,0.58
437,1790887069.0560367,-0.5139,0.0351,-0.6743,-0.3051,0.335,0.3726,0.4052,0.3675,0.3459,0.311,0.3492,0.3398,0.0,0.244,-0.0,1.3284,1.084,0.0,2.298,0.0,3.6e-05,98.1,0.55
438,1790887069.6448548,-0.5144,0.0592,-0.8118,-0.2786,0.2989,0.3675,0.36,0.4253,0.3216,0.308,0.3554,0.3366,0.0,0.1755,0.0,0.9858,1.082,0.0,2.308,0.0,3.6e-05,118.2,0.58
439,1790887070.385374,-0.5232,0.0524,-0.7929,-0.3926,0.3825,0.3481,0.4491,0.3679,0.3303,0.314,0.3461,0.3399,0.0,0.2487,-0.0,1.3516,1.083,0.0,2.293,0.0,3.6e-05,111.0,0.73
440,1790887071.029805,-0.5633,0.1824,-1.0132,-0.0524,0.4499,0.6608,0.2719,0.3714,0.2712,0.3036,0.3488,0.3476,0.0,0.293,-0.0,1.5729,1.082,0.0,2.125,0.148,3.6666666666666666e-05,159.9,0.64
441,1790887071.798917,-0.6025,0.0637,-0.85,-0.4,0.5345,0.4344,0.4628,0.4954,0.403,0.3067,0.3406,0.3527,0.0,0.3954,-0.0,2.085,1.083,0.0,2.309,0.0,3.6666666666666666e-05,58.8,0.76
442,1790887072.4229538,-0.4313,0.052,-0.7323,-0.1452,0.3042,0.2901,0.3266,0.3117,0.257,0.3125,0.3493,0.3382,0.0,0.2018,-0.0,1.1173,1.084,0.0,2.304,0.0,3.6666666666666666e-05,96.2,0.62
443,1790887072.96943,-0.4758,0.0723,-0.7318,-0.2075,0.4316,0.3189,0.2977,0.4251,0.2864,0.308,0.3465,0.3455,0.0,0.2878,-0.0,1.5473,1.083,0.0,2.304,0.0,3.6666666666666666e-05,131.1,0.54
444,1790887073.6929982,-0.4725,0.0775,-0.8446,-0.1693,0.3764,0.2641,0.3607,0.4124,0.261,0.3044,0.3504,0.3452,0.0,0.237,-0.0,1.2935,1.083,0.0,2.287,0.0,3.6666666666666666e-05,139.2,0.72
445,1790887074.2375164,-0.5108,0.0876,-0.7877,-0.257,0.4038,0.3482,0.4774,0.3406,0.3068,0.3093,0.3443,0.3464,0.0,0.2918,-0.0,1.5675,1.083,0.0,2.281,0.0,3.6666666666666666e-05,94.4,0.54
446,1790887074.8184078,-0.5218,0.0746,-0.8786,-0.2064,0.563,0.4714,0.3619,0.3308,0.3201,0.3112,0.3419,0.3469,0.0,0.4002,-0.0,2.1092,1.08,0.0,2.294,0.0,3.6666666666666666e-05,114.9,0.57
447,1790887075.5415816,-0.4157,0.0489,-0.7527,-0.2377,0.3563,0.3325,0.2586,0.2855,0.242,0.3099,0.3499,0.3402,0.0,0.2465,-0.0,1.3409,1.083,0.0,2.304,0.0,3.6666666666666666e-05,121.5,0.71
448,1790887076.224368,-0.4451,0.057,-0.7546,-0.2902,0.2484,0.382,0.2945,0.3015,0.2761,0.3035,0.3528,0.3437,0.0,0.1605,-0.0,0.9109,1.083,0.0,2.293,0.15,3.733333333333334e-05,167.4,0.67
449,1790887076.852435,-0.5034,0.0504,-0.7506,-0.2222,0.3996,0.3823,0.3868,0.3418,0.3173,0.3127,0.3453,0.342,0.0,0.2646,-0.0,1.4314,1.084,0.0,2.305,0.0,3.733333333333334e-05,84.9,0.62
450,1790887077.4193025,-0.4984,0.0578,-0.8221,-0.2403,0.3935,0.3883,0.4004,0.313,0.3105,0.3068,0.3516,0.3416,0.0,0.2712,-0.0,1.4643,1.082,0.0,2.309,0.0,3.733333333333334e-05,123.2,0.56
451,1790887079.8739257,-0.4291,0.0371,-0.5811,-0.3162,0.3298,0.2743,0.3147,0.3186,0.2636,0.314,0.3446,0.3414,0.0,0.2327,-0.0,1.272,1.084,0.0,2.309,0.0,3.733333333333334e-05,115.9,0.71
452,1790887080.5200174,-0.4366,0.0463,-0.8322,-0.1567,0.47,0.3391,0.342,0.2662,0.2662,0.3034,0.3476,0.3489,0.0,0.3306,-0.0,1.7611,1.081,0.0,2.309,0.0,3.733333333333334e-05,177.4,0.64
453,1790887081.0587587,-0.558,0.064,-0.7952,-0.2833,0.6008,0.4211,0.3847,0.459,0.3545,0.3006,0.3449,0.3545,0.0,0.4147,-0.0,2.1812,1.08,0.0,2.298,0.0,3.733333333333334e-05,96.3,0.53
454,1790887081.5895457,-0.5423,0.1164,-0.97,-0.185,0.3259,0.3542,0.323,0.5625,0.3129,0.3101,0.3531,0.3368,0.0,0.2318,-0.0,1.2672,1.084,0.0,2.154,0.0,3.733333333333334e-05,129.8,0.52
455,1790887082.1006649,-0.4839,0.1207,-0.8668,-0.2086,0.3492,0.492,0.3465,0.243,0.243,0.3092,0.3503,0.3405,0.0,0.2182,-0.0,1.1993,1.083,0.0,2.305,0.0,3.733333333333334e-05,161.7,0.5
456,1790887082.6601171,-0.4467,0.0621,-0.7477,-0.2392,0.3428,0.2966,0.3844,0.2785,0.2636,0.3005,0.3526,0.3468,0.0,0.2267,-0.0,1.242,1.083,0.0,2.309,0.386,3.8e-05,212.6,0.55
457,1790887083.189634,-0.4733,0.0477,-0.7362,-0.2264,0.5027,0.3617,0.3626,0.3364,0.3164,0.3079,0.344,0.3481,0.0,0.3324,-0.0,1.77,1.081,0.0,2.272,0.0,3.8e-05,95.2,0.52
458,1790887083.7397413,-0.5045,0.0815,-0.806,-0.2,0.2748,0.4467,0.3778,0.3033,0.2971,0.3069,0.3536,0.3395,0.0,0.1706,-0.0,0.9615,1.083,0.0,2.306,0.0,3.8e-05,124.4,0.54
459,1790887084.2943468,-0.4685,0.0484,-0.9139,-0.1847,0.3244,0.3103,0.3909,0.3346,0.2953,0.3065,0.352,0.3416,0.0,0.237,-0.0,1.2933,1.083,0.0,2.3,0.0,3.8e-05,150.3,0.55
460,1790887084.9938204,-0.486,0.0794,-0.7625,-0.2317,0.2779,0.4414,0.3183,0.3024,0.2871,0.2999,0.3594,0.3407,0.0,0.1731,-0.0,0.9736,1.082,0.0,2.302,0.0,3.8e-05,153.4,0.69
461,1790887085.775109,-0.4626,0.0573,-0.7114,-0.1402,0.2985,0.3475,0.3304,0.3442,0.2873,0.3145,0.3447,0.3408,0.0,0.1908,-0.0,1.0627,1.085,0.0,2.309,0.0,3.8e-05,72.2,0.77
462,1790887086.270025,-0.486,0.0665,-0.9127,-0.1576,0.3603,0.3743,0.4022,0.3034,0.2936,0.3093,0.3488,0.3419,0.0,0.2217,-0.0,1.2168,1.083,0.0,2.309,0.0,3.8e-05,142.8,0.49
463,1790887087.211391,-0.4212,0.0523,-0.775,-0.1538,0.2641,0.3386,0.2674,0.2792,0.2429,0.3081,0.3534,0.3385,0.0,0.1636,-0.0,0.9263,1.084,0.0,2.295,0.0,3.8e-05,89.4,0.93
464,1790887087.8807898,-0.383,0.0704,-0.7187,-0.115,0.2626,0.2117,0.2363,0.3485,0.2014,0.3008,0.3557,0.3436,0.0,0.1711,-0.0,0.9636,1.083,0.0,2.302,0.419,3.866666666666667e-05,181.1,0.66
465,1790887088.5009105,-0.4672,0.0626,-0.7426,-0.2412,0.4831,0.3464,0.4149,0.2911,0.2882,0.3068,0.3449,0.3483,0.0,0.3264,-0.0,1.7401,1.083,0.0,2.292,0.0,3.866666666666667e-05,85.5,0.61
466,1790887089.0805779,-0.4829,0.0516,-0.7311,-0.231,0.2748,0.3702,0.3729,0.3313,0.3063,0.3119,0.3496,0.3385,0.0,0.1862,-0.0,1.0392,1.084,0.0,2.276,0.0,3.866666666666667e-05,112.4,0.57
467,1790887089.722041,-0.4844,0.0967,-0.7636,-0.2508,0.3919,0.3102,0.3005,0.4753,0.2822,0.3054,0.3517,0.3429,0.0,0.3046,-0.0,1.6311,1.082,0.0,2.188,0.0,3.866666666666667e-05,125.9,0.63
468,1790887090.5606573,-0.3988,0.0491,-0.6893,-0.1473,0.6312,0.3367,0.2487,0.2607,0.2364,0.3015,0.345,0.3534,0.0,0.4427,-0.0,2.3214,1.079,0.0,2.295,0.0,3.866666666666667e-05,123.5,0.83
469,1790887091.2959907,-0.4997,0.0565,-0.699,-0.1898,0.3268,0.3379,0.386,0.3902,0.3145,0.311,0.3486,0.3405,0.0,0.2339,-0.0,1.2779,1.083,0.0,2.296,0.0,3.866666666666667e-05,74.1,0.73
470,1790887091.8379989,-0.4511,0.0588,-0.6917,-0.2748,0.3744,0.3754,0.3087,0.3148,0.2784,0.309,0.3461,0.3449,0.0,0.2507,-0.0,1.3619,1.083,0.0,2.305,0.0,3.866666666666667e-05,126.4,0.53
471,1790887092.641873,-0.4191,0.0779,-0.6265,-0.1833,0.3565,0.3102,0.3767,0.2224,0.2201,0.3083,0.3469,0.3448,0.0,0.2358,-0.0,1.2871,1.082,0.0,2.299,0.0,3.866666666666667e-05,95.8,0.79
472,1790887093.4733264,-0.4803,0.067,-0.7902,-0.2379,0.3929,0.4172,0.2854,0.3538,0.2836,0.297,0.3507,0.3523,0.0,0.2571,-0.0,1.3934,1.081,0.0,2.298,0.524,3.933333333333333e-05,136.6,0.82
473,1790887094.0038035,-0.5391,0.0736,-0.8318,-0.1738,0.3273,0.4857,0.3822,0.3646,0.3433,0.3081,0.3507,0.3411,0.0,0.2169,-0.0,1.193,1.083,0.0,2.297,0.0,3.933333333333333e-05,99.1,0.52
474,1790887094.6524045,-0.4656,0.0659,-0.6616,-0.2655,0.4214,0.3867,0.3767,0.266,0.266,0.3054,0.3519,0.3427,0.0,0.3076,-0.0,1.6461,1.081,0.0,2.254,0.0,3.933333333333333e-05,98.1,0.64
475,1790887095.1721933,-0.4978,0.0388,-0.66,-0.3134,0.3703,0.3741,0.3644,0.3625,0.3338,0.3035,0.3514,0.3451,0.0,0.2798,-0.0,1.5074,1.083,0.0,2.309,0.0,3.933333333333333e-05,152.1,0.51
476,1790887097.7352862,-0.4782,0.0578,-0.776,-0.1482,0.3139,0.4074,0.3279,0.3198,0.2955,0.3017,0.3537,0.3447,0.0,0.197,-0.0,1.0932,1.083,0.0,2.309,0.0,3.933333333333333e-05,147.3,0.73
477,1790887098.2339292,-0.5177,0.087,-0.8342,-0.2338,0.3639,0.452,0.4095,0.3052,0.2948,0.3112,0.3485,0.3403,0.0,0.2544,-0.0,1.3806,1.083,0.0,2.261,0.0,3.933333333333333e-05,106.4,0.49
478,1790887098.746849,-0.6084,0.08,-0.7971,-0.2549,0.4922,0.5257,0.5016,0.39,0.3802,0.3067,0.347,0.3463,0.0,0.3509,-0.0,1.8628,1.081,0.0,2.259,0.0,3.933333333333333e-05,131.1,0.5
479,1790887099.2204623,-0.4585,0.0461,-0.6975,-0.0537,0.3375,0.3213,0.3273,0.3491,0.2872,0.3085,0.3488,0.3426,0.0,0.2264,0.0,1.2405,1.083,0.0,2.308,0.0,3.933333333333333e-05,176.1,0.47
480,1790887099.7602267,-0.4699,0.061,-0.7622,-0.2196,0.3674,0.3477,0.2884,0.3831,0.2784,0.2981,0.356,0.3459,0.0,0.2485,-0.0,1.3507,1.081,0.0,2.308,0.84,4e-05,193.3,0.53
481,1790887100.295609,-0.5223,0.0464,-0.7111,-0.3308,0.5467,0.3752,0.3953,0.4027,0.3398,0.3028,0.3444,0.3528,0.0,0.4032,-0.0,2.124,1.08,0.0,2.309,0.0,4e-05,100.4,0.53
482,1790887100.834976,-0.4438,0.0287,-0.6842,-0.1872,0.3846,0.3064,0.3297,0.3261,0.2898,0.3069,0.3479,0.3452,0.0,0.2527,-0.0,1.3717,1.082,0.0,2.295,0.0,4e-05,129.9,0.53
483,1790887101.5156927,-0.4682,0.054,-0.7039,-0.2639,0.3862,0.3201,0.3226,0.3908,0.2925,0.3038,0.3532,0.343,0.0,0.2655,-0.0,1.4355,1.08,0.0,2.306,0.0,4e-05,125.1,0.67
484,1790887102.1400423,-0.4085,0.0495,-0.8372,-0.194,0.3361,0.2788,0.2538,0.3423,0.2453,0.3073,0.3499,0.3428,0.0,0.2291,-0.0,1.2537,1.082,0.0,2.309,0.0,4e-05,171.7,0.61
485,1790887102.699419,-0.511,0.0645,-0.7084,-0.2249,0.4735,0.4201,0.3212,0.3983,0.3139,0.3028,0.3465,0.3507,0.0,0.333,-0.0,1.7731,1.08,0.0,2.309,0.0,4e-05,100.7,0.55
486,1790887103.261627,-0.4697,0.053,-0.866,-0.1988,0.2936,0.3525,0.3617,0.3405,0.3011,0.3085,0.3526,0.3389,0.0,0.1998,-0.0,1.1074,1.082,0.0,2.305,0.0,4e-05,121.9,0.56
487,1790887104.0142355,-0.4871,0.0553,-0.8401,-0.2644,0.4151,0.4007,0.3328,0.3398,0.2993,0.3026,0.3531,0.3442,0.0,0.2816,-0.0,1.516,1.081,0.0,2.207,0.0,4e-05,108.5,0.74
488,1790887104.633872,-0.4393,0.0419,-0.7682,-0.2142,0.3221,0.3016,0.2717,0.3482,0.2621,0.3001,0.3551,0.3449,0.0,0.2134,-0.0,1.175,1.081,0.0,2.292,0.688,4.066666666666667e-05,172.1,0.61
489,1790887105.2473185,-0.5752,0.054,-0.8235,-0.3462,0.5164,0.3859,0.4613,0.4727,0.3806,0.2994,0.3469,0.3538,0.0,0.3632,-0.0,1.9239,1.08,0.0,2.297,0.0,4.066666666666667e-05,79.8,0.61
490,1790887105.8010895,-0.4528,0.0394,-0.5953,-0.2244,0.4258,0.3012,0.3437,0.3391,0.2855,0.3063,0.3484,0.3453,0.0,0.2872,-0.0,1.5439,1.081,0.0,2.306,0.0,4.066666666666667e-05,126.0,0.54
491,1790887106.3955827,-0.445,0.0653,-0.7587,-0.2429,0.3493,0.3541,0.3314,0.2727,0.2559,0.3027,0.3533,0.344,0.0,0.2175,-0.0,1.1959,1.083,0.0,2.304,0.0,4.066666666666667e-05,148.4,0.59
492,1790887107.1019752,-0.4869,0.0637,-0.8741,-0.2163,0.3553,0.414,0.3705,0.3033,0.2901,0.2972,0.3555,0.3473,0.0,0.2366,-0.0,1.2913,1.082,0.0,2.273,0.0,4.066666666666667e-05,154.2,0.7
493,1790887107.6952918,-0.5443,0.059,-0.8048,-0.2955,0.3903,0.4016,0.4464,0.4025,0.3572,0.3065,0.3489,0.3446,0.0,0.2698,-0.0,1.4572,1.081,0.0,2.262,0.0,4.066666666666667e-05,100.8,0.59
494,1790887108.3007598,-0.4586,0.0827,-0.7216,-0.1868,0.4296,0.4198,0.3137,0.2595,0.2524,0.3088,0.3473,0.3439,0.0,0.2968,-0.0,1.5923,1.082,0.0,2.298,0.0,4.066666666666667e-05,112.6,0.6
495,1790887108.9371095,-0.4447,0.0456,-0.7361,-0.2686,0.3165,0.2844,0.3406,0.3361,0.2772,0.3075,0.3484,0.344,0.0,0.1952,-0.0,1.084,1.083,0.0,2.289,0.0,4.066666666666667e-05,134.5,0.63
496,1790887109.6103556,-0.5029,0.0776,-1.0058,-0.2891,0.2661,0.4549,0.3174,0.3418,0.2919,0.3001,0.3563,0.3436,0.0,0.1644,-0.0,0.9302,1.084,0.0,2.307,0.357,4.133333333333333e-05,148.8,0.66
497,1790887110.2229948,-0.6029,0.0555,-0.8813,-0.3635,0.405,0.4434,0.4439,0.5119,0.4089,0.3027,0.3501,0.3471,0.0,0.275,-0.0,1.4831,1.082,0.0,2.304,0.0,4.133333333333333e-05,97.1,0.6
498,1790887111.0150638,-0.428,0.0716,-0.6783,-0.1861,0.302,0.3287,0.2539,0.3482,0.2353,0.3049,0.3511,0.344,0.0,0.215,-0.0,1.1833,1.084,0.0,2.294,0.0,4.133333333333333e-05,88.2,0.78
499,1790887111.6876845,-0.4728,0.0482,-0.6019,-0.2142,0.3587,0.3315,0.3899,0.3002,0.2835,0.303,0.3557,0.3413,0.0,0.2379,-0.0,1.2976,1.08,0.0,2.307,0.0,4.133333333333333e-05,126.7,0.66
500,1790887113.503988,-0.3753,0.0431,-0.6985,-0.1277,0.3978,0.2694,0.2917,0.2294,0.2232,0.2973,0.3503,0.3524,0.0,0.2695,-0.0,1.4558,1.082,0.0,2.307,0.0,4.133333333333333e-05,60.5,1.81
501,1790887117.3731298,-0.5127,0.0603,-0.7622,-0.1701,0.4228,0.4321,0.4035,0.3283,0.3259,0.3014,0.3509,0.3476,0.0,0.2872,-0.0,1.5443,1.081,0.0,2.305,0.0,4.133333333333333e-05,71.7,0.74
502,1790887117.8744586,-0.5948,0.0507,-0.9395,-0.3581,0.3966,0.5154,0.4157,0.433,0.4053,0.3042,0.3494,0.3465,0.0,0.2889,-0.0,1.5529,1.082,0.0,2.308,0.0,4.133333333333333e-05,135.7,0.49
503,1790887118.395137,-0.4435,0.0522,-0.7611,-0.1942,0.3394,0.2872,0.3329,0.3311,0.2634,0.3007,0.3563,0.3429,0.0,0.2215,-0.0,1.2154,1.08,0.0,2.296,0.0,4.133333333333333e-05,160.6,0.51
504,1790887118.969457,-0.4646,0.1099,-0.8625,-0.1996,0.2858,0.4496,0.3562,0.2254,0.2254,0.3018,0.3563,0.3419,0.0,0.174,-0.0,0.9783,1.083,0.0,2.308,0.5,4.2e-05,176.5,0.57
505,1790887119.4872158,-0.501,0.0488,-0.7163,-0.3174,0.3826,0.3986,0.3709,0.3604,0.3302,0.304,0.3522,0.3438,0.0,0.2619,-0.0,1.4179,1.082,0.0,2.308,0.0,4.2e-05,107.2,0.51
506,1790887120.0310805,-0.5132,0.0759,-0.84,-0.2669,0.3809,0.4322,0.3975,0.3237,0.3053,0.304,0.3507,0.3453,0.0,0.2554,-0.0,1.3851,1.083,0.0,2.288,0.0,4.2e-05,131.9,0.54
507,1790887120.5198617,-0.5842,0.0831,-0.8788,-0.3282,0.3602,0.3459,0.5117,0.4822,0.3432,0.3002,0.3541,0.3457,0.0,0.2455,-0.0,1.3355,1.081,0.0,2.305,0.0,4.2e-05,174.3,0.48
508,1790887121.1036859,-0.5042,0.0438,-0.9034,-0.1829,0.436,0.3583,0.3714,0.3963,0.3325,0.293,0.3563,0.3506,0.0,0.3034,-0.0,1.625,1.08,0.0,2.309,0.0,4.2e-05,172.9,0.57
509,1790887121.6441886,-0.472,0.051,-0.7622,-0.1978,0.3832,0.3192,0.3756,0.3533,0.2942,0.2985,0.349,0.3524,0.0,0.3116,-0.0,1.6662,1.081,0.0,2.307,0.0,4.2e-05,105.3,0.53
510,1790887122.1844316,-0.5092,0.0789,-0.775,-0.355,0.3487,0.4723,0.3172,0.3407,0.3087,0.3057,0.35,0.3443,0.0,0.2244,-0.0,1.2304,1.082,0.0,2.2,0.0,4.2e-05,123.1,0.53
511,1790887122.717426,-0.5055,0.0429,-0.6964,-0.2669,0.4395,0.3738,0.4057,0.3341,0.3251,0.3015,0.3533,0.3452,0.0,0.2894,-0.0,1.5551,1.08,0.0,2.28,0.0,4.2e-05,154.3,0.52
512,1790887123.26603,-0.354,0.045,-0.6396,-0.1342,0.3575,0.2489,0.2146,0.2683,0.2044,0.297,0.3563,0.3467,0.0,0.2347,-0.0,1.2817,1.082,0.0,2.287,0.223,4.266666666666667e-05,188.0,0.54
513,1790887124.2942116,-0.5721,0.0791,-0.9,-0.2867,0.4274,0.5057,0.449,0.3664,0.3591,0.2962,0.3526,0.3512,0.0,0.3302,-0.0,1.7591,1.082,0.0,2.309,0.0,4.266666666666667e-05,52.1,1.02
514,1790887125.617363,-0.4945,0.0633,-0.7411,-0.2908,0.3054,0.3612,0.422,0.3042,0.2994,0.2975,0.3557,0.3468,0.0,0.2189,-0.0,1.2024,1.082,0.0,2.294,0.0,4.266666666666667e-05,53.0,1.31
515,1790887126.4669197,-0.4729,0.0542,-0.7071,-0.2647,0.3012,0.3181,0.373,0.3472,0.2925,0.3045,0.3546,0.3409,0.0,0.1991,-0.0,1.1038,1.083,0.0,2.289,0.0,4.266666666666667e-05,94.0,0.84
516,1790887127.0422628,-0.4631,0.0823,-0.7234,-0.2491,0.3229,0.276,0.2927,0.4339,0.2558,0.2931,0.3586,0.3483,0.0,0.2051,-0.0,1.1338,1.081,0.0,2.203,0.0,4.266666666666667e-05,204.3,0.57
517,1790887127.737817,-0.5091,0.049,-0.6955,-0.275,0.3465,0.3917,0.3742,0.3695,0.3354,0.306,0.3495,0.3446,0.0,0.2428,-0.0,1.3222,1.08,0.0,2.309,0.0,4.266666666666667e-05,80.1,0.69
518,1790887128.3395495,-0.5417,0.0738,-0.836,-0.2479,0.3213,0.4492,0.3274,0.4464,0.3232,0.3006,0.3536,0.3458,0.0,0.2092,-0.0,1.1545,1.083,0.0,2.296,0.0,4.266666666666667e-05,113.9,0.59
519,1790887129.132486,-0.5446,0.0579,-0.8625,-0.2786,0.3609,0.3738,0.4587,0.3994,0.3495,0.3016,0.3518,0.3466,0.0,0.2469,-0.0,1.3428,1.083,0.0,2.295,0.0,4.266666666666667e-05,104.0,0.78
520,1790887129.794895,-0.3396,0.024,-0.6318,-0.1269,0.3155,0.2371,0.2319,0.2286,0.2122,0.2983,0.3526,0.349,0.0,0.207,-0.0,1.1432,1.082,0.0,2.309,0.231,4.3333333333333334e-05,163.2,0.65
521,1790887130.4321625,-0.5483,0.1019,-0.8104,-0.2513,0.4089,0.3315,0.5105,0.4098,0.308,0.3019,0.3487,0.3494,0.0,0.2581,-0.0,1.3985,1.081,0.0,2.302,0.0,4.3333333333333334e-05,80.9,0.63
522,1790887130.9543147,-0.5128,0.0645,-0.7779,-0.2135,0.3813,0.4411,0.3629,0.3369,0.3219,0.3045,0.3491,0.3464,0.0,0.2575,-0.0,1.3959,1.082,0.0,2.287,0.0,4.3333333333333334e-05,121.9,0.51
523,1790887131.5680761,-0.4586,0.0558,-0.7356,-0.2815,0.2807,0.3427,0.3677,0.2818,0.2755,0.3016,0.3516,0.3467,0.0,0.2026,-0.0,1.1214,1.084,0.0,2.305,0.0,4.3333333333333334e-05,130.5,0.61
524,1790887132.3083963,-0.4561,0.0755,-0.7289,-0.2003,0.2921,0.4047,0.3388,0.2555,0.2511,0.2983,0.3547,0.347,0.0,0.1917,-0.0,1.0669,1.082,0.0,2.293,0.0,4.3333333333333334e-05,137.0,0.73
525,1790887132.8914087,-0.5304,0.0472,-0.739,-0.228,0.4724,0.3707,0.3778,0.4471,0.3481,0.2994,0.3496,0.351,0.0,0.3462,-0.0,1.839,1.081,0.0,2.304,0.0,4.3333333333333334e-05,94.9,0.58
526,1790887135.5437775,-0.6071,0.1481,-0.9333,-0.305,0.4159,0.3852,0.3742,0.6639,0.3562,0.2952,0.3562,0.3486,0.0,0.2596,-0.0,1.4059,1.081,0.0,2.28,0.0,4.3333333333333334e-05,87.1,0.81
527,1790887136.0790153,-0.4114,0.051,-0.7635,-0.1496,0.2578,0.3208,0.3021,0.2572,0.2504,0.3024,0.3564,0.3412,0.0,0.1687,-0.0,0.9519,1.082,0.0,2.305,0.0,4.3333333333333334e-05,154.4,0.53
528,1790887136.652623,-0.4575,0.0949,-0.7897,-0.1219,0.1792,0.451,0.2788,0.2831,0.261,0.2925,0.3585,0.349,0.0,0.108,-0.0,0.6481,1.082,0.0,2.244,0.424,4.4000000000000006e-05,169.0,0.56
529,1790887137.148766,-0.5434,0.0761,-0.8057,-0.2774,0.3497,0.3828,0.4591,0.3823,0.3282,0.2985,0.3528,0.3487,0.0,0.2506,-0.0,1.3613,1.082,0.0,2.306,0.0,4.4000000000000006e-05,108.9,0.49
530,1790887137.6971116,-0.4367,0.0573,-0.6801,-0.2392,0.3594,0.3697,0.2903,0.2894,0.2617,0.3,0.3501,0.3499,0.0,0.2493,-0.0,1.3546,1.082,0.0,2.309,0.0,4.4000000000000006e-05,124.8,0.54
531,1790887138.2648878,-0.4244,0.1142,-0.7846,-0.1393,0.3751,0.2388,0.2433,0.4469,0.222,0.2993,0.3513,0.3494,0.0,0.2182,-0.0,1.1992,1.082,0.0,2.044,0.0,4.4000000000000006e-05,148.9,0.56
532,1790887138.8733058,-0.4235,0.0609,-0.6793,-0.1955,0.2742,0.3619,0.2551,0.2948,0.2442,0.2877,0.3639,0.3484,0.0,0.1753,-0.0,0.9842,1.08,0.0,2.309,0.0,4.4000000000000006e-05,180.3,0.6
533,1790887139.4212031,-0.4638,0.0746,-0.7808,-0.2621,0.3683,0.4091,0.3372,0.2762,0.2676,0.2998,0.3494,0.3509,0.0,0.2531,-0.0,1.3737,1.083,0.0,2.292,0.0,4.4000000000000006e-05,105.0,0.54
534,1790887140.0087678,-0.4575,0.0671,-0.7034,-0.2237,0.3377,0.4101,0.2953,0.2934,0.2782,0.2977,0.3541,0.3482,0.0,0.2337,-0.0,1.2764,1.08,0.0,2.309,0.0,4.4000000000000006e-05,114.3,0.58
535,1790887140.5189977,-0.4634,0.0565,-0.6925,-0.2213,0.3745,0.3615,0.3656,0.2953,0.285,0.2925,0.3574,0.3501,0.0,0.2407,-0.0,1.3118,1.081,0.0,2.304,0.0,4.4000000000000006e-05,154.9,0.5
536,1790887141.1325781,-0.4679,0.0842,-0.7306,-0.2631,0.3059,0.4424,0.2759,0.3075,0.2648,0.293,0.3568,0.3501,0.0,0.1994,-0.0,1.1051,1.082,0.0,2.288,0.816,4.466666666666667e-05,166.4,0.6
537,1790887141.935098,-0.5582,0.0508,-0.8797,-0.3764,0.3761,0.3998,0.4208,0.4493,0.3716,0.2984,0.3478,0.3538,0.0,0.2682,-0.0,1.4489,1.081,0.0,2.309,0.0,4.466666666666667e-05,64.8,0.79
538,1790887143.0220912,-0.4453,0.0619,-0.8409,-0.1273,0.2431,0.3662,0.2944,0.3187,0.2721,0.2989,0.3513,0.3497,0.0,0.1367,-0.0,0.7918,1.084,0.0,2.304,0.0,4.466666666666667e-05,62.5,1.08
539,1790887143.6208563,-0.4496,0.0674,-0.8167,-0.2071,0.3011,0.3938,0.2603,0.3099,0.2573,0.2957,0.3543,0.35,0.0,0.1983,-0.0,1.0995,1.081,0.0,2.307,0.0,4.466666666666667e-05,145.5,0.59
540,1790887144.2182968,-0.438,0.0431,-0.6302,-0.2433,0.349,0.3277,0.3068,0.3047,0.2707,0.2855,0.3602,0.3543,0.0,0.2248,-0.0,1.2318,1.079,0.0,2.299,0.0,4.466666666666667e-05,193.5,0.59
541,1790887144.7205515,-0.5783,0.1449,-0.9205,-0.329,0.3913,0.624,0.3976,0.3232,0.3155,0.2999,0.3517,0.3484,0.0,0.27,-0.0,1.4583,1.081,0.0,2.254,0.0,4.466666666666667e-05,105.8,0.49
542,1790887145.671935,-0.4513,0.0422,-0.6932,-0.2145,0.4117,0.3238,0.318,0.3372,0.2854,0.294,0.3555,0.3504,0.0,0.2966,-0.0,1.5912,1.08,0.0,2.304,0.0,4.466666666666667e-05,75.9,0.92
543,1790887146.2663424,-0.4567,0.0527,-0.7654,-0.1803,0.249,0.373,0.2943,0.3197,0.2742,0.295,0.3572,0.3478,0.0,0.1718,-0.0,0.967,1.082,0.0,2.309,0.0,4.466666666666667e-05,133.3,0.59
544,1790887147.2051945,-0.3601,0.0311,-0.5342,-0.1866,0.2487,0.2372,0.2635,0.2351,0.2175,0.2889,0.3615,0.3496,0.0,0.1542,-0.0,0.8791,1.081,0.0,2.298,0.672,4.5333333333333335e-05,112.5,0.93
545,1790887148.0185306,-0.5297,0.068,-0.8643,-0.0863,0.3976,0.4296,0.3431,0.4584,0.3357,0.2935,0.3504,0.3562,0.0,0.2851,-0.0,1.5337,1.081,0.0,2.296,0.0,4.5333333333333335e-05,65.7,0.81
546,1790887148.8056028,-0.5068,0.0543,-0.7849,-0.2148,0.4174,0.3665,0.4085,0.3767,0.3333,0.2928,0.3522,0.3549,0.0,0.254,-0.0,1.378,1.08,0.0,2.282,0.0,4.5333333333333335e-05,85.7,0.78
547,1790887149.5906172,-0.4077,0.07,-0.65,-0.1908,0.2854,0.3516,0.2194,0.2877,0.2158,0.2921,0.3556,0.3523,0.0,0.178,-0.0,0.9984,1.082,0.0,2.303,0.0,4.5333333333333335e-05,107.9,0.78
548,1790887150.2175372,-0.4328,0.0582,-0.7639,-0.2204,0.3387,0.3,0.3547,0.271,0.2468,0.2887,0.3563,0.355,0.0,0.2312,-0.0,1.2641,1.08,0.0,2.279,0.0,4.5333333333333335e-05,174.2,0.62
549,1790887151.2089722,-0.5231,0.0502,-0.7567,-0.3143,0.4277,0.3892,0.4238,0.3524,0.3328,0.2985,0.3484,0.3532,0.0,0.3102,-0.0,1.659,1.082,0.0,2.305,0.0,4.5333333333333335e-05,54.6,0.98
550,1790887151.8301246,-0.4111,0.0479,-0.6922,-0.1749,0.3423,0.2598,0.303,0.3165,0.2462,0.3012,0.348,0.3509,0.0,0.2236,-0.0,1.2261,1.083,0.0,2.307,0.0,4.5333333333333335e-05,113.3,0.61
551,1790887154.4404347,-0.4386,0.0462,-0.63,-0.2524,0.3003,0.3313,0.296,0.3127,0.2673,0.2963,0.3515,0.3522,0.0,0.2047,-0.0,1.1318,1.082,0.0,2.292,0.0,4.5333333333333335e-05,126.6,0.68
552,1790887155.0038104,-0.5308,0.0629,-0.8324,-0.2132,0.3645,0.4068,0.4278,0.3519,0.3444,0.2919,0.3568,0.3513,0.0,0.2473,-0.0,1.3447,1.08,0.0,2.277,0.225,4.600000000000001e-05,194.2,0.55
553,1790887155.5089571,-0.5571,0.0544,-0.7817,-0.2823,0.3332,0.4093,0.4314,0.4219,0.37,0.2953,0.3532,0.3515,0.0,0.2292,0.0,1.2542,1.081,0.0,2.309,0.0,4.600000000000001e-05,107.1,0.5
554,1790887156.0682995,-0.53,0.0396,-0.7756,-0.3035,0.3836,0.4408,0.378,0.3894,0.3612,0.2958,0.3581,0.3462,0.0,0.2635,-0.0,1.4255,1.079,0.0,2.308,0.0,4.600000000000001e-05,124.5,0.55
555,1790887156.612051,-0.5205,0.0733,-0.7382,-0.246,0.3343,0.4509,0.3957,0.334,0.3121,0.2908,0.3575,0.3518,0.0,0.2206,-0.0,1.2108,1.08,0.0,2.299,0.0,4.600000000000001e-05,156.5,0.53
556,1790887157.1735578,-0.4071,0.0652,-0.6668,-0.1233,0.2882,0.3234,0.3141,0.2273,0.2263,0.2922,0.3548,0.3531,0.0,0.1855,-0.0,1.0358,1.081,0.0,2.306,0.0,4.600000000000001e-05,189.5,0.55
557,1790887157.7067683,-0.5838,0.0763,-0.7929,-0.2969,0.3105,0.4637,0.3717,0.515,0.3641,0.2951,0.3535,0.3514,0.0,0.1953,-0.0,1.0845,1.082,0.0,2.304,0.0,4.600000000000001e-05,99.8,0.53
558,1790887158.1903062,-0.4642,0.0585,-0.6817,-0.1524,0.3621,0.3846,0.3102,0.3311,0.2899,0.2938,0.3552,0.351,0.0,0.2374,-0.0,1.2949,1.08,0.0,2.288,0.0,4.600000000000001e-05,140.0,0.47
559,1790887158.7444146,-0.5235,0.0448,-0.7981,-0.2666,0.4111,0.392,0.4224,0.3817,0.3573,0.2839,0.3597,0.3563,0.0,0.2882,-0.0,1.5486,1.078,0.0,2.309,0.0,4.600000000000001e-05,145.7,0.54
560,1790887159.3408957,-0.4393,0.0548,-0.6375,-0.2342,0.3315,0.3745,0.283,0.3013,0.2695,0.2854,0.3622,0.3523,0.0,0.2105,-0.0,1.1602,1.079,0.0,2.309,0.598,4.666666666666667e-05,180.3,0.59
561,1790887159.8511922,-0.5047,0.0744,-0.7937,-0.1451,0.3329,0.3983,0.4297,0.3105,0.2962,0.2964,0.3502,0.3534,0.0,0.2442,-0.0,1.329,1.082,0.0,2.306,0.0,4.666666666666667e-05,92.5,0.5
562,1790887160.3966885,-0.43,0.0498,-0.6866,-0.2095,0.3632,0.3082,0.3313,0.2889,0.2625,0.289,0.3587,0.3523,0.0,0.2289,-0.0,1.2525,1.08,0.0,2.288,0.0,4.666666666666667e-05,112.5,0.54
563,1790887160.9239254,-0.6336,0.1488,-0.9833,-0.3356,0.433,0.3361,0.4851,0.6707,0.3361,0.2882,0.3567,0.3551,0.0,0.2988,-0.0,1.6016,1.078,0.0,2.287,0.0,4.666666666666667e-05,132.1,0.52
564,1790887161.5138938,-0.499,0.0497,-0.6983,-0.3074,0.4698,0.3938,0.3918,0.3176,0.3165,0.2831,0.3599,0.357,0.0,0.3186,-0.0,1.7006,1.077,0.0,2.303,0.0,4.666666666666667e-05,141.9,0.58
565,1790887162.093615,-0.5547,0.0665,-0.825,-0.2072,0.518,0.3731,0.4361,0.4788,0.3644,0.291,0.3491,0.36,0.0,0.3617,-0.0,1.9165,1.08,0.0,2.301,0.0,4.666666666666667e-05,88.1,0.57
566,1790887162.6721313,-0.4135,0.0699,-0.9138,-0.2652,0.2877,0.2575,0.3818,0.2673,0.2471,0.2907,0.3531,0.3562,0.0,0.202,-0.0,1.1183,1.082,0.0,2.309,0.0,4.666666666666667e-05,114.2,0.57
567,1790887163.2459247,-0.609,0.0845,-0.9056,-0.3508,0.3099,0.385,0.4776,0.5481,0.3709,0.2901,0.3593,0.3506,0.0,0.1983,-0.0,1.0994,1.08,0.0,2.287,0.0,4.666666666666667e-05,141.6,0.56
568,1790887163.7999709,-0.4074,0.0348,-0.5754,-0.2013,0.6186,0.2699,0.3001,0.2944,0.2546,0.2775,0.3534,0.3691,0.0,0.4351,-0.0,2.2829,1.075,0.0,2.304,0.646,4.7333333333333336e-05,188.1,0.54
569,1790887164.3239622,-0.5069,0.0786,-0.7726,-0.32,0.4466,0.3064,0.4408,0.3774,0.2995,0.2859,0.3522,0.3619,0.0,0.3039,-0.0,1.6274,1.08,0.0,2.273,0.0,4.7333333333333336e-05,97.7,0.51
570,1790887164.8733768,-0.5423,0.0389,-0.7634,-0.2493,0.4058,0.4126,0.4072,0.4073,0.3633,0.2839,0.3571,0.3589,0.0,0.259,-0.0,1.4026,1.078,0.0,2.308,0.0,4.7333333333333336e-05,115.8,0.54
571,1790887165.423069,-0.4639,0.0895,-0.9,-0.2174,0.3578,0.3368,0.2629,0.437,0.257,0.2915,0.3529,0.3555,0.0,0.2417,-0.0,1.3162,1.079,0.0,2.258,0.0,4.7333333333333336e-05,136.9,0.54
572,1790887166.0085196,-0.3748,0.0532,-0.616,-0.15,0.2712,0.3128,0.215,0.2533,0.2098,0.2823,0.3601,0.3575,0.0,0.1709,-0.0,0.9623,1.08,0.0,2.303,0.0,4.7333333333333336e-05,161.2,0.58
573,1790887166.539193,-0.5019,0.0432,-0.7447,-0.228,0.3646,0.3788,0.3835,0.3743,0.3402,0.2831,0.3558,0.361,0.0,0.2532,-0.0,1.3738,1.078,0.0,2.309,0.0,4.7333333333333336e-05,91.1,0.52
574,1790887167.1808913,-0.4442,0.0273,-0.7078,-0.2694,0.2889,0.3069,0.31,0.3258,0.2792,0.2903,0.3543,0.3554,0.0,0.1819,-0.0,1.0176,1.082,0.0,2.309,0.0,4.7333333333333336e-05,129.0,0.51
575,1790887167.7523355,-0.5106,0.0737,-0.8409,-0.3205,0.3732,0.3534,0.3371,0.445,0.3146,0.2849,0.36,0.3551,0.0,0.2458,-0.0,1.337,1.078,0.0,2.282,0.0,4.7333333333333336e-05,135.9,0.56
576,1790887170.2919843,-0.4478,0.0919,-0.6825,-0.2102,0.3536,0.3936,0.3559,0.2388,0.2388,0.2828,0.359,0.3582,0.0,0.2285,-0.0,1.2503,1.079,0.0,2.308,0.285,4.8e-05,131.6,0.74
577,1790887170.7900145,-0.5436,0.0656,-0.7538,-0.1853,0.5439,0.4484,0.4297,0.3749,0.3495,0.2814,0.3538,0.3648,0.0,0.4078,0.0,2.1467,1.077,0.0,2.301,0.0,4.8e-05,107.0,0.49
578,1790887171.2348428,-0.483,0.0728,-0.824,-0.2133,0.3425,0.274,0.3648,0.4159,0.274,0.2902,0.3537,0.3561,0.0,0.2457,-0.0,1.3363,1.08,0.0,2.309,0.0,4.8e-05,157.6,0.44
579,1790887171.7157142,-0.5416,0.0556,-0.7068,-0.2278,0.3509,0.4432,0.3654,0.4165,0.3551,0.289,0.3583,0.3528,0.0,0.2532,-0.0,1.374,1.08,0.0,2.308,0.0,4.8e-05,167.3,0.47
580,1790887172.2761786,-0.3877,0.0328,-0.5094,-0.2223,0.3269,0.2486,0.28,0.2715,0.2315,0.2824,0.3599,0.3577,0.0,0.2066,-0.0,1.1411,1.079,0.0,2.213,0.0,4.8e-05,180.6,0.55
581,1790887172.8326197,-0.5123,0.0738,-0.7386,-0.15,0.4255,0.4185,0.4275,0.3271,0.314,0.2884,0.3532,0.3584,0.0,0.3093,-0.0,1.6544,1.08,0.0,2.309,0.0,4.8e-05,98.1,0.55
582,1790887173.3771482,-0.484,0.0518,-0.8509,-0.174,0.4443,0.3938,0.31,0.3863,0.3057,0.2892,0.3547,0.3561,0.0,0.3289,-0.0,1.7526,1.08,0.0,2.272,0.0,4.8e-05,122.8,0.54
583,1790887173.8872285,-0.4024,0.0379,-0.6357,-0.175,0.3609,0.2957,0.2725,0.2957,0.2517,0.2884,0.3593,0.3523,0.0,0.2377,-0.0,1.2963,1.079,0.0,2.303,0.0,4.8e-05,150.6,0.5
584,1790887174.4284258,-0.4114,0.0414,-0.5239,-0.1861,0.3595,0.2491,0.3172,0.3063,0.2455,0.2781,0.3607,0.3612,0.0,0.2299,-0.0,1.2573,1.077,0.0,2.277,0.166,4.866666666666667e-05,189.1,0.53
585,1790887174.9905896,-0.4899,0.0562,-0.8385,-0.2714,0.3816,0.337,0.3513,0.4138,0.3073,0.2926,0.3521,0.3553,0.0,0.3474,0.0,1.8449,1.081,0.0,2.294,0.0,4.866666666666667e-05,102.0,0.55
586,1790887175.9623811,-0.4945,0.056,-0.7927,-0.2667,0.253,0.3509,0.3662,0.3746,0.3046,0.283,0.3634,0.3536,0.0,0.1525,-0.0,0.8707,1.079,0.0,2.247,0.0,4.866666666666667e-05,78.1,0.96
587,1790887176.553851,-0.4037,0.0634,-0.7398,-0.1831,0.3785,0.2542,0.2596,0.3654,0.2354,0.2853,0.3556,0.3591,0.0,0.2525,-0.0,1.3703,1.079,0.0,2.267,0.0,4.866666666666667e-05,150.6,0.58
588,1790887177.2502599,-0.4397,0.0512,-0.7711,-0.1643,0.3383,0.3127,0.3096,0.332,0.2608,0.2802,0.3604,0.3594,0.0,0.2232,-0.0,1.2239,1.079,0.0,2.283,0.0,4.866666666666667e-05,157.1,0.69
589,1790887177.7957354,-0.5298,0.0896,-0.775,-0.2475,0.3959,0.4526,0.321,0.4414,0.3052,0.2873,0.3523,0.3604,0.0,0.2691,-0.0,1.4536,1.08,0.0,2.282,0.0,4.866666666666667e-05,87.9,0.54
590,1790887178.4346993,-0.4395,0.0565,-0.7152,-0.1944,0.378,0.341,0.2905,0.3208,0.2603,0.2789,0.3645,0.3566,0.0,0.2637,-0.0,1.4264,1.078,0.0,2.301,0.0,4.866666666666667e-05,99.1,0.63
591,1790887179.053409,-0.4941,0.0354,-0.8354,-0.3242,0.3691,0.3731,0.382,0.349,0.3276,0.2862,0.358,0.3558,0.0,0.2405,-0.0,1.3104,1.079,0.0,2.309,0.0,4.866666666666667e-05,129.6,0.61
592,1790887179.6869438,-0.4284,0.0242,-0.6101,-0.1938,0.3569,0.3046,0.3055,0.3132,0.2829,0.2769,0.3623,0.3609,0.0,0.2509,-0.0,1.3625,1.078,0.0,2.309,0.456,4.933333333333334e-05,163.1,0.63
593,1790887180.206288,-0.5925,0.0793,-0.8188,-0.2386,0.3684,0.4135,0.4093,0.5503,0.3834,0.2826,0.3594,0.3581,0.0,0.2552,-0.0,1.3839,1.08,0.0,2.309,0.0,4.933333333333334e-05,110.5,0.51
594,1790887180.7986455,-0.4934,0.0815,-0.7344,-0.2214,0.4564,0.2699,0.4033,0.4118,0.2666,0.2794,0.3645,0.3561,0.0,0.2964,-0.0,1.5897,1.075,0.0,2.282,0.0,4.933333333333334e-05,117.6,0.58
595,1790887181.4765258,-0.4176,0.0431,-0.6553,-0.2176,0.3504,0.302,0.3273,0.2543,0.2491,0.2914,0.3553,0.3533,0.0,0.2302,-0.0,1.2588,1.08,0.0,2.309,0.0,4.933333333333334e-05,117.2,0.67
596,1790887182.0324137,-0.4914,0.0776,-0.8773,-0.1702,0.3836,0.3928,0.4296,0.2787,0.2778,0.2768,0.3614,0.3618,0.0,0.2472,-0.0,1.3436,1.076,0.0,2.309,0.0,4.933333333333334e-05,190.1,0.55
597,1790887182.7395096,-0.5166,0.0656,-0.8571,-0.2931,0.2844,0.3177,0.3858,0.4511,0.3129,0.2896,0.3581,0.3523,0.0,0.1915,-0.0,1.0656,1.081,0.0,2.307,0.0,4.933333333333334e-05,86.1,0.7
598,1790887183.437962,-0.4257,0.0557,-0.7654,-0.1919,0.2842,0.3513,0.3056,0.25,0.25,0.2858,0.3583,0.356,0.0,0.1884,-0.0,1.0499,1.08,0.0,2.303,0.0,4.933333333333334e-05,102.4,0.69
599,1790887185.003203,-0.3764,0.044,-0.6112,-0.1327,0.2381,0.2515,0.2935,0.2369,0.214,0.2889,0.3587,0.3524,0.0,0.1397,-0.0,0.8068,1.082,0.0,2.309,0.0,4.933333333333334e-05,55.3,1.56
600,1790887185.756583,-0.4938,0.0584,-0.8849,-0.2551,0.3667,0.4015,0.3352,0.371,0.3072,0.2755,0.3635,0.361,0.0,0.231,-0.0,1.2624,1.076,0.0,2.288,0.322,5e-05,152.4,0.74
601,1790887188.5429924,-0.4951,0.0595,-0.7334,-0.2531,0.4879,0.327,0.4257,0.342,0.3072,0.2809,0.3515,0.3676,0.0,0.3265,-0.0,1.7403,1.078,0.0,2.309,0.0,5e-05,78.0,0.71
602,1790887189.1792705,-0.5085,0.0693,-0.7906,-0.2855,0.4091,0.4621,0.3269,0.3586,0.3146,0.2848,0.3537,0.3616,0.0,0.3076,-0.0,1.6459,1.078,0.0,2.285,0.0,5e-05,107.6,0.63
603,1790887189.7607849,-0.4259,0.0477,-0.7586,-0.2007,0.4018,0.3023,0.3523,0.2723,0.2658,0.2793,0.3581,0.3626,0.0,0.2747,-0.0,1.4812,1.076,0.0,2.309,0.0,5e-05,140.3,0.57
604,1790887190.354572,-0.4848,0.0676,-0.8056,-0.2279,0.3713,0.3102,0.4163,0.3606,0.2983,0.2769,0.3613,0.3618,0.0,0.2395,-0.0,1.305,1.077,0.0,2.278,0.0,5e-05,164.5,0.58
605,1790887190.9107082,-0.5466,0.0667,-0.7156,-0.334,0.4922,0.3791,0.4468,0.4543,0.3667,0.2788,0.3575,0.3637,0.0,0.3619,-0.0,1.9174,1.077,0.0,2.248,0.0,5e-05,99.0,0.55
606,1790887191.4477153,-0.476,0.0825,-0.9236,-0.2493,0.3499,0.2822,0.3141,0.4548,0.2758,0.2833,0.3598,0.3569,0.0,0.2435,-0.0,1.3256,1.079,0.0,2.293,0.0,5e-05,128.5,0.53
607,1790887191.9710746,-0.4897,0.084,-0.758,-0.261,0.2921,0.4138,0.2617,0.4069,0.2617,0.2819,0.3601,0.358,0.0,0.1798,-0.0,1.0068,1.08,0.0,2.264,0.0,5e-05,152.6,0.52
608,1790887192.51911,-0.4645,0.0473,-0.7312,-0.2174,0.3761,0.3564,0.3565,0.3159,0.2933,0.2737,0.3641,0.3622,0.0,0.2542,-0.0,1.3784,1.076,0.0,2.302,0.268,5.0666666666666674e-05,180.9,0.54
609,1790887192.9874887,-0.5181,0.0605,-0.7404,-0.3167,0.3745,0.3629,0.413,0.3912,0.3303,0.2854,0.3566,0.358,0.0,0.2523,-0.0,1.3697,1.079,0.0,2.295,0.0,5.0666666666666674e-05,116.2,0.46
610,1790887193.511616,-0.4658,0.0647,-0.7029,-0.1823,0.3119,0.3128,0.3136,0.4143,0.2936,0.2885,0.3555,0.3559,0.0,0.2071,-0.0,1.1439,1.082,0.0,2.304,0.0,5.0666666666666674e-05,118.4,0.52
611,1790887194.0166125,-0.497,0.0524,-0.8706,-0.155,0.3066,0.3854,0.3191,0.4008,0.3117,0.2819,0.3629,0.3553,0.0,0.2252,-0.0,1.2341,1.079,0.0,2.292,0.0,5.0666666666666674e-05,154.8,0.5
612,1790887194.8785944,-0.4774,0.0565,-0.8052,-0.2108,0.2966,0.3505,0.3198,0.3716,0.2937,0.2746,0.3655,0.3599,0.0,0.1813,-0.0,1.0141,1.077,0.0,2.273,0.0,5.0666666666666674e-05,117.1,0.85
613,1790887195.43109,-0.535,0.0435,-0.6889,-0.3446,0.3322,0.3784,0.4425,0.3841,0.3522,0.2806,0.3603,0.3591,0.0,0.2251,-0.0,1.2332,1.079,0.0,2.309,0.0,5.0666666666666674e-05,92.4,0.54
614,1790887196.011056,-0.4739,0.0538,-0.7953,-0.1632,0.3374,0.3821,0.3659,0.3158,0.3015,0.2848,0.3556,0.3596,0.0,0.2225,-0.0,1.2205,1.081,0.0,2.304,0.0,5.0666666666666674e-05,107.5,0.57
615,1790887196.796178,-0.4425,0.0572,-0.7708,-0.1307,0.3283,0.385,0.2722,0.3197,0.2722,0.2865,0.3573,0.3562,0.0,0.2144,-0.0,1.1803,1.08,0.0,2.304,0.0,5.0666666666666674e-05,98.4,0.78
616,1790887197.4024348,-0.4357,0.0765,-0.7409,-0.1962,0.3541,0.2318,0.3214,0.3894,0.2296,0.2779,0.3626,0.3595,0.0,0.2253,-0.0,1.2342,1.078,0.0,2.305,0.363,5.133333333333333e-05,160.8,0.6
617,1790887198.0833726,-0.5772,0.0531,-0.95,-0.2702,0.4338,0.4393,0.4453,0.4562,0.3938,0.2836,0.3554,0.3609,0.0,0.3335,-0.0,1.7754,1.078,0.0,2.282,0.0,5.133333333333333e-05,70.8,0.67
618,1790887198.7602036,-0.4571,0.0579,-0.6772,-0.1811,0.4008,0.3955,0.3064,0.3103,0.2832,0.2845,0.3552,0.3603,0.0,0.2557,-0.0,1.3861,1.078,0.0,2.301,0.0,5.133333333333333e-05,94.7,0.67
619,1790887199.4412434,-0.5052,0.0699,-0.7971,-0.2222,0.3079,0.2977,0.437,0.3871,0.2952,0.2837,0.3578,0.3585,0.0,0.2074,-0.0,1.1447,1.079,0.0,2.309,0.0,5.133333333333333e-05,116.7,0.67
620,1790887200.107018,-0.4107,0.0582,-0.6339,-0.2005,0.3324,0.3552,0.2678,0.2564,0.2446,0.2675,0.3647,0.3678,0.0,0.2261,-0.0,1.2378,1.074,0.0,2.292,0.0,5.133333333333333e-05,169.0,0.66
621,1790887200.6633365,-0.6281,0.0653,-0.8545,-0.4414,0.4564,0.4818,0.5054,0.4829,0.4239,0.2804,0.3554,0.3642,0.0,0.3414,-0.0,1.815,1.078,0.0,2.307,0.0,5.133333333333333e-05,90.2,0.55
622,1790887201.1356578,-0.5138,0.0519,-0.7851,-0.2552,0.3148,0.4152,0.4055,0.3353,0.3272,0.2887,0.356,0.3553,0.0,0.2285,-0.0,1.2505,1.081,0.0,2.29,0.0,5.133333333333333e-05,131.4,0.47
623,1790887201.6758895,-0.5005,0.0588,-0.7857,-0.2375,0.4463,0.3239,0.3668,0.4219,0.3094,0.2781,0.3569,0.365,0.0,0.3103,-0.0,1.659,1.076,0.0,2.308,0.0,5.133333333333333e-05,134.5,0.53
624,1790887202.4559245,-0.3767,0.0393,-0.6,-0.1259,0.286,0.2678,0.2406,0.257,0.218,0.2744,0.3646,0.3611,0.0,0.1834,0.0,1.0246,1.077,0.0,2.3,0.217,5.2000000000000004e-05,120.5,0.77
625,1790887202.9758723,-0.4799,0.0433,-0.7017,-0.2805,0.3873,0.3612,0.3568,0.3456,0.3058,0.2817,0.3553,0.363,0.0,0.2675,-0.0,1.4451,1.078,0.0,2.277,0.0,5.2000000000000004e-05,113.1,0.51
626,1790887205.605436,-0.5299,0.0671,-0.7897,-0.2441,0.3155,0.4236,0.3393,0.4283,0.3302,0.2809,0.3616,0.3574,0.0,0.2175,-0.0,1.1952,1.079,0.0,2.247,0.0,5.2000000000000004e-05,102.3,0.73
627,1790887206.1500006,-0.4938,0.0545,-0.8808,-0.2562,0.4371,0.3287,0.3472,0.4202,0.3144,0.2833,0.3591,0.3576,0.0,0.3259,-0.0,1.7371,1.077,0.0,2.286,0.0,5.2000000000000004e-05,159.8,0.53
628,1790887206.6944642,-0.4143,0.0335,-0.5564,-0.2383,0.3607,0.294,0.2943,0.2824,0.2598,0.278,0.364,0.358,0.0,0.2276,-0.0,1.2458,1.076,0.0,2.309,0.0,5.2000000000000004e-05,195.0,0.54
629,1790887207.174933,-0.6276,0.0474,-0.8122,-0.4394,0.4506,0.5215,0.4764,0.4678,0.4422,0.2872,0.3568,0.356,0.0,0.3426,-0.0,1.8209,1.078,0.0,2.307,0.0,5.2000000000000004e-05,107.9,0.47
630,1790887207.7056308,-0.5237,0.0397,-0.7275,-0.3177,0.3461,0.3568,0.4066,0.4115,0.3444,0.2908,0.3544,0.3548,0.0,0.2213,-0.0,1.2148,1.081,0.0,2.309,0.0,5.2000000000000004e-05,122.8,0.52
631,1790887208.2694278,-0.4004,0.0655,-0.6805,-0.2631,0.3546,0.2348,0.3567,0.2544,0.2215,0.2818,0.3572,0.361,0.0,0.2313,-0.0,1.2641,1.078,0.0,2.308,0.0,5.2000000000000004e-05,139.1,0.56
632,1790887208.8267996,-0.4091,0.0427,-0.5945,-0.1793,0.311,0.3062,0.314,0.2449,0.2412,0.2778,0.3633,0.3589,0.0,0.2067,-0.0,1.1414,1.078,0.0,2.309,0.142,5.266666666666666e-05,195.3,0.55
633,1790887209.356469,-0.5123,0.0511,-0.7979,-0.3096,0.2983,0.4028,0.3912,0.3766,0.3323,0.2834,0.3584,0.3582,0.0,0.1941,-0.0,1.0788,1.081,0.0,2.302,0.0,5.266666666666666e-05,102.9,0.52
634,1790887209.8896759,-0.3741,0.0608,-0.6451,-0.069,0.2272,0.2219,0.2952,0.2924,0.2144,0.282,0.3604,0.3576,0.0,0.1468,0.0,0.8421,1.08,0.0,2.306,0.0,5.266666666666666e-05,132.8,0.53
635,1790887210.4405048,-0.431,0.0484,-0.6727,-0.1561,0.2762,0.3101,0.3465,0.2767,0.2658,0.2761,0.3655,0.3583,0.0,0.1757,-0.0,0.9861,1.078,0.0,2.291,0.0,5.266666666666666e-05,152.9,0.54
636,1790887211.04725,-0.4907,0.0764,-0.8423,-0.1672,0.339,0.3675,0.2908,0.4325,0.2816,0.2716,0.362,0.3663,0.0,0.2249,-0.0,1.2318,1.075,0.0,2.291,0.0,5.266666666666666e-05,179.1,0.6
637,1790887211.612606,-0.5482,0.0697,-0.8758,-0.2623,0.423,0.4249,0.4671,0.373,0.3494,0.2802,0.3596,0.3601,0.0,0.2956,-0.0,1.586,1.078,0.0,2.306,0.0,5.266666666666666e-05,97.1,0.56
638,1790887212.1466537,-0.5476,0.0536,-0.739,-0.3133,0.508,0.4539,0.3661,0.4403,0.3629,0.2818,0.3528,0.3654,0.0,0.3627,-0.0,1.9212,1.076,0.0,2.307,0.0,5.266666666666666e-05,130.5,0.53
639,1790887212.6773036,-0.5514,0.0634,-0.8087,-0.3512,0.3749,0.46,0.411,0.3738,0.3427,0.2827,0.3628,0.3546,0.0,0.2538,-0.0,1.3767,1.078,0.0,2.307,0.0,5.266666666666666e-05,147.8,0.52
640,1790887213.3354025,-0.3707,0.0434,-0.599,-0.1863,0.2528,0.2571,0.2413,0.2716,0.2136,0.2684,0.3671,0.3645,0.0,0.1536,-0.0,0.8755,1.076,0.0,2.304,0.199,5.333333333333333e-05,176.0,0.65
641,1790887213.8654556,-0.5091,0.1061,-0.775,-0.1901,0.3777,0.4877,0.3985,0.283,0.283,0.2767,0.3618,0.3615,0.0,0.2571,-0.0,1.3933,1.078,0.0,2.308,0.0,5.333333333333333e-05,100.5,0.52
642,1790887214.4661102,-0.503,0.1275,-0.9648,-0.2246,0.3618,0.2879,0.5239,0.3123,0.2671,0.2814,0.3579,0.3607,0.0,0.2371,-0.0,1.2934,1.079,0.0,2.276,0.0,5.333333333333333e-05,127.0,0.59
643,1790887215.787922,-0.4527,0.0509,-0.7013,-0.1145,0.249,0.3434,0.3009,0.3324,0.2787,0.2807,0.3624,0.3569,0.0,0.1576,-0.0,0.896,1.079,0.0,2.302,0.0,5.333333333333333e-05,67.4,1.31
644,1790887216.508085,-0.4426,0.0596,-0.6059,-0.2418,0.3107,0.2793,0.307,0.3541,0.2516,0.2737,0.3674,0.3589,0.0,0.2012,0.0,1.1134,1.076,0.0,2.298,0.0,5.333333333333333e-05,166.2,0.71
645,1790887216.9757314,-0.5053,0.0707,-0.7703,-0.2319,0.494,0.3866,0.3173,0.452,0.3101,0.281,0.3513,0.3677,0.0,0.3528,-0.0,1.8719,1.077,0.0,2.309,0.0,5.333333333333333e-05,117.3,0.46
646,1790887217.543706,-0.5551,0.0695,-0.8708,-0.3597,0.3359,0.358,0.4823,0.4356,0.3444,0.283,0.3583,0.3587,0.0,0.2303,-0.0,1.2596,1.079,0.0,2.301,0.0,5.333333333333333e-05,116.2,0.56
647,1790887218.1730359,-0.4653,0.1121,-0.8206,-0.1905,0.2779,0.2777,0.2738,0.478,0.2511,0.2787,0.3653,0.356,0.0,0.1618,-0.0,0.9169,1.078,0.0,2.201,0.0,5.333333333333333e-05,121.9,0.62
648,1790887218.943982,-0.4409,0.0925,-0.8868,-0.0888,0.3422,0.4189,0.2933,0.275,0.2559,0.2703,0.3644,0.3653,0.0,0.2195,-0.0,1.205,1.076,0.0,2.29,0.17,5.4000000000000005e-05,127.5,0.76
649,1790887219.5094259,-0.5501,0.0728,-0.99,-0.3103,0.3693,0.4051,0.3785,0.4825,0.3449,0.2868,0.3526,0.3606,0.0,0.3032,-0.0,1.6238,1.08,0.0,2.306,0.0,5.4000000000000005e-05,93.7,0.56
650,1790887220.2682495,-0.4323,0.0452,-0.6223,-0.2333,0.4311,0.3193,0.2977,0.3193,0.2689,0.2814,0.3614,0.3572,0.0,0.294,-0.0,1.5777,1.075,0.0,2.305,0.0,5.4000000000000005e-05,89.1,0.75
651,1790887222.8369188,-0.3583,0.0492,-0.6083,-0.1817,0.3524,0.24,0.2041,0.2964,0.2004,0.2792,0.3601,0.3607,0.0,0.2234,-0.0,1.2249,1.077,0.0,2.289,0.0,5.4000000000000005e-05,119.6,0.69
652,1790887223.4232526,-0.3722,0.085,-0.6893,-0.1179,0.3085,0.2065,0.2162,0.361,0.1929,0.2694,0.366,0.3646,0.0,0.1854,-0.0,1.0345,1.075,0.0,2.222,0.0,5.4000000000000005e-05,175.6,0.58
653,1790887223.9742255,-0.5652,0.0715,-0.9497,-0.2937,0.519,0.3802,0.4994,0.4311,0.3643,0.2821,0.3552,0.3628,0.0,0.3515,-0.0,1.8654,1.078,0.0,2.302,0.0,5.4000000000000005e-05,87.1,0.54
654,1790887224.49394,-0.5776,0.0909,-0.8423,-0.2864,0.394,0.427,0.3573,0.5437,0.3553,0.2854,0.3564,0.3583,0.0,0.2637,-0.0,1.4265,1.079,0.0,2.309,0.0,5.4000000000000005e-05,118.0,0.51
655,1790887225.0341136,-0.4822,0.0862,-0.8333,-0.2508,0.3802,0.3604,0.4371,0.2695,0.2609,0.2739,0.3633,0.3629,0.0,0.2536,-0.0,1.3758,1.077,0.0,2.269,0.0,5.4000000000000005e-05,152.8,0.53
656,1790887225.6172693,-0.468,0.0593,-0.6682,-0.2832,0.282,0.369,0.2931,0.3622,0.2787,0.2753,0.3679,0.3568,0.0,0.175,-0.0,0.9828,1.077,0.0,2.309,0.573,5.466666666666666e-05,174.5,0.57
657,1790887226.134693,-0.5501,0.0644,-0.6913,-0.3455,0.3479,0.4696,0.4046,0.3765,0.3527,0.2823,0.3575,0.3602,0.0,0.2444,-0.0,1.3301,1.079,0.0,2.302,0.0,5.466666666666666e-05,99.8,0.51
658,1790887226.6855726,-0.463,0.064,-0.7578,-0.2682,0.2336,0.3791,0.3349,0.3226,0.2875,0.2834,0.3645,0.3521,0.0,0.1432,-0.0,0.8241,1.08,0.0,2.3,0.0,5.466666666666666e-05,126.9,0.54
659,1790887227.1953404,-0.3782,0.0469,-0.7853,-0.047,0.3784,0.2523,0.2847,0.2788,0.2276,0.2807,0.3589,0.3604,0.0,0.2419,0.0,1.3174,1.077,0.0,2.295,0.0,5.466666666666666e-05,151.0,0.5
660,1790887227.840288,-0.4286,0.0415,-0.74,-0.2705,0.3353,0.3539,0.2885,0.2976,0.2806,0.2722,0.3677,0.3601,0.0,0.2232,0.0,1.2236,1.076,0.0,2.241,0.0,5.466666666666666e-05,159.2,0.64
661,1790887228.3928323,-0.5088,0.0631,-0.769,-0.2365,0.4104,0.3453,0.4472,0.3622,0.3264,0.2761,0.3615,0.3624,0.0,0.2757,-0.0,1.4861,1.077,0.0,2.155,0.0,5.466666666666666e-05,96.0,0.54
662,1790887228.949881,-0.4929,0.0599,-0.8237,-0.24,0.4561,0.3439,0.4079,0.3461,0.3093,0.2793,0.3611,0.3596,0.0,0.3112,-0.0,1.6637,1.076,0.0,2.309,0.0,5.466666666666666e-05,121.0,0.55
663,1790887229.4968624,-0.4903,0.0561,-0.8662,-0.2326,0.3711,0.3492,0.4192,0.3282,0.3207,0.2805,0.3595,0.3599,0.0,0.2478,0.0,1.3465,1.077,0.0,2.309,0.0,5.466666666666666e-05,150.8,0.54
664,1790887230.0891402,-0.4415,0.0469,-0.7715,-0.1429,0.3949,0.3298,0.2952,0.3448,0.2734,0.275,0.3657,0.3593,0.0,0.2803,-0.0,1.5091,1.076,0.0,2.279,0.43,5.5333333333333334e-05,179.0,0.58
665,1790887230.626902,-0.4941,0.061,-0.8216,-0.1921,0.4221,0.3349,0.3629,0.421,0.3113,0.2858,0.3504,0.3638,0.0,0.3326,-0.0,1.7709,1.079,0.0,2.309,0.0,5.5333333333333334e-05,99.5,0.53
666,1790887231.160713,-0.5009,0.0683,-0.8043,-0.2462,0.4402,0.3264,0.4218,0.3681,0.3049,0.2852,0.3601,0.3547,0.0,0.282,-0.0,1.5178,1.077,0.0,2.285,0.0,5.5333333333333334e-05,130.3,0.53
667,1790887231.756319,-0.3976,0.0503,-0.6347,-0.1516,0.2907,0.2362,0.2895,0.311,0.2276,0.2825,0.3609,0.3566,0.0,0.1712,-0.0,0.9638,1.077,0.0,2.309,0.0,5.5333333333333334e-05,143.8,0.59
668,1790887232.3665514,-0.4128,0.0373,-0.6199,-0.0934,0.3413,0.3182,0.3092,0.2776,0.2633,0.2718,0.365,0.3632,0.0,0.2213,-0.0,1.2144,1.077,0.0,2.29,0.0,5.5333333333333334e-05,175.4,0.6
669,1790887232.9590454,-0.6028,0.0593,-0.8091,-0.4276,0.4622,0.4744,0.5002,0.4405,0.4036,0.2813,0.356,0.3628,0.0,0.347,-0.0,1.8428,1.079,0.0,2.309,0.0,5.5333333333333334e-05,93.5,0.59
670,1790887234.004233,-0.5085,0.0463,-0.6839,-0.3261,0.4423,0.3518,0.3952,0.3983,0.3324,0.2762,0.3635,0.3603,0.0,0.305,-0.0,1.6327,1.075,0.0,2.309,0.0,5.5333333333333334e-05,68.6,1.04
671,1790887234.886183,-0.458,0.0704,-0.6545,-0.197,0.2364,0.3367,0.4059,0.2808,0.2743,0.2801,0.3641,0.3558,0.0,0.1502,-0.0,0.8591,1.08,0.0,2.295,0.0,5.5333333333333334e-05,84.7,0.87
672,1790887235.5673273,-0.3841,0.0493,-0.6167,-0.1927,0.2848,0.3128,0.2282,0.2657,0.2222,0.2758,0.3656,0.3585,0.0,0.1852,-0.0,1.0338,1.078,0.0,2.266,0.359,5.6000000000000006e-05,148.0,0.67
673,1790887236.1254091,-0.5562,0.0669,-0.7707,-0.316,0.3663,0.3911,0.4742,0.4044,0.3534,0.2798,0.3639,0.3563,0.0,0.2687,-0.0,1.451,1.077,0.0,2.306,0.0,5.6000000000000006e-05,97.5,0.55
674,1790887236.667656,-0.5075,0.063,-0.7306,-0.3243,0.4422,0.3614,0.3199,0.4459,0.3136,0.2781,0.3608,0.3611,0.0,0.2997,-0.0,1.6063,1.077,0.0,2.308,0.0,5.6000000000000006e-05,127.6,0.53
675,1790887237.573398,-0.4163,0.0505,-0.5869,-0.2173,0.3699,0.3138,0.3136,0.2611,0.248,0.2825,0.362,0.3555,0.0,0.2228,-0.0,1.2219,1.078,0.0,2.302,0.0,5.6000000000000006e-05,94.8,0.9
676,1790887240.226496,-0.4474,0.0876,-0.6809,-0.1899,0.3537,0.231,0.3314,0.4134,0.2301,0.2771,0.3623,0.3605,0.0,0.2144,-0.0,1.1796,1.077,0.0,2.292,0.0,5.6000000000000006e-05,138.5,0.73
677,1790887240.7075753,-0.5543,0.0495,-0.7772,-0.2731,0.4923,0.4273,0.4436,0.4006,0.369,0.2785,0.3578,0.3636,0.0,0.3446,-0.0,1.8307,1.076,0.0,2.309,0.0,5.6000000000000006e-05,110.4,0.48
678,1790887241.169087,-0.4086,0.0739,-0.7375,-0.1254,0.3479,0.3156,0.3423,0.2332,0.2241,0.2826,0.3604,0.357,0.0,0.2237,-0.0,1.2267,1.08,0.0,2.309,0.0,5.6000000000000006e-05,143.6,0.45
679,1790887241.7134295,-0.4869,0.0381,-0.7522,-0.2717,0.3534,0.3361,0.3794,0.3464,0.3142,0.2773,0.3628,0.3599,0.0,0.2206,-0.0,1.2105,1.077,0.0,2.309,0.0,5.6000000000000006e-05,160.1,0.54
680,1790887242.365596,-0.422,0.0641,-0.6242,-0.2054,0.2344,0.2661,0.369,0.2509,0.2372,0.2636,0.373,0.3634,0.0,0.1547,-0.0,0.8809,1.074,0.0,2.14,0.556,5.666666666666667e-05,172.3,0.64
681,1790887242.9081924,-0.469,0.0417,-0.691,-0.3131,0.381,0.3481,0.3316,0.3561,0.3076,0.2808,0.3585,0.3606,0.0,0.2542,-0.0,1.3789,1.079,0.0,2.309,0.0,5.666666666666667e-05,99.5,0.53
682,1790887243.4266999,-0.454,0.0387,-0.7664,-0.1069,0.3447,0.35,0.3264,0.3404,0.2942,0.2757,0.3662,0.3581,0.0,0.2513,-0.0,1.3643,1.078,0.0,2.288,0.0,5.666666666666667e-05,121.6,0.51
683,1790887244.0031023,-0.4534,0.0521,-0.6967,-0.1861,0.3889,0.3716,0.2875,0.3387,0.279,0.2781,0.3627,0.3591,0.0,0.252,-0.0,1.3676,1.077,0.0,2.309,0.0,5.666666666666667e-05,141.4,0.57
684,1790887244.6120722,-0.4588,0.038,-0.6375,-0.3126,0.5063,0.3299,0.3142,0.3472,0.2943,0.2688,0.3663,0.3649,0.0,0.3585,-0.0,1.8998,1.072,0.0,2.281,0.0,5.666666666666667e-05,177.0,0.6
685,1790887245.1406376,-0.5702,0.0681,-0.811,-0.3386,0.4706,0.3996,0.5073,0.3989,0.3651,0.2804,0.3514,0.3682,0.0,0.3633,-0.0,1.9242,1.078,0.0,2.302,0.0,5.666666666666667e-05,97.7,0.52
686,1790887245.687611,-0.4634,0.0729,-0.7246,-0.25,0.4522,0.2665,0.3481,0.4047,0.2582,0.2765,0.3635,0.3599,0.0,0.3074,-0.0,1.6442,1.074,0.0,2.308,0.0,5.666666666666667e-05,136.2,0.54
687,1790887246.1752734,-0.5234,0.0533,-0.7676,-0.1727,0.3092,0.4479,0.3685,0.3575,0.3349,0.2836,0.36,0.3564,0.0,0.1954,-0.0,1.085,1.079,0.0,2.284,0.0,5.666666666666667e-05,182.8,0.48
688,1790887246.7447,-0.4649,0.0414,-0.7243,-0.2213,0.3995,0.3205,0.3825,0.3131,0.2989,0.2761,0.3593,0.3646,0.0,0.2565,-0.0,1.3902,1.078,0.0,2.305,0.198,5.7333333333333336e-05,179.9,0.56
689,1790887247.236601,-0.5713,0.0542,-0.7944,-0.3659,0.5871,0.4319,0.4247,0.4814,0.3865,0.2774,0.3532,0.3694,0.0,0.4361,-0.0,2.288,1.076,0.0,2.27,0.0,5.7333333333333336e-05,107.8,0.49
690,1790887247.7149596,-0.4613,0.0625,-0.6996,-0.1981,0.2793,0.2729,0.3573,0.3855,0.2704,0.2834,0.3614,0.3551,0.0,0.1722,-0.0,0.9688,1.079,0.0,2.309,0.0,5.7333333333333336e-05,156.4,0.47
691,1790887248.2267082,-0.4217,0.0615,-0.6269,-0.2452,0.283,0.374,0.2645,0.2915,0.258,0.279,0.3612,0.3599,0.0,0.1665,-0.0,0.9401,1.077,0.0,2.308,0.0,5.7333333333333336e-05,167.6,0.5
692,1790887248.917516,-0.4528,0.0792,-0.8274,-0.1577,0.5412,0.424,0.2892,0.2837,0.2666,0.2764,0.3562,0.3673,0.0,0.3725,-0.0,1.9697,1.074,0.0,2.242,0.0,5.7333333333333336e-05,164.1,0.68
693,1790887249.9794915,-0.5273,0.0477,-0.7606,-0.3879,0.3343,0.4024,0.3681,0.4121,0.3445,0.2811,0.3644,0.3545,0.0,0.2434,-0.0,1.325,1.078,0.0,2.308,0.0,5.7333333333333336e-05,49.9,1.05
694,1790887250.5418255,-0.6145,0.0881,-0.9302,-0.2374,0.3967,0.5663,0.4658,0.4071,0.3928,0.2858,0.3562,0.358,0.0,0.2806,-0.0,1.511,1.078,0.0,2.308,0.0,5.7333333333333336e-05,125.3,0.55
695,1790887251.1272323,-0.5606,0.1238,-0.8672,-0.2707,0.3687,0.5597,0.3987,0.326,0.3194,0.2822,0.359,0.3588,0.0,0.2362,-0.0,1.2888,1.078,0.0,2.303,0.0,5.7333333333333336e-05,142.6,0.58
696,1790887251.9995196,-0.4461,0.0758,-0.8447,-0.1623,0.2658,0.2367,0.3322,0.3929,0.2333,0.2717,0.3682,0.3601,0.0,0.1612,-0.0,0.9133,1.075,0.0,2.295,0.477,5.8e-05,122.9,0.86
697,1790887252.5241349,-0.5465,0.0788,-0.9805,-0.3167,0.3784,0.4887,0.3466,0.4091,0.3375,0.2884,0.3589,0.3527,0.0,0.2647,-0.0,1.4312,1.079,0.0,2.3,0.0,5.8e-05,108.7,0.52
698,1790887253.1704516,-0.5242,0.0892,-0.8679,-0.2761,0.3458,0.5044,0.3326,0.3448,0.3124,0.2824,0.3608,0.3568,0.0,0.2447,-0.0,1.3314,1.078,0.0,2.242,0.0,5.8e-05,107.5,0.64
699,1790887253.7161467,-0.4706,0.0714,-0.7017,-0.1913,0.2936,0.3795,0.4017,0.2657,0.2645,0.2805,0.3634,0.356,0.0,0.1727,-0.0,0.9715,1.078,0.0,2.289,0.0,5.8e-05,148.1,0.54
700,1790887254.6001787,-0.3982,0.0326,-0.6555,-0.2039,0.2336,0.2717,0.2746,0.2864,0.2512,0.2712,0.3683,0.3605,0.0,0.1332,-0.0,0.7735,1.077,0.0,2.309,0.0,5.8e-05,131.1,0.87
701,1790887257.1955278,-0.4634,0.0668,-0.6806,-0.2162,0.3544,0.3343,0.4069,0.2824,0.2677,0.2792,0.3585,0.3622,0.0,0.2428,-0.0,1.3221,1.08,0.0,2.305,0.0,5.8e-05,78.8,0.66
702,1790887257.8336143,-0.5105,0.0345,-0.6986,-0.3527,0.4887,0.3867,0.3591,0.3913,0.3435,0.2813,0.3579,0.3608,0.0,0.3287,-0.0,1.7512,1.075,0.0,2.3,0.0,5.8e-05,109.8,0.63
703,1790887258.3474128,-0.4462,0.045,-0.7125,-0.1426,0.3747,0.3267,0.2886,0.3611,0.2789,0.2729,0.3622,0.3649,0.0,0.2533,-0.0,1.3742,1.076,0.0,2.309,0.0,5.8e-05,165.4,0.51
704,1790887258.9166596,-0.4003,0.073,-0.7474,-0.1491,0.2992,0.3608,0.2663,0.2235,0.2203,0.2719,0.3615,0.3667,0.0,0.1874,-0.0,1.0448,1.077,0.0,2.291,0.662,5.866666666666667e-05,178.1,0.56
705,1790887259.448901,-0.4793,0.0564,-0.7409,-0.2781,0.3247,0.312,0.3799,0.3882,0.2966,0.278,0.3604,0.3616,0.0,0.2261,-0.0,1.2384,1.079,0.0,2.303,0.0,5.866666666666667e-05,99.6,0.52
706,1790887259.975846,-0.4116,0.0516,-0.6898,-0.1926,0.2783,0.3489,0.2428,0.2926,0.2381,0.284,0.3591,0.3569,0.0,0.1976,-0.0,1.0958,1.081,0.0,2.292,0.0,5.866666666666667e-05,132.0,0.52
707,1790887260.5191426,-0.4739,0.0553,-0.7944,-0.1813,0.2812,0.2907,0.3891,0.3608,0.2884,0.2873,0.3577,0.3549,0.0,0.1847,-0.0,1.0317,1.08,0.0,2.309,0.0,5.866666666666667e-05,153.3,0.53
708,1790887261.1264617,-0.4187,0.0483,-0.7029,-0.1427,0.2695,0.3354,0.2768,0.2891,0.2539,0.2689,0.3672,0.3639,0.0,0.1658,-0.0,0.9368,1.076,0.0,2.302,0.0,5.866666666666667e-05,167.7,0.6
709,1790887261.6621947,-0.5841,0.1114,-0.8224,-0.2926,0.3272,0.3773,0.3967,0.5857,0.3522,0.2764,0.3575,0.3661,0.0,0.2151,-0.0,1.1835,1.079,0.0,2.263,0.0,5.866666666666667e-05,88.9,0.53
710,1790887262.1828272,-0.5101,0.0628,-0.7685,-0.2526,0.3328,0.4323,0.3369,0.3857,0.3193,0.2828,0.3585,0.3586,0.0,0.2303,-0.0,1.2593,1.079,0.0,2.306,0.0,5.866666666666667e-05,119.2,0.51
711,1790887262.6973019,-0.3797,0.0504,-0.6685,-0.1949,0.3711,0.2751,0.2829,0.2453,0.226,0.2752,0.3615,0.3633,0.0,0.2502,-0.0,1.3588,1.077,0.0,2.309,0.0,5.866666666666667e-05,160.4,0.51
712,1790887263.2804027,-0.3838,0.0524,-0.5944,-0.1676,0.3162,0.2901,0.2682,0.2305,0.2097,0.2658,0.3655,0.3687,0.0,0.1996,-0.0,1.1056,1.075,0.0,2.297,0.171,5.9333333333333343e-05,201.9,0.57
713,1790887263.8201036,-0.5894,0.0903,-0.9294,-0.1893,0.3813,0.4743,0.5165,0.3642,0.3544,0.2815,0.3556,0.3629,0.0,0.2602,-0.0,1.4087,1.078,0.0,2.265,0.0,5.9333333333333343e-05,101.3,0.53
714,1790887264.3598819,-0.3575,0.0468,-0.6667,-0.127,0.2918,0.214,0.2859,0.2536,0.2091,0.2822,0.3588,0.3591,0.0,0.1946,-0.0,1.0811,1.079,0.0,2.293,0.0,5.9333333333333343e-05,126.7,0.53
715,1790887264.8745222,-0.422,0.0543,-0.6472,-0.2156,0.3769,0.309,0.2636,0.3355,0.2567,0.2757,0.3585,0.3658,0.0,0.247,0.0,1.3427,1.076,0.0,2.308,0.0,5.9333333333333343e-05,152.5,0.51
716,1790887265.5257235,-0.4544,0.0599,-0.8667,-0.1463,0.4249,0.3838,0.3146,0.2733,0.2675,0.2743,0.3632,0.3625,0.0,0.2768,-0.0,1.4917,1.075,0.0,2.299,0.0,5.9333333333333343e-05,167.6,0.64
717,1790887266.0840638,-0.5787,0.0867,-0.8274,-0.1758,0.4557,0.4774,0.3433,0.5182,0.3433,0.2802,0.3529,0.3669,0.0,0.3331,-0.0,1.7731,1.077,0.0,2.265,0.0,5.9333333333333343e-05,92.8,0.55
718,1790887266.6194923,-0.4843,0.0565,-0.6563,-0.2549,0.2799,0.373,0.381,0.324,0.3004,0.2835,0.3607,0.3558,0.0,0.1768,-0.0,0.9919,1.08,0.0,2.305,0.0,5.9333333333333343e-05,121.5,0.53
719,1790887267.1596928,-0.4778,0.049,-0.8524,-0.2711,0.2569,0.3468,0.3139,0.4054,0.3098,0.2766,0.3643,0.3591,0.0,0.1712,-0.0,0.964,1.079,0.0,2.309,0.0,5.9333333333333343e-05,148.2,0.53
720,1790887267.730774,-0.5184,0.1201,-0.7694,-0.2233,0.3032,0.3523,0.2827,0.5342,0.2827,0.2769,0.3643,0.3588,0.0,0.2021,-0.0,1.1184,1.077,0.0,2.245,0.42,6e-05,170.1,0.56
721,1790887268.2908974,-0.5799,0.0577,-0.8057,-0.3823,0.3496,0.4246,0.4665,0.4589,0.3845,0.276,0.3634,0.3606,0.0,0.2716,-0.0,1.4659,1.078,0.0,2.309,0.0,6e-05,92.9,0.55
722,1790887268.9356623,-0.5268,0.0714,-0.7518,-0.3052,0.4449,0.3326,0.4559,0.3926,0.3166,0.2756,0.3593,0.3652,0.0,0.3062,-0.0,1.6384,1.075,0.0,2.309,0.0,6e-05,100.9,0.64
723,1790887269.6242552,-0.4044,0.0399,-0.6644,-0.1589,0.339,0.3038,0.251,0.3072,0.2434,0.2753,0.3643,0.3604,0.0,0.2172,-0.0,1.1935,1.077,0.0,2.278,0.0,6e-05,116.3,0.68
724,1790887270.2228038,-0.3783,0.0378,-0.5909,-0.2385,0.3291,0.2696,0.2782,0.2439,0.2263,0.2608,0.3689,0.3702,0.0,0.2213,-0.0,1.2139,1.072,0.0,2.309,0.0,6e-05,175.2,0.59
725,1790887270.8867164,-0.4612,0.054,-0.7038,-0.1396,0.3772,0.327,0.3523,0.348,0.2812,0.2815,0.3572,0.3614,0.0,0.2917,-0.0,1.5663,1.08,0.0,2.292,0.0,6e-05,79.4,0.66
726,1790887273.8703518,-0.4118,0.0475,-0.6851,-0.2317,0.3078,0.2823,0.2888,0.2969,0.2511,0.2763,0.3602,0.3635,0.0,0.2043,-0.0,1.1295,1.078,0.0,2.292,0.0,6e-05,82.2,0.78
727,1790887274.4266827,-0.433,0.0638,-0.7694,-0.1925,0.3849,0.38,0.2955,0.2746,0.2633,0.2746,0.3624,0.363,0.0,0.2487,-0.0,1.3514,1.077,0.0,2.228,0.0,6e-05,136.1,0.55
728,1790887274.993938,-0.4778,0.0362,-0.7281,-0.2486,0.4418,0.325,0.3613,0.3676,0.3155,0.2663,0.366,0.3677,0.0,0.2749,-0.0,1.4817,1.073,0.0,2.247,0.096,6.066666666666667e-05,183.1,0.56
729,1790887275.5158033,-0.5693,0.0866,-0.7804,-0.355,0.4612,0.5317,0.3596,0.3987,0.3493,0.2874,0.3533,0.3594,0.0,0.3414,-0.0,1.8149,1.078,0.0,2.274,0.0,6.066666666666667e-05,118.1,0.51
730,1790887276.0530381,-0.4451,0.0431,-0.7556,-0.1389,0.3564,0.3436,0.3182,0.3182,0.2859,0.2778,0.3619,0.3603,0.0,0.2636,-0.0,1.4256,1.076,0.0,2.272,0.0,6.066666666666667e-05,138.9,0.53
731,1790887276.623283,-0.4554,0.0434,-0.6548,-0.3374,0.3087,0.3371,0.2992,0.3583,0.2885,0.2795,0.3619,0.3586,0.0,0.1872,-0.0,1.0439,1.078,0.0,2.309,0.0,6.066666666666667e-05,141.7,0.56
732,1790887277.1681845,-0.4223,0.041,-0.5894,-0.2555,0.2978,0.3152,0.2622,0.3207,0.2543,0.27,0.3673,0.3627,0.0,0.1792,-0.0,1.0037,1.076,0.0,2.287,0.0,6.066666666666667e-05,183.0,0.54
733,1790887277.7177198,-0.46,0.0585,-0.65,-0.2,0.3711,0.3434,0.3814,0.2995,0.2821,0.275,0.3613,0.3637,0.0,0.2569,-0.0,1.3921,1.077,0.0,2.297,0.0,6.066666666666667e-05,98.5,0.54
734,1790887278.1968305,-0.3612,0.0498,-0.6001,-0.1371,0.342,0.2934,0.224,0.2458,0.2039,0.2753,0.3603,0.3643,0.0,0.2318,-0.0,1.2667,1.077,0.0,2.298,0.0,6.066666666666667e-05,142.7,0.47
735,1790887278.7506332,-0.4995,0.0362,-0.89,-0.2558,0.3736,0.3779,0.3714,0.3682,0.3384,0.2784,0.3639,0.3578,0.0,0.2783,-0.0,1.4993,1.077,0.0,2.297,0.0,6.066666666666667e-05,151.1,0.54
736,1790887279.393004,-0.4596,0.0566,-0.8079,-0.223,0.3184,0.2854,0.3883,0.3264,0.2732,0.262,0.3672,0.3708,0.0,0.1945,-0.0,1.0798,1.074,0.0,2.291,0.464,6.133333333333334e-05,171.7,0.63
737,1790887279.929636,-0.5364,0.0396,-0.7415,-0.2287,0.5594,0.4209,0.4022,0.3918,0.369,0.2799,0.3486,0.3715,0.0,0.4054,-0.0,2.1347,1.076,0.0,2.309,0.0,6.133333333333334e-05,100.3,0.53
738,1790887280.4898744,-0.4847,0.0497,-0.7452,-0.1972,0.3879,0.4004,0.3531,0.33,0.309,0.2794,0.3595,0.3611,0.0,0.2748,-0.0,1.4819,1.078,0.0,2.29,0.0,6.133333333333334e-05,121.6,0.55
739,1790887281.0288007,-0.4912,0.0842,-0.7952,-0.1711,0.3657,0.2745,0.4282,0.4071,0.2745,0.2726,0.3651,0.3624,0.0,0.2487,-0.0,1.3512,1.077,0.0,2.271,0.0,6.133333333333334e-05,143.7,0.53
740,1790887281.6171467,-0.4515,0.045,-0.7091,-0.1738,0.3071,0.3155,0.3293,0.3354,0.2834,0.2721,0.3655,0.3625,0.0,0.1954,-0.0,1.0845,1.076,0.0,2.309,0.0,6.133333333333334e-05,169.8,0.58
741,1790887282.1731944,-0.5754,0.0613,-0.8338,-0.3382,0.4233,0.462,0.3925,0.4705,0.3814,0.2802,0.358,0.3618,0.0,0.2907,-0.0,1.5612,1.076,0.0,2.307,0.0,6.133333333333334e-05,109.7,0.55
742,1790887282.636844,-0.4593,0.043,-0.851,-0.2464,0.3581,0.3286,0.3427,0.3547,0.3009,0.2752,0.3669,0.3579,0.0,0.239,-0.0,1.3029,1.077,0.0,2.299,0.0,6.133333333333334e-05,154.2,0.46
743,1790887283.1727898,-0.4561,0.0573,-0.7157,-0.1797,0.3316,0.3003,0.3187,0.3776,0.2847,0.2748,0.3633,0.3619,0.0,0.2262,-0.0,1.2387,1.076,0.0,2.299,0.0,6.133333333333334e-05,153.4,0.53
744,1790887283.7790089,-0.4041,0.0521,-0.6509,-0.2513,0.3083,0.3379,0.2714,0.2554,0.2377,0.27,0.3696,0.3604,0.0,0.1855,-0.0,1.035,1.075,0.0,2.305,0.227,6.2e-05,165.2,0.6
745,1790887284.2929938,-0.5788,0.0997,-0.9396,-0.1626,0.4627,0.5114,0.5016,0.3487,0.3487,0.2756,0.3619,0.3624,0.0,0.3129,-0.0,1.6719,1.075,0.0,2.309,0.0,6.2e-05,101.1,0.51
746,1790887284.8323917,-0.5008,0.066,-0.7333,-0.1944,0.3438,0.3917,0.4192,0.3189,0.3071,0.2742,0.3616,0.3642,0.0,0.229,-0.0,1.2526,1.078,0.0,2.301,0.0,6.2e-05,125.6,0.53
747,1790887285.3869078,-0.501,0.0536,-0.7822,-0.3131,0.3053,0.3722,0.4132,0.3235,0.3235,0.2779,0.3626,0.3596,0.0,0.2072,-0.0,1.1438,1.079,0.0,2.295,0.0,6.2e-05,142.1,0.55
748,1790887286.006351,-0.4449,0.0396,-0.656,-0.256,0.3061,0.3276,0.3,0.3137,0.2748,0.2624,0.373,0.3646,0.0,0.1954,-0.0,1.0842,1.073,0.0,2.308,0.0,6.2e-05,175.2,0.61
749,1790887286.5669253,-0.4514,0.0601,-0.7542,-0.2104,0.3034,0.3211,0.3408,0.3338,0.2758,0.2781,0.3598,0.3621,0.0,0.208,-0.0,1.1479,1.078,0.0,2.295,0.0,6.2e-05,92.0,0.55
750,1790887287.1751897,-0.4504,0.0614,-0.6724,-0.2668,0.3516,0.281,0.3854,0.3192,0.2656,0.2825,0.3593,0.3582,0.0,0.2462,-0.0,1.339,1.079,0.0,2.297,0.0,6.2e-05,112.9,0.6
751,1790887289.787383,-0.4258,0.0344,-0.6148,-0.2694,0.3229,0.3129,0.2953,0.3166,0.273,0.2714,0.3673,0.3613,0.0,0.2105,-0.0,1.1599,1.076,0.0,2.305,0.0,6.2e-05,131.2,0.67
752,1790887290.3674943,-0.532,0.0658,-0.9479,-0.3022,0.3163,0.3348,0.4101,0.4538,0.3193,0.2651,0.3675,0.3674,0.0,0.201,-0.0,1.1124,1.074,0.0,2.308,0.539,6.266666666666667e-05,195.4,0.57
753,1790887290.8453681,-0.4869,0.0848,-0.7214,-0.1813,0.3744,0.3873,0.4187,0.2985,0.2842,0.2733,0.3622,0.3646,0.0,0.2366,-0.0,1.2906,1.076,0.0,2.305,0.0,6.266666666666667e-05,110.1,0.47
754,1790887291.3898435,-0.3772,0.0561,-0.7318,-0.2154,0.3025,0.2405,0.3094,0.2221,0.2075,0.2811,0.3596,0.3593,0.0,0.2088,-0.0,1.1519,1.079,0.0,2.285,0.0,6.266666666666667e-05,115.8,0.53
755,1790887291.95183,-0.5536,0.1224,-0.9387,-0.1457,0.5188,0.5379,0.4502,0.2786,0.2786,0.2731,0.3598,0.3672,0.0,0.3655,-0.0,1.935,1.075,0.0,2.291,0.0,6.266666666666667e-05,137.3,0.55
756,1790887292.564505,-0.5435,0.0746,-1.0522,-0.1623,0.5585,0.48,0.4196,0.3329,0.3319,0.2614,0.359,0.3795,0.0,0.3936,-0.0,2.0752,1.07,0.0,2.293,0.0,6.266666666666667e-05,170.5,0.6
757,1790887293.072399,-0.5814,0.0591,-0.8397,-0.1226,0.4214,0.4761,0.4406,0.425,0.3899,0.2845,0.3531,0.3624,0.0,0.3294,-0.0,1.7548,1.08,0.0,2.309,0.0,6.266666666666667e-05,99.5,0.5
758,1790887293.63499,-0.4515,0.0457,-0.6873,-0.2534,0.3336,0.2982,0.3336,0.3678,0.2792,0.2753,0.3603,0.3645,0.0,0.207,-0.0,1.1427,1.077,0.0,2.308,0.0,6.266666666666667e-05,116.8,0.55
759,1790887294.19968,-0.5486,0.0576,-1.0019,-0.2797,0.3876,0.485,0.377,0.3976,0.362,0.2717,0.3671,0.3612,0.0,0.2647,-0.0,1.4309,1.075,0.0,2.289,0.0,6.266666666666667e-05,156.2,0.55
760,1790887294.837107,-0.492,0.0467,-0.7334,-0.2313,0.2862,0.3964,0.361,0.3376,0.3177,0.2686,0.3695,0.362,0.0,0.192,-0.0,1.0678,1.076,0.0,2.281,0.913,6.333333333333333e-05,173.8,0.63
761,1790887295.373285,-0.4923,0.0622,-0.8521,-0.2896,0.3731,0.404,0.3727,0.331,0.3071,0.2785,0.3582,0.3632,0.0,0.254,-0.0,1.3778,1.078,0.0,2.299,0.0,6.333333333333333e-05,100.3,0.53
762,1790887295.929117,-0.4448,0.0348,-0.65,-0.2438,0.5012,0.3035,0.3138,0.3356,0.2813,0.2739,0.3575,0.3686,0.0,0.3475,-0.0,1.8449,1.075,0.0,2.292,0.0,6.333333333333333e-05,120.5,0.55
763,1790887296.4898186,-0.4821,0.0715,-0.8333,-0.2337,0.3194,0.4259,0.2961,0.3457,0.2922,0.2745,0.3643,0.3612,0.0,0.1968,-0.0,1.0915,1.077,0.0,2.304,0.0,6.333333333333333e-05,133.1,0.55
764,1790887297.0079033,-0.4613,0.0579,-0.7796,-0.2148,0.3347,0.3803,0.2984,0.3095,0.2835,0.2612,0.3679,0.3708,0.0,0.2158,-0.0,1.1865,1.074,0.0,2.307,0.0,6.333333333333333e-05,192.4,0.51
765,1790887297.564752,-0.5382,0.0588,-0.7569,-0.289,0.535,0.4442,0.3486,0.438,0.3461,0.2748,0.3559,0.3693,0.0,0.403,-0.0,2.1225,1.075,0.0,2.272,0.0,6.333333333333333e-05,91.3,0.55
766,1790887298.071651,-0.4592,0.0565,-0.7532,-0.1584,0.3483,0.3815,0.2937,0.348,0.2836,0.2812,0.3565,0.3623,0.0,0.2403,-0.0,1.3093,1.079,0.0,2.309,0.0,6.333333333333333e-05,126.9,0.5
767,1790887298.5933642,-0.4859,0.0572,-0.6892,-0.3007,0.4257,0.3465,0.3497,0.3836,0.3053,0.2723,0.3632,0.3645,0.0,0.2881,-0.0,1.5479,1.074,0.0,2.239,0.0,6.333333333333333e-05,155.5,0.51
768,1790887299.237263,-0.4614,0.1565,-0.8122,-0.1583,0.2461,0.2436,0.2391,0.5334,0.2136,0.2603,0.3715,0.3682,0.0,0.1577,-0.0,0.8958,1.073,0.0,2.064,0.706,6.400000000000001e-05,171.5,0.64
769,1790887299.7669,-0.442,0.0429,-0.5895,-0.2736,0.4527,0.3098,0.3295,0.3266,0.2802,0.2693,0.3593,0.3714,0.0,0.2993,-0.0,1.604,1.073,0.0,2.309,0.0,6.400000000000001e-05,103.2,0.52
770,1790887300.3144758,-0.3752,0.0631,-0.5299,-0.1446,0.2452,0.3329,0.2199,0.2436,0.21,0.2736,0.3659,0.3604,0.0,0.15,-0.0,0.8579,1.078,0.0,2.309,0.0,6.400000000000001e-05,129.9,0.54
771,1790887300.8693917,-0.5192,0.0582,-0.8033,-0.2754,0.387,0.3703,0.3797,0.4168,0.3293,0.272,0.3649,0.3631,0.0,0.243,-0.0,1.3224,1.075,0.0,2.305,0.0,6.400000000000001e-05,154.5,0.54
772,1790887301.4154327,-0.4926,0.0978,-0.8926,-0.2068,0.3373,0.369,0.4565,0.2631,0.2631,0.2618,0.3703,0.368,0.0,0.2067,-0.0,1.1406,1.073,0.0,2.286,0.0,6.400000000000001e-05,185.0,0.54
773,1790887301.9939852,-0.4923,0.0763,-0.7571,-0.1867,0.4611,0.3522,0.3043,0.4158,0.2881,0.2779,0.3536,0.3684,0.0,0.3353,-0.0,1.7842,1.077,0.0,2.306,0.0,6.400000000000001e-05,101.5,0.57
774,1790887302.4625049,-0.3824,0.0474,-0.5771,-0.2,0.3353,0.3026,0.2496,0.2733,0.2326,0.2756,0.363,0.3615,0.0,0.2145,-0.0,1.1805,1.077,0.0,2.308,0.0,6.400000000000001e-05,156.0,0.46
775,1790887303.3360431,-0.4642,0.0556,-0.677,-0.2788,0.2938,0.3349,0.3985,0.299,0.2906,0.2706,0.37,0.3594,0.0,0.1822,-0.0,1.0185,1.075,0.0,2.301,0.0,6.400000000000001e-05,102.9,0.86
776,1790887306.1020956,-0.425,0.0572,-0.7243,-0.2229,0.3036,0.3598,0.3046,0.2523,0.2506,0.2658,0.3686,0.3656,0.0,0.1957,-0.0,1.0861,1.076,0.0,2.26,0.3,6.466666666666666e-05,140.4,0.77
777,1790887306.574551,-0.5977,0.0741,-0.8626,-0.325,0.4478,0.395,0.5135,0.4777,0.3885,0.2687,0.3627,0.3686,0.0,0.3307,-0.0,1.7606,1.073,0.0,2.264,0.0,6.466666666666666e-05,118.8,0.46
778,1790887307.103463,-0.5686,0.0416,-1.0167,-0.3697,0.5142,0.4462,0.4287,0.4284,0.3965,0.2705,0.3611,0.3684,0.0,0.3794,-0.0,2.0043,1.073,0.0,2.307,0.0,6.466666666666666e-05,135.4,0.52
779,1790887307.656207,-0.4988,0.0649,-0.75,-0.234,0.3529,0.3606,0.413,0.3453,0.3072,0.2732,0.3646,0.3622,0.0,0.2341,-0.0,1.2781,1.076,0.0,2.304,0.0,6.466666666666666e-05,150.5,0.55
780,1790887308.2493172,-0.4367,0.0571,-0.6219,-0.2333,0.326,0.3279,0.2559,0.35,0.2528,0.259,0.3698,0.3711,0.0,0.2136,-0.0,1.1753,1.073,0.0,2.308,0.0,6.466666666666666e-05,181.0,0.58
781,1790887308.7906713,-0.56,0.0787,-0.7566,-0.2808,0.4902,0.3686,0.5108,0.397,0.3496,0.271,0.3533,0.3757,0.0,0.333,-0.0,1.7726,1.075,0.0,2.296,0.0,6.466666666666666e-05,93.7,0.53
782,1790887309.3296678,-0.4871,0.0835,-0.8052,-0.1966,0.4135,0.2672,0.4181,0.3907,0.2631,0.2726,0.3601,0.3672,0.0,0.2816,-0.0,1.5156,1.075,0.0,2.299,0.0,6.466666666666666e-05,127.3,0.53
783,1790887309.8455622,-0.4459,0.0826,-0.7289,-0.2267,0.4071,0.4083,0.28,0.2929,0.2509,0.2695,0.364,0.3666,0.0,0.2732,-0.0,1.4735,1.074,0.0,2.228,0.0,6.466666666666666e-05,148.7,0.51
784,1790887310.4622724,-0.4318,0.0424,-0.6482,-0.1608,0.303,0.3222,0.2713,0.3289,0.264,0.2634,0.3691,0.3675,0.0,0.2027,-0.0,1.1207,1.074,0.0,2.289,0.223,6.533333333333334e-05,163.0,0.61
785,1790887310.9510221,-0.5432,0.0528,-0.8531,-0.2904,0.3563,0.4058,0.4011,0.4582,0.3667,0.2691,0.3637,0.3672,0.0,0.2747,-0.0,1.4809,1.076,0.0,2.309,0.0,6.533333333333334e-05,110.2,0.48
786,1790887311.417511,-0.5465,0.094,-0.8773,-0.3289,0.3731,0.3415,0.5327,0.3643,0.3324,0.274,0.3607,0.3653,0.0,0.2437,-0.0,1.3262,1.076,0.0,2.179,0.0,6.533333333333334e-05,152.6,0.46
787,1790887311.9223938,-0.4272,0.0601,-0.6524,-0.1827,0.3031,0.3679,0.2704,0.2922,0.2564,0.2665,0.3674,0.3662,0.0,0.1939,-0.0,1.0769,1.076,0.0,2.309,0.0,6.533333333333334e-05,179.1,0.5
788,1790887312.47037,-0.4372,0.0376,-0.7182,-0.274,0.4302,0.3046,0.3473,0.2838,0.2721,0.2652,0.3685,0.3662,0.0,0.2782,-0.0,1.4983,1.072,0.0,2.306,0.0,6.533333333333334e-05,192.0,0.54
789,1790887313.3446715,-0.4672,0.0783,-0.7771,-0.2417,0.3701,0.4254,0.3314,0.2983,0.2758,0.2663,0.3648,0.3689,0.0,0.2637,-0.0,1.4261,1.074,0.0,2.306,0.0,6.533333333333334e-05,59.0,0.87
790,1790887314.3322868,-0.5617,0.068,-0.8261,-0.3613,0.3676,0.3575,0.4395,0.4939,0.355,0.2768,0.3616,0.3616,0.0,0.2496,-0.0,1.3555,1.076,0.0,2.302,0.0,6.533333333333334e-05,70.5,0.98
791,1790887314.9391804,-0.479,0.0689,-0.7376,-0.2866,0.4207,0.3301,0.4182,0.2958,0.286,0.2742,0.3597,0.3661,0.0,0.2893,-0.0,1.5542,1.075,0.0,2.295,0.0,6.533333333333334e-05,134.4,0.6
792,1790887315.5740407,-0.3921,0.0657,-0.657,-0.2074,0.2891,0.2522,0.3388,0.2188,0.2116,0.264,0.368,0.368,0.0,0.169,-0.0,0.9525,1.074,0.0,2.276,0.61,6.6e-05,161.6,0.63
793,1790887316.150899,-0.555,0.0778,-0.9407,-0.2331,0.4389,0.4506,0.469,0.3586,0.3498,0.2672,0.3617,0.3711,0.0,0.2922,-0.0,1.5684,1.075,0.0,2.307,0.0,6.6e-05,96.9,0.57
794,1790887316.6559196,-0.4693,0.051,-0.7351,-0.1917,0.3748,0.3338,0.3188,0.3737,0.2939,0.2744,0.358,0.3677,0.0,0.2631,-0.0,1.423,1.077,0.0,2.308,0.0,6.6e-05,137.1,0.5
795,1790887317.3851097,-0.4256,0.0444,-0.65,-0.1983,0.3342,0.3107,0.2931,0.3237,0.2682,0.2729,0.3606,0.3665,0.0,0.2149,-0.0,1.182,1.076,0.0,2.306,0.0,6.6e-05,107.6,0.72
796,1790887318.0425436,-0.42,0.0629,-0.63,-0.2148,0.3481,0.364,0.2669,0.2719,0.239,0.251,0.3733,0.3757,0.0,0.2175,-0.0,1.1944,1.069,0.0,2.304,0.0,6.6e-05,178.5,0.65
797,1790887318.9828029,-0.4913,0.0915,-0.7397,-0.1467,0.4035,0.2733,0.4286,0.3977,0.2628,0.2756,0.3608,0.3637,0.0,0.2861,-0.0,1.5381,1.076,0.0,2.308,0.0,6.6e-05,52.2,0.93
798,1790887319.5314374,-0.4525,0.0493,-0.6656,-0.249,0.3454,0.3521,0.282,0.3608,0.2791,0.2693,0.3626,0.3681,0.0,0.2228,0.0,1.2214,1.076,0.0,2.309,0.0,6.6e-05,122.6,0.54
799,1790887320.0769894,-0.4796,0.0518,-0.6873,-0.2406,0.3724,0.38,0.3563,0.3249,0.3055,0.2669,0.3648,0.3683,0.0,0.257,-0.0,1.3923,1.074,0.0,2.306,0.0,6.6e-05,149.7,0.54
800,1790887320.6893287,-0.4687,0.0554,-0.7182,-0.2052,0.3655,0.3345,0.399,0.2976,0.2912,0.2524,0.3748,0.3728,0.0,0.247,-0.0,1.3421,1.069,0.0,2.27,0.256,6.666666666666667e-05,174.6,0.6
801,1790887323.420452,-0.5693,0.0913,-0.8464,-0.275,0.3127,0.5384,0.3564,0.4166,0.3455,0.265,0.3689,0.3661,0.0,0.1931,-0.0,1.0731,1.074,0.0,2.282,0.0,6.666666666666667e-05,73.3,0.72
802,1790887324.0055664,-0.4729,0.0609,-0.7797,-0.1778,0.3915,0.3779,0.2998,0.3843,0.2909,0.2666,0.3638,0.3696,0.0,0.2744,-0.0,1.4794,1.075,0.0,2.309,0.0,6.666666666666667e-05,116.3,0.58
803,1790887324.5369513,-0.5895,0.063,-0.8715,-0.3272,0.3874,0.5189,0.4141,0.4068,0.388,0.2653,0.3671,0.3676,0.0,0.2596,-0.0,1.4052,1.074,0.0,2.293,0.0,6.666666666666667e-05,149.7,0.52
804,1790887325.1645048,-0.5486,0.0647,-0.8067,-0.2973,0.3311,0.361,0.4819,0.3949,0.3502,0.2601,0.3695,0.3704,0.0,0.2232,-0.0,1.2232,1.072,0.0,2.301,0.0,6.666666666666667e-05,158.8,0.62
805,1790887325.6838121,-0.4988,0.1208,-0.8947,-0.1673,0.4664,0.51,0.2775,0.3366,0.2654,0.2639,0.3623,0.3738,0.0,0.3072,-0.0,1.6435,1.073,0.0,2.29,0.0,6.666666666666667e-05,103.8,0.51
806,1790887326.2272851,-0.4973,0.0484,-0.7112,-0.3129,0.3333,0.3937,0.3474,0.3788,0.3308,0.2772,0.3598,0.363,0.0,0.2325,-0.0,1.2702,1.077,0.0,2.309,0.0,6.666666666666667e-05,118.7,0.53
807,1790887326.7830536,-0.3883,0.0516,-0.6088,-0.1413,0.387,0.2504,0.2478,0.3075,0.2214,0.27,0.3586,0.3714,0.0,0.2555,-0.0,1.3848,1.075,0.0,2.3,0.0,6.666666666666667e-05,139.7,0.55
808,1790887327.4075217,-0.4112,0.0377,-0.7782,-0.1623,0.2852,0.3195,0.27,0.2807,0.2533,0.2549,0.3709,0.3742,0.0,0.185,-0.0,1.0321,1.072,0.0,2.3,0.817,6.733333333333333e-05,154.6,0.62
809,1790887327.8983443,-0.5006,0.045,-0.7167,-0.3069,0.52,0.4137,0.3485,0.3606,0.3304,0.2656,0.3621,0.3723,0.0,0.3686,-0.0,1.9501,1.072,0.0,2.294,0.0,6.733333333333333e-05,108.1,0.48
810,1790887328.4050395,-0.5057,0.0788,-0.7993,-0.3031,0.3863,0.4697,0.3365,0.3262,0.3065,0.2736,0.3591,0.3673,0.0,0.2725,-0.0,1.4699,1.075,0.0,2.216,0.0,6.733333333333333e-05,128.4,0.5
811,1790887328.9367895,-0.5095,0.0329,-0.7214,-0.2505,0.4315,0.3915,0.3619,0.3812,0.3417,0.2683,0.3597,0.3721,0.0,0.2899,-0.0,1.5572,1.074,0.0,2.305,0.0,6.733333333333333e-05,135.1,0.52
812,1790887329.5443165,-0.3928,0.0467,-0.775,-0.2162,0.2463,0.2476,0.3237,0.2764,0.2436,0.251,0.3735,0.3755,0.0,0.1743,-0.0,0.9784,1.07,0.0,2.225,0.0,6.733333333333333e-05,169.0,0.6
813,1790887330.078948,-0.4593,0.0754,-0.7636,-0.0411,0.2797,0.4043,0.2734,0.3452,0.2656,0.2631,0.3649,0.372,0.0,0.1894,-0.0,1.0543,1.075,0.0,2.305,0.0,6.733333333333333e-05,103.0,0.53
814,1790887330.571331,-0.3929,0.0461,-0.5473,-0.1917,0.4075,0.2948,0.2564,0.2951,0.2341,0.2682,0.3612,0.3706,0.0,0.2889,-0.0,1.5516,1.073,0.0,2.309,0.0,6.733333333333333e-05,143.8,0.48
815,1790887331.1318662,-0.4774,0.0625,-0.704,-0.2704,0.2725,0.2853,0.3918,0.3633,0.2834,0.27,0.3648,0.3653,0.0,0.1688,-0.0,0.9516,1.077,0.0,2.307,0.0,6.733333333333333e-05,147.0,0.55
816,1790887331.669924,-0.5061,0.0571,-0.9312,-0.2982,0.3093,0.3237,0.4267,0.3699,0.3148,0.2563,0.372,0.3717,0.0,0.1857,-0.0,1.0354,1.071,0.0,2.282,0.284,6.800000000000001e-05,194.7,0.53
817,1790887332.2108514,-0.5344,0.0584,-0.7306,-0.2526,0.3122,0.362,0.4273,0.4093,0.3434,0.2696,0.361,0.3694,0.0,0.218,-0.0,1.1975,1.076,0.0,2.29,0.0,6.800000000000001e-05,106.6,0.53
818,1790887332.7656615,-0.4246,0.0668,-0.6537,-0.0633,0.3034,0.2862,0.3794,0.265,0.2479,0.2696,0.3629,0.3675,0.0,0.1919,-0.0,1.0669,1.076,0.0,2.306,0.0,6.800000000000001e-05,123.2,0.55
819,1790887333.3245394,-0.539,0.1198,-0.8412,-0.2603,0.333,0.5578,0.3396,0.3282,0.3131,0.2707,0.3633,0.366,0.0,0.2107,-0.0,1.1607,1.074,0.0,2.042,0.0,6.800000000000001e-05,152.2,0.55
820,1790887333.8677924,-0.4126,0.0444,-0.64,-0.1797,0.4157,0.287,0.2789,0.3174,0.2542,0.2549,0.3662,0.3789,0.0,0.2781,-0.0,1.4973,1.07,0.0,2.257,0.0,6.800000000000001e-05,212.3,0.53
821,1790887334.584589,-0.4949,0.055,-0.7136,-0.2267,0.4317,0.3825,0.3871,0.3406,0.3148,0.2653,0.3639,0.3707,0.0,0.3019,-0.0,1.6168,1.073,0.0,2.309,0.0,6.800000000000001e-05,72.6,0.71
822,1790887335.1418996,-0.4146,0.0702,-0.6647,-0.1634,0.413,0.2386,0.2887,0.3652,0.2281,0.2646,0.3646,0.3708,0.0,0.2893,-0.0,1.5539,1.074,0.0,2.304,0.0,6.800000000000001e-05,115.7,0.55
823,1790887335.719338,-0.4646,0.0548,-0.72,-0.1683,0.3195,0.3965,0.3545,0.2901,0.2892,0.2675,0.3654,0.3671,0.0,0.2208,-0.0,1.2114,1.075,0.0,2.276,0.0,6.800000000000001e-05,130.9,0.57
824,1790887336.3412359,-0.4645,0.0512,-0.7622,-0.2923,0.314,0.3765,0.3479,0.3149,0.3024,0.2572,0.3719,0.3709,0.0,0.2001,-0.0,1.1079,1.072,0.0,2.248,0.289,6.866666666666666e-05,152.0,0.61
825,1790887336.8911252,-0.4424,0.0507,-0.6018,-0.2808,0.295,0.3578,0.3105,0.2972,0.2754,0.2641,0.3669,0.369,0.0,0.192,-0.0,1.0676,1.073,0.0,2.273,0.0,6.866666666666666e-05,103.3,0.54
826,1790887339.752931,-0.5782,0.0795,-0.8,-0.2931,0.4139,0.4503,0.3584,0.5275,0.3584,0.2674,0.3632,0.3695,0.0,0.2926,-0.0,1.5702,1.074,0.0,2.301,0.0,6.866666666666666e-05,88.9,0.75
827,1790887340.2545202,-0.4785,0.0396,-0.7331,-0.2604,0.2876,0.3717,0.341,0.3435,0.3121,0.2665,0.3627,0.3708,0.0,0.1893,-0.0,1.0543,1.076,0.0,2.303,0.0,6.866666666666666e-05,160.8,0.49
828,1790887340.8221495,-0.5251,0.0951,-0.8075,-0.2767,0.3287,0.3621,0.3202,0.5066,0.3157,0.2512,0.3724,0.3764,0.0,0.2103,-0.0,1.1582,1.069,0.0,2.307,0.0,6.866666666666666e-05,198.9,0.56
829,1790887341.3668077,-0.5523,0.0866,-0.8947,-0.3163,0.3164,0.4186,0.5132,0.339,0.333,0.2757,0.3586,0.3657,0.0,0.2333,-0.0,1.2744,1.077,0.0,2.261,0.0,6.866666666666666e-05,91.6,0.54
830,1790887341.9328594,-0.3734,0.0426,-0.5877,-0.1584,0.3221,0.252,0.2494,0.308,0.2211,0.2688,0.3631,0.3681,0.0,0.2127,-0.0,1.171,1.076,0.0,2.302,0.0,6.866666666666666e-05,113.8,0.56
831,1790887342.4825802,-0.5492,0.0991,-0.8375,-0.273,0.3531,0.4939,0.4478,0.317,0.3033,0.2573,0.3687,0.374,0.0,0.2362,-0.0,1.288,1.072,0.0,2.3,0.0,6.866666666666666e-05,140.2,0.54
832,1790887343.0600169,-0.4032,0.0779,-0.6968,-0.0935,0.2886,0.3791,0.2536,0.2295,0.2218,0.2467,0.3769,0.3764,0.0,0.1819,-0.0,1.0161,1.067,0.0,2.28,0.447,6.933333333333334e-05,190.4,0.57
833,1790887343.5895255,-0.4893,0.0522,-0.7036,-0.272,0.435,0.3649,0.3462,0.3921,0.3099,0.2592,0.3641,0.3767,0.0,0.3013,-0.0,1.6134,1.071,0.0,2.29,0.0,6.933333333333334e-05,104.4,0.52
834,1790887344.1532655,-0.4714,0.0785,-0.8511,-0.1761,0.3903,0.3623,0.278,0.415,0.2736,0.2601,0.3686,0.3713,0.0,0.2663,-0.0,1.4385,1.071,0.0,2.308,0.0,6.933333333333334e-05,129.7,0.56
835,1790887344.6864786,-0.4818,0.0556,-0.7629,-0.2542,0.2975,0.3516,0.3303,0.3729,0.2996,0.2621,0.3659,0.372,0.0,0.1687,-0.0,0.9508,1.074,0.0,2.29,0.0,6.933333333333334e-05,163.2,0.53
836,1790887345.2546425,-0.4574,0.0499,-0.7782,-0.175,0.2369,0.3624,0.3415,0.3002,0.2847,0.2541,0.3719,0.374,0.0,0.1662,0.0,0.938,1.072,0.0,2.302,0.0,6.933333333333334e-05,177.1,0.56
837,1790887345.7897797,-0.515,0.0926,-0.8531,-0.1958,0.3633,0.4016,0.2887,0.4741,0.2887,0.2604,0.3691,0.3704,0.0,0.2487,-0.0,1.3509,1.073,0.0,2.309,0.0,6.933333333333334e-05,98.2,0.53
838,1790887346.2624176,-0.4348,0.0563,-0.6577,-0.1974,0.3007,0.2628,0.3218,0.3605,0.2576,0.2615,0.3672,0.3714,0.0,0.194,-0.0,1.0777,1.075,0.0,2.306,0.0,6.933333333333334e-05,142.3,0.46
839,1790887346.7721643,-0.4754,0.0708,-0.6817,-0.2852,0.4847,0.3398,0.2891,0.4291,0.2845,0.2621,0.3645,0.3734,0.0,0.3277,-0.0,1.7454,1.07,0.0,2.3,0.0,6.933333333333334e-05,157.5,0.5
840,1790887347.3593218,-0.3762,0.0415,-0.6652,-0.1325,0.2693,0.2591,0.2507,0.2713,0.2237,0.2514,0.3688,0.3798,0.0,0.1695,-0.0,0.9546,1.071,0.0,2.301,0.826,7e-05,177.6,0.58
841,1790887347.9031932,-0.4508,0.0481,-0.7241,-0.1744,0.3979,0.3267,0.32,0.356,0.2901,0.2635,0.3593,0.3773,0.0,0.2841,-0.0,1.5277,1.074,0.0,2.308,0.0,7e-05,103.3,0.54
842,1790887348.435366,-0.4722,0.066,-0.6364,-0.2257,0.3194,0.288,0.3361,0.4155,0.2776,0.2638,0.3666,0.3696,0.0,0.2082,-0.0,1.1485,1.073,0.0,2.309,0.0,7e-05,126.5,0.52
843,1790887348.987647,-0.5045,0.0516,-0.7586,-0.1794,0.3884,0.3691,0.425,0.3411,0.3299,0.2568,0.3719,0.3713,0.0,0.2591,-0.0,1.4027,1.071,0.0,2.307,0.0,7e-05,149.2,0.54
844,1790887349.6080046,-0.419,0.0495,-0.6665,-0.185,0.2388,0.2592,0.3089,0.331,0.2548,0.2456,0.3746,0.3798,0.0,0.1483,-0.0,0.8483,1.068,0.0,2.309,0.0,7e-05,173.0,0.61
845,1790887350.1676857,-0.5233,0.0709,-0.8126,-0.2653,0.3274,0.4721,0.3464,0.3802,0.3326,0.2609,0.3686,0.3705,0.0,0.2161,-0.0,1.1877,1.072,0.0,2.23,0.0,7e-05,95.5,0.55
846,1790887350.8513753,-0.5454,0.0549,-0.8167,-0.1739,0.3243,0.4436,0.3731,0.4197,0.358,0.261,0.3691,0.3699,0.0,0.2256,0.0,1.2354,1.072,0.0,2.308,0.0,7e-05,103.4,0.67
847,1790887351.4467568,-0.4491,0.0559,-0.6565,-0.2778,0.3395,0.2695,0.3776,0.3285,0.2572,0.2639,0.3689,0.3672,0.0,0.2331,-0.0,1.2729,1.073,0.0,2.272,0.0,7e-05,141.3,0.59
848,1790887352.2582777,-0.5331,0.092,-0.8833,-0.2041,0.2662,0.3142,0.4961,0.3903,0.3097,0.2492,0.3733,0.3775,0.0,0.1712,-0.0,0.963,1.069,0.0,2.309,0.485,7.066666666666667e-05,140.5,0.8
849,1790887352.8128905,-0.4897,0.0732,-0.75,-0.1815,0.377,0.4357,0.3195,0.3311,0.2914,0.262,0.3617,0.3763,0.0,0.2677,-0.0,1.4459,1.073,0.0,2.294,0.0,7.066666666666667e-05,94.5,0.55
850,1790887353.352454,-0.4808,0.0586,-0.7761,-0.3139,0.3525,0.3889,0.3269,0.3622,0.2991,0.2652,0.3648,0.37,0.0,0.2363,-0.0,1.2887,1.073,0.0,2.309,0.0,7.066666666666667e-05,118.4,0.53
851,1790887355.9205585,-0.4217,0.0538,-0.6024,-0.2359,0.3015,0.3324,0.2583,0.315,0.2467,0.2567,0.375,0.3682,0.0,0.2046,0.0,1.1303,1.071,0.0,2.303,0.0,7.066666666666667e-05,110.3,0.69
852,1790887356.427,-0.3859,0.0286,-0.7952,-0.1776,0.2353,0.2819,0.272,0.261,0.2417,0.2491,0.3793,0.3716,0.0,0.1359,-0.0,0.7863,1.069,0.0,2.309,0.0,7.066666666666667e-05,208.7,0.5
853,1790887356.8964193,-0.5673,0.1172,-0.9056,-0.2344,0.5356,0.5764,0.3537,0.3821,0.3309,0.2606,0.3636,0.3758,0.0,0.3883,-0.0,2.0488,1.072,0.0,2.208,0.0,7.066666666666667e-05,103.4,0.46
854,1790887357.4397829,-0.4681,0.0563,-0.6037,-0.263,0.3178,0.3758,0.3049,0.3519,0.2944,0.2624,0.3684,0.3692,0.0,0.2079,-0.0,1.1469,1.074,0.0,2.307,0.0,7.066666666666667e-05,117.7,0.53
855,1790887357.9917893,-0.5039,0.0754,-0.9028,-0.1612,0.3854,0.3231,0.4662,0.351,0.3028,0.2532,0.3725,0.3743,0.0,0.2748,-0.0,1.481,1.069,0.0,2.309,0.0,7.066666666666667e-05,139.8,0.54
856,1790887358.636522,-0.4298,0.0446,-0.8022,-0.1564,0.2746,0.349,0.3036,0.2743,0.2638,0.2419,0.3798,0.3783,0.0,0.1701,-0.0,0.9572,1.066,0.0,2.295,0.771,7.133333333333334e-05,172.1,0.64
857,1790887359.1747491,-0.4672,0.0964,-0.7553,-0.2817,0.3366,0.423,0.2456,0.372,0.2456,0.2598,0.3662,0.374,0.0,0.1987,-0.0,1.1007,1.074,0.0,2.306,0.0,7.133333333333334e-05,85.8,0.53
858,1790887359.7178547,-0.4971,0.1199,-0.8591,-0.1695,0.3412,0.4971,0.3344,0.2658,0.26,0.2603,0.3719,0.3678,0.0,0.234,-0.0,1.2772,1.072,0.0,2.309,0.0,7.133333333333334e-05,120.6,0.53
859,1790887360.248478,-0.4691,0.0856,-0.8537,-0.1926,0.2981,0.3314,0.4242,0.2641,0.2537,0.2597,0.3727,0.3675,0.0,0.1811,-0.0,1.0129,1.072,0.0,2.294,0.0,7.133333333333334e-05,151.2,0.52
860,1790887360.847536,-0.4333,0.0811,-0.9171,-0.1683,0.4042,0.4065,0.2464,0.2854,0.2411,0.2393,0.3778,0.3829,0.0,0.2632,-0.0,1.4224,1.063,0.0,2.302,0.0,7.133333333333334e-05,190.8,0.59
861,1790887361.374284,-0.5083,0.0745,-0.8573,-0.2154,0.4493,0.3397,0.3774,0.4436,0.3171,0.2548,0.3634,0.3817,0.0,0.2942,-0.0,1.5779,1.071,0.0,2.249,0.0,7.133333333333334e-05,94.3,0.52
862,1790887361.9265132,-0.5333,0.0475,-0.7344,-0.2071,0.3957,0.4083,0.3776,0.4321,0.3599,0.2577,0.3626,0.3797,0.0,0.2799,-0.0,1.5065,1.071,0.0,2.242,0.0,7.133333333333334e-05,113.6,0.54
863,1790887362.494372,-0.4352,0.0694,-0.6835,-0.1981,0.3763,0.3344,0.3691,0.2549,0.2519,0.262,0.37,0.3679,0.0,0.2533,-0.0,1.3738,1.072,0.0,2.305,0.0,7.133333333333334e-05,134.9,0.56
864,1790887363.116397,-0.506,0.113,-0.7952,-0.1966,0.3568,0.499,0.2607,0.3684,0.2607,0.2474,0.3733,0.3793,0.0,0.2427,-0.0,1.3204,1.068,0.0,2.301,0.747,7.2e-05,173.3,0.61
865,1790887363.6825314,-0.4977,0.0392,-0.7214,-0.3449,0.4003,0.3437,0.4084,0.3838,0.3327,0.2559,0.368,0.3761,0.0,0.2853,-0.0,1.5337,1.071,0.0,2.309,0.0,7.2e-05,94.5,0.56
866,1790887364.2231348,-0.4109,0.0396,-0.612,-0.0776,0.4004,0.2864,0.2713,0.3276,0.2575,0.2613,0.365,0.3737,0.0,0.2805,-0.0,1.5095,1.072,0.0,2.305,0.0,7.2e-05,117.8,0.53
867,1790887364.775088,-0.4666,0.0522,-0.7017,-0.2023,0.441,0.3852,0.3067,0.3415,0.2932,0.2497,0.3705,0.3798,0.0,0.3193,0.0,1.7033,1.067,0.0,2.309,0.0,7.2e-05,134.4,0.54
868,1790887365.3418822,-0.493,0.0588,-0.7298,-0.2833,0.3604,0.4038,0.3127,0.3656,0.2987,0.2493,0.3771,0.3736,0.0,0.2307,-0.0,1.2604,1.068,0.0,2.289,0.0,7.2e-05,175.6,0.56
869,1790887365.8404858,-0.4594,0.0469,-0.6659,-0.2572,0.3603,0.3309,0.3679,0.307,0.2836,0.2553,0.374,0.3707,0.0,0.2455,-0.0,1.3347,1.071,0.0,2.308,0.0,7.2e-05,115.6,0.49
870,1790887366.369457,-0.4691,0.0677,-0.657,-0.2682,0.2619,0.3463,0.3873,0.3123,0.2817,0.2635,0.3692,0.3673,0.0,0.1636,-0.0,0.9254,1.074,0.0,2.304,0.0,7.2e-05,129.7,0.52
871,1790887366.8893287,-0.506,0.0567,-0.8464,-0.3347,0.4142,0.3549,0.4347,0.3499,0.3171,0.2505,0.3738,0.3756,0.0,0.257,-0.0,1.392,1.067,0.0,2.304,0.0,7.2e-05,166.9,0.51
872,1790887367.4121854,-0.3952,0.0542,-0.6319,-0.1517,0.3876,0.2253,0.283,0.3105,0.2223,0.248,0.3748,0.3772,0.0,0.2436,-0.0,1.3247,1.067,0.0,2.297,0.217,7.266666666666667e-05,204.8,0.51
873,1790887367.9431965,-0.4992,0.0528,-0.8184,-0.2428,0.3804,0.3486,0.3747,0.3758,0.3145,0.2587,0.368,0.3733,0.0,0.2561,-0.0,1.3876,1.073,0.0,2.308,0.0,7.266666666666667e-05,115.1,0.52
874,1790887368.4749203,-0.531,0.0696,-0.8043,-0.1643,0.2937,0.3523,0.49,0.3753,0.3428,0.2537,0.3727,0.3736,0.0,0.1903,-0.0,1.0586,1.071,0.0,2.297,0.0,7.266666666666667e-05,135.5,0.52
875,1790887369.0375383,-0.4425,0.0597,-0.75,-0.1937,0.303,0.3772,0.3019,0.2816,0.2574,0.2463,0.3793,0.3744,0.0,0.1852,-0.0,1.0328,1.068,0.0,2.307,0.0,7.266666666666667e-05,152.7,0.55
876,1790887371.690848,-0.4456,0.0343,-0.6729,-0.2329,0.3743,0.3279,0.3423,0.2883,0.2781,0.2507,0.374,0.3753,0.0,0.2422,-0.0,1.3177,1.068,0.0,2.25,0.0,7.266666666666667e-05,125.7,0.81
877,1790887372.1940863,-0.5499,0.0564,-0.7674,-0.3438,0.5143,0.4258,0.4193,0.4142,0.3659,0.2515,0.3702,0.3783,0.0,0.3529,0.0,1.871,1.067,0.0,2.287,0.0,7.266666666666667e-05,105.1,0.49
878,1790887372.7203062,-0.518,0.0705,-0.811,-0.1796,0.3762,0.4431,0.3324,0.3797,0.3126,0.255,0.373,0.372,0.0,0.2668,-0.0,1.4408,1.07,0.0,2.309,0.0,7.266666666666667e-05,123.9,0.52
879,1790887373.2426405,-0.4589,0.0377,-0.6187,-0.225,0.2747,0.3284,0.3568,0.32,0.2974,0.259,0.3742,0.3668,0.0,0.1864,-0.0,1.0391,1.072,0.0,2.309,0.0,7.266666666666667e-05,146.0,0.51
880,1790887373.8592246,-0.4911,0.0556,-0.8167,-0.2712,0.3404,0.3904,0.3226,0.3741,0.3104,0.2413,0.379,0.3797,0.0,0.2154,0.0,1.1835,1.064,0.0,2.304,0.346,7.333333333333333e-05,179.2,0.61
881,1790887374.3861234,-0.5874,0.1016,-0.915,-0.213,0.428,0.385,0.5646,0.4057,0.3461,0.2551,0.366,0.3789,0.0,0.3231,-0.0,1.7224,1.07,0.0,2.29,0.0,7.333333333333333e-05,103.3,0.52
882,1790887374.9012554,-0.6044,0.0504,-0.8118,-0.4256,0.4168,0.4482,0.4688,0.4821,0.4093,0.2535,0.3703,0.3762,0.0,0.2755,-0.0,1.4847,1.07,0.0,2.309,0.0,7.333333333333333e-05,124.1,0.51
883,1790887375.4185412,-0.5409,0.1189,-0.9637,-0.225,0.2684,0.4005,0.2977,0.5508,0.2968,0.2519,0.3763,0.3718,0.0,0.1826,-0.0,1.02,1.07,0.0,2.304,0.0,7.333333333333333e-05,156.4,0.51
884,1790887376.0515852,-0.4826,0.0412,-0.7889,-0.2564,0.386,0.3303,0.3841,0.3546,0.313,0.2329,0.3837,0.3834,0.0,0.2439,-0.0,1.3256,1.061,0.0,2.309,0.0,7.333333333333333e-05,171.1,0.62
885,1790887376.6075447,-0.5994,0.0646,-0.8702,-0.3713,0.4449,0.5308,0.4201,0.423,0.3977,0.2547,0.3671,0.3782,0.0,0.3148,-0.0,1.681,1.069,0.0,2.309,0.0,7.333333333333333e-05,88.4,0.55
886,1790887377.1453228,-0.5004,0.0349,-0.6979,-0.3088,0.4199,0.3685,0.3702,0.3694,0.3318,0.2618,0.3687,0.3695,0.0,0.2932,-0.0,1.5734,1.073,0.0,2.309,0.0,7.333333333333333e-05,121.5,0.53
887,1790887377.695414,-0.5011,0.0707,-0.8095,-0.2271,0.3085,0.3783,0.3106,0.4373,0.303,0.2624,0.3706,0.367,0.0,0.2075,-0.0,1.1447,1.074,0.0,2.257,0.0,7.333333333333333e-05,135.5,0.54
888,1790887378.3043742,-0.4968,0.0529,-0.7195,-0.3125,0.3181,0.3708,0.3115,0.4043,0.3022,0.2446,0.3779,0.3775,0.0,0.2053,-0.0,1.1332,1.066,0.0,2.309,0.364,7.4e-05,161.1,0.6
889,1790887378.8464103,-0.4986,0.0626,-0.8487,-0.2159,0.3089,0.3147,0.423,0.4066,0.3102,0.258,0.3687,0.3733,0.0,0.2095,-0.0,1.1549,1.073,0.0,2.256,0.0,7.4e-05,107.9,0.53
890,1790887379.4019322,-0.4633,0.0525,-0.7036,-0.2221,0.2823,0.3889,0.3238,0.3172,0.2936,0.2535,0.375,0.3715,0.0,0.176,-0.0,0.9867,1.07,0.0,2.27,0.0,7.4e-05,129.0,0.55
891,1790887379.8821065,-0.4985,0.0674,-0.8327,-0.2228,0.3546,0.3467,0.4375,0.3182,0.2941,0.2514,0.374,0.3747,0.0,0.2405,-0.0,1.3096,1.069,0.0,2.299,0.0,7.4e-05,170.7,0.47
892,1790887380.4179463,-0.4145,0.0394,-0.5588,-0.1727,0.4147,0.3131,0.3131,0.2566,0.2548,0.2383,0.3781,0.3836,0.0,0.2613,-0.0,1.4128,1.063,0.0,2.309,0.0,7.4e-05,196.8,0.52
893,1790887380.9660418,-0.5709,0.0652,-0.8167,-0.3167,0.3785,0.4862,0.4278,0.3905,0.3709,0.2516,0.3703,0.3781,0.0,0.2672,-0.0,1.443,1.07,0.0,2.309,0.0,7.4e-05,90.6,0.54
894,1790887381.5394878,-0.4065,0.0698,-0.6446,-0.1527,0.562,0.3625,0.2247,0.2802,0.2173,0.253,0.3665,0.3804,0.0,0.3659,-0.0,1.9363,1.067,0.0,2.272,0.0,7.4e-05,119.3,0.57
895,1790887382.0435135,-0.4127,0.067,-0.6171,-0.1954,0.3231,0.2809,0.2455,0.3401,0.2297,0.2506,0.3768,0.3726,0.0,0.2121,-0.0,1.1674,1.069,0.0,2.309,0.0,7.4e-05,170.9,0.5
896,1790887382.7847452,-0.4213,0.0641,-0.6965,-0.2204,0.4484,0.3722,0.2529,0.2555,0.242,0.2414,0.3753,0.3833,0.0,0.3076,-0.0,1.6444,1.063,0.0,2.3,0.633,7.466666666666667e-05,154.0,0.73
897,1790887383.3394098,-0.5181,0.0732,-0.837,-0.2791,0.4678,0.4132,0.3286,0.4335,0.3199,0.2524,0.3645,0.383,0.0,0.3484,-0.0,1.8489,1.069,0.0,2.303,0.0,7.466666666666667e-05,92.0,0.55
898,1790887383.8894174,-0.5098,0.0596,-0.7456,-0.1702,0.3857,0.3674,0.3553,0.4253,0.3243,0.2497,0.3755,0.3748,0.0,0.2399,-0.0,1.3061,1.067,0.0,2.309,0.0,7.466666666666667e-05,118.1,0.54
899,1790887384.5125284,-0.4,0.0538,-0.6739,-0.2321,0.2648,0.3065,0.2442,0.2991,0.2325,0.254,0.374,0.3721,0.0,0.1632,-0.0,0.9233,1.071,0.0,2.309,0.0,7.466666666666667e-05,117.5,0.61
900,1790887385.0595572,-0.4714,0.0872,-0.7493,-0.2139,0.3623,0.2853,0.311,0.4536,0.2759,0.2315,0.3852,0.3832,0.0,0.237,-0.0,1.2908,1.059,0.0,2.264,0.0,7.466666666666667e-05,182.0,0.54
901,1790887387.7542906,-0.4755,0.1144,-0.7654,-0.0933,0.2871,0.4907,0.255,0.3246,0.25,0.2509,0.3745,0.3746,0.0,0.1698,-0.0,0.9562,1.071,0.0,2.261,0.0,7.466666666666667e-05,71.0,0.74
902,1790887388.297705,-0.5383,0.057,-0.6955,-0.3716,0.403,0.3708,0.3735,0.4707,0.3486,0.255,0.368,0.377,0.0,0.277,-0.0,1.4919,1.07,0.0,2.292,0.0,7.466666666666667e-05,121.1,0.54
903,1790887388.848405,-0.4328,0.0402,-0.6126,-0.1886,0.2473,0.323,0.3261,0.2999,0.2777,0.2482,0.383,0.3688,0.0,0.1391,-0.0,0.8025,1.068,0.0,2.309,0.0,7.466666666666667e-05,142.5,0.54
904,1790887389.4165819,-0.486,0.0555,-0.7188,-0.345,0.2917,0.3557,0.326,0.4107,0.3059,0.2365,0.3859,0.3776,0.0,0.1918,-0.0,1.0652,1.063,0.0,2.309,0.908,7.533333333333334e-05,178.3,0.56
905,1790887389.9780252,-0.458,0.0524,-0.7592,-0.2412,0.5303,0.3306,0.3719,0.3281,0.2963,0.238,0.3756,0.3864,0.0,0.3836,-0.0,2.024,1.062,0.0,2.309,0.0,7.533333333333334e-05,90.8,0.55
906,1790887390.5274043,-0.496,0.0652,-0.7981,-0.1929,0.3213,0.3591,0.3358,0.4217,0.3079,0.2476,0.3786,0.3738,0.0,0.2048,0.0,1.1309,1.068,0.0,2.255,0.0,7.533333333333334e-05,120.3,0.54
907,1790887391.0910892,-0.4624,0.0398,-0.7056,-0.1212,0.3969,0.3439,0.3671,0.2964,0.292,0.242,0.3803,0.3776,0.0,0.2724,-0.0,1.4685,1.064,0.0,2.256,0.0,7.533333333333334e-05,142.3,0.56
908,1790887391.676864,-0.5193,0.069,-0.8573,-0.2528,0.2632,0.4453,0.4034,0.3203,0.3101,0.2337,0.3895,0.3768,0.0,0.1733,-0.0,0.9727,1.062,0.0,2.287,0.0,7.533333333333334e-05,173.1,0.58
909,1790887392.199719,-0.534,0.0712,-0.7667,-0.2329,0.3673,0.3401,0.4105,0.4589,0.3284,0.2504,0.37,0.3797,0.0,0.2237,-0.0,1.2255,1.07,0.0,2.309,0.0,7.533333333333334e-05,92.5,0.52
910,1790887392.7154047,-0.5086,0.0443,-0.773,-0.1931,0.3628,0.4301,0.3787,0.3457,0.3375,0.2558,0.373,0.3712,0.0,0.2535,-0.0,1.3743,1.07,0.0,2.3,0.0,7.533333333333334e-05,123.7,0.51
911,1790887393.2704225,-0.4077,0.0487,-0.8012,-0.167,0.3517,0.266,0.3458,0.2689,0.25,0.2448,0.3773,0.3779,0.0,0.2314,-0.0,1.2635,1.066,0.0,2.25,0.0,7.533333333333334e-05,147.5,0.55
912,1790887393.9116764,-0.4678,0.0578,-0.773,-0.2567,0.3034,0.3112,0.3183,0.3916,0.2875,0.2359,0.3838,0.3803,0.0,0.1996,-0.0,1.1044,1.063,0.0,2.241,0.225,7.6e-05,164.6,0.63
913,1790887394.4416482,-0.5363,0.0784,-0.8853,-0.2093,0.5424,0.3981,0.4954,0.3545,0.3501,0.2403,0.3738,0.3859,0.0,0.4068,-0.0,2.1404,1.063,0.0,2.213,0.0,7.6e-05,98.7,0.52
914,1790887394.9671044,-0.5175,0.0562,-0.6777,-0.3339,0.3431,0.363,0.3898,0.4085,0.333,0.2492,0.3746,0.3762,0.0,0.2313,-0.0,1.2636,1.069,0.0,2.299,0.0,7.6e-05,122.7,0.52
915,1790887395.535716,-0.479,0.0531,-0.7208,-0.2825,0.3009,0.3023,0.3921,0.3751,0.2974,0.2475,0.3827,0.3698,0.0,0.1975,-0.0,1.0941,1.067,0.0,2.281,0.0,7.6e-05,138.0,0.56
916,1790887396.077284,-0.4441,0.0409,-0.6178,-0.228,0.3327,0.3245,0.3591,0.2842,0.2842,0.2344,0.3859,0.3798,0.0,0.217,-0.0,1.1914,1.062,0.0,2.295,0.0,7.6e-05,188.8,0.53
917,1790887396.637907,-0.5273,0.0532,-0.8638,-0.1817,0.465,0.3528,0.3883,0.4353,0.3408,0.2433,0.3756,0.381,0.0,0.3353,-0.0,1.783,1.066,0.0,2.308,0.0,7.6e-05,95.5,0.55
918,1790887397.20677,-0.4854,0.0459,-0.6491,-0.297,0.4564,0.3599,0.3757,0.3479,0.3144,0.2523,0.3741,0.3736,0.0,0.309,-0.0,1.6517,1.068,0.0,2.289,0.0,7.6e-05,120.8,0.56
919,1790887397.7638917,-0.4416,0.0452,-0.7849,-0.1292,0.2705,0.3175,0.2897,0.362,0.284,0.2457,0.3851,0.3692,0.0,0.1722,-0.0,0.968,1.067,0.0,2.309,0.0,7.6e-05,140.0,0.55
920,1790887398.3800266,-0.46,0.0729,-0.825,-0.219,0.4476,0.3768,0.2477,0.3707,0.2452,0.2299,0.3799,0.3902,0.0,0.3087,-0.0,1.6494,1.057,0.0,2.275,0.349,7.666666666666667e-05,173.9,0.61
921,1790887398.9260404,-0.579,0.044,-0.7857,-0.3272,0.4404,0.4324,0.4765,0.4373,0.4049,0.2471,0.3732,0.3797,0.0,0.2931,-0.0,1.572,1.067,0.0,2.277,0.0,7.666666666666667e-05,92.0,0.54
922,1790887399.5051522,-0.4424,0.0692,-0.7152,-0.2091,0.4407,0.3056,0.3834,0.2726,0.26,0.2383,0.3769,0.3848,0.0,0.3125,-0.0,1.6686,1.063,0.0,2.281,0.0,7.666666666666667e-05,116.8,0.57
923,1790887400.0637748,-0.5123,0.0447,-0.6807,-0.3739,0.3421,0.3789,0.4047,0.3659,0.3305,0.24,0.3887,0.3714,0.0,0.2278,-0.0,1.2451,1.063,0.0,2.307,0.0,7.666666666666667e-05,156.0,0.55
924,1790887400.6745288,-0.4426,0.0467,-0.6452,-0.2714,0.3456,0.3047,0.3347,0.3078,0.2719,0.2264,0.3916,0.382,0.0,0.2234,-0.0,1.2228,1.057,0.0,2.301,0.0,7.666666666666667e-05,192.7,0.6
925,1790887401.342555,-0.5519,0.049,-0.7611,-0.2801,0.3673,0.4016,0.4568,0.414,0.3717,0.2511,0.3765,0.3724,0.0,0.2714,-0.0,1.464,1.069,0.0,2.309,0.0,7.666666666666667e-05,80.3,0.66
926,1790887404.0043015,-0.5506,0.0708,-0.9036,-0.3607,0.2639,0.3703,0.487,0.3932,0.352,0.2443,0.3837,0.3719,0.0,0.1657,-0.0,0.9354,1.067,0.0,2.3,0.0,7.666666666666667e-05,85.5,0.79
927,1790887404.5583968,-0.5025,0.058,-0.7341,-0.2691,0.3514,0.3708,0.3618,0.3898,0.3172,0.2338,0.3865,0.3797,0.0,0.2281,-0.0,1.2469,1.061,0.0,2.299,0.0,7.666666666666667e-05,147.8,0.55
928,1790887405.112893,-0.5213,0.0719,-0.9076,-0.1901,0.2905,0.4043,0.4644,0.3178,0.3143,0.2311,0.3892,0.3797,0.0,0.1771,-0.0,0.9913,1.06,0.0,2.261,0.753,7.733333333333333e-05,203.6,0.55
929,1790887405.61411,-0.5357,0.0541,-0.8649,-0.2944,0.4576,0.4427,0.4052,0.3796,0.3525,0.2513,0.3681,0.3806,0.0,0.3354,-0.0,1.7838,1.067,0.0,2.309,0.0,7.733333333333333e-05,102.2,0.49
930,1790887406.1468515,-0.4187,0.0499,-0.6541,-0.2517,0.3952,0.2596,0.304,0.3354,0.2483,0.2543,0.3749,0.3708,0.0,0.2683,-0.0,1.4482,1.068,0.0,2.309,0.0,7.733333333333333e-05,129.3,0.52
931,1790887406.6905866,-0.5134,0.1018,-0.8423,-0.195,0.2793,0.4707,0.2764,0.4175,0.2764,0.2433,0.3857,0.371,0.0,0.1769,-0.0,0.9913,1.066,0.0,2.291,0.0,7.733333333333333e-05,143.3,0.54
932,1790887407.2816665,-0.4781,0.1623,-0.9082,-0.1589,0.2209,0.2503,0.5568,0.2576,0.2284,0.23,0.3946,0.3755,0.0,0.1256,-0.0,0.7339,1.061,0.0,2.211,0.0,7.733333333333333e-05,182.1,0.58
933,1790887407.8321764,-0.4987,0.0378,-0.6717,-0.275,0.3499,0.3942,0.3827,0.3504,0.3349,0.2452,0.3814,0.3734,0.0,0.2341,-0.0,1.2773,1.067,0.0,2.309,0.0,7.733333333333333e-05,99.9,0.54
934,1790887408.3626816,-0.3796,0.0499,-0.5758,-0.1477,0.3846,0.2538,0.2291,0.2989,0.2135,0.2444,0.3759,0.3797,0.0,0.2532,-0.0,1.3727,1.066,0.0,2.307,0.0,7.733333333333333e-05,127.4,0.52
935,1790887408.9063177,-0.4194,0.0365,-0.6785,-0.2026,0.3878,0.2925,0.279,0.3263,0.2602,0.2437,0.3835,0.3727,0.0,0.2564,-0.0,1.3884,1.064,0.0,2.308,0.0,7.733333333333333e-05,151.1,0.54
936,1790887409.419589,-0.3989,0.0344,-0.5544,-0.2216,0.4661,0.3,0.2682,0.264,0.2429,0.2258,0.3891,0.3851,0.0,0.3199,-0.0,1.705,1.056,0.0,2.283,0.232,7.800000000000001e-05,211.0,0.51
937,1790887409.9291372,-0.5359,0.0566,-0.7125,-0.3688,0.4015,0.4278,0.3872,0.4101,0.35,0.2372,0.385,0.3778,0.0,0.2634,-0.0,1.4234,1.062,0.0,2.309,0.0,7.800000000000001e-05,109.7,0.5
938,1790887410.594443,-0.5797,0.0776,-0.8423,-0.2,0.407,0.3803,0.4909,0.4721,0.3581,0.2482,0.3777,0.3741,0.0,0.2659,-0.0,1.4361,1.067,0.0,2.255,0.0,7.800000000000001e-05,103.8,0.66
939,1790887411.3566895,-0.5808,0.1782,-0.9743,-0.2265,0.412,0.6669,0.2828,0.4011,0.2828,0.2382,0.3856,0.3763,0.0,0.2867,-0.0,1.5394,1.061,0.0,2.256,0.0,7.800000000000001e-05,105.6,0.75
940,1790887411.9560976,-0.4056,0.0398,-0.6375,-0.1668,0.2932,0.2603,0.2779,0.3113,0.2441,0.2305,0.3886,0.381,0.0,0.1759,-0.0,0.9854,1.06,0.0,2.308,0.0,7.800000000000001e-05,173.7,0.59
941,1790887412.5019362,-0.4709,0.1099,-0.8877,-0.1647,0.334,0.2588,0.3116,0.483,0.249,0.2466,0.3748,0.3786,0.0,0.2237,-0.0,1.2255,1.068,0.0,2.163,0.0,7.800000000000001e-05,96.1,0.54
942,1790887413.0581884,-0.5124,0.0524,-0.7829,-0.2718,0.4478,0.337,0.415,0.4047,0.3334,0.2554,0.3725,0.3721,0.0,0.3181,-0.0,1.6973,1.069,0.0,2.296,0.0,7.800000000000001e-05,120.3,0.55
943,1790887413.6339424,-0.5577,0.0716,-0.8763,-0.29,0.3655,0.4998,0.4131,0.3696,0.3622,0.2393,0.3854,0.3754,0.0,0.2471,-0.0,1.3419,1.063,0.0,2.307,0.0,7.800000000000001e-05,143.0,0.57
944,1790887414.3463948,-0.4335,0.0321,-0.5757,-0.291,0.269,0.3394,0.2994,0.2892,0.2745,0.2294,0.39,0.3805,0.0,0.1833,-0.0,1.0222,1.06,0.0,2.305,0.236,7.866666666666666e-05,154.3,0.7
945,1790887414.8659022,-0.5082,0.0544,-0.7241,-0.3368,0.4384,0.35,0.3936,0.3985,0.3267,0.2431,0.3748,0.382,0.0,0.3126,-0.0,1.6694,1.065,0.0,2.287,0.0,7.866666666666666e-05,98.5,0.51
946,1790887415.561281,-0.411,0.0398,-0.6869,-0.1526,0.2973,0.2646,0.3236,0.2893,0.2483,0.2421,0.3858,0.3721,0.0,0.198,-0.0,1.0964,1.065,0.0,2.292,0.0,7.866666666666666e-05,104.2,0.69
947,1790887416.1002293,-0.3962,0.0363,-0.8167,-0.1788,0.2674,0.2974,0.2896,0.2648,0.2471,0.2355,0.391,0.3736,0.0,0.1717,-0.0,0.9648,1.063,0.0,2.308,0.0,7.866666666666666e-05,161.4,0.53
948,1790887416.870917,-0.4281,0.0557,-0.622,-0.2602,0.33,0.3075,0.2631,0.3502,0.2523,0.2319,0.3865,0.3817,0.0,0.2172,-0.0,1.192,1.06,0.0,2.282,0.0,7.866666666666666e-05,147.8,0.76
949,1790887417.4121864,-0.5493,0.0597,-0.9556,-0.3075,0.457,0.4728,0.4156,0.3944,0.374,0.2457,0.3806,0.3737,0.0,0.36,-0.0,1.9068,1.066,0.0,2.309,0.0,7.866666666666666e-05,98.7,0.53
950,1790887417.9507692,-0.4915,0.0818,-0.8012,-0.1722,0.3321,0.459,0.3073,0.3214,0.287,0.239,0.385,0.376,0.0,0.2112,-0.0,1.1627,1.065,0.0,2.279,0.0,7.866666666666666e-05,117.1,0.53
951,1790887420.811369,-0.4532,0.0522,-0.7311,-0.2299,0.5152,0.3686,0.3515,0.2796,0.2754,0.2436,0.3767,0.3797,0.0,0.3645,-0.0,1.9289,1.063,0.0,2.257,0.0,7.866666666666666e-05,101.0,0.75
952,1790887421.4383438,-0.4436,0.1122,-0.6965,-0.2313,0.3316,0.4528,0.2795,0.2453,0.2331,0.2338,0.3859,0.3803,0.0,0.2232,-0.0,1.2221,1.061,0.0,2.309,0.689,7.933333333333334e-05,181.3,0.62
953,1790887421.938436,-0.4377,0.0368,-0.6747,-0.1942,0.2764,0.3381,0.3139,0.3138,0.277,0.2386,0.3883,0.3731,0.0,0.1948,-0.0,1.0805,1.064,0.0,2.289,0.0,7.933333333333334e-05,109.4,0.49
954,1790887422.4628687,-0.4576,0.0438,-0.6585,-0.1688,0.3617,0.3401,0.3675,0.304,0.2945,0.2426,0.3849,0.3725,0.0,0.241,-0.0,1.3118,1.066,0.0,2.298,0.0,7.933333333333334e-05,128.4,0.52
955,1790887422.9424443,-0.4269,0.077,-0.6788,-0.179,0.3056,0.3911,0.2554,0.2762,0.238,0.2405,0.3826,0.3769,0.0,0.1956,-0.0,1.0843,1.064,0.0,2.259,0.0,7.933333333333334e-05,172.5,0.47
956,1790887423.5372488,-0.4835,0.0497,-0.7122,-0.1613,0.3585,0.3701,0.3814,0.3136,0.3023,0.2272,0.3889,0.3839,0.0,0.233,-0.0,1.271,1.058,0.0,2.308,0.0,7.933333333333334e-05,168.2,0.59
957,1790887424.0878477,-0.5136,0.0997,-0.7833,-0.2112,0.3651,0.2937,0.4015,0.4797,0.2905,0.2372,0.3841,0.3787,0.0,0.2328,-0.0,1.2702,1.062,0.0,2.309,0.0,7.933333333333334e-05,101.0,0.54
958,1790887424.58794,-0.4806,0.0663,-0.8282,-0.2257,0.3531,0.4148,0.3394,0.3238,0.2987,0.2455,0.3779,0.3766,0.0,0.242,-0.0,1.3166,1.066,0.0,2.295,0.0,7.933333333333334e-05,132.4,0.49
959,1790887425.1366284,-0.4367,0.063,-0.6273,-0.3097,0.3027,0.3817,0.295,0.2735,0.2598,0.237,0.3886,0.3744,0.0,0.2099,-0.0,1.156,1.063,0.0,2.308,0.0,7.933333333333334e-05,147.5,0.54
960,1790887425.742783,-0.4746,0.0628,-0.7537,-0.2822,0.3043,0.3124,0.3272,0.4174,0.2912,0.2333,0.3884,0.3783,0.0,0.1863,-0.0,1.0376,1.061,0.0,2.306,0.374,8e-05,159.5,0.6
961,1790887426.2226324,-0.4349,0.0428,-0.7469,-0.2188,0.3264,0.285,0.3166,0.3229,0.2651,0.2392,0.3834,0.3774,0.0,0.2051,-0.0,1.1321,1.065,0.0,2.309,0.0,8e-05,123.4,0.47
962,1790887426.7029495,-0.4834,0.053,-0.7297,-0.2015,0.313,0.3994,0.3074,0.361,0.3001,0.241,0.3856,0.3734,0.0,0.2021,-0.0,1.1171,1.064,0.0,2.302,0.0,8e-05,156.8,0.47
963,1790887427.246853,-0.4434,0.0368,-0.6856,-0.1827,0.3858,0.3117,0.3102,0.327,0.277,0.2394,0.3839,0.3767,0.0,0.2541,-0.0,1.3767,1.063,0.0,2.309,0.0,8e-05,165.5,0.54
964,1790887427.8626924,-0.4965,0.0882,-0.8939,-0.2607,0.295,0.4666,0.2847,0.3516,0.2788,0.2212,0.3962,0.3825,0.0,0.1925,-0.0,1.0683,1.056,0.0,2.293,0.0,8e-05,187.0,0.61
965,1790887428.371169,-0.4419,0.0659,-0.7077,-0.2464,0.281,0.2729,0.3239,0.3789,0.2617,0.2464,0.3821,0.3715,0.0,0.1748,0.0,0.9807,1.067,0.0,2.295,0.0,8e-05,114.4,0.5
966,1790887428.853758,-0.4684,0.0431,-0.6738,-0.2474,0.3938,0.3844,0.3188,0.3179,0.2994,0.2387,0.3821,0.3792,0.0,0.2631,-0.0,1.4221,1.065,0.0,2.309,0.0,8e-05,139.6,0.48
967,1790887429.3870497,-0.5301,0.0675,-0.8611,-0.3091,0.4586,0.4257,0.3478,0.4171,0.3231,0.2429,0.3782,0.3789,0.0,0.304,-0.0,1.6264,1.064,0.0,2.303,0.0,8e-05,146.0,0.53
968,1790887430.0143397,-0.4375,0.0608,-0.7448,-0.197,0.3096,0.2738,0.3838,0.3102,0.2674,0.233,0.3877,0.3793,0.0,0.2015,-0.0,1.1136,1.061,0.0,2.309,0.315,8.066666666666667e-05,160.1,0.62
969,1790887430.586308,-0.6061,0.0927,-0.9081,-0.3194,0.4513,0.3789,0.521,0.514,0.3618,0.2427,0.3813,0.376,0.0,0.3144,-0.0,1.6787,1.065,0.0,2.303,0.0,8.066666666666667e-05,89.8,0.56
970,1790887431.0704298,-0.5115,0.0605,-0.7437,-0.3086,0.4153,0.3974,0.3236,0.4182,0.3172,0.2396,0.3807,0.3797,0.0,0.2987,-0.0,1.5997,1.063,0.0,2.28,0.0,8.066666666666667e-05,136.5,0.48
971,1790887432.1121564,-0.5222,0.0374,-0.7327,-0.3913,0.3097,0.3641,0.4214,0.3793,0.3502,0.2376,0.3875,0.3749,0.0,0.1913,-0.0,1.0627,1.062,0.0,2.289,0.0,8.066666666666667e-05,77.9,1.03
972,1790887432.8459387,-0.4692,0.0506,-0.7944,-0.319,0.2831,0.3807,0.3285,0.3105,0.2952,0.2247,0.392,0.3833,0.0,0.1725,-0.0,0.9683,1.058,0.0,2.3,0.0,8.066666666666667e-05,144.6,0.73
973,1790887433.3992665,-0.5502,0.0499,-0.8052,-0.2896,0.4116,0.4224,0.4178,0.4206,0.3707,0.2402,0.3829,0.3769,0.0,0.3423,-0.0,1.8181,1.064,0.0,2.295,0.0,8.066666666666667e-05,98.7,0.55
974,1790887433.9156604,-0.5486,0.12,-0.8467,-0.2393,0.3533,0.5655,0.3597,0.3293,0.3203,0.2337,0.388,0.3784,0.0,0.2302,-0.0,1.2571,1.062,0.0,2.294,0.0,8.066666666666667e-05,137.4,0.51
975,1790887434.4474027,-0.429,0.0395,-0.5983,-0.2304,0.2615,0.3327,0.2707,0.3081,0.2584,0.2413,0.3871,0.3716,0.0,0.172,-0.0,0.9663,1.065,0.0,2.249,0.0,8.066666666666667e-05,146.4,0.53
976,1790887437.1100621,-0.396,0.0549,-0.6357,-0.141,0.3046,0.3042,0.2342,0.305,0.2305,0.2305,0.389,0.3805,0.0,0.1951,-0.0,1.0812,1.059,0.0,2.305,0.507,8.133333333333334e-05,131.1,0.76
977,1790887437.6035938,-0.3936,0.0493,-0.6897,-0.1896,0.3207,0.2531,0.316,0.2693,0.2306,0.2334,0.3866,0.3801,0.0,0.2112,-0.0,1.1623,1.062,0.0,2.303,0.0,8.133333333333334e-05,113.3,0.49
978,1790887438.1105547,-0.4768,0.0633,-0.7214,-0.2492,0.3351,0.3866,0.3077,0.372,0.2966,0.2349,0.387,0.3781,0.0,0.2319,-0.0,1.2658,1.062,0.0,2.297,0.0,8.133333333333334e-05,143.6,0.5
979,1790887438.6437273,-0.4296,0.0751,-0.6926,-0.2,0.2449,0.2696,0.2725,0.3988,0.2503,0.2368,0.3899,0.3733,0.0,0.1511,-0.0,0.862,1.063,0.0,2.252,0.0,8.133333333333334e-05,159.8,0.52
980,1790887439.2459638,-0.4115,0.032,-0.7077,-0.1509,0.3687,0.2814,0.3217,0.2802,0.261,0.2296,0.3904,0.38,0.0,0.2514,-0.0,1.3627,1.059,0.0,2.291,0.0,8.133333333333334e-05,174.7,0.59
981,1790887439.7780046,-0.4681,0.0707,-0.6862,-0.2756,0.4443,0.3111,0.4054,0.34,0.2909,0.2364,0.3857,0.3778,0.0,0.2887,-0.0,1.5497,1.061,0.0,2.309,0.0,8.133333333333334e-05,111.1,0.52
982,1790887440.3339353,-0.4668,0.0654,-0.9136,-0.1639,0.3057,0.3444,0.3093,0.3834,0.2837,0.2358,0.389,0.3752,0.0,0.207,-0.0,1.1413,1.063,0.0,2.309,0.0,8.133333333333334e-05,117.3,0.55
983,1790887440.908492,-0.4506,0.0552,-0.6686,-0.2479,0.2818,0.3031,0.297,0.3857,0.275,0.2327,0.3917,0.3756,0.0,0.1966,-0.0,1.0892,1.061,0.0,2.303,0.0,8.133333333333334e-05,146.9,0.56
984,1790887441.481576,-0.4465,0.0495,-0.6931,-0.1893,0.278,0.2725,0.349,0.3429,0.2681,0.2179,0.3987,0.3835,0.0,0.1869,-0.0,1.0399,1.053,0.0,2.309,0.487,8.2e-05,185.7,0.57
985,1790887442.0374813,-0.5375,0.0813,-0.7941,-0.097,0.3837,0.4923,0.3834,0.3467,0.3269,0.2454,0.3826,0.3721,0.0,0.2403,-0.0,1.3084,1.068,0.0,2.309,0.0,8.2e-05,93.2,0.55
986,1790887442.5804968,-0.4814,0.0845,-0.8265,-0.1463,0.3637,0.2845,0.4522,0.333,0.2739,0.2389,0.3842,0.3768,0.0,0.2611,-0.0,1.4122,1.064,0.0,2.309,0.0,8.2e-05,123.8,0.53
987,1790887443.1525605,-0.4676,0.049,-0.7016,-0.2881,0.4012,0.3356,0.3702,0.3321,0.2964,0.2323,0.3861,0.3816,0.0,0.2703,-0.0,1.4575,1.061,0.0,2.29,0.0,8.2e-05,130.7,0.56
988,1790887443.73478,-0.3678,0.0388,-0.5775,-0.136,0.287,0.231,0.2553,0.2754,0.2183,0.224,0.397,0.379,0.0,0.1742,-0.0,0.9766,1.057,0.0,2.309,0.0,8.2e-05,168.3,0.57
989,1790887444.2722516,-0.4402,0.069,-0.7,-0.1835,0.3192,0.3748,0.3398,0.2569,0.2506,0.2331,0.3877,0.3793,0.0,0.2077,-0.0,1.1446,1.063,0.0,2.299,0.0,8.2e-05,94.8,0.53
990,1790887444.8201559,-0.4054,0.0777,-0.8868,-0.1962,0.2336,0.274,0.3637,0.2364,0.2161,0.2333,0.3918,0.3749,0.0,0.1374,-0.0,0.7931,1.061,0.0,2.304,0.0,8.2e-05,136.7,0.54
991,1790887445.4004495,-0.4352,0.0563,-0.695,-0.2462,0.3712,0.3234,0.2767,0.3453,0.2598,0.2319,0.3878,0.3803,0.0,0.2381,-0.0,1.2964,1.061,0.0,2.298,0.0,8.2e-05,143.9,0.57
992,1790887445.9224367,-0.3693,0.0335,-0.5306,-0.1823,0.2488,0.2573,0.2435,0.2687,0.2253,0.2228,0.3978,0.3794,0.0,0.1679,-0.0,0.9452,1.055,0.0,2.308,0.334,8.266666666666667e-05,198.0,0.51
993,1790887446.4292085,-0.4751,0.0762,-0.85,-0.1523,0.4734,0.3341,0.4381,0.287,0.282,0.2275,0.3871,0.3854,0.0,0.3199,-0.0,1.7053,1.057,0.0,2.301,0.0,8.266666666666667e-05,110.9,0.5
994,1790887446.966017,-0.509,0.1315,-1.0167,-0.2439,0.2971,0.5483,0.3197,0.2796,0.2676,0.2338,0.392,0.3742,0.0,0.2093,-0.0,1.1526,1.062,0.0,2.172,0.0,8.266666666666667e-05,128.9,0.53
995,1790887447.6470828,-0.43,0.0869,-0.9644,-0.1709,0.3128,0.4022,0.2804,0.26,0.226,0.2354,0.3856,0.3789,0.0,0.1979,-0.0,1.0954,1.062,0.0,2.252,0.0,8.266666666666667e-05,115.7,0.67
996,1790887448.2635586,-0.4339,0.0442,-0.7414,-0.2637,0.3083,0.3401,0.2907,0.296,0.2642,0.2222,0.3968,0.381,0.0,0.1814,-0.0,1.0126,1.056,0.0,2.299,0.0,8.266666666666667e-05,148.3,0.61
997,1790887448.8421626,-0.4928,0.0474,-0.8464,-0.2756,0.3018,0.3935,0.3516,0.3632,0.3213,0.2383,0.3829,0.3788,0.0,0.2162,-0.0,1.1872,1.064,0.0,2.292,0.0,8.266666666666667e-05,90.0,0.57
998,1790887449.3875496,-0.5466,0.0849,-0.8313,-0.3408,0.4604,0.5127,0.3943,0.3452,0.3329,0.2358,0.3841,0.3801,0.0,0.3202,-0.0,1.7071,1.061,0.0,2.307,0.0,8.266666666666667e-05,118.4,0.54
999,1790887450.0021462,-0.4801,0.0599,-0.7269,-0.2526,0.3555,0.3484,0.3848,0.3366,0.2964,0.2321,0.3876,0.3803,0.0,0.2245,-0.0,1.2288,1.061,0.0,2.308,0.0,8.266666666666667e-05,123.4,0.61
1000,1790887450.5321665,-0.4383,0.0743,-0.7179,-0.1552,0.4024,0.3894,0.3083,0.2478,0.2478,0.2251,0.3893,0.3857,0.0,0.2602,-0.0,1.4066,1.058,0.0,2.3,1.055,8.333333333333334e-05,180.4,0.52
1001,1790887453.7365136,-0.4276,0.0429,-0.6426,-0.1576,0.3028,0.2935,0.3061,0.3327,0.2688,0.2383,0.3794,0.3823,0.0,0.2456,-0.0,1.3346,1.064,0.0,2.309,0.0,8.333333333333334e-05,70.7,0.75
1002,1790887454.3310359,-0.56,0.1068,-0.9613,-0.2867,0.3314,0.5629,0.3774,0.3558,0.3391,0.2317,0.392,0.3763,0.0,0.2048,0.0,1.13,1.059,0.0,2.246,0.0,8.333333333333334e-05,111.9,0.59
1003,1790887454.8398192,-0.3667,0.0425,-0.5333,-0.2366,0.2616,0.2311,0.2716,0.2767,0.2178,0.2284,0.3908,0.3808,0.0,0.1688,-0.0,0.95,1.06,0.0,2.273,0.0,8.333333333333334e-05,153.5,0.5
1004,1790887455.4394965,-0.4138,0.0344,-0.5667,-0.2205,0.38,0.3049,0.2802,0.3099,0.2667,0.2191,0.394,0.387,0.0,0.258,-0.0,1.3951,1.053,0.0,2.303,0.0,8.333333333333334e-05,177.4,0.59
1005,1790887455.9802198,-0.5469,0.0769,-0.8342,-0.2798,0.4444,0.3443,0.4582,0.4401,0.3376,0.2341,0.3774,0.3885,0.0,0.3202,-0.0,1.707,1.061,0.0,2.302,0.0,8.333333333333334e-05,96.5,0.53
1006,1790887456.5380602,-0.5148,0.0677,-0.8167,-0.2397,0.3645,0.4507,0.3578,0.3415,0.3147,0.2361,0.3841,0.3799,0.0,0.2376,-0.0,1.2944,1.062,0.0,2.309,0.0,8.333333333333334e-05,122.1,0.55
1007,1790887457.1180134,-0.4451,0.0429,-0.7532,-0.2657,0.5125,0.3284,0.3008,0.3273,0.2835,0.2274,0.3865,0.3861,0.0,0.3449,-0.0,1.8302,1.057,0.0,2.309,0.0,8.333333333333334e-05,148.9,0.57
1008,1790887457.7396119,-0.5262,0.0734,-0.867,-0.2693,0.2788,0.3474,0.449,0.388,0.3228,0.2162,0.3986,0.3852,0.0,0.1751,-0.0,0.9809,1.052,0.0,2.302,0.119,8.4e-05,184.2,0.61
1009,1790887458.2341926,-0.5077,0.0704,-0.7397,-0.2451,0.4365,0.3159,0.4009,0.4156,0.3018,0.2398,0.3832,0.3769,0.0,0.3156,-0.0,1.6842,1.063,0.0,2.274,0.0,8.4e-05,105.9,0.49
1010,1790887458.8037465,-0.4274,0.0716,-0.6067,-0.2188,0.2882,0.2886,0.3642,0.2508,0.2249,0.2314,0.3914,0.3772,0.0,0.1818,0.0,1.015,1.061,0.0,2.286,0.0,8.4e-05,122.1,0.56
1011,1790887459.337186,-0.431,0.0371,-0.6012,-0.1948,0.4738,0.306,0.3425,0.2812,0.2706,0.2318,0.3866,0.3817,0.0,0.3328,-0.0,1.7698,1.06,0.0,2.304,0.0,8.4e-05,159.3,0.53
1012,1790887459.8914957,-0.5414,0.0758,-0.8474,-0.2626,0.2671,0.4845,0.3673,0.3788,0.3354,0.2134,0.4001,0.3865,0.0,0.177,-0.0,0.9902,1.051,0.0,2.3,0.0,8.4e-05,187.3,0.55
1013,1790887460.3819063,-0.4717,0.0686,-0.7775,-0.2246,0.3585,0.3846,0.3446,0.3259,0.2898,0.2323,0.3877,0.38,0.0,0.2481,-0.0,1.3465,1.061,0.0,2.289,0.0,8.4e-05,98.6,0.48
1014,1790887460.943163,-0.5187,0.0463,-0.6926,-0.2551,0.2659,0.4194,0.3459,0.3748,0.3319,0.2365,0.3839,0.3797,0.0,0.2025,-0.0,1.1186,1.063,0.0,2.299,0.0,8.4e-05,112.3,0.55
1015,1790887461.4711115,-0.4856,0.0408,-0.7078,-0.1759,0.522,0.3844,0.3582,0.3136,0.3032,0.2339,0.3833,0.3829,0.0,0.3781,-0.0,1.9962,1.059,0.0,2.307,0.0,8.4e-05,144.6,0.52
1016,1790887462.0967941,-0.4242,0.1171,-0.6911,-0.1174,0.2981,0.2678,0.2063,0.4419,0.2039,0.2014,0.4033,0.3953,0.0,0.1796,-0.0,1.0023,1.042,0.0,2.299,0.333,8.466666666666667e-05,169.8,0.62
1017,1790887462.5815418,-0.6673,0.0692,-0.8971,-0.3382,0.5222,0.5157,0.5998,0.4735,0.452,0.2301,0.3805,0.3894,0.0,0.4388,-0.0,2.2997,1.059,0.0,2.287,0.0,8.466666666666667e-05,105.1,0.48
1018,1790887463.1164103,-0.4237,0.047,-0.7447,-0.1657,0.3641,0.3231,0.3143,0.276,0.2525,0.2331,0.3839,0.383,0.0,0.2458,-0.0,1.3352,1.062,0.0,2.309,0.0,8.466666666666667e-05,125.5,0.53
1019,1790887463.6885579,-0.5267,0.0453,-1.15,-0.2493,0.3506,0.3761,0.4115,0.4099,0.3493,0.222,0.3931,0.3849,0.0,0.2322,-0.0,1.2665,1.056,0.0,2.305,0.0,8.466666666666667e-05,143.7,0.56
1020,1790887464.298067,-0.2868,0.0388,-0.5434,-0.097,0.2014,0.18,0.2009,0.1852,0.1566,0.2164,0.3987,0.3849,0.0,0.1255,-0.0,0.7329,1.053,0.0,2.273,0.0,8.466666666666667e-05,171.2,0.6
1021,1790887464.7781627,-0.5433,0.0604,-0.8509,-0.273,0.3857,0.4421,0.371,0.4141,0.3447,0.2447,0.3767,0.3786,0.0,0.2621,-0.0,1.4171,1.068,0.0,2.309,0.0,8.466666666666667e-05,111.6,0.47
1022,1790887465.3086843,-0.4385,0.0549,-0.657,-0.2072,0.4352,0.3423,0.3607,0.2703,0.266,0.2328,0.3843,0.3829,0.0,0.3061,-0.0,1.6363,1.06,0.0,2.279,0.0,8.466666666666667e-05,133.6,0.52
1023,1790887465.8630278,-0.4235,0.0612,-0.8022,-0.2109,0.2688,0.2737,0.3592,0.2737,0.2476,0.2349,0.3867,0.3784,0.0,0.1716,-0.0,0.9641,1.063,0.0,2.309,0.0,8.466666666666667e-05,151.2,0.55
1024,1790887466.47592,-0.3739,0.0413,-0.5962,-0.2304,0.2793,0.2108,0.2665,0.2831,0.2079,0.2091,0.4014,0.3895,0.0,0.172,-0.0,0.9649,1.048,0.0,2.198,0.696,8.533333333333334e-05,179.0,0.6
1025,1790887467.0078619,-0.5837,0.077,-0.8513,-0.1711,0.3408,0.4797,0.4989,0.3789,0.3645,0.2383,0.3828,0.379,0.0,0.2762,-0.0,1.4873,1.064,0.0,2.309,0.0,8.533333333333334e-05,103.7,0.52
1026,1790887469.705766,-0.4542,0.0549,-0.7279,-0.1351,0.3492,0.3735,0.2949,0.3252,0.2739,0.2388,0.383,0.3782,0.0,0.2484,-0.0,1.3483,1.063,0.0,2.309,0.0,8.533333333333334e-05,93.5,0.75
1027,1790887470.258962,-0.451,0.1039,-0.8257,-0.2442,0.2636,0.4482,0.2699,0.267,0.2393,0.2207,0.3957,0.3836,0.0,0.1795,-0.0,1.003,1.055,0.0,2.288,0.0,8.533333333333334e-05,164.3,0.55
1028,1790887470.8746185,-0.4171,0.0452,-0.8491,-0.1651,0.3465,0.3229,0.303,0.2739,0.2551,0.2077,0.3979,0.3944,0.0,0.2201,-0.0,1.205,1.046,0.0,2.273,0.0,8.533333333333334e-05,192.4,0.61
1029,1790887471.3539207,-0.4813,0.0501,-0.6788,-0.2565,0.384,0.3676,0.3239,0.386,0.3091,0.2196,0.3927,0.3878,0.0,0.2581,-0.0,1.3959,1.055,0.0,2.309,0.0,8.533333333333334e-05,124.0,0.47
1030,1790887471.8699095,-0.505,0.0563,-0.8325,-0.2218,0.3397,0.3915,0.4052,0.3203,0.3154,0.2313,0.3868,0.3819,0.0,0.2426,-0.0,1.3191,1.06,0.0,2.309,0.0,8.533333333333334e-05,140.8,0.51
1031,1790887472.3990357,-0.518,0.0671,-0.7056,-0.2569,0.5925,0.3394,0.4138,0.4172,0.3237,0.2252,0.3855,0.3894,0.0,0.4177,-0.0,2.1939,1.054,0.0,2.3,0.0,8.533333333333334e-05,148.8,0.52
1032,1790887472.9702384,-0.41,0.059,-0.8285,-0.1974,0.3929,0.2612,0.3498,0.2626,0.2359,0.2126,0.3917,0.3957,0.0,0.2675,-0.0,1.4424,1.048,0.0,2.281,0.428,8.6e-05,181.9,0.56
1033,1790887473.426262,-0.5381,0.0831,-0.7382,-0.2789,0.3882,0.3988,0.4868,0.3253,0.3192,0.2311,0.3822,0.3867,0.0,0.2889,-0.0,1.5506,1.061,0.0,2.303,0.0,8.6e-05,111.3,0.45
1034,1790887473.9223492,-0.4546,0.0669,-0.7838,-0.1148,0.3541,0.26,0.3791,0.3651,0.26,0.2241,0.388,0.3879,0.0,0.2308,-0.0,1.2594,1.056,0.0,2.304,0.0,8.6e-05,136.3,0.49
1035,1790887474.4502518,-0.5049,0.0712,-0.75,-0.2846,0.2978,0.436,0.3446,0.3522,0.3065,0.2319,0.3889,0.3792,0.0,0.193,-0.0,1.0708,1.06,0.0,2.303,0.0,8.6e-05,154.7,0.52
1036,1790887475.07763,-0.3339,0.0282,-0.6564,-0.1456,0.2863,0.2298,0.2306,0.2293,0.2043,0.2106,0.3975,0.3919,0.0,0.1859,-0.0,1.0344,1.049,0.0,2.297,0.0,8.6e-05,190.1,0.62
1037,1790887475.6372406,-0.5533,0.0728,-0.7393,-0.3782,0.3941,0.3675,0.443,0.4445,0.3461,0.2321,0.3811,0.3868,0.0,0.2718,-0.0,1.4649,1.062,0.0,2.308,0.0,8.6e-05,97.5,0.55
1038,1790887476.1583495,-0.4704,0.0823,-0.8169,-0.2131,0.3062,0.2623,0.3773,0.4003,0.2623,0.2241,0.3889,0.387,0.0,0.1948,-0.0,1.0796,1.057,0.0,2.303,0.0,8.6e-05,133.5,0.51
1039,1790887476.7279036,-0.4416,0.0463,-0.7332,-0.2372,0.3712,0.2791,0.3659,0.3106,0.2687,0.2236,0.3894,0.387,0.0,0.2636,-0.0,1.4235,1.055,0.0,2.299,0.0,8.6e-05,143.5,0.56
1040,1790887477.3456588,-0.4498,0.1161,-0.8613,-0.2116,0.3124,0.2259,0.2862,0.4576,0.2231,0.2083,0.398,0.3938,0.0,0.213,-0.0,1.1697,1.047,0.0,2.232,0.686,8.666666666666667e-05,174.2,0.61
1041,1790887477.8824728,-0.3801,0.0658,-0.7145,-0.0931,0.486,0.2656,0.2309,0.329,0.2156,0.2257,0.3813,0.3929,0.0,0.352,-0.0,1.8656,1.056,0.0,2.277,0.0,8.666666666666667e-05,99.5,0.53
1042,1790887478.4052176,-0.4545,0.0438,-0.7829,-0.2786,0.2906,0.3655,0.325,0.3033,0.2846,0.2353,0.3833,0.3814,0.0,0.1979,-0.0,1.0956,1.062,0.0,2.266,0.0,8.666666666666667e-05,116.9,0.52
1043,1790887478.9784014,-0.4877,0.0465,-0.7889,-0.2449,0.2809,0.3601,0.3395,0.3701,0.3119,0.2267,0.3879,0.3853,0.0,0.2134,-0.0,1.1729,1.06,0.0,2.302,0.0,8.666666666666667e-05,131.3,0.57
1044,1790887479.59124,-0.3748,0.0438,-0.6778,-0.2009,0.287,0.2674,0.294,0.23,0.216,0.2177,0.3945,0.3878,0.0,0.1759,-0.0,0.985,1.053,0.0,2.308,0.0,8.666666666666667e-05,163.8,0.6
1045,1790887480.1149473,-0.4585,0.0489,-0.775,-0.2168,0.3151,0.3208,0.3482,0.3579,0.2985,0.2288,0.3825,0.3887,0.0,0.2334,-0.0,1.273,1.06,0.0,2.309,0.0,8.666666666666667e-05,103.8,0.51
1046,1790887480.670531,-0.5142,0.0685,-0.7528,-0.1817,0.3886,0.3908,0.4241,0.3073,0.292,0.2246,0.3871,0.3883,0.0,0.273,-0.0,1.4708,1.056,0.0,2.288,0.0,8.666666666666667e-05,125.7,0.55
1047,1790887481.2294292,-0.4556,0.0863,-0.6773,-0.1159,0.321,0.3707,0.2409,0.375,0.2375,0.2316,0.3845,0.3839,0.0,0.2183,-0.0,1.1977,1.061,0.0,2.291,0.0,8.666666666666667e-05,142.2,0.55
1048,1790887481.8443222,-0.392,0.0371,-0.6016,-0.1828,0.3164,0.265,0.2843,0.2763,0.2368,0.2084,0.3944,0.3972,0.0,0.1951,0.0,1.0801,1.048,0.0,2.267,0.181,8.733333333333333e-05,170.9,0.61
1049,1790887482.4091456,-0.6153,0.1047,-1.0136,-0.308,0.3977,0.6099,0.4277,0.3996,0.3772,0.2238,0.3845,0.3916,0.0,0.2618,-0.0,1.4147,1.055,0.0,2.251,0.0,8.733333333333333e-05,92.8,0.56
1050,1790887482.958245,-0.4562,0.0623,-0.8731,-0.1629,0.3419,0.2768,0.3593,0.3731,0.2712,0.2149,0.3911,0.3939,0.0,0.2284,-0.0,1.247,1.052,0.0,2.292,0.0,8.733333333333333e-05,127.2,0.54
1051,1790887485.7287357,-0.4405,0.0377,-0.6257,-0.2773,0.3452,0.3283,0.3231,0.2958,0.28,0.228,0.3863,0.3858,0.0,0.2331,-0.0,1.2712,1.058,0.0,2.284,0.0,8.733333333333333e-05,126.0,0.69
1052,1790887486.3074079,-0.3541,0.0345,-0.531,-0.2043,0.2955,0.2629,0.2127,0.2606,0.2072,0.2083,0.3943,0.3974,0.0,0.193,-0.0,1.07,1.048,0.0,2.309,0.0,8.733333333333333e-05,168.4,0.57
1053,1790887486.8314283,-0.5459,0.1081,-0.8269,-0.3192,0.3996,0.3518,0.5507,0.3473,0.3176,0.2183,0.3868,0.3949,0.0,0.311,-0.0,1.6603,1.053,0.0,2.223,0.0,8.733333333333333e-05,107.8,0.52
1054,1790887487.3595703,-0.5582,0.0664,-0.8488,-0.195,0.2958,0.422,0.3546,0.493,0.3498,0.2212,0.39,0.3889,0.0,0.1984,-0.0,1.0975,1.056,0.0,2.277,0.0,8.733333333333333e-05,141.5,0.52
1055,1790887487.872114,-0.5289,0.0828,-1.0121,-0.275,0.4335,0.4821,0.3285,0.3729,0.3167,0.222,0.386,0.3921,0.0,0.2919,-0.0,1.5649,1.054,0.0,2.308,0.0,8.733333333333333e-05,168.7,0.5
1056,1790887488.5105073,-0.4719,0.0551,-0.7376,-0.2505,0.4709,0.37,0.3235,0.3565,0.2928,0.2045,0.3931,0.4024,0.0,0.3335,-0.0,1.772,1.042,0.0,2.302,0.412,8.800000000000001e-05,174.8,0.63
1057,1790887489.042989,-0.4665,0.1134,-0.8352,-0.0891,0.314,0.2766,0.4864,0.299,0.2541,0.2239,0.3855,0.3906,0.0,0.2137,-0.0,1.1742,1.057,0.0,2.258,0.0,8.800000000000001e-05,93.6,0.52
1058,1790887489.5887203,-0.466,0.0754,-0.8008,-0.1794,0.585,0.3254,0.4275,0.2894,0.2764,0.2146,0.3836,0.4018,0.0,0.3993,-0.0,2.1014,1.049,0.0,2.299,0.0,8.800000000000001e-05,130.7,0.54
1059,1790887490.1884537,-0.5606,0.1141,-0.9278,-0.2455,0.373,0.2967,0.5378,0.4616,0.2967,0.2158,0.3885,0.3957,0.0,0.2392,-0.0,1.3013,1.053,0.0,2.307,0.0,8.800000000000001e-05,145.3,0.59
1060,1790887490.8060608,-0.4353,0.0515,-0.766,-0.1987,0.3603,0.2901,0.3401,0.3151,0.2674,0.2013,0.396,0.4027,0.0,0.2192,-0.0,1.2,1.042,0.0,2.298,0.0,8.800000000000001e-05,181.1,0.61
1061,1790887491.3183575,-0.4975,0.066,-0.6915,-0.231,0.3866,0.3745,0.401,0.3472,0.3015,0.2298,0.3786,0.3915,0.0,0.2901,-0.0,1.5562,1.058,0.0,2.3,0.0,8.800000000000001e-05,104.9,0.5
1062,1790887491.8577447,-0.4337,0.0486,-0.5831,-0.1952,0.3862,0.2811,0.3341,0.3334,0.2693,0.2292,0.3816,0.3892,0.0,0.2824,-0.0,1.5179,1.059,0.0,2.307,0.0,8.800000000000001e-05,126.6,0.53
1063,1790887492.411772,-0.5611,0.0909,-0.8643,-0.1831,0.4624,0.3276,0.4731,0.4923,0.3198,0.2207,0.3837,0.3956,0.0,0.3222,-0.0,1.7166,1.054,0.0,2.156,0.0,8.800000000000001e-05,145.0,0.55
1064,1790887493.0423505,-0.3982,0.0594,-0.769,-0.1807,0.4598,0.2513,0.2674,0.3348,0.2308,0.2007,0.3901,0.4091,0.0,0.2946,-0.0,1.5772,1.04,0.0,2.302,1.001,8.866666666666668e-05,169.7,0.62
1065,1790887493.5996091,-0.5058,0.0575,-0.7711,-0.2898,0.5996,0.4166,0.3857,0.3338,0.3189,0.2249,0.3721,0.403,0.0,0.4338,-0.0,2.2746,1.054,0.0,2.274,0.0,8.866666666666668e-05,97.5,0.55
1066,1790887494.1454637,-0.5443,0.0385,-0.7437,-0.3524,0.4525,0.4116,0.3935,0.4196,0.3665,0.2239,0.3863,0.3898,0.0,0.3027,-0.0,1.6191,1.054,0.0,2.224,0.0,8.866666666666668e-05,130.3,0.54
1067,1790887494.748641,-0.4123,0.0738,-0.7045,-0.2053,0.3504,0.2447,0.2695,0.3776,0.2255,0.2191,0.3869,0.394,0.0,0.2348,-0.0,1.2792,1.053,0.0,2.303,0.0,8.866666666666668e-05,141.9,0.6
1068,1790887495.3063016,-0.428,0.0727,-0.9,-0.2247,0.31,0.3818,0.2902,0.2466,0.2382,0.2122,0.3942,0.3936,0.0,0.2087,-0.0,1.1483,1.049,0.0,2.308,0.0,8.866666666666668e-05,203.1,0.55
1069,1790887495.8280337,-0.5287,0.0819,-0.8518,-0.314,0.4318,0.3679,0.36,0.479,0.3269,0.2336,0.3782,0.3882,0.0,0.2961,-0.0,1.5866,1.059,0.0,2.309,0.0,8.866666666666668e-05,100.2,0.51
1070,1790887496.3525705,-0.5545,0.0523,-0.8578,-0.3067,0.3338,0.4373,0.3737,0.4433,0.3679,0.2247,0.3838,0.3915,0.0,0.228,-0.0,1.2458,1.057,0.0,2.307,0.0,8.866666666666668e-05,126.8,0.52
1071,1790887496.907864,-0.4505,0.0401,-0.7088,-0.2131,0.4333,0.2988,0.3279,0.3602,0.2904,0.213,0.3902,0.3968,0.0,0.3008,-0.0,1.6091,1.049,0.0,2.309,0.0,8.866666666666668e-05,150.3,0.55
1072,1790887497.4912224,-0.4348,0.0682,-0.7152,-0.1121,0.5667,0.3874,0.2828,0.2656,0.2563,0.2051,0.3821,0.4128,0.0,0.3998,-0.0,2.103,1.042,0.0,2.215,0.467,8.933333333333334e-05,197.5,0.57
1073,1790887498.0421557,-0.5473,0.0663,-0.8211,-0.2609,0.4061,0.3792,0.4096,0.473,0.3602,0.219,0.3782,0.4029,0.0,0.283,-0.0,1.5205,1.053,0.0,2.309,0.0,8.933333333333334e-05,102.2,0.54
1074,1790887498.5667875,-0.401,0.039,-0.6353,-0.1292,0.393,0.3139,0.2942,0.2528,0.2445,0.2239,0.3847,0.3914,0.0,0.279,-0.0,1.5005,1.055,0.0,2.301,0.0,8.933333333333334e-05,133.6,0.52
1075,1790887499.0713933,-0.501,0.0988,-0.7833,-0.2478,0.2732,0.4748,0.3292,0.2933,0.2787,0.2252,0.3843,0.3905,0.0,0.1766,-0.0,0.9889,1.057,0.0,2.27,0.0,8.933333333333334e-05,164.7,0.5
1076,1790887501.739564,-0.4569,0.1088,-0.7542,-0.2159,0.3133,0.2449,0.4645,0.2955,0.2449,0.216,0.385,0.399,0.0,0.2034,-0.0,1.1225,1.053,0.0,2.245,0.0,8.933333333333334e-05,132.1,0.74
1077,1790887502.2445474,-0.4516,0.0437,-0.7116,-0.2189,0.4182,0.2871,0.3501,0.345,0.28,0.2275,0.3784,0.3941,0.0,0.2963,-0.0,1.5874,1.058,0.0,2.305,0.0,8.933333333333334e-05,111.1,0.5
1078,1790887502.760775,-0.3844,0.0421,-0.6438,-0.1116,0.2885,0.2886,0.2868,0.2486,0.2296,0.2236,0.3832,0.3932,0.0,0.1869,-0.0,1.0402,1.058,0.0,2.309,0.0,8.933333333333334e-05,140.6,0.51
1079,1790887503.2787764,-0.4584,0.0509,-0.6724,-0.2138,0.2337,0.3323,0.3916,0.3062,0.2899,0.2265,0.3842,0.3893,0.0,0.1449,-0.0,0.8304,1.059,0.0,2.285,0.0,8.933333333333334e-05,160.0,0.51
1080,1790887503.9136605,-0.4001,0.0303,-0.7679,-0.2023,0.4153,0.2958,0.2866,0.2782,0.2559,0.1994,0.392,0.4086,0.0,0.2755,-0.0,1.4814,1.04,0.0,2.274,0.433,9e-05,166.5,0.63
1081,1790887504.4280689,-0.4973,0.0584,-0.75,-0.2148,0.3342,0.3185,0.3862,0.4294,0.3139,0.2297,0.3787,0.3915,0.0,0.238,-0.0,1.2963,1.06,0.0,2.295,0.0,9e-05,109.5,0.5
1082,1790887504.9186466,-0.5172,0.0813,-0.7625,-0.2604,0.4162,0.475,0.3493,0.3441,0.3147,0.228,0.3778,0.3942,0.0,0.2837,-0.0,1.5242,1.058,0.0,2.288,0.0,9e-05,142.9,0.48
1083,1790887505.4430306,-0.5286,0.0547,-0.7629,-0.3197,0.4296,0.4005,0.4339,0.3482,0.3362,0.2377,0.3734,0.3889,0.0,0.295,-0.0,1.5811,1.062,0.0,2.308,0.0,9e-05,142.6,0.52
1084,1790887506.054177,-0.4487,0.0505,-0.6228,-0.2892,0.2703,0.359,0.3062,0.3036,0.2726,0.1914,0.3974,0.4113,0.0,0.1815,-0.0,1.011,1.035,0.0,2.269,0.0,9e-05,170.7,0.6
1085,1790887506.577497,-0.5163,0.0347,-0.6917,-0.2975,0.431,0.385,0.3871,0.3774,0.3446,0.2296,0.3745,0.3958,0.0,0.2979,-0.0,1.5953,1.058,0.0,2.309,0.0,9e-05,102.7,0.52
1086,1790887507.0974917,-0.4584,0.0513,-0.8352,-0.2243,0.3856,0.3451,0.3256,0.3397,0.2905,0.2235,0.3841,0.3924,0.0,0.2739,-0.0,1.4752,1.056,0.0,2.309,0.0,9e-05,134.7,0.51
1087,1790887507.6015081,-0.4381,0.0561,-0.5926,-0.1949,0.3337,0.2599,0.3554,0.3329,0.2565,0.219,0.3878,0.3933,0.0,0.2188,0.0,1.1992,1.054,0.0,2.306,0.0,9e-05,155.1,0.5
1088,1790887508.190876,-0.3791,0.0423,-0.6448,-0.1685,0.1961,0.3054,0.2666,0.2292,0.2228,0.2013,0.3971,0.4016,0.0,0.1184,-0.0,0.6964,1.044,0.0,2.307,0.27,9.066666666666667e-05,171.1,0.58
1089,1790887508.7397308,-0.5413,0.0788,-0.9326,-0.2787,0.4855,0.36,0.5044,0.3831,0.3535,0.2223,0.3739,0.4038,0.0,0.3287,-0.0,1.7488,1.053,0.0,2.246,0.0,9.066666666666667e-05,95.0,0.54
1090,1790887509.291627,-0.4608,0.0534,-0.7196,-0.1047,0.333,0.3755,0.2953,0.3456,0.285,0.2209,0.3787,0.4004,0.0,0.219,-0.0,1.2003,1.055,0.0,2.309,0.0,9.066666666666667e-05,119.6,0.54
1091,1790887509.820544,-0.4857,0.0547,-0.7989,-0.25,0.2984,0.3698,0.4029,0.3101,0.304,0.2131,0.3869,0.3999,0.0,0.2132,-0.0,1.1712,1.051,0.0,2.307,0.0,9.066666666666667e-05,163.5,0.52
1092,1790887510.4396863,-0.42,0.0613,-0.6857,-0.0897,0.2789,0.2544,0.2975,0.3508,0.2418,0.2019,0.3932,0.4049,0.0,0.1777,-0.0,0.9927,1.043,0.0,2.309,0.0,9.066666666666667e-05,190.4,0.61
1093,1790887511.0174196,-0.5483,0.1237,-0.888,-0.2,0.4994,0.4765,0.2813,0.5114,0.2813,0.222,0.3706,0.4074,0.0,0.3451,-0.0,1.8309,1.056,0.0,2.275,0.0,9.066666666666667e-05,82.0,0.57
1094,1790887511.5558016,-0.4649,0.0657,-0.8479,-0.189,0.3725,0.2812,0.3937,0.3641,0.2766,0.2324,0.3732,0.3944,0.0,0.2536,-0.0,1.3743,1.061,0.0,2.309,0.0,9.066666666666667e-05,110.5,0.53
1095,1790887512.133934,-0.4567,0.0501,-0.7024,-0.2729,0.3452,0.3164,0.3288,0.3621,0.2843,0.228,0.3763,0.3957,0.0,0.2375,-0.0,1.2933,1.058,0.0,2.292,0.0,9.066666666666667e-05,121.9,0.57
1096,1790887512.7219923,-0.4299,0.0529,-0.6649,-0.2129,0.4128,0.3307,0.2851,0.3095,0.2588,0.2165,0.3875,0.396,0.0,0.2669,-0.0,1.4394,1.05,0.0,2.309,0.254,9.133333333333334e-05,165.9,0.58
1097,1790887513.247156,-0.593,0.0526,-0.8352,-0.3056,0.4214,0.4654,0.4286,0.4817,0.4027,0.2147,0.3809,0.4044,0.0,0.2754,-0.0,1.4821,1.05,0.0,2.283,0.0,9.133333333333334e-05,106.9,0.52
1098,1790887513.8000956,-0.4476,0.055,-0.6614,-0.2412,0.307,0.2836,0.3848,0.3114,0.2709,0.2247,0.3818,0.3935,0.0,0.2264,-0.0,1.2379,1.058,0.0,2.307,0.0,9.133333333333334e-05,125.7,0.54
1099,1790887514.3478174,-0.4709,0.0838,-0.7852,-0.2897,0.2762,0.4412,0.2877,0.306,0.2692,0.2258,0.3801,0.3941,0.0,0.1718,-0.0,0.9649,1.058,0.0,2.301,0.0,9.133333333333334e-05,150.7,0.54
1100,1790887514.9651732,-0.541,0.0647,-0.8594,-0.2832,0.2802,0.421,0.3558,0.4556,0.3461,0.2052,0.3893,0.4055,0.0,0.1868,-0.0,1.0388,1.046,0.0,2.29,0.0,9.133333333333334e-05,176.3,0.61
1101,1790887517.5058222,-0.5503,0.0721,-0.7587,-0.2972,0.4332,0.3964,0.4769,0.3717,0.3436,0.2277,0.3754,0.3969,0.0,0.2996,-0.0,1.6035,1.057,0.0,2.291,0.0,9.133333333333334e-05,81.8,0.62
1102,1790887518.0332658,-0.4657,0.041,-0.7253,-0.2074,0.4238,0.3487,0.3608,0.3166,0.2981,0.2249,0.3771,0.398,0.0,0.2852,-0.0,1.5314,1.056,0.0,2.299,0.0,9.133333333333334e-05,128.4,0.52
1103,1790887518.554407,-0.4627,0.1175,-0.7776,-0.2124,0.3354,0.4897,0.2631,0.2677,0.2481,0.22,0.3834,0.3967,0.0,0.2166,0.0,1.1882,1.055,0.0,2.065,0.0,9.133333333333334e-05,155.6,0.51
1104,1790887519.1266122,-0.4505,0.0603,-0.6626,-0.1705,0.2728,0.2614,0.3297,0.382,0.2598,0.2138,0.387,0.3992,0.0,0.1746,0.0,0.9784,1.052,0.0,2.304,0.224,9.200000000000001e-05,185.5,0.56
1105,1790887519.6383483,-0.5539,0.0554,-0.7879,-0.3473,0.2379,0.4278,0.3692,0.4533,0.3535,0.2275,0.3784,0.394,0.0,0.1351,-0.0,0.7818,1.061,0.0,2.305,0.0,9.200000000000001e-05,109.8,0.5
1106,1790887520.213227,-0.493,0.1142,-0.876,-0.1716,0.3971,0.3099,0.2927,0.5018,0.2688,0.2229,0.3741,0.403,0.0,0.2503,-0.0,1.3571,1.054,0.0,2.309,0.0,9.200000000000001e-05,119.6,0.56
1107,1790887520.7633495,-0.4886,0.0408,-0.6917,-0.2652,0.3729,0.3356,0.3704,0.3856,0.326,0.218,0.3808,0.4012,0.0,0.2519,-0.0,1.3646,1.053,0.0,2.309,0.0,9.200000000000001e-05,145.1,0.54
1108,1790887521.3679578,-0.3464,0.0304,-0.5062,-0.1926,0.3455,0.2579,0.2323,0.2151,0.2058,0.2109,0.3842,0.4049,0.0,0.2221,-0.0,1.2154,1.049,0.0,2.271,0.0,9.200000000000001e-05,171.4,0.59
1109,1790887521.8945355,-0.5356,0.0773,-0.7844,-0.2136,0.473,0.4372,0.451,0.3188,0.3188,0.2164,0.374,0.4096,0.0,0.3434,-0.0,1.8219,1.051,0.0,2.309,0.0,9.200000000000001e-05,102.4,0.52
1110,1790887522.4194171,-0.4558,0.0483,-0.6115,-0.267,0.2828,0.3272,0.3144,0.3479,0.2864,0.2283,0.3816,0.3901,0.0,0.1866,-0.0,1.0387,1.059,0.0,2.309,0.0,9.200000000000001e-05,123.9,0.52
1111,1790887522.9012856,-0.4003,0.045,-0.6106,-0.2542,0.3188,0.2805,0.2493,0.3269,0.2485,0.2257,0.3791,0.3952,0.0,0.1991,-0.0,1.1012,1.057,0.0,2.295,0.0,9.200000000000001e-05,176.0,0.47
1112,1790887523.5195343,-0.4651,0.0743,-0.7306,-0.2554,0.3484,0.3492,0.3868,0.2587,0.2569,0.2062,0.3846,0.4092,0.0,0.2358,-0.0,1.2837,1.046,0.0,2.305,0.254,9.266666666666666e-05,172.1,0.61
1113,1790887524.0526185,-0.6621,0.0548,-0.8643,-0.4533,0.5293,0.5491,0.4862,0.5399,0.4733,0.2302,0.3649,0.4049,0.0,0.3948,-0.0,2.08,1.058,0.0,2.299,0.0,9.266666666666666e-05,89.9,0.52
1114,1790887524.619052,-0.5129,0.087,-0.7808,-0.1932,0.3893,0.4551,0.4018,0.297,0.2921,0.2253,0.3776,0.3972,0.0,0.2595,-0.0,1.4031,1.057,0.0,2.291,0.0,9.266666666666666e-05,116.8,0.56
1115,1790887525.2115633,-0.5338,0.0751,-0.7796,-0.3267,0.2955,0.3873,0.3277,0.486,0.3277,0.2135,0.3833,0.4032,0.0,0.1831,-0.0,1.0207,1.052,0.0,2.18,0.0,9.266666666666666e-05,139.1,0.58
1116,1790887525.8301992,-0.3884,0.0509,-0.6333,-0.1897,0.3715,0.2901,0.3086,0.2206,0.2163,0.2056,0.3863,0.4081,0.0,0.2555,-0.0,1.3821,1.045,0.0,2.308,0.0,9.266666666666666e-05,171.5,0.61
1117,1790887526.387837,-0.5636,0.074,-1.0716,-0.3164,0.2903,0.5012,0.3827,0.4093,0.3568,0.2294,0.3751,0.3955,0.0,0.1854,-0.0,1.0328,1.06,0.0,2.305,0.0,9.266666666666666e-05,95.5,0.55
1118,1790887526.9213426,-0.5134,0.0693,-0.7382,-0.2513,0.4155,0.3442,0.4443,0.3465,0.3088,0.2178,0.3751,0.4071,0.0,0.274,-0.0,1.4751,1.053,0.0,2.304,0.0,9.266666666666666e-05,123.9,0.53
1119,1790887527.4692845,-0.4904,0.0742,-0.7602,-0.2818,0.5444,0.2728,0.4206,0.3884,0.2703,0.2126,0.3769,0.4106,0.0,0.3815,-0.0,2.0122,1.048,0.0,2.288,0.0,9.266666666666666e-05,147.2,0.54
1120,1790887528.1532485,-0.3829,0.0416,-0.6451,-0.1871,0.2349,0.2733,0.2409,0.292,0.22,0.2067,0.3882,0.4051,0.0,0.1435,-0.0,0.822,1.047,0.0,2.289,0.222,9.333333333333334e-05,163.9,0.68
1121,1790887528.6962583,-0.6384,0.0647,-0.85,-0.2722,0.4885,0.5602,0.4555,0.4945,0.4288,0.2287,0.3695,0.4018,0.0,0.4003,-0.0,2.1071,1.058,0.0,2.309,0.0,9.333333333333334e-05,92.3,0.53
1122,1790887529.2135375,-0.4706,0.0575,-0.7407,-0.2479,0.3106,0.2959,0.3563,0.4001,0.2908,0.2166,0.3803,0.4032,0.0,0.2332,-0.0,1.2715,1.053,0.0,2.309,0.0,9.333333333333334e-05,124.3,0.51
1123,1790887529.7821326,-0.4584,0.0883,-0.7889,-0.1451,0.3296,0.4354,0.2842,0.2918,0.2604,0.2182,0.3777,0.4041,0.0,0.2237,-0.0,1.224,1.054,0.0,2.307,0.0,9.333333333333334e-05,131.0,0.56
1124,1790887530.3317368,-0.4066,0.0431,-0.5954,-0.1908,0.3148,0.3286,0.2623,0.2618,0.2446,0.2044,0.3866,0.409,0.0,0.2049,0.0,1.1291,1.045,0.0,2.294,0.0,9.333333333333334e-05,185.9,0.54
1125,1790887531.01778,-0.5774,0.058,-0.7812,-0.355,0.4011,0.4446,0.44,0.4597,0.3936,0.2357,0.3689,0.3954,0.0,0.3183,-0.0,1.6976,1.062,0.0,2.301,0.0,9.333333333333334e-05,72.5,0.68
1126,1790887533.687126,-0.4668,0.0515,-0.6564,-0.2897,0.3659,0.3833,0.3473,0.3203,0.3013,0.2273,0.3784,0.3943,0.0,0.2429,-0.0,1.3205,1.058,0.0,2.309,0.0,9.333333333333334e-05,79.3,0.72
1127,1790887534.2960343,-0.4653,0.051,-0.6812,-0.247,0.3374,0.3759,0.3406,0.3108,0.2863,0.2212,0.3797,0.3991,0.0,0.2259,-0.0,1.2352,1.055,0.0,2.276,0.0,9.333333333333334e-05,115.4,0.6
1128,1790887534.8892217,-0.508,0.0381,-0.8488,-0.2674,0.363,0.3746,0.392,0.3718,0.3463,0.2053,0.3829,0.4117,0.0,0.2432,-0.0,1.3206,1.045,0.0,2.285,0.568,9.4e-05,147.6,0.59
1129,1790887535.3954387,-0.4318,0.0511,-0.7026,-0.1925,0.347,0.3537,0.2947,0.2951,0.2635,0.2253,0.3736,0.4011,0.0,0.2201,-0.0,1.2062,1.058,0.0,2.309,0.0,9.4e-05,112.5,0.5
1130,1790887535.9332674,-0.4447,0.046,-0.6312,-0.2917,0.4122,0.3071,0.305,0.3622,0.2814,0.2216,0.3722,0.4062,0.0,0.2799,-0.0,1.5048,1.054,0.0,2.278,0.0,9.4e-05,126.0,0.53
1131,1790887536.4858253,-0.5191,0.0896,-0.773,-0.2016,0.3177,0.4804,0.3075,0.3851,0.3017,0.2171,0.3824,0.4005,0.0,0.1971,-0.0,1.0907,1.052,0.0,2.305,0.0,9.4e-05,147.9,0.55
1132,1790887537.090324,-0.3889,0.0472,-0.6227,-0.1472,0.2651,0.2987,0.2987,0.2315,0.2241,0.1946,0.3897,0.4157,0.0,0.166,-0.0,0.934,1.038,0.0,2.292,0.0,9.4e-05,166.0,0.6
1133,1790887537.6215003,-0.4572,0.0762,-0.7821,-0.1479,0.3072,0.275,0.3226,0.4226,0.272,0.2278,0.3724,0.3998,0.0,0.2201,-0.0,1.2066,1.06,0.0,2.309,0.0,9.4e-05,103.3,0.52
1134,1790887538.165619,-0.5694,0.0548,-0.8295,-0.3374,0.3879,0.4485,0.4683,0.3962,0.3815,0.2273,0.3766,0.3961,0.0,0.2682,-0.0,1.4466,1.058,0.0,2.299,0.0,9.4e-05,126.2,0.53
1135,1790887538.7136996,-0.4126,0.0492,-0.6048,-0.1782,0.3386,0.2579,0.3264,0.3217,0.2536,0.2215,0.3761,0.4024,0.0,0.2184,-0.0,1.1975,1.055,0.0,2.189,0.0,9.4e-05,154.0,0.54
1136,1790887539.2842875,-0.415,0.0848,-0.7261,-0.1357,0.2482,0.3868,0.2282,0.2697,0.224,0.2034,0.3875,0.4091,0.0,0.1609,-0.0,0.9088,1.044,0.0,2.27,0.339,9.466666666666667e-05,182.9,0.56
1137,1790887539.7739136,-0.4984,0.0629,-0.7622,-0.2879,0.4569,0.4007,0.317,0.4067,0.3154,0.2303,0.3685,0.4012,0.0,0.3144,-0.0,1.6778,1.058,0.0,2.305,0.0,9.466666666666667e-05,104.1,0.48
1138,1790887540.3079283,-0.4469,0.0561,-0.7265,-0.1978,0.3014,0.3743,0.2835,0.3278,0.2778,0.2184,0.3819,0.3997,0.0,0.1982,-0.0,1.0964,1.055,0.0,2.309,0.0,9.466666666666667e-05,121.4,0.53
1139,1790887540.888918,-0.4326,0.0517,-0.7295,-0.1814,0.361,0.2815,0.3151,0.3299,0.265,0.2074,0.3826,0.41,0.0,0.22,-0.0,1.2048,1.046,0.0,2.237,0.0,9.466666666666667e-05,132.9,0.57
1140,1790887541.4985242,-0.4435,0.0544,-0.7515,-0.1833,0.2762,0.3644,0.2684,0.3284,0.2649,0.1971,0.3871,0.4158,0.0,0.1831,-0.0,1.0197,1.041,0.0,2.286,0.0,9.466666666666667e-05,172.3,0.6
1141,1790887542.0321343,-0.5762,0.0762,-0.8282,-0.2029,0.3932,0.5139,0.4093,0.4005,0.3706,0.2295,0.3685,0.4019,0.0,0.2978,-0.0,1.5952,1.06,0.0,2.247,0.0,9.466666666666667e-05,91.3,0.53
1142,1790887542.5776703,-0.4479,0.0591,-0.6843,-0.1904,0.279,0.3421,0.2947,0.3573,0.272,0.2112,0.3864,0.4024,0.0,0.1773,-0.0,0.9916,1.05,0.0,2.309,0.0,9.466666666666667e-05,119.1,0.54
1143,1790887543.1036336,-0.4851,0.0505,-0.75,-0.2138,0.3367,0.3662,0.3888,0.3483,0.3185,0.2144,0.3796,0.406,0.0,0.2145,-0.0,1.1778,1.051,0.0,2.288,0.0,9.466666666666667e-05,149.2,0.52
1144,1790887543.6814523,-0.4187,0.0388,-0.6194,-0.0311,0.2978,0.3043,0.3299,0.2743,0.2622,0.2077,0.3868,0.4055,0.0,0.1821,-0.0,1.0151,1.047,0.0,2.251,0.639,9.533333333333334e-05,185.2,0.57
1145,1790887544.2230701,-0.553,0.0413,-0.8038,-0.3007,0.4642,0.4344,0.4139,0.4076,0.3763,0.2176,0.3769,0.4055,0.0,0.3236,-0.0,1.7231,1.052,0.0,2.309,0.0,9.533333333333334e-05,110.6,0.53
1146,1790887544.796736,-0.4359,0.0634,-0.6754,-0.1952,0.4602,0.311,0.3757,0.2744,0.266,0.2105,0.3814,0.4081,0.0,0.3121,-0.0,1.6652,1.047,0.0,2.252,0.0,9.533333333333334e-05,123.7,0.57
1147,1790887545.3082056,-0.4189,0.045,-0.6945,-0.2182,0.2497,0.3185,0.3136,0.2737,0.2557,0.2142,0.3843,0.4015,0.0,0.1407,-0.0,0.8087,1.051,0.0,2.309,0.0,9.533333333333334e-05,161.7,0.5
1148,1790887545.935022,-0.3966,0.0567,-0.6582,-0.1437,0.2754,0.3095,0.2223,0.2981,0.2223,0.2013,0.3869,0.4118,0.0,0.1697,-0.0,0.9528,1.044,0.0,2.282,0.0,9.533333333333334e-05,174.2,0.62
1149,1790887546.4736495,-0.5528,0.0717,-0.8619,-0.2689,0.31,0.4413,0.4658,0.3589,0.3509,0.2141,0.3822,0.4037,0.0,0.2061,-0.0,1.1355,1.051,0.0,2.296,0.0,9.533333333333334e-05,105.0,0.53
1150,1790887547.0225186,-0.4816,0.0466,-0.6712,-0.3217,0.4479,0.4004,0.3552,0.3115,0.3062,0.2205,0.3743,0.4051,0.0,0.3101,-0.0,1.656,1.053,0.0,2.308,0.0,9.533333333333334e-05,121.1,0.54
1151,1790887549.6598175,-0.4292,0.0383,-0.6114,-0.2216,0.2758,0.3252,0.3081,0.2866,0.2662,0.223,0.3808,0.3962,0.0,0.1732,-0.0,0.9717,1.057,0.0,2.309,0.0,9.533333333333334e-05,119.3,0.68
1152,1790887550.254529,-0.4167,0.0502,-0.6294,-0.1947,0.2352,0.2688,0.2598,0.3474,0.2432,0.2019,0.3907,0.4074,0.0,0.1429,-0.0,0.8188,1.043,0.0,2.3,0.593,9.6e-05,179.7,0.59
1153,1790887550.7331614,-0.5054,0.0851,-0.8606,-0.1964,0.2957,0.388,0.32,0.4353,0.2951,0.2265,0.3743,0.3992,0.0,0.2014,-0.0,1.113,1.059,0.0,2.304,0.0,9.6e-05,110.8,0.47
1154,1790887551.2628374,-0.5145,0.0674,-0.81,-0.2587,0.4211,0.4367,0.3531,0.3516,0.3182,0.2247,0.3706,0.4047,0.0,0.292,-0.0,1.5654,1.054,0.0,2.305,0.0,9.6e-05,120.8,0.52
1155,1790887551.8349614,-0.5086,0.1154,-0.9962,-0.2027,0.425,0.3293,0.2934,0.5235,0.2839,0.2087,0.3779,0.4134,0.0,0.2648,-0.0,1.4287,1.047,0.0,2.28,0.0,9.6e-05,141.4,0.56
1156,1790887552.4701703,-0.4576,0.0587,-0.6488,-0.3068,0.3143,0.3181,0.3968,0.2863,0.2753,0.1948,0.3908,0.4143,0.0,0.1915,-0.0,1.0615,1.039,0.0,2.295,0.0,9.6e-05,177.1,0.63
1157,1790887553.0246112,-0.5023,0.0643,-0.8227,-0.2139,0.35,0.3612,0.4331,0.3282,0.3131,0.2193,0.3723,0.4085,0.0,0.2606,-0.0,1.4083,1.054,0.0,2.224,0.0,9.6e-05,88.9,0.55
1158,1790887553.5736203,-0.4885,0.0418,-0.7214,-0.3225,0.4063,0.3832,0.3347,0.3622,0.3166,0.2141,0.3817,0.4041,0.0,0.2758,-0.0,1.4843,1.05,0.0,2.309,0.0,9.6e-05,119.1,0.54
1159,1790887554.107663,-0.4427,0.0682,-0.772,-0.1866,0.4427,0.3718,0.3337,0.2648,0.2512,0.2128,0.3761,0.4112,0.0,0.2967,-0.0,1.5883,1.049,0.0,2.301,0.0,9.6e-05,146.9,0.53
1160,1790887554.7054334,-0.3702,0.0344,-0.6857,-0.2067,0.2849,0.2858,0.2383,0.2437,0.2248,0.2061,0.3854,0.4085,0.0,0.1757,-0.0,0.9833,1.047,0.0,2.277,0.393,9.666666666666667e-05,161.7,0.59
1161,1790887555.2514994,-0.471,0.0405,-0.6885,-0.3166,0.418,0.3636,0.3364,0.3458,0.3034,0.2069,0.3745,0.4186,0.0,0.3164,-0.0,1.6867,1.046,0.0,2.295,0.0,9.666666666666667e-05,90.8,0.54
1162,1790887555.816395,-0.4882,0.082,-0.7494,-0.1306,0.2867,0.2757,0.3786,0.4411,0.2757,0.2101,0.3849,0.405,0.0,0.1897,-0.0,1.0536,1.05,0.0,2.293,0.0,9.666666666666667e-05,120.3,0.56
1163,1790887556.3607721,-0.47,0.0555,-0.7972,-0.2095,0.4882,0.4109,0.3204,0.3062,0.2958,0.2109,0.3759,0.4132,0.0,0.3464,-0.0,1.8363,1.046,0.0,2.298,0.0,9.666666666666667e-05,150.9,0.54
1164,1790887556.942463,-0.3518,0.0393,-0.6191,-0.0959,0.2443,0.2316,0.2613,0.2236,0.2,0.2014,0.3872,0.4114,0.0,0.1579,-0.0,0.8937,1.043,0.0,2.288,0.0,9.666666666666667e-05,163.2,0.57
1165,1790887557.492731,-0.5157,0.0474,-0.8357,-0.2159,0.4347,0.405,0.3788,0.3991,0.3463,0.2099,0.3764,0.4137,0.0,0.3003,-0.0,1.6065,1.048,0.0,2.309,0.0,9.666666666666667e-05,94.9,0.54
1166,1790887558.0555465,-0.4921,0.048,-0.7476,-0.2255,0.2879,0.3601,0.3317,0.3945,0.3136,0.2121,0.382,0.406,0.0,0.172,-0.0,0.9651,1.05,0.0,2.303,0.0,9.666666666666667e-05,133.3,0.55
1167,1790887558.6394868,-0.4399,0.0376,-0.7195,-0.2372,0.3392,0.2951,0.331,0.3369,0.2875,0.2128,0.3817,0.4055,0.0,0.2222,-0.0,1.2162,1.05,0.0,2.309,0.0,9.666666666666667e-05,143.3,0.58
1168,1790887559.256299,-0.4012,0.0331,-0.5244,-0.2466,0.3076,0.2924,0.2714,0.267,0.2437,0.1945,0.3866,0.4189,0.0,0.2046,-0.0,1.1268,1.038,0.0,2.304,0.186,9.733333333333335e-05,170.4,0.61
1169,1790887559.8110542,-0.5609,0.068,-0.8167,-0.2655,0.4373,0.4783,0.3624,0.4445,0.353,0.2171,0.3735,0.4094,0.0,0.3115,-0.0,1.6629,1.052,0.0,2.306,0.0,9.733333333333335e-05,95.1,0.55
1170,1790887560.396776,-0.3952,0.0503,-0.6643,-0.069,0.273,0.2844,0.2952,0.2407,0.2306,0.2062,0.3828,0.4109,0.0,0.1768,-0.0,0.9889,1.047,0.0,2.296,0.0,9.733333333333335e-05,119.9,0.58
1171,1790887560.985824,-0.432,0.0438,-0.8737,-0.2063,0.334,0.2972,0.287,0.3582,0.2762,0.2075,0.384,0.4085,0.0,0.2241,-0.0,1.225,1.047,0.0,2.309,0.0,9.733333333333335e-05,140.8,0.58
1172,1790887561.5692477,-0.5993,0.0909,-0.9585,-0.1991,0.2856,0.379,0.4666,0.5528,0.3722,0.2023,0.3894,0.4083,0.0,0.1918,-0.0,1.0634,1.044,0.0,2.304,0.0,9.733333333333335e-05,171.7,0.57
1173,1790887562.1263213,-0.4566,0.1005,-0.7762,-0.1301,0.4484,0.2885,0.2713,0.4508,0.2511,0.2011,0.3811,0.4177,0.0,0.2776,-0.0,1.4922,1.042,0.0,2.301,0.0,9.733333333333335e-05,95.0,0.55
1174,1790887562.6980996,-0.529,0.0407,-0.71,-0.3097,0.3062,0.4004,0.3726,0.421,0.3588,0.2101,0.3798,0.4101,0.0,0.1975,-0.0,1.0922,1.048,0.0,2.296,0.0,9.733333333333335e-05,118.7,0.56
1175,1790887563.2595325,-0.4805,0.0943,-0.9427,-0.1667,0.5515,0.4201,0.2552,0.4094,0.2552,0.2092,0.3748,0.416,0.0,0.3899,-0.0,2.0541,1.045,0.0,2.29,0.0,9.733333333333335e-05,147.6,0.55
1176,1790887566.1250346,-0.4681,0.0754,-0.7716,-0.1439,0.304,0.3614,0.2715,0.4057,0.2661,0.2083,0.3835,0.4082,0.0,0.1931,-0.0,1.0703,1.047,0.0,2.297,1.026,9.8e-05,150.5,0.65
1177,1790887566.6553712,-0.4895,0.0386,-0.6194,-0.2557,0.2608,0.3496,0.3785,0.3481,0.3225,0.2105,0.3856,0.4038,0.0,0.1611,-0.0,0.9106,1.049,0.0,2.308,0.0,9.8e-05,105.4,0.52
1178,1790887567.1518219,-0.4881,0.0603,-0.81,-0.2477,0.2596,0.3689,0.4061,0.2964,0.2925,0.2154,0.3813,0.4034,0.0,0.1638,-0.0,0.9242,1.053,0.0,2.299,0.0,9.8e-05,134.5,0.49
1179,1790887567.6539738,-0.4777,0.0967,-0.7858,-0.2045,0.2463,0.317,0.278,0.4737,0.267,0.2095,0.385,0.4055,0.0,0.1694,-0.0,0.9518,1.05,0.0,2.304,0.0,9.8e-05,157.3,0.49
1180,1790887568.2491546,-0.4839,0.0485,-0.7414,-0.2271,0.4745,0.3536,0.3985,0.3214,0.3108,0.1953,0.3881,0.4166,0.0,0.3123,-0.0,1.6653,1.037,0.0,2.302,0.0,9.8e-05,171.5,0.59
1181,1790887568.8046713,-0.454,0.0599,-0.8038,-0.2365,0.3489,0.2788,0.3907,0.3291,0.2762,0.2105,0.3834,0.4061,0.0,0.2357,-0.0,1.2834,1.048,0.0,2.309,0.0,9.8e-05,97.1,0.55
1182,1790887569.3317685,-0.4949,0.0376,-0.6885,-0.2348,0.4259,0.362,0.3643,0.3865,0.3355,0.2099,0.3807,0.4095,0.0,0.0352,-0.2484,1.5226,1.047,0.0,4.135,0.0,9.8e-05,135.8,0.52
1183,1790887569.9145017,-0.487,0.1067,-0.8559,-0.2567,0.3112,0.3212,0.2718,0.4889,0.2651,0.2036,0.3844,0.412,0.0,0.206,0.0,1.1343,1.044,0.0,2.296,0.0,9.8e-05,156.6,0.57
1184,1790887570.516375,-0.4395,0.038,-0.8423,-0.2099,0.3053,0.324,0.3448,0.2953,0.2871,0.1846,0.3929,0.4225,0.0,0.197,-0.0,1.0881,1.031,0.0,2.275,0.458,9.866666666666668e-05,184.6,0.59
1185,1790887570.9927256,-0.5127,0.0778,-0.9047,-0.2114,0.3784,0.3456,0.3375,0.4731,0.3151,0.203,0.3843,0.4128,0.0,0.2511,-0.0,1.36,1.045,0.0,2.295,0.0,9.866666666666668e-05,110.9,0.47
1186,1790887571.5460014,-0.5462,0.0676,-0.8611,-0.2746,0.3124,0.3462,0.4801,0.4092,0.3421,0.2077,0.3874,0.4049,0.0,0.1995,-0.0,1.102,1.046,0.0,2.232,0.0,9.866666666666668e-05,121.9,0.54
1187,1790887572.0671852,-0.577,0.0912,-0.8741,-0.258,0.336,0.5404,0.3994,0.3916,0.3576,0.208,0.3876,0.4044,0.0,0.2155,-0.0,1.1822,1.047,0.0,2.303,0.0,9.866666666666668e-05,152.4,0.51
1188,1790887572.654697,-0.4442,0.0735,-0.7949,-0.2036,0.2398,0.2784,0.2961,0.4002,0.2579,0.1856,0.3981,0.4164,0.0,0.1467,-0.0,0.8369,1.032,0.0,2.3,0.0,9.866666666666668e-05,179.6,0.58
1189,1790887573.211977,-0.467,0.0509,-0.6955,-0.1708,0.258,0.3498,0.3339,0.3598,0.2897,0.2071,0.3902,0.4027,0.0,0.1577,-0.0,0.8936,1.049,0.0,2.309,0.0,9.866666666666668e-05,94.6,0.55
1190,1790887573.699685,-0.4752,0.0551,-0.7587,-0.2533,0.3252,0.3942,0.3478,0.2936,0.2881,0.2068,0.3872,0.406,0.0,0.2287,-0.0,1.2484,1.047,0.0,2.301,0.0,9.866666666666668e-05,132.2,0.48
1191,1790887574.2780929,-0.3862,0.0598,-0.6888,-0.1957,0.3216,0.2759,0.236,0.31,0.2244,0.1961,0.3913,0.4126,0.0,0.2007,-0.0,1.1073,1.04,0.0,2.306,0.0,9.866666666666668e-05,142.0,0.57
1192,1790887574.9069803,-0.4345,0.0747,-0.7095,-0.1456,0.3794,0.3928,0.2729,0.2742,0.2505,0.1901,0.3889,0.421,0.0,0.2566,0.0,1.3863,1.034,0.0,2.284,0.348,9.933333333333334e-05,173.7,0.62
1193,1790887575.4756212,-0.5591,0.0698,-0.8022,-0.2301,0.3878,0.3695,0.4842,0.4141,0.351,0.2103,0.383,0.4067,0.0,0.283,-0.0,1.5197,1.048,0.0,2.305,0.0,9.933333333333334e-05,108.6,0.56
1194,1790887576.0224557,-0.4526,0.054,-0.65,-0.2824,0.3272,0.3106,0.3522,0.3333,0.2841,0.2018,0.3921,0.4061,0.0,0.2213,-0.0,1.211,1.043,0.0,2.309,0.0,9.933333333333334e-05,134.3,0.54
1195,1790887576.6036127,-0.4572,0.0609,-0.7568,-0.2074,0.3332,0.3312,0.2918,0.395,0.2812,0.2041,0.3924,0.4035,0.0,0.2302,-0.0,1.2555,1.044,0.0,2.305,0.0,9.933333333333334e-05,145.7,0.57
1196,1790887577.175555,-0.3609,0.058,-0.6655,-0.0844,0.3439,0.308,0.2203,0.2142,0.1961,0.192,0.3943,0.4137,0.0,0.2119,-0.0,1.1633,1.036,0.0,2.253,0.0,9.933333333333334e-05,180.9,0.56
1197,1790887577.710257,-0.4767,0.0697,-0.7409,-0.168,0.3826,0.354,0.2944,0.4213,0.2831,0.2052,0.3839,0.4109,0.0,0.2843,-0.0,1.526,1.045,0.0,2.308,0.0,9.933333333333334e-05,96.3,0.52
1198,1790887578.2621202,-0.474,0.0358,-0.7152,-0.1517,0.3788,0.3704,0.3665,0.3237,0.3151,0.2116,0.3875,0.4008,0.0,0.2607,0.0,1.4084,1.049,0.0,2.309,0.0,9.933333333333334e-05,116.3,0.54
1199,1790887578.8415906,-0.4436,0.0593,-0.6656,-0.2176,0.5322,0.2751,0.3348,0.3679,0.2724,0.2034,0.3805,0.4161,0.0,0.351,-0.0,1.8592,1.042,0.0,2.309,0.0,9.933333333333334e-05,131.5,0.57
1200,1790887579.454705,-0.4224,0.0418,-0.7359,-0.2091,0.3027,0.28,0.294,0.3226,0.2581,0.1977,0.3917,0.4106,0.0,0.1979,-0.0,1.0936,1.04,0.0,2.304,0.45,0.0001,155.8,0.61
1201,1790887582.2296631,-0.5164,0.1034,-0.7682,-0.1743,0.2904,0.3348,0.3172,0.5161,0.2991,0.2068,0.394,0.3992,0.0,0.216,-0.0,1.1845,1.046,0.0,2.116,0.0,0.0001,71.3,0.8
1202,1790887582.8282444,-0.5423,0.0709,-0.8521,-0.3474,0.3643,0.4863,0.395,0.3611,0.3443,0.2058,0.3843,0.4099,0.0,0.2597,-0.0,1.4033,1.046,0.0,2.308,0.0,0.0001,111.3,0.59
1203,1790887583.3273392,-0.4612,0.0785,-0.8325,-0.2274,0.5193,0.2778,0.3072,0.4286,0.2691,0.1938,0.3904,0.4159,0.0,0.3645,-0.0,1.9259,1.035,0.0,2.266,0.0,0.0001,156.4,0.49
1204,1790887583.8837807,-0.4756,0.0451,-0.7854,-0.1644,0.3301,0.3744,0.3646,0.3147,0.3082,0.1927,0.398,0.4093,0.0,0.2208,-0.0,1.2077,1.037,0.0,2.301,0.0,0.0001,188.8,0.55
1205,1790887584.3997874,-0.6015,0.0827,-0.8692,-0.3194,0.4807,0.4241,0.5666,0.4083,0.3915,0.2032,0.381,0.4158,0.0,0.3432,-0.0,1.8202,1.043,0.0,2.306,0.0,0.0001,92.7,0.51
1206,1790887584.9267821,-0.4324,0.0474,-0.6045,-0.0967,0.3181,0.3022,0.2895,0.355,0.2698,0.2026,0.3934,0.4041,0.0,0.2109,-0.0,1.1586,1.044,0.0,2.303,0.0,0.0001,128.7,0.52
1207,1790887585.4946167,-0.4096,0.0479,-0.6581,-0.1552,0.3362,0.2552,0.2893,0.324,0.2411,0.2015,0.3873,0.4113,0.0,0.2276,-0.0,1.2423,1.043,0.0,2.309,0.0,0.0001,145.1,0.56
1208,1790887586.0970497,-0.4471,0.0336,-0.6065,-0.2095,0.3399,0.3463,0.3296,0.3026,0.2957,0.1958,0.3923,0.4119,0.0,0.2321,-0.0,1.2645,1.039,0.0,2.309,0.249,9.999998696049153e-05,166.9,0.6
1209,1790887586.6380672,-0.4527,0.0715,-0.8104,-0.1421,0.2653,0.3587,0.2722,0.3915,0.2678,0.2066,0.3965,0.3968,0.0,0.1871,-0.0,1.0403,1.047,0.0,2.284,0.0,9.999998696049153e-05,106.1,0.53
1210,1790887587.1980007,-0.4723,0.0516,-0.8885,-0.1974,0.3642,0.3411,0.3864,0.3263,0.2994,0.2068,0.3923,0.4008,0.0,0.2337,-0.0,1.2729,1.046,0.0,2.303,0.0,9.999998696049153e-05,123.9,0.55
1211,1790887587.7615926,-0.4428,0.043,-0.6906,-0.1824,0.2941,0.2989,0.3425,0.3284,0.2798,0.2029,0.397,0.4002,0.0,0.178,-0.0,0.9944,1.043,0.0,2.285,0.0,9.999998696049153e-05,150.3,0.55
1212,1790887588.323754,-0.4619,0.0295,-0.7147,-0.3,0.432,0.324,0.3379,0.3597,0.3114,0.1869,0.3986,0.4145,0.0,0.3012,-0.0,1.6092,1.031,0.0,2.302,0.0,9.999998696049153e-05,196.4,0.55
1213,1790887588.829687,-0.5449,0.0943,-0.8557,-0.2531,0.4187,0.328,0.4009,0.5091,0.3221,0.2031,0.3847,0.4122,0.0,0.2625,-0.0,1.4169,1.044,0.0,2.271,0.0,9.999998696049153e-05,102.6,0.5
1214,1790887589.3970177,-0.4214,0.0396,-0.65,-0.0723,0.3778,0.3101,0.2903,0.3285,0.2664,0.203,0.3908,0.4062,0.0,0.2646,0.0,1.4276,1.044,0.0,2.306,0.0,9.999998696049153e-05,117.1,0.56
1215,1790887589.9741983,-0.5013,0.053,-0.7841,-0.3358,0.3894,0.3653,0.4044,0.337,0.3165,0.2045,0.3893,0.4062,0.0,0.2765,-0.0,1.4872,1.045,0.0,2.301,0.0,9.999998696049153e-05,134.1,0.57
1216,1790887590.6375277,-0.4832,0.0533,-0.7468,-0.2,0.3565,0.3818,0.3045,0.3743,0.2983,0.1693,0.4039,0.4268,0.0,0.2443,-0.0,1.3228,1.016,0.0,2.309,0.374,9.999994784197287e-05,165.3,0.65
1217,1790887591.1980267,-0.5587,0.0643,-0.7542,-0.3333,0.5351,0.3686,0.4411,0.489,0.3622,0.1974,0.3845,0.4182,0.0,0.385,-0.0,2.0288,1.038,0.0,2.262,0.0,9.999994784197287e-05,93.5,0.55
1218,1790887591.7315547,-0.4872,0.0642,-0.7587,-0.2585,0.2807,0.3187,0.4041,0.3598,0.294,0.211,0.392,0.3971,0.0,0.1863,-0.0,1.0363,1.05,0.0,2.303,0.0,9.999994784197287e-05,128.3,0.53
1219,1790887592.2701852,-0.4472,0.056,-0.6292,-0.3118,0.3,0.2749,0.3632,0.3445,0.2749,0.2035,0.3972,0.3992,0.0,0.186,-0.0,1.0343,1.045,0.0,2.304,0.0,9.999994784197287e-05,151.2,0.53
1220,1790887592.85295,-0.4669,0.0492,-0.6679,-0.2176,0.3424,0.3018,0.3517,0.3655,0.2923,0.1933,0.4024,0.4044,0.0,0.2136,-0.0,1.1714,1.037,0.0,2.305,0.0,9.999994784197287e-05,174.0,0.57
1221,1790887593.3782666,-0.5282,0.0445,-0.7971,-0.3344,0.4243,0.4199,0.3981,0.3787,0.354,0.2021,0.3914,0.4064,0.0,0.2762,-0.0,1.4854,1.041,0.0,2.205,0.0,9.999994784197287e-05,101.4,0.52
1222,1790887593.9298708,-0.4248,0.0705,-0.7152,-0.2135,0.2861,0.3861,0.2602,0.2755,0.2399,0.2021,0.3986,0.3993,0.0,0.1817,-0.0,1.0127,1.044,0.0,2.306,0.0,9.999994784197287e-05,137.1,0.54
1223,1790887594.4940348,-0.4327,0.0468,-0.7269,-0.2524,0.323,0.273,0.3618,0.3082,0.2659,0.2019,0.4006,0.3975,0.0,0.2074,-0.0,1.1414,1.043,0.0,2.303,0.0,9.999994784197287e-05,167.0,0.56
1224,1790887595.1120088,-0.4433,0.0525,-0.6898,-0.1916,0.2536,0.3013,0.2948,0.3648,0.2678,0.1896,0.4034,0.4071,0.0,0.1445,-0.0,0.8261,1.035,0.0,2.305,0.55,9.999988264446445e-05,184.6,0.61
1225,1790887595.6676416,-0.548,0.1502,-0.8683,-0.2397,0.3233,0.3495,0.3129,0.6126,0.3062,0.2111,0.3934,0.3955,0.0,0.2221,-0.0,1.2152,1.049,0.0,2.133,0.0,9.999988264446445e-05,102.1,0.55
1226,1790887598.382629,-0.5004,0.0382,-0.65,-0.2784,0.2983,0.3867,0.3917,0.339,0.3355,0.2093,0.3928,0.3979,0.0,0.2122,-0.0,1.1657,1.049,0.0,2.309,0.0,9.999988264446445e-05,87.9,0.77
1227,1790887598.9830308,-0.4044,0.0567,-0.6475,-0.1604,0.3004,0.3369,0.2296,0.3202,0.2296,0.2003,0.3983,0.4014,0.0,0.2125,-0.0,1.167,1.043,0.0,2.294,0.0,9.999988264446445e-05,150.9,0.59
1228,1790887599.5460804,-0.4333,0.0533,-0.65,-0.1942,0.2844,0.2781,0.2958,0.3607,0.2657,0.186,0.4109,0.4031,0.0,0.1707,-0.0,0.9565,1.032,0.0,2.306,0.0,9.999988264446445e-05,202.2,0.55
1229,1790887600.0651026,-0.4817,0.0659,-0.8664,-0.2319,0.4311,0.3807,0.385,0.3199,0.2957,0.2085,0.3883,0.4032,0.0,0.3001,-0.0,1.6054,1.047,0.0,2.308,0.0,9.999988264446445e-05,106.6,0.51
1230,1790887600.613453,-0.5696,0.0921,-0.7991,-0.358,0.3307,0.3363,0.4947,0.4526,0.3261,0.2017,0.3988,0.3995,0.0,0.2262,-0.0,1.2355,1.044,0.0,2.309,0.0,9.999988264446445e-05,119.9,0.54
1231,1790887601.163575,-0.443,0.0645,-0.6833,-0.1926,0.2531,0.2891,0.3856,0.2942,0.2691,0.1999,0.4029,0.3972,0.0,0.15,-0.0,0.8544,1.042,0.0,2.308,0.0,9.999988264446445e-05,147.0,0.54
1232,1790887601.763431,-0.4582,0.0713,-0.6655,-0.1641,0.3606,0.3679,0.368,0.2484,0.2484,0.1976,0.3983,0.4041,0.0,0.2348,-0.0,1.2781,1.041,0.0,2.299,0.186,9.999979136800027e-05,162.3,0.59
1233,1790887602.2996428,-0.5271,0.0499,-0.8167,-0.3429,0.487,0.4277,0.3962,0.3605,0.3398,0.2006,0.3916,0.4078,0.0,0.3533,-0.0,1.8706,1.042,0.0,2.296,0.0,9.999979136800027e-05,103.9,0.53
1234,1790887602.8304052,-0.4849,0.095,-0.7722,-0.2828,0.2871,0.27,0.3305,0.4616,0.27,0.2064,0.3985,0.3951,0.0,0.1849,-0.0,1.0292,1.046,0.0,2.246,0.0,9.999979136800027e-05,132.9,0.52
1235,1790887603.4408934,-0.5376,0.0818,-0.8741,-0.1987,0.2428,0.3967,0.3391,0.4944,0.3227,0.1953,0.4077,0.397,0.0,0.157,-0.0,0.8887,1.039,0.0,2.308,0.0,9.999979136800027e-05,134.1,0.6
1236,1790887604.0451546,-0.4662,0.0812,-0.7935,-0.1462,0.3275,0.2893,0.3017,0.4361,0.2671,0.1974,0.4014,0.4012,0.0,0.2101,-0.0,1.1547,1.04,0.0,2.309,0.0,9.999979136800027e-05,176.0,0.6
1237,1790887604.5992773,-0.5689,0.0941,-0.9065,-0.3486,0.349,0.3939,0.5421,0.362,0.3483,0.2103,0.3886,0.4012,0.0,0.2488,-0.0,1.3488,1.048,0.0,2.278,0.0,9.999979136800027e-05,95.7,0.55
1238,1790887605.1795707,-0.516,0.0793,-0.7214,-0.2741,0.2868,0.2935,0.4319,0.4408,0.2935,0.2099,0.3963,0.3939,0.0,0.1759,-0.0,0.9846,1.05,0.0,2.286,0.0,9.999979136800027e-05,118.6,0.57
1239,1790887605.7212563,-0.3922,0.0486,-0.7139,-0.1933,0.282,0.3038,0.2937,0.2374,0.2248,0.2008,0.4055,0.3936,0.0,0.2008,-0.0,1.1082,1.043,0.0,2.304,0.0,9.999979136800027e-05,140.8,0.53
1240,1790887606.3844845,-0.4473,0.1049,-0.7813,-0.1884,0.2541,0.2629,0.2647,0.4547,0.2446,0.1758,0.412,0.4122,0.0,0.1686,-0.0,0.9455,1.023,0.0,2.194,0.575,9.999967401262794e-05,165.0,0.65
1241,1790887606.9209168,-0.5749,0.0594,-1.0474,-0.2519,0.4801,0.4702,0.4462,0.4239,0.3841,0.201,0.3895,0.4095,0.0,0.3383,-0.0,1.7956,1.041,0.0,2.309,0.0,9.999967401262794e-05,92.5,0.53
1242,1790887607.4235694,-0.5323,0.042,-0.7877,-0.2972,0.3565,0.3932,0.3718,0.4202,0.3481,0.2114,0.3966,0.392,0.0,0.2423,-0.0,1.3165,1.05,0.0,2.295,0.0,9.999967401262794e-05,128.5,0.49
1243,1790887607.9899142,-0.5233,0.0906,-0.8038,-0.19,0.2842,0.2908,0.4486,0.4548,0.2891,0.2016,0.4057,0.3927,0.0,0.2036,-0.0,1.1222,1.044,0.0,2.112,0.0,9.999967401262794e-05,147.2,0.56
1244,1790887608.6431136,-0.4334,0.1082,-0.8015,-0.1882,0.2842,0.2512,0.4427,0.2291,0.2184,0.1833,0.4117,0.405,0.0,0.1788,-0.0,0.9972,1.031,0.0,2.112,0.0,9.999967401262794e-05,193.0,0.64
1245,1790887609.189278,-0.4259,0.0387,-0.6748,-0.1544,0.3184,0.31,0.3096,0.3025,0.2663,0.2064,0.3961,0.3975,0.0,0.2459,-0.0,1.3342,1.046,0.0,2.309,0.0,9.999967401262794e-05,94.7,0.54
1246,1790887609.7253325,-0.4224,0.0552,-0.6833,-0.1145,0.3785,0.2597,0.323,0.3363,0.2518,0.2051,0.4003,0.3945,0.0,0.2479,-0.0,1.3441,1.045,0.0,2.274,0.0,9.999967401262794e-05,133.0,0.53
1247,1790887610.2872355,-0.4174,0.0552,-0.7409,-0.2174,0.3877,0.3411,0.2937,0.2687,0.2454,0.1969,0.4043,0.3988,0.0,0.2516,-0.0,1.3619,1.038,0.0,2.298,0.0,9.999967401262794e-05,147.6,0.55
1248,1790887610.859083,-0.4558,0.061,-0.7157,-0.2052,0.2592,0.3671,0.2839,0.3414,0.2681,0.1942,0.4054,0.4004,0.0,0.17,-0.0,0.9542,1.04,0.0,2.308,0.243,9.999953057840867e-05,171.9,0.56
1249,1790887611.4320734,-0.4067,0.046,-0.6394,-0.2095,0.4696,0.2642,0.3084,0.3107,0.2502,0.2033,0.395,0.4017,0.0,0.338,-0.0,1.7941,1.043,0.0,2.295,0.0,9.999953057840867e-05,95.7,0.57
1250,1790887611.9941528,-0.4911,0.0553,-0.8792,-0.2033,0.2899,0.3996,0.3553,0.3449,0.3164,0.2114,0.4001,0.3885,0.0,0.2149,-0.0,1.1795,1.049,0.0,2.309,0.0,9.999953057840867e-05,113.5,0.55
1251,1790887614.6280763,-0.4777,0.0506,-0.8785,-0.2212,0.2366,0.3358,0.3912,0.3577,0.3137,0.2046,0.4035,0.3919,0.0,0.1639,-0.0,0.924,1.047,0.0,2.305,0.0,9.999953057840867e-05,115.4,0.69
1252,1790887615.1934018,-0.4004,0.0472,-0.6672,-0.1778,0.3896,0.3229,0.2346,0.2894,0.2308,0.1889,0.4094,0.4017,0.0,0.2523,-0.0,1.3647,1.033,0.0,2.286,0.0,9.999953057840867e-05,194.0,0.56
1253,1790887615.7273664,-0.5933,0.0761,-0.8958,-0.0988,0.449,0.3658,0.5194,0.4963,0.3658,0.2069,0.3951,0.3981,0.0,0.3046,-0.0,1.6278,1.046,0.0,2.306,0.0,9.999953057840867e-05,103.3,0.52
1254,1790887616.2558336,-0.4238,0.0492,-0.7125,-0.2143,0.2742,0.3114,0.2532,0.3432,0.2474,0.2042,0.4032,0.3926,0.0,0.1728,-0.0,0.9684,1.046,0.0,2.298,0.0,9.999953057840867e-05,130.3,0.52
1255,1790887616.842535,-0.5164,0.0725,-0.7515,-0.2866,0.2275,0.4438,0.3682,0.3302,0.3081,0.2127,0.403,0.3843,0.0,0.1484,-0.0,0.847,1.051,0.0,2.299,0.0,9.999953057840867e-05,146.6,0.58
1256,1790887617.4317162,-0.3925,0.0531,-0.6296,-0.1239,0.2655,0.2446,0.2513,0.3423,0.234,0.1848,0.4122,0.403,0.0,0.1716,-0.0,0.961,1.031,0.0,2.306,0.259,9.999936106541727e-05,183.7,0.58
1257,1790887617.9705787,-0.495,0.0822,-0.8891,-0.2205,0.3744,0.313,0.4578,0.3618,0.3022,0.2068,0.4013,0.3919,0.0,0.2582,-0.0,1.3955,1.047,0.0,2.275,0.0,9.999936106541727e-05,101.6,0.53
1258,1790887618.5164595,-0.4637,0.0646,-0.7192,-0.2514,0.4338,0.2749,0.372,0.3753,0.2673,0.2118,0.3923,0.396,0.0,0.3122,-0.0,1.6659,1.05,0.0,2.307,0.0,9.999936106541727e-05,116.5,0.54
1259,1790887619.1081114,-0.4378,0.0415,-0.7091,-0.2428,0.3411,0.3236,0.3072,0.3249,0.2766,0.2031,0.4044,0.3924,0.0,0.218,-0.0,1.1943,1.044,0.0,2.291,0.0,9.999936106541727e-05,135.8,0.58
1260,1790887619.732902,-0.5013,0.0579,-0.8033,-0.2821,0.3549,0.3153,0.4019,0.3963,0.3093,0.1877,0.4113,0.401,0.0,0.2279,-0.0,1.2428,1.034,0.0,2.302,0.0,9.999936106541727e-05,168.4,0.62
1261,1790887620.2235184,-0.4666,0.0728,-0.7108,-0.2095,0.3002,0.3912,0.2971,0.3525,0.2761,0.2046,0.4007,0.3946,0.0,0.1854,-0.0,1.0316,1.047,0.0,2.301,0.0,9.999936106541727e-05,107.0,0.48
1262,1790887620.7809753,-0.5192,0.0642,-0.7824,-0.25,0.3271,0.4347,0.4178,0.3165,0.3165,0.2099,0.3999,0.3902,0.0,0.2267,-0.0,1.2386,1.05,0.0,2.307,0.0,9.999936106541727e-05,118.6,0.55
1263,1790887621.3016608,-0.4821,0.0519,-0.7367,-0.2915,0.3082,0.403,0.3179,0.3637,0.301,0.199,0.4085,0.3924,0.0,0.2039,-0.0,1.1238,1.041,0.0,2.309,0.0,9.999936106541727e-05,157.8,0.51
1264,1790887621.9249926,-0.4791,0.0503,-0.7385,-0.29,0.2731,0.3619,0.3057,0.3906,0.304,0.2005,0.4054,0.3941,0.0,0.1745,-0.0,0.9766,1.043,0.0,2.309,0.135,9.999916547374217e-05,168.3,0.61
1265,1790887622.4874315,-0.543,0.1102,-0.8261,-0.2315,0.3481,0.4676,0.4967,0.2884,0.2884,0.2129,0.3961,0.391,0.0,0.22,-0.0,1.2052,1.052,0.0,2.286,0.0,9.999916547374217e-05,89.1,0.56
1266,1790887623.0002062,-0.5353,0.062,-0.8408,-0.272,0.3229,0.3917,0.4635,0.3631,0.3433,0.2111,0.4062,0.3828,0.0,0.2276,-0.0,1.2429,1.049,0.0,2.309,0.0,9.999916547374217e-05,128.9,0.5
1267,1790887623.5631742,-0.5194,0.0643,-0.7904,-0.2704,0.3584,0.4318,0.4303,0.3121,0.3109,0.2107,0.4037,0.3855,0.0,0.2511,-0.0,1.3604,1.048,0.0,2.309,0.0,9.999916547374217e-05,143.2,0.55
1268,1790887624.2091608,-0.3959,0.0542,-0.5938,-0.1964,0.2642,0.2789,0.228,0.316,0.2239,0.1811,0.4176,0.4014,0.0,0.1696,-0.0,0.9506,1.028,0.0,2.307,0.0,9.999916547374217e-05,176.4,0.64
1269,1790887624.735,-0.4585,0.0499,-0.7038,-0.2417,0.3086,0.3755,0.3278,0.3119,0.289,0.2059,0.407,0.3871,0.0,0.211,-0.0,1.1598,1.046,0.0,2.304,0.0,9.999916547374217e-05,113.7,0.52
1270,1790887625.2572837,-0.4827,0.085,-0.7716,-0.173,0.3102,0.3531,0.2714,0.4468,0.2673,0.215,0.4034,0.3816,0.0,0.2044,-0.0,1.1271,1.05,0.0,2.306,0.0,9.999916547374217e-05,131.1,0.51
1271,1790887625.7531428,-0.4066,0.0545,-0.5633,-0.1971,0.2534,0.2457,0.3044,0.3247,0.2365,0.2062,0.4089,0.3849,0.0,0.154,-0.0,0.8748,1.046,0.0,2.307,0.0,9.999916547374217e-05,157.7,0.49
1272,1790887626.3775265,-0.4226,0.0483,-0.5953,-0.2088,0.2678,0.301,0.2919,0.3205,0.2587,0.1865,0.4165,0.397,0.0,0.1853,-0.0,1.0297,1.033,0.0,2.309,0.277,9.999894380348536e-05,160.0,0.62
1273,1790887626.9275544,-0.4201,0.0488,-0.6177,-0.2101,0.4653,0.3439,0.3052,0.2738,0.2573,0.2061,0.3984,0.3955,0.0,0.2998,-0.0,1.6034,1.045,0.0,2.309,0.0,9.999894380348536e-05,101.7,0.54
1274,1790887627.4669638,-0.476,0.0839,-0.7838,-0.2366,0.3522,0.4519,0.3168,0.2954,0.2816,0.2045,0.406,0.3895,0.0,0.2464,-0.0,1.3364,1.045,0.0,2.286,0.0,9.999894380348536e-05,132.8,0.53
1275,1790887628.0974045,-0.6469,0.0549,-0.9183,-0.2621,0.3435,0.552,0.4877,0.4861,0.448,0.205,0.4055,0.3895,0.0,0.2193,-0.0,1.2012,1.045,0.0,2.309,0.0,9.999894380348536e-05,140.0,0.62
1276,1790887630.9984195,-0.4489,0.0389,-0.6357,-0.2815,0.2903,0.3347,0.3276,0.3006,0.2827,0.1948,0.415,0.3903,0.0,0.1842,-0.0,1.0247,1.038,0.0,2.306,0.0,9.999894380348536e-05,171.2,0.72
1277,1790887631.5193174,-0.4789,0.0512,-0.6418,-0.257,0.3643,0.3849,0.3857,0.3022,0.2967,0.2064,0.4045,0.3892,0.0,0.2411,-0.0,1.3099,1.046,0.0,2.309,0.0,9.999894380348536e-05,102.6,0.51
1278,1790887631.979346,-0.4451,0.0391,-0.6562,-0.2688,0.3657,0.3188,0.308,0.3291,0.289,0.2178,0.3958,0.3864,0.0,0.273,-0.0,1.4702,1.054,0.0,2.256,0.0,9.999894380348536e-05,139.7,0.45
1279,1790887632.529133,-0.5314,0.1482,-0.9034,-0.2,0.3522,0.2966,0.5879,0.3209,0.2817,0.2057,0.4056,0.3887,0.0,0.2302,-0.0,1.2556,1.046,0.0,2.288,0.0,9.999894380348536e-05,138.6,0.54
1280,1790887633.0684686,-0.5513,0.0471,-0.7816,-0.3157,0.458,0.4495,0.4234,0.3705,0.3619,0.1925,0.4078,0.3996,0.0,0.3153,-0.0,1.6801,1.036,0.0,2.309,0.89,9.999869605476247e-05,197.7,0.53
1281,1790887633.6156173,-0.5103,0.0643,-0.8451,-0.2763,0.4433,0.4273,0.3267,0.3892,0.3159,0.2095,0.3982,0.3924,0.0,0.3093,-0.0,1.6511,1.047,0.0,2.309,0.0,9.999869605476247e-05,111.8,0.54
1282,1790887634.1509962,-0.477,0.0478,-0.7283,-0.2417,0.3986,0.3971,0.3108,0.3412,0.2982,0.2126,0.3977,0.3897,0.0,0.2746,0.0,1.4776,1.049,0.0,2.265,0.0,9.999869605476247e-05,139.0,0.53
1283,1790887634.6856854,-0.3968,0.0493,-0.631,-0.1553,0.3184,0.2652,0.2479,0.3162,0.2253,0.207,0.4057,0.3873,0.0,0.1939,-0.0,1.0743,1.047,0.0,2.3,0.0,9.999869605476247e-05,167.2,0.53
1284,1790887635.3326871,-0.4134,0.0564,-0.6842,-0.1082,0.29,0.26,0.2845,0.3484,0.2502,0.1875,0.4169,0.3956,0.0,0.1875,-0.0,1.041,1.033,0.0,2.304,0.0,9.999869605476247e-05,190.1,0.64
1285,1790887635.8892367,-0.5578,0.0461,-0.7921,-0.3058,0.3913,0.4372,0.4134,0.4301,0.3732,0.2195,0.398,0.3825,0.0,0.2843,-0.0,1.5268,1.054,0.0,2.24,0.0,9.999869605476247e-05,87.6,0.55
1286,1790887636.4466434,-0.4738,0.072,-0.7947,-0.2791,0.3532,0.2734,0.4059,0.3673,0.2724,0.2159,0.3945,0.3896,0.0,0.2622,-0.0,1.4163,1.052,0.0,2.296,0.0,9.999869605476247e-05,113.7,0.55
1287,1790887636.9885366,-0.4806,0.0684,-0.7313,-0.1776,0.2941,0.4056,0.3581,0.3167,0.2896,0.2063,0.4084,0.3853,0.0,0.177,-0.0,0.9896,1.047,0.0,2.28,0.0,9.999869605476247e-05,142.1,0.54
1288,1790887637.5395339,-0.5346,0.1125,-1.0029,-0.2667,0.2685,0.5485,0.3231,0.3492,0.3075,0.1956,0.4124,0.392,0.0,0.1777,-0.0,0.9923,1.039,0.0,2.28,0.486,9.999842222770273e-05,189.7,0.54
1289,1790887638.052947,-0.4798,0.06,-0.8096,-0.2046,0.3989,0.3466,0.3823,0.3332,0.302,0.2114,0.4,0.3886,0.0,0.2747,-0.0,1.4782,1.049,0.0,2.303,0.0,9.999842222770273e-05,111.3,0.51
1290,1790887638.5680356,-0.474,0.051,-0.6667,-0.3299,0.3664,0.3397,0.3179,0.3894,0.2963,0.2111,0.4033,0.3856,0.0,0.255,-0.0,1.3802,1.049,0.0,2.294,0.0,9.999842222770273e-05,148.6,0.51
1291,1790887639.1569755,-0.4147,0.0485,-0.7555,-0.1892,0.3847,0.265,0.332,0.2882,0.2521,0.2009,0.407,0.3921,0.0,0.2468,-0.0,1.3382,1.042,0.0,2.3,0.0,9.999842222770273e-05,155.9,0.58
1292,1790887639.7267797,-0.4816,0.0594,-0.8849,-0.2397,0.2597,0.3984,0.3705,0.2849,0.2831,0.1944,0.4155,0.3901,0.0,0.1666,-0.0,0.937,1.039,0.0,2.304,0.0,9.999842222770273e-05,211.1,0.56
1293,1790887640.2578378,-0.5108,0.0535,-0.8214,-0.2692,0.333,0.4275,0.3522,0.3681,0.3265,0.2178,0.397,0.3852,0.0,0.2732,-0.0,1.4714,1.055,0.0,2.289,0.0,9.999842222770273e-05,101.7,0.52
1294,1790887640.8130884,-0.563,0.0507,-0.7676,-0.2692,0.3099,0.4085,0.4399,0.4355,0.3669,0.2168,0.4011,0.382,0.0,0.2114,-0.0,1.1625,1.054,0.0,2.303,0.0,9.999842222770273e-05,124.7,0.55
1295,1790887641.371546,-0.35,0.05,-0.5896,0.0,0.2469,0.2468,0.2683,0.2062,0.197,0.2068,0.4101,0.3831,0.0,0.1631,-0.0,0.92,1.047,0.0,2.281,0.0,9.999842222770273e-05,141.6,0.55
1296,1790887641.9870267,-0.4355,0.0516,-0.6574,-0.2398,0.3439,0.3299,0.2638,0.3475,0.2579,0.1849,0.4189,0.3962,0.0,0.2256,-0.0,1.2308,1.03,0.0,2.302,0.21,9.999812232244895e-05,161.7,0.61
1297,1790887642.54354,-0.3521,0.0513,-0.5214,-0.1493,0.2683,0.2649,0.24,0.2433,0.1971,0.2106,0.4034,0.3859,0.0,0.1773,-0.0,0.9917,1.051,0.0,2.309,0.0,9.999812232244895e-05,99.7,0.55
1298,1790887643.0597177,-0.5823,0.0686,-1.1149,-0.337,0.3611,0.4622,0.3645,0.5199,0.3645,0.2123,0.406,0.3817,0.0,0.2486,-0.0,1.3478,1.048,0.0,2.305,0.0,9.999812232244895e-05,130.1,0.51
1299,1790887643.600237,-0.4822,0.1053,-0.8537,-0.1942,0.3858,0.2704,0.481,0.3099,0.2612,0.1994,0.4091,0.3915,0.0,0.2521,-0.0,1.3645,1.041,0.0,2.155,0.0,9.999812232244895e-05,157.0,0.53
1300,1790887644.1827083,-0.4992,0.0721,-0.8129,-0.255,0.3543,0.3677,0.4379,0.2987,0.296,0.191,0.4138,0.3952,0.0,0.23,-0.0,1.2535,1.035,0.0,2.286,0.0,9.999812232244895e-05,194.6,0.57
1301,1790887646.854994,-0.4325,0.0649,-0.7238,-0.1514,0.4389,0.3744,0.2586,0.3159,0.2502,0.2111,0.3981,0.3907,0.0,0.3046,-0.0,1.628,1.05,0.0,2.309,0.0,9.999812232244895e-05,91.5,0.61
1302,1790887647.3781037,-0.4669,0.0765,-0.8868,-0.2446,0.4086,0.4074,0.2629,0.3591,0.2558,0.2048,0.406,0.3892,0.0,0.2649,-0.0,1.4289,1.045,0.0,2.309,0.0,9.999812232244895e-05,132.2,0.51
1303,1790887647.921071,-0.395,0.06,-0.683,-0.1438,0.2537,0.3394,0.2419,0.2472,0.2209,0.2072,0.4117,0.3811,0.0,0.1457,-0.0,0.8334,1.048,0.0,2.305,0.0,9.999812232244895e-05,160.6,0.53
1304,1790887648.4962,-0.4421,0.1047,-0.8623,-0.2451,0.2473,0.2594,0.2412,0.4469,0.2298,0.1705,0.4324,0.3972,0.0,0.1742,-0.0,0.9726,1.016,0.0,2.066,0.468,9.999779633915755e-05,220.9,0.57
1305,1790887648.977105,-0.6354,0.0544,-0.8167,-0.3295,0.4661,0.5048,0.4652,0.5218,0.4361,0.2166,0.3919,0.3915,0.0,0.3948,-0.0,2.0792,1.052,0.0,2.305,0.0,9.999779633915755e-05,97.7,0.47
1306,1790887649.438141,-0.406,0.045,-0.6687,-0.2257,0.3864,0.269,0.281,0.3256,0.2484,0.2162,0.394,0.3898,0.0,0.2614,-0.0,1.4123,1.051,0.0,2.275,0.0,9.999779633915755e-05,145.4,0.45
1307,1790887649.9487188,-0.5053,0.1183,-0.8715,-0.2044,0.4258,0.4818,0.4214,0.2395,0.2395,0.2126,0.4044,0.383,0.0,0.2934,-0.0,1.5717,1.048,0.0,2.257,0.0,9.999779633915755e-05,141.6,0.5
1308,1790887650.4941354,-0.3524,0.0377,-0.5372,-0.1549,0.4893,0.2221,0.2535,0.237,0.2037,0.1905,0.412,0.3975,0.0,0.3199,-0.0,1.7029,1.034,0.0,2.309,0.0,9.999779633915755e-05,180.6,0.54
1309,1790887651.046842,-0.5201,0.0472,-0.829,-0.2516,0.4325,0.4028,0.4133,0.3585,0.3449,0.2034,0.4038,0.3927,0.0,0.314,-0.0,1.6742,1.044,0.0,2.308,0.0,9.999779633915755e-05,101.5,0.54
1310,1790887651.6136718,-0.4371,0.0662,-0.6967,-0.1191,0.2289,0.3462,0.3627,0.2417,0.2417,0.2055,0.4145,0.38,0.0,0.1468,-0.0,0.8388,1.046,0.0,2.268,0.0,9.999779633915755e-05,126.2,0.56
1311,1790887652.141124,-0.4493,0.0433,-0.6956,-0.2903,0.3188,0.2912,0.3492,0.348,0.2857,0.2072,0.4098,0.3831,0.0,0.2176,-0.0,1.1928,1.046,0.0,2.302,0.0,9.999779633915755e-05,156.4,0.52
1312,1790887652.8170116,-0.3671,0.0361,-0.5745,-0.182,0.2252,0.2808,0.2563,0.2238,0.219,0.1829,0.4267,0.3904,0.0,0.1292,-0.0,0.7489,1.03,0.0,2.285,0.541,9.999744427799858e-05,157.8,0.67
1313,1790887653.3969433,-0.4168,0.0755,-0.7214,-0.1,0.3227,0.3163,0.3687,0.234,0.228,0.2094,0.4095,0.3811,0.0,0.205,-0.0,1.1296,1.048,0.0,2.307,0.0,9.999744427799858e-05,96.4,0.57
1314,1790887653.9227028,-0.4724,0.0416,-0.75,-0.2596,0.3113,0.3415,0.3404,0.3744,0.3145,0.2004,0.4162,0.3834,0.0,0.2031,-0.0,1.1197,1.042,0.0,2.309,0.0,9.999744427799858e-05,128.5,0.52
1315,1790887654.5057948,-0.4979,0.0451,-0.8477,-0.2833,0.447,0.3373,0.4164,0.3716,0.3266,0.207,0.4051,0.3879,0.0,0.3103,-0.0,1.656,1.045,0.0,2.299,0.0,9.999744427799858e-05,147.3,0.58
1316,1790887655.1313975,-0.454,0.0494,-0.7264,-0.2696,0.3551,0.3674,0.3057,0.3082,0.2853,0.1976,0.4126,0.3898,0.0,0.2281,-0.0,1.2443,1.04,0.0,2.288,0.0,9.999744427799858e-05,168.1,0.62
1317,1790887655.6963222,-0.4601,0.0395,-0.676,-0.2754,0.4421,0.3244,0.3468,0.3328,0.295,0.2111,0.3995,0.3893,0.0,0.2985,-0.0,1.5973,1.049,0.0,2.289,0.0,9.999744427799858e-05,103.7,0.56
1318,1790887656.2829058,-0.4773,0.0951,-0.7754,-0.2482,0.3808,0.3039,0.2754,0.4608,0.2644,0.2075,0.4043,0.3882,0.0,0.2622,-0.0,1.4156,1.047,0.0,2.303,0.0,9.999744427799858e-05,116.4,0.58
1319,1790887656.8440354,-0.4095,0.0565,-0.8242,-0.1561,0.3157,0.3075,0.3013,0.2724,0.241,0.1998,0.4133,0.3869,0.0,0.2009,-0.0,1.1089,1.042,0.0,2.301,0.0,9.999744427799858e-05,146.4,0.55
1320,1790887657.472644,-0.4408,0.069,-0.8342,-0.1946,0.2288,0.2541,0.3228,0.3907,0.2516,0.1954,0.4237,0.3809,0.0,0.1345,-0.0,0.7766,1.038,0.0,2.295,0.325,9.999706613915566e-05,167.5,0.62
1321,1790887658.0130339,-0.5142,0.0556,-0.7971,-0.3229,0.4828,0.3729,0.4426,0.3431,0.3348,0.2089,0.3954,0.3957,0.0,0.3771,-0.0,1.9903,1.046,0.0,2.306,0.0,9.999706613915566e-05,95.7,0.53
1322,1790887658.5913088,-0.4395,0.0445,-0.6217,-0.175,0.4317,0.2908,0.353,0.3112,0.2729,0.2078,0.4049,0.3873,0.0,0.2869,-0.0,1.5391,1.045,0.0,2.303,0.0,9.999706613915566e-05,116.2,0.57
1323,1790887659.099904,-0.4332,0.093,-0.7712,-0.1218,0.2793,0.2609,0.2651,0.4203,0.2414,0.1983,0.4165,0.3852,0.0,0.2043,-0.0,1.1255,1.041,0.0,2.262,0.0,9.999706613915566e-05,154.6,0.5
1324,1790887659.687693,-0.4321,0.0524,-0.6489,-0.2416,0.2621,0.3062,0.2786,0.3428,0.2656,0.1948,0.4193,0.3859,0.0,0.1593,-0.0,0.9003,1.039,0.0,2.248,0.0,9.999706613915566e-05,171.1,0.58
1325,1790887660.217697,-0.5254,0.0818,-0.8096,-0.2625,0.3117,0.4704,0.3718,0.3595,0.3238,0.2018,0.4152,0.383,0.0,0.2357,-0.0,1.2827,1.043,0.0,2.306,0.0,9.999706613915566e-05,111.2,0.52
1326,1790887662.9020796,-0.5207,0.0576,-0.6851,-0.3133,0.4008,0.4348,0.364,0.3878,0.3412,0.213,0.4016,0.3853,0.0,0.2783,-0.0,1.4964,1.05,0.0,2.305,0.0,9.999706613915566e-05,109.6,0.64
1327,1790887663.4304898,-0.4621,0.0519,-0.6865,-0.1985,0.2627,0.3511,0.3,0.3761,0.2904,0.213,0.4108,0.3762,0.0,0.1625,-0.0,0.9176,1.05,0.0,2.271,0.0,9.999706613915566e-05,160.8,0.52
1328,1790887663.9893768,-0.4632,0.0414,-0.6743,-0.1904,0.2483,0.3304,0.3355,0.3566,0.2936,0.2,0.4172,0.3829,0.0,0.1596,-0.0,0.9024,1.042,0.0,2.301,0.197,9.999666192282601e-05,178.9,0.55
1329,1790887664.5471215,-0.5303,0.075,-0.828,-0.2167,0.4607,0.3639,0.481,0.3705,0.3351,0.2058,0.4033,0.3909,0.0,0.4108,-0.0,2.1586,1.045,0.0,2.307,0.0,9.999666192282601e-05,95.8,0.55
1330,1790887665.0999022,-0.4855,0.0481,-0.7136,-0.2446,0.3259,0.3677,0.3854,0.3327,0.3106,0.2113,0.4079,0.3808,0.0,0.2164,-0.0,1.1868,1.048,0.0,2.304,0.0,9.999666192282601e-05,124.0,0.54
1331,1790887665.5980036,-0.3805,0.039,-0.7336,-0.1733,0.2949,0.2488,0.2684,0.2888,0.2292,0.2082,0.4121,0.3797,0.0,0.1937,-0.0,1.0731,1.047,0.0,2.285,0.0,9.999666192282601e-05,167.0,0.49
1332,1790887666.1405268,-0.5084,0.1328,-0.9288,-0.2336,0.2723,0.2703,0.5493,0.3241,0.2684,0.1873,0.4259,0.3868,0.0,0.1695,-0.0,0.9506,1.033,0.0,2.139,0.0,9.999666192282601e-05,188.6,0.54
1333,1790887666.654095,-0.4567,0.0482,-0.6616,-0.2444,0.4196,0.3248,0.3309,0.3713,0.2995,0.1991,0.408,0.3929,0.0,0.2905,-0.0,1.5568,1.041,0.0,2.257,0.0,9.999666192282601e-05,107.2,0.51
1334,1790887667.2322314,-0.4707,0.0444,-0.6585,-0.2871,0.3136,0.3701,0.3561,0.3083,0.3003,0.2066,0.4131,0.3803,0.0,0.2111,-0.0,1.16,1.046,0.0,2.224,0.0,9.999666192282601e-05,123.8,0.57
1335,1790887667.7800877,-0.4098,0.0419,-0.697,-0.2621,0.4575,0.2747,0.2749,0.3413,0.255,0.2055,0.4053,0.3893,0.0,0.3065,-0.0,1.6368,1.045,0.0,2.309,0.0,9.999666192282601e-05,155.7,0.54
1336,1790887668.35806,-0.4568,0.0619,-0.8188,-0.1711,0.2317,0.3679,0.3475,0.265,0.2606,0.1987,0.4188,0.3826,0.0,0.1438,-0.0,0.823,1.041,0.0,2.304,0.39,9.999623162922047e-05,195.1,0.57
1337,1790887668.9033418,-0.4887,0.0654,-0.7864,-0.2071,0.2297,0.2963,0.372,0.413,0.2901,0.2037,0.4146,0.3818,0.0,0.1361,-0.0,0.7851,1.045,0.0,2.302,0.0,9.999623162922047e-05,107.8,0.54
1338,1790887669.4622262,-0.5788,0.1023,-0.8932,-0.1828,0.5012,0.5713,0.406,0.3667,0.3519,0.2022,0.4051,0.3927,0.0,0.3463,-0.0,1.8358,1.042,0.0,2.298,0.0,9.999623162922047e-05,129.7,0.55
1339,1790887670.025898,-0.4889,0.0462,-0.8375,-0.2773,0.2931,0.3368,0.3569,0.3997,0.3179,0.2062,0.4093,0.3845,0.0,0.2038,-0.0,1.1238,1.046,0.0,2.247,0.0,9.999623162922047e-05,148.7,0.55
1340,1790887670.591799,-0.4032,0.0388,-0.6768,-0.2127,0.2506,0.3088,0.284,0.2602,0.2452,0.1781,0.4331,0.3888,0.0,0.1412,-0.0,0.8083,1.025,0.0,2.309,0.0,9.999623162922047e-05,188.3,0.56
1341,1790887671.134446,-0.6004,0.0618,-0.8856,-0.3857,0.3958,0.4396,0.527,0.4448,0.4045,0.2099,0.4064,0.3837,0.0,0.279,-0.0,1.4996,1.048,0.0,2.303,0.0,9.999623162922047e-05,93.5,0.53
1342,1790887671.6791656,-0.5326,0.0756,-0.7715,-0.2274,0.3359,0.4353,0.3186,0.4627,0.3186,0.2019,0.4102,0.3879,0.0,0.2334,-0.0,1.2714,1.044,0.0,2.306,0.0,9.999623162922047e-05,114.9,0.54
1343,1790887672.2838037,-0.5227,0.0939,-0.8477,-0.1687,0.2813,0.3882,0.5015,0.2973,0.2973,0.1935,0.4216,0.3849,0.0,0.1839,-0.0,1.0231,1.038,0.0,2.275,0.0,9.999623162922047e-05,127.1,0.59
1344,1790887672.9394274,-0.4874,0.0719,-0.9042,-0.1863,0.3113,0.2819,0.394,0.4097,0.2804,0.1772,0.4278,0.395,0.0,0.2,-0.0,1.1024,1.024,0.0,2.308,0.177,9.999577525856345e-05,174.4,0.65
1345,1790887673.4505467,-0.5224,0.0761,-0.7654,-0.2293,0.3777,0.4781,0.343,0.3732,0.3177,0.2085,0.4092,0.3823,0.0,0.2405,-0.0,1.3074,1.048,0.0,2.307,0.0,9.999577525856345e-05,104.9,0.5
1346,1790887674.0097892,-0.5233,0.0831,-0.7971,-0.2265,0.3072,0.3376,0.5003,0.3502,0.3224,0.2054,0.4119,0.3827,0.0,0.1887,-0.0,1.0478,1.045,0.0,2.232,0.0,9.999577525856345e-05,123.1,0.55
1347,1790887674.5629737,-0.4462,0.0463,-0.7333,-0.2125,0.3547,0.2961,0.3137,0.3754,0.2814,0.2012,0.4108,0.388,0.0,0.2379,-0.0,1.2938,1.043,0.0,2.304,0.0,9.999577525856345e-05,158.1,0.54
1348,1790887675.1542683,-0.4544,0.0929,-0.7991,-0.2615,0.3007,0.2676,0.2841,0.4365,0.2499,0.1864,0.4218,0.3918,0.0,0.1863,-0.0,1.0348,1.033,0.0,2.173,0.0,9.999577525856345e-05,181.2,0.58
1349,1790887675.704516,-0.4546,0.0676,-0.75,-0.185,0.3499,0.3922,0.2897,0.3312,0.2752,0.1999,0.4089,0.3911,0.0,0.2256,-0.0,1.2326,1.044,0.0,2.309,0.0,9.999577525856345e-05,99.4,0.54
1350,1790887676.264083,-0.5213,0.0695,-0.7214,-0.2703,0.2783,0.4277,0.3315,0.4102,0.3161,0.204,0.4137,0.3823,0.0,0.1781,-0.0,0.9949,1.046,0.0,2.292,0.0,9.999577525856345e-05,123.9,0.55
1351,1790887679.027931,-0.3925,0.0374,-0.5128,-0.2333,0.233,0.2669,0.2853,0.2814,0.2418,0.1983,0.42,0.3817,0.0,0.1496,-0.0,0.852,1.041,0.0,2.307,0.0,9.999577525856345e-05,127.2,0.67
1352,1790887679.5272822,-0.3965,0.0685,-0.6672,-0.0976,0.2794,0.227,0.2358,0.3508,0.2096,0.1798,0.4278,0.3924,0.0,0.1756,-0.0,0.9807,1.026,0.0,2.309,0.477,9.999529281109302e-05,230.4,0.49
1353,1790887680.0476513,-0.4997,0.08,-0.8052,-0.279,0.4075,0.3846,0.4391,0.3065,0.3011,0.2015,0.4072,0.3914,0.0,0.3023,-0.0,1.6161,1.044,0.0,2.309,0.0,9.999529281109302e-05,97.1,0.51
1354,1790887680.5646293,-0.4357,0.0398,-0.6917,-0.2074,0.2835,0.3287,0.3353,0.2953,0.2816,0.2027,0.4116,0.3858,0.0,0.1883,-0.0,1.046,1.044,0.0,2.29,0.0,9.999529281109302e-05,130.7,0.51
1355,1790887681.0340152,-0.4822,0.0389,-0.6692,-0.2263,0.3329,0.3456,0.3631,0.3568,0.3156,0.2062,0.4113,0.3825,0.0,0.2286,-0.0,1.2477,1.046,0.0,2.299,0.0,9.999529281109302e-05,163.3,0.46
1356,1790887681.6051853,-0.4523,0.0783,-0.841,-0.2142,0.3186,0.271,0.3056,0.4083,0.2604,0.1913,0.4243,0.3844,0.0,0.2056,-0.0,1.1313,1.035,0.0,2.297,0.0,9.999529281109302e-05,159.6,0.56
1357,1790887682.1531277,-0.5171,0.0649,-0.8317,-0.2552,0.4031,0.4274,0.4048,0.3374,0.3188,0.2038,0.4067,0.3895,0.0,0.2754,-0.0,1.4816,1.045,0.0,2.309,0.0,9.999529281109302e-05,97.4,0.54
1358,1790887682.682552,-0.5546,0.1033,-0.8224,-0.2507,0.3805,0.4005,0.318,0.545,0.315,0.2033,0.4116,0.3851,0.0,0.2709,-0.0,1.4588,1.044,0.0,2.259,0.0,9.999529281109302e-05,121.5,0.52
1359,1790887683.2493641,-0.4284,0.0441,-0.6513,-0.2106,0.387,0.3269,0.3251,0.2796,0.2653,0.1952,0.418,0.3868,0.0,0.2601,-0.0,1.4041,1.037,0.0,2.259,0.0,9.999529281109302e-05,141.2,0.56
1360,1790887683.8384025,-0.5175,0.0918,-0.8219,-0.2193,0.3267,0.3624,0.4808,0.3079,0.3011,0.1811,0.4243,0.3945,0.0,0.208,-0.0,1.1428,1.028,0.0,2.254,0.289,9.99947842870608e-05,174.6,0.58
1361,1790887684.3597727,-0.5334,0.0634,-0.7929,-0.2985,0.3712,0.3552,0.4065,0.4626,0.3436,0.2059,0.411,0.3831,0.0,0.2393,-0.0,1.301,1.046,0.0,2.303,0.0,9.99947842870608e-05,108.6,0.51
1362,1790887684.9300003,-0.4355,0.061,-0.7566,-0.1926,0.356,0.3057,0.3732,0.276,0.2601,0.2003,0.414,0.3856,0.0,0.2251,-0.0,1.2297,1.042,0.0,2.309,0.0,9.99947842870608e-05,129.8,0.56
1363,1790887685.4998693,-0.4475,0.0447,-0.6744,-0.2064,0.2404,0.3505,0.3151,0.3012,0.2747,0.2074,0.4125,0.38,0.0,0.1603,-0.0,0.9063,1.046,0.0,2.268,0.0,9.99947842870608e-05,158.7,0.56
1364,1790887686.1034842,-0.419,0.0458,-0.6393,-0.1977,0.4195,0.3166,0.2628,0.3181,0.2525,0.1913,0.4216,0.3871,0.0,0.2557,-0.0,1.3821,1.035,0.0,2.306,0.0,9.99947842870608e-05,190.8,0.59
1365,1790887686.6452641,-0.6153,0.1045,-0.8773,-0.3056,0.4252,0.3585,0.5076,0.5642,0.3572,0.2114,0.4002,0.3884,0.0,0.3179,-0.0,1.6946,1.05,0.0,2.309,0.0,9.99947842870608e-05,101.0,0.53
1366,1790887687.2109597,-0.5188,0.093,-0.7572,-0.2528,0.3022,0.4022,0.3017,0.4778,0.2919,0.2129,0.4031,0.384,0.0,0.1897,-0.0,1.0535,1.051,0.0,2.309,0.0,9.99947842870608e-05,126.2,0.56
1367,1790887687.7638512,-0.4067,0.0698,-0.6133,-0.2,0.402,0.2745,0.3683,0.2318,0.2292,0.1983,0.414,0.3877,0.0,0.2639,-0.0,1.4235,1.04,0.0,2.257,0.0,9.99947842870608e-05,154.3,0.54
1368,1790887688.3526192,-0.3457,0.0503,-0.67,-0.2285,0.2086,0.2765,0.1904,0.2383,0.1874,0.1961,0.4215,0.3824,0.0,0.1362,-0.0,0.7849,1.04,0.0,2.29,0.164,9.999424968673202e-05,171.6,0.58
1369,1790887688.8758864,-0.4427,0.0453,-0.6672,-0.2264,0.3174,0.337,0.2844,0.3592,0.2796,0.2101,0.4059,0.384,0.0,0.2016,-0.0,1.1131,1.05,0.0,2.308,0.0,9.999424968673202e-05,110.4,0.51
1370,1790887689.3786452,-0.5433,0.049,-0.8709,-0.1571,0.3901,0.4126,0.3996,0.4229,0.3595,0.2107,0.407,0.3823,0.0,0.2693,-0.0,1.4512,1.048,0.0,2.308,0.0,9.999424968673202e-05,131.5,0.5
1371,1790887689.8967383,-0.3927,0.0477,-0.6199,-0.1916,0.2279,0.2992,0.2479,0.2887,0.2305,0.2084,0.4121,0.3795,0.0,0.1423,-0.0,0.8161,1.049,0.0,2.305,0.0,9.999424968673202e-05,152.2,0.51
1372,1790887690.4650133,-0.483,0.0686,-0.8178,-0.1825,0.3242,0.3606,0.4132,0.2752,0.2752,0.1947,0.4207,0.3847,0.0,0.2137,-0.0,1.1725,1.037,0.0,2.284,0.0,9.999424968673202e-05,188.4,0.56
1373,1790887691.018986,-0.5388,0.0798,-0.8449,-0.2962,0.3901,0.326,0.4657,0.444,0.3208,0.1936,0.4166,0.3898,0.0,0.2506,-0.0,1.3568,1.038,0.0,2.297,0.0,9.999424968673202e-05,107.1,0.55
1374,1790887691.5770388,-0.4457,0.0349,-0.6454,-0.2519,0.3457,0.3547,0.3112,0.3026,0.2883,0.2051,0.412,0.3829,0.0,0.2269,-0.0,1.2391,1.045,0.0,2.243,0.0,9.999424968673202e-05,145.6,0.55
1375,1790887692.2601283,-0.3581,0.0476,-0.5677,-0.1756,0.2216,0.2557,0.2617,0.212,0.1969,0.2001,0.4226,0.3773,0.0,0.1242,-0.0,0.7252,1.042,0.0,2.28,0.0,9.999424968673202e-05,131.4,0.67
1376,1790887695.211092,-0.4407,0.0649,-0.7777,-0.1231,0.2844,0.2601,0.3279,0.3698,0.2501,0.1692,0.435,0.3958,0.0,0.1819,-0.0,1.0109,1.016,0.0,2.306,0.083,9.99936890103855e-05,136.2,0.88
1377,1790887695.7111073,-0.5417,0.1,-0.853,-0.1729,0.3599,0.5115,0.3923,0.3151,0.2969,0.2105,0.4075,0.3821,0.0,0.241,-0.0,1.3098,1.049,0.0,2.299,0.0,9.99936890103855e-05,114.5,0.49
1378,1790887696.2374516,-0.447,0.0668,-0.6829,-0.1996,0.3247,0.2934,0.3971,0.2986,0.276,0.2032,0.4154,0.3815,0.0,0.2165,-0.0,1.1871,1.044,0.0,2.197,0.0,9.99936890103855e-05,136.5,0.52
1379,1790887696.7536755,-0.4279,0.0401,-0.8102,-0.1983,0.3599,0.3246,0.3073,0.2793,0.2651,0.1986,0.4175,0.384,0.0,0.2554,-0.0,1.3809,1.041,0.0,2.288,0.0,9.99936890103855e-05,166.5,0.51
1380,1790887697.3509836,-0.4004,0.0666,-0.687,-0.1259,0.3082,0.2896,0.2143,0.3456,0.2125,0.2007,0.4153,0.384,0.0,0.2001,-0.0,1.1047,1.042,0.0,2.295,0.0,9.99936890103855e-05,168.1,0.59
1381,1790887697.9136324,-0.5755,0.0754,-0.9,-0.2005,0.3833,0.3575,0.4351,0.5099,0.3534,0.1983,0.4128,0.3889,0.0,0.2527,-0.0,1.3676,1.041,0.0,2.276,0.0,9.99936890103855e-05,105.7,0.55
1382,1790887698.4279099,-0.5395,0.0636,-0.8349,-0.1569,0.395,0.4107,0.4657,0.3629,0.3443,0.2038,0.4133,0.3828,0.0,0.2736,-0.0,1.4725,1.044,0.0,2.308,0.0,9.99936890103855e-05,140.5,0.51
1383,1790887699.0053716,-0.5024,0.0781,-0.8313,-0.229,0.3312,0.347,0.4699,0.314,0.305,0.2034,0.4106,0.386,0.0,0.2206,-0.0,1.2075,1.044,0.0,2.213,0.0,9.99936890103855e-05,156.9,0.57
1384,1790887699.595728,-0.3479,0.0478,-0.6536,-0.1659,0.2644,0.2363,0.2722,0.2072,0.1991,0.1727,0.4323,0.395,0.0,0.1477,-0.0,0.8405,1.02,0.0,2.286,0.434,9.999310225831373e-05,191.5,0.58
1385,1790887700.0990286,-0.5814,0.0557,-0.8103,-0.2801,0.4893,0.4288,0.4483,0.4853,0.3942,0.2007,0.4085,0.3908,0.0,0.3365,-0.0,1.787,1.042,0.0,2.305,0.0,9.999310225831373e-05,103.5,0.5
1386,1790887700.6273804,-0.4283,0.0656,-0.6151,-0.1164,0.2662,0.3401,0.2454,0.3582,0.2454,0.2038,0.41,0.3862,0.0,0.1765,-0.0,0.9869,1.046,0.0,2.276,0.0,9.999310225831373e-05,118.0,0.52
1387,1790887701.188202,-0.6259,0.0964,-1.0591,-0.3099,0.5215,0.6037,0.4476,0.4113,0.3951,0.2088,0.4005,0.3907,0.0,0.3811,-0.0,2.0099,1.045,0.0,2.304,0.0,9.999310225831373e-05,138.3,0.55
1388,1790887701.7017434,-0.4206,0.0647,-0.6932,-0.1973,0.2257,0.2511,0.2837,0.3626,0.2385,0.1991,0.4222,0.3787,0.0,0.1308,-0.0,0.7582,1.042,0.0,2.308,0.0,9.999310225831373e-05,192.2,0.51
1389,1790887702.180541,-0.4907,0.0643,-0.7618,-0.1917,0.422,0.3585,0.4155,0.3279,0.3057,0.2043,0.4084,0.3873,0.0,0.3258,0.0,1.7337,1.045,0.0,2.309,0.0,9.999310225831373e-05,110.2,0.47
1390,1790887702.711259,-0.464,0.0464,-0.6608,-0.196,0.3463,0.3293,0.3782,0.3019,0.2872,0.215,0.4059,0.3791,0.0,0.2404,-0.0,1.3072,1.051,0.0,2.256,0.0,9.999310225831373e-05,123.3,0.52
1391,1790887703.2507417,-0.5168,0.082,-0.8366,-0.2828,0.3419,0.3125,0.462,0.3909,0.3073,0.2054,0.4083,0.3863,0.0,0.2485,-0.0,1.3472,1.045,0.0,2.275,0.0,9.999310225831373e-05,148.2,0.53
1392,1790887703.8804736,-0.5386,0.1122,-0.8363,-0.2267,0.3389,0.2849,0.4395,0.5063,0.2849,0.1752,0.4303,0.3945,0.0,0.2214,-0.0,1.2091,1.022,0.0,2.303,0.355,9.99924894308227e-05,167.8,0.62
1393,1790887704.428421,-0.5556,0.0543,-0.85,-0.4002,0.4014,0.3898,0.4069,0.4736,0.3615,0.2127,0.4018,0.3854,0.0,0.2434,-0.0,1.3218,1.05,0.0,2.305,0.0,9.99924894308227e-05,98.5,0.54
1394,1790887704.9662445,-0.4618,0.0796,-0.8107,-0.1688,0.4263,0.424,0.2986,0.2946,0.2735,0.2056,0.4033,0.3911,0.0,0.2945,-0.0,1.5771,1.045,0.0,2.308,0.0,9.99924894308227e-05,121.3,0.53
1395,1790887705.5327497,-0.5443,0.0675,-0.7864,-0.3224,0.3693,0.3832,0.4857,0.358,0.3509,0.2017,0.4096,0.3888,0.0,0.2729,-0.0,1.4689,1.044,0.0,2.274,0.0,9.99924894308227e-05,132.3,0.56
1396,1790887706.1087854,-0.433,0.056,-0.8023,-0.0576,0.3052,0.2789,0.3569,0.3148,0.2605,0.1975,0.4181,0.3843,0.0,0.2064,-0.0,1.1362,1.04,0.0,2.307,0.0,9.99924894308227e-05,169.3,0.57
1397,1790887706.6581337,-0.4797,0.0665,-0.7114,-0.2588,0.4149,0.3159,0.3485,0.3988,0.2811,0.2058,0.4064,0.3879,0.0,0.3078,-0.0,1.6435,1.047,0.0,2.308,0.0,9.99924894308227e-05,96.5,0.54
1398,1790887707.200779,-0.4694,0.0592,-0.6879,-0.2033,0.3001,0.3573,0.3936,0.2835,0.2821,0.2061,0.4135,0.3804,0.0,0.206,-0.0,1.1345,1.046,0.0,2.298,0.0,9.99924894308227e-05,125.7,0.53
1399,1790887707.7856405,-0.3915,0.0664,-0.7743,-0.1603,0.2964,0.3549,0.2519,0.2356,0.2245,0.195,0.4225,0.3825,0.0,0.1939,-0.0,1.0733,1.039,0.0,2.284,0.0,9.99924894308227e-05,140.3,0.58
1400,1790887708.4270797,-0.4321,0.0359,-0.6974,-0.1194,0.2528,0.2819,0.3406,0.3137,0.2726,0.1865,0.4268,0.3867,0.0,0.1584,-0.0,0.895,1.032,0.0,2.287,0.423,9.999185052823207e-05,186.7,0.63
1401,1790887711.4601161,-0.4899,0.0471,-0.8008,-0.2528,0.4326,0.3864,0.352,0.346,0.3205,0.2062,0.4012,0.3926,0.0,0.3,-0.0,1.6045,1.046,0.0,2.308,0.0,9.999185052823207e-05,75.4,0.75
1402,1790887712.0075505,-0.4963,0.1034,-0.7838,-0.2579,0.3618,0.2924,0.3191,0.4909,0.2705,0.2048,0.4106,0.3847,0.0,0.2359,-0.0,1.2837,1.044,0.0,2.307,0.0,9.999185052823207e-05,128.4,0.54
1403,1790887712.5489476,-0.4857,0.0598,-0.8,-0.1709,0.3728,0.3392,0.3042,0.4266,0.2991,0.2027,0.4131,0.3842,0.0,0.2277,-0.0,1.2427,1.043,0.0,2.307,0.0,9.999185052823207e-05,146.9,0.53
1404,1790887713.1297975,-0.4037,0.033,-0.5961,-0.1443,0.3428,0.2814,0.2957,0.2731,0.2505,0.1866,0.4208,0.3926,0.0,0.2359,-0.0,1.2828,1.033,0.0,2.258,0.0,9.999185052823207e-05,187.1,0.57
1405,1790887713.7066934,-0.5748,0.0701,-0.8367,-0.3,0.3789,0.3951,0.4702,0.4673,0.3698,0.2103,0.4048,0.3849,0.0,0.2519,-0.0,1.3647,1.049,0.0,2.309,0.0,9.999185052823207e-05,95.7,0.57
1406,1790887714.2462208,-0.5759,0.1053,-0.8643,-0.2598,0.4242,0.4473,0.5601,0.3207,0.3207,0.2114,0.4014,0.3872,0.0,0.3045,-0.0,1.6273,1.049,0.0,2.307,0.0,9.999185052823207e-05,130.5,0.53
1407,1790887714.8040922,-0.4011,0.0726,-0.7707,-0.1156,0.3545,0.3593,0.2551,0.2363,0.2188,0.202,0.4114,0.3866,0.0,0.2458,-0.0,1.3332,1.044,0.0,2.288,0.0,9.999185052823207e-05,154.2,0.55
1408,1790887715.4040258,-0.4644,0.0246,-0.6215,-0.2993,0.2842,0.3347,0.3386,0.3354,0.3085,0.1831,0.429,0.3879,0.0,0.1815,-0.0,1.0106,1.029,0.0,2.309,0.154,9.999118555087508e-05,183.4,0.59
1409,1790887715.9555242,-0.4921,0.063,-0.8071,-0.2625,0.4639,0.319,0.3676,0.4243,0.3098,0.2101,0.3979,0.392,0.0,0.3226,-0.0,1.7181,1.05,0.0,2.305,0.0,9.999118555087508e-05,95.5,0.54
1410,1790887716.4975865,-0.4741,0.0645,-0.6826,-0.2895,0.3278,0.27,0.388,0.391,0.2681,0.2132,0.4054,0.3814,0.0,0.2058,-0.0,1.1344,1.051,0.0,2.205,0.0,9.999118555087508e-05,126.1,0.53
1411,1790887717.1056762,-0.4679,0.0817,-0.8703,-0.1868,0.2465,0.3024,0.4453,0.2948,0.2771,0.2077,0.4095,0.3829,0.0,0.183,-0.0,1.02,1.047,0.0,2.295,0.0,9.999118555087508e-05,127.1,0.6
1412,1790887717.6665077,-0.4512,0.0902,-0.7449,-0.1582,0.3036,0.2399,0.3077,0.4305,0.2345,0.1984,0.4182,0.3834,0.0,0.219,-0.0,1.1988,1.04,0.0,2.295,0.0,9.999118555087508e-05,164.3,0.55
1413,1790887718.2187917,-0.5381,0.0414,-0.7544,-0.3323,0.4296,0.3677,0.4285,0.4297,0.3628,0.202,0.4026,0.3954,0.0,0.3555,-0.0,1.8818,1.045,0.0,2.309,0.0,9.999118555087508e-05,92.8,0.54
1414,1790887718.754528,-0.481,0.0567,-0.7333,-0.1879,0.3404,0.3945,0.3118,0.3549,0.2934,0.2082,0.4064,0.3853,0.0,0.2271,-0.0,1.2405,1.048,0.0,2.301,0.0,9.999118555087508e-05,127.0,0.53
1415,1790887719.2614572,-0.5047,0.1169,-0.9539,-0.1405,0.3234,0.5237,0.3265,0.2905,0.2792,0.2089,0.4046,0.3865,0.0,0.2276,-0.0,1.2432,1.049,0.0,2.27,0.0,9.999118555087508e-05,154.3,0.5
1416,1790887719.8799138,-0.3598,0.0565,-0.5875,-0.1371,0.1827,0.2001,0.2943,0.2507,0.1944,0.1855,0.4261,0.3884,0.0,0.1107,-0.0,0.6565,1.032,0.0,2.299,0.59,9.999049449909854e-05,165.1,0.61
1417,1790887720.450062,-0.4614,0.0484,-0.6373,-0.1833,0.2916,0.3298,0.3631,0.3273,0.2899,0.2158,0.4072,0.377,0.0,0.1662,-0.0,0.9362,1.053,0.0,2.306,0.0,9.999049449909854e-05,108.5,0.56
1418,1790887720.9965622,-0.5299,0.0479,-0.7208,-0.3056,0.3511,0.4016,0.3541,0.4373,0.3416,0.2158,0.4033,0.3808,0.0,0.2337,-0.0,1.2734,1.051,0.0,2.264,0.0,9.999049449909854e-05,128.4,0.54
1419,1790887721.5668,-0.5248,0.0539,-0.766,-0.3024,0.3801,0.422,0.3432,0.4346,0.3365,0.1957,0.4158,0.3885,0.0,0.2628,-0.0,1.4177,1.039,0.0,2.262,0.0,9.999049449909854e-05,152.3,0.56
1420,1790887722.1873398,-0.4457,0.1418,-0.8827,-0.1945,0.1968,0.4966,0.2658,0.2078,0.2019,0.1941,0.4239,0.382,0.0,0.1104,-0.0,0.6558,1.038,0.0,2.154,0.0,9.999049449909854e-05,177.9,0.61
1421,1790887722.6909504,-0.5,0.0561,-0.77,-0.3347,0.3077,0.4138,0.3833,0.3344,0.3198,0.2183,0.4019,0.3798,0.0,0.1832,-0.0,1.0211,1.053,0.0,2.294,0.0,9.999049449909854e-05,103.2,0.5
1422,1790887723.2686837,-0.4853,0.0654,-0.8158,-0.32,0.5183,0.4095,0.3418,0.3113,0.2844,0.2091,0.3957,0.3952,0.0,0.3623,-0.0,1.9162,1.047,0.0,2.309,0.0,9.999049449909854e-05,104.9,0.57
1423,1790887723.8590198,-0.4729,0.0467,-0.7071,-0.2313,0.4173,0.3916,0.3261,0.3285,0.3066,0.201,0.4088,0.3902,0.0,0.2751,-0.0,1.4799,1.043,0.0,2.298,0.0,9.999049449909854e-05,144.7,0.58
1424,1790887724.4702322,-0.4234,0.0596,-0.6364,-0.1962,0.2995,0.3329,0.3413,0.2528,0.2504,0.1977,0.4147,0.3876,0.0,0.1848,-0.0,1.0283,1.041,0.0,2.309,0.722,9.998977737326294e-05,185.9,0.6
1425,1790887725.0388324,-0.4631,0.0605,-0.6873,-0.172,0.3514,0.3436,0.3887,0.2936,0.2762,0.2086,0.4058,0.3856,0.0,0.2183,-0.0,1.1963,1.048,0.0,2.306,0.0,9.998977737326294e-05,106.2,0.56
1426,1790887727.875502,-0.4443,0.0599,-0.7987,-0.2187,0.254,0.3134,0.2847,0.381,0.2615,0.2173,0.4029,0.3798,0.0,0.1692,-0.0,0.9513,1.053,0.0,2.298,0.0,9.998977737326294e-05,96.9,0.76
1427,1790887728.4975674,-0.4467,0.0707,-0.6572,-0.1942,0.296,0.3699,0.249,0.3436,0.2477,0.2044,0.4148,0.3808,0.0,0.1941,-0.0,1.075,1.044,0.0,2.307,0.0,9.998977737326294e-05,144.5,0.62
1428,1790887729.0571074,-0.4335,0.0603,-0.8392,-0.1919,0.4561,0.3072,0.2684,0.3702,0.2545,0.1962,0.4096,0.3942,0.0,0.2938,-0.0,1.5731,1.039,0.0,2.298,0.0,9.998977737326294e-05,199.2,0.55
1429,1790887729.580625,-0.4028,0.0436,-0.6338,-0.2386,0.2764,0.2561,0.3159,0.2855,0.2439,0.2064,0.4051,0.3885,0.0,0.2017,-0.0,1.113,1.048,0.0,2.309,0.0,9.998977737326294e-05,118.9,0.51
1430,1790887730.0894136,-0.517,0.0625,-0.8415,-0.2786,0.3078,0.4371,0.374,0.3309,0.3139,0.22,0.3988,0.3813,0.0,0.2111,-0.0,1.1608,1.054,0.0,2.303,0.0,9.998977737326294e-05,143.1,0.5
1431,1790887730.5940878,-0.4402,0.0372,-0.6614,-0.3007,0.2563,0.3229,0.3091,0.325,0.2829,0.2134,0.407,0.3796,0.0,0.1695,-0.0,0.9528,1.05,0.0,2.305,0.0,9.998977737326294e-05,176.2,0.5
1432,1790887731.2203205,-0.4916,0.0449,-0.7052,-0.2843,0.4466,0.3543,0.3586,0.3606,0.3095,0.1883,0.4133,0.3983,0.0,0.3117,-0.0,1.6618,1.033,0.0,2.298,0.297,9.998903417374228e-05,182.8,0.62
1433,1790887731.779975,-0.5569,0.0921,-0.8619,-0.2612,0.3994,0.3407,0.4498,0.4914,0.338,0.2026,0.4079,0.3895,0.0,0.2856,-0.0,1.5324,1.044,0.0,2.303,0.0,9.998903417374228e-05,97.8,0.55
1434,1790887732.3111496,-0.523,0.0612,-0.7133,-0.2644,0.3176,0.4242,0.3167,0.4231,0.3167,0.2109,0.4043,0.3847,0.0,0.2033,-0.0,1.1216,1.049,0.0,2.292,0.0,9.998903417374228e-05,130.0,0.52
1435,1790887732.8638349,-0.4613,0.0943,-0.7949,-0.1495,0.2688,0.3042,0.4471,0.2687,0.2508,0.2011,0.4141,0.3848,0.0,0.1647,-0.0,0.9279,1.043,0.0,2.209,0.0,9.998903417374228e-05,155.9,0.54
1436,1790887733.4342985,-0.4173,0.0395,-0.7206,-0.054,0.3465,0.3008,0.3291,0.2767,0.265,0.2051,0.4077,0.3871,0.0,0.2391,-0.0,1.2999,1.046,0.0,2.309,0.0,9.998903417374228e-05,183.2,0.56
1437,1790887733.9868865,-0.536,0.0816,-0.8214,-0.2704,0.3094,0.386,0.4885,0.3467,0.3214,0.2129,0.4023,0.3848,0.0,0.2115,-0.0,1.1628,1.051,0.0,2.305,0.0,9.998903417374228e-05,96.5,0.54
1438,1790887734.550555,-0.5029,0.0804,-0.6922,-0.1936,0.3571,0.3455,0.3308,0.4613,0.3005,0.2089,0.3998,0.3913,0.0,0.23,-0.0,1.2547,1.049,0.0,2.299,0.0,9.998903417374228e-05,119.3,0.56
1439,1790887735.0984,-0.4941,0.0408,-0.7674,-0.2342,0.3102,0.368,0.3917,0.3498,0.3225,0.2108,0.4076,0.3816,0.0,0.2023,-0.0,1.1163,1.05,0.0,2.289,0.0,9.998903417374228e-05,142.3,0.54
1440,1790887735.6633198,-0.4647,0.0716,-0.7553,-0.2014,0.2776,0.3033,0.4222,0.3031,0.2784,0.1982,0.4162,0.3856,0.0,0.1863,-0.0,1.0357,1.042,0.0,2.308,0.532,9.998826490092421e-05,168.7,0.56
1441,1790887736.180864,-0.5195,0.0551,-0.8439,-0.3373,0.3588,0.3566,0.4,0.4176,0.3366,0.2108,0.3997,0.3894,0.0,0.2359,-0.0,1.2847,1.05,0.0,2.288,0.0,9.998826490092421e-05,99.8,0.51
1442,1790887736.6714203,-0.4771,0.0547,-0.79,-0.3131,0.3542,0.3778,0.2975,0.3815,0.2975,0.2157,0.3997,0.3846,0.0,0.2455,-0.0,1.3325,1.052,0.0,2.302,0.0,9.998826490092421e-05,126.1,0.48
1443,1790887737.2158473,-0.5198,0.1049,-0.8687,-0.2554,0.3229,0.394,0.4993,0.2782,0.2728,0.2093,0.4086,0.3821,0.0,0.2045,-0.0,1.1274,1.048,0.0,2.297,0.0,9.998826490092421e-05,146.7,0.54
1444,1790887737.8734622,-0.5654,0.1091,-0.8929,-0.2597,0.2961,0.4863,0.3029,0.5016,0.3029,0.1928,0.4199,0.3873,0.0,0.1863,-0.0,1.0353,1.036,0.0,2.255,0.0,9.998826490092421e-05,169.0,0.65
1445,1790887738.402482,-0.5167,0.0415,-0.7529,-0.2284,0.5123,0.4177,0.3618,0.3951,0.3519,0.2104,0.3937,0.3959,0.0,0.4054,-0.0,2.1317,1.049,0.0,2.309,0.0,9.998826490092421e-05,95.7,0.52
1446,1790887738.9389,-0.4528,0.0738,-0.6778,-0.1619,0.3297,0.2928,0.401,0.3023,0.2619,0.2097,0.4051,0.3851,0.0,0.2147,-0.0,1.1783,1.049,0.0,2.309,0.0,9.998826490092421e-05,121.3,0.53
1447,1790887739.4968572,-0.4787,0.0495,-0.626,-0.2784,0.298,0.3313,0.3752,0.3498,0.2977,0.2197,0.4003,0.38,0.0,0.1919,-0.0,1.0648,1.054,0.0,2.309,0.0,9.998826490092421e-05,129.8,0.55
1448,1790887740.1059952,-0.4563,0.058,-0.6251,-0.2023,0.2862,0.3533,0.3725,0.2662,0.2662,0.197,0.4144,0.3887,0.0,0.1988,-0.0,1.0982,1.041,0.0,2.301,0.14,9.998746955520997e-05,163.1,0.6
1449,1790887740.6523721,-0.5224,0.0957,-0.8286,-0.2352,0.3909,0.3362,0.4981,0.3437,0.2987,0.2201,0.3905,0.3894,0.0,0.275,-0.0,1.4806,1.054,0.0,2.3,0.0,9.998746955520997e-05,99.0,0.54
1450,1790887741.2106874,-0.4784,0.0496,-0.6841,-0.2636,0.3241,0.341,0.3245,0.4027,0.3003,0.2158,0.3991,0.3852,0.0,0.2428,-0.0,1.3191,1.052,0.0,2.309,0.0,9.998746955520997e-05,125.9,0.55
1451,1790887744.0436993,-0.4104,0.0529,-0.6667,-0.1505,0.2427,0.309,0.271,0.2761,0.2352,0.2031,0.4114,0.3855,0.0,0.1506,-0.0,0.8573,1.045,0.0,2.286,0.0,9.998746955520997e-05,105.4,0.78
1452,1790887744.6240466,-0.4322,0.0383,-0.6532,-0.1056,0.4316,0.3047,0.3314,0.3055,0.2795,0.1946,0.4088,0.3966,0.0,0.2885,-0.0,1.5462,1.038,0.0,2.309,0.0,9.998746955520997e-05,187.7,0.57
1453,1790887745.132991,-0.473,0.0666,-0.7915,-0.2184,0.3777,0.3709,0.2809,0.4095,0.278,0.2039,0.4051,0.3909,0.0,0.2486,-0.0,1.3473,1.045,0.0,2.309,0.0,9.998746955520997e-05,103.5,0.5
1454,1790887745.6678102,-0.4661,0.0562,-0.7404,-0.1623,0.3963,0.3914,0.2874,0.3543,0.2854,0.2119,0.3996,0.3885,0.0,0.2676,-0.0,1.4429,1.05,0.0,2.279,0.0,9.998746955520997e-05,134.3,0.53
1455,1790887746.2082772,-0.525,0.0633,-0.95,-0.1986,0.4053,0.3978,0.4658,0.3383,0.3328,0.2044,0.407,0.3887,0.0,0.2769,-0.0,1.4891,1.045,0.0,2.271,0.0,9.998746955520997e-05,156.9,0.53
1456,1790887746.7952898,-0.4092,0.0477,-0.6018,-0.2288,0.3098,0.2767,0.3335,0.2631,0.2512,0.2014,0.4096,0.389,0.0,0.2008,-0.0,1.1084,1.045,0.0,2.309,0.122,9.99866481370144e-05,173.2,0.58
1457,1790887747.367247,-0.4803,0.0565,-0.6969,-0.235,0.4355,0.3692,0.3371,0.3591,0.3033,0.2114,0.3988,0.3898,0.0,0.3091,-0.0,1.6504,1.051,0.0,2.201,0.0,9.99866481370144e-05,89.0,0.56
1458,1790887747.9165096,-0.5147,0.0758,-0.7148,-0.2619,0.3683,0.3266,0.3771,0.4648,0.3171,0.2193,0.3941,0.3865,0.0,0.2375,-0.0,1.2927,1.055,0.0,2.309,0.0,9.99866481370144e-05,114.0,0.54
1459,1790887748.4384723,-0.4429,0.0478,-0.8245,-0.2385,0.3456,0.3183,0.3,0.3572,0.2693,0.2078,0.4062,0.386,0.0,0.2158,-0.0,1.184,1.048,0.0,2.309,0.0,9.99866481370144e-05,154.6,0.51
1460,1790887749.0144784,-0.4473,0.0403,-0.6914,-0.2148,0.3733,0.2849,0.3481,0.3367,0.2806,0.192,0.4129,0.3951,0.0,0.2319,-0.0,1.2633,1.037,0.0,2.305,0.0,9.99866481370144e-05,198.0,0.57
1461,1790887749.525407,-0.4541,0.0496,-0.6897,-0.2681,0.3132,0.2962,0.3734,0.3259,0.2814,0.2193,0.3934,0.3872,0.0,0.2101,-0.0,1.1557,1.055,0.0,2.298,0.0,9.99866481370144e-05,107.7,0.5
1462,1790887750.0402043,-0.417,0.0832,-0.7779,-0.1152,0.3255,0.2659,0.3957,0.2351,0.2253,0.2133,0.4032,0.3835,0.0,0.2316,-0.0,1.263,1.051,0.0,2.153,0.0,9.99866481370144e-05,124.7,0.51
1463,1790887750.5995522,-0.43,0.0564,-0.7145,-0.2084,0.4547,0.2655,0.2954,0.3674,0.2513,0.2128,0.3962,0.3911,0.0,0.329,-0.0,1.75,1.05,0.0,2.309,0.0,9.99866481370144e-05,131.9,0.55
1464,1790887751.1787386,-0.4614,0.0662,-0.6467,-0.2881,0.3781,0.3499,0.2644,0.3935,0.2644,0.1908,0.4118,0.3974,0.0,0.2451,-0.0,1.329,1.036,0.0,2.306,0.711,9.998580064676591e-05,165.3,0.57
1465,1790887751.7181532,-0.5109,0.0776,-0.7402,-0.1075,0.3276,0.4175,0.4087,0.3285,0.3109,0.2116,0.4001,0.3883,0.0,0.2204,-0.0,1.2071,1.052,0.0,2.283,0.0,9.998580064676591e-05,97.7,0.53
1466,1790887752.259847,-0.4416,0.042,-0.6171,-0.1257,0.427,0.2918,0.3465,0.3088,0.271,0.2133,0.3978,0.3889,0.0,0.2835,-0.0,1.5226,1.051,0.0,2.283,0.0,9.998580064676591e-05,123.2,0.53
1467,1790887752.742613,-0.408,0.0398,-0.5802,-0.2572,0.3034,0.286,0.2678,0.2892,0.2423,0.2118,0.4007,0.3875,0.0,0.2004,0.0,1.1071,1.051,0.0,2.308,0.0,9.998580064676591e-05,161.1,0.48
1468,1790887753.3467462,-0.4253,0.0468,-0.7038,-0.1464,0.3808,0.3199,0.2997,0.2961,0.2574,0.1938,0.4092,0.397,0.0,0.2488,-0.0,1.3479,1.038,0.0,2.304,0.0,9.998580064676591e-05,154.0,0.6
1469,1790887753.905797,-0.4841,0.0485,-0.7893,-0.2997,0.462,0.3478,0.3877,0.3326,0.3063,0.2139,0.397,0.3891,0.0,0.3047,-0.0,1.6287,1.051,0.0,2.309,0.0,9.998580064676591e-05,101.0,0.55
1470,1790887754.4672372,-0.4051,0.0505,-0.625,-0.1388,0.3037,0.2686,0.2948,0.3216,0.2452,0.211,0.4029,0.3862,0.0,0.2057,-0.0,1.1336,1.05,0.0,2.309,0.0,9.998580064676591e-05,128.2,0.55
1471,1790887755.023152,-0.5346,0.0885,-0.8553,-0.2667,0.2788,0.3194,0.3942,0.4942,0.3123,0.2119,0.4046,0.3835,0.0,0.1792,-0.0,1.001,1.05,0.0,2.307,0.0,9.998580064676591e-05,155.2,0.55
1472,1790887755.6534843,-0.4698,0.0444,-0.6735,-0.2563,0.374,0.3309,0.3633,0.3409,0.3,0.1958,0.4088,0.3954,0.0,0.2658,-0.0,1.4331,1.039,0.0,2.248,0.356,9.998492708490656e-05,167.6,0.62
1473,1790887756.1980312,-0.57,0.0747,-0.9179,-0.2664,0.4428,0.5138,0.4066,0.3909,0.3631,0.2209,0.3893,0.3898,0.0,0.2823,-0.0,1.5169,1.055,0.0,2.303,0.0,9.998492708490656e-05,93.9,0.54
1474,1790887756.7633293,-0.4784,0.054,-0.6801,-0.2719,0.2886,0.3256,0.3178,0.3924,0.295,0.2164,0.4001,0.3836,0.0,0.1724,-0.0,0.9674,1.054,0.0,2.306,0.0,9.998492708490656e-05,111.2,0.56
1475,1790887757.3451748,-0.3842,0.0582,-0.6746,-0.1694,0.2984,0.2786,0.316,0.2218,0.2193,0.2108,0.401,0.3882,0.0,0.1808,-0.0,1.0089,1.05,0.0,2.289,0.0,9.998492708490656e-05,128.3,0.57
1476,1790887760.067531,-0.4674,0.047,-0.7409,-0.1674,0.2823,0.359,0.3323,0.327,0.2891,0.1915,0.419,0.3894,0.0,0.1844,-0.0,1.0257,1.036,0.0,2.303,0.0,9.998492708490656e-05,142.7,0.67
1477,1790887760.5525312,-0.4491,0.044,-0.6728,-0.2571,0.4573,0.3228,0.3496,0.3146,0.2926,0.211,0.3917,0.3973,0.0,0.3062,-0.0,1.6359,1.05,0.0,2.309,0.0,9.998492708490656e-05,116.8,0.48
1478,1790887761.0675735,-0.4274,0.0627,-0.6364,-0.1679,0.3406,0.3489,0.2439,0.3537,0.2417,0.2145,0.3981,0.3874,0.0,0.2388,-0.0,1.2992,1.052,0.0,2.25,0.0,9.998492708490656e-05,133.8,0.51
1479,1790887761.6518161,-0.4587,0.0455,-0.6048,-0.225,0.3066,0.3479,0.3574,0.3084,0.2827,0.2105,0.4053,0.3842,0.0,0.2098,-0.0,1.1539,1.049,0.0,2.244,0.0,9.998492708490656e-05,151.8,0.58
1480,1790887762.2709746,-0.3654,0.0375,-0.6497,-0.1378,0.324,0.2401,0.2349,0.294,0.2159,0.1954,0.4112,0.3934,0.0,0.2039,-0.0,1.1232,1.04,0.0,2.282,0.39,9.9984027451892e-05,174.6,0.61
1481,1790887762.8198433,-0.4377,0.0447,-0.6095,-0.1411,0.3028,0.347,0.3,0.3173,0.2768,0.2219,0.3927,0.3854,0.0,0.1995,-0.0,1.1033,1.057,0.0,2.309,0.0,9.9984027451892e-05,106.9,0.54
1482,1790887763.3688073,-0.4686,0.0499,-0.7402,-0.1889,0.3091,0.3165,0.3556,0.3661,0.2935,0.2098,0.4038,0.3863,0.0,0.2071,-0.0,1.1406,1.05,0.0,2.244,0.0,9.9984027451892e-05,119.6,0.54
1483,1790887763.940837,-0.4118,0.0443,-0.6112,-0.1829,0.3039,0.2558,0.3159,0.2964,0.247,0.2144,0.3984,0.3872,0.0,0.195,-0.0,1.0803,1.052,0.0,2.245,0.0,9.9984027451892e-05,152.0,0.56
1484,1790887764.525373,-0.4702,0.0928,-0.7558,-0.1992,0.3259,0.4579,0.3038,0.2991,0.2698,0.2034,0.4065,0.3901,0.0,0.2208,-0.0,1.2083,1.045,0.0,2.205,0.0,9.9984027451892e-05,179.5,0.58
1485,1790887765.0921829,-0.5532,0.0809,-0.85,-0.1762,0.6005,0.4848,0.4525,0.3478,0.3416,0.2175,0.3836,0.3988,0.0,0.3714,-0.0,1.9623,1.052,0.0,2.304,0.0,9.9984027451892e-05,87.3,0.56
1486,1790887765.664786,-0.5406,0.0469,-0.7487,-0.3282,0.358,0.3892,0.427,0.4169,0.3605,0.2131,0.3979,0.389,0.0,0.2379,-0.0,1.2949,1.052,0.0,2.309,0.0,9.9984027451892e-05,109.7,0.56
1487,1790887766.2231295,-0.5261,0.0528,-0.8224,-0.2857,0.4095,0.3858,0.3836,0.4283,0.3426,0.2073,0.4044,0.3884,0.0,0.2658,-0.0,1.4339,1.047,0.0,2.283,0.0,9.9984027451892e-05,142.0,0.55
1488,1790887766.8915145,-0.4743,0.0548,-0.7214,-0.2718,0.278,0.3537,0.3032,0.3737,0.2896,0.1872,0.4186,0.3942,0.0,0.1738,-0.0,0.9721,1.033,0.0,2.264,0.193,9.998310174819142e-05,164.1,0.66
1489,1790887767.4186575,-0.5699,0.1013,-0.8549,-0.2874,0.4219,0.4663,0.3315,0.523,0.3259,0.2094,0.3963,0.3942,0.0,0.2913,-0.0,1.5612,1.049,0.0,2.306,0.0,9.998310174819142e-05,107.5,0.52
1490,1790887767.980368,-0.5348,0.1013,-0.8184,-0.1211,0.4102,0.3003,0.3941,0.5155,0.2984,0.2153,0.399,0.3857,0.0,0.2588,-0.0,1.399,1.051,0.0,2.308,0.0,9.998310174819142e-05,131.9,0.55
1491,1790887768.5462437,-0.4327,0.0489,-0.6955,-0.099,0.2764,0.2804,0.3342,0.3232,0.264,0.2154,0.4046,0.38,0.0,0.1951,-0.0,1.0809,1.053,0.0,2.307,0.0,9.998310174819142e-05,152.6,0.56
1492,1790887769.1110337,-0.4284,0.0303,-0.7172,-0.157,0.3932,0.2999,0.3395,0.2956,0.2775,0.2002,0.4049,0.3949,0.0,0.2717,-0.0,1.4629,1.042,0.0,2.273,0.0,9.998310174819142e-05,198.7,0.56
1493,1790887769.5960693,-0.4776,0.0708,-0.7778,-0.2802,0.2491,0.3391,0.3278,0.4015,0.285,0.2095,0.4015,0.389,0.0,0.1792,-0.0,1.0008,1.049,0.0,2.287,0.0,9.998310174819142e-05,110.0,0.48
1494,1790887770.1603315,-0.5043,0.0972,-0.7224,-0.2152,0.4086,0.3829,0.2773,0.4678,0.2773,0.211,0.3973,0.3917,0.0,0.2652,-0.0,1.431,1.05,0.0,2.309,0.0,9.998310174819142e-05,120.6,0.56
1495,1790887770.7120242,-0.4577,0.1091,-0.8423,-0.1455,0.3264,0.262,0.2862,0.4716,0.2454,0.2178,0.399,0.3832,0.0,0.2084,-0.0,1.1475,1.053,0.0,2.282,0.0,9.998310174819142e-05,146.2,0.54
1496,1790887771.3515337,-0.5113,0.055,-0.8008,-0.3568,0.3396,0.4372,0.3612,0.3381,0.3227,0.2118,0.3996,0.3886,0.0,0.2193,-0.0,1.2012,1.049,0.0,2.305,0.719,9.998214997428766e-05,153.1,0.63
1497,1790887771.9309952,-0.5314,0.0604,-0.8101,-0.2608,0.3057,0.384,0.3757,0.4479,0.3455,0.2151,0.401,0.384,0.0,0.1961,-0.0,1.086,1.053,0.0,2.297,0.0,9.998214997428766e-05,95.7,0.57
1498,1790887772.4676456,-0.4775,0.06,-0.692,-0.2518,0.2642,0.3483,0.4019,0.3055,0.2919,0.2192,0.4,0.3808,0.0,0.18,-0.0,1.0054,1.055,0.0,2.309,0.0,9.998214997428766e-05,127.3,0.53
1499,1790887773.0646906,-0.5185,0.076,-0.7532,-0.276,0.3407,0.3641,0.3166,0.4692,0.3037,0.2153,0.4025,0.3823,0.0,0.2218,-0.0,1.214,1.052,0.0,2.301,0.0,9.998214997428766e-05,137.7,0.59
1500,1790887773.6395977,-0.4311,0.0489,-0.8514,-0.1805,0.2955,0.3035,0.2867,0.3416,0.2671,0.1948,0.4135,0.3917,0.0,0.1819,0.0,1.0133,1.039,0.0,2.21,0.0,9.998214997428766e-05,186.2,0.57
1501,1790887777.6556928,-0.5054,0.0816,-0.9648,-0.112,0.2539,0.4221,0.4235,0.3186,0.3161,0.2206,0.3967,0.3827,0.0,0.1713,-0.0,0.9623,1.057,0.0,2.305,0.0,9.998214997428766e-05,73.4,0.7
1502,1790887778.2882118,-0.5048,0.0449,-0.6265,-0.3019,0.4493,0.359,0.3751,0.3959,0.3328,0.2158,0.3901,0.3941,0.0,0.3286,0.0,1.7482,1.051,0.0,2.309,0.0,9.998214997428766e-05,110.2,0.62
1503,1790887778.836499,-0.3562,0.0272,-0.544,-0.142,0.4718,0.2432,0.2318,0.257,0.2174,0.2136,0.3962,0.3902,0.0,0.3231,-0.0,1.7207,1.05,0.0,2.309,0.0,9.998214997428766e-05,154.2,0.54
1504,1790887779.4106762,-0.4125,0.0354,-0.6676,-0.1731,0.345,0.3301,0.2843,0.2842,0.2653,0.2085,0.4069,0.3847,0.0,0.2267,-0.0,1.2382,1.048,0.0,2.309,0.177,9.998117213067717e-05,192.4,0.57
1505,1790887779.951997,-0.4921,0.0411,-0.6926,-0.3043,0.3499,0.3905,0.3596,0.3575,0.3255,0.2189,0.3965,0.3847,0.0,0.2472,-0.0,1.3418,1.056,0.0,2.309,0.0,9.998117213067717e-05,100.5,0.53
1506,1790887780.453071,-0.4187,0.0711,-0.6969,-0.1259,0.3903,0.3458,0.2365,0.3365,0.233,0.2136,0.4008,0.3855,0.0,0.2694,-0.0,1.4521,1.051,0.0,2.304,0.0,9.998117213067717e-05,137.9,0.49
1507,1790887781.0262668,-0.4824,0.0544,-0.95,-0.3,0.3301,0.4047,0.3257,0.3562,0.3126,0.2091,0.401,0.3899,0.0,0.2101,-0.0,1.1556,1.049,0.0,2.307,0.0,9.998117213067717e-05,133.8,0.56
1508,1790887781.6134484,-0.4104,0.0921,-0.6561,-0.1318,0.305,0.2058,0.2787,0.3791,0.1968,0.2093,0.406,0.3847,0.0,0.1944,-0.0,1.0766,1.049,0.0,2.309,0.0,9.998117213067717e-05,176.6,0.58
1509,1790887782.1419659,-0.4597,0.0468,-0.7765,-0.2101,0.4938,0.3555,0.3357,0.3492,0.293,0.2218,0.3855,0.3927,0.0,0.3452,-0.0,1.8315,1.055,0.0,2.277,0.0,9.998117213067717e-05,99.8,0.52
1510,1790887782.744242,-0.4984,0.0678,-0.7182,-0.2843,0.3937,0.375,0.298,0.4359,0.2904,0.2116,0.4015,0.3869,0.0,0.2566,-0.0,1.3881,1.05,0.0,2.298,0.0,9.998117213067717e-05,116.8,0.59
1511,1790887783.330241,-0.3969,0.0683,-0.7826,-0.0873,0.2853,0.2227,0.2702,0.3482,0.2151,0.2176,0.4037,0.3787,0.0,0.1751,-0.0,0.9807,1.054,0.0,2.307,0.0,9.998117213067717e-05,143.3,0.58
1512,1790887783.9817734,-0.3502,0.0471,-0.6628,-0.1403,0.2152,0.2554,0.2643,0.2121,0.1942,0.1944,0.4176,0.388,0.0,0.1342,-0.0,0.7749,1.04,0.0,2.155,0.627,9.998016821786995e-05,178.7,0.64
1513,1790887784.6763449,-0.5448,0.0846,-0.8755,-0.2145,0.3829,0.4842,0.3263,0.4485,0.3234,0.2175,0.3939,0.3886,0.0,0.2622,-0.0,1.4166,1.055,0.0,2.245,0.0,9.998016821786995e-05,78.4,0.69
1514,1790887785.1959317,-0.5302,0.1558,-0.8773,-0.2034,0.3042,0.326,0.6019,0.2817,0.2735,0.2224,0.3984,0.3792,0.0,0.2082,-0.0,1.1465,1.057,0.0,2.297,0.0,9.998016821786995e-05,131.0,0.51
1515,1790887786.0588214,-0.4115,0.0332,-0.6337,-0.2565,0.3415,0.2799,0.3032,0.2895,0.2524,0.2236,0.3953,0.3812,0.0,0.2346,-0.0,1.2787,1.057,0.0,2.308,0.0,9.998016821786995e-05,97.6,0.85
1516,1790887786.669907,-0.4007,0.0707,-0.8134,-0.0745,0.3802,0.2397,0.3661,0.2441,0.2268,0.2032,0.4099,0.3868,0.0,0.2418,-0.0,1.3135,1.044,0.0,2.272,0.0,9.998016821786995e-05,162.9,0.6
1517,1790887787.4838746,-0.508,0.0723,-0.9268,-0.2535,0.3349,0.4586,0.3653,0.3344,0.314,0.2167,0.3992,0.3841,0.0,0.2186,0.0,1.1983,1.053,0.0,2.309,0.0,9.998016821786995e-05,64.8,0.8
1518,1790887788.074532,-0.4981,0.0374,-0.8029,-0.2885,0.3652,0.379,0.3611,0.391,0.3402,0.2259,0.3973,0.3767,0.0,0.2578,-0.0,1.3948,1.056,0.0,2.309,0.0,9.998016821786995e-05,117.3,0.58
1519,1790887788.7918584,-0.4818,0.0404,-0.7889,-0.3424,0.3329,0.3682,0.3406,0.3474,0.3089,0.2121,0.4091,0.3788,0.0,0.2144,-0.0,1.177,1.05,0.0,2.304,0.0,9.998016821786995e-05,114.4,0.71
1520,1790887789.401993,-0.3618,0.0436,-0.6375,-0.117,0.2481,0.2516,0.2087,0.293,0.2057,0.2065,0.4131,0.3804,0.0,0.1515,-0.0,0.8623,1.047,0.0,2.303,0.076,9.997913823638962e-05,187.3,0.6
1521,1790887789.9603004,-0.5219,0.08,-0.8057,-0.2682,0.5264,0.3599,0.4784,0.3423,0.3148,0.2166,0.3921,0.3913,0.0,0.3755,-0.0,1.9827,1.052,0.0,2.309,0.0,9.997913823638962e-05,84.9,0.55
1522,1790887790.483497,-0.4903,0.0586,-0.7051,-0.2195,0.3175,0.3792,0.3836,0.3027,0.2958,0.2186,0.406,0.3754,0.0,0.1896,-0.0,1.0534,1.054,0.0,2.262,0.0,9.997913823638962e-05,123.6,0.51
1523,1790887791.3436766,-0.4787,0.0447,-0.677,-0.3022,0.2292,0.3878,0.3335,0.326,0.2972,0.217,0.4074,0.3756,0.0,0.1335,-0.0,0.7728,1.054,0.0,2.309,0.0,9.997913823638962e-05,86.5,0.85
1524,1790887791.9501684,-0.3687,0.0357,-0.5616,-0.117,0.2611,0.2328,0.2845,0.234,0.2183,0.1987,0.4174,0.3839,0.0,0.1529,-0.0,0.8689,1.042,0.0,2.29,0.0,9.997913823638962e-05,168.6,0.6
1525,1790887792.5019047,-0.5419,0.1202,-0.8758,-0.2373,0.3434,0.3251,0.5687,0.3571,0.3093,0.2199,0.4008,0.3793,0.0,0.2236,-0.0,1.2235,1.056,0.0,2.216,0.0,9.997913823638962e-05,101.1,0.54
1526,1790887795.4403472,-0.4472,0.0552,-0.7022,-0.177,0.4146,0.302,0.3061,0.3664,0.2699,0.2162,0.3973,0.3865,0.0,0.2882,-0.0,1.5464,1.052,0.0,2.309,0.0,9.997913823638962e-05,84.2,0.8
1527,1790887796.0473313,-0.4397,0.068,-0.6861,-0.1738,0.3231,0.3498,0.3631,0.244,0.2429,0.2114,0.4072,0.3814,0.0,0.2051,-0.0,1.1303,1.05,0.0,2.307,0.0,9.997913823638962e-05,136.2,0.6
1528,1790887796.6214793,-0.4032,0.0552,-0.6939,-0.1907,0.3907,0.2568,0.2895,0.3203,0.2444,0.1971,0.4152,0.3877,0.0,0.2537,-0.0,1.3724,1.04,0.0,2.304,0.676,9.997808218677342e-05,196.7,0.57
1529,1790887797.1058168,-0.4791,0.0523,-0.8167,-0.1874,0.3148,0.3409,0.3715,0.3587,0.3019,0.2202,0.4023,0.3775,0.0,0.2164,-0.0,1.1875,1.056,0.0,2.284,0.0,9.997808218677342e-05,108.2,0.48
1530,1790887797.6077685,-0.413,0.0808,-0.6556,-0.1877,0.2681,0.3855,0.2277,0.2722,0.215,0.2215,0.4012,0.3773,0.0,0.154,-0.0,0.8758,1.057,0.0,2.308,0.0,9.997808218677342e-05,134.4,0.49
1531,1790887798.1478744,-0.496,0.0622,-0.9205,-0.1809,0.4244,0.3539,0.438,0.3217,0.3074,0.2173,0.4002,0.3826,0.0,0.2803,-0.0,1.5071,1.053,0.0,2.283,0.0,9.997808218677342e-05,150.6,0.53
1532,1790887798.72963,-0.5121,0.146,-0.9613,-0.1536,0.3384,0.5707,0.2836,0.3009,0.2724,0.2049,0.4126,0.3825,0.0,0.216,-0.0,1.1848,1.046,0.0,2.183,0.0,9.997808218677342e-05,182.5,0.57
1533,1790887799.2175162,-0.4673,0.0558,-0.775,-0.2205,0.4574,0.3615,0.346,0.3203,0.288,0.2135,0.396,0.3905,0.0,0.3265,-0.0,1.7376,1.05,0.0,2.224,0.0,9.997808218677342e-05,108.8,0.48
1534,1790887799.743873,-0.4175,0.0679,-0.75,-0.2262,0.2658,0.3324,0.2412,0.3373,0.236,0.2159,0.4084,0.3757,0.0,0.1703,-0.0,0.9569,1.053,0.0,2.309,0.0,9.997808218677342e-05,133.3,0.52
1535,1790887800.318399,-0.3985,0.0429,-0.803,-0.1338,0.2868,0.3083,0.2418,0.3137,0.2399,0.2187,0.4023,0.379,0.0,0.1769,-0.0,0.9902,1.055,0.0,2.309,0.0,9.997808218677342e-05,144.3,0.57
1536,1790887800.8949442,-0.444,0.063,-0.7684,-0.1863,0.3266,0.2912,0.3973,0.2863,0.2613,0.205,0.4149,0.3801,0.0,0.2047,-0.0,1.128,1.046,0.0,2.297,0.491,9.997700006957214e-05,175.4,0.57
1537,1790887801.4113781,-0.4943,0.0571,-0.7125,-0.2724,0.3707,0.3492,0.3831,0.3659,0.3071,0.2184,0.3997,0.3819,0.0,0.2475,-0.0,1.3428,1.055,0.0,2.287,0.0,9.997700006957214e-05,106.9,0.51
1538,1790887801.9550593,-0.5421,0.0477,-0.7824,-0.3318,0.3555,0.4001,0.418,0.4149,0.3603,0.2217,0.3956,0.3827,0.0,0.2286,0.0,1.2489,1.057,0.0,2.293,0.0,9.997700006957214e-05,121.6,0.54
1539,1790887802.4318888,-0.4903,0.0451,-0.8028,-0.2875,0.3719,0.3625,0.401,0.3396,0.3274,0.221,0.4003,0.3787,0.0,0.24,-0.0,1.3052,1.054,0.0,2.309,0.0,9.997700006957214e-05,169.8,0.47
1540,1790887802.9491906,-0.5107,0.06,-0.8676,-0.2448,0.3067,0.3351,0.3969,0.43,0.3221,0.2081,0.4113,0.3806,0.0,0.2056,-0.0,1.1326,1.048,0.0,2.294,0.0,9.997700006957214e-05,222.8,0.51
1541,1790887805.8255436,-0.4877,0.0703,-0.7971,-0.1688,0.5268,0.2862,0.4164,0.3807,0.2862,0.2192,0.3908,0.3899,0.0,0.3891,-0.0,2.0509,1.053,0.0,2.3,0.0,9.997700006957214e-05,19.1,2.87
1542,1790887806.3889625,-0.5344,0.0446,-0.691,-0.3701,0.4117,0.4402,0.3899,0.379,0.3574,0.2186,0.4019,0.3796,0.0,0.2679,-0.0,1.4451,1.054,0.0,2.297,0.0,9.997700006957214e-05,116.4,0.55
1543,1790887806.9257355,-0.4833,0.0491,-1.0396,-0.1834,0.3457,0.3611,0.3804,0.3216,0.3103,0.2164,0.4058,0.3779,0.0,0.2246,-0.0,1.2282,1.054,0.0,2.305,0.0,9.997700006957214e-05,147.6,0.53
1544,1790887807.5223918,-0.358,0.068,-0.5253,-0.0335,0.2053,0.2606,0.3026,0.192,0.1887,0.2024,0.4194,0.3783,0.0,0.1182,-0.0,0.6952,1.044,0.0,2.301,0.53,9.997589188535019e-05,182.6,0.59
1545,1790887808.041636,-0.4542,0.0971,-0.83,-0.1394,0.4765,0.3734,0.2366,0.4103,0.2366,0.2184,0.3928,0.3887,0.0,0.3226,-0.0,1.7185,1.055,0.0,2.291,0.0,9.997589188535019e-05,112.3,0.51
1546,1790887808.5711918,-0.424,0.0489,-0.6422,-0.2333,0.2717,0.2601,0.3396,0.319,0.2601,0.223,0.401,0.3759,0.0,0.1685,-0.0,0.948,1.057,0.0,2.306,0.0,9.997589188535019e-05,143.6,0.52
1547,1790887809.1527936,-0.456,0.0439,-0.7415,-0.2559,0.3158,0.3686,0.2959,0.3399,0.2949,0.2197,0.4032,0.3771,0.0,0.1877,-0.0,1.0438,1.054,0.0,2.304,0.0,9.997589188535019e-05,149.3,0.57
1548,1790887809.7425907,-0.4898,0.0551,-0.9278,-0.2238,0.3571,0.3879,0.2908,0.385,0.2908,0.2075,0.4119,0.3806,0.0,0.2333,-0.0,1.2714,1.048,0.0,2.306,0.0,9.997589188535019e-05,195.3,0.58
1549,1790887810.2813532,-0.5117,0.1502,-0.8758,-0.1544,0.4583,0.3242,0.2667,0.5752,0.2591,0.2148,0.3975,0.3877,0.0,0.3378,-0.0,1.794,1.051,0.0,2.309,0.0,9.997589188535019e-05,106.8,0.53
1550,1790887810.828318,-0.497,0.0404,-0.6695,-0.2792,0.4087,0.3714,0.3772,0.3494,0.3235,0.219,0.401,0.38,0.0,0.2756,-0.0,1.4835,1.053,0.0,2.283,0.0,9.997589188535019e-05,137.9,0.54
1551,1790887813.6524253,-0.4788,0.0638,-0.7977,-0.2285,0.386,0.3147,0.3338,0.4141,0.2955,0.2194,0.4029,0.3777,0.0,0.2407,-0.0,1.3091,1.054,0.0,2.301,0.0,9.997589188535019e-05,126.3,0.65
1552,1790887814.2287695,-0.4029,0.0742,-0.7899,-0.2156,0.4436,0.3043,0.2209,0.3179,0.2097,0.201,0.4103,0.3887,0.0,0.2874,-0.0,1.5412,1.043,0.0,2.302,0.931,9.997475763468562e-05,172.3,0.57
1553,1790887814.768697,-0.5391,0.0684,-0.7712,-0.2124,0.3404,0.3804,0.406,0.4564,0.3423,0.226,0.4005,0.3736,0.0,0.2227,-0.0,1.2193,1.059,0.0,2.305,0.0,9.997475763468562e-05,103.2,0.53
1554,1790887815.272294,-0.5005,0.0963,-0.8762,-0.1659,0.3486,0.4818,0.2894,0.3494,0.2772,0.223,0.4001,0.3769,0.0,0.2349,-0.0,1.2802,1.057,0.0,2.297,0.0,9.997475763468562e-05,132.1,0.5
1555,1790887815.8472686,-0.4345,0.0617,-0.7897,-0.1779,0.3616,0.2621,0.3172,0.3763,0.261,0.2165,0.4081,0.3754,0.0,0.2537,-0.0,1.3738,1.053,0.0,2.261,0.0,9.997475763468562e-05,138.8,0.57
1556,1790887816.4466195,-0.4623,0.1013,-0.9357,-0.1612,0.2653,0.3089,0.2544,0.4637,0.2491,0.2064,0.4165,0.3771,0.0,0.162,-0.0,0.9149,1.047,0.0,2.272,0.0,9.997475763468562e-05,182.0,0.59
1557,1790887817.0055156,-0.4365,0.0599,-0.65,-0.091,0.4119,0.3291,0.2965,0.34,0.2662,0.2202,0.4007,0.3791,0.0,0.264,-0.0,1.4254,1.054,0.0,2.309,0.0,9.997475763468562e-05,96.9,0.55
1558,1790887817.5843747,-0.491,0.0483,-0.7285,-0.3683,0.3451,0.3726,0.4004,0.3296,0.3228,0.2271,0.3959,0.377,0.0,0.2319,-0.0,1.2656,1.059,0.0,2.289,0.0,9.997475763468562e-05,104.6,0.57
1559,1790887818.1694267,-0.4057,0.0636,-0.677,-0.1759,0.4592,0.2335,0.3252,0.3057,0.2211,0.21,0.4026,0.3873,0.0,0.3063,-0.0,1.6362,1.049,0.0,2.302,0.0,9.997475763468562e-05,130.2,0.58
1560,1790887818.749325,-0.434,0.1007,-0.8929,-0.082,0.2347,0.4065,0.3324,0.2108,0.2108,0.1987,0.4193,0.382,0.0,0.1377,-0.0,0.7925,1.042,0.0,2.308,0.264,9.997359731816998e-05,191.8,0.57
1561,1790887819.2887397,-0.5012,0.0793,-0.8012,-0.2491,0.3102,0.3099,0.3819,0.438,0.2965,0.2201,0.4033,0.3766,0.0,0.2052,-0.0,1.1317,1.056,0.0,2.306,0.0,9.997359731816998e-05,96.5,0.53
1562,1790887819.8301888,-0.464,0.056,-0.7214,-0.2125,0.4744,0.3558,0.3016,0.373,0.2924,0.2244,0.3958,0.3799,0.0,0.3096,-0.0,1.6536,1.056,0.0,2.297,0.0,9.997359731816998e-05,124.2,0.53
1563,1790887820.331296,-0.3543,0.038,-0.5959,-0.1241,0.3185,0.2711,0.2619,0.2302,0.222,0.2192,0.4085,0.3723,0.0,0.1936,-0.0,1.0733,1.055,0.0,2.305,0.0,9.997359731816998e-05,154.5,0.49
1564,1790887820.919803,-0.4467,0.0579,-0.7441,-0.2698,0.3442,0.3009,0.3775,0.2876,0.2646,0.2034,0.4134,0.3832,0.0,0.2344,-0.0,1.2767,1.046,0.0,2.307,0.0,9.997359731816998e-05,176.1,0.58
1565,1790887821.46377,-0.4837,0.0762,-0.7186,-0.1649,0.3011,0.4048,0.3032,0.3779,0.2918,0.2184,0.4083,0.3733,0.0,0.1836,-0.0,1.0234,1.054,0.0,2.302,0.0,9.997359731816998e-05,103.8,0.54
1566,1790887822.0138142,-0.4127,0.0627,-0.7339,-0.1071,0.2601,0.3513,0.303,0.2533,0.234,0.223,0.4061,0.3709,0.0,0.1652,-0.0,0.9318,1.057,0.0,2.309,0.0,9.997359731816998e-05,130.0,0.54
1567,1790887822.5824814,-0.5266,0.0652,-0.8763,-0.3408,0.3026,0.3878,0.457,0.3476,0.3342,0.2213,0.4067,0.372,0.0,0.2161,-0.0,1.1862,1.055,0.0,2.309,0.0,9.997359731816998e-05,146.3,0.56
1568,1790887823.1897483,-0.45,0.0712,-0.7841,-0.175,0.345,0.352,0.2476,0.3638,0.2476,0.2036,0.4193,0.3771,0.0,0.2236,-0.0,1.2228,1.045,0.0,2.302,0.188,9.99724109364085e-05,165.4,0.6
1569,1790887823.7385764,-0.6345,0.0554,-0.8813,-0.1843,0.4728,0.5245,0.4555,0.5071,0.4335,0.2189,0.4022,0.3789,0.0,0.3612,-0.0,1.9114,1.054,0.0,2.309,0.0,9.99724109364085e-05,96.1,0.54
1570,1790887824.2782428,-0.4684,0.0693,-0.6993,-0.1843,0.3187,0.289,0.337,0.4221,0.2822,0.2297,0.3998,0.3705,0.0,0.2065,-0.0,1.1385,1.059,0.0,2.309,0.0,9.99724109364085e-05,126.6,0.53
1571,1790887824.789629,-0.456,0.0363,-0.781,-0.1809,0.3264,0.3387,0.3401,0.3129,0.2967,0.225,0.4024,0.3725,0.0,0.2107,-0.0,1.1595,1.058,0.0,2.309,0.0,9.99724109364085e-05,157.2,0.5
1572,1790887825.3931494,-0.4009,0.0595,-0.7789,-0.158,0.3129,0.3069,0.3192,0.2117,0.2107,0.1998,0.4184,0.3818,0.0,0.1883,-0.0,1.046,1.043,0.0,2.296,0.0,9.99724109364085e-05,180.6,0.59
1573,1790887825.949232,-0.4727,0.0528,-0.6644,-0.2324,0.3445,0.3467,0.3581,0.3453,0.295,0.2148,0.4092,0.376,0.0,0.2222,-0.0,1.2163,1.053,0.0,2.309,0.0,9.99724109364085e-05,109.4,0.55
1574,1790887826.4913127,-0.4249,0.043,-0.7265,-0.2074,0.4261,0.293,0.2934,0.342,0.2676,0.2221,0.3969,0.381,0.0,0.2874,-0.0,1.5427,1.057,0.0,2.289,0.0,9.99724109364085e-05,132.8,0.53
1575,1790887827.0534625,-0.4585,0.0691,-0.7663,-0.1684,0.3377,0.3974,0.3381,0.2666,0.2666,0.2148,0.4113,0.3739,0.0,0.219,-0.0,1.2003,1.051,0.0,2.307,0.0,9.99724109364085e-05,163.0,0.56
1576,1790887829.84104,-0.403,0.0507,-0.7239,-0.1241,0.2468,0.2728,0.2448,0.3276,0.2368,0.2084,0.4171,0.3746,0.0,0.1586,-0.0,0.8977,1.048,0.0,2.298,0.325,9.997119849001996e-05,178.8,0.68
1577,1790887830.399581,-0.5368,0.0497,-0.7712,-0.3798,0.2982,0.3966,0.4432,0.3825,0.361,0.2253,0.4046,0.3701,0.0,0.1996,-0.0,1.1041,1.059,0.0,2.282,0.0,9.997119849001996e-05,95.1,0.55
1578,1790887830.9365253,-0.454,0.0563,-0.6972,-0.211,0.3292,0.302,0.3607,0.3392,0.2815,0.2214,0.4056,0.373,0.0,0.2119,-0.0,1.1649,1.056,0.0,2.305,0.0,9.997119849001996e-05,124.7,0.53
1579,1790887831.4986794,-0.4363,0.0314,-0.6685,-0.2564,0.3111,0.3034,0.3125,0.3292,0.2821,0.2152,0.4114,0.3733,0.0,0.1992,-0.0,1.1011,1.052,0.0,2.309,0.0,9.997119849001996e-05,154.0,0.55
1580,1790887832.1234167,-0.387,0.0425,-0.77,-0.1957,0.2457,0.2807,0.3014,0.2408,0.2329,0.207,0.4185,0.3744,0.0,0.1421,-0.0,0.8153,1.047,0.0,2.273,0.0,9.997119849001996e-05,172.3,0.61
1581,1790887832.670906,-0.4669,0.0608,-0.7334,-0.2332,0.3136,0.2911,0.3422,0.3992,0.2832,0.2213,0.4017,0.3769,0.0,0.213,-0.0,1.1706,1.057,0.0,2.266,0.0,9.997119849001996e-05,102.8,0.54
1582,1790887833.1416633,-0.5362,0.0684,-0.7362,-0.2934,0.3318,0.3506,0.4652,0.393,0.3309,0.2262,0.4018,0.372,0.0,0.2242,-0.0,1.2265,1.057,0.0,2.299,0.0,9.997119849001996e-05,146.2,0.46
1583,1790887833.7205873,-0.446,0.0344,-0.5788,-0.2752,0.3264,0.3294,0.3345,0.3102,0.2949,0.2236,0.4048,0.3715,0.0,0.211,-0.0,1.1608,1.058,0.0,2.302,0.0,9.997119849001996e-05,139.8,0.57
1584,1790887834.2853568,-0.3538,0.0394,-0.6549,-0.2196,0.2855,0.2476,0.2142,0.277,0.2107,0.1981,0.4235,0.3785,0.0,0.1866,-0.0,1.0373,1.041,0.0,2.309,0.434,9.996995997963675e-05,191.4,0.56
1585,1790887834.94152,-0.5218,0.0676,-0.7771,-0.2598,0.3355,0.4515,0.3362,0.4062,0.3289,0.231,0.3989,0.3701,0.0,0.2461,-0.0,1.3364,1.061,0.0,2.309,0.0,9.996995997963675e-05,74.7,0.65
1586,1790887835.4862003,-0.4678,0.0661,-0.7748,-0.1597,0.458,0.4161,0.3222,0.3049,0.2817,0.2215,0.3984,0.3801,0.0,0.3198,-0.0,1.7046,1.055,0.0,2.282,0.0,9.996995997963675e-05,119.1,0.54
1587,1790887836.0264013,-0.5028,0.0518,-0.8107,-0.2318,0.3212,0.3955,0.4074,0.3419,0.3353,0.2214,0.407,0.3716,0.0,0.2244,-0.0,1.2276,1.055,0.0,2.24,0.0,9.996995997963675e-05,150.4,0.53
1588,1790887836.5542107,-0.4076,0.0404,-0.7592,-0.1917,0.3313,0.3197,0.2575,0.2773,0.2421,0.2039,0.4194,0.3767,0.0,0.2133,-0.0,1.1711,1.045,0.0,2.304,0.0,9.996995997963675e-05,194.5,0.52
1589,1790887837.1115818,-0.4422,0.0404,-0.5833,-0.09,0.4288,0.3172,0.3027,0.3602,0.2864,0.2177,0.4061,0.3762,0.0,0.3229,-0.0,1.7199,1.054,0.0,2.309,0.0,9.996995997963675e-05,97.4,0.55
1590,1790887837.6620672,-0.4809,0.0752,-0.7943,-0.2714,0.3723,0.3237,0.4316,0.3044,0.2902,0.2202,0.4094,0.3703,0.0,0.256,-0.0,1.3854,1.054,0.0,2.287,0.0,9.996995997963675e-05,127.5,0.54
1591,1790887838.187098,-0.4761,0.0456,-0.7037,-0.2728,0.311,0.3328,0.3949,0.3287,0.3091,0.2141,0.4121,0.3738,0.0,0.2092,-0.0,1.1512,1.051,0.0,2.255,0.0,9.996995997963675e-05,165.3,0.52
1592,1790887838.7957785,-0.5066,0.0776,-0.7949,-0.2659,0.4373,0.3728,0.3178,0.4316,0.3059,0.2037,0.4158,0.3805,0.0,0.2793,-0.0,1.5012,1.045,0.0,2.303,0.314,9.996869540590486e-05,180.3,0.6
1593,1790887839.3328795,-0.4942,0.057,-0.6235,-0.2179,0.3413,0.4017,0.3885,0.3291,0.3095,0.2226,0.4062,0.3711,0.0,0.2434,-0.0,1.3225,1.057,0.0,2.309,0.0,9.996869540590486e-05,99.1,0.53
1594,1790887839.8290284,-0.4624,0.0818,-0.8091,-0.2705,0.4441,0.2881,0.3078,0.4273,0.2644,0.2192,0.4029,0.3778,0.0,0.2874,-0.0,1.5425,1.055,0.0,2.215,0.0,9.996869540590486e-05,146.9,0.49
1595,1790887840.3961318,-0.4277,0.0555,-0.755,-0.1846,0.3766,0.3476,0.3157,0.2739,0.2574,0.2205,0.4036,0.3759,0.0,0.248,-0.0,1.3455,1.055,0.0,2.27,0.0,9.996869540590486e-05,142.6,0.56
1596,1790887841.0016828,-0.3969,0.0405,-0.5697,-0.2586,0.2285,0.268,0.2472,0.3093,0.2408,0.198,0.4281,0.3738,0.0,0.1376,-0.0,0.7921,1.041,0.0,2.3,0.0,9.996869540590486e-05,186.4,0.6
1597,1790887841.5369244,-0.5684,0.0647,-0.8409,-0.2824,0.4187,0.3932,0.4404,0.4846,0.3784,0.2278,0.3979,0.3743,0.0,0.3255,-0.0,1.7333,1.059,0.0,2.307,0.0,9.996869540590486e-05,95.6,0.53
1598,1790887842.0648453,-0.5133,0.0543,-0.8798,-0.2771,0.3079,0.3927,0.3633,0.3895,0.332,0.2211,0.4102,0.3687,0.0,0.1918,-0.0,1.0646,1.055,0.0,2.309,0.0,9.996869540590486e-05,126.5,0.52
1599,1790887842.612837,-0.5037,0.0625,-0.8695,-0.2667,0.4448,0.3215,0.4522,0.3396,0.3109,0.2195,0.4038,0.3767,0.0,0.3085,0.0,1.6481,1.055,0.0,2.143,0.0,9.996869540590486e-05,139.5,0.54
1600,1790887843.1887987,-0.4038,0.0535,-0.6066,-0.2101,0.2994,0.2701,0.2666,0.3333,0.2371,0.2027,0.4202,0.3771,0.0,0.2085,-0.0,1.1468,1.044,0.0,2.309,0.266,9.996740476948385e-05,181.3,0.57
1601,1790887846.2366314,-0.4944,0.063,-0.7654,-0.1897,0.3206,0.4123,0.3535,0.334,0.3068,0.2208,0.4055,0.3737,0.0,0.2159,-0.0,1.1851,1.056,0.0,2.309,0.0,9.996740476948385e-05,65.6,0.75
1602,1790887846.902023,-0.4508,0.0384,-0.7971,-0.2588,0.3779,0.3296,0.3677,0.2977,0.2878,0.2166,0.4098,0.3736,0.0,0.2565,0.0,1.388,1.054,0.0,2.303,0.0,9.996740476948385e-05,98.0,0.66
1603,1790887847.4274447,-0.3882,0.0602,-0.5843,-0.1897,0.2845,0.3008,0.2365,0.273,0.2025,0.216,0.416,0.368,0.0,0.1689,-0.0,0.9496,1.052,0.0,2.303,0.0,9.996740476948385e-05,165.9,0.52
1604,1790887848.0131445,-0.4157,0.0427,-0.6372,-0.1734,0.2673,0.3409,0.2732,0.2731,0.2549,0.2028,0.4278,0.3694,0.0,0.1644,-0.0,0.9264,1.043,0.0,2.292,0.0,9.996740476948385e-05,202.1,0.58
1605,1790887848.5331287,-0.6435,0.0527,-0.8788,-0.4516,0.5227,0.5586,0.4579,0.4893,0.4514,0.2165,0.4053,0.3782,0.0,0.3626,-0.0,1.9181,1.051,0.0,2.296,0.0,9.996740476948385e-05,104.2,0.51
1606,1790887849.0463502,-0.4921,0.0693,-0.7133,-0.1861,0.3055,0.4511,0.3271,0.3316,0.3121,0.2245,0.4037,0.3717,0.0,0.1984,-0.0,1.0979,1.058,0.0,2.24,0.0,9.996740476948385e-05,126.9,0.5
1607,1790887849.6014776,-0.3817,0.0503,-0.7567,-0.1776,0.3601,0.325,0.2538,0.2373,0.2167,0.2138,0.41,0.3762,0.0,0.2199,-0.0,1.2044,1.051,0.0,2.309,0.0,9.996740476948385e-05,149.3,0.55
1608,1790887850.2051458,-0.4009,0.0605,-0.6565,-0.1866,0.2938,0.2647,0.3472,0.2392,0.227,0.209,0.4182,0.3728,0.0,0.2031,-0.0,1.1206,1.048,0.0,2.309,0.951,9.996608807104691e-05,181.8,0.6
1609,1790887850.6970475,-0.4874,0.0983,-0.8167,-0.1597,0.3859,0.3334,0.4814,0.2812,0.2798,0.2128,0.4147,0.3725,0.0,0.2876,-0.0,1.5429,1.051,0.0,2.304,0.0,9.996608807104691e-05,98.3,0.48
1610,1790887851.2484663,-0.4404,0.0494,-0.7676,-0.1268,0.202,0.3469,0.3145,0.3175,0.2755,0.2274,0.4065,0.3661,0.0,0.1345,0.0,0.7783,1.06,0.0,2.304,0.0,9.996608807104691e-05,122.1,0.54
1611,1790887851.7616453,-0.4414,0.059,-0.65,-0.1954,0.4425,0.2897,0.3816,0.3066,0.2676,0.2216,0.4,0.3783,0.0,0.2972,-0.0,1.5918,1.055,0.0,2.307,0.0,9.996608807104691e-05,156.1,0.5
1612,1790887852.3630183,-0.4158,0.0435,-0.577,-0.2458,0.2823,0.3116,0.2817,0.2904,0.243,0.2074,0.4225,0.37,0.0,0.176,0.0,0.9844,1.047,0.0,2.274,0.0,9.996608807104691e-05,170.4,0.59
1613,1790887852.920639,-0.5067,0.062,-0.7152,-0.2843,0.3886,0.3389,0.3927,0.3953,0.3131,0.2257,0.4021,0.3722,0.0,0.2877,-0.0,1.5444,1.058,0.0,2.289,0.0,9.996608807104691e-05,91.6,0.55
1614,1790887853.4731398,-0.5718,0.1459,-0.8593,-0.247,0.3527,0.3658,0.6235,0.3237,0.3126,0.2271,0.4033,0.3696,0.0,0.2448,-0.0,1.3296,1.058,0.0,2.143,0.0,9.996608807104691e-05,117.5,0.54
1615,1790887854.0355377,-0.3921,0.04,-0.6965,-0.1678,0.2403,0.2757,0.3099,0.2419,0.237,0.2225,0.4122,0.3654,0.0,0.1375,0.0,0.7933,1.056,0.0,2.309,0.0,9.996608807104691e-05,135.4,0.55
1616,1790887854.6472785,-0.38,0.0396,-0.552,-0.1984,0.2605,0.2862,0.2457,0.2564,0.2291,0.2068,0.4254,0.3678,0.0,0.1658,-0.0,0.9336,1.046,0.0,2.305,0.698,9.99647453112808e-05,161.8,0.6
1617,1790887855.1876338,-0.4968,0.0402,-0.7472,-0.2539,0.4522,0.3994,0.3493,0.3564,0.3241,0.2228,0.4023,0.3749,0.0,0.3035,-0.0,1.6233,1.057,0.0,2.307,0.0,9.99647453112808e-05,103.2,0.53
1618,1790887855.7030044,-0.4934,0.0506,-0.7709,-0.2127,0.3086,0.3483,0.3203,0.4267,0.3092,0.2158,0.4154,0.3687,0.0,0.21,0.0,1.1554,1.052,0.0,2.281,0.0,9.99647453112808e-05,138.6,0.51
1619,1790887856.3175218,-0.4177,0.0838,-0.7561,-0.1946,0.2938,0.221,0.3363,0.3541,0.2185,0.2122,0.417,0.3708,0.0,0.203,-0.0,1.1202,1.051,0.0,2.293,0.0,9.99647453112808e-05,144.4,0.61
1620,1790887856.8681397,-0.3569,0.0772,-0.7526,-0.2075,0.1864,0.3315,0.1975,0.2054,0.1779,0.206,0.4257,0.3683,0.0,0.0993,-0.0,0.6009,1.047,0.0,2.309,0.0,9.99647453112808e-05,191.7,0.54
1621,1790887857.418743,-0.528,0.0474,-0.8643,-0.2265,0.3625,0.3889,0.4038,0.4153,0.3526,0.225,0.4019,0.3731,0.0,0.2525,-0.0,1.3684,1.059,0.0,2.309,0.0,9.99647453112808e-05,91.3,0.54
1622,1790887857.9893992,-0.4752,0.0551,-0.7007,-0.2846,0.3534,0.2988,0.348,0.3839,0.2916,0.2219,0.4069,0.3712,0.0,0.219,-0.0,1.2005,1.057,0.0,2.305,0.0,9.99647453112808e-05,110.1,0.56
1623,1790887858.5622313,-0.47,0.0595,-0.7422,-0.2253,0.2499,0.2859,0.3926,0.3656,0.2814,0.2193,0.4112,0.3695,0.0,0.1672,-0.0,0.9415,1.055,0.0,2.287,0.0,9.99647453112808e-05,127.8,0.56
1624,1790887859.1521404,-0.4806,0.0614,-0.7125,-0.2004,0.3155,0.3013,0.3979,0.3798,0.2987,0.2133,0.4143,0.3725,0.0,0.2071,-0.0,1.1407,1.05,0.0,2.299,0.544,9.996337649088588e-05,157.2,0.58
1625,1790887859.6910508,-0.4808,0.0594,-0.7732,-0.2129,0.3038,0.3841,0.3738,0.3345,0.3136,0.2267,0.4024,0.3708,0.0,0.1999,-0.0,1.1057,1.06,0.0,2.306,0.0,9.996337649088588e-05,88.6,0.53
1626,1790887862.607549,-0.4459,0.0642,-0.6833,-0.1128,0.4218,0.2588,0.3842,0.3391,0.2576,0.2261,0.4016,0.3724,0.0,0.2661,-0.0,1.4362,1.055,0.0,2.309,0.0,9.996337649088588e-05,89.2,0.71
1627,1790887863.12771,-0.4381,0.0422,-0.6991,-0.211,0.2683,0.3296,0.3322,0.3048,0.282,0.2202,0.4145,0.3652,0.0,0.1672,-0.0,0.9412,1.053,0.0,2.26,0.0,9.996337649088588e-05,136.6,0.51
1628,1790887863.690918,-0.4686,0.0373,-0.8035,-0.2404,0.2626,0.3588,0.3506,0.3175,0.3048,0.2044,0.4273,0.3683,0.0,0.1669,-0.0,0.9392,1.045,0.0,2.299,0.0,9.996337649088588e-05,165.8,0.55
1629,1790887864.2100275,-0.5222,0.0519,-0.699,-0.2365,0.3259,0.3974,0.3669,0.4136,0.3421,0.216,0.4086,0.3754,0.0,0.2201,-0.0,1.2056,1.053,0.0,2.278,0.0,9.996337649088588e-05,109.2,0.51
1630,1790887864.737946,-0.4789,0.0372,-0.742,-0.1997,0.3818,0.3543,0.3683,0.3535,0.3263,0.2213,0.4061,0.3727,0.0,0.2681,-0.0,1.4461,1.055,0.0,2.309,0.0,9.996337649088588e-05,129.5,0.52
1631,1790887865.3336596,-0.4442,0.0622,-0.8599,-0.2128,0.361,0.2775,0.3781,0.3062,0.2602,0.2118,0.4138,0.3743,0.0,0.2503,-0.0,1.3565,1.051,0.0,2.299,0.0,9.996337649088588e-05,135.8,0.59
1632,1790887865.8964453,-0.3676,0.0403,-0.5693,-0.179,0.2051,0.236,0.2737,0.2625,0.2195,0.1966,0.435,0.3684,0.0,0.1182,-0.0,0.6947,1.039,0.0,2.309,0.442,9.996198161057607e-05,185.4,0.56
1633,1790887866.3617365,-0.6052,0.0538,-0.8679,-0.3333,0.4408,0.4991,0.4684,0.4524,0.4175,0.2172,0.4079,0.3749,0.0,0.2988,-0.0,1.5993,1.053,0.0,2.283,0.0,9.996198161057607e-05,118.4,0.46
1634,1790887866.8843825,-0.5011,0.065,-0.8,-0.2438,0.3295,0.4321,0.3893,0.2953,0.2953,0.2164,0.4133,0.3703,0.0,0.2162,-0.0,1.1864,1.053,0.0,2.305,0.0,9.996198161057607e-05,133.9,0.51
1635,1790887867.480138,-0.5977,0.118,-0.8753,-0.3107,0.3124,0.4015,0.3654,0.612,0.3481,0.2103,0.4156,0.3741,0.0,0.2092,-0.0,1.151,1.049,0.0,2.201,0.0,9.996198161057607e-05,141.4,0.59
1636,1790887868.028044,-0.3986,0.06,-0.668,-0.1916,0.4011,0.2732,0.2283,0.3329,0.2231,0.2055,0.4196,0.3749,0.0,0.2566,-0.0,1.3877,1.045,0.0,2.309,0.0,9.996198161057607e-05,184.1,0.54
1637,1790887868.5366862,-0.512,0.0411,-0.8813,-0.2324,0.3509,0.397,0.3905,0.3785,0.3525,0.2219,0.4069,0.3712,0.0,0.2662,-0.0,1.4367,1.055,0.0,2.284,0.0,9.996198161057607e-05,108.0,0.5
1638,1790887869.0910778,-0.526,0.0661,-0.8244,-0.2187,0.3683,0.4132,0.3326,0.4495,0.3282,0.2164,0.4109,0.3726,0.0,0.2672,-0.0,1.4412,1.052,0.0,2.299,0.0,9.996198161057607e-05,127.0,0.55
1639,1790887869.6017025,-0.4738,0.0553,-0.8303,-0.1779,0.3143,0.3853,0.3244,0.3378,0.2923,0.2201,0.4088,0.371,0.0,0.2073,0.0,1.142,1.055,0.0,2.285,0.0,9.996198161057607e-05,167.7,0.5
1640,1790887870.221015,-0.5216,0.0822,-0.8397,-0.1861,0.3826,0.3054,0.4018,0.4647,0.2976,0.196,0.4242,0.3798,0.0,0.2578,-0.0,1.3927,1.039,0.0,2.306,0.506,9.996056067107895e-05,173.8,0.61
1641,1790887870.7470086,-0.6172,0.0567,-0.8083,-0.3953,0.4401,0.4642,0.4816,0.5051,0.4227,0.2172,0.4035,0.3793,0.0,0.3313,-0.0,1.7621,1.053,0.0,2.284,0.0,9.996056067107895e-05,96.4,0.52
1642,1790887871.3088799,-0.4652,0.0623,-0.7929,-0.1454,0.3396,0.2882,0.4165,0.3237,0.2824,0.2129,0.4126,0.3745,0.0,0.229,-0.0,1.2503,1.051,0.0,2.309,0.0,9.996056067107895e-05,122.7,0.55
1643,1790887871.9122968,-0.4793,0.0624,-0.7067,-0.2355,0.2788,0.3123,0.4108,0.3328,0.2918,0.2103,0.4205,0.3692,0.0,0.1794,-0.0,1.0021,1.049,0.0,2.301,0.0,9.996056067107895e-05,148.0,0.59
1644,1790887872.5238876,-0.4095,0.0891,-0.7354,-0.1302,0.2666,0.3889,0.2,0.2699,0.2,0.1955,0.4294,0.3752,0.0,0.1572,0.0,0.8901,1.039,0.0,2.294,0.0,9.996056067107895e-05,186.6,0.6
1645,1790887873.0170486,-0.4974,0.0757,-0.736,-0.287,0.4879,0.3581,0.3083,0.4424,0.2967,0.2175,0.3995,0.383,0.0,0.3564,-0.0,1.8875,1.054,0.0,2.301,0.0,9.996056067107895e-05,108.9,0.49
1646,1790887873.568922,-0.4765,0.0583,-0.8777,-0.1942,0.3234,0.3939,0.3683,0.2954,0.2954,0.2199,0.4055,0.3745,0.0,0.2596,-0.0,1.4034,1.056,0.0,2.284,0.0,9.996056067107895e-05,123.4,0.54
1647,1790887874.1510167,-0.4225,0.037,-0.6199,-0.2379,0.3686,0.3225,0.279,0.2893,0.2609,0.2115,0.4139,0.3745,0.0,0.2445,-0.0,1.3274,1.049,0.0,2.301,0.0,9.996056067107895e-05,149.6,0.57
1648,1790887874.7669659,-0.4795,0.0717,-0.8167,-0.181,0.3119,0.4169,0.3684,0.2773,0.2773,0.2045,0.4223,0.3732,0.0,0.1995,0.0,1.1023,1.046,0.0,2.309,0.303,9.995911367313562e-05,172.8,0.61
1649,1790887875.3213067,-0.5428,0.1678,-0.9776,-0.1524,0.3271,0.615,0.2585,0.3826,0.2506,0.2195,0.406,0.3746,0.0,0.2012,-0.0,1.1115,1.055,0.0,2.208,0.0,9.995911367313562e-05,107.5,0.55
1650,1790887875.846262,-0.4097,0.0602,-0.6647,-0.1026,0.2444,0.2949,0.265,0.3066,0.2376,0.2182,0.4134,0.3684,0.0,0.145,-0.0,0.8305,1.053,0.0,2.194,0.0,9.995911367313562e-05,142.4,0.52
1651,1790887878.5225163,-0.4272,0.049,-0.6818,-0.2881,0.2883,0.3578,0.3029,0.2745,0.2644,0.2105,0.4206,0.3689,0.0,0.1876,-0.0,1.043,1.048,0.0,2.286,0.0,9.995911367313562e-05,117.5,0.72
1652,1790887879.0922308,-0.4088,0.0624,-0.7279,-0.1318,0.2964,0.359,0.2605,0.2521,0.2372,0.2146,0.415,0.3704,0.0,0.1832,-0.0,1.0211,1.052,0.0,2.262,0.0,9.995911367313562e-05,178.7,0.56
1653,1790887879.6245296,-0.5511,0.061,-0.7676,-0.3245,0.427,0.4646,0.4081,0.3771,0.3419,0.2183,0.4063,0.3754,0.0,0.2851,-0.0,1.5309,1.055,0.0,2.298,0.0,9.995911367313562e-05,93.0,0.53
1654,1790887880.1767573,-0.5578,0.1153,-0.8489,-0.2794,0.3263,0.3461,0.5659,0.3625,0.3333,0.2203,0.4119,0.3677,0.0,0.1991,-0.0,1.1009,1.055,0.0,2.174,0.0,9.995911367313562e-05,129.2,0.54
1655,1790887880.7009764,-0.5121,0.0476,-0.8679,-0.2273,0.4013,0.3931,0.3591,0.382,0.3341,0.216,0.4099,0.3741,0.0,0.2823,-0.0,1.5167,1.052,0.0,2.295,0.0,9.995911367313562e-05,149.1,0.51
1656,1790887881.2865992,-0.4582,0.0827,-0.7306,-0.0956,0.301,0.4151,0.2618,0.3281,0.2542,0.2003,0.4267,0.373,0.0,0.196,-0.0,1.0841,1.041,0.0,2.284,0.789,9.995764061750087e-05,170.3,0.58
1657,1790887881.8555186,-0.4478,0.0486,-0.6667,-0.2167,0.3851,0.3535,0.3481,0.2957,0.2843,0.2161,0.4056,0.3783,0.0,0.2705,-0.0,1.4577,1.053,0.0,2.3,0.0,9.995764061750087e-05,85.1,0.56
1658,1790887882.372075,-0.5302,0.086,-0.8687,-0.1355,0.3293,0.4072,0.4807,0.32,0.3117,0.2162,0.4121,0.3716,0.0,0.2245,-0.0,1.2277,1.052,0.0,2.294,0.0,9.995764061750087e-05,130.4,0.51
1659,1790887882.9073315,-0.4576,0.0437,-0.6262,-0.2185,0.4236,0.3564,0.3137,0.3285,0.2926,0.2123,0.4139,0.3739,0.0,0.2713,-0.0,1.4615,1.048,0.0,2.275,0.0,9.995764061750087e-05,156.5,0.53
1660,1790887883.5295908,-0.4868,0.09,-0.8449,-0.2107,0.2749,0.4495,0.3525,0.2609,0.2576,0.2009,0.4251,0.374,0.0,0.1846,-0.0,1.0271,1.043,0.0,2.279,0.0,9.995764061750087e-05,169.0,0.62
1661,1790887884.0488822,-0.5741,0.0689,-0.8219,-0.3125,0.4203,0.3891,0.5003,0.439,0.3724,0.2181,0.4066,0.3752,0.0,0.3072,-0.0,1.6412,1.053,0.0,2.304,0.0,9.995764061750087e-05,102.0,0.51
1662,1790887884.5897317,-0.4583,0.063,-0.76,-0.1924,0.3367,0.3119,0.3031,0.392,0.2782,0.2155,0.4172,0.3672,0.0,0.2177,-0.0,1.1939,1.052,0.0,2.309,0.0,9.995764061750087e-05,120.7,0.53
1663,1790887885.1738393,-0.3816,0.0379,-0.7188,-0.1285,0.3654,0.3049,0.2382,0.2815,0.2332,0.2074,0.4178,0.3748,0.0,0.241,-0.0,1.3096,1.047,0.0,2.306,0.0,9.995764061750087e-05,130.1,0.58
1664,1790887885.748044,-0.534,0.1289,-0.9025,-0.2849,0.4733,0.3592,0.2896,0.567,0.2896,0.1981,0.4201,0.3818,0.0,0.3095,-0.0,1.6517,1.04,0.0,2.295,0.31,9.995614150494293e-05,189.1,0.56
1665,1790887886.2330077,-0.5174,0.0647,-0.7611,-0.1657,0.4233,0.4306,0.3463,0.4116,0.3353,0.2165,0.4019,0.3816,0.0,0.3298,-0.0,1.7541,1.053,0.0,2.309,0.0,9.995614150494293e-05,108.0,0.48
1666,1790887886.7475195,-0.5175,0.0615,-0.93,-0.2806,0.2533,0.3431,0.4425,0.373,0.3262,0.2202,0.4085,0.3713,0.0,0.1687,-0.0,0.949,1.055,0.0,2.305,0.0,9.995614150494293e-05,133.8,0.5
1667,1790887887.2626579,-0.5755,0.0668,-0.7113,-0.3088,0.3767,0.4955,0.4525,0.3798,0.3671,0.2145,0.4122,0.3733,0.0,0.2452,-0.0,1.331,1.051,0.0,2.289,0.0,9.995614150494293e-05,153.0,0.51
1668,1790887887.864528,-0.4735,0.0539,-0.7941,-0.1898,0.3138,0.3307,0.355,0.3658,0.2906,0.1991,0.4248,0.3761,0.0,0.1946,-0.0,1.077,1.041,0.0,2.301,0.0,9.995614150494293e-05,172.8,0.59
1669,1790887888.4111464,-0.6197,0.0439,-0.7864,-0.3333,0.3722,0.474,0.4762,0.4895,0.4331,0.2215,0.4054,0.3732,0.0,0.2762,-0.0,1.4866,1.056,0.0,2.288,0.0,9.995614150494293e-05,93.0,0.54
1670,1790887888.9582367,-0.5011,0.0667,-0.7526,-0.202,0.3484,0.3437,0.3659,0.4111,0.3093,0.2197,0.4047,0.3755,0.0,0.2337,0.0,1.274,1.056,0.0,2.29,0.0,9.995614150494293e-05,123.5,0.54
1671,1790887889.5333755,-0.4135,0.0596,-0.6173,-0.2548,0.2913,0.3709,0.2513,0.2871,0.2451,0.2181,0.4127,0.3692,0.0,0.1892,-0.0,1.0511,1.052,0.0,2.289,0.0,9.995614150494293e-05,139.3,0.57
1672,1790887890.224203,-0.4036,0.0428,-0.6299,-0.1081,0.471,0.2572,0.2784,0.3256,0.2423,0.1909,0.4251,0.384,0.0,0.318,-0.0,1.6937,1.035,0.0,2.309,0.273,9.995461633624376e-05,156.3,0.68
1673,1790887890.752453,-0.4764,0.0534,-0.7915,-0.2311,0.4404,0.3716,0.3263,0.3621,0.2988,0.2176,0.4022,0.3802,0.0,0.3072,-0.0,1.6413,1.054,0.0,2.299,0.0,9.995461633624376e-05,102.1,0.52
1674,1790887891.302331,-0.4735,0.0564,-0.6783,-0.2329,0.4761,0.3624,0.2937,0.3865,0.2825,0.2149,0.4025,0.3826,0.0,0.3254,-0.0,1.7323,1.052,0.0,2.267,0.0,9.995461633624376e-05,123.4,0.54
1675,1790887891.8693476,-0.5051,0.0574,-0.7078,-0.1941,0.4317,0.3559,0.4362,0.3326,0.3203,0.2118,0.4136,0.3746,0.0,0.2884,-0.0,1.5471,1.049,0.0,2.246,0.0,9.995461633624376e-05,144.6,0.56
1676,1790887894.8761857,-0.465,0.0892,-0.8729,-0.0625,0.2542,0.3326,0.2613,0.4441,0.2573,0.1867,0.4362,0.3771,0.0,0.1673,-0.0,0.9398,1.032,0.0,2.3,0.0,9.995461633624376e-05,118.2,0.87
1677,1790887895.3777003,-0.5106,0.0585,-0.8342,-0.2366,0.3218,0.3678,0.3979,0.3687,0.3222,0.2188,0.4043,0.377,0.0,0.2292,-0.0,1.2517,1.055,0.0,2.286,0.0,9.995461633624376e-05,106.3,0.49
1678,1790887895.9022143,-0.4128,0.0521,-0.6495,-0.1531,0.3931,0.2661,0.2952,0.3336,0.2427,0.2137,0.408,0.3783,0.0,0.2685,0.0,1.4477,1.051,0.0,2.303,0.0,9.995461633624376e-05,135.2,0.52
1679,1790887896.4206338,-0.4939,0.0488,-0.88,-0.2385,0.284,0.3409,0.3469,0.4023,0.3104,0.214,0.4131,0.3729,0.0,0.1806,-0.0,1.0081,1.051,0.0,2.304,0.0,9.995461633624376e-05,162.1,0.51
1680,1790887896.9974005,-0.4086,0.0525,-0.6011,-0.1886,0.3519,0.2945,0.3341,0.2577,0.2456,0.1963,0.4257,0.378,0.0,0.2179,-0.0,1.1936,1.04,0.0,2.277,0.262,9.995306511219885e-05,178.2,0.57
1681,1790887897.551307,-0.423,0.0615,-0.7633,-0.1195,0.3607,0.3702,0.2622,0.3131,0.2551,0.2114,0.4116,0.377,0.0,0.2504,-0.0,1.3568,1.05,0.0,2.299,0.0,9.995306511219885e-05,92.5,0.54
1682,1790887898.1070724,-0.408,0.0591,-0.6342,-0.1346,0.3481,0.2245,0.2948,0.353,0.2245,0.2154,0.4143,0.3703,0.0,0.2319,-0.0,1.2645,1.05,0.0,2.292,0.0,9.995306511219885e-05,127.2,0.55
1683,1790887898.6670756,-0.4406,0.0517,-0.6886,-0.2263,0.3346,0.2715,0.3769,0.3233,0.2697,0.2094,0.4123,0.3783,0.0,0.2252,-0.0,1.2309,1.049,0.0,2.292,0.0,9.995306511219885e-05,145.7,0.55
1684,1790887899.268781,-0.4581,0.0458,-0.7851,-0.2539,0.2921,0.3001,0.3601,0.3265,0.2819,0.2089,0.4217,0.3694,0.0,0.1824,-0.0,1.0166,1.046,0.0,2.302,0.0,9.995306511219885e-05,166.9,0.59
1685,1790887899.7915874,-0.5728,0.1422,-0.9769,-0.3524,0.3805,0.3059,0.6107,0.3994,0.3059,0.2133,0.4111,0.3756,0.0,0.257,-0.0,1.39,1.05,0.0,2.248,0.0,9.995306511219885e-05,117.3,0.52
1686,1790887900.2518482,-0.461,0.0471,-0.7179,-0.1526,0.3449,0.3699,0.3394,0.3069,0.294,0.2167,0.4066,0.3767,0.0,0.2221,-0.0,1.2159,1.055,0.0,2.286,0.0,9.995306511219885e-05,152.9,0.45
1687,1790887900.8279004,-0.4791,0.0614,-0.8038,-0.2199,0.3489,0.3921,0.2877,0.386,0.2877,0.2238,0.4044,0.3718,0.0,0.2225,0.0,1.2183,1.057,0.0,2.304,0.0,9.995306511219885e-05,132.7,0.57
1688,1790887901.4157739,-0.5037,0.0729,-0.7886,-0.1283,0.4865,0.4058,0.4311,0.2932,0.2915,0.2004,0.4202,0.3794,0.0,0.3242,-0.0,1.7251,1.041,0.0,2.209,0.281,9.995148783361727e-05,165.6,0.58
1689,1790887901.959936,-0.5991,0.0667,-0.8914,-0.3581,0.5156,0.4785,0.5155,0.4044,0.3917,0.2158,0.4044,0.3799,0.0,0.4073,-0.0,2.1417,1.05,0.0,2.286,0.0,9.995148783361727e-05,91.0,0.54
1690,1790887902.5473,-0.5261,0.1079,-0.8225,-0.1153,0.3617,0.3821,0.5106,0.2931,0.2831,0.2193,0.404,0.3767,0.0,0.2527,-0.0,1.3689,1.055,0.0,2.308,0.0,9.995148783361727e-05,108.1,0.58
1691,1790887903.1132772,-0.4332,0.0632,-0.7289,-0.207,0.2292,0.3648,0.3243,0.2509,0.2509,0.1999,0.4246,0.3755,0.0,0.137,-0.0,0.7893,1.044,0.0,2.304,0.0,9.995148783361727e-05,145.6,0.56
1692,1790887903.7289011,-0.4929,0.1683,-0.8976,-0.2315,0.3294,0.3005,0.5777,0.2256,0.2227,0.1939,0.4274,0.3787,0.0,0.2271,-0.0,1.2394,1.038,0.0,2.114,0.0,9.995148783361727e-05,177.0,0.61
1693,1790887904.2822347,-0.5136,0.0736,-0.7879,-0.34,0.3568,0.474,0.3264,0.355,0.3186,0.2194,0.4055,0.3752,0.0,0.2663,-0.0,1.4371,1.057,0.0,2.302,0.0,9.995148783361727e-05,100.3,0.55
1694,1790887904.794184,-0.5061,0.0444,-0.8868,-0.2745,0.3836,0.3512,0.402,0.3866,0.3349,0.2123,0.4101,0.3776,0.0,0.2396,-0.0,1.303,1.051,0.0,2.302,0.0,9.995148783361727e-05,134.6,0.5
1695,1790887905.349785,-0.4235,0.0551,-0.5897,-0.2759,0.4057,0.2832,0.3549,0.2761,0.2521,0.2186,0.4036,0.3778,0.0,0.278,-0.0,1.4956,1.054,0.0,2.309,0.0,9.995148783361727e-05,146.2,0.55
1696,1790887906.0033443,-0.4424,0.1048,-0.9,-0.1136,0.245,0.4355,0.2573,0.2768,0.2331,0.199,0.4307,0.3703,0.0,0.1538,-0.0,0.8733,1.041,0.0,2.308,0.875,9.994988450132173e-05,170.8,0.65
1697,1790887906.5482576,-0.6487,0.0452,-0.8549,-0.4392,0.4204,0.4869,0.5072,0.5438,0.4638,0.2122,0.4076,0.3802,0.0,-0.1834,-0.4967,1.6715,1.051,0.0,7.115,0.0,9.994988450132173e-05,99.2,0.54
1698,1790887907.1198344,-0.3805,0.0562,-0.5849,-0.1451,0.2511,0.3039,0.291,0.2354,0.2225,0.2046,0.4217,0.3737,0.0,0.1836,-0.0,1.0224,1.047,0.0,2.3,0.0,9.994988450132173e-05,129.2,0.56
1699,1790887907.7054327,-0.4512,0.0438,-0.6796,-0.2545,0.2984,0.3093,0.3121,0.3542,0.2837,0.2058,0.4203,0.3739,0.0,0.1874,-0.0,1.0417,1.046,0.0,2.232,0.0,9.994988450132173e-05,156.8,0.58
1700,1790887908.295219,-0.5038,0.0439,-0.6875,-0.2132,0.2571,0.3567,0.4132,0.3436,0.3273,0.1937,0.4294,0.3769,0.0,0.1585,-0.0,0.8963,1.038,0.0,2.309,0.0,9.994988450132173e-05,181.3,0.58
1701,1790887911.3233922,-0.5843,0.0883,-0.9093,-0.2867,0.5807,0.5522,0.397,0.3954,0.3552,0.215,0.3968,0.3882,0.0,0.453,-0.0,2.3701,1.051,0.0,2.277,0.0,9.994988450132173e-05,71.5,0.69
1702,1790887911.9505203,-0.4401,0.0596,-0.8211,-0.0613,0.3167,0.288,0.3805,0.2911,0.266,0.2081,0.4136,0.3783,0.0,0.2083,-0.0,1.1463,1.048,0.0,2.297,0.0,9.994988450132173e-05,104.8,0.62
1703,1790887912.4966109,-0.4825,0.0597,-0.7427,-0.2356,0.3141,0.3328,0.3044,0.4157,0.294,0.2059,0.4185,0.3755,0.0,0.2021,-0.0,1.1151,1.047,0.0,2.277,0.0,9.994988450132173e-05,143.0,0.54
1704,1790887913.0715122,-0.4533,0.0457,-0.7133,-0.1883,0.4164,0.3631,0.2942,0.3207,0.2821,0.2051,0.4136,0.3813,0.0,0.2799,-0.0,1.504,1.045,0.0,2.282,0.135,9.994825511614847e-05,187.2,0.57
1705,1790887913.5943513,-0.5685,0.0595,-0.9044,-0.297,0.3891,0.4407,0.4075,0.4603,0.3695,0.2168,0.4026,0.3806,0.0,0.2756,-0.0,1.4834,1.054,0.0,2.303,0.0,9.994825511614847e-05,108.2,0.51
1706,1790887914.1045432,-0.5475,0.0526,-0.7958,-0.3717,0.4579,0.4001,0.3701,0.4672,0.3619,0.2101,0.4128,0.3771,0.0,0.3067,-0.0,1.638,1.047,0.0,2.303,0.0,9.994825511614847e-05,134.7,0.5
1707,1790887914.6323383,-0.479,0.0772,-0.7625,-0.2423,0.282,0.4238,0.276,0.3568,0.27,0.2145,0.4119,0.3735,0.0,0.1918,-0.0,1.0643,1.051,0.0,2.292,0.0,9.994825511614847e-05,157.3,0.52
1708,1790887915.2365901,-0.4741,0.0608,-0.76,-0.2355,0.2878,0.3719,0.3025,0.3905,0.2875,0.201,0.4229,0.3761,0.0,0.1796,-0.0,1.0023,1.043,0.0,2.307,0.0,9.994825511614847e-05,171.5,0.6
1709,1790887915.7995248,-0.5495,0.0968,-0.8205,-0.2572,0.3921,0.4004,0.5348,0.3317,0.3267,0.2221,0.3964,0.3815,0.0,0.2802,-0.0,1.5068,1.057,0.0,2.245,0.0,9.994825511614847e-05,92.0,0.56
1710,1790887916.326566,-0.4805,0.0377,-0.6683,-0.2447,0.3691,0.3615,0.3608,0.3529,0.3208,0.2102,0.4147,0.3751,0.0,0.2721,-0.0,1.4654,1.05,0.0,2.309,0.0,9.994825511614847e-05,131.8,0.52
1711,1790887916.886656,-0.4695,0.0528,-0.6565,-0.2169,0.3036,0.3042,0.3772,0.3587,0.2959,0.2072,0.4178,0.375,0.0,0.1931,-0.0,1.0702,1.047,0.0,2.282,0.0,9.994825511614847e-05,149.5,0.55
1712,1790887917.542915,-0.3699,0.0424,-0.6132,-0.2027,0.2532,0.232,0.288,0.2565,0.2201,0.1859,0.4367,0.3773,0.0,0.163,-0.0,0.9183,1.031,0.0,2.309,0.322,9.994659967894738e-05,147.7,0.65
1713,1790887918.100626,-0.4315,0.0709,-0.7611,-0.141,0.3555,0.3821,0.2437,0.3264,0.2437,0.2067,0.414,0.3794,0.0,0.267,-0.0,1.4397,1.047,0.0,2.295,0.0,9.994659967894738e-05,109.7,0.55
1714,1790887918.6505857,-0.4406,0.0719,-0.7457,-0.2282,0.4102,0.315,0.3851,0.2658,0.2451,0.2054,0.4095,0.3851,0.0,0.2681,-0.0,1.4452,1.046,0.0,2.268,0.0,9.994659967894738e-05,128.9,0.54
1715,1790887919.2044885,-0.3787,0.0309,-0.5892,-0.1581,0.321,0.2568,0.2693,0.249,0.2314,0.2054,0.4171,0.3775,0.0,0.2022,-0.0,1.1157,1.046,0.0,2.309,0.0,9.994659967894738e-05,155.6,0.54
1716,1790887919.7807415,-0.5003,0.0862,-0.7977,-0.2625,0.3368,0.2679,0.4235,0.4217,0.2679,0.1952,0.4252,0.3796,0.0,0.2199,-0.0,1.2033,1.039,0.0,2.198,0.0,9.994659967894738e-05,196.0,0.57
1717,1790887920.2839046,-0.5233,0.0827,-0.7991,-0.227,0.3094,0.3846,0.3269,0.4759,0.3067,0.2044,0.4179,0.3777,0.0,0.2019,0.0,1.1143,1.046,0.0,2.3,0.0,9.994659967894738e-05,119.0,0.49
1718,1790887920.8454583,-0.4179,0.0433,-0.6525,-0.0906,0.3334,0.3442,0.2795,0.2883,0.2598,0.2087,0.414,0.3773,0.0,0.2061,-0.0,1.1352,1.049,0.0,2.309,0.0,9.994659967894738e-05,133.2,0.55
1719,1790887921.3872476,-0.3698,0.0412,-0.6284,-0.1463,0.3238,0.2687,0.2445,0.2646,0.2254,0.202,0.4178,0.3802,0.0,0.211,-0.0,1.1594,1.046,0.0,2.304,0.0,9.994659967894738e-05,156.4,0.53
1720,1790887921.9576056,-0.3761,0.0304,-0.55,-0.1484,0.2759,0.2576,0.2731,0.2578,0.2323,0.2085,0.4183,0.3732,0.0,0.1663,-0.0,0.9361,1.048,0.0,2.306,0.123,9.994491819058185e-05,186.1,0.56
1721,1790887922.5064657,-0.5735,0.0902,-0.9431,-0.2341,0.3679,0.5497,0.3593,0.4211,0.3593,0.2145,0.4011,0.3844,0.0,0.2778,-0.0,1.4944,1.054,0.0,2.298,0.0,9.994491819058185e-05,94.4,0.54
1722,1790887923.047657,-0.4796,0.0606,-0.7179,-0.212,0.4207,0.296,0.3948,0.3656,0.292,0.2162,0.3997,0.3841,0.0,0.296,-0.0,1.5852,1.053,0.0,2.307,0.0,9.994491819058185e-05,130.6,0.53
1723,1790887923.633893,-0.4761,0.0425,-0.7397,-0.2048,0.3168,0.3586,0.3501,0.3334,0.3038,0.2092,0.416,0.3748,0.0,0.204,-0.0,1.1251,1.049,0.0,2.309,0.0,9.994491819058185e-05,149.8,0.58
1724,1790887924.1985877,-0.4402,0.0474,-0.6833,-0.2008,0.3539,0.2861,0.3563,0.31,0.2689,0.1978,0.4233,0.3789,0.0,0.2344,-0.0,1.2763,1.041,0.0,2.293,0.0,9.994491819058185e-05,186.0,0.56
1725,1790887924.730695,-0.5014,0.102,-0.8158,-0.2262,0.4676,0.4896,0.3441,0.2946,0.2752,0.2162,0.3977,0.3862,0.0,0.3419,-0.0,1.8148,1.052,0.0,2.195,0.0,9.994491819058185e-05,105.5,0.52
1726,1790887927.6301804,-0.4032,0.0772,-0.7428,-0.1267,0.3438,0.2857,0.228,0.3589,0.2252,0.203,0.4122,0.3848,0.0,0.2215,-0.0,1.2123,1.046,0.0,2.164,0.0,9.994491819058185e-05,84.8,0.74
1727,1790887928.278064,-0.6022,0.0533,-1.1065,-0.2813,0.4039,0.5133,0.4151,0.4777,0.4058,0.2091,0.4124,0.3786,0.0,0.2764,-0.0,1.4868,1.048,0.0,2.291,0.0,9.994491819058185e-05,124.4,0.64
1728,1790887928.8616052,-0.4398,0.0564,-0.61,-0.2077,0.3043,0.3054,0.3635,0.2819,0.2604,0.1784,0.4396,0.3821,0.0,0.1806,-0.0,1.0058,1.025,0.0,2.309,0.393,9.994321065192894e-05,182.1,0.58
1729,1790887929.3802385,-0.5579,0.0401,-0.85,-0.3333,0.3844,0.434,0.3956,0.4447,0.3822,0.2174,0.3985,0.3841,0.0,0.3078,-0.0,1.6444,1.054,0.0,2.299,0.0,9.994321065192894e-05,102.5,0.51
1730,1790887929.9281495,-0.4689,0.0694,-0.914,-0.3031,0.3573,0.2865,0.3739,0.3674,0.2798,0.2148,0.406,0.3792,0.0,0.2365,-0.0,1.2879,1.051,0.0,2.309,0.0,9.994321065192894e-05,126.5,0.54
1731,1790887930.4428992,-0.4155,0.0399,-0.773,-0.1682,0.2534,0.2684,0.3214,0.3109,0.2581,0.2054,0.4163,0.3783,0.0,0.1541,-0.0,0.8752,1.047,0.0,2.309,0.0,9.994321065192894e-05,160.3,0.51
1732,1790887931.0381823,-0.4984,0.0481,-0.8753,-0.2055,0.2704,0.3815,0.3578,0.3936,0.329,0.1832,0.4372,0.3797,0.0,0.1782,-0.0,0.9941,1.03,0.0,2.299,0.0,9.994321065192894e-05,180.2,0.59
1733,1790887931.5822349,-0.5248,0.0621,-0.8936,-0.2991,0.362,0.4539,0.3711,0.3635,0.3377,0.2081,0.4091,0.3827,0.0,0.2607,-0.0,1.4084,1.049,0.0,2.26,0.0,9.994321065192894e-05,97.2,0.54
1734,1790887932.156724,-0.5188,0.057,-0.7918,-0.1497,0.3544,0.3396,0.413,0.4173,0.3287,0.2097,0.4104,0.3798,0.0,0.2482,-0.0,1.3458,1.05,0.0,2.309,0.0,9.994321065192894e-05,129.0,0.54
1735,1790887932.7216213,-0.4863,0.0655,-0.8357,-0.2961,0.2609,0.308,0.3327,0.4396,0.2968,0.2022,0.4225,0.3754,0.0,0.1713,-0.0,0.9611,1.044,0.0,2.266,0.0,9.994321065192894e-05,167.2,0.56
1736,1790887933.291924,-0.4115,0.0516,-0.6543,-0.2182,0.3159,0.2713,0.2533,0.3478,0.2444,0.1871,0.4311,0.3818,0.0,0.2,-0.0,1.1035,1.033,0.0,2.224,0.613,9.994147706387928e-05,192.9,0.56
1737,1790887933.8132546,-0.4993,0.0506,-0.7077,-0.278,0.406,0.3971,0.3553,0.3779,0.3289,0.2151,0.4031,0.3818,0.0,0.2828,-0.0,1.5195,1.053,0.0,2.3,0.0,9.994147706387928e-05,99.2,0.51
1738,1790887934.3073564,-0.4943,0.0677,-0.8295,-0.2244,0.3335,0.3206,0.3376,0.4419,0.3023,0.2055,0.4151,0.3794,0.0,0.224,-0.0,1.2247,1.047,0.0,2.257,0.0,9.994147706387928e-05,131.9,0.49
1739,1790887934.825339,-0.442,0.0466,-0.6906,-0.1472,0.2747,0.3261,0.3429,0.3089,0.2781,0.2022,0.4218,0.3759,0.0,0.1773,-0.0,0.9906,1.043,0.0,2.255,0.0,9.994147706387928e-05,166.0,0.51
1740,1790887935.3993843,-0.4822,0.0505,-0.7207,-0.2381,0.3885,0.3211,0.3499,0.3936,0.3077,0.1927,0.4208,0.3866,0.0,0.2419,-0.0,1.3132,1.037,0.0,2.304,0.0,9.994147706387928e-05,187.1,0.56
1741,1790887935.9803329,-0.4349,0.0512,-0.6681,-0.2182,0.4579,0.3378,0.3065,0.3114,0.2689,0.2072,0.4109,0.3819,0.0,0.3252,-0.0,1.7306,1.047,0.0,2.271,0.0,9.994147706387928e-05,93.4,0.57
1742,1790887936.51728,-0.4823,0.06,-0.7891,-0.2471,0.3818,0.4266,0.3528,0.2972,0.2943,0.2085,0.4116,0.3799,0.0,0.2632,-0.0,1.4208,1.046,0.0,2.307,0.0,9.994147706387928e-05,128.0,0.53
1743,1790887937.0732427,-0.4514,0.0783,-0.8354,-0.2192,0.2715,0.3755,0.2528,0.3563,0.2485,0.218,0.4072,0.3749,0.0,0.1807,-0.0,1.0089,1.055,0.0,2.307,0.0,9.994147706387928e-05,132.8,0.55
1744,1790887937.692452,-0.3327,0.0536,-0.529,-0.0966,0.227,0.1791,0.2341,0.2609,0.1677,0.1855,0.4327,0.3818,0.0,0.1431,-0.0,0.8186,1.031,0.0,2.291,0.386,9.993971742733705e-05,173.2,0.61
1745,1790887938.2122486,-0.4605,0.0875,-0.6949,-0.2118,0.3038,0.3847,0.3693,0.2652,0.2455,0.2082,0.4044,0.3873,0.0,0.206,-0.0,1.135,1.049,0.0,2.306,0.0,9.993971742733705e-05,99.1,0.51
1746,1790887938.7263,-0.5491,0.0585,-0.7453,-0.2867,0.4614,0.371,0.4007,0.4695,0.3556,0.2114,0.4052,0.3834,0.0,0.3077,-0.0,1.6434,1.05,0.0,2.308,0.0,9.993971742733705e-05,126.4,0.51
1747,1790887939.2923477,-0.4544,0.1396,-0.7654,-0.1279,0.433,0.2386,0.2652,0.5029,0.2207,0.2085,0.4075,0.384,0.0,0.2866,-0.0,1.5379,1.048,0.0,2.19,0.0,9.993971742733705e-05,142.3,0.56
1748,1790887939.9123259,-0.4811,0.0547,-0.8357,-0.2691,0.3083,0.2865,0.386,0.3724,0.2865,0.1938,0.4274,0.3788,0.0,0.1928,-0.0,1.0677,1.037,0.0,2.305,0.0,9.993971742733705e-05,168.4,0.61
1749,1790887940.3764045,-0.5562,0.0825,-0.7971,-0.24,0.4308,0.4308,0.3438,0.4985,0.339,0.2132,0.4046,0.3821,0.0,0.3128,-0.0,1.6691,1.05,0.0,2.309,0.0,9.993971742733705e-05,110.6,0.46
1750,1790887940.9256244,-0.5346,0.181,-0.9326,-0.1716,0.3001,0.3103,0.6397,0.2832,0.2665,0.2087,0.4161,0.3752,0.0,0.1932,-0.0,1.0707,1.047,0.0,2.04,0.0,9.993971742733705e-05,127.7,0.54
1751,1790887943.993207,-0.4381,0.044,-0.6147,-0.2995,0.3547,0.2894,0.2963,0.358,0.2739,0.2057,0.41,0.3843,0.0,0.2323,-0.0,1.2662,1.047,0.0,2.309,0.0,9.993971742733705e-05,102.3,0.8
1752,1790887944.6063662,-0.4112,0.0385,-0.62,-0.2729,0.3049,0.2688,0.3251,0.2889,0.2513,0.1894,0.4298,0.3808,0.0,0.2048,-0.0,1.1274,1.035,0.0,2.308,0.755,9.993793174322007e-05,185.4,0.61
1753,1790887945.1491535,-0.4525,0.0714,-0.7906,-0.2293,0.3393,0.3005,0.3125,0.3932,0.2705,0.2048,0.4146,0.3806,0.0,0.2485,-0.0,1.347,1.046,0.0,2.306,0.0,9.993793174322007e-05,99.2,0.54
1754,1790887945.718806,-0.5236,0.0462,-0.7952,-0.2613,0.3506,0.3878,0.4175,0.3666,0.3419,0.2122,0.4132,0.3746,0.0,0.2463,-0.0,1.3363,1.05,0.0,2.305,0.0,9.993793174322007e-05,120.5,0.56
1755,1790887946.279447,-0.3945,0.0519,-0.5728,-0.2333,0.2353,0.2742,0.3165,0.2524,0.2345,0.2029,0.4207,0.3765,0.0,0.1514,-0.0,0.8618,1.046,0.0,2.309,0.0,9.993793174322007e-05,143.1,0.55
1756,1790887946.8737266,-0.4681,0.0436,-0.777,-0.2528,0.2892,0.34,0.3175,0.3531,0.2936,0.1952,0.4264,0.3784,0.0,0.2096,-0.0,1.1521,1.04,0.0,2.282,0.0,9.993793174322007e-05,172.6,0.59
1757,1790887947.4258106,-0.4563,0.0502,-0.7192,-0.2528,0.3721,0.384,0.336,0.2942,0.2897,0.2105,0.4089,0.3806,0.0,-0.2466,-0.4967,1.3557,1.05,0.0,7.115,0.0,9.993793174322007e-05,92.5,0.54
1758,1790887947.9616954,-0.5108,0.0466,-0.7611,-0.3043,0.3492,0.4202,0.3601,0.3912,0.3461,0.2116,0.4082,0.3803,0.0,0.2392,-0.0,1.3012,1.05,0.0,2.306,0.0,9.993793174322007e-05,118.7,0.53
1759,1790887948.5334413,-0.5246,0.0696,-0.8056,-0.2701,0.3953,0.3321,0.3802,0.4617,0.3279,0.2089,0.4121,0.3791,0.0,0.2707,-0.0,1.4581,1.047,0.0,2.305,0.0,9.993793174322007e-05,132.1,0.56
1760,1790887949.1581588,-0.4979,0.0393,-0.6585,-0.2097,0.4887,0.3736,0.3657,0.3564,0.325,0.1803,0.4318,0.3879,0.0,0.337,-0.0,1.7878,1.028,0.0,2.295,0.104,9.99361200124597e-05,166.6,0.62
1761,1790887949.6728022,-0.4858,0.0593,-0.7214,-0.2229,0.341,0.3906,0.3803,0.2983,0.2904,0.2108,0.4092,0.38,0.0,0.2479,0.0,1.3447,1.051,0.0,2.304,0.0,9.99361200124597e-05,98.2,0.51
1762,1790887950.2430093,-0.4691,0.0489,-0.795,-0.1957,0.2758,0.3093,0.3834,0.3455,0.2979,0.2059,0.4207,0.3734,0.0,0.1918,-0.0,1.0636,1.047,0.0,2.309,0.0,9.99361200124597e-05,120.6,0.56
1763,1790887950.8191078,-0.5318,0.058,-0.8306,-0.314,0.3323,0.3552,0.4376,0.3963,0.3379,0.2064,0.4147,0.3789,0.0,0.2118,-0.0,1.1637,1.047,0.0,2.305,0.0,9.99361200124597e-05,140.0,0.57
1764,1790887951.3730304,-0.4245,0.0412,-0.6921,-0.1905,0.3064,0.3247,0.3191,0.2896,0.2689,0.1994,0.4243,0.3764,0.0,0.209,-0.0,1.1494,1.042,0.0,2.296,0.0,9.99361200124597e-05,183.9,0.55
1765,1790887951.9153674,-0.5299,0.0705,-1.15,-0.2715,0.3928,0.3567,0.3861,0.4863,0.3419,0.2136,0.4065,0.3799,0.0,0.1959,-0.0,1.0849,1.051,0.0,2.299,0.0,9.99361200124597e-05,84.9,0.53
1766,1790887952.4433358,-0.4236,0.059,-0.8184,-0.1647,0.3344,0.268,0.3651,0.2809,0.2455,0.2054,0.4175,0.3772,0.0,0.2103,-0.0,1.156,1.047,0.0,2.28,0.0,9.99361200124597e-05,135.8,0.52
1767,1790887953.0122013,-0.377,0.0331,-0.6051,-0.2081,0.2004,0.2627,0.2817,0.2542,0.2311,0.2028,0.4286,0.3686,0.0,0.1241,-0.0,0.725,1.045,0.0,2.309,0.0,9.99361200124597e-05,157.5,0.56
1768,1790887953.633327,-0.4482,0.0432,-0.6907,-0.2906,0.2658,0.3518,0.2893,0.3164,0.2807,0.1975,0.4306,0.3719,0.0,0.1591,-0.0,0.8995,1.039,0.0,2.283,0.374,9.99342822360009e-05,179.4,0.61
1769,1790887954.2094684,-0.5617,0.0668,-0.7597,-0.3137,0.3661,0.4568,0.3621,0.4707,0.3595,0.2094,0.412,0.3786,0.0,0.2687,-0.0,1.4483,1.049,0.0,2.304,0.0,9.99342822360009e-05,97.0,0.57
1770,1790887954.7501519,-0.4649,0.051,-0.6586,-0.15,0.3498,0.3421,0.3016,0.3847,0.2907,0.2045,0.4142,0.3813,0.0,0.2481,-0.0,1.3453,1.047,0.0,2.305,0.0,9.99342822360009e-05,126.0,0.53
1771,1790887955.344683,-0.4406,0.0452,-0.6412,-0.2236,0.2448,0.3179,0.3452,0.2953,0.2712,0.2051,0.4198,0.3751,0.0,0.1517,-0.0,0.8631,1.047,0.0,2.309,0.0,9.99342822360009e-05,142.5,0.58
1772,1790887955.9620607,-0.409,0.0565,-0.7275,-0.1732,0.254,0.3404,0.2353,0.292,0.2305,0.1851,0.4397,0.3752,0.0,0.1421,-0.0,0.8137,1.031,0.0,2.308,0.0,9.99342822360009e-05,177.7,0.61
1773,1790887956.5137682,-0.6264,0.0899,-0.9425,-0.3329,0.3785,0.5226,0.5689,0.3798,0.3798,0.2107,0.408,0.3813,0.0,0.2684,-0.0,1.4473,1.051,0.0,2.309,0.0,9.99342822360009e-05,89.4,0.54
1774,1790887957.0633707,-0.4768,0.0457,-0.6914,-0.2396,0.4189,0.3492,0.3207,0.3848,0.3006,0.2071,0.4129,0.38,0.0,0.3095,-0.0,1.6522,1.047,0.0,2.309,0.0,9.99342822360009e-05,121.5,0.54
1775,1790887957.6013665,-0.5171,0.0588,-0.7084,-0.3625,0.3789,0.4516,0.3754,0.3375,0.3264,0.2157,0.4058,0.3785,0.0,0.2561,-0.0,1.386,1.053,0.0,2.309,0.0,9.99342822360009e-05,134.4,0.53
1776,1790887960.6179857,-0.4387,0.1279,-0.8868,-0.1659,0.2357,0.2383,0.4795,0.2492,0.2244,0.1861,0.4372,0.3767,0.0,0.1415,-0.0,0.8109,1.032,0.0,2.214,0.337,9.993241841480223e-05,138.6,0.78
1777,1790887961.128342,-0.6147,0.0506,-0.9205,-0.2788,0.4836,0.47,0.4652,0.5027,0.4286,0.218,0.3956,0.3864,0.0,0.395,-0.0,2.0803,1.054,0.0,2.308,0.0,9.993241841480223e-05,97.5,0.5
1778,1790887961.6608646,-0.4865,0.1007,-0.8952,-0.2029,0.3171,0.3581,0.4664,0.2591,0.2591,0.2177,0.4101,0.3722,0.0,0.2038,-0.0,1.1242,1.054,0.0,2.306,0.0,9.993241841480223e-05,117.9,0.52
1779,1790887962.1954458,-0.5074,0.103,-0.8423,-0.2461,0.38,0.496,0.3349,0.302,0.281,0.2155,0.408,0.3765,0.0,0.2805,-0.0,1.5076,1.052,0.0,2.302,0.0,9.993241841480223e-05,140.9,0.53
1780,1790887962.7863772,-0.5184,0.0523,-0.8167,-0.2833,0.4368,0.3323,0.4364,0.4019,0.3266,0.1955,0.4247,0.3799,0.0,0.2975,-0.0,1.5913,1.038,0.0,2.309,0.0,9.993241841480223e-05,166.1,0.58
1781,1790887963.3249226,-0.5536,0.0685,-0.7303,-0.3614,0.3505,0.4506,0.4466,0.3644,0.358,0.2158,0.4053,0.3788,0.0,0.2378,-0.0,1.2943,1.054,0.0,2.307,0.0,9.993241841480223e-05,93.1,0.53
1782,1790887963.8901656,-0.4231,0.0692,-0.6794,-0.1696,0.2839,0.2762,0.3787,0.2542,0.2433,0.2126,0.4101,0.3773,0.0,0.2055,-0.0,1.1327,1.052,0.0,2.309,0.0,9.993241841480223e-05,112.8,0.56
1783,1790887964.4310057,-0.4262,0.0333,-0.6632,-0.1593,0.3284,0.2998,0.3047,0.3196,0.2745,0.207,0.4181,0.3749,0.0,0.2212,-0.0,1.2107,1.047,0.0,2.309,0.0,9.993241841480223e-05,141.9,0.53
1784,1790887964.9743922,-0.4116,0.0719,-0.7883,-0.1503,0.2879,0.24,0.2912,0.3747,0.2339,0.1968,0.4283,0.375,0.0,0.1907,-0.0,1.0574,1.04,0.0,2.275,0.472,9.993052854983582e-05,192.7,0.53
1785,1790887965.4824233,-0.5208,0.059,-0.7417,-0.3003,0.4459,0.4347,0.334,0.4031,0.3287,0.2112,0.4087,0.3801,0.0,0.3259,-0.0,1.7342,1.049,0.0,2.307,0.0,9.993052854983582e-05,106.5,0.5
1786,1790887966.0224853,-0.4597,0.0505,-0.6893,-0.2288,0.3291,0.2918,0.3538,0.3535,0.2803,0.2103,0.4126,0.3771,0.0,0.2253,-0.0,1.2316,1.049,0.0,2.309,0.0,9.993052854983582e-05,128.4,0.53
1787,1790887966.593191,-0.4945,0.0421,-0.7602,-0.3859,0.3326,0.3467,0.3933,0.3667,0.3299,0.2073,0.4193,0.3734,0.0,0.2204,0.0,1.2068,1.046,0.0,2.297,0.0,9.993052854983582e-05,144.0,0.56
1788,1790887967.1648653,-0.3813,0.0513,-0.596,-0.1907,0.2756,0.2336,0.3174,0.2277,0.211,0.1995,0.4256,0.3749,0.0,0.174,-0.0,0.9741,1.043,0.0,2.308,0.0,9.993052854983582e-05,187.5,0.56
1789,1790887967.7078478,-0.5397,0.0519,-0.7738,-0.3074,0.325,0.4196,0.3759,0.4318,0.3565,0.2129,0.4101,0.377,0.0,0.2217,-0.0,1.2137,1.053,0.0,2.305,0.0,9.993052854983582e-05,102.2,0.54
1790,1790887968.237687,-0.4348,0.0558,-0.7571,-0.1869,0.4149,0.3673,0.3041,0.298,0.2733,0.2143,0.406,0.3797,0.0,0.2887,-0.0,1.5485,1.051,0.0,2.305,0.0,9.993052854983582e-05,133.3,0.52
1791,1790887968.8290265,-0.4285,0.0462,-0.76,-0.1776,0.2734,0.3382,0.3133,0.2739,0.2634,0.2098,0.4183,0.3719,0.0,0.1726,-0.0,0.9682,1.05,0.0,2.309,0.0,9.993052854983582e-05,137.3,0.58
1792,1790887969.4368927,-0.4582,0.0672,-0.6881,-0.2443,0.3,0.3639,0.2634,0.3664,0.2617,0.1956,0.4282,0.3762,0.0,0.189,-0.0,1.0488,1.04,0.0,2.279,0.195,9.992861264208737e-05,170.2,0.6
1793,1790887969.9573348,-0.5196,0.0414,-0.7043,-0.3199,0.3314,0.391,0.3734,0.4184,0.3437,0.2105,0.4124,0.3771,0.0,0.227,-0.0,1.2398,1.05,0.0,2.309,0.0,9.992861264208737e-05,110.0,0.51
1794,1790887970.489196,-0.4767,0.0596,-0.7367,-0.2756,0.4025,0.3001,0.3496,0.4081,0.2903,0.2178,0.4054,0.3768,0.0,0.2648,-0.0,1.4295,1.053,0.0,2.309,0.0,9.992861264208737e-05,123.5,0.52
1795,1790887971.0242789,-0.5002,0.0481,-0.7063,-0.3358,0.2979,0.3413,0.3613,0.4106,0.3218,0.2068,0.4204,0.3727,0.0,0.1847,-0.0,1.0285,1.048,0.0,2.277,0.0,9.992861264208737e-05,150.4,0.53
1796,1790887971.668768,-0.4232,0.0581,-0.6682,-0.1682,0.2613,0.2514,0.2942,0.3441,0.2364,0.1858,0.4363,0.3778,0.0,0.169,-0.0,0.948,1.032,0.0,2.299,0.0,9.992861264208737e-05,185.5,0.64
1797,1790887972.196725,-0.5555,0.1155,-0.8108,-0.2506,0.3584,0.3469,0.5652,0.3543,0.3224,0.2184,0.4058,0.3758,0.0,0.2331,-0.0,1.2709,1.055,0.0,2.242,0.0,9.992861264208737e-05,98.3,0.52
1798,1790887972.7580144,-0.5188,0.0655,-0.8623,-0.3245,0.2992,0.3654,0.3391,0.4495,0.319,0.2072,0.4197,0.3731,0.0,0.1919,-0.0,1.0645,1.048,0.0,2.306,0.0,9.992861264208737e-05,122.1,0.55
1799,1790887973.3461947,-0.4373,0.0656,-0.6253,-0.2607,0.3646,0.3727,0.3104,0.2584,0.2497,0.2094,0.4102,0.3804,0.0,0.2411,-0.0,1.3102,1.049,0.0,2.309,0.0,9.992861264208737e-05,143.5,0.58
1800,1790887973.8744564,-0.4974,0.1016,-0.9741,-0.1744,0.3189,0.2696,0.3608,0.4828,0.2677,0.1921,0.4327,0.3753,0.0,0.1946,-0.0,1.0766,1.036,0.0,2.291,0.698,9.992667069255619e-05,224.4,0.52
1801,1790887976.6911535,-0.5243,0.0826,-0.8778,-0.2964,0.4203,0.4944,0.3317,0.3578,0.3161,0.2165,0.4041,0.3793,0.0,0.2959,-0.0,1.5852,1.055,0.0,2.253,0.0,9.992667069255619e-05,89.8,0.6
1802,1790887977.214586,-0.42,0.0722,-0.747,-0.1269,0.2087,0.3331,0.2408,0.3381,0.2355,0.2127,0.4135,0.3738,0.0,0.1241,-0.0,0.7257,1.053,0.0,2.28,0.0,9.992667069255619e-05,124.9,0.52
1803,1790887977.750718,-0.504,0.0383,-0.7796,-0.3143,0.5155,0.3446,0.366,0.4046,0.3317,0.2097,0.4067,0.3836,0.0,0.358,-0.0,1.8952,1.049,0.0,2.305,0.0,9.992667069255619e-05,145.3,0.53
1804,1790887978.3362758,-0.4258,0.0487,-0.8628,-0.1848,0.2617,0.3467,0.2692,0.2985,0.2529,0.2007,0.4237,0.3756,0.0,0.1637,-0.0,0.9229,1.044,0.0,2.309,0.0,9.992667069255619e-05,177.1,0.58
1805,1790887978.8393266,-0.4756,0.0519,-0.7182,-0.2587,0.5041,0.324,0.3827,0.345,0.2963,0.2093,0.4055,0.3853,0.0,0.3236,-0.0,1.723,1.048,0.0,2.303,0.0,9.992667069255619e-05,106.9,0.49
1806,1790887979.3848455,-0.4551,0.0467,-0.7183,-0.2393,0.3336,0.2982,0.3822,0.3159,0.2806,0.2089,0.4157,0.3754,0.0,0.1978,-0.0,1.0939,1.049,0.0,2.309,0.0,9.992667069255619e-05,129.8,0.54
1807,1790887979.965683,-0.5685,0.0687,-0.9192,-0.3615,0.4397,0.4522,0.4835,0.3632,0.361,0.2086,0.4133,0.3781,0.0,0.2817,0.0,1.5134,1.047,0.0,2.307,0.0,9.992667069255619e-05,143.7,0.57
1808,1790887980.5481787,-0.3378,0.0456,-0.7278,-0.1657,0.2492,0.2427,0.2014,0.2578,0.1926,0.1926,0.4315,0.3759,0.0,0.1497,-0.0,0.8523,1.038,0.0,2.309,0.205,9.992470270225518e-05,181.5,0.57
1809,1790887981.0403936,-0.5594,0.0575,-0.77,-0.2596,0.4967,0.4539,0.4211,0.4019,0.3683,0.214,0.4061,0.3799,0.0,0.3369,-0.0,1.7898,1.051,0.0,2.309,0.0,9.992470270225518e-05,112.1,0.48
1810,1790887981.606426,-0.4419,0.0653,-0.6088,-0.1584,0.4258,0.3122,0.3802,0.2674,0.2563,0.2133,0.4051,0.3816,0.0,0.3101,-0.0,1.6555,1.052,0.0,2.309,0.0,9.992470270225518e-05,119.5,0.56
1811,1790887982.1795707,-0.4729,0.066,-0.7816,-0.264,0.3458,0.3154,0.414,0.3044,0.2807,0.2151,0.4081,0.3768,0.0,0.2368,-0.0,1.2892,1.053,0.0,2.308,0.0,9.992470270225518e-05,139.8,0.56
1812,1790887982.757919,-0.4321,0.0681,-0.7609,-0.2288,0.3826,0.3736,0.2893,0.2571,0.2374,0.1986,0.4253,0.3762,0.0,0.2666,-0.0,1.4369,1.041,0.0,2.309,0.0,9.992470270225518e-05,184.7,0.57
1813,1790887983.2394147,-0.5086,0.0634,-0.7963,-0.1687,0.3331,0.3667,0.3345,0.4336,0.309,0.2102,0.4169,0.373,0.0,0.2264,-0.0,1.237,1.048,0.0,2.28,0.0,9.992470270225518e-05,109.3,0.47
1814,1790887983.8068137,-0.4378,0.0451,-0.5927,-0.1702,0.2697,0.3286,0.2762,0.3514,0.2695,0.2105,0.4166,0.3728,0.0,0.1673,-0.0,0.9416,1.05,0.0,2.305,0.0,9.992470270225518e-05,120.1,0.56
1815,1790887984.393422,-0.4242,0.0357,-0.6346,-0.1738,0.2459,0.3251,0.3067,0.2839,0.2706,0.2135,0.4153,0.3712,0.0,0.1484,-0.0,0.8473,1.052,0.0,2.29,0.0,9.992470270225518e-05,140.1,0.58
1816,1790887984.9956286,-0.4187,0.0439,-0.6775,-0.2155,0.3843,0.2636,0.2864,0.3361,0.2525,0.1933,0.4312,0.3755,0.0,0.2532,-0.0,1.3696,1.037,0.0,2.306,0.3,9.992270867221078e-05,161.2,0.59
1817,1790887985.5261667,-0.59,0.0794,-0.8821,-0.25,0.4017,0.5327,0.439,0.4041,0.3839,0.2114,0.4114,0.3772,0.0,0.3353,-0.0,1.7815,1.051,0.0,2.309,0.0,9.992270867221078e-05,101.9,0.52
1818,1790887986.0398104,-0.5189,0.064,-0.9446,-0.2204,0.4108,0.3533,0.3352,0.4456,0.3161,0.2174,0.4049,0.3776,0.0,0.2656,-0.0,1.4335,1.053,0.0,2.309,0.0,9.992270867221078e-05,134.5,0.51
1819,1790887986.558068,-0.5158,0.0774,-0.79,-0.1833,0.4527,0.3485,0.3345,0.4612,0.2989,0.2118,0.4052,0.383,0.0,0.3271,-0.0,1.7404,1.05,0.0,2.276,0.0,9.992270867221078e-05,149.8,0.51
1820,1790887987.1018703,-0.4584,0.0933,-0.7247,-0.2449,0.2698,0.4434,0.2396,0.3129,0.2396,0.2021,0.426,0.3719,0.0,0.1617,-0.0,0.9129,1.044,0.0,2.283,0.0,9.992270867221078e-05,192.6,0.54
1821,1790887987.6220918,-0.5797,0.0789,-0.8457,-0.2595,0.4091,0.3895,0.4179,0.5291,0.3694,0.2204,0.4017,0.3779,0.0,0.2844,-0.0,1.5277,1.055,0.0,2.293,0.0,9.992270867221078e-05,106.5,0.51
1822,1790887988.1530478,-0.459,0.0625,-0.7172,-0.2542,0.337,0.3679,0.3086,0.3202,0.2741,0.208,0.4161,0.3759,0.0,0.2298,0.0,1.2538,1.049,0.0,2.298,0.0,9.992270867221078e-05,126.0,0.52
1823,1790887988.7334144,-0.4393,0.0507,-0.6717,-0.275,0.2369,0.3351,0.3126,0.3006,0.2732,0.2107,0.4211,0.3682,0.0,0.1542,-0.0,0.876,1.05,0.0,2.262,0.0,9.992270867221078e-05,153.0,0.57
1824,1790887989.383326,-0.3727,0.0365,-0.5607,-0.2186,0.3052,0.2512,0.269,0.255,0.2199,0.189,0.4353,0.3756,0.0,0.1905,-0.0,1.0559,1.034,0.0,2.25,0.568,9.992068860346306e-05,168.2,0.64
1825,1790887989.9301379,-0.5571,0.114,-0.95,-0.1917,0.388,0.4074,0.3053,0.5384,0.2998,0.209,0.4151,0.3758,0.0,0.2989,-0.0,1.5994,1.048,0.0,2.288,0.0,9.992068860346306e-05,95.1,0.54
1826,1790887992.993856,-0.4979,0.0779,-0.7693,-0.2133,0.3082,0.4422,0.3765,0.2878,0.2878,0.2078,0.4163,0.3759,0.0,0.191,-0.0,1.06,1.05,0.0,2.28,0.0,9.992068860346306e-05,108.4,0.65
1827,1790887993.5236108,-0.4634,0.0633,-0.7908,-0.2018,0.3061,0.3912,0.3,0.3166,0.2684,0.2122,0.4176,0.3702,0.0,0.1956,-0.0,1.0828,1.05,0.0,2.294,0.0,9.992068860346306e-05,165.7,0.52
1828,1790887994.0745456,-0.3958,0.0539,-0.65,-0.1968,0.261,0.2317,0.3292,0.268,0.2236,0.2049,0.4256,0.3695,0.0,0.1786,0.0,0.9974,1.046,0.0,2.307,0.0,9.992068860346306e-05,192.6,0.54
1829,1790887994.63127,-0.6345,0.0447,-0.9147,-0.4024,0.4161,0.4811,0.5293,0.4835,0.4464,0.2213,0.4005,0.3781,0.0,0.3165,-0.0,1.6882,1.055,0.0,2.295,0.0,9.992068860346306e-05,85.4,0.55
1830,1790887995.1954417,-0.4317,0.0726,-0.7816,-0.1495,0.4054,0.2755,0.3122,0.3611,0.2557,0.2084,0.418,0.3736,0.0,0.2825,-0.0,1.5172,1.047,0.0,2.303,0.0,9.992068860346306e-05,115.6,0.56
1831,1790887995.763282,-0.4539,0.0654,-0.6708,-0.2114,0.4965,0.276,0.3749,0.3441,0.2733,0.2063,0.4122,0.3815,0.0,0.3516,-0.0,1.8626,1.045,0.0,2.275,0.0,9.992068860346306e-05,150.8,0.56
1832,1790887996.302283,-0.5101,0.0997,-0.9294,-0.1879,0.3134,0.2663,0.4101,0.4556,0.2663,0.1999,0.4235,0.3766,0.0,0.1989,-0.0,1.0986,1.043,0.0,2.295,0.35,9.991864249706564e-05,217.1,0.53
1833,1790887996.8527842,-0.4748,0.0748,-0.7186,-0.1583,0.3446,0.3239,0.3123,0.4265,0.2776,0.2068,0.4185,0.3747,0.0,0.2342,-0.0,1.2757,1.047,0.0,2.298,0.0,9.991864249706564e-05,97.7,0.54
1834,1790887997.427576,-0.4957,0.0454,-0.8274,-0.2674,0.3942,0.3817,0.3333,0.4162,0.3301,0.2084,0.4159,0.3757,0.0,0.2786,-0.0,1.4981,1.049,0.0,2.243,0.0,9.991864249706564e-05,121.0,0.56
1835,1790887998.0553417,-0.4695,0.0714,-0.8687,-0.1711,0.4087,0.3303,0.2906,0.4083,0.2739,0.2103,0.4178,0.3719,0.0,0.2681,-0.0,1.4453,1.047,0.0,2.281,0.0,9.991864249706564e-05,135.0,0.62
1836,1790887998.6844227,-0.4138,0.0424,-0.7265,-0.1238,0.2867,0.325,0.2726,0.2935,0.2611,0.1998,0.4323,0.3678,0.0,0.1753,-0.0,0.9807,1.042,0.0,2.307,0.0,9.991864249706564e-05,170.6,0.62
1837,1790887999.2379725,-0.5625,0.0618,-0.8085,-0.3187,0.3709,0.4207,0.4072,0.4461,0.365,0.2164,0.4039,0.3798,0.0,0.2617,-0.0,1.414,1.053,0.0,2.288,0.0,9.991864249706564e-05,92.6,0.54
1838,1790887999.7974305,-0.4572,0.0549,-0.7036,-0.1181,0.2805,0.3759,0.3399,0.2796,0.2765,0.2139,0.4161,0.3699,0.0,0.1799,-0.0,1.0046,1.051,0.0,2.309,0.0,9.991864249706564e-05,120.4,0.55
1839,1790888000.3495133,-0.4524,0.0453,-0.6954,-0.2818,0.421,0.3392,0.3369,0.2811,0.2734,0.2189,0.4067,0.3744,0.0,0.2795,-0.0,1.503,1.055,0.0,2.309,0.0,9.991864249706564e-05,139.0,0.54
1840,1790888000.9499538,-0.5005,0.1755,-0.9521,-0.0826,0.3065,0.2722,0.5987,0.2455,0.2293,0.1974,0.428,0.3746,0.0,0.2225,-0.0,1.2168,1.041,0.0,1.994,0.216,9.991657035408571e-05,179.5,0.59
1841,1790888001.4951108,-0.4802,0.0519,-0.6593,-0.1962,0.4415,0.3595,0.323,0.3874,0.3036,0.2219,0.4012,0.377,0.0,0.3165,-0.0,1.6883,1.056,0.0,2.277,0.0,9.991657035408571e-05,101.6,0.54
1842,1790888002.043867,-0.5365,0.0492,-0.8105,-0.2152,0.2937,0.4419,0.4035,0.3916,0.3659,0.2156,0.4142,0.3702,0.0,0.1782,-0.0,0.9965,1.054,0.0,2.287,0.0,9.991657035408571e-05,123.0,0.54
1843,1790888002.567836,-0.4764,0.0508,-0.7295,-0.2972,0.2599,0.322,0.3874,0.3412,0.2992,0.2142,0.4144,0.3713,0.0,0.1681,-0.0,0.946,1.053,0.0,2.302,0.0,9.991657035408571e-05,150.8,0.51
1844,1790888003.200691,-0.3493,0.0484,-0.63,-0.1469,0.3011,0.2768,0.2326,0.2155,0.1968,0.1968,0.4341,0.3691,0.0,0.1921,-0.0,1.0646,1.039,0.0,2.309,0.0,9.991657035408571e-05,172.1,0.62
1845,1790888003.7819135,-0.5868,0.0663,-0.8405,-0.273,0.3638,0.4471,0.3884,0.5085,0.3844,0.2106,0.4182,0.3712,0.0,0.2498,-0.0,1.3538,1.05,0.0,2.309,0.0,9.991657035408571e-05,98.9,0.57
1846,1790888004.338131,-0.4396,0.0665,-0.6897,-0.1988,0.2531,0.3437,0.2733,0.3442,0.2487,0.2148,0.4192,0.366,0.0,0.1485,-0.0,0.8475,1.052,0.0,2.275,0.0,9.991657035408571e-05,127.6,0.55
1847,1790888004.872941,-0.3963,0.0471,-0.6319,-0.1825,0.2579,0.3161,0.2429,0.2831,0.2368,0.2086,0.4248,0.3666,0.0,0.1702,-0.0,0.9559,1.048,0.0,2.298,0.0,9.991657035408571e-05,149.1,0.53
1848,1790888005.4527981,-0.4472,0.0418,-0.6738,-0.2883,0.3419,0.304,0.3235,0.3483,0.2863,0.195,0.4308,0.3742,0.0,0.2225,-0.0,1.2164,1.039,0.0,2.309,0.537,9.991447217560408e-05,178.4,0.57
1849,1790888005.9316437,-0.4276,0.0571,-0.65,-0.1726,0.4439,0.2519,0.3226,0.3393,0.2442,0.2054,0.4148,0.3798,0.0,0.3258,-0.0,1.7335,1.048,0.0,2.298,0.0,9.991447217560408e-05,107.8,0.47
1850,1790888006.4435134,-0.467,0.0689,-0.7008,-0.1699,0.3428,0.3544,0.3938,0.2808,0.2709,0.2174,0.4104,0.3722,0.0,0.233,-0.0,1.2704,1.054,0.0,2.309,0.0,9.991447217560408e-05,129.2,0.5
1851,1790888009.3283532,-0.3807,0.0414,-0.5816,-0.1848,0.4053,0.2555,0.2702,0.2661,0.2249,0.2206,0.4058,0.3736,0.0,0.2584,-0.0,1.3973,1.055,0.0,2.308,0.0,9.991447217560408e-05,104.9,0.72
1852,1790888010.020244,-0.3876,0.0348,-0.5585,-0.1956,0.307,0.2971,0.2572,0.2569,0.2403,0.1928,0.4401,0.3671,0.0,0.2059,-0.0,1.1333,1.036,0.0,2.302,0.0,9.991447217560408e-05,159.0,0.68
1853,1790888010.4791532,-0.5533,0.0775,-0.8579,-0.2818,0.5038,0.3479,0.4553,0.4654,0.3407,0.2099,0.4065,0.3836,0.0,0.3452,-0.0,1.8307,1.049,0.0,2.299,0.0,9.991447217560408e-05,102.1,0.45
1854,1790888010.99227,-0.4981,0.0528,-0.8172,-0.2631,0.3231,0.3452,0.3982,0.3815,0.3232,0.2173,0.4145,0.3682,0.0,0.2214,-0.0,1.2124,1.054,0.0,2.299,0.0,9.991447217560408e-05,131.8,0.5
1855,1790888011.5421958,-0.531,0.0629,-0.7829,-0.3096,0.2797,0.4549,0.3961,0.3489,0.3334,0.2074,0.4241,0.3684,0.0,0.1751,-0.0,0.9804,1.048,0.0,2.309,0.0,9.991447217560408e-05,146.4,0.54
1856,1790888012.14039,-0.4731,0.0339,-0.7581,-0.2255,0.2963,0.3324,0.3335,0.3841,0.3228,0.1966,0.4351,0.3683,0.0,0.1865,-0.0,1.0365,1.04,0.0,2.309,0.29,9.991234796271511e-05,180.6,0.59
1857,1790888012.6793842,-0.566,0.1084,-0.9385,-0.2449,0.3361,0.5388,0.4368,0.3437,0.3186,0.2109,0.4195,0.3696,0.0,0.2282,-0.0,1.2458,1.049,0.0,2.291,0.0,9.991234796271511e-05,100.5,0.53
1858,1790888013.2184525,-0.4708,0.043,-0.646,-0.3626,0.307,0.3696,0.3528,0.3032,0.2969,0.2216,0.4143,0.3641,0.0,0.2029,-0.0,1.1199,1.056,0.0,2.295,0.0,9.991234796271511e-05,121.6,0.53
1859,1790888013.7516418,-0.4996,0.076,-0.8004,-0.229,0.3241,0.287,0.4105,0.4229,0.2849,0.218,0.4151,0.3669,0.0,0.2186,-0.0,1.1984,1.054,0.0,2.307,0.0,9.991234796271511e-05,140.5,0.53
1860,1790888014.3262446,-0.4786,0.1407,-0.9348,-0.1695,0.342,0.5307,0.2473,0.2961,0.2429,0.204,0.4306,0.3654,0.0,0.218,-0.0,1.1943,1.043,0.0,2.189,0.0,9.991234796271511e-05,168.5,0.57
1861,1790888014.8613408,-0.4769,0.0621,-0.7252,-0.1963,0.2633,0.421,0.3122,0.3388,0.3019,0.2135,0.4201,0.3664,0.0,0.1736,-0.0,0.9732,1.053,0.0,2.309,0.0,9.991234796271511e-05,99.6,0.53
1862,1790888015.3972027,-0.4681,0.05,-0.6574,-0.3324,0.4787,0.3315,0.3407,0.3497,0.2904,0.2165,0.4095,0.3739,0.0,0.3371,-0.0,1.7907,1.052,0.0,2.309,0.0,9.991234796271511e-05,122.1,0.53
1863,1790888015.983516,-0.387,0.0662,-0.7437,-0.0808,0.2129,0.2581,0.2244,0.3469,0.218,0.2074,0.4291,0.3635,0.0,0.1452,-0.0,0.8305,1.047,0.0,2.305,0.0,9.991234796271511e-05,134.6,0.58
1864,1790888016.5837219,-0.4738,0.0868,-0.7413,-0.2667,0.4104,0.3229,0.4463,0.2675,0.2631,0.197,0.4305,0.3725,0.0,0.2744,-0.0,1.4757,1.039,0.0,2.277,0.457,9.991019771652674e-05,179.5,0.59
1865,1790888017.1322813,-0.4691,0.0596,-0.8038,-0.2701,0.3132,0.33,0.399,0.3159,0.2916,0.2108,0.4172,0.372,0.0,0.2194,-0.0,1.2022,1.05,0.0,2.297,0.0,9.991019771652674e-05,96.7,0.54
1866,1790888017.6630075,-0.4866,0.0604,-0.731,-0.2461,0.3199,0.3971,0.3041,0.3811,0.2995,0.2111,0.4202,0.3686,0.0,0.2314,-0.0,1.2619,1.05,0.0,2.309,0.0,9.991019771652674e-05,127.0,0.52
1867,1790888018.1661394,-0.4816,0.0527,-0.6643,-0.2526,0.3143,0.3879,0.3283,0.3472,0.2986,0.2065,0.4276,0.3659,0.0,0.2091,-0.0,1.1502,1.047,0.0,2.263,0.0,9.991019771652674e-05,158.2,0.5
1868,1790888018.7424827,-0.4224,0.0528,-0.7343,-0.2174,0.2538,0.2846,0.3471,0.278,0.2522,0.1992,0.4377,0.3632,0.0,0.1567,-0.0,0.8874,1.041,0.0,2.29,0.0,9.991019771652674e-05,196.1,0.57
1869,1790888019.279724,-0.4319,0.0881,-0.7056,-0.1936,0.3835,0.3016,0.2441,0.4042,0.2315,0.2118,0.4176,0.3705,0.0,0.2656,-0.0,1.433,1.05,0.0,2.288,0.0,9.991019771652674e-05,106.1,0.53
1870,1790888019.8342078,-0.429,0.0465,-0.6324,-0.1212,0.3602,0.3164,0.311,0.3018,0.2611,0.212,0.42,0.368,0.0,0.2361,-0.0,1.2855,1.05,0.0,2.299,0.0,9.991019771652674e-05,128.1,0.55
1871,1790888020.398297,-0.4557,0.0928,-0.9034,-0.1716,0.3139,0.2557,0.4453,0.2946,0.2494,0.2104,0.421,0.3686,0.0,0.1937,-0.0,1.0734,1.05,0.0,2.282,0.0,9.991019771652674e-05,139.0,0.55
1872,1790888021.0335937,-0.4914,0.0647,-0.895,-0.1436,0.3476,0.3145,0.4401,0.3477,0.3035,0.1882,0.4432,0.3686,0.0,0.2244,-0.0,1.2254,1.032,0.0,2.303,0.232,9.990802143816051e-05,169.1,0.63
1873,1790888021.5805416,-0.5676,0.0676,-0.8567,-0.2815,0.3996,0.4432,0.3792,0.4848,0.3703,0.209,0.4219,0.3691,0.0,0.2651,-0.0,1.4304,1.048,0.0,2.28,0.0,9.990802143816051e-05,100.0,0.54
1874,1790888022.1475046,-0.3591,0.0449,-0.4992,-0.2033,0.2404,0.2446,0.2514,0.2521,0.2072,0.2095,0.4264,0.3642,0.0,0.1557,-0.0,0.8831,1.048,0.0,2.266,0.0,9.990802143816051e-05,126.9,0.56
1875,1790888022.685632,-0.4796,0.1695,-0.9041,-0.1911,0.29,0.2575,0.237,0.5712,0.2274,0.211,0.4242,0.3648,0.0,0.1903,-0.0,1.0561,1.048,0.0,2.008,0.0,9.990802143816051e-05,152.9,0.53
1876,1790888025.5878935,-0.3618,0.0394,-0.6408,-0.1593,0.2089,0.2423,0.2355,0.2707,0.2152,0.1977,0.4396,0.3627,0.0,0.1332,-0.0,0.77,1.04,0.0,2.306,0.0,9.990802143816051e-05,144.0,0.76
1877,1790888026.1102474,-0.5694,0.0522,-0.8462,-0.3535,0.4215,0.4829,0.4079,0.4252,0.3893,0.2106,0.4146,0.3748,0.0,0.2844,-0.0,1.527,1.05,0.0,2.24,0.0,9.990802143816051e-05,99.4,0.52
1878,1790888026.6230617,-0.5325,0.0689,-0.7612,-0.3091,0.5292,0.3482,0.4784,0.3812,0.334,0.2103,0.4161,0.3736,0.0,0.3752,-0.0,1.9805,1.047,0.0,2.244,0.0,9.990802143816051e-05,120.4,0.51
1879,1790888027.1664472,-0.5062,0.051,-0.728,-0.2106,0.3823,0.4066,0.3486,0.3832,0.3228,0.2132,0.4186,0.3682,0.0,0.2811,-0.0,1.5105,1.05,0.0,2.296,0.0,9.990802143816051e-05,138.6,0.53
1880,1790888027.704037,-0.5101,0.0921,-0.8167,-0.278,0.2096,0.3494,0.4835,0.3067,0.2877,0.2014,0.4359,0.3627,0.0,0.1262,-0.0,0.7355,1.043,0.0,2.306,0.161,9.990581912875154e-05,172.4,0.53
1881,1790888028.2253795,-0.5235,0.1153,-0.9192,-0.1833,0.3472,0.3615,0.2914,0.5179,0.2827,0.2125,0.4165,0.3709,0.0,0.2422,-0.0,1.3164,1.052,0.0,2.298,0.0,9.990581912875154e-05,102.5,0.51
1882,1790888028.7537212,-0.4671,0.0355,-0.589,-0.2135,0.3805,0.3212,0.3578,0.3575,0.3119,0.2055,0.4222,0.3724,0.0,0.2449,-0.0,1.3291,1.047,0.0,2.308,0.0,9.990581912875154e-05,123.7,0.52
1883,1790888029.2563853,-0.4276,0.0651,-0.6262,-0.1587,0.3325,0.3665,0.267,0.2829,0.2384,0.2068,0.4275,0.3657,0.0,0.2022,-0.0,1.1158,1.046,0.0,2.309,0.0,9.990581912875154e-05,165.1,0.5
1884,1790888029.8355033,-0.4322,0.0756,-0.8773,-0.2246,0.2491,0.3913,0.2637,0.2786,0.2453,0.1944,0.4429,0.3627,0.0,0.1499,0.0,0.8532,1.037,0.0,2.283,0.0,9.990581912875154e-05,206.8,0.57
1885,1790888030.350107,-0.5437,0.0559,-0.7962,-0.3157,0.5492,0.4026,0.4509,0.3773,0.3518,0.2163,0.4067,0.377,0.0,0.4109,-0.0,2.1597,1.052,0.0,2.299,0.0,9.990581912875154e-05,110.2,0.51
1886,1790888030.9064689,-0.4159,0.0565,-0.6415,-0.1611,0.2613,0.2851,0.3064,0.3221,0.2508,0.2157,0.4208,0.3635,0.0,0.1733,-0.0,0.9719,1.053,0.0,2.294,0.0,9.990581912875154e-05,128.2,0.55
1887,1790888031.3759263,-0.4498,0.0391,-0.6409,-0.2489,0.2723,0.3045,0.3236,0.3533,0.2881,0.2104,0.4274,0.3622,0.0,0.2,-0.0,1.1051,1.048,0.0,2.308,0.0,9.990581912875154e-05,175.4,0.46
1888,1790888031.947882,-0.4717,0.0616,-0.7929,-0.1841,0.4905,0.4038,0.2963,0.3351,0.2888,0.2038,0.4214,0.3748,0.0,0.3306,-0.0,1.7575,1.044,0.0,2.282,0.476,9.990359078944846e-05,181.7,0.56
1889,1790888032.5140417,-0.4656,0.0589,-0.7402,-0.2179,0.3328,0.3827,0.3605,0.2878,0.2806,0.212,0.4209,0.3671,0.0,0.2317,-0.0,1.2634,1.05,0.0,2.295,0.0,9.990359078944846e-05,100.2,0.56
1890,1790888033.0223742,-0.5044,0.0506,-0.7418,-0.2596,0.2569,0.4218,0.3569,0.3478,0.3255,0.2119,0.4264,0.3617,0.0,0.165,0.0,0.9298,1.049,0.0,2.293,0.0,9.990359078944846e-05,135.8,0.5
1891,1790888033.6136763,-0.3822,0.0411,-0.5841,-0.1561,0.2751,0.2952,0.2382,0.27,0.2293,0.2077,0.4306,0.3617,0.0,0.1682,-0.0,0.9459,1.047,0.0,2.309,0.0,9.990359078944846e-05,137.9,0.58
1892,1790888034.2069435,-0.3792,0.058,-0.6862,-0.1081,0.3079,0.2445,0.3058,0.2211,0.2053,0.1981,0.4388,0.3631,0.0,0.2053,-0.0,1.1304,1.04,0.0,2.305,0.0,9.990359078944846e-05,164.8,0.59
1893,1790888034.752025,-0.5027,0.085,-0.7841,-0.2667,0.4364,0.3924,0.3011,0.4459,0.2988,0.2058,0.4185,0.3757,0.0,0.3069,-0.0,1.6391,1.047,0.0,2.306,0.0,9.990359078944846e-05,97.5,0.54
1894,1790888035.2857275,-0.4852,0.0505,-0.6955,-0.25,0.2848,0.3054,0.3741,0.397,0.3002,0.2101,0.4274,0.3625,0.0,0.1943,-0.0,1.0763,1.049,0.0,2.307,0.0,9.990359078944846e-05,129.1,0.53
1895,1790888035.8177924,-0.4622,0.042,-0.7649,-0.2325,0.3434,0.3222,0.3626,0.3496,0.3018,0.2009,0.4329,0.3662,0.0,0.2218,-0.0,1.2131,1.043,0.0,2.212,0.0,9.990359078944846e-05,139.9,0.52
1896,1790888036.459695,-0.3433,0.0324,-0.6167,-0.2002,0.2441,0.2391,0.2516,0.2171,0.2001,0.1908,0.4494,0.3598,0.0,0.1447,-0.0,0.8269,1.033,0.0,2.309,0.109,9.990133642141359e-05,169.3,0.63
1897,1790888037.0046167,-0.4254,0.0383,-0.7172,-0.1028,0.3691,0.3375,0.2916,0.2871,0.2694,0.2136,0.419,0.3674,0.0,0.2477,-0.0,1.3435,1.051,0.0,2.307,0.0,9.990133642141359e-05,99.2,0.54
1898,1790888037.5634773,-0.4148,0.0393,-0.6121,-0.2937,0.2931,0.3121,0.2761,0.3019,0.2583,0.2071,0.4303,0.3627,0.0,0.1802,-0.0,1.0055,1.045,0.0,2.29,0.0,9.990133642141359e-05,120.6,0.55
1899,1790888038.1252286,-0.4685,0.0558,-0.7223,-0.2844,0.2953,0.3471,0.3909,0.2988,0.2889,0.2115,0.4274,0.361,0.0,0.1947,-0.0,1.0784,1.048,0.0,2.299,0.0,9.990133642141359e-05,153.1,0.55
1900,1790888038.74776,-0.3956,0.0366,-0.6685,-0.1819,0.2636,0.2625,0.3051,0.2581,0.2401,0.192,0.4472,0.3608,0.0,0.1595,-0.0,0.9011,1.035,0.0,2.287,0.0,9.990133642141359e-05,176.5,0.61
1901,1790888041.5567644,-0.515,0.0546,-0.6823,-0.1178,0.4173,0.4142,0.4061,0.3369,0.3251,0.2158,0.4132,0.371,0.0,0.296,-0.0,1.5851,1.053,0.0,2.306,0.0,9.990133642141359e-05,74.1,0.67
1902,1790888042.200753,-0.4719,0.0848,-0.7971,-0.1439,0.4233,0.3261,0.4399,0.2705,0.2705,0.2078,0.4237,0.3685,0.0,0.2899,-0.0,1.5544,1.047,0.0,2.276,0.0,9.990133642141359e-05,101.3,0.63
1903,1790888042.6991894,-0.4702,0.0559,-0.7422,-0.2031,0.3582,0.3775,0.2948,0.3611,0.2877,0.2111,0.4255,0.3634,0.0,0.2365,-0.0,1.2873,1.049,0.0,2.309,0.0,9.990133642141359e-05,157.1,0.49
1904,1790888043.294331,-0.4786,0.1292,-0.8483,-0.1861,0.2846,0.3039,0.5139,0.2468,0.2451,0.1884,0.4485,0.3631,0.0,0.1783,-0.0,0.9945,1.032,0.0,2.265,0.818,9.989905602582271e-05,191.2,0.59
1905,1790888043.8313756,-0.4434,0.0712,-0.7203,-0.13,0.3554,0.3929,0.3232,0.2583,0.2543,0.2144,0.424,0.3616,0.0,0.2214,-0.0,1.2123,1.05,0.0,2.304,0.0,9.989905602582271e-05,94.7,0.53
1906,1790888044.3776348,-0.4584,0.0509,-0.7639,-0.2333,0.6986,0.3233,0.3135,0.3795,0.2849,0.2059,0.4132,0.3809,0.0,0.5103,-0.0,2.6557,1.044,0.0,2.303,0.0,9.989905602582271e-05,123.0,0.54
1907,1790888044.926499,-0.4887,0.0807,-0.7594,-0.2179,0.3852,0.334,0.3052,0.4389,0.2862,0.2049,0.4289,0.3662,0.0,0.2609,-0.0,1.4091,1.045,0.0,2.305,0.0,9.989905602582271e-05,148.5,0.54
1908,1790888045.5128164,-0.4174,0.0588,-0.6067,-0.1818,0.3344,0.3002,0.347,0.2513,0.2454,0.1982,0.4355,0.3662,0.0,0.2174,-0.0,1.1909,1.04,0.0,2.309,0.0,9.989905602582271e-05,160.6,0.58
1909,1790888046.0067883,-0.4911,0.0636,-0.6673,-0.3096,0.4177,0.3696,0.4108,0.3077,0.2961,0.214,0.4156,0.3705,0.0,0.2951,-0.0,1.5806,1.052,0.0,2.301,0.0,9.989905602582271e-05,104.5,0.49
1910,1790888046.4856102,-0.4884,0.0726,-0.75,-0.1384,0.283,0.375,0.4134,0.3039,0.2868,0.209,0.4286,0.3624,0.0,0.1811,-0.0,1.0104,1.047,0.0,2.247,0.0,9.989905602582271e-05,126.3,0.47
1911,1790888046.9712584,-0.4606,0.0393,-0.7095,-0.2667,0.2794,0.3156,0.3479,0.3374,0.294,0.2068,0.4284,0.3648,0.0,0.1844,-0.0,1.0265,1.047,0.0,2.309,0.0,9.989905602582271e-05,160.9,0.48
1912,1790888047.5187745,-0.3652,0.0432,-0.5483,-0.1925,0.3671,0.2172,0.2996,0.2432,0.2159,0.1913,0.4428,0.3659,0.0,0.2425,-0.0,1.316,1.034,0.0,2.297,0.439,9.989674960386526e-05,203.0,0.54
1913,1790888048.0970762,-0.5345,0.0708,-0.8239,-0.2976,0.4737,0.4493,0.3625,0.4086,0.3407,0.2099,0.4172,0.373,0.0,0.3159,-0.0,1.6844,1.048,0.0,2.308,0.0,9.989674960386526e-05,98.0,0.57
1914,1790888048.6323473,-0.539,0.1022,-0.8643,-0.1803,0.3839,0.348,0.5365,0.3426,0.3198,0.213,0.4196,0.3673,0.0,0.2534,-0.0,1.3718,1.049,0.0,2.291,0.0,9.989674960386526e-05,124.2,0.53
1915,1790888049.1380544,-0.4198,0.0603,-0.5901,-0.1932,0.4075,0.2903,0.2731,0.3574,0.2486,0.2144,0.4145,0.3711,0.0,0.2634,-0.0,1.4222,1.051,0.0,2.296,0.0,9.989674960386526e-05,154.0,0.5
1916,1790888049.7027748,-0.4768,0.0653,-0.7432,-0.2198,0.2715,0.3862,0.2805,0.3822,0.2735,0.1991,0.4372,0.3638,0.0,0.1938,-0.0,1.0731,1.041,0.0,2.302,0.0,9.989674960386526e-05,190.5,0.56
1917,1790888050.2635155,-0.5018,0.0434,-0.769,-0.2668,0.3562,0.399,0.348,0.3596,0.3303,0.2118,0.4158,0.3723,0.0,0.2389,-0.0,1.2997,1.053,0.0,2.293,0.0,9.989674960386526e-05,89.2,0.55
1918,1790888050.7981374,-0.4641,0.0491,-0.8833,-0.2331,0.3879,0.3398,0.3207,0.3809,0.2983,0.2095,0.4197,0.3708,0.0,0.268,-0.0,1.4449,1.049,0.0,2.307,0.0,9.989674960386526e-05,119.7,0.53
1919,1790888051.3727314,-0.4659,0.0824,-0.748,-0.1571,0.3467,0.4386,0.2817,0.3144,0.2705,0.2037,0.4307,0.3656,0.0,0.2281,-0.0,1.2449,1.044,0.0,2.22,0.0,9.989674960386526e-05,138.4,0.57
1920,1790888052.0383906,-0.3758,0.0448,-0.6111,-0.1652,0.2868,0.2264,0.2911,0.2566,0.2179,0.1811,0.4519,0.367,0.0,0.184,-0.0,1.0224,1.025,0.0,2.306,0.375,9.989441715674422e-05,181.2,0.66
1921,1790888052.5865924,-0.4935,0.0492,-0.8357,-0.2975,0.4964,0.3662,0.3662,0.3631,0.3172,0.2133,0.4048,0.3819,0.0,0.3571,-0.0,1.8905,1.05,0.0,2.309,0.0,9.989441715674422e-05,87.0,0.54
1922,1790888053.1347287,-0.4715,0.1281,-0.8773,-0.0792,0.2662,0.4824,0.3389,0.2192,0.2192,0.2101,0.4213,0.3687,0.0,0.1838,-0.0,1.0241,1.05,0.0,2.28,0.0,9.989441715674422e-05,120.7,0.54
1923,1790888053.6808174,-0.4606,0.0513,-0.7423,-0.1356,0.3433,0.3436,0.3117,0.3617,0.2874,0.2029,0.4288,0.3683,0.0,0.2302,-0.0,1.2555,1.044,0.0,2.295,0.0,9.989441715674422e-05,142.9,0.54
1924,1790888054.1921146,-0.4322,0.0587,-0.7113,-0.26,0.2307,0.2546,0.3434,0.334,0.2505,0.1928,0.445,0.3622,0.0,0.1313,-0.0,0.76,1.036,0.0,2.309,0.0,9.989441715674422e-05,186.3,0.5
1925,1790888054.7332985,-0.5708,0.0593,-0.8746,-0.2154,0.3134,0.4073,0.4326,0.4998,0.396,0.2095,0.4238,0.3667,0.0,0.1983,-0.0,1.0967,1.049,0.0,2.232,0.0,9.989441715674422e-05,101.7,0.53
1926,1790888057.943013,-0.4597,0.0938,-0.8955,-0.1312,0.291,0.2696,0.4432,0.3102,0.2532,0.2086,0.4304,0.361,0.0,0.1966,-0.0,1.0879,1.047,0.0,2.302,0.0,9.989441715674422e-05,87.6,0.78
1927,1790888058.5056791,-0.4126,0.0411,-0.65,-0.2262,0.2412,0.2608,0.2962,0.3238,0.2527,0.208,0.4327,0.3592,0.0,0.1517,-0.0,0.8631,1.047,0.0,2.304,0.0,9.989441715674422e-05,141.1,0.55
1928,1790888059.1247814,-0.4211,0.0427,-0.6917,-0.2838,0.2445,0.3165,0.2913,0.2921,0.2588,0.194,0.4397,0.3664,0.0,0.1446,-0.0,0.8269,1.037,0.0,2.309,0.151,9.989205868567615e-05,177.8,0.61
1929,1790888059.683592,-0.5591,0.0481,-0.7962,-0.231,0.5476,0.4276,0.4549,0.3822,0.3739,0.2021,0.4185,0.3794,0.0,0.3711,-0.0,1.9597,1.043,0.0,2.291,0.0,9.989205868567615e-05,104.5,0.55
1930,1790888060.1706405,-0.4978,0.0558,-0.8568,-0.2473,0.3778,0.3754,0.3508,0.3755,0.316,0.2111,0.4187,0.3701,0.0,0.2588,-0.0,1.3991,1.05,0.0,2.309,0.0,9.989205868567615e-05,136.2,0.48
1931,1790888060.6971412,-0.3861,0.0379,-0.5869,-0.2145,0.2758,0.2945,0.2319,0.2859,0.2293,0.2064,0.4267,0.3669,0.0,0.1879,-0.0,1.0442,1.047,0.0,2.309,0.0,9.989205868567615e-05,157.5,0.52
1932,1790888061.2684984,-0.5021,0.0552,-0.8658,-0.2085,0.2886,0.336,0.3575,0.425,0.3231,0.2056,0.429,0.3654,0.0,0.1912,-0.0,1.0608,1.046,0.0,2.309,0.0,9.989205868567615e-05,169.9,0.56
1933,1790888061.7751155,-0.5686,0.0448,-0.7904,-0.32,0.3648,0.4403,0.4506,0.4192,0.3956,0.2088,0.4199,0.3713,0.0,0.2504,0.0,1.3569,1.048,0.0,2.308,0.0,9.989205868567615e-05,113.2,0.5
1934,1790888062.3162818,-0.4385,0.045,-0.7929,-0.1653,0.3976,0.3141,0.3199,0.3271,0.277,0.2042,0.4221,0.3737,0.0,0.275,-0.0,1.4796,1.046,0.0,2.307,0.0,9.989205868567615e-05,128.9,0.53
1935,1790888062.8292265,-0.4024,0.0416,-0.6396,-0.1831,0.3039,0.3049,0.3014,0.2504,0.242,0.2099,0.424,0.3661,0.0,0.1936,-0.0,1.0728,1.049,0.0,2.293,0.0,9.989205868567615e-05,158.5,0.51
1936,1790888063.4205923,-0.5367,0.0729,-0.8826,-0.2203,0.3632,0.3432,0.4794,0.3909,0.3335,0.1986,0.4292,0.3722,0.0,0.2416,-0.0,1.3124,1.042,0.0,2.305,0.177,9.988967419189116e-05,170.8,0.58
1937,1790888063.9606555,-0.5151,0.0617,-0.7789,-0.1561,0.3074,0.3494,0.4308,0.3869,0.3264,0.2104,0.4141,0.3755,0.0,0.1962,-0.0,1.0861,1.052,0.0,2.287,0.0,9.988967419189116e-05,95.2,0.53
1938,1790888064.4919982,-0.4712,0.0359,-0.7241,-0.3141,0.3371,0.3456,0.3349,0.3637,0.3107,0.21,0.4227,0.3674,0.0,0.2301,-0.0,1.2554,1.05,0.0,2.308,0.0,9.988967419189116e-05,117.9,0.53
1939,1790888065.0123734,-0.4412,0.0621,-0.7409,-0.0856,0.3539,0.2939,0.2767,0.3867,0.2678,0.2034,0.4275,0.3691,0.0,0.2666,-0.0,1.4376,1.045,0.0,2.309,0.0,9.988967419189116e-05,151.1,0.51
1940,1790888065.647925,-0.435,0.0579,-0.7426,-0.1898,0.3167,0.3624,0.2629,0.3076,0.2491,0.1898,0.4377,0.3725,0.0,0.2091,-0.0,1.149,1.035,0.0,2.289,0.0,9.988967419189116e-05,164.3,0.63
1941,1790888066.1679363,-0.5187,0.0636,-0.7782,-0.2707,0.4024,0.444,0.3665,0.3784,0.3292,0.2057,0.4175,0.3769,0.0,0.284,-0.0,1.5249,1.046,0.0,2.307,0.0,9.988967419189116e-05,92.3,0.51
1942,1790888066.7251318,-0.4493,0.1323,-0.9746,-0.1629,0.5727,0.2154,0.32,0.476,0.2122,0.2077,0.4114,0.3809,0.0,0.3863,-0.0,2.0361,1.047,0.0,2.299,0.0,9.988967419189116e-05,108.9,0.55
1943,1790888067.3175142,-0.4515,0.048,-0.6883,-0.1897,0.2562,0.3237,0.3023,0.3533,0.276,0.2067,0.427,0.3662,0.0,0.1674,-0.0,0.942,1.048,0.0,2.307,0.0,9.988967419189116e-05,131.3,0.58
1944,1790888067.9389565,-0.4345,0.0695,-0.825,-0.2445,0.3821,0.2807,0.3918,0.2658,0.2538,0.1964,0.4316,0.372,0.0,0.2507,-0.0,1.3576,1.04,0.0,2.298,0.492,9.988726367663299e-05,151.7,0.61
1945,1790888068.471984,-0.5632,0.0738,-0.8435,-0.3122,0.3685,0.4715,0.3739,0.4631,0.361,0.2044,0.4242,0.3714,0.0,0.2814,-0.0,1.5115,1.046,0.0,2.303,0.0,9.988726367663299e-05,95.8,0.53
1946,1790888068.9771106,-0.4781,0.0744,-0.8354,-0.2158,0.3135,0.4043,0.3894,0.267,0.267,0.2113,0.4206,0.3681,0.0,0.2143,-0.0,1.1766,1.05,0.0,2.309,0.0,9.988726367663299e-05,136.0,0.5
1947,1790888069.516507,-0.5067,0.1422,-0.8704,-0.1916,0.2922,0.2596,0.3337,0.5528,0.2556,0.2057,0.4274,0.3668,0.0,0.1966,0.0,1.0876,1.047,0.0,2.271,0.0,9.988726367663299e-05,147.7,0.53
1948,1790888070.1468937,-0.3848,0.0404,-0.7828,-0.1234,0.3441,0.2868,0.2332,0.2654,0.2208,0.1927,0.4361,0.3711,0.0,0.2262,-0.0,1.2348,1.036,0.0,2.286,0.0,9.988726367663299e-05,174.4,0.62
1949,1790888070.7447517,-0.5103,0.0466,-0.8342,-0.3198,0.3602,0.4156,0.3508,0.3758,0.3377,0.2103,0.4177,0.372,0.0,0.2583,-0.0,1.3967,1.051,0.0,2.256,0.0,9.988726367663299e-05,96.9,0.59
1950,1790888071.2799995,-0.4986,0.0475,-0.85,-0.3907,0.3693,0.3833,0.3917,0.3403,0.3211,0.2068,0.4215,0.3717,0.0,0.2578,-0.0,1.3936,1.048,0.0,2.307,0.0,9.988726367663299e-05,129.9,0.53
1951,1790888074.1858473,-0.4022,0.044,-0.6225,-0.169,0.2458,0.2907,0.2936,0.2777,0.2452,0.2073,0.4277,0.365,0.0,0.1496,-0.0,0.8527,1.046,0.0,2.309,0.0,9.988726367663299e-05,118.6,0.7
1952,1790888074.7937686,-0.4952,0.048,-0.6989,-0.2546,0.2907,0.4018,0.351,0.356,0.3258,0.1938,0.4351,0.3711,0.0,0.1914,-0.0,1.061,1.038,0.0,2.309,0.52,9.98848271411589e-05,159.7,0.6
1953,1790888075.2926161,-0.5186,0.0826,-0.7182,-0.323,0.3013,0.3529,0.4782,0.3297,0.3048,0.2102,0.4231,0.3667,0.0,0.2097,-0.0,1.1537,1.05,0.0,2.277,0.0,9.98848271411589e-05,102.6,0.49
1954,1790888075.834431,-0.4444,0.0708,-0.8167,-0.1738,0.3107,0.3241,0.2622,0.3892,0.258,0.2121,0.4232,0.3647,0.0,0.2022,-0.0,1.1162,1.05,0.0,2.3,0.0,9.98848271411589e-05,115.2,0.53
1955,1790888076.3604927,-0.458,0.0559,-0.7547,-0.2074,0.2809,0.296,0.3335,0.3746,0.279,0.2077,0.422,0.3703,0.0,0.1909,-0.0,1.0593,1.048,0.0,2.305,0.0,9.98848271411589e-05,149.8,0.52
1956,1790888076.9585974,-0.4344,0.0773,-0.7365,-0.1088,0.2995,0.3633,0.2349,0.3547,0.2349,0.203,0.4298,0.3672,0.0,0.1921,-0.0,1.0649,1.044,0.0,2.304,0.0,9.98848271411589e-05,164.6,0.59
1957,1790888077.503422,-0.5626,0.0429,-0.8284,-0.3545,0.4156,0.4639,0.4248,0.4158,0.3876,0.2094,0.4172,0.3734,0.0,0.2837,-0.0,1.5233,1.048,0.0,2.278,0.0,9.98848271411589e-05,105.4,0.54
1958,1790888078.0536342,-0.5415,0.0785,-0.7956,-0.2815,0.4553,0.4385,0.3239,0.4679,0.3228,0.2074,0.4168,0.3758,0.0,0.308,-0.0,1.6449,1.047,0.0,2.309,0.0,9.98848271411589e-05,122.2,0.54
1959,1790888078.6414742,-0.4545,0.0488,-0.675,-0.1779,0.3201,0.3458,0.3358,0.3,0.275,0.2053,0.4278,0.3669,0.0,0.2117,-0.0,1.1632,1.046,0.0,2.309,0.0,9.98848271411589e-05,141.5,0.58
1960,1790888079.3040378,-0.4202,0.0666,-0.7138,-0.2088,0.6772,0.2576,0.2616,0.3694,0.2335,0.1854,0.4258,0.3887,0.0,0.4489,-0.0,2.3478,1.031,0.0,2.27,0.566,9.988236458673974e-05,182.0,0.65
1961,1790888079.8264976,-0.5224,0.0533,-0.8476,-0.2288,0.3151,0.3437,0.4282,0.4085,0.3319,0.2102,0.4222,0.3676,0.0,0.2151,-0.0,1.1805,1.05,0.0,2.309,0.0,9.988236458673974e-05,106.5,0.51
1962,1790888080.3739562,-0.5093,0.0392,-0.8165,-0.1895,0.3779,0.3566,0.3777,0.3971,0.3411,0.2107,0.422,0.3673,0.0,0.261,-0.0,1.4098,1.05,0.0,2.309,0.0,9.988236458673974e-05,118.2,0.54
1963,1790888080.8750377,-0.5557,0.0558,-0.8084,-0.3228,0.3461,0.4436,0.3759,0.4581,0.367,0.2046,0.4298,0.3655,0.0,0.2315,-0.0,1.2619,1.044,0.0,2.283,0.0,9.988236458673974e-05,164.7,0.5
1964,1790888081.4646244,-0.5152,0.085,-0.8868,-0.227,0.3291,0.4459,0.4253,0.2844,0.2798,0.1873,0.4436,0.3691,0.0,0.2177,-0.0,1.1914,1.031,0.0,2.244,0.0,9.988236458673974e-05,193.3,0.58
1965,1790888081.961926,-0.4096,0.0485,-0.7101,-0.1167,0.3691,0.3001,0.2639,0.3162,0.2498,0.2007,0.4253,0.3739,0.0,0.2861,-0.0,1.535,1.044,0.0,2.302,0.0,9.988236458673974e-05,119.1,0.49
1966,1790888082.5175972,-0.5346,0.0506,-0.7448,-0.2474,0.3348,0.4164,0.3613,0.4369,0.3563,0.2069,0.4256,0.3675,0.0,0.2219,-0.0,1.2143,1.047,0.0,2.287,0.0,9.988236458673974e-05,125.1,0.55
1967,1790888083.0998735,-0.4161,0.0533,-0.6589,-0.1991,0.4825,0.2859,0.3453,0.2537,0.2399,0.2005,0.4224,0.3771,0.0,0.3241,-0.0,1.7247,1.042,0.0,2.273,0.0,9.988236458673974e-05,150.9,0.57
1968,1790888083.7026885,-0.42,0.047,-0.6138,-0.2163,0.2729,0.3407,0.2875,0.2698,0.2522,0.2004,0.4359,0.3637,0.0,0.155,-0.0,0.8789,1.04,0.0,2.306,0.15,9.987987601465991e-05,168.9,0.59
1969,1790888084.2429996,-0.4684,0.0602,-0.6418,-0.2161,0.4281,0.3681,0.2968,0.3955,0.2818,0.2106,0.4191,0.3703,0.0,0.2729,-0.0,1.4692,1.048,0.0,2.161,0.0,9.987987601465991e-05,95.0,0.53
1970,1790888084.804688,-0.5643,0.0788,-0.8652,-0.1472,0.3986,0.3729,0.4135,0.5129,0.3586,0.2058,0.422,0.3722,0.0,0.2644,-0.0,1.4266,1.046,0.0,2.298,0.0,9.987987601465991e-05,114.2,0.55
1971,1790888085.3673744,-0.4351,0.0641,-0.7233,-0.1917,0.4282,0.3184,0.2496,0.3656,0.2404,0.2049,0.4274,0.3677,0.0,0.2887,-0.0,1.5476,1.043,0.0,2.298,0.0,9.987987601465991e-05,135.8,0.55
1972,1790888086.1300244,-0.5401,0.0351,-0.7725,-0.3273,0.2758,0.395,0.4174,0.3994,0.3691,0.1687,0.4617,0.3696,0.0,0.1808,-0.0,1.0054,1.013,0.0,2.309,0.0,9.987987601465991e-05,140.0,0.75
1973,1790888086.675388,-0.586,0.063,-0.87,-0.3241,0.5496,0.4677,0.4106,0.4718,0.3819,0.2053,0.4208,0.3739,0.0,0.3848,-0.0,2.0285,1.045,0.0,2.294,0.0,9.987987601465991e-05,96.7,0.54
1974,1790888087.2292066,-0.5085,0.0582,-0.7136,-0.189,0.38,0.4201,0.3903,0.3269,0.3124,0.2098,0.4163,0.3738,0.0,0.2736,0.0,1.4732,1.05,0.0,2.306,0.0,9.987987601465991e-05,115.0,0.54
1975,1790888087.79446,-0.5137,0.089,-0.9365,-0.19,0.303,0.2961,0.4263,0.4213,0.2886,0.2022,0.4308,0.367,0.0,0.187,-0.0,1.0393,1.044,0.0,2.307,0.0,9.987987601465991e-05,137.8,0.56
1976,1790888090.7791731,-0.4217,0.0344,-0.5743,-0.2574,0.2763,0.2732,0.3208,0.2758,0.2515,0.1886,0.4429,0.3685,0.0,0.1755,-0.0,0.9808,1.034,0.0,2.305,0.416,9.987736142621744e-05,143.1,0.73
1977,1790888091.3145359,-0.5827,0.1395,-0.9181,-0.3091,0.3967,0.6188,0.4119,0.3319,0.3258,0.2069,0.4209,0.3722,0.0,0.2767,-0.0,1.4882,1.048,0.0,2.205,0.0,9.987736142621744e-05,110.1,0.53
1978,1790888091.8048115,-0.461,0.0548,-0.6809,-0.2738,0.3155,0.3258,0.3026,0.3894,0.2914,0.2102,0.4266,0.3632,0.0,0.1918,-0.0,1.0636,1.048,0.0,2.308,0.0,9.987736142621744e-05,146.6,0.48
1979,1790888092.3373885,-0.4051,0.0823,-0.8048,-0.1522,0.324,0.3821,0.2298,0.2466,0.2078,0.2008,0.4319,0.3673,0.0,0.2015,-0.0,1.1116,1.042,0.0,2.303,0.0,9.987736142621744e-05,166.4,0.52
1980,1790888092.949118,-0.3994,0.078,-0.75,-0.1934,0.2534,0.2472,0.371,0.2205,0.2162,0.1919,0.4417,0.3664,0.0,0.1518,-0.0,0.8624,1.036,0.0,2.261,0.0,9.987736142621744e-05,178.4,0.6
1981,1790888093.4385047,-0.5034,0.083,-0.7874,-0.3041,0.4264,0.3571,0.3137,0.458,0.2989,0.2008,0.4263,0.3729,0.0,0.3145,-0.0,1.6767,1.043,0.0,2.298,0.0,9.987736142621744e-05,110.1,0.48
1982,1790888093.9831607,-0.4091,0.0613,-0.6366,-0.1464,0.4193,0.3266,0.3005,0.2568,0.2406,0.2041,0.4259,0.3701,0.0,0.2869,-0.0,1.5386,1.043,0.0,2.302,0.0,9.987736142621744e-05,121.8,0.53
1983,1790888094.540181,-0.4997,0.039,-0.6941,-0.299,0.3095,0.3271,0.3749,0.3985,0.324,0.2001,0.4352,0.3647,0.0,0.221,-0.0,1.2089,1.041,0.0,2.272,0.0,9.987736142621744e-05,145.4,0.55
1984,1790888095.1071708,-0.4366,0.0322,-0.678,-0.1764,0.3101,0.3131,0.3093,0.3212,0.2775,0.1954,0.4382,0.3664,0.0,0.1927,-0.0,1.0675,1.038,0.0,2.296,0.275,9.987482082272386e-05,205.2,0.56
1985,1790888095.6444912,-0.5736,0.0663,-0.8457,-0.3918,0.3747,0.3956,0.5161,0.4017,0.3745,0.2031,0.4237,0.3732,0.0,0.2698,-0.0,1.4536,1.045,0.0,2.24,0.0,9.987482082272386e-05,89.0,0.53
1986,1790888096.1810286,-0.4498,0.0522,-0.65,-0.3031,0.4037,0.3254,0.3097,0.3299,0.2722,0.2101,0.4188,0.3711,0.0,0.2525,-0.0,1.3676,1.05,0.0,2.279,0.0,9.987482082272386e-05,112.2,0.53
1987,1790888096.7586415,-0.4982,0.0517,-0.6922,-0.1983,0.2924,0.3623,0.4114,0.3353,0.323,0.2018,0.432,0.3662,0.0,0.2032,-0.0,1.1202,1.044,0.0,2.218,0.0,9.987482082272386e-05,131.8,0.57
1988,1790888097.3558407,-0.4222,0.0483,-0.6611,-0.239,0.3931,0.2824,0.2681,0.3582,0.259,0.1917,0.4413,0.3669,0.0,0.2543,-0.0,1.3748,1.034,0.0,2.304,0.0,9.987482082272386e-05,168.0,0.59
1989,1790888097.8544762,-0.4669,0.0799,-0.6773,-0.2452,0.351,0.2624,0.4189,0.3424,0.261,0.2056,0.4235,0.371,0.0,0.2521,-0.0,1.3653,1.047,0.0,2.304,0.0,9.987482082272386e-05,109.6,0.49
1990,1790888098.4275203,-0.5304,0.0464,-0.83,-0.1246,0.3426,0.3843,0.4111,0.4113,0.3586,0.2026,0.4299,0.3675,0.0,0.225,-0.0,1.2291,1.044,0.0,2.29,0.0,9.987482082272386e-05,116.6,0.56
1991,1790888099.0037327,-0.519,0.1138,-0.8433,-0.215,0.3653,0.3998,0.2729,0.4874,0.2634,0.1998,0.432,0.3682,0.0,0.2428,-0.0,1.3183,1.041,0.0,2.295,0.0,9.987482082272386e-05,144.1,0.57
1992,1790888099.6409135,-0.4898,0.0943,-0.8128,-0.2245,0.2936,0.2942,0.3181,0.4745,0.2799,0.1904,0.4425,0.367,0.0,0.1791,-0.0,0.9991,1.036,0.0,2.293,0.64,9.987225420550432e-05,167.4,0.63
1993,1790888100.1845844,-0.4872,0.1223,-0.9403,-0.2114,0.2942,0.2535,0.3466,0.5042,0.2499,0.2028,0.4339,0.3632,0.0,0.1896,-0.0,1.0521,1.043,0.0,2.278,0.0,9.987225420550432e-05,106.0,0.54
1994,1790888100.7472339,-0.408,0.0608,-0.6955,-0.0651,0.2715,0.3567,0.3013,0.2318,0.2288,0.2037,0.4346,0.3618,0.0,0.1777,-0.0,0.993,1.044,0.0,2.309,0.0,9.987225420550432e-05,131.3,0.55
1995,1790888101.3277707,-0.4984,0.0518,-0.8559,-0.3115,0.3383,0.3683,0.3306,0.4099,0.3191,0.1985,0.4392,0.3624,0.0,0.2126,-0.0001,1.1675,1.039,0.0,2.303,0.0,9.987225420550432e-05,148.8,0.57
1996,1790888101.8935452,-0.3721,0.0718,-0.7095,-0.0985,0.347,0.2269,0.2163,0.3386,0.1999,0.1898,0.4462,0.364,0.0,0.2291,-0.0,1.2485,1.033,0.0,2.302,0.0,9.987225420550432e-05,192.5,0.56
1997,1790888102.4893363,-0.4278,0.0684,-0.6404,-0.1125,0.3962,0.2827,0.3917,0.2665,0.2509,0.2097,0.4206,0.3698,0.0,0.2848,-0.0,1.5286,1.048,0.0,2.252,0.0,9.987225420550432e-05,97.5,0.59
1998,1790888103.0556612,-0.5013,0.053,-0.9802,-0.295,0.3173,0.4113,0.3632,0.3557,0.3276,0.2003,0.4386,0.3611,0.0,0.2091,-0.0,1.1492,1.04,0.0,2.295,0.0,9.987225420550432e-05,124.8,0.56
1999,1790888103.6292906,-0.4351,0.0598,-0.7526,-0.2033,0.2847,0.3595,0.2796,0.3177,0.2698,0.2051,0.4296,0.3653,0.0,0.1954,-0.0,1.0818,1.046,0.0,2.082,0.0,9.987225420550432e-05,141.8,0.57
2000,1790888104.2638996,-0.3986,0.0681,-0.6539,-0.1677,0.3103,0.2006,0.3162,0.3228,0.1992,0.1824,0.4506,0.367,0.0,0.1974,-0.0,1.0899,1.028,0.0,2.276,0.292,9.98696615758975e-05,162.1,0.62
2001,1790888107.6941094,-0.5464,0.0585,-0.8167,-0.2417,0.4601,0.4271,0.4506,0.3632,0.3523,0.2032,0.4268,0.37,0.0,0.3129,-0.0,1.6689,1.043,0.0,2.284,0.0,9.98696615758975e-05,88.5,0.66
2002,1790888108.2224586,-0.53,0.0648,-0.7594,-0.2875,0.2876,0.3966,0.4325,0.3798,0.3327,0.2015,0.4356,0.3629,0.0,0.1898,-0.0,1.0535,1.044,0.0,2.297,0.0,9.98696615758975e-05,130.2,0.52
2003,1790888108.7130847,-0.4184,0.0582,-0.7006,-0.2479,0.3093,0.2644,0.3555,0.2873,0.2496,0.1996,0.4375,0.3629,0.0,0.2071,-0.0,1.1394,1.04,0.0,2.309,0.0,9.98696615758975e-05,167.6,0.48
2004,1790888109.283673,-0.3864,0.0362,-0.5807,-0.1174,0.2436,0.285,0.2352,0.291,0.2313,0.1846,0.4546,0.3608,0.0,0.1506,0.0,0.8561,1.029,0.0,2.302,0.0,9.98696615758975e-05,167.3,0.56
2005,1790888109.8415728,-0.4564,0.0471,-0.7594,-0.1583,0.2942,0.3009,0.3392,0.3752,0.2897,0.2007,0.438,0.3613,0.0,0.2033,-0.0,1.1207,1.042,0.0,2.295,0.0,9.98696615758975e-05,111.6,0.55
2006,1790888110.3735812,-0.5763,0.0857,-0.9682,-0.2922,0.365,0.3643,0.5293,0.4462,0.357,0.2043,0.4315,0.3641,0.0,0.2399,-0.0,1.3035,1.042,0.0,2.307,0.0,9.98696615758975e-05,140.5,0.52
2007,1790888110.9689078,-0.466,0.0573,-0.8737,-0.2439,0.2289,0.347,0.3694,0.3221,0.2823,0.203,0.4385,0.3585,0.0,0.1453,-0.0,0.8309,1.043,0.0,2.303,0.0,9.98696615758975e-05,149.5,0.59
2008,1790888111.5584278,-0.3579,0.0406,-0.5536,-0.1117,0.4727,0.2187,0.2691,0.2667,0.2096,0.1954,0.4349,0.3696,0.0,0.3028,0.0,1.6178,1.037,0.0,2.299,0.525,9.986704293525566e-05,194.9,0.58
2009,1790888112.1098146,-0.5221,0.0411,-0.7426,-0.3141,0.3945,0.3929,0.3817,0.4022,0.3522,0.2128,0.4226,0.3646,0.0,0.3273,-0.0,1.7414,1.05,0.0,2.309,0.0,9.986704293525566e-05,105.2,0.54
2010,1790888112.6941142,-0.4431,0.0603,-0.7141,-0.1894,0.308,0.3549,0.2888,0.3342,0.2674,0.2057,0.4316,0.3627,0.0,0.2063,-0.0,1.1359,1.046,0.0,2.297,0.0,9.986704293525566e-05,127.8,0.58
2011,1790888113.2634537,-0.4095,0.0405,-0.6072,-0.1767,0.395,0.3223,0.3062,0.2584,0.2526,0.2027,0.4369,0.3604,0.0,0.2592,-0.0,1.4001,1.042,0.0,2.303,0.0,9.986704293525566e-05,147.1,0.56
2012,1790888113.8835242,-0.4743,0.1279,-0.8537,-0.1156,0.3643,0.5133,0.2611,0.2871,0.2481,0.1845,0.4507,0.3648,0.0,0.2354,-0.0,1.2798,1.029,0.0,2.148,0.0,9.986704293525566e-05,174.5,0.61
2013,1790888114.4026594,-0.5297,0.1028,-0.792,-0.1294,0.3867,0.4615,0.4653,0.2908,0.2908,0.1995,0.4344,0.3661,0.0,0.2633,-0.0,1.4205,1.041,0.0,2.292,0.0,9.986704293525566e-05,109.5,0.51
2014,1790888114.9243433,-0.5682,0.0825,-0.8891,-0.2355,0.3236,0.4994,0.3549,0.4562,0.3448,0.2098,0.4299,0.3603,0.0,0.2193,-0.0,1.2013,1.048,0.0,2.291,0.0,9.986704293525566e-05,141.9,0.51
2015,1790888115.485514,-0.3679,0.0375,-0.5618,-0.2283,0.3344,0.2431,0.2962,0.2408,0.2285,0.201,0.4413,0.3576,0.0,0.2131,-0.0,1.1693,1.04,0.0,2.308,0.0,9.986704293525566e-05,146.4,0.55
2016,1790888116.0666862,-0.4172,0.0702,-0.69,-0.1741,0.3796,0.2618,0.2649,0.3714,0.2362,0.1887,0.4482,0.3631,0.0,0.2589,-0.0,1.3977,1.031,0.0,2.306,0.437,9.986439828494465e-05,187.4,0.57
2017,1790888116.6189651,-0.4849,0.063,-0.7437,-0.3273,0.3607,0.3289,0.3184,0.4355,0.296,0.202,0.4372,0.3607,0.0,0.2649,-0.0,1.4289,1.043,0.0,2.309,0.0,9.986439828494465e-05,95.9,0.54
2018,1790888117.1654973,-0.3577,0.0441,-0.6144,-0.1895,0.4263,0.2242,0.2708,0.2576,0.2064,0.2077,0.4299,0.3624,0.0,0.2935,-0.0,1.5718,1.045,0.0,2.289,0.0,9.986439828494465e-05,123.2,0.54
2019,1790888117.6840932,-0.4218,0.0386,-0.6094,-0.2055,0.2176,0.3195,0.3019,0.2761,0.2626,0.2023,0.4413,0.3564,0.0,0.1327,-0.0,0.7676,1.042,0.0,2.295,0.0,9.986439828494465e-05,160.8,0.51
2020,1790888118.2887528,-0.4529,0.0482,-0.7288,-0.195,0.2784,0.3147,0.3582,0.305,0.2789,0.1863,0.4569,0.3568,0.0,0.1753,-0.0,0.9795,1.029,0.0,2.305,0.0,9.986439828494465e-05,187.3,0.6
2021,1790888118.8081572,-0.5612,0.0859,-0.8292,-0.2564,0.3792,0.529,0.3436,0.4404,0.3412,0.2099,0.4263,0.3638,0.0,0.3123,-0.0,1.6665,1.047,0.0,2.249,0.0,9.986439828494465e-05,96.4,0.51
2022,1790888119.3577428,-0.5073,0.0495,-0.8167,-0.3528,0.3814,0.3428,0.3865,0.4042,0.3336,0.1999,0.4343,0.3658,0.0,0.24,-0.0,1.3041,1.042,0.0,2.306,0.0,9.986439828494465e-05,114.8,0.54
2023,1790888119.9355044,-0.405,0.0463,-0.6003,-0.2282,0.2559,0.3048,0.2599,0.3063,0.2504,0.2047,0.4391,0.3562,0.0,0.1605,-0.0,0.9068,1.043,0.0,2.309,0.0,9.986439828494465e-05,131.1,0.57
2024,1790888120.5891495,-0.4899,0.0793,-0.9367,-0.2085,0.2757,0.2772,0.4355,0.3809,0.2751,0.1862,0.4563,0.3575,0.0,0.1684,-0.0,0.9447,1.029,0.0,2.301,0.299,9.986172762634386e-05,161.7,0.65
2025,1790888121.118428,-0.5164,0.046,-0.6927,-0.3308,0.4065,0.3874,0.3759,0.4095,0.3439,0.2048,0.4366,0.3587,0.0,0.2719,-0.0,1.4641,1.044,0.0,2.309,0.0,9.986172762634386e-05,99.7,0.52
2026,1790888124.2552483,-0.4743,0.0454,-0.7064,-0.2104,0.2667,0.3162,0.3698,0.3445,0.3007,0.2176,0.4272,0.3552,0.0,0.1765,-0.0,0.9879,1.052,0.0,2.307,0.0,9.986172762634386e-05,91.3,0.68
2027,1790888124.856274,-0.36,0.0405,-0.5693,-0.1844,0.2452,0.2717,0.2187,0.2679,0.2158,0.2056,0.4415,0.3529,0.0,0.167,-0.0,0.9393,1.044,0.0,2.309,0.0,9.986172762634386e-05,131.9,0.59
2028,1790888125.443114,-0.4204,0.0496,-0.8067,-0.2182,0.6539,0.2611,0.3526,0.2896,0.255,0.1868,0.4378,0.3754,0.0,0.4678,-0.0,2.4419,1.03,0.0,2.268,0.0,9.986172762634386e-05,185.0,0.58
2029,1790888125.9299605,-0.5271,0.0636,-0.8655,-0.2667,0.4225,0.3823,0.356,0.4599,0.3352,0.2062,0.4317,0.3621,0.0,0.2919,-0.0,1.564,1.045,0.0,2.302,0.0,9.986172762634386e-05,113.8,0.48
2030,1790888126.4331152,-0.4193,0.0495,-0.6822,-0.2225,0.4034,0.3017,0.2959,0.309,0.2569,0.2016,0.4368,0.3616,0.0,0.2725,-0.0,1.4668,1.04,0.0,2.301,0.0,9.986172762634386e-05,144.2,0.49
2031,1790888127.0111916,-0.3914,0.0321,-0.6315,-0.1143,0.2495,0.2851,0.2617,0.2755,0.2429,0.1994,0.449,0.3517,0.0,0.1486,-0.0,0.8467,1.037,0.0,2.307,0.0,9.986172762634386e-05,154.0,0.57
2032,1790888127.616235,-0.427,0.034,-0.5729,-0.1831,0.2455,0.2888,0.3338,0.2909,0.2689,0.1978,0.4475,0.3546,0.0,0.1496,-0.0,0.852,1.039,0.0,2.301,0.417,9.985903096084625e-05,182.5,0.6
2033,1790888128.1680045,-0.5339,0.0729,-0.8096,-0.1604,0.4404,0.4245,0.3395,0.453,0.3281,0.2099,0.424,0.366,0.0,0.295,-0.0,1.5799,1.048,0.0,2.309,0.0,9.985903096084625e-05,99.9,0.54
2034,1790888128.7539468,-0.4863,0.0596,-0.7278,-0.2633,0.2974,0.3631,0.3333,0.4062,0.3059,0.2082,0.4391,0.3527,0.0,0.1901,-0.0,1.0553,1.046,0.0,2.308,0.0,9.985903096084625e-05,114.5,0.58
2035,1790888129.2636466,-0.5466,0.0481,-0.7623,-0.3497,0.2631,0.4266,0.396,0.402,0.3575,0.2032,0.4443,0.3524,0.0,0.1451,-0.0,0.8299,1.042,0.0,2.307,0.0,9.985903096084625e-05,157.6,0.5
2036,1790888129.7935164,-0.4555,0.0377,-0.7526,-0.2938,0.35,0.3658,0.3283,0.3027,0.2975,0.2014,0.4438,0.3548,0.0,0.2347,-0.0,1.2773,1.04,0.0,2.298,0.0,9.985903096084625e-05,201.7,0.52
2037,1790888130.3417654,-0.5195,0.0609,-0.6794,-0.2893,0.3789,0.445,0.3767,0.3691,0.3478,0.2062,0.4354,0.3584,0.0,0.2615,-0.0,1.4118,1.045,0.0,2.309,0.0,9.985903096084625e-05,104.2,0.54
2038,1790888130.8897524,-0.448,0.0705,-0.6443,-0.2094,0.3462,0.3212,0.3825,0.2814,0.2639,0.2077,0.4362,0.3561,0.0,0.2262,-0.0,1.2354,1.044,0.0,2.304,0.0,9.985903096084625e-05,135.1,0.54
2039,1790888132.177934,-0.4804,0.0412,-0.7297,-0.2524,0.2945,0.3533,0.3328,0.3752,0.3125,0.1999,0.4458,0.3543,0.0,0.1922,-0.0,1.0648,1.039,0.0,2.309,0.0,9.985903096084625e-05,65.0,1.28
2040,1790888132.766478,-0.4387,0.064,-0.7138,-0.2288,0.2392,0.3122,0.3691,0.2599,0.2492,0.203,0.4426,0.3544,0.0,0.1569,-0.0,0.8887,1.043,0.0,2.303,0.496,9.985630828985835e-05,170.9,0.58
2041,1790888133.2742934,-0.476,0.0506,-0.6897,-0.1821,0.2966,0.3166,0.3463,0.407,0.3019,0.2034,0.4404,0.3562,0.0,0.1866,-0.0,1.0375,1.043,0.0,2.308,0.0,9.985630828985835e-05,110.8,0.5
2042,1790888133.7964041,-0.4779,0.0527,-0.7214,-0.2177,0.281,0.3988,0.3433,0.3191,0.2996,0.2013,0.4455,0.3532,0.0,0.1793,-0.0,1.0004,1.041,0.0,2.225,0.0,9.985630828985835e-05,134.7,0.52
2043,1790888134.3247836,-0.4622,0.0728,-0.8423,-0.1433,0.3017,0.2904,0.4165,0.3185,0.2746,0.1932,0.4533,0.3534,0.0,0.2067,-0.0,1.137,1.034,0.0,2.309,0.0,9.985630828985835e-05,160.4,0.52
2044,1790888134.9457839,-0.4539,0.099,-0.8193,-0.2161,0.4515,0.242,0.4487,0.3025,0.242,0.1909,0.4481,0.361,0.0,0.2946,-0.0,1.5761,1.033,0.0,2.229,0.0,9.985630828985835e-05,189.9,0.61
2045,1790888135.485232,-0.6374,0.079,-1.1136,-0.2321,0.3816,0.5365,0.4379,0.5364,0.4216,0.2024,0.4328,0.3648,0.0,0.235,-0.0,1.2793,1.043,0.0,2.295,0.0,9.985630828985835e-05,96.7,0.53
2046,1790888135.99475,-0.5492,0.0461,-0.9253,-0.3337,0.3486,0.4569,0.4187,0.3758,0.362,0.2072,0.4365,0.3563,0.0,0.2555,-0.0,1.3819,1.045,0.0,2.309,0.0,9.985630828985835e-05,137.3,0.5
2047,1790888136.787672,-0.5514,0.0497,-0.8242,-0.373,0.31,0.3935,0.445,0.4094,0.3643,0.2075,0.4389,0.3536,0.0,0.1938,-0.0,1.0734,1.045,0.0,2.295,0.0,9.985630828985835e-05,102.5,0.78
2048,1790888137.560142,-0.4287,0.0714,-0.7981,-0.1496,0.2843,0.3449,0.2305,0.3511,0.229,0.198,0.4517,0.3503,0.0,0.1797,-0.0,1.0024,1.037,0.0,2.304,0.168,9.985355961480025e-05,131.8,0.76
2049,1790888138.1386437,-0.5165,0.0654,-0.8464,-0.2972,0.3479,0.3898,0.3445,0.4396,0.3163,0.2044,0.4376,0.358,0.0,0.2336,-0.0,1.2726,1.044,0.0,2.273,0.0,9.985355961480025e-05,92.5,0.57
2050,1790888138.7002082,-0.6356,0.1534,-0.93,-0.2977,0.3617,0.6523,0.5292,0.3116,0.3116,0.2083,0.4407,0.351,0.0,0.246,-0.0,1.3345,1.045,0.0,2.224,0.0,9.985355961480025e-05,123.2,0.55
2051,1790888141.50153,-0.4092,0.0481,-0.5367,-0.1835,0.2625,0.3262,0.242,0.3061,0.2371,0.2124,0.4346,0.353,0.0,0.155,-0.0,0.8798,1.049,0.0,2.283,0.0,9.985355961480025e-05,118.2,0.65
2052,1790888142.0819557,-0.5289,0.1069,-0.8274,-0.2141,0.4998,0.3302,0.3448,0.5354,0.3111,0.1919,0.447,0.3612,0.0,0.3547,-0.0,1.8768,1.033,0.0,2.163,0.0,9.985355961480025e-05,175.6,0.57
2053,1790888142.6093454,-0.4548,0.0401,-0.7278,-0.2447,0.4255,0.3162,0.3454,0.336,0.2931,0.2135,0.4242,0.3623,0.0,0.3011,-0.0,1.6103,1.05,0.0,2.297,0.0,9.985355961480025e-05,109.7,0.52
2054,1790888143.149391,-0.5555,0.0415,-0.7189,-0.4167,0.3486,0.4588,0.3906,0.4104,0.3825,0.207,0.4362,0.3568,0.0,0.2539,-0.0,1.3738,1.046,0.0,2.304,0.0,9.985355961480025e-05,131.3,0.53
2055,1790888143.693332,-0.4937,0.0637,-0.6902,-0.1861,0.3322,0.3907,0.4149,0.3042,0.3042,0.2018,0.4475,0.3507,0.0,0.2013,-0.0,1.1103,1.039,0.0,2.309,0.0,9.985355961480025e-05,151.1,0.54
2056,1790888144.3598194,-0.4055,0.0367,-0.7194,-0.1236,0.2512,0.2657,0.2927,0.307,0.2501,0.185,0.4652,0.3499,0.0,0.1891,-0.0,1.0479,1.025,0.0,2.284,0.259,9.98507849371056e-05,173.1,0.66
2057,1790888144.912712,-0.4556,0.0445,-0.7563,-0.278,0.3862,0.3097,0.351,0.3565,0.2951,0.2087,0.4316,0.3597,0.0,0.2614,-0.0,1.4119,1.047,0.0,2.294,0.0,9.98507849371056e-05,93.5,0.54
2058,1790888145.4567695,-0.3744,0.0581,-0.5665,-0.0672,0.2584,0.2213,0.2619,0.2952,0.2,0.2064,0.4416,0.352,0.0,0.1649,-0.0,0.9289,1.044,0.0,2.288,0.0,9.98507849371056e-05,125.2,0.54
2059,1790888146.0335908,-0.6405,0.1255,-0.9721,-0.323,0.346,0.645,0.4665,0.3834,0.368,0.2058,0.4391,0.3551,0.0,0.2263,-0.0,1.236,1.043,0.0,2.272,0.0,9.98507849371056e-05,143.8,0.56
2060,1790888146.6120534,-0.4382,0.0745,-0.8803,0.0,0.3499,0.2768,0.4046,0.2668,0.2498,0.1947,0.4497,0.3556,0.0,0.2311,-0.0,1.2591,1.035,0.0,2.3,0.0,9.98507849371056e-05,174.5,0.57
2061,1790888147.1676462,-0.5347,0.067,-0.7792,-0.2136,0.3903,0.3827,0.4822,0.361,0.3551,0.2097,0.4311,0.3592,0.0,0.2957,0.0,1.583,1.047,0.0,2.307,0.0,9.98507849371056e-05,96.7,0.55
2062,1790888147.7215333,-0.5092,0.0433,-0.75,-0.2278,0.3324,0.3652,0.3925,0.3744,0.3344,0.2047,0.4438,0.3516,0.0,0.2249,-0.0,1.2286,1.042,0.0,2.309,0.0,9.98507849371056e-05,118.3,0.55
2063,1790888148.294131,-0.4713,0.0563,-0.7629,-0.2558,0.3674,0.3396,0.3906,0.3047,0.2905,0.2082,0.4388,0.353,0.0,0.2419,-0.0,1.314,1.045,0.0,2.285,0.0,9.98507849371056e-05,130.7,0.56
2064,1790888148.9834716,-0.367,0.0546,-0.5561,-0.1131,0.3901,0.2266,0.304,0.2441,0.204,0.1749,0.467,0.3581,0.0,0.2625,-0.0,1.4142,1.016,0.0,2.28,0.868,9.984798425822163e-05,157.1,0.68
2065,1790888149.5006244,-0.5539,0.0775,-0.8439,-0.2961,0.3869,0.3489,0.4901,0.4399,0.345,0.2027,0.4453,0.352,0.0,0.2678,-0.0,1.4432,1.041,0.0,2.262,0.0,9.984798425822163e-05,100.1,0.51
2066,1790888150.00482,-0.5605,0.0709,-0.7981,-0.2096,0.4102,0.4573,0.3688,0.4615,0.3526,0.2129,0.429,0.3581,0.0,0.277,-0.0,1.4901,1.049,0.0,2.279,0.0,9.984798425822163e-05,125.3,0.5
2067,1790888150.5514646,-0.3598,0.0421,-0.5987,-0.1667,0.2839,0.2785,0.2402,0.2384,0.2168,0.2043,0.4442,0.3515,0.0,0.1715,-0.0,0.9619,1.042,0.0,2.289,0.0,9.984798425822163e-05,154.7,0.54
2068,1790888151.1429677,-0.4168,0.0563,-0.7734,-0.0687,0.3525,0.3406,0.3123,0.2489,0.247,0.1994,0.4462,0.3544,0.0,0.2433,-0.0,1.3207,1.04,0.0,2.253,0.0,9.984798425822163e-05,174.2,0.58
2069,1790888151.6796093,-0.4869,0.0655,-0.754,-0.2055,0.3465,0.3384,0.3844,0.353,0.2929,0.2038,0.4392,0.357,0.0,0.2348,-0.0,1.2783,1.044,0.0,2.309,0.0,9.984798425822163e-05,101.3,0.53
2070,1790888152.199901,-0.4992,0.0688,-0.8026,-0.2174,0.4593,0.3308,0.4373,0.3494,0.3115,0.2078,0.4336,0.3586,0.0,0.3389,-0.0,1.7989,1.044,0.0,2.291,0.0,9.984798425822163e-05,136.2,0.51
2071,1790888152.712373,-0.3694,0.0491,-0.5853,-0.2433,0.2331,0.2761,0.2181,0.2742,0.2055,0.2081,0.4403,0.3517,0.0,0.1457,-0.0,0.8332,1.047,0.0,2.289,0.0,9.984798425822163e-05,168.7,0.5
2072,1790888153.3324883,-0.3519,0.0418,-0.553,-0.1347,0.2488,0.2211,0.254,0.2559,0.2055,0.1991,0.4516,0.3492,0.0,0.1394,-0.0,0.8007,1.038,0.0,2.306,0.115,9.984515757960913e-05,174.2,0.61
2073,1790888153.8830638,-0.4988,0.0546,-0.8268,-0.1444,0.3482,0.3483,0.3807,0.4135,0.3249,0.2147,0.4296,0.3557,0.0,0.3064,-0.0,1.6371,1.05,0.0,2.309,0.0,9.984515757960913e-05,105.2,0.54
2074,1790888154.4064105,-0.4122,0.0531,-0.6868,-0.2123,0.2541,0.3337,0.3118,0.2528,0.2482,0.212,0.4397,0.3483,0.0,0.1784,-0.0,0.9967,1.047,0.0,2.309,0.0,9.984515757960913e-05,130.1,0.52
2075,1790888154.904757,-0.5048,0.0562,-0.8193,-0.1641,0.3463,0.3871,0.3314,0.4119,0.3174,0.2128,0.4291,0.3581,0.0,0.229,-0.0,1.25,1.049,0.0,2.309,0.0,9.984515757960913e-05,153.1,0.49
2076,1790888157.8087487,-0.4222,0.0467,-0.6737,-0.1612,0.2758,0.2674,0.311,0.3298,0.2532,0.1878,0.4623,0.3498,0.0,0.1735,-0.0,0.9704,1.029,0.0,2.3,0.0,9.984515757960913e-05,140.9,0.75
2077,1790888158.3274753,-0.4974,0.0537,-0.7122,-0.2496,0.4212,0.371,0.3952,0.3653,0.3246,0.2108,0.4287,0.3606,0.0,0.3058,-0.0,1.6339,1.048,0.0,2.297,0.0,9.984515757960913e-05,109.1,0.51
2078,1790888158.8544471,-0.4677,0.0697,-0.7026,-0.2652,0.5399,0.3109,0.4139,0.2954,0.2817,0.2068,0.426,0.3672,0.0,0.3627,-0.0,1.9181,1.045,0.0,2.308,0.0,9.984515757960913e-05,130.0,0.52
2079,1790888159.4051864,-0.4575,0.0454,-0.6622,-0.2469,0.471,0.3261,0.3464,0.3415,0.2953,0.2095,0.4307,0.3598,0.0,0.322,-0.0,1.7144,1.046,0.0,2.306,0.0,9.984515757960913e-05,152.1,0.54
2080,1790888159.985214,-0.4429,0.0333,-0.7482,-0.2077,0.3508,0.3399,0.3019,0.3149,0.2827,0.2024,0.4452,0.3524,0.0,0.2318,-0.0,1.2629,1.041,0.0,2.305,0.223,9.98423049027424e-05,176.8,0.57
2081,1790888160.4941998,-0.4613,0.0592,-0.7152,-0.2386,0.3873,0.3505,0.3255,0.3474,0.2828,0.2123,0.4298,0.3579,0.0,0.2677,-0.0,1.4436,1.049,0.0,2.292,0.0,9.98423049027424e-05,107.6,0.5
2082,1790888161.0516937,-0.4736,0.051,-0.6767,-0.2571,0.3378,0.335,0.3337,0.3844,0.3021,0.208,0.4377,0.3543,0.0,0.2086,-0.0,1.1474,1.044,0.0,2.304,0.0,9.98423049027424e-05,130.5,0.55
2083,1790888161.6324992,-0.4863,0.1119,-0.7176,-0.1778,0.2837,0.4464,0.4071,0.2344,0.2344,0.2058,0.4425,0.3517,0.0,0.1905,-0.0,1.0566,1.043,0.0,2.216,0.0,9.98423049027424e-05,153.3,0.57
2084,1790888162.2420087,-0.5262,0.1419,-0.8868,-0.1145,0.2694,0.2788,0.3462,0.5635,0.2748,0.1879,0.4602,0.3519,0.0,0.1758,-0.0,0.9818,1.029,0.0,2.298,0.0,9.98423049027424e-05,196.9,0.6
2085,1790888162.770019,-0.5544,0.0914,-0.8078,-0.3125,0.3751,0.348,0.5272,0.3738,0.327,0.2208,0.4192,0.36,0.0,0.2695,-0.0,1.4529,1.055,0.0,2.3,0.0,9.98423049027424e-05,100.2,0.52
2086,1790888163.3039098,-0.5492,0.0395,-0.8108,-0.3381,0.3683,0.4208,0.4096,0.4187,0.3747,0.2131,0.4336,0.3532,0.0,0.2338,-0.0,1.274,1.049,0.0,2.258,0.0,9.98423049027424e-05,129.4,0.53
2087,1790888163.8656044,-0.4407,0.0649,-0.6652,-0.1939,0.2619,0.37,0.3148,0.276,0.2506,0.2121,0.4371,0.3508,0.0,0.1679,-0.0,0.9444,1.047,0.0,2.218,0.0,9.98423049027424e-05,156.2,0.55
2088,1790888164.4854712,-0.4545,0.0442,-0.8214,-0.2455,0.3369,0.332,0.2924,0.3556,0.277,0.1952,0.4512,0.3536,0.0,0.229,-0.0,1.2488,1.036,0.0,2.309,0.155,9.983942622910936e-05,181.0,0.61
2089,1790888164.9958282,-0.5014,0.0681,-0.7808,-0.1856,0.3147,0.3163,0.4368,0.3874,0.3093,0.2154,0.4329,0.3517,0.0,0.1937,-0.0,1.0734,1.051,0.0,2.28,0.0,9.983942622910936e-05,103.8,0.5
2090,1790888165.5273604,-0.3829,0.0682,-0.5539,-0.1076,0.3441,0.2096,0.3241,0.2949,0.2044,0.216,0.4326,0.3515,0.0,0.2318,-0.0,1.2642,1.05,0.0,2.303,0.0,9.983942622910936e-05,122.8,0.52
2091,1790888166.0875072,-0.471,0.0738,-0.7826,-0.2768,0.2066,0.283,0.3329,0.4252,0.2735,0.2134,0.4332,0.3535,0.0,0.1404,-0.0,0.8071,1.051,0.0,2.271,0.0,9.983942622910936e-05,129.2,0.55
2092,1790888166.6978126,-0.3941,0.0459,-0.7344,-0.24,0.2946,0.2741,0.2608,0.2965,0.2308,0.1952,0.4507,0.3541,0.0,0.2006,0.0,1.1067,1.036,0.0,2.309,0.0,9.983942622910936e-05,170.0,0.6
2093,1790888167.2071414,-0.5624,0.0689,-0.8375,-0.269,0.4357,0.4908,0.3714,0.4439,0.3686,0.215,0.4204,0.3646,0.0,0.3126,-0.0,1.6682,1.052,0.0,2.309,0.0,9.983942622910936e-05,100.0,0.5
2094,1790888167.734966,-0.4548,0.0795,-0.6969,-0.1811,0.3102,0.3707,0.2389,0.3627,0.2346,0.2128,0.4337,0.3535,0.0,0.2117,-0.0,1.1632,1.049,0.0,2.293,0.0,9.983942622910936e-05,125.0,0.52
2095,1790888168.3241272,-0.4869,0.0501,-0.79,-0.3017,0.3685,0.381,0.3346,0.3678,0.3086,0.2059,0.4411,0.353,0.0,0.2372,-0.0,1.2903,1.044,0.0,2.3,0.0,9.983942622910936e-05,143.9,0.58
2096,1790888168.9337566,-0.4898,0.0525,-0.6876,-0.2621,0.4056,0.3497,0.3903,0.3285,0.2999,0.2004,0.4473,0.3524,0.0,0.2684,-0.0,1.4458,1.039,0.0,2.304,0.249,9.983652156021148e-05,169.4,0.6
2097,1790888169.4834723,-0.5024,0.0698,-0.8286,-0.1625,0.316,0.382,0.4397,0.3251,0.3092,0.2134,0.437,0.3496,0.0,0.2433,-0.0,1.3212,1.049,0.0,2.301,0.0,9.983652156021148e-05,100.2,0.54
2098,1790888170.075605,-0.4372,0.0917,-0.8489,-0.1636,0.367,0.2696,0.2656,0.4266,0.2435,0.2177,0.4271,0.3552,0.0,0.2465,-0.0,1.3375,1.052,0.0,2.242,0.0,9.983652156021148e-05,111.5,0.58
2099,1790888170.649409,-0.5279,0.0582,-0.7646,-0.3074,0.2641,0.4558,0.4006,0.339,0.339,0.2093,0.4383,0.3525,0.0,0.1728,-0.0,0.9687,1.047,0.0,2.294,0.0,9.983652156021148e-05,148.3,0.57
2100,1790888171.2693863,-0.442,0.043,-0.6245,-0.271,0.4573,0.3171,0.2896,0.355,0.2779,0.2073,0.4368,0.3558,0.0,0.2979,-0.0,1.5937,1.044,0.0,2.304,0.0,9.983652156021148e-05,166.8,0.61
2101,1790888174.0791433,-0.4816,0.0497,-0.7259,-0.2407,0.3678,0.3809,0.3472,0.3461,0.2999,0.206,0.4359,0.3582,0.0,0.2533,-0.0,1.3709,1.046,0.0,2.309,0.0,9.983652156021148e-05,74.8,0.69
2102,1790888174.6943839,-0.4548,0.042,-0.6628,-0.2145,0.35,0.365,0.2996,0.3244,0.2888,0.2084,0.4359,0.3558,0.0,0.2356,-0.0,1.2826,1.047,0.0,2.309,0.0,9.983652156021148e-05,111.6,0.61
2103,1790888175.2100425,-0.481,0.0613,-0.7898,-0.2515,0.3824,0.3443,0.4248,0.3133,0.2976,0.2109,0.436,0.3531,0.0,0.264,-0.0,1.4244,1.046,0.0,2.306,0.0,9.983652156021148e-05,158.7,0.51
2104,1790888175.7333262,-0.4067,0.0441,-0.717,-0.1419,0.2842,0.2893,0.3234,0.2548,0.2505,0.2048,0.4459,0.3493,0.0,0.1869,-0.0,1.039,1.043,0.0,2.307,0.336,9.983359089756378e-05,199.9,0.52
2105,1790888176.2646058,-0.4693,0.0458,-0.7064,-0.1462,0.3187,0.3834,0.3162,0.3393,0.299,0.2119,0.4368,0.3513,0.0,0.1892,-0.0,1.0507,1.048,0.0,2.297,0.0,9.983359089756378e-05,106.8,0.52
2106,1790888176.8243742,-0.4967,0.0429,-0.754,-0.2843,0.4056,0.394,0.3768,0.3398,0.3305,0.214,0.4309,0.3551,0.0,0.2728,-0.0,1.469,1.048,0.0,2.306,0.0,9.983359089756378e-05,121.7,0.55
2107,1790888177.3302271,-0.4034,0.0411,-0.7022,-0.256,0.292,0.3129,0.2704,0.2894,0.2561,0.2087,0.4436,0.3477,0.0,0.1904,-0.0,1.0568,1.046,0.0,2.288,0.0,9.983359089756378e-05,158.1,0.5
2108,1790888177.9226327,-0.434,0.0482,-0.6172,-0.2642,0.2363,0.276,0.3018,0.3326,0.256,0.2008,0.4536,0.3456,0.0,0.1408,-0.0,0.8079,1.039,0.0,2.309,0.0,9.983359089756378e-05,186.0,0.58
2109,1790888178.481871,-0.5856,0.0814,-0.8313,-0.3447,0.2972,0.373,0.4481,0.5312,0.3617,0.2144,0.4328,0.3528,0.0,0.2172,-0.0,1.191,1.05,0.0,2.301,0.0,9.983359089756378e-05,98.9,0.55
2110,1790888179.0349975,-0.4725,0.0573,-0.806,-0.2887,0.3691,0.2943,0.4139,0.3241,0.2804,0.2122,0.4334,0.3544,0.0,0.26,-0.0,1.4047,1.049,0.0,2.309,0.0,9.983359089756378e-05,126.1,0.55
2111,1790888179.6257706,-0.4335,0.0964,-0.7181,-0.0304,0.396,0.4207,0.2654,0.2646,0.2355,0.2091,0.4356,0.3553,0.0,0.2619,-0.0,1.4141,1.046,0.0,2.239,0.0,9.983359089756378e-05,140.0,0.58
2112,1790888180.2324228,-0.4237,0.0694,-0.6933,-0.2398,0.2665,0.2457,0.3722,0.2754,0.2327,0.1926,0.4578,0.3496,0.0,0.1635,-0.0,0.9208,1.033,0.0,2.299,0.206,9.98306342426948e-05,183.8,0.6
2113,1790888180.7800205,-0.4826,0.0644,-0.8643,-0.2694,0.4468,0.3717,0.3037,0.4129,0.2969,0.2122,0.4265,0.3612,0.0,0.3209,-0.0,1.7092,1.049,0.0,2.28,0.0,9.98306342426948e-05,113.3,0.54
2114,1790888181.3437514,-0.4295,0.0425,-0.6766,-0.1219,0.3183,0.3232,0.3167,0.3005,0.2669,0.2122,0.433,0.3549,0.0,0.2198,-0.0,1.204,1.05,0.0,2.306,0.0,9.98306342426948e-05,134.7,0.55
2115,1790888181.8884919,-0.3624,0.0403,-0.5382,-0.191,0.2792,0.2677,0.2273,0.2653,0.2111,0.2101,0.4394,0.3505,0.0,0.1775,-0.0,0.9922,1.047,0.0,2.309,0.0,9.98306342426948e-05,153.3,0.54
2116,1790888182.4956243,-0.3868,0.0391,-0.6231,-0.1943,0.2799,0.2881,0.2441,0.2784,0.2336,0.2041,0.4444,0.3514,0.0,0.1862,-0.0,1.0354,1.044,0.0,2.26,0.0,9.98306342426948e-05,172.9,0.6
2117,1790888183.0455265,-0.5643,0.0492,-0.7671,-0.3268,0.3574,0.396,0.4373,0.45,0.3688,0.215,0.4313,0.3538,0.0,0.2492,-0.0,1.3509,1.05,0.0,2.294,0.0,9.98306342426948e-05,112.9,0.54
2118,1790888183.604039,-0.3987,0.0587,-0.6831,-0.2161,0.2787,0.2421,0.3062,0.3085,0.2272,0.2106,0.4374,0.3519,0.0,0.1855,-0.0,1.0321,1.048,0.0,2.3,0.0,9.98306342426948e-05,134.8,0.55
2119,1790888184.128435,-0.4026,0.0599,-0.8382,-0.1701,0.3559,0.3553,0.2728,0.2405,0.2318,0.2071,0.4386,0.3543,0.0,0.2365,-0.0,1.2869,1.044,0.0,2.309,0.0,9.98306342426948e-05,163.2,0.52
2120,1790888184.6661248,-0.3518,0.0508,-0.5972,-0.0917,0.3183,0.2265,0.2088,0.2928,0.2053,0.2015,0.4477,0.3509,0.0,0.2072,-0.0,1.14,1.04,0.0,2.243,0.423,9.982765159714673e-05,214.8,0.53
2121,1790888185.204234,-0.5411,0.1065,-0.8065,-0.2463,0.3586,0.4757,0.4743,0.2982,0.2982,0.2188,0.4272,0.354,0.0,0.2184,-0.0,1.197,1.052,0.0,2.281,0.0,9.982765159714673e-05,95.9,0.53
2122,1790888185.7638004,-0.5517,0.0572,-0.7676,-0.3453,0.3934,0.3894,0.3986,0.4693,0.3574,0.214,0.4252,0.3608,0.0,0.2592,-0.0,1.4012,1.051,0.0,2.229,0.0,9.982765159714673e-05,110.6,0.55
2123,1790888186.2597425,-0.4134,0.0443,-0.7474,-0.1154,0.3245,0.3058,0.2859,0.2986,0.2534,0.2096,0.4378,0.3525,0.0,0.2022,-0.0,1.1156,1.047,0.0,2.224,0.0,9.982765159714673e-05,161.5,0.49
2124,1790888186.8101678,-0.5327,0.0468,-0.806,-0.2642,0.3052,0.4205,0.432,0.3522,0.3445,0.2071,0.4386,0.3543,0.0,0.1947,-0.0,1.0777,1.045,0.0,2.274,0.0,9.982765159714673e-05,179.3,0.54
2125,1790888187.366912,-0.6557,0.0491,-1.1397,-0.4265,0.4557,0.5174,0.5257,0.5166,0.4661,0.2155,0.421,0.3635,0.0,0.339,-0.0,1.8003,1.052,0.0,2.296,0.0,9.982765159714673e-05,92.6,0.55
2126,1790888190.3589835,-0.4341,0.052,-0.6531,-0.2691,0.3481,0.2703,0.3497,0.3265,0.2594,0.2188,0.4262,0.3551,0.0,0.2517,-0.0,1.3637,1.053,0.0,2.242,0.0,9.982765159714673e-05,91.8,0.72
2127,1790888190.9571855,-0.4548,0.0514,-0.6636,-0.15,0.2402,0.3505,0.3262,0.3222,0.2838,0.2131,0.4358,0.3511,0.0,0.146,-0.0,0.8347,1.049,0.0,2.3,0.0,9.982765159714673e-05,137.9,0.59
2128,1790888191.5068603,-0.4932,0.0846,-0.8075,-0.2724,0.2396,0.4194,0.3887,0.2724,0.2668,0.2061,0.4455,0.3483,0.0,0.1366,-0.0,0.7872,1.043,0.0,2.275,0.357,9.982464296247522e-05,181.2,0.54
2129,1790888192.029995,-0.4757,0.0518,-0.7196,-0.2337,0.3758,0.3318,0.3804,0.3358,0.3008,0.2121,0.4315,0.3564,0.0,0.2422,-0.0,1.316,1.05,0.0,2.309,0.0,9.982464296247522e-05,97.5,0.51
2130,1790888192.5735126,-0.4243,0.0555,-0.6419,-0.1817,0.3534,0.3413,0.3315,0.2535,0.2512,0.2101,0.4354,0.3545,0.0,0.2182,-0.0,1.1958,1.047,0.0,2.309,0.0,9.982464296247522e-05,127.0,0.54
2131,1790888193.1674001,-0.5221,0.0551,-0.7385,-0.2917,0.4029,0.3421,0.3766,0.4452,0.3365,0.2074,0.4371,0.3555,0.0,0.2713,-0.0,1.461,1.045,0.0,2.246,0.0,9.982464296247522e-05,144.6,0.59
2132,1790888193.7861693,-0.4923,0.0909,-0.9047,-0.2369,0.2756,0.4107,0.4288,0.2571,0.2571,0.2,0.4491,0.3509,0.0,0.1754,-0.0,0.9809,1.039,0.0,2.305,0.0,9.982464296247522e-05,179.2,0.61
2133,1790888194.3079453,-0.458,0.0433,-0.6999,-0.1913,0.3024,0.3732,0.3191,0.3177,0.2943,0.2172,0.4312,0.3517,0.0,0.1913,-0.0,1.0621,1.053,0.0,2.298,0.0,9.982464296247522e-05,106.4,0.51
2134,1790888194.8603609,-0.37,0.0389,-0.5528,-0.1562,0.343,0.2503,0.2411,0.2827,0.2213,0.2125,0.4332,0.3543,0.0,0.2303,-0.0,1.2563,1.049,0.0,2.296,0.0,9.982464296247522e-05,123.8,0.54
2135,1790888195.4160428,-0.4618,0.0555,-0.6579,-0.25,0.3847,0.3431,0.3675,0.2933,0.2749,0.2087,0.4325,0.3588,0.0,0.2538,-0.0,1.3736,1.047,0.0,2.275,0.0,9.982464296247522e-05,146.3,0.55
2136,1790888196.0677474,-0.4203,0.051,-0.8914,-0.103,0.3142,0.2792,0.3443,0.2609,0.2501,0.187,0.4599,0.3532,0.0,0.2022,-0.0,1.1137,1.029,0.0,2.29,0.475,9.982160834024952e-05,162.1,0.64
2137,1790888196.6030676,-0.4787,0.0554,-0.7232,-0.2333,0.2421,0.3979,0.3163,0.358,0.2953,0.2159,0.4316,0.3525,0.0,0.1453,-0.0,0.8321,1.053,0.0,2.302,0.0,9.982160834024952e-05,102.3,0.53
2138,1790888197.1294377,-0.5428,0.0794,-0.8423,-0.3272,0.3098,0.4755,0.3414,0.409,0.3292,0.215,0.4295,0.3555,0.0,0.2015,-0.0,1.1128,1.051,0.0,2.296,0.0,9.982160834024952e-05,131.0,0.52
2139,1790888197.6501513,-0.4747,0.0668,-0.776,-0.3085,0.3233,0.3237,0.4146,0.3114,0.2919,0.2074,0.438,0.3546,0.0,0.2169,-0.0,1.1892,1.045,0.0,2.294,0.0,9.982160834024952e-05,144.2,0.51
2140,1790888198.1959214,-0.4337,0.0441,-0.7257,-0.2277,0.2601,0.3215,0.3445,0.28,0.2713,0.2057,0.4442,0.35,0.0,0.1752,-0.0,0.9804,1.044,0.0,2.301,0.0,9.982160834024952e-05,177.0,0.54
2141,1790888198.6751022,-0.513,0.0603,-0.9867,-0.2949,0.4352,0.366,0.4176,0.3784,0.334,0.2041,0.4319,0.364,0.0,0.3361,-0.0,1.7848,1.045,0.0,2.299,0.0,9.982160834024952e-05,109.7,0.47
2142,1790888199.2074778,-0.4941,0.0646,-0.7824,-0.1486,0.3076,0.3383,0.4396,0.3343,0.3113,0.2088,0.4367,0.3545,0.0,0.2259,-0.0,1.234,1.047,0.0,2.253,0.0,9.982160834024952e-05,132.5,0.52
2143,1790888199.7375734,-0.4223,0.0461,-0.6787,-0.2459,0.2773,0.2675,0.3205,0.3266,0.2537,0.2124,0.4302,0.3574,0.0,0.1803,-0.0,1.0066,1.051,0.0,2.309,0.0,9.982160834024952e-05,143.1,0.52
2144,1790888200.3392794,-0.4384,0.0422,-0.6849,-0.2397,0.3255,0.3244,0.2946,0.3346,0.279,0.1979,0.4507,0.3514,0.0,0.1995,-0.0,1.1014,1.038,0.0,2.306,0.297,9.981854773205243e-05,169.6,0.59
2145,1790888200.9003427,-0.6051,0.0581,-0.7879,-0.3196,0.2981,0.4886,0.4365,0.4775,0.4156,0.2084,0.4359,0.3557,0.0,0.2163,-0.0,1.1862,1.047,0.0,2.283,0.0,9.981854773205243e-05,93.6,0.55
2146,1790888201.447552,-0.5772,0.0718,-0.8593,-0.2792,0.3673,0.4805,0.502,0.366,0.366,0.2149,0.4281,0.357,0.0,0.2611,-0.0,1.4107,1.051,0.0,2.303,0.0,9.981854773205243e-05,123.2,0.54
2147,1790888202.0262725,-0.3853,0.0393,-0.6172,-0.1488,0.2121,0.2858,0.2479,0.2812,0.2358,0.206,0.4428,0.3512,0.0,0.1298,-0.0,0.7533,1.045,0.0,2.309,0.0,9.981854773205243e-05,144.7,0.57
2148,1790888202.6762474,-0.4263,0.1023,-0.8514,-0.0869,0.3104,0.2386,0.4256,0.2701,0.2341,0.1865,0.457,0.3566,0.0,0.1949,-0.0,1.0773,1.028,0.0,2.286,0.0,9.981854773205243e-05,177.3,0.64
2149,1790888203.2061238,-0.5097,0.078,-0.6814,-0.203,0.3833,0.4016,0.3934,0.3418,0.3045,0.2133,0.4278,0.3589,0.0,0.2736,-0.0,1.4728,1.049,0.0,2.288,0.0,9.981854773205243e-05,98.8,0.52
2150,1790888203.7513793,-0.4332,0.0398,-0.6012,-0.2396,0.2691,0.3182,0.3201,0.2994,0.2762,0.2178,0.4285,0.3536,0.0,0.1684,-0.0,0.9471,1.053,0.0,2.302,0.0,9.981854773205243e-05,127.3,0.54
2151,1790888206.715659,-0.4384,0.0638,-0.7979,-0.2352,0.3776,0.2869,0.3894,0.2768,0.2582,0.2122,0.4294,0.3583,0.0,0.2515,-0.0,1.3625,1.05,0.0,2.309,0.0,9.981854773205243e-05,104.2,0.78
2152,1790888207.3012714,-0.4458,0.0347,-0.7173,-0.235,0.2781,0.3199,0.3072,0.3437,0.2913,0.203,0.4437,0.3533,0.0,0.1805,-0.0,1.007,1.043,0.0,2.305,0.515,9.981546113948031e-05,182.7,0.58
2153,1790888207.7836266,-0.5587,0.0681,-0.9466,-0.25,0.4558,0.3679,0.4694,0.4362,0.3573,0.2135,0.4198,0.3667,0.0,-0.1684,-0.4967,1.7468,1.051,0.0,7.113,0.0,9.981546113948031e-05,117.0,0.47
2154,1790888208.2855272,-0.5028,0.0738,-0.739,-0.2101,0.3251,0.306,0.4475,0.3528,0.2912,0.2125,0.43,0.3576,0.0,0.2097,-0.0,1.1537,1.05,0.0,2.293,0.0,9.981546113948031e-05,135.4,0.49
2155,1790888208.8497717,-0.4663,0.1147,-0.7611,-0.2262,0.314,0.255,0.2919,0.4735,0.2493,0.2115,0.43,0.3585,0.0,0.2093,-0.0,1.1516,1.049,0.0,2.23,0.0,9.981546113948031e-05,136.4,0.55
2156,1790888209.4750316,-0.4377,0.0754,-0.7973,-0.2104,0.357,0.3984,0.302,0.2459,0.2399,0.1872,0.4529,0.3599,0.0,0.2308,-0.0,1.2571,1.03,0.0,2.304,0.0,9.981546113948031e-05,180.3,0.62
2157,1790888210.0088978,-0.4053,0.0492,-0.6594,-0.2046,0.199,0.2492,0.319,0.3124,0.2445,0.2163,0.4275,0.3562,0.0,0.1063,-0.0,0.637,1.053,0.0,2.309,0.0,9.981546113948031e-05,109.9,0.53
2158,1790888210.5650685,-0.4146,0.0519,-0.7179,-0.2233,0.3013,0.285,0.353,0.2695,0.2565,0.2066,0.4363,0.357,0.0,0.1984,-0.0,1.0966,1.044,0.0,2.309,0.0,9.981546113948031e-05,127.9,0.55
2159,1790888211.0872936,-0.4652,0.0812,-0.7966,-0.2222,0.3039,0.3904,0.2433,0.3859,0.2433,0.2111,0.4292,0.3597,0.0,0.2012,-0.0,1.1108,1.049,0.0,2.266,0.0,9.981546113948031e-05,155.5,0.51
2160,1790888211.7185853,-0.4632,0.0621,-0.7332,-0.1819,0.3034,0.3312,0.4025,0.281,0.275,0.1974,0.4452,0.3574,0.0,0.205,0.0,1.1288,1.039,0.0,2.28,0.478,9.981234856414307e-05,172.1,0.62
2161,1790888212.2375681,-0.4547,0.076,-0.7393,-0.2391,0.3173,0.3221,0.4036,0.2811,0.2644,0.2093,0.4287,0.362,0.0,0.2083,-0.0,1.1465,1.049,0.0,2.308,0.0,9.981234856414307e-05,104.6,0.51
2162,1790888212.7856514,-0.5112,0.0419,-0.6754,-0.305,0.3449,0.3983,0.367,0.3667,0.3315,0.2183,0.421,0.3607,0.0,0.2366,-0.0,1.2885,1.055,0.0,2.309,0.0,9.981234856414307e-05,121.5,0.54
2163,1790888213.313227,-0.4906,0.0706,-0.8934,-0.2306,0.3161,0.399,0.3005,0.3903,0.2931,0.217,0.4271,0.3559,0.0,0.2129,-0.0,1.1698,1.052,0.0,2.299,0.0,9.981234856414307e-05,147.4,0.52
2164,1790888213.8932664,-0.3788,0.0361,-0.5293,-0.1955,0.2819,0.2748,0.2403,0.2591,0.2242,0.2028,0.4393,0.3579,0.0,0.1659,-0.0,0.934,1.043,0.0,2.304,0.0,9.981234856414307e-05,174.5,0.57
2165,1790888214.4078634,-0.56,0.0473,-0.7633,-0.293,0.2612,0.422,0.4133,0.4525,0.3817,0.2148,0.4256,0.3595,0.0,0.1558,-0.0,0.8843,1.052,0.0,2.309,0.0,9.981234856414307e-05,106.1,0.51
2166,1790888214.9666338,-0.4629,0.0428,-0.7025,-0.2908,0.4435,0.3517,0.3255,0.3677,0.3098,0.2166,0.4215,0.3619,0.0,0.3036,-0.0,1.6231,1.052,0.0,2.309,0.0,9.981234856414307e-05,121.2,0.55
2167,1790888215.5472994,-0.5265,0.0637,-0.8722,-0.2749,0.5654,0.3499,0.463,0.3708,0.3304,0.2085,0.4194,0.372,0.0,0.3934,-0.0,2.0719,1.047,0.0,2.309,0.0,9.981234856414307e-05,141.2,0.57
2168,1790888216.1991913,-0.4329,0.0649,-0.7472,-0.1041,0.3241,0.3032,0.3748,0.2545,0.2451,0.1956,0.4435,0.3609,0.0,0.2069,-0.0,1.1383,1.038,0.0,2.301,0.148,9.980921000766415e-05,159.1,0.64
2169,1790888216.6994612,-0.5161,0.0857,-0.7611,-0.2819,0.3848,0.3404,0.4844,0.3601,0.3103,0.2139,0.4221,0.3641,0.0,0.2539,-0.0,1.3744,1.051,0.0,2.309,0.0,9.980921000766415e-05,114.3,0.49
2170,1790888217.2161326,-0.4744,0.0776,-0.7526,-0.2639,0.3922,0.2738,0.4058,0.3732,0.2722,0.2029,0.4284,0.3687,0.0,0.2694,-0.0,1.4514,1.045,0.0,2.304,0.0,9.980921000766415e-05,130.8,0.51
2171,1790888217.7687721,-0.4838,0.0738,-0.8579,-0.1773,0.3642,0.2881,0.4262,0.3648,0.2844,0.2091,0.4291,0.3618,0.0,0.2434,-0.0,1.3215,1.048,0.0,2.294,0.0,9.980921000766415e-05,153.9,0.54
2172,1790888218.5630448,-0.4626,0.0579,-0.6748,-0.2869,0.2596,0.2986,0.3884,0.328,0.2837,0.2022,0.4381,0.3597,0.0,0.1685,-0.0,0.9469,1.043,0.0,2.298,0.0,9.980921000766415e-05,141.0,0.79
2173,1790888219.1100557,-0.496,0.0495,-0.7278,-0.2588,0.4008,0.3737,0.3299,0.3987,0.3203,0.2159,0.4117,0.3723,0.0,0.2853,-0.0,1.5321,1.054,0.0,2.309,0.0,9.980921000766415e-05,92.5,0.54
2174,1790888219.700082,-0.4665,0.0605,-0.7104,-0.1615,0.5128,0.3747,0.2989,0.3677,0.2811,0.2127,0.4169,0.3704,0.0,0.3692,-0.0,1.9509,1.05,0.0,2.296,0.0,9.980921000766415e-05,122.6,0.58
2175,1790888220.2587895,-0.4153,0.055,-0.6391,-0.1957,0.2275,0.3202,0.3028,0.2546,0.2374,0.2118,0.428,0.3602,0.0,0.1368,-0.0,0.7892,1.052,0.0,2.267,0.0,9.980921000766415e-05,159.5,0.55
2176,1790888223.2156248,-0.4149,0.0929,-0.9026,-0.2211,0.269,0.2372,0.2559,0.4083,0.222,0.195,0.4418,0.3632,0.0,0.1529,-0.0,0.8681,1.039,0.0,2.246,0.605,9.980604547168058e-05,130.0,0.84
2177,1790888223.729337,-0.5511,0.0805,-0.7879,-0.1799,0.3933,0.4958,0.3396,0.4214,0.3354,0.212,0.419,0.3689,0.0,0.275,-0.0,1.4802,1.051,0.0,2.297,0.0,9.980604547168058e-05,102.5,0.5
2178,1790888224.2572663,-0.5073,0.0841,-0.7556,-0.0917,0.3023,0.4857,0.3288,0.3472,0.3071,0.2145,0.4242,0.3613,0.0,0.1865,-0.0,1.0375,1.052,0.0,2.307,0.0,9.980604547168058e-05,138.1,0.52
2179,1790888224.821436,-0.4249,0.0388,-0.7397,-0.1711,0.3061,0.3401,0.2713,0.2979,0.2592,0.2104,0.4262,0.3634,0.0,0.201,-0.0,1.1099,1.05,0.0,2.284,0.0,9.980604547168058e-05,149.1,0.56
2180,1790888225.3620758,-0.368,0.039,-0.5671,-0.1006,0.2576,0.2457,0.2674,0.2433,0.2157,0.1967,0.4408,0.3624,0.0,0.1564,-0.0,0.886,1.04,0.0,2.309,0.0,9.980604547168058e-05,202.6,0.53
2181,1790888225.917566,-0.5206,0.0549,-0.8912,-0.3113,0.4289,0.3658,0.3833,0.4369,0.3389,0.2143,0.4157,0.3699,0.0,0.3235,-0.0,1.7227,1.053,0.0,2.309,0.0,9.980604547168058e-05,94.5,0.55
2182,1790888226.4214487,-0.5107,0.0824,-0.7421,-0.2007,0.3308,0.3151,0.3946,0.4416,0.2933,0.2144,0.4223,0.3633,0.0,0.2143,-0.0,1.1768,1.053,0.0,2.295,0.0,9.980604547168058e-05,129.9,0.5
2183,1790888226.9740214,-0.4079,0.0559,-0.6162,-0.1294,0.2654,0.3071,0.2431,0.3386,0.2367,0.2096,0.4294,0.361,0.0,0.1705,-0.0,0.9573,1.049,0.0,2.309,0.0,9.980604547168058e-05,146.9,0.54
2184,1790888227.530939,-0.4048,0.0538,-0.6729,-0.1409,0.3785,0.3365,0.2746,0.2489,0.2419,0.207,0.4264,0.3666,0.0,0.2486,-0.0,1.3478,1.047,0.0,2.287,0.671,9.980285495784289e-05,193.6,0.55
2185,1790888228.0978727,-0.5413,0.085,-0.8611,-0.3338,0.4399,0.3533,0.4996,0.3821,0.3388,0.208,0.4194,0.3726,0.0,0.3266,-0.0,1.738,1.048,0.0,2.304,0.0,9.980285495784289e-05,86.7,0.56
2186,1790888228.6373363,-0.5453,0.0693,-0.8577,-0.2908,0.3511,0.3952,0.4927,0.3588,0.3497,0.213,0.4188,0.3682,0.0,0.2323,-0.0,1.2666,1.052,0.0,2.275,0.0,9.980285495784289e-05,118.5,0.53
2187,1790888229.1954787,-0.4642,0.0567,-0.7176,-0.2386,0.436,0.3078,0.4032,0.2924,0.2766,0.2045,0.4231,0.3724,0.0,0.2816,-0.0,1.5127,1.047,0.0,2.305,0.0,9.980285495784289e-05,135.2,0.55
2188,1790888229.7371838,-0.4206,0.0469,-0.8268,-0.1808,0.3067,0.3043,0.326,0.2806,0.2609,0.2021,0.4283,0.3696,0.0,0.1996,-0.0,1.1024,1.045,0.0,2.26,0.0,9.980285495784289e-05,179.8,0.53
2189,1790888230.2755113,-0.4865,0.0488,-0.7007,-0.2937,0.3541,0.3328,0.3752,0.3787,0.3132,0.2154,0.4146,0.37,0.0,0.263,-0.0,1.4204,1.055,0.0,2.27,0.0,9.980285495784289e-05,98.1,0.53
2190,1790888230.7811444,-0.5471,0.0704,-0.882,-0.2621,0.324,0.4781,0.3527,0.3967,0.3468,0.2249,0.4098,0.3654,0.0,0.2212,-0.0,1.2117,1.059,0.0,2.307,0.0,9.980285495784289e-05,131.3,0.5
2191,1790888231.2755067,-0.5273,0.0488,-0.7767,-0.3292,0.2993,0.4267,0.3691,0.3957,0.3463,0.212,0.4213,0.3667,0.0,0.1975,-0.0,1.0926,1.051,0.0,2.303,0.0,9.980285495784289e-05,159.1,0.49
2192,1790888231.867538,-0.427,0.0788,-0.7442,-0.175,0.2435,0.2718,0.3996,0.2517,0.237,0.2005,0.4343,0.3652,0.0,0.1566,-0.0,0.8872,1.044,0.0,2.272,0.793,9.979963846781521e-05,184.9,0.58
2193,1790888232.4121342,-0.4625,0.0684,-0.7619,-0.2229,0.3597,0.308,0.4004,0.3197,0.2814,0.2135,0.4136,0.3729,0.0,0.2658,-0.0,1.4345,1.053,0.0,2.3,0.0,9.979963846781521e-05,99.1,0.54
2194,1790888232.9634755,-0.5487,0.056,-0.7767,-0.2458,0.3833,0.377,0.4256,0.4536,0.3694,0.2158,0.4155,0.3686,0.0,0.2567,-0.0,1.3889,1.053,0.0,2.306,0.0,9.979963846781521e-05,130.3,0.54
2195,1790888233.555213,-0.5482,0.0787,-0.7659,-0.1944,0.3422,0.4842,0.3318,0.4221,0.3297,0.2121,0.4192,0.3687,0.0,0.2392,0.0,1.3013,1.052,0.0,2.302,0.0,9.979963846781521e-05,144.8,0.58
2196,1790888234.1205611,-0.4485,0.0538,-0.8205,-0.125,0.2532,0.306,0.2793,0.3909,0.2738,0.2077,0.4223,0.37,0.0,0.1722,-0.0,0.9662,1.05,0.0,2.277,0.0,9.979963846781521e-05,184.8,0.56
2197,1790888234.654329,-0.5363,0.0441,-0.7314,-0.3845,0.3814,0.3852,0.4195,0.4086,0.3581,0.2163,0.4117,0.3719,0.0,0.2635,-0.0,1.4228,1.054,0.0,2.296,0.0,9.979963846781521e-05,105.5,0.52
2198,1790888235.205484,-0.4263,0.0606,-0.65,-0.1489,0.3891,0.3692,0.27,0.2857,0.2491,0.2172,0.4063,0.3764,0.0,0.2861,-0.0,1.5363,1.056,0.0,2.307,0.0,9.979963846781521e-05,118.4,0.54
2199,1790888235.78777,-0.4589,0.1361,-0.84,-0.1023,0.2687,0.245,0.2668,0.5104,0.2259,0.2137,0.4214,0.3649,0.0,0.1808,-0.0,1.0093,1.052,0.0,2.053,0.0,9.979963846781521e-05,141.4,0.58
2200,1790888236.3862126,-0.4683,0.0612,-0.8067,-0.2054,0.3988,0.4063,0.3136,0.311,0.2912,0.2069,0.4205,0.3726,0.0,0.2774,-0.0,1.4921,1.048,0.0,2.296,0.452,9.979639600327522e-05,172.3,0.59
2201,1790888239.2749588,-0.5339,0.0612,-0.8773,-0.2463,0.4087,0.4173,0.4221,0.374,0.34,0.2208,0.4045,0.3748,0.0,0.2736,-0.0,1.4736,1.056,0.0,2.285,0.0,9.979639600327522e-05,79.1,0.69
2202,1790888239.9062393,-0.444,0.0752,-0.6885,-0.2652,0.244,0.3863,0.3256,0.2571,0.2463,0.2119,0.4179,0.3702,0.0,0.1492,-0.0,0.8513,1.052,0.0,2.307,0.0,9.979639600327522e-05,109.5,0.62
2203,1790888240.466093,-0.5007,0.0525,-0.6822,-0.2233,0.442,0.3217,0.3903,0.4011,0.3161,0.2174,0.4067,0.3758,0.0,0.2967,-0.0,1.589,1.054,0.0,2.3,0.0,9.979639600327522e-05,145.0,0.55
2204,1790888241.0029473,-0.429,0.072,-0.6974,-0.2086,0.3542,0.2686,0.3872,0.2592,0.2365,0.2132,0.4143,0.3725,0.0,0.2341,-0.0,1.2755,1.052,0.0,2.244,0.0,9.979639600327522e-05,186.4,0.53
2205,1790888241.511942,-0.4979,0.0741,-0.7771,-0.2557,0.2973,0.4171,0.3998,0.299,0.2879,0.2086,0.4195,0.372,0.0,0.1919,-0.0,1.0645,1.05,0.0,2.301,0.0,9.979639600327522e-05,100.7,0.5
2206,1790888242.0562336,-0.5076,0.0577,-0.8292,-0.2937,0.3977,0.4103,0.332,0.3992,0.3211,0.215,0.4147,0.3703,0.0,0.2567,-0.0,1.3886,1.053,0.0,2.28,0.0,9.979639600327522e-05,122.7,0.54
2207,1790888242.597774,-0.4881,0.0417,-0.7583,-0.3055,0.3762,0.3918,0.3528,0.3382,0.3173,0.2091,0.4197,0.3712,0.0,0.249,-0.0,1.3503,1.05,0.0,2.309,0.0,9.979639600327522e-05,147.9,0.53
2208,1790888243.1395247,-0.3958,0.0532,-0.8251,-0.1584,0.3219,0.3382,0.2698,0.2389,0.2314,0.2078,0.423,0.3691,0.0,0.2113,-0.0,1.1612,1.049,0.0,2.27,0.643,9.979312756591407e-05,203.4,0.53
2209,1790888243.6617265,-0.4851,0.0498,-0.81,-0.2229,0.4169,0.3871,0.3888,0.3207,0.3174,0.2164,0.4096,0.374,0.0,0.2841,0.0,1.526,1.054,0.0,2.309,0.0,9.979312756591407e-05,93.2,0.51
2210,1790888244.2197936,-0.4728,0.0528,-0.7022,-0.3143,0.3855,0.3314,0.3866,0.3197,0.2878,0.2083,0.415,0.3767,0.0,0.2671,-0.0,1.4403,1.049,0.0,2.309,0.0,9.979312756591407e-05,118.3,0.55
2211,1790888244.781903,-0.3976,0.0494,-0.7083,-0.1765,0.3996,0.2731,0.3271,0.2576,0.2353,0.2138,0.4087,0.3775,0.0,0.2804,-0.0,1.5072,1.053,0.0,2.309,0.0,9.979312756591407e-05,140.6,0.55
2212,1790888245.362514,-0.3591,0.0476,-0.5566,-0.1571,0.234,0.2256,0.2943,0.2357,0.215,0.2004,0.4282,0.3714,0.0,0.1397,-0.0,0.8032,1.045,0.0,2.288,0.0,9.979312756591407e-05,180.4,0.57
2213,1790888245.9008276,-0.4675,0.0507,-0.7333,-0.1926,0.3066,0.3604,0.3015,0.3752,0.2923,0.2234,0.4037,0.373,0.0,0.2423,-0.0,1.3175,1.06,0.0,2.309,0.0,9.979312756591407e-05,97.5,0.53
2214,1790888246.4450595,-0.4574,0.058,-0.7333,-0.1222,0.2885,0.3268,0.2954,0.3838,0.2772,0.2115,0.418,0.3705,0.0,0.2063,-0.0,1.1367,1.053,0.0,2.309,0.0,9.979312756591407e-05,118.9,0.54
2215,1790888246.96375,-0.466,0.0696,-0.7238,-0.1948,0.2876,0.2918,0.4282,0.3177,0.2805,0.2121,0.4125,0.3754,0.0,0.1899,-0.0,1.0551,1.053,0.0,2.298,0.0,9.979312756591407e-05,149.4,0.51
2216,1790888247.592875,-0.5162,0.0735,-0.8784,-0.16,0.3295,0.4225,0.3287,0.423,0.3192,0.1979,0.4263,0.3758,0.0,0.2122,-0.0,1.1653,1.044,0.0,2.25,0.36,9.978983315743657e-05,171.6,0.62
2217,1790888248.1495125,-0.4843,0.0805,-0.7349,-0.0879,0.4897,0.3666,0.2925,0.437,0.2879,0.2109,0.41,0.3791,0.0,0.366,-0.0,1.935,1.051,0.0,2.298,0.0,9.978983315743657e-05,96.6,0.55
2218,1790888248.7475288,-0.5569,0.0592,-0.7391,-0.4079,0.244,0.4056,0.3891,0.4794,0.3643,0.2147,0.4135,0.3718,0.0,0.1532,-0.0,0.8715,1.055,0.0,2.282,0.0,9.978983315743657e-05,125.1,0.54
2219,1790888249.2985265,-0.5559,0.1159,-0.8808,-0.2194,0.3287,0.5547,0.3944,0.3144,0.3124,0.2166,0.4087,0.3747,0.0,0.2171,-0.0,1.1911,1.056,0.0,2.23,0.0,9.978983315743657e-05,153.8,0.54
2220,1790888249.941134,-0.3891,0.0378,-0.577,-0.2418,0.3114,0.2488,0.3003,0.2632,0.2375,0.2015,0.4218,0.3768,0.0,0.1903,-0.0,1.0561,1.046,0.0,2.309,0.0,9.978983315743657e-05,171.2,0.63
2221,1790888250.500022,-0.5282,0.052,-0.7341,-0.1792,0.4168,0.3685,0.4383,0.3759,0.3443,0.2166,0.4027,0.3807,0.0,0.3099,-0.0,1.6548,1.055,0.0,2.285,0.0,9.978983315743657e-05,95.4,0.55
2222,1790888251.1513362,-0.4321,0.0553,-0.6262,-0.173,0.2743,0.2628,0.324,0.3492,0.2575,0.2115,0.4154,0.3731,0.0,0.1721,-0.0,0.9655,1.051,0.0,2.289,0.0,9.978983315743657e-05,114.5,0.64
2223,1790888251.7257051,-0.4337,0.0371,-0.6716,-0.1448,0.3167,0.3282,0.3337,0.2927,0.2811,0.2059,0.4235,0.3706,0.0,0.2055,-0.0,1.1321,1.048,0.0,2.283,0.0,9.978983315743657e-05,156.2,0.57
2224,1790888252.3289323,-0.4047,0.0409,-0.6338,-0.1438,0.333,0.2964,0.2698,0.3042,0.2516,0.2035,0.4208,0.3757,0.0,0.2082,-0.0,1.1455,1.047,0.0,2.285,0.163,9.9786512779561e-05,176.4,0.59
2225,1790888252.8804271,-0.5354,0.0874,-0.8167,-0.2704,0.3626,0.3372,0.5079,0.3722,0.3262,0.2149,0.4102,0.3748,0.0,0.2564,-0.0,1.3872,1.054,0.0,2.241,0.0,9.9786512779561e-05,91.1,0.54
2226,1790888255.6465628,-0.4892,0.0776,-0.8167,-0.2746,0.3046,0.4483,0.3313,0.321,0.2937,0.2123,0.4118,0.3759,0.0,0.188,-0.0,1.045,1.053,0.0,2.307,0.0,9.9786512779561e-05,111.0,0.61
2227,1790888256.1722763,-0.456,0.0438,-0.7633,-0.2262,0.2713,0.3218,0.3765,0.3157,0.2968,0.211,0.4139,0.3751,0.0,0.1654,0.0,0.9324,1.052,0.0,2.309,0.0,9.9786512779561e-05,154.5,0.52
2228,1790888256.7302895,-0.3641,0.0505,-0.6221,-0.1566,0.283,0.2781,0.2257,0.2522,0.2059,0.2074,0.4132,0.3793,0.0,0.1818,-0.0,1.0139,1.051,0.0,2.305,0.0,9.9786512779561e-05,182.2,0.55
2229,1790888257.2664578,-0.5538,0.097,-1.15,-0.1462,0.3384,0.5294,0.4239,0.33,0.3278,0.2062,0.4131,0.3807,0.0,0.2055,0.0,1.1324,1.049,0.0,2.309,0.0,9.9786512779561e-05,92.4,0.53
2230,1790888257.817678,-0.4309,0.0319,-0.6139,-0.2384,0.4472,0.3173,0.3037,0.2986,0.2745,0.2173,0.4069,0.3757,0.0,0.3062,-0.0,1.6363,1.054,0.0,2.292,0.0,9.9786512779561e-05,134.0,0.54
2231,1790888258.3938742,-0.4775,0.0516,-0.7037,-0.225,0.3213,0.3869,0.3554,0.3105,0.2961,0.2104,0.4148,0.3748,0.0,0.2051,-0.0,1.1307,1.052,0.0,2.292,0.0,9.9786512779561e-05,152.7,0.57
2232,1790888259.0212371,-0.4109,0.0309,-0.5364,-0.2288,0.2419,0.2914,0.2685,0.2914,0.2549,0.2045,0.4218,0.3738,0.0,0.1342,-0.0,0.7756,1.048,0.0,2.278,0.574,9.978316643401917e-05,179.5,0.62
2233,1790888259.5975347,-0.4848,0.0871,-0.7333,-0.1711,0.3279,0.2909,0.453,0.3437,0.2733,0.2096,0.41,0.3804,0.0,0.2403,-0.0,1.3065,1.051,0.0,2.3,0.0,9.978316643401917e-05,97.8,0.57
2234,1790888260.0978315,-0.3894,0.0794,-0.6746,-0.1375,0.204,0.2131,0.3648,0.2393,0.2009,0.2158,0.4088,0.3754,0.0,0.115,-0.0,0.6805,1.056,0.0,2.309,0.0,9.978316643401917e-05,143.8,0.49
2235,1790888260.6885211,-0.444,0.0981,-0.7979,-0.2061,0.3791,0.4244,0.324,0.2326,0.2301,0.2109,0.4087,0.3804,0.0,0.2352,-0.0,1.2814,1.052,0.0,2.309,0.0,9.978316643401917e-05,145.1,0.58
2236,1790888261.2672136,-0.4408,0.0571,-0.8864,-0.1836,0.2432,0.2767,0.2994,0.3855,0.2683,0.2041,0.4168,0.3792,0.0,0.1607,-0.0,0.9082,1.049,0.0,2.301,0.0,9.978316643401917e-05,208.4,0.57
2237,1790888261.8200402,-0.394,0.06,-0.7071,-0.2051,0.3951,0.2432,0.3239,0.2729,0.2189,0.2191,0.3966,0.3843,0.0,0.2735,-0.0,1.4732,1.056,0.0,2.283,0.0,9.978316643401917e-05,104.4,0.55
2238,1790888262.3811295,-0.4858,0.0408,-0.6555,-0.2182,0.4403,0.3692,0.3623,0.3424,0.3214,0.2141,0.4046,0.3813,0.0,0.3,-0.0,1.6054,1.053,0.0,2.238,0.0,9.978316643401917e-05,129.2,0.55
2239,1790888262.959051,-0.433,0.0532,-0.6717,-0.0524,0.2771,0.3108,0.3389,0.2731,0.2467,0.2092,0.4169,0.3739,0.0,0.1692,-0.0,0.9513,1.05,0.0,2.291,0.0,9.978316643401917e-05,149.2,0.57
2240,1790888263.5145304,-0.4246,0.0827,-0.6328,-0.2119,0.3116,0.3804,0.2211,0.3121,0.2211,0.2071,0.4154,0.3774,0.0,0.1945,-0.0,1.0776,1.05,0.0,2.304,0.368,9.977979412255651e-05,206.4,0.55
2241,1790888264.0728254,-0.4808,0.0732,-0.6722,-0.1839,0.2441,0.4451,0.3214,0.3138,0.302,0.2154,0.4059,0.3787,0.0,0.1461,0.0,0.8361,1.056,0.0,2.305,0.0,9.977979412255651e-05,93.0,0.55
2242,1790888264.6327422,-0.4821,0.0488,-0.7146,-0.2931,0.3971,0.3885,0.3646,0.3135,0.3052,0.2098,0.405,0.3852,0.0,0.2855,-0.0,1.5325,1.052,0.0,2.302,0.0,9.977979412255651e-05,120.9,0.55
2243,1790888265.165288,-0.5245,0.0797,-0.8363,-0.1946,0.381,0.3335,0.4764,0.3847,0.3238,0.2113,0.4076,0.3811,0.0,0.2576,-0.0,1.3934,1.052,0.0,2.257,0.0,9.977979412255651e-05,139.0,0.52
2244,1790888265.7784376,-0.4514,0.0756,-0.726,-0.215,0.2721,0.2811,0.4135,0.2894,0.2695,0.199,0.418,0.3831,0.0,0.1647,-0.0,0.9279,1.045,0.0,2.299,0.0,9.977979412255651e-05,173.0,0.6
2245,1790888266.324496,-0.5538,0.1008,-0.8441,-0.2359,0.3692,0.5421,0.3924,0.3333,0.3279,0.2143,0.3999,0.3858,0.0,0.3132,-0.0,1.6714,1.055,0.0,2.263,0.0,9.977979412255651e-05,96.4,0.54
2246,1790888266.8860655,-0.5047,0.0798,-0.9031,-0.2202,0.3366,0.3762,0.4504,0.2926,0.2854,0.2152,0.4014,0.3834,0.0,0.2299,-0.0,1.2553,1.056,0.0,2.283,0.0,9.977979412255651e-05,118.1,0.55
2247,1790888267.4331262,-0.4776,0.0821,-0.8481,-0.1335,0.3453,0.396,0.2657,0.3673,0.2563,0.2135,0.4066,0.3799,0.0,0.22,-0.0,1.2053,1.054,0.0,2.208,0.0,9.977979412255651e-05,143.9,0.54
2248,1790888268.0343032,-0.4481,0.0515,-0.8195,-0.1371,0.2516,0.3254,0.2905,0.3683,0.275,0.1995,0.421,0.3795,0.0,0.1607,-0.0,0.9079,1.045,0.0,2.305,0.554,9.977639584693195e-05,186.7,0.59
2249,1790888268.585954,-0.472,0.072,-0.8122,-0.1222,0.3418,0.3197,0.3313,0.3887,0.2645,0.2126,0.3964,0.391,0.0,0.2234,-0.0,1.2225,1.054,0.0,2.288,0.0,9.977639584693195e-05,103.5,0.54
2250,1790888269.1533892,-0.467,0.0819,-0.7038,-0.1825,0.3635,0.3387,0.4277,0.2734,0.2659,0.2135,0.4037,0.3829,0.0,0.2217,-0.0,1.2138,1.053,0.0,2.289,0.0,9.977639584693195e-05,126.2,0.56
2251,1790888272.2488694,-0.4209,0.0663,-0.8381,-0.1794,0.3056,0.3525,0.2609,0.2979,0.242,0.2101,0.4077,0.3822,0.0,0.2045,-0.0,1.1277,1.053,0.0,2.287,0.0,9.977639584693195e-05,123.8,0.68
2252,1790888272.7643502,-0.492,0.1175,-0.9449,-0.1742,0.2703,0.3555,0.4985,0.2477,0.2477,0.1968,0.4179,0.3853,0.0,0.1757,0.0,0.9829,1.044,0.0,2.267,0.0,9.977639584693195e-05,232.7,0.51
2253,1790888273.2246497,-0.5323,0.0582,-0.7348,-0.1679,0.3072,0.4257,0.4029,0.3907,0.3558,0.2121,0.4033,0.3846,0.0,0.2233,-0.0,1.2218,1.054,0.0,2.306,0.0,9.977639584693195e-05,107.0,0.45
2254,1790888273.7589939,-0.4778,0.1168,-0.8481,-0.1226,0.4371,0.2733,0.3083,0.4904,0.2506,0.2121,0.3987,0.3892,0.0,0.2804,-0.0,1.5072,1.052,0.0,2.309,0.0,9.977639584693195e-05,119.9,0.52
2255,1790888274.3216739,-0.4794,0.0491,-0.7043,-0.3438,0.3203,0.3798,0.3457,0.325,0.3066,0.2119,0.4044,0.3838,0.0,0.2072,-0.0,1.1413,1.054,0.0,2.291,0.0,9.977639584693195e-05,136.4,0.55
2256,1790888274.9434297,-0.3749,0.0519,-0.8328,-0.1754,0.4144,0.2427,0.2249,0.2983,0.2122,0.2045,0.4046,0.3908,0.0,0.2826,-0.0,1.5177,1.048,0.0,2.299,0.11,9.977297160891792e-05,154.2,0.61
2257,1790888275.5036993,-0.4635,0.0723,-0.7962,-0.1414,0.4369,0.3613,0.2728,0.3913,0.2682,0.2103,0.3931,0.3966,0.0,0.3094,-0.0,1.6523,1.052,0.0,2.309,0.0,9.977297160891792e-05,99.1,0.55
2258,1790888276.057542,-0.4504,0.0453,-0.6577,-0.2533,0.3678,0.332,0.2934,0.3658,0.2886,0.2162,0.3952,0.3886,0.0,0.2546,-0.0,1.3787,1.055,0.0,2.309,0.0,9.977297160891792e-05,121.9,0.55
2259,1790888276.631111,-0.4386,0.0396,-0.656,-0.3313,0.3177,0.3081,0.3301,0.3161,0.284,0.2069,0.4064,0.3866,0.0,0.1985,-0.0,1.0974,1.051,0.0,2.309,0.0,9.977297160891792e-05,141.3,0.56
2260,1790888277.2049646,-0.4991,0.0613,-0.9331,-0.3014,0.3455,0.3595,0.318,0.4256,0.3064,0.2058,0.4081,0.386,0.0,0.2208,-0.0,1.2088,1.049,0.0,2.302,0.0,9.977297160891792e-05,180.8,0.56
2261,1790888277.7768064,-0.5668,0.0617,-0.8484,-0.3958,0.3908,0.4389,0.3837,0.496,0.3751,0.2106,0.3998,0.3896,0.0,0.262,-0.0,1.4153,1.053,0.0,2.275,0.0,9.977297160891792e-05,91.1,0.56
2262,1790888278.2923727,-0.5082,0.0645,-0.7676,-0.2205,0.3443,0.4382,0.3262,0.3828,0.3181,0.207,0.4036,0.3894,0.0,0.2639,-0.0,1.4243,1.05,0.0,2.304,0.0,9.977297160891792e-05,129.7,0.51
2263,1790888278.8504965,-0.4781,0.1341,-0.8389,-0.1953,0.4395,0.2593,0.5235,0.2883,0.2507,0.212,0.3992,0.3888,0.0,0.3002,-0.0,1.6061,1.051,0.0,2.286,0.0,9.977297160891792e-05,145.4,0.55
2264,1790888279.4762015,-0.442,0.0538,-0.8683,-0.212,0.4392,0.3347,0.3576,0.28,0.2709,0.2029,0.4016,0.3955,0.0,0.2924,-0.0,1.5667,1.047,0.0,2.304,0.42,9.976952141030049e-05,174.7,0.62
2265,1790888279.974657,-0.557,0.0825,-0.8318,-0.2781,0.3322,0.5222,0.3854,0.3541,0.3447,0.2135,0.393,0.3935,0.0,0.2513,-0.0,1.3621,1.055,0.0,2.244,0.0,9.976952141030049e-05,106.1,0.49
2266,1790888280.510031,-0.5208,0.0648,-0.7389,-0.253,0.3695,0.3349,0.4451,0.4025,0.3283,0.2159,0.3952,0.389,0.0,0.2577,-0.0,1.394,1.054,0.0,2.29,0.0,9.976952141030049e-05,120.2,0.53
2267,1790888281.069657,-0.5006,0.0512,-0.8205,-0.2841,0.3169,0.324,0.4073,0.3881,0.3149,0.2062,0.407,0.3868,0.0,0.2026,-0.0,1.1179,1.049,0.0,2.294,0.0,9.976952141030049e-05,145.1,0.55
2268,1790888281.686655,-0.3651,0.0497,-0.5185,-0.1433,0.2196,0.2703,0.2755,0.2242,0.2093,0.2045,0.4103,0.3853,0.0,0.1328,-0.0,0.7692,1.05,0.0,2.308,0.0,9.976952141030049e-05,160.8,0.61
2269,1790888282.2618887,-0.5546,0.0789,-0.8385,-0.2708,0.3728,0.383,0.3716,0.5138,0.344,0.2138,0.3971,0.3891,0.0,0.25,-0.0,1.3554,1.054,0.0,2.305,0.0,9.976952141030049e-05,97.2,0.57
2270,1790888282.8114023,-0.4554,0.0458,-0.7838,-0.2118,0.2853,0.361,0.3033,0.3565,0.2919,0.2107,0.4047,0.3846,0.0,0.188,-0.0,1.0455,1.053,0.0,2.309,0.0,9.976952141030049e-05,128.7,0.54
2271,1790888283.3708625,-0.4627,0.0561,-0.7332,-0.3069,0.3364,0.3043,0.3857,0.313,0.283,0.2038,0.4057,0.3905,0.0,0.2243,0.0,1.2263,1.048,0.0,2.291,0.0,9.976952141030049e-05,164.3,0.55
2272,1790888284.00634,-0.5956,0.0694,-0.9154,-0.2423,0.4472,0.5436,0.4253,0.4186,0.3933,0.2002,0.4045,0.3953,0.0,0.3278,-0.0,1.7437,1.046,0.0,2.294,0.184,9.976604525287918e-05,182.6,0.63
2273,1790888284.5579,-0.5178,0.0367,-1.025,-0.2054,0.4487,0.4274,0.3861,0.3862,0.3599,0.2058,0.396,0.3982,0.0,0.3066,-0.0,1.6378,1.049,0.0,2.309,0.0,9.976604525287918e-05,89.7,0.54
2274,1790888285.10716,-0.5548,0.0694,-0.8577,-0.318,0.5457,0.4491,0.3681,0.4236,0.355,0.2142,0.3916,0.3942,0.0,0.4,-0.0,2.1055,1.053,0.0,2.308,0.0,9.976604525287918e-05,123.7,0.54
2275,1790888285.6788177,-0.5154,0.1067,-0.8741,-0.1634,0.3572,0.5224,0.3187,0.3225,0.303,0.2074,0.399,0.3936,0.0,0.2288,-0.0,1.249,1.051,0.0,2.088,0.0,9.976604525287918e-05,143.6,0.56
2276,1790888288.5501943,-0.3505,0.0522,-0.5859,-0.1365,0.3078,0.2866,0.2331,0.1902,0.1884,0.1956,0.4088,0.3957,0.0,0.1815,-0.0,1.0118,1.043,0.0,2.309,0.0,9.976604525287918e-05,159.3,0.71
2277,1790888289.0288095,-0.5305,0.0492,-0.8858,-0.244,0.3769,0.4156,0.4192,0.3584,0.3474,0.2118,0.3929,0.3954,0.0,0.2856,-0.0,1.5335,1.053,0.0,2.302,0.0,9.976604525287918e-05,110.2,0.47
2278,1790888289.5612497,-0.455,0.0495,-0.6517,-0.1782,0.3422,0.3779,0.2983,0.3131,0.277,0.2106,0.399,0.3903,0.0,0.2298,-0.0,1.2541,1.052,0.0,2.307,0.0,9.976604525287918e-05,125.5,0.52
2279,1790888290.1345627,-0.3818,0.0471,-0.6803,-0.0615,0.2956,0.2893,0.2338,0.2898,0.2247,0.2113,0.3984,0.3903,0.0,0.181,-0.0,1.0105,1.054,0.0,2.296,0.0,9.976604525287918e-05,142.1,0.56
2280,1790888290.725536,-0.4332,0.0588,-0.6242,-0.2442,0.282,0.2953,0.2602,0.3617,0.243,0.2018,0.4066,0.3916,0.0,0.1747,-0.0,0.9783,1.048,0.0,2.303,0.926,9.97625431384671e-05,168.3,0.58
2281,1790888291.217385,-0.5129,0.0488,-0.7362,-0.3389,0.3907,0.374,0.3674,0.4062,0.3366,0.2104,0.3929,0.3967,0.0,0.2709,-0.0,1.4596,1.052,0.0,2.309,0.0,9.97625431384671e-05,108.6,0.48
2282,1790888291.7035763,-0.5789,0.1064,-0.95,-0.2592,0.2538,0.3558,0.569,0.3983,0.3397,0.2078,0.4007,0.3915,0.0,0.1639,-0.0,0.9245,1.051,0.0,2.16,0.0,9.97625431384671e-05,140.1,0.48
2283,1790888292.218863,-0.4867,0.0711,-0.7214,-0.2911,0.3979,0.4303,0.3219,0.3208,0.2964,0.2085,0.3918,0.3997,0.0,0.2654,-0.0,1.4322,1.05,0.0,2.304,0.0,9.97625431384671e-05,153.2,0.51
2284,1790888292.8666008,-0.4602,0.0593,-0.8342,-0.2568,0.2896,0.3819,0.2816,0.3341,0.2721,0.1862,0.4144,0.3994,0.0,0.1934,-0.0,1.0705,1.036,0.0,2.291,0.0,9.97625431384671e-05,188.0,0.64
2285,1790888293.3951771,-0.4993,0.07,-0.7549,-0.3193,0.4126,0.3905,0.3433,0.3828,0.3015,0.2134,0.3932,0.3934,0.0,0.2976,-0.0,1.593,1.052,0.0,2.306,0.0,9.97625431384671e-05,108.2,0.52
2286,1790888293.8720183,-0.4511,0.043,-0.8553,-0.2095,0.4026,0.326,0.3616,0.3082,0.2902,0.2106,0.3966,0.3929,0.0,0.0407,-0.2484,1.5505,1.052,0.0,4.132,0.0,9.97625431384671e-05,146.1,0.47
2287,1790888294.4161909,-0.4812,0.0693,-0.8167,-0.2221,0.3096,0.2805,0.3969,0.3881,0.2796,0.2109,0.398,0.3912,0.0,0.2196,0.0,1.2031,1.053,0.0,2.309,0.0,9.97625431384671e-05,154.6,0.54
2288,1790888295.0066786,-0.3355,0.0292,-0.6139,-0.106,0.2909,0.2172,0.2309,0.2447,0.2055,0.1952,0.4081,0.3967,0.0,0.1782,-0.0,0.9952,1.043,0.0,2.291,0.151,9.97590150688909e-05,182.7,0.58
2289,1790888295.5638888,-0.4791,0.0601,-0.7195,-0.158,0.353,0.3145,0.4078,0.3544,0.2996,0.2064,0.3949,0.3987,0.0,0.2884,-0.0,1.5472,1.05,0.0,2.267,0.0,9.97590150688909e-05,99.3,0.55
2290,1790888296.0875323,-0.4832,0.0867,-0.7553,-0.2308,0.3205,0.2831,0.3284,0.4439,0.2721,0.208,0.4023,0.3897,0.0,0.2035,-0.0,1.1226,1.051,0.0,2.194,0.0,9.97590150688909e-05,134.9,0.52
2291,1790888296.6287117,-0.4823,0.07,-0.7391,-0.2492,0.2148,0.4066,0.2868,0.3747,0.2849,0.2096,0.4002,0.3902,0.0,0.134,-0.0,0.7752,1.053,0.0,2.279,0.0,9.97590150688909e-05,154.5,0.53
2292,1790888297.198551,-0.4311,0.0282,-0.7241,-0.2659,0.389,0.2959,0.3119,0.3373,0.2847,0.1993,0.4018,0.3988,0.0,0.2563,-0.0,1.3861,1.046,0.0,2.309,0.0,9.97590150688909e-05,188.6,0.56
2293,1790888297.7320685,-0.493,0.0485,-0.7136,-0.3028,0.33,0.359,0.3775,0.3612,0.315,0.2061,0.4005,0.3934,0.0,0.2105,-0.0,1.1574,1.05,0.0,2.283,0.0,9.97590150688909e-05,101.8,0.52
2294,1790888298.314643,-0.4149,0.0736,-0.6711,-0.1307,0.3489,0.3827,0.2592,0.2489,0.238,0.208,0.3967,0.3953,0.0,0.2461,-0.0,1.3354,1.051,0.0,2.309,0.0,9.97590150688909e-05,107.3,0.57
2295,1790888298.867612,-0.438,0.0339,-0.7437,-0.275,0.5119,0.3178,0.3144,0.3211,0.2898,0.2063,0.3915,0.4022,0.0,0.3576,-0.0,1.893,1.048,0.0,2.309,0.0,9.97590150688909e-05,139.8,0.54
2296,1790888299.51876,-0.417,0.0355,-0.6763,-0.1694,0.4229,0.3015,0.2995,0.3096,0.2699,0.2025,0.3977,0.3998,0.0,0.3005,-0.0,1.6073,1.047,0.0,2.309,0.227,9.97554610459907e-05,141.8,0.64
2297,1790888300.0728054,-0.5564,0.1257,-0.9,-0.1312,0.3545,0.4521,0.5433,0.2827,0.2827,0.2089,0.3976,0.3935,0.0,0.2529,-0.0,1.3695,1.052,0.0,2.298,0.0,9.97554610459907e-05,95.4,0.55
2298,1790888300.6356938,-0.436,0.0438,-0.6417,-0.2167,0.3325,0.2987,0.3518,0.3033,0.2674,0.2046,0.3986,0.3968,0.0,0.2153,-0.0,1.1813,1.05,0.0,2.308,0.0,9.97554610459907e-05,123.9,0.55
2299,1790888301.2005074,-0.396,0.0633,-0.6852,-0.185,0.3599,0.3327,0.2568,0.2612,0.2313,0.2068,0.3941,0.3991,0.0,0.2405,-0.0,1.3075,1.05,0.0,2.309,0.0,9.97554610459907e-05,150.4,0.56
2300,1790888301.7773829,-0.4549,0.0507,-0.7471,-0.2118,0.3104,0.2995,0.3766,0.3136,0.2785,0.1967,0.4036,0.3997,0.0,0.191,-0.0,1.0595,1.044,0.0,2.293,0.0,9.97554610459907e-05,211.0,0.57
2301,1790888304.6419735,-0.4499,0.051,-0.8221,-0.1186,0.388,0.3687,0.2862,0.3305,0.2723,0.208,0.3913,0.4007,0.0,0.2792,0.0,1.5011,1.051,0.0,2.309,0.0,9.97554610459907e-05,79.8,0.68
2302,1790888305.181431,-0.4666,0.0719,-0.7199,-0.1898,0.4242,0.2661,0.3927,0.3833,0.2661,0.205,0.3989,0.3961,0.0,0.3139,-0.0,1.6743,1.048,0.0,2.306,0.0,9.97554610459907e-05,127.0,0.53
2303,1790888305.7194517,-0.4479,0.0584,-0.7619,-0.1764,0.3619,0.3308,0.2777,0.3819,0.2704,0.2023,0.3986,0.3991,0.0,0.2531,-0.0,1.3705,1.048,0.0,2.309,0.0,9.97554610459907e-05,151.5,0.53
2304,1790888306.3274963,-0.3559,0.0396,-0.6727,-0.1553,0.3339,0.2509,0.2435,0.2528,0.2149,0.1921,0.4068,0.4011,0.0,0.1976,-0.0,1.0921,1.041,0.0,2.271,0.254,9.975188107162026e-05,179.0,0.6
2305,1790888306.8472397,-0.5226,0.0648,-0.7532,-0.2835,0.3137,0.3933,0.4169,0.3634,0.3211,0.2147,0.3923,0.393,0.0,0.212,-0.0,1.1656,1.054,0.0,2.305,0.0,9.975188107162026e-05,105.6,0.51
2306,1790888307.3968556,-0.4613,0.0761,-0.6897,-0.1541,0.2475,0.2659,0.3702,0.3757,0.2538,0.2084,0.3954,0.3962,0.0,0.1523,-0.0,0.8666,1.052,0.0,2.294,0.0,9.975188107162026e-05,117.1,0.54
2307,1790888307.9669514,-0.5719,0.1013,-0.9028,-0.2728,0.3344,0.4804,0.5116,0.3133,0.3059,0.2069,0.3957,0.3974,0.0,0.2175,-0.0,1.1923,1.051,0.0,2.292,0.0,9.975188107162026e-05,141.5,0.56
2308,1790888308.5615788,-0.4014,0.0444,-0.6378,-0.1437,0.3553,0.2907,0.287,0.2658,0.2396,0.1928,0.4041,0.4031,0.0,0.2205,-0.0,1.2067,1.041,0.0,2.304,0.0,9.975188107162026e-05,186.4,0.59
2309,1790888309.1277463,-0.564,0.1024,-0.9372,-0.2179,0.2851,0.3481,0.5335,0.4171,0.3336,0.2049,0.3968,0.3983,0.0,0.2113,-0.0,1.1617,1.05,0.0,2.302,0.0,9.975188107162026e-05,95.3,0.56
2310,1790888309.6828868,-0.4941,0.0666,-0.7067,-0.2029,0.2829,0.3234,0.3428,0.4402,0.3078,0.2045,0.3983,0.3972,0.0,0.1971,-0.0,1.0906,1.049,0.0,2.309,0.0,9.975188107162026e-05,117.9,0.55
2311,1790888310.2495077,-0.4777,0.0727,-0.7483,-0.1424,0.2123,0.2969,0.3393,0.4169,0.2797,0.2017,0.4046,0.3937,0.0,0.1381,-0.0,0.7953,1.047,0.0,2.251,0.0,9.975188107162026e-05,151.4,0.56
2312,1790888310.8215897,-0.4136,0.0589,-0.6085,-0.15,0.2405,0.3404,0.3013,0.2354,0.2344,0.1989,0.4053,0.3958,0.0,0.1549,-0.0,0.8789,1.046,0.0,2.304,0.333,9.97482751476468e-05,182.5,0.56
2313,1790888311.3543665,-0.5027,0.0511,-0.6885,-0.2729,0.3379,0.3889,0.3742,0.3511,0.3204,0.1983,0.4016,0.4002,0.0,0.2132,-0.0,1.1705,1.045,0.0,2.309,0.0,9.97482751476468e-05,100.2,0.52
2314,1790888311.9170246,-0.6285,0.0512,-0.8219,-0.3968,0.3183,0.4317,0.5287,0.5106,0.4309,0.2083,0.392,0.3998,0.0,0.2255,-0.0,1.2329,1.052,0.0,2.309,0.0,9.97482751476468e-05,120.5,0.55
2315,1790888312.4713318,-0.4752,0.0778,-0.8491,-0.237,0.3203,0.3225,0.3026,0.4455,0.289,0.2035,0.4046,0.3919,0.0,0.2067,-0.0,1.1385,1.048,0.0,2.309,0.0,9.97482751476468e-05,150.9,0.55
2316,1790888313.0755055,-0.5396,0.0832,-0.8577,-0.2265,0.2805,0.4531,0.4595,0.3075,0.3075,0.1925,0.4077,0.3998,0.0,0.1783,-0.0,0.9958,1.042,0.0,2.277,0.0,9.97482751476468e-05,158.7,0.59
2317,1790888313.619679,-0.4801,0.0738,-0.8722,-0.2389,0.3373,0.4364,0.3227,0.3127,0.2905,0.2109,0.388,0.4011,0.0,0.2506,-0.0,1.3585,1.052,0.0,2.277,0.0,9.97482751476468e-05,101.8,0.54
2318,1790888314.1630359,-0.4584,0.0614,-0.701,-0.2033,0.3729,0.345,0.3835,0.3014,0.2752,0.2099,0.3913,0.3988,0.0,0.2527,-0.0,1.3688,1.051,0.0,2.275,0.0,9.97482751476468e-05,124.8,0.53
2319,1790888314.7499795,-0.4842,0.11,-0.88,-0.2372,0.3279,0.4959,0.3208,0.2736,0.265,0.2005,0.4014,0.3981,0.0,0.2171,-0.0,1.1901,1.046,0.0,2.227,0.0,9.97482751476468e-05,142.9,0.58
2320,1790888315.387606,-0.4019,0.0479,-0.7249,-0.2108,0.291,0.2744,0.2784,0.2959,0.2405,0.1916,0.4062,0.4022,0.0,0.1827,-0.0,1.0175,1.041,0.0,2.309,0.39,9.97446432759511e-05,176.3,0.63
2321,1790888315.9636486,-0.4908,0.0474,-0.9192,-0.2507,0.5365,0.3489,0.3837,0.3646,0.3156,0.2041,0.3882,0.4077,0.0,0.3715,-0.0,1.9621,1.047,0.0,2.309,0.0,9.97446432759511e-05,101.7,0.57
2322,1790888316.550268,-0.4646,0.0625,-0.7479,-0.1035,0.4143,0.296,0.3234,0.4068,0.2847,0.2102,0.3902,0.3995,0.0,0.2965,-0.0,1.5875,1.051,0.0,2.301,0.0,9.97446432759511e-05,125.2,0.58
2323,1790888317.0802088,-0.4388,0.0633,-0.7293,-0.2271,0.2629,0.3337,0.2605,0.3711,0.2605,0.204,0.4007,0.3953,0.0,0.172,-0.0,0.965,1.049,0.0,2.302,0.0,9.97446432759511e-05,161.8,0.52
2324,1790888317.70356,-0.3788,0.0494,-0.6876,-0.1755,0.2005,0.2385,0.3115,0.2294,0.2162,0.1908,0.404,0.4052,0.0,0.1248,-0.0,0.728,1.041,0.0,2.294,0.0,9.97446432759511e-05,173.3,0.61
2325,1790888318.246262,-0.5347,0.0681,-0.8861,-0.2303,0.4308,0.4571,0.3682,0.3992,0.3449,0.2047,0.3909,0.4044,0.0,0.2921,-0.0,1.5653,1.048,0.0,2.309,0.0,9.97446432759511e-05,108.2,0.53
2326,1790888321.0266674,-0.507,0.0473,-0.6775,-0.3629,0.3104,0.3807,0.3534,0.3884,0.3294,0.209,0.3922,0.3988,0.0,0.1904,-0.0,1.057,1.052,0.0,2.309,0.0,9.97446432759511e-05,113.1,0.61
2327,1790888321.5661588,-0.4534,0.0421,-0.9147,-0.1409,0.3303,0.3468,0.2926,0.3558,0.2878,0.2002,0.3991,0.4007,0.0,0.31,-0.0,1.6547,1.046,0.0,2.309,0.0,9.97446432759511e-05,161.8,0.53
2328,1790888322.158774,-0.3904,0.0449,-0.6179,-0.1333,0.3123,0.226,0.2895,0.2954,0.2228,0.1935,0.4046,0.402,0.0,0.2038,-0.0,1.1234,1.042,0.0,2.252,0.546,9.974098545842748e-05,192.0,0.58
2329,1790888322.6912913,-0.5835,0.0917,-0.8679,-0.2118,0.3322,0.5387,0.4565,0.3643,0.3547,0.2068,0.3939,0.3993,0.0,0.204,-0.0,1.1248,1.051,0.0,2.303,0.0,9.974098545842748e-05,94.7,0.52
2330,1790888323.264519,-0.4214,0.0368,-0.7404,-0.2051,0.2559,0.3125,0.2984,0.2951,0.2646,0.207,0.3965,0.3965,0.0,0.1571,-0.0,0.8906,1.051,0.0,2.303,0.0,9.974098545842748e-05,115.6,0.57
2331,1790888323.8409839,-0.455,0.0674,-0.6955,-0.1593,0.3431,0.3236,0.3939,0.2769,0.2663,0.2004,0.3985,0.4011,0.0,0.219,-0.0,1.1996,1.046,0.0,2.305,0.0,9.974098545842748e-05,144.6,0.57
2332,1790888324.4626017,-0.4625,0.0674,-0.8068,-0.2418,0.4081,0.2881,0.3186,0.4093,0.2834,0.1922,0.3987,0.4091,0.0,0.2809,-0.0,1.5087,1.04,0.0,2.305,0.0,9.974098545842748e-05,171.5,0.61
2333,1790888325.0305293,-0.4832,0.0867,-0.7629,-0.1447,0.3433,0.3919,0.2737,0.4359,0.2737,0.2017,0.3935,0.4048,0.0,0.2459,-0.0,1.3343,1.047,0.0,2.307,0.0,9.974098545842748e-05,94.0,0.56
2334,1790888325.5673752,-0.466,0.0489,-0.8375,-0.2167,0.3783,0.3725,0.3651,0.2944,0.2894,0.2004,0.3965,0.4031,0.0,0.2412,-0.0,1.3107,1.046,0.0,2.303,0.0,9.974098545842748e-05,133.5,0.53
2335,1790888326.1214669,-0.4167,0.0743,-0.7132,-0.1042,0.2613,0.2209,0.3407,0.3371,0.2168,0.1999,0.4015,0.3985,0.0,0.1789,-0.0,0.9992,1.047,0.0,2.283,0.0,9.974098545842748e-05,142.2,0.55
2336,1790888326.7491682,-0.4629,0.0492,-0.7443,-0.2532,0.2894,0.3263,0.3144,0.3637,0.2779,0.1867,0.4056,0.4077,0.0,0.1842,-0.0,1.0246,1.036,0.0,2.299,0.107,9.973730169698379e-05,155.1,0.62
2337,1790888327.3342423,-0.5586,0.0521,-0.75,-0.304,0.3594,0.4398,0.4173,0.4205,0.3737,0.2047,0.3935,0.4018,0.0,0.2644,-0.0,1.4269,1.048,0.0,2.287,0.0,9.973730169698379e-05,88.8,0.58
2338,1790888327.8213382,-0.4879,0.0536,-0.7196,-0.2261,0.3148,0.3603,0.3255,0.3772,0.3008,0.2061,0.3941,0.3998,0.0,0.2116,-0.0,1.1629,1.051,0.0,2.264,0.0,9.973730169698379e-05,138.7,0.48
2339,1790888328.4124534,-0.3361,0.0427,-0.6609,-0.0599,0.2155,0.1941,0.2498,0.2499,0.1881,0.205,0.3965,0.3985,0.0,0.1495,-0.0,0.8525,1.05,0.0,2.305,0.0,9.973730169698379e-05,128.7,0.58
2340,1790888328.9666536,-0.4647,0.0799,-0.7324,-0.1244,0.2948,0.3101,0.2849,0.4379,0.2706,0.1938,0.4047,0.4015,0.0,0.198,-0.0,1.0942,1.043,0.0,2.232,0.0,9.973730169698379e-05,174.5,0.55
2341,1790888329.5134408,-0.526,0.0895,-0.8423,-0.2423,0.4146,0.3536,0.4972,0.3562,0.3253,0.2012,0.3914,0.4074,0.0,0.2765,-0.0,1.4872,1.047,0.0,2.28,0.0,9.973730169698379e-05,96.4,0.54
2342,1790888330.0605059,-0.5264,0.0795,-0.8477,-0.2421,0.3161,0.4737,0.3496,0.3748,0.3261,0.2024,0.396,0.4016,0.0,0.2073,-0.0,1.1413,1.048,0.0,2.217,0.0,9.973730169698379e-05,122.7,0.54
2343,1790888330.635883,-0.396,0.0547,-0.6984,-0.1391,0.4544,0.2941,0.2541,0.2784,0.2201,0.1979,0.3909,0.4112,0.0,0.3086,-0.0,1.6473,1.043,0.0,2.288,0.0,9.973730169698379e-05,133.3,0.57
2344,1790888331.2473526,-0.3605,0.0514,-0.6391,-0.1548,0.5437,0.2136,0.2607,0.2686,0.2029,0.1912,0.392,0.4168,0.0,0.3742,-0.0,1.9749,1.039,0.0,2.301,0.293,9.97335919935414e-05,160.9,0.6
2345,1790888331.8090394,-0.5003,0.1113,-0.8903,-0.2445,0.5558,0.3308,0.4941,0.3216,0.2729,0.2062,0.3859,0.4078,0.0,0.3968,-0.0,2.0886,1.047,0.0,2.307,0.0,9.97335919935414e-05,107.9,0.55
2346,1790888332.3606465,-0.4589,0.0861,-0.8059,-0.1388,0.3389,0.4308,0.3229,0.2677,0.2665,0.1991,0.3984,0.4025,0.0,0.235,-0.0,1.2796,1.045,0.0,2.29,0.0,9.97335919935414e-05,131.9,0.54
2347,1790888332.9509773,-0.519,0.0731,-0.8117,-0.2449,0.3408,0.3169,0.4653,0.4075,0.3159,0.2046,0.3973,0.3981,0.0,0.2168,-0.0,1.1886,1.048,0.0,2.308,0.0,9.97335919935414e-05,142.6,0.58
2348,1790888333.5836222,-0.3845,0.0532,-0.6819,-0.1794,0.2633,0.2312,0.2866,0.3127,0.2196,0.1895,0.4015,0.409,0.0,0.1692,-0.0,0.95,1.04,0.0,2.3,0.0,9.97335919935414e-05,170.2,0.62
2349,1790888334.1362557,-0.4906,0.0484,-0.7952,-0.2754,0.4735,0.3528,0.3902,0.3605,0.3163,0.2033,0.3898,0.4068,0.0,0.331,-0.0,1.7595,1.047,0.0,2.309,0.0,9.97335919935414e-05,99.7,0.55
2350,1790888334.708658,-0.3863,0.0472,-0.5731,-0.1476,0.1967,0.2657,0.2848,0.2603,0.222,0.2003,0.3995,0.4002,0.0,0.1137,-0.0,0.6735,1.048,0.0,2.304,0.0,9.97335919935414e-05,122.4,0.56
2351,1790888337.997717,-0.431,0.0746,-0.6796,-0.147,0.3239,0.3999,0.2858,0.2574,0.25,0.1981,0.3971,0.4047,0.0,0.2002,-0.0,1.1058,1.045,0.0,2.276,0.0,9.97335919935414e-05,75.4,1.08
2352,1790888338.5928335,-0.4579,0.0433,-0.65,-0.2608,0.2627,0.3051,0.3576,0.3414,0.2875,0.1909,0.405,0.4041,0.0,0.1441,0.0,0.8243,1.04,0.0,2.261,0.508,9.972985635003522e-05,197.5,0.59
2353,1790888339.0729353,-0.459,0.0487,-0.65,-0.1895,0.2591,0.3112,0.3411,0.3623,0.2911,0.2051,0.3935,0.4014,0.0,0.1638,-0.0,0.9242,1.05,0.0,2.309,0.0,9.972985635003522e-05,103.2,0.47
2354,1790888339.5900679,-0.3671,0.0433,-0.613,-0.127,0.29,0.2569,0.2535,0.2572,0.2144,0.1998,0.3989,0.4013,0.0,0.1869,-0.0,1.0394,1.047,0.0,2.309,0.0,9.972985635003522e-05,127.5,0.51
2355,1790888340.1261988,-0.4848,0.0349,-0.6555,-0.3446,0.3255,0.3334,0.367,0.3592,0.3211,0.2108,0.3888,0.4004,0.0,0.2076,-0.0,1.1433,1.052,0.0,2.306,0.0,9.972985635003522e-05,139.8,0.53
2356,1790888340.6464791,-0.4106,0.0469,-0.6257,-0.1476,0.297,0.308,0.2472,0.3155,0.2388,0.1894,0.3986,0.412,0.0,0.1825,-0.0,1.0165,1.04,0.0,2.304,0.0,9.972985635003522e-05,185.3,0.51
2357,1790888341.1852682,-0.4794,0.0574,-0.7312,-0.2372,0.5162,0.3695,0.3592,0.327,0.3005,0.2047,0.3842,0.4111,0.0,0.3837,-0.0,2.0232,1.047,0.0,2.298,0.0,9.972985635003522e-05,102.0,0.53
2358,1790888341.7022483,-0.4676,0.0544,-0.7141,-0.2625,0.392,0.3925,0.3479,0.3002,0.2969,0.2081,0.3905,0.4014,0.0,0.2586,-0.0,1.398,1.05,0.0,2.302,0.0,9.972985635003522e-05,133.4,0.51
2359,1790888342.2707217,-0.4289,0.0489,-0.63,-0.1404,0.2766,0.2864,0.3405,0.301,0.2582,0.202,0.3974,0.4006,0.0,0.1812,-0.0,1.0108,1.048,0.0,2.28,0.0,9.972985635003522e-05,138.5,0.56
2360,1790888342.8693547,-0.4004,0.0803,-0.8357,-0.1013,0.278,0.3686,0.2533,0.2251,0.212,0.1853,0.4032,0.4116,0.0,0.1732,-0.0,0.9696,1.036,0.0,2.302,0.218,9.972609476841367e-05,189.8,0.59
2361,1790888343.3956182,-0.477,0.0582,-0.7472,-0.2231,0.307,0.333,0.3778,0.3549,0.3077,0.1977,0.3949,0.4074,0.0,0.2153,-0.0,1.181,1.046,0.0,2.309,0.0,9.972609476841367e-05,104.3,0.52
2362,1790888343.9288745,-0.4666,0.0723,-0.7,-0.1879,0.3005,0.3744,0.3099,0.361,0.2709,0.2028,0.3929,0.4043,0.0,0.2028,-0.0,1.1187,1.049,0.0,2.303,0.0,9.972609476841367e-05,140.4,0.52
2363,1790888344.5118582,-0.3812,0.0646,-0.6555,-0.1911,0.2541,0.2826,0.3209,0.2044,0.1989,0.2002,0.3985,0.4013,0.0,0.151,-0.0,0.8598,1.046,0.0,2.302,0.0,9.972609476841367e-05,147.4,0.57
2364,1790888345.1054099,-0.4269,0.0474,-0.83,-0.1654,0.3591,0.3166,0.327,0.2715,0.2618,0.191,0.3948,0.4142,0.0,0.2397,-0.0,1.3023,1.04,0.0,2.269,0.0,9.972609476841367e-05,175.6,0.59
2365,1790888345.6550477,-0.4316,0.058,-0.6717,-0.179,0.3062,0.3546,0.318,0.2887,0.2613,0.2031,0.3941,0.4028,0.0,0.1989,-0.0,1.0996,1.049,0.0,2.297,0.0,9.972609476841367e-05,101.1,0.54
2366,1790888346.1866245,-0.4857,0.0444,-0.7646,-0.1672,0.4278,0.3508,0.3927,0.3519,0.3189,0.2065,0.3902,0.4033,0.0,0.3012,-0.0,1.6108,1.049,0.0,2.298,0.0,9.972609476841367e-05,127.3,0.52
2367,1790888346.777145,-0.4441,0.0603,-0.6559,-0.3142,0.2804,0.329,0.2695,0.3651,0.2593,0.201,0.3931,0.4059,0.0,0.1871,0.0,1.0402,1.046,0.0,2.29,0.0,9.972609476841367e-05,135.2,0.58
2368,1790888347.332519,-0.4514,0.0551,-0.7158,-0.1289,0.3386,0.3678,0.2864,0.3431,0.2758,0.1967,0.3962,0.4071,0.0,0.2287,-0.0,1.2479,1.044,0.0,2.305,0.347,9.972230725063874e-05,182.3,0.54
2369,1790888347.9089797,-0.4835,0.0481,-0.6313,-0.3142,0.4551,0.3385,0.4099,0.3246,0.3082,0.1973,0.3896,0.413,0.0,0.3264,-0.0,1.7366,1.043,0.0,2.307,0.0,9.972230725063874e-05,97.9,0.57
2370,1790888348.4527543,-0.4221,0.0633,-0.7282,-0.2462,0.3138,0.2562,0.3709,0.2872,0.2423,0.2002,0.3898,0.41,0.0,0.203,-0.0,1.1198,1.047,0.0,2.308,0.0,9.972230725063874e-05,133.6,0.54
2371,1790888349.0199115,-0.4761,0.0591,-0.7001,-0.264,0.3336,0.3715,0.2942,0.3628,0.2838,0.1974,0.3923,0.4103,0.0,0.2247,-0.0,1.2279,1.043,0.0,2.292,0.0,9.972230725063874e-05,150.6,0.56
2372,1790888349.606246,-0.3843,0.0475,-0.6215,-0.1736,0.3786,0.3148,0.2461,0.2378,0.2245,0.195,0.3933,0.4117,0.0,0.2449,-0.0,1.3285,1.042,0.0,2.297,0.0,9.972230725063874e-05,190.0,0.58
2373,1790888350.164293,-0.4797,0.0426,-0.6938,-0.2665,0.4303,0.3585,0.3336,0.3842,0.3154,0.1994,0.3887,0.4119,0.0,0.2769,-0.0,1.4892,1.045,0.0,2.294,0.0,9.972230725063874e-05,102.3,0.55
2374,1790888350.7421017,-0.5547,0.0794,-0.8533,-0.3131,0.2961,0.4528,0.4812,0.3412,0.3316,0.209,0.3909,0.4,0.0,0.1812,-0.0,1.0111,1.051,0.0,2.254,0.0,9.972230725063874e-05,113.6,0.57
2375,1790888351.2875993,-0.4653,0.0813,-0.6672,-0.2197,0.3441,0.2884,0.302,0.436,0.2786,0.2022,0.3943,0.4035,0.0,0.2198,-0.0,1.2038,1.047,0.0,2.274,0.0,9.972230725063874e-05,147.1,0.54
2376,1790888354.3100495,-0.4971,0.1427,-0.8885,-0.2531,0.2885,0.2571,0.5459,0.2951,0.2435,0.1966,0.3954,0.408,0.0,0.1798,-0.0,1.0032,1.043,0.0,2.221,0.342,9.971849379868594e-05,127.4,0.74
2377,1790888354.8279078,-0.4438,0.0491,-0.7116,-0.2049,0.4366,0.2979,0.3563,0.3357,0.2851,0.2005,0.3872,0.4123,0.0,0.3677,-0.0,1.9433,1.046,0.0,2.287,0.0,9.971849379868594e-05,94.8,0.51
2378,1790888355.338887,-0.5524,0.0568,-0.9068,-0.3557,0.3936,0.3909,0.4744,0.3999,0.3643,0.2032,0.3861,0.4107,0.0,0.2674,-0.0,1.442,1.048,0.0,2.309,0.0,9.971849379868594e-05,120.1,0.5
2379,1790888355.8967795,-0.4718,0.0699,-0.7524,-0.1962,0.2951,0.3928,0.2705,0.3874,0.2691,0.1988,0.3944,0.4068,0.0,0.1808,0.0,1.0083,1.046,0.0,2.309,0.0,9.971849379868594e-05,138.2,0.55
2380,1790888356.4829533,-0.3787,0.035,-0.579,-0.1855,0.2377,0.2446,0.2562,0.2827,0.2328,0.1944,0.3976,0.4081,0.0,0.153,-0.0,0.8691,1.043,0.0,2.309,0.0,9.971849379868594e-05,158.5,0.58
2381,1790888357.0144556,-0.584,0.0612,-0.8679,-0.2739,0.4695,0.4068,0.4197,0.5161,0.3838,0.2017,0.3828,0.4155,0.0,0.3461,-0.0,1.8353,1.046,0.0,2.309,0.0,9.971849379868594e-05,108.3,0.52
2382,1790888357.5799778,-0.4317,0.0361,-0.676,-0.207,0.3669,0.3167,0.3086,0.3123,0.2771,0.2032,0.3866,0.4102,0.0,0.25,-0.0,1.3546,1.047,0.0,2.306,0.0,9.971849379868594e-05,124.4,0.56
2383,1790888358.150586,-0.3879,0.0458,-0.5591,-0.2234,0.2971,0.23,0.2822,0.3005,0.2217,0.2024,0.3969,0.4006,0.0,0.1714,-0.0,0.9619,1.047,0.0,2.297,0.0,9.971849379868594e-05,138.2,0.56
2384,1790888358.7702324,-0.3723,0.0386,-0.6015,-0.1943,0.2213,0.2609,0.2438,0.2644,0.2207,0.1949,0.3966,0.4084,0.0,0.149,-0.0,0.8495,1.044,0.0,2.306,0.411,9.971465441454426e-05,164.3,0.61
2385,1790888359.2972276,-0.4799,0.091,-0.7576,-0.1414,0.3679,0.2636,0.4425,0.3782,0.2636,0.2002,0.3885,0.4113,0.0,0.2762,0.0,1.4855,1.045,0.0,2.301,0.0,9.971465441454426e-05,106.1,0.52
2386,1790888359.8526042,-0.4632,0.0525,-0.7449,-0.0869,0.3481,0.3724,0.3421,0.3131,0.2918,0.2036,0.3883,0.4081,0.0,0.2243,-0.0,1.2265,1.048,0.0,2.309,0.0,9.971465441454426e-05,125.6,0.55
2387,1790888360.4180994,-0.5237,0.0832,-0.8057,-0.2093,0.4149,0.3423,0.4723,0.379,0.3157,0.198,0.3932,0.4088,0.0,0.2735,-0.0,1.472,1.044,0.0,2.296,0.0,9.971465441454426e-05,140.5,0.56
2388,1790888361.0169928,-0.4937,0.1167,-0.7703,-0.2561,0.2673,0.5121,0.2713,0.3224,0.2655,0.1874,0.3976,0.415,0.0,0.1657,-0.0,0.9323,1.038,0.0,2.289,0.0,9.971465441454426e-05,168.1,0.59
2389,1790888361.5823777,-0.5023,0.0513,-0.7739,-0.2625,0.3122,0.4112,0.3793,0.3382,0.3178,0.205,0.3917,0.4033,0.0,0.2153,-0.0,1.1812,1.049,0.0,2.309,0.0,9.971465441454426e-05,99.7,0.56
2390,1790888362.1349385,-0.4788,0.0554,-0.7105,-0.2428,0.2956,0.3345,0.3708,0.3567,0.2985,0.2037,0.3899,0.4064,0.0,0.2115,-0.0,1.1626,1.048,0.0,2.299,0.0,9.971465441454426e-05,123.4,0.54
2391,1790888362.6901946,-0.521,0.0522,-0.7389,-0.3161,0.3696,0.4079,0.3632,0.4029,0.3288,0.2042,0.3868,0.4091,0.0,0.2392,-0.0,1.3007,1.048,0.0,2.308,0.0,9.971465441454426e-05,143.1,0.55
2392,1790888363.3039265,-0.4215,0.0524,-0.6616,-0.2585,0.3703,0.3431,0.2693,0.2919,0.2447,0.1944,0.3905,0.4151,0.0,0.2447,-0.0,1.3278,1.042,0.0,2.307,0.268,9.971078910021625e-05,173.9,0.6
2393,1790888363.8178217,-0.5162,0.0549,-0.7039,-0.3058,0.309,0.3591,0.4053,0.4097,0.3306,0.2141,0.3846,0.4013,0.0,0.2329,-0.0,1.27,1.054,0.0,2.264,0.0,9.971078910021625e-05,95.9,0.51
2394,1790888364.3100038,-0.4682,0.0404,-0.6638,-0.3344,0.4883,0.344,0.344,0.3303,0.302,0.2046,0.3773,0.4182,0.0,0.3411,-0.0,1.8104,1.046,0.0,2.301,0.0,9.971078910021625e-05,127.0,0.48
2395,1790888364.8583038,-0.4571,0.0638,-0.7245,-0.2191,0.3758,0.3856,0.3265,0.2922,0.2742,0.1992,0.3929,0.4079,0.0,0.227,-0.0,1.2394,1.045,0.0,2.289,0.0,9.971078910021625e-05,137.8,0.54
2396,1790888365.4400826,-0.4766,0.0746,-0.7854,-0.2669,0.3821,0.3414,0.416,0.264,0.262,0.1905,0.3931,0.4164,0.0,0.2445,-0.0,1.3266,1.04,0.0,2.307,0.0,9.971078910021625e-05,177.6,0.57
2397,1790888365.9966116,-0.5183,0.0653,-0.7426,-0.2708,0.3979,0.3426,0.4089,0.4339,0.3297,0.2023,0.3889,0.4089,0.0,0.2701,-0.0,1.4551,1.046,0.0,2.301,0.0,9.971078910021625e-05,96.2,0.55
2398,1790888366.5725498,-0.4111,0.0526,-0.6458,-0.094,0.2768,0.2552,0.3349,0.3087,0.2512,0.1977,0.3914,0.4108,0.0,0.1755,0.0,0.9819,1.045,0.0,2.283,0.0,9.971078910021625e-05,116.0,0.57
2399,1790888367.1510391,-0.4135,0.0458,-0.6364,-0.1957,0.2497,0.318,0.2698,0.2917,0.2491,0.1997,0.3932,0.4071,0.0,0.1577,-0.0,0.8934,1.047,0.0,2.305,0.0,9.971078910021625e-05,145.7,0.57
2400,1790888367.7549634,-0.3999,0.0362,-0.7598,-0.1724,0.2459,0.2783,0.2605,0.3077,0.2455,0.1888,0.3945,0.4168,0.0,0.1499,-0.0,0.8535,1.039,0.0,2.307,0.172,9.970689785771798e-05,184.0,0.59
2401,1790888370.610746,-0.4786,0.0675,-0.7971,-0.1814,0.3339,0.2873,0.3918,0.3703,0.2779,0.2036,0.3873,0.409,0.0,0.2115,-0.0,1.1624,1.048,0.0,2.256,0.0,9.970689785771798e-05,87.8,0.63
2402,1790888371.1014748,-0.4711,0.0618,-0.7083,-0.1851,0.3019,0.3057,0.3166,0.4234,0.2938,0.1985,0.3947,0.4068,0.0,0.1969,-0.0,1.089,1.045,0.0,2.289,0.0,9.970689785771798e-05,153.6,0.48
2403,1790888371.6584082,-0.422,0.0515,-0.6801,-0.2331,0.3823,0.2776,0.3171,0.3151,0.2571,0.194,0.3919,0.4142,0.0,0.2406,-0.0,1.3071,1.042,0.0,2.309,0.0,9.970689785771798e-05,170.6,0.55
2404,1790888372.2433438,-0.4095,0.0766,-0.7739,-0.12,0.423,0.3303,0.3429,0.206,0.206,0.1912,0.387,0.4218,0.0,0.2686,-0.0,1.4471,1.039,0.0,2.274,0.0,9.970689785771798e-05,221.1,0.57
2405,1790888372.7648058,-0.4723,0.0628,-0.6423,-0.2288,0.3307,0.3783,0.3754,0.288,0.2767,0.2032,0.385,0.4118,0.0,0.2211,-0.0,1.2105,1.048,0.0,2.249,0.0,9.970689785771798e-05,103.7,0.51
2406,1790888373.293263,-0.5292,0.0712,-0.796,-0.3281,0.3849,0.377,0.3481,0.4664,0.3337,0.199,0.3915,0.4096,0.0,0.251,-0.0,1.3596,1.045,0.0,2.306,0.0,9.970689785771798e-05,143.4,0.52
2407,1790888373.8422523,-0.4737,0.0929,-0.9079,-0.1953,0.3835,0.4513,0.3083,0.2781,0.2589,0.203,0.3847,0.4122,0.0,0.2789,-0.0,1.4994,1.048,0.0,2.268,0.0,9.970689785771798e-05,163.1,0.54
2408,1790888374.457009,-0.4508,0.1088,-0.7777,-0.1702,0.1959,0.319,0.4447,0.2172,0.2172,0.187,0.401,0.412,0.0,0.1211,-0.0,0.7093,1.038,0.0,2.287,0.271,9.970298068907907e-05,187.3,0.61
2409,1790888374.9838307,-0.5026,0.0872,-0.7785,-0.2431,0.2992,0.3312,0.4534,0.3524,0.2961,0.2037,0.3858,0.4105,0.0,0.2011,-0.0,1.1104,1.046,0.0,2.294,0.0,9.970298068907907e-05,100.0,0.52
2410,1790888375.5055833,-0.5717,0.0644,-0.8166,-0.3083,0.2886,0.3962,0.4118,0.5043,0.38,0.2083,0.3869,0.4048,0.0,0.2244,-0.0,1.227,1.051,0.0,2.259,0.0,9.970298068907907e-05,124.9,0.51
2411,1790888376.069448,-0.4795,0.049,-0.7103,-0.2383,0.3538,0.329,0.3544,0.3644,0.299,0.2001,0.3872,0.4127,0.0,0.2321,-0.0,1.2654,1.046,0.0,2.306,0.0,9.970298068907907e-05,142.4,0.55
2412,1790888376.6140041,-0.4578,0.0736,-0.8262,-0.2071,0.2725,0.3055,0.4152,0.2863,0.2668,0.1921,0.3936,0.4143,0.0,0.1713,-0.0,0.9608,1.041,0.0,2.26,0.0,9.970298068907907e-05,196.2,0.54
2413,1790888377.0706635,-0.5545,0.0465,-0.8088,-0.3324,0.3394,0.4135,0.4222,0.419,0.3677,0.2027,0.3885,0.4088,0.0,0.2451,-0.0,1.3304,1.047,0.0,2.296,0.0,9.970298068907907e-05,122.7,0.45
2414,1790888377.6518157,-0.4308,0.0395,-0.7851,-0.3,0.2712,0.3383,0.3237,0.2786,0.2731,0.1964,0.3961,0.4074,0.0,0.1746,-0.0,0.9773,1.044,0.0,2.212,0.0,9.970298068907907e-05,128.3,0.57
2415,1790888378.1847591,-0.4596,0.0613,-0.6729,-0.1756,0.2262,0.304,0.3055,0.3944,0.282,0.1921,0.397,0.4109,0.0,0.1401,-0.0,0.8043,1.041,0.0,2.309,0.0,9.970298068907907e-05,165.4,0.53
2416,1790888378.787784,-0.4167,0.0276,-0.664,-0.1954,0.2847,0.2824,0.2922,0.3151,0.2675,0.1858,0.3996,0.4146,0.0,0.1874,-0.0,1.0408,1.036,0.0,2.309,0.535,9.969903759634262e-05,179.3,0.6
2417,1790888379.341572,-0.4416,0.0677,-0.6823,-0.1667,0.3143,0.3129,0.2631,0.403,0.2631,0.2014,0.3849,0.4137,0.0,0.2024,-0.0,1.1165,1.047,0.0,2.309,0.0,9.969903759634262e-05,103.0,0.54
2418,1790888379.8828366,-0.4444,0.0828,-0.85,-0.1727,0.3142,0.3257,0.4083,0.2432,0.238,0.2045,0.3907,0.4049,0.0,0.1933,-0.0,1.0715,1.049,0.0,2.307,0.0,9.969903759634262e-05,127.4,0.53
2419,1790888380.4161994,-0.4142,0.0711,-0.775,-0.2418,0.3173,0.3667,0.2667,0.2688,0.2389,0.1997,0.3849,0.4154,0.0,0.2037,-0.0,1.1231,1.045,0.0,2.297,0.0,9.969903759634262e-05,153.1,0.53
2420,1790888381.0064354,-0.4086,0.0424,-0.6424,-0.1434,0.3521,0.2603,0.3253,0.2856,0.2495,0.1932,0.3834,0.4233,0.0,0.2379,-0.0,1.2935,1.041,0.0,2.301,0.0,9.969903759634262e-05,169.5,0.58
2421,1790888381.5243642,-0.4904,0.0919,-0.7166,-0.1674,0.4485,0.2721,0.4631,0.371,0.2709,0.2079,0.377,0.4151,0.0,0.3515,-0.0,1.8623,1.049,0.0,2.305,0.0,9.969903759634262e-05,103.6,0.51
2422,1790888382.0772042,-0.4918,0.0487,-0.7938,-0.17,0.3303,0.3615,0.3791,0.365,0.3156,0.2051,0.3854,0.4095,0.0,0.2332,-0.0,1.271,1.05,0.0,2.292,0.0,9.969903759634262e-05,116.3,0.55
2423,1790888382.6552553,-0.5338,0.0768,-0.773,-0.3243,0.4869,0.4633,0.3215,0.4257,0.3197,0.2051,0.3822,0.4127,0.0,0.3452,-0.0,1.8305,1.047,0.0,2.288,0.0,9.969903759634262e-05,129.7,0.57
2424,1790888383.1910062,-0.445,0.0622,-0.6428,-0.2656,0.6412,0.3183,0.3673,0.2886,0.2588,0.1923,0.3748,0.4328,0.0,0.442,-0.0,2.3139,1.037,0.0,2.306,0.194,9.969506858156527e-05,186.6,0.53
2425,1790888383.7173657,-0.415,0.0562,-0.7151,-0.271,0.433,0.3292,0.301,0.2764,0.2471,0.2064,0.3759,0.4177,0.0,0.3048,-0.0,1.6288,1.048,0.0,2.265,0.0,9.969506858156527e-05,108.5,0.52
2426,1790888386.61549,-0.5219,0.0638,-0.7872,-0.2931,0.3047,0.4506,0.381,0.3531,0.3339,0.2035,0.3822,0.4143,0.0,0.1999,-0.0,1.1042,1.049,0.0,2.281,0.0,9.969506858156527e-05,107.7,0.66
2427,1790888387.1348066,-0.4761,0.0398,-0.6688,-0.2364,0.2189,0.324,0.3681,0.3529,0.3091,0.2014,0.3897,0.4089,0.0,0.1293,-0.0,0.7512,1.048,0.0,2.309,0.0,9.969506858156527e-05,169.0,0.51
2428,1790888387.6967347,-0.6114,0.1046,-0.8906,-0.3373,0.3662,0.4756,0.5837,0.3655,0.3655,0.1957,0.3881,0.4163,0.0,0.2557,-0.0,1.3828,1.041,0.0,2.298,0.0,9.969506858156527e-05,200.3,0.55
2429,1790888388.225703,-0.4915,0.0307,-0.7534,-0.275,0.3022,0.3626,0.3644,0.3778,0.3373,0.2016,0.3848,0.4136,0.0,0.2036,-0.0,1.1227,1.046,0.0,2.309,0.0,9.969506858156527e-05,106.5,0.52
2430,1790888388.8059168,-0.4257,0.0472,-0.5733,-0.226,0.2697,0.2926,0.2989,0.3284,0.264,0.1991,0.389,0.4119,0.0,0.1852,-0.0,1.0304,1.047,0.0,2.289,0.0,9.969506858156527e-05,122.5,0.57
2431,1790888389.3419755,-0.4684,0.0542,-0.6724,-0.2455,0.5737,0.3727,0.3536,0.2944,0.2852,0.1991,0.3774,0.4235,0.0,0.4204,-0.0,2.2063,1.042,0.0,2.299,0.0,9.969506858156527e-05,152.4,0.53
2432,1790888389.909607,-0.3887,0.0439,-0.6364,-0.1694,0.2451,0.2422,0.2997,0.2724,0.2285,0.1886,0.3898,0.4216,0.0,0.1623,-0.0,0.9152,1.039,0.0,2.309,0.589,9.96910736468172e-05,173.5,0.56
2433,1790888390.4433923,-0.5555,0.0656,-0.9,-0.2321,0.3554,0.4367,0.4714,0.3814,0.3599,0.2035,0.3827,0.4138,0.0,0.2641,-0.0,1.4251,1.048,0.0,2.283,0.0,9.96910736468172e-05,98.8,0.52
2434,1790888390.9614427,-0.4938,0.0505,-0.6717,-0.2131,0.3377,0.3572,0.3501,0.3774,0.3104,0.2142,0.3766,0.4092,0.0,0.228,-0.0,1.2451,1.053,0.0,2.309,0.0,9.96910736468172e-05,120.6,0.51
2435,1790888391.5198529,-0.4028,0.0484,-0.767,-0.0963,0.2738,0.274,0.3188,0.2667,0.238,0.2037,0.387,0.4093,0.0,0.1961,-0.0,1.0855,1.049,0.0,2.309,0.0,9.96910736468172e-05,139.7,0.55
2436,1790888392.1080759,-0.4283,0.0407,-0.6643,-0.1736,0.3164,0.2919,0.3299,0.3051,0.2747,0.1993,0.3803,0.4204,0.0,0.2116,-0.0,1.1625,1.045,0.0,2.305,0.0,9.96910736468172e-05,172.3,0.58
2437,1790888392.6467748,-0.4911,0.0519,-0.6706,-0.2372,0.3741,0.3196,0.3947,0.3841,0.3068,0.2084,0.3751,0.4165,0.0,0.293,-0.0,1.5698,1.051,0.0,2.279,0.0,9.96910736468172e-05,100.8,0.53
2438,1790888393.2300122,-0.495,0.0591,-0.8167,-0.2613,0.3526,0.368,0.4276,0.3039,0.3,0.207,0.3776,0.4154,0.0,0.2571,-0.0,1.3903,1.049,0.0,2.291,0.0,9.96910736468172e-05,121.5,0.57
2439,1790888393.8049266,-0.3938,0.0386,-0.5843,-0.2366,0.3442,0.3125,0.2849,0.2535,0.2422,0.2019,0.3799,0.4182,0.0,0.2187,-0.0,1.1985,1.047,0.0,2.308,0.0,9.96910736468172e-05,139.9,0.57
2440,1790888394.4038434,-0.42,0.0745,-0.6984,-0.135,0.2477,0.3161,0.2138,0.3517,0.2138,0.1967,0.383,0.4203,0.0,0.1536,-0.0,0.8724,1.044,0.0,2.307,0.347,9.968705279418207e-05,187.8,0.59
2441,1790888394.9638164,-0.4947,0.0525,-0.7422,-0.1935,0.3893,0.3882,0.3362,0.3936,0.321,0.206,0.376,0.418,0.0,0.2691,-0.0,1.4502,1.049,0.0,2.26,0.0,9.968705279418207e-05,107.9,0.55
2442,1790888395.4944355,-0.495,0.0428,-0.7409,-0.3048,0.3741,0.3816,0.3304,0.3798,0.319,0.2097,0.377,0.4133,0.0,0.2502,-0.0,1.3563,1.051,0.0,2.293,0.0,9.968705279418207e-05,127.4,0.52
2443,1790888396.033994,-0.4335,0.0504,-0.7737,-0.1386,0.369,0.3543,0.3061,0.2827,0.2637,0.1995,0.3778,0.4226,0.0,0.2413,-0.0,1.311,1.045,0.0,2.305,0.0,9.968705279418207e-05,156.6,0.53
2444,1790888396.588803,-0.4116,0.065,-0.6779,-0.2087,0.3214,0.2322,0.361,0.2944,0.2314,0.1958,0.3817,0.4226,0.0,0.2104,-0.0,1.1564,1.042,0.0,2.297,0.0,9.968705279418207e-05,181.5,0.55
2445,1790888397.160491,-0.5311,0.0599,-0.7534,-0.2685,0.2646,0.4448,0.3891,0.3669,0.336,0.2081,0.3812,0.4107,0.0,0.1628,-0.0,0.9193,1.051,0.0,2.291,0.0,9.968705279418207e-05,94.5,0.56
2446,1790888397.7100108,-0.506,0.0663,-0.7402,-0.2958,0.3679,0.301,0.4283,0.396,0.301,0.2062,0.3773,0.4165,0.0,0.2589,-0.0,1.3993,1.048,0.0,2.309,0.0,9.968705279418207e-05,124.6,0.54
2447,1790888398.2643645,-0.5123,0.0801,-0.6938,-0.2846,0.3814,0.4441,0.4212,0.2843,0.2843,0.2053,0.3764,0.4183,0.0,0.2485,-0.0,1.3474,1.048,0.0,2.2,0.0,9.968705279418207e-05,141.8,0.55
2448,1790888398.8324392,-0.4403,0.0496,-0.6857,-0.199,0.3344,0.3238,0.2739,0.3585,0.2657,0.1989,0.3801,0.421,0.0,0.2183,-0.0,1.1961,1.045,0.0,2.309,0.071,9.968300602575707e-05,182.8,0.56
2449,1790888399.3439734,-0.5308,0.0543,-0.7457,-0.2798,0.4503,0.4403,0.4017,0.3664,0.3549,0.2019,0.371,0.4271,0.0,0.3128,-0.0,1.6687,1.046,0.0,2.3,0.0,9.968300602575707e-05,110.8,0.5
2450,1790888399.894047,-0.5087,0.0575,-0.7297,-0.2407,0.2472,0.324,0.4006,0.4223,0.3175,0.2111,0.3789,0.41,0.0,0.1593,-0.0,0.9019,1.054,0.0,2.303,0.0,9.968300602575707e-05,121.0,0.54
2451,1790888402.7868745,-0.4515,0.053,-0.6167,-0.2576,0.2608,0.2973,0.3281,0.3755,0.273,0.2033,0.3802,0.4165,0.0,0.165,-0.0,0.9299,1.048,0.0,2.288,0.0,9.968300602575707e-05,133.4,0.61
2452,1790888403.3582242,-0.4554,0.0405,-0.6318,-0.2145,0.3125,0.3167,0.3322,0.3488,0.2924,0.1936,0.3789,0.4275,0.0,0.2143,0.0,1.1758,1.042,0.0,2.308,0.0,9.968300602575707e-05,186.6,0.56
2453,1790888403.8676176,-0.4802,0.0417,-0.7095,-0.1971,0.4455,0.3664,0.3322,0.3656,0.3156,0.2015,0.3715,0.427,0.0,0.3197,-0.0,1.7029,1.044,0.0,2.263,0.0,9.968300602575707e-05,112.0,0.5
2454,1790888404.407048,-0.4328,0.1013,-0.71,-0.1875,0.345,0.2431,0.4393,0.2597,0.2328,0.2027,0.3749,0.4224,0.0,0.2233,-0.0,1.2213,1.047,0.0,2.19,0.0,9.968300602575707e-05,139.8,0.53
2455,1790888404.9768991,-0.4797,0.1098,-0.9395,-0.216,0.3755,0.3036,0.2701,0.4902,0.2624,0.203,0.3756,0.4214,0.0,0.2304,-0.0,1.2566,1.047,0.0,2.178,0.0,9.968300602575707e-05,150.5,0.56
2456,1790888405.530705,-0.4806,0.0569,-0.8322,-0.169,0.322,0.2836,0.4138,0.3656,0.2836,0.1911,0.3779,0.431,0.0,0.2117,-0.0,1.1625,1.039,0.0,2.287,0.547,9.967893334365292e-05,199.9,0.54
2457,1790888406.048249,-0.5599,0.0695,-0.8803,-0.2756,0.3663,0.4813,0.429,0.3782,0.3601,0.2092,0.3738,0.4171,0.0,0.2567,-0.0,1.3888,1.051,0.0,2.3,0.0,9.967893334365292e-05,114.0,0.51
2458,1790888406.6072521,-0.43,0.0314,-0.7017,-0.1725,0.3068,0.3239,0.2927,0.3054,0.2795,0.2088,0.3761,0.4151,0.0,0.2156,-0.0,1.183,1.052,0.0,2.309,0.0,9.967893334365292e-05,127.2,0.55
2459,1790888407.1426373,-0.4738,0.0749,-0.7864,-0.3078,0.4004,0.3031,0.4334,0.3195,0.2839,0.2042,0.3725,0.4232,0.0,0.2662,-0.0,1.4357,1.047,0.0,2.307,0.0,9.967893334365292e-05,163.6,0.53
2460,1790888407.7566779,-0.3593,0.0254,-0.6913,-0.202,0.3062,0.2418,0.2666,0.2372,0.2249,0.1865,0.379,0.4345,0.0,0.1815,-0.0,1.0111,1.036,0.0,2.309,0.0,9.967893334365292e-05,195.2,0.61
2461,1790888408.2479556,-0.5044,0.0603,-0.7168,-0.2338,0.3324,0.3344,0.3873,0.3993,0.3141,0.2055,0.3715,0.423,0.0,0.2361,-0.0,1.2853,1.049,0.0,2.307,0.0,9.967893334365292e-05,105.6,0.48
2462,1790888408.792489,-0.457,0.0563,-0.7726,-0.1741,0.4424,0.3774,0.2978,0.3375,0.2829,0.2049,0.3713,0.4238,0.0,0.2995,-0.0,1.6024,1.047,0.0,2.254,0.0,9.967893334365292e-05,114.7,0.54
2463,1790888409.3164666,-0.4401,0.0399,-0.6412,-0.2797,0.2293,0.3009,0.3008,0.3394,0.2776,0.2085,0.3763,0.4152,0.0,0.1302,-0.0,0.7561,1.051,0.0,2.299,0.0,9.967893334365292e-05,141.7,0.51
2464,1790888409.9762752,-0.4442,0.0297,-0.6245,-0.2723,0.3004,0.3099,0.3276,0.3185,0.2866,0.1858,0.3806,0.4336,0.0,0.1945,-0.0,1.0762,1.035,0.0,2.305,0.284,9.967483474999387e-05,143.4,0.65
2465,1790888410.5276341,-0.481,0.0611,-0.6933,-0.1761,0.3738,0.319,0.3797,0.3757,0.2998,0.2153,0.3644,0.4203,0.0,0.257,-0.0,1.3905,1.054,0.0,2.302,0.0,9.967483474999387e-05,90.9,0.54
2466,1790888411.0658517,-0.5311,0.0854,-0.733,-0.25,0.3278,0.3899,0.3297,0.4882,0.3147,0.2047,0.3736,0.4217,0.0,0.2345,-0.0,1.2772,1.049,0.0,2.301,0.0,9.967483474999387e-05,126.5,0.53
2467,1790888411.6159785,-0.4589,0.0601,-0.6549,-0.2557,0.3264,0.2666,0.3768,0.357,0.2666,0.2065,0.3733,0.4202,0.0,0.2147,-0.0,1.1786,1.049,0.0,2.301,0.0,9.967483474999387e-05,148.6,0.54
2468,1790888412.183806,-0.3379,0.0461,-0.6806,-0.1088,0.2592,0.2175,0.211,0.2405,0.1844,0.1909,0.3754,0.4337,0.0,0.1688,-0.0,0.9478,1.039,0.0,2.275,0.0,9.967483474999387e-05,195.8,0.56
2469,1790888412.7500584,-0.5385,0.0539,-0.7587,-0.339,0.3464,0.4161,0.3596,0.4486,0.3486,0.2118,0.3685,0.4196,0.0,0.2067,-0.0,1.1387,1.053,0.0,2.309,0.0,9.967483474999387e-05,100.6,0.56
2470,1790888413.31175,-0.5102,0.1149,-0.8079,-0.1794,0.3191,0.5212,0.2902,0.333,0.2739,0.2059,0.3727,0.4214,0.0,0.2171,-0.0,1.1902,1.049,0.0,2.266,0.0,9.967483474999387e-05,119.6,0.55
2471,1790888413.8652487,-0.4894,0.0684,-0.8568,-0.2836,0.3508,0.3651,0.2984,0.4229,0.2953,0.2043,0.3727,0.423,0.0,0.2309,-0.0,1.2595,1.048,0.0,2.275,0.0,9.967483474999387e-05,151.7,0.55
2472,1790888414.4610114,-0.4665,0.0444,-0.7103,-0.2675,0.4016,0.3576,0.3198,0.3293,0.2948,0.197,0.3703,0.4327,0.0,0.2662,-0.0,1.4353,1.042,0.0,2.306,0.654,9.967071024691763e-05,190.2,0.59
2473,1790888415.0264218,-0.5433,0.0764,-0.8309,-0.275,0.3965,0.3522,0.3973,0.4922,0.3268,0.2135,0.3604,0.4261,0.0,0.3094,-0.0,1.6522,1.051,0.0,2.306,0.0,9.967071024691763e-05,91.8,0.56
2474,1790888415.5804944,-0.5137,0.0798,-0.8157,-0.1709,0.2997,0.3604,0.3184,0.4654,0.2997,0.21,0.3712,0.4189,0.0,0.2145,-0.0,1.1778,1.052,0.0,2.271,0.0,9.967071024691763e-05,126.3,0.54
2475,1790888416.1660872,-0.428,0.0411,-0.6569,-0.1886,0.3329,0.2952,0.3497,0.2882,0.2725,0.2099,0.3684,0.4218,0.0,0.2308,-0.0,1.259,1.052,0.0,2.307,0.0,9.967071024691763e-05,141.1,0.57
2476,1790888419.2302945,-0.4908,0.0501,-0.8748,-0.1686,0.2967,0.3325,0.3862,0.3605,0.3075,0.1952,0.3749,0.4299,0.0,0.1964,0.0,1.0864,1.041,0.0,2.306,0.0,9.967071024691763e-05,152.4,0.7
2477,1790888419.7646475,-0.3915,0.0454,-0.65,-0.1622,0.3045,0.2546,0.2747,0.3096,0.2398,0.2092,0.3663,0.4245,0.0,0.2072,-0.0,1.1409,1.05,0.0,2.242,0.0,9.967071024691763e-05,109.3,0.53
2478,1790888420.2848594,-0.4017,0.0373,-0.6134,-0.2226,0.3988,0.2708,0.3074,0.2908,0.2486,0.2099,0.3653,0.4248,0.0,0.2553,-0.0,1.3815,1.05,0.0,2.307,0.0,9.967071024691763e-05,138.4,0.51
2479,1790888420.827348,-0.5126,0.0726,-0.8167,-0.2978,0.2896,0.3313,0.4591,0.3467,0.3037,0.2058,0.373,0.4212,0.0,0.183,-0.0,1.02,1.05,0.0,2.309,0.0,9.967071024691763e-05,157.9,0.53
2480,1790888421.4492283,-0.4433,0.0527,-0.7549,-0.2944,0.2353,0.302,0.3727,0.2855,0.2682,0.1985,0.3762,0.4252,0.0,0.1327,-0.0,0.7681,1.045,0.0,2.281,0.556,9.96665598365755e-05,180.5,0.61
2481,1790888421.9682922,-0.4829,0.0563,-0.6966,-0.3333,0.3901,0.3405,0.4143,0.3262,0.3087,0.2138,0.368,0.4182,0.0,0.2554,-0.0,1.3823,1.053,0.0,2.309,0.0,9.96665598365755e-05,107.1,0.51
2482,1790888422.5431123,-0.4469,0.0687,-0.8057,-0.1879,0.4087,0.3841,0.3027,0.2748,0.2547,0.2095,0.3642,0.4263,0.0,0.2767,-0.0,1.4883,1.05,0.0,2.249,0.0,9.96665598365755e-05,122.0,0.57
2483,1790888423.1097083,-0.4792,0.0576,-0.6773,-0.1768,0.4371,0.3117,0.3998,0.3514,0.2948,0.2089,0.3655,0.4256,0.0,0.3015,-0.0,1.6125,1.05,0.0,2.273,0.0,9.96665598365755e-05,146.6,0.56
2484,1790888423.6825147,-0.3687,0.0565,-0.5712,-0.202,0.3555,0.2635,0.2889,0.2289,0.2079,0.1996,0.3668,0.4336,0.0,0.2205,-0.0,1.207,1.044,0.0,2.309,0.0,9.96665598365755e-05,179.9,0.56
2485,1790888424.2082076,-0.4758,0.0702,-0.75,-0.1701,0.3401,0.3852,0.2805,0.3913,0.2773,0.2097,0.3633,0.4271,0.0,0.2296,-0.0,1.2529,1.05,0.0,2.271,0.0,9.96665598365755e-05,98.9,0.52
2486,1790888424.7892594,-0.4411,0.0418,-0.5962,-0.2633,0.311,0.3021,0.3485,0.2897,0.2717,0.2135,0.3705,0.416,0.0,0.2121,-0.0,1.1662,1.055,0.0,2.309,0.0,9.96665598365755e-05,118.0,0.57
2487,1790888425.3521576,-0.4865,0.0766,-0.76,-0.2071,0.2975,0.4234,0.2782,0.3718,0.2782,0.2152,0.3688,0.416,0.0,0.1991,-0.0,1.1011,1.055,0.0,2.306,0.0,9.96665598365755e-05,135.1,0.55
2488,1790888425.9816585,-0.4371,0.0867,-0.6893,-0.1496,0.2336,0.3224,0.392,0.2206,0.2196,0.1952,0.3742,0.4307,0.0,0.1391,-0.0,0.8,1.043,0.0,2.295,0.459,9.966238352113223e-05,161.5,0.62
2489,1790888426.508029,-0.5177,0.0598,-0.75,-0.308,0.3982,0.3779,0.4155,0.3892,0.3258,0.2111,0.362,0.4269,0.0,0.2568,-0.0,1.3892,1.051,0.0,2.309,0.0,9.966238352113223e-05,102.4,0.52
2490,1790888427.0267458,-0.5351,0.0499,-0.8167,-0.1975,0.3841,0.4145,0.3893,0.4131,0.3545,0.2173,0.3656,0.4172,0.0,0.2532,-0.0,1.3714,1.054,0.0,2.307,0.0,9.966238352113223e-05,132.8,0.51
2491,1790888427.5581129,-0.5416,0.0977,-0.8755,-0.2575,0.3971,0.3641,0.532,0.3365,0.3215,0.2091,0.3645,0.4264,0.0,0.2594,-0.0,1.4018,1.05,0.0,2.259,0.0,9.966238352113223e-05,156.6,0.52
2492,1790888428.1451387,-0.4518,0.0665,-0.6685,-0.2093,0.2876,0.2812,0.309,0.3871,0.2635,0.1999,0.3688,0.4314,0.0,0.1878,-0.0,1.0433,1.044,0.0,2.293,0.0,9.966238352113223e-05,176.6,0.58
2493,1790888428.6885,-0.4868,0.058,-0.733,-0.2536,0.3908,0.3188,0.3583,0.3839,0.2978,0.2116,0.3631,0.4254,0.0,0.28,-0.0,1.5049,1.051,0.0,2.275,0.0,9.966238352113223e-05,100.4,0.54
2494,1790888429.2584336,-0.5292,0.0504,-0.8713,-0.2926,0.4591,0.3654,0.4382,0.3911,0.3415,0.2105,0.3668,0.4227,0.0,0.3047,-0.0,1.6283,1.05,0.0,2.3,0.0,9.966238352113223e-05,121.6,0.56
2495,1790888429.8076828,-0.4635,0.0717,-0.7088,-0.2337,0.3029,0.2816,0.3317,0.4099,0.2741,0.2105,0.3676,0.4218,0.0,0.1797,-0.0,1.0038,1.052,0.0,2.304,0.0,9.966238352113223e-05,149.3,0.54
2496,1790888430.3921883,-0.4043,0.0596,-0.65,-0.1889,0.2856,0.352,0.2535,0.2455,0.2278,0.1968,0.368,0.4353,0.0,0.1714,-0.0,0.9611,1.043,0.0,2.234,0.447,9.965818130276612e-05,191.9,0.57
2497,1790888430.9134924,-0.4975,0.0542,-0.7224,-0.1799,0.4062,0.3229,0.4012,0.3911,0.3175,0.2109,0.3591,0.43,0.0,0.3165,-0.0,1.6874,1.05,0.0,2.305,0.0,9.965818130276612e-05,105.7,0.51
2498,1790888431.4577544,-0.5269,0.0553,-0.7629,-0.2299,0.4781,0.3971,0.4073,0.407,0.3449,0.2122,0.3599,0.4279,0.0,0.3229,-0.0,1.7196,1.05,0.0,2.294,0.0,9.965818130276612e-05,130.1,0.54
2499,1790888432.0383255,-0.3524,0.0359,-0.5428,-0.1,0.3264,0.2399,0.2333,0.2715,0.2147,0.2047,0.3652,0.4301,0.0,0.2131,-0.0,1.1703,1.047,0.0,2.309,0.0,9.965818130276612e-05,142.0,0.57
2500,1790888432.6511707,-0.4548,0.0401,-0.8189,-0.1937,0.2773,0.3337,0.3075,0.3455,0.2866,0.2062,0.366,0.4278,0.0,0.1747,-0.0,0.9786,1.049,0.0,2.308,0.0,9.965818130276612e-05,182.0,0.6
2501,1790888436.8080947,-0.5111,0.1078,-0.8342,-0.211,0.3086,0.2717,0.3662,0.5074,0.2717,0.2172,0.3607,0.4221,0.0,0.2013,-0.0,1.1122,1.054,0.0,2.301,0.0,9.965818130276612e-05,88.1,0.65
2502,1790888437.3321228,-0.3544,0.04,-0.5741,-0.1301,0.2862,0.2148,0.262,0.2579,0.2026,0.212,0.3645,0.4234,0.0,0.1996,-0.0,1.1033,1.052,0.0,2.309,0.0,9.965818130276612e-05,135.2,0.51
2503,1790888437.8939283,-0.4304,0.0516,-0.6607,-0.2632,0.3368,0.3431,0.2504,0.3315,0.2504,0.2111,0.3618,0.4271,0.0,0.2279,-0.0,1.2446,1.051,0.0,2.289,0.0,9.965818130276612e-05,152.6,0.56
2504,1790888438.5131288,-0.402,0.041,-0.6922,-0.2035,0.3002,0.2973,0.3104,0.2496,0.2472,0.1945,0.3649,0.4405,0.0,0.1886,-0.0,1.0472,1.04,0.0,2.245,0.624,9.965395318366892e-05,180.7,0.61
2505,1790888439.0503864,-0.5392,0.0661,-0.7696,-0.2694,0.453,0.3586,0.4209,0.4371,0.3347,0.2084,0.3591,0.4326,0.0,0.3049,-0.0,1.6293,1.048,0.0,2.303,0.0,9.965395318366892e-05,102.7,0.53
2506,1790888439.5903819,-0.4482,0.0508,-0.6563,-0.1815,0.2433,0.327,0.3081,0.3324,0.2697,0.2126,0.3697,0.4176,0.0,0.1512,-0.0,0.8612,1.054,0.0,2.294,0.0,9.965395318366892e-05,127.3,0.53
2507,1790888440.150473,-0.4725,0.0739,-0.6708,-0.2439,0.3685,0.2903,0.4229,0.3238,0.2765,0.2149,0.3604,0.4247,0.0,0.2437,-0.0,1.3239,1.053,0.0,2.291,0.0,9.965395318366892e-05,142.8,0.55
2508,1790888440.7280912,-0.4306,0.0702,-0.8267,-0.1119,0.271,0.3785,0.2527,0.3151,0.2427,0.2076,0.3661,0.4263,0.0,0.1755,-0.0,0.9824,1.05,0.0,2.302,0.0,9.965395318366892e-05,174.7,0.57
2509,1790888441.229111,-0.5573,0.0456,-0.7944,-0.2702,0.368,0.4367,0.4506,0.3959,0.3781,0.2173,0.3618,0.4209,0.0,0.2589,-0.0,1.3997,1.054,0.0,2.309,0.0,9.965395318366892e-05,92.4,0.49
2510,1790888441.7930095,-0.5641,0.0413,-0.8429,-0.2914,0.3481,0.4114,0.4103,0.4692,0.3815,0.2167,0.3663,0.4171,0.0,0.2371,-0.0,1.2913,1.055,0.0,2.292,0.0,9.965395318366892e-05,108.5,0.55
2511,1790888442.338048,-0.5029,0.0958,-0.7364,-0.2639,0.2915,0.3864,0.2736,0.4603,0.2726,0.2137,0.3613,0.4251,0.0,0.1903,-0.0,1.0567,1.054,0.0,2.304,0.0,9.965395318366892e-05,137.8,0.54
2512,1790888442.9430716,-0.4048,0.0827,-0.7289,-0.1065,0.2026,0.2913,0.2043,0.3677,0.1977,0.2011,0.3669,0.432,0.0,0.121,-0.0,0.7096,1.046,0.0,2.309,0.447,9.9649699166046e-05,169.1,0.6
2513,1790888443.5009422,-0.4288,0.0443,-0.7078,-0.1861,0.3561,0.287,0.3447,0.3117,0.2775,0.2154,0.3616,0.423,0.0,0.2495,-0.0,1.3528,1.055,0.0,2.277,0.0,9.9649699166046e-05,98.0,0.55
2514,1790888444.0457838,-0.562,0.0328,-0.9338,-0.3679,0.4013,0.4312,0.4191,0.4315,0.3948,0.2174,0.3568,0.4257,0.0,0.2695,-0.0,1.4528,1.054,0.0,2.299,0.0,9.9649699166046e-05,124.4,0.54
2515,1790888444.613058,-0.4208,0.0442,-0.6033,-0.2399,0.2807,0.2793,0.3322,0.2764,0.2481,0.2144,0.3646,0.421,0.0,0.1875,-0.0,1.0427,1.055,0.0,2.293,0.0,9.9649699166046e-05,146.6,0.56
2516,1790888445.207585,-0.5203,0.0553,-0.7159,-0.3154,0.3316,0.4195,0.3978,0.3359,0.3285,0.207,0.3637,0.4293,0.0,0.2166,-0.0,1.188,1.049,0.0,2.309,0.0,9.9649699166046e-05,164.7,0.58
2517,1790888445.755062,-0.449,0.0629,-0.7645,-0.2049,0.3768,0.3027,0.2851,0.382,0.2584,0.214,0.3587,0.4273,0.0,0.2738,-0.0,1.4744,1.053,0.0,2.306,0.0,9.9649699166046e-05,95.7,0.54
2518,1790888446.305703,-0.45,0.0681,-0.711,-0.1471,0.2867,0.3797,0.258,0.3587,0.2545,0.2187,0.3599,0.4214,0.0,0.1827,-0.0,1.0189,1.056,0.0,2.306,0.0,9.9649699166046e-05,123.9,0.54
2519,1790888446.8787074,-0.4354,0.0392,-0.6563,-0.2461,0.3389,0.3404,0.3142,0.3052,0.2773,0.2141,0.3611,0.4248,0.0,0.2346,-0.0,1.2783,1.053,0.0,2.307,0.0,9.9649699166046e-05,140.0,0.56
2520,1790888447.4829376,-0.3626,0.0325,-0.6344,-0.0576,0.4767,0.2325,0.2717,0.257,0.2266,0.2042,0.3546,0.4412,0.0,0.323,-0.0,1.7194,1.045,0.0,2.299,0.074,9.964541925211612e-05,177.2,0.59
2521,1790888448.0605571,-0.5027,0.098,-0.8325,-0.2302,0.375,0.3173,0.3422,0.476,0.2886,0.2176,0.3603,0.4222,0.0,0.2524,-0.0,1.3675,1.056,0.0,2.303,0.0,9.964541925211612e-05,96.9,0.57
2522,1790888448.6096213,-0.4681,0.0554,-0.8066,-0.25,0.3364,0.2968,0.3951,0.3406,0.2914,0.2127,0.3591,0.4281,0.0,0.2358,-0.0,1.2844,1.052,0.0,2.3,0.0,9.964541925211612e-05,127.9,0.54
2523,1790888449.1567,-0.388,0.0479,-0.5562,-0.1294,0.2739,0.2841,0.2269,0.3146,0.2204,0.2126,0.3669,0.4205,0.0,0.1602,-0.0,0.9064,1.054,0.0,2.306,0.0,9.964541925211612e-05,153.9,0.54
2524,1790888449.774567,-0.5052,0.0667,-0.7167,-0.2027,0.3221,0.4396,0.298,0.3794,0.298,0.2084,0.3628,0.4288,0.0,0.2079,-0.0,1.1443,1.05,0.0,2.284,0.0,9.964541925211612e-05,158.7,0.61
2525,1790888450.3371537,-0.5039,0.0749,-0.8085,-0.244,0.315,0.3665,0.3251,0.4491,0.2974,0.2249,0.3614,0.4136,0.0,0.213,-0.0,1.1711,1.059,0.0,2.287,0.0,9.964541925211612e-05,109.1,0.55
2526,1790888453.2751174,-0.4967,0.0765,-0.8071,-0.2371,0.2899,0.3092,0.4548,0.3308,0.2885,0.2168,0.3653,0.4179,0.0,0.1882,-0.0,1.0467,1.055,0.0,2.29,0.0,9.964541925211612e-05,107.4,0.68
2527,1790888453.7678967,-0.4385,0.0495,-0.6181,-0.1386,0.2668,0.2786,0.3196,0.3581,0.2743,0.2152,0.364,0.4208,0.0,0.1768,-0.0,0.9898,1.056,0.0,2.299,0.0,9.964541925211612e-05,168.9,0.48
2528,1790888454.2899878,-0.4074,0.0492,-0.6324,-0.1682,0.3159,0.319,0.2504,0.2719,0.2383,0.2083,0.363,0.4287,0.0,0.2076,-0.0,1.1429,1.05,0.0,2.309,0.424,9.964111344411163e-05,194.6,0.51
2529,1790888454.812714,-0.5305,0.1091,-0.9179,-0.1824,0.3155,0.3839,0.3028,0.5283,0.2963,0.2282,0.3584,0.4134,0.0,0.2115,-0.0,1.1638,1.061,0.0,2.303,0.0,9.964111344411163e-05,102.8,0.51
2530,1790888455.3100736,-0.5659,0.0626,-0.8605,-0.2529,0.4082,0.4851,0.4334,0.3807,0.368,0.2204,0.3586,0.421,0.0,0.2908,-0.0,1.5598,1.056,0.0,2.307,0.0,9.964111344411163e-05,139.2,0.49
2531,1790888455.8107457,-0.5047,0.0458,-0.7173,-0.2954,0.3138,0.3411,0.3738,0.4068,0.3212,0.2143,0.3643,0.4214,0.0,0.1887,-0.0,1.0491,1.054,0.0,2.288,0.0,9.964111344411163e-05,163.8,0.49
2532,1790888456.399803,-0.4961,0.0778,-0.7141,-0.2402,0.4139,0.4431,0.297,0.3539,0.289,0.2011,0.36,0.4389,0.0,0.2671,-0.0,1.4398,1.044,0.0,2.306,0.0,9.964111344411163e-05,205.4,0.58
2533,1790888456.9182544,-0.5811,0.0774,-0.8449,-0.334,0.5187,0.4643,0.3674,0.5231,0.3622,0.2235,0.3497,0.4268,0.0,0.3839,-0.0,2.0251,1.055,0.0,2.288,0.0,9.964111344411163e-05,104.0,0.51
2534,1790888457.451133,-0.4418,0.0516,-0.6833,-0.0908,0.3902,0.2727,0.3558,0.3288,0.2669,0.2209,0.3578,0.4213,0.0,0.2441,-0.0,1.3262,1.056,0.0,2.282,0.0,9.964111344411163e-05,122.8,0.52
2535,1790888459.9863858,-0.4472,0.0432,-0.6687,-0.283,0.2188,0.3433,0.3328,0.2924,0.2771,0.2199,0.3659,0.4143,0.0,0.1383,-0.0,0.7974,1.059,0.0,2.308,0.0,9.964111344411163e-05,32.9,2.53
2536,1790888460.553808,-0.4389,0.0762,-0.7476,-0.0918,0.2462,0.2393,0.3583,0.3638,0.2361,0.2107,0.3664,0.4228,0.0,0.1542,-0.0,0.8765,1.053,0.0,2.263,0.41,9.963678174427833e-05,197.6,0.56
2537,1790888461.0472896,-0.5525,0.068,-0.8472,-0.275,0.3755,0.4497,0.3598,0.444,0.3472,0.2314,0.3554,0.4132,0.0,0.253,-0.0,1.3713,1.062,0.0,2.306,0.0,9.963678174427833e-05,106.2,0.49
2538,1790888461.5674548,-0.4525,0.0684,-0.657,-0.2592,0.2937,0.3765,0.2836,0.3251,0.2605,0.2225,0.3624,0.4152,0.0,0.206,-0.0,1.1358,1.059,0.0,2.309,0.0,9.963678174427833e-05,129.1,0.51
2539,1790888462.100079,-0.495,0.0468,-0.769,-0.2532,0.3735,0.3694,0.3764,0.3604,0.3183,0.2251,0.3577,0.4172,0.0,0.2433,-0.0,1.3224,1.058,0.0,2.305,0.0,9.963678174427833e-05,161.1,0.53
2540,1790888462.6677427,-0.3872,0.0343,-0.5704,-0.2454,0.3296,0.2517,0.2658,0.2857,0.2326,0.2118,0.3589,0.4293,0.0,0.2128,-0.0,1.1694,1.052,0.0,2.302,0.0,9.963678174427833e-05,177.9,0.56
2541,1790888463.1902597,-0.5977,0.0604,-0.8457,-0.3461,0.4977,0.4296,0.4821,0.4759,0.3989,0.2253,0.3511,0.4237,0.0,0.3704,-0.0,1.9578,1.056,0.0,2.309,0.0,9.963678174427833e-05,91.3,0.51
2542,1790888463.716897,-0.4591,0.0792,-0.7357,-0.069,0.3305,0.336,0.2713,0.4083,0.2629,0.2242,0.3612,0.4146,0.0,0.234,-0.0,1.2761,1.059,0.0,2.309,0.0,9.963678174427833e-05,120.8,0.52
2543,1790888464.2915668,-0.3961,0.0484,-0.6552,-0.1876,0.3639,0.2692,0.2633,0.3179,0.2365,0.2241,0.3601,0.4159,0.0,0.2408,-0.0,1.31,1.058,0.0,2.296,0.0,9.963678174427833e-05,141.2,0.57
2544,1790888464.8845043,-0.3605,0.04,-0.5367,-0.1959,0.2763,0.2186,0.2772,0.2411,0.2052,0.2151,0.3608,0.4241,0.0,0.1774,-0.0,0.9926,1.055,0.0,2.309,0.539,9.963242415487557e-05,183.0,0.58
2545,1790888465.4011807,-0.4677,0.098,-0.7676,-0.1879,0.3183,0.461,0.3092,0.2764,0.261,0.2239,0.3634,0.4127,0.0,0.205,-0.0,1.1311,1.06,0.0,2.224,0.0,9.963242415487557e-05,107.3,0.51
2546,1790888465.9514601,-0.4964,0.1076,-0.8108,-0.1846,0.2884,0.4941,0.3211,0.3036,0.2863,0.2275,0.36,0.4126,0.0,0.1836,-0.0,1.0243,1.062,0.0,2.285,0.0,9.963242415487557e-05,119.6,0.54
2547,1790888466.5285568,-0.474,0.0399,-0.6875,-0.1685,0.4459,0.3529,0.3357,0.3615,0.3091,0.222,0.36,0.418,0.0,0.2924,-0.0,1.5677,1.057,0.0,2.274,0.0,9.963242415487557e-05,147.7,0.57
2548,1790888467.100893,-0.4093,0.0833,-0.6652,-0.1179,0.2482,0.314,0.349,0.2064,0.2004,0.2113,0.3652,0.4235,0.0,0.1464,-0.0,0.8372,1.054,0.0,2.309,0.0,9.963242415487557e-05,174.5,0.57
2549,1790888467.6414442,-0.5274,0.0622,-0.8877,-0.2504,0.3373,0.349,0.4365,0.4234,0.341,0.229,0.3588,0.4123,0.0,0.2173,-0.0,1.1926,1.062,0.0,2.298,0.0,9.963242415487557e-05,106.5,0.53
2550,1790888468.1539845,-0.4397,0.0514,-0.7937,-0.2231,0.4219,0.2941,0.3565,0.312,0.2721,0.2242,0.3579,0.4178,0.0,0.3045,-0.0,1.6284,1.058,0.0,2.309,0.0,9.963242415487557e-05,133.1,0.5
2551,1790888471.2271647,-0.4788,0.0502,-0.8193,-0.1985,0.2883,0.3185,0.3627,0.3782,0.3064,0.2243,0.3681,0.4075,0.0,0.1871,-0.0,1.0415,1.061,0.0,2.309,0.0,9.963242415487557e-05,96.1,0.8
2552,1790888471.806619,-0.3876,0.0555,-0.6477,-0.1678,0.3783,0.2839,0.2287,0.3017,0.2244,0.2125,0.3614,0.4261,0.0,0.2417,-0.0,1.3138,1.053,0.0,2.239,0.254,9.962804067817618e-05,172.8,0.57
2553,1790888472.2936459,-0.4616,0.0552,-0.6562,-0.2668,0.3232,0.339,0.3083,0.3778,0.2775,0.2225,0.3632,0.4143,0.0,0.2228,-0.0,1.2197,1.059,0.0,2.29,0.0,9.962804067817618e-05,119.3,0.48
2554,1790888472.812827,-0.4606,0.0482,-0.7496,-0.2758,0.2983,0.3517,0.3096,0.3343,0.2802,0.2233,0.3647,0.412,0.0,0.1952,-0.0,1.0822,1.06,0.0,2.305,0.0,9.962804067817618e-05,141.2,0.51
2555,1790888473.3782647,-0.4161,0.0799,-0.6885,-0.1562,0.3287,0.3586,0.3239,0.2128,0.212,0.2235,0.365,0.4115,0.0,0.2009,-0.0,1.1106,1.06,0.0,2.308,0.0,9.962804067817618e-05,145.7,0.56
2556,1790888473.9950025,-0.3891,0.0413,-0.6557,-0.1518,0.4388,0.294,0.2377,0.2727,0.2205,0.2095,0.3587,0.4318,0.0,0.2853,-0.0,1.5317,1.05,0.0,2.184,0.0,9.962804067817618e-05,176.7,0.61
2557,1790888474.476772,-0.5201,0.0501,-0.8312,-0.3097,0.3276,0.4009,0.4265,0.3521,0.3389,0.2257,0.3604,0.4138,0.0,0.2191,-0.0,1.2018,1.061,0.0,2.307,0.0,9.962804067817618e-05,115.7,0.47
2558,1790888475.0203128,-0.4195,0.0577,-0.7769,-0.1545,0.2393,0.3094,0.2604,0.3343,0.2437,0.2268,0.3673,0.4058,0.0,0.1511,-0.0,0.8616,1.064,0.0,2.309,0.0,9.962804067817618e-05,128.7,0.54
2559,1790888475.5867634,-0.4521,0.0559,-0.6794,-0.2372,0.2923,0.361,0.3044,0.3,0.2671,0.2195,0.3662,0.4144,0.0,0.18,-0.0,1.006,1.058,0.0,2.297,0.0,9.962804067817618e-05,154.1,0.56
2560,1790888476.195889,-0.4179,0.1582,-0.8392,-0.1214,0.222,0.1816,0.4978,0.2313,0.1741,0.2124,0.3681,0.4195,0.0,0.1442,-0.0,0.8266,1.055,0.0,2.236,0.396,9.962363131646648e-05,184.7,0.6
2561,1790888476.7241066,-0.4961,0.0612,-0.8758,-0.2652,0.3203,0.4114,0.3573,0.3489,0.3064,0.2247,0.3635,0.4118,0.0,0.2062,-0.0,1.1372,1.061,0.0,2.309,0.0,9.962363131646648e-05,110.3,0.52
2562,1790888477.2619216,-0.5253,0.075,-0.8382,-0.2564,0.4977,0.4614,0.3104,0.4125,0.3075,0.2243,0.3542,0.4215,0.0,0.3698,-0.0,1.9548,1.056,0.0,2.305,0.0,9.962363131646648e-05,124.9,0.53
2563,1790888477.807038,-0.3739,0.0612,-0.6845,-0.1051,0.3281,0.2182,0.261,0.3128,0.2045,0.2223,0.3616,0.4161,0.0,0.2069,-0.0,1.1405,1.059,0.0,2.286,0.0,9.962363131646648e-05,161.4,0.54
2564,1790888478.327969,-0.4154,0.0599,-0.7663,-0.1834,0.4476,0.2868,0.2489,0.3456,0.2301,0.2192,0.3603,0.4205,0.0,0.281,-0.0,1.5105,1.056,0.0,2.309,0.0,9.962363131646648e-05,201.1,0.51
2565,1790888478.8860962,-0.4805,0.0779,-0.7722,-0.2346,0.2556,0.4126,0.295,0.3631,0.2732,0.2261,0.3648,0.4091,0.0,0.1606,-0.0,0.9092,1.062,0.0,2.295,0.0,9.962363131646648e-05,96.1,0.55
2566,1790888479.3604267,-0.4277,0.0464,-0.6246,-0.1441,0.3745,0.301,0.3234,0.2977,0.2569,0.2247,0.362,0.4132,0.0,0.2507,-0.0,1.3593,1.06,0.0,2.227,0.0,9.962363131646648e-05,150.8,0.47
2567,1790888479.896326,-0.4529,0.0596,-0.7265,-0.1929,0.3178,0.3479,0.3606,0.3015,0.2683,0.225,0.3656,0.4093,0.0,0.2053,-0.0,1.1327,1.062,0.0,2.303,0.0,9.962363131646648e-05,151.9,0.53
2568,1790888480.4882455,-0.3979,0.0438,-0.6443,-0.2264,0.3099,0.2508,0.3158,0.2563,0.2305,0.2077,0.3637,0.4286,0.0,0.1913,-0.0,1.0617,1.05,0.0,2.291,0.329,9.96191960720463e-05,186.2,0.58
2569,1790888481.0082793,-0.5599,0.0705,-0.9051,-0.1045,0.3628,0.3804,0.4317,0.4792,0.3602,0.2276,0.3648,0.4076,0.0,0.2538,-0.0,1.375,1.062,0.0,2.309,0.0,9.96191960720463e-05,103.9,0.51
2570,1790888481.5380871,-0.4134,0.0562,-0.593,-0.2179,0.3482,0.3025,0.344,0.2427,0.2375,0.2255,0.3646,0.4099,0.0,0.2332,-0.0,1.2721,1.06,0.0,2.305,0.0,9.96191960720463e-05,121.6,0.52
2571,1790888482.0554078,-0.5254,0.136,-0.9365,-0.1343,0.3113,0.2577,0.3782,0.5502,0.2556,0.2243,0.3678,0.4079,0.0,0.2072,-0.0,1.1419,1.06,0.0,2.305,0.0,9.96191960720463e-05,155.4,0.51
2572,1790888482.6221046,-0.4819,0.0454,-0.7646,-0.1985,0.4489,0.3275,0.3815,0.362,0.3118,0.2221,0.3609,0.417,0.0,0.3054,-0.0,1.6329,1.057,0.0,2.309,0.0,9.96191960720463e-05,173.4,0.56
2573,1790888483.1366708,-0.5087,0.0613,-0.8107,-0.1107,0.6002,0.4231,0.361,0.3757,0.3295,0.2285,0.351,0.4204,0.0,0.4483,-0.0,2.3471,1.057,0.0,2.304,0.0,9.96191960720463e-05,96.4,0.51
2574,1790888483.7258513,-0.4848,0.0468,-0.7853,-0.2289,0.3139,0.35,0.3633,0.3818,0.3199,0.2307,0.3673,0.4019,0.0,0.2019,-0.0,1.1161,1.064,0.0,2.307,0.0,9.96191960720463e-05,117.7,0.58
2575,1790888484.2782707,-0.4966,0.0894,-0.7875,-0.2742,0.2528,0.2903,0.4444,0.3817,0.2695,0.2248,0.3681,0.4072,0.0,0.1561,-0.0,0.8865,1.061,0.0,2.291,0.0,9.96191960720463e-05,144.7,0.55
2576,1790888487.5052865,-0.4219,0.049,-0.7455,-0.2134,0.3228,0.2841,0.3367,0.2807,0.2483,0.2072,0.3655,0.4274,0.0,0.2068,-0.0,1.1388,1.05,0.0,2.305,0.561,9.961473494722901e-05,139.9,0.77
2577,1790888488.003873,-0.6252,0.1023,-0.8342,-0.3535,0.4196,0.4536,0.6031,0.4087,0.3809,0.2292,0.3583,0.4125,0.0,0.2769,-0.0,1.4907,1.062,0.0,2.299,0.0,9.961473494722901e-05,102.0,0.49
2578,1790888488.5401995,-0.4753,0.0402,-0.5974,-0.2538,0.334,0.3403,0.3343,0.3702,0.3017,0.2301,0.3613,0.4086,0.0,0.2345,-0.0,1.2788,1.063,0.0,2.309,0.0,9.961473494722901e-05,120.9,0.53
2579,1790888489.0380788,-0.4628,0.0479,-0.8587,-0.2675,0.3671,0.3753,0.3049,0.3514,0.2972,0.2245,0.3632,0.4123,0.0,0.2306,-0.0,1.259,1.059,0.0,2.302,0.0,9.961473494722901e-05,165.3,0.49
2580,1790888489.5987086,-0.4091,0.0529,-0.5725,-0.274,0.2669,0.3016,0.3345,0.2383,0.2383,0.2183,0.3707,0.411,0.0,0.1819,-0.0,1.0154,1.059,0.0,2.309,0.0,9.961473494722901e-05,186.0,0.55
2581,1790888490.14724,-0.5293,0.065,-0.76,-0.2176,0.2992,0.4642,0.3809,0.3718,0.3358,0.2269,0.3665,0.4066,0.0,0.1975,-0.0,1.0938,1.063,0.0,2.297,0.0,9.961473494722901e-05,99.2,0.54
2582,1790888490.67553,-0.5378,0.0614,-0.8891,-0.3,0.2525,0.4462,0.3982,0.3814,0.3464,0.2255,0.3704,0.4041,0.0,0.1662,-0.0,0.9373,1.062,0.0,2.309,0.0,9.961473494722901e-05,124.8,0.52
2583,1790888491.2476504,-0.4088,0.037,-0.6953,-0.1981,0.3066,0.3109,0.2958,0.2555,0.247,0.2272,0.3678,0.405,0.0,0.1991,-0.0,1.1018,1.062,0.0,2.288,0.0,9.961473494722901e-05,140.5,0.56
2584,1790888491.8671453,-0.4579,0.0466,-0.7159,-0.0773,0.2946,0.2979,0.3353,0.3688,0.2869,0.214,0.371,0.415,0.0,0.185,-0.0,1.0306,1.056,0.0,2.301,0.301,9.961024794434144e-05,167.2,0.61
2585,1790888492.3672643,-0.5768,0.0817,-0.8478,-0.2893,0.3689,0.3563,0.5012,0.473,0.3508,0.2264,0.3662,0.4075,0.0,0.2414,-0.0,1.3133,1.062,0.0,2.3,0.0,9.961024794434144e-05,105.4,0.49
2586,1790888492.9290142,-0.442,0.0448,-0.7189,-0.1359,0.2827,0.3052,0.3348,0.3391,0.2888,0.2262,0.3648,0.409,0.0,0.1757,-0.0,0.9847,1.062,0.0,2.301,0.0,9.961024794434144e-05,118.2,0.55
2587,1790888493.4755952,-0.4408,0.0596,-0.7006,-0.1262,0.2454,0.3673,0.3032,0.2757,0.254,0.226,0.3714,0.4025,0.0,0.163,-0.0,0.9215,1.063,0.0,2.309,0.0,9.961024794434144e-05,153.4,0.54
2588,1790888494.1001546,-0.4892,0.1167,-0.8968,-0.2667,0.2925,0.3062,0.5133,0.2683,0.2672,0.2176,0.3756,0.4068,0.0,0.1758,-0.0,0.9848,1.058,0.0,2.159,0.0,9.961024794434144e-05,169.1,0.62
2589,1790888494.6331184,-0.5111,0.0632,-0.811,-0.1773,0.3464,0.4103,0.3683,0.3799,0.3249,0.2203,0.3649,0.4147,0.0,0.2447,-0.0,1.3293,1.058,0.0,2.297,0.0,9.961024794434144e-05,102.8,0.53
2590,1790888495.182261,-0.51,0.0685,-0.7241,-0.29,0.3035,0.306,0.4335,0.3892,0.3048,0.2253,0.3662,0.4085,0.0,0.2052,-0.0,1.1321,1.061,0.0,2.309,0.0,9.961024794434144e-05,127.2,0.54
2591,1790888495.7646196,-0.4828,0.1525,-0.8923,-0.1952,0.2446,0.2493,0.5517,0.2814,0.239,0.2256,0.3674,0.407,0.0,0.1599,-0.0,0.9057,1.063,0.0,2.11,0.0,9.961024794434144e-05,143.3,0.57
2592,1790888496.4377103,-0.4431,0.0684,-0.7448,-0.1707,0.3376,0.3191,0.2568,0.3882,0.253,0.2153,0.3688,0.4159,0.0,0.2093,-0.0,1.1521,1.056,0.0,2.281,0.656,9.96057350657239e-05,151.8,0.67
2593,1790888496.9284298,-0.5104,0.0633,-0.7971,-0.1679,0.4517,0.3384,0.4249,0.381,0.314,0.228,0.3584,0.4137,0.0,0.3172,-0.0,1.6921,1.061,0.0,2.281,0.0,9.96057350657239e-05,118.2,0.48
2594,1790888497.4781394,-0.4763,0.0611,-0.8027,-0.1244,0.3363,0.2951,0.4055,0.3697,0.2893,0.227,0.3626,0.4105,0.0,0.2239,-0.0,1.2258,1.061,0.0,2.309,0.0,9.96057350657239e-05,131.0,0.54
2595,1790888498.0137396,-0.4266,0.0602,-0.7145,-0.1743,0.3147,0.3632,0.2766,0.2654,0.2503,0.2263,0.3656,0.408,0.0,0.2031,-0.0,1.1214,1.061,0.0,2.259,0.0,9.96057350657239e-05,156.3,0.53
2596,1790888498.599714,-0.3621,0.0438,-0.5331,-0.2371,0.2465,0.2518,0.2665,0.2334,0.2074,0.2165,0.3709,0.4126,0.0,0.1513,-0.0,0.862,1.058,0.0,2.307,0.0,9.96057350657239e-05,186.8,0.58
2597,1790888499.072837,-0.5423,0.0586,-0.9,-0.2932,0.3214,0.3814,0.47,0.3806,0.3542,0.2321,0.3595,0.4084,0.0,0.2108,-0.0,1.1604,1.064,0.0,2.306,0.0,9.96057350657239e-05,113.8,0.47
2598,1790888499.6156216,-0.4863,0.0548,-0.8885,-0.2252,0.2479,0.405,0.3294,0.3669,0.316,0.2289,0.3683,0.4027,0.0,0.1495,-0.0,0.8541,1.065,0.0,2.292,0.0,9.96057350657239e-05,128.0,0.53
2599,1790888500.1695864,-0.4294,0.0564,-0.8237,-0.185,0.2395,0.279,0.2909,0.3631,0.2574,0.2242,0.367,0.4088,0.0,0.1603,-0.0,0.9076,1.062,0.0,2.308,0.0,9.96057350657239e-05,152.9,0.55
2600,1790888500.8004785,-0.4588,0.058,-0.6555,-0.2564,0.2282,0.3481,0.2896,0.3548,0.2653,0.2143,0.3685,0.4173,0.0,0.1536,-0.0,0.8736,1.056,0.0,2.304,0.255,9.960119631373022e-05,170.1,0.62
2601,1790888503.743499,-0.5391,0.0633,-0.7893,-0.2154,0.3892,0.351,0.4372,0.4502,0.3408,0.2323,0.3661,0.4016,0.0,0.2451,-0.0,1.3318,1.065,0.0,2.302,0.0,9.960119631373022e-05,75.0,0.69
2602,1790888504.3719482,-0.4673,0.0857,-0.7654,-0.2846,0.2693,0.2835,0.4354,0.2883,0.2703,0.2348,0.3656,0.3996,0.0,0.1732,-0.0,0.9729,1.067,0.0,2.202,0.0,9.960119631373022e-05,101.5,0.62
2603,1790888504.8274596,-0.4489,0.0462,-0.6434,-0.2645,0.4087,0.3562,0.2945,0.3257,0.2821,0.232,0.3602,0.4079,0.0,0.2679,-0.0,1.4456,1.063,0.0,2.296,0.0,9.960119631373022e-05,164.1,0.45
2604,1790888505.3688772,-0.4206,0.0611,-0.5767,-0.2189,0.2537,0.3271,0.3318,0.2588,0.2538,0.2212,0.3657,0.4131,0.0,0.1545,-0.0,0.8783,1.06,0.0,2.301,0.0,9.960119631373022e-05,187.4,0.53
2605,1790888505.9171784,-0.4668,0.0784,-0.8527,-0.1144,0.3123,0.3099,0.3017,0.4301,0.2756,0.2295,0.3612,0.4093,0.0,0.208,-0.0,1.1463,1.063,0.0,2.302,0.0,9.960119631373022e-05,97.1,0.54
2606,1790888506.4567351,-0.4499,0.0398,-0.6622,-0.2497,0.2857,0.3454,0.2962,0.3239,0.2826,0.2265,0.3711,0.4024,0.0,0.1787,-0.0,0.9998,1.062,0.0,2.309,0.0,9.960119631373022e-05,136.7,0.53
2607,1790888506.9886446,-0.4931,0.0505,-0.7688,-0.2792,0.3459,0.4126,0.3443,0.3446,0.3218,0.2299,0.3633,0.4069,0.0,0.2281,-0.0,1.2468,1.063,0.0,2.308,0.0,9.960119631373022e-05,148.7,0.53
2608,1790888507.6488812,-0.4393,0.0643,-0.806,-0.2047,0.2578,0.3067,0.2682,0.3754,0.2521,0.2092,0.365,0.4258,0.0,0.1611,-0.0,0.9107,1.052,0.0,2.309,0.276,9.959663169072775e-05,170.1,0.65
2609,1790888508.1577647,-0.5219,0.0462,-0.6712,-0.2254,0.3158,0.3769,0.4264,0.382,0.3467,0.2332,0.3583,0.4085,0.0,0.2153,-0.0,1.1829,1.064,0.0,2.294,0.0,9.959663169072775e-05,96.5,0.5
2610,1790888508.709073,-0.481,0.0371,-0.7152,-0.1137,0.3229,0.369,0.3562,0.3486,0.3144,0.2285,0.3655,0.406,0.0,0.2456,-0.0,1.3345,1.063,0.0,2.309,0.0,9.959663169072775e-05,122.2,0.55
2611,1790888509.2515287,-0.3806,0.0427,-0.5364,-0.2499,0.2233,0.2887,0.2766,0.2241,0.2187,0.2286,0.3733,0.3981,0.0,0.1366,-0.0,0.7893,1.065,0.0,2.309,0.0,9.959663169072775e-05,156.0,0.53
2612,1790888509.8397863,-0.4248,0.0586,-0.7133,-0.245,0.4627,0.3665,0.2524,0.2851,0.2469,0.2193,0.3598,0.4209,0.0,0.2926,-0.0,1.5685,1.057,0.0,2.281,0.0,9.959663169072775e-05,188.3,0.58
2613,1790888510.3861992,-0.5678,0.067,-0.8484,-0.3,0.3596,0.4348,0.4918,0.3771,0.3646,0.2337,0.3627,0.4036,0.0,0.2827,-0.0,1.5198,1.064,0.0,2.298,0.0,9.959663169072775e-05,91.6,0.54
2614,1790888510.9220836,-0.5113,0.0571,-0.7042,-0.3003,0.2708,0.4185,0.3182,0.3922,0.3153,0.2288,0.3674,0.4038,0.0,0.1796,-0.0,1.0045,1.063,0.0,2.283,0.0,9.959663169072775e-05,135.3,0.53
2615,1790888511.489624,-0.3913,0.0506,-0.6144,-0.1904,0.2826,0.3236,0.2406,0.2784,0.2322,0.2274,0.3667,0.4059,0.0,0.1757,-0.0,0.9846,1.063,0.0,2.308,0.0,9.959663169072775e-05,148.4,0.56
2616,1790888512.1196277,-0.4143,0.0444,-0.7587,-0.17,0.2885,0.3132,0.2725,0.2956,0.2578,0.2229,0.3678,0.4093,0.0,0.1902,-0.0,1.0568,1.059,0.0,2.282,0.546,9.959204119909727e-05,166.5,0.62
2617,1790888512.6513233,-0.5107,0.0593,-0.7252,-0.2568,0.3449,0.4252,0.4035,0.3244,0.318,0.231,0.3618,0.4072,0.0,0.2483,-0.0,1.3478,1.064,0.0,2.305,0.0,9.959204119909727e-05,100.8,0.52
2618,1790888513.2137618,-0.4004,0.055,-0.6652,-0.1312,0.2644,0.2503,0.2571,0.3443,0.2308,0.2297,0.368,0.4024,0.0,0.1579,-0.0,0.8957,1.064,0.0,2.309,0.0,9.959204119909727e-05,115.6,0.56
2619,1790888513.7706113,-0.4286,0.0639,-0.6406,-0.2372,0.3332,0.2587,0.3269,0.315,0.2341,0.2286,0.3646,0.4069,0.0,0.2098,-0.0,1.1555,1.063,0.0,2.306,0.0,9.959204119909727e-05,129.7,0.55
2620,1790888514.3322625,-0.3884,0.0395,-0.6151,-0.1876,0.3986,0.2641,0.282,0.2652,0.2345,0.2211,0.3637,0.4153,0.0,0.2596,-0.0,1.4039,1.059,0.0,2.302,0.0,9.959204119909727e-05,189.2,0.55
2621,1790888514.9026868,-0.5562,0.0639,-0.87,-0.2324,0.3744,0.437,0.392,0.4529,0.3633,0.2325,0.3614,0.4061,0.0,0.2454,-0.0,1.3333,1.064,0.0,2.303,0.0,9.959204119909727e-05,101.6,0.53
2622,1790888515.4720955,-0.5672,0.0681,-0.7918,-0.3214,0.2638,0.3929,0.4137,0.4805,0.3587,0.2303,0.3667,0.4031,0.0,0.1746,-0.0,0.9793,1.064,0.0,2.306,0.0,9.959204119909727e-05,121.3,0.56
2623,1790888516.0316274,-0.4312,0.0559,-0.6493,-0.2393,0.2678,0.281,0.3558,0.2885,0.2625,0.2271,0.3683,0.4046,0.0,0.1672,-0.0,0.9423,1.063,0.0,2.216,0.0,9.959204119909727e-05,155.2,0.55
2624,1790888516.6426876,-0.5073,0.0939,-1.0125,-0.2647,0.5242,0.4897,0.349,0.2943,0.2918,0.2206,0.3566,0.4228,0.0,0.3478,-0.0,1.8445,1.056,0.0,2.309,0.116,9.958742484123311e-05,186.1,0.6
2625,1790888517.133069,-0.513,0.0711,-0.7944,-0.2812,0.3784,0.4529,0.3816,0.3222,0.3121,0.2253,0.3587,0.416,0.0,0.2663,-0.0,1.4373,1.059,0.0,2.309,0.0,9.958742484123311e-05,112.5,0.48
2626,1790888520.1301303,-0.4442,0.0692,-0.7513,-0.1301,0.3371,0.4008,0.2973,0.2878,0.2584,0.228,0.3624,0.4097,0.0,0.217,-0.0,1.1915,1.062,0.0,2.274,0.0,9.958742484123311e-05,87.3,0.81
2627,1790888520.6926608,-0.5194,0.0382,-0.7587,-0.2582,0.3647,0.3724,0.3977,0.3908,0.3448,0.2279,0.3653,0.4068,0.0,0.2471,-0.0,1.3417,1.062,0.0,2.289,0.0,9.958742484123311e-05,151.2,0.55
2628,1790888521.2340572,-0.4507,0.0494,-0.7039,-0.2838,0.2691,0.335,0.3548,0.2968,0.2768,0.223,0.369,0.408,0.0,0.1665,-0.0,0.9387,1.061,0.0,2.309,0.0,9.958742484123311e-05,194.3,0.53
2629,1790888521.770007,-0.5191,0.0443,-0.8619,-0.2338,0.3727,0.4124,0.3712,0.4122,0.3447,0.2274,0.3672,0.4054,0.0,0.2605,-0.0,1.4089,1.062,0.0,2.289,0.0,9.958742484123311e-05,105.9,0.53
2630,1790888522.2548673,-0.4005,0.0631,-0.6376,-0.0885,0.3105,0.2264,0.3445,0.2795,0.2253,0.2283,0.3625,0.4091,0.0,0.1976,-0.0,1.0943,1.064,0.0,2.309,0.0,9.958742484123311e-05,144.4,0.48
2631,1790888522.8022351,-0.4775,0.0716,-0.8012,-0.2189,0.3927,0.2985,0.3271,0.421,0.2795,0.2305,0.3598,0.4097,0.0,0.2642,-0.0,1.4274,1.063,0.0,2.293,0.0,9.958742484123311e-05,153.1,0.54
2632,1790888523.4388213,-0.464,0.0801,-0.7984,-0.2171,0.3072,0.4386,0.2762,0.3032,0.2709,0.2184,0.3663,0.4152,0.0,0.1956,-0.0,1.0839,1.058,0.0,2.189,0.276,9.958278261954309e-05,185.0,0.63
2633,1790888523.9989944,-0.4837,0.068,-0.7186,-0.2444,0.3483,0.3039,0.3826,0.3927,0.294,0.2304,0.3561,0.4135,0.0,0.2332,-0.0,1.2721,1.063,0.0,2.309,0.0,9.958278261954309e-05,99.5,0.55
2634,1790888524.5488863,-0.4983,0.0934,-0.83,-0.156,0.259,0.4714,0.3684,0.2893,0.2868,0.2252,0.3667,0.408,0.0,0.1569,-0.0,0.8908,1.063,0.0,2.305,0.0,9.958278261954309e-05,128.5,0.54
2635,1790888525.1074462,-0.4354,0.0422,-0.64,-0.1511,0.3597,0.3083,0.3263,0.311,0.2756,0.2287,0.3647,0.4066,0.0,0.2237,-0.0,1.2247,1.062,0.0,2.302,0.0,9.958278261954309e-05,155.3,0.55
2636,1790888525.6750062,-0.3706,0.0586,-0.7042,-0.0857,0.3904,0.3158,0.2139,0.2537,0.2089,0.2193,0.3641,0.4166,0.0,0.2627,-0.0,1.4194,1.057,0.0,2.309,0.0,9.958278261954309e-05,185.5,0.56
2637,1790888526.1729212,-0.5155,0.0845,-0.8929,-0.2118,0.6705,0.469,0.3596,0.3218,0.3071,0.2307,0.3475,0.4218,0.0,0.5011,-0.0,2.6114,1.059,0.0,2.282,0.0,9.958278261954309e-05,111.3,0.49
2638,1790888526.6793265,-0.3864,0.0509,-0.5677,-0.1682,0.2626,0.3049,0.2575,0.2568,0.221,0.2288,0.3684,0.4028,0.0,0.1485,-0.0,0.8487,1.064,0.0,2.304,0.0,9.958278261954309e-05,131.4,0.5
2639,1790888527.1828432,-0.4373,0.069,-0.75,-0.1694,0.3447,0.384,0.2701,0.279,0.2502,0.2291,0.3635,0.4074,0.0,0.2181,-0.0,1.1966,1.062,0.0,2.288,0.0,9.958278261954309e-05,165.7,0.49
2640,1790888527.7774491,-0.4882,0.063,-0.8014,-0.2918,0.3138,0.3047,0.4155,0.3629,0.2975,0.2229,0.3639,0.4132,0.0,0.207,-0.0,1.1407,1.059,0.0,2.303,0.539,9.957811453644847e-05,184.2,0.58
2641,1790888528.3529541,-0.4374,0.0467,-0.6602,-0.1529,0.3793,0.3248,0.3499,0.2769,0.2729,0.2273,0.3619,0.4108,0.0,0.2732,-0.0,1.4724,1.062,0.0,2.309,0.0,9.957811453644847e-05,95.4,0.57
2642,1790888528.9006276,-0.3855,0.0514,-0.5834,-0.1214,0.301,0.2948,0.2533,0.2671,0.2242,0.2274,0.3668,0.4058,0.0,0.2018,-0.0,1.1152,1.063,0.0,2.309,0.0,9.957811453644847e-05,139.0,0.54
2643,1790888529.4496999,-0.5146,0.0922,-0.8784,-0.2304,0.4057,0.4804,0.3736,0.2999,0.2965,0.2255,0.364,0.4105,0.0,0.2746,-0.0,1.4791,1.06,0.0,2.299,0.0,9.957811453644847e-05,159.4,0.54
2644,1790888530.0754886,-0.4463,0.0747,-0.7148,-0.2003,0.2345,0.3291,0.2478,0.3965,0.2451,0.226,0.3676,0.4064,0.0,0.1608,-0.0,0.9102,1.063,0.0,2.243,0.0,9.957811453644847e-05,160.8,0.62
2645,1790888530.5997155,-0.5022,0.0803,-0.7906,-0.2782,0.4576,0.4464,0.3775,0.3118,0.297,0.2267,0.3557,0.4177,0.0,0.3164,-0.0,1.6881,1.061,0.0,2.266,0.0,9.957811453644847e-05,110.2,0.52
2646,1790888531.166118,-0.5033,0.0628,-0.9472,-0.2516,0.3591,0.3472,0.3342,0.447,0.3209,0.2347,0.3617,0.4036,0.0,0.2487,-0.0,1.3501,1.065,0.0,2.283,0.0,9.957811453644847e-05,129.1,0.56
2647,1790888531.7326217,-0.513,0.0405,-0.7804,-0.2958,0.3955,0.3565,0.4158,0.3822,0.3449,0.2233,0.3633,0.4134,0.0,0.2596,-0.0,1.404,1.059,0.0,2.309,0.0,9.957811453644847e-05,150.8,0.56
2648,1790888532.317861,-0.4253,0.0297,-0.5746,-0.2955,0.3214,0.3246,0.2805,0.2856,0.2664,0.2233,0.3637,0.413,0.0,0.2065,-0.0,1.1383,1.06,0.0,2.309,0.344,9.957342059438406e-05,166.3,0.58
2649,1790888532.8533368,-0.5139,0.0983,-0.8637,-0.2667,0.3759,0.5011,0.34,0.3336,0.3063,0.2283,0.3634,0.4084,0.0,0.2813,-0.0,1.5129,1.062,0.0,2.309,0.0,9.957342059438406e-05,100.5,0.53
2650,1790888533.4201033,-0.4343,0.0356,-0.6817,-0.1645,0.2635,0.2985,0.3056,0.3467,0.2816,0.2257,0.3674,0.4068,0.0,0.1616,-0.0,0.9141,1.063,0.0,2.307,0.0,9.957342059438406e-05,119.9,0.56
2651,1790888536.3818974,-0.4235,0.0433,-0.6152,-0.2193,0.2963,0.3181,0.2807,0.3155,0.2573,0.2291,0.3605,0.4104,0.0,0.1856,-0.0,1.0343,1.064,0.0,2.281,0.0,9.957342059438406e-05,114.5,0.75
2652,1790888536.9272797,-0.4841,0.1088,-0.8022,-0.2759,0.3628,0.4901,0.2973,0.2899,0.2768,0.2134,0.3656,0.421,0.0,0.2335,-0.0,1.2732,1.055,0.0,2.156,0.0,9.957342059438406e-05,199.5,0.54
2653,1790888537.4201002,-0.5066,0.0694,-0.8008,-0.2798,0.4404,0.342,0.4541,0.3523,0.3136,0.2227,0.3596,0.4178,0.0,0.3297,-0.0,1.7544,1.058,0.0,2.309,0.0,9.957342059438406e-05,104.9,0.49
2654,1790888537.943142,-0.405,0.0387,-0.6432,-0.1851,0.3471,0.3001,0.2715,0.3026,0.2569,0.235,0.3585,0.4065,0.0,0.2177,-0.0,1.1953,1.066,0.0,2.262,0.0,9.957342059438406e-05,126.4,0.52
2655,1790888538.4938958,-0.4073,0.0462,-0.6429,-0.1927,0.2884,0.2829,0.324,0.2718,0.2494,0.2278,0.3698,0.4023,0.0,0.1811,-0.0,1.0119,1.063,0.0,2.309,0.0,9.957342059438406e-05,142.9,0.54
2656,1790888539.0645173,-0.4408,0.0402,-0.7174,-0.1975,0.3029,0.3401,0.2983,0.299,0.2734,0.2086,0.3668,0.4246,0.0,0.1905,-0.0,1.0576,1.051,0.0,2.306,0.408,9.95687007957981e-05,197.0,0.56
2657,1790888539.6175435,-0.4801,0.0516,-0.8253,-0.2258,0.3543,0.3822,0.2972,0.3778,0.2959,0.222,0.3682,0.4098,0.0,0.2439,-0.0,1.3255,1.06,0.0,2.3,0.0,9.95687007957981e-05,97.0,0.55
2658,1790888540.1659238,-0.5195,0.0936,-0.822,-0.1583,0.2828,0.4118,0.4724,0.2863,0.2863,0.2267,0.3661,0.4072,0.0,0.2049,-0.0,1.1308,1.063,0.0,2.278,0.0,9.95687007957981e-05,122.4,0.54
2659,1790888540.7094843,-0.4847,0.0502,-0.7812,-0.2386,0.2738,0.3871,0.3365,0.3677,0.3086,0.2234,0.367,0.4096,0.0,0.1685,-0.0,0.9483,1.06,0.0,2.298,0.0,9.95687007957981e-05,147.6,0.54
2660,1790888541.2739182,-0.3968,0.0658,-0.6833,-0.1363,0.2929,0.2959,0.229,0.3252,0.2151,0.21,0.3657,0.4243,0.0,0.1923,-0.0,1.0666,1.052,0.0,2.302,0.0,9.95687007957981e-05,197.3,0.56
2661,1790888541.8131468,-0.5227,0.0554,-0.7567,-0.1935,0.2945,0.4428,0.391,0.3615,0.3405,0.2337,0.3652,0.4011,0.0,0.1956,-0.0,1.0846,1.066,0.0,2.309,0.0,9.95687007957981e-05,100.9,0.53
2662,1790888542.36307,-0.4021,0.0836,-0.754,-0.1343,0.3217,0.3915,0.2498,0.2416,0.2233,0.227,0.3644,0.4086,0.0,0.2225,-0.0,1.2187,1.061,0.0,2.308,0.0,9.95687007957981e-05,118.8,0.54
2663,1790888542.90052,-0.3993,0.0801,-0.6687,-0.2,0.27,0.3595,0.2019,0.2766,0.2,0.2205,0.3679,0.4117,0.0,0.1698,-0.0,0.9548,1.058,0.0,2.297,0.0,9.95687007957981e-05,158.0,0.53
2664,1790888543.4700522,-0.4916,0.0387,-0.6928,-0.1175,0.3727,0.3354,0.3631,0.3841,0.3267,0.2074,0.3656,0.427,0.0,0.2652,-0.0,1.431,1.05,0.0,2.25,0.74,9.956395514315235e-05,214.2,0.56
2665,1790888543.9414837,-0.4906,0.0635,-0.8577,-0.2027,0.2959,0.343,0.3461,0.4216,0.3043,0.2216,0.3673,0.4111,0.0,0.1994,-0.0,1.103,1.06,0.0,2.308,0.0,9.956395514315235e-05,111.7,0.46
2666,1790888544.4820828,-0.5129,0.066,-0.7284,-0.3041,0.3116,0.4254,0.4137,0.3172,0.3172,0.224,0.3678,0.4081,0.0,0.2064,-0.0,1.1382,1.061,0.0,2.298,0.0,9.956395514315235e-05,124.1,0.53
2667,1790888545.002568,-0.4221,0.0343,-0.7176,-0.1511,0.3749,0.3209,0.2959,0.2795,0.2633,0.2199,0.3631,0.417,0.0,0.2452,-0.0,1.3319,1.058,0.0,2.309,0.0,9.956395514315235e-05,160.7,0.51
2668,1790888545.6502447,-0.4435,0.0271,-0.7176,-0.1333,0.4594,0.3184,0.3097,0.3347,0.2922,0.2118,0.364,0.4241,0.0,0.3153,0.0,1.6816,1.052,0.0,2.271,0.0,9.956395514315235e-05,176.2,0.64
2669,1790888546.145071,-0.4569,0.0942,-0.7468,-0.1514,0.4049,0.4265,0.2701,0.3005,0.2459,0.2234,0.3641,0.4125,0.0,0.2767,-0.0,1.4892,1.059,0.0,2.309,0.0,9.956395514315235e-05,108.4,0.49
2670,1790888546.6814373,-0.5165,0.0461,-0.779,-0.2882,0.4204,0.3666,0.4265,0.3791,0.3454,0.2216,0.3595,0.4189,0.0,0.2991,-0.0,1.6011,1.058,0.0,2.306,0.0,9.956395514315235e-05,121.4,0.53
2671,1790888547.2113674,-0.5274,0.0966,-1.028,-0.2369,0.4069,0.337,0.3458,0.5161,0.3093,0.2195,0.3631,0.4174,0.0,0.2639,-0.0,1.4254,1.057,0.0,2.291,0.0,9.956395514315235e-05,158.6,0.52
2672,1790888547.8232584,-0.4062,0.0513,-0.6678,-0.1943,0.4669,0.3263,0.2898,0.249,0.2403,0.2128,0.3644,0.4229,0.0,0.2996,-0.0,1.603,1.052,0.0,2.309,0.224,9.955918363892206e-05,176.9,0.6
2673,1790888548.3821075,-0.4425,0.058,-0.7146,-0.1691,0.4266,0.3075,0.3301,0.3417,0.2709,0.2246,0.3616,0.4138,0.0,0.2894,-0.0,1.5529,1.059,0.0,2.28,0.0,9.955918363892206e-05,94.5,0.55
2674,1790888548.9442399,-0.534,0.0768,-0.8597,-0.2724,0.2755,0.4726,0.3613,0.3717,0.3247,0.222,0.3691,0.4088,0.0,0.1724,-0.0,0.968,1.06,0.0,2.307,0.0,9.955918363892206e-05,124.7,0.56
2675,1790888549.4809375,-0.428,0.0544,-0.6646,-0.2674,0.3284,0.3436,0.3261,0.253,0.2424,0.2175,0.369,0.4136,0.0,0.1992,-0.0,1.1018,1.057,0.0,2.309,0.0,9.955918363892206e-05,148.4,0.53
2676,1790888552.6549985,-0.4576,0.0492,-0.643,-0.1619,0.3034,0.3137,0.3638,0.328,0.2923,0.2044,0.3717,0.4239,0.0,0.2015,-0.0,1.1122,1.05,0.0,2.309,0.0,9.955918363892206e-05,129.8,0.82
2677,1790888553.1607344,-0.4495,0.0721,-0.7775,-0.1553,0.3073,0.3453,0.3918,0.2584,0.2546,0.2148,0.3673,0.4179,0.0,0.197,-0.0,1.0903,1.056,0.0,2.284,0.0,9.955918363892206e-05,113.7,0.5
2678,1790888553.677012,-0.5335,0.0886,-0.7616,-0.3468,0.4728,0.3042,0.4179,0.5027,0.3042,0.2214,0.3654,0.4132,0.0,0.3264,-0.0,1.7376,1.057,0.0,2.216,0.0,9.955918363892206e-05,134.1,0.51
2679,1790888554.2300022,-0.4895,0.0455,-0.7192,-0.2662,0.2876,0.3477,0.3757,0.3486,0.3086,0.2189,0.3688,0.4123,0.0,0.1986,-0.0,1.0988,1.058,0.0,2.309,0.0,9.955918363892206e-05,148.2,0.55
2680,1790888554.847005,-0.3654,0.055,-0.5168,-0.0308,0.3443,0.2721,0.2736,0.2003,0.1932,0.2103,0.3708,0.419,0.0,0.2056,-0.0,1.1333,1.052,0.0,2.289,0.477,9.955438628559595e-05,174.6,0.61
2681,1790888555.3975139,-0.4687,0.0612,-0.6955,-0.2493,0.446,0.3318,0.3742,0.3355,0.2884,0.2153,0.3584,0.4263,0.0,0.3217,-0.0,1.7138,1.053,0.0,2.294,0.0,9.955438628559595e-05,105.5,0.54
2682,1790888555.9026144,-0.5464,0.0974,-0.99,-0.3297,0.3969,0.3016,0.4291,0.5079,0.3016,0.2218,0.3649,0.4133,0.0,0.2473,-0.0,1.3424,1.058,0.0,2.302,0.0,9.955438628559595e-05,130.3,0.5
2683,1790888556.4014783,-0.4792,0.0564,-0.7604,-0.2159,0.3138,0.3596,0.3008,0.3823,0.2874,0.2173,0.3671,0.4156,0.0,0.2023,-0.0,1.1174,1.057,0.0,2.308,0.0,9.955438628559595e-05,148.6,0.49
2684,1790888556.920235,-0.4042,0.0518,-0.657,-0.1905,0.2996,0.2646,0.2567,0.3232,0.2294,0.2069,0.3694,0.4237,0.0,0.1831,-0.0,1.0206,1.05,0.0,2.292,0.0,9.955438628559595e-05,195.0,0.51
2685,1790888557.4272087,-0.5271,0.0488,-0.699,-0.3426,0.3215,0.3719,0.4362,0.3888,0.3477,0.217,0.3674,0.4156,0.0,0.1943,-0.0,1.0769,1.056,0.0,2.299,0.0,9.955438628559595e-05,109.6,0.5
2686,1790888558.0040073,-0.3888,0.0452,-0.644,-0.161,0.2295,0.2438,0.2941,0.2945,0.2346,0.2187,0.3721,0.4092,0.0,0.1613,-0.0,0.9126,1.059,0.0,2.298,0.0,9.955438628559595e-05,129.4,0.57
2687,1790888558.5508316,-0.4935,0.0566,-0.8762,-0.2286,0.2995,0.408,0.336,0.3547,0.3036,0.2178,0.3719,0.4103,0.0,0.195,-0.0,1.0806,1.057,0.0,2.309,0.0,9.955438628559595e-05,163.0,0.54
2688,1790888559.172527,-0.4558,0.0563,-0.6604,-0.2752,0.241,0.3023,0.3984,0.2946,0.2714,0.2006,0.3736,0.4258,0.0,0.1497,-0.0,0.8534,1.047,0.0,2.243,0.548,9.954956308567622e-05,199.6,0.61
2689,1790888559.7015674,-0.552,0.0775,-0.8481,-0.2139,0.4799,0.4711,0.3437,0.4442,0.335,0.219,0.3594,0.4216,0.0,0.3607,-0.0,1.9088,1.054,0.0,2.291,0.0,9.954956308567622e-05,99.8,0.52
2690,1790888560.268872,-0.4476,0.045,-0.7136,-0.1939,0.2664,0.3554,0.3392,0.3046,0.2893,0.2096,0.3723,0.4181,0.0,0.1933,-0.0,1.0716,1.053,0.0,2.307,0.0,9.954956308567622e-05,126.4,0.56
2691,1790888560.8369632,-0.3991,0.0306,-0.5496,-0.2619,0.3395,0.2989,0.2712,0.2905,0.2538,0.2205,0.3624,0.4171,0.0,0.213,-0.0,1.1707,1.058,0.0,2.308,0.0,9.954956308567622e-05,149.0,0.56
2692,1790888561.4744546,-0.3711,0.0479,-0.5374,-0.1652,0.217,0.255,0.2973,0.2261,0.2144,0.2026,0.3707,0.4267,0.0,0.1286,-0.0,0.7477,1.048,0.0,2.296,0.0,9.954956308567622e-05,183.1,0.63
2693,1790888562.0145082,-0.5457,0.0424,-0.8736,-0.2152,0.4527,0.429,0.3859,0.4356,0.3791,0.2196,0.3606,0.4197,0.0,0.3489,-0.0,1.8503,1.057,0.0,2.309,0.0,9.954956308567622e-05,88.0,0.53
2694,1790888562.5601714,-0.5047,0.0648,-0.7053,-0.2982,0.3586,0.338,0.3562,0.4451,0.3194,0.2211,0.3628,0.4161,0.0,0.2558,-0.0,1.3846,1.057,0.0,2.308,0.0,9.954956308567622e-05,117.5,0.54
2695,1790888563.126524,-0.4731,0.062,-0.8537,-0.2595,0.3128,0.33,0.2887,0.4145,0.2821,0.211,0.3699,0.4191,0.0,0.1922,-0.0,1.0661,1.053,0.0,2.309,0.0,9.954956308567622e-05,137.1,0.56
2696,1790888563.7195425,-0.4294,0.0847,-0.6146,-0.2491,0.3056,0.3932,0.2261,0.2957,0.2204,0.2073,0.3678,0.425,0.0,0.188,-0.0,1.0453,1.051,0.0,2.308,0.599,9.954471404167855e-05,177.5,0.59
2697,1790888564.279026,-0.4521,0.1253,-0.7918,-0.1409,0.348,0.4432,0.1998,0.3536,0.195,0.2171,0.3606,0.4223,0.0,0.2384,-0.0,1.2974,1.055,0.0,2.222,0.0,9.954471404167855e-05,100.5,0.55
2698,1790888564.8136816,-0.5241,0.0806,-0.95,-0.1634,0.3788,0.4866,0.3427,0.3489,0.3246,0.2181,0.3648,0.4171,0.0,0.2694,-0.0,1.4527,1.057,0.0,2.252,0.0,9.954471404167855e-05,125.8,0.53
2699,1790888565.322794,-0.4655,0.0442,-0.8167,-0.319,0.3186,0.3532,0.3136,0.3639,0.3019,0.2113,0.37,0.4188,0.0,0.2264,-0.0,1.2371,1.053,0.0,2.309,0.0,9.954471404167855e-05,150.0,0.5
2700,1790888565.8995905,-0.5268,0.0709,-0.9134,-0.3049,0.3439,0.3362,0.3935,0.4622,0.3237,0.2115,0.368,0.4205,0.0,0.2329,-0.0,1.2697,1.053,0.0,2.303,0.0,9.954471404167855e-05,173.3,0.57
2701,1790888568.8789697,-0.519,0.1001,-0.8333,-0.2686,0.446,0.3019,0.509,0.3735,0.2973,0.2112,0.3613,0.4274,0.0,0.3099,-0.0,1.6546,1.052,0.0,2.3,0.0,9.954471404167855e-05,78.1,0.7
2702,1790888569.4123614,-0.5258,0.0529,-0.8958,-0.2926,0.2864,0.3896,0.4259,0.382,0.3504,0.2173,0.3704,0.4123,0.0,0.1844,-0.0,1.0276,1.056,0.0,2.288,0.0,9.954471404167855e-05,120.8,0.52
2703,1790888569.943708,-0.418,0.0427,-0.6248,-0.2588,0.3167,0.3323,0.2951,0.2676,0.25,0.2135,0.3705,0.4161,0.0,0.1914,-0.0,1.0625,1.054,0.0,2.304,0.0,9.954471404167855e-05,142.5,0.52
2704,1790888570.4982202,-0.3788,0.0356,-0.6211,-0.1304,0.2697,0.2372,0.2866,0.2532,0.2173,0.2044,0.3704,0.4252,0.0,0.1683,-0.0,0.9466,1.05,0.0,2.297,0.118,9.953983915613214e-05,176.7,0.55
2705,1790888571.028602,-0.4765,0.0624,-0.7587,-0.2419,0.319,0.3105,0.3504,0.4076,0.295,0.2196,0.3677,0.4127,0.0,0.2194,0.0,1.2027,1.058,0.0,2.309,0.0,9.953983915613214e-05,96.4,0.52
2706,1790888571.595248,-0.5658,0.0535,-0.813,-0.3213,0.4246,0.4695,0.4425,0.3822,0.3695,0.2117,0.3651,0.4232,0.0,0.2978,-0.0,1.5942,1.051,0.0,2.294,0.0,9.953983915613214e-05,109.0,0.56
2707,1790888572.1246507,-0.4136,0.0474,-0.7611,-0.1691,0.3,0.3067,0.3215,0.2485,0.2423,0.2112,0.3718,0.417,0.0,0.2038,-0.0,1.1245,1.054,0.0,2.28,0.0,9.953983915613214e-05,148.5,0.52
2708,1790888572.7005517,-0.4326,0.0937,-0.7333,-0.169,0.2811,0.4151,0.2665,0.237,0.2325,0.2056,0.3735,0.4209,0.0,0.1829,-0.0,1.0195,1.051,0.0,2.214,0.0,9.953983915613214e-05,178.0,0.57
2709,1790888573.2446682,-0.5728,0.0707,-0.9407,-0.3564,0.5258,0.5139,0.3863,0.4192,0.3632,0.2178,0.3599,0.4223,0.0,0.3869,-0.0,2.04,1.053,0.0,2.299,0.0,9.953983915613214e-05,95.4,0.53
2710,1790888573.772661,-0.4737,0.0475,-0.8716,-0.2894,0.444,0.3533,0.3296,0.3766,0.3052,0.2096,0.3695,0.4209,0.0,0.3009,0.0,1.6094,1.051,0.0,2.297,0.0,9.953983915613214e-05,133.2,0.52
2711,1790888574.3460598,-0.4261,0.038,-0.6562,-0.2412,0.2801,0.274,0.3061,0.3375,0.269,0.2095,0.3711,0.4195,0.0,0.1825,-0.0,1.0176,1.053,0.0,2.309,0.0,9.953983915613214e-05,146.1,0.56
2712,1790888574.9920607,-0.4519,0.1007,-0.7618,-0.1318,0.4583,0.3424,0.2133,0.4237,0.2133,0.1936,0.3662,0.4402,0.0,0.313,-0.0,1.6691,1.039,0.0,2.26,0.396,9.95349384315796e-05,180.1,0.64
2713,1790888575.5249362,-0.4268,0.1189,-0.8107,-0.1355,0.4079,0.2053,0.4435,0.2799,0.2053,0.208,0.3643,0.4278,0.0,0.2887,-0.0,1.5484,1.049,0.0,2.139,0.0,9.95349384315796e-05,102.8,0.53
2714,1790888576.030394,-0.4687,0.05,-0.6228,-0.1821,0.3472,0.3261,0.3271,0.3859,0.2967,0.2138,0.3685,0.4177,0.0,0.2435,-0.0,1.3228,1.054,0.0,2.309,0.0,9.95349384315796e-05,137.7,0.5
2715,1790888576.576068,-0.4108,0.0475,-0.6542,-0.1284,0.2647,0.3083,0.2495,0.3096,0.2436,0.2096,0.3765,0.4139,0.0,0.1759,-0.0,0.9848,1.053,0.0,2.302,0.0,9.95349384315796e-05,149.4,0.54
2716,1790888577.1905906,-0.3934,0.0391,-0.5909,-0.2063,0.2904,0.2625,0.2607,0.3009,0.2389,0.1921,0.3717,0.4362,0.0,0.1828,-0.0,1.0178,1.04,0.0,2.302,0.0,9.95349384315796e-05,175.2,0.61
2717,1790888577.7523458,-0.4843,0.1241,-0.8518,-0.1576,0.3042,0.338,0.499,0.2584,0.2566,0.2109,0.3735,0.4157,0.0,0.1848,-0.0,1.0293,1.054,0.0,2.283,0.0,9.95349384315796e-05,88.7,0.55
2718,1790888578.2982242,-0.4984,0.0611,-0.7619,-0.2375,0.236,0.414,0.3069,0.378,0.3016,0.2144,0.3723,0.4132,0.0,0.1502,-0.0,0.8566,1.056,0.0,2.306,0.0,9.95349384315796e-05,124.6,0.54
2719,1790888578.885386,-0.5458,0.0959,-0.8559,-0.1899,0.2875,0.3845,0.3276,0.5189,0.307,0.2051,0.3733,0.4217,0.0,0.1935,0.0,1.0727,1.05,0.0,2.256,0.0,9.95349384315796e-05,141.7,0.58
2720,1790888579.5282736,-0.378,0.0997,-0.6885,-0.1849,0.1593,0.2319,0.3807,0.1822,0.18,0.2016,0.3771,0.4213,0.0,0.0896,-0.0,0.5527,1.048,0.0,2.256,0.265,9.953001187057705e-05,177.7,0.63
2721,1790888580.049627,-0.491,0.0415,-0.7101,-0.2662,0.3239,0.4044,0.3338,0.3736,0.3247,0.2081,0.3688,0.423,0.0,0.2818,-0.0,1.5141,1.051,0.0,2.308,0.0,9.953001187057705e-05,108.2,0.51
2722,1790888580.6092505,-0.4861,0.0496,-0.6591,-0.2852,0.3424,0.3958,0.3408,0.326,0.3052,0.2125,0.3739,0.4136,0.0,0.2178,-0.0,1.1946,1.054,0.0,2.25,0.0,9.953001187057705e-05,131.0,0.55
2723,1790888581.1804113,-0.3733,0.0697,-0.6117,-0.0489,0.2359,0.2037,0.3196,0.2729,0.194,0.2084,0.3766,0.415,0.0,0.1578,-0.0,0.894,1.052,0.0,2.281,0.0,9.953001187057705e-05,137.5,0.56
2724,1790888581.7539866,-0.4039,0.0494,-0.6287,-0.1957,0.2733,0.3221,0.26,0.2802,0.2436,0.201,0.3729,0.4261,0.0,0.164,-0.0,0.9247,1.047,0.0,2.299,0.0,9.953001187057705e-05,173.4,0.57
2725,1790888582.311623,-0.4709,0.0561,-0.75,-0.1271,0.4271,0.3365,0.3833,0.3183,0.2916,0.2128,0.3651,0.4221,0.0,0.3048,-0.0,1.629,1.052,0.0,2.304,0.0,9.953001187057705e-05,94.0,0.55
2726,1790888585.330924,-0.4802,0.0669,-0.7054,-0.2066,0.2802,0.388,0.2886,0.3943,0.2822,0.2114,0.3745,0.4141,0.0,0.1836,-0.0,1.0233,1.054,0.0,2.309,0.0,9.953001187057705e-05,89.7,0.75
2727,1790888585.9501984,-0.5186,0.0808,-0.9795,-0.1925,0.3859,0.3595,0.3344,0.4865,0.3183,0.2061,0.3739,0.42,0.0,0.2564,-0.0,1.387,1.05,0.0,2.307,0.0,9.953001187057705e-05,133.3,0.61
2728,1790888586.4670124,-0.4572,0.0619,-0.6984,-0.1793,0.2628,0.3017,0.3783,0.324,0.2749,0.1925,0.3755,0.4319,0.0,0.1671,-0.0,0.9398,1.041,0.0,2.304,0.268,9.952505947569411e-05,206.2,0.51
2729,1790888586.9443429,-0.564,0.069,-0.7661,-0.3174,0.2407,0.3726,0.492,0.4378,0.3667,0.2099,0.3764,0.4137,0.0,0.1503,-0.0,0.8571,1.054,0.0,2.305,0.0,9.952505947569411e-05,120.8,0.47
2730,1790888587.4993844,-0.5031,0.0434,-0.7371,-0.2739,0.4472,0.3302,0.3947,0.4096,0.3233,0.2106,0.37,0.4195,0.0,0.3366,-0.0,1.7882,1.051,0.0,2.309,0.0,9.952505947569411e-05,125.6,0.55
2731,1790888588.0372932,-0.4853,0.0577,-0.7442,-0.1834,0.4259,0.3908,0.4034,0.3003,0.2967,0.2102,0.3706,0.4192,0.0,0.297,-0.0,1.59,1.051,0.0,2.309,0.0,9.952505947569411e-05,151.2,0.53
2732,1790888588.6375506,-0.3743,0.0707,-0.7166,-0.1604,0.1756,0.2473,0.2029,0.3363,0.2011,0.1984,0.381,0.4207,0.0,0.0978,-0.0,0.5938,1.046,0.0,2.297,0.0,9.952505947569411e-05,178.3,0.59
2733,1790888589.2081175,-0.4407,0.0464,-0.6333,-0.2446,0.3854,0.3269,0.3287,0.2877,0.2672,0.2126,0.3692,0.4182,0.0,0.2548,-0.0,1.3794,1.053,0.0,2.281,0.0,9.952505947569411e-05,91.6,0.56
2734,1790888589.7572448,-0.545,0.0437,-0.8339,-0.2833,0.3362,0.4009,0.4149,0.4289,0.3683,0.2094,0.3708,0.4198,0.0,0.2221,-0.0,1.2159,1.052,0.0,2.304,0.0,9.952505947569411e-05,118.4,0.54
2735,1790888590.3142574,-0.4235,0.0551,-0.6844,-0.1536,0.3183,0.3338,0.2629,0.3142,0.2491,0.2131,0.3717,0.4152,0.0,0.2038,-0.0,1.1244,1.054,0.0,2.293,0.0,9.952505947569411e-05,139.2,0.55
2736,1790888590.947419,-0.4304,0.0444,-0.6588,-0.0626,0.3389,0.2965,0.3051,0.3372,0.2667,0.1922,0.372,0.4358,0.0,0.2243,-0.0,1.2253,1.04,0.0,2.309,0.233,9.952008124951381e-05,167.1,0.63
2737,1790888591.485827,-0.5475,0.0749,-0.8342,-0.2852,0.3607,0.4905,0.3998,0.3686,0.3414,0.2138,0.3683,0.4179,0.0,0.2503,-0.0,1.3568,1.054,0.0,2.307,0.0,9.952008124951381e-05,91.5,0.53
2738,1790888592.027772,-0.5233,0.1052,-0.8518,-0.2717,0.3227,0.5093,0.3543,0.3243,0.3018,0.2077,0.3734,0.4189,0.0,0.2352,-0.0,1.2811,1.051,0.0,2.275,0.0,9.952008124951381e-05,118.8,0.53
2739,1790888592.5842736,-0.4538,0.0702,-0.8435,-0.15,0.3345,0.3949,0.2669,0.3441,0.2669,0.2085,0.3737,0.4178,0.0,0.2039,-0.0,1.1248,1.052,0.0,2.296,0.0,9.952008124951381e-05,131.3,0.55
2740,1790888593.136033,-0.363,0.0532,-0.5711,-0.1095,0.218,0.2279,0.2939,0.2257,0.2086,0.1898,0.3816,0.4287,0.0,0.121,-0.0,0.7091,1.039,0.0,2.309,0.0,9.952008124951381e-05,185.9,0.54
2741,1790888593.6650605,-0.5718,0.0953,-0.8242,-0.2442,0.5061,0.4536,0.5307,0.3432,0.3398,0.2085,0.3654,0.4261,0.0,0.375,-0.0,1.9798,1.049,0.0,2.309,0.0,9.952008124951381e-05,97.4,0.52
2742,1790888594.2329457,-0.4873,0.0829,-0.8091,-0.2198,0.3672,0.437,0.3729,0.2848,0.2814,0.2039,0.3773,0.4189,0.0,0.2515,-0.0,1.3623,1.048,0.0,2.264,0.0,9.952008124951381e-05,112.4,0.56
2743,1790888594.8022444,-0.4471,0.0669,-0.7684,-0.1576,0.354,0.2553,0.3639,0.3582,0.2517,0.2053,0.3755,0.4193,0.0,0.2302,-0.0,1.2559,1.048,0.0,2.248,0.0,9.952008124951381e-05,134.0,0.56
2744,1790888595.4071798,-0.4507,0.0403,-0.9,-0.1266,0.3652,0.3129,0.3537,0.3391,0.2981,0.1989,0.3762,0.425,0.0,0.2515,-0.0,1.3618,1.045,0.0,2.293,0.479,9.951507719463276e-05,165.5,0.6
2745,1790888595.9307737,-0.5036,0.0673,-0.7654,-0.2506,0.3617,0.3592,0.4422,0.3438,0.3219,0.2053,0.3732,0.4215,0.0,0.2574,-0.0,1.392,1.05,0.0,2.308,0.0,9.951507719463276e-05,92.1,0.52
2746,1790888596.4727666,-0.4386,0.0718,-0.7114,-0.2655,0.309,0.3979,0.2616,0.2937,0.2605,0.2053,0.3779,0.4167,0.0,0.1968,-0.0,1.0891,1.051,0.0,2.309,0.0,9.951507719463276e-05,118.9,0.53
2747,1790888597.0746975,-0.4738,0.0564,-0.7707,-0.324,0.2552,0.2995,0.3971,0.3615,0.2962,0.2083,0.3815,0.4102,0.0,0.1681,-0.0,0.9459,1.051,0.0,2.305,0.0,9.951507719463276e-05,136.3,0.59
2748,1790888597.6655393,-0.477,0.0512,-0.73,-0.2269,0.3334,0.3332,0.4105,0.3141,0.3052,0.2061,0.3794,0.4145,0.0,0.2279,-0.0,1.2446,1.05,0.0,2.307,0.0,9.951507719463276e-05,164.5,0.58
2749,1790888598.186351,-0.5186,0.1357,-0.9174,-0.2412,0.6086,0.5589,0.3027,0.3222,0.2783,0.2077,0.3612,0.4312,0.0,0.4171,-0.0,2.1903,1.047,0.0,2.208,0.0,9.951507719463276e-05,107.7,0.51
2750,1790888598.7359562,-0.4983,0.0548,-0.6812,-0.2787,0.3697,0.3713,0.3244,0.4091,0.3173,0.2049,0.3713,0.4239,0.0,0.2513,0.0,1.3611,1.048,0.0,2.309,0.0,9.951507719463276e-05,122.0,0.54
2751,1790888601.7506614,-0.42,0.0479,-0.6246,-0.1966,0.2496,0.2631,0.2696,0.3516,0.2446,0.2067,0.3819,0.4114,0.0,0.162,-0.0,0.9152,1.052,0.0,2.276,0.0,9.951507719463276e-05,100.9,0.79
2752,1790888602.3381193,-0.4372,0.0378,-0.7402,-0.1813,0.2691,0.3281,0.2906,0.3331,0.2763,0.1948,0.3805,0.4247,0.0,0.1694,-0.0,0.9514,1.043,0.0,2.309,0.285,9.951004731366094e-05,182.4,0.58
2753,1790888602.849821,-0.4812,0.0824,-0.7386,-0.2619,0.3874,0.4287,0.2721,0.388,0.2688,0.2033,0.3726,0.424,0.0,0.2746,-0.0,1.4779,1.048,0.0,2.295,0.0,9.951004731366094e-05,101.7,0.5
2754,1790888603.3751478,-0.4164,0.0633,-0.6579,-0.1281,0.3345,0.3629,0.2312,0.2995,0.2312,0.2045,0.3792,0.4163,0.0,0.2229,0.0,1.2196,1.05,0.0,2.297,0.0,9.951004731366094e-05,124.0,0.52
2755,1790888603.9398303,-0.4835,0.0581,-0.6993,-0.2056,0.4489,0.3425,0.3171,0.4125,0.3011,0.2034,0.3743,0.4223,0.0,0.2887,-0.0,1.548,1.047,0.0,2.302,0.0,9.951004731366094e-05,138.5,0.56
2756,1790888604.5127242,-0.3467,0.0536,-0.531,-0.1816,0.2259,0.218,0.2912,0.2047,0.1909,0.1948,0.3793,0.4259,0.0,0.1355,-0.0,0.7821,1.043,0.0,2.292,0.0,9.951004731366094e-05,186.6,0.56
2757,1790888605.0402799,-0.4404,0.0624,-0.6844,-0.1843,0.3669,0.3318,0.3536,0.2899,0.2641,0.21,0.3734,0.4166,0.0,0.2563,-0.0,1.3866,1.052,0.0,2.309,0.0,9.951004731366094e-05,114.0,0.52
2758,1790888605.5726948,-0.5139,0.1436,-0.9333,-0.1333,0.3301,0.2866,0.3105,0.5607,0.2686,0.2108,0.3765,0.4127,0.0,0.2118,-0.0,1.1645,1.053,0.0,2.292,0.0,9.951004731366094e-05,133.6,0.52
2759,1790888606.133273,-0.4205,0.0629,-0.8009,-0.1485,0.3925,0.3726,0.2736,0.2642,0.2519,0.2044,0.3752,0.4204,0.0,0.2734,-0.0,1.4718,1.048,0.0,2.249,0.0,9.951004731366094e-05,138.1,0.55
2760,1790888606.7777226,-0.4393,0.054,-0.7003,-0.2417,0.3287,0.3116,0.3231,0.3189,0.2634,0.189,0.3758,0.4351,0.0,0.2055,-0.0,1.1314,1.038,0.0,2.302,0.521,9.950499160922183e-05,168.4,0.64
2761,1790888607.3106585,-0.5889,0.081,-0.8773,-0.3388,0.4384,0.4396,0.385,0.5462,0.3811,0.1997,0.3743,0.4261,0.0,0.3635,-0.0,1.9218,1.045,0.0,2.308,0.0,9.950499160922183e-05,95.0,0.52
2762,1790888607.848306,-0.4922,0.1139,-0.9238,-0.1694,0.3522,0.2412,0.472,0.4049,0.2412,0.2011,0.3735,0.4254,0.0,0.2437,-0.0,1.3229,1.047,0.0,2.305,0.0,9.950499160922183e-05,123.2,0.53
2763,1790888608.4084742,-0.5252,0.0499,-0.7929,-0.2822,0.5293,0.4219,0.3882,0.3663,0.3398,0.2022,0.3731,0.4247,0.0,0.3742,-0.0,1.9756,1.045,0.0,2.29,0.0,9.950499160922183e-05,146.1,0.55
2764,1790888609.010762,-0.5412,0.0981,-0.9219,-0.1291,0.2966,0.3373,0.5306,0.3684,0.323,0.1892,0.3814,0.4293,0.0,0.1821,-0.0,1.0141,1.038,0.0,2.192,0.0,9.950499160922183e-05,180.4,0.59
2765,1790888609.5100803,-0.4779,0.0499,-0.8889,-0.2708,0.3558,0.3469,0.325,0.4107,0.3107,0.2007,0.3779,0.4214,0.0,0.2562,-0.0,1.3856,1.046,0.0,2.308,0.0,9.950499160922183e-05,124.2,0.49
2766,1790888610.0995326,-0.4685,0.0553,-0.7089,-0.2371,0.3281,0.2988,0.375,0.3695,0.2945,0.2011,0.379,0.42,0.0,0.214,-0.0,1.1746,1.047,0.0,2.3,0.0,9.950499160922183e-05,130.0,0.58
2767,1790888610.6838775,-0.4874,0.0851,-0.9962,-0.1987,0.3328,0.2942,0.4559,0.3379,0.2814,0.2003,0.3791,0.4206,0.0,0.2122,-0.0,1.1656,1.045,0.0,2.3,0.0,9.950499160922183e-05,156.6,0.58
2768,1790888611.3100064,-0.4788,0.1148,-0.8479,-0.1964,0.2652,0.25,0.317,0.4923,0.2492,0.1975,0.3846,0.4179,0.0,0.1715,-0.0,0.9622,1.046,0.0,2.192,0.898,9.94999100839524e-05,172.9,0.62
2769,1790888611.7957942,-0.5359,0.0438,-0.6885,-0.2781,0.3641,0.4184,0.4282,0.3679,0.3566,0.2061,0.3808,0.4132,0.0,0.2508,-0.0,1.359,1.051,0.0,2.298,0.0,9.94999100839524e-05,115.9,0.48
2770,1790888612.3391435,-0.4865,0.0477,-0.694,-0.3474,0.3122,0.3558,0.3063,0.3851,0.3035,0.2136,0.3758,0.4106,0.0,0.2209,-0.0,1.2101,1.055,0.0,2.29,0.0,9.94999100839524e-05,123.1,0.54
2771,1790888612.9262905,-0.3437,0.048,-0.5472,-0.0998,0.255,0.1844,0.2768,0.2466,0.1844,0.2032,0.3843,0.4125,0.0,0.1575,-0.0,0.8923,1.05,0.0,2.309,0.0,9.94999100839524e-05,140.4,0.58
2772,1790888613.5582528,-0.3954,0.0609,-0.6417,-0.2291,0.2355,0.2268,0.2587,0.3399,0.2211,0.1946,0.383,0.4224,0.0,0.1494,-0.0,0.8513,1.044,0.0,2.306,0.0,9.94999100839524e-05,161.8,0.62
2773,1790888614.1065803,-0.4794,0.0553,-0.7136,-0.2288,0.3904,0.3637,0.4096,0.2938,0.2889,0.2013,0.3753,0.4234,0.0,0.2618,-0.0,1.4138,1.046,0.0,2.289,0.0,9.94999100839524e-05,96.3,0.54
2774,1790888614.6700222,-0.4158,0.0421,-0.6794,-0.2717,0.2937,0.2696,0.3071,0.3111,0.2544,0.2082,0.3797,0.4121,0.0,0.1927,-0.0,1.0686,1.052,0.0,2.256,0.0,9.94999100839524e-05,128.3,0.56
2775,1790888615.2246058,-0.4412,0.043,-0.6735,-0.165,0.4546,0.3408,0.2886,0.3303,0.2767,0.2016,0.3741,0.4243,0.0,0.3261,-0.0,1.7352,1.045,0.0,2.303,0.0,9.94999100839524e-05,141.2,0.55
2776,1790888618.4238954,-0.3854,0.0382,-0.5584,-0.193,0.3087,0.2462,0.2951,0.2716,0.2329,0.1946,0.381,0.4243,0.0,0.2011,-0.0,1.1099,1.043,0.0,2.291,0.373,9.949480274050306e-05,146.4,0.73
2777,1790888618.9448059,-0.5327,0.0965,-0.8088,-0.2433,0.382,0.3878,0.5138,0.319,0.3114,0.21,0.3771,0.4129,0.0,0.267,-0.0,1.4404,1.052,0.0,2.305,0.0,9.949480274050306e-05,101.0,0.51
2778,1790888619.47273,-0.507,0.0522,-0.7553,-0.2479,0.3558,0.4131,0.3687,0.3722,0.3369,0.2047,0.3806,0.4147,0.0,0.2457,-0.0,1.3337,1.05,0.0,2.299,0.0,9.949480274050306e-05,125.9,0.52
2779,1790888620.005774,-0.4107,0.0432,-0.7452,-0.2494,0.2444,0.2763,0.3204,0.2806,0.2485,0.2032,0.3799,0.4169,0.0,0.1625,-0.0,0.9172,1.048,0.0,2.309,0.0,9.949480274050306e-05,149.9,0.52
2780,1790888620.596357,-0.4493,0.0699,-0.7684,-0.1493,0.3176,0.3989,0.3204,0.2652,0.2609,0.1948,0.3802,0.425,0.0,0.2062,-0.0,1.1352,1.043,0.0,2.309,0.0,9.949480274050306e-05,175.5,0.58
2781,1790888621.1460538,-0.4044,0.0608,-0.6722,-0.1027,0.3015,0.3173,0.2367,0.3204,0.2286,0.2001,0.3817,0.4181,0.0,0.2136,-0.0,1.1726,1.047,0.0,2.305,0.0,9.949480274050306e-05,105.9,0.54
2782,1790888621.722484,-0.4552,0.0535,-0.656,-0.2774,0.2976,0.3704,0.325,0.2961,0.2822,0.2078,0.3834,0.4088,0.0,0.2005,-0.0,1.1076,1.052,0.0,2.276,0.0,9.949480274050306e-05,132.3,0.57
2783,1790888622.2464855,-0.4591,0.0427,-0.7235,-0.2084,0.3493,0.3468,0.3167,0.316,0.2858,0.1999,0.3805,0.4196,0.0,0.2457,-0.0,1.3331,1.046,0.0,2.288,0.0,9.949480274050306e-05,166.4,0.52
2784,1790888622.902787,-0.4459,0.036,-0.5936,-0.2112,0.3236,0.3186,0.3445,0.2955,0.281,0.1866,0.3831,0.4302,0.0,0.2258,-0.0,1.2326,1.037,0.0,2.293,0.59,9.948966958153771e-05,180.6,0.65
2785,1790888623.4424734,-0.4221,0.0604,-0.7056,-0.1524,0.2194,0.3471,0.2875,0.2761,0.2518,0.2166,0.3804,0.403,0.0,0.1429,-0.0,0.8204,1.058,0.0,2.309,0.0,9.948966958153771e-05,96.2,0.53
2786,1790888623.988911,-0.3701,0.0464,-0.591,-0.1256,0.3013,0.2514,0.2604,0.2802,0.221,0.2033,0.3769,0.4198,0.0,0.2064,0.0,1.1367,1.049,0.0,2.309,0.0,9.948966958153771e-05,116.7,0.54
2787,1790888624.5350757,-0.4341,0.0591,-0.7041,-0.2061,0.2707,0.311,0.363,0.2736,0.2633,0.202,0.3836,0.4144,0.0,0.1728,-0.0,0.9687,1.049,0.0,2.296,0.0,9.948966958153771e-05,138.7,0.54
2788,1790888625.157762,-0.3648,0.0689,-0.5909,-0.1534,0.1997,0.2261,0.2133,0.3149,0.1909,0.192,0.3868,0.4212,0.0,0.1155,-0.0,0.6815,1.042,0.0,2.306,0.0,9.948966958153771e-05,172.6,0.62
2789,1790888625.7289152,-0.4579,0.0497,-0.6758,-0.2234,0.306,0.3492,0.304,0.3435,0.2789,0.2067,0.3785,0.4148,0.0,0.1895,-0.0,1.0524,1.051,0.0,2.309,0.0,9.948966958153771e-05,94.2,0.56
2790,1790888626.250336,-0.4121,0.0406,-0.5762,-0.2117,0.3669,0.2911,0.2904,0.3016,0.2597,0.2092,0.3756,0.4153,0.0,0.2494,-0.0,1.3521,1.052,0.0,2.309,0.0,9.948966958153771e-05,121.6,0.51
2791,1790888626.8300798,-0.4789,0.1074,-0.9343,-0.2075,0.3915,0.2877,0.2979,0.4733,0.2585,0.2053,0.3786,0.4161,0.0,0.2614,-0.0,1.4118,1.049,0.0,2.288,0.0,9.948966958153771e-05,139.0,0.57
2792,1790888627.3983102,-0.4019,0.0708,-0.6361,-0.1445,0.356,0.2575,0.2388,0.3635,0.2237,0.1957,0.3791,0.4252,0.0,0.2345,-0.0,1.2769,1.043,0.0,2.3,0.457,9.948451060973372e-05,180.1,0.56
2793,1790888627.9288616,-0.4591,0.0564,-0.7362,-0.1628,0.2812,0.3063,0.3271,0.3958,0.2898,0.2038,0.3803,0.4159,0.0,0.1883,-0.0,1.0465,1.05,0.0,2.303,0.0,9.948451060973372e-05,105.6,0.52
2794,1790888628.474883,-0.4631,0.0493,-0.6396,-0.2179,0.4,0.3251,0.338,0.3501,0.2872,0.2084,0.3773,0.4143,0.0,0.2666,-0.0,1.4378,1.051,0.0,2.309,0.0,9.948451060973372e-05,123.3,0.54
2795,1790888629.0199833,-0.3847,0.0436,-0.5324,-0.2106,0.3014,0.2987,0.2655,0.2427,0.2237,0.2015,0.3862,0.4124,0.0,0.1947,-0.0,1.0784,1.048,0.0,2.284,0.0,9.948451060973372e-05,150.3,0.54
2796,1790888629.5677137,-0.4469,0.0416,-0.7765,-0.1254,0.2959,0.3182,0.3089,0.3541,0.2911,0.196,0.3865,0.4175,0.0,0.1883,-0.0,1.0457,1.044,0.0,2.309,0.0,9.948451060973372e-05,195.1,0.54
2797,1790888630.112617,-0.5141,0.095,-0.8008,-0.2487,0.4137,0.3794,0.4875,0.2964,0.2913,0.2096,0.3742,0.4162,0.0,0.2769,-0.0,1.4898,1.051,0.0,2.3,0.0,9.948451060973372e-05,93.9,0.54
2798,1790888630.6827545,-0.4074,0.0303,-0.6016,-0.2067,0.3462,0.2919,0.281,0.2993,0.2608,0.2108,0.3828,0.4064,0.0,0.2176,-0.0,1.193,1.053,0.0,2.308,0.0,9.948451060973372e-05,117.0,0.56
2799,1790888631.2088122,-0.4614,0.0502,-0.8687,-0.1639,0.3637,0.2907,0.3712,0.365,0.2815,0.2085,0.3839,0.4077,0.0,0.2462,-0.0,1.3358,1.051,0.0,2.309,0.0,9.948451060973372e-05,147.3,0.52
2800,1790888631.8128798,-0.42,0.0644,-0.697,-0.2134,0.2945,0.3745,0.2698,0.2638,0.2397,0.198,0.3868,0.4152,0.0,0.1932,-0.0,1.0707,1.046,0.0,2.304,0.148,9.947932582778188e-05,162.2,0.59
2801,1790888634.7634377,-0.5723,0.0871,-0.7941,-0.2978,0.3285,0.5284,0.3633,0.4128,0.3532,0.2092,0.373,0.4178,0.0,0.2502,-0.0,1.3561,1.052,0.0,2.306,0.0,9.947932582778188e-05,79.2,0.63
2802,1790888635.4032083,-0.5352,0.0788,-0.8573,-0.3041,0.3287,0.3203,0.4867,0.3853,0.3121,0.2092,0.3856,0.4052,0.0,0.2273,-0.0,1.242,1.053,0.0,2.309,0.0,9.947932582778188e-05,108.7,0.63
2803,1790888635.956609,-0.2761,0.0364,-0.3967,-0.1681,0.3389,0.189,0.1527,0.1822,0.1467,0.2013,0.3814,0.4173,0.0,0.2153,-0.0,1.1811,1.047,0.0,2.303,0.0,9.947932582778188e-05,147.5,0.54
2804,1790888636.5272088,-0.4807,0.0878,-0.9948,-0.1911,0.2756,0.3515,0.2638,0.4559,0.2638,0.1892,0.3909,0.4199,0.0,0.1865,-0.0,1.0363,1.039,0.0,2.298,0.0,9.947932582778188e-05,187.0,0.56
2805,1790888637.0253885,-0.4947,0.0674,-0.6738,-0.244,0.3365,0.3171,0.4121,0.3831,0.2997,0.2057,0.3815,0.4128,0.0,0.2158,-0.0,1.1843,1.051,0.0,2.279,0.0,9.947932582778188e-05,113.9,0.49
2806,1790888637.5891604,-0.4267,0.0315,-0.6088,-0.231,0.3243,0.305,0.3159,0.3045,0.2774,0.2045,0.3852,0.4103,0.0,0.2085,-0.0,1.1473,1.05,0.0,2.309,0.0,9.947932582778188e-05,126.2,0.55
2807,1790888638.1533892,-0.4853,0.0634,-0.7765,-0.225,0.4571,0.3849,0.3958,0.2932,0.2905,0.2088,0.3772,0.4141,0.0,0.2969,-0.0,1.5895,1.051,0.0,2.292,0.0,9.947932582778188e-05,147.8,0.56
2808,1790888638.7697818,-0.4546,0.0505,-0.7376,-0.1871,0.3676,0.303,0.315,0.3555,0.2796,0.2031,0.3833,0.4136,0.0,0.238,-0.0,1.2947,1.048,0.0,2.307,0.15,9.947411523838648e-05,175.7,0.61
2809,1790888639.2734027,-0.5713,0.0638,-0.9449,-0.3351,0.294,0.4104,0.4555,0.4458,0.3683,0.2044,0.3834,0.4122,0.0,0.1852,-0.0,1.0307,1.05,0.0,2.274,0.0,9.947411523838648e-05,103.9,0.5
2810,1790888639.8460486,-0.4856,0.0384,-0.7118,-0.2703,0.3039,0.3499,0.367,0.359,0.3203,0.2064,0.3837,0.41,0.0,0.2015,-0.0,1.1123,1.051,0.0,2.303,0.0,9.947411523838648e-05,129.5,0.56
2811,1790888640.433215,-0.3992,0.0381,-0.7824,-0.2302,0.2774,0.2864,0.2902,0.2665,0.2443,0.2056,0.3874,0.407,0.0,0.1686,-0.0,0.948,1.051,0.0,2.308,0.0,9.947411523838648e-05,147.8,0.58
2812,1790888640.985453,-0.4057,0.0333,-0.6057,-0.2104,0.2335,0.2771,0.2647,0.311,0.2471,0.1945,0.3904,0.4151,0.0,0.136,-0.0,0.7844,1.044,0.0,2.308,0.0,9.947411523838648e-05,204.0,0.54
2813,1790888641.5400743,-0.5603,0.1071,-0.8755,-0.21,0.3131,0.3273,0.4367,0.5351,0.3242,0.2104,0.3796,0.4099,0.0,0.2052,-0.0,1.1314,1.053,0.0,2.305,0.0,9.947411523838648e-05,90.4,0.55
2814,1790888642.0946975,-0.5009,0.086,-0.8145,-0.2253,0.331,0.2993,0.4467,0.4046,0.2944,0.2035,0.384,0.4125,0.0,0.2192,-0.0,1.2008,1.049,0.0,2.274,0.0,9.947411523838648e-05,120.9,0.55
2815,1790888642.6298811,-0.4666,0.0434,-0.7116,-0.3029,0.3063,0.321,0.3647,0.3276,0.2933,0.2113,0.3826,0.4061,0.0,0.2178,-0.0,1.1942,1.054,0.0,2.308,0.0,9.947411523838648e-05,148.1,0.53
2816,1790888643.2500346,-0.4776,0.0522,-0.7597,-0.2542,0.3505,0.4057,0.3447,0.3147,0.3044,0.1946,0.385,0.4204,0.0,0.2287,-0.0,1.2479,1.042,0.0,2.309,0.47,9.946887884426526e-05,160.8,0.61
2817,1790888643.8101494,-0.5425,0.0763,-0.8397,-0.3069,0.3267,0.4519,0.3869,0.4194,0.3312,0.2022,0.3875,0.4103,0.0,0.2337,-0.0,1.2735,1.048,0.0,2.211,0.0,9.946887884426526e-05,99.4,0.55
2818,1790888644.3547788,-0.3706,0.0457,-0.6635,-0.0877,0.2283,0.2365,0.2981,0.2528,0.219,0.2124,0.3825,0.4051,0.0,0.1524,-0.0,0.8674,1.056,0.0,2.307,0.0,9.946887884426526e-05,129.2,0.54
2819,1790888644.9337456,-0.5172,0.0991,-0.8623,-0.1814,0.3151,0.4789,0.4028,0.2751,0.2751,0.2136,0.39,0.3964,0.0,0.213,-0.0,1.1705,1.055,0.0,2.22,0.0,9.946887884426526e-05,139.1,0.57
2820,1790888645.5157354,-0.5683,0.1138,-0.9523,-0.2104,0.3312,0.559,0.4232,0.324,0.3217,0.1973,0.3862,0.4165,0.0,0.2148,-0.0,1.1787,1.045,0.0,2.271,0.0,9.946887884426526e-05,173.2,0.57
2821,1790888646.0593166,-0.5194,0.0491,-0.7829,-0.3407,0.4173,0.3755,0.3515,0.4232,0.3385,0.2125,0.3795,0.408,0.0,0.2889,-0.0,1.5497,1.053,0.0,2.234,0.0,9.946887884426526e-05,103.3,0.53
2822,1790888646.5987206,-0.4422,0.0714,-0.6424,-0.2313,0.2748,0.3886,0.3129,0.2695,0.2547,0.2017,0.3871,0.4112,0.0,0.1768,-0.0,0.9887,1.049,0.0,2.308,0.0,9.946887884426526e-05,128.7,0.53
2823,1790888647.1613941,-0.4828,0.0979,-0.7816,-0.1657,0.2854,0.4828,0.3085,0.2821,0.2694,0.2098,0.3859,0.4044,0.0,0.1857,-0.0,1.0341,1.053,0.0,2.12,0.0,9.946887884426526e-05,150.8,0.55
2824,1790888647.7203245,-0.4636,0.0727,-0.7349,-0.1833,0.4618,0.4023,0.3493,0.2654,0.2595,0.1971,0.3827,0.4202,0.0,0.3036,-0.0,1.6224,1.043,0.0,2.302,0.927,9.946361664814943e-05,178.0,0.55
2825,1790888648.285668,-0.4978,0.063,-0.7381,-0.2677,0.35,0.3854,0.4305,0.3131,0.3103,0.2091,0.3789,0.412,0.0,0.2543,-0.0,1.3765,1.052,0.0,2.292,0.0,9.946361664814943e-05,94.6,0.56
2826,1790888651.283835,-0.4882,0.0488,-0.8272,-0.2048,0.338,0.401,0.3425,0.3575,0.3212,0.2052,0.383,0.4118,0.0,0.2803,-0.0,1.5066,1.05,0.0,2.309,0.0,9.946361664814943e-05,93.4,0.72
2827,1790888651.8586802,-0.5232,0.0738,-0.7952,-0.2526,0.2663,0.349,0.3559,0.457,0.3181,0.1979,0.3916,0.4105,0.0,0.1743,-0.0,0.9762,1.046,0.0,2.3,0.0,9.946361664814943e-05,140.7,0.57
2828,1790888652.4351513,-0.4323,0.0486,-0.6252,-0.2,0.3157,0.2831,0.3681,0.2874,0.2614,0.1883,0.3899,0.4217,0.0,0.198,-0.0,1.0939,1.038,0.0,2.309,0.0,9.946361664814943e-05,195.0,0.57
2829,1790888652.9678993,-0.5246,0.0628,-0.6955,-0.2619,0.3171,0.3786,0.393,0.4075,0.3221,0.2026,0.3826,0.4148,0.0,0.2178,-0.0,1.1941,1.049,0.0,2.299,0.0,9.946361664814943e-05,98.9,0.53
2830,1790888653.5180323,-0.5221,0.0511,-0.8038,-0.2014,0.2986,0.4436,0.3637,0.3684,0.3384,0.2107,0.3846,0.4046,0.0,0.1909,-0.0,1.0599,1.054,0.0,2.282,0.0,9.946361664814943e-05,122.3,0.54
2831,1790888654.0255876,-0.3365,0.0577,-0.6092,-0.1857,0.2718,0.2196,0.2925,0.2006,0.1838,0.2022,0.3884,0.4094,0.0,0.1693,-0.0,0.9513,1.049,0.0,2.307,0.0,9.946361664814943e-05,160.8,0.5
2832,1790888654.6334538,-0.3994,0.0508,-0.5868,-0.2643,0.3067,0.3264,0.271,0.2518,0.2408,0.1938,0.3851,0.4211,0.0,0.1849,0.0,1.0287,1.042,0.0,2.296,0.372,9.945832865278363e-05,176.8,0.6
2833,1790888655.1795382,-0.4475,0.049,-0.7117,-0.1462,0.3675,0.3027,0.3412,0.3347,0.2721,0.2004,0.3812,0.4184,0.0,0.2549,-0.0,1.3789,1.046,0.0,2.309,0.0,9.945832865278363e-05,100.5,0.54
2834,1790888655.7315848,-0.4738,0.0553,-0.6445,-0.2926,0.3252,0.3709,0.3005,0.3577,0.2811,0.2043,0.3882,0.4075,0.0,0.2171,-0.0,1.1906,1.049,0.0,2.248,0.0,9.945832865278363e-05,127.7,0.54
2835,1790888656.2918973,-0.5955,0.0778,-0.9038,-0.2818,0.4145,0.5296,0.3772,0.4713,0.367,0.2023,0.3795,0.4182,0.0,0.2774,-0.0,1.4915,1.047,0.0,2.303,0.0,9.945832865278363e-05,150.9,0.55
2836,1790888656.866849,-0.2739,0.0355,-0.4864,-0.0553,0.27,0.1901,0.179,0.1835,0.1575,0.2005,0.3935,0.406,0.0,0.161,-0.0,0.91,1.047,0.0,2.309,0.0,9.945832865278363e-05,190.2,0.57
2837,1790888657.4110217,-0.5022,0.0534,-0.733,-0.2934,0.436,0.3614,0.397,0.3772,0.3223,0.2035,0.3787,0.4177,0.0,0.3296,-0.0,1.7526,1.048,0.0,2.301,0.0,9.945832865278363e-05,99.0,0.54
2838,1790888657.929133,-0.5689,0.0589,-0.8553,-0.3628,0.3992,0.4595,0.3999,0.4452,0.381,0.2039,0.3866,0.4096,0.0,0.2596,-0.0,1.403,1.048,0.0,2.295,0.0,9.945832865278363e-05,128.9,0.51
2839,1790888658.4820778,-0.4327,0.0532,-0.6315,-0.225,0.2698,0.3102,0.2687,0.3605,0.2596,0.2069,0.393,0.4001,0.0,0.1598,-0.0,0.904,1.052,0.0,2.309,0.0,9.945832865278363e-05,137.0,0.54
2840,1790888659.109327,-0.4811,0.0829,-0.9119,-0.149,0.3381,0.2955,0.3015,0.4498,0.2717,0.1948,0.3896,0.4156,0.0,0.2242,-0.0,1.2254,1.043,0.0,2.281,0.602,9.945301486092599e-05,169.9,0.62
2841,1790888659.6727345,-0.5538,0.065,-0.867,-0.2983,0.675,0.3763,0.4205,0.4794,0.3575,0.204,0.3695,0.4265,0.0,0.4923,-0.0,2.5661,1.045,0.0,2.299,0.0,9.945301486092599e-05,94.6,0.56
2842,1790888660.2144077,-0.437,0.0939,-0.6939,-0.1415,0.3372,0.3731,0.2143,0.3608,0.2143,0.2127,0.3822,0.4051,0.0,0.2558,-0.0,1.3844,1.055,0.0,2.263,0.0,9.945301486092599e-05,115.6,0.53
2843,1790888660.787277,-0.5342,0.0531,-0.6873,-0.2846,0.3252,0.3603,0.4307,0.4257,0.3432,0.203,0.3898,0.4072,0.0,0.2098,-0.0,1.1537,1.049,0.0,2.306,0.0,9.945301486092599e-05,146.9,0.56
2844,1790888661.3686311,-0.471,0.0422,-0.7606,-0.2298,0.3005,0.3295,0.3696,0.3511,0.3068,0.1903,0.3907,0.419,0.0,0.2036,-0.0,1.122,1.04,0.0,2.307,0.0,9.945301486092599e-05,191.2,0.57
2845,1790888661.929847,-0.466,0.063,-0.7726,-0.2083,0.3828,0.3131,0.3879,0.3372,0.2828,0.2084,0.3825,0.4091,0.0,0.2517,-0.0,1.3637,1.052,0.0,2.286,0.0,9.945301486092599e-05,97.6,0.55
2846,1790888662.4755957,-0.4746,0.0566,-0.7056,-0.1933,0.3899,0.3849,0.3046,0.3593,0.2913,0.2113,0.3778,0.4109,0.0,0.2567,-0.0,1.389,1.053,0.0,2.287,0.0,9.945301486092599e-05,116.2,0.54
2847,1790888663.0392022,-0.435,0.044,-0.6769,-0.2292,0.3016,0.3164,0.2883,0.3396,0.2779,0.2023,0.3898,0.4079,0.0,0.2126,-0.0,1.1678,1.048,0.0,2.305,0.0,9.945301486092599e-05,132.4,0.56
2848,1790888663.5736215,-0.4457,0.0624,-0.6571,-0.1591,0.3465,0.2723,0.3419,0.3419,0.2531,0.1967,0.3891,0.4142,0.0,0.2278,-0.0,1.2432,1.044,0.0,2.309,0.584,9.944767527534809e-05,173.1,0.53
2849,1790888664.1318398,-0.5694,0.0574,-0.9776,-0.2288,0.4006,0.4753,0.3974,0.4526,0.3798,0.2054,0.3804,0.4142,0.0,0.3021,-0.0,1.6153,1.049,0.0,2.304,0.0,9.944767527534809e-05,89.4,0.55
2850,1790888664.6196625,-0.5102,0.0563,-0.925,-0.2634,0.3517,0.3811,0.3551,0.4091,0.3246,0.2065,0.39,0.4035,0.0,0.2478,-0.0,1.3441,1.051,0.0,2.308,0.0,9.944767527534809e-05,137.0,0.48
2851,1790888667.5469317,-0.516,0.0663,-0.7688,-0.1926,0.4179,0.3705,0.4427,0.336,0.3192,0.2013,0.3842,0.4145,0.0,0.2779,-0.0,1.4943,1.047,0.0,2.264,0.0,9.944767527534809e-05,107.1,0.67
2852,1790888668.0605233,-0.4002,0.0429,-0.739,-0.2054,0.2913,0.3057,0.2425,0.2822,0.2357,0.193,0.3934,0.4136,0.0,0.19,-0.0,1.0542,1.043,0.0,2.307,0.0,9.944767527534809e-05,190.5,0.51
2853,1790888668.550326,-0.5218,0.0676,-0.7243,-0.2812,0.3503,0.3963,0.442,0.3353,0.3269,0.2116,0.3826,0.4058,0.0,0.2266,-0.0,1.2384,1.054,0.0,2.309,0.0,9.944767527534809e-05,111.3,0.48
2854,1790888669.0761106,-0.4366,0.0576,-0.6973,-0.2485,0.3652,0.303,0.3682,0.2747,0.2539,0.2049,0.3877,0.4074,0.0,0.2504,-0.0,1.3569,1.049,0.0,2.254,0.0,9.944767527534809e-05,128.6,0.52
2855,1790888669.6191726,-0.4636,0.05,-0.8052,-0.1779,0.4692,0.3714,0.3511,0.3181,0.2961,0.2064,0.3799,0.4137,0.0,0.3004,-0.0,1.6069,1.049,0.0,2.309,0.0,9.944767527534809e-05,155.0,0.54
2856,1790888670.2534115,-0.4414,0.075,-0.7313,-0.1323,0.2691,0.2784,0.3938,0.2831,0.2416,0.1901,0.3918,0.418,0.0,0.1547,-0.0,0.8778,1.041,0.0,2.304,0.498,9.944230989883492e-05,182.3,0.62
2857,1790888670.8167703,-0.437,0.0742,-0.6429,-0.1297,0.3254,0.2708,0.2782,0.4034,0.247,0.2109,0.3834,0.4057,0.0,0.225,-0.0,1.2305,1.053,0.0,2.253,0.0,9.944230989883492e-05,97.1,0.56
2858,1790888671.3130295,-0.4761,0.076,-0.7416,-0.2045,0.3127,0.3478,0.2863,0.4335,0.2764,0.2043,0.3902,0.4055,0.0,0.2083,-0.0,1.1464,1.05,0.0,2.307,0.0,9.944230989883492e-05,136.0,0.49
2859,1790888671.825057,-0.505,0.0657,-0.7479,-0.2618,0.3362,0.442,0.3731,0.3204,0.3108,0.2013,0.3864,0.4122,0.0,0.2372,-0.0,1.2905,1.047,0.0,2.307,0.0,9.944230989883492e-05,156.4,0.5
2860,1790888672.4000423,-0.4569,0.0361,-0.7457,-0.2348,0.2853,0.3244,0.3542,0.3117,0.293,0.1956,0.3893,0.415,0.0,0.1851,-0.0,1.0299,1.045,0.0,2.309,0.0,9.944230989883492e-05,188.9,0.57
2861,1790888672.9156861,-0.572,0.1013,-0.9047,-0.2504,0.328,0.551,0.3811,0.3922,0.3503,0.2051,0.3845,0.4105,0.0,0.2349,-0.0,1.2797,1.05,0.0,2.299,0.0,9.944230989883492e-05,105.5,0.51
2862,1790888673.3697617,-0.5503,0.0684,-0.8423,-0.25,0.3445,0.4701,0.365,0.4248,0.3526,0.2039,0.3893,0.4067,0.0,0.2373,-0.0,1.2913,1.049,0.0,2.309,0.0,9.944230989883492e-05,153.9,0.45
2863,1790888673.9168909,-0.42,0.0388,-0.6602,-0.2266,0.3111,0.2879,0.2781,0.3118,0.2593,0.1981,0.3904,0.4115,0.0,0.213,-0.0,1.1696,1.047,0.0,2.303,0.0,9.944230989883492e-05,143.3,0.54
2864,1790888674.5067487,-0.4809,0.0576,-0.6855,-0.122,0.2567,0.3577,0.3067,0.403,0.2988,0.195,0.3954,0.4096,0.0,0.1525,-0.0,0.8671,1.044,0.0,2.303,0.748,9.943691873418498e-05,180.2,0.58
2865,1790888675.0772486,-0.4742,0.0651,-0.7361,-0.1212,0.3112,0.3927,0.3676,0.2914,0.2871,0.2052,0.3836,0.4112,0.0,0.2356,-0.0,1.283,1.05,0.0,2.283,0.0,9.943691873418498e-05,90.0,0.56
2866,1790888675.638554,-0.5291,0.1045,-0.95,-0.1362,0.3505,0.5236,0.3026,0.3768,0.3026,0.202,0.3907,0.4072,0.0,0.2226,-0.0,1.218,1.048,0.0,2.286,0.0,9.943691873418498e-05,134.8,0.55
2867,1790888676.1992912,-0.3792,0.0654,-0.5816,-0.1106,0.2232,0.2819,0.2021,0.3082,0.1973,0.2037,0.3945,0.4019,0.0,0.1475,-0.0,0.8427,1.05,0.0,2.295,0.0,9.943691873418498e-05,146.6,0.55
2868,1790888676.7511926,-0.4497,0.0523,-0.8626,-0.1985,0.3732,0.297,0.3785,0.2998,0.2798,0.1902,0.3945,0.4153,0.0,0.2528,-0.0,1.3679,1.041,0.0,2.307,0.0,9.943691873418498e-05,206.4,0.54
2869,1790888677.302494,-0.4388,0.0764,-0.738,-0.2761,0.3438,0.3076,0.2754,0.3769,0.2487,0.2007,0.3879,0.4114,0.0,0.2395,-0.0,1.3023,1.047,0.0,2.309,0.0,9.943691873418498e-05,97.0,0.55
2870,1790888677.8550515,-0.4446,0.0595,-0.65,-0.2333,0.3113,0.2836,0.3804,0.3117,0.2632,0.2024,0.3921,0.4055,0.0,0.1877,0.0,1.0432,1.049,0.0,2.3,0.0,9.943691873418498e-05,122.8,0.55
2871,1790888678.4249036,-0.3983,0.0588,-0.6847,-0.1681,0.337,0.2193,0.3322,0.2947,0.2184,0.2071,0.3895,0.4034,0.0,0.2073,-0.0,1.1417,1.051,0.0,2.309,0.0,9.943691873418498e-05,146.7,0.56
2872,1790888678.9949296,-0.4279,0.0482,-0.7258,-0.1811,0.3479,0.3487,0.2875,0.2764,0.2659,0.1973,0.3921,0.4105,0.0,0.2078,-0.0,1.1434,1.044,0.0,2.3,0.159,9.943150178421019e-05,183.0,0.56
2873,1790888679.542489,-0.5499,0.0609,-0.7981,-0.3119,0.3711,0.4163,0.4563,0.3744,0.3529,0.2082,0.3856,0.4062,0.0,0.2823,-0.0,1.5167,1.053,0.0,2.305,0.0,9.943150178421019e-05,104.7,0.54
2874,1790888680.0970497,-0.4458,0.0577,-0.7078,-0.2515,0.3447,0.2861,0.3064,0.3722,0.2607,0.2037,0.3881,0.4082,0.0,0.2155,-0.0,1.1827,1.05,0.0,2.266,0.0,9.943150178421019e-05,140.3,0.55
2875,1790888680.6561527,-0.4251,0.0414,-0.6174,-0.2033,0.3162,0.3198,0.3038,0.3084,0.2733,0.2032,0.3877,0.409,0.0,0.2127,-0.0,1.1686,1.05,0.0,2.304,0.0,9.943150178421019e-05,153.1,0.55
2876,1790888683.7506273,-0.4844,0.0749,-0.8973,-0.23,0.2626,0.3702,0.4263,0.2867,0.2823,0.2013,0.393,0.4057,0.0,0.1742,-0.0,0.9757,1.049,0.0,2.308,0.0,9.943150178421019e-05,135.1,0.75
2877,1790888684.2433352,-0.5608,0.0562,-0.8829,-0.309,0.3928,0.4371,0.4483,0.41,0.3761,0.2016,0.3881,0.4103,0.0,0.284,-0.0,1.5247,1.047,0.0,2.303,0.0,9.943150178421019e-05,103.5,0.49
2878,1790888684.7719257,-0.4616,0.0419,-0.7101,-0.2142,0.3668,0.3076,0.3754,0.336,0.2938,0.201,0.3916,0.4074,0.0,0.242,-0.0,1.3145,1.047,0.0,2.309,0.0,9.943150178421019e-05,130.3,0.52
2879,1790888685.334507,-0.4701,0.0322,-0.7187,-0.3509,0.3173,0.3371,0.3432,0.3454,0.3055,0.2033,0.3928,0.4039,0.0,0.2169,-0.0,1.1896,1.05,0.0,2.302,0.0,9.943150178421019e-05,138.0,0.55
2880,1790888685.892105,-0.442,0.1012,-0.8797,-0.1191,0.3004,0.215,0.3435,0.428,0.215,0.1897,0.3946,0.4157,0.0,0.1976,-0.0,1.092,1.041,0.0,2.281,0.513,9.942605905173592e-05,168.0,0.55
2881,1790888686.4328918,-0.5516,0.1125,-0.9431,-0.2392,0.3896,0.5363,0.4053,0.3155,0.3111,0.2035,0.3841,0.4124,0.0,0.2629,-0.0,1.4195,1.049,0.0,2.305,0.0,9.942605905173592e-05,93.3,0.53
2882,1790888687.0055718,-0.4717,0.0557,-0.8464,-0.2395,0.2997,0.3441,0.3278,0.3642,0.2871,0.2095,0.3928,0.3977,0.0,0.1836,-0.0,1.0232,1.054,0.0,2.306,0.0,9.942605905173592e-05,114.7,0.56
2883,1790888687.5650449,-0.5244,0.0376,-0.8691,-0.3408,0.3749,0.3922,0.4065,0.3833,0.3571,0.207,0.3861,0.407,0.0,0.2636,-0.0,1.423,1.05,0.0,2.309,0.0,9.942605905173592e-05,138.3,0.55
2884,1790888688.1087854,-0.4644,0.1255,-0.8572,-0.1271,0.4342,0.4807,0.2994,0.2424,0.2359,0.195,0.396,0.409,0.0,0.3014,-0.0,1.6114,1.043,0.0,2.288,0.0,9.942605905173592e-05,193.7,0.54
2885,1790888688.6740487,-0.5544,0.0512,-1.1372,-0.35,0.5997,0.3976,0.4402,0.4391,0.3776,0.1967,0.3849,0.4184,0.0,0.3431,-0.0,1.8198,1.042,0.0,2.291,0.0,9.942605905173592e-05,94.9,0.56
2886,1790888689.2108119,-0.567,0.0721,-0.9,-0.2639,0.3528,0.351,0.4853,0.4714,0.351,0.2099,0.3867,0.4034,0.0,0.247,-0.0,1.3401,1.052,0.0,2.306,0.0,9.942605905173592e-05,126.5,0.53
2887,1790888689.7882643,-0.4788,0.0381,-0.7375,-0.3299,0.2991,0.3381,0.3541,0.3596,0.3135,0.2022,0.3953,0.4025,0.0,0.1912,-0.0,1.061,1.049,0.0,2.301,0.0,9.942605905173592e-05,143.1,0.57
2888,1790888690.438483,-0.4309,0.059,-0.6863,-0.1074,0.2297,0.2573,0.3761,0.3017,0.2535,0.1874,0.3993,0.4133,0.0,0.1544,-0.0,0.8757,1.039,0.0,2.306,0.274,9.942059053960099e-05,174.6,0.64
2889,1790888690.9579072,-0.5485,0.0884,-0.8537,-0.3194,0.4733,0.3774,0.5234,0.3737,0.3382,0.2083,0.3853,0.4064,0.0,0.3184,-0.0,1.697,1.051,0.0,2.289,0.0,9.942059053960099e-05,100.6,0.51
2890,1790888691.5081654,-0.4813,0.0472,-0.7532,-0.2567,0.4875,0.3952,0.3334,0.3313,0.3131,0.2047,0.3868,0.4085,0.0,0.3317,-0.0,1.7635,1.047,0.0,2.309,0.0,9.942059053960099e-05,115.9,0.54
2891,1790888692.0631013,-0.4185,0.0473,-0.6274,-0.1718,0.37,0.3121,0.2752,0.3238,0.2531,0.2037,0.3885,0.4077,0.0,0.2559,-0.0,1.3847,1.05,0.0,2.267,0.0,9.942059053960099e-05,136.9,0.55
2892,1790888692.6121175,-0.439,0.0375,-0.6845,-0.225,0.3168,0.3119,0.3135,0.3215,0.281,0.1926,0.3953,0.4121,0.0,0.2259,-0.0,1.2339,1.042,0.0,2.155,0.0,9.942059053960099e-05,201.5,0.54
2893,1790888693.1466417,-0.5419,0.0754,-0.8401,-0.299,0.522,0.4358,0.3356,0.4546,0.3239,0.2042,0.3844,0.4113,0.0,0.3657,-0.0,1.9335,1.048,0.0,2.306,0.0,9.942059053960099e-05,100.0,0.53
2894,1790888693.6976633,-0.4454,0.0679,-0.6851,-0.2423,0.3977,0.3291,0.3821,0.2523,0.2523,0.2056,0.3892,0.4053,0.0,0.2543,-0.0,1.3767,1.05,0.0,2.308,0.0,9.942059053960099e-05,124.2,0.54
2895,1790888694.258934,-0.4261,0.049,-0.7587,-0.2028,0.4733,0.2637,0.3392,0.2948,0.2554,0.1999,0.3887,0.4114,0.0,0.3155,-0.0,1.682,1.046,0.0,2.3,0.0,9.942059053960099e-05,141.9,0.55
2896,1790888694.880687,-0.3771,0.0506,-0.5906,-0.1659,0.2201,0.2697,0.229,0.3011,0.2137,0.1931,0.3987,0.4082,0.0,0.1365,-0.0,0.7868,1.043,0.0,2.303,0.228,9.941509625065768e-05,176.3,0.61
2897,1790888695.427835,-0.4399,0.0804,-0.7994,-0.213,0.4387,0.3834,0.2589,0.326,0.2515,0.1998,0.3831,0.4171,0.0,0.3293,-0.0,1.7513,1.046,0.0,2.259,0.0,9.941509625065768e-05,99.5,0.54
2898,1790888695.992872,-0.4212,0.0487,-0.6016,-0.2419,0.3172,0.3216,0.2689,0.318,0.2555,0.2049,0.39,0.4051,0.0,0.2158,-0.0,1.184,1.051,0.0,2.293,0.0,9.941509625065768e-05,115.5,0.56
2899,1790888696.5718045,-0.4902,0.06,-0.6738,-0.2423,0.466,0.3125,0.3599,0.4162,0.3005,0.2026,0.3868,0.4106,0.0,0.3128,-0.0,1.6687,1.047,0.0,2.294,0.0,9.941509625065768e-05,130.3,0.57
2900,1790888697.147197,-0.4828,0.083,-0.7247,-0.2019,0.2745,0.4325,0.2677,0.3754,0.2677,0.1947,0.395,0.4103,0.0,0.1784,-0.0,0.9962,1.044,0.0,2.302,0.0,9.941509625065768e-05,176.8,0.57
2901,1790888700.3687696,-0.5065,0.0916,-0.7849,-0.2425,0.3431,0.2977,0.3506,0.4919,0.2937,0.2006,0.3893,0.4101,0.0,0.2403,-0.0,1.3065,1.048,0.0,2.309,0.0,9.941509625065768e-05,84.8,0.65
2902,1790888701.0191016,-0.4242,0.0443,-0.7703,-0.2137,0.3741,0.3242,0.2676,0.334,0.2592,0.2052,0.3934,0.4014,0.0,0.251,-0.0,1.3599,1.05,0.0,2.302,0.0,9.941509625065768e-05,114.7,0.64
2903,1790888701.5595517,-0.401,0.0233,-0.7133,-0.112,0.459,0.2968,0.2789,0.2795,0.2585,0.1992,0.3862,0.4146,0.0,0.3071,-0.0,1.6399,1.045,0.0,2.274,0.0,9.941509625065768e-05,174.8,0.53
2904,1790888702.1612508,-0.3392,0.0432,-0.5909,-0.113,0.2401,0.2323,0.186,0.2443,0.1787,0.1937,0.3945,0.4117,0.0,0.1536,-0.0,0.8722,1.043,0.0,2.309,0.93,9.940957618777169e-05,197.9,0.59
2905,1790888702.7182627,-0.3552,0.0499,-0.5806,-0.1538,0.3035,0.2539,0.208,0.2919,0.2048,0.2062,0.3929,0.4009,0.0,0.2085,-0.0,1.1478,1.051,0.0,2.3,0.0,9.940957618777169e-05,97.3,0.55
2906,1790888703.2561476,-0.4139,0.0732,-0.7186,-0.1345,0.2646,0.2694,0.255,0.3657,0.2424,0.2091,0.3939,0.397,0.0,0.1767,-0.0,0.9889,1.052,0.0,2.251,0.0,9.940957618777169e-05,128.4,0.53
2907,1790888703.8163636,-0.4677,0.0545,-0.7864,-0.1694,0.2267,0.2965,0.3906,0.3371,0.2827,0.2052,0.398,0.3968,0.0,0.139,-0.0,0.8003,1.052,0.0,2.306,0.0,9.940957618777169e-05,153.4,0.55
2908,1790888704.3983233,-0.5522,0.0476,-0.8363,-0.1513,0.5062,0.3826,0.4303,0.4387,0.3689,0.197,0.3898,0.4132,0.0,0.3578,-0.0,1.8932,1.043,0.0,2.293,0.0,9.940957618777169e-05,183.5,0.57
2909,1790888704.9313302,-0.6092,0.0986,-0.9259,-0.3853,0.4648,0.4353,0.3953,0.5894,0.382,0.201,0.3881,0.411,0.0,0.3042,-0.0,1.6257,1.046,0.0,2.282,0.0,9.940957618777169e-05,99.4,0.52
2910,1790888705.4500816,-0.5285,0.0882,-0.7676,-0.2702,0.3673,0.5001,0.3727,0.3427,0.3278,0.2029,0.3939,0.4032,0.0,0.2455,-0.0,1.3324,1.049,0.0,2.287,0.0,9.940957618777169e-05,126.7,0.51
2911,1790888706.0205271,-0.4251,0.0586,-0.6145,-0.2204,0.3909,0.3339,0.306,0.2505,0.2425,0.2038,0.3919,0.4044,0.0,0.2676,-0.0,1.443,1.048,0.0,2.309,0.0,9.940957618777169e-05,144.6,0.56
2912,1790888706.6688719,-0.4327,0.0415,-0.706,-0.2585,0.2341,0.3205,0.3237,0.2807,0.2661,0.1882,0.3992,0.4126,0.0,0.1403,-0.0,0.8054,1.04,0.0,2.298,0.323,9.94040303538222e-05,179.3,0.64
2913,1790888707.2321029,-0.5782,0.0898,-0.8949,-0.2708,0.5349,0.5535,0.4122,0.3834,0.3616,0.2091,0.3781,0.4129,0.0,0.4279,-0.0,2.2446,1.05,0.0,2.241,0.0,9.94040303538222e-05,92.8,0.56
2914,1790888707.7797313,-0.5099,0.0527,-0.7138,-0.3024,0.3663,0.4368,0.3616,0.3381,0.3233,0.2091,0.3922,0.3987,0.0,0.2625,-0.0,1.4177,1.051,0.0,2.309,0.0,9.94040303538222e-05,125.9,0.54
2915,1790888708.3416584,-0.4396,0.0466,-0.682,-0.2356,0.2749,0.3059,0.3346,0.3192,0.2786,0.2051,0.3961,0.3988,0.0,0.1775,-0.0,0.9924,1.05,0.0,2.298,0.0,9.94040303538222e-05,151.7,0.55
2916,1790888708.9570558,-0.419,0.05,-0.6499,-0.185,0.2436,0.2688,0.328,0.2973,0.2449,0.1919,0.4046,0.4035,0.0,0.1474,-0.0,0.8411,1.043,0.0,2.299,0.0,9.94040303538222e-05,167.4,0.61
2917,1790888709.488117,-0.5928,0.0798,-0.8597,-0.2897,0.3829,0.5404,0.3729,0.4598,0.3706,0.2087,0.3894,0.4019,0.0,0.2722,-0.0,1.4664,1.052,0.0,2.295,0.0,9.94040303538222e-05,106.1,0.52
2918,1790888710.0187068,-0.5733,0.0485,-0.775,-0.3936,0.5864,0.4327,0.45,0.4334,0.3902,0.2053,0.38,0.4147,0.0,0.4221,-0.0,2.215,1.048,0.0,2.309,0.0,9.94040303538222e-05,125.3,0.52
2919,1790888710.5844193,-0.468,0.0538,-0.65,-0.2456,0.3338,0.3773,0.2983,0.3493,0.2903,0.2013,0.3991,0.3996,0.0,0.2109,-0.0,1.1591,1.048,0.0,2.289,0.0,9.94040303538222e-05,139.6,0.56
2920,1790888711.1203187,-0.5031,0.1291,-0.9248,-0.2323,0.3273,0.3146,0.5313,0.2663,0.256,0.1991,0.3945,0.4064,0.0,0.2076,-0.0,1.1427,1.047,0.0,2.298,0.578,9.939845875170177e-05,194.6,0.53
2921,1790888711.682667,-0.4415,0.0497,-0.775,-0.2274,0.3807,0.2933,0.3121,0.3556,0.2741,0.2001,0.3928,0.4071,0.0,0.2595,-0.0,1.4022,1.047,0.0,2.293,0.0,9.939845875170177e-05,104.3,0.55
2922,1790888712.2231727,-0.456,0.0581,-0.6912,-0.0885,0.4705,0.3622,0.3534,0.2867,0.2649,0.206,0.3908,0.4032,0.0,0.3242,-0.0,1.7257,1.05,0.0,2.294,0.0,9.939845875170177e-05,131.0,0.53
2923,1790888712.7896876,-0.4365,0.0968,-0.9,-0.1999,0.3014,0.4296,0.2507,0.2632,0.2337,0.2047,0.3981,0.3972,0.0,0.1916,-0.0,1.0633,1.051,0.0,2.261,0.0,9.939845875170177e-05,145.8,0.56
2924,1790888713.3836904,-0.5143,0.1099,-0.8196,-0.1871,0.4092,0.463,0.4396,0.2645,0.2627,0.2021,0.3922,0.4057,0.0,0.2788,-0.0,1.4985,1.047,0.0,2.309,0.0,9.939845875170177e-05,167.5,0.58
2925,1790888713.9193583,-0.3845,0.0686,-0.8239,-0.1436,0.3683,0.2233,0.2695,0.327,0.2076,0.2001,0.3941,0.4059,0.0,0.2501,-0.0,1.3551,1.047,0.0,2.308,0.0,9.939845875170177e-05,97.3,0.53
2926,1790888716.907944,-0.4352,0.0508,-0.6644,-0.2051,0.4408,0.291,0.3331,0.3131,0.2622,0.2018,0.3915,0.4066,0.0,0.3198,-0.0,1.7037,1.048,0.0,2.309,0.0,9.939845875170177e-05,93.4,0.71
2927,1790888717.5178902,-0.3765,0.0447,-0.5975,-0.1356,0.3522,0.2473,0.237,0.3074,0.2247,0.1973,0.3999,0.4029,0.0,0.2336,-0.0,1.2724,1.045,0.0,2.232,0.0,9.939845875170177e-05,127.6,0.6
2928,1790888718.1086338,-0.3986,0.0493,-0.6197,-0.2337,0.3576,0.3034,0.2951,0.252,0.2319,0.1828,0.3995,0.4177,0.0,0.2415,-0.0,1.3108,1.034,0.0,2.309,0.219,9.939286138431647e-05,175.5,0.58
2929,1790888718.637106,-0.3822,0.0448,-0.512,-0.1919,0.436,0.2651,0.2634,0.2787,0.2298,0.2015,0.3912,0.4073,0.0,0.29,-0.0,1.5545,1.047,0.0,2.309,0.0,9.939286138431647e-05,106.7,0.52
2930,1790888719.16342,-0.5261,0.0507,-0.8028,-0.2636,0.3081,0.4132,0.3536,0.4364,0.3394,0.2072,0.3968,0.396,0.0,0.21,-0.0,1.1552,1.052,0.0,2.302,0.0,9.939286138431647e-05,129.7,0.52
2931,1790888719.7299542,-0.4365,0.042,-0.6455,-0.2596,0.2417,0.3172,0.3108,0.3027,0.2644,0.2084,0.4002,0.3914,0.0,0.1439,-0.0,0.8245,1.052,0.0,2.272,0.0,9.939286138431647e-05,146.1,0.56
2932,1790888720.3609319,-0.3914,0.0298,-0.6941,-0.1765,0.2465,0.2756,0.2776,0.2654,0.2397,0.187,0.4048,0.4082,0.0,0.1449,-0.0,0.8285,1.039,0.0,2.305,0.0,9.939286138431647e-05,163.4,0.62
2933,1790888720.890787,-0.5399,0.0706,-0.773,-0.2542,0.3587,0.3568,0.4279,0.4523,0.3413,0.204,0.3907,0.4054,0.0,0.2557,-0.0,1.3835,1.05,0.0,2.308,0.0,9.939286138431647e-05,97.2,0.52
2934,1790888721.431713,-0.5718,0.0662,-0.9032,-0.3294,0.3247,0.39,0.4629,0.4368,0.3636,0.2042,0.3981,0.3976,0.0,0.2229,-0.0,1.2195,1.05,0.0,2.305,0.0,9.939286138431647e-05,129.6,0.53
2935,1790888721.986442,-0.3942,0.0474,-0.5571,-0.1696,0.2337,0.3109,0.2577,0.2554,0.2238,0.2028,0.4029,0.3943,0.0,0.1511,-0.0,0.8606,1.049,0.0,2.297,0.0,9.939286138431647e-05,144.6,0.55
2936,1790888722.5645354,-0.4944,0.0748,-0.8242,-0.2016,0.2294,0.4383,0.3297,0.3134,0.2966,0.1962,0.4052,0.3986,0.0,0.142,-0.0,0.8144,1.045,0.0,2.303,0.098,9.938723825458575e-05,170.1,0.57
2937,1790888723.1005778,-0.4613,0.0432,-0.6705,-0.3083,0.3002,0.3467,0.3362,0.3226,0.2904,0.2005,0.3966,0.4028,0.0,0.1843,-0.0,1.0262,1.048,0.0,2.309,0.0,9.938723825458575e-05,95.9,0.53
2938,1790888723.679175,-0.4416,0.0926,-0.7089,-0.2059,0.3792,0.2374,0.4292,0.2887,0.2325,0.2046,0.3974,0.398,0.0,0.2475,-0.0,1.3423,1.049,0.0,2.291,0.0,9.938723825458575e-05,121.5,0.57
2939,1790888724.246865,-0.5966,0.185,-1.0117,-0.1921,0.3663,0.3204,0.3774,0.7071,0.3151,0.2001,0.4015,0.3984,0.0,0.2364,-0.0,1.2867,1.046,0.0,2.151,0.0,9.938723825458575e-05,145.0,0.56
2940,1790888724.8627365,-0.4335,0.0375,-0.6729,-0.2707,0.225,0.3016,0.3454,0.276,0.2672,0.1992,0.4055,0.3953,0.0,0.1427,-0.0,0.8185,1.048,0.0,2.306,0.0,9.938723825458575e-05,161.3,0.61
2941,1790888725.3934326,-0.4606,0.0599,-0.7186,-0.2574,0.5753,0.3507,0.2902,0.3774,0.285,0.2018,0.3858,0.4123,0.0,0.4098,-0.0,2.1538,1.046,0.0,2.253,0.0,9.938723825458575e-05,101.2,0.52
2942,1790888725.9218245,-0.4334,0.0423,-0.7726,-0.1462,0.2979,0.3208,0.3231,0.3165,0.2785,0.1993,0.4015,0.3992,0.0,0.2115,-0.0,1.1622,1.047,0.0,2.295,0.0,9.938723825458575e-05,126.5,0.52
2943,1790888726.5098717,-0.4632,0.0568,-0.8057,-0.1886,0.2807,0.3116,0.3948,0.3219,0.2827,0.2012,0.4003,0.3985,0.0,0.1782,-0.0,0.9956,1.048,0.0,2.304,0.0,9.938723825458575e-05,137.5,0.58
2944,1790888727.1060388,-0.435,0.042,-0.713,-0.1984,0.3689,0.3071,0.3394,0.3031,0.2767,0.1895,0.4003,0.4102,0.0,0.2443,-0.0,1.3256,1.039,0.0,2.297,0.429,9.938158936544256e-05,172.7,0.59
2945,1790888727.6036541,-0.5118,0.0757,-0.8318,-0.1814,0.2937,0.4611,0.3327,0.3658,0.3178,0.2005,0.3985,0.401,0.0,0.1926,-0.0,1.0677,1.047,0.0,2.283,0.0,9.938158936544256e-05,115.2,0.49
2946,1790888728.1038623,-0.4757,0.0642,-0.7963,-0.2029,0.3666,0.4101,0.3492,0.2902,0.2828,0.204,0.3988,0.3971,0.0,0.2401,-0.0,1.3052,1.05,0.0,2.293,0.0,9.938158936544256e-05,140.2,0.49
2947,1790888728.6618834,-0.4412,0.0512,-0.7289,-0.2317,0.3426,0.3206,0.2934,0.3329,0.2633,0.1961,0.4006,0.4033,0.0,0.2282,-0.0,1.2457,1.045,0.0,2.196,0.0,9.938158936544256e-05,143.4,0.55
2948,1790888729.2600756,-0.346,0.0386,-0.5538,-0.1062,0.268,0.2515,0.1912,0.2489,0.1896,0.1899,0.4101,0.3999,0.0,0.1712,-0.0,0.9601,1.04,0.0,2.308,0.0,9.938158936544256e-05,198.0,0.59
2949,1790888729.7913675,-0.5112,0.0797,-0.8309,-0.2735,0.3258,0.3219,0.3519,0.4802,0.3128,0.2032,0.3953,0.4015,0.0,0.2418,-0.0,1.3141,1.05,0.0,2.309,0.0,9.938158936544256e-05,91.5,0.52
2950,1790888730.3575652,-0.5353,0.054,-1.1016,-0.2013,0.4121,0.3744,0.4497,0.4215,0.3593,0.2059,0.3932,0.4009,0.0,0.3,-0.0,1.605,1.051,0.0,2.309,0.0,9.938158936544256e-05,105.6,0.56
2951,1790888733.3012977,-0.4159,0.0636,-0.5688,-0.1727,0.2974,0.3246,0.2381,0.3331,0.2355,0.2008,0.4029,0.3963,0.0,0.1782,-0.0,0.9959,1.047,0.0,2.305,0.0,9.938158936544256e-05,111.2,0.69
2952,1790888733.8881776,-0.4252,0.0616,-0.675,-0.2982,0.2886,0.3585,0.288,0.2678,0.2512,0.1863,0.4064,0.4073,0.0,0.1739,-0.0,0.9734,1.038,0.0,2.29,0.533,9.937591471983323e-05,173.0,0.58
2953,1790888734.357953,-0.4251,0.0579,-0.7644,-0.1332,0.3689,0.2749,0.3124,0.3467,0.2481,0.2104,0.3973,0.3923,0.0,0.2428,-0.0,1.3192,1.053,0.0,2.309,0.0,9.937591471983323e-05,115.1,0.46
2954,1790888734.9041398,-0.4961,0.0438,-0.775,-0.2704,0.3232,0.3658,0.3346,0.4034,0.3164,0.2065,0.3965,0.397,0.0,0.224,-0.0,1.2249,1.05,0.0,2.289,0.0,9.937591471983323e-05,132.6,0.54
2955,1790888735.4455671,-0.5053,0.0683,-0.7401,-0.2972,0.3184,0.3064,0.4444,0.3799,0.304,0.2002,0.4008,0.3991,0.0,0.2139,-0.0,1.174,1.047,0.0,2.308,0.0,9.937591471983323e-05,147.2,0.53
2956,1790888735.974511,-0.3815,0.0421,-0.6763,-0.1611,0.2404,0.3216,0.2459,0.2516,0.2371,0.1956,0.4062,0.3981,0.0,0.1697,-0.0,0.9529,1.045,0.0,2.309,0.0,9.937591471983323e-05,175.6,0.52
2957,1790888736.5053372,-0.4787,0.0877,-0.8559,-0.114,0.3188,0.3665,0.447,0.2735,0.2688,0.2085,0.3959,0.3956,0.0,0.2377,-0.0,1.294,1.053,0.0,2.309,0.0,9.937591471983323e-05,96.7,0.52
2958,1790888737.0488427,-0.4472,0.0482,-0.6593,-0.1905,0.2937,0.3231,0.332,0.3202,0.28,0.203,0.4036,0.3934,0.0,0.2233,-0.0,1.2215,1.05,0.0,2.309,0.0,9.937591471983323e-05,121.2,0.54
2959,1790888737.5095122,-0.514,0.1234,-0.8844,-0.2036,0.3206,0.3291,0.5401,0.2876,0.2807,0.2036,0.4009,0.3955,0.0,0.2056,-0.0,1.1327,1.049,0.0,2.269,0.0,9.937591471983323e-05,172.0,0.45
2960,1790888738.1134639,-0.5199,0.0486,-0.711,-0.3082,0.3552,0.3367,0.3897,0.4181,0.3292,0.1889,0.4036,0.4075,0.0,0.2363,-0.0,1.2854,1.04,0.0,2.304,0.517,9.937021432071754e-05,171.3,0.6
2961,1790888738.6471846,-0.5267,0.1108,-0.8342,-0.2614,0.1951,0.5218,0.4015,0.2895,0.288,0.2113,0.4031,0.3856,0.0,0.1098,-0.0,0.6546,1.055,0.0,2.265,0.0,9.937021432071754e-05,105.6,0.52
2962,1790888739.216675,-0.3917,0.0621,-0.6461,-0.0833,0.3066,0.3232,0.3048,0.2224,0.218,0.2069,0.3989,0.3941,0.0,0.204,-0.0,1.125,1.053,0.0,2.309,0.0,9.937021432071754e-05,118.2,0.56
2963,1790888739.7505176,-0.5294,0.0675,-0.7587,-0.2923,0.3601,0.3389,0.4374,0.4116,0.328,0.2041,0.4003,0.3956,0.0,0.2489,-0.0,1.3495,1.049,0.0,2.295,0.0,9.937021432071754e-05,148.4,0.52
2964,1790888740.3478925,-0.4152,0.0445,-0.6957,-0.2415,0.412,0.3049,0.2832,0.2904,0.2547,0.1888,0.4014,0.4098,0.0,0.2779,-0.0,1.4937,1.04,0.0,2.309,0.0,9.937021432071754e-05,168.6,0.59
2965,1790888740.912094,-0.4885,0.0795,-0.75,-0.2176,0.4333,0.3706,0.2877,0.433,0.285,0.2048,0.3963,0.3989,0.0,0.3263,-0.0,1.7365,1.049,0.0,2.309,0.0,9.937021432071754e-05,90.6,0.56
2966,1790888741.475152,-0.5235,0.0981,-0.8848,-0.2046,0.4176,0.5154,0.3513,0.3171,0.309,0.2055,0.3959,0.3986,0.0,0.281,-0.0,1.51,1.05,0.0,2.211,0.0,9.937021432071754e-05,107.3,0.55
2967,1790888742.0464683,-0.483,0.0552,-0.7618,-0.2243,0.376,0.3609,0.3226,0.3773,0.2916,0.2028,0.3965,0.4007,0.0,0.2435,-0.0,1.3224,1.049,0.0,2.287,0.0,9.937021432071754e-05,140.1,0.56
2968,1790888742.674634,-0.4292,0.0707,-0.65,-0.2011,0.3566,0.3441,0.2352,0.3391,0.2267,0.1894,0.4024,0.4083,0.0,0.2313,-0.0,1.2605,1.04,0.0,2.289,0.675,9.936448817106869e-05,165.0,0.62
2969,1790888743.2090907,-0.5016,0.0558,-0.7015,-0.2976,0.3637,0.3562,0.3752,0.3998,0.3175,0.2032,0.4018,0.3951,0.0,0.2415,-0.0,1.3123,1.05,0.0,2.299,0.0,9.936448817106869e-05,96.0,0.53
2970,1790888743.7799337,-0.4925,0.0734,-0.8123,-0.2646,0.343,0.3518,0.3088,0.4514,0.2998,0.1972,0.4026,0.4002,0.0,0.2377,-0.0,1.2931,1.046,0.0,2.299,0.0,9.936448817106869e-05,119.3,0.56
2971,1790888744.3130527,-0.3879,0.041,-0.6613,-0.2,0.2671,0.276,0.2969,0.2545,0.2381,0.1985,0.4113,0.3902,0.0,0.1715,-0.0,0.9621,1.046,0.0,2.309,0.0,9.936448817106869e-05,158.7,0.52
2972,1790888744.8955736,-0.484,0.0375,-0.677,-0.2984,0.3666,0.3493,0.3657,0.3499,0.3203,0.1861,0.4064,0.4076,0.0,0.245,-0.0,1.3289,1.037,0.0,2.302,0.0,9.936448817106869e-05,185.2,0.57
2973,1790888745.432662,-0.4551,0.0871,-0.7078,-0.0741,0.2417,0.2757,0.4322,0.2989,0.2599,0.2004,0.4089,0.3908,0.0,0.148,-0.0,0.8446,1.048,0.0,2.265,0.0,9.936448817106869e-05,97.7,0.53
2974,1790888746.0162215,-0.4561,0.0906,-0.6863,-0.0968,0.2924,0.3942,0.3843,0.2329,0.2329,0.1995,0.405,0.3955,0.0,0.1897,-0.0,1.053,1.047,0.0,2.185,0.0,9.936448817106869e-05,117.0,0.58
2975,1790888746.5917878,-0.4779,0.0364,-0.6818,-0.2749,0.3253,0.3501,0.3669,0.3421,0.3147,0.1979,0.4053,0.3968,0.0,0.2179,-0.0,1.1942,1.045,0.0,2.295,0.0,9.936448817106869e-05,141.4,0.57
2976,1790888749.53621,-0.4379,0.049,-0.6996,-0.2291,0.2911,0.3547,0.3136,0.289,0.2691,0.19,0.411,0.399,0.0,0.185,-0.0,1.0291,1.041,0.0,2.3,0.299,9.935873627387336e-05,143.3,0.69
2977,1790888750.0070076,-0.5361,0.0544,-0.7875,-0.3354,0.441,0.3665,0.4115,0.4373,0.3546,0.2014,0.3885,0.4101,0.0,0.3108,-0.0,1.6586,1.047,0.0,2.309,0.0,9.935873627387336e-05,101.1,0.46
2978,1790888750.4726808,-0.4332,0.0498,-0.6557,-0.2075,0.4217,0.3309,0.3414,0.2876,0.2756,0.1979,0.3997,0.4024,0.0,0.2849,-0.0,1.5291,1.046,0.0,2.309,0.0,9.935873627387336e-05,136.3,0.46
2979,1790888750.996306,-0.4615,0.0897,-0.8687,-0.2341,0.3199,0.4442,0.2882,0.2896,0.2686,0.2009,0.3996,0.3995,0.0,0.2082,-0.0,1.146,1.049,0.0,2.282,0.0,9.935873627387336e-05,141.2,0.52
2980,1790888751.5945654,-0.4421,0.0486,-0.65,-0.2186,0.2678,0.3089,0.2896,0.3735,0.2785,0.1835,0.4126,0.4038,0.0,0.1706,-0.0,0.9567,1.036,0.0,2.309,0.0,9.935873627387336e-05,172.6,0.59
2981,1790888752.1202543,-0.4535,0.0652,-0.9034,-0.1222,0.3105,0.3972,0.3502,0.271,0.2695,0.1915,0.4047,0.4039,0.0,0.2051,-0.0,1.1295,1.041,0.0,2.309,0.0,9.935873627387336e-05,100.8,0.52
2982,1790888752.6617897,-0.4863,0.0939,-0.75,-0.2639,0.349,0.437,0.2659,0.3741,0.2659,0.1987,0.4027,0.3987,0.0,0.2341,-0.0,1.2753,1.046,0.0,2.309,0.0,9.935873627387336e-05,125.3,0.53
2983,1790888753.1592457,-0.421,0.0592,-0.8474,-0.2292,0.2288,0.2401,0.344,0.3222,0.2401,0.1996,0.4041,0.3964,0.0,0.1461,-0.0,0.8353,1.047,0.0,2.308,0.0,9.935873627387336e-05,164.4,0.49
2984,1790888753.7516654,-0.4509,0.0728,-0.6656,-0.2565,0.2589,0.4143,0.3076,0.2704,0.2684,0.1876,0.4078,0.4046,0.0,0.1577,-0.0,0.8925,1.04,0.0,2.295,0.368,9.935295863213161e-05,168.2,0.58
2985,1790888754.3247778,-0.4548,0.0893,-0.6943,-0.1568,0.4953,0.3102,0.4335,0.2532,0.2449,0.1961,0.3934,0.4105,0.0,0.3761,-0.0,1.9848,1.043,0.0,2.302,0.0,9.935295863213161e-05,95.4,0.56
2986,1790888754.889484,-0.4958,0.0581,-0.7942,-0.2579,0.3626,0.4192,0.3155,0.363,0.3059,0.1984,0.4012,0.4004,0.0,0.2619,-0.0,1.4138,1.046,0.0,2.269,0.0,9.935295863213161e-05,116.9,0.56
2987,1790888755.4611976,-0.5158,0.0555,-0.7582,-0.2576,0.2654,0.4071,0.3405,0.4399,0.3405,0.197,0.4081,0.3949,0.0,0.1865,-0.0,1.037,1.045,0.0,2.305,0.0,9.935295863213161e-05,143.8,0.56
2988,1790888756.0207794,-0.5121,0.1207,-0.9015,-0.191,0.3379,0.5094,0.2623,0.3803,0.2606,0.1881,0.4094,0.4025,0.0,0.2228,-0.0,1.2177,1.039,0.0,2.301,0.0,9.935295863213161e-05,185.5,0.55
2989,1790888756.5595815,-0.5277,0.0755,-0.7971,-0.2887,0.4006,0.3428,0.3954,0.4749,0.3312,0.1958,0.3971,0.4071,0.0,0.2877,-0.0,1.5429,1.044,0.0,2.302,0.0,9.935295863213161e-05,97.7,0.53
2990,1790888757.1125288,-0.4257,0.0556,-0.6559,-0.2414,0.3879,0.3273,0.3234,0.2605,0.2443,0.2021,0.3993,0.3986,0.0,0.2633,-0.0,1.4213,1.047,0.0,2.309,0.0,9.935295863213161e-05,121.9,0.55
2991,1790888757.6647882,-0.5175,0.0513,-0.8325,-0.1929,0.3268,0.4309,0.3752,0.3722,0.3382,0.2003,0.4026,0.3971,0.0,0.2268,-0.0,1.2389,1.047,0.0,2.297,0.0,9.935295863213161e-05,150.3,0.54
2992,1790888758.251739,-0.3817,0.0641,-0.6,-0.0866,0.2546,0.2341,0.2278,0.333,0.2125,0.1876,0.4139,0.3984,0.0,0.1589,-0.0,0.8983,1.039,0.0,2.309,0.478,9.934715524885697e-05,194.3,0.58
2993,1790888758.7880874,-0.5176,0.0497,-0.7265,-0.2397,0.4398,0.4403,0.3823,0.3418,0.3386,0.1952,0.4052,0.3996,0.0,0.284,-0.0,1.5242,1.042,0.0,2.282,0.0,9.934715524885697e-05,113.8,0.53
2994,1790888759.3258908,-0.4715,0.0372,-0.6976,-0.1534,0.2612,0.3527,0.3505,0.3356,0.3101,0.1998,0.4078,0.3924,0.0,0.1714,-0.0,0.9619,1.047,0.0,2.287,0.0,9.934715524885697e-05,124.4,0.53
2995,1790888759.814729,-0.3343,0.0654,-0.5591,-0.1869,0.2566,0.2141,0.2928,0.1896,0.1774,0.1959,0.4102,0.3939,0.0,0.167,-0.0,0.9392,1.044,0.0,2.308,0.0,9.934715524885697e-05,180.2,0.48
2996,1790888760.4057117,-0.4536,0.0387,-0.7662,-0.2823,0.3976,0.3396,0.3394,0.3037,0.2889,0.188,0.4065,0.4055,0.0,0.2604,-0.0,1.4057,1.038,0.0,2.292,0.0,9.934715524885697e-05,193.5,0.58
2997,1790888760.974408,-0.4659,0.0573,-0.6733,-0.225,0.1847,0.3253,0.3814,0.3181,0.2791,0.2003,0.4097,0.39,0.0,0.1232,-0.0,0.7207,1.048,0.0,2.306,0.0,9.934715524885697e-05,101.4,0.56
2998,1790888761.523526,-0.4378,0.066,-0.7907,-0.1917,0.2418,0.3365,0.3256,0.2913,0.2628,0.1985,0.407,0.3945,0.0,0.1404,-0.0,0.8066,1.046,0.0,2.283,0.0,9.934715524885697e-05,117.7,0.54
2999,1790888762.1119144,-0.403,0.0538,-0.6374,-0.0571,0.3842,0.3275,0.2893,0.2465,0.2401,0.1926,0.4023,0.4051,0.0,0.2675,-0.0,1.4415,1.041,0.0,2.309,0.0,9.934715524885697e-05,142.3,0.58
3000,1790888762.7181594,-0.3809,0.0578,-0.8348,-0.1964,0.3258,0.2456,0.3246,0.2214,0.2141,0.1864,0.4096,0.404,0.0,0.2054,-0.0,1.1306,1.037,0.0,2.302,0.851,9.934132612707632e-05,175.7,0.6
3001,1790888766.572886,-0.4736,0.057,-0.7048,-0.251,0.3697,0.3314,0.3682,0.3504,0.2852,0.1945,0.4028,0.4027,0.0,0.2542,-0.0,1.3755,1.044,0.0,2.265,0.0,9.934132612707632e-05,74.1,0.75
3002,1790888767.0859246,-0.4551,0.0583,-0.7875,-0.1898,0.36,0.3523,0.2685,0.3705,0.2635,0.1948,0.4045,0.4007,0.0,0.2344,-0.0,1.2761,1.043,0.0,2.309,0.0,9.934132612707632e-05,135.3,0.5
3003,1790888767.6340132,-0.3768,0.0372,-0.6095,-0.1394,0.233,0.2673,0.2628,0.2675,0.2296,0.1978,0.4123,0.3899,0.0,0.15,-0.0,0.8546,1.046,0.0,2.307,0.0,9.934132612707632e-05,153.4,0.54
3004,1790888768.1904404,-0.4946,0.0814,-0.9061,-0.2595,0.2746,0.3414,0.4589,0.2993,0.2947,0.1879,0.411,0.4011,0.0,0.1772,-0.0,0.9899,1.039,0.0,2.296,0.0,9.934132612707632e-05,187.2,0.55
3005,1790888768.7314315,-0.5248,0.054,-0.7333,-0.3147,0.2911,0.439,0.3945,0.3737,0.3515,0.1976,0.3997,0.4027,0.0,0.1969,-0.0,1.089,1.045,0.0,2.309,0.0,9.934132612707632e-05,102.4,0.53
3006,1790888769.21676,-0.4861,0.0732,-0.7947,-0.2774,0.4028,0.301,0.3408,0.4403,0.2915,0.1935,0.4046,0.4018,0.0,0.2835,-0.0,1.5219,1.042,0.0,2.308,0.0,9.934132612707632e-05,145.9,0.48
3007,1790888769.7692134,-0.4421,0.0511,-0.7724,-0.1448,0.3523,0.3509,0.2941,0.329,0.2811,0.1953,0.4072,0.3975,0.0,0.2439,-0.0,1.3239,1.044,0.0,2.305,0.0,9.934132612707632e-05,149.6,0.54
3008,1790888770.3621736,-0.3597,0.0623,-0.6119,-0.1642,0.2936,0.2472,0.3015,0.1999,0.197,0.1872,0.4088,0.404,0.0,0.1892,-0.0,1.0498,1.039,0.0,2.309,0.088,9.933547126983006e-05,171.8,0.58
3009,1790888770.927311,-0.454,0.0476,-0.687,-0.2711,0.3132,0.3337,0.3609,0.3184,0.2925,0.1942,0.4047,0.4011,0.0,0.2053,-0.0,1.131,1.043,0.0,2.309,0.0,9.933547126983006e-05,97.5,0.56
3010,1790888771.4714909,-0.4858,0.0453,-0.7186,-0.3422,0.4253,0.3549,0.3484,0.373,0.3137,0.1965,0.4004,0.4031,0.0,0.2996,-0.0,1.6022,1.043,0.0,2.309,0.0,9.933547126983006e-05,120.8,0.54
3011,1790888772.0353234,-0.4187,0.0755,-0.6523,-0.1826,0.3328,0.3599,0.2231,0.3109,0.2231,0.1879,0.4144,0.3976,0.0,0.2058,-0.0,1.1326,1.038,0.0,2.309,0.0,9.933547126983006e-05,150.7,0.56
3012,1790888772.5808806,-0.478,0.1008,-0.8205,-0.0796,0.2883,0.4132,0.2382,0.4167,0.2382,0.1827,0.4157,0.4016,0.0,0.1816,-0.0,1.0114,1.034,0.0,2.067,0.0,9.933547126983006e-05,195.6,0.53
3013,1790888773.1416788,-0.6109,0.1571,-0.95,-0.1831,0.4004,0.2943,0.6183,0.5211,0.2898,0.1974,0.4007,0.4019,0.0,0.2558,-0.0,1.3834,1.045,0.0,2.293,0.0,9.933547126983006e-05,109.9,0.55
3014,1790888773.6332328,-0.4808,0.0652,-0.6834,-0.3063,0.4066,0.3974,0.2942,0.3607,0.2814,0.1979,0.4008,0.4013,0.0,0.273,-0.0,1.4696,1.044,0.0,2.302,0.0,9.933547126983006e-05,148.5,0.49
3015,1790888774.1411314,-0.4188,0.0495,-0.6756,-0.1509,0.3498,0.25,0.3215,0.331,0.25,0.1922,0.4057,0.4021,0.0,0.2284,-0.0,1.2462,1.041,0.0,2.295,0.0,9.933547126983006e-05,160.8,0.5
3016,1790888774.7631884,-0.3834,0.0345,-0.6786,-0.179,0.2355,0.256,0.276,0.2861,0.2353,0.1837,0.4167,0.3996,0.0,0.1393,-0.0,0.8001,1.036,0.0,2.309,0.501,9.932959068017191e-05,157.8,0.61
3017,1790888775.3067558,-0.4005,0.0566,-0.5786,-0.157,0.4077,0.2453,0.2841,0.327,0.232,0.1932,0.4051,0.4017,0.0,0.2675,-0.0,1.4416,1.041,0.0,2.309,0.0,9.932959068017191e-05,108.6,0.54
3018,1790888775.8440607,-0.5498,0.0479,-0.813,-0.2462,0.3548,0.3997,0.4528,0.4023,0.3731,0.1939,0.4056,0.4004,0.0,0.2505,-0.0,1.3567,1.042,0.0,2.288,0.0,9.932959068017191e-05,133.3,0.53
3019,1790888776.4178693,-0.5117,0.0694,-0.8247,-0.1638,0.3737,0.4402,0.379,0.3195,0.3067,0.1907,0.4073,0.402,0.0,0.2437,-0.0,1.3227,1.04,0.0,2.289,0.0,9.932959068017191e-05,145.0,0.57
3020,1790888776.9790936,-0.3739,0.0422,-0.5524,-0.126,0.2265,0.2603,0.2336,0.2794,0.2164,0.1827,0.4156,0.4016,0.0,0.1324,-0.0,0.7656,1.034,0.0,2.306,0.0,9.932959068017191e-05,181.3,0.55
3021,1790888777.534722,-0.5514,0.0655,-0.8092,-0.3114,0.3368,0.4218,0.4478,0.3906,0.3574,0.1926,0.4103,0.3971,0.0,0.2566,-0.0,1.3874,1.042,0.0,2.307,0.0,9.932959068017191e-05,95.1,0.55
3022,1790888778.0850592,-0.5266,0.0573,-0.7767,-0.2233,0.2965,0.3825,0.4084,0.4044,0.3459,0.1971,0.4063,0.3966,0.0,0.2121,-0.0,1.165,1.044,0.0,2.256,0.0,9.932959068017191e-05,118.7,0.54
3023,1790888778.618609,-0.4459,0.0505,-0.6559,-0.1807,0.2498,0.2899,0.3097,0.3698,0.2781,0.1933,0.4132,0.3935,0.0,0.1693,-0.0,0.9506,1.042,0.0,2.309,0.0,9.932959068017191e-05,146.7,0.52
3024,1790888779.2061458,-0.3948,0.0733,-0.5985,-0.1253,0.2214,0.1985,0.3355,0.2912,0.1985,0.1798,0.4152,0.405,0.0,0.1466,-0.0,0.8364,1.033,0.0,2.262,0.506,9.932368436116915e-05,180.6,0.58
3025,1790888779.726388,-0.4707,0.0688,-0.6611,-0.2233,0.4492,0.3249,0.4221,0.2745,0.2708,0.193,0.3992,0.4079,0.0,0.3182,-0.0,1.695,1.041,0.0,2.309,0.0,9.932368436116915e-05,103.7,0.51
3026,1790888782.7302067,-0.4723,0.0686,-0.7289,-0.1778,0.3741,0.3305,0.2912,0.4179,0.2766,0.1937,0.4047,0.4016,0.0,0.2544,-0.0,1.3761,1.042,0.0,2.308,0.0,9.932368436116915e-05,100.4,0.7
3027,1790888783.2669868,-0.4316,0.0367,-0.7521,-0.2034,0.3142,0.3327,0.2769,0.321,0.2706,0.1905,0.4083,0.4013,0.0,0.2418,-0.0,1.3132,1.04,0.0,2.309,0.0,9.932368436116915e-05,147.0,0.53
3028,1790888783.8313932,-0.3261,0.032,-0.5711,-0.1246,0.2377,0.2192,0.2308,0.2158,0.1923,0.1849,0.4161,0.399,0.0,0.1446,-0.0,0.8269,1.037,0.0,2.309,0.0,9.932368436116915e-05,192.5,0.55
3029,1790888784.3638492,-0.4379,0.0635,-0.6875,-0.1529,0.4319,0.2894,0.38,0.2904,0.2618,0.1924,0.4033,0.4043,0.0,0.2844,-0.0,1.5263,1.042,0.0,2.309,0.0,9.932368436116915e-05,106.9,0.53
3030,1790888784.8636415,-0.577,0.1768,-0.9147,-0.119,0.4411,0.5801,0.5315,0.2282,0.2282,0.1952,0.3959,0.4089,0.0,0.3105,-0.0,1.6568,1.042,0.0,2.099,0.0,9.932368436116915e-05,139.0,0.49
3031,1790888785.4156709,-0.454,0.0532,-0.7954,-0.1786,0.3191,0.317,0.3777,0.3027,0.2797,0.1938,0.4146,0.3916,0.0,0.1907,-0.0,1.0579,1.043,0.0,2.299,0.0,9.932368436116915e-05,140.8,0.54
3032,1790888786.0537038,-0.5246,0.0516,-0.7667,-0.2508,0.365,0.3495,0.4072,0.4194,0.3365,0.1742,0.4141,0.4117,0.0,0.2576,-0.0,1.3909,1.027,0.0,2.299,0.44,9.931775231590236e-05,166.8,0.63
3033,1790888786.5780509,-0.4985,0.0446,-0.6567,-0.3319,0.3158,0.3702,0.379,0.3679,0.3347,0.2004,0.4025,0.3971,0.0,0.2112,-0.0,1.1605,1.047,0.0,2.25,0.0,9.931775231590236e-05,99.5,0.52
3034,1790888787.1144416,-0.4804,0.0489,-0.7409,-0.2757,0.3569,0.328,0.3512,0.3852,0.3085,0.1981,0.4007,0.4012,0.0,0.2421,-0.0,1.3148,1.045,0.0,2.301,0.0,9.931775231590236e-05,124.2,0.53
3035,1790888787.6675413,-0.436,0.0527,-0.7979,-0.1815,0.305,0.2939,0.3531,0.2898,0.2622,0.1932,0.41,0.3969,0.0,0.1929,-0.0,1.0684,1.041,0.0,2.309,0.0,9.931775231590236e-05,160.7,0.55
3036,1790888788.2376907,-0.4835,0.0616,-0.7225,-0.2107,0.2641,0.3935,0.2867,0.3807,0.2819,0.1819,0.4178,0.4003,0.0,0.1738,-0.0,0.9722,1.034,0.0,2.302,0.0,9.931775231590236e-05,201.2,0.56
3037,1790888788.7989385,-0.5717,0.0773,-0.8813,-0.2159,0.4251,0.3692,0.4786,0.4841,0.3639,0.1953,0.3979,0.4068,0.0,0.2963,-0.0,1.5858,1.043,0.0,2.294,0.0,9.931775231590236e-05,91.7,0.55
3038,1790888789.3342988,-0.4699,0.0493,-0.6455,-0.2309,0.3444,0.3194,0.3809,0.3444,0.3026,0.1951,0.4066,0.3983,0.0,0.2136,-0.0,1.1721,1.043,0.0,2.309,0.0,9.931775231590236e-05,131.4,0.53
3039,1790888789.833275,-0.4198,0.05,-0.5804,-0.2875,0.3165,0.313,0.287,0.318,0.2495,0.1857,0.41,0.4043,0.0,0.2146,-0.0,1.1766,1.037,0.0,2.296,0.0,9.931775231590236e-05,164.3,0.49
3040,1790888790.4280112,-0.37,0.0553,-0.7289,-0.1278,0.2368,0.2936,0.2167,0.2832,0.2098,0.1741,0.4181,0.4079,0.0,0.1428,-0.0,0.8169,1.028,0.0,2.308,0.345,9.931179454746557e-05,189.7,0.59
3041,1790888790.9480133,-0.4125,0.0498,-0.6433,-0.0711,0.3008,0.3176,0.2584,0.3007,0.2404,0.1957,0.4032,0.4011,0.0,0.1918,-0.0,1.0635,1.044,0.0,2.277,0.0,9.931179454746557e-05,110.4,0.51
3042,1790888791.460143,-0.5124,0.0748,-0.7896,-0.274,0.3277,0.3658,0.4591,0.3293,0.3152,0.1909,0.4036,0.4055,0.0,0.2492,-0.0,1.3502,1.04,0.0,2.309,0.0,9.931179454746557e-05,133.8,0.5
3043,1790888791.984339,-0.4627,0.0695,-0.7139,-0.1762,0.2947,0.3404,0.267,0.3999,0.267,0.1943,0.4051,0.4006,0.0,0.1962,-0.0,1.0852,1.044,0.0,2.3,0.0,9.931179454746557e-05,153.4,0.52
3044,1790888793.0090768,-0.4683,0.0464,-0.679,-0.2208,0.2357,0.2888,0.3648,0.3542,0.2854,0.1698,0.4184,0.4118,0.0,0.1497,-0.0,0.8509,1.023,0.0,2.306,0.0,9.931179454746557e-05,118.7,1.01
3045,1790888793.5149627,-0.5441,0.0678,-0.7664,-0.2961,0.4588,0.3602,0.4888,0.3893,0.3447,0.194,0.3948,0.4111,0.0,0.3288,-0.0,1.7485,1.042,0.0,2.299,0.0,9.931179454746557e-05,96.4,0.5
3046,1790888794.0748143,-0.546,0.0676,-0.8652,-0.3258,0.4465,0.3814,0.4971,0.3771,0.358,0.1972,0.399,0.4039,0.0,0.3175,-0.0,1.6921,1.044,0.0,2.303,0.0,9.931179454746557e-05,118.8,0.55
3047,1790888794.6192653,-0.3918,0.0364,-0.5193,-0.1811,0.2487,0.3122,0.2615,0.2565,0.2403,0.197,0.4122,0.3908,0.0,0.1485,0.0,0.847,1.045,0.0,2.299,0.0,9.931179454746557e-05,139.9,0.54
3048,1790888795.1972256,-0.3742,0.048,-0.6253,-0.1436,0.2514,0.2665,0.2817,0.2487,0.2227,0.1841,0.4131,0.4028,0.0,0.1636,-0.0,0.9218,1.036,0.0,2.302,0.411,9.930581105896623e-05,164.8,0.57
3049,1790888795.741721,-0.403,0.0637,-0.6411,-0.1314,0.3942,0.2491,0.3464,0.2833,0.231,0.1927,0.3966,0.4107,0.0,0.2868,-0.0,1.5383,1.042,0.0,2.307,0.0,9.930581105896623e-05,98.2,0.54
3050,1790888796.305249,-0.5083,0.0515,-0.7138,-0.2806,0.4291,0.3371,0.4124,0.3865,0.3228,0.1967,0.4013,0.402,0.0,0.2936,-0.0,1.5725,1.043,0.0,2.254,0.0,9.930581105896623e-05,125.6,0.56
3051,1790888799.5982292,-0.456,0.0507,-0.7221,-0.1983,0.4969,0.3807,0.3314,0.293,0.2834,0.1937,0.4023,0.404,0.0,0.3316,-0.0,1.762,1.041,0.0,2.305,0.0,9.930581105896623e-05,97.5,0.86
3052,1790888800.1824872,-0.476,0.0706,-0.7323,-0.2832,0.2198,0.3443,0.2834,0.4202,0.2796,0.1823,0.4165,0.4012,0.0,0.1429,-0.0,0.8178,1.035,0.0,2.293,0.0,9.930581105896623e-05,178.1,0.57
3053,1790888800.701399,-0.4577,0.0688,-0.7099,-0.1738,0.3229,0.2944,0.3537,0.3677,0.2648,0.1938,0.4014,0.4049,0.0,0.2141,-0.0,1.1747,1.043,0.0,2.302,0.0,9.930581105896623e-05,104.4,0.51
3054,1790888801.2105508,-0.4172,0.0453,-0.7431,-0.1932,0.3643,0.2743,0.2816,0.3364,0.2525,0.1915,0.404,0.4044,0.0,0.2315,-0.0,1.2617,1.041,0.0,2.309,0.0,9.930581105896623e-05,132.0,0.5
3055,1790888801.7433455,-0.4902,0.0666,-0.8098,-0.1641,0.4453,0.3112,0.4424,0.3431,0.3022,0.192,0.401,0.4071,0.0,0.3026,-0.0,1.6171,1.04,0.0,2.306,0.0,9.930581105896623e-05,150.4,0.53
3056,1790888802.2619164,-0.4194,0.0716,-0.6392,-0.1661,0.3267,0.3707,0.303,0.2267,0.2267,0.1834,0.4119,0.4046,0.0,0.2163,-0.0,1.1849,1.035,0.0,2.279,0.316,9.929980185352526e-05,201.8,0.51
3057,1790888802.812598,-0.581,0.1277,-1.1308,-0.2118,0.4136,0.4363,0.336,0.5833,0.3304,0.1977,0.3905,0.4117,0.0,0.2336,-0.0,1.2725,1.044,0.0,2.309,0.0,9.929980185352526e-05,82.9,0.54
3058,1790888803.3775568,-0.5132,0.0601,-0.8581,-0.2457,0.37,0.447,0.3487,0.3561,0.3324,0.1916,0.402,0.4063,0.0,0.2418,-0.0,1.3132,1.041,0.0,2.309,0.0,9.929980185352526e-05,112.6,0.56
3059,1790888803.9296708,-0.404,0.0343,-0.859,-0.1449,0.3021,0.2964,0.267,0.3014,0.2559,0.1911,0.4038,0.4051,0.0,0.1937,-0.0,1.0729,1.041,0.0,2.296,0.0,9.929980185352526e-05,152.2,0.54
3060,1790888804.534815,-0.4184,0.0559,-0.5875,-0.0997,0.2354,0.3023,0.3372,0.2626,0.2475,0.1793,0.4147,0.406,0.0,0.1496,-0.0,0.8513,1.033,0.0,2.304,0.0,9.929980185352526e-05,183.7,0.6
3061,1790888805.095361,-0.494,0.0527,-0.8713,-0.2159,0.3708,0.4084,0.3864,0.3154,0.309,0.1974,0.4015,0.4011,0.0,0.2403,-0.0,1.3058,1.045,0.0,2.305,0.0,9.929980185352526e-05,98.7,0.55
3062,1790888805.6511438,-0.5697,0.0596,-0.8537,-0.3222,0.4051,0.421,0.3989,0.4863,0.3789,0.1925,0.4012,0.4063,0.0,0.2661,-0.0,1.4346,1.041,0.0,2.306,0.0,9.929980185352526e-05,121.0,0.55
3063,1790888806.2107975,-0.5657,0.0498,-0.8441,-0.2816,0.3748,0.4072,0.4153,0.4737,0.3789,0.1916,0.4056,0.4027,0.0,0.2625,-0.0,1.4166,1.04,0.0,2.305,0.0,9.929980185352526e-05,146.5,0.55
3064,1790888806.861504,-0.4253,0.0225,-0.6319,-0.2446,0.2538,0.294,0.3135,0.3118,0.2878,0.1717,0.4149,0.4134,0.0,0.162,-0.0,0.9127,1.026,0.0,2.309,0.352,9.929376693427688e-05,159.4,0.64
3065,1790888807.3797598,-0.4419,0.0558,-0.8755,-0.1286,0.3122,0.3001,0.3621,0.3235,0.2662,0.1944,0.401,0.4046,0.0,0.219,-0.0,1.1993,1.044,0.0,2.284,0.0,9.929376693427688e-05,98.1,0.51
3066,1790888807.9426765,-0.4744,0.0798,-0.8423,-0.2262,0.2638,0.2738,0.4252,0.3521,0.2694,0.1928,0.404,0.4032,0.0,0.1786,-0.0,0.9971,1.043,0.0,2.293,0.0,9.929376693427688e-05,116.4,0.55
3067,1790888808.5322254,-0.517,0.0515,-0.7941,-0.2528,0.4078,0.4046,0.4213,0.3474,0.3336,0.1895,0.4017,0.4088,0.0,0.2853,-0.0,1.5302,1.039,0.0,2.309,0.0,9.929376693427688e-05,138.5,0.58
3068,1790888809.1085863,-0.3906,0.0541,-0.6807,-0.1804,0.3419,0.265,0.3094,0.2297,0.2187,0.1753,0.4095,0.4152,0.0,0.2244,-0.0,1.225,1.028,0.0,2.295,0.0,9.929376693427688e-05,192.3,0.57
3069,1790888809.6726823,-0.4936,0.0458,-0.7667,-0.1667,0.3843,0.3835,0.3901,0.3415,0.3259,0.193,0.399,0.408,0.0,0.299,-0.0,1.5992,1.041,0.0,2.303,0.0,9.929376693427688e-05,97.9,0.56
3070,1790888810.2201812,-0.4626,0.0407,-0.7214,-0.2575,0.3748,0.3071,0.3447,0.3474,0.2903,0.1973,0.4008,0.402,0.0,0.2562,-0.0,1.3854,1.044,0.0,2.272,0.0,9.929376693427688e-05,125.5,0.54
3071,1790888810.7529178,-0.4219,0.0343,-0.8643,-0.1903,0.2662,0.3147,0.2937,0.3047,0.2702,0.19,0.4077,0.4023,0.0,0.1713,-0.0,0.9604,1.041,0.0,2.309,0.0,9.929376693427688e-05,148.1,0.53
3072,1790888811.2799752,-0.4425,0.11,-0.8511,-0.1323,0.2664,0.4504,0.2445,0.2423,0.2291,0.1837,0.4085,0.4078,0.0,0.1704,-0.0,0.9557,1.036,0.0,2.106,0.549,9.92877063043688e-05,195.8,0.52
3073,1790888811.83929,-0.5346,0.0834,-0.9469,-0.2637,0.4252,0.4904,0.32,0.4039,0.3188,0.1903,0.3931,0.4166,0.0,0.3063,-0.0,1.6357,1.04,0.0,2.247,0.0,9.92877063043688e-05,96.6,0.55
3074,1790888812.3846908,-0.3631,0.0524,-0.7779,-0.0741,0.3011,0.2294,0.3127,0.2489,0.2192,0.1958,0.4055,0.3986,0.0,0.1928,-0.0,1.0684,1.044,0.0,2.262,0.0,9.92877063043688e-05,126.9,0.54
3075,1790888812.9885488,-0.5426,0.1429,-0.8722,-0.1766,0.3085,0.5829,0.2807,0.3882,0.2758,0.1927,0.4059,0.4014,0.0,0.1875,-0.0,1.0418,1.042,0.0,2.215,0.0,9.92877063043688e-05,128.7,0.59
3076,1790888816.1083682,-0.4507,0.0543,-0.8664,-0.1327,0.2519,0.3222,0.3831,0.2767,0.2722,0.1765,0.4155,0.408,0.0,0.1647,-0.0,0.9266,1.03,0.0,2.301,0.0,9.92877063043688e-05,134.9,0.78
3077,1790888816.6284091,-0.5771,0.0795,-0.87,-0.3044,0.4147,0.5034,0.3634,0.4608,0.3538,0.189,0.3981,0.4129,0.0,0.2933,-0.0,1.5706,1.039,0.0,2.304,0.0,9.92877063043688e-05,100.2,0.51
3078,1790888817.109153,-0.4815,0.0473,-0.8093,-0.2555,0.3646,0.3501,0.3327,0.3736,0.2984,0.1945,0.4067,0.3988,0.0,0.2309,-0.0,1.2585,1.042,0.0,2.307,0.0,9.92877063043688e-05,142.1,0.47
3079,1790888817.6610084,-0.5004,0.0338,-0.7669,-0.2303,0.3245,0.353,0.382,0.3631,0.33,0.1947,0.4055,0.3998,0.0,0.2105,-0.0,1.1566,1.043,0.0,2.302,0.0,9.92877063043688e-05,155.3,0.54
3080,1790888818.2903876,-0.3962,0.0584,-0.8122,-0.2026,0.2819,0.2577,0.3381,0.2283,0.2138,0.1747,0.4144,0.4109,0.0,0.1814,-0.0,1.0097,1.028,0.0,2.305,0.396,9.928161996696217e-05,182.5,0.62
3081,1790888818.826983,-0.5461,0.0609,-0.8008,-0.2206,0.6072,0.3881,0.408,0.444,0.3551,0.1969,0.3868,0.4163,0.0,0.4243,-0.0,2.2259,1.042,0.0,2.292,0.0,9.928161996696217e-05,101.3,0.53
3082,1790888819.3501441,-0.4826,0.0677,-0.7105,-0.2614,0.3363,0.3977,0.378,0.2881,0.2862,0.1952,0.4018,0.403,0.0,0.2293,-0.0,1.2507,1.044,0.0,2.303,0.0,9.928161996696217e-05,133.5,0.52
3083,1790888819.8700602,-0.4952,0.0512,-0.6947,-0.301,0.2416,0.3889,0.3306,0.3774,0.3145,0.1909,0.405,0.404,0.0,0.1554,-0.0,0.8809,1.041,0.0,2.287,0.0,9.928161996696217e-05,161.4,0.51
3084,1790888820.4891236,-0.4728,0.0541,-0.7769,-0.2507,0.2948,0.3223,0.3968,0.3272,0.3014,0.1732,0.4144,0.4124,0.0,0.2026,-0.0,1.1155,1.027,0.0,2.309,0.0,9.928161996696217e-05,179.5,0.61
3085,1790888821.0387156,-0.4802,0.1195,-0.9071,-0.1833,0.3384,0.4984,0.2675,0.3159,0.2638,0.1926,0.4002,0.4071,0.0,0.225,-0.0,1.2292,1.042,0.0,2.242,0.0,9.928161996696217e-05,96.1,0.54
3086,1790888821.597167,-0.4536,0.088,-0.732,-0.1569,0.4626,0.4131,0.2388,0.3434,0.235,0.1917,0.3956,0.4127,0.0,0.3313,-0.0,1.7605,1.04,0.0,2.281,0.0,9.928161996696217e-05,123.0,0.55
3087,1790888822.1603694,-0.444,0.0535,-0.8684,-0.1455,0.3302,0.3156,0.3515,0.3036,0.2745,0.1906,0.403,0.4064,0.0,0.2109,-0.0,1.1585,1.041,0.0,2.293,0.0,9.928161996696217e-05,148.7,0.55
3088,1790888822.8464484,-0.3159,0.0466,-0.5158,-0.1133,0.209,0.1835,0.2406,0.2136,0.1656,0.1717,0.4153,0.413,0.0,0.123,-0.0,0.7175,1.025,0.0,2.257,0.402,9.927550792523146e-05,174.9,0.68
3089,1790888823.3686304,-0.5109,0.0694,-0.8169,-0.2756,0.4294,0.3965,0.3711,0.3853,0.3223,0.1942,0.3922,0.4136,0.0,0.2906,-0.0,1.5571,1.042,0.0,2.246,0.0,9.927550792523146e-05,107.2,0.51
3090,1790888823.8796647,-0.4356,0.0337,-0.7333,-0.2425,0.5027,0.3414,0.3051,0.3311,0.2875,0.1913,0.3943,0.4144,0.0,0.3385,-0.0,1.7964,1.039,0.0,2.309,0.0,9.927550792523146e-05,138.0,0.5
3091,1790888824.4174643,-0.4319,0.0914,-0.8121,-0.1496,0.4752,0.2483,0.4201,0.2709,0.2365,0.1922,0.3943,0.4135,0.0,0.3126,-0.0,1.6671,1.041,0.0,2.085,0.0,9.927550792523146e-05,152.2,0.53
3092,1790888825.0017457,-0.4054,0.0739,-0.6963,-0.162,0.2359,0.32,0.3452,0.2093,0.2093,0.185,0.409,0.406,0.0,0.1566,-0.0,0.8867,1.037,0.0,2.309,0.0,9.927550792523146e-05,170.9,0.58
3093,1790888825.562796,-0.4748,0.0574,-0.765,-0.1994,0.436,0.3165,0.3031,0.4046,0.2839,0.1912,0.391,0.4178,0.0,0.3368,-0.0,1.7881,1.04,0.0,2.309,0.0,9.927550792523146e-05,91.3,0.55
3094,1790888826.118742,-0.4746,0.1043,-0.8214,-0.1259,0.3833,0.3736,0.2396,0.4515,0.2396,0.1843,0.4075,0.4082,0.0,0.2442,-0.0,1.3248,1.036,0.0,2.28,0.0,9.927550792523146e-05,122.1,0.55
3095,1790888826.683093,-0.4414,0.0571,-0.7278,-0.2027,0.3206,0.2756,0.3641,0.3305,0.2568,0.1903,0.4036,0.4062,0.0,0.2356,-0.0,1.282,1.041,0.0,2.264,0.0,9.927550792523146e-05,149.3,0.56
3096,1790888827.3211615,-0.3596,0.0376,-0.6959,-0.1509,0.2745,0.264,0.2229,0.2653,0.214,0.186,0.4102,0.4038,0.0,0.1844,-0.0,1.0256,1.038,0.0,2.287,0.183,9.926937018236461e-05,170.4,0.63
3097,1790888827.8872507,-0.4868,0.0551,-0.7409,-0.3134,0.4176,0.3871,0.3548,0.3278,0.2934,0.1949,0.3942,0.4109,0.0,0.271,-0.0,1.4593,1.042,0.0,2.273,0.0,9.926937018236461e-05,100.5,0.56
3098,1790888828.4407272,-0.4959,0.0484,-0.6672,-0.3442,0.3783,0.3755,0.3576,0.3597,0.3166,0.1953,0.3958,0.409,0.0,0.2616,-0.0,1.4121,1.043,0.0,2.309,0.0,9.926937018236461e-05,116.7,0.55
3099,1790888829.0018198,-0.4226,0.0602,-0.813,-0.1771,0.3133,0.2696,0.3715,0.2895,0.254,0.1897,0.4035,0.4068,0.0,0.2218,-0.0,1.213,1.04,0.0,2.309,0.0,9.926937018236461e-05,140.5,0.55
3100,1790888829.574518,-0.3658,0.0343,-0.5362,-0.2109,0.2853,0.2303,0.2685,0.2494,0.2209,0.1781,0.4098,0.4122,0.0,0.1663,-0.0,0.9345,1.032,0.0,2.296,0.0,9.926937018236461e-05,181.1,0.57
3101,1790888832.9202201,-0.4534,0.0696,-0.7611,-0.1841,0.3816,0.3068,0.279,0.3954,0.2603,0.1969,0.3902,0.4129,0.0,0.2779,-0.0,1.4938,1.044,0.0,2.254,0.0,9.926937018236461e-05,68.1,0.79
3102,1790888833.5280244,-0.4619,0.0416,-0.7994,-0.2682,0.2947,0.3245,0.3288,0.3685,0.3011,0.1921,0.4045,0.4034,0.0,0.1866,-0.0,1.0371,1.041,0.0,2.307,0.0,9.926937018236461e-05,117.1,0.6
3103,1790888834.0877066,-0.5605,0.0868,-0.8955,-0.2956,0.3203,0.5222,0.4106,0.3531,0.349,0.1987,0.3988,0.4025,0.0,0.2021,0.0,1.1151,1.046,0.0,2.309,0.0,9.926937018236461e-05,149.8,0.55
3104,1790888834.7019935,-0.4048,0.0632,-0.7216,-0.2281,0.2921,0.3617,0.2594,0.2461,0.2309,0.1708,0.4109,0.4182,0.0,0.1849,-0.0,1.027,1.025,0.0,2.3,0.17,9.926320674156293e-05,170.8,0.61
3105,1790888835.2457976,-0.5186,0.0517,-0.7846,-0.2809,0.2879,0.4269,0.3839,0.3675,0.3428,0.1875,0.4015,0.411,0.0,0.1752,-0.0,0.9798,1.039,0.0,2.308,0.0,9.926320674156293e-05,101.2,0.54
3106,1790888835.7904227,-0.4806,0.0639,-0.8167,-0.2113,0.2369,0.2956,0.3747,0.3981,0.2878,0.196,0.4016,0.4025,0.0,0.1286,-0.0,0.7476,1.045,0.0,2.308,0.0,9.926320674156293e-05,135.1,0.53
3107,1790888836.3940003,-0.4426,0.058,-0.754,-0.1974,0.2776,0.3731,0.3279,0.2728,0.2671,0.1863,0.4061,0.4076,0.0,0.17,-0.0,0.9536,1.038,0.0,2.29,0.0,9.926320674156293e-05,153.2,0.6
3108,1790888836.9726777,-0.4086,0.0509,-0.6167,-0.1656,0.576,0.2942,0.3235,0.2508,0.2383,0.1788,0.3944,0.4269,0.0,0.4008,-0.0,2.1069,1.029,0.0,2.308,0.0,9.926320674156293e-05,210.7,0.57
3109,1790888837.5131009,-0.4519,0.0819,-0.7669,-0.1071,0.3418,0.3931,0.2592,0.3714,0.2483,0.1962,0.3938,0.4101,0.0,0.2521,-0.0,1.3648,1.044,0.0,2.244,0.0,9.926320674156293e-05,102.7,0.53
3110,1790888838.0750196,-0.4515,0.059,-0.8104,-0.161,0.5066,0.347,0.2852,0.3511,0.2678,0.1869,0.3938,0.4194,0.0,0.3608,-0.0,1.9077,1.036,0.0,2.309,0.0,9.926320674156293e-05,116.3,0.55
3111,1790888838.658255,-0.5346,0.0742,-0.9086,-0.2278,0.4233,0.373,0.3444,0.4929,0.3311,0.1876,0.3959,0.4165,0.0,0.2919,-0.0,1.5632,1.038,0.0,2.309,0.0,9.926320674156293e-05,132.5,0.57
3112,1790888839.2754555,-0.3632,0.0398,-0.55,-0.2029,0.3657,0.2683,0.2427,0.2349,0.212,0.1761,0.4034,0.4205,0.0,0.2358,-0.0,1.2821,1.029,0.0,2.288,0.361,9.925701760604115e-05,177.0,0.61
3113,1790888839.7793732,-0.4638,0.061,-0.6588,-0.2489,0.3167,0.3967,0.3316,0.3052,0.2825,0.1955,0.3985,0.406,0.0,0.2049,-0.0,1.1287,1.043,0.0,2.295,0.0,9.925701760604115e-05,112.2,0.5
3114,1790888840.3468513,-0.5339,0.0603,-0.7717,-0.291,0.3506,0.3721,0.3736,0.4654,0.3432,0.201,0.3958,0.4032,0.0,0.2262,-0.0,1.2354,1.047,0.0,2.3,0.0,9.925701760604115e-05,123.9,0.56
3115,1790888840.9066682,-0.4436,0.0532,-0.7476,-0.1575,0.3449,0.359,0.3163,0.2886,0.2726,0.1861,0.4032,0.4108,0.0,0.2334,-0.0,1.2708,1.037,0.0,2.276,0.0,9.925701760604115e-05,146.1,0.55
3116,1790888841.5198228,-0.416,0.0387,-0.7019,-0.263,0.3041,0.2881,0.3167,0.2826,0.2573,0.1811,0.4035,0.4154,0.0,0.2026,-0.0,1.1166,1.034,0.0,2.302,0.0,9.925701760604115e-05,169.6,0.6
3117,1790888842.0921988,-0.4782,0.06,-0.8626,-0.2038,0.3403,0.3291,0.4096,0.3437,0.2981,0.1902,0.3969,0.4129,0.0,0.2559,-0.0,1.3833,1.04,0.0,2.246,0.0,9.925701760604115e-05,94.4,0.57
3118,1790888842.5628748,-0.4671,0.0487,-0.6875,-0.2179,0.2878,0.3645,0.3257,0.3422,0.2969,0.1934,0.4005,0.4061,0.0,0.1947,-0.0,1.0778,1.043,0.0,2.309,0.0,9.925701760604115e-05,137.5,0.46
3119,1790888843.1499588,-0.4616,0.0474,-0.6602,-0.29,0.3488,0.3314,0.3759,0.3059,0.29,0.1888,0.3984,0.4129,0.0,0.2468,-0.0,1.338,1.038,0.0,2.3,0.0,9.925701760604115e-05,133.4,0.58
3120,1790888843.7523332,-0.4264,0.0935,-0.7639,-0.1482,0.2428,0.2386,0.2661,0.4163,0.2267,0.1823,0.4125,0.4052,0.0,0.151,-0.0,0.8585,1.035,0.0,2.243,0.062,9.925080277902743e-05,188.8,0.59
3121,1790888844.2699828,-0.4452,0.0605,-0.6891,-0.2204,0.3395,0.3812,0.3162,0.2809,0.2642,0.195,0.3944,0.4107,0.0,0.2393,-0.0,1.301,1.044,0.0,2.305,0.0,9.925080277902743e-05,115.9,0.51
3122,1790888844.8294537,-0.4985,0.0772,-0.8234,-0.2085,0.4077,0.4294,0.2868,0.4066,0.2868,0.1957,0.3919,0.4124,0.0,0.2944,-0.0,1.576,1.042,0.0,2.304,0.0,9.925080277902743e-05,122.8,0.55
3123,1790888845.3681889,-0.4843,0.0555,-1.31,-0.2004,0.351,0.3315,0.3794,0.3718,0.3039,0.1893,0.401,0.4097,0.0,0.2497,-0.0,1.3522,1.04,0.0,2.305,0.0,9.925080277902743e-05,151.4,0.53
3124,1790888846.0028765,-0.5053,0.1042,-0.9167,-0.2603,0.3039,0.3475,0.2762,0.4932,0.2705,0.1654,0.4067,0.4279,0.0,0.1905,-0.0,1.0543,1.02,0.0,2.29,0.0,9.925080277902743e-05,171.0,0.63
3125,1790888846.5294168,-0.4393,0.0784,-0.7851,-0.0572,0.265,0.254,0.3854,0.3386,0.2378,0.1883,0.3996,0.412,0.0,0.1747,-0.0,0.9774,1.039,0.0,2.302,0.0,9.925080277902743e-05,101.0,0.52
3126,1790888849.557019,-0.5275,0.1274,-0.9174,-0.1795,0.3571,0.5503,0.3375,0.2982,0.2852,0.1988,0.3934,0.4078,0.0,0.2512,-0.0,1.3608,1.046,0.0,2.309,0.0,9.925080277902743e-05,95.0,0.72
3127,1790888850.1684194,-0.4107,0.0468,-0.6155,-0.204,0.3409,0.3197,0.2871,0.2753,0.2512,0.186,0.4015,0.4125,0.0,0.2292,-0.0,1.2497,1.036,0.0,2.309,0.0,9.925080277902743e-05,134.1,0.6
3128,1790888850.7399285,-0.479,0.0638,-0.8342,-0.2258,0.3276,0.3159,0.4281,0.3161,0.2982,0.1868,0.4023,0.4109,0.0,0.2211,-0.0,1.2094,1.038,0.0,2.223,0.215,9.924456226376326e-05,179.9,0.56
3129,1790888851.2774484,-0.52,0.0807,-0.71,-0.1407,0.4866,0.4418,0.3131,0.4254,0.3011,0.179,0.3957,0.4253,0.0,0.3569,-0.0,1.8876,1.029,0.0,2.289,0.0,9.924456226376326e-05,92.2,0.53
3130,1790888851.825941,-0.5617,0.1162,-0.9205,-0.3121,0.3272,0.3955,0.5689,0.3256,0.3245,0.1885,0.4006,0.4109,0.0,0.2127,-0.0,1.1673,1.039,0.0,2.295,0.0,9.924456226376326e-05,117.1,0.54
3131,1790888852.3608181,-0.4255,0.0381,-0.6421,-0.2102,0.2936,0.2717,0.3026,0.3251,0.262,0.1931,0.4033,0.4037,0.0,0.1775,-0.0,0.9919,1.042,0.0,2.309,0.0,9.924456226376326e-05,147.1,0.53
3132,1790888852.937678,-0.3759,0.0611,-0.6449,-0.1437,0.2881,0.2326,0.3064,0.2601,0.2076,0.1746,0.4049,0.4205,0.0,0.181,-0.0,1.0078,1.028,0.0,2.264,0.0,9.924456226376326e-05,170.7,0.57
3133,1790888853.459724,-0.5745,0.0742,-0.9661,-0.2564,0.4679,0.4389,0.5141,0.373,0.3634,0.1945,0.3917,0.4138,0.0,0.4036,-0.0,2.1219,1.042,0.0,2.308,0.0,9.924456226376326e-05,100.9,0.51
3134,1790888853.9792914,-0.4047,0.0527,-0.6403,-0.1517,0.5319,0.3384,0.2725,0.2688,0.2448,0.1865,0.3917,0.4219,0.0,0.374,-0.0,1.9735,1.035,0.0,2.285,0.0,9.924456226376326e-05,128.1,0.51
3135,1790888854.54088,-0.4917,0.047,-0.7339,-0.2732,0.3597,0.4053,0.3464,0.3362,0.3168,0.1843,0.4006,0.4151,0.0,0.2574,-0.0,1.3907,1.036,0.0,2.305,0.0,9.924456226376326e-05,141.4,0.55
3136,1790888855.1529377,-0.3451,0.0287,-0.5266,-0.1514,0.3146,0.217,0.2502,0.2539,0.2097,0.1685,0.4037,0.4278,0.0,0.1945,-0.0,1.075,1.023,0.0,2.308,0.325,9.923829606350362e-05,186.3,0.6
3137,1790888855.6755137,-0.5,0.0607,-0.7251,-0.247,0.3353,0.3368,0.3528,0.4343,0.3134,0.1878,0.4001,0.4121,0.0,0.2309,-0.0,1.2582,1.038,0.0,2.295,0.0,9.923829606350362e-05,103.6,0.51
3138,1790888856.222388,-0.4186,0.0474,-0.6428,-0.1576,0.418,0.3339,0.29,0.2825,0.2611,0.1848,0.3973,0.4178,0.0,0.2811,-0.0,1.509,1.036,0.0,2.282,0.0,9.923829606350362e-05,121.5,0.54
3139,1790888856.7772586,-0.4036,0.0407,-0.6244,-0.2145,0.3136,0.2709,0.2712,0.3209,0.2477,0.1864,0.4023,0.4113,0.0,0.1982,0.0,1.0946,1.038,0.0,2.294,0.0,9.923829606350362e-05,160.4,0.55
3140,1790888857.3639538,-0.429,0.0454,-0.7141,-0.2587,0.264,0.2942,0.2879,0.3507,0.2721,0.1739,0.4095,0.4167,0.0,0.1613,-0.0,0.9093,1.028,0.0,2.308,0.0,9.923829606350362e-05,186.1,0.58
3141,1790888857.8993824,-0.4875,0.0648,-0.7581,-0.1926,0.5449,0.3701,0.4031,0.3058,0.2938,0.1837,0.3896,0.4267,0.0,0.3807,-0.0,2.0069,1.033,0.0,2.309,0.0,9.923829606350362e-05,108.4,0.53
3142,1790888858.4508297,-0.4142,0.0604,-0.6931,-0.1641,0.2722,0.2618,0.2699,0.3482,0.2447,0.1908,0.4001,0.4091,0.0,0.1883,-0.0,1.0456,1.041,0.0,2.309,0.0,9.923829606350362e-05,129.9,0.54
3143,1790888859.0195854,-0.4662,0.0669,-0.8591,-0.3204,0.3025,0.2941,0.4049,0.3246,0.2768,0.1869,0.3989,0.4141,0.0,0.1933,-0.0,1.0705,1.038,0.0,2.308,0.0,9.923829606350362e-05,150.6,0.56
3144,1790888859.6403358,-0.4518,0.0785,-0.7911,-0.2143,0.2652,0.4062,0.2699,0.311,0.2582,0.1783,0.4069,0.4148,0.0,0.173,-0.0,0.9681,1.032,0.0,2.308,0.322,9.923200418151677e-05,168.7,0.61
3145,1790888860.1811347,-0.4589,0.0617,-0.8003,-0.2157,0.3187,0.3476,0.3355,0.3428,0.2836,0.1934,0.3955,0.4111,0.0,0.213,-0.0,1.1694,1.043,0.0,2.303,0.0,9.923200418151677e-05,99.7,0.53
3146,1790888860.7299457,-0.4897,0.0543,-0.8164,-0.2081,0.3176,0.3863,0.3146,0.3939,0.3086,0.1918,0.3995,0.4087,0.0,0.2166,-0.0,1.1871,1.042,0.0,2.287,0.0,9.923200418151677e-05,124.9,0.54
3147,1790888861.2945309,-0.396,0.0559,-0.7622,-0.1811,0.445,0.3258,0.2302,0.2853,0.2302,0.1846,0.3949,0.4205,0.0,0.3025,-0.0,1.6163,1.035,0.0,2.304,0.0,9.923200418151677e-05,142.6,0.56
3148,1790888861.873557,-0.4385,0.0497,-0.7079,-0.2741,0.4192,0.327,0.2649,0.3445,0.2563,0.1675,0.4032,0.4293,0.0,0.2809,-0.0,1.5065,1.021,0.0,2.293,0.0,9.923200418151677e-05,192.5,0.57
3149,1790888862.385622,-0.5095,0.0932,-0.8755,-0.205,0.3513,0.3192,0.4931,0.3518,0.3076,0.1876,0.4032,0.4092,0.0,0.2636,-0.0,1.4217,1.038,0.0,2.275,0.0,9.923200418151677e-05,111.7,0.5
3150,1790888862.9295535,-0.4417,0.0451,-0.6845,-0.1854,0.2555,0.3077,0.3527,0.3112,0.2793,0.1823,0.4019,0.4159,0.0,0.1887,-0.0,1.0469,1.034,0.0,2.298,0.0,9.923200418151677e-05,118.3,0.54
3151,1790888865.8657117,-0.4056,0.0493,-0.6676,-0.1916,0.3159,0.3359,0.2622,0.2788,0.247,0.189,0.401,0.41,0.0,0.2227,-0.0,1.2173,1.038,0.0,2.307,0.0,9.923200418151677e-05,114.6,0.66
3152,1790888866.4227161,-0.4122,0.0611,-0.6364,-0.209,0.2722,0.337,0.2538,0.282,0.2308,0.1819,0.4026,0.4155,0.0,0.1701,-0.0,0.9541,1.034,0.0,2.294,0.457,9.922568662108449e-05,182.1,0.55
3153,1790888866.9323068,-0.477,0.0548,-0.7864,-0.2006,0.4145,0.3615,0.3721,0.3196,0.3007,0.1873,0.3941,0.4186,0.0,0.2788,-0.0,1.4976,1.038,0.0,2.256,0.0,9.922568662108449e-05,97.8,0.5
3154,1790888867.4516387,-0.4743,0.0689,-0.9265,-0.1098,0.3229,0.3003,0.4145,0.3435,0.2874,0.1858,0.3983,0.4159,0.0,0.2195,-0.0,1.2014,1.037,0.0,2.307,0.0,9.922568662108449e-05,121.5,0.51
3155,1790888868.0162294,-0.4153,0.0793,-0.6078,-0.1761,0.2615,0.3586,0.222,0.328,0.222,0.1885,0.4009,0.4107,0.0,0.1678,-0.0,0.9427,1.039,0.0,2.308,0.0,9.922568662108449e-05,132.4,0.56
3156,1790888868.6184814,-0.4007,0.0322,-0.7077,-0.1773,0.3235,0.2971,0.2698,0.2989,0.2609,0.1682,0.4028,0.429,0.0,0.2179,-0.0,1.1915,1.022,0.0,2.309,0.0,9.922568662108449e-05,167.5,0.59
3157,1790888869.1648557,-0.5628,0.0963,-0.8457,-0.2438,0.291,0.3346,0.5057,0.4438,0.3171,0.188,0.3964,0.4156,0.0,0.2049,0.0,1.1285,1.039,0.0,2.307,0.0,9.922568662108449e-05,92.0,0.54
3158,1790888869.6969965,-0.4574,0.044,-0.6177,-0.2158,0.2997,0.3107,0.36,0.3444,0.2978,0.1918,0.3973,0.411,0.0,0.194,-0.0,1.0744,1.042,0.0,2.298,0.0,9.922568662108449e-05,123.6,0.52
3159,1790888870.248851,-0.5325,0.0631,-0.7854,-0.2656,0.3828,0.3365,0.3932,0.4649,0.3317,0.1916,0.4007,0.4077,0.0,0.2526,-0.0,1.3669,1.039,0.0,2.308,0.0,9.922568662108449e-05,132.7,0.54
3160,1790888870.8413343,-0.4823,0.1147,-0.82,-0.0939,0.3517,0.3735,0.4662,0.238,0.2331,0.1742,0.4063,0.4195,0.0,0.2279,-0.0,1.2423,1.027,0.0,2.301,0.38,9.921934338550188e-05,160.8,0.58
3161,1790888871.3075068,-0.491,0.0678,-0.6995,-0.2489,0.3085,0.3638,0.4115,0.2986,0.2911,0.1871,0.398,0.4149,0.0,0.2042,-0.0,1.125,1.037,0.0,2.299,0.0,9.921934338550188e-05,123.7,0.46
3162,1790888871.876736,-0.562,0.0649,-0.8312,-0.3456,0.3115,0.3867,0.5045,0.3885,0.3664,0.185,0.4054,0.4097,0.0,0.2076,-0.0,1.1418,1.035,0.0,2.307,0.0,9.921934338550188e-05,123.1,0.56
3163,1790888872.4457374,-0.3913,0.0388,-0.6711,-0.1421,0.3048,0.2786,0.2615,0.2964,0.2377,0.1848,0.4025,0.4128,0.0,0.1971,-0.0,1.0893,1.036,0.0,2.307,0.0,9.921934338550188e-05,145.5,0.56
3164,1790888873.0310495,-0.515,0.0471,-0.8792,-0.3333,0.331,0.3753,0.3812,0.3939,0.3384,0.1746,0.4049,0.4204,0.0,0.2237,-0.0,1.2212,1.028,0.0,2.3,0.0,9.921934338550188e-05,169.4,0.58
3165,1790888873.5779889,-0.5282,0.1073,-0.8325,-0.2805,0.4791,0.3667,0.3238,0.5223,0.3132,0.1853,0.3916,0.4231,0.0,0.3377,-0.0,1.792,1.035,0.0,2.288,0.0,9.921934338550188e-05,103.5,0.54
3166,1790888874.1278028,-0.4334,0.0721,-0.7604,-0.1636,0.3655,0.2805,0.2803,0.384,0.2455,0.1883,0.3992,0.4126,0.0,0.2341,-0.0,1.2742,1.038,0.0,2.283,0.0,9.921934338550188e-05,125.9,0.54
3167,1790888874.7120676,-0.4704,0.0674,-0.676,-0.2117,0.3105,0.3809,0.3884,0.2739,0.2731,0.1858,0.4064,0.4078,0.0,0.1812,-0.0,1.0097,1.036,0.0,2.296,0.0,9.921934338550188e-05,138.2,0.57
3168,1790888875.3331597,-0.4877,0.0611,-0.9145,-0.1898,0.2913,0.3393,0.3265,0.4344,0.3152,0.1791,0.4052,0.4157,0.0,0.1871,-0.0,1.0386,1.032,0.0,2.299,0.288,9.921297447807744e-05,169.8,0.61
3169,1790888875.9092658,-0.5341,0.0553,-0.8802,-0.3131,0.4955,0.3919,0.4368,0.3917,0.3547,0.178,0.3947,0.4272,0.0,0.3441,-0.0,1.8233,1.029,0.0,2.309,0.0,9.921297447807744e-05,91.8,0.57
3170,1790888876.4701648,-0.3584,0.0471,-0.573,-0.0879,0.3933,0.2845,0.2341,0.2341,0.2087,0.1843,0.4035,0.4122,0.0,0.2393,-0.0,1.3,1.036,0.0,2.298,0.0,9.921297447807744e-05,134.1,0.55
3171,1790888877.0606756,-0.459,0.0588,-0.7885,-0.2267,0.2916,0.3856,0.319,0.3192,0.291,0.1824,0.4068,0.4108,0.0,0.1895,-0.0,1.051,1.034,0.0,2.309,0.0,9.921297447807744e-05,146.4,0.58
3172,1790888877.673857,-0.4476,0.0607,-0.7738,-0.1624,0.3313,0.293,0.3942,0.2807,0.2639,0.1759,0.4067,0.4174,0.0,0.2055,-0.0,1.1304,1.029,0.0,2.305,0.0,9.921297447807744e-05,171.0,0.6
3173,1790888878.217021,-0.5685,0.1297,-0.8325,-0.2491,0.2916,0.5553,0.4673,0.3056,0.3056,0.1894,0.3976,0.413,0.0,0.2051,-0.0,1.1296,1.039,0.0,2.297,0.0,9.921297447807744e-05,94.3,0.53
3174,1790888878.8074043,-0.4309,0.0379,-0.5964,-0.2836,0.3147,0.3191,0.3086,0.3129,0.2745,0.1824,0.3987,0.419,0.0,0.2115,-0.0,1.161,1.034,0.0,2.309,0.0,9.921297447807744e-05,108.3,0.58
3175,1790888879.383037,-0.3901,0.0423,-0.5947,-0.1744,0.2648,0.2447,0.3107,0.2866,0.2385,0.1805,0.4052,0.4143,0.0,0.1604,-0.0,0.9055,1.033,0.0,2.3,0.0,9.921297447807744e-05,134.1,0.57
3176,1790888882.5572243,-0.371,0.0417,-0.65,-0.2112,0.2542,0.2734,0.2264,0.257,0.2159,0.1752,0.4068,0.418,0.0,0.1561,-0.0,0.8832,1.029,0.0,2.289,0.391,9.920657990213307e-05,131.5,0.82
3177,1790888883.069842,-0.4215,0.0811,-0.791,-0.1833,0.2857,0.2999,0.3748,0.2628,0.2369,0.1847,0.4018,0.4135,0.0,0.214,-0.0,1.1734,1.036,0.0,2.299,0.0,9.920657990213307e-05,104.1,0.5
3178,1790888883.6205945,-0.4425,0.0618,-0.7333,-0.1833,0.3345,0.2755,0.353,0.3423,0.2592,0.189,0.4016,0.4094,0.0,0.2364,0.0,1.2856,1.038,0.0,2.307,0.0,9.920657990213307e-05,120.9,0.54
3179,1790888884.1695197,-0.4383,0.0447,-0.599,-0.2397,0.2994,0.3178,0.3008,0.3313,0.2749,0.1856,0.4021,0.4123,0.0,0.1897,-0.0,1.0524,1.037,0.0,2.305,0.0,9.920657990213307e-05,147.7,0.54
3180,1790888884.696668,-0.4237,0.0329,-0.6972,-0.1632,0.2806,0.3033,0.2942,0.3083,0.2715,0.181,0.4056,0.4134,0.0,0.1744,-0.0,0.9756,1.034,0.0,2.307,0.0,9.920657990213307e-05,185.7,0.52
3181,1790888885.2332897,-0.5128,0.0469,-0.6717,-0.3153,0.3166,0.4008,0.3763,0.3874,0.3408,0.189,0.4029,0.4082,0.0,0.1995,-0.0,1.1015,1.04,0.0,2.269,0.0,9.920657990213307e-05,108.5,0.53
3182,1790888885.7839932,-0.4415,0.1056,-0.801,-0.1926,0.3196,0.4504,0.2406,0.2715,0.2293,0.1901,0.4021,0.4077,0.0,0.2161,-0.0,1.1844,1.04,0.0,2.219,0.0,9.920657990213307e-05,125.9,0.54
3183,1790888886.3233886,-0.3478,0.0391,-0.508,-0.2248,0.2386,0.2633,0.2276,0.2187,0.1988,0.1833,0.4083,0.4084,0.0,0.1522,-0.0,0.8645,1.036,0.0,2.309,0.0,9.920657990213307e-05,157.8,0.53
3184,1790888886.9000916,-0.3675,0.0387,-0.5462,-0.2204,0.2024,0.2663,0.2694,0.2229,0.2138,0.1837,0.4119,0.4044,0.0,0.1122,-0.0,0.6646,1.036,0.0,2.309,0.171,9.920015966100405e-05,199.8,0.57
3185,1790888887.4412239,-0.5747,0.0931,-0.9425,-0.2136,0.2998,0.5224,0.3383,0.4645,0.3383,0.1926,0.394,0.4135,0.0,0.2201,-0.0,1.2045,1.042,0.0,2.308,0.0,9.920015966100405e-05,87.9,0.53
3186,1790888887.936618,-0.5244,0.0664,-0.741,-0.1886,0.3181,0.3866,0.4498,0.3468,0.3294,0.1863,0.4012,0.4125,0.0,0.2207,-0.0,1.2074,1.037,0.0,2.306,0.0,9.920015966100405e-05,121.5,0.49
3187,1790888888.485834,-0.4245,0.0354,-0.6794,-0.2452,0.276,0.331,0.3134,0.2946,0.2787,0.1933,0.4025,0.4042,0.0,0.1845,-0.0,1.027,1.042,0.0,2.295,0.0,9.920015966100405e-05,135.9,0.54
3188,1790888889.0876014,-0.3733,0.0239,-0.5684,-0.1691,0.2729,0.2457,0.2694,0.2592,0.2322,0.1684,0.4088,0.4228,0.0,0.1881,-0.0,1.0425,1.023,0.0,2.309,0.0,9.920015966100405e-05,193.0,0.59
3189,1790888889.5626988,-0.5695,0.1146,-0.8435,-0.3373,0.4141,0.3221,0.5637,0.4355,0.3088,0.1845,0.4015,0.4139,0.0,0.2615,-0.0,1.411,1.034,0.0,2.3,0.0,9.920015966100405e-05,120.1,0.47
3190,1790888890.122907,-0.489,0.0941,-0.8542,-0.0672,0.371,0.4552,0.3599,0.2668,0.2668,0.1855,0.3994,0.4151,0.0,0.2553,-0.0,1.3801,1.037,0.0,2.193,0.0,9.920015966100405e-05,122.0,0.55
3191,1790888890.6893425,-0.543,0.1366,-0.8693,-0.2044,0.2346,0.5677,0.2741,0.4097,0.2741,0.1839,0.4076,0.4085,0.0,0.1432,-0.0,0.8198,1.036,0.0,2.267,0.0,9.920015966100405e-05,152.9,0.56
3192,1790888891.2913582,-0.3206,0.0345,-0.5104,-0.1452,0.1978,0.218,0.219,0.2151,0.1867,0.1675,0.4087,0.4238,0.0,0.1313,-0.0,0.7587,1.022,0.0,2.246,0.375,9.919371375803905e-05,178.2,0.6
3193,1790888891.8301485,-0.5499,0.0853,-0.773,-0.2579,0.4485,0.4972,0.3962,0.353,0.325,0.1838,0.3955,0.4206,0.0,0.3146,-0.0,1.6764,1.034,0.0,2.306,0.0,9.919371375803905e-05,104.6,0.53
3194,1790888892.347488,-0.4697,0.0586,-0.8747,-0.2337,0.4435,0.3271,0.3088,0.3979,0.2932,0.1898,0.3971,0.4131,0.0,0.3012,-0.0,1.6099,1.038,0.0,2.309,0.0,9.919371375803905e-05,133.5,0.51
3195,1790888892.9120698,-0.3901,0.0442,-0.7597,-0.1038,0.2755,0.2919,0.2408,0.2978,0.2367,0.1908,0.4029,0.4063,0.0,0.1848,-0.0,1.0281,1.041,0.0,2.26,0.0,9.919371375803905e-05,133.8,0.56
3196,1790888893.5083153,-0.4132,0.0373,-0.6685,-0.0914,0.3225,0.3219,0.2698,0.2966,0.2606,0.1741,0.4069,0.419,0.0,0.2062,0.0,1.1339,1.028,0.0,2.309,0.0,9.919371375803905e-05,187.3,0.59
3197,1790888894.058344,-0.4347,0.0442,-0.6127,-0.1716,0.4074,0.2934,0.3408,0.3043,0.2689,0.1881,0.3934,0.4185,0.0,-0.2172,-0.4967,1.5014,1.037,0.0,7.112,0.0,9.919371375803905e-05,99.1,0.54
3198,1790888894.61223,-0.5206,0.0509,-0.8187,-0.325,0.3461,0.3513,0.3838,0.4315,0.3327,0.1898,0.401,0.4093,0.0,0.2426,-0.0,1.317,1.039,0.0,2.243,0.0,9.919371375803905e-05,126.4,0.54
3199,1790888895.1549456,-0.4402,0.0771,-0.6966,-0.1748,0.2995,0.3281,0.2558,0.3805,0.2498,0.1818,0.4048,0.4133,0.0,0.1931,-0.0,1.0689,1.034,0.0,2.309,0.0,9.919371375803905e-05,157.6,0.53
3200,1790888895.7721791,-0.4077,0.0859,-0.7254,-0.1754,0.5548,0.2167,0.2585,0.3811,0.2149,0.1711,0.3945,0.4343,0.0,0.379,-0.0,1.9972,1.023,0.0,2.304,0.594,9.918724219660013e-05,176.8,0.61
3201,1790888899.040274,-0.4756,0.0598,-0.6806,-0.2504,0.4472,0.335,0.3895,0.3216,0.2875,0.189,0.3908,0.4202,0.0,0.3048,-0.0,1.6279,1.038,0.0,2.281,0.0,9.918724219660013e-05,75.5,0.71
3202,1790888899.6985266,-0.5114,0.0767,-0.7918,-0.2937,0.3474,0.327,0.4699,0.3518,0.3191,0.1942,0.396,0.4098,0.0,0.2291,-0.0,1.2499,1.043,0.0,2.292,0.0,9.918724219660013e-05,107.9,0.65
3203,1790888900.1913564,-0.4773,0.0641,-0.8704,-0.2467,0.3624,0.3573,0.3147,0.396,0.2908,0.1763,0.4022,0.4215,0.0,0.227,-0.0,1.238,1.029,0.0,2.287,0.0,9.918724219660013e-05,173.6,0.48
3204,1790888900.7484787,-0.4247,0.0391,-0.6568,-0.1948,0.3338,0.2978,0.2832,0.3226,0.2576,0.1738,0.4064,0.4198,0.0,0.2242,-0.0,1.2238,1.027,0.0,2.309,0.0,9.918724219660013e-05,193.5,0.55
3205,1790888901.263424,-0.4817,0.054,-0.722,-0.2789,0.3095,0.3251,0.3459,0.398,0.2993,0.1885,0.3989,0.4126,0.0,0.2129,-0.0,1.1683,1.039,0.0,2.309,0.0,9.918724219660013e-05,100.2,0.51
3206,1790888901.8096304,-0.5194,0.0538,-0.775,-0.2972,0.4606,0.3671,0.356,0.4344,0.3323,0.1868,0.3931,0.4201,0.0,0.3201,-0.0,1.7039,1.035,0.0,2.302,0.0,9.918724219660013e-05,119.4,0.54
3207,1790888902.3918526,-0.4223,0.0433,-0.6454,-0.2038,0.2678,0.3133,0.2869,0.3378,0.2702,0.1796,0.4087,0.4118,0.0,0.1741,-0.0,0.9738,1.033,0.0,2.303,0.0,9.918724219660013e-05,144.4,0.57
3208,1790888903.0082505,-0.3732,0.0453,-0.8113,-0.1557,0.2505,0.2521,0.2961,0.2357,0.2221,0.1749,0.4089,0.4162,0.0,0.1565,-0.0,0.8853,1.029,0.0,2.309,0.47,9.918074498006276e-05,175.4,0.61
3209,1790888903.5387948,-0.5245,0.0527,-0.7426,-0.2841,0.474,0.3517,0.4358,0.3978,0.3365,0.1869,0.389,0.4241,0.0,0.3704,-0.0,1.9556,1.036,0.0,2.292,0.0,9.918074498006276e-05,91.3,0.52
3210,1790888904.0665317,-0.5334,0.0693,-0.7649,-0.2702,0.3747,0.3711,0.4423,0.3989,0.3344,0.1892,0.3998,0.4109,0.0,0.249,-0.0,1.3486,1.038,0.0,2.288,0.0,9.918074498006276e-05,126.6,0.52
3211,1790888904.6551123,-0.4714,0.0813,-0.79,-0.2071,0.4329,0.267,0.4347,0.3499,0.266,0.178,0.3999,0.4221,0.0,0.2984,-0.0,1.5949,1.03,0.0,2.305,0.0,9.918074498006276e-05,139.8,0.58
3212,1790888905.238242,-0.4543,0.05,-0.7885,-0.1978,0.2565,0.3628,0.3388,0.3109,0.285,0.1745,0.4114,0.4141,0.0,0.1635,-0.0,0.9201,1.029,0.0,2.291,0.0,9.918074498006276e-05,190.1,0.58
3213,1790888905.786399,-0.6139,0.0449,-1.15,-0.3903,0.3549,0.4563,0.5167,0.4699,0.4387,0.1938,0.3948,0.4115,0.0,0.2032,-0.0,1.1201,1.043,0.0,2.292,0.0,9.918074498006276e-05,89.2,0.54
3214,1790888906.33121,-0.463,0.0801,-0.85,-0.0869,0.2213,0.2871,0.3216,0.4273,0.2637,0.1885,0.4046,0.4068,0.0,0.1399,-0.0,0.8034,1.039,0.0,2.287,0.0,9.918074498006276e-05,122.0,0.54
3215,1790888906.877032,-0.4742,0.0484,-0.6988,-0.2611,0.3329,0.3671,0.3244,0.3513,0.2972,0.19,0.4006,0.4093,0.0,0.2245,0.0,1.2266,1.04,0.0,2.309,0.0,9.918074498006276e-05,138.0,0.54
3216,1790888907.501845,-0.4375,0.0284,-0.6062,-0.1879,0.3248,0.2981,0.3308,0.3102,0.2831,0.1766,0.404,0.4193,0.0,0.2101,-0.0,1.1537,1.029,0.0,2.301,0.619,9.917422211181571e-05,153.6,0.62
3217,1790888908.0193994,-0.4453,0.0541,-0.7245,-0.1839,0.2813,0.3544,0.2886,0.3385,0.2721,0.1887,0.4018,0.4094,0.0,0.1836,-0.0,1.0221,1.039,0.0,2.295,0.0,9.917422211181571e-05,103.4,0.51
3218,1790888908.5711756,-0.4919,0.0682,-0.8679,-0.2587,0.3726,0.3784,0.4241,0.2898,0.2898,0.1909,0.3979,0.4112,0.0,0.247,-0.0,1.339,1.041,0.0,2.28,0.0,9.917422211181571e-05,126.1,0.54
3219,1790888909.1604278,-0.4275,0.0561,-0.6965,-0.1477,0.2595,0.2552,0.3447,0.3234,0.253,0.1805,0.4083,0.4111,0.0,0.1532,-0.0,0.8691,1.033,0.0,2.306,0.0,9.917422211181571e-05,146.9,0.58
3220,1790888909.7510955,-0.4537,0.1262,-1.0045,-0.1514,0.224,0.3068,0.2154,0.4791,0.2154,0.1782,0.4104,0.4114,0.0,0.134,-0.0,0.773,1.031,0.0,2.232,0.0,9.917422211181571e-05,183.9,0.58
3221,1790888910.2809563,-0.4683,0.0703,-0.847,-0.2593,0.4107,0.3908,0.3653,0.275,0.275,0.1829,0.3958,0.4213,0.0,0.2691,-0.0,1.4489,1.034,0.0,2.309,0.0,9.917422211181571e-05,98.4,0.52
3222,1790888910.8332248,-0.5113,0.0832,-0.7336,-0.2125,0.3812,0.3704,0.3143,0.4534,0.2891,0.1833,0.3956,0.4212,0.0,0.2755,-0.0,1.4808,1.035,0.0,2.305,0.0,9.917422211181571e-05,115.2,0.54
3223,1790888911.3333259,-0.4773,0.0418,-0.7511,-0.2925,0.3108,0.3371,0.3259,0.3963,0.3105,0.191,0.4022,0.4068,0.0,0.1905,-0.0,1.0566,1.04,0.0,2.306,0.0,9.917422211181571e-05,160.1,0.49
3224,1790888911.9020724,-0.4826,0.0806,-0.7333,-0.212,0.3094,0.4486,0.3141,0.2975,0.284,0.1734,0.4081,0.4185,0.0,0.1926,-0.0,1.0658,1.027,0.0,2.306,0.373,9.91676735952612e-05,179.7,0.56
3225,1790888912.4426217,-0.5471,0.0506,-0.7333,-0.3683,0.309,0.4108,0.4001,0.4442,0.358,0.1911,0.4007,0.4082,0.0,0.2253,-0.0,1.2306,1.041,0.0,2.254,0.0,9.91676735952612e-05,96.6,0.53
3226,1790888915.6106088,-0.4841,0.0886,-0.7908,-0.2288,0.3407,0.3678,0.2724,0.4436,0.2678,0.1885,0.4013,0.4102,0.0,0.2128,-0.0,1.1677,1.038,0.0,2.25,0.0,9.91676735952612e-05,83.6,0.85
3227,1790888916.1609828,-0.4615,0.0461,-0.6769,-0.1736,0.2737,0.3152,0.3784,0.3311,0.296,0.1839,0.4057,0.4104,0.0,0.1892,-0.0,1.0494,1.036,0.0,2.306,0.0,9.91676735952612e-05,155.3,0.54
3228,1790888916.7346406,-0.4789,0.0588,-0.8403,-0.2107,0.3416,0.4021,0.3205,0.3382,0.3018,0.1768,0.4036,0.4196,0.0,0.2315,-0.0,1.2603,1.03,0.0,2.29,0.0,9.91676735952612e-05,191.6,0.57
3229,1790888917.2761464,-0.4528,0.0535,-0.701,-0.152,0.3559,0.3396,0.3024,0.3511,0.2788,0.1899,0.3964,0.4137,0.0,0.2397,-0.0,1.3023,1.039,0.0,2.308,0.0,9.91676735952612e-05,102.2,0.53
3230,1790888917.759658,-0.4837,0.0882,-0.7432,-0.1544,0.3325,0.3208,0.4657,0.3125,0.2804,0.1896,0.4013,0.4091,0.0,0.2186,-0.0,1.1971,1.039,0.0,2.282,0.0,9.91676735952612e-05,146.4,0.47
3231,1790888918.3304465,-0.4487,0.0591,-0.8583,-0.2053,0.5107,0.3133,0.2749,0.382,0.2635,0.181,0.3922,0.4267,0.0,0.364,-0.0,1.9232,1.032,0.0,2.304,0.0,9.91676735952612e-05,140.1,0.56
3232,1790888918.9198303,-0.4162,0.0388,-0.7141,-0.2542,0.3204,0.3119,0.291,0.2779,0.2561,0.1767,0.405,0.4183,0.0,0.2096,-0.0,1.1508,1.03,0.0,2.309,0.342,9.916109943381481e-05,160.3,0.58
3233,1790888919.479496,-0.556,0.0983,-0.9278,-0.3556,0.3505,0.3722,0.3757,0.5431,0.3444,0.187,0.4001,0.413,0.0,0.2404,-0.0,1.306,1.038,0.0,2.302,0.0,9.916109943381481e-05,93.9,0.55
3234,1790888920.0291395,-0.5031,0.0999,-0.7849,-0.2448,0.3452,0.48,0.3702,0.2711,0.2701,0.1868,0.4028,0.4105,0.0,0.2538,-0.0,1.3725,1.037,0.0,2.295,0.0,9.916109943381481e-05,123.0,0.54
3235,1790888920.6296573,-0.4556,0.0466,-0.7843,-0.2277,0.3034,0.3193,0.3688,0.3131,0.2841,0.1848,0.4102,0.4049,0.0,0.2374,-0.0,1.2907,1.037,0.0,2.309,0.0,9.916109943381481e-05,143.6,0.59
3236,1790888921.2014933,-0.4226,0.0408,-0.7235,-0.2229,0.3405,0.3409,0.2711,0.2867,0.2576,0.1771,0.4047,0.4182,0.0,0.2173,-0.0,1.1894,1.031,0.0,2.304,0.0,9.916109943381481e-05,188.8,0.56
3237,1790888921.7556021,-0.4749,0.0498,-0.7437,-0.1634,0.5843,0.3239,0.3914,0.3532,0.3049,0.1849,0.3866,0.4285,0.0,0.4314,-0.0,2.2603,1.033,0.0,2.278,0.0,9.916109943381481e-05,88.2,0.55
3238,1790888922.2465937,-0.5019,0.0369,-0.7771,-0.2504,0.439,0.3692,0.3374,0.3921,0.3237,0.1863,0.3974,0.4163,0.0,0.294,-0.0,1.5739,1.037,0.0,2.299,0.0,9.916109943381481e-05,133.2,0.48
3239,1790888922.810176,-0.3858,0.0431,-0.8242,-0.0871,0.3334,0.2748,0.3025,0.2655,0.2417,0.1881,0.4022,0.4097,0.0,0.2386,-0.0,1.2966,1.039,0.0,2.305,0.0,9.916109943381481e-05,134.0,0.55
3240,1790888923.4679463,-0.4465,0.0637,-0.8063,-0.1858,0.3194,0.3882,0.3106,0.2812,0.2674,0.1628,0.4084,0.4288,0.0,0.1947,-0.0,1.0752,1.017,0.0,2.305,0.28,9.91544996309055e-05,151.2,0.65
3241,1790888924.011447,-0.4899,0.1184,-0.9041,-0.2154,0.4195,0.4917,0.2627,0.3521,0.2599,0.188,0.4016,0.4103,0.0,0.2725,-0.0,1.4661,1.037,0.0,2.309,0.0,9.91544996309055e-05,106.8,0.53
3242,1790888924.5405002,-0.4916,0.0405,-0.7815,-0.2765,0.2771,0.3772,0.3526,0.3892,0.3283,0.1907,0.4036,0.4057,0.0,0.1844,-0.0,1.0261,1.041,0.0,2.308,0.0,9.91544996309055e-05,131.9,0.52
3243,1790888925.1173804,-0.3878,0.0489,-0.5729,-0.1865,0.3488,0.2788,0.2389,0.3003,0.2282,0.191,0.4012,0.4078,0.0,0.2329,-0.0,1.2682,1.039,0.0,2.308,0.0,9.91544996309055e-05,138.2,0.57
3244,1790888925.696082,-0.3897,0.0424,-0.5883,-0.1692,0.2286,0.276,0.2948,0.2352,0.2212,0.1736,0.4142,0.4121,0.0,0.14,-0.0,0.8028,1.028,0.0,2.271,0.0,9.91544996309055e-05,179.2,0.57
3245,1790888926.1727858,-0.467,0.078,-0.6787,-0.23,0.2684,0.3087,0.4215,0.3105,0.275,0.1895,0.4024,0.4082,0.0,0.18,-0.0,1.0041,1.041,0.0,2.296,0.0,9.91544996309055e-05,107.3,0.47
3246,1790888926.7158191,-0.4979,0.0511,-0.8493,-0.1793,0.3153,0.3624,0.3328,0.4254,0.3166,0.1867,0.4025,0.4108,0.0,0.2171,-0.0,1.1893,1.038,0.0,2.309,0.0,9.91544996309055e-05,120.4,0.53
3247,1790888927.2806573,-0.4658,0.0489,-0.7103,-0.2233,0.3399,0.3597,0.3242,0.3335,0.2888,0.1825,0.4066,0.4109,0.0,0.2292,-0.0,1.2493,1.034,0.0,2.302,0.0,9.91544996309055e-05,152.8,0.56
3248,1790888927.881386,-0.4214,0.055,-0.6274,-0.1577,0.2491,0.2669,0.2709,0.3614,0.2475,0.1783,0.4128,0.4089,0.0,0.1724,-0.0,0.965,1.031,0.0,2.308,0.417,9.914787418997558e-05,195.6,0.59
3249,1790888928.4296906,-0.5747,0.0723,-0.8833,-0.1917,0.3852,0.4145,0.5267,0.3948,0.3697,0.1832,0.3999,0.4169,0.0,0.3278,-0.0,1.7422,1.034,0.0,2.262,0.0,9.914787418997558e-05,91.1,0.54
3250,1790888929.007025,-0.5049,0.0614,-0.9,-0.2706,0.282,0.3834,0.4194,0.3442,0.3191,0.1872,0.4045,0.4084,0.0,0.178,-0.0,0.9938,1.038,0.0,2.276,0.0,9.914787418997558e-05,115.0,0.57
3251,1790888932.1264977,-0.4624,0.1058,-0.9203,-0.1841,0.3216,0.2577,0.3016,0.4721,0.2555,0.1834,0.4127,0.4039,0.0,0.2072,0.0,1.1393,1.035,0.0,2.271,0.0,9.914787418997558e-05,111.2,0.7
3252,1790888932.6733162,-0.4465,0.0633,-0.7089,-0.2032,0.2999,0.2888,0.3909,0.2807,0.2654,0.1712,0.4126,0.4162,0.0,0.1901,-0.0,1.0532,1.025,0.0,2.305,0.0,9.914787418997558e-05,220.6,0.54
3253,1790888933.180306,-0.5643,0.1185,-0.8916,-0.3141,0.4307,0.4093,0.5783,0.3208,0.3208,0.1833,0.4001,0.4166,0.0,0.2781,-0.0,1.4939,1.034,0.0,2.243,0.0,9.914787418997558e-05,111.6,0.5
3254,1790888933.696441,-0.4823,0.0708,-0.9735,-0.2247,0.3061,0.4389,0.3294,0.2977,0.2905,0.1902,0.4063,0.4035,0.0,0.1912,-0.0,1.0599,1.04,0.0,2.295,0.0,9.914787418997558e-05,145.0,0.51
3255,1790888934.2470298,-0.4607,0.0725,-0.9203,-0.1462,0.2895,0.2818,0.4225,0.322,0.274,0.1809,0.4135,0.4056,0.0,0.1795,-0.0,1.0009,1.034,0.0,2.309,0.0,9.914787418997558e-05,172.7,0.54
3256,1790888934.8429904,-0.4747,0.0741,-0.863,-0.2721,0.2622,0.4324,0.3057,0.289,0.2736,0.171,0.4159,0.4132,0.0,0.1755,-0.0,0.9799,1.026,0.0,2.307,0.776,9.914122311448078e-05,190.2,0.59
3257,1790888935.379606,-0.471,0.0499,-0.6507,-0.2455,0.4467,0.3947,0.3077,0.3359,0.2977,0.1821,0.3965,0.4214,0.0,0.3317,-0.0,1.7616,1.033,0.0,2.288,0.0,9.914122311448078e-05,96.0,0.53
3258,1790888935.9229136,-0.4823,0.1239,-0.8574,-0.2542,0.3414,0.483,0.2386,0.3301,0.2325,0.1819,0.4088,0.4093,0.0,0.2196,-0.0,1.2014,1.034,0.0,2.293,0.0,9.914122311448078e-05,136.5,0.54
3259,1790888936.4456155,-0.4443,0.0409,-0.7043,-0.1694,0.3759,0.3202,0.3233,0.3214,0.2803,0.1809,0.4076,0.4115,0.0,0.2424,-0.0,1.3152,1.033,0.0,2.299,0.0,9.914122311448078e-05,169.6,0.51
3260,1790888937.00108,-0.4141,0.0291,-0.6335,-0.2323,0.2974,0.3099,0.3,0.2902,0.27,0.1757,0.4111,0.4132,0.0,0.198,-0.0,1.0928,1.03,0.0,2.308,0.0,9.914122311448078e-05,182.9,0.55
3261,1790888937.5452442,-0.6132,0.1183,-0.8615,-0.3069,0.3754,0.3927,0.4269,0.6242,0.381,0.1827,0.3982,0.4191,0.0,0.2924,-0.0,1.5652,1.034,0.0,2.259,0.0,9.914122311448078e-05,104.7,0.54
3262,1790888938.0884404,-0.5025,0.0621,-0.7106,-0.2913,0.2656,0.4113,0.2912,0.399,0.2912,0.1846,0.4047,0.4107,0.0,0.1664,-0.0,0.9357,1.037,0.0,2.306,0.0,9.914122311448078e-05,128.2,0.53
3263,1790888938.665058,-0.4704,0.0717,-0.8316,-0.2636,0.3596,0.2817,0.3666,0.3885,0.2729,0.1895,0.405,0.4055,0.0,0.2374,0.0,1.291,1.038,0.0,2.304,0.0,9.914122311448078e-05,138.9,0.57
3264,1790888939.23688,-0.4388,0.0538,-0.7593,-0.269,0.2611,0.2681,0.3291,0.3565,0.2616,0.1759,0.413,0.4112,0.0,0.1621,-0.0,0.9135,1.03,0.0,2.308,0.557,9.913454640789013e-05,181.8,0.56
3265,1790888939.736368,-0.5937,0.0499,-0.9,-0.3561,0.4221,0.4733,0.4341,0.4653,0.407,0.1892,0.3975,0.4132,0.0,0.3278,-0.0,1.7429,1.037,0.0,2.303,0.0,9.913454640789013e-05,115.4,0.49
3266,1790888940.3096886,-0.477,0.0579,-0.7855,-0.2449,0.3342,0.317,0.3436,0.3851,0.2847,0.1873,0.4084,0.4043,0.0,0.2353,-0.0,1.2803,1.038,0.0,2.307,0.0,9.913454640789013e-05,126.5,0.57
3267,1790888940.870653,-0.4443,0.0647,-0.8559,-0.2069,0.2733,0.2736,0.382,0.2946,0.2603,0.1856,0.4124,0.402,0.0,0.2416,-0.0,1.3117,1.036,0.0,2.309,0.0,9.913454640789013e-05,142.8,0.55
3268,1790888941.432214,-0.5433,0.1161,-0.9608,-0.2579,0.2783,0.358,0.3263,0.5489,0.3067,0.1749,0.4139,0.4112,0.0,0.1772,-0.0,0.989,1.028,0.0,2.306,0.0,9.913454640789013e-05,178.8,0.55
3269,1790888941.9765928,-0.4778,0.0928,-0.7429,-0.1917,0.3113,0.2611,0.4484,0.3558,0.2571,0.1881,0.405,0.4069,0.0,0.1943,-0.0,1.0752,1.038,0.0,2.303,0.0,9.913454640789013e-05,92.7,0.54
3270,1790888942.5330153,-0.4461,0.0413,-0.5906,-0.2906,0.3419,0.3185,0.3447,0.3206,0.2869,0.1789,0.4087,0.4125,0.0,0.2371,-0.0,1.2888,1.032,0.0,2.284,0.0,9.913454640789013e-05,119.3,0.55
3271,1790888943.0857532,-0.5079,0.0543,-0.8079,-0.2889,0.29,0.3488,0.4238,0.3609,0.3315,0.1764,0.4144,0.4092,0.0,0.1846,-0.0,1.026,1.03,0.0,2.281,0.0,9.913454640789013e-05,156.2,0.54
3272,1790888943.681153,-0.4334,0.0415,-0.7228,-0.2005,0.3417,0.2979,0.3353,0.2941,0.2657,0.1772,0.4127,0.4101,0.0,0.2176,-0.0,1.1908,1.03,0.0,2.308,0.537,9.91278440736861e-05,192.6,0.59
3273,1790888944.1922545,-0.539,0.0863,-0.8275,-0.2301,0.3871,0.4979,0.3709,0.3576,0.3256,0.1854,0.4018,0.4129,0.0,0.2734,-0.0,1.4706,1.037,0.0,2.304,0.0,9.91278440736861e-05,100.9,0.5
3274,1790888944.7326212,-0.4973,0.1238,-0.8824,-0.2196,0.3306,0.2909,0.5197,0.2944,0.2679,0.1872,0.4029,0.4099,0.0,0.2125,0.0,1.1665,1.039,0.0,2.053,0.0,9.91278440736861e-05,127.0,0.53
3275,1790888945.3105714,-0.4179,0.0585,-0.5912,-0.2727,0.3025,0.3504,0.2506,0.2897,0.2394,0.1878,0.4075,0.4047,0.0,0.1788,-0.0,0.9978,1.038,0.0,2.285,0.0,9.91278440736861e-05,142.7,0.57
3276,1790888948.3206537,-0.3949,0.0511,-0.683,-0.1547,0.3007,0.2365,0.2877,0.3055,0.2253,0.1748,0.4119,0.4133,0.0,0.1882,-0.0,1.0437,1.029,0.0,2.292,0.0,9.91278440736861e-05,146.7,0.7
3277,1790888948.8706446,-0.4532,0.0865,-0.8687,-0.1214,0.4804,0.2689,0.4234,0.3028,0.2525,0.181,0.3977,0.4213,0.0,0.3352,-0.0,1.7789,1.031,0.0,2.308,0.0,9.91278440736861e-05,98.0,0.54
3278,1790888949.3701634,-0.5016,0.0683,-0.9395,-0.2417,0.3208,0.3963,0.348,0.3891,0.3117,0.1846,0.4023,0.4131,0.0,0.2241,-0.0,1.224,1.036,0.0,2.28,0.0,9.91278440736861e-05,131.3,0.49
3279,1790888949.9271526,-0.4842,0.0363,-0.8038,-0.2815,0.3536,0.3543,0.3695,0.364,0.3219,0.1828,0.4094,0.4078,0.0,0.2285,-0.0,1.246,1.034,0.0,2.309,0.0,9.91278440736861e-05,148.2,0.55
3280,1790888950.5493839,-0.4171,0.0511,-0.85,-0.1861,0.3283,0.2611,0.2929,0.3276,0.2505,0.176,0.4126,0.4114,0.0,0.213,-0.0,1.168,1.029,0.0,2.275,0.297,9.912111611536448e-05,162.2,0.61
3281,1790888951.1335692,-0.5723,0.0787,-0.9071,-0.3222,0.3852,0.3722,0.4919,0.4497,0.3517,0.1843,0.4023,0.4134,0.0,0.2723,-0.0,1.4651,1.035,0.0,2.309,0.0,9.912111611536448e-05,93.3,0.58
3282,1790888951.6850507,-0.4725,0.0795,-0.7007,-0.2953,0.4412,0.4249,0.3533,0.2789,0.2768,0.182,0.4052,0.4128,0.0,0.2922,-0.0,1.5646,1.034,0.0,2.309,0.0,9.912111611536448e-05,128.4,0.54
3283,1790888952.2619107,-0.4643,0.0559,-0.7613,-0.2649,0.3614,0.291,0.3692,0.3797,0.2826,0.1825,0.4094,0.4081,0.0,0.254,-0.0,1.3735,1.034,0.0,2.287,0.0,9.912111611536448e-05,144.5,0.57
3284,1790888952.8418443,-0.5031,0.086,-0.7707,-0.2149,0.2817,0.425,0.2655,0.425,0.2655,0.1779,0.4138,0.4083,0.0,0.1743,-0.0,0.9747,1.032,0.0,2.299,0.0,9.912111611536448e-05,180.4,0.57
3285,1790888953.3828363,-0.4852,0.0411,-0.6794,-0.3314,0.3962,0.3888,0.355,0.34,0.3235,0.1885,0.4009,0.4106,0.0,0.2771,-0.0,1.4894,1.039,0.0,2.241,0.0,9.912111611536448e-05,104.7,0.53
3286,1790888953.9456594,-0.3986,0.0416,-0.6101,-0.2075,0.2761,0.28,0.3024,0.2692,0.2445,0.1834,0.4111,0.4055,0.0,0.1874,-0.0,1.0407,1.036,0.0,2.301,0.0,9.912111611536448e-05,123.1,0.55
3287,1790888954.4972882,-0.4186,0.0663,-0.6852,-0.1813,0.2992,0.38,0.2589,0.2752,0.2447,0.1836,0.4126,0.4038,0.0,0.171,-0.0,0.9586,1.035,0.0,2.219,0.0,9.912111611536448e-05,157.7,0.54
3288,1790888955.1549256,-0.4027,0.03,-0.6903,-0.2365,0.2273,0.2705,0.2875,0.2988,0.256,0.1757,0.4144,0.4099,0.0,0.1456,-0.0,0.8311,1.03,0.0,2.305,0.24,9.911436253643445e-05,175.8,0.65
3289,1790888955.670819,-0.5227,0.096,-0.8643,-0.2856,0.3735,0.5007,0.327,0.366,0.3114,0.1863,0.4033,0.4103,0.0,0.2297,-0.0,1.2521,1.037,0.0,2.245,0.0,9.911436253643445e-05,108.3,0.51
3290,1790888956.2001193,-0.4761,0.0932,-0.8167,-0.2148,0.3269,0.4448,0.3521,0.263,0.2602,0.1881,0.41,0.4019,0.0,0.2172,-0.0,1.1899,1.038,0.0,2.267,0.0,9.911436253643445e-05,131.1,0.52
3291,1790888956.681116,-0.4189,0.0428,-0.7534,-0.1648,0.2526,0.2938,0.3298,0.2903,0.2637,0.186,0.4114,0.4026,0.0,0.1636,-0.0,0.9214,1.036,0.0,2.298,0.0,9.911436253643445e-05,175.6,0.47
3292,1790888957.2946737,-0.453,0.0491,-0.7303,-0.2423,0.278,0.34,0.328,0.3057,0.272,0.1692,0.4181,0.4126,0.0,0.1759,-0.0,0.9818,1.023,0.0,2.306,0.0,9.911436253643445e-05,179.5,0.6
3293,1790888957.83612,-0.6127,0.0654,-0.8881,-0.3549,0.3541,0.4647,0.4912,0.4683,0.4057,0.1959,0.3992,0.405,0.0,0.2446,-0.0,1.3273,1.044,0.0,2.3,0.0,9.911436253643445e-05,90.9,0.53
3294,1790888958.414628,-0.4411,0.062,-0.6757,-0.2742,0.3735,0.3835,0.2877,0.2875,0.2636,0.1854,0.406,0.4086,0.0,0.2501,-0.0,1.3541,1.036,0.0,2.289,0.0,9.911436253643445e-05,107.7,0.57
3295,1790888959.0171604,-0.4325,0.0456,-0.6283,-0.1513,0.3079,0.3231,0.3246,0.2834,0.2665,0.1867,0.4042,0.4091,0.0,0.2054,-0.0,1.1308,1.038,0.0,2.281,0.0,9.911436253643445e-05,124.5,0.59
3296,1790888959.6062152,-0.4089,0.0633,-0.6368,-0.0465,0.2512,0.3133,0.3364,0.2252,0.2237,0.1785,0.4159,0.4056,0.0,0.1599,-0.0,0.9026,1.032,0.0,2.307,0.862,9.910758334041852e-05,169.5,0.58
3297,1790888960.188318,-0.6238,0.0759,-0.8919,-0.3113,0.4343,0.4283,0.5274,0.5076,0.4055,0.1894,0.4041,0.4065,0.0,0.3172,-0.0,1.6899,1.039,0.0,2.297,0.0,9.910758334041852e-05,97.3,0.57
3298,1790888960.7617745,-0.468,0.0494,-0.7538,-0.2948,0.3111,0.3739,0.3401,0.3255,0.2963,0.1827,0.4088,0.4085,0.0,0.197,-0.0,1.0887,1.035,0.0,2.271,0.0,9.910758334041852e-05,132.0,0.57
3299,1790888961.3065352,-0.4862,0.0649,-0.8817,-0.1606,0.2437,0.4258,0.3035,0.3604,0.2989,0.187,0.408,0.405,0.0,0.1592,-0.0,0.8998,1.039,0.0,2.27,0.0,9.910758334041852e-05,157.2,0.54
3300,1790888961.927239,-0.419,0.0318,-0.6358,-0.165,0.2388,0.3017,0.2869,0.3114,0.2697,0.1771,0.4171,0.4058,0.0,0.1519,0.0,0.8628,1.03,0.0,2.304,0.0,9.910758334041852e-05,171.5,0.61
3301,1790888965.1768684,-0.4652,0.0852,-0.6935,-0.1611,0.3606,0.4211,0.3563,0.2454,0.2454,0.193,0.4059,0.4011,0.0,0.2471,-0.0,1.3397,1.042,0.0,2.267,0.0,9.910758334041852e-05,69.8,0.74
3302,1790888965.7237968,-0.4594,0.0584,-0.7301,-0.2262,0.3912,0.3225,0.3979,0.2896,0.2793,0.1869,0.4061,0.407,0.0,0.2501,-0.0,1.3544,1.038,0.0,2.293,0.0,9.910758334041852e-05,121.7,0.54
3303,1790888966.2878737,-0.3844,0.0572,-0.7253,-0.1203,0.298,0.306,0.2768,0.2243,0.2147,0.1871,0.4083,0.4046,0.0,0.1844,-0.0,1.0259,1.037,0.0,2.294,0.0,9.910758334041852e-05,144.7,0.56
3304,1790888966.8950884,-0.375,0.0661,-0.7421,-0.1292,0.2572,0.2229,0.3283,0.222,0.2001,0.1773,0.4126,0.4101,0.0,0.1554,-0.0,0.88,1.031,0.0,2.231,0.564,9.910077853085263e-05,170.5,0.6
3305,1790888967.435975,-0.4328,0.0785,-0.6885,-0.2457,0.2916,0.2366,0.3005,0.387,0.2255,0.186,0.405,0.409,0.0,0.1836,-0.0,1.0219,1.037,0.0,2.304,0.0,9.910077853085263e-05,103.4,0.53
3306,1790888968.0032063,-0.423,0.0278,-0.6572,-0.232,0.3331,0.3024,0.3142,0.2921,0.2707,0.1888,0.404,0.4072,0.0,0.2151,-0.0,1.1793,1.039,0.0,2.309,0.0,9.910077853085263e-05,122.1,0.56
3307,1790888968.5766137,-0.4499,0.05,-0.6783,-0.2273,0.2814,0.352,0.2848,0.3401,0.2733,0.1852,0.4108,0.404,0.0,0.1809,-0.0,1.008,1.037,0.0,2.303,0.0,9.910077853085263e-05,136.0,0.57
3308,1790888969.161689,-0.3526,0.0492,-0.6778,-0.1781,0.251,0.2416,0.2943,0.207,0.1977,0.1818,0.4109,0.4073,0.0,0.148,-0.0,0.8436,1.034,0.0,2.309,0.0,9.910077853085263e-05,164.6,0.58
3309,1790888969.7300417,-0.5084,0.0419,-0.8253,-0.1156,0.3839,0.3755,0.3883,0.3939,0.3447,0.191,0.402,0.407,0.0,0.298,-0.0,1.5942,1.04,0.0,2.308,0.0,9.910077853085263e-05,95.6,0.56
3310,1790888970.26006,-0.4963,0.0421,-0.7367,-0.3198,0.4306,0.3542,0.3808,0.3645,0.3254,0.1911,0.3996,0.4092,0.0,0.2956,-0.0,1.5822,1.04,0.0,2.283,0.0,9.910077853085263e-05,115.7,0.52
3311,1790888970.8217611,-0.3857,0.0548,-0.5649,-0.0729,0.3287,0.241,0.3239,0.2445,0.2175,0.1797,0.4084,0.4119,0.0,0.2128,-0.0,1.167,1.032,0.0,2.297,0.0,9.910077853085263e-05,138.0,0.55
3312,1790888971.437743,-0.4936,0.0439,-0.7472,-0.3081,0.3021,0.3354,0.3781,0.3823,0.3146,0.1705,0.4172,0.4122,0.0,0.2019,-0.0,1.1119,1.024,0.0,2.289,0.444,9.909394811128598e-05,178.7,0.61
3313,1790888971.9519434,-0.4725,0.0506,-0.7303,-0.2763,0.3156,0.3516,0.3339,0.3707,0.3083,0.1816,0.4046,0.4139,0.0,0.2251,-0.0,1.2288,1.033,0.0,2.309,0.0,9.909394811128598e-05,105.4,0.51
3314,1790888972.4782364,-0.4997,0.0634,-0.6904,-0.2385,0.302,0.4257,0.3738,0.3231,0.3103,0.1909,0.4023,0.4068,0.0,0.203,-0.0,1.119,1.04,0.0,2.308,0.0,9.909394811128598e-05,119.9,0.52
3315,1790888973.0437353,-0.4481,0.0532,-0.79,-0.0962,0.3635,0.2929,0.3533,0.3425,0.2814,0.1812,0.4046,0.4142,0.0,0.2527,-0.0,1.3667,1.033,0.0,2.309,0.0,9.909394811128598e-05,132.9,0.55
3316,1790888973.671946,-0.4624,0.0528,-0.6955,-0.3341,0.2934,0.3634,0.3531,0.2737,0.2706,0.1686,0.407,0.4244,0.0,0.2071,-0.0,1.1378,1.023,0.0,2.306,0.0,9.909394811128598e-05,160.3,0.62
3317,1790888974.2218964,-0.4761,0.0444,-0.6899,-0.2101,0.3771,0.3357,0.3634,0.3539,0.3057,0.1829,0.3952,0.4218,0.0,0.2953,-0.0,1.5798,1.034,0.0,2.299,0.0,9.909394811128598e-05,94.2,0.54
3318,1790888974.7756567,-0.5115,0.1211,-0.8722,-0.2288,0.2955,0.2749,0.3501,0.5264,0.2749,0.1916,0.405,0.4035,0.0,0.1998,-0.0,1.1032,1.042,0.0,2.295,0.0,9.909394811128598e-05,125.9,0.54
3319,1790888975.3114543,-0.5215,0.0734,-0.8808,-0.2504,0.3271,0.3522,0.4627,0.3764,0.3282,0.1828,0.4088,0.4084,0.0,0.213,-0.0,1.1687,1.034,0.0,2.297,0.0,9.909394811128598e-05,153.3,0.53
3320,1790888975.8472197,-0.4717,0.0837,-0.7223,-0.2434,0.2784,0.2607,0.3492,0.4296,0.2607,0.1743,0.4146,0.4111,0.0,0.171,-0.0,0.9576,1.029,0.0,2.309,0.33,9.908709208528124e-05,193.6,0.53
3321,1790888976.429359,-0.5429,0.0849,-0.7962,-0.3154,0.4289,0.3932,0.4958,0.3545,0.3338,0.1883,0.396,0.4157,0.0,0.2895,-0.0,1.5511,1.039,0.0,2.308,0.0,9.908709208528124e-05,96.4,0.57
3322,1790888976.9710472,-0.4135,0.051,-0.6489,-0.2387,0.3085,0.3035,0.2787,0.3165,0.2558,0.1866,0.4045,0.4088,0.0,0.1868,0.0,1.0378,1.038,0.0,2.263,0.0,9.908709208528124e-05,126.1,0.53
3323,1790888977.5445666,-0.4779,0.0576,-0.6969,-0.3057,0.462,0.3039,0.3361,0.4094,0.2951,0.1781,0.4016,0.4203,0.0,0.3147,-0.0,1.6765,1.03,0.0,2.301,0.0,9.908709208528124e-05,148.0,0.56
3324,1790888978.115861,-0.4353,0.0428,-0.6185,-0.1939,0.2521,0.3024,0.3079,0.3265,0.2685,0.181,0.4106,0.4085,0.0,0.1756,-0.0,0.9815,1.034,0.0,2.27,0.0,9.908709208528124e-05,174.9,0.56
3325,1790888978.6382792,-0.4413,0.0569,-0.6339,-0.1974,0.4404,0.3503,0.3378,0.2843,0.2662,0.1818,0.3979,0.4203,0.0,0.3179,-0.0,1.6931,1.033,0.0,2.306,0.0,9.908709208528124e-05,107.3,0.51
3326,1790888981.6020074,-0.4371,0.0389,-0.8583,-0.2624,0.2936,0.3059,0.3196,0.3389,0.2899,0.1893,0.4014,0.4092,0.0,0.193,-0.0,1.0689,1.039,0.0,2.303,0.0,9.908709208528124e-05,108.6,0.64
3327,1790888982.1109834,-0.4858,0.043,-0.8056,-0.3557,0.4108,0.3772,0.3659,0.3368,0.3116,0.1811,0.4027,0.4161,0.0,0.2854,-0.0,1.5299,1.031,0.0,2.302,0.0,9.908709208528124e-05,167.7,0.5
3328,1790888982.6971188,-0.4386,0.0388,-0.7437,-0.2255,0.35,0.2978,0.3229,0.3322,0.2795,0.1818,0.4068,0.4115,0.0,0.2382,0.0,1.2943,1.035,0.0,2.309,0.273,9.908021045641433e-05,169.9,0.58
3329,1790888983.1939957,-0.6267,0.0622,-0.8389,-0.375,0.458,0.513,0.4509,0.5003,0.4233,0.1876,0.3929,0.4196,0.0,0.3233,-0.0,1.7201,1.038,0.0,2.3,0.0,9.908021045641433e-05,110.2,0.49
3330,1790888983.7119565,-0.457,0.1033,-0.8478,-0.163,0.2679,0.3995,0.3966,0.2206,0.2206,0.1845,0.4023,0.4132,0.0,0.1922,-0.0,1.0648,1.037,0.0,2.246,0.0,9.908021045641433e-05,128.3,0.51
3331,1790888984.281691,-0.4319,0.0351,-0.6655,-0.1343,0.2804,0.3105,0.3142,0.3219,0.2803,0.179,0.4065,0.4145,0.0,0.1937,-0.0,1.0714,1.032,0.0,2.292,0.0,9.908021045641433e-05,143.7,0.56
3332,1790888984.86818,-0.3397,0.0321,-0.5304,-0.089,0.2228,0.2134,0.2291,0.2508,0.2,0.1781,0.4082,0.4138,0.0,0.131,-0.0,0.7581,1.032,0.0,2.303,0.0,9.908021045641433e-05,182.8,0.58
3333,1790888985.337515,-0.4236,0.0724,-0.723,-0.0332,0.4152,0.2538,0.3082,0.378,0.2436,0.1844,0.3956,0.42,0.0,0.2274,-0.0,1.2408,1.036,0.0,2.306,0.0,9.908021045641433e-05,111.5,0.46
3334,1790888985.880122,-0.4742,0.059,-0.6763,-0.2005,0.3009,0.3663,0.3902,0.2868,0.2858,0.1932,0.4,0.4067,0.0,0.21,-0.0,1.1545,1.042,0.0,2.283,0.0,9.908021045641433e-05,125.3,0.53
3335,1790888986.4232814,-0.5012,0.064,-0.7864,-0.2143,0.419,0.4419,0.3372,0.3437,0.319,0.1845,0.3972,0.4183,0.0,0.2832,-0.0,1.5193,1.035,0.0,2.309,0.0,9.908021045641433e-05,138.5,0.53
3336,1790888987.0621216,-0.3869,0.0262,-0.5225,-0.2221,0.3375,0.2548,0.2714,0.2769,0.2388,0.1671,0.4065,0.4263,0.0,0.221,-0.0,1.207,1.022,0.0,2.289,0.287,9.907330322827462e-05,181.1,0.63
3337,1790888987.5860152,-0.4604,0.0601,-0.8062,-0.173,0.4911,0.3007,0.4046,0.3104,0.2819,0.1864,0.3901,0.4235,0.0,0.3645,-0.0,1.9259,1.036,0.0,2.309,0.0,9.907330322827462e-05,97.4,0.51
3338,1790888988.1564434,-0.4504,0.0904,-0.735,-0.189,0.3787,0.2866,0.4381,0.2698,0.2504,0.1882,0.3967,0.4151,0.0,0.2646,-0.0,1.4267,1.038,0.0,2.248,0.0,9.907330322827462e-05,115.7,0.56
3339,1790888988.7115414,-0.4809,0.0433,-0.7371,-0.3143,0.5115,0.3176,0.3948,0.356,0.3101,0.1852,0.394,0.4208,0.0,0.3605,-0.0,1.906,1.035,0.0,2.295,0.0,9.907330322827462e-05,130.6,0.55
3340,1790888989.2709615,-0.5131,0.0858,-0.9289,-0.2954,0.3154,0.2996,0.4568,0.3922,0.2966,0.1713,0.4022,0.4264,0.0,0.2115,-0.0,1.1599,1.026,0.0,2.304,0.0,9.907330322827462e-05,170.5,0.55
3341,1790888989.7805378,-0.4353,0.063,-0.7078,-0.1027,0.3345,0.2892,0.2819,0.3871,0.2615,0.1879,0.395,0.417,0.0,0.2299,-0.0,1.2536,1.039,0.0,2.298,0.0,9.907330322827462e-05,100.8,0.5
3342,1790888990.3133445,-0.4717,0.0452,-0.6999,-0.2841,0.36,0.3076,0.3661,0.3825,0.3037,0.1947,0.3944,0.4109,0.0,0.2559,-0.0,1.384,1.043,0.0,2.301,0.0,9.907330322827462e-05,128.0,0.52
3343,1790888990.8918514,-0.4397,0.0629,-0.6391,-0.1821,0.4044,0.3754,0.322,0.2396,0.2387,0.181,0.3978,0.4212,0.0,0.2703,-0.0,1.4547,1.032,0.0,2.296,0.0,9.907330322827462e-05,139.4,0.57
3344,1790888991.504269,-0.357,0.0259,-0.5654,-0.108,0.2356,0.2537,0.2424,0.235,0.2176,0.1808,0.4095,0.4097,0.0,0.1438,-0.0,0.8222,1.034,0.0,2.309,0.768,9.906637040446474e-05,173.9,0.6
3345,1790888992.043491,-0.5853,0.0836,-0.9333,-0.2652,0.3858,0.3719,0.5476,0.4336,0.3603,0.1902,0.392,0.4179,0.0,0.301,-0.0,1.6087,1.039,0.0,2.278,0.0,9.906637040446474e-05,104.1,0.53
3346,1790888992.5703144,-0.5273,0.046,-0.7619,-0.2778,0.3628,0.4108,0.4018,0.3619,0.3429,0.1861,0.3973,0.4166,0.0,0.2415,-0.0,1.3112,1.037,0.0,2.295,0.0,9.906637040446474e-05,126.9,0.52
3347,1790888993.0595112,-0.5068,0.0495,-0.7915,-0.2676,0.277,0.4018,0.4009,0.3296,0.3275,0.1928,0.4016,0.4056,0.0,0.1859,-0.0,1.0339,1.042,0.0,2.305,0.0,9.906637040446474e-05,163.1,0.48
3348,1790888993.63425,-0.3931,0.05,-0.677,-0.1793,0.2105,0.2494,0.323,0.2654,0.2378,0.1807,0.4078,0.4114,0.0,0.1192,-0.0,0.6993,1.034,0.0,2.282,0.0,9.906637040446474e-05,165.6,0.57
3349,1790888994.1464,-0.4907,0.0728,-0.7838,-0.2998,0.3795,0.4447,0.3075,0.3507,0.2924,0.19,0.3979,0.4121,0.0,0.2522,-0.0,1.365,1.04,0.0,2.304,0.0,9.906637040446474e-05,109.7,0.5
3350,1790888994.6868806,-0.5078,0.1192,-0.8216,-0.1409,0.3864,0.4985,0.2511,0.3967,0.2511,0.1948,0.3924,0.4128,0.0,0.2505,-0.0,1.3567,1.043,0.0,2.305,0.0,9.906637040446474e-05,123.0,0.53
3351,1790888997.8108656,-0.3897,0.0642,-0.6604,-0.1362,0.2569,0.2593,0.2382,0.3395,0.2217,0.1932,0.4011,0.4056,0.0,0.1606,-0.0,0.9075,1.043,0.0,2.307,0.0,9.906637040446474e-05,122.5,0.66
3352,1790888998.4226434,-0.3764,0.0431,-0.6297,-0.1028,0.2613,0.2475,0.2807,0.2604,0.2212,0.1706,0.4075,0.4219,0.0,0.164,-0.0,0.9225,1.025,0.0,2.306,0.161,9.905941198860072e-05,179.1,0.6
3353,1790888998.9687223,-0.5642,0.0592,-0.7592,-0.2791,0.4587,0.3801,0.4495,0.4841,0.3754,0.1943,0.3853,0.4204,0.0,0.3442,-0.0,1.825,1.041,0.0,2.277,0.0,9.905941198860072e-05,100.0,0.54
3354,1790888999.5154727,-0.4699,0.0506,-0.6717,-0.2532,0.3706,0.3746,0.3668,0.3177,0.2963,0.191,0.3935,0.4155,0.0,0.2441,-0.0,1.3246,1.04,0.0,2.309,0.0,9.905941198860072e-05,119.3,0.54
3355,1790889000.099169,-0.4099,0.0435,-0.7243,-0.2229,0.3027,0.3145,0.2832,0.2712,0.2511,0.1865,0.3971,0.4164,0.0,0.1927,-0.0,1.0673,1.037,0.0,2.282,0.0,9.905941198860072e-05,129.1,0.58
3356,1790889000.6992147,-0.3964,0.0977,-0.7536,-0.1441,0.3434,0.2152,0.3874,0.2327,0.1922,0.1718,0.3985,0.4297,0.0,0.2376,-0.0,1.2905,1.025,0.0,2.252,0.0,9.905941198860072e-05,177.9,0.59
3357,1790889001.207703,-0.4787,0.042,-0.6125,-0.2663,0.3396,0.3362,0.3506,0.3633,0.3036,0.1954,0.393,0.4116,0.0,0.2548,-0.0,1.3781,1.043,0.0,2.268,0.0,9.905941198860072e-05,118.0,0.5
3358,1790889001.7150497,-0.4581,0.0695,-0.867,-0.1294,0.2932,0.4186,0.3041,0.2945,0.2799,0.1921,0.3999,0.4081,0.0,0.1897,-0.0,1.0525,1.042,0.0,2.232,0.0,9.905941198860072e-05,141.5,0.5
3359,1790889002.255647,-0.4869,0.0728,-0.7765,-0.2349,0.3944,0.2948,0.3556,0.4308,0.2891,0.1824,0.396,0.4216,0.0,0.2748,-0.0,1.4774,1.033,0.0,2.309,0.0,9.905941198860072e-05,154.7,0.53
3360,1790889002.8549883,-0.4483,0.0711,-0.8167,-0.111,0.3683,0.3992,0.2752,0.3065,0.2578,0.1758,0.3975,0.4267,0.0,0.2271,-0.0,1.2385,1.029,0.0,2.308,0.106,9.905242798431196e-05,180.7,0.59
3361,1790889003.3845975,-0.4987,0.0437,-0.7602,-0.2836,0.453,0.3905,0.3416,0.3821,0.3287,0.1937,0.3889,0.4174,0.0,0.3032,-0.0,1.6203,1.042,0.0,2.309,0.0,9.905242798431196e-05,99.7,0.52
3362,1790889003.9308538,-0.3965,0.0535,-0.5291,-0.2247,0.2735,0.2994,0.2499,0.2987,0.2288,0.1841,0.3968,0.419,0.0,0.1745,-0.0,0.9761,1.037,0.0,2.304,0.0,9.905242798431196e-05,124.6,0.54
3363,1790889004.4936664,-0.3997,0.0446,-0.694,-0.1667,0.2585,0.2784,0.2495,0.3223,0.2455,0.1877,0.3997,0.4126,0.0,0.1523,-0.0,0.8652,1.039,0.0,2.302,0.0,9.905242798431196e-05,145.6,0.55
3364,1790889005.1232977,-0.4487,0.0449,-0.6161,-0.3208,0.2836,0.341,0.295,0.3255,0.2745,0.1696,0.3987,0.4317,0.0,0.1763,-0.0,0.9839,1.024,0.0,2.309,0.0,9.905242798431196e-05,172.7,0.62
3365,1790889005.6500452,-0.528,0.0656,-0.7877,-0.2542,0.4069,0.4557,0.3992,0.3406,0.328,0.1894,0.3846,0.426,0.0,0.2808,-0.0,1.5079,1.038,0.0,2.299,0.0,9.905242798431196e-05,105.2,0.52
3366,1790889006.1715708,-0.4544,0.0509,-0.6589,-0.239,0.3828,0.3439,0.3099,0.3364,0.2774,0.1862,0.3913,0.4225,0.0,0.253,-0.0,1.3687,1.037,0.0,2.309,0.0,9.905242798431196e-05,130.3,0.51
3367,1790889006.7126267,-0.4307,0.05,-0.6648,-0.1976,0.3277,0.3298,0.3313,0.2882,0.2641,0.1855,0.3968,0.4177,0.0,0.2119,-0.0,1.1634,1.037,0.0,2.288,0.0,9.905242798431196e-05,155.9,0.53
3368,1790889007.290392,-0.4428,0.0509,-0.6349,-0.2781,0.3199,0.2922,0.3603,0.3086,0.2689,0.1783,0.3965,0.4252,0.0,0.1987,-0.0,1.0964,1.032,0.0,2.298,0.373,9.904541839524118e-05,184.9,0.57
3369,1790889007.7945273,-0.5613,0.0564,-0.8,-0.2673,0.4871,0.4264,0.417,0.4288,0.362,0.1915,0.3849,0.4236,0.0,0.3415,-0.0,1.8115,1.039,0.0,2.301,0.0,9.904541839524118e-05,110.7,0.49
3370,1790889008.3298736,-0.5263,0.0948,-0.85,-0.2515,0.3187,0.5083,0.3297,0.3586,0.3137,0.1915,0.3948,0.4137,0.0,0.203,-0.0,1.1189,1.04,0.0,2.243,0.0,9.904541839524118e-05,127.0,0.53
3371,1790889008.8541996,-0.5361,0.0683,-0.8206,-0.2717,0.3327,0.3434,0.4696,0.3797,0.3332,0.1916,0.3906,0.4178,0.0,0.2333,-0.0,1.2708,1.041,0.0,2.309,0.0,9.904541839524118e-05,152.7,0.52
3372,1790889009.4130375,-0.4872,0.0698,-0.7437,-0.2163,0.2793,0.3062,0.4419,0.3315,0.2936,0.1789,0.4004,0.4207,0.0,0.1854,-0.0,1.0303,1.032,0.0,2.304,0.0,9.904541839524118e-05,189.6,0.55
3373,1790889009.99191,-0.4924,0.068,-0.7587,-0.3011,0.3459,0.4405,0.3371,0.3237,0.3021,0.1917,0.3935,0.4148,0.0,0.2326,-0.0,1.2672,1.041,0.0,2.306,0.0,9.904541839524118e-05,103.0,0.57
3374,1790889010.5452387,-0.4607,0.0447,-0.8612,-0.1751,0.3978,0.3203,0.371,0.3402,0.3008,0.1905,0.3918,0.4177,0.0,0.2849,-0.0,1.5286,1.039,0.0,2.294,0.0,9.904541839524118e-05,130.7,0.55
3375,1790889011.1156445,-0.4335,0.0586,-0.7152,-0.2231,0.3167,0.2996,0.2771,0.3669,0.2596,0.1875,0.3943,0.4181,0.0,0.2067,-0.0,1.1373,1.038,0.0,2.305,0.0,9.904541839524118e-05,152.8,0.56
3376,1790889014.2141964,-0.4164,0.0503,-0.8075,-0.1897,0.293,0.3337,0.2598,0.2973,0.2483,0.1793,0.4038,0.4169,0.0,0.1839,-0.0,1.023,1.032,0.0,2.309,0.294,9.90383832250444e-05,152.4,0.66
3377,1790889014.7391312,-0.4657,0.0436,-0.7206,-0.2611,0.4139,0.3188,0.3355,0.3823,0.2995,0.1884,0.3873,0.4244,0.0,0.2866,-0.0,1.5369,1.038,0.0,2.309,0.0,9.90383832250444e-05,106.4,0.52
3378,1790889015.2283866,-0.5222,0.0649,-0.8916,-0.2958,0.304,0.4325,0.3918,0.3604,0.3361,0.19,0.3932,0.4169,0.0,0.2086,-0.0,1.1471,1.04,0.0,2.307,0.0,9.90383832250444e-05,151.9,0.48
3379,1790889015.7398798,-0.5737,0.0472,-0.8389,-0.2942,0.3465,0.4262,0.4112,0.4738,0.388,0.1877,0.394,0.4183,0.0,0.2296,-0.0,1.252,1.038,0.0,2.28,0.0,9.90383832250444e-05,157.9,0.5
3380,1790889016.3112981,-0.4201,0.0533,-0.606,-0.2069,0.3083,0.2672,0.2963,0.343,0.2476,0.1674,0.3974,0.4352,0.0,0.188,-0.0,1.0423,1.021,0.0,2.309,0.0,9.90383832250444e-05,198.1,0.56
3381,1790889016.852892,-0.3896,0.0678,-0.6365,-0.1937,0.3066,0.3474,0.249,0.2553,0.2186,0.1898,0.3882,0.4219,0.0,0.2172,-0.0,1.1901,1.04,0.0,2.292,0.0,9.90383832250444e-05,111.3,0.53
3382,1790889017.3957293,-0.5188,0.0411,-0.6747,-0.3422,0.3041,0.3665,0.3911,0.3903,0.3414,0.1896,0.3902,0.4202,0.0,0.202,-0.0,1.1139,1.04,0.0,2.309,0.0,9.90383832250444e-05,130.4,0.53
3383,1790889017.9540472,-0.3675,0.0237,-0.5316,-0.15,0.297,0.2586,0.2547,0.2645,0.2349,0.187,0.391,0.422,0.0,0.1942,0.0,1.075,1.038,0.0,2.309,0.0,9.90383832250444e-05,146.8,0.55
3384,1790889018.554329,-0.4576,0.12,-0.8451,-0.2613,0.3664,0.2528,0.4819,0.2568,0.2332,0.1829,0.3908,0.4263,0.0,0.2388,-0.0,1.2974,1.034,0.0,2.088,0.289,9.903132247739106e-05,163.6,0.59
3385,1790889019.0739007,-0.5135,0.0544,-0.8244,-0.287,0.4165,0.3711,0.4337,0.3609,0.3331,0.1897,0.3862,0.4242,0.0,0.2946,-0.0,1.5768,1.039,0.0,2.307,0.0,9.903132247739106e-05,108.4,0.51
3386,1790889019.5794294,-0.4153,0.1017,-0.7161,-0.1611,0.2998,0.4168,0.227,0.2524,0.2091,0.1907,0.3928,0.4165,0.0,0.1888,-0.0,1.048,1.041,0.0,2.187,0.0,9.903132247739106e-05,134.3,0.5
3387,1790889020.1160092,-0.4232,0.0682,-0.65,-0.2269,0.2754,0.2817,0.35,0.2708,0.2403,0.1908,0.3953,0.4139,0.0,0.1721,-0.0,0.9644,1.041,0.0,2.264,0.0,9.903132247739106e-05,166.7,0.53
3388,1790889020.6826148,-0.3994,0.0502,-0.7767,-0.1715,0.2755,0.2898,0.3225,0.2365,0.2313,0.1765,0.3971,0.4264,0.0,0.1707,-0.0,0.9564,1.03,0.0,2.309,0.0,9.903132247739106e-05,196.3,0.56
3389,1790889021.2174687,-0.4944,0.0791,-0.7738,-0.2071,0.2981,0.2974,0.3686,0.4444,0.2906,0.1947,0.3905,0.4148,0.0,0.2058,-0.0,1.1333,1.043,0.0,2.308,0.0,9.903132247739106e-05,100.8,0.53
3390,1790889021.7077622,-0.5827,0.0926,-0.9754,-0.3256,0.2767,0.4984,0.3396,0.5074,0.3382,0.1946,0.3909,0.4145,0.0,0.1895,-0.0,1.0521,1.044,0.0,2.309,0.0,9.903132247739106e-05,139.7,0.48
3391,1790889022.2619312,-0.4463,0.0638,-0.7289,-0.1319,0.2473,0.3412,0.3517,0.2912,0.2603,0.1879,0.3953,0.4168,0.0,0.1549,-0.0,0.8785,1.039,0.0,2.297,0.0,9.903132247739106e-05,149.7,0.55
3392,1790889022.9144688,-0.3815,0.0429,-0.5916,-0.2098,0.2497,0.2246,0.3048,0.2646,0.2145,0.1697,0.3998,0.4306,0.0,0.1406,-0.0,0.8054,1.024,0.0,2.301,0.307,9.90242361559639e-05,185.2,0.65
3393,1790889023.4598932,-0.475,0.0431,-0.792,-0.1795,0.4591,0.367,0.315,0.374,0.3036,0.1862,0.3843,0.4296,0.0,0.312,-0.0,1.6636,1.036,0.0,2.303,0.0,9.90242361559639e-05,98.6,0.54
3394,1790889024.0270617,-0.5676,0.0901,-1.1778,-0.2139,0.4009,0.4296,0.5132,0.3666,0.347,0.1953,0.3865,0.4182,0.0,0.2792,-0.0,1.5002,1.043,0.0,2.249,0.0,9.90242361559639e-05,118.8,0.56
3395,1790889024.6069202,-0.5824,0.0793,-0.7664,-0.2859,0.2896,0.515,0.4589,0.359,0.3579,0.189,0.3889,0.4221,0.0,0.1894,-0.0,1.051,1.04,0.0,2.299,0.0,9.90242361559639e-05,130.1,0.57
3396,1790889025.1989589,-0.4393,0.0856,-0.7917,-0.2311,0.3579,0.2357,0.3913,0.3269,0.2357,0.1812,0.3881,0.4307,0.0,0.2252,-0.0,1.229,1.033,0.0,2.295,0.0,9.90242361559639e-05,159.1,0.58
3397,1790889025.7338548,-0.5208,0.0883,-0.8073,-0.2303,0.3535,0.3396,0.3748,0.4571,0.3059,0.1923,0.3825,0.4251,0.0,0.2275,-0.0,1.2418,1.041,0.0,2.308,0.0,9.90242361559639e-05,109.3,0.53
3398,1790889026.3097315,-0.5631,0.0626,-0.9095,-0.3177,0.3441,0.4953,0.4302,0.3643,0.3633,0.1943,0.3896,0.4161,0.0,0.2192,-0.0,1.2004,1.043,0.0,2.307,0.0,9.90242361559639e-05,119.5,0.57
3399,1790889026.8611624,-0.4248,0.0438,-0.6778,-0.195,0.2406,0.3247,0.3147,0.2492,0.2464,0.1883,0.3942,0.4175,0.0,0.15,-0.0,0.8541,1.039,0.0,2.304,0.0,9.90242361559639e-05,153.8,0.54
3400,1790889027.5092432,-0.3539,0.0537,-0.5542,-0.0898,0.4228,0.2897,0.1992,0.2323,0.1963,0.1735,0.3872,0.4393,0.0,0.2851,-0.0,1.5283,1.025,0.0,2.287,0.478,9.901712426445901e-05,167.4,0.64
3401,1790889030.6702878,-0.5609,0.0395,-0.8623,-0.2865,0.3934,0.4021,0.4425,0.4424,0.386,0.1918,0.3823,0.4259,0.0,0.3149,-0.0,1.6787,1.04,0.0,2.306,0.0,9.901712426445901e-05,73.0,0.81
3402,1790889031.2777681,-0.4945,0.0918,-0.8527,-0.2351,0.3398,0.3254,0.2992,0.475,0.2835,0.1918,0.3867,0.4215,0.0,0.239,-0.0,1.2991,1.041,0.0,2.309,0.0,9.901712426445901e-05,119.7,0.6
3403,1790889031.8001356,-0.4968,0.0385,-0.7654,-0.1917,0.33,0.333,0.3934,0.3919,0.3241,0.1963,0.3849,0.4188,0.0,0.2154,-0.0,1.1816,1.044,0.0,2.288,0.0,9.901712426445901e-05,158.8,0.51
3404,1790889032.377798,-0.3947,0.0645,-0.6045,-0.2125,0.2621,0.2341,0.2432,0.3505,0.2241,0.1789,0.3935,0.4276,0.0,0.1647,-0.0,0.9268,1.031,0.0,2.249,0.0,9.901712426445901e-05,186.6,0.57
3405,1790889032.9132614,-0.4837,0.068,-0.7253,-0.2357,0.3479,0.3083,0.3491,0.4202,0.2947,0.1885,0.3822,0.4292,0.0,0.2742,-0.0,1.475,1.038,0.0,2.309,0.0,9.901712426445901e-05,105.6,0.53
3406,1790889033.4365087,-0.4518,0.0719,-0.6818,-0.1952,0.3519,0.2959,0.2857,0.4242,0.2701,0.1895,0.3876,0.4228,0.0,0.2431,-0.0,1.3195,1.04,0.0,2.251,0.0,9.901712426445901e-05,133.2,0.52
3407,1790889033.9594765,-0.4328,0.0494,-0.7617,-0.2489,0.2888,0.2641,0.3479,0.3174,0.2617,0.1972,0.3891,0.4136,0.0,0.1749,-0.0,0.9788,1.045,0.0,2.309,0.0,9.901712426445901e-05,154.5,0.52
3408,1790889034.7840483,-0.3989,0.0405,-0.655,-0.1986,0.2731,0.2881,0.3037,0.2589,0.2405,0.1743,0.3986,0.4271,0.0,0.1636,-0.0,0.9206,1.028,0.0,2.297,1.058,9.900998680658581e-05,145.5,0.82
3409,1790889035.32379,-0.4781,0.0734,-0.7629,-0.175,0.4024,0.4187,0.2807,0.3758,0.2791,0.1888,0.3802,0.431,0.0,0.2621,-0.0,1.4141,1.038,0.0,2.293,0.0,9.900998680658581e-05,96.0,0.53
3410,1790889035.8794641,-0.5762,0.0755,-0.8542,-0.2611,0.3789,0.4507,0.5071,0.3568,0.3522,0.1936,0.3877,0.4188,0.0,0.2422,-0.0,1.3151,1.042,0.0,2.28,0.0,9.900998680658581e-05,113.9,0.55
3411,1790889036.4516556,-0.4924,0.1455,-0.811,-0.1175,0.2993,0.3034,0.5447,0.2564,0.2546,0.1842,0.3901,0.4258,0.0,0.1977,-0.0,1.0923,1.035,0.0,2.256,0.0,9.900998680658581e-05,131.4,0.56
3412,1790889037.0265799,-0.4242,0.0633,-0.6279,-0.2019,0.2857,0.2487,0.3754,0.2919,0.2359,0.176,0.3942,0.4299,0.0,0.1798,-0.0,1.0016,1.029,0.0,2.284,0.0,9.900998680658581e-05,187.0,0.57
3413,1790889037.514998,-0.4915,0.071,-0.7566,-0.172,0.3117,0.2951,0.3612,0.4326,0.2937,0.1858,0.3855,0.4286,0.0,0.2184,-0.0,1.1956,1.037,0.0,2.303,0.0,9.900998680658581e-05,117.7,0.48
3414,1790889037.995199,-0.4975,0.0512,-0.7444,-0.2049,0.3939,0.3347,0.3925,0.3921,0.325,0.1889,0.3892,0.4219,0.0,0.2578,-0.0,1.3929,1.039,0.0,2.308,0.0,9.900998680658581e-05,151.1,0.47
3415,1790889038.5755148,-0.5124,0.1005,-0.8462,-0.2656,0.3354,0.3829,0.4875,0.2749,0.2739,0.1876,0.3899,0.4226,0.0,0.2188,-0.0,1.1975,1.038,0.0,2.293,0.0,9.900998680658581e-05,146.4,0.57
3416,1790889039.1770906,-0.4979,0.0623,-0.9229,-0.2673,0.2995,0.3056,0.4043,0.367,0.3029,0.1839,0.3917,0.4244,0.0,0.1828,-0.0,1.0177,1.035,0.0,2.309,0.844,9.900282378606707e-05,172.4,0.59
3417,1790889039.6633363,-0.5291,0.1093,-0.8423,-0.2262,0.4811,0.4881,0.2728,0.4411,0.2728,0.1939,0.3771,0.429,0.0,0.3344,-0.0,1.7761,1.04,0.0,2.307,0.0,9.900282378606707e-05,123.3,0.48
3418,1790889040.2437239,-0.5938,0.1012,-0.8821,-0.4497,0.3692,0.3986,0.3792,0.5769,0.3558,0.1977,0.3793,0.423,0.0,0.2438,-0.0,1.3234,1.044,0.0,2.278,0.0,9.900282378606707e-05,113.9,0.57
3419,1790889040.7760303,-0.4231,0.0585,-0.6227,-0.1393,0.3479,0.3533,0.2624,0.304,0.2484,0.1912,0.3844,0.4245,0.0,0.2281,-0.0,1.2445,1.041,0.0,2.308,0.0,9.900282378606707e-05,144.6,0.52
3420,1790889041.3837783,-0.3766,0.0621,-0.7114,-0.1317,0.2572,0.3179,0.2436,0.2418,0.215,0.1766,0.3898,0.4336,0.0,0.149,-0.0,0.848,1.03,0.0,2.309,0.0,9.900282378606707e-05,166.8,0.6
3421,1790889041.9533582,-0.4786,0.0443,-0.7833,-0.2333,0.2666,0.3576,0.3829,0.3426,0.3176,0.1914,0.3832,0.4254,0.0,0.1923,-0.0,1.0656,1.041,0.0,2.287,0.0,9.900282378606707e-05,93.4,0.56
3422,1790889042.4938996,-0.4416,0.0515,-0.6138,-0.2425,0.3596,0.2693,0.3478,0.3334,0.2656,0.1915,0.3805,0.428,0.0,0.257,-0.0,1.3893,1.04,0.0,2.267,0.0,9.900282378606707e-05,123.3,0.53
3423,1790889042.9828784,-0.5002,0.0514,-0.8379,-0.2711,0.612,0.3863,0.3539,0.3739,0.3288,0.1906,0.3715,0.438,0.0,0.4187,-0.0,2.1973,1.036,0.0,2.309,0.0,9.900282378606707e-05,168.6,0.48
3424,1790889043.5954506,-0.4523,0.0582,-0.775,-0.2502,0.3037,0.3008,0.3903,0.2792,0.2681,0.1815,0.3898,0.4288,0.0,0.2031,-0.0,1.119,1.034,0.0,2.309,0.426,9.899563520663886e-05,190.0,0.6
3425,1790889044.1129024,-0.4325,0.055,-0.7006,-0.1669,0.4372,0.2598,0.3361,0.3504,0.2532,0.1918,0.378,0.4302,0.0,0.325,-0.0,1.729,1.039,0.0,2.283,0.0,9.899563520663886e-05,102.3,0.51
3426,1790889047.1790679,-0.5031,0.0441,-0.7148,-0.2706,0.3578,0.3894,0.3467,0.3777,0.3288,0.1955,0.3855,0.419,0.0,0.2371,-0.0,1.29,1.043,0.0,2.289,0.0,9.899563520663886e-05,93.7,0.69
3427,1790889047.709226,-0.4824,0.056,-0.796,-0.2215,0.4067,0.3929,0.3166,0.3555,0.2954,0.194,0.3829,0.423,0.0,0.2776,-0.0,1.4922,1.041,0.0,2.308,0.0,9.899563520663886e-05,149.2,0.52
3428,1790889048.2450275,-0.4738,0.09,-0.6943,-0.2371,0.2451,0.3729,0.4087,0.2416,0.2352,0.1832,0.3849,0.4319,0.0,0.1511,-0.0,0.859,1.035,0.0,2.242,0.0,9.899563520663886e-05,201.7,0.53
3429,1790889048.7736125,-0.5386,0.0933,-0.8713,-0.2302,0.5236,0.4935,0.3321,0.3942,0.3126,0.1951,0.367,0.4379,0.0,0.3727,-0.0,1.9674,1.039,0.0,2.303,0.0,9.899563520663886e-05,95.0,0.52
3430,1790889049.3192523,-0.5188,0.0943,-0.8318,-0.0846,0.4702,0.4176,0.4618,0.2908,0.2908,0.1923,0.3761,0.4317,0.0,0.3223,-0.0,1.7151,1.038,0.0,2.298,0.0,9.899563520663886e-05,115.6,0.54
3431,1790889049.8747988,-0.4855,0.0599,-0.6763,-0.3093,0.3311,0.3105,0.3984,0.3631,0.296,0.191,0.3882,0.4208,0.0,0.2294,-0.0,1.2511,1.04,0.0,2.228,0.0,9.899563520663886e-05,134.5,0.55
3432,1790889050.5014122,-0.4441,0.0865,-0.7606,-0.1347,0.2495,0.2728,0.429,0.2927,0.2509,0.1755,0.3877,0.4368,0.0,0.1625,-0.0,0.9151,1.028,0.0,2.225,0.466,9.898842107205061e-05,154.1,0.62
3433,1790889050.9815547,-0.4585,0.0535,-0.7796,-0.29,0.3105,0.301,0.3257,0.392,0.2903,0.1959,0.3767,0.4274,0.0,0.2095,-0.0,1.1521,1.043,0.0,2.308,0.0,9.898842107205061e-05,115.6,0.47
3434,1790889051.5424962,-0.4618,0.0772,-0.6588,-0.2579,0.3244,0.3806,0.3749,0.2648,0.2648,0.1967,0.38,0.4234,0.0,0.2018,-0.0,1.1135,1.044,0.0,2.309,0.0,9.898842107205061e-05,118.4,0.55
3435,1790889052.1017773,-0.4183,0.0539,-0.5745,-0.231,0.2471,0.3441,0.2889,0.2593,0.2443,0.189,0.3871,0.4239,0.0,0.1507,-0.0,0.8575,1.039,0.0,2.309,0.0,9.898842107205061e-05,150.2,0.55
3436,1790889052.703467,-0.414,0.0547,-0.691,-0.1806,0.2751,0.3092,0.3245,0.2422,0.2377,0.1823,0.3823,0.4354,0.0,0.172,-0.0,0.9633,1.034,0.0,2.284,0.0,9.898842107205061e-05,182.0,0.59
3437,1790889053.193583,-0.4677,0.0683,-0.719,-0.0825,0.3803,0.292,0.4205,0.3207,0.282,0.1995,0.3746,0.4259,0.0,0.2835,-0.0,1.522,1.044,0.0,2.302,0.0,9.898842107205061e-05,105.1,0.48
3438,1790889053.7378812,-0.4654,0.0689,-0.7232,-0.1208,0.2951,0.4212,0.3086,0.3036,0.2816,0.1952,0.3803,0.4245,0.0,0.1933,-0.0,1.0707,1.043,0.0,2.214,0.0,9.898842107205061e-05,123.4,0.54
3439,1790889054.3108673,-0.4522,0.0464,-0.66,-0.2231,0.28,0.3059,0.335,0.3529,0.2855,0.1984,0.3822,0.4195,0.0,0.1901,-0.0,1.0549,1.046,0.0,2.299,0.0,9.898842107205061e-05,136.1,0.56
3440,1790889054.9338858,-0.4178,0.0667,-0.6857,-0.235,0.3294,0.3626,0.284,0.2461,0.2422,0.1741,0.3831,0.4428,0.0,0.2201,-0.0,1.2029,1.026,0.0,2.205,0.615,9.898118138606507e-05,169.0,0.61
3441,1790889055.4614198,-0.5188,0.1316,-0.8611,-0.1711,0.4267,0.3452,0.5439,0.2852,0.2825,0.1901,0.3726,0.4373,0.0,0.3066,-0.0,1.6368,1.038,0.0,2.294,0.0,9.898118138606507e-05,97.2,0.52
3442,1790889055.9825926,-0.4046,0.0571,-0.6564,-0.0823,0.2878,0.252,0.3112,0.3324,0.2414,0.1915,0.376,0.4326,0.0,0.2077,-0.0,1.1424,1.041,0.0,2.305,0.0,9.898118138606507e-05,128.4,0.51
3443,1790889056.5406032,-0.4498,0.0533,-0.6479,-0.2313,0.4547,0.2757,0.3765,0.3312,0.2693,0.1884,0.3715,0.4401,0.0,0.2948,-0.0,1.5776,1.037,0.0,2.284,0.0,9.898118138606507e-05,147.8,0.55
3444,1790889057.1217682,-0.4065,0.053,-0.75,-0.1159,0.2967,0.3314,0.2965,0.2491,0.2421,0.1856,0.3809,0.4334,0.0,0.1961,-0.0,1.0838,1.036,0.0,2.305,0.0,9.898118138606507e-05,193.6,0.57
3445,1790889057.695087,-0.5075,0.0761,-0.7864,-0.1571,0.4184,0.3497,0.3507,0.4557,0.3119,0.1938,0.3726,0.4335,0.0,0.2919,-0.0,1.5636,1.04,0.0,2.299,0.0,9.898118138606507e-05,91.3,0.57
3446,1790889058.269828,-0.5407,0.0389,-0.8217,-0.2206,0.3147,0.4041,0.4138,0.3956,0.3642,0.1929,0.3826,0.4245,0.0,0.2245,-0.0,1.227,1.042,0.0,2.309,0.0,9.898118138606507e-05,120.3,0.57
3447,1790889058.8425896,-0.5264,0.1479,-0.8527,-0.2458,0.2237,0.3445,0.2771,0.579,0.2771,0.1952,0.3831,0.4217,0.0,0.1381,-0.0,0.7947,1.044,0.0,2.268,0.0,9.898118138606507e-05,143.3,0.56
3448,1790889059.4886134,-0.4163,0.0435,-0.6555,-0.1452,0.266,0.2781,0.3412,0.2795,0.2562,0.1879,0.3828,0.4293,0.0,0.1646,-0.0,0.9269,1.039,0.0,2.309,0.562,9.897391615245833e-05,169.8,0.64
3449,1790889060.0317507,-0.4226,0.0738,-0.5786,-0.1952,0.3296,0.2464,0.3209,0.3605,0.2414,0.1882,0.3702,0.4416,0.0,0.2353,-0.0,1.2804,1.037,0.0,2.301,0.0,9.897391615245833e-05,91.1,0.54
3450,1790889060.5714033,-0.463,0.0361,-0.6333,-0.2352,0.3315,0.3304,0.3124,0.366,0.3001,0.1963,0.3752,0.4285,0.0,0.2284,-0.0,1.2462,1.043,0.0,2.305,0.0,9.897391615245833e-05,126.3,0.53
3451,1790889063.736856,-0.4663,0.0427,-0.6473,-0.1958,0.2905,0.3145,0.3746,0.3348,0.2995,0.2015,0.3743,0.4242,0.0,0.1975,-0.0,1.0922,1.047,0.0,2.309,0.0,9.897391615245833e-05,100.6,0.73
3452,1790889064.353829,-0.4318,0.0783,-0.8105,-0.1996,0.2998,0.256,0.2556,0.4044,0.2419,0.1831,0.3776,0.4393,0.0,0.1904,0.0,1.0553,1.034,0.0,2.219,0.0,9.897391615245833e-05,185.6,0.61
3453,1790889064.8763154,-0.5597,0.0747,-0.9081,-0.1517,0.3689,0.3811,0.5062,0.4127,0.3481,0.1972,0.3726,0.4302,0.0,0.285,-0.0,1.5293,1.043,0.0,2.295,0.0,9.897391615245833e-05,106.0,0.52
3454,1790889065.3430204,-0.452,0.0614,-0.7583,-0.2176,0.312,0.3388,0.2879,0.3604,0.2653,0.1979,0.3786,0.4235,0.0,0.2101,-0.0,1.1549,1.045,0.0,2.309,0.0,9.897391615245833e-05,137.3,0.46
3455,1790889065.902703,-0.4183,0.0461,-0.8045,-0.2466,0.2711,0.3443,0.3058,0.2729,0.2628,0.1928,0.3792,0.4281,0.0,0.168,-0.0,0.9439,1.042,0.0,2.309,0.0,9.897391615245833e-05,149.8,0.55
3456,1790889066.509136,-0.4226,0.0612,-0.6591,-0.1958,0.2536,0.2921,0.2729,0.3567,0.2528,0.1833,0.3795,0.4373,0.0,0.1578,-0.0,0.8925,1.034,0.0,2.291,0.512,9.896662537501976e-05,179.4,0.6
3457,1790889067.0557692,-0.4918,0.0526,-0.7388,-0.1831,0.247,0.3701,0.3776,0.3468,0.3082,0.2039,0.3715,0.4246,0.0,0.2109,-0.0,1.1594,1.049,0.0,2.302,0.0,9.896662537501976e-05,101.7,0.54
3458,1790889067.6035836,-0.4519,0.0573,-0.7442,-0.2857,0.382,0.3764,0.3023,0.3072,0.2795,0.2033,0.3706,0.426,0.0,0.2477,-0.0,1.3434,1.048,0.0,2.309,0.0,9.896662537501976e-05,131.4,0.54
3459,1790889068.1461353,-0.4602,0.0663,-0.7376,-0.1878,0.3682,0.2642,0.3793,0.3496,0.26,0.2005,0.3725,0.427,0.0,0.2538,-0.0,1.3737,1.045,0.0,2.265,0.0,9.896662537501976e-05,157.6,0.53
3460,1790889068.73513,-0.3589,0.0322,-0.6338,-0.1808,0.3533,0.2357,0.2433,0.2655,0.2155,0.1748,0.3683,0.4569,0.0,0.2244,-0.0,1.2243,1.024,0.0,2.309,0.0,9.896662537501976e-05,197.4,0.58
3461,1790889069.2757702,-0.4318,0.0563,-0.6505,-0.1963,0.3053,0.3284,0.2712,0.3555,0.2597,0.1971,0.3699,0.4329,0.0,0.2001,-0.0,1.105,1.044,0.0,2.266,0.0,9.896662537501976e-05,92.7,0.53
3462,1790889069.8188396,-0.4635,0.0544,-0.6887,-0.237,0.3722,0.3189,0.2919,0.3726,0.274,0.1982,0.37,0.4318,0.0,0.2443,0.0,1.3261,1.044,0.0,2.303,0.0,9.896662537501976e-05,124.2,0.53
3463,1790889070.3844893,-0.4966,0.0376,-0.7929,-0.2857,0.322,0.3549,0.3628,0.3733,0.3251,0.1975,0.3753,0.4272,0.0,0.2017,-0.0,1.1127,1.044,0.0,2.309,0.0,9.896662537501976e-05,140.7,0.56
3464,1790889071.0095227,-0.5135,0.0802,-0.8423,-0.3228,0.3444,0.3231,0.4749,0.3454,0.3083,0.1916,0.3729,0.4355,0.0,0.2316,-0.0,1.2618,1.039,0.0,2.267,0.372,9.895930905755212e-05,166.9,0.62
3465,1790889071.5631597,-0.5237,0.0836,-0.8113,-0.3131,0.4368,0.4938,0.3112,0.3823,0.3096,0.2021,0.3675,0.4304,0.0,0.2956,-0.0,1.5823,1.045,0.0,2.302,0.0,9.895930905755212e-05,96.3,0.55
3466,1790889072.1229532,-0.4861,0.0529,-0.7324,-0.2767,0.2937,0.3394,0.3278,0.405,0.3042,0.2007,0.3725,0.4267,0.0,0.196,0.0,1.0847,1.047,0.0,2.309,0.0,9.895930905755212e-05,123.1,0.55
3467,1790889072.7121687,-0.3888,0.0533,-0.6551,-0.1054,0.3604,0.2456,0.3172,0.2601,0.2214,0.1921,0.3707,0.4372,0.0,0.2326,-0.0,1.267,1.04,0.0,2.307,0.0,9.895930905755212e-05,145.9,0.58
3468,1790889073.226641,-0.4377,0.0679,-0.8026,-0.2562,0.3807,0.269,0.3641,0.3053,0.2549,0.1837,0.3689,0.4474,0.0,0.2487,-0.0,1.3469,1.033,0.0,2.309,0.0,9.895930905755212e-05,207.5,0.51
3469,1790889073.7161276,-0.4439,0.0547,-0.7342,-0.0986,0.2783,0.3042,0.3186,0.3739,0.2843,0.2045,0.3723,0.4232,0.0,0.1989,-0.0,1.0993,1.049,0.0,2.309,0.0,9.895930905755212e-05,111.2,0.48
3470,1790889074.2265224,-0.455,0.0544,-0.6789,-0.324,0.407,0.2877,0.3193,0.3816,0.2833,0.1993,0.3696,0.4311,0.0,0.2555,-0.0,1.3819,1.044,0.0,2.278,0.0,9.895930905755212e-05,139.3,0.5
3471,1790889074.7906804,-0.4531,0.0431,-0.7051,-0.2278,0.3018,0.3256,0.3495,0.3073,0.276,0.192,0.3699,0.4381,0.0,0.1912,-0.0,1.0599,1.04,0.0,2.309,0.0,9.895930905755212e-05,160.3,0.56
3472,1790889075.4187245,-0.4335,0.0822,-0.7699,-0.1325,0.2621,0.2344,0.3005,0.4076,0.2344,0.1812,0.3718,0.447,0.0,0.155,-0.0,0.8779,1.031,0.0,2.296,0.527,9.895196720387145e-05,185.1,0.62
3473,1790889075.955917,-0.4637,0.056,-0.6794,-0.2362,0.3644,0.311,0.3874,0.3167,0.2777,0.2006,0.3675,0.4319,0.0,0.2408,0.0,1.3087,1.045,0.0,2.309,0.0,9.895196720387145e-05,111.7,0.53
3474,1790889076.461845,-0.4665,0.0651,-0.7808,-0.2818,0.2543,0.315,0.2952,0.409,0.2825,0.1989,0.3744,0.4267,0.0,0.1656,-0.0,0.9327,1.046,0.0,2.294,0.0,9.895196720387145e-05,146.5,0.5
3475,1790889076.9614902,-0.5165,0.0708,-0.8658,-0.2369,0.3394,0.4676,0.3732,0.3255,0.3182,0.2001,0.3745,0.4254,0.0,0.2275,-0.0,1.2423,1.046,0.0,2.291,0.0,9.895196720387145e-05,172.5,0.49
3476,1790889080.2233267,-0.3992,0.0547,-0.6602,-0.1492,0.3601,0.3108,0.2319,0.3025,0.2205,0.1928,0.3666,0.4406,0.0,0.2202,-0.0,1.2052,1.04,0.0,2.267,0.0,9.895196720387145e-05,134.6,0.8
3477,1790889080.748855,-0.5242,0.0643,-0.7845,-0.3431,0.3609,0.4252,0.3933,0.3856,0.3387,0.1945,0.3621,0.4434,0.0,0.2568,-0.0,1.3881,1.04,0.0,2.306,0.0,9.895196720387145e-05,91.5,0.52
3478,1790889081.311484,-0.4481,0.0388,-0.6441,-0.2536,0.4536,0.3647,0.3209,0.3055,0.2921,0.1977,0.3649,0.4374,0.0,0.3029,-0.0,1.6184,1.041,0.0,2.303,0.0,9.895196720387145e-05,128.3,0.55
3479,1790889081.8830123,-0.3747,0.057,-0.6779,-0.1885,0.2232,0.3032,0.2107,0.2777,0.2055,0.2,0.3737,0.4264,0.0,0.1427,-0.0,0.818,1.046,0.0,2.303,0.0,9.895196720387145e-05,153.3,0.56
3480,1790889082.4526312,-0.5048,0.0521,-0.67,-0.3235,0.3754,0.4079,0.3238,0.3891,0.3145,0.1887,0.3706,0.4406,0.0,0.2465,-0.0,1.3361,1.036,0.0,2.307,0.731,9.894459981780711e-05,171.2,0.56
3481,1790889083.0141463,-0.4989,0.08,-0.7771,-0.2274,0.4108,0.4171,0.4129,0.2959,0.2927,0.2027,0.362,0.4352,0.0,0.3016,-0.0,1.6125,1.045,0.0,2.309,0.0,9.894459981780711e-05,95.5,0.55
3482,1790889083.576909,-0.3953,0.0531,-0.609,-0.0891,0.2455,0.2492,0.3111,0.2871,0.2314,0.2029,0.3719,0.4252,0.0,0.1522,-0.0,0.8661,1.049,0.0,2.286,0.0,9.894459981780711e-05,122.0,0.55
3483,1790889084.1095493,-0.4951,0.0974,-0.828,-0.2513,0.4163,0.358,0.2797,0.4647,0.2783,0.2014,0.3658,0.4329,0.0,0.2962,-0.0,1.5856,1.044,0.0,2.302,0.0,9.894459981780711e-05,149.0,0.52
3484,1790889084.6921458,-0.464,0.0487,-0.7463,-0.2669,0.4115,0.3607,0.3008,0.3753,0.2961,0.188,0.3631,0.4489,0.0,0.2802,-0.0,1.5042,1.034,0.0,2.277,0.0,9.894459981780711e-05,179.6,0.57
3485,1790889085.2226999,-0.5264,0.0547,-0.8214,-0.2603,0.3641,0.4261,0.3811,0.3862,0.343,0.2024,0.3655,0.4321,0.0,0.2584,-0.0,1.3965,1.047,0.0,2.309,0.0,9.894459981780711e-05,102.8,0.52
3486,1790889085.7429643,-0.443,0.0617,-0.7402,-0.192,0.3836,0.2806,0.3851,0.2998,0.2555,0.2011,0.3654,0.4334,0.0,0.257,-0.0,1.3893,1.045,0.0,2.292,0.0,9.894459981780711e-05,139.8,0.51
3487,1790889086.281621,-0.4129,0.042,-0.7313,-0.0672,0.3373,0.288,0.282,0.3307,0.2609,0.2016,0.3765,0.4219,0.0,0.2177,-0.0,1.1932,1.047,0.0,2.304,0.0,9.894459981780711e-05,148.6,0.53
3488,1790889086.867131,-0.475,0.0674,-0.8337,-0.1359,0.3414,0.2938,0.3684,0.3804,0.2832,0.1905,0.3673,0.4422,0.0,0.2215,-0.0,1.2116,1.039,0.0,2.292,0.308,9.893720690320177e-05,175.5,0.58
3489,1790889087.4231727,-0.5034,0.0793,-0.7933,-0.3104,0.3324,0.4528,0.305,0.3592,0.293,0.2064,0.3676,0.426,0.0,0.2107,-0.0,1.1585,1.05,0.0,2.309,0.0,9.893720690320177e-05,108.7,0.55
3490,1790889087.9881697,-0.4324,0.0721,-0.7311,-0.1664,0.3479,0.3815,0.3114,0.2521,0.2498,0.2049,0.3661,0.429,0.0,0.2314,-0.0,1.2617,1.049,0.0,2.302,0.0,9.893720690320177e-05,128.7,0.56
3491,1790889088.5835643,-0.3787,0.0565,-0.5833,-0.1927,0.2515,0.2126,0.2859,0.3034,0.2086,0.2056,0.3713,0.4231,0.0,0.1664,-0.0,0.9371,1.051,0.0,2.277,0.0,9.893720690320177e-05,150.2,0.59
3492,1790889089.161557,-0.4204,0.0614,-0.8138,-0.1761,0.2716,0.309,0.2458,0.3517,0.2432,0.197,0.3719,0.4311,0.0,0.174,-0.0,0.9742,1.044,0.0,2.309,0.0,9.893720690320177e-05,188.0,0.57
3493,1790889089.735164,-0.4616,0.0614,-0.8171,-0.2288,0.3666,0.3371,0.3017,0.3638,0.2659,0.2041,0.3641,0.4318,0.0,0.2577,-0.0,1.3933,1.047,0.0,2.296,0.0,9.893720690320177e-05,90.9,0.57
3494,1790889090.257298,-0.5268,0.0447,-0.7575,-0.2394,0.4512,0.3946,0.3846,0.4017,0.3481,0.2003,0.3665,0.4333,0.0,0.3229,-0.0,1.7188,1.044,0.0,2.309,0.0,9.893720690320177e-05,137.5,0.51
3495,1790889090.7960255,-0.4328,0.0471,-0.8672,-0.1831,0.5521,0.2935,0.3285,0.3296,0.2673,0.2031,0.3613,0.4356,0.0,0.371,-0.0,1.9596,1.045,0.0,2.283,0.0,9.893720690320177e-05,153.4,0.53
3496,1790889091.4607222,-0.4726,0.0672,-0.7561,-0.2832,0.2294,0.329,0.3995,0.2869,0.2687,0.1877,0.3656,0.4468,0.0,0.1414,-0.0,0.8104,1.036,0.0,2.309,0.144,9.892978846391146e-05,165.9,0.65
3497,1790889092.0250027,-0.5565,0.0479,-0.8253,-0.3625,0.5837,0.4539,0.4167,0.3993,0.3746,0.2036,0.3576,0.4388,0.0,0.4063,0.0,2.1358,1.044,0.0,2.297,0.0,9.892978846391146e-05,86.9,0.56
3498,1790889092.5655804,-0.4877,0.0538,-0.9103,-0.2919,0.2797,0.3501,0.3445,0.3688,0.3012,0.2041,0.37,0.4259,0.0,0.1847,-0.0,1.0283,1.05,0.0,2.309,0.0,9.892978846391146e-05,122.2,0.53
3499,1790889093.1322725,-0.3893,0.0802,-0.603,-0.2,0.2662,0.3547,0.2728,0.1987,0.1965,0.2024,0.3697,0.4278,0.0,0.1566,-0.0,0.8878,1.049,0.0,2.228,0.0,9.892978846391146e-05,141.0,0.56
3500,1790889093.7357538,-0.3555,0.0401,-0.4907,-0.22,0.2745,0.2496,0.2357,0.2439,0.2141,0.1921,0.3707,0.4372,0.0,0.1732,-0.0,0.9702,1.04,0.0,2.309,0.0,9.892978846391146e-05,174.3,0.6
3501,1790889098.3210628,-0.5513,0.105,-0.7676,-0.2334,0.3644,0.4756,0.4833,0.2912,0.2912,0.2097,0.368,0.4223,0.0,0.2117,-0.0,1.1637,1.052,0.0,2.271,0.0,9.892978846391146e-05,65.0,0.88
3502,1790889098.856099,-0.4696,0.0513,-0.65,-0.2493,0.4372,0.3594,0.3479,0.3308,0.2936,0.2001,0.3632,0.4367,0.0,0.2987,-0.0,1.5978,1.044,0.0,2.309,0.0,9.892978846391146e-05,132.1,0.53
3503,1790889099.402928,-0.4867,0.0525,-0.7548,-0.2929,0.4966,0.3714,0.3785,0.3304,0.3092,0.2041,0.363,0.4329,0.0,0.3438,-0.0,1.8234,1.046,0.0,2.299,0.0,9.892978846391146e-05,157.2,0.54
3504,1790889099.9961421,-0.4691,0.0416,-0.8034,-0.261,0.2515,0.3173,0.3587,0.3554,0.3009,0.1982,0.3698,0.432,0.0,0.169,-0.0,0.9494,1.045,0.0,2.309,0.618,9.892234450380547e-05,187.5,0.59
3505,1790889100.4634502,-0.5182,0.0702,-0.7241,-0.2673,0.3027,0.4231,0.3367,0.4025,0.3116,0.2066,0.3716,0.4218,0.0,0.2056,-0.0,1.1329,1.051,0.0,2.307,0.0,9.892234450380547e-05,104.4,0.46
3506,1790889101.0277753,-0.4253,0.0405,-0.7382,-0.2799,0.4963,0.3337,0.2847,0.3,0.2634,0.2023,0.3595,0.4382,0.0,0.3589,-0.0,1.8987,1.045,0.0,2.299,0.0,9.892234450380547e-05,110.3,0.56
3507,1790889101.5775692,-0.4584,0.0709,-0.8366,-0.2299,0.3057,0.2738,0.4121,0.323,0.2694,0.2099,0.3678,0.4223,0.0,0.2048,-0.0,1.1291,1.053,0.0,2.277,0.0,9.892234450380547e-05,129.7,0.54
3508,1790889102.13592,-0.542,0.0558,-0.896,-0.2452,0.3161,0.3584,0.4624,0.4323,0.3552,0.2001,0.3692,0.4307,0.0,0.1981,-0.0,1.0952,1.047,0.0,2.299,0.0,9.892234450380547e-05,172.1,0.55
3509,1790889102.6815376,-0.4224,0.0814,-0.6661,-0.0388,0.4107,0.3775,0.2984,0.2258,0.2185,0.2053,0.3608,0.4339,0.0,0.274,-0.0,1.4746,1.047,0.0,2.309,0.0,9.892234450380547e-05,101.6,0.54
3510,1790889103.2648802,-0.4017,0.0512,-0.7106,-0.2361,0.26,0.3281,0.2414,0.2849,0.2359,0.2098,0.3752,0.415,0.0,0.1583,-0.0,0.8967,1.055,0.0,2.308,0.0,9.892234450380547e-05,122.4,0.58
3511,1790889103.8383002,-0.4014,0.0394,-0.6756,-0.2667,0.3256,0.2853,0.2979,0.252,0.2372,0.203,0.3728,0.4243,0.0,0.2254,-0.0,1.2316,1.048,0.0,2.238,0.0,9.892234450380547e-05,145.3,0.56
3512,1790889104.4501538,-0.4132,0.0653,-0.7324,-0.1241,0.3439,0.3011,0.2417,0.3466,0.2376,0.1941,0.3705,0.4354,0.0,0.2182,-0.0,1.1952,1.041,0.0,2.307,0.306,9.891487502676644e-05,167.8,0.6
3513,1790889104.994097,-0.4494,0.0743,-0.7333,-0.14,0.446,0.3908,0.3328,0.2604,0.2525,0.2107,0.3599,0.4294,0.0,0.3212,-0.0,1.7113,1.051,0.0,2.306,0.0,9.891487502676644e-05,91.4,0.54
3514,1790889105.5544302,-0.4573,0.053,-0.8018,-0.2652,0.3858,0.312,0.3093,0.3836,0.2798,0.205,0.3673,0.4276,0.0,0.2627,0.0,1.4185,1.048,0.0,2.309,0.0,9.891487502676644e-05,115.2,0.55
3515,1790889106.1471941,-0.4887,0.0583,-0.7238,-0.2925,0.38,0.3235,0.4142,0.3349,0.3015,0.2039,0.3678,0.4283,0.0,0.2572,-0.0,1.3906,1.048,0.0,2.309,0.0,9.891487502676644e-05,132.4,0.58
3516,1790889106.7561705,-0.3987,0.0685,-0.7891,-0.1458,0.242,0.2947,0.2115,0.3491,0.21,0.1987,0.3722,0.4291,0.0,0.1475,-0.0,0.8419,1.046,0.0,2.294,0.0,9.891487502676644e-05,157.2,0.6
3517,1790889107.306603,-0.4976,0.0717,-0.7938,-0.2841,0.1952,0.3209,0.3925,0.422,0.3066,0.2068,0.3735,0.4197,0.0,0.1069,-0.0,0.6396,1.052,0.0,2.307,0.0,9.891487502676644e-05,105.0,0.54
3518,1790889107.8668385,-0.4984,0.0422,-0.7774,-0.2557,0.442,0.3365,0.4054,0.37,0.3211,0.2042,0.3647,0.4311,0.0,0.2999,-0.0,1.6039,1.047,0.0,2.302,0.0,9.891487502676644e-05,123.3,0.55
3519,1790889108.4053087,-0.3754,0.0295,-0.6146,-0.2273,0.3495,0.2507,0.2503,0.274,0.2217,0.2026,0.3661,0.4313,0.0,0.229,-0.0,1.2497,1.047,0.0,2.295,0.0,9.891487502676644e-05,152.5,0.53
3520,1790889109.0253105,-0.3825,0.0489,-0.6283,-0.1339,0.2629,0.3081,0.2404,0.2496,0.2238,0.1939,0.3673,0.4388,0.0,0.152,-0.0,0.864,1.041,0.0,2.296,0.238,9.890738003669029e-05,181.1,0.61
3521,1790889109.5584738,-0.4733,0.0503,-0.7556,-0.199,0.453,0.3926,0.3351,0.3398,0.3082,0.2081,0.3591,0.4329,0.0,0.3496,-0.0,1.853,1.048,0.0,2.284,0.0,9.890738003669029e-05,103.3,0.52
3522,1790889110.0988915,-0.3697,0.0725,-0.8486,-0.0933,0.267,0.3394,0.2,0.2531,0.1954,0.2044,0.3722,0.4234,0.0,0.1618,-0.0,0.9136,1.049,0.0,2.29,0.0,9.890738003669029e-05,132.7,0.53
3523,1790889110.6535308,-0.4442,0.0529,-0.7426,-0.2454,0.2956,0.3598,0.3288,0.2822,0.2714,0.2049,0.3741,0.421,0.0,0.2044,-0.0,1.1271,1.049,0.0,2.295,0.0,9.890738003669029e-05,146.4,0.55
3524,1790889111.2553604,-0.4034,0.015,-0.7581,-0.1688,0.2861,0.2895,0.2889,0.2936,0.2737,0.1841,0.3617,0.4542,0.0,0.1895,-0.0,1.0507,1.031,0.0,2.299,0.0,9.890738003669029e-05,186.8,0.59
3525,1790889111.786013,-0.5546,0.0577,-0.7877,-0.2233,0.5005,0.4505,0.3719,0.4583,0.3631,0.2133,0.3584,0.4283,0.0,0.4035,-0.0,2.1225,1.05,0.0,2.285,0.0,9.890738003669029e-05,90.6,0.52
3526,1790889114.859383,-0.4217,0.0612,-0.6563,-0.1917,0.2155,0.3003,0.3359,0.2707,0.2435,0.203,0.373,0.424,0.0,0.1325,-0.0,0.7673,1.049,0.0,2.309,0.0,9.890738003669029e-05,90.4,0.68
3527,1790889115.4332743,-0.5491,0.0924,-0.8045,-0.1971,0.311,0.3455,0.5237,0.3883,0.3289,0.2019,0.3701,0.428,0.0,0.2142,-0.0,1.1758,1.048,0.0,2.294,0.0,9.890738003669029e-05,130.0,0.57
3528,1790889116.0377223,-0.4431,0.0497,-0.5983,-0.2513,0.3027,0.3553,0.3112,0.2944,0.2715,0.1914,0.3675,0.4411,0.0,0.1859,-0.0,1.0335,1.039,0.0,2.286,0.494,9.889985953748626e-05,166.8,0.6
3529,1790889116.5508652,-0.5256,0.0549,-0.6956,-0.2365,0.34,0.3604,0.3945,0.4462,0.3401,0.2035,0.3671,0.4295,0.0,0.2639,-0.0,1.4243,1.048,0.0,2.308,0.0,9.889985953748626e-05,103.2,0.5
3530,1790889117.0785215,-0.4977,0.1036,-0.8167,-0.1848,0.3153,0.4939,0.2941,0.3283,0.2857,0.2061,0.3677,0.4261,0.0,0.2115,-0.0,1.1625,1.05,0.0,2.157,0.0,9.889985953748626e-05,135.7,0.52
3531,1790889117.6062837,-0.439,0.042,-0.626,-0.266,0.3217,0.295,0.3309,0.317,0.2734,0.2005,0.3629,0.4366,0.0,0.2032,-0.0,1.1204,1.046,0.0,2.309,0.0,9.889985953748626e-05,149.5,0.52
3532,1790889118.1321785,-0.3588,0.0564,-0.6713,-0.0766,0.2393,0.3104,0.2133,0.2295,0.2033,0.1986,0.367,0.4345,0.0,0.1589,-0.0,0.899,1.046,0.0,2.295,0.0,9.889985953748626e-05,194.2,0.52
3533,1790889118.6770525,-0.4855,0.0598,-0.7722,-0.2818,0.3426,0.3138,0.3682,0.3876,0.2979,0.206,0.3666,0.4274,0.0,0.2342,-0.0,1.2762,1.05,0.0,2.276,0.0,9.889985953748626e-05,97.4,0.54
3534,1790889119.2431808,-0.4656,0.0463,-0.6375,-0.1886,0.2752,0.3394,0.3035,0.3656,0.2899,0.2089,0.3642,0.4269,0.0,0.1952,-0.0,1.0811,1.051,0.0,2.309,0.0,9.889985953748626e-05,124.4,0.56
3535,1790889119.816605,-0.5153,0.0575,-0.7833,-0.366,0.3538,0.3548,0.4147,0.3716,0.3275,0.1989,0.3667,0.4344,0.0,0.2226,-0.0,1.2174,1.045,0.0,2.309,0.0,9.889985953748626e-05,138.0,0.57
3536,1790889120.3814569,-0.4102,0.054,-0.7043,-0.2284,0.2926,0.2754,0.3338,0.2652,0.2426,0.1971,0.3674,0.4355,0.0,0.174,-0.0,0.9746,1.044,0.0,2.29,0.093,9.889231353307689e-05,183.8,0.56
3537,1790889120.9280436,-0.4467,0.0625,-0.7121,-0.1801,0.3382,0.2645,0.3742,0.3403,0.2601,0.2011,0.367,0.4319,0.0,0.2188,-0.0,1.1987,1.046,0.0,2.309,0.0,9.889231353307689e-05,105.0,0.54
3538,1790889121.487601,-0.5065,0.0615,-0.8126,-0.3304,0.3944,0.4243,0.3295,0.3728,0.318,0.1995,0.364,0.4365,0.0,0.2867,-0.0,1.5379,1.045,0.0,2.304,0.0,9.889231353307689e-05,134.4,0.55
3539,1790889122.0586996,-0.4379,0.0394,-0.864,-0.2613,0.322,0.3131,0.3451,0.3013,0.2811,0.2022,0.3714,0.4263,0.0,0.2142,-0.0,1.1759,1.048,0.0,2.309,0.0,9.889231353307689e-05,155.8,0.56
3540,1790889122.6570117,-0.4876,0.1286,-0.8919,-0.1883,0.2537,0.3046,0.5243,0.2547,0.2547,0.188,0.3692,0.4429,0.0,0.1544,-0.0,0.8757,1.037,0.0,2.149,0.0,9.889231353307689e-05,200.1,0.59
3541,1790889123.233087,-0.5015,0.115,-0.812,-0.2095,0.3995,0.3249,0.5132,0.2749,0.2597,0.2037,0.3647,0.4316,0.0,0.2737,-0.0,1.4732,1.047,0.0,2.214,0.0,9.889231353307689e-05,97.9,0.57
3542,1790889123.7906814,-0.5529,0.0726,-0.9034,-0.22,0.4228,0.3806,0.5002,0.375,0.3421,0.2028,0.3638,0.4334,0.0,0.2768,-0.0,1.4884,1.046,0.0,2.287,0.0,9.889231353307689e-05,115.9,0.55
3543,1790889124.337429,-0.4425,0.0515,-0.7246,-0.175,0.3694,0.339,0.2845,0.3369,0.2697,0.205,0.3707,0.4243,0.0,0.2488,-0.0,1.349,1.048,0.0,2.309,0.0,9.889231353307689e-05,144.5,0.54
3544,1790889124.9085748,-0.4185,0.0728,-0.7265,-0.1156,0.4605,0.3534,0.3173,0.2381,0.2289,0.1896,0.3609,0.4495,0.0,0.3068,-0.0,1.6378,1.036,0.0,2.304,0.665,9.888474202739803e-05,175.7,0.56
3545,1790889125.742043,-0.4011,0.0511,-0.5947,-0.1769,0.2683,0.2526,0.296,0.3027,0.2361,0.2062,0.3632,0.4306,0.0,0.1837,-0.0,1.0231,1.048,0.0,2.309,0.0,9.888474202739803e-05,61.8,0.82
3546,1790889126.2208107,-0.5336,0.0428,-0.7811,-0.2205,0.3457,0.3798,0.42,0.3932,0.3552,0.209,0.3705,0.4205,0.0,0.2193,-0.0,1.2017,1.051,0.0,2.306,0.0,9.888474202739803e-05,128.0,0.47
3547,1790889126.798442,-0.4597,0.0482,-0.6712,-0.2051,0.3344,0.3211,0.3719,0.3007,0.2895,0.2012,0.3707,0.4281,0.0,0.206,-0.0,1.1346,1.047,0.0,2.309,0.0,9.888474202739803e-05,145.3,0.57
3548,1790889127.4036932,-0.4894,0.0657,-0.8096,-0.1298,0.3421,0.3706,0.3055,0.4191,0.2962,0.1933,0.3608,0.4459,0.0,0.2265,-0.0,1.2364,1.04,0.0,2.308,0.0,9.888474202739803e-05,168.6,0.6
3549,1790889127.95674,-0.5944,0.0441,-0.875,-0.3343,0.3847,0.479,0.4443,0.4644,0.4149,0.2063,0.3625,0.4312,0.0,0.2993,-0.0,1.6015,1.049,0.0,2.309,0.0,9.888474202739803e-05,96.6,0.54
3550,1790889128.531035,-0.4624,0.057,-0.7171,-0.132,0.3632,0.2831,0.3438,0.3965,0.2786,0.1984,0.3719,0.4297,0.0,0.2518,-0.0,1.3633,1.044,0.0,2.299,0.0,9.888474202739803e-05,130.1,0.57
3551,1790889131.759912,-0.4106,0.07,-0.6288,-0.1164,0.2727,0.3479,0.2674,0.2539,0.2277,0.203,0.3694,0.4275,0.0,0.1784,-0.0,0.9967,1.048,0.0,2.301,0.0,9.888474202739803e-05,115.1,0.72
3552,1790889132.3454971,-0.4624,0.0891,-0.775,-0.2256,0.3098,0.2862,0.4406,0.2657,0.2479,0.1871,0.3599,0.453,0.0,0.2004,-0.0,1.1056,1.034,0.0,2.295,0.239,9.887714502439884e-05,197.3,0.58
3553,1790889132.866406,-0.5532,0.1043,-0.9297,-0.1882,0.3497,0.5166,0.4464,0.3211,0.3198,0.2057,0.3688,0.4255,0.0,0.2609,-0.0,1.4095,1.049,0.0,2.306,0.0,9.887714502439884e-05,97.3,0.51
3554,1790889133.4184446,-0.4377,0.0652,-0.6652,-0.1688,0.3904,0.3488,0.2619,0.3523,0.2503,0.1997,0.361,0.4392,0.0,0.2563,-0.0,1.3856,1.043,0.0,2.307,0.0,9.887714502439884e-05,117.3,0.54
3555,1790889133.9228928,-0.459,0.0822,-0.7523,-0.1379,0.3182,0.2885,0.4256,0.308,0.2719,0.2025,0.3685,0.429,0.0,0.1997,-0.0,1.1033,1.048,0.0,2.304,0.0,9.887714502439884e-05,155.1,0.5
3556,1790889134.512319,-0.4111,0.0495,-0.8605,-0.2141,0.3032,0.3441,0.2564,0.2767,0.244,0.1959,0.3628,0.4413,0.0,0.1996,-0.0,1.1023,1.042,0.0,2.308,0.0,9.887714502439884e-05,177.0,0.58
3557,1790889135.055818,-0.5307,0.0592,-0.7864,-0.338,0.4127,0.4044,0.3559,0.4524,0.34,0.2051,0.3618,0.433,0.0,0.3438,-0.0,1.8236,1.047,0.0,2.302,0.0,9.887714502439884e-05,85.9,0.54
3558,1790889135.6035457,-0.4965,0.0599,-0.8457,-0.1462,0.2969,0.3106,0.3731,0.4256,0.3054,0.2064,0.3675,0.4261,0.0,0.1984,-0.0,1.0969,1.051,0.0,2.286,0.0,9.887714502439884e-05,110.4,0.54
3559,1790889136.163972,-0.4912,0.0618,-0.7399,-0.325,0.4345,0.3373,0.4408,0.3314,0.3184,0.198,0.3647,0.4373,0.0,0.3204,-0.0,1.7065,1.043,0.0,2.305,0.0,9.887714502439884e-05,140.3,0.55
3560,1790889136.7868176,-0.5407,0.0726,-0.8629,-0.2648,0.3035,0.484,0.4078,0.3373,0.3316,0.199,0.3673,0.4337,0.0,0.1965,-0.0,1.0872,1.045,0.0,2.308,0.291,9.886952252804177e-05,164.4,0.61
3561,1790889137.3327343,-0.5314,0.0664,-0.7905,-0.1761,0.3165,0.4462,0.3408,0.4425,0.3384,0.2067,0.365,0.4283,0.0,0.2227,-0.0,1.2186,1.05,0.0,2.265,0.0,9.886952252804177e-05,94.3,0.54
3562,1790889137.9145298,-0.5243,0.1122,-0.87,-0.269,0.3638,0.2656,0.4361,0.4825,0.2656,0.2046,0.3622,0.4332,0.0,0.2672,-0.0,1.4408,1.048,0.0,2.223,0.0,9.886952252804177e-05,109.1,0.57
3563,1790889138.4718912,-0.5713,0.0843,-0.8666,-0.3279,0.331,0.5248,0.4435,0.3432,0.3394,0.2017,0.3695,0.4288,0.0,0.2289,-0.0,1.2492,1.046,0.0,2.302,0.0,9.886952252804177e-05,137.1,0.55
3564,1790889139.0804675,-0.3649,0.0514,-0.7324,-0.1621,0.2512,0.2169,0.241,0.2976,0.2034,0.1951,0.3674,0.4375,0.0,0.1537,-0.0,0.873,1.043,0.0,2.306,0.0,9.886952252804177e-05,169.3,0.6
3565,1790889139.6661434,-0.564,0.052,-0.7958,-0.3852,0.3462,0.4634,0.4114,0.4107,0.376,0.2032,0.3628,0.434,0.0,0.2409,-0.0,1.3094,1.048,0.0,2.299,0.0,9.886952252804177e-05,94.2,0.58
3566,1790889140.2236445,-0.3777,0.0408,-0.5668,-0.1568,0.246,0.2685,0.2514,0.2626,0.2215,0.2052,0.3672,0.4276,0.0,0.1471,0.0,0.8404,1.05,0.0,2.296,0.0,9.886952252804177e-05,134.7,0.55
3567,1790889140.7529905,-0.501,0.091,-0.8062,-0.2044,0.3199,0.3171,0.3235,0.4896,0.2987,0.2021,0.3748,0.4231,0.0,0.2243,-0.0,1.2265,1.048,0.0,2.136,0.0,9.886952252804177e-05,163.6,0.52
3568,1790889141.3550649,-0.419,0.0784,-0.6549,-0.2139,0.2295,0.3753,0.3156,0.2186,0.2175,0.1989,0.3664,0.4347,0.0,0.1443,-0.0,0.8262,1.046,0.0,2.302,0.323,9.886187454230254e-05,173.7,0.59
3569,1790889141.898916,-0.4883,0.0905,-0.7929,-0.2315,0.3313,0.4752,0.3272,0.3024,0.293,0.2108,0.3656,0.4236,0.0,0.2241,-0.0,1.2255,1.053,0.0,2.309,0.0,9.886187454230254e-05,95.3,0.53
3570,1790889142.4553473,-0.4312,0.0597,-0.6862,-0.1394,0.3599,0.2875,0.3728,0.2936,0.2674,0.206,0.3666,0.4274,0.0,0.2502,-0.0,1.3557,1.049,0.0,2.309,0.0,9.886187454230254e-05,117.4,0.55
3571,1790889143.0163753,-0.4379,0.0554,-0.7917,-0.2694,0.3089,0.2944,0.298,0.3672,0.2648,0.2071,0.3672,0.4256,0.0,0.1873,-0.0,1.0413,1.05,0.0,2.279,0.0,9.886187454230254e-05,143.5,0.55
3572,1790889143.6248653,-0.4031,0.0309,-0.7306,-0.1858,0.2647,0.2817,0.2925,0.2827,0.2539,0.19,0.3628,0.4473,0.0,0.1638,-0.0,0.9229,1.037,0.0,2.295,0.0,9.886187454230254e-05,168.9,0.6
3573,1790889144.1284144,-0.434,0.056,-0.5862,-0.2541,0.3753,0.3025,0.3495,0.2998,0.2641,0.2044,0.3596,0.4361,0.0,0.249,-0.0,1.3495,1.047,0.0,2.277,0.0,9.886187454230254e-05,115.0,0.49
3574,1790889144.6891031,-0.4391,0.0465,-0.7145,-0.1169,0.2736,0.2972,0.3332,0.3339,0.2741,0.2076,0.374,0.4184,0.0,0.2019,-0.0,1.1147,1.052,0.0,2.299,0.0,9.886187454230254e-05,124.9,0.55
3575,1790889145.2763567,-0.3811,0.0436,-0.6158,-0.1327,0.2632,0.2343,0.2856,0.2933,0.2314,0.2019,0.3701,0.428,0.0,0.1653,-0.0,0.9315,1.048,0.0,2.309,0.0,9.886187454230254e-05,148.2,0.58
3576,1790889148.4593437,-0.5488,0.0881,-0.9357,-0.0704,0.2885,0.3317,0.5172,0.4121,0.331,0.1887,0.3605,0.4508,0.0,0.1907,-0.0,1.0573,1.036,0.0,2.266,0.456,9.885420107117021e-05,160.8,0.76
3577,1790889148.9947374,-0.5322,0.0693,-0.8045,-0.268,0.2952,0.432,0.3439,0.4261,0.3298,0.2024,0.3664,0.4312,0.0,0.1978,-0.0,1.0938,1.047,0.0,2.265,0.0,9.885420107117021e-05,107.0,0.53
3578,1790889149.5131493,-0.4854,0.0861,-0.7051,-0.2392,0.3148,0.3433,0.4325,0.2895,0.2756,0.2038,0.3653,0.4309,0.0,0.2106,-0.0,1.1579,1.048,0.0,2.274,0.0,9.885420107117021e-05,131.6,0.51
3579,1790889150.0419128,-0.3851,0.0533,-0.6926,-0.1877,0.3461,0.2311,0.3121,0.2775,0.2198,0.199,0.3642,0.4368,0.0,0.2304,-0.0,1.2566,1.044,0.0,2.303,0.0,9.885420107117021e-05,149.6,0.52
3580,1790889150.6641037,-0.4001,0.0445,-0.6506,-0.2004,0.3514,0.2576,0.3336,0.2602,0.2456,0.1927,0.3597,0.4475,0.0,0.2395,-0.0,1.3016,1.039,0.0,2.27,0.0,9.885420107117021e-05,158.7,0.61
3581,1790889151.2746284,-0.4736,0.0518,-0.8216,-0.2246,0.3283,0.3368,0.3321,0.4047,0.3057,0.2082,0.3615,0.4304,0.0,0.2322,-0.0,1.2663,1.05,0.0,2.268,0.0,9.885420107117021e-05,98.2,0.6
3582,1790889151.7999902,-0.6171,0.0868,-0.9246,-0.2007,0.4498,0.5063,0.5563,0.3915,0.3881,0.1991,0.3601,0.4408,0.0,0.3155,-0.0,1.6818,1.043,0.0,2.251,0.0,9.885420107117021e-05,145.8,0.52
3583,1790889152.3577313,-0.4443,0.0643,-0.7796,-0.1924,0.2831,0.353,0.2631,0.3401,0.2534,0.202,0.3665,0.4315,0.0,0.1885,-0.0,1.047,1.047,0.0,2.288,0.0,9.885420107117021e-05,146.7,0.55
3584,1790889152.9567144,-0.3977,0.0395,-0.7182,-0.2236,0.1865,0.2463,0.2907,0.2763,0.2329,0.2002,0.3674,0.4323,0.0,0.1145,-0.0,0.6774,1.047,0.0,2.299,0.456,9.88465021186471e-05,174.8,0.59
3585,1790889153.4947336,-0.5438,0.0489,-0.8022,-0.3462,0.5524,0.4346,0.3862,0.4243,0.3619,0.1985,0.3481,0.4534,0.0,0.3977,0.0,2.0925,1.038,0.0,2.302,0.0,9.88465021186471e-05,98.6,0.53
3586,1790889154.0171473,-0.4426,0.0436,-0.625,-0.2757,0.2615,0.2998,0.3211,0.3397,0.2747,0.2053,0.3672,0.4275,0.0,0.165,-0.0,0.9299,1.049,0.0,2.306,0.0,9.88465021186471e-05,129.8,0.52
3587,1790889154.5870726,-0.4433,0.0515,-0.6177,-0.2336,0.3181,0.3081,0.3211,0.3334,0.2669,0.2,0.367,0.433,0.0,0.2033,-0.0,1.1212,1.045,0.0,2.309,0.0,9.88465021186471e-05,137.4,0.56
3588,1790889155.2780755,-0.4191,0.0432,-0.5986,-0.2625,0.3616,0.2918,0.315,0.2779,0.251,0.1921,0.3606,0.4473,0.0,0.2351,-0.0,1.2793,1.039,0.0,2.299,0.0,9.88465021186471e-05,175.6,0.62
3589,1790889155.81853,-0.4122,0.0584,-0.6789,-0.1637,0.3451,0.3378,0.2499,0.3081,0.24,0.2009,0.3592,0.4399,0.0,0.2156,-0.0,1.1826,1.045,0.0,2.305,0.0,9.88465021186471e-05,102.4,0.53
3590,1790889156.374644,-0.4534,0.0576,-0.8613,-0.1339,0.3079,0.2974,0.3197,0.393,0.2795,0.2101,0.3639,0.426,0.0,0.2461,-0.0,1.3358,1.052,0.0,2.305,0.0,9.88465021186471e-05,119.1,0.55
3591,1790889156.9366515,-0.4418,0.0542,-0.7274,-0.2033,0.392,0.2814,0.3204,0.3409,0.2666,0.206,0.3629,0.4311,0.0,0.254,-0.0,1.3746,1.049,0.0,2.285,0.0,9.88465021186471e-05,144.3,0.55
3592,1790889157.5290036,-0.4564,0.0481,-0.6529,-0.2279,0.3074,0.3455,0.3311,0.3031,0.279,0.196,0.3612,0.4428,0.0,0.2017,-0.0,1.113,1.042,0.0,2.299,0.361,9.883877768874884e-05,166.3,0.59
3593,1790889158.0122628,-0.4544,0.0392,-0.6805,-0.2756,0.4974,0.3118,0.3628,0.3363,0.2994,0.1969,0.3512,0.4519,0.0,0.3409,-0.0,1.8084,1.039,0.0,2.309,0.0,9.883877768874884e-05,110.0,0.48
3594,1790889158.554166,-0.4336,0.0515,-0.6661,-0.215,0.4328,0.3382,0.286,0.3239,0.2671,0.1978,0.3619,0.4402,0.0,0.2781,-0.0,1.4949,1.043,0.0,2.259,0.0,9.883877768874884e-05,127.7,0.53
3595,1790889159.1112938,-0.4523,0.0426,-0.6679,-0.2738,0.2845,0.2996,0.3448,0.3479,0.2876,0.2033,0.3684,0.4282,0.0,0.1777,-0.0,0.9934,1.047,0.0,2.295,0.0,9.883877768874884e-05,154.8,0.55
3596,1790889159.7245054,-0.4011,0.0292,-0.648,-0.1943,0.339,0.2873,0.291,0.2694,0.251,0.1985,0.3589,0.4426,0.0,0.2214,-0.0,1.2114,1.043,0.0,2.28,0.0,9.883877768874884e-05,174.7,0.61
3597,1790889160.300459,-0.5203,0.0494,-0.8037,-0.3154,0.4189,0.3954,0.3922,0.3769,0.3413,0.202,0.3564,0.4415,0.0,0.3178,-0.0,1.6934,1.045,0.0,2.298,0.0,9.883877768874884e-05,89.2,0.57
3598,1790889160.8675287,-0.4951,0.0428,-0.7853,-0.2103,0.6013,0.3641,0.3639,0.3733,0.3247,0.1984,0.3522,0.4494,0.0,0.4401,-0.0,2.3042,1.039,0.0,2.309,0.0,9.883877768874884e-05,131.6,0.56
3599,1790889161.4464567,-0.5338,0.1234,-0.957,-0.2044,0.4174,0.5622,0.3315,0.3271,0.298,0.2002,0.3561,0.4437,0.0,0.2925,-0.0,1.5668,1.043,0.0,2.248,0.0,9.883877768874884e-05,142.3,0.57
3600,1790889162.0873394,-0.4961,0.0496,-0.8643,-0.2197,0.2878,0.3543,0.3773,0.3716,0.3158,0.1914,0.355,0.4536,0.0,0.1899,-0.0,1.0532,1.037,0.0,2.304,0.14,9.883102778550434e-05,165.2,0.63
3601,1790889165.356121,-0.5,0.0571,-0.7084,-0.2748,0.4033,0.3558,0.4176,0.3472,0.3202,0.2049,0.3543,0.4409,0.0,0.2587,-0.0,1.3982,1.046,0.0,2.308,0.0,9.883102778550434e-05,80.4,0.68
3602,1790889165.8898559,-0.4451,0.0544,-0.6889,-0.2228,0.3426,0.3344,0.27,0.3735,0.2687,0.1982,0.3606,0.4413,0.0,0.2241,-0.0,1.225,1.043,0.0,2.309,0.0,9.883102778550434e-05,135.3,0.53
3603,1790889166.425631,-0.3969,0.054,-0.743,-0.2262,0.3004,0.2653,0.2605,0.3043,0.2278,0.2,0.3616,0.4384,0.0,0.1966,-0.0,1.0878,1.045,0.0,2.273,0.0,9.883102778550434e-05,148.7,0.53
3604,1790889166.95253,-0.415,0.0531,-0.6932,-0.106,0.2688,0.2568,0.3429,0.2716,0.2437,0.1967,0.3578,0.4455,0.0,0.1727,-0.0,0.9677,1.042,0.0,2.309,0.0,9.883102778550434e-05,200.4,0.52
3605,1790889167.4936323,-0.4632,0.0677,-0.7103,-0.1241,0.3528,0.372,0.2671,0.3883,0.2671,0.2045,0.3566,0.439,0.0,0.2281,-0.0,1.245,1.047,0.0,2.285,0.0,9.883102778550434e-05,109.4,0.53
3606,1790889168.0466268,-0.4533,0.052,-0.7697,-0.2222,0.3921,0.3302,0.3203,0.3482,0.2832,0.2021,0.3606,0.4372,0.0,0.2809,-0.0,1.5093,1.046,0.0,2.288,0.0,9.883102778550434e-05,127.4,0.54
3607,1790889168.539029,-0.4271,0.039,-0.7879,-0.2568,0.3757,0.3198,0.3293,0.293,0.2757,0.2012,0.3607,0.4381,0.0,0.2436,-0.0,1.3223,1.045,0.0,2.273,0.0,9.883102778550434e-05,171.0,0.48
3608,1790889169.1505952,-0.4495,0.0732,-0.7214,-0.1861,0.252,0.3973,0.3229,0.2569,0.256,0.1951,0.3558,0.4492,0.0,0.175,-0.0,0.9791,1.04,0.0,2.304,0.198,9.88232524129558e-05,164.5,0.6
3609,1790889169.6374125,-0.5728,0.0476,-0.8449,-0.2652,0.497,0.4556,0.4362,0.446,0.3937,0.2066,0.3512,0.4422,0.0,0.3681,-0.0,1.945,1.045,0.0,2.309,0.0,9.88232524129558e-05,118.9,0.48
3610,1790889170.1211042,-0.4342,0.046,-0.5847,-0.2265,0.2919,0.2979,0.2895,0.3498,0.2722,0.2053,0.3621,0.4326,0.0,0.1644,-0.0,0.927,1.049,0.0,2.309,0.0,9.88232524129558e-05,151.5,0.47
3611,1790889170.6838853,-0.4337,0.0368,-0.7116,-0.2673,0.3006,0.3314,0.3237,0.2843,0.2753,0.2086,0.361,0.4303,0.0,0.1866,0.0,1.0382,1.051,0.0,2.294,0.0,9.88232524129558e-05,143.7,0.55
3612,1790889171.2998388,-0.3833,0.0642,-0.6783,-0.157,0.2172,0.3061,0.1959,0.2956,0.1941,0.1879,0.3538,0.4583,0.0,0.1222,-0.0,0.7142,1.033,0.0,2.259,0.0,9.88232524129558e-05,195.2,0.61
3613,1790889171.7843564,-0.517,0.0493,-0.7571,-0.324,0.3047,0.4099,0.4001,0.3582,0.3316,0.2108,0.3598,0.4294,0.0,0.2001,-0.0,1.1058,1.052,0.0,2.309,0.0,9.88232524129558e-05,117.2,0.48
3614,1790889172.3324978,-0.4721,0.1235,-0.8545,-0.175,0.2427,0.2776,0.2794,0.5006,0.2516,0.2074,0.3646,0.4281,0.0,0.1472,-0.0,0.8411,1.05,0.0,2.298,0.0,9.88232524129558e-05,137.7,0.54
3615,1790889172.896028,-0.4494,0.0769,-0.65,-0.1861,0.235,0.3913,0.3231,0.2741,0.2513,0.2044,0.3639,0.4317,0.0,0.1424,-0.0,0.8171,1.049,0.0,2.299,0.0,9.88232524129558e-05,157.7,0.55
3616,1790889173.4980109,-0.4897,0.0509,-0.7918,-0.2683,0.2718,0.3501,0.3309,0.3974,0.3103,0.1944,0.3604,0.4453,0.0,0.1847,-0.0,1.0277,1.041,0.0,2.303,0.383,9.881545157515868e-05,183.8,0.59
3617,1790889174.0527065,-0.5746,0.0559,-0.7725,-0.4034,0.5048,0.4689,0.4177,0.4244,0.3775,0.2067,0.3504,0.443,0.0,0.3976,-0.0,2.0923,1.045,0.0,2.309,0.0,9.881545157515868e-05,91.5,0.55
3618,1790889174.6236687,-0.4292,0.0434,-0.6425,-0.1796,0.3151,0.3212,0.325,0.2759,0.2628,0.2091,0.3599,0.431,0.0,0.2156,-0.0,1.1833,1.051,0.0,2.225,0.0,9.881545157515868e-05,118.0,0.56
3619,1790889175.1663518,-0.4382,0.0485,-0.6375,-0.2286,0.2935,0.3413,0.3435,0.2739,0.2693,0.205,0.3585,0.4365,0.0,0.1836,-0.0,1.0227,1.048,0.0,2.291,0.0,9.881545157515868e-05,144.0,0.53
3620,1790889175.7761142,-0.4203,0.0437,-0.6318,-0.1725,0.2833,0.2632,0.3058,0.321,0.2529,0.1896,0.3531,0.4573,0.0,0.1978,-0.0,1.0924,1.035,0.0,2.293,0.0,9.881545157515868e-05,170.7,0.6
3621,1790889176.264357,-0.4995,0.0556,-0.828,-0.2219,0.4131,0.4292,0.3597,0.3611,0.3301,0.2022,0.3499,0.4479,0.0,0.3586,-0.0,1.8975,1.043,0.0,2.254,0.0,9.881545157515868e-05,104.3,0.48
3622,1790889176.813983,-0.4651,0.0729,-0.7527,-0.2034,0.3822,0.2957,0.4203,0.2963,0.2756,0.2028,0.3548,0.4423,0.0,0.26,-0.0,1.4046,1.045,0.0,2.309,0.0,9.881545157515868e-05,115.4,0.54
3623,1790889177.3545458,-0.434,0.0713,-0.6549,-0.0282,0.2382,0.2958,0.2587,0.3976,0.2528,0.2054,0.3605,0.4342,0.0,0.1438,-0.0,0.8242,1.049,0.0,2.264,0.0,9.881545157515868e-05,139.4,0.53
3624,1790889177.9682372,-0.4276,0.0565,-0.7616,-0.1742,0.5363,0.2626,0.3003,0.3701,0.2549,0.1921,0.3478,0.4602,0.0,0.3793,-0.0,1.9998,1.034,0.0,2.308,0.141,9.880762527618177e-05,167.0,0.61
3625,1790889178.4434965,-0.5614,0.0795,-0.7889,-0.2218,0.3286,0.3738,0.4574,0.4491,0.3395,0.2076,0.3595,0.433,0.0,0.2323,-0.0,1.2666,1.049,0.0,2.295,0.0,9.880762527618177e-05,110.6,0.47
3626,1790889181.573351,-0.4499,0.0429,-0.6967,-0.1816,0.3055,0.3355,0.3527,0.2943,0.283,0.2073,0.3615,0.4311,0.0,0.2016,-0.0,1.1128,1.05,0.0,2.304,0.0,9.880762527618177e-05,93.2,0.7
3627,1790889182.1043909,-0.4069,0.0788,-0.6904,-0.1777,0.2737,0.2705,0.2352,0.3757,0.2291,0.2036,0.3601,0.4363,0.0,0.1802,-0.0,1.0056,1.047,0.0,2.309,0.0,9.880762527618177e-05,151.5,0.52
3628,1790889182.6508932,-0.3853,0.0285,-0.55,-0.2156,0.2649,0.2464,0.275,0.2741,0.2381,0.1967,0.3604,0.4428,0.0,0.162,-0.0,0.9141,1.042,0.0,2.255,0.0,9.880762527618177e-05,186.3,0.54
3629,1790889183.1680763,-0.4275,0.106,-0.7594,-0.1584,0.4162,0.2802,0.2238,0.4316,0.2226,0.206,0.354,0.4399,0.0,0.2793,-0.0,1.501,1.046,0.0,2.291,0.0,9.880762527618177e-05,115.5,0.51
3630,1790889183.6698527,-0.5233,0.0784,-0.8963,-0.1818,0.4,0.4561,0.3251,0.4029,0.3148,0.2057,0.3581,0.4361,0.0,0.2854,-0.0,1.5315,1.047,0.0,2.301,0.0,9.880762527618177e-05,138.6,0.49
3631,1790889184.2523859,-0.3952,0.0599,-0.5999,-0.0957,0.332,0.2287,0.3022,0.3079,0.2247,0.2039,0.3605,0.4356,0.0,0.2058,-0.0,1.1335,1.047,0.0,2.307,0.0,9.880762527618177e-05,133.2,0.57
3632,1790889184.876174,-0.4038,0.0464,-0.71,-0.1976,0.2452,0.3069,0.2554,0.3013,0.2406,0.1904,0.3574,0.4522,0.0,0.1575,0.0,0.8912,1.037,0.0,2.309,0.622,9.87997735201071e-05,173.5,0.62
3633,1790889185.4133563,-0.4309,0.0547,-0.6384,-0.1632,0.2769,0.3008,0.2726,0.3535,0.2514,0.2061,0.3576,0.4362,0.0,0.1773,-0.0,0.9913,1.049,0.0,2.297,0.0,9.87997735201071e-05,93.4,0.53
3634,1790889185.9568613,-0.5232,0.0673,-0.8919,-0.2648,0.4499,0.3384,0.4108,0.4297,0.3266,0.2001,0.3634,0.4365,0.0,0.3219,-0.0,1.7137,1.043,0.0,2.309,0.0,9.87997735201071e-05,136.9,0.54
3635,1790889186.4912174,-0.4804,0.05,-0.775,-0.2063,0.4511,0.2997,0.3683,0.3901,0.2968,0.2055,0.3533,0.4412,0.0,0.3082,-0.0,1.6453,1.045,0.0,2.308,0.0,9.87997735201071e-05,152.5,0.53
3636,1790889187.0726645,-0.5429,0.0433,-0.8858,-0.3774,0.301,0.4214,0.423,0.3696,0.3573,0.203,0.3598,0.4372,0.0,0.1837,-0.0,1.0235,1.047,0.0,2.281,0.0,9.87997735201071e-05,175.2,0.57
3637,1790889187.6107035,-0.4891,0.0478,-0.6704,-0.2138,0.4092,0.3678,0.3599,0.3519,0.314,0.208,0.3558,0.4362,0.0,0.2777,-0.0,1.4932,1.049,0.0,2.309,0.0,9.87997735201071e-05,99.9,0.53
3638,1790889188.1589959,-0.5034,0.0597,-0.7962,-0.2053,0.3493,0.3633,0.4272,0.3336,0.312,0.2028,0.359,0.4382,0.0,0.2514,-0.0,1.3614,1.046,0.0,2.309,0.0,9.87997735201071e-05,123.0,0.54
3639,1790889188.7062387,-0.4595,0.0974,-0.7559,-0.2291,0.274,0.4532,0.2753,0.2857,0.2573,0.2081,0.3635,0.4284,0.0,0.1671,-0.0,0.9406,1.052,0.0,2.14,0.0,9.87997735201071e-05,143.2,0.54
3640,1790889189.3422894,-0.3999,0.0377,-0.8536,-0.1715,0.3336,0.2584,0.2685,0.3102,0.2462,0.1924,0.3541,0.4535,0.0,0.2255,-0.0,1.2314,1.037,0.0,2.309,0.201,9.879189631102999e-05,164.3,0.63
3641,1790889189.8992023,-0.4953,0.0554,-0.8022,-0.26,0.2801,0.4004,0.3226,0.3893,0.3069,0.2065,0.3618,0.4317,0.0,0.2088,-0.0,1.1489,1.05,0.0,2.309,0.0,9.879189631102999e-05,90.9,0.55
3642,1790889190.4726226,-0.5463,0.121,-0.9,-0.229,0.2469,0.5237,0.4422,0.2777,0.2713,0.2063,0.3615,0.4322,0.0,0.1615,-0.0,0.9126,1.05,0.0,2.254,0.0,9.879189631102999e-05,113.3,0.57
3643,1790889191.011801,-0.4891,0.0431,-0.768,-0.1917,0.298,0.3664,0.3759,0.3459,0.3238,0.2045,0.3631,0.4324,0.0,0.2187,-0.0,1.1987,1.049,0.0,2.309,0.0,9.879189631102999e-05,137.2,0.53
3644,1790889191.6006076,-0.5865,0.1054,-0.978,-0.3155,0.4397,0.3968,0.3756,0.5902,0.363,0.1878,0.3514,0.4608,0.0,0.3041,0.0,1.6235,1.032,0.0,2.223,0.0,9.879189631102999e-05,171.3,0.58
3645,1790889192.1425338,-0.5776,0.0588,-0.8122,-0.3141,0.4,0.3863,0.484,0.465,0.374,0.2074,0.3595,0.4331,0.0,0.2733,-0.0,1.4716,1.049,0.0,2.302,0.0,9.879189631102999e-05,102.6,0.53
3646,1790889192.648389,-0.5093,0.1268,-0.8234,-0.1833,0.3173,0.5015,0.3911,0.2397,0.2397,0.2066,0.362,0.4315,0.0,0.2198,-0.0,1.204,1.05,0.0,2.274,0.0,9.879189631102999e-05,130.8,0.5
3647,1790889193.1997287,-0.4589,0.0415,-0.7045,-0.2738,0.2688,0.331,0.3275,0.3403,0.2892,0.2049,0.3622,0.4329,0.0,0.1694,-0.0,0.9519,1.048,0.0,2.275,0.0,9.879189631102999e-05,146.0,0.54
3648,1790889193.8537095,-0.3962,0.0545,-0.6681,-0.1959,0.2751,0.2885,0.3135,0.213,0.2111,0.1857,0.3539,0.4604,0.0,0.1746,-0.0,0.9759,1.031,0.0,2.224,0.282,9.878399365305906e-05,168.4,0.65
3649,1790889194.3884156,-0.5821,0.1066,-1.0007,-0.2176,0.3566,0.3175,0.4959,0.5097,0.316,0.205,0.3525,0.4426,0.0,0.2482,-0.0,1.3455,1.047,0.0,2.309,0.0,9.878399365305906e-05,93.1,0.53
3650,1790889194.9332788,-0.4753,0.0571,-0.7065,-0.2229,0.5495,0.3976,0.3154,0.3298,0.2934,0.2031,0.3553,0.4416,0.0,0.417,-0.0,2.1891,1.044,0.0,2.309,0.0,9.878399365305906e-05,118.5,0.54
3651,1790889198.2965772,-0.4831,0.0819,-0.6783,-0.194,0.1974,0.4416,0.2791,0.3224,0.2703,0.2043,0.3671,0.4286,0.0,0.1182,-0.0,0.6961,1.048,0.0,2.305,0.0,9.878399365305906e-05,99.6,0.85
3652,1790889198.8996513,-0.4324,0.0585,-0.7587,-0.1299,0.3403,0.2611,0.3657,0.3078,0.2521,0.1917,0.3553,0.453,0.0,0.2311,-0.0,1.2592,1.037,0.0,2.308,0.0,9.878399365305906e-05,188.3,0.6
3653,1790889199.4183774,-0.5541,0.11,-0.8167,-0.1654,0.3008,0.4076,0.5542,0.332,0.3291,0.2075,0.3612,0.4313,0.0,0.2104,-0.0,1.1571,1.05,0.0,2.263,0.0,9.878399365305906e-05,102.7,0.51
3654,1790889199.9450846,-0.4707,0.1032,-0.8531,-0.2124,0.3441,0.4367,0.2348,0.3742,0.2348,0.209,0.3631,0.428,0.0,0.2348,-0.0,1.2789,1.051,0.0,2.26,0.0,9.878399365305906e-05,137.9,0.52
3655,1790889200.4421468,-0.4083,0.0477,-0.6634,-0.2189,0.2797,0.2873,0.3267,0.2596,0.2496,0.2077,0.3671,0.4252,0.0,0.1714,-0.0,0.9622,1.051,0.0,2.306,0.0,9.878399365305906e-05,166.5,0.49
3656,1790889200.962965,-0.4983,0.0606,-0.8531,-0.3089,0.3052,0.3387,0.4241,0.3376,0.3162,0.1997,0.3585,0.4418,0.0,0.2014,-0.0,1.1116,1.045,0.0,2.238,0.224,9.877606555031616e-05,186.3,0.51
3657,1790889201.5085342,-0.4457,0.0606,-0.6249,-0.1548,0.2775,0.3154,0.2761,0.3827,0.268,0.2067,0.363,0.4303,0.0,0.1886,-0.0,1.0483,1.05,0.0,2.309,0.0,9.877606555031616e-05,104.2,0.54
3658,1790889202.0654132,-0.5143,0.0628,-0.7399,-0.1667,0.364,0.3948,0.4442,0.3152,0.3138,0.2102,0.362,0.4278,0.0,0.2459,-0.0,1.3349,1.052,0.0,2.285,0.0,9.877606555031616e-05,125.4,0.55
3659,1790889202.6159198,-0.4744,0.0432,-0.7225,-0.2457,0.4096,0.3878,0.3387,0.3169,0.305,0.2068,0.3634,0.4298,0.0,0.2672,-0.0,1.4411,1.049,0.0,2.288,0.0,9.877606555031616e-05,142.9,0.54
3660,1790889203.2093296,-0.4201,0.0435,-0.65,-0.2059,0.2974,0.284,0.3285,0.2812,0.2544,0.1974,0.3592,0.4435,0.0,0.1881,-0.0,1.0445,1.043,0.0,2.305,0.0,9.877606555031616e-05,165.5,0.59
3661,1790889203.7752435,-0.422,0.0596,-0.71,-0.1125,0.3167,0.2938,0.3444,0.2812,0.2501,0.2055,0.3605,0.434,0.0,0.2294,-0.0,1.2518,1.048,0.0,2.309,0.0,9.877606555031616e-05,93.9,0.56
3662,1790889204.3472266,-0.4648,0.0459,-0.7415,-0.2625,0.2329,0.3658,0.3069,0.3442,0.2874,0.2146,0.3659,0.4194,0.0,0.1297,-0.0,0.7538,1.056,0.0,2.303,0.0,9.877606555031616e-05,117.3,0.56
3663,1790889204.908808,-0.4256,0.0592,-0.74,-0.2264,0.2181,0.2972,0.37,0.257,0.2548,0.206,0.366,0.428,0.0,0.1315,-0.0,0.7624,1.051,0.0,2.259,0.0,9.877606555031616e-05,142.9,0.55
3664,1790889205.4743721,-0.409,0.0541,-0.6263,-0.1932,0.2544,0.3415,0.2569,0.2758,0.2417,0.2001,0.3594,0.4405,0.0,0.1675,-0.0,0.9421,1.045,0.0,2.305,0.517,9.876811200693641e-05,187.1,0.56
3665,1790889205.973063,-0.479,0.0467,-0.7178,-0.1711,0.3252,0.383,0.3537,0.3237,0.3032,0.2066,0.3573,0.4361,0.0,0.2491,-0.0,1.3502,1.049,0.0,2.309,0.0,9.876811200693641e-05,107.9,0.49
3666,1790889206.5176861,-0.5239,0.1358,-0.9608,-0.1809,0.3908,0.5249,0.4275,0.2453,0.2453,0.2044,0.3571,0.4385,0.0,0.2534,-0.0,1.3715,1.047,0.0,2.307,0.0,9.876811200693641e-05,125.1,0.54
3667,1790889207.030504,-0.4405,0.0578,-0.695,-0.2267,0.2535,0.3742,0.2731,0.3148,0.2673,0.2054,0.3642,0.4304,0.0,0.1626,-0.0,0.918,1.049,0.0,2.297,0.0,9.876811200693641e-05,158.8,0.5
3668,1790889207.6331544,-0.399,0.0451,-0.706,-0.2442,0.2488,0.3079,0.2485,0.2901,0.2383,0.1959,0.3627,0.4415,0.0,0.1554,-0.0,0.8811,1.042,0.0,2.303,0.0,9.876811200693641e-05,183.6,0.59
3669,1790889208.2050226,-0.5848,0.0577,-0.79,-0.2231,0.5979,0.4286,0.4731,0.4413,0.3816,0.2059,0.3523,0.4418,0.0,0.4287,-0.0,2.248,1.044,0.0,2.309,0.0,9.876811200693641e-05,90.4,0.56
3670,1790889208.7030427,-0.4601,0.0539,-0.7833,-0.2243,0.1983,0.3721,0.2898,0.3299,0.275,0.2093,0.3647,0.426,0.0,0.1291,-0.0,0.7507,1.052,0.0,2.309,0.0,9.876811200693641e-05,131.0,0.49
3671,1790889209.292438,-0.3984,0.0437,-0.6955,-0.25,0.2308,0.2558,0.2662,0.3193,0.2401,0.2034,0.3603,0.4363,0.0,0.1492,-0.0,0.8509,1.047,0.0,2.297,0.0,9.876811200693641e-05,143.0,0.58
3672,1790889209.8949091,-0.3799,0.0508,-0.6493,-0.195,0.302,0.2497,0.2472,0.309,0.2242,0.1989,0.3605,0.4406,0.0,0.1963,-0.0,1.086,1.044,0.0,2.22,0.532,9.876013302706828e-05,184.5,0.6
3673,1790889210.4307337,-0.5704,0.0873,-0.8216,-0.2604,0.3153,0.5243,0.3599,0.4208,0.3504,0.2103,0.3606,0.4291,0.0,0.2025,-0.0,1.1178,1.052,0.0,2.305,0.0,9.876013302706828e-05,109.7,0.53
3674,1790889210.9529471,-0.4595,0.0608,-0.6818,-0.3021,0.3399,0.3582,0.3018,0.3518,0.2816,0.2047,0.3633,0.432,0.0,0.2141,-0.0,1.1753,1.048,0.0,2.276,0.0,9.876013302706828e-05,132.2,0.52
3675,1790889211.4588904,-0.4751,0.0629,-0.7995,-0.2506,0.4646,0.3245,0.3589,0.3645,0.2923,0.1994,0.3555,0.4451,0.0,0.3243,-0.0,1.7256,1.042,0.0,2.305,0.0,9.876013302706828e-05,159.1,0.5
3676,1790889214.6047971,-0.3668,0.0334,-0.5974,-0.2057,0.2309,0.2491,0.2309,0.266,0.2199,0.1962,0.3613,0.4425,0.0,0.1265,-0.0,0.7365,1.042,0.0,2.305,0.0,9.876013302706828e-05,161.5,0.68
3677,1790889215.157537,-0.4906,0.0911,-0.9,-0.1066,0.4932,0.4429,0.3792,0.2691,0.2645,0.2118,0.3521,0.4361,0.0,0.3427,-0.0,1.8183,1.05,0.0,2.281,0.0,9.876013302706828e-05,91.5,0.54
3678,1790889215.682318,-0.4632,0.0541,-0.6661,-0.2986,0.2677,0.2953,0.3982,0.3254,0.2905,0.2041,0.3619,0.4339,0.0,0.1662,-0.0,0.9359,1.048,0.0,2.246,0.0,9.876013302706828e-05,127.7,0.52
3679,1790889216.2419114,-0.4001,0.0445,-0.6146,-0.149,0.2833,0.2751,0.2957,0.2942,0.2478,0.2024,0.3608,0.4368,0.0,0.1884,-0.0,1.0467,1.046,0.0,2.307,0.0,9.876013302706828e-05,148.0,0.55
3680,1790889216.8528738,-0.4766,0.1084,-0.8385,-0.1915,0.2964,0.4842,0.2807,0.2969,0.2616,0.1945,0.3607,0.4448,0.0,0.1775,-0.0,0.9914,1.041,0.0,2.288,0.391,9.87521286148734e-05,172.1,0.6
3681,1790889217.406809,-0.5029,0.0464,-0.6956,-0.355,0.3546,0.4114,0.3517,0.3664,0.3288,0.2042,0.3576,0.4382,0.0,0.3076,-0.0,1.6427,1.046,0.0,2.309,0.0,9.87521286148734e-05,93.1,0.55
3682,1790889217.9537973,-0.5276,0.0726,-0.7792,-0.0992,0.5345,0.4687,0.3338,0.3994,0.3305,0.2054,0.3553,0.4393,0.0,0.3932,-0.0,2.0705,1.045,0.0,2.303,0.0,9.87521286148734e-05,121.5,0.54
3683,1790889218.514626,-0.4683,0.0721,-0.792,-0.1996,0.3134,0.2859,0.4075,0.3443,0.28,0.1965,0.3621,0.4414,0.0,0.2135,-0.0,1.1718,1.043,0.0,2.297,0.0,9.87521286148734e-05,147.8,0.55
3684,1790889219.1105528,-0.4711,0.0622,-0.7639,-0.2197,0.3269,0.3487,0.3915,0.2948,0.2881,0.1918,0.3571,0.4511,0.0,0.2222,-0.0,1.2147,1.038,0.0,2.306,0.0,9.87521286148734e-05,191.6,0.59
3685,1790889219.6438062,-0.5318,0.0805,-0.8569,-0.2783,0.3728,0.5004,0.3268,0.3794,0.3148,0.2049,0.3602,0.4349,0.0,0.2913,-0.0,1.561,1.047,0.0,2.306,0.0,9.87521286148734e-05,108.6,0.53
3686,1790889220.2032757,-0.4376,0.0469,-0.5976,-0.2091,0.2578,0.3003,0.2852,0.3389,0.2654,0.2057,0.3634,0.4309,0.0,0.1557,0.0,0.8834,1.05,0.0,2.294,0.0,9.87521286148734e-05,134.5,0.55
3687,1790889220.7497642,-0.4399,0.0505,-0.6619,-0.1854,0.3247,0.2744,0.3589,0.3326,0.2657,0.2006,0.3626,0.4368,0.0,0.2056,-0.0,1.1324,1.046,0.0,2.297,0.0,9.87521286148734e-05,162.4,0.54
3688,1790889221.4102933,-0.4528,0.0708,-0.8179,-0.1929,0.2286,0.2461,0.3865,0.3573,0.2447,0.1906,0.3604,0.449,0.0,0.149,-0.0,0.8485,1.038,0.0,2.226,0.191,9.874409877452673e-05,174.9,0.65
3689,1790889221.9557679,-0.4792,0.0733,-0.9417,-0.1898,0.2865,0.431,0.2947,0.3241,0.2837,0.2021,0.3609,0.437,0.0,0.2034,-0.0,1.1216,1.046,0.0,2.282,0.0,9.874409877452673e-05,107.1,0.54
3690,1790889222.4965923,-0.4931,0.0511,-0.7827,-0.2632,0.364,0.4096,0.3159,0.3684,0.3108,0.2053,0.3633,0.4314,0.0,0.2321,-0.0,1.2655,1.049,0.0,2.309,0.0,9.874409877452673e-05,129.8,0.53
3691,1790889223.090161,-0.5463,0.0693,-0.8075,-0.2219,0.3534,0.3872,0.3731,0.4832,0.3456,0.199,0.3632,0.4378,0.0,0.2189,-0.0,1.1992,1.044,0.0,2.246,0.0,9.874409877452673e-05,139.1,0.58
3692,1790889223.6371439,-0.5946,0.1507,-0.9047,-0.3099,0.2539,0.5662,0.522,0.2847,0.2847,0.1998,0.3685,0.4317,0.0,0.1597,-0.0,0.9031,1.046,0.0,2.306,0.0,9.874409877452673e-05,183.9,0.54
3693,1790889224.1827712,-0.4253,0.0472,-0.6912,-0.203,0.3177,0.3112,0.3191,0.2974,0.2653,0.2045,0.366,0.4295,0.0,0.236,-0.0,1.2848,1.048,0.0,2.29,0.0,9.874409877452673e-05,97.9,0.54
3694,1790889224.7137642,-0.5108,0.0777,-0.7629,-0.1897,0.2781,0.2972,0.3996,0.4436,0.2944,0.2003,0.3613,0.4384,0.0,0.1956,-0.0,1.0826,1.045,0.0,2.273,0.0,9.874409877452673e-05,133.6,0.52
3695,1790889225.286211,-0.4758,0.0621,-0.6733,-0.3336,0.2816,0.3731,0.3651,0.2931,0.287,0.2059,0.3635,0.4306,0.0,0.174,-0.0,0.9752,1.049,0.0,2.308,0.0,9.874409877452673e-05,153.9,0.56
3696,1790889225.9204352,-0.3744,0.0404,-0.5662,-0.1884,0.2996,0.2641,0.2832,0.2281,0.2211,0.194,0.3585,0.4475,0.0,0.1985,-0.0,1.0967,1.04,0.0,2.257,0.381,9.873604351021648e-05,169.4,0.63
3697,1790889226.4669504,-0.5073,0.041,-0.7393,-0.2988,0.3377,0.3869,0.3853,0.384,0.3438,0.208,0.3653,0.4267,0.0,0.2214,-0.0,1.2122,1.05,0.0,2.303,0.0,9.873604351021648e-05,99.5,0.54
3698,1790889227.0066123,-0.4909,0.05,-0.6582,-0.2357,0.3146,0.4101,0.3767,0.3201,0.3121,0.1997,0.3653,0.435,0.0,0.1917,-0.0,1.063,1.045,0.0,2.309,0.0,9.873604351021648e-05,125.7,0.53
3699,1790889227.5448515,-0.4229,0.0608,-0.7446,-0.165,0.3053,0.3191,0.348,0.2714,0.2579,0.1991,0.367,0.434,0.0,0.1997,-0.0,1.1032,1.045,0.0,2.304,0.0,9.873604351021648e-05,154.1,0.53
3700,1790889228.1248317,-0.4696,0.0342,-0.6536,-0.2618,0.2729,0.3637,0.327,0.3255,0.3039,0.1897,0.3595,0.4508,0.0,0.1792,-0.0,0.9998,1.037,0.0,2.302,0.0,9.873604351021648e-05,200.8,0.57
3701,1790889231.425579,-0.5127,0.0779,-0.7652,-0.1594,0.3963,0.4188,0.2965,0.4331,0.2909,0.1981,0.358,0.4438,0.0,0.2516,-0.0,1.3621,1.042,0.0,2.248,0.0,9.873604351021648e-05,67.4,0.85
3702,1790889231.9813066,-0.4599,0.0928,-0.8134,-0.1241,0.3664,0.2961,0.453,0.2659,0.2618,0.1999,0.3599,0.4402,0.0,0.2335,-0.0,1.272,1.043,0.0,2.257,0.0,9.873604351021648e-05,130.4,0.55
3703,1790889232.4939656,-0.4888,0.0799,-0.8683,-0.1879,0.1955,0.3219,0.4518,0.2914,0.278,0.2036,0.3694,0.427,0.0,0.1239,-0.0,0.7247,1.05,0.0,2.286,0.0,9.873604351021648e-05,166.2,0.5
3704,1790889233.0425935,-0.414,0.0342,-0.6917,-0.1989,0.2888,0.2925,0.2659,0.3124,0.2553,0.1837,0.3599,0.4563,0.0,0.196,-0.0,1.0833,1.031,0.0,2.304,0.389,9.872796282614412e-05,198.1,0.54
3705,1790889233.5581188,-0.6277,0.0679,-0.9706,-0.3115,0.343,0.5499,0.4793,0.4403,0.4243,0.2029,0.3655,0.4316,0.0,0.2485,-0.0,1.347,1.047,0.0,2.309,0.0,9.872796282614412e-05,101.9,0.51
3706,1790889234.1117363,-0.5693,0.066,-0.7803,-0.2973,0.2807,0.439,0.383,0.4741,0.3671,0.1987,0.3675,0.4339,0.0,0.1955,-0.0,1.0819,1.045,0.0,2.304,0.0,9.872796282614412e-05,124.6,0.54
3707,1790889234.6763537,-0.5137,0.0673,-0.8508,-0.2054,0.3255,0.325,0.3609,0.4601,0.3149,0.2027,0.3641,0.4333,0.0,0.2167,-0.0,1.1883,1.047,0.0,2.302,0.0,9.872796282614412e-05,140.6,0.56
3708,1790889235.2660596,-0.385,0.0437,-0.6024,-0.1699,0.3548,0.2587,0.2801,0.2863,0.2299,0.1915,0.3645,0.444,0.0,0.2449,-0.0,1.3285,1.038,0.0,2.307,0.0,9.872796282614412e-05,163.4,0.58
3709,1790889235.8324137,-0.4967,0.0651,-0.7683,-0.2154,0.2724,0.3485,0.4133,0.3552,0.3168,0.1977,0.3651,0.4372,0.0,0.184,-0.0,1.0245,1.043,0.0,2.295,0.0,9.872796282614412e-05,97.8,0.56
3710,1790889236.3572433,-0.5154,0.0765,-0.7918,-0.2965,0.3842,0.3545,0.3633,0.467,0.3203,0.2011,0.3668,0.432,0.0,0.2592,-0.0,1.4006,1.044,0.0,2.305,0.0,9.872796282614412e-05,131.9,0.51
3711,1790889236.982283,-0.461,0.0598,-0.7214,-0.2556,0.1888,0.3448,0.316,0.3656,0.2789,0.1987,0.3702,0.4311,0.0,0.1148,-0.0,0.6785,1.046,0.0,2.301,0.0,9.872796282614412e-05,140.5,0.62
3712,1790889237.5860722,-0.3879,0.0821,-0.6841,-0.0938,0.2403,0.3661,0.2339,0.2359,0.2128,0.1808,0.3584,0.4609,0.0,0.152,-0.0,0.8626,1.028,0.0,2.245,0.289,9.871985672652437e-05,190.6,0.59
3713,1790889238.1074927,-0.585,0.095,-0.9369,-0.2636,0.4472,0.4247,0.3581,0.5524,0.3527,0.1928,0.3582,0.449,0.0,0.295,-0.0,1.5787,1.037,0.0,2.246,0.0,9.871985672652437e-05,104.2,0.51
3714,1790889238.6231272,-0.4956,0.061,-0.6787,-0.298,0.2927,0.3303,0.3832,0.4027,0.3165,0.1983,0.3654,0.4363,0.0,0.177,-0.0,0.9897,1.045,0.0,2.305,0.0,9.871985672652437e-05,129.0,0.51
3715,1790889239.1646326,-0.487,0.0521,-0.8366,-0.277,0.3624,0.4057,0.3367,0.3529,0.3171,0.1971,0.3652,0.4377,0.0,0.2493,-0.0,1.3508,1.042,0.0,2.298,0.0,9.871985672652437e-05,152.4,0.53
3716,1790889239.7746096,-0.4393,0.0443,-0.6711,-0.2304,0.4098,0.2728,0.3626,0.3057,0.2685,0.1902,0.3615,0.4484,0.0,0.2843,-0.0,1.5254,1.037,0.0,2.301,0.0,9.871985672652437e-05,153.8,0.6
3717,1790889240.3294237,-0.5013,0.0639,-0.8773,-0.154,0.3317,0.356,0.4138,0.372,0.3108,0.1968,0.3652,0.438,0.0,0.2087,-0.0,1.1479,1.042,0.0,2.306,0.0,9.871985672652437e-05,100.2,0.55
3718,1790889240.8526003,-0.4777,0.0408,-0.7471,-0.2742,0.3565,0.3434,0.3389,0.3675,0.3084,0.1951,0.3628,0.4422,0.0,0.2256,-0.0,1.2321,1.04,0.0,2.256,0.0,9.871985672652437e-05,136.7,0.52
3719,1790889241.3445158,-0.3763,0.0473,-0.6151,-0.1893,0.327,0.2715,0.2385,0.2885,0.2228,0.1967,0.3635,0.4397,0.0,0.2145,-0.0,1.1766,1.043,0.0,2.244,0.0,9.871985672652437e-05,164.4,0.48
3720,1790889241.9783156,-0.4012,0.045,-0.5959,-0.1909,0.2467,0.2488,0.2886,0.307,0.2358,0.1849,0.3635,0.4516,0.0,0.1398,-0.0,0.8026,1.034,0.0,2.278,0.516,9.871172521558523e-05,181.9,0.62
3721,1790889242.4611597,-0.573,0.0747,-0.85,-0.2665,0.4772,0.4411,0.5055,0.3885,0.3618,0.1967,0.3569,0.4464,0.0,0.3369,-0.0,1.7886,1.04,0.0,2.308,0.0,9.871172521558523e-05,105.0,0.48
3722,1790889242.9984484,-0.4283,0.0559,-0.6533,-0.2972,0.2558,0.2652,0.312,0.3459,0.2562,0.2017,0.3688,0.4295,0.0,0.1684,-0.0,0.9468,1.046,0.0,2.309,0.0,9.871172521558523e-05,122.9,0.53
3723,1790889243.5408192,-0.4832,0.0615,-0.8167,-0.2268,0.3524,0.406,0.3196,0.3449,0.2872,0.1918,0.3632,0.445,0.0,0.231,0.0,1.2589,1.038,0.0,2.309,0.0,9.871172521558523e-05,155.5,0.53
3724,1790889244.1205924,-0.417,0.0548,-0.8271,-0.0766,0.2618,0.3106,0.3215,0.2632,0.2439,0.1857,0.3613,0.4531,0.0,0.1664,-0.0,0.9354,1.033,0.0,2.309,0.0,9.871172521558523e-05,188.1,0.57
3725,1790889244.6645517,-0.5279,0.0951,-0.7944,-0.2781,0.3831,0.5088,0.3016,0.393,0.3016,0.1959,0.3605,0.4435,0.0,0.2522,-0.0,1.3651,1.04,0.0,2.307,0.0,9.871172521558523e-05,94.1,0.53
3726,1790889248.111573,-0.4761,0.0861,-0.8573,-0.1714,0.4228,0.2661,0.3777,0.4003,0.2595,0.1949,0.3628,0.4423,0.0,0.2723,-0.0,1.4654,1.04,0.0,2.271,0.0,9.871172521558523e-05,86.5,0.75
3727,1790889248.6737814,-0.4386,0.0982,-0.7228,-0.118,0.2573,0.3099,0.2262,0.4166,0.2231,0.1934,0.3684,0.4382,0.0,0.1653,-0.0,0.9306,1.041,0.0,2.287,0.0,9.871172521558523e-05,147.2,0.55
3728,1790889249.2545202,-0.4085,0.0443,-0.6478,-0.2097,0.3152,0.2641,0.3013,0.3162,0.2449,0.18,0.3539,0.4661,0.0,0.1941,-0.0,1.0729,1.026,0.0,2.308,0.182,9.870356829756789e-05,186.4,0.57
3729,1790889249.7983756,-0.4207,0.0657,-0.7289,-0.0742,0.3931,0.2704,0.2756,0.3845,0.2534,0.1932,0.3611,0.4457,0.0,0.2852,-0.0,1.5298,1.039,0.0,2.297,0.0,9.870356829756789e-05,91.9,0.53
3730,1790889250.298948,-0.4799,0.0707,-0.7767,-0.2075,0.3121,0.2805,0.3896,0.3995,0.278,0.1994,0.3623,0.4384,0.0,0.2217,-0.0,1.2129,1.044,0.0,2.294,0.0,9.870356829756789e-05,135.2,0.49
3731,1790889250.850782,-0.4526,0.0688,-0.7232,-0.1155,0.2406,0.2947,0.2852,0.4078,0.2649,0.1955,0.3681,0.4364,0.0,0.1453,-0.0,0.8307,1.042,0.0,2.133,0.0,9.870356829756789e-05,149.6,0.54
3732,1790889251.4514666,-0.4089,0.0454,-0.5483,-0.2466,0.2106,0.3177,0.2808,0.2603,0.2416,0.185,0.3682,0.4469,0.0,0.1322,-0.0,0.7644,1.034,0.0,2.283,0.0,9.870356829756789e-05,177.9,0.59
3733,1790889251.9910629,-0.439,0.0571,-0.654,-0.1978,0.3086,0.3357,0.3369,0.3199,0.2745,0.1957,0.3666,0.4377,0.0,0.1994,-0.0,1.1011,1.043,0.0,2.28,0.0,9.870356829756789e-05,99.8,0.53
3734,1790889252.4934494,-0.4754,0.0516,-0.6888,-0.2941,0.2934,0.3739,0.3135,0.3592,0.2948,0.193,0.3656,0.4414,0.0,0.1724,-0.0,0.966,1.041,0.0,2.305,0.0,9.870356829756789e-05,131.4,0.49
3735,1790889253.0680218,-0.5093,0.1056,-0.7958,-0.2562,0.3458,0.4812,0.2658,0.4043,0.2658,0.196,0.367,0.437,0.0,0.2257,-0.0,1.2329,1.042,0.0,2.296,0.0,9.870356829756789e-05,143.4,0.57
3736,1790889253.6502073,-0.4034,0.0446,-0.5373,-0.2216,0.2976,0.2447,0.3036,0.3033,0.238,0.1836,0.3615,0.4549,0.0,0.1889,-0.0,1.0479,1.032,0.0,2.308,0.562,9.869538597672689e-05,182.3,0.57
3737,1790889254.168323,-0.5659,0.0584,-0.8817,-0.2852,0.446,0.4795,0.3933,0.4448,0.3774,0.1898,0.3599,0.4503,0.0,0.2612,-0.0,1.4093,1.035,0.0,2.299,0.0,9.869538597672689e-05,94.9,0.51
3738,1790889254.6983619,-0.4446,0.0441,-0.6503,-0.2333,0.3355,0.3571,0.3141,0.3187,0.2846,0.1969,0.3638,0.4393,0.0,0.2186,-0.0,1.1971,1.043,0.0,2.309,0.0,9.869538597672689e-05,126.6,0.52
3739,1790889255.2392673,-0.4814,0.0507,-0.6705,-0.2287,0.2899,0.3098,0.3784,0.3691,0.2959,0.2024,0.3708,0.4269,0.0,0.1875,-0.0,1.0422,1.048,0.0,2.309,0.0,9.869538597672689e-05,131.6,0.53
3740,1790889255.8299687,-0.3746,0.055,-0.6289,-0.1844,0.354,0.3149,0.2325,0.2387,0.2132,0.1815,0.3594,0.4591,0.0,0.2187,-0.0,1.1963,1.029,0.0,2.305,0.0,9.869538597672689e-05,170.3,0.58
3741,1790889256.3829315,-0.569,0.0972,-0.8693,-0.2767,0.3249,0.5337,0.3309,0.4384,0.3294,0.1968,0.3652,0.438,0.0,0.23,0.0,1.2542,1.042,0.0,2.293,0.0,9.869538597672689e-05,95.4,0.54
3742,1790889256.930667,-0.4632,0.0657,-0.7425,-0.1866,0.361,0.3218,0.3524,0.3478,0.2793,0.1962,0.3648,0.4391,0.0,0.2605,-0.0,1.4064,1.041,0.0,2.303,0.0,9.869538597672689e-05,120.7,0.54
3743,1790889257.5082388,-0.5323,0.1396,-0.9375,-0.2496,0.3083,0.579,0.3488,0.2958,0.2909,0.1956,0.3665,0.4379,0.0,0.1844,-0.0,1.0261,1.042,0.0,2.174,0.0,9.869538597672689e-05,129.3,0.57
3744,1790889258.1226666,-0.4273,0.0454,-0.5914,-0.225,0.2849,0.2703,0.3309,0.3149,0.2638,0.1841,0.3691,0.4468,0.0,0.1691,0.0,0.9488,1.033,0.0,2.309,0.526,9.868717825732994e-05,176.6,0.61
3745,1790889258.660986,-0.4948,0.086,-0.89,-0.0946,0.3566,0.2734,0.4268,0.4276,0.2734,0.1936,0.3672,0.4393,0.0,0.2233,-0.0,1.2207,1.041,0.0,2.298,0.0,9.868717825732994e-05,102.6,0.53
3746,1790889259.1869953,-0.4513,0.0619,-0.8124,-0.206,0.3956,0.2968,0.3098,0.3915,0.272,0.1973,0.3691,0.4336,0.0,0.2814,-0.0,1.5114,1.043,0.0,2.303,0.0,9.868717825732994e-05,135.2,0.52
3747,1790889259.7629266,-0.5671,0.1163,-0.8717,-0.3308,0.2867,0.3538,0.3489,0.5758,0.3288,0.1891,0.3749,0.436,0.0,0.1853,-0.0,1.0301,1.038,0.0,2.163,0.0,9.868717825732994e-05,143.8,0.57
3748,1790889260.336061,-0.3143,0.0409,-0.5,-0.1508,0.2396,0.211,0.2168,0.1855,0.1724,0.1913,0.3725,0.4362,0.0,0.1366,-0.0,0.7871,1.041,0.0,2.291,0.0,9.868717825732994e-05,180.4,0.56
3749,1790889260.9139845,-0.4792,0.0775,-0.747,-0.1917,0.5331,0.4361,0.3408,0.2851,0.2788,0.1926,0.3603,0.4471,0.0,0.3644,-0.0,1.9256,1.036,0.0,2.309,0.0,9.868717825732994e-05,98.2,0.57
3750,1790889261.443957,-0.3924,0.0586,-0.6685,-0.0689,0.496,0.3168,0.2192,0.2938,0.2138,0.1952,0.3626,0.4422,0.0,0.3316,-0.0,1.7617,1.039,0.0,2.308,0.0,9.868717825732994e-05,133.8,0.52
3751,1790889264.5994093,-0.4361,0.0607,-0.6965,-0.225,0.2657,0.2902,0.3642,0.2902,0.2545,0.1915,0.3744,0.4341,0.0,0.1691,-0.0,0.9498,1.041,0.0,2.309,0.0,9.868717825732994e-05,116.8,0.72
3752,1790889265.1382878,-0.4202,0.0523,-0.6763,-0.1291,0.3744,0.2731,0.2866,0.3284,0.246,0.1883,0.3685,0.4432,0.0,0.2301,-0.0,1.2539,1.036,0.0,2.307,0.36,9.867894514365802e-05,196.6,0.53
3753,1790889265.673596,-0.4849,0.0595,-0.7167,-0.1177,0.3132,0.3968,0.3459,0.3537,0.3083,0.1914,0.3748,0.4338,0.0,0.2015,-0.0,1.1116,1.04,0.0,2.309,0.0,9.867894514365802e-05,102.1,0.52
3754,1790889266.2015982,-0.4872,0.0721,-0.7461,-0.2061,0.5092,0.3,0.3618,0.4445,0.2942,0.1948,0.3662,0.439,0.0,0.3601,-0.0,1.9047,1.039,0.0,2.309,0.0,9.867894514365802e-05,134.7,0.52
3755,1790889266.6727912,-0.4889,0.1057,-0.7567,-0.2011,0.326,0.275,0.3243,0.4924,0.2664,0.1947,0.3701,0.4352,0.0,0.2212,-0.0,1.2101,1.042,0.0,2.263,0.0,9.867894514365802e-05,172.7,0.46
3756,1790889267.2934716,-0.5423,0.1089,-0.9722,-0.3105,0.3162,0.4152,0.5208,0.2858,0.2858,0.186,0.3737,0.4403,0.0,0.1911,-0.0,1.0591,1.036,0.0,2.274,0.0,9.867894514365802e-05,158.5,0.61
3757,1790889267.8700426,-0.4525,0.0712,-0.7402,-0.1686,0.3127,0.3206,0.3979,0.2838,0.2567,0.1966,0.3685,0.4348,0.0,0.2104,-0.0,1.1565,1.043,0.0,2.301,0.0,9.867894514365802e-05,97.8,0.57
3758,1790889268.3904283,-0.4362,0.0429,-0.7126,-0.2119,0.4079,0.3298,0.3235,0.3017,0.2731,0.1923,0.37,0.4377,0.0,0.2619,-0.0,1.4133,1.039,0.0,2.309,0.0,9.867894514365802e-05,134.2,0.51
3759,1790889268.9435565,-0.3849,0.0453,-0.5308,-0.2289,0.3412,0.2812,0.2625,0.2527,0.2196,0.1914,0.369,0.4396,0.0,0.2025,-0.0,1.1162,1.039,0.0,2.3,0.0,9.867894514365802e-05,141.9,0.55
3760,1790889269.490089,-0.4449,0.0602,-0.7849,-0.2511,0.4108,0.2848,0.2812,0.3909,0.2693,0.188,0.3682,0.4438,0.0,0.2941,-0.0,1.5739,1.035,0.0,2.276,0.271,9.867068664000538e-05,183.8,0.54
3761,1790889270.0647156,-0.5034,0.0584,-0.8715,-0.2071,0.2866,0.3574,0.4118,0.3676,0.3208,0.1967,0.3737,0.4296,0.0,0.212,-0.0,1.1642,1.044,0.0,2.307,0.0,9.867068664000538e-05,96.7,0.57
3762,1790889270.638886,-0.3861,0.0449,-0.6236,-0.1893,0.3266,0.2941,0.2732,0.242,0.2274,0.1889,0.3733,0.4377,0.0,0.2126,-0.0,1.1666,1.038,0.0,2.295,0.0,9.867068664000538e-05,126.8,0.57
3763,1790889271.210245,-0.4801,0.0515,-0.85,-0.2479,0.257,0.4061,0.3433,0.3174,0.3004,0.1924,0.3762,0.4314,0.0,0.1654,-0.0,0.9314,1.041,0.0,2.29,0.0,9.867068664000538e-05,166.5,0.56
3764,1790889271.809264,-0.4439,0.0411,-0.5855,-0.2837,0.2742,0.34,0.3024,0.3141,0.2708,0.1941,0.3738,0.4322,0.0,0.157,0.0,0.8892,1.042,0.0,2.29,0.0,9.867068664000538e-05,181.0,0.59
3765,1790889272.342281,-0.4432,0.0769,-0.7382,-0.1778,0.3484,0.3521,0.2794,0.341,0.2454,0.1913,0.3685,0.4402,0.0,0.2501,0.0,1.3543,1.038,0.0,2.303,0.0,9.867068664000538e-05,107.5,0.52
3766,1790889272.895856,-0.617,0.1293,-1.0371,-0.3208,0.2945,0.522,0.3176,0.6068,0.3176,0.1946,0.3756,0.4298,0.0,0.207,-0.0,1.1391,1.043,0.0,2.282,0.0,9.867068664000538e-05,136.1,0.55
3767,1790889273.4910438,-0.4576,0.0575,-0.734,-0.2099,0.2918,0.3831,0.3388,0.2784,0.2784,0.1903,0.3797,0.43,0.0,0.1764,-0.0,0.9858,1.04,0.0,2.298,0.0,9.867068664000538e-05,154.7,0.59
3768,1790889274.1561658,-0.4869,0.0539,-0.8059,-0.3068,0.2642,0.3214,0.3353,0.4105,0.3053,0.1761,0.3674,0.4565,0.0,0.1711,-0.0,0.9579,1.026,0.0,2.303,0.482,9.866240275067948e-05,183.4,0.66
3769,1790889274.7032077,-0.3985,0.0485,-0.6246,-0.244,0.3385,0.3251,0.3011,0.241,0.2364,0.1857,0.3755,0.4388,0.0,0.2307,-0.0,1.257,1.035,0.0,2.306,0.0,9.866240275067948e-05,111.8,0.54
3770,1790889275.2247016,-0.5941,0.1121,-0.8657,-0.2595,0.4355,0.3421,0.4403,0.5883,0.338,0.1982,0.3718,0.4299,0.0,0.2787,-0.0,1.4978,1.043,0.0,2.259,0.0,9.866240275067948e-05,142.3,0.51
3771,1790889275.7238092,-0.4405,0.0451,-0.8338,-0.1811,0.2792,0.3257,0.2795,0.3391,0.2681,0.1959,0.3807,0.4234,0.0,0.1907,-0.0,1.0579,1.044,0.0,2.305,0.0,9.866240275067948e-05,166.9,0.49
3772,1790889276.2547035,-0.3842,0.0484,-0.675,-0.1591,0.2639,0.2992,0.2294,0.2647,0.2234,0.1807,0.3706,0.4487,0.0,0.1657,-0.0,0.9317,1.031,0.0,2.309,0.0,9.866240275067948e-05,186.1,0.52
3773,1790889276.744248,-0.4169,0.0415,-0.6885,-0.17,0.3639,0.3076,0.3168,0.2856,0.2612,0.193,0.3715,0.4355,0.0,0.2516,-0.0,1.362,1.04,0.0,2.305,0.0,9.866240275067948e-05,111.9,0.48
3774,1790889277.3097994,-0.4864,0.0493,-0.7864,-0.2195,0.5123,0.3894,0.3492,0.355,0.3143,0.1949,0.3691,0.436,0.0,0.3665,-0.0,1.9366,1.04,0.0,2.28,0.0,9.866240275067948e-05,129.7,0.56
3775,1790889277.8070743,-0.4404,0.0574,-0.7235,-0.268,0.2793,0.3042,0.3715,0.2813,0.2677,0.1942,0.3783,0.4274,0.0,0.1749,-0.0,0.9787,1.043,0.0,2.309,0.0,9.866240275067948e-05,164.1,0.49
3776,1790889281.022264,-0.3913,0.0312,-0.5787,-0.2485,0.3724,0.2848,0.265,0.2714,0.2416,0.1787,0.3769,0.4444,0.0,0.2456,-0.0,1.3308,1.03,0.0,2.309,0.301,9.865409348000104e-05,156.8,0.7
3777,1790889281.5357695,-0.4626,0.0483,-0.6917,-0.2801,0.3668,0.3562,0.2981,0.3494,0.2858,0.191,0.3723,0.4367,0.0,0.2614,-0.0,1.4107,1.038,0.0,2.309,0.0,9.865409348000104e-05,108.4,0.51
3778,1790889282.0788627,-0.4434,0.0641,-0.6438,-0.1762,0.5053,0.3136,0.2976,0.3533,0.2661,0.1949,0.3679,0.4372,0.0,0.356,-0.0,1.8837,1.039,0.0,2.309,0.0,9.865409348000104e-05,123.8,0.53
3779,1790889282.6291513,-0.458,0.0972,-0.7474,-0.195,0.3194,0.3648,0.2259,0.4153,0.2259,0.1937,0.3836,0.4227,0.0,0.2004,-0.0,1.1062,1.043,0.0,2.285,0.0,9.865409348000104e-05,135.7,0.54
3780,1790889283.2207441,-0.5431,0.0539,-0.8397,-0.2378,0.5064,0.3475,0.4343,0.4376,0.3469,0.1893,0.3703,0.4403,0.0,0.3542,-0.0,1.8743,1.036,0.0,2.307,0.0,9.865409348000104e-05,151.8,0.58
3781,1790889283.712832,-0.374,0.0444,-0.6045,-0.1611,0.2668,0.2706,0.2586,0.2592,0.2207,0.1892,0.3751,0.4357,0.0,0.1848,-0.0,1.0279,1.039,0.0,2.245,0.0,9.865409348000104e-05,112.6,0.48
3782,1790889284.237091,-0.4132,0.0481,-0.6873,-0.2135,0.2398,0.2784,0.2832,0.3232,0.2442,0.197,0.3819,0.4211,0.0,0.145,-0.0,0.8295,1.045,0.0,2.309,0.0,9.865409348000104e-05,131.8,0.52
3783,1790889284.8157785,-0.4845,0.0558,-0.775,-0.2897,0.2538,0.4053,0.3065,0.3497,0.2925,0.1919,0.3827,0.4254,0.0,0.1674,-0.0,0.9409,1.042,0.0,2.306,0.0,9.865409348000104e-05,153.6,0.57
3784,1790889285.4041233,-0.5283,0.1707,-0.9134,-0.183,0.2949,0.2959,0.6196,0.2948,0.2667,0.1878,0.3812,0.4311,0.0,0.1941,-0.0,1.0744,1.038,0.0,2.129,0.372,9.8645758832304e-05,177.7,0.58
3785,1790889285.9457493,-0.426,0.032,-0.6685,-0.2428,0.3035,0.3149,0.3003,0.3228,0.2779,0.1926,0.3824,0.425,0.0,0.1935,-0.0,1.0716,1.041,0.0,2.259,0.0,9.8645758832304e-05,115.3,0.53
3786,1790889286.5109503,-0.4722,0.0689,-0.7534,-0.2221,0.3052,0.4068,0.2982,0.3411,0.2775,0.1892,0.3794,0.4315,0.0,0.1926,-0.0,1.0669,1.039,0.0,2.301,0.0,9.8645758832304e-05,125.7,0.56
3787,1790889287.0371742,-0.4067,0.0427,-0.6809,-0.2211,0.4135,0.3255,0.2616,0.2922,0.2411,0.1879,0.3774,0.4346,0.0,0.2759,-0.0,1.4834,1.037,0.0,2.296,0.0,9.8645758832304e-05,163.7,0.52
3788,1790889287.665011,-0.3646,0.0559,-0.5418,-0.1408,0.5051,0.2051,0.2635,0.2742,0.1926,0.172,0.3694,0.4586,0.0,0.3261,-0.0,1.7324,1.021,0.0,2.3,0.0,9.8645758832304e-05,177.1,0.62
3789,1790889288.2009437,-0.5482,0.0555,-0.7297,-0.2745,0.3343,0.4208,0.401,0.4474,0.3651,0.1969,0.3775,0.4257,0.0,0.2468,-0.0,1.3387,1.045,0.0,2.3,0.0,9.8645758832304e-05,98.3,0.53
3790,1790889288.693707,-0.46,0.0763,-0.7625,-0.2437,0.3364,0.2879,0.4151,0.292,0.2617,0.1931,0.3819,0.425,0.0,0.2077,-0.0,1.1427,1.043,0.0,2.233,0.0,9.8645758832304e-05,146.7,0.49
3791,1790889289.2636042,-0.4155,0.0492,-0.6722,-0.1011,0.3171,0.2655,0.3119,0.3299,0.2616,0.1877,0.3837,0.4286,0.0,0.2083,-0.0,1.1452,1.038,0.0,2.309,0.0,9.8645758832304e-05,147.9,0.56
3792,1790889289.8840134,-0.4073,0.0639,-0.6946,-0.2129,0.2736,0.2553,0.353,0.2441,0.2215,0.1785,0.3793,0.4422,0.0,0.1779,-0.0,0.9926,1.03,0.0,2.307,0.265,9.863739881193558e-05,174.9,0.61
3793,1790889290.3993104,-0.485,0.0559,-0.6886,-0.2423,0.3139,0.3177,0.4159,0.3635,0.308,0.1903,0.3794,0.4303,0.0,0.2102,-0.0,1.1551,1.04,0.0,2.309,0.0,9.863739881193558e-05,104.5,0.51
3794,1790889290.94692,-0.3723,0.0713,-0.6825,-0.0833,0.3468,0.2153,0.3396,0.2363,0.2049,0.1895,0.3792,0.4313,0.0,0.2367,-0.0,1.2876,1.039,0.0,2.287,0.0,9.863739881193558e-05,129.0,0.54
3795,1790889291.5041542,-0.4558,0.0675,-0.65,-0.1989,0.286,0.3606,0.37,0.2676,0.2591,0.1924,0.3893,0.4183,0.0,0.1811,-0.0,1.0098,1.042,0.0,2.237,0.0,9.863739881193558e-05,152.6,0.55
3796,1790889292.0726326,-0.4016,0.0704,-0.7953,-0.2374,0.3147,0.2654,0.2253,0.354,0.2217,0.1829,0.3845,0.4326,0.0,0.2018,-0.0,1.1125,1.035,0.0,2.297,0.0,9.863739881193558e-05,187.3,0.56
3797,1790889292.6158454,-0.531,0.0497,-0.8381,-0.2114,0.5799,0.4374,0.3999,0.3752,0.3564,0.1911,0.3691,0.4398,0.0,0.45,-0.0,2.3536,1.036,0.0,2.309,0.0,9.863739881193558e-05,98.8,0.53
3798,1790889293.1641216,-0.5557,0.1218,-0.975,-0.2625,0.3493,0.3179,0.3749,0.5794,0.3167,0.195,0.3834,0.4216,0.0,0.2422,-0.0,1.3154,1.043,0.0,2.282,0.0,9.863739881193558e-05,118.2,0.54
3799,1790889293.7409453,-0.4858,0.0689,-0.8167,-0.194,0.3077,0.2999,0.4015,0.3833,0.2929,0.1893,0.3848,0.4258,0.0,0.2157,-0.0,1.1824,1.039,0.0,2.28,0.0,9.863739881193558e-05,140.0,0.57
3800,1790889294.3421643,-0.4333,0.0409,-0.823,-0.1909,0.31,0.3131,0.2729,0.3259,0.2604,0.1786,0.3832,0.4382,0.0,0.2194,-0.0,1.2,1.031,0.0,2.309,0.414,9.862901342325617e-05,170.1,0.59
3801,1790889297.471601,-0.5074,0.0904,-0.8615,-0.2372,0.3151,0.3049,0.4757,0.3849,0.3002,0.1899,0.3835,0.4266,0.0,0.2107,-0.0,1.1573,1.04,0.0,2.304,0.0,9.862901342325617e-05,78.9,0.68
3802,1790889298.0963645,-0.4809,0.0524,-0.7393,-0.2485,0.5064,0.3761,0.327,0.365,0.3025,0.1894,0.3754,0.4352,0.0,0.3486,-0.0,1.8466,1.037,0.0,2.293,0.0,9.862901342325617e-05,106.5,0.62
3803,1790889298.6281936,-0.4003,0.0376,-0.6435,-0.1854,0.2929,0.2643,0.3267,0.2787,0.2496,0.1915,0.382,0.4265,0.0,0.1849,-0.0,1.0289,1.041,0.0,2.308,0.0,9.862901342325617e-05,159.3,0.52
3804,1790889299.2186623,-0.4842,0.0312,-0.767,-0.2469,0.3708,0.3672,0.3357,0.3624,0.3234,0.1812,0.3815,0.4373,0.0,0.2298,-0.0,1.2521,1.033,0.0,2.308,0.0,9.862901342325617e-05,202.4,0.58
3805,1790889299.7871413,-0.5906,0.0791,-0.9317,-0.3013,0.3615,0.5293,0.4107,0.403,0.3713,0.1901,0.3827,0.4272,0.0,0.2532,-0.0,1.3701,1.039,0.0,2.304,0.0,9.862901342325617e-05,99.1,0.56
3806,1790889300.3509655,-0.4731,0.0415,-0.6594,-0.2251,0.2783,0.3442,0.3418,0.3497,0.3087,0.1994,0.3838,0.4167,0.0,0.1838,-0.0,1.0238,1.047,0.0,2.309,0.0,9.862901342325617e-05,126.3,0.55
3807,1790889300.9309878,-0.4461,0.0359,-0.6966,-0.1545,0.3326,0.3419,0.3093,0.3094,0.2849,0.193,0.3859,0.4212,0.0,0.2191,-0.0,1.1997,1.041,0.0,2.309,0.0,9.862901342325617e-05,142.9,0.57
3808,1790889301.5297482,-0.3402,0.0382,-0.6719,-0.1551,0.2575,0.2447,0.2356,0.2202,0.1928,0.1791,0.3818,0.4391,0.0,0.1535,-0.0,0.8706,1.031,0.0,2.309,0.18,9.862060267063943e-05,182.3,0.59
3809,1790889302.0537562,-0.4754,0.0497,-0.85,-0.2288,0.3927,0.353,0.3917,0.3182,0.3067,0.1905,0.3868,0.4227,0.0,0.2686,-0.0,1.4468,1.04,0.0,2.309,0.0,9.862060267063943e-05,104.3,0.52
3810,1790889302.6398015,-0.6028,0.1057,-0.8722,-0.2431,0.3871,0.581,0.3889,0.43,0.3579,0.1958,0.3831,0.4211,0.0,0.2772,-0.0,1.4903,1.043,0.0,2.299,0.0,9.862060267063943e-05,111.3,0.58
3811,1790889303.2083092,-0.4766,0.0608,-0.7344,-0.2129,0.2966,0.3442,0.3253,0.4072,0.3038,0.1883,0.3905,0.4212,0.0,0.1849,-0.0,1.0287,1.039,0.0,2.309,0.0,9.862060267063943e-05,149.4,0.56
3812,1790889303.768733,-0.4227,0.0486,-0.7697,-0.3063,0.3133,0.279,0.3477,0.2777,0.2563,0.1861,0.3882,0.4257,0.0,0.2013,-0.0,1.1103,1.037,0.0,2.287,0.0,9.862060267063943e-05,183.0,0.55
3813,1790889304.349568,-0.5321,0.0548,-0.8057,-0.1833,0.4069,0.4599,0.3671,0.3974,0.3552,0.1932,0.3792,0.4276,0.0,0.2864,-0.0,1.536,1.041,0.0,2.309,0.0,9.862060267063943e-05,87.9,0.57
3814,1790889304.874054,-0.4055,0.0472,-0.6215,-0.2275,0.2542,0.3016,0.3075,0.2765,0.2536,0.1971,0.3871,0.4157,0.0,0.1553,-0.0,0.8809,1.047,0.0,2.307,0.0,9.862060267063943e-05,123.2,0.52
3815,1790889305.4524848,-0.4009,0.0336,-0.6002,-0.1813,0.3244,0.2837,0.2837,0.3116,0.257,0.1912,0.3838,0.425,0.0,0.2021,-0.0,1.1146,1.041,0.0,2.309,0.0,9.862060267063943e-05,129.2,0.57
3816,1790889306.101846,-0.4669,0.0524,-0.9292,-0.1203,0.4049,0.3066,0.3921,0.3128,0.2827,0.1862,0.3814,0.4324,0.0,0.2664,-0.0,1.4358,1.036,0.0,2.286,0.239,9.861216655847225e-05,143.2,0.64
3817,1790889306.665623,-0.5126,0.066,-0.7981,-0.2529,0.4154,0.3735,0.4351,0.3438,0.314,0.187,0.3766,0.4365,0.0,0.281,-0.0,1.5086,1.037,0.0,2.309,0.0,9.861216655847225e-05,102.3,0.56
3818,1790889307.227069,-0.5518,0.0697,-0.8621,-0.366,0.291,0.3816,0.4735,0.3942,0.3454,0.1901,0.3895,0.4204,0.0,0.1889,-0.0,1.0483,1.041,0.0,2.309,0.0,9.861216655847225e-05,127.0,0.55
3819,1790889307.810282,-0.4729,0.06,-0.7629,-0.1809,0.2733,0.3254,0.4174,0.302,0.2908,0.1917,0.3917,0.4166,0.0,0.1694,-0.0,0.951,1.042,0.0,2.277,0.0,9.861216655847225e-05,141.5,0.57
3820,1790889308.4134212,-0.3844,0.0493,-0.6016,-0.2042,0.2136,0.2595,0.2733,0.2717,0.218,0.1829,0.3899,0.4272,0.0,0.1207,-0.0,0.7069,1.036,0.0,2.306,0.0,9.861216655847225e-05,172.4,0.59
3821,1790889308.9788818,-0.6697,0.05,-0.8808,-0.3186,0.4782,0.5011,0.5316,0.5591,0.4695,0.1926,0.3813,0.4261,0.0,0.325,-0.0,1.7292,1.04,0.0,2.25,0.0,9.861216655847225e-05,88.4,0.56
3822,1790889309.4948914,-0.4621,0.0994,-0.803,-0.2226,0.3269,0.2817,0.2728,0.4524,0.2531,0.1964,0.3864,0.4172,0.0,0.2059,-0.0,1.1342,1.045,0.0,2.292,0.0,9.861216655847225e-05,118.1,0.51
3823,1790889310.0752838,-0.4588,0.0511,-0.7074,-0.2602,0.3941,0.3472,0.2804,0.3629,0.2767,0.191,0.3841,0.4248,0.0,0.2811,-0.0,1.5097,1.041,0.0,2.306,0.0,9.861216655847225e-05,131.7,0.57
3824,1790889310.7356234,-0.4218,0.0472,-0.7482,-0.1784,0.2868,0.342,0.2879,0.2825,0.2575,0.1667,0.3797,0.4536,0.0,0.1732,-0.0,0.9679,1.017,0.0,2.309,0.202,9.860370509115474e-05,166.5,0.65
3825,1790889311.240831,-0.53,0.0795,-0.8567,-0.2364,0.4214,0.3935,0.4744,0.3431,0.3245,0.1954,0.3775,0.4271,0.0,0.3027,-0.0,1.6176,1.042,0.0,2.276,0.0,9.860370509115474e-05,101.4,0.5
3826,1790889314.6219437,-0.4569,0.0602,-0.6938,-0.2475,0.3524,0.3616,0.3622,0.283,0.2731,0.1938,0.3818,0.4244,0.0,0.2418,-0.0,1.3135,1.043,0.0,2.305,0.0,9.860370509115474e-05,89.1,0.66
3827,1790889315.2117336,-0.4853,0.051,-0.7654,-0.2572,0.2917,0.3443,0.3989,0.3163,0.2969,0.1913,0.3862,0.4225,0.0,0.18,-0.0,1.0043,1.041,0.0,2.295,0.0,9.860370509115474e-05,132.9,0.58
3828,1790889315.760325,-0.3814,0.0503,-0.7108,-0.1957,0.3043,0.2435,0.2412,0.3109,0.2196,0.1858,0.3867,0.4275,0.0,0.1912,-0.0,1.0598,1.038,0.0,2.303,0.0,9.860370509115474e-05,184.7,0.54
3829,1790889316.296854,-0.5394,0.1048,-0.8056,-0.2989,0.3435,0.4995,0.4288,0.2935,0.2893,0.1927,0.3864,0.4209,0.0,0.24,-0.0,1.3043,1.042,0.0,2.304,0.0,9.860370509115474e-05,96.9,0.53
3830,1790889316.8489022,-0.4479,0.0491,-0.6246,-0.207,0.2836,0.3486,0.3151,0.3229,0.2787,0.1918,0.3877,0.4205,0.0,0.1829,-0.0,1.0185,1.042,0.0,2.306,0.0,9.860370509115474e-05,125.2,0.54
3831,1790889317.413375,-0.5244,0.0771,-0.8247,-0.2218,0.3519,0.4637,0.3358,0.3789,0.307,0.1901,0.3886,0.4213,0.0,0.2459,-0.0,1.3334,1.04,0.0,2.287,0.0,9.860370509115474e-05,145.6,0.55
3832,1790889318.0208547,-0.3507,0.0406,-0.5615,-0.1727,0.2356,0.2206,0.2782,0.2175,0.2015,0.1854,0.3856,0.429,0.0,0.1515,-0.0,0.8614,1.038,0.0,2.272,0.624,9.859521827310024e-05,164.6,0.6
3833,1790889318.5482512,-0.5193,0.0576,-0.8,-0.2902,0.5314,0.3791,0.4263,0.3756,0.3328,0.1917,0.3731,0.4352,0.0,0.3748,-0.0,1.9775,1.038,0.0,2.303,0.0,9.859521827310024e-05,95.9,0.52
3834,1790889319.097498,-0.6487,0.1652,-0.9754,-0.1527,0.3979,0.4959,0.3411,0.6893,0.3317,0.1919,0.3863,0.4218,0.0,0.2604,-0.0,1.4062,1.041,0.0,2.294,0.0,9.859521827310024e-05,118.7,0.54
3835,1790889319.6513543,-0.4814,0.0518,-0.7652,-0.2189,0.3733,0.366,0.3447,0.3423,0.3017,0.189,0.3855,0.4255,0.0,0.274,-0.0,1.4739,1.038,0.0,2.297,0.0,9.859521827310024e-05,135.0,0.54
3836,1790889320.2632942,-0.4108,0.0542,-0.6616,-0.1663,0.2297,0.2872,0.2427,0.3332,0.2384,0.1787,0.389,0.4323,0.0,0.1333,-0.0,0.7695,1.032,0.0,2.306,0.0,9.859521827310024e-05,159.1,0.6
3837,1790889320.8103433,-0.4515,0.0634,-0.6468,-0.1873,0.3839,0.3641,0.3572,0.2733,0.2615,0.1908,0.3812,0.428,0.0,0.2758,0.0,1.4831,1.04,0.0,2.266,0.0,9.859521827310024e-05,98.5,0.54
3838,1790889321.3540387,-0.521,0.0864,-0.7519,-0.2757,0.3536,0.3823,0.4936,0.309,0.3064,0.1903,0.3861,0.4235,0.0,0.2487,-0.0,1.3475,1.04,0.0,2.309,0.0,9.859521827310024e-05,133.7,0.54
3839,1790889321.9382484,-0.486,0.0905,-0.7282,-0.3022,0.408,0.333,0.2725,0.4594,0.2696,0.1895,0.385,0.4256,0.0,0.2796,-0.0,1.502,1.039,0.0,2.309,0.0,9.859521827310024e-05,145.3,0.58
3840,1790889322.5099466,-0.5626,0.2297,-1.0818,-0.2453,0.34,0.2544,0.3141,0.7331,0.2521,0.1753,0.3838,0.4408,0.0,0.2286,-0.0,1.2456,1.027,0.0,2.068,0.432,9.858670610873528e-05,191.4,0.56
3841,1790889323.0550222,-0.4334,0.0624,-0.7214,-0.119,0.4571,0.257,0.3052,0.3901,0.2512,0.1857,0.384,0.4303,0.0,0.3123,-0.0,1.6652,1.036,0.0,2.302,0.0,9.858670610873528e-05,100.6,0.54
3842,1790889323.6182446,-0.4375,0.0623,-0.6395,-0.196,0.2715,0.244,0.3436,0.3629,0.244,0.1967,0.387,0.4163,0.0,0.1738,-0.0,0.9738,1.046,0.0,2.302,0.0,9.858670610873528e-05,134.4,0.56
3843,1790889324.1688633,-0.3647,0.0505,-0.5934,-0.1878,0.2504,0.2433,0.2905,0.2322,0.207,0.1946,0.3913,0.4141,0.0,0.146,-0.0,0.8345,1.044,0.0,2.287,0.0,9.858670610873528e-05,160.5,0.54
3844,1790889324.7822807,-0.3763,0.0594,-0.7143,-0.1314,0.2671,0.323,0.2166,0.2601,0.2126,0.1821,0.389,0.4289,0.0,0.1719,-0.0,0.9631,1.035,0.0,2.307,0.0,9.858670610873528e-05,174.0,0.6
3845,1790889325.3198595,-0.6002,0.0814,-0.89,-0.3065,0.4251,0.511,0.507,0.3863,0.3784,0.1936,0.3791,0.4273,0.0,0.298,-0.0,1.5941,1.042,0.0,2.309,0.0,9.858670610873528e-05,90.3,0.53
3846,1790889325.8527627,-0.5413,0.1737,-0.9082,-0.2522,0.3028,0.3142,0.6332,0.2839,0.2642,0.2004,0.3877,0.4119,0.0,0.1993,0.0,1.1014,1.047,0.0,2.211,0.0,9.858670610873528e-05,126.2,0.52
3847,1790889326.445186,-0.4754,0.0491,-0.6218,-0.1944,0.4087,0.3345,0.3276,0.3825,0.2953,0.187,0.3868,0.4261,0.0,0.2678,-0.0,1.4428,1.038,0.0,2.305,0.0,9.858670610873528e-05,134.5,0.58
3848,1790889327.0790155,-0.4293,0.0735,-0.7043,-0.1301,0.3097,0.366,0.2366,0.3229,0.2366,0.178,0.3858,0.4362,0.0,0.1972,-0.0,1.089,1.031,0.0,2.304,0.226,9.857816860249968e-05,177.9,0.63
3849,1790889327.6078608,-0.5399,0.0908,-0.754,-0.258,0.3359,0.4232,0.3167,0.4956,0.3082,0.1931,0.3885,0.4185,0.0,0.2343,-0.0,1.2756,1.043,0.0,2.297,0.0,9.857816860249968e-05,107.5,0.52
3850,1790889328.148414,-0.4681,0.0562,-0.7026,-0.2446,0.3364,0.3092,0.3867,0.3434,0.2986,0.1941,0.3857,0.4201,0.0,0.2362,-0.0,1.2853,1.043,0.0,2.303,0.0,9.857816860249968e-05,117.8,0.53
3851,1790889331.3151085,-0.4457,0.0703,-0.6739,-0.1994,0.2655,0.26,0.3721,0.3423,0.2566,0.1895,0.3935,0.417,0.0,0.1694,-0.0,0.9513,1.041,0.0,2.282,0.0,9.857816860249968e-05,129.2,0.62
3852,1790889331.8912344,-0.3951,0.046,-0.7712,-0.1765,0.2681,0.263,0.2615,0.3019,0.2336,0.1811,0.3899,0.4289,0.0,0.1685,0.0,0.9457,1.035,0.0,2.301,0.0,9.857816860249968e-05,177.9,0.57
3853,1790889332.397695,-0.5651,0.0792,-0.85,-0.3,0.4029,0.4128,0.5175,0.3775,0.3627,0.1965,0.3834,0.4201,0.0,0.3106,0.0,1.6575,1.043,0.0,2.3,0.0,9.857816860249968e-05,111.8,0.5
3854,1790889332.8919587,-0.5338,0.0817,-0.8713,-0.2881,0.3267,0.3434,0.4758,0.4026,0.3224,0.1878,0.3932,0.419,0.0,0.2191,-0.0,1.1995,1.039,0.0,2.307,0.0,9.857816860249968e-05,145.3,0.48
3855,1790889333.4389713,-0.5018,0.0603,-0.8026,-0.1917,0.3418,0.3653,0.437,0.3301,0.3251,0.1841,0.3882,0.4278,0.0,0.2294,-0.0,1.2506,1.036,0.0,2.285,0.0,9.857816860249968e-05,156.6,0.54
3856,1790889334.08366,-0.41,0.0799,-0.7796,-0.15,0.3044,0.3748,0.2107,0.2769,0.2065,0.1782,0.3882,0.4337,0.0,0.1838,0.0,1.0219,1.031,0.0,2.274,0.448,9.85696057588464e-05,188.7,0.64
3857,1790889334.6206439,-0.4267,0.0472,-0.6778,-0.1039,0.2997,0.3179,0.3278,0.2767,0.2582,0.1957,0.3871,0.4172,0.0,0.2052,-0.0,1.1307,1.044,0.0,2.309,0.0,9.85696057588464e-05,106.9,0.53
3858,1790889335.1587605,-0.4755,0.0477,-0.6592,-0.2622,0.3179,0.3888,0.3301,0.3448,0.3069,0.194,0.388,0.418,0.0,0.2029,-0.0,1.1188,1.044,0.0,2.286,0.0,9.85696057588464e-05,133.4,0.53
3859,1790889335.692793,-0.4971,0.0647,-0.7977,-0.1676,0.52,0.3128,0.3844,0.4157,0.3018,0.1873,0.3808,0.4319,0.0,0.3624,-0.0,1.9157,1.036,0.0,2.296,0.0,9.85696057588464e-05,159.9,0.53
3860,1790889336.3087873,-0.4282,0.0473,-0.6645,-0.242,0.2985,0.3548,0.2609,0.296,0.2518,0.1775,0.3861,0.4365,0.0,0.1869,-0.0,1.0374,1.03,0.0,2.309,0.0,9.85696057588464e-05,183.7,0.61
3861,1790889336.857198,-0.4747,0.0524,-0.6591,-0.3154,0.2911,0.3821,0.3023,0.3515,0.2844,0.1913,0.3867,0.422,0.0,0.2115,-0.0,1.1618,1.041,0.0,2.299,0.0,9.85696057588464e-05,94.0,0.54
3862,1790889337.4140556,-0.4915,0.0554,-0.7544,-0.2758,0.3119,0.3309,0.3877,0.4031,0.3107,0.1951,0.39,0.4149,0.0,0.2133,-0.0,1.1708,1.045,0.0,2.233,0.0,9.85696057588464e-05,110.9,0.55
3863,1790889337.9203064,-0.4095,0.0549,-0.7739,-0.1699,0.318,0.2638,0.3208,0.2892,0.2413,0.1907,0.39,0.4193,0.0,0.2137,-0.0,1.1728,1.041,0.0,2.309,0.0,9.85696057588464e-05,151.1,0.5
3864,1790889338.5163898,-0.371,0.0418,-0.717,-0.1041,0.2951,0.2274,0.2883,0.2529,0.214,0.1834,0.3877,0.4288,0.0,0.1793,-0.0,0.9999,1.036,0.0,2.263,0.155,9.856101758224166e-05,171.7,0.59
3865,1790889339.0646749,-0.4847,0.0729,-0.7167,-0.1958,0.3672,0.2924,0.4288,0.3771,0.2835,0.1863,0.3875,0.4262,0.0,0.2365,-0.0,1.2862,1.037,0.0,2.309,0.0,9.856101758224166e-05,98.5,0.54
3866,1790889339.631324,-0.4864,0.1097,-0.7696,-0.16,0.4,0.4866,0.3274,0.2726,0.2708,0.187,0.385,0.4281,0.0,0.2768,-0.0,1.4875,1.037,0.0,2.192,0.0,9.856101758224166e-05,125.6,0.56
3867,1790889340.1730363,-0.4416,0.0345,-0.6324,-0.2517,0.3631,0.3354,0.3365,0.293,0.2895,0.1898,0.3888,0.4215,0.0,0.2398,-0.0,1.303,1.04,0.0,2.28,0.0,9.856101758224166e-05,159.8,0.53
3868,1790889340.764937,-0.4028,0.1181,-0.8102,-0.0994,0.225,0.4223,0.2579,0.1793,0.1793,0.1821,0.3889,0.429,0.0,0.135,-0.0,0.7785,1.035,0.0,2.289,0.0,9.856101758224166e-05,188.4,0.58
3869,1790889341.2903838,-0.512,0.0494,-0.703,-0.2538,0.2572,0.382,0.3377,0.4189,0.3277,0.196,0.3905,0.4134,0.0,0.1941,-0.0,1.0753,1.046,0.0,2.309,0.0,9.856101758224166e-05,102.2,0.52
3870,1790889341.83968,-0.4911,0.0624,-0.7902,-0.2235,0.3254,0.3348,0.3414,0.4065,0.3023,0.192,0.3869,0.4211,0.0,0.227,-0.0,1.2394,1.042,0.0,2.283,0.0,9.856101758224166e-05,126.0,0.54
3871,1790889342.4157486,-0.5394,0.0676,-0.733,-0.3509,0.312,0.3687,0.4875,0.363,0.3411,0.1929,0.3922,0.4149,0.0,0.206,-0.0,1.1346,1.044,0.0,2.285,0.0,9.856101758224166e-05,130.4,0.57
3872,1790889343.0127087,-0.3972,0.0413,-0.6451,-0.147,0.2655,0.302,0.2904,0.2597,0.2467,0.1815,0.3915,0.4271,0.0,0.1686,-0.0,0.9463,1.034,0.0,2.306,0.46,9.85524040771649e-05,155.0,0.59
3873,1790889343.5558255,-0.4745,0.0655,-0.7991,-0.1462,0.3385,0.3258,0.3366,0.3859,0.2868,0.1962,0.3852,0.4186,0.0,0.2199,-0.0,1.2039,1.045,0.0,2.275,0.0,9.85524040771649e-05,101.9,0.54
3874,1790889344.1160178,-0.6051,0.1038,-0.9081,-0.3591,0.4012,0.4158,0.5891,0.4061,0.3727,0.195,0.3873,0.4178,0.0,0.2821,-0.0,1.515,1.043,0.0,2.308,0.0,9.85524040771649e-05,116.7,0.55
3875,1790889344.6706288,-0.4019,0.0436,-0.8023,-0.1926,0.2322,0.319,0.2668,0.2617,0.241,0.1959,0.3892,0.4149,0.0,0.154,-0.0,0.8745,1.046,0.0,2.285,0.0,9.85524040771649e-05,140.8,0.55
3876,1790889347.8469837,-0.3314,0.0344,-0.5239,-0.1406,0.3133,0.1973,0.2438,0.2276,0.1872,0.1796,0.3848,0.4357,0.0,0.1925,-0.0,1.0659,1.032,0.0,2.309,0.0,9.85524040771649e-05,146.0,0.72
3877,1790889348.3905644,-0.5009,0.0958,-0.8559,-0.2718,0.3772,0.4617,0.3748,0.2857,0.2714,0.1873,0.3749,0.4378,0.0,0.2671,-0.0,1.439,1.036,0.0,2.3,0.0,9.85524040771649e-05,97.6,0.54
3878,1790889348.8781617,-0.4278,0.0408,-0.6428,-0.1898,0.3416,0.3325,0.3132,0.2751,0.261,0.1926,0.3858,0.4215,0.0,0.2096,-0.0,1.1522,1.041,0.0,2.3,0.0,9.85524040771649e-05,142.1,0.48
3879,1790889349.4178479,-0.5362,0.1055,-0.8189,-0.1409,0.2799,0.4279,0.5083,0.286,0.286,0.1968,0.3901,0.4131,0.0,0.1828,-0.0,1.0185,1.046,0.0,2.299,0.0,9.85524040771649e-05,154.0,0.53
3880,1790889349.9837737,-0.4281,0.0707,-0.7879,-0.1468,0.2431,0.2515,0.3877,0.2744,0.2444,0.1848,0.3932,0.422,0.0,0.1585,-0.0,0.8963,1.037,0.0,2.307,0.726,9.854376524810874e-05,201.0,0.56
3881,1790889350.4698076,-0.4793,0.073,-0.7108,-0.2318,0.3748,0.3764,0.405,0.2894,0.2856,0.192,0.3815,0.4265,0.0,0.2769,-0.0,1.4888,1.041,0.0,2.302,0.0,9.854376524810874e-05,111.2,0.48
3882,1790889351.0128696,-0.5095,0.0793,-0.8048,-0.2,0.3289,0.3024,0.3953,0.4427,0.3024,0.1974,0.3869,0.4157,0.0,0.2283,-0.0,1.2462,1.045,0.0,2.309,0.0,9.854376524810874e-05,118.7,0.53
3883,1790889351.5122142,-0.4982,0.0511,-0.7333,-0.3008,0.3052,0.3909,0.3807,0.3311,0.3192,0.1896,0.3839,0.4265,0.0,0.2015,-0.0,1.1114,1.04,0.0,2.309,0.0,9.854376524810874e-05,156.0,0.49
3884,1790889352.0656755,-0.4469,0.1113,-0.8813,-0.2075,0.2362,0.4619,0.2462,0.2548,0.2344,0.1832,0.3931,0.4237,0.0,0.1583,-0.0,0.8952,1.036,0.0,2.191,0.0,9.854376524810874e-05,184.8,0.54
3885,1790889352.6343818,-0.4994,0.0692,-0.6979,-0.2798,0.332,0.4141,0.3247,0.3684,0.2959,0.1943,0.3846,0.4211,0.0,0.2312,-0.0,1.2606,1.043,0.0,2.287,0.0,9.854376524810874e-05,97.1,0.56
3886,1790889353.1598337,-0.4886,0.0576,-0.7035,-0.2609,0.3258,0.3078,0.4204,0.3605,0.3038,0.194,0.3882,0.4178,0.0,0.2084,0.0,1.1463,1.043,0.0,2.307,0.0,9.854376524810874e-05,123.7,0.52
3887,1790889353.7474754,-0.3462,0.0774,-0.7958,-0.0667,0.2113,0.2113,0.1849,0.3242,0.1813,0.1897,0.3908,0.4195,0.0,0.13,-0.0,0.7542,1.041,0.0,2.16,0.0,9.854376524810874e-05,141.7,0.58
3888,1790889354.3098974,-0.4406,0.0567,-0.6865,-0.2061,0.3221,0.2918,0.3733,0.2788,0.2655,0.1827,0.3866,0.4307,0.0,0.201,-0.0,1.1083,1.035,0.0,2.21,0.197,9.853510109957903e-05,190.1,0.55
3889,1790889354.8646526,-0.554,0.0764,-0.9167,-0.1929,0.4041,0.5052,0.3723,0.4018,0.3522,0.1929,0.3761,0.431,0.0,0.2921,-0.0,1.5648,1.041,0.0,2.284,0.0,9.853510109957903e-05,83.9,0.55
3890,1790889355.4454365,-0.4695,0.093,-0.8585,-0.1238,0.2346,0.4531,0.2698,0.3348,0.2672,0.1913,0.3912,0.4176,0.0,0.1437,-0.0,0.8229,1.043,0.0,2.275,0.0,9.853510109957903e-05,117.4,0.57
3891,1790889355.972253,-0.3966,0.0247,-0.6115,-0.1697,0.2404,0.2687,0.2754,0.284,0.2538,0.1935,0.3891,0.4173,0.0,0.14,-0.0,0.8041,1.044,0.0,2.307,0.0,9.853510109957903e-05,153.9,0.52
3892,1790889356.5716805,-0.4094,0.0519,-0.7218,-0.0956,0.2489,0.3421,0.2709,0.2742,0.2459,0.1764,0.3837,0.4399,0.0,0.1714,-0.0,0.9601,1.029,0.0,2.301,0.0,9.853510109957903e-05,169.2,0.59
3893,1790889357.1104486,-0.5159,0.0569,-0.7165,-0.2667,0.3911,0.3637,0.3914,0.4285,0.3369,0.1894,0.38,0.4306,0.0,0.2807,-0.0,1.5072,1.039,0.0,2.309,0.0,9.853510109957903e-05,102.3,0.53
3894,1790889357.630501,-0.5242,0.0533,-0.8385,-0.3229,0.2826,0.364,0.4387,0.3647,0.3343,0.1972,0.3872,0.4157,0.0,0.176,-0.0,0.9846,1.046,0.0,2.301,0.0,9.853510109957903e-05,142.3,0.51
3895,1790889358.1203988,-0.4466,0.0657,-0.7398,-0.2368,0.3256,0.3018,0.4005,0.2698,0.2621,0.192,0.3891,0.4189,0.0,0.2012,-0.0,1.1101,1.042,0.0,2.298,0.0,9.853510109957903e-05,167.4,0.48
3896,1790889358.6903458,-0.5328,0.0672,-0.7463,-0.3433,0.2373,0.3222,0.4207,0.4476,0.3222,0.1803,0.386,0.4337,0.0,0.1384,-0.0,0.7953,1.033,0.0,2.296,0.077,9.852641163609482e-05,185.5,0.56
3897,1790889359.247312,-0.5042,0.0775,-0.7804,-0.1166,0.4858,0.4391,0.4027,0.2991,0.2979,0.1899,0.3753,0.4348,0.0,0.3407,-0.0,1.8074,1.038,0.0,2.295,0.0,9.852641163609482e-05,90.1,0.55
3898,1790889359.7834527,-0.4362,0.0369,-0.6391,-0.2267,0.2809,0.3084,0.3301,0.3053,0.2743,0.1976,0.3863,0.4162,0.0,0.1832,-0.0,1.0204,1.046,0.0,2.288,0.0,9.852641163609482e-05,127.1,0.53
3899,1790889360.3307748,-0.4755,0.0508,-0.6588,-0.2132,0.4859,0.3841,0.328,0.3237,0.2934,0.192,0.3806,0.4274,0.0,0.3444,-0.0,1.826,1.039,0.0,2.279,0.0,9.852641163609482e-05,165.4,0.54
3900,1790889360.893233,-0.4311,0.0359,-0.6929,-0.2187,0.4255,0.2759,0.3257,0.3172,0.2649,0.1809,0.3829,0.4363,0.0,0.2896,-0.0,1.551,1.032,0.0,2.309,0.0,9.852641163609482e-05,202.7,0.55
3901,1790889364.0959268,-0.5776,0.1077,-0.9375,-0.2598,0.2824,0.5619,0.3465,0.4113,0.3338,0.1948,0.3826,0.4225,0.0,0.1812,-0.0,1.0104,1.044,0.0,2.283,0.0,9.852641163609482e-05,81.4,0.67
3902,1790889364.6203563,-0.4734,0.0498,-0.6903,-0.3094,0.3426,0.3025,0.3939,0.3503,0.2989,0.1942,0.3835,0.4223,0.0,0.2445,-0.0,1.3267,1.043,0.0,2.266,0.0,9.852641163609482e-05,133.2,0.52
3903,1790889365.1978936,-0.4199,0.0577,-0.6517,-0.2286,0.2793,0.3498,0.2557,0.2808,0.2429,0.1913,0.3862,0.4224,0.0,0.1617,-0.0,0.9127,1.042,0.0,2.265,0.0,9.852641163609482e-05,147.2,0.57
3904,1790889365.8240957,-0.3449,0.0369,-0.8085,-0.1613,0.2131,0.2557,0.2034,0.2437,0.1994,0.1724,0.3762,0.4514,0.0,0.1256,-0.0,0.7302,1.024,0.0,2.275,0.367,9.851769686218835e-05,184.9,0.62
3905,1790889366.281569,-0.5316,0.0384,-0.8814,-0.2798,0.2748,0.409,0.3987,0.4045,0.368,0.1959,0.3802,0.4239,0.0,0.1761,-0.0,0.9851,1.045,0.0,2.3,0.0,9.851769686218835e-05,116.2,0.45
3906,1790889366.7656698,-0.561,0.0574,-0.7081,-0.3609,0.4671,0.4398,0.39,0.4401,0.3665,0.195,0.375,0.43,0.0,0.3319,-0.0,1.7634,1.042,0.0,2.286,0.0,9.851769686218835e-05,131.7,0.48
3907,1790889367.314944,-0.4164,0.0612,-0.65,-0.1854,0.2888,0.2517,0.3483,0.2984,0.2414,0.1942,0.3844,0.4214,0.0,0.1784,-0.0,0.9961,1.044,0.0,2.309,0.0,9.851769686218835e-05,129.6,0.54
3908,1790889367.9107332,-0.3903,0.034,-0.5896,-0.1164,0.2334,0.2851,0.2542,0.288,0.2412,0.182,0.3854,0.4326,0.0,0.1579,-0.0,0.8927,1.034,0.0,2.306,0.0,9.851769686218835e-05,175.7,0.59
3909,1790889368.4586787,-0.4312,0.0847,-0.6828,-0.1667,0.2412,0.3884,0.3169,0.2423,0.2373,0.1926,0.3847,0.4227,0.0,0.16,-0.0,0.9041,1.042,0.0,2.281,0.0,9.851769686218835e-05,100.5,0.54
3910,1790889368.9493628,-0.3131,0.0542,-0.532,-0.0972,0.288,0.1742,0.2333,0.2362,0.1682,0.1978,0.3832,0.4189,0.0,0.1683,-0.0,0.946,1.046,0.0,2.294,0.0,9.851769686218835e-05,145.6,0.48
3911,1790889369.530403,-0.3862,0.0425,-0.6098,-0.1885,0.2278,0.2544,0.2745,0.2851,0.2326,0.1921,0.3836,0.4243,0.0,0.1379,-0.0,0.7936,1.042,0.0,2.309,0.0,9.851769686218835e-05,151.0,0.57
3912,1790889370.1597276,-0.3824,0.0431,-0.5875,-0.1468,0.291,0.2706,0.3064,0.2193,0.2193,0.1876,0.381,0.4313,0.0,0.1863,-0.0,1.0355,1.038,0.0,2.309,0.182,9.850895678240508e-05,181.0,0.62
3913,1790889370.699598,-0.5238,0.0894,-0.9278,-0.1676,0.5327,0.3356,0.3956,0.4879,0.3152,0.188,0.3728,0.4392,0.0,0.3747,-0.0,1.9771,1.035,0.0,2.309,0.0,9.850895678240508e-05,86.6,0.53
3914,1790889371.2495005,-0.52,0.0748,-0.8118,-0.1939,0.3786,0.4375,0.4197,0.3341,0.318,0.1954,0.3792,0.4254,0.0,0.2636,0.0,1.4222,1.043,0.0,2.297,0.0,9.850895678240508e-05,112.9,0.54
3915,1790889371.8399775,-0.4088,0.0794,-0.7733,-0.1008,0.2572,0.2162,0.301,0.3666,0.2151,0.1882,0.3874,0.4244,0.0,0.1712,-0.0,0.96,1.039,0.0,2.301,0.0,9.850895678240508e-05,127.6,0.58
3916,1790889372.4304664,-0.4972,0.0881,-0.8324,-0.205,0.3207,0.2864,0.3689,0.453,0.2825,0.1867,0.3818,0.4315,0.0,0.2115,-0.0,1.1614,1.038,0.0,2.288,0.0,9.850895678240508e-05,170.7,0.58
3917,1790889372.9853792,-0.5322,0.1065,-0.7864,-0.1853,0.4253,0.3169,0.514,0.3972,0.3057,0.1918,0.3761,0.4321,0.0,0.3322,-0.0,1.7651,1.039,0.0,2.308,0.0,9.850895678240508e-05,96.4,0.55
3918,1790889373.5285676,-0.461,0.0424,-0.7829,-0.248,0.3097,0.34,0.3355,0.3361,0.2965,0.1945,0.3774,0.4282,0.0,0.2043,-0.0,1.1257,1.043,0.0,2.294,0.0,9.850895678240508e-05,131.8,0.53
3919,1790889374.0836766,-0.4567,0.0414,-0.7549,-0.0444,0.2938,0.3403,0.3515,0.3323,0.3051,0.1919,0.3851,0.423,0.0,0.1889,-0.0,1.0485,1.042,0.0,2.309,0.0,9.850895678240508e-05,153.4,0.55
3920,1790889374.6899877,-0.4398,0.0647,-0.6479,-0.2037,0.3041,0.3706,0.2521,0.3283,0.2465,0.1843,0.3833,0.4324,0.0,0.1927,-0.0,1.0673,1.036,0.0,2.309,0.517,9.850019140130367e-05,186.2,0.6
3921,1790889375.242849,-0.4994,0.1148,-0.8708,-0.2402,0.3215,0.4868,0.3832,0.2581,0.2581,0.1944,0.3739,0.4317,0.0,0.2553,-0.0,1.3804,1.041,0.0,2.286,0.0,9.850019140130367e-05,101.6,0.54
3922,1790889375.794532,-0.5349,0.0627,-0.7411,-0.3103,0.3926,0.4538,0.3924,0.3635,0.3414,0.195,0.3769,0.4281,0.0,0.262,-0.0,1.4142,1.043,0.0,2.303,0.0,9.850019140130367e-05,120.8,0.54
3923,1790889376.3793483,-0.3666,0.0768,-0.614,-0.1426,0.2786,0.347,0.1882,0.2422,0.1851,0.1906,0.3815,0.428,0.0,0.1864,-0.0,1.0362,1.041,0.0,2.296,0.0,9.850019140130367e-05,139.2,0.58
3924,1790889376.9088361,-0.4921,0.0674,-0.9064,-0.2081,0.2743,0.317,0.3368,0.4254,0.2981,0.1843,0.382,0.4338,0.0,0.189,-0.0,1.0483,1.036,0.0,2.278,0.0,9.850019140130367e-05,192.8,0.52
3925,1790889377.4431124,-0.4427,0.0435,-0.6432,-0.1628,0.3376,0.3257,0.3094,0.3202,0.2773,0.1909,0.3821,0.4269,0.0,0.2131,-0.0,1.1695,1.041,0.0,2.292,0.0,9.850019140130367e-05,105.3,0.53
3926,1790889380.9225445,-0.4507,0.0774,-0.9726,-0.0821,0.3602,0.3471,0.3824,0.2482,0.2482,0.1945,0.3771,0.4284,0.0,0.2295,-0.0,1.252,1.043,0.0,2.309,0.0,9.850019140130367e-05,94.4,0.75
3927,1790889381.4414618,-0.4622,0.047,-0.6833,-0.2528,0.371,0.3141,0.3596,0.3397,0.293,0.194,0.3747,0.4313,0.0,0.2505,-0.0,1.3564,1.041,0.0,2.264,0.0,9.850019140130367e-05,156.9,0.51
3928,1790889381.9947793,-0.4058,0.0774,-0.6658,-0.2053,0.2552,0.2076,0.2835,0.3678,0.2076,0.1862,0.3801,0.4337,0.0,0.1511,-0.0,0.8591,1.038,0.0,2.263,0.32,9.849140072345597e-05,193.6,0.54
3929,1790889382.5337434,-0.5188,0.0586,-0.8015,-0.2758,0.4003,0.3931,0.4245,0.368,0.331,0.1959,0.3731,0.431,0.0,0.2892,-0.0,1.5505,1.042,0.0,2.295,0.0,9.849140072345597e-05,90.8,0.53
3930,1790889383.0669944,-0.5411,0.0535,-0.8265,-0.3433,0.258,0.4102,0.4163,0.4019,0.3537,0.1948,0.3801,0.425,0.0,0.1738,-0.0,0.9734,1.044,0.0,2.291,0.0,9.849140072345597e-05,123.7,0.53
3931,1790889383.6315563,-0.3622,0.0381,-0.5973,-0.1944,0.2401,0.2658,0.253,0.2434,0.2195,0.1901,0.3821,0.4278,0.0,0.1504,-0.0,0.8561,1.041,0.0,2.309,0.0,9.849140072345597e-05,143.2,0.56
3932,1790889384.1851807,-0.3763,0.0728,-0.8022,-0.1163,0.2761,0.2351,0.3385,0.207,0.1951,0.1857,0.3758,0.4385,0.0,0.1752,-0.0,0.9795,1.037,0.0,2.268,0.0,9.849140072345597e-05,194.9,0.55
3933,1790889384.7384124,-0.4742,0.04,-0.7088,-0.2228,0.4382,0.3456,0.3391,0.3711,0.3163,0.1907,0.3699,0.4395,0.0,0.3179,-0.0,1.6935,1.038,0.0,2.295,0.0,9.849140072345597e-05,93.6,0.54
3934,1790889385.2764146,-0.5613,0.1021,-0.9246,-0.2652,0.355,0.5299,0.4359,0.3267,0.3267,0.1931,0.3762,0.4307,0.0,0.2271,-0.0,1.2395,1.042,0.0,2.285,0.0,9.849140072345597e-05,128.5,0.53
3935,1790889385.8165653,-0.5277,0.1446,-0.9147,-0.1672,0.2668,0.5707,0.2918,0.3432,0.2681,0.1919,0.3822,0.4259,0.0,0.1799,-0.0,1.0039,1.042,0.0,2.301,0.0,9.849140072345597e-05,149.8,0.53
3936,1790889386.3864787,-0.4136,0.0574,-0.7214,-0.1193,0.248,0.2431,0.2937,0.3484,0.2415,0.1776,0.3764,0.446,0.0,0.1715,-0.0,0.9606,1.029,0.0,2.305,0.317,9.848258475344702e-05,188.3,0.56
3937,1790889386.9156451,-0.6069,0.1333,-0.97,-0.2833,0.4639,0.3983,0.6448,0.3841,0.3656,0.1947,0.3713,0.434,0.0,0.2636,-0.0,1.4222,1.04,0.0,2.231,0.0,9.848258475344702e-05,104.6,0.52
3938,1790889387.4639447,-0.5316,0.0579,-0.9162,-0.2682,0.3251,0.3769,0.4473,0.389,0.3492,0.1936,0.3795,0.4268,0.0,0.2024,-0.0,1.1164,1.043,0.0,2.294,0.0,9.848258475344702e-05,126.6,0.54
3939,1790889388.054286,-0.3794,0.0524,-0.7716,-0.1703,0.2,0.3156,0.2532,0.2364,0.2203,0.1937,0.3825,0.4238,0.0,0.1151,-0.0,0.6801,1.044,0.0,2.299,0.0,9.848258475344702e-05,150.0,0.58
3940,1790889388.6719017,-0.4941,0.1187,-0.9387,-0.2631,0.3353,0.5127,0.284,0.293,0.2694,0.1867,0.3823,0.431,0.0,0.2184,-0.0,1.1957,1.038,0.0,2.083,0.0,9.848258475344702e-05,167.2,0.61
3941,1790889389.2462015,-0.407,0.052,-0.6398,-0.1583,0.2446,0.3253,0.2691,0.2822,0.2453,0.1914,0.3795,0.4291,0.0,0.1813,-0.0,1.0108,1.041,0.0,2.309,0.0,9.848258475344702e-05,99.1,0.57
3942,1790889389.7891457,-0.4173,0.0705,-0.6567,-0.1951,0.362,0.2836,0.2339,0.3757,0.231,0.1884,0.3756,0.436,0.0,0.2416,-0.0,1.3117,1.038,0.0,2.3,0.0,9.848258475344702e-05,139.9,0.54
3943,1790889390.3699958,-0.4053,0.0503,-0.7022,-0.1711,0.4352,0.3017,0.2516,0.3196,0.2441,0.1888,0.3714,0.4399,0.0,0.2945,-0.0,1.5763,1.037,0.0,2.301,0.0,9.848258475344702e-05,153.7,0.57
3944,1790889391.051634,-0.4052,0.0714,-0.6532,-0.0769,0.2059,0.3065,0.3316,0.213,0.2087,0.1754,0.3786,0.446,0.0,0.1147,-0.0,0.676,1.027,0.0,2.292,0.401,9.847374349587509e-05,173.6,0.67
3945,1790889391.5944064,-0.4842,0.0496,-0.8,-0.2633,0.3254,0.3737,0.3914,0.3324,0.3104,0.1951,0.3744,0.4305,0.0,0.2388,-0.0,1.2986,1.043,0.0,2.298,0.0,9.847374349587509e-05,102.0,0.53
3946,1790889392.1270463,-0.4631,0.0811,-0.7039,-0.1078,0.3327,0.275,0.4228,0.3056,0.2585,0.1989,0.3783,0.4227,0.0,0.2229,-0.0,1.2191,1.046,0.0,2.306,0.0,9.847374349587509e-05,128.8,0.52
3947,1790889392.695263,-0.5271,0.0739,-0.7786,-0.2274,0.274,0.444,0.3278,0.4027,0.3199,0.1953,0.3786,0.4261,0.0,0.1789,-0.0,0.9988,1.044,0.0,2.304,0.0,9.847374349587509e-05,149.9,0.56
3948,1790889393.2591975,-0.4514,0.071,-0.7093,-0.2188,0.322,0.2677,0.3842,0.3291,0.2522,0.1752,0.3693,0.4555,0.0,0.2009,-0.0,1.1068,1.026,0.0,2.303,0.0,9.847374349587509e-05,196.8,0.56
3949,1790889393.806141,-0.4385,0.0594,-0.6579,-0.1654,0.3541,0.3813,0.3089,0.2893,0.2682,0.1914,0.3713,0.4373,0.0,0.2415,-0.0,1.3115,1.04,0.0,2.309,0.0,9.847374349587509e-05,99.4,0.54
3950,1790889394.3324687,-0.5043,0.0527,-0.8167,-0.1736,0.3009,0.3984,0.3849,0.3414,0.3216,0.2028,0.372,0.4251,0.0,0.2365,-0.0,1.2873,1.048,0.0,2.295,0.0,9.847374349587509e-05,128.0,0.52
3951,1790889397.5731149,-0.4036,0.0488,-0.6897,-0.1825,0.2608,0.2367,0.3244,0.2844,0.2293,0.194,0.382,0.424,0.0,0.1558,-0.0,0.8835,1.043,0.0,2.3,0.0,9.847374349587509e-05,100.8,0.76
3952,1790889398.1360452,-0.4563,0.0522,-0.7952,-0.2,0.1912,0.3164,0.2991,0.3832,0.2815,0.1812,0.3781,0.4408,0.0,0.1134,-0.0,0.6702,1.033,0.0,2.309,0.31,9.846487695535154e-05,184.9,0.55
3953,1790889398.6677597,-0.4793,0.0487,-0.67,-0.3679,0.2829,0.3573,0.357,0.3532,0.3074,0.1936,0.3737,0.4326,0.0,0.218,-0.0,1.1943,1.042,0.0,2.285,0.0,9.846487695535154e-05,104.1,0.52
3954,1790889399.2245858,-0.5469,0.159,-0.95,-0.25,0.3492,0.2878,0.6178,0.3415,0.2777,0.1928,0.3763,0.4309,0.0,0.2476,-0.0,1.3419,1.041,0.0,2.116,0.0,9.846487695535154e-05,128.0,0.55
3955,1790889399.7357395,-0.5658,0.0471,-1.15,-0.2864,0.3849,0.4381,0.4432,0.4184,0.3836,0.1932,0.3753,0.4315,0.0,0.2431,-0.0,1.3197,1.041,0.0,2.307,0.0,9.846487695535154e-05,160.0,0.5
3956,1790889400.2988253,-0.4522,0.0731,-0.7796,-0.2014,0.2973,0.2898,0.2839,0.405,0.2605,0.1868,0.3768,0.4364,0.0,0.186,-0.0,1.0338,1.036,0.0,2.305,0.0,9.846487695535154e-05,185.4,0.55
3957,1790889400.8083212,-0.5492,0.0687,-0.7722,-0.2246,0.4505,0.4814,0.3796,0.382,0.339,0.1931,0.3696,0.4373,0.0,0.3141,-0.0,1.6746,1.04,0.0,2.287,0.0,9.846487695535154e-05,110.3,0.5
3958,1790889401.3282683,-0.5291,0.055,-0.8167,-0.3253,0.4019,0.36,0.3965,0.4304,0.3375,0.1946,0.3673,0.4381,0.0,0.2787,-0.0,1.4975,1.04,0.0,2.294,0.0,9.846487695535154e-05,125.1,0.51
3959,1790889401.9190009,-0.4784,0.0612,-0.7792,-0.2431,0.3776,0.3134,0.3255,0.4267,0.301,0.1887,0.3694,0.4419,0.0,0.2552,-0.0,1.3798,1.036,0.0,2.252,0.0,9.846487695535154e-05,135.0,0.58
3960,1790889402.5573578,-0.4276,0.0504,-0.8087,-0.2287,0.3015,0.3166,0.2559,0.3404,0.253,0.1812,0.3736,0.4452,0.0,0.1804,-0.0,1.005,1.032,0.0,2.281,0.478,9.845598513650103e-05,182.4,0.63
3961,1790889403.1117773,-0.4598,0.0369,-0.7132,-0.2774,0.3403,0.3344,0.3493,0.3429,0.3062,0.1929,0.3753,0.4318,0.0,0.2506,-0.0,1.357,1.041,0.0,2.303,0.0,9.845598513650103e-05,101.1,0.55
3962,1790889403.6581566,-0.3476,0.0323,-0.6183,-0.1333,0.2634,0.265,0.2344,0.2318,0.2136,0.1899,0.3797,0.4304,0.0,0.1716,-0.0,0.9622,1.04,0.0,2.309,0.0,9.845598513650103e-05,131.5,0.54
3963,1790889404.2516868,-0.4249,0.0678,-0.8674,-0.2106,0.2286,0.3815,0.2989,0.253,0.2493,0.188,0.3793,0.4327,0.0,0.1477,-0.0,0.8425,1.039,0.0,2.302,0.0,9.845598513650103e-05,146.3,0.59
3964,1790889404.8604627,-0.5033,0.0909,-0.8833,-0.2246,0.3094,0.2968,0.3405,0.4873,0.293,0.1848,0.3756,0.4396,0.0,0.2119,-0.0,1.1629,1.035,0.0,2.179,0.0,9.845598513650103e-05,190.8,0.6
3965,1790889405.3769913,-0.531,0.0784,-0.7971,-0.357,0.3679,0.3227,0.3907,0.4867,0.3152,0.1964,0.3709,0.4327,0.0,0.2414,-0.0,1.3114,1.042,0.0,2.309,0.0,9.845598513650103e-05,104.2,0.51
3966,1790889405.9213529,-0.5073,0.0652,-0.8868,-0.2,0.3057,0.442,0.3672,0.3355,0.3089,0.1945,0.3762,0.4294,0.0,0.1832,-0.0,1.0202,1.043,0.0,2.288,0.0,9.845598513650103e-05,124.3,0.54
3967,1790889406.510475,-0.4821,0.0708,-0.8487,-0.2805,0.3235,0.3415,0.3066,0.4284,0.2938,0.1949,0.3765,0.4286,0.0,0.2025,-0.0,1.1168,1.043,0.0,2.301,0.0,9.845598513650103e-05,138.8,0.58
3968,1790889407.1167462,-0.4542,0.0384,-0.847,-0.2297,0.4442,0.3287,0.3045,0.3541,0.2912,0.1832,0.3679,0.4489,0.0,0.2892,-0.0,1.5491,1.031,0.0,2.309,0.428,9.844706804396135e-05,170.0,0.6
3969,1790889407.6880407,-0.4324,0.0432,-0.65,-0.1603,0.2583,0.291,0.31,0.3405,0.2708,0.2006,0.3765,0.4228,0.0,0.18,-0.0,1.0046,1.048,0.0,2.309,0.0,9.844706804396135e-05,102.0,0.56
3970,1790889408.2567198,-0.4913,0.0894,-0.8362,-0.1754,0.2468,0.4434,0.391,0.2698,0.2666,0.19,0.3756,0.4344,0.0,0.1499,0.0,0.8533,1.039,0.0,2.286,0.0,9.844706804396135e-05,128.4,0.56
3971,1790889408.8511703,-0.483,0.0537,-0.787,-0.2394,0.4056,0.3362,0.3534,0.3739,0.3017,0.1883,0.3705,0.4412,0.0,0.2868,-0.0,1.5375,1.036,0.0,2.306,0.0,9.844706804396135e-05,147.4,0.58
3972,1790889409.460698,-0.4149,0.0402,-0.7164,-0.2628,0.242,0.3105,0.2873,0.2832,0.2514,0.1804,0.378,0.4415,0.0,0.1593,-0.0,0.8999,1.032,0.0,2.267,0.0,9.844706804396135e-05,189.2,0.6
3973,1790889410.0092034,-0.4006,0.068,-0.7322,-0.0963,0.3103,0.3333,0.2293,0.2849,0.2193,0.1981,0.3719,0.43,0.0,0.1992,-0.0,1.1007,1.044,0.0,2.281,0.0,9.844706804396135e-05,99.3,0.54
3974,1790889410.567866,-0.4986,0.027,-0.6486,-0.334,0.3339,0.368,0.3496,0.3825,0.3316,0.1944,0.3758,0.4298,0.0,0.2608,-0.0,1.408,1.043,0.0,2.302,0.0,9.844706804396135e-05,120.7,0.55
3975,1790889411.1483402,-0.4665,0.0656,-0.6819,-0.2641,0.3243,0.2735,0.393,0.3469,0.2687,0.1927,0.3717,0.4356,0.0,0.2258,-0.0,1.2333,1.041,0.0,2.309,0.0,9.844706804396135e-05,130.8,0.57
3976,1790889414.505042,-0.4555,0.0398,-0.6187,-0.1972,0.4094,0.3172,0.3626,0.3105,0.2916,0.1762,0.3681,0.4556,0.0,0.2661,-0.0,1.4332,1.025,0.0,2.291,0.117,9.843812568238347e-05,122.4,0.8
3977,1790889415.030169,-0.4472,0.063,-0.7611,-0.1455,0.3144,0.3908,0.265,0.3217,0.2638,0.1952,0.3731,0.4317,0.0,0.2161,-0.0,1.1846,1.042,0.0,2.247,0.0,9.843812568238347e-05,105.1,0.52
3978,1790889415.545865,-0.4835,0.0566,-0.7482,-0.238,0.2952,0.3531,0.3192,0.3924,0.3055,0.1972,0.3746,0.4282,0.0,0.2019,-0.0,1.1139,1.044,0.0,2.218,0.0,9.843812568238347e-05,131.4,0.51
3979,1790889416.1170058,-0.4217,0.0505,-0.6844,-0.2174,0.3335,0.2606,0.2883,0.3451,0.2512,0.1939,0.3722,0.4339,0.0,0.2234,-0.0,1.2214,1.042,0.0,2.295,0.0,9.843812568238347e-05,137.6,0.56
3980,1790889416.700531,-0.4892,0.0333,-0.7221,-0.1647,0.2944,0.369,0.3533,0.3528,0.3216,0.1926,0.3814,0.426,0.0,0.1907,-0.0,1.0575,1.041,0.0,2.309,0.0,9.843812568238347e-05,155.3,0.58
3981,1790889417.2340353,-0.4849,0.0488,-0.7587,-0.1991,0.2963,0.3544,0.3625,0.3608,0.31,0.197,0.3735,0.4295,0.0,0.191,-0.0,1.0596,1.044,0.0,2.309,0.0,9.843812568238347e-05,91.8,0.52
3982,1790889417.7969384,-0.4578,0.0632,-0.6344,-0.2825,0.307,0.3895,0.3189,0.2933,0.2751,0.1952,0.3743,0.4304,0.0,0.21,-0.0,1.1542,1.043,0.0,2.308,0.0,9.843812568238347e-05,112.9,0.55
3983,1790889418.3524463,-0.5194,0.0567,-0.7532,-0.2766,0.279,0.3701,0.3737,0.419,0.3384,0.189,0.3766,0.4344,0.0,0.1801,-0.0,1.0041,1.038,0.0,2.309,0.0,9.843812568238347e-05,135.2,0.55
3984,1790889418.9697385,-0.4105,0.039,-0.6734,-0.1477,0.3124,0.27,0.3076,0.3014,0.2545,0.1797,0.3727,0.4475,0.0,0.2096,-0.0,1.1511,1.03,0.0,2.306,0.299,9.842915805643155e-05,167.3,0.61
3985,1790889419.5135074,-0.5254,0.0518,-0.7941,-0.2095,0.3723,0.3939,0.3806,0.4266,0.3516,0.1965,0.369,0.4345,0.0,0.2504,-0.0,1.3566,1.044,0.0,2.309,0.0,9.842915805643155e-05,89.4,0.54
3986,1790889420.052977,-0.5943,0.0968,-0.9431,-0.2788,0.3,0.5166,0.497,0.353,0.3386,0.1933,0.3758,0.431,0.0,0.1953,-0.0,1.0807,1.041,0.0,2.269,0.0,9.842915805643155e-05,125.5,0.53
3987,1790889420.572716,-0.4503,0.1495,-0.8352,-0.111,0.2798,0.2622,0.2081,0.5064,0.2058,0.1921,0.3743,0.4336,0.0,0.1881,-0.0,1.0447,1.041,0.0,2.199,0.0,9.842915805643155e-05,152.9,0.51
3988,1790889421.1146178,-0.3574,0.0603,-0.6474,-0.0661,0.2844,0.2251,0.2981,0.2251,0.1944,0.1807,0.3764,0.443,0.0,0.1712,-0.0,0.959,1.032,0.0,2.288,0.0,9.842915805643155e-05,185.9,0.53
3989,1790889421.6702323,-0.4625,0.0539,-0.7437,-0.274,0.336,0.3461,0.3052,0.3897,0.2852,0.1932,0.372,0.4348,0.0,0.2557,-0.0,1.3827,1.041,0.0,2.309,0.0,9.842915805643155e-05,91.3,0.55
3990,1790889422.2487733,-0.4006,0.0631,-0.75,-0.1215,0.3512,0.331,0.3111,0.223,0.223,0.1866,0.3759,0.4375,0.0,0.2295,-0.0,1.251,1.036,0.0,2.287,0.0,9.842915805643155e-05,116.0,0.57
3991,1790889422.84729,-0.4357,0.1206,-0.7372,-0.175,0.2461,0.2408,0.2326,0.4625,0.2191,0.1954,0.3812,0.4233,0.0,0.1644,-0.0,0.9266,1.045,0.0,2.027,0.0,9.842915805643155e-05,136.4,0.59
3992,1790889423.4349532,-0.3734,0.06,-0.7874,-0.15,0.1867,0.249,0.2132,0.3252,0.2106,0.1875,0.3824,0.4301,0.0,0.111,-0.0,0.659,1.039,0.0,2.274,0.445,9.842016517078296e-05,177.7,0.58
3993,1790889423.9927018,-0.5437,0.0603,-0.8149,-0.3664,0.3782,0.4557,0.3683,0.4119,0.3499,0.1877,0.3772,0.4351,0.0,0.2582,-0.0,1.395,1.037,0.0,2.258,0.0,9.842016517078296e-05,102.4,0.55
3994,1790889424.5230203,-0.4636,0.0756,-0.7026,-0.2093,0.3327,0.2951,0.3183,0.414,0.271,0.1957,0.3739,0.4304,0.0,0.2161,-0.0,1.185,1.043,0.0,2.239,0.0,9.842016517078296e-05,127.3,0.52
3995,1790889425.1236029,-0.4348,0.0476,-0.6914,-0.1279,0.2394,0.3137,0.3404,0.2811,0.2633,0.1841,0.3797,0.4362,0.0,0.1474,-0.0,0.8408,1.035,0.0,2.309,0.0,9.842016517078296e-05,141.0,0.59
3996,1790889425.714476,-0.4622,0.0544,-0.9134,-0.1108,0.3095,0.3797,0.3027,0.3329,0.2826,0.1799,0.3747,0.4454,0.0,0.2015,-0.0,1.1107,1.031,0.0,2.306,0.0,9.842016517078296e-05,194.6,0.58
3997,1790889426.2249262,-0.4945,0.0476,-0.7547,-0.2824,0.3336,0.3861,0.3604,0.3541,0.3216,0.1901,0.3746,0.4353,0.0,0.2287,-0.0,1.2476,1.038,0.0,2.309,0.0,9.842016517078296e-05,94.6,0.5
3998,1790889426.7789295,-0.4562,0.0571,-0.6679,-0.2745,0.48,0.3156,0.3863,0.2974,0.2759,0.1935,0.3719,0.4346,0.0,0.3339,-0.0,1.7733,1.04,0.0,2.265,0.0,9.842016517078296e-05,114.7,0.55
3999,1790889427.3704786,-0.5034,0.0522,-0.8236,-0.1843,0.4143,0.3793,0.3897,0.3586,0.3257,0.1914,0.3725,0.4361,0.0,0.2923,-0.0,1.5655,1.039,0.0,2.306,0.0,9.842016517078296e-05,133.0,0.58
4000,1790889427.995664,-0.5843,0.0988,-0.8891,-0.2869,0.4373,0.521,0.4931,0.3224,0.3205,0.1791,0.3699,0.451,0.0,0.3049,-0.0,1.6275,1.028,0.0,2.142,0.451,9.841114703012817e-05,164.4,0.62
4001,1790889431.8870814,-0.5057,0.0529,-0.7977,-0.2956,0.3429,0.4143,0.3363,0.3867,0.326,0.1927,0.374,0.4333,0.0,0.2421,-0.0,1.3147,1.04,0.0,2.309,0.0,9.841114703012817e-05,67.4,0.76
4002,1790889432.5045862,-0.3698,0.0373,-0.5542,-0.2404,0.2663,0.2382,0.2428,0.2796,0.2223,0.1945,0.3768,0.4287,0.0,0.1717,-0.0,0.9628,1.043,0.0,2.309,0.0,9.841114703012817e-05,108.9,0.61
4003,1790889433.0368984,-0.5103,0.0573,-0.739,-0.2721,0.3699,0.4461,0.3704,0.3269,0.3174,0.1903,0.3733,0.4364,0.0,0.2574,-0.0,1.3907,1.038,0.0,2.304,0.0,9.841114703012817e-05,151.8,0.52
4004,1790889433.6021903,-0.4467,0.0686,-0.8858,-0.1218,0.3679,0.2941,0.2931,0.3983,0.263,0.1797,0.3728,0.4475,0.0,0.2447,-0.0,1.3267,1.03,0.0,2.303,0.0,9.841114703012817e-05,186.9,0.56
4005,1790889434.0917614,-0.5416,0.0818,-0.9533,-0.1958,0.3554,0.4997,0.3837,0.3553,0.3378,0.1943,0.3677,0.4381,0.0,0.2344,-0.0,1.2762,1.041,0.0,2.281,0.0,9.841114703012817e-05,105.1,0.48
4006,1790889434.6494231,-0.4191,0.042,-0.6339,-0.2303,0.4977,0.3195,0.3062,0.2665,0.2559,0.1863,0.3709,0.4428,0.0,0.3443,-0.0,1.8248,1.034,0.0,2.309,0.0,9.841114703012817e-05,127.1,0.55
4007,1790889435.2832391,-0.5809,0.1766,-0.9242,-0.2167,0.2774,0.6207,0.2465,0.4888,0.2465,0.1899,0.3814,0.4287,0.0,0.1665,-0.0,0.9367,1.04,0.0,2.223,0.0,9.841114703012817e-05,140.9,0.63
4008,1790889435.8784955,-0.3659,0.0406,-0.6167,-0.145,0.1941,0.2773,0.225,0.2425,0.2091,0.1793,0.385,0.4358,0.0,0.1201,-0.0,0.7034,1.031,0.0,2.309,0.775,9.840210363917088e-05,207.1,0.59
4009,1790889436.426069,-0.531,0.063,-0.75,-0.3307,0.3497,0.3711,0.3819,0.4237,0.3282,0.1998,0.3738,0.4265,0.0,0.2389,-0.0,1.299,1.046,0.0,2.27,0.0,9.840210363917088e-05,99.3,0.54
4010,1790889436.984583,-0.4603,0.0531,-0.6597,-0.2688,0.287,0.3685,0.2919,0.3547,0.2815,0.1911,0.3822,0.4267,0.0,0.1811,-0.0,1.0097,1.041,0.0,2.286,0.0,9.840210363917088e-05,126.2,0.55
4011,1790889437.524869,-0.4387,0.0999,-0.7578,-0.1341,0.2555,0.2209,0.4206,0.2984,0.2191,0.1891,0.3849,0.426,0.0,0.1477,-0.0,0.8426,1.04,0.0,2.308,0.0,9.840210363917088e-05,165.2,0.53
4012,1790889438.1040807,-0.3881,0.0537,-0.5846,-0.1762,0.3234,0.2705,0.3021,0.2346,0.2159,0.1779,0.3774,0.4447,0.0,0.21,-0.0,1.153,1.029,0.0,2.302,0.0,9.840210363917088e-05,186.6,0.57
4013,1790889438.6563585,-0.5274,0.0677,-0.7409,-0.2893,0.4438,0.4575,0.3615,0.3835,0.3413,0.1875,0.371,0.4416,0.0,0.3066,-0.0,1.6363,1.035,0.0,2.304,0.0,9.840210363917088e-05,100.6,0.54
4014,1790889439.1709874,-0.4915,0.0634,-0.75,-0.1917,0.3546,0.3589,0.3119,0.415,0.3026,0.1934,0.3788,0.4278,0.0,0.2411,-0.0,1.3098,1.042,0.0,2.309,0.0,9.840210363917088e-05,134.1,0.51
4015,1790889439.7506905,-0.4812,0.061,-0.7993,-0.2533,0.3039,0.4117,0.3443,0.3091,0.296,0.1881,0.3814,0.4305,0.0,0.1932,-0.0,1.0699,1.037,0.0,2.308,0.0,9.840210363917088e-05,140.9,0.57
4016,1790889440.3557656,-0.4578,0.1223,-0.9931,-0.2321,0.2863,0.3063,0.2142,0.4779,0.2109,0.1811,0.3765,0.4424,0.0,0.1816,0.0,1.0114,1.033,0.0,2.291,0.4,9.839303500262796e-05,165.1,0.6
4017,1790889440.8527336,-0.544,0.0868,-0.8062,-0.2467,0.389,0.4857,0.4182,0.339,0.3225,0.1897,0.3733,0.437,0.0,0.2759,-0.0,1.4831,1.037,0.0,2.302,0.0,9.839303500262796e-05,110.5,0.49
4018,1790889441.4193947,-0.4467,0.0439,-0.7312,-0.2404,0.4601,0.3203,0.3321,0.3143,0.28,0.1917,0.3719,0.4364,0.0,0.3059,-0.0,1.6334,1.038,0.0,2.309,0.0,9.839303500262796e-05,118.0,0.56
4019,1790889441.9739003,-0.3851,0.0443,-0.595,-0.1648,0.3022,0.3152,0.2368,0.2482,0.2276,0.1875,0.3841,0.4284,0.0,0.1971,-0.0,1.0893,1.038,0.0,2.286,0.0,9.839303500262796e-05,143.2,0.55
4020,1790889442.5710483,-0.4289,0.0506,-0.6552,-0.1344,0.3052,0.2667,0.3582,0.3063,0.261,0.1776,0.3829,0.4395,0.0,0.1753,-0.0,0.9794,1.03,0.0,2.266,0.0,9.839303500262796e-05,173.0,0.59
4021,1790889443.1147356,-0.4883,0.0834,-0.8597,-0.2592,0.2996,0.4397,0.278,0.3818,0.2763,0.1882,0.3776,0.4342,0.0,0.1858,-0.0,1.0329,1.038,0.0,2.309,0.0,9.839303500262796e-05,98.3,0.54
4022,1790889443.6203804,-0.4303,0.0678,-0.6705,-0.2355,0.3747,0.2547,0.3914,0.2803,0.2431,0.1879,0.379,0.4331,0.0,0.2417,-0.0,1.3124,1.037,0.0,2.285,0.0,9.839303500262796e-05,126.6,0.5
4023,1790889444.1585443,-0.493,0.0851,-0.9041,-0.2088,0.39,0.4691,0.2978,0.3373,0.2931,0.1869,0.3783,0.4348,0.0,0.2694,-0.0,1.4506,1.036,0.0,2.292,0.0,9.839303500262796e-05,140.4,0.53
4024,1790889444.7924333,-0.416,0.0499,-0.6868,-0.223,0.3062,0.2713,0.2833,0.3383,0.2479,0.1871,0.3837,0.4292,0.0,0.1824,-0.0,1.0159,1.038,0.0,2.306,0.482,9.838394112522941e-05,158.8,0.63
4025,1790889445.350397,-0.5561,0.0858,-1.0011,-0.2925,0.463,0.5146,0.4105,0.3394,0.3394,0.1934,0.3729,0.4337,0.0,0.3561,-0.0,1.8843,1.039,0.0,2.307,0.0,9.838394112522941e-05,92.0,0.55
4026,1790889448.786888,-0.5001,0.0705,-0.7716,-0.2645,0.3444,0.442,0.3552,0.3027,0.2915,0.1895,0.3851,0.4254,0.0,0.236,-0.0,1.2838,1.039,0.0,2.301,0.0,9.838394112522941e-05,89.3,0.71
4027,1790889449.329254,-0.4431,0.0587,-0.6985,-0.1824,0.3443,0.3659,0.3186,0.2812,0.2601,0.1868,0.3865,0.4267,0.0,0.2355,-0.0,1.2814,1.038,0.0,2.309,0.0,9.838394112522941e-05,151.3,0.53
4028,1790889449.9163759,-0.4734,0.0504,-0.7553,-0.246,0.4082,0.3691,0.293,0.3694,0.293,0.1765,0.3801,0.4433,0.0,0.279,-0.0,1.4979,1.028,0.0,2.301,0.0,9.838394112522941e-05,182.6,0.58
4029,1790889450.4349668,-0.5707,0.077,-0.7883,-0.2924,0.399,0.3628,0.4768,0.4776,0.3573,0.1798,0.3714,0.4488,0.0,0.3142,-0.0,1.6737,1.029,0.0,2.309,0.0,9.838394112522941e-05,93.3,0.51
4030,1790889450.996509,-0.3651,0.0622,-0.5606,-0.1647,0.2059,0.2029,0.3101,0.2569,0.1953,0.1902,0.382,0.4278,0.0,0.1364,-0.0,0.7859,1.041,0.0,2.309,0.0,9.838394112522941e-05,116.2,0.55
4031,1790889451.586903,-0.4216,0.0524,-0.5958,-0.165,0.4029,0.3221,0.2536,0.3113,0.2441,0.1918,0.3789,0.4293,0.0,0.2769,-0.0,1.4886,1.04,0.0,2.281,0.0,9.838394112522941e-05,126.6,0.58
4032,1790889452.193336,-0.4366,0.0445,-0.7351,-0.155,0.294,0.3638,0.2985,0.2922,0.2756,0.1779,0.3853,0.4367,0.0,0.179,-0.0,0.998,1.031,0.0,2.307,0.593,9.837482201171842e-05,172.3,0.6
4033,1790889452.6765392,-0.4939,0.0816,-0.79,-0.1861,0.3862,0.4379,0.3878,0.2843,0.2843,0.1836,0.3806,0.4358,0.0,0.2808,-0.0,1.5072,1.033,0.0,2.305,0.0,9.837482201171842e-05,115.0,0.47
4034,1790889453.2250986,-0.5488,0.0617,-0.8,-0.3455,0.4048,0.4654,0.4329,0.3474,0.3474,0.189,0.3826,0.4284,0.0,0.2656,-0.0,1.432,1.038,0.0,2.288,0.0,9.837482201171842e-05,118.4,0.54
4035,1790889453.708264,-0.3876,0.0369,-0.6731,-0.1577,0.2891,0.2629,0.3018,0.2666,0.2392,0.1814,0.3855,0.4331,0.0,0.1831,-0.0,1.0189,1.033,0.0,2.309,0.0,9.837482201171842e-05,155.1,0.48
4036,1790889454.3122387,-0.4102,0.0472,-0.6866,-0.2188,0.2972,0.3317,0.2698,0.2718,0.2508,0.1723,0.3907,0.437,0.0,0.1898,-0.0,1.0514,1.026,0.0,2.276,0.0,9.837482201171842e-05,179.2,0.59
4037,1790889454.8743536,-0.5224,0.0435,-0.7333,-0.1443,0.4994,0.4229,0.3962,0.3684,0.3568,0.1756,0.3747,0.4498,0.0,0.3392,-0.0,1.7985,1.025,0.0,2.295,0.0,9.837482201171842e-05,88.3,0.55
4038,1790889455.4034455,-0.531,0.0492,-0.7415,-0.2882,0.4102,0.3804,0.382,0.443,0.3484,0.1815,0.3785,0.4399,0.0,0.281,-0.0,1.5079,1.032,0.0,2.292,0.0,9.837482201171842e-05,125.7,0.52
4039,1790889455.9488256,-0.4246,0.0379,-0.665,-0.2108,0.4235,0.2882,0.291,0.3329,0.2684,0.183,0.38,0.437,0.0,0.3084,-0.0,1.6451,1.033,0.0,2.309,0.0,9.837482201171842e-05,144.6,0.54
4040,1790889456.5458617,-0.4272,0.0546,-0.7283,-0.2138,0.2806,0.3331,0.248,0.3234,0.2438,0.1719,0.3868,0.4413,0.0,0.1776,-0.0,0.9905,1.025,0.0,2.224,0.497,9.836567766685137e-05,181.3,0.59
4041,1790889457.1011012,-0.5465,0.061,-0.8227,-0.3576,0.3421,0.3652,0.3995,0.4826,0.3513,0.1832,0.3819,0.4348,0.0,0.2249,-0.0,1.2277,1.034,0.0,2.306,0.0,9.836567766685137e-05,94.7,0.55
4042,1790889457.6613498,-0.5393,0.0842,-0.8108,-0.2662,0.3609,0.4452,0.3159,0.4502,0.3078,0.1793,0.3828,0.438,0.0,0.2324,-0.0,1.2649,1.03,0.0,2.28,0.0,9.836567766685137e-05,120.1,0.55
4043,1790889458.2145681,-0.4318,0.0362,-0.6558,-0.2084,0.3821,0.3153,0.3051,0.3251,0.2787,0.1791,0.3881,0.4328,0.0,0.2561,-0.0,1.3837,1.031,0.0,2.289,0.0,9.836567766685137e-05,142.3,0.55
4044,1790889458.747423,-0.4566,0.0659,-0.7765,-0.2513,0.4121,0.4113,0.309,0.2854,0.2786,0.1696,0.3808,0.4495,0.0,0.2873,-0.0,1.5389,1.022,0.0,2.252,0.0,9.836567766685137e-05,184.8,0.52
4045,1790889459.2683043,-0.4817,0.0374,-0.8227,-0.2204,0.3536,0.3471,0.357,0.3769,0.3252,0.1887,0.3855,0.4258,0.0,0.2669,-0.0,1.4386,1.039,0.0,2.295,0.0,9.836567766685137e-05,104.3,0.51
4046,1790889459.8165805,-0.5033,0.0599,-0.7562,-0.2216,0.3333,0.3249,0.4332,0.3581,0.3118,0.1913,0.3855,0.4233,0.0,0.2365,-0.0,1.2863,1.041,0.0,2.305,0.0,9.836567766685137e-05,130.0,0.54
4047,1790889460.3448744,-0.3813,0.0486,-0.6362,-0.1818,0.3456,0.253,0.2894,0.2584,0.2192,0.1784,0.3876,0.434,0.0,0.2201,-0.0,1.2034,1.03,0.0,2.305,0.0,9.836567766685137e-05,159.8,0.52
4048,1790889460.9560006,-0.4137,0.0644,-0.6955,-0.2123,0.2025,0.2784,0.3573,0.2537,0.2365,0.174,0.3956,0.4304,0.0,0.1035,-0.0,0.6201,1.028,0.0,2.305,0.125,9.835650809539772e-05,167.9,0.6
4049,1790889461.5041516,-0.4575,0.0543,-0.8056,-0.2117,0.3952,0.3608,0.3226,0.3434,0.2921,0.1794,0.3835,0.4371,0.0,0.2683,-0.0,1.4444,1.03,0.0,2.307,0.0,9.835650809539772e-05,103.2,0.54
4050,1790889461.9843886,-0.5423,0.1333,-0.8773,-0.2485,0.3852,0.2953,0.3625,0.5759,0.2922,0.1788,0.3866,0.4346,0.0,0.2439,-0.0,1.3224,1.031,0.0,2.186,0.0,9.835650809539772e-05,153.7,0.47
4051,1790889465.2958581,-0.3412,0.0462,-0.678,-0.1222,0.3983,0.2417,0.2055,0.2698,0.1938,0.1699,0.3843,0.4458,0.0,0.251,-0.0,1.3574,1.022,0.0,2.309,0.0,9.835650809539772e-05,118.7,0.69
4052,1790889465.8857198,-0.4789,0.0607,-0.7114,-0.2143,0.3101,0.3161,0.398,0.3407,0.2895,0.1621,0.3897,0.4482,0.0,0.1981,-0.0,1.092,1.016,0.0,2.297,0.0,9.835650809539772e-05,202.9,0.58
4053,1790889466.422125,-0.5005,0.0727,-0.8191,-0.1686,0.3206,0.3654,0.4512,0.3212,0.3007,0.178,0.3844,0.4376,0.0,0.1939,-0.0,1.0725,1.03,0.0,2.308,0.0,9.835650809539772e-05,109.5,0.53
4054,1790889466.9624615,-0.4462,0.0399,-0.7118,-0.2217,0.3467,0.3077,0.3507,0.3231,0.2899,0.1785,0.3839,0.4376,0.0,0.226,-0.0,1.2331,1.03,0.0,2.301,0.0,9.835650809539772e-05,133.3,0.53
4055,1790889467.5471191,-0.3927,0.036,-0.5689,-0.1811,0.3862,0.2575,0.2926,0.2827,0.2396,0.1798,0.3905,0.4298,0.0,0.2463,-0.0,1.3347,1.031,0.0,2.296,0.0,9.835650809539772e-05,137.8,0.57
4056,1790889468.1837177,-0.352,0.0468,-0.6304,-0.2011,0.2317,0.1882,0.2526,0.2737,0.1882,0.1734,0.3942,0.4324,0.0,0.1377,-0.0,0.7912,1.028,0.0,2.281,0.59,9.834731330214017e-05,167.5,0.63
4057,1790889468.7369719,-0.5261,0.0389,-0.7172,-0.1761,0.3698,0.4233,0.3836,0.4007,0.3655,0.1816,0.3877,0.4306,0.0,0.2946,-0.0,1.5765,1.033,0.0,2.309,0.0,9.834731330214017e-05,95.5,0.55
4058,1790889469.2674294,-0.5051,0.0985,-0.8133,-0.2071,0.2794,0.31,0.4842,0.3316,0.2825,0.1762,0.3887,0.4351,0.0,0.1897,-0.0,1.0516,1.029,0.0,2.289,0.0,9.834731330214017e-05,127.7,0.52
4059,1790889469.8160856,-0.4329,0.0425,-0.5978,-0.2239,0.3734,0.2936,0.2959,0.338,0.272,0.177,0.3837,0.4393,0.0,0.2344,-0.0,1.2749,1.029,0.0,2.306,0.0,9.834731330214017e-05,143.5,0.54
4060,1790889470.3596144,-0.4829,0.0754,-0.84,-0.2332,0.4192,0.3546,0.4219,0.2773,0.2746,0.1584,0.3823,0.4594,0.0,0.2919,-0.0,1.5608,1.01,0.0,2.303,0.0,9.834731330214017e-05,204.1,0.54
4061,1790889470.8621912,-0.6083,0.0993,-0.9,-0.2889,0.3923,0.565,0.3761,0.4726,0.3574,0.1763,0.386,0.4377,0.0,0.2583,-0.0,1.3943,1.028,0.0,2.309,0.0,9.834731330214017e-05,110.0,0.49
4062,1790889471.381338,-0.5315,0.0554,-0.8093,-0.2283,0.2951,0.3616,0.4627,0.3851,0.3453,0.1823,0.3944,0.4233,0.0,0.1935,-0.0,1.071,1.034,0.0,2.248,0.0,9.834731330214017e-05,136.3,0.51
4063,1790889471.9559252,-0.3896,0.0433,-0.5885,-0.2509,0.2567,0.2794,0.2904,0.2507,0.234,0.1749,0.3956,0.4295,0.0,0.1557,-0.0,0.8813,1.029,0.0,2.259,0.0,9.834731330214017e-05,145.2,0.57
4064,1790889472.5382953,-0.358,0.0394,-0.5717,-0.1808,0.1899,0.2658,0.2459,0.2359,0.2154,0.1721,0.3954,0.4325,0.0,0.1177,-0.0,0.6911,1.026,0.0,2.309,0.458,9.833809329187456e-05,180.9,0.57
4065,1790889473.078236,-0.4802,0.0519,-0.7071,-0.2237,0.3424,0.3468,0.3858,0.3444,0.3026,0.1765,0.3893,0.4342,0.0,0.2172,-0.0,1.189,1.029,0.0,2.281,0.0,9.833809329187456e-05,110.6,0.53
4066,1790889473.5791419,-0.5684,0.0582,-0.7872,-0.3152,0.3693,0.4613,0.4537,0.3957,0.3702,0.1763,0.3894,0.4344,0.0,0.2301,-0.0,1.2533,1.029,0.0,2.249,0.0,9.833809329187456e-05,137.9,0.49
4067,1790889474.1227608,-0.528,0.0531,-0.7347,-0.256,0.4357,0.4516,0.3683,0.3676,0.3513,0.1755,0.3889,0.4357,0.0,0.2833,-0.0,1.5193,1.027,0.0,2.155,0.0,9.833809329187456e-05,151.7,0.54
4068,1790889474.723365,-0.4952,0.0748,-0.7782,-0.2446,0.2572,0.2961,0.3403,0.4456,0.2869,0.1671,0.3902,0.4427,0.0,0.1565,-0.0,0.8846,1.021,0.0,2.305,0.0,9.833809329187456e-05,162.5,0.59
4069,1790889475.2328908,-0.5063,0.0802,-0.7941,-0.176,0.5007,0.3075,0.4014,0.4485,0.2992,0.1859,0.3817,0.4324,0.0,0.3615,-0.0,1.9108,1.034,0.0,2.307,0.0,9.833809329187456e-05,110.1,0.5
4070,1790889475.7703178,-0.4708,0.0509,-0.6965,-0.2261,0.6073,0.3614,0.3458,0.3401,0.2957,0.1724,0.375,0.4526,0.0,0.4222,0.0,2.2133,1.022,0.0,2.297,0.0,9.833809329187456e-05,131.6,0.53
4071,1790889476.3548598,-0.372,0.0411,-0.7568,-0.1944,0.2697,0.2555,0.2311,0.2913,0.2224,0.1715,0.396,0.4325,0.0,0.165,-0.0,0.9277,1.026,0.0,2.285,0.0,9.833809329187456e-05,155.8,0.57
4072,1790889476.994513,-0.4623,0.0341,-0.67,-0.2188,0.3338,0.3294,0.3186,0.3466,0.2966,0.1648,0.3974,0.4378,0.0,0.2193,-0.0,1.1985,1.019,0.0,2.309,0.217,9.832884806940983e-05,180.7,0.63
4073,1790889477.54025,-0.4556,0.0606,-0.7266,-0.175,0.3072,0.3922,0.3411,0.289,0.2814,0.1791,0.3887,0.4321,0.0,0.1877,-0.0,1.0417,1.032,0.0,2.292,0.0,9.832884806940983e-05,101.3,0.54
4074,1790889478.0786653,-0.4544,0.0665,-0.6599,-0.1577,0.439,0.3412,0.3951,0.2657,0.2657,0.1788,0.3829,0.4383,0.0,0.2948,-0.0,1.577,1.03,0.0,2.306,0.0,9.832884806940983e-05,125.2,0.53
4075,1790889478.646683,-0.4601,0.0495,-0.7889,-0.1897,0.3542,0.3653,0.3187,0.3408,0.2926,0.1731,0.3891,0.4378,0.0,0.236,-0.0,1.2825,1.026,0.0,2.276,0.0,9.832884806940983e-05,140.8,0.56
4076,1790889481.9604359,-0.3603,0.0409,-0.6105,-0.1447,0.2807,0.2251,0.2478,0.2724,0.2155,0.1626,0.3928,0.4447,0.0,0.169,-0.0,0.9468,1.017,0.0,2.309,0.0,9.832884806940983e-05,138.2,0.73
4077,1790889482.4758449,-0.4899,0.0555,-0.7418,-0.3143,0.4094,0.3244,0.3636,0.3999,0.3041,0.1822,0.3815,0.4363,0.0,0.2896,-0.0,1.5512,1.032,0.0,2.307,0.0,9.832884806940983e-05,90.9,0.51
4078,1790889483.0225806,-0.4431,0.0527,-0.7822,-0.1659,0.3268,0.2892,0.3699,0.3177,0.2699,0.1804,0.3897,0.4299,0.0,0.2215,-0.0,1.2109,1.032,0.0,2.284,0.0,9.832884806940983e-05,127.0,0.54
4079,1790889483.560769,-0.4512,0.0749,-0.6709,-0.2117,0.2936,0.3318,0.2473,0.4051,0.2473,0.1736,0.3927,0.4337,0.0,0.1928,-0.0,1.0667,1.026,0.0,2.309,0.0,9.832884806940983e-05,145.2,0.53
4080,1790889484.1998212,-0.3943,0.0677,-0.5455,-0.2461,0.4632,0.3399,0.196,0.2848,0.196,0.1533,0.3836,0.463,0.0,0.2943,-0.0,1.572,1.005,0.0,2.304,0.252,9.831957763956813e-05,163.1,0.63
4081,1790889484.7039678,-0.5796,0.1422,-0.9047,-0.2139,0.4009,0.6275,0.3644,0.3714,0.3395,0.1768,0.3864,0.4368,0.0,0.2836,-0.0,1.5207,1.028,0.0,2.07,0.0,9.831957763956813e-05,116.3,0.5
4082,1790889485.2567468,-0.527,0.0547,-0.7576,-0.2136,0.2957,0.3787,0.4501,0.3643,0.3511,0.1788,0.3949,0.4262,0.0,0.1967,-0.0,1.0869,1.032,0.0,2.302,0.0,9.831957763956813e-05,124.3,0.54
4083,1790889485.813834,-0.4229,0.0634,-0.6033,-0.2083,0.2962,0.3133,0.3458,0.2323,0.2313,0.1735,0.3941,0.4325,0.0,0.1755,-0.0,0.9803,1.027,0.0,2.309,0.0,9.831957763956813e-05,148.2,0.55
4084,1790889486.397411,-0.3945,0.0754,-0.75,-0.1558,0.2835,0.23,0.2403,0.3617,0.2105,0.1668,0.3971,0.4362,0.0,0.1558,-0.0,0.8813,1.021,0.0,2.257,0.0,9.831957763956813e-05,188.6,0.57
4085,1790889486.959283,-0.5142,0.0589,-0.8687,-0.2438,0.3565,0.4581,0.3771,0.3441,0.3362,0.176,0.3849,0.4391,0.0,0.2613,-0.0,1.4093,1.028,0.0,2.287,0.0,9.831957763956813e-05,88.4,0.56
4086,1790889487.4435537,-0.4963,0.0664,-0.7917,-0.1686,0.3701,0.3581,0.3912,0.374,0.3059,0.1758,0.3898,0.4344,0.0,0.2696,-0.0,1.451,1.028,0.0,2.309,0.0,9.831957763956813e-05,123.2,0.47
4087,1790889488.0262108,-0.3867,0.0484,-0.63,-0.1373,0.2767,0.2354,0.295,0.282,0.2282,0.1749,0.3937,0.4315,0.0,0.1621,-0.0,0.9133,1.028,0.0,2.305,0.0,9.831957763956813e-05,126.1,0.57
4088,1790889488.6372936,-0.3645,0.0281,-0.6806,-0.1809,0.2793,0.2512,0.2589,0.254,0.2294,0.1638,0.3959,0.4403,0.0,0.1762,-0.0,0.9828,1.018,0.0,2.308,0.352,9.831028200718472e-05,153.4,0.6
4089,1790889489.1969507,-0.5803,0.0589,-0.8643,-0.3852,0.4752,0.4654,0.4079,0.4697,0.3774,0.1719,0.3859,0.4422,0.0,0.3259,-0.0,1.7317,1.024,0.0,2.301,0.0,9.831028200718472e-05,104.5,0.55
4090,1790889489.7578208,-0.4806,0.0454,-0.6393,-0.3162,0.4036,0.3586,0.3262,0.3932,0.3177,0.1757,0.3873,0.437,0.0,0.2651,-0.0,1.4283,1.027,0.0,2.306,0.0,9.831028200718472e-05,125.1,0.55
4091,1790889490.3196585,-0.3967,0.043,-0.69,-0.1723,0.2788,0.2524,0.2983,0.2793,0.2368,0.1736,0.3947,0.4317,0.0,0.1782,0.0,0.9936,1.027,0.0,2.309,0.0,9.831028200718472e-05,156.9,0.55
4092,1790889490.9673402,-0.3927,0.0539,-0.6817,-0.123,0.3771,0.2897,0.2215,0.3197,0.2184,0.15,0.389,0.461,0.0,0.2416,0.0,1.3081,1.002,0.0,2.309,0.0,9.831028200718472e-05,183.7,0.64
4093,1790889491.5275974,-0.4856,0.0527,-0.7538,-0.285,0.3961,0.404,0.3319,0.3523,0.3096,0.1717,0.3811,0.4472,0.0,0.3364,-0.0,1.7843,1.023,0.0,2.309,0.0,9.831028200718472e-05,84.3,0.55
4094,1790889492.062204,-0.4868,0.0503,-0.7587,-0.2706,0.4064,0.348,0.3863,0.3371,0.3056,0.1738,0.3859,0.4403,0.0,0.2706,-0.0,1.4558,1.026,0.0,2.307,0.0,9.831028200718472e-05,123.8,0.52
4095,1790889492.6373699,-0.374,0.0526,-0.5993,-0.2087,0.3165,0.2247,0.258,0.3173,0.2173,0.1724,0.3931,0.4345,0.0,0.1962,-0.0,1.0838,1.026,0.0,2.309,0.0,9.831028200718472e-05,131.8,0.57
4096,1790889493.2657387,-0.4362,0.0703,-0.8902,-0.1406,0.3013,0.3318,0.3797,0.2596,0.2555,0.1581,0.3941,0.4478,0.0,0.1976,-0.0,1.0894,1.012,0.0,2.299,0.245,9.830096117710803e-05,165.3,0.62
4097,1790889493.8261218,-0.4346,0.0592,-0.6806,-0.2142,0.2887,0.2981,0.3218,0.3497,0.2696,0.1738,0.3928,0.4334,0.0,0.1851,-0.0,1.0282,1.028,0.0,2.309,0.0,9.830096117710803e-05,98.1,0.55
4098,1790889494.4093528,-0.4405,0.049,-0.8122,-0.1031,0.3049,0.3447,0.284,0.3588,0.2802,0.1696,0.3913,0.4391,0.0,0.1978,-0.0,1.0913,1.023,0.0,2.304,0.0,9.830096117710803e-05,120.6,0.57
4099,1790889494.9778008,-0.3534,0.0474,-0.6192,-0.1695,0.2263,0.2336,0.227,0.2855,0.2067,0.1769,0.3969,0.4262,0.0,0.1287,-0.0,0.7465,1.031,0.0,2.309,0.0,9.830096117710803e-05,147.7,0.56
4100,1790889495.5610642,-0.4452,0.0586,-0.7472,-0.2086,0.4403,0.3607,0.3162,0.2773,0.2577,0.1601,0.3861,0.4539,0.0,0.2937,-0.0,1.5696,1.013,0.0,2.309,0.0,9.830096117710803e-05,194.8,0.58
4101,1790889498.7048163,-0.4981,0.0464,-0.7017,-0.3364,0.336,0.3647,0.3753,0.3757,0.3204,0.1737,0.3892,0.4372,0.0,0.2085,-0.0,1.1451,1.027,0.0,2.309,0.0,9.830096117710803e-05,69.5,0.81
4102,1790889499.3273776,-0.4781,0.0565,-0.7455,-0.2897,0.3865,0.2876,0.3958,0.3652,0.2876,0.1738,0.3896,0.4366,0.0,0.2499,-0.0,1.3522,1.026,0.0,2.309,0.0,9.830096117710803e-05,112.9,0.62
4103,1790889499.892639,-0.413,0.0351,-0.7125,-0.2329,0.2504,0.2961,0.2947,0.2944,0.265,0.1722,0.3996,0.4281,0.0,0.148,-0.0,0.8428,1.027,0.0,2.309,0.0,9.830096117710803e-05,146.2,0.56
4104,1790889500.4816496,-0.4646,0.0445,-0.7625,-0.2918,0.3646,0.3657,0.321,0.3319,0.2922,0.1571,0.3895,0.4534,0.0,0.2531,-0.0,1.3664,1.011,0.0,2.25,0.167,9.82916151541996e-05,169.8,0.58
4105,1790889501.028553,-0.4568,0.0755,-0.7362,-0.2233,0.3416,0.3766,0.3674,0.2708,0.2611,0.176,0.3911,0.4329,0.0,0.2256,-0.0,1.2308,1.029,0.0,2.304,0.0,9.82916151541996e-05,104.7,0.54
4106,1790889501.5717454,-0.4544,0.0395,-0.6375,-0.3167,0.4476,0.307,0.3286,0.3535,0.2925,0.1712,0.3839,0.4449,0.0,0.2976,-0.0,1.5903,1.023,0.0,2.234,0.0,9.82916151541996e-05,126.7,0.53
4107,1790889502.128392,-0.4602,0.0463,-0.9219,-0.2901,0.3342,0.3314,0.3772,0.3004,0.2908,0.1764,0.3874,0.4361,0.0,0.2147,-0.0,1.1763,1.029,0.0,2.309,0.0,9.82916151541996e-05,144.7,0.55
4108,1790889502.7425332,-0.4022,0.0466,-0.7284,-0.212,0.2681,0.3233,0.273,0.2509,0.2416,0.1733,0.4006,0.4261,0.0,0.1765,-0.0,0.9853,1.028,0.0,2.225,0.0,9.82916151541996e-05,164.7,0.6
4109,1790889503.2873182,-0.4799,0.0734,-0.7077,-0.2256,0.4381,0.4116,0.3744,0.274,0.274,0.1661,0.3859,0.4479,0.0,0.3041,-0.0,1.6222,1.018,0.0,2.306,0.0,9.82916151541996e-05,102.1,0.54
4110,1790889503.847637,-0.434,0.0642,-0.719,-0.2951,0.2691,0.3711,0.2527,0.3112,0.2474,0.1769,0.3918,0.4313,0.0,0.189,-0.0,1.048,1.03,0.0,2.301,0.0,9.82916151541996e-05,128.6,0.55
4111,1790889504.4154723,-0.4374,0.0529,-0.7106,-0.2297,0.2532,0.3163,0.3034,0.3303,0.2644,0.1772,0.3972,0.4255,0.0,0.1745,-0.0,0.9758,1.03,0.0,2.306,0.0,9.82916151541996e-05,156.0,0.56
4112,1790889505.0277715,-0.3268,0.0377,-0.5248,-0.2224,0.4812,0.2472,0.2236,0.1897,0.1849,0.1594,0.3848,0.4558,0.0,0.3128,-0.0,1.6651,1.012,0.0,2.309,0.725,9.828224394333417e-05,186.8,0.6
4113,1790889505.5884247,-0.5085,0.0606,-0.8397,-0.2506,0.4425,0.4334,0.3848,0.3286,0.3172,0.1682,0.3859,0.4459,0.0,0.3102,-0.0,1.6531,1.02,0.0,2.286,0.0,9.828224394333417e-05,84.9,0.55
4114,1790889506.1135232,-0.4813,0.0503,-0.6647,-0.3045,0.2894,0.3609,0.3561,0.3698,0.3159,0.1722,0.3959,0.4319,0.0,0.1637,-0.0,0.9211,1.027,0.0,2.308,0.0,9.828224394333417e-05,126.2,0.52
4115,1790889506.6888957,-0.429,0.057,-0.6389,-0.2372,0.2878,0.2635,0.3292,0.3237,0.2457,0.1712,0.3933,0.4355,0.0,0.1822,-0.0,1.0134,1.025,0.0,2.268,0.0,9.828224394333417e-05,143.9,0.57
4116,1790889507.2838902,-0.4487,0.0696,-0.7592,-0.1691,0.3835,0.3419,0.2608,0.377,0.2534,0.1573,0.3895,0.4532,0.0,0.2429,-0.0,1.3158,1.011,0.0,2.308,0.0,9.828224394333417e-05,196.2,0.59
4117,1790889507.848571,-0.3791,0.0597,-0.5795,-0.1178,0.3053,0.2369,0.3223,0.2669,0.216,0.1731,0.3855,0.4413,0.0,0.2013,-0.0,1.1089,1.026,0.0,2.309,0.0,9.828224394333417e-05,93.8,0.56
4118,1790889508.375935,-0.505,0.0587,-0.7243,-0.2329,0.427,0.3878,0.3812,0.3384,0.3162,0.1731,0.3913,0.4356,0.0,0.2832,-0.0,1.5186,1.025,0.0,2.309,0.0,9.828224394333417e-05,136.0,0.52
4119,1790889508.9875822,-0.4183,0.0511,-0.681,-0.2132,0.3349,0.279,0.334,0.2785,0.2534,0.1679,0.3962,0.4359,0.0,0.2161,-0.0,1.1825,1.022,0.0,2.309,0.0,9.828224394333417e-05,142.2,0.6
4120,1790889509.588635,-0.4112,0.0404,-0.7971,-0.1741,0.2727,0.2964,0.2711,0.3171,0.2555,0.1559,0.3973,0.4468,0.0,0.1895,-0.0,1.0485,1.01,0.0,2.287,0.108,9.827284754939954e-05,193.1,0.59
4121,1790889510.1246643,-0.481,0.0814,-0.7532,-0.228,0.3418,0.2781,0.4264,0.3761,0.2702,0.1649,0.3861,0.449,0.0,0.2485,-0.0,1.3443,1.017,0.0,2.295,0.0,9.827284754939954e-05,98.3,0.53
4122,1790889510.6557543,-0.5223,0.0627,-0.9028,-0.2321,0.2883,0.3815,0.4624,0.3378,0.3307,0.176,0.3973,0.4268,0.0,0.1882,-0.0,1.0438,1.029,0.0,2.306,0.0,9.827284754939954e-05,136.0,0.52
4123,1790889511.229268,-0.3616,0.0485,-0.6204,-0.1654,0.2732,0.2856,0.2214,0.2346,0.203,0.1757,0.3955,0.4288,0.0,0.1757,-0.0,0.9813,1.028,0.0,2.285,0.0,9.827284754939954e-05,145.1,0.57
4124,1790889511.8309424,-0.3793,0.0336,-0.5878,-0.1592,0.2803,0.2747,0.2636,0.2475,0.2263,0.1623,0.3923,0.4454,0.0,0.1789,-0.0,0.9959,1.017,0.0,2.309,0.0,9.827284754939954e-05,178.1,0.59
4125,1790889512.3517833,-0.4813,0.0533,-0.737,-0.272,0.4206,0.3479,0.3415,0.39,0.3085,0.1708,0.3886,0.4406,0.0,0.2706,-0.0,1.4554,1.023,0.0,2.262,0.0,9.827284754939954e-05,110.9,0.51
4126,1790889515.4598677,-0.4999,0.0585,-0.7078,-0.3013,0.3069,0.3272,0.3548,0.4384,0.3171,0.17,0.3926,0.4375,0.0,0.2026,-0.0,1.1154,1.024,0.0,2.302,0.0,9.827284754939954e-05,96.7,0.72
4127,1790889515.9870198,-0.496,0.0696,-0.8012,-0.1973,0.2392,0.4482,0.3536,0.3113,0.2963,0.1697,0.3982,0.4322,0.0,0.1421,-0.0,0.8131,1.024,0.0,2.299,0.0,9.827284754939954e-05,162.1,0.52
4128,1790889516.5006695,-0.4736,0.0708,-0.7409,-0.1371,0.2801,0.3818,0.3695,0.2811,0.2638,0.1647,0.3923,0.443,0.0,0.1759,-0.0,0.9812,1.018,0.0,2.244,0.246,9.826342597729672e-05,190.8,0.5
4129,1790889517.0317314,-0.6593,0.069,-0.9543,-0.3233,0.5461,0.485,0.4873,0.5971,0.455,0.1711,0.3803,0.4486,0.0,0.4274,-0.0,2.239,1.02,0.0,2.301,0.0,9.826342597729672e-05,99.5,0.52
4130,1790889517.578939,-0.4583,0.0602,-0.7105,-0.1541,0.4736,0.3277,0.362,0.3183,0.2803,0.1651,0.3859,0.449,0.0,0.3285,-0.0,1.7439,1.016,0.0,2.309,0.0,9.826342597729672e-05,122.7,0.54
4131,1790889518.1432946,-0.444,0.0551,-0.575,-0.2626,0.3382,0.255,0.3576,0.3547,0.255,0.1685,0.3917,0.4398,0.0,0.2253,-0.0,1.2285,1.023,0.0,2.309,0.0,9.826342597729672e-05,139.9,0.56
4132,1790889518.742198,-0.4941,0.0644,-0.8569,-0.3063,0.3709,0.3278,0.3893,0.3665,0.2967,0.1599,0.3971,0.443,0.0,0.2351,-0.0,1.2769,1.015,0.0,2.304,0.0,9.826342597729672e-05,156.5,0.59
4133,1790889519.2783287,-0.5118,0.0504,-0.8664,-0.284,0.3882,0.3701,0.3752,0.4,0.3319,0.1688,0.392,0.4392,0.0,0.263,-0.0,1.4173,1.021,0.0,2.309,0.0,9.826342597729672e-05,99.7,0.53
4134,1790889519.8204432,-0.4959,0.0383,-0.7838,-0.2718,0.2968,0.3745,0.3832,0.3629,0.3395,0.1756,0.3948,0.4296,0.0,0.2,-0.0,1.103,1.029,0.0,2.309,0.0,9.826342597729672e-05,120.3,0.53
4135,1790889520.3921046,-0.4146,0.0453,-0.7095,-0.2054,0.3021,0.2744,0.3288,0.2924,0.251,0.173,0.3975,0.4295,0.0,0.189,-0.0,1.0478,1.027,0.0,2.309,0.0,9.826342597729672e-05,136.0,0.56
4136,1790889521.003984,-0.4745,0.138,-0.9,-0.2359,0.3671,0.2772,0.2585,0.5301,0.252,0.1517,0.39,0.4582,0.0,0.2298,-0.0,1.2497,1.004,0.0,1.941,0.695,9.825397923193978e-05,166.9,0.6
4137,1790889521.5580778,-0.4815,0.0488,-0.8167,-0.2502,0.3875,0.3665,0.3303,0.38,0.3133,0.1721,0.3896,0.4383,0.0,0.2722,-0.0,1.4633,1.025,0.0,2.305,0.0,9.825397923193978e-05,96.8,0.55
4138,1790889522.1409745,-0.5089,0.0482,-0.8,-0.2975,0.3707,0.3653,0.4053,0.3723,0.3346,0.171,0.3878,0.4412,0.0,0.2569,-0.0,1.3871,1.024,0.0,2.295,0.0,9.825397923193978e-05,116.5,0.57
4139,1790889522.6771002,-0.4976,0.0557,-0.7813,-0.2976,0.4154,0.3105,0.4122,0.3938,0.3095,0.1683,0.3918,0.4399,0.0,0.2654,-0.0,1.4288,1.02,0.0,2.308,0.0,9.825397923193978e-05,154.1,0.53
4140,1790889523.218925,-0.3718,0.0627,-0.5969,-0.1769,0.2498,0.3182,0.2115,0.2423,0.2058,0.1562,0.3988,0.4451,0.0,0.1507,-0.0,0.8547,1.011,0.0,2.304,0.0,9.825397923193978e-05,197.9,0.53
4141,1790889523.737776,-0.3921,0.0516,-0.5924,-0.0801,0.2679,0.2772,0.2543,0.3161,0.233,0.1766,0.3946,0.4288,0.0,0.1824,-0.0,1.015,1.03,0.0,2.309,0.0,9.825397923193978e-05,102.3,0.51
4142,1790889524.2947657,-0.4897,0.0888,-0.9318,-0.2644,0.4412,0.467,0.3144,0.2953,0.281,0.1708,0.3871,0.4421,0.0,0.2953,0.0,1.5787,1.023,0.0,2.292,0.0,9.825397923193978e-05,116.0,0.55
4143,1790889524.8713984,-0.4906,0.0587,-0.8262,-0.2049,0.3005,0.3097,0.4008,0.3836,0.3036,0.1714,0.3941,0.4345,0.0,0.1999,-0.0,1.1022,1.025,0.0,2.306,0.0,9.825397923193978e-05,130.6,0.57
4144,1790889525.5310159,-0.4178,0.0382,-0.79,-0.1958,0.3399,0.2998,0.289,0.3082,0.2638,0.1502,0.3941,0.4557,0.0,0.223,-0.0,1.2153,1.004,0.0,2.281,0.336,9.824450731825598e-05,173.1,0.65
4145,1790889525.986629,-0.616,0.1236,-0.9255,-0.2634,0.5048,0.4138,0.6318,0.4157,0.3801,0.1717,0.3835,0.4448,0.0,0.359,-0.0,1.8971,1.023,0.0,2.309,0.0,9.824450731825598e-05,132.4,0.45
4146,1790889526.5571918,-0.5612,0.0904,-0.8481,-0.1876,0.4249,0.3498,0.4092,0.529,0.3451,0.1749,0.3938,0.4313,0.0,0.291,-0.0,1.5576,1.026,0.0,2.309,0.0,9.824450731825598e-05,121.6,0.56
4147,1790889527.1057696,-0.4832,0.0897,-0.7549,-0.2227,0.3018,0.2544,0.4021,0.412,0.2544,0.1674,0.3998,0.4328,0.0,0.1907,-0.0,1.0555,1.022,0.0,2.297,0.0,9.824450731825598e-05,150.7,0.54
4148,1790889527.6861913,-0.3835,0.0786,-0.6657,-0.1333,0.2867,0.2035,0.2391,0.3502,0.198,0.1603,0.4001,0.4395,0.0,0.1672,-0.0,0.9377,1.015,0.0,2.305,0.0,9.824450731825598e-05,173.7,0.57
4149,1790889528.266673,-0.4314,0.0536,-0.6889,-0.2489,0.3407,0.3372,0.2784,0.3383,0.2631,0.1681,0.3893,0.4426,0.0,0.2076,-0.0,1.1401,1.022,0.0,2.303,0.0,9.824450731825598e-05,87.7,0.57
4150,1790889528.8339376,-0.5116,0.0516,-0.7186,-0.2667,0.4364,0.4164,0.4053,0.3431,0.332,0.1704,0.3844,0.4452,0.0,0.2954,-0.0,1.579,1.022,0.0,2.309,0.0,9.824450731825598e-05,116.1,0.56
4151,1790889532.086521,-0.4927,0.0485,-0.7347,-0.2698,0.2495,0.3769,0.3931,0.3308,0.3131,0.1707,0.3992,0.4301,0.0,0.1585,-0.0,0.8949,1.025,0.0,2.302,0.0,9.824450731825598e-05,120.8,0.64
4152,1790889532.6770632,-0.4143,0.0368,-0.5623,-0.2251,0.2342,0.2708,0.2879,0.3194,0.2544,0.1625,0.4021,0.4354,0.0,0.1378,-0.0,0.7906,1.018,0.0,2.309,0.578,9.823501024118569e-05,176.0,0.58
4153,1790889533.2002118,-0.5025,0.0531,-0.7362,-0.3194,0.3934,0.3962,0.3741,0.3527,0.3151,0.1674,0.3887,0.4439,0.0,0.2926,-0.0,1.5649,1.02,0.0,2.309,0.0,9.823501024118569e-05,108.1,0.52
4154,1790889533.727346,-0.4597,0.0477,-0.6685,-0.261,0.3472,0.3476,0.2887,0.3619,0.2789,0.1711,0.3932,0.4357,0.0,0.2172,0.0,1.1886,1.025,0.0,2.309,0.0,9.823501024118569e-05,123.4,0.52
4155,1790889534.249705,-0.4096,0.0635,-0.7373,-0.1949,0.2675,0.2809,0.3735,0.2466,0.2406,0.1672,0.3963,0.4364,0.0,0.1711,-0.0,0.9574,1.021,0.0,2.308,0.0,9.823501024118569e-05,146.3,0.51
4156,1790889534.8248873,-0.372,0.0524,-0.6603,-0.0875,0.2614,0.24,0.3174,0.2331,0.2262,0.1547,0.4012,0.4441,0.0,0.1846,-0.0,1.0241,1.009,0.0,2.309,0.0,9.823501024118569e-05,184.2,0.56
4157,1790889535.3599849,-0.4922,0.0476,-0.7068,-0.3367,0.3582,0.383,0.382,0.3326,0.3102,0.1754,0.3884,0.4362,0.0,0.2717,-0.0,1.4615,1.027,0.0,2.3,0.0,9.823501024118569e-05,91.6,0.53
4158,1790889535.9294674,-0.5018,0.0416,-0.9127,-0.3021,0.4255,0.3402,0.3825,0.4074,0.33,0.1716,0.3892,0.4392,0.0,0.2899,-0.0,1.5521,1.023,0.0,2.271,0.0,9.823501024118569e-05,111.3,0.56
4159,1790889536.4828892,-0.549,0.1231,-0.9,-0.2676,0.377,0.3107,0.5715,0.3776,0.3004,0.1752,0.3926,0.4323,0.0,0.24,-0.0,1.3029,1.028,0.0,2.302,0.0,9.823501024118569e-05,133.3,0.55
4160,1790889537.0715845,-0.3717,0.0336,-0.7824,-0.1531,0.2594,0.2627,0.2677,0.2672,0.2353,0.1602,0.4057,0.4341,0.0,0.1752,-0.0,0.9774,1.015,0.0,2.283,0.585,9.822548800568238e-05,161.9,0.58
4161,1790889537.6377735,-0.5007,0.0693,-0.7278,-0.2711,0.4837,0.3434,0.404,0.3914,0.312,0.1695,0.3898,0.4407,0.0,0.338,-0.0,1.792,1.021,0.0,2.233,0.0,9.822548800568238e-05,93.3,0.56
4162,1790889538.2016337,-0.5047,0.0574,-0.723,-0.33,0.3778,0.3932,0.3264,0.4003,0.317,0.1735,0.3903,0.4362,0.0,0.2408,-0.0,1.3063,1.026,0.0,2.298,0.0,9.822548800568238e-05,115.5,0.55
4163,1790889538.7627213,-0.4207,0.0536,-0.5786,-0.2089,0.246,0.2457,0.3312,0.3199,0.2444,0.1716,0.4004,0.428,0.0,0.1451,-0.0,0.8283,1.026,0.0,2.308,0.0,9.822548800568238e-05,147.3,0.55
4164,1790889539.3333507,-0.5352,0.0777,-0.7382,-0.2705,0.2741,0.4624,0.4289,0.3096,0.3096,0.1646,0.3981,0.4373,0.0,0.1732,-0.0,0.9679,1.019,0.0,2.307,0.0,9.822548800568238e-05,180.7,0.56
4165,1790889539.8941977,-0.5619,0.0445,-0.7816,-0.2926,0.46,0.4052,0.435,0.4557,0.3885,0.1698,0.3842,0.446,0.0,0.3876,-0.0,2.0399,1.021,0.0,2.309,0.0,9.822548800568238e-05,86.2,0.55
4166,1790889540.43626,-0.5265,0.0715,-0.8274,-0.2673,0.3552,0.4727,0.3698,0.3512,0.3313,0.1725,0.3909,0.4366,0.0,0.2379,-0.0,1.2921,1.026,0.0,2.288,0.0,9.822548800568238e-05,120.4,0.53
4167,1790889541.0479298,-0.4229,0.0573,-0.6984,-0.2402,0.3513,0.3442,0.279,0.2862,0.2527,0.166,0.3908,0.4431,0.0,0.2332,0.0,1.268,1.019,0.0,2.245,0.0,9.822548800568238e-05,127.7,0.6
4168,1790889541.5822313,-0.4514,0.0621,-0.6555,-0.2045,0.2704,0.3531,0.2613,0.3744,0.2604,0.1621,0.3988,0.4391,0.0,0.1802,-0.0,1.0026,1.017,0.0,2.304,0.248,9.821594061671266e-05,200.3,0.53
4169,1790889542.1263258,-0.5358,0.0476,-0.7189,-0.3909,0.3832,0.3899,0.401,0.397,0.346,0.1821,0.3799,0.438,0.0,0.2825,-0.0,1.5157,1.031,0.0,2.309,0.0,9.821594061671266e-05,99.8,0.53
4170,1790889542.6742325,-0.4921,0.0634,-0.8662,-0.1987,0.3971,0.2997,0.4135,0.3821,0.2972,0.1668,0.3921,0.4411,0.0,0.2626,-0.0,1.4149,1.02,0.0,2.28,0.0,9.821594061671266e-05,127.7,0.54
4171,1790889543.261816,-0.4502,0.0811,-0.7382,-0.179,0.3946,0.3995,0.305,0.2613,0.2527,0.167,0.3915,0.4416,0.0,0.267,0.0,1.4369,1.021,0.0,2.307,0.0,9.821594061671266e-05,138.7,0.58
4172,1790889543.8683336,-0.4067,0.0327,-0.6305,-0.2595,0.2916,0.2829,0.2961,0.2724,0.246,0.1544,0.4005,0.445,0.0,0.1774,-0.0,0.9877,1.009,0.0,2.304,0.0,9.821594061671266e-05,176.0,0.6
4173,1790889544.4475605,-0.5058,0.1025,-0.7752,-0.1258,0.4213,0.5001,0.326,0.3131,0.282,0.1726,0.3871,0.4402,0.0,0.2893,-0.0,1.5489,1.025,0.0,2.265,0.0,9.821594061671266e-05,89.9,0.57
4174,1790889544.9877186,-0.5081,0.0613,-0.7779,-0.2367,0.3363,0.4003,0.3996,0.3311,0.3179,0.1744,0.3931,0.4325,0.0,0.223,-0.0,1.2179,1.027,0.0,2.309,0.0,9.821594061671266e-05,118.3,0.53
4175,1790889545.5155225,-0.511,0.082,-0.729,-0.1642,0.4265,0.4075,0.4585,0.2936,0.2917,0.1634,0.3933,0.4432,0.0,0.2728,-0.0,1.4655,1.017,0.0,2.28,0.0,9.821594061671266e-05,152.0,0.52
4176,1790889548.8602462,-0.3782,0.081,-0.6596,-0.1861,0.2464,0.2133,0.2328,0.3641,0.2073,0.1574,0.4021,0.4405,0.0,0.1659,-0.0,0.931,1.013,0.0,2.189,0.466,9.820636807925628e-05,114.6,0.89
4177,1790889549.3973155,-0.5086,0.0555,-0.779,-0.2339,0.5319,0.4057,0.3398,0.4172,0.3281,0.1628,0.3804,0.4569,0.0,0.3708,-0.0,1.9556,1.014,0.0,2.282,0.0,9.820636807925628e-05,96.6,0.53
4178,1790889549.9439373,-0.4561,0.0632,-0.75,-0.1536,0.364,0.3151,0.3067,0.3907,0.2838,0.1735,0.3854,0.4411,0.0,0.2441,-0.0,1.3231,1.026,0.0,2.274,0.0,9.820636807925628e-05,121.8,0.54
4179,1790889550.5144966,-0.4129,0.0495,-0.6738,-0.2273,0.2764,0.3001,0.3174,0.2657,0.2421,0.1686,0.3968,0.4346,0.0,0.1764,-0.0,0.9841,1.023,0.0,2.309,0.0,9.820636807925628e-05,134.3,0.56
4180,1790889551.1013236,-0.426,0.0863,-0.7844,-0.1189,0.2873,0.2446,0.2893,0.4032,0.2387,0.1617,0.3985,0.4398,0.0,0.1909,-0.0,1.0563,1.016,0.0,2.248,0.0,9.820636807925628e-05,189.3,0.58
4181,1790889551.6382198,-0.4192,0.0482,-0.7222,-0.1807,0.3124,0.2984,0.328,0.2973,0.2604,0.1735,0.3918,0.4347,0.0,0.2027,-0.0,1.1162,1.027,0.0,2.309,0.0,9.820636807925628e-05,103.1,0.53
4182,1790889552.1933815,-0.485,0.0639,-0.7886,-0.2442,0.4261,0.4365,0.3366,0.3058,0.299,0.1716,0.3853,0.443,0.0,0.2799,-0.0,1.5018,1.023,0.0,2.305,0.0,9.820636807925628e-05,121.9,0.55
4183,1790889552.7539678,-0.5269,0.1506,-0.8965,-0.2439,0.2977,0.5922,0.3105,0.297,0.2854,0.1774,0.3908,0.4318,0.0,0.184,-0.0,1.023,1.03,0.0,1.929,0.0,9.820636807925628e-05,144.0,0.55
4184,1790889553.341606,-0.3853,0.0378,-0.5613,0.0,0.208,0.2746,0.2471,0.2645,0.2265,0.1566,0.4024,0.4411,0.0,0.1322,0.0,0.7622,1.011,0.0,2.306,0.642,9.819677039830608e-05,175.9,0.58
4185,1790889553.9077737,-0.4347,0.0472,-0.6979,-0.1676,0.3,0.3172,0.3224,0.3118,0.2736,0.177,0.3894,0.4336,0.0,0.1879,-0.0,1.0427,1.03,0.0,2.294,0.0,9.819677039830608e-05,93.2,0.56
4186,1790889554.449402,-0.4177,0.0542,-0.615,-0.1389,0.3097,0.2855,0.3149,0.2858,0.2415,0.1759,0.3907,0.4334,0.0,0.2022,-0.0,1.1137,1.029,0.0,2.305,0.0,9.819677039830608e-05,129.9,0.53
4187,1790889554.9787827,-0.451,0.0572,-0.6753,-0.2305,0.3297,0.376,0.2891,0.3082,0.2696,0.1722,0.3925,0.4353,0.0,0.2137,-0.0,1.1711,1.025,0.0,2.307,0.0,9.819677039830608e-05,159.5,0.52
4188,1790889555.5880437,-0.444,0.0504,-0.7069,-0.2072,0.3204,0.2629,0.3582,0.3277,0.2629,0.1547,0.3982,0.4471,0.0,0.2101,-0.0,1.1516,1.009,0.0,2.297,0.0,9.819677039830608e-05,178.2,0.6
4189,1790889556.1266525,-0.5335,0.1278,-0.8667,-0.2131,0.3223,0.5491,0.3686,0.299,0.289,0.1686,0.3903,0.4411,0.0,0.2401,-0.0,1.3026,1.022,0.0,2.295,0.0,9.819677039830608e-05,93.6,0.53
4190,1790889556.6705236,-0.5085,0.111,-0.8824,-0.2596,0.469,0.2692,0.507,0.3701,0.2681,0.1721,0.387,0.441,0.0,0.316,-0.0,1.6822,1.024,0.0,2.295,0.0,9.819677039830608e-05,129.9,0.54
4191,1790889557.2379684,-0.4652,0.064,-0.7667,-0.0501,0.2735,0.3111,0.4091,0.3038,0.28,0.1686,0.3937,0.4376,0.0,0.1701,-0.0,0.9527,1.023,0.0,2.305,0.0,9.819677039830608e-05,152.3,0.56
4192,1790889557.8431137,-0.4018,0.027,-0.6393,-0.1847,0.3023,0.2677,0.2878,0.3068,0.2606,0.1558,0.3956,0.4486,0.0,0.193,-0.0,1.0659,1.01,0.0,2.309,0.516,9.8187147578868e-05,191.5,0.6
4193,1790889558.3955321,-0.5741,0.062,-0.9192,-0.3532,0.605,0.4173,0.4261,0.4944,0.3858,0.1714,0.3796,0.449,0.0,0.4576,-0.0,2.3901,1.021,0.0,2.309,0.0,9.8187147578868e-05,95.0,0.54
4194,1790889558.9799764,-0.3432,0.0451,-0.5851,-0.1614,0.3125,0.2533,0.2307,0.2327,0.1934,0.1696,0.3971,0.4332,0.0,0.1651,-0.0,0.9281,1.024,0.0,2.296,0.0,9.8187147578868e-05,113.8,0.58
4195,1790889559.4719574,-0.4433,0.0727,-0.6943,-0.175,0.3146,0.3035,0.3993,0.2766,0.2666,0.1673,0.3873,0.4454,0.0,0.2085,-0.0,1.1446,1.02,0.0,2.146,0.0,9.8187147578868e-05,159.2,0.48
4196,1790889560.0855522,-0.4205,0.061,-0.6704,-0.1428,0.2546,0.3586,0.2598,0.2847,0.2501,0.155,0.3985,0.4465,0.0,0.1502,-0.0,0.8521,1.01,0.0,2.308,0.0,9.8187147578868e-05,184.4,0.61
4197,1790889560.651399,-0.44,0.0583,-0.5777,-0.2409,0.2038,0.3549,0.361,0.2587,0.2587,0.1686,0.395,0.4364,0.0,0.1324,-0.0,0.7641,1.022,0.0,2.307,0.0,9.8187147578868e-05,97.8,0.56
4198,1790889561.2050288,-0.553,0.0653,-0.8265,-0.2545,0.6103,0.4749,0.4096,0.3704,0.346,0.1687,0.3778,0.4535,0.0,0.4504,-0.0,2.3538,1.018,0.0,2.298,0.0,9.8187147578868e-05,133.3,0.55
4199,1790889561.7854257,-0.3704,0.0488,-0.6344,-0.1764,0.3014,0.2263,0.2699,0.286,0.2138,0.1659,0.3915,0.4425,0.0,0.2016,-0.0,1.1097,1.019,0.0,2.307,0.0,9.8187147578868e-05,152.9,0.57
4200,1790889562.3496232,-0.4344,0.0634,-0.8762,-0.1731,0.2643,0.3806,0.2833,0.2847,0.2531,0.1561,0.4002,0.4437,0.0,0.1475,-0.0,0.8388,1.011,0.0,2.303,0.31,9.817749962596115e-05,206.2,0.56
4201,1790889565.4683294,-0.4877,0.0582,-0.79,-0.2962,0.3618,0.414,0.375,0.335,0.3186,0.1759,0.3861,0.4379,0.0,0.2478,0.0,1.3419,1.028,0.0,2.309,0.0,9.817749962596115e-05,71.4,0.77
4202,1790889566.0384543,-0.5599,0.0577,-0.7654,-0.3328,0.3381,0.4891,0.3916,0.4113,0.3759,0.1696,0.3917,0.4386,0.0,0.2175,0.0,1.1899,1.023,0.0,2.282,0.0,9.817749962596115e-05,122.1,0.56
4203,1790889566.5783067,-0.5441,0.0919,-0.9147,-0.36,0.3864,0.3539,0.5109,0.3574,0.3221,0.1713,0.3896,0.4391,0.0,0.252,-0.0,1.3623,1.024,0.0,2.237,0.0,9.817749962596115e-05,155.2,0.53
4204,1790889567.088724,-0.3405,0.0584,-0.6952,-0.1558,0.332,0.2953,0.2037,0.1985,0.181,0.1517,0.3927,0.4556,0.0,0.2222,-0.0,1.2113,1.005,0.0,2.309,0.0,9.817749962596115e-05,212.9,0.5
4205,1790889567.5857463,-0.5816,0.1253,-0.9058,-0.2894,0.3014,0.3516,0.6026,0.389,0.3388,0.1781,0.389,0.433,0.0,0.1945,-0.0,1.0755,1.031,0.0,2.201,0.0,9.817749962596115e-05,112.2,0.49
4206,1790889568.1023133,-0.5036,0.1694,-0.909,-0.2429,0.3314,0.597,0.2454,0.3069,0.2362,0.1742,0.3867,0.4391,0.0,0.2252,-0.0,1.2288,1.026,0.0,2.08,0.0,9.817749962596115e-05,124.1,0.51
4207,1790889568.6685224,-0.4153,0.0837,-0.6724,-0.1634,0.2924,0.3893,0.2388,0.2528,0.2237,0.1628,0.3939,0.4433,0.0,0.1817,-0.0,1.0103,1.017,0.0,2.288,0.0,9.817749962596115e-05,144.8,0.56
4208,1790889569.2749357,-0.3741,0.0655,-0.7464,-0.1676,0.2941,0.2407,0.2108,0.3289,0.195,0.1633,0.3944,0.4422,0.0,0.1693,-0.0,0.9483,1.018,0.0,2.3,0.629,9.816782654461769e-05,182.1,0.6
4209,1790889569.8463583,-0.5327,0.0831,-0.8994,-0.2552,0.5535,0.3487,0.3782,0.4991,0.3308,0.1715,0.3761,0.4524,0.0,0.3859,-0.0,2.0316,1.02,0.0,2.249,0.0,9.816782654461769e-05,98.2,0.56
4210,1790889570.4015687,-0.4349,0.0533,-0.7069,-0.2799,0.3295,0.3434,0.2734,0.3469,0.265,0.1715,0.3862,0.4424,0.0,0.2191,-0.0,1.1979,1.024,0.0,2.302,0.0,9.816782654461769e-05,117.9,0.55
4211,1790889570.9643435,-0.4964,0.0585,-0.7275,-0.24,0.3956,0.332,0.339,0.426,0.3039,0.1696,0.3832,0.4472,0.0,0.2698,-0.0,1.4514,1.022,0.0,2.309,0.0,9.816782654461769e-05,144.6,0.55
4212,1790889571.5697916,-0.4596,0.0466,-0.7373,-0.1933,0.3491,0.3228,0.3535,0.3296,0.2855,0.1585,0.3914,0.4501,0.0,0.2254,-0.0,1.228,1.013,0.0,2.278,0.0,9.816782654461769e-05,176.0,0.6
4213,1790889572.06779,-0.475,0.0718,-0.7333,-0.2625,0.359,0.3562,0.4199,0.2789,0.2759,0.1715,0.3872,0.4413,0.0,0.2245,-0.0,1.2247,1.023,0.0,2.298,0.0,9.816782654461769e-05,110.7,0.49
4214,1790889572.607194,-0.4098,0.0572,-0.6339,-0.2267,0.2741,0.279,0.2921,0.3193,0.2453,0.1706,0.389,0.4405,0.0,0.1809,-0.0,1.0069,1.024,0.0,2.309,0.0,9.816782654461769e-05,127.8,0.53
4215,1790889573.1767483,-0.4983,0.0659,-0.8306,-0.2566,0.3073,0.3048,0.3964,0.411,0.2997,0.1709,0.3954,0.4337,0.0,0.1914,-0.0,1.0593,1.025,0.0,2.309,0.0,9.816782654461769e-05,143.6,0.56
4216,1790889573.8075664,-0.4539,0.0607,-0.812,-0.1736,0.3253,0.3037,0.3918,0.2864,0.2764,0.151,0.3914,0.4575,0.0,-0.2821,-0.4967,1.1733,1.004,0.0,7.113,0.595,9.815812833988291e-05,173.4,0.62
4217,1790889574.3623755,-0.5107,0.0597,-0.7879,-0.2333,0.3848,0.4309,0.3825,0.3214,0.3137,0.1702,0.386,0.4438,0.0,0.266,-0.0,1.4322,1.022,0.0,2.308,0.0,9.815812833988291e-05,97.9,0.54
4218,1790889574.9145784,-0.4299,0.0609,-0.8167,-0.2023,0.2754,0.3714,0.2835,0.2784,0.2514,0.1667,0.3915,0.4418,0.0,0.1825,-0.0,1.0144,1.021,0.0,2.307,0.0,9.815812833988291e-05,123.0,0.54
4219,1790889575.4331884,-0.3861,0.0507,-0.7971,-0.1314,0.2211,0.2374,0.292,0.307,0.2296,0.1695,0.3974,0.433,0.0,0.13,-0.0,0.7524,1.024,0.0,2.309,0.0,9.815812833988291e-05,157.0,0.51
4220,1790889576.0855365,-0.3357,0.0237,-0.4882,-0.1381,0.2462,0.2289,0.2353,0.2279,0.2087,0.1463,0.3933,0.4604,0.0,0.1614,-0.0,0.9071,0.998,0.0,2.309,0.0,9.815812833988291e-05,163.6,0.64
4221,1790889576.65649,-0.5143,0.0603,-0.7349,-0.2613,0.4513,0.3293,0.4455,0.367,0.3115,0.1701,0.3826,0.4472,0.0,0.3052,-0.0,1.628,1.021,0.0,2.304,0.0,9.815812833988291e-05,102.1,0.56
4222,1790889577.213615,-0.4888,0.0724,-0.6851,-0.217,0.3362,0.2995,0.3381,0.4356,0.2829,0.1769,0.3877,0.4353,0.0,0.2398,-0.0,1.3017,1.029,0.0,2.309,0.0,9.815812833988291e-05,133.2,0.55
4223,1790889577.775855,-0.3873,0.0529,-0.6713,-0.1526,0.3181,0.3283,0.2642,0.2354,0.2289,0.1703,0.3907,0.439,0.0,0.2331,-0.0,1.268,1.024,0.0,2.297,0.0,9.815812833988291e-05,145.9,0.55
4224,1790889578.3556905,-0.4176,0.0842,-0.7707,-0.1526,0.3283,0.254,0.2504,0.3893,0.2245,0.1522,0.3935,0.4542,0.0,0.2227,-0.0,1.2141,1.006,0.0,2.305,0.18,9.814840501681522e-05,189.8,0.57
4225,1790889578.8898199,-0.4951,0.0716,-0.7991,-0.2038,0.3022,0.368,0.3067,0.4494,0.3013,0.178,0.3901,0.4319,0.0,0.1786,-0.0,0.996,1.03,0.0,2.26,0.0,9.814840501681522e-05,106.9,0.53
4226,1790889582.1309168,-0.3786,0.0399,-0.6059,-0.1702,0.3998,0.255,0.2939,0.246,0.2234,0.1682,0.3867,0.4451,0.0,0.266,-0.0,1.432,1.021,0.0,2.295,0.0,9.814840501681522e-05,88.0,0.77
4227,1790889582.6453025,-0.3746,0.0477,-0.5818,-0.15,0.35,0.3056,0.2412,0.2387,0.2157,0.1718,0.3918,0.4364,0.0,0.2271,-0.0,1.2378,1.025,0.0,2.297,0.0,9.814840501681522e-05,155.3,0.51
4228,1790889583.224141,-0.4243,0.0406,-0.6538,-0.2326,0.2638,0.3064,0.3272,0.2927,0.265,0.1652,0.3941,0.4408,0.0,0.1636,-0.0,0.9201,1.019,0.0,2.3,0.0,9.814840501681522e-05,179.4,0.57
4229,1790889583.7519057,-0.5013,0.0633,-0.7321,-0.1434,0.4328,0.4079,0.3078,0.4012,0.3061,0.1688,0.3858,0.4453,0.0,0.2879,-0.0,1.5414,1.021,0.0,2.302,0.0,9.814840501681522e-05,104.1,0.52
4230,1790889584.2978978,-0.5119,0.1067,-0.8433,-0.1468,0.3397,0.4045,0.2655,0.4845,0.2655,0.1705,0.3902,0.4393,0.0,0.2223,-0.0,1.2137,1.024,0.0,2.289,0.0,9.814840501681522e-05,129.5,0.54
4231,1790889584.8810894,-0.4536,0.0507,-0.599,-0.2389,0.3097,0.2878,0.3237,0.3705,0.2767,0.1669,0.3938,0.4393,0.0,0.1823,-0.0,1.0136,1.021,0.0,2.309,0.0,9.814840501681522e-05,146.8,0.57
4232,1790889585.4960399,-0.4157,0.039,-0.707,-0.0912,0.3046,0.3236,0.2767,0.3045,0.263,0.163,0.3969,0.4401,0.0,0.199,-0.0,1.0966,1.017,0.0,2.309,0.605,9.813865658048608e-05,168.4,0.61
4233,1790889586.0324643,-0.5193,0.086,-0.8265,-0.2329,0.4577,0.4059,0.2994,0.4777,0.2994,0.1701,0.3819,0.448,0.0,0.3331,-0.0,1.7678,1.022,0.0,2.283,0.0,9.813865658048608e-05,100.7,0.53
4234,1790889586.590451,-0.4328,0.0743,-0.7643,-0.1472,0.2964,0.2411,0.3765,0.323,0.2388,0.1728,0.3973,0.4298,0.0,0.1932,-0.0,1.0688,1.026,0.0,2.306,0.0,9.813865658048608e-05,118.4,0.55
4235,1790889587.1374922,-0.4249,0.0447,-0.6338,-0.2483,0.3099,0.307,0.2932,0.3161,0.2641,0.1698,0.392,0.4381,0.0,0.2052,-0.0,1.1283,1.023,0.0,2.303,0.0,9.813865658048608e-05,139.5,0.54
4236,1790889587.7582605,-0.4587,0.0718,-0.7343,-0.1304,0.3201,0.2997,0.2875,0.4289,0.2705,0.1703,0.3896,0.4401,0.0,0.2032,-0.0,1.1182,1.024,0.0,2.274,0.0,9.813865658048608e-05,150.1,0.61
4237,1790889588.2859564,-0.3897,0.0482,-0.5572,-0.2302,0.2212,0.3073,0.2626,0.2819,0.2328,0.1625,0.3951,0.4424,0.0,0.1349,-0.0,0.776,1.017,0.0,2.284,0.0,9.813865658048608e-05,110.7,0.52
4238,1790889588.8614545,-0.4681,0.0593,-0.68,-0.1526,0.2941,0.389,0.2978,0.3452,0.2837,0.1722,0.3953,0.4325,0.0,0.1939,-0.0,1.0719,1.026,0.0,2.308,0.0,9.813865658048608e-05,136.7,0.57
4239,1790889589.4240122,-0.4221,0.0466,-0.6602,-0.1138,0.3024,0.2999,0.3482,0.2647,0.256,0.1679,0.3878,0.4443,0.0,0.1867,-0.0,1.0357,1.021,0.0,2.303,0.0,9.813865658048608e-05,161.0,0.55
4240,1790889590.0498314,-0.4623,0.058,-0.7189,-0.2758,0.2625,0.2877,0.3814,0.3403,0.276,0.1632,0.3962,0.4405,0.0,0.1671,-0.0,0.9371,1.018,0.0,2.309,0.321,9.812888303598012e-05,174.6,0.62
4241,1790889590.5975873,-0.4678,0.0624,-0.7864,-0.2336,0.3376,0.311,0.3378,0.3958,0.2875,0.1722,0.3917,0.4361,0.0,0.2106,-0.0,1.1555,1.026,0.0,2.297,0.0,9.812888303598012e-05,107.9,0.54
4242,1790889591.1002314,-0.4491,0.0782,-0.8267,-0.2361,0.296,0.2627,0.3183,0.3948,0.2556,0.1757,0.393,0.4313,0.0,0.2062,-0.0,1.1341,1.029,0.0,2.296,0.0,9.812888303598012e-05,149.5,0.5
4243,1790889591.5926657,-0.4833,0.0786,-0.7283,-0.185,0.2762,0.2755,0.4322,0.3526,0.2664,0.1649,0.3969,0.4382,0.0,0.1866,-0.0,1.0348,1.019,0.0,2.279,0.0,9.812888303598012e-05,177.0,0.49
4244,1790889592.1859295,-0.4833,0.0709,-0.8282,-0.2185,0.3169,0.385,0.2843,0.3792,0.2784,0.1522,0.3935,0.4543,0.0,0.1999,-0.0,1.1001,1.006,0.0,2.302,0.0,9.812888303598012e-05,191.4,0.58
4245,1790889592.7233942,-0.4493,0.0424,-0.6282,-0.3021,0.3693,0.3099,0.35,0.3073,0.2865,0.1776,0.3805,0.4419,0.0,0.2477,-0.0,1.3411,1.028,0.0,2.295,0.0,9.812888303598012e-05,96.1,0.53
4246,1790889593.2646227,-0.4687,0.0518,-0.7214,-0.1943,0.352,0.3242,0.3438,0.3836,0.302,0.1734,0.3866,0.44,0.0,0.2363,-0.0,1.2841,1.026,0.0,2.306,0.0,9.812888303598012e-05,117.2,0.53
4247,1790889593.8424785,-0.416,0.0523,-0.6833,-0.1473,0.3355,0.3363,0.3219,0.2501,0.249,0.1738,0.3965,0.4297,0.0,0.2177,-0.0,1.1911,1.026,0.0,2.271,0.0,9.812888303598012e-05,136.3,0.57
4248,1790889594.4855435,-0.3863,0.0524,-0.6059,-0.1957,0.2372,0.2404,0.3082,0.2643,0.2292,0.1554,0.3985,0.4461,0.0,0.1549,-0.0,0.8754,1.01,0.0,2.294,0.458,9.8119084388395e-05,153.7,0.63
4249,1790889595.0421934,-0.5196,0.0657,-0.7929,-0.2756,0.4438,0.3463,0.4467,0.3885,0.3353,0.1739,0.3822,0.4439,0.0,0.3065,-0.0,1.6351,1.025,0.0,2.309,0.0,9.8119084388395e-05,98.7,0.55
4250,1790889595.6180878,-0.5039,0.0479,-0.855,-0.2614,0.4368,0.415,0.369,0.3566,0.335,0.1692,0.3873,0.4435,0.0,0.2864,-0.0,1.5341,1.021,0.0,2.309,0.0,9.8119084388395e-05,123.2,0.57
4251,1790889598.8135898,-0.4847,0.0597,-0.756,-0.2885,0.4424,0.3248,0.3462,0.4084,0.3002,0.1677,0.3895,0.4427,0.0,0.2966,-0.0,1.5848,1.02,0.0,2.309,0.0,9.8119084388395e-05,101.8,0.76
4252,1790889599.3717086,-0.4192,0.0693,-0.8012,-0.202,0.3333,0.3434,0.3336,0.2285,0.2285,0.1658,0.3965,0.4377,0.0,0.2167,-0.0,1.1857,1.02,0.0,2.299,0.0,9.8119084388395e-05,174.7,0.55
4253,1790889599.9105756,-0.4822,0.0393,-0.6667,-0.272,0.3491,0.3619,0.3619,0.345,0.3191,0.1748,0.3881,0.4371,0.0,0.2239,-0.0,1.2221,1.027,0.0,2.309,0.0,9.8119084388395e-05,97.3,0.53
4254,1790889600.4590638,-0.4718,0.0478,-0.7214,-0.2318,0.3413,0.3573,0.305,0.384,0.2971,0.1802,0.3841,0.4357,0.0,0.2409,-0.0,1.3076,1.031,0.0,2.309,0.0,9.8119084388395e-05,121.2,0.54
4255,1790889601.0064025,-0.4525,0.0481,-0.6682,-0.2361,0.2727,0.2839,0.3399,0.3571,0.28,0.1706,0.3957,0.4337,0.0,0.1691,-0.0,0.9481,1.025,0.0,2.309,0.0,9.8119084388395e-05,164.8,0.54
4256,1790889601.621593,-0.4198,0.0498,-0.7347,-0.2138,0.3175,0.2956,0.3016,0.2936,0.2521,0.1617,0.3934,0.4449,0.0,0.2121,-0.0,1.1621,1.016,0.0,2.3,0.193,9.81092606428415e-05,180.1,0.61
4257,1790889602.1718097,-0.4975,0.0594,-0.773,-0.1803,0.3609,0.4219,0.3319,0.3459,0.3041,0.1754,0.3892,0.4353,0.0,0.2388,-0.0,1.2968,1.029,0.0,2.309,0.0,9.81092606428415e-05,97.9,0.54
4258,1790889602.737396,-0.3842,0.0811,-0.7318,-0.2017,0.3069,0.2462,0.3574,0.2116,0.2004,0.1701,0.3933,0.4366,0.0,0.1993,-0.0,1.0991,1.024,0.0,2.284,0.0,9.81092606428415e-05,119.5,0.56
4259,1790889603.327708,-0.5079,0.0526,-0.8573,-0.1296,0.3214,0.3745,0.4115,0.3382,0.3229,0.1699,0.3938,0.4363,0.0,0.1893,-0.0,1.0489,1.024,0.0,2.245,0.0,9.81092606428415e-05,135.6,0.58
4260,1790889603.93661,-0.4829,0.0529,-0.6946,-0.2051,0.2804,0.3082,0.362,0.3988,0.3004,0.1678,0.3945,0.4377,0.0,0.1755,-0.0,0.9798,1.022,0.0,2.274,0.0,9.81092606428415e-05,152.8,0.6
4261,1790889604.4938624,-0.4479,0.0544,-0.6913,-0.191,0.2678,0.3431,0.2984,0.3645,0.2835,0.1747,0.3926,0.4327,0.0,0.1751,-0.0,0.9784,1.028,0.0,2.286,0.0,9.81092606428415e-05,96.7,0.55
4262,1790889605.080292,-0.4934,0.0478,-0.6706,-0.3142,0.3974,0.3233,0.4019,0.3634,0.3117,0.1718,0.3889,0.4393,0.0,0.2763,-0.0,1.484,1.025,0.0,2.297,0.0,9.81092606428415e-05,115.4,0.58
4263,1790889605.6456559,-0.3847,0.0562,-0.7173,-0.1639,0.2502,0.2776,0.244,0.2994,0.2205,0.1673,0.3971,0.4357,0.0,0.1482,-0.0,0.8433,1.023,0.0,2.309,0.0,9.81092606428415e-05,143.6,0.56
4264,1790889606.2610333,-0.5143,0.0932,-0.87,-0.2955,0.4088,0.3458,0.2978,0.4964,0.2978,0.1656,0.392,0.4424,0.0,0.2698,-0.0,1.4509,1.02,0.0,2.308,0.156,9.809941180444353e-05,156.3,0.61
4265,1790889606.8128715,-0.5575,0.0936,-0.8389,-0.303,0.4689,0.5231,0.3554,0.3918,0.3363,0.1702,0.3866,0.4432,0.0,0.3385,-0.0,1.7946,1.022,0.0,2.298,0.0,9.809941180444353e-05,108.5,0.54
4266,1790889607.349985,-0.4982,0.0571,-0.876,-0.1904,0.3419,0.4159,0.3384,0.3699,0.3186,0.1769,0.3914,0.4317,0.0,0.237,-0.0,1.288,1.029,0.0,2.303,0.0,9.809941180444353e-05,131.7,0.53
4267,1790889607.943997,-0.4256,0.0429,-0.8146,-0.1617,0.3727,0.3324,0.2811,0.3115,0.2636,0.1646,0.3943,0.4411,0.0,0.2502,0.0,1.3526,1.018,0.0,2.298,0.0,9.809941180444353e-05,136.7,0.59
4268,1790889608.5582862,-0.3951,0.0435,-0.6914,-0.1743,0.2601,0.2969,0.2382,0.2965,0.2373,0.1513,0.4022,0.4465,0.0,0.1559,-0.0,0.8801,1.005,0.0,2.305,0.0,9.809941180444353e-05,185.3,0.61
4269,1790889609.0839503,-0.5844,0.1033,-0.8958,-0.2441,0.3411,0.3829,0.4062,0.5686,0.3572,0.1637,0.391,0.4453,0.0,0.2736,-0.0,1.4697,1.018,0.0,2.194,0.0,9.809941180444353e-05,103.6,0.52
4270,1790889609.6307049,-0.4968,0.0527,-0.7986,-0.269,0.3973,0.3884,0.3806,0.3328,0.319,0.1678,0.3887,0.4435,0.0,0.2838,-0.0,1.5209,1.021,0.0,2.243,0.0,9.809941180444353e-05,144.3,0.54
4271,1790889610.145205,-0.3872,0.0747,-0.7382,-0.1152,0.2824,0.2103,0.2773,0.3346,0.2012,0.1659,0.3984,0.4357,0.0,0.1677,-0.0,0.9407,1.02,0.0,2.309,0.0,9.809941180444353e-05,170.2,0.51
4272,1790889610.6841543,-0.394,0.0601,-0.7035,-0.1776,0.2782,0.2233,0.289,0.3189,0.221,0.164,0.3975,0.4385,0.0,0.1866,-0.0,1.035,1.019,0.0,2.307,0.495,9.808953787833801e-05,204.4,0.53
4273,1790889611.2608147,-0.4907,0.0737,-0.8375,-0.2506,0.3375,0.2896,0.4224,0.3774,0.2816,0.1644,0.3921,0.4435,0.0,0.2155,-0.0,1.1792,1.018,0.0,2.257,0.0,9.808953787833801e-05,94.9,0.57
4274,1790889611.7962215,-0.4913,0.0559,-0.7134,-0.2252,0.3072,0.3351,0.3498,0.4106,0.3158,0.1718,0.3914,0.4368,0.0,0.2126,-0.0,1.1655,1.026,0.0,2.305,0.0,9.808953787833801e-05,129.6,0.53
4275,1790889612.332611,-0.4971,0.0764,-0.8576,-0.2143,0.3895,0.323,0.3867,0.3693,0.2833,0.1741,0.3829,0.443,0.0,0.2641,-0.0,1.423,1.026,0.0,2.214,0.0,9.808953787833801e-05,139.9,0.53
4276,1790889615.6503863,-0.3851,0.0559,-0.6167,-0.223,0.2268,0.2166,0.2927,0.3136,0.2166,0.1539,0.4059,0.4402,0.0,0.1514,-0.0,0.858,1.009,0.0,2.309,0.0,9.808953787833801e-05,152.3,0.69
4277,1790889616.1664724,-0.5276,0.0807,-0.8167,-0.32,0.3796,0.4897,0.3395,0.361,0.3327,0.1704,0.3868,0.4428,0.0,0.2771,-0.0,1.4879,1.023,0.0,2.244,0.0,9.808953787833801e-05,97.9,0.51
4278,1790889616.6996949,-0.4076,0.0394,-0.6353,-0.2083,0.4343,0.3099,0.2786,0.2855,0.2525,0.1734,0.3843,0.4423,0.0,0.3145,-0.0,1.6748,1.025,0.0,2.309,0.0,9.808953787833801e-05,123.6,0.53
4279,1790889617.239975,-0.4483,0.0838,-0.6557,-0.2142,0.2718,0.2412,0.3789,0.3704,0.2399,0.1644,0.3981,0.4374,0.0,0.1703,-0.0,0.9535,1.019,0.0,2.306,0.0,9.808953787833801e-05,141.6,0.53
4280,1790889617.8489137,-0.4123,0.0482,-0.6492,-0.2531,0.2556,0.2991,0.3072,0.2681,0.2443,0.1662,0.3975,0.4364,0.0,0.1688,-0.0,0.9461,1.021,0.0,2.303,0.55,9.807963886967501e-05,162.4,0.6
4281,1790889618.4259562,-0.5847,0.1104,-0.8792,-0.3353,0.3626,0.387,0.3904,0.5828,0.353,0.1676,0.394,0.4384,0.0,0.2493,-0.0,1.3487,1.022,0.0,2.246,0.0,9.807963886967501e-05,100.6,0.57
4282,1790889618.9660933,-0.5114,0.0757,-0.8341,-0.2937,0.3525,0.3413,0.3433,0.4739,0.3164,0.1689,0.3904,0.4407,0.0,0.2453,-0.0,1.3286,1.022,0.0,2.295,0.0,9.807963886967501e-05,133.9,0.53
4283,1790889619.5247362,-0.4147,0.0558,-0.79,-0.165,0.3568,0.2866,0.258,0.3509,0.2444,0.1661,0.3977,0.4363,0.0,0.2212,-0.0,1.208,1.02,0.0,2.299,0.0,9.807963886967501e-05,157.0,0.55
4284,1790889620.1572452,-0.4743,0.0635,-0.7795,-0.1606,0.2991,0.3101,0.3184,0.4238,0.2933,0.1545,0.4011,0.4444,0.0,0.2072,-0.0,1.1371,1.009,0.0,2.27,0.0,9.807963886967501e-05,182.8,0.62
4285,1790889620.699787,-0.4276,0.0636,-0.7333,-0.1286,0.2923,0.2865,0.3504,0.3096,0.2616,0.1705,0.3941,0.4354,0.0,0.1986,-0.0,1.0955,1.024,0.0,2.274,0.0,9.807963886967501e-05,111.2,0.53
4286,1790889621.215443,-0.4895,0.0883,-0.7333,-0.2417,0.3271,0.3193,0.4686,0.3115,0.2875,0.1745,0.3972,0.4282,0.0,0.208,-0.0,1.143,1.028,0.0,2.272,0.0,9.807963886967501e-05,143.8,0.51
4287,1790889621.7577646,-0.3719,0.0519,-0.5239,-0.2411,0.2339,0.2609,0.2969,0.2174,0.2089,0.1713,0.3962,0.4324,0.0,0.1472,-0.0,0.8387,1.026,0.0,2.307,0.0,9.807963886967501e-05,160.3,0.53
4288,1790889622.3699946,-0.4629,0.0296,-0.694,-0.1884,0.2919,0.3378,0.3455,0.3347,0.3131,0.1576,0.4032,0.4391,0.0,0.1996,-0.0,1.0993,1.013,0.0,2.302,0.575,9.806971478361766e-05,186.1,0.6
4289,1790889622.9544566,-0.4639,0.058,-0.8518,-0.1599,0.3792,0.347,0.3281,0.3542,0.2835,0.1699,0.388,0.4421,0.0,0.2798,-0.0,1.5012,1.023,0.0,2.28,0.0,9.806971478361766e-05,95.1,0.58
4290,1790889623.5220494,-0.4832,0.0552,-0.7172,-0.2826,0.3329,0.366,0.2999,0.3983,0.2955,0.1719,0.3963,0.4318,0.0,0.2348,-0.0,1.2766,1.026,0.0,2.3,0.0,9.806971478361766e-05,121.0,0.56
4291,1790889624.0943463,-0.4524,0.0661,-0.8891,-0.2397,0.3495,0.387,0.3287,0.2797,0.2741,0.1768,0.3917,0.4314,0.0,0.2323,-0.0,1.2644,1.03,0.0,2.295,0.0,9.806971478361766e-05,140.4,0.56
4292,1790889624.638063,-0.4467,0.0658,-0.735,-0.1107,0.281,0.2516,0.3889,0.3217,0.2496,0.1706,0.3997,0.4297,0.0,0.1804,-0.0,1.0045,1.025,0.0,2.289,0.0,9.806971478361766e-05,196.7,0.54
4293,1790889625.18928,-0.4725,0.066,-0.8031,-0.2526,0.3108,0.3676,0.3057,0.3743,0.2829,0.175,0.3942,0.4308,0.0,0.2191,-0.0,1.1981,1.027,0.0,2.28,0.0,9.806971478361766e-05,105.7,0.54
4294,1790889625.741035,-0.465,0.0864,-0.7415,-0.1971,0.369,0.3955,0.3798,0.2546,0.2487,0.1716,0.3936,0.4348,0.0,0.2543,-0.0,1.374,1.025,0.0,2.294,0.0,9.806971478361766e-05,124.1,0.54
4295,1790889626.2986622,-0.4861,0.0579,-0.7477,-0.2521,0.3459,0.4255,0.3509,0.3082,0.3051,0.1713,0.3997,0.429,0.0,0.2281,0.0,1.243,1.025,0.0,2.309,0.0,9.806971478361766e-05,147.3,0.55
4296,1790889626.8954248,-0.4185,0.0434,-0.6135,-0.1815,0.2851,0.3425,0.2887,0.2556,0.2548,0.1621,0.4022,0.4356,0.0,0.1803,-0.0,1.0033,1.017,0.0,2.309,0.566,9.805976562534215e-05,168.9,0.59
4297,1790889627.4609315,-0.594,0.0558,-1.0461,-0.3201,0.3926,0.5253,0.4528,0.4075,0.4026,0.1733,0.391,0.4356,0.0,0.2157,-0.0,1.1811,1.025,0.0,2.285,0.0,9.805976562534215e-05,95.2,0.56
4298,1790889627.974657,-0.5819,0.0634,-0.9,-0.2583,0.3721,0.4956,0.3896,0.4433,0.3768,0.1741,0.3891,0.4367,0.0,0.2453,-0.0,1.3294,1.027,0.0,2.307,0.0,9.805976562534215e-05,130.7,0.5
4299,1790889628.5441158,-0.4285,0.0426,-0.6433,-0.3123,0.3087,0.3201,0.2973,0.2879,0.2672,0.169,0.3912,0.4398,0.0,0.2061,-0.0,1.1327,1.024,0.0,2.297,0.0,9.805976562534215e-05,153.9,0.56
4300,1790889629.1451137,-0.4468,0.0358,-0.7214,-0.243,0.2358,0.3254,0.3351,0.3057,0.2854,0.1588,0.4049,0.4364,0.0,0.1504,-0.0,0.8534,1.014,0.0,2.296,0.0,9.805976562534215e-05,187.5,0.59
4301,1790889632.3509502,-0.3074,0.0314,-0.5413,-0.0345,0.2706,0.199,0.2006,0.2335,0.1804,0.1726,0.3878,0.4396,0.0,0.1575,-0.0,0.89,1.026,0.0,2.309,0.0,9.805976562534215e-05,62.7,0.79
4302,1790889632.871026,-0.4694,0.0854,-0.7796,-0.2165,0.3041,0.4269,0.3066,0.313,0.2746,0.177,0.3933,0.4297,0.0,0.2196,-0.0,1.2012,1.031,0.0,2.279,0.0,9.805976562534215e-05,133.3,0.51
4303,1790889633.4100206,-0.436,0.0405,-0.7,-0.1701,0.3109,0.2928,0.327,0.3335,0.2772,0.1769,0.3942,0.4289,0.0,0.2263,-0.0,1.2344,1.03,0.0,2.309,0.0,9.805976562534215e-05,151.5,0.53
4304,1790889633.9498136,-0.322,0.0313,-0.5753,-0.0696,0.3116,0.2322,0.2423,0.1985,0.1919,0.1604,0.4015,0.4381,0.0,0.2068,-0.0,1.1353,1.015,0.0,2.309,0.463,9.804979140003778e-05,195.1,0.53
4305,1790889634.44815,-0.4647,0.0682,-0.8167,-0.2606,0.3045,0.3787,0.3044,0.3344,0.2757,0.1729,0.3935,0.4336,0.0,0.1976,-0.0,1.0904,1.026,0.0,2.294,0.0,9.804979140003778e-05,112.8,0.49
4306,1790889635.000719,-0.5502,0.0705,-0.9038,-0.3551,0.3369,0.3884,0.3647,0.5018,0.359,0.1741,0.4001,0.4259,0.0,0.2306,-0.0,1.256,1.028,0.0,2.299,0.0,9.804979140003778e-05,130.7,0.54
4307,1790889635.5552378,-0.4509,0.0574,-0.677,-0.211,0.4352,0.3449,0.388,0.2666,0.2666,0.1736,0.3931,0.4333,0.0,0.3,-0.0,1.6024,1.026,0.0,2.258,0.0,9.804979140003778e-05,149.6,0.55
4308,1790889636.1577861,-0.4003,0.0632,-0.7182,-0.1369,0.3894,0.2371,0.3576,0.2638,0.2309,0.1608,0.3964,0.4429,0.0,0.2682,-0.0,1.4425,1.016,0.0,2.302,0.0,9.804979140003778e-05,181.9,0.6
4309,1790889636.688672,-0.4985,0.0512,-0.9232,-0.2193,0.2849,0.4079,0.3914,0.3463,0.3309,0.1765,0.3929,0.4307,0.0,0.2731,-0.0,1.4683,1.03,0.0,2.309,0.0,9.804979140003778e-05,98.4,0.52
4310,1790889637.2200294,-0.441,0.0744,-0.6628,-0.2912,0.2152,0.2617,0.2941,0.3946,0.2442,0.1757,0.4034,0.4209,0.0,0.1375,-0.0,0.7904,1.03,0.0,2.307,0.0,9.804979140003778e-05,134.2,0.52
4311,1790889637.8026836,-0.4924,0.0825,-0.7056,-0.2746,0.3705,0.3734,0.4422,0.2743,0.2726,0.1758,0.3936,0.4306,0.0,0.2353,-0.0,1.2792,1.029,0.0,2.305,0.0,9.804979140003778e-05,145.9,0.58
4312,1790889638.3762908,-0.4368,0.0567,-0.9372,-0.1861,0.3762,0.3598,0.2918,0.2705,0.2541,0.1617,0.3984,0.4399,0.0,0.2537,-0.0,1.3701,1.017,0.0,2.307,0.508,9.80397921129069e-05,181.4,0.57
4313,1790889638.9544907,-0.5614,0.0831,-0.775,-0.225,0.4073,0.361,0.4583,0.4613,0.333,0.1743,0.3848,0.4409,0.0,0.298,-0.0,1.5929,1.027,0.0,2.305,0.0,9.80397921129069e-05,87.4,0.57
4314,1790889639.5138109,-0.5426,0.0408,-1.15,-0.2967,0.4511,0.4074,0.4162,0.4109,0.366,0.1743,0.392,0.4338,0.0,0.3083,-0.0,1.6444,1.027,0.0,2.309,0.0,9.80397921129069e-05,123.3,0.55
4315,1790889640.0787303,-0.4459,0.046,-0.7625,-0.093,0.2705,0.3651,0.2704,0.3153,0.2626,0.1787,0.3981,0.4232,0.0,0.1927,-0.0,1.0668,1.032,0.0,2.298,0.0,9.80397921129069e-05,142.6,0.55
4316,1790889640.6710885,-0.398,0.0606,-0.7474,-0.1722,0.2392,0.3467,0.2262,0.2499,0.2178,0.1629,0.4018,0.4353,0.0,0.1346,-0.0,0.7748,1.019,0.0,2.283,0.0,9.80397921129069e-05,174.4,0.58
4317,1790889641.2369854,-0.4347,0.0534,-0.7125,-0.1965,0.3938,0.2886,0.3582,0.3032,0.2542,0.1707,0.3939,0.4354,0.0,0.2851,-0.0,1.5279,1.023,0.0,2.279,0.0,9.80397921129069e-05,93.0,0.56
4318,1790889641.7877183,-0.3801,0.0888,-0.7465,-0.0636,0.3531,0.3574,0.2097,0.256,0.2012,0.1758,0.3912,0.433,0.0,0.2315,-0.0,1.2603,1.029,0.0,2.279,0.0,9.80397921129069e-05,126.3,0.54
4319,1790889642.3135877,-0.4406,0.0563,-0.6955,-0.1584,0.2276,0.2672,0.3338,0.3536,0.2611,0.1788,0.3992,0.422,0.0,0.1406,-0.0,0.8063,1.032,0.0,2.309,0.0,9.80397921129069e-05,149.7,0.52
4320,1790889642.952631,-0.4249,0.0421,-0.6902,-0.1646,0.2214,0.2978,0.2999,0.3369,0.2734,0.1587,0.4065,0.4348,0.0,0.1557,-0.0,0.8799,1.014,0.0,2.309,0.233,9.802976776916494e-05,161.0,0.63
4321,1790889643.5223277,-0.5869,0.0872,-0.9682,-0.2267,0.3648,0.3714,0.4583,0.5401,0.3661,0.1716,0.3973,0.4311,0.0,0.2319,-0.0,1.2622,1.025,0.0,2.302,0.0,9.802976776916494e-05,99.1,0.56
4322,1790889644.0768778,-0.4087,0.0641,-0.6851,-0.1958,0.2678,0.3168,0.3269,0.2485,0.2409,0.174,0.397,0.429,0.0,0.1792,-0.0,0.9987,1.028,0.0,2.308,0.0,9.802976776916494e-05,134.0,0.55
4323,1790889644.6479216,-0.52,0.0677,-0.8673,-0.1859,0.3926,0.4389,0.3953,0.3275,0.3203,0.1706,0.3968,0.4325,0.0,0.3087,-0.0,1.6459,1.024,0.0,2.284,0.0,9.802976776916494e-05,143.6,0.56
4324,1790889645.2096353,-0.4163,0.0362,-0.6763,-0.1825,0.2674,0.2968,0.2953,0.2771,0.2543,0.1736,0.405,0.4214,0.0,0.1655,-0.0,0.93,1.028,0.0,2.28,0.0,9.802976776916494e-05,182.4,0.55
4325,1790889645.7548258,-0.4388,0.071,-0.6935,-0.0952,0.2824,0.3866,0.3344,0.2524,0.2524,0.1776,0.3986,0.4238,0.0,0.1912,-0.0,1.0592,1.032,0.0,2.29,0.0,9.802976776916494e-05,106.6,0.54
4326,1790889648.868597,-0.3648,0.0463,-0.6956,-0.1065,0.2876,0.2826,0.2533,0.2281,0.2127,0.1695,0.4004,0.43,0.0,0.1781,-0.0,0.9928,1.025,0.0,2.304,0.0,9.802976776916494e-05,108.1,0.66
4327,1790889649.3996549,-0.4653,0.0856,-0.876,-0.2083,0.2335,0.3316,0.2809,0.4261,0.2624,0.1738,0.4027,0.4235,0.0,0.1513,-0.0,0.8595,1.029,0.0,2.309,0.0,9.802976776916494e-05,156.6,0.52
4328,1790889649.998387,-0.4286,0.0629,-0.7466,-0.2186,0.3357,0.2486,0.2889,0.375,0.2468,0.1598,0.4019,0.4383,0.0,0.2229,-0.0,1.2162,1.015,0.0,2.3,0.093,9.80197183740404e-05,180.1,0.59
4329,1790889650.517975,-0.4491,0.0669,-0.773,-0.2135,0.3166,0.2856,0.2897,0.3992,0.2693,0.1701,0.396,0.4338,0.0,0.2199,-0.0,1.2017,1.024,0.0,2.309,0.0,9.80197183740404e-05,107.2,0.51
4330,1790889651.0536487,-0.4652,0.0305,-0.6242,-0.2499,0.3432,0.3525,0.3501,0.3158,0.3017,0.1759,0.3932,0.4308,0.0,0.2253,-0.0,1.2295,1.029,0.0,2.308,0.0,9.80197183740404e-05,133.6,0.53
4331,1790889651.6344814,-0.435,0.0507,-0.812,-0.1667,0.291,0.3004,0.336,0.3083,0.2709,0.1746,0.4009,0.4244,0.0,0.203,-0.0,1.1177,1.028,0.0,2.305,0.0,9.80197183740404e-05,138.2,0.57
4332,1790889652.2057762,-0.3882,0.0363,-0.5283,-0.2346,0.4063,0.2712,0.2682,0.2862,0.2469,0.1633,0.3962,0.4405,0.0,0.2662,-0.0,1.4328,1.018,0.0,2.309,0.0,9.80197183740404e-05,180.1,0.56
4333,1790889652.7613897,-0.5347,0.0684,-0.7441,-0.293,0.389,0.4383,0.4205,0.3326,0.3264,0.1737,0.3885,0.4377,0.0,0.2862,-0.0,1.5334,1.026,0.0,2.287,0.0,9.80197183740404e-05,95.2,0.55
4334,1790889653.275359,-0.557,0.0721,-0.8868,-0.2357,0.3681,0.5053,0.3968,0.3716,0.3517,0.1744,0.3937,0.4319,0.0,0.2583,-0.0,1.3944,1.027,0.0,2.275,0.0,9.80197183740404e-05,131.7,0.5
4335,1790889653.847934,-0.4087,0.0563,-0.6418,-0.2329,0.2859,0.3379,0.2613,0.2757,0.2386,0.1706,0.4042,0.4251,0.0,0.1948,-0.0,1.0768,1.025,0.0,2.309,0.0,9.80197183740404e-05,141.1,0.56
4336,1790889654.479932,-0.39,0.0436,-0.6065,-0.195,0.1847,0.2613,0.3151,0.2403,0.2289,0.1657,0.4062,0.4281,0.0,0.1137,-0.0,0.6706,1.021,0.0,2.302,0.555,9.800964393277488e-05,177.9,0.62
4337,1790889655.0455637,-0.4571,0.0555,-0.7017,-0.1905,0.3381,0.303,0.3601,0.3416,0.2789,0.1824,0.3907,0.4269,0.0,0.2399,-0.0,1.3028,1.034,0.0,2.298,0.0,9.800964393277488e-05,91.3,0.56
4338,1790889655.5940464,-0.385,0.0474,-0.5451,-0.2442,0.2411,0.2572,0.2765,0.2877,0.2312,0.1729,0.4026,0.4245,0.0,0.1431,-0.0,0.8183,1.027,0.0,2.235,0.0,9.800964393277488e-05,123.4,0.54
4339,1790889656.1479673,-0.5436,0.0852,-0.8559,-0.3206,0.3061,0.3228,0.4088,0.4939,0.3165,0.1764,0.3962,0.4273,0.0,0.1988,-0.0,1.0969,1.03,0.0,2.295,0.0,9.800964393277488e-05,135.5,0.55
4340,1790889656.7352057,-0.4284,0.052,-0.7333,-0.1279,0.2857,0.3315,0.3048,0.2948,0.2648,0.1704,0.403,0.4266,0.0,0.1782,-0.0,0.9938,1.026,0.0,2.281,0.0,9.800964393277488e-05,152.5,0.58
4341,1790889657.2608225,-0.4938,0.0473,-0.7726,-0.2721,0.2964,0.3647,0.3948,0.3587,0.3285,0.1755,0.3981,0.4264,0.0,0.2031,-0.0,1.1182,1.029,0.0,2.309,0.0,9.800964393277488e-05,109.6,0.52
4342,1790889657.8304465,-0.4878,0.0567,-0.8309,-0.2262,0.3313,0.3893,0.3188,0.3814,0.3091,0.1753,0.4,0.4247,0.0,0.2127,-0.0,1.1665,1.03,0.0,2.305,0.0,9.800964393277488e-05,121.2,0.56
4343,1790889658.367045,-0.3863,0.0418,-0.5731,-0.213,0.3045,0.2802,0.2818,0.2571,0.2392,0.1788,0.3995,0.4217,0.0,0.1923,-0.0,1.0646,1.032,0.0,2.254,0.0,9.800964393277488e-05,146.6,0.53
4344,1790889658.9602256,-0.4719,0.103,-0.8938,-0.2437,0.2784,0.4659,0.2597,0.2951,0.2597,0.1665,0.4039,0.4296,0.0,0.1668,-0.0,0.9362,1.022,0.0,2.218,0.117,9.799954445062295e-05,164.1,0.58
4345,1790889659.49519,-0.5326,0.0848,-0.8589,-0.3319,0.4114,0.3213,0.4723,0.418,0.3201,0.175,0.3913,0.4337,0.0,0.2856,-0.0,1.5308,1.027,0.0,2.309,0.0,9.799954445062295e-05,107.2,0.53
4346,1790889660.042416,-0.4952,0.0788,-0.8075,-0.264,0.3004,0.3805,0.4348,0.2963,0.2853,0.1734,0.401,0.4255,0.0,0.2006,-0.0,1.106,1.028,0.0,2.25,0.0,9.799954445062295e-05,127.7,0.54
4347,1790889660.61567,-0.3945,0.0402,-0.6088,-0.1722,0.3115,0.2757,0.3056,0.2607,0.2426,0.1772,0.3928,0.4299,0.0,0.2011,0.0,1.1087,1.031,0.0,2.299,0.0,9.799954445062295e-05,141.2,0.56
4348,1790889661.215384,-0.4082,0.0463,-0.5478,-0.2256,0.2806,0.2437,0.2999,0.3229,0.238,0.1631,0.4066,0.4303,0.0,0.187,-0.0,1.0369,1.019,0.0,2.3,0.0,9.799954445062295e-05,172.2,0.59
4349,1790889661.781863,-0.5661,0.0545,-0.8298,-0.1333,0.3858,0.4788,0.3947,0.4277,0.3761,0.1786,0.3837,0.4377,0.0,0.2649,-0.0,1.4274,1.03,0.0,2.309,0.0,9.799954445062295e-05,84.5,0.56
4350,1790889662.363292,-0.4643,0.0516,-0.7077,-0.3094,0.3237,0.3466,0.3103,0.3782,0.2868,0.1712,0.3982,0.4305,0.0,0.1953,-0.0,1.0793,1.026,0.0,2.289,0.0,9.799954445062295e-05,108.7,0.57
4351,1790889665.569106,-0.379,0.0514,-0.7243,-0.1497,0.2378,0.288,0.2627,0.2472,0.223,0.1691,0.4018,0.4292,0.0,0.1574,-0.0,0.8894,1.024,0.0,2.29,0.0,9.799954445062295e-05,117.2,0.69
4352,1790889666.1496894,-0.3892,0.0627,-0.7625,-0.1535,0.2232,0.3214,0.2194,0.2862,0.2164,0.1641,0.4062,0.4296,0.0,0.1364,-0.0,0.7838,1.02,0.0,2.289,0.133,9.798941993285235e-05,188.6,0.57
4353,1790889666.6794655,-0.4977,0.0865,-0.7578,-0.2441,0.2953,0.4642,0.3376,0.3176,0.296,0.1715,0.3954,0.4331,0.0,0.2056,0.0,1.1306,1.025,0.0,2.309,0.0,9.798941993285235e-05,99.9,0.52
4354,1790889667.2337067,-0.4407,0.0591,-0.7619,-0.2286,0.2884,0.3717,0.2855,0.2852,0.2559,0.1808,0.3993,0.4199,0.0,0.1966,-0.0,1.0863,1.034,0.0,2.304,0.0,9.798941993285235e-05,113.7,0.55
4355,1790889667.8071752,-0.4119,0.0678,-0.767,-0.1831,0.2474,0.3641,0.2729,0.2425,0.232,0.1709,0.401,0.4281,0.0,0.1726,-0.0,0.9657,1.026,0.0,2.305,0.0,9.798941993285235e-05,137.7,0.56
4356,1790889668.447416,-0.4464,0.063,-0.7806,-0.0804,0.2706,0.3633,0.2531,0.3515,0.2531,0.1503,0.4096,0.4401,0.0,0.1659,-0.0,0.9298,1.005,0.0,2.304,0.0,9.798941993285235e-05,165.8,0.63
4357,1790889668.9632895,-0.5479,0.0781,-0.957,-0.1579,0.3757,0.3313,0.4924,0.4237,0.3279,0.1672,0.3999,0.4329,0.0,0.2462,-0.0,1.3333,1.022,0.0,2.276,0.0,9.798941993285235e-05,104.2,0.51
4358,1790889669.4716794,-0.481,0.0527,-0.6927,-0.1292,0.3279,0.34,0.3858,0.3536,0.3119,0.1748,0.3938,0.4314,0.0,0.233,-0.0,1.2676,1.028,0.0,2.309,0.0,9.798941993285235e-05,125.4,0.5
4359,1790889670.0291426,-0.4477,0.0408,-0.7362,-0.2552,0.387,0.3285,0.3259,0.322,0.2823,0.1676,0.3963,0.4361,0.0,0.2516,-0.0,1.3603,1.022,0.0,2.309,0.0,9.798941993285235e-05,144.0,0.55
4360,1790889670.6610177,-0.3726,0.0642,-0.6337,-0.1557,0.3082,0.315,0.2316,0.2367,0.204,0.1638,0.4025,0.4336,0.0,0.2088,-0.0,1.1458,1.019,0.0,2.309,0.57,9.797927038474383e-05,153.9,0.62
4361,1790889671.1852882,-0.5289,0.0741,-0.7958,-0.2604,0.3599,0.3659,0.478,0.3537,0.3236,0.1678,0.4004,0.4318,0.0,0.2187,-0.0,1.1956,1.022,0.0,2.306,0.0,9.797927038474383e-05,98.7,0.52
4362,1790889671.7402468,-0.5202,0.153,-0.9044,-0.215,0.2897,0.2687,0.3432,0.5831,0.2587,0.1703,0.3984,0.4313,0.0,0.183,-0.0,1.0178,1.025,0.0,2.305,0.0,9.797927038474383e-05,115.2,0.55
4363,1790889672.2840095,-0.5588,0.1056,-0.9367,-0.3115,0.4958,0.5136,0.4536,0.3283,0.3274,0.1677,0.3932,0.4391,0.0,0.3414,0.0,1.8089,1.02,0.0,2.309,0.0,9.797927038474383e-05,139.1,0.54
4364,1790889672.8885353,-0.418,0.0534,-0.6858,-0.2,0.2405,0.2423,0.3225,0.3117,0.2385,0.1566,0.4073,0.4361,0.0,0.1518,-0.0,0.8602,1.011,0.0,2.299,0.0,9.797927038474383e-05,181.1,0.6
4365,1790889673.428748,-0.4446,0.0456,-0.7015,-0.1484,0.3912,0.3507,0.3122,0.3336,0.2822,0.1657,0.3988,0.4355,0.0,0.2628,-0.0,1.4162,1.02,0.0,2.306,0.0,9.797927038474383e-05,99.0,0.53
4366,1790889673.9466486,-0.5653,0.0593,-0.7729,-0.3762,0.4397,0.4652,0.4082,0.4173,0.3663,0.173,0.3947,0.4323,0.0,0.2934,-0.0,1.5695,1.026,0.0,2.306,0.0,9.797927038474383e-05,124.3,0.51
4367,1790889674.4692547,-0.4104,0.0882,-0.6842,-0.1266,0.3281,0.4019,0.2507,0.2295,0.2181,0.1713,0.3967,0.432,0.0,0.2216,-0.0,1.2107,1.026,0.0,2.309,0.0,9.797927038474383e-05,146.7,0.51
4368,1790889675.0728216,-0.4253,0.0447,-0.5993,-0.2485,0.3783,0.2857,0.3543,0.2961,0.273,0.1587,0.3996,0.4417,0.0,0.2402,-0.0,1.3023,1.014,0.0,2.273,0.3,9.796909581159116e-05,181.3,0.59
4369,1790889675.639712,-0.5756,0.1126,-0.916,-0.3177,0.3569,0.5505,0.4589,0.3194,0.3179,0.1631,0.4,0.437,0.0,0.2465,-0.0,1.3341,1.017,0.0,2.281,0.0,9.796909581159116e-05,95.4,0.56
4370,1790889676.2081878,-0.5067,0.0905,-0.7343,-0.2801,0.4331,0.2721,0.4244,0.4281,0.27,0.1712,0.3966,0.4322,0.0,0.2932,-0.0,1.5685,1.024,0.0,2.306,0.0,9.796909581159116e-05,131.3,0.56
4371,1790889676.8191907,-0.4434,0.0316,-0.6125,-0.2125,0.3314,0.3185,0.3327,0.3286,0.3007,0.1675,0.4066,0.4259,0.0,0.2035,-0.0,1.12,1.023,0.0,2.302,0.0,9.796909581159116e-05,151.2,0.6
4372,1790889677.423893,-0.4859,0.0603,-0.8611,-0.1893,0.2993,0.3213,0.4223,0.3236,0.2926,0.1571,0.4057,0.4372,0.0,0.1982,-0.0,1.0922,1.012,0.0,2.305,0.0,9.796909581159116e-05,188.2,0.6
4373,1790889677.971933,-0.4244,0.0596,-0.6888,-0.1617,0.3145,0.3102,0.3551,0.2697,0.247,0.166,0.401,0.433,0.0,0.2215,-0.0,1.2093,1.02,0.0,2.295,0.0,9.796909581159116e-05,96.2,0.54
4374,1790889678.468088,-0.4271,0.0503,-0.6823,-0.1971,0.2531,0.342,0.2843,0.3014,0.2609,0.1706,0.4068,0.4227,0.0,0.1584,-0.0,0.8947,1.026,0.0,2.309,0.0,9.796909581159116e-05,136.9,0.49
4375,1790889679.0359516,-0.4454,0.0499,-0.8587,-0.2227,0.3639,0.2929,0.3804,0.3055,0.2822,0.1666,0.3982,0.4352,0.0,0.2366,-0.0,1.285,1.021,0.0,2.298,0.0,9.796909581159116e-05,144.1,0.56
4376,1790889682.1589327,-0.4044,0.0399,-0.584,-0.1781,0.2798,0.2512,0.3121,0.3025,0.2492,0.1528,0.4119,0.4353,0.0,0.1666,-0.0,0.9339,1.009,0.0,2.309,0.625,9.795889621870122e-05,149.5,0.75
4377,1790889682.657312,-0.6335,0.0533,-0.7984,-0.3329,0.4064,0.5099,0.5247,0.4563,0.4392,0.1753,0.3826,0.4421,0.0,0.3002,-0.0,1.6039,1.027,0.0,2.306,0.0,9.795889621870122e-05,98.9,0.49
4378,1790889683.1754367,-0.4446,0.0592,-0.7351,-0.2046,0.3494,0.2943,0.3304,0.3424,0.2658,0.1682,0.3924,0.4393,0.0,0.2333,-0.0,1.2687,1.023,0.0,2.26,0.0,9.795889621870122e-05,125.8,0.51
4379,1790889683.7181299,-0.3887,0.0616,-0.6093,-0.2471,0.2475,0.2269,0.3258,0.2426,0.215,0.1687,0.3995,0.4318,0.0,0.1545,-0.0,0.8749,1.023,0.0,2.307,0.0,9.795889621870122e-05,150.5,0.53
4380,1790889684.3074837,-0.43,0.0938,-0.7477,-0.2332,0.2598,0.4183,0.2625,0.2407,0.228,0.1622,0.4064,0.4314,0.0,0.1631,-0.0,0.9172,1.018,0.0,2.237,0.0,9.795889621870122e-05,195.1,0.58
4381,1790889684.8650725,-0.4777,0.0583,-0.6754,-0.2786,0.3698,0.3473,0.3116,0.4112,0.2996,0.1753,0.3881,0.4365,0.0,0.2715,-0.0,1.4604,1.027,0.0,2.305,0.0,9.795889621870122e-05,96.0,0.55
4382,1790889685.42714,-0.5213,0.0891,-0.8652,-0.1065,0.3331,0.3291,0.4965,0.3626,0.3174,0.1689,0.3946,0.4365,0.0,0.25,0.0,1.3525,1.023,0.0,2.233,0.0,9.795889621870122e-05,120.9,0.55
4383,1790889686.0070539,-0.4341,0.06,-0.6803,-0.1657,0.4238,0.3205,0.3596,0.2587,0.2576,0.1635,0.3973,0.4392,0.0,0.2739,-0.0,1.4711,1.017,0.0,2.251,0.0,9.795889621870122e-05,141.3,0.57
4384,1790889686.6204863,-0.4991,0.0875,-0.8763,-0.258,0.271,0.2982,0.4644,0.3478,0.285,0.1578,0.4054,0.4368,0.0,0.1782,-0.0,0.9924,1.013,0.0,2.168,0.595,9.794867161139392e-05,177.3,0.6
4385,1790889687.1597376,-0.5254,0.0841,-0.892,-0.2636,0.2331,0.3875,0.3332,0.4737,0.3097,0.1775,0.3961,0.4265,0.0,0.1509,-0.0,0.8577,1.031,0.0,2.309,0.0,9.794867161139392e-05,96.4,0.53
4386,1790889687.7263846,-0.4198,0.0643,-0.6817,-0.1123,0.3204,0.3193,0.2552,0.3297,0.2381,0.1717,0.3927,0.4356,0.0,0.2153,-0.0,1.1792,1.024,0.0,2.309,0.0,9.794867161139392e-05,116.8,0.56
4387,1790889688.2682176,-0.3991,0.0542,-0.5736,-0.1167,0.3125,0.2488,0.3307,0.2551,0.2288,0.1768,0.3931,0.43,0.0,0.197,-0.0,1.0882,1.03,0.0,2.246,0.0,9.794867161139392e-05,139.2,0.53
4388,1790889688.884296,-0.4835,0.1103,-0.8715,-0.2448,0.2617,0.2811,0.2949,0.4964,0.2672,0.1602,0.4028,0.437,0.0,0.1557,-0.0,0.8802,1.016,0.0,2.281,0.0,9.794867161139392e-05,167.5,0.61
4389,1790889689.389032,-0.4491,0.0582,-0.6885,-0.2239,0.3023,0.2913,0.3703,0.3092,0.27,0.1726,0.3925,0.4349,0.0,0.2115,-0.0,1.16,1.026,0.0,2.309,0.0,9.794867161139392e-05,105.0,0.5
4390,1790889689.9574041,-0.4757,0.0647,-0.7524,-0.2324,0.3232,0.3762,0.3897,0.2854,0.2854,0.1681,0.3977,0.4342,0.0,0.2095,-0.0,1.1498,1.022,0.0,2.309,0.0,9.794867161139392e-05,122.4,0.56
4391,1790889690.5190022,-0.3305,0.0322,-0.6276,-0.1085,0.3582,0.2161,0.2477,0.2119,0.1949,0.1696,0.3904,0.44,0.0,0.2337,-0.0,1.2708,1.022,0.0,2.302,0.0,9.794867161139392e-05,155.7,0.55
4392,1790889691.135988,-0.4977,0.082,-0.9192,-0.2306,0.4049,0.3017,0.3329,0.4695,0.2909,0.1562,0.3963,0.4476,0.0,0.2583,-0.0,1.3926,1.01,0.0,2.282,0.407,9.793842199500221e-05,199.0,0.61
4393,1790889691.6873782,-0.4434,0.0683,-0.6433,-0.2039,0.3236,0.3499,0.3662,0.2553,0.2531,0.1689,0.3906,0.4404,0.0,0.1963,-0.0,1.084,1.023,0.0,2.302,0.0,9.793842199500221e-05,93.9,0.54
4394,1790889692.2008233,-0.5064,0.0646,-0.8632,-0.2406,0.3872,0.3669,0.4019,0.3778,0.3209,0.167,0.3933,0.4397,0.0,0.2721,-0.0,1.4628,1.021,0.0,2.296,0.0,9.793842199500221e-05,137.7,0.5
4395,1790889692.7194715,-0.3981,0.0709,-0.6437,-0.2266,0.3831,0.2782,0.2295,0.348,0.2235,0.1606,0.3951,0.4444,0.0,0.251,0.0,1.3564,1.015,0.0,2.309,0.0,9.793842199500221e-05,152.2,0.51
4396,1790889693.305155,-0.4451,0.0499,-0.7034,-0.2793,0.308,0.3074,0.3578,0.2973,0.2711,0.1623,0.3953,0.4425,0.0,0.1943,-0.0,1.0731,1.017,0.0,2.305,0.0,9.793842199500221e-05,180.7,0.58
4397,1790889693.808016,-0.5238,0.1016,-0.8317,-0.1699,0.475,0.4765,0.4378,0.2792,0.2792,0.1723,0.3803,0.4475,0.0,0.3287,-0.0,1.7457,1.023,0.0,2.285,0.0,9.793842199500221e-05,100.5,0.49
4398,1790889694.3831346,-0.4732,0.0629,-0.7022,-0.2277,0.3332,0.3602,0.3941,0.287,0.2858,0.1706,0.3953,0.4342,0.0,0.2163,-0.0,1.1838,1.024,0.0,2.309,0.0,9.793842199500221e-05,112.2,0.57
4399,1790889694.9374528,-0.4349,0.0622,-0.8332,-0.1754,0.3044,0.273,0.351,0.3131,0.2632,0.1681,0.396,0.4359,0.0,0.2073,-0.0,1.1388,1.023,0.0,2.298,0.0,9.793842199500221e-05,148.0,0.55
4400,1790889695.5566056,-0.3878,0.0379,-0.5364,-0.1156,0.2608,0.2845,0.2887,0.2424,0.2355,0.1574,0.4006,0.442,0.0,0.1592,-0.0,0.8974,1.013,0.0,2.309,0.684,9.792814737487207e-05,163.4,0.61
4401,1790889698.9411206,-0.4414,0.0514,-0.6333,-0.2504,0.2367,0.3443,0.3245,0.3043,0.2713,0.168,0.3956,0.4364,0.0,0.1596,-0.0,0.9003,1.022,0.0,2.279,0.0,9.792814737487207e-05,74.4,0.68
4402,1790889699.5899656,-0.4993,0.0843,-0.7864,-0.274,0.3888,0.4698,0.2986,0.3462,0.2947,0.172,0.3816,0.4464,0.0,0.2561,0.0,1.383,1.023,0.0,2.287,0.0,9.792814737487207e-05,99.5,0.64
4403,1790889700.0851028,-0.465,0.0384,-0.8115,-0.1839,0.3125,0.3635,0.34,0.3324,0.3105,0.1699,0.3923,0.4378,0.0,0.212,-0.0,1.1622,1.024,0.0,2.309,0.0,9.792814737487207e-05,155.6,0.49
4404,1790889700.6558886,-0.3591,0.0385,-0.5903,-0.1985,0.2182,0.2594,0.2197,0.2563,0.2087,0.1581,0.4023,0.4396,0.0,0.1289,-0.0,0.746,1.013,0.0,2.28,0.0,9.792814737487207e-05,191.2,0.56
4405,1790889701.1899035,-0.4605,0.0828,-0.8418,-0.1135,0.2677,0.3478,0.3897,0.2744,0.2572,0.1777,0.3928,0.4296,0.0,0.1846,-0.0,1.0259,1.032,0.0,2.309,0.0,9.792814737487207e-05,109.0,0.53
4406,1790889701.7346292,-0.4993,0.0431,-0.881,-0.2679,0.3642,0.3457,0.3836,0.3817,0.3301,0.1736,0.3834,0.443,0.0,0.2542,-0.0,1.3737,1.026,0.0,2.304,0.0,9.792814737487207e-05,121.0,0.54
4407,1790889702.3170915,-0.4879,0.0595,-0.9147,-0.2777,0.2765,0.3246,0.3407,0.4089,0.3002,0.1695,0.3959,0.4346,0.0,0.1722,-0.0,0.9636,1.024,0.0,2.271,0.0,9.792814737487207e-05,138.3,0.57
4408,1790889702.9190993,-0.4095,0.031,-0.5894,-0.2173,0.3089,0.2868,0.3079,0.2844,0.2614,0.167,0.3959,0.4371,0.0,0.1971,0.0,1.0878,1.022,0.0,2.309,0.324,9.791784775636256e-05,162.1,0.59
4409,1790889703.4625704,-0.5099,0.0537,-0.775,-0.3167,0.3631,0.4076,0.3878,0.334,0.3171,0.1745,0.3875,0.4381,0.0,0.28,-0.0,1.5026,1.026,0.0,2.309,0.0,9.791784775636256e-05,101.1,0.54
4410,1790889704.0388403,-0.4656,0.0638,-0.7636,-0.2141,0.3063,0.3125,0.4133,0.318,0.2876,0.1742,0.3891,0.4367,0.0,0.1817,-0.0,1.0109,1.027,0.0,2.309,0.0,9.791784775636256e-05,125.1,0.57
4411,1790889704.587214,-0.459,0.0484,-0.6489,-0.3408,0.2503,0.3505,0.303,0.3509,0.2846,0.1656,0.3916,0.4429,0.0,0.1502,-0.0,0.8529,1.019,0.0,2.307,0.0,9.791784775636256e-05,146.1,0.54
4412,1790889705.2250674,-0.4379,0.0614,-0.6491,-0.2791,0.4882,0.3107,0.2614,0.3759,0.2542,0.1488,0.3917,0.4595,0.0,0.3261,-0.0,1.7308,1.001,0.0,2.304,0.0,9.791784775636256e-05,174.1,0.63
4413,1790889705.7677226,-0.4603,0.0642,-0.7571,-0.2329,0.3304,0.3322,0.3814,0.3033,0.2769,0.1725,0.3866,0.4409,0.0,0.2298,-0.0,1.2516,1.025,0.0,2.309,0.0,9.791784775636256e-05,101.2,0.53
4414,1790889706.3074844,-0.4862,0.0384,-0.7187,-0.2393,0.3668,0.3734,0.3412,0.37,0.3221,0.1661,0.3878,0.4461,0.0,0.2477,-0.0,1.3402,1.019,0.0,2.295,0.0,9.791784775636256e-05,131.9,0.53
4415,1790889706.8652217,-0.3837,0.0494,-0.6876,-0.1722,0.3997,0.2236,0.29,0.2966,0.2236,0.1723,0.3805,0.4472,0.0,0.2614,-0.0,1.4093,1.024,0.0,2.309,0.0,9.791784775636256e-05,151.9,0.55
4416,1790889707.4379954,-0.4866,0.0531,-0.7611,-0.1695,0.3764,0.406,0.3229,0.3658,0.3104,0.1561,0.389,0.4549,0.0,0.2519,-0.0,1.3604,1.009,0.0,2.306,0.209,9.790752314484577e-05,170.0,0.57
4417,1790889707.921575,-0.449,0.0633,-0.8051,-0.1843,0.2752,0.3757,0.3124,0.314,0.2752,0.175,0.3839,0.4412,0.0,0.169,-0.0,0.9477,1.028,0.0,2.302,0.0,9.790752314484577e-05,113.3,0.48
4418,1790889708.4532201,-0.5953,0.0723,-0.8175,-0.3666,0.3134,0.5399,0.403,0.4311,0.3874,0.1727,0.387,0.4403,0.0,0.2228,-0.0,1.2167,1.026,0.0,2.269,0.0,9.790752314484577e-05,121.5,0.52
4419,1790889709.01904,-0.4228,0.0337,-0.6547,-0.1993,0.4356,0.2825,0.3191,0.3031,0.2659,0.1652,0.383,0.4519,0.0,0.2868,-0.0,1.5357,1.018,0.0,2.306,0.0,9.790752314484577e-05,141.2,0.56
4420,1790889709.681188,-0.3863,0.0747,-0.6652,-0.1529,0.2458,0.2417,0.3433,0.2104,0.1981,0.15,0.3957,0.4543,0.0,0.156,-0.0,0.8804,1.004,0.0,2.306,0.0,9.790752314484577e-05,173.6,0.65
4421,1790889710.2394457,-0.4998,0.0422,-0.65,-0.2957,0.4374,0.3399,0.3838,0.3886,0.3267,0.1645,0.384,0.4515,0.0,0.2971,-0.0,1.5871,1.016,0.0,2.309,0.0,9.790752314484577e-05,100.6,0.55
4422,1790889710.7927465,-0.4756,0.0647,-0.773,-0.2437,0.4582,0.33,0.4181,0.2999,0.2911,0.1642,0.3801,0.4557,0.0,0.3164,-0.0,1.6835,1.016,0.0,2.288,0.0,9.790752314484577e-05,136.7,0.55
4423,1790889711.3573115,-0.3995,0.0446,-0.5826,-0.232,0.1934,0.2618,0.2845,0.3001,0.2395,0.1694,0.3983,0.4323,0.0,0.1207,-0.0,0.706,1.024,0.0,2.297,0.0,9.790752314484577e-05,159.3,0.56
4424,1790889711.9899583,-0.3403,0.0686,-0.5569,-0.1231,0.1994,0.2668,0.2539,0.1685,0.1657,0.1582,0.3961,0.4457,0.0,0.1158,-0.0,0.6804,1.013,0.0,2.309,0.459,9.789717354570678e-05,172.3,0.62
4425,1790889712.526144,-0.5683,0.0451,-0.9735,-0.293,0.4244,0.4408,0.4054,0.4626,0.3902,0.1722,0.3777,0.4501,0.0,0.2801,-0.0,1.5031,1.023,0.0,2.309,0.0,9.789717354570678e-05,97.5,0.53
4426,1790889715.8175232,-0.4987,0.0642,-0.75,-0.2679,0.3174,0.3881,0.3941,0.34,0.3139,0.1681,0.3825,0.4494,0.0,0.2234,-0.0,1.2193,1.021,0.0,2.297,0.0,9.789717354570678e-05,78.0,0.81
4427,1790889716.353951,-0.4969,0.0539,-0.7094,-0.3292,0.4224,0.3988,0.3888,0.3324,0.3201,0.1772,0.3779,0.4449,0.0,0.291,-0.0,1.5575,1.027,0.0,2.309,0.0,9.789717354570678e-05,133.4,0.53
4428,1790889716.96106,-0.4142,0.0471,-0.7186,-0.233,0.3749,0.279,0.3312,0.2693,0.2447,0.1548,0.3829,0.4622,0.0,0.2525,-0.0,1.3633,1.008,0.0,2.247,0.0,9.789717354570678e-05,164.4,0.6
4429,1790889717.4387546,-0.4119,0.0481,-0.695,-0.1543,0.2657,0.2894,0.298,0.3019,0.254,0.1728,0.3849,0.4424,0.0,0.1641,-0.0,0.9229,1.024,0.0,2.301,0.0,9.789717354570678e-05,120.9,0.47
4430,1790889717.9895158,-0.4139,0.0558,-0.7397,-0.1118,0.3523,0.2822,0.337,0.2865,0.2426,0.1638,0.3827,0.4535,0.0,0.2248,-0.0,1.2255,1.017,0.0,2.305,0.0,9.789717354570678e-05,125.8,0.54
4431,1790889718.5708394,-0.4043,0.0736,-0.6625,-0.15,0.4473,0.2774,0.224,0.3634,0.2178,0.1624,0.3861,0.4515,0.0,0.3016,-0.0,1.6098,1.015,0.0,2.29,0.0,9.789717354570678e-05,139.7,0.57
4432,1790889719.1585896,-0.3893,0.0548,-0.6775,-0.162,0.2391,0.2329,0.3229,0.2694,0.2247,0.1594,0.3933,0.4473,0.0,0.1333,-0.0,0.7678,1.014,0.0,2.304,0.322,9.788679896434376e-05,187.5,0.58
4433,1790889719.7216182,-0.4787,0.0682,-0.7454,-0.2581,0.4063,0.3403,0.3162,0.4098,0.2846,0.1682,0.3789,0.4529,0.0,0.2737,-0.0,1.4704,1.019,0.0,2.297,0.0,9.788679896434376e-05,113.0,0.55
4434,1790889720.268546,-0.4582,0.0484,-0.7633,-0.1894,0.2719,0.3179,0.3575,0.329,0.2864,0.1679,0.3905,0.4415,0.0,0.1771,-0.0,0.9875,1.022,0.0,2.308,0.0,9.788679896434376e-05,139.8,0.54
4435,1790889720.7973394,-0.5289,0.0718,-0.8824,-0.2723,0.2739,0.3251,0.4106,0.4676,0.3186,0.1752,0.3846,0.4401,0.0,0.1778,-0.0,0.9919,1.028,0.0,2.303,0.0,9.788679896434376e-05,163.8,0.52
4436,1790889721.4047477,-0.3521,0.0405,-0.555,-0.2075,0.3689,0.2079,0.2745,0.2326,0.2011,0.16,0.3812,0.4587,0.0,0.2291,-0.0,1.247,1.013,0.0,2.306,0.0,9.788679896434376e-05,182.2,0.6
4437,1790889721.9820752,-0.5192,0.0682,-0.8082,-0.2613,0.3142,0.3501,0.4554,0.3785,0.3196,0.1742,0.3856,0.4402,0.0,0.2238,-0.0,1.2218,1.026,0.0,2.309,0.0,9.788679896434376e-05,92.8,0.57
4438,1790889722.571344,-0.3723,0.0498,-0.6033,-0.1409,0.2561,0.2393,0.2615,0.2877,0.2179,0.1685,0.3876,0.4439,0.0,0.163,-0.0,0.9174,1.022,0.0,2.305,0.0,9.788679896434376e-05,127.4,0.58
4439,1790889723.1116385,-0.3235,0.026,-0.4786,-0.1227,0.2247,0.2116,0.2204,0.2385,0.1994,0.1644,0.3907,0.4449,0.0,0.1276,-0.0,0.7397,1.019,0.0,2.308,0.0,9.788679896434376e-05,160.2,0.53
4440,1790889723.7336104,-0.4134,0.0488,-0.7722,-0.1007,0.3982,0.337,0.2485,0.3021,0.2444,0.1523,0.3879,0.4598,0.0,0.2603,-0.0,1.402,1.005,0.0,2.309,0.443,9.787639940616788e-05,191.8,0.61
4441,1790889724.2513134,-0.6096,0.0824,-0.8887,-0.3,0.3697,0.4318,0.5393,0.4454,0.3839,0.1682,0.3727,0.4591,0.0,0.2498,-0.0,1.3509,1.018,0.0,2.3,0.0,9.787639940616788e-05,106.3,0.51
4442,1790889724.820166,-0.4212,0.0449,-0.5815,-0.1844,0.4542,0.3077,0.2988,0.2922,0.2596,0.169,0.3722,0.4588,0.0,0.3187,-0.0,1.6955,1.018,0.0,2.309,0.0,9.787639940616788e-05,117.2,0.56
4443,1790889725.3577793,-0.4382,0.0855,-0.71,-0.1904,0.3268,0.2985,0.2491,0.4086,0.2356,0.1697,0.383,0.4473,0.0,0.22,-0.0,1.2021,1.021,0.0,2.251,0.0,9.787639940616788e-05,152.4,0.53
4444,1790889725.892033,-0.3164,0.0316,-0.465,-0.142,0.2213,0.1978,0.2242,0.2018,0.1814,0.1573,0.3937,0.449,0.0,0.1242,-0.0,0.722,1.012,0.0,2.309,0.0,9.787639940616788e-05,199.3,0.53
4445,1790889726.4325902,-0.5386,0.0726,-0.775,-0.2362,0.3128,0.4273,0.4649,0.3335,0.3335,0.1746,0.3761,0.4494,0.0,0.1969,-0.0,1.0871,1.026,0.0,2.309,0.0,9.787639940616788e-05,104.6,0.53
4446,1790889726.9681525,-0.4334,0.0674,-0.7276,-0.1596,0.4166,0.3528,0.2519,0.3413,0.2495,0.1673,0.3683,0.4644,0.0,0.3045,-0.0,1.6239,1.016,0.0,2.309,0.0,9.787639940616788e-05,125.8,0.53
4447,1790889727.4918044,-0.4602,0.0673,-0.6873,-0.2027,0.2672,0.2699,0.3286,0.4083,0.2671,0.1652,0.382,0.4528,0.0,0.199,-0.0,1.0969,1.018,0.0,2.296,0.0,9.787639940616788e-05,151.0,0.52
4448,1790889728.0758207,-0.3933,0.032,-0.7232,-0.1837,0.329,0.2522,0.2784,0.3116,0.2477,0.1598,0.3808,0.4594,0.0,0.2266,-0.0,1.2345,1.012,0.0,2.307,0.477,9.786597487660337e-05,176.7,0.57
4449,1790889728.6190255,-0.621,0.0684,-0.8891,-0.4024,0.3592,0.5451,0.4235,0.4876,0.4113,0.1722,0.3748,0.453,0.0,0.2466,-0.0,1.3351,1.023,0.0,2.306,0.0,9.786597487660337e-05,98.6,0.54
4450,1790889729.1439605,-0.5083,0.0504,-0.775,-0.29,0.3203,0.3767,0.3446,0.4125,0.3272,0.1717,0.3822,0.4461,0.0,0.2196,-0.0,1.2006,1.024,0.0,2.266,0.0,9.786597487660337e-05,135.2,0.52
4451,1790889732.1962712,-0.4237,0.05,-0.6669,-0.1553,0.3678,0.2489,0.3108,0.3446,0.2448,0.1711,0.3752,0.4538,0.0,0.2469,-0.0,1.3366,1.02,0.0,2.292,0.0,9.786597487660337e-05,133.3,0.62
4452,1790889732.7282825,-0.5148,0.0996,-0.8062,-0.2653,0.4651,0.3124,0.5078,0.3374,0.2953,0.1588,0.3771,0.4641,0.0,0.3164,-0.0,1.683,1.01,0.0,2.269,0.0,9.786597487660337e-05,198.8,0.52
4453,1790889733.244684,-0.525,0.0865,-0.8085,-0.3037,0.4704,0.3993,0.4768,0.3162,0.3044,0.1615,0.3722,0.4663,0.0,0.3258,-0.0,1.7301,1.011,0.0,2.3,0.0,9.786597487660337e-05,96.4,0.51
4454,1790889733.7928228,-0.5147,0.1414,-0.8963,-0.1815,0.4546,0.5602,0.2887,0.3128,0.2649,0.1704,0.3707,0.4589,0.0,0.3106,-0.0,1.6549,1.02,0.0,2.183,0.0,9.786597487660337e-05,125.3,0.54
4455,1790889734.3172388,-0.358,0.0361,-0.4987,-0.1406,0.2969,0.2717,0.2223,0.2434,0.2029,0.1679,0.3836,0.4485,0.0,0.1843,-0.0,1.0237,1.021,0.0,2.303,0.0,9.786597487660337e-05,149.0,0.52
4456,1790889734.9287848,-0.4216,0.0427,-0.652,-0.2609,0.3573,0.2949,0.2823,0.3085,0.2555,0.1594,0.38,0.4606,0.0,0.2178,-0.0,1.1904,1.012,0.0,2.306,0.179,9.785552538108742e-05,189.1,0.6
4457,1790889735.4692593,-0.5824,0.1034,-0.9119,-0.2702,0.3482,0.3488,0.4271,0.5685,0.3454,0.1732,0.3728,0.4541,0.0,0.275,-0.0,1.4771,1.024,0.0,2.308,0.0,9.785552538108742e-05,99.9,0.53
4458,1790889736.0553048,-0.5212,0.0918,-0.8891,-0.2842,0.3395,0.4724,0.3169,0.3697,0.3025,0.1713,0.376,0.4527,0.0,0.206,-0.0,1.1322,1.023,0.0,2.276,0.0,9.785552538108742e-05,119.4,0.58
4459,1790889736.6229463,-0.4659,0.0368,-0.6917,-0.2382,0.3842,0.3273,0.341,0.3437,0.2974,0.1686,0.3809,0.4505,0.0,0.2445,-0.0,1.3247,1.021,0.0,2.307,0.0,9.785552538108742e-05,161.4,0.56
4460,1790889737.2364151,-0.4897,0.0976,-0.8324,-0.1813,0.5199,0.3236,0.2782,0.482,0.2762,0.1548,0.3728,0.4725,0.0,0.3668,-0.0,1.9347,1.005,0.0,2.198,0.0,9.785552538108742e-05,181.8,0.6
4461,1790889737.8200727,-0.5424,0.062,-0.8022,-0.3182,0.4993,0.3983,0.455,0.3889,0.364,0.1681,0.3707,0.4611,0.0,0.3611,-0.0,1.9071,1.017,0.0,2.302,0.0,9.785552538108742e-05,92.0,0.57
4462,1790889738.3429284,-0.4601,0.0344,-0.699,-0.2928,0.4719,0.3273,0.3445,0.3318,0.2994,0.1695,0.3661,0.4644,0.0,0.319,-0.0,1.6965,1.017,0.0,2.309,0.0,9.785552538108742e-05,133.2,0.51
4463,1790889738.933915,-0.5555,0.0889,-0.8474,-0.2699,0.4526,0.3348,0.3802,0.5261,0.3333,0.1652,0.3749,0.4599,0.0,0.3061,-0.0,1.6318,1.015,0.0,2.214,0.0,9.785552538108742e-05,145.0,0.58
4464,1790889739.4957085,-0.4664,0.072,-0.8202,-0.1087,0.3589,0.2845,0.3706,0.3653,0.2588,0.1607,0.3759,0.4634,0.0,0.2387,-0.0,1.2949,1.012,0.0,2.309,0.749,9.784505092507031e-05,183.9,0.55
4465,1790889740.0190184,-0.4921,0.1037,-0.7712,-0.2124,0.4379,0.3645,0.4765,0.262,0.2574,0.1675,0.3733,0.4591,0.0,0.2971,-0.0,1.5874,1.018,0.0,2.309,0.0,9.784505092507031e-05,99.2,0.51
4466,1790889740.5591543,-0.4801,0.0581,-0.7419,-0.2009,0.3372,0.3994,0.3608,0.3162,0.2984,0.1748,0.3743,0.4509,0.0,0.2562,-0.0,1.3833,1.026,0.0,2.309,0.0,9.784505092507031e-05,121.3,0.53
4467,1790889741.121516,-0.4418,0.0823,-0.6415,-0.2167,0.3486,0.4095,0.2573,0.2984,0.2519,0.1715,0.3798,0.4487,0.0,0.2319,-0.0,1.2619,1.023,0.0,2.309,0.0,9.784505092507031e-05,134.0,0.56
4468,1790889741.6442368,-0.4005,0.0366,-0.7362,-0.184,0.2185,0.2789,0.275,0.3124,0.2547,0.162,0.3906,0.4474,0.0,0.1259,-0.0,0.7314,1.017,0.0,2.3,0.0,9.784505092507031e-05,207.0,0.51
4469,1790889742.155241,-0.4951,0.049,-0.7319,-0.2267,0.3551,0.3221,0.3769,0.4185,0.3192,0.1728,0.3728,0.4544,0.0,0.2452,-0.0,1.3286,1.024,0.0,2.309,0.0,9.784505092507031e-05,111.0,0.5
4470,1790889742.7436225,-0.4094,0.0488,-0.6104,-0.1379,0.3061,0.2859,0.2767,0.3175,0.2519,0.172,0.3778,0.4502,0.0,0.195,-0.0,1.0775,1.023,0.0,2.306,0.0,9.784505092507031e-05,124.4,0.58
4471,1790889743.2963495,-0.5216,0.075,-0.7816,-0.2741,0.3928,0.419,0.3051,0.4315,0.3023,0.1652,0.3714,0.4633,0.0,0.2547,-0.0,1.3753,1.016,0.0,2.307,0.0,9.784505092507031e-05,151.0,0.54
4472,1790889743.9086702,-0.436,0.0421,-0.6895,-0.2649,0.268,0.3073,0.303,0.315,0.2603,0.1608,0.3831,0.4561,0.0,0.1719,-0.0,0.9609,1.014,0.0,2.298,0.274,9.78345515140153e-05,180.9,0.6
4473,1790889744.4736567,-0.5106,0.0731,-0.9093,-0.1744,0.3829,0.3431,0.4557,0.3407,0.3088,0.1741,0.3691,0.4568,0.0,0.2839,-0.0,1.5219,1.023,0.0,2.282,0.0,9.78345515140153e-05,104.5,0.56
4474,1790889744.982643,-0.4403,0.0503,-0.6406,-0.2372,0.4275,0.301,0.277,0.3756,0.2737,0.1726,0.3714,0.456,0.0,0.3015,-0.0,1.6099,1.022,0.0,2.306,0.0,9.78345515140153e-05,141.5,0.5
4475,1790889745.5034034,-0.3982,0.0585,-0.6368,-0.1346,0.2567,0.2316,0.3442,0.259,0.2273,0.1693,0.3809,0.4498,0.0,0.1502,-0.0,0.8535,1.022,0.0,2.308,0.0,9.78345515140153e-05,158.7,0.51
4476,1790889748.8500664,-0.4404,0.0546,-0.6575,-0.202,0.3742,0.3418,0.2635,0.345,0.2567,0.1636,0.3771,0.4593,0.0,0.2527,-0.0,1.365,1.015,0.0,2.309,0.0,9.78345515140153e-05,118.9,0.84
4477,1790889749.3991835,-0.4708,0.0477,-0.8075,-0.2498,0.407,0.3394,0.3271,0.3678,0.2968,0.1665,0.3686,0.465,0.0,0.2982,-0.0,1.5924,1.015,0.0,2.3,0.0,9.78345515140153e-05,97.9,0.54
4478,1790889749.920743,-0.5399,0.0674,-0.7676,-0.2588,0.3145,0.4375,0.3443,0.4324,0.3321,0.1784,0.376,0.4455,0.0,0.2015,-0.0,1.1103,1.029,0.0,2.287,0.0,9.78345515140153e-05,127.8,0.51
4479,1790889750.4473915,-0.5515,0.0767,-0.8523,-0.3422,0.3207,0.3513,0.4972,0.4224,0.3457,0.181,0.3708,0.4481,0.0,0.2246,-0.0,1.226,1.03,0.0,2.306,0.0,9.78345515140153e-05,151.3,0.52
4480,1790889751.0088096,-0.4564,0.0316,-0.6417,-0.2346,0.2925,0.3579,0.324,0.3183,0.3016,0.1565,0.3836,0.4599,0.0,0.1964,-0.0,1.0827,1.009,0.0,2.309,0.196,9.782402715339867e-05,207.8,0.55
4481,1790889751.5353973,-0.5086,0.068,-1.0167,-0.2154,0.3098,0.3593,0.4477,0.3651,0.3201,0.1783,0.3742,0.4475,0.0,0.1673,-0.0,0.9394,1.029,0.0,2.278,0.0,9.782402715339867e-05,107.5,0.52
4482,1790889752.088399,-0.4577,0.0336,-0.6571,-0.2366,0.3442,0.3409,0.3279,0.317,0.2955,0.178,0.3764,0.4456,0.0,0.2417,-0.0,1.3114,1.029,0.0,2.309,0.0,9.782402715339867e-05,121.5,0.55
4483,1790889752.6300533,-0.38,0.0481,-0.7824,-0.1753,0.2879,0.2667,0.2762,0.2579,0.2211,0.1752,0.3804,0.4444,0.0,0.1751,-0.0,0.9782,1.027,0.0,2.309,0.0,9.782402715339867e-05,137.9,0.53
4484,1790889753.2242894,-0.3694,0.0284,-0.6926,-0.1035,0.2503,0.2701,0.2631,0.2507,0.2379,0.1683,0.3813,0.4504,0.0,0.1621,-0.0,0.9128,1.021,0.0,2.309,0.0,9.782402715339867e-05,184.9,0.59
4485,1790889753.7622542,-0.4717,0.0544,-0.7247,-0.2022,0.3411,0.3946,0.3448,0.3331,0.301,0.1717,0.3817,0.4467,0.0,0.2346,-0.0,1.2752,1.024,0.0,2.291,0.0,9.782402715339867e-05,98.1,0.53
4486,1790889754.3242075,-0.4647,0.0731,-0.7419,-0.2761,0.2789,0.2708,0.3805,0.4034,0.2708,0.1754,0.3785,0.4461,0.0,0.1764,-0.0,0.9847,1.027,0.0,2.273,0.0,9.782402715339867e-05,114.7,0.55
4487,1790889754.865348,-0.4915,0.0436,-0.8006,-0.2338,0.2844,0.3718,0.329,0.3828,0.3153,0.1771,0.3777,0.4452,0.0,0.1771,-0.0,0.9882,1.028,0.0,2.266,0.0,9.782402715339867e-05,139.2,0.53
4488,1790889755.5148783,-0.4075,0.0472,-0.55,-0.164,0.2629,0.2799,0.3216,0.2668,0.242,0.1626,0.3817,0.4557,0.0,0.1686,-0.0,0.9448,1.016,0.0,2.308,0.177,9.781347784870973e-05,153.5,0.64
4489,1790889756.0684285,-0.5142,0.0772,-0.7722,-0.2424,0.3401,0.467,0.3089,0.3904,0.3089,0.1698,0.3756,0.4546,0.0,0.2817,-0.0,1.5108,1.021,0.0,2.299,0.0,9.781347784870973e-05,93.4,0.55
4490,1790889756.6212387,-0.4009,0.0484,-0.6413,-0.1567,0.3781,0.2649,0.2748,0.3225,0.2403,0.1739,0.3687,0.4573,0.0,0.2519,-0.0,1.3617,1.024,0.0,2.309,0.0,9.781347784870973e-05,124.6,0.55
4491,1790889757.1266372,-0.4209,0.0376,-0.6742,-0.1818,0.2319,0.3095,0.3182,0.2706,0.2564,0.1806,0.379,0.4404,0.0,0.1626,-0.0,0.9162,1.032,0.0,2.309,0.0,9.781347784870973e-05,151.1,0.5
4492,1790889757.7026527,-0.3735,0.0775,-0.8167,-0.1924,0.1825,0.2007,0.2481,0.3232,0.1846,0.1705,0.3824,0.4471,0.0,0.1085,-0.0,0.6449,1.024,0.0,2.305,0.0,9.781347784870973e-05,181.3,0.57
4493,1790889758.2346365,-0.5068,0.0635,-0.7472,-0.2071,0.327,0.3229,0.3786,0.4438,0.318,0.173,0.3763,0.4507,0.0,0.2018,-0.0,1.1114,1.025,0.0,2.304,0.0,9.781347784870973e-05,102.7,0.52
4494,1790889758.762722,-0.476,0.0442,-0.6747,-0.2123,0.3607,0.3545,0.335,0.346,0.3054,0.1734,0.3753,0.4513,0.0,0.22,-0.0,1.2026,1.024,0.0,2.309,0.0,9.781347784870973e-05,136.6,0.52
4495,1790889759.3177764,-0.4822,0.1031,-0.8118,-0.2473,0.2655,0.2619,0.3433,0.4684,0.2512,0.1741,0.3808,0.445,0.0,0.1721,-0.0,0.9632,1.027,0.0,2.309,0.0,9.781347784870973e-05,153.5,0.55
4496,1790889759.9536798,-0.4011,0.0603,-0.8071,-0.1957,0.3057,0.2788,0.3365,0.2336,0.2256,0.1541,0.3796,0.4663,0.0,0.1879,-0.0,1.0403,1.005,0.0,2.304,0.427,9.780290360545078e-05,172.3,0.63
4497,1790889760.5124009,-0.5492,0.0387,-0.7118,-0.3632,0.454,0.4066,0.4198,0.4141,0.3741,0.175,0.3682,0.4567,0.0,0.2906,-0.0,1.5553,1.024,0.0,2.309,0.0,9.780290360545078e-05,95.4,0.55
4498,1790889761.0368056,-0.4094,0.0512,-0.7313,-0.1864,0.2776,0.266,0.3175,0.3075,0.2446,0.1779,0.3798,0.4423,0.0,0.1855,-0.0,1.0303,1.029,0.0,2.24,0.0,9.780290360545078e-05,126.5,0.52
4499,1790889761.563552,-0.4418,0.0552,-0.6502,-0.1678,0.3445,0.2743,0.3762,0.3066,0.2587,0.1766,0.3756,0.4478,0.0,0.2239,-0.0,1.222,1.028,0.0,2.309,0.0,9.780290360545078e-05,132.7,0.52
4500,1790889762.121049,-0.4515,0.0417,-0.6717,-0.2927,0.5146,0.3375,0.32,0.3113,0.2777,0.1672,0.3685,0.4643,0.0,0.0923,-0.2484,1.8047,1.016,0.0,4.135,0.0,9.780290360545078e-05,163.0,0.55
