step,timestamp,phase,ctc_loss,aux_loss,cer,grad_norm,throughput_aud_s_per_s,lr
1,1790197755.2259674,4A (Hard Routing),10.4486,8.2854,2.828,0.0,17.7,0.0
25,1790197849.2201536,4A (Hard Routing),11.6464,8.5469,1.7813,0.0,45.5,1.2000000000000002e-06
50,1790197946.16448,4A (Hard Routing),11.7642,9.0277,1.42,5.1,67.9,2.5e-06
75,1790198044.106954,4A (Hard Routing),12.0264,8.2656,2.4139,0.0,84.2,3.7e-06
100,1790198142.699064,4A (Hard Routing),12.545,9.1894,3.3439,7.68,109.1,5e-06
125,1790198238.7506678,4A (Hard Routing),13.0433,8.4672,2.0036,0.0,62.0,6.2e-06
150,1790198333.3921704,4A (Hard Routing),11.6161,8.3078,1.709,4.933,74.3,7.5e-06
175,1790198428.6739426,4A (Hard Routing),11.8691,8.4984,1.7509,0.0,110.1,8.7e-06
200,1790198520.5732238,4A (Hard Routing),12.5653,8.2654,4.0692,9.157,131.3,1e-05
225,1790198615.0537689,4A (Hard Routing),12.7527,8.4575,2.886,0.0,54.2,1.1200000000000001e-05
250,1790198705.4563713,4A (Hard Routing),11.7076,8.7499,1.7628,6.902,68.1,1.25e-05
275,1790198795.7919059,4A (Hard Routing),11.7421,8.4006,2.1242,0.0,95.4,1.3700000000000001e-05
300,1790198885.704859,4A (Hard Routing),12.1185,8.5536,1.7254,6.6,91.0,1.5e-05
325,1790198975.82699,4A (Hard Routing),11.6808,8.4666,1.726,0.0,29.1,1.62e-05
350,1790199066.6048453,4A (Hard Routing),11.4111,8.7398,1.4742,6.611,31.9,1.75e-05
375,1790199153.5669272,4A (Hard Routing),11.392,8.5832,1.3846,0.0,52.4,1.87e-05
400,1790199241.084011,4A (Hard Routing),11.0335,8.6986,2.1923,13.133,125.4,2e-05
425,1790199327.8407567,4A (Hard Routing),11.8559,8.1542,2.0556,0.0,34.8,2.12e-05
450,1790199416.4838924,4A (Hard Routing),11.0503,8.3687,1.4435,8.811,39.5,2.25e-05
475,1790199499.8328757,4A (Hard Routing),10.5215,8.5324,1.327,0.0,96.6,2.37e-05
500,1790199586.3108847,4A (Hard Routing),10.8914,8.1883,2.7924,11.16,142.4,2.5e-05
525,1790199676.5084329,4A (Hard Routing),10.7854,8.1281,1.1156,0.0,51.4,2.6200000000000003e-05
550,1790199758.5098112,4A (Hard Routing),10.3313,8.1109,0.948,8.078,69.3,2.7500000000000004e-05
575,1790199844.0651956,4A (Hard Routing),10.0776,8.3992,1.3854,0.0,98.0,2.87e-05
600,1790199928.5470216,4A (Hard Routing),9.7629,8.222,1.1128,12.396,119.2,3e-05
625,1790200011.586255,4A (Hard Routing),8.9596,8.3754,1.1593,0.0,66.0,3.12e-05
650,1790200097.247586,4A (Hard Routing),8.711,8.1455,1.0095,5.927,85.5,3.2500000000000004e-05
675,1790200181.7539203,4A (Hard Routing),8.0225,8.4079,1.2145,0.0,121.7,3.3700000000000006e-05
700,1790200263.8901708,4A (Hard Routing),7.7626,8.2984,1.3785,6.929,118.8,3.5e-05
725,1790200352.3768983,4A (Hard Routing),7.5312,8.1639,1.0287,0.0,21.8,3.62e-05
750,1790200429.297674,4A (Hard Routing),7.3452,8.1538,1.0029,3.803,85.7,3.7500000000000003e-05
775,1790200513.2623544,4A (Hard Routing),7.5665,8.3474,0.9795,0.0,115.4,3.8700000000000006e-05
800,1790200593.7700942,4A (Hard Routing),8.2329,9.471,1.8473,25.483,135.8,4e-05
825,1790200675.4217093,4A (Hard Routing),6.7932,8.6376,1.2464,0.0,40.3,4.12e-05
850,1790200752.8312967,4A (Hard Routing),6.3696,8.1573,1.1039,3.746,95.5,4.25e-05
875,1790200832.8169503,4A (Hard Routing),6.3419,8.1444,1.0577,0.0,105.7,4.3700000000000005e-05
900,1790200915.6717043,4A (Hard Routing),6.1396,8.6349,1.2767,6.31,140.5,4.5e-05
925,1790200993.9853978,4A (Hard Routing),5.5616,8.2812,0.9853,0.0,53.5,4.6200000000000005e-05
950,1790201075.7573848,4A (Hard Routing),5.6147,8.0967,1.2045,2.423,39.0,4.75e-05
975,1790201156.1291988,4A (Hard Routing),5.5075,8.2691,1.104,0.0,38.6,4.87e-05
1000,1790201231.607388,4A (Hard Routing),5.6251,8.4458,1.3,5.813,75.5,5e-05
1025,1790201313.2751591,4A (Hard Routing),5.2565,8.1941,1.0833,0.0,61.3,5.1200000000000004e-05
1050,1790201391.6160731,4A (Hard Routing),5.2638,8.1829,1.0245,1.956,76.4,5.25e-05
1075,1790201471.1149771,4A (Hard Routing),5.2609,8.2217,1.0985,0.0,132.1,5.3700000000000004e-05
1100,1790201551.885454,4A (Hard Routing),5.3646,8.5838,1.793,5.761,63.7,5.500000000000001e-05
1125,1790201626.137412,4A (Hard Routing),5.0232,8.1184,1.1,0.0,36.0,5.620000000000001e-05
1150,1790201703.246948,4A (Hard Routing),5.584,8.1049,1.1906,1.792,84.7,5.7499999999999995e-05
1175,1790201778.9048884,4A (Hard Routing),4.9971,8.1415,1.0712,0.0,132.5,5.87e-05
1200,1790201856.7876077,4A (Hard Routing),4.9746,8.3429,1.3763,4.904,168.0,6e-05
1225,1790201934.8607783,4A (Hard Routing),4.9875,8.2954,1.0,0.0,99.7,6.12e-05
1250,1790202009.4550145,4A (Hard Routing),4.8803,8.2902,0.9961,1.676,42.2,6.25e-05
1275,1790202081.9948323,4A (Hard Routing),4.8787,8.0635,0.9806,0.0,115.2,6.37e-05
1300,1790202157.24177,4A (Hard Routing),4.9731,8.355,1.4532,3.238,163.0,6.500000000000001e-05
1325,1790202232.6444933,4A (Hard Routing),4.7947,8.231,1.0119,0.0,76.1,6.620000000000001e-05
1350,1790202312.1425204,4A (Hard Routing),4.5622,8.2745,0.991,1.566,85.7,6.750000000000001e-05
1375,1790202384.5237093,4A (Hard Routing),4.5614,8.1508,0.9851,0.0,125.7,6.87e-05
1400,1790202460.4449446,4A (Hard Routing),4.763,8.3819,0.9465,3.427,139.1,7e-05
1425,1790202534.532781,4A (Hard Routing),4.643,8.5516,0.9789,0.0,80.5,7.12e-05
1450,1790202610.6350436,4A (Hard Routing),4.5142,8.2304,0.9407,1.478,89.3,7.25e-05
1475,1790202688.2177742,4A (Hard Routing),4.4881,8.4001,0.972,0.0,118.4,7.37e-05
1500,1790202759.6646183,4A (Hard Routing),4.4701,8.3551,0.9418,2.431,153.6,7.500000000000001e-05
1525,1790202834.7534108,4A (Hard Routing),4.3971,8.1413,0.9622,0.0,81.1,7.620000000000001e-05
1550,1790202907.9268053,4A (Hard Routing),4.4039,8.0816,0.9786,1.374,88.4,7.75e-05
1575,1790202983.2771335,4A (Hard Routing),4.4095,8.0304,0.9466,0.0,145.7,7.87e-05
1600,1790203059.133064,4A (Hard Routing),4.3296,8.4611,0.9665,2.693,172.7,8e-05
1625,1790203128.5247927,4A (Hard Routing),4.2712,8.1888,0.922,0.0,84.5,8.120000000000001e-05
1650,1790203203.234448,4A (Hard Routing),4.2131,8.0962,0.9596,1.604,90.8,8.25e-05
1675,1790203276.0245316,4A (Hard Routing),4.1634,8.0086,0.9544,0.0,77.3,8.37e-05
1700,1790203350.6839528,4A (Hard Routing),4.1895,8.1045,0.9647,3.514,146.4,8.5e-05
1725,1790203425.12304,4A (Hard Routing),4.128,8.1575,0.9828,0.0,83.5,8.620000000000001e-05
1750,1790203494.898155,4A (Hard Routing),4.0646,8.0149,0.9186,1.538,142.7,8.75e-05
1775,1790203566.5002651,4A (Hard Routing),4.0325,8.0235,0.9804,0.0,110.7,8.87e-05
1800,1790203638.3644156,4A (Hard Routing),4.1798,9.0388,1.0,2.855,105.0,9e-05
1825,1790203709.9399006,4A (Hard Routing),4.1513,8.1349,0.9662,0.0,78.5,9.120000000000001e-05
1850,1790203782.488761,4A (Hard Routing),4.1446,8.1001,0.975,2.001,46.2,9.250000000000001e-05
1875,1790203852.0989573,4A (Hard Routing),3.9324,8.0735,0.9572,0.0,158.3,9.370000000000001e-05
1900,1790203926.3489757,4A (Hard Routing),3.9203,8.9529,0.9976,1.637,147.4,9.5e-05
1925,1790203994.7598112,4A (Hard Routing),3.9583,8.1063,1.0,0.0,89.3,9.620000000000001e-05
1950,1790204068.3950138,4A (Hard Routing),3.8824,8.1068,1.0,1.362,33.1,9.75e-05
1975,1790204137.7374804,4A (Hard Routing),3.9769,8.0812,0.9904,0.0,118.6,9.87e-05
2000,1790204209.4271226,4A (Hard Routing),3.9307,8.2401,0.9833,5.09,157.5,0.0001
2025,1790204285.9922173,4A (Hard Routing),3.9308,8.2384,1.0,0.0,77.6,9.999995775199662e-05
2050,1790204354.3657243,4A (Hard Routing),3.9189,8.0863,0.9233,1.51,78.6,9.999981663201605e-05
2075,1790204424.4372833,4A (Hard Routing),3.912,8.0333,0.9204,0.0,123.0,9.999959835106019e-05
2100,1790204497.1474721,4A (Hard Routing),3.9124,8.6187,0.9891,0.974,78.2,9.999926652940913e-05
2125,1790204565.834889,4A (Hard Routing),3.7731,8.1406,0.9461,0.0,77.4,9.999887221710181e-05
2150,1790204638.7410004,4A (Hard Routing),4.1008,8.0704,0.9769,2.04,85.5,9.999834969621408e-05
2175,1790204705.7174308,4A (Hard Routing),3.766,8.1101,0.9782,0.0,129.9,9.99977793554475e-05
2200,1790204778.8602543,4A (Hard Routing),3.7941,8.7191,0.9615,0.978,64.5,9.999706613915566e-05
2225,1790204846.4279132,4A (Hard Routing),3.7565,8.0833,0.9875,0.0,92.6,9.999631977411307e-05
2250,1790204915.6095011,4A (Hard Routing),3.817,8.1782,0.9758,1.901,143.5,9.999541586764836e-05
2275,1790204986.5500462,4A (Hard Routing),3.6505,8.0208,0.9776,0.0,129.0,9.999449348380415e-05
2300,1790205054.2943377,4A (Hard Routing),3.7692,8.0834,1.0,4.067,173.3,9.999339889379647e-05
2325,1790205124.24495,4A (Hard Routing),3.6799,8.188,0.9805,0.0,93.2,9.999230049791607e-05
2350,1790205194.802784,4A (Hard Routing),3.658,8.072,0.9673,0.701,102.5,9.999101523239392e-05
2375,1790205261.5778568,4A (Hard Routing),3.6886,8.1619,0.9773,0.0,131.4,9.998974083253377e-05
2400,1790205334.0654824,4A (Hard Routing),3.6488,8.5451,0.9806,1.163,171.6,9.998826490092421e-05
2425,1790205400.4458377,4A (Hard Routing),3.7052,8.1906,0.9815,0.0,48.4,9.998681450643165e-05
2450,1790205467.0829823,4A (Hard Routing),3.6504,8.0213,0.9808,0.696,98.7,9.998514791956024e-05
2475,1790205536.345404,4A (Hard Routing),3.6261,8.0293,0.9672,0.0,122.9,9.99835215410735e-05
2500,1790205605.7032526,4A (Hard Routing),3.6039,8.2643,1.0,0.937,183.2,9.99816643111642e-05
2525,1790205675.6865435,4A (Hard Routing),3.6019,8.0339,0.9751,0.0,81.0,9.997986196061234e-05
2550,1790205740.379303,4A (Hard Routing),3.6128,8.1108,0.9948,1.321,134.5,9.997781410128737e-05
2575,1790205807.8220468,4A (Hard Routing),3.5916,8.14,0.996,0.0,158.5,9.997583579189011e-05
2600,1790205877.6713786,4A (Hard Routing),3.5887,8.3625,1.0,0.889,98.1,9.997359731816998e-05
2625,1790205944.155354,4A (Hard Routing),3.5842,8.3153,0.9738,0.0,81.2,9.997144306443766e-05
2650,1790206012.737244,4A (Hard Routing),3.5489,8.0395,0.975,0.938,104.3,9.996901399274092e-05
2675,1790206073.4783974,4A (Hard Routing),3.5687,8.0975,1.0,0.0,127.2,9.996668381047442e-05
2700,1790206153.990027,4A (Hard Routing),3.5383,8.1812,0.9358,0.715,67.0,9.996406415861763e-05
2725,1790206230.0172772,4A (Hard Routing),3.5747,8.0572,0.9841,0.0,73.3,9.996155806490814e-05
2750,1790206304.657505,4A (Hard Routing),3.5387,8.0088,0.9768,0.935,93.8,9.995874785210573e-05
2775,1790206380.3618286,4A (Hard Routing),3.5288,8.0309,1.0,0.0,121.9,9.995606586533476e-05
2800,1790206454.7137635,4A (Hard Routing),3.5239,8.4183,0.9819,1.273,173.6,9.995306511219885e-05
2825,1790206529.1226566,4A (Hard Routing),3.523,8.1448,1.0,0.0,88.8,9.9950207252038e-05
2850,1790206604.586054,4A (Hard Routing),3.5027,8.3118,0.9855,1.192,103.5,9.994701598057827e-05
2875,1790206677.3302708,4A (Hard Routing),3.5169,8.0384,1.0,0.0,131.0,9.994398226798918e-05
2900,1790206751.2175417,4A (Hard Routing),3.4968,8.0554,1.0,0.404,66.6,9.994060050161269e-05
2925,1790206825.6635818,4A (Hard Routing),3.5236,8.0612,0.9844,0.0,80.5,9.993739095884677e-05
2950,1790206895.695331,4A (Hard Routing),3.5018,8.1272,0.9968,1.066,43.8,9.993381872235785e-05
2975,1790206967.874696,4A (Hard Routing),3.5069,8.0783,1.0,0.0,53.5,9.993043337295621e-05
3000,1790207038.8151836,4A (Hard Routing),3.5507,8.2478,1.0,0.849,195.8,9.992667069255619e-05
3025,1790207110.084032,4A (Hard Routing),3.4815,8.0483,0.9867,0.0,103.1,9.99231095613494e-05
3050,1790207188.4414618,4A (Hard Routing),3.5225,8.012,0.9587,0.748,122.1,9.991915646463652e-05
3075,1790207259.1570408,4A (Hard Routing),3.4947,8.0386,1.0,0.0,70.4,9.991541957774449e-05
3100,1790207333.3849127,4A (Hard Routing),3.493,8.1051,0.9935,0.971,194.1,9.991127609371356e-05
3125,1790207407.0895374,4A (Hard Routing),3.4768,8.0463,1.0,0.0,77.7,9.990736347854531e-05
3150,1790207485.2277458,4A (Hard Routing),3.5032,8.2049,1.0,1.127,105.3,9.990302963758765e-05
3175,1790207560.8830748,4A (Hard Routing),3.5118,8.0275,0.9969,0.0,136.1,9.98989413228411e-05
3200,1790207636.7420964,4A (Hard Routing),3.5051,8.3702,1.0,0.827,161.7,9.989441715674422e-05
3225,1790207711.1158986,4A (Hard Routing),3.468,8.0959,0.9878,0.0,87.3,9.989015317240601e-05
3250,1790207784.960034,4A (Hard Routing),3.4649,8.0436,0.9565,0.606,89.8,9.98854387143534e-05
3275,1790207861.34329,4A (Hard Routing),3.4677,8.013,0.9951,0.0,129.9,9.988099909169867e-05
3300,1790207935.7013097,4A (Hard Routing),3.4644,8.5637,1.0,0.875,144.7,9.987609437626955e-05
3325,1790208003.6698778,4A (Hard Routing),3.4929,8.0435,0.9908,0.0,92.1,9.987147914786167e-05
3350,1790208070.9213586,4A (Hard Routing),3.4946,8.0888,1.0,1.178,37.2,9.986638421103074e-05
3375,1790208128.639975,4A (Hard Routing),3.4551,8.1272,0.9931,0.0,176.2,9.986159341072114e-05
3400,1790208201.9373913,4A (Hard Routing),3.4688,8.1905,1.0,0.89,161.5,9.985630828985835e-05
3425,1790208269.8904397,4A (Hard Routing),3.4627,8.1692,1.0,0.0,95.5,9.985134195278619e-05
3450,1790208335.1649163,4A (Hard Routing),3.4731,8.0282,1.0,1.749,58.5,9.98458666866564e-05
3475,1790208396.7508411,4A (Hard Routing),3.4772,8.031,1.0,0.0,144.5,9.984072484924838e-05
3500,1790208462.2304518,4A (Hard Routing),3.4605,8.2016,1.0,0.47,191.3,9.983505947801115e-05
3525,1790208523.2626197,4A (Hard Routing),3.4439,8.0514,1.0,0.0,88.2,9.982974217798118e-05
3550,1790208591.1078863,4A (Hard Routing),3.4429,8.0373,1.0,0.46,140.6,9.982388674319041e-05
3575,1790208652.1726015,4A (Hard Routing),3.4373,8.1113,1.0,0.0,188.9,9.98183940195394e-05
3600,1790208714.1796906,4A (Hard Routing),3.4501,8.1103,1.0,1.561,188.0,9.981234856414307e-05
3625,1790208778.6483462,4A (Hard Routing),3.4497,8.2076,1.0,0.0,96.8,9.980668045715864e-05
3650,1790208837.3302097,4A (Hard Routing),3.4451,8.1316,1.0,1.312,97.3,9.980044502549844e-05
3675,1790208899.354151,4A (Hard Routing),3.4304,8.0676,0.9973,0.0,129.7,9.979460157675453e-05
3700,1790208961.407278,4A (Hard Routing),3.4363,8.089,1.0,0.425,211.0,9.978817621456562e-05
3725,1790209022.006253,4A (Hard Routing),3.4156,8.4254,0.9445,0.0,98.9,9.97821574669223e-05
3750,1790209087.3199496,4A (Hard Routing),3.4118,8.0263,1.0,0.446,129.3,9.977554222133292e-05
3775,1790209145.573874,4A (Hard Routing),3.4218,7.9989,0.9811,0.0,132.9,9.9769348218936e-05
3800,1790209207.7918606,4A (Hard Routing),3.4409,8.2376,1.0,1.445,177.4,9.97625431384671e-05
3825,1790209269.4328773,4A (Hard Routing),3.4456,8.0202,0.9967,0.0,98.0,9.975617392674788e-05
3850,1790209330.6800022,4A (Hard Routing),3.4166,8.0791,1.0,0.4,108.3,9.974917906131283e-05
3875,1790209395.4761436,4A (Hard Routing),3.4498,8.1045,1.0,0.0,137.4,9.974263468698764e-05
3900,1790209453.3235474,4A (Hard Routing),3.4376,8.0819,1.0,0.865,226.6,9.973545008789181e-05
3925,1790209515.2633739,4A (Hard Routing),3.4219,8.1494,0.9766,0.0,85.0,9.972873059896185e-05
3950,1790209576.4687457,4A (Hard Routing),3.4261,8.0086,0.9789,0.846,162.7,9.972135631890224e-05
3975,1790209637.4193223,4A (Hard Routing),3.4242,8.0447,0.9882,0.0,165.4,9.971446176465307e-05
4000,1790209700.1460412,4A (Hard Routing),3.4222,8.1159,1.0,0.699,201.0,9.970689785771798e-05
4025,1790209761.7439747,4A (Hard Routing),3.4253,8.0349,0.9339,0.0,102.6,9.96998282887192e-05
4050,1790209822.3879104,4A (Hard Routing),3.407,8.1298,0.9977,1.192,103.8,9.969207481038776e-05
4075,1790209883.1547282,4A (Hard Routing),3.4022,8.0751,0.9973,0.0,120.2,9.968483027849266e-05
4100,1790209944.8103695,4A (Hard Routing),3.4007,8.2822,0.9958,0.538,219.9,9.967688728563446e-05
4125,1790210007.7875726,4A (Hard Routing),3.4196,8.2127,0.9907,0.0,89.0,9.966946784397969e-05
4150,1790210067.129207,4A (Hard Routing),3.3964,8.0398,0.9923,0.373,49.8,9.966133539485434e-05
4175,1790210124.7114954,4A (Hard Routing),3.3985,8.0367,0.9976,0.0,130.9,9.96537410978594e-05
4200,1790210185.4941282,4A (Hard Routing),3.4033,8.1786,1.0,0.413,245.1,9.964541925211612e-05
4225,1790210245.145451,4A (Hard Routing),3.3855,8.2035,0.991,0.0,117.7,9.963765015548305e-05
4250,1790210308.2871716,4A (Hard Routing),3.4019,8.0865,0.9879,0.727,117.7,9.962913897416028e-05
4275,1790210365.4724019,4A (Hard Routing),3.3939,8.0301,0.9734,0.0,148.9,9.96211951348732e-05
4300,1790210427.2115304,4A (Hard Routing),3.4005,8.1246,0.9939,0.585,280.3,9.961249468039807e-05
4325,1790210487.6169453,4A (Hard Routing),3.4009,8.1012,0.9767,0.0,111.3,9.960437615672284e-05
4350,1790210548.103067,4A (Hard Routing),3.4088,8.0213,1.0,1.275,122.0,9.95954864929107e-05
4375,1790210610.5670328,4A (Hard Routing),3.402,8.1304,0.9926,0.0,146.6,9.958719334439442e-05
4400,1790210666.5141766,4A (Hard Routing),3.3957,8.1985,0.9983,0.755,249.1,9.957811453644847e-05
4425,1790210727.8437757,4A (Hard Routing),3.392,8.1901,0.9837,0.0,100.1,9.956964682391903e-05
4450,1790210788.4621139,4A (Hard Routing),3.3973,8.0969,0.9949,0.697,112.0,9.95603789384298e-05
4475,1790210848.3511503,4A (Hard Routing),3.3784,8.2072,0.9908,0.0,171.0,9.955173672399551e-05
4500,1790210911.0276551,4A (Hard Routing),3.3906,8.0731,1.0,0.654,213.3,9.954227982894034e-05
4525,1790210968.3070807,4A (Hard Routing),3.397,8.2289,0.9141,0.0,104.1,9.953346317598942e-05
4550,1790211028.8101723,4A (Hard Routing),3.3938,8.0601,0.9859,0.557,130.3,9.952381734073196e-05
4575,1790211089.423876,4A (Hard Routing),3.3989,8.21,1.0,0.0,132.3,9.951482631393207e-05
4600,1790211149.5513847,4A (Hard Routing),3.3909,8.1148,0.9958,0.838,209.2,9.950499160922183e-05
4625,1790211211.850787,4A (Hard Routing),3.3925,8.0569,0.9556,0.0,89.6,9.949582627451965e-05
4650,1790211269.1388214,4A (Hard Routing),3.3777,8.0785,0.9966,0.451,81.2,9.948580277249143e-05
4675,1790211329.481689,4A (Hard Routing),3.3821,8.1098,1.0,0.0,174.7,9.947646319711208e-05
4700,1790211391.8160067,4A (Hard Routing),3.3995,8.1008,1.0,1.213,229.3,9.946625097128543e-05
4725,1790211449.8735745,4A (Hard Routing),3.368,8.1031,0.9136,0.0,92.4,9.945673722373214e-05
4750,1790211511.6134176,4A (Hard Routing),3.3707,8.0309,0.9757,0.334,120.7,9.944633634901088e-05
4775,1790211568.6563869,4A (Hard Routing),3.3867,8.0021,0.9738,0.0,158.6,9.943664849906426e-05
4800,1790211629.4792457,4A (Hard Routing),3.402,8.2762,0.986,0.736,193.9,9.942605905173592e-05
4825,1790211688.779644,4A (Hard Routing),3.3674,8.0592,0.8837,0.0,86.2,9.941619717045365e-05
4850,1790211750.6402004,4A (Hard Routing),3.3575,8.0393,0.8737,0.52,48.1,9.940541922818881e-05
4875,1790211810.794136,4A (Hard Routing),3.371,8.0661,0.994,0.0,153.7,9.939538338790503e-05
4900,1790211867.5370286,4A (Hard Routing),3.3978,8.2085,0.9858,0.871,146.1,9.938441702975689e-05
4925,1790211926.5183125,4A (Hard Routing),3.3611,8.1545,0.9224,0.0,80.2,9.937420730408167e-05
4950,1790211988.3925662,4A (Hard Routing),3.3845,7.9846,0.9408,0.39,148.5,9.936305261048539e-05
4975,1790212045.931147,4A (Hard Routing),3.3659,8.048,0.9685,0.0,154.5,9.935266907430419e-05
5000,1790212108.3197725,4A (Hard Routing),3.3953,8.2304,0.9932,0.478,246.1,9.934132612707632e-05
5025,1790212167.69496,4A (Hard Routing),3.3601,8.285,0.9039,0.0,112.1,9.933076885654946e-05
5050,1790212227.3409562,4A (Hard Routing),3.3646,8.0374,0.9274,0.556,113.3,9.931923773888734e-05
5075,1790212288.2662392,4A (Hard Routing),3.3609,8.0757,0.9819,0.0,148.7,9.930850681144945e-05
5100,1790212348.5320082,4A (Hard Routing),3.3601,8.1358,0.9569,1.273,128.7,9.929678760793057e-05
5125,1790212409.7811584,4A (Hard Routing),3.3529,8.1476,0.9475,0.0,121.5,9.928588310229e-05
5150,1790212465.6835866,4A (Hard Routing),3.3639,8.1148,0.9082,0.752,126.8,9.927397589887143e-05
5175,1790212525.1784115,4A (Hard Routing),3.3629,8.103,0.9146,0.0,167.8,9.926289789500966e-05
5200,1790212585.4201076,4A (Hard Routing),3.3704,8.1037,0.9432,1.241,196.0,9.925080277902743e-05
5225,1790212644.8015864,4A (Hard Routing),3.3555,8.3068,0.8887,0.0,111.3,9.92395513581985e-05
5250,1790212708.241754,4A (Hard Routing),3.3397,8.029,0.9227,0.465,127.0,9.922726841836684e-05
5275,1790212764.4570563,4A (Hard Routing),3.3408,8.1628,0.9903,0.0,160.1,9.921584366309677e-05
5300,1790212823.9770648,4A (Hard Routing),3.3628,8.1964,0.9923,1.396,219.2,9.920337298950765e-05
5325,1790212881.9635565,4A (Hard Routing),3.3576,8.1473,0.8981,0.0,118.6,9.919177498359383e-05
5350,1790212941.1562545,4A (Hard Routing),3.3392,8.0256,0.9479,0.382,149.4,9.91791166677161e-05
5375,1790212998.6143577,4A (Hard Routing),3.35,8.0698,0.8788,0.0,129.4,9.916734549622662e-05
5400,1790213057.2147412,4A (Hard Routing),3.3497,8.2141,0.9697,1.176,200.4,9.91544996309055e-05
5425,1790213118.9505687,4A (Hard Routing),3.3471,8.1264,0.9541,0.0,116.6,9.914255538017861e-05
5450,1790213176.1441596,4A (Hard Routing),3.3333,8.1269,0.8888,0.446,125.3,9.912952205963491e-05
5475,1790213239.5612204,4A (Hard Routing),3.3399,8.0516,0.9482,0.0,123.3,9.911740481727834e-05
5500,1790213294.5343497,4A (Hard Routing),3.3413,8.2794,0.9365,1.389,222.4,9.91041841371078e-05
5525,1790213352.4642181,4A (Hard Routing),3.3156,8.1119,0.815,0.0,95.1,9.909189399199812e-05
5550,1790213412.594717,4A (Hard Routing),3.3223,8.2369,0.9022,0.803,120.4,9.907848604917074e-05
5575,1790213469.4765916,4A (Hard Routing),3.3447,8.1196,0.8737,0.0,141.7,9.90660230914527e-05
5600,1790213529.118207,4A (Hard Routing),3.331,8.106,0.911,0.826,195.7,9.905242798431196e-05
5625,1790213588.4059694,4A (Hard Routing),3.3034,8.0769,0.8306,0.0,112.2,9.903979230539788e-05
5650,1790213648.668281,4A (Hard Routing),3.3282,8.0481,0.9715,0.91,129.4,9.902601013366009e-05
5675,1790213708.7880886,4A (Hard Routing),3.2936,8.0536,0.8282,0.0,146.0,9.901320182622913e-05
5700,1790213765.3881087,4A (Hard Routing),3.3289,8.2383,0.9431,0.584,238.1,9.899923269098262e-05
5725,1790213824.288514,4A (Hard Routing),3.2888,8.138,0.7521,0.0,119.3,9.898625184898011e-05
5750,1790213883.536872,4A (Hard Routing),3.2724,8.0581,0.8288,0.427,98.5,9.897209585268458e-05
5775,1790213943.1507967,4A (Hard Routing),3.2728,8.1372,0.8454,0.0,55.4,9.895894257132137e-05
5800,1790214002.5339856,4A (Hard Routing),3.2786,8.2361,0.9571,0.865,224.7,9.894459981780711e-05
5825,1790214058.661374,4A (Hard Routing),3.2882,8.1884,0.7925,0.0,90.3,9.893127419355879e-05
5850,1790214120.4574544,4A (Hard Routing),3.2958,8.0744,0.9091,0.617,133.9,9.891674478802584e-05
5875,1790214181.8811681,4A (Hard Routing),3.2719,8.1009,0.8723,0.0,33.0,9.890324691863216e-05
5900,1790214235.302396,4A (Hard Routing),3.2645,8.212,0.9449,0.496,128.0,9.888853096764964e-05
5925,1790214294.251096,4A (Hard Routing),3.2454,8.0953,0.9103,0.0,111.3,9.887486095211367e-05
5950,1790214351.3647993,4A (Hard Routing),3.237,8.0524,0.8209,0.454,124.6,9.885995856361895e-05
5975,1790214410.2479768,4A (Hard Routing),3.242,8.2073,0.9223,0.0,151.9,9.884611650220641e-05
6000,1790214472.0512476,4A (Hard Routing),3.2402,8.1949,0.9781,0.524,52.3,9.883102778550434e-05
6025,1790214530.51658,4A (Hard Routing),3.2294,8.0435,0.7732,0.0,126.8,9.881701377974289e-05
6050,1790214587.0539036,4A (Hard Routing),3.2543,8.0926,0.92,0.466,129.2,9.880173884550494e-05
6075,1790214644.8943772,4A (Hard Routing),3.2207,8.1527,0.8029,0.0,111.1,9.878755299818337e-05
6100,1790214705.6534202,4A (Hard Routing),3.2208,8.1143,0.9213,0.536,287.5,9.877209195844692e-05
6125,1790214760.4822147,4A (Hard Routing),3.2071,8.1705,0.8535,0.0,118.6,9.875773437361441e-05
6150,1790214820.924025,4A (Hard Routing),3.2184,8.1669,0.951,1.012,169.5,9.874208734178186e-05
6175,1790214879.1591613,4A (Hard Routing),3.1997,8.0978,0.8383,0.0,203.4,9.87275581247473e-05
6200,1790214936.5378804,4A (Hard Routing),3.2172,8.3712,0.9246,0.639,146.4,9.871172521558523e-05
6225,1790214993.9569497,4A (Hard Routing),3.2171,8.0609,0.754,0.0,78.9,9.869702447291632e-05
6250,1790215052.9749424,4A (Hard Routing),3.1855,8.1006,0.7257,0.374,57.7,9.868100580255466e-05
6275,1790215109.5730255,4A (Hard Routing),3.216,8.1836,0.8692,0.0,194.6,9.866613364207724e-05
6300,1790215169.9506738,4A (Hard Routing),3.1731,8.1021,0.8292,0.449,218.6,9.864992932800845e-05
6325,1790215224.7459235,4A (Hard Routing),3.2044,8.1269,0.8112,0.0,162.2,9.863488585880565e-05
6350,1790215280.961533,4A (Hard Routing),3.2274,8.1966,0.8999,0.692,144.0,9.861849601988383e-05
6375,1790215337.9032524,4A (Hard Routing),3.1725,8.1448,0.8603,0.0,163.5,9.860328135229528e-05
6400,1790215396.558499,4A (Hard Routing),3.1869,8.168,0.8371,0.514,216.8,9.858670610873528e-05
6425,1790215456.6427002,4A (Hard Routing),3.1494,8.0802,0.7445,0.0,99.1,9.857132035435627e-05
6450,1790215510.7088225,4A (Hard Routing),3.154,8.0524,0.7871,0.306,129.3,9.855455982773287e-05
6475,1790215568.2737138,4A (Hard Routing),3.1367,8.3985,0.8726,0.0,182.3,9.853900309941362e-05
6500,1790215626.0460029,4A (Hard Routing),3.147,8.0859,0.8047,0.378,193.0,9.852205741266058e-05
6525,1790215684.7104783,4A (Hard Routing),3.1509,8.0124,0.74,0.0,105.3,9.85063298245053e-05
6550,1790215746.7702005,4A (Hard Routing),3.1134,8.2669,0.7914,0.501,196.5,9.848919910191445e-05
6575,1790215800.5435593,4A (Hard Routing),3.1027,8.1151,0.7992,0.0,157.4,9.84733007692806e-05
6600,1790215857.24445,4A (Hard Routing),3.1528,8.3535,0.956,1.025,232.8,9.845598513650103e-05
6625,1790215913.7526672,4A (Hard Routing),3.1408,8.1089,0.806,0.0,79.9,9.843991617599841e-05
6650,1790215973.4160943,4A (Hard Routing),3.1269,8.0978,0.8151,0.402,119.5,9.84224157600354e-05
6675,1790216033.9843876,4A (Hard Routing),3.1306,8.0779,0.8463,0.0,200.9,9.840617628952532e-05
6700,1790216088.0142462,4A (Hard Routing),3.1539,8.1993,0.8946,0.638,307.9,9.838849121873949e-05
6725,1790216144.786762,4A (Hard Routing),3.1204,8.4034,0.7655,0.0,116.4,9.837208135733393e-05
6750,1790216201.0065916,4A (Hard Routing),3.1476,8.2122,0.9139,0.415,97.0,9.835421176144035e-05
6775,1790216261.1313572,4A (Hard Routing),3.1568,8.0528,0.8702,0.0,171.2,9.833763162950103e-05
6800,1790216321.455783,4A (Hard Routing),3.1546,8.353,0.8936,2.723,54.4,9.831957763956813e-05
6825,1790216372.1840959,4A (Hard Routing),3.1155,8.1083,0.8289,0.0,120.9,9.830282735870566e-05
6850,1790216430.4884841,4A (Hard Routing),3.1227,8.061,0.8597,0.566,135.6,9.828458910715441e-05
6875,1790216486.6952403,4A (Hard Routing),3.1168,8.0581,0.7835,0.0,182.7,9.826766880022741e-05
6900,1790216543.2633026,4A (Hard Routing),3.0723,8.2331,0.7528,0.514,199.4,9.824924642083026e-05
6925,1790216605.8452988,4A (Hard Routing),3.0866,8.0707,0.7487,0.0,30.8,9.823215621194444e-05
6950,1790216657.792241,4A (Hard Routing),3.1329,8.2497,0.8404,0.584,150.9,9.821354983982438e-05
6975,1790216715.4647658,4A (Hard Routing),3.0984,8.039,0.8211,0.0,162.8,9.81962898543316e-05
7000,1790216772.7027016,4A (Hard Routing),3.0797,8.2885,0.8788,1.111,105.4,9.817749962596115e-05
7025,1790216834.933342,4A (Hard Routing),3.0647,8.2127,0.8787,0.0,112.9,9.816006999045856e-05
7050,1790216894.8797383,4A (Hard Routing),3.0641,8.2408,0.7514,0.375,189.6,9.814109604365878e-05
7075,1790216947.8071404,4A (Hard Routing),3.1206,8.0574,0.829,0.0,160.6,9.812349688598788e-05
7100,1790217005.436378,4A (Hard Routing),3.0646,8.1603,0.8742,0.4,177.9,9.810433935992733e-05
7125,1790217062.129637,4A (Hard Routing),3.0632,8.4466,0.6996,0.0,113.5,9.808657080917298e-05
7150,1790217117.9245217,4A (Hard Routing),3.1092,8.0931,0.8636,0.917,141.0,9.806722984436676e-05
7175,1790217181.5289786,4A (Hard Routing),3.0614,8.3506,0.9041,0.0,42.2,9.804929203085631e-05
7200,1790217232.5524359,4A (Hard Routing),3.0794,8.1953,0.8907,0.458,210.4,9.802976776916494e-05
7225,1790217289.8327003,4A (Hard Routing),3.0872,8.0401,0.7909,0.0,103.1,9.801166082446722e-05
7250,1790217345.633932,4A (Hard Routing),3.0743,8.2149,0.8907,0.747,156.3,9.79919534090957e-05
7275,1790217405.1807106,4A (Hard Routing),3.1094,8.176,0.8376,0.0,197.9,9.797367746602007e-05
7300,1790217465.5061693,4A (Hard Routing),3.083,8.1492,0.7753,0.539,63.7,9.795378704151675e-05
7325,1790217513.750941,4A (Hard Routing),3.1085,8.2877,0.6865,0.0,102.1,9.793534223411212e-05
7350,1790217573.47784,4A (Hard Routing),3.0756,8.0395,0.8028,0.395,121.3,9.791526894636767e-05
7375,1790217627.623146,4A (Hard Routing),3.0595,8.0999,0.8304,0.0,201.3,9.789665540992152e-05
7400,1790217685.4280093,4A (Hard Routing),3.0893,8.1828,0.8767,0.986,261.2,9.787639940616788e-05
7425,1790217739.8089461,4A (Hard Routing),3.0505,8.3405,0.6732,0.0,133.6,9.785761727720531e-05
7450,1790217798.931049,4A (Hard Routing),3.1244,8.0794,0.7474,0.51,42.8,9.783717870601459e-05
7475,1790217854.272315,4A (Hard Routing),3.0511,8.1384,0.7767,0.0,176.4,9.781822812229719e-05
7500,1790217907.4882274,4A (Hard Routing),3.0437,8.1652,0.8697,0.471,200.1,9.779760713358059e-05
7525,1790217964.4042408,4B (Dynamic MoE),2.924,8.2333,0.6696,0.0,89.5,9.777848823410561e-05
7550,1790218022.6238248,4B (Dynamic MoE),2.9558,8.2142,0.7238,1.41,61.1,9.775768497911227e-05
7575,1790218077.851584,4B (Dynamic MoE),2.981,8.072,0.8889,0.0,187.4,9.773839790411144e-05
7600,1790218136.1879506,4B (Dynamic MoE),2.9379,8.2041,0.7409,0.529,230.5,9.771741253542741e-05
7625,1790218188.2904258,4B (Dynamic MoE),2.9507,8.1697,0.6886,0.0,71.8,9.769795742636605e-05
7650,1790218245.08304,4B (Dynamic MoE),2.9285,8.6712,0.7319,0.376,132.8,9.767679009791311e-05
7675,1790218300.6572638,4B (Dynamic MoE),2.9035,8.8183,0.7628,0.0,164.8,9.765716709748897e-05
7700,1790218355.4268816,4B (Dynamic MoE),2.83,8.5271,0.8312,0.459,235.2,9.763581796452353e-05
7725,1790218413.9950345,4B (Dynamic MoE),2.8992,8.5661,0.7178,0.0,112.8,9.76160272166658e-05
7750,1790218467.9232583,4B (Dynamic MoE),2.9009,8.5062,0.7699,0.455,95.8,9.759449643577778e-05
7775,1790218525.9464734,4B (Dynamic MoE),2.9038,8.2059,0.7455,0.0,127.0,9.757453808564607e-05
7800,1790218584.1912735,4B (Dynamic MoE),2.9145,8.4811,0.8201,1.058,236.1,9.755282581475769e-05
7825,1790218641.7062047,4B (Dynamic MoE),2.9048,8.2362,0.7462,0.0,138.8,9.753270000874086e-05
7850,1790218699.7611744,4B (Dynamic MoE),2.9334,8.4976,0.7353,0.946,131.2,9.751080640710554e-05
7875,1790218753.8618155,4B (Dynamic MoE),2.941,9.5512,0.7943,0.0,143.4,9.749051329282075e-05
7900,1790218814.300656,4B (Dynamic MoE),2.9061,10.08,0.7468,0.849,78.7,9.74684385210219e-05
1,1790246285.2544036,0 (CTC Warmup),10.1787,0.0,1.484,0.0,19.7,0.0
25,1790246381.5066202,0 (CTC Warmup),11.4,0.0,1.2609,0.0,49.9,1.2000000000000002e-07
50,1790246482.0441835,0 (CTC Warmup),12.3147,0.0,1.5407,9.734,70.6,2.5000000000000004e-07
75,1790246577.8802345,0 (CTC Warmup),11.9186,0.0,2.1441,0.0,91.3,3.7e-07
100,1790246678.2049582,0 (CTC Warmup),13.1239,0.0,4.5485,31.077,80.1,5.000000000000001e-07
125,1790246777.5329182,0 (CTC Warmup),11.422,0.0,1.4911,0.0,32.5,6.200000000000001e-07
150,1790246874.399414,0 (CTC Warmup),11.2404,0.0,1.1241,11.649,35.4,7.5e-07
175,1790246967.9751115,0 (CTC Warmup),10.3035,0.0,1.4013,0.0,39.4,8.7e-07
200,1790247055.1110668,0 (CTC Warmup),10.9186,0.0,1.096,83.43,113.7,1.0000000000000002e-06
225,1790247149.0093622,0 (CTC Warmup),8.4891,0.0,1.0,0.0,48.3,1.12e-06
250,1790247239.8676825,0 (CTC Warmup),7.0387,0.0,0.9921,16.283,69.7,1.25e-06
275,1790247349.9582756,0 (CTC Warmup),5.9294,0.0,1.0,0.0,271.4,1.3700000000000002e-06
300,1790247433.2182508,0 (CTC Warmup),4.7859,0.0,1.0,3.266,114.4,1.5e-06
325,1790247516.6165361,0 (CTC Warmup),4.8521,0.0,1.0,0.0,189.5,1.6200000000000002e-06
350,1790247607.0002024,0 (CTC Warmup),4.1911,0.0,1.0,2.102,77.2,1.75e-06
375,1790247694.0331554,0 (CTC Warmup),3.9845,0.0,1.0,0.0,114.0,1.87e-06
400,1790247786.3961916,0 (CTC Warmup),3.8685,0.0,1.0,2.026,123.4,2.0000000000000003e-06
425,1790247870.276925,0 (CTC Warmup),3.7822,0.0,1.0,0.0,239.0,2.12e-06
450,1790247956.3345637,0 (CTC Warmup),3.7443,0.0,1.0,2.582,72.1,2.25e-06
475,1790248044.0736778,0 (CTC Warmup),3.693,0.0,1.0,0.0,104.2,2.37e-06
500,1790248129.5841756,0 (CTC Warmup),3.665,0.0,1.0,5.223,96.3,2.5e-06
525,1790248211.902065,0 (CTC Warmup),3.7918,0.0,1.0,0.0,214.6,2.6200000000000003e-06
550,1790248304.093522,0 (CTC Warmup),3.64,0.0,1.0,3.332,29.4,2.7500000000000004e-06
575,1790248382.8745604,0 (CTC Warmup),3.6255,0.0,1.0,0.0,114.0,2.87e-06
600,1790248471.9379094,0 (CTC Warmup),3.6035,0.0,1.0,4.193,78.9,3e-06
625,1790248553.0441003,0 (CTC Warmup),3.5641,0.0,1.0,0.0,64.8,3.12e-06
650,1790248634.004503,0 (CTC Warmup),3.5661,0.0,1.0,2.38,105.1,3.2500000000000002e-06
675,1790248720.0855856,0 (CTC Warmup),3.5482,0.0,1.0,0.0,80.2,3.3700000000000003e-06
700,1790248805.0681202,0 (CTC Warmup),3.5485,0.0,1.0,5.793,76.9,3.5e-06
725,1790248884.2290747,0 (CTC Warmup),3.5178,0.0,1.0,0.0,146.5,3.62e-06
750,1790248966.9275863,0 (CTC Warmup),3.5216,0.0,1.0,3.174,40.9,3.7500000000000005e-06
775,1790249045.134767,0 (CTC Warmup),3.4945,0.0,1.0,0.0,96.0,3.87e-06
800,1790249129.7389574,0 (CTC Warmup),3.5061,0.0,1.0,2.738,96.5,4.000000000000001e-06
825,1790249207.0677865,0 (CTC Warmup),3.4763,0.0,1.0,0.0,548.8,4.12e-06
850,1790249290.2882373,0 (CTC Warmup),3.4639,0.0,1.0,1.434,81.1,4.25e-06
875,1790249370.0944846,0 (CTC Warmup),3.4334,0.0,1.0,0.0,63.6,4.3700000000000005e-06
900,1790249449.7426019,0 (CTC Warmup),3.4219,0.0,1.0,0.448,98.6,4.5e-06
925,1790249532.3108385,0 (CTC Warmup),3.4102,0.0,0.9691,0.0,38.1,4.620000000000001e-06
950,1790249606.5595465,0 (CTC Warmup),3.3895,0.0,0.9824,0.573,80.1,4.75e-06
975,1790249688.3095675,0 (CTC Warmup),3.3918,0.0,0.9923,0.0,96.6,4.87e-06
1000,1790249768.55405,0 (CTC Warmup),3.3776,0.0,0.9934,3.183,134.0,5e-06
1025,1790249854.259553,0 (CTC Warmup),3.369,0.0,0.9549,0.0,723.0,5.12e-06
1050,1790249934.4516828,0 (CTC Warmup),3.3508,0.0,0.9636,0.991,34.7,5.2500000000000006e-06
1075,1790250011.3729217,0 (CTC Warmup),3.3598,0.0,0.9804,0.0,60.6,5.370000000000001e-06
1100,1790250089.384216,0 (CTC Warmup),3.3488,0.0,0.9895,0.495,133.9,5.500000000000001e-06
1125,1790250164.9333456,0 (CTC Warmup),3.3291,0.0,0.9319,0.0,220.2,5.620000000000001e-06
1150,1790250245.3353198,0 (CTC Warmup),3.3233,0.0,0.9474,1.929,33.4,5.75e-06
1175,1790250324.1256478,0 (CTC Warmup),3.334,0.0,0.9614,0.0,50.0,5.8700000000000005e-06
1200,1790250399.151836,0 (CTC Warmup),3.3258,0.0,0.9753,0.492,52.6,6e-06
1225,1790250473.9673076,0 (CTC Warmup),3.3174,0.0,0.9339,0.0,642.7,6.120000000000001e-06
1250,1790250547.7748904,0 (CTC Warmup),3.2959,0.0,0.9535,0.73,343.5,6.25e-06
1275,1790250624.1331794,0 (CTC Warmup),3.3175,0.0,0.9629,0.0,131.0,6.370000000000001e-06
1300,1790250700.5638263,0 (CTC Warmup),3.3246,0.0,0.9833,0.818,134.0,6.5000000000000004e-06
1325,1790250771.0792694,0 (CTC Warmup),3.2993,0.0,0.9069,0.0,321.4,6.620000000000001e-06
1350,1790250848.4613552,0 (CTC Warmup),3.2973,0.0,0.9344,0.37,126.4,6.750000000000001e-06
1375,1790250923.9732697,0 (CTC Warmup),3.3004,0.0,0.9475,0.0,104.3,6.870000000000001e-06
1400,1790250998.9421415,0 (CTC Warmup),3.3038,0.0,0.964,0.73,85.7,7e-06
1425,1790251076.508808,0 (CTC Warmup),3.2858,0.0,0.8808,0.0,27.8,7.1200000000000004e-06
1450,1790251147.0435884,0 (CTC Warmup),3.2844,0.0,0.9183,2.808,43.4,7.25e-06
1475,1790251222.0273101,0 (CTC Warmup),3.2788,0.0,0.9305,0.0,103.4,7.370000000000001e-06
1500,1790251295.3198974,0 (CTC Warmup),3.2786,0.0,0.9599,1.21,71.7,7.500000000000001e-06
1525,1790251368.58546,0 (CTC Warmup),3.2769,0.0,0.8512,0.0,43.2,7.620000000000001e-06
1550,1790251439.4481404,0 (CTC Warmup),3.2711,0.0,0.9162,1.594,63.0,7.75e-06
1575,1790251511.54168,0 (CTC Warmup),3.2756,0.0,0.9312,0.0,203.0,7.870000000000001e-06
1600,1790251589.149139,0 (CTC Warmup),3.2704,0.0,0.9462,0.321,95.3,8.000000000000001e-06
1625,1790251658.21701,0 (CTC Warmup),3.2529,0.0,0.8329,0.0,804.2,8.120000000000002e-06
1650,1790251730.5541725,0 (CTC Warmup),3.2391,0.0,0.8884,1.343,75.0,8.25e-06
1675,1790251804.8946736,0 (CTC Warmup),3.2384,0.0,0.9097,0.0,61.0,8.370000000000001e-06
1700,1790251888.2383454,0 (CTC Warmup),3.2548,0.0,0.9285,2.931,134.7,8.5e-06
1725,1790251954.1431272,0 (CTC Warmup),3.1865,0.0,0.7906,0.0,554.2,8.62e-06
1750,1790252021.9319487,0 (CTC Warmup),3.1506,0.0,0.7627,0.883,93.5,8.750000000000001e-06
1775,1790252095.4056413,0 (CTC Warmup),3.1426,0.0,0.781,0.0,120.1,8.870000000000001e-06
1800,1790252171.0230753,0 (CTC Warmup),3.1087,0.0,0.7897,1.43,65.4,9e-06
1825,1790252239.6158311,0 (CTC Warmup),3.0867,0.0,0.6616,0.0,776.4,9.12e-06
1850,1790252312.8433876,0 (CTC Warmup),3.0662,0.0,0.7186,0.428,197.6,9.250000000000001e-06
1875,1790252382.1160672,0 (CTC Warmup),3.0649,0.0,0.7398,0.0,134.6,9.370000000000002e-06
1900,1790252456.2075076,0 (CTC Warmup),3.0479,0.0,0.7619,0.649,92.5,9.5e-06
1925,1790252526.6566782,0 (CTC Warmup),3.036,0.0,0.6927,0.0,414.4,9.620000000000001e-06
1950,1790252600.5303495,0 (CTC Warmup),3.027,0.0,0.7128,0.577,445.3,9.75e-06
1975,1790252677.0792723,0 (CTC Warmup),3.0224,0.0,0.7548,0.0,819.2,9.87e-06
2000,1790252747.036656,0 (CTC Warmup),3.0248,0.0,0.7276,1.239,94.4,1e-05
2025,1790252825.9196177,0 (CTC Warmup),2.9979,0.0,0.7062,0.0,49.4,9.999995775199663e-06
2050,1790252893.577153,0 (CTC Warmup),2.9924,0.0,0.7313,0.681,85.4,9.999981663201606e-06
2075,1790252963.4194427,0 (CTC Warmup),2.9963,0.0,0.7715,0.0,163.6,9.999959835106019e-06
2100,1790253038.8276515,0 (CTC Warmup),3.0023,0.0,0.7232,0.67,125.9,9.999926652940914e-06
2125,1790253103.4090664,0 (CTC Warmup),2.9735,0.0,0.6928,0.0,297.5,9.999887221710181e-06
2150,1790253172.862405,0 (CTC Warmup),2.9647,0.0,0.7178,0.689,120.5,9.999834969621408e-06
2175,1790253244.200698,0 (CTC Warmup),2.9823,0.0,0.7268,0.0,125.1,9.99977793554475e-06
2200,1790253314.5725584,0 (CTC Warmup),2.9718,0.0,0.7175,1.027,131.1,9.999706613915567e-06
2225,1790253385.713456,0 (CTC Warmup),2.9696,0.0,0.7041,0.0,744.2,9.999631977411308e-06
2250,1790253452.9713354,0 (CTC Warmup),2.9484,0.0,0.7124,0.665,256.8,9.999541586764836e-06
2275,1790253525.2810194,0 (CTC Warmup),2.9472,0.0,0.7327,0.0,106.5,9.999449348380415e-06
2300,1790253595.4299786,0 (CTC Warmup),2.9427,0.0,0.7886,0.707,112.9,9.999339889379647e-06
2325,1790253663.3873603,0 (CTC Warmup),2.949,0.0,0.6481,0.0,706.3,9.999230049791606e-06
2350,1790253733.4282281,0 (CTC Warmup),2.9537,0.0,0.7105,0.881,108.4,9.999101523239392e-06
2375,1790253798.401531,0 (CTC Warmup),2.9325,0.0,0.7561,0.0,152.0,9.998974083253377e-06
2400,1790253873.875548,0 (CTC Warmup),2.915,0.0,0.7393,0.618,50.1,9.99882649009242e-06
2425,1790253934.8245306,0 (CTC Warmup),2.9063,0.0,0.669,0.0,137.9,9.998681450643166e-06
2450,1790254004.710298,0 (CTC Warmup),2.9029,0.0,0.7449,0.631,130.7,9.998514791956025e-06
2475,1790254076.419795,0 (CTC Warmup),2.8933,0.0,0.7053,0.0,117.9,9.998352154107351e-06
2500,1790254143.7577765,0 (CTC Warmup),2.9092,0.0,0.71,0.927,130.9,9.998166431116421e-06
2525,1790254208.962801,0 (CTC Warmup),2.8742,0.0,0.688,0.0,535.0,9.997986196061234e-06
2550,1790254276.7177966,0 (CTC Warmup),2.8447,0.0,0.681,1.01,58.1,9.997781410128737e-06
2575,1790254344.0559328,0 (CTC Warmup),2.7982,0.0,0.6901,0.0,164.4,9.997583579189012e-06
2600,1790254415.408804,0 (CTC Warmup),2.7725,0.0,0.7322,1.173,105.5,9.997359731816998e-06
2625,1790254477.1386364,0 (CTC Warmup),2.6883,0.0,0.6016,0.0,343.3,9.997144306443767e-06
2650,1790254545.2503893,0 (CTC Warmup),2.6774,0.0,0.6625,0.774,168.2,9.996901399274093e-06
2675,1790254611.8735049,0 (CTC Warmup),2.6975,0.0,0.6679,0.0,142.4,9.996668381047442e-06
2700,1790254681.9828286,0 (CTC Warmup),2.6573,0.0,0.7485,1.111,99.8,9.996406415861763e-06
2725,1790254753.876964,0 (CTC Warmup),2.5744,0.0,0.6509,0.0,652.4,9.996155806490814e-06
2750,1790254814.2622793,0 (CTC Warmup),2.5796,0.0,0.6262,0.912,162.8,9.995874785210573e-06
2775,1790254883.0736582,0 (CTC Warmup),2.4978,0.0,0.6386,0.0,113.1,9.995606586533476e-06
2800,1790254950.910475,0 (CTC Warmup),2.5147,0.0,0.649,0.821,149.5,9.995306511219885e-06
2825,1790255015.26475,0 (CTC Warmup),2.5265,0.0,0.6198,0.0,641.6,9.995020725203802e-06
2850,1790255085.0586872,0 (CTC Warmup),2.4673,0.0,0.6266,1.113,139.5,9.994701598057828e-06
2875,1790255148.6452606,0 (CTC Warmup),2.418,0.0,0.5385,0.0,130.9,9.994398226798918e-06
2900,1790255216.6783967,0 (CTC Warmup),2.4546,0.0,0.542,1.442,107.0,9.99406005016127e-06
2925,1790255281.0057356,0 (CTC Warmup),2.4723,0.0,0.6331,0.0,183.8,9.993739095884677e-06
2950,1790255348.465679,0 (CTC Warmup),2.4626,0.0,0.5604,0.887,86.1,9.993381872235785e-06
2975,1790255420.1553762,0 (CTC Warmup),2.4281,0.0,0.6656,0.0,153.3,9.993043337295621e-06
3000,1790255484.8962288,0 (CTC Warmup),2.3539,0.0,0.6078,0.703,167.2,9.99266706925562e-06
3025,1790255556.6420913,4A (Hard Routing),2.4252,16.795,0.6564,0.0,684.0,9.992310956134941e-06
3050,1790255622.7280135,4A (Hard Routing),2.3734,12.2379,0.5744,0.81,100.2,9.991915646463652e-06
3075,1790255689.9860165,4A (Hard Routing),2.2807,10.0822,0.5457,0.0,165.0,9.99154195777445e-06
3100,1790255761.4307628,4A (Hard Routing),2.3226,9.0804,0.6018,0.785,138.9,9.991127609371357e-06
3125,1790255824.1559415,4A (Hard Routing),2.3358,8.7921,0.5492,0.0,43.5,9.99073634785453e-06
3150,1790255888.0580447,4A (Hard Routing),2.3433,9.8724,0.6255,1.711,221.8,9.990302963758765e-06
3175,1790255953.5458405,4A (Hard Routing),2.3754,9.826,0.6722,0.0,182.1,9.989894132284111e-06
3200,1790256026.344928,4A (Hard Routing),2.2495,8.1445,0.5582,0.676,120.3,9.989441715674422e-06
3225,1790256090.6100147,4A (Hard Routing),2.2785,8.2448,0.6771,0.0,688.6,9.989015317240603e-06
3250,1790256153.4961684,4A (Hard Routing),2.2772,8.1822,0.5547,0.815,55.0,9.988543871435342e-06
3275,1790256216.4521186,4A (Hard Routing),2.2132,8.1142,0.5226,0.0,132.3,9.988099909169867e-06
3300,1790256283.7211719,4A (Hard Routing),2.1993,8.1355,0.6564,1.447,145.0,9.987609437626955e-06
3325,1790256349.073404,4A (Hard Routing),2.2457,8.0539,0.6283,0.0,185.4,9.987147914786167e-06
3350,1790256413.653652,4A (Hard Routing),2.2104,8.0489,0.5377,0.798,119.5,9.986638421103074e-06
3375,1790256474.998655,4A (Hard Routing),2.1606,8.0446,0.5249,0.0,128.4,9.986159341072115e-06
3400,1790256543.6252022,4A (Hard Routing),2.2744,8.2349,0.5516,0.703,127.5,9.985630828985835e-06
3425,1790256604.0666358,4A (Hard Routing),2.2151,8.0011,0.5355,0.0,653.1,9.985134195278618e-06
3450,1790256669.5790272,4A (Hard Routing),2.333,8.0074,0.5929,1.438,143.1,9.984586668665641e-06
3475,1790256736.8876457,4A (Hard Routing),2.156,8.0113,0.598,0.0,231.3,9.984072484924838e-06
3500,1790256800.7190547,4A (Hard Routing),2.2051,8.3736,0.5985,0.802,110.6,9.983505947801115e-06
3525,1790256863.7282763,4A (Hard Routing),2.1425,7.985,0.5293,0.0,544.5,9.982974217798118e-06
3550,1790256926.2899568,4A (Hard Routing),2.133,8.0621,0.5275,0.733,94.1,9.982388674319041e-06
3575,1790256990.4908466,4A (Hard Routing),2.1345,7.9979,0.5402,0.0,223.2,9.98183940195394e-06
3600,1790257060.0206347,4A (Hard Routing),2.0895,8.1314,0.5424,0.718,99.0,9.981234856414306e-06
3625,1790257119.8348758,4A (Hard Routing),2.0918,7.9983,0.5344,0.0,165.7,9.980668045715864e-06
3650,1790257184.9337237,4A (Hard Routing),2.1505,8.0109,0.6074,0.722,108.6,9.980044502549843e-06
3675,1790257258.4556441,4A (Hard Routing),2.0641,8.0328,0.5595,0.0,267.9,9.979460157675453e-06
3700,1790257320.5935955,4A (Hard Routing),2.0623,8.1442,0.5182,0.714,122.9,9.978817621456562e-06
3725,1790257381.1600275,4A (Hard Routing),2.1503,8.0528,0.6356,0.0,131.4,9.97821574669223e-06
3750,1790257444.0909293,4A (Hard Routing),2.0962,8.0008,0.4793,1.213,66.4,9.977554222133293e-06
3775,1790257507.259714,4A (Hard Routing),2.073,8.0363,0.5626,0.0,209.8,9.9769348218936e-06
3800,1790257572.0394692,4A (Hard Routing),2.0362,8.428,0.5614,0.663,116.8,9.97625431384671e-06
3825,1790257634.4656396,4A (Hard Routing),2.0439,8.0115,0.6166,0.0,650.8,9.975617392674787e-06
3850,1790257700.2069263,4A (Hard Routing),2.2068,8.0607,0.624,0.893,127.7,9.974917906131283e-06
3875,1790257760.6199734,4A (Hard Routing),2.0849,7.9919,0.6088,0.0,193.8,9.974263468698765e-06
3900,1790257825.5262482,4A (Hard Routing),2.0102,8.0789,0.5454,0.667,126.2,9.973545008789182e-06
3925,1790257888.5063179,4A (Hard Routing),2.0914,8.0159,0.6454,0.0,121.1,9.972873059896185e-06
3950,1790257954.6293979,4A (Hard Routing),2.0378,8.0176,0.4749,0.845,181.0,9.972135631890226e-06
3975,1790258017.6794677,4A (Hard Routing),2.0397,8.0248,0.4989,0.0,177.8,9.971446176465306e-06
4000,1790258082.4687204,4A (Hard Routing),2.2539,8.3625,0.7192,1.305,117.8,9.970689785771798e-06
4025,1790258148.2520742,4A (Hard Routing),1.9564,8.0423,0.4472,0.0,534.2,9.96998282887192e-06
4050,1790258217.107775,4A (Hard Routing),2.0397,8.02,0.5641,0.948,29.0,9.969207481038776e-06
4075,1790258276.5499604,4A (Hard Routing),2.0466,8.0138,0.4987,0.0,234.5,9.968483027849267e-06
4100,1790258339.8722265,4A (Hard Routing),2.0267,8.1372,0.6383,0.875,115.2,9.967688728563446e-06
4125,1790258403.3083549,4A (Hard Routing),2.0375,8.0151,0.5464,0.0,531.9,9.966946784397968e-06
4150,1790258468.0018332,4A (Hard Routing),2.0227,8.0174,0.6072,0.884,38.4,9.966133539485435e-06
4175,1790258528.335333,4A (Hard Routing),1.9789,8.0231,0.4115,0.0,190.9,9.96537410978594e-06
4200,1790258593.8609912,4A (Hard Routing),1.957,8.264,0.5973,0.94,127.9,9.964541925211613e-06
4225,1790258655.767267,4A (Hard Routing),1.9966,8.065,0.5729,0.0,631.0,9.963765015548305e-06
4250,1790258715.7616024,4A (Hard Routing),2.029,8.0255,0.4504,1.099,70.9,9.962913897416029e-06
4275,1790258782.9439998,4A (Hard Routing),1.933,8.0218,0.4145,0.0,57.7,9.96211951348732e-06
4300,1790258842.6364672,4A (Hard Routing),1.9933,8.0809,0.5903,0.919,125.9,9.961249468039806e-06
4325,1790258907.084189,4A (Hard Routing),1.9861,8.0387,0.479,0.0,453.9,9.960437615672284e-06
4350,1790258969.1072,4A (Hard Routing),1.9366,8.0235,0.5947,1.198,140.7,9.959548649291071e-06
4375,1790259032.5608978,4A (Hard Routing),1.9453,8.0241,0.5422,0.0,52.1,9.958719334439442e-06
4400,1790259100.7734973,4A (Hard Routing),1.9658,8.3111,0.6472,1.224,59.4,9.957811453644848e-06
4425,1790259154.397654,4A (Hard Routing),1.9729,8.0616,0.5465,0.0,653.3,9.956964682391904e-06
4450,1790259215.1889782,4A (Hard Routing),1.8955,8.0071,0.5114,0.832,141.7,9.956037893842982e-06
4475,1790259282.9044456,4A (Hard Routing),1.8955,8.0446,0.6093,0.0,154.8,9.955173672399552e-06
4500,1790259344.4094267,4A (Hard Routing),1.8548,8.0716,0.3876,0.773,64.5,9.954227982894034e-06
4525,1790259404.688139,4A (Hard Routing),1.8956,8.0117,0.4372,0.0,636.2,9.953346317598941e-06
4550,1790259468.0218883,4A (Hard Routing),1.9513,8.0275,0.5353,0.884,234.0,9.952381734073197e-06
4575,1790259533.2312036,4A (Hard Routing),1.8801,8.0183,0.4421,0.0,60.4,9.951482631393208e-06
4600,1790259598.131115,4A (Hard Routing),1.9242,8.0626,0.3983,0.837,144.5,9.950499160922184e-06
4625,1790259658.389131,4A (Hard Routing),1.8789,8.0208,0.4068,0.0,673.5,9.949582627451966e-06
4650,1790259720.5262744,4A (Hard Routing),1.8856,8.045,0.6009,1.307,85.0,9.948580277249142e-06
4675,1790259786.841806,4A (Hard Routing),1.8677,8.0208,0.5345,0.0,240.5,9.947646319711209e-06
4700,1790259847.0886226,4A (Hard Routing),1.8922,8.0443,0.4539,0.737,165.0,9.946625097128544e-06
4725,1790259908.7446795,4A (Hard Routing),1.896,8.0443,0.5327,0.0,170.6,9.945673722373214e-06
4750,1790259969.860838,4A (Hard Routing),1.9024,8.0403,0.3444,1.06,95.7,9.94463363490109e-06
4775,1790260037.0021477,4A (Hard Routing),1.8307,7.9909,0.5591,0.0,181.8,9.943664849906428e-06
4800,1790260098.426885,4A (Hard Routing),1.9223,8.0954,0.4848,0.669,83.2,9.942605905173593e-06
4825,1790260159.6596828,4A (Hard Routing),1.8274,8.0165,0.4553,0.0,51.8,9.941619717045365e-06
4850,1790260222.2785718,4A (Hard Routing),1.9133,8.029,0.4987,1.176,393.2,9.940541922818882e-06
4875,1790260282.0511823,4A (Hard Routing),1.9117,8.0265,0.4881,0.0,256.6,9.939538338790503e-06
4900,1790260347.1673188,4A (Hard Routing),1.9547,8.0576,0.6755,0.827,53.9,9.938441702975689e-06
4925,1790260403.2099826,4A (Hard Routing),1.894,8.0145,0.5041,0.0,782.2,9.937420730408168e-06
4950,1790260467.1063437,4A (Hard Routing),1.8434,8.0301,0.4651,0.818,121.5,9.93630526104854e-06
4975,1790260530.089837,4A (Hard Routing),1.8561,8.0268,0.5554,0.0,222.9,9.935266907430418e-06
5000,1790260590.272611,4A (Hard Routing),1.841,8.0748,0.4434,0.933,177.9,9.934132612707631e-06
5025,1790260660.8825786,4A (Hard Routing),1.8276,8.0611,0.549,0.0,688.5,9.933076885654947e-06
5050,1790260721.5463772,4A (Hard Routing),1.8869,8.023,0.4865,0.868,82.9,9.931923773888734e-06
5075,1790260784.7863672,4A (Hard Routing),1.8359,8.0133,0.5136,0.0,214.6,9.930850681144946e-06
5100,1790260850.7562718,4A (Hard Routing),1.8391,8.0623,0.4267,1.186,122.1,9.929678760793057e-06
5125,1790260906.814891,4A (Hard Routing),1.7696,8.0107,0.5217,0.0,670.9,9.928588310228999e-06
5150,1790260967.819523,4A (Hard Routing),1.872,7.9971,0.5998,0.962,143.2,9.927397589887144e-06
5175,1790261030.4980636,4A (Hard Routing),1.8709,8.0281,0.5414,0.0,161.7,9.926289789500967e-06
5200,1790261095.3555717,4A (Hard Routing),1.7834,8.0676,0.4105,0.92,152.4,9.925080277902743e-06
5225,1790261172.219156,4A (Hard Routing),1.7948,8.0926,0.5424,0.0,601.9,9.92395513581985e-06
5250,1790261237.217728,4A (Hard Routing),1.8862,8.0164,0.4645,1.193,189.5,9.922726841836685e-06
5275,1790261293.8208656,4A (Hard Routing),1.7634,8.0046,0.3855,0.0,114.8,9.921584366309677e-06
5300,1790261357.0277421,4A (Hard Routing),1.8092,8.0754,0.5153,1.225,109.0,9.920337298950767e-06
5325,1790261419.811121,4A (Hard Routing),1.7315,8.0245,0.4985,0.0,655.7,9.919177498359382e-06
5350,1790261483.1627707,4A (Hard Routing),1.7924,8.0025,0.4148,0.95,266.1,9.91791166677161e-06
5375,1790261542.2898922,4A (Hard Routing),1.748,7.9936,0.4741,0.0,361.1,9.916734549622662e-06
5400,1790261605.454941,4A (Hard Routing),1.7786,8.0446,0.5865,1.014,130.3,9.915449963090551e-06
5425,1790261667.1140227,4A (Hard Routing),1.8884,8.0261,0.5903,0.0,220.7,9.91425553801786e-06
5450,1790261729.801253,4A (Hard Routing),1.8168,8.0257,0.4311,0.823,255.4,9.912952205963491e-06
5475,1790261795.7922463,4A (Hard Routing),1.8634,8.0111,0.5209,0.0,158.6,9.911740481727833e-06
5500,1790261856.4824505,4A (Hard Routing),1.7983,8.0301,0.5338,0.768,83.6,9.91041841371078e-06
5525,1790261917.650273,4A (Hard Routing),1.797,8.0609,0.5673,0.0,472.8,9.909189399199813e-06
5550,1790261983.903561,4A (Hard Routing),1.8113,8.0275,0.6747,1.072,473.7,9.907848604917075e-06
5575,1790262042.4346395,4A (Hard Routing),1.6963,8.0155,0.4558,0.0,160.3,9.90660230914527e-06
5600,1790262108.4344494,4A (Hard Routing),1.7212,8.0862,0.5187,0.859,97.3,9.905242798431196e-06
5625,1790262163.2332118,4A (Hard Routing),1.8233,8.0773,0.6126,0.0,474.0,9.90397923053979e-06
5650,1790262224.5148997,4A (Hard Routing),1.8383,8.0077,0.4406,1.105,255.7,9.902601013366009e-06
5675,1790262286.5574083,4A (Hard Routing),1.923,8.0146,0.4974,0.0,182.4,9.901320182622913e-06
5700,1790262353.604492,4A (Hard Routing),1.7714,7.9951,0.5144,0.802,89.1,9.899923269098262e-06
5725,1790262415.5525997,4A (Hard Routing),1.7381,8.0562,0.5061,0.0,498.2,9.898625184898013e-06
5750,1790262470.474306,4A (Hard Routing),1.7519,8.054,0.6361,0.849,159.3,9.897209585268459e-06
5775,1790262532.6263466,4A (Hard Routing),1.8723,7.9999,0.5518,0.0,236.1,9.895894257132137e-06
5800,1790262597.5692165,4A (Hard Routing),1.7682,8.0461,0.3933,0.853,122.9,9.894459981780711e-06
5825,1790262657.4081354,4A (Hard Routing),1.7215,8.0637,0.4666,0.0,481.7,9.893127419355879e-06
5850,1790262720.3762355,4A (Hard Routing),1.7562,7.9928,0.3742,0.994,554.9,9.891674478802585e-06
5875,1790262779.5449436,4A (Hard Routing),1.7448,8.0075,0.3768,0.0,60.7,9.890324691863216e-06
5900,1790262838.733986,4A (Hard Routing),1.7546,8.0734,0.4846,0.783,130.4,9.888853096764963e-06
5925,1790262898.2143118,4A (Hard Routing),1.7695,8.086,0.5498,0.0,202.3,9.887486095211367e-06
5950,1790262959.3139188,4A (Hard Routing),1.7014,8.0102,0.3247,0.842,143.4,9.885995856361895e-06
5975,1790263023.8028016,4A (Hard Routing),1.8707,8.0376,0.5064,0.0,141.8,9.884611650220641e-06
6000,1790263082.840176,4A (Hard Routing),1.6883,8.0384,0.513,0.824,120.3,9.883102778550434e-06
6025,1790263144.229445,4A (Hard Routing),1.8299,8.086,0.5599,0.0,622.8,9.881701377974289e-06
6050,1790263204.926095,4A (Hard Routing),1.7083,8.0006,0.4023,1.029,425.8,9.880173884550495e-06
6075,1790263268.3620296,4A (Hard Routing),1.6699,8.0054,0.3802,0.0,185.2,9.878755299818336e-06
6100,1790263334.9730444,4A (Hard Routing),1.7358,8.0409,0.4463,0.788,144.5,9.877209195844692e-06
6125,1790263388.5081198,4A (Hard Routing),1.806,8.0497,0.455,0.0,486.8,9.875773437361443e-06
6150,1790263448.4697006,4A (Hard Routing),1.7317,8.005,0.4864,0.892,259.8,9.874208734178187e-06
6175,1790263512.8980234,4A (Hard Routing),1.6958,8.0099,0.3815,0.0,160.5,9.87275581247473e-06
6200,1790263574.9396994,4A (Hard Routing),1.6581,8.0341,0.4001,0.774,122.4,9.871172521558523e-06
6225,1790263636.3990905,4A (Hard Routing),1.7661,8.0684,0.4548,0.0,486.3,9.869702447291633e-06
6250,1790263706.7483602,4A (Hard Routing),1.8024,8.0133,0.6055,1.027,275.2,9.868100580255466e-06
6275,1790263758.1035218,4A (Hard Routing),1.7578,8.0407,0.4695,0.0,121.8,9.866613364207725e-06
6300,1790263827.914507,4A (Hard Routing),1.6824,8.1951,0.4741,0.907,45.9,9.864992932800845e-06
6325,1790263881.8590395,4A (Hard Routing),1.724,8.0741,0.4658,0.0,383.9,9.863488585880567e-06
6350,1790263944.3553638,4A (Hard Routing),1.6827,8.0121,0.3904,0.949,491.3,9.861849601988384e-06
6375,1790264015.6407862,4A (Hard Routing),1.7448,8.0172,0.5911,0.0,400.9,9.860328135229528e-06
6400,1790264076.131451,4A (Hard Routing),1.7084,8.0068,0.4641,0.798,90.3,9.858670610873528e-06
6425,1790264135.8809376,4A (Hard Routing),1.7042,8.0444,0.3574,0.0,682.6,9.857132035435629e-06
6450,1790264197.3684175,4A (Hard Routing),1.7491,8.0319,0.4604,0.981,36.5,9.855455982773288e-06
6475,1790264272.874326,4A (Hard Routing),1.6678,8.0125,0.4672,0.0,866.8,9.853900309941362e-06
6500,1790264341.9609525,4A (Hard Routing),1.6565,8.0784,0.368,0.792,51.2,9.852205741266058e-06
6525,1790264402.2694745,4A (Hard Routing),1.693,8.0878,0.5798,0.0,28.4,9.85063298245053e-06
6550,1790264462.3312345,4A (Hard Routing),1.5851,8.0231,0.3676,0.955,43.3,9.848919910191446e-06
6575,1790264528.5119672,4A (Hard Routing),1.6647,8.0052,0.3844,0.0,158.1,9.847330076928061e-06
6600,1790264600.1997182,4A (Hard Routing),1.7459,8.0384,0.5214,0.753,116.8,9.845598513650104e-06
6625,1790264661.0599058,4A (Hard Routing),1.6303,8.0264,0.5864,0.0,504.3,9.843991617599841e-06
6650,1790264712.4241416,4A (Hard Routing),1.6196,8.0155,0.3989,0.992,133.5,9.84224157600354e-06
6675,1790264773.6043992,4A (Hard Routing),1.6575,8.0315,0.454,0.0,286.9,9.840617628952533e-06
6700,1790264837.1125884,4A (Hard Routing),1.61,8.0256,0.363,0.661,45.7,9.83884912187395e-06
6725,1790264893.9014695,4A (Hard Routing),1.6462,8.0426,0.3434,0.0,658.0,9.837208135733394e-06
6750,1790264951.1253827,4A (Hard Routing),1.666,8.0317,0.4565,1.074,103.5,9.835421176144035e-06
6775,1790265012.3189206,4A (Hard Routing),1.6071,8.0134,0.4073,0.0,77.7,9.833763162950102e-06
6800,1790265072.8068488,4A (Hard Routing),1.6531,8.0124,0.5285,0.853,113.2,9.831957763956814e-06
6825,1790265130.782378,4A (Hard Routing),1.628,8.0681,0.3881,0.0,609.5,9.830282735870566e-06
6850,1790265185.6259978,4A (Hard Routing),1.6777,7.9929,0.4442,0.762,190.3,9.828458910715442e-06
6875,1790265247.0571768,4A (Hard Routing),1.688,8.012,0.3171,0.0,137.5,9.826766880022742e-06
6900,1790265307.7366447,4A (Hard Routing),1.6854,8.0321,0.3782,0.769,171.9,9.824924642083026e-06
6925,1790265371.1449544,4A (Hard Routing),1.6149,8.0322,0.4188,0.0,482.1,9.823215621194443e-06
6950,1790265425.8575652,4A (Hard Routing),1.5891,8.0106,0.3952,0.875,66.2,9.821354983982438e-06
6975,1790265482.2905316,4A (Hard Routing),1.7025,8.0546,0.5781,0.0,156.2,9.819628985433159e-06
7000,1790265544.3212206,4A (Hard Routing),1.6974,8.0611,0.4163,0.971,168.4,9.817749962596115e-06
7025,1790265612.8812103,4A (Hard Routing),1.7379,8.1038,0.5703,0.0,619.3,9.816006999045856e-06
7050,1790265669.4451642,4A (Hard Routing),1.7482,8.0666,0.5546,1.088,241.8,9.814109604365878e-06
7075,1790265727.4998512,4A (Hard Routing),1.7157,8.0357,0.4871,0.0,228.3,9.812349688598789e-06
7100,1790265785.9223468,4A (Hard Routing),1.6384,8.0226,0.3726,0.979,92.7,9.810433935992734e-06
7125,1790265844.5023632,4A (Hard Routing),1.6447,8.0518,0.6204,0.0,478.4,9.808657080917299e-06
7150,1790265901.0103323,4A (Hard Routing),1.6107,8.039,0.5605,1.009,163.9,9.806722984436676e-06
7175,1790265963.9415708,4A (Hard Routing),1.6691,8.0287,0.2994,0.0,212.4,9.804929203085632e-06
7200,1790266018.6243443,4A (Hard Routing),1.537,7.9865,0.4337,0.753,112.9,9.802976776916493e-06
7225,1790266076.0963957,4A (Hard Routing),1.6611,8.0998,0.4298,0.0,466.7,9.801166082446723e-06
7250,1790266131.9176092,4A (Hard Routing),1.6716,8.0576,0.5193,1.158,146.5,9.799195340909569e-06
7275,1790266192.9892085,4A (Hard Routing),1.6946,8.0028,0.4713,0.0,178.5,9.797367746602006e-06
7300,1790266256.15568,4A (Hard Routing),1.5534,8.052,0.3655,0.707,172.1,9.795378704151675e-06
7325,1790266308.887247,4A (Hard Routing),1.5598,8.0575,0.4152,0.0,639.8,9.793534223411211e-06
7350,1790266366.7767096,4A (Hard Routing),1.6688,8.0008,0.466,1.0,124.4,9.791526894636767e-06
7375,1790266422.9211779,4A (Hard Routing),1.6364,8.0042,0.3783,0.0,125.1,9.789665540992152e-06
7400,1790266483.108592,4A (Hard Routing),1.5955,8.036,0.4976,0.845,119.3,9.787639940616789e-06
7425,1790266542.6825736,4A (Hard Routing),1.6709,8.043,0.5469,0.0,685.6,9.78576172772053e-06
7450,1790266596.1845493,4A (Hard Routing),1.6385,8.0202,0.4844,1.053,155.9,9.783717870601458e-06
7475,1790266652.5922434,4A (Hard Routing),1.5875,8.0436,0.5169,0.0,231.0,9.78182281222972e-06
7500,1790266713.2255313,4A (Hard Routing),1.7012,8.0576,0.3101,1.389,105.8,9.77976071335806e-06
7525,1790266769.8739254,4A (Hard Routing),1.6722,8.055,0.5703,0.0,653.6,9.77784882341056e-06
7550,1790266829.4678822,4A (Hard Routing),1.5773,8.0305,0.4948,0.872,278.9,9.775768497911226e-06
7575,1790266881.5445583,4A (Hard Routing),1.5349,8.0148,0.3915,0.0,124.5,9.773839790411146e-06
7600,1790266949.157041,4A (Hard Routing),1.5144,8.0978,0.3468,0.694,33.5,9.771741253542742e-06
7625,1790266995.9927366,4A (Hard Routing),1.7027,8.0487,0.4771,0.0,176.9,9.769795742636605e-06
7650,1790267050.9594965,4A (Hard Routing),1.6888,8.0278,0.4212,1.221,112.2,9.767679009791312e-06
7675,1790267115.6464865,4A (Hard Routing),1.5359,8.0258,0.3163,0.0,56.0,9.765716709748897e-06
7700,1790267169.4567752,4A (Hard Routing),1.582,8.0323,0.4487,0.703,88.7,9.763581796452353e-06
7725,1790267227.5272589,4A (Hard Routing),1.5603,8.034,0.5211,0.0,623.9,9.761602721666581e-06
7750,1790267284.6809444,4A (Hard Routing),1.6731,8.0062,0.4239,0.955,53.7,9.759449643577779e-06
7775,1790267341.876367,4A (Hard Routing),1.6162,8.0323,0.42,0.0,189.4,9.757453808564608e-06
7800,1790267402.204705,4A (Hard Routing),1.6203,8.0574,0.3908,0.867,121.9,9.755282581475769e-06
7825,1790267453.4240766,4A (Hard Routing),1.6703,8.0478,0.4919,0.0,67.0,9.753270000874087e-06
7850,1790267513.8440516,4A (Hard Routing),1.5629,8.009,0.5496,0.761,291.1,9.751080640710554e-06
7875,1790267566.6889873,4A (Hard Routing),1.674,8.0213,0.413,0.0,148.8,9.749051329282075e-06
7900,1790267629.0098374,4A (Hard Routing),1.5869,8.0302,0.3776,0.828,125.2,9.746843852102191e-06
7925,1790267689.557162,4A (Hard Routing),1.586,8.0315,0.2919,0.0,646.5,9.744797824731346e-06
7950,1790267737.6758683,4A (Hard Routing),1.6325,8.0529,0.554,1.454,129.6,9.742572246726336e-06
7975,1790267796.7869272,4A (Hard Routing),1.5848,8.0146,0.3574,0.0,236.4,9.74050951842016e-06
8000,1790267854.4287908,4A (Hard Routing),1.5809,8.0068,0.3825,0.698,115.2,9.738265855914014e-06
8025,1790267918.076474,4A (Hard Routing),1.7084,8.047,0.4845,0.0,645.0,9.736186441802043e-06
8050,1790267981.0609481,4A (Hard Routing),1.5867,8.055,0.5512,1.074,24.3,9.733924711251393e-06
8075,1790268033.5114458,4A (Hard Routing),1.4826,8.0044,0.342,0.0,280.3,9.731828626585544e-06
8100,1790268094.8668683,4A (Hard Routing),1.5944,8.1415,0.5332,0.94,74.8,9.729548844579552e-06
8125,1790268146.6733022,4A (Hard Routing),1.5687,8.0696,0.5052,0.0,687.7,9.727436104734017e-06
8150,1790268204.8552215,4A (Hard Routing),1.5246,8.0031,0.2912,0.925,162.0,9.725138287994246e-06
8175,1790268258.9147706,4A (Hard Routing),1.5068,8.0252,0.4523,0.0,226.9,9.72300890846538e-06
8200,1790268324.655356,4A (Hard Routing),1.5565,8.0307,0.3152,0.759,54.0,9.720693073845668e-06
8225,1790268377.3847206,4A (Hard Routing),1.5348,8.0725,0.4986,0.0,499.0,9.718547070251873e-06
8250,1790268432.963022,4A (Hard Routing),1.6479,8.0266,0.4124,0.949,197.7,9.716213234738216e-06
8275,1790268487.453941,4A (Hard Routing),1.5659,8.0105,0.5331,0.0,134.9,9.714050622819827e-06
8300,1790268544.6287494,4A (Hard Routing),1.5825,8.0032,0.3764,0.913,116.7,9.711698803530253e-06
8325,1790268601.2820382,4A (Hard Routing),1.5875,8.1066,0.3689,0.0,643.2,9.709519599149419e-06
8350,1790268659.3327754,4A (Hard Routing),1.4847,8.0187,0.3748,0.859,333.3,9.707149813333866e-06
8375,1790268719.7703838,4A (Hard Routing),1.5784,8.0382,0.5057,0.0,116.5,9.70495403247444e-06
8400,1790268782.0823689,4A (Hard Routing),1.5471,8.0489,0.4958,0.901,78.0,9.70256629751462e-06
8425,1790268830.8723135,4A (Hard Routing),1.5282,8.0969,0.5565,0.0,624.5,9.70035395628204e-06
8450,1790268890.3947663,4A (Hard Routing),1.6081,8.0348,0.4834,1.21,97.0,9.69794828969132e-06
8475,1790268950.5126693,4A (Hard Routing),1.6026,8.0242,0.458,0.0,221.2,9.695719404312485e-06
8500,1790269005.7786982,4A (Hard Routing),1.5993,8.029,0.4377,0.831,127.8,9.693295823735754e-06
8525,1790269061.9699895,4A (Hard Routing),1.5692,8.1151,0.3998,0.0,571.3,9.691050410558915e-06
8550,1790269118.6863647,4A (Hard Routing),1.5789,8.0314,0.5368,0.772,241.6,9.688608933772454e-06
8575,1790269173.477753,4A (Hard Routing),1.6015,8.0245,0.4577,0.0,292.2,9.686347009267087e-06
8600,1790269235.8836389,4A (Hard Routing),1.4665,8.0214,0.3743,0.972,140.3,9.683887654178446e-06
8625,1790269287.9734018,4A (Hard Routing),1.5,8.0365,0.3651,0.0,641.5,9.68160923493513e-06
8650,1790269345.2602346,4A (Hard Routing),1.4986,8.0179,0.3257,1.195,87.1,9.679132019582988e-06
8675,1790269402.8075407,4A (Hard Routing),1.6346,8.0327,0.4432,0.0,198.1,9.676837122313292e-06
8700,1790269461.683695,4A (Hard Routing),1.5534,8.033,0.3587,0.742,132.3,9.674342064867326e-06
8725,1790269521.625738,4A (Hard Routing),1.4872,8.0882,0.3539,0.0,645.4,9.672030706403674e-06
8750,1790269573.8765855,4A (Hard Routing),1.5591,8.0314,0.5085,1.212,108.9,9.669517825164435e-06
8775,1790269628.3023877,4A (Hard Routing),1.6578,8.0564,0.4774,0.0,186.6,9.667190022459994e-06
8800,1790269688.8627503,4A (Hard Routing),1.5286,8.0784,0.5148,0.838,119.8,9.664659335858755e-06
8825,1790269743.7718065,4A (Hard Routing),1.5192,8.0238,0.4026,0.0,655.3,9.662315105987307e-06
8850,1790269803.3812256,4A (Hard Routing),1.4417,8.0067,0.4079,0.96,140.9,9.659766632585946e-06
8875,1790269858.3180614,4A (Hard Routing),1.5166,8.0262,0.5041,0.0,148.1,9.657405992741758e-06
8900,1790269920.050655,4A (Hard Routing),1.4442,8.0898,0.3241,0.677,117.4,9.654839751232612e-06
8925,1790269970.0920658,4A (Hard Routing),1.5046,8.0507,0.3348,0.0,478.4,9.652462718730313e-06
8950,1790270032.6797142,4A (Hard Routing),1.5478,7.9998,0.3363,0.978,239.7,9.649878727936044e-06
8975,1790270086.003158,4A (Hard Routing),1.5672,8.0005,0.2493,0.0,247.9,9.647485320210502e-06
9000,1790270149.389366,4A (Hard Routing),1.6074,8.1,0.6002,1.418,171.0,9.644883599083959e-06
9025,1790270205.2928379,4A (Hard Routing),1.5003,8.0483,0.343,0.0,659.1,9.642473833690145e-06
9050,1790270266.0416856,4A (Hard Routing),1.5058,7.9999,0.2919,0.898,427.3,9.639854401314219e-06
9075,1790270316.5889328,4A (Hard Routing),1.5433,8.017,0.4349,0.0,571.8,9.63742829592709e-06
9100,1790270374.8366244,4A (Hard Routing),1.4962,8.0245,0.3468,0.829,101.6,9.634791171514585e-06
9125,1790270428.3134294,4A (Hard Routing),1.5749,8.0927,0.3833,0.0,625.9,9.632348743928938e-06
9150,1790270495.5094213,4A (Hard Routing),1.5495,8.0191,0.492,1.088,441.2,9.629693946822423e-06
9175,1790270550.413361,4A (Hard Routing),1.4443,8.0102,0.3195,0.0,191.7,9.627235214952783e-06
9200,1790270604.3724248,4A (Hard Routing),1.4854,8.0909,0.5727,0.943,110.1,9.624562764624445e-06
9225,1790270659.5344563,4A (Hard Routing),1.5405,8.0429,0.4377,0.0,639.4,9.62208774650492e-06
9250,1790270717.433326,4A (Hard Routing),1.5103,8.0294,0.4355,0.891,113.6,9.619397662556434e-06
9275,1790270777.9246852,4A (Hard Routing),1.5286,8.0343,0.4533,0.0,763.1,9.616906376340586e-06
9300,1790270839.3783963,4A (Hard Routing),1.4792,8.0204,0.444,0.756,51.1,9.614198678502965e-06
9325,1790270888.2009692,4A (Hard Routing),1.5442,8.0545,0.5223,0.0,669.0,9.611691142463681e-06
9350,1790270944.0673997,4A (Hard Routing),1.4311,8.0284,0.4185,1.008,190.4,9.608965850597125e-06
9375,1790270998.9973192,4A (Hard Routing),1.4594,8.0235,0.2945,0.0,155.1,9.606442083126477e-06
9400,1790271058.5277276,4A (Hard Routing),1.3962,8.0721,0.3535,0.648,100.5,9.603699217220239e-06
9425,1790271136.427054,4A (Hard Routing),1.4552,8.0512,0.2988,0.0,174.6,9.601159236829353e-06
9450,1790271190.4425764,4A (Hard Routing),1.5042,8.0151,0.4684,0.867,37.4,9.598398817001585e-06
9475,1790271243.8038285,4A (Hard Routing),1.4925,8.0279,0.3608,0.0,149.9,9.595842642320504e-06
9500,1790271297.4267707,4A (Hard Routing),1.4709,8.0166,0.2403,1.156,211.8,9.59306468881811e-06
9525,1790271354.4976983,4A (Hard Routing),1.4563,8.106,0.4168,0.0,133.1,9.590492338595658e-06
9550,1790271415.4173744,4A (Hard Routing),1.4638,8.034,0.4681,1.058,28.9,9.587696871794148e-06
9575,1790271464.3520348,4A (Hard Routing),1.457,8.0052,0.3731,0.0,115.6,9.585108364897793e-06
9600,1790271521.1795042,4A (Hard Routing),1.4884,8.041,0.3862,0.937,185.0,9.582295405301131e-06
9625,1790271575.2703464,4A (Hard Routing),1.4751,8.0723,0.4025,0.0,134.4,9.579690760716844e-06
9650,1790271631.741889,4A (Hard Routing),1.5057,8.034,0.5507,1.257,122.1,9.576860328957299e-06
9675,1790271693.8961692,4A (Hard Routing),1.4517,8.0531,0.3982,0.0,39.2,9.574239565789417e-06
9700,1790271745.2678745,4A (Hard Routing),1.4449,8.0348,0.3613,0.699,307.7,9.571391682627413e-06
9725,1790271800.3704088,4A (Hard Routing),1.4452,8.0645,0.3078,0.0,110.6,9.568754820098499e-06
9750,1790271852.9284327,4A (Hard Routing),1.4664,8.061,0.4916,1.277,109.0,9.565889506422457e-06
9775,1790271909.6669197,4A (Hard Routing),1.5307,8.012,0.3798,0.0,179.1,9.563236563873155e-06
9800,1790271964.1431785,4A (Hard Routing),1.4407,8.0118,0.298,0.787,284.4,9.56035384069935e-06
9825,1790272019.898319,4A (Hard Routing),1.4132,8.0765,0.4551,0.0,36.7,9.557684837588253e-06
9850,1790272074.6827395,4A (Hard Routing),1.4621,8.0177,0.5411,0.866,127.7,9.554784726060647e-06
9875,1790272127.234755,4A (Hard Routing),1.5227,8.0402,0.3602,0.0,179.1,9.552099681964142e-06
9900,1790272181.2709305,4A (Hard Routing),1.5021,8.0616,0.3662,0.889,195.0,9.549182203354241e-06
9925,1790272236.3870628,4A (Hard Routing),1.5466,8.0662,0.3057,0.0,137.1,9.546481137966374e-06
9950,1790272290.8309932,4A (Hard Routing),1.6295,8.0103,0.6048,1.362,126.1,9.543546313673065e-06
9975,1790272348.8784802,4A (Hard Routing),1.3787,8.0488,0.3872,0.0,196.0,9.54082924680539e-06
10000,1790272403.7448761,4A (Hard Routing),1.4735,8.0485,0.3644,0.735,85.3,9.537877098354787e-06
10025,1790272467.2796447,4A (Hard Routing),1.4521,8.0494,0.2548,0.0,168.9,9.535144049936228e-06
10050,1790272522.087114,4A (Hard Routing),1.5401,8.0222,0.6044,1.62,142.1,9.532174598981507e-06
10075,1790272574.4763181,4A (Hard Routing),1.4974,8.0273,0.3124,0.0,150.9,9.529425589058208e-06
10100,1790272633.0010867,4A (Hard Routing),1.4377,8.0787,0.3219,1.02,201.6,9.526438857379463e-06
10125,1790272684.8325946,4A (Hard Routing),1.4934,8.1317,0.5515,0.0,155.7,9.52367390611464e-06
10150,1790272739.1351447,4A (Hard Routing),1.4561,8.0251,0.4758,1.207,114.9,9.520669915618708e-06
10175,1790272793.4601953,4A (Hard Routing),1.3512,8.0142,0.3241,0.0,149.4,9.517889043292502e-06
10200,1790272856.61864,4A (Hard Routing),1.4509,8.3575,0.4382,0.957,60.8,9.514867816012809e-06
10225,1790272907.5851855,4A (Hard Routing),1.5251,8.0673,0.398,0.0,732.2,9.512071043022139e-06
10250,1790272958.3211374,4A (Hard Routing),1.4854,8.0461,0.3798,1.007,106.7,9.509032601118541e-06
10275,1790273015.2963784,4A (Hard Routing),1.4396,8.0139,0.3017,0.0,142.0,9.506219947976951e-06
10300,1790273069.5810788,4A (Hard Routing),1.3717,8.0276,0.315,0.783,151.4,9.503164313735566e-06
10325,1790273123.4979236,4A (Hard Routing),1.5533,8.0661,0.4903,0.0,715.8,9.500335801073077e-06
10350,1790273180.189041,4A (Hard Routing),1.4197,8.003,0.2431,0.907,220.8,9.497262996906126e-06
10375,1790273232.5171525,4A (Hard Routing),1.4141,8.0362,0.3647,0.0,147.1,9.494418645469085e-06
10400,1790273286.0532777,4A (Hard Routing),1.4004,8.0223,0.3507,0.659,166.8,9.491328693914723e-06
10425,1790273339.6495254,4A (Hard Routing),1.4044,8.0901,0.4375,0.0,740.0,9.48846852456565e-06
10450,1790273393.3009984,4A (Hard Routing),1.4391,8.023,0.4925,1.006,163.5,9.485361448287804e-06
10475,1790273453.7334619,4A (Hard Routing),1.3862,8.0451,0.3221,0.0,168.7,9.482485482005239e-06
10500,1790273505.3631074,4A (Hard Routing),1.5367,8.0453,0.3525,0.705,175.9,9.479361303793441e-06
10525,1790273558.2205253,4B (Dynamic MoE),1.7051,8.0377,0.3541,0.0,649.9,9.476469561671788e-06
10550,1790273609.9628103,4B (Dynamic MoE),1.491,8.0197,0.513,1.131,144.3,9.47332830444101e-06
10575,1790273666.6524,4B (Dynamic MoE),1.4993,8.0324,0.3595,0.0,172.8,9.470420807690388e-06
10600,1790273725.8200154,4B (Dynamic MoE),1.4393,8.026,0.339,0.822,221.1,9.46726249448087e-06
10625,1790273777.0954118,4B (Dynamic MoE),1.6331,8.0823,0.4662,0.0,677.3,9.464339264426949e-06
10650,1790273829.7309906,4B (Dynamic MoE),1.4673,8.045,0.3543,0.869,151.1,9.46116391840403e-06
10675,1790273883.3401961,4B (Dynamic MoE),1.4012,8.0315,0.3437,0.0,155.9,9.458224976487887e-06
10700,1790273942.6977174,4B (Dynamic MoE),1.5127,8.038,0.3047,0.885,162.7,9.45503262094184e-06
10725,1790273996.9115632,4B (Dynamic MoE),1.5084,8.0802,0.4995,0.0,672.3,9.452077988719785e-06
10750,1790274047.3084576,4B (Dynamic MoE),1.5122,8.0684,0.4569,1.103,257.4,9.448868647065644e-06
10775,1790274127.7420933,4B (Dynamic MoE),1.4421,8.0303,0.5436,0.0,367.5,9.445898346209074e-06
10800,1790274178.544505,4B (Dynamic MoE),1.5082,8.0212,0.2952,0.826,130.0,9.442672041986456e-06
10825,1790274233.6600802,4B (Dynamic MoE),1.4705,8.066,0.5216,0.0,420.1,9.4396860942817e-06
10850,1790274290.3851461,4B (Dynamic MoE),1.4024,8.0111,0.4164,0.946,109.6,9.436442851154642e-06
10875,1790274343.953072,4B (Dynamic MoE),1.4064,8.0297,0.3545,0.0,320.4,9.433441278502784e-06
10900,1790274400.6017861,4B (Dynamic MoE),1.4469,8.0198,0.3241,0.756,138.8,9.430181120259566e-06
10925,1790274453.6450467,4B (Dynamic MoE),1.4637,8.0299,0.3288,0.0,459.4,9.427163944676299e-06
10950,1790274508.3145783,4B (Dynamic MoE),1.479,8.0446,0.4999,1.035,181.3,9.423886895229266e-06
10975,1790274563.447396,4B (Dynamic MoE),1.451,8.0339,0.3855,0.0,225.0,9.420854138844727e-06
11000,1790274618.721821,4B (Dynamic MoE),1.406,8.0455,0.3047,0.751,108.7,9.417560222230115e-06
11025,1790274680.8365026,4B (Dynamic MoE),1.4125,8.0844,0.3366,0.0,436.4,9.41451190728872e-06
11050,1790274734.0068853,4B (Dynamic MoE),1.4348,8.0211,0.4498,1.014,279.4,9.411201147666486e-06
11075,1790274790.3263633,4B (Dynamic MoE),1.3646,8.0407,0.3839,0.0,287.1,9.408137296526772e-06
11100,1790274851.6770406,4B (Dynamic MoE),1.3781,8.0565,0.309,0.9,123.0,9.404809718180408e-06
11125,1790274902.8510473,4B (Dynamic MoE),1.429,8.079,0.3533,0.0,447.8,9.40173035331486e-06
11150,1790274956.0528388,4B (Dynamic MoE),1.5141,8.0196,0.3803,1.633,193.9,9.39838598065122e-06
11175,1790275009.4726846,4B (Dynamic MoE),1.4764,8.035,0.3992,0.0,307.4,9.395291124646116e-06
11200,1790275065.643444,4B (Dynamic MoE),1.5607,8.0578,0.6283,1.526,121.5,9.391929982195233e-06
11225,1790275123.8186858,4B (Dynamic MoE),1.3935,8.0554,0.4385,0.0,276.9,9.388819657750475e-06
11250,1790275172.1599853,4B (Dynamic MoE),1.4377,8.0095,0.281,1.019,269.1,9.385441770165385e-06
11275,1790275233.5375447,4B (Dynamic MoE),1.4736,8.0467,0.426,0.0,404.1,9.38231600009433e-06
11300,1790275283.5042799,4B (Dynamic MoE),1.3797,8.0382,0.3505,0.701,144.9,9.378921392150893e-06
11325,1790275340.4453344,4B (Dynamic MoE),1.3982,8.0618,0.3564,0.0,463.7,9.375780199380185e-06
11350,1790275397.5728862,4B (Dynamic MoE),1.4436,8.0178,0.3579,0.849,32.9,9.372368895976896e-06
11375,1790275446.5783892,4B (Dynamic MoE),1.4213,8.0442,0.3457,0.0,293.7,9.369212303546304e-06
11400,1790275504.5814776,4B (Dynamic MoE),1.4145,8.0393,0.4354,0.774,106.5,9.365784329704114e-06
11425,1790275555.205746,4B (Dynamic MoE),1.5184,8.0668,0.5008,0.0,279.5,9.362612360766359e-06
11450,1790275611.814839,4B (Dynamic MoE),1.4349,8.0245,0.1812,1.151,174.2,9.3591677416285e-06
11475,1790275666.2554326,4B (Dynamic MoE),1.3783,8.0228,0.405,0.0,298.7,9.35598041944908e-06
11500,1790275725.2092628,4B (Dynamic MoE),1.3981,8.0338,0.4593,1.015,143.1,9.352519180280862e-06
11525,1790275779.414881,4B (Dynamic MoE),1.4506,8.084,0.4004,0.0,432.6,9.349316528237892e-06
11550,1790275831.239258,4B (Dynamic MoE),1.4929,8.0102,0.3125,0.925,190.2,9.345838694426535e-06
11575,1790275886.4003737,4B (Dynamic MoE),1.5216,8.0416,0.473,0.0,307.3,9.342620736010571e-06
11600,1790275940.6267853,4B (Dynamic MoE),1.4013,8.0447,0.4119,0.821,126.7,9.339126333065008e-06
11625,1790275994.6255682,4B (Dynamic MoE),1.4265,8.0341,0.3173,0.0,472.1,9.33589309187887e-06
11650,1790276048.8810189,4B (Dynamic MoE),1.4188,8.0173,0.362,1.044,178.5,9.332382145429568e-06
11675,1790276101.630934,4B (Dynamic MoE),1.4468,8.02,0.308,0.0,127.5,9.329133645188176e-06
11700,1790276164.5623236,4B (Dynamic MoE),1.3638,8.0503,0.3891,0.858,52.7,9.325606180986938e-06
11725,1790276214.1660402,4B (Dynamic MoE),1.4114,8.0786,0.4203,0.0,480.0,9.322342445517128e-06
11750,1790276268.711888,4B (Dynamic MoE),1.4915,8.0049,0.4277,1.161,178.2,9.318798489436917e-06
11775,1790276328.0114567,4B (Dynamic MoE),1.5563,8.0454,0.5137,0.0,294.9,9.31551954267727e-06
11800,1790276378.1060715,4B (Dynamic MoE),1.4244,8.0465,0.2676,0.719,133.0,9.311959120712012e-06
11825,1790276435.9746215,4B (Dynamic MoE),1.4212,8.0639,0.4641,0.0,421.1,9.308664986712683e-06
11850,1790276487.1409135,4B (Dynamic MoE),1.4581,8.0238,0.3405,0.858,189.3,9.30508812497707e-06
11875,1790276540.4898908,4B (Dynamic MoE),1.4418,8.0215,0.362,0.0,289.4,9.301778827899607e-06
11900,1790276600.1632755,4B (Dynamic MoE),1.3983,8.0468,0.4353,0.851,143.2,9.298185552628917e-06
11925,1790276655.461621,4B (Dynamic MoE),1.4624,8.075,0.4127,0.0,463.1,9.29486111674609e-06
11950,1790276707.026154,4B (Dynamic MoE),1.5411,8.0075,0.4249,1.153,276.0,9.291251454295989e-06
11975,1790276760.3863955,4B (Dynamic MoE),1.4822,8.0201,0.4212,0.0,206.4,9.287911903991598e-06
12000,1790276818.496953,4B (Dynamic MoE),1.416,8.0538,0.5528,0.878,132.8,9.284285880837947e-06
12025,1790276878.9653976,4B (Dynamic MoE),1.4234,8.0252,0.3362,0.0,390.4,9.280931240606657e-06
12050,1790276924.3529637,4B (Dynamic MoE),1.4788,8.0459,0.3199,0.89,125.3,9.277288883345318e-06
12075,1790276970.5269005,4B (Dynamic MoE),1.3772,8.0317,0.3768,0.0,445.4,9.273919177792475e-06
12100,1790277017.1926506,4B (Dynamic MoE),1.4143,8.0135,0.3284,0.961,177.1,9.270260513139116e-06
12125,1790277062.551738,4B (Dynamic MoE),1.3894,8.018,0.3557,0.0,368.7,9.266875766980562e-06
12150,1790277111.0076325,4B (Dynamic MoE),1.4263,8.0263,0.2757,0.806,102.7,9.263200821770462e-06
12175,1790277162.4251611,4B (Dynamic MoE),1.3306,8.0461,0.1297,0.0,305.5,9.259801059832363e-06
12200,1790277225.758485,4B (Dynamic MoE),1.2964,8.0159,0.3633,1.082,191.7,9.256109861020213e-06
12225,1790277272.1382048,4B (Dynamic MoE),1.2581,8.0343,0.3798,0.0,338.5,9.252695108238868e-06
12250,1790277321.1764953,4B (Dynamic MoE),1.3593,8.0402,0.4229,0.958,135.5,9.248987682898576e-06
12275,1790277368.6017423,4B (Dynamic MoE),1.3903,8.0228,0.3312,0.0,443.5,9.245557964320235e-06
12300,1790277417.7080805,4B (Dynamic MoE),1.4936,8.0175,0.3813,1.138,189.4,9.241834339644726e-06
12325,1790277469.0266623,4B (Dynamic MoE),1.3979,8.0171,0.4212,0.0,373.3,9.238389680425417e-06
12350,1790277523.3268816,4B (Dynamic MoE),1.384,8.008,0.385,0.777,127.0,9.234649883726432e-06
12375,1790277568.7652476,4B (Dynamic MoE),1.3517,8.0261,0.2964,0.0,275.9,9.23119030913176e-06
12400,1790277613.294726,4B (Dynamic MoE),1.4474,8.0133,0.3825,0.89,312.7,9.22743436783966e-06
12425,1790277664.8840153,4B (Dynamic MoE),1.3865,8.0342,0.3864,0.0,286.7,9.223959903244637e-06
12450,1790277714.4714444,4B (Dynamic MoE),1.3411,8.0334,0.3386,0.743,132.3,9.220187844908194e-06
12475,1790277759.0600607,4B (Dynamic MoE),1.4968,8.0321,0.5411,0.0,254.1,9.21669851579704e-06
12500,1790277809.0471823,4B (Dynamic MoE),1.4694,8.0289,0.4152,1.011,143.2,9.212910368083246e-06
12525,1790277854.2297876,4B (Dynamic MoE),1.4367,8.0815,0.5349,0.0,369.4,9.209406200049214e-06
12550,1790277907.9604774,4B (Dynamic MoE),1.4279,8.0158,0.3003,0.699,129.4,9.205601990743068e-06
12575,1790277954.0691931,4B (Dynamic MoE),1.4853,8.101,0.4522,0.0,426.1,9.202083009488243e-06
12600,1790278000.7025335,4B (Dynamic MoE),1.4039,8.0297,0.4296,1.007,239.7,9.198262766492554e-06
12625,1790278048.4091208,4B (Dynamic MoE),1.2456,8.0613,0.3089,0.0,305.2,9.194728997827679e-06
12650,1790278099.5673542,4B (Dynamic MoE),1.3596,8.0205,0.2877,0.817,106.3,9.190892749162854e-06
12675,1790278141.86615,4B (Dynamic MoE),1.4699,8.0292,0.2061,0.0,470.9,9.187344219007131e-06
12700,1790278193.8838751,4B (Dynamic MoE),1.4097,8.0087,0.3754,0.973,186.4,9.18349199281098e-06
12725,1790278239.412545,4B (Dynamic MoE),1.3968,8.0455,0.2737,0.0,342.0,9.179928727191878e-06
12750,1790278298.253448,4B (Dynamic MoE),1.3645,8.0265,0.2968,0.78,103.9,9.176060551719402e-06
12775,1790278348.1902094,4B (Dynamic MoE),1.441,8.0399,0.4036,0.0,427.0,9.172482576772476e-06
12800,1790278393.22038,4B (Dynamic MoE),1.3781,8.0076,0.4569,0.941,146.6,9.168598480395653e-06
12825,1790278443.6618237,4B (Dynamic MoE),1.5252,8.0227,0.2815,0.0,362.8,9.165005822364346e-06
12850,1790278493.032449,4B (Dynamic MoE),1.3262,8.0546,0.3725,0.814,105.9,9.16110583357193e-06
12875,1790278540.3026712,4B (Dynamic MoE),1.3362,8.0857,0.3715,0.0,413.0,9.157498518807382e-06
12900,1790278594.115252,4B (Dynamic MoE),1.384,8.0095,0.2954,0.841,192.2,9.153582666204702e-06
12925,1790278644.6594033,4B (Dynamic MoE),1.3594,8.0107,0.2973,0.0,283.7,9.14996072116555e-06
12950,1790278696.5521123,4B (Dynamic MoE),1.4059,8.0506,0.4308,0.907,97.8,9.146029033474284e-06
12975,1790278745.0079868,4B (Dynamic MoE),1.3745,8.0443,0.3185,0.0,446.5,9.142392484726482e-06
13000,1790278795.7333324,4B (Dynamic MoE),1.2986,8.0426,0.2996,1.05,136.3,9.138444990784455e-06
13025,1790278853.2343862,4B (Dynamic MoE),1.3632,8.0541,0.3176,0.0,281.7,9.134793865001064e-06
13050,1790278905.3416188,4B (Dynamic MoE),1.3345,8.0259,0.2838,0.755,130.8,9.130830593762037e-06
13075,1790278950.019695,4B (Dynamic MoE),1.5965,8.0731,0.4582,0.0,465.8,9.127164917723044e-06
13100,1790279003.395328,4B (Dynamic MoE),1.459,8.0209,0.3971,0.908,136.4,9.123185898256497e-06
13125,1790279052.0124788,4B (Dynamic MoE),1.3972,8.0211,0.263,0.0,382.0,9.119505698848606e-06
13150,1790279103.9837239,4B (Dynamic MoE),1.2828,8.048,0.2565,0.928,110.0,9.115510960339533e-06
13175,1790279153.4512045,4B (Dynamic MoE),1.4989,8.0442,0.3679,0.0,397.8,9.111816264555972e-06
13200,1790279200.9666681,4B (Dynamic MoE),1.4322,8.0189,0.4345,0.966,106.0,9.107805836304658e-06
13225,1790279256.545595,4B (Dynamic MoE),1.355,8.0464,0.3378,0.0,353.0,9.104096671244987e-06
13250,1790279312.3102252,4B (Dynamic MoE),1.3788,8.0303,0.3675,0.872,100.1,9.100070582666796e-06
13275,1790279358.4179103,4B (Dynamic MoE),1.2669,8.0703,0.2794,0.0,107.3,9.096346975536696e-06
13300,1790279406.5199106,4B (Dynamic MoE),1.2943,8.0176,0.4749,0.895,184.8,9.09230525616186e-06
13325,1790279461.4739084,4B (Dynamic MoE),1.3329,8.0641,0.4551,0.0,303.2,9.088567234272946e-06
13350,1790279523.1114957,4B (Dynamic MoE),1.266,8.0146,0.2697,0.64,119.0,9.084509913746342e-06
13375,1790279572.460081,4B (Dynamic MoE),1.4466,8.0348,0.5017,0.0,385.2,9.080757504515956e-06
13400,1790279620.5593514,4B (Dynamic MoE),1.4579,8.0242,0.3663,1.005,189.8,9.076684612596891e-06
13425,1790279673.4591863,4B (Dynamic MoE),1.425,8.0229,0.4111,0.0,274.7,9.0729178435479e-06
13450,1790279729.643074,4B (Dynamic MoE),1.3973,8.007,0.3404,0.821,98.3,9.068829410109893e-06
13475,1790279785.8313525,4B (Dynamic MoE),1.2964,8.0416,0.2204,0.0,468.1,9.065048308870491e-06
13500,1790279834.1159284,4B (Dynamic MoE),1.3743,8.0225,0.3173,0.953,199.2,9.060944363901057e-06
13525,1790279887.846488,4B (Dynamic MoE),1.3402,8.0439,0.4023,0.0,294.8,9.057148958204563e-06
13550,1790279942.8266795,4B (Dynamic MoE),1.3956,8.0642,0.3506,1.068,125.1,9.05302953180498e-06
13575,1790279994.4016302,4B (Dynamic MoE),1.3895,8.035,0.5098,0.0,462.3,9.049219849489627e-06
13600,1790280044.5230663,4B (Dynamic MoE),1.3693,8.0045,0.3562,1.167,180.9,9.045084971874738e-06
13625,1790280099.0424285,4B (Dynamic MoE),1.3781,8.0886,0.3914,0.0,305.8,9.041261040883478e-06
13650,1790280157.2986698,4B (Dynamic MoE),1.3163,8.0714,0.3572,0.979,132.0,9.037110742381447e-06
13675,1790280204.3844495,4B (Dynamic MoE),1.4131,8.0433,0.5513,0.0,439.5,9.033272590761739e-06
13700,1790280266.7913918,4B (Dynamic MoE),1.353,8.0441,0.3607,1.142,193.5,9.02910690181384e-06
13725,1790280318.1409185,4B (Dynamic MoE),1.432,8.0463,0.4707,0.0,289.2,9.025254557717454e-06
13750,1790280371.2272816,4B (Dynamic MoE),1.3589,8.0228,0.2777,0.789,115.0,9.021073508877845e-06
13775,1790280424.0581336,4B (Dynamic MoE),1.3191,8.0479,0.4256,0.0,104.1,9.017207000560639e-06
13800,1790280474.296334,4B (Dynamic MoE),1.2898,8.0281,0.4348,0.909,122.4,9.013010622496145e-06
13825,1790280534.5812986,4B (Dynamic MoE),1.5073,8.04,0.5674,0.0,369.0,9.009129978317873e-06
13850,1790280588.962536,4B (Dynamic MoE),1.3268,8.0644,0.3067,0.679,66.8,9.004918301807746e-06
13875,1790280636.3878713,4B (Dynamic MoE),1.3992,8.1066,0.5023,0.0,485.4,9.001023550231844e-06
13900,1790280695.316755,4B (Dynamic MoE),1.4457,8.0116,0.4009,1.078,29.0,8.996796606167549e-06
13925,1790280742.6285615,4B (Dynamic MoE),1.2728,8.0502,0.3131,0.0,292.0,8.992887775760928e-06
13950,1790280808.729817,4B (Dynamic MoE),1.275,8.057,0.2274,0.703,134.8,8.988645595145913e-06
13975,1790280858.975025,4B (Dynamic MoE),1.3791,8.0737,0.3917,0.0,410.4,8.984722714578747e-06
14000,1790280911.753265,4B (Dynamic MoE),1.3551,8.015,0.3898,1.211,190.8,8.98046532852822e-06
14025,1790280969.3740823,4B (Dynamic MoE),1.3874,8.0567,0.42,0.0,278.1,8.976528426573733e-06
14050,1790281024.948338,4B (Dynamic MoE),1.3204,8.041,0.2893,0.849,81.3,8.972255866314425e-06
14075,1790281081.375987,4B (Dynamic MoE),1.3268,8.0549,0.5191,0.0,429.2,8.968304971848693e-06
14100,1790281131.5804994,4B (Dynamic MoE),1.3269,8.0203,0.477,1.001,89.1,8.964017268718632e-06
14125,1790281188.2773707,4B (Dynamic MoE),1.2661,8.0322,0.4876,0.0,344.6,8.960052410720355e-06
14150,1790281243.4591484,4B (Dynamic MoE),1.3371,8.0265,0.3842,0.86,143.6,8.95574959616864e-06
14175,1790281298.5159936,4B (Dynamic MoE),1.4353,8.0741,0.4949,0.0,397.9,8.95177080371894e-06
14200,1790281352.7161057,4B (Dynamic MoE),1.3657,8.0094,0.2466,1.157,186.1,8.94745290930551e-06
14225,1790281406.1565745,4B (Dynamic MoE),1.4,8.0297,0.3085,0.0,261.5,8.943460211587711e-06
14250,1790281466.7712665,4B (Dynamic MoE),1.307,8.0786,0.3716,0.818,79.6,8.93912726898311e-06
14275,1790281520.9318218,4B (Dynamic MoE),1.3325,8.0516,0.3491,0.0,467.4,8.93512069528253e-06
14300,1790281572.7877455,4B (Dynamic MoE),1.2633,8.0245,0.4173,0.935,194.4,8.930772736267675e-06
14325,1790281630.676083,4B (Dynamic MoE),1.3208,8.0417,0.3089,0.0,385.1,8.926752315971407e-06
14350,1790281684.2173953,4B (Dynamic MoE),1.3384,8.0991,0.3598,0.919,131.7,8.922389372437357e-06
14375,1790281739.8283668,4B (Dynamic MoE),1.2804,8.0679,0.5857,0.0,460.2,8.91835513503406e-06
14400,1790281793.1645288,4B (Dynamic MoE),1.3209,8.0239,0.3195,1.054,284.3,8.91397723898178e-06
14425,1790281850.4264698,4B (Dynamic MoE),1.3353,8.0203,0.4124,0.0,367.7,8.909929214061448e-06
14450,1790281907.5033016,4B (Dynamic MoE),1.3102,8.0267,0.2974,0.601,138.1,8.90553639760158e-06
14475,1790281959.3764086,4B (Dynamic MoE),1.3399,8.0097,0.5292,0.0,436.1,8.901474614855341e-06
14500,1790282014.0186064,4B (Dynamic MoE),1.326,8.013,0.3278,0.995,147.5,8.897066910207958e-06
14525,1790282067.6555824,4B (Dynamic MoE),1.4213,8.0141,0.3671,0.0,197.6,8.89299139942785e-06
14550,1790282130.782956,4B (Dynamic MoE),1.286,8.0164,0.2478,0.812,102.9,8.888568838922231e-06
14575,1790282185.1020422,4B (Dynamic MoE),1.3055,8.0312,0.3902,0.0,459.1,8.884479630000982e-06
14600,1790282236.1774032,4B (Dynamic MoE),1.3246,8.015,0.3363,0.94,116.2,8.880042246075366e-06
14625,1790282294.4836526,4B (Dynamic MoE),1.405,8.0481,0.2903,0.0,385.5,8.875939369006174e-06
14650,1790282351.1643684,4B (Dynamic MoE),1.2525,8.0369,0.3419,0.806,111.6,8.871487194207527e-06
14675,1790282409.511486,4B (Dynamic MoE),1.3104,8.0295,0.4197,0.0,465.5,8.867370679083844e-06
14700,1790282466.5442882,4B (Dynamic MoE),1.3529,8.0151,0.3374,1.16,294.8,8.862903746067619e-06
14725,1790282520.5923095,4B (Dynamic MoE),1.2596,8.0238,0.225,0.0,378.0,8.858773623082928e-06
14750,1790282579.3648467,4B (Dynamic MoE),1.242,8.0319,0.258,0.821,137.0,8.854291964612824e-06
14775,1790282630.3604019,4B (Dynamic MoE),1.3382,8.0316,0.316,0.0,457.4,8.85014826406042e-06
14800,1790282689.1515806,4B (Dynamic MoE),1.2779,8.0211,0.4527,1.056,177.5,8.845651913008145e-06
14825,1790282748.6253514,4B (Dynamic MoE),1.3322,8.0345,0.261,0.0,265.0,8.841494665280907e-06
14850,1790282804.4007478,4B (Dynamic MoE),1.3474,8.0239,0.4796,0.817,118.9,8.836983654625934e-06
14875,1790282858.4085646,4B (Dynamic MoE),1.2648,8.0667,0.3417,0.0,433.6,8.832812890216109e-06
14900,1790282931.784551,4B (Dynamic MoE),1.353,8.0605,0.5759,1.112,182.7,8.828287253045436e-06
14925,1790282983.4736533,4B (Dynamic MoE),1.3492,8.009,0.3596,0.0,304.5,8.824103002544408e-06
14950,1790283042.1818469,4B (Dynamic MoE),1.2636,8.0248,0.2708,1.083,94.2,8.819562772052312e-06
14975,1790283095.6553624,4B (Dynamic MoE),1.3388,8.0298,0.4859,0.0,241.7,8.815365066150386e-06
15000,1790283149.8628926,4B (Dynamic MoE),1.2967,8.031,0.3585,0.881,188.3,8.810810275638183e-06
15025,1790283210.509262,4B (Dynamic MoE),1.2515,8.0703,0.3198,0.0,359.2,8.806599145124354e-06
15050,1790283268.7443583,4B (Dynamic MoE),1.2928,8.0312,0.2251,0.685,121.4,8.802029828000157e-06
15075,1790283328.7485313,4B (Dynamic MoE),1.3317,8.1021,0.4675,0.0,444.9,8.797805303761884e-06
15100,1790283379.0506165,4B (Dynamic MoE),1.3098,8.0298,0.2702,0.895,182.5,8.793221493540347e-06
15125,1790283441.3373206,4B (Dynamic MoE),1.3436,8.0274,0.2664,0.0,45.8,8.788983606563331e-06
15150,1790283494.815621,4B (Dynamic MoE),1.3564,8.023,0.2355,0.869,94.5,8.784385336865419e-06
15175,1790283547.4823732,4B (Dynamic MoE),1.3961,8.0407,0.3975,0.0,411.5,8.780134118233372e-06
15200,1790283607.9363084,4B (Dynamic MoE),1.3402,8.0285,0.3929,0.809,189.2,8.775521422786104e-06
15225,1790283662.2154446,4B (Dynamic MoE),1.2761,8.019,0.3788,0.0,133.4,8.77125690368052e-06
15250,1790283722.3184457,4B (Dynamic MoE),1.2588,8.0426,0.2202,0.661,104.5,8.766629816316722e-06
15275,1790283773.8331256,4B (Dynamic MoE),1.2543,8.0689,0.1751,0.0,444.9,8.762352028016651e-06
15300,1790283830.9205074,4B (Dynamic MoE),1.3304,8.0216,0.4303,0.938,180.8,8.757710582674708e-06
15325,1790283887.6826148,4B (Dynamic MoE),1.2354,8.028,0.2793,0.0,297.3,8.753419556556529e-06
15350,1790283942.4558263,4B (Dynamic MoE),1.2307,8.0841,0.4161,0.697,116.9,8.748763787280142e-06
15375,1790283998.0528822,4B (Dynamic MoE),1.2941,8.0196,0.443,0.0,449.0,8.744459554817326e-06
15400,1790284051.566643,4B (Dynamic MoE),1.302,8.023,0.3458,1.1,128.0,8.739789495755254e-06
15425,1790284112.7769842,4B (Dynamic MoE),1.2252,8.0421,0.315,0.0,386.6,8.73547208851814e-06
15450,1790284172.5769548,4B (Dynamic MoE),1.3925,8.0449,0.3701,0.989,128.1,8.730787773923957e-06
15475,1790284225.9579766,4B (Dynamic MoE),1.3075,8.0175,0.357,0.0,420.9,8.726457223579513e-06
15500,1790284282.9872441,4B (Dynamic MoE),1.3543,8.0273,0.4049,1.194,71.7,8.721758687811353e-06
15525,1790284335.8627062,4B (Dynamic MoE),1.2914,8.0211,0.264,0.0,278.6,8.71741502612295e-06
15550,1790284394.4635077,4B (Dynamic MoE),1.2939,8.0461,0.2716,0.87,132.2,8.712702303643254e-06
15575,1790284453.4345956,4B (Dynamic MoE),1.3629,8.0381,0.4412,0.0,464.9,8.708345562470434e-06
15600,1790284503.4756482,4B (Dynamic MoE),1.283,8.0239,0.2248,0.91,188.2,8.703618687845697e-06
15625,1790284561.6374092,4B (Dynamic MoE),1.2693,8.0418,0.2894,0.0,333.1,8.699248899143933e-06
15650,1790284625.3617094,4B (Dynamic MoE),1.2286,8.0492,0.3028,0.827,43.7,8.694507907044454e-06
15675,1790284676.4598527,4B (Dynamic MoE),1.2729,8.0313,0.3239,0.0,229.1,8.69012510286492e-06
15700,1790284734.7957616,4B (Dynamic MoE),1.359,8.0297,0.3798,1.08,184.9,8.685370028064546e-06
15725,1790284790.3286343,4B (Dynamic MoE),1.3164,8.0395,0.4586,0.0,326.4,8.680974240553882e-06
15750,1790284847.4977365,4B (Dynamic MoE),1.2871,8.0428,0.2638,0.734,105.2,8.676205117929752e-06
15775,1790284899.39888,4B (Dynamic MoE),1.3691,8.0268,0.5185,0.0,450.8,8.671796379329822e-06
15800,1790284954.9892313,4B (Dynamic MoE),1.24,8.0246,0.418,0.778,188.3,8.667013243862113e-06
15825,1790285014.7069945,4B (Dynamic MoE),1.1559,8.0234,0.2324,0.0,271.8,8.662591586509778e-06
15850,1790285069.657744,4B (Dynamic MoE),1.2218,8.0729,0.332,0.717,108.4,8.657794473281447e-06
15875,1790285125.9851403,4B (Dynamic MoE),1.3433,8.0294,0.3695,0.0,267.2,8.653359929608328e-06
15900,1790285181.3094895,4B (Dynamic MoE),1.2285,8.032,0.3626,1.258,190.6,8.64854887380485e-06
15925,1790285237.5538049,4B (Dynamic MoE),1.2417,8.0516,0.3517,0.0,387.6,8.644101476337074e-06
15950,1790285298.5763283,4B (Dynamic MoE),1.2429,8.0239,0.3181,0.694,120.2,8.639276513246197e-06
15975,1790285347.8786538,4B (Dynamic MoE),1.277,8.0504,0.417,0.0,412.0,8.634816294604181e-06
16000,1790285404.7067792,4B (Dynamic MoE),1.2845,8.0311,0.4254,1.594,184.2,8.629977459615655e-06
16025,1790285465.471965,4B (Dynamic MoE),1.2862,8.0328,0.3095,0.0,288.5,8.625504452513847e-06
16050,1790285527.1791093,4B (Dynamic MoE),1.3597,8.0282,0.3182,0.809,133.7,8.620651781119169e-06
16075,1790285581.2866604,4B (Dynamic MoE),1.2584,8.0273,0.2759,0.0,425.7,8.616166018365822e-06
16100,1790285640.3463912,4B (Dynamic MoE),1.2559,8.0444,0.3266,0.895,187.9,8.611299546157973e-06
16125,1790285696.6816387,4B (Dynamic MoE),1.2028,8.0375,0.3027,0.0,281.9,8.606801060654899e-06
16150,1790285755.518035,4B (Dynamic MoE),1.2674,8.0262,0.2706,0.875,104.1,8.601920823328088e-06
16175,1790285805.980918,4B (Dynamic MoE),1.2912,8.0714,0.3022,0.0,407.3,8.597409648070413e-06
16200,1790285868.156633,4B (Dynamic MoE),1.2773,8.0327,0.3867,1.245,176.6,8.592515681419812e-06
16225,1790285918.1421285,4B (Dynamic MoE),1.3264,8.0487,0.4351,0.0,172.5,8.587991849495745e-06
16250,1790285978.536854,4B (Dynamic MoE),1.2965,8.0242,0.3511,0.851,116.5,8.583084189417225e-06
16275,1790286031.9866483,4B (Dynamic MoE),1.309,8.0301,0.2771,0.0,344.6,8.578547734007801e-06
16300,1790286089.8934283,4B (Dynamic MoE),1.1931,8.0363,0.3881,1.068,270.2,8.573626416497669e-06
16325,1790286147.8335474,4B (Dynamic MoE),1.3194,8.0404,0.2321,0.0,294.2,8.569077370876516e-06
16350,1790286209.9653656,4B (Dynamic MoE),1.2271,8.034,0.2551,0.771,131.2,8.564142432031257e-06
16375,1790286262.6909325,4B (Dynamic MoE),1.2684,8.0427,0.4756,0.0,486.6,8.559580829564348e-06
16400,1790286317.6279063,4B (Dynamic MoE),1.2902,8.0311,0.4464,1.166,180.0,8.554632305580353e-06
16425,1790286374.8781803,4B (Dynamic MoE),1.2949,8.0546,0.2913,0.0,295.9,8.550058179725761e-06
16450,1790286436.0233624,4B (Dynamic MoE),1.2348,8.0332,0.3617,0.943,105.0,8.545096106899068e-06
16475,1790286488.9676828,4B (Dynamic MoE),1.1875,8.0181,0.2964,0.0,186.7,8.540509491206722e-06
16500,1790286540.0956194,4B (Dynamic MoE),1.2724,8.0341,0.385,1.129,197.3,8.535533905932739e-06
16525,1790286598.1768432,4B (Dynamic MoE),1.3372,8.0277,0.2743,0.0,386.5,8.530934834044178e-06
16550,1790286656.3310673,4B (Dynamic MoE),1.2274,8.0602,0.3727,1.109,107.6,8.525945772817427e-06
16575,1790286712.6733966,4B (Dynamic MoE),1.317,8.07,0.5174,0.0,451.9,8.521334278465555e-06
16600,1790286767.3850338,4B (Dynamic MoE),1.196,8.0286,0.2882,0.965,130.7,8.5163317778794e-06
16625,1790286826.188262,4B (Dynamic MoE),1.3299,8.0313,0.4664,0.0,311.3,8.511707894888233e-06
16650,1790286881.507821,4B (Dynamic MoE),1.2854,8.0177,0.3033,0.877,132.2,8.506691991634612e-06
16675,1790286934.9076853,4B (Dynamic MoE),1.1957,8.0427,0.2072,0.0,497.0,8.502055753919032e-06
16700,1790286996.491915,4B (Dynamic MoE),1.303,8.0457,0.4239,0.895,192.7,8.497026484788189e-06
16725,1790287046.91027,4B (Dynamic MoE),1.3791,8.0202,0.4461,0.0,328.9,8.4923779263537e-06
16750,1790287108.031384,4B (Dynamic MoE),1.2872,8.0388,0.3357,0.871,132.6,8.487335328233912e-06
16775,1790287160.8489535,4B (Dynamic MoE),1.3068,8.048,0.2976,0.0,419.9,8.482674483176385e-06
16800,1790287214.7746572,4B (Dynamic MoE),1.2491,8.0243,0.3721,1.209,172.9,8.477618593053693e-06
16825,1790287272.2998075,4B (Dynamic MoE),1.2535,8.006,0.2635,0.0,346.1,8.472945495559119e-06
16850,1790287331.101588,4B (Dynamic MoE),1.336,8.1219,0.2775,1.145,84.3,8.46787635051706e-06
16875,1790287387.6997128,4B (Dynamic MoE),1.2785,8.0947,0.4819,0.0,422.2,8.463191034861297e-06
16900,1790287439.7446644,4B (Dynamic MoE),1.1902,8.009,0.3502,1.201,145.6,8.458108672080624e-06
16925,1790287495.667761,4B (Dynamic MoE),1.2746,8.034,0.1975,0.0,269.5,8.453411172629151e-06
16950,1790287555.8566256,4B (Dynamic MoE),1.2023,8.0299,0.1586,0.708,111.1,8.448315629387572e-06
16975,1790287608.6639452,4B (Dynamic MoE),1.3586,8.1089,0.3321,0.0,392.9,8.443605980595224e-06
17000,1790287667.765133,4B (Dynamic MoE),1.2201,8.0009,0.3535,0.957,177.1,8.438497294267117e-06
17025,1790287726.7739005,4B (Dynamic MoE),1.2365,8.0357,0.3181,0.0,339.9,8.43377553067785e-06
17050,1790287784.8035998,4B (Dynamic MoE),1.2256,8.0342,0.27,0.869,126.7,8.428653738733996e-06
17075,1790287842.6446126,4B (Dynamic MoE),1.2628,8.0952,0.4833,0.0,393.2,8.423919894980617e-06
17100,1790287896.5861921,4B (Dynamic MoE),1.1784,8.0406,0.1849,0.884,187.4,8.418785034987921e-06
17125,1790287952.5572257,4B (Dynamic MoE),1.1918,8.0217,0.3447,0.0,298.9,8.41403914579185e-06
17150,1790288016.3176746,4B (Dynamic MoE),1.2289,8.2602,0.2923,0.791,40.3,8.408891255413072e-06
17175,1790288065.568256,4B (Dynamic MoE),1.2536,8.1194,0.3385,0.0,384.2,8.40413335558407e-06
17200,1790288124.673842,4B (Dynamic MoE),1.2329,8.0171,0.2398,0.898,179.1,8.39897247257754e-06
17225,1790288179.4241245,4B (Dynamic MoE),1.222,8.0333,0.2617,0.0,350.4,8.39420259701347e-06
17250,1790288235.4317412,4B (Dynamic MoE),1.2437,8.0814,0.2546,0.874,119.3,8.389028759232816e-06
17275,1790288292.2948768,4B (Dynamic MoE),1.3084,8.0236,0.2923,0.0,424.6,8.384246942919373e-06
17300,1790288348.7514122,4B (Dynamic MoE),1.154,8.01,0.2915,1.178,185.5,8.379060188313244e-06
17325,1790288408.2136219,4B (Dynamic MoE),1.1401,8.0205,0.2616,0.0,312.1,8.374266466323712e-06
17350,1790288468.9538047,4B (Dynamic MoE),1.2596,8.12,0.3711,1.165,61.0,8.369066832935498e-06
17375,1790288518.5148,4B (Dynamic MoE),1.31,8.0171,0.41,0.0,421.2,8.36426124043048e-06
17400,1790288574.7518628,4B (Dynamic MoE),1.2688,8.0144,0.4344,1.042,182.3,8.359048766398032e-06
17425,1790288633.4543,4B (Dynamic MoE),1.2747,8.0242,0.2489,0.0,321.7,8.354231338625204e-06
17450,1790288694.099878,4B (Dynamic MoE),1.251,8.0409,0.3613,0.742,126.6,8.349006062180552e-06
17475,1790288748.1822498,4B (Dynamic MoE),1.2305,8.0182,0.3156,0.0,459.8,8.344176834474394e-06
17500,1790288803.5243173,4B (Dynamic MoE),1.3236,8.0326,0.3338,0.868,304.1,8.338938793943478e-06
17525,1790288861.8660517,4B (Dynamic MoE),1.2224,8.0342,0.4079,0.0,93.0,8.33409780172502e-06
17550,1790288917.8555412,4B (Dynamic MoE),1.254,8.0156,0.3697,0.85,106.7,8.328847035527397e-06
17575,1790288974.9718869,4B (Dynamic MoE),1.2068,8.0406,0.381,0.0,323.3,8.323994314303956e-06
17600,1790289031.286112,4B (Dynamic MoE),1.3216,8.0469,0.3855,1.217,158.5,8.318730860952523e-06
17625,1790289087.9914331,4B (Dynamic MoE),1.1593,8.0532,0.2921,0.0,292.1,8.313866446317447e-06
17650,1790289146.027343,4B (Dynamic MoE),1.2558,8.0202,0.253,0.718,123.4,8.308590344418158e-06
17675,1790289201.8911686,4B (Dynamic MoE),1.268,8.0405,0.3649,0.0,430.2,8.303714272050565e-06
17700,1790289263.2298741,4B (Dynamic MoE),1.162,8.0196,0.2624,0.857,177.2,8.298425560302146e-06
17725,1790289313.6081398,4B (Dynamic MoE),1.2498,8.0355,0.2916,0.0,222.9,8.293537865966658e-06
17750,1790289375.6485772,4B (Dynamic MoE),1.2465,8.0095,0.3644,1.092,83.3,8.288236583160322e-06
17775,1790289428.1766798,4B (Dynamic MoE),1.2481,8.0394,0.2848,0.0,139.0,8.283337302706807e-06
17800,1790289486.1411805,4B (Dynamic MoE),1.3092,8.0079,0.3464,0.96,181.8,8.27802348772598e-06
17825,1790289544.4624088,4B (Dynamic MoE),1.213,8.0287,0.2092,0.0,322.2,8.273112657089282e-06
17850,1790289605.0925362,4B (Dynamic MoE),1.279,8.0535,0.3222,0.875,123.0,8.267786348909306e-06
17875,1790289657.5342994,4B (Dynamic MoE),1.259,8.0856,0.5217,0.0,439.5,8.26286400410899e-06
17900,1790289716.3005059,4B (Dynamic MoE),1.2187,8.0564,0.436,1.162,25.8,8.257525241796837e-06
17925,1790289766.6137552,4B (Dynamic MoE),1.2572,8.0505,0.4341,0.0,290.3,8.252591418936924e-06
17950,1790289826.432178,4B (Dynamic MoE),1.2513,8.0412,0.3517,0.722,141.5,8.247240241650918e-06
17975,1790289879.2288518,4B (Dynamic MoE),1.2467,8.0126,0.3936,0.0,210.1,8.242294976919611e-06
18000,1790289940.5178185,4B (Dynamic MoE),1.3109,8.0551,0.3626,0.985,137.2,8.23693142390914e-06
18025,1790290003.014732,4B (Dynamic MoE),1.1781,8.0197,0.3003,0.0,58.8,8.231974753578566e-06
18050,1790290057.5045059,4B (Dynamic MoE),1.2753,8.0822,0.371,0.824,113.7,8.226598864183782e-06
18075,1790290115.1373239,4B (Dynamic MoE),1.1892,8.0471,0.2584,0.0,444.4,8.221630824609732e-06
18100,1790290165.556746,4B (Dynamic MoE),1.2468,8.0494,0.4513,0.922,192.5,8.216242638261277e-06
18125,1790290227.694116,4B (Dynamic MoE),1.2625,8.02,0.2732,0.0,296.7,8.211263265882923e-06
18150,1790290284.8620784,4B (Dynamic MoE),1.2054,8.0269,0.2452,0.663,101.4,8.205862822101628e-06
18175,1790290341.2848275,4B (Dynamic MoE),1.2723,8.0835,0.3255,0.0,371.0,8.200872153441273e-06
18200,1790290399.4948575,4B (Dynamic MoE),1.2373,8.0355,0.2323,1.047,181.0,8.195459491837881e-06
18225,1790290472.3753927,4B (Dynamic MoE),1.2614,8.0286,0.2601,0.0,158.9,8.190457563500675e-06
18250,1790290546.5852442,4B (Dynamic MoE),1.1465,8.0179,0.2506,1.104,107.0,8.18503272377554e-06
18275,1790290620.666568,4B (Dynamic MoE),1.1003,8.033,0.264,0.0,246.6,8.180019572449225e-06
18300,1790290679.275402,4B (Dynamic MoE),1.2244,8.0161,0.3424,0.787,183.7,8.17458259439202e-06
18325,1790290752.2697906,4B (Dynamic MoE),1.2601,8.0427,0.3219,0.0,356.2,8.169558256846657e-06
18350,1790290828.533479,4B (Dynamic MoE),1.2427,8.0315,0.2887,0.641,115.4,8.164109180336094e-06
18375,1790290905.5026603,4B (Dynamic MoE),1.2631,8.0858,0.364,0.0,431.0,8.159073693423784e-06
18400,1790290969.8656754,4B (Dynamic MoE),1.2778,8.0123,0.323,0.92,183.4,8.153612558427311e-06
18425,1790291044.9202788,4B (Dynamic MoE),1.1887,8.029,0.2879,0.0,223.5,8.148565959081938e-06
18450,1790291119.9137008,4B (Dynamic MoE),1.3186,8.0435,0.4097,1.096,119.1,8.143092805655445e-06
18475,1790291189.618772,4B (Dynamic MoE),1.2825,8.029,0.212,0.0,224.3,8.138035130892401e-06
18500,1790291259.6367116,4B (Dynamic MoE),1.1542,8.0339,0.2166,0.81,279.2,8.132549999179934e-06
18525,1790291329.2007685,4B (Dynamic MoE),1.3092,8.0145,0.345,0.0,168.1,8.127481286095843e-06
18550,1790291409.6484087,4B (Dynamic MoE),1.1619,8.0489,0.2865,0.799,55.9,8.121984216329303e-06
18575,1790291479.9544635,4B (Dynamic MoE),1.3997,8.0339,0.3582,0.0,420.3,8.116904502101754e-06
18600,1790291546.9410803,4B (Dynamic MoE),1.3345,8.022,0.4565,0.998,173.9,8.111395534600604e-06
18625,1790291602.3235707,4B (Dynamic MoE),1.1334,8.0111,0.2295,0.0,121.7,8.106304856487875e-06
18650,1790291665.0200343,4B (Dynamic MoE),1.2009,8.0009,0.2668,0.732,129.5,8.100784031658846e-06
18675,1790291719.511906,4B (Dynamic MoE),1.2699,8.0707,0.4092,0.0,449.3,8.09568242699963e-06
18700,1790291785.5318289,4B (Dynamic MoE),1.2374,8.0319,0.4978,1.068,163.4,8.090149785336426e-06
18725,1790291850.4986787,4B (Dynamic MoE),1.1508,8.036,0.322,0.0,289.7,8.085037291549565e-06
18750,1790291910.758959,4B (Dynamic MoE),1.1861,8.0368,0.2246,0.798,121.8,8.079492873632554e-06
18775,1790291972.0093997,4B (Dynamic MoE),1.2047,8.0383,0.2576,0.0,434.7,8.074369528216753e-06
18800,1790292031.3968914,4B (Dynamic MoE),1.1485,8.044,0.3334,0.767,144.8,8.068813374712689e-06
18825,1790292083.572382,4B (Dynamic MoE),1.1608,8.0188,0.2295,0.0,376.4,8.06367921524625e-06
18850,1790292143.874089,4B (Dynamic MoE),1.3361,8.1124,0.4985,1.275,111.2,8.058111366907957e-06
18875,1790292200.2897327,4B (Dynamic MoE),1.266,8.0178,0.406,0.0,452.2,8.052966431048497e-06
18900,1790292258.3507946,4B (Dynamic MoE),1.3325,8.0094,0.4332,1.113,278.5,8.047386928714583e-06
18925,1790292320.1660233,4B (Dynamic MoE),1.2516,8.0104,0.2412,0.0,350.8,8.042231254198764e-06
18950,1790292373.9507642,4B (Dynamic MoE),1.259,8.0303,0.3239,0.678,136.8,8.03664013879331e-06
18975,1790292430.0972488,4B (Dynamic MoE),1.2756,8.0566,0.4352,0.0,466.3,8.031473763436557e-06
19000,1790292491.1708403,4B (Dynamic MoE),1.1872,8.0167,0.2345,0.832,162.1,8.025871075968828e-06
19025,1790292552.0642588,4B (Dynamic MoE),1.2735,8.0393,0.4037,0.0,167.0,8.020694037665053e-06
19050,1790292609.7820408,4B (Dynamic MoE),1.1808,8.0461,0.1654,0.813,132.5,8.015079819229187e-06
19075,1790292662.7377934,4B (Dynamic MoE),1.226,8.0392,0.4284,0.0,410.0,8.009892155950518e-06
19100,1790292725.5979068,4B (Dynamic MoE),1.1338,8.0236,0.301,0.943,191.2,8.00426644772523e-06
19125,1790292776.45607,4B (Dynamic MoE),1.2439,8.0298,0.2936,0.0,240.0,7.999068197521717e-06
19150,1790292835.5485654,4B (Dynamic MoE),1.2861,8.0564,0.2813,0.887,82.9,7.993431040770002e-06
19175,1790292899.793851,4B (Dynamic MoE),1.1299,8.0421,0.3329,0.0,454.4,7.988222241769354e-06
19200,1790292949.559359,4B (Dynamic MoE),1.243,8.041,0.403,0.759,67.4,7.982573677838172e-06
19225,1790293009.187473,4B (Dynamic MoE),1.2751,8.0162,0.3399,0.0,68.1,7.977354368245465e-06
19250,1790293077.8608477,4B (Dynamic MoE),1.289,8.0187,0.265,0.873,68.6,7.97169443856545e-06
19275,1790293127.313143,4B (Dynamic MoE),1.154,8.0381,0.3115,0.0,353.1,7.966464656662855e-06
19300,1790293183.859804,4B (Dynamic MoE),1.1415,8.0088,0.2829,0.94,299.2,7.960793402748001e-06
19325,1790293241.1648662,4B (Dynamic MoE),1.1351,8.0351,0.2446,0.0,284.7,7.955553186894503e-06
19350,1790293302.3959389,4B (Dynamic MoE),1.1703,8.0482,0.2994,0.784,134.1,7.949870650341864e-06
19375,1790293354.3279598,4B (Dynamic MoE),1.1387,8.0645,0.1753,0.0,443.2,7.944620038972977e-06
19400,1790293409.7040956,4B (Dynamic MoE),1.1649,8.0555,0.2974,1.199,173.3,7.938926261462366e-06
19425,1790293469.9195943,4B (Dynamic MoE),1.1684,8.0238,0.3505,0.0,309.0,7.933665293089847e-06
19450,1790293528.1270947,4B (Dynamic MoE),1.1558,8.0063,0.2484,0.679,63.7,7.927960316383524e-06
19475,1790293583.5264435,4B (Dynamic MoE),1.1788,8.0764,0.3776,0.0,92.5,7.922689029595102e-06
19500,1790293639.445744,4B (Dynamic MoE),1.1709,8.0382,0.358,1.17,153.0,7.916972895537471e-06
19525,1790293696.0650778,4B (Dynamic MoE),1.312,8.0402,0.3739,0.0,281.3,7.911691328996553e-06
19550,1790293763.099639,4B (Dynamic MoE),1.3151,8.0405,0.4036,2.01,109.9,7.905964079513851e-06
19575,1790293813.699899,4B (Dynamic MoE),1.2376,8.0498,0.196,0.0,257.2,7.900672271959247e-06
19600,1790293872.8742938,4B (Dynamic MoE),1.2428,8.0396,0.3247,1.029,273.1,7.894933949059245e-06
19625,1790293937.420969,4B (Dynamic MoE),1.1965,8.039,0.3147,0.0,298.9,7.889631939304877e-06
19650,1790293995.6919036,4B (Dynamic MoE),1.1303,8.0296,0.2997,0.735,74.5,7.883882585076558e-06
19675,1790294051.3302674,4B (Dynamic MoE),1.1649,8.0276,0.279,0.0,261.1,7.878570412011183e-06
19700,1790294103.0400033,4B (Dynamic MoE),1.2512,8.0132,0.4194,1.156,166.2,7.872810068624452e-06
19725,1790294163.0559094,4B (Dynamic MoE),1.1209,8.0453,0.2242,0.0,251.8,7.867487771211364e-06
19750,1790294219.6040275,4B (Dynamic MoE),1.1705,8.0307,0.2584,0.708,128.6,7.86171648091672e-06
19775,1790294275.6931021,4B (Dynamic MoE),1.2555,8.0545,0.2388,0.0,458.2,7.85638409819348e-06
19800,1790294337.8075497,4B (Dynamic MoE),1.1348,8.0369,0.2554,0.849,165.9,7.850601903321717e-06
19825,1790294393.6810386,4B (Dynamic MoE),1.1243,8.0635,0.2115,0.0,58.1,7.845259474399856e-06
19850,1790294450.8453898,4B (Dynamic MoE),1.2077,8.0502,0.3644,0.796,101.2,7.839466417361753e-06
19875,1790294507.6282153,4B (Dynamic MoE),1.1244,8.0091,0.3323,0.0,201.4,7.834113981426485e-06
19900,1790294564.3503516,4B (Dynamic MoE),1.1965,8.0216,0.4439,0.954,286.0,7.828310104712488e-06
19925,1790294622.4729805,4B (Dynamic MoE),1.1667,8.0296,0.1736,0.0,339.8,7.822947701022432e-06
19950,1790294680.2184079,4B (Dynamic MoE),1.1543,8.0243,0.3133,0.768,109.4,7.81713304720235e-06
19975,1790294740.6584535,4B (Dynamic MoE),1.2725,8.0248,0.5519,0.0,250.3,7.811760715089227e-06
20000,1790294794.2053704,4B (Dynamic MoE),1.2057,8.0177,0.3412,1.163,175.7,7.805935326811911e-06
20025,1790294856.0308983,4B (Dynamic MoE),1.1478,8.0166,0.3186,0.0,343.1,7.800553105680277e-06
20050,1790294916.3255742,4B (Dynamic MoE),1.2068,8.019,0.2272,0.927,130.7,7.794717025673318e-06
20075,1790294968.8976202,4B (Dynamic MoE),1.3873,8.0383,0.5029,0.0,470.3,7.789324955000247e-06
20100,1790295026.8498523,4B (Dynamic MoE),1.1233,8.0126,0.2722,1.252,142.9,7.783478226069652e-06
20125,1790295083.179951,4B (Dynamic MoE),1.1918,8.042,0.3625,0.0,144.5,7.778076345404473e-06
20150,1790295141.8064532,4B (Dynamic MoE),1.0884,8.0567,0.2395,0.664,107.6,7.772219010434359e-06
20175,1790295201.6482534,4B (Dynamic MoE),1.0978,8.0415,0.2651,0.0,419.4,7.76680735939835e-06
20200,1790295254.986677,4B (Dynamic MoE),1.2677,8.0123,0.3604,1.364,122.2,7.760939461350622e-06
20225,1790295314.303301,4B (Dynamic MoE),1.2065,8.0197,0.4031,0.0,357.8,7.755518079636726e-06
20250,1790295372.6233857,4B (Dynamic MoE),1.1079,8.1358,0.1394,0.674,73.9,7.749639661550775e-06
20275,1790295428.9763238,4B (Dynamic MoE),1.1013,8.0179,0.2749,0.0,246.2,7.744208588923304e-06
20300,1790295487.5870304,4B (Dynamic MoE),1.3077,8.0788,0.4058,1.031,184.4,7.738319693915673e-06
20325,1790295545.1973367,4B (Dynamic MoE),1.1663,8.0181,0.2279,0.0,73.7,7.73287897021002e-06
20350,1790295601.337227,4B (Dynamic MoE),1.2211,8.0444,0.2354,0.658,86.7,7.726979641474102e-06
20375,1790295659.0913265,4B (Dynamic MoE),1.2039,8.0308,0.3402,0.0,466.1,7.721529306596448e-06
20400,1790295715.783084,4B (Dynamic MoE),1.2727,8.0233,0.3192,0.905,181.0,7.715619587402165e-06
20425,1790295775.9635165,4B (Dynamic MoE),1.2357,8.0152,0.2584,0.0,343.5,7.710159681329188e-06
20450,1790295833.147188,4B (Dynamic MoE),1.0859,8.0344,0.232,0.705,68.8,7.704239615022671e-06
20475,1790295888.451149,4B (Dynamic MoE),1.166,8.013,0.2955,0.0,51.5,7.69877017780125e-06
20500,1790295941.2425177,4B (Dynamic MoE),1.1703,8.0173,0.2745,0.795,184.3,7.692839807804522e-06
20525,1790296004.3985891,4B (Dynamic MoE),1.2151,8.0074,0.2894,0.0,256.1,7.687360879551444e-06
20550,1790296062.4480546,4B (Dynamic MoE),1.1597,8.0552,0.1886,0.665,101.2,7.681420249362107e-06
20575,1790296114.6858933,4B (Dynamic MoE),1.2042,8.0592,0.321,0.0,429.4,7.675931870263771e-06
20600,1790296173.6558578,4B (Dynamic MoE),1.1767,8.0205,0.1936,1.356,99.1,7.669981023454682e-06
20625,1790296237.0897434,4B (Dynamic MoE),1.2443,8.033,0.2906,0.0,46.9,7.66448323376681e-06
20650,1790296289.2878647,4B (Dynamic MoE),1.1193,8.0299,0.2951,0.874,133.7,7.658522213985757e-06
20675,1790296357.512522,4B (Dynamic MoE),1.2596,8.0304,0.2892,0.0,182.1,7.653015054033094e-06
20700,1790296410.754605,4B (Dynamic MoE),1.2303,8.0015,0.2802,0.893,172.8,7.647043905002485e-06
20725,1790296464.8170357,4B (Dynamic MoE),1.255,8.0497,0.4009,0.0,314.6,7.641527415178502e-06
20750,1790296523.8668735,4B (Dynamic MoE),1.1531,8.0119,0.3115,0.866,105.9,7.635546180695039e-06
20775,1790296583.16993,4B (Dynamic MoE),1.2702,8.1078,0.431,0.0,424.8,7.630020401461644e-06
20800,1790296639.7392535,4B (Dynamic MoE),1.0856,8.0294,0.3311,0.899,181.9,7.624029125396004e-06
20825,1790296695.72168,4B (Dynamic MoE),1.2322,8.0552,0.253,0.0,277.7,7.618494097283235e-06
20850,1790296756.1602995,4B (Dynamic MoE),1.2514,8.0087,0.2331,0.949,102.1,7.612492823579744e-06
20875,1790296810.4030108,4B (Dynamic MoE),1.1972,8.0496,0.2858,0.0,360.6,7.606948587185481e-06
20900,1790296864.7647774,4B (Dynamic MoE),1.2386,8.0553,0.4525,1.348,250.6,7.600937359861799e-06
20925,1790296924.1270976,4B (Dynamic MoE),1.2296,8.0861,0.5403,0.0,275.9,7.595383955851457e-06
20950,1790296984.7699938,4B (Dynamic MoE),1.2384,8.0273,0.3119,0.881,85.9,7.589362818998251e-06
20975,1790297035.6506271,4B (Dynamic MoE),1.1704,8.0709,0.5475,0.0,416.7,7.58380028810449e-06
21000,1790297097.7181816,4B (Dynamic MoE),1.1791,8.0195,0.1502,1.004,44.3,7.57776928588511e-06
21025,1790297159.421766,4B (Dynamic MoE),1.2571,8.0701,0.442,0.0,342.1,7.572197668907533e-06
21050,1790297217.9744697,4B (Dynamic MoE),1.2249,8.0207,0.3088,0.71,140.8,7.566156845557684e-06
21075,1790297272.7634363,4B (Dynamic MoE),1.1751,8.0403,0.3605,0.0,120.6,7.56057618336254e-06
21100,1790297332.5086436,4B (Dynamic MoE),1.3142,8.021,0.3627,1.476,38.8,7.554525583189969e-06
21125,1790297387.7830963,4B (Dynamic MoE),1.1481,8.0375,0.3361,0.0,192.1,7.548935916709845e-06
21150,1790297447.2233226,4B (Dynamic MoE),1.1641,8.0105,0.2758,0.824,115.5,7.542875584094006e-06
21175,1790297502.495862,4B (Dynamic MoE),1.3336,8.047,0.3602,0.0,393.0,7.5372769543275416e-06
21200,1790297559.6035328,4B (Dynamic MoE),1.2402,8.0435,0.2204,1.419,142.5,7.53120693371927e-06
21225,1790297614.010619,4B (Dynamic MoE),1.2168,8.0341,0.2608,0.0,344.4,7.525599381730842e-06
21250,1790297672.926851,4B (Dynamic MoE),1.1442,8.0346,0.1904,0.736,124.9,7.519519717652039e-06
21275,1790297730.5554347,4B (Dynamic MoE),1.1116,8.0463,0.237,0.0,291.5,7.513903284571467e-06
21300,1790297793.6656365,4B (Dynamic MoE),1.1495,8.0075,0.2026,0.805,141.6,7.507814021614761e-06
21325,1790297846.5207436,4B (Dynamic MoE),1.255,8.0305,0.3428,0.0,162.4,7.5021887486370045e-06
21350,1790297903.7109244,4B (Dynamic MoE),1.1083,8.0371,0.2273,0.642,107.0,7.496089931465432e-06
21375,1790297956.1241412,4B (Dynamic MoE),1.2438,8.1069,0.4349,0.0,249.9,7.4904558598502896e-06
21400,1790298014.8404286,4B (Dynamic MoE),1.3379,8.0373,0.4043,1.116,162.7,7.4843475331969614e-06
21425,1790298074.5454211,4B (Dynamic MoE),1.138,8.019,0.4098,0.0,383.3,7.478704704268769e-06
21450,1790298128.7462254,4B (Dynamic MoE),1.1438,8.0063,0.2578,0.665,108.0,7.4725869129365484e-06
21475,1790298188.8224473,4B (Dynamic MoE),1.1872,8.0387,0.3826,0.0,408.1,7.46693536808387e-06
21500,1790298242.934867,4B (Dynamic MoE),1.0937,8.037,0.3854,2.78,192.5,7.4608081569450365e-06
21525,1790298302.7298849,4B (Dynamic MoE),1.2458,8.0514,0.3525,0.0,351.8,7.455147937620372e-06
21550,1790298365.8678184,4B (Dynamic MoE),1.2118,8.0267,0.4453,0.895,66.2,7.449011351616302e-06
21575,1790298419.9919713,4B (Dynamic MoE),1.2436,8.1144,0.644,0.0,402.7,7.443342499335766e-06
21600,1790298473.2483687,4B (Dynamic MoE),1.1719,8.026,0.4089,1.112,186.3,7.437196583476597e-06
21625,1790298539.1730554,4B (Dynamic MoE),1.0221,8.0275,0.1483,0.0,292.3,7.431519139819635e-06
21650,1790298598.6869192,4B (Dynamic MoE),1.1316,8.0233,0.2483,0.741,132.6,7.425363939183931e-06
21675,1790298659.2954211,4B (Dynamic MoE),1.1956,8.0257,0.3193,0.0,423.3,7.419677945792996e-06
21700,1790298711.0563283,4B (Dynamic MoE),1.1156,8.0394,0.4084,1.025,106.8,7.41351350552743e-06
21725,1790298771.670586,4B (Dynamic MoE),1.0525,8.0312,0.2536,0.0,289.1,7.40781900410769e-06
21750,1790298827.6317067,4B (Dynamic MoE),1.2181,8.0478,0.3285,1.243,110.8,7.401645369426697e-06
21775,1790298883.3275552,4B (Dynamic MoE),1.119,8.0317,0.4397,0.0,261.1,7.395942401745719e-06
21800,1790298942.4387243,4B (Dynamic MoE),1.1154,8.013,0.4024,1.096,201.1,7.389759617931183e-06
21825,1790298998.2881477,4B (Dynamic MoE),1.2084,8.0131,0.4027,0.0,371.3,7.384048225818636e-06
21850,1790299054.4020538,4B (Dynamic MoE),1.2268,8.0331,0.2494,1.024,133.2,7.3778563382195365e-06
21875,1790299112.714881,4B (Dynamic MoE),1.1322,8.0301,0.2828,0.0,386.5,7.372136563566878e-06
21900,1790299172.3162196,4B (Dynamic MoE),1.1677,8.0247,0.3086,0.999,184.6,7.365935617598975e-06
21925,1790299231.8781362,4B (Dynamic MoE),1.191,8.0531,0.3113,0.0,284.5,7.360207502359148e-06
21950,1790299284.3648248,4B (Dynamic MoE),1.2152,8.0765,0.4678,0.797,134.8,7.35399754350464e-06
21975,1790299343.0733736,4B (Dynamic MoE),1.236,8.0264,0.3144,0.0,229.5,7.34826112969176e-06
22000,1790299398.7011578,4B (Dynamic MoE),1.2125,8.0073,0.2135,0.882,129.0,7.342042203498952e-06
22025,1790299462.2282932,4B (Dynamic MoE),1.149,8.0304,0.3931,0.0,149.8,7.336297533188008e-06
22050,1790299524.5054514,4B (Dynamic MoE),1.081,8.0464,0.2066,0.751,122.5,7.3300696852709755e-06
22075,1790299575.8589249,4B (Dynamic MoE),1.2407,8.0405,0.2655,0.0,363.0,7.324316800597509e-06
22100,1790299635.4273977,4B (Dynamic MoE),1.1706,8.0103,0.3179,0.918,85.2,7.318080076635773e-06
22125,1790299691.196539,4B (Dynamic MoE),1.2346,8.0663,0.4168,0.0,226.6,7.312319019795581e-06
22150,1790299749.577539,4B (Dynamic MoE),1.1338,8.0212,0.2396,0.927,139.2,7.306073465533759e-06
22175,1790299806.688459,4B (Dynamic MoE),1.138,8.0137,0.3701,0.0,433.5,7.300304278782574e-06
22200,1790299861.2175996,4B (Dynamic MoE),1.1298,8.0093,0.2316,1.011,166.4,7.294049940030055e-06
22225,1790299921.5383575,4B (Dynamic MoE),1.1237,8.0155,0.3673,0.0,359.8,7.288272665683245e-06
22250,1790299982.3962722,4B (Dynamic MoE),1.1167,8.0398,0.2708,0.688,63.9,7.2820095883138456e-06
22275,1790300034.112171,4B (Dynamic MoE),1.1468,8.0586,0.3357,0.0,383.4,7.276224268746097e-06
22300,1790300094.5162177,4B (Dynamic MoE),1.2141,8.0113,0.2171,1.095,180.1,7.269952498697734e-06
22325,1790300150.421561,4B (Dynamic MoE),1.2534,8.0872,0.5899,0.0,347.9,7.26415917634274e-06
22350,1790300207.7883132,4B (Dynamic MoE),1.0657,8.0205,0.3073,0.718,129.9,7.25787875961709e-06
22375,1790300276.261548,4B (Dynamic MoE),1.0424,8.0094,0.2662,0.0,207.8,7.252077476967244e-06
22400,1790300322.6336606,4B (Dynamic MoE),1.0354,8.0149,0.191,0.953,173.9,7.245788459629397e-06
22025,1790300457.1872995,4B (Dynamic MoE),1.1507,8.0305,0.4517,0.0,149.6,9.306147616692153e-06
22050,1790300507.8496726,4B (Dynamic MoE),1.1977,8.0164,0.4079,1.047,152.2,9.304387609929809e-06
22075,1790300555.3982418,4B (Dynamic MoE),1.1447,8.041,0.1825,0.0,121.9,9.302761157663255e-06
22100,1790300607.391599,4B (Dynamic MoE),1.1697,8.0838,0.526,0.865,257.0,9.300997185305726e-06
22125,1790300656.5236459,4B (Dynamic MoE),1.136,8.0188,0.2225,0.0,45.3,9.29936707393165e-06
22150,1790300704.1580062,4B (Dynamic MoE),1.0812,8.0285,0.1938,1.004,157.9,9.297599139104785e-06
22175,1790300755.0985246,4B (Dynamic MoE),1.1577,8.038,0.271,0.0,197.5,9.295965371511823e-06
22200,1790300804.2654834,4B (Dynamic MoE),1.0952,8.0228,0.239,0.853,224.5,9.294193477348486e-06
22225,1790300854.4502163,4B (Dynamic MoE),1.1055,8.0476,0.1965,0.0,152.1,9.292556056431753e-06
22250,1790300908.309337,4B (Dynamic MoE),1.1778,8.0279,0.3773,0.966,185.1,9.290780206071831e-06
22275,1790300954.6529999,4B (Dynamic MoE),1.1862,8.0418,0.3676,0.0,149.4,9.289139134732919e-06
22300,1790301007.401508,4B (Dynamic MoE),1.1572,8.0683,0.2023,0.752,260.4,9.2873593313233e-06
22325,1790301054.4358048,4B (Dynamic MoE),1.1424,8.0406,0.3441,0.0,142.8,9.285714612470268e-06
22350,1790301104.6887808,4B (Dynamic MoE),1.2089,8.0072,0.2167,1.114,131.0,9.28393085916485e-06
22375,1790301159.2312775,4B (Dynamic MoE),1.1289,8.0281,0.3427,0.0,254.0,9.282282495712219e-06
22400,1790301204.0388222,4B (Dynamic MoE),1.1196,8.0434,0.2036,0.67,152.3,9.280494795671906e-06
22425,1790301257.647573,4B (Dynamic MoE),1.0438,8.0251,0.2219,0.0,149.6,9.278842790540652e-06
22450,1790301305.9767442,4B (Dynamic MoE),1.2017,8.02,0.2392,1.062,150.1,9.277051146933336e-06
22475,1790301358.2212338,4B (Dynamic MoE),1.1564,8.0287,0.3492,0.0,213.3,9.275395503050896e-06
22500,1790301410.4523153,4B (Dynamic MoE),1.0267,8.0686,0.2827,0.772,108.2,9.273599919051452e-06
22525,1790301460.2249033,4B (Dynamic MoE),1.1328,8.0333,0.268,0.0,692.1,9.27194063935171e-06
22550,1790301505.9100652,4B (Dynamic MoE),1.2536,8.0404,0.403,1.275,161.9,9.270141118142002e-06
22575,1790301561.9965782,4B (Dynamic MoE),1.1341,8.0337,0.2585,0.0,44.7,9.26847820556528e-06
22600,1790301609.2259378,4B (Dynamic MoE),1.1664,8.0468,0.2908,0.826,346.3,9.266674750334148e-06
22625,1790301657.6235893,4B (Dynamic MoE),1.1054,8.03,0.3344,0.0,157.3,9.265008207827208e-06
22650,1790301715.3700714,4B (Dynamic MoE),1.1364,8.0115,0.2513,1.104,43.9,9.263200821770462e-06
22675,1790301758.5125632,4B (Dynamic MoE),1.1267,8.0381,0.2077,0.0,189.5,9.261530652286501e-06
22700,1790301814.1376486,4B (Dynamic MoE),1.0811,8.0378,0.2595,0.73,263.7,9.259719338606917e-06
22725,1790301860.4355671,4B (Dynamic MoE),1.1237,8.036,0.3947,0.0,144.7,9.258045545105554e-06
22750,1790301913.7002609,4B (Dynamic MoE),1.0919,8.0511,0.3152,0.856,145.7,9.25623030701287e-06
22775,1790301962.0211112,4B (Dynamic MoE),1.1005,8.0278,0.2486,0.0,220.8,9.25455289246015e-06
22800,1790302014.9939165,4B (Dynamic MoE),1.0983,8.0359,0.287,0.747,258.7,9.252733733171056e-06
22825,1790302061.625306,4B (Dynamic MoE),1.2016,8.0798,0.3463,0.0,90.5,9.25105270053944e-06
22850,1790302113.7408044,4B (Dynamic MoE),1.0909,8.0239,0.3641,0.86,152.8,9.249229623277572e-06
22875,1790302167.6949406,4B (Dynamic MoE),1.1053,8.0214,0.2692,0.0,211.4,9.247544975545932e-06
22900,1790302217.1467159,4B (Dynamic MoE),1.1814,8.0282,0.3235,0.894,239.7,9.245717983541875e-06
22925,1790302267.6594262,4B (Dynamic MoE),1.1071,8.0211,0.1429,0.0,155.8,9.24402972369549e-06
22950,1790302316.3260868,4B (Dynamic MoE),1.0993,8.0031,0.336,1.313,95.9,9.242198820186759e-06
22975,1790302366.7567482,4B (Dynamic MoE),1.2506,8.0165,0.318,0.0,174.1,9.240506951217306e-06
23000,1790302419.675348,4B (Dynamic MoE),1.1836,8.0356,0.2905,0.799,73.9,9.238672139448356e-06
23025,1790302478.5065618,4B (Dynamic MoE),1.1613,8.0276,0.3167,0.0,155.5,9.236976664353908e-06
23050,1790302534.9509027,4B (Dynamic MoE),1.1126,8.0117,0.2576,1.057,190.6,9.235137947576114e-06
23075,1790302582.7456312,4B (Dynamic MoE),1.2166,8.0509,0.3084,0.0,288.1,9.233438869361138e-06
23100,1790302634.8210738,4B (Dynamic MoE),1.2259,8.0538,0.3136,0.686,252.5,9.231596250832796e-06
23125,1790302682.3722084,4B (Dynamic MoE),1.2016,8.045,0.364,0.0,106.7,9.22989357250814e-06
23150,1790302732.6280813,4B (Dynamic MoE),1.1746,8.0214,0.4222,1.247,140.6,9.228047055494457e-06
23175,1790302784.3246756,4B (Dynamic MoE),1.1221,8.0813,0.3851,0.0,131.0,9.226340780077352e-06
23200,1790302837.3884635,4B (Dynamic MoE),1.0854,8.0235,0.2685,0.87,238.9,9.22449036785045e-06
23225,1790302892.0291612,4B (Dynamic MoE),1.21,8.1106,0.4604,0.0,203.8,9.222780498364497e-06
23250,1790302937.982438,4B (Dynamic MoE),1.2399,8.0457,0.3513,1.069,157.1,9.220926194203394e-06
23275,1790302991.5731125,4B (Dynamic MoE),1.1171,8.0559,0.387,0.0,165.2,9.219212733678566e-06
23300,1790303044.2188997,4B (Dynamic MoE),1.1491,8.0431,0.5172,1.165,81.1,9.217354540869182e-06
23325,1790303096.7025018,4B (Dynamic MoE),1.1204,8.0406,0.2612,0.0,175.7,9.215637492341814e-06
23350,1790303144.4646509,4B (Dynamic MoE),1.1479,8.0097,0.3042,1.093,138.5,9.213775414176956e-06
23375,1790303197.2851975,4B (Dynamic MoE),1.1006,8.0707,0.3549,0.0,197.0,9.212054780689742e-06
23400,1790303266.5659704,4B (Dynamic MoE),1.1451,8.0272,0.2325,0.74,651.3,9.210188820469102e-06
23425,1790303315.1552274,4B (Dynamic MoE),1.0295,8.0153,0.3132,0.0,254.6,9.208464605071091e-06
23450,1790303374.0270822,4B (Dynamic MoE),1.0922,8.0237,0.3858,0.951,117.9,9.206594766101244e-06
23475,1790303436.3048158,4B (Dynamic MoE),1.0673,8.0262,0.3294,0.0,123.1,9.204866971847827e-06
23500,1790303492.4733937,4B (Dynamic MoE),1.0069,8.0657,0.2344,0.599,157.4,9.202993257442216e-06
23525,1790303548.825377,4B (Dynamic MoE),1.2561,8.0146,0.3789,0.0,29.3,9.20126188739513e-06
23550,1790303598.5344198,4B (Dynamic MoE),1.2347,8.0397,0.2911,0.956,149.3,9.199384300874072e-06
23575,1790303655.673446,4B (Dynamic MoE),1.2025,8.0195,0.2957,0.0,450.1,9.197649358101389e-06
23600,1790303707.6146286,4B (Dynamic MoE),1.113,8.1231,0.2749,0.908,171.6,9.195767902792055e-06
23625,1790303765.7608132,4B (Dynamic MoE),1.1209,8.1015,0.3668,0.0,127.6,9.19402939036818e-06
23650,1790303820.395398,4B (Dynamic MoE),1.1793,8.0433,0.2752,0.865,135.7,9.1921440696046e-06
23675,1790303873.4405115,4B (Dynamic MoE),1.0864,8.065,0.2787,0.0,187.7,9.19040199061026e-06
23700,1790303930.9657228,4B (Dynamic MoE),1.0251,8.0322,0.2279,0.794,246.8,9.18851280773332e-06
23725,1790303984.5889804,4B (Dynamic MoE),1.061,8.062,0.2173,0.0,269.6,9.186767165255562e-06
23750,1790304043.3926454,4B (Dynamic MoE),1.1253,8.0203,0.3838,0.982,584.6,9.184874123612983e-06
23775,1790304100.0476732,4B (Dynamic MoE),1.0992,8.0859,0.3751,0.0,181.2,9.183124920745172e-06
23800,1790304153.3410897,4B (Dynamic MoE),1.1341,8.079,0.4083,0.877,180.6,9.181228023691516e-06
23825,1790304206.8772173,4B (Dynamic MoE),1.0784,8.0701,0.2915,0.0,520.3,9.179475263533326e-06
23850,1790304260.2517395,4B (Dynamic MoE),1.1036,8.0354,0.2773,0.888,126.4,9.177574514429987e-06
23875,1790304319.037185,4B (Dynamic MoE),1.1094,8.0411,0.2114,0.0,202.7,9.175818200087394e-06
23900,1790304377.0939963,4B (Dynamic MoE),1.0876,8.0418,0.2582,0.831,212.6,9.173913602302594e-06
23925,1790304426.2418199,4B (Dynamic MoE),1.1018,8.0295,0.2718,0.0,180.5,9.172153736887873e-06
23950,1790304507.0675635,4B (Dynamic MoE),1.1767,8.0358,0.2704,1.033,165.2,9.17024529379665e-06
23975,1790304561.5907638,4B (Dynamic MoE),1.0921,8.037,0.3201,0.0,124.0,9.168481880428366e-06
24000,1790304615.3708923,4B (Dynamic MoE),1.105,8.011,0.3014,1.68,238.9,9.166569595412576e-06
24025,1790304677.428758,4B (Dynamic MoE),1.2269,8.09,0.5317,0.0,544.6,9.164802637215586e-06
24050,1790304731.5418293,4B (Dynamic MoE),1.1193,8.0142,0.2945,1.178,49.6,9.16288651366389e-06
24075,1790304782.1193535,4B (Dynamic MoE),1.107,8.0373,0.2398,0.0,214.2,9.161116013769332e-06
24100,1790304838.7993689,4B (Dynamic MoE),1.1221,8.0781,0.303,0.679,176.9,9.159196055077194e-06
24125,1790304893.6140995,4B (Dynamic MoE),1.2016,8.0637,0.5248,0.0,172.9,9.157422016622474e-06
24150,1790304950.4853919,4B (Dynamic MoE),1.0938,8.0183,0.2707,0.849,139.0,9.155498226192156e-06
24175,1790305002.7033267,4B (Dynamic MoE),1.069,8.0153,0.3173,0.0,131.7,9.153720652320964e-06
24200,1790305058.5613518,4B (Dynamic MoE),1.1296,8.0244,0.3055,0.793,120.5,9.151793033561514e-06
24225,1790305111.435723,4B (Dynamic MoE),1.2717,8.0429,0.6156,0.0,109.0,9.150011927423793e-06
24250,1790305166.0071507,4B (Dynamic MoE),1.1145,8.0231,0.274,0.846,140.6,9.14808048375105e-06
24275,1790305224.694795,4B (Dynamic MoE),1.1521,8.0277,0.2616,0.0,229.0,9.146295848503006e-06
24300,1790305277.2299547,4B (Dynamic MoE),1.1105,8.009,0.2521,0.899,117.2,9.14436058333958e-06
24325,1790305330.8446023,4B (Dynamic MoE),1.1572,8.0261,0.1591,0.0,646.9,9.142572422143677e-06
24350,1790305386.0029795,4B (Dynamic MoE),1.0662,8.0124,0.2294,0.818,138.1,9.14063333891895e-06
24375,1790305439.9820714,4B (Dynamic MoE),1.032,8.0258,0.1876,0.0,193.8,9.138841654943898e-06
24400,1790305498.2459183,4B (Dynamic MoE),1.0368,8.0228,0.3045,1.008,179.9,9.136898757094022e-06
24425,1790305551.1070447,4B (Dynamic MoE),1.1601,8.031,0.2819,0.0,470.1,9.135103553514769e-06
24450,1790305602.957378,4B (Dynamic MoE),1.0663,8.0431,0.3813,1.024,120.9,9.133156844482654e-06
24475,1790305660.6732836,4B (Dynamic MoE),1.094,8.0367,0.2495,0.0,155.7,9.131358124480388e-06
24500,1790305712.8925142,4B (Dynamic MoE),1.1094,8.0299,0.2458,0.696,217.8,9.129407607715697e-06
24525,1790305771.381364,4B (Dynamic MoE),1.1373,8.1479,0.461,0.0,581.0,9.12760537447784e-06
24550,1790305824.4820185,4B (Dynamic MoE),1.1856,8.0326,0.3408,1.222,169.5,9.125651053436985e-06
24575,1790305877.389962,4B (Dynamic MoE),1.1291,8.0385,0.2031,0.0,167.2,9.123845310157182e-06
24600,1790305931.5080447,4B (Dynamic MoE),1.0067,8.0188,0.257,0.888,176.1,9.121887188303314e-06
24625,1790305987.8982453,4B (Dynamic MoE),1.1579,8.0386,0.2541,0.0,596.6,9.120077938181429e-06
24650,1790306046.3543196,4B (Dynamic MoE),1.1285,8.0224,0.4241,1.001,155.7,9.118116018984436e-06
24675,1790306096.2508302,4B (Dynamic MoE),1.1315,8.0314,0.462,0.0,196.7,9.116303265226549e-06
24700,1790306152.2570536,4B (Dynamic MoE),1.2056,8.0645,0.3179,0.906,170.5,9.114337552163048e-06
24725,1790306205.234602,4B (Dynamic MoE),1.1451,8.0191,0.4553,0.0,92.9,9.112521297981448e-06
24750,1790306259.4640331,4B (Dynamic MoE),1.1416,8.0484,0.4689,1.246,157.2,9.110551794534777e-06
24775,1790306318.039666,4B (Dynamic MoE),1.1358,8.0547,0.4848,0.0,305.8,9.108732043147952e-06
24800,1790306371.7430692,4B (Dynamic MoE),1.1457,8.0795,0.2981,0.858,165.2,9.10675875280817e-06
24825,1790306423.5291998,4B (Dynamic MoE),1.1396,8.0259,0.2231,0.0,129.6,9.10493550744081e-06
24850,1790306483.6567771,4B (Dynamic MoE),1.1364,8.0187,0.2484,0.882,305.6,9.10295843370468e-06
24875,1790306538.9281704,4B (Dynamic MoE),1.0687,8.0261,0.2934,0.0,196.2,9.101131697587666e-06
24900,1790306598.0511158,4B (Dynamic MoE),1.0705,8.0398,0.3246,0.847,453.3,9.099150843958662e-06
24925,1790306649.1280503,4B (Dynamic MoE),1.212,8.0287,0.4113,0.0,56.2,9.09732062032906e-06
24950,1790306704.1482573,4B (Dynamic MoE),1.0617,8.0311,0.3657,1.087,132.0,9.095335990317349e-06
24975,1790306758.8951945,4B (Dynamic MoE),1.2903,8.0235,0.3384,0.0,234.3,9.0935022824184e-06
25000,1790306816.5720537,4B (Dynamic MoE),1.1262,8.042,0.3254,0.77,159.1,9.091513879540845e-06
25025,1790306878.2148116,4B (Dynamic MoE),1.0895,8.0214,0.3389,0.0,107.3,9.089676690621976e-06
25050,1790306930.1775215,4B (Dynamic MoE),1.028,8.0324,0.1858,0.792,189.5,9.087684518402121e-06
25075,1790306983.110514,4B (Dynamic MoE),1.239,8.0176,0.2392,0.0,153.8,9.085843851718916e-06
25100,1790307037.7529182,4B (Dynamic MoE),1.0745,8.0254,0.3305,0.851,447.0,9.083847913686991e-06
25125,1790307091.5462174,4B (Dynamic MoE),1.1035,8.0583,0.3059,0.0,143.4,9.082003772501202e-06
25150,1790307150.2948382,4B (Dynamic MoE),1.1679,8.0175,0.2777,0.845,119.7,9.080004072194106e-06
25175,1790307202.9429498,4B (Dynamic MoE),1.1236,8.0473,0.3433,0.0,155.5,9.07815645977364e-06
25200,1790307257.5941114,4B (Dynamic MoE),1.1385,8.013,0.3923,0.87,183.5,9.076153000734938e-06
25225,1790307313.4393463,4B (Dynamic MoE),1.0628,8.0533,0.247,0.0,208.5,9.074301920353854e-06
25250,1790307367.9244125,4B (Dynamic MoE),1.0731,8.0247,0.2437,0.94,144.9,9.072294706133775e-06
25275,1790307426.808337,4B (Dynamic MoE),1.0492,8.0112,0.3299,0.0,198.4,9.07044016107228e-06
25300,1790307479.3011613,4B (Dynamic MoE),1.1713,8.0351,0.2636,0.996,214.4,9.068429195227703e-06
25325,1790307533.5347998,4B (Dynamic MoE),1.1417,8.0218,0.3029,0.0,491.8,9.066571188772139e-06
25350,1790307590.069737,4B (Dynamic MoE),1.1406,8.0176,0.2067,0.847,100.7,9.064556474866597e-06
25375,1790307643.7761488,4B (Dynamic MoE),1.1229,8.0288,0.3649,0.0,184.5,9.062695010309443e-06
25400,1790307704.77779,4B (Dynamic MoE),1.154,8.0457,0.419,0.804,116.9,9.060676551913106e-06
25425,1790307755.1820016,4B (Dynamic MoE),1.1263,8.0539,0.5346,0.0,122.7,9.058811632552969e-06
25450,1790307814.7502592,4B (Dynamic MoE),1.1172,8.0249,0.2952,0.868,195.2,9.056789433242644e-06
25475,1790307866.7820866,4B (Dynamic MoE),1.0973,8.0197,0.23,0.0,122.0,9.05492106238425e-06
25500,1790307922.0947578,4B (Dynamic MoE),1.0561,8.03,0.2648,0.712,174.9,9.05289512574337e-06
25525,1790308033.0101612,4B (Dynamic MoE),1.0286,8.0311,0.4136,0.0,575.2,9.051023306697565e-06
25550,1790308113.8047924,4B (Dynamic MoE),1.1335,8.0191,0.3309,1.277,26.5,9.048993636316192e-06
25575,1790308186.3161736,4B (Dynamic MoE),1.1161,8.0498,0.231,0.0,580.1,9.047118372399932e-06
25600,1790308280.5908337,4B (Dynamic MoE),1.1707,8.049,0.2235,0.824,99.4,9.045084971874738e-06
25625,1790308395.3290434,4B (Dynamic MoE),1.1088,8.0409,0.2418,0.0,493.7,9.04320626641108e-06
25650,1790308489.7090466,4B (Dynamic MoE),1.0687,8.0272,0.331,1.046,145.6,9.041169139345352e-06
25675,1790308641.5226421,4B (Dynamic MoE),1.09,8.0362,0.247,0.0,840.3,9.039286995663455e-06
25700,1790308739.758244,4B (Dynamic MoE),1.0717,8.0365,0.2916,0.855,29.3,9.03724614566708e-06
25725,1790308864.3816502,4B (Dynamic MoE),1.0274,8.0627,0.2382,0.0,620.5,9.035360567102194e-06
25750,1790308978.9404685,4B (Dynamic MoE),1.1096,8.0179,0.1925,0.871,609.3,9.033315997791659e-06
25775,1790309120.7721086,4B (Dynamic MoE),1.0909,8.0351,0.292,0.0,80.8,9.031426987685122e-06
25800,1790309226.3460026,4B (Dynamic MoE),0.9576,8.0331,0.3269,0.766,75.1,9.029378702683502e-06
25825,1790309357.4678557,4B (Dynamic MoE),1.0959,8.0504,0.2364,0.0,663.6,9.02748626438273e-06
25850,1790309437.2004302,4B (Dynamic MoE),1.0865,8.0313,0.3541,0.923,523.1,9.02543426731969e-06
25875,1790309559.233479,4B (Dynamic MoE),1.1952,8.0127,0.3556,0.0,71.6,9.023538404178176e-06
25900,1790309680.343183,4B (Dynamic MoE),1.1022,8.0485,0.2352,0.833,24.7,9.021482698689952e-06
25925,1790309782.4782293,4B (Dynamic MoE),1.1206,8.0587,0.279,0.0,302.5,9.01958341406726e-06
25950,1790309992.594766,4B (Dynamic MoE),1.1183,8.0584,0.2479,0.961,265.5,9.017524003796661e-06
25975,1790310072.5848198,4B (Dynamic MoE),1.1204,8.0279,0.378,0.0,173.1,9.015621301058415e-06
26000,1790310164.395849,4B (Dynamic MoE),1.0411,8.0496,0.2372,0.696,91.5,9.013558189654819e-06
26025,1790310277.3958857,4B (Dynamic MoE),1.1577,8.0602,0.4224,0.0,490.7,9.0116520721727e-06
26050,1790310344.0544326,4B (Dynamic MoE),1.1265,8.0227,0.2296,0.926,293.9,9.009585263292041e-06
26075,1790310453.6736917,4B (Dynamic MoE),1.1522,8.0428,0.3352,0.0,935.7,9.007675734443785e-06
26100,1790310570.1053786,4B (Dynamic MoE),1.0422,8.1174,0.1934,0.646,11.6,9.005605231748547e-06
26125,1790310662.6081338,4B (Dynamic MoE),1.082,8.0319,0.3209,0.0,482.3,9.00369229491793e-06
26150,1790310782.2811775,4B (Dynamic MoE),1.1374,8.0365,0.3101,1.001,68.4,9.001618102077148e-06
26175,1790310879.706112,4B (Dynamic MoE),1.2096,8.0587,0.3506,0.0,731.3,8.999701760653987e-06
26200,1790311000.276598,4B (Dynamic MoE),1.0629,8.1244,0.4364,0.798,59.6,8.99762388134323e-06
26225,1790311143.7327797,4B (Dynamic MoE),1.1653,8.0349,0.3443,0.0,432.3,8.995704138723377e-06
26025,1790476355.3261685,4B (Dynamic MoE),1.1006,8.0579,0.3881,0.0,123.9,9.0116520721727e-06
26050,1790476408.7068958,4B (Dynamic MoE),1.1052,8.0389,0.2902,0.903,47.2,9.009585263292041e-06
26075,1790476460.7356842,4B (Dynamic MoE),1.1311,8.0173,0.2701,0.0,196.8,9.007675734443785e-06
26100,1790476513.807882,4B (Dynamic MoE),1.0631,8.0537,0.3219,0.765,238.4,9.005605231748547e-06
26125,1790476569.6780984,4B (Dynamic MoE),1.1763,8.0605,0.2015,0.0,166.0,9.00369229491793e-06
26150,1790476623.5860224,4B (Dynamic MoE),1.0516,8.0738,0.4363,0.889,126.7,9.001618102077148e-06
26175,1790476676.5554068,4B (Dynamic MoE),1.0435,8.0265,0.2041,0.0,192.2,8.999701760653987e-06
26200,1790476733.0156648,4B (Dynamic MoE),1.0802,8.0373,0.274,0.658,241.2,8.99762388134323e-06
26225,1790476790.124094,4B (Dynamic MoE),1.1229,8.0437,0.659,0.0,27.6,8.995704138723377e-06
26250,1790476839.4321449,4B (Dynamic MoE),1.0015,8.0219,0.2531,1.063,100.0,8.993622576624748e-06
26275,1790476893.743662,4B (Dynamic MoE),1.0604,8.0318,0.2529,0.0,196.8,8.99169943621008e-06
26300,1790476948.6286578,4B (Dynamic MoE),1.1151,8.0542,0.3208,0.944,304.8,8.989614195012209e-06
26325,1790477002.5215263,4B (Dynamic MoE),1.0708,8.0253,0.2949,0.0,147.3,8.987687660210625e-06
26350,1790477060.3416815,4B (Dynamic MoE),1.0937,8.026,0.3822,0.961,45.5,8.985598743608661e-06
26375,1790477111.0753896,4B (Dynamic MoE),1.2075,8.0322,0.321,0.0,202.3,8.983668817834074e-06
26400,1790477165.9121766,4B (Dynamic MoE),1.0968,8.0216,0.3227,0.808,183.9,8.98157622952968e-06
26425,1790477218.8867846,4B (Dynamic MoE),0.9997,8.0248,0.3616,0.0,121.4,8.979642916202015e-06
26450,1790477273.7909062,4B (Dynamic MoE),1.1189,8.0367,0.3434,1.09,141.4,8.97754665990336e-06
26475,1790477332.7398088,4B (Dynamic MoE),1.1808,8.047,0.4349,0.0,921.7,8.975609962448537e-06
26500,1790477383.2576728,4B (Dynamic MoE),1.0811,8.0219,0.2092,0.82,263.2,8.973510041870287e-06
26525,1790477435.0236762,4B (Dynamic MoE),1.0251,8.0391,0.1988,0.0,134.1,8.971569963720236e-06
26550,1790477489.1418748,4B (Dynamic MoE),1.1104,8.0202,0.2814,1.098,131.0,8.969466382583554e-06
26575,1790477543.9204526,4B (Dynamic MoE),1.0391,8.0139,0.3093,0.0,200.4,8.967522927176183e-06
26600,1790477601.042585,4B (Dynamic MoE),1.1089,8.0606,0.2869,0.784,275.8,8.965415689208718e-06
26625,1790477650.582313,4B (Dynamic MoE),1.0104,8.0274,0.2143,0.0,134.2,8.963468859987925e-06
26650,1790477706.869387,4B (Dynamic MoE),1.147,8.0127,0.1695,1.358,116.6,8.961357968923805e-06
26675,1790477760.5241506,4B (Dynamic MoE),1.1779,8.0098,0.3281,0.0,165.0,8.959407769339469e-06
26700,1790477816.5010095,4B (Dynamic MoE),1.0217,8.025,0.1999,0.778,206.3,8.957293228919296e-06
26725,1790477873.0623016,4B (Dynamic MoE),1.0997,8.0409,0.4116,0.0,145.8,8.955339662427262e-06
26750,1790477924.5418348,4B (Dynamic MoE),1.0524,8.0198,0.286,1.271,103.2,8.953221476398106e-06
26775,1790477979.6501822,4B (Dynamic MoE),1.0599,8.04,0.2395,0.0,166.0,8.951264546460192e-06
26800,1790478033.3019404,4B (Dynamic MoE),1.1886,8.0051,0.361,0.765,219.4,8.949142718575582e-06
26825,1790478087.3918343,4B (Dynamic MoE),1.1842,8.0123,0.4571,0.0,118.1,8.947182428659562e-06
26850,1790478145.344087,4B (Dynamic MoE),1.1133,8.0268,0.2812,1.078,150.4,8.945056962679477e-06
26875,1790478197.8836603,4B (Dynamic MoE),1.0528,8.0125,0.3459,0.0,208.1,8.943093316259082e-06
26900,1790478265.383417,4B (Dynamic MoE),1.0195,8.0696,0.371,0.761,188.4,8.940964215949955e-06
26925,1790478317.8451777,4B (Dynamic MoE),1.0795,8.0511,0.1727,0.0,125.8,8.938997216504859e-06
26950,1790478373.220012,4B (Dynamic MoE),1.0591,8.0133,0.2841,0.786,144.5,8.936864485639558e-06
26975,1790478432.4835632,4B (Dynamic MoE),1.0618,8.036,0.302,0.0,241.5,8.934894136655385e-06
27000,1790478484.4250374,4B (Dynamic MoE),1.0723,8.0751,0.3258,0.84,181.5,8.932757779013214e-06
27025,1790478546.0003834,4B (Dynamic MoE),1.1278,8.0904,0.3047,0.0,114.1,8.930784083981515e-06
27050,1790478603.2391424,4B (Dynamic MoE),1.1029,8.0416,0.3586,1.229,50.5,8.928644103348202e-06
27075,1790478657.5097306,4B (Dynamic MoE),1.1199,8.012,0.2439,0.0,280.2,8.92666706576646e-06
27100,1790478714.4296575,4B (Dynamic MoE),0.972,8.0159,0.3209,0.95,311.4,8.92452346593416e-06
27125,1790478766.9120035,4B (Dynamic MoE),1.0707,8.0311,0.2981,0.0,36.6,8.922543089305784e-06
27150,1790478819.8573134,4B (Dynamic MoE),0.9261,8.021,0.3328,0.839,130.8,8.920395874073056e-06
27175,1790478874.9609625,4B (Dynamic MoE),1.0832,8.0314,0.3608,0.0,344.2,8.91841216190737e-06
27200,1790478945.8670008,4B (Dynamic MoE),1.0471,8.1011,0.2468,0.774,229.0,8.916261335079185e-06
27225,1790479003.6716347,4B (Dynamic MoE),1.0341,8.0245,0.249,0.0,123.5,8.914274290891422e-06
27250,1790479057.7116117,4B (Dynamic MoE),1.0316,8.0171,0.1188,1.064,47.8,8.912119856279151e-06
27275,1790479110.6766217,4B (Dynamic MoE),0.9994,8.0372,0.333,0.0,151.6,8.910129483590455e-06
27300,1790479165.4765158,4B (Dynamic MoE),1.1459,8.0015,0.2774,0.806,197.3,8.907971445011858e-06
27325,1790479220.575018,4B (Dynamic MoE),1.0685,8.0146,0.3728,0.0,165.6,8.905977747349263e-06
27350,1790479278.3889709,4B (Dynamic MoE),1.0565,8.0321,0.1816,0.759,117.8,8.903816108628494e-06
27375,1790479331.8425632,4B (Dynamic MoE),1.0949,8.0265,0.2607,0.0,294.0,8.901819089524928e-06
27400,1790479386.9726572,4B (Dynamic MoE),0.9897,8.0489,0.2537,0.759,149.4,8.899653854492514e-06
27425,1790479441.900443,4B (Dynamic MoE),1.1578,8.0394,0.4787,0.0,105.7,8.897653517486794e-06
27450,1790479497.619033,4B (Dynamic MoE),1.1632,8.0333,0.1766,1.205,139.0,8.895484689979638e-06
27475,1790479557.2746682,4B (Dynamic MoE),1.0064,8.0299,0.2891,0.0,154.9,8.893481038616461e-06
27500,1790479621.046105,4B (Dynamic MoE),1.1519,8.0742,0.196,0.641,156.4,8.89130862247783e-06
27525,1790479686.6755037,4B (Dynamic MoE),1.0384,8.039,0.1956,0.0,109.6,8.88930166030776e-06
27550,1790479754.82255,4B (Dynamic MoE),1.0995,8.0172,0.4924,1.397,88.6,8.887125659387284e-06
27575,1790479824.2449675,4B (Dynamic MoE),1.0377,8.0084,0.246,0.0,210.6,8.885115389966759e-06
27600,1790479891.3802755,4B (Dynamic MoE),1.1195,8.1566,0.3985,1.219,209.6,8.882935808120415e-06
27625,1790479956.3657715,4B (Dynamic MoE),1.1176,8.0485,0.3436,0.0,149.3,8.880922235011727e-06
27650,1790480023.0055063,4B (Dynamic MoE),1.1751,8.0227,0.3212,1.104,90.1,8.878739076101841e-06
27675,1790480091.4188867,4B (Dynamic MoE),1.1475,8.0289,0.2817,0.0,173.5,8.876722202873144e-06
27700,1790480157.252634,4B (Dynamic MoE),0.9679,8.0379,0.1828,0.702,174.0,8.874535470768381e-06
27725,1790480225.530983,4B (Dynamic MoE),1.1446,8.0161,0.1666,0.0,131.3,8.872515300993669e-06
27750,1790480289.3228323,4B (Dynamic MoE),0.9196,8.0334,0.106,0.888,100.4,8.870324999569025e-06
27775,1790480355.9081204,4B (Dynamic MoE),0.9843,8.0522,0.3154,0.0,162.1,8.86830153682814e-06
27800,1790480422.215998,4B (Dynamic MoE),0.9805,8.0196,0.2634,0.842,133.2,8.866107669964937e-06
27825,1790480488.0988941,4B (Dynamic MoE),1.0562,8.0492,0.4125,0.0,89.3,8.864080917843552e-06
27850,1790480557.7460768,4B (Dynamic MoE),0.9471,8.0494,0.288,0.815,90.1,8.861883489429426e-06
27875,1790480620.9340467,4B (Dynamic MoE),1.0946,8.0495,0.2471,0.0,130.0,8.859853451519045e-06
27900,1790480690.6443162,4B (Dynamic MoE),1.0546,8.0268,0.2898,0.85,157.6,8.857652465447947e-06
27925,1790480754.6199162,4B (Dynamic MoE),1.0923,8.017,0.2754,0.0,198.3,8.8556191453459e-06
27950,1790480819.8486907,4B (Dynamic MoE),1.0953,8.0262,0.345,1.173,113.4,8.853414605518086e-06
27975,1790480888.6602378,4B (Dynamic MoE),1.0755,8.0179,0.2499,0.0,159.0,8.851378006827509e-06
28000,1790480955.0413995,4B (Dynamic MoE),1.0987,8.0285,0.1895,0.826,74.1,8.849169917149532e-06
28025,1790481028.1295707,4B (Dynamic MoE),1.197,8.0544,0.5021,0.0,103.0,8.847130043479381e-06
28050,1790481094.0686007,4B (Dynamic MoE),1.0892,8.0181,0.2646,1.06,632.4,8.844918407864082e-06
28075,1790481157.7814586,4B (Dynamic MoE),1.1252,8.0245,0.3174,0.0,177.8,8.842875262829112e-06
28100,1790481225.799736,4B (Dynamic MoE),1.0655,8.02,0.1389,0.67,155.1,8.840660085195618e-06
28125,1790481289.1988363,4B (Dynamic MoE),1.031,8.0137,0.2978,0.0,110.7,8.838613672416383e-06
28150,1790481353.582765,4B (Dynamic MoE),1.2684,8.0151,0.4719,1.426,95.1,8.836394956690096e-06
28175,1790481419.4891636,4B (Dynamic MoE),1.1207,8.0363,0.2626,0.0,82.9,8.834345279792937e-06
28200,1790481490.3725238,4B (Dynamic MoE),1.062,8.0193,0.2657,0.68,57.9,8.832123029905529e-06
28225,1790481574.6358833,4B (Dynamic MoE),1.13,8.0241,0.2791,0.0,98.6,8.830070092522576e-06
28250,1790481639.3875334,4B (Dynamic MoE),1.0973,8.0149,0.1732,0.962,121.0,8.827844312411984e-06
28275,1790481707.3629477,4B (Dynamic MoE),1.0959,8.013,0.323,0.0,44.2,8.825788118181139e-06
28300,1790481771.082062,4B (Dynamic MoE),0.9437,8.0364,0.2289,0.675,184.2,8.823558811791553e-06
28325,1790481834.8368638,4B (Dynamic MoE),1.047,8.0538,0.1726,0.0,120.4,8.821499364356495e-06
28350,1790481903.1231434,4B (Dynamic MoE),1.0186,8.0407,0.3387,0.967,113.0,8.819266535638356e-06
28375,1790481966.7700863,4B (Dynamic MoE),1.104,8.0575,0.3984,0.0,65.8,8.817203838648525e-06
28400,1790482030.82664,4B (Dynamic MoE),1.0298,8.0549,0.1681,0.681,180.2,8.814967491558513e-06
28425,1790482096.662312,4B (Dynamic MoE),1.0918,8.0328,0.3952,0.0,62.8,8.812901548669108e-06
28450,1790482161.4862714,4B (Dynamic MoE),1.1558,8.0207,0.2394,1.102,116.1,8.81066168717014e-06
28475,1790482231.512263,4B (Dynamic MoE),0.9342,8.0181,0.2704,0.0,148.2,8.808592502042115e-06
28500,1790482293.2055895,4B (Dynamic MoE),1.0923,8.0302,0.2731,0.76,184.8,8.806349130103334e-06
28525,1790482356.967226,4B (Dynamic MoE),1.0077,8.0389,0.3924,0.0,97.8,8.804276706403385e-06
28550,1790482420.9000216,4B (Dynamic MoE),1.0967,8.0277,0.3357,0.947,114.5,8.802029828000157e-06
28575,1790482486.4471276,4B (Dynamic MoE),0.9985,8.0125,0.2096,0.0,167.8,8.799954169400717e-06
28600,1790482554.0618103,4B (Dynamic MoE),1.0887,8.0549,0.3181,0.692,191.1,8.79770378851462e-06
28625,1790482613.85404,4B (Dynamic MoE),1.0296,8.0319,0.329,0.0,89.6,8.795624898693863e-06
28650,1790482679.7474291,4B (Dynamic MoE),1.019,8.0189,0.1478,0.97,90.4,8.793371019312678e-06
28675,1790482745.6418047,4B (Dynamic MoE),0.9791,8.0145,0.2907,0.0,60.4,8.791288901954493e-06
28700,1790482809.9536247,4B (Dynamic MoE),1.0677,8.0262,0.2853,0.985,175.5,8.789031528072208e-06
28725,1790482878.5174553,4B (Dynamic MoE),0.9727,8.0658,0.1356,0.0,21.4,8.786946186866213e-06
28750,1790482937.783586,4B (Dynamic MoE),1.0711,8.0376,0.2845,1.127,132.2,8.784685322483003e-06
28775,1790483001.3977532,4B (Dynamic MoE),1.0322,8.0172,0.2777,0.0,167.7,8.782596761124521e-06
28800,1790483064.994386,4B (Dynamic MoE),1.0612,8.2342,0.3857,1.031,151.9,8.780332410246751e-06
28825,1790483128.0218995,4B (Dynamic MoE),0.9914,8.0463,0.1806,0.0,79.6,8.778240632436816e-06
28850,1790483192.155496,4B (Dynamic MoE),0.9678,8.0073,0.2575,0.936,141.9,8.775972799077022e-06
28875,1790483258.7485363,4B (Dynamic MoE),1.1015,8.0539,0.4266,0.0,54.7,8.773877808522367e-06
28900,1790483321.460679,4B (Dynamic MoE),1.0729,8.0598,0.3829,1.299,173.2,8.77160649669926e-06
28925,1790483383.2972126,4B (Dynamic MoE),1.0326,8.0366,0.3714,0.0,73.6,8.76950829711231e-06
28950,1790483451.1154776,4B (Dynamic MoE),1.1173,8.0069,0.1128,1.098,174.8,8.76723351085077e-06
28975,1790483515.9150748,4B (Dynamic MoE),1.0138,8.0211,0.2468,0.0,167.8,8.765132105949637e-06
29000,1790483574.3073602,4B (Dynamic MoE),1.0263,8.0349,0.1535,0.738,181.5,8.762853849280692e-06
29025,1790483643.6709838,4B (Dynamic MoE),1.0833,8.0257,0.2714,0.0,121.7,8.760749242789168e-06
29050,1790483718.4858952,4B (Dynamic MoE),1.0127,8.0276,0.2394,0.845,113.4,8.758467519750003e-06
29075,1790483780.48339,4B (Dynamic MoE),1.0879,8.0342,0.3223,0.0,130.6,8.756359715397552e-06
29100,1790483845.4076898,4B (Dynamic MoE),1.072,8.0702,0.2354,0.955,193.1,8.75407453003149e-06
29125,1790483901.9963903,4B (Dynamic MoE),1.0084,8.0244,0.2689,0.0,170.4,8.751963531553247e-06
29150,1790483963.6267061,4B (Dynamic MoE),0.9059,8.019,0.143,0.753,106.6,8.749674887909748e-06
29175,1790484023.8309686,4B (Dynamic MoE),1.0094,8.0385,0.3805,0.0,179.8,8.747560699046501e-06
29200,1790484085.8622098,4B (Dynamic MoE),1.1214,8.0374,0.2771,0.991,161.5,8.745268601181156e-06
29225,1790484151.418999,4B (Dynamic MoE),1.092,8.0177,0.2451,0.0,26.2,8.743151225679353e-06
29250,1790484207.944613,4B (Dynamic MoE),1.0054,8.0181,0.3143,1.246,139.0,8.740855677653868e-06
29275,1790484268.1806202,4B (Dynamic MoE),1.068,8.0293,0.223,0.0,163.1,8.738735119265602e-06
29300,1790484329.2020516,4B (Dynamic MoE),0.9928,8.0423,0.1614,0.725,188.0,8.736436125147802e-06
29325,1790484389.4961078,4B (Dynamic MoE),1.0285,8.0381,0.395,0.0,142.5,8.734312387630806e-06
29350,1790484451.3155007,4B (Dynamic MoE),1.0096,8.0335,0.3132,0.792,127.0,8.732009951494617e-06
29375,1790484508.7169025,4B (Dynamic MoE),1.1109,8.0473,0.3261,0.0,152.6,8.729883038612259e-06
29400,1790484572.9778495,4B (Dynamic MoE),1.0226,8.0499,0.3113,0.84,175.3,8.727577164537713e-06
29425,1790484634.101381,4B (Dynamic MoE),1.121,8.0252,0.3812,0.0,116.0,8.725447080058984e-06
29450,1790484697.6921747,4B (Dynamic MoE),1.0564,8.019,0.2341,0.875,37.7,8.723137772132205e-06
29475,1790484760.3302479,4B (Dynamic MoE),1.0464,8.0344,0.1824,0.0,155.2,8.721004519831719e-06
29500,1790484819.9682827,4B (Dynamic MoE),1.125,8.0245,0.2148,0.739,171.7,8.718691782144908e-06
29525,1790484971.4218946,4B (Dynamic MoE),0.9943,8.0471,0.3709,0.0,598.4,8.716555365802892e-06
29550,1790485033.7078056,4B (Dynamic MoE),0.955,8.0472,0.2133,0.831,453.2,8.714239202454338e-06
29575,1790485206.5004873,4B (Dynamic MoE),1.0006,8.0381,0.2389,0.0,375.7,8.712099625856627e-06
29600,1790485286.2490015,4B (Dynamic MoE),1.0459,8.036,0.2035,0.902,36.0,8.70978004095068e-06
29625,1790485346.3181942,4B (Dynamic MoE),1.0226,8.0246,0.2614,0.0,554.5,8.70763730788871e-06
29650,1790485428.725867,4B (Dynamic MoE),1.0796,8.018,0.3143,1.126,502.4,8.705314305535788e-06
29675,1790485495.4355526,4B (Dynamic MoE),0.9648,8.026,0.1418,0.0,248.6,8.703168419806582e-06
29700,1790485581.1590478,4B (Dynamic MoE),1.0573,8.0289,0.4499,0.947,48.1,8.700842004123163e-06
29725,1790485643.4525025,4B (Dynamic MoE),1.0474,8.0133,0.3507,0.0,598.1,8.69869296952934e-06
29750,1790485714.8666816,4B (Dynamic MoE),0.9217,8.0298,0.2475,1.06,474.5,8.69636314463794e-06
29775,1790485795.5565429,4B (Dynamic MoE),0.9685,8.0277,0.2797,0.0,277.9,8.69421096498769e-06
29800,1790485891.285162,4B (Dynamic MoE),1.0096,8.0276,0.3066,1.059,44.8,8.691877735016878e-06
29825,1790485953.8312447,4B (Dynamic MoE),1.0942,8.0314,0.288,0.0,521.8,8.68972241412397e-06
29850,1790486020.123762,4B (Dynamic MoE),1.1033,8.018,0.2615,1.153,418.0,8.687385783208342e-06
29875,1790486091.191517,4B (Dynamic MoE),1.1705,8.0531,0.4984,0.0,368.6,8.685227324892108e-06
29900,1790486166.6155794,4B (Dynamic MoE),1.0783,8.092,0.3785,1.005,100.9,8.682887297172286e-06
29925,1790486234.2119603,4B (Dynamic MoE),0.9137,8.0156,0.2351,0.0,273.8,8.680725705257623e-06
29950,1790486308.8138835,4B (Dynamic MoE),1.0267,8.0328,0.2042,0.891,491.4,8.67838228488025e-06
29975,1790486379.3895056,4B (Dynamic MoE),1.0056,8.0226,0.3012,0.0,140.1,8.676217563197602e-06
30000,1790486459.7924917,4B (Dynamic MoE),1.1701,8.0593,0.2716,1.12,54.6,8.673870754315336e-06
30025,1790486526.6566195,4B (Dynamic MoE),1.0464,8.0261,0.271,0.0,428.8,8.671702906700697e-06
30050,1790486592.9855692,4B (Dynamic MoE),1.1478,8.0153,0.3784,0.954,273.7,8.669352713472197e-06
30075,1790486662.766231,4B (Dynamic MoE),0.9912,8.0183,0.2305,0.0,249.7,8.667181743767095e-06
30100,1790486738.8150046,4B (Dynamic MoE),1.0331,8.0188,0.2475,0.766,81.7,8.664828170357018e-06
30125,1790486842.1792145,4B (Dynamic MoE),1.0562,8.0302,0.4434,0.0,353.9,8.662654082408522e-06
30150,1790486919.5466895,4B (Dynamic MoE),1.0845,8.0332,0.4551,1.077,366.0,8.660297132987513e-06
30175,1790487010.9284403,4B (Dynamic MoE),0.9353,8.0456,0.1804,0.0,627.6,8.65811993064821e-06
30200,1790487086.3197596,4B (Dynamic MoE),1.0607,8.0373,0.2231,0.899,66.7,8.6557596093929e-06
30225,1790487154.2659802,4B (Dynamic MoE),1.0466,8.0288,0.2209,0.0,513.1,8.6535792965209e-06
30250,1790487213.7962651,4B (Dynamic MoE),1.0291,8.0171,0.3468,0.959,159.4,8.651215607613891e-06
30275,1790487290.2829638,4B (Dynamic MoE),1.0464,8.0545,0.1787,0.0,657.5,8.649032188072816e-06
30300,1790487355.0297997,4B (Dynamic MoE),0.9981,8.0052,0.1707,0.808,119.5,8.646665135702683e-06
30325,1790487431.5050988,4B (Dynamic MoE),1.0213,8.0296,0.1887,0.0,592.3,8.644478613361656e-06
30350,1790487494.5795877,4B (Dynamic MoE),0.9365,8.0123,0.2292,0.794,130.4,8.642108201722933e-06
30375,1790487565.5660348,4B (Dynamic MoE),1.0315,8.031,0.2637,0.0,249.2,8.639918580456579e-06
30400,1790487643.8210592,4B (Dynamic MoE),1.0137,8.0311,0.2224,0.733,30.8,8.637544813749747e-06
30425,1790487719.599751,4B (Dynamic MoE),1.1003,8.0335,0.4368,0.0,500.6,8.635352097438183e-06
30450,1790487790.7861848,4B (Dynamic MoE),0.9907,8.037,0.2597,1.009,483.0,8.632974979869673e-06
30475,1790487862.9495757,4B (Dynamic MoE),1.1,8.0326,0.2608,0.0,876.4,8.630779172398501e-06
30500,1790487953.79547,4B (Dynamic MoE),0.9832,8.0265,0.2362,0.672,90.1,8.62839870818068e-06
30525,1790488022.3461335,4B (Dynamic MoE),0.9764,8.0431,0.2858,0.0,224.2,8.626199813440974e-06
30550,1790488098.4479988,4B (Dynamic MoE),1.039,8.0144,0.2042,1.025,477.8,8.623816006792148e-06
30575,1790488178.6364233,4B (Dynamic MoE),0.9443,8.0253,0.2546,0.0,262.2,8.621614028680457e-06
30600,1790488250.9032836,4B (Dynamic MoE),1.0135,8.0503,0.492,0.879,54.8,8.619226883824841e-06
30625,1790488316.4235377,4B (Dynamic MoE),1.0627,8.0291,0.3256,0.0,636.1,8.617021826243179e-06
30650,1790488397.3848054,4B (Dynamic MoE),0.9827,8.0197,0.3805,1.088,465.3,8.614631347410913e-06
30675,1790488463.8202527,4B (Dynamic MoE),1.0861,8.0257,0.3501,0.0,760.7,8.612423214266749e-06
30700,1790488536.6020143,4B (Dynamic MoE),0.9578,8.1041,0.2918,0.914,28.6,8.610029405693877e-06
30725,1790488600.222206,4B (Dynamic MoE),1.0309,8.0382,0.1206,0.0,387.7,8.607818200900133e-06
30750,1790488680.2718182,4B (Dynamic MoE),0.992,8.0178,0.2148,0.906,559.7,8.605421066828599e-06
30775,1790488743.8544781,4B (Dynamic MoE),1.0956,8.0435,0.3285,0.0,275.6,8.603206794303636e-06
30800,1790488813.7929535,4B (Dynamic MoE),1.0586,8.0324,0.2836,0.705,80.5,8.60080633898128e-06
30825,1790488884.2107513,4B (Dynamic MoE),0.954,8.0456,0.1296,0.0,261.2,8.598589002648898e-06
30850,1790488955.751488,4B (Dynamic MoE),0.9879,8.013,0.2339,1.007,323.3,8.596185230329444e-06
30875,1790489009.9037097,4B (Dynamic MoE),0.9776,8.0285,0.2572,0.0,97.2,8.593964834118869e-06
30900,1790489089.2509828,4B (Dynamic MoE),1.0425,8.0124,0.2368,0.936,127.0,8.591557749061921e-06
30925,1790489169.9213398,4B (Dynamic MoE),1.0974,8.03,0.4378,0.0,374.8,8.589334296907805e-06
30950,1790489239.7038925,4B (Dynamic MoE),0.9532,8.0268,0.2811,1.063,387.6,8.586923903378831e-06
30975,1790489310.3343654,4B (Dynamic MoE),1.0362,8.0664,0.3353,0.0,279.4,8.584697399221237e-06
31000,1790489376.5008283,4B (Dynamic MoE),1.1136,8.1113,0.2425,1.213,85.0,8.582283701491576e-06
31025,1790489449.3936815,4B (Dynamic MoE),1.0066,8.0486,0.3207,0.0,249.7,8.580054149275983e-06
31050,1790489526.870354,4B (Dynamic MoE),0.8903,8.0164,0.0851,0.861,130.5,8.577637151622821e-06
31075,1790489591.5700607,4B (Dynamic MoE),1.0726,8.0114,0.2914,0.0,784.8,8.575404555300103e-06
31100,1790489649.9922996,4B (Dynamic MoE),0.9955,8.0403,0.1637,0.919,99.6,8.57298426200648e-06
31125,1790489719.5076826,4B (Dynamic MoE),0.9699,8.0203,0.3538,0.0,622.9,8.570748625532904e-06
31150,1790489787.7053547,4B (Dynamic MoE),0.9934,8.0179,0.3166,1.152,132.5,8.568325040887697e-06
31175,1790489869.7545462,4B (Dynamic MoE),1.0356,8.0325,0.1198,0.0,269.2,8.566086368224922e-06
31200,1790489953.1055095,4B (Dynamic MoE),0.9959,8.0171,0.256,0.884,48.1,8.563659496522843e-06
31225,1790490014.3675213,4B (Dynamic MoE),1.066,8.0447,0.2529,0.0,452.9,8.561417791637904e-06
31250,1790490095.2184687,4B (Dynamic MoE),0.9946,8.0198,0.1708,0.976,403.8,8.558987637179488e-06
31275,1790490171.1547003,4B (Dynamic MoE),0.9919,8.0078,0.3348,0.0,272.0,8.556742904044797e-06
31300,1790490240.9626906,4B (Dynamic MoE),0.9669,8.1087,0.2037,0.715,37.7,8.554309471136393e-06
31325,1790490310.3087552,4B (Dynamic MoE),0.8989,8.0307,0.5395,0.0,161.0,8.552061713729727e-06
31350,1790490371.927365,4B (Dynamic MoE),1.0137,8.0219,0.147,1.338,453.0,8.5496250066835e-06
31375,1790490437.770345,4B (Dynamic MoE),0.9565,8.0236,0.2341,0.0,276.4,8.547374228987994e-06
31400,1790490507.1078866,4B (Dynamic MoE),1.0724,8.0703,0.3158,0.781,64.2,8.544934252121908e-06
31425,1790490578.103672,4B (Dynamic MoE),0.9831,8.0306,0.2182,0.0,472.2,8.542680458126049e-06
31450,1790490649.520146,4B (Dynamic MoE),1.0698,8.0117,0.3778,0.868,146.1,8.540237215763862e-06
31475,1790490711.637556,4B (Dynamic MoE),1.0402,8.0217,0.3148,0.0,176.4,8.537980409461484e-06
31500,1790490780.0738046,4B (Dynamic MoE),1.0848,8.0604,0.1844,1.147,38.3,8.535533905932739e-06
31525,1790490841.2565155,4B (Dynamic MoE),1.0758,8.0352,0.4943,0.0,612.4,8.533274091323012e-06
31550,1790490915.236201,4B (Dynamic MoE),0.9964,8.0492,0.3562,0.94,320.2,8.530824330963034e-06
31575,1790490984.7535405,4B (Dynamic MoE),1.1586,8.0111,0.2494,0.0,196.7,8.528561512050461e-06
31600,1790491062.7212594,4B (Dynamic MoE),1.1536,8.0902,0.4135,0.842,40.3,8.526108499200344e-06
31625,1790491151.5191085,4B (Dynamic MoE),1.0822,8.0334,0.3185,0.0,339.4,8.523842679994751e-06
31650,1790491203.590903,4B (Dynamic MoE),1.0835,8.0378,0.4073,1.122,135.9,8.521386419001352e-06
31675,1790491271.8954613,4B (Dynamic MoE),0.9749,8.0524,0.4618,0.0,475.6,8.519117603517881e-06
31700,1790491338.3282886,4B (Dynamic MoE),0.9854,8.0311,0.2238,0.961,111.9,8.516658098733817e-06
31725,1790491405.3746822,4B (Dynamic MoE),1.1336,8.0709,0.47,0.0,601.8,8.514386290992917e-06
31750,1790491462.6362636,4B (Dynamic MoE),0.999,8.009,0.2018,0.972,448.0,8.51192354677655e-06
31775,1790491531.64596,4B (Dynamic MoE),0.9992,8.0203,0.3264,0.0,626.7,8.509648750803979e-06
31800,1790491616.8121808,4B (Dynamic MoE),0.9533,8.0571,0.2246,0.681,147.7,8.50718277151941e-06
31825,1790491702.5855818,4B (Dynamic MoE),1.0282,8.0244,0.1786,0.0,372.9,8.504904991346216e-06
31850,1790491774.381089,4B (Dynamic MoE),0.9177,8.0455,0.1684,1.288,405.3,8.502435781363282e-06
31875,1790491851.2179036,4B (Dynamic MoE),0.9091,8.0335,0.1487,0.0,582.0,8.500155021025803e-06
31900,1790491936.724467,4B (Dynamic MoE),1.1683,8.0722,0.5017,1.746,48.0,8.497682584720065e-06
31925,1790492006.5371387,4B (Dynamic MoE),1.0246,8.0281,0.1709,0.0,574.0,8.495398848259916e-06
31950,1790492074.470805,4B (Dynamic MoE),0.9887,8.0145,0.168,1.118,403.4,8.49292319001265e-06
31975,1790492154.0066144,4B (Dynamic MoE),0.9919,8.0194,0.1703,0.0,694.3,8.490636481476729e-06
32000,1790492250.2682211,4B (Dynamic MoE),1.1572,8.0321,0.3132,0.739,24.7,8.488157605674924e-06
32025,1790492312.595932,4B (Dynamic MoE),1.1219,8.0217,0.378,0.0,557.5,8.485867929115387e-06
32050,1790492385.7420602,4B (Dynamic MoE),0.9583,8.0186,0.2955,1.038,158.9,8.483385840151731e-06
32075,1790492450.4566917,4B (Dynamic MoE),1.02,8.0227,0.3669,0.0,494.4,8.481093199625998e-06
32100,1790492521.0133605,4B (Dynamic MoE),1.0419,8.06,0.1515,0.661,56.3,8.478607901898874e-06
32125,1790492601.3893979,4B (Dynamic MoE),1.1763,8.0119,0.4673,0.0,370.5,8.476312301469614e-06
32150,1790492657.2846184,4B (Dynamic MoE),0.9978,8.0143,0.2082,1.137,397.6,8.473823799383092e-06
32175,1790492731.1127872,4B (Dynamic MoE),1.0297,8.015,0.2432,0.0,344.2,8.47152524311822e-06
32200,1790492817.2892375,4B (Dynamic MoE),1.0113,8.0159,0.266,1.036,169.9,8.469033541082046e-06
32225,1790492895.5504746,4B (Dynamic MoE),1.0422,8.0068,0.2969,0.0,348.9,8.46673203305472e-06
32250,1790492963.5642939,4B (Dynamic MoE),0.9364,8.0216,0.1953,0.941,446.6,8.46423713548431e-06
32275,1790493041.276913,4B (Dynamic MoE),1.0677,8.0281,0.182,0.0,301.4,8.46193267977291e-06
32300,1790493120.609041,4B (Dynamic MoE),0.9829,8.0525,0.2957,0.916,35.5,8.459434591089349e-06
32325,1790493196.3704472,4B (Dynamic MoE),0.9472,8.0458,0.3043,0.0,629.6,8.457127191777485e-06
32350,1790493262.4543016,4B (Dynamic MoE),1.1386,8.0161,0.2831,1.244,396.5,8.454625916407502e-06
32375,1790493326.44684,4B (Dynamic MoE),1.0038,8.012,0.3194,0.0,126.0,8.452315577584001e-06
32400,1790493402.6116834,4B (Dynamic MoE),1.0177,8.0331,0.2679,0.781,113.7,8.449811119959982e-06
32425,1790493466.7756534,4B (Dynamic MoE),1.0065,8.0291,0.314,0.0,406.7,8.447497845718872e-06
32450,1790493536.991477,4B (Dynamic MoE),0.9587,8.0271,0.3393,1.151,363.6,8.444990210278837e-06
32475,1790493609.2733223,4B (Dynamic MoE),1.1,8.0339,0.3613,0.0,551.5,8.442674004719358e-06
32500,1790493672.882002,4B (Dynamic MoE),0.9712,8.006,0.2102,0.79,192.1,8.440163195906959e-06
32525,1790493731.080215,4B (Dynamic MoE),1.0498,8.0242,0.1644,0.0,257.9,8.437844063133536e-06
32550,1790493816.5502946,4B (Dynamic MoE),1.0569,8.0216,0.3875,1.175,575.9,8.435330085398047e-06
32575,1790493897.701768,4B (Dynamic MoE),0.9338,8.0204,0.4184,0.0,322.0,8.433008029520298e-06
32600,1790494028.314848,4B (Dynamic MoE),0.9322,8.1871,0.1081,0.673,8.1,8.430490887316614e-06
32625,1790494097.2445955,4B (Dynamic MoE),1.0821,8.0413,0.2029,0.0,325.2,8.428165912449337e-06
32650,1790494158.2146218,4B (Dynamic MoE),0.9716,8.0169,0.267,1.072,290.8,8.425645610237954e-06
32675,1790494228.922702,4B (Dynamic MoE),0.9886,8.0334,0.2991,0.0,176.4,8.423317720501113e-06
32700,1790494310.8655539,4B (Dynamic MoE),0.9697,8.0632,0.2787,0.683,36.8,8.420794262748134e-06
32725,1790494376.8949606,4B (Dynamic MoE),1.0108,8.0152,0.2429,0.0,265.3,8.418463462266865e-06
32750,1790494435.839694,4B (Dynamic MoE),0.9392,8.0162,0.2893,1.08,333.2,8.415936853443976e-06
32775,1790494515.589683,4B (Dynamic MoE),0.9254,8.0141,0.2423,0.0,210.7,8.413603146348576e-06
32800,1790494598.909453,4B (Dynamic MoE),1.0216,8.0718,0.2031,0.673,38.3,8.411073390933048e-06
32825,1790494684.6715798,4B (Dynamic MoE),0.9592,8.0368,0.1774,0.0,239.0,8.408736781358957e-06
32850,1790494751.3660746,4B (Dynamic MoE),0.9633,8.0298,0.2481,0.988,524.3,8.406203883833646e-06
32875,1790494821.9192173,4B (Dynamic MoE),0.9322,8.0115,0.2387,0.0,135.3,8.40386437592145e-06
32900,1790494891.3165276,4B (Dynamic MoE),0.9599,8.0495,0.2288,0.727,102.4,8.40132834077477e-06
32925,1790494971.729124,4B (Dynamic MoE),1.0756,8.0481,0.5003,0.0,516.8,8.398985938670189e-06
32950,1790495034.9139931,4B (Dynamic MoE),0.9778,8.0304,0.2142,1.214,145.5,8.39644677039612e-06
32975,1790495100.9314866,4B (Dynamic MoE),0.9972,8.0297,0.3311,0.0,608.8,8.394101478250007e-06
33000,1790495240.6107383,4B (Dynamic MoE),1.0077,8.0737,0.2773,0.912,65.6,8.391559181348081e-06
33025,1790495324.7758343,4B (Dynamic MoE),1.0542,8.0545,0.5207,0.0,546.1,8.389211003316408e-06
33050,1790495395.07221,4B (Dynamic MoE),1.0238,8.0148,0.2071,0.91,333.6,8.386665582291697e-06
33075,1790495459.0921214,4B (Dynamic MoE),0.9531,8.0167,0.1995,0.0,130.6,8.384314522535549e-06
33100,1790495536.9708147,4B (Dynamic MoE),1.0263,8.0504,0.4692,1.055,36.1,8.381765981898662e-06
33125,1790495603.5305753,4B (Dynamic MoE),0.8957,8.0201,0.0959,0.0,479.8,8.379412044584232e-06
33150,1790495677.1858623,4B (Dynamic MoE),1.0433,8.0237,0.1354,0.881,465.3,8.37686038885131e-06
33175,1790495740.0915244,4B (Dynamic MoE),0.9505,8.0156,0.1973,0.0,243.4,8.374503578149891e-06
33200,1790495834.0499537,4B (Dynamic MoE),0.9383,8.0272,0.3052,0.941,34.0,8.371948811842589e-06
33225,1790495902.0280526,4B (Dynamic MoE),1.031,8.0128,0.3726,0.0,253.4,8.369589131930564e-06
33250,1790495963.8055696,4B (Dynamic MoE),1.0959,8.0403,0.4839,1.174,107.0,8.367031259576057e-06
33275,1790496035.556142,4B (Dynamic MoE),0.9667,8.0318,0.2636,0.0,259.0,8.364668714634891e-06
33300,1790496108.4166303,4B (Dynamic MoE),1.0334,8.0457,0.2071,0.63,39.4,8.362107740765852e-06
33325,1790496166.922323,4B (Dynamic MoE),0.9664,8.0377,0.2192,0.0,510.0,8.359742334982093e-06
33350,1790496241.749113,4B (Dynamic MoE),1.0043,8.0185,0.2895,0.862,420.2,8.357178264136691e-06
33375,1790496305.0227146,4B (Dynamic MoE),0.9205,8.0485,0.2186,0.0,274.6,8.354810001701954e-06
33400,1790496374.2570488,4B (Dynamic MoE),0.9985,8.034,0.2173,0.733,50.6,8.352242838423848e-06
33425,1790496443.3275747,4B (Dynamic MoE),0.9474,8.0382,0.2509,0.0,591.8,8.349871723534808e-06
33450,1790496501.795781,4B (Dynamic MoE),0.969,8.0154,0.1812,0.853,412.9,8.347301472373137e-06
33475,1790496570.2156107,4B (Dynamic MoE),0.9706,8.0315,0.2627,0.0,831.7,8.344927509231528e-06
33500,1790496634.3465345,4B (Dynamic MoE),1.0325,8.0359,0.2512,1.087,110.2,8.342354174740902e-06
33525,1790496702.8484554,4B (Dynamic MoE),1.0806,8.0455,0.3065,0.0,563.5,8.3399773675535e-06
33550,1790496776.9042027,4B (Dynamic MoE),1.0355,8.0555,0.4168,1.325,511.6,8.337400954293994e-06
33575,1790496857.7194903,4B (Dynamic MoE),1.0154,8.0346,0.3236,0.0,244.8,8.335021307272616e-06
33600,1790496934.2215338,4B (Dynamic MoE),1.0501,8.0199,0.3368,0.794,147.2,8.33244181980976e-06
33625,1790497001.1309373,4B (Dynamic MoE),0.9264,8.0325,0.2007,0.0,421.6,8.33005933717126e-06
33650,1790497057.1866708,4B (Dynamic MoE),1.003,8.022,0.3322,0.926,343.4,8.327476780076032e-06
33675,1790497125.395208,4B (Dynamic MoE),0.9531,8.022,0.3251,0.0,196.4,8.32509146604228e-06
33700,1790497194.7218356,4B (Dynamic MoE),1.0362,8.1751,0.3578,1.168,31.3,8.322505843891098e-06
33725,1790497263.927987,4B (Dynamic MoE),0.9906,8.0132,0.2563,0.0,616.1,8.320117702688992e-06
33750,1790497329.2354639,4B (Dynamic MoE),1.0398,8.0285,0.3749,1.076,497.6,8.317529020063702e-06
33775,1790497412.8461127,4B (Dynamic MoE),1.0795,8.0485,0.4641,0.0,804.5,8.315138055925145e-06
33800,1790497473.8846374,4B (Dynamic MoE),0.9127,8.0285,0.1561,0.703,62.9,8.31254631741302e-06
33825,1790497541.258433,4B (Dynamic MoE),0.9954,8.0476,0.3031,0.0,331.5,8.310152534574915e-06
33850,1790497606.956379,4B (Dynamic MoE),0.9313,8.0273,0.1739,1.142,386.2,8.307557744768642e-06
33875,1790497684.293193,4B (Dynamic MoE),0.9528,8.0265,0.2446,0.0,677.1,8.30516114747289e-06
33900,1790497755.52299,4B (Dynamic MoE),1.0007,8.0925,0.2819,1.0,33.9,8.302563310970563e-06
33925,1790497822.5159109,4B (Dynamic MoE),1.0079,8.0197,0.4126,0.0,553.4,8.30016390346405e-06
33950,1790497911.0458272,4B (Dynamic MoE),1.0068,8.0072,0.2178,1.13,235.8,8.297563024869164e-06
33975,1790497985.3579752,4B (Dynamic MoE),0.9556,8.0147,0.2693,0.0,628.0,8.295160811403757e-06
34000,1790498054.150124,4B (Dynamic MoE),1.0008,8.0472,0.2689,0.832,45.1,8.292556895325195e-06
34025,1790498127.7143497,4B (Dynamic MoE),0.952,8.0352,0.2804,0.0,575.0,8.290151880157733e-06
34050,1790498247.4057581,4B (Dynamic MoE),0.9246,8.0198,0.2556,1.056,382.7,8.28754493120976e-06
34075,1790498400.0295126,4B (Dynamic MoE),0.9821,8.032,0.1953,0.0,910.8,8.28513711860205e-06
34100,1790498479.6279504,4B (Dynamic MoE),1.0108,8.0235,0.3505,0.901,73.1,8.282527141404308e-06
34125,1790498536.5761602,4B (Dynamic MoE),1.0284,8.0327,0.254,0.0,596.9,8.28011653562311e-06
34150,1790498594.6484213,4B (Dynamic MoE),1.0633,8.0114,0.2974,0.935,515.2,8.277503534800604e-06
34175,1790498656.2692735,4B (Dynamic MoE),0.9571,8.0102,0.2546,0.0,174.9,8.275090140117627e-06
34200,1790498712.3738213,4B (Dynamic MoE),0.9892,8.0599,0.1996,0.718,140.7,8.272474120300726e-06
34225,1790498772.1502447,4B (Dynamic MoE),0.99,8.0195,0.1704,0.0,526.6,8.270057940992626e-06
34250,1790498827.5243347,4B (Dynamic MoE),0.9741,8.0132,0.2627,1.118,127.5,8.26743890681704e-06
34275,1790498887.814248,4B (Dynamic MoE),1.019,8.0387,0.324,0.0,221.4,8.265019947165404e-06
34300,1790498954.7149098,4B (Dynamic MoE),1.1565,8.0542,0.2975,0.808,88.6,8.262397903272192e-06
34325,1790499012.1457489,4B (Dynamic MoE),1.0145,8.0267,0.3075,0.0,362.4,8.259976167563535e-06
34350,1790499066.8830783,4B (Dynamic MoE),0.9665,8.0259,0.1919,1.135,567.0,8.257351118599086e-06
34375,1790499123.7884576,4B (Dynamic MoE),0.9542,8.0241,0.2797,0.0,103.0,8.254926611124841e-06
34400,1790499185.4739532,4B (Dynamic MoE),0.9898,8.0199,0.1805,0.84,128.0,8.252298561740868e-06
34425,1790499246.5046966,4B (Dynamic MoE),1.0152,8.0271,0.2479,0.0,22.5,8.249871286797381e-06
34450,1790499300.8516972,4B (Dynamic MoE),1.0027,8.0492,0.193,1.26,53.1,8.247240241650918e-06
34475,1790499355.9704304,4B (Dynamic MoE),1.0256,8.0246,0.2214,0.0,201.6,8.244810203539439e-06
34500,1790499416.8381202,4B (Dynamic MoE),0.9885,8.0652,0.24,0.76,113.9,8.242176167292827e-06
34525,1790499476.6920063,4B (Dynamic MoE),1.1144,8.016,0.383,0.0,395.7,8.2397433703195e-06
34550,1790499533.7526226,4B (Dynamic MoE),1.1036,8.0137,0.247,1.04,171.0,8.237106347640378e-06
34575,1790499586.7206564,4B (Dynamic MoE),0.9564,8.0495,0.3252,0.0,123.7,8.23467079611624e-06
34600,1790499648.9794834,4B (Dynamic MoE),1.0024,8.0396,0.2524,0.682,89.8,8.232030791677544e-06
34625,1790499704.6404307,4B (Dynamic MoE),0.9264,8.0218,0.1922,0.0,481.4,8.229592489918508e-06
34650,1790499762.1223063,4B (Dynamic MoE),1.0012,8.0391,0.3109,1.019,125.0,8.226949508398451e-06
34675,1790499822.830035,4B (Dynamic MoE),1.0768,8.0279,0.3304,0.0,204.0,8.22450846072531e-06
34700,1790499880.4952192,4B (Dynamic MoE),1.0506,8.0172,0.2905,1.291,129.1,8.221862506807386e-06
34725,1790499937.3980353,4B (Dynamic MoE),0.95,8.0253,0.3254,0.0,570.9,8.219418717545798e-06
34750,1790499992.3726432,4B (Dynamic MoE),1.0375,8.0465,0.2812,1.209,156.7,8.216769795918764e-06
34775,1790500051.406876,4B (Dynamic MoE),0.9725,8.0251,0.3713,0.0,192.2,8.214323269399237e-06
34800,1790500116.5518527,4B (Dynamic MoE),1.0221,8.0683,0.2565,0.843,79.6,8.211671384757114e-06
34825,1790500166.8529723,4B (Dynamic MoE),0.9948,8.0363,0.4955,0.0,254.3,8.209222125315016e-06
34850,1790500224.85362,4B (Dynamic MoE),1.0077,8.0052,0.1368,1.111,568.7,8.206567282357071e-06
34875,1790500281.8821864,4B (Dynamic MoE),1.0014,8.0123,0.1946,0.0,146.7,8.204115294332608e-06
34900,1790500343.5182643,4B (Dynamic MoE),0.8873,8.0333,0.1896,0.816,86.0,8.201457497763355e-06
34925,1790500402.8483348,4B (Dynamic MoE),1.1054,8.0334,0.4804,0.0,559.1,8.199002785501568e-06
34950,1790500455.3738365,4B (Dynamic MoE),1.0246,8.0267,0.477,1.085,318.0,8.196342040030751e-06
34975,1790500512.9083712,4B (Dynamic MoE),1.0811,8.0137,0.2631,0.0,180.0,8.193884607881513e-06
35000,1790500573.4569073,4B (Dynamic MoE),0.9616,8.0226,0.1328,0.659,103.1,8.191220918224102e-06
35025,1790500639.5592072,4B (Dynamic MoE),0.8993,8.0312,0.1279,0.0,188.0,8.1887607705421e-06
35050,1790500699.2331116,4B (Dynamic MoE),0.9274,8.0148,0.2013,1.329,540.9,8.186094141418284e-06
35075,1790500750.9941523,4B (Dynamic MoE),0.9414,8.0658,0.2819,0.0,203.1,8.18363128256302e-06
35100,1790500811.3147724,4B (Dynamic MoE),1.0631,8.0342,0.472,1.113,90.6,8.180961718698194e-06
35125,1790500866.6412482,4B (Dynamic MoE),0.885,8.0171,0.2601,0.0,576.4,8.178496153033978e-06
35150,1790500926.931306,4B (Dynamic MoE),0.969,8.0271,0.2223,1.308,453.5,8.17582365915874e-06
35175,1790500987.7676444,4B (Dynamic MoE),1.0573,8.0507,0.3005,0.0,199.2,8.173355391054672e-06
35200,1790501045.8244014,4B (Dynamic MoE),0.9551,8.0711,0.2425,0.895,86.6,8.170679971904813e-06
35225,1790501100.3024476,4B (Dynamic MoE),1.0082,8.0589,0.3747,0.0,494.0,8.168209005734781e-06
35250,1790501158.2933636,4B (Dynamic MoE),0.9733,8.0117,0.3033,0.931,531.4,8.165530666051275e-06
35275,1790501216.6461039,4B (Dynamic MoE),1.0524,8.0228,0.1504,0.0,171.5,8.163057006193958e-06
35300,1790501274.723464,4B (Dynamic MoE),1.0322,8.0374,0.3,0.855,129.3,8.16037575072295e-06
35325,1790501331.9540052,4B (Dynamic MoE),1.07,8.0423,0.2961,0.0,489.0,8.157899401561789e-06
35350,1790501390.8667793,4B (Dynamic MoE),0.9961,8.0242,0.3029,1.35,563.2,8.155215235054598e-06
35375,1790501450.0934913,4B (Dynamic MoE),1.0297,8.0428,0.3348,0.0,57.0,8.152736200977805e-06
35400,1790501505.793636,4B (Dynamic MoE),0.9392,8.0353,0.3435,0.804,106.0,8.150049128190904e-06
35425,1790501567.1183882,4B (Dynamic MoE),1.0258,8.0268,0.3473,0.0,618.2,8.147567413591451e-06
35450,1790501623.569233,4B (Dynamic MoE),0.9631,8.0367,0.2683,0.892,57.4,8.144877439286465e-06
35475,1790501683.3086264,4B (Dynamic MoE),1.0278,8.0137,0.2291,0.0,201.4,8.142393048562067e-06
35500,1790501741.9943051,4B (Dynamic MoE),1.0199,8.026,0.2183,0.739,81.6,8.13970017750576e-06
35525,1790501797.0303102,4B (Dynamic MoE),1.0612,8.0398,0.4585,0.0,571.3,8.137213115058883e-06
35550,1790501861.627403,4B (Dynamic MoE),0.9122,8.0229,0.1838,0.823,27.5,8.134517352023155e-06
35575,1790501913.520881,4B (Dynamic MoE),1.1526,8.0241,0.3255,0.0,127.3,8.132027622260993e-06
35600,1790501974.9338536,4B (Dynamic MoE),1.0555,8.0571,0.2057,0.931,87.4,8.129328972022866e-06
35625,1790502031.2541525,4B (Dynamic MoE),1.0375,8.0454,0.176,0.0,573.0,8.126836579357343e-06
35650,1790502089.1435976,4B (Dynamic MoE),1.0065,8.0354,0.4986,1.102,469.0,8.124135046698957e-06
35675,1790502151.28924,4B (Dynamic MoE),0.9385,8.0139,0.2789,0.0,280.3,8.121639995546714e-06
35700,1790502205.097981,4B (Dynamic MoE),0.9644,8.0279,0.2583,0.966,151.6,8.118935585255318e-06
35725,1790502264.7479858,4B (Dynamic MoE),0.9278,8.0398,0.1565,0.0,579.1,8.116437880037707e-06
35750,1790502321.2337296,4B (Dynamic MoE),0.9255,8.0251,0.2456,1.012,576.0,8.11373059690565e-06
35775,1790502376.722969,4B (Dynamic MoE),0.9832,8.0227,0.224,0.0,113.5,8.111230242048724e-06
35800,1790502440.8072972,4B (Dynamic MoE),0.9452,8.0431,0.0982,0.766,167.5,8.10852009087344e-06
35825,1790502491.320554,4B (Dynamic MoE),0.9349,8.019,0.4368,0.0,125.8,8.106017090807952e-06
35850,1790502551.2295742,4B (Dynamic MoE),1.0017,8.0215,0.2985,1.156,155.9,8.103304076391962e-06
35875,1790502609.4694989,4B (Dynamic MoE),0.9966,8.0235,0.2591,0.0,246.6,8.100798435553352e-06
35900,1790502667.9088511,4B (Dynamic MoE),0.8239,8.019,0.127,0.791,115.5,8.098082562704253e-06
35925,1790502729.4115329,4B (Dynamic MoE),0.986,8.0115,0.3483,0.0,578.1,8.095574285532636e-06
35950,1790502782.200688,4B (Dynamic MoE),0.8851,8.0116,0.1221,1.023,544.4,8.092855559063082e-06
35975,1790502843.2106094,4B (Dynamic MoE),0.9122,8.0129,0.1325,0.0,137.1,8.09034465000325e-06
36000,1790502905.4430616,4B (Dynamic MoE),1.007,8.0385,0.2015,1.084,80.6,8.08762307473096e-06
36025,1790502968.2382925,4B (Dynamic MoE),0.882,8.0132,0.1919,0.0,344.2,8.085109538232364e-06
36050,1790503027.7194767,4B (Dynamic MoE),1.0222,8.0307,0.4156,1.216,219.8,8.082385118980102e-06
36075,1790503083.1859586,4B (Dynamic MoE),0.9612,8.0432,0.2029,0.0,178.5,8.079868959496855e-06
36100,1790503142.1952934,4B (Dynamic MoE),1.0864,8.0237,0.3535,0.846,124.0,8.077141701092423e-06
36125,1790503199.9186368,4B (Dynamic MoE),0.9158,8.0077,0.2703,0.0,567.1,8.074622923083278e-06
36150,1790503257.718494,4B (Dynamic MoE),1.0037,8.018,0.2109,1.048,157.4,8.071892830359515e-06
36175,1790503318.1023927,4B (Dynamic MoE),0.9157,8.0208,0.315,0.0,184.0,8.069371438287871e-06
36200,1790503379.3656058,4B (Dynamic MoE),1.1227,8.1677,0.4972,1.128,75.9,8.066638516082632e-06
36225,1790503432.6324785,4B (Dynamic MoE),1.0707,8.0451,0.4922,0.0,621.0,8.064114514416519e-06
36250,1790503490.7608173,4B (Dynamic MoE),0.9708,8.0236,0.286,1.178,548.0,8.061378767572673e-06
36275,1790503550.9821596,4B (Dynamic MoE),0.8925,8.0183,0.2815,0.0,181.2,8.058852160784747e-06
36300,1790503613.0531917,4B (Dynamic MoE),0.9798,8.0447,0.2456,0.855,46.4,8.056113594150175e-06
36325,1790503663.3045797,4B (Dynamic MoE),0.9615,8.0343,0.1134,0.0,605.5,8.053584386717703e-06
36350,1790503723.2554176,4B (Dynamic MoE),1.0659,8.0181,0.3685,1.209,402.2,8.050843005145278e-06
36375,1790503801.0608337,4B (Dynamic MoE),0.9828,8.0539,0.2007,0.0,124.7,8.04831120155014e-06
36400,1790503863.8253195,4B (Dynamic MoE),0.9691,8.084,0.1535,0.733,99.0,8.045567009897723e-06
36425,1790503922.1081698,4B (Dynamic MoE),1.0742,8.0665,0.4596,0.0,24.5,8.0430326146264e-06
36450,1790503975.798642,4B (Dynamic MoE),0.9586,8.024,0.1954,0.865,265.0,8.040285617756833e-06
36475,1790504034.7803578,4B (Dynamic MoE),0.9061,8.1037,0.2765,0.0,192.4,8.037748635300395e-06
36500,1790504094.9153273,4B (Dynamic MoE),0.938,8.048,0.2087,0.958,100.7,8.03499883808149e-06
36525,1790504154.5677109,4B (Dynamic MoE),0.9957,8.0886,0.3903,0.0,432.7,8.032459272935594e-06
36550,1790504213.008295,4B (Dynamic MoE),0.9424,8.0146,0.1759,1.028,176.4,8.029706680240125e-06
36575,1790504266.606369,4B (Dynamic MoE),1.0187,8.0323,0.2711,0.0,191.1,8.027164536905008e-06
36600,1790504327.90756,4B (Dynamic MoE),1.0341,8.0501,0.1952,0.789,88.0,8.024409153610704e-06
36625,1790504382.7610977,4B (Dynamic MoE),0.9297,8.0502,0.3381,0.0,642.4,8.021864436591164e-06
36650,1790504441.9698062,4B (Dynamic MoE),0.9821,8.0227,0.368,1.139,165.9,8.0191062675807e-06
36675,1790504503.5033605,4B (Dynamic MoE),0.9332,8.0244,0.0815,0.0,49.7,8.0165589813861e-06
36700,1790504557.7531216,4B (Dynamic MoE),0.8352,8.0278,0.1539,0.615,76.9,8.013798031547087e-06
36725,1790504615.4486856,4B (Dynamic MoE),0.9933,8.0281,0.5126,0.0,334.0,8.011248180691345e-06
36750,1790504670.415641,4B (Dynamic MoE),0.9696,8.0368,0.3147,0.844,175.1,8.008484454916316e-06
36775,1790504733.1786153,4B (Dynamic MoE),0.945,8.0499,0.2922,0.0,203.6,8.00593204391789e-06
36800,1790504797.517339,4B (Dynamic MoE),0.8726,8.0514,0.1451,0.741,117.8,8.003165547104306e-06
36825,1790504848.9347131,4B (Dynamic MoE),1.0731,8.0468,0.2223,0.0,371.1,8.000610580486193e-06
36850,1790504907.1445434,4B (Dynamic MoE),1.0585,8.0224,0.3185,0.991,138.9,7.997841317536421e-06
36875,1790504963.476487,4B (Dynamic MoE),1.03,8.0101,0.221,0.0,176.9,7.995283799826146e-06
36900,1790505025.8787649,4B (Dynamic MoE),1.0472,8.0264,0.1568,0.98,75.2,7.992511775647454e-06
36925,1790505089.6624444,4B (Dynamic MoE),1.0191,8.0254,0.3951,0.0,279.2,7.989951711377064e-06
36950,1790505138.3168268,4B (Dynamic MoE),1.0327,8.0135,0.2925,0.983,128.6,7.987176930881614e-06
36975,1790505199.631171,4B (Dynamic MoE),0.9675,8.0172,0.3068,0.0,171.6,7.98461432458767e-06
37000,1790505261.7372136,4B (Dynamic MoE),1.0122,8.0432,0.2803,0.839,104.9,7.981836792692508e-06
37025,1790505323.6847444,4B (Dynamic MoE),0.8714,8.0254,0.1418,0.0,502.9,7.97927164891607e-06
37050,1790505385.2388809,4B (Dynamic MoE),0.8223,8.0198,0.2208,0.947,185.9,7.976491370543119e-06
37075,1790505444.9298108,4B (Dynamic MoE),0.901,8.0166,0.1097,0.0,36.9,7.973923693829749e-06
37100,1790505525.1634188,4B (Dynamic MoE),1.0291,8.0736,0.1903,0.825,120.5,7.971140673905798e-06
37125,1790505583.846967,4B (Dynamic MoE),0.996,8.0224,0.223,0.0,556.0,7.968570468805541e-06
37150,1790505644.83673,4B (Dynamic MoE),0.9915,8.0175,0.2179,1.085,212.5,7.965784712262238e-06
37175,1790505704.1286829,4B (Dynamic MoE),0.935,8.0229,0.1647,0.0,132.6,7.963211983329626e-06
37200,1790505769.1906207,4B (Dynamic MoE),0.9376,8.0146,0.1471,0.841,128.0,7.960423495103467e-06
37225,1790505820.68408,4B (Dynamic MoE),0.9571,8.0253,0.3626,0.0,598.2,7.957848246897502e-06
37250,1790505879.217787,4B (Dynamic MoE),1.1193,8.0198,0.3161,1.23,111.0,7.95505703192982e-06
37275,1790505938.5431087,4B (Dynamic MoE),1.0194,8.0504,0.3667,0.0,146.2,7.952479269013966e-06
37300,1790506002.5447423,4B (Dynamic MoE),0.9209,8.033,0.2012,0.728,103.3,7.949685332250935e-06
37325,1790506058.8513532,4B (Dynamic MoE),0.9603,8.0403,0.2954,0.0,478.2,7.947105059193115e-06
37350,1790506112.4774187,4B (Dynamic MoE),1.0997,8.0273,0.3328,1.353,470.0,7.944308405585726e-06
37375,1790506170.2537668,4B (Dynamic MoE),0.9435,8.0167,0.2029,0.0,136.6,7.941725626958306e-06
37400,1790506230.177697,4B (Dynamic MoE),1.1209,8.0726,0.3041,0.961,133.4,7.938926261462366e-06
37425,1790506290.080371,4B (Dynamic MoE),1.037,8.0162,0.2591,0.0,377.7,7.93634098184216e-06
37450,1790506342.4814389,4B (Dynamic MoE),0.9337,8.0166,0.1734,0.961,597.8,7.93353890941828e-06
37475,1790506399.406059,4B (Dynamic MoE),0.9223,8.0228,0.3226,0.0,167.3,7.930951133386527e-06
37500,1790506459.1904619,4B (Dynamic MoE),0.9242,8.0085,0.2802,0.752,184.7,7.928146359000117e-06
37525,1790506519.7311313,4B (Dynamic MoE),0.9223,8.026,0.2136,0.0,543.4,7.925556091142484e-06
37550,1790506581.8170729,4B (Dynamic MoE),1.0541,8.0245,0.3648,1.166,552.2,7.92274861976374e-06
37575,1790506635.071725,4B (Dynamic MoE),0.989,8.0286,0.2417,0.0,188.8,7.920155864670307e-06
37600,1790506695.5933201,4B (Dynamic MoE),1.0055,8.026,0.1979,0.602,116.3,7.917345701274208e-06
37625,1790506751.1907253,4B (Dynamic MoE),0.9789,8.0261,0.2729,0.0,622.3,7.914750463539462e-06
37650,1790506808.539941,4B (Dynamic MoE),0.9719,8.023,0.2067,0.921,109.8,7.911937613105753e-06
37675,1790506870.6079876,4B (Dynamic MoE),0.9756,8.0333,0.262,0.0,149.0,7.909339897328585e-06
37700,1790506931.5530822,4B (Dynamic MoE),0.8971,8.0343,0.1176,0.866,48.5,7.906524364841771e-06
37725,1790506983.137346,4B (Dynamic MoE),0.911,8.0381,0.231,0.0,347.8,7.90392417562546e-06
37750,1790507039.7820613,4B (Dynamic MoE),0.9632,8.0209,0.1933,1.046,131.7,7.901105966074807e-06
37775,1790507097.25479,4B (Dynamic MoE),0.8743,8.0232,0.338,0.0,159.9,7.898503308027013e-06
37800,1790507159.4228492,4B (Dynamic MoE),0.9203,8.0276,0.2619,0.73,126.7,7.895682426406523e-06
37825,1790507217.2638814,4B (Dynamic MoE),0.9814,8.0672,0.2867,0.0,550.8,7.893077304139283e-06
37850,1790507274.8911638,4B (Dynamic MoE),0.9411,8.0226,0.2344,1.052,34.3,7.890253755447699e-06
37875,1790507332.6262565,4B (Dynamic MoE),1.138,8.0594,0.3944,0.0,51.3,7.887646173577418e-06
37900,1790507391.2115278,4B (Dynamic MoE),0.9413,8.0489,0.2867,0.677,71.4,7.884819962818202e-06
37925,1790507448.92367,4B (Dynamic MoE),0.9011,8.0168,0.1932,0.0,605.3,7.882209925965642e-06
37950,1790507504.0615187,4B (Dynamic MoE),1.0117,8.026,0.213,1.279,586.3,7.87938105814698e-06
37975,1790507565.6351345,4B (Dynamic MoE),0.9589,8.019,0.2319,0.0,186.0,7.876768570937252e-06
38000,1790507624.5049512,4B (Dynamic MoE),0.9217,8.0177,0.1361,0.601,64.3,7.873937051072035e-06
38025,1790507683.8718312,4B (Dynamic MoE),0.9548,8.0208,0.3013,0.0,184.7,7.871322118134596e-06
38050,1790507739.5482922,4B (Dynamic MoE),0.9631,8.0736,0.3109,0.815,89.2,7.868487951240416e-06
38075,1790507785.9029074,4B (Dynamic MoE),0.9604,8.0251,0.1451,0.0,294.4,7.865870577209053e-06
38100,1790507840.8751354,4B (Dynamic MoE),0.9957,8.0081,0.184,0.928,396.4,7.863033768308192e-06
38125,1790507889.2551494,4B (Dynamic MoE),0.8452,8.029,0.2782,0.0,137.5,7.860413957821022e-06
38150,1790507981.4754517,4B (Dynamic MoE),0.8721,8.0364,0.2547,0.852,66.0,7.85757451194044e-06
38175,1790508065.8427792,4B (Dynamic MoE),0.9405,8.0269,0.2505,0.0,528.8,7.854952269639895e-06
38200,1790508128.039103,4B (Dynamic MoE),0.8724,8.0157,0.1661,1.193,617.3,7.852110191811232e-06
38225,1790508185.0183885,4B (Dynamic MoE),0.8966,8.0475,0.2741,0.0,874.2,7.849485522344052e-06
